n,A088714,A088713
0,1,1
1,1,1
2,3,2
3,13,6
4,69,24
5,419,118
6,2809,674
7,20353,4308
8,157199,30062
9,1281993,225266
10,10963825,1791964
11,97828031,15009118
12,907177801,131566314
13,8716049417,1201452248
14,86553001779,11389283418
15,886573220093,111761444078
16,9351927111901,1132680800640
17,101447092428243,11834071103246
18,1130357986741545,127261591139010
19,12923637003161409,1406778021294220
20,151479552582252239,15967144849210158
21,1818756036793636033,185897394076705298
22,22352727525588599201,2218113625450678468
23,281017824775376781711,27103035305160443534
24,3611753720456582992641,338895851859537052498
25,47428025077309780306353,4333558200146648419072
26,635991628189509318676051,56635625993273113313346
27,8704558532183972390314589,756058372885428225614710
28,121537872864057582951509941,10304095613676879702369944
29,1730398885463767732584562323,143296040007382447874314422
30,25110730205962120571771261417,2032450301535714928901770338
31,371250983923412640611776869793,29387891641098552266837134836
32,5589782292084280326404574774079,433001766871387761827959491006
33,85678481943339613556055025706185,6498327347296240481097272881202
34,1336395894157085185515938246759217,99295475387161647090873101891708
35,21204493853910871069911807605258095,1544206717056003323873402811626350
36,342135952092214054156986582415776521,24432512152335241839372515457703066
37,5611792541782977517369782479629979673,393153581580412319056507968703314744
38,93539679487898182985512223088256951651,6431885448009919697439539921510714842
39,1583965798710831137871075660717860228301,106943002115779313458926879932513394814
40,27240836365624684068960647163647335715053,1806615679505551718809310109848051317152
41,475656500456692437992367920464943592769507,30998799312270437132571850566071699051726
42,8430296197443127073094441924632692850987161,540083401670304211656794074924216042402978
43,151618037419579740750097213470828772563661057,9551892047742704862868676937766095536798540
44,2766328883698146335802101848073186708595075167,171439439460380223068341286311462651361725310
45,51190782555010080845331439380218733712163189441,3121829304408193372465402332765375387074871858
46,960524699796247471323988792374306208525122696129,57659778671865868491999111778851909832332381892
47,18270542001290606171535625917017372146490051570783,1079926819442846849543754289193099904608976942558
48,352225771828937287137474838699398277806727059248705,20505435414250771629752565555883215262568683003170
49,6880524231214252029751904207655223615813129943647329,394635570174430117149427413674365077011937867754304
50,136163153185408651321575786812543593038344875038513507,7696239777211475897480985400681511884699586278147138
51,2729262167165422408017861214443670536018110852498782445,152062391473972942315420840623475636740455961775132390
52,55397634042885274328585347984519602656208664308823026341,3043229219451885202234730037820534861446521049327517144
53,1138447211813913718568118406493203802542421170070103454403,61677786920940753068029393825193248108469171946821958326
54,23682540139962206518634605743610397916389100902230383312281,1265664424923985645248935164524157353974720471863651302562
55,498606362821170663446787559343294915038917469001643765767105,26291846050223551491810983520212920390880272671453834357972
56,10622440421252160580418740015725757464006030199833244236895791,552784514998065258098517388673983705911500137221154484805070
57,228956409209326000704464256069583152760565630639940656129707913,11761017967697225656775777282102752793104938044613005628428786
58,4991953640070846634912948134558315208330362745093735219611515889,253170149679427160747073194248497276963122002043654486345062492
59,110079592678081794366268909313427123847909853160794708020732709471,5512963490555976768093563444026189398648438707223648860627029182
60,2454668783942097633195966539209480013037513171583475360351268876169,121420320902911257544872549545254584627141946443366831396376002122
61,55342909905091682353333374009636532090711193128967446454826515281833,2704343877460957961257807100565460049950947901034492631865374214872
62,1261389191285392133580142803417062806955657255158789553200371230341971,60901685336548413647499914061366055390134259106633278177865856421530
63,29059692891937834927030746671446949961268883008148617214120469260459101,1386525975283639657006369644534849504717027564723106854117176485221262
64,676590972919804020285729531385990364330526479720141548259734862442969853,31907607771812325113564998166542706729951382829378611079774119299778688
65,15918228229265824178112795609569931689365759881196884443783752491757553715,742106038884764281548282670544466553109515536176223926545809130441171150
66,378388778885235473722678988367790860199465213902876116751759489098530194761,17441457449851518632074446237944895498341147747071175974172741867934574978
67,9086568580616481047708783938329548173349680800490554102829174670514930310721,414176879159157503082682541710156269607265847259357337687135933088980500428
68,220406447239043904269127560246255325121891552491034634322148540945021462676143,9936144767867918993914769454439356280928885741958133254594763411707071545358
69,5399547698698579856918425082367900672423929138765040338370522570668335669267713,240781505205643913992914014677912174332735752026957895135933677066513857940818
70,133581552708512044725989063444074100673367541354815916576019529558889984112505185,5893144368804218622465066987740647670442734461933228896794205345033280114078212
71,3336877120462176364576517860355920066139304601922472514596087365411958294301049455,145658797410290266097863951519586401343229607367090492236527870333295587646698734
72,84156644290428760791173911762689164900511666839233182117746337924163898275373368513,3635300320802020897715039848963099136093228480927736206096211852788942331525546610
73,2142605028317077352404862888702223301522552379615500899992521163101456608895090406161,91602497791117615725541248942148186840077268741548600512055157620206642646241307840
74,55062198240418285243010450516232043736665019070869724085531789453741640899051236871987,2330174846372053525119023046876565391387387862183371002298903732578170441436106669314
75,1428157171458351947838579117106042351194605568785948275392798571034856596265375714391229,59832310458586532992280660958882681245781172066844681710616837939561478890125417716566
76,37382117013502981984447470961664324371061980314254573255704093873580101091669736774981653,1550608410607430172215026544300925926335404849332927243897598669427938880542163948447192
77,987353440072560564189837872524970432252843624555727503927251916276324014866458217197562931,40554748564550036055426124097815124387852745119481610217257935156898727229155855801327990
78,26312293136596618617722529339540713902257982930850360303181390135594924327292736106861865225,1070310236635735421946460324890058278552821992915691258856593656890454818945397696574577250
79,707423480249008623316150613640686125438015938421778324131914816834890436668095321950455789281,28501139398814220626981191425139486455591163743330629316939367306824684114692156327278866804
80,19186391875131355357829847838114487095334022211696527215520118068266394929100293629939664468191,765696240673970811030350030328335952062730100111615357132007661861745098913406001892350109854
81,524879341340326927063683992323947248105333693508164691326170759574368283412647812766919557976841,20751556603192549792738585014300088638272919129922462105643113275160003682472862763509367205426
82,14482319298833313722046982271893374238446391170637660769209931270352911601121027932482252416502961,567288209176879965064708386992358870400464419397349248475008981457895470190726599794316912608124
83,402986240310164225163503447798633967607751320991738798394915701378776603806522091178215815843183503,15641402016207935617573936099769885264566920306045210863766151835997850824293794413889436907341902
84,11307786327012940764827996690373851995263637989669975391817162715169635363259445073393938536811112393,434937880755355858005059989798699543323382830209239303241886488353483110260291880923338579671568634
85,319935814884626511002217874625605137092633290058604355879157484529601040075306684076012679485975257529,12196073898328453152395763752533604573009450398749087995812059574694774584363577866959657719421354936
86,9126608122639496567735325535859029344415696673642453870587522802671376717838580649565333822657458146051,344839135442033368525879623601519607093804866363644948050414211149708782825236523316872790825126172570
87,262471021788012233939986566314894696023938624087906597141869058267814476738700423735525040782132453681325,9830598207988680243845326673595794623606983763024755567473434893439600678135705378497612248651793578782
88,7609280602510413931332334092284958529880902747120283694479277252429571437005410297876680503753000110201357,282536272204649690609857525091786852027028111934340424744093974905577649913165749311659045593805202680352
89,222362570158711661600806432512779634336893536393510650712194217536647732553962897528236396159948810059671747,8185854914711156537589474498201806437294510523445584525812503337758707203542825376938410812755108041983502
90,6549405368609186582574444237537657556812478235733513438363915397145497283894577359135170330637528434416465465,239064371060549329052772987085684368022475967358820570755559876617397192242985366947949439213271296670409826
91,194415584350145977611411026275358991725474789809146036297845297520090599740317618754400251440155101857467654145,7037084283810367609319066849960969915836068108365482322769423166511401688135117324179312678498674366198148620
92,5815899008721087456780016317423044252095073516930616193537337981760130353082934842412829189472277463961518322623,208768276516652192039320944454220123279359870474126213220863265528674289641941338935472712837528341860071258078
93,175318361109623680301811067440390617772325659910849587840514731527184550627439579453195564860292344092527652910721,6241623070263036890515213192161640276003242209761688202802930705345391613921967194288103085993859621110853656690
94,5325145832681206354329589351342459729442358493740500170897845735188806379824304994307355245677794859027763138401665,188044182755776894256106499842522242104508576859290627880039561548876049779279783715069864065605922339280601453188
95,162966579821384621506447511952045332660710778246349806798486940435873529269451381845729917897715882909231066541495743,5708477133576076334131951319941897863550803783720592743293314202636765822928539148128696193361968364228108908788414
96,5024565313189101352713826671956241859607308624052274516685647207405855119010878080103669601036330871928176701808548225,174601466826800557739415667972307510563489572067086673573650162048725810588196626981483570445033947821018515686189122
97,156063684224495690402575020064019927325094227326544587218846102082428722185072139502220642166980632264174151539001624769,5380375772856937894228101592693490526505136105712910599664562397457708796223407928397492346905907115643341990648556416
98,4882920867147782278597433544486540908951269555992655813353224772999267168577820766035468632821740638428571568409993596355,167026287640758272906303718457866969797086646934832321685710371045000962083246154545995339750214142508687472127194971010
99,153887581118122695547796789942825975460196633184331709200347134827860392420104517944805290153050371572584960840577467578061,5223186046917442367017498896323588831791852506003502717993512305701847636285604337315157751163106158816696358527185187270
100,4884786804855210072213864247225481632454874176884188895159859149133941064558011535402797685235889647264657685287203066556165,164526586695752151325260967535394621146000935288828690959852393250764386440775159865220203089368268527575084376459072360088
101,156163093752330986836351909964777834898218884544906950660323951193671669197496269889139971377328690811695134203823377445169379,5219856945786712629832669991319145303900508313698695317106760054487166233299834160529980702624653320240384618126624789485558
102,5027765651612521003882417667722613929298079659481082669626815839776732193064579356334898107012143879183199199739867850577071929,166792121581449971818132251403818400156920360241241107114311881508320304396723635411816022773050703963496418933395769865485474
103,163008043971903794765795413406192978198794626679021766018617369004756140470883313946977411976675560804415355849726411025440918529,5367349439276419289166897711210895190431219728180010786902456076584678042832132310407063479382527589230107463817185569124884436
104,5321749745410719631140404497344831707042873784135214661852559778226957103181178434175523895998484259164327357345905238441976345935,173934237653828761135758814215660379842745149600659779612469829677265856789891113499552206511774107889280902871199113914828046638
105,174938632170065606947929539139133278318759481039289434273174702186535603288671587856260191753338468484542140500774763239305625838153,5675773836174159112052151641545519685156675728474240649937900934891009982084484864409779447001493630564559814058986257338512313842
106,5789989448802369420070383383964632385271037218433968167038329861386879959587692682221993788249757429041877156148341602607864119159921,186489446658026928581626466067501835896032834478263040598838825114381860671796501427340563319937650250808803969559342229382616053212
107,192932731117273681705264312465457989002695636298533366981700833493027852872183589827037122233752936312347506501968775082187647522132223,6169463970917314723232213172586593010025358675281366279774572284813202838944861826636347269964710760413232824803586821929148636470558
108,6472109964479852550220168527731028676346458098138420765351421899511384585015153194782334847660969176810631406368634362786588999883542217,205484867455202849632991417955671404525234504814212377209311449900344039402161492823717699726043572256530615515139632534177950118147498
109,218561591626520906527484653961574600637421851147017969583268273894689322229164897761277796453985210531568218945245438310673521082710027593,6890125963364102543487913391951487398790316932029054681884117137218510328398562626785040261752985643108622807591739330304494720664135128
110,7429615250334540603451887092657957561445801444185375800194320252863298983998054629240054233127095912679363971819983028941965636125721247347,232576298860158978228385725566247544509879050582677895705045262664568311869409769084650141900766033246556965496027298637168804862852243930
111,254214460379678231645195815961581878328790836132254718184511611120459465805164936418707207714287860676127034539178383001624600323722376096445,7902621709829811993802143896902414571132512798322427320027244033820373748952749663890072704525106476889146824034752567172970964486277299246
112,8754934984209306019904737550132880336104906849638846750584076591744933405727915567374286376132123055866399401049330266423502091887654812342557,270284556469986494509438749569094787207270295317509117382823655783640505967782902958937643311872120884710199231423073710927992295054658163328
113,303460391794983013426950552457640738893356897531505740046178539296923384849629947269542175265526146760946498555416985016146637242219690411430803,9304494924716865355556454167906246280638025482575569927372100909849858160504554273335169775139469365659557180247884202903393143186797496176526
114,10585845258639434756040538562357184229904229987963863590494369881271676403573078640021377710353294335999467820233418482134055575086424092820553321,322376599090843853805847743538151585266097703875962022922004942998213371129310332028129922770089872974218544953316656556915662313432801692092482
115,371622395992303806838271924268760677746560172320774259827994302553443337398373073934719504101555793014744368771012973370044532932668755912816668481,11241164686446076612048802984326552560376358853847355412230107956411064123666451552917058946574039436565734372438476102203714964286587577329706508
116,13128337728656138103708638329497217929784893750237977180251578126675876625956901656193913139992785169757400225723237514142930274114192567512552688015,394470488237775842089463870797547794155780570943941196038555580112044280060745738179991893675898243730349073143134065998416756148661214670320476654
117,466689651603032461383364220867794005204109668763492616925913226313982976700533321623682114096235903082449633103498680481437150541939468447020254290497,13930021432959469266247275689283010756289812233301299622378513762676877405427558858917286668133586506832355686348327184397438891536959148017146816658
118,16693082525428919744659180888298937728275195688929125547025871193940576689153251861033258863831632190495919317348178424583548913897103627627836420561697,494996467109656310954215199380978194260771719139076870290969924557635688775062639776871726453878180933727493587517821838445133207541481738456228540484
119,600778712798511292512525527334650552415817164491375676101519276577804257207612277271434902627281072445442003153289229362078328324259517942523408323242063,17698838885875634199249804360102579509297225079795903795964188921889663298167286937243470426056572687520409216739110548312828780633913549496154664504910
120,21754151805321501805599700662364152630643594348994786783037983315420134752736372142959915114996570131119881444570959309948209738921242790628471315021860737,636736062340409727943903978765030950550634358490710706042613410280262762843733772698200158098411823704888046183105924516329473001798891584739956214965138
121,792500776421383914885086549668143664865587185100267655832490693708690197686230484649244088786210769577977156501567645171685816654301417893810817910962890865,23047618593479827105133955942998110683595825417056649374895873967659648857502376763481752716161316532223849501602433246538809344000225871015079315556709248
122,29044757598689637196391283382753736762222959373433135901351615888037445704532704909422301945131740309421828367551253631780135855979897557920897476135575880467,839314754268104058093219044189359529438673752879288000999678374396989108612960524971884259947532561181660901316641423992015818215918344348830712622787293378
123,1070846494632670671157739251979167175326689048236264457791118650991747908446219674333382812144433122573260313268733924354640156331323423594716226022480319664157,30749381972134243506447174494047412743277460856880009127086746969047872705711136699601467843446101280879804874330665957196146296516102398121981153074493238070
124,39715428547446558377347798166032637214789296508362040182249494281801841610044286018074722055139780102065789292707475484652892873702682308373407563472079283164789,1133291147802411725626004251062010630749219477396944966478098382586766560411527567938176936594965125875962057028062210600247432406047894459721520319202141870104
125,1481648895664945779307588419850924232794074127948663742019092566557665363179375601407857043268763001940279193706230358727230872527901130186768217365899105433269971,42016637517435410846473037624452352644615883459751817368570856237184656280151352235531202813791224224410694943180412895704031256703657635179817465642832160235830
126,55599012663681627826481851253134597813625239316563403712471144909456005792281985532586214275750224891567087548370693213179713158069404229152816448609215899342310185,1566957375094604838105041086205839772763314353325835920801203574389183709458259478740187630203008388132169627874372585218199902314440006795914413305461234701101666
127,2098488363324554720792063704412832680642192906870205195563824903084839176555967173069920508554550860892101929535102101367465571078714917701633214803497062089637482529,58780169421104265982463326782157910767184706598135816868583170790288554560670727601721017180778524320877046527507868552695071150886166292764290122015624851824745460
128,79661044611421096296682611929489426297048811411605775400268670191917457801673315648211847971244843294456921657634957142933464409153760910924250626260162383529309447551,2217809208927781824220226500045407742921260811868760711096487220059340977274702167445273950266805565032160397182592588531556330533292195725354711036172604577322966654
129,3041360252233219107996526196783714712688618554584534529773850648125997327669671978166171913112563072178538029611540637363462814201248220238500302912339530392137439518793,84162654747082403329305743981176630025963465153034773466728287459338454772297522779324564579530701830120820010667783685862985943776980928723814956595874759731129616946
130,116776353630474627663358066177821149424974954091373753789508891443911752265118505142917747090413345775660364028265767005817886962351093168139537414075073992793458507498033,3212173647715529069270905994613489949126338895584311624624769608072757734891203300524148946085778633285692911496614744133963683936933659817212167020582982136495904177020
131,4509102539191993535424097864067968958416304506772564157239302621015530853912905546360237169512960503610446654893705239413162379731179003786285140993570290067609770766594223,123295052174418536747731810782974538437970489142262205544689937022980005504817853080823000302579147443164850117556101860101995212563872782962288768444963747527634671256110
132,175088123608020775584753583332545842861790218195889769701624749393726603403545421878397312313566430950620740348352125564562615106868086722316038457666233162427815228129099657,4759291119342309374280932065786598849743374579671405588711892456187443579451284157093464207723722518953426955815842536050964905580509546314517059550744799486168907408944474
133,6836567283535928858228045421852840946735661053351200335131775175159297747470121220365721555989930229305559526866157629904037707556271724995210079367665172579035235073891232089,184744731813570393713670897649632711901997924538390198534086567577063617178335822361190737860781340444651686540538419660601286511655396808871663522518100827679757976454345016
134,268421934499059303410446940995934520255606982314301142553299491589051849294561660771993331733257270876152058239718429122149861278387407119719004259876299067390070656735925911459,7211380981221295597000471933346287557687441024801770101814355091999919885849116884276234704347638831894588277264349167175570516977294468969358579139577802563532076334655911514
135,10596936187160239451896353297747168886613038421983276993740273413819742910301971602199151403067374459908025146178056365963376221393530373746418416825163124570858641424539298831245,283051230056460604483280936461813918112955959099600070030061402246332248913263186094031432466994026175172866479228242235648581256636434329407665169507780506579882119597729803198
136,420638639331217092250810561686265328751523633900919477333626639472601396387615253362802454885401873971062740080291624478832216687229328777029722078571369929976910452460531928544045,11171095117831515350514798392683865330379925246793303388917216801050219122826009234398325252220478411044239620908365890470154005901588257666851419828469810400208090502953189651872
137,16787609967628513810581058813113458139522239601977832681170241578298609611282257003520744366406457330931422511312997162790601124326189225477421497827024202534749971066885583203447459,443296841192608048425894117153841235668351149910058985250175794533886604249702875324053684570682476501127388595716674052141322685195562896087097936104336646314377345450322203977806
138,673602953446849868191837448505229008428792751331865275116565696569496743423192344387468883606380884553791341467838126389835198179972684460219977786127001558531054501419992674603960537,17686667413509612827914172355378746396618791588739948082883102581764945836432409768377121398333471301141399805197401624289428432735667345093237067402134378737331563778787561894832162
139,27173103906333326722978302358650718459519097664665513907081262326001156507515768703024535072850948771958983933241565997864140742424386945171903195111604907014667172025468876961434686721,709470561688332137767902837874972115886002582212976473050493703508235962287224502301357959358424262004374465800100189921831713473638124106484572155328907190104319352397322800474003404
140,1101994993241103294124901229240376046943791538876571817269058458509869706810642642902347016423656670133266540145162200509081859122794966420585677555868772403669238601008994641613502648863,28611752979294953884284852019225654034944713617240068447748511505676256168282541330987822643612136572817245226806903135696571758607606024456721018387003134529175812858511532823055744318
141,44927292405439349927337948160288223077694240421098713914575310857092005108993907423430980530155173059651622264288544696957278610757054800158091526341604874718783515367706927289766819439425,1160008552171732593687034899953225450854315434804618883814190496839087156632008963504232734925808075516732118808392931573568735002896709917547261394228540127221197933530493170612746633906
142,1841265708512437488999322351044635024353859906536498010521905892322612641395615310680502344956502221438665864975425549581500700078625300056053944891778471620267085446044908184176198680378689,47279151206691918027213611676514381844862244973297236819009859275782861274312549660486191055181850005953863757385307003938183174114447069208442549033925524170106033576187535603447836658500
143,75854929463911840572620820766015738315452047870606625177046980437076335385272041863457850797336378261037531712455868191467702714995428510860139749189439333621221744259098192359816318230875167,1937114178945419892996999667642762230153005995692560006330773603605918079904423620825796604119110574973865269061749028958013933221900695167233642392994456552544546771989668298715328312198814
144,3141217400850367060908489942211101395254323196867357154882022075839084368317186271511833525255469723422919039495871680316906251524126933513437960403846008719845231742255556007224139984797098433,79781710090235038333891192070982147844448211416495853873533822615947391835337256046700660056588142128519742456936984783955077823867805359388577343260292703830252806494467438213115897603950946
145,130750970603867583473600798838685655242595348813941263526130178738556858327293750330891262134351581704074421654024545179977472039338652635541115968359760825189188974058653398783232713976062420257,3302932696006714583604568740479701110219600367665573179414753673206960058230200190165594447054517678292486019549538372324096626624838381119970315235494522959383543902842849575205878195799761088
146,5470293995288170587725351444664368074171792069829865726655263104763695359691658295949093045921300120235008788407680850081198149663482183773820264855244187280926575545622490717310010745164927569187,137445410435932365494648803102477388045802787157411716692975983898127020164184382366808889830697455307517209938509890975101276678308404355840384674635377728648562475710908900877658106925681831362
147,230028414978022042523793783882610865271495174530213375688006001462045002195408987852562522628748875671568461335244849434671949344484454307622232628075186969700546299018321454119500033615397557748141,5748849624234282100627341622113710886176232123661831478277223332910213711590250188432677723165394198406268410566108845065563368923686630220959807564156515343574238654694658074499071016428420182182
148,9721735590366934708507467338059357318191559601648757834192954772822132819728693081927008298862167711238972079378799926765354320612685760364073845239184931762874813874622337295538515713811794704237925,241678530488936287999214751807962289014490503861799844614354463734744123357681126643814271879615028253832119678071838854050510155313917877693857971573876799338155125635827625438414582297126952645208
149,412937398023052980696245694006955922796039614060382300418695487769163402617656790097464510342945258433757621911899167101935232466931668875516833833232085624915487544789241947853259209204570522795152387,10211464047732034033692260123475198503325955947725549994737037311539826813502618597716225671280420112505098291867053000498016938713140673451069790975611400650925403197606790797470063859468760400703542
150,17627449658189113167081306270030347853880080929284767152635769525725947024867518204999244966049744270385030630266998514353288819491247471533693601197530844564687911969417773484568869877448404834388482009,433628025494237686752834328592981410034094940977230585285795369635477638748086291841002809535570388065931005650935310494199198575513132368596638665315167679251562661316162823792959792974155383050140322
151,756217157806024356342699963836768130044098345332470208632495355456266919010200634798912913951101664880956231742994708988507950232641351338377062515921805202753642710351093864557220657136329386289516447809,18506010326184494574928558517837157671892777260169487427716996212227723649765199665430204552966716917493066699548479154641803260264404092744395707549117565608085623631984552893272423860489318231928031700
152,32601863989949839440726751634516827319197720671091848986907363151242688822715316756767204016675424252727428992828369555433433112885018277748145598728659198610947528948109911128255321068213638723264728748911,793708963413979189708844105888582358218585627618355123853144473919443541929583032938773357530034379792466658521661263814488074204858414088889837993259039703369184748202766429683081474391254402846052767630
153,1412421878434635952307331685221187445033580158459618685019233242052815862459683844961907422054673948474113561613787538968603740170461161794646952543507042996350544092020367744519151505181638335294138127884297,34209746662836928189173326847741859172221765427042205308722540118784213529797773816510034103203063634784412607026983630143439396500649034020724836586534390501063646095811847902188968494561276528701521521650
154,61489354685364460349091532359944162599467448713461240402319030987750270346425529816150979547012387575916507979617504220832279558822126020976585708625855452563207760829556180857395793682429252811812001438618865,1481718618785707947107328598800142657180915134559250896062296609378355469692249221866477607739823584830036333870264129007076111906262897595181512629101015220474962862115131837693246158027605238963655856410716
155,2689902096588515714012444400340936999676846809431630574891407421076304506376268815936134264940923451369210485098700607038563042382420615059038541272892842100182488902858207197326363933567086506929723850663248031,64490582216777556190897725405779574810346894476134555383532121723498994333336688959228047586320502966225422818571062567877511731080100508980087494115359131681210861588410594549128257454105230450684320219704958
156,118239271145673402765684958074702883165212327471314039084652719471248012272517327280997140482957602373697575837542244026460575544773257627360294637970441222965841153367972354444792918053950662500448993589048829193,2820519205734337872291975506111735939981130162365791913053165009286349468993348924087708725010828828579428881677790759245035754853916077913262826055901286415138298704699860842904541785584349567553451933727324426
157,5222321275248663773994914256876313487605854626237604788851699536734285468992783634186378488126133329237928256019315936714512223219249266548080737689213068519977425178032657948912796027050430009321493331651821892841,123951475841100879952752113908403506362923054964582838387490578836854006484147990510828543998404919754186281962040326701612675790138181448599424512220746935587842126993149530064542861831348835799060901899198006744
158,231755463722128394493665146482303852083575036127993323356089962724054840819730892585858758361246346792657553253454798883152648939594430141462716508544119950190613604262857177460007330821877452080032765956114465183891,5473335117586772564530142034033987610872188676485002934838896997295370437030182697916032310853017349610334484392763677530411113214742038613168677005559527446308362219584515542195195995313780857327759896927239138842
159,10333538307812077555591155413309388871357247829558855520374217661864482465675595088066993726900443556901578857122503047869030743560244194983818035510854390236083037120304685464625277911105501622785959333275759316366365,242838777030611908834331851226641650497181701151556734197318897550004770308451164740274055649217360935488654702126127551490722793939870506034600895618669211918930937486635295948788434298539816760931489482571063176910
160,462923324767380677815701165530997352226203857927547014628154721112888424115610304482024318953159373059459545310449273047063762634796728113717528896255575491762514789273741117870057954075329420461787121094764924902986557,10825246603028501740233853947206611468949451781177743445124395524319090828131971103755097923206426907430982867410889880543902023647036143113360358382425473545044515132250330011195338297320724510211900352910741487232896
161,20835235222417575627868974032627960018835963607657672163841965042396398922741303390849797040916558403315779260431885551609798994475100548213759729267842136603884520850634125264917637939063048618350360910244328549014687731,484841255204560595117633432254706257789857495806451423780393458336973407067560110289457767181468647500277171271780606582710792111583347034190337627395341699541193693316885845038944160971620616124913546388894312194317134
162,942118683921795835336727818011975817159934185176330907357480087811091646359834194585393229492485425773709700806819650841701768734909273165180134616138975207359975506098289609692114629932450306033226588637620808956462272649,21816833697819781271223843414074315695404095336621755434110241426371053881841547878658844083010835636809050068317406773442606486946382306517969869178410635246204468666556354257290398472833213786184586346380102803953608450
163,42797593711256718706866642725491369360839868917051714280069472524252695267280721076268751444849550384755066500216646729015832250662138719697453608187167541196058804308630375994223963115154325410950804378994156605502213638721,986285785625342552909390238099764416484974701864609602161007110089741264102909531634286369185510392091248904716001809529746377842262572109980136637398534475835938159674300842169429410585579901385934367371929230105565258572
164,1953117640149987356101952611733734309633765508010421060219729800204700848099451655892655072695961263512532779614392135394260852787596228791026365240336004857746669862352043104455400679265231861611904011474466166198348274269039,44794157223313052476728367241423769307549444272939858995756923921927790613300419036330302041305011078603445350181099874307641768949822019574335428389232673999428094007515380559430551568003727105933495236340188950564305721550
165,89540947643471348603249383574562629490254349642028285262613863226201800708240091223376874185161799067753613731266402837890255239898170744467807260317546067823062842808864160167076623712780483111004542611599085794332920540916865,2043790058737755008209662164090338956687485169081832622241794574957901444694635865837366021926689508853799259333769790732305268425529690773100162765687244845163401917110014385264931044205879820970821205197901771716809974930386
166,4123711220723924552247467240777072127508419189652561451249743074252542646309718627937388144747794635117228471607129193994161319663572198041314903618219446364638924256544658948849775569847848170355388391558193867715610728968509153,93677741506067303053382241074697507008348545698391861751965410240265120754284373271513231482661648169712869701025019462913231826172380084990935819433930503295799451055819886381696487042601922569545153228842288347722485648212868
167,190773145531757307302038732021004357340515790760379013376528117663463627128452637953705743682482804173575986980156576115737442370529296088159543423616938202595031478313830688687572174299173280586056867409461976888481823955744654127,4313311104219892575859800861671655639835680036154916980004714024579274456426670510352627768005495559582624064529152774433636136842368238315666218697077470406718736790573172215126657642834420798970482458354294140425940192181799598
168,8865392309321946982263187478297779448676002644476712096995632547794140830965802675659639316920873172440299267541050179378145620666401288214427212818179999194388687143699280086150787715391667748229109246377262135796310826372620700481,199502593441584996652428022441831201161238302943295412722903498655896556988134482298157650575992153007563923245344329229454994399854764576329618219153478823005558554851459864065164050154456806850004861031831575577122132120766598834
169,413827932442882775608208811894734702405733596494038856439641124172824945846358507646617711558411441457565126184118598581440699007258473660341109692739799153654066647981748870629743132651493502788174509829769232356729255729207592100305,9269129873755790421948359590378354128371536001881157172715237002364008247398757755908710397894901662715125986734989123582233434303499525985221308890399271390350770583702255298725380073596444402186722770630964975682676028662824009536
170,19403152049957118820260123383981622675568019444312218161282491897528791590945280430418307637242046249987236123181626371210887220178970880240986290314302394846623970432577109170519991415302589085205305528613487639507266789058875381815795,432584979728304302823990395604894061695557038967919459039217640064336347229904548556066776021920324891373027679600237669683284046689268734701774503457909268446988904015812870596441902224931477517329408150444739090710426002007202145154
171,913787155593877208396162500309335525167523418673936294097123518773261346784326118878845891879371370906307565114842451066690303801167252813253955505240937899460925107060626375427394437572166248263593887586227390657984908096470252290096253,20278482636244420609872530692219135462614801459606363782953097199273229666219945241206841114633966217564642686162909143098213965387290020365638906479225944117913158783492166152035062621852693507396368433752131250041756879595406643632918
172,43224286561608801162607754600870476322421533504278676936300372507319028790495895352150370692470808209618627193163096733416838784926884419230507489471678602917492460745116331215032365693416762768185878481719483860916363787764400977558741717,954818103576548973497392221359352140911266788776841468290886741051097608085260283670610527603312949794882298145609994664368278033789154418254616336882692836324503014155561975180037052081822003029521066972931731402453652299441136174693720
173,2053574662058551218563231886425979879827165725257500911534555995342308236429905054196047559693705125582166945962855726713567495893841413112340698264620694703860021351591829978467569776909317371713554457515224342899805779148916028960762990195,45156132231240621227867229459099623923074457616687725425102564377456091056257531108413557896225761842043111501261481091219932493817574482062335329971670845256006903971934642539336499918279076569269967124623453842245154376446727711457470454
174,97990281433025072079237819837005665180627748324074479487172037091592983375256495789734727788960090623862746338046575434895153122306540857233196229417903380978313266151848697751349374497851768993678716383701752971040970861359446140643059109961,2144932216366339715398020462423572948469127696331920670939145552942085465339277192259755574870546932401877262769423415872227048358782645829022374435038865356459060824470739620758729738200224618159500205039425364177594450597545615033701119074
175,4696079385716851153711303538222575932692815342749321861201159300975114815807883024727895185611645665696824466319068256789553191758905048113534858796370558191296873131771402695387517076000490768628694531784735919159164201760736123738046662797665,102329559665508539578946694266413033970713640904445976955364284871515102672697702453412877178683322745419263768144567970226528089420142307877647303721848072015912116112683150063381646927488024974690853975518193922872755139634705980497108004212
176,226025766206295910308074550991900176730334139591545354211645763441094206559708963008683391659566870513733196218554170891923912730060800344453042751058980923923333239906735550528026601510990418627322619775397692016598979748407376223910218138949919,4903084690935822985580553286346979142660952331053017102675308240418254705661531797319596998144806195342296511139111162229101182260007473832105161004437935896473665093078807919271624736049290386436359589603677914231366038221917995476312467661662
177,10925488082447558225714919219679270753821845659779137207008732627176435752819018486511214677393146793691541658264600670008960169347328561891625285648743893789499811519116951733815039942616330729876507646022098784917133723114346671112534558808040585,235943819889708495142760006747505291773647661391820961023104508368318497292117858087598029426658244865224922809715009341215270903936179827661260447056467242153652663802791033380513152585335294310767353654257076903911322672514852227153806159481906
178,530364572908190196746338329984649230805157675439827117853751015004082373096614594707736189810603370255122085939513040714041577938971879743300149879208329772157081831348671884403557223173637151388045361603535340090174639436184481096328642131914943409,11402734410467672492045424093361851167430323132666964744913128012228243224242497091661082443055357445878510992299473777961770068517419490618598065356164185050682245398634618241274138781733424808652711467800626804364620091772282572666990461187686524
179,25855289890048991671833517708830604675161196169743722856987695502670245269717277073863002469678909860425696532541284910408788988288638606149707070952498080261549397573593844304016927568202197655894414007317235570576309011484465412379753956170154378959,553427804720502794997877068266411268268514116436317129188947682313943319514441990729433003620917164112145779933225622557218386002879700911062311214650098017374209035465599773679211098409368622162293011135583837228983354424943074781614914138728601870
180,1265773928105558184041610085429952236978909207599168315287173170203334920134754851400130985338797759655958690061359828122852118264116649609502931865196337745276484834441325743185060295319142436273944431157582887399002196969794196492387543042099983841865,26974597685847705230890384968248363912332789500652961301111868790597828387170759742975265996853457844098464842222555786174886521918126657672494434334363882662309403081773134710032082648338628810355354295980871289717650058334767028076216929935739976122
181,62227935257095743493008720427337182726227194828231881380953862153091665598143807434671677816860566764851934090640114391046274579170929036704301343000179657258798807703835773800009539965803324115235301067642597960643917928762462710475723711996662633111289,1320327244544150751411616955446965863091798127833966287124440908751292296321280011021460190028839333314541533891958280359390482875677637551063788901107531094025554521198759140227480195347033387520602096921706134815857341999470615887016313980427077469112
182,3072047481725573483774885694395066088005826388052791915718940966802473857178623910794482711791008600936436908219213863062409737174338408692691069112697101832712031970533307631979105166608433125357597876606449917700195623614757399529992610143178347196928835,64898023531345901569517737121685406099276291578509186948856861982207495053939054407366386243518779141962143997890464792794310496351013068314718167380321143550645993171305472141118346409511295396644316864490761007955713056439490765247400123115790839951898
183,152291132189044932149460880047312858059827408913919398082272079898937994892209157207797698860566924894024045919005870802556777040269619738863844941823379807359234387247544745219884276252838401736307075735399512400952939236635284538127452792974960181476896109,3203283661653415836328684643786521208926260056921358322634283819001798695175266305034455022026704444171825837657992858067706572076367116506589426124663795184122399214561632995003631970654070229078677069635783387650090916093895720648028129701370358267632222
184,7580824279087919603876553371408867537472981773379201746538041999666234998114137445521152177037748495131460707213750205949772873585982233502595715216429553475456994297685621413639728211294623150863418430796734778941747449229235020849794692923181766154109482061,158768458883012700082719001463788231318276808032757488286544903956121306175728642047468068735343422557104389505229737415241618796905572114714339222952064617531274534177110865192996976173222786591667042680056788071876436130644204730948426322890674498850667552
185,378917290678204607365455567263159384312380901734130194662423357444213187534631363042687065707931973214709661588229309240297302764076484066431589099952557571795308800405006002356552491511357611304850968574195377180123007308838841373144155089046271608055020680579,7901852447715646864247999251409893920738064409668518079180637384429512247509350218818155402221856126326191302531288454583795524580183280167516524093071135670689691413806973112111217296056141061810611517242142501995592107335106915847401392369361754126768329614
186,19017338707399019355058393441386159314869641682212196588593106214648342284817439597366157956471774955470067169505290508817407940531528116659697134322267970270638679385187993598870408089071146454003951105826918769948738627699064062759505868069285083800447112126585,394893971107429351424689930168697743465971922305318353300696066754891858008980091730314000424164926051351966744535485990313354796360393872049014592056673306579511189839740553973133628147919976138109602664525061182903077192308055493942524722741009773444665022434
187,958348834865099052847515176344839783655400942643156804665720990725557146085108392249509828645520924754017347093492157059626166001383728188792987684513798924401073695256538380517545193293687429292924709796166529230403827985827655668784106697366401731108026787682305,19815732340874014344086752499798034947816953197446001926388768091647472554586072062910645281432705736741376266343641228417398678725696983414669251510537885254885992174791669077107330372939520561271018525711054709987464268347749651026683402520645974160094604540044
188,48490579961243533701044964648696683972380587239494066240033077191097052646332007891350182898883342445569582881856911984172081054300380449864423135246339042365141293558145472523637773405644616102878980160234166954027920823047391219869345649865528427178502468017304447,998410207344104682401546037379841818538217830891651668500904029010448774311487753306674828169489952362158524654946848922247298680514879827131981196442083134065993891054090860465487807647805648823063646141721755998293126133924909231097313247929347341557638296818590
189,2463442487691890886353440023189215918154861490257110183446747548622825663147243207134669845845226615708702671273949743992504572339645499979848730627402330219240330397094780882901001906940599037586261066837888849551487140961261147473669375977311620145417519002571116801,50508965128223275998149278914415964083751752769550803255205543952548109060441923342604606977348045223915412356177076575757758396234960900915443278169455236860996265113856423123708596710686111982603560616142720447124041417839920933463447825076532228033914729231667442
190,125652247087061208550639539378681962874907683245439779977830884904632035136185319443155797831047954865855820335460052360525166583351851026442674838995215893520044944229076683563764690247028874103632935781546861405108341306175679931921515504504113512384998852959035278081,2565546554472351842081754310936113263262211451595025898800848428795117071311818256757432061252537705590812995931624342765799159497610914486999814672281510029136560818273090969544694058052446449599359115668052509497016970080277988058406770746379787998748569356577405188
191,6434761451248279205704824396491647135752375145604334689427065142390984919794192145235640698877683040883747157507800914951261501581640749569317905622610257201332247578440036983091023768511798765473147169762697313311272642463188589514518427030190172574257167819950285217663,130838267267449614666377140548544974577587834847720765775852838983721880268181726129552268649921228342292031369570089950831893849780466095140993002374201815887688429325999055958118457533381700662627408740616140918736455586202845290473495930682212332498107642594777239934
192,330842018555043236860561253646653613585511924368493440858558238139130600392562574184096181648002965457918709617039697446449637832134841973344107080957911793998188756585913411810429712265953523237763928922724906855132770427615319869121152767864495217381044575543753447065345,6699226943490167902783712754842766799663809573118057076315273966291927260800632504585925401207986023072933128864913522901436808072765175186617705449529645668234042160392034309183281716675043521503516697891113231982532514468982434920027918645645905882261857163400033937538
193,17077591907766954582675767159832179926891239377241549892565761742221612060978117586712743166305539616019480451380098469841002173432558479996973030679916583066419665520262228833217481687826396029857745124361071365615550516446523956086754567876692410630085334813144964898124161,344382653693463778416444013656953168244780256748882955463580051302562794095514909965096383583569018935151944164649111597348301425719691729958470861659902075628508838039947811907061368523519707217116884514956745279892121977519706600891870630818574592319850514085163357580032
194,884997776785254730902240824085815828461112440145504497608060502584530391945221555376363891017882096625279008078304212208166869741120876062300637645043576083935167811039644601612639220414555072785323946963568213795015858957502394147264112949713544668069883913596830323742001027,17773634664681537068516387548079874149867088416190005048552454860417556940284478137234573237083700703821056762881709035867497548008711359262408825622565370193713441467618044260855807691270163457854709485271492180427464904575507959629309309720844616734828334023743301249360642
195,46042532791380411488438252230216732046377453370332899605501591065737491711598100247128150063162167451573131727954426775025338155376877856861482899801976509367240697095888745480534274911104406423528648254568216834374519137850839152574307374416121934854555895414218573613124231565,920919022488451277873868742450256436030351287877632327573129939508465253992301225877188642235482314551656475872714388730277583977485633861355618239320421347448298123627926002628718143215461722004851456734441584757287933623820215186036154005776348321785751321584665403922142086
196,2404748635534489330380044833752579711015312337212740253019001433461363691517850717450680245783376557800471112619548034325191788048293194140052033625834266386339174439539342391292487094516390212361909210156823852462273526400356630581988977769812685236655904137232821230621851100613,47903665132297716768101546409473038725467827196430051084176364631924597276385859612061622973816734113741907526035340801645544213927756927427242493274334347837026683463431229021237153522223621693038714015233707844531805776580510152293832806230284316123246894754939613373334415640
197,126085654028033951967084203585540488417042130903499661659054658990507510915445221126320000412107424141951421213089555598506585041451299720630682672179872400860815313423967459651603704037458392487944650170611190290845450901590971965117606195988461768525773643009478287457754291381283,2501555333481340045167886903857982682773043985199459229259910829095224949771971873113117890308597289224240989768627716480131991456638318925828912516891685873376082230956618601545291009361083459382908814350096552065067055628628813074960937938663228466091608899187377997476592982902
198,6636503080065868841122199890152388547568981633634730798712928132494148858633797611930808965408318292148712953033138914722523035702709065226175005398916783740883610562892432945377281345603799640609495863333885255475174216896033295915045645800009762184564358308212963189662251148406649,131140731394295068055910737796476028925673609424917988861468451518764736967574739056403618562521722024468045148598020431757931548165052887961222673388382630072536962222272980451112317035238987212045961944516602311369771593587155977111821019707533128242821333890333528776300345912994
199,350657202817689354731756961197507981036242662424517221481289108957584361782770573776128859026784148832787995790668444079162452183514493885350748625873158515546049915595532923339970139450486479387660880904614878416787658535364117131938633174651751713330856917515093104102031149688387713,6901497359119363009667853988295726440610122765860557620852488677837354623871640335325913567545497373710315999135701017590695390481839545143070541757810046748803789164629140343725343210146436399711627653253778708026386092421103817649999785814958227946618382059337154397358696330824404
200,18598946418294055985314281689611802118473132259924606158810641364730883948964107332300621700979846411089956530570186061424735880394561579831562720991801679608747929189233217272105581730892514981645610839525909074104068060016628044334507586467447139078730560247797030248928695737345507471,364602365933733931015662977426922947164437127714044781332673820585923348580328187743342122254503994810862051117046139232523685355095008791736568308796136090164624213096862749244133781620892506188394345668349474988719078123667419314200161602912519443176744488510144536916263861531695342
201,990258060534067226395396732093198898971843614470242227971758201466019985753029376822420528360826668207856193245969976588135342240895331662363929767828171690025371753355732118449131244028391146434705421989475600873580071875266186024417596670005122989129167569252990752815034807379654238409,19335630525020912462165868652917161159751147108015780857933726981076478761019973892136454535209291426814920709834160142894423272357440159892945856308261503141390903380096139730940771502947948762437004508841560047868065421932543001908026628150303652508548223848243889541870632533353313266
202,52924323155734402717799709259518402072208023403064300107415475812543071239797293530557946371786071994482172376313635835583442138175644489415303771907562580451375994925889675322024808857197698119812524859450289386218922198403310520829456364437532715982214338781415041690720803642489920777585,1029324323544046286983069594640513132392331023278104653552736844087240043821753888011367261023066753709403356256347779146066068525049146804632244667127331288294824053686147734782410911555909330750895373946156563782288580037839120418678297947024726966492157037457935085519849348710177146844
203,2839236780898852962453733147709153076227495398922947266185574338133622160631280710328798170617393960986276137553885870268377712570172317957710112693611753054427194154360039689653716763428817526098929036176170225626431720355973324316174013280742386869335803204674037906640891411852462142228799,55003912790940458736743146562398739919996725336730327447787932200312818283066813582031486294039846054814028815847790180613737199535844386846827358637387617358541652670761478444170294999598980833410792739492111437554256746554513879037327239774784650760212188518485371660073455605874557597918
204,152890269093083446287554126693045786855063475771346889880453968514792269876588719655129070461627138253512368790499573525531435957959458632722410534483902700058142843013915300874850356931482414829856419708691453035294469270808714740331873447776070230555230510642048717190608655805815578547849801,2950359032857959356463226779905378643477106731965461355685923666884243808266058926994088707505810465202741066200617817409343765351121215935769257197831875343934259416455182111631510336548095692449980225188528565294541925196898371884250414492463192471637068262339363715998785461016151433580650
205,8263854040803660787904534328923616639406906849594845938191534249253443496942426654909757385418905082564187560294060395622039980780095955653639177441076069075470445367710755872859798726127073576885583469777387318501617746097863074277180616070910233643210485054768618564702658887253524182731441801,158850519681002170601770991065497977919373907403323506900123899353676892418828811934039645783161689893278042823373783450492908755807245933265522623247178637764426179077584340748618614764282926928205428099973745014545978065859637304714816759409078258541119007874535612794738214978196213674814168
206,448335043274993039885313026552513857434705728598691208312226116570110431326563936271053773331799289570805811171955983796847349161881006570233655755213862655728456543601796509878160627910167947942738456869131458810133839699002088384300438944901652419532723309706736468565093359812424787382807681459,8584747340747860991752535066360632027806900663045943504414131110795226213525817462906055787603120964547708594652293060300343779512438710763161912988891381740811718471467801240664462693756250291823770610569041448179686217553177678214146179078984340461461912418151666258129582984654802067808877402
207,24413652056950826436798550911716623823117912032796887449304505974686602884049208972494297907819843853189327513439335311545417444692970507068483592254513013651996258195384841810064282563399860134451987236645280879516360425278775122037614612436100546225106014831418461571864815167304342290241322713213,465676358890740299457024191577704541676109132200048938440735659642719108711292590972370809018501408551800240068154425704279211318618346699710337013843186407955336123499080284343465288291483679983588294147198440461098084248047686298223389762140452060273180512799984590961982185331429538589556986734
208,1334337399909709695726252119628580072493248404412770551241513064313028030706867037577010244151267370005021154997241181111750660573655194325319866326429667260377547777433273163934618291372154439419975813682607260754335681901955089916512988994808613632403454578513395278100043395466685119489587846840669,25354287598574425379697420574558748359119542153329380309003927891362815891295727383619489063424393394702996342170036664086829905225738177968854858480024312639813751633474874432755452588879129385590855709549624305889984189390916665668632514318788373010010953300407974046043421918031163713820522735488
209,73197172006759321252217764513255253363158953687762228892056280616194741639869844123065438002359233265097283877364423801665203264436696052471895955119520827315268631423800044194098871594153911461257991191261945805128433889898535797055233023201574357900491465898419578740060893671520318120661552817605971,1385549363393625719007804379104050376223819474969961334360036363224388843621128712334017709781962775671030468330737619586700746522846451432354245681407082776671785647006255029434394167256675520513694345143059176546351152997128608938899747239608570248526860079314356227555458380787906144853322921860110
210,4030061151087027084848102682689006099226476808902082155946153547047508312854870380042542150404581648509489195985267898595120874249480169599257723045192236856648416695565736695055688668141742222337991451346935613001234048578732043142214620953927077304263561962434927893349036954723769386100649938252993449,75995669928666501740811308903294871499441745880468914405975895559546812369011493460029503208753524620828323810446025854308589021080050354272674805100933843184314875485804063060939970341063206701949431860711762285642155481321282082934142100552248881922934194364728813880725605331517744402744845886365122
211,222695108834909543405596641224541600673854758708222111799574213412923128959242540490248642135853397141868685281138087947897020962281061529086753289358672302413271888569936500381228782157732637686061877677033992377325493836922460591537980147907978069762133843601422722027855725413849697867580901857298413377,4183549336566893244879288391624570567027515705239437962600667781739198114566146635579750917781977252427445094055428666316271657495247587368564456152944573024415035685786095634275562054431931361347904061514593743972634811014150655404192050342038564487515620067712289963752532789224991330582494079832455052
212,12350499145149285638326638265844088698654235350362549769133682744007670866333777267392053998534289682453612503710527316966987691781807862724892178012190620303543948491499877971020458389534210108714684668304234265876634179776271941209181279714638409584808034288505503630682586893171753522285507226298362284111,231144283018951318765639020022605312575870995940195096769657106730405139557589997111227927148010883491176276490228374367049200967044660211189811727709456616322526205785185976223813293499942719503744156727759964988111552034210567873363011120528036745612022419108638433461476711378890022732687205737421675694
213,687426503079294543230956985395949940483082030055146876890892275070995193678110878096183119388014272769040029161935031831963099636137842858239414045454719378698497770889052520541967044054911927909532804757529857393158595534058784864903531363945357063245961970363662291881718690027969596479273472641315878273985,12817304611320683246280119701912266262190343096694674758096158752669954508687067861712062050233723353008606737217713528176859469983064464250888499567038085895332243606500449862534287323285684181436972954011938656016906242308243042352413047289020265859115734509107834452613014594169380980024420977761772064530
214,38399818039606884134671880872449644013218188056678967352786038070466769818931877192559052576629019370495038043966696547997075552152105467031667166824214232779619072675705838766959066861154096332943172503578569438972870454486425924617323798895141543677455509214605676623684266121726036781737166368465652066843809,713310600892798971153028870029396117258678467090975546496691870028066898869660036527698566894578782364780508700245857805717794311286348440347166671530817646780977102454005180861082355680910562668035538812593338140032315025923665321715637073805733068074216946658913536742758639938938144776523318118894880467908
215,2152714593898586249247080422649177988936462538603903817784406902140622638080489408679382752807209876239903694154137301922249174433632613171130524594962701880473769795145431601580998358927834487430820622317796847796633262350121700207341207075700158186304544496062185417133995716960089984210826609608375353390457615,39840269721576338776496395983896548190228083165295562965696464865472756096778592123392565851228017489764497737432227513577073003102235279609718633281328178597761150370486344953799881147364379576765596549641379174204622171412572548725048804607548092953615675712258682759176462240173209840338363852810037754012174
216,121113194186415351344489664797901781289587223073008846037806574033613992073219885681579242784386501348408730281720965621750933626091526547777019635309173860830678033522502631000304237961345486096474640160513155274671000453427849920788379008879125620269195790507977194606090882491303389002437714549043494376774422529,2233164606218158925670715425944595886762080649694885553493503019849912239323615534536516060841271550100288670781027063508049764911934625949048453326086025310853291607338666104089301822837212695731107146535462371670313816917149381540298447904495503004440065019385387717518797612568189205006160255150386937988525010
217,6838133171099862231424711672074347387592287854419744890486122241881456503551288018176806817307363290198627769988739623320416512334484452265514492201571551734707799396467668084707922962091526598959749965778196028202555467377724811304406416632441911206467790322655221753915588412191496052873767340148104209127303919409,125622488124505277117024612347927986235143276129746911601699071880158445128480552219058464410770354700514185645420047761947438372068584331654970654184789106073875108287260864454761107678742749970492410778358307224691816858527514182924199988960782949819791193362483540128296079961513545442877873753120475556823937024
218,387452242902273525127705280603268866243655649524760461015115527062508889752095871468443352518819656115967301831538113172948429104530987182038131974836934804177612414200865420172030414221376485996101412653277768056605411415212414012147558280647929857024474487349984867238467593903674747991219170753112647474020861445075,7091785760364049171762124005723971639643959913472680000588791604983224980183714917884349221589092487833064732909368291383631865256443300551647477415390947373897893128834142618222456167123677156951275616810656962763112665135873844020726302199926224492507954202456721347718701749570387647069114475195464614825892961602
219,22030625373037659985730266587109188984583098592106163351299223990556063630619332786102470474314436090720093464077319748445498799698671368947632546205090096330259967721936848156787664623461521326364164213914575891170524794267785280089158480015052808901806451538720165414931219512071341390470061022186898987582151024099805,401771211888529454910711187765042827905141936802393718262180964901271105878745946560034048755603393518486707731581428259853560915036072053617742991535098882716472765326697744275728014254497899208903405765938619327747086159644656813776279201369584724979192668161544511912012115753642153543621106124293502798626940990198
220,1257062991993156034324876555203845547936038561307016989697776558576104851512299641657875373225887091468717688194253552691303010613431286196867434791698645367809027632737309955420001883018250886107390677941829199581307350946429555916955022243190227679026618009099809068484527694720703361984819943820032353986817994168972597,22841809267655453199065672862108387367013078994003355176780680897159761113442840304692898001008470637083134796824745453058849688416567096053002240673806671047372169811738958842592443789656006763731654918579696144421854238572425458976280442651167683495020206708603274045795103327554900324544994862763804510380931768079768
221,71978439859113473512903103767520185446793357504773254866656210069812220365065932091986801854600341984840390494194122121862289163729965428651508090100065567279494645572814109317539014608803690068002709271953620852113759833618227384584314446529326789093223136933937251555260666291614530518640559851947909204331550389587469075,1303179402678753223006504948325841083570410136784612640059442587365435478581965661449224674541174033414103039622127422696353730512903888209357058628090497571464369734232922374966230742874197349891745218910120238946579332480613677765132338404635749914527870434157831879090137719012941166873968800351359937594066945127959990
222,4135772560266448226029670802705016713367250022820674638159225770421445336255564976704402753109621171182889752278766069413253927433608060521238941703130712921759296198943787162254895722787328904736012665532681614878364373176297996779015922810654540896456746494144386952081597280990632147508487983024983261307926470728428163177,74609397313377837513759513252615981735404618026561753614166217299755577381368661873904791003584474268980720835112887895372220501108621210290760514244787389426001522420094935393485770773553239766836279302504318582720899920256475972469784640014640255679995513027774144183398319887866472846184322893210267930977958708591816802
223,238458829355673187250028044407028401433231715897832217791970330115551352382243346669186816828782182835940711548347436965908101710089163608528048643849600661857781131544653774976958171946259233548739668357688931812607501327167243543501668703194675876063448510035779058072442553865520097247520196665412191680297474599820733541025,4286394382208930522317236799935427079882223956696919797946644221217159173926862232230415318261642395118011906737698535112801742223624060176808458865869178884811202069677000153874377533418628362173523778146289739258206993097665879685605927269892613783640490558309488112378418691784523493066039657734732062983944480030750590452
224,13796422122597527751486357598717411432522073228100000464906774696620106409985091506404971865447510989423576578386429879732821142009303295527087198706260654462292146614179741815101583733871424505457991694541616969549673879134347691628488242511602479588737618175444689549091116594050091517280914100357403953973735035511335200744383,247111922194051186666837476043079181837299486653847977541109743768061121286008739936069087226576686384512328208739043681310479497571659428512226298810440168830219805066420941900493561470613985858682837300318071773412689978469520263607097577931787725646059855585366315192113218315505147065122245460875338881552507491064878346046
225,800957851314733333895715825124217224442821558783860345096833156637814497324074763543572817469240508032647804548665028502916337892049909558992292696948628509980299367738622990893205302885835300181757845364576530873415714579491882901414561118793791183146767824628600414847998637825243882814801395259634672314789112817174081386264521,14295258285063383188733075066514162820279858351964537249388776455084030700491684642574607922651234354291671304620107524459993008401800228470459823603212359514379291215172552469335043029067829700807832438643647517713223807275915748742059603183419218713405956679740449745283284313991657684681842860268332851597302021475578201979954
226,46659152185063632214468776380677068140263041399930386935937994409461878552127032534735658213566161878040136642266825748642745476311919371815539858494265310496819259835496962487917455473909608154912759678053356593852513098058558747874958580905188886352580170738216710993632767986766424547435306623341302801507215562951271173245190449,829814198401283948346439614189045480366464393673835518879662163208868401754069357009365603063649900328365721324102971693533071725431349871648640185949007045410962188948364150688526981897590114964934978431380023836984915648902543659105489002194193539881687014340908222942507640099472842663242731069230422379293849195375323579347580
227,2727356656453245129421974207816994445070358855187607969913792841536164539054975925683243068950680387710353398929326199830544184306732953606416760400970405942286422256374767372171146640816611850117511542187009090576230990145586498737358000648895660417626914809622941148058326321536539914390685056351667542382030471550466146234254798319,48334154624514221391857678672581476964847761202483504285954920653900315458441572098839165681460333041385949736017092737773474250679213815132139982043645910008273562487438736719643113758553137158888678837284866727054002000749090407097183766584530960890011531402253502393197228705069418998766750934287477014128925982213945569479771374
228,159962766353292969393547635018357460235361369065981264798326955979831158792933917884302158365032276968158533407200487342990994833584821406622281756738408491738741440800093942645914834909846327537680964631251629623622544355003794331414102254805140464040516258223680225303036523707828274193963194985325293759025366958990835093518662561801,2824917166874339639841978634305451155561058321481598023509223253957780828417307165286862802537341759627140504152051314125934300676769668951817041145748885748877199734748771891779449544054740593814651236104960626403418175888259232015715913908715769344066044176688803238755750116123655718070601847982024147531506083525084176368067214874
229,9413730871269845796837800294459289036222784957920872929519376169996792938669210563423770959347430178567931317464061855797467381617142971457709022215719239501590315021745307178311985694590549699183369907469589560187646258470793574920189616128017547392041407818258816102622934792070516522967243218127380570559371635191200825235061551233689,165664555144132743999136165382833368813663212678638526500179314620207573442962264873451186233843078586654475168803135107150399744592605887521792398169798422206515511444343221162705482992517784202472249281375263356568780988102165819265022663943473290028278277383671742843245985684308765177485930421486884152657234843944185246116569267000
230,555858971110296744620702273015159099520012190082557756964488038163904154979871919666100083952493637572296728782037797180312689549622500527627465935453847082336652989550918438039496710278588429459628328781382874197067653441408315250633327772758570437173672938641551807952912857968770708894857488809675059014777517847726799883978333679572451,9748095703917476312543382197676726235575360988696187941664913514855937635812523271131662664669122492918398303196957702581440857384015113713672564034754255069595912484220032462793193004290829899126757066754802591569115695645867002024664947967217478360474133760808494844113215312481505597411700564712856061591619932516058762696324883288794
231,32932260849300287272060580107972339571956503580898746101723265664238694564669460675748527499014985992635407844757433458489870738090981201003639589073533900581219022653572932464459639119849193518761908432265311274223781226107616172882241733892357750392541295275425654581383574952977217493253087624060756496976997411740915665161565038333273677,575533143852688295897588622063577227390093265178744244465328987454064947257395541060458476242703737942421982138552426668835833058596274630222529926800928065655933915589893212033884493200111643640075417480275109374329279271972855984083324247075834436809239250556837394794741583565774521900933723235105554612615307012761952225364144954715902
232,1957612483871780572944908275880311758302722942435398852124855348061009625952478438741304754448571198169601879323112355497328416336377713339592690655463708952969081846705287356422532097982505032778535739635787587536223772898025883251419301650919587779814996039943837812902806736845067552238132745776200433218864196467591859576587569244721657197,34093797314488344209835967822930563206530571026759978707516378724371528531816558893845197083063914837866275672194463083034294158726931566428077076508177728517091382084826576887689288665463068993824378549279392977786411049266099755945862244862842336778540467930328949380906264218983013016715261838618886555082233608868655724707304834877250976
233,116754699231578665043879705273402039139392071864915367024902652946159110967652308715939888498319023612591544675233169336986888148729645107397286670192078976489343876766240470946949406163047120026486470981008304360152419831723019070090698989748824794849250589753214385587746511542085564712553658434571425255537554800916356987819463301684386939235,2026418087582131185045116834803392330912671455598377378344128689030445052455872169648364972454440512692828365139528318070571675260620160820640444830692731294405778788994579252523016150712184289779664983346434481324027277202226167184001030809185467640734313321233685821984875686888199893615659930138955979607573333970059213447771520903952424910
234,6986485091989334757482452699284078660136302176336414030859920327112523751203950193182626376550932188612093006903575426279714187826740145595447788189082911259160915436677905296099895393643147703517371617751401537401473572022865786765342616392575193656462063499561535467583442050125029981098477408930662310218428233598561652454915768084576362927385,120844136242402479025470380124549647426236177778397509045396933584632733710239372338650418022962153012368405965476262209187107427583736203372186883254567927181416372532206550507144867517029806337604492744046042436303786775685442230964561165602783701527850252260468513694786783772855583329497816263157321150348299387463969512454592906242815970210
235,419444141978628375119213477404143421861867594450131358658516064600407943375625495049496256092100053154099805275039697325554605259445640914719419555670903677034100637396798486592227055303727429833169625737358248213251441393753576506118104894445172602951187464578596880830764453985936736360835840964549582480470284900056835099318870869074332723982593,7230348251121475087880939585796579881510776147970675692905903600039273836685243476376931706432313870559251615681863151268026155851245561282982160081424461166888741584182713785302093480504775269491428034909842037487064018271582261367377890607162559719529385866556728829012977052599607407287166501758595902298364977397678006045791390814385194520652
236,25264744505740862849370428322820945257734730093071169000081973579140238038750790215495078349014257045014116413717036826831286104414428350112885487933297326477120510221032417484977509115733371148593917111912509273539600039052430119019835463050351260542980765345487530672634560179199020221910958708206428966208508336048810420732337923150183066569361375,434034504426682976976394699674391824417609244487391490298712180053353370778225499737491222474514236627668025028253326334291542997356323467518624460778548016559483818727028667658224523715416849773496669188820370044734309082841980464627139786332709666890925613145264577190636180244119056195046675155059756276266349694030721426411484582018014349964030
237,1526776494577314244533566463926219649898169365937352693618014277748258753840319199871617424391368849956585010283567357176281028185006815241194031425573850187897618046204119424345167054873859884284256576007582525471688062277775678682163710029817435076966867251389012301326578131987945450728400844760481070165746422498814685472902628748756794050177898433,26140569788942572514556033515295876660607416626622674774481746366972705580080141939606495242589755911971493382924394889832631622059510392883653122668408444361294074860113515587132398167911830905104961293135849412992546915371129197484405848327991108508487799265921562997488079005740042761413658071003203811179916219907406495169852717048482357873242930
238,92565731535791082260849783136361521180642206685804271485370714870849667419854554584198594673755113977788373469244934360847051889939976560557008843071471055275847875878664876579997179548713297179809514693518981795948218505602897730398579703798362900006909071190508001656815331911462804213247225267549452582028939348321250513933844968055574368402613010113,1579523126569754824486692504368993043021770306485733468370445106429696856411983027959057623998361776775897171753517147209676592055774141496600355662073510380150185857880768968945124720811498116757963326714370405909599042322197034855168186931508901260610839359705838818534968942107894559116034278603192941861946973816198668227220545617030001656236661700
239,5630328225139633051379137242664839673602823041475395299244124389739182795333900111406271938786167796255342021008179891345083935292182146947371690222430101430044382039823813991899780164476369659533231033837005742759976771030135674155888094943346349989346136727788092445781966590628257108302776868217629689054090183225502714149339824581695170603495305797599,95752806208375659814995561383187936308444284720562837254365814658384619630543993378997851109731493477692976795220129224907354654947911265149609857946263988769588268566279132270231674457145325027839449749537008956166431344854118480542674698319873496900107819892756511132403499600177041478763994263187509632716865882754256316251625756140890938120843613022
240,343574102136944524288331060937572005867326746926015847059827537499623617984920180508712136861702664830647556918649901333292669685733098260791176051687893827026068716333447142994248465919912855545378553255691948495796014526858258475815647997853622652179286526266976911945240020107720320971725425978894159748729481518522873009700481847457293885040204149530945,5823527026969072164505384377919751457604243262566379685394586616610235773262093210093508402563501080317998902562591796489845402496882249339271308988095004391729662177990165998795516991245798113634639908798193653573219950748537947872129687791823661962489344838113925908942057985129856231592472925875234030709140758948055619659989696660790087699880300260770
241,21033179601269972995334534415254065209093163374654675563762142655943358164877402477516424968906934764727513221140054802547159750735042352008933733777792269187190338262642060822382106504670316686891926062218234783717976053074028170419464209152349885626913536943664301355157124208262464864577057344739808802523530301333827281709771914868959620592745162278045153,355323775206480386433175988290679453604515964406203751552058515477696549764847711574422395672190757735955397346124475319713751053734560599121233574851455901917142618012932745874665229981401736248715907090041531426600729396209183742482074822629450187290214278593385888577959495461054363500077501490605012346159159310611409026230392622531051735721269468342848
242,1291760074342188423390984393731617969167634968031712503736538987989706705501704220049000800265406842710723631930436764762807304062137448473231992487229450623645765667981927969605765936274725095963542451391190019020817648660196314487064936212921848637096548210703277324784112332051878754845823776382498636863662434575931184830621406279701009759382702913036184803,21750066798096734626843961417926167268794397669964493079660661892139722913911554447826107963998630883400485361541874648172707279873412198853191671624182490784472704160700933216073217797007604772081225018498942211414570725046859400383141486857518520897703090071067578912293798946246578219352823917475730720759520426724283675369046477707015769990720343234356034
243,79587682208905731801518083645393949678213994268664302472420036512089734951111525638951730033868368372003481673787086694354827869814496448267225198237855048180315623578064973274336045822013096119829208905745829176586613576903624700577823263721522825958687714517584504790074863125217121470463607339049758777334321876407822219999860010075008989572645490239055978093,1335640832199343594569538533924195613006185798716467872954090043507164044429254877081193130245398414055985977456027802236432295367773159218855197596294731180515570766378643354140877072263404767841011217584496724719136474667212192130756921003454272414350985074350664752867992005932061880919176482533523665465875289778444998676028191740785461744335740619297301094
244,4919167688219748333536256085114780618411438003687887056115533862949543837161912976809288429065176985888052652825767282546543179596127809357247663225748104670896254960182053047000302192336174635378875071233029528679837447405211842457273191120575799440341577537337160695985868543527336440075722594115797510125716185674457115203943687972299827329708604879184093399077,82282257218530457698876105419611766988501867046103628509530213964906955274215587625458691502432864555510560099372798680774006196837233111180045125767050597255021180262080211969175154274489453263113154097295387032125510449796765041925199973224004821442814824862893650287749164912880026798134617249063796473525321993408878607169641675711788474842698060212765455064
245,305009879236850907480728438137038956730939557412149513362138453971871957114400842301879625845033351594605375089393110874693713281652989545897356657514099486452451101034833743039839045509493530432009917861909419317879038255534786467211502267269483883868751222324897672523320522277487758993585195562807486826189904573327594374150905455378780070662071561254275960392003,5085162284099327089637274593654896421829970415438171704222313961938335954561256033048316212780163437081579978197207813048354813529802418597260693457576423028055848839525896503294958359638976516345210521170422414826731416450817011515243587414613167924777361310098863180362383253839526295279790061830187421705817232099670085802621483976942610234459638783432762454454
246,18971753489976117444962139865426778210375194174092568011938938122630397198077149658423990606265271565343670903798787344076955038060350899525243094625360889407772042315070482933413951127500400472940832656783883300854588589397046097695814997375979837801909658261732168801599512302397792203710376027967932704381476956076341919870354698583699014288569741947745442319412761,315268283912025095997198368045956711542710790796175160558869388553213563930410048798953452179826008136487637798254182691711265720164378324713522945593087067796631458980771612342078569691870225408262139217776714065598687745798008456184298192699538734307300650767055402391386617467810563421867696155951025348897443182187983734578329191961186267541681846212889478189218
247,1183769500762908864616018926291109462884579372463256813323599521593526992754669481710269710713543877032756615424351224159385849689687053558307609544613143502511454639987925072547803314996665065794619987380949855569511726534868566744569175594955682728345878146324123904549037574223127704948729529332465238312930789330141579839854591300484591198320236952437577003940332737,19607732298371756463142271618802108149272120380081719803250285304960240533372535612839396773398808266430070735057617562036878583024656712309540909496522678114279497212076782172196656262818709266937646929611334580170380472871272188965602891481816592945896119942121810456856008048673837732732773059209923313639687717149811823556103851973246314664369418065264521492251348
248,74094809388148355060825039712081962356734342176968144461879950041181346105516514202909849168246765143666466484415900531037779030387909632831589515565329934266990297561875069147269540930490043750205652287086062220909875373268765227589719699942610441430155723798861474070554176325574681093619956608039012820559978242111496037180960413805044109125697370587619564424526171311,1223322295544341343312148974245770626967909380004491445436125216280262778091624938412717681754707975204739551132315432823373773468724126441632673713642706548566487934002989175994358150941744873952857329600680941574411398719732374598270035177378101147083212131731516592482439669951334573749922829253214470578588750764602673806215596565770840818046175015272501885855530318
249,4652263308814873738460388350080105012798515437645871468150923415979021004121824458544982509313576013709565494009800423830206018537686243854540610639031969301018075239351808900145195474473462942124988688483564035657843076545558192221832582469985225678328908819458332204680725746727989961332465399459507311698095658233740656187175680220364023418523509916210022396990768888969,76562429125884235498981286786251085129951484159567586647028896089546882245874082223825547673746900011276751109655940530143018684765664447636189240082093470819722321320587294188187019351467762635737844896048093556895398259671648295438521043505109500742023991368994270631479645399457488726286256064630433490522279140925625300953770876725827584841667165133788936489128439282
250,293016170601876109520617816068639637458228960379448323072500176539166873943195358078017292881912586827920851587700366867498996003406742427597778280686981991544152426106331015839206550158493701140083374121039316774234029972983964133610190532515215168818702857867710649439162919768979127661800273824115190733091795853791422443741746460193499244972885833050275893453440331886065,4806696511070314489106830623553632064383495604599719415048895684849893302618793629417622023697028938583367049417599608520824168323333474940393002673921966044574828055972659312132689108518122334158463940782042435188205448143845746663864423433769283444349643686901833287583319805685497026091207727558451429113787865255691629200540053882438060400248983677160165181608844131420
251,18512482623302782127299874609185251422236544594729320860332217418272956435474468619836792960532676226886755301358886093986341086154114730596472790375797801488507980575989889732507339427015732137194597842086238397703579947779134017441767239010529859810961542040628076765660985536315464915147383725070501488100435612682300306005290144422783982633221448470989664798119913872661215,302711429116451599823378681812073598901147575536216176228344043300581874631273961881348739499303683564348493240570648621085468538173764705326684593674202833279715204089829824297559493688856670251060774094429002448789788008510187546699701812513023153549704257401548705889418936733841932697060045797266071346131132345609341298622668812687992767904658530208005088424718058189886
252,1173217483225158948102750349013034169900885020565060245030183566929605260673721435033813839232506389376861828955798921193998042252071027388153404830160057887876738194884677581016733482915359477630637806790423956523899093499145853099614220241957462362028090330146017840488127918105294336304608880745813616201213920467675385211497976937321414792993480932524394275514309641280640649,19123043985346261181643439857763166189619526327222743426415426294326214045194319049873674431915154411831733082618840079284058206213982671916635360544049028994361711011782298482161894820484828977170418608558695735829234911280979884148620350012513756334748244834082240345586836415619473142530854812988497440534688536448271030371522758739009311815525609025467148391113130156262346
253,74581003940189128273463050594544914352639727035055702779066390174433071489586548349409316226639505290902331981058873889152361819940925907416700862121019484004017913074180428353820367631242221196838411100248085988173086340962309804375246296065571408601957293261180680563131263814408200053535309683725281873530746213638256613290868668449450023959831103511839829483028006851698383401,1211787108443647492059638683775937431009918734705919475715982723223887309309848825265824035321037500611681158434023475341280857814780933609661508553077381475704482706108742343017664284387183158790025100719965884160289390697653747167997825188068390895423779222769664041459106306521427512165628402052826607956498807922635282928739261303779782691227361475482635270290263157500744920
254,4755638645435443796917423224154707694144788665290090405208347637476986235610815461402845328437542069176793960531404079235940318189558807686499975478590833501225642855631767970693162280613979075620566217749025749521126088597804856637121504000342945124534347820168970409904943144086159328708159910192329274613422979488250191264895191955354219060066967572544839489535338130217410744787,77025012404792408457827844214550603663604898228288063386635791320131133230054725474655689607167494061884267383143936948839536394351141802359089546083680120272639709033464410708047801829353540973032074213415487797463470690337228427789958538407566114709321695869009952509266506051355420725065428122238120693818953931658318013449803783156584148081642131413835735616831093701444260250
255,304169397085864722027640703339171772298273537920928231486408961780031319082296356970870156241395664649725838239430848790188062581003114734368854714181435736459711363441129225442612300310120247807542284074013326240881928437940531824377387020838966925580743421876990287344267630184744548150656542291809070639209351523681111931519207900420214516286775002592744963643072919573958467131357,4910983267809826502515186844422330646088367473081293944359328497012881614347084618769750145556381725620357872612395390304515488343570850954201667626767137427993944135251613544313286684326372494800350801575373202582653568252717003547948758685530981615914369450742400313346359934658229603012012032061412071702041283107293248905988796153108755301429483190058021736270304995038513795598
256,19513869341186083941508119132927119470219148871074780495561234650894590452061646011469214170470171834636746133202129993019128171141988813506406627441565808912982116994041013821078207880937676877046521222183529916730773682482744697083460789374791659162082338156162737698284049310609769454361579882296291843478703072966787621069270879252863459296621563680423067064636818231558734011415421,314073634800609848717107181688440768367911839455792275918190264775027337332341284609503160124463102796088846058324717097615866833348059079256078549597747521717701235091734367994298615593136071879701208385767879510642855740149736302966115043527192907849256291892829312364372735831884133158794491388514617934714024198810109085440393665084202295649799839355329881195943652636541271143040
257,1255705135390375359746969512400704975044115710143982228875060075722935839116331755718735799891506834333659082187577152896521203777447116683855778499783576033250041653135804854875993566286216631609588992495671037531668134539788971886680778905634247950237268274094247523979183847624191093508919217936186238199537569683219819518222289969203276142340491860897051457953718249469500730422614963,20147260971293230931927726832811094975487166329635541404657018249993158475194481141405435444400680014340647767826938333517820212464545336511648923674602264682752347210904185731034622915823394278412861390430406663470813064151938418130371137077395283590649544897626886794733574653415678006496472308255383895506088351921006059827870157681071766032647653971589766034066293181412057645230542
258,81048238507965518727440080873653811836482177990174642624766736969191381370032672805657742831141605737401220375059616854492838331408142461326548030449448914639225020895427484523636012528530349719562435535930751921623665141818350339772774416260781600821581028531570065020875800269590815400092181527102737405267483736331767600188977072403315972314776143124172681323362215934099122030573281225,1296334981109017501757415567644098166177642861664597628455505844500358360451712669872038717795478335176142682124181841657154263295878698637081678708593319072041361613462890186107694978893845496893019751070579006781153363774893297327566707101841865340499898780874308209922234272697873798472195564080346138027728608876182267554233419773911912117601184608930566631377662884366322774151021698
259,5246943509055973425284947648014519851105667858444838564960656279179817437607813477637203477074801784923333628073097190291558759711899054465249659952588543477389470757305911638483959932146879668970069088608286437760101981725971102253676351777795575877136979239073779234799553877722380444582244500872432709231012735171721811451177194109791577686369572299806352263382451686869670958062208220737,83662414403796210761303441282070896749231135060967466118872073696343735886520312348480700948995683479993199052152387685021292011178588503879328006797698464493948388832479227649951210132099279466369759797569617136771708807458062072414351923672010907938756162372892774995770114492970915047585675295875908037692625415334264585842900626734011818017406815555141635972293420298762131501754327756
260,340699420295891364309518189502398589559857688139308845894193129993897582321431648379283081544455642361873573807272034251541251358872511569382805992640367885669632682175705347299428737052229096489107107356975814394948559481556585743624151190048565468225466332770879171217437741872850829394283472412619182722828091299074895440525960526681747976559711699274316906879511355513816869563697622540335,5415651807339881631979907328041487508118907505125423987918534538378311396858306056731856427815988578758458745060914784773537998248673218237199983178075758282684443210937009830806307897409882397618072702194185003042561378727682479933302960887223058924373666082291042730588174208546978536486969644907415138591341112731496175478678759241862172775347768053913971237109149856568016322379492631950
261,22188806012619682757774789198191764377927339481508910054639456699408988797236243343591141950866600379206236925914044476974219166710661178688722490264275117193338692803240302775441159124124018714610660318016152930273000961747525904216404619414969416893770248172537695820223713196539753855256180868467951927765481005347555650152076100183031114287778312958498416135794854998026059856054308913266689,351619991418614778295082271590405230514062180257623229255210586574956458942234106525961532506407093948696958729950866460824736997185338634899932249173581480055306316742881402538549622125070175300310780567196024576340740214417434863140269620386427395330280801841043033417812337255258295758386738466809153731670206852237714860613158615480844551843893140703910954587828830762821396925784764590674
262,1449403723599599865727283803089911237281469376259723652458556275648536950950108005668070534598177405606412729207693983460238194843864682840793219626610279074675675786800335560734188995004546748089896543616260337068781495613405187593434611258762205804323045339339341939991034842514766253973029826203381264630038467121798026015047140368139185288282067755897039074164622846667649798985442084505232481,22897823297129960430159027697642209898038322818291916231748192080065177448161136091305351116106585754226629118900132893991928036232059945406178829141000304773083882699493109289193883197522073320517891391901646503986230857083537628415921671842604687341396381829761437963816260560112097756704409126541487128234761850924990667032741497376827257092759509023203896077666267415807965729063979973781764
263,94958340091381387836409640132235661235998552591185830059003535554555650601973345943872772959061994522570562034509432443827310015402509661933417162298876653485422162325354687929294722615921438200012857741998487337879915679074431255287146618375412371900751205747707745911698408243651886206096790352535863603410122297252141754014297446353110827823868956874789654895629768958167134901463148829727332335,1495574394809961626281407183307771803477460084532294735876221230264896459968125301003599108818955590069910612695697412503115650039133785261867598460073671797381212388671596206902894907373957249933490761784045502196464381841694188494484889653756998597319500765811517425048161142031237102970465549754671504954051907728897179083032786950280791367453075128595851670973146044018713873948270584969825390
264,6239655222152476527608156327413224977644146992001278347126111437105727267780757922742095254965663560873411898359302019819250428276778996296793681930423644424770862130045841405498144704844742750611108912826822179343319401380124981471355848561674323326137234935093676940424577097705658986352882523840207892458804464160863874165428462424823931927250524370715758600205358270572202086257669838135757370817,97973905915942722934485471229244236698470510483977924542570777953501251728024353937593312668421130690449705107796983895883350585660381298140721002552010946470489674109759154571270375712287279617310732205666130403290607876101783855500172350897101071024980030651047682351326760889124421706876986412565036581566884722251003393019426023442474452367790016099606566936522963243509600863272339321422619378
265,411213416721845720019864537673976371614436617086889558319106466026044134971823550965129466369821202698014172513254689552174291628137549473667299443090230077092054148389072294051228984815929199399204937770559049154292934670329616291559036002362437465686638615335595178327024247800847139564798199495722726358625374504499968906909867379646099331108316450298383706862866059062538218385311078366832797417617,6437197516836783778385796543462726510895375677950281478673949036067352331969908325790602518190309231631291635448755099175951139485463530987345564030399570205902748707944017100235518518147346942616687609487485555566723969961898966037828138554871144346368083918591307131255317498555899745285894856145467750275912514777257585554848354722724233485307744812736108279977912085264820075653920730320942310848
266,27179950606416738593836768717147726712255534292872646572660838072374494521562161874295451682241807009288524853575236656246819824020614828282013952052755526971574688310481782129675743269403843256694957792993302535762422811399578581524287555109827979157238373548135348031780330371613053573454157537250205789349158232460310537653853599815374227550299196913206873875922423143057340524990984916136808388997299,424192244322368928086821731279439707096566696210721701812218173601966640276898376021325937865178131345905215146309578240000643744226161163834798788601913365334982878163047330609493077759303243219537555993710908243241356519233183352384344428756387757749027992492507805562945618275129685143278137543036024987208653772522077020714583588439931189620683643865113608491482695917445785811598498410391488112130
267,1801773878047488079267462729613774587618462517955634061790973068795651827265203058701906673913220454046431126726660454488101429502426156658915516927893630896993351215037126868419797305893793354085425339907423788267044820987478868781414658373908632795462597704149219877170107225129730225098875688223773162935538526910343337868413012061572955267053839954059465084587328224475894230898229531258330408751900733,28035195293038394281684919582943520974184646319313124071002087663687672633893682620349523227319891972013362364152583285412287316145756344677091125877696345475012538024578285345917690718845705721703428281597305008639914949234924404612350363477143251941051363730324009440329506383148772395861018281110171222943891706453511916767792937898480165419228113506109430330927668447467895045984525258911681639135958
268,119789212210983251288347587366031021481212931850791931577064399721892686558702551738172148540221487614701106460293292490924356084441160819301173455301090738331182574996457677929605045708082925804593194157844328496344291504001353084766699427646355534336353574905038784975933741459403040779856551804604989717023197966620830542320630727917624800229519556094215555272055582332829636140391290730755269301053425045,1858296246742557297240734863271491402666221588720234701478509976228385404330967192364990239491926010889275566489076782124340716220881932181483009354904798499522128683222086341338317215633198323173803660885714983163035547996972098886162451736699936144200260219877836727369131189627878923169989244407179095871502742808845515633642486153113416232386252594996142333179112378644477936640069858584015826862743768
269,7987236162041868542081505264136006509534001300306443970954509496693261420965605705040826136576220345717451293654092728568028262937949228924696522928313321320078364076566217897998157346123544131907389427251436989439159869535549814909194630067346749182785488346834850169502945605813280123567140375616321741473692784368071813289665007080475539010881805405673553464195346591256780072275164254841180380635170514099,123535670473265073522458229926126754606542776735192250612684925215889504178043296073401659373223193676157887872475970505309338376658827704518311589093623911957105222146503430746023072789813692838773766788543034648077859010989310317440176665945688807761037884214344179036368205148232453870578087588740706477614807741318888194213464082883535078143228518664308217394631269775938959820607202743064401368633191030
270,534112033220360920544892175383522015877098625335450572505540795704185137144532745301603231426547879664593847047346314260117626836053282270072708551957552456187361797027342317702300435115288516622262088616249426181627030927958539856794705396295795915560201092523488609687192146591548898806278904984692523751150455936331088186298509681819800478087607019968931736455800699995806026826966769382181872433793174037385,8236286754867603488272979093707833759048408028342157797526386440714779738354948676287510429211439378432582013342737904442567483639782411422707110749624058878069608549223023076963197681711825270873052215184034949836857265520830049265857134613093642726434925979475391367221773409840564824063314678132324145122635799021669248342093064826191410033756751244925775023355586027358912002755431822423482994316941088354
271,35819611893533215682106918015497007563850104051257365769313707241804577316269091324182123608439677336621631173634008791185817698894229850958743757794063620159354722702812255075354122864513513862516415158572237700043796818814313045292098593220811928630545108945062904465954962873909355660882166064350055724789321910818148115839603618966658569767217852534292980536101290130759202471371106479731087339443743716309985,550716158003808867532721561366022566315373642198905119228985102086984969452646424940237564048974859720346094258014527824806437547381753393081305128096596274118039324127647821548897180616523785070958438632627828944237560341090136727008555477868740614930496829287965644093261994847540760927056759879633163725074969865506973691343939666250386150177362265429524486152948040091756533467858746948899022144958369695092
272,2409116226965198722764153930313867585026643458881348544505767680809684730563851604954157209580459689366998926918050216214120054150979583544908926897274407926848232085906656203378575480425294673290674069293508798095178397100708671191723611781823438224899209857337948756881267550531938064858490663358800576335661447917686943040394471550989102674918725903969845726488144398780607532538369156297798834978122483144512863,36929813233554679299953981872211482049481232063638279814589778882348734451482633420821258640841020274302902377819548717621376023184343160716854271254382975994887574316435702705055375362194079960260365225560523893687430695007946551117964088758808207049539705093287027774423721976828250021164686421010427763806496052093662983963165814688029814176555179663989426146486902442423802259281555840690436978546610669402654
273,162494516588683380851147094648785258445036914494587131839962431599529131600808648820835470151037245325438723376369561348871293018387936527094358282660807734531205224813458805493570497850737434708870364414410088300340608606271539257594520191285640071839181498523645072078373381936958903271490813233269756420959558803332993243819677100119966599562031478944882703629053008274882347538486565126912902298466343126732567049,2483562079720208955003040992507587067714848068859052411568391919694522925556756811137769806360393018751016666760351228514247876214860536705880176284121034893496549111481865588591421401652383790006922577938629770570334157656561314721887298803121912176136631269434589097993000520915721252396788314345423160445770816593103434136579764279491366071052024284581952550504532533604403388026805059284651430350485455028642354
274,10991564038780209714965021782411049675116052464708467344255863233464605241245231687240959763606607882197059330084547872276271177957071175343987317186431457163773792747684697314285408523178796708678033216798198293783728528404601764084146835752598392889790235588647167991894701281720587737035203004265832522208688477611309535904634456157539976180216410461580377547318121792484976475393946415717070471987202800489292708529,167500944390163475992395582022695794234948635709246398862358008505181903294542106860111180811383496925105283930367306807653466106290032086997126336385488100662403574027195858475985763415008647653106832735458822525463915431211654143916160105999999157306397838696117398589468679208521142203610937871341435970414206515741524987774313437590752373801009179468756493886939607964514632601287395508960313894699988143240442236
275,745617138301212701426745920710910990193954994292773642171486118523350855812802592456932662545159404583114843955856832928920048260028374800876583514789949428855282522175400012956989420876889185791988996148903268249446040673901776297044281561473828116666541553999855211821834635164225798819200047703713089415267935037379868233614919466806048238436907048502796904576778649785364798232735558492209654827800974014312074827279,11329208637250969292842789880385485775265551170953355748894643176541054818339034062410099272151426279684775487145637282594819840284866507766831291415300671309664308809894304262393103037088249024996269231677786733209244051645968593446103286064227943139351502053623729898552266394197118804601876144371750063221061427388474323111024699944241751229484913163619308080097711597606389910811642295817997521804277195539117014478
276,50722853490286732347168686859974679639693771223954090074321279562510111269210919088515653873719426990369592890512773895225798281639717773680960891018720433162522486031237834658392228021821685815607194964532191749181266469381484110227666816640664096433589150306020476209199541390409144265625559198313639102945452490717235413212658338791621508612285711015548327599505099354590225646281062237724792429608326412392129049409737,768453756922756895937254341343462065800004967470315298973708188743164848571615516897483321848476597443081093064519375127244815682286254045819238282224295119396097716833128288237105119524218813552048790092106709031570598336592289481276051000042267192374864352764637902316868979722825526003204578683814271197282847338646472069181900879135049436008982793381749056913528916168119176497552886554894982518048257913839523857018
277,3460339538876205026777936863394604126588691458855336377844411173358053855984086074685947729206834204745431581297447602715182565742233690023506370035769856817396577932088741476510131977843718857660156706321807517235076129312172121037510430677990151916869427505071855678165270640266418968377155148206642616795212396344563409997315534826345977595902916927732973208331860340114890624735919801026276444378587242200557124279301177,52271811727322922592826128134521748985038962153853073838366814478957211993786124675079831123331539978787408300282977401586181008978647230138598407711264920496750825897292005589882255465982787028820354869529718910698868289789659412693647957948745656482917379324362796543547669324423719305205438032672495623726965934056419790860793606869293300296929404344299868239991703202315140805833062654124195891625080117959857424226232
278,236731940192340228198027524431163970456488341415839934825307847689037710120680106917026999833488861253693716710639682479140047290362711341794850911917427079827798191611894764174332182237775875632019242484979027154950147341695806943958126403348603015515232343358645263255364869184996827158599890355355646059989633108953315385874924394858483903492815984570113314579976298550397123842547589788830668215644529719732533827440170883,3565700406084171401643578489446750419112001298226463617891858704530726012705367124908278565915419591304381991397723294282660284229459727161542936451431140894398353794314605205621997512505620856940424061495177247404746877958552935482769241031978377474143608338292290741096482281824009962468983977646242406362353089815074898563165726069419472963567668035115319754251349484015196572062408211526630329397467388448033581229695130
279,16241045950135252304121359516685440170189370666956572641353652421790623470038066485674670250528555297891445839047195637992150132174609354524151137852899209370903540421418407320027383309845016353056245763205500732665568694975808491217592808769484011734094552901866428437804846687239172492610149337950677987781964933692156680651799328297087960272482539981885748042124517252100645293394785507397469768300537640387350548375820258861,243918921482466978573030070222756505710653680504368891513746968799947890099683627852493201083230312559334921305712811106670916286981233330422216273475014827042081148365685500663707836635382815588846209546413159969950148682125651987969301914375133452994687256189798545333490344377151728379730624919056053973486476403927826839008323549368140046785590361542321972887041951256236376472867315619996869625323811707676479849188954526
280,1117341801184752102803419197550861021618275185628048061922725679355419758509588034141986845303298407158765302155633898009823464414598279618809649835523721958282430660721553391704067252996892070762304409830896984642375898018542427450974681013183036042880841112857421499867766508568533500292033139979978032836832570366191580068762798249205165209298976473433348712774763419530319113402317056609365108211841758304068046818157651873421,16732674506402971849908612476197250702396638996446468907825480885558954823171675465453385715431518214625687841293835843576216069580789726313927141980554371138619496426404180622173449626296945150290746497284387880130781832422167032032191375099647057853554312670205996851504891203694440965308022264625226955177970231325445083656215404170686305311463816408224467004391570498645367516165609678074443874917876620420711699643378203168
281,77084836964690521119785567860738911258090046411827826842965903627308226157816564587778562131302974519730052405820719968138161660470762672728700503575092442618115840017193794676444036615487458424889360386597744239567025705183522582160738951348843256313851668534715285752629997159296515394651454428697185430755663167048759627616815033614594706165881760040020027265100303019917657046212162068774520550936232375499072984023209795036739,1151066414934316580466471027947026695635751750340530997900893843343417421696260626230631160973387366537069147232235344501583324171533154442785546450798272585431877818259990238025609554566230087833160777173293558096768914509305410798334013821502747374864537602687113098837159907038824500478537336726005349858904350888832551967502507953619571471118644250786593677899072203424383877047300322362172877140935330981539596192198248178958
282,5332841838371797583725112194538348531801739147460938111576094414065795206591166719004921027578869933460876271140400680689041341879279396416771260623802130127437648257597459094754783338364797942459690880380185448687775504597914800073007526581997107908226641059507876887312831571649552450884959609657754040949687566419132537366530461622722662855205720051112700984480742328741046218999937473718974513173865635160325973809170902499065529,79404752002986182009558814130390778273554573705579841585345218086792141449233894967943751622506777279920935948451066172115456930498991760057573796608061982175362899835293536031300366676162077627527974406425214784923970496116551818156136089000714071956938962550529974660912448460966484541096145148108266356458605077419445331622045614416003457351779500622704606101932042898706943964479668176771168743176401847459188968300933314157410
283,369957029157890711915050579074415707478689881453008760170884303042183255863592960133403371950198708193060861830844407346266796960202909317564590962793352225212025187430191404636248632060984858478989749946999955423536089433690529161896911882085998676122200227727516788934630436037316946406011937582174571405981631480437873006130392398590556642779418208670837529070638215559655172039736456342443145689206573169229417981809249864211310593,5492874390614268032679664389270793882047377128745910799786847572351310024683137728170152121516649913733778639661800298088586127097227767916346151331886486873629872661179684201768041391903931972948867035730274014354161532120796887812119250150737171007981115944186099700788013579874226216914533634666625239112530989917653069611414552089355281428607275544059913454658399374911273768779602861318757448194352521466669875510729988279820044
284,25736099380606242662526319351107242188902125795188144770056656971899723003653896539926239293708888983846107429501349780265230490924445996318912015573548442696597371353260605046517194347346008394108204946683483579493307398640721022605253493888230936769638311528893646801443441723740551273105417042327447740414130718645161529285989486423664333740937880477372314292056315536963950148892893029227059433621092200243849472994271784193263370047,381027133372040872047378919717994943860038662704281557171604615715244125552383979945148145101540970579937880260246851252087380705839166821009854856635859463585156593417574005091369232298645429482249875982842074247228617359014432010292678273837672514336424184938241281614801832822801409925620971729178705124837449563198357448551406248814643811140779209256308430232129177133095127751814175654146959669960941812028446614900945880545727326
285,1795267142920089478543162362224817817739545236633542987409823645145260574790250705281454383896446722707860182166614134446933903657418676182028880263598278703942186141737073414400542132092701056043753831297350019770107613252910490257735998135784277211614755252922877967699503225986594804015260186715519333279802724101389895889992312106673620834598196223947910903070353409509961587987712649044347092621093038506429782343971044518899183800193,26503987965145091814264031198058142093042936076331935625266883889293933671778528175142113515266456077696073309958798557813719415916910576706175416973862726683075455909705138996943260772442374060791104242252998406151547153579937122445236748468530971101953610360298838069430584011204771202878617190012651137422633451723099989402885519255504477464033236299333959343988935529230319350498600633643052600356772623051853457854469797971848139122
286,125575939551527419565915442597816357581521496757012761437284414393620834627356350445824192265831739815666831275118307218910910026182698995379932282328567296045814747326346555257425314544773969563645277375147632769799024428530433517985377017989810462533373628375428243682243507382923446732271205939046642725261302014203726252193963389233302620235113044042853056362820370075275318407521362137081650300371263869734410341909399870531207741589633,1848679760560868972099991550335785830066112103823738908042416310245836700900837888193542437105174247689424513044045070391813056053604469904650436821422202919462072542574164408649242946781490100506151106837450964073672609776377603255091193305772194565925198085758596080928722798378033594356176427000358443343019670781346617802671331618497549687398098369684150752364657706829048166592242064116077821356701438627953693974515161235898117469060
287,8807869926941838612214056841912393780210874651101187626297327212683321088703334875073738385191026198955224952518331034753423155845680319011024431240003068352694095384666526535589454557360696304576556076943593147698624128855162865902301206333934640958621824916527633417049404665857095799876358334719168560775498786758641404752451542937616309121714983563717176511939827825435422176103672651349774204525502758736538078745903571640850062056807743,129301440801774978357423244630658632072540539672789269412503249636109515634570300134398251179569388542349224349791204918422805478566247760803137033073237644392313529354593266073913894990830537725780894463840718960611358429512279393521540734686423449130148933668482539628022643894014710582482237260891354741614959914834976149580400733071420794714446493809877321740053152190623991627633511639706422813864586744493005116938751688092375408477246
288,619467581116287135949126341135669305696345556981428540180787090219632861663838745136240316702128568167976795706498536019384243043681064259477863968494192914475563799519722112110697578792227038359890856695288848465896978152126448379455750428032917563932843434016345316102958236435313694481710884333546242477919288978865458152479968835435804504041206016150422792483851174405052891282724042566016330106957712600261484968194814002022654387437750401,9068435384712226845680565923624382850094193686538954598546092458586809502474529027300143737338773047990147562633738869059952354160687536234488022234372696854957178050846279954601367080250869655805109798986697154732101687139748924060384364029305275991607525770820623717528308228760786373732703918373723247201576259150289810404870891361980904400548362458301322927689343268103569347220731836569369790745128433938786761890105905696570085182767298
289,43686340454651722248705009183397125072887533855778282883050560485566072730126084706018718052482418262741952322523414901945202424388489211496397933749187942425951142816546005438753230718008622760532018533222179043103051362785496000343157594392740809016753832403171652375027718522353960915459696113481098747810073473461694043548296487668004600134063688403382363592973911772745435249154159098192582182639225440005154595447058429214957874338590456385,637741696069142443261391032764545086819101288970624319266921344557950296963051795811630024698118701463396263591088823118325897758397671860624807383838033524520586284063795826450429638611169452160036905064981898149214869494473963276017080708340981146124777685388065752251064669850596165760719492080013138220890226344671666710871269365532728411388403138902761948654506404531048905609162761371819302011722163867139135349141939356389462740491566720
290,3089216342039994043994023168347892863047890711304884762518067005959176192217716567315493506499561524434446956453988846211985447831860042495083395449643262227483406991825949292596470766991512252117418618343497769654436186085322075635181021530858828242464313260761614502035101160951589168538398880205169787262811149753322118178424558863269021808249555946208439332251525673961366482831333147899207347822684769565163623984390054780559589876008081517891,44971447703747256540491068847998944222707530483719494752597475864518599376946657477710269205993348492584181640466149649302186189185711251653428031306522333066458215121827325228627651360479055770333775229762353813277998234468456356352006048227126289026928683304550842140087253629730806181330565747246364362707615608999933803391802144106353266439517815990239447572684599224096557784781786309086159918249773903263657107373337732826825745668129011330
291,219039663603800342058711391242630270353849563538112127076279847550959595969779845055395259094411330573971765404334043179710448054307600152391745540505800959608748947786582909265047318669211693575300074542014455442371237836769466334706877875038492330839465334771444444735842267019014840027150937679709077248198543297532407069881073356569654219908403265950782380990055492753622628371377704861483085964991346575753135599817916714320878999081152006996045,3179835925145426596974364380307573305931369322107906531711493662102834425283602210614001846168919905242513391906883658201351459589522634124043271728213105023101288925545095349437073494866278013913509254032777642370321678252238930272477113042275511110885088306836721417169105884243505361266962925135938038888611550296853733482735910363511549044962467497909690852592648999968486495919020591300538769898700467713741054895918742961133097552209065174342
292,15572746682105461045923072921575518215946053956578459399513098614462858316957340574781892533685392769925390670460555212024809625628093217648622128673994036957269373711608542499423920439485751203951228423853930212874349770884846738830152247579966792431662432821109004995044647884686634496422648165077386089138558776803420471763476020259983018065830736651834441951117425698903114198222195284192056922334170124708013494316670418250735168615323428898153605,225447045239615098796049322086367796748400460808512756696531103695998965016645332708005863035276634651374700271562004038875763437599904544193645750991430027042039919110976569459391952827917267674332614116284447938947554873929864024535960925479510742136043960504722775633137124695506191652283368012181242074989129622105388974820803280890750652990846008425741806737863697762159489732803372562686357250137486249947134833609214355042933137062258544496536
293,1110125162044348835784889728958497197513311206544571240515585785173658243156477384714872996652820666403584238650599298274768255116335731020162193383187030235781997601476773302152477689225107576009855066560565106271996356883640834788671078128926654060435531129308265170959091450895051436666338004780558374976985862140074333506053265523332589795437879529409193048885888449205610514481838723553620429158411733287313335068863256993570909204858895377373164387,16027013668076344617695139530109805940245946174570618093882381080768181619539185632832420467235989880854965566249771355665929008449908410835167589214196442324184791518552895045973234381418755508992344708452464205283397398965535362040762075019396551282854153809204946154880902937730496517845603148190984039231988340372420738212191288608987124229871548987714099697355363198274931480595489371305819483117423835613252225867942561619425005479496008606550774
294,79348592426542573114889812030381773823671360530713919553303835172695531694110973243035281743701360089993058935094064369726487735920214871854996772590275122288530955492211825112157271865351083044158624689720157184255820573149419358795175395545536745840502169139139011904433412047336769972052865597255629584216096704747824455199736428115428609134651879045706988756272198541974671734571229206467405021925558332111900615776343074535092208175306077738591169465,1142418284518387585819118804146447839822927913249379569818008037022355637316209367046620043761767260760131643009692832228779622933421593566109969609401221946025033587733902905186701810821866050190311931475785057096191491205659904940701999969104420752154917845337382102817957960372876581241682177649380188870158163502473790730137129298242166531728141307665507719120601536207088539034766501793887323791707658182803291006607847946522082896519741999092488354
295,5686739919897151445439400884772202713781682881107162086846280188611197061093107768755186359684140830022795485710307137711347121182906194331981510203625676807593345028546413047722281423679003489639965972799521763449998639663469400720664287665960238566421542124518072131077712722577742762194209799026650620456188970400760402056091244220023580687691332009790852603908878171590830221073290820810600865959407965766724567639241466440230241091773669230980671476993,81650423451677714408197009307983386858042366433634706729872434590979476762220167323567209300708641853636173942394101400678451022451301525589154833718114278897193903599040310533953026983071983773268184121789619377147927473288091999617710656315182292828931728778009936641915565736085619212189425452401403936018171944750124286242721636840254479574758140104911012721398079627629597181734666264803650901089904244768850646431272378420672484560209628453051191764
296,408639828642975434222645242243283893018237639170565685868663478603040212067070221596320825841312195172245660402171063495159593935711164002458470157530920151269007008767402342154145941984218004901652690734788923548618235741758187655134362615176351082912760116560171905053330543531450734008689283734271460182247760491696402292230016490923766570617206132558001445164903542816001138513463524446160670103864425690330373628850924925607673957747062600014776802559951,5851251946856839480750673134452295671052616223934705925193070264127996868385167258139187793927343574678434830495520598958548908980351462158362374714572611914862307749308991697081353758281887974994887555470808306457229625726288507353239075231021823880274861246921292340088893732112065492258801272051395654363686850225365633228327119273877469575123447819048988682791376192459834941953632977762459049825719535578795455181160514936401255224637554971862006004910
297,29442017111613213737790162857130725098755189783477446533747356512571941445570158041574619264969685766322292162794885490014130560424402613540422201078639506723442302518637567640727792038781005771222971577764757757611211457300799469389903036385461741985393985235655104970354992953324823807841139372447698831513352934924689194697451594550731844471110777331593589131576472710731762741325699810392151618446789868499237870427466692540234630268199580201526451671173961,420428883387950064650687142416083250252973273988152140985198374519083044930286965083278150198435119983494550175124752309891500505954411755714027588493210571991687165160103733106897538962133445918695832764303471012320672086449542094667637852184354639549980244684432768337054538808576532593659639974510146279328333776383715665986206644290351036239286594900546310771880261794551521346894603505013435917414838090376403158656134840307241188783294950040413381075442
298,2126867056156688087825686426752541281951833875894645558177149025689826743880763236218808395236739821795848305881502265902306715740817482292654005840395944631081736662523947778425411016316168305783865831566345049783616020821075674067210819701259476682549329994461336429677963949101774568494482630875269408661460739116356978756696754180385357431173584523943888277641017533208602589932220438145655669410718022668099707207214656816892239602670678639901563645538045553,30289076302980484664312599983355057886408338039189496690592224475073402431751610521079923184937814882466595181604355744096829108254216079199125058420934206923616142270698155316679000584107482811213279297179906273648701420516849742831797956938655917476352031380863132145671398878206270769209561454798601482243190955501060275635356409636645158549411013417843198714900794175639297860164366996881890532336538502447532383973891053024599677672812074754982730237808092
299,154047779730744704570970853628501178286608187100648951575836938516538152752458237540978671078777140838095979364434921507451613591347751242028800294944972715732503150943312572693091217418823033636672433325522445274898109140042548649634459218351217739481241859473145689708888905933151654679404462469876220195693074499161609204837998213422086242788328411691475941649782480655953525858217158857207223019145781684037453920188736102034285566472860234626221788224276456831,2187890726915613733299703979079214440588748220653608355090894495743978213732810573507186546888353096994656055700794938805169518875504430088451204512387656402264286131424982120563806053102680221942065619505390780823256698629598762687504975172099431839208367590525169643831405874247006903228436890762539808069785965994333782511107936748358796841901809839871664637723802845311402062716920785361718525792535860030627881460141137738155497792909591653253350157645322398
300,11186887727322418799646600553826848691733337884655695942597300982653025275629530037713095906547009687306230986178119046669871384503220621509154567165383820058062424881359335875082779991941871616334208733329666618847176621497427743834547794845826031214736662705992420332735564581968787771917186369639716826404836976814557137198917800350783394098853472516606282494354150507723444084058300320575997500225911736755222220439203592559662460184896699359383903150594854216137,158455652646540281164625215262621111942126453326395997867259842992700162916543325331614587285926544404083143911960709046441812025766919548472874118070272090376204402935927597570291650135917755005199934668743370317466225962759273949174829383070897634328531772524856816773780397636325958936369431931726226028017546004147755052526890925630670795936041415960859117847566959511621521739809708410970861213427354394130561982141983060378372916037851893178641516302764284714
301,814513520192833170114100831995626974467544762854009841260142913225526469266220663452205116291259951506711521655001036910170303640787535844442750225408860491896709876637894941591442135902118533840025675805186486694965964963546261711862529838980978143618334033015971836554243544765659871231137417948401433756642230993701799000703617510097877118501170939490422275375572812263318056570402598203554994117397139948437629991387883578667022873233193850154247337946224114575305,11506116748147583315008860084588533789164227516589762686249896634482974555486522955524546808533696955494544197362764784295402403134977159801038907096512421036838263795808430989536355323883054596777301504790883181193871447469309643647033365336385287546541149999779863889726956789983514368156469991110026215341285919175364317556255537044258030650484590930526478480012819196086055534769754455804689490744134833161182188446731814954763323157941988902211615330600322499544
302,59459186727495199233322935646589285841130565314299608353032351079887273393694421623636373910383271735302116031262014806480266289152859408644444931073349228017757746574845374773091157791264045563560296672492794353276412624693284679396859758886752695724450914892725708504235410323259016541742428239452080539383844961236186813808216727635216479453190453124004004261780967174278893645208802206899203271117700503935245686705673009450208903346325593984379587774405064250446067,837693585269577391363668507260462219789340326652051121197663065938908947232915249102140936125446269588022432705307881959864469438462263499624642198001946887664743257842981011934626360760941958360011523836590206325804561898360498818219524655310411867682286052182819018911133563623081093042063995715004814956934373650381439716645536051869932242297202293526255173361986493307700398449222484671271216330593254786714287796711525055875789433377565029535961634491130322909402
303,4351788398899020846909912757881929646330406315829018801266884086523226550525230243804955060378932739443822652318116312293775901115702296539177344806509282763702511890857044049562036238222221085262009705441408204028156418397875310927750748711148626659069649387009230954728194546186126890054707484175010787745495899963336271102752944419252793790371576142465152605924127052988937760856320215926444593719489906133754304921375087225309630395524460840816666547682057066432660029,61146758927339303062138797079966486907689680906291803874786954141920938617306557093279066797766461218143290695770862001803668465105689718558142282920101800799662845569743947642734548060585058551319027916170335044560024279494528395169526458510610284871603807700696148108038147961434989052297913204609340988185662659256591609816369454054051193396545945549181229151630085849262438866617799579085445687790710343886322717820204863046763745516572587648093252524553956796338862
304,319331105955268733901356834961546037480968789186660286184902172850751238418204973276550341307066177427362276777631643874074660838842028182934923785249724322808280762576216560554274793372685505365091726490413253895880430412179471967261297512283178196551977219305643712525847705689960358524262493385097869651177332289691474214758315318331844910047068411224880230190237192665720763488682517120263284398906842076503356486538519623855476805369097196588830135928331333375682795933,4474968899662214359260604276562745508500423617808243833304927600865038569626799589772096038840793871979050626527519796511045776326770244759925611630359810867388652580477574905676064604576725353904238300743245419701229473212645106746045768113605866442153491743357027322233168773099146476366241206849431351070093464173470204674706409635753420814218177967104169132540806768669182766316757439908773535304323999649596638038150592105587298343321799251563369877814760272905447552
305,23492858499972791446981402235265839452897070504290268250028556512831296163167721187330913679846483072919181485129534532936640480886851811495161035992026199311628198449900117894035685522491773380845976623763978244131723529701648935942858303440585484277903938570116581413159982388864933369432336842451908966468444447694531387037454392265906427788208958986447437755328212016798419145438475446146695316191706241667244606670740439046394480485839876595022049678654882558221120785171,328345778309465892174607000673928745379845114812403040579192245582405655331594741124697308362701092622139661351509261859571278936720648430558089376416323361018737383245222709781379278178952512415949612610890631692040196929710149410766946615618592784713394068955511130773702303157990212534049332734498632057578453911482230436295712329628864735320215378250603534718632806097770386383193755964879516666325520825924849967017085396941824686919030322775347135938192069890252659854
306,1732799197778668443860612130634502168330699021477146494944394384278560895427749686719598264490176827034056626934347214573733145854032894669567790726573586959906223365878348558374619809306090390494464967974192282555614123560254036289255661607538673714459999482766668725491362582335344876440976229583993597354508626714642200271809062406959022996758527050845053695734367323839223493630528297171385422735277039106410297312957528400810449805872407992948453497385960619433675113729257,24154286864857261473008033412118035971509471929607321271589369091142313225798561852807046800627869933789321832682648573621009037976671066555822253991938232296848296293505063413049528190246064613825822303001311262017200839583830804770231812882716420031688261684536481078642608237159092515939921400970721762361183676722413430477478271336012951878962818118456633239301988601129480120309362088795077253548026949509768245294981342231285406952587605223861834477829000638729526637378
307,128137110755296690898543555277056902458875162049434166888942833314369697697710950559979522554328745977504733897718530877193014868426540076753203681495117354057048727502968263105668048467228315026543824510364958497448741733184775354350482525385375409341414408971158522506728084279018477301917304652922851315247367278253538611198247065023583511406419869004374219755520211320026977274846374332975623276050276141018665907885138045015932920317795462272375949931312852511011847006529345,1781455276203679812667957943380794218822412510731654216901468405594555721286042796732683263807663113090533365219910680413583491003881733432867675867735772398675079660120385634936482780964608745433521361502476081067097622017008205155130264367082721241157168148882717094084989311234701619549811741107081325007515024803244494418656364454167789032578185633744912153718009223363627037030296788975788650198305760183145206398670458187670066353637318121395742521258734713936417767515404
308,9499757679431554816301136065419402337139375303571869014413265348203246057406036081673787919876696603798961001391356312642042635513808637536456290893777526165026184381586195737402990835238593197665537101945763313892004239060400692764838337688472402020983494721878222615979419275290658041191538565017692795576449033432379677151747726193228912228041391520370534061256893859672066629463827683976783970645063900208957306690542237611836357200007515299117683416999622683560974643427341071,131725581099214615970000061332190046372195954286473372866035652891727273138750913498281612971293628905447496983924746136024961117740583286785033560000597263907249318947103095318593538712865844849301338554288395001074173754862677480971238240141784276332068695550720912130213708462481583200856262081612853860668563451906914663610596230376597895628507224685973334297046250446345403900000442364885622401560054600403191833138000571263312464630842373091780017316222260806927179356154734
309,706086091873498950690547657466267172236930393590477525974924118762475914677884195486258118316462156635677099944230365849705600542097826974302429217884684270976081173799436385336411244018892732947396755369079818866147264323228309125458617937187852885750060438438786852097685036795540960534541376746580864973916217150625561742354454059419494096691428219020641330567328796675286905422453834279570294490553218356603340235078443002990774750339307761746158716295984896976012816863425706305,9765093671890551047722816623905144820265094996065047834316604511475230590602643644522296109614047817388452194436170999601857623613518534873870553034671378713047324377454486428763135522123395644652377819325180890820711722382885932065352201857903209931817927400029153871224362243250059023376285901844607005947182642952266171923203875612456907562264380689447087586480845551482784152440118806150852389725907040218239801022139817346019256686590548323671897420847874878035026146795640210
310,52614682672436333706594899488833008055430838238095511928521028930724230380101637934457641745266686693094976212555212280074245185133632284509794504952429772151963297063425529699239438250846882584560382861007079541836880229008489485457926094307113439044100155084341147107378939290732620273244942841853325543202563070680466132448372249988143493783788038276857096371142518269605645542724557535143263011895474270816851550488867591974138254760785185226383384555194348269987633999103923086881,725755627642144567310172482730331685578733366717039033158174768658533033628265496050828645286254021875935897981182963659882978881623845058703323054206816349229548116597385196653772471274693446066583418513670392787673793726532313704508945610503149707525036923026879738590573177966240037439098936002406221721420216183152217737958125299058995088588059938866210177431218362597527645707338981518412945564202043227798259724186127019653256439223108751978912925063036138845857894377651174212
311,3930584003830595521049984953772215819865636056168448710750995503156968580405023942281321143388912634129958767859140195472098233737089321454273456896502159503622047027849058054303752470666268331914718789258250255525823107536645939732548095598502570009429675797931884063345846043645818275490785053124828656357054814170303997135225766520984843865887824802987718921687613822902843460699040960247040376871543492474683213118938405549885203191371033669574891679238741032760129304932494645473743,54076522572803294781990672246644906338041314529667653742392602622747098678423328644302173062453131160607949751682509858579012451843081304025079490113547060313475901229220901307712187189424998559753664328976334671697320026882196894381695155848500903984876946669801450575080818635864762019614439321276813852094029163009475373989515314530270182530912901789901317425007763048711181737556335691618724584327883334690062681190792957910870758088386272563228145774530858711362555955951732064718
312,294377571468122148370318156579684581944754286693951436244675423603933647867813857513682331460334328248728073851229992545592807479831668362926231144059627137030507912705946808413848376072110354120428924265638345956561965160753438270756125343317448002439492802457379034391713800869019410655329234070605337424690097569477616487514661019892483298252446980041621424910592402616966262785201413804168420081222343267040884423238349728137633030580204980230606944066748162781233560266540238691079297,4039504574328860290941780201006765743995332545820378914174195063024732090723523004530608553992525595501054565337802097386543110007612432409588136910564905792771839278284462911082351882840571156403788451969441982496995623739248865086580296280811174328191705178259505552273151714328762736938144460188574196220583668987427055842761530420077288746926333824340611494974496552094518100176848228465576633204301447264123624778214353005301127516001152616286013425454510619066128254940243803184146
313,22102762816450747873868227218494812299426006812078997746365482205150531997848098889088292412027775965746488392625019606855014295790257100839855790175289425397573328046252299158603118170587854549180430687369171444471008294896276200002026686349256881514462836104788285541845396498375328010146391966439781624068147745661156340500299112251738253217916880254079494473498352814966945471069836587346408220056786028602415520700088277148209112238093773059699867624968412831471835303150858390459618801,302513760968848348011312829282684655564732434470159312685087823053211255012697926665216740047652339704689107094461679109578286465071835807656780364846471073986200945966987461333004566493419543848271638206390470456995066337849493553362560619605248015843972801921996890828767763582391265737838483827544992336544410802692993483608134089895963056336080679431826628065196945224074576473270959492519871758411448789043954773429361953987146934376950946308912687295131921959609505370186107545632896
314,1663716556116129164542867407911503270997933341668578977589738425929262881042577025491444656271331399166320285886387963193966892798023164842859575708543370913804175583919438029734983851589075263043325485100492569814823492987428123559549201656462239272485982603811217978770018901092585434469263585448417145102361396602963505012310473764528808059137485975257532639225830259454721128997522122236242952497367885052668192746669917403901593155478301906737394062648577956363316555001240460455116607635,22712061070148852404454659741274277836369771347397450664189808992054106101682621771143008329908052076502126290418233501122704882523601406847795751363271852139747344523313464051494866726813293542667270011443691500616958902192424375173243101488396266812971440282756279006903453732010134374092959345495242710867242210166203898660125704012792723477024340656620245580483493369177593169079428102013342008673960054599316047227099017028812908907582555065231781698533883074607728703224046779515176386
315,125545104908106691993326706417939123220387657663059812786916857842818170850585594441453477872233637943685492385093313275312211754146365339396383792788198810681012662269885487125398212919154837557624204364579683950224398316153841290086551000303889234378248763099110782504191823411203872490854424090602316407595818512484810683815331623962906453166120233200692684885756333187931998380491920976233431790626286774864704785972713733984909609589477401895764578888917886760090084718711619584829554374557,1709460461581859209608515157454192810061466181655535049234766571490509707176411213383123518287127928564459073833598651688186533139096468230431741970860740596877082533540339205264475897371003956537788249082248695697042895869148258532162115133442508661520952764632960944781430144776183149189270643454974972737506234399610440797447852773854138214289052736642820389818213401878403302785310932577885230955450941760403360891840773839845102776716115076397125803244053702909324984667296511790874852022
316,9497398480821482857303674159766198547608382076837521991538496221998891846813611026126562577572157154963538912782145181084998194173466364101452376867656567756018391570179904627331270415421056725643370410986242912650303190823723865442925788815353992032521758629302358267758281951131147211178719234521347391936810042631573947994296668855966583543100926796949856844884685765004563647220840252210303336574817917111220567133412070279471850542883089563986803632482868671875497106977963598601982084205557,128988030962242420708481343673414218405657602620478661877737276662585745883150338939692083873945139033145745979405744463038058903724367035983745042292051065904789074429616678197960043570305224696440329947244275620378099848455968516207211635659425640030392863750006916888719934053329813653956490960671463861094949837879078409339115851054920029990601493093737703288526145320048204283035538784218902787022418907092975229365291310744988537533595613442141853298081293771023528095262244755423342386968
317,720262404179542665079326781965547931291134696758361880011189928240084282494371141333905901861338672197171605168157454337760162529591808340756854415308545379594751344501657243152182090833904681093405289620080904874623471328329986085335277056054312940567220156834217500516138084834165267533896445485710616469927831682777559082230430658238730606391363351861830377694796723038137556111586534780732788104358505565793833777523627434554151250111509388196972911870107838346935307861369289687968472617763667,9757181067041910581775017263735835902896586438786084003368598192294553371919146407313108289291589814740910399577218917486406216527036369867999308508184240199589307319348739061667431353499771263290857664908133033438273630362651161063566178506408975090751286836883215265101868985544587239463720276195397213757091061882831553467094759747274864857601540086293853907263299794605778260454446847655870560036570882427487988107943768929877223505525768773853241314248703734984938940316314677272807281612342
318,54758915947883410601095897656491340990666391002161467016442518743110568568127550246695854673671671407916009946651074463475437221586748529553962236527168283808912874186529977860537602774581568938930950342849414332736351810704929479521348030764040490254737273707611325988052240477844891879110998357521803894785650422496316986731576822662562664423473806798525266175468921517393265973500685561056718656741743074174892509924225674927115236477201769760492867984061668043910697813597986623050653259083407785,739913058742464408891070719784207774237172210789436257793465556520570799406693831432000270777676965403650900602553022266403571089847738714143026207250563147486353430516634083397360614327229273949797471371315949421961635110221919752121159046887810506432427431208266391034977169349972032413856419532470195059616020104925213636044795182891671020448327912553634792732433400834803937952933302137559156177388549942927735083528960310238065712824941982004693994042828966413711653074019948831519001712107106
319,4173436066857367985201666713793011398671885748397069286003495774299358488879880396144834489526164594890725917376437209477978386473563196902377137000205680972864456014498053422727596303993762521576116385057486717815117378763935122507135884642476688729527676450710243501712711354491633965857867118443722424418014719400646612850718282823511376657052575167640113881069675827497047913283541304089805485485353969303912928587129663714266082786100001220398959408220798981560617332494088722080011814810959627553,56249050307430521361054638067283243193782654750920967624456090950731854748063935143837738675032141573442483274153343030857016158430562217289855643262472987263256441584879096571264529640133268130929208687427033519114641517125311198128439037984389605112217044142173511380450887542382295314791212868014451962607674410666050896202911042774600646281512512364201920826417580024442860086431723104861288536216546737667564528888772902825114659797363420997632886278024837448027605373836023042421198739494046708
320,318863164974731418767539232464666544039466806004655838437384934606707747176289270746181248848600731601532304695876178440609721072733798591054357512974335212087078244185491734646025581633928598335313124961193732622572931902826305043742751749563021035783790354060425589082928683780006600960947121557741228967099436415456288954657812248260532927776399506835193064901908244808828296886654249968863118610092176489895318772326967302494510175171997997994527876833318853812469232743768582844643174994291610238463,4286715757866880418332546772694039274924782120531203431490106135335958447187346748191793004496639970846507216582857781245369501250742076712787615813520887215227005416908184196032821639456333637893748825103356500973624248382909064532310553034322972015299158876966144444331809866383543309886810737503539363417142823819392143337324460969201284061123584567916571319957261676941941121814572244944348859120834362871644202010886978625867281313294047814691516462704234015754206920072627413424131019332993694718
321,24422125615172205206947865584225554166356791963237888792187659516651910495458144092117347497097576933700986480264446636559335112799108228499454693844779825477560325102159677077403848979588609637710101777011640295063963142607187723568334996701602580798835414201231183824853160947323034167817937438278277428330664598158558710210246799665990624004397812841957927719207245668420158760744951790689025368095688257545576103676581161138857765038615409706627916707076463664811973982809990896584531423861000724736841,327496005504011627571384756091817779692370451122687949383174073749603672561531141239781536828180401139912971454809097526734069080125801925220298267569287268528907357132548296362944413431621395638636483234349761911700936252617114946723227369210333341380052946335280919861524860450102878883793527502499922181594957978208604123699144680117188643589973461775768878124453809300564389532094668053179415668447748608161020180008713323612571439452803318904405989336464013457514515533394663766123739184476822783538
322,1875115242508030318284969463051620527495578864458924045348156980900374515143696553062225028729612630902421688394509615954636117842005994390307887606129401451803236460254473420457458168970691426335203409122122609162676759822101926865730851402774522174467779802187246667165061335195321491574167790555687742804969277185851094362649133687401210683721882995367615010357308738963393283881405180394485615372232124953991684863223386988138673400764544329984378526149654677973292429383975442621482768853718101711605809,25081644525182040627772727083007339313811682427570125380337718030333492812814558043876619085658524844495761225374575618971723500411512590221641937127481555217954535692465695610853176702897770204106218935788627629285096114745283238582335812726128857796000402214915068538895062277295351591537159827277041706029651760853054785359821519748822979484678919930998771434931727237523509983398571294833928986391944469485842515726631724101535404015517785025456777864583065447109379223046413540003385800431895397031292
323,144322736841549704351780916099872705117549180308160449677482774914618485069138323158387910654973595614283975486890323807378706705614728707052012446194696707441450146249163788702740949502837276142805383764435338501775967523590776039727966255016459539982118981168572262226735823267535887538794808593782303108440717310881627203130341897192492175868797786453765525718258832082584931960628790469379515992710498137440264335292357091880029053374132118599673999847748479927445607961098352826469709226834293179688021807,1925624328731184579827513074828764050649950174803158905136905378216270012577906351042472508679838243397554048759663855732195423364370526232613671048806840515725007914087037795034692307057055874577091237564940511853070351070064931881600071599036161778591720641307614397333469726554022399572172910409858590634501394373108684476758969952262917084366851035458366656223752539113853474658685199727222992138781076747617429026862207948779575073823894229794736590106361481231150054639444846532012831684641191778614190
324,11135269887917859588925438953220674251219714490925024293024244192236791507100241242672563439306257933724397457351796897528065723222706225108832774272268957691505690793446284195453059817790286741495086851389272216546524870712884317600761455434551393657048661580250021903959200883696536480859625015628678227005916726424658524205669554835958941832401300775654049251670924115197290433396916288828673211281372481019899321411026840384014222927082849883472845523636816649718750350090404658478311486537221515710095879305,148200465078981397197549380721767779315274632457236891815557714621628749471554445085215221656808371235202206161429177980619363714198348349105116039201379513488245894295348713430286666765925948779960706454891445912469096725461172067819051654441642824782835105722662864481287757850208730221464029602628383887177946637370621707123987586054954297450122534195681561251492706223636127398142599272841288116932828581071110421943125727445039250255267106294568898554905511263150481390856385147072557418752776453214490330
325,861237375162972889677104460156613714702736488821711163283309035653302474326741909657436513763103937711639430608288450227752076931265419921443572607930402994848469985899942185289220578849174784253756918178924508636360633779449950695844569862788888772455181968274263402434375344716025130605040981263602176505784338073517588149537169128634025823533532724338751041211346186336738350843031606633576507728476334939732047466268798412477500153736963535510091744885245080816989855336503772739613464709031033555485927310297,11433703486947934359062252340642550454192706330747740154939753613313982428129847505824610676816672671252079140639791154826361490294443416299872390891637661549672894591575121757401042428599920613031092273087542618282234504436013177935022906716494816527232210177319246608187484370715085514906903656686904949181855424571578421148767627514803416424686070553490725253705185120447817344658521208586708097294709781180113950853484941143161541834914803502461792490113947773260134440033989874678245821146291027445748554040
326,66772566115394182188925347519742775552945276766443491165208076936794893777753474649142726084038040593542138101309630631045549937748086332640071691203982106377416797994335439823707205329898678014589262543476799848720726042043440862923933667513823053271601735936812610992834542263545752636681253585446519098479148208182861734132690749395014955439262051711251029977315364490964707531312855057062130597649697844701142277864051650348867587892499188140014665912533803889228586947635150012874787329541810831940937701353507,884261199500273384630055145882652482156414461971796985760476616301809636376253216748027656501016737610284127891336093616610468463985275195578018322637644246409181260522824829938886988816652745826483059083413626452170408803954331041672086367133465991855537588144244334945787227456417829297128694549643010043963449363434769023892055789622173207245822109823725933134786748344951690706859444440114680459858444236074309363349419856437031959898873459586901208426743753725205638207064760213914385817807572963062954206042
327,5189473605750520454779384437343258587876795624033817826920293672749884402164406752655922604129677372227755013575593046163775673512836472665303766216400833198111842254314458909602670066223790803532238502153388955552952456824169006958304665355739021665615323377145956718957175556549989676835887490655988516822452489271387452160948870263283869264979418880144116807644553216197577226659048000438327756591472081248668335248624440695286945186446402260580047097368294405877261211627429671151786146259200471604635797211770125,68553154504720863542661349299464379369941298791908224701792050570883935688408794786822548857132924582391017187204039820643698085453249765338814180654505455640038987522020472165649861502438613240871533652680870763376008806502091025654358259206544043997794934372641410716526658406192683303673593054394454067706090398683804329693847473217685631537753544551129086540616524020615555249189510825219944679891232023820960124970398304644073662160108742100696019723218720853763122122572058254888937583263928429353704169024062
328,404292396533485807182816123551236012076910065752701136000791519175827951354104045622283052941225321291633936698742429730906734987063327317850702554595070137839603875540606380626342507659326485372204877182891136456733861406698218269401689715055587319507600802964835832757241434053726086723724706638405843774234663682504165148837076675126943509130219313340347928233320313006469477715491061377125879285020852421259309421597361176100712617398413774453375086573470800739832459318651749715256199808305959840416781378452756397,5327512949033387060321186421724480599706190689880205249405849220908598679358650672772575754023180960754372931273425110161244097405912234592408683011896373613152074675307519904167810716382330011008216197528980840409536651704739897019073336531701145840667719625249387978014236834660537818483931708088577202301906444640306288889736857249111644387439145133899211132560036989043444134156028604962810978704574026414626003022050272574842963495676653465711915435520496011392155373472209038600987287807262820215009390403940768
329,31572710416155464916334142143819167181643668103029396725233652716532584235356313193425147185594963332759221325342275709281069090774837133589228095215779919385828075955179402332755592815839701592587881442425310093287637711280500371519947870739244914242854866205859066165860822488705895242880644522152088943993373921005335724220161838047021123517713422114336153434265811929855117246643745239661709630369364115155944832241852360081956895284990009952651653681654229337710603139393438335731170615508220293888701998352980587555,415019746987778366417948927264841992210384604011302879479553619400404375326466897593081137194905077891189823557306103835196923166305902806703006580149953892141136256555352036617560869124675133120899398520558916918456424409455880995396103445897969461497494553280373310764203819517552614402562701602137175412908791523117409674552361877859461297035900680281857931861019172005264898534601117664929114205476739360299446457796390520100926664055786336311008984445648638956131804125546259399715170407089289520877650403328686926
330,2471548875799873785245890722748080676839478193168389412686279002685763831888065125931317951120302206209665647814605533017074965682759254052827104039768184113670515524115113185440231779345760347459638869347663239647979154258312119554489884337827763026994495689084466365517126156047879440351771835748645736736125673019890508065627524907550241018878954347408306640395107336316691428491442853405418559547271919684188078602067213150775951288329308299910056115366405244724777872626208539176515867611738461869629952775740985898329,32408369756916628387010408625577960017602887351835913390255207056445845128318724656019697819017311359322231192272916159404661394413549217325309638617920103367652064350541025958708946096331470666130456275054439817097579217286902923319772347963527084170486858294244111658513872789352463132592319653994174844380552865212669917772427714071825331628175243854895579268382946580580308601217763553665120340877359624837528208608800482715972254977151434536653523655533438379170682555858094550859348007524666434420624414453411749666
331,193938762347826855561080694987174696091700467359780801931090868001180914725292386914467326825614970210099105689577504562076297069698402446878241551280923861890207934394881627553822765020645250178750026598711909460913965127227252470109384788995605528691033123950589586112319004686369059959288404194954531441262285220792041135701581309081130320641310549291956507872100027246910873429191362976864368853895663026757336500378960859296800395864106111415410039793446490172023581736491445034327638939682213036468191576691901482534145,2536803349706163293385939251695439982272491377709240522778520547404738175643421860731322276224827743967426980605842250741074362229040365724600217257460580046005435843187362954886433099643729726385634814285682337886960135430285325599529704535701972408626809470675714587397278371706597554044440623669622030079848700420446373441739645525814340022600986094486419530833202595561812487052893259907907016985976424375916355264765110391234248767429412455617455262055048048801241498292698621262033259173466333136028031055404262614220
332,15254401334996048170787193873675762004990452717904254953939875156928457575563060422317264688004609050693901760523091392244206250133227781037705219058273775553870805317154342027016211700718611600094771413834458614930190172656955612449830226807586252714954486762273000673830038794010144461582285790922996094823737446437232213196292107500087013774738005343634097266888938946685824241713798890409178614283863728888636221642323536191313688107188017689154479229175154894052708543807366196652520312178270701655344961312872642357463455,199046546631140528314493602613072733320673501178667674206844537711173357748786047827294544715612133783403605507286127854209375738601245858340285051392060306756994699407632317773445604871881365261002594645256567032046470340191039288253640285644509688282819372665907800521433991958050553865573947551230569649746681506166162845258549578557394694613828159896231590919661133352339878847646841083320256434465726765459217181189928067886308701788371171497560146892101963971181246929854576610721589662650015922872846073515844168494270
333,1202701680950136798386649457571761395533877297348889851062160895656869768444243849232884344651834540290904545472704520419424891322373833950389180173947713580041217719662872339552970785759392643626410670503331787530097898394538796357600723152605185136013708002592506830053566655857022338836813464450360226924657364075555445058845770764586601918311188762409435942394043021721652591397813415222034097505520458257043542072838843993178605906752524948956154681992105341695852641977140841541185364466659866931457132132579392498537680961,15655169365230998491895177288511594206255252114503850757477017264540307534540052736193148061241698980849750013541994625018912095930369506663660184955771208123579323886699262165236497205142426183073826875169200905145153598392329366295903766383981230103720167358787752448335019195650124481124635389430818657023222768391161207031447226560577696235885451985384606050237375423937372923480889228992146652892690664971947942577675267189506444162003100251214503955048718278773152584099571808905772371666995520168171284399649596783137714
334,95049525887623218911261042646693551525113857069421736625759677867763869434622999727107983705801730160842522244403458440127491395388644308952682911744466325358847447590137385914552223177914584103019406940626064152208735611889631364344959281463200074818204976910147556696625337314305474819825282899951691998201085352884058584905918446527136840693311478200821570560456848451688200109450304445276369318298089037677196950683923980942421207525798394673925432429345410705919935542441274841535782046286268317049668152591319961286610991169,1234221877080569843901364815736509990882045855844252487362526540394560262354078435117188526839774613274575990985741091465131214058619482868745481780139462910881547626142010019945340659112650099369704674695092479604752082770621459652753564888868387621514925592549553035242734212337099888473294485107373000877609467477896468857024712329169570461814949463649086854191289587496948589529282334850374590547127382883170282611910237104748731822510851648021588184515276579817648899247774985188355379258042586269454285250897844011571888196
335,7529538908307304391727266115081715430748503592358703837366378287167519571656278883374957450239440835132490172463128030470309080402256534673525150587762399265971163936532055524210982948867733426120742185336378092457640630964731757810403059491455695900650258221368897836256838414656111805705059720847452825867430883911104701458424387902493618142859059283118146114661010487055027177075560915208227059560448575956402749923130024252660699519310331889994534642570521024044533229310855979981876285130601910265080648017455239748271951144863,97534472934759111434280655388299251333452476122687390645747908190268751649988795309668128157738799023557851873416798855493962984520752971285971963516005078144846221561307876170966567848967301427514379252991150511342095334918894224990470318310254159086043193790190677122164008234344476294910244106898579446694076032082614274648760224282181224757560000959120078992410033911658035042228475040726342876471952350501467767532994397228765884423228393288643801676634061586130076058469962752312609123674289073295410488365670470127700876318
336,597874895287417452806055834447910837357923356996715865704948543034584775210001289760787671948211957865809272404154250023695290277090266916341047772507616824334127227890081814919710902578099450505509633225293457151130549210761721534301152553452931738116003067020837072704622873503232141010275732369254050220990861078603655059640301214322376686361270050956469827648000842720727948104358667910029092655518176316837948481515241201129828058934219419305603886765170460701650032433429255364249632964440587972142318684143847954164152368600257,7725908771162232493874525173118163096975442977716711455299567960558254418429203751018408968470682587231026868891212914511249437382869006071981695117524161154903295613439382926445348608986291937479273325624962533048264050754805131875585138875070895368058887194233599526635096780347941273258969733197369346923889756292398677551888240239976675078070547590688683969460668211932810028867230114967916538818019358254381545676403257434482113776758534545414940754338951826348982430765799548231038707016992636832923015507703890648014521993698
337,47585309509706332000177661733264065238085667867749180932446294288922691113790431518917825587003263837242180411302504188453729545148959033681723999199577657308097410255255921045936071069122367897649743186936313175079817045060484531488156781423688973230349239951750484932239809145559991189146103089380977714804826178921326704560288093027617187381196509887047698853436775586336672624283440053159289584594984798866438251486908935841155819554483015700344832731823648202372056965432416055937420457810258672565601547159302967037474829514991265,613429504587768615009709363715117194767958759569951472866019601940047141245792987745227781252370870489824497437984158081851060927288778172900138032506136115618416641279065023431260415551839596707848114579023984343340779261758171482779326280231245500804547241610458607539621315581059831676981600630325374255379918113169445640576260974808441624840359129760725887834887016563964801812843056704528201882475153773316739772917426470080039349773266241541418827944162193091670989069559863127357885375867166684320643497406171882560285012920256
338,3796236630401062180729996699022495337348393525364399570756459155203366193312816881074902866625590291450311729673232438357267647216969345379429717592179493743748618390392768019371715355075114916563094736936374358020391789074910176182576338826308949025856799849522579805736954302573806685542425324462658270093606247973788239223338546805552351003097960732081236689211052316145416371558393856858354573432771678650282447723472421776229226364032451050197785718692000187430099883322225545033815597120866854053787706642450242857229107694936504483,48820309820365925846746983561272565774210643701113794400975622970157959282810796274878482700781870671137172393127418656971186115613378766086008965065226905099219544610578751503738193243700658821855721740503036393505526270434444415350781160222990947016949594796781533007800439032840019784098833520659563649774162947751002540042095882340794232107626012176384729842343321197668087189348027812538886571745428682559001113898766128971075251609416270278484230237090094075273375221918427181872426789321627074132211225354063516579108939691533506
339,303562846528198822745601345437986007322732520400166821014438599571968175558011983936119526039962463569883333540323290743455071029793505904689869315041474657752193635794446738993446106559932931124944403694957895049409513413382965156370047970729152535845196202996613509004630137319048667423357429548511575032322645009687001039331994576077709450010882408074692606169752195511198486681023607393724756209530808079072227107730211189961351838569190707912948052971004008848606548247767417654850775975157938274773362670154085471003934600131590721325,3894523578578078599413509862628817987586596300251174746454494809200267621849367087874409636544079624298702469933840494033636607768543701220873762395205938022014523375070417281898862853805728812599227152234258546996799602222398999420300756605015238355876718664840622427304769719059434299347023508039330728323723479101969523560494682280418726911964607358088307139836045799114490170627554120036694577147712464886609052970384650034246928113173481929735048940074128149831721151578457144961938755156782549990612105692340627552514298570518586406
340,24330784134850670292913347107673823912478499688579224071190564784269619509248843893877141764609942721789537889124143488509276454278145082673092333179739791998940350838765273320102573162862242704431621232354346049700687686335789092866542002169945014191495355021799726051625708158689808753984667668501484802098238773024063033098490204852798099087002545638341862628230631603034652012408629006724119808779522379570352903866165195864048318943904504131300543211001582603784986022197023689046922334048330728349588784786253306125190279700143339598565,311403325743772002305437591640585657703827682237471459893052564945295878900074927243615438082252129785917027825746047909087099884849949250525673821364544299796491578896370807136640777772695798964548049065333826904225159878322619045190609627846396575397760715654055598436055460073238426413651114764229048708114886358811704089017918237619471808310614324261202262028388520231032029554961654317003703361450969280811718859520816666828606722738033217323849483446971711052545546162360187295273985921593628295315696191621127948121048985822690017112
341,1954667725437264614350391446637742591516891043561370430874841097003797107395410961808757066079363926025151584336028855110026861851834924849891427188972292687076912658030331013221750723528947341569181830066082898161507425669650870857534036265293770965417558340950806665069401756046746323634489186809344241748019740803106342654906485542350373442264175544278465478405535519467897123835163385092793660694168116029762510451677769803270845314325293633560905701723066636458021466194891047070944796843090575436687727650384320402980648681563347282956931,24957693136342178196534844451597456518929283437180952823608393829703681140287794043419532306324722205336719880261191958526497102843651815291222437408253871547073178356497281274902105041174121539354702309733551148187553914329764012705913958750321588477229439077052435477984307259859809730461175626642554712325549075372128952140546083033938023539823447034791228978622204021436213956562407684415369371024877799476743232710268932197119462931819251766711092070276199674509735822549215102510747042325259327147087134829583702252989997982933472722742
342,157396960468347926272935824299448272829968145122434932104300978861086233266489813985421589310398471887024791885520266042673425647695311836042644931697041025591612404276825838962098740429965807465518010072911319062383011189315659225677207486199381923133240844364878784176141489915576672494081677810481364783507457470152173528906263109194294858712152922877164393781053786411552117834373913329536251515702931504737858756469751876869231753311376719090650831172770377733266926803934090981770808126046094095979838217855195770198944251612186332099592281,2004911091368466757283551427462720615073120782013258142183720580768457451124024936476213551525615783390889236712576754847126439244102721532735557143049837392596525521809682275170514367768359999556992720991702260723322176918688543725825038136019437141620782295287501031187775096396305786580905407087142596677542630146800749617717868548298692840117470371629945845683301345647046019915458442593060898058550081742667608855537952118428739606134934047412721541056118328418745177602132861025169784017150674054090928698037712162155297770186592453738146
343,12703504153982783428115788834257058093886149812220628316023990111652254124014379997638189704696355096154544367258308251291998469628203601625874390319139628666073594744858635121843604006139730503993610493921922251587823179525108378914266182504557276894875187544897828487455640051278035111499630824101826330625989193895527356473799102691013402813865309428056762755161009530108545703268330591956407828954012017981145129334365693880419289213930627732194257021774221009907566805516618401263549917996301864819164103637222958637365169521810565354892202305,161433065575264218395242045017119618079818116339428220086688304172952670452660011475293688968793710413444350528799022541645817493501142450499326463041316182969539222145902269326147231179451935272838118473533633247243437577829004853318149993567236889010998302041402012498494726185509094746771496943041859688840732609727401110498916548229021051489971774188177515071868375348648795598214385649645131170603100593516973305577118885019910138723072696861843996994432046770086251911783687289474899276903721758901256899083864056677625111931654472266717140
344,1027665474293340485794875537192434388009860329402064148629850438233601137951575938139266101252601049116951680594135782618814566177230832432951536919515680036115285085393037549542238416653620331024056681354882346802457801679413764821979806140413006904346157305545465603113929039582440220375646962669259637101724960714217328287992451275810233868857822282276167952748258632248427582474289720187899659494911737766281785082721149145889446733808874774144371256354772969014130866892172237143685768246232579103290655344160498129377136335872843373036496781807,13028481392033965525820622512382178551522760589015962695182600885487380726537266745287864558646275624364840373926041788551597763598038276496959239489958805298214140824377130402996664349814430596674769919130774415228825844528531449528570578106100072490153608385769437486763750352420690891842365730473480776999068549480478209777701128403916098013193256828529337344183345774410360844845258695795017438097293233835691476716210203059200708428773610596975909239152901522944728973122548512262301287204060372635916237760907760953339130548671036085864664846
345,83325571168845994261250895904200838712554860869663664036693035829081465723146058386119418355024165489126030378867538666537577495980884160267517022414822014502451614126199312512270164208872520070934800864491317409727416496333328548573329223125221875369287858421424926537793045777529444768318557887683486448624787592103984642350050789552320869851140537461492515882039921772831944408631052370676340696359149714156357472420768378352901406572755174042873128658650481344085889414148086718055129755898358684796171272011866444489387840403945361178470910600457,1053892399827873988072937386071716488449641931329743007541204113680466372384500116805512898588589591524845777465547362893431117145995617767993375640621183399564084753028494523662615716906351143064743694437352088039771741185902850734624691044081205904293354414428138100817708584110233028235551322144854498504978773757797731859826783594751460422723039548595131558184857734655014587140619976607588283422878965911595086762113770420309782565736356373321187694029079087261132061542648493944911837414939526082384343809411962839020459452020704341321421903858
346,6771742104570595045162372946142427605819517961519271403439915844707737693289195801101729548044165348628483054888284827812386542839830695168782431722213296177027929139580616865506314874853667417298259394352124323370999873400594337070958265909229024816610763207289362518737827884098790128966658472377434648543656060618853880882864491248115465199541755918118711945328728576681128446917623816006508543031062849666027634325363687235520501062826538467110675089238019756660660588663743101625627444191614985088625718687024632491096898570229359106235667973998321,85447071147664422869992692742008895160764542794532765149808820153518544261143261960484960203277231405102454621124171395409217648798628978654392969894340058797494167573461301709183377490334402573940263170197657875385483685498476676075470558618323752287754901523735210121617050167071427561100812473551526331840701783368670367748000646906398279628685179518042716385207868802313556008348880117360844496797324568933837820540359354632316359602176283255987137390345948175817885899493314234592349765287171997167547568409075810322011266749008166150716786908252
347,551588737471884923109354663449114260728008089107643888762225244057300639237723658420610628256677492772889880934606396649168612254533122985749237931432840017522945989542241476290213870891670745417077033626590267864785663014844865242058778669948831590573520241132765521474739744182831696126818549883995410343547241641748633904763200834729224875578758947218614670799739709315649886024461991269079459779716030721402920752215103382794067163971675094893438028348649504952575027761306863515361722613184848351010294637072024686349696311778925232517033526844872991,6943745551103745283088042753152966172196790638845020304053111959208017649157444184867937995998633014244280347853295323128376711889720016770808854671077002060116431529577935503595848538963562598243833233472925733483058701486295606526283742074578562224365930569734195826847169361170717669064493033830411558268845331112805861445464017322214140184777418325679129295443690143223726767405338252495849335258212039927488686663268059149244181773016453910968012504165337734956038408578183372160428496289674711854832628420999296149427843770396889692105190331309566
348,45031928457675739157431445011486432573246217829149336180307422880244185777841678388205916927624310837224516371544561870689294443596794645151547355430430634781844693772210926888294251687346179478142727321477354313620802557537825737669213162024540186342613858113488980076430342639314306261513783424899178970358533927413653785963884957954888843695994095099068700128522434072129459285283265521041505947141967024619132773977528802384908656255328833805338896664252583854808183892414865474476747055963796768990708435951310721944726864615524962378311478564753359881,565566157326694098896796007443711108796320746683311760176635021719320825616798561674596395374825202673212261346024344577406016915503278595437269806075251357146379255122835711371803371943300785011364635965477704656544083473033049797459717222504366691405240770104761149077190988442617610293950505066207710093187228048655604805671450899746823515547415104552218001276526610681674491537946103771102208320072888515322021327049481114343579477831584916979835139284379299364217663549743226550261143064220988667457507147364089354924496526297415350627793839271026314
349,3684793871757340516991946018293409853173064193239521827391310371752148659893259028585621913152531883401623040855276130762619166595645773299887170178362382939123729592422495637915401544050922359529280866647225544336919980286799043191545761118040522868175007056772228478776806344523638129514639935670910679934436832531955984953338077026500658809982155452616365842506120477097298474725824735177648608380651497116050169397751242599993871570632054774645495628028488477390218909565974046750888237961032479668167821281646829570116072532403720730359251348210290763625,46170367828574748374123198868134440672475886791556915819586733584827661872205210432366380816889185338654731624501266873066164090514103033368601130324777264410303707336593722634067663483346981608924113041161479826818608957171117088034211502085148452115993262542727072169182653518805101930607217998499245031666842540620298299203140783344499307199314095411414111770520828312502285111447987380268490806666261236067489131310429393671030332047794707075045601042743367376723728982126366812633563553318851597759152304576693219944057594545683654306485202957293991896
350,302197372447204258730616290687758316789430543032273628413190534378021024806228941345133793520625778055912721655810103440134471409844749052450200802272648414737210754067385373875454379272690360345974686299286637524112102490040146679351440623121515615533609307055804912644018144231552227466101576404667514482987926692350887897988783043785028314362934575784668291916074461300961209498855547682527392959891421318678124532051432860152713807516759712766105865667130046366750730870387016006863308187911070649562980214685898255299563551039886611409005259919436001797907,3777729693236530573363043834219278421218308481188639332982538149732479220372177915266172000018097277434068588491210567486417507660646278413414667051909742278754162780947247293383478572871584308064090913113874209359829775408976995475294323821333018171503225980928118591517278395776654976511727702083228258013040655249263421648668071538637144211558854164490998701061057497486745510952652324497018004854237775638259304891482334243624649471031477203333340086652395822039110407492611422702954533370034909032955646398948120007775172776334015167001052188371866548506
351,24839929154164148998371896240482075390769015261021296964074731484789191679050209293107192660078004654764769293090196799223016450680130036425519162514790076523085413229319766684840573277115042409192862722910974935341721640332425374003034192037966256389405752935340759584603166335061856453571838320573604747186915118583641533283460148054874417337953833158650789601991515934183646906714408918055397945396712785003646858903270930702527671972624475276766128616380391273371266290573913031955076375850151973363698429859724616542795754027063959840931514844714440739162013,309801406221015360390256468782956515131492162317258123739296693346336143094688921361051429817188279516373940030815643353126184810910243506743276734353371856882097431418815377407252881544498044762577730086203933248898251947887272260212910541020786153526784804268620238176438168616329888172944245803117470393512970300511356125854484071956048290093411857013712062931006340327814712829976259174202631450254587746169581956935297850296332485807377696774592755792884227665114999174277209344077008642618153110426248428630435471849491535203835216585678173675047112080718
352,2046395490326284565237464151144379197884786777592208627728714587864946193059198519491335154125640564079399206120117893238718157908393212917245741245415272530046467603870597037460526966033436989872903971711020285634757299634161966558959133320483954387329854331772682427052652974666043486258955703177950971171548952213214440907592093163166948730381544183163210487972267111366618169226785447115028002979326524397982223613311894090813778287920096897919403375246661000350589024311873364811753723994294457972414182280216445487483525863301314559185172866324500603797091261,25463505921683118055745045550770873802649994782562916806376465120472088473519132436390905172840468324203074179579598955536733665793548426513052303206048952006474606190223848570089839919502523927109126450046413933197537963508060890313592943949029611936228942496460766938415151593831690544858999515786173326494515725911051693115663059984311591348210316705626350255457491121652339755635076882526613435734613489750503166008745621605120431224974805168775387378947867989689965863782118966033864288375103620419147495683438251013635519048732623330184755924614892293745024
353,168968486788834096488306982964090824322816733476992282774355088427704381406674791387007103612603822143921121953973591525784322898936028925534540015316879195449645591077088215571014250702966746308590803967798448883156587374659874069574852629861780285324348929706777369874314072358044005361333531952145268154630520850069592258631700812899220944237858368075948873225420057957910581982561996031559577739964211499916070261910032195408263421947992082230840883169560980665440743781805992861269693126192701221810714097713336600877564403432309143332753606681085123027927919475,2097648356728529076976103398683716309851164230490795725245946323976228465197675260520113398202937291935544476248016936867635982339533224858726492078007808548784504567267044163957190936977775299068075322770302551561834229955143298526638584093025744876912775470703725148620236680395036928910896517893055503040333862300895671507864392779147440663426779632912390539778519954425824023406394248581412464641544543967391270076613950993426467170313334648100601162718618639870361633787372928251634847783571766777546116243047546453084802769223397395754776192983972632001629262
354,13982865498648703826234355416521645698257317825262207960325316853750998048076523579831823760833428606179779290521326722769623771985773596759126666937235428641973908126020528802876558012606490806465931961586076569231033071179712905758400054360131722094618581952651400226907773326266005157716629021013542385795787120478574508069017227044184219166377066925512823260261161232538841338921825288902460727341670945318870823422122277165879005432160321230885328003005774449971037787167259860773375843998642012441385079625955930393313509761654945240228795203832090004035943576329,173190563295740133124501096802746546209925655544875475612640202840088788526732614951040652668597718361101316559049849808942569905635934089233785639157768126474435859091501466475820283243082287630600014773187744189985044085705435214674877530812605517990464861328299452004063776881967005319882625267477113349215880266128980666400881700858435443116770664182523088273599590198388745031272758032556894685641333437350124416410819074397750023598752964488357216066360340487532734299085661473463731206966520481388122182445615436426998293559291099331199571681365086342714409474
355,1159733957997177230728917781665513926176770316539587989467132531829788959464213643690183525469481154497274201247256232330528226120900232247614516566423803701117687742796069416131578049137663993146972030089762632356409003666394380459187041162172956875432825053770278880139722504562286194571415920948808699857667704065152861723817928790617253859612366867482047227326746315657310105079764226104286414516719150948971810366165160673560945537316652262926903092306087364927071659330918804805520120466671259094740267720218541378155659513000125989435400433687532590197611921455681,14331452447830086154418069856603026262936982535139909983044211316778087993862403126850742347440816371206710284066124032340258476006843562764592691316366456182265709337564089493734881147981805546306198190869667753859371091891372036091064692175348730455855210582750293180663744241105182609155046852946196413064755880293702858877040403040365150803848482611953246162299123211315395842424959841471169126106883791389069901673331265065857182976686774319247896943449781002855492411766263574957089892747864252818407957177513925512504696438701910578993045937816061077860814929484
356,96402815323933493450816845406934993868575821622860387345612726524949418252485136847915724179275543696830551931411239141381307709291456591578387602289358556651844029045589726076110796059624924614179383763699158151910924352768982994495125676845752400210139326099234718678300545904871225764920628443610096100608917717737135523423709486141798917330580596552028052607456308639412096567280038839345355968863600961852838097536277641344174222719120640248548344807026140868774925191637057875293675378296732299738170245477194276166949897878495581679451015805114265930096385571729647,1188578963439114140770093050918335661711978738959992946026170727630028449512843496957214181558528094408963804648659129986555159205970875080029137391442139170178778177036362174881729332832223459955990466549506124655745680058520144439436382996084346686204368427261658283407485597084749756119206479274701426622255289516925774615027798943128713901123622508363869857170297064639685894574465222791639049082071538632297594425368945367290747963785702525504493949554525427175945460977754418816760263777499368146170582673580953499723344761591884296249724995410965457078709975115342
357,8031333220070929667962186164322870143819881851840737139165860549314987991128689432656090574720187682584208996991799770050502168519422253206479861892692221274288018429974222123454088131211952950867305132123636752377166677549516021848106084474259148902272327874822810525622092463371762354485541331196954494943905548452797433042660061666888057096004786900062946606274189743729910516943443610865650558016366489272165649053530271054930850564764116039830919918773838706641535029230181059456279438800486093712150750420567069340597877378296817331933072201168981022654508035250653057,98795040244943148585176506902623881488163545569055588276133117985053216855055002106701455849518076622330426200492143739227766385859765323557978005492391684768183479564796616881400162988518488533523528238492616698860622194667852625485834429769776837250144956189931921004608893249040898350652271965599054816770095108424775034456403149617378473298478373396842990607021385498768304121190481439693607118232919242103838199919357482580716849984373971347459906654210615695325112745356343706676243848412833275865411768384949811098501506604206516263724517028519461562829540091476178
358,670578472054464705772964886686889487081489905801176843261134857146575928707509973014780478305250969716992592715926256944480189614367971820669007249067067174651543552499589663365069850478425415250025032366197300115643891771654393355185132206963415194224051562524302399993357383027440123704071963665866242745690959628350802207428535362539392280198594913934464039722010441962967059512699631157107300922300615860952361744819369573622785172239366333694411949922295310676902879491902473987458396550801868817119706645501225189551630872546790768241309502949091808165929165966734744033,8230172736793380630045459516005382783585427043533127029717875666179364636563818615044929947280046603545533853064326053323004507209544431594918350075752077245171102938369958258847356458304161657098729638005387511985682655103581996572928216402917973377867513572267794365322508848968096300376853175883157522168510824476400171818309830650381133575497755619249867686452874682962275845507265905283080057107811310200640655625263037287728635096854909032330820492501439368421539985446607076286475530780915809079982924642150408961439786683938939306366469361353345002963958413266936452
359,56114237370962027781146957915061180117197615545669329114311073586021498122798534697313635679634488035154998939171555789934709474652720351487625812848835860771211088242908601903488894510465053762160633838765794006658673032193054005378329442138665323927161212635195754411705118676530108860684336008211495945536348328650376433779458468243688812392738358062088917802028558856546438148757134935675080806943025599576369669285221299164783215508973730413317145437774317389161536061522703276133444379738225967628273600353947455146959895262267814463624086135322138544801777163574207955119,687142659062636945850480234154070470462100685256417742535825411319575310001393816873030109213193814861179873459818009580923083794908042074533633313565880193112278543805817438069198710131570505431903693256059807211799314343140568480811892729623461463896865909365198765617132237746596251773787831237097056935958221660765949251159266346672075384663659363909450111310106863084534677082804602564317258877533463574831221691477075238978080883215913548970635252667614726618162737857665935660564430296752693467743305038073978854333302798042580766877931618412652334909905950184924150318
360,4706038711030747079743193993248794586496581507425764058893016320521598807148757772966513897257537560172739763093632080087102666217038436849580662081116605169721385549661301018034309249519811596420579052606735324507132790626224691336102477349077039286966146215826625139344176134489241887579661376011061542072994964010818319140305204614718942401988985257476346681582635512882968757992040725912880292567507102548147870679021762479993454022606621541341377997970351118669953975901325712870969950618900917759271852750263999089110869645494124847103772607412616746554424851798426615055425,57497172269812923956377197771818259779836608200194197016546719994276346892864847885287373262698412652722463982321928558668265871818193985445579744317647987615220658638404435760631413882038890766613677769236733875382174659917254789257831972030912595809592900658958422772335881392693145854076525405176768779086763436260311124887011151957505623482814253365604174842272510396668138827976687935014345701916438483875678331243677732722690907670136999103132492081967234486335089551091497061142350197328501775912135082801374308026125323948477447481270286262282218489845298734311353941810
361,395543623193164683029113194780427233677326389479925220429465629195777100810154810270954016148106880616339726296439234389196619604868015684406481428972498022660373112685066711605638624784017943515535279744786316486553038245968638960702371172091576998948382812239386178817773195716626343926683488103639623772537520986781934645842347099007533248523881389373531649550695506910769604425360814862020329076333954134611913801381611620203876270096055178569962361830867079806169365698379308443743672077740771800611411063467613612968544863527428936167614313015965058107435784638396194524106577,4821755132414467133591329229223721570482721202199934556458448967471046926669255941890418846422944683302291558970539713774361223575935597769836739583166921199127099609635377417126426889233687387259518384495739722159662048067416993878241235162413798899714900031788222702995500053411280803488090285985648162348391554799525301723392568571602404406434810867439563914622787160143224116544816519017401348305794270781823606365439104641525248793932520416607061536308115105059712837874914387983251249814440040363644300579045595629088575783304783593716053021680360417601770183803344455295040
362,33318638303103960425224700169776278063875720780549871925719399770004985485804445010571853111441983285868039560528487332254269946895539218716977229875237492107609377174727728815909713010070042189077414305884441470048059985948265788876790206647331706668353664186012185490616787174259490784718528674244971481545028623911557398454894375908559655689728133574282408519468427532981649723414291211042949855565080375042849514982155318867405214134277527949419424161842353827160110299874020759148471912550263574816365293707120619953318852522526924209266427793149027100132203940898439190597374835,405247546908715763398621181514105795506513926471676703818110205982591260611856062749843783629677218274893634474695853837914575607940254341917212988902934081823350965667596658425189786937614071511636874648598792106722529546892775930250111318456356761253236471350873371997047629404995656760011204227093013458000401833565043165482898194503135537561184771422491760241589756258172589317141402755588921823016801771662020553920931937129851162787833642227566820498609739356842302152793194377651857180479479932075002230677698216502514796744594240781843448663604017047080501437419237327602818
363,2812752898771036887513834449663355146487603904282163932457773806862321246226969801019949737069381866032518124644784903651896812633691988808217854077753837533057133787548189284504205735749895158824382731076583903732624739495263682655767936360561186499116947331416160000905351111958553540505277498853436521113774466908231092577633755801833074606867960591471134785779198671410482118879360886946740770553981490316916727259891333623431402551293043154648480078070628823386892904398908831434981458290823291379248358203283871619846537166605064746863966855593446172998213164106326849093725730813,34134199140508375958171291333587977394821707418013434787843830489542385979406454165546791379960809650680828273843650220667814828960356733216238042852542763874677546180634279248918475588276893077424884848136158413885819911384822494073459993932449757834951446638142275248055716904125848797256752209825212916935822705383091244405865955484031921971115863130326040349996410671391067535396101638398843075202837003165810566190338052282836045608201204610272925667958687567583045554687353619878174666833614136808330049405237072804134363582444873519087098252758177406262479326282792066008890006
364,237971488620234491527717024985177346805700308522666938068258018076522859125043785957971370120624513077963878886363255682236161546169854342471013024856964625363047214372064775139184297639483265885890139292187433985498127525104513556107803967677002548759359817192400095837135115276273927716058693988533543875475046688652562757464906327926699155126407079135160237893881713753262783543035524781070935447881657223552413787659161619355833264266229293881321198598038872515799595558399139074719329768568427533068397202123193084770783393773628145733459514184913201173677773649991944958697906716757,2881447002871069688740822964735901624765534499820693693812984100381765882513839106617752756862117612890345015997950611987063397351889763105456766090131289829276794137128636909321738085185098260806147960582954854761114484060427864633843622326260457647380010418335847386386623093245389638491509753850493305030726671245238601926567037637996748231399515002205881703815158296714419681969252214969159139794884044440716490090098529116491077703417201595957792584873240486537476255352103956557463464292463266242315573774519616948289643605825520779914533337230656945992785532701835216122577686616
365,20177382414048375610899888900059301809469773058509833511393118850089943129557444884785251764971205427329105452217150762229532935831165954879008630496972743827429065599017718207514142108313240837933057719638106739110810413586982126434772159219276965227572836695307915174540689464340034340371797951032104253473025951514410398361355469885982116418072489569221940503333492391636416157746630587300561799446143488055017541679055440338958656292198632196890198965325087100813487233701966980572326234142594445367545546907294668763706123400788567528055986144731249519823838202817664175602435236572915,243770236021539412925232171943232347581799917140725099338729296641966207500865617728691125489061178567875465929527174073558114674205121124372964193008038898752206442758636338826853552326561669573391944368305240323648590096378709421406225843522350693596581364963544620911482825181951624668035320516941157245094572783491272524517686648623700375627283641402770431419508257763836707329110886437060766314707690542959896762314478518764650144761466996401475150679823336993556697879723104159246403664906064485181067813585839663715004846308660974991806876965376111276501348370352523656054489065718
366,1714544766959002694593062913172969058862406326617721020467642610057618057303413588532612001956228031060761696091586549592722572019285933221946149976264377249494146841475782786370180175646175039972745592252960535569170650189590210047940172732029341027672160300653681197276622308133472644012382294371689241556934203270214775211715414068643343651146738679462038611480037583672794790649122915037804692112292416815835906326362560539379295343239341328459276046103409700768509596263139500149835601725027087043617810483328527019249939837912245009734800138559509684553511180519387922315432362011943625,20667949122378094712831670202535088846956559447745450032550411930578137046278010585620364917647557697745081765557417365060681367212384773545768932366059330732458482600119710763057341044683458371700853401528732972600529369544521619217286511927182340032412458005394045957470275455269361502708757015375519459450110894613652318233939546022202165867544707582716708041078665135531214249669789121846564159899274432638113349483556110747689328954578348930679005312766524800462880752094893154204202110500363996930572065456236608986914564223524136406107872496256376711604886113512854751330367232213090
367,146007278799577910641609911070055877968259795939959684332202565546787200656119001593255557479426748765804005503537383110252778808570809548907703027960836938856073837892688697085642709436914831768737594270206656804480681821560605830327256520968278710105780259221840532586395750923234091650051588291728549927090106724114264034580592946875289982831912716937633410482956663443510468293042876660031717069122538352461160240581641882025891701682295907383811185524493988410534916497937426725460801640669023431325665293836734660139575794966464058747764033762254644370540458520126087324744600476079189601,1756136656228244768330766438805725038399552065537723588910943625917528428943427568869119723530238078584466161078099437772983643240681730022938170262707469050417905370615462759729743662205137081980499212842345445997590896729436182111631459672470597231727599359657443210936545658899103678969786828643349248600411717669857702362290787212585402275989662249544175181021519134561336043219161352836584852568145346983750771502980359055203384855713884238376036378049842163745057505412666331571434590357993122249388190868740576200655622751845785883262791836367571990651229828805936846083573916197402996
368,12460613886310207776064958562755734730576762049994403048187771499193742505812114005936391594854176549818955953879800830205499598219756999919089469249358371192890997045202830180272707839686144669229993613236255079644350705498194312517041583210759310874333380654104703881765008273770341156659063727105686928570614131036252256763982133871269123503037571200524970532845106557027691906623845606070750632585748871591357293339197829411791212721402626204137881681289609577159722763610278357276452143494481739063531343443652842727451802877563919981841687600114100276190646416141864912366695364437752409503,149541253801452134745000989751378245713432376910463317982121034294868695844404473606103169724158201598811610563166085515861381777149435428957044389049711362370234409199335528983329230665556086121119440646298441273669472522032390511751375104455404215861969979313640306343429456360760928001688867477958526402699945154180928239877308931461925663075824807269413933633493366332011673438363272597515170298181770189203671822648819132768549421401963159898745495368292228038823865542428764722538812689790026747688932648616013084181753132875450025597919724447089041131141072222140250749370641217033858270
369,1065715341741739715050921598095682757150643716851680624610305581214466418582393392065456548671532209966509314323308951466399819291086099555437091498529647898726033308719967544710470008658932752056639362159774399392753551133032823300494002207775879810213303980798576861290819028930616652373274666734019239505548874907394903593771843432750846076984448574569637746693890106192329253058654303030786825095470252761481398615422818137728255871810000262000874193100107334783312699886101110597675746257168063107773246100393278585026127331203919151940066890498989464024580120462472264804631234203053517994889,12761540164161657589441080713160733703805249873940808210143460479171259251351605776387285138886032351692205408049091399234888210435371547992980194051143663992929241576146809288577738173902402023483090425616807292621453541507061665259118003756380489730857042954754094227965376519100356798443781147132321416708728021191783019215506490095314443415933160587079102303523037916338061402035270495113114970773463389009777847227523143409371885314188594920367184063628671339475754380279286327028193888861118893789661740612717415379522210047274737967245974005250129727742832845156617886579180914542194012210
370,91343458073629413563877682289472923363003919438813009713960154685466812784721832325852541561900368598194885466055691586216893314446373328452883404027257223831136345238095513332330440163020096030566158316186990193359319907955300644480397153914647723372472401550064917039985725085698645245073052205717117856857045639243165006593634312119377382157812462090834327001072993807072915320983182855025633127462025113646797961603106614929859970463345006300759263883234491126837044604395314018114974582770344955181941244952551128408004014263631341639996546822474590086330950953899221180199678550063246948858289,1091395408488173384545480206525267815986966844394977240269721980482282693554268993576756450153091825185146342077073685389239801281895669117585889065754744151450150962824836394098340706684297855972306447022675286128936476202686368700494118780815071604894572044242433494823965494876554615174775268859259695450347796356995665166658566902685792480314675741832445479707813754344317117087971625710626366938759690647418300497355248746685169924441186929218147573498445527636250756229429510249002842243851987830609637949513112960615404224851096263023103778621277475085767354778301529147478005192246576682620
371,7845953869662444449169777300588759268174818997215253529261235098614832281596884818321257402618089874367524345316646532774932932453646841503448924198158430732053077311376576482248731984874106983526327443737133113394468683978077229259484166433801283893789801584526951159745419886154434247582009189521361499519304286588887618435430992008929884771876269472889156403382101328683746262396404291750630006317185694335293766807504583561816299011313773098315357752287810827122003117825965643645377486977166378320317650361029240674730708106888785376060445746227506828928496753737875265480300392060557080956332367,93539644329710126395814472824398433833601312311222043411016313822689456227966895888161949651566312078704879827570500136363528911409721256694009218007993697430003353796948052658385434798438281015845107369421735059334926218793756209613261794008602262068554075250260011504757967966533337031490188869267871130006437133906515930450328868314747848437826966859766669528115466247575499075940318785421567535646434708795794848044389118116071059123946070001397541304683090846170722128611792199769545348410538291382696386164965171179572499264596132172909857788281758439820083065107984876572119708749384022718094
372,675373088977052154770363632314029893223707337872444471267196716228775212990399103956034941782329512739229316137764267563607957638125201379384278148584676361099700448945001592026533293470436137519410517001393720563742962504167769943166231180259281498636840164189835289896336326265192487633048116364245994568697120887168174285899693488160165667192292587534579267643513657953243600394248333079948308697628421660581336922827510382334777574590963968594759533212348190840660854671448101562099768431582741230953605776157224581271353822468129355977226570102936410329992908694598354130993023691128748991422702409,8034178642289067504638202095674059256384184108561055515014582982696188387078549694227808317153555059212038121073780444117219367989349067088020166147901292711934756042707934166925967829841885921772606413009215837905437129888352461886414877472661813986312638291513369167773305215212065784553645648242658026967374031544498306679989871872528939762922164259843188213071433124012385389405259197635898337521612715242906456354839033308897509009921559878183482622273583901146682345793298401817194421507805301658413015897274054920026840781140814099622813560980189094018867341239865120429526862923802915030117178
373,58259814190121777130488218609158539953542298862393044545502574149780641905601546301726426492838115878738103636068411955824453097045289108285425828211583699188682156043763230176718784679334261998291719554719858309278848162146701334044294609080211766396863512951487778229277344874221700958170174236597228468463673665221209227980997988735026724754501781310841140144988264859583768525179661497359809927652099921413717750741375008135329673668191567606750687234186078908288046707518654371116454746878958312610506140745732841571804782195834233848139370163009254744666533584708536301476603890858433229370793107833,691539611079439235262510872022388692499828538912131829296811591406731036101636785855425288243183569992664065877111182177773228529550890680292812514219382289110625243635775424234550080098551374688719148652766671949140271142617673951788240779758084540913699620573257502458852176882735818500634547222102025420106761025626638655749323984791821753638973167732365862762974589007685707413395771250195401809043753578980023444955886917209617316094068807012011992360641852739577516081854655024683405719540962824310913450776263222669188642882309893500696697723877980943921841975889045804887538395881894899076726712
374,5036390953280016657267129585051919678309766502166117239975588946399332879168402031429928022662194526079613961518418195005658574268234346650963767761006498051446222839271626354343898238618244010273427819620274107431075543454255192018905464041697735379917928058692786897306512600379523457381538937579014183582665233895277345477926513031516199878804043010359576922984069805369023801559192877066110900864675329251894206319403729604338516168084317292242384724643363809588272733539296452540567132879524841409634821852516211853367559460327982640006910850654145088561302926688697237012705806808853618618984418875331,59651323946963339660061244397692501636252236169403147120348206573631898046973003963714744508574513403784916399057906342455969262816970796817023285272350148752671121306674246470578254105901235876377577049004335119523021957869478451569224048592361035231953032601390990561651793559583110831732402016457002119954130832295390936191058394331806920670258293109553350780744649342711887870438903086258586803024792660424569229420904846808022424621089584349490036369811621876313715506721315818600914296980319468151500693610016862458929110153591704234754004015084670356734183461726473741902601646728598963426889163546
375,436307258270468556906887264159289287785583793358495988318286068022103721650141137242189575455657461704847465348798958852222049597656158096991221821192843052190479643834652655618071212441706392815218891722137089060231443179308992413860231320977575421446547531128240854723857890379422833683243358613832939976708095494737117324812924151795113225296690326542639587320635676489953513636178978643383224141034104625643963472894636457994164177905530947489228935246594108224510439608633331351596721628029224221886674393275335862189379190858136998023680662490114386843906591786830491662355640197068475225840025780865773,5156419179674844535369169342677498180589907372849687700692356299942547630883072994234876138798509837951228217488256583555713976480028353679827773184727845470935152862259146884744768668548078678152085801405345111391826925744944436949772311820871753953476499291558894114858739097353863298848179004008026423239933456753105705604303074348918823867405148227385859189546295935769621527723149828008330309394485459431316332419947719933858123261714032471276929949138547436020546230794904618387489978879928503520064286010233016520311477645160135986929988029745581133113721753786990813702339372734110198841861612380382
376,37877890253889640415213332656078622522297487692710475968878105935177554687548289758572888387660057127370420632595175423159009760405422631080320624901751377744993826872484197510857728642393751408519840226872864671884260315533115920534439546739069135109046856237292571387280415884196041143132035395035147569055330447989188344771122909221696102482065789183671689373589081346615320582390237582426743403594392515920745988899018265277455972991705544858822846528371704844235220700062494816235867134958017780179032732423827658983178483954768736578288282872362512182544332018133883478666150435779865302254753773800450253,446682677466375571437481434004804275390325829041931668973322121657562385222186218501809987000368384149389983918877935800060803483942776854536039334186105049326539675722033104978334742650909716086447646160782392544128777305050841386046249195400816019632959054561148518214102869857410549028116370833324026985698575528423258201282448762397202320853009743149979922358299035432560366645156695022205713691870579290226778730583381504350454203803079594074912742237125897469779914703388103865024122103813709051826325230606347653185515335751891502071030380058309848290929115571720465396668378939432321950810504102290464
377,3295316673875429927713509816541629288837050332642507717513670366152788483863664532764268861222917685224716350358686310184905971292114733051015947176628344759054020652653598241064283578311000061786382716121353421714580893291058142727175319661530249225318447878287945189052569514340880035217907963541638759937968994241550199425599423029033846445555259857726680247104545405148575199385858595317257186031534254660985155976972252714108837374432841467931617009252892886332120567854286735637121936398745240793352656042980738004465843136755917218995163667722995411437287601430177080770574915464497487661086218555551742723,38776664691831736504556047353568486949859749811867789188150883211294271561728131032715406940369819295691468975084775042118542779399572145719838208882841555617134611947663986106273146181257762203228289286388459019635727727170725518829633252715380079406402982598158034886544974136937737881838107980521196701394040969563240566742110973236746955626438509851471706282797833140221629851097884643972116870970890525760237842196466861294833358557368434110135017252005084132245967058805513680037872036073080193446561227406267793231866385941039405564468130638843396436148729449395203705759560329168209443021631690606623374
378,287292483000766774880137213419691264752958914916226481129682622216418590880520293527939467217079287004885595546944299131638250961871036043376372847018652871081617125708407070026256550947001534139439901238529596286884758145733911223984543633834756706559703089909598812670497007549016212153439406332118527274141606918774458916186717047801928785309366572930448868447063047845169293503565641625747102518460586433992953937575718085895740557558229804602465436700703024839140362556270187929248990656330610507331292146343467386668567849951360652845544209467845072940038243959011410587630893994521802177474671438328448422137,3373338524101748442880789309368296836380654263090255062447976124984975024982234549588003470230633568965950975925704733313638654449907183215940938992486077072136286899184107791927410905927306663410573533097625774489901688453847490861492165963549707695609273736754905265867054103608971548703710974040821788614575285642422669627142508231971919900328794766771140124239288697761176195395905639717373075518139259871836593018892375371751144833140629879469916185006416453863081078198107358475400678272451505960569516409890168445455258464143014204711551098796676426325058743228664374922708196896564869790444034690060873442
379,25099485299175468320371257643216428800855500854278098494443048467027121207689513829474824855275008111951969357437713597918548831679090513277641278026851246227271620911217348170263939923218354013039777376236130837485497452421068147661165071749096203787457189182284642076558864786440268393886609756006314060804658772431112684834964909256957201002268171577935539329315667087634628193746387549290081872155604081144063103534727599252266825659118138227877315623300041610080689779193111527700330675346076949356678728422850302356543362309471156984509876697412893671124498651804964899325803768236665419757668129942054701436929,294079828239386544685687286066708122367407751045014982577925312954183693070905283160887967673065781832842588469825227907947382571707089427945405300932956336195103035498133048365225367311189121461765426606677627463227635753570179862469591833564445985361630552162995000794501033652556972466457794679739311078172445698008232836199146711737377848614725179904060802258699916985362792276214964921307024724266121303668922440148720189234270413979559298985896133832895379552789716886307755911079308046007414744757637623377165210246591861510225481055826164524570833779973597496017894865456923192172795790050900035078717628812
380,2197437539513630057902934466069009807801353519147371637656113682142824317057069542581439309444280905985755648807672116414769406945381771907290084709192272738997070469664121664622609093780365603931082101817830998784138528777941777200714179923880804576541457599838427993476327640413685487822757728943427449498105458443815607162800336014836277842355535239669731236025640024213480415203021417493475218049399105169299145295740304253769453928187351824163173122662507253639110042830275066638825337841999222683367482393454769935544049967756627419786727487461944793032140811754133804337344479549781673833313869202363543029454591,25691182477510535449047095933813808998861771551511503399922235465048180098341123077690767182992102622148587109947582855411171484708361706198069680861299854186429303713532971976205764968605890060848281183364335171442129587207799351065322509797254573140539817864244573261102882736200774553612889458666909997868078116605129613579347765665416294388605311813555712685799429644259524636276973902301125612184093578236203672669585440732931472426985698434875432590998786230110298195765964305345069262573004322861708161534954080308564391421542468418617636153051659258928118930736735996946244099756041601416898451971554530178846
381,192786744754577326607514081366658350843184455601356755284143346072565341153123463778481624450426468329352031069546315618990123935206399569316791949357396175376204391650970258182101710016514775567901251708785072065404780027960143094483711864906195071311838838246669185078413518833161246234008069260836648799627809428485507830491959419295916273333820019289002432553818500127250694642843519350623577912858291625041147399518577500393158151056093700857194461181049513014830156451958708093046020272637134400015648228884863803828397805871888522860839229679780651593716147081672514399484465241253814447677195476301832636196041217,2249128265482874999162036682320647230646885893934044258687615500995124538415115746577290244884420741562847348319001480971415224992989005290963105642555935099953746733113873469230502421991137985875885931448998495738594523834615322089215731129379639763827971613494502692392490322181304070107679981347216307233585215803988568659401376947159350089343466926459925951686695742908025185900015268880738907022948076020488922613719024751571111849970386301830142169607920379685001952312417113709130483588810790505824694976928496891914705412140455688869930623637554326758293707676604292323428605615619374175981837872032306991522290
382,16949014681452859971608690228158503345355839779965204354659813094420304328682982927598935014317227989858509384679073445502665394431855506942512258728674495729598873886505068014700494191047841296042289257517710680583566698380341595813480067100617303547275014298459445173191506583173556674063311091922842183453330697021945210014111553774983416272274746489060317813725384682454269521691552818337296808502646243083585686267715710889837223156401087459392051546447629886463272615057184816745280302884960018055078657092714884598500422772535342581010493724653826141372117484102258569206382017494301903390653897343472299204587677185,197311937313879974271354302103945136335316461603681006888893492544188288237352846613896294232913516033278305723358669256363621127187099814034000491239631752757986723391001165939911178562434841431364780528372175228104687035769708460381336243093813104363435470361067576510377210182090219250007340922297463318492500531916980336781555376423978612045925668082310740467128754992613966244849039859666744578690658125476511916273472672122200694501943944225178743128154988578140621529461549706480407025799612352658656500191733844482035872023762727955044253818670110452263641832475312709896469139375283551798972974950973890369110532
383,1493193722127883966208451201430011844845040635265139723726207755828407835664380527809288357872017539509945572143178065448789664519966571691217211700193903649581955392722911688117641142045677765082370506037546924302692543639991840856580118560145699257876991943370760898904665332279561882940815209866870795895671081606288169894985487127720809512478303072108460409981056114740898058154937947324527126667076738914961649770479044269134822943547326344936521081515155328368827849699751529657363711440153426824856319408140796669390233227399867313041871570026575612201433231618251182749222809636866888212058751460457629961733426482943,17345996422182783682376253353244499680983483101036018631105010484092488073249111827551884497890514772011772853087292341282123514517508449627063276101178052888391568682561612233566974342850339972083452189316564833524110346762665899212984956258752677842629108170055353538585576155320203174933068276350336810444920772716846881442962749003573305206092118746572849514847815399733580082222841675277633987083905841593563110953442358638144737341194912019939034356415174352638949793251610361233524418678031313712656014636812408361765112748665607847010601730552298701495526349054933683185263159728401651763774069206848388381237285630
384,131822650274597476292196121019382857289109739720555712050707227728534876911267867352281979850080416464287417149743935223974327549546016534446138355927015141237769505331938878029863553272907870756592545517919321756170106616277203253444840447591436647952067640923336752938626710991653087232744687676280676768471311475511221678493743177400660088645333884436162743962422332247291809311595830243855702258212368917579989457449216665374309850142512375210491311367441970899456249019126996535753465192023877747112955017948825351501264881533054545858663172470809579115628815055093463933372105604818208389107214177055435620775872695361025,1528092545164343928454787829667045294990092430919654496610557033759805943430102885162504283646086538023000653956233528885068577358404106342991867636261852231842345817117708797007256411439691524406546028049454624308877568167240396605355361336248305822656986069588641747952258281521022092063398216970347907601193597382667375034108277004694221643199670045907705306404902682834714733769191623363827373912904166664295185135609866665260253579434462205718214336067398048750648309834481002827733665695075176267383427120829235345377524951659778295478377095028613474539017974712171545881075061959835947542680061314788922679221404348674
385,11661754314082414928944873779297474220102199282258551337891356038490121956773203033858838964268505975460350463602406335273988919551307612436184308071277629351394385175543278902347364129414388446994922035386387446434936951379963116185693719471439886924526948193006158508226044863735907317448025755765940410015768319009304508862666931626326488019232835646293488613670545922981488805113828413305044783127085298501055559202867501098460732791775048282361978498183561110026826933568628678000257932420098909461315096762787411837591182902788446543202224181346711687818543599739492134657310565524361745405264151639582650265877848645264129,134897016278194780505375450980525861715280663774465272320958919159889475850913558353773808217504625386709404818484187890552909017580922020174816180015053232171588042656281784966199331442568378546986241680534610316631244083316630197317433187834227227802950596515968230465231160621389987815488462760153594871108685531467494326520717607258903966854478549719497890697162766292451398782516846002619338418386074978649297941993376752569753461751763816401461779541742645076770753967780915655707055338275829403534119347167583717789120566920371544616668585393887796637189948665180437424980945672636338911080267046997221879820077003417088
386,1033797539206990412454765986354733668262854673333554682680201342682928036642793558786212994642000820046418424763112332926846049401004183051339740367803921561977824808948194027282250545163180933683364872270954371451151193209843725864320221778766972064786635633092057840016164128477416720895338854093918643963446501758202691955880077933419031579687031569908325204459817032079522551198648400108614989093255517477290770199450696220703705602541913250125334417490730744634001132617050557287356560314294233274861078016479561387095586662283080266306851792436938691340385404988102417688770180176303151079064674146326523388189797522163646211,11933149829055757897298100876590980381963913141029703540097711513663457972942107302127095157642623565432167736031914783629646123436807590875294017415894775312173024061260312735842109123503581322100515617196737756098259017028913849601193553007160051059664264198135513459807474796177680935578177737017612516097687507955732431863011959700213908152258498954223760867955211179533989514437889255275510328816660395145220787132417365266777822673405661448470797615072215306859937719252520653806461517207371152698502226050715642842532328315013165465221601890806515629801459511617028845228183995982654740116156252164258919549703737773880834
387,91833822426012083412841853804882105957249217102180939069999346018372146788060086641989717509779570763013735013311796780632436356003179038075722212475272042801736561978868486651761168145833216578775918988819488417397720752662556030378540725591312410033119114945453748350669129940123160646954465942640072157453886570230082058047334415566291824408244639167050015050716861486407357039928842221256589049691842193007279855578409329202756181232515873944378148892558629810433609021225691497671034937746418159282132886812516425997934386778632056594077748955946145847218838643110579160264686556511100048071620232034635097934641797461641270029,1057805200364367334869690425121731197518141732675934966118531827400771356311402362099134933160518911809029801441875119354786394462914717808411220322450556093013114393229906501380354399340865809286563012518875867133717994266492158731278053860479165799174972944519155080909771124911473434103877231710087721804970705487113423962489020758720936898461672624167280976467529091603590993657049428745719383811448244948117243206782702768079527876212302958947992658688144582457712590246193459800020904031451758751895616119485621694932302020307932206322332870291920107967305270320900968982546327912759464879774578326744120657094653792577742598
388,8174537754002371307862085263478367176611790443813779553236611945392681489300431999387771955736335911199787656537620237233893159169333886014176405866605027640449428356215718247177867282516899491321417515881646609556063645093605054348772486611649846429986646859821339659053148629201700017889787045052786846410336570471647595327235377170297694527342087279920150439158463442066196276301203889919111555236288912701168859744713892762409586677228994627209754633106621648652116171011347830404279777421627269975226823157459189505547640816146316066794902600864125019855699040897807465547789457955760674768937127730397899192219419203055919524677,93961936579497093736102609556346361752619668759428736036086987478967899166955205980470207029045475923983066210589981666002419737186887499000711709274186501854411387341496598860911932775044936491114854649261401194846875875743096324476330824381877565458091342611195364742930697695212163859561513922576064907737436505423336313053493748111080564697335598563465957207984262269183831619949313090222689268447225635650771406763750426372267563825704961810986162863801782281259773750279115362166644035607496867159771343592113793842418688889243781210399156587313907157136126423668002691290309962082810391846721930717277287239768478629026398744
389,729146753561094432445134728980679633502337152007318998685008265792702540490784919885496109126643288698553459206167016300751897763800597364839780857779507607342056284875140182896420033189380124717681594172306732463101745602106900984147596278110002638724938025054900655230781083371722720006709415144199157699020982919084371843736055450191283399403219110351763024278408654058539455626505835608155951459032438881769125985986394834749554235341698640343182010709402155052854197817955145466730569108268806321627143942208618169939138588459245558795259339326974861149677585300960629631485986742227401999653342443138719855352293396026049640109731,8363569902500993109926262751906940034428773434345515009882508787020484536530178546496697148699633246380085563211229371399260874963116267227701329454186893317652990964446050941184181173127507724495739357267733388107094377651813473675615772192478640240872103076437765762189046425457320193520393493208323554151208518582836343411799940714206576692226133217225835454352412572887131373863156955455904585743074396734790907291829824570844311135103894400458923980391224693430548695668914874685283374475620580200741996787627016487451342096794945577140074794156610211635212995532247497422643361225757720668520273958675001739033620798714541893238
390,65171201044638608846950566016909816371716217819592779131841839640991166460483444455793417850281341951235569905664094774369724208552905944403778759246899899488112782496384003011042560014756663513366773576370403123481343607886224855643455575264507912534760859079827925977171151351209440362780464546314405548415169754044506154580548416201122705354829608494800823028859916448751068063823582425470551506829688240045386449657715336056625071528802243977454635936180103046811570512076244248469567289598101626713724732784877262657952021930678349553842727291359349512224612727104914675226232245143721836765779884811974309102081554988735432985887737,745972328655054746253719425207600042073616728575748241543801313901762194064118491289301584403931655900300312596395426348573186204397929753039862946800769689019779973875812809594097518237279532485596327460804888829738430721363490027088011040098503324212196872631324619221612551403544497057477204881974766786609539354763692172724190417160043557058645973837893170613469202930115835338797748043141306426465525506432299751649057051433781968621613235369725429126880958595477492148600764148132991152193782554215106673482356227628783231915033892479367293206900377913296703243732541481064689272385827522569485144885219592769138773664814355561122
391,5836915214348923830157245715117402044150860566813136607717502266361010583160228433860197894927329531745382975528077134675741518097309913328786674543964848102717049631792464195739807092457528848881959310555830672773914086998566633798575879716247654948285928001917441465415179142738987270692848929040287284669553461233391302428506631258507904444556870528952303274555819392900274796603357151658830002588275553045727982175606162507711186362088502927852998695253478257338261124346335554233442021112999168584054848783376465684935037087854299168760504681701731379286945794607586475930360640785343756126827705595343852030659608122299543147696382337,66671906580132421744398409346516591265409616968385379361395247013183495214136020391225104505761474789494202969021003521602504112110024520108349099033493455788320879451338022283599411863593151877759103103366153884543231490828820186077449151873912300245673538322169500319876037526012630280803592548882847807248849124422304646419224726982266785877414061662818453661884898872349591618778149151481452629259773398251129286919027338195354115437576533094136183809138561666231461320955635125738832784491754750507676602883881581805667621570949372644991230550065917841633719507605489377764202985958747072446611890794528354130205839768238131834483924
392,523836533593341383854971152415850341298774476695157052830561901620039999885737280692395460378891408547401749891350796468132958758392047488172775053514250807212839333946913271900377175029777964734623209551721570780189696095206512099620445731254635506048498426935723576726945663315015298303929653002985588974750591535015087968504866539893470495623195938655649787590478004550526593646980163991596913980861460375947178862340810697350163948099729106399721054571613775367572997631089537087632195899000120934597051591777859305025337359126570832475845394344438276594589146777085690308938366080116865269286145936348489513682377329001020680536486284047,5971040360129312743467537789033004410287948042874638160281639905536348300777387420462973243887743484925388817301569789812552817774497548849198180884288111760807500760209399950312811425530002808703040187332083030220486896092310609509619358065172358453831140669383983672837311275977139415656835434671842488574497276173310050093105508843908327545255600285625177047157765241562760130148260566948680073038514686261385668771517484921212835628014294460205284461095822353606559828328102946014910912785239088920769260880578003697190140212364527154177326310431493491972008053476530938090364080875070289861226002246574407884017608915406696987760356462
393,47107579411923576602617277052149228386946354900295416637224725098317301609781276821908496816061461839738375456507799819103337230665536929567466389899543442120787404615196328121064038217018472578119255987396838512800926468465671644986700145101485228810715273586242386654071195506777924206430119956878536761564416560671501116080440303060860720801976767872429042820127108391496877720320271606175303364331423443757626053165966259809837416988323609372889152419719919709041597333261828606112578236096119033016413193245764741867839360301319224473767493410067917425679420080607033034951170246895465197635193284831415646181425464125491646393521512833481,535848439740178063843391007592994394695017861991855503225250171360761760306564057451901641631112045653940747667441155989646259152596663177148573114522585582542386969981940695098070751279590282579033787447500935965254881655741068856019200421850218142399129180098454779526586848232685906917355274950551051619204165355494918516433625849063620031265897123844742888771356101173100253934113736442154040872142199269552069456718593123488432757213673170406734365284903616309826816882647976054370718297953623938114117948406113591856403132580922992769240830181406292649855446591172124563011339300543493776903557330555138224069676045987317275630997084146
394,4244888407690816209684056260225304506913045368582816086103539231152763569319947395341891718193732933636642083250329840221325389697222382897893572237499275268206241141136292338098559297286503652427215954968554920383698876362023945101895203351401166438461815154580892320225074871631976442601459450598028222246167290549762040213977921574727669451258971985826061834081286961952346310715707626151285733885512927204268226805588947227224123458351656228674685952678407855994227300992565158406084158952026643140245840525929238803373864022692650277938168220703283499236615712668800626282075562302745582725945996861808270113945146577604610982892723929485169,48185529147156571152921653876017527808910836322310275390353783447404040650812203101605251281184260708935551442061177654214595928601150573919903135160841210302392337240276774646852314507914116139929694298083816058448032892961698253430601034936456965490754108934846725075449599209876398741895807151468252495665380593108096316823846509563644582827049740663038000979126576010237839664192095408446113400659724409532660708179059891447107175622463358532557996029638007850111718637802109283767482346494898978138905878157952708756642192507355718008298666315864629868622329251261472473382217349823094054817855466363655757784678946822158075644850000857052
395,383283512904302358652800733711630389900836797547292550713352902671051003898036466934236178065406822629141534682501107939730991579692676233615382522037901420326266698699841737567006062236995956927267652968245160840109497643187768499629918603850624200022718411549808540212221541115344363696380252960942975612184182365317639656325863971593476793627710265034987644889565697540970694716146363633641113080211049607931167744060119044620479496877830601928301040177050846846589077412592988828954585495693704525929879978171529382119225193337762532085823577651579583937150624861050795261119126808087722136557017577628509130945918455353697079756828252897732031,4341820550455304450776612471734650685677025355706523078489424413331037413486825440251609455647098070608533368415434723354246340319634924421447665386266786072176309376413888977921870553210021442682577109181193158676733662919047346841854929574992254227007272586379236043317382791151953581095818929109761992577706284932082808964780181576490666539685877817668905437981129852656923248943932931908565674816365350648720863665184519829828155159934194047498920975528247053761882989080430188938103064716660695542452144907309630126810974429153291351375938019937543452398658594629615663877968960246211197329962275793542028650996278968937253466481040664198238
396,34677698701805023135063114998892904933265488682978935289195192304265643818736239761747547057045036650643712223573109938509959126039483165827529789099233169603425011462502995502463523463878258570827382803002754614158360018103975492291256755073517473226197656948035538459807375967669172031325772255422623549866499823640037110471044567047182600921780254583528779304887619336241824816881384646385007228100580625110315207630274638812768429520510932436352412113445332210368111338189899600444367102750380516721328878414097737435075607136197344844617765250513934769085959272394254326830125473889094644708077985586649580157842129779436440666980532258124862793,392017603982822181745024265776696993514968327216868366861973703217214211827077603724876598004526132212421044893203195973844847809382967146260087389904401246479035423171724385682665009524209840599871867016778648814478202472727804623500567373528587016883408355627024349189517880465628867950777204757706364197437732160964837408193877269201281965675891888162189759279183006544904158175224536510810494087929464744518183139016616259226227729068969153305567415951753820580284270064110995399482507270698676423573818700654956331916874031217769582364674965844257119450878908098605293606099103469254753873338298942923556952223489377270476543993012150902412778
397,3143797598977896370171430238890962255626369744198424475940441111707510343411748435534069386251171225788518704979230428924842006569756002707538125265348707967147990967192443730166089475447485756871176315250174202805230876010078262028508174032259866235655685134745129940979861007921764288686386678843261117613339941988602033926013962390886008663475939008090843570722317412482462100427677851529225243649719607708255387848404594108230970721642593857008624287332489908683647119655929794931003882528097586340174471961530377103491458202877161815200781234234532130852512878895115839032839092197116252545311000808128863885039656046346288800007658430055184290057,35466279334538692528077596512882591189807873765244021436842185525100339692009688777577862211363495477675171099495460302761647110887945256221803297117763192012813052004049795193059760305833933253906282982702209113360136387575575099681351647148004389080573124429019248097914046786419115431516768677921372009633874751768109353394339485226910760890104841944093106967201255351250137981242230570445345221584537746002311682076878628787287677271471220026969246907900727636398439535010159824964828926317806061476980492658736906037341576374758829660131969285098607749386314318311509114552785363870158973855144502824042517502158222450578968654216727903503642840
398,285582100710477969467342485229953349790014974196835125921420620916038161733572226756208755881809823422087909613417052520194686087101187198909267023895882854394711999559207398951838943098566916612434193051962496290724605773408306359600653272297229654078922432624463133649395797153759206174326952258035761364070512461604277917910703242878006760046694200972266945112824028123229291347208317417115944536488247745258408432488504996750673684040982380227726649839128151696199298258897064434891846743153703114507004950731306493422592057067389112824413035816879242362195100509803108089858831290706312618964193499331603819324718604725692154768915324246331406230579,3215140519160726540680563725073715069029403199622368973890005842221613240799473517300690681003269463002343117305458620685869904827457271070390597231652707357312817888057435957676352879928142260981427406570151474558327853719994367747784223357699701448134286467022101272108446430716261760816491223935294779739138472770036084152295674002756631764063730505084637726237504994528359542820035829942482622181564575206056345373476305083914208154421502633366729708554409046783121805143042661721231772225046872313367331988533290468795543781459937964817441197936419109815596238043666976133420739410221908372872061939857633097076347849940859931852344103673360472666
399,25994257414267958635877824966098265922180355485071224384550021761651692008340971596977201495855401164719382705622064767128234897740528037118660093414590248329636197944797913172884901531226914119441815156280576538329293226009518197547383419316848939484649522620851430427793253168168726680171661270213403136847371265138067544657726236909383471107331089483273056185337975082055108826646734401924974825406646742177421557246329935555985203966111616628673151761279009155987276860876193830256950708955741806910749564071132146971379063331248228707423135899170077953489441828906596664938877945384926195710150537248225040882449418834924160541831862921083894468833277,292049504086859055092568004134239149844382899481685905353070183400120300280618152384852146077187958299766334696240864043703106608274536525951205135370762435512482647674963916711779104050435152780506101516501832632943091784519326537760416943076110891307716031266510710789415446676360413048267095436195481401240920198944319082083788527505477877700123154833290100014426022646981776829080322091826901027879601221685406383120896002545339199589685854269780936548649068653982253016935089321591470802690533674128276790076200409532127032988312329023217710004951761067611685398837787665698375841306801586338090833760007646710076965432924912856887102281037222312430
400,2370783034304677978990678070169258206097822609756896038120147584645818600580674009717900589262961396095356457270965715809326794677906320866219995135040144415311314398518639155936446914778567509547083094744881552829120533019525954507409042247568439873463092319843394349451447634561242375229255763946928918859727754528378236964031899238754241413242195041165246527472981490639707764931173734517113745370665216817968292438611901465302603958008550782891163012999055282697195623820395804627853662054501093920485084987298634510728398731233740046649682192502417270529261019644899081454407356393829403966691248554232814822219771349398579843783092736297011966068236765,26581721371355030095575270911813807287276279436574310521758532377732653629855769862692412645763797910797298928560862102433793493281531936765875212433980979308912951542794015860815114402732490960753799733155897267173435510896275745355204215314964010325813013384752157441402435537553846091737528280078738430433851430055617884960802578807137833380498306278527051007523911022354448874462327588836978130006763755677263947283348451723923011245279456949725020609250961206871464350560131333716321568659242759680663912267679764913557952377761329459560436367432549457251039557315063249290538753464818253093891295064186570656264016368144411082952455813999751897290112
401,216656697228382542890250308040498270971441720281577244654279341759327316895146614509855048113669044799164466046101122420039941260594851892665462784209523831200820192669919291573501984476376503589427326463719036879542738662655083755770918459768409409552369269557559359059041999149369342608697930781356367323967405471123744596179087268275367124011366447315642322266966002814412930853558457521610773209636697458877420013455757431011467153335674990382477975568309682379332509663727107391295122797588730418647768046193226322008087860395888214222399348654960035711389096297790483732723968882879725500882843793292539124859216359748964984870933606981330797005616434387,2424252105653730413126961226577338354825342138873997094428728255031052718646853936915956114740968691441638042155101257790141480388589446841791350734429892863348208455626782734817214642360556879740137406549080969433882896645535611116264886880505589924058464258068820277056402826665394545901467659267484410885210562374719147239017024440449848683358774800769209407819568864669565997573739908597417269519794133344247249204571436597682191612266049723396896315577991346364658690353819161968648045228168050375704312421423243821783193966220989004326326351266298621082998509617489421847034281624596349309642280457471378647249608186662763332460815730814295077476880654
