n,W,ratio,ratio_residual,n_residual_over_W2,log_Bell_normalization,log_smooth_normalization,Bell_normalization,relative_tilt_variance,variance_residual_n2_over_W
2,0.852605502013725491346472414695317466898453300,3,-1.46995951779364914136708605685902743563341959,-4.04426037648868855545348805308639296452156207,-2.87928753999708895494090405585521200509135862,-2.92880560452688151155784485044590446605228149,0.0561747708577919282979692970363713387343592556,0.444444444444444444444444444444444444444444444,1.00555113212523828202556979117728924227940864
3,1.04990889496403995998869707055289790458946694,4.33333333333333333333333333333333333333333333,-0.648983353833332603725686468358345045186354967,-1.76624758852159395945849774906339995909927628,-3.29652392758929501176981053546503741218961727,-3.33530580822077578655568397620873344418393851,0.0370115990513999677395939072294799776976504473,0.224852071005917159763313609467455621301775148,0.463991032688901928474990553388672117921422074
4,1.20216787319704293921207416549515344750151252,5.30769230769230769230769230769230769230769231,-0.143576517544437816042592340658030485150461877,-0.397386556801078664232344911414658319128196962,-3.52565491144318101271354990869790224192602985,-3.55887738968464284396250693914171439331575801,0.0294325253581329000083585931637922415534600901,0.144087376601554295316110060911573198907792481,0.101308627114497676197228482045505255000670338
5,1.32672466524220022363509929775807966012879355,6.07246376811594202898550724637681159420289855,0.181249116719789127460253636613966718300159446,0.514854243617294054085622867221633247747219527,-3.65374513174791854094938100051895942015748768,-3.68257342539102454558176189553031151613045025,0.0258939706258051360022861769077353942750628316,0.104009432618861820108110571254435780156185030,-0.189052502577762382103937315705239634371646290
6,1.43240477589830031123407800721205869478643461,6.70405727923627684964200477326968973747016706,0.394247361717876113919322750426761194485205459,1.15289173402370733113517386009241470309572976,-3.72161992164870453390022292905246791716415669,-3.74716252345585619264203647160091256078767446,0.0241947424961181027889256476378928947615452689,0.0807841752613053627529170908592264527346304997,-0.436381523121643444270864303188570812835397591
7,1.52434520498414436912247606067577938540871942,7.24563901744393022427910288358846564613741545,0.533896547807637645943437518511023402970288374,1.60837937302074161166804741938892549266731214,-3.75218731112989017310326799220933670097417252,-3.77524157856192741500146117691948668167430572,0.0234663614460808632343161476995795931183376049,0.0659691916473438040566027016177777222442984164,-0.652419984462967174135348744996759708393513859
8,1.60581199632017759603374619019800199229960356,7.72362796639316071340834275045447845526458016,0.623480873299707213134987839896084165445486322,1.93429952872398744590258827476732096590694291,-3.75925142567183221617859238399129163588452128,-3.78032741058588258234310295357803449601961379,0.0233011765105129129045956753112797551292105582,0.0558799141055103488185484449078874982567694041,-0.842953711068933561242342069014131801498351622
9,1.67901641978559819544593278003003859899110257,8.15522363373812810514061794286223194804038194,0.677972601704977458554702909463556182904368613,2.16443608761396488466952832941711909965733281,-3.75147227147899135823427994940414932610396906,-3.77092297027802999674265030902314588753607309,0.0234831468253678356484144780318475064589769544,0.0486741585321615634865481367811593195750052482,-1.01127734258423558038188723971127619160692914
10,1.74552800274069938307430126487538991153528813,8.55217228175192844266700364198556466376961497,0.707463644027207486827632304597547423866329408,2.32193728802147171720130122309439747837203354,-3.73447017124452998267044861146207402984055338,-3.75255913082368371639175100640205808844011708,0.0238858231126758807883359974960227944785702223,0.0433374022652810881221143369628993573051532552,-1.15951913531522171123546686841790303840185627
11,1.80650257550566614683397410333519124035661526,8.92280121216819859857303450210122835780395984,0.719009917191982745487462721527268824144491892,2.42354113584011613882824725269827771159208472,-3.71198049403515986871042625083627460209378234,-3.72891029797045934750361684240237341466115279,0.0244290936559300577530611849624280696723386168,0.0392687873975819759791828310603958942520667870,-1.28923573128036378921079196527852490011700330
12,1.86281686443235795020425960049256857209483360,9.27318879595971833471737768084078069607677170,0.717686013502866451163812069676771805573249155,2.48184929657906784602966411395102657544639289,-3.68651547804029124490615652423895675515962722,-3.70244466348453543331444988561779444571711468,0.0250591693117046469009789630104567855059402180,0.0360916358297880173588099885643955417472260250,-1.40170982446709181015430322147439495548819162
13,1.91515223953635646127805380938748076831530968,9.60787334896436690915015015893229512568286490,0.707220198043103626911251196446823924225344309,2.50663674935816665657371110468716345875493388,-3.65976796770998717774128780122453009609026277,-3.67482310320386628375631431428879361708834555,0.0257384841929753718895010081293168949262088980,0.0335587808131555782938831124086551133927238534,-1.49810946201377170664388042647570170179768118
14,1.96404911324947791549028419058459510628512684,9.93030186476282113534510723391874959122894106,0.690393773499787248532706608053246041802805891,2.50564889007149049593381965004394785091818116,-3.63287019552961289900775212997741997953827858,-3.64715422625175292383614672102154712975536195,0.0264401868909818967992293672839287452730339862,0.0315018800809122225792783943382732229399027616,-1.57957503139582323144718737220849759967877394
15,2.00994355935056580111042557004791271080378932,10.2431250432738385499733252411522927684779403,0.669301945412747138800298759182598322585965339,2.48511002781980460548728946774222124669504709,-3.60656515068612244024674586861598208916775206,-3.62016308741652361284239455808968662269908788,0.0271449256482801294979191660612367399548083233,0.0298027093027938167974087651916998033886190388,-1.64726429339020826279725762598093544554246571
16,2.05319271746264858727757305706570371554987905,10.5483979212906960953771706110522074343415705,0.645530108694239027691013693992758027416654628,2.45006189349915351205279815730575415548054417,-3.58132302060549363941259327262723359802429063,-3.59430595557349552740857937015541972357351109,0.0278388425178887539491456580842711410125561785,0.0283761274408228455727373698009306319384738455,-1.70237081732955998670596618336433464422915649
17,2.09409287816632183003662913739704153359383875,10.8477206050017516795949097230602855518259484,0.620276795792957935881158901195357085831313495,2.40459852592117761672950270640269769797894592,-3.55742213858031481394034638247790437449981085,-3.56985018619966851049893865339518673492754732,0.0285122306377347550746533424818534164401855510,0.0271595587655158511687183553745787705333867322,-1.74612453625797530896563363636194911153896232
18,2.13289264853608555384161100076027917170766957,11.1423399102451939166168254637231081294949786,0.594442043082766171660081190221631879462953783,2.35203634580576496367748496474852791376139063,-3.53500632334804245028807967552923058382234881,-3.54693081914856909658161851615353802931179364,0.0291585726090112153946774195646330567351325902,0.0261062688972931569298137836309030579119813997,-1.77978013088986205961159372289010639485070065
19,2.16980272560573313479769629339751576451835551,11.4332248320870962483649619763081005660083067,0.568692766405094052852047707259481134425649367,2.29504288076677240566771909108057531570800657,-3.51412605619874029711291801759565972259780391,-3.52559122476183292331295626648071372661227813,0.0297738122257558057598518123211221806846150588,0.0251809291940433971686268593505618015912842484,-1.80459755276446028100417846684579351485529736
20,2.20500327802405997049306597738704983208050766,11.7211240570434601278220900015036087960716072,0.543512470370325544662824627145301093333474122,2.23573862482245964831070488150552368173597283,-3.49476831145431665087166382784643318507423523,-3.50581255018244000343373046593594255614155933,0.0303557807086277743678770836893184979903450744,0.0243566037800810818083164075983841657093179330,-1.82181827140253041939066329212654508827528728
21,2.23864960745889364515042115841088271526365050,12.0066108315580441743297268335967235160553374,0.519239996692982370035300738281125943779317650,2.17578103333645724740742760690974476655326411,-3.47687825347816581676056936008946284163849903,-3.48753513514755277818119982344373766360819955,0.0309037342310690729586549353077430523925300588,0.0236126450093031800351360339445662619450055446,-1.83264032335366448934669153748931850778255769
22,2.27087655071197088486540894575783414408362146,12.2901186708884787304902916374039782430047876,0.496100370151132750971984901557580347883075762,2.11643619596515707860334429987176210119570326,-3.46037500177066279882679040067187388640941412,-3.47067406764794036817952732742815832697746776,0.0314179780116091055284221881226694168887086625,0.0229331836508574637630922022352166556448391257,-1.83819474144507293324091405656797152280773330
23,2.30180194526935650093799735100523311947241633,12.5719702194587964532901341200047484243550885,0.474229749713467988866812858467367077465676602,2.05864150965418069235824860577463425371727892,-3.44516301013463695020286001334231790484953160,-3.45513040449166781277353668311859218103108691,0.0318995616669203306402958283432041218075401338,0.0223060182021254631308711116565856459937295850,-1.83952537465714197725343775457470836150862993
24,2.33152938828011901095656254764219234073364105,12.8524008160106236203111885717860764336545057,0.453695817914064243657531606819462543422095339,2.00306125155456354985893190810612082946290038,-3.43114017222041099300558607090271082859782125,-3.44079915511577069180915720358282084632298970,0.0323500351261283836131246212291166222331508817,0.0217217791772469604657190936730711622336938974,-1.83757347612773636830674888637347256500494495
25,2.36015045552266417668049337660319461245673708,13.1315778284334750275687789451295995151005303,0.434514511009215781404106611122622667320586935,1.95013606754999428745712541776052024925613212,-3.41820347231938154069405996897087766777626721,-3.42757483787103106879792438120189194928616211,0.0327712565553985939442467900466979764323174797,0.0211732882981888542188418176605813524137414288,-1.83316778426182513492437239281354526919892018
26,2.38774650275227712799136948944042486021093955,13.4096165116050017299144255359772887026761017,0.416663721878378962873926320273578993176878442,1.90012687947206569944204507245626719534321162,-3.40625279626816102900193118785147575060340749,-3.41535521676724737424149729355432325717693072,0.0331652447498626805506708102938213852639204153,0.0206550600680790613773957328306339574199762095,-1.82702021035008786308805639494750561437104164
27,2.41439014057388018698780422372297587907226147,13.6865929461421078424868079613393204135519941,0.400094441659451546852108314067231861977712299,1.85315345744672569437068115461311947833661031,-3.39519337120001330207144814766027091837328190,-3.40404368244508686203238479869039149523457903,0.0335340690219801004410908958211236786255173646,0.0201629105467226361357491946326216048464181935,-1.81972673135580331366687516410037531283920086
28,2.44014645154591435962853212895894017428257166,13.9625544954045761853569268463950599979075754,0.384739707032945220806592596243149413107073825,1.80922781724832054300255412810157768478485127,-3.38493719501713986176781547497850470439544589,-3.39355063462390914708551767291053776226074647,0.0338797700972371834809722848931670499367986379,0.0196936490872585874837703322485277870838588688,-1.81177270722494102498206095986371511816164034
29,2.46507400189123313825498190833250649106324653,14.2375281439987988046792760419747838184092060,0.370521661850895754073533313824494780190932910,1.76828261998853976828302890314725012588997862,-3.37540373457297898224330920188663741608202237,-3.38379414234292316158843041747411261758178456,0.0342043060627101651868987328820059789700946962,0.0192448357047486050175979394856153827131741275,-1.80354161410550519730716835860608994072158933
30,2.48922568815767807291415502746228987681060669,14.5115270339717900262554696752982656261223947,0.357357006622729295539910069767971314766163234,1.73019482247452720378267445292112806402532245,-3.36652010791025177241095721052689738243312905,-3.37470009534616105510401921091978883610318905,0.0345095180353932721912098929956296301476552312,0.0188145911441552272732196082809486576300409464,-1.79532610210679942774814134161084266358834874
31,2.51264945020165173786858753200511106058551746,14.7845554819933248388010194333632676823097373,0.345161085458450495233483606460906687842263395,1.69480491424723227576693832794432456139502362,-3.35822091559389351760498589543795646391362405,-3.36620201014278526842880465804131812197444857,0.0347971109058848142688701749734809908709283877,0.0184014495685651639637737141082528132072387490,-1.78734032554858635224834527802492850491502479
32,2.53538887511091093395663321841211570776692383,15.0566127340888786359136938638193976157794530,0.333850840197000568892696294170700590161247077,1.66193215687864094988653900192902622156348443,-3.35044784605233108900744655766426615207429037,-3.35824061450564571994805646338793734455309247,0.0350686452292030076863349286841924925566073657,0.0180042457189964564847029855584088244585265588,-1.77973262197410582635731180323326679358115283
33,2.55748371154174909274162697366312077882272037,15.3276956894491858611223090798442950434614035,0.323346841705503913047673455138012358012101789,1.63138629821898837536266148948851035136948123,-3.34314914779249332707319501730095658819721468,-3.35076330238753479109795186678591780984677442,0.0353255370366002037394053632832639701940109335,0.0176220297909556971320271351581417885232757885,-1.77259779767374780737032053514512380516756970
34,2.57897030999802281399735756548080303363146754,15.5978007995153626378692444823165906542959950,0.313574587129861184785861675037139659295278774,1.60297626299190794813741320655783458033612889,-3.33627903589711489042106535545928937292405014,-3.34372352597564192534965001382823532697859736,0.0355690629962658372966988277222837938707424762,0.0172540043601240539135990728977334879401323607,-1.76598847921655353617642361101611903330041151
35,2.59988200152190146712881576156091783079917027,15.8669253225185471589427401566864641173764437,0.304465229092366959214044099509582078954375008,1.57651632163026270063130377839994602024373763,-3.32979708021704866994774147948038631348062899,-3.33708017175815481860240765926391631300854099,0.0358003689337329225399047315444186256263688930,0.0168994785980889620870633500696313906795190331,-1.75992518632209972470998913993314597243467944
36,2.62024942487890785550953837925372284343828807,16.1350680874239251489053162671473472771797409,0.295955879162217279393488895281282290861293265,1.55183021565799850598265811554331739336814296,-3.32366760721513087750728765399910210968820086,-3.33079695213443485277502425625820368000168516,0.0360204802225326063916268665109290053854883792,0.0165578358130709500776237983125589778889226139,-1.75440495338169442775351804712868631940079118
37,2.64010081044169022380867876533562733727250682,16.4022298956482112159821600690485274271620715,0.287989604383353160057102204563508957975361778,1.52875367638998394276822623379730864763573927,-3.31785913571278212222133738237749862220656291,-3.32484183248210702894683265462010107121828745,0.0362303129692204000815835610923559305744686619,0.0162285110573451784355400150881882542350266891,-1.74940846519871294511304726363129609930906907
38,2.65946222748887520324469784189837857853190602,16.6684136648748558639377454833254899958224709,0.280515213235547481091258410208484770753202925,1.50713572088105044462967840907094533463588288,-3.31234385814422693134856432794887123195638624,-3.31918650501565653694843347253094638331019010,0.0364306852480939307058097316274856612520607892,0.0159109761708433389325686620501896246898700364,-1.74490577399771788266128861583640102213747032
39,2.67835780044837312991150088263331264128715099,16.9336243975024391838087921752202306863908399,0.273486906937153132768050762104510924464047900,1.48683905101908840077897410985447964864789117,-3.30709717272777445626195122633870310303773131,-3.31380591462835790090094424696407169327634665,0.0366223278978208504976058411077939427118449334,0.0156047301799979334059320003425059484448897906,-1.74086073134209462467034799843339491099500512
40,2.69680989866170826303323899225075712291964200,17.1978690371948948182362581890112719631938680,0.266863854004612428146667247803182709149543880,1.46773982342292577423327119792465462244418903,-3.30209726769036081109183153972034787032852018,-3.30867783767747752561487750319871370660965298,0.0368058945851453941416647249943485819249406176,0.0153092934418653283414902643117479752872683961,-1.73723430525660481324534522522226466375636055
41,2.71483930347654206885079539386207617794407245,17.4611562608600814100068900507464708146940840,0.260609730718881495821947509447368329359428462,1.44972700302900404660963793249518812255929307,-3.29732475587985710978729287475573281120258931,-3.30378251190368115091618549154414416415355633,0.0369819709808826353838779583331905182500760287,0.0150242043174209682229289464566515712865875992,-1.73398696595702754331727974951855310589997485
42,2.73246535584972372101786671928871287507656399,17.7234962401416576151815059311461515162810307,0.254692257628027701950183711256998458383080341,1.43270146426993063393528361497583030067044091,-3.29276235639434719075568215819071116197530413,-3.29910231399627461075727115518443667073975298,0.0371510829911876967466787741721838949804064818,0.0147490174789041710058184042665987156894947596,-1.73108031971741402907962583206313662764447003
43,2.74970608713304493065704041586475277850187503,17.9849003959747992799657773491172495633505239,0.249082752275971904739289136693724326554159914,1.41657496176420016433539211552414543036577930,-3.28839461894432857501661077334460921667962735,-3.29462148042345496395330263918481668015449080,0.0373137040521977073297956504600392452006705313,0.0144833032109025802856886485077206048853533572,-1.72847815551532205560218176182338697929398806
44,2.76657833529522285993890327015963842210436234,18.2453811616275841779938922028939857821494885,0.243755710712502774628204330134895900259531638,1.40126905776498085348592257392354359413815612,-3.28420768630224209349662338389440600579191772,-3.29032586680193520919124810228577726433678368,0.0374702615368027279591056033392777730213316790,0.0142266472618446891023787197472202751182798229,-1.72614704810294073627699876956455710521353827
45,2.78309784848840546524958391561483730752822759,18.5049517635719659213777687529562249984983748,0.238688424673527522079656585572175350647282208,1.38671406594791896767798501214907747004783190,-3.28018909019930585814853003102255030379639737,-3.28620274109941189659225894982769822228087777,0.0376211423452557187224600914430459411615094003,0.0139786509507636008244822550714957427336767965,-1.72405663779118494499997621899674416451920175
46,2.79927937758149600081370781900915224732458067,18.7636260251356557546216716386402475008299407,0.233860637272708654978581057271242099804846114,1.37284804975606609809689039280185028585047386,-3.27632757626465042537199130568931054488941426,-3.28224060620937067934366492208983437947703076,0.0377666977619262422870227259960865920897215680,0.0137389313425750790019233870285127266940835288,-1.72217968410942924080519956783299473808834874
47,2.81513675904462214020991461565425332259422664,19.0214181948327494625975646871491163059456083,0.229254237282093176444351577822854494417333236,1.35961589756948490199975835766390989950132386,-3.27261295396674751963738197281940660085522927,-3.27842904781171044208417608942605274576194494,0.0379072476628349657919022377257768204265662675,0.0135071213819880637284291803576755057627849198,-1.72049196925314786137858844016326212276257350
48,2.83068298937023382105074907448059961238088041,19.2783427992479116899644296087682965496420083,0.224852990301108606906486825523579526463471354,1.34696848547673926642869224288025607336898112,-3.26903596794274263483831869464959705632122927,-3.27475860386566296903959469365018578982943595,0.0380430841557180203992672961288434634021239734,0.0132828699288400670762555546680340125741767917,-1.71897210873205318225316721719503096335380531
49,2.84593029204950188003433762225934880041592589,19.5344145190939122182382743088750800947125673,0.220642304065751535302957387186868165352939350,1.33486193048262077580389558014389411802338437,-3.26558818754123564772506719853578016301052000,-3.27122065252750132619590088967762410268201319,0.0381744747284484245576200521364845285036764104,0.0130658416722686991113979765482445282342648691,-1.71760131120568909557135412684081852961964174
50,2.86089017798221086675762698433880353699263374,19.7896480863608601760038021773661865691115509,0.216609024624825845636438313649237203189293249,1.32325693177286363757977618065041908259888248,-3.26226191182909270267364498722646606264842129,-3.26780731571560449551061029048807911473926810,0.0383016649742035635338050440908439733973234410,0.0128557169226742230023052019537509098531760086,-1.71636311709514417100719776336039837378649697
51,2.87557350007960284417158703292483529269491319,20.0440582001584570395142797690172613199735357,0.212741259943708261844053332259144134422652191,1.31211819447515959396221676221588070464522590,-3.25905008770608790284828308680344602632245051,-3.26451137594284629706124907644967356508547238,0.0384248809538240564913251085402087842102817100,0.0126521912927990291586581366754781677414923916,-1.71524313591995765446502113130989163501997068
52,2.88999050271891656815210545205212120471909134,20.2976594587908588496495457766422787461656357,0.209028227563412823977738073005673151988273455,1.30141392863671932130925803348010455342175195,-3.25594623912415119189847186357296004561933378,-3.26132620439274666003703679057407059142301682,0.0385443312479993358362462792542813897558151238,0.0124549752854124044189257958145604770697622027,-1.71422879504847590161907167632613115226452999
53,2.90415086662265412505693177339962334692427160,20.5504663057018163170605107275017667839861546,0.205460123151665770196477219146349045361201225,1.29111541543263062208623968245466421229133336,-3.25294440571798837469393090765543407129271868,-3.25824569852873758339666293085408824796094568,0.0386602087446135980892749567415878312942713546,0.0122637938072275260100464894322185844806684152,-1.71330910725339639146299080580255384339220678
54,2.91806374966242475966307433319892505483755073,20.8024929871173201864014601214327129177944270,0.202028007067810372721557647998919593743130447,1.28119663258349349659522034550943311000034922,-3.25003908942165771386890686134969295966276617,-3.25526422779617280845794859325843926632681786,0.0387726921999854088770381179160309216985431339,0.0120783856283539872722622524200047965776424375,-1.71247446073174604497158379120068098429672643
55,2.93173782402453735379149187816729248209331280,21.0537535194468526334395300938463800434505355,0.198723706379830578747769033590387429660976706,1.27163393134186186993181098359762112709438589,-3.24722520787423097165901114976804999942493461,-3.25237658620732681477090454968332025744844690,0.0388819476069080460035945180799965503481079971,0.0118985028048842769479846896682219114697071431,-1.71171643272151667059623986414895501656226476
56,2.94518131012067077091215739919520509122038888,21.3042616647513332269332835083758004195729014,0.195539730090371703832861472052723199465933241,1.26240575802361871618878444678523792764424599,-3.24449805361088765373687714830808346809096284,-3.24957795079460381807789817974869228735371812,0.0389881293973431202878946708983205467897398597,0.0117239100798476410565338239607122072326356752,-1.71102762622114018004817845428576124653620312
57,2.95840200758056648869939150034265210653689101,21.5540309128264230684473970885760243614682915,0.192469195631452137432961707039756143065257401,1.25349241378745817799567192702273831737644356,-3.24185325819802502241729716647457493826805936,-3.24686384508090023750272620053037090621053342,0.0390913815032905230949088613694629963965692363,0.0115543842751996487390390103155931439131803365,-1.71040152834496597578364424977831788146523382
58,2.97140732362361714028111142107336623372721364,21.8030744686727518220469165860006577315536914,0.189505764964707024792490692105440744829483675,1.24487584712042094658557682976164716202621573,-3.23928676060651064608285955025370721971455118,-3.24423010685287601688933392565820713618594215,0.0391918382956839050986235368314662181921516051,0.0113897136850266709295093564765679236812964780,-1.70983238833294163722679439494818492151340673
59,2.98420429907151603062300020883254421721474292,22.0514052443242494755233342574300745438658339,0.186643588871019992219719930969993996144997871,1.23653947421819759099613105176636126252733933,-3.23679477923007449201678615675343616573538757,-3.24167285963684292960454874833987244204368239,0.0392896254180643645986208825111125168441199448,0.0112296974778821746294487445033909770110036035,-1.70931511302723974014065907483452306416863834
60,2.99679963223399155620718824498677314302944343,22.2990358541801952586787730634275754338669942,0.183877258229345286077915830017930142917974960,1.22846802312591686677360705526102066622680125,-3.23437378704964388527494195267086844795592309,-3.23918848737171127527411273307430153630889582,0.0393848605291871882979354616000229597475327185,0.0110741451142048183937662422854903555008615342,-1.70884517762272067712513339441437365202293801
61,3.00919970087341080073204121393095965513187119,22.5459786131362429371844255983658939505646437,0.181201761270618659891560511311152658574853538,1.22064739811365474843966776282967495627101657,-3.23202048952232568936921168807797619442266628,-3.23677361185213334765461538379678274730374681,0.0394776539665433984518967757382305968947862055,0.0109228757831138968932184994218408521671459803,-1.70841854961293982134452623829571165127578362
62,3.02141058243113872820719612534575957751574579,22.7922455369362726477612091012870950452672287,0.178612445951320009599628332463539132370429283,1.21306456129611003674059471174017261614986488,-3.22973180483844541613201894704569343860513604,-3.23442507258037263593878792466261184534495109,0.0395681093409628035207377442455416579283161146,0.0107757178615226012411942351498239742827909008,-1.70803162403395273522842295278803779876759349
63,3.03343807267851155365312921826443142570654474,23.0378483442728456319576619865131161432740462,0.176104986725462435310151052184245850290002927,1.20570742896914001418202801491510903432544925,-3.22750484624385302583368844002192022717249133,-3.23213990871981919912050950225355247929942844,0.0396563240709497218291836757651803171215213733,0.0106325083974247517632004591348295655287428119,-1.70768116831753907731197074491826519839164503
64,3.04528770293772617507851616107376248108638440,23.2827984602519245767031112684158330908260846,0.173675355106666371422570959719281196084972868,1.19856478053204410582350065745323265978541853,-3.22533690616951463029863189007342017365193172,-3.22991534288839281728556971571837851283715167,0.0397423898641362808206797233184652667897983165,0.0104930926183602541596338440459310397827719682,-1.70736427527993551295985767406809548575053001
65,3.05696475600252384087329791401181513014140152,23.5271070209099635378924296752372345591419274,0.171319793506555930573170199844333225104287570,1.19162617820032978860034581828527425883514364,-3.22322544194781559333407953291055719126484538,-3.22774876656792560229397151907232644716100543,0.0398263931521786349004727853255781694451205810,0.0103573234654115085707070349788158461895775331,-1.70707832297739057744249922122794153007606031
66,3.06847428087496803585532464346268094029137129,23.7707848785308821550787834605667889748573062,0.169034791914768399331074844229506689599527119,1.18488189599654188612158537007801167914957891,-3.22116806292631178275590179829484005500363480,-3.22563772693731279069629871274110751977678575,0.0399084154845329642134453429906194801890437382,0.0102250611525924039109457615388368699534756699,-1.70682094034793880385758573689046836898681897
67,3.07982110642263887729951557819921618600376277,24.0138426075589792229632616325593480363084450,0.166817067051871556874753477881930372928857354,1.17832285674386363685392542649696020595607680,-3.21916251881595538759173937262236735792869367,-3.22357991496384619564530427043849097536351656,0.0399885338858011235996807509991038738001092396,0.0100961727511320826145088827470457374434791285,-1.70658997772614690597452892703047019291324659
68,3.09100985404997974894365170007899460556478627,24.2562905109433907867355296644562767648458194,0.164663543681588021516841945500043374010822419,1.17194057598540689274341562000737273515101570,-3.21720668913296815973549235294033275665103791,-3.22157315460958467954610964512900108725076475,0.0400668211807058682818397387708761488252863912,0.00997053179790039847341224250999528324456666662,-1.70638348146336451542462891595934107649648121
69,3.10204494946815711734702927879159925021206666,24.4981386267818615679883704017425998275064443,0.162571337814768590262108927396687540220536466,1.16572711191751641051905801440625610067762050,-3.21529857361225588833162422299138133242016720,-3.21961539302859369098108715358514409459674091,0.0401433462902225874584813744261701025428674277,0.00984801792704828096746789811229780624693276238,-1.70619967201101972055928956022902207214812147
70,3.11293063363947747214087187910391599224536289,24.7393967351577232968624159159793209617998528,0.160537741576087186346089603543325927873196006,1.15967502056337676045226566974370709714023461,-3.21343628348613955438914715882454993323366416,-3.21770469164699262156454992579739014440017773,0.0402181745019419293178367564735546870892707390,0.00972851652382545890980044552142629402253142927,-1.70603692493044488234416883432892868535648517
71,3.12367097296501357144718913852276477095238741,24.9800743650851788184251279588106211782589136,0.158560209536743127373914194643000833486004344,1.15377731552833254372049686366790182152676181,-3.21161803353569993398642218716108141150617905,-3.21583921803146776417740253664256898307994569,0.0402913677173520729431724877419734991276202144,0.00961191839947514282729293745308293171307098764,-1.70589375438172511639759608868339538644726441
72,3.13426986877751133174881987397280928679285180,25.2201808014951983950719679277637596218758817,0.156636346343625877974933459172785227537522981,1.14802743177451167071574123746216588188764974,-3.20984213483358530592871583947542858672987017,-3.21401723846363553745750539640355120649630643,0.0403629846783996018900076525314951537307245069,0.00949811948607832540581794341864735059898086806,-1.70576879871835945501272897183075698327441233
73,3.14473106619577994944988112519351053570625679,25.4597250922082984177797159296343482506712371,0.154763895498309698808712775601605229841585152,1.14241919293284415428688573176766445789943492,-3.20810698810703759457727122770929755704372474,-3.21223711114769972986951907817065841857121200,0.0404330811754048573167435302694904857386413833,0.00938702055021988208572906195858955732264295106,-1.70566080787626234378158226100885310798529377
74,3.15505816239152556581559263458249125746670887,25.6987160548518064973633099033902689166443629,0.152940729158629930049258632153303258032035589,1.13694678173811116965573753524289610712948920,-3.20641107765841466941887802962510484895535935,-3.21049727998750441671880704586757246773959464,0.0405017102381638114871442276712722409780515635,0.00927852692436727184008265655304413062662966549,-1.70556863229678026173905492868653164591086203
75,3.16525461431489866990356907011952636344548874,25.9371622836884184595123606405249958533377298,0.151164838852047874515883050188743039290421158,1.13160471322948613038054452251471120081420125,-3.20475296578784309284592982725175732622886758,-3.20879626887656067684898220354872097152942988,0.0405689223118577386995499053828791826653863840,0.00917254825488466398520105918785965091454630404,-1.70549121316569937271701464887483999155193174
76,3.17532374592082283384002478348754612019718966,26.1750721563303249882838765153665438538713181,0.149434327004028689422132935517530410048685044,1.12638781040698972645132825175521604955643535,-3.20313128766900609320011873867660824823771035,-3.20713267645110199650184824849772612303126793,0.0406347654192091751822133564796745812737261951,0.00906899826564640246286418564538089391078668537,-1.70542757378518381616402694976831208735630628
77,3.18526875493440095705599927338047023371962527,26.4124538403192541454770088293938738931873684,0.147747399196639543306198522886357240385679913,1.12129118207489237456161935402201460553314671,-3.20154474663460499362046836882036687123352567,-3.20550517126185105272792931568763990706720736,0.0406992853101636293149840842242566934720424946,0.00896779453626057286623362113092337838112741560,-1.70537681192449242155508691887507284774716051
78,3.19509271919030577366706446730097811289126815,26.6493152995577037380998481000320422693892497,0.146102357082854745271972075710463429773754777,1.11631020263760547744171514216569043680007493,-3.19999210983285278713796974317938451488562866,-3.20391248732508492872813037167383181668787453,0.0407625256002377167542474356362477044894007508,0.00886885829396359437341870870034171169749955106,-1.70533809301924935331224710173486304402117319
79,3.20479860257801092432431817929604471266796359,26.8856643005806369884076469508009601198525723,0.144497591890903130305990184110729560279099304,1.11144049364302823873319618868285544507339883,-3.19847220422056960711213927364565763575254102,-3.20235342001787159528861157896145455963242514,0.0408245278985529205445634532155426292885812945,0.00877211421829839486650438636988927877769360525,-1.70531064410888424972565827060385260886121674
80,3.21438926062196970725886639190940150972534944,27.1215084186601579639990078773129877547422326,0.142931578460635431669472617291966265470399830,1.10667790689349717140995012874963054852357551,-3.19698391286213832840022713262078922820001637,-3.20082682228610563003012475152371320683150703,0.0408853319264675587674759954009282645910427534,0.00867749025774051330916833447091556970938407924,-1.70529374841834579811870562495333544892504846
81,3.22386744572336760608936869793856591790928665,27.3568550437383087996744291006165083929014313,0.141402869760511528859017936762936214944496672,1.10201850896610901532709880287296238052890761,-3.19552617150681748828444622600155908338872367,-3.19933160113726963933678418637291723203326528,0.0409449756276257172824771385448002919223974942,0.00858491745748745783390883036399806551087228493,-1.70528674050393288142082742567299540811130719
82,3.23323581208783274195044868544191364630539803,27.5917113861852516187305893596727169951494384,0.139910091839563461538010871160632661510270781,1.09745856700282096478624279459732642865273075,-3.19409796541975979501405570224678940466713086,-3.19786671439275219008556157634849343749616558,0.0410034952701591304798320431886430322185232534,0.00849432979767616768940643339073581700981248969,-1.70528900189457244802346811419054234931120362
83,3.24249692036145988246155421048020717155081666,27.8260844823818057994522811491137679985614182,0.138451939173708202497008657420582319313235545,1.09299453564684226218591220596010443518236769,-3.19269832644459992550397704214467634561112368,-3.19643116767711620797875288826632689853588297,0.0410609255417047930967298118093264271265598500,0.00840566404134103638134358038099700359817556592,-1.70529995716950489830458846838784424541212845
84,3.25165324199566594787126733618771934810796353,28.0599812001266803496522146922824973254839647,0.137027170370171476765437511132228542504299963,1.08862304501580505401766000866007745287401450,-3.19132633027769949387509925342799732209070093,-3.19502401162397878444054455478052788314475733,0.0411172996378362067984145921526874561320773371,0.00831885959147036916115529631784074137715369450,-1.70531907042144311346828800018508781823443557
85,3.26070716335972810619275694015929628349281296,28.2934082438698324247130472234786238915369381,0.135634604197630134138072469489400011061621734,1.08434088961436091462193291869645653853434498,-3.18998109393610785115158081813067098298450906,-3.19364433928017256355364809949685113913661562,0.0411726493444485366123235793550003873242823080,0.00823385835656220875480944682938020208700963830,-1.70534584206111644053026986193330492856973238
86,3.26966098961834186445905818694524896256863971,28.5263721597742461320176918844829327867485862,0.134273115913061189526538903075691151837994966,1.08014501809945993684109920165139459709895555,-3.18866177340304712991817292807036404435343368,-3.19229128369164321876495643419958551254969847,0.0412270051145866589492586971798547276361186196,0.00815060462412109621289081608084994545236577109,-1.70537980592491272138995140322820734692910364
87,3.27851694839016037392361174793744675822968155,28.7588793406091014049734920694363867348875073,0.132941633859264324126218330611988369920165836,1.07603252382085516355729099671713953683174693,-3.18736756143628645161321185493895849762909530,-3.19096401565612517997889368254878301180212024,0.0412803961401593389273815674236166189882158878,0.00806904494157553094354611553119066606213142997,-1.70542052665226651721138488795707358000271373
88,3.28727719320202356700044747105897594008546070,28.9909360304778243154860790628519080623250934,0.131639136309655325632857867534947703194767684,1.07200063606752374896120940204518716248000286,-3.18609768552615736497657090100730094193626667,-3.18966174162905300838040762888786888363746827,0.0413328504189419032723773822533828682862854602,0.00798912800413169333985645610693143134537431689,-1.70546759730365437107192771895258789196259942
89,3.29594380675244437344220292955635397183453763,29.2225483293849052124173395226236192695735752,0.130364648539256473554294827581179576778177542,1.06804671195786529214446779053495204719333899,-3.18485140599120099749548370308352066067968965,-3.18838370177042958600763851943532743376170027,0.0413843948172331917479684154111084449753886076,0.00791080454911246492064756183987949371877870408,-1.70552063719366645404857892858368251575067885
90,3.30451880399687812248317489083349378670317612,29.4537221976456621825226482375817336990627814,0.129117240102875329152810798738680630710525698,1.06416822891786048639735798218532416963585978,-3.18362801420054490883358577685975671532886388,-3.18712916812150271349368026108881365683559285,0.0414350551284997687418702924799167257633642458,0.00783402725636201601867865870229667269259506331,-1.70557928991672528494041195318220960386279551
91,3.31300413506635052277619113353209108455549596,29.6844634601433332383359580271950003103228008,0.127896022303299201466494618369939031619676883,1.06036277769696249173363931675064935500597594,-3.18242683091309969780686447973971827027447354,-3.18589744290111451238500662179509882329290788,0.0414848561283109178283687110322286146404894948,0.00775875065432533480591770611783070430642372251,-1.70564322154569631400629133687427174931749446
92,3.32140168803015057410555495903895545100766340,29.9147778104380168171912140497232556504351228,0.126700145833967419163454877835018228614683528,1.05662805587644530959000105484719915099028410,-3.18124720472455547123801813973180876633070103,-3.18468785691249687516803325362724723098083215,0.0415338216258414433135264455928799260609616700,0.00768493103143915661762016860111949536977290314,-1.70571211898594804670298709813487974721569689
93,3.32971329151249958647743208527018094741383980,30.1446708147320594409718374974956637412725615,0.125528798582042132383721610421673434493382681,1.05296186182932988183605633536555660864585945,-3.18008851061395804112462993874196254828921242,-3.18349976805210300601183451999740665060570287,0.0415819745121954301635243882812506116407803980,0.00761252635249593535407324706272376422432577008,-1.70578568846942580309419492546281567956656798
94,3.33794071717237916896572863346622280339158975,30.3741479156965223612793916198431725298031216,0.124381203579102008222867184599219488538251435,1.04936208909491982463546886667396009729087655,-3.17895014858236439689012008698034400435757008,-3.18233255991280024853730772313331603104008408,0.0416293368057825754202501624989586151195512581,0.00754149617966589577479007450431742092172495888,-1.70586365417504871850360348156290885047118749
95,3.34608568205503333715756276066468188920046773,30.6032144361633545155504792716610948378759375,0.123256617087850309148359443550646501070510455,1.04582672113446490517966100591703091882828448,-3.17783154237672554401500535247330773981223786,-3.18118564047441200490795761769090009960443131,0.0416759296949592443888170431511273030067991273,0.00747180159788393145812568165658510167686905934,-1.70594575696326223474041481621974466338607085
96,3.35414985082304715483375187277962998126885911,30.8318755826878644663325372885874751307097576,0.122154326814275455719122656344898193736275344,1.04235382643758348236136976343988723807483120,-3.17673213829273004781732854972821095798710092,-3.18005844087519459359039620370348591763253935,0.0417217735781287988522233443440497515938629979,0.00740340514432827937291533398146121685969297860,-1.70603175321390999318516026784613846179291437
97,3.36213483787434152678721381895345031005170644,31.0601364489860252682510467796164227755677389,0.121073650235642190307457579767131439240484599,1.03894155395185999537998898883014893731306238,-3.17565140405087045643652473306921858359922161,-3.17895041425837538222600977973891987720503051,0.0417668881014797946024997851531387197574105128,0.00733627074173661524767775657972272326074922492,-1.70612141375775653856005008285924305791413218
98,3.37004220935390635931427294194343014147962003,31.2880020192510684546476783660962518588591427,0.120013933035537010153027250210800770549337951,1.03558812881052902713477443100834975083796535,-3.17458882774047325844443479643266520352884510,-3.17786103468836763786795591833488452476982380,0.0418112921945261773426943221518727515211415792,0.00727036363532257597986179502463446834338091934,-1.70621452289301820965432578649541413486672984
99,3.37787348506561822042306977619376043727369630,31.5154771713537307505845222283507920270423658,0.118974547637953227657062362613864149062439565,1.03229184833539720841614813408326388824899221,-3.17354391682686649838190550398432505014350951,-3.17678979613172070011693177169732472826821979,0.0418550041036004655215433602636966586970512802,0.00720565033307182248554875099683026147913393142,-1.70631087747916319930313315412451524607317239
100,3.38563014029005018488824436452972686749169417,31.7425666799304131785319654761600434183514141,0.117954891833088126724822516672232415455668617,1.02905107829416761222306346680935970392333348,-3.17251619721725234362981908365060055326304935,-3.17573621149826610881431634767649059497647284,0.0418980414234389596551441177035885746902086674,0.00714209854921169929674086568455313344794419250,-1.70641028610103929757166082594600495272744161
101,3.39331360751377742221201570477343566017687630,31.9692752193633998089582204089291286279323822,0.116954387488145361862938790478946793176596848,1.02586424939314392018393716318693279473807409,-3.17150521238120893939930564380350718586841217,-3.17469981173828545815415888016195189047656167,0.0419404211269871393948523429620686282339203327,0.00707967715066241086622152504178971034679563337,-1.70651256829709317184681651530580795655039140
102,3.40092527807530928264301812625319097107154820,32.1956073666571649034225491319280003137447309,0.115972479336997153066436642195787315116692134,1.02272985398792591471297107101168388439993410,-3.17051052252207050043796499819664160457792565,-3.17368014499185777035957927210779217469990912,0.0419821595935434947959147299372013627337666422,0.00701835610629049837801507589332458752500653986,-1.70661755384607005431483232826307243879336991
103,3.40846650373243444993687366493601116931868523,32.4215676042146745692503578151548549991675145,0.115008633843069272244957983159983552184359849,1.01964644299618338097203894083255066539503969,-3.16953170379573004698533724090808922771317331,-3.17267677578684642753197733565969723004384765,0.0420232726353509915850915585969886612525937155,0.00695810643879733893242339099870126710697479022,-1.70672508210713757813685241826210767154404752
104,3.41593859815544770958543752302288035312448803,32.6471603225174639104057709339094703490346472,0.114062338130272862274132429284090631900796844,1.01661262299792951960889069543937784563539740,-3.16856834757367841209870735635889386174141886,-3.17168928428226114126667800749958841018595981,0.0420637755227371068106122173363654143830290875,0.00689890017908647015216890287198903118881107923,-1.70683500140887097918464482070353759692257067
105,3.42334283835043280889243079702853716751727279,32.8723898227131443448288660002357982379769216,0.113133098977225697978103195142904999915996059,1.01362705350992263143751363856647608914597308,-3.16762005974733872052458488736941226612561814,-3.17071726555398172090585197770698583726402468,0.0421036830078958153585323569494245395037243230,0.00684071032296383148927368908800219800204631738,-1.70694716848297650472439608771784165023852925
106,3.43068046601650374890196995321335398565862058,33.0972603191138693458324236215319455485259947,0.112220441870385945983834304946276623310772825,1.01068844442191949865976265847300978105181970,-3.16668646007097977648675576324006245589651860,-3.16976032892005988027997995845197339490491537,0.0421430093473979918025250114563068124440877657,0.00678351079003456809269466917885633372319117520,-1.70706144793902216467726040548716539663390004
107,3.43795268884065482232197479548805738873880763,33.3217759416091612309411788329427542419838085,0.111323910112067671047325827654069416532601713,1.00779555358349735121408336744952374725646907,-3.16576718154069676116861542336755580891748722,-3.16881809730302510362850760566197692503714643,0.0421817683235103554299946156726124940806050486,0.00672727638466891893469334693516558487397682095,-1.70717771177679557482557394543142641484149669
108,3.44516068173363613812555247833815864773254655,33.5459407379963774711130893929973550479588265,0.110443063979622701933017445330356389962112248,1.00494718453106400690188376696780946701516491,-3.16486186980713517295955120332433417343276293,-3.16789020662681255469914894528035923310899243,0.0422199732643972748837154598648607011210539283,0.00667198275891795879481084805817812530150184887,-1.70729583893322248110825479748887441608985144
109,3.45230558801005474499222481810763908336500319,33.7697586762319728883974628540424606584468279,0.109577479932361063062780505112314904618951665,1.00214218434549695643191189187617837049239363,-3.16397018261980569347600335554726573380204083,-3.16697630524610684179746868460412723163558437,0.0422576370632744140966044729038435869765762929,0.00661760637726763063669658757394159267728246295,-1.70741571486106089048662359842653953390760032
110,3.45938852051570041040551367237252735805484342,33.9932336466065944925306230887925187165958175,0.108726749863044718610886015002483759580209903,0.999379441631600035316262414877200974770883058,-3.16309178930099510708509525504109317567051359,-3.16607605340605665383802141339798169121612910,0.0422947721965782994606837104441056693352348691,0.00656412448312663428858107603621104231617419807,-1.70753723113683829162983217703578132199870851
111,3.46641056270490838067161281743836893915006751,34.2163694638469289182677046356119391039259152,0.107890480391029289792093148046030469515565570,0.996657884611248177465447950467086201653199115,-3.16222637024742286614401117894314590488752509,-3.16518912273046321117733587476662787297472512,0.0423313907412113802491378894526223654826318929,0.00651151506695036924098894351905513553545492412,-1.70766028509572648341174843974680882439139986
112,3.47337276967059790045188466394778775334101864,34.4391698691471087233135893471072198491151815,0.107068292194347861282032718325724400447476997,0.993976479322713073239787412902784808380936515,-3.16137361645792556837554378024916859907653688,-3.16431519573668134543371919643008224185485767,0.0423675043909180049110586967694394832581832395,0.00645975683590930081892051186705096985681162249,-1.70778477949125289184264675861956454634170813
113,3.48027616912946386950780579764568321256121787,34.6616385321323733798744605132209569927826826,0.106259819378231927927462239588592083682434960,0.991334227919231145914965848320495505605586626,-3.16053322908557356666119022256799409967741764,-3.16345396537559692745937486969693528454932374,0.0424031244718429131807485102152839872483438699,0.00640882918501586413709499761480182373410827501,-1.70791062217793144783874296658690161224290020
114,3.48712176236464881040631490550068650899150045,34.8837790527575737716603280472533265840374318,0.105464708877748684795478984652903064050192307,0.988730167060395282455594005299074589207142729,-3.15970491901273612816369081583440116578244478,-3.16260513459515928601046023340640012250122165,0.0424382619573203192986713868146502189359012954,0.00635871216962937064048492221735341679418926436,-1.70803772581506231760819271125447258875573281
115,3.49391052512808244680256606506296066330898646,35.1055949631430054753740683499993752693377183,0.104682619892402789612047313777539080287840007,0.986163366390427826652452622001273814634316192,-3.15888840644771486702283995659293340309085286,-3.16176841592605308823654911648481200846030413,0.0424729274819384091199004299406551959777979859,0.00630938647926336677110209954685119161038428742,-1.70816600759009996005558132881092312359505018
116,3.50064340850454585451383481606555461516097529,35.3270897293499561046568775670150461312212848,0.103913223350705825173989960995782559510705471,0.983632927097828600184939085885600889422037321,-3.15808342054166037590944261946286807801763884,-3.16094353108819168700386577291102475664253280,0.0425071313549210700635761113169278246395754887,0.00626083341262454024414552841169426649308118814,-1.70829538896012483860181481594869223771606080
117,3.50732133973939562096443735533417873594576913,35.5482667530982555361221659256872920308703288,0.103156201402859217519373568277885334915233154,0.981137980551291866322400886135550728212743140,-3.15728969902457478361797789671782594844270481,-3.16013021061680390197752707609679982085103036,0.0425408835728658965329459952540319508805943498,0.00621303485381660135020175520937701576926641997,-1.70842579541007714619172151621952264720991504
118,3.51394522303177006769001367558379840994166456,35.7691293734280249061295053432046398657763885,0.102411246939827454936654373817133999152377601,0.978677687007153517891595287373605512081282307,-3.15650698785928400792709570998320025217146269,-3.15932819350696924476599736321547555355523734,0.0425741938318749454026883847009921290340781645,0.00616597324964660750456718415916002385754524680,-1.70855715622652244621628564959162521555989423
119,3.52051594029499374576261410725480915502193517,35.9896808683077308266122986719561983581889539,0.101678063137199122721398327253403055316946127,0.976251234383967344375376893201545451479749800,-3.15573504091233833370739530036558261309357505,-3.15853722687553331470879798233197490178891471,0.0426070715391123390094245445462399782418539532,0.00611963158797497006042665919853390197941828743,-1.70868940428582037081449394988197184866363925
120,3.52703435188579754587859426410414132435527610,36.2099244561905652647460390839290287850810039,0.100956363022344438494073406822080545328689498,0.973857837100119701021499518440298122884998991,-3.15497361964086914980153559275537892903433560,-3.15775706563940601689962381131156598964215618,0.0426395258238206109798739029848219724300558033,0.00607399337705390268968266984111734541154299323,-1.70882247585565950059847794433011884618748872
121,3.53350129730387935986890915426386885434387320,36.4298632975210888971353877344513753546105878,0.100245869063480473199564507456704453237082753,0.971496734970677686901086053730574623662670169,-3.15422249279449369976881324266692220857930008,-3.15698747220931087371361729711661764116034604,0.0426715655478256488206529499014874594670520550,0.00602904262580235842133398428122241131552286572,-1.70895631040900520849039534104677431998717213
122,3.53991759586324381667048849165210988604780472,36.6495004961939964065374431033084443425172134,0.0995463127793498241688825864477825848194155611,0.969167192159929222061742372155431224985307594,-3.15348143613141897250112056471275887939437298,-3.15622821619811445654670820399504234236698438,0.0427031993155581934060833072406562920916162772,0.00598476382496857434565068104733729122499522070,-1.70909085044958341461434447337551867958018956
123,3.54628404733667875946156681021743395923947547,36.8688391009667860518787998003242294566185339,0.0988574343683058479685270582895159944698723063,0.966868496186316166784577473240770252909902147,-3.15275023214795077082666030782466828375790046,-3.15547907414292125644793776003592660752071031,0.0427344354836180974389764947228397178311815073,0.00594114192913421441050348373245889546742025241,-1.70922604134809260820960357704324716751355177
124,3.55260143257465043249471312116775615731987837,37.0878821068280428184338733553856629319465015,0.0981789823556782773174506332930722719747715321,0.964599956976685629013907851377220096654958442,-3.15202866982066490582870083007299798928255463,-3.15473982924017150529657321455002613340220007,0.0427652821699059117844387523437487555945739682,0.00589816233951678585609565932933658809678798052,-1.70936183118839980579735528527969313223938986
125,3.55887051409982843857539797152875686600196249,37.3066324563229744482399914576538768302402441,0.0975107132583676958085697198421337145227219130,0.962360905966991469839938443378100554483161704,-3.15131654436054469599915198168429555978270537,-3.15401027109302788488647326132320549532974477,0.0427957472623448504027633883078493717333698153,0.00585581088752951678473873439208737759127299948,-1.70949817062303392146539456431711665704180319
126,3.56509203667838507244527226718633201251985314,37.5250930408377725620699198719639885991645591,0.0968523912656864326378662703667058815497993395,0.960150695246769199770310611956286626518005482,-3.15061365697843279891209318162859090712340778,-3.15329019547038202195238484536742180056757450,0.0428258384272147724113845060501301120704432223,0.00581407381906023328347186616939649938543553843,-1.70963501273734285205738253559991055829410264
127,3.57126672786915131926846303687017657497405067,37.7432667018443068129157640795602504065576724,0.0962037879355274267403394918637766426715606854,0.957968696744884282166389662308826338547703049,-3.14991981466118613814803742616244773333486136,-3.15257940407685343837132650635248828452459040,0.0428555631171185053448444894441609180100683252,0.00577293777943297563906980953626952615138603938,-1.70977231292172889911828836928313970603168359
128,3.57739529855165334288292858385827746667954994,37.9611562321065984557129258803263819930596463,0.0955646819050019136268830483131303764640973995,0.955814301454217523787944643641232387623244004,-3.14923482995796055545964372678599591799598807,-3.15187770433319245896706167553146690030610724,0.0428849285785996094195181045542112057642200695,0.00573238979901815489842556872992376481255918855,-1.70991002875142138368650709376875832568593455
129,3.58347844343399840948767744135338219902991779,38.1787643768504607779165548505794336801424708,0.0949348586147417891577042338030151826019460754,0.953686918693102824840958540986182395871659286,-3.14855852077608704205323100890123616547812359,-3.15118490916653470420844342929634656820299255,0.0429139418594295416505731058765678779345958821,0.00569241727945898295076561716848898560948014257,-1.71004811987328583912605404758704387129275151
130,3.58951684154152765327882278044856346925023020,38.3960938348976374103781508827063431476928006,0.0943141100461135488933898030365942341465635793,0.951585975401473072072971020764053848324606715,-3.14789071018603418846948702477650367375081005,-3.15050083680998842155540225402211367887296773,0.0429426098155811146974219392256960601359787475,0.00565300798048372034782017121282113787093877851,-1.71018654789920633232663091202155085002801837
131,3.59551115668710466409231088744790979213841450,38.6131472597657155290069177211897166599642872,0.0937022344706381053183609305138431049194481235,0.949510915469800288830965293100863640153139576,-3.14723122623498202748557148980326730239476403,-3.14982531061106722931137492533466389318176037,0.0429709391179041525433227537273186000992138280,0.00561415000727498448361427157045403809444956985,-1.71032527630561157164937818445998371664282963
132,3.60146203792386335327400743096297103617604615,38.8299272607350392680224004176104806942848397,0.0930990362109548362354308230739061153779375154,0.947461199099037125605342637523521372923369163,-3.14657990176856090046318866287533398660558474,-3.14915815884851003640087905118416205154423963,0.0429989362585183182367884614833252228090134543,0.00557583179836895417136313199283677582253486579,-1.71046427033874678729882267273176035474579168
133,3.60737011998119573834234425739060095349821046,39.0464364038837992004623935485669651057897735,0.0925043254127091790480413400651644634510196774,0.945436302189879130792169222015593566611563967,-3.14593657426033551195953354164959966513381937,-3.14849921455705712158413536954422180784374409,0.0430266075569372230650410771818334933731232386,0.00553804211405880216719604683059053000067668514,-1.71060349692532216544379584516659909870747755
134,3.61323602368471999947360785987493042818437358,39.2626772130924264086787047970241870296750832,0.0919179178267811978737279963613516900432462109,0.943435715759771665943314501929636881861741612,-3.14530108564863909443646597455299889134793439,-3.14784831535977675393676199406655251130466546,0.0430539591659371172177879185509980127015489183,0.00550077002527809137023704092246309675951229778,-1.71074292458819510614186491094251927470081639
135,3.61906035636093123457771182955797049632968365,39.4786521710183743771274465322490572656090345,0.0913396346013080333228583235177231175457923864,0.941458945386182445021847656480334730870574142,-3.14467328218038571688072097204213663130544120,-3.14720530330756044847517639574622222572518909,0.0430809970771827051195730387206903237140889669,0.00546400490294118937181433454773079156160130468,-1.71088252336676795993339539793688237185161061
136,3.62484371222720162004977429620589272932782488,39.6943637200423286048930594953501675940787723,0.0907693020829861995558402100764252576276648627,0.939505510674751051806705320258344378088558631,-3.14405301426151035958452191647327682629477078,-3.14657002472542710102882405813478529456350546,0.0431077271266219203770383513896554059389068908,0.00542773640771899539040903493409428075548949959,-1.71102226474180536237655000051964281639267293
137,3.63058667276776302767369261354749319758049425,39.9098142631868423719828251390346219101211671,0.0902067516271705042147687906859046045730628536,0.937574944751010943606816102258766541324424063,-3.14344013631370655386530135379414905614756808,-3.14594233006529694918548607102867288868253050,0.0431341549996608322206190137301674381404909324,0.00539195448022943866541772781407619059537029989,-1.71116212156439599585549894877323314169316242
138,3.63628980709627342141466466028544583409219643,40.1250061650083574203091067467578372482548208,0.0896518194163151029641918943134344672619636973,0.935666793774457858743057761489985569985820220,-3.14283450663715025276570445220435018448497735,-3.14532207376491566650025677043215034312397303,0.0431602862361292342102236092015121224742429452,0.00535664933162330296970361289899251359364769509,-1.71130206798880271411943845778161410635249148
139,3.64195367230553843725924254741247323689922781,40.3399417524635303491960398942258110613253759,0.0891043462863290166543554941145105966301209727,0.933780616473811645692192873920910458900031525,-3.14223598727891625120720811409034243275050257,-3.14470911411262701190170565362210762502034100,0.0431861262350468838641019067396738719177343211,0.00532181143454696257026058379966013257822724091,-1.71144207940896260355304858298475250590981899
140,3.64757881380493131988992290825975595977155013,40.5546233157507492009014870837334167707257650,0.0885641775604434778121744533694325543302040389,0.931915983702386722851357557823520183208605862,-3.14164444390680999861983858808467470829135275,-3.14410331311770941442493302501678272943606030,0.0432116802591998160317848465501805492460279520,0.00528743151446458493048776905311340932217701269,-1.71158213239841484986049223878873710216859993
141,3.65316576564602774494013787699317135887302943,40.7690531091276899516495496436784559039110363,0.0880311628902118649677646078284000997395528743,0.930072478012550026009122373415913596416036870,-3.14105974568835312384189052016185352404926158,-3.14350453638600775712242556880555529841249567,0.0432369534395356407482449016262544590022149613,0.00525350054132326862337358976198967505379123612,-1.71172220465344934202051001817990461695117801
142,3.65871505083694689544584199381855508812982335,40.9832333517057293585234532944833511511604722,0.0875051561032848483849099062253074429729070318,0.928249693248304742159287487482189394240860841,-3.14048176517467549492721341834321658813577180,-3.14291265300060650891852307758037736526090628,0.0432619507793862556522943556571699132058309401,0.00522000972154544495571564021142023017846102097,-1.71186227493928287916046901363240935101541922
143,3.66422718164586639336134935115658674860357515,41.1971662282219987756069456953907450405241801,0.0869860150576238196065343403233516902151636478,0.926447234155093672242274297891337382373014738,-3.13991037818908023354050177867324535850072544,-3.14232753540730430909194784405867521922636880,0.0432866771585259516791457259620986916697928950,0.00518695049033368207975223082393226090992683249,-1.71200232303908274329796354680991531048421997
144,3.66970265989415622547621972068869419598253899,41.4108538897898330800917910257333651840200791,0.0864736015018348115914085857359915557477578825,0.924664716005967995768519869475142179852391260,-3.13934546372006085775035905574026939802543463,-3.14174905930466320043885843015916102706666283,0.0433111373370724666582289650419704114101765306,0.00515431450427379404644684497294043932192743258,-1.71214232970566934628224355542006479480258896
145,3.67514197723955556748138677957166053761490942,41.6242984546283396795015517662431263033422327,0.0859677809413230298223571869768062617045451730,0.922901764243315788334193676453468303153930097,-3.13878690381856169633240399444999866358118548,-3.14117710353841799351669228982292596719831807,0.0433353359592381428245150196423608215930541794,0.00512209363422287727345936463827049312671777812,-1.71228227661574072979098405319479134876420530
146,3.68054561544979632545909185096847898272444969,41.8375020087717846461591426742172800698516102,0.0854684225099848939905776353597317113466611753,0.921158014135390109278095068773730883540925176,-3.13823458349928395585583465914761348691655141,-3.14061155000004278072036535914576995910894524,0.0433592775569379693828341735544245279665614296,0.00509027995846957599895150530124476795020771617,-1.71242214632647196316437336418614823695290630
147,3.68591404666705821092919456502462546238989489,42.0504666067594662885387833003319570514150677,0.0849753988471702143767643551643612804921076097,0.919433110446919052676378157888786433588119442,-3.13768839064585037849433417409823890001038076,-3.14005228352928245618597131050956240202506876,0.0433829665532609385734335009096243227259858174,0.00505886575615451902200451849887244805915752622,-1.71256192223435200930697600312978404537650552
148,3.69124773366362217866296441418594093783421408,42.2631942723067208676496187027540065923922129,0.0844885859796618703863712187992679306755360242,0.917726707123120044716657335143725600176406347,-3.13714821591965134961680389849413968341810664,-3.13949919182046728274540331434748163187621956,0.0434064072658108117119820575349551028889392195,0.00502784350093947477114958973254722429955645485,-1.71270158853612947241375368523728210723761975
149,3.69654713008907202499361475456687796912368932,42.4756869989576806489373712065828085476548083,0.0840078632084341887553004861811587456096778122,0.916038466986478062563331051591256174733034856,-3.13661395267220464231070078599706235980018253,-3.13895216533243812397301736859657326317049966,0.0434296039099220790631566785447665727920062956,0.00499720585491434271380496265333116458083684004,-1.71284113019174685639438902278128309070066541
150,3.70181268070937781154507021362220509466202764,42.6879467507203809974958606924611972243516872,0.0835331129999641984670240902548989261538995292,0.914368061445682517932872049249905382311504508,-3.13608549686086976047609984219424003973723710,-3.13841109720191896817103031382530361825550897,0.0434525606017566028962344490974949440681733420,0.00496694566273163839222392752710461373790859461,-1.71298053288915059852251705852422260003341109
151,3.70704482163817949212651058837278894389881363,42.8999754626847907299943976813382711576106985,0.0830642208818821264243217728184924142192775981,0.912715170216150453255214841787836108959792818,-3.13556274696776609952820012460403713756379269,-3.13787588316018184938291480706562411983971042,0.0434752813612861554961651111126089954091312509,0.00493705594595863887896951165499983373438295615,-1.71311978301087124381745418821898504256289781
152,3.71224398056057462941783921355422667582983390,43.1117750416243183861143651170909629045380004,0.0826010753427589460668273874052563154021883492,0.911079481051594587830407822915267585334640011,-3.13504560392175191793613292597088392969799259,-3.13734642145285725293802917970347890169083473,0.0434977701151658021797320647048492824186976180,0.00490752989763783699202848299039218614171302685,-1.71325886760227473300077401053894286292641923
153,3.71741057694970034662956728328164644469951245,43.3233473665813264329500264358720108676351367,0.0821435677358395500984073766420689964445341839,0.909460689486123762943613910816117639764976387,-3.13453397102332843524249905052742866971407268,-3.13682261276275061185025519321347641358181579,0.0435200306995028324854852735905472531486754676,0.00487836087704680788264966016539117469780851541,-1.71339777434139192815822915694966696189839907
154,3.72254502227638662417286448981926917793662602,43.5346942894371656272188212110194341779109590,0.0816915921865402342984617417626445102305218829,0.907858498586390595359994013071847845141511881,-3.13402775387234027203812954894065911416989391,-3.13630436013553258554852950870641133976258178,0.0435420668625257097306192691278114928771234383,0.00484954240464902218355591554245566660267663714,-1.71353649151023922996239808147651632198850487
155,3.72764772021214568190887533556074702247468135,43.7458176354672227935697598973374317526359205,0.0812450455035386946789078189998193544881304551,0.906272618713326775442831775446050774152030404,-3.13352686029834995172370706684588057201738644,-3.13579156890817749171321198604730382352382196,0.0435638822671572891855750612422586814802672128,0.00482106815722754725436196328995855236978855455,-1.71367500796754848011942696476437785710451451
156,3.73271906682575044572804598001151050077566064,43.9567192038814570958898333707635644178416640,0.0808038270932936945511900622857884569759045492,0.904702767293030548120416643976291757039550836,-3.13303120029357031797471858907470204192831909,-3.13528414664003056127431124202251843657272319,0.0435854804934963473958380706988929053642440350,0.00479293196319396356236696134512226063880781516,-1.71381331312282932165614640228704861054057993
157,3.73775945077364394740812964775726041764860460,44.1674007683508824471144859775033279483821564,0.0803678388778399880651905289556022116017235699,0.903148668596393592900891675667374922768096372,-3.13254068594824450907347931946803819059415161,-3.13478200304639062993107645385785160138772131,0.0436068650412112689238830646845423241129577908,0.00476512779806518817908936677246986139386725583,-1.71395139691169183446714201205291853476082968
158,3.74276925348441091551674644618795211828966561,44.3778640775204369881122605724380311107880582,0.0799369852157120265219031367775896228193424971,0.901610053527075866600514277249891723413385091,-3.13205523138836859248540052465026587584824776,-3.13428504993450048924116192904898152631785395,0.0436280393318495512877311004625941761020365684,0.00473764978010124296201607903725588068761218923,-1.71408924977236159875074683041994520423877919
159,3.74774884933753275124556160453393471147255857,44.5881108555086645357616496063403945273420900,0.0795111728258574548648007767605432009790938853,0.900086659417457076161140945619801600579016437,-3.13157475271565712053269938716159232688734792,-3.13379320114184241722037441120180511214657381,0.0436490067110666134790985235069964321222213056,0.00471049216609733235614040657243431086606338209,-1.71422686262332338717141958368500101795591305
160,3.75269860583663751711277250353228341695451116,44.7981428023946175238878931813685203272486661,0.0790903107144084576029802853063561305485356882,0.898578229832212389420295702984208356872180844,-3.13109916794965673966005722047406385242065142,-3.13330637247664141188122449113776652639145420,0.0436697704507772275407899387739810904696951741,0.00468364934732390594839122128574072388829261182,-1.71436422684203346859349734594457809354441811
161,3.75761888377744747088144899816821780907059493,45.0079615946923762092205404614537644486020308,0.0786743101041856633283125136337153855956396201,0.897084514379177843762238576372127513010301046,-3.13062839697191758920658573431750426543753340,-3.13282448166048337928866444625046125524382156,0.0436903337512327356979175283097911196766100733,0.00465711584560867493067260303630884109359467886,-1.71450133424464404119851615881119717897537768
162,3.76251003741061802593270424888907966990827419,45.2175688858135647602685670376236071663741986,0.0782630843668155903668622055865195167632894733,0.895605268527187745733305781598431526878997671,-3.13016236147213657721655550958688550402791837,-3.13234744827295999736947865607742074907505137,0.0437106997430270669367797918232811727663461369,0.00463088630955483040238221572920139224788805600,-1.71463817706668661838620401942429164523217776
163,3.76737241459965378839772124785034620802390415,45.4269663065182312635830411101785852766284856,0.0778565489573485365967456815181663635917289212,0.894140253430582233581095611534694290450407348,-3.12970098489619073595196005248562465028914679,-3.13187519369825620358950581006449389230757873,0.0437308714890344262100751940673120909723154789,0.00460495551088997584139214545428450791379798438,-1.71477474794466428335611798714165584807733076
164,3.77220635697407948775336585091562085365320609,45.6361554653544456441162683026711351060396432,0.0774546213512694060855277754679977846281848211,0.892689235760098159399265580821405772904661651,-3.12924419239598275270311389284929828490963403,-3.13140764107360025337174603753246381252982914,0.0437508519862813961515072680525804809468086806,0.00457931834094053690989192055814957838202768902,-1.71491103989850562270351529249770435433600108
165,3.77701220007803615985640257229043458387800131,45.8451379490869569802956347953519032041685100,0.0770572209837992444578481388172455992512567119,0.891251987539870594087548432282829345848669192,-3.12879191078102445556946456352996656126108061,-3.13094471523950008045629937999030353099244334,0.0437706441677560648710432140488251956857588525,0.00455396980722664980406961948497914369411005350,-1.71504704631483585961766011984802024330851237
166,3.78179027351446583934683759222750817026893428,46.0539153231152396771351142458151880627332544,0.0766642691913902429106509922507954966988970055,0.889828285990285618779533114923220122825297367,-3.12834406847168752156113834822148878288060538,-3.13048634269169327308465327951040576721744345,0.0437902509041566736665868649941490475890956662,0.00452890503017275532309521220773683810055136594,-1.71518276093102324616456272836581799875812594
167,3.78654090108504125300527756243538452575114603,46.2624891318812464203999913582621702163517724,0.0762756891553216853697318571248910180212788177,0.888417913376437689296617363424180243972041229,-3.12790059545405397729448591655879562378935774,-3.13003245153474137287249987225263958411141064,0.0438096750055821649472813755989691524867420136,0.00450411923992934039804085337795734709762357795,-1.71531817781996115352025550957912757809603717
168,3.79126440092599055913624053360990914501204907,46.4708608992671747507295980124051756090957104,0.0758914058473087710510287530398447816773833249,0.887020656861956790806804368476412007904330882,-3.12746142323630219160509640643376463559435547,-3.12958297143720241768508987406770218705125619,0.0438289192231669029610852860417389630902640995,0.00447960777330147261891873149435928151043164105,-1.71545329137554852985550043248455852440598324
169,3.79596108563996103355079450042960064324291286,46.6790321289835434488854258100144231695613773,0.0755113459770404611675347006586130240963243907,0.885636308367981880400731812796986709853648338,-3.12702648480656702475739459708803951620358985,-3.12913783358831869619211787430947716288478038,0.0438479862506617377203437782406830211090108404,0.00445536607077996692325300182194294125269582182,-1.71558809629883348800023489492606948456169667
170,3.80063126242405974440006868148374945173468263,46.8870043049478646930260320291624935985121775,0.0751354379415664881934684332288278127879016345,0.884264664437067785115473647317785307897593857,-3.12659571459221561011373885322473693529122636,-3.12869697065615956982823623579332215931464661,0.0438668787259634855105692711183078016078849916,0.00443138967367120762197395503295052003329342093,-1.71572258758478674842563157382675904287537025
171,3.80527523319420367104648701581925876329144354,47.0947788916541881180911155512291040779413126,0.0747636117764574424924492302887079878510069401,0.882905526101822818788709275424823557104497147,-3.12616904842048291005132146041981443504611754,-3.12826031674716195676854675620188538347583082,0.0438855992325948072559526076251467186479552591,0.00440767422132182386384004541064281895364054816,-1.71585676050967350617079610494757452731965920
172,3.80989329470590639229224774698398982154166969,47.3023573345337834588155150271268539923682015,0.0743957991086654268808385259215863286852421242,0.881558698758083937329976990847326395835502796,-3.12574642348041371692876586389793696092117082,-3.12782780736701367081249300249694923883806209,0.0439041503011363785249413086623961640276601154,0.00438421544843458297260230735249401994640226501,-1.71599061061899402117027394051952799546728376
173,3.81448573867162338336045786618927284792547045,47.5097410603072193751950791273536853001221098,0.0740319331110161566531666786345515495263875093,0.880223992042445300614073018473723663413254845,-3.12532777828606016982523643885507573754078213,-3.12739937938282727378005110806607202837254832,0.0439225344106131618322867521968493096111292985,0.00436100918247202429692746009417469199708929457,-1.71612413371596485748149156537104074747548292
174,3.81905285187477310654435766055472822851103672,47.7169314773280873267523903681565930510628516,0.0736719484582665918010497289447837016292385447,0.878901219713964680201985176420512082927419901,-3.12491305264088613593107715107791312052389356,-3.12697497098655444068273154329922709998059412,0.0439407539898365128879160625524680216014240803,0.00433805134114450672942888299260854068914194962,-1.71625732585051422510132044598701184312237524
175,3.82359491628054644561318312405169737716468234,47.9239299759186109647833444802976387299943268,0.0733157812846652299567966660878504491659906967,0.877590199539880273499520959144576389654297279,-3.12450218760333196873089151775340228078656976,-3.12655452165959305959103467570088339957717785,0.0439588114187037773302936960875765915169901756,0.00431533792997948629004544865750539603797650845,-1.71639018330876631483313866980117892414338550
176,3.82811220914361260776247860240784667986264349,48.1307379286973734356731797178765769898975571,0.0729633691429550726735097579343847716206277849,0.876290753185178182987774118556494816653940329,-3.12409512545349520993158823512619047781190567,-3.12613797213854139939458671733247853288851485,0.0439767090294569630489070031912178170089627608,0.00429286503996897651840429459986667531287481124,-1.71652270260299086799547313263584753991780323
177,3.83260500311282538861833771902257257230074709,48.3373566908993872197726871371370280427822746,0.0726146509647620130852760522151474211091705165,0.875002706105858118336932929046541959589253492,-3.12369180966088475449571755307484478436717375,-3.12572526438205568474829575128150833591594945,0.0439944491079020052463637156441374993920131752,0.00427062884529227424509385171597352080381875686,-1.71665488046199549420176482573474066930810169
178,3.83707356633302965563034947972958616693605369,48.5437876006887236562629375898097326713872055,0.0722695670223139882718313666993630941374221969,0.873725887445751802516635660205218231006032469,-3.12329218485320785382007383141408206820775583,-3.12531634153876932424413604115531586823578709,0.0440120338945900767266185392893736376057030321,0.00424862560111115695720610165217223571080411143,-1.71678671382193944714758606946376211143064599
179,3.84151816254406404374751546768950491745312412,48.7500319794639121125419024748943076765140471,0.0719280588914387027463910349599689115785793278,0.872460129936755131958441677788265252090383345,-3.12289619678615109638067896088965318429774532,-3.12491114791623385071518813687674200992914645,0.0440294655859623343446173002574430020475672903,0.00422685164143487576351213692084421533883942533,-1.71691819981754869511450564984797239526134227
180,3.84593905117705216571166602455382094184329661,48.9560911321563118351333904524315029198927645,0.0715900694157900678608943693974535635072637204,0.871205269802341375571065027965687797237737731,-3.12250379231411818305450419248233002596008470,-3.12450962895084335670647856085075305296650899,0.0440467463354594339472668065364682770676387750,0.00420530337705238020505806346260084459759605339,-1.71704933577371318420207330470698198345872538
181,3.85033648744807110925543883093376402693669670,49.1619663475216528566778855564190763880436939,0.0712555426722557225843120911617254917470706760,0.869961146664228616857497940638399237386139293,-3.12211491936188891053056790966874373251314766,-3.12411173117870584836655987425560390657375090,0.0440638782545970903190696824221291609771540936,0.00418397729352931813622115817682446477929788999,-1.71718011919744819228514617070296401565026713
182,3.85471072244928261704403819055230531235841959,49.3676588984249359194560918733586458681792941,0.0709244239375001106296845213729016297521347695,0.868727603452080265260353455936032716176269706,-3.12172952689716529516143374787353956979357573,-3.12371740220742650186599417764948559793103309,0.0440808634140089054701899770815271342106190859,0.00416286994926745589140236736333874430989591983,-1.71731054777020261423094608188673078043062578
183,3.85906200323760911486777826368767083074502568,49.5731700421188751998445725771213554619147173,0.0705966596555995934540937047046061883756481629,0.867504486316122803797288355296722293962605861,-3.12134756490397221544024201782421327980156216,-3.12332659068876929220493526883609646911137218,0.0440977038444576379309515078098129090224325654,0.00414197797362426121024907335495254911949454323,-1.71744061934049790760190379608151184150874720
184,3.86339057292103366229508284076160926278547359,49.7785010205160616702962410055335096736617042,0.0702721974067279840267351729956470105779999024,0.866291644542570015649946062407363750833790592,-3.12096898435688132793150535847701555460739139,-3.12293924629216487895001772568764826546408446,0.0441144015378160374137109541404308240501309592,0.00412129806509048416188244275844503672523092314,-1.71757033191688226627432200337709682446097345
185,3.86769667074259994103188141916844474225788945,49.9836530604550192065040592889454528644859734,0.0699509858768526978965030965780176269611265223,0.865088930471747757291745137706370394258081466,-3.12059373719602832261881336819686174853568258,-3.12255531967903398082242633693118259221750610,0.0441309584480183231471540458986829945650693843,0.00410082698952365981478607435508327447206147307,-1.71769968366118538024972478044275888707564038
186,3.87198053216218556325911719952240492043734248,50.1886273739603200283905737735728641877685575,0.0696329748284034411069932059117139252637353955,0.863896199418817933746317096979296869841642173,-3.12022177630289483272650027932404418940355192,-3.12217476247789675470468297357734048302675433,0.0441473764919833402628893866936094137104262666,0.00408056157843554085981409086054184461167026740,-1.71782867288205988634535217023835804059129391
187,3.87624238893611926922763164322881980655038805,50.3934251584969207459143519129560415598929179,0.0693181150718769937121177694368957567044639948,0.862713309597004695592682817368215330526920045,-3.11985305547682750439053409649399556110047403,-3.12179752726023991789649307306695091887613873,0.0441636575505103867099610314858207490415326993,0.00406049872733154901325755249518838368899070376,-1.71795729802879631914714170730183268876848915
188,3.88048246919470998468810726319751772744364539,50.5980475972188751562225250043771366603332595,0.0690063584383432075617495837063322315135946492,0.861540122043230029532184442705452760260079473,-3.11948752941226786617262015115506187271866327,-3.12142356751711451848902618297492312227302908,0.0441798034691486631860011490471104851080443506,0.00404063539410041099788793865740656651229348630,-1.71808555768539903713599781050110447519731144
189,3.88470099751775321893066753387799004382879604,50.8024958592125749995940431823823958348186519,0.0686976577528188219082473176977252122457432145,0.860376500546069866137009015272464116260725980,-3.11912515367666772022988277646555454805700078,-3.12105283763643837051953700405088410277420966,0.0441958160590412604064777507065331305508774114,0.00402096859745221840462498926442689107614175522,-1.71821345056491122763122752746554353724504452
190,3.88889819500807789819317346451273179162726838,51.0067710997346651204433388516481635579684928,0.0683919668084771142350576026200239693038455569,0.859222311575945590563715538117469037325949525,-3.11876588468906580870359269383786374910142147,-3.12068529288097823092113226476925129877532918,0.0442116970977445615936256290457757888374262323,0.00400149541540322094825993138270672300559533097,-1.71834097550397768835252720259494986452654319
191,3.89307427936319444212355776862777525209523206,51.2108744604447748892498655695880120968263022,0.0680892403416627502970153130142464803619917457,0.858077424217469424655866572005269461271977009,-3.11840967969930249315169703105531880834904451,-3.12032088936698780684284975332165387684525680,0.0442274483300239032670974417708802891648120105,0.00398221298380572971045478775380897238387839887,-1.71846813145763464505750554216939232624286916
192,3.89722946494510269825427128475247773125693507,51.4148070696332033148194994248992196946076043,0.0677894340076824802380805671616763533265543920,0.856941710103865561502327716948326215564710585,-3.11805649676785012405285561410011731750185179,-3.11995958404347864718027750224875060702620412,0.0442430714686263041768885563285859000975424646,0.00396311849492157106617905587255055873443523231,-1.71859491749431639580419055208035141101049417
193,3.90136396284831624670673918416985542208477621,51.6185700424436910072414750178915649049992406,0.0674925043573435501600218142124615702145108441,0.855815043353392185130961975556169102770870574,-3.11770629474623767384879775736770833143982613,-3.11960133467210189348333488636373092674056556,0.0442585681950310404579690666164535165527477199,0.00394420919603759326169103623445147945311556943,-1.71872133279106907473062489101577582912937790
194,3.90547798096615757045409820483997111333305643,51.8221644810914080340361420152734758936528161,0.0671984088142128638062644279647155688094518033,0.854697300507692607049850690979012565529976203,-3.11735903325804906283304160713261651416035600,-3.11924609980761974502021920560826850159897960,0.0442739401601788147318635779192340288323038527,0.00392548238812178619116930215179356267192342457,-1.71884737662896230353316237598348441668150823
195,3.90957172405537665150520798468801569222273004,52.0255914750762827393221738133744395198875191,0.0669071056525710400694659132283788852794045669,0.853588360472006705760879101966414239133336447,-3.11701467268047542448261671808214302953404315,-3.11889383877894633277562992026513147173737831,0.0442891889851802378637312233563937905578560732,0.00390693542451863093584204722555413874161274767,-1.71897304838868994864951442856967334025105480
196,3.91364539379914369660442105739272938470828083,52.2288521013917927626531262186674173392305954,0.0666185539760365716307166915300040224554801303,0.852488104457176672667772277160849477731992935,-3.11667317412640233749728771077997436050974694,-3.11854451167073849953156541916640574408645472,0.0443043162620043143386658457088408191949564817,0.00388856570968234920770953235155587011235391616,-1.71909834754635162799895178592379171845448747
197,3.91769918886846491392989964412497059183183004,52.4319474247293357950149765747814452608396049,0.0663327136968363008351418443616308265474636404,0.851396415923383755058447183060386694053016719,-3.11633449942701379768326627541285385328796246,-3.11819807930551774979523113721283469731755869,0.0443193235541475956858599806591210114334007826,0.00387037069794677409693629793157390460427760418,-1.71922327366940701439319225010924343296339331
198,3.92173330498206855145570497301537328113121022,52.6348784976782940391059353076567923328876881,0.0660495455156993933966156330110151438212780982,0.850313180525555250734239612281296454539538216,-3.11599861111489541562078369681391495008076736,-3.11785450322630536597310138691993810675973370,0.0443342123972846409951970210117011850305198384,0.00385234789233061256877494181239938662739460056,-1.71934782641279536471253239379442694320158468
199,3.92574793496480676492433557924338729998058724,52.8376463609219028944289155940724725755691219,0.0657690109023529110569452310035802614407736456,0.849238286060383455683786991454763344291597106,-3.11566547240762000741831618292734621689834828,-3.11751374567975338751849426770078544712236231,0.0443489842999003992821385912628076768018800639,0.00383449484337691709773339048088880938892883127,-1.71947200551521306586608455404274783145543558
200,3.92974326880461730572014779305857572773499729,53.0402520434290310601207719691043791611477238,0.0654910720765979631245484104593016271703888487,0.848171622414900601901134443393532587886184177,-3.11533504719179939732332618040566686247802807,-3.11717576959975481938680544941264856746013309,0.0443636407439051052108039880441596022675392517,0.00381680914802562876339467558531818570558453231,-1.71959581079554233156969972192180938865185623
201,3.93371949370808750345325965961480486404231823,53.2426965626419760352298320704059026511734824,0.0652156919899462559833018739740954371331517499,0.847113081516556052638074434241162304301596686,-3.11500730000758687398943494882255956204462415,-3.11684053859151707651693750548969205719399661,0.0443781831852322574320291919453706691370137105,0.00379928844851809715845394404665849183270414604,-1.71971924214942450915631950027576351708935790
202,3.93767679415466156201294218683952686624451614,53.4449809246603758929379039943039882755481051,0.0649428343077976611769303373158872735287262353,0.846062557284744152360186724370397721084435840,-3.11468219603361533817392346882587976671137306,-3.11650801691608328363810349926986230005671418,0.0443926130544202274857052575010698737154034314,0.00378193043133252366488345870368248533548807292,-1.71984229954597176399077483357808167727892239
203,3.94161535194953078861806121695038385688387424,53.6471061244213352077939992611269755751711217,0.0646724633921401884121637085108202219901209181,0.845019945583733163452011903775301264519760943,-3.11435970107235674986452784433369177850446037,-3.11617816947528663582094723969981235599970266,0.0444069317571780268100667471760487383103449161,0.00376473282614931412379714181043221089159268943,-1.71996498302461120154215811774930816116869325
204,3.94553534627524503049569591372273168886837642,53.8490731458758601193507511130406710015569679,0.0644045442847544815566117791678333101822506231,0.843985144176947666021544170213380584294546321,-3.11403978153588902854831818833079228060078160,-3.11585096179712358612231595645256370817921353,0.0444211406749357398524015920601757507592386842,0.00374769340484536473933537008144784291519057060,-1.72008729269205576466171236245211142003851573
205,3.94943695374208230089363933053053910746767365,54.0508829621616947178062831992124778771394973,0.0641390426909056551102654805893349475265475661,0.842958052682558655461311214815601039787508255,-3.11372240443205708271023059132437984929306006,-3.11552636002153216361832478582048122980212618,0.0444352411653801125456571289777193842323129959,0.00373080998051634129339200241460076469729051502,-1.72020922871939650695853830427733296762362178
206,3.95332034843721233292789645489838298861791079,54.2525365357726482336508504804369402014634233,0.0638759249635059572874767503150035920294654679,0.841938572530337348962954005088455793309253134,-3.11340753735101514479507764527176826231786200,-3.11520433088656223922149582838609317117992837,0.0444492345629757674654726616983044478719300855,0.00371408040652604647903958215514352272300062392,-1.72033079133931109314464602085713582218103778
207,3.95718570197268860414014906068641864781418381,54.4540348187244999003497931055174729143753114,0.0636151580877323852586508569077579662070246188,0.840926606919730410955774715057459487856946732,-3.11309514845213806683696520914186281901783188,-3.11488484171492504901594991113272638312196938,0.0444631221794724997760860421443590927089226892,0.00369750257558200345518590156434614598469868428,-1.72045198084338361457308574487615855393725554
208,3.96103318353230222455221136373708216545314646,54.6553787527175658333602347568187521389993899,0.0633567096660839896868677186863481110443174541,0.839922060779115932233150341334396493005892754,-3.11278520645128969075153655811721468169766607,-3.11456786040090975644478017018611260813002060,0.0444769053043990915769996210204870020115719524,0.00368107441883641564895687969143997477132729994,-1.72057279757953103361204278070552993780309679
209,3.96486295991732997451132150596297731386982621,54.8565692692960098270170862845044800969059318,0.0631005479038641907977815626421385645312943790,0.838924840726201051927230334754220185740580457,-3.11247768060843684684518350986300138792105035,-3.11425335539765528651763602701218263135240054,0.0444905852055440664426552424496913399389529560,0.00366479390501169344790766571919173723820122558,-1.72069324194953178463652569832310401064695465
210,3.96867519559120771387004416275206759062573762,55.0576072900039776099071023756672218294491883,0.0628466415950739881137532370551677039190807656,0.837934855029523598884257300037687727765911379,-3.11217254071559795531835362239060621170906543,-3.11394129570476609819587751119912437776787725,0.0445041631294237907737141478746766626794436467,0.00364865903954976779067391745482930298728164176,-1.72081331440665226289160984329443810861874140
211,3.97247005272315935927297160974399572040942919,55.2584937265386318162790611991361772802505219,0.0625949601087024818704521452100491895527463521,0.836952013571021552592658311018610595678105242,-3.11186975708511560927834601497556448678256531,-3.11363165085626097613181498382553584492770638,0.0445176403017383140214795833042700614650387569,0.00363266786378443883841078540305911634622029415,-1.72093301545336712586492437827433470838661096
212,3.97624769123081063984722577676388548828794807,55.4592294809001627229372231017160571149804089,0.0623454733754016371580684107675910733611528251,0.835976227809635486666809624769094841966717820,-3.11156930053824290483806296096847140749168800,-3.11332439090884432081727453341632889997570079,0.0445310179278153258786242303950623961709119382,0.00361681845413603494387297832457581020022859760,-1.72105234563916951564510419757261631494144032
213,3.98000826882181589181122219185813293766116486,55.6598154455388476651748182177730659634563261,0.0620981518745327130720966328492610581471948897,0.835007410745910462874451535894790355623352872,-3.11127114239403365502756285022220770597872077,-3.11301948643048979772261162476572305768161311,0.0445442971930425951231701653324621601329953312,0.00360110892132768308118092543422480046729223079,-1.72117130555846748554943279465807642370252339
214,3.98375194103452523789682225861639245078429406,55.8602525034992299789770951102681123847873030,0.0618529666215722496464311237591332548607168789,0.834045476887565093547943535702835608114188074,-3.11097525445852698021266590546012856505111797,-3.11271690848932657192809867087010063383337725,0.0445574792632892419334111404943493918542326571,0.00358553740962251680562182056827583084012388540,-1.72128989584856308056029109548441778042524047
215,3.98747886127771861656498758941996661209598208,56.0605415285614863174191184142623600137296621,0.0616098891558659560472173832834122351947494298,0.833090342215996687529742502439666483060221505,-3.11068160901421710919039014147062165189378767,-3.11241662864281870577547249937559457198972264,0.0445705652853161831352058876854328761998628808,0.00357010209608117172531935515567262154859383845,-1.72140811718771067927082309034098686760109776
216,3.99118918086943227739245906360202799247833308,56.2606833853800492544640224258034842875461299,0.0613688915287192753524207309351267217998185367,0.832141924153692542027559188097510172211829021,-3.11039017880979955277111495425445885960501760,-3.11211861892722863387291930280931449065699057,0.0445835563871760779770250707519870679326365320,0.00355480118983894142910856535971026533231304773,-1.72152597029325135553380179517176302619826741
217,3.99488304907490254138852966935515963934923239,56.4606789296195502168926249538393627427544580,0.0611299462918138151050085908643573139350648057,0.831200141532518542225112071152549234767417758,-3.11010093705018512608582887826660035455982764,-3.11182285184735595301285164980471587452390660,0.0445964536786030906306363655606114547667558611,0.00353963293140198886919337416504700848439453022,-1.72164345591982016123786709024574158346171796
218,3.99856061314365083709881028398414002258034430,56.6605290080881459726185542118549846822376360,0.0608930264859392295379657876176179335504281610,0.830264914562857284421463262013007705381842899,-3.10981385738677359766641351061471706416849213,-3.11152930036654307481765593759653102159454391,0.0446092582513927746657499494262657199279380276,0.00352459559196202938286036131197648955879897889,-1.72176057485762336798293059389398972046886930
219,4.00222201834573326395656601870221115962512950,56.8602344588682901490072026139011279196551738,0.0606581056300305197158777506570993008547259370,0.829336164803568948954156943366335058817155689,-3.10952891390797903310117088490795988561506038,-3.11123793789693958679324803882919742565741817,0.0446219711797723742257075098357652248882561694,0.00350968747272892189248910776890109053653787677,-1.72187732793078283525081730999558410662058261
220,4.00586740800717720229586171552054272608900978,57.0597961114450095559503668588024916297893776,0.0604251577105010825694966934792791494147711540,0.828413815132749118190969355849169717157911722,-3.10924608112999917930254339022111404966233239,-3.11094873829001745349440509961852120884175574,0.0446345935207618265197149725196154940983940347,0.00349490690428062438335162769247941163352710279,-1.72199371599574479630707004872724872332569621
221,4.00949692354462678364040681399326009064802527,57.2592147868317434433617476297037340401946938,0.0601941571708621896278791393889382922870174765,0.827497789719258664343697665416265802673257345,-3.10896533398782150264881836765831388707620489,-3.11066167582732946421314907043971127450722090,0.0446471263145257405274220730306136346084381757,0.00348025224592998855853694486002750693211430358,-1.72210973993975047084516032298194740809934873
222,4.01311070449921835427296362204419797327298962,57.4584912976938022295403343537816521612842839,0.0599650789016199118530945215255277913398926169,0.826588013995001723561763319984536725595700616,-3.10868664782645875096135508805912660826627685,-3.11037672521150359749015687698379433467954255,0.0446595705847166174669195660832000136253265420,0.00346572188510788664245727839289467961725229834,-1.72222540067936602559711065428207167991276964
223,4.01670888856970640866471943279691471977031940,57.6576264484695006936628830172672901417620966,0.0597378982304408289972533049765913217457882119,0.825684414627928628410406402448358441399802247,-3.10840999839240715591482567657691310893720521,-3.11009386155746622629333855901087467942979242,0.0446719273388095695913412132708235617168756890,0.00345131423676218067993757347419179135014651075,-1.72234069915906951106990081250974542234433818
224,4.02029161164485983613898519084933297636210161,57.8566210354890191307488147041020183869918990,0.0595125909125781709409667904494194184060628482,0.824786919495741492049937637360207647259122558,-3.10813536182532062948917596867759241391640125,-3.10981306038388733135857036639078914217326137,0.0446841975684287852368698447171329297417628191,0.00343702774277206138654922713389412152366848123,-1.72245563634989250449435679317718140952240788
225,4.02385900783514771323829266786750711355248038,58.0554758470910445190952799389196209658692151,0.0592891331215503351165024277260351879619088097,0.823895457660280925750647653262117841011336293,-3.10786271464989453587645700760877718048560611,-3.10953429760484112437464625694062924698785504,0.0446963822496659797314256256173709969467759711,0.00342286087137729967592593292331709012555216446,-1.72257021324811428624699202826560145024890630
226,4.02741120950373328477814653382664779762235429,58.2541916637372423467770434622014671169264622,0.0590675014400640089195232752708624662105788601,0.823009959342573128268352157610072067312484138,-3.10759203376795283925134442788913759746478038,-3.10925754952167570782684362499733547856278973,0.0447084823433910637747175345691148204259475805,0.00340881211662196944828394722738444361980959018,-1.72268443087400646966598803658563647513117026
227,4.03094834729679420766253931359899765152746393,58.4527692581246083837784872919519853671021573,0.0588476728511743994951185924337555660670479137,0.822130355898517312462109702272424375779083158,-3.10732329645073263838010621498807101730135045,-3.10898279281508561478065599851515338474827864,0.0447204987955552532033746516441974654363688948,0.00339487999781221509700161232074988093253471038,-1.72279829027062609255751313777374845445085046
228,4.03447055017318658240067018131498718244804689,58.6512093952957483681670359191876323951808232,0.0586296247296753359460350513008750253296184776,0.821256579795194132684290684477056656097789605,-3.10705648033136030154010043759867854939326288,-3.10871000453738128006034844181677130840466540,0.0447324325374868366468689285767401245673053016,0.00338106305898765150144868152549777175324747751,-1.72291179250265526299284850800839205821856264
229,4.03797794543346976713081338876963949588620654,58.8495128327471322969801541298258657856215865,0.0584133348337122613286179544332622798792832658,0.820388564587776447175399474221367533665399638,-3.10679156339751360999465853102000685599061242,-3.10843916210494969450966783044454395646686939,0.0447442844861798104488091485594136033399900942,0.00336735986840599804772336482811751270993791688,-1.72302493865528553243363095719490110624981748
230,4.04147065874830845708887031440039364640062655,59.0476803205353687737886581995275799223239118,0.0581987812966113742270800136253212836805854457,0.819526244897024394152357485038357367950550396,-3.10652852398426450564436117725045913230691987,-3.10817024329090068665132266049837994925665594,0.0447560555445755833623973076015262763644828915,0.00335376901804056147691208519396219854982146085,-1.72313772983314524598426649155316424414656948
231,4.04494881418626801815037305380728643377015013,59.2457126013815436638774288345027897562586605,0.0579859426189184126597424771632623550325123894,0.818669556387347379632065192364665065799100262,-3.10626734076709721876784394290355948869490334,-3.10790322621789346140902300040171826829702418,0.0447677466018379469173932100318476400822662746,0.00334028912309019512427437575122173452571356755,-1.72325016715926819283921573875851569264149131
232,4.04841253424101858565031110292412373535449622,59.4436104107736661433616337358476318756737216,0.0577747976606407969816844728286083118613808351,0.817818435745416170369949891241906615004272228,-3.10600799275509672527143743255483898532392513,-3.10763808935113820392728509113120476638988093,0.0447793585336215009883327281349676857667784902,0.00332691882150137440274670371548505570175890869,-1.72336225177410194994065999287630500378470221
233,4.05186193985796297849859830074383898556333277,59.6413744770672640990919634253082783246295325,0.0575653256336870636971401315585664937459763992,0.816972820659308857651960770873528375815580824,-3.10575045928430264987140629772038734315676953,-3.10737481149156772821201667907484465297640794,0.0447908922023337179599694390962443086324515179,0.00331365677350204021980827616049779665747770905,-1.72347398483455437865210482210708880756184140
234,4.05529715046030303304116417355250646885046349,59.8390055215841697407026338139775935608818723,0.0573575060944977290538619437697074568231906095,0.816132649798175008044992680507948149988526441,-3.10549472001122389240645064002571372885669514,-3.10711337176917431559779983922697509665611293,0.0448023484573908229763914682810251420807125813,0.00330050166114687341663856327363912156118236215,-1.72358536751307679804019450586297762416363015
235,4.05871828397455853057455536551307438691802650,60.0365042587095352234723377161862144617179674,0.0571513189368619203148525192725277841454585500,0.815297862792402846525262042220937232832406893,-3.10524075490650940928017221338834093574118991,-3.10685374963650704719167820137696535917550420,0.0448137281354676620658698866571434963353123317,0.00328745218787367430036803581453622877802302929,-1.72369640099678241928666440916953229150276558
236,4.06212545685555247633750703106172584660099032,60.2338713959871170496952660423817478876739002,0.0569467443849143040280523130140563656513425970,0.814468400214274826562742197959233188625070662,-3.10498854424877073111026222822777477971283952,-3.10659592486232508770188489219259426618846246,0.0448250320607417244454965531193582734677575082,0.00327450707807053192103672339618924159823362668,-1.72380708648659868396352462840228846367980201
237,4.06551878411087608563190567276199959864684108,60.4311076342128670159323455841606734904897649,0.0567437629863070247636721494054838344066903306,0.813644203559097431596442543970865078195962092,-3.10473806861855194124887875184943893900905424,-3.10633987752540252567552098530984728569491183,0.0448362610451314800197324520942113422612642755,0.00326166507665347794083283620328953942881186989,-1.72391742519645220452856269970850760807752236
238,4.06889837932484644394631469662858793783375032,60.6282136675268665028070973634330179398042114,0.0565423556055515449688112892194047137360695736,0.812825215226791523704313365807984727768819030,-3.10448930889244297816201409432917646741126878,-3.10608558800848051737294471428753614136187452,0.0448474158885291879871478848273267280420410949,0.00324892494865432976977225233595823098700894427,-1.72402741835248505855954176249550991053213750
239,4.07226435468196943206782236203279127463861604,60.8251901835036399619391086310783384699403980,0.0563425034175254470925186494563632153006676795,0.812011378503930008929304606814237339986429134,-3.10424224623733225792942149982668135149988461,-3.10583303699236261851936233368235841516494250,0.0448584973790283275522817746948122591643872586,0.00323628547881843711400319796505507371476958671,-1.72413706719230123906205367873177245854206938
240,4.07561682098992014369311406901366202838860718,61.0220378632408825402205550073929813275157301,0.0561441879011394232407478963545499080327633737,0.811202637546210025410144897965549842255532618,-3.10399686210479474155604170238481446694303076,-3.10558220545014932020670897172890731461917077,0.0448695062931457969974031258396645804346313096,0.00322374547121205521453326625963139501311665354,-1.72424637296424211176976031680337536006202332
241,4.07895588770205267152781093197260905453553753,61.2187573814466358940219806389062019854319358,0.0559473908331598355961130372392433409501947873,0.810398937361347280888203676058375916777038383,-3.10375313822561169556683256734663530105698061,-3.10533307464160793247282809500733035236767907,0.0448804433960390227950672703541949281093077663,0.00321130374883907685891360741245882596519146814,-1.72435533692668977681285198861336184590923602
242,4.08228166293945079785353677637749807042936616,61.4153494065249453841806632173921390042642369,0.0557520942821823829361731085457015087211723400,0.809600223792380570994454526814186577026726229,-3.10351105660441851367671938457307663478682206,-3.10508562610767408175268670250943413164376897,0.0448913094417181160300712130096289100494098983,0.00319895915326686373922386407307992112115256933,-1.72446396034739727656165613945823223359049483
243,4.08559425351253079662215063865450437898823304,61.6118146006600310059285784195867904499902208,0.0555582806027525550487893501626538518175214881,0.808806443501374899606423450721840218880076844,-3.10327059951447708236500495522998945914917308,-3.10483984166508120666185067226756831239316544,0.0449021051732532091423641775215988622655106151,0.00318671054426092591896589239235120716114355773,-1.72457224450284463395298332689482787688198399
244,4.08889376494220723590057316555582465672373842,61.8081536198990035954383713519452794616328004,0.0553659324296286979055302052958483245301278830,0.808017543953511998118213818884259759883070970,-3.10303174949256928411006008001514649022607395,-3.10459570340111455061151942828874526262769208,0.0449128313229771018945754145485999652115551986,0.00317455679942820607104409297839359432058939585,-1.72468019067761974626768071073915574860659262
245,4.09218030148063236154852572357315952751770727,62.0043671142331570656156623644346118743016020,0.0551750326721836483353138197124300619291731188,0.807233473401557402273610828327608284869009795,-3.10279448933400833901898695708535163275195549,-3.10435319366848625973517918006672521799351839,0.0449234886126833415032584107076102599487309230,0.00316249681386873277022490162449367113138047897,-1.72478780016382319823505911873586358896943399
246,4.09545396613151934499186554484554017843828167,62.2004557276778666573837898883981707416247309,0.0549855645089410278516948649749545429998678633,0.806454180870693593832840731800950852146907289,-3.10255880208776478877457966496775700012575057,-3.10411229508032830069011740699342336768738844,0.0449340777538198580461463194386615311723173792,0.00315052949983541447718114219970628422883626939,-1.72489507426049609557510610505119032776944407
247,4.09871486067005938949761246580021743011382295,62.3964200983511224482594328313772860282585872,0.0547975113822424114301850722445538202999290922,0.805679616143709050312647083103496442264913032,-3.10232467105170402636784761385364773790924600,-3.10387299050530001523637766808614554492397357,0.0449445994476782725633339465285839196604485423,0.00313865378640175294782850371604342733947754366,-1.72500201427307005573032242687340637151146275
248,4.10196308566244241011913464190432178807341783,62.5922608585507266367974701485473378297450887,0.0546108569930417085995107787075518096891211374,0.804909729746533369867923112333545776072507104,-3.10209207976793237113167526504709648557120511,-3.10363526306280722723827790116280513437204713,0.0449550543855789917032407716066052101066223923,0.00312686861913726165109934136843098676051486248,-1.72510862151283852665936360233053076154251336
249,4.10519874048499073213091346557619533375579043,62.7879786348301824188092049196657139863683445,0.0544255852958232113869622152835998104485776187,0.804144472934108950559466571999143455709157422,-3.10186101201824878127673333613391367637490733,-3.10339909611832991302006306326445140921495494,0.0449654432490521993195780523119861805455283240,0.00311517295979038139009970067433856325518112380,-1.72521489729644863723449396361711547351535455
250,4.10842192334291499099457396389726714702289498,62.9835740480733015884722639536161262389228567,0.0542416804936398766190385064491679298540163995,0.803383797676590004243147875549594822443758630,-3.10163145181969938558550699061634753221056477,-3.10316447327885553797225140995758498858425498,0.0449757667100148520986587263627257251055784222,0.00310356578597869170488312447178309062541692372,-1.72532084294541281407074909017040387558417253
251,4.11163273128870116338671883010647756836762729,63.1790477135675573339189739954548018115345627,0.0540591270332685189927461508994496691491253591,0.802627656645859975566981039476851534448043251,-3.10140338342023210226962111034522323827335409,-3.10293137838841525107762595511956257010762995,0.0449860254309437830827666285660619549881182733,0.00309204609088622279858988159782405761169875605,-1.72542645978563942957993972381426796825074937
252,4.11483126024013741328181163530603202900254770,63.3744002410762080520011304842110322071429496,0.0538779096004786963610921435725228672752104691,0.801876003202358716500755894373185276279742589,-3.10117679129444869635952264116263666798589465,-3.10269979552372021472897779771335285482986383,0.0449962200650450138506447658610488941964803036,0.00308061288296767868081699728475280906781386088,-1.72553174914698177474738234026489559265555109
253,4.11801760499798919923866665438547086478293576,63.5696322349092173800926903123662184662565111,0.0536980131154121699724218003870398195571391899,0.801128791382211036855881967909197695296571950,-3.10095166013945170748892077977556231814150811,-3.10246970898989542996273770065058701343757835,0.0450063512564193731163539655729591946310947622,0.00306926518565938797082756471458337331098393662,-1.72563671236280467763071995642743485465775953
254,4.12119185926333085861675391538633945759992299,63.7647442939929950334386370553541515671740366,0.0535194227280699201144869189399009222809300325,0.800385975884648511771007706127301442013479765,-3.10072797487078375766921464553522607029098149,-3.10224110331630849714664430548858135123212570,0.0450164196402245166088474816354074180448113418,0.00305800203709680435626827094882998840147490437,-1.72574135076956811493281424567192862575821641
255,4.12435411565454166118876873147096712093225219,63.9597370119389824441386141855903025598185300,0.0533421238139037918813157321200218063753147058,0.799647512059716678515000324789458609926176297,-3.10050572061845682372683897213460458439297718,-3.10201396325249082934392680839807743220999975,0.0450264258428334402928220963116333223189964734,0.00304682248983838406781424789094192732983278835,-1.72584566570642718925620774970752847185671685
256,4.12750446572397410826906216188826814155506785,64.1546109771111066218375908141487836906351084,0.0531661019695099367388391107773030783702937990,0.798913355896259997550077026652390960422696316,-3.10028488272306913159998569931321149818501339,-3.10178827376414891013490907160864134564771247,0.0450363704819895762831160997189117179365107038,0.00303572561059567291366834113586949500826383569,-1.72594965851484786885432125856707538715180974
257,4.13064299997430204380353879004491559544569675,64.3493667726921250960709384886217875007907371,0.0529913430084213033427634839243425932138415907,0.798183464010177186945990243167449778064784253,-3.10006544673200739975724125422334389552059448,-3.10156402002926325970890915498910907524297266,0.0450462541669585581866526507367569681733918488,0.00302471047996944042688511218237196689583934602,-1.72605333053823790990123287517769284910350115
258,4.13376980787455594063468831109420253738200255,64.5440049767488842554837084453740982043123855,0.0528178329569965157828057819950728106911875226,0.797457793632939765268277914781936642109268471,-3.09984739839573222670201063110580115925355598,-3.10134118743427284264010557209035577988866655,0.0450560774986767400743392780753386646332770974,0.00301377619219170351956812582743686186186621529,-1.72615668312159240355219046730950344270273506
259,4.13688497787585252814355709549823011626959837,64.7385261622965128693365142818552403057955791,0.0526455580504025592092924969304220467722116827,0.796736302600366856292835386674280333435228539,-3.09963072366414448295202519559374751156852042,-3.10111976157034271802200453356364124145313049,0.0450658410698965508372326233456325975054996487,0.00300292185487348671733679309642269942784348208,-1.72625971761115341140340555150336043153914143
260,4.13998859742682573646518519251185807149095565,64.9329308973615720613625636259632333034100564,0.0524745047286887717544285022375326087761230613,0.796018949341649519625288814404963857187179342,-3.09941540868303063111792125712879611113713416,-3.10089972822971279764382854860384062881296171,0.0450755454653287633135939423300917261585305153,0.00299214658875817057105716875109077528808143662,-1.72636243535408317342260077928349261330183004
261,4.14308075298876574726994946283162547409329464,65.1272197450441825047071540473948787778329477,0.0523046596329497178996301788033773335322754124,0.795305692868618074814007634748079021066705396,-3.09920143979058495883049128598208545835828108,-3.10068107340212564073250620282341347288206467,0.0450851912617817552832516052849367997397547966,0.00298144952748028421641823036372367280363976780,-1.72646483769815039204974523806590357399120853
262,4.14616153005047276150275896248758490693660764,65.3213932635791491189326613129849159601447257,0.0521360096015745920659945135801393824774510495,0.794596492765246083115143637956805193175217407,-3.09898880351400676836105802509465485502155205,-3.10046378327133127453648075667476690265693094,0.0450947790282978372101268705391772909061042092,0.00297082981732960228101821120427951266612613145,-1.72656692599142911499709393276481817561342193
263,4.14923101314283192028499364926949409382224862,65.5154520063961030754936390454388786856454509,0.0519685416665808723166878244571860473083032172,0.793891309177384840960341945287890436228861064,-3.09877748656617062391861100355429082187332050,-3.10024784421166708876948556831212482191526540,0.0451043093262867194701570734368235988526173613,0.00296028661702041042848993002331695127128673627,-1.72666870158200975734399749980867862215489615
264,4.15228928585311564622745791923694692251785944,65.7093965221786804562771373959041372393234880,0.0518022430500300127530741542976876242991997107,0.793190102802722422645236129779020597319442103,-3.09856747584236781286292378476731489613671754,-3.10003324278471090873782730235565831917735451,0.0451137827096561897275631447242837604336920963,0.00294981909746580778491333618966898811777139188,-1.72677016581772182085826615164437852006868684
265,4.15533643083901950850028453781283584176854712,65.9032273549227564603753124971594660106778542,0.0516371011605230295520858717605608816907068790,0.792492834880961487041505342912167559814940691,-3.09835875841711723051396463554334799538802268,-3.09981996573600540691463911104056452550243486,0.0451231997249400691149569175195001197695410725,0.00293942644155691831920864233268432325897123571,-1.72687132004586788511389539044435794102855418
266,4.15837252984243755598809120039866378251432717,66.0969450439937536168364718604867692785161030,0.0514731035897738997182014325532056952940246749,0.791799467184210234469090725782282646119712626,-3.09815132154104394993085579366113346394388338,-3.09960799999185206586720971803514666987613863,0.0451325609114235139297681467829213275296978617,0.00292910784394688695105160803139731864904734890,-1.72697216561296846094494289242431010680705061
267,4.16139766370298290856248234619370472910630644,66.2905501241830420353650901265021586602246101,0.0513102381092587535933546500514009807603178022,0.791109962007581065470516221961820664000989952,-3.09794515263782378804208958620793310595689813,-3.09939733265617295685431003221320035492203417,0.0451418668012657276785866672774686782163781148,0.00291886251083953974159549150551927178740556032,-1.72707270386451731210612881204350813509274865
268,4.16441191237125924677196937716802607920652431,66.4840431257634493124613509906772899982254571,0.0511484926669389020626192645458925329547505999,0.790424282159991653319361047988757769771660167,-3.09774023930119222789378288467010454354449932,-3.09918795100743864815225174225433988014637152,0.0451511179196201464800476389158534176400562832,0.00290868965978259098823617943214616413281297725,-1.72717293614474686572981872417624985149915226
269,4.16741535492188869493011942159387028261833954,66.6774245745438973069684059717449933849674042,0.0509878553840557972897560045685933101480280363,0.789742390955163296874275290900555928611708975,-3.09753656929201610360311319688841291577884422,-3.09897984249566060530153802653147662658432782,0.0451603147847521590737103092994904888925782764,0.00289858851946528339896248629519084660982295728,-1.72727286379640334630266988334121569639770236
270,4.17040806956630145153036786167319174320688932,66.8706949919231826061040082081811936376636008,0.0508283145519960817886888120376138069649965683,0.789064252202811570054656753394896853959647531,-3.09733413053542649991606377828266232696715380,-3.09877299473944649204832072958484172491876000,0.0451694579081544209749493230576699406002416031,0.00288855832952035076847446747384540155531095573,-1.72737248816053128145839824245682381649885499
271,4.17339013366529238398991569732553816202150376,67.0638548949429171204765268189244143900579733,0.0506698586292249347556929795458351389844981945,0.788389830200024428952380982998155223761660999,-3.09713291111801136212631184436496294685660565,-3.09856739552311682584208093578556570063066384,0.0451785477946598206622281545399117479128204808,0.00287859834033019572105506220258059975463460965,-1.72747181057626704091972683504927837455427554
272,4.17636162374134967179007872851681319170095414,67.2569047963396448740180558683708359739210288,0.0505124762382859769206530374467450862085468212,0.787719089722823077586340338725337972969830952,-3.09693289928506635456748691970320883852260759,-3.09836303279388148539642411246408654520598439,0.0451875849425521540813688383980453811397031591,0.00286870781283717812782169590520547142982640047,-1.72757083238064108244538374513127081291529598
273,4.17932261549076045300588231926354209868418242,67.4498452045961506919139388846889059393447876,0.0503561561628660457895537139250988245375551266,0.787051996017901028726259959390507380479274945,-3.09673408343790254699402458578382971853032281,-3.09815989465907461007494833089841203118141108,0.0451965698436745621997559660138152813790512408,0.00285888601835791275199913078974882158040723175,-1.72766955490838859066876868514321138781511780
274,4.18227318379549830387784933986556744703615461,67.6426766239919761361827650534715069562874661,0.0502008873449232021071445363399048213942560089,0.786388514794536927225612374886185956021004343,-3.09653645213120954796440659427307972059344217,-3.09795796938344647177811431123673720559303921,0.0452055029835357848400710030529409039458729595,0.00284913223840147752864066529987335319969774971,-1.72776797949176820627435141856834486425524945
275,4.18521340273489725935259366587933295102185214,67.8353995546531576942873300474198681464715105,0.0500466588818763757286942444663771673288794543,0.785728612216676830070083233259590964199745163,-3.09633999407047274288080059146683374448287019,-3.09775724538651093962730340503984155811442309,0.0452143848414142825664674721521540431132925897,0.00283944576449143664804860063745825079017870537,-1.72786610746038855406581287967340927292642572
276,4.18814334559711696428914940029640717779372734,68.0280144926012018907677744980023716696628331,0.0498934600238551049107467701026425280694818265,0.785072254895181760021215333106030580439921822,-3.09614469810944333166528738316799812482987790,-3.09755771123994719611433483594129245434769036,0.0452232158904602769844547407399572769585275851,0.00282982589799158528814810191436247418876162046,-1.72796394014104228915530626756386234804248278
277,4.19106308489040343018226517224348072075226844,68.2205219298013116651243837273125104402027774,0.0497412801710078673683273620776685379785931298,0.784419409880236468461753289546604012968961907,-3.09595055324765989720756946498343409004805748,-3.09735935566505440055240202695116488185204308,0.0452319965977957584476058786383488239457276362,0.00282027194993532543327233765235071285010521381,-1.72806147885754739076406478434223509394977311
278,4.19397269235414976068352372047502487439518432,68.4129223542098780407889969325562148054897237,0.0495901088708675443534460827793510491037157878,0.783770044653915457971176564702650177648451396,-3.09575754862802027074322568461294268568817948,-3.09716216753025803166976453916020994296392674,0.0452407274246125088380500789671717160320390163,0.00281078324085858472812700986251615573271424300,-1.72815872493059544298816903342530853511413112
279,4.19687223896976110080132420522255296434557040,68.6052162498212507997683542051657558520534229,0.0494399358157726005382212918290479041172897084,0.783124127122902426412719204362668859036227110,-3.09556567353440249425457246594456603271104329,-3.09696613584866667607106259379251327173124647,0.0452494088262681858021157530238081055900487275,0.00280135910063619274891456044414574243870479373,-1.72825567967760665136609316470479380117364784
280,4.19976179497132795933041673134880049560409891,68.7974040967138015751855192152096732658193630,0.0492907508403426026846977014561534819624692114,0.782481625611359402027270410656684133344055029,-3.09537491738933371286586207974661220845343459,-3.09677124977567806309171958431669832743553694,0.0452580412523805135760740720262936489231607202,0.00279199886832163143140204089123833252319327822,-1.72835234441259135320242315923966943438786603
281,4.20264142985611195170330320667360078690210509,68.9894863710952924792597844938045344204606485,0.0491425439190067389997332555458958087107200668,0.781842508853941943330264780633052888252015290,-3.09518526975170586206729719925419290999090488,-3.09657749860663317932599222333027129209008283,0.0452666251469196243283638343372441581221528379,0.00278270189199007868069991368240918279473703901,-1.72844872044601778836993250137225155451877474
282,4.20551121239484791097534483589617609711874943,69.1814635453475630970314774771812876663583727,0.0489953051635840387526012131663138283309733583,0.781206745988956878615450271925969486512356411,-3.09499672031453704548318705490878985019234781,-3.09638487177451732785482136865454038014299616,0.0452751609482985927726762946705170737679313983,0.00277346752858466640217260316878675209179040522,-1.72854480908468590574439328006860711962459239
283,4.20837121064186621796207191881018213957538958,69.3733360880705483961431188565427548616966235,0.0488490248209140282188553724048870173276022136,0.780574306551659157700031251744886803814737207,-3.09480925890277752883220449993300631329787881,-3.09619335884770702797036720156256502566867245,0.0452836490894622056696099840012685006592794659,0.00276429514376587633962273607607262371969978828,-1.72864061163160698853684353963212357407806372
284,4.21122149194503910755337570234522928358460395,69.5651044641256398300264730522096805197566235,0.0487036932705365943485014612792192045888953253,0.779945160467684483310407230483036878676129835,-3.09462287547115930474454275927619023863626539,-3.09600294952776168102330956669658348681450330,0.0452920899979740067320833847894679556542277811,0.00275518411176399918798743429144023299113298139,-1.72873612938588888958966914463162908863208739
285,4.21406212295555461685042466341687625624050424,69.7567691346784016457167237606039930386826127,0.0485593010224198617799491109506422727190428000,0.779319278046614481313556644164862517554545746,-3.09443756010208821123301254691198957183194250,-3.09581363364725895693873239044426022388288327,0.0453004840961016563801743817642871381738179233,0.00274613381523458446547853367334942661478551677,-1.72883136364262667520835931874385931757203471
286,4.21689316963752175192567243524507035954989803,69.9483305572406541480271461144061227648854972,0.0484158387147349219723761661888800742725995431,0.778696629975671257948929245648232994488628496,-3.09425330300357761389279119242212028641258757,-3.09562540116767288398756137766502942217160797,0.0453088318009006447534386481777679185342908470,0.00273714364511681058652853013229518155435555002,-1.72892631569279848332217928099538569885332757
287,4.21971469727741036361541747522676549572875202,70.1397891857119354187831442944379558018731101,0.0482732971116762853453220586997605685567626706,0.778077187313538278408450984697694900621753780,-3.09407009450722268835653953761974675142076777,-3.09543824217729365159280385885015100680352714,0.0453171335242963953819840030455438970215867936,0.00272821300049470647413059259182417389771678015,-1.72902098682316640871576776641435523831302243
288,4.22252677049332913874195650230714354308413905,70.3311454704203527430521555324934224685339253,0.0481316671013269584314154557191537258689970442,0.777460921484304584643077768266476357319616448,-3.09388792506621436518576709526736859950696406,-3.09525214688918816232185902201083767697835504,0.0453253896731647959406225997837388081861077195,0.00271934128846115789016837448283457810302514025,-1.72911537831618223476080961787489183457187473
289,4.22532945324414503145497824159466619890771868,70.5223998581628347536401253917001166092320103,0.0479909396935670782006428591122125224106983187,0.776847804271529451234807784900199749811526567,-3.09370678525339202426244585405762796475960380,-3.09506710563920039479547420384346120262361377,0.0453336006494111915623032001382719470123375515,0.00271052792398463344703093624740265943078307396,-1.72920949144989783751297639264284426049988947
290,4.22812280883844737990851878544614280548012449,70.7135527922447950703859386589477505600121346,0.0478511060180250649356789992434344568965020417,0.776237807812424656651257328130315546692006647,-3.09352666575933404988275166440767269541702046,-3.09488310888399066405704792572858600126688520,0.0453417668500478752667931867412497820297249222,0.00270177232977856699504120046980565960305148055,-1.72930332749788009423433977355109076745562835
291,4.23090689994335987618201237729167645438864344,70.9046047125192179818075283163661959524765896,0.0477121573220702833594708946648412422229303113,0.775630904592151623280579347381676784514943401,-3.09334755739048538117230180363936821475663734,-3.09470014719911289001847466913467763924228972,0.0453498886672701091673202048138740493635113588,0.00269307393617333475976712930934840718720462858,-1.72939688772913013436507959362513266766449731
292,4.23368178859320348214551838121569038685863118,71.0955560554251764932776644764180654765601253,0.0475740849688462291692356358205013677763210415,0.775027067438230753409227187235646812719724577,-3.09316945106732121516329776999751858364792149,-3.09451821127712900795520328510140515678081469,0.0453579664885307092507152624377728514614179926,0.00268443218099076723284282940511703742263508639,-1.72949017340800677670975381276028882179587145
293,4.23644753619801331079612579162253807910754869,71.2864072540257928479788544585278201500668602,0.0474368804353432847448831766287882092630593890,0.774426269515060359832351651688977275574334339,-3.09299233782254604192163707622856819436566215,-3.09433729192575967768735289995961076063512859,0.0453660006966132256846733518144291392399583319,0.00267584650942113740114965144392880679166394429,-1.72958318579415400213150134717119788855090944
294,4.23920420355191242139302916979477364204568430,71.4771587380456514142553319269015150324341983,0.0473005353105101136030883654083681148699827281,0.773828484318542659152049746318484870114878776,-3.09281620879932721250854910217729682739764181,-3.09415738006607047007844485765544886779018538,0.0453739916697037497882452538260516353436347757,0.00266731637390256843368311343948616618078784693,-1.72967592614243231637076395167125094151785764
295,4.24195185084134540743311186353049148051001220,71.6678109339076736255003429081823627937917035,0.0471650412934027881882277446779384364608557037,0.773233685670814363095028344678115412222061149,-3.09264105524956226132805252096900986076812115,-3.09397846673069273083058386509625154447908904,0.0453819397814613780078055134572572117864998973,0.00265884123400280543469098566762484240681758190,-1.72976839570285386273153540143078051508545703
296,4.24469053765317458907934373403199665122108223,71.8583642647694644562478584803136045921602156,0.0470303901913707698545640207594758140207267390,0.772641847715079468438577947802961516785427742,-3.09246686853217922456916437951773004766123249,-3.09380054306207834227597585377516756073439395,0.0453898454010873624697451243519266658303378964,0.00265042055630329731718701267109933083832560146,-1.72986059572052114931552761764027600059929573
297,4.24742032298264155602511016476150330940484385,72.0488191505591397205427608478958967707721363,0.0468965739182788834258246191842468684450195577,0.772052944910541909439554378817439230204027795,-3.09229364011146921602020754845464262997354208,-3.09362360031078762397995797372342287030865875,0.0453977088933929769322787831921148064421884616,0.00264205381428553625414657535578591001066937811,-1.72995252743556926024040982718938098411765356
298,4.25014126524119674289480376845489454262021032,72.2391760080106432858099144434063842780699964,0.0467635844927644515431622649405057024057482209,0.771466952027435798080339139612743856228008398,-3.09212136155545054053094228174268063998648803,-3.09344762983380963249995566812479676777906822,0.0454055306188661262313272117255544052722489208,0.00263374048821960352694741083756774186079289372,-1.73004419208311142485954187940082699751069337
299,4.25285342226419965709248709450799420662421389,72.4294352506985631072018112907058446264276172,0.0466314140365287761539864408498906607360877316,0.770883844142151037041107266705520740114232560,-3.09195002453426364384507983048787179541479545,-3.09327262309291413960698413883360135897315324,0.0454133109337367266087515307901165983682409361,0.00262548006505487191325381052314052524182455062,-1.73013559089318782341420188428704763509158627
300,4.25555685131849231846575598645216463755865506,72.6195972890724548036520129217772807310572838,0.0465000547726621759750318691975379669171410660,0.770303596632452148139500892469039959220633069,-3.09177962081859621543885159733710417598371395,-3.09309857165303458668980869070208642721216373,0.0454210501900408836246195698278906454805628496,0.00261727203831281604083309984773135053170136603,-1.73022672509071751180173205511879349017404124
301,4.25825160910984841120234372802367417478064011,72.8096625304906813174764918715084587473567146,0.0463694990240018096051709408516373677515058287,0.769726185172788215105115728066111382446180814,-3.09161014227813777839790149025699949608350918,-3.09292546718068133094434969510141739225660483,0.0454287487356838936880369761666738921068922783,0.00260911590798188338097015661165927205734161570,-1.73031759589545335224055367442424729195753235
302,4.26093775179030059097535275970244669634043205,72.9996313792537770242299218222761102376337049,0.0462397392115215341879715444684416649670758854,0.769151585729691894033074446927299665504735162,-3.09144158088006311726142704006554700322316437,-3.09275330144238451631941514018671563980103046,0.0454364069145020945927649411840197188438855094,0.00260101118041437976639737050250425474787779917,-1.73040820452193984056163118924922276992810716
303,4.26361533496534833445367512865310480296132564,73.1895042366373444885252003174080923812214478,0.0461107678527530691511750473373422996127216074,0.768579774557265497742376920318387455882584140,-3.09127392868754391117521503357859358042443807,-3.09258206630316591906081577778942170968562623,0.0454440250663235898137785494769949358649222075,0.00259295736822532449513019748411822246059777200,-1.73049855217947372466144694455608317105386064
304,4.26628441370104866385304560812347802485984232,73.3792815009244918945516256864852797732340881,0.0459825775602377535997112806716509950218130854,0.768010728192752211602727271980767113099224429,-3.09110717785828795563943452283991150942135408,-3.09241175372503913408523379548603717470285776,0.0454516035270278707085230075372943684153013103,0.00258495399019323122439861641487838323487634935,-1.73058864007206731231939497780581205197393096
305,4.26894504253099202617757898388077624757943715,73.5689635674378190169730839533831588651242277,0.0458551610400082044294622851562366331253666257,0.767444423452190548238316589319907342994976112,-3.09094132064310537162765652749991762788073766,-3.09224235576553748433818732569529209140433260,0.0454591426286043601713469273225413703756716367,0.00257700057116277196906005890097232828597825960,-1.73067846939841437011800072246394857388280286
306,4.27159727546316555515027624179906635487598478,73.7585508285709594386483978386066501316718134,0.0457285110900992001789399678921699420345984861,0.766880837426150196916965985622997833560320401,-3.09077634938450121590493655924399638395447106,-3.09207386457626905076183544368891067054417866,0.0454666426992099007108990694930441904610420713,0.00256909664194928259750033832581545624067242514,-1.73076804135185851861259258987927234031782861
307,4.27424116598670589351387941762920863318011395,73.9480436738196865660907832550846893764807641,0.0456026205990871330629086370061044508203040355,0.766319947475547470434759225530946040659121304,-3.09061225651529392099879278066907173065558434,-3.09190627240149823553246148762300220632045264,0.0454741040632252093576524512184664547545112639,0.00256124173924506926607060927896823220833707337,-1.73085735712036403218285300508801667495084094
308,4.27687676707854370436193567664338972621828579,74.1374424898125908416742529032688362488324720,0.0454774825446573885526892015314812414825366556,0.765761731227538597954809771769438673550559213,-3.09044903455725900749092629529260057036587805,-3.09173957157675328583802047315360363204406075,0.0454815270413103212616700856307641782089725308,0.00255343540552747625153092747879388304837307321,-1.73094641788648895516672401950169216601381384
309,4.27950413120994195239656411279736842687022689,74.3267476603413354032067787466440729034186421,0.0453530899921990282987532464828255737204256656,0.765206166571489156597511557853012190799468192,-3.09028667611979752511248380734079886551655300,-3.09157375452745921966642585220774128952380708,0.0454889119504590433087694071696794748444649003,0.00254567718896867663070195183329620381257035314,-1.73103522482736044893190988415272827472595334
310,4.28212331035292998946796869907897213443886720,74.5159595663904972965308326515575669128186352,0.0452294360934261681479991448946044855261763777,0.764653231655017977650380621236083817297105876,-3.09012517389862869255403323587976508463661404,-3.09140881376759560887810957678529733911077992,0.0454962591040524385659135512809091623999900724,0.00253796664334714821846128871010443910647170779,-1.73112377911465228748599827185390267154944395
311,4.28473435598663543339612915799674202132185935,74.7050785861670012051920154691474345678638247,0.0451065140850254585059894601230419988325676772,0.764102904880113905108796552909320338310588293,-3.08996452067450621895525669494847830742741881,-3.09124474189837868825420330336960712993448449,0.0455035688119113618635087322828857877917190756,0.00253030332796079811022482222664516772335167100,-1.73121208191456442206713193596913370974884194
312,4.28733731910351578487336560907977619821130459,74.8941050951291525228489119245746143015471940,0.0449843172873290893480748288051863189820239104,0.763555164899323824913571815822137013293628971,-3.08980470931195780273029592107895849094539970,-3.09108153160696727225641838046161023343326770,0.0455108413803480663328847832856684273267763010,0.00252268680754170008396148728911341608568118788,-1.73130013438780453789715615632284497183924164
313,4.28993225021549168416472707637420389664884406,75.0830394660152764588976455556368815873233689,0.0448628391030127568068756216751088980145461079,0.763009990612010422754923602484925683119558658,-3.08964573275804731572394808291454691238408120,-3.09091917566519197391789954044035457255310033,0.0455180771122169002411618606761254170698181125,0.00251511665217241000040928880874346990866480114,-1.73138793768957152892203808871209534872488753
314,4.29251919935998366732955225376454636700008694,75.2718820688719697356708689591316205732449722,0.0447420730158180424706855690831527724206052054,0.762467361160678166701396288473359194723718205,-3.08948758404115919269235713119803516512140374,-3.09075766692830723261714956177362083142941086,0.0455252763069641130025558001992769305290433822,0.00250759243720382519927054777263165555427100514,-1.73147549296954081891374373809054122195727736
315,4.29509821610585424075125079190043998203778990,75.4606332710819713064634871202271781437005650,0.0446220125892986703311719696659334941026503861,0.761927255927366048221620824442330856184621823,-3.08933025626980455776996073801834696904527907,-3.09059699833376566948034789349176545731886692,0.0455324392606767887945566074616057279900470493,0.00250011374317455472451860098782906547111724399,-1.73156280137185145976716275796086381460972239
316,4.29766934955925705285348107081569076158684021,75.6492934373916583974589410387435272128212217,0.0445026514655901197319880587138182271640606269,0.761389654530105651430325437963208281215330318,-3.08917374263144863093236352798357016558649018,-3.09043716290001430082142845042349828961177703,0.0455395662661309257689510813236161491626693800,0.00249268015573176802427434548428392118237091607,-1.73164986403509494019844730212587441869165318
317,4.30023264836939490297051767480469972120554780,75.8378629299381740533052563471215275002032596,0.0443839833642020857048571437078078246725212375,0.760854536819443155640387206261920594427212372,-3.08901803639135896850229975499279419423303188,-3.09027815372531215137420190757355151275276638,0.0455466576128386784209861805837308447026137905,0.00248529126555349056071249140224890680488055041,-1.73173668209230564034050193472735351860964929
318,4.30278816073418828939967360855405135520594613,76.0263421082761922455463140911242678741349034,0.0442660020808332907481839524841791002810482643,0.760321882875023910571470389471144620053349776,-3.08886313089147410248237941060592723766627922,-3.09011996398656882010632852768293324396445639,0.0455537135870947802647311404048605810917725792,0.00247794666827231553381399474716687007334378061,-1.73182325667095286994042257073024856931692698
319,4.30533593440585616166700607004509283798675294,76.2147313294043264852800336360910553604821696,0.0441487014862081644167371538358466000776618940,0.759791673002238256883387607651928873686479466,-3.08870901954929215394302020599204958890205632,-3.08996258693820356214046524872760461427855024,0.0455607344720221635585518857627901897977008766,0.00247064596440050167015000371243472034719089586,-1.73190958889293442999540662363487823536449347
320,4.30787601669641050595787029570327583686750565,76.4030309477911877662224893021080532932201875,0.0440320755249349190604765034615656744533216869,0.759263887728927297098155951176966038123610099,-3.08855569585677900585568747564683435782026787,-3.08980601591102446075250751112664599944114496,0.0455677205476167924312305869949181332566965253,0.00246338875925642775489900820624073582400265876,-1.73199567987457163972089981641638417417876433
321,4.31040845448306635747568749624106908682180386,76.5912413154010975517384816394914779186899456,0.0439161182143845616868389527827024095232732003,0.758738507802147353477211933248255916822978219,-3.08840315337929563064883378280696399245552416,-3.08965024431112727357930134166935425078804997,0.0455746720907917253763267161946481715621965673,0.00245617466289237529257688190677970579203585629,-1.73208153072660577273025101641016614057094351
322,4.31293329421356879917084038411600552208285177,76.7793627817194614092897095520022553847624152,0.0438008236435903932340569410158153335725166681,0.758215514184991880056842139690223941046935084,-3.08825138575454417738500501046674431666413153,-3.08949526561881354705700193174419088081217356,0.0455815893754204227095746092960761923421119940,0.00244900329002361137009297248462226040473950784,-1.73216714255419584822155096015943864718676923
323,4.31545058191143847280294313488418974884228593,76.9673956937778087880882298628233191605351015,0.0436861859721675575433152885668183968989512123,0.757694888053469625842096893524993426301526369,-3.08810038669153243282044161596305646653333652,-3.08934107338752760273460751532817236991820530,0.0455884726723793142211473175559506483441581881,0.00244187425995874446530855595703118543716264002,-1.73225251645691772481716673831732567680095335
324,4.31796036318113709564062579181136142486689602,77.1553403961785043304639095547001220255887352,0.0435721994292522130143796212235566265605154664,0.757176610793437875142904017503866703150813217,-3.08795014996955627972087049492618306370300289,-3.08918766124281200847303686948356584772836099,0.0455953222495896419011981684517690922573824514,0.00243478719653132659582216069322158483786226391,-1.73233765352876444648718553335775072711804458
325,4.32046268321315444424090949447831134123411473,77.3431972311191360045003551982879755554142957,0.0434588583124599103320432139062359897852442945,0.756660663997589619230548982426015483777237745,-3.08780066943719978467651839837914704142623111,-3.08903502288128115665611904160077595829879573,0.0456021383720585922729400532997723847050538395,0.00242774172803267583677660447716812940020551154,-1.73242255485814779171188779300497862331820670
326,4.32295758678901823566339750481474076549149892,77.5309665384165852448062926826264105268011315,0.0433461569868627697683217747273207063352186428,0.756147029462493540922066491765650796152015325,-3.08765193901135255629290093935228921107236400,-3.08888315206961258041344687340884226692983713,0.0456089213019197325323671673071257680762820465,0.00242073748714589385359462717776531317784371489,-1.73250722152790097870273048348389909998304774
327,4.32544511828622830614169956703117857868720692,77.7186486555307841898121320353393613971746338,0.0432340898839850614064567898458299076122539148,0.755635689185685720387527352800244749994934541,-3.08750395267624402303863456457828333839348478,-3.08873204264355564749339059399037720821970199,0.0456156712984727643673026246416949497716653919,0.00241377411088105369620635359792057081081246412,-1.73259165461528248110829700923960427279962833
328,4.32792532168311645763521607847167724194875111,77.9062439175881650076596162364379710079243126,0.0431226515008168012058570061786623687075821888,0.755126625362811996443063331953364606635282073,-3.08735670448249428821413733080788100193033923,-3.08858168850695727983461905313295330788961209,0.0456223886182226090105143537260688663716873843,0.00240685124051153368601875717351627630913356895,-1.73267585519198091018334011365627908356910261
329,4.33039824056363331379872565795172015289942286,78.0937526574048062085326666484860737603766230,0.0430118363988449851402240133354510535640859103,0.754619820384819942862369149133779994200043402,-3.08721018854618122747216313024845896825021156,-3.08843208363080435507295307146783099646217023,0.0456290735149178367719353681066549546238048272,0.00239996852151147379606532400215620318498421118,-1.73275982432412092089740591553897369457103298
330,4.33286391812206349871583564719501170836597043,78.2811752055092807491079197302497277900771464,0.0429016392031020927021116209263551220828962557,0.754115256835199443832256859864084804450249982,-3.08706439904792350207897650867636646828202689,-3.08828322205228245419377907136514607399379767,0.0456357262395884539933151679048026642019508195,0.00239312560349433147891854005068102510179395891,-1.73284356307227010090650281797085283877852752
331,4.33532239716767042422653965248614210554003504,78.4685118901652106446335456635023194327047527,0.0427920546012314998836398574683624870566887935,0.753612917487270876613825955710482940617991515,-3.08691933023197916865974040169451161732764089,-3.08813509787385062730487267613011373903699807,0.0456423470405830600746864847764428792253896882,0.00238632214015251443648927200736286769028677621,-1.73292707249144680270871641716803521018678710
332,4.33777372012927194482070926624416169784251369,78.6557630373935327159256786530814016729954199,0.0426830773425694503223524965575207881294476179,0.753112785301519932769500102254963970119181525,-3.08677497640535957352927881504179265617499214,-3.08798770526233185706640966996253616613458249,0.0456489361636053869356329718802527369904595795,0.00237955778919806835120205595233775204227153472,-1.73301035363112888065434824445498780367519889
333,4.34021792905974811285070012179761119376814066,78.8429289709944800122554420795359336082606706,0.0425747022372432416503601284599409094646026985,0.752614843422978131996475092800869083907896794,-3.08663133193695822687552231174815163084326712,-3.08784103844801890668006836516543514122290862,0.0456554938517502329952729424114000207774960239,0.00237283221230439810963655666054426868276359007,-1.73309340753526329578478200688218141072064050
334,4.34265506564048224122027091190178567695532474,79.0300100125692833666396919744130308111031192,0.0424669241552852922108042230006078351740115458,0.752119075178648104687310878596854419032894569,-3.08648839125669435904319421354862483453126540,-3.08769509172379524651315707548901881423863494,0.0456620203455388034829228653848187472637668607,0.00236614507504900154796263592956593127691458878,-1.73317623524227655273350081586916342329283122
335,4.34508517118573645571710030013214366400163261,79.2170064815415974574000644123595064313224793,0.0423597380257627612149421855158404209090390039,0.751625464074972740836176042421400314219619111,-3.08634614885467086796502061846108861562938786,-3.08754985944427076042215497441607813391814632,0.0456685158829534686263695973422536952949041979,0.00235949604685719523375646424467602801169108876,-1.73325883778508593413907525189188413900076979
336,4.34750828664696289475623352535116020084177760,79.4039186951786556689737559105858576359248649,0.0422531388359224031122034448814475637646092416,0.751133993795347323841733661330279577175753899,-3.08620459928034637341214766815180006434623999,-3.08740533602493193964828028201418704621316460,0.0456749806994719510063661717259333065346888669,0.00235288480094681227144253219725261182012797286,-1.73334121619111149919503774223024232226950170
337,4.34992445261705169047616518927568172094048203,79.5907469686121579658029383428020984777520780,0.0421471216303503444406077250560585636324392657,0.750644648197673788141406641080634701147737701,-3.08606373714172110018955994135526231883350563,-3.08726151594130627879087296788231394292081728,0.0456814150281009531141824210702397545350850569,0.00234631101427385257902400917151275695653283631,-1.73342337148228881409681896165333087973614242
338,4.35233370933451684186279362973085280437710767,79.7774916148588959156562113917938663276207753,0.0420416815101464787219730776011410475158648996,0.750157411311956259462807021741394772318420786,-3.08592355710453631869099008058637542621885035,-3.08711839372814059482751269021263814332064059,0.0456878190994092359036047279178956747155048057,0.00233977436747906653229294537521361031923113419,-1.73350530467508238324275703673530143542752286
339,4.35473609668762106785443618106346634409648574,79.9641529448411189229045447673430968861850994,0.0419368136321131820711829951202290923277664105,0.749672267337937055811970262692815935060574784,-3.08578405389148707735581366249767115129926964,-3.08697596397859299644774109470875305370012960,0.0456941931415601588895104636698639119980012771,0.00233327454483545330969254691422683201565441738,-1.73358701678049975110595758232407966725042009
340,4.35713165421844070618917435256369320675135512,80.1507312674066456580463631748447622136037172,0.0418325132079580591070515992890078008251125863,0.749189200642772346149717146990636375600964958,-3.08564522228144796754230828441794033070638695,-3.08683422134343823710472277382396444896313802,0.0457005373803436921118693797134231205654322020,0.00232681123419665569676571791254418258666405307,-1.73366850880410624571778857811189353999999786
341,4.35952042112687170208012066055472738009876483,80.3372268893487245971134364418247117607111228,0.0417287755035104354894653151331436873070518481,0.748708195758746682051507391885428116264591146,-3.08550705710871166715185184990844548534054602,-3.08669316053028619117071560017593577990646541,0.0457068520392079100565788985451491638899966383,0.00232038412694623352398648714260975951127051977,-1.73374978174604033569329659535268622820340388
342,4.36190243627457770963128467643243733549724565,80.5236401154256475134537346214159807087242164,0.0416255958379513199687559525061807456427615008,0.748229237381025635516621445127409449103509378,-3.08536955326224001501143359502562823385510359,-3.08655277630281319841224087128401873652124296,0.0457131373392899774027606076354696833166444516,0.00231399291794779831604308200665856031021378626,-1.73383083660102957368504087151287780554628484
343,4.36427773818888130822347511215908163292415846,80.7099712483801196947430648198732202834655884,0.0415229695830565652237726930286281568788449428,0.747752310365445793503033998891849854706012868,-3.08523270568492737355141024333463398299971188,-3.08641306348000602768362127914662941302023027,0.0457193934994466362498739623933121750296017575,0.00230763730549599212462291548228665997264427199,-1.73391167435840710007592519262073948438974689
344,4.36664636506659931589339553967339413366464106,80.8962205889583905898887576064338898384455240,0.0414208921624529629898055975974412210327107890,0.747277399726341376728116294552197994828047875,-3.08509650937287604270578734129956415943156324,-3.08627401693541821627723184137457134726787423,0.0457256207362842042670877500288391653204175564,0.00230131699126829390073094608162097633919332408,-1.73399229600212868161468726917608580754931662
345,4.36900835477782316198742752309535790003289505,81.0823884359291485237214858361199864817829992,0.0413193590508870150411505164226146381225884333,0.746804490634406766805099218072328137166512957,-3.08496095937468349321734601134283276687197538,-3.08613563159643854676939895291194968377154581,0.0457318192641880930016424018461116301317950907,0.00229503168027763713683510414262543625431953246,-1.73407270251079026056086257398476648048500348
346,4.37136374486964526208255468131907878653784588,81.2684750861021830519919550043824069992944098,0.0412183657735061275003228817986677885366306796,0.746333568414594241893417848472564631996807044,-3.08482605079074119265345117074292222066103209,-3.08599790244357142846627499185051401624598250,0.0457379892953518553822934159564648254928623103,0.00228878108082582287394841260512052565180684385,-1.73415289485764599074031587378110412706119395
347,4.37371257256983231931881574504371589138512811,81.4544808343468184651650607206587993808294874,0.0411179079051519817012077743007504352709873712,0.745864618544046236739624177400180340232330318,-3.08469177877254480243403527030627544890552192,-3.08586082450972895568797997627009143260183278,0.0457441310398057712582089643399876295922416951,0.00228256490445771252439133676581333648598560555,-1.73423287401062673771883204971745631503964698
348,4.37605487479044645786926760822133674670871966,81.6404059736101218868033802760885822961098012,0.0410179810696658404411166892085267961024488697,0.745397626650061458286106463107916392852062133,-3.08455813852201552904460576319334872474078416,-3.08572439287953442013549137204455678391555647,0.0457502447054449796227684124252236100024220485,0.00227638286591618530768593357726431162519128545,-1.73431264093235902108074457437407026882493203
349,4.37839068813141507627369620706311540398611183,81.8262507949348893509235974797111067551710761,0.0409185809392055539210120833479536025895126273,0.744932578508094202938636892525282524634512456,-3.08442512529083241735761993997898309913697562,-3.08558860268863705946672014177922273023841600,0.0457563304980571659854422477509389043824411873,0.00227023468309784543506385425350198821411345937,-1.73439219658018437755308613005309069403459900
350,4.38072004888405029077055117414030949894780422,82.0120155874774131825635060429992733226414386,0.0408197032335740349981318887817064925308143257,0.744469460039786236121679517291863976695749204,-3.08429273437977537861854738176466340468927892,-3.08545344912303782896936918918816630916372755,0.0457623886213498131732010016059263087835284847,0.00226412007700946450766392197001603980626124981,-1.73447154190617912444416825067681594717623990
351,4.38304299303451882156741916260280686782491029,82.1977006385250339468842339114019712355803194,0.0407213437195589785648434113050774747096324589,0.744008257311030608922985167376172537820818226,-3.08416096113807875017163631943968685947979536,-3.08531892741842598786185862346593338633539256,0.0457684192769770236655781622623128155186062409,0.00225803877172514491488526902972528500616334290,-1.73455067785717450356969980262888088769747327
352,4.38535955626726315818370285633846311028364408,82.3833062335134801744236777257407268105723015,0.0406234982102836049256022248105801806066219676,0.743548956530066800446509807148887219672496746,-3.08402980096279518840795556501148371611643738,-3.08518503285952629628304879835010333509797968,0.0457744226645659213944805079626687275015312118,0.00225199049434419033277519946997996473387492017,-1.73462960537477718652037042653785670424465180
353,4.38766977396837482357023404194307309347230601,82.5688326560439990135849714795027415446078613,0.0405261625645682119740909951270593891804352488,0.743091544045606587965032421375880052201171736,-3.08389924929816970071774327075076050001845999,-3.08505176077945662344982719687573031517508244,0.0457803989817426407709829783770724789560043183,0.00224597497494966972798651691211517227909646742,-1.73470832539539012278305737575671228888884628
354,4.38997368122892054064979075192608674722125546,82.7542801879002809060609935507402228899200271,0.0404293326863023257785551330265413234178306269,0.742636006344990060100627741497223061299661900,-3.08376930163502362642341053551261230184546176,-3.08491910655909577177188476450983755493336696,0.0457863484241579105365518437669694074881008400,0.00223999194656766157094987111369553326018381388,-1.73478683885023371286423609928700005400484056
355,4.39227131284822208922064793501766350083006711,82.9396491090651813266359970276263675808969738,0.0403330045238272438685155138134062331873325816,0.742182330052371201071682838293293332488616122,-3.08363995351014838076158589743347987381159491,-3.08478706562646132591813568734821128206838029,0.0457922711855122398753005414193465642173573419,0.00223404114512716525267916982204740202487827016,-1.73486514666536728917953209088495498316283085
356,4.39456270333709062581336423352753044810380052,83.1249396977372425756426634854180877137323531,0.0402371740693287700837948788835049699743166563,0.741730501926932486538464740816401466343343375,-3.08351120050570877997512415244622487542731089,-3.08465563345609733993208793647152503163035156,0.0457981674575807140668913718380172921432065480,0.00222812230942066698326251674134880452650978685,-1.73494324976171088806836276786892563475016174
357,4.39684788692101622408024053306861628285086411,83.3101522303470185602621232699974280609216420,0.0401418373582399443004121529238562932114734679,0.741280508861127943764103271534788831716716698,-3.08338303824865576947173470168015011195409765,-3.08452480556847167949682074019728205570457540,0.0458040374302374068064506442937917912757537862,0.00222223518106534772678171773762206974276516816,-1.73502114905506729686797642652807021459105275
358,4.39912689754331337861876805595770864437084359,83.4952869815732054498112897584860251300990488,0.0400469904686535746905459610996706704402525914,0.740832337878954140692737420935205455735316591,-3.08325546241014838080742531658753359748051096,-3.08439457752938284035675739994214316794115738,0.0458098812914794161682652125462234838019261683,0.00221637950446492099733859160074828363704067695,-1.73509884545614436053756877215662717007463613
359,4.40139976886822320077663934205834939112053817,83.6803442243585810401423775399547789637329075,0.0399526295207443844085166330966174968935197761,0.740385976134248580139715601371377712183483448,-3.08312846870498474696284357388040989926954512,-3.08426494494937606771574543582419945722554089,0.0458156992274505310439779480859903624578803735,0.00221055502677208860422896276297581963117696659,-1.73517633987057753286119036360572023996289101
360,4.40366653428397302094847718751094832870874536,83.8653242299257556132604767428323967234510980,0.0398587506762005887245629970515785963324175215,0.739941410909014986598121898798598339046078714,-3.08300205289104200900129173313594093246507182,-3.08413590348316860515160144357223197592757205,0.0458214914224645347434046890592539332391738176,0.00220476149785160269127270540233803686392745544,-1.73525363319895265777847177110553386376422377
361,4.40592722690579409814551851393367301778150924,84.0502272677927370302238878677836503545589422,0.0397653501376647226559839996449961549186877288,0.739498629611774984199263180268769799481333889,-3.08287621076872495073108015220686030570374140,-3.08400744882908390521870088679328165783865184,0.0458272580590281523068644444430912965594458298,0.00219899867024392266605270093514543052227448130,-1.73533072633682896689538642137762733517753214
362,4.40818187957889812419146089204782266702115287,84.2350536057883127483065053729351835119185031,0.0396724241481835430737759720717108890063893149,0.739057619775945675129604057466223270237207569,-3.08275093818042320144428762072760100029364460,-3.08387957672849463745477649351632686932206985,0.0458329993178636479419596415118868141288054153,0.00219326629912945585950412850569098694048408397,-1.73540762017476227971392180329145816704817674
363,4.41043052488141319676313590915552397141880496,84.4198035100672514072503517655921835894997685,0.0395799689906668330949400392267690278013915193,0.738618369058242638310261582499688151980099233,-3.08262623100997685017116418988304734755851774,-3.08375228296527433296814599694963907507640222,0.0458387153779310788649780625767528078537002774,0.00218756414229337099509027352879919998103782275,-1.73548431559832839359019524777673829278373896
364,4.41267319512727992264641455569148112640774541,84.6044772451253265841984254695571284852934688,0.0394879809873549403087948743867135972044988741,0.738180865237107878394634750394188522286631007,-3.08250208518215031817652711728373800542300100,-3.08362556336525750815936580334256305085066506,0.0458444064164502116974293914371749296653520339,0.00218189196009097377985939155496997278890644698,-1.73556081348814665088576847386125103168693983
365,4.41490992236910830000877001417691061909874818,84.7890750738141652725528792106788980352324111,0.0393964564992948840324628357315010827922091400,0.737745096211162265141900359681096404952267678,-3.08237849666211433963368345500679332528698552,-3.08349941379570811342898122760736063545623179,0.0458500726089221074415959541232049361058925855,0.00217624951541363415715187104849050910695757357,-1.73563711471990367121720412312447523722737821
366,4.41714073840099601619340741350589435904914851,84.9735972573559235965312460976321633034639551,0.0393053919258248703486811390716761221516202343,0.737311049997682012985607719945226507661470499,-3.08225546145493590354472174997325112110900726,-3.08337383016479615594273204945872104189742473,0.0458557141291503809352905957969707498537842825,0.00217063657365525498276630189991126132247094690,-1.73571322016437723713476792968437297583085746
367,4.41936567476130878550918740042288239493916704,85.1580440553577922305745299504533918513384766,0.0392147837040670571506288239315256012655836734,0.736878714731098760143904115966969437294009250,-3.08213297560507601303544857105662285113017854,-3.08324880842108234866932857227385559494177542,0.0458613311492621405651982466654736241876841879,0.00216505290267927210314105688445297102982122078,-1.73578913068746032197309474315922355196231710
368,4.42158476273542333971926882960970105475372227,85.3424157258263339509765100539763639260301216,0.0391246283084284148058880094492624206833725307,0.736448078661522815917284088926222236919778219,-3.08201103519589512114074341088850295213496910,-3.08312434455301064097573275698313542275957443,0.0458669238397286139001573413116743156749768830,0.00215949827278617602570442562268689960654786960,-1.73586484715018524901507115232609382992573410
369,4.42379803335843367241319715054382809979637156,85.5267125251816557061350837815556872367411456,0.0390349222501095313572382354298004262517767270,0.736019130153289153897257105574621795603411760,-3.08188963634916610511355206610526721944500236,-3.08300043458840848906269826713280043224746686,0.0458724923693854647904407328640235638119572822,0.00215397245668154557812694664435727922102124000,-1.73594037040874797149559145385754951862034896
370,4.42600551741782112717595932755811786409591294,85.7109347082714175516558460824876268356109774,0.0389456620766212144039124755541415599536223699,0.735591857683525737670870012124508304245283402,-3.08176877522459464413996363574259300409242285,-3.08287707459399472745102340615822012856889235,0.0458780369054528073664530027749152418280178016,0.00214847522944458415490617947241136415555446659,-1.73601570131453246334465097581402685205216104
371,4.42820724545608890843736704881422685220719863,85.8950825283846807571477900702972981316637233,0.0388568443713087449553547981835525704107089424,0.735166249840743774257329828877932854606694584,-3.08164844801934686812559688943415060976459043,-3.08275426067489490558837881752312310416024416,0.0458835576135549222602040137547884587422458531,0.00214300636849714934665476014820043949225909868,-1.73609084071413521092986997774340545572498623
372,4.43040324777336158309022996128470996591905770,86.0791562372655973529238479933758813523748924,0.0387684657528836416224819952564641410195236252,0.734742295323449498959608551010766573244979365,-3.08152865096758414793658403380261282084485777,-3.08263198897416395643946187452891367523149761,0.0458890546577396802653810192763082105469795872,0.00213756565357326693977152288782533971494175025,-1.73616578944938979640739661995798611305957729
373,4.43259355442995013040050618503838162725434442,86.2631560851269433469382377758973755218383946,0.0386805228749627965109734297802216561785909755,0.734319982938777103561272240069828816854277109,-3.08140938034000490013346052751437367785188656,-3.08251025567231606665032553311333048547572345,0.0458945282004976785467593267036039154177968593,0.00213215286668912046197351310309872411340884243,-1.73624054835739156362760890457192177677887743
374,4.43477819524888308739148445378924648704756991,86.4470823206634978051419077191025290545047504,0.0385930124256148471091447068585486136302298846,0.733899301601142427852102481580363798604705669,-3.08129063244339328182987737971088192908358344,-3.08238905698686162054270547171208476404981292,0.0458999784027810944070019206482306238556821701,0.00212676779211350763257117265125403349428060255,-1.73631511827052235786849960480635261274856132
375,4.43695719981840432676172215384966197516579686,86.6309351910652699520008500079359204083253498,0.0385059311269136513213944781921352371281471030,0.733480240330917042330457992270478549043578933,-3.08117240362017465384182975810721346532102329,-3.08226838917185109279765233537016310725227690,0.0459054054240222615185408505523675622987828159,0.00212141021633875525549380862506112132319175766,-1.73638950001647533098544856016035986644122528
376,4.43913059749443799448773853547971839684393834,86.8147149420305764121841393330221322872860578,0.0384192757344987355888875690160845147257310878,0.733062788253122357610699424889366630965330770,-3.08105469024797769276858024722473314146895635,-3.08214824851742576723134638149244567713588752,0.0459108094221519734301485337258396928625186159,0.00211607992805208426802837989851429758912050958,-1.73646369441827980387161432077821085659670195
377,4.44129841740302112456228159862238460556386656,86.9984218177789706793740805627103449084436446,0.0383330430371425887638361386878271575673353853,0.732646934596143403565170416852874103235702061,-3.08093748873920303506514071247411074100124629,-3.08202863134937516155116557566806707581714665,0.0459161905536175190619380321259837158265984508,0.00211077671810741682912922505308256554805051686,-1.73653770229432617841875088359221435095449214
378,4.44346068844270443882242270510144689012141521,87.1820560610640268637650206233055344990982167,0.0382472298563246770641965548677264007960663825,0.732232668690461928556853862598655630148748971,-3.08082079554059833852951523012088587048310321,-3.08190953402870104040838761492767656899280441,0.0459215489734004548088220358411302015568731180,0.00210550037949761749809413882443585231265893251,-1.73661152445839089145420243539503019834927690
379,4.44561743928692183052398605063957099628371482,87.3656179131859797360857536881300877950755880,0.0381618330458120580334958442815542270542475823,0.731819979967408476275431817092913736039191432,-3.08070460713283964893730883523965696216642717,-3.08179095295118790143678183078700330967040035,0.0459268848350341177808564854490274376275276019,0.00210025070732716071748475687035482718165537199,-1.73668516171966140340646563724774181058319194
380,4.44776869838632902121521735178547634134698473,87.5491076140042230528889325181272278186677258,0.0380768494912464739674722876795761647883274649,0.731408857957933104680468460085185952856239623,-3.08058892003011896181314418666620374861855882,-3.08167288454697982128519806797478866904242135,0.0459321982906208846193437482533799685053781285,0.00209502749878521697349524371620080777970769201,-1.73675861488276121471934026382973815795886130
381,4.44991449397111187154858587765736748279834982,87.7325254019496681153857381339322008978871940,0.0379922761097378077468473206869105935393060973,0.730999292291394418385080853480108549788195185,-3.08047373077973787153393350089127294099685957,-3.08155532528016355091845657363542633540777470,0.0459374894908491802400207456334757193618990459,0.00208983055311915016263873539294217369993319024,-1.73683188474777490329360973446946458675678948
382,4.45205485405326481794076301583945323312871977,87.9158715140369644822518304660231676196356686,0.0379081098494637864353822837843314047762301446,0.730591272694366592485912985242149894244170097,-3.08035903596170720211472187646247020174412603,-3.08143827164835775167571750560847578545307958,0.0459427585850102407690595388834902486603386541,0.00208465967160841884571911655448485763075577449,-1.73690497211027317648568797022132215707070653
383,4.45418980642883989844281058024079853942656631,88.0991461858765847255782007820869206403104921,0.0378243476892758203659115815434463364583791973,0.730184788989464072364518256264609901476603341,-3.08024483218835251613480992323117942002937548,-3.08132172018230826574035559784569210819675974,0.0459480057210146348539131176846730387691799539,0.00207951465753887421867715459696107304766807992,-1.73697787776133793143501312212715693795907189
384,4.45631937868016682281123639244559886155682566,88.2823496516867750884751816424795778669318325,0.0377409866383108677457386329639949199690444647,0.729779831094183640355303488658271346917808972,-3.08013111610392540032140292772315285567256207,-3.08120566744548931679144353774778959739043160,0.0459532310454085474492003265282166403861290082,0.00207439531617744777513288552857592902529152403,-1.73705060248758731772642773422992894937046129
385,4.45844359817804453357173514522796726353055165,88.4654821443053738727470553347947514197934227,0.0376580237356092170680464379735581953389045499,0.729376389019763546399802510160907980964275854,-3.08001788438422042832131118512709873816161232,-3.08109011003371053867548054915826898476587361,0.0459584347033898300977951270419053371607527017,0.00206930145474722177737611198042108192718804328,-1.73712314707120079662061551591410477874788400
386,4.46056249208390469683713646575804439000568618,88.6485438952014993555262469869573046378596152,0.0375754560497380818191843946256525624024757245,0.728974452870059405889931039993192450449153277,-3.07990513373619770315939925262392397478474840,-3.08097504457472973195918053078415618412336008,0.0459636168388238216490220960865398942526959297,0.00206423288240287579126721984042024091399275976,-1.73719551228994419130511509895078156208347762
387,4.46267608735194755377543916778834141096843255,88.8315351344871090047780922493122414247354985,0.0374932806784209041241820882007297398435373028,0.728574012840436573847624744566137483460566773,-3.07979286089761088380667644923207309463411682,-3.08086046772787125020111404948878571897331923,0.0459687775942589432793187820014216937263883589,0.00205918941020650267608222845684710605134259806,-1.73726769891719472283074056446000772932291175
388,4.46478441073125055591903021520970038440086069,89.0144560909284317351480110242224870031841782,0.0374114947481722660759064109970750628175336483,0.728175059216678710398376046251601824273722448,-3.07968106263664060216223170501598043687270887,-3.08074637618364991971290587790887987033701715,0.0459739171109420716058640432659256672488315476,0.00205417085110378755284780644321827921655072181,-1.73733970772196602660363868315877137578699393
389,4.46688748876785019995857498225804843964737955,89.1973069919572749177112514013895213393608792,0.0373300954139383095481813533374219138331536451,0.727777582373912258175062052936970865313448359,-3.07956973575153317859270757810032275696405647,-3.08063276666340039847061906913534529631287189,0.0459790355288336936104486764389772887594250054,0.00204917701990054340424048857427659116741556029,-1.73741153946893314450192746491500397486910039
390,4.46898534780679747027102211514506533618802934,89.3800880636822078297901115520037470231681306,0.0372490798587425673011555632317353898257481864,0.727381572775546557839400702509223972769732466,-3.07945887707024454597171651151964552117053954,-3.08051963591891188168497230197507235463211284,0.0459841329866228470192405136598427860090066321,0.00204420773323959708574399334298244385944549203,-1.73748319491845748787810598989526820613783845
391,4.47107801399418729018718323218932902751493861,89.5627995308996232041138813876822317546716376,0.0371684452933371101494224541812667720519032418,0.726987020972229333334598008388784401948955630,-3.07934848345008929392053453337512836078400323,-3.08040698073206806334617487901554963488826544,0.0459892096217418497140318204602983951544673326,0.00203926280957801965154179908888466868340871636,-1.73755467482661176689441057126422442288658908
392,4.47316551327916237590700528128642101866593279,89.7454416171046785102021028489010444956979541,0.0370881889558589168810291620562451671108225581,0.726593917600817283787380307172687207573274364,-3.07923855177739474667154353497021526727049842,-3.08029479791449226482643059897997120104727645,0.0459942655703808216820143828232204545951297000,0.00203434206916469501963944309293053841393604539,-1.73762597994520488181821906071707793149358309
393,4.47524787141589188001661845024844116512405131,89.9280145445021185749418067809351137445707332,0.0370083081114913754896797023033097426689707178,0.726202253383361524163679529418105545118007689,-3.07912907896715998965818631152672011214334541,-3.08018308430719764335153768751636173606856344,0.0459993009675020029440702828199073708484520374,0.00202944533401822111903089568888483812737467324,-1.73769711102180677207866878607078904301807021
394,4.47732511396552520474726595466883472954526813,90.1105185340169811238940646518859163319547520,0.0369288000521308261142387002209471713692403982,0.725812019126107621852710948971626428675865499,-3.07902006196271976158057622355282308841050230,-3.08007183678024239484345045062348793100178287,0.0460043159468538708359581534229277146291998073,0.00202457242790513777741249943795571153806146269,-1.73776806879977321905404292549072680424754979
395,4.47939726629812135843913635463999054958594460,90.2929538053051867998946480134729920792982661,0.0368496620960580578701392002809283781194455930,0.725423205718509981311924669229577194157598442,-3.07891149773541313030526808800849147215343127,-3.07996105223238986728909695250080370834276182,0.0460093106409850599525807593201877891628158867,0.00201972317631847572107121224080524395994244854,-1.73783885401827059872237751258436677380215231
396,4.48146435359455422212983625417583435816447876,90.4753205767640151909981987349847021343137447,0.0367708915876146735075260589323422705849182358,0.725035804132260333753118610747320861853643688,-3.07880338328425687253192687935375395096296715,-3.07985072759077350240806846070866443977203529,0.0460142851812580880027060834789682444861716386,0.00201489740645662116919435813758975344012478988,-1.73790946741230058046532310340530203769624897
397,4.48352640084839408677475054038523773243968720,90.6576190655424683757456819538252783989148210,0.0366924858968842375419315399973905746204926070,0.724649805420330093590589944571834743030326902,-3.07869571563562347869958055714340386178580494,-3.07974085981056652497388903345859998637206048,0.0460192396978628907600476212563538811778169642,0.00201009494720249061302717212202833422895079933,-1.73797990971272476846773194090565453320013883
398,4.48558343286776581532190307347185673537981712,90.8398494875515234701018411879647166954979054,0.0366144424193781251759605670314443293837296340,0.724265200716026348008217656570499779916915350,-3.07858849184292370611164448083065377141945764,-3.07963144587465630069129228727696842463328001,0.0460241743198301692364580820721891257369413101,0.00200531562910301047610187371022452034852741878,-1.73805018164628928230289809666551879076290673
399,4.48763547427718397770429036127077832561428294,91.0220120574742756372039319553313324981963679,0.0365367585757259909658114286669406307191929981,0.723881981232061250536383238975465195692471905,-3.07848170898629360473276683212269401539104982,-3.07952248279332328504610906154133642316443380,0.0460290891750445521441228094523124340595941926,0.00200055928434889645523596135842020934595914343,-1.73812028393564927343601397392376281523296141
400,4.48968254951936530077522273224949313184422974,91.2041069887759729982764130058406104909769794,0.0364594318113707777853993493939220441228340101,0.723500138259634593964151652278504327146178621,-3.07837536417228594155255506452386092986838662,-3.07941396760392448702581418298232075404709134,0.0460339843902575766560244148927492109951043806,0.00199582574675472744320447110705997081762905034,-1.73819021729939337451637587734219390786776608
401,4.49172468285701876929424948187332479008793203,91.3861344937139448606899598090674336750035429,0.0363824595962681882042857557492572603782651769,0.723119663167529342249585272226414269980867666,-3.07826945453356595082216950685146725665835250,-3.07930589737058137305828107818817273685493729,0.0460388600911004904175586419405494805468937240,0.00199111485173930903298616037363817747299333131,-1.73825998245206807846232317032930560064392579
402,4.49376189837461370827011128678996724469290261,91.5680947833474246571687655653473887180898071,0.0363058394245905419244213209729673593986069817,0.722740547401219905333818444163893019778209011,-3.07816397722861133885035838386814791217829685,-3.07919826918387213793461691790611063192954905,0.0460437164020968777069843747871239923185591247,0.00198642643630632170032056531359563325347318934,-1.73832958010420204447197402198104595410237370
403,4.49579421998012617128026516798898424040043265,91.7499880675472689685694335080110655466009833,0.0362295688144349444157382286530954726776757754,0.722362782481992944914884679570256746278867513,-3.07805892944141647339648544682636846199055813,-3.07909108016052827086984532463568985762087882,0.0460485534466751125883597771257987738534494495,0.00198176033902524885604381529659311078652542239,-1.73839901096233032821766532889432421957698725
404,4.49782167140676395381133840717570143925267734,91.9318145550055739814598491211119141523973024,0.0361536453075356933527057637036262509383502584,0.721986360006080503297505748339560246433008187,-3.07795430838120068902017470757921790518531473,-3.07898432744313534621339573163791041070677367,0.0460533713471806418477243230203134912614152074,0.00197711640001258005234676376862346400410156432,-1.73846827572901853360274994572963823381631387
405,4.49984427621467054519892399203311568560505731,92.1135744532451907109094416342032538693428550,0.0360780664689808508839001407089565905690860520,0.721611271643805251407305191967547105739514230,-3.07785011128212064104105538692424876622098135,-3.07887800819983796965055638865001559594996088,0.0460581702248881004515062065341374108277686261,0.00197249446091328471776885933862091855236571364,-1.73853737510288688357618132034759499911327969
406,4.50186205779260832738602757306212367704344417,92.2952679686291402984555668150505679289140426,0.0360028298869329111652195148776696614446425771,0.721237509138737655944323056304826758565841355,-3.07774633540298664202840496890714301844939983,-3.07877211962404881203694130453720853525613506,0.0460629502000132622154402285839667322923166240,0.00196789436488255188445337663053005038354221083,-1.73860630977863420761325018840636931034700186
407,4.50387503935962132346486940118269107703021056,92.4768953063699306751269058211635188222334765,0.0359279331723534939553624030302842552889025857,0.720865064306864869453352269717028425139577091,-3.07764297802698291597991246796071998922374167,-3.07866665893416166428128156650971449232016441,0.0460677113917248283226473692111373408998466114,0.00196331595656779145799102715201694003577194860,-1.73867508044706184358005220410518819295094472
408,4.50588324396667779381434621051713158149348315,92.6584566705387758596764836861889782625083511,0.0358533739587319964103258158426495365462591452,0.720493929035771150809503474872504145832615453,-3.07754003646139170656195386023590416564379938,-3.07856162337326844793813239272476091115498082,0.0460724539181560562809291270967892980774206588,0.00195875908209089266511521798666407483832088370,-1.73874368779509745180487735643851462823353931
409,4.50788669449829297259303500394864499863722424,92.8399522640747191427970355733398293162104147,0.0357791499018181365226919416376505361672946232,0.720124095283829627258494306100723978757617941,-3.07743750803732117697130671218759283352202309,-3.07845701020888011739202582123900109760993115,0.0460771778964162318617432477004650315006530840,0.00195422358903073539762776556997161421177401433,-1.73881213250581873928183599017850876372921355
410,4.50988541367413223239299475817507093216561611,93.0213822887936613890530185105762338381135458,0.0357052586793583229320636079664354925190175986,0.719755555079405212714359324835870758380002798,-3.07733539010943704014073485131327637512394377,-3.07835281673265139070881540801588476215896662,0.0460818834426019865167291871530591416409207691,0.00194970932640595025227198558894282987505044776,-1.73888041525847709203078275301607969684202973
411,4.51187942405059496000066739881532927372808786,93.2027469453972956695597658941377373618113393,0.0356316979908357870858646302670617235575153575,0.719388300520068500504446004189380854636240952,-3.07723368005569785914893430159826992112742109,-3.07824904026010924739905789880040641677205093,0.0460865706718084627220186921804877997644943091,0.00194521614465792314587292106128494973000978981,-1.73894853672852111373307577500490587572781593
412,4.51386874802237942144582145769906484359338276,93.3840464334819494200644484129475351394103661,0.0355584655572144149555089989068696040017212729,0.719022323771820452164509346286079936908402624,-3.07713237527709395880952127186105228272562309,-3.07814567813038513248284611322909911960969710,0.0460912396981403296558769221848086685590874363,0.00194074389563404046297309438464215720863916583,-1.73901649758762006885501734031396716428192729
413,4.51585340782402888984569595493793907726698995,93.5652809515473353010291231203900475552641870,0.0354855591206862167123124564279442385781538300,0.718657617068327707227204517871996118562691144,-3.07703147319738989050461957749893527217010283,-3.07804272770595080736612059607764164107849596,0.0460958906347226515714508712919492435034363699,0.00193629243257117076944656475311636819504456264,-1.73908429850368722856006437466115683307385988
414,4.51783342553145930496731215997114665197313740,93.7464506970052119185768515531318360435973152,0.0354129764444223739411040225268199284511216008,0.718294172710168342217018795572102146866764544,-3.07693097126287039339671196718441301559097387,-3.07794018637235778913570354264618769804231340,0.0461005235937116111835332908290815661433428944,0.00193186161007937920021319279456194597336355493,-1.73915194014090311779716915177695267112608292
415,4.51980882306346872893439818259374711949219617,93.9275558661879555477314184024042856375813521,0.0353407153123278051179094227172710385209180899,0.717931983064087910265351834349113687281126234,-3.07683086694208979619828692545327797983056018,-3.07783805153798032095466133207654661909510635,0.0461051386863050903462612281445488729018960825,0.00192745128412587070223680561546589260725671646,-1.73921942315973866203600650169315121013241193
416,4.52177962218322885809463308044530092107820390,94.1085966543570439822534921167959784051771998,0.0352687735287991912019229743050401233549373036,0.717571040562265595892674018323863212596252738,-3.07673115772562480470295556877890835973296770,-3.07773632063376181729164199239195333064194600,0.0461097360227531102575385695732898477560399953,0.00192306131201915838551238506604127565802070610,-1.73928674821697823220045424632720875182084881
417,4.52374584449975884673612543933712062221506132,94.2895732557114536185451799457505541896356772,0.0351971489184864042918433692372443299003599852,0.717211337701590322572051361863760910533292274,-3.07663184112583062128463499477429867857366630,-3.07763499111296472874806780269781270069773935,0.0461143157123681333856819947258740822391718063,0.00191869155239345330476448623446552696163663572,-1.73935391596574258642960643981626011590261815
418,4.52570751146938169409740195271151787024962055,94.4704858633959708645550152021472652597008331,0.0351258393260572833730907880259051460697915146,0.716852867042946653691365972551458659482595142,-3.07653291467660034355358480730083614712572742,-3.07753406045092377225599455838608994145837382,0.0461188778635352292743204005985572179237833014,0.00191434186519327206312692372764950132332847639,-1.73942092705551170737089927857744171972726160
419,4.52766464439716344195094269267664182499440415,94.6513346695094189483607745340379693839305264,0.0350548426159657022360018693284359106822419124,0.716495621210510330471787432900788335143515010,-3.07643437593312759032001998495614417242406406,-3.07743352614480247340756851735838946282242064,0.0461234225837221063429105015696961679262216188,0.00191001211165825869618653331627116597820763044,-1.73948778213214753378269956989911596721265257
420,4.52961726443833542595475124749328866360506597,94.8321198651128011851325829854173835197339931,0.0349841566722228756763548212516111613324762996,0.716139592891053293278927792802465407728750018,-3.07633622247167230395817112831334515451360332,-3.07733338571335296864479798429686715091985589,0.0461279499794890117623477861506398226936530997,0.00190570215430821736048484552588248832870308050,-1.73955448183791658529402507436269043229729938
421,4.53156539259969981995791976752663071365877414,95.0128416402373617454780714542983153983163003,0.0349137793981718510990349654303646414300163384,0.715784774833258035582068692136190274140267564,-3.07623845188932967918647597120576981763772461,-3.07723363669667901598627503842874379695067107,0.0461324601564985014480345982926225903719136010,0.00190141185692835241491326594655712520152039394,-1.73962102681151247923701198637454925194556443
422,4.53350904974101870851301058525717678615111471,95.1935001838925649527395703808145928129790194,0.0348437087162651336338232190565362038927942431,0.715431159847041142577274328499365268369892132,-3.07614106180380216918350597515409284192165590,-3.07713427665600216389598845313910295980302747,0.0461369532195250821763985365276551464049467349,0.00189714108455471254644148887298601743786718888,-1.73968741768807833853339194660535444307719821
423,4.53544825657638691898873511444800333865733681,95.3740956840739941216452365221437312113752441,0.0347739425678453938396751862266754422432933050,0.715078740802885869193453824341936532269365371,-3.07604404985317452084468980473069251987739608,-3.07703530317343102880890432580158846435307911,0.0461414292724647277952177841440218667367786610,0.00189288970345983565331621795798153172313174425,-1.73975365509922908967966156829115476340058229
424,4.53738303367558884088931214918861044555625281,95.5546283277711709358065109683442946067786531,0.0347044789129292080209425407898308646735511878,0.714727510631183614847831702363971798034868676,-3.07594741369569179185231163206981162340117105,-3.07693671385173363271898812872787979842944766,0.0461458884183442714631889716888755755512218804,0.00188865758113859125928789074556432120248896365,-1.73981973967307364993689148325248515342082064
425,4.53931340146543945627051277689092132650914001,95.7350983009752963468984009640691189916928887,0.0346353157299937821062446414449009053663232442,0.714377462321584154910112680265187617959711628,-3.07585115100954030308104613099300526221733635,-3.07683850631411275310822177125495606717887974,0.0461503307593306758199517095680464168476921869,0.00188444458629421729159630493829536900206038488,-1.73988567203423700289029712544568249218700677
426,4.54123938023110980149526460097435528497057079,95.9155057886869139639518781998920870271654351,0.0345664510157666109485880898921847477085423410,0.714028588922354491374141175502538109759570328,-3.07575525949263148069384303741440307190498464,-3.07674067820398423835034225818204621939089978,0.0461547563967401829542463890927871302872579476,0.00188025058882454811340038642684919276285556548,-1.73995145280388216160084547094518678119541982
427,4.54316099011743707699234505208167944364650471,96.0958509749234968870244097679800737946037172,0.0344978827850180257943046880878893240536616113,0.713680883539746187723279302456184825950189940,-3.07565973686238854309868164693535022506721534,-3.07664322718475824256089482388473228887773170,0.0461591654310473460050129955496485629881527416,0.00187607545980843075810066778746640649699768123,-1.74001708259973201862636426429325397737371057
428,4.54507825113021961816872708577667991508001501,96.2761340427269589255906053569624759491591564,0.0344296090703565835388719638713887800529689417,0.713334339337371055412251368952193449877472130,-3.07556458085553598873595927075232193448472117,-3.07654615093962333468614323009020094699272672,0.0461635579618939441980236417577594321853709290,0.00187191907149232636860250804703681515372580723,-1.74008256203609108224291439126476177378839498
429,4.54699118313749693717816811913578008623760035,96.4563551741710911283055961470704680307614971,0.0343616279220272522401219564823236271486261826,0.712988949535585061774989497014174817902000664,-3.07546978922789184144942772264938248775513767,-3.07644944717133343742779375803404896599938724,0.0461679340880977830890658145557295119681501597,0.00186778129727709389903014760232338524827460535,-1.74014789172386709824864157086082951752112361
430,4.54889980587081504186430417971769671664058238,96.6365145503689245373345757864255821322912057,0.0342939374077123481941492836319974243090272668,0.712644707410880331506196333103876445100433880,-3.07537535975416261096100943189838898808624724,-3.07635311360199755238873838914824459132350137,0.0461722939076613817537427838065703255926693909,0.00186366201170495318975216300774455505512296130,-1.74021307227059255678199811669027634186757292
431,4.55080413892647723487450658142631929528805829,96.8166123514800200672085458724367942466076186,0.0342265356123351806968041068006333952898474156,0.712301606295285116155020777371677182351800455,-3.07528129022774092672186191025855834361478175,-3.07625714797287222859746866164917688493917008,0.0461766375177805486336184530722394593309701963,0.00185956109044662457884292879918709522654835205,-1.74027810428044608363417502177169223673938437
432,4.55270420176678059267978899074829907892145115,96.9966487567176863951544249316854019063205088,0.0341594206378663614143946776046874149855270868,0.711959639575771608313497503139698582403715602,-3.07518757846050580414905949994503575576541365,-3.07616154804415673232580769289899552923284025,0.0461809650148528477186926683040998889531793025,0.00185547841028864226430684605430659055704694892,-1.74034298835427371558186315272511322320815834
433,4.55460001372123832103485906058481673101063108,97.1766239443561267370530995129240103509481310,0.0340925906031327360715129236181131122831820937,0.711618800693671479381280119348263517463065918,-3.07509422228262550297955959457741065946905992,-3.07606631159479087685649815974758647937512003,0.0461852764944859567170365079632580326590915784,0.00185141384912083868155628995232193917014442247,-1.74040772508961005931112229795549285959459335
434,4.55649159398778818026976026838384201051272870,97.3565380917375153705976061940606002306521430,0.0340260436436288969321105611546724247500587992,0.711279083144099021942724355358919876202508666,-3.07500121954236293818104363227880613242933202,-3.07597143642225547158430446644298039130861954,0.0461895720515059188338325355134054558971548327,0.00184736728592399720978379906187148645156905308,-1.74047231508069933354622895104047276723982631
435,4.55837896163398717071924368133533141366666555,97.5363913752790047548514084760292074339356695,0.0339597779113312353024586214157486402825888727,0.710940480475381779903549380103761971911717144,-3.07490856810588360455308987984819031012801970,-3.07587692034237535054696550882410081303926131,0.0461938517799652897540398937222768690422370178,0.00184333860075767056902673920075076517097610487,-1.74053675891851629403894718269373047357751256
436,4.56026213559819266556687096020016808405829867,97.7161839704796640832397319957532900048077291,0.0338937915745144940217769913053957509873795200,0.710602986288498551603095313717741917254368118,-3.07481626585706597683225633906791353281185385,-3.07578276118912494118088996277908641586515040,0.0461981157731511813954262518973533594938197174,0.00183932767474816231691072558112480466873230802,-1.74060105719078704111376937805953564590441198
437,4.56214113469073017540673059119946248344384217,97.8959160519273500950412874439326543511543959,0.0338280828175707806284706277870936142618303280,0.710266594236524653145552074973475061375598558,-3.07472431069731434778133140773893752097109955,-3.07568895681443633478123068828657290155906363,0.0462023641235932039717660680717624632035040774,0.00183533439007666890029813407603731202293162930,-1.74066521048200970950335111453615641782304357
438,4.56401597759504792590542673211434050448283573,98.0755877933055109586796662085400484826963189,0.0337626498408310025973948550425514666587343409,0.709931298024084331180384426716678110827220455,-3.07463270054537406739654323513798313645671814,-3.07559550508800982081721286483805535303933864,0.0462065969230713078795857702994534061567706335,0.00183135862996757976238120030781136447947228953,-1.74072921937347504024566170915967162778185872
439,4.56588668286885842707957719920887674162548372,98.2551993673999240285395413734401742388025765,0.0336974908603886867367245063370954349249950574,0.709597091406810216309423130113210418082123190,-3.07454143333714914700719485575571643325775665,-3.07550240389712684791161869154808547027056320,0.0462108142626235268959299452079419885601651152,0.00182740027867693305016610152520487279121009736,-1.74079308444328683445033225734805910931514134
440,4.56775326894526720988836179482007364438246199,98.4347509461053682656489258508966328534217852,0.0336326041079261455121433250571947062474424847,0.709263968190809710206613007988224634638490761,-3.07445050702552219267029300369088480332565870,-3.07540965114646537493843953830574172715644602,0.0462150162325536241492173696345114897481735016,0.00182345922148102451081514549928531716971979822,-1.74085680626638228877634824838247869403610229
441,4.56961575413388890307564632081987597751691881,98.6142427004322321013715851776735378211691597,0.0335679878305429537315156999213089774955761784,0.708931922232138201407064369861604432230388915,-3.07435991958017663287853903103445482255402890,-3.07531724475791757632517696624405432628430623,0.0462192029224386423003409185438154250030468948,0.00181953534466516720796836783065194740579842804,-1.74092038541455221249664470119211447250061145
442,4.57147415662195082048084673307748621913184678,98.7936748005130575122398036735764686214754784,0.0335036402905866996752594120108697537545275463,0.708600947436279006555682577773369381770443145,-3.07426966898742120620381897558021474340983656,-3.07522518267040986626638287551486561429654028,0.0462233744211363593467304727768088343744663370,0.00181562853551259973097260231975990730344085077,-1.74098382245646112605735757466946222896283822
443,4.57332849447538422637099043086225797341862261,98.9730474156090210632236601273198453756083447,0.0334395597654859753966049856126243057803089921,0.708271037757629935703068994906387437478418793,-3.07417975325001667509032848991216689999281948,-3.07513346283972520716304537979574379014419767,0.0462275308167926514381326273878308028690237352,0.00181173868229354061092411251316945891490156577,-1.74104711795766724107050410249437220534797963
444,4.57517878563990344372739851348689519513309382,99.1523607141163526660754542271378117793215552,0.0333757445475855715420964692203318648617964830,0.707942187198996381998392716908091247494779568,-3.07409017038700473259195271365807143811521430,-3.07504208323832766819861358342709305909293255,0.0462316721968487640693552033518746820735022479,0.00180786567425438669759837846913072672599957598,-1.74111027248064232170874363000534496660595311
445,4.57702504794207296784809670098771109668852797,99.3316148635726927889036776831722330605459554,0.0333121929439838426563448718097087361451472600,0.707614389811090837856304523122007570028257888,-3.07400091843353906941774078116905690983953268,-3.07495104185518920054706769061609351292418917,0.0462357986480484929921684680012487669572106236,0.00180400940160705329071540351941236652544699032,-1.74117328658479142749964528885748067109974622
446,4.57886729909036274510052755311600824549463511,99.5108100306633888428167517173701265637418303,0.0332489032763722095364669147862310882490548360,0.707287639692038741368461726273921199510410512,-3.07391199544071856920751308525134950655185573,-3.07486033669561859628173112206812096962459515,0.0462399102564452761659389800430442214913201318,0.00180016975551845385758829530455458514586655853,-1.74123616082647253754459412173599550332478300
447,4.58070555667619177417746747708473558080052826,99.6899463812277314613295283473267922701515923,0.0331858738808767657910993177170516174476818413,0.706961930986890558390596008795517319883661799,-3.07382339947542260050705443598615087576570271,-3.07476996578109259861573290120544728946225417,0.0462440071074091980443867264399086803144527061,0.00179634662810011720704382045707697254452999901,-1.74129889575901605621413667630872207694860031
448,4.58253983817496018477135392646054540723883744,99.8690240802651313782422138946916017913956283,0.0331231031079019563366369965029682317052593191,0.706637257887140007364009001004947945639781502,-3.07373512862014837444920998038647566354785811,-3.07467992714908913165640003683118238056383672,0.0462480892856339074740925636892226136921706494,0.00179253991239794002660266361566840544800555784,-1.74136149193274420039723319565181220502721345
449,4.58437016094706994618762609575147720288590032,100.048043291941237599878919391114116208986576,0.0330605893219762961296603664286621013932792947,0.706313614630248335526627965953059999037562264,-3.07364718097285033767373979488565576657063896,-3.07459021885292261839662384822903005891149813,0.0462521568751434504590319822112893862854602397,0.00178874950238207272628037397925392216062446929,-1.74142394989499026840657790419818180120864842
450,4.58619654223893435606532055848921294136384437,100.227004179593997557908535353931199402321270,0.0329983309016000979896442004003737875348308973,0.705990995499174556733985246870612019107600983,-3.07355955464678157053522367535741733935926611,-3.07450083896158135619662851502824691573564447,0.0462562099592990190244641554925946987985765842,0.00178497529293693656803320606030386651416952574,-1.74148627019011779066590211042081652880544046
451,4.58801899918397645706220478005494303850214501,100.405906905739659919461189028384045752139013,0.0329363262390951789102238914951920429887752716,0.705669394821911562645372343343691020518916036,-3.07347224777033716115485584986791358832070856,-3.07441178555956691952979657931754982389356761,0.0462602486208056173929535945673110106876813321,0.00178121717985137009484163009846791331944771347,-1.74154845335953956232801656152198374760289967
452,4.58983754880361652709135775165966144469751972,100.584751632078720721896350511426167245907618,0.0328745737404565147907742723824419927569380365,0.705348806971028020535618779729307487020277097,-3.07338525848689952636884105822632876536709563,-3.07432305674673556027649144051114644696307552,0.0462642729417186466651371808222870701862912295,0.00177747505980890290771321063138854773819046587,-1.74161049994173655799430841785337328461571884
453,4.59165220800824878646551757883482189521145475,100.763538519501813490370947335507707371179396,0.0328130718252058140430653389577565511678861671,0.705029226363215972469097832415622173359139198,-3.07329858495468565111350465049064621080776315,-3.07423465063814157635037272556907834055299230,0.0462682830034504091780637666226389607697286254,0.00177374883037815487251048179195499151339519124,-1.74167241047227672872751220608003494503213686
454,4.59346299359820746311392767297721341441374490,100.942267728095543987294918249101435981731291,0.0327518189262469810405266731923710267306993925,0.704710647458844052020290968128004089844696333,-3.07321222534659621826536119243938211740609697,-3.07414656536388261993273348269599646566435305,0.0462722788867765336945189728022911290259437076,0.00177003839000335887148269093135236864672996364,-1.74173418548383368156985014263389273500192661
455,4.59526992226472235488306028992776627177635099,101.120939417148270233844833979884679838953819,0.0326908134897234408804009445516116713880272734,0.704393064761516236145160945025845619871634100,-3.07312617785006660142344495970847993090766130,-3.07405879906894691707210029037547492994750456,0.0462762606718423225576965170865780123089200537,0.00176634363799500524671680613633146241397214518,-1.74179582550620524179811144427144440233510384
456,4.59707301059086402581672927296639816683991116,101.299553745155828434930937125558685720148866,0.0326300539748772974220141397242233557945906590,0.704076472817636051200285913100172198759596629,-3.07304044066691969358138349581997852376154424,-3.07397134991306237087892573455159580063367472,0.0462802284381690219268817993319405335430908752,0.00176266447452060611443662685123673114481215477,-1.74185733106633189816593800733981816921840211
457,4.59887227505247877123199001327254059967312383,101.478110869827205430376658736422829195106111,0.0325695388539102970477484809270569141496061698,0.703760866215976153472775405821086300259912305,-3.07295501201322054508817947370215194602048455,-3.07388421607054752100885982852405111568931079,0.0462841822646600161914661437717518175377945720,0.00175900080059557776018251806810574389996936474,-1.74191870268831513140152970909667330037018138
458,4.60066773201911348436414676097526483274223573,101.656610948090158286569860550789788859398979,0.0325092666118465710672806378389023829013903252,0.703446239587253205923992004563535245820027837,-3.07286989011913278473963944935615379567128520,-3.07379739573016433258300089783866106482470938,0.0462881222296069476426038209246569411600513143,0.00175535251807423935541121276901890139638682718,-1.74197994089343562624620037571960526101847593
459,4.60245939775493055534644394574943660016253688,101.835054136096781634479284169400610754921284,0.0324492357463971301504451829029383911123601546,0.703132587603707974164594476183879510765745173,-3.07278507322877679827702949741422484111424757,-3.07371088709497278813988092666100828372806788,0.0462920484106957624641516738508377243764573055,0.00175171952964092626597799525978016176980009131,-1.74204104620017136733572825395917012811324298
460,4.60424728841961293131692268925304619215411173,102.013440589229023351695565583382156561093959,0.0323894447678260846298988492170713211877514031,0.702819904978690565967941102768586163979153255,-3.07270055960008963899602179996467718997341896,-3.07362468838218725665191480936384269915425124,0.0462959608850126840871859480024844955321816039,0.00174810173880121625231479366536236024658519825,-1.74210201912421561924227499003829069853992247
461,4.60603142006925946450580459542130567651604070,102.191770462104149178051347121364134671070502,0.0323298921988185649617879128537062615527915923,0.702508186466250739893974821158285202861460580,-3.07261634750468664558749361652644348142863514,-3.07353879782303461406881267151278996742603844,0.0462998597290501149353660215129706272383017719,0.00174449904987326688990938783798218718371376220,-1.74216286017849479100981634769482771710605090
462,4.60781180865727067325096501274671283418971947,102.370043908580156846397187564037336928488476,0.0322705765743503170710472697196097137511347037,0.702197426860733209836871382954204471131669992,-3.07253243522772474274241735641828646530820163,-3.07345321366261409027219067655760372787322450,0.0463037450187124675717035575184895893671153299,0.00174091136797926256693491200690667856283327180,-1.74222356987318618553055720999897130923678051
463,4.60958847003522503901593419935504814931068533,102.548261081761140302256879157872181425846103,0.0322114964415589477379694049755158286035629372,0.701887620996377873527472698241657758860842163,-3.07244882106776740045610053362443679870822865,-3.07336793415975881773948583686296004437583979,0.0463076168293219262408917059072226067950907006,0.00173733859903696944358665764413759120226113283,-1.74228414871573563412371318579664627083888281
464,4.61136141995374596064378787906539680025845786,102.726422134002604578355216568919083290283445,0.0321526503596167956044540301268712092198522450,0.701578763746924894216342760534440908567638722,-3.07236550333665122836255630022999736932641228,-3.07328295758689905762144777786959462797172619,0.0463114752356241397852460687149202751711090547,0.00173378064975139678486615136967036998574709489,-1.74234459721087501669135113671939073156538627
465,4.61313067406335948527064269110106261419316284,102.904527216916731882401060253014982125025396,0.0320940368996054037920600451523066557751573626,0.701270850025224565935654544801376495171789342,-3.07228248035935418181796447588174245446788687,-3.07319828222992707933610489519569984301406847,0.0463153203117938468965010536543195164816033595,0.00173023742760656310522162433890298524304865251,-1.74240491586063966783871030582723723298550523
466,4.61489624791534293354365427297771158127164486,103.082576481377599449016570899320845841276547,0.0320356546443915705298019206833001088233489056,0.700963874782851893888513349634867091631693504,-3.07219975047386535683317141364129945170403432,-3.07311390638806367017333997850524247746365446,0.0463191521314404346501859553325309053152367670,0.00172670884085736558962007800894456550892220700,-1.74246510516438566935859302987390710177112400
467,4.61665815696256453503983626215307875842769429,103.260570077526349699327680033463650580844125,0.0319775021885049545877298375862246314123950425,0.700657833009725822643204672206518666295002283,-3.07211731203105635132912309965370692326695271,-3.07302982837372625178821367537733208358522595,0.0463229707676134312540687404339779361281572634,0.00172319479852155128129971293217953031046495646,-1.74252516561880702949103725245811062624468524
468,4.61841641656031418806309996613051160191968612,103.438508154776313244469163021028127217587786,0.0319195781380172127028703186227726078844388101,0.700352719733733045917671717595998493456735486,-3.07203516339455417055617463064222677209586038,-3.07294604651239858083809218454686589836137179,0.0463267762928079339271963205558344191850914618,0.00171969521037178855164280685404327115481897503,-1.74258509771795274938057967391529308852200192
469,4.62017104196712545630709167186611095818394066,103.616390861818085262108093150912282726813918,0.0318618811104226465672411895848407474665963199,0.700048530020356332826717579876376709400511152,-3.07195330294061565487851241146309675225614047,-3.07286255914250201138861396732538848488209335,0.0463305687789699728113724524325385520823894729,0.00171620998692783739232825464712738851651529796,-1.74264490195324377716400529213076703888082182
470,4.62192204834558891321012432820788364142000136,103.794218346624555768050016974216284260685453,0.0318044097345203373235473623228558421265551371,0.699745258972307306531418448827228200120858229,-3.07187172905800340847860161531221399178750565,-3.07277936461526829707671141452777595419624599,0.0463343482975018118024928136963647117637015626,0.00171273903944881709417973430383230563124556400,-1.74270457881348985013157270689079868872687169
471,4.62366945076315694319522109276842246832874772,103.971990756455894298060977766597843183187551,0.0317471626502977458829643765593319719393750161,0.699442901729163612277445534212187391304794434,-3.07179044014786320788376607005260127435990158,-3.07269646129461391137542645050849616818441270,0.0463381149192671871749958895038193948717104549,0.00170928227992556990092943493180707656247900370,-1.74276412878490622541432077922582631049075240
472,4.62541326419294010738247983831325349237595574,104.149708237864489508213639546534141322860807,0.0316901385088157577412735898605081296943271410,0.699141453467010412836833828975836167686308421,-3.07170943462360286955785313914434756689706818,-3.07261384755701586465526000305628997366948073,0.0463418687145964848587828174220401465823790024,0.00170583962107311924947785041135995147019029341,-1.74282355235113029965921647210698495302741684
473,4.62715350351449517978211114934300645727793110,104.327370936699844195345378923566323167687670,0.0316333359720951513246716542764049148110332587,0.698840909398086150376605091310186552181607701,-3.07162871091077255613556173893977934032455882,-3.07253152179138899708040706281983700767276297,0.0463456097532918572143041378080437610682025997,0.00170241097632322123115646883239059724383100207,-1.74288284999323811816261089583450522980203800
474,4.62889018351460495842408947084760314971981818,104.504978998113426232598502513391855433257979,0.0315767537130044692449794089506006060810169973,0.698541264770432514767941151865257476086310162,-3.07154826744694650120554385357180304763830036,-3.07244948239896472671558165667326102653962800,0.0463493381046322801381014613653276945013887322,0.00169899625981700793100122785009002382869092354,-1.74294202218976077394074523131942023521188048
475,4.63062331888804995435389038952053511608573990,104.682532566563475908495935252728597492229392,0.0315203904151492721858602357017749913361667336,0.698242514867548559321693612095868043936054933,-3.07146810268160613287095241732730430102883144,-3.07236772779317123255035651044292209497072125,0.0463530538373785513179224826493216648716762224,0.00169559538639772132412911171149627101648051323,-1.74300106941670069722390435685527843678894713
476,4.63235292423837205992277940777570303272557018,104.860031785819770151588065603454681090874017,0.0314642447727627554771607763358289056134464263,0.697944655008048905890280305901619636790103619,-3.07138821507602457663282210979110381444196140,-3.07228625639951505247315467995598414839453313,0.0463567570197782304435937345316277091943503111,0.00169220827160353642998679114591106482484375009,-1.74305999214754783586826728095356579983365463
477,4.63407901407863029632509203288862281575859276,105.037476798968344116386216959694827730426568,0.0314083154905977087437401047138005503091933849,0.697647680545325982212822224117203276627573194,-3.07130860310315251845265263079076276850838645,-3.07220506665546407654635641493501729722335527,0.0463604477195705221671322964135100430514537036,0.00168883483166047244651711389503345487714159070,-1.74311879085329572718656309296532832513244792
478,4.63580160283214873888343448107108277108344118,105.214867748416170600073763132011803260313610,0.0313526012838197993382863704068651355846049697,0.697351586867216235300073395153530555237277050,-3.07122926524750540915593193776449849276382033,-3.07212415701033191624754271221881489641315900,0.0463641260039911025931007440162059168243347075,0.00168547498347539060717471451251030278556071979,-1.74317746600245746170532189038317557546345713
479,4.63752070483325671715528141000576656820575318,105.392204775895797753355574408683162011783408,0.0312971008779021605847590249046990381447903889,0.697056369395670265558638893597370285049972834,-3.07115020000505199163820271702865939786885404,-3.07204352592516363064980349820709119868049945,0.0463677919397768900679544674237139493722836246,0.00168212864462907752422401674412729321009375334,-1.74323601806108153936282444334101315523765784
480,4.63923633432802138553060393053693604188800297,105.569488022469945542768655789416060146725305,0.0312418130085212661703635735134699492418565046,0.696762023586426827240503301143481412739353920,-3.07107140588310413262974949622648675661186527,-3.07196317187262279081640666517284144774189388,0.0463714455931707610250926916878449732919539883,0.00167879573336941280187926078355738458803445731,-1.74329444749276761866781425183531894557730605
481,4.64094850547497275860948904739023318748129132,105.746717628536061415829937862041138060993787,0.0311867364214540723294851320983129018599819418,0.696468544928690641674336523316173857892840582,-3.07099288140020794106417431667200011768823513,-3.07188309333687986398206526923345362793689966,0.0463750870299262116304998117649967801903211775,0.00167547616860461972260453674814514742470688282,-1.74335275475868215934465281256474854455450982
482,4.64265723234582130429078102002697699024468485,105.923893733830835614539651010392301209384047,0.0311318698724764097628949408945610094304389144,0.696175928944813970589731373821389650906353757,-3.07091462508603615538014141414227267995980419,-3.07180328881350189938466262436614281371260171,0.0463787163153119659622477956482327226176307511,0.00167216986989659782928961014355866269017064003,-1.74341094031757395899588465824189859979054035
483,4.64436252892616818616716513490964586963056125,106.101016477434676576989032378253454032933114,0.0310772121272626075299157657492737225607194637,0.695884171189981897684776011356737800619837926,-3.07083663548128178236450921937123215193097974,-3.07172375680934349789770494908877796064485672,0.0463823335141165314457193026295247528039198916,0.00166887675745433624506188388333149574171310170,-1.74346900462578958431814403705399035050935503
484,4.64606440911620824550841289367283682709771120,106.278085997776146861137788436547262979819697,0.0310227619612863314402005688167089455253747934,0.695593267251901267411485296469040602293493895,-3.07075891113755297041903222724584829686940625,-3.07164449584243904789507245727136237107698077,0.0463859386906527022552007833742655086011112178,0.00166559675212740659119329132146971204743675830,-1.74352694813728869741199060447255615435598792
485,4.64776288673142581182231094458726442327018526,106.455102432636360019228298656130114027000109,0.0309685181597226197554541886907665668598549163,0.695303212750493230762912656294516197979989799,-3.07068145061726910040190472102078563367938598,-3.07156550444189621005593386985898841876644332,0.0463895319087620113814812378467089045002453644,0.00166232977539953438192023411870689255271782243,-1.74358477130365927773061752138130824196708520
486,4.64945797550328342971170876650312367737413280,106.632065919153338845788560009176116222508065,0.0309144795173510992899177934783073189724778773,0.695014003337589348640535581087948893927197747,-3.07060425249355807745972963477751657988880043,-3.07148678114779063408907557349039319774152389,0.0463931132318191320542716541918669559268242185,0.00165907574938224779302169145033140589478906973,-1.74364247457413274021644189560137361208267624
487,4.65114968907990358849575477172493543713110253,106.808976593826335416742927344232975892722040,0.0308606448384603652718459056812526882570955185,0.694725634696631204161044320990289242463626798,-3.07052731535015480752512354118601525043795519,-3.07140832451106189062247220729467928134515512,0.0463966827227362291976286677114665516943932684,0.00165583459680860271870200613607794248281161672,-1.74370005839559895017837426851883134220150172
488,4.65283804102674353983336763015707547501284774,106.985834592520113331797417274762900673050305,0.0308070129367535085966388371836979819571673541,0.694438102542373476028249170813513997971531683,-3.07045063778130084241020534745813305231339316,-3.07133013309341060176578534339645480031954135,0.0464002404439672615861199765155313557831550046,0.00165260624102698304870712462533568768557777014,-1.74375752321262113546608024014673132524449969
489,4.65452304482726328737693744498542459511561427,107.162640050469192566993355339160314024283126,0.0307535826352547743658501116580709684396639279,0.694151402620590425848735119901028112293022407,-3.07037421839164517767675224217990554883782679,-3.07125220546719675411071409387023746969922561,0.0464037864575122353592049210135809323132889251,0.00164939060599497511467261366812561194506228329,-1.74381486946745069650080246432135023060417695
490,4.65620471388358683129380568177189460268094375,107.339393102282057339128125619592354497577684,0.0307003527662173358650673449916668993604158244,0.693865530707785753009405678480810272382745563,-3.07029805579614618770993026620798906192257651,-3.07117454021533917818682686143895790773963058,0.0464073208249214095412178472737734083566014430,0.00164618761627331527146483902026778025699473822,-1.74387209760004191472531397349493126466228317
491,4.65788306151715674932187659015391744303633343,107.516093881945327378623421541770504022645012,0.0306473221710321683877623701070221621317089244,0.693580482610905771461436473628188474265036030,-3.07022214861997468266430517014828140837369717,-3.07109713593121617863876601579435426503098833,0.0464108436072994542044309741693189331134736045,0.00164299719701990959573937591186303316768244347,-1.74392920804806656003833268370706077323374708
492,4.65955810096938219487341658896783886485732072,107.692742522827893002378413500316347991114447,0.0305944897001380075617162655088088422382346851,0.693296254167055863468664009716267938391486153,-3.07014649549841807218839668407807091091639985,-3.07101999121856729963462405972397564187380231,0.0464143548653095619029340897258821723349161678,0.00163981927398392470010899892605617158651316635,-1.74398620124692839778125029819511775386960507
493,4.66122984540228039156735908692904910125440126,107.869339157685014373176384528666359452960589,0.0305418542129323770796394297885995428416499017,0.693012841243220166079320392831337556711750735,-3.07007109507678562106743884821375488918856170,-3.07094310469139621025492600746959357435718358,0.0464178546591775129954972038657305144048563967,0.00163665377349994867719331167932690819402474672,-1.74404307762977759584732473345770288430405970
494,4.66289830789911170245491474818568920640993046,108.045883918662385327317404208818751501286501,0.0304894145776836709762159581733582249106176135,0.692730239735984446768539854871269144224882418,-3.06999594601031478215333173649909065259130921,-3.07086647497387469484710155497675664880128521,0.0464213430486956954661760439251265875034332588,0.00163350062248222120341893826991175232771874091,-1.74409983762752503248556145007872955484567108
495,4.66456350146500835110566228990637526115538528,108.222376937300162147325301147468641339837236,0.0304371696714442758300933601969571613924070557,0.692448445571262125375451188202519852680404667,-3.06992104696407859217609510520985367868167433,-3.07079010070024773356167370904334065600738566,0.0464248200932270798421758258005290308171142285,0.00163035974841893184775879860810024839024824203,-1.74415648166885650537337326026282136043884986
496,4.66622543902759687064124011242160285446638635,108.398818344536957651823365913428554684681863,0.0303851183799647185013992126844685693155726895,0.692167454704023400123170030593308637615387950,-3.06984639661289411625253986949660974013137161,-3.07071398051473965851370764111238075052098291,0.0464282858517091497994029644478456256278694044,0.00162723107936658564564679688103431715320411971,-1.74421301018024684253376765234357186435850917
497,4.66788413343761435574095845126205748978234233,108.575208270713800969988701685921458232784978,0.0303332595976088252432798836290555640871043605,0.691887263118027436162849470615218039346479668,-3.06977199364123192712543484333299768058149518,-3.07063811307146137123643271404374038550372272,0.0464317403826577890372042654435658689851265323,0.00162411454394443501308561650229100681686222527,-1.74426942358597391567427254347791720578207983
498,4.66953959746951859159779564826601738701798969,108.751546845578063363378792968581278693974395,0.0302815922272698782498053607437555300699456522,0.691607866825557575724364779393105196617275533,-3.06969783674312660538023823967751620909344806,-3.07056249703431860731344830027459172624719007,0.0464351837441711249950156912608212820017458567,0.00162101007132897709048547026151777639376070949,-1.74432572230813255652608255248866633532193308
499,4.67119184382209213277402707477884393105810596,108.927834198287350453374558717111878394056398,0.0302301151802877559224490444034220845385982692,0.691329261867159529586421393998797200440395221,-3.06962392462208824709655879884263661517195536,-3.07048713107692123429162494111720984015668784,0.0464386159939333299750151112989804548468792813,0.00161791759124851562003572239502882165891981205,-1.74438190676664837676299507222447315812075506
500,4.67284088511904040389286374351107634509899393,109.104070457413361208000790987931098964317540,0.0301788273763670433533109325364799768936506379,0.691051444311382510198102950619421962688172802,-3.06955025599101496559798132607693116339451594,-3.07041201388249356918878977144781297657671195,0.0464420371892183802263926742094978806203980289,0.00161483703397778647442429103646642449937257916,-1.74443797737929149208061510775895987622915507
501,4.67448673390958389310565815557306508095482548,109.280255750945714037466369937864843953336603,0.0301277277434960997353840339970032065970242278,0.690774410254523267392331866020869241566737365,-3.06947682957210637416680559313654169152611572,-3.07033714414378570211861057876643543115028993,0.0464454473868937735385157951497229854107855874,0.00161176833033264596848655837428618108811677423,-1.74449393456169015101704632828608326962231280
502,4.67612940266904450829318165484098495243676718,109.456390206295740343411926793911961003621233,0.0300768152178670696185425219900892290622777959,0.690498155820372988229607782719683273492811027,-3.06940364409677803678967423414945646127133930,-3.07026252056298581275983648885046257985105669,0.0464488466434242058820704981543223545734951071,0.00160871141166482109889096006264430564463488365,-1.74454977872734426909685915981312819703131149
503,4.67776890379942616499391035753732266171863686,109.632473950300245862560653872101674650512547,0.0300260887437968251346298705631341346220243037,0.690222677159967023097923737993348377888346229,-3.06933069830557687419607124065190493341375234,-3.07018814185163346659828369670181785514647743,0.0464522350148752076292043208054994950303611164,0.00160566620985672087025719050974684811190466909,-1.74460551028763886888054093967473947180357627
504,4.67940524962998967410190096779809622228157296,109.808507109225240141237709567493725948233699,0.0299755472736488265161181993520437286482829548,0.689947970451337400772136427912278354678386337,-3.06925799094809751264432332125709282904378307,-3.07011400673053387806773906663932280651888986,0.0464556125569167398757755565494676625998035943,0.00160263265731630787915964178606995059255273673,-1.74466112965185742650189389888092119546922776
505,4.68103845241782199644142426021138323653158712,109.984489808769634473054129896489404883981107,0.0299251897677558884303669206833385802640713040,0.689674031899268095703481382830238378115444106,-3.06918552078289956309909574715634664258675659,-3.07004011392967312791035856881235980647139233,0.0464589793248267513810267155936344066189864201,0.00159961068697202934029778824951457500493197006,-1.74471663722719512527595959558669539657629736
506,4.68266852434839993040478877435072806725835332,110.160422174068908627941348424431052587266751,0.0298750151943438398455986531218742233217260780,0.689400857735053011367568047006638076832424940,-3.06911328657742581863050501862233999933131319,-3.06996646218813432226822577746972686908481652,0.0464623353734946966323442178372838540117175456,0.00159660023226780675172113805895925993421215137,-1.74477203341877201696001878381838428483954212
507,4.68429547753614829793347156303372854026173269,110.336304329698746696671373006898397550689304,0.0298250225294560653354008650520927746211177551,0.689128444216256644047251385008139515484975035,-3.06904128710792135804793410779878581651598708,-3.06989305025401468120557105391739115233730028,0.0464656807574250155352390323037672344975797371,0.00159360122715808340838340453187250865028098488,-1.74482731862964609125004879244926644114312821
508,4.68591932402499269323052296526321329802177624,110.512136399678642371004418076339174866707609,0.0297752107568789159159190182514334980781053643,0.688856787626477391965439464574327480211279509,-3.06896952115935354396149222223765574670583615,-3.06981987688434354454579627869397091701409048,0.0464690155307405752212818394950697502923741292,0.00159061360610292898547292145529378027066540431,-1.74488249326082625409472137680043097646488362
509,4.68754007578890685771397958870389363551769651,110.687918507475473975669409840976698553530350,0.0297255788680679776939958549061275099759193533,0.688585884275113475212340345848953003285846516,-3.06889798752533290364086879920906728849051439,-3.06974694084500128308896349730542991217439201,0.0464723397471860744594489581452051036342950137,0.00158763730406320042492816442070663387477368970,-1.74493755771128521540859760051831489930655811
510,4.68915774473245474385646008338185563718546147,110.863650776007049564502350269297475212046901,0.0296761258620751867853952883602458888836881861,0.688315730497131432432052599080600356028720904,-3.06882668500803488121514836317173553216454274,-3.06967424091063910345384775535626744712439694,0.0464756534601314111491794367740818126143540460,0.00158467225649575837030258529489588202390699963,-1.74499251237797228676562736939872003104593133
511,4.69077234269132732970499270876758632220770504,111.039333327645622389242142226679924117730431,0.0296268507454767791399901425441811351289472932,0.688046322652837160744934226224872507462547974,-3.06875561241812244992803533941740962292622247,-3.06960177586459973496408264354669477818862842,0.0464789567225750133664071015118929800278124502,0.00158171839934873840669577417320891697328485274,-1.74504735765582608965339438641021067502423858
512,4.69238388143287424503719762236754042600358109,111.214966284221377045712256973130652771008852,0.0295777525323020640854514416454087116655772670,0.687777657127649465885013401258601646085594689,-3.06868476857466957333094112558354378894180889,-3.06952954449883898717039836824841282066929959,0.0464822495871471344269117595877278484499178522,0.00157877566905687637382210449582910618766871348,-1.74510209393778717486776700146476634893868460
513,4.69399237265663026928499027348778299405636742,111.390549767025886598398696708056073459092069,0.0295288302439630105726124946418133811239013245,0.687509730331876090025996453467768073026085478,-3.06861415230508550446156374418830223138919873,-3.06945754561384816677052205006327017103562829,0.0464855321061131124245290127631943850380257165,0.00157584400253688703144728305003857972657673760,-1.74515672161481055362672602618309139023432933
514,4.69559782799483676054475974063551280816594383,111.566083896815540980769214851869307278102038,0.0294800829091846352743518035093843066493912366,0.687242538700492185255345621852295663590864701,-3.06854376244503991221799617918344706203843304,-3.06938577801857734285503282177855119087194468,0.0464888043313765946950661113299021799840121820,0.00157292333718289536739132850082574956627631522,-1.74521124107587814098114627533703616767484124
515,4.69720025901295807419328612600006327228705936,111.741568793814946965064866474974301460904059,0.0294315095639361818556017732804138795163322536,0.686976078692921201133599651009837975528094279,-3.06847359783838882429808488953520563162880672,-3.06931424053035944957139341537389605315835519,0.0464920663144827276501898949533794294173093700,0.00157001361086191984907707343120377360919246672,-1.74526565270801111209921345576010755591370327
516,4.69879967721019302884127729553093978405381030,111.917004577720299991731846907209947388896861,0.0293831092513630808950010384517496427137843513,0.686710346792818155245749320120805605883984478,-3.06840365733710137623077577570055897348069708,-3.06924293197483521545956746354152503234987951,0.0464953181066213124190800819291672533081760281,0.00156711476190940693019988331719816298607485801,-1.74531995689628217199996599769255297087660122
517,4.70039609401998147658111457717478063307921431,112.092391367702728145148428968992064904735407,0.0293348810217196800988214907513299126117282196,0.686445339507855256113209309790473288502293699,-3.06833393980118735618058078819937635235833042,-3.06917185118587890887112878906054151651169831,0.0464985597586299267292749850876645877743071450,0.00156422672912481613451039496285578493659590696,-1.74537415402382773931016633835134191287520418
518,4.70198952081050603372199083265518081955792897,112.267729282411608558837833752174585364606813,0.0292868239323027346051701976329846440410187551,0.686181053369509848288896074939950556193673176,-3.06826444409862553535812312738394362110880607,-3.06910099700552488903962556014687628187700263,0.0465017913209970134518751929636109753821933058,0.00156134945176725504894110777984250600780584216,-1.74542824447186004461733173037630459300049013
519,4.70357996888518902745389792455247959658877589,112.443018439977856529942285862835070645579512,0.0292389370473856473311436175233088581687731107,0.685917484932854649904274181355635347858212033,-3.06819516910529277401902030745246186629585948,-3.06903036828389495252322737029434321691709013,0.0465050128438649362301119409077264084443629085,0.00155848286955116356837295420727290960180585172,-1.74548222861967914399029445140830720148007448
520,4.70516744948318471314167324609808776605992737,112.618258958017187619365544786962690174031275,0.0291912194381534494676480296759869418437059663,0.685654630776350253376113441724789646963256658,-3.06812611370489389318018898696679667566135976,-3.06895996387912646489140507270940875374391933,0.0465082243770330026042289293108737038945561487,0.00155562692264204674423280161542628524227152901,-1.74553610684468484823711881683271394706997749
521,4.70675197377986681622134973065250364788166330,112.793450953633353010670116397611458969131461,0.0291436701826385113760460158694301128125092276,0.685392487501639860412245772129330973719310281,-3.06805727678889230232704918941341042647536784,-3.06888978265730126767561859709949426908406356,0.0465114259699604550396673837022718440645996647,0.00155278155165225559884040066091415534093659191,-1.74558987952238856846858101912524063551885697
522,4.70833355288731145195317742457626391939574099,112.968594543421348397540392744169634195116689,0.0290962883656569742876932243888410119114742883,0.685131051733346222879960721970860869762113915,-3.06798865725644137352711320435127271996593067,-3.06881982349237535074976307635984451955318945,0.0465146176717694302596823899217612874607471443,0.00154994669763681527698673157727019858398494307,-1.74564354702642507853372080294895939295544078
523,4.70991219785477547557870777471874441293230214,113.143689843470596666393417358267442224931809,0.0290490730787458933518405577604301561051712515,0.684870320118870761517966035757916598184860858,-3.06792025401431655250511001372615791083357614,-3.06875008526610928044949355121088370789544144,0.0465177995312478872777522088664858867571890023,0.00154712230208929991562808297466974058957659398,-1.74569710972856419489220450218629494834119876
524,4.71148791966917031473306832734336796245915874,113.318736969368104637534113381037717452783570,0.0290020234201010827193413994997496189716692063,0.684610289328194834883195560653201601053353331,-3.06785206597684819737216257822144737385157344,-3.06868056686799937388055752403493180529823283,0.0465209715968525045194696469579742168504450822,0.00154430830693775362182453688109438067710640825,-1.74575056799872237448640008181181927059527581
525,4.71306072925553133527782315514567762287612247,113.493736036201594125110941415846431518742003,0.0289551384945156534891676002513414012543571344,0.684350956053683131327299807393501403045105277,-3.06778409206585513583664492199332453438881223,-3.06861126719520961000495602472786175632878237,0.0465241339167115464180239326408088094660054454,0.00154150465454065695814077671024239642034630213,-1.74580392220497423117415951655500714701921476
526,4.71463063747748279104443406498259629392877653,113.668687158562607573030383996852008671940436,0.0289084174133192354819467943945881974306762113,0.684092317009889157194530364317881778651881796,-3.06771633121057893185723999475448024152012300,-3.06854218515250426823017008055604390875774918,0.0465272865386276998618912620148608798958659516,0.00153871128768293834366416892528670518907825386,-1.74585717271356397128133497940810086984161358
527,4.71619765513769840731313390711600474340810998,113.843590450549588520933706860768446886149086,0.0288618592943178739396313959996961274058065924,0.683834368933362794823051445619335738248456842,-3.06764878234761885282943825774409852308180763,-3.06847331965218128536087214095934293192845300,0.0465304295100808808679505974158238742413022523,0.00153592814957202978758272267715173012599893487,-1.74591031988891674883102569580170423075338356
528,4.71776179297835764719682382762144076651910158,114.018446025770937151326458573857292315536619,0.0288154632617345923830395977663706450294432008,0.683577108582459904315600904451824528898453351,-3.06758144442086752852530050873595901250986649,-3.06840466961400632190453185097030598198407743,0.0465335628782310118479268331565662918404986775,0.00153315518383396638090657519983679669120127713,-1.74596336409364994100446464582484302446153329
529,4.71932306168159770945424203560200411237672878,114.193253997348041165979485859801029955254247,0.0287692284461506129894132469119504005947254069,0.683320532737153943422997382045257952048999089,-3.06751431638144729313279550719444105318122717,-3.06833623396514752885216252772114157523731835,0.0465366866899207698308345162478036503197993889,0.00153039233450952898041379836891260035122517329,-1.74601630568858434438631118444747719222629484
530,4.72088147186996130562095672173176720900368853,114.368014477918282236789219938927355287862145,0.0287231539844472259803581053776399890253870140,0.683064638198849580255365816960103436753283045,-3.06744739718764720186545158004177422544922882,-3.06826801164011100618317790598009976059304719,0.0465398009916783059989503913241169174519982359,0.00152763954605042952725723250756353569796455725,-1.74606914503275529254491963317946045541073093
531,4.72243703410684026372054739419613117055345984,114.542727579638018273393998229439623877725832,0.0286772390197482996366093740407144654479521363,0.682809421790198273901243877378821494373695942,-3.06738068580486071373546891415918107238429826,-3.06820000158067694446897652928143027793198327,0.0465429058297199368897806232003288071421798575,0.00152489676331553845088633222424412888107399736,-1.74612188248342369549590743090248007070733007
532,4.72398975889691500520149736227328271341312609,114.717393414185541746991605728717032399691924,0.0286314827013634226800392951317215067294052363,0.682554880354915798394048281086307811736357895,-3.06731418120552403220386226018135786595367976,-3.06813220273583644107348115452570930523970709,0.0465460012499528076115071622023555434928663970,0.00152216393156715361701920797902296294548855861,-1.74617451839608700159505189410091764015011506
533,4.72553965668658994113766864442488950287805612,114.892012092764014306990441877114237888813313,0.0285858841847316708852331530537522310890088383,0.682301010757601685818831464367068657372739126,-3.06724788236905509553967813969816232003584161,-3.06806461406172898257046954127937291178049209,0.0465490872979775274144959104809509429140141533,0.00151944099646731028634766678355036788291304305,-1.74622705312449008240420432947692013893170896
534,4.72708673786442483313161537151030954703630333,115.066583726104377924352142830238709487121125,0.0285404426313659899028432847469562284035880436,0.682047809883560564699952488437583060785199070,-3.06718178828179320883689150677830767278523443,-3.06799723452158058511717710991634419076824881,0.0465521640190907779566257042204300743010191501,0.00151672790407413155847454605037232260208124073,-1.74627948702063604107152639399603434150379966
535,4.72863101276156216377026181852524280510155240,115.241108424468242792746527282034738107567046,0.0284951572087981863948252219707666949349176598,0.681795274638625370152326118746229581810383698,-3.06711589793693930975226860823885970726666388,-3.06793006308564258464136655489075530172457029,0.0465552314582878945954502571481615721572294152,0.00151402460083821878327039686535002714203297933,-1.74633182043479694476492836691293426811491817
536,4.73017249165215056090147835096430048740115493,115.415586297650752215939807878277633172412030,0.0284500270905245196976024938789786133010277076,0.681543401948982402615403266726487074616369062,-3.06705021033449686014031927527265965154921470,-3.06786309873113106881487926822270867548290251,0.0465582896602654210355337524431712026439642234,0.00151133103359908142939795932617477131830848917,-1.74638405371552448169512447461693845350603433
537,4.73171118475376431942768737734669155940140662,115.590017454983424707173551368117661445602826,0.0284050514559518863432328495496932500613805435,0.681292188760998212320074979375717154135577870,-3.06698472448121335587248615321389305398242230,-3.06779634044216694290064235410794159622292087,0.0465613386694236376547033871162058766403187128,0.00150864714958160590719018831158410714139333353,-1.74643618720966054326221861479729481609907126
538,4.73324710222781906374867910668138047123961442,115.764402005336973523664320242889899858536436,0.0283602294903445898807939196953212358667090178,0.681041632041048286964379424096259136441735075,-3.06691943939052244723696287347051353752792836,-3.06772978720971662167223641666218853491570717,0.0465643785298690638284375553746631122313775188,0.00150597289639256285038309217090721243660866935,-1.74648822126234773185719671925353130009738789
539,4.73478025417998359343017339946881106397381414,115.938740057124103856761737557392780190417628,0.0283155603847716885505051161570815518819399786,0.680791728775347520394323403977841476152631779,-3.06685435408248666242302968901326706228123820,-3.06766343803153333971546583978528765091529355,0.0465674092854169345671552211249525221109293894,0.00150330822201715236840055322099371147057914406,-1.74654015621703979484713146958844363379927633
540,4.73631065066058795412719173246392000676809159,116.113031718302287895745345157176670049990924,0.0282710433360549134715886627532765349621868188,0.680542475969782440401401489039773969756511856,-3.06678946758374072669957480304864146509587866,-3.06759729191209907252994696813235996315560101,0.0465704309795936517767891153340260050018809287,0.00150065307481558678796677727874233924980377226,-1.74659199241551198527030297092800576736668800
541,4.73783830166502777525186725640289357281471979,116.287277096376517980717543093818761379620702,0.0282266775467171501115791769081888576311201920,0.680293870649745174058599618176203720754823701,-3.06672477892743547000156307759062805839658570,-3.06753134786256706095557182876424141248849254,0.0465734436556392104487114666717241446739940119,0.00149800740351971040978519617716292806725775132,-1.74664373019787134976480707041041474742464991
542,4.73936321713416491534378857311732898049833284,116.461476298402038057560583082631788939917438,0.0281824622249314759097506280265766070726486370,0.680045909859969129321896931175979025051185178,-3.06666028715318231574065097292965792832833289,-3.06746560490070493155384657569925192420549718,0.0465764473565096000808348228360659432959040893,0.00149537115722965581287260644803117587551199724,-1.74669536990256694425156299671216619150213559
543,4.74088540695472445557721408031807877414674777,116.635629430987053645469528793871438222188928,0.0281383965844707470305735846537707087571429940,0.679798590664366371924618746866165164161390962,-3.06659599130699834375695681205128041846579625,-3.06740006205083840567757486292568897680620163,0.0465794421248791816275309578158253744709706538,0.00149274428541053624587611186012863143752101642,-1.74674691186639997788994555580771019315317670
544,4.74240488095968808132338079196549520485094994,116.809736600295420525149786619025413194117915,0.0280944798446577273246755902396560840788495042,0.679551910145866676887532367887505472102133078,-3.06653189044125192042820758324322616164017966,-3.06733471834379559006418643412599497148415987,0.0465824280031430402718967226051230256473004668,0.00149012673788917365133004954777124051335928137,-1.74679835642453388582155585385358384111693804
545,4.74392164892868389117753903174743762271689536,116.983797912049312353376756904483400793122327,0.0280507112303157526746838161868316947170869102,0.679305865406258234258401397714364000866184014,-3.06646798361460888905012572486089043885842112,-3.06726957281685184188822936072581136853711870,0.0465854050334193143098458415503239134702292055,0.00148751846485086187533248170645154270477992262,-1.74684970391050433121490998539850915564149374
546,4.74543572058837267235914919136540769280868291,117.157813471531867407255870458885694719996789,0.0280070899717199240016117609789356446415748998,0.679060453566029988980907448427100411372024483,-3.06640426989197931369801936394555252075935576,-3.06720462451367520130717900019312021002473978,0.0465883732575515004315189635642833866416032367,0.00148491941683616462153795116892340346868444233,-1.74690095465622913712106882793942063001122506
547,4.74694710561283068089975795546788107849536825,117.331783383589814659193279601115605909547492,0.0279636153045488223041400297687659347137354562,0.678815671764215595074492796143444674432197862,-3.06634074834446476987412445229323769063169970,-3.06713987248427238463179576704419452692970523,0.0465913327171107356815796483951885592068438008,0.00148232954473774771467691557902966991652714261,-1.74695210899201814864745547661007070514460286
548,4.74845581362392896454631032469992512068304704,117.505707752636079381290296373640782141364064,0.0279202864698367391982638910586259149256169497,0.678571517158238964583854388630709261372735060,-3.06627741804930617533834378001488034328387144,-3.06707531578493533134781455177525110977289820,0.0465942834533980563761003255672492635780227327,0.00147974879979724524502444021458717719441868310,-1.74700316724658302595431134195610474954227529
549,4.74996185419170926582793386947271327438730525,117.679586682652368475607849967984899931394268,0.0278771027139264165183655468536155682532252581,0.678327986923761392029607730777014419398592262,-3.06621427808983215461166205231475248610418649,-3.06701095347818829830979790016369189858125516,0.0465972255074466342499385507288554911510581733,0.00147717713360215917135315632222282171484163349,-1.74705412974704696857542887920306886955497392
550,4.75146523683475654226143847747303591423703790,117.853420277191735724510315832548907823281949,0.0278340632884222886328444927053982833646226118,0.678085078254530235360116127036768972209670978,-3.06615132755540793073171369010713199486097846,-3.06694678463273549452055917073954474192400304,0.0466001589200239901047590643594848981243930288,0.00147461449808279196591995712568473562424777396,-1.74710499681895437156196963385764711111896832
551,4.75296597102056814020479603938101074857419113,118.027208639381127153090602920478856738336892,0.0277911674501442212180320612013728878342496172,0.677842788362229134668722591857570344318471087,-3.06608856554138473792876586507647765829204912,-3.06688280832340925000068660778000378198057426,0.0466030837316341852241702142849425153155696613,0.00147206084550921189095414968531419999175186966,-1.74715576878628041394533204674296003267202648
552,4.75446406616591965840858969457714287386228373,118.200951871923906693499933133945270826295194,0.0277484144610817403232527792937866801196804815,0.677601114476329750200703015304862053326650263,-3.06602599114904974897777812709129158783881159,-3.06681902363111871234239989009362441565527984,0.0466059999825199908188132387807106281080496288,0.00146951612848825050193851571302677578998628444,-1.74720644597144058001217548995009736962267783
553,4.75595953163722753686274305970826202435118515,118.374650077102362338855875624356025855675576,0.0277058035883487456476015462919903645375992382,0.677360053843945001430253008685314871764113404,-3.06596360348557651106823597525650515424496670,-3.06675542964279906463027204486562518232193621,0.0466089077126650357606687427153708012711388139,0.00146698029996053197870563316416951361155730839,-1.74725702869530011388183649069410774631181424
554,4.75745237675090840608964985968917665305775647,118.548303356780192972280482819594529108978614,0.0276633341041387020353073637586702528711978763,0.677119603729683789239798952963842575657090925,-3.06590140166397588411815254855511628994582266,-3.06669202545136125849827597744905877574816196,0.0466118069617959328623254752771423902098942071,0.00146445331319753389101151520945181676940601340,-1.74730751727718340787349118963139270353987094
555,4.75894261077373523159501905051680690760972881,118.721911812404976054526396551117780154294007,0.0276210052856803032814764288371177272439074753,0.676879761415507183481956442252264788222509465,-3.06583938480304747554201349940167608715538905,-3.06662881015564225617819012250299674449034908,0.0466146977693843839534912925951690391499282360,0.00146193512179867901079874439730429932376037509,-1.74735791203488332514752588188735753144153182
556,4.76043024292319028775422721178931603630981258,118.895475545010616351582140075149148944523966,0.0275788164151936024235743567627711189175358422,0.676640524200586058448615508124103733759415047,-3.06577755202733156556452785061679077289163215,-3.06656578286035577547864527313338289433092909,0.0466175801746492640036140380771237055879988038,0.00145942567968845778882339657166606772583585618,-1.74740821328467045710267607319507851790047727
557,4.76191528236781499498462787114953633213605879,119.068994655219775881608080572972892009375971,0.0275367667798466027762431652052570641952307562,0.676401889401160159011979350612088638241394277,-3.06571590246706151725286457542077256222190628,-3.06650294267604353171703744960148526734822615,0.0466204542165586845361200910370829048882409051,0.00145692494111358111869570995627112097556192754,-1.74745842134130231600758488389088696074825650
558,4.76339773822755665363300747568375755015261978,119.242469243246285258541339020491965555129667,0.0274948556717123040479770022510359771362114372,0.676163854350398580438988109278510222126914054,-3.06565443525811666551962270717718084329259096,-3.06644028871902697070819224705202495403883721,0.0466233199338320365764696307610272822749388170,0.00145443286064016301667517836473786663885506808,-1.74750853651803246334251484826821101865900907
559,4.76487761957411210759210267972958870015532541,119.415899408897536607720848854624633831466305,0.0274530823877261979578245417384458672946045675,0.675926416398261645113486529096942719124452922,-3.06559314954197567942712348985727829536983133,-3.06637782011135948699406654342154678705678005,0.0466261773649420133729693658561458530303592899,0.00145194939315093285076802305401860824234583038,-1.74755855912661957432402414971338126349806867
560,4.76635493543126837025070793377958039249546818,119.589285251576858226922436804553133854357482,0.0274114462296442078486681653817033456913173604,0.675689572911364159629808009785691791040969280,-3.06553204446567039220074752220016713660580756,-3.06631553598077912157793542548926269688227421,0.0466290265481166131260747312407102071107077245,0.00144947449384247675780028592796852086564947829,-1.74760848947733643908249003345754046666131216
561,4.76782969477524024497831218683666191900982614,119.762626870285871164257840105368654765064365,0.0273699465040010668707727219028744128743509471,0.675453321272840035947210050949976306222443659,-3.06547111918174009343498872903162877202034164,-3.06625343546066173350445696333482742695296527,0.0466318675213411219587535171857989148834805195,0.00144700811822250789218452015390020400800839489,-1.74765832787897890095942944655808823543696775
562,4.76930190653500497194731666580336023096865283,119.935924363626827882480611796418009638457683,0.0273285825220691293852215899270441686641092276,0.675217658882208260516868900277159065758910382,-3.06541037284818627805068062124665762223612666,-3.06619151768997463970375588932442326198771906,0.0466347003223600773573707418678676200361846736,0.00144455022210716515506363781726500256486109020,-1.74770807463887473238863073527781862961861833
563,4.77077157959263393270361160864906385470925924,120.109177829804933177355533759909567102737796,0.0272873535998176103115863429420411339749913599,0.674982583155240195511984488528571262618876738,-3.06534980462842784663548860707048316577537460,-3.06612978181323071759323978117898006000994258,0.0466375249886792123094895017770969586315428235,0.00144210076161834005740328612557770918656168975,-1.74775773006289244882217131923050568772628769
564,4.77223872278362144350953953728545029365143499,120.282387366630647515886095406765367209031832,0.0272462590578722472177294778867170022967997324,0.674748091523828196507019557133533380688451074,-3.06528941369125675187227464126482866171695701,-3.06606822698044296500527808780729498133171293,0.0466403415575673803619637389771260456545822842,0.00143965969318103137541551564012742787989176383,-1.74780729445545006115945546575322100124454641
565,4.77370334489721066810195876019824726718908769,120.455553071521972958356450183921281719662515,0.0272052982214753800220379767553069737768114662,0.674514181435855531164257193148000011889175213,-3.06522919921079408583134642791285957153780229,-3.06600685234707951208215497158462306133906365,0.0466431500660584618197255713279219249823300018,0.00143722697352072726143280201012592331490795581,-1.74785676811952376713446438445213908253888272
566,4.77516545467671668013215742742919692232251096,120.628675041506721826329683859454249764222081,0.0271644704204464432496490804610994542362861301,0.674280850355067583694765624236870416330673250,-3.06516916036644660297292154793381930988494914,-3.06594565707401907985187080162141780891062841,0.0466459505509532513027412765395901064508476840,0.00143480255966081447801398738233033381702556915,-1.74790615135665658211346860037158834106458288
567,4.77662506081984670518367125995943681523420339,120.801753373224768276952875015548420125865653,0.0271237749891428658543783364847127909161905204,0.674048095760944330066563858739364848532208221,-3.06510929634286367377538573324279928339985372,-3.06588464032750688026943318672001752785324590,0.0466487430488213268757254526751977548700190801,0.00143238640892001442765369498459839930828806969,-1.74795544446696690975251066732850860869003668
568,4.77808217197901757189854415641067379124979355,120.974788162930282942150962096016512844718979,0.0270832112664213736871131279652227287746275929,0.673815915148574069135341294156292893724637638,-3.06504960632989466397312217847029912889926651,-3.06582380127911095257826529643816483739092018,0.0466515275960029009623615597119247736383870564,0.00142997847890984565498549202322682509110031551,-1.74800464774915705296102544696994571447573058
569,4.77953679676167040138215880439323200018399188,121.147779506493950789545520941426839349385038,0.0270427785955996897594115222545891282448225425,0.673584306028528395072552440534718607172949078,-3.06499008952254673445485305274094523290092229,-3.06576313910567893091528514836834956990156074,0.0466543042286106532529782558602414200417808555,0.00142757872753211250281775994590833969473365227,-1.74805376150052166561502607493024199789165504
570,4.78098894373058256370137417379892937094298333,121.320727499405172360210875604139589218253183,0.0270024763244186275179650486236833094048118588,0.673353265926738396662137081103181417577357141,-3.06493074512094305693958270080881414162198085,-3.06570265298929523815109246302877387534054199,0.0466570729825315458118739687249946849403849277,0.00142518711297641960772108201531023123223645902,-1.74810278601695614546034700927773107148885998
571,4.78243862140417692994025971954516346338483603,121.493632236774248536678192251466743012025418,0.0269623038050045724114632291252180849582280375,0.673122792384372069230558198744212744004637689,-3.06487157233028144061238153252434893786932074,-3.06564234211723870102355719444683433907945142,0.0466598338934286205877662883325529499286128428,0.00142280359371771192519815795851174160119058567,-1.74815172159296496864350183048977055217502373
572,4.78388583825682844793213501245596199840588955,121.666493813334548992918025207530777895461576,0.0269222603938323470962552965939692178793519205,0.672892882957712925165355541186789116248790722,-3.06481257036079336496641710148084257395940231,-3.06558220568194058168895319736848691909946191,0.0466625869967427795281673526114225026973710763,0.00142042812851383997871296385465393105649609053,-1.74820056852166996630478333549244797303875297
573,4.78533060271916806944583242982330903698554943,121.839312323444664476372884816506312225519323,0.0268823454516884556910581513039246903790012783,0.672663535218039789165031537863373939643389053,-3.06475373842770341416084086518850900303947516,-3.06552224288094302087963863342697385475658470,0.0466653323276945474958507447143025974082250900,0.00141806067640315003103623020909461193946780291,-1.74824932709481854366530751732952941427134477
574,4.78677292317838405626802486688078461400445572,122.012087861090543070473472997849133759309702,0.0268425583436347025538265107777281203613632943,0.672434746751507764547867244368134926093084938,-3.06469507575118910826639179212184096295658491,-3.06546245291685788792116827704088786477253685,0.0466680699212858181829788765174165231477363575,0.00141570119670209888048042875920194736841057311,-1.74829799760279184203678180141468217601006672
575,4.78821280797852069229202686154001116039857538,122.184820519887610584454983187705576383913631,0.0268028984389721811157983464050172704438901645,0.672206515159030357129256992028556909834131443,-3.06463658155634112683189722797505537929535577,-3.06540283499732603292464817823603119626998091,0.0466707998123015832159017466877427421621739330,0.00141334964900289298865043443494917581887010885,-1.74834658033461284417986195250936767229930462
576,4.78965026542077442839661400685051711507796547,122.357510393082875215692990726363210023468655,0.0267633651112056283686727062543539118773583252,0.671978838056162743356398483013360080599793274,-3.06457825507312392026525285360648404325713618,-3.06534338833497693653212619362733466068338249,0.0466735220353116446411176996388208282549088094,0.00141100599317115165032693800354501654584317779,-1.74839507557795442343405188644080457755454344
577,4.79108530376378748657604124929490854157659472,122.530157573557016628201676306772765025071664,0.0267239577380081406608842123766311466353304947,0.671751713072986169565726343689741130022166974,-3.06452009553633670458196247220901892760902745,-3.06528411214738875265386843284196807502048293,0.0466762366246723109804037498426227870900129933,0.00140867018934359392002958210376307901682854670,-1.74844348361914733703919671008321386912886573
578,4.79251793122393894946450604428000310027985333,122.702762153826459589380142148388179820387744,0.0266846757011862465180249023083328442687617327,0.671525137853993469402376921742888260180546584,-3.06446210218557483513292978333767905093987210,-3.06522500565704873969651712080048672248190409,0.0466789436145280770406765620127182202588304181,0.00140634219792574901367671376983016648928813270,-1.74849180474318816406572214589618437954198156
579,4.79394815597563336108472896559721155801745721,122.875324226045432305555115983249159587604704,0.0266455183866453322606453667101661676928144540,0.671299110057975686612264837497216802909897840,-3.06440427426519155498093299071900988604350587,-3.06516606809131407584037489810506100101046666,0.0466816430388132876617346904239182164519882030,0.00140402197958968990756960600981674490522290375,-1.74854003923374718836788352822924969852191361
580,4.79537598615158686434104501775485019600273829,123.047843882008009595350114110976909743013998,0.0266064851843554162499587316196347136715694218,0.671073627357909790586081106051749070449619967,-3.06434661102426011365209353299362008898128346,-3.06510729868237305398242904612502005011064636,0.0466843349312537855826575897835429375104931571,0.00140170949527178986068199649006480255186710654,-1.74858818737317622697140522437128617347422361
581,4.79680142984311090047234750340977191496128916,123.220321213150141038411878484859969676272960,0.0265675754883172676483880693698285987835046755,0.670848687440847472200731357527162063014536098,-3.06428911171653625204468664042357403633815139,-3.06504869666720665201923113180461618047123019,0.0466870193253685436052966359977961409574052451,0.00139940470617050158993180131660144863337911668,-1.74863624944251640430401705303618832483702223
582,4.79822449510039349537933790544140534895432056,123.392756310551664235544345158659072914630460,0.0265287886965288656374551386631814261601935130,0.670624288007805007667462831607719681143456823,-3.06423177560042104933284776513773222490007854,-3.06499026128755047420039745454686678336191084,0.0466896962544712812309873687311525910457359439,0.00139710757374415883175184658350896938560996115,-1.74868422572150587267452844863755785403217932
583,4.79964518993277815744374601446469999766088375,123.565149264938303314838277840742031671435136,0.0264901242109521950902205163088247497801630440,0.670400426773654178257221669679209508530283022,-3.06417460193892412775711891216763012771164170,-3.06493199178985705933930751709376765931545360,0.0466923657516720659443398299474856747286775024,0.00139481805970880002686136228569662491532090489,-1.74873211648858747940322413675713202062363912
584,4.80106352230904041116443171413374608248524849,123.737500166683652816940750343020003329660711,0.0264515814374803747493664839883296374313981370,0.670177101467014233932678075160849806856556335,-3.06411758999962721124736596836283406677182152,-3.06487388742525855172256535122357655599545707,0.0466950278498788993157246748195100151814271124,0.00139253612603601386867072745891133751810798806,-1.74877992202091638100351731403990106783780989
585,4.80247950015766199064650174091599043603807841,123.909809105811147091182629064803353637627432,0.0264131597859051140150785004113740332402120482,0.669954309830144889072895919198598717277603848,-3.06406073905464803387639549679012509393053092,-3.06481594744952973061396547326818297669033777,0.0466976825817992880918661345309601444351564530,0.00139026173495080645922945003396438623637440934,-1.74882764259436760481195811817356041446549031
586,4.80389313136710271669471072079896897773699900,124.082076171996015332873839045794010434733376,0.0263748586698844944991424891136554868876759444,0.669732049618840338630844365869718793571079106,-3.06400404838060459419462010629592571058342863,-3.06475817112305139430208484370540530972078119,0.0467003299799418004417783852753481813634608394,0.00138799484892948982005250117033908619585826029,-1.74887527848354355846086686936333924239536776
587,4.80530442378607008098140623802585670117398911,124.254301454567222390685246258973157333247099,0.0263366775069110725531470164157998737992540244,0.669510318602324283215890396206208038497414540,-3.06394751725857975154737815553537896122779727,-3.06470055771077409469321753791036687623733221,0.0467029700766176075231389043567104752899960133,0.00138573543069759150853377667199110668946866447,-1.74892282996178148758504348790305970413297017
588,4.80671338522378656048206400346227386022599521,124.426485042509395471662210296358379497954186,0.0262986157182802990293749840771047794185407967,0.669289114563145951743110342320922200750934361,-3.06389114497408616052701871369057405298118708,-3.06464310648218221850319274356103209459368688,0.0467056029039420105320804621954507948779264099,0.00138348344322778509397848632913594556944494446,-1.74897029730116088215119695300283666645337721
589,4.80812002345025468509798374450513160851253335,124.598627024464736870058014866189595451307071,0.0262606727290592525829017332562085830423885847,0.669068435297077110438752635188141067933427092,-3.06383493081703153976162865636604613233431493,-3.06458581671125841115268179435906856390372726,0.0467082284938359533973020068219827336633512912,0.00138123884973784125055951877771970284143417053,-1.74901768077251083179594196215919155853625297
590,4.80952434619651988111592258706508253394639959,124.770727488734922844835231774738002394966863,0.0262228479680556828725982267278801681938826458,0.668848278613010047136509184140725510268158559,-3.06377887408168427129131758356958057564916377,-3.06452868767644833952091861256447160018133614,0.0467108468780275212773473526221321211563416219,0.00137900161368859922772712240066543270929556836,-1.74906498064541733055542436092784147992415567
591,4.81092636115493111288827474821627605088466763,124.942786523282988769359384218057834567760730,0.0261851408677873600671817858097926776941631853,0.668628642332856519942444746679469944856003579,-3.06372297406663932683129974918025943511504135,-3.06447171866062578976234232448462293234999177,0.0467134580880534250178788039609267028547347718,0.00137677169878195846177739447094588428975131957,-1.74911219718823053136686270996586415649050084
592,4.81232607597939934485480954575921320030136626,125.114804215735200675501817805833305143564348,0.0261475508644517271101750174736631463982562498,0.668409524291447659487527272421450493842025104,-3.06366723007478451726863201716809025321643115,-3.06441490895105809643953287523684782622913593,0.0467160621552604717237801517248592656751612387,0.00137454906895889009541387889748203086020828183,-1.74915933066807195071953079713103301875038768
593,4.81372349828565384576790021610806890335855476,125.286780653382913313077236904228683751961854,0.0261100773978958512446381600630826916503346782,0.668190922336434814125731841294661841765721182,-3.06361164141326706178639442990156969735837181,-3.06435825783937189927396192943297560785857871,0.0467186591108070215989594100792376162652057573,0.00137233368839746817521882079898300217910452961,-1.74920638135084162382995523263324892337619466
594,4.81511863565149635672756087339304670832939373,125.458715923184414844265697254953627006202935,0.0260727199115866713448429659138884313299512270,0.667972834328191327572690169952396839604213607,-3.06355620739346047305534650463197836567432124,-3.06430176462151922386353372060853095016528782,0.0467212489856644312047857533887634021018293097,0.00137012552151092029998708268111691271428100903,-1.74925334950122521071336371836381727169336641
595,4.81651149561705314438040608357860129455279657,125.630610111766758291408744495214812863983276,0.0260354778525815376476690719820041176486841333,0.667755258139715238614859830793251278691018722,-3.06350092733093175497866888177294447944234336,-3.06424542859774388276265511611626365923231007,0.0467238318106184832861869189477997888593801872,0.00136792453294569749586714725851740693026025960,-1.74930023538270105352069338085343622383695031
596,4.81790208568502496038780577894675068061564153,125.802463305427579855324636654133880659112524,0.0259983506714990405214380186795107153639269498,0.667538191656532892652224818293280087386339767,-3.06344580054540890952031725253533750988271779,-3.06418924907254819336666210590547870508463742,0.0467264076162708033125524175070912385517555543,0.00136573068757956309720075729730767724634399587,-1.74934703925754718550775491208883214987322194
597,4.81929041332093492802297726387455320533634582,125.974275590136904220057974758377568945548852,0.0259613378224901249541668874306371119895274196,0.667321632776603454968643827069875012004849959,-3.06339082636074874919178422083171255248992983,-3.06413322535466000908785211533389577789523962,0.0467289764330402628787338059514219218998554771,0.00136354395051970041485630120076186407689475950,-1.74939376138684829200044737424553496800025571
598,4.82067648595337437651448636243992203984378276,126.146047051538936958764380445401390082519080,0.0259244387632094874868339596353550058136278064,0.667105579410224315753165922279362636398800171,-3.06333600410490501181569534324636472644407709,-3.06407735675700006035513870211402871002281727,0.0467315382911643701096055979035526848272206399,0.00136136428710083897671175922178143361221614594,-1.74944040203050262371723058353556905845779903
599,4.82206031097424664351457265333917457244983244,126.317777774953844154230897282494698504542176,0.0258876529547872523602136741961762410325556843,0.666890029479937377022965971497926217988220525,-3.06328133310989677422766829417452847637731597,-3.06402164259664960201346785364469188557175039,0.0467340932207006472098486990229137097657633292,0.00135919166288339912776158107760611018847653535,-1.74948696144722886280738717508592861607321493
600,4.82344189573900886583482135556558830510101528,126.489467845379519346347350817813643889675920,0.0258509798618009236861681016953913903847990466,0.666674980920436211724044503849900775029498579,-3.06322681271177716162024899223968181398312821,-3.06396608219481836374262359473027491121596573,0.0467366412515279952988421422017788676711666428,0.00135702604365165478009896064942178384017080690,-1.74953343989457294196094493563225107308858866
601,4.82482124756691177835892968863277959012228742,126.661117347493337917672781854376618681830512,0.0258144189522476104959875925050083392990251147,0.666460431678474085409518263089934159712335265,-3.06317244225060234927451549196385899390012693,-3.06391067487681280015791510551483568194912452,0.0467391824133480466687979588147334920308629691,0.00135486739541191410576128427300878789961207048,-1.74957983762891481694348193502886223559247172
602,4.82619837374123754081261213047824573213916008,126.832726365653899027084071709710249187466279,0.0257779696975165215594644367972452045372425388,0.666246379712772831017227793962105522718997321,-3.06311822107040085346611920988724107792960960,-3.06385541997200463729748801441903371500336924,0.0467417167356865046025478577979418298069916972,0.00135271568439071796812272062536629896681339498,-1.74962615490547519290640254325790408436980508
603,4.82757328150953561184401139439699575292288930,127.004294983902755200350813982214200123749453,0.0257416315723617269088703549727565835371781636,0.666032822993932567388535594183631069500156489,-3.06306414851914310837312316410724869429784809,-3.06380031681379971224264877408707045192804939,0.0467442442478944708856886037078517931321246902,0.00135057087703305589017464524104310932382229959,-1.74967239197832220482065173009297391746531543
604,4.82894597808385668964428535265677364429526503,127.175823285966129685351164228719396599962658,0.0257054040548751830419012945949406532793530469,0.665819759504342252288610818039502768597627144,-3.06301022394871132585300773973273807595523565,-3.06374536473960710265864268039687612046798763,0.0467467649791497611461152039232328223283670825,0.00134843294000059936065249243327459790506321329,-1.74971854910037805237922824465450209977135797
605,4.83031647064098473811728049388945634963010336,127.347311355256621678527629513081800049791768,0.0256692866264600188169610440161825531971077701,0.665607187238091060805221873377982516733015442,-3.06295644671486963499565526445667273741946053,-3.06369056309080854308379261679457261196514712,0.0467492789584582081523168563729191570661426073,0.00134630184016995228154733158678740455982817285,-1.74976462652342558971126448836788264168382358
606,4.83168476632266711738933648154240865469336665,127.518759274874899528079359419377902470449884,0.0256332787718040790928881088422284673485168664,0.665395104200880580118113664324445907025683464,-3.06290281617723449839800444116701462127621563,-3.06363591121272812483479629393422244178531422,0.0467517862146549532001797017050310500693102797,0.00134417754463091836308259194691863573781533085,-1.74981062449811487024786224591465688052484649
607,4.83305087223584283723525135874431458559707552,127.690167127611382018298287052996541183749796,0.0255973799788537232033974897840907930965497708,0.665183508409937811744458370310958560083501446,-3.06284933169924540214439333255921806506186192,-3.06358140845460227643530374038417341403819641,0.0467542867764057257164324031959156974205078840,0.00134206002068478527474151766483900973338460010,-1.74985654327396964707730903555385831721254020
608,4.83441479545286895178423099479474999675690966,127.861534995947907838380263760237139803355699,0.0255615897387878753941196364557129689722392807,0.664972397893928972477663720810769027877593505,-3.06279599264813581651439386492859024977601061,-3.06352705416955002151366305686351719485656553,0.0467567806722081112052850857645540664383504962,0.00133994923584262536339971969151550050435617833,-1.74990238309939382912474978612593146285515311
609,4.83577654301174511366020824828145118832008002,128.032862962059393337978958480998452167088219,0.0255259075459923243871819543040021107514225412,0.664761770692874085347026466029410507970322212,-3.06274279839490442447719030104607966258904323,-3.06347284771454351115393979032247773579322643,0.0467592679303928076632488502293861625275070933,0.00133784515782361275205018928179488686404121549,-1.74994814422167789348885293935855331667744970
610,4.83713612191633630550420646170453617283043904,128.204151107815478670719578180742912271122143,0.0254903328980342692748026731702182636778069616,0.664551624858062352034356445973472855924896888,-3.06268974831428661506827726199951390762341543,-3.06341878845037882772199237775759848552266603,0.0467617485791248705855815945041059478787430552,0.00133574775455335663500592513514557871762294506,-1.74999382688700525426548900201360357368717663
611,4.83849353913659376662239839253917208010228182,128.375399514782162425851238685261348683228856,0.0254548652956371089793613502248724050056362394,0.664341958451968298290793169400522589042188722,-3.06263684178472623878045794510844417820860962,-3.06336487574164705722553146481363382576110055,0.0467642226464049466862858798133941978365987170,0.00133365699416225058782846814417620553217517303,-1.75003943134045858818593311543640768402844549
612,4.83984880160877413230213626415486297788228179,128.546608264223424847190907046162125087328432,0.0254195042426554725528833266871555886493988592,0.664132769548168684002616540636695777004846720,-3.06258407818834762213681833553023234458196293,-3.06331110895670562730371288497049551258688309,0.0467666901600704964520857430950035003490163734,0.00133157284498383771255968994758759892882744816,-1.75008495782602611739461144615138191269584984
613,4.84120191623565680313946266178453041506574218,128.717777437102839737498081417868953899100893,0.0253842492460504876238354845788731965425560782,0.663924056231260169658940299835285663689393548,-3.06253145691092783864854644777652836844660340,-3.06325748746764990797792091039762096738752944,0.0467691511477970056493313481474127502650623724,0.00132949527555319144112968980268666298789320881,-1.75013040658660784968893419993789289199858881
614,4.84255288988675956152541750391010418270118716,128.888907114085175145417608947373238267662354,0.0253490998158652843335859057039806248085345302,0.663715816596777731076794436019733577530465383,-3.06247897734186923339516482631018424257259054,-3.06320401065028507233099813203137283072061700,0.0467716056370991859013228650114434320794337831,0.00132742425460531182207615491435285490048029310,-1.75017577786402177654129588685834091172019203
615,4.84390172939855245224479590225009664576934387,129.059997375537982931138105441361436988746817,0.0253140554652007321388386230845624053186913795,0.663508048751113814340274446655289553288712506,-3.06242663887417219849895741201960688193166514,-3.06315067788409821431727893113695556878363144,0.0467740536553321644521076522862313087200674829,0.00132535975107353711794055907516895174023739394,-1.75022107189901002922087617363910448345417153
616,4.84524844157466994394984860147723835354444889,129.231048301533177305935174072297405977782932,0.0252791157101914068898245350997031710595150518,0.663300750811438223010183604166604723770245792,-3.06237444090440819679910604063344201653401034,-3.06309748855223072094039276762701343962565072,0.0467764952296926632313873787355609085528532448,0.00132330173408797054290463084070300545287401040,-1.75026628893124499333044230456391780601218302
617,4.84659303318612138808271467287780529119534550,129.402059971848602439801867981547400856667778,0.0252442800699817856270185440807414436121109557,0.663093920905618729758941705262969676546622274,-3.06232238283269303106431474615669370946762887,-3.06304444204145089606992909740846758925067182,0.0467789303872201673337738521138962628242131470,0.00132125017297392197239712397916498042772885117,-1.75031142919933538207093669905843844292240156
618,4.84793551097149979163409961645735048596520783,129.573032465969589230413449535605723451619309,0.0252095480667026665716687659687982554354965261,0.662887557172142404682502092011892990568936647,-3.06227046406266035611549903490671520632764753,-3.06299153774212683320170517584306610969934681,0.0467813591547980830242537233209206842834029519,0.00131920503725036445853656920231445600875571943,-1.75035649294083226854423098453073847142173959
619,4.84927588163718891994182596733546369859472857,129.743965863090501325729315690149525346532861,0.0251749192254478118174737826742585991113637461,0.662681657760037652636629632893104572766702516,-3.06221868400143543126245958545676628430854449,-3.06293877504819953449955871148174414983351414,0.0467837815591548853803626065848410021489009731,0.00131716629662840538738086809223706153388119878,-1.75040148039223507740204043274943630376752370
620,4.85061415185756874555135343017017289288623864,129.914860242116270491601835174654898940225813,0.0251403930742508102623357883999525574335570980,0.662476220828796952039167053061319336281763847,-3.06216704205960911049035250489827536801997816,-3.06288615335715627348930658106273423027401599,0.0467861976268652556802282102062813245048153076,0.00131513392100977211602979002110781358632801567,-1.75044639178899753614662056808688045726971417
621,4.85195032827521925898115755711297918740673509,130.085715681663921414839632008428501163232463,0.0251059691440621583502583999129126137980929008,0.662271244548300287672876355206038612161457553,-3.06211553765121206786321829915760637367707904,-3.06283367207000419880777575626980083592382450,0.0467886073843512086443195212237045832794654748,0.00131310788048531192967212466235983009406333036,-1.75049122736553358638651063253106172812563241
622,4.85328441750112265705893665980460070016229693,130.256532260064086031261406363516984303650726,0.0250716469687265562241550156748834069460010340,0.662066727098739270115106566052657127845384839,-3.06206417019368925564284594246911776317669628,-3.06278133059124417644163025560842174163505963,0.0467910108578832096374346497833977940443920071,0.00131108814533350616068589212422336383367754931,-1.75053598735522325534824664704847536045396727
623,4.85461642611486392431995315613246678231148902,130.427310055362507467375565317088239088621141,0.0250374260849604169205939519897382427369783016,0.661862666670541934510928816672748896158180936,-3.06201293910787459265183358952907516392332827,-3.06272912832884486792209523169259398874942979,0.0467934080735812819361733383562083714922868367,0.00130907468601899831388807743701950155480434471,-1.75058067199041848794264001876338173555801757
624,4.85594636066482982278637557306878617049173731,130.598049145321533683430602015976423102991365,0.0250033060323295862673370654173482596437351431,0.661659061464298211495514609600741746990631069,-3.06196184381796588043987017972262847797602118,-3.06267706469421704197262302823823938433276677,0.0467957990574161041658711052445177159818689772,0.00130706747319113604399028580727759918799907097,-1.75062528150244893968190602129605614549140823
625,4.85727422766840630527623914715247872248445803,130.768749607421600904701173719362010559553790,0.0249692863532272711739359788909243334860786928,0.661455909690686063159432495285972469695959687,-3.06191088375149994484200894002256024256588206,-3.06262513910218811713706286959403776142846615,0.0467981838352100980097202536466527460419036965,0.00130506647768252683324895165431955827836239495,-1.75066981612162773074163003010130540674369617
626,4.85860003361217436722255507842198725676400245,130.939411518862706927005050647995046646981147,0.0249353665928521740346410355266876864103338573,0.661253209570398277037221394758394117578570337,-3.06186005833932800054704099519389472431982955,-3.06257335097097693294599234278531213295888718,0.0468005624326385062915682739633743035717247412,0.00130307167050760721920371228068835307012246851,-1.75071427607725716145927813038190984115196661
627,4.85992378495210435181714019248302694418174629,131.110034956565874381586404118299891535279650,0.0249015462991868309914592645515225464180522726,0.661050959334069911185084258016704824077171483,-3.06180936701559123632301122593689966739186840,-3.06252169972216874720855145059889124232904081,0.0468029348752304615326662395221362410440292558,0.00130108302286122542427570292504242045366119892,-1.75075866159763438955869263286119419103512078
628,4.86124548811374872312987972717745554387943718,131.280619997174604043651141625012394099024641,0.0248678250229761518333754000597285971278230296,0.660849157222206383497852111475541416755837121,-3.06175880921769661857545535634767059032737055,-3.06247018478069045704639509777498274620921211,0.0468053011883700450814383902671452433503806857,0.00129910050611723724084926338983335325654795903,-1.75080297291005706938776212939304169288539290
629,4.86256514949243332169234634243641625209531348,131.451166717056318268000047851919320668673046,0.0248342023177061593355306759968079158064913535,0.660647801485112198498513981182201285151479149,-3.06170838438629291094208307597303302390405475,-3.06241880557478604131525365727517836084882712,0.0468076613972973369141589652731003535610959180,0.00129712409182711502728627970542463089646074690,-1.75084721024082895345421998947620550813380873
630,4.86388277545344711687494888262139091802114027,131.621675192303794634375225447707438400941801,0.0248006777395829258695439511000110079617250629,0.660446890382820304915610531072994611267694895,-3.06165809196524690765539278073220793614195010,-3.06236756153599222208806988102343437440674048,0.0468100155271094562032532374150183029783013302,0.00129515375171856967212252259560479716466731288,-1.75089137381526545654230463016463742097254973
631,4.86519837233223047022904599092669475873339570,131.792145498736589884314621098404698310724285,0.0247672508475117051431648094956875270527746647,0.660246422185022077444666073956409398652018767,-3.06160793140161987843208512245193846454016672,-3.06231645209911434290176989734931441781980974,0.0468123636027615927487863804877627808365691204,0.00129318945769418538547028611626436640820102358,-1.75093546385769918269080947222739544793661296
632,4.86651194643456192380970393085179403258306591,131.962577711902454230498146109003284206705692,0.0247339212030762569540746450228309976550841995,0.660046395170997916169602146512757491594422049,-3.06155790214564422267515076137879078237950312,-3.06226547670220246149743230210162561217132688,0.0468147056490680293675660228590538399398369517,0.00129123118183006717840176620962467507993602994,-1.75097948059148541531086020809289473035207938
633,4.86782350403674352734097690278028627505566588,132.132971907078736118766933348275919506774458,0.0247006883705183628689052756239099150352089631,0.659846807629548457198753045883417391369024433,-3.06150800365070033080114819555397084520185982,-3.06221463478652765481094822903229349939122706,0.0468170416907031553331618786482407716172298409,0.00128927889637450089281333482868041378711115126,-1.75102342423900757071958183239629573528483503
634,4.86913305138578471793371418585755882428652015,132.303328159273777522204492780844278913899732,0.0246675519167175307644311525000491570490468912,0.659647657858926388147706275450725673699185245,-3.06145823537329365053146587599937131256521196,-3.06216392579655853399822250687222004418945976,0.0468193717522024709590384676148532633269299153,0.00128733257374662564597253896015962093332228977,-1.75106729502168261536365780113604181641979511
635,4.87044059469958476591592444971486621992643873,132.473646543228299845884816443235782750499833,0.0246345114111708861934164319247713177568783235,0.659448944166768862177735131105397927756542341,-3.06140859677303195601228449452335571770439407,-3.06211334917993796730555720893082254175197598,0.0468216958579635834159044123859913396556373441,0.00128539218653511855562765709268425245068543366,-1.75111109315996644700463866496560418601390443
636,4.87174614016711380018762685433660959441202155,132.643927133416780520117722887243202888146275,0.0246015664259732485627676728387083820499043805,0.659250664870030504374092790631153606147476658,-3.06135908731260281765352574719087929289717448,-3.06206290438746000862208961530153031371217632,0.0468240140322471938733039140564034199999370230,0.00128345770749689161321434390629977587884394647,-1.75115481887335924013572753766733187426379774
637,4.87304969394859242636586479353895986216937469,132.814170004048820359255804794992753128844120,0.0245687165357973901364622220501797437433199464,0.659052818294917004322913090902678041629145685,-3.06130970645775127060229833669380204836241316,-3.06201259087304702957703228467333410082802390,0.0468263262991780760544125359348790674090227878,0.00128152910955580057432564646645301610790958947,-1.75119847238041075589765478138903599656730369
638,4.87435126217566995084112545184041481819735690,132.984375229070501762370137328251164044352610,0.0245359613178744759001968685234679241403844166,0.658855402776819288818928267597889997979812357,-3.06126045367725767979123569822215220505896916,-3.06196240809372705306998892841947901458089091,0.0468286326827460462919501552632116238781709634,0.00127960636580136573722083517071196487186338850,-1.75124205389872561675915428222945163559907884
639,4.87565085095160122372377125235400812603490346,133.154542882165737831353306127137815649017745,0.0245033003519746823488364141127094093989354806,0.658658416660248268708683606262401553436515251,-3.06121132844291579952666804644193932463023574,-3.06191235550961128614780136105578123122712277,0.0468309332068069251720886626150441180215370410,0.00127768944948750448173540732779239270931581665,-1.75128556364496854622546861724129640409130813
640,4.87694846635142211351822268690694143624950319,133.324673036757612481268211666509573717894193,0.0244707332203879932815426549561876869904502451,0.658461858298770153945418271799494138328276736,-3.06116233022951102560578889112044075485475581,-3.06186243258387185016622514786065301308111265,0.0468332278950834908522104903810592795616583330,0.00127577833403127544251963189048442820807488907,-1.75132900183486957383624023852857596046028930
641,4.87824411442212362622351124012728916394434304,133.494765766009711617029391460272157675584374,0.0244382595079051707129360415199885826064377607,0.658265726054942331002305354220620912655504101,-3.06111345851479883797586811746585611655001941,-3.06181263878271970619923977607257100053225701,0.0468355167711664241373661306655606886516435905,0.00127387299301163419207644610638417879225617275,-1.75137236868322920571209048123311634340286203
642,4.87953780118282468142142183037225648334761816,133.664821142827445449780165500064919767582841,0.0244058788017988990317900447271205037820896824,0.658070018300249796860316953263851774103705145,-3.06106471277948343197213495390957945179921125,-3.06176297357538277368297824994841357760792761,0.0468377998585152453992842578093804976864397914,0.00127197340016820031059171863301370068184132590,-1.75141566440392356090714769704675042906210831
643,4.88082953262494355777774245165823511846456164,133.834839239859362025613647002278415810033585,0.0243735906918051005615869739144191937105366556,0.657874733415042143855616242316328879894665791,-3.06101609250719653619420945377057229815563030,-3.06171343643408424030511587859755183128668193,0.0468400771804592434208067036576317621869273249,0.00127007952940003572105118338122512286645801576,-1.75145888920990947382276007857874578026104021
644,4.88211931471236802024811094126163439380495812,134.004820129498452038578465220423574972813053,0.0243413947701044206997785587204290709033029627,0.657679869788471089739091983983414765207464879,-3.06096759718447641510390521774273292921227743,-3.06166402683402106117409353411689712718739767,0.0468423487601983962476521498822005595228616724,0.00126819135476443416961904295275671791579845691,-1.75150204331322956293561772558295083748010279
645,4.88340715338162414114757180971862184354906021,134.174763883883444999210816465574200532038148,0.0243092906313038808347998281755149087392076410,0.657485425818428547367455762957560893544272099,-3.06091922630074705444986362343137607479507234,-3.06161474425334264532577157151807071086850056,0.0468446146208042841284568095961743211280524007,0.00126630885047572173271365362978194292136841336,-1.75154512692501726609151216292016622832252574
646,4.88469305454204382711220700299352086203498224,134.344670574900096829143091752092302732727670,0.0242772778724186972617854220667905003481897728,0.657291399911485228511231874426267957097231484,-3.06087097934829752764681537188052633889594085,-3.06156558817312972764802160823558561827383443,0.0468468747852209946230973817262248359243684319,0.00126443199090406823365614381451451336942654476,-1.75158814025550184261397980157768864714322371
647,4.88597702407593106385206082110892971677027351,134.514540274182468951655724290893716338924600,0.0242453560928542643395380984710630430646057436,0.657097790482829776329997750698462181236394064,-3.06082285582226154125930319985045758133588728,-3.06151655807737342432636906961943357961551384,0.0468491292762660199583709907669026675656694563,0.00126256075057430945318858781221806861655459880,-1.75163108351401334247510868571199129416356237
648,4.88725906783872689046701883917596076361823547,134.684373053114198947362958462523862561670002,0.0242135248943883001526044255916252612199729145,0.656904595956208421129392196382159253901624406,-3.06077485522059715776144455756727534862981774,-3.06146765345295446993610435212273372747248000,0.0468513781166311467091884892630511397396129147,0.00126069510416478001955975505047387895075648913,-1.75167395690898754277383523646282641575564798
649,4.88853919165917311497130175049458108701881624,134.854168982829762843554866401716626691453215,0.0241817838811531529633269575467294209044254739,0.656711814763865154077712487452730614989027294,-3.06072697704406669376576925950588517770316754,-3.06141887378962263432828909801724050323865496,0.0468536213288833378825312212425621364537897395,0.00125883502650615686525877441470875520759139068,-1.75171676064797085176511953154032776175260845
650,4.88981740133947478254777609578969032993938450,135.023928134215729105057032786135012726765960,0.0241501326596182667594700092304556818646350011,0.656519445346482413622382312747598310775836717,-3.06067922079621679193533885420069123420617768,-3.06137021857997631747880080160358530574989579,0.0468558589354656074805269453428531040543169133,0.00125698049258031313884058266259006640477763413,-1.75175949493762518068146389110669598220189983
651,4.89109370265546140793034370429410037452351560,135.193650577912004393815798082844931258893277,0.0241185708385728042234618077079495659180232694,0.656327486153122279408203129186633103368396298,-3.06063158598335866481424593207340582012221619,-3.06132168731944232049098809260416607115237272,0.0468580909586978876181179228827396828691502491,0.00125513147751918246163204837850520929736302971,-1.75180215998373278358633011658855742644589615
652,4.89236810135674698319122952037577720737658264,135.363336384313071163770701949473179419275796,0.0240870980291084254694635772848767801101913715,0.656135935641168168560114090031195641715583879,-3.06058407211454850883220693328929522557613285,-3.06127327950625579096365481296535861452290634,0.0468603174207778882699230177690890648691648241,0.00125328795660363342043445746386349876221832974,-1.75184475599120106549711558969179543479654613
653,4.89364060316688877209002280992695827428180733,135.532985623569217156936709619095040487813710,0.0240557138446022209143702117525480693503061824,0.655944792276267029253192412441521513382028291,-3.06053667870156808675930529888313594548079514,-3.06122499464144034095695759479173094429613464,0.0468625383437819497200358637879587839350475971,0.00125144990526235418864688693357022976494015871,-1.75188728316406735901346752263798577576940229
654,4.89491121378354490202281933177927126873133510,135.702598365587756865986844127535522087371293,0.0240244179006997966684717298737074579947998166,0.655754054532272026551838801775697121398146273,-3.06048940525890547690701702992778089272738106,-3.06117683222878833580939316786532224650207383,0.0468647537496658877876525651085402265228137013,0.00124961729907074716952615047544466055219834644,-1.75192974170550366968484789481749458684991032
655,4.89617993887863076449274202556563911343210580,135.872174680034245028000896660132165733875152,0.0239932098152985108508637598955078533998240637,0.655563720891185715558523075969048536928961847,-3.06044225130373598739146181853107323996625980,-3.06112879177484135207937211678764516547613013,0.0468669636602658319005848449758165028014503545,0.00124779011374983355657273704847951432909801042,-1.75197213181782139034940895176322518172376966
656,4.89744678409847423490746551477975636715653408,136.041714636333682213427857855587670416186045,0.0239620892085308592537928493914927039985687178,0.655373789843103696970124973068926563846571235,-3.06039521635590323379437376435698073346504738,-3.06108087278887080290492924636535100474151955,0.0468691680972990560878878854434939472207299630,0.00124596832516516770728874359778296413783489593,-1.75201445370247598467440051454178355072093958
657,4.89871175506396972239511595481028072060618320,136.211218303671712573698517603459051959781460,0.0239310557027480087989623755764636093687384596,0.655184259886158750196805629772704690135585969,-3.06034829993790037857658010195545125971324107,-3.06103307478285872909491101127072872967591916,0.0468713670823648029620161500242568182183576014,0.00124415190932576122779348130662646865286185315,-1.75205670756007164012650568518995626825044364
658,4.89997485737073106021704346450400953718531382,136.380685750995813810320233928495845594826744,0.0239001089225034772474111010308299738464202903,0.654995129526465439254497555238017177463157454,-3.06030150157485153061781808670581070200161978,-3.06098539727147875428451147089436846786441005,0.0468735606369451007601150962493692397113924837,0.00124234084238301666700546403173537049258416970,-1.75209889359036589059869076950738386290502607
659,4.90123609658924324724445084708685534703665615,136.550117047016479427688088393135826549105682,0.0238692484945369576429127793994937035799674917,0.654806397278065186697516077814517072565551205,-3.06025482079449330327551290944141438824407762,-3.06093783977207720250730372925421255295932889,0.0468757487824055735132617137476281065544962044,0.00124053510062967072030611587943610585895886096,-1.75214101199227420891835830417741757702333806
660,4.90249547826501305085569109473065560707346986,136.719512260208393331255442678259462327574503,0.0238384740477582859869354013882583865614055518,0.654618061662871810912484019915298444999964029,-3.06020825712715652937368686126217261799416837,-3.06089040180465437655493753844723591315235857,0.0468779315399962444116821154189033480066603615,0.00123873466049874684379100641429413398064552627,-1.75218306296387456945980890171835249739315829
661,4.90375300791871848150219912065980175939940015,136.888871458811596832122206398271721787769651,0.0238077852132315506610463580956414337635796477,0.654430121210617522148734390309947705024425678,-3.06016181010574813155147552175706003095238824,-3.06084308289184599551444934814398194924557371,0.0468801089308523324331998168226281068159709172,0.00123693949856251718138897689194384842283404346,-1.75222504670241198108224814417263609386113966
662,4.90500869104635714908348238609950788599565649,137.058194710832648118520838695350515828096503,0.0237771816241593421302586008541927567924027750,0.654242574458799372713623634160166558876377114,-3.06011547926573314641879400964306955719511592,-3.06079588255890478989166217990379195890898021,0.0468822809759950423014037166061202979942512013,0.00123514959153147370828839539532718007331774495,-1.75226696340430299061281889389227501534660322
663,4.90626253311939351116534296742633165189947186,137.227482084045774254108155796299524687467228,0.0237466629158671414781863494960088256563623450,0.654055419952626156813760740824661486632371046,-3.06006926414511690098452877216937184403529673,-3.06074880033368225274744284268861128499516010,0.0468844476963323478392699955471364730529386523,0.00123336491625330849525320519762210128977654032,-1.75230881326514015709239707565570010195620266
664,4.90751453958490502297052278621598928403607227,137.396733645994015762405324674835834622780513,0.0237162287257878463420205412644743630757893380,0.653868656244965755575045403714824627266046137,-3.06002316428442733984023140070754731187986530,-3.06070183574661054529163667713435928459073213,0.0468866091126597687832270427313129382942757904,0.00123158544971190299953963766101325291884090941,-1.75235059647969649700016014629294380876378789
665,4.90876471586572719896723710555486533165050356,137.565949463990363856168911510078377835701322,0.0236858786934464328322474602503122523577151777,0.653682281896292922825621418281812826245484519,-3.05997717922669750159966389257253066969939835,-3.06065498833068455539731865735289312136436902,0.0468887652456611411219169559067677143609244192,0.00122981116902632628923767337668960816036697527,-1.75239231324192990067122203294154629832826741
666,4.91001306736059759577857213922659145592132007,137.735129605118890369922446116142756119574462,0.0236556124604447520387222258563166148462423553,0.653496295474637507276399396533292204044512663,-3.05993130851744814311169292771509834391429554,-3.06060825762144410751558767190429919167273556,0.0468909161159093810231810127221530999024730410,0.00122804205144984210895977427575322165830128288,-1.75243396374498752011992621528872275173710936
667,4.91125959944429872603445413643077327841800914,137.904274136235870453330584349079316968986845,0.0236254296704464597411753768531556226523513627,0.653310695555533106783695315079365350176392272,-3.05988555170467050998095733544589737340979537,-3.06056164315695632248849147784229937823011322,0.0468930617438672424120796360785269549302189493,0.00122627807436892469588329272453243948431587103,-1.75247554818121012847969977634529626036479818
668,4.91250431746779991268783325064475689821279127,138.073383123970898082556525133921719204763251,0.0235953299691620779584789393607963270520723252,0.653125480721966150427777889905639288523176797,-3.05983990833880925194744118118684011074282740,-3.06051514447779812577480644820065764886273024,0.0468952021498880682620496480407839905023003714,0.00122451921530228325622250526964813962691244181,-1.75251706674213645126869557553895260446461826
669,4.91374722675839809321784977705205134397344563,138.242456634727994446207793685336706177507386,0.0235653130043341869870313336419627806114024848,0.652940649564325404189727624434607082263229256,-3.05979437797274548169257794613104084797279307,-3.06046876112703890262031203674364140886150366,0.0468973373542165356606028925694864091502424412,0.00122276545189989501326162936585216459860164296,-1.75255851961850746968878713176856880071965046
670,4.91498833261985758304504708746198451461662753,138.411494734686709261945765224498895207125071,0.0235353784257227465944414247178619752505760734,0.652756200680351896056992798440014434997869804,-3.05974896016177997565579219357857780267639867,-3.06042249265022329872089803592215524762550258,0.0468994673769893947102804796986922715468065171,0.00122101676194204673912166835110232022721930325,-1.75259990700027069616383126659026838711797873
671,4.91622764033254880738714917864784332190417051,138.580497489803215079310302526295813200932086,0.0235055258850905450503040729567079727710551043,0.652572132675089256435391698009664019306607828,-3.05970365446361651546145695563443980591169904,-3.06037633859535416494332632620370921892203385,0.0469015922382362013248958366562161555247081619,0.00121927312333838468346169703650114417855820004,-1.75264122907658442232147697251096245246281737
672,4.91746515515358601068851578450757017075546855,138.749464965811394623792545453218014317498508,0.0234757550361887746912657599468453335208712939,0.652388444160834469792064931062869597936370286,-3.05965846043834536857211082586666531456756014,-3.06033029851287564468474097936406687530566258,0.0469037119578800439804273207281925007050651313,0.00121753451412697281332944818018901389133856679,-1.75268248603582193962117526162213707869879792
673,4.91870088231696395266210931677611591414417715,138.918397228223921236676151703221242940997636,0.0234460655347427327327822696033885603115943451,0.652205133757089033500035487543761861660363395,-3.05961337764842690679944135314441731893941421,-3.06028437195565640246808430851995472830209655,0.0469058265557382644792572322767414730871592668,0.00121580091247335927937698621681041715654528799,-1.75272367806557573282943383829952899066977985
674,4.91993482703369359988964054927667309538102920,139.087294342333332464660076731134250369971029,0.0234164570384376460549739633488420533256101562,0.652022200090510519900595907985181432450450222,-3.05956840565867536132000369849794387393522692,-3.06023855847897299238643472955487407620422972,0.0469079360515231727857985440001171349282963865,0.00121407229666965102464505315316078200621626762,-1.75276480535266164654176224884835191943137996
675,4.92116699449193682183348922305943408967526138,139.256156373213096852774229549765170679903740,0.0233869292069046187047908223131252479460771627,0.651839641794864537644720001766455323765214919,-3.05952354403624271285790849412800530093219164,-3.06019285764049336502493804120499274792138500,0.0469100404648427559909034159238730729646639939,0.00121234864513359645309453363947674802020000902,-1.75280586808312302494916761288732908640112489
676,4.92239738985714010002300711693525570144737376,139.424983385718673993602983156684926517942916,0.0233574817017067008713120127965178732976986773,0.651657457510977088419099355977256473086835675,-3.05947879235060271571178324046169517706573182,-3.06014726900026051150445982744832756433591030,0.0469121398152013814618084782151108415975996232,0.00121062993640767607602559995030521397863859560,-1.75284686644223482504548805774039777818389520
677,4.92362601827216725908789030558680697259668669,139.593775444488567885340487856692928064449787,0.0233281141863250781054260915550643140461281396,0.651475645886687315206240614385274089383307099,-3.05943415017353505431819015815238756068909095,-3.06010179212067624330634597374578063179850381,0.0469142341220004942337408210151514563371191859,0.00120891614915820105547464802037528758289886520,-1.75288780061450770347029047967885330108509178
678,4.92485288485743122822244023093860319155967847,139.762532613945373650715967847372761456367841,0.0232988263261453795693708872805039267928454838,0.651294205576800638271336271033338751687310291,-3.05938961707910963105837289858477975515431846,-3.06005642656648510655274356140988895603524786,0.0469163234045393086986855191632035548957401339,0.00120720726217441956461630488875133645615549862,-1.75292867078369207718051116582781089110996280
679,4.92607799471102484157670596330832585370201562,139.931254958296817668346612079763685965722140,0.0232696177884441041156593118814950481025595198,0.651113135243042275111347474552970353690284934,-3.05934519264367098402970758762758180620125982,-3.06001117190475842943180841150597160088669588,0.0469184076820154946462002287576912818583264131,0.00120550325436763088612275511737828530597964925,-1.75296947713278215814248204900860151039472156
680,4.92730135290885068598369895145751671713043495,140.099942541536791167600236443183408009430455,0.0232404882423751630087815639808414833543452413,0.650932433554011140643919912306227871033613756,-3.05930087644582283351755297008512176754042441,-3.05996602770487850147181099783465895050401893,0.0469204869735258577105548125148263784555812405,0.00120380410477030717034557532617020048287659358,-1.75301021984401996223446185563990468334995014
681,4.92852296450475000434608317905738457577455935,140.268595427446377337579533456040495615663084,0.0232114373589565381167580385646481384495299982,0.650752099185134123955400949878449728861846287,-3.05925666806641275591733253241109246995392244,-3.05992099353852288338265200208660873816569370,0.0469225612980670142778739740677552408493402484,0.00120210979253522277608635548328676452036630496,-1.75305089909889929254828006481528793658804190
682,4.92974283453063066292095467976491323220442129,140.437213679594872000374376421804649083870126,0.0231824648110570544131233598319776163823697456,0.650572130818620737968345432267902350240161526,-3.05921256708851698387064096420747907820638247,-3.05987606897964884619761506606983623180946430,0.0469246306745360609063684015976643499422575487,0.00120042029693459111761179381093237529312625630,-1.75309151507816969727720234543211392249421349
683,4.93096096799659419065752172783189927858446537,140.605797361340797898268246812543792808723713,0.0231535702733832656432528763489268681822025251,0.650392527143418138429496380559414168885475447,-3.05916857309742533139295069054074584385218254,-3.05983125360447793846231988805285375183301472,0.0469266951217312383121548340275508868469420126,0.00119873559735920894244684721370806165836903852,-1.75313206796184040237563889827800526426696334
684,4.93217736989106189865966781990622059496930341,140.774346535832912644129346673149359063394661,0.0231247534224664520221012251546553944475885787,0.650213286855166508659312597345352231612988594,-3.05912468568062624278410394379927141001128312,-3.05978654699148068023179625469689523689780859,0.0469287546583525899725876655729134009531850069,0.00119705567331760796534606644980184189138611208,-1.75317255792918421917484182171391569224218879
685,4.93339204518090008776351108754940504245990547,140.942861266011210383766283107023990787052467,0.0230960139366497288434106709462232919396751311,0.650034408656154806543695166295927239960355127,-3.05908090442779196412621438391979944980442486,-3.05974194872136138265038139929185820457950489,0.0469308093030026153984540954433421226096326917,0.00119538050443521378469860767422744791734076228,-1.75321298515874142713727416339381710442007004
686,4.93460499881154435213915350427934887981487253,141.111341614607917218582311213908220774545338,0.0230673514960752648932673049277810002409286706,0.649855891255276870287646123878255874124506647,-3.05903722893076383618687201980152094489588998,-3.05969745837704309190275169482541661950698633,0.0469328590741869181258213091893410747767099264,0.00119371007045351200846674974953174741264869732,-1.75325334982832363193088163665714168679409321
687,4.93581623570712298674582883218408370438637119,141.279787644148480436420937791953341071505737,0.0230387657826716095735382536688129792732830835,0.649677733367987879489182211169142692726895499,-3.05899365878353770755864849596463917868983385,-3.05965307554365265633783755245959494995446997,0.0469349039903148484777676483806283996339515213,0.00119204435122922151759121758113039500520568184,-1.75329365211501759900305798913012104144951845
688,4.93702576077057950639059752623258817196329640,141.448199416952551598059164050678832026450599,0.0230102564801411276532151716428976609396333294,0.649499933716261168129931488870132066883446440,-3.05895019358224946687883901386847689391430812,-3.05960879980850591558063989045894898454866018,0.0469369440697001411456800892775105103698971686,0.00119038332673347479561937094986409701582076482,-1.75333389219518906283266663298668627517313791
689,4.93823357888379428406258778974919712351764329,141.616576995134963526372725631463816210406654,0.0229818232739475405780208048819547358885184950,0.649322491028545386116467519718666735783784917,-3.05890683292516069298615454778290158128659223,-3.05956463076109301046007001687510698895867867,0.0469389793305615476392575136834429183600220054,0.00118872697705100525412451870407429315760951645,-1.75337407024448651203706430158080072737988891
690,4.93943969490770531613753283528032482530993148,141.784920440606701244770317269600771547943050,0.0229534658513035732808086134961556605709782848,0.649145404039722006043591484852295794918232693,-3.05886357641264442188369584643895162350552356,-3.05952056799306381259387454650095401992407040,0.0469410097910234636538231224635441248800526837,0.00118707528237934148428641016217702238944006555,-1.75341418643784495050966710614255579922917437
691,4.94064411368242812197099350443606236056362051,141.953229815075866911070913066966998555332709,0.0229251839011587054473025876690889130239707078,0.648968671491063171887463596117691578726447148,-3.05882042364717102939000120492862688876438505,-3.05947661109821347248448532832215064488294877,0.0469430354691165514030198219266433183635836980,0.00118542822302800836579448723412018507256941578,-1.75345424094948963476220534936123137990227955
692,4.94184684002737478532317125872609047488039116,142.121505180048638792579857914784304037332981,0.0228969771141870262035877096314853685862644556,0.648792292130189886372717984806865184144693342,-3.05877737423329422837226533344667268873103465,-3.05943275967246808499225353847094322800724316,0.0469450563827783569644394144467568333979865683,0.00118378577941773496501689785122437066472724223,-1.75349423395293978764443073046709844482911749
693,4.94304787874137214498359785610057748144272488,142.289746596830224327705358166180298366170879,0.0228688451827751912034731926409593934918295571,0.648616264711030533793476278743982154116945103,-3.05873442777763717946797899391578084163313434,-3.05938901331387047106498930567067047380269762,0.0469470725498539226852198577730429009971274916,0.00118214793207966915514971727837644868786254675,-1.75353416562101228861266806947034059884012752
694,4.94424723460277914189022362210766590355796724,142.457954126525807319047287968893768420214807,0.0228407878010104811054128224491784101945394097,0.648440587993779735103510615531302331588108465,-3.05869158388887871421324054279953606212298075,-3.05934537162256607461503565765530452495356043,0.0469490839880963946941346342317282860453500415,0.00118051466165459889182244001338476737080133845,-1.75357403612582534071724330722970734804976118
695,4.94544491236960332996450511707788907037039391,142.626127830041489302484800185745850924742719,0.0228128046646689604400815587103514501844581205,0.648265260744857532125703074842657712915513564,-3.05864884217773966950784319656616197700409042,-3.05930183420078897344726035109222257528833740,0.0469510907151676255661943045803110547994313805,0.00117888594889218007838773029989750385694977735,-1.75361384563880211447747022383995921114449938
696,4.94664091677961655781200435535568726882578965,142.794267768085225136388036696154303260579666,0.0227848954712037358809771117292433318397805823,0.648090281736868897765411546562569589853039258,-3.05860620225696933235894778153640536699910800,-3.05925840065284800315335338444863549676991310,0.0469530927486387721852825260671494132102399093,0.00117726177465017095586579067567623652616715787,-1.75365359433067436881153998142043647551483096
697,4.94783525255046982836674486769298919884238612,142.962374001167752854682221903109534339803697,0.0227570599197333129415415497456247706010255481,0.647915649748563569146387890425720163959982633,-3.05856366374133199385671196711218585927081593,-3.05921507058511299289967377117396549873186948,0.0469550901059908888498571060028468718661916202,0.00117564211989367295324666020552409192576052797,-1.75369328237148604918733015988633855436999445
698,4.94902792437980734348711428401160777117231344,143.130446589603517827099545949234692420628894,0.0227292977110300501332831374711459592703868760,0.647741363564796200621508800782850085742356794,-3.05852122624759361134666550470795507695602344,-3.05917184360600111204759851603996519068356998,0.0469570828046155156662609578577179141936212113,0.00117402696569437793457741977732563306738574073,-1.75373290993059686315883333698719859443633933
699,4.95021893694537974044144837109905753616950770,143.298485593511591269565451611104551302714164,0.0227016085475087096302245502274853201524471507,0.647567421976486833643778890963780751661854056,-3.05847888939450857777489876786309506701398390,-3.05912871932596332655689170589848236294801201,0.0469590708618152622737080448048137099176197997,0.00117241629322982177997579168649543764300992732,-1.75377247717668583345159938828315400512743460
700,4.95140829490515652715256735611202474882063403,143.466491072816583147281182877295540629288936,0.0226739921332151034957123112360953432675016741,0.647393823780581680515854890287423855519068258,-3.05843665280280659719327084597339260192397998,-3.05908569735747096413403418230419453886458411,0.0469610542948043869445354552013840880613513694,0.00117081008378264423841710329582103470796459931,-1.75381198427775482875929047047333565973152001
701,4.95259600289743772300245181482479671102254017,143.634463087249549512683686243741863573535432,0.0226464481738148345381956934203331694141248455,0.647220567780014219068725150530913027047208641,-3.05839451609517966542284548951224517708281390,-3.05904277731500238709873636214421122283311688,0.0469630331207093711028445764220915647400178354,0.00116920831873985499083816644653165880470809124,-1.75385143140113207241216302447361550088768045
702,4.95378206554096471193093245903268461380421028,143.802401696348894320087130828308482499219460,0.0226189763765821308730233126407297583904568670,0.647047652783666595352165449108908579882772539,-3.05835247889626915488463021436995635851541533,-3.05899995881502977195300033877146592836736996,0.0469650073565694893041918395917682554448030568,0.00116761097959210586278943017326222420580709776,-1.75389081871347562907701701496375215768788293
703,4.95496648743503031449571601669048930412507427,143.970306959461265758437384181711039613588024,0.0225915764503887732776140883393539783339639449,0.646875077606331331451185830299451084092552795,-3.05831054083265300261742769453353345948241048,-3.05895724147600599464810432621238633704138197,0.0469669770193373747185326211497022594573953794,0.00116601804793296912654591688255215758841152267,-1.75393014638077686964688893311786552199230146
704,4.95614927315958808549526839596705431657063238,144.138178935742447143241701429887276358658559,0.0225642481056931144375380029665057067271626200,0.646702841068673335573889337435859879946402269,-3.05826870153283300051321102539815481201121302,-3.05891462491835162055575467025489220182984210,0.0469689421258795801581705319966221754133541901,0.00116442950545822183325807234724876898980775178,-1.75396941456836391447751175146984214975302213
705,4.95733042727536084369101693146030135361909265,144.306017684158242408370610999890629742754265,0.0225369910545291891910929677370778161731458990,0.646530941997192211586987270178122502535216628,-3.05822696062722218681090731676993816358942135,-3.05887210876444199816038988192109565219760074,0.0469709026929771346920184265457894812524014961,0.00116284533396513611638586664838776039335456542,-1.75400862344090505512632195717140172756900299
706,4.95850995432394844010100633255986701138333945,144.473823263485356238067466125219583344330369,0.0225098050104959148898888857154550126333204797,0.646359379224184865205662283511829402983058338,-3.05818531774813233789981914035086245518119493,-3.05882969263859445550022926261176261509161692,0.0469728587373260958870369487493478513178706039,0.00116126551535177540831339373862335004659916704,-1.75404777316241215474856092536188316359905234
707,4.95968785882793477127353872769283396133779100,144.641595732312268879143333648172655845461896,0.0224826896887463810027504529924228415694936084,0.646188151587708404074545381675357120364197487,-3.05814377252976155949413234993506181752225592,-3.05878737616705559839513747047428795843714040,0.0469748102755380977172812276230077334296569330,0.00115969003161629651268694699047630552060351505,-1.75408686389624402730379515134379667316393419
708,4.96086414529099404388643779133624717267037220,144.809335149040105672980766961915573071290894,0.0224556448059772270999280868266398146919435673,0.646017257931543329006280725718465975137118525,-3.05810232460818197625005342635235555345277660,-3.05874515897798870950972758191345434564717256,0.0469767573241408941805563695454136157193176254,0.00115811886485625747565721054844705754874400537,-1.75412589580510979572496716238625481965113118
709,4.96203881819799629695539134868319884514905741,144.977041571883501346619515455374189569212796,0.0224286700804181083641633215562296579085640538,0.645846697105157013673498166317306258106036610,-3.05806097362132751890709146037532174870669821,-3.05870304070146124731035056191770368875703487,0.0469786998995788986622575983212785513226276422,0.00115655199726793119983591341215161941107662928,-1.75416486905107222920088620118876504989561827
710,4.96321188201511218787333719724998151727521220,145.144715058871459101850316289881393148454003,0.0224017652318212477845927482145866325140595503,0.645676467963667470079002457079732439353823099,-3.05801971920898180804485083713041237545186986,-3.05866102096943244398472027738980173739849373,0.0469806380182137190855511973695100413389779052,0.00115498941114562474539915511853424312722898543,-1.75420378379555105972187493755802758267886855
711,4.96438334118991704844205441120041537276733618,145.312355667848204540899554047866634626002722,0.0223749299814510741987947458083775011736270549,0.645506569367807397157625047174511741442076283,-3.05797856101276613355643226196849680500257055,-3.05861909941574100140290194884367113607939504,0.0469825716963246888866377431539639935999150656,0.00115343108888100426338373716837666719780385148,-1.75424264019932627803710544721417452600580191
712,4.96555320015149421699699847067018012776473750,145.479963456474034466947718593122331923909354,0.0223481640520739453574874895911755078191700644,0.645337000183888509891473972263884984724360886,-3.05793749867612752894915358278502676760613335,-3.05857727567609288420824989248630561582943317,0.0469845009501093938534294178483827812563249490,0.00115187701296242550682932981008918626806682167,-1.75428143842254140917098442169822095387739706
713,4.96672146331053765266696467319336885142964005,145.647538482226160597388200746038447486992458,0.0223214671679479551954766280261977014738314048,0.645167759283766146348264364412112267036999288,-3.05789653184432693959279950594430598007494046,-3.05853554938804920913661918701478370492837597,0.0469864257956841948655683859438133529717399702,0.00115032716597426986601827468462531714160077562,-1.75432017862470676764478396626873295607943087
714,4.96788813505945383775137204428011414244904042,145.815080802399548227399999009106217086708341,0.0222948390548128245014281746989239804343893139,0.644998845544804150080021119502685718831145625,-3.05785566016442748404499233713708001446825352,-3.05849392019101422967179711333697261910451075,0.0469883462490847465733132487677588937192276719,0.00114878153059628587465637378678991523296708489,-1.75435886096470269254856032895068263625176049
715,4.96905321977246297413982109278915398407141679,145.982590474107749881078329000559225432739316,0.0222682794398798741879081194327147583764195336,0.644830257849840025346720860113713145221474964,-3.05781488328528280759254584632232169711001361,-3.05845238772622341515460544292227451847244062,0.0469902623262665120524253883512554381125605575,0.00114724008960293613442224627902570069303195214,-1.75439748560078276260725840936616111101242634
716,4.97021672180569947964108509242705110737868397,146.150067554283733987040891401580759303991452,0.0222417880518220803718865558888639042209434200,0.644661995087150362656387010066196120720682680,-3.05777420085752552715682277614204775920174060,-3.05841095163673162347251545018315892694305933,0.0469921740431052734717965143596688943699874540,0.00114570282586274960588984742999141671337093576,-1.75443605269057699138376484680961629123997196
717,4.97137864549731179003183806510065607065876872,146.317512099680708615104625533811564511825738,0.0222153646207642104845522593919271911055421839,0.644494056150416532139773984278229657533387638,-3.05773361253355576672016488212524010472586604,-3.05836961156740136646589543166307313008165283,0.0469940814153976388101728724317138038031673229,0.00114416972233767921439863735053666357690622829,-1.75447456239109500276054680975175233630719529
718,4.97253899516756147257919535801086933097262840,146.484924166872940310308116094906144282607523,0.0221890088782730396378251141748588583461875606,0.644326439938690642304078558538922373611975668,-3.05769311796752978243940418475423464470728864,-3.05832836716489116719617704262580937728975803,0.0469959844588615446579502977002795588724780512,0.00114264076208246472000875878026909544982486583,-1.75451301485872918684039723044173989453244870
719,4.97369777511892165673553681711296576603372870,146.652303812256568060238392516697391325469955,0.0221627205573476464833900467948482762142325809,0.644159145356361761736102717945484852620476487,-3.05765271681534867662129678042065392719396210,-3.05828721807764400823028340031747366630851551,0.0469978831891367551396375428495811561836697143,0.00114111592824400080123452898713552098873102718,-1.75455141024925783640570007576137108243365762
720,4.97485498963617478764909034577280197331192189,146.819651092050412431307626782373699144996109,0.0221364993924097878084086131536516896344987211,0.643992171313122401350966925842272532892675966,-3.05761240873464719974344753139158918028053949,-3.05824616395587587010461012112549902854521442,0.0469997776217853569922130160331952039868960750,0.00113959520406071030279866548481745416473126423,-1.75458974871784826407453124656573562663014026
721,4.97601064298650970807936748645215844605902047,146.986966062296779909315159731461605311000784,0.0221103451192943511202945296687446777922041013,0.643825516723935254807839980243610630427057018,-3.05757219338478263971291664400626303064132204,-3.05820520445156435914069170287367569973690380,0.0470016677722922508342321714456150876136673548,0.00113807857286192259819204193262624418877946774,-1.75462803041905990029082178039035167595135927
722,4.97716473941961807425275506722231090433225107,147.154248778862262479323331749366681804416484,0.0220842574752398844810686326232913359303245898,0.643659180509000194739215543276749421120346935,-3.05753207042682379756321893855662074121153075,-3.05816433921843742379342135906370507106109738,0.0470035536560656386601792462727312162934603440,0.00113656601806725701835950104739358564039596572,-1.75466625550684737228473012495553710913310148
723,4.97831728316779011114037050923744494629926886,147.321499297438532479571725599639062296000811,0.0220582361988792028598383705005326876867072554,0.643493161593721522465030091791520747045164989,-3.05749203952354004879884488239521491886775240,-3.05812356791196215872132396355221395378745475,0.0470054352884375075941977749548751418482190230,0.00113505752318601129836142603990083797900744818,-1.75470442413456356413829928107425314325416620
724,4.97946827844600971258767579308610535304173609,147.488717673543132763853611786184091888238957,0.0220322810302300702798783384404347509801613526,0.643327458908675468887386434854993411208437117,-3.05745210033939048960475054840617633469297355,-3.05808289018933369577691055587786640652397110,0.0470073126846641099369792788211915046940629578,0.00113355307181655499438348005129515350520697984,-1.75474253645496265809041251247095261535439695
725,4.98061772945204889167330912841506930700760820,147.655903962520262206480585453370399084261974,0.0220063917106859570446228877723922051410614480,0.643162071389577944285825008513962296786301815,-3.05741225254051316714648290296049236702854887,-3.05804230570946418112357025288755352957823772,0.0470091858599264395392386706550284950826305921,0.00113205264764572782398325203965397025220972942,-1.75478059262020315721400801613344691839040208
726,4.98176564036656158662312695826040384421775998,147.823058219541556583666564111933075420701291,0.0219805679830068713346208028094206266089725804,0.642996997977252534756975764269299655887871986,-3.05737249579471439319472853030669744415253860,-3.05800181413297183769378275516075363271143106,0.0470110548293307045348581748901886285639509781,0.00113055623444824288297258397730070832141000521,-1.75481859278185088959746837002452916905272862
727,4.98291201535317682755454505015414262108059580,147.990180499606864864870443522508926697655332,0.0219548095913102644751467279980265362623975095,0.642832237617598743066030432570901855166968320,-3.05733282977145814031609935434562008808221057,-3.05796141512217011221166325106903504410173784,0.0470129196079087964664388909724523172867001902,0.00112906381608609469283818320278263182638651595,-1.75485653709088199416106465554529448664295613
728,4.98405685855859126927591916902563745928563986,148.157270857545020947347751412441230017766921,0.0219291162810620091817157280155496428140690752,0.642667789261560471700802027734258278621347361,-3.05729325414185551987989939540338040809408450,-3.05792110834105690601098271188377432604369577,0.0470147802106187558356604667842223664036861456,0.00112757537650797203310082919883626189874035437,-1.75489442569768588823830782073441852777155986
729,4.98520017411266109531590637516620440503005070,148.324329348014610866875562306044853109375597,0.0219034877990674500982073293703969556450376830,0.642503651865094745942189372339116110394119652,-3.05725376857865434113845335192799816210164564,-3.05788089345530388888784162389653863268272152,0.0470166366523452341105146485238264688097671558,0.00112609089974867551350514856503955134839120505,-1.75493225875206821705104103787313968472074103
730,4.98634196612849329830849061990187986596067028,148.491356025504735517331708993776054500967869,0.0218779238934625259496748636424363305609273124,0.642339824389140674787642809534984719664025005,-3.05721437275622875064632205974153619675085243,-3.05784077013224589523511538506970618861295624,0.0470184889478999522211476814111919596961877981,0.00112461036992853984141763692180357648216579099,-1.75497003640325378520609644741259990216278967
731,4.98748223870253634181063438940571223366764963,148.658350944335768911528914844829886602856287,0.0218524243137049626391961304322559291170373216,0.642176305799588647586736739550352199638343040,-3.05717506635056895129138287139344489111964166,-3.05780073804087040171363615290325110522317622,0.0470203371120221555757196011574648110947970589,0.00112313377125286074029043211607792606470005651,-1.75500775879988947034033770082161474603676501
732,4.98862099591467020858132513065098549405276969,148.825314158660112015426844481107954865042470,0.0218269888105655366253135249783439938088924255,0.642013095067249764270198708403072436394850309,-3.05713584903927100021831591444028774937111282,-3.05776079685180708572283009748013007310296804,0.0470221811593790656273653291181466625343080403,0.00112166108801132647552236840784360321320940741,-1.75504542609004711903991605034917812601133838
733,4.98975824182829584030311462897755018058132659,148.992245722462942187570196880469164482109278,0.0218016171361194079237170160313015292120238547,0.641850191167825497075726987013996195322847586,-3.05709672050152668493251121190765123643060088,-3.05772094623731746394119200169717677785919576,0.0470240211045663280230231149977178624566231497,0.00112019230457745394451714414249215609053701665,-1.75508303842122642515858231649683199825767348
734,4.99089398049042397368009502765417602249616861,149.159145689562958255328813761986610955576415,0.0217763090437375220838428811846366828660671050,0.641687593081877581695652351488015019071247765,-3.05705768041811347687979794545894720953643816,-3.05768118587128461021455215460996494661185585,0.0470258569621084573645802111472432212133800013,0.00111872740540802928820109245180484409301049773,-1.75512059594035779065891982730272115402334679
735,4.99202821593176337779961050583009174810719266,149.326014113613121259246316514432212220301791,0.0217510642880780804979960594363680578645903385,0.641525299794798135792968504086259991825362702,-3.05701872847138456180469685976239300526917835,-3.05764151542920295207757468145481673936008097,0.0470276887464592786124736638512579805155532599,0.00111726637504255298172013134008773906043364062,-1.75515809879380516909939430086635705515745688
736,4.99316095216680849759886256687839536434706349,149.492851048101390896536986735360286791243990,0.0217258826250780784074554973000176427999551763,0.641363310296780002853472603991490932642552678,-3.05697986434525894619711107650904448291470919,-3.05760193458816814520132300609487659570043112,0.0470295164720023651615757221789273627669123519,0.00111580919810268936248706055522945188693328118,-1.75519554712736889188915556782055836268923432
737,4.99429219319392650823192332242330208843336992,149.659656546351457694506438805683605794169196,0.0217007638119449099767910615981114745303407463,0.641201623582787319362726003549199621934008357,-3.05694108772521163914450052348784121022427913,-3.05756244302686702506703819247377429825917600,0.0470313401530514736188885472954477179524523174,0.00111435585929172055419654127649224057377258416,-1.75523294108628847743157293803106025402648185
738,4.99542194299544378508751905873440797829426495,149.826430661523470944410068361734303487719858,0.0216757076071480398143085690203473606256601233,0.641040238652526303317268757762871916200728773,-3.05690239829826390891363188702053517967853694,-3.05752304042556763517350058878524712328207829,0.0470331598038509753122716085765123856373370816,0.00111290634339400474586591315502093252748811566,-1.75527028081524542327654084043922665812545413
739,4.99655020553773179416327979320904373339764060,149.993173446614762426004268940967753182422620,0.0216507137704107403231473233043160258278816169,0.640879154510416262100002994030538514980290033,-3.05686379575297361359296054806063462425910418,-3.05748372646610933109248561290619037742290413,0.0470349754385762845591273320798561399246014479,0.00111146063527443878539554284369100808595918391,-1.75530756645836598140065404184271985328546117
740,4.99767698477129240745796360081633546017975250,150.159884954460565952788961730360160850408292,0.0216257820627018942740833232785751931025253467,0.640718370165560817769902950853982368165491206,-3.05682527977942560513358443098283241269308643,-3.05744450083189295969388176566525540004330758,0.0470367870713342837236761771865381341909947348,0.00111001871987792504757272903229609635201959431,-1.75534479815922391673342221513674542231181339
741,4.99880228463084264799945142385486900131050638,150.326565237734732767686051858960845466747314,0.0216009122462278619975420611177405994432960168,0.640557884631719347836216528508658800555520217,-3.05678685006922220613351313184954295348463027,-3.05740536320787111286901411949621470296279111,0.0470385947161637450911613144484916379567565159,0.00110858058222884253686838031903558994166745474,-1.75538197606084324904677181613970426930843867
742,4.99992610903539886908306316097301216358491377,150.493214348950442818646981022946442549455348,0.0215761040844244125986986067116257760565378448,0.640397696927278639607097606678689165842975298,-3.05674850631547375871672013699554085751797127,-3.05736631328053845508761066826342596186393746,0.0470403983870357495870354184105258185765589275,0.00110714620743052218579580214753442290427141730,-1.75541910030570097832416907704889602965937463
743,5.00104846188836037225196342734974932330229097,150.659832340460911943433562737125253130578960,0.0215513573419487186058404925988519471158325903,0.640237806075224756222153195058556980324630426,-3.05671024821278924486509241555191472691573735,-3.05732735073792212413066308863794529266890354,0.0470421980978541023688977305720935478704702369,0.00110571558066472631001604467487593585292026125,-1.75545617103572979372479137068418702535142916
744,5.00216934707759246850909992678262221392987454,150.826419264460094992569735839860759189349128,0.0215266717846714134683917810941637535544898864,0.640078211103115112497707670788776063518537108,-3.05667207545726697756796117887507414957490268,-3.05728847526957220434816868846056417464453940,0.0470439938624557453186684474800203397624183134,0.00110428868719113218178444098773054055920728505,-1.75549318839232076625727518027338477024772797
745,5.00328876847550898720824339193580126367683787,150.992975172983384919217727047254366609393601,0.0215020471796687113271456030009502545861434129,0.639918911043050758732680856560361103220644797,-3.05663398774648536216039113922830457479636725,-3.05724968656655227179739762242071350605259052,0.0470457856946111664622096055575415332852623012,0.00110286551234681968373826976620197272009003735,-1.75553015251632602527667736232921413646284566
746,5.00440672993915423703027011804426626471821384,151.159500117908307864490347700634861832337388,0.0214774832952145884853283831514625236639715144,0.639759904931648870641850398540587094907972216,-3.05659598477949372722782414881355668657444260,-3.05721098432143001062390984496105527655676738,0.0470475736080248063433269266239714481373901366,0.00110144604154576300542597257751692905801197526,-1.75556706354806141891740225330498614148093098
747,5.00552323531028442340984089687848756313567305,151.325994150955214266471737052888424882800049,0.0214529799007730260151228752440770894330284835,0.639601191810015443601924665860189747675300482,-3.05655806625680322446101762377928383831872382,-3.05717236822826790005405073515064912690344129,0.0470493576163354613788155156676699471512868593,0.00110003026027832634537410680159683368836875656,-1.75560392162730915857397038275913976756425769
748,5.00663828841544852673707838167302079902960637,151.492457323687966020981778493797119322733280,0.0214285367669903129402099663443278334188550128,0.639442770723718189414293024497434376653109808,-3.05652023188037779685148960784030523454874725,-3.05713383798261397137408384485162143583752599,0.0470511377331166842209438253963087872877295033,0.00109861815411076358187928316844952215578274240,-1.75564072689332044754063505569686989503545878
749,5.00775189306606864561872337989634352031070557,151.658889687514619721884630343668478249543236,0.0214041536656874094407519155082510657569538534,0.639284640722759633806548609187636050700977927,-3.05648248135362521462388164484923868165236671,-3.05709539328149263427747475248320237186664316,0.0470529139718771811535048810567436467235102088,0.00109720970868472187609878354137923326558151041,-1.75567747948481809391999079400323726865893129
750,5.00886405305851980944355414801091233544450350,151.825291293688106008509303886535913296172763,0.0213798303698523695330331832440414005563111553,0.639126800861550412912897359244911641511175850,-3.05644481438138817830777873398372267349064365,-3.05705703382339557196812249907655722007648952,0.0470546863460612065473013551977777399433041714,0.00109580490971674917139544054022741901348595819,-1.75571417953999910790986252127370830695214975
751,5.00997477217420926445757638749885410524110410,151.991662193306905047519963120230472572673780,0.0213555666536328226817001975837578599275458864,0.638969250198882766991378790863898910993236256,-3.05640723066993548835758344700904943838627567,-3.05701875930827270441354547670460176135584245,0.0470564548690489544006716571917488698080888674,0.00109440374299780555326974562100872070921022336,-1.75575082719653728357691637714597865816492257
752,5.01108405417965523751563031811277770783708978,152.158002437315718176345588530285095214073462,0.0213313622923285138081991838955434896561020356,0.638811987797904229653431404324440816062961830,-3.05636972992695328073502969331559693416888868,-3.05698056943752321914816785413789876310106319,0.0470582195541569469904077187191339882080588412,0.00109300619439277843458509520771019856981327683,-1.75578742259158576522459209712560377828105053
753,5.01219190282656518163761000222883066568208356,152.324312076506135735052816611822992676201427,0.0213072170623839011646024418122140140173524400,0.638655012726091510898741386690298939377010203,-3.05633231186153632787484151141096510282517596,-3.05694246391398666903292157008411440568315385,0.0470599804146384206581615768649749651932311339,0.00109161224984000153116064345702582002441306397,-1.75582396586177959846212293298478994178373825
754,5.01329832185191350745944414802199851174053258,152.490591161517301113322113732327797321129108,0.0212831307413808115475390536502349567155606237,0.638498324055224572265519949182371817159284839,-3.05629497618417940445989451908252225479396402,-3.05690444244193413638337849716670042462971799,0.0470617374636837087571871443063536843375379481,0.00109022189535077759317046244205942674818112538,-1.75586045714323826608058205862855060674211352
755,5.01440331497801880463134212771698093936457331,152.656839742836571038965943408579326481908396,0.0212591031080311523324068117925166371521475084,0.638341920861360892423364777069536447445233494,-3.05625772260676871743802313006195981460725499,-3.05686650472705946288455846382704576865625774,0.0470634907144206217840156751266762725956639275,0.00108883511700890485814767236056344655549469210,-1.75589689657156820884107424881701791951634663
756,5.01550688591262055717855917230325111494076579,152.823057870800172134208216615192911675920433,0.0212351339421696798134390027365065910794210863,0.638185802224809921552677176414984650480683916,-3.05622055084257339971833619214344467258671499,-3.05682865047647054471642228811211187373450960,0.0470652401799148247194183494185025895414218737,0.00108745190097020719174795139328995843911204221,-1.75593328428186533127937827567988567560096152
757,5.01660903834895535680307596998515052663346424,152.989245595593853765727052090336658343533258,0.0212112230247468233405334157652681688280703841,0.638029967230107722871231048762858435171151992,-3.05618346060623706699055815784002440271390127,-3.05679087939868069231985568612626934450274204,0.0470669858731702116027670748708086378460916244,0.00108607223346206788277842184951623232035182989,-1.75596962040871749263053888335199771770471450
758,5.01770977596583261806811558774738605459581817,153.155402967253537214247694780723280086075705,0.0211873701378215647490223754451691899130641713,0.637874414965991799684925249475257592044399135,-3.05614645161376943711650308958570459939255544,-3.05675319120360005423868071602991904792763324,0.0470687278071292773636650043054948261929033368,0.00108469610078296705934539024796623170691469052,-1.75600590508620698297610731751076284648980247
759,5.01880910242770979937133019968445480456777597,153.321530035665961189259322877634135392206581,0.0211635750645543725837725385997814726094240933,0.637719144525376106355999591301323463749962608,-3.05610952358253801154831554142698772975731175,-3.05671558560252710447889714124964927357600014,0.0470704659946734869344813604387171828149687826,0.00108332348930202269331784722976646338832160853,-1.75604213844791298471593614773775444875536268
760,5.01990702138476713357677704768149841662556148,153.487626850569323714218394919851917143543442,0.0211398375892001906241524456982136462173001251,0.637564155005326241598059111514808028191539589,-3.05607267623125981823357645094548708574461084,-3.05667806230814019283195756774057076289084527,0.0470722004486236416671909092754740893406052585,0.00108195438545853516064306116470242734060695338,-1.75607832062691401946564747050752525299934053
761,5.02100353647298187214046294388022073723580245,153.653693461553920407392126032113442243752149,0.0211161574971014802214951599826881033060298510,0.637409445507034822523133565017741071757148785,-3.05603590927999321547277441045801916441678250,-3.05664062103448915761441824192913013386392867,0.0470739311817402430776867982471078067896405622,0.00108058877576153532538607872498605957963030100,-1.75611445175579038048011346369185792017599262
762,5.02209865131420204652926507223408749096272156,153.819729918062779183288614652370632391099091,0.0210925345746813159657135401901533830297014421,0.637255015135797037881701740895030893081416792,-3.05599922245012975619998384596635394088137994,-3.05660326149698700028178278926020282021537905,0.0470756582067238539405064416762432887767800997,0.00107922664678933611569652755884617095400372181,-1.75615053196662655070251462463830920149428445
763,5.02319236951621975069842853752030524971452491,153.985736269392291399415046466640742307941462,0.0210689686094365342026975384060138440368790811,0.637100863000986378952135397534595350948626933,-3.05596261546438611216287248562611409076488590,-3.05656598341240162137976971782220295505841387,0.0470773815362154567566836620595105061014126804,0.00107786798518908756023385077247966220846431374,-1.75618656139101360653777380843312774179165492
764,5.02428469467284394835859377983419409454554755,154.151712564692839472902259367395393036781073,0.0210454593899309339290371465705214424173528919,0.636946988216030546551367611406011159388430521,-3.05592608804679605748338180572548110486620686,-3.05652878649884761730158698609507733941335252,0.0470791011827968096172163490977501944687902343,0.00107651277767633525390603978354208230719737597,-1.75622254016005160744840333659852541951918091
765,5.02537563036397280872941541167628211981507347,154.317658852969420991332740989613511440572801,0.0210220067057885295954719758903815208832670870,0.636793389898387532653767345497743724632862957,-3.05588963992270251108558664982599465781948398,-3.05649167047577813732508910641213827098176064,0.0470808171589907994844174479173997158754252085,0.00107516101103458222209712010103803051529756754,-1.75625846840435197147004791532259035914232299
766,5.02646518015566557444329408872337950364007092,154.483575183082269341909827922148991887359561,0.0209986103476868553552696748102889525378723839,0.636640067169521875120208243079150594026176920,-3.05585327081874963748234466396055143081492830,-3.05645463506397680040892488355259951753126506,0.0470825294772617929131981024884600935301552122,0.00107381267211485415287513188298344263844571416,-1.75629434625403983674325783290684557238408211
767,5.02755334760021396522955059358008784390464448,154.649461603747470882908462456884620571371291,0.0209752701073503202984811948252373058396842367,0.636487019154881084054157188427797652797199608,-3.05581698046287500541739330552978081436008152,-3.05641767998554967123195771780476550526824805,0.0470842381500159842341152292523883375143695240,0.00107246774783526796698518121214994585278660191,-1.75633017383875640915728484538042364669501428
768,5.02864013623621312097652234665584291646643674,154.815318163537578681152318388446117323144490,0.0209519857775436142177120106117457989308264720,0.636334244983872238316279166173850036134380445,-3.05578076858430180386454268364530990139347117,-3.05638080496391729496535617034866814184175241,0.0470859431896017412198016492450595040782961474,0.00107112622518060369574136572944040476076390396,-1.75636595128766129620095725451725637111671442
769,5.02972554958863208773655306455957932971589292,154.981144910882222839068411822151560413363754,0.0209287571520651634556854930227854416630806596,0.636181743789838750743561483322668821733466318,-3.05574463491353111489054708208307769054811006,-3.05634400972380679027181092221748964038560346,0.0470876446083099482561851347660312705529544471,0.00106978809120187963723704573243017406768043206,-1.75640167872943482711496088155562353924550358
770,5.03080959116888385020667232039639173127383992,155.146941894068717434678446338157953023886619,0.0209055840257406363894584118311618768279847791,0.636029514710037300633304552263767277067724139,-3.05570857918233424289311740091549421086022542,-3.05630729399124400003133607270622348193664993,0.0470893424183743470396932995427897273377923916,0.00106845333301593076159508459248057808488883079,-1.75643735629228035943912889091419388974039734
771,5.03189226447489491418591942929497618724806643,155.312709161242664097696084584677887739462302,0.0208824661944164981106796913815937996579113442,0.635877556885614932066510200114989185174349926,-3.05567260112374509973036161785630836562709364,-3.05627065749354569929805862533256395834034032,0.0470910366319718748214341504050938231369528059,0.00106712193780499033627836523737924912422127855,-1.75647298410392657204762566968430446281458179
772,5.03297357299117444247875154373703116392997120,155.478446760408552244711071057200428149839512,0.0208594034549536138657627285928134364973474567,0.635725869461586316659223872488799251010589437,-3.05563670047205264526271139447449611794592638,-3.05623409995931185999729069602840131492630881,0.0470927272612230002191372951521936331247708771,0.00106579389281627474277614672791466841625222893,-1.75650856229162974476419816961463860351730915
773,5.03405352018888294768278530357537402662397173,155.644154739430355996254634320550461474840396,0.0208363956052209008242694716630253742392345158,0.635574451586811179344256113478145883041935794,-3.05560087696279338283311080548313057931181519,-3.05619762111841797187701513628668449861722979,0.0470944143181920566174382373855134797145183443,0.00106446918536157145627370024644448340041914521,-1.75654409098217602464896221805094725804832642
774,5.03513210952590054526825110052205062503213998,155.809833146032127798355852332136120369485910,0.0208134424440890277481817027003529404705531831,0.635423302413971885799423276406317924978807607,-3.05556513033274390921590851186779436799826668,-3.05616122070200741923269757121444638509738738,0.0470960978148875731768878567952340155065273125,0.00106314780281683016020120012319835868742414415,-1.75657957030188367904749125260683646366127086
775,5.03620934444689477032598528990952390177742608,155.975482027798588771015653139696036293484535,0.0207905437714241621390622124923070752484159590,0.635272421099551190152009472931238884103785339,-3.05552946031991351856950818221808162396826042,-3.05612489844248391292906697726704635865926892,0.0470977777632626034718710453121871280742999617,0.00106182973262175696784308526044179219590371347,-1.75661500037660533549228068137451529602413764
776,5.03728522838338796133054486459063350499592351,156.141101432175715805843826590166252295423015,0.0207676993880817644443864358951907720714247859,0.635121806803810141602563196304699154648313877,-3.05549386666353685993239423388177129931797766,-3.05608865407350397724718352613081037297371602,0.0470994541752150517774225186193458885514543905,0.00106051496227941172347109129239700158188903329,-1.75665038133173020854597256678332487539454279
777,5.03835976475382421423509759455810458066558115,156.306691406471325434924822552962501177702719,0.0207449090959004289085542581363323336179002728,0.634971458690766148624404726825284777398149648,-3.05545834910406664780666165030953862965570555,-3.05605248732996949108973715003880424212319693,0.0471011270625879970247340220788354576958539351,0.00105920347935580835574292527366101821367517171,-1.75668571329218631367504252771752756788125603
778,5.03943295696363591018511487488504292464314282,156.472251997855654492800189503259928014722315,0.0207221726976957706582727232054835079314270557,0.634821375928171199408336187043986078176153902,-3.05542290738316642537764035838351862220755468,-3.05601639794802028308209378112760075189453344,0.0471027964371700144449554738504122428011329118,0.00105789527147951825638415328033929466751778610,-1.75672099638244266824197360254213931387582775
779,5.04050480840530982010857100296189357899882319,156.637783253361937593279246315352509646437291,0.0206994899972543586161338843819378427156040664,0.634671557687490237235016779111068672729105204,-3.05538754124370337992261703628929776358582450,-3.05598038566502678011112911590677209076857419,0.0471044623106954949207030098907435791222748061,0.00105659032634127665744333713036751920231470404,-1.75675623072651147970327026697377578403715889
780,5.04157532245845278941132785753848911292946288,156.803285219886981442614962181033434157676984,0.0206768607993276938402986342362106123335653943,0.634522003143879689470293099970601259984374304,-3.05535225042974120996602087686733308919147988,-3.05594445021958270884836267953799081991215366,0.0471061246948449620644993900146917083029300406,0.00105528863169359198067982901981910245126926258,-1.75679141644795032109999980737617985490467870
781,5.04264450248985700597765455470866125208162031,156.968757944191736010409027300064031193746922,0.0206542849096262328922376292436047342627516338,0.634372711476166148891460260616974039575594884,-3.05531703468653304374275535336631400591858804,-3.05590859135149784980832852894116072754435743,0.0471077836012453870431867660002612768559753964,0.00105399017535035813290995121926640867307103279,-1.75682655366986429392688776454534818603131476
782,5.04371235185356485464739423114939979564588058,157.134201472901862579438713202126100541526731,0.0206317621348134558384749663113795554599809099,0.634223681866825206064975577916409017415802996,-3.05528189376051440853562601597099230129834631,-3.05587280880179084349749374593474264598007327,0.0471094390414705011671683768979010449397046678,0.00105269494518646972140059052722808873463892883,-1.75686164251490817846533913824744930848304747
783,5.04477887389093336131314131700198722113890852,157.299615852508298695428329268440446202539189,0.0206092922824999784962296508114938571495744757,0.634074913501960431508554582404824855505991072,-3.05524682739929625045703537221827693258537425,-3.05583710231268204821336253061403103211245634,0.0471110910270411062631542986673459733251432078,0.00105140292913744016365956185316851200240284807,-1.75689668310528857166510743193490402301409446
784,5.04584407193069822975292921642068616384475113,157.465001129367820037619864443408788693298017,0.0205868751612377085367546859098149726979482882,0.633926405571282506382850690442658952887178098,-3.05521183535165800424929054836900914301135082,-3.05580147162758644905768280179814815681386519,0.0471127395694253828489069107460103464752361159,0.00105011411519902266622947949324397159205021925,-1.75693167556276601265868937382132792739975611
785,5.04690794928903747428634696139397931549504952,157.630357349703599230830743677166522948506457,0.0205645105805140450640343710165285335651437394,0.633778157268088500470056798528900369789944245,-3.05517691736754071268199826010024591126233240,-3.05576591649110661773190432846360506290957222,0.0471143846800391961283042272120975897879639335,0.00104882849142683404734635524478097733266235515,-1.75696662000865709599188422885006671849406189
786,5.04797050926963465131470093347868415379222609,157.795684559605761619521510929248784396890858,0.0205421983507461212903176752395811570540539274,0.633630167789241296208770923135033183981399654,-3.05514207319804019512910519998105049374667302,-3.05573043664902572268722312858337621661509751,0.0471160263702463998248636512234524913624307976,0.00104754604593598137857575584879532867813805133,-1.75700151656383657265332297042355914143454840
787,5.04903175516374169277881098865724253355122226,157.960982805031938024232658395012378246350693,0.0205199382832750899337398943704363351080580638,0.633482436335149157566340460429044771417845716,-3.05510730259540026491218082898951467137766951,-3.05569503184830058920568674690010441103346890,0.0471176646513591378716950250858065157986245549,0.00104626676690069142078813422152763155215520291,-1.75703636534873943898514416582362875327009900
788,5.05009169025024134454127614271273503777540893,158.126252131807814500587738983762092145260879,0.0204977301903604509670167442298572123231725442,0.633334962109745442541642283995708440180543500,-3.05507260531300599500053428526614485559403670,-3.05565970183705480899292962042991782371096896,0.0471192995346381439756800416385887281733189859,0.00104499064255394283008093491064449318553728806,-1.75707116648336301355637020016791815290070294
789,5.05115031779570921267356028784043302220210183,158.291492585627679120899310162367469195860388,0.0204755738851744213498851188179303433842533157,0.633187744320468458102870320685184781929836007,-3.05503798110537703166270823348500378260612573,-3.05562444636457189886715761193671701977518452,0.0471209310312930390735051329565574047545108742,0.00104371766118710110949829907834002770804713495,-1.75710592008726900207991937600477887180925271
790,5.05220764105447542060203016410448660849693442,158.456704212054965798255146447675750909025170,0.0204534691817963463816134710317055052343042045,0.633040782178241456376390009209338237908119968,-3.05500342972816095566780050353328613356039651,-3.05558926518128850813300648183150551453110371,0.0471225591524826266970068372668783159007205079,0.00104244781114955628263969248248720678048328857,-1.75714062627958555045357643510345967228967902
791,5.05326366326868588004112298859082403738633746,158.621887056522795172804509635458189599485203,0.0204314158952071523135126719470123686112967719,0.632894074897452770914081696150145192069893332,-3.05496895093812669063892983137073779568291719,-3.05555415803878767423286111522079175607256511,0.0471241839093151862651223423873287842732881600,0.00104118108084836326548658533731556211968965087,-1.75717528517900928600463611186737107913983029
792,5.05431838766836317861612677532134170471492272,158.787041164334512579808065023908062177874371,0.0204094138412838398649457799538425898761166441,0.632747621695936091877834081978414127976527845,-3.05493454449315795816498543471970995424927629,-3.05551912468979212627214125323056665242591857,0.0471258053128487643195733921087740079582713347,0.00103991745874788491301145906161498733041703686,-1.75720989690380734701733140066586935319031506
793,5.05537181747146708705261952210848045114884200,158.952166580664223118860263335147634158141727,0.0203874628367940182898629045727638618896252913,0.632601421794950878990965797375887413379911711,-3.05490021015224677928058204142354445392412483,-3.05548416488815763601893581924663506306734297,0.0471274233740914637212489992697543158748978397,0.00103865693336943771736593478259375405462247026,-1.75724446157181940062156025918387677018377003
794,5.05642395588395468878443119526728408066871709,159.117263350557323843539656844172002847567680,0.0203655626993904796443757758927832767372122677,0.632455474419162911117349549323580018964453198,-3.05486594767548702192788284189720311622863991,-3.05544927838886641598220219732134840953832219,0.0471290381040017308240914145836353705799118249,0.00103739949329094013467474462409718182651196894,-1.75727897930045964912083143392516033435033131
795,5.05747480609984013480706194447703681257176191,159.282331518931033090590669650328105774072347,0.0203437132476058129093362168348771912783227405,0.632309778796624971339890488915738986399559360,-3.05483175682406799401765315535391940482372739,-3.05541446494802056417653952079094295323119953,0.0471306495134886406431305326407634713175612494,0.00103614512714656351768963139190400632002448283,-1.75731345020671882483676193992537801970220295
796,5.05852437130125402657880839889979304634094147,159.447371130574916967589781502519276168517310,0.0203219143008470576252939427830675755455922547,0.632164334158757666420769960963119112046869643,-3.05479763736026808171056787208011336195024529,-3.05537972432283555518529666642398149119691008,0.0471322576134121800331543552575881562332188985,0.00103489382362638563178209696197383795682995065,-1.75734787440716617354687541253871865155978751
797,5.05957265465850242974741443802058927396552182,159.612382230151413017899897715907607037065032,0.0203001656793903967005824559055602262323862524,0.632019139740330379536509022158358821524726231,-3.05476358904744843254341644407993107312222473,-3.05534505627163377713748671878348588439650043,0.0471338624145835288943472570926169022626638756,0.00103364557147604673197625573475341989324240736,-1.75738225201795142659187203321101781154051336
798,5.06061965933012552145587073749071750465513878,159.777364862196351081568850262195050210743929,0.0202784672043758880566177276247337501559707999,0.631874194779442355191434463885210232042447813,-3.05472961165004668302843082062470085498687660,-3.05531046055383811421765065994080135774782207,0.0471354639277653394210735890749687670032842025,0.00103240035949640817894291777049612660204459732,-1.75741658315480676172796697214455219048808973
799,5.06166538846295587395703593678601958113062988,159.942319071119471370681493009859215888826426,0.0202568186978022347777933337387911944551085021,0.631729498517503915223544932933119009062829665,-3.05469570493357073035750473399106231337884621,-3.05527593692996557433144443373547771149479129,0.0471370621636720134098315918397028014285648404,0.00103115817654321357209345707942602636063769333,-1.75745086793304875279932524774298572101304393
800,5.06270984519217637724303877085996486173108666,160.107244901204939777529703430167251160951467,0.0202352199825215934366181779355628535404476693,0.631585050199217804827077475249106523885510348,-3.05466186866459254784657759808181630142716179,-3.05524148516162096155331580753421201119646533,0.0471386571329699776422516544405980213488724589,0.00102991901152675237812704400696634632515170647,-1.75748510646758030830505653509035310211834342
801,5.06375303264137780337194229470522023903011190,160.272142396611860433820770125376924083595988,0.0202136708822344202679693599828071721672721523,0.631440849072560667526266783058013709694533310,-3.05462810261074204375892344667108414689051233,-3.05520710501149059298619107769214402231395672,0.0471402488462779573588636237785637500029494217,0.00102868285341152603359746632277914016959567798,-1.75751929887289259893467372319794911364701646
802,5.06479495392261601515090578331634044525327697,160.437011601374785539002116692006872323848699,0.0201921712214843548695235577598896590534599159,0.631296894388764648044871934930529178070816334,-3.05459440654070096314951526061282738857100591,-3.05517279624333605966660710122923563532711750,0.0471418373141672478392101283589004575204086503,0.00102744969121591650027606068778491145749101516,-1.75755344526306697414536388341894351234707165
803,5.06583561213646882181206441794983444121331605,160.601852559404222475639074275901084019568356,0.0201707208256531411085859345512618259153774105,0.631153185402299122026019794739817949480263181,-3.05456078022419683237602816043681924662360457,-3.05513855862198803115220184303958680084366912,0.0471434225471619841037367073397418381307549250,0.00102621951401185725229525343642306821460872937,-1.75758754575177686785386972969055461056079029
804,5.06687501037209248429455891284451105380036152,160.766665314487138229642454433243741878111729,0.0201493195209555849186564857873274133275596551,0.631009721370852551566781774585317747931501884,-3.05452722343199694592540171237776096259883703,-3.05510439191334010343191705664624705249645786,0.0471450045557394087527449137701298543363209764,0.00102499231092450667426289548476521584744056769,-1.75762160045228969331523358586020119202210686
805,5.06791315170727787272358426635578705586974874,160.931449910287461133003977461679746424105169,0.0201279671344345486721603280109889513949763007,0.630866501555314465541662647191596286956086880,-3.05449373593590239520820244628671081639739668,-3.05507029588434268980267031253693736782457810,0.0471465833503301379575514710951328996524951469,0.00102376807113192384974099868880871519641418174,-1.75765560947746872726011428735986167149305646
806,5.06895003920850627865498633962715331607076335,161.096206390346579946560166238061729995686422,0.0201066634939559818188211268552688383616690023,0.630723525219757563698837776626544468396776212,-3.05446031750874213897631304158464267036591539,-3.05503627030299695435962079103620281780225091,0.0471481589413184256188549863224557977991997919,0.00102254678386474671968366778459145603463183142,-1.75768957293977498336185029531640698660602594
807,5.06998567593100488463181450809536235421301076,161.260934798083840300169108972775040537669294,0.0200854084282039874821760741789560357744966825,0.630580791631419943522529767386816902467993110,-3.05442696792436711502272492532342288269222747,-3.05500231493834878775048450027104389647991318,0.0471497313390424257071716438313508972417834813,0.00102132843840587259062800042456575082078366206,-1.75772349095126907510390955255701807010511430
808,5.07102006491880189357733576028205680315253913,161.425635176797038507549513490796899180362202,0.0200642017666759247097169655994340444093305871,0.630438300060687448864368339514864125720057569,-3.05439368695764439282542666185085460494171354,-3.05496842956048282484765029215247895552774151,0.0471513005537944528000627030241993720177350715,0.00102011302409014097262852469892184883794408751,-1.75775736362361306811783822494531701014476167
809,5.07205320920478132052732792838568428009927286,161.590307569662912772897708147479281313276460,0.0200430433396775460750954013786277957493449280,0.630296049781076139355929433808858999642388539,-3.05436047438445136680056190838797357500457959,-3.05493461394051650399510865288742500768951626,0.0471528665958212408307394834670922577951957571,0.00101890053030401872712038545166816379170078599,-1.75779119106807232206129641044590462576690661
810,5.07308511181073744918299484961455990632535025,161.754952019737631806265677896668833048782772,0.0200219329783181703337513334513437929801728694,0.630154040069214879623902332787353373930206353,-3.05432732998166998983317827147455909078375011,-3.05490086785059416749043115627723783311964964,0.0471544294753242000624958256573664837296909098,0.00101769094648528750508900386936502670713353241,-1.75782497339551732210524912496369801989933451
811,5.07411577574742895574458182859594779614672134,161.919568569957280864551846105847407449024474,0.0200008705145058898362135015042292642195727262,0.630012270204828047338488130582468399455535473,-3.05429425352718104675700252685803890170125110,-3.05486719106388120296523009941493079430100308,0.0471559892024596723032837471354603287304350742,0.00101648426212273345611434508546294577899060621,-1.75785871071642550009886535135932897906936361
812,5.07514520401463270246471348090563374993399874,162.084157263138345234826111352856171515365928,0.0199798557809428124061781283420672434105377300,0.629870739470718359134690363577388289058429280,-3.05426124479985846745775875588206621726750223,-3.05483358335455822533068559744456634359008896,0.0471575457873391843746151555874561869817251909,0.00101528046675583918904626141018813929243315394,-1.75789240314088304548016662943858301460032434
813,5.07617339960119720333962559549681633643130910,162.248718141978191176581611674760709121711732,0.0199588886111203373932989610714962655107121580,0.629729447152749813455120173327538527090555692,-3.05422830357956367927759439549469225426470078,-3.05480004449781529895785169757095586133901425,0.0471590992400296998488410163416678555674227659,0.00101407954997447796525365942982175478892819893,-1.75792605077858670599995953380199091907458375
814,5.07720036548509576433581579725473330319786961,162.413251249055544339377804741034884590936975,0.0199379688393144656134177265525930369646455590,0.629588392539830749371805149013717607919604095,-3.05419542964713999840119538226691475991994177,-3.05476657426984619976554427805402391532738753,0.0471606495705538690687292849395129166081419140,0.00101288150141861010557449244995024380303892431,-1.75795965373884557832608339718139086855205536
815,5.07822610463347930052919228535639986501092165,162.577756626830965672212709494488262433747495,0.0199170963005811428917296887590883770339063258,0.629447574923897020453264108440732380829548205,-3.05416262278440705990715587389177195324306247,-3.05473317244784271689167201588401256491789370,0.0471621967888902774631341901600958062018069507,0.00101168631077798159227583008454219310106701399,-1.75799321213058288859450575355404563857714016
816,5.07925062000272883251355356109878826375017425,162.742234317647324840836541381035467503147748,0.0198962708307516369271146188451934577866065798,0.629306993599895282751790629867507201453851958,-3.05412988277415528617112083017157244930475980,-3.05469983880998899362689792252416289594768385,0.0471637409049736921724220731093501024379308244,0.00101049396779182484751352839084084962405851634,-1.75802672606233776297330316248926754363753468
817,5.08027391453850766441518265976808003853771260,162.906684363730271169094477941437190310861509,0.0198754922664279471985694776637070162929485763,0.629166647865766395994477232773423819732803810,-3.05409720940014039331014140026440583744146875,-3.05466657313545590729251324083095984740120955,0.0471652819286953069971929380627889817418643987,0.00100930446224856166995934067266196479496172816,-1.75806019564226698830507429872980253897687256
818,5.08129599117581324583048481086093118567848088,163.071106807188702120262902961949287527073645,0.0198547604449782476373558222352876579002477206,0.629026537022428937070010800864122251217830631,-3.05406460244707793536057395990680151726661929,-3.05463337520439548774736824338527430898270176,0.0471668198699029856837121351921529593459928162,0.00100811778398550831143969445930202566534324876,-1.75809362097814676289284541412530965396070855
819,5.08231685283902871998393554159477430699787468,163.235501690015229334221184401680624101769238,0.0198340752045323617911227345175524047494695361,0.628886660373762824911679208027990826402215916,-3.05403206170063788588471413266953172884486910,-3.05460024479793537421163604349012873848591062,0.0471683547384015035593431588256723665469255253,0.00100693392288858267560483743994395014392885852,-1.75812700217737443749404546820326591437141136
820,5.08333650244197416038413490802288771459752855,163.399869054086642236179832883928389483560851,0.0198134363839772702088852803845558415579402719,0.628747017226593055885350196597745460476078681,-3.05399958694743925670418756957374076620002912,-3.05456718169817331009808629071321643151591275,0.0471698865439527875311503924005198149433338251,0.00100575286889201362081964721324363553973337792,-1.75816033934697024658664934466666931304973546
821,5.08435494288795749823648070952825818667002407,163.564208941164369232565752733064457917951120,0.0197928438229526497783294820236990082216185191,0.628607606890673548799417402567517479490285153,-3.05396717797504475346092000352007592541270392,-3.05453418568817167554441593404503681640688906,0.0471714152962761544607197478688986137005389267,0.00100457461197805234963812921515847061501104971,-1.75819363259357902997111259002691124082748046
822,5.08537217706982514285187716445828317125609403,163.728521392894936509546225557050853915268548,0.0197722973618464447494778664780003004699799612,0.628468428678671098661856046367618206243336477,-3.05393483457195546770928048634430961622509062,-3.05450125655195205734302445381322023361684177,0.0471729410050485479281255183113135391515994996,0.00100339914217668586739251643327870827746385419,-1.75822688202347194477124999378658098554990649
823,5.08638820787001229727198357041935239108445639,163.892806450810424449555246539324372148968227,0.0197517968417904691812851708303505996629816690,0.628329481906149438317593219184923658648454474,-3.05390255652760560524573409980801828318323730,-3.05446839407448985596743144014914810781407288,0.0471744636799047733978533733750830103572517671,0.00100222644956535249259495552724501620582168282,-1.75826008774254816789674304374447741902638176
824,5.08740303816059297131277793997549123997101129,164.057064156328921681068855353648539849502447,0.0197313421046560405502420701642321629280033618,0.628190765891553407107375889377612666599021243,-3.05387034363235725038505414594327695508370109,-3.05443559804170892939731547822021203750652311,0.0471759833304377317993722635615976843652725994,0.00100105652426865940201503848686073232543280833,-1.75829324985633658902949780205653068490761284
825,5.08841667080332969420966151302319715817849912,164.221294550754976776760156511211388113557054,0.0197109329930496442625461732250148520592981122,0.628052279956193225697214714156873928641661000,-3.05383819567749516589482920102142235812068320,-3.05440286824047627344690533132678011658544288,0.0471774999661986515349320471834821432337121249,0.000999889356458102193459938421249209823717239863,-1.75832636846999749419561502489131705860763225
826,5.08942910864972292902895944659575283233247446,164.385497675280047615049797667490116082572799,0.0196905693503086288138543236535328732469461320,0.627914023424228876235294438611903204166454174,-3.05380611245522162830265779083871207700612756,-3.05437020445859673830417773061771190184990939,0.0471790135966973189270488990341493260308799717,0.000998724936351786449445653651402347850986591174,-1.75835944368832423998427835839165023111805799
827,5.09044035454106019099247894043566496350939499,164.549673570982948419953758749610023102707725,0.0196702510204969313430587685602892795003767368,0.627775995622654587000973055062205325875610046,-3.05377409375865129829305313860306835520243725,-3.05433760648480778099101101855834615527070027,0.0471805242314023071180269886664210020095855731,0.000997563254214151285107876864802773286659403462,-1.75839247561574491847441415400104218684690265
828,5.09145041130846487184376666470448992442577841,164.713822278830294494017389619724194269806214,0.0196499778484008333289323236907502540749530352,0.627638195881283420718142926040534675283999900,-3.05374213938180612591368277188828708446441853,-3.05430507410877425345711078206321622861099786,0.0471820318797412034337525150483133499211142745,0.000996404300355694863859306301079484939512881616,-1.75842546435632401292952782512256107384473022
829,5.09245928177294477236686072990012035953461675,164.877943839676944659012709385775447310680253,0.0196297496795247461808645840409696204780682200,0.627500623532731965712798677205209289619937433,-3.05371024911961029031314306920120484561607518,-3.05427260712108322602316277583199059206375638,0.0471835365511008352238849398099339125651712291,0.000995248065132701864456824118891547412307313940,-1.75845841001376404432067668291272022561695800
830,5.09346696874544034515065671622978320388602985,165.042038294266441418965036538735333951901503,0.0196095663600870264772628050227334302376855334,0.627363277912405129102149763443991037264833819,-3.05367842276788517373501739293090162489744581,-3.05424020531323884589128019818681489456315871,0.0471850382548274941904601600432744138207700491,0.000994094538946972883296903327701556922925556789,-1.75849131269140720873709781041531150989951576
831,5.09447347502687264967450062043454378664030016,165.206105683231448859965046075952344600358809,0.0195894277370158206075176126739875442140155254,0.627226158358481031210031111850817375857641066,-3.05364666012334436949548860306283106882191880,-3.05420786847765723044339705778196859153947402,0.0471865370002271592168113905621115346911822057,0.000992943712245555755910888773116567720406627959,-1.75852417249223700574357173012402503384195618
832,5.09547880340819102177328216446176479387181085,165.370146047094188301113338013174969081768000,0.0195693336579449385757354885666454786961283410,0.627089264211896000410704046980113960187676967,-3.05361496098358872367427278034465740592446323,-3.05417559640766139505081727307361527495485393,0.0471880327965657177086056717335459698569607093,0.000991795575520478781783449202121755108727649443,-1.75855698951887985774316835961426658092037853
833,5.09648295667042045952312794622231238088122004,165.534159426266871710836541650084417295271613,0.0195492839712097567267173087166550213509012495,0.626952594816329667610402693184068642043828939,-3.05358332514710141025111120999350347436210264,-3.05414338889747621512066058653742709647994021,0.0471895256530691854586871696806319911350489624,0.000990650119308485836767535711327856540128902199,-1.75858976387360672040359100255914201250418645
834,5.09748593758470872757178362315398728415648543,165.698145861052132902706862198742742592672460,0.0195292785258431491569153848756647812803400424,0.626816149518190159583169100973632880968697951,-3.05355175241324303942250238510856625388531773,-3.05411124574222342210745165750756866437987488,0.0471910155789239250473127782129436026495259229,0.000989507334190773357517625952858773734114846939,-1.75862249565833468420490685796468322070648266
835,5.09848774891237318192092595078372042908788845,165.862105391643456524790791578924644630008170,0.0195093171715714475753307462477127550640824202,0.626679927666599390384634323114421999452601049,-3.05352024258224679883577527648762997990010785,-3.05407916673791663322057812250285378731835017,0.0471925025832768627892609538135898577501920109,0.000988367210792729182509902146882505229014369457,-1.75865518497462856716602871881267613090046786
836,5.09948839340494731715095731814124336987671363,166.026038058125604856447444099983399187003173,0.0194893997588104293815180913920170034364089655,0.626543928613378450074443424472846421980909583,-3.05348879545521362747999967259918084880283416,-3.05404715168145641456079727749806989450571327,0.0471939866752357042391912040986745575767293228,0.000987229739783673234363322791300252346340350733,-1.75868783192370249880689214273649769026480453
837,5.10048787380422703806230571751692119253708039,166.189943900475042426392631259001301284821311,0.0194695261386613337300482116566644083244716029,0.626408151713033089984990789516238172805160791,-3.05345741083410742197559930641294772807056696,-3.05401520037062537742139963650918817874689375,0.0471954678638691482665291942246239697651880408,0.000986094911876600028319321291567591991278091003,-1.75872043660642149540285538238758535309547241
838,5.10148619284231665769088016578603222447724984,166.353822958560358465741348963709824306711026,0.0194496961629069053529370131504636237611282973,0.626272596322739303781028924196747747441512697,-3.05342608852175027500687903739217841528445206,-3.05398331260408330749204124508693464683694369,0.0471969461582070997110510227587714745513217368,0.000984962717827922991880117643784304510338794395,-1.75875299912330302658743573254768136164299096
839,5.10248335324167462363911378650490177229362513,166.517675272142687209638806209936153301350769,0.0194299096840074659136868146652656153033080624,0.626137261802329003561540055517201867724265380,-3.05339482832181774564399882637453826135351690,-3.05395148818136232670563556217984275250353714,0.0471984215672408806302398367080498246522545171,0.000983833148437220580746379645098683419053905147,-1.75878551957451857335908565583157275506386670
840,5.10347935771515897464796241417769234252493150,166.681500880876126060988467779509473267171503,0.0194101665550970126686996412737099649347103722,0.626002147514275790262016022790758766215442057,-3.05336363003883416130322490396070631197789107,-3.05391972690286208747105025204144240558513085,0.0471998940999234401493885930268665159520046871,0.000982706194546984176334235499749298800247377286,-1.75881799805989517754730506028798322103736917
841,5.10447420896607252931931406198836128745481482,166.845299824308151629684806145276391375811361,0.0193904666299793442139140312632693685846853043,0.625867252823680817621979029610173716357558665,-3.05333249347816795109656266155659377315285079,-3.05388802856984499903668462855283030098461596,0.0472013637651695629253244194517679520961088635,0.000981581847042367750289437532153709438503920410,-1.75885043467891698279298239187632450618105943
842,5.10546790968820780888250228866376203557181906,167.009072141880033660658550840844110787197277,0.0193708097631242130965866879414718592452927744,0.625732577098258748989194574866265256107452964,-3.05330141844602701032412665711121140536518533,-3.05385639298443148573231004312711856240893117,0.0472028305718560762345326695351509634688571401,0.000980460096850939281552824181803385678337922307,-1.75888282953072676709745674445834099418743889
843,5.10646046256589169588300281478563746473048698,167.172817872927246863943178534516779712139734,0.0193511958096635050741883946211630031688623007,0.625598119708323806238579084852557903035678840,-3.05327040474945409586483099020798836242717020,-3.05382481994959527683883847639975049809813553,0.0472042945288220556963623940131769500851356019,0.000979340934942433911666141488947105503749742768,-1.75891518271412746699439595162878281944542804
844,5.10745187027402983065592609839023676849464225,167.336537056679880659873195493995505628076242,0.0193316246253874448044102244246890216451134248,0.625463880026775910090289196780068893625410297,-3.05323945219632225222318842551563152651215048,-3.05379330926915872783794425190776124541874684,0.0472057556448690296418995520246675041337049322,0.000978224352328508824140782618003407362751202286,-1.75894749432758369339819158069692249494175766
845,5.10844213547815074743159742721446927292822035,167.500229732263046852427417687774287573171541,0.0193120960667408277522814668285850613978579891,0.625329857429086911117898057416785721710141977,-3.05320856059533026799218928840655029764576769,-3.05376186074778817279570040226397763419307636,0.0472072139287611821389998502170426227742793696,0.000977110340062499833844101125499503193643813000,-1.75897976446922323918218087194405773202632449
846,5.10943126083444975190533888189813147343659833,167.663895938697285243633944179275287196726927,0.0192926099908192781023851072886820750231470182,0.625196051293286910743917150006265510181066999,-3.05317772975599816249439157728110121987609118,-3.05373047419098930763660504695038977757245819,0.0472086693892255546838796145877992250155690294,0.000975998889239179672488666967556427275341713777,-1.75901199323683857853961792868643648746165651
847,5.11041924898983254208853275032884906268455765,167.827535714898967201857838559505870285814440,0.0192731662553655324661203788537454756537852918,0.625062460999950671526210789618181853793266071,-3.05314695948866270236549218606710896383849238,-3.05369914940510260406656444451494370234281339,0.0472101220349522465695705583058211977108214656,0.000974889990994517956439179756256375223332053983,-1.75904418072788835817993183867385464260314075
848,5.11140610258195857424315212544768436777677818,167.991149099680697196697672851557048711039636,0.0192537647187657491759050962837037475334001222,0.624929085932184116045075263843024049667745942,-3.05311624960447294784676585661087623910801457,-3.05366788619729875390556841614423870143309804,0.0472115718745946139414526981590424520332251999,0.000973783636505442823179747406540236999642880162,-1.75907632703949888041242786819530714348116865
849,5.11239182423928417568719001214842722628761081,168.154736131751712313123040611981265355344072,0.0192344052400458429601334216453761436919034456,0.624795925475610913706916365287103648904796672,-3.05308559991538582855485373023790328428613733,-3.05363668437557414359294085459183554853308187,0.0472130189167694675499889822378059550972367252,0.000972679816989604222910895754535742063062709301,-1.75910843226846557816920939042456811274218711
850,5.11337641658110540624380183570719106427443251,168.318296849718279757391902943517374351497693,0.0192150876788678447946076304358063997325295595,0.624662979018359154786558478623177326977818800,-3.05305501023416174849945738356618597023212439,-3.05360554374874635863017328140688534071928839,0.0472144631700572692106954116701274463831860200,0.000971578523705138851871011463221682047993527961,-1.75914049651125448201872276273476087281401569
851,5.11435988221760067009249633392764025728855883,168.481831292084092367194185000399274754443012,0.0191958118955262867280455807569196790500511887,0.624530245951048111036256153048092736719045418,-3.05302448037436022012154725559927067743844229,-3.05357446412644971772845314236043207202296029,0.0472159046430023269812915594869841704376857543,0.000970479747950436714100951853554171976342284504,-1.75917251986400367922095492788849662797950730
852,5.11534222374987307976636499426902917811541868,168.645339497250662138376383576278619142878568,0.0191765777509446114811291637576380068927240484,0.624397725666775082195455907126963728428800680,-3.05299401015033552712672663811818723158266946,-3.05354344531913083643008097887035425721640561,0.0472173433441129890658883999495323843036351377,0.000969383481063909298493296305471107958547894625,-1.75920450242252476487494405534601619979687149
853,5.11632344376999257402512904874155387563682047,168.808821503517711780511070864334196624164134,0.0191573851066716066204032573806159255362418934,0.624265417561102327741272564712256404892454251,-3.05296359937723241589040414339059377261477588,-3.05351248713804421997503202201906943986775107,0.0472187792818618364559832519767639025986926822,0.000968289714423759358089179468496254989165679708,-1.75923644428230428520889703583339254919306756
854,5.11730354486103779131970416290870637455047206,168.972277349083564313485077901180157814066591,0.0191382338248778631101598404380559788148899050,0.624133321032044083225501386896914487465945283,-3.05293324787098181521341901327335498021644755,-3.05348158939524788518595836239581599768196881,0.0472202124646858743179454008549440698714665972,0.000967198439447752278705851421680403918932307046,-1.75926834553850517306284406940816962808404494
855,5.11828252959713770055003496682067825227153475,169.135707072045530717190806064501121255329042,0.0191191237683522580472481704000061938298857561,0.624001435480053660549785316323540698841904917,-3.05290295544829658420873502008402890520080971,-3.05345075190359901114694788748949582188859644,0.0472216429009867221365905834934355486948958322,0.000966109647592989024097068656408963840574309095,-1.75930020628596817561339991940733363846829820
856,5.11926040054351299080413310708833739193605624,169.299110710400295646316538883759554432106054,0.0191000548004984613855395034214615985994815450,0.623869760308010631536296448821241050755316110,-3.05287272192666728810177025751026817270326000,-3.05341997447674961845335587981757086513738853,0.0472230705991308026243579945385846879376360619,0.000965023330355680644966146668187965656647666690,-1.75933202661921327438984361694142240000018173
857,5.12023716025651722175256219844116519506278147,169.462488302044301222143802018740545600120918,0.0190810267853314664585439537194407054974685674,0.623738294921208094156973047250298817445695867,-3.05284254712435800172886205187543797217281626,-3.05338925692914227681200476164649892928996425,0.0472244955674495294055197842091850361158879931,0.000963939479270924339268014198399495821753505527,-1.75936380663244109763037346830885047086322337
858,5.12121281128367773635904958351488601452690674,169.625839884774128913172739316139952052780891,0.0190620395874741441104279633796365594871499767,0.623607038727340020789978659464089020657387700,-3.05281243086040214052027876009168024960490678,-3.05335859907600584077300718145987986915348215,0.0472259178142394934847701644305870296907666881,0.000962858085912481051351914748693235104736028463,-1.75939554641953432502704211636504297678846903
859,5.12218735616373633755446685027860219145311487,169.789165496286879516310130202055325349014020,0.0190430930721538202474136922871097680932166960,0.623475991136488687877618834308824033028906284,-3.05278237295459831875608357769969034822150615,-3.05332800073335121337640768589535760597337441,0.0472273373477626485094592084911860944690248973,0.000961779141892554597610516707113715333647723998,-1.75942724607405908490752711222765180188591523
860,5.12316079742668973050810730170658831221461765,169.952465174180551250269061217536102737465966,0.0190241871051988766232566477578142401563536230,0.623345151561112186365464176544092662769432713,-3.05275237322750623488502987292940776895450190,-3.05329746171796713749875882858482128831552512,0.0472287541762464948346552119090935480367173848,0.000960702638861572306414132910103577304558911829,-1.75945890568926634390154594168308230715048653
861,5.12413313759382973211699773137811924330930988,170.115738955954415972744375241040478928220298,0.0190053215530353746741952586130946770328959700,0.623214519416032012307886665664850095618183973,-3.05272243150044258369852320248591099950845403,-3.05326698184741601468664895136704999311589845,0.0472301683078842624001390694739736595440270475,0.000959628568507967160220527180304851342641444682,-1.75949052535809328913938069744523961367399907
862,5.12510437917778324932091265589205603343492418,170.278986879009393532843848926891659638529566,0.0189864962826837022204460603336437908244973912,0.623084094118420737030619899342839302464029951,-3.05269254759547699515352226093039413463882938,-3.05323656094002975126608124819473338923553155,0.0472315797508350924283545066249230558597580237,0.000958556922557961427861412619376812818253759168,-1.75952210517316470302963657038077742714651910
863,5.12607452468255202783781032925544028792705493,170.442208980648424270171585258299921458879571,0.0189677111617552428529808954644568501119604009,0.622953875087789756246303816510606443255790872,-3.05266272133542799964006977467473524214975431,-3.05320619881490563151846729958648977527008750,0.0472329885132242179522591736539246504604823204,0.000957487692775351775116237323596869638418277662,-1.75955364522679433066302002654186265323683844
864,5.12704357660355217290158016920668466194863267,170.605405298076839671877347076521551803992427,0.0189489660584490678259682430302884467760155312,0.622823861745977117524271107438698925905583579,-3.05263295254385901949094497778917958136659494,-3.05317589529190221771584325493293627745111055,0.0472343946031431431819435600068732733662260859,0.000956420870961295841792220688797650720391036711,-1.75958514561098623988858691913111024300205736
865,5.12801153742765344357127942855566886362144727,170.768575868402731198903492286318614804989661,0.0189302608415486502768896663090100944090400863,0.622694053517135425521076520587577020496366597,-3.05260324104507438653271200158127132711051361,-3.05314565019163527680974344803899789660670795,0.0472357980286498217188074046170618684794537921,0.000955356448954100273636860378711341059579249125,-1.75961660641743617410857783236354786509754872
866,5.12897840963321832216844182800755975301493047,170.931720728637317292579795506014434336465701,0.0189115953804186015979546014136536071015845872,0.622564449827719824383462213357643430727001203,-3.05257358666411538547920347231506365328340121,-3.05311546333547373356997466212300878314682825,0.0472371987977688336260067582801208143443737635,0.000954294418629010197515288985259321778846493031,-1.75964802773753289783762764479121019935107804
867,5.12994419569014086038656122649908465522767871,171.094839915695308572635747653100051821931334,0.0188929695450014297840324888701923735896650188,0.622435050106476056740592743744964008147732536,-3.05254398922675632297022603814008177980446497,-3.05308533454553564997132471574684848797937627,0.0472385969184915613638090871982876772581170497,0.000953234771898000128389932890872748581211625573,-1.75967940966235953507180861042375894114382048
868,5.13090889805988530360448805052596392844846833,171.257933466395271237619907828729532042779984,0.0188743832058143195839007634992423389128711730,0.622305853784428598707482832888407078834130381,-3.05251444855950062206000463152196600021356660,-3.05305526364468423062801172000348303721813952,0.0472399923987763645984187847205393857586810140,0.000952177500709566296743926175758233280787545452,-1.75971075228269490051264116452069242264414781
869,5.13187251919552449492322395861122923795914694,171.421001417459988678636534451112028840553551,0.0188558362339459342831706488347182110786049825,0.622176860294868870326580208133056563828649097,-3.05248496448957694196159520907098499723951284,-3.05302525045652385407743545648797699771767242,0.0472413852465487538927611728186077889310194530,0.000951122597048520385192671767525342640127718219,-1.75974205568901482369088414505361469260830197
870,5.13283506154177806043345991774015275218632636,171.584043805516821317231038521885099851017450,0.0188373285010532389488002331586081793601547386,0.622048069073343520879455219210728679335716966,-3.05245553684493532285519168616951280877429831,-3.05299529480539612971653003947296680497295880,0.0472427754697015632876395179010377346633877923,0.000950070052935784663129832425447319195679884303,-1.75977331997149346603459615854436494838686684
871,5.13379652753505037720917336533437737602134284,171.747060667098064678177774891902106808203767,0.0188188598793583449666361148460098326044208903,0.621919479557642788505489056328228403784691672,-3.05242616545424335556993198641418276749787024,-3.05296539651637598019573754627796265348659042,0.0472441630760951217816067492094937029151170383,0.000949019860428188508354887455858024363458356063,-1.75980454522000463092564238847585342528459673
872,5.13475691960346832551068028633671954909289162,171.910052038641305707846311191300607899144111,0.0188004302416453757049411727068826221994621426,0.621791091187788933569343831526601793810551011,-3.05239685014688237595047074054286473803679961,-3.05293555541526774907732581670404362309372277,0.0472455480735574237178214443908936169866998175,0.000947972011618266304729218990199268866559174662,-1.75983573152412306678850622414039436835070759
873,5.13571624016691882666872672636101697085184099,172.073017956489777348745582537214002959880490,0.0187820394612573531383669177804252920538423188,0.621662903406024745223841050180617948148047646,-3.05236759075294368372123237889229910231072345,-3.05290577132860133356646032293515729818830755,0.0472469304698842980860862281179524095020334035,0.000946926498634056705006505798805408021231330302,-1.75986687897312576325495265622055825787264192
874,5.13667449163708616810950037754900571321675078,172.235958456892711380769247130405530514506839,0.0187636874120931052683145898056865748906052894,0.621534915656802120619670627967423906323348355,-3.05233838710322478566288834599183634211820818,-3.05287604408362834212511008054189097277590973,0.0472483102728395767481960081552970714881521486,0.000945883313638903248081014393779676389534633625,-1.75989798765599324044778042136599317501204536
875,5.13763167641748911696884531531796498142160353,172.398873576005689539590097363419900967389898,0.0187453739686041941770998454299026582378862723,0.621407127386770716218101123623949064257076701,-3.05230923902922566291721610391563901468065031,-3.05284637350831827678052119197496514373318296,0.0472496874901552615946534414468185800056944612,0.000944842448831256319994197883707048497835582766,-1.75992905766141083142659236050105087943647565
876,5.13858779690351782373247064559916253025518006,172.561763349890992922576547115401793302101689,0.0187270990057918645547917150759953236159171978,0.621279538044766670667563776553932841735219258,-3.05228014636314506223809565860299055884998884,-3.05281675943135473994162896679948012817855338,0.0472510621295316906407396731318940264372720692,0.000943803896444476448135853832098448714244363311,-1.75996008907776995783820836372435488081166231
877,5.13954285548247051732755566979371608875069684,172.724627814517949692530002593473705370795912,0.0187088623992040125390376481331337715794893805,0.621152147081801398709638771784189445027308424,-3.05225110893787681100798171449544772171130764,-3.05278720168213166553840082630610524638925884,0.0472524341986377030698597164730769064477562039,0.000942767648746638918170964253103762009606090578,-1.75999108199316939881404258778017576370118692
878,5.14049685453358999307986912700694546547279165,172.887467005763281089468325550825131848291884,0.0186906640249321747096130865565902797405352445,0.621024953951050455584582407662996236763773839,-3.05222212658700615584075640940843707591382543,-3.05275770009074957430070755029317307259036702,0.0472538037051108032320138341741593999855344636,0.000941733698040339703317254728854163373932258886,-1.76002203649541655315646632971406395736789700
879,5.14144979642809989493933708067263926190230262,173.050280959411445760607608182414629501642013,0.0186725037596085370808462678273287653545106380,0.620897958107842471411099012690768447394897656,-3.05219319914480612459341907335583817772895649,-3.05272825448801185299491003486604404257609283,0.0472551706565573236051789342511503111340088080,0.000940702036662502695691476195272598079151657526,-1.76005295267202869485588000217536370786471981
880,5.14240168352924079336591204181397161761490123,173.213069711154982418622092746327834018408931,0.0186543814804029639364670202820059005786607799,0.620771159009648155019582039597204098445606127,-3.05216432644623391161060575983316414425593256,-3.05269886470542105743792277406804987644953578,0.0472565350605525867273172993421798468458701073,0.000939672656984188229534442827391869658249417145,-1.76008383061023422197992206178141970013766295
881,5.14335251819230606025661393799087024697904995,173.375833296594850838190280318487818731199005,0.0186362970650200463528123358536436770772007008,0.620644556116069366722525243905586229603369547,-3.05213550832692728602745258157094100380513416,-3.05266953057517523911007392498832714529480558,0.0472578969246410661066639200435012497824866755,0.000938645551410402886215963140581040721853116811,-1.76011467039697389897594947207601395107790913
882,5.14430230276467754228373053110562454282061311,173.538571751240771200764076456216530589983982,0.0186182503916961702576916440812511869023428483,0.620518148888828259510237711561227782811078451,-3.05210674462320102295782330873296611619491216,-3.05264025193016429518962523358735953548329797,0.0472592562563365461178782935597281548137642999,0.000937620712379910571010989261165415901872809302,-1.76014547211890209242763331713887574260994185
883,5.14525103958586103400337985575559550070928380,173.701285110511561797427211376560041057409219,0.0186002413391966038735711217442754343913771352,0.620391936791756488164386210763478784310820837,-3.05207803517204335739641341772407004739625346,-3.05261102860396634183334345272335512206309811,0.0472606130631222808915817717625000043517738168,0.000936598132365044851727591532147987287937106179,-1.76017623586238800030622450125097755405486028
884,5.14619873098752155208294920109376606471805588,173.863973409735475099639143060921046927656331,0.0185822697868126043950792076439990519735495526,0.620265919290784485786235376230996801244726290,-3.05204937981111246066471997301606941377741529,-3.05258186043084411052902833864138268370609577,0.0472619673524511522047373908502528615506329005,0.000935577803871522549355752305070240045936676875,-1.76020696171351687475675805478313840957967835
885,5.14714537929351841198533311268829107773824874,174.026636684150532207591198048462533989023997,0.0185643356143585437521649030013296227749587678,0.620140095853930807240761053410440008583048545,-3.05202077837873293923232954060900895655330711,-3.05255274724574136734740102942572463959224808,0.0472633191317458263792655814610405193789278053,0.000934559719438258570993473901689538404663064696,-1.76023764975809123845918039741741684799374278
886,5.14809098681994010843739587717127927516755187,174.189274968904855685832821203832127128303682,0.0185464387021690533115565739298141243314374322,0.620014465951291539022075193706499244021797889,-3.05199223071389235574642492593588712545173623,-3.05252368888427935492224074859676631720970909,0.0472646684083989101962262366587028710720048409,0.000933543871637181975393321161186996036835160597,-1.76026830008163209460410196786740951365279609
887,5.14903555587513900099968101291544465093086379,174.351888299057000795757487123027682989646947,0.0185285789310961873704719809084126329371125786,0.619889029055029775049822452271267642135239527,-3.05196373665623777210384605534406433871876182,-3.05249468518275325698912749722429507126721052,0.0472660151897731058328352991173296806849276770,0.000932530253073053261558278451657696008717710958,-1.76029891276938013052259789554018319923847756
888,5.14997908875976580604408047669227731067648872,174.514476709576285134470066813197367024602436,0.0185107561825066052978202867525018431305001880,0.619763784639365157910389544428355039988346869,-3.05193529604607231440146093105400115202860883,-3.05246573597812868531460385480652380732816144,0.0472673594832013648295223115750217540431506980,0.000931518856383282870900704131400299278648834964,-1.76032948790629691500920184535273722223131885
889,5.15092158776680389643595867196870519070375304,174.677040235343116689490238641213194891193534,0.0184929703382787721794139831173937436004266082,0.619638732180563485060908907257907986545288501,-3.05190690872435175960200943519578791933554850,-3.05243684110803818884901035704021595595070057,0.0472687012959870410941742497973913821346658171,0.000930509674237750893562221691446404519501288906,-1.76036002557706608937696279361997430733912366
890,5.15186305518160341020709998238657325898424121,174.839578911149320318679877139569708157332509,0.0184752212808001778249731681654060437581772582,0.619513871156926379518138725789862276990594168,-3.05187857453268114375397598785115678304271558,-3.05240800041077778493767630995260170386085269,0.0472700406354040429506504185419378187285134179,0.000929502699338627969575605575547600592914519881,-1.76039052586609455228316127217479613908170237
891,5.15280349328191516949581253758175484364582365,175.002092771698462664716241987730823835829898,0.0184575088929645739959565450530370312514260712,0.619389201048781024558362349991485106591704498,-3.05185029331331139160542682390688567079393999,-3.05237921372530351242656148533387255191026588,0.0472713775086969842385932320791530803379343221,0.000928497924420197375632110222968960732784905746,-1.76042098885751363836401053143359379596514849
892,5.15374290433792441102057434159687355512124700,175.164581851606175513367217306650715875838394,0.0184398330581692297144930310086950332683079894,0.619264721338469961958471975496848957758580940,-3.05182206490913596745311408912988267188754656,-3.05235048089122800649984407086003378862338648,0.0472727119230813344715003155116664398337171979,0.000927495342248678288299262365739195440055446316,-1.76045141463518029071639910291388487809520195
893,5.15468129061228432934374986057620942219308225,175.327046185400477604759813320373656484446003,0.0184221936603122045149151069478026730460708693,0.619140431510340953312384608940838440201629784,-3.05179388916368754706950221065428712478893944,-3.05232180174881709508833666681980603911985812,0.0472740438857435680599645453186130956775564353,0.000926494945622050214614898077109510875498295483,-1.76048180328267822726446436983787094164416533
894,5.15561865436014943417213479002579871108228942,175.489485807522094906768633509688562549464889,0.0184045905837896395006101331218642119558451917,0.619016331050736903960883203950510816612315003,-3.05176576592113471055171221277291205011652403,-3.05229317613898641668898517529904156098032934,0.0472753734038413126069303911904462594333163752,0.000925496727369878581063186443789760907929734782,-1.76051215488331910104852196316842536377974774
895,5.15655499782920872293140312634616663493737418,175.651900752324779359587025718268975785816164,0.0183870237134930660701089408910489336360933987,0.618892419447985849076882847490566637366706185,-3.05173769502627865593770696561442037946703322,-3.05226460390329805943706526065030498498162996,0.0472767004845034962817572203324498422035733782,0.000924500680353141472017549844712003897251269181,-1.76054246952014365447361307213268170907096116
896,5.15749032325971866984193298599716774778838532,175.814291054075626100480170431651384342337650,0.0183694929348067321775222163963982596823010021,0.618768696192391001451991404656644458784250035,-3.05170967632454993343635491036957710793884954,-3.05223608488395722127403781400037406597682072,0.0472780251348304942798230740962991736352900627,0.000923506797464057508813775380434762139638106273,-1.76057274727592286755467107555980296396626518
897,5.15842463288453603271397499154043738487866167,175.976656746955389177656408843888859795742468,0.0183519981336049459936146491403081555045136780,0.618645160776220860534066494643661223177672927,-3.05168170966200520011931173697270506556009105,-3.05220761892380889105535866966097019302693046,0.0472793473618942743743458192105069667179253891,0.000922515071625914860694221621239259896016373618,-1.76060298823315910019505024591571325044096827
898,5.15935792892915047867069862942303617239662388,176.138997865058795762130672615297599395106856,0.0183345391962494368349746561379798718662103570,0.618521812693699382269266468216706823708197708,-3.05165379488532399492394893369938572634062493,-3.05217920586633455044385883618631003191121744,0.0472806671727385415670425062532383624016823959,0.000921525495792901378940868035841144682728973555,-1.76063319247408722853490263463442711283552265
899,5.16029021361171702999830694159017595770158700,176.301314442394858866391941715801233876298067,0.0183171160095867332298938376974909285406218838,0.618398651440996209305852579617596223217544957,-3.05162593184180553381783521656400804803581332,-3.05215084555564889643561985640654380748181588,0.0472819845743788818441922306430731738576001906,0.000920538062949935845591039631143520396672079164,-1.76066336008067577540563459825141760645382198
900,5.16122148914308833131314741298173133024273543,176.463606512887188578625221798699767132886024,0.0182997284609455579907152998058500462438522145,0.618275676516216961120723180858644231325416807,-3.05159812037936552497654171167132120716456093,-3.05212253783649658436656473438459611183659890,0.0472832995738029050446127806797953309432142313,0.000919552766112500328204974779972290748271185755,-1.76069349113462803492642175311859255397730596
901,5.16215175772684673922656613996244736011808502,176.625874110374301821177593563742314134347934,0.0182823764381342401635437148113276277797545034,0.618152887419393583633348896623023386432880159,-3.05157036034653300382779453622016634327432808,-3.05209428255424899124926829662629082594381988,0.0472846121779703868460068674789756425120295844,0.000918569598326473632228998141663775476661295271,-1.76072358571738319127851043545197790209573282
902,5.16308102155933623567915250008381641736585114,176.788117268609930641897438997884808030415241,0.0182650598294381437273326093715116598698734959,0.618030283652474757875430741832605193528058649,-3.05154265159244718781623923256567856809622586,-3.05206607955490099929076202217656230813598113,0.0472859223938134098760797575067371339050206003,0.000917588552667965842571921094448819589822352451,-1.76075364391011743169278497660958000678808905
903,5.16400928282969416610700178953001701236279537,176.950336021263329046915988725471971759466475,0.0182477785236171129154759877791326687489727142,0.617907864719316367288221395230032477243591090,-3.05151499396685435074431048199399347563217670,-3.05203792868506779944336741206062838696248635,0.0472872302282365039547766643945523952017498366,0.000916609622243153946085427206152926470821329050,-1.76078366579374505368583326444258288222471738
904,5.16493654371988280359368285823552465589531833,177.112530401919578383380856501360355000250721,0.0182305324099029340341321396244868067098458640,0.617785630125672023223033710526034085642283652,-3.05148738732010471654591778653076000237503543,-3.05200982979198171484183900194675837888346691,0.0472885356881167854739352974214493998871668881,0.000915632800188118526711617882063673942641837303,-1.76081365144891956657949813407820077615035256
905,5.16586280640472074015273586976672169038829049,177.274700444079891280592226730892668927735725,0.0182133213779968136525974617076555965187742222,0.617663579379183648224010396919915254935409276,-3.05145983150314937235086348259501635297700693,-3.05198178272348904398133328047087287343902960,0.0472898387803040959205965041783495896249437576,0.000914658079668681525132601262317054196794102398,-1.76084360095603478733865909949170635919799225
906,5.16678807305191410627674116803174943643734268,177.436846181161914157933834434955782921099752,0.0181961453180668730421274621605168528693806114,0.617541711989372116675744993960912811884836726,-3.05143232636753720069910366256918489503591420,-3.05195378732804692349194318543187513173012958,0.0472911395116211395501639792239117982133956382,0.000913685453880245054828013418631980974728370235,-1.76087351439522593076174778476602933443933098
907,5.16771234582208761988029307862477696203707759,177.598967646500028307932819976523947162029243,0.0181790041207456587406709254626038371584961572,0.617420027467627952401827158401820780161567159,-3.05140487176541183076514545089120323752221259,-3.05192584345472021036674963562375444429648881,0.0472924378888636202155525338116345747517857006,0.000912714916047631266516672552103855089168805779,-1.76090339184637069405826112521929972547604280
908,5.16863562686881546575558155042822232891187941,177.761064873345649562724948851124733176608802,0.0181618976771276691220416146393207486011510835,0.617298525327202082803835225350298639580541397,-3.05137746754950860845404573017281756296504943,-3.05189795095317838350154184054262723984339159,0.0472937339188003773584134288826758529434292272,0.000911746459424923253028191759303513509662448453,-1.76093323338909033584729896794373488475790952
909,5.16955791833865200665072910259610338237755315,177.923137894867526552144555685190738993817187,0.0181448258787668968490999842552918889800889272,0.617177205083196649133716350972599850427780859,-3.05135011357315158523163695879322511480654036,-3.05187010967369246440554703528221284023452579,0.0472950276081735211684747594058897433085484361,0.000910780077295306986719321462377420534372188721,-1.76096303910275074961091709322251939017741204
910,5.17047922237116232707254984103205809776395620,178.085186744152037561601897094009532140690636,0.0181277886176743870915552863532175991577653119,0.617056066252555872495879633505580325730793201,-3.05132280969025052555275528170958869457167547,-3.05184231946713195694368793387807653306858585,0.0472963189636985669169848377926193129474820699,0.000909815762970914281618066150650384905180604168,-1.76099280906646353163585288739196241870088866
911,5.17139954109895261090699061286816302878844621,178.247211454203485997854376078317384710100768,0.0181107857863158113900262814046393768158008311,0.616935108354056975178680783625710625972803133,-3.05129555575529793275238482679875074944705928,-3.05181458018496180597205270004580109243456398,0.0472976079920645684701969525634004033743362247,0.000908853509792666772546228929171093707204150304,-1.76102254335908704347694890874812882677944689
912,5.17231887664770035394218095116281724718355226,178.409212057944394470722327081004598630133496,0.0180938172776090570490166264874580710192177138,0.616814330908301156918298510583129640296419535,-3.05126835162336609326576001448171985904508512,-3.05178689167923937472941771716360609345641788,0.0472988946999342509887847707986871188552489945,0.000907893311130120903537988699965103324871197912,-1.76105224205922746897536938594971160772041274
913,5.17323723113618441237075760689482502185636171,178.571188588215797498744721620088967397792495,0.0180768829849218319424690108457824951337706930,0.616693733437704625701293139294595575628698997,-3.05124119715010413904458500193600497129660787,-3.05175925380261144084880801559202163752441031,0.0473001790939441428190290043242288143818791418,0.000906935160381313917938415715317629807619415895,-1.76108190524523986586447625806579312621302058
914,5.17415460667631488833994046097871714356249696,178.733141077777532846715265539450293297499403,0.0180599828020692846165603510032820487661928354,0.616573315466489682715397404296795498060484226,-3.05121409219173512803763614680722449900289547,-3.05173166640831121085421399976927091307953322,0.0473014611807047065815677652777857073353873257,0.000905979050972610842631488755750219232346858014,-1.76111153299522921199600469211502672221009334
915,5.17507100537316285360971875282727048684771307,178.895069559308531502984906393925482735372528,0.0180431166233116395753889487134917609267274845,0.616453076520675861061318203770572304156916414,-3.05118703660505314260510971962868193078559359,-3.05170412935015535300870622340641837912888578,0.0473027409668004694634552919464884575004143719,0.000905024976358552458912198231825417407580045313,-1.76114112538705144621895308293019600445109867
916,5.17598642932498991237145915893448895198885829,179.056974065407106304362749369648059361020066,0.0180262843433518476361835590168536658510277999,0.616333016128071117841526661669856552144867458,-3.05116003024742040573716312850177871386756044,-3.05167664248254104838130250065154815664124668,0.0473040184587901527192264258767050488370749109,0.000904072930021704252581710939725368166514848423,-1.76117068249831450394337933687825799516301037
917,5.17690088062327760427126961757770754873324379,179.218854628591239216393788533219322257132234,0.0180094858573332512416339150837155101280172956,0.616213133818263079245182455519864985845791353,-3.05113307297676441494817375207140882846999822,-3.05164920566044306000104372511941999357561524,0.0473052936632068003866173616178280421376081168,0.000903122905472506335908340785847100974702478962,-1.76120020440637934742107375091948823901606947
918,5.17781436135275664867454424402115305344490154,179.380711281298867276738693243050597397502706,0.0179927210608372646179025126916131658443500510,0.616093429122610338251477335208821380043066483,-3.05110616465157509371930521428922269295885131,-3.05162181873941081996782650673252887342209501,0.0473065665865579072225467664979882981319518929,0.000902174896249124334160222225557900261937916978,-1.76122969118836099077485900737714363448041307
919,5.17872687359143603120027454188517854168394844,179.542544055888167209328143420595243244794246,0.0179759898498810686678284702536741859083602689,0.615973901574233804576792393981932916796371647,-3.05107930513090196036302668250022769679348808,-3.05159448157556553439062223666594834988772171,0.0473078372353255458649153750257243192824061126,0.000901228895917301229478126046884033803169921161,-1.76125914292112951980804969841518160197904480
920,5.17963841941063193354593972523763141726696939,179.704352984637838716911878284287206312788522,0.0179592921209153204897761492412309486080188762,0.615854550708008106494144263171863668994570318,-3.05105249427435131418427663340254775436126894,-3.05156719402559730602478356035678955515903834,0.0473091056159664932257365964011559710753503664,0.000900284898070210154918797004414146461550653779,-1.76128855968131110662538735851602318615418684
921,5.18054900087499650761608366426434996576230237,179.866138099747386459570707348996373406857276,0.0179426277708218774135140424198646624817991922,0.615735376060553044156447289748376321893533726,-3.05102573194208343881399861260117271552293094,-3.05153995594676227448120058332068891437705434,0.0473103717349123561210655297883274411011602151,0.000899342896328308131560536128259723831525729711,-1.76131794154528901909655220426793962375386955
922,5.18145862004254649496004710398303570453902758,180.027899433337400726708226280536525854335763,0.0179259966969115354454333101850641357562575716,0.615616377170225094058142219833336994515917031,-3.05099901799480982259180291480116357622276027,-3.05151276719687977388112055898523795355361911,0.0473116355985696961431490560825925025551600423,0.000898402884339190741623503677718799265651255533,-1.76134728858920462519313964469087401944454302
923,5.18236727896469169251675073629343519095728830,180.189637017449836809987879897297666571637676,0.0179093987969217820163303639460193066003667404,0.615497553577108964272737247752378300576022186,-3.05097235229379039587552493398805924509790661,-3.05148562763432950783148641527347417176080437,0.0473128972133201537801753625884777762151568409,0.000897464855777447730617387984514691727407183277,-1.76137660088895839222977811845143408974079075
924,5.18327497968626326565691679355478907103354433,180.351350884048293084630316595326884998519528,0.0178928339690145629258841543465020313390526580,0.615378904823009200106774791425407830963953180,-3.05094573470083078515645827588896308098683420,-3.05145853711804874159668136943137237046130759,0.0473141565855205717889573540387852206402066065,0.000896528804344519531588677067259124599586322539,-1.76140587852021088103985492306489954521627515
925,5.18418172424554190950567344654792363067451266,180.513041065018287806435679141475745020540197,0.0178763021117740633788564144055986465526643955,0.615260430451441839813677310019610174939823478,-3.05091916507827958386003868711911441465349457,-3.05143149550752951134358915960066568615505515,0.0473154137215031178258409055177260899448591779,0.000895594723768554704598790055147639231535195083,-1.76143512155838373511610841209720274926272499
926,5.18508751467428585952110680758340243137807891,180.674707592167534631845572569907624216687244,0.0178598031242045030089321255902747326400806900,0.615142130007626120013838174568202901491470139,-3.05089264328902563971274353408849353129240152,-3.05140450266281585033789218674300239793368781,0.0473166686275754063410858159304878939337687612,0.000894662607804268284622780220697663079042108709,-1.76146433007866066474613823612502480066546774
927,5.18599235299775875229700914381829719433823738,180.836350497226216868309937304272026312220582,0.0178433369057279447869980094991222955516385203,0.615024003038476230470209319188024875600454620,-3.05086616919649535855695105624882029814690268,-3.05137755844450103197053321043040645211046837,0.0473179213100206197419246205670308581983452131,0.000893732450232801031116216803204569656290213197,-1.76149350415598842617268017856761231349108884
928,5.18689624123475733755081838631319111925689183,180.997969811847260462174931120383460611753261,0.0178269033561821177115289892794293646779619685,0.614906049092593117871496418866682946151780167,-3.05083974266465002449647401777962763685724114,-3.05135066271372482949426027430785531245681260,0.0473191717750976288294621139640453215228981072,0.000892804244861579572555194750802181027852832842,-1.76152264386507779580828857536694723101186933
929,5.18779918139763904225055257330225643134125522,181.159565567606605731259183706301909063912096,0.0178105023758182531796164021033036133513267548,0.614788267720256338277904935599192120455381103,-3.05081336355798313625644378343191956579803641,-3.05132381533217079235115934816884323668776896,0.0473204200290411125145365156469979384613200272,0.000891877985524177439311215894416602633820361783,-1.76155174928040453953386729487678292869622095
930,5.18870117549234938782741289432347274274530420,181.321137796003477849237428946760570462930248,0.0177941338652989349380273649398841065009301647,0.614670658473415957887186820844640187163645894,-3.05078703174151775964217334098439697656822090,-3.05129701616206353897305485892504661482489828,0.0473216660780616768176216774507692736188603297,0.000890953666080176978278937697787074198364310891,-1.76158082047621037711028977835403204272142703
931,5.18960222551844926141365991440475171461650804,181.482686528460656088902539269453493163758439,0.0177777977256959625145321874013511826127581933,0.614553220905684501781518228640751595570403661,-3.05076074708080389598257147657502706038737470,-3.05127026506616606593762493657004100607417718,0.0473229099283459731578085780342862308763389448,0.000890031280415032142730502342703604429181565274,-1.76160985752650394173214968937019106342260879
932,5.19050233346914204203835876987211029713718181,181.644211796324741831329380088003222065470685,0.0177614938584882280305761735199534515296141299,0.614435954572328950318493546978120804305571286,-3.05073450944191586644461527095727218278898671,-3.05124356190777707336403591673379149784253858,0.0473241515860568159358635740280020049552552572,0.000889110822439932150925345179465429210381000681,-1.76163886050506173475248627963090922734978733
933,5.19140150133130058270664006121704788159176661,181.805713630866425347916667240021595265958929,0.0177452221655596062972036438417336427116185867,0.614318859030262782832250658878956685237420906,-3.05070831869144971210631441436879995185846046,-3.05121690655072830643284951073804308059520679,0.0473253910573332994163204741332213387970597931,0.000888192286091666007059043105109880400598675641,-1.76166782948542907560713263657527920184957843
934,5.19229973108549404928123325166961960605505949,181.967192063280751362236143061056502526239888,0.0177289825491968580969656241235200613076248917,0.614201933838038068313446859730730489532417154,-3.05068217469652060967651862404283985979294394,-3.05119029885938191291589616828400430471649837,0.0473266283482909139135234686226406734831618440,0.000887275665332487878188905766873922662800938331,-1.76169676454092104696714052230057712002550316
935,5.19319702470601461707819804659568303482195736,182.128647124687383398571884101479320498502198,0.0177127749120875465553584701423862051700736226,0.614085178555837602739484541514478837022207208,-3.05065607732476030275082877928174553386103090,-3.05116373869862781660273960708962494475110993,0.0473278634650216612864982783084509636367142116,0.000886360954149983320827641101994104069943331363,-1.76172566574462343514754253151043844700214066
936,5.19409338416090402608200591851121666270093877,182.290078846130866923986412260844287415903445,0.0176965991573179665061488116586964785176063751,0.613968592745467092729040862436874198742459241,-3.05063002644431454849377335129583534621175324,-3.05113722593388110651128035697948822472874499,0.0473290964135941697474895804266365756162867901,0.000885448146556936350949547030190289076527899282,-1.76175453316939366580052077611104589727458131
937,5.19498881141197999567840810126845284667393711,182.451487258580891290704498092158321580927522,0.0176804551883710867557406834529509429875383129,0.613852175970347385197586404031940868801168101,-3.05060402192384057963830438455149408551026321,-3.05111076043107944177096055114210211059303011,0.0473303272000538079889638203541988878979043821,0.000884537236591197351206298462183864858732110181,-1.76178336688786173492086123368484737990850615
938,5.19588330841486249979686745657864919934001461,182.612872392932550485560117057588414297275107,0.0176643429091245051525336476831919612529729131,0.613735927795506742693184526096927804203564674,-3.05057806363250458169455176806248926767310641,-3.05108434205668047206793818153697200749697623,0.0473315558304227986338379239917276662783007881,0.000883628218315551809201518464637592205191511752,-1.76181216697243113519138426436545110934732224
939,5.19677687711899990334772907406279479904283611,182.774234280006602693206943469344269190528647,0.0176482622238484163680061787582305617242521769,0.613619847787573164094446009104244270237727497,-3.05055215143997918526065090282955929806660855,-3.05105797067765927354249670480294642112332350,0.0473327823107003310136561824096076923102950034,0.000882721085817589880724949656114085363145925732,-1.76184093349527977769585459373733491769078930
940,5.19766951946769496083275776577228539361763942,182.935572950549728679748039627596015228985032,0.0176322130372035922970366577527730159040253459,0.613503935514766750355072867441736076606457867,-3.05052628521644097332932720846990343844366091,-3.05103164616150580002984532456367723300750236,0.0473340066468626732793996844150343513176702277,0.000881815833209576771898181866822106201416586389,-1.76186966652836090902668826651140124203631770
941,5.19856123739813067800117922657744070640487265,183.096888435234789003396016204622864856194105,0.0176161952542393749857450854614715978266030590,0.613388190546892114981961165682891665202422561,-3.05050046483256800348478130002854459260908150,-3.05100536837622234953634656985940972104130227,0.0473352288448632838495751205315597838238995339,0.000880912454628323934234549884250038259049104647,-1.76189836614340402381458968520766372311634443
942,5.19945203284139603741692502757056002990599704,183.258180764661080058730901184420803162975867,0.0176002087803916819959021479665521638196950982,0.613272612455330838936345512068487856347951737,-3.05047469015953734488527118615144906904133403,-3.05097913719032104584408102072239017785642486,0.0473364489106329222001925700150419598679551764,0.000880010944235061066665995775625500718583432500,-1.76192703241191577270706884833788284469153618
943,5.20034190772251158879639927080187123383607838,183.419449969354588961079255643059471332680746,0.0175842535214810241157086316645264903998041387,0.613157200813033969649957873802596243380576674,-3.05044896106902262992763257243646828033244487,-3.05095295247282133513752428288520194712138856,0.0473376668500797590012050075203850026678923909,0.000879111296215308918639398816735457275958463704,-1.76195566540518086582260728215421348786881377
944,5.20123086396045490496975614586878816100628406,183.580696079768247277494712370030775106071988,0.0175683293837105353274974607791508864093542798,0.613041955194514563850640690291922510156511605,-3.05042327743319162049081537817143825018121978,-3.05092681409324749754696866557166572398027335,0.0473388826690894856039457244814499750703958649,0.000878213504778752888434117397862765758883266612,-1.76198426519426297170706090754641039226507058
945,5.20211890346818590431240228313318723797711696,183.741919126282183610777084836740763356769556,0.0175524362736640149436528933397490249036226953,0.612926875175840273894299183136172718271341812,-3.05039763912470378865634396923716821710743045,-3.05090072192162617350417154965939140022072550,0.0473400963735254228840636488089706805243744949,0.000877317564159117410901266297656461477491336065,-1.76201283185000561181870918786154413844196345
946,5.20300602815267204048721519102140888285764561,183.903119139203975042924496396117282709510482,0.0175365740983039818227767344384682105390165151,0.612811960334625977302500502973620852508805549,-3.05037204601670791180443045223475312344221263,-3.05087467582848390480655422771016348470272922,0.0473413079692286294444206618226368279342436697,0.000876423468614041128873574234920293517769422027,-1.76204136544303305056818235311744200239319441
947,5.20389223991491336033179869763062141738885881,184.064296148768897444370609956569848226652657,0.0175207427649697405788598804724722562007529590,0.612697210250026449207428138114182828081847447,-3.05034649798283968198528474156078062170870824,-3.05084867568484469028710913103636015790726152,0.0473425174620180091823794501250784037438229607,0.000875531212424952842542535391595606253667023448,-1.76206986604375118093932228021345422845430679
948,5.20477754064996743071897769661499576324212562,184.225450185140174655316993852042336894642158,0.0175049421813754596969391663767390152167582863,0.612582624502729077408279060646102957282852490,-3.05032099489721932946597207801128426543206239,-3.05082272136222755598799990982551346557662267,0.0473437248576904182258751891451855149871806559,0.000874640789896948231146989358091698160639316174,-1.76209833372234840571685771633636418816609345
949,5.20566193224697413521266713611616758519524989,184.386581278409226545428937393401180836162439,0.0174891722556082614694344200933577181272661997,0.612468202674946619745548622286880794377157483,-3.05029553663444926035396831950852854347132755,-3.05079681273264413973665787722834519697400973,0.0473449301620207712426294311099832265413146687,0.000873752195358667341364241341164038827049251467,-1.76212676854879651434660095293856407147689286
950,5.20654541658918034133523360450390121505874425,184.547689458595915958121626828317598138653186,0.0174734328961263236680689044316079635435621370,0.612353944350410003501984452110885930509766149,-3.05027012306961170819935571583916785479122820,-3.05077094966859629002398994321668852517861837,0.0473461333807621471268299600677401411834929352,0.000872865423162172836841373098138316560214264416,-1.76215517059285155545370077964892243068736470
951,5.20742799555396443925650158012396192213352288,184.708774755648794545622506377907538758927743,0.0174577240117569928669780149815571885262328003,0.612239849114361166541305766443415162545231136,-3.05024475407826639947838709316596088785284266,-3.05074513204307367908511742407675068333761955,0.0473473345196458940675660771349132929493773750,0.000871980467682829003350499470264449947907761081,-1.76218353992405470504431556057777947871472009
952,5.20830967101286075270863995132218830836185350,184.869837199445347500954876906527446814958579,0.0174420455116949093333062719985662374241526702,0.612125916553545939898078790283230368945093461,-3.05021942953644823286192448300878935155669114,-3.05071935972955143008386209292225471030270899,0.0473485335843817340032747872654864439187087371,0.000871097323319181504097400081309513052196468017,-1.76221187661173313041590056910384355197107423
953,5.20919044483158382292529730987253337913892632,185.030876819792237192947323890900577231724605,0.0174263973055001434022813615470694946302641076,0.612012146256206971534412619852959926696807907,-3.05019414932066497217302930605771557120711800,-3.05069363260198775830298560906535057469911212,0.0473497305806578664664196714671652266277895221,0.000870215984492837879758205192868900579175937489,-1.76224018072500084980113528088311054716122125
954,5.21007031887005256639753631260635471381336788,185.191893646425545710333413987265153417686733,0.0174107793030963432544363132830639192673048580,0.611898537812076690981393035188733503193886826,-3.05016891330789495293874533445728022363734111,-3.05066795053482162624297110212728595448462938,0.0473509255141410718225908424726120069513587986,0.000869336445648348787863643262391002116394555653,-1.76226845233275958777034914809117850540587778
955,5.21094929498241430723334763436656249212912724,185.352887709011016320966252977789829959047727,0.0173951914147688940133269149128221032257934235,0.611785090812370314585404705664651503558252018,-3.05014372137558480244187287717552421103175254,-3.05064231340297041253291126225434794404915915,0.0473521183904768139081812944068277359126431967,0.000868458701253089976194769780692998726747313215,-1.76229669150369962641713845048473697447433620
956,5.21182737501706868490180224700638943521448144,185.513859037144293852132954563310065748735624,0.0173796335511630880827612216899011520313680428,0.611671804849778891081705123317932453158584446,-3.05011857340164717317928303105349432004861629,-3.05061672108182759455783587177821507608499841,0.0473533092152893420707621649984358070141554319,0.000867582745797144984898096770555105732951410970,-1.76232489830630065235170213052035816134498714
957,5.21270456081669143813722650534394901591469433,185.674807660351163997914826737357986801321276,0.0173641056232823066432215876648158980381529812,0.611558679518462387219806649854536372361831995,-3.05009346926445848963406448366272438028209814,-3.05059117344726044470757337638598126747712450,0.0473544979941817926162469294202401121844083955,0.000866708573793188572071634155829749535366538332,-1.76235307280883259952626106036348601973960228
958,5.21358085421825806577315735775438719951176040,185.835733608087791559500137730710708828271139,0.0173486075424862122278170874139827356054572629,0.611445714414042813167396472101773215980349008,-3.05006840884285670826953231096144214261755800,-3.05056567037560774015299590482737801767579104,0.0473556847327362896669023350025962273412027852,0.000865836179776370857616542262256798489009235175,-1.76238121507935648791676294811106999851462261
959,5.21445625705306736527025448702069832646159962,185.996636909740957624317674185584609811876159,0.0173331392204889522987555755588703945277954903,0.611332909133597387421678224061300897491391060,-3.05004339201613909065385854996691094965773207,-3.05054021174367748605624517409947289695107387,0.0473568694365140454342319629633766672345659409,0.000864965558304202180191883140150746666544997676,-1.76240932518572525808491405897904616852184970
960,5.21533077114676484969681189131444972731323819,186.157517594628295689820947758298130621496370,0.0173177005693573737459700087437100520432044422,0.611220263275651740959153746055497258313811345,-3.05001841866405998962480811054212875615602347,-3.05051479742874465212227802986671232716810522,0.0473580521110554599107266640937162973818447620,0.000864096703956438662152351311670800055380173657,-1.76243740319558460164441909469951192197204025
961,5.21620439831936604391502290538206152740716657,186.318375691998526737714840237416245651868939,0.0173022915015092482301730923692292686677754969,0.611107776440173160356979105056361938520169868,-3.04999348866682864840478088648866718620416246,-3.05048942730854892239980503680015132318103325,0.0473592327618802199844447572135638843759873985,0.000863229611334968477390866001464654100725888570,-1.76246544917637378765515193114711282821149299
962,5.21707714038527966072070951226406273852642751,186.479211231031693264378699004077014412892444,0.0172869119297115082932478730855646087447343219,0.610995448228563869621125785320171457547111842,-3.04996860190510701257707179927900967952400820,-3.05046410126129245824042361701588171588997473,0.0473604113944873979803537993804222497915289386,0.000862364275063698817049520923241506327631163136,-1.76249346319532648496882245057067088995828734
963,5.21794899915333065767882858466628636108229115,186.640024240839392273202401779425064866014009,0.0172715617670784941595096379494717279884962912,0.610883278243654350458656063007422307643786879,-3.04994375826000755483496502207201161434179496,-3.05043881916563767432546880258805498277887581,0.0473615880143555496323349325440560094117047960,0.000861500689788443548103618235178858693757230711,-1.76252144531947158054954841113012550256051170
964,5.21881997642678317539171400527496872553993234,186.800814750465007234514699651662117056085397,0.0172562409270702111519964616921240836960262418,0.610771266089696700733481188558856376436874873,-3.04991895761309111241597685054873935013993112,-3.05041358090070502767081978521156169034941127,0.0473627626269428114897202798649836124636968630,0.000860638850176811559864364268205583837901625958,-1.76254939561563399379258616320023182692808526
965,5.21969007400336335793170403400384383266220521,186.961582788883939018746217926524492280808366,0.0172409493234905976485620234986611963289351505,0.610659411372358030847012300190609148746001153,-3.04989419984636473713425367330014099559439194,-3.05038838634607081952060917678320256606978186,0.0473639352376869977622036035605691358705698565,0.000859778750918095793486279953189221742738551506,-1.76257731415043548686432003965430301799255135
966,5.22055929367528205616453740877348093800638910,187.122328385003835808432842997645727838747909,0.0172256868704858035031549521834612588812247101,0.610547713698713897787137162908779269008339891,-3.04986948484227955792481731002084613431385184,-3.05036323538176501004148430254125507517604834,0.0473651058520056966069344422441729534471359643,0.000858920386723162949605482362342622184313231825,-1.76260520099029547108645740671930408688799003
967,5.22142763722925741468467908054733909084033489,187.283051567664821994628847807925485226974447,0.0172104534825424788582740111179699040294309169,0.610436172677241776590961049872329828667403623,-3.04984481248372865581402969196214359171382225,-3.05033812788826904572976599633674588250671773,0.0473662744752963658615762166438071415827673714,0.000858063752324343869274729230137576498330216343,-1.76263305620143180938722465371533601972682619
968,5.22229510644653734307855679273694295153895741,187.443752365639726063263006213158925557757708,0.0171952490744860732751879585487555798649266048,0.610324787917814568968737534725866610559395335,-3.04982018265404495123132251664644560846128605,-3.05031306374651369944454031780075818343660598,0.0473674411129364282270793257194383218179710269,0.000857208842475324583400489480511486081456992408,-1.76266087984986161484220881485658893255966285
969,5.22316170310292187222655252360051815193891213,187.604430807634307476935115330785639739694148,0.0171800735614791451091029712139412423735281817,0.610213559031694148838384820703191674939149132,-3.04979559523699910357790517775531734954422275,-3.05028804283787692298040242513451111772610319,0.0473686057702833659038910479631825613822859614,0.000856355651951038025926313368994815074040756033,-1.76268867200140204532734004517612040132952145
970,5.22402742896878539634949772581795876772802332,187.765086922287482557614782448004376272887801,0.0171649268590196810570491549794380407032741600,0.610102485631524944521935668964711970452034013,-3.04977105011679742296882601072679804235415888,-3.05026306504418171209424957582318976452573659,0.0473697684526748146852951125128303990959852965,0.000855504175547556406045429517879681039809453916,-1.76271643272167109430636180650185067862016219
971,5.22489228580909880150036793196923818031805041,187.925720738171549375669036985051911899188678,0.0171498088829394258068409405048061553764228614,0.609991567331327557357204176969400769372323322,-3.04974654717807979406541776363984582270200893,-3.05023813024769398390119195093574462465394483,0.0473709291654286575115451091127707731216644149,0.000854654408081984234763796505997729479017165710,-1.76274416207608837777498834929334625062792518
972,5.22575627538345148119686026408369959570110147,188.086332283792411650610296093383379430986476,0.0171347195494022217160441290311605541513038764,0.609880803746492416479870768006955831506379740,-3.04972208630591761191580825948785278228244330,-3.05021323833112046655531576633895987194876398,0.0473720879138431174884274624211277412336282763,0.000853806344392352001172787357879153492224930960,-1.76277186012987591738380289316381654960521614
973,5.22661939944607323988556630960105952202789244,188.246921587589801668921442468647858259925093,0.0171196587749023584504550669736095705847504598,0.609770194493773469533087953781733419185327139,-3.04969766738581172972182151737947051678062491,-3.05018838917760660113169300499337461647825266,0.0473732447031968503738615022184682820342077059,0.000852959979337510493828289805814749705720362567,-1.76279952694805891976180480425223379236437577
974,5.22748165974585608492352232871089011164919629,188.407488677937502224280262649938624915301331,0.0171046264762629325121649412131344761540246706,0.609659739191281909063593889764588062966204214,-3.04967329030369041845123320335780383959661146,-3.05016358267073445562668613673776666125593884,0.0473743995387490365361162142791562525903791359,0.000852115307797025762670267078905982925891951709,-1.76282716259546655206237003254628159871797538
975,5.22834305802637590775802846667417017422003010,188.568033583143567585471241256179474891977197,0.0170896225706342165878445523413254883256967602,0.609549437458479934365188622715413465465302219,-3.04964895494590733821497724258434395128660748,-3.05013881869452065099424444320042754553847639,0.0473755524257394723871955546050626808697823649,0.000851272324671074716953746672787532928521315362,-1.76285476713673271375324609813364194650478434
976,5.22920359602591405498077819073240562383929696,188.728556331450543497238709094987445340477838,0.0170746469754920386484421925557653558154244840,0.609439288916174548532279394338955414155835959,-3.04962466119923952132952779916678222592543733,-3.05011409713341429913653109266539110019051868,0.0473767033693886612949167500027033769741513633,0.000850431024880341354698791500996682316921177292,-1.76288234063629680467206099359796368638199630
977,5.23006327547747878992752818968432808094162766,188.889056951035686219301598706941719884571647,0.0170596996086361707320394797970074969763161571,0.609329293186511390488036575709187917397201164,-3.04960040895088536698530267289128290102772120,-3.05008941787229495276785696921706225078370072,0.0473778523748979039771787882445228317986905141,0.000849591403365913619203262414496473995008726907,-1.76290988315840448936868449187237600531886158
978,5.23092209810882664548976710397610295768915174,189.049535470011180608716567537397776059941950,0.0170447803881887273421572308530662131713932886,0.609219449892968601753520923372950801184092123,-3.04957619808846264744255052792452940201261977,-3.05006478079647056707152850802253677288972756,0.0473789994474493883818913189539906649408403542,0.000848753455089180878198106652547051351296330152,-1.76293739476710845775564050638722654427579805
979,5.23178006564248366880010833769694697586921340,189.209991916424357250743004437604924147262046,0.0170298892325925733943457437641799320808401158,0.609109758660350727725946027682084641942477910,-3.04955202850000652567679531096402555437594365,-3.05004018579167547306984247931804565055332154,0.0473801445922062790560074395785867123673437791,0.000847917175031732021260506671689698942704052875,-1.76296487552626918208763033494272296592063825
980,5.23263717979576655844843748731552650935696486,189.370426318257908643330437485772445208498005,0.0170150260606097416444312536132167193625227335,0.609000219114782653236027222956639952690345743,-3.04952790007396758439651678853934551553504187,-3.05001563274406836262808085207783650109162927,0.0473812878143128060070773270756418037357095971,0.000847082558195254171135501269053580415825708884,-1.76299232549955567029108882211683255702842066
981,5.23349344228080369488118825503927545721379982,189.530838703430104440316108105600841129919168,0.0170001907913198595323228748099111006066926587,0.608890830883703572156140001913045689037356307,-3.04950381269920986635634638782928277015473980,-3.04999112154023028501397360840362750861234049,0.0473824291188943530607133929689553778288254045,0.000846249599601432004651649214217516895637485780,-1.76301974475044621566455868897158471326176014
982,5.23434885480455606463150175058296708901809202,189.691229099795005758387966083016992272995666,0.0169853833441185853758120958517868472946049200,0.608781593595860990832767276095053075579865558,-3.04947976626500892588965251451833682758644656,-3.04996665206716265493470672474049930769394597,0.0473835685110575457173315849989855111320415729,0.000845418294291847678950947937306484429042385946,-1.76304713334222914297053249520555023261816922
983,5.23520341906883807902344248065745977036501638,189.851597535142678552836070299237190353794426,0.0169706036387160538493198973164998531377994149,0.608672506881304765118455800867715816861713556,-3.04945576066104989158497929636679486275206460,-3.04994222421228527197415653888433817186752911,0.0473847059958903385115076304700494963859078500,0.000844588637327881358787549361301751726965286967,-1.76307449133800355093927690964609896899338019
984,5.23605713677033828798889974086727059720927200,190.011944037199406067083348786884239478977606,0.0169558515951353306830648680249909801258132053,0.608563570371381170780227887292243858793512902,-3.04943179577742554003138731325245818836653678,-3.04991783786343435135363043461077370875594672,0.0473858415784621018772614124019412891500812126,0.000843760623790612340683834850126974649161608155,-1.76310181880068005120502016208141357003324956
985,5.23691000960063998963129522360051243351984858,190.172268633627900360954877071799907532667316,0.0169411271337108765186393449044038355079594771,0.608454783698727007063105301698857101886543447,-3.04940787150463438055832437385056864595559759,-3.04989349290886056593998725027720109038744347,0.0473869752638237085225572875516557314968301267,0.000842934248780720769766124572798653185720244663,-1.76312911579298150369475072496786289699016823
986,5.23776203924624173616574610496390635257012175,190.332571352027512922613273701361106587082819,0.0169264301750870198574896455491936383236760228,0.608346146497263733189098153231307937098911259,-3.04938398773357875089622883570100679951164801,-3.04986918923722709942559910502297964477878728,0.0473881070570076193162829931376567109712396965,0.000842109507418389945135706425498465311490045020,-1.76315638237744374848974341965063343521861480
987,5.23861322738857773686089734427171992411062903,190.492852219934444369056484414113710065366082,0.0169117606402164390393009447923022939970033903,0.608237658402191637573692734693784712280898839,-3.04936014435556292368463738848160490453173765,-3.04984492673760771060519948676364446843387140,0.0473892369630279686909448445513736504420694416,0.000841286394843209209663979041789310819941386764,-1.76318361861641633417979825060999039878714661
988,5.23946357570403815860323709477159338215330066,190.653111264821953240043129627421768476345805,0.0168971184503586531877873132149783123650385877,0.608129319049984039543538855777916615897716403,-3.04933634126229122375513367864693096605199180,-3.04982070529948480867524051004515723112746181,0.0473903649868806495642921973780154144610775979,0.000840464906214077420133315356965235736261489538,-1.76321082457206324273004733516517143770043829
989,5.24031308586398932470034466119493006886477269,190.813348514100563890279721879893816947085051,0.0168825035270785220618829314043108045313582994,0.608021128078381523340689331738527898797359493,-3.04931257834586615611703369546311024418559009,-3.04979652481274753948195527845925278487278236,0.0473914911335433977830596315933678881239846972,0.000839645036709106993677770643362687799962918030,-1.76323800030636361088005630737253763780229942
990,5.24116175953479381253519102861280988250836395,190.973563995118273484673418651966161721533605,0.0168679157922447547508215633795847329197499092,0.607913085126386204200382104858118559186829190,-3.04928885549878654457425851161372021066779280,-3.04977238516768988264488932465570011107924675,0.0473926154079758760919910117991034903835769298,0.000838826781525528526509984834482129806025924141,-1.76326514588111244809481852595029536735164979
991,5.24200959837783045067931731142769004351208234,191.133757735160758101423559707454833978465447,0.0168533551680284271520780599330323628020903885,0.607805189834256026290979119128600146797401157,-3.04926517261394568090239482320075930848898960,-3.04974828625500875948322819943239387258526835,0.0473937378151197576312854827722304590197483752,0.000838010135879595980952566209929900690482817141,-1.76329226135792135108711329942057450225444284
992,5.24285660404951421606845621777801779103738808,191.293929761451577947695044875092665282432851,0.0168388215769015081716280111672763146556078138,0.607697441843499092306285677539329587291525642,-3.04924152958462948451548881084404287832624677,-3.04972422796580215167280648783208484162981988,0.0473948583598988089655815724221862953410099159,0.000837195095006492436823894991669158761978922159,-1.76331934679821921493057314981766063434930873
993,5.24370277820131603183993548295791434477398752,191.454080101152381692586636163521993960077557,0.0168243149416353945864597202852387019275801981,0.607589840796868024502069721782979171771357982,-3.04921792630451467255265919191858469694501448,-3.04970021019156723056223689200561866717805994,0.0473959770472189726475718924806088549453911629,0.000836381654160236403259653944647566150412818404,-1.76334640226325294078267986186993597100606830
994,5.24454812247978246642700988854243908785356364,191.614208781363109922077515434729175150679382,0.0168098351852994545097464702533861110437655814,0.607482386338354356970182420217690497251224428,-3.04919436266766694031515099949544815409335362,-3.04967623282419849707714658469005955613835126,0.0473970938819684493193174489239646018290577006,0.000835569808613588687082481490307182268403282861,-1.76337342781408814023678470018765120629243584
995,5.24539263852655533450110964771611615727255323,191.774315829122197720605893725453731459949017,0.0167953822312595793995566434066960177056255225,0.607375078113182958945249764267052096886816175,-3.04917083856853915198498265151223221623817868,-3.04965229575598593214205184987011646754792506,0.0473982088690177793543072972987854661771912151,0.000834759553657959813862953907884706252225341234,-1.76340042351160983632212471540737264837289501
996,5.24623632797839120034886730082053645815802669,191.934401271406776383904148896632212482760689,0.0167809560031767445524446730259408350606449541,0.607267915767806488940459687396521769756737344,-3.04914735390196954155686530885768424900370069,-3.04962839887961315754994113442259819263229203,0.0473993220132199240432862008546759253943687544,0.000833950884603317997845639663595105535798808478,-1.76342738941652316117068449424787127969226321
997,5.24707919246718078426669253036135711510365443,192.094465135132874267685862817199470917759914,0.0167665564250055780237270965739869441620536288,0.607160898949899879510510664276323998487435465,-3.04912390856317992391559540769726660685111394,-3.04960454208815560721017108167734062214798084,0.0474004333194103463268500697832779913211519545,0.000833143796778097656944233489647642809872199316,-1.76345432558935405036963103087452000092072372
998,5.24792123361996827255160417661167499146076716,192.254507447155616776751235976955300794961318,0.0167521834209929379167051833592966729500936615,0.607054027308354852441315949245744610880299849,-3.04910050244777391599163863330822624149700006,-3.04958072527507870870580994977240944761696409,0.0474015427924070910777862760239314727304204915,0.000832338285529108469039773221886087568106476009,-1.76348123209044993401792860076468388793590694
999,5.24876245305897053166300092142111963649074260,192.414528234269425499048674516560783825937092,0.0167378369156764979835487651908155580141149831,0.606947300493274464167572699886166357754250541,-3.04907713545173516792813652328369910533889116,-3.04955694833423607509208807886732986266223934,0.0474026504370108649361134481606458340822293585,0.000831534346221444965845671255767868660501071630,-1.76350810897998042450562059639087219577298440
1000,5.24960285240159622712605631969730628252147239,192.574527523208216489201870420197142649872759,0.0167235168338833414810050469508989790087984574,0.606840718155967681220807329194955054999510843,-3.04905380747142560419307539009539611454084907,-3.04953321115986770686813580566483254768364438,0.0474037562580051156997530530516824375549857519,0.000830731974238396660632757425617468006514493010,-1.76353495631793800103414622952776561338016983
1001,5.25044243326046484774345980895159427474686598,192.734505340645597705983428313266473352049151,0.0167092231007285632245413543618909806217434589,0.606734279948943985511997663000672179459977724,-3.04903051840358367457086137910847516307577517,-3.04950951364659820405470547477206428842915219,0.0474048602601561112737429631734483584518285395,0.000829931164981358706136733753290690453382748363,-1.76356177416413869089594181093973257137442048
1002,5.25128119724342563567829273381996945610722467,192.894461713195065608188030234964404715344583,0.0166949556416138797849720275505694955307389560,0.606627985525908009254348971025229158391600391,-3.04900726814532261496804527020582358669304852,-3.04948585568943498831108600723846118895632265,0.0474059624482130181808812894146602999091929763,0.000829131913869743078999386423055107659158764986,-1.76358856257822274753145897777255307240877761
1003,5.25211914595357642296692700391932459180493494,193.054396667410200913330271220631990421901559,0.0166807143822262477720570298942627476510020040,0.606521834541754199333264812230881766322236657,-3.04898405659412871796843613074339105182240343,-3.04946223718376653502492589971606731503016589,0.0474070628269079796366670264339821594499450575,0.000828334216340890287123589065250979134165535673,-1.76361532161965532538161574537104071952429660
1004,5.25295628098928237501696348189726740674339087,193.214310229784863523564641854155389771019171,0.0166664992485364901499933502175386950885953641,0.606415826652561510932005008352047014516100920,-3.04896088364785961307333417572551109756613140,-3.04943865802536061530918358522529319426466152,0.0474081614009561931913825099224849808167808877,0.000827538067849981596350566490234689275536626394,-1.76364205134772715155358060674563606268932269
1005,5.25379260394419464164138729894817478979544933,193.374202426753386623197677474459698575631997,0.0166523101667979305301499704415775171681855036,0.606309961515588130222962053093651468187937402,-3.04893774920474255656310022852734598256692239,-3.04941511811036254784092283015619008856033977,0.0474092581750559879421413204378001883089477547,0.000826743463869951772896071897101660839433132517,-1.76366875182155519431767508284612950773367138
1006,5.25462811640726891617630774498845603051071926,193.534073284690769952135035795787403891157581,0.0166381470635450353868230876052016294274848113,0.606204238789266225935913996410826936929044051,-3.04891465316337273091676204243963938371020405,-3.04939161733529346047716531313360198086692885,0.0474103531538889013177040851645646810022426541,0.000825950399891402338010065752726884176614590525,-1.76369542310008332845306613355697718174613140
1007,5.25546281996278390322587091038982491382757731,193.693922829912872259579203697573077477114173,0.0166240098655920641422104557103360588869094514,0.606098658133196729616026430357417512321227204,-3.04889159542271155372683647958370851225105792,-3.04936815559704856158350277053054918584963620,0.0474114463421197554388436252886597829104090902,0.000825158871422515331352173433164785378185072825,-1.76372206524208299745980666635042065883919236
1008,5.25629671619035969557418359860254053854568262,193.853751088676602942266668239941328145976405,0.0166098985000317270672221856311444556508545077,0.605993219208144144385778760761878568776301573,-3.04886857588208499604702118873766996941281071,-3.04934473279289542101165714110457534683486373,0.0474125377443967330570200709517297056159530009,0.000824368873988967579602643752571797611201149094,-1.76374867830615387265467002032122359087750252
1009,5.25712980666497606080036691973570696688621704,194.013558087180112871506714963635710480414507,0.0165958128942338509451601465081056238067523200,0.605887921676031382026380591802592846506220412,-3.04884559444118191011088001630949125027205409,-3.04932134882047226066265903840836089949833958,0.0474136273653514530741059162961630326699449025,0.000823580403133845466855734059758307111918101662,-1.76377526235072450916811275143638703990698518
1010,5.25796209295699063812916715237785114437682154,194.173343851562984413257536651705983898341252,0.0165817529758440524457092853804788321546660770,0.605782765199934628195622891553179296576924689,-3.04882265100005236636011296366017703590655454,-3.04929800357778625457279266382049334363688005,0.0474147152095990456458805122552938832366609280,0.000822793454417560203369412018797713076843316676,-1.76380181743405299885958929387596691498756808
1011,5.25879357663215704604588966539333981913429372,194.333108407906420645449046392266966702811992,0.0165677186727824191570917586638655230661478917,0.605677749444078235600475757707536512437303808,-3.04879974545910599972146410738789260808345689,-3.04927469696321183845992898437155150367855606,0.0474158012817382268719931928425163223723602952,0.000822008023417763589271991842028410194492700831,-1.76382834361422762016833211598303116717996107
1012,5.25962425925164290120078866642228131474000822,194.492851782233433776735688429227069040858261,0.0165537099132421982246387844456124169501938983,0.605572874073829644944100174756024971359193438,-3.04877687771911036507177956479747082431185705,-3.04925142887548902866833867671087825089983284,0.0474168855863513730750741001169247689947182635,0.000821224105729264269852815920438806692413316103,-1.76385484094916748491660182130197861103975641
1013,5.26045414237204774912444103516770145737754809,194.652574000509032770836627377460904767971326,0.0165397266256884925444356130665454714914911717,0.605468138755694333468285256490072365460574506,-3.04875404768118930183118235197022692818748827,-3.04922819921372175045054201987116872913757810,0.0474179681280045946716518121395482890106567260,0.000820441696963944479090353782228335738234909194,-1.76388130949662318208230325923869889100607867
1014,5.26128322754542090727205625559186979318424580,194.812275088640410180594969380975893864244077,0.0165257687388569644610920093295127065400525593,0.605363543157310790913655209337447794991058323,-3.04873125524682130762478188359583989926118380,-3.04920500787737617552521464284083588029767095,0.0474190489112478096375170854875341238012944795,0.000819660792750677268097121365223552658581139650,-1.76390774931417741855775609985038705279358413
1015,5.26211151631927922091112623264824631468580853,194.971955072477128195862126191677603788022411,0.0165118361817525469190841768039169344113761207,0.605259086947445522721311740015635648709892233,-3.04870850031783792095378293862408878850029739,-3.04918185476627906885062583585113135050244117,0.0474201279406148165701523976846045633621120971,0.000818881388735244215186626948550733866242419578,-1.76393416045924565691130148704695644702328276
1016,5.26293901023662473236329831937128726354465636,195.131613977811303909288073440684044097341799,0.0164979288836481620175041665995114051013388323,0.605154769795988080300887971556541585905221608,-3.04868578279642211281730220005003237532235518,-3.04915873978061614455354005383738278861824659,0.0474212052206233673508275136719751399592463068,0.000818103480580253614293127965378050984378710836,-1.76396054298907675016832030799187980887900191
1017,5.26376571083596226410786194467179786893018965,195.291251830377793804073076075778031101596006,0.0164840467740834469184395328233075334833618409,0.605050591373946118191289230014636252211482586,-3.04866310258510668722664000659446689465553072,-3.04913566282093043095396231346520610229041909,0.0474222807557752394089420026380743004519089274,0.000817327063965059138500337499873310308865804958,-1.76398689696075357362813329771165612848741131
1018,5.26459161965131691625077357906704112206151242,195.450868655854377467711455573075263089914740,0.0164701897828634870595893575181837027202810734,0.604946551353440477941684424139756571044885440,-3.04864045958677269055419076414127875833830724,-3.04911262378812064462655444776389583972252794,0.0474233545505563075911764956172346558515892422,0.000816552134585678975460352722663146916817628166,-1.76401322243119365373314863089497366458819574
1019,5.26541673821225147885970616520102912810547866,195.610464479861940535733153637296855914670551,0.0164563578400575566221028016690622723594300366,0.604842649407700298541589264909518492587370524,-3.04861785370464782965960759063438719541565428,-3.04908962258343957343999167074247223322104276,0.0474244266094366156379954987422383693597780903,0.000815778688154715431508991981837519015497969998,-1.76403951945714979400651883167087360073880297
1020,5.26624106804388375966219733510684401928575960,195.770039327964656869424204235423437244773192,0.0164425508759978662050030779654672580218418748,0.604738885211058153230149362938577605922183979,-3.04859528484230489873626524444398173457770301,-3.04906665910849246851596765396681738869030181,0.0474254969368704472700257603940356232204466294,0.000815006720401275001308424859923920366158858099,-1.76406578809521069807446575093604394538234427
1021,5.26706461066690382760058550176679410242628029,195.929593225670169971482758528376230543067937,0.0164287688212783176579332171997788395977923337,0.604635258438945212515987400218471047071959092,-3.04857275290366021482149024734836707040093875,-3.04904373326523544504999136316663706041568341,0.0474265655372963968868155312504169241763642270,0.000814236227070888899872462327721719821793280886,-1.76409202840180158978933001374093627473464951
1022,5.26788736759759117273406401596211025221470314,196.089126198429773643543014153137586855346032,0.0164150116067532660243302448931738643336550771,0.604531768767886433240224198151925858405947817,-3.04855025779297206191444839325073022944307542,-3.04902084495597389193655028037044036774871143,0.0474276324151374398804615529254945829163730635,0.000813467203925434053854144247620926841264103009,-1.76411824043318483046929972057831170613608550
1023,5.26870934034783178297485079025872494370310304,196.248638271638591889475279954693148463994768,0.0164012791635362885475014290773224618898254280,0.604428415875495773516518695154427808575556018,-3.04852779941483914364599756621352221751933455,-3.04899799408336089014164238032542519866338096,0.0474286975748010025665722620602369381810901042,0.000812699646743054548999320954191776583481506311,-1.76414442424546053327067229043071871514311078
1024,5.26953053042513513814216388207485743529844613,196.408129470635758068346458277410319684044830,0.0163875714229989606924401348911248253969881480,0.604325199440471433383196701906016666028440014,-3.04850537767419904444522800965206319147177133,-3.04897518055039563976610337317956879055670278,0.0474297610206790317350175009326451839829093900,0.000811933551318083530693776498814872667284391666,-1.76417057989456717470840315445849145697776729
1025,5.27035093933265112181441227115956261775163035,196.567599820704593300901447915651292297106126,0.0163738883167696391365795572241409731199055413,0.604222119142591121003752917339215121351654117,-3.04848299247632669914782292554373825803397380,-3.04895240426042189574357630236427064554034098,0.0474308227571480638228969814808868602153393671,0.000811168913460965554555085396803720725805816872,-1.76419670743628220334059554162847738854453705
1026,5.27117056856918685145675523970987401555072579,196.727049347072784133402360422743682788372909,0.0163602297767322516830402291759711418391187350,0.604119174662707344253215159336668808113042536,-3.04846064372683287099177957089909248342770096,-3.04892966511712641211738763074694421905388391,0.0474318827885692937121418556648315428979661928,0.000810405728998179384043834347462854450750741361,-1.76422280692622264563248683582490361764706160
1027,5.27198941962922342729795314416599464134435763,196.886478074912559462638999327464861014558654,0.0163465957350250940502817514095415630924752365,0.604016365682742727529054185588200446683953955,-3.04843833133166263794643489078849722692239986,-3.04890696302453739484100749250777079938694517,0.0474329411192886431541459999364479325516233393,0.000809643993772161232092077376414400290109063913,-1.76424887841984570901538892252389041307630310
1028,5.27280749400293260042722673699191894031614360,197.045886029340866725900774561757427860427173,0.0163329861240396334924206850473399132817133390,0.603913691885685353626506945848228325817975963,-3.04841605519709388732114021487178898208893305,-3.04888429788702296304718186557548586547806913,0.0474339977536368288238060238671759021517107269,0.000808883703641228443769929121123719372961123745,-1.76427492197244938215594257647528042365997097
1029,5.27362479317619336057866133713729333106269649,197.205273235419547359677111728434045259499171,0.0163194008764193192048250277734940855398892846,0.603811152955584130519355709701510807238936244,-3.04839381522973581860032667925778665261907584,-3.04886166960928961873123106223780110278102557,0.0474350526959294300053315613245642674577408920,0.000808124854479503617034038470130811752946790033,-1.76430093763917303245094926458925833040676468
1030,5.27444131863060844406753584414871468473732646,197.364639718155511530830466411110858083681522,0.0163058399250583994699411781342096711697181643,0.603708748577544182888370345693474235915775512,-3.04837161133652745445209684891946607826813385,-3.04883907809638072479441217579308480536655006,0.0474361059504669559121700956490128089773065880,0.000807367442176839158624325379015188304378740928,-1.76432692547499800076294774498627640893337843
1031,5.27525707184352076233982462989529606334660620,197.523985502500912143963266240381268455410922,0.0162923032031007454986518152436667877802974077,0.603606478437722268240776179172126067733339385,-3.04834944342473615985786853878025671296135765,-3.04881652325367499139364299057117865760092622,0.0474371575215349126433734067160326071830253832,0.000806611462638742272197809306484676892124087136,-1.76435288553474819341160752859825414951107392
1032,5.27607205428802975159301251248923677081840332,197.683310613353318128677476581928964199668957,0.0162787906439386819228027084708846912032689034,0.603504342223322217465255417349192656981253882,-3.04832731140195616931098409462034764739493842,-3.04879400498688497054428139273612526232550637,0.0474382074134038697787157062553545049411998331,0.000805856911786300375810610207240475458981223545,-1.76437881787309067143591662851323998663525460
1033,5.27688626743300764392327911014535391095733403,197.842615075555887010403018217158899326295854,0.0162653021812118238948731521772658428976843727,0.603402339622590399668126189922881696251640766,-3.04830521517610712203258242846703072433141140,-3.04877152320205555892304754108265247429140926,0.0474392556303295266148566470242868393811499188,0.000805103785556106945881264229877277495774723033,-1.76440472254453623714204704918583662849044823
1034,5.27769971274311566045104868137357244556688728,198.001898913897536768448955969814544723193053,0.0162518377488059207510985218730195842338725616,0.603300470324811211137469900204944611880328528,-3.04828315465543260515341193715654584637033418,-3.04874907780556250881856600132279830561883656,0.0474403021765527780448256501011182409659559688,0.000804352079900187784790368024087129116064900632,-1.76443059960344001795168815748719255172326372
1035,5.27851239167882012687386487696493599717121998,198.161162153113116984909224629190969772982858,0.0162383972808517061946843976518068433576694818,0.603198734020302588283094902249308415688982599,-3.04826112974849870481064009700529701971623360,-3.04872666870411094717739174458469452234991440,0.0474413470562997800830873913904507413746451587,0.000803601790785927709293249668742601069428157722,-1.76445644910400204756554542518071344556350716
1036,5.27932430569640851189253645561366691534851861,198.320404817883579288032661479499347694686348,0.0162249807117237549560798255483057657479734105,0.603097130400411544401332600284801130845690707,-3.04823914036419256510909005141988902609428735,-3.04870429580473390269376739115576840169831211,0.0474423902737820150384318221445609461692664988,0.000802852914195997656943862478987048192599424839,-1.76448227110026784445661003266588400857136031
1037,5.28013545624800538895350974756243023723930605,198.479626932836147093645272024441806378738940,0.0162115879760393458876026143610130193903657526,0.602995659157509730114760993224290607695226108,-3.04821718641172095489670592092135795812683529,-3.04868195901479084089173937373235727073036924,0.0474434318331963563369157676445626014977198563,0.000802105446128282207749412105476336507155553997,-1.76450806564612898770771347165892858299021198
1038,5.28094584478158832174745629014033684873657839,198.638828522544484648190965865957206570764077,0.0161982190086573314500321210302181514181479561,0.602894319984989017338040543698193065456567721,-3.04819526780060884230441689527471887986228688,-3.04865965824196620714863783011667686431333612,0.0474444717387251329970669519063908464877372754,0.000801359382595807518296359153101469960055606299,-1.76453383279532369020779057484448725150900222
1039,5.28175547274100367390111940816597593398046242,198.798009611528865376935461937218370294093524,0.0161848737446770135491047881193796100836980395,0.602793112577257106622128121620263635647961211,-3.04817338444069797700093544372166329809862998,-3.04863739339426797760929904265820261546991766,0.0474455099945361937595452331461818299261885829,0.000800614719626669665609390752275190929726181671,-1.76455957260143736922118432844845871706356221
1040,5.28256434156598234329654137548096222835173003,198.957170224256339540856675193989946032161453,0.0161715521194370256801647883038189940926019529,0.602692036629733157730206739563155179809084116,-3.04815153624214548011338722994197575827836980,-3.04861516438002621794078014969938690636330460,0.0474465466047829708734399035367029905852635926,0.000799871453263963398025726827492767375448306472,-1.76458528511790321434423638420210591169134890
1041,5.28337245269215542144889297780078578007017842,199.116310385140901205723659237847166711625827,0.0161582540685142213395365287396488909614029196,0.602591091838843443299731943182066525497682676,-3.04812972311542244176502957126025284433793562,-3.04859297110789164987768369148976303670932452,0.0474475815736045435413661063026694901949510681,0.000799129579565711290387721921793545821214908494,-1.76461097039800275286331837538652762904601678
1042,5.28417980755106977837124960990480666740710729,199.275430118543654526845089992620066461590408,0.0161449795277225686614974982163398047301929376,0.602490277902017025446050125724292645583377581,-3.04810794497131252618167156442643954768824389,-3.04857081348683422550857434782062965144899403,0.0474486149051257010255077522418433205495061559,0.000798389094604793300877143030685522916589805279,-1.76463662849486641252837095270103784229008166
1043,5.28498640757020357335180229205027467644188718,199.434529448772979352947333305428313958082833,0.0161317284331120512400390272718023262398360484,0.602389594517681455164089781623080289975804454,-3.04808620172091058431876234040774713291099147,-3.04854869142614170925433200505890240134481084,0.0474496466034570054167387751366127474800733856,0.000797649994468876726834749636295614853155911255,-1.76466225946147408175592988476613713694677985
1044,5.28579225417298169206615799330991577275952020,199.593608400084696152621343029920130731268334,0.0161185007209675750949090008911146065874921156,0.602289041385258494385663879802555855905166933,-3.04806449327562127396146433513357322874047408,-3.04852660483541826748964408409229142469175308,0.0474506766726948540689391500650939338096585755,0.000796912275260346556928875655932839001914293522,-1.76468786335065566727553161036941938180369593
1045,5.28659734877879111044457121701301182743020176,199.752666996682230266756984616281932069390270,0.0161052963278078817417344396821465734605214028,0.602188618205159860550950201316601242927435893,-3.04804281954715768725037599885678211826505344,-3.04850455362458306575919589542550834733934377,0.0474517051169215417006068091712986629680295580,0.000796175933096236217056615955769634103353408856,-1.76471344021509164923330428034891754103932623
1046,5.28740169280299618571115775110182542192823377,199.911705262716775490362871334944613187758983,0.0160921151903844673263231729306183104193651972,0.602088324678782993553736726210643691977548551,-3.04802118044753998558591304028463327840747503,-3.04848253770386887354047069049651875652210572,0.0474527319402053221658514248618687055293293818,0.000795440964108158707380954039931109706606557290,-1.76473899010731363376646458158085609269953042
1047,5.28820528765695387500937163123770112442474838,200.070723222287456987149434863522685677854551,0.0160789572456805077835425898379860852605812321,0.601988160508506844921031048144748347544992080,-3.04799957588909404186469913917213921286401873,-3.04846055698382067650542107614482451120257537,0.0474537571466004698968409895251383549690546406,0.000794707364442238127926734101201232770963842190,-1.76476451307970490306235548923480236327515197
1048,5.28900813474802888202527752587810464891393445,200.229720899441493540232727944272842695924275,0.0160658224309097899814696974423494296607925833,0.601888125397687689088636418682370902189881996,-3.04797800578445009000165608867490010502018704,-3.04843861137529429623362057871942747928334076,0.0474547807401473410197572025911279497284523064,0.000793975130259041590177781388560927248268171516,-1.76479000918450096291557554165515813350134954
1049,5.28981023547960873201742275098791659587529067,200.388698318174359142296373057083957597287966,0.0160527106835156488118004588724833597182826156,0.601788219050654956635292451793359036390147944,-3.04795647004654138169181957217950055677734263,-3.04841670078945501732984841195171042007793245,0.0474558027248724341463008789540693164559046084,0.000793244257733511512136711369288534367195667616,-1.76481547847379008779666627033892337277727278
1050,5.29061159125111877565940577993503316454486767,200.547655502429943928529126445394540456053503,0.0160396219411699101877976571008716558356442115,0.601688441172707089338965827841043038077265219,-3.04793496858860285036624026405905895749508427,-3.04839482513777622189940194456035067018229532,0.0474568231047884508427739163589720644685210201,0.000792514743054898294328041983655840257549961979,-1.76484092099951386344574104095922071141662633
1051,5.29141220345803712209855125552248295265090802,200.706592476100714455635720283912163926948446,0.0160265561417718399113453504143400717907218165,0.601588791470107416919855599165760923967704030,-3.04791350132416978229666069507376401058188688,-3.04837298433203803133477000546004736521366795,0.0474578418838943557787498022183645458077905163,0.000791786582426693374244135936657856665739034662,-1.76486633681346772700435576572378103517417165
1052,5.29221207349190950163143496176127894245097166,200.865509263027873330198976201675316162887317,0.0160135132234470983709643793427144917550995991,0.601489269650080055335648989638963231286986615,-3.04789206816707649480398636593090356529985771,-3.04835117828432595536763603201080707440898497,0.0474588590661754365573302013934249320269353520,0.000791059772066562656752252956253719489741735191,-1.76489172596730150469883972808676980067615294
1053,5.29301120274036405839435580027091637836248881,201.024405887001518189651649695507458067113588,0.0160004931245467010329273734727618153588602354,0.601389875420805826495526970803221076330508625,-3.04787066903145502152589495156390069167244525,-3.04832940690702954834051318530921376818187653,0.0474598746556033632289708446748092932048361547,0.000790334308206280317999586768196176280747019271,-1.76491708851251994708822311351767922604367059
1054,5.29380959258712607346422536911792554783960418,201.183282371760800039097066120391402214177240,0.0159874957836459846878933128888219263828909902,0.601290608491418199260374459264278428047505471,-3.04784930383173380469925013846413226427517938,-3.04830767011284107265264395117167351151075282,0.0474608886561362474908457319728327758007823219,0.000789610187091662980371599675185178548287756016,-1.76494242450048326188981676027627479773314167
1055,5.29460724441203261876273909108970944741063807,201.342138740994080947198343867242677958024258,0.0159745211395435794157609451543505570565761936,0.601191468571999251597597784970220052574287715,-3.04782797248263639441330670213546744784638971,-3.04828596781475416933512444102379819715994203,0.0474619010717187015737045735250930326801862049,0.000788887404982504256077250549037769422762118644,-1.76496773398240764439541912758823855382711081
1056,5.29540415959104714215410581606923221643721457,201.500975018339091104336867986772817776919148,0.0159615691312603862317172667830322635874098048,0.601092455373575653759892198294499428962758918,-3.04780667489918015479001088542862687757817510,-3.04826429992606253571053862797193870719503049,0.0474629119062818968181644157134306606756668890,0.000788165958152509656952841199977422684428442909,-1.76499301700936580549104552093906318856308224
1057,5.29620033949627398412404526212331793171797668,201.659791227383085246221676851593102072489233,0.0159486396980385603767318698213417549488478223,0.600993568608114672358234685122616386309302660,-3.04778541099667497704801500489885168076737320,-3.04824266636035861009271012422753955551193849,0.0474639211637436219423625343229367880751823547,0.000787445842889231868094182913251081025165243756,-1.76501827363228749729299521111685612225516762
1058,5.29699578549597282642521439750352526425583695,201.818587391662998446112554437508657384892328,0.0159357327793405002160202510302962483839292047,0.600894807988520195200302312417036071299537060,-3.04776418069072199940733751492597677319960570,-3.04822106703153226348249885087339980464131666,0.0474649288480083410028839262554161655067612146,0.000786727055494006382944610861572521493038368703,-1.76504350390196003641299323088669468238763240
1059,5.29779049895457307307169473789059270036894717,201.977363534665601278800880428202829445596593,0.0159228483148478417092692045457300434035504573,0.600796173228628776766433800301296419209402768,-3.04774298389721233379190952141519795485691397,-3.04819950185376949821588709355249541612374936,0.0474659349629672510508630898202925798150017401,0.000786009592281887497484050519273955634880361663,-1.76506870786902882486506532655414459966677761
1060,5.29858448123268816406266237832879657768503410,202.136119679827654359473678593254462511856726,0.0159099862444604584166851899284951821212227825,0.600697664043205704196162078178940023409728981,-3.04772182053232579928755598150094249358879676,-3.04817797074155115352091400163527091918449148,0.0474669395124983394851462527694138633148919507,0.000785293449581584661181868513011133394068949481,-1.76509388558399786862672677699273936537774525
1061,5.29937773368712982221287123734761618187227193,202.294855850536062260567819754552767201030984,0.0158971465082954670051921070874289392638489295,0.600599280147941083659248298727168329562082633,-3.04770069051252966231326457561614659935962905,-3.04815647360965161794032959715450192647550834,0.0474679425004664411043867852304934505346745998,0.000784578623735399182393621922638563534236479477,-1.76511903709723029386698856582364318333877667
1062,5.30017025767092223346510730320651846158130675,202.453572070128026809702978146321608122272523,0.0158843290466862382193682383541390372271730396,0.600501021259445946986043221052041849471308272,-3.04767959375457738346389751614779265521740468,-3.04813501037313754857714883642854153574827788,0.0474689439307232948599332206487295809935830053,0.000783865111099161285899056258578603989693761066,-1.76514416245894886085360769923390135231171694
1063,5.30096205453331616105731748195995738885719814,202.612268361891199771763708103457512743538288,0.0158715338001814132819732564839589547009155797,0.600402887095248378432890098473882060056321427,-3.04765853017550737098280138503417080986707263,-3.04811358094736659712059323473344225162820738,0.0474699438071076003113561007988788563209120591,0.000783152908042167520295794538836115012226927203,-1.76516926171923647555193229832531858952977836
1064,5.30175312561980299391468079852789697973247442,202.770944749063834918182900804634443284576046,0.0158587607095439256891751658173966828429017104,0.600304877373789661459164282286878388801390611,-3.04763749969264174082306749320439547826526484,-3.04809218524798614261021204531293582971159554,0.0474709421334450737864467599217216943263562754,0.000782442010947118512980109406156668825189554310,-1.76519433492803669892761645685567723564032422
1065,5.30254347227212872963447204102985415285412049,202.929601254834939486460897282052206766442944,0.0158460097157500283658438623202019186855797249,0.600206991814420445393418744717873332493548726,-3.04761650222358508325649024963003669639425457,-3.04807082319093203089627700088729103909563683,0.0474719389135485042475081671199200495760468889,0.000781732416210057070462978386454593776634362920,-1.76521938213515425396540473875787095427484830
1066,5.30333309582830789242916831259370783666786308,203.088237902344425032936673128649024141034436,0.0158332807599883261465326865828478464163916797,0.600109230137396931866971695868538029040169556,-3.04759553768622323598956363864794886571152034,-3.04804949469242732075484420086874215754600150,0.0474729341512178088657450543785898257548130376,0.000781024120240306621786290502828729053572782082,-1.76524440339025553041611159092402284195153038
1067,5.30412199762263738639086721240421320917861816,203.246854714683257681809771334251742665654197,0.0158205737836588135480219217549480995734225589,0.600011592063877080894132483702810381219586103,-3.04757460599872206374614615260232014671917868,-3.04802819966898103661617388272236623841299359,0.0474739278502400883055477690246280583787124812,0.000780317119460410002820601821187539088103943182,-1.76526939874286908728384686147720145755648436
1068,5.30491017898571028443772135903936923803582378,203.405451714893607773394041520953491570180503,0.0158078887283719177995486752704757151357453774,0.599914077315916836479115085552081401148428154,-3.04755370707952624427671243400899146761485511,-3.04800693803738692786549357311805705682661615,0.0474749200143896817204516031842635514654877475,0.000779611410306068579242229396485596990287504120,-1.76529436824238615306546503821205723787512978
1069,5.30569764124442955330074754567935295095782663,203.564028925968998914566745589627405652559373,0.0157952255359475470970959983417850390312010061,0.599816685616466371630534785949896452202996246,-3.04753284084735806075439546842143255222876421,-3.04798570971472223467538249527624331267002481,0.0474759106474282214625407679278345741670214703,0.000778906989226081706003728782556597649182263301,-1.76531931193806112375414275218908943869531090
1070,5.30648438572202171490703983146698918255241623,203.722586370854456434359210506652078655315836,0.0157825841484141440483604596253097760049423356,0.599719416689366352665223150059498223823870420,-3.04751200722121620051830645682179385130339506,-3.04796451461834646032934513457779604487375527,0.0474768997531046875070536954008160244116699030,0.000778203852682286521127921020346484097101955023,-1.76534422987901205861891652376894833608121506
1071,5.30727041373805044451310418042138836374569647,203.881124072446655247617947733414163621886709,0.0157699645080077442752617180573149459617992975,0.599622270259344222683929205099525835326898126,-3.04749120612037456012490050531197532160254970,-3.04794335266590014999642955623597809033408155,0.0474778873351554615939339674358842313302043297,0.000777501997149498071671622073085473745810323067,-1.76536912211422117377194065885863625470278029
1072,5.30805572660843010593973771448060677614043469,204.039642053594067129648014719692388976415748,0.0157573665571710401410999533011899570656330761,0.599525246052010504102300893984844468744575225,-3.04747043746438105666843502057411842640914346,-3.04792222377530367591703144755465929383251599,0.0474788733973043810880588830363733627621840378,0.000776801419115449769721082264061330673455490646,-1.76539398869253533353515362802769839340935105
1073,5.30884032564543922425759810743674624684475444,204.198140337097107404733366042217336375688403,0.0157447902385524495697073290266437973674323320,0.599428343793855120121360425267637233634256375,-3.04744970117305644533184421224065627563414029,-3.04790112786475602896030794375451505621223639,0.0474798579432627925598654888395918480693510805,0.000776102115080734176296866612169142059514695318,-1.76541882966266653961797017668776228399960344
1074,5.30962421215773389627034797001458481707475733,204.356618945708281051412029275945188126742297,0.0157322354950051899241780026572312584161034562,0.599331563212243735022500170189357018318873576,-3.04742899716649314312962739799442092296119219,-3.04788006485273361651390611106475141040495757,0.0474808409767296050880818053404811663729745291,0.000775404081558744111061500258983220196491813788,-1.76544364507319241811754581699235563964050550
1075,5.31040738745036113914001512273088357200102136,204.515077902132328227367142650009753162652180,0.0157197022695863569129975733926597052408852988,0.599234904035414113172832309458040427213479226,-3.04740832536505405880462090374489170758944697,-3.04785903465798906666698952407652942563774680,0.0474818225013913432862589864218736203209963713,0.000774707315075614085738667633195806797919730292,-1.76546843497255670435309023781578534024616375
1076,5.31118985282477217749698228335236738150175099,204.673517229026369216778207082706020376773985,0.0157071905055560084916272961704204471294651841,0.599138365992472496627525566895533361989624718,-3.04738768568937142884079326923740692536660089,-3.04783803719955003864782270635962011945076678,0.0474828025209222000547882497454199714692241641,0.000774011812170162059168090786303799213023853233,-1.76549319940906972554563653445041907943117506
1077,5.31197160957883566937480877192740623520561527,204.831936949000048802960333437570029332410019,0.0156947001463762537278309005309507873913986142,0.599041948813390001216556141435832266424878376,-3.04736707806034565955447122839444309364944344,-3.04781707239671803947744732398144869361809655,0.0474837810389840890600746099637204271940854352,0.000773317569393831511935422627877909280010518606,-1.76551793843090888135460400089157498526742278
1078,5.31275265900685087130789222195291542762064859,204.990337084615680069102805930520699859115849,0.0156822311357103465992624576666138286413735056,0.598945652228999031004087419618340829164389615,-3.04734650239914417522666955281682406247622614,-3.04779614016906724680125595056687795514478587,0.0474847580592266969425277346841514695624104389,0.000772624583310633838531575748299257294842980575,-1.76554265208611912228242354115890136991745583
1079,5.31353300239956074292779984596623774839208161,205.148717658388387629901933688421615424810288,0.0156697834174217846920624536654545167594561674,0.598849475970989711009474273672623560171124166,-3.04732595862720027223946134525349171552646424,-3.04777524043644333786053897943299598481304843,0.0474857335852875352550186238213360641627846804,0.000771932850497091055010868288508404051288760353,-1.76556734042261342595842653846277132253060935
1080,5.31431264104416499139193640368030251925829521,205.307078692786250296866923661971567125957320,0.0156573569355734127694360693293822434760553857,0.598753419771906338079662780949329064108642994,-3.04730544666621197917958676635942618736589760,-3.04775437311896232456634786246892806438037967,0.0474867076207919921334392855992201688513626059,0.000771242367542178820132206035552618121918867187,-1.76559200348817327131313026862336066662474282
1081,5.31509157622433305597606952790133040202086169,205.465420210230443180061378587503677009140443,0.0156449516344265311794126540037467979711606211,0.598657483365143849803525093687259806608368705,-3.04728496643814092287275749139527414638302912,-3.04773353813700939463828332595942187659425266,0.0474876801693533837009911461943370961446608547,0.000770553131047269767982235713596123532697206546,-1.76561664133044911065398565347738194660384491
1082,5.31586980922021703316010234629506585214677340,205.623742233095379229027002637251405646739491,0.0156325674584400090712085294808867837390451731,0.598561666484944311359431998253593902889299495,-3.04726451786521120031237144218869845815086732,-3.04771273541123775877108056943785087715742417,0.0474886512345730052078165840459997148333194095,0.000769865137626077150093999415343604401528314847,-1.76564125399696083965358631758043733474624584
1083,5.31664734130846454253436826522206463040020711,205.782044783708850215620183967269985966712081,0.0156202043522694023898365869447464094718203888,0.598465968866393420188122483855902146552209570,-3.04724410086990825644660754200447933430100058,-3.04769196486256750379212471367861089145160095,0.0474896208200401819075767234016048628148845210,0.000769178383904598785089095380122467532810628564,-1.76566584153509826526127153387776755209676698
1084,5.31742417376223153385162322616362529315173601,205.940327884352167161476316744917273403021369,0.0156078622607660766188256616504720153624460328,0.598370390245417028383680445577801776690316694,-3.04722371537497776778812341510660529518485981,-3.04767122641218445177328894669598392941263011,0.0474905889293323196725674539284374031405398203,0.000768492866521061313885706962734215758265873063,-1.76569040399212157154898971774730996518224463
1085,5.31820030785119503554782657771073092670797621,206.098591557260300212801024599054191081323112,0.0155955411289763342411304029600198825614725140,0.598274930358777682696173528191495585320454804,-3.04720336130342453181083011671209361568768955,-3.04765051998153902506074494051978198885010455,0.0474915555660149553489545634274402810417521361,0.000767808582125864758529100731257221388760561505,-1.76571494141516178350222365051904504124261272
1086,5.31897574484156584505273279986463654438778677,206.256835824622017965171851978333059366923559,0.0155832409021405468885283176966544291759376819,0.598179588944071182040248127791969411538241675,-3.04718303857851136209846715052854678712802179,-3.04762984549234511718665019480081632938490718,0.0474925207336418068536978780570522540310786012,0.000767125527381527382715317251096460906859032321,-1.76573945385122122876671357987407711501017581
1087,5.31975048599610116120926254683604145084611515,206.415060708580026241018498825403235752971754,0.0155709615256922921500148685904133608192134929,0.598084365739723152404707759611930708413480626,-3.04716274712375798920994822775720345016440421,-3.04760920286657896962687002401672541700312057,0.0474934844357548230147233982515703156469514343,0.000766443698962630852092785314879282354561068665,-1.76576394134717399736164975208385126322106838
1088,5.32052453257411715911858271511575487734699394,206.573266231231106322434286483703632241021094,0.0155587029452574950099199727557484345444932705,0.597989260484985639058829423642528119977750926,-3.04714248686293996722669346078030055853141020,-3.04758859202647805436914296108000711707870061,0.0474944466758842331558915979411366998950468678,0.000765763093555765692440483210870049912055492854,-1.76578840394976639936994177654981593890330558
1089,5.32129788583150150772580137194656376799637877,206.731452414626252641956258061617300826975710,0.0155464651066535738866799834059055801795267407,0.597894272919933715951894305632926042792121502,-3.04712225772008758594740698401568450873704011,-3.04756801289453996225634741919999556645387408,0.0474954074575485964282993189992736872970084350,0.000765083707859477043835050123546784288481395730,-1.76581284170561742061610850325929778761176223
1090,5.32207054702072583045917427320292151995279647,206.889619280770809933936133805717650937704842,0.0155342479558885912434082669438991592143750908,0.597799402785462112203125189909224857413376960,-3.04710205961948478869600037072429582717338727,-3.04754746539352129706977455345130427816567533,0.0474963667842548508894420413160341772714517028,0.000764405538584210708932917955635881798638457242,-1.76583725466121917634226880532385319310688681
1091,5.32284251739085810923372523794618514495849568,207.047766851624609849109260606855991406158539,0.0155220514391604087416148226000003360198453018,0.597704649823281855579933381989447996412645129,-3.04708189248566809570860168484244588758613243,-3.04752694944643657531755741101461053504442935,0.0474973246594983623317527407846144981465104253,0.000763728582452259493507089767795185830376547212,-1.76586164286293736289265079847805234986347972
1092,5.32361379818757503212820270953616067692787448,207.205895149102107034953713812714317050048400,0.0155098755028558469096310481801429926066022859,0.597610013775916932863082792443105375004316020,-3.04706175624342553306582758796105443827667386,-3.04750646497655713169364967167446554919581246,0.0474982810867629728620230620680962537726964185,0.000763052836197709837391636656713059647687184089,-1.76588600635701170741697459408211311123242689
1093,5.32438439065317428504232930120497929078676104,207.364004195072514684416828287473509467787149,0.0154977200935498492974997483666632163566668218,0.597515494386700966998078167640373932294466553,-3.04704165081779556713673163000563099643725840,-3.04748601190741003017298857490895533215040583,0.0474992360695210492332021295592750810743297571,0.000762378296566388734000321231086816313079787014,-1.76591034518955641560300166860980404802499610
1094,5.32515429602658678763934987957877453431227868,207.522094011359939555571653389171775542631020,0.0154855851580046510902928263405491541311104488,0.597421091399773910932778316273904654977690035,-3.04702157613406604450107570443995682505533981,-3.04746559016277698070871602364814892247787082,0.0475001896112335309300579977456718302722387508,0.000761704960315810936598983884294714997206850908,-1.76593465940656061744848233765831335842898933
1095,5.32592351554338887387694666597905380504393438,207.680164619743516464751142480285554392299670,0.0154734706431689521520198100928362244819495510,0.597326804560078758041923620664885802286911128,-3.04700153211777313731680366121985030527687236,-3.04744519966669326149756936420951183193650874,0.0475011417153499780101765005360554465587063621,0.000761032824215126449524448779327421310522586501,-1.76595894905388881108267164305980295944282973
1096,5.32669205043581441742766681672198264032948900,207.838216041957542255693301005517729817208172,0.0154613764961770944724894563352209032205234647,0.597232633613358269039950186270950728279648297,-3.04698151869470029409982625939995787557419361,-3.04742484034344664677978898357424251708547308,0.0475020923853086187017620972931877509194737383,0.000760361885045068302555720822757862207274403959,-1.76598321417728130464752319460111643459079976
1097,5.32745990193276690228809886538251526317382260,207.996248299691609247216027327457077981598965,0.0154493026643482439896841619345847542526573209,0.597138578306151715284140718425870096644358141,-3.04696153579087719588345502222894458961731649,-3.04740451211757634014012365542418144062462580,0.0475030416245363967596952306558093920458990132,0.000759692139597900606656153867682821587307087067,-1.76600745482235465624861015008985401312701193
1098,5.32822707125983143887413915846299020452787724,208.154261414590738161925986676619941121886423,0.0154372490951855767604028096676026415134401947,0.597044638385791638370834668635973781417895232,-3.04694158333257871772504914658501193246416251,-3.04738421491387191327674652143157603123764623,0.0475039894364490185812907070335637974951707135,0.000759023584677366889318074898668468951135798477,-1.76603167103460211198576256598810192763302650
1099,5.32899355963928672589780787849279035955737571,208.312255408255510538451560024493778768000881,0.0154252157363754694521219960626695065663796765,0.596950813600400625928087409764159310477524899,-3.04692166124632389552766443137973746796255924,-3.04736394865737225020512473024392164896544412,0.0475049358244510000831916842406317873412183832,0.000758356217098638707754049953403619530197874952,-1.76605586285939404207335080254068860391082075
1100,5.32975936829011695831920631369577244630208328,208.470230302242200629675705709760837991266217,0.0154132025357866941292183482692932669287825370,0.596857103698888103508830225734132586759113828,-3.04690176945887489814471624161795906968892174,-3.04734371327336449686411408933868506820084566,0.0475058807919357133408240014228738371017855748,0.000757690033688264538191575955363576981055570592,-1.76608003034197837506008551924874695373084672
1101,5.33052449842802368166535259041260945113976919,208.628186118062906789430461528114868992906260,0.0154012094414696173068858482332134811515337659,0.596763508430947142489239782131557813270553134,-3.04688190789723600473588983151931539599603714,-3.04732350868738301609177663018992067550243216,0.0475068243422854329918258135612521389527781281,0.000757025031284118939540479389494849859894417605,-1.76610417352748103015814604570181562203288958
1102,5.33128895126543759300579202387152975367207984,208.786122877185682350100798030202311888516489,0.0153892364016554032462717597847281717397905457,0.596670027547051283877677523977446708293598919,-3.04686207648865258734275092670953203082906209,-3.04730333482520834793864376059081624398011836,0.0475077664788713824048577957396176058633761212,0.000756361206735351989714698759852787093994544285,-1.76612829246090634769139055622713847986081870
1103,5.33205272801153028887305045606719830149801071,208.944040601034665993571609261355263177325480,0.0153772833647552214645429112579983301640820577,0.596576660798451377940206170285354554536000156,-3.04684227516061009865272732705652511540418605,-3.04728319161286617528637069496309692518889474,0.0475087072050537796151895603923027017496986239,0.000755698556902338992902423926388738523819799483,-1.76615238718713751767234351161163681573754519
1104,5.33281582987222596041418432881633837769716694,209.101939310990211617937794427941075361544502,0.0153653502793594584337807365059061601399078751,0.596483407937172439549332185645833152569104203,-3.04682250384083306492034845319282600798565360,-3.04726307897662629473994912935743170559163830,0.0475096465241818830284483832473163134732745510,0.000755037078656630456090762620938218870366862780,-1.76617645775093700651759825439242887378907981
1105,5.33357825805021303605787967886176116650638537,209.259819028389017702383642301153065516069190,0.0153534370942369334427886340807676359520827412,0.596390268716010519163259850446741737475635778,-3.04680276245728408401484423592320869112272445,-3.04724299684300159276186467776296339540956336,0.0475105844395940368939068600114353758891630061,0.000754376768880902333163203574368576574879970096,-1.76620050419694698191121545301152599152429837
1106,5.33434001374495577197976363450474149211807584,209.417679774524256172624078888491040060979482,0.0153415437583341185960788812066101725975719505,0.596297242888529589343574366458035598054113128,-3.04678305093816282856341755321428219537594368,-3.04722294513874702701680342530778159346109686,0.0475115209546177165486767153673954181135098236,0.000753717624468906534900147623574232573058656641,-1.76622452656968973582564128162858056803938890
1107,5.33510109815270579064681623492001427026751277,209.575521570645700769286777340320362989406607,0.0153296702207743629244885491343679458422205390,0.596204330209058446719898365994476461309683189,-3.04676336921190505415971556881029693796002849,-3.04720292379085861289572809681058797110720373,0.0475124560725695734341666579400228903833126540,0.000753059642325421703224683775731719862981560318,-1.76624852491356810570961279374459942102966494
1108,5.33586151246651356772000738024942007658993388,209.733344437959854921600656543701005244466514,0.0153178164308571205820546225789372421919884702,0.596111530432687629310688282921928515639172752,-3.04674371720718161260723483408663023691890986,-3.04718293272657241518835880065953352896877607,0.0475133897967554798861529189128457665302029154,0.000752402819366204248047597346611297727537509917,-1.76627249927286589385246189619463005736807126
1109,5.33662125787623986759253334991195856178031992,209.891148397630079128742910723693650812484056,0.0153059823380571831039578410908360039825753218,0.596018843315266349109954334192025052538720965,-3.04672409485289747016760289477196133260209997,-3.04716297187336354487330610272885812594177196,0.0475143221304705736998019273207183206795364127,0.000751747152517939645077312810037297753297441604,-1.76629644969174828493417365272660274855737571
1110,5.33738033556856712783928949636429581290071968,210.048933470776717851183415964680217032909537,0.0152941678920239157005226671933971370407082420,0.595926268613399439850300392776650454684802167,-3.04670450207819073078388541073853317123897109,-3.04714304115894516099531532743967967969458379,0.0475152530769993024709754610944254640445587148,0.000751092638718193992972095738720654746865365722,-1.76632037621426226177049934052735830451686030
1111,5.33813874672701079285149033076413309025241260,210.206699678477225914352150227482939447335555,0.0152823730425804975624372575724185002658008468,0.595833806084444319853287847833817202224259507,-3.04668493881243166424927246413897679761543912,-3.04712314051126747759929048743219470791923618,0.0475161826396154677151395690830264801827986322,0.000750439274915365828223367016342846987544569079,-1.76634427888433701926236974593836861214297204
1112,5.33889649253193059692863516550074503569167265,210.364447041766294426942140524280683043461258,0.0152705977397231661525323820690000736578851330,0.595741455486507969878730686285483828360962998,-3.04666540498522173929170081258653732867029778,-3.04710326985851677569097412381022049073102475,0.0475171108215822687651895849275426220496765622,0.000749787058068638196170419182490623614791287601,-1.76636815774578437655879961449789681630897592
1113,5.33965357416054179709831666712895787733749601,210.522175581635976216147413779953626093851223,0.0152588419336204654596319131058227565049153481,0.595649216578443925885127531954506635716055963,-3.04664590052639266154517035352991447994264246,-3.04708342912911442019436560957784122156384600,0.0475180376261523464494946482098638022126703137,0.000749135985147930976558170153303521996915456802,-1.76639201284229918744241996265046029185617227
1114,5.34040999278692635593268100352764576587627751,210.679885319035810782122475918337434428632102,0.0152471055746124981901598077594603853160599838,0.595557089119849286614030283838615437897096395,-3.04662642536600541637871301703055000356756040,-3.04706361825171588187616514361058654007358453,0.0475189630565678265514563111634543599728532274,0.000748486053133853462060844451003384485194072435,-1.76641584421745974894672111129735665511908197
1115,5.34116574958204407462867164363181876413982672,210.837576274872948773936976233034995123068346,0.0152353886132101818733594381440421423077313063,0.595465072871061735911738343461924074280084931,-3.04660697943434931655417071024616098778403107,-3.04704383715520976420773375505639601371023327,0.0475198871160603630518670398231581067528101702,0.000747837259017657188205637276437849625068610789,-1.76643965191472820821403581216419685939956996
1116,5.34192084571374367661752419025785227904847445,210.995248470012275989286430508268394187916045,0.0152236910000945088561507051440192855496027946,0.595373167593156579702292251632341745201463343,-3.04658756266194105468413581136894466406642774,-3.04702408576871683513526116207996506872185665,0.0475208098078511811553457162312360767915776082,0.000747189599801189013141493064191833444854387245,-1.76646343597745096760323870409477996248069404
1117,5.34267528234677384196732680061409189070678655,211.152901925276536900207176024309687903796149,0.0152120126861158101638186077582626996095363631,0.595281373047943797526320906068984771191276329,-3.04656817497952376046160306674301975338244575,-3.04700436402158906372903329785367868647774697,0.0475217311351511201021186126322733167372440340,0.000746543072496844445709118355781691090006559035,-1.76648719644885908805608555522839009246225849
1118,5.34342906064279419284081968017569493387200113,211.310536661446457707031113898014811032470814,0.0152003536222930232028938472107926586276892115,0.595189688997965108560872441603123673413666400,-3.04654881631806606263307559545102733772891991,-3.04698467184340866168288974403671223084828491,0.0475226511011606757664057389127231436892278849,0.000745897674127521220279249691383012590730363460,-1.76651093337206869073106331598389082744028095
1119,5.34418218176038623026897772965854883511802796,211.468152699260868922803258560717136054482775,0.0151887137598129632827516332471535746449080845,0.595098115206491052035930361992145990508272741,-3.04652948660876115568706006374824874692133218,-3.04696500916398712963515821092158018656093667,0.0475235697090700430426639603089252667764320114,0.000745253401726573116837011525330420009791174230,-1.76653464679008135691356992428389151529210155
1120,5.34493464685506422249930258864327006274594915,211.625750059416827490372659957093116107509084,0.0151770930500295989326191412585078687734120280,0.595006651437518081963883654452026570034607880,-3.04651018578302587123007697014540326027758688,-3.04694537591336430828254858708939881410439006,0.0475244869620591580209298430630368125999365115,0.000744610252337764024800927678660544981784070212,-1.76655833674578452621119106595150185343953364
1121,5.34568645707928604517614396059473766183194620,211.783328762569738434354890658484025021662081,0.0151654914444633309908450545345250782427167148,0.594915297455765676098782432087896597858676508,-3.04649091377249975402250139338846479882892645,-3.04692577202180743425868296280204425177781257,0.0475254028632977399524968106972891332580954278,0.000743968223015222249075793309239674144936445661,-1.76658200328195189304278969716701631115417370
1122,5.34643761358246397360877513103264790128236318,211.940888829333476050151996926405598325983473,0.0151539088948002754434463274067367327490695998,0.594824053026673459042769172410657446357750707,-3.04647167050904414264673751262534594296684318,-3.04690619741981020074913042334885803323058574,0.0475263174159453330071528823563487048403009063,0.000743327310823395056849173555193559493395599745,-1.76660564644124380143007307976884559477423415
1123,5.34718811751097542738136391268269674508516884,212.098430280280504632203599245385109296883430,0.0151423453528915499891077335620979661689904397,0.594732917916398339417629888648143853203936584,-3.04645245592474125478041672413630407769060366,-3.04688665203809182281500632391345270176929974,0.0475272306231513478231970166934685071875378487,0.000742687512837003463651770631860271547080923525,-1.76662926626620763810025136152885551533915040
1124,5.34793797000817366755740777862801765479274497,212.255953135941998743630693382495001571190214,0.0151308007707525643079689305293157163401284427,0.594641891891811661019959620825428238554720661,-3.04643326995189327704749426447102299598973493,-3.04686713580759610739738520886788564023192986,0.0475281424880551028514438995117961148330746845,0.000742048826140997257212293970569337147187131406,-1.76665286279927822390835134985367781522478226
1125,5.34868717221439844672964058763372707659919278,212.413457416807963029421647042499205605479847,0.0151192751005623140116916873078759447367717019,0.594550974720496367878982501492731670342883305,-3.04641411252302145942030291789775252066151402,-3.04684764865949052797496453825313715865364542,0.0475290530137858654944188902859114263729630173,0.000741411247830510257647778706368905321257186074,-1.76667643608277820358769907620702015703534465
1126,5.34943572526698661216486797656891838458168547,212.570943143327351575297909095677796693840336,0.0151077682946626782524565982550974802598897313,0.594460166170744183136608372075772428578833014,-3.04639498357086521414580464883073122657212086,-3.04682819052516530384760294496457064723477589,0.0475299622034628930419367812536301555739032943,0.000740774775010815812540527171514760210978525960,-1.76669998615891843383703502747965408486129698
1127,5.35018363030028266229164910561536024197740449,212.728410335908186814385047588178701837601765,0.0150962803055577209686940534982083896682133690,0.594369466011552801669845535332869559339938105,-3.04637588302838121916946186934948633159628263,-3.04680876133623248401854188011018966889811291,0.0475308700601954734042500224624821921311002754,0.000740139404797282525462996745292253272463272653,-1.76672351306979836975267652713919469256016483
1128,5.35093088844564925677721390591819283151505028,212.885859014917677983802908734895393097669181,0.0150848110859129957455084650205195977746177925,0.594278874012623096376222762215716669396755350,-3.04635681082874252603032953993281739233440517,-3.04678936102452503564830322331376369886332728,0.0475317765870829656439441264620833281961402425,0.000739505134315330216522026154883473223823052402,-1.76674701685740644961409268087589447759886055
1129,5.35167750083147768043848721045381180986394048,213.043289200682339133276941279780455361765403,0.0150733605885548542679077688043767340512477976,0.594188389944356338043403162109200889423132852,-3.04633776690533767220114741986500790515964334,-3.04676998952209593705343775144558774655590277,0.0475326817872148403077500867407148130881033899,0.000738871960700386113503781816035450927131408546,-1.76677049756362047803120855624747689955715397
1130,5.35242346858319826123058406187425082658419380,213.200700913488106687861058430187640800412697,0.0150619287664697583451020475178815170458905567,0.594098013577851428724698008208834647333749647,-3.04631875119176979784738854408526408896586762,-3.04675064676121727522348028531885688667407466,0.0475335856636707195594358240044322627043240915,0.000738239881097841272210716739019961878757557932,-1.76679395523020800746170684115851830400319013
1131,5.35316879282329074255464400139637998406730470,213.358094173580456566850812476876149025580151,0.0150505155728035954842857556256927386032598915,0.594007744684902148542710118600609032158482667,-3.04629976362185576697939541708739183437423493,-3.04673133267437934782964688111539204630080961,0.0475344882195204171149309134872938078570130499,0.000737608892663007224591667590931989988260094921,-1.76681738989882671810654711954983810305350779
1132,5.35391347467129461012538616664182962373889812,213.515469001164520860954134650831080743178615,0.0150391209608609979924674898050319211491104644,0.593917583037994415843853962038412943044751137,-3.04628080412962529297190949327089773784186642,-3.04671204719428976969898761341584729664711326,0.0475353894578239779808311441638547582875652573,0.000736978992561072853275971379293774005978449014,-1.76684080161102479619187511210120494243238169
1133,5.35465751524381937363729148063928534093469367,213.672825416405204069775444197666924477752392,0.0150277448841046655850595423760451959556496514,0.593827528410303560627013318755617904881683482,-3.04626187264932006842547226822552223785947130,-3.04669279025387258372788532131187950691478109,0.0475362893816317179974218165165801744958557101,0.000736350177967061491132162577236352169126727874,-1.76686419040824131064544675276531990515704058
1134,5.35540091565455480346685301664299510595735059,213.830163439427298901657555530152411695296290,0.0150163872961546914800866142328854665866488923,0.593737580575691611170107113876224055977186308,-3.04624296911539289934434774802114035685679311,-3.04667356178626737620896616966773036237220660,0.0475371879939842631873510989025181398057386429,0.000735722446065788244481415013790794191917871881,-1.76688755633180658817564480626972711956639626
1135,5.35614367701428112264688069239002224155795220,213.987483090315601637914510113802919102767259,0.0150050481507878919570190565135317653553383850,0.593647739308704593778839986775689493023131658,-3.04622409346250684360578620479151577626324488,-3.04665436172482839654566202556537608884650121,0.0475380852979125889110772330812320929371067176,0.000735095794051817538605421164222800170735696091,-1.76691089942294258676111887508142234645799768
1136,5.35688580043087915434740170201877820730730910,214.144784389115027063477229918380657223752009,0.0149937274019371393593808669019986637938478204,0.593558004384569845582416296446327952163794612,-3.04620524562553435369561797775721620885305689,-3.04663519000312368132883747659351502870513816,0.0475389812964380588302059066298774799887081738,0.000734470219129420884197855248755454273435785102,-1.76693421972276326755903309447988465539324273
1137,5.35762728700934042509626345391537367138557311,214.302067355830722965962731302705554239079323,0.0149824250036906985204263968510363259506443103,0.593468375579193340301494622609685314190801929,-3.04618642553955642368533365024093438061902099,-3.04661604655493418275006583410350392563454384,0.0475398759925724636798266933061381250374665581,0.000733845718512534863417946431062426524478809074,-1.76695751727227496523985956909930274017153894
1138,5.35836813785177722397112116875610961835793926,214.459332010428184205166551568886849124981248,0.0149711409102915665913223398877819667695391585,0.593378852669157026914154436753014935608219895,-3.04616763313986174042597323599659345412082225,-3.04659693131425290132630868192795553674503849,0.0475407693893180598509501014546227273465914230,0.000733222289424719334213995042008146506818072203,-1.76698079211237675675660966136886448058145851
1139,5.35910835405743261799307762518210532445120142,214.616578372833366354967024606667483156947469,0.0149598750761368162514130781674437699851682089,0.593289435431716181146137517918020395305351534,-3.04614886836194583893431205301031195835696723,-3.04657784421528402291092246030989043300550516,0.0475416614896676077841394648207285766789019051,0.000732599929099115851593898774570739673957331621,-1.76700404428386082855634959950763427308800319
1140,5.35984793672269042395083774277141055708084167,214.773806462932798919619096534977327179906542,0.0149486274557769422802878741275374111235583862,0.593200123644796769712113906114316211319880172,-3.04613013114151026194699476044523030065387857,-3.04655878519244205996608322678974612553330704,0.0475425522966044101754246591756858748987866019,0.000731978634778406304528917831957822996079784432,-1.76702727382741284224180152794166497059861027
1141,5.36058688694108513688284568584183119980154629,214.931016300573698126404496526142413399787382,0.0149373980039152114715077159331760556999503172,0.593110917086992827235205752555178170703153444,-3.04611142141446172361843159510334800774086543,-3.04653975418035099707188712131071283582194949,0.0475434418131023499955774315095474689686765270,0.000731358403714771767185998685869286466423572885,-1.76705048078361229869078607404673797768975931
1142,5.36132520580331181544348688037550951895157794,215.088207905564079296594271562761783590622604,0.0149261866754070158679878687682664699604300319,0.593021815537563845772482371120371688090937368,-3.04609273911691127733843217807820097032050941,-3.04652075111384344064754919249621620388263747,0.0475443300421259283238209857615553274101480726,0.000730739233169851563192996032996588223994387245,-1.76707366519293290064121774983875706858878746
1143,5.36206289439723592437806168392352326939242138,215.245381297672868796668956226411051598471827,0.0149149934252592292991693582050545006620271376,0.592932818776432176874616149857973356065494489,-3.04607408418517348764571238048805026909555368,-3.04650177592795977286028712649425226063874963,0.0475452169866303019970393796800485881914748398,0.000730121120414702541650082336625055120292929168,-1.76709682709574291374932004351055653329876877
1144,5.36279995380790313432987135930657096440819726,215.402536496630015571730979253498790155138866,0.0149038182086295672002487260741202172025506333,0.592843926584180446108361774981384446815362943,-3.04605545655576560621356864953018536254638347,-3.04648282855794730969763906944097483878899451,0.0475461026495613210755452509914700516914178500,0.000729504062729758563609514612263831332282695732,-1.76711996653230552612868288144075195807672496
1145,5.36353638511754907920140040251272462506964117,215.559673522126602263033307023255138494541477,0.0148926609808259496938704625703448020268492928,0.592755138742048979970990482458698197054508305,-3.04603685616540675188417191270815950333526365,-3.04646390893925946317912615984263755779888483,0.0475469870338555661264574071687682046970449158,0.000728888057404790197754739461456716441783518100,-1.76714308354277920637774125438596038137562006
1146,5.36427218940560907129023208929088753476771014,215.716792393814955911537789876432472734870340,0.0148815216973058679148205397930277337133317405,0.592666455031933245126276813413835500713831635,-3.04601828295101709472808970898669744867990239,-3.04644501700755490768333059828680451661135977,0.0475478701424403853257328812863266626996117215,0.000728273101738864624018560370524609718684152851,-1.76716617816721806010321019993747001902238742
1147,5.36500736774872777441899626007752927148225785,215.873893131308758249406209715264833082051322,0.0148704003136757535583924604703561203100795858,0.592577875236381299892097638374884937695641281,-3.04599973684971704410580055076224573197035018,-3.04642615269869675036661908905164767056091711,0.0475487519782339313798911762982447558453457432,0.000727659193040305743888766559523087128168222152,-1.76718925044557218494696801491885779675250044
1148,5.36574192122076883527731978623979364170415007,216.030975754183155581316626223908249021904912,0.0148592967856903516332292001154934118222873071,0.592489399138591257910162060857970583838123255,-3.04598121779882644070811870974739151410393134,-3.04640731594875170564989930147296781479004782,0.0475496325441451982684615911500799967840768426,0.000727046328626654496158230774159472510596270039,-1.76721230041768802412383653417999078541304474
1149,5.36647585089282447319243077996620345795989332,216.188040281974868257487283796198200214103437,0.0148482110692520963995753700757512535562136902,0.592401026522408763928846241541161549624014856,-3.04596272573586375255260065291042021578951900,-3.04638850669398927374995362834592684659133883,0.0475505118430740578081777440057192890875431044,0.000726434505824629376885024937279099807018816877,-1.76723532812330871847766455417926779647974353
1150,5.36720915783322502854375735390763761713920827,216.345086734182299740280071390196386231060295,0.0148371431204104904740038715570000925630304929,0.592312757172324481630559228774896840294553273,-3.04594426059854527491315624115284146154386013,-3.04636972487088092323204997408371322748470369,0.0475513898779112960399366801194412294431231303,0.000725823721970087162336578088817467696337193904,-1.76725833360207445706307799882979250523279868
1151,5.36794184310754847003556053390550864526050755,216.502115130265645266245322576558686208931838,0.0148260928953614870818102553401520651593408146,0.592224590873471593435514567544284281799877698,-3.04592582232478433416023855302438632102071491,-3.04635097041609927756068359663849822689232309,0.0475522666515386494395332740908942943531807056,0.000725213974407983833700311110437796257175537616,-1.76728131689352282626021821932218643987673075
1152,5.36867390777862986104034870849348005688184415,216.659125489647000105459602543926293269530631,0.0148150603504468754383959570816730520594058530,0.592136527411623312214227815136921164751263091,-3.04590741085269049548913581795513614034699141,-3.04633224326651730562545716403068276651418332,0.0475531421668288409531740079938913467038794861,0.000724605260492335702351527914698852935490142571,-1.76730427803708915742974788704841554545323680
1153,5.36940535290657078522453769258304955023015725,216.816117831710467419998052306760099874529737,0.0148040454421536692410885522519102506861105341,0.592048566573190404841502145313979937056524230,-3.04588902612056877451403744762911354506514126,-3.04631354335920751621925817836068686045954822,0.0475540164266456158587676277586365209944419816,0.000723997577586180734477623634500203228197608401,-1.76732721707210687311536227737435053676294170
1154,5.37013617954874873166654602070260367095942304,216.973092175802265723372847370459656868088594,0.0147930481271134982529731762804425088011502084,0.591960708145218727525103001115106927166712859,-3.04587066806691885270569354954741694203619552,-3.04629487063144115644604377693489831243889709,0.0475548894338437774539836498050256543277529358,0.000723390923061540073865887427467687858453758330,-1.76735013403780783180100234989627560679689540
1155,5.37086638875982643967624939881044027864370106,217.130048541230835942759378190072108501387833,0.0147820683621020029604342926349972023690983947,0.591872951915386772842758286681143391994199681,-3.04585233663043429665063360276078621375079534,-3.04627622502068741403569265107766737616034903,0.0475557611912692225720632078694709004446030659,0.000722785294299379761670331357423213009693018735,-1.76737302897332267122992490603597192195023053
1156,5.37159598159176120352346126509103496666988735,217.286986947266948085821872460894861868580940,0.0147711061040382322862310725702978905348288604,0.591785297672003228421552897536307839080922112,-3.04583403175000178111005518133559199480602094,-3.04625760646461262354353243769137415469526453,0.0475566317017589769263602958404372853812781104,0.000722180688689572651981067971551203265395872556,-1.76739590191768115029274424546327449310891143
1157,5.37232495909381413728185807190115183931648632,217.443907413143807513940354153919166702614784,0.0147601613099840443400527832791198887589926855,0.591697745204004547194215503270843292990194712,-3.04581575336470031585663773541400468689626722,-3.04623901490107947641229844594761382227509543,0.0475575009681412302845850758233188787311923803,0.000721577103630860522027788192672323800711010219,-1.76741875290981248949151914698212069343009570
1158,5.37305332231255939999352813636777536996924537,217.600809958057160823631070812048277022838903,0.0147492339371435101886227742172724841839265289,0.591610294300952529167221442900318626071434797,-3.04579750141380047626767949171584219580753403,-3.04622045026814623487442599084035538841649207,0.0475583689932353714737145812017957976716006662,0.000720974536530816375856858521480052097461114523,-1.76744158198854570998691866528898007839270129
1159,5.37378107229189338135809164983616035668831612,217.757694601165401337942818513606891188007262,0.0147383239428623206275409124392393207038051850,0.591522944753031914636058397501820945446787379,-3.04577927583676363765309752390142856713007905,-3.04620191250406594967272392581820558039321575,0.0475592357798520232165298517623311840291791449,0.000720372984805806940329462819029255087825293534,-1.76746438919260997123546016053887302839838362
1160,5.37450821007304384814911662077442571626398311,217.914561361589674209601952650615519791587011,0.0147274312846271959371746547792114123789616859,0.591435696351047988783421192954594617458117979,-3.04576107657324121329697197718544489504056722,-3.04618340154728568157762120736592583290611446,0.0475601013307930768007322916164448824107219648,0.000719772445880955352296059635606036613941001869,-1.76748717456063490722377316107631024382097231
1161,5.37523473669457905155934108677453600015953352,218.071410258413981137669291826904474309861838,0.0147165559200652986050283654767970818335344261,0.591348548886424197596518683421431101433562988,-3.04574290356307389619145531969437312776577477,-3.04616491733644572667932149417081960391282704,0.0475609656488517265815858403107826129441389891,0.000719172917190104035810211683899060987706621277,-1.76750993813115096130680309916331775005791038
1162,5.37596065319241679567500580441901862004633432,218.228241310685284699462601325119350836669286,0.0147056978069436489971390001382376040377240368,0.591261502151199775040089199041561122993253651,-3.04572475674629090444200634394811038974737167,-3.04614645981037884543334289125150388366669876,0.0475618287368125043190253927801856902173425753,0.000718574396175777768252570132854760913958365077,-1.76753267994258971965682965323557263638373826
1163,5.37668596059983346727840374703122043194113217,218.385054537413612299488881295186553967046310,0.0146948569031685439611638884305799310816467790,0.591174555938027381422131534378658004328584318,-3.04570663606310923032304646409408403409578798,-3.04612802890810949543806100392795623272366714,0.0475626905974513133501657942997771531241338644,0.000717976880289146934243463429678076674612859305,-1.76755540003328424333013537632617957305748635
1164,5.37741065994747302717656304626405653037746887,218.541849957572159737121282656427936806282703,0.0146840331667849783439430662444143172637124318,0.591087710040170752889765932462289367954873125,-3.04568854145393289296327265662596170925057665,-3.04610962456885306792301347647552679038873329,0.0475635512335354625981396719577226636745791001,0.000717380366989990966230148842356437929481000394,-1.76757809844146939895812148701455928315622312
1165,5.37813475226335596325279844121952581010262860,218.698627590097394394746130261173423122716377,0.0146732265559760694064344407760313846521852855,0.591000964251502361993044007534247784967132864,-3.04567047285935219463999718269765952490197795,-3.04609124673201512792686316435544853313468612,0.0475644106478237004181863440333590732818938202,0.000716784853746661970642335350379527564978805863,-1.76760077520528218806962914479914572065478112
1166,5.37885823857288820543669278597689125175017700,218.855387453889158048096247722696252293643698,0.0146624370290624841190350265475676795960205015,0.590914318366501089254928072394433695357158983,-3.04565243022014298066201901713900647689490921,-3.04607289533719065814405503559536922804833419,0.0475652688430662482819080726616905904693325411,0.000716190338036048538517079388912646889233377721,-1.76762343036276207505118622438488434160988309
1167,5.37958111989887000278690465122109271908360259,219.012129567810769300477551051175884228874007,0.0146516645445018693204155742098021261381693780,0.590827772180249905686058917843664670245405875,-3.04563441347726590282066570115845705237067549,-3.04605457032416330641933882467292279148520387,0.0475661258220048343006039929339997384187867365,0.000715596817343539739501590758885749464715017007,-1.76764606395185131375186154126149513187713364
1168,5.38030339726150476288004047681105342910489232,219.168853950689125642586708458050038258903604,0.0146409090608882847231091343938872029226891209,0.590741325488433566183326756231985946094557133,-3.04561642257186568638877714067187401553546981,-3.04603627163290463686946537952374431033415936,0.0475669815873727265885861627679303116102820020,0.000715004289162989298149865235075331001949675227,-1.76766867601039527273937066238142005235535362
1169,5.38102507167840785369768002883813540254106734,219.325560621314805139608550974675166532941681,0.0146301705369516387492064631645324156556249666,0.590654978087336313751652812411719388881035378,-3.04559845744527040064753469834147882681998157,-3.04601799920357338461149955736679529319797062,0.0475678361418947664673763321245175933039222649,0.000714412750996679951436383514583694110264430147,-1.76769126657614275921403985899621244211498086
1170,5.38174614416461536820250202674298958302832600,219.482249598442167747272862482024587413697961,0.0146194489315571271796226909797122282123098169,0.590568729773839594488778947119654014284493238,-3.04558051803899073292116978278880661732414038,-3.04599975297651471407732644615313920937897415,0.0475686894882874015116762271031034016689114700,0.000713822200355287986417383623015964850679285110,-1.76771383568674634158719742205921654214827237
1171,5.38246661573259285179332267364131454255416528,219.638920900789456258541177963763298485915316,0.0146087442037046746005103506158604918759376090,0.590482580345419783273249753413713108563193306,-3.04556260429471926609971603103022456964149200,-3.04598153289225948089406062376342788700969362,0.0475695416292587184379983837598758486888704296,0.000713232634757847956977426204575956217818472979,-1.76773638337976267073052446234645987627569970
1172,5.38318648739224399282773338691966871072259942,219.795574547038896882585274878164960280110383,0.0145980563125283786305036983417331168036315625,0.590396529600145920096155799495728608239428312,-3.04554471615432975963009811787141754180974437,-3.04596333889152349731020012469440357336677915,0.0475703925675084758368388478270402282761112077,0.000712644051731717578606129730348449990893380337,-1.76775890969265279990286045589571897093767376
1173,5.38390576015091927639990522766802903709108065,219.952210555836799457710154100837780661379230,0.0145873852172959569125882737223117068472895076,0.590310577336677456977588124083638927816322398,-3.04552685355987643395597821661489014848101490,-3.04594517091520680114749777190253942367261911,0.0475712423057281367492673795155800991205304888,0.000712056448812542800157056026997224580720236410,-1.76778141466278250336092216883783571621848257
1174,5.38462443501342460156001630838059136502336287,220.108828945793657299865473529073918865280122,0.0145767308774081968544978337452309735532690581,0.590224723354262015409132746266027031750435053,-3.04550901645359325838690818673790126496051653,-3.04592702890439292825865255765788080366216124,0.0475720908466009010888051669264955638632747793,0.000711469823544223051547776112506914184592063800,-1.76780389832742259366035820252969982554067394
1175,5.38534251298202986216065476083784700473754811,220.265429735484246688380618771890017677479223,0.0145660932523984081016481733611484910025108216,0.590138967452733154264109853086503553894636973,-3.04549120477789324237746168387319899527760628,-3.04590891280034818847105282957577371307544838,0.0475729381928017379094544569376353074167782119,0.000710884173478876666367142578729564614577831497,-1.76782636072374923765352523844293161519240870
1176,5.38605999505647749151445361292728231444299990,220.422012943447725990549870992602615647756682,0.0145554723019318777267239138277471314616337576,0.590053309432508148117635497368660925764760859,-3.04547341847536773019714558308796028129508174,-3.04589082254452094499693116423996135399680750,0.0475737843469974175207389584431038691467360763,0.000710299496176806478362738130478501813164865286,-1.76784880188884427119033613087706662632410853
1177,5.38677688223399097104612509759717906838645662,220.578578588187734426685461541232438846086575,0.0145448679858053281201401091934206777434294934,0.589967749094585775918954097706402509077313536,-3.04545565748878569897201438565527745455342718,-3.04587275807854089729041799873860723647123309,0.0475746293118465434506083591700375352304661538,0.000709715789206465590788360821717888290588957393,-1.76787122185969551252849429262452864571835156
1178,5.38749317550928330312098044287749933668446802,220.735126688172490477247686133313320189954121,0.0145342802639463775657054965377671058161156414,0.589882286240544119958857804112170419579405795,-3.04543792176109306007903464972718834414719567,-3.04585471934421836733210734766659446231217903,0.0475754730899995842570548236565615709674665501,0.000709133050144423317598245460902940402142837756,-1.76789362067319707445939334260304447901005684
1179,5.38820887587456544823094701312833375242389931,220.891657261834889933652687623932389087351773,0.0145237090964130034859184038269247296830520682,0.589796920672538375075373898342264784174915751,-3.04542021123541196387436895396109735388450531,-3.04583670628354358932187326729539313559406729,0.0475763156840989051892839060211486227103962547,0.000708551276575331295481508025553084670859246618,-1.76791599836614967515592573358805578373620492
1180,5.38892398431955472671802773304514072070886884,221.048170327572603594350005518140161469908513,0.0145131544433930083414297370067715318470033771,0.589711652193298668041263859013837119383995495,-3.04540252585504010773687047756829128898829755,-3.04581871883868600276080014720000358336125621,0.0475771570967787996992769165664647578617582936,0.000707970466091889765737036162492050484536499192,-1.76793835497526094774840905093415860073597329
1181,5.38963850183148318521408797258255753652576659,221.204665903748174607753531881262787962657606,0.0145026162652034881693101017500309308526390128,0.589626480606127887077237559708406874522431421,-3.04538486556345004740819996772390909905644932,-3.04580075695199354890321342011745177198628512,0.0475779973306655208045764257220506975277490334,0.000707390616294814024995734382692926411662696269,-1.76796069053714574863480386799396938241693087
1182,5.39035242939510592797480244843844149471988163,221.361144008689115463601106898047680240940924,0.0144920945222903037448599815386810781260603330,0.589541405714899521435143304546332136041621562,-3.04536723030428851161109667301660553651967975,-3.04578282056599197055991989058253649266511664,0.0475788363883773123031212720246114818064777415,0.000706811724792801043803667812214550383624297530,-1.76798300508832646453136245926057531442581622
1183,5.39106576799270941328454915210821113966866709,221.517604660688004634309632613779661208910376,0.0144815891752275543518029988859699542697210508,0.589456427324055510995749061250165324846523164,-3.04534962002137571992745375677295609435697940,-3.04576490962338411523388859926718678139300330,0.0475796742725244398409521624498558407130838239,0.000706233789202496252086233753303848462243314094,-1.76800529866523331826981330652345137463351214
1184,5.39177851860411971510799879227117597821101775,221.674047878002582867884280012172264325606539,0.0144711001847170541458026368095338559690666569,0.589371545238604105826082347338867222774525607,-3.04533203465870470391796677375199507781535605,-3.04574702406704924156972397019739426006083905,0.0475805109857092218336037131360949248926511349,0.000705656807148460490520026258505109272030992539,-1.76802757130420467334715218499696763620799165
1185,5.39249068220671075016311668734930866965771627,221.830473678855849133932112185450659572893353,0.0144606275115878110963423994274441784558910210,0.589286759264117735641645781469924742247554641,-3.04531447416044063146524100489130847717715987,-3.04572916384004232909840293932872445102662716,0.0475813465305260602419935760702899767370816651,0.000705080776263137126845545837881174053191801953,-1.76804982304148733723407668392679457330543059
1186,5.39320225977541247058926940987389107637292626,221.986882081436156224322244575885454560705661,0.0144501711167955084921082499739899268015163029,0.589202069206730889119172349548688579765829070,-3.04529693847092013432235980445712564948769218,-3.04571132888559339125886684245598056457412317,0.0475821809095614712036141323377676186122726087,0.000704505694186819336160344713752103856450668093,-1.76807205391323686344806729808584529292866959
1187,5.39391325228271902238311071563673580356298093,222.143273103897306010026511762176316540509672,0.0144397309614219889951102877764177934160906030,0.589117474873138003005928974347368230625513946,-3.04527942753465063884903162900394971513816513,-3.04569351914710679167817705517903100837820241,0.0475830141253941155198271047659372649640369016,0.000703931558567617544238588113490294762436732422,-1.76809426395551785239708472133275419674920945
1188,5.39462366069869686977391033575728176293900361,222.299646764358644355666508678342416522964177,0.0144293070066747412288780188962938995478705174,0.589032976070591360971919038133010234802421732,-3.04526194129630969991754809481989916144606398,-3.04567573456816056369206073464632089601573541,0.0475838461805948290000563519212590257208318747,0.000703358367061427032929354349968145484273517327,-1.76811645320430425099981967952874555295737321
1189,5.39533348599099288570898501746474863519895644,222.456003080905155693284822139706157802824711,0.0144188992138863888861602442625964794056923723,0.588948572606899002151674110128384604174256776,-3.04524447970074433797089925679654948220288622,-3.04565797509250573308778951898885272146142191,0.0475846770777266526636690511512814568904378718,0.000702786117331895706692291278657774750509702765,-1.76813862169547965108839855611104185774082590
1190,5.39604272912484240861889371870461943677040090,222.612342071587557256850265765418597920048711,0.0144085075445141823416565401960047543079649106,0.588864264290422639322662294278728987666467982,-3.04522704269297037921550532363069021263962037,-3.04564024066406564405144970261721862411190507,0.0475855068193448628003304604062778697721617611,0.000702214807050392019335494533922695321765963334,-1.76816076946483758659941518803203918837048653
1191,5.39675139106307726563106804218491380707705870,222.768663754422392978998977487715157721221270,0.0143981319601394927554025451785044177893072630,0.588780050930075586667675357351961862249176269,-3.04520963021817179893113622859424441076259071,-3.04562253122693528830177723069806857017514784,0.0475863354079970008896124666369356252036534622,0.000701644433895973060026674124913942909934870099,-1.76818289654808182955912654113396824307600737
1192,5.39745947276613376239956478615502702246583718,222.924968147392127051505333485315919226375339,0.0143877724224673086525257994387953381021911057,0.588695932335320697068889142267690550512654741,-3.04519224222170006788070186839258088971890929,-3.04560484672538063739284485090897082423959623,0.0475871628462229033806311823573445374375338543,0.000701074995555352797654830900323302744154771049,-1.76820500298082668486861751089049954159713189
1193,5.39816697519206063971764984245058518771878650,223.081255268445237150968775235341943640184597,0.0143774288933257349651827162280314847989773525,0.588611908316168308881621735966416124163281559,-3.04517487864907350180270641140685890338310252,-3.04558718710383797816800193168661314762957187,0.0475879891365547313324839412003845904503776196,0.000700506489722870482625773454164961722809404348,-1.76822708879859728389470783537268125848042990
1194,5.39887389929652699707895153794745784746172195,223.237525135496307331194837110669398820617118,0.0143671013346654945225804013252045360963721337,0.588527978683174202136141464159648937902020766,-3.04515753944597661396926986736105394477865072,-3.04556955230691325134757981026782436260463147,0.0475888142815169999162511676922482004096304886,0.000699938914100459205180869621375773827720766803,-1.76824915403682987687234205086067591122829165
1195,5.39958024603283018335195684476204819519294042,223.393777766426120583740900226242097172541865,0.0143567897085594319750794860576721260308256171,0.588444143247437564116202045840287817189888669,-3.04514022455825947079272910958955871555711928,-3.04555194227938139323298707745213336133966087,0.0475896382836266077793237557534646507274265197,0.000699372266397614609334445178510293368723563756,-1.76827119873087212412417156530986935590817692
1196,5.40028601635190365473166562893439156735443066,223.550013179081751068089483729536676200237575,0.0143464939772020201384659046187323147938992445,0.588360401820598964263305177209529783726676989,-3.04512293393193705046393875497039418721908075,-3.04553435696618568050992994570631399777198269,0.0475904611453928662728117843171142415551023598,0.000698806544331363761531216093906316097974655677,-1.76829322291598338610300626948577758754470093
1197,5.40099121120232480013126621895873661200812275,223.706231391276656012904217110698543146844115,0.0143362141029088687445706343282060786617164657,0.588276754214838338356011446255186545889234271,-3.04510566751318860460549974153933595431487216,-3.04551679631243707813360278944556442028493921,0.0475912828693175285427856266650672140996185811,0.000698241745626234173131070032769874241960510711,-1.76831522662733501226278164861323285281118283
1198,5.40169583153032273417575000680494480085148373,223.862432420790767289816016052943502406649122,0.0143259500481162355845068332803111046470245884,0.588193200242872981913938823996085676057323758,-3.04508842524835702292325010606301662949380860,-3.04549926026341359027880309746536089344428284,0.0475921034578948184860957723466240483796959839,0.000697677868014222975834398181682498223625919187,-1.76833720990001062876365609745870453531494233
1199,5.40239987827978605795844349781985116281625607,224.018616285370582661179409532257896630755550,0.0143157017753805400308835590719502283878184889,0.588109739717955552776404054625386480113910066,-3.04507120708394820083945835962032481792459295,-3.04548174876455961433803344390863410472675005,0.0475929229136114595715129765898387070134734609,0.000697114909234766249167020176755351540184423582,-1.76835917276900642501682207750798276889100000
1200,5.40310335239227058772050315531855201026277074,224.174783002729256703231436988321431722604185,0.0143054692473778789254443404703063648229155725,0.588026372453872082805976092518530788341562262,-3.04505401296663041009126499466240284373783878,-3.04546426176148529795076067212461679900259125,0.0475937412389467035269256816754241296205153270,0.000696552867034708499149543359444890428044945707,-1.76838111526923143907458388495298357212900633
1201,5.40380625480700705161249149436696842634141590,224.330932590546691406078051109476789167397528,0.0142952524269035448186673063783869315769579994,0.587943098264939998667522327236346804353736673,-3.04503684284323367227802203817919503704518126,-3.04544679919996589904710930154277623645883183,0.0475945584363723588933270175501761486800021538,0.000695991739168272287281753100048859942186078895,-1.76840303743550784187122412120967583053591568
1202,5.40450858646090875469623212119866519567868656,224.487065066469626451925523789475627154026306,0.0142850512768715465479513586590794537051117481,0.587859916966006151633637716010016867995814692,-3.04501969666074913534128419852801506577164269,-3.04542936102594114888937221742687621109581604,0.0475953745083528194463190847473488143359530467,0.000695431523397028008978343874043248192920476128,-1.76842493930257122032015047231294170460708387
1203,5.40521034828857921234422674426111868277339162,224.643180448111729172966959811059555641008358,0.0142748657603141321411000126021631149648222630,0.587776828372444856367654124345531930051278470,-3.04500257436632845296130804415695528098349421,-3.04541194718551461809482699321507762846006516,0.0475961894573450924858576511937237600742957276,0.000694872217489863820597971500433277498777901087,-1.76844682090507085927278410844264358433861606
1204,5.40591154122231975219300855478694455250687394,224.799278753053684190326674482005352409425716,0.0142646958403813140319010263364533822369600272,0.587693832300155938635732176779552175493695061,-3.04498547590728316685401780681040924543767949,-3.04539455762495308562345073116274020477527312,0.0475970032857988269949558554578815063420523954,0.000694313819222955714213235800748523391632538360,-1.76846868227757002234462090870750029347254134
1205,5.40661216619213708480590374414529631655291478,224.955359998843282735457887486274106111397982,0.0142545414803403965746858035252824415390837309,0.587610928565562791899840758751769151806486186,-3.04496840123108409195249782571056961427035083,-3.04537719229068591071423009520239753889436981,0.0475978159961563416680610021743142779959380688,0.000693756326379737739274790255659753817614594363,-1.76849052345454623161386679783884417386871512
1206,5.40731222412575084319977624752937284042369947,225.111424202995511655381925311911719626926530,0.0142444026435755058448377874153060821041758666,0.587528116985610442743730004174716140893971427,-3.04495135028536070445717234849084231086798376,-3.04535985112930440775386625628443623344133501,0.0475986275908526528098140605086751091132404399,0.000693199736750872370328321363781813907836460911,-1.76851234447039154619801874932418092307832435
1207,5.40801171594860109138944003462637709759347763,225.267471382992642103149908476250341715465692,0.0142342792935871217123036738671329968080451863,0.587445397377763625084302168574055241955565130,-3.04493432301790053273893338508682283015835932,-3.04534253408756122406177678087404515649464425,0.0475994380723155021048970333580186797994981966,0.000692644048134221019948645681334851582069606396,-1.76853414535941283971373346244983610017040034
1208,5.40871064258385580210253836400867870029060929,225.423501556284317914900727087973446583805661,0.0142241713939916121752452614663926294721847893,0.587362769560004863121081241485437193389879318,-3.04491731937664855107957657808923548319955818,-3.04532524111236972057539807361478177206777217,0.0476002474429653842596689532559410381471213297,0.000692089258334814696060637276210784353885521885,-1.76855592615583207662529635744178362203968265
1209,5.40940900495241830381681033565206376021753970,225.579514740287643674881978767247938056831720,0.0142140789085207699410531332348836275891857482,0.587280233350832562976776510825466299453859990,-3.04490033930970657623400361290223822383380064,-3.04530797215080335541989284123493660375541754,0.0476010557052155745162868804278362596968912596,0.000691535365164824802822122896871749264095127977,-1.76857768689378658748697435212267628045760226
1210,5.41010680397293469727079177215864669163825754,225.735510952387272469793456294191636825705820,0.0142040018010213512420261318275076241876827300,0.587197788569259112982227572755530338957136440,-3.04488338276533266679874754905119595876612421,-3.04529072715009507034646718232710571584048515,0.0476018628614721560400039288699881267926208533,0.000690982366443534084249266863653652900316709510,-1.76859942760732934308450688397944662315417964
1211,5.41080404056180124159812989122200462538055191,225.891490209935493333805728279491619602491871,0.0141939400354546168731027533612052421724289872,0.587115435034808992559308499535133158379632519,-3.04486644969194052537147461571860740021402589,-3.04527350605763668002360133238086840629217848,0.0476026689141340471803320274639752109759901548,0.000690430259997307709770312862774019443021801248,-1.76862114833042922748096082200749583612119264
1212,5.41150071563317171023482935725480979300466508,226.047452530252318385599354358317739985064850,0.0141838935758958754391121490822045283638902658,0.587033172567516889655657051279574428189212227,-3.04484954003809890348621248557872198868706914,-3.04525630882097826416559681105008315950023386,0.0476034738655930286067528347430802782581595985,0.000689879043659564500898855784043039578973569483,-1.76864284909697130997214627192180438798229022
1213,5.41219683009896471674789107688664533904252737,226.203397930625569658763316611308724470518592,0.0141738623865340287990933937988494417411850357,0.586951000987925826685380961517223287636935026,-3.04483265375253100930915082672556272204078389,-3.04523913538782756248294073469741439545184482,0.0476042777182337703196559677603523363345344203,0.000689328715270748298223083811453279313476221230,-1.76866452994075711595676181506905756527502773
1214,5.41289238486887101073295448955816104807119980,226.359326428310965626884330828071973463396995,0.0141638464316711196953120602069596892664686999,0.586868920117085294930177456965638891840600734,-3.04481579078411391807995503837276983382995376,-3.04522198570604937243908537733759962404183579,0.0476050804744338585371794773310452367262504170,0.000688779272678299467912659468117713270798681999,-1.76868619089550489672640943441419139790473103
1215,5.41358738085036074392770905935491813867564652,226.515238040532207424651824565244457119631312,0.0141538456757218815546829336879478053994894290,0.586786929776549397355584304855691950811643893,-3.04479895108187798528362850742668206900994349,-3.04520485972366494979833769270740296766588039,0.0476058821365638224586233034997848210451447552,0.000688230713736626546950098547243932914115880064,-1.76870783199484989818059126909499640484800575
1216,5.41428181894869070668700115654606939701762602,226.671132784481064766296533430789646355643891,0.0141438600832132904503869175990709960231309425,0.586705029788374999797360832133136357839217636,-3.04478213459500626253805248532920341733129371,-3.04518775738885141194964945478581013423634182,0.0476066827069871609051022761814728555652267629,0.000687683036307078026298658139974076373317597213,-1.76872945327234462847177240103411556810154817
1217,5.41497570006691153496472848636048452845322269,226.827010677317461562673872369081649764186016,0.0141338896187841192115488191903458571362865052,0.586623219975119890473275545525788975425434967,-3.04476534127283391618242578302058197780977621,-3.04517067864994114399119393908678629135763912,0.0476074821880603688381010863131181920200204124,0.000687136238257914271223859607205336570567239359,-1.76875105476145912458556611177259217819894277
1218,5.41566902510587488794678563801928888354481427,226.982871736169561238296484649810525200366788,0.0141239342471844936689207757221715088821687774,0.586541500159840947775853215214438400421808912,-3.04474857106484764855191892172450775423351879,-3.04515362345542120756070965781563186209786880,0.0476082805821329637565895423019944021300773272,0.000686590317464279577990849641402589526422240067,-1.76877263649558121786107045385574707609808493
1219,5.41636179496424059647850114895144748770466528,227.138715978133851749613657502302529714254163,0.0141139939332754510245935837286105191469115967,0.586459870166092316301908582985765143064310914,-3.04473182392068512192394916370354530068687927,-3.04513659175393275239668558383867721112083550,0.0476090778915475119733523448362432034219005328,0.000686045271808174366164842828664963816946797277,-1.76879419850801679845635755758223501966536810
1220,5.41705401053848378242918866777663472660206769,227.294543420275230305828619612051043442610982,0.0141040686420285003338351362396399599019148007,0.586378329817923591074966233442238646785695427,-3.04471509979013438512157398532129130223718703,-3.04511958349427043061555555663850102878294862,0.0476098741186396547711835600117241815810744458,0.000685501099178427505746892650955237698954294642,-1.76881574083199007876408983955117214752011762
1221,5.41774567272290194913562231569912520451695416,227.450354079627087793538101736740356521224093,0.0140941583385251850872315576670302012165077084,0.586296878939878009916936639132119959374576282,-3.04469839862313330275959104978346064303293228,-3.04510259862538181369016216324092530531942588,0.0476106692657381344395919459999501270195390638,0.000684957797470668778382204960815206128115486215,-1.76883726350064385578221019304957795924606334
1222,5.41843678240962204306543915039017143641037052,227.606147973191392906471947235517407994821531,0.0140842629879566478813824584582032655563816196,0.586215517356990653925686972247184207917329691,-3.04468172036976898711902259387369512175578795,-3.04508563709636681211484233368819527665775660,0.0476114633351648201926592919146685254033252446,0.000684415364587301471883138910795181717316498418,-1.76885876654703977244462632076111251473864937
1223,5.41912734048860748684066969053418504368268759,227.761925117938775981604004070470234578944216,0.0140743825556231971664770159760648575329564302,0.586134244894786656015411981592541668325612290,-3.04466506498027723263575136686767914787498162,-3.04506869885647709774257818913246704421432361,0.0476122563292347339686899589092882521737287473,0.000683873798437475107313935419324017909028065179,-1.76888025000415857791678261640395745143129266
1224,5.41981734784766518376080072458059304269839270,227.917685530808612542899013567975861436411080,0.0140645170069338760591523287766109937398628264,0.586053061379279417476975078510273781310145175,-3.04464843240504195298916385557406016365729197,-3.04505178385511552877974733612790543283046122,0.0476130482502560761122858726360332940157267134,0.000683333096937058297889072793344184028777508458,-1.76890171390490038686098641258603012758862126
1225,5.42050680537245249396398306579496705633805155,228.073429228709106553953733656562411505294286,0.0140546663074060332091096928972960795053771295,0.585971966636968832515652773858348820739473717,-3.04463182259459462077674450204254547685350725,-3.04503489204183557742409681825710466416061207,0.0476138391005302509394773028044336122002738438,0.000682793258008611738941973392670624935899403031,-1.76892315828208493767632898627340325651907977
1226,5.42119571394648418236421048966548724436456750,228.229156228517373380784095165959487529483472,0.0140448304226648957080381152663039033291188611,0.585890960494839520723976774405018717758692553,-3.04461523549961370976065197478554069501670031,-3.04501802336634076013165432084322536704273362,0.0476146288823518921865358794773949803998574006,0.000682254279581361328225574496092864285196662239,-1.76894458316845184971801544968515518512483971
1227,5.42188407445113933850151476162591157522055430,228.384866547079522466003788819831278501019883,0.0140350093184431440294675151863238211283705003,0.585810042780359067447627395369124468527565047,-3.04459867107092413967239529522469274273408137,-3.04500117777848407049837898113492423830671960,0.0476154175980088883430924367253218780917102590,0.000681716159591171415811031096596465140530145179,-1.76896598859666087950089155204561485157722547
1228,5.42257188776566826844144539573949120264049729,228.540560201210739715633317525000448024684360,0.0140252029605804889882466742886557353771621213,0.585729213321476272002589490468047429056207828,-3.04458212925949672356181375330071270112682726,-3.04498435522826741474244228992566807507665728,0.0476162052497824078701784421121193299770041394,0.000681178895980518182855538492105262144847600336,-1.76898737459929217589192947534212749472623197
1229,5.42325915476719935885933154158612506816918365,228.696237207695369599772223197421595664604531,0.0140154113150232507084130826093857057605512923,0.585648471946619403702037855755285687204787812,-3.04456561001644761767665007453541176516734248,-3.04496755566584104977311708595870805045234875,0.0476169918399469243038059650026948091437036838,0.000680642486698463148514948525739868575869835619,-1.76900874120884653429640892396034247070075939
1230,5.42394587633074591344405714054212818760548255,228.851897583286996968360909416320473983919584,0.0140056343478239395882933976867688580105912110,0.585567818484694465651673042646057111723089194,-3.04454911329303777385909123002943157016520222,-3.04495077904150302383233954650808583438541665,0.0476177773707702412446973576529317279771474820,0.000680106929700626804281505440202269272557302530,-1.76903008845774564984250418271508908589528942
1231,5.42463205332921296175531918766851842388001615,229.007541344708528583252230411258263126618889,0.0139958720251408392517442889588082679267157505,0.585487252765083466272480732629718045310622753,-3.04453263904067239444573561559743247832503542,-3.04493402530569861969509537100709724997818782,0.0476185618445135172347720702648945396936026523,0.000679572222949162375031645816557165415347026529,-1.76905141637833236956896234928675564038084354
1232,5.42531768663340404066758254555287232680230500,229.163168508652274367806803012781735071109005,0.0139861243132375914745139853568629719611868724,0.585406774617642698510138294921583140984077270,-3.04451618721090038965752907112394864963890360,-3.04491729440901980041486704426989549235620577,0.0476193452634312905209942944588895502580736926,0.000679038364412729706073392238012732704506593406,-1.76907272500287094362053263434236986265468990
1233,5.42600277711202794853319324599507324092907112,229.318779091780028375219820988030599868941096,0.0139763911784827830747748839133953130446113426,0.585326383872701026690540882266153883217902528,-3.04449975775541383746629537086721910328398693,-3.04490058630220465760046415642970466736375308,0.0476201276297715037071814287283208402332903406,0.000678505352066469275487422421552569952514008423,-1.76909401436354727545578146460693273753544384
1234,5.42668732563170547219636554898995451309341987,229.474373110723149476781010392305435117862061,0.0139666725873495347569471154623689121502408899,0.585246080361058180981166432704900369472601764,-3.04448335062604744592456939440499134316167754,-3.04488390093613686221064325286823709516482772,0.0476209089457755282943696842031447774434980112,0.000677973183891976331060414859327096655915011321,-1.76911528449246917107190311980154289594033100
1235,5.42737133305697608698901617092642489163551673,229.629950582082641771263259952112784238283706,0.0139569685064150918980020041066193097492867718,0.585165863913983059418244249685645337049998463,-3.04446696577477801794552319072631189268558720,-3.04486723826184511785300759376501868423179678,0.0476216892136781891103294992549428557591411570,0.000677441857877275151113758770133661109901559392,-1.76913653542166658725111078263588492272061594
1236,5.42805480025030462983868201046234053442226041,229.785511522429234716629391812389052237174463,0.0139472789023604172655029040199589184622326057,0.585085734363212037459935442624365139553298832,-3.04445060315372391851985657910858946233711327,-3.04485059823050261657376052404230991813554512,0.0476224684357077886288198069346943293623616514,0.000676911372016793428535170639346616386273351187,-1.76915776718309187883316818089695732422699136
1237,5.42873772807208794561802535659653544398305034,229.941055948303462985240504990068658633213651,0.0139376037419697856567089542703348592252328766,0.585005691540947285025975438028052552763948942,-3.04443426271514454435660479432320889496532469,-3.04483398079342649712496889497165329428864482,0.0476232466140861311791665997484047904511845959,0.000676381724311336777325182081259571000319428153,-1.76917897980862004501859745108443205515505695
1238,5.42942011738066150686470292477112712727718740,230.096583876215746043743326339312528231231865,0.0139279429921303804481348635871226366184796921,0.584925735279855090984469030531550068807886479,-3.04441794441143979593489598479105990321215042,-3.04481738590207730569607514305324225674625231,0.0476240237510285470467476616526604875857013460,0.000675852912768063360974854446663318348742586021,-1.76920017333004897470707445298438484726766758
1239,5.43010196903230600699965209940082063614130481,230.252095322646467458808041513744551229474806,0.0139182966198318920450269262096310546175752321,0.584845865413064195046767046563540907925589088,-3.04440164819514955195377111492915836782911360,-3.04480081350805845909647822445209170319114170,0.0476247998487439164649617872003999496162866311,0.000675324935400458641995434774051136550946425201,-1.76922134777909969087549851303353934666516278
1240,5.43078328388125392717112943131661144013943673,230.407590304046053929882151072921602403344666,0.0139086645921661182202820809703908393771798919,0.584766081774164127031590653599006974373119627,-3.04438537401895314616725801142132950557435376,-3.04478426356311571037608462870989722674773414,0.0476255749094346934992572822968213525018825030,0.000674797790228310251924995596341409497621389373,-1.76924250318741659400019947029939983285731067
1241,5.43146406277969607685112271277462398784734908,230.563068836835054050120004290709225200321759,0.0138990468763265663324029623776557121719597939,0.584686384197203553459804677730529381211525500,-3.04436912183566884659196993180290674418385278,-3.04476773601913661687081115804506037609606377,0.0476263489352969298237910398480857386231631309,0.000674271475277682981141398015456938307928227006,-1.76926363958656770452772094138896404461802602
1242,5.43214430657778810831004879773044112463637460,230.718530937404216796641805150714451418663011,0.0138894434396080574121475584255115233654159078,0.584606772516688631441475004144205772024314211,-3.04435289159825333707457712682810445225606010,-3.04475123082815001066010106266460604653962355,0.0476271219285202983912860065146400983625715663,0.000673745988580893887815183591340931118733852562,-1.76928475700804490439859490860879134188207961
1243,5.43282401612365700509494471809447611077882902,230.873976622114569751270061228631471854912600,0.0138798542494063321075972889030301458466612757,0.584527246567581369817077241456368314245560832,-3.04433668325980120120657741980932791843081776,-3.04473474794232547142359447246236724831025933,0.0476278938912881169966514036314607867974575250,0.000673221328176487525340236204701302171427562331,-1.76930585548326417762849906824809914879326010
1244,5.43350319226340754463565953500734534232164597,231.029405907297497052885656435190499389526670,0.0138702792732176584774320537895082127415837209,0.584447806185297997514954344087670832006575211,-3.04432049677354440857386884066436497094011050,-3.04471828731397280168417286555271717577416613,0.0476286648257773717349266359457653402395264002,0.000672697492109211287584260386497799425765888687,-1.76932693504356584995116485196762512633551801
1245,5.43418183584112873510285872540946674830238005,231.184818809254817082539972699970004670051999,0.0138607184786384416222650775723179787573505981,0.584368451205707339087349819149706022427873757,-3.04430433209285180332870383392866470864097296,-3.04470184889554150442467556853660178637363207,0.0476294347341587403541064159667717463029426454,0.000672174478429990871305297902341632242123773373,-1.76934799572021482752738065298082344547306943
1246,5.43485994769890022664096170618861241691328424,231.340215344258859882453763390927704122143802,0.0138511718333648351439541956367293211057094436,0.584289181465129197387570507820590042777306666,-3.04428818917122859507168051259891629050702962,-3.04468543263962026306566399642877957823556483,0.0476302036185966155034012492414501953599560840,0.000671652285195905855084649874886694176697825483,-1.76936903754440083472441154904834900875829552
1247,5.43553752867679869709844630909171418395740360,231.495595528552544310027792364087819767796520,0.0138416393051923544228695968511407763122267126,0.584209996800332743351058737911595171608683413,-3.04427206796231585203150185744905199144840524,-3.04466903849893642379168651596825629190582840,0.0476309714812491278774840665859899708127381656,0.000671130910470165394130687658198148197684959016,-1.76939006054723865097013371531664229110560737
1248,5.43621457961290421237727160775589127359259673,231.650959378349454927984596801010459991916816,0.0138321208620154917031609556731275307839983700,0.584130897048534912843377906196766594722995044,-3.04425596841988999653030866844408801548938964,-3.04465266642635548021357345872862783229291573,0.0476317383242681692572704530374810777711008400,0.000670610352322084030312122279171786786538632704,-1.76941106475976834668615876076875173762825683
1249,5.43689110134330656152249243227344837445895778,231.806306909833918631755109198726773758204000,0.0138226164718273329761293610672572855970031196,0.584051882047398810538338277910477966217576308,-3.04423989049786230272246646507999742961228630,-3.04463631637488056035436792414693187492787370,0.0476325041497994154477766098681711551375465961,0.000670090608827057616783359764490240583759048268,-1.76943205021295551830420040157932892127945927
1250,5.43756709470211156667246515553125751760232032,231.961638139161081015218283809644612264364305,0.0138131261027191766518714817597539815404172263,0.583972951635032120789710998333055304764854020,-3.04422383415027839659476040987415416705628635,-3.04461998829765191594657360136930166891359226,0.0476332689599823491135958952511710751832341225,0.000669571678066539356568598307463519657325255311,-1.76945301693769152236991320204197257052471737
1251,5.43824256052144736798937486827884643059667944,232.116953082456982475896315271024725090874346,0.0138036497228801540094250013324392096663019087,0.583894105649985525460198009201890660950534045,-3.04420779933131775821602569776214203792398777,-3.04460368214794641402847590670530981446803988,0.0476340327569502825125315209086848622847994393,0.000669053558128015954475323225534126161190148725,-1.76947396496479370873841056803865398761507850
1252,5.43891749963147068368914884584944494006885070,232.272251755818634060702511900111813947238170,0.0137941873005968514157055158234954914274636625,0.583815343931251128671543762326720623170102041,-3.04419178599529322622431371773082215980000592,-3.04458739787917703082736728449225223821730650,0.0476347955428303801279197361402246193464488937,0.000668536247104983881711827242371507855714897554,-1.76949489432500565286564676832754997166370050
1253,5.43959191286037304528916021829523677523791691,232.427534175314093053333392948583563879428054,0.0137847388042529343035858142702117319897110142,0.583736666318260888439891335677596362396497522,-3.04417579409665050453976665550932733231508457,-3.04457113544489234791758155726370914558681978,0.0476355573197436812001746068487751001480330763,0.000668019743096925752587327022513977143297596439,-1.76951580504899738719982548432375572047199688
1254,5.44026580103438700819146895725432193935216054,232.582800356982538304391117796937239891429844,0.0137753042023287728995287623842013119047104048,0.583658072650885055160700794680847452502656672,-3.04415982358996767129144507139113740795394017,-3.04455489479877605064131574022788944722870503,0.0476363180898051221580822953888608056848566220,0.000667504044209286812677162313670652469243918365,-1.76953669716736563167697524863030435110171445
1255,5.44093916497779233771869465723365372754994483,232.738050316834345305316925415615503523218297,0.0137658834634010696912448846485934709318284762,0.583579562769430616907761414734945885654005165,-3.04414387442995468994642435908112754862925491,-3.04453867589464642878029075909159119734381700,0.0476370778551235589503695670847226067027013439,0.000666989148553451537839451732377341591331758200,-1.76955757071063402332481012544462217258699243
1256,5.44161200551292217071896708649767352282343738,232.893284070851161007210864216480652326645866,0.0137564765561424886259051938963843544374180077,0.583501136514639751511041701182973376980991709,-3.04412794657145292262954687362882083951434553,-3.04452247868645587946637503308318808767977013,0.0476378366178017892780680909435156886001754410,0.000666475054246720343473439381106242070206322773,-1.76957842570925334497897211122457215449342638
1257,5.44228432346016915285575608395962059795299977,233.048501634985978385607725458618669225435261,0.0137470834493212860294988531677933482591882583,0.583422793727688285378332021196078604607933607,-3.04411203996943464562228691276847245699924216,-3.04450630312829041231936691046830291143729745,0.0476385943799365747281929652531711795032789071,0.000665961759412286403413599325667377453751173665,-1.76959926219360175311572999076173356799903813
1258,5.44295611963799155169774205417748953074409854,233.203703025163210752273757450857140864867651,0.0137377041118009432379838756219738483447154245,0.583344534250184159025844109184769093676723123,-3.04409615457900256702925565005191825447136184,-3.04449014917436915680020347571780352510071644,0.0476393511436186628092507832442728260123019513,0.000665449262179212577857370705444981177206905277,-1.76962008019398500480518777119721125711806415
1259,5.44362739486291934572325203378611696584962113,233.358888257278765815083432705794355912249736,0.0137283385125398009309372777364862866500104155,0.583266357924165899283139734322049981625796765,-3.04408029035538934660094255371388092230001702,-3.04447401677904387176793428955043274919692617,0.0476401069109328088890894596483051389638547268,0.000664937560682408449728175108465071878056744926,-1.76964087974063668378903433365321532653721931
1260,5.44429814994956028935315404070649510291912752,233.514057347200119487030265744042708868756707,0.0137189866205906951584689021803708394292346146,0.583188264592101098137967436303126706102123314,-3.04406444725395711770135878590316593666735687,-3.04445790589679845722886917907096130095602890,0.0476408616839577980355989656406006099438348502,0.000664426653062607468879120029434521077047563078,-1.76966166086371842568684458817447558631548077
1261,5.44496838571060595412547414374555763685378398,233.669210310766389445420435221759549156093524,0.0137096484051005950522205227796404619960192782,0.583110254096884898186791454259188483073812757,-3.04404862523019701140931656636768661353973368,-3.04444181648224846826637926886694831464708421,0.0476416154647664667607690671562610447456267764,0.000663916537466344203546517950850381109286110535,-1.76968242359332014233492119171620047245734544
1262,5.44563810295683774612437637644165641134259823,233.824347163788408442292750259821991580238015,0.0137003238353102422113288380663606749864047364,0.583032326281838484657000804376800699747705904,-3.04403282423972868274214650648686997244392248,-3.04442574849014063113990003888952880436319356,0.0476423682554257246686071297535897507460794659,0.000663407212045931698466050052371719150255670022,-1.76970316795946024526164479012502337443975683
1263,5.44630730249713289977552523715295109634641333,233.979467922048797367103317091113611032229410,0.0136910128805537917542875551458828051819893285,0.582954480990707583966988914750152562893141622,-3.04401704423829983899072247726187800168183025,-3.04440970187535236154175431487173546437575889,0.0476431200579965760074160419158009344070280753,0.000662898674959438939068076967409456952243518435,-1.76972389399208586830327977258773638341281215
1264,5.44697598513847044811923403957916187558740270,234.134572601302038062708108216698642776592977,0.0136817155102584550276999651360811867374603917,0.582876718067660968790495311723518443862747287,-3.04400128518178577015473067203250269160434280,-3.04439367659289128500048174554669383105742116,0.0476438708745341411269293177729275941827555140,0.000662390924370668421172246572088447410040602141,-1.76974460172107308936416168002734854621961729
1265,5.44764415168593716967218977652185052166205264,234.289661217274545895671511976973347691608355,0.0136724316939441439629692183058298059551501086,0.582799037357288969591800580791479857780865207,-3.04398554702618888146718616479020787755628248,-3.04437767259789475941942950160225306612646091,0.0476446207070876778407974695381786249389211153,0.000661883958449133825605170712383470491292241403,-1.76976529117622715132517168657104944926781506
1266,5.44831180294273351198793640731203965698874143,234.444733785664742081923845606444712208087579,0.0136631614012231170720289243192952723689212127,0.582721438704601992598564207254194185518824694,-3.04396982972763822799726645147089785444027643,-3.04436168984562939973942664770281357949963024,0.0476453695577006026949167893340290149676228396,0.000661377775370037797168539250604219225237935758,-1.76978596238728268210438297467005750485720683
1267,5.44897893971017949202569354876929509628897651,234.599790322143125768785749258252256042649276,0.0136539046017996270732717337036601180741516512,0.582643921955029044179291947428340407145538826,-3.04395413324238905132059719798081357514337077,-3.04434572829149060471443189454808325868017740,0.0476461174284105121420887493818615350603137755,0.000660872373314249827388611041061130332103309612,-1.76980661538390391387374334889320659940911642
1268,5.44964556278772057343648641381956472177059876,234.754830842352345874372341965985031293187017,0.0136446612654695701388882038004905669756606872,0.582566486954416261592615100360736045934387983,-3.04393845752682231824619070834790037931421333,-3.04432978789100208578911123631751674015181909,0.0476468643212492036234953185950686584800100604,0.000660367750468284240481567623537897297828827839,-1.76982725019568490143563808002662024183071019
1269,5.45031167297293352087496547421787157355273264,234.909855361907272685385012866214129688563901,0.0136354313621201367548825190093628652729112102,0.582489133549025450075758452666551155770717469,-3.04392280253744426158930247268391532350618926,-3.04431386859981539806736832343430233666473730,0.0476476102382426965574726023004695024755339721,0.000659863905024278281972736747293773677044954825,-1.76984786685214973976315673907906115061812157
1270,5.45097727106153223144470069763395603043580336,235.064863896395069214293742047306696908813317,0.0136262148617294641850855240354073434944422204,0.582411861585532626239766765219990625105788577,-3.04390716823088592297953556094601742142602409,-3.04429797037370947336091631481101668614730941,0.0476483551814112532360623399692323496112754368,0.000659360835179970309411189501213480112559129940,-1.76986846538275278070786766931057770511400853
1271,5.45164235784737354338414529830967724349241152,235.219856461375262316907894931729229771773609,0.0136170117343662905305390430338100637602484404,0.582334670911026567739251469782377025591291269,-3.04389155456390269769358659812915046696968474,-3.04428209316859015530704540101881290832605927,0.0476490991527693996298179433199757057393624635,0.000658858539138678084624687019252498533242044447,-1.76988904581687884887888375267083042361673419
1272,5.45230693412246302209987771843812010589607845,235.374833072379813571328511954766477654521234,0.0136078219501896103756785999027980599215746878,0.582257561373007369184609755999249948745593770,-3.04387596149337388150209059280295141657702032,-3.04426623694048973654480519353313850139311985,0.0476498421543259461013389238183186177281074208,0.000658357015109277166963400644687739394675748159,-1.76990960818384345669698325425874074695444582
1273,5.45297100067696072365314799840201790083811452,235.529793744913189919270221288309292402639664,0.0135986454794483320127944283863069319282626391,0.582180532819385004264857464192059542577143877,-3.04386038897630221952008499710244254054416446,-3.04425040164556649793888573870319793481770145,0.0476505841880840080280047442950336858053614152,0.000657856261306179406984253260449414236995953053,-1.76993015251289301862752977380841935533435824
1274,5.45363455829918693580517577230204662685637069,235.684738494452434070736036291372118359199489,0.0135894822924809362363030679580108347108965641,0.582103585098477894049405166588810290019610533,-3.04384483696981345705067605563636774683297649,-3.04423458724010424984054504169345160207693750,0.0476513252560410263343763339964834084154780296,0.000657356275949311540031129412940440496448600648,-1.76995067883320506459591569598500396600766902
1275,5.45429760777562789672607181526343613159367372,235.839667336447234673023461067889671987117882,0.0135803323597151366984138854950746485985187512,0.582026718059011481437293528579755587957332603,-3.04382930543115589241155275650966609416201844,-3.04421879368051187537499467864946786683173443,0.0476520653601887879347307297247309398332206950,0.000656857057264093879169578058610441707696335225,-1.76997118717388845258923401066106701574682592
1276,5.45496014989094149147168334549101983223338751,235.994580286319996245035516797032549260698178,0.0135711956516675418178265463142492254007748986,0.581949931550116811722589501668435848583612928,-3.04381379431769993173405553295941635894416672,-3.04420302092332287574471833801608141807430822,0.0476528045025134460861915476803173123922676182,0.000656358603481419106937984429927411466740809899,-1.76999167756398358044786396956829475346150293
1277,5.45562218542796292633209512180462825484787010,236.149477359465908877865518193000863532746534,0.0135620721389433182331467840123715844303985316,0.581873225421329119244829120356519551655715352,-3.04379830358693764572456828214228127536101454,-3.04418726892519491753826096752454427677304226,0.0476535426849955406529152510490539523808171636,0.000655860912837631165380516832500541086601866444,-1.77001215003246259685063675601445226077533357
1278,5.45628371516771038115495375148072427839493314,236.304358571253017702619673372528910216693416,0.0135529617922358557927587894819873503731589803,0.581796599522586420093575665517326834185439999,-3.04378283319648232837806327152538335657562543,-3.04417153764290938203408861508174003115449606,0.0476542799096100182817904571373047119771391172,0.000655363983574504243830460328620403518051207907,-1.77003260460822961149722816896205896238895347
1279,5.45694473988939063974622150889858917421812469,236.459223937022292126436851382974715368484217,0.0135438645823264340729431581913714138132397747,0.581720053704228110836343726065319340925259209,-3.04376738310406805763368909623495832928352483,-3.04415582703337091648918104282643552277142557,0.0476550161783262524901048248212756441151593732,0.000654867813939221863915832413528553329023525044,-1.77005304132012090449140626092805151013925210
1280,5.45760526037040469845040833817885410427417764,236.614073472087694837660159496965344092702823,0.0135347804800838904160796040342438858996200839,0.581643587816993573239320248029103047907633928,-3.04375195326754925796235203569554351696992658,-3.04414013705360698740208076712639160305811718,0.0476557514931080636656313780990702940961895617,0.000654372402184356061262436126915893140566493247,-1.77007346019690513492874292013382724269460352
1281,5.45826527738635335301177654833818895241226268,236.768907191736250581110296937477724748709061,0.0135257094564642894808235704526051992049673388,0.581567201712020784950493014520317743574423770,-3.04373654364490026487630093800877141506313214,-3.04412446766076743574018333641116592543868228,0.0476564858559137389795834544850970903158912994,0.000653877746567846663372743739577568354421254922,-1.77009386126728354869237955036869676052779269
1282,5.45892479171104276381746198328513826433069579,236.923725111228114704406002787567550667292135,0.0135166514825105942961954477782858407879017827,0.581490895240844936114975160522392369340245311,-3.04372115419421489135078513881160745916189591,-3.04410881881212403412111440657786953325102858,0.0476572192686960522128848177313339449397389388,0.000653383845352980663162219388426802080170910576,-1.77011424455989018546041827638857402351464841
1283,5.45958380411648999962290813725461899595252785,237.078527245796641476272293290573916747044554,0.0135076065293523388115703424644673275503648292,0.581414668255397051892491301789925979261139594,-3.04370578487370599614791390083052912047436221,-3.04409319046507004593809951335450717611463243,0.0476579517334022834961988427665606702938324464,0.000652890696808371687637881975315340622211837105,-1.77013461010329208492849148762269031676795571
1284,5.46024231537292855985946576521461085584119861,237.233313610648452177772587389619424648395645,0.0134985745682053019346052417047392588716862521,0.581338520608002620847166656266654011609557725,-3.04369043564170505403290444399723098009606224,-3.04407758257711978641929237551586199781034153,0.0476586832519742389641580666816464592951301450,0.000652398299207939561207080467981361389281556282,-1.77015495792598949225104402777653391311149274
1285,5.46090032624881387562346998375459461802760797,237.388084220963502967396249020915678888951862,0.0134895555703711830491889784592886180920348176,0.581262452151380229179935168040330424927277623,-3.04367510645666172787296382677482880541330251,-3.04406199510590818561108709525293340416351339,0.0476594138263482703242328029260888265900543503,0.000651906650830889963107602615150615116920560558,-1.77017528805641606270484394187665395489677265
1286,5.46155783751082878944556964754064754523000030,237.542839091895152520928530196310170213463502,0.0134805495072372790055486296987697279027943193,0.581186462738640200774056116627309723627233879,-3.04365979727714344260910774019865057627212579,-3.04404642800919035327549875530641747354791029,0.0476601434584552943406749364890709338716618653,0.000651415749961694178453365181116969372416520313,-1.77019560052293906557821940468521145632974650
1287,5.46221484992388901393854989633735668730623258,237.697578238570229447025380120417203868939602,0.0134715563502761625746938772877972986018867329,0.581110552223283243024401016917867331706257459,-3.04364450806183496109127668997574439863816350,-3.04403088124484114569175564967053318910592439,0.0476608721502208122339704555892229468529986565,0.000650925594890068942393039285361334097452486390,-1.77021589535385958728950127450718063113380628
1288,5.46287136425114856942135817477213613846810814,237.852301676089099479411092321504780796330359,0.0134625760710453623594284288918842001304544815,0.581034720459199098421343795944517382247237407,-3.04362923876953796176716707170139605234964530,-3.04401535477085473435230472871395587327026636,0.0476615999035649289962317301639752820888842187,0.000650436183910956376882048465856486570696780993,-1.77023617257741273373813264351400929809787641
1289,5.46352738125400520061651670855158973324265598,238.007009419525732446612293869190937409637112,0.0134536086411870441542048381127730997167066340,0.580958967300665201860257280219019803871044694,-3.04361398935917061821525129270463582853690693,-3.04399984854534417654348979338366378177741667,0.0476623267204023726229580191058516762990011172,0.000649947515324504019571439835172259308049199854,-1.77025643222176783189188878911254795872363991
1290,5.46418290169210577251758035400737061782173478,238.161701483927769020137338043245048339843400,0.0134446540324276937461459812251652847553563549,0.580883292602345343647787950109368203277840115,-3.04359875978976718051251736406975230436638827,-3.04398436252654098780121953966492807454417879,0.0476630526026425132615901766142721215656296032,0.000649459587436044944320170329475871425884605073,-1.77027667431502863061363306990042405145228185
1291,5.46483792632335164552277790010084777658352417,238.316377884316587242005744144868967668013040,0.0134357122165778011496030448696178097879188277,0.580807696219288338176248723917101269120883513,-3.04358355002047755842751428081568254373390391,-3.04396889667279471623199973655234175760181694,0.0476637775521893822772830330934446228812675260,0.000648972398556077972840370723775871603339219162,-1.77029689888523350073101655367706269656147202
1292,5.46549245590390402993045727097577609658857249,238.471038635687368832527935344386220619765321,0.0134267831655315462666661572979486844018485285,0.580732178006926698237636232221013835249048715,-3.04356836001056690642934502984512246153393904,-3.04395345094257251868976062130483452561153320,0.0476645015709416912363164476067566971179802666,0.000648485947000247976988149962682893647140312968,-1.77031710596035563435251151313651150741568216
1293,5.46614649118818931989144063061227425865466170,238.625683753009165279231157378081758666791981,0.0134178668512664859660897576944360288931239232,0.580656737821075314948944640861545268922631726,-3.04355318971941521050330421687266006074262531,-3.04393802529445873879896701755069906346375188,0.0476652246607928508075635668737712483878601921,0.000648000231089326271215481593604064166073109276,-1.77033729556830324343315137657233102917141991
1294,5.46680003292890440691288410707069386890569506,238.780313251224963707823117383938327251918403,0.0134089632458432425731404461136753269666070128,0.580581375517930143260612586769737410351184052,-3.04353803910651687676391208785579995075481747,-3.04392261968715448681455472769210912338087633,0.0476659468236309895824323800465191475570357195,0.000647515249149191094701672846360878504424327366,-1.77035746773691975759333227549918439216941146
1295,5.46745308187702197300772871035667703035383142,238.934927145251752536080563044268753949333762,0.0134000723214051937629203930692868154668487078,0.580506090954066893020103212748383561907142470,-3.04352290813148032185615114021150560685131594,-3.04390723407947722130929242382470586733093052,0.0476666680613389728136942289072794063238334997,0.000647030999510808182685855336107943813678610971,-1.77037762249398402119401398786838584742874183
1296,5.46810563878179576358332399339299372730609254,239.089525449980586911545727326930172553037566,0.0133911940501781638497644151419077677575021684,0.580430883986439725562779633277884406009211309,-3.04350779675402756513576557700858742321698664,-3.04389186843036033267922356380595520812051270,0.0476673883757944210736105195714400662546459459,0.000646547480510211426524854630204421920584641269,-1.77039775986721048967164083385836166975924712
1297,5.46875770439076584016230407842023581070058132,239.244108180276653933909293331224423358076175,0.0133823284044701164653535434954566326926317551,0.580355754472379955802399441367371547411010102,-3.04349270493399382261953755606552647943176627,-3.04387652269885272845789779392285212325719604,0.0476681077688697288317664841382988423296336958,0.000646064690488483622003694168122532559940209853,-1.77041787988424942513608594039334211825501250
1298,5.46940927944976381302829682000279270012990929,239.398675350979337662954286896142199801971388,0.0133734753566708486182323282233223532676013980,0.580280702269594759793712084260355408309954337,-3.04347763263132710269650752811482639912381253,-3.04386119684411842043015586954941626524208591,0.0476688262424320829530184588927108187309974088,0.000645582627791737305428867409050242724695141423,-1.77043798257268709123490524992699595764852631
1299,5.47006036470291805388855107948808625009316966,239.553226976902283912931081564797310100824540,0.0133646348792516861274612352973059775385869856,0.580205727236165887739802101227092578867800050,-3.04346257980608780359115894655766874288888461,-3.04384589082543611353628633294926688835762270,0.0476695437983434811159587795051898562361492802,0.000645101290771095677037370755763097587219407256,-1.77045806796004594728717070796921119041437623
1300,5.47071096089265888864507432321743047177352966,239.707763072833464834229501068310159560980409,0.0133558069447651804231793068489816112483310277,0.580130829230548382416979337463299236043799806,-3.04344754641844831256964026844390496796045918,-3.04383060460219879655742603564829551095480697,0.0476702604384607501523000430922312833068811792,0.000644620677782673611257328915542221405815350262,-1.77047813607378484169013522168556758778540921
1301,5.47136106875972377036538300713866273721339036,239.862283653535243283209828544704217781046137,0.0133469915258448067068957718437491260013325490,0.580056008111569302990174331934236165419160840,-3.04343253242869260688014945476829026474392093,-3.04381533813391333457313008423511136878836505,0.0476709761646355643075781518679896875239111042,0.000644140787187558753358864058086915290543363553,-1.77049818694129920460196523801663107762433596
1302,5.47201068904316243254348145300599496350278760,240.016788733744436981050379094314791505373799,0.0133381885952046634643725151614350422976201757,0.579981263738426454191953131459813367473186054,-3.04341753779721585641865812054922840933080234,-3.04380009138020006318208992567888045560844986,0.0476716909787144634235712333296860444419432788,0.000643661617351792702036660563953426231216220711,-1.77051822058992123990376014350902591871985751
1303,5.47265982248034202274120113551171478983433160,240.171278328172382462465162844577403025709756,0.0133293981256391733240022409043594688015387792,0.579906595970687120838420815973799113638897215,-3.04340256248452402811120408400505434164575767,-3.04378486430079238447703107390029325238634643,0.0476724048825388710428292273598187343426555050,0.000643183166646352277468458471257448158978457254,-1.77053823704692011644406113878787701879428978
1304,5.47330846980695221669955146507468838553027086,240.325752451504998815141059306719175834715543,0.0133206200900227852536298026262802920367252457,0.579832004668286807655437038190942968562623869,-3.04338760645123349200403232199814680489858940,-3.04376965685553636476487441598526656305199917,0.0476731178779451124357066411869076823964414634,0.000642705433447130874396471068197710112739348104,-1.77055823633950215856903578770076562894925563
1305,5.47395663175701031300925524736492394018666347,240.480211118402851210739840308722429085409830,0.0133118544613096780888065213071292503503618420,0.579757489691527984388719892301732795904118960,-3.04337266965807062905291525829144849360003425,-3.04375446900439033402329712666509617786774261,0.0476738299667644325502886987125051209779132264,0.000642228416134919899781465588173559775454304077,-1.77057821849481103594150808400141035052020402
1306,5.47460430906286630842916700787887447921162036,240.634654343501214228306318037904402402179945,0.0133031012125334653855093734643368983643163398,0.579683050901078836171566438147462055087327957,-3.04335775206587144060303389454736750652948130,-3.04373930070742448708488096605269959063273388,0.0476745411508230138855988511758482922573647938,0.000641752113095390294581970785464688722500211894,-1.77059818353992795265198761639593983589902855
1307,5.47525150245520795394080026805680495128115708,240.789082141410134970919856578529383960722301,0.0132943603168069015903987089491291188164386708,0.579608688157972019124069226910639500462259550,-3.04334285363558115955085154386739499936073282,-3.04372415192482048654008714065316305660167300,0.0476752514319419942884733713799816537733555658,0.000641276522719074139213781444012854623540156554,-1.77061813150187183562483524522936154012163403
1308,5.47589821266306579162672062876324345637057824,240.943494526714495976422469642029610613704471,0.0132856317473215895217296528649100422884898108,0.579534401323603421157858208930903029597501232,-3.04332797432825386317946184547389473866855231,-3.04370902261687106735034797386833149272711432,0.0476759608119374846744865236364887749126091063,0.000640801643401346342247617740014059081750751554,-1.77063806240759952232268663043254567298046172
1309,5.47654444041381817246009513779654023365860865,241.097891513974077923052733817662646543883602,0.0132769154773476891540735607864489812698860061,0.579460190259730927960546461009419541970590494,-3.04331311410505208765894232930531513893872892,-3.04369391274397964316261636207958726504280755,0.0476766692926205866733075860930664298544424863,0.000640327473542406411905466979849871165572249024,-1.77065797628400594775223896997298981608309026
1310,5.47719018643319625509222487096531162080736500,241.252273117723622130810775478784459467324606,0.0132682114802336277000468331572271769678237785,0.579386054828473194134206256622238964652524966,-3.04329827292724644420329406324475332926196217,-3.04367882226665991431676438839000710552252962,0.0476773768757974101988688010828264146087659705,0.000639854011547260309918786706258056086577994415,-1.77067787315792433077449042035238982518960665
1311,5.47783545144528898572442692182742540918823126,241.406639352472892859375640324375589147003051,0.0132595197294058109822850554847382426855175861,0.579311994892308419462349124894769591362097763,-3.04328345075621523687559685582204405478274705,-3.04366375114553547753727253068651456732041280,0.0476780835632690909447211424710594716846130375,0.000639381255825702387314381644320326038893381011,-1.77069775305612635972250587507149305216781978
1312,5.47848023617254805915017405423726470994931960,241.560990232706739403392427278018873095897623,0.0132508401983683360889408178092952341014032293,0.579238010314073130280029710008077737784716853,-3.04326864755344408203305810589467704357740787,-3.04364869934133943730070063627438198435014197,0.0476787893568318078049526165697221319670882712,0.000638909204792297401696382580449526812155232318,-1.77071761600532237732976707284298786837246967
1313,5.47912454133579286105294510534084209395332117,241.715325772885157985942662969169387392969248,0.0132421728607027053060236819434105118739381613,0.579164100956960965921838458869291255253914046,-3.04325386328052552940368169037700241122090520,-3.04363366681491401887048124435075379261434754,0.0476794942582768002210416549384321839755486712,0.000638437856866362615595353166586520180489186240,-1.77073746203216156497214939408565412433213115
1314,5.47976836765421539164478681569174115176521917,241.869645987443353451007509147233123401747938,0.0132335176900675413199406102015813920028930352,0.579090266684521470222692438283284300352904589,-3.04323909789915868478633126388548612231125824,-3.04361865352721018299062492241155849448425886,0.0476801982693903854550160131904345605395746322,0.000637967210471949975458130951651147581096916132,-1.77075729116323212622655218129122292108169267
1315,5.48041171584538517073013808897271850033819576,242.023950890791800755729532991599705946871617,0.0132248746601983036836347467830531039233079943,0.579016507360658888046476920355889793594303870,-3.04322435137114883436601001251649965014784018,-3.04360365943928724222997604569874101984184377,0.0476809013919539757892854596708038994576020258,0.000637497264037828370854571795210872387608458019,-1.77077710342506146974919398563709407265533269
1316,5.48105458662525412427902072777885798419207137,242.178240497316306263274929245234574477315765,0.0132162437449070065397597546349286139935100796,0.578942822849630966817732783230033010917687536,-3.04320962365840707063622626016986105196232041,-3.04358868451231247896870589234453800990645880,0.0476816036277440956535144214708773698553839745,0.000637028015997465973479912345520042047086750200,-1.77079689884411639147656879814508973275954780
1317,5.48169698070816145259325643556987570139149165,242.332514821378068837094263281557579130664161,0.0132076249180819375943659584954595130294827205,0.578869213016047763031726260240851500371531361,-3.04319491472294991992036137215516283367102514,-3.04357372870756076501877805328992738710225360,0.0476823049785323986788986525871661569251785629,0.000636559464789012655533993595643235676394266389,-1.77081667744680325615204406818473543834089498
1318,5.48233889880683848014892829989249891700967568,242.486773877313740737376005480892226188393695,0.0131990181536873783346133308667578675342801729,0.578795677724870453718378140855528156357526241,-3.04318022452689897148400313952954534827214766,-3.04355879198641418287016896766000392683194610,0.0476830054460856846802079000251838856573016046,0.000636091608855282487061099796334685153201312879,-1.77083643925946817818106614461917504371939161
1319,5.48298034163241348719786606010811904502308756,242.641017679435488320483349511474078623297865,0.0131904234257633254840648838456041711611605850,0.578722216841410152835669187966173213263590190,-3.04316555303248050823025426095753079626838038,-3.04354387431036164855467389336582511453720487,0.0476837050321659165659544681899588603147326413,0.000635624446643736311836661330664537561543220172,-1.77085618430839720181792369482679924400516172
1320,5.48362130989441652321049819607270173232277720,242.795246242031052542161050149498919321844071,0.0131818407084252136891522979875390262796624964,0.578648830231326732568277294804566115871790613,-3.04315090020202513897007166908031757872609310,-3.04352897564099853611917581154772828988957640,0.0476844037385302371770455198974569648803180863,0.000635157976606464401389547669969042525574276911,-1.77087591261981648068700466364005889606535696
1321,5.48426180430078420224198023457785917459187889,242.949459579363809265295280002534433906338390,0.0131732699758636394304436316141667137397379425,0.578575517760627649507339767468255100839115788,-3.04313626599796743225973827764016938885138256,-3.04351409594002630370030164433842654025200863,0.0476851015669309860542749036875082263549753966,0.000634692197200169186751137359417381507595897367,-1.77089562421989245664146742736677830514989975
1322,5.48490182555786448030307764008163793083164153,243.103657705672829373005788791291789260310861,0.0131647112023440861523807121019636242333910880,0.578502279295666775687371092258643167642372499,-3.04312165038284555179761425611412281789687338,-3.04349923516925212119243674054638712245156973,0.0476857985191157161350082617226525292700874664,0.000634227106886148067524796249158485169519188114,-1.77091531913473203796223197694455753006319301
1323,5.48554137437042141481685321767637277661749075,243.257840635172938687845953567642092762810592,0.0131561643622066506051913166026563859672641682,0.578429114703143234456502637151839134715811933,-3.04310705331930089337236017254152492245075915,-3.04348439329058849950111485546413633889611262,0.0476864945968272103794131503229174923971676850,0.000633762704130276297871823017435683282381208566,-1.77093499739038277690018222837544702988717536
1324,5.48618045144163990624178309183305602826060112,243.412008382054777697882633274154885714357887,0.0131476294298657703927185052147223610449195559,0.578356023850100241156345950119591505684128642,-3.04309247477007772335486928473583444128646159,-3.04346957026605292137384682129744441983510745,0.0476871898018034983265838960189946511226577407,0.000633298987402989949012332548016679842288724609,-1.77095465901283304656445590734976600496281645
1325,5.48681905747313042194150201683285722250428463,243.566160960484861090424086255513184723348611,0.0131391063798099527199464767117424094525227288,0.578283006603923948587915660007162802218372283,-3.04307791469802281872619090728935878212865668,-3.04345476605776747380049677587737670572791719,0.0476878841357778725809089138114246386094753486,0.000632835955179268947841943047553951800663085000,-1.77097430402801221715968388785234403925289842
1326,5.48745719316493370238095800668303040635777072,243.720298384605637094160574588990903365333065,0.0131305951866015043340390773799773001124796544,0.578210062832342297240181464523839967485514896,-3.04306337306608510863377113882973159503897782,-3.04343998062795848197536019152798973522844550,0.0476885776004789052290262310078224954117845425,0.000632373605938620191267512039839600586358914018,-1.77099393246179083157502638101304411016368744
1327,5.48809485921552544972833802658226409678141684,243.874420668535546630478664284712794585333033,0.0131220958248762626527436091533568460495680256,0.578137192403423870257951310826333709079812825,-3.04304884983731531746838130297158691774266232,-3.04342521393895614481314302537067534795921503,0.0476892701976304641877109894811971836901576060,0.000631911938165060735867529673131813186963398992,-1.77101354433998078032783896998141785830734220
1328,5.48873205632182099894171074764376132600181213,244.028527826369082274706635392476837361625887,0.0131136082693433280740488558728481486569103935,0.578064395185576753125919643342576526081083177,-3.04303434497486560945414823941187412357152058,-3.04341046595319417201108609908727329694290907,0.0476899619289517294830367413581071672913500954,0.000631450950347101062485125242608648137274862431,-1.77103313968833547586478716864176046035253606
1329,5.48936878517917997141891911472452584543994694,244.182619872176847028044840717193435076237338,0.0131051324947847974610222779378941124686691588,0.577991671047547398045845517011355620472396024,-3.04301985844198923474414408071174307992996818,-3.04339573663320942264952331235648234577496316,0.0476906527961572094611504079145381902030353365,0.000630990640977728415363974580377220113851437524,-1.77105271853255002622321394601241802485343767
1330,5.49000504648141091128884469709431144531436840,244.336696820005612900931296067034088580754722,0.0130966684760554987957871176446097090621431726,0.577919019858419492983955458071199179735008228,-3.04300539020204017701403636754455760175210077,-3.04338102594164154532320650192328816356170537,0.0476913428009567569309988387395047828751597921,0.000630531008554390215439712117196705696035035407,-1.77107228089826140805555050366840826985655624
1331,5.49064084092077590442175746668055551292216654,244.490758683878379308589248615586910351140170,0.0130882161880827269966357118884820911687624613,0.577846441487612835365795204941197739230292429,-3.04299094021847280254634229260464482327927813,-3.04336633384123261979577367964381545571063606,0.0476920319450555852393429879316949132298305151,0.000630072051578977547401752089070548280201707813,-1.77109182681104863901954651996937773786412205
1332,5.49127616918799518023605876224368185939317025,244.644805477794431279499952930936796097567410,0.0130797756058659808923106274038282619543850005,0.577773935804882210395882884570469023624502913,-3.04297650845484151079787352298490939000102814,-3.04335166029482680016978101993630499368510904,0.0476927202301542842783938161339394583443817532,0.000629613768557808720142708663088363719777804143,-1.77111135629643294953708208174941947302767152
1333,5.49191103197225169637832173369094286059564813,244.798837215729397477540386390713860533025792,0.0130713467044767013475203180593311520345264260,0.577701502680316273979643780817919411898362569,-3.04296209487480038644300043464740015095382432,-3.04333700526536995956476232191444306143188247,0.0476934076579488364264021314955410523724990828,0.000629156158001612900214874804374285108940297980,-1.77113086937987795392430961091872065210496611
1334,5.49254542996119570635313250256919200649105834,244.952853911635308038522156943708251396741080,0.0130629294590580105337908556555628386082505587,0.577629141984336440225233636839055317656497776,-3.04294769944210285288540670261733398460802641,-3.04332236871590933629582274611733053023506914,0.0476940942301306324215326990958848899616341403,0.000628699218425513817915474612818520397119680957,-1.77115036608678982089586025963040238093774551
1335,5.49317936384094931017883660645154121205644442,245.106855579440652221864396377383422313625966,0.0130545238448244523397899068894495983486166319,0.577556853587695773502983408934580270045295069,-3.04293332212060132723104702870017081762161510,-3.04330775060959318154531642220008230506097040,0.0476947799483864871693510768773139962388130472,0.000628242948349013545624643736603431440083759538,-1.77116984644251744344583549277382407856651669
1336,5.49381283429611098814489900043386680613784987,245.260842233050435878129991289105114651506409,0.0130461298370617339152935213611753259978965838,0.577484637361477885040323560642997864194828136,-3.04291896287424687671506235680964111591608145,-3.04329315090967040852020004421345880543764802,0.0476954648143986554842497766347063405044569821,0.000627787346295976348022317430641391220628419840,-1.77118931047235260810829090006616376341218917
1337,5.49444584200976011774619195238790153389182641,245.414813886346238733151081720526107455800915,0.0130377474111264683430004603863189692776519160,0.577412493177095834030170358777338373105484249,-3.04290462166708887657544822634316458885522483,-3.04327856957949024308769681616720499484283867,0.0476961488298448477651385010079443372077994417,0.000627332410794612603812415982270280573871171773,-1.77120875820153016359990568142887817605765107
1338,5.49507838766346147386913357419974252529011142,245.568770553186271489466353783522114721363383,0.0130293765424459184324327356116849499641995515,0.577340420906291033230880213310036280755963855,-3.04289029846327466936631294837548094282432660,-3.04326400658250187588194708441129491007496967,0.0476968319963982456057213716365965839976373256,0.000626878140377462798584912683357359094433109188,-1.77122818965522818884751772815980514158234903
1339,5.49571047193726971230421046329484316706237119,245.722712247405432745789267467359144434436373,0.0130210172065177416301947416753862794161627061,0.577268420421132159036000896150584902426268900,-3.04287599322704922570360305967189013944214285,-3.04324946188225411587436369693780325611086169,0.0476975143157275173396822395793836336152320960,0.000626424533581381588448550395907330270296923183,-1.77124760485856816040319077815376752700440024
1340,5.49634209550973383665903097176807882996008756,245.876638982815365735222994056180367843370325,0.0130126693789097360408968600449373612298814518,0.577196491594014065992170485544027235820673018,-3.04286170592275480643621401754448843450977274,-3.04323493544239504540045156494390547955950791,0.0476981957894968335210973566907835892343969014,0.000625971588947521934069139145037878131700888576,-1.77126700383661511924946675559658039605394899
1341,5.49697325905790164874567095897078380112336181,246.030550773204514882934489090014244324486405,0.0130043330352595875530826833427708049339539524,0.577124634297656705743636118606605316302084258,-3.04284743651483062623544434626840401323154009,-3.04322042722667167663589207082843559674674045,0.0476988764193658823403928858005159572233019405,0.000625519305021319304750519185583968104020743116,-1.77128638661437783699744311367476536295612564
1342,5.49760396325732418251569150214067225695572818,246.184447632338182183996796458692402488435820,0.0129960081512746180645320625448951598114834730,0.577052848405104050381985099926211961888556530,-3.04283318496781251859579143500562746710143410,-3.04320593719892960951473387113016843252783866,0.0476995562069898849761629381763416430993072234,0.000625067680352475952197411732562725985681159739,-1.77130575321680898148030178242483569573413386
1343,5.49823420878206012161582792339369077391779505,246.338329573958583402105366914470620839997574,0.0129876947027315348013450150204814401819251315,0.576981133789723020179800614664506701035805406,-3.04281895124633260224012691980220010319976842,-3.04319146532311269108257228465010279097572603,0.0477002351540196108831620487849973442048888933,0.000624616713494945253601503126357105939691112055,-1.77132510366880528174490318241388585361829895
1344,5.49886399630468020063697162504007851457894730,246.492196611784904089870879914686196289657209,0.0129793926654761807252441510601817910879925786,0.576909490325202415687073235636492871612612135,-3.04280473531511894892232906006625420686442601,-3.04317701156326267627763983701209937221389928,0.0477009132621013930167842332191483921257550604,0.000624166403006916123694217724991210697005715645,-1.77134443799520769244404569802288424950132311
1345,5.49949332649627159012869059376285590203455646,246.646048759513355431387781150143139199433550,0.0129711020154232860235656818982867897118826605,0.576837917885551854169317600801179737138309996,-3.04279053713899525262048874482119180396372274,-3.04316257588351889013277065507102817412373590,0.0477015905328771429943390147496347584033195991,0.000623716747450797495411730381661938997339762177,-1.77136375622080155763197801122431816577256130
1346,5.50012220002644226545116102283898430110370450,246.799886030817229907774489268536332302335522,0.0129628227285562206764412648350417734541600359,0.576766416345100710366461075820566480069497765,-3.04277635668288050011384473776727595422113533,-3.04314815824811789139124126972515021000618781,0.0477022669679843661934330657122693589275211850,0.000623267745393202868819851078313478391021978215,-1.77138305837031677396573877743874557816102807
1347,5.50075061756332535953601129553473762616224422,246.953708439346956786377984056304821024636004,0.0129545547809267480957049224645820732154439609,0.576694985578497061551687911138562025636886972,-3.04276219391178864293664249456898461523903444,-3.04313375862139313752952999566525937684207931,0.0477029425690561767877643742679189548393921489,0.000622819395404934927948482247217247112363848951,-1.77140234446842795331488527885569654679905405
1348,5.50137857977358349962721055741954794994373392,247.107515998730157434332264588789237207601746,0.0129462981486547798300910447525294846418364502,0.576623625460706636869538359660017095234383910,-3.04274804879082827070214936259341749372892546,-3.04311937696777465118007641321814585967164952,0.0477036173377213127206341254050675673874946168,0.000622371696060970225187403623153068995888703729,-1.77142161453975458478215991705179427312213345
1349,5.50200608732241312807276726607693916350589845,247.261308722571700457156959490148456362898957,0.0129380528079281313313210463144473521950132329,0.576552335867011770932677444795013864225768472,-3.04273392128520228579009720432163081184900008,-3.04310501325178868794716158252288259517376378,0.0477042912756041506164797738076555626282661611,0.000621924645940443932897180228966365330169258250,-1.77144086860886119613763070537469695623530415
1350,5.50263314087354880723763842911453906364369394,247.415086624453756663079182354592741234348101,0.0129298187350022787757076082389298096738835041,0.576481116673010361656862564556308424635487929,-3.04271981136020757939086147259090765051677642,-3.04309066743805740560906847560774083126451281,0.0477049643843247206307310858104377828722476018,0.000621478243626634661891016406282727809973271116,-1.77146010670025751466882929193044261484454256
1351,5.50325974108926750860788771116127111156526346,247.568849717935853853758553463273345832372719,0.0129215959062001169359365856817811102006957764,0.576409967754614832313752890699229331287514618,-3.04270571898123470889972351043880017623884630,-3.04307633949129853469972071929158144400913397,0.0477056366654987212382892380327476767836698744,0.000621032487706949346445392759477288374193058742,-1.77147932883839862744939748566211474842486036
1352,5.50388588863039288615577019346783824982598729,247.722598016554931442092154081516520686024241,0.0129133842979117180977176107231378528125587007,0.576338888988051097781316577674129010950064290,-3.04269164411376757665460035233281406677712153,-3.04306202937632505046303610298075014258285126,0.0477063081207375339609273813433255419326740039,0.000620587376772908195499323582310873166539770829,-1.77149853504768514102874077049067617842624141
1353,5.50451158415629953403506329168029034619591150,247.876331533825394897773041734608395519668533,0.0129051838865940920160251661081553087827389118,0.576267880249857534971704139482584134670160062,-3.04267758672338311001066356869283310612245569,-3.04304773705804484617326942212138466711257103,0.0477069787516482380339094104882947381807208077,0.000620142909420129709704059879861185289829553624,-1.77151772535246334054517487535869145376775349
1354,5.50513682832491722867560716432333786297176929,248.030050283239170021272833833346821891166626,0.0128969946487709469056824509528193797355178821,0.576196941416883957416567988411400082344465294,-3.04266354677575094274530572354338630504920721,-3.04303346250146040781465710203444995641393770,0.0477076485598336250121220219365647649060833706,0.000619699084248315763987037579619382395505070897,-1.77153689977702534826503912083191189205677020
1355,5.50576162179273515534566386260057856326675453,248.183754278265757046915762750107192316668835,0.0128888165610324514610707057466073760104297692,0.576126072366290593989919063045417850567653686,-3.04264952423663309778694980755293379986589376,-3.04301920567166849011371367982997186211436531,0.0477083175468922133160134951876018340228711500,0.000619255899861236755295832040242418805025970393,-1.77155605834560928155023798523283268645851175
1356,5.50638596521480611925035246748546919021190150,248.337443532352284575708517829956147268370842,0.0128806496000349978997768124685047934150848350,0.576055272975547071748721708874678226139946393,-3.04263551907188367126123356729760748927108392,-3.04300496653385979391756761577756618428747261,0.0477089857144182627176309958719111768349011920,0.000618813354866716815189828609036030326108517998,-1.77157520108239941025666012466789042462210959
1357,5.50700985924475074123406751903349039862804161,248.491118058923563338587118757823613106231256,0.0128724937425009660250219377861458631608522234,0.575984543122431402871537518118732272823437386,-3.04262153124744851784813697798434047535594798,-3.04299074505331864491176106159880403876263245,0.0477096530640017887670465723815687947861415969,0.000618371447876619086949254843620179541178136789,-1.77159432801152631356591194133251167318125658
1358,5.50763330453476163815444015178675710448764381,248.644777871382139790739010091037211744465977,0.0128643489652184883017437445519910898828958584,0.575913882685028975675637690957726920832280237,-3.04260756072936493744365720272715647470668044,-3.04297654119542267367097513332629928977183372,0.0477103195972285771594604014241396696495915935,0.000617930177506831066873143192474016382650542697,-1.77161343915706703625279072270530403070350322
1359,5.50825630173560758799505549556119079862601707,248.798422983108349537655528506449683689405263,0.0128562152450412159412342605565472187010502268,0.575843291541731549693111653015455501923289183,-3.04259360748376136311967124842182574395859618,-3.04296235492564249703617892231458084732023720,0.0477109853156801980432682317263037015554740243,0.000617489542377250009439703515501322758408253695,-1.77163253454304524439091037024682797176924323
1360,5.50887885149663767978379606939600255802794411,248.952053407460370593566872303448812781215708,0.0128480925588880859892648651464885339536988694,0.575772769571236254786607158475471032337424141,-3.04257967147685705037566216792665535172918216,-3.04294818620954140081173693134571562709053728,0.0477116502209340202693783790520173259081997451,0.000617049541111768396004482910991404616942758229,-1.77165161419343138049888079957507894052609688
1361,5.50950095446578544838333907469638191866843789,249.105669157774276472908696849507823074410919,0.0128399808837430894126590352538179150774150169,0.575702316652544594285443929382069097300149281,-3.04256575267496176767602007223677344227252911,-3.04293403501277502377604584519224352262319505,0.0477123143145632255820620396731589896833554147,0.000616610172338259466713575990233347673148904242,-1.77167067813214281812943022437745068819971878
1362,5.51012261128957299421999566840094476158781981,249.259270247364089115466469855462755884372105,0.0128318801966550401793024839885238062324699616,0.575631932664961452122949034201055957597815743,-3.04255185104447548826666440622927871200763004,-3.04291990130109104299930753811242375876277084,0.0477129775981368227516191133679805050935842553,0.000616171434688562815311022095706203876371083084,-1.77168972638304401590384773311885511130064934
1363,5.51074382261311508801674245524012975518865128,249.412856689521831645840746525910304806015335,0.0128237904747373453266091285882006964833457502,0.575561617488094103955967697271781970259014845,-3.04253796655188808326476890893803815262347528,-3.04290578504032886046208098617651493073421807,0.0477136400732196616491401608544981024855352158,0.000615733326798470046521387082626954913204105352,-1.77170875896994667099411183050203748244260734
1364,5.51136458908012326059595956680050957459685620,249.566428497517580967873566649186289803453322,0.0128157116951677760134899415495998388618502511,0.575491371001851232247608060016763988172067076,-3.04252409916377901601540542575840560770628408,-3.04289168619641929096829129166366210005124034,0.0477143017413724472636435642229308254587869035,0.000615295847307710495690376265391395901086657915,-1.77172777591660987205505894421600829854129338
1365,5.51198491133290987781705578124798928581786930,249.719985684599520194673233475150623814272962,0.0128076438351882395509001705340904557268101137,0.575421193086441945294382589297241063621046156,-3.04251024884681703770895726704017983289434394,-3.04287760473538425134640934162029472976587244,0.0477149626041517536618654123446889308051313137,0.000614858994859937010368162058082454600378236993,-1.77174677724674025160893429136181453644102071
1366,5.51260479001239220071382916835935545933309752,249.873528263993990914871807681961487229038298,0.0127995868721045524060686604758923412882963495,0.575351083622374800179012352685482455521164635,-3.04249641556775988425318711674610782579253546,-3.04286354062333645093255071461371444872760254,0.0477156226631100378909780963370209651657325735,0.000614422768102711793521934799036785821377271893,-1.77176576298399213788465595766431435414862109
1367,5.51322422575809643089608170722928325537189342,250.027056248905545295746738760309774188986115,0.0127915407832862141755410765524598667255257140,0.575281042490456829630263259205553047581600808,-3.04248259929345397439387858776555953099780675,-3.04284949382647908332927732031745658745223006,0.0477162819197956538245120728845611115908839936,0.000613987165687492308065998330049546253342043909,-1.77178473315196770611411156575971945082392460
1368,5.51384321920816174127967820601403660204388675,250.180569652516998023835160650988215603964532,0.0127835055461661825221967106138363368407888461,0.575211069571792572771285601776475508443464087,-3.04246879999083410907800439859915580848381398,-3.04283546431110551943391990738455286472590635,0.0477169403757528659517537354945158479742674021,0.000613552186269617242399533187065798486579015172,-1.77180368777421712928779549608972548658066764
1369,5.51446177099934429220891364179096334582689418,250.334068487989478083666498365609803594632677,0.0127754811382406490714262576150387303208302200,0.575141164747783109738029838643522842613164367,-3.04245501762692317205340781097883567914131194,-3.04282145204359900173027400764544037813211465,0.0477175980325218631108908255244458471124943203,0.000613117828508292536643939836378677955138864234,-1.77182262687423872837208327483511730997158707
1370,5.51507988176702123303472872159293577939334508,250.487552768462480375236167507822719797584166,0.0127674675370688162616854738451491328541210730,0.575071327900125100149412519938509972694567717,-3.04244125216883183169901742105612488452956532,-3.04280745699043233983755610054141950999161534,0.0477182548916387721661753160044032253783109793,0.000612684091066577469273452342975795627797979595,-1.77184155047547912199042845748860283815206649
1371,5.51569755214519468921199103054801997871139193,250.641022507053917170840299001178228598169446,0.0127594647202726751446669765811335105549935520,0.575001558910809825411006606568068457233852318,-3.04242750358375824407964863956464894889186233,-3.04279347911816760731054078239285677671015249,0.0477189109546356716293722118129521859640866145,0.000612250972611370803834479269621571638787172353,-1.77186045860133337557075611370480387075169524
1372,5.51631478276649573497873856753551547090909344,250.794477716860169411888586828202392970810336,0.0127514726655367841303596164857017650017548629,0.574931857662122234834130146255771350839770115,-3.04241377183898775721947823031516122371857763,-3.04277951839345583968483351211258572717317551,0.0477195662230406052257612295942136196986774857,0.000611818471813396995450883559744058216688060462,-1.77187935127514514996131585858401619596597333
1373,5.51693157426218835167996376066775255878633319,250.947918410956137846309537102129925391692130,0.0127434913506080486722918508789415728249511102,0.574862224036639995552306370091844999127146050,-3.04240005690189261658831110297507583279216096,-3.04276557478303673376126707980633844470319305,0.0477202206983775954049568498559122433121483504,0.000611386587347192456814156736760357739846801415,-1.77189822852020684951724627715742296290217434
1374,5.51754792726217337179819919211864337939695533,251.101344602395294007159592237721749783820965,0.0127355207532955018882823691952206446874517409,0.574792657917232546217166756671995851015267739,-3.04238635873993167179479117677095432849684571,-3.04275164825373834812344330883913040824907370,0.0477208743821666567968107719023451988562895572,0.000610955317891091883359175039021006580216408328,-1.77191709035975976966009155215943798059802613
1375,5.51816384239499240875285123232853894015090583,251.254756304209731033044814270759908821102834,0.0127275608514700861120478727323037977404937440,0.574723159187060154455966484100523070530460850,-3.04237267732065008448074054797163726498060275,-3.04273773877247680488247465686343823237733964,0.0477215272759238096126593495676022795908990613,0.000610524662127214637327946184328350420686955756,-1.77193593681699424391250012981493873325360820
1376,5.51877932028783177252991457549094442183341069,251.408153529410214330961036407952968851331215,0.0127196116230644353710443904413313974273339002,0.574653727729572978072978957025584577434550423,-3.04235901261167903741084340719067313089071513,-3.04272384630625599264301332846449323428010879,0.0477221793811610929921771420601062776821626259,0.000610094618741451190425465401591891881278834542,-1.77195476791504979041032434395510804607644982
1377,5.51939436156652637120338926962680624094892511,251.561536290986232082155631581451875651408022,0.0127116730460726587859448222171099532533748566,0.574584363428510129977132760666985721754210037,-3.04234536458073544475192316410729748837296692,-3.04270997082216727068468825293152423752530355,0.0477228306993865782960962795469470917835552451,0.000609665186423449624773498259592538636782618738,-1.77197358367701525789432906492782079082940935
1378,5.52000896685556359840941223371865962010326034,251.714904601906045591611301046926797620319055,0.0127037450985501248871815421413098889610946550,0.574515066167898746818350460657737024810908339,-3.04233173319562166353609304855245287742796173,-3.04269611228738917435310281665159624676408128,0.0477234812321043823450499173333743967208150097,0.000609236363866602191869795743373587175630013483,-1.77199238412592897118370664611194747636970625
1379,5.52062313677808720683380743963702398489754611,251.868258475116739481749554813738588087951874,0.0126958277586132468440088676103485760517854156,0.574445835832053061315144140586541576169364353,-3.04231811842422520630209206943638300812086677,-3.04268227066918712165457857217399293298589006,0.0477241309808146806047966355674855440094173810,0.000608808149768031929261924056168828656255547063,-1.77201116928477887613358470700711794812256433
1380,5.52123687195590116777345289635634763970515461,252.021597923544271730948838843290654419524395,0.0126879210044392686015660074392021728004935344,0.574376672305573478256117452504342943668978757,-3.04230452023451845490914962809261186422501232,-3.04266844593491312104886227652606852520994417,0.0477247799470137203180812332613641080615142579,0.000608380542828579334646557837106152158054422130,-1.77202993917650268407870261748145285729229139
1381,5.52185017300947351683155829672234056714510957,252.174922960093523557469561410888233969200537,0.0126800248142660519214467440570070069548041280,0.574307575473345654158118253417733029767112127,-3.04229093859455837551775330165440972216945271,-3.04265463805200548043404554128343244524382173,0.0477254281321938335833859660069238525276672754,0.000607953541752789097106740959661689596334369025,-1.77204869382398801576542193245210554429012338
1382,5.52246304055794018580664466137435621040358816,252.328233597648349149375582711661449190150166,0.0126721391663918643213075829756556696118066521,0.574238545220539580563879616977914102442326256,-3.04227737347248623473172533642837463151672487,-3.04264084698798851731797810760469871110979772,0.0477260755378434503808248860171902506463172373,0.000607527145248896885201263889847878850378539405,-1.77206743325007254477422546968224164211552253
1383,5.52307547521910882083471652900544870927596660,252.481529849071625241039057617199955151440268,0.0126642640391751679090714179850258531728913925,0.574169581432608670962080148197704173845022368,-3.04226382483652731689604422223926990219495947,-3.04262707271047227017048729231958059650693203,0.0477267221654471115454325609818642230147799320,0.000607101352028816191621940812656782922257550421,-1.77208615747754414043484922514088025639130855
1384,5.52368747760946258684381818570024746520136749,252.634811727205300536812861371944948746228705,0.0126563994110344091073089141652270246380860192,0.574100683995288851312847094071847886190661067,-3.04225029265499064254487835773412316792587027,-3.04261331518715221095074748758395605608595706,0.0477273680164854816880970746303735764099112071,0.000606676160808125234136193456005734557632203703,-1.77210486652914101023618088012885590076071635
1385,5.52429904834416395837986808744916474193902058,252.788079244870444982452181873099531026665255,0.0126485452604478092634048039554796981108517383,0.574031852794597654161817738388383540465976403,-3.04223677689626868799432926498488254944753266,-3.04259957438580895880417473795124494308231605,0.0477280130924353620643858467872920101087809611,0.000606251570306053912533961828409339650347480388,-1.77212356042755184173304827176750774517258861
1386,5.52491018803705849686236999799925611848535150,252.941332414867298884864229921423759486127742,0.0126407015659531561411411253201428295252511931,0.573963087716833316325965998721671150484775020,-3.04222327752883710607441207074050283594365132,-3.04258585027430799492325236631014450733460780,0.0477286573947697033915114540255071603432998245,0.000605827579245470821299565014303948542387934291,-1.77214223919541594395201087312146374172487923
1387,5.52552089730067861432830542794948935373436612,253.094571249975321880762400379906994535058393,0.0126328683061475962893541066352618954810752485,0.573894388648573880134492011481720514366208786,-3.04220979452125444799483104266393804060864518,-3.04257214282059937856672437534821760179951249,0.0477293009249576186136832837138062941078787182,0.000605404186352870317730727813267239139020352283,-1.77216090285532338829825706083037371164476236
1388,5.52613117674624732372221970949244719672745278,253.247795762953241754798612450641943802837804,0.0126250454596874282833459214052814112303238202,0.573825755476676298208162800820898872250289933,-3.04219632784216188633913785314984556840436234,-3.04255845199271746423162391535249083269998939,0.0477299436844643956160895142600202150104169335,0.000604981390358359645228571439616367173113618163,-1.77217955142981514896569973630636187280498548
1389,5.52674102698368197579022346358517487099329410,253.401005966539103107744966195496463233525527,0.0126172330052878968347568984219568042216234655,0.573757188088275541760581882999830329849619122,-3.04218287746028293918188994214760570187316028,-3.04254477775878061997263448357537578794391358,0.0477305856747515098877525826113592766633621010,0.000604559189995646111483938789768471631455796609,-1.77219818494138324285235271096639471894465409
1390,5.52735044862159798263534230181632525659675300,253.554201873450315875293274902170659472909483,0.0126094309217229877656279806000400050701478156,0.573688686370783712404954863292112619431076661,-3.04216944334442319532345586509440022224907024,-3.04253112008699094686331170639004473543650123,0.0477312268972766371334999765333603492247681972,0.000604137584002024321286987008472759727310367526,-1.77221680341247086898306016626613103574078476
1391,5.52795944226731252799136034311944476619792390,253.707383496383703698038468853259747397162472,0.0126016391878252238424072795624255393489454351,0.573620250211889157450006741436304879351273891,-3.04215602546347004063714384386765813617539124,-3.04251747894563399959372355433701753134141518,0.0477318673534936658352908737916404558869747261,0.000603716571118363463688532313174721314674302132,-1.77223540686547254744164145514091340186261965
1392,5.52856800852684826427201750513421289680898680,253.860550848015552143209315411876664599743885,0.0125938577824854614656784741880235616991731951,0.573551879499555588668794757768801906916054321,-3.04214262378639238552335888885853908803191309,-3.04250385430307850819909665321635278534445272,0.0477325070448527097631378430505483946088866015,0.000603296150089094653243174339391046012353708878,-1.77225399532273425781450352249947359454311637
1393,5.52917614800493699645213654088567079787164738,254.013703941001656778707363013615501323491918,0.0125860866846526882114125508571095150618645711,0.573483574122021204524248189209647388664297334,-3.04212923828224039346552283010203347299010420,-3.04249024612777610091408598289082950226350103,0.0477331459728001204358615220243697616569099474,0.000602876319662198325065759719544145244216852510,-1.77227256880655357714776328831806216070236141
1394,5.52978386130502335283697342305826474118744192,254.166842787977371100012492572079961305757653,0.0125783258733338212195679821013372045175304578,0.573415333967797815835353545913850723231577236,-3.04211586892014521068252038611891305380926344,-3.04247665438826102814731470070842555931859700,0.0477337841387784995319148971149426407709517354,0.000602457078589191683434267273162954196702585692,-1.77229112733917981741991245731076773628088204
1395,5.53039114902926844277580392008395690933255405,254.319967401557654310510948885308737429276101,0.0125705753275935064258878898507284528865261876,0.573347158925669974867990129304250570404256452,-3.04210251566931869687246301196490019052437126,-3.04246307905314988757086008969112219709824273,0.0477344215442267112505125253897660559600126974,0.000602038425625116203673710137091262162186783163,-1.77230967094281416253204739377172879787641641
1396,5.53099801177855350137548005021295182362397826,254.473077794337118955799226795172226125965143,0.0125628350265539186327660405212592158372313507,0.573279048884694107834506894001627372652852690,-3.04208917849905315704259070416838218155689604,-3.04244952009114135031939071412585119670105726,0.0477350581905798946232987642427289069045346175,0.000601620359528525187057153469204413925930025584,-1.77232819963960980481767692866497857679678186
1397,5.53160445015248352126941253143656959969620148,254.626173978890078412514702023680886166969476,0.0125551049493945624150766728494656804836450958,0.573211003734197650786217013469373028657009213,-3.04207585737872107442016020098581370226300839,-3.04243597747101588829368876817698181714532872,0.0477356940792694757767878063816604644481874814,0.000601202879061471368461440086431524950730529975,-1.77234671345167208107411124804826029446886504
1398,5.53221046474939087149715935640229242428398333,254.779255967770594232241424712137542336111999,0.0125473850753520738568861666920058391793870096,0.573143023363778188883071485572124053365624390,-3.04206255227777484443919610292042572337998813,-3.04242245116163550256332032785339156890662536,0.0477363292117231801458070578496173239150245989,0.000600785982989494576516700615393068966111909380,-1.77236521240105860811742534713098394165326371
1399,5.53281605616633890354952620219127986187927480,254.932323773512523341037034644697338035827367,0.0125396753837200231149874229975070950833507201,0.573075107663302599024857533261904604760719724,-3.04204926316574650979800935193263785291081997,-3.04240894113194345286324476433277616842462627,0.0477369635893650446381741445571911464988098076,0.000600369670081609445990199508945080258779654353,-1.77238369650977941786298092235845225852608536
1400,5.53342122499912554463381152498082317678681241,255.085377408629565095124310871189925432602918,0.0125319758538487178052205428465147607838443710,0.573007256522906195828351460776284699585211427,-3.04203599001224749658241524940821642943550277,-3.04239544735096398817918294848802900073134311,0.0477375972136154297508365882285608233438285596,0.000599953939110293182146533681100534827169153098,-1.77240216579979709193348101456163639985930380
1401,5.53402597184228687821355787922172804742549653,255.238416885615308193288434879531979438584837,0.0125242864651450072075659678562347196218092521,0.572939469832991880934939020559062187987918168,-3.04202273278696835144961076392229123887440505,-3.04238196978780207841659207368263744246572111,0.0477382300858910316377019556923319543485912910,0.000599538788851473376827656602386458097380765510,-1.77242062029302689579652220909337822472804877
1402,5.53463029728910071187690123012766901609659941,255.391442216943277446518625530736737473359852,0.0125166071970720872860186763655063532547575696,0.572871747484229295633299234066917504946770365,-3.04200949145967847986769828131446704126952649,-3.04236850841164314714812294770233608870067705,0.0477388622076048941293850560276083888017315633,0.000599124218084515875997647543388522916931144760,-1.77243906001133691243359974366934073925761352
1403,5.53523420193159013258734178717453657892189526,255.544453415066980405430395584929220605307243,0.0125089380291493065192743206497510045182836012,0.572804089367553976781829994151145362025112905,-3.04199626600022588540587018273421299138840299,-3.04235506319175280543446345625788992451437143,0.0477394935801664207050975381548170067627629144,0.000598710225592212698498583321220122036043703523,-1.77245748497654817554251147102886690284147984
1404,5.53583768636052704937049316518673890868719483,255.697450492419953846002283740911390505918860,0.0125012789409519725382803409555157531282443195,0.572736495374166516015575661221814658798893299,-3.04198305637853691007029570227947079282009341,-3.04234163409747658671349958100902448622971526,0.0477401242049813864169040269885360419378803393,0.000598296810160770005765298456611411342073137095,-1.77247589521043480227509727121281150298844052
1405,5.53644075116543572349010146875747296967823909,255.850433461415810114158532611189535965490441,0.0124936299121111595667271033720331720333977700,0.572668965395531722222498253306737271088205681,-3.04196986256461597568077841577926738414270909,-3.04232822109823968275275286569342619662231874,0.0477407540834519497665677291953201345986406725,0.000597883970579796122248239152425700314759540500,-1.77249429073472412551224120691016302461897099
1406,5.53704339693459628616636218559286232344062217,256.003402334448283329726811885960375821655145,0.0124859909223135166605759814477323996328671266,0.572601499323377787274014724778152661120616335,-3.04195668452854532628327944729868748404123900,-3.04231482416354668066008056585980959236223597,0.0477413832169766645352072398730128520385106128,0.000597471705642289606295027021358915854043769843,-1.77251267157109682567805446464274904776549200
1407,5.53764562425504824388930055533532557106579415,256.156357123891275450297727030817801837549933,0.0124783619513010767427430369801428013854005350,0.572534097049695454994803233279506904222462161,-3.04194352224048477159342805119892511661860838,-3.04230144326298130094765189205392152067274129,0.0477420116069504915659850890394072232638005261,0.000597060014144627371242750084553007389025175374,-1.77253103774118706209514792422947579053154707
1408,5.53824743371259397137972034302685152697537819,256.309297842098902195510507141831818457931963,0.0124707429788710664290785545179594561495409802,0.572466758466737193356961212561511567210755389,-3.04193037567067143146616763618486399519750049,-3.04228807836620613664424076423595755292537959,0.0477426392547648105000473816378481194806211431,0.000596648894886552856474391296557796983464849226,-1.77254938926658260388289404869241028328279853
1409,5.53884882589180219224996668120225864204883084,256.462224501405538832286930976582397878776518,0.0124631339848757166418041477666362839850219379,0.572399483467016369883677503824346835090894920,-3.04191724478941948138671154482788009623156823,-3.04227472944296239345090233785350612797085210,0.0477432661618074314659327067863288440410312406,0.000596238346671164248194188787725109510258598866,-1.77256772616882496040056868623264176942100025
1410,5.53944980137601144741649084230671279522141385,256.615137114125865821533227619591911007958567,0.0124555349492220740065904852288622872617619891,0.572332271943306430247659753030312280942236667,-3.04190412956711989897800898866410408554965620,-3.04226139646306963093512724048355697085216656,0.0477438923294626067226673211660473696519520262,0.000595828368304902749678097214450828413978555765,-1.77258604846940951123725432481236091181440026
1411,5.54005036074733355131594845442742155653603195,256.768035692554914326827377654746261750543467,0.0124479458518718130294798779765228680600413563,0.572265123788640080049636759742868679397489583,-3.04189102997424021151994746623172588552925291,-3.04224807939642550475859397340957065798425572,0.0477445177591110422567624477168490888737047831,0.000595418958597540900756886131955222960891475936,-1.77260435618978563575037733793109421160885373
1412,5.54065050458665703597630776899860142521872611,256.920920248968111585606942035546677096784227,0.0124403666728410490498790353719154735761664620,0.572198038896308469762333467584049569438907274,-3.04187794598132424447554376041034742542667966,-3.04223477821300550993366628602594702484696421,0.0477451424521299093333283741324480762262221115,0.000595010116362170946290769214297529718618867660,-1.77262264935135684215474280708065429528232494
1413,5.54125023347365058299419112002854208410780595,257.073790795621326143370258996671836578653968,0.0124327973922001519658682257566014060647641560,0.572131017159860382825393820578797976637964502,-3.04186487755899187101940122323801830945693371,-3.04222149288286272510380852366494453294578210,0.0477457664098928560015188859801016316377278662,0.000594601840415193253395807502376998383792406436,-1.77264092797548089616392160180923197046453724
1414,5.54184954798676644346942067141930793569204340,257.226647344750912951401574268091575922060167,0.0124252379900735607280938795227783397471505824,0.572064058473101426876803776644196433120001007,-3.04185182467793876256373651207646252404702227,-3.04220822337612755784311798241440430440204611,0.0477463896337700185545184265601828789538595318,0.000594194129576304777183670722634627291416074313,-1.77265919208346994918583554202625626527677783
1415,5.54244844870324384594748892307868786163683510,257.379489908573758328528406467050730138179814,0.0124176884466395985985323424838753124768313678,0.571997162730093228106443372432445305084261487,-3.04183878730893614027730424163314245433477976,-3.04219496966300749097019917882452332719684955,0.0477470121251280329442832398238757808383302034,0.000593786982668487574777673146432257416955781330,-1.77267744169659066607437765884423824145096779
1416,5.54304693619911239242042522879922685796988674,257.532318499287324787417197785277499723596372,0.0124101487421302891704330289706663860380049728,0.571930329825152628717472875773980304658587086,-3.04182576542283052759257316298327554561819728,-3.04218173171378682987163065916625919332794100,0.0477476338853300461512466237353783362457676699,0.000593380398517997367369324511586513383988462535,-1.77269567683606435243889580959179424833976441
1417,5.54364501104919544243628176040228710381583094,257.685133129069695725911059890855220044791119,0.0124026188568311731457696374921299372493415872,0.571863559652850887481333746193208031362935241,-3.04181275899054350369653247441089636176768673,-3.04216850949882645083030053317251411930486000,0.0477482549157357275091972993522622152387961669,0.000592974375954352150080952261759360729093967087,-1.77271389752306708151335918935534819448921445
1418,5.54424267382711348536721592458028576297555669,257.837933810079619983911196258864016685093444,0.0123950987710811258665483780052609046754981472,0.571796852108012883372220353462799641402182426,-3.04179976798307145800053171064289588264368259,-3.04215530298856355035391232202780815706070342,0.0477488752177012799855387855580641332082202963,0.000592568913810320849401258834390806655220201288,-1.77273210377872982058701861522949273246916612
1419,5.54483992510528750088590119244371050490948316,257.990720554456556266301364865124988195231544,0.0123875884652721755963423197169977640707296121,0.571730207085716322266953181979244679807387069,-3.04178679237148534558458234791326389525224933,-3.04214211215351139549898796082653404718895082,0.0477494947925794514171365607691807564405474583,0.000592164010921912027961977001193214431630614020,-1.77275029562413855699836284009340306769853093
1420,5.54543676545494230769975462827888499262254829,258.143493374320717432412539256577551866087855,0.0123800879198493225484410027695468821725842683,0.571663624481290946696258577915649819957849157,-3.04177383212693044361157380328840591127909666,-3.04212893696425907518571989284003208640081300,0.0477501136417195457019586910084483815306657428,0.000591759666128362636425077394059954701227928545,-1.77276847308033442369416457990069238316741447
1421,5.54603319544610990059222709479643063215671703,258.296252281773114652522731383838361144967228,0.0123725971153103586570243670061904969367162683,0.571597104190317748633533979648268337704638681,-3.04176088722062610870688089882266612732254434,-3.04211577739147125249904913775675947547579113,0.0477507317664674339467145084454904442915423950,0.000591355878272126812251265390284915243455931859,-1.77278663616831382435540141189219975508949557
1422,5.54662921564763277582016115860818455915434741,258.448997288895601431884756180607221183828505,0.0123651160322056880877898371400467313986300080,0.571530646108628185307251012849323902330583285,-3.04174795762386553529886410540275411857062257,-3.04210263340588791797137100961812934652720302,0.0477513491681655655706948358044226493050899893,0.000590952646198864725121779540520737830087774528,-1.77280478490902855809182822053679861090937111
1423,5.54722482662716724491598211328130963067780374,258.601728407750917502772545635509564366830323,0.0123576446511381484844810669085412432801456125,0.571464250132303398023221832856547259426393361,-3.04173504330801551491578797857982724502402563,-3.04208950497832414384229480348784546055387792,0.0477519658481529793660161698885601845910360761,0.000590549968757431468786770756768944649509177754,-1.77282291932338594370696943309764499381695474
1424,5.54782002895118673694324926961141611180999980,258.754445650382732585034458959829488264077965,0.0123501829527628329477863860403700498649785235,0.571397916157673433983026661413699406989861627,-3.04172214424451619643470715027025685951730935,-3.04207639207966983929090826397981852838990057,0.0477525818077653145144701618254448900570318154,0.000590147844799865999114800591313742580344918312,-1.77284103943224894353529089723542554390116173
1425,5.54841482318498508925385772531981813362780679,258.907149028815690015639885344947540163680989,0.0123427309177869127430944139318447883955781450,0.571331644081316471084972595548633326289949726,-3.04170926040488084727789304691495043562232250,-3.04206329468088950663602199463651421554049197,0.0477531970483348215611786624501982992664323768,0.000589746273181380118119248185879184331528557371,-1.77285914525643628685330290872301394296257035
1426,5.54900920989267982679494521086039313165389477,259.059838555055450247703296662127996371603163,0.0123352885269694607336136036616751668509104776,0.571265433800058045694025466116949030477151691,-3.04169639176069561555239816749953233435646093,-3.04205021275302199849989316579584360987193731,0.0477538115711903733452535384776275789200249519,0.000589345252760347503738658907982530171728044954,-1.77287723681672259286633759788621052704888995
1427,5.54960318963721543001332430612398200141369413,259.212514241088734219467779220992158713450657,0.0123278557611212755353816601970687016698819649,0.571199285210970283367227795269377093296659786,-3.04168353828361929312837827472345394683115827,-3.04203714626718027593095193100301529809774825,0.0477544253776574758876594087207038398250708340,0.000588944782398292785149303372634674252126338554,-1.77289531413383849327273562853342886276787647
1428,5.55019676298036659140502732631575784747290038,259.365176098883366593727956308371194770779483,0.0123204326011047063907098381828278387339198178,0.571133198211371132521186748657763723095523262,-3.04167069994538307965181623052775153183007262,-3.04202409519455116748107786919929436260866196,0.0477550384690582792364763995523516754426575708,0.000588544860959880663389443525947994522210609609,-1.77291337722847075440716895262559542687157382
1429,5.55078993048274146075731947597376867341711036,259.517824140388318868170106613468522507820859,0.0123130190278334787566260683759669422122946093,0.571067172698823601028286402414904178166673494,-3.04165787671779034748731444410408924710156153,-3.04201105950639512923299753283020684400286597,0.0477556508467115882697589750366054230215482482,0.000588145487312905077076022796190045367455926342,-1.77293142612126239896481819750020545924772195
1430,5.55138269270378487913030545987212202046935615,259.670458377533752357105187745999196969585598,0.0123056150222725206048996884021307759110803517,0.571001208571134995728348649643528377687339666,-3.04164506857271640758664599736021564359311984,-3.04199803917404600577339780163197638293894736,0.0477562625119328734561858596320840565477316083,0.000587746660328278412995710050299101887980061055,-1.77294946083281282730811513983624935036801559
1431,5.55197505020178160162502561034372071422234214,259.823078822231061045068388809238057649706921,0.0122982205654377894302492638715042384926690865,0.570935305726356164842536659124768777876043793,-3.04163227548210827627877747055028976259124718,-3.04198503416891079210737321914026827343368280,0.0477568734660342815736950400537050060767464109,0.000587348378880020761353432282382895034979927099,-1.77296748138367793835775264146715510355591088
1432,5.55256700353385950898470973435483521106334684,259.975685486372914312756761338126847476190967,0.0122908356383960999633535807996011634084617045,0.570869464062780743276363972981127785535944972,-3.04161949741798444297709931032698602489468796,-3.04197204446246939650984882487588642717968060,0.0477574837103246463862968077261969314995989755,0.000586950641845249215462728657383746682386259381,-1.77298548779437025006965638635628217992545669
1433,5.55315855325599280807563029251250116826867765,260.128278381833299535774413792588993501311028,0.0122834602222649525853043705249078779753280297,0.570803683478944400798741092857574199157767861,-3.04160673435243463879962226476323252476106178,-3.04195907002627440430964319064707606546515655,0.0477580932461094992792567842341866446105043438,0.000586553448104167215663448789644422260564855012,-1.77300348008535901949960476528486977554644250
1434,5.55374969992300522129377118818636246096191305,260.280857520467564556652701147200832381217652,0.0122760942982123624401576946874437437661473700,0.570737963873624093084059758550936367973372802,-3.04159398625761960609792095584537750532550502,-3.04194611083195084260185942540965593366168474,0.0477587020746910798528398592276323104145687901,0.000586156796540053937253501003889247137836941881,-1.77302145827707036245717530480841598042916999
1435,5.55434044408857316494330436023453030185775690,260.433422914112460030610797879984235724518889,0.0122687378474566892422591711105532080106175235,0.570672305145837315604383071636125143191672656,-3.04158125310577086889062807047020679159481489,-3.04193316685119594588431483057949330062504688,0.0477593101973683464748049633376599295834819185,0.000585760686039253722222531856094697694229973260,-1.77303942238988737275068812955866701770342149
1436,5.55493078630522891663264352964805961282586658,260.585974574586181645520009775322373162829971,0.0122613908512664677750363623874364390092971369,0.570606707194841360358877162201875565033459015,-3.04156853486919050419730492699248968758718498,-3.04192023805577892261374266752508240974655536,0.0477599176154369867918395977562364854350189348,0.000585365115491165554576586434426753558640739114,-1.77305737244415024102480908175083535938851853
1437,5.55552072712436377173362284103447207266290840,260.738512513688412216533157359249553640660122,0.0122540532909602390779696783829887308794897641,0.570541169920132575427687241992828435578906965,-3.04155583152025091426853631676785158977901067,-3.04190732441754072267752214210257236757396762,0.0477605243301894282001220471936796325705976575,0.000584970083788232579043959966049611347172524290,-1.77307530846015637319246729854712117159228141
1438,5.55611026709623118894912775656464461819049898,260.891036743200363655838351420404026855936503,0.0122467251479063823184710624835868779338178964,0.570475693221445627337527634713448917477820628,-3.04154314303139459970811952981135211137187276,-3.04189442590839380577671521844608961624028587,0.0477611303429148482751982139111516694133883884,0.000584575589825931662953605073962759041258342907,-1.77309323045816050846273426647752216728691405
1439,5.55669940676994992503428639517973396512013359,261.043547274884818817994478877917389961591209,0.0122394064035229473454175400199196644214908919,0.570410276998752766226321726617605769476433348,-3.04153046937513393348323935153218976505961695,-3.04188154250032191071621124670043994521935706,0.0477617356548991851613590273916963423737859655,0.000584181632502763001078605708524897186408685862,-1.77311113845837483696630363217836923652633410
1440,5.55728814669350715871611155591875723697727021,261.196044120486173221303725179982952263518615,0.0122320970392774879211044066024944814599834049,0.570344921152263093794293740401414007710779853,-3.04151781052405093581854256438992142748476577,-3.04186867416537982559780262788238759706121609,0.0477623402674251479207034069240203273599514363,0.000583788210720239763238368370024038028823713789,-1.77312903248096911698020335003074184497261703
1441,5.55787648741376160385626691365846450146937668,261.348527291730476645674477395711522191381206,0.0122247970366868956284004248920936694457827512,0.570279625582421834028979805432828336361648875,-3.04150516645079704997004710512145411512177025,-3.04185582087569315891203684447518585953470728,0.0477629441817722268420707828893522534647853263,0.000583395323382877784454313790232934382472716135,-1.77314691254607079175336408961924504004492405
1442,5.55846442947644661190141532088262507691563310,261.500996800325474607425980140433710677093753,0.0122175063773172344499048813186255300144085594,0.570214390189909606691690980067121298578293777,-3.04149253712809291887484251577838148351094036,-3.04184298260345811152471215858677887226703906,0.0477635473992167037100262168248694924345148563,0.000583002969398185297454977800659806797153751942,-1.77316477867376510593466020904252847416907062
1443,5.55905197342617326366539278289675159275131294,261.653452657960649711484154393501101698546099,0.0122102250427835760159237301963773514931302484,0.570149214875641703553025679771601665690714523,-3.04147992252872816267255968605215938221202564,-3.04183015932094124955390612141647831398475629,0.0477641499210316620340802003491863777184788131,0.000582611147676652707327548731113600432739327166,-1.77318263088409522160503202374795768788962616
1444,5.55963911980643345048723848880670031577987589,261.805894876307262881416037070900986520121037,0.0122029530147498355180993222909764036140093028,0.570084099540767367365093380555845146664036386,-3.04146732262556115709460911610497456700161258,-3.04181735100047927813344774925282969787505908,0.0477647517484869972383242587383456564798467762,0.000582219857131742408113980401836591559860699009,-1.77320046919706233391529056449315912094391424
1445,5.56022586915960294480889926926637250969510093,261.958323467018394467748356846022989907725210,0.0121956902749286082855453788972739038971493585,0.570019044086669073558175503296897812773359989,-3.04145473739151881271720803421550932874540775,-3.04180455761447881605876580313528023736438567,0.0477653528828494268116625362970230835602640776,0.000581829096679878641150924643042360440214881157,-1.77321829363262578633119852201748128233668240
1446,5.56081222202694446021621600720213741075950793,262.110738441728985235013829114456166489680390,0.0121884368050810070203559316063345278949833597,0.569954048414961814649613043465554446408991632,-3.04144216679959635507423768283346405259586810,-3.04179177913541617131106706251622488926329390,0.0477659533253825004188185976418928451579391797,0.000581438865240437394953825344105585008990018525,-1.77323610421070318548741361979904049016685297
1447,5.56139817894861070098658984222083782887344650,262.263139812055877227966830116867902178813950,0.0121811925870164996893739028868064849956853320,0.569889112427492387352773794984843084570778332,-3.04142961082285710562599294095081194505048569,-3.04177901553583711745581980861379386601301624,0.0477665530773466099722957415652309104147033050,0.000581049161735736346446607347400691330246657857,-1.77325390095117051565187323964180160545016909
1448,5.56198374046364740118651747603517854972945948,262.415527589597854517408197012295105650232665,0.0121739576025927480691218540888931445550467171,0.569824236026338682374014928952094797481483013,-3.04141706943443226357990718087133796185199675,-3.04176626678835667091153893149883241871099899,0.0477671521399989996654681922400464910023438585,0.000580659985091024843339478105048190460846630644,-1.77327168387386225280219174754747787698717818
1449,5.56256890710999635336197749787503380326831716,262.567901785935683826056997077393063715566549,0.0121667318337154469408141762003812037649188813,0.569759419113808976885619230180317848966236200,-3.04140454260752068855935586431698929847679562,-3.04175353286565886908489014715516528648656485,0.0477677505145937759669796061267885118681282928,0.000580271334234473927458437956422639518389514730,-1.77328945299857147831563462914584863696047064
1450,5.56315367942449842686444339842471337996916557,262.720262412632155034905215140520247334917725,0.0121595152623381639323866453408860976149322953,0.569694661592441229662745469394086824552105303,-3.04139203031538868411666286716783769260099672,-3.04174081374049654936815175762751149938100868,0.0477683482023819175766244120097001274420615033,0.000579883208097166398831166205682567392293798214,-1.77330720834504999227422624465284105641495786
1451,5.56373805794289657585509382131197107430945246,262.872609481232121570489423788521017587536937,0.0121523078704621800044958102646283999604332974,0.569629963365002378872495198863186410818275083,-3.04137953253136978208645388480394060438294733,-3.04172810938569112899509320975727162726524140,0.0477689452046112853428865860921793065875938597,0.000579495605613086920335014926937078497647305006,-1.77332494993300842638654075266836621543634348
1452,5.56432204319983883702958660560013498574797215,263.024943003262540673511625754583279037964181,0.0121451096401363305774571237404654400355905987,0.569565324334487642503259706669670649232769476,-3.04136704922886452777552151180806966111934010,-3.04171541977413238575135040672772332273436282,0.0477695415225266321423095539792983929616686347,0.000579108525719112162713900644764356167071254715,-1.77334267778211635652771852988690513591256014
1453,5.56490563572888131710556029417357237549359589,263.177262990232513549239592153820846813172039,0.0121379205534568472961070742722568927856708853,0.569500744404119821422571952059273624259344847,-3.04135458038134026598538671149824280451002139,-3.04170274487877823953539830251577775982191451,0.0477701371573696127208700066364508706382978473,0.000578721967355000989771935774106353196547070761,-1.77336039191200241489924322974616229079033912
1454,5.56548883606249117011482501447957257471030648,263.329569453633325400115163825829876168582044,0.0121307405925672004295908198895465949439391787,0.569436223477348605051749033787444509962556373,-3.04134212596233092786376139318250227343270746,-3.04169008467265453476624176319023455393852530,0.0477707321103787934975275180006973220157456679,0.000578335929463384683552687000211004736288430410,-1.77337809234225440181000747695717731735454112
1455,5.56607164473204956454200397296449804063934005,263.481862404938485340997135917305026925639805,0.0121235697396579419030929723495598168294030102,0.569371761457849879645671117377769509146697704,-3.04132968594543681858113669895388011652749559,-3.04167743912885482363396601161335852825538436,0.0477713263827896623301209578007981568135433174,0.000577950410989757209313986680077473398992447913,-1.77339577909241939708018808651901432331703645
1456,5.56665406226785464035118723593327813841696136,263.634141855603766197463507940122208116638864,0.0121164079769665489585452287132108221758981830,0.569307358249525039166102768093295203926160665,-3.04131726030432440582874136805369411494016375,-3.04166480822054015018930818429463550878744948,0.0477719199758346382437818042784248997649290310,0.000577565410882465520109255895252800248713077047,-1.77341345218200387106944462499989516615367909
1457,5.56723608919912445594196099072991751309187240,263.786407817067244187596052818684723839306890,0.0121092552867772684413604985517961588167980408,0.569243013756500298737022306489545591053722348,-3.04130484901272610913413419610322492067542145,-3.04165219192093883526843162170795502901704474,0.0477725128907430811220335778621628072701571908,0.000577180928092699900787324024976538994607975470,-1.77343111163047379533094809834321971113834552
1458,5.56781772605399992507597808538958060366926822,263.938660300749338487668338842705851191341869,0.0121021116514209617102590296640026411768565160,0.569178727883126010670484124965379248983128075,-3.04129245204444008999071413960878777695477375,-3.04163959020334626224910448710563237562338928,0.0477731051287413013607457383934328810631312966,0.000576796961574484351223749681397881869518260170,-1.77344875745725475289273955401157177219376212
1459,5.56839897335954774381503932560257487844728909,264.090899318052850682156527916211886086615437,0.0120949770532749501672677937865947431732109347,0.569114500533975983051597879031234020172288547,-3.04128006937333004279745103384896509612146963,-3.04162700304112466363450416452829202715889734,0.0477736966910525694851095152053959126102704590,0.000576413510284667008597661597402193646327779399,-1.77346638968173204816791142569622158570438011
1460,5.56897983164176330751145975835508352304139273,264.243124880363004098490471988972852382995730,0.0120878514747628614049900570136344474984235572,0.569050331613846800871267098334275627335467963,-3.04126770097332498660515919531547760006362824,-3.04161443040770290846088862509666041357400493,0.0477742875788971257298022711785254337530175905,0.000576030573182910608529145624668467738316772221,-1.77348400832325081649509752587689944225020752
1461,5.56956030142557361789129998541366652117156119,264.395336999047483026960837021707229860153804,0.0120807348983544759682576281404980408459330977,0.568986221027757149695388052060706272151975323,-3.04125534681841905766565536905548656833961356,-3.04160187227657629052539557255207453854562966,0.0477748777934921895825061388063642915591476715,0.000575648149231682984893205426809260177579686977,-1.77350161340111613331075070500123344598518689
1462,5.57014038323484018027084942038787049158797557,264.547535685456471826196200220490254325057461,0.0120736273065655747272937525576985407443664128,0.568922168680947141859267653405012193769680864,-3.04124300688267130278016155730220347599453457,-3.04158932862130631743024968515371107276095234,0.0477754673360519692909458082687665267113518964,0.000575266237396247608127319781381496470516742119,-1.77351920493459312295468034575111801598862735
1463,5.57072007759236189094655632396958149777433779,264.699720950922693914622291528372529914060115,0.0120665286819577868595300002682866466603406017,0.568858174478877645176076800566186244400679551,-3.04123068114020547344333222942626551615796046,-3.04157679941552050043967766220331953918064149,0.0477760562077876713336094944946675208967437440,0.000574884836644654161850608676452167600384625648,-1.77353678294290706711031504656169731234860073
1464,5.57129938501987791479840841668481516174621588,264.851892806761450648313784433156475635537714,0.0120594390071384384372357847193904005873151993,0.568794238327229614148212829397968610375279579,-3.04121836956520982077930426523075298933905889,-3.04156428463291214514585006040822361027615061,0.0477766444099075098543162621693539932691272467,0.000574503945947729157613603643202462452114445520,-1.77355434744524351288114907004627596118862116
1465,5.57187830603807055314657787072290449943014759,265.004051264270660085647283989769524030799521,0.0120523582647604016181343450466208708661387526,0.568730360131903423670501697584112448552918867,-3.04120607213193689126618672468096406958161773,-3.04155178424724014294018806876067949076233136,0.0477772319436167160607920445697902970753097785,0.000574123564279066587598595046398084479911774321,-1.77357189846074838050482438904734329796998171
1466,5.57245684116656810190095551579227748377141045,265.156196334730895639162411514217205818555981,0.0120452864375219444361941286483660913710773138,0.568666539799018205214227134195123411552141117,-3.04119378881470332324542616803380314997614124,-3.04153929823232876328639242135105917224068630,0.0477778188101175475874158539635015895648198188,0.000573743690615018615091500399781229779806395304,-1.77358943600852807070629345547141054003437734
1467,5.57303499092394770004301115219696938324711428,265.308328029405424615036145634511476623158837,0.0120382235081665811897995243495945530426294914,0.568602777234911185481030273858803808825176634,-3.04118151958788964421250177173329432437412711,-3.04152682656206744679157058628307749358138776,0.0477784050106092978222968480497530408938858771,0.000573364323934686302547163223590366227992394743,-1.77360696010764957169150114466625559717505042
1468,5.57361275582773816847922994118212101874602983,265.460446359540246640573848233375845397727795,0.0120311694594829234245198193913343891555393303,0.568539072346137027515779253676776063960487030,-3.04116926442594006888542289808549111093117853,-3.04151436921041059907185719635537573241334383,0.0477789905462883051988420885244629294296018364,0.000572985463219910377070951556229922666417558027,-1.77362447077714056578301769065752993748907727
1469,5.57419013639442283930518893185076232287022085,265.612551336364131980118681239363638856616524,0.0120241242743045315077100866976284807033790243,0.568475425039467174267563885561171809823742597,-3.04115702330336229804752008132992413477818152,-3.04150192615137738540894140414387533050792394,0.0477795754183479624519740042808404487971926446,0.000572607107455262033140479011041019177101624810,-1.77364196803598953569904782487291844470845267
1470,5.57476713313944237551915287944100198299122165,265.764642971088659739779406169030129560665637,0.0120170879355097667921924529271705549071179673,0.568411835221889194588025828952861555780020752,-3.04114479619472731816103858999257531333315876,-3.04148949735905152619393345128682382765098938,0.0477801596279787258391557529847673269829063047,0.000572229255628033772392219271321944353341557999,-1.77365945190314587047723476284288965057902397
1471,5.57534374657719758122388460534689842245410891,265.916721274908255961374852745018631369002827,0.0120100604260216443662808533082584549525653615,0.568348302800606131656289681002897451780706450,-3.04113258307466920174806181603895415941194205,-3.04147708280758109315502123985754929503662837,0.0477807431763681243263818607562919446038050713,0.000571851906728230280298727181078828411121201467,-1.77367692239751997104467114957557463192506096
1472,5.57591997722105220235518223888375328407988875,266.068786259000231605991645765702581145521795,0.0120030417288076863874269467750231976804549975,0.568284827683035853819815075325221699354259609,-3.04112038391788490853530972604188229269628539,-3.04146468247117830636538608342161653083230902,0.0477813260647007687392907104153448023979989065,0.000571475059748559339563116154030942832852983450,-1.77369437953798335543552257465881493453816871
1473,5.57649582558333571797547375839643477973851479,266.220837934524820427550090634017720323339964,0.0119960318268797759967793450576161533709325262,0.568221409776810407840544238419287803197129912,-3.04110819869913408735937548902874831857306625,-3.04145229632411933202786509742319474374577474,0.0477819082941583608795546441802056914383324461,0.000571098713684422780058372527444124353880538774,-1.77371182334336876365766280244556284563891978
1474,5.57707129217534612217061830888549865233579210,266.372876312625216736771437519266396651006588,0.0119890307032940118119627027123514780138363987,0.568158048989775374535773496859458444819406456,-3.04109602739323887882898117056397767722785181,-3.04143992434074408103286586363275938312094632,0.0477824898659197026067026468108662933550109822,0.000570722867533907465140012768429895014900932562,-1.77372925383247026220971343073152482223856531
1475,5.57764637750735269658788380891872501754012021,266.524901404427613055938071979221273608703862,0.0119820383411505629953975221886111382490971803,0.568094745229989226803230960382680162187758872,-3.04108386997508371874085105363602948435420043,-3.04142756649545600828605707221245756497462910,0.0477830707811607048855297799359657574138097811,0.000570347520297776314161509136156206984819359654,-1.77374667102404334824987429293940942575797601
1476,5.57822108208859877365289136528382750536276051,266.676913221041237664836515964333766810110937,0.0119750547235935248954957494922787400672305047,0.568031498405722690019896028091294071913829119,-3.04107172641961514224581871473124008253744731,-3.04141522276272191280237680820924481762720977,0.0477836510410543967992467476613759824693296577,0.000569972670979459361022823551419271622579296033,-1.77376407493680505341792455378683918091068242
1477,5.57879540642730449050313898374001784475636096,266.828911773558392038271467415090538729118316,0.0119680798338107752580813723910121440667576763,0.567968308425458104804149479123844819196364605,-3.04105959670184158876180144876127156579841749,-3.04140289311707173856291800765694797541519660,0.0477842306467709345285221875009374400607557380,0.000569598318585044848583298062399381934965171026,-1.77378146558943404731176811654063288311979153
1478,5.57936935103066953367553999249993302864679495,266.980897073054488175537459101676373288641269,0.0119611136550338310053992849810465375250461696,0.567905175197888792130895717319048922627825425,-3.04104748079683320763029299993395698478784390,-3.04139057753309837613126836263948120219894217,0.0477848095994776102965694991656679489213070994,0.000569224462123270358771053459067826239708329756,-1.77379884300057074061989066105573076308332466
1479,5.57994291640487587458523547591657663226434442,267.132869130588085822233077896498487244076126,0.0119541561705377055800896503605425167648121611,0.567842098631918420789351243578173249039641276,-3.04103537867972166451304281788133773332128206,-3.04137827598545746502589960531639323087583107,0.0477853879003388612804292467675697006281534309,0.000568851100605513978221945315256014531852841064,-1.77381620718881738791108936567072879008897246
1480,5.58051610305509049583276484349883744821709893,267.284827957200929584801054269496353891809584,0.0119472073636407668515188776887445565626132843,0.567779078636660377173245631776402053470487876,-3.04102329032569994852560722004128717412914157,-3.04136598844886719684521864871174403246414729,0.0477859655505162784885973975087375536192591876,0.000568478233045785499282019063201351863341833590,-1.77383355817273819008283013249325025099311804
1481,5.58108891148546810837650442810900902772296149,267.436773563917985938175908408476742572371816,0.0119402672177045955818721316072971264917462128,0.567716115121437137393233186127847027835535915,-3.04101121571002218010447490308321852620168630,-3.04135371489810811914191050768616267459409304,0.0477865425511686156051488919068256996696633140,0.000568105858460717656208292666539370090522137055,-1.77385089597085939646958093446787473414484279
1482,5.58166134219915385960711071132017337487570682,267.588705961747480126919223947232061227584094,0.0119333357161338444494260114098307786521672629,0.567653207995779641701365061801360634876542801,-3.04099915480800341960448620872221822007062710,-3.04134145530802294004322026761320164588155855,0.0477871189034517978005052770252682128642484346,0.000567733975869557396403577090045110964440652019,-1.77386822060166940661246373368894253597216500
1483,5.58223339569828603236053240778212609787565136,267.740625161680932960221012788457242989773985,0.0119264128423760976264336750142122440189694810,0.567590357169426671217522938231209303108386122,-3.04098710759501947662328241322312193878853180,-3.04132920965351633361383861152340262557157327,0.0477876946085189305089943750023844675886855693,0.000567362584294157186521921103502570900877061977,-1.77388553208361887169156128351333716383362791
1484,5.58280507248399873490598419845138706074494252,267.892531174693197501144034892290285112643663,0.0119194985799217309090682392604978114024559991,0.567527562552324226947766347870296464397596924,-3.04097507404650672004953807589554912086140322,-3.04131697790955474595807255951673763753004255,0.0477882696675203081733492043792489192303892132,0.000566991682758966353282138038202000005019342264,-1.77390283043512079562220902195859758816210432
1485,5.58337637305642458194510437911104200840633492,268.044424011742495650486345120754079538358698,0.0119125929123037723968837638645300948791382722,0.567464824054624911084596483982834536679032774,-3.04096305413796188883174615055715464548117364,-3.04130476005116620205800011772552454341304653,0.0477888440816034229562926212837838683517266211,0.000566621270291022458827737972774911010572952006,-1.77392011567455063581659619045489107679936138
1486,5.58394729791469736665834908020430534504403854,268.196303683770454625635755239836416776342219,0.0119056958230977637192665220362435006991773537,0.567402141586687310579189741343585437750418866,-3.04095104784494190346434213592523340917909095,-3.04129255605344011334432447868013399077965593,0.0477894178519129734193534014099612280664932096,0.000566251345919942710472449495162871298782858444,-1.77393738782024640361199427007213272182663976
1487,5.58451784755695472383450701113344248269660016,268.348170201702143334788322941047249808363575,0.0118988072959216218063625768531700078776974796,0.567339515059075382975704385264157932699613665,-3.04093905514306367818797001681171741494717931,-3.04128036589152708599666026122879986786824538,0.0477899909795908731690587419084911469205455665,0.000565881908677915404671370704010807097092448859,-1.77395464689050876436692481668368682348871009
1488,5.58508802248034078411905088137148115244767673,268.500023576446108646901411209944047385503283,0.0118919273144355012019809194895799192445506328,0.567276944382557844497813599052308464241899287,-3.04092707600800393390070912846446702656117395,-3.04126818954063872997000102682604314173628210,0.0477905634657762594706474247513447371643057914,0.000565512957599691405058639509958172825030003282,-1.77397189290360113722657279697460941290859796
1489,5.58565782318100881941687474657292242929618540,268.651863818894411557750300497492379397616662,0.0118850558623416569159845838625372823277303764,0.567214429468107560377667729663588446380676959,-3.04091511041549901177709736203508250846449799,-3.04125602697604746874413396066251390755634281,0.0477911353116055018294471498195136950141203206,0.000565144491722575654393358609200722820177263312,-1.77398912587774979455874557857542715371668174
1490,5.58622725015412387948480051496262169541574575,268.803690939922663252455782898671400650698216,0.0118781929233843078136952326864820403055468233,0.567151970226900937417537837748872195839637751,-3.04090315834134468759180232057236081771798567,-3.04124387817308634979278416138884625134388503,0.0477917065182122105400588168643537779533176994,0.000564776510086418720256350762091822785464844534,-1.77400634583114396106167180972327988083078797
1491,5.58679630389386541974907172227630897443183648,268.955504950390061064848621869149042208200401,0.0118713384813495005398497128425862041951497463,0.567089566570317318774441663346251845709049271,-3.04089121976139598674480813274874962307327977,-3.04123174310714885576928744270934132181239725,0.0477922770867272452034898105806868540217377302,0.000564409011733608374341155251978555425579731357,-1.77402355278193591254492853654330577858800851
1492,5.58736498489342992038288843710472845198404481,269.107305861139424334035222873108835829009521,0.0118644925200649739746600038791451401442305830,0.567027218409938380958101843908673941135687704,-3.04087929465156699998500163632813524804665133,-3.04121962175368871640560691450545525500264653,0.0477928470182787232123776222777334273402034759,0.000564041995709061205183506657212821421355457948,-1.77404074674824107438477904912797485240917594
1493,5.58793329364503349667887378737441786370132392,269.259093682997230158527329711639877107566442,0.0118576550234000242195408328720229506995098097,0.566964925657547533032634668984000284382298955,-3.04086738298783069982905755577618262682319675,-3.04120751408821972112152488100728742163005041,0.0477934163139920282044444250152895027085324132,0.000563675461060214264174362375386885700258364368,-1.77405792774813811965519812089535673427634354
1494,5.58850123063991450075120009763522709979740473,269.410868426773649048297038089993306426022846,0.0118508259752653701100820022933576196495250059,0.566902688225129318012415827443792607868369033,-3.04085548474621875767253811899410514182804910,-3.04119542008631553234085776947229984102457843,0.0477939849749898184843225065609117079091035969,0.000563309406837016744702365726121134386386984441,-1.77407509579966906693585550905483763976141178
1495,5.58906879636833611460194099060622939496711527,269.562630103262580475116902202210240487660933,0.0118440053596130192538551754623801741985255565,0.566840506024868816442617500450440107536674140,-3.04084359990282136159013828751383793245194745,-3.04118333972360949951155788545878521083433391,0.0477945530023920354138897560929826196134334833,0.000562943832091921694272446959744961491147587053,-1.77409225092083937779832281722748119751455376
1496,5.58963599131958893458605502988081990144551179,269.714378723241688321543401702140495554717488,0.0118371931604361345906574870807229490446202478,0.566778378969151052154958778106264274551735401,-3.04083172843378703482202341321358610773930685,-3.04117127297579447382658178069728281983019111,0.0477951203973159117712536961983292186801506564,0.000562578735879877759448075146288373866456815460,-1.77410939312961805397176308418606201675916910
1497,5.59020281598199354730924655866605816985289567,269.866114297472436228900535349955913072529231,0.0118303893617689014728068947788013863977876718,0.566716306970560400189258731677636274339619077,-3.04081987031532245494322168327992659174211554,-3.04115921981862262364242091736210522172777136,0.0477956871608759800785218513656799937616461698,0.000562214117258320963465479744435554020470056353,-1.77412652244393773418935675512588510372218270
1498,5.59076927084290309699279031682239514845885683,270.017836836700122844618813832426124977442829,0.0118235939476863952631166620090022724629437494,0.566654289941879996871428558154408665382215901,-3.04080802552369227371304917433423980112744202,-3.04114718022790525059220611881904614830798852,0.0477962532941840808984955478319713430994480373,0.000561849975287166516368961685342373455426868176,-1.77414363888169479071671201368201960634277934
1499,5.59133535638870584433924819020345334279175348,270.169546351653916969283437713228235331056190,0.0118168069023044494481887635012119834565592014,0.566592327796091152038586031400460860293744326,-3.04079619403521893760156070693132108873413478,-3.04113515417951260639031301226166228732961088,0.0477968187983493711004235472718333781294313535,0.000561486309028800657517210083116329312483119506,-1.77416074246074942556350180390278051974566519
1500,5.59190107310482771693284905733079420407635985,270.321242853046892603743967136414045972376090,0.0118100282097795242646783323288746956235178908,0.566530420446372763402022045973230094800823334,-3.04078437582628250899003497359659504260580239,-3.04112314164937371032541129363056962798425308,0.0477973836744783320949512284061602624287964645,0.000561123117548072530311332233698548408290550473,-1.77417783319892576637956425140551575678604617
1501,5.59246642147573485120814614376832926215858177,270.472926351576063896636317742115155283445536,0.0118032578543085758361935228980042047780542994,0.566468567806100733038795327525161387490728947,-3.04077257087332048804251760776141997437301498,-3.04111114261347616743891618041715348681714802,0.0477979479236747780384003461183401671822530923,0.000560760399912286088996091418044486921111840402,-1.77419491111401196203669760181238997351257570
1502,5.59303140198493612602041056921111305338805274,270.624596857922419992666452219128998415457057,0.0117964958201289258185073473426511479451376320,0.566406769788847386002777409222638348913209405,-3.04076077915282763524546096794551661281427807,-3.04109915704786598738581586396004941577164038,0.0477985115470398640065137170815008507128487434,0.000560398155191192037386629214817833289313846178,-1.77421197622376027789737523212534773916194924
1503,5.59359601511498568785106487133253922934231438,270.776254382750959782003678974942932605069707,0.0117897420915181315507701543600899276063816674,0.566345026308380891046015738490982760869895524,-3.04074900064135579461251443187960608179300914,-3.04108718492864740397486413022073590484578236,0.0477990745456720941377985041922101977927506871,0.000560036382456979799373726583011726661997539672,-1.77422902854588719077160075678628215975107190
1504,5.59416026134748546768130620893398985281650045,270.927898936710726551130018511006165830688955,0.0117829966527938567104234599158761519317715361,0.566283337278664683441328284268709607084714414,-3.04073723531551371755153392951398087819941880,-3.04107522623198269538514258734058305575201183,0.0477996369206673297466010992508222235771458900,0.000559675080784269521061430926491084123979385205,-1.77424606809807348356311774461716686800024907
1505,5.59472414116308768956691568003576807965890388,271.079530530434842535490654210878496354294165,0.0117762594883137424695278089580020559027648784,0.566221702613856889897088263470004195954445101,-3.04072548315196688739089429257013361077159149,-3.04106328093409200505601212009871726475997797,0.0478001986731187974060459343016161775230049780,0.000559314249250104104391644730687214879200425831,-1.77426309489796433960618308548309901214914297
1506,5.59528765504149737094709773339390919606941916,271.231149174540543374289047342737101323899188,0.0117695305824752791502292467623633040470547663,0.566160122228309755555202598139479924049885986,-3.04071374412743734456220276200902833623758199,-3.04105134901125316324748828626711343684801848,0.0478007598041170970009698868227489525869531343,0.000558953886933941272111035196629635951456995042,-1.77428010896316943669410759620744467369548806
1507,5.59585080346147481472004199971243984992972210,271.382754879629212467768866107311794115650298,0.0117628099197156783771008082470442495117465779,0.566098596036569073063332453454420101552778681,-3.04070201821870351243652667405356673175626923,-3.04103943043980150926809037835149697031149767,0.0478013203147502097509832825127085372844616373,0.000558593992917645663936383619011485573357836498,-1.77429711031126304080076203383219162567212000
1508,5.59641358690083809311774901676482595951044280,271.534347656286415237323455489584638636271754,0.0117560974845117457241071939956339709352801380,0.566037123953373613712448692892343665495614059,-3.04069030540260002381126294075290568329707791,-3.04102752519612971436722879686510224975503938,0.0478018802061035062037878417324670089391207999,0.000558234566285480963775248092680009978018377997,-1.77431409895978409949624129059882552863845873
1509,5.59697600583646552341251126599323152756621482,271.685927515081933288772158459704902989156035,0.0117493932613797538539524932717372937035378126,0.565975705893654560630859322130085220395614106,-3.04067860565601754804479145304736446568120739,-3.04101563325668760528921021865438824969660998,0.0478024394792597541988812617071012739810407925,0.000557875606124102057859563515234286111355033032,-1.77433107492623633505787417886718800521175351
1510,5.59753806074429813548729167220261971528278730,271.837494466569798479141389677940763569919548,0.0117426972348753161475824374366354531335234758,0.565914341772534944025889979157737291928328308,-3.04066691895590261883606896341579871104651884,-3.04100375459798198848595479642490154552747324,0.0478029981352991268017774763436603057955700423,0.000557517111522547223650548811498486089823699182,-1.77434803822808833727776087543448049701852629
1511,5.59809975209934213130209323802255439895323662,271.989048521288326887286960252751432552787979,0.0117360093895932608216242223450542759520009675,0.565853031505329078464442266248814650467552191,-3.04065524527925746264633435198986373307749454,-3.04099188919657647498553429404122949554043036,0.0478035561752992102088709889600558051138419121,0.000557159081572230349374032867509947132024129779,-1.77436498888277365596801478320746998353220419
1512,5.59866108037567133628826578621754439478771182,272.140589689760152688692756243083196988273793,0.0117293297101675055315584259323954167283766175,0.565791775007542002183698211387954235378690250,-3.04064358460313982776011044502518783577818382,-3.04098003702909130591365464693323836657942450,0.0478041136003350116230730303194494483541665624,0.000556801515366933184046047856097604851201521823,-1.77438192690769089316488028376263993115537295
1513,5.59922204604642964270254886106227862967240041,272.292117982492261934779484448863611016422028,0.0117226581812709324584289677595924159645916393,0.565730572194868918423282394069569964746487901,-3.04063193690466281398270173834809916865605616,-3.04096819807220317866522093856361842806219948,0.0478046704114789671003466551028770264592021579,0.000556444412002797617849271491701304063010545087,-1.77439885232020379503289259684709867820930815
1514,5.59978264958383344497250369026689793171760411,272.443633409976026237055816560709277948355384,0.0117159947876152638769084111848395005107675908,0.565669422983194638770236274584556143842385834,-3.04062030216099470297140148136452370115102385,-3.04095637230264507372313720292750403056424546,0.0478052266098009493672672543067217978428989817,0.000556087770578317992721628297163876360192093030,-1.77441576513764134347024073217406559374414983
1515,5.60034289145917406706484172677549132775350101,272.595135982687236356442886904618385649798315,0.0117093395139509382025471965175602661557923133,0.565608327288593028508202028536081432796546314,-3.04060868034935878919763559993770516091517736,-3.04094455969720608212150779998824132805533108,0.0478057821963682756097343289983201996622939876,0.000555731590194333443019084227979468064403868780,-1.77443266537729784741648931479822516036792981
1516,5.60090277214282018190801267063421155389064011,272.746625711086135698101729783656569426539246,0.0117026923450669865160466154087949482297172344,0.565547285027326453962255710887812739707657646,-3.04059707144703321153728487942260819147718449,-3.04093276023273123355042136632520430956574046,0.0478063371722457152329597423798053078638711398,0.000555375869954020266115389007864859066300180562,-1.77444955305643303386380988776665102399745895
1517,5.60146229210422022290027101052944562550826314,272.898102605617453712091879750352476273864019,0.0116960532657909095624064932702784677676276268,0.565486296115845231830871857856081477507319655,-3.04058547543135078548644069289280859692995758,-3.04092097388612132509951251759722883659379493,0.0478068915384954975928570421747772371122820146,0.000555020608962884322802236311296104200320950937,-1.77446642819227213857286714447978786821381660
1518,5.60202145181190478753429701805655677342832090,273.049566676710439200188002004906350074679311,0.0116894222609885552228096381154006372144369357,0.565425360470787080496543681908611337463323958,-3.04057389227969883599986334461236886008278618,-3.04090920063433275063751057322244295846756309,0.0478074452961773196989558239422014604321484207,0.000554665806328753467354023511382226382058854550,-1.77448329080200599649450041811451546548783894
1519,5.60258025173348903316930577085036116031321363,273.201017934778893529180070469808369963618497,0.0116827993155639964571161412995065901980303429,0.565364478008976573306624826513136170266747203,-3.04056232196951903094942580558915412851884659,-3.04089744045437733082499858745212696395299002,0.0478079984463483538889644880148973557260744076,0.000554311461161770007122100122494726271542546659,-1.77450014090279113189833565640892162897466465
1520,5.60313869233567506498143616897335491912906661,273.352456390221203750981267905707760524194660,0.0116761844144594097148515786221329441399584886,0.565303648647424593816000224565907890923346717,-3.04055076447830721519983924709229282881389450,-3.04088569332332214375761990527928148381770108,0.0478085509900632554751041283340656415739220205,0.000553957572574383191524097333604083087876975893,-1.77451697851174984820945803693832624453335521
1521,5.60369677408425431612307103802930400351786713,273.503882053420375629866445671228879046298006,0.0116695775426549538125840595543315431790432946,0.565242872303327792983234949088855107837526187,-3.04053921978361324529897032981660113435462815,-3.04087395921828935623698331687482276565051460,0.0478091029283741703623356804846430074907686305,0.000553604139681341730294630177265379106001973589,-1.77453380364597031755427033057749994038246754
1522,5.60425449744410992012159927798938435894875275,273.655294934744066577162650355970761615151593,0.0116629786851686492755959083818039881030108404,0.565182148894068048311891058270977077607513266,-3.04052768786304082478007368141891705771124990,-3.04086223811645605566653166098525749715105247,0.0478096542623307426386018487071450452578965133,0.000553251161599686340864358937424816885603952389,-1.77455061632250667001665709899900038450453457
1523,5.60481186287921907554799161435533337265803347,273.806695044544618493711900496438884755550805,0.0116563878270562581417665342178236099813225804,0.565121478337211924928743320690341387007610225,-3.04051616869424734007327639392017073285729781,-3.04085052999505408256965242645132874877016825,0.0478102049929801221372047275484948814236916255,0.000552898637448742324735087393275807499320360463,-1.77456741655837908260556981565711182977590656
1524,5.60536887085265540298542283373704818221116175,273.958082393159090520425078884640365358239308,0.0116498049534111642255937575446178550117231466,0.565060860550510138590665362023693770151876799,-3.04050466225494369702366469544401858339688973,-3.04083883483136986372732252221002677899793547,0.0478107551213669719714394330957143524176212907,0.000552546566350112172719262452676041464164164286,-1.77458420437057386793514302860693126483706050
1525,5.60592552182659129432803543491682422269074432,274.109456990909291697244494564234531795609050,0.0116432300493642538402915095909002534989931748,0.565000295451897020611998203157156287927957499,-3.04049316852289415801333619842600566448589111,-3.04082715260274424593259293031165051392466217,0.0478113046485334760416034613910050007487486170,0.000552194947427668198912922673355502002926845191,-1.77460097977604356261844673756550986065455573
1526,5.60648181626230025443980239476292811015719179,274.260818848101813530831363445386253893803447,0.0116366631000837969759124078465929174283651350,0.564939782959489984704253362769907781102190962,-3.04048168747591617968479429925118218351046176,-3.04081548328657233035923242410501039113172630,0.0478118535755193465145008976335425221412291062,0.000551843779807545203271822129322640485030894158,-1.77461774279170701537597523669433824070639764
1527,5.60703775462015923520331023172308011437329585,274.412167975028062471293157522943163670599961,0.0116301040907753289314542367506443440202061216,0.564879322991588995720042676579455087132885799,-3.04047021909188025126307440273427654802443254,-3.04080382686030330754186292529972575678859719,0.0478124019033618312755600091112714367756885947,0.000551493062618133162661131079349168193224184299,-1.77463449343444947485996777852845368247936654
1528,5.60759333735965096198814774388279997971908278,274.563504381964292298264479919579129453760746,0.0116235530066815323989198274585825153403941646,0.564818915466676040293166741908760906076624621,-3.04045876334870973347400466941303267933422486,-3.04079218330144029296493238958388251662070083,0.0478129496330957213536821674542824267373230427,0.000551142794990069950249785959836196804021605649,-1.77465123172112267719565154315652418105857741
1529,5.60814856493936625256845069955084517750705562,274.714828079171636416653836362648530067113382,0.0116170098330821199973102349946138327015777936,0.564758560303414599366833431449112537955972481,-3.04044732022438069805601693474701798523985766,-3.04078055258754016325788435133374471527916009,0.0478134967657533583189394617392924723262780759,0.000550792976056234083121228381206092091872126251,-1.77466795766854493324049255002878212636915596
1530,5.60870343781700632851901836189762953791784001,274.866139076896140062367393207415378071538398,0.0116104745552937172545414554074745348493727484,0.564698257420649122602017235425658027107513250,-3.04043588969692176786293632746273899608877469,-3.04076893469621339299389642417212092438155985,0.0478140433023646416532377831817798055927256715,0.000550443604951737497972936080514361285041262266,-1.77468467129350121556253532749686320258219388
1531,5.60925795644938511911928403121293281678892938,275.017437385368792418319537706996062528064092,0.0116039471586697460352852101659008659769593791,0.564638006737404504658009288192982592724782768,-3.04042447174441395755519091991970186612511550,-3.04075732960512389208957314618245990352598059,0.0478145892439570360940615846080455554498513355,0.000550094680813918354777808198343212077319739739,-1.77470137261274324513890735723354240929448371
1532,5.60981212129243155779428878478347951760501868,275.168723014805558641038787867922507616398759,0.0115974276286003084127445503318143185633906973,0.564577808172885563337246814954517191969675317,-3.04041306634499051487689547694638556849456339,-3.04074573729198884380299157693262533354713013,0.0478151345915555789514159435836160946143022379,0.000549746202782333868281122830153602471991194759,-1.77471806164298957777555953690399570581957894
1533,5.61036593280119187112167528116267007798071259,275.319995975407411798176336887030801257656568,0.0115909159505120709823851994177157940931225398,0.564517661646476519586549398161190716495906202,-3.04040167347683676251627603156206478698250572,-3.04073415773457854332751099856818475109644675,0.0478156793461828873980809869668383001535896412,0.000549398169998753167207436575888995815062157281,-1.77473473840092569024930915472735220963487064
1534,5.61091939142983186043358686868380237906243488,275.471256277360364717223260807943275542962604,0.0115844121098681496156536616472555167997072119,0.564457567077740479346927912541515551061288060,-3.04039029311818994054691460680900649960491416,-3.04072259091071623697877094555934869582306921,0.0478162235088591657332931667372664186869020758,0.000549050581607150181052443801319216222621445224,-1.77475140290320406617324714374258450125725984
1535,5.61147249763163917604222629345057284732106041,275.622503930835501745741167631470244226073624,0.0115779160921679946517231719697337549367328100,0.564397524386418917244170213977990507660879206,-3.04037892524733904944730592301564315134361418,-3.04071103679827796197231458768463962860293885,0.0478167670806022126199673121976435816133659501,0.000548703436753696554335457554789920281533002678,-1.77476805516644428158656668154170085827506836
1536,5.61202525185902558411769803574648761418497597,275.773738945989010423409821631736623301525871,0.0115714278829472765253185560029829095394031221,0.564337533492431162112445691894941775777839109,-3.04036756984262469369623037963768852246107900,-3.04069949537519238678928721896102910136380572,0.0478173100624274282955728220462291950189657694,0.000548356734586754588188814577932347900084331145,-1.77478469520723309026986552282207600309275050
1537,5.61257765456352922624662871188580082911861920,275.924961332962213066194038036857552889728810,0.0115649474677777718286810024646490819989176342,0.564277594315873884343208608773265224923693898,-3.04035622688243892594145998082054390333723530,-3.04068796661944065212767226193459810833681368,0.0478178524553478217567768013433367113651699840,0.000548010474256870209161143632547545864259109675,-1.77480132304212450878696979720573876097976544
1538,5.61312970619581687169993105705606350320193011,276.076171101881598262930910497857255683899434,0.0115584748322672498057436279666885149091212860,0.564217706777020585051717755161551403882750946,-3.04034489634522509173932618442944066311667590,-3.04067645050905621243653978247458476889628543,0.0478183942603740179179663930327802663720032883,0.000547664654916765965112069462197127550251549128,-1.77481793868763990125432237324450253665630112
1539,5.61368140720568616243794874977504304431599897,276.227368262858852284637206860749057862663011,0.0115520099620593592765985346566919838735665975,0.564157870796321087053527345405410186354357342,-3.04033357820947767486269089593726701942702815,-3.04066494702212467803079502541073727443396473,0.0478189354785142647437620014061722302171552448,0.000547319275721334048076554139727711268834222259,-1.77483454216026806383897428124477288405849392
1540,5.61423275804206785088109174632660779616962384,276.378552825990890406835547642963832321366096,0.0115455528428335159903458254546518411365305543,0.564098086294401027643341269553247510341021572,-3.04032227245374214317487400167462836673497811,-3.04065345613678365778392692645987997714963573,0.0478194761107744403556325556964880782851896547,0.000546974335827629343977703344579557360836489442,-1.77485113347646530898621310237430378220433880
1541,5.61478375915302803047394486010014606906071178,276.529724801359888145196766265509626756315858,0.0115391034603047904044247499146481097926830309,0.564038353192061353168659801794270779698477704,-3.04031097905661479506710294096012133680952681,-3.04064197783122260239626893134018109149064552,0.0478200161581580601127234158379726484228169353,0.000546629834394862509067487289666203772537777514,-1.77486771265265554937785766932551611610340207
1542,5.61533441098577035907070604231004796971116092,276.680884199033312404794640475434635823187113,0.0115326618002237958885368063947800887400345849,0.563978671410277815390684646611373290884702248,-3.04029969799674260645706185396584647939508488,-3.04063051208368264823629675920542197054902844,0.0478205556216662836670069793133856651944518332,0.000546285770584393072975444600080482093070155166,-1.77488427970523038162224388447745586724526916
1543,5.61588471398663827516968519331424592802371114,276.832031029063952543267980478602645673257236,0.0115262278483765773512802236001281926496613992,0.563919040870200469624984781847370232199040087,-3.04028842925282307834612981225570506217304911,-3.04061905887245646175249998497825902523544839,0.0478210945022979219928655079079865789857388798,0.000545942143559722568246052457938651698332191960,-1.77490083465054916967692194489306978834095493
1544,5.61643466860111720702446935390681872753692726,276.983165301489951348183861059913014532438805,0.0115198015905845002876247870247278426162126295,0.563859461493153174654461934338830573709472086,-3.04027717280360408493290954218098334402556886,-3.04060761817588808445337648424971976397408179,0.0478216328010494443912151560838798794737681521,0.000545598952486487686246057792211321708582076428,-1.77491737750493912800508076948301820671339112
1545,5.61698427527383677465923578977658030755698659,277.134287026334835928894592366528035416727351,0.0115133830127041402453654637091336269636429491,0.563799933200633094407190699909938489414200131,-3.04026592862788372228065988814520527815720449,-3.04059618997237277845311088556771713828263034,0.0478221705189149854682796485598501185403774371,0.000545256196532453459323672232138725761603864267,-1.77493390828469540446671095213531925143157434
1546,5.61753353444857298481557078607292614825224298,277.285396213607548523179837039213304638956713,0.0115069721006271727087027123973569303171178166,0.563740455914310201391744296573423328822685114,-3.04025469670451015753625703357145723957467038,-3.04058477424035687258051020858300982630346588,0.0478227076568863520891215235122054141308428720,0.000544913874867506469102137980359984988592902624,-1.77495042700608116294551311542609795409721478
1547,5.61808244656825041885802890899751444247480042,277.436492873302477218964099967536697059493596,0.0115005688402802633971067459655505818778311449,0.563681029556026781882652718982210864322321499,-3.04024347701238147869832120263074556848328930,-3.04057337095833760904878183307668612631253184,0.0478232442159530303060383295831392343090571120,0.000544571986663648080790772719613507791474887280,-1.77496693368532766571255411256574433117134953
1548,5.61863101207494441366554506386495476594145024,277.587577015399486591398641086573785291108663,0.0114941732176249589776323392471527412432821558,0.563621654047796942848675644731319380005834802,-3.04023226953044554493215720582701451392990660,-3.04056198010486299068375084377593081807264201,0.0478237801971021922619306395765574074673946476,0.000544230531094987703397199167043175279328626469,-1.77498342833863435552766912037278376446668948
1549,5.61917923140988323553568988049055391756467658,277.738648649863948255595691296275755959144586,0.0114877852186575781888600484352567533619656562,0.563562329311806120616607830233619674016892501,-3.04022107423769983742916876778801020370264561,-3.04055060165853162870812562948871354087658543,0.0478243156013187030687482213191688664190815370,0.000543889507337736075725058954870479691288808579,-1.77499991098216893747960328318141266287997679
1550,5.61972710501345024712863778343480229195414745,277.889707786646771335301686740291269276254790,0.0114814048294091033746489284403344824205784663,0.563503055270410591263369926786146217809035894,-3.04020989111319131080841808648323475885474388,-3.04053923559799259107943238286444203143754035,0.0478248504295851276611201866489956543082343002,0.000543548914570198578042101167409038316358084767,-1.77501638163206746056588220655539412758314176
1551,5.62027463332518606747759655295246894309863555,278.040754435684432847795077299493777332990184,0.0114750320359450724258950022553391301227114070,0.563443831846136982729172647298277231366871523,-3.04019872013601624505801351998005112632957192,-3.04052788190194525137925084942506555750141230,0.0478253846828817376252744228465330758147905316,0.000543208751972768569304123123893493585659510279,-1.77503284030443439901339626037903836400826329
1552,5.62082181678379072509232724887185831269144629,278.191788606899008005293111207623194095857752,0.0114686668243654711284988518635402381564472764,0.563384658961681788644577022153786379133791451,-3.04018756128532009801401968015310003641532827,-3.04051654054913913825139531181530925124378067,0.0478259183621865180033510970279183720614419740,0.000542869018727920749820824886005385740565386733,-1.77504928701534273334067933320425661414948913
1553,5.62136865582712580418226405050290657473847177,278.342810310198200433150849153352103496685703,0.0114623091808046259157547638477658242001712379,0.563325536539910883864308100001962892777280237,-3.04017641454029735837459553287439144759337766,-3.04050521151837378538669636789461046304103200,0.0478264514684751740732145130570997641102750134,0.000542529714020204549250219509788031416962500317,-1.77506572178083403116285838353086562741249258
1554,5.62191515089221658402562485750013002922037586,278.493819555475372305134518065951332983708305,0.0114559590914310970233828749513063365286819616,0.563266464503859041700713877087177296104465218,-3.04016527988019139924707736152285925320839009,-3.04049389478849858205205056973710163374010752,0.0478269840027211381038670923877101164498583023,0.000542190837036237539808818275184033391246557372,-1.77508214461691852774024585886586182848402310
1555,5.62246130241525417151078539586941969671474507,278.644816352609574396050176961948822609625492,0.0114496165424475720454347237265463924574302656,0.563207442776729452849795478191995306723432986,-3.04015415728429433222573464555127491033333382,-3.04048259033841262416141643521709525024246418,0.0478275159658955760865687448978320386210149573,0.000541852386964698874585384033886598910068668585,-1.77509855553957520627154279982744456668583495
1556,5.62300711083159762687607207651025179177024925,278.795800711465576052007534729310946779337982,0.0114432815200907598893115244111366842427281769,0.563148471281893246002768664538912116123014996,-3.04014304673194686199793803872100764658754483,-3.04047129814706456588644672503071715752256827,0.0478280473589673944417643932149025645649716302,0.000541514362996322750846616438604855215685359620,-1.77511495456475187793261621411303991219202701
1557,5.62355257657577608267401195735335015059109847,278.946772641893895078597632515457882675333314,0.0114369540106312851281433386146503863348904830,0.563089549942889010136150610214891048585435491,-3.04013194820253814147648970284437002937822003,-3.04046001819345247180445819613165427032604796,0.0478285781829032467019219142265707237049054234,0.000541176764323891898223700175092135712869393429,-1.77513134170836526166181009372007885405997662
1558,5.62409770008149085598596186083668439701790398,279.097732153730827547261981437753657035042072,0.0114306340003735827487861296004001959272864358,0.563030678683422318473399569988299100331626289,-3.04012086167550562745587726284076096763826809,-3.04044875045662366958145129802980852719017540,0.0478291084386675401703822644194310839507605562,0.000540839590142231091669211433117022306340521255,-1.77514771698630106369274525827715473271182814
1559,5.62464248178161755391292299273044454410247481,279.248679256798477520129629622053728302826836,0.0114243214756557932937024432244190037861305443,0.562971857427365254111168558909005555185071861,-3.04010978713033493679022359799448513434448070,-3.04043749491567460318790347160270518978345929,0.0478296381272224425563230613643662275137906702,0.000540502839648200689074438744567075152739933004,-1.77516408041441405683555903759547758694271460
1560,5.62518692210820817236823229276670947273148380,279.399613960904786693597521068681055796845062,0.0114180164228496583950001692613220883819727238,0.562913086098755937303267478941188126824166939,-3.04009872454655970309071557287438757198207848,-3.04042625154975068664507084138488196367869185,0.0478301672495278885859364020580105728404551910,0.000540166512040690193437732006518124187018450912,-1.77518043200852815950753165747102130800023062
1561,5.62573102149249318819770721876606312236291785,279.550536275843563960928402518233254225883081,0.0114117188283604166989124972174790650103174815,0.562854364621798054395461261189040582889295917,-3.04008767390376143394030563981114098235646340,-3.04041502033804615829954416211166437068868937,0.0478306958065415865899212099179795290381845937,0.000539830606520611839475048014688453944972739520,-1.77519677178443651451404206424189202589339760
1562,5.62627478036488364465270672061712491893318992,279.701446211394514894139433314460229180096212,0.0114054286786267001790107921160680277149253285,0.562795692920860388404264545144846582921163795,-3.04007663518156936862349101349747288775846150,-3.04040380125980393562381588897959706017514233,0.0478312237992190250673899159984864675135399188,0.000539495122290894204564412178396240389213600813,-1.77521309975790156758079181551940270147056496
1563,5.62681819915497323024145779521299222736558914,279.852343777323271145453557210818073636999961,0.0113991459601204308364506784444482628950068901,0.562737070920476351232926189916065407932298403,-3.04006560835966033636898582754761716632631852,-3.04039259429431547054062618902266056488378104,0.0478317512285134792262887964264016502899227371,0.000539160058556475843916564291978668466262774402,-1.77522941594465514563823157675198521294651318
1564,5.62736127829154035098388422495936031205057262,280.003228983381419768584604114087181701635602,0.0113928706593467177855601347880211941887040437,0.562678498545343517517829507665049253112685442,-3.04005459341775861510311233309011947684909307,-3.04038139942092060526886659856501330412590334,0.0478322780953760175004308071394089005843545796,0.000538825414524298949864601319501230248131837999,-1.77524572036039853485912069573596446261742584
1565,5.62790401820255019609506188744213396653208016,280.154101839306532460126003875687414254255743,0.0113866027628437547230868679403813413710183454,0.562619975720323160098566527606310317936933709,-3.04004359033563579071174779103564077509970349,-3.04037021661900742868883085926857796369031853,0.0478328044007555080432392787215140614994040921,0.000538491189403303035165972129236279301238500953,-1.77526201302080255845014627974460313026534626
1566,5.62844641931515679712231337899819810728603980,280.304962354822194721311913402237293748493046,0.0113803422571827177794306537790154708170088019,0.562561502370439787104976840929113446134905508,-3.04003259909311061680867424291894975431994859,-3.04035904586801213322461323321604073820195048,0.0478333301455986251983003584606897642698733201,0.000538157382404418640210718011434097335958414304,-1.77527829394150765419852417249562680850584779
1567,5.62898848205570508056084361701302798060202256,280.455810539638034940418482534852778273017912,0.0113740891289676637501947032289260342403018673,0.562503078420880680654473644017577581123720260,-3.04002161967004887500818882051979440919748663,-3.04034788714741887224146530612295342537177512,0.0478338553308498559468216136829474948731777222,0.000537823992740561064030388646824253045846246828,-1.77529456313812395177450022060726116787049038
1568,5.62953020684973291397270757153503574465913736,280.606646403449753396071913315186899246666788,0.0113678433648354287063984355010992788693025479,0.562444703796995437153011490389227860246176747,-3.04001065204636323569984267217629242652218254,-3.04033674043675961795593293752034376413955618,0.0478343799574515063320937399307615621968798223,0.000537491019626624119002595983411311941910721491,-1.77531082062623134979066623139393244495005570
1569,5.63007159412197314563379132303155396462189734,280.757469955939151181728901388953706773406531,0.0113616049514555269817023177844171369640472502,0.562386378424295509193081981921713763096195814,-3.03999969620201311932318694416997169589975037,-3.04032560571561401985660560795280846307063992,0.0478349040263437078610518496357880761185449091,0.000537158462279473909146698244674099705015569389,-1.77532706642137959261900105571614550261553978
1570,5.63061264429635563773337824661813195660281767,280.908281206774159051593987368493324114303005,0.0113553738755300505350036609820919745303964467,0.562328102228453749042155178234776791013731862,-3.03998875211700455814041455913433020359562679,-3.04031448296360926363332094625530204616957329,0.0478354275384644238830323515705889881810150137,0.000536826319917942631906633052315555084797396495,-1.77534330053908834696654328101626974920460687
1571,5.63115335779600929315076328069460873316222953,281.059080165608866188237289958808731466964351,0.0113491501237935686867704452086254282183305298,0.562269875135303953715015880582060654573568801,-3.03997781977139005850479678046710321168756109,-3.04030337216041993061267769516113322060326903,0.0478359504947494559458209685360552064090399654,0.000536494591762822403317442420182280478562792494,-1.77535952299484727821059809053530186953993636
1572,5.63169373504326407583326994646158303424879779,281.209866842083548892175041520581924046953791,0.0113429336830130282274883868902871941499928812,0.562211697070840411623475154319574054068213004,-3.03996689914526846362282374255630673102179715,-3.04029227328576785769772079120802143893377495,0.0478364728961324501290869804349966001161466153,0.000536163277036859106452553181689482080344547353,-1.77537573380411612649437693490806054548661018
1573,5.63223377645965302479991704113275870238153878,281.360641245824699193674300473252543675446348,0.0113367245399876538966045517288115726529634472,0.562153567961217450796968492982177484853494652,-3.03995599021878481680796826160521654641795710,-3.04028118631942199780967259550004219065654280,0.0478369947435449033552983220826066814430062523,0.000535832374964746263049394269728076390900963270,-1.77539193298232478258396477176927808559027053
1574,5.63277348246591426179487472868537124042676027,281.511403386445053387042173505762673104584867,0.0113305226815488492303588647800731592513586602,0.562095487732748988667582898237129023236173091,-3.03994509297213022522400232130307023271929627,-3.04027011124119828082959461570012046882791321,0.0478375160379161696782117097959949400494578876,0.000535501884773118928211447194147015935955679723,-1.77540812054487336348750575756490980161468386
1575,5.63331285348199299261474309460536622013039961,281.662153273543620487658843936634409281785739,0.0113243280945600977769028707506170533761202306,0.562037456311908083413085854508419438209341319,-3.03993420738554172411580565187547370086811885,-3.04025904803095947503787430701728312443399584,0.0478380367801734665490315179725912459517000913,0.000535171805690547608085338075917720814057771590,-1.77542429650713228783749442334654913036370416
1576,5.63385188992704350213358011220863151882423074,281.812890916705710612012670723398810214019078,0.0113181407659168646771130546068212543668105180,0.561979473625326486851559715884505709814923236,-3.03992333343930214152561579049799798480063541,-3.04024799666861504904944173125968026425279446,0.0478385569712418810603306764959466837994713216,0.000534842136947532200412088717293905349543518292,-1.77544046088444235103705553282761811025872846
1577,5.63439059221943114304950038469623829974300158,281.963616325502963280994595538931093737535642,0.0113119606825464986095139450039612709540593999,0.561921539599794198881275397035537029318038051,-3.03991247111373996349267892600274335464714580,-3.04023695713412103424263098859064102287524409,0.0478390766120443761678264118823663903031866611,0.000534512877776495957852150431847676566108831833,-1.77545661369211480017109200629413600100984980
1578,5.63492896077673431837656097609146645311895605,282.114329509493375646708072984010380856834986,0.0113057878314081340977340911534094726419432746,0.561863654162259023459469470268002202542202268,-3.03990162038922919973427069158295321959975210,-3.04022592940747988767961141679064432135698418,0.0478395957035017968901032095880949396362671010,0.000534184027411779473984347745234726375545409998,-1.77547275494543140868317649798712040473336021
1579,5.63546699601574645770554612258968238735063976,282.265030478221330643049721366602258347634557,0.0112996221994925941789258278316072002032066106,0.561805817239826126113718818522025203083270951,-3.03989078124618924980606587613507268635507425,-3.04021491346874035551632357793067875598747424,0.0478401142465328764863749318197150887706066293,0.000533855585089634691879359624836416828213842320,-1.77548888465964455081905843720543756476660870
1580,5.63600469835247798725715862062822857881120400,282.415719241217625060314878524294079859810716,0.0112934637738222934315875235683760137926515667,0.561748028759757592979636880049827555192531783,-3.03987995366508476973984577829874173027657119,-3.04020390929799733689986502273738626284023531,0.0478406322420542426123775845153960862088931453,0.000533527550048218935148863621839680443541503231,-1.77550500284997727583765458451520533154345055
1581,5.63654206820215829375102221617059580427330033,282.566395807999497544081238872476037774435978,0.0112873125414511413612347439067867969665861923,0.561690288649471991358645245677159477772018235,-3.03986913762642553915654162748866531305894236,-3.04019291687539174835128073891072765692044631,0.0478411496909804234544837888771156769005374209,0.000533199921527588961371963230519406087418475618,-1.77552110953162338199038741399329461809284501
1582,5.63707910597923768211379636833426301067759535,282.717060188070656518622744202879196658395469,0.0112811684894644461423744552725181392315831030,0.561632596836543931789603934910287283933017601,-3.03985833311076632885262214358150213237039818,-3.04018193618111038863172305157153433172461452,0.0478416665942238538421295769195546875432436610,0.000532872698769695037801010904033124886933489135,-1.77553720471974749026973191027731723987319962
1583,5.63761581209738932704960232663032089791507465,282.867712390921308035104901710721298236821932,0.0112750316049788187152440456958941007334425623,0.561574953248703631628113083670484500596521471,-3.03984754009870676885784290174708082978728516,-3.04017096719538580408995555219785932512047553,0.0478421829526948813386436969456950984709214925,0.000532545881018375039249428531354323440090037811,-1.77555328842948511792782766524258320332691974
1584,5.63815218696951121849585754179946129689518063,283.018352426028183544811708269880553444219495,0.0112689018751420772357845466612447913860788639,0.561517357813836480127328025070588693921121065,-3.03983675857089121696238471151545525567045316,-3.04016000989849615448918538718194910884604525,0.0478426987673017723105691836480077125984058601,0.000532219467519348568064613793368676322584162615,-1.77556936067594275176600947327831724777321402
1585,5.63868823100772810098751402261560846993309267,283.168980302854567597653370080266146487306825,0.0112627792871331518773250059807066239753245561,0.561459810459982605014158836342389825416476631,-3.03982598850800862771141770986647944133389667,-3.04014906427076507931121793882817399172446597,0.0478432140389507179755665186533545978461981128,0.000531893457520211096089504694827999238362541806,-1.77558542147419792119610595629200234714314517
1586,5.63922394462339340695259535219613215291302227,283.319596030850325466203021456071183687537568,0.0112566638281619899824624850660884669554229717,0.561402311115336440554754360721444713899705801,-3.03981522989079242186513730723152736509022833,-3.04013813029256156453593758053845776735784064,0.0478437287685458404289872807653091642676670228,0.000531567850270428128516855729872772136603285047,-1.77560147083929927107435209963372368292107679
1587,5.63975932822709118396182668443507962092219007,283.470199619451930695509665684207891427085763,0.0112505554854694615636296355641949573839248880,0.561344859708246297103199493733148099426559701,-3.03980448270002035632232751312040550936049338,-3.04012720794429980989412778441555858545174479,0.0478442429569891986492067608955611911423592198,0.000531242645021329389540757599151448441313676489,-1.77561750878626663430875794800407025960333676
1588,5.64029438222863801595505215131005692943571931,283.620791078082492578933584535402837987900060,0.0112444542463272651508492502874559469902628631,0.561287456167213932127383149830108298824420544,-3.03979374691651439450551650494102006954782432,-3.04011629720643909659165340387375572600227389,0.0478447566051807944818035947025662070966190338,0.000530917841026103029710408173022896211225187172,-1.77563353533009110424077209599235210064027678
1589,5.64082910703708493846703472216901285987429128,283.771370416151783560249491132776034364292735,0.0112383600980378339851825819705290159740617565,0.561230100420894122706022798629486169612582179,-3.03978302252114057720579858977350264079284236,-3.04010539805948365550303744639674974092995301,0.0478452697140185786026740462568512527470387315,0.000530593437539789854891615504651187834367496884,-1.77564955048573510680207501109003350398738878
1590,5.64136350306071934787513466386271841573312714,283.921937643056266562261733450982658023135812,0.0112322730279342425563855808706315079727348863,0.561172792398094239490859781007253740818821860,-3.03977230949480889388540594470074525602681869,-3.04009451048398253583247409263743654289678752,0.0478457822843984564601681586147264972418347348,0.000530269433819277576741984155598942727291786672,-1.77566555426813247244733364774137338041595781
1591,5.64189757070706690469126435295230354495114113,284.072492768179122242174892710036146151790408,0.0112261930233801134832945188588877295537005710,0.561115532027773822128067784935533533215315413,-3.03976160781847315443612270708807962918702057,-3.04008363446052947424032910792512661970758495,0.0478462943172142941963345719919894229681096824,0.000529945829123295084606203921292162550800749704,-1.77568154669218850786374524913388620545968039
1592,5.64243131038289343092041928540643153288801563,284.223035800890276173962162318767557207655182,0.0112201200717695247354697436743837013106891350,0.561058319239044156132944880104481869030223104,-3.03975091747313086139164312224855801477731511,-3.04007276996976276443318813124212797397068114,0.0478468058133579245473603972730503729829169236,0.000529622622712406738738325250848714409616105236,-1.77569752777278006745819468890054947982498193
1593,5.64296472249420680150798771244456712944395709,284.373566750546425957972938790653299435112734,0.0112140541605269171946335426826266555950310846,0.561001153961167851211987379950784146256868558,-3.03974023843982308259198454252734046831618717,-3.04006191699236512721552261516071231125218488,0.0478473167737191527232921218553496078491879210,0.000529299813849006684758368261504994385544702676,-1.77571349752475562462284617760941386379156918
1594,5.64349780744625882989794440073360086980153730,284.524085626491068258020106176739469169235821,0.0112079952771070025544452910447252413852175033,0.560944036123558421026471520613999466918250837,-3.03972957069963432429807510928745100209325191,-3.04005107550906358100105242839860748128776735,0.0478478271991857622671231163006598273751400803,0.000528977401797313189251072268400303675345349963,-1.77572945596293534277998664876071479029348658
1595,5.64403056564354714772393756827425158854625382,284.674592438054525766186550014016168896562821,0.0112019434089946715571642149101630484661719818,0.560886965655779864391696519447089084644550751,-3.03971891423369240475464493787603254855942803,-3.04004024550062931278189332085954156350149094,0.0478483370906435208933329039306456710196673429,0.000528655385823362996415050201835165851642028666,-1.77574540310211114620693464590359652179155466
1596,5.64456299748981707865518208130763493445364567,284.825087194553974095589495550390615032444093,0.0111958985437049025657572163401771157207677134,0.560829942487546247906070001899994062961498203,-3.03970826902316832819955856568963544670155380,-3.04002942694787754955358658957622371816684585,0.0478488464489761863059629513507417815941078099,0.000528333765195005705671067182247713176926068448,-1.77576133895704679064182505633155744794875711
1597,5.64509510338806350641897650973452484116988447,284.975569905293468601340328057045374368635684,0.0111898606687826704700162833944520925885175814,0.560772966548721290004244065750784114725851739,-3.03969763504927615931773531523148667798191168,-3.04001861983166743019411737316569920797540462,0.0478493552750655119963133359009592014479145110,0.000528012539181898170138614883882128614301727839,-1.77577726354247793367107657752568040478693642
1598,5.64562688374053273702156662619031248921954943,285.126040579563971129936620353249069778636290,0.0111838297718028559252570464134226149297961902,0.560716037769317946428537386647601258944569805,-3.03968701229327289813781306785363449412329516,-3.04000782413290187779503704253848737891172427,0.0478498635697912530203442462016679800709981547,0.000527691707055498915890403157177762797933292802,-1.77579317687311220489934535999614710049030086
1599,5.64615833894872435518898339439433135281972797,285.276499226643376697322164225541528202026930,0.0111778058403701549221770402426218091972873103,0.560659156079497997112905759610557434420718590,-3.03967640073645835536971973999094358360521202,-3.03999703983252747244281414696855420951799749,0.0478503713340311717558658742738493062997228523,0.000527371268089062581894837712902627469383709700,-1.77580907896362927590276484433452260073103125
1600,5.64668946941339307504938942304648425466896073,285.426945855796540095849878200701712776691298,0.0111717888621189886864591922132730130208314569,0.560602321409571634473750318384413976631227394,-3.03966580036017502818132550240881269345398968,-3.03998626691153432444854731752427775382369739,0.0478508785686610436395998621539656065085284009,NaN,NaN
