# Computed from the proved formula; not an official OEIS b-file.
0 1
1 1
2 1
3 3
4 6
5 18
6 47
7 139
8 405
9 1225
10 3740
11 11602
12 36357
13 115049
14 366969
15 1178791
16 3809802
17 12380078
18 40423803
19 132564051
20 436417933
21 1441809621
22 4778632088
23 15884348886
24 52941973417
25 176889898401
26 592374142673
27 1987954027307
28 6684494576974
29 22517715819578
30 75983791423879
31 256809375665355
32 869262494471781
33 2946469358743265
34 10000645973989812
35 33985728711070154
36 115631861349194285
37 393861251950864425
38 1342976429390893961
39 4583839975096719311
40 15660467184801255954
41 53551798035278670198
42 183281562663673184787
43 627800245387204413811
44 2152117343810763136669
45 7383070911392746684845
46 25346652076255324710832
47 87076985393333408289646
48 299345654160414064229073
49 1029716450268798360981121
50 3544267516076863492473633
51 12206443925547966254777043
52 42062580770559480828078230
53 145023230697603378174430498
54 500271158484546420642091231
55 1726598591605080406668583883
56 5961939441447936993365432501
57 20596178282362570455888389113
58 71183879095809145098829359180
59 246130798876563744588916652802
60 851399283752203696694772963029
61 2946304461882591332057292743721
62 10199838473510862792828082053401
63 35324405983755203287853011083383
64 122381894374201931399811308630298
65 424145899372915339286083088798462
66 1470498077860817724823553794105259
67 5099883292555256156027060123392851
68 17692870581574968501475741156642605
69 61400871546659584432747568749313157
70 213149836422334872739046494824858184
71 740160546837437426051460968100025030
72 2570950438531349437975659699918750585
73 8932743304701764806394380708507297441
74 31045313734316006978163653700319199473
75 107925509358145172919598312205369178363
76 375289096935854245002661967106297635806
77 1305324905953545106685271282818311160010
78 4541290695167341775358721008959650724919
79 15803207880186652013950993803255880642955
80 55006479330599150744745390798821378841733
81 191506077606985021002328181133071416298001
82 666881934328326239081641326895411671560292
83 2322793885280372040063667174411455831976698
84 8092178614237600686723873382299793229073917
85 28197533755284361293126880375350460982698345
86 98275567374130208288358920569253263345778217
87 342583724819480935134181964860312760359987359
88 1194462883947280762672091853163186575066947874
89 4165445486626877557597585155609170007189180998
90 14528851228015228842841801740907518395761784899
91 50685104493359857988506519818888316243188491763
92 176850765441388767285333230718031657348899953469
93 617176534312878804329447066321546582987604786013
94 2154200485406801588983088237502201749122468178272
95 7520306226760620662243805799913841797306794683870
96 26257665502859439959415208110112407510486125759393
97 91695159989592286167532850510052339005144582224385
98 320261702654171330776338793329200281851670503771201
99 1118743489529476390742286094556468970965961839329187
100 3908603483077029299249403795038863601123127529378086
101 13657681883694078571036764615008057380758060236358962
102 47730435504106257618543397625833509693046145361990031
103 166830559089956734983322067723791555104949255742472715
104 583198543765552520861099484988980038301634746223048149
105 2038997630809194592390508652225396139499978145748748073
106 7129767302016659927997096158796909806023496066959271932
107 24933959280264840150504172659502566019117680218397066162
108 87209406876636608023220138306843072898554768414404577701
109 305063737634601042842946437732989590067119192504791067625
110 1067264359461121534626847375183856118574611925330550646457
111 3734277755649853494189348050085092842172385924294055920199
112 13067528960941170315455420911525369463356605107988062667818
113 45733205666552167620278228243243190496978981245646465529166
114 160073793680939294234847791768212898924821338381442928810459
115 560348709061739324285031942160289443293320495412042165400915
116 1961756975516883519167852791173663308053697323994508062185165
117 6868784574987004250710611624756254633615995732182005142701109
118 24052578274871207044502568924747976188774320971462598145594104
119 84234429388646101686938487239352269557760490713201088676120246
120 295027929021308069226767718369331700331434304281992123928780105
121 1033430709935353847340360192071970434231954498086453166859662497
122 3620292020014418671567400909346613524767675733926228935015342353
123 12683792710520864196697963670568377631068444889881835626491496651
124 44442375465438511442787085245559235647228886521178205046801551982
125 155735387341974064111096469651838015516244994217777692272135571546
126 545781236716447406715169396854203285965016577027035114450149760743
127 1912892200893960687463165239180059539487583572117256656225916256587
128 6705055237619910740885399242682257663035578189049141153809869174949
129 23504638317120004805845261905995709077057038721605939452522801643841
130 82403096212022216287952221530447922815828602407424466602194460345620
131 288916031901845138545982669103206664511267432107573131902344834697002
132 1013065041675291783301400438418534606622751687061207149261897719911373
133 3552548609654528777030170646107799767952026392517380757398371863752617
134 12458885351671337313172064258458176718232381899071673602401955171899081
135 43697266527125402635544474338179109498594196137597191379167837761027951
136 153272677866342367867281978371006685015979424538055667524876552174795826
137 537662933072017647514548809877854481898985505139692508819640079521311254
138 1886209035885979750629124089368978521779896011229077804500707954295149171
139 6617644353528988278875023312635282490641069256786226818894444331403867507
140 23219369410841048650842258294656828330514421385298005909184154669630608861
141 81476120236950433157616187121235562741919876598385825771763488081205419277
142 285918803988178086391849229250127289127797559126616323061615661682184418576
143 1003430047732731697943564734375180832412493684683608628400923251960754937678
144 3521786679287948597750413737953477923972558127916218700759994535832659591793
145 12361469951630243000937660864746138111572578739375813672661428736921727574657
146 43391822277619023330112083633002931678383535084954365941596503281930694949729
147 152326668547953169755156065334285254625919720924225888332389007381186870068851
148 534778419510712702501670940982186867093211547368690755861449566462116683631030
149 1877592218849546468679829827261415798596029764284026200671381237370767622969410
150 6592615718637360187789021896921994943916380571229472083658114584770298896200255
151 23149570778977582083610647374225637232537417422047092166830015682613080602917707
152 81293616436912940301161049575181504907423172870051748471737188907352493483129077
153 285494597732954103705135757755881916318653365966903890979784750035723213201022553
154 1002690574524398918756928818143157590558326277223045029952871000032931105531608492
155 3521787939180598919892597463532128780866975898721761232815621629258395755875145570
156 12370474372802813167617694597826192939891362029373843194456873955738606722375267957
157 43454629026937445042580698002156799568578773156783316274628796604114191803642542249
158 152655320210820598091787683653491547453993071623044198503831402038041683678068247129
159 536307312063101385412591711253759497966537187197044419701500872547108185260430995991
160 1884260936122071866236534931645799443205630940121427631788359353813696210006028397370
161 6620542937359791803335429397725138351448838962932988605111020911462378234282267786910
162 23263287760598190448808557026948405939869346192570734762526771005010082257025639772171
163 81747258696274242673034297141596125292425711344341287544848570370055717849997330985555
164 287276183229274611229276037461426508528140601720580072081415039501016818441626717498477
165 1009601694101390485645869767607898206473841852172607472458901393163420160109053697084389
166 3548332054122187866562696739945290538508091822420866282852982339929823292746032991356328
167 12471591853557834065473031242933630687787328349184383539968172008143062908409497780771238
168 43837188940172475902274854671878986339104993363067613944885764602435020000849980439840025
169 154094239311175255781972931388018279360183172559143565932614296407578262385863189103914913
170 541692395266254233870491674854529401445431044472087784585568092663359354695403339516254001
171 1904326622613279514677804850188014959412609507727436851924315021184202040768138559000357531
172 6695025635930942133695522623956141561887308396074713917600820305619195208340969527400978686
173 23538831469533091379638465045830313914656769039409649482728924843965562681055963258501096170
174 82763558173950700648232605933510067036538141798982270037095992297720402958767528545409997207
175 291014588072602868439494959697332800877054952273924382050783827509677536235505914793783630859
176 1023320033199473725644534416235175937492501907204439771474575292442271944070121963704566123205
177 3598562617299011937546568434935920923444946903692178489596094497477622541546980826889724265585
178 12655149768374207142084058694701433844878737183092263731113354416902944359394524219387197147076
179 44506754011350502367517823171486041295170188617674765242432094237714382718555095473455305225818
180 156532576486507243178963707644837805862528553031077965645000693622399606090270523878776777096093
181 550558540134157285003306002389169334851289846818996449740773248967786080065523249660300273955561
182 1936520113941839658288461016157385600424274462744918341559661286973152719975972970760793240157545
183 6811771068590346104345249884818812661721995960729438568055068486243341165749676051683149149531199
184 23961686735655416849924671445686539783873881084811700046343436150517329811558798543388125328438082
185 84293450327478642158797255632197986467845559695495182182605539023533168883886569621311669982748902
186 296544021501192936958572504851656333555892192606440076786768530280862908751129561277629568390824099
187 1043285592664153112318328706659480860826515719703280048806042014849243799965031166330704953522853875
188 3670588872404731131421043319805301057364841367395686423054457311635580130047899256272462634965249661
189 12914767089693601996000118641035159278596418276773224693934963749702214521558919466110610980467480253
190 45441799533050139717734502305384813242406903324553505821684909372735055606569090389627581258923506368
191 159897761420603564217911324160929368271709377502912847785024604902242567232221881147254620402187876286
192 562661213278818283969313130241755554212493063280559183871404530000029328173939453754183144509344198465
193 1980017925379805357380058635655880912023870241589099834675346912908793968175225685772691641332749559809
194 6968007891458919092313836821740681676977589588930352667782231422818924052969500322002341127432466280577
195 24522533466234987040566065017428316212977231347062016984974474657354496170617995452603503655618938709827
196 86305615251143823713840130583600650696388769248913010006999835022371783624575864938617490392527305531974
197 303759320207788381433562384764573147936278763639735945394574503844459001167688203673079753011462080624210
198 1069145577668089922814360968479140213709190593085905210394374451750098300814175311765099778763776945890031
199 3763228425909598221789261683272644155180659354473605181961978517740595053201141661984491758148971056918411
200 13246485158663996395275136257825847947754959786036229506570395713162972849609437826217967520684506974192149
201 46629086943622219181325290680274703469100373265944415898807753161823591253283352830389142277957996813343113
202 164145576399004209517279613581231010058497470423340565996775042117741284182103790508261801734235648218569052
203 577852923712800545055590541159529160366444531605921723546432982207202495557960611051386876121482633472869906
204 2034328817360567205317536067560355888070538803758882478709403250977983353636422734179445096770763119632346437
205 7162102609544151027401636427215442127000906081791796192345751800571976248362171857619564091701161691190995561
206 25215949548373232368031192871906648936807873566384623349454620516430013748140540755235387029927750935540837369
207 88782090501562808953840836535243127687364208912451899816142127635917585005252726787709438446057008128694960103
208 312601107444306646837430200572315276029991294737040023120746732339977574834669805741750112684690797600022017610
209 1100704187022253753855269574953372991897376457240374185313570029512470690317378781223644359970363707251584507630
210 3875837347973722234264707464447831741906718593570128096179631303163304095394292087207816897961089935504828781115
211 13648192718587322631823226170063758065467549771700586982714039287364618238986930090093935503827281131171719164499
212 48061717801149199505346458694578339345046470862162600064221793426219299201539321278547585836363991084082011549709
213 169253569014631468227070864266877671266593544700889676064480897299142415722482316900222697025329907951699166643093
214 596060922295370122365123604153514400322650023226931644151827191489066195319475594792448716261837396828190478830168
215 2099218291099468081238050356973878957787586659342613779026517943108192040095439527793164804194515157326138159602582
216 7393303909976177324094500464742129587034205890376540115385539634594161117149370424872487474211763100957895642057449
217 26039545044719871279015443408549588666394969093136669497284375474214742926987681680439092191770817677633414294501281
218 91715338812877616833481840130618653391239962563073228803459552134373766341097551703940168276427929642634072384111441
219 323045861149491846102243815564823713778513695723686798650528338649897503458238732023202104746234671734041731585257067
220 1137888970369811325520504659066799846798996712840692769213701656384473384742036801487474525651249735047231160232724366
221 4008196203406138648260027061554788048954482924705975243955210709197942708211589138880893663476231587238184383392481402
222 14119239803534058479821899413684278234578884860222087521543388759880415608859846982424764689810875469195455862491028551
223 49737825605774712353948972938807317059936301234079525818496332847386311872460804833884450471401787188914402277340520907
224 175216619689913434836591071909708032168803327119419938766930313985471226655668279513591099588380471472583477502088622821
225 617272182443098980649775061822031292378213668265695922209737456890358783473644017005851546118801097773689280325616894881
226 2174657693920798839184176327248613996203735679066247282102703994932857288095544228250242754500120894956776316010539051124
227 7661570192431180557678684333382758987223593955100648858994737129005927976040069146330601413961729115663291147909440620682
228 26993377717179391469359862280999215533228240159132778294364967033761274025335764408850514436105889910874251942815304324461
229 95106267334009151944061880770824506912625330398810101435563734387385639958339889814994900015287848827667302953716813351721
230 335099201113507535294424968323236306860468957156075684154928743152695857428961006323582883443766094657569971025329089958409
231 1180728078037187223855630994108955507977479523759636647246142852655227887109179060306800096727524660974181432430809354059535
232 4160432949989736463516853666910796913596641933897642610393125890690424662910334935385513761096160133147979387422366569518674
233 14660176437260228803812124462081697220702633666601732727050717354699066458813703191761072405265526833545324033579536547260086
234 51659690250260493136613411257922999349460504463192490746387255228206695358817438677919629245397479288384006923690860673348307
235 182043940615406040285003930744154993469749480861404493410913055726826222758050686714067361407698072812437342510711206612004211
236 641523230069946955953027524949363062678349088651910848717781600753880165493613597694212764645095918133510268360232091191903517
237 2260789756130952649388755980073090281298234187430655163399665773082018077655584974587703786354429032159226670128916831039936621
238 7967452790284681666707639833814554903304158620120833235168893723722376796915680426522177526059808584907207861138601451684440688
239 28079557343671200740912318401691671081285451519733898610059232744045926547773248019850271520119801611175703439068230357602666286
240 98962887024540070665935822381736577477717437387371487933327837188973142631928601490491047587543213889310774684992484681801867793
241 348791347281333500590759118172699349899594229841600366455524700989586827499450723528891652998061663160609388245165878236826839681
242 1229334876108076398102790550146838132666368398280702866754201677389355341765976707339522507388229181863140366905700413559367912353
243 4332970827740426747072587609749488663736972706660121420551860804882142788207651315479446396738915540808944525308258772548746899987
244 15272576148041895022291476484472833117442819846984549078385350245052827055633945687213797429245119785155134546658315094333231721174
245 53833140389685752425869901665596575148311680304083917350136697669113453625032982604662417871706139815443412022432529993652426526562
246 189757052290399433578284878524930132384490381253541243584900375806454002038961824945817720705281437996961722421777539348477892203423
247 668893293634142544484624475549398648726949525261480631505071110446586858724384064113525316778153681278402240813883169678190611906251
248 2357905406112479541538080208652813636499039440373077887036873453122161342639007944157563167972018641400649700095455682882687826161973
249 8312017511972257393080546241497165697176584494468013211678072275961222040091455769719065643298601091655721752400262289726659531729081
250 29301980265776600883840664335275320016130247507126187125688178357228305873242852501923980991493342518016812929617585059838878076152588
251 103299414740124888949679571302438623655292696945905210114801846495884019304949103744779560400075978716825164895940503009043676547358658
252 364174083220235300776011732793031751371487686365184284232597694055582047920738327555996204379129879208734398633372465745174629960154645
253 1283897680296235788422093452729460679559308750618137108642913289101403122843910412809671651883054004812407054415409840421110108103008553
254 4526493660308089480835589666554078965310295833624895754406994006728661016469754588434031170806492524743926394260656215980024228430031769
255 15958918726447828580478793982604552195429453857757812436031618466115288598565584882157487373862427725797362594090539003574541229337951159
256 56267157425574194962255184599810844815379440116455889920081976477244661244267562055054674494205976784857194433036654094641845698948969818
257 198388446353482162815020577879676716375198527976557202920489203220668977632138707898300574245791780917677824191617591278460534303822775870
258 699499790842921737469150395481705746050983131253728078198881961171943646057633280022865097571796004545754901352144098002181117659393044587
259 2466428543062197404383920509152527385832859228436885201185845190214594142791734154047394301498395604712319186779424374101374578985169360211
260 8696793289027196931609001455420153161352759720398910017994279519563976164193767689546006516034651783046797391052459120414663602345095463341
261 30666156293627209246906946932133745461009777625317646032769560173631690652424364514250792251360979321786751800532992102471939099213378018117
262 108135690070316315606874494676539506185411326953001037280386053346948080015174954949896011068649112728214066388003108579069965378845476540680
263 381318792516798765508057098075349871952839591128241547762113995547244478135428222615608905567292296875036313346601298298928765601063045110918
264 1344673148106961836911829997851380065289725868254879966438931005335146747584022124119029929023140968961588995655414731260403583869563334803129
265 4741923632797508327026284452389595199194316108838398742715058400012304846971695758313849961030157374367549608129612471068332976021544875158689
266 16722515543728150063171162648559178137022786683073690320953668307396112499148832165760041827959156299580410829705219865332213352655976210023793
267 58973624712021156630259081818500969089624899644694553305082682233542116979544069125766385245629833304263880761553889033103516438553869798695995
268 207980744050679449607155392977008425424507716858395636845806832183641675921001189920360292354517923643122143069564420861934320802645720033930782
269 733495507371708901714071136913674769504291017198417838974632764718693557521668835863861507566496097166568669826374722646791728195762309610557706
270 2586906587398894871032913479419029018954007639136229436879449808254400402746971830815633213118885652618435453140317636947562763003223761729836791
271 9123740557926942945914214568304075502317834452404573483401861919505164605594101618420531690405426831463762647106602072824982455328495084949631627
272 32179103029359640403793691960891689743398234941004719923186087068358464937934091676642346676148877227317192646163511464357923525748452969196294405
273 113496822564108516331854476950413861613727771568801415423964926501293565611607671128371122095031159885999049300978483936853737610606793881030618833
274 400315282675104477825263965042094387424023438286299600009871169776201645924471678020425361723564847979519886979640121650671205382757391134967371556
275 1411982363500307815727839444318346929939804689609005379414907049231964470462485431530620710095754832774670899352493917131315785006456152467139972538
276 4980408277786566805108620628307466066126977025589000242083234248765817414547297221818394008077896820166110145098955822070885309706771152217004929341
277 17567466370015069007953702138515197644050616913581372783688889133992653223657868534528054646526711018072787604664252151336097587790091710518119077993
278 61967184546482366786981922013339258759992316824415102262677508074337418589133347181307065352714719418245586687092824546312704606457907513462573905065
279 218586223615395576203316590457057234645074559787049382105845219738492225680897984043986781057119738165589458720328178846189284964093382815588092299231
280 771067038590080776147917032819473735850817172002884985364352329749605355693413733969982226914441632383525743987027589851711093001958202490859020039522
281 2720005356382267615435009692859745787876525999893369286215667218873040939124199677770284966122509141632026334199485131770509147352412294147220058450822
282 9595234457853451083544155749962921602693222423477495648310908651815337741718893031961793372123007724633053873625934435506156623697065309455419385223427
283 33849290956230625908021721802508149927600998206101359283047943075104420039132688735570262047976024831457517999575036588119281190381529627176251448448499
284 119413012949010585672933925442097636277207201640249688194756915806543700207413799543360756888293085265864875414926192298158016275292197928304202306353597
285 421271205526131994918279853357137250660231408928077846789481729321075831778313382862167434303417397884819271271178628200756724012952757566939385490887197
286 1486208967186815788569993016989951110504645635771643120759845539899114751113315390649867640456291228161763573917804626821618050223254186300379194614494240
287 5243314478499762828429891473940597655636307468003957639098505418961618087445229306920516021939820783079010477185837312762092396443617068685331057076575646
288 18498640270503444817977641902036716343077129804598276226256294658231353738544594826091716613722885779905991947824733732171160758549347938527815362577935073
289 65265177803452634503539558226560761733821302705612979776259885349496661622459422696930802229583924208368295604494706197278620420266136822134918447305542145
290 230266631386969311415420328943100601946776546701317219015140319295440826559950790643917169169940630545314222698102714372721743206058371684413102765787163841
291 812434205738455037143805433756811528349493975906837915117679751538918083029341034539629166554178689623057655697139771660801891048649302215108073708351731427
292 2866507287310673330933062583446382846291019464122597204547325727413894803626214360225596838457577810025267686655643645371627041414682615678526096299560629094
293 10114059532012143743878683299483777120194366489302725975936904590969316552266053813321034968255869973653823413204715936586946497851462057007958128743914050418
294 35686628070316209267173492990395955786808774519491283770966269326646432171652230613358389550920113037392299121506832755161591044414904661723917600922142176335
295 125919510316107624912479183402363059288420739177108143069246658366502875479011543781177960811771014010505186421675874816143680101863721866347013427366928288011
296 444311945295688265811772385440622266098921464491028362751544744950274688760186808404611901974287003458056919877222672105736581831851789031023471113540296730197
297 1567798895944163738806859669943116915936469405663180108732606541574980209237565467704047649611220590588148342821059083555889866502648783321597935210279322975209
298 5532228009685082490897843336390971677804109407116753875337010781414376723701989753155912209802017515749184295374009778835835293258551563075751203849080200045244
299 19521675566496180046660233371041189018527196929811758972583824849499231128897566491025991057444999317404193445056951142268865041889665863047918064022178352198770
300 68887649224182580647060213528814254281986204379860256901581229084438424362474139184471309286170480949660554608487195606885512324238882179397932906540488214001893
301 243093219108781836472146892442902173326576989562458950812788097869131763601663402477999529330200378577417467383631537446726507922284547386875873949679534558575849
302 857850251522963486972255932487505143888376411380401705832995323801160114634859380743330715404953949578053850274333069154889492171395413639376203499827525478377785
303 3027312347467415142876368139448445711100743894689550368040841281110288799722106970234701942573034138204784698507946634405933156379048266788927255963030428062496135
304 10683413693483808240800752020910011595088047870528925879513428284253367992099664840179625742503508061146861497300393646103357096424973530860709509371837636717066346
305 37702476468825298833198482374980790038896375793713991872635403334696564714777709658949105728719949964240314405918327808851354493997057961531755665822345935557452942
306 133056679570551338625867821296771044696070107167105126602353859075329460113030222190720658615379434959705767501166181505421452321885995318251457708256416970607327899
307 469580887264623691934885532510236866875220987744161213909990293051836028028459040155551384436851714840380186768516822962500122076972137123581435072910908828621847379
308 1657261436017933681394338047614265618224247294329468945245360028132934362159420743700582390383179568276049189917711081803181873575555482054436213830278381282626584909
309 5848957617169757400238671034240940277171570784950081275322089803634671720395710894446179647599328646928095038645858404175825674919382483065790426042099317666383938293
310 20642995477651190327893247216428965770911603408033904946291684656715773731157758842789846263151326633602041952849445488241278952475179367325700132543497020879737473464
311 72857406903145653020882205801659062573925652548464388835074448556881311125509370708235728694779971324050261611628306692029338598283989109055959695461098081579945094262
312 257146968601332390876454240068124867290112414858200054665377469822135470069247885382892544086960897063676315294160541853860472322476230024117450822780228171545252868233
313 907602683739632977281182357897481944025905221892434300408205202923501077704467641112227755867403016906381119519666279292141805277372358985667596466251048511649433972385
314 3203441186000695920717835261858849716960369672193758399732703915982940764594816585997534263413396674239637939659507903714966276866802526439915809625062905743078058311057
315 11306919949904692750513960397549285129225692273158129563418106960753149134814859627566859625111152420999331783255032644259345212117162160349280831557987258705871581273099
316 39909695798966158352329418717495746829324354974305483320066349408134383225614599580485876190863165051442509011274715169449382923449486320226231081920735823752795906940078
317 140870161902688900403986376497824607257136945480708630455311831522401232601403759939223702479969913176669526108617462459883147774725450223555360294595801780503974176277658
318 497240008676352738607653254306938876613071671794876270113962037555378517168215945179304590412773029836528509782930620873859573607129035761932388785648397283792699448703399
319 1755171393243892674384522964000839848261343914337654576166189124452080947761419734428892387296699668179814811953030220891339032989861469965611771093984526100116527360306763
320 6195542968619706406981176836711850171486195436740632469674746980704274074538924393932730692677746664766215834145598676536866688323212638358184722631302173777582292233635109
321 21869837188557522022476826828168580743075294399925691690378209610837425790574909430377859770706278754825583924579116887916577418272085987944531144694573433995375187661485569
322 77200128342164492218432104671902279234227993600969462507465615228940476604480392671078205663413248127705039502485444397892411940435353800839114889628483338351235973830411220
323 272518978027825597038966376029294615417278561484349437203710425744514343638686419080770414201800776464130977392008611984482596688997815074632026371224199995119200422978622954
324 962014679820926974054236385924236987614510175562568034160996203901350844116262454637258691674455682570499563592442069482364817028051046575065894870359959482628486969410428685
325 3396040233532919357815730505519895264972402375247304076771239400866552000188571359331933257440302015455524144434834826214449919901514830292654970886717284653017675939294575273
326 11988644893622752079199392196703385821881997318554451801067382286104699731434182583289322769272120365013222148203238134529304886668935372133571690241713395525016229115932460361
327 42322710214588777893327799274218593298800634380429563398972561431350510765101235533539851996501481685223277679189956931605617457095189456582337523266729907646855052969272448687
328 149411116967756055745948159791308530163790913992866742041297959937694279252111800520041033321229987576052605859413322273993149280448622820846029289844655405490274849018902749298
329 527470753740864775098412036108124981937778691365063696795637068420479169652945973677134908079994178665215524690976275815261466815042236666047820388932992171158669733287637081942
330 1862172251281280198149902363489792770883432605822209729223765857019798889524616201578628387162814111979683734656630130860803169627647178804037687486143717322591177497656124810035
331 6574266042145250221768513514145786299249119118256047900952660624572467051515224372152972986913478433467773614607306886321940566952105185336199318860154545901699290329498848506227
332 23210292880160580333865302212654672500140489896658005386879920140254571828841571983698531587862415835919430697597598480466180249456256747700030798508063109451444624325759340358749
333 81944508159543995258930321153809267468761227761318041810815532176160497609072263842230264287737732368868298615072986129714399810738665624680545288448168100735800030857801937269709
334 289310993225712014514803882386852487043367006369547163957620427286779878197740685247186672121983371768992687282089190213338410516228969663035980402265280072920053010277812524140496
335 1021446996742595362536301870575610693378306669716107534692285163303664321776285348564562247459538507298115344528228014598070745239205115104215802247504401392858681867648055453944590
336 3606388562825693727036404027868533274772633017892258020948890043676379980181735926511750392875791413284137515199168365836908719988970824052648994626906098082675855455257715884562865
337 12733123330609203368057106059612248130600798810809169139864105043929806176204730287862525558000271632799238955399841640429988636343195013291117781548887170444468881436890161584481921
338 44957596738146078694105985002796268671076323247785753948719838271071334552962664329904274517449728366199123512475923442181652954743284930441179042651365111438870442299110210617127905
339 158736539726958592796487761822740817047655242157434342396081925555215447382978885016360528997636172275853662546849445827135762873456018547472464607942918751500216463398633009513465267
340 560475169135413703455448324546070444685323944060858308624084189336510751509201750271430055451929184743821423158634968529469383884868658320513096525645142647991163154220440022783560694
341 1978980239002973581703092688328903841566903705931011724161574772005367369034867012462537197930868666938161955589746016971570753986121566825544882680106555646774553590057316455264793218
342 6987665688890381968457166990368311421162156394932144486226107586585558260582654174352754143611538023832819215175955569824572639297733379030925299837930707464036068984710636838305051903
343 24673361845234817581492029681141087189545440669591777809347081025085702360364308762049284059886452753839272596759156650606592487727440755091807128248259919297591136409810159273360371275
344 87122444517707290946112205493067721551293422078455893857912994026797419555588588425133324608657342709491419420384933082550942930225025234518247450126121612195042467153305173309596795253
345 307636074327634433192770069158647192405938310972273120656955826351171923923995158066167726654842449969335296529440716202465347260185538236906386903888983517944316002245169879470394688281
346 1086300353790565717073448534646507604131781338600086789001685933519457105684750322756135720629864526881150061142550674994074934265968660678502528016220307551510505609827972780669664964716
347 3835906402637787203989524280473887748364932474121700415568682617345693596643724543394847352020381920308630329444844140202458343330690126450405993384861940556896004185344398511334334272546
348 13545388690797166822746539537453437540309306628896171212771203454093819397700876784724883912229634620306191573849775677779295487185016092613613548971881765670608590920979505177859703631285
349 47832193846586658404863531682831557000943395261729608748187669055182981968757101545759053905783424973766117740185840053192336107747754080066904112272697616289237516530983200924399348637097
350 168909648052748156836593541591574494759666094171026309009363378803288337206669743091990201916989734935869056105812638314740845542703494964013556045322774000028397918898748631112628362724569
351 596477287177479722496307353285741273420286183213182004175656966436972513774191035485988841615631273209459688327095907786890851028087244044655780817959143778794007986834160048476683668831575
352 2106389264958177998727325632114945706137494650902246265107256148674776107393100143938811256529324085698741022780100652498090833355809304216609895197282725911848996329383570074898829562957690
353 7438555231931464035487039136184819682583073934967523533141293424707049045139213973464104121836065137073767684753211551778450000817828423870734568633752571664225500017955408085773613034744286
354 26269013239102224862465756398636642346088914006266006646134613990083223844569012316179193607327096863508307406490356647550311748739282633049522010817531229060583872974040049725139170813419723
355 92769262812153304935868402343139191032201829098174780296131894539835786612000110477534259701200780327998845279352667589990931339199394932144363899143266804321030064950175799306544002797962323
356 327619392962324617506035323828982880243548147616626954744444291425806159052187709316847688263972931983324154488905516922450631695799397488264301781028117386247042169654601539293481232344026861
357 1157018273048540108141468414475861586930654579167761534696421757930644403334203823203090446174937799680770226477527716198784421330181998745562505273797388816735972076782690773284599728111659685
358 4086165256411899626000951280486268752239820841487644881683934373201955492079429563468622440952532486514368092645540891693002919801193126123921440886453224253448824790316634916820789233090339944
359 14431009066487051474343550605381495474731227420949837981653040752754002447180974047733614101961018129796714378598402506190491133852901183536703460558080812698124891246002742117903729977004071782
360 50966229799213662992123048091249388227608028607093216913175645868697707253527467562882897013156325711101356137864922773755070846048022211233171306818541282810316865434089048778980612171433750617
361 180000339600155293645004326245057868964484563692065493969782605857308745361598810906391040381654645455893704011222448882727390521628846844177940366677488720957260716050148411213535138425387277729
362 635724752076873665518257974934530042832047135036552012401341630247948076790756975202764653150454269484827412342518546712797189317701351271136988173150353761048534317001059500215239516465362750385
363 2245276705073430288942181771810261351258705318785832104111196299304365593734016604383923099645498485178869982784401695152221592352845179372002612407883764736659274423422712281277088856937693357531
364 7930043060795700424906164953452113674128732344882701854597005113253407102538185396749355351259889258483157620961662141411238482412468714847016789144194889842141277881581438478926971887783377543998
365 28008259349848005291756650251055108666950014789150070796975293080365127465288536583734170326455594261493688231300061583127860435114477454323362450629321509284424058291562409255296117262378146777898
366 98923976308632283167882697527239224432169472446351914599689230158604115361786698960335735399315565887640042982298207714630507692595187303990170184808037958286983844012891771736126442444739134403671
367 349399159257239037209460399905480948582459082370268865011991174728161701518469158676328752452290036056681454998653440326872637893501289740851267538948377793854288911502431586275917526195302585791755
368 1234090375979537509036599527264516022498265117638905629871564252032182706091096380107789199384864003794377777112539631188972124418401471071036118801799087566908020818300639892247941828978208696692549
369 4358899623886346896420763597166209033040694630201285105743897964268410067402330510313123479215807843294060078513918167207615028604644214040764988500726508195851539968662961802872911002935816449411377
370 15396128885252526579758663061289238530375565219734522179602740174278626885564670358428503390650237589974019975606424791926342786844752479405889637702278193502882896615855401727371246618254860773875332
371 54381470775310805696964793836666365343826807212361587232975247427173211369401956293078787314036726969943027090346573751925406827286401470670832960420320348723286513502067311419969376356625063688548634
372 192085718338100508300802815746815100850485654176326362458321556129423968355328977783912151196114003576310981245697112889904909573076514773096276936273085811402745397011454194404458334420314524042653405
373 678490691187600138446878573582025662210509050195730556108157937991747302056347772891980964898985732215887855168688602663716856492623054752505423306563230786835247677735147888076075199987630974777086441
374 2396610052189735747009238915147992645703816310754722502321245176424547310080760959151045877979358265374542638898709114602631346298789934865980132583502204223786664427228129444649046303709687944378868713
375 8465556258186493155779395898399269164277346398346400850339118733492788430634956747889295381376279035135371007755051645896515390763348180459279112164023912742723825206441070762271884227079255900527475583
376 29903239538585879620968781784366562390066895295235524890751522067516315356860378088659677345548246664922068423658987771626765970998518498133141657484359300957124599753742203537346337215681849234488993666
377 105629584333433581860649366494346914438104100004330658835267519851632491214876835488159502933087905524553378560502882004288837212746149240898933817915890363573347181935771822766250920567592011551680082470
378 373127681030324161317161617507069663681484735621087356293456573858742705772720833353138972026359731724126212869221539362188772176003962199795689545068669804561954392255809259023143945904983629784227856739
379 1318056145394498803299191627433990888091603559151611137648743445706480519773358206534044187491049438919347125501797810468051461429776346951115317906179818973271259450319263828656253596491313838655992586227
380 4656020361409145762968303568832594419864747496128323556349381055597938054230900464170656807923499256616256965995608058789714922474213410318083899624603396610612198322691693445726598464085726219399344897277
381 16447516353853205525226810420483683969614905255822363683393572266846080765786302113257171209245206026772354322513845304021696542141282518577338854529039537471527496191419169004394290723105647128707494817149
382 58101889338487278345953247588997096450845056265509940944616126578268663257184823763847825586700561599046061977658600799459000644351531106877735640438785564883663249473872932999377913935214147207910686627200
383 205250692686096707976770350765038160708790952931510493713859452649838361425031910960669386799435486752704649836334594622151325625886029178127475582378709586553206230132482847808744742659715803021070763483006
384 725075838541249732318871034736602840108416591958280558707910507315857551364510040928771576720595498298254440680060224815498901598647583822144093248226040484768433388161837435974698483704997260409603252862593
385 2561454454565495557537610143983305433711381166207122288804749867702981520395905052240557972248502704239954596728427882427311432318033172439405135081801138046133239096104692483694503143505229468566132786962433
386 9048867359584038480743451278649624026978584405513118883932395108919093958409673614476545964670236738875401129456407007776396956451780066132543221921664588953444955914440310802489162667850625977344890498760961
387 31967315221989978294145883538133280829916110969755872548603037642139843210871359297430986109330392918236400149438071896623285615814604516143577512425592692130376870748450623724343692387474082883802084128321155
388 112933409388713913972680885538604031278886742112318014787864838574273344608631064662200409019466204420212738077788711453767420035653846772981214587019100596884147914954455160037242393798630415083217586317542534
389 398972560213436388533708773306781397238857730164209135830055137067868167663375178157830718856880226251802834014020737537147419700290440552288992312678096115192459606295165042139214073190672790213615548667370642
390 1409509171295238471612657506689307011143923107452114708115558486849955916735369888503168724806692866974464909658119596683798313127602986564006509216320043584545711045185509658342938541209848471825169888956794287
391 4979629748580735907601725752724102792392323336591302025359527106844087317612356883232144719249106395688837242404732798224823372713708341399061978011749956476303378590614619078440484273514584526183853704916733579
392 17592616920023970876143806362648208501693630328792726305073934575607037761622178247628650725666108682541941866280266628922611783261078988873366370586454168357043154714624625103095007965098242989358918043827462805
393 62153854127267156381309043822355785021848869731759689946703795937222015386105181155019721351396636996030717179051385273550797842973258043990446773246193252560902275501401462977275270331285179579852556781627698761
394 219588648528412299470242469385544923663709526426513914617011068969559287538213393255825499723302933188560672815863477737691370666741310574638173726783378969961054359811662645624591585194343678451245700959792890908
395 775810922545785748177223329397846286517920215538866778312384535811607967715386671309147969375864728049329261286050067905909340459827679035362092070452912889815114743972527750503223561589176917761165590780429045458
396 2740981186444960694787738373866556678458052643748612198460015608880110476424974193224113507027173771328175831091480150236251269803399050054549048592828281433281687990212513123049036666480780477377766203583918107781
397 9684124401828137445045146986611687259019922354995863264138194770714849153090557667802870634286035229822995575046027200121022784386325704547380088858006741783957085912391837391005478470064566333690059669168634520425
398 34215176461828285233344722411733326647412609229688172312865970929093846489084178890854963667777538234707224389155681026527780069190421460605521472920041499470286688626546017480031163857203702647947916491406109941369
399 120887475233574659828849771198867082642609512882502313824324993932137373901510830819574237437828057156680411756696070236160563970912785009627210533756091921267508083755853852740636467738384378286544862176010900431655
400 427118033874007806405502666562441599737670780632668113463515275437784299816135190255464686309179657872085317156031261757525023902671002927228640976508906214681308300751935734447539641844756077746154108439807520115338
401 1509101907158175987513060290306772609240576641907164836187362715826023807083414623840623989573590080532625035929733111000727659763379372447801593092092247389837540997182173635807528475934132745676210216516992931120686
402 5332038356946918903145366339969273873541720796532506992006666225993814465772940654260761728832200154061302708662852516569852435602255023552070229042114655139858495489045019795618958416902527350648879787222784899191547
403 18839613096746727924778788948340001470191325197600503251487875826686632804591093581609508657679325320022895810921473104253250304415449585269191515805295546090799037067713353988531761445956270992664547180335600330854483
404 66566342011562219738201361579437374620908051297838016820727570981775822546384331210724831209704075474525194439852509095572976157395007117247688450236808907748513728668991956205235218813374176967062790124504152652974733
405 235202201561739423398029269002339366451911691931515627652008657064033600566316215047802347421345412573782023326515843333614873267479778810596698002014508317717067595321914470600079554716436256785005851588852637546988117
406 831059333856558408510348626035007138185402820727421019682277536310475093557754283013459127231473971599941752043311576647755735907471966912958172141166741878054316770408833398674825650440193274320641988824351178073051416
407 2936477108154266993881464436797959342198580774712956826208907383681222192481281187514532560589408831238270366231955283758746929562776294394459614843186144423061871374559385745527457326572265832186407059469271315034290518
408 10375884466838053563386890731799448935908472108351448522804692066759925729742685046074859248010947308529917492366712573789434660513259853836426849390886965719559566855950866973860113629199503653448860570459707891971558953
409 36662960900690876157472642755566567614213521470792724597850467712288921953186680746524174816026771989360174566459707361747581866831972524026904695167747895737790072017392944958284816073774292227852460523101888553893763489
410 129548928579930189828134514177535842175750833731359499412849553896525395662905192690962513733055891134363576943796083681744658790970087044393199367210480975921764381591259390242407427932381162182815513571025878028779933649
411 457766469323495099506900531195473587115900039232085154496150081212847959967814898059700999593304369625725949636206079422956700505025169090207411413582608163094855521257368464452052681076923442527443088065005902607148339627
412 1617550970629314970385549522617197420164594850455922776902300041473152424753601367947402568992155767856113870671025727369716616554043296460715550485422599996467070796325675381988389976023155033188423125391468511276348690894
413 5715783842306572349198636596386691525953598026782993417866676078513235243530707768386789352836005276391493335809893291812703581737410788579815007445743366212690861273728795053773730039031626762367777094026908895421466563770
414 20197491083841263320648834193410542039929669552528766029725283138609609843817528604744550746246389644792972953810632834495646935251391257228796675465307905531532348161162600571205159201356418859166165007346123689793470936839
415 71371174269808159905112155831258501145007438409531979495333442671115150706727730147579335931894585175599214887355055840368352362188452510211294607216515951450155093615517462123676446876964326341261205011979820541515288635083
416 252204034533419221439098279249890295668658364327892839209253613395934162611106871527803349047335205250834554718133914378281741143675531916677090342654754178357429620011678659122515902104529484336220888080230591262297137196901
417 891220093274152627701489248199320132249715466867165047493463226297269703801694967647181058226232598770765582620801661916755562038168871669312432083087925695993492467142914850942786910383968190760600923597613378613171162814561
418 3149355186638304300426590479733957822298124338792677581696634042839521264011136057770753721910276460934199631714979496245561471269538932915436164790300596080384031190048481594880329323712915994626513047990159520561982512355124
419 11129150973661630110756235117440073961011807808081015924297454530849708207653575362177046816118432249867008852567243468524286622340714026754507823238067391712281775153302978473333967643029971624334564469723091444114277452361546
420 39328385947639636480221842207071697568890992339978450655242416626164759234575697863261867561543805315397091899048084818519931433769851282392698574453973196440152300779640911925117791704196791222321611703542524085727946236670125
421 138980507627904080543133214735197824638009704948918599793051920635127037232934065043226943681220526554865800586446393741826459637321057894724899281781753141690099201922322209599908697051292084902157456891869333240579555127688745
422 491140024816060557846901818509057857640450292711454137741354514208407561124479822815643124361952595009797982528813724553103154512477513903360013363160333448078167237864248739734376942907097057126643898300456532746661993629118601
423 1735643029655063198758896238833780916453250979696439017809903947158560637583251736429191757275211626988927833115298802402972492080608558300461025506959388678581184405054826489777930616351559859686019528387363136240190331357939279
424 6133651806901829130960585497805817155695465426090716979097705788390382198016132009302914779417684328514034414582131879686570098820246873884778012036274681636171515010176272422910579004403369296076591068782133019595371332132919954
425 21676114708244675178813590335218162531483973530804167860350956497027240612468033621470907814891216859836299780101050497284880108535620421564197051801612874831822582913404685372597084202221042806355250511968657519910608230687118326
426 76603278644742846268707765014581368087998933649795327206914921885764989860509784628112987346365250191890774531152514492023460993652945818261349358095228449568641148700590182146242122829476796805300202012575482026129562056667030419
427 270717825989925424555052975389114722853986454447516079097967545823565059549856199886520294250737594509798322527449906511664815915894353517697783392255548952993175016456154236666259534357826531866939225591565242496174651474481332595
428 956731143249022582982038496992236803437197590727319225224148944775867445867276152584780107544276924706627026438318788184890121504607189071202581143872181758618293603026514630510544187044130265632464400582275979325385922864570059677
429 3381166160415055414074825009116612732349705878700826693169831350990842884497238575720713018167133355861105897300377252035542781307901988961318146529680068657111911070687476548091664604089610013677546642541861315337151691752984702765
430 11949415017865843930034730435812910933345570315785209656335340885882389468419832484551905481193310204333387773845284341444037457875272197001171092591516571921296379094086958832973662157505654592452429329263856790658432893984783682864
431 42230895278260247036768300536730283996320504502217107783516900763091104082167647522566139505420303718904365947202729360716307452257616539705118542354594239637039357235285800582448201753974931141075323252151064933172950572773740751598
432 149251061229615486131153036991541406968047549046372835298271680905759938448402021204041654823918937983245155296926349836601774951342449187524370339469861342808765821578124051533278984606598225107426659071120116926377956061221462206801
433 527482489321063156669142698762263648917013266458385985154980066145089977939650587878223430573928837345438002011063890735581883071162025055362853413245985352097376203786570196362160059718428552181849992068048432474331662900510748219009
434 1864241322025548581426820319221694390866735282617840903310581082689854167252063562258171205741975921803024473843536215077700729381972056343334780397306218498041036992956929447622692920840628539371745522116853337738602127959454065865761
435 6588698902172139923188074553802582153807874999825670009538784446774189399420484791425544224254190640641422113254700489405102230866463660145167387789579010741760854798620677497529695726128651441693832257092268572141814661668443158020435
436 23286307290102551398354433051463343094616452129625012763366882370591319342059715148951589701198627914968234839564250868511369878771121225052609903386502794183139448493854435192667922012334701047392005758141275164314502751396259346951446
437 82300979437083805000385100346800367773954466684087023160457134598070242726968779420157024181008897397066311391399744495311557350327689950804805773085910990879021228159481026284268648903514800440054837270931562573933811816742237423550882
438 290879278214019263373382719820038947441560468118895152724578792649776028553416868466152728913697048905024799532313107767792090412742645709184337100710153139422581639344442436976556239002362253266246372748846933803260347531264567874360927
439 1028072990294038673134801540737651433048203622367766722624516689816093184400046172092092221912699796236227900815052469513962664644584897030587329431296519867599847335163297994453429115979848956405133787528429766190995807078943078924913099
440 3633611446005987058374231375661465788733298658047472880106098207225613273160274945391535034361728327782928999495960161489108730302445173912486638938527833840759219332200628228711968162961138443098661910426021748499396381486707726321428917
441 12842701103280518193841621617543035042057593640139048584461919048009519844551296060537222051101059638067430104671587211876867878545267877478784867896018426548018394839141090604632067357464839045074198612629546821071426527999185577214979449
442 45391820875375941658087733914843065046949890525523493253644503992099839166082972995091979828161920313497861595998942717785506435232978123697334761623991635235175006261106131605863219763288952267881988024444028284826682846848316725493681612
443 160436123039298809619808943944880379019662475206383787075823136644080691103515012072892841568412462236862486496127970862223617391640515918915688773034097913295844802490775953008482725189724530793610366553217507513089541702161108489964483714
444 567061316855147078699421240641264957289781463404873955187964365863555113243217312402091548988151771088836438698741440052864251348875175216676726917363292151568238125716290046115859421632759433538904127866098672693673962009030217907141248341
445 2004292863352816516494950426449220309311411821212985602280116268575330181345560852347026861298291428430865312607569160616146133964722261815065674883760546974591159819301500102441124382194362863893417993485311642699270477128884088558623583785
446 7084278367551925906838055394413762469840408813035043309346439274507897779673406791471203565540682303612768105276803960252765831800469865433021339007864236196329680218035619292765907593639857757972887268438529021749928674043367002923323119129
447 25039942129091157111873171981671900037713988254941495088909242294197310328089462556295427561730685195796145472644109385862072232795978535267141202901817467082634324186054901964420128979540869793557749638321521409194189874807491110814599198455
448 88506318103719242458173515498650927255798464973576671966116797836080223713946149759755408592338463903583292440283382158134435373048606228285491811100648706969990176742321350486587705220335618497913089004260314072234890666616765177610083760538
449 312837253111333734856080977329136031834529387614255391371034333442264368075948882433588017328707054383055660014022233556725651939627018423433011751922819474980850699426479740587712552994474793506238450385600887794545786754470874253874958936446
450 1105772729418135803710064244282656882170134944308560108416182574650283176144336888994334609986455751956459014627312983304326058453263112255946179222256296711527771628038610983991535029902699612659615817343157329335288865445929732071160244814123
451 3908557396329490679494033299831877173562669619063611528098770670195067921371456807934613418284628390319874508981126123753354486492231332630289678620739326180020564448431764091568326024452346980444750410907940363232539106325971854086674023481171
452 13815617658417468332639024371011714108168405941708906166092422519321763608761691989219762436203717790869007003257012929344392768043955270544264463082396842246203089973646174497344402070528979735026054496851408171725871315560925582587658398389293
453 48834562003391196701808403539823167391220143382720207502416588711870803783689989277618584797473449468320931672097536738428391690482151257456036326317480761204920671284160727026754601173661431982653175214711005446099464110380405898271474158615045
454 172618545595221004513474951216734023159505616872564147249073239212285276914940899632583105955129972425333868117677810965050986139547035196715613324287207524600876899633666546546592416288024834128047314293027505437031314905147728956734842142670792
455 610169872930583593116160782418710076664845507710801463565838827532183164585795105329241685768808140324600418381959765857249340025849099950592920996316066761852705882675322074864638273446087812776808858017713030690204430228723615916000124952958534
456 2156836405806641854793076421768530512660966130717557527058216106850332896979263702303263218929731446431400357133241796575583802438471649006613666591047297030436332948173996957076081385323498087733180990060238397343699569821869861791378328211757561
457 7624068226530727139044001921709898954126139688396332889308662809279516403384852980791953983711425622877412456275560960775000866580701745710546632269701325461825697744691303180091489816275281466256721591453334150549003189053077757995615731006538401
458 26950042396152171617093796698323862278154755719613418129529560030583242131446200491515365885757430551687492555395262019463565641099624087677781981625411872052271585117586315116756508339141594331137704047165103190653137424127963706993818339654281713
459 95265407147117724185970651757115622175793717664260059939804722991103959572491506304529056115108404201910126784137943756995215664848044802399763126551093386255448219228654484761640972413175783205905773885309876545583633468639103091512830525527256955
460 336755025936152796903543767599625978857864645208488560222529507621357522144899892149475036403262551959716457910397507047048669814238890853307364425107337065933483376972222583418982819691358369489699949552920461268895813816849560305109445841683986526
461 1190408485676927889565196660166251455046059953958375914717736450192016312152708766845696124441392299749769750068286680584367563599658051782017732351890036697554314751001414770033152870821155064946833968146847426255778585994633497799095876756318605642
462 4208051035595335081803168528376222460129334127732352578226106347804714083977005047213554487275756442442557848318816507017747034308449705049985941595793932935443184639052038837659276373287643866506369165677306699546877890128736110955657531959144755639
463 14875412779465344727374260164461073014311264368303272863050280500297357283753559576951196747056252527874285126107877866645307966279039637028675249353809555447608642563384586816923517122287011827769546345616586715374344041694262285916597161852079907723
464 52584782684186736917544496269673506310774936476685869185377624417752395692023349486982155583130914823248809737324555930358298057723975646043942488437764507517974868888817144402859102338536360278249258885433382529174362270794382937966831220671028405637
465 185889199896313841927849230043353127366573052022894013760364360544466563204159053876695954664897790421249390716074038776415739905973340944688842505032164595832753179881127265346903211021788189750107276958151527474422731042448786518221178651980407346065
466 657129912855904768290474783367910504459105624582846035775237365433845658192286050364202747987292486956801411016675926972212590037432079595349897729436713765259241713257758013582194414380093115556971455517650796631376794622745654255279728263812204830180
467 2323011217623930043701927116430748582133092688713739931188199783372308561606572174776906291400605863223903284476010029759304988664140809347938681895908399102641923130677291865935138937313877876875478849964141912447821610719763855041824010140256394813562
468 8212102388354786170885092236521641759443321055486146435279328989268753504995917640626201036749785199073750026611202160323969193088213466601300498726809884575534207952055216939325185203884149496545696255068154709002510284346618500436164828218050689119357
469 29030891311716326127803087700136307232382834349550281614772314949812743558477264212825635179088406102128408361372564343705863950215932839602337741308418898954532467214772386526323634011731153153834320090944301951706599013312025368271959350047242856259433
470 102628820421273777936051998855531068059305539666261963059508374744954645020228869475504675448092754203709825959427110141529819928511379767091863480932900090033557865967456241139615135144382241488006669884427639161043945973647334716637314800203040182389545
471 362811667941931540730878307311463989696934509159117488846054311004459287346252821046830566401111658034138030349468054660198276043659867842358324732105829475619848023760149973981860672923463091616908822486922136303230738487549740944388185359356274591450911
472 1282614312159344251366970445820258093648093903947220089749731557635344381252823505539425144634736106721453463921789582672153027177787803864118443463987630344618480394357659310201156451068362506149634694687400363712789879298485803512316072092803001172412834
473 4534337410154669355633832413585929295623555684273597676586403744633703009546391451770517104810260447833398229826261623042607317424905240220197110813046531826442226107396803737704755198932380790614081529877021280532711672675930258461473712504531620162892998
474 16030035694451350775886807574620499605863408275850439199778997597452273406091965410023584603062224520307231167708112360285720502092684196641180297254535185280870648478298037803737968816129436581567253770196077130520857992390027792472119207190433135350512067
475 56670629428627103225633504428018930472815784887194759569547667618811117282451513072924531144395336742823384889372977948942444406253632565337834145547277658666198289439802988860833190513118572152932492551863284170068468669106000807038606239533485925408716275
476 200347746694064603676345029026328700450161526798778784390639347392979972099637797946470456148222418723685228415744627931633968846036184624907397231840630553332655341087355210687259152224095688327734036880880822298658419622908134625034869770489596066621519933
477 708294313948426719367524098297902056580985349534324742004240474885034615723335250925080286440819117530556867590350336333558598076938145884212046005174782216384154421712525725863399716466694804350827069311948535365287367216473866386428777754758738759819700445
478 2504066761618047062348832707330501746104359134203699032674778823895787465122661966270974953517931738205128252699741403857156840388365023604237033676802654812739876377022478917090047735879054234100288327978222627885418213818777025397198467571753774289351778016
479 8852804932762782762099009083263675939298384732398085215344764239581707238279760129390663489935037510033772067144723628426480428679354396299309249935951265586229244428015115074446829632792149464184115709900966951148855628746985962156420004900030080275019988318
480 31298153594028721776857049439762100358612187241910679418071326705921655625397616155889812746106770142028978075131419494372030760265563204416239272437938852024985760772404111057041062083721793841634635151212040517651728590388388128620887927962032329062347696673
481 110652023341902639389441414967416931257402404575196264048393225668136534698578920110981576974098751824638106575564079352107670287778780016829114259464722671614166302277374057645812777053521442484371849988314433384272060383373253610709463759048490014867694021121
482 391203570323014003269614640588546831378755034888904195270336415703896105297406712549327899425169665913778066822113277281431592702000206373060177948477862113129872263663809931328010442021107708812344949851043330417726095130282162184488252380120042992496437587265
483 1383085588257107603797903617469317044910891457002822333278321553450238906349001336816845668925811764871845498225063349609302566011356707374205436078583940011646384536208017776615425254655621908529861525187919941233251334305577838656421998387475477431182901988899
484 4889878710765914157859375566274892020429637209552080903502923165520905305224041829877071264350473818934302895710216493913779879956954208497173019789720909431597532409151918781428482391462890833350142453689894992437698993017004698407252523098164243912986499405222
485 17288204499745683683093233628647817380587877614166110019968614772718917631145492781322322418967936231900998596238099795974124777444426781145529054234216165393498319252935320052160797779248885602320753788186559633408027798322329485385406711111971906809561276060082
486 61122971177796007424634862640884158254996084981826977251626791738958529310861237355910666608401002660092324165316812017825865657033793753580673204373841559760943119996282297731556101631503830257348355602494573162153075334330547892859597878170452866731364230010639
487 216103486427538290390667993772392720714901027890850900112894046195542069862566129081419743986528521543572531040440969417828658631340068657511724588652708924799695498631431587641194267721943782802693997330314218915728286294747801625507791002039312153847931958984715
488 764050086219307877609296163696599932282672126853386948390233161852260876014120722676673645351704314038759430910371376893054676619969652683111044855396779532069628646606745851246133533474415014506312717469933248063137621050291586541055056681495891608548793263257301
489 2701373359758379979652671925489065712163339291904726177252470166902671156606125151020010345678614976899111103981697609355684597072564675941066422678327377747250094537481957850940257862204580179687618109216969142113495267608001919259762091144458277627275680026538153
490 9551027886423326456993796698122190219555491964446394900339942075688307571724933714582213463918498438157813405645967450779664175835455395276055898681090678789169965541062799947546630392845278096346648182409645594299983330730387056363889190305167110589771638234529148
491 33769009271791903481927234885971157310395524722488778595409988189278931015425689042887072071554910350080567799026382907820971095191961884013126077953378146137029890752041708539816262032378312429298314288352674580898005929747960993019527693294574982952156268891919666
492 119395846879765073853471361504249403099075453922014474193417051522358934811615795219005356731692152846144819677197973016932154133427976747258632771236387438287682394062268993301860405673450824604614410545818744497367609415227903878033915395633402509393318781776365605
493 422146123197507773539726305777234187773703699586166030706542461829536018571961810699824831356449718520213665935091779106756974024364158968963104456527683230199414526959177725896034341720331760429067893809815833019922706743344156030225755207020324015197626806539607529
494 1492584966957358327417239341127267292716725890369216788452879398842426099249377335783277559669128909613490054134072301049750685182729275693339257325890094273714576295120609708363849496510907354377851187832200313907650142368752347936408406656621002237044624028045462457
495 5277375339046092657276295961260040721598399407951359756908125436428264816680334337108546140293611222233707159921637671054752425793846673538404888964324209542111677097323854162128647550441159065513500935691132983313861346007604869619977294743663870074352264093738518727
496 18659480781313457842946408008479827756736676882703823244041209275902581114925364468422279411234766252802275888630184937622014980796568961403396007010568525345614695490608117908281466699386683471502327925298199579305926531001816786738484389896913960578181708646124596394
497 65975663624673140682173997272737868951597180929009725149537531895158460931452207880952523118519240260060612300044647740088809260358885906660094506908041622591156423557561390987792298455676503885920165553582881789448581334325852595373198310756962708961063010982212879310
498 233276295495659053581997207856129097847537451337321363410862612896541980073540559576084228070828377975432949443513084679972786629277774096487810831538474913416498748685175030568053938929070269123584235836097176839325200757641959239305629180724449366890308666174867741531
499 824821688802661736218333182845850068466151875779553367641201835229243535864500619521327235793779052909175456647265541526067161559479051533004833681047142698903222402406196707481332971130187383596226179330552345839123336643893650437658915952323972900744413899067192865107
500 2916433940481420336979908141699308902541985634770611157033971563013176955700275117403939577143901641231066149789114945795297938641891793492157220399383804642716893277696524211696079538780546626904587704290898711275579600805316026928897932893514751286900318088155473513421
501 10312092833675806964145597472317545940222622676928373837891855007532014663435628473169894479170859278915430555032679242670480029248747877577233650987068063818906015660999275642262182332836114634610946669154275120460339911840906689973393166736769864684694057317311754650037
502 36462301075409682679962761502326482946596383351965708035869334861522759870509568636151452757214210443020323220492512335679060695494042225155696051697217861249260726630500201656397414910588000703518090912051622847485135091548887700445532780700922016412986465143722871545976
503 128927009640845888198604183236025856709922949852923393158449789653895904083435141339967223425141887702188492708987347219772518003245853296086785239782942303752924830812493206524569610599945432409533005092496929999104752042837325891187247506627353814747462577916781824672310
504 455875564884585533047126803874052810579288048899110171564032523247466558566148917419676831855430202196717844803497230956089293528746992235969344544693378241918352729519967712668920501588765794075035223452932067352143570576421254185541634248378467933730989469346661801239497
505 1611948925218403103069478806041733014963079394355620240925422822866684274389192648045753838827239241266825687794213756919525879588093713015164841824829034357873640144763440042002467239613061656744519867839588695397362168528388226164136754737353426344942944024702697096870049
506 5699789109702200923592619336390929306877802971120783203664005919285531902154325956121731448119171858844814858007344736213854379016316735138900590152812335131456579761904040792979636784630508888386632176364944453154050486033848129465766289680385077792913476423360284561029649
507 20154351799738436443703327406959553869663086800162809710787630851136694742278957283538050842826140457352530274016754418805623337168676126820739010620760761171215314207640249941819902143950893424749678483779311029724892554347130406847935207694412731569622333368351222924021579
508 71265840322732348595665046335801522623575041219446148325713414179925442809373780893928136683597989097087034866183420757984621954358927888217847784535811359907633352071644859149017998423997749452144288782570468938200122897553404219196060597692600632192374625866419452970329838
509 251997657395280267381571099488202668989061186824851667551890849322611056846624693432384466905858040084925670884789179326828981066072770866824126310665493274119111303030348483883139131058021322308807769048961033332871606416308194723808226565239818826109040152111165036851736794
510 891074682353370120576069048146262172876099780710167767975809455455634841520340132336765480917086253887522646581728866437185926441411748738985590556862408213537095192904293065080169533248482978599546738061485040389938738787080494657017411225751527661268887465924211787745924199
511 3150896975846722283215427264203806864312292569224972838787149543627733365112512816044574835346288473186024429475365808484675136157359138177643560210569904831039182334895094294125578411908332717487179377201624923466778479103492521014152198152064577673784324489457999126959819595
512 11141836741170455282574658516262645923042199783181933702625502138115144701033720161855334122573102090202216239260409525575088898326012655699539886399037753266960444558259582256629743398818996466539402015201087069038809771922574001236866919239734425143641672869288479756027294117
513 39398696752056662175351009127176355665383098378192554508966661417222689489510639561969545406406802668426564017656856694143538427772349882169135448887249066065234275793429998615979817644146730445550379041540394117287860269051183604671306418057266781406051264758981875868169333441
514 139318692800594291048038006832126832968375296116140174394986878290662951846173176600785277182463598707115483713813225747992221465155334691912529015926881055735188556847620852487504360052119692696966166099893775360276018199150186867194712079698217551845416410678323049374317077140
515 492651018370085425306608314479550106868269654915325898538982301801877023618507259243443540251363890798382323776820900122370166879717423703801767053956203089850841114067688330686630646739670320069467605805037695982416202340704208863289542472589035165626107472772303689549465162922
516 1742094977295972834753403370032835944560236650284612337751598757390226213076263228919618001644382237848683625813830894045914598541042864250394898831264671098666901835993976938763265399690681105485902373749783178276631114109804672218104228845387246587165644970532304019417057249869
517 6160368800694806280852341385877821119529795148184447035294892270790882788584307583395910739635893508979037666153857767543946699117551705094606795974456862584950726660789183850176026303957052073127451434215644086337805506723176469139242484510435398063726026855059896190189473912233
518 21784320990816289584600304337962149996077370977336640524398721766100533966023425735029464779131065955384881074645961486847949015075128772835744188411860490146441572065968998251598152845365102349923478828629723931582584970924609399063119621694420963269093753544216924590841200628681
519 77034233245563290278262224525326206998613900353198881184979214988447617551017267519524526266525735302726985931759108187638418902952788343635762068831019634884669132392996697416768863998493819609599954375839557395086536999826437932987985536870967006806271297125043562746422211825135
520 272411798165591663378755057149096489459792262922014217355610054298811457502032745182575202775232810724361175802758090898545690090169027332824567177507390047961994757891005558914436442642454247508706905502872631311669983134599063330611611136169358597352490165468573223988503793009842
521 963319750866990857202804255394332520808759439278043936663062166920053583830152632237731733532667572607577284096871025623725338476069912890050873196776458676323649639425821230353867438831076025372458789523504936871327262428207372595762461136861020103143421880235918290029741610189974
522 3406570727081811048865927425050050397892328988437501289834783151049401369287889659202548758899910144021131976540391971031229407469518287849741082179470807129350585949739486965899660697120017114225681007067610934936994937162480230152137325831120542641356273639495586535156460331529203
523 12046662416472463248277048147410406039917349097009288892558893781683117101911988845666559795188678373175170818360634173574477694889971810381970480352512312084575787431097393509541003306260350767873337726405080319028479109987293632077696364220956197904310314945926142816805556243275123
524 42600867793076557127736215239520417320634953564711476821267231159210390135573869096397256143197886338328876188844316440655681969990895460154857294970092571996815299351479215130072751783497594189265619156062344797586864599763308233959302429061174558425195569955634697627469565216776925
525 150651173166712266845498114917261479246158302133636681663026311222964670796728405325461618309872914087511896497156817532033179647106952328934204489836549921381806141633086571388676305413077355086094344020386022533589810080724980967200991379108704463965184365435907522189100847774927501
526 532756733650340580609927829640683107847722322129494711263997805388396976084560553303942979034559048936073467049055218386107462910907597017122507189006175249573741702814821112509669340204365117855548421941215078811635467700118655456892394671332017709240187976242031175493363936900627088
527 1884029617246582040643903261484804536366022966887748158739627049070157055600896380546161217739896561905387628603083602433527176128177228738476576485645146558054036419767512464119188777697548842489508082724732522674890751627592077846240158077735113130268731025733547807262331559135635150
528 6662678286002171876693462346008281859045989951240089051759629761870054150743945723734597129986550700329980684212413181086259534450084081244764905883859750554530277754518890517706140289386451963730662519333948935401991845373074699019665735725486788222914682332155176748489362233511973105
529 23562007613239517120209573596295108181943162266839937022118378887732914630321207880155664179581463709524549639526170636838728902283343850567802973702886466545513300912727906068904862830779195766098492192547337515903508209946371740109055258051712216353874161783627317709336348230413286017
530 83325525743909545319908806373297523552842745315134574758579560975313353907706765223189013868887624361465498630918258514871367504116324793317729170581480055505042120882112247323362967715582156407835264752563113571210551466149403443893474043136061543748763799664180456458724202072781868129
531 294676936578973241312082101447242190534177644966238784772864969876226806908085761318200114937113653316210072938873155177652217299015759221043029102544593841507805809409021596494352727386835009444389332274290124636290154354275742371338472474241291151954238390062215861782124994532236027123
532 1042117129914548943308613519416094686553929302827086920247009099325472748592851255364551018755820340759058329121746403193116658857969242321699077845652711761181443195289509140613251590343856182287392826199835071593399615813332532820725234528257441917377671705346792093824205585783756639798
533 3685438929593130458595823287703182899073732558469586127561314636783407135996790495806293678887707677682051309471171187464088633850619401127404192397890973449023177967574016785172461633557419265638813171588160095416595135107175555104244096579882784179269024451528636827389150150160978115778
534 13033594065075135578223011267218487405523954707829935722203629070911965530722401401579401944558287935147241491500848788435701721520662820382698083828718208682382630098663232193711179658897108780843752396887336499581983987787144870262577538307140760783447667797129700479740843097623597561791
535 46093686219367331368719625700045409629090229991485398784791822735435216902654470200263943527862166807592097780927409158878247367930550650764685731284523169443322215182663852853025388158319187059857923733112690813828346431020757968582061824331696470168934615197178209411130256976767101489483
536 163012520201488056859489985253369605712982070199065840350289533346110781183929455961174203589209848205081864754218125895698192358639804839274454681964530883262710129908654332246188928504973047972289492530645512456837693776282738144873297811995123576016787414025434669284692742719812422658549
537 576504556614890551516072691737796628960006651592294941576859691469253317088188135176946255255209865813984906666422631484684750315182142106362693956703823356596896786340717645021430767677054331452349545984483580701739991018258226529417112752694321294298123610501624154929598209777644043806681
538 2038857063813419849284171802892013365195248090290562695568968551072936371875136438733376159573898222579367001729473123020008566947557019951569860689328333842124406987975772333357088288273230590291692140290541586922723623745344253375008282929386579441657150198124824634526861496023884096668460
539 7210627510367402245568906905877740592017168465094169644607758372154645814422995016041080556933951572786882563350872298935894838879406810174628475175064090799977474947935772062614845084232661505214886306985020369854413656617670827981929745186934042509535023740821651314736724612288399565242594
540 25501256462417813610826872930582683093028446811744250301770019526115693987868076546077948260049312992058687200556788510066780255816452218215901796721767254949218476504258937677191269185699672240064521771210144228581840931693020589910603571473336849216182370741698337147327407859061395888391413
541 90188741156464818445038129419903485443074909707151335961997564391633757435540520386132613763220737446640779549328407205849536442079445005213166645257575076973877158178780710266716187632992994779101741882920602594521431388057924014014083844628402877288362859207710566113880441312466461791294121
542 318966660616069652680897735338813800244483139039131997208855415590005207049699359256883954684668713572232010134340250551062666389909396461667761578023253956617068756869057533138010812719874274681369908587188884113651197320951541548208711652403626856731598394145010523333630108644505558196215641
543 1128081482172354771258744465619622904111684652229881418556173117106116126570224009730317777584241638163508783294096743759637790105323063381943306290261681236198440051858316280739546568752610478328836481820598573295099607210846078106719036788925672245712081035044654141160936431914022449887455383
544 3989678062287261657927312828559438331406984725460460644267745596326071542335308315134989428049894207230294819269893957346115792498248134858746555102555039166018500610619079609764574359013367337419987748164829745933913035983743214672923690513527022201277888693176007494677784643222102290769621946
545 14110338459024204659265478057481339736533030036314304923823463123279410301358655555846553950760073236507414603594451925595539778795814944672019576584538265714334981929815483552209900934143451763213951158649845778725400425939828880141660734320054267759457940941061446626638059109863490850072200478
546 49904441243089400076233914902198865877497682254529761460674477041477983852498103780058612555263038987892733450250862953087743323229038627885731198134471353097730126093254358688333677535721465921846045607471964893080823859631306540635229559757379545454262120370865657964981759594716275671210856843
547 176499363446235100277418064912197048520245974180144707933085009225864779663774477103884931274245502272502581967437661834853974441312913772241904203748850365854683324122631450507921876050253622959503560775177992509240084090214769726132213634970872435500798864201605196461889608755841322823551780435
548 624236647294683381120005252845733564070327168770684908312658960231350687546018536384315997740978418051726458806686510586868802933046456585650740009865936274571167395055142106430413097836843690298153096137606839248928092196503759423063649827599446891800051753132366272901813901349713077759250485613
549 2207788888571382843076005261691431089502639427856728739079568644253489533447717100735355044070772781527511935042375533360451662976714822398524411363484503212124430420146360333271189800255839142462315486291173832437843686732480254728505538566903314328542713203098979204064313697961522158821106256229
550 7808506592580435139777689402143227454365408037584525399456001351399500833869794529485288650273086206900737916996176408112165220765919520379798715410974668306997486320626843838392479298906264035811420039647526670915740987828079138389171123645172400679066001753576087117075175213102963326004945986344
551 27617258665705280738324536440337384728622223555837097534746481512584197094554733807461738603359667604393591380648109418122409695426793532808553144708741279707744700015045987990260762470067796731643029558225376761954768329034742340574573635569287512657517394778313337043416107143361755004092372798758
552 97677670671588520616514417815906984951769471446780071028672658826147708762800702001909304263148102970347003709823367199395742259529887596755820087575760009782555082623378857824692716606750629672829196059788970164059453242758359172016924071420962699614963692871788945052713792118441090230229229534105
553 345471442969986645931366969659821427189891109512625731397813873247511153143526735205409211489096946043566310974228613778976320992724277958368370526252637976159939275206525202934469492962331593311959534130247097489332387620794313041877168883807397035541599798896474197713167185358176843372548226440097
554 1221887265402481357510776612554930466574790038501864317598819979647060495036585777597168443408191025770610772561272550285673917028191805325835927920132381522147286256765624949395511197902149227565077242541135115675429109371154281488415599578595314855155295309140426071187096003100291237325438567997489
555 4321676361189991015349610679665862638284772313974976492097916636732765361457467761355272829542408358553691587492659135421807280646841568402185462363593207974363702334210023637625368384125140364150037860650136148062377938367012171004296082191920896280349254415444741967740713803901140725385959806091547
556 15285352283992071343713251241769109577854314297448488670996275268040096104218705654929721723945878008269920891011538865722344708556078939956991705803756878033246662015413181128354386132422244570759518269025357383492370173458458857784239385443014937006043286068456698402014593621449357941880593154829694
557 54063077814011731687712982275071341351031456732552125596138459184832318771726731863195665684323912262629835716031359669778571259193527266756675327582102474232698488503267280876978159071564935529504118524021088807141579353763826949384642229324467944368718835234127154170903339346361172260203771184243562
558 191217737463297748166565872914022549168466979871346891740357616326613929302831472975808113738844856048219715380687003628331436472723591589428966197877752320850854690148203315466337601847016026175710025063039444625274344971366724888155847089692629887011628770265578879998159351045032737749162680822222615
559 676328472685798984011828613819174042842610049259244323970159241812435235946062498794187010167332044604284390240006296926067581006577256498644336390662528725193311635897279687377506414055985679181608720500424453330154590180814514897303367076499569585272295346603709919309291538529293734177203265548713483
560 2392154616650026606749539198502102692087921773881121349984223419674908871865943537143419376469696995974082442537140259955631460273125506938229043403049942800292999076889471816128731380961311702363206415865479389165889766037035839074694075963367928532326842788433256714003822789766561286573072823417942981
561 8461023373749377932838884611498929199338571957641287860981237411132581137638224625868138978383805686575393410064529062248354447303686168738692035974829048392460544143247580093767643878049861022045410616626153106365278164805093969681442162588327875784305983960456182295165112798083344556361166655339154929
562 29926684680223736654784964143411036253213791187656759228950334980309696929136251145973169851277265957889322030872901813744335610385213258260834972476348961374567960453875799330725069422450250721305800054310572771867417438813674885895135830417731716969868584322952338873272078201771609138115122775607956804
563 105851344412274680608883554183864808687117468815353624940844552582031443844985629515105865517842051352605101284886975006095889084460152453963511501352053560309349830448471413131526788969650725324321851074694301160345666500000860575534915273619436330666210868632062685293949137570210699741367022947330431962
564 374400309653422900870112790925248115693184606762068437826924097309972057808428578788059642327429490756758759656063950456314607952319660098027168815057987536854763253593425216456731918533125591666101697477133972580913747159823489907182769879155891811209719630251431505534791258203120030669390071104217072157
565 1324274642746745738266035935938950579106478608897889490806450610188536067532589909931306982251305408051426222902890477038469308400975565212189869767222479612300905487948939120804035419717177646351154608303225189802475345940905245847318134818060481389188004111516206665750227823549150105424261309880001249513
566 4684054754024595026920819837949900570853604404464266947456445467709920807967070807587252962793513316381298512389651310512009835788660542441234992797525015222283253954176596224942328906027396345308998923704717371801306675676470011673695408422816375497959332152334260038485960553726598967219061165853966527081
567 16567916290702636991212263220399983846355054213839535238353516620429944890982701231228246926019588326944330731379356662257360335341307061801284070352833278371333694141540779294196601984049529629541985463383207695348346537554808240558160215820466367848550077391409059670252567063247570259366341575459879152319
568 58602459268021007345322143930110946692592996441853267105327436170360014872200168642175962095457128202003315814184994856869984245281350166858144709564276751300724121376232696051203881305140237878800123451039529922887454205225463872890258288856355214632823530083955132986350048128625870127825369405150692252610
569 207284012152158619438852338249664574502797147204972118053998070995538303996936369515155370827578716907640060188067647712153648334721802244047085902027733453365676928997667134661615211711691187744637704295876108914676150776326026629962965826125401133990832312105506599391339977042525359958085494729599721403238
570 733192101983801047667225957713918954927777472798882097693267619389942725369779228044959240850651283663274695993058500066776018845513170423859979403147401577326051208497053338553116856762482540671808599035414982091754448079179935912086657678055903254922637330713135749068416445991658093622364881238676008485411
571 2593413398651972187524421043701079680828014080694154625884072595079240548713142629049142743493084704433030182728667745456586416855195921490798579294036719478326379732167795077127476467775936838116888468142251323467778607045956102148146657273394456226422575029385908217909867884621089697226225835597207962441715
572 9173344759954684190029287751658228767544863848967086474308566953821552614494834268243751035964773603298556869933314586888565716908498438619214481814325083127291690622396339549967842331998595355133307407200238290071746918079089548259723078939184970926159007941531560048675551694371971798881668413482230517246845
573 32447830731151798234997517545550194646547825095589667080101345860427632867014250519449975234892987315001964390550205342312400233117951634994708975834930453890749640781318064660685494665287581692379358864409004077276713520007732107700829753033853486974830259855345305178690514378604789746725770301266558977983549
574 114774550130029502474343420430463851372816704842931855079886780826159306170830652587863473009105864739229716117373929087131368888039420951153117622453738022668016597286577858387807367965073984342890565519972238217309438934995570819101050560571866631244684288308848895742476565584853185102494732305806099336646720
575 405982677246681284868254060092644039172581601281805680798055327442851165702260442699489042296777643527916754375091592962975615374535487800955826825307275125059871938017599058270145131956396388230118943220373821711306723877287039252025081727870749015478934131488565331396021408098447184313518855135753859265165118
576 1436055990383534480746566915490086242795824731710859438197690719555538528401098744621678245331845844392928770375343818201124226644531401161041412205400119734248294627239631555485777965140361981545358993911100104572496162515016878392517938906670288185475530455262797908580640000520767406297394425562795156795272641
577 5079689910783287642783877698657485677244788211282206876399856988183963935762824439171066707714368182890168248484629893854929849464259901313788972395277016582004471525220845117711191169574989120657038762348466214442613024070617193723000068064939799111334791049913948898971230231736630315544085611107576746381879297
578 17968216941690492024287285241705330767467541004244876222614785344674823380641104507290748375220088662726092668917059073770072265354397446972787124647253371543936289170296151998495061520714485474850256962606734878978074336614274631896383709189107385713192969450963699538938410058842760034269139227364017451358794113
579 63558656525870690689102225949610820843476670157170666599256986428238289435090296730743484556972329072781321390026592249871582640623474221277940418454744086790956258387968934764231266011534016020783632757066021002425347768849174700305515323864999306164313484780425117601639479379563506954989986825614513147475252675
580 224825917112897040679206633411397752364087198201628739473512554980292912523813502712500674425509618225322510099300989916912166480381366959127473707927044121778862130947493022625279163567698425778049594606130574049376778798638898534013602055399541300971171462808615294694183875330876886466958821213537127155279144646
581 795279834956995927255569003249871769106281962138825880330615233504966895776121323694228810355529999306808363469839779255016503570874628572873935088520780111850941813271266150691868284770585153696848156695997971587977829233711204386956957819078655229834552145439560822900282924929567318710260858078486805470820299474
582 2813166862633263433907593539315691728735160971488515829691932692120527186546111410231005144253567280550011489765147010873612757135291139270918980524080036552960460213945898931747107106217155746005062479871126822154196504695070142573848693842928857535570432514583951126380348578414996086214555221679404120193003120751
583 9951142244986401022964185093580150024834088772501012843304524063737779705581658468517830596245008919507082912063631882712616720930768130453922325686732041766626179440231719110901892839989162446888462602481361701328071430418876851609747236583212664207644299002862149280014070685586603905474240849697520284526294588811
584 35200780056965804430123009019594916792611181717497009571395671178334022762007991843613677682526739780963449986695013920331816074326238983101492149695893462669135262519071592030658735996930477975556251235100026881795437093155078676323053487409773194472754952273275462575478152597147588024515694203777621727180981805845
585 124518404348937447437702870801882454050963885857307637878270505715726828409839019729229829326136946179292279039512010450687593427047302886774097547745794636790669573795734551518041262508682356414087677959406636540893674232072434143874246617462184983355376977626703319253177650787651534971197799165575692659865564037897
586 440470375938563186677562168445161286460662812771660407780438682102058719195509655012370160389046264953131806876309917895972277236171250327678048718835620797366475385435361701976210762194170072928792494587630018737825001950716784938651488312885997312574134252170592034156605703560111177996256231473362068957908601622236
587 1558123063314674566030141067950779070879852296865392415466430485966738093642189086981831982752446984086035886918866316678090718881748240207954067229300616027659836895207638592089468084050022203936872385800367961672833890905816075561690507886650465293378686242500563027131385843252581072769455739053694017815965766666130
588 5511739625581567091225291480450978855348320848554413217766349658826958921646963560104759063642961221440548120387517873190478846912839987361636477083674043931836529035557541173013500627225101107158045689478029401728938723214166316983301485489082293181926159945037487888102938925594026160402362344187360866069158748294085
589 19497436316135569373419290613832409593059653036324750470146361876126796064558989176542538500681233697558075563648086565402997319103564521601066024934490983117385632233983496901960417908935527365006918129304758907365258776848196970470005107702863048330251765417380228148239321540297363784820582036982355738062597856488553
590 68971266544452375210494005504772002588902082536981696493949966286438947584930709866633822581574770023966335701520633840318557036817347820780662239443666742775339242690876234511837785284514237549516974822740924454913199528399316730976145592347207773867949489772834734233137079549618867319857845178473217514751873780969721
591 243983669630792221508342367132796283593965473753923956934422524846613345196860191053037495138689086670427952133232154964942705634054967702488510225998793749721818296810202213388216745695591776130682200701120627063650193869264352033021060233055166666845920639050997973293349650094756530954738595754021897168214112504211047
592 863088197377140314874396152973410146884934808779485904491681280250223696692355942525177632099240955175472937341029722145135045702983286441396280758520788062286977971041788477947939932153910068798466966104740303673509485805607699421562470089697561439237651106030871157380611037863149776662152579176173441784440388482834122
593 3053173266314017741962967286841441594938371038547642712192443618369587466112286795499545947781726919143841272323283250151300232413575671248658418271257284761331709375679307378640453227819066655423214806224251735838322800697015295652441967298387320303057499439558195713275799112501838853891825345926190047922532415053782382
594 10800642038902834442497258818922286912065759552722805992484670317400572181788432356936875874158768528031559927778062982148085752474956238806477195667136270981806069864383848391525462102068956583357745315956965125744479260713122224656935158534778596263177217090246782229762626499572389596254217550313290290010614429272052667
595 38207580469958803985412085557368981474724714911875479081134256618084771693094736726781214111272875186017050750101600624821775395753672675746289182558299782250412358684728931695015606834840572192267410446262685928980061774248902472669506307322937749363795983423227145198682032416241945350187190335963967678795380882504261203
596 135160981303684128662352042956530695137333440404990946117738074778666348618586366568861845767451033005035206742962840722161968341110537364226942140745093545816077687785158060687185414028292695681239423006837142592103287528025448146956774844143667870964463883975417525053736365627799485428722098602812867074084702818418771213
597 478139877292289611443644152288188378453723905602294931414946595878482349365331032675668757591766146689530764218922641446410853963021844804489366904797163907255420270323487751536124641880635627683024991046660203938762735307751812161325976056867283189985474101646717016595199724274316198908156198561735122972733769603016311061
598 1691454886355980022256798884040416573249455817163887005672541750449186211278190474224828864599793790112271101786302786082674324501052344038157018558143495827186504911166490117042952662302145957824368904929644111375902543027767799079787928918956664406533550226310765869956623316547051496164568754895854236321138541111733532632
599 5983670767426789482334754617826046925336174907257876774443428004931898833876393164065494091812727250366558839449910254507192460136698854034595924536045966736020061484574540810224795760138314124373345484537478533310548989039714117447654055069067248844234712715337780458403921268271192751531267011325960311738950455549681288982
600 21167851114663443057510721680511084551638171396286039528955311991397456411585715565845060575177046887788179549087127981618679825332736370141212688800815002007934722919341558519306472280034311984577316550882055792816164114232341451026165248138552744758535754520992995905814458247789667138945018079629246771701169877803332268393
601 74883763003272240284467325299416990454799652985804466740605480520887943820829082547066538463416799637827881316492613790133898711435875865534171335672260459507865694139864602884143127263059132772153528854138280115946267467670221556749941971906594250360277411033294202374452086287909670599389788337591478446444800526679211608993
602 264911216849238751644805544634220325737076637525194282131345798806407017066639527082793709178575281369064923659517523454970663004157110615447862521999520667192158115446946985636560346653458676463473792385676764815033201514981115865301213005665030977721794231161036489800567843944820451509170063928108944713452276652798210309201
603 937162340945371473720139381403789583531050549670069353684890287036813287137013826610563855005102304583604495223450813581780368762747357190208189274847451924485305943591220106472153224150407138826243508223668245194106676917545737859698289521921089950627783093469912495359762742580832435660464793161770659128257754582862354846955
604 3315363082155348925334666958112577400951974264595915319997125725419817572466113782650149375526606479236547934441253551634044033770268855498279978687151961151368162708004245969205055667867922902978233276803371105771737457128092928184693188115877882181866235552913350712138804645280244268017536265285278317039678466900469104368654
605 11728680272318369983660536967075382065455579175639528151627922421417887326455059119191311669816129853057033412437559086100903734456592712837278925632355761736155448369222622266754088820344328735967824862576195481766172680455499431022995989811003266938343712381566969243102446029571014119751016218335555947438517833341697809471738
606 41492439896844148905210520641885699139073270099810290587243131248788116611243062351236551878794574876929171810349124801745334646850310600035924403135216368740158623800730190034994779241260698987170293524707250963822747015493902718488619833867020637257620534388905725387739786312626644518187658623780056284902056163059589248602567
607 146788005569673456697602416280074355793301828029595083634810307932803245586680152730636624541160894611334390295133500605011546567246133229672716426933689679586265842821550295420829828881009087461743949090266353567179931593783714157028282174905069260035947500626695874467224239265263105405890818580931430620695007198286232249359307
608 519294747632583213312689440683426365432597665117525415911037397896716730569381069468958981899369564264651096044881323101433864057706149623032433316057734533336961241367268007255208962506682046646164212408252469726496684908820107293720792661224656985531428171239482103747821971332847339698923977526779062134073140936022777647991781
609 1837126444363044724408959315766294784093646934604847567330942139388801470587342652691607694388545960474534049891390779700789659609660880861660947613169778629036552992946662259900086478058467007880633518746286912589688340127316173662811689016524750907982017383847084702204215131862072212424583281026361860168484171784144000593325345
610 6499290062182637702076311669334057085316460566693175343076758921131795342947089715148714332045364430851896745691673999831865003936305068322663773553024631527659336965142271982718950485987265645607435448689519367512032037721622106227640025020351097167467361258299808890757248940761918367509918689272544987533881822579678205830342132
611 22992941693331987582365932547425293409207735227106021492510354235521484113003729691879755871852675153105557604713669422575287036340562865634401637814792129073001360756664856123113956948803602903366604964495055661118951626609060764319126656293796131484162284123817469701633846345582811306450095132394010598912366356970772393566488074
612 81343882518208262765128639332045934152900332219368918382819241427606475121800296377792920570743881807343364116981462303431252087121046598650176126523027659924851782719840059065246370329213700541188378506899676820332761190502622038857039605569001048412048220196277525780853139055166188786202621433351130378902951207502369143419333613
613 287777603794254740207374128202388573789849906236536906690071891139514243500092043115287455195162146554233899656060322625585015320745070943908807621395889077812969139811037481179901618650250225745877358183823287590034352943576686191379182389721578120678420492183589251767139567934278349059836788741097303595613248560461991111390593321
614 1018100889034435233246583744239192153020471724554855662031161034988620906176386459283144919260237585564127148680063828212726921747505151624361087803962882247938411618912194759609795777484860755284178271991083220598889744336123128851240688833193484901914302465433392867968113742380835838723065233682165613266781071435114729236655599369
615 3601856161696304362175849038693119811038912277749231697489912559393837161326859440978309541713849155373178635366168664978578892201786738845553213812453610152059508691620104149408663895907636871627006605523145584891718285993484097244394887179063097862817169020753786648759662937665065995326137209641974030660566419280584849388118814095
616 12742763795069296298656675554935492065719508193699799989151710548889936498559085648395772006587628017836144929968352945389648159206787862584823620907909019646432213023176055407214402062618339221377825626146776635412941160845448301788865922587376501223360653579221054575376879140225271780035989005157500919632574870380298004735368404690
617 45081941736930946038635991103803637370878414033364585687623120273255639928981428270013939456317851566467894344957589899731671539401740324555978371648468470168568997385339265720028254992252996294971225449377103365909495140442531228495580819194919899627990360359305056918969090091042734630526691868178515942775860702453936054983577760054
618 159493614895153337100095641678658695681966563208794821991630378618023441530884931304487912507945147522601780311044730538542639384824261756582308020675672377904571589891846649749251300248009853501851053661790685446126199338304296833314480204826654843367348040419343448425410763356627684837877432916122372397763933807007648839092965037139
619 564268350117465385681406686288695047469742358872086880811946070098225769902588008713582969967325170630007335163531758798241951228897256808616204801254414263317747296112294985685892516419723532034575855859347381814103997908166192815770032555302078893129789091070666061979577109140412975587809101046921480420427910888703920657692546319731
620 1996318253402660730187670096570305351590260538405010191792641640986501909478337020262463919730279867680368677218130866818191362656963491843159543003697359010774024920440450322367257598458648315616301759245490176949436722548325535008021805642908987401798945070436179625586621636657367157860431712768972737139512835887681650412032265417245
621 7062777995215947129130090368652773797297332376968201454218879786555966676849956186150298197232047543497167100830946964782005696175163346876992372584744128964891922114222437943552326312019530412158115680768302676019097900990829146894640154067317787728951029561199410722620782104575385905218059983738262618012071110110149059055014161941997
622 24987512152407514946089224306334875499292265621712843555972065729707131724258504125537955697114519083924702156931892208746989246896417821700285152572122254498373198705725523365033331355219233036847076136789834693498402903668578232171902692240845103211506295165424788089171425932491424184470913065871355056493208130075379318459486390390768
623 88404050016092447228051216643861065950457360818862852434039637329684582562903994143196141966014443715818241042378158682531838057774365584352096698409430881496800684427989069605853856094704272373129271927051148058657458374699991475079827411491021950468390840642086913638841745791983654337855984408762263882260297137870326227307345843175086
624 312768480123637824809211834559953791315514769695254094237316607943704840464774967658450851165692763570418044629472707075674519633368024210285065592118321312103735327960564409253397954383324678373860975764766745292380879850326383105618538966393489725242063331186644983646360253110101534674446959197031152645685635974166923405893313853919377
625 1106561273854354981186864562610711139579107989339747058886563876102756656242121487965710630574256119469383407917800674205606468896865926710586345459501200040872690738073569619256696172527231213645098944959837944727657557521508948936441114932878372147691429672946489038504193060467658330937817754492842690261710115425512675829724635556926081
626 3914980640729539414183570302237722075705376817080600232105139238650325736712401540040935665318916104445649033594164769348839299874641516792868900479602379865948258519956415404028373592571216390219976602202503072685189044921298797919161482457892319066595172425832319721498224514786506111336199748735060934050979169232673081950387553217150113
627 13851137141704973806198675199149088479828844628920693403988439736962063032535689394542715025457484551804998384933188886910866452652289821683908796088783326741318407358102891077984687685243838090044929763219661444622868948896867874742641721571017909111348385151315688655797852822465632721740751321288401924521537690601137570766497811999436947
628 49005282065960274847292865110011958122961217798651233247081788713383001113050591430649772643500247128319657462090129892147293932517105032679185284686829534154492867088063436059655539897718187903675020011474948748578870726040477116812369891907514559065494608418014175098030631009691884338298673434746313544620142480705984903518290846833536854
629 173381200420544207728639260773616334155061226378520170933616961569539199067301927053003652715213095938796643151273153752240430088147247955313162314993404668720648145834255830351610571422969779676256904226451996992706110162165292151478442092517104612445489259891380839657969304339785921019525743522887793945921950058082797688497350069412094946
630 613426820950766294059318671984611283416064255892784396779482540559566203083677566434667690722499280977996682327069396262095669510942538651165708837080728675744292650741253747711429991539705338655909874965532582882279082963057447024513495947219184146575205874032108666156858566131070744474260941890168467794510892311749322942903836417807587615
631 2170326903056422833226328364907152872754155182263543956216914291066789296838603722206812749223145869055253868588846589309475382344874004244094856389225024876342343272020104886853676387424024180121223501353641399124354644215606778329762288038625506141274207006484696663857520737557663119934253833916904813233662449600591577299079040069387224267
632 7678726154242628660996685390406086624948177217241738978029222718013508879191081226421008728917525604280174959662205881798747295229967580171895844109615766713411978621543983358917902205347032165754538145654486811266358459322944720013323473363791653166905401737389947744279480133826415016908502275109544596177128414327257587175006737292271239733
633 27167822611927990137925293791492935683824257491528867367675193757394358802665466856793017440682326474129516339147759481424448834111336517265884706828538771913926102650251210931706158766715971016478448382506453620906762053290764379853738458544009556879877228157391747143454732885678056942870116277812170533130657642391153248117384346393576092217
634 96121847280608623055533828914357223518068193252410754367469086658073544943561392312393571236082752805923801024177709438667744710559668196929019916194772499534951362876297031515262193681981076144938843026868612901491906437716277859884243653631501740913600991340482285251061944719058105152842049929884149557868365092723992737148916631965848785036
635 340087759809313600667454082539030623258273270349515640012403191473617998230419010034493318813028919179436905648966797034722254585180737538936424424189914867336346435223567859842581629738539536290326903947656363528101588168928397022600559997669153306430808387594172653642039646653602885266259353450559463001297412987206179169255470027201992587586
636 1203265615380218842422835954754622013073749122270669711088577846123405889872764784220919577958419394048795014577407030559832522608096583520019447210727750770107115461171337388832041784543502539074700401667116324213120372356989954519974325082340641188036430604556526243052425516460664033363141657080985786761645073316255454023244788225734464187541
637 4257293763657928254154300495027965211048133328910162872353613518799734742100529672336093401570093915481691566947055053832315905205364628400918369050270665623136749167889555479347212236760353471000387435616065310399762344823502654240008480503242592117964641192858038017696836608973102487785731139230447665735048471848002051531763326322784435292969
638 15062856295643529086204175818369215765034915230232569143975439101255020073111005749001796587314117595501500825658421484737092261665805268188683049785318323386127080148981500357373655028336656743633428189559179074783965589569417797148399713053578734198117047169662626289996184394054448179417699853157364925078751371201396829049640573580362845216921
639 53294530924112534777747491853271934141782887583195971624893224068981794588021256656729797012081476317371970576854462380940191163409729082129707482500482845149224867564719604485934580426191185302538408843414069403307900940222234402940239924617599252589004647391941635266155879311625925578731913267840562712537846546340305354869249214011127281357367
640 188564332215675301947129419742196656376802153141846478384203828794075641014405023615455041644285311717039446388166386318332840647268194912344189702119892309192816314108711927959779097641417272725043695408672244821577294615353690359122815812175057105919717007453382094277279502785451955400150002902011559576049937035672304537733078843576203373510106
641 667172347832648390142254080599057682917865323649583549652975079884675846463535691191173260154792308339068020129874359133316663703735585857662498014763460698039598158301851691991068164302171402842196019940550699092094143250192069020832416498349862519343919676501573522463256485692888906301568272473501824511037174460519724417738421278781004706593982
642 2360576669401080181501518099863287768602974052611223998903879898504396556056139515228205380702009034255788703759702999959547232619156439930806295159372886407977935832529544059409117243543897068297850900601541842070739048412142597614179178538535010110042905066089700867875905918498231302521147241272830274533464680193011896621617741730988497320612331
643 8352178365044385603075678966890248977495279287292490758592864082713134997601417737345872004219276126849127736041750066613258627863815594941726604773125420297023152175947539019752016858557873028857618754370045189234787352862524257412947107005954798216396098055793806087379687714239075077428401252709010808701611855975862870473531373704058009660463443
644 29551734923517522202852673740181065310836451636805644525848413881726275234057758395371801831651477710740691357751792441441006388654914334102820279270062195701921530925861220830009630649737473554698658692183153308471508146884090625001445831682315603044555682489513438873627218776040691832784947721270507306698568082577369379405846350487837285048420013
645 104560529096175990606802534985046448099055287584925812386593362003240832633605345801517980527216269462243482399152240178291851380950396183286631243325911720849401260298143353787785388594786423647436266672245554423951938888881390566864434584883627177323910510080410983306553541500435321564464316378216826337902580282973185751428610526882085720502343877
646 369959449435931175312062125423227749281689854016199376781154061297755912146662440307042163293615741882103856385390478420333546765392212823434970226415007998354154536941161685624864569700064738287036096609685498518885051368153210054765327998067184854887560899496975401347847150895372979550795134029653753537495179404746410012092299868999309888095211144
647 1309007197604907074781649402813907561960801790022879636048072498214304968151795128301722001197645932498108500930487366626453840940352409860755033161727805624515658219969655198719214158381147802495984688698532799095859741310407162300753979439624243571126567225130938637009144639928238704286189521453529083955828377246481759399624505932101255468607569926
648 4631604823883318142004139142968622985150473599000840649421828722339030276843714073540722328008395197770899066378028880473831344903147868498796334995607103555605557347249418239992282799025960139322064139891302283124174394645086384735562933952434863846135126413150472465001347333004523884198750045304011867803532428938613572259944137511135394303192487225
649 16387869949408257382864420038102740982036088665539027646324474321246292085311197351131853445694888173939529400819542280680167133904690976085870613571622184458192018026091032510126849497302441407070729773466741008740901947056402360640741111249615930284800675446060566251597233593162059537508116269766581506081724802433414479957499124534038531800461371553
650 57984920159034393254223546366140408348419412777805908157707146425214751238127091384442140440969000543963292446209982014675113514826503737004243071464838684688508995272042051959464531484136592124139706135242815948720081427249666120112692159622221774118006302719045812200283519326576620745392019300765026005997498096474808200365218726112068462701078507121
651 205167778888804045965451784974677440989251221584316021231120210566639523197234240806091759382700504843978862335124739648281653436536017548361844286845937395435902969983109204840996645555931613283142776172926211600213141874948872466541770246749838733148304072498445573695331986019863625269916140049820323005946759830084490870470650329484618683334253189819
652 725946781661928199148501218568226284588185759217961259984785331259329120115954597392557500225567914771204937559858134517060907881183056715867193156470889030485595807549407646688460353133662670937729010156984179994447517514096065514958396511352190505440798439703176686419417314131166253529745634035970110003495046922287086620434298284504036831758983348894
653 2568632308543278859312271724054149072435221694344579147814567849117548711554090846056201161029615842682073591849086926355407152894855472659638138048548251613886612861124772954106471749885048153454047456942961840764170428329063114007162138099264696771499781898233716979025499810652203056636751794051300225718223969435117997922888007334194749164830117298570
654 9088676009337999120689477465639859935116635349260533807504455492873670346413386971491840227798551388814046968271242206840772621962456788722148063379663702031153216067258562926558664905599773954773772762706605830550541581549428411325467673038487946675348643121068525021997234126315692863351126121613261481496504191446912962195467892447436324524848000765047
655 32158873197625843682035785478286688001524403371851211828923152807729707234656289184088196294153830259508196289683049808811186606478821166371078069566027561222007888991270113824214955307624100460936658880508065037836816652374130114100281046772543476332785732771970592440578746482461494194820464505680178482652146077590697901916230525271596194379708278932619
656 113789591876049910422754137618637714660301088565152338465213960183112134664765747276099222584559085660149189685293994591658692954515397266726925575100407272617858469324137035921603566635688445991276051110510966023930596554852719140542357674724524626812567780629752648262125422140739992008877963557906299632915991081650354649074264686923736477113005692262917
657 402629662426989674790625575460471519583614653761971379380530776781344391218190171376791927264520725287429371435250795888032789109898571659600769230131562226086551553348954954671412652285535584083189256058073153763552896072416826554722608051616637437867336312777086198915890367853161122519039523100974596388961459743179572557546410782503077670856737162459217
658 1424657603448415211612763035674179386419690612735665113765841916168787878239700721551726826395360587713689005733186489315344653058226485724233609431367222150515768090110620360186620142284362277766515464957051332297964403351748014181516092623046648268374806010385540916999705829310332619903087460556198809320851301888602161680917504827322408289446680337613988
659 5041000437517694051492679351703660633686089207892912340091084482707841572295594575423524070883471820048707593070554303356925806531743925339097140612278844904494904442259453183787849769592442347209646707897055035069156775061723473160715813959158919987276681522099151261549447309588911896833164680541783724751670053512265761457910267847542324952652685069034298
660 17837109030776867829289204136684453975901849090288861737652541632190290325832476008471260661608299752689915711305674545679295896383015215935774648591170193307933362489867775138780922176365913096632769884223965793327930038903732009340328648826930953919986407836657082414972061411267227441061591863034779595407518208874409347576247853517749557653582594172524477
661 63115160551305055500773313047407774313958760275588944504247159313363707214472409629254671104668421808508567801776184110980550315807427836424142729729718255057535817449960596568442958543211116318671090196269491231945283620494387267256294739459087629884055337647845660274678012472205480275382834488554109070752786805719205315794070577818848888213000939240191593
662 223328630930332220485888379644068749380020539781787290814305340855973865899349144133153089785539902475384977068234231371575189559159248798433642116179579695041940243065513444170427109639499877486199699551654312648030574794687440597947383836818119298074809515846145971120828829709222092812017648257291909644996269855602451280151002709276899341041435243231396265
663 790235615724728852565862772135668928444237757122657682735257295636854326249846760015066283953899011226996737797462134880573773896592352168961417354005843150110545913054632319098308905198079743934367767647883625663983279866262161421263385176364737277167955469472584135548617226946788237116774628312948083112151380696280284192398139272925091281268809654976423519
664 2796213151997548368583751861204744976902140320019943431098513007511833785722375425419962049956089425140889301565918913861139887432270910450097413879694842669441491860060725633983349008670295910660913592063395955492594965111312574881220200426002750436682927140791831450652451896103539707861794548480294935527716373772767062905781957176230863650652215601994341858
665 9894307954509261723107597016234824354061727417125355598863591010517264296989543964553379915551971998911820333703658677683518824598084564640522963333642655112672011708174960118574679099772039104876700709793810777212078227598225838620105703107148792291353307672300741646822698324784398892239516151802022135172848891078364645580715577965671093555190026701743861254
666 35010800668612575914478251573964828205263979906224685500115269599147512316582665795989138787731479755723779839736276561018369696323878829539577331883642288605802908025640112094600761818874602678742242351913569779624839160947006891151694740181874845808347362505503042597389006812881088310206552324231874463062528733210570908568582652327025050538818174677583370883
667 123885400168398126842223596872112319867179063028976772747054187371826045612577390784036972641498032750210920666956971561038034601404893639516567517487008953340627599442478235814402700201391361929725217347410766832418457365098768870673237087761738679677076873839739808843190557650852440022947697240535798049733825643171040248848524950833335352253725216331474028019
668 438368838307968819509445938395432161640407561026228213496112211417332357888140566057308403903331108081950984519353294317007843300550905928749423793016698556868976855090835142279999888247365526174226118284544333232285526084535643496013096389537805456248220392100011108623929378944034149058058418829949086133846330227647562712436593166526336749590530842423889614525
669 1551174576026497366214003469615179773573899911655874748703250899129952034798512954403559703585726336964627800123318949280034121063576192877954925014808042596180961096613121270527108187906370108733513127535787629264753122340504780086221098450994431959414179114523574461530993485172048168081169542553118352403026648445699262888534697419798358031921189050474679566237
670 5488872390280035494544026850416374550755250240913456581869650402608103152549703101026214209159338923003385439754234216175059951572772470000053429267646879985367693983962962492627067785965874654597610258904020141482658006237155252358815410531675430773160698469368135746414467963212382416910022027184837668946460659997607245632023923794032720882888280169973956979104
671 19422585344653092542949965959268200951478485390654331033494831473138682815017047443982853070738982443460662069872420598511448595409019619074288953976899917511337681311502377015221912227355301835619963466608380825028866693491643870363586394817560957274362572054571939101335113817645154032992994645082335820315407633243895599916174623518352287224795706031181745212702
672 68727791233125929954121180278667833087280038414559109090411647248371836644260955471813535431251345565605594123161587344775126709844524102602695583813135064744212204451570085072867944422340320138700421540322061601098708260211820153367335782143857229971360115909636133193708549067657214205063994638390419513901179452955330518328124844890501492849295982829248139659617
673 243197538458109103012683832234150778438460818362005268916664792384574691238737229492113405936881829080278512959785939905308006507986960987392417328169875164382077183395705412245656578540349113695301704806015331135462551090892513548706689577321600618844085639517462431807249223918955816070469490057383754845500382535338273019790505687646499908713687035777933004790273
674 860572370161146947863807140501651633692386371488507678813639922024091803517131176635629144425753016673279708608170625667407811872618437305650311375116195868229817354549261105631814648768708764832207720629723189158927022377417983852859479653851372200060284774107222096297121385856889058829495004319364476702441353058759970454276438949725174990489764479958164656590273
675 3045208637799601569326435095535097026592791216406622735031341705488129543541991594918260099235477434034789016412907282972381307197007343866774208572934085140497125727727618252112201414243490573408492746598753574111976246513058276572294979801076674891629334113914935750069256796675432194449057149561607846667739637882722728687149262579253359852498580978199039285527907
676 10775765569577686819584825808044410432936743131398549043858490564384304708870598494576657456972019134887938889277951027044941250744180175482926674666533554200369037649590768491990116830000004362425277952292233707052882193584778361778286240410647266952011011657292931704493844490241408456372037641367937691215879598191766626559990442837304583930957725157506842905360358
677 38131214578308518145189358001227586102374431654580658458313931538012828505825258034121855771104352203335919571487765748095788049650593305270305673248233474358341795554372809444115991603546498293730479156965219244833893435123952654076495250725908349900413028570278201164287423333032319965588363289548328590580218485818603298908529150494660515241317513862579395221929970
678 134931876994668889092008501184355509246247912741691223364249055439955702424950060991535920317203422114565028986572165481845933435893337575415934293211811189886313378582293221518585918210288254375970453385637018308487901687061339306562030280174412063121467383684264613993299775848275261029973849967138183805964550582026172456528103132587685794517686292778717487533930959
679 477474188102037297333344059467386238244343781589240219220010815192836235421728739883412137614749209112983987952021390747368468556720549855749959300398301398016624583099779437019713324922837365790295351408286924232372288640742907732232206616508685368245104770005705572928702148711188609220006252560604352513665742178049368515197155650383060045156395366564256941066561291
680 1689610681018265209694984418072134063136928334247731111765979192843026286955286748584137197872870562729730436810043138225788445140374434970955250073713433442522658198059662283063586332291828187242287801712245803746291139143464705480144916304857595233509559245487073925786921858923490487900716384771350373967966775135489349927776950159710379088914348279516615623318234965
681 5978948322374497749761815273109831305957769938420998682188053855033016678628797411904265530790130814196872665125664882389659121195827419205144997328696338997389475008652024332953566739541130677813192682468515765123949416897880552633473826934180696001705219488665050899683488626272839982515129540095675387186852444965682668325494103561921842335276099850425925892263814505
682 21157500268807601041046755370053329630195555702919209880588026081310957319237117702638135068374093390588250004067066985321943496234107404527298988667036277715550162800169222712246167708247963690322359101427615067457156171180067728676709835651972265931873367129992958914056921310870769302362591044007137524381916945104534471818976164522803404676897743898815385974910990396
683 74869564724004933136627135384146354173236049543485273803746202021015240730003196796515493972227317088701357537026872239931931095254516472928613692488904348893308602076615252148295505603083397507204723021884429545317705972249780853088997045760567031441196382280444861193571129089161571565874585939264677710088104455152843981762798885438218797094634420187329633217548412402
684 264940075140153436745722408284491752316910906286355871187237852443028525442887926312603889371961022508352847423624641848041488806331879122799167264660264710311734031508213876781142361394618729158654831442246710327743254266656062037392115966347523062892469514130168542548953176370715376213572627784810747772836615423172511216454256545050958724479061641924284399931890104165
685 937543423430699971197632880248730896093632742080859274195851657102652815286822557734534072094913665563256281990378386389589443110359362408195988110709133072290061714721627328232800112109338967861644633302630576018801948581343652005753269863816949980917501059186639342044354391624410680839929960308420443657310055487380345099331926326052141271220359174240037765099505880809
686 3317695425168130880311362093630735427726964898356951385608803343237031974405844836850009811824270571905168417162358041096191034278398483340821924843985532788556397653223545529619909615491557027831738366681784920158876420750795036908203060128813407373253766943202409519820021205743725345877713689224414974988800964290319790731596412384041351007016216457784350482229470531129
687 11740403351081986021178067976050149519407057017471545459534246421141690767012461778015823157035143586114094560246465037088437044586836266599520244788026423822941841828585836055008757572507186806951310221893676741204906516072534996790487464429159594711213037508568440753029846901058619835536597002964487718720055316484088979692218200905855336642067233254748376278598645693447
688 41546160933445591897125149742428824119305907956248487026211610345232048789768622460609770475254601832319756571682072916658240860659806882236755843939413218046697676566617644557570404906314773117973157753470427557849248043380331683002221015604764503835898699268440890867297550436843159191682985693032374232805299021436460363966840663333036807872701523738371981907913476956394
689 147021264593757933903377300458129908041975144619726065673038563532461228413827377378211287514433193231887911951882380578283303691270970247151011440408569758348804588545313192987905443939519697135772780230084516644686137791071329425442710670452163589808024318470381231229376638811880003164905186727571975102855638419271520059619538191226642735763148392805338187080804653437710
690 520272389147769858880939892208014591877038946901413395253636973134028799369161791883242923031049814756522902918980186511438784077732421130041275143583791931503136992042472719250521071976732792323103450755301654901238093745773492701229606668910380755733551841822942550889363085607630729195397723985712540332878241293590059899874277494416190306593588407969959798424057384959003
691 1841122852645450948390501230525148930597497272112720346699244110966654095129863478740100317860397751869763641733544605901257222949270581139526435802960500683053951059726970615897261548269896233243914782340466899093598072571768724896709313840889974200610580353453078673736241150430203834958872721079770989984902768563403748325734933298536638637758328919681553540719122618210131
692 6515325543686405150631936299327954479381983827972361733019438910879659408444740538563359443661954764104170273687692326300423372763239840322662967460860647896522163702286494391426453384980624611444421639755354531926279206850568285732952587459011161485174290708542000716308103631953587409997707269691262680962433326314174713965382422870126052718611499818429706183596196169889357
693 23056364539215522813490294732369718199276189361090382906212167855027227678648152519965578175631691275676823075690400383501262049716176161804570626733829886570009082533176346740560978458846209489318802798731903946617294492531493176758437269212506832783380219370771739901714474239762907776971742007806355895693511140202506474502830041068279963270605064969482412202228979196969077
694 81591871252945161573742718449104814699107566981178606182458906087479531132709893358148328204089334262599173697525418538464247219240176258676028066000932542645728225244974500260739132582384871863216236376802403613885786635437957945354342561065048566061367350779526759202098063829701495804251951267039879153963706779449075623021598731060693784726350763541294560550934643240048440
695 288738241295618279647898035011143461209237154198043293794249855154446054423693509083148678479606293699932050879392191322064702514923829030319935200020449878356424259714701501640620446578824053556971818882977063529934192761494565528718547360258761736248249255926551408951812139863931200091567185279289907409034365997573381244480968477086345981481993543182795698269479440498427894
696 1021793336837615328102724329688429870128778996527035514185151016391054500428515059880404567921283811380001646451896128194309711690596368596005191038074894931716891579442361734306322852929535250392024668479447089191088897369595170606081245443678264491141678634783228159153806316929849055446113526505927295599428765076322988121229969701663383829147075512147295039875310374339344137
697 3615956255906480924071670277507673795200529582028337289049950373103203370389733301988641016845460466850913282348901103844828022947767127976512832437797669733588196505850251355951663440389318555332958546215428911666510005425801198763489691628163501613181017537531662086457180477204746598619955463918008290605490376673017277086044055284913502492009590418267180708550672018301244065
698 12796305737063184390174969372904393280332955293974732779387989368836669413289664671690574468465888347324009137861763446674490038072887668235713343251181346115098269886168112119613344297827734933981276316902343666094842839289862708346906108316264737384090061863036790173471154647440241649560318661678344525867693834278287193421573352043427846514416107203665528481525470576047265425
699 45284271185401034708759917320105482312794811120464273219431368125075182694354890275841587451582851817077621545637868976428344887938795584349046777360611263990004332913040066689727859792454410075789137816585242666186911651549903836458251190597051908989369712199875835360936843475883683265968197072931495662718135868969926282619867093118555218845744657502827261542554486125486629515
700 160254962829496575686593479843210260965598662156403941772526380846289288905508569893207451862781446885912813173247168593767131425658292006542512070706022249093591786067603720439301657288244781562022652435347807937916299125887773723041146253693471640904664295759020750675251979334457153966303305660260303673734484239369323237019480078412644854047734919137646879339676481652576923950
701 567122555051860730427223209065905734109352201257386596703937626536440979211267169242806500145780884846283425128903383398496142422394617430635043589550203728538329123826453987731797410977535003558058605265649271215042398385760155005994143746051416025174944317976822450289182439600281246855670326178995856237268236003564508913205511669253206664027469557620859182473901194746369789210
702 2006982914363030365276746424232993647516694445362922456942191939200361360279723233837944508645394026100966297873346352852796609925277626553752566728315994937969011945037060174078069660001316154331953188800877133833562612892368560172546184377543705751160860056385884954866416115711026481701408901754835227745135655675409008933537936380247076324705174323861644762327936354769654935335
703 7102508302057418418628730804316098109719592712731177539896094300533959198506750460208334210357528649743182994180299983420740519580533611176497801130856066331912390033761879673987135718298494315343774622274395493227420708215260269467159160027972359965756387402954110466620897749211776010928426727598314123812980125951456153781209325056418846931430605748994197372904541776512967628875
704 25135130268517450893654926007045273688980402189862000854998318603061579910038633014231805167113237982719809328358677382643815603302487144890370818938607758991872601741986419139325041647266943391712209663618153835673409476975420391392859444257160628946306435633605626689260813655640572313024067626984819814416700086248859614901143157540852278786423436503229216773592366202100409368101
705 88951206418596807977480766908356681445986132268380818096171440275227416806479519501842961108238840538431169336319272032932779820515083981220022570096230297609860966845326877508964802116790304894543134616667654827857935714647017996069591036320996077684493064795288301957099911672210989093194594460755087839894268078925542690133337254366995273852303111390265492972812144434820370243457
706 314792120528123617464235355173306035277933303712362446484479566355757674539038071486949378872396489431561261263858582601225304420222275646169049695244480879447249719341977806912885864308333478771275511649321299654650529785270937477693873187994201443439553137393980406959762709779769330823319567348746682474280986301799125918657315413433250818519432970681590622584351111886861589848404
707 1114030722971964810484495355034749400305915193600879093546205657021263327582358173312332094515145333725159188568599552752638890153586084613970741611273410389436677922594781665673900676503054120737352294002279544853465816992890486077816514471888064692888932710964819516260467893214386983028527354140096395740312194346421501003218351404326840329868198472480277997083053193714563385836394
708 3942500742724772318651594293530739384713287780690738362245005817971470388292562050667655954914204225965114456079786231271248721818363569760068216060043325321539420243933841535338770233509957682543942243354402750410559794977087491921556673982938290200598745268085319936853865337828460269120630209739168821194396386936540076841295470130986746899294032669634478630293448440168791000487309
709 13952360747517521984314318814878662163082139050508568191677547825738944766232290792255953522472605495063880147486930142663296791735586306979645765271991202995580153056451087845254783382206579450018773167447863358611947441153612734059894788842635420124710842147317605240947856389459159729334451957917263764381386564934259912323707912391992403345042102185829635777777264390751066546929833
710 49377023093982520576949547652896311679541790145679024050777677002000566269928122801257728871699418928211006077396106040866868140741743346006785533733466777083617507216722627647489470534541336037417567944232354605882466273569343907381695639869236233210824733350470929783410686170462012862638081034134661245256810514564720012435384631780122556155730259367262799686866672721870608623223369
711 174744453274671147391761942619486959230748866509200541008528192161270700438714991367175237121740358662920658745779294950801060952254135980859796167163902935673950725354146558591350042230928247144750497100206912914484471803706337865324438145514363067995263510685217435815769343868125357370688080007991612481022488337272092451503926230186803713874386819566302428376663571060881035224311087
712 618419509167342540896565825354508604394772551637994220573977713371089522007706036711548933516789390837108799766482333380888861703561536950544740864840802525082298317546331778357984338473202383561026727517908022407812311435374005402269598097285979844102376839794468486537572085673693588064090276831980393286371454690598407784360882941929688754966910119199265010777416853979207330049468658
713 2188589174847788680056863294823650145481028809684251359433255574296840162541690473482242871202394422911532234517677162086449855949920641088283676089302031784783855260779228649476627985899548383030112755321859686157645622744904813913822838481555539803259399632204295096896409129121090010136894550868416916980062415085056346421956298129063468363641098714733843038312020077661976804555725270
714 7745448861014813715029940031417139936733184310796283205292743254736900638708272036692204537576895996930838371889908605374219717397732448065978205762344073663247555976714465386967131773751883217416670481722453621499871734117598131875508781000014339130098043054153399706768068234980652300292956980868124395452465964292841684362406869227799758919755431937495299581037769402226976215535879347
715 27411336460229214373664815158009505852998457175444858467730757474244496624556074834181428047249454329442280824066781952397215239523461738880987889313304746513496269502978059513125036978658516472320255533343604604926971041475648698816562496063076669024116593621442827828074122280729545470967473309416922461670490083973459422460537675471953096047025379883970346153242083824576672813752957299
716 97009686660816688898203384180490484217686589464722714916616219767193578750647878442156034447085459051448843334159440482651233858592156528332706878840180985683477633468553416474343186981986392099081989219213451363324225431885370648610427383426248177454089678192852865738362468187839792435271023841015523707751221310288943534115035327907000722095112244018614944752939985495476462666073831773
717 343321705740747304134141077562090995325552328941030134718758696930317076327017463055055331244990718453886921426691084086465237951446506265741735073581763462630059055324492496760392361912579450180304408127735062964814886709980898597374546820568726827111372629666523088349413749793343774742042463667917586760912223611871360894186506134497844777065058945394404882351768015167528224209280655693
718 1215034714220275438078811167271604149104718082735098383683187868261695770584871104629744854078604104566643494601882952249573150363801984639566069827965612823953346752006840781030621042829958824423042442098882204431618661488000135147013059825412421989003595647157041568863787660454970091179285924590023181431468495936865979706590872007937419616962583547514239502354102684861580666892540464464
719 4300088283433459438459116466748590738176331429181924086167556309968948130368778009806942754129194774322609828973346446567352648366539209698264379054179197631927689326143401393584771239244829208204384233067514679761854549409483708132607057779249382817260292359256644276639936429326304261070622386225171299157432509121272004084701612427666680591061314610468484403835866870500473354665721934478
720 15218341156198129115024398106621855378530786375409783606825629839881126952577001334055510818168710864159518269496589262934442331038596637361532443105749495218324004325532352537258831757318431691787000039508871812404112459400747263835862194238962855950051146707009308193457004914803511658120838054859577811443868342305112166500062105501732531375483742377788133440045134366773372408299710801969
721 53859028272626389478757901045689377730657425749029727965852814330901286867383364083178961857446006569611491091987234915271342474378713406830615424176454248495393069394303210807486004424927804482434015547188535556610746050900982846814243725721608757064405259757966082069968727147788193314048480495971122462948789441216191373225491973551510740457308063424796929861111369538395581791193891970689
722 190612317819718277049525679221388110560406835890102795820874123257825920956514037516221937696895196652831268154404904175210392164108459185412631308911333192913520630813569811981208268754300350994874240311008379709422415666423632024921786086110149064053554950063298385162998914469032198979505706879986332056295510602249400704105043991263892790954706549517822227021929991812887221198640152397025
723 674597392946143324488093992789386455009252511819438429991278359189660638739770255454384003122842644239851440602630894334038428199435896365356699011927804298191037806761033599211151965613819858827119798702807211651126495065820978833563093489195480055076118230118560260155592646455624694931749628301628060127712543163028380653832127767176174782404733816951391949840947269908475612073903680447539
724 2387479210353294127359352004286577277096752614920670985761873566847868043617561904073323957128306826332996050927711018497332913108324096460236764553063918693922463167997654259155182430177071349144172941084977498606329362028439758648639214079731870993315156272146119813789648465809126445035483425502810455563227221965362136180599968428021301136024394230472543928867495537123529980735886796623990
725 8449592780469063497208248875234813202733985028203799588609224330788674795842824853069227216741382606100256339412533522925701667891629174548529946956971025197688082227346914344909534280151956474087857070738193960120879821142827024958056321534073282470950366661511184093181626328552277418092721650726217782126483100145451182298906977355405007995919604938916063301065716142769861962247044541970178
726 29904269412917044338201970490394638816232413683771659540091169614466957453643099840640810315128882842220715406960138448526321379555448371650114269375033491900889580240054599603891802176852840356441896449857443775102309734348475328173348323264021493223882549638020437825261900062706776322282504300734590894309764446593431698204166048038101045256038440150966335310294007427603023264868617705142911
727 105835617483332808509685815583359331222857178137625818723751738279748276619553773374750368096803657040736380219920557841083542278320578112113466722497213562651927209227929341696237146011255395071917031994873617771768850589554143076115921966700720632411202712076803000896859697250120745012343208599193579116623133085570291531115129607778964168006305146217952461900496924066621923359187001144190027
728 374568912033988849276134629615757580184719641131356871361897975683535975125300015045995210361463551931241439436569432469551343658495943843444492520926545136798824484378517604512277706480339943045943831196992982989440242446499340625671983963932332021413088361708856096757057343309160135471985157108225190255714545468076205596909251522894447094567753001827494414851409472339362783004796898685989493
729 1325662093352688557597870184591225079945742395664374058670585224200062640866504462082637169068517067100505212023010629680442433519332165457384239598144893131683839653035229427243116650512508307084737732645937512954274528863399356933887425032290736504266951456079019471831178076020147389832900389459420369532119410517933895204661766446608591333450201755453644551903084131718103101760542340169452697
730 4691753320699192298166667480886303550552730849698983375642258060702149871675891236229099770883867893702137662746320392542830490434979637854404958380692383304205434122861841293163148761764177891912498134220203982883039618188410632392736142246415707481570433792070004494382919131356721132209919603661833510362637377433146954327291066854198195932013606165755066888615941514003950739683003032814958060
731 16604993972129986635938846057719104981144857452041489208520831929006037408828451505253243132909544684696103707930735263599973407543259034659333090775797578634901770063282820774179686644463290035298105355452348533900828310896507613603447977505108590694455994172566743745973787532497893205324206409621828987478043878042465674269577130436027764102541380473162874217658849590746917768119667820582084002
732 58768349172755067042209393220355876857727155007900543203427182634545738852028431442204770239637619783523370516545552805260204777313203183502103235294677439085278103253799676191253868494864332904832075092486906039538359161035826644224287830729864300906439535850385232688071388210256300886883992668328453871304078940564662661113578498573613129190736182015964074318091407500425804422909089100534987829
733 207993361576797776648472511543485756880843038917539766487094749856145421822355167183485131267198194183965084174912232181466858840335100592954640203565241731335248781335153579778688942937378754101310985540341110446217220188534562224304155352040225213573989458240399730947687463821596368153050209913699833413731532492055469178585270828145483997207206209775988224969656268065089532630545611966861940649
734 736133643783622768920379180563229274527380530891346807146979154620280145455823570244243225658762173502909833790014414243624420086992347173824651308790920312425091564524885663843023770651465274874010948782929792740731844750028771590174594753727953859237276726871381698943884301701980003798921362222054906806285494966309878651946233807693038010424162988747795243843539888089010797461399952650864089561
735 2605343956081806191223829508029571241795141753869527444145130397094561310664875645855950981637548031096939949432148462010694010255156188365723385876422467576470273338524305106470276960774552620052793716027699440329437801135930784954546548762714413587635732432786218987062895813705429847311575037037226218469949103779261689164882631567403892380450933594092435245561605958417838289617135162295429231575
736 9220928834931563359243782870120096597431060363304552827346294811935415282767666105195911506710902224721227446713204942127161865074148243893936561526621858017301318191848499357999266933509681526085250592356574403926647386846245725940342172000206103205382858388854145651484818555938753791896367333120461217527974699879030591451049542988916067148533474826371180128400038322654679412823502942475742631930
737 32635139553959781208630379005732418884307737679173373065637276781024194892853193972508420550955648120804561608508849397571285055883137062245380911752985005925978726870802740066975116870347402643841215595683392736765123751034671569829992200450733190072722145620230655008473891029231267062229151891806303528086897324926658442080810461451275604709670170267251982722769436537319346127602774516472831332446
738 115504119882412195985788451228912159565192452643624600116370357992971443192129380822999656132233724508730830844905471233445393634301118920239165766551217162678693070296147540238565828141572318529419878836329904120426395493215687273260937126311481796513676248443461928018883204569575237526429855694171959855696148577583281337120462738647969380930079116606215079875676226298236551442528224738947977495115
739 408799795813487256602003101684886566948268899528447165688831985606046052637144482468097349762661226175550265398530631541017730331877723819995069142395918266447676858820697143290451918065177982736560323731786102676142607370378561404643652424901621145873736277752659257805854376914295544860237510916321964369238928580944525670237031506134408513454167799948136581746620363973248586578983583832485566265427
740 1446855154661761632698634853687275273145688389433601572087939047628433726126655981982950229083400452441267395152416837752477565800499156942055392557701813029704151843027056850237830977530395448400385031872200258143657683726263621701304050604779238579862834711680811706501951365960566572865372803744468708589833811224128809093338579879734077838529838144343858269102387486929815063463017954192925598512109
741 5120833189971465695044959633082695752156316820021119531882408066657441015273605581645925326216265109303804019405300982039823877708594719367304345407628055628885805793211521044595764260717487883014291489312070649382489587443385497058563841317479650130401768337865706468096351319161154416075904653870482116532410152257503724624771317715312780066632803487578652431309639565186179308479786314193837835053093
742 18124139090404823098172475602668925008226609346784636901966132911109038188316548346840558134108552630049603121059642229463180029601399913077769814407542126872744923873007570704311036326915896630284039608630867577871737891378176885688691934255670018639297176117280560720931880809562881831387339045583276642282865153793837761450865234885665448948295078641089707910242668493702853642408576641450900581499368
743 64146848552756948094899064165884384463789426361534081212258381767600056877848999537812302210127055170345186827815302401003571977309012484036100222049225930829922524387325095091223130577014763488991291894211794753774055785625977644135410502096619286391379770978836724967551634646174819819124100295827724586889138308937693223236931839041971563808753405488057117748011705409571912069979171858017676493156070
744 227035850869391304429385175529836370354483272897859801543140099380323191604956104681987732453706899000320346695727294727163215656920806293200964300900031539517114697591901193183600802434424357437938441217852999766365016716037982419651614557392460365084441650372030769497503385816165072295043936218343825654540365543194762128717242177945462061051950857677023995042805449640837572406382357289594868329555673
745 803553380584857483522696250127336802850279501262147062230944888109831319028010470151404353190645867146049537930846291902979563710761993400881279961686741470148668724247376489952311704199879949952173901532935644713440533597074530487124137205041284163921271912832243850272534573055600516959310610769465735839824255222858264467082445700088953448161320366712359722144385772093282396882657148514277652635756961
746 2844043242022239256517993987971296878032359088827425083826540264764931259805736390242235434197997591762156367046775940019602069335804693432591345226967966610254581421914139885747053963163683686382427997676462572049663527699613381175844608711082418109392238139910543187203441129783013344876067990357458111925538329826487813456858080197778705615166208199914658037991930425303954665057307725280690347904226481
747 10066044049152704869020906117681032997943159062980629369547692333935987122116271954058665233927972413982474743589070432226983966106003905363587000470177746297070009162734897210101306927019279799149052533184963475944378733035354905587765366815637534332175107261423689178397306434588495013530726975527093751386131449225366624247632682842286742629337378428516323720816991772635011938593680673869273226509286491
748 35627276403199493384396963592710887263993450070015840100039058904437014035016233600758376920812896875771502747354814548914012632178410510618741776175678767243338060270938281977600196510974451976007501404837744870164374614654069150681596267821490315829798045669129037081726809407637297010615212289817477761990647228541066151002193224249405070020282279450700826211982265208354106346366970056485383359120521150
749 126097821005756011525635483226342752397939953456036216445189448516061056316689240591681282464085909291875460881472012844405053517230018879833412501407232532585073796881401045813939969898283231094959190200748213506854296052011733038981606855090322057976312444696939300620634216233381975419615352123484065357810501895856743841165558294515468823472719318386499482476597683117366268352106066145435571387106732970
750 446307001451529249540425657101817704688335675480054672267568944215041086627185872100017912993487220393712018164633178955480877896671789904630195704320981304693802785451376663003145999962054093436389222109919939947406160944072430460981922736291059459144419476691529631619488768003878904203376365810356371713488854415824599437290928735248449367582484523117235641750911907907505002812173406679036614025733106135
751 1579650371275620647795073566253066726779819688900832163913077249155006868725815865585085990931201229111181889122883194443501756077701041273701065202855088395839440255401863521840226986146214167751407016681885685781569416629561143594153351992064035543600258159956994574515116861099372728812439610352450091923340606723090273273846175243892727017714912516024123175607642414919527310271841273919586984046071887627
752 5590998823514242604046910851800741325178589470698191020959683932451351286313948326576858660160777299611257039444511616080893487415326071461443513452626885183640732885483572064442204374751160985922424347065782584114899322557819809060998470049319906884186092319037103648095528906189674573279731830377455037440903104210574005802518842511447196876152978542444948624203282377217029941797094924066728982199152990277
753 19788778061557673866728786161928453307031530370809267692179048326620616938741429672213905635114224106450100143378577171622062482568926842441729578273968872893984789944074313446721988175957346430891867477307661753466393903895051754704884896008187046831620335032592926917805006309772395637347367607592789935074486907998767384364190806341489354869628345484225105360732179111304368067151998558065424847583900177073
754 70040574795005182192376971099011156710022355850530153320167564525606316176120015234357197024403145121657654496245954710030603590396978346457208775880892398427918319964834035890078888752974409784510998356289003927215681243213727482748241456747099588794044203934692243412280602574702046875814573802848645427815180223581394457602139958212163853136135033269371360260510670564300684033527239529634648363193153793028
755 247902878224160866397368340722028127599192997183424756087041927551385874995374588779350664865815429208499487409155424664768513529384670028180475700099892010062574232843165459633147952670846969696111684003650579557547934833557641849728164982266457997622186514376595035884963817052817658841866514134418500680862681585513841589854468523832579122457321071623921305481143646169737983203114041919935620636680938731162
756 877434239274216864744720278328020730815306178456614557975677386609531004893230668511598588482196074983543501230820021501582803107779935165971982005810451107292982127395512111734904155729289074565776962690237235082518990987885070251194879107488353415988793428249312069180988283756329352569595292656730541268692070237818234066150619861241938587742361140743780262366182985075934080673273039289991928669180957341021
757 3105622922847142266864961040527526767902611483884777730681680162657869846645900386734055672404290966924910561426857612943504452585700104004058866995519691518031212647431726767771557574607796027873918389415151815730248780469182282281826821989344286606812664177598322327772214650641925399584080469046328237375875827644752686773787464308562722429467971938511887508411630168010812070417226524231734765605979027603433
758 10992184381195661537766033301106280840488718396227579793383994740009432121891229258191767388139384055258540192466215511478843136334299148713277746128646708081292766037567230237395180172484785492503707104176581049671870496846813621406967153811754314780974620679912093342559676696202514660153903570866497473993140272184789555464088463777802907707084846797570634024019972956204092809103570916395436816522745451663593
759 38906343544352560338701577464389611210121906926215596101347671997945118770767591694283447634969807427421263115251230350554747242562158959876445766978162872610850416238054846212096397935963571008837354415893020860624120099235887039202986338176354874951279678438274830686132923707818238499543109490973801811245550493203240813810066878815446829149115701188900837485230092104867619087307457053685477378364039210990079
760 137707615695023986924951687215342551954728236480803479898698070687496392784318145613413070978805162514101621855837262543347214892026351964410986371744346905824168218753669692001494152356445287417007088452828335959495414673090273842117616149317548380551063560880585541858224039042397269254823228729947730445992706543379179608577683971765625054373099172573354034835615078094372098599409142699133204077397245770616834
761 487412459075723239623559653174719794308622559299457237325128999642243773168304241328255663460169591309885310469618598996668528454814836245402118489008522577831174079804051600942865688503628265138016987609652242291479638201369350221179393553624981647746972127298381766451407750571160490215816676875245986947915308459543619372672637161281320157765662846427756091683773481593127846704048490245426835021089984244294822
762 1725187952167294204844274597333644589138405546642410702383960579995545745225113194979169875355031275132291098734394342723080125107528410920047979294807387919587264437095144816838351601458116291013727634367614293223760890589472226679266640903709069547427391333619358523441197235413598191578295713929773117505504285540652343374651333126380421546055829267721443000358816580413888388536505633442372416039196954823721699
763 6106288606465384213414826088037489731685879107137454086276736611347140727174489051024771316453231104678883529757541493031330967694147726541458705154493106214075567865254875888786856704850139693382502178206220421285025891087323152989186386372642060410891157641292390741416201473703454264003856510950459176280714186702166008901997833832987800039584180241229321618937620939413581516907097716673473365896269173917974515
764 21613214027997920621807951027508470903739802042793133509217883849532176294368638808341502608788886243023262985727834817227151769606446662784800501657359263262653229577702294608569327242670474508625805381094876011894761256120786236880357720509385376304376637894810126327614228556357141986327355161437727069388123490177596252645634840985457918097254074265663589634112450146754126748653478544612415822810951834019953149
765 76500186785721112069958383523562716210291703805616627589132421031689946223212257047999208386902862386463370802419206467695943064180449154609126874490502326048347667126569333643022762025774207538463814744919216791762301526699415055381699111390587483950209466889693687656169917642528895865887506498111273819187741504355939309739315861887154847840149562277613169667210992009369183671784589017842772364549432616735562493
766 270773867526866787485751293824968967915448627290754127119186253006647424928671128280410724858418395841575613655049890064862428269724332865346323706041967532702607753011759404536603270369041427804226875774088584266747701021557117703526383251076431373943856230352313783216437063009811240890878089950293715150136782575154092863237365033848965386310110609718576759372384233379262001319362394254901229331583046468214172416
767 958411704881371054201880292042190956345073748303791234472912999198353645573659800854346819461735438152635456039227307534566834001764255026446554337549779659294390317331859137349129725282758812872577588128110791682452586652862151041561982174693651988777821216363153071255208760799653378825428994565671464259267192161385933463320229789318761237073504123983882851828695022635801077505635547991463254541558522586936868606
768 3392333767093140137475057199517183642472296590225785253240483822220224595592922123345816520468678672126627022191746955581156442889249015136304857678309364097874677942158420730215620206279707198435734729491237449994063718452247777074949255616420692680203000655828375393744694557781005235227886707302169203699846612455189307575356019151417359214765994197960393908346156588269037772311665312755198248144473579723537186049
769 12007321638347840172810924356069603746646996600644862685297421639908680698188333550225303265680124170208918605067286985321431375762161520182109528524645644076113840563029654058040415474823882830171629380412469525525796346586677296618830355977635832516073558977530820827113395285404857188717077040983498511292846843432837205111958841543860397415286416922423103680076250658739563348041683361772609426463726933228696535041
770 42500575678303044773066505178573615893041309416570725603279311741019560555881036622684006753477993556712688272034847072119187876448907112140556500232570946465371450678218807929420423852798647293409276763454025712874598090885392325079375600234694197725385253215752550300385134771813219633029648808989606426334908552413017371703779115329754494827135662372188177795614978880592479434246269883729227682370624905354432152065
771 150433506260757068786258469159001374102508324496782068145984932110490931324754828922215294045240566198776944000689216294811837393049413817700342380927516883869648904026590969468240066569835162856221941907949338697467682234052177085428696650591863035084655018146938122544649867180839710871150055014489023354454723833491206293336145682564223388845997270789320000114996517695309313060752222651074435703587898034308508179715
772 532470359522091083909788830082375796035505380450816100538193245009258083468569639642103642891808249480676119993453090328871277142666847637807201072383651331770265589447790074522858899801036816531982717378996736487102115918364727849248631979652894366610808903390594998511401870702618004214131297419580297634921228854208183327718196803729972678317328286104340493800153773192401151173866392826812552495287898412361689565446
773 1884722381112260673343941979820346657746852697990366050681840898415444933141226604804320681065955931870575034779793534990962073419824603349068378982680049017708369140028895106648893687680063634979685261010081558374940019908016945329088553181636379317174739137740047698405473095304626193062909067707343574747867822977881619748034503314357361819145253242900492592244366491947353718189393082575782184848902436434868328069394
774 6671145711780262106061690257206874418239462765338218480423271030739246199076333185573527561895955167784996745908684660419556305995531462206365920683878038432005705623926948588172508692992086309928542012070917252387369770266037582423626511185143738344729557731637658836751481828265655999906184280625868819247335951349606608915049820053552908695977865847705726700383055868885350060320718278496376024146903418093735734709039
775 23613183985573886841292907267910768599568431188295435023121176963318841487896666695393180522905609948742736986668834929184313045051261687904972334348136130984644273196639458337192738481375568356840081552315381722651718082140063538174114637263406424949319729128498588371182421363247858033620985519003242966334282229742856244115934218182009437336450084714637972410412350079798944730693557928755135401396110601956338014477451
776 83581422460854158357851106101556906074088325233499752241888571925594707823261719748361953488661710244665747365456077899635359159423441791067302212874952109855261404751171468449675518994146945952823391331730047969244128724506574536145367219906594925361403689905886119719512216678494423465782190512272574724824585799326963067225946490075465544198006342798576528771361396219171033397984475181641366586934751985347883765482389
777 295846233880236470347109313727588238639773043689127854911545796867759064933094966869034343388654394261126974605030566272944527658735329941173720454370849694723039358049200742630577921745322134930763746251387067330798849359369877124062594290587930727970375002308409420265898480306017167336041597998513682803525034843311645413951954964314473381534760182835953161535215752304857031856170844884626039117688227754264447909550025
778 1047184991712760395449291153035579932416651120819871047238404111364433383918167948905819690773249125096814312206679767506719008605954332169593522256236592183961796950583799925484063090591633905113567147039624902034083532287597285259827141536310138541344111637891274992088201006037023544065000075428240172801153949049015837110927524739557297853026160524222192093384436269493158966341550540111185948369090677996711129608386972
779 3706652288125962087988266164066100267495045340861278801670163482168968863290802052155605772113286549819459981773176584202057271769526939796506278595556406423942140187630472763776794211865091413553517394440887277962233587650668567950325444041352205230791131501983144648488866295101508188047200113522213186648022792018124826482003480342377676620291949543380501378936315741103237279301106382669714104127242249415536822127013970
780 13120227272488246799501875428502483826065623646323403535698307356280322949851307113892181278803889471731731319970401891122636821574659364275441977526996994865631170006872471859825917214758268158914768506775028033963415940408592161416002907599414122523536129940166530306613778565337760062082785764502980512456803462538451194972723066134041299708899060735305636670228198537783649802142155152561407482267403000029047888339389189
781 46441040049307421208957057413834836584247286613916129993736154275036631835716689866953019210530399035610295050730699370456118427383456365493062224023389376643649742443361243072401435632816852247109070621316489978078627790496280111764248414812036643508282108844608250688754248112097613120894384597077909501121863278733755748158173532156581883162224350236298734071858075654031603025505844019366167323266615222233076246546302313
782 164385528607033314310828995767134808001291958593320962770585609495483235611361900908089650618242761003831000780557222162300764893960649609121096662279767458124753896674445815253132549459960699853119141140646227519653139500735205064598757153438277674346196772788640526383817476046154168364772396857177162660113565106018037464428233615049849069623856086175488440426878346759982146026977505800361012493542483271451547251635987321
783 581870435213087160984690488536291718551871865666729836697578276804103960031727103703879401314200840026570984160664711718812648693425720472148955243790936989711947234684317789315269425968396416384480659421994853250082367279988576524318815117176283585701463875941904362416106227389795500580679376951598333558399357585347740205677991803714907209830979830424185037866285928312694941189681511082510154964782788014381619023708440999
784 2059634039495551949440134338195030856460794227165804530474297336378659262961637337105612322071684409494016251684117182044214525624690699623493907683886829013951809918127881396157173279770857255549205533653849333382238651408370826025678244047441043671003705007190995572673387253175177440356686745191380386505969228361580099397140455968809946389430301338333145524201808094257846833730676502069476059007859886666960210431618183946
785 7290459275106331655873542973989647775780330796249273754135017599045189086324175671177627161271181289406230892220641432193911791949719161883561234846920431892822928745444248443488434632408316496484157299946403862599761559308969054439077969839468784990800535823602916866081680996876125017555302980476389343820738665616577640953109916265318067152608721423216011202849662688738357225728482975427983367552570305862146110293922702510
786 25806004649496966841848761067962641588981980029557531254025177902129582373998380522058800187376604760465067919662335970417911611425736186476389740760994675042914963526880877573432509450667176810135735697330732294710999974577415663589709620015185569586587728683756916378159269848972927655361258038449309871537491916845323323272730700207747581171283920813603453219295827584199232469914364711239240734261725036390852476894514992251
787 91345615550410134911208646029963507850200561205062097324016053877907096775629567569342971138448093818741852737044992361999598312154907061767155474795789043708314995099740269957885539267112273200288936678391178142780563888497655763391388507796215239679123503093048682847764209201720582729742122996100942072194686801559532395157759257968078716420750163338895341498817023391696170375291777549716279090962704456955570170888943934547
788 323337214222674972690809636420583672930938746045211746193306570243975726652328181993090179106250398847995352848813785469041309438247432487460572442869251664552218917005314967008046349841437781469344899293581357071604896547248889594353585566139853080681706767939737859458240924052514374724678436700627308875468525853072933750696759453929394096573036278425012279436759331017637790604837417132008149268395877651928750346075367432077
789 1144523528506924114926299068987193815767772207762459186869300926706395027505886749189130099191496253377191784780526117496378715331354700730281352881962964648575086105129801360030711976494874847683310954225290021511142789560860863956246986392399262335981941579210865226402868151890278850489568635323862009965492715106849647826974149675175677692153802426237593976526479699363266002242220507450480858931927054429421017077149680811989
790 4051303718487375842368383601476849890465943888328928642686987021571812210979791632975488675087487460813919263812732853550630660997143282337638545325527259610540945278150072525770511949142682290661706404849764421546940866633288039253579650177930175477751694159974889674782430758457158539696025391692910948853663682148917379502695627330219407670252798763111974988543196961652926172607133097517004734902559842788701599234025463774872
791 14340553769192752714223145363330012425083212915632004820883205193585994727496265993436648153268908190845808644680269532483379287871498236035387871371934138377197102233305802335949029317779644457736981390947988290781941461697392787112442713566689601321091364992640130335674460048081526163400859127482295278827378278111350143064510100268342252550595666208460482603834982809065384837832501079084103552158182828538735266347552054461654
792 50761924774893447463409981278432855337746126575692136315918272858325750210505290295470661528127378129937145036165744791876830256712526926630404539614315047597548565924451669045779885956017161190094953111789837067190950006343374069561954666634040076588035969390574808491133172809271953200350924444049711061163480054885129572670644344966084650326405498790989852630826255175950090131632946691809962279340250769703495220785641418011817
793 179684773672714702442962631946774178388295202997395306050907018414376356480799640308104634483836810253564360379635255752460822931152108485336546004082962809533280661319294601708395235699325366762222276447622114235098437558120565607192232033095408787089968617237386422115321833714110543651875422192333915440683842434953824775032777126593970782359867156915044714220921381158137691364431414907986738404176822512336283039814962688413089
794 636041578731180800631561880323834730955980278536980182302484285074767395223660174556587306243312257783721044251272896732409735004774843607558524824140753106429228836712469894134103271259561463876445089641506065691830661822460231700143066914819653757597735314546205030639748894758682116710198331201785888592509536528358106335027195417533407663046469203314897893677278672453386608897517787878634214013906825622653536142920433608558801
795 2251442025535590037767537839226324104910548967434499062682335257081149508712817425392738116326946067112517799470978468229166447175854340460367410509222547667061548627743721223072435180126175334497492227092927205923733973962661934905868156513901686476823812633483764833015647434196250103735475150204393411448684078780229871566544582124889385847393589208778439267737672972364698204123295454774094715264746429718979127911240364311181355
796 7969609808427891249877877813903767517204181027301233914915728896523763645772242215276033019062657345354843877831888885886340777828969995437159658272673592417152773712660233881013356443470089067587970247663782811943315280971696745900317579263954084007225231990500173748127922304667453914854949508590199586404491445246383376989418110225214204210218791234438037849718748001647723596047633504818004698545510863949212044496776625750795854
797 28210733337762014858225764094127680798206542692355815585184281434978350210794891565059926502245262236533418586984469337221255055336626644986803323750047133715542595998986776049077776141342636685582108018655450304813902654909390757023206765650333065509680598982484671507428925982132995363846341858524026544178697650451717449488677383208453038739426351742259293382993993930636398773550246541791877348035749450599060918072576803205385530
798 99860265528148919267625543615278864204958600735687196017016538825087913368941631427051067407179575330544155599995554877105579395781602981156275279556975496281121790212865079215496619331029615757728323188871011179852686288069602517350114345647102375719247128749876814836729687354143877217945782256181375954057662270283991204313088777489094034494008795386756000901080793725201945362251620785017190734540406107085467759799062671046929543
799 353485886447976487495346831889024782608348103180281396107854029297364276343340098093212173246533652604044964675554006571977427711232131497972164431852422025331766712687730643527881704812371275633531330894389545689121679579506257235930815927829763886465245724675072005601617346434430982332291774506220692044376490458893779987531528708160183337552079764149898249477187658292416967349060848306821743452311102339233200597318416369516609739
800 1251274111429366311550221295123298326000603145257493776604048695487133819542889594985650834227593529639693529776095695120402752566367762365850157768757504500434692924626663650320975776345608027324264225646197629087579552739721186853155398093636627054917717236469174807865312123256088872585553968435127401731917968517596920343739720750184581313056641754104773276197412169220691212388249409586243905334315570967140245859914495213322487909
801 4429287350329941704628619985431078045671519591272872124549441975914606739279213038430212231638495588905096611113718261585309675382730245031055084071827073473231228249432038780340791857864531964999432938991897134519284600186912810369143802782204606922028649797828014998248262749860941581536183428896790992828589458019613793060228088699753350357189979142159318511377542394619124089500220785040506921744215210203318414443532251247656436193
802 15678924419653946984515172278108609885757980201270005940439746808307230999937232888199630729329056145289011433732468716156018778868930035667217892975663117581285906781693151690190195772047322374094384425407563244989871742947193930286785738965468743721687986847804651141875219545111664199118561520273035644614994579949610509988601634231804632479337718330227586722189766313049372755168283811324913767165434587164297628478314776501353927860
803 55500856875258339316139798955271829361459478881574858056515952028939670583156299764983754716845432878437776099124703937165373817875002487675997648503207294122427251194624498160220745265735660301620446114537908604366883722905777704609472967711124963718291027246812612373735025050454679126560429977503259625082120543966962798989238085415492470157166291049126796895596314989852524838824445839158456683849333077228952062750232188180809354442
804 196464514095204942351074199160230128374005921807253879641553835672597902557547780272298086906291654432611808572068806226733170083212075472415085221510326878666832084795390474011835292432682189844823376674944458381218703020166871685533186719816210064539779548693974314568696551772490809142809475627995546079713843538727133769991393437610926096341470440865537307967107658801220492515427152202046707406413885820520478579092955323747753412397
805 695455834186050201124995416919690125767972574580937332291244737066075206993578742472394690081592274803064285080413961444581831603185281283780072580578619452889165389871250827738893855375183010006097675561066213648520921774540834325325250019534232776151908955223982142640844092569441141375298142272844142737167268294273541405625990520408555290297740045858066586354801148479521511150800134211710973334398776061341110017349225024865101796393
806 2461818294282071845126925622074971521995012304325090271383114267048350018653789874342433472403934923087532345926202569282544213734214615280066583053050986893996574338253853437486992732763681057716793998243272898343031492313440585239551423394331810034349976963412057144759730225908373902578391967590936275877167135538899771570913026110268470909686469112560661137973733762233350821985195608956446394631987120517391742143952184335075651571081
807 8714519293096697006717689180053150095020220936924629156402839905813827517502052463845793233929683158502404284708259668001260915789715369088563444981737445757604080939166301693243230660569535376750637409890872351967775533426025382102259149111169062636683108895580123530776382077706809316755447480583631794598153960977487354358854786420329481681369869287268316850983553179416761517848717859094946856090240267176382441780122520231276871611599
808 30848345433228846118349561863231672749236941554492714773413675681647771443929595893393913598651859129428607882223685396195412513134182240060436797410082931641466574459585698202539957260381278285763173878800402919623745407432310291248937800137227009009516716315228276254084066700701299208890162423280866273433175717615937703088281977643114552984486112638666702682894044012334574345149740259875836968768683290445742165365416943823626004669202
809 109199666298086550021176124877472423637765591295154951542062520533598655696690231787371265317225739169693639898411767041807754496451508993173910593911842304914090356242916730470511098675113931288907585428024574114607880652689997559136825638167542968936309957318187306664365834161582866337361209033739358094673227833742010100586927942782222697984738278595093352260207683629919135480113141931547889268313084035576593125923292359186687614959222
810 386555396624729259686779531222818752271494847859715740823209190632078819431157628162433945318482586900024372969682632786940437420533570724440034876991421330052187033883573445975754895773598991549751656533270136266320886497178286956115182154464345925067153291876708786355736200509807623518589471387945910192513849887660058737185505543042464679811864060370859918671783806631065871258121866586898641385930392549696686818570349992284350573708563
811 1368368794348061687075299433958110779328361081866962585985740061092018268385052364891368385617201066297298330759324742400963291987716058798588926307145142984300017415965761556584659764288519667462399863843562430385353284938870268725623291518726407264357716102112823101548835417991021310347138112002584198053818469442768808102317694426521406212940892413511771892982371230018258138555925781008264699508544232849627005239125288025710197549594995
812 4843904487979939075395661134780063247729746981790288120625693332887250525867489657177976912274564889908802898414586208162747908035795876068093384374317786365868802202459902567694858641503587898174013016908986540939876092293176510631718202966348618186267293380255355961814060339870084883875743472327683383800965714456783965537175257941013536104653623294012923264481717090979644399213762882842364736408163151954577982963036494732541968437180573
813 17147032347174296155424259991759304569908644577410409811643221722610573633319581006718369683005602328705609108007073090493914633401132894950384201548809342479286256799201897435576581488846454185147750282037318494683062871535651156023820988069326232859965979000116714431596547996698831441526712276799052876080749891193426587952135217056151753828890795554892576295695347712432710442858389482886714780008201278476892935672706839312539659160853677
814 60699253090942763564859083975308474198693264867112855592989007947153002141135358869494590103832210657983082621111759858173907201045209824945078360259156564460844338706810423573133369872368750061295033361759482002288937354874610929394505099344451374558525222747336523640095064350165955062131916714252660923780025724760221651223707427085700670990890793822573119370931444951653492339740474124521580529812406980625660398403662244220314701570273968
815 214871447040738792999125882035848206297603818239818203443206286996537780249933863302631229172989091217497021529936288156342573786822852907748872922041612692345535030511267820388842033908094314054170858830776355397092442287830601493247043683794762610995600885395274736809442294335508514896452435629126202163258502610201607546365658519799231206742303798766632489491497353297837584161819567822213253102837214751692389138733645320921664128602227310
816 760632800151792233530738579894728282887864598117469386089577708014513914032633322678438103208688181399910866732513982312891114623255353596547339742843894985220726912403130524138097317818625393530985709298657544631470157722005935141869654678486008867912837461510276106731804938658577459058397443845891470158758676211728814086518297729874461093652207684755222762469131880594366284992953039751376112528629679913129482427367598918550163624168363985
817 2692603255778938423189757835308309476762304723692838848011841766817395410756869895206691240132821951217698032985017582003524073239249607271460346685577638083351855558915344864671235726607915428303136936287405074388295239171114300996830682634845436888621843153909365357289245693305264034453153186939522831374056412795093167260131930058155531291321949090066629019917236804200163644431706381921930129290756820789066594889822276982163588560556711553
818 9531706439047220184557171261974110711942019386055138871181577448870402201032197944760213247959519835383303869069573291271160651367392234119648827253550087195848370746067393268181573581733922315090616600910491694101074242444583378455037498816508392538702170698160316205787166346640039766373848768346434499555524909592384670796181541778788383404015419271748952406963077102074471485706632087462616063860026815478268365369443823614191643129428354337
819 33741930149173022066555487015535318946136315267006839241163172913843972853015842594659784631695979571200276237995618158863803429175146501846944546981696620308341568001166120153571176407762179017683715594505496620674550342954221518022713551727614540460888571303758270447201116332884834006508968965245240141853956767892073445205682988372810829815012541052411471397380104770989634706275604031486021332705318328905788640997721677192912552992659013587
820 119445599729083969304649912639965665889006674225418402876245081322819302232572542716185432872412269664028950937027432018480669736364471130285554956980752948796809882228155404588981239440186968429932814830454039909885421260723316372397797168310293765975702885198767859808685885907351467827595123051737655967645716373248004865062535794397872209929968686949015861742807065277239335869507143011246034325621481091280585302715731703587870349591752487318
821 422835415968714455445777087113040830689488099230735371099636760522913385903306443061883264623719507677311763849369482432036224536129335056217022176500462586159176290013082097902841344057409104705970940642202131729978816858539913817830303540128691186057299125374456903908445075831221651108931143930054846859716159085021572034734941532870686549368182268296651766113974212005446814664956692064669446952774761100163619904188285359399386739197536122402
822 1496833593110925451019525726398959146747321141054347276799884148499225490391587588960748649421987471963596573356174021979886856756503988700036599475419435748134560415226111452235187078321272774723339814720696514149888762569919026534819671632589250165762459829386027983587963884667763837052303419682585366522370332989264869002186243452715691995770658923596165503433005824308771754420089451028333738310005816267532458586007959660484223282197692095455
823 5298789284465299738967396681418212174089351536155416556796963111133186520994149852876992367227051103796256425289156334481856130724007095888301710014609488642337961888310730561174840606297487944168769379767093214919957586774900957645285948647550400032520327006908193531158599404913468946235396348312806661649519536471464254990622541708205274017031082519900214682640571346439291700109619278253246156837263763652387861374574104517109813837365401759691
824 18757749751397718192540494201754735144795125096058900104865950703749969712992688422762993106225340324055814339001892332789150169086145162337878473795492344891574637646165515699937811489830810439735671927223879416730274128933317779715892232028014808591952237880930474869312950893297975117665440545297478233905412877096317813385921937381317605319243362720272126332911392962121175800199875407329647877863918539216041694990523480655136835694592058669749
825 66402706901443633060510525239339836161033473270660460156577915711311155700143523799322102324580934987960447158505629614531637427274117864826564062851081472234789446990037736764024217652511355707720914727910416655861469812922123260903463371313848239192184649433237503248330764787206456480932633399410900074934912621441327726930792671638113316578867244175773862427778248367374214086180231917552888753570712338782363542963827428159981048811257701398265
826 235067065292872908859632731205597314808307193321482323063741452169512325155035395701328977315009548908887263315499887478810992012293554180722354827860947759136425856617986992207328783149509559446081175394695565553873766279552189985333535291838578335777249827523095575206731188190012774279743206385136341671075776323510011316959653876628398942836753134139779699387121114985817119578817233379971351592814017825886650521012084671214476814501144206914380
827 832144487017100917109901020498869327602078533673387909982935736984134161713083321976195618964602777852449950774931675958416981666792550750947777483334409186425553680609466797474364841631777015691897096978045194441019126024949640366190800152010248287493211910892407588916072312093266569663990853817712797123322276486105039163160510797470200272323849340537114982337461098210151414667632552452220687908160015403230300438739851860561245183358598678687234
828 2945822983192762756997678751901921037465541193830208886067061792156064450200679398952277841799559874523774612911570376596087261135020981994023456453033388366750457682465074006778564764317046347128199559002558525913166353842818907027777612149289409203113937913953790797081089027938753104963149002678547709923749432772862389587805710201219693771813966507387086675380929291661336896866910903010225525989515751124716497741988115943666854208785718413259733
829 10428347648052875704251627750761535648572737106129898677926876370073423872414604912156672644867501302909701623048992346677275169660609001235910172145229761609288643212168090382832353945940483366873463363816304543018105367139525555004539457879807066450147870442124286161823424471876132627217831271105556691501335099083258302654593599970387259435926160925777791888108648182499129418888862621271811501658820618158542479300943322669317946739889854454364201
830 36916906504030175288897741943217389235192286916260600670247484833608641904873629820336705651189183968972543770556141083595896802627198514354610444227803613504398098059902640679277872640240497823165892539683422268264717271325166504752194989341347027580043591911135593312243657477494725068610814490986837946155785764297150903261705416881792769932893493362508514544600330556007944692716955270912857584450776687585210833732987813748073848387978377713306393
831 130688100789858696171155814378400071179877593018023153441826675952659867693441476698596807468902404053219606980111879492042585648382450501396147196975254243186867027354551062964357885871223722778004994713917377525859189839488606094618402799034477999731653381794493448357334087160110468742582981359182223302964461625031735316429337906181588668989918388667791520611792369269014956012943482700839662729751251286501014612529766344930044637663129357056363895
832 462644851493097429939549202368605942464375027115956163412587183570636919278133082789995707485104654997962019361111386657270215642989991341893842709254992921495669460070497931452012617073426548577216533702520079231726894236297192812568941569668295546598413516107859130176910675930369733060691794932293638527624296992313171467189984340101110017128572083451004817270006343294289123056069930342814743461764463300790746632556189593267414945817871867569127962
833 1637798088595355086332265097516101519690151367314757510840771527518761885877990164549675944470656993122065835178628755160866645783424297053829038514308699371827588879270417686215101093533628142919805119543470979571578672661042010212062748744307235750137114025038848681533049991226639526690952642372708626346837353218801863973849721153836157570787313242343782541163993595796968113981615760789681289615947508170691358008623323190888398857662680081078894590
834 5797942762365303435293261714182210330659302422604030859655046198482042221498982159997565372231117770633824293022616011258439566388296066267713257756558776840762680156445664396077701537697090357661255899015413801163965261786798266410907507732339131685439193062523625357378132719448324789631280244013079038610673156949223835268691160677429673808118932477184785751166987236337889702140683419421880713807943176789811892309596854856099400829559129416440324779
835 20525248434501726452726868608521391512120023108896205483933861376647749461917076159230701490204268115583021684307860975508991332001125743964179191443543990513711695670464235027260005450679196130493169177057982764575483231773106136352676585581454379152500071704940573935237538735708606751969376430364867262882312860907375881410760200239624665431737132705923518347274026487986762578668318550700047251973656051507189309361719002572361916352446561825933812563
836 72661415515512840782622736918822786321544970306670051600674534934051713782820316008781023976244244739944776631899091201107370216796307143128805609578257505492789908084139308701489836508906930296015579500316919664990288808541830362178256099351339408902717968711512858957120999986704538669333864283056582652079760910709436016123018764295206146619909889934433286515000152012770067921072383196784589055755152417599025594431723078048151394691628553555930978605
837 257229169959679266868020750337216277352673783124070217238155819634406480101802793217378983994547878009633524542668525393796796708933537676937167769114571116349399025171249174462810935187937059859045660210103035145261475715778165380847970100159702557876918861206285309033079057227116098152597443569536627729421592621823209868240318773758227061725418212973434597193015120697823899718605651415154568496684719545442128498125231543880759597535559845752170805125
838 910620676087329923118790213088029245485542632447105194967513515275635078989394911581859646224064893985492334131151522293285995086102002270873564305867425514006676895456871044293660904918094372437829518339932473456799777627410823223553535838706594724331512484731956141464111323134722974669583362465248153384415887479978812174289504004808166483255995726315920026342226304520874288722418826772198016539857007464471703087209930822988958792812972697747265322312
839 3223708198637844081710634699496851912605104982366354599615968798010314782076611288867543099553998681372764905573318952030589789980075824128259083185131376271146913052378214343531589282648483284746761298889058482707285612546363223919988211853763837292239900615201038834291967467565415392891382520666112352277627566404301641343835250385736494874563928136546217230322031042063098888252657887926869175415849731713333674798515673546663743570145407932091051481542
840 11412344275329176863100082422937128905291705723940825324396980602376252187036829720534368268390710139767035825902231472736074208034315954509416894803030276622575642089539773739924819450376885873674581539760510121425344202780410198408650635331241642119055715352141360114852627448037323314113406843985171231165318876962412240479509541562295345975085434591454291310716332695578949516460527229258466072594857210544275845948637209897537801914668864803238159020153
841 40401261611081420120267073701989329699265760028153359781099181104444772448705051685384820423459950752680710387095112404972656333084699512051283404667113749170972234096286958766425169963089940070869625802042974589023361226876601869226025690116808989949706831360443166000125283733397946010869731775740833288980241682263686460079677982838176429235446825363591955112819233522940743086146276281962647048701920629616049665950574103570703731849858029444912943603361
842 143026301745517447860775734405273305284828345028056650025427919109715617278028558443307183561326943482541769348064107887213493023310227843303505908035105437986317383507932411106863899641686711678428376387843676398034009669242333762281013283018270064307771995953520248945141362956725095846171192496670687142007303663040288683442333627987842936921026812759988426561608498825877745098694353276495359800677695117246263992613144599490131065312882853746478360990449
843 506334836772634490081814320390239639852044652159972835967971179730309999580446346369973435031950093879477350763511386815274815688935810466751276658528639159715056275635467324943850952599545643273388959591032473726322890784403758630444309978497457084230861671624020132427401233761175011796068718008389799789150907428266174830958926652809899409485152223901799537809782086838729431732338685443549000759700041622270385381851599065931760585170558550903269843789307
844 1792506022198931943057194919144656129890365436676769196718639003623153144254221019448191166790515010700556213810948364217684329039415956112038895186913302770975069548230395452222342136091102191794826142612238331820135015510592944903830396098307094081795045429834853136143297816127295822056351000938743626421184980226253312683344103730141141126702438982448275779479819426173657694034778055154145782295882194182411558728581003521585419423556873368583607719054558
845 6345770350871445934167900870300003510119765546895087158722446496007860030251906325347871781567114259878848905808046238088184215955055398377427411022102029765831734936101550798012697705736955169802256912304360260615397810732720645223968312039431606787738574294660543659733560054022453428517522639971629668499417586288420950881114787598588853530447642060532391136225391983489271566487154603874725838668337953180608950722678987641778891298282619430497730476040650
846 22465132785305187537679966954330580521349038334110538429654820036256495964016022763989065965594217331144380154533586236800882265675461488185013933106118855284352470771768795932300161649232203457826890070957010024761828705202585050552791288389450781593803440292909415146563578395899940531467662705301729193624367022855865332870202750335447591127870729435440420930615403882908806802282798187485263397671551447269708857839638071251994934854518485605566462456719159
847 79530650999803847860032217573254098094372687602828674724307533147681891952608132994045030339464820174706988515093888465157896489916853233564931692412442296366122673705577966580910457336846516985245446468201414960344906724877191458857836811190597416851322581467218135514698508055564896364970164132904509943847754683524339916327286797028995714868115695725132985047499012455044201538141290319492467972022702382968246603921562800621992052248306397548284432430175627
848 281553539563028932065806143837462226204395355741912052896861653174771890664623159288951220804874385649999443501204180115449044342138103656579137766424851453418978517259232173405554079120083849548104535300618239446403320303833192001390241804391969895022468716051243794463438864181849784805433611000015062561487592213678827915760219808340743099126778827409507608079139436041318048272597385154049623808795524186513280763432658474178476349036844962399483485431295621
849 996754832748353546035195775758581190325989082518622988443972869444985673158950585961821370180381698305423780385546097114911639673998774787446546522824056349148822935057481773651316435841199328983437306053232331713208092136401959236735569433825447093290361157764879305421324042455006937754818620248387967527303828795909022533529868113119475227860335509208199202386410597208942407703940708196551067115129145042720241578440630850192843455976686106268673568312794385
850 3528715222043579520552952089418148722198162137809940126523783621084507528285434778096676736071356006609151978051055907228780737030481828397691698026218639028495386514046167321040147057037604992848908923429553229193590627347458755379559028996174675622403774976805334369835046141287599446250346332635342832596284872793436224221612442450450026063163359695782086089256555894217410478947898723807471783094546532280274597851476414367054489734116901589709226828676942692
851 12492396846204407685433388714959709330933666440213856629412502390071869819948673822789155758560676968124226541673458143379328160480327556881034193935460746442472082338062824910582390094379286099161881792663162597835328951231717623856851418113991911468308049708152838633218809871916211466499597272426051836282091969125707327539353349995128434038250694518217511867239268799673269861059986158182175896937139696104177575579395734303974033440144826619132482301888648698
852 44225813609988179348272542415264193497535354759862557707380474554955147495418845939988987274707937060167420204263370812594655679243328450188785068937632612691931694439331886436585020324113002022499206409642217103544777321159644157120572529483590840615644740264156135429936286877062968316340756180513330146822461505766042937868659113336948099762640041280546245237074670260625037099408650171585461420949370320909247671964410841554724095869661081669138507135833414397
853 156569363660371905018108057965959847201098635147502680158596109544768206760223844058440255506410782643358604444566847964776195355715348250846318015868528884699855997493359650757691052470427408789650390289005566608474505210775405072452197999337344114719385646183195871318631907020430327388108805249924869550278045944104813575291122518895656648395918221060870757052103298134752221727323572052112290239141008143137548857164377742219805050250528063205005750226729885033
854 554292032034965987050207627370914895753170341863131060316238392570179297030597869873930675623463819349274199511389927566839649996708267903397295446458458965001646037280775618063259313779127333204995778077398404517998566911061521143389199763901245818848851810589273903506563680712712662756921365420855520306269344971639021030945685711358574797209662571070273327000589639980585925313026918161705592164853856901493059325898161131780811458072109697162021209103523321897
855 1962326987279900184336022149746571905128188141370958142838143927861712465803594698383117529169475726249290257359774818557135846114385574894688587628288780160888483777384120750463096178704948154889200094245232887881050535587922395255906319102777899373605077800393341221061359625530508772321053540079748215366115866949725730660039880296795945527966661491909730387092763784788176097626364604659767253685625889080595294126414972247898393258695355869348244540231346611615
856 6947123305814462172960711292909996249528854645912184587461308988466047362371694237098435910696792645692452046157438428080103328279533748426695931508856812262060305210771828122749685866434863365054166891954658661942286901748257722254891950964448912409547241150397149888527653532872964661046523533373031784813504277234819361208783059885318756884207588434278516673320599828869538253589093186928136099711150088398020512436616396443686831942876168628127486521437666554402
857 24594586520790111303071669846216952072633869934427866146705842215814243031999745741883309074421405140451439327598762631414854059403980915387138413905057184169001917565579872275806755840122727721100361917075061514206233349836427683444970578823027603687820848837542891914903883211204671469033329557044117909885620037732912531693712905760755833090808614989489276017768034982729886851853722003525070635059121106507663570385188214195474126090431837625380545898104091596614
858 87071280150294330376871850010273950566462610723878030433600594394379435065908878935262765712853121274394245946725666314759715830995880560506493707210189108793538320627678597795655565362072113640371259507440550095948667286019778185603072251783673448374774622469853983916432824729838151997519835509736095204763401903757785716904150962108981702746890114655425976133441437840686566096150859327574799086908192387619315560823430988077396281256758367866808506833059307158339
859 308255771824545247177656095512936524829860902416497107564467383288058169705820223797997607187354793980120296182921553518761710212025797155557617668132934958105512239231128561215991521346516970746540066596048291294606699320766923289466703407799112451395736490030306607921575039244350428519149453912051418927920773878781742022076749269816647229766921966943424304264775597707190998264680863456217613483920694879451191607427899034129402557799303204540400955764816738747891
860 1091310631498670748996621437039781005814952156856131606524094729361874912059316485177951750771221131708095444141555228022577071965773873487232933501693233218737480471273005854281910470703160561327027832415534191502417735690052444443833736212144790978984375644407120800786277382778039502605740042286023824662122195368661494152111767226295064249183863742038818881013249559750244638119641995256882998100026717068666496324078844003447937098155653456744869174712706193691965
861 3863549087886235139278403832502227209563283295707877026221996560368073704999327865558134379052965806163970603565412984079386741361798876122822952070332715565329323438051129410182921915519805017439858225418391039691015885049387982505713121889546431954141421311174101417217682927296926605759857582452865449540737137609148141281684101962047256375194475806061690188284489374796641499978208617963826381312245149160943561222147083475016087718397827410794556195093384022513245
862 13678086953592165676465237878049225998889745856678995176831809103335981537929154475685453113967606498159995432757444257223898078363958831667246783481776054935596917872577929520242393532997663921675689427123377218914695468039343569011029741973348290473025354515810645077013042861025179384591088810092068067316370318328798694385345773555040495536325418264674536706927125681247474349090721745162823746889944854297712072974836931687910487021428504093788691905734680888038496
863 48424501811630175939135664264183805391419593010142036627513439510398531237997363742448410865439094100671957595817598056213571282586962890674104107969886900744403306779337889737107974358243806845009116807682181284402870950612241797531255025793313766883398764405268530553508965480463333552870586844010107084036110230026947449124837896069370064207051947522245841303319369522012319285578293263193415702092742194157949973377847809105689332090488595619448122784703404530797790
864 171437504318329728976568409983076453112688369947532256816254007526941047911961955980410526905951719546409949529741620689719269564195860419343934708752822260362139950063359133446763083447530389499874317148566643581064469872410224831033682761642645172305420122954126242743688013505627809287333454497329821965111802248720295530278867733966653413435096619341463357790050393512576804178730488749237988442802271049826172459209227714240755776297007908023571475238979194262358177
865 606942265862557238537084937279168130267014169535769037609774738906005191773579463864416452607090753088097959672595475970861554478452026575671166937782855650433910540414687108428780769567406321212213564103991239613120403193681062625592282485296653226507253799203869027606354740355473417009980141632840333225105962168102780013972000923011618314850123866086993288742943443081368998647791859255482846998688848274111464811116642238112402316481936839977327528469203038964587009
866 2148769330936123352963745140122659390257228121085066747211829100646994035169838828014180501942222361309953458966700859685452044540557302104189166806109868784601124228897706422307814890279970021246256603236786910837766174068082187865946669151652406521751487179509244991183854519751439741083714836526549414213223914024901989889466499037577533788083698764104470441148366020372212038154177930828482230285740296429643665575195645738504748699599292264856390982828857373499985473
867 7607344417965365473926749899345089091958319166186108298924653985290127835366775095157658182512816214948683110750276306652017282886795614055894366338168962906577996243971057750155146656064579419215500494304698803032396070202930885910098525348012110396217857660153053456318774034098899808767730438130940712537470549689231623852176924695786421404764691799867166759281290935407055726126495136427861931001369305516742224002683358545885524771651442001084379111293925847905295523
868 26932534621145615286633330773727313054389206641422248088250183260205889333460494196401340974944243849168045457976755533603266711480002349709914553868994391670122852871153552778346327732124410242099846336076921448571059589019798521309794463272023389761289896166696225277720066331630422080421128195882777402617913635609047141599309860349390144515943228635630052325333621174893099983383316617549593698929721369598694920000569233491876198058336881845395710205977474316308879910
869 95350338194981355482471293300796006662536695940645795272559840061483083274841385964038159325325360755857358213968070051648856857385340777929341695925890847084841972867404068544305780722830867771186982961603163270331252041859282288163830111757089324648152680341102552135428987683685700451254607774855088404523944051141020058493123892344382456046654159513510997937663695174117150916340104578750942911216673495533481970949715788760305313967994060476775006598754769322229145138
870 337573316178072815176681636826061333922563826085816301085807195687938939673120444634543556420857281848642985491215215189271942863952506124554961778339588429459582583052505082169581969727105935089098627246076471297565321130604598948815565259907424490093915513791765106666291518082421878979121513423428164298608506620383214187662701299850779111121421770786430618030514226856745497288618265581277024028778357010809682095243629826581137370748938273320819888836319832970907081871
871 1195129156734147817025916452474997015321479203007246770929270981332334453108989068259015069864351670200669981042656419629971327621740456015390495445681827662671353897684151328705445616661156173901573340593063729644572644468058640242113497434779101178011114891608581905446696232107604413197904519206177085355510755455893918585730245500129460692522389682208983942722944148937878316830928846338206681022099508713327112224711776293208448743730227209597190551634556738370294382091
872 4231189056144117479734692075041398563642041233753985941865878287192045065756352522891653361254828322382795036421728258457281880963260004356138027815450195417145572710433057685846108566029043271520741795173190492501648137897917741776034036890070521746643007207133368660271295075220167531883023294702811526096082043015060499572799234187003822042918946354496399813955903754558703578841589115604451096724251624436882323604561929153641485189987970425403016855262964424703568328661
873 14979967638314886976157947780022571981716236488532341499398712867340671730648090098303600648547045468733357758739003288509011684793745235363457515672777852292757812613902631485426993772272812150558662964076018956339234312904871770825990840210404139190590626473855183235386643163263896530278187130478387014761107623158110532204374191165597626951374087105673408557596356648499814990885036613528702342074808854157855859446105882203300341415020783788848415496438835887027250747945
874 53034706898117657221680167028977653444559729430811583455307822199969719288172389877916539347834423072475520387762284283360910595132110331484186905781382622915608278224407523446702863733354882746699863088993658343081259483062022610195659307078481225952571558057793289814530016056786915542354532628366004680962577123402979714214708368582210001250249531743714578394121090342858830275278067996836825329717456667174865969851008104245021939298332137618835897591400326915653994222332
875 187763132630362848896445285790912025518601239561756866218168645184011367605116438397985593639034565401731442558618431730436268262158883324293575717334676993790458139781822832345162900969944806762514340624266430997095289665064235949859806210288079647433198621652335355875127371258553604029719011905093799146799147752938642304552505512011980832943009680420386615275053341314694357582220458377742404938758543302179621411576958922197298692534206153527768180900567710636736991110834
876 664754554184217991553298755376832154531373028368895757312503982275308168570623344937143896448548566391272131390721956759303701873714406065212458575118092394903171378295929542398973535422920786562919256322600624123399943981300388371580608021568579579446109506752820752099669898783223620908302087575423018292678258744471713313968521023546305404816750513448081539448438853233551991681715286595997145113122422677222229529016582555412200171541980298539074052047396311748398950090405
877 2353494392542546261783819485159211626394452394424824672509273794020017928393892588515442853207429757382681636847253466857700639847338393419003062874646852341140400932888592211128212606196603309812180941288263649233956486876957597076809144327810733054317756564206702453765796827620860677000239990730726664005876731430067783397317512028437108515185237853020785552431121823335509445150657717468447173478735054431655427573732602841747170239057203488970519618204829112420696125738985
878 8332318457550812580634447248403763915717363365745611247981122267203457285304122582705975967490576235618100869454445814224878579222191049233861311498703263662910108750788717753032213648357540742113372000558520121964639656394058685184402858237661945396818568787849764649121772073261020746480189361729018744564308367955904575392637565146146061183586107141789450422032070751327238364510809027651994359201436070634682598911181458713591346220807497283423399878832817081114165277372601
879 29499822045508370031322526906973965208799529296214817726903488469849896201557681724085415732208022504683330847841192017565319319285245085971163435672247988453848031950359713602594628107011046097634416167232832042127772810909636025833209003413276778117431699764369139760401146960967371731685948801240829110539755587239020097470878588447671867152571291918639413327569430467600213735878389938465205909441785220259490009853559203502995742004796900883814718645851522118709813706723143
880 104441661951641950345862885853974653862820575684463199187377912622464018074718645526372128356534320674831592889374178118244083416403232119260125106634308985280083588405528683530477226565529635528587842104876685112873699374605751337562166668507566461412382056930274352586788717573114829811660444633166469843336719706174623819215468305554267335012629927083499289063318743757512376696369558657267868590876978265031616103607683479388050008095031850157765757264548223253374639518930218
881 369767716935309003025466441200175990145585374261109765259295204312513307051028407620195936927578629768784695172499937948791811819567733631048752804264663740973692816231117207977820814132992907162668639613641265405875817324465024074893779655297721086143817375829439706229939100785678899921099137720780851387567375801226484961267402471782607862180236160221182429983689186036894463009556538773314166389781234858781436222881855664728876687732667763320921592654324129908445743795819086
882 1309136849891030772841153918162174880799040828441272044306591488310655402647299685315931311320783402768766470431923520249229870604590734223289113798126776835199456295803672880847462750626100825282113480632094798005664922084407269918121035298122261517974046530547031754290967087019456842080825499716962972657753403147153547809955314511470416961928898830174622958186735878835325302090247928719162841416924657884410158167200179116086065801440299103803252744845045595335139163891506395
883 4634916767651584619749715064515967356065419468894554295662072103606505647191307028035816075349777157161650868428993886302554149225103802624193013995038946305859498742646976635176654403996860569615220804927330221536656780637963405586032494958434148103509285919985215818382746530964072215264295548874071408438783635108029315656304663759474503720613454512289694766758440728454313297418716353903045018070498398677504698740694761596174853972285211252312317913313108884524325208736886099
884 16409663138720128089630244077675587670744548403034903781673652152610761071738922459864115672714418004248353701983865476084234665590334933299729638029309870115434514349395119623980548497633454545540250453170016861204562114187293588887123479722758722630883348878157885596987243279971733841145144229882869085487896937835878435052085482834401397723554067164917808744116060875278463166793485552704027623645574116150766025455847251578864384513363681004238966519477259143606011975223099597
885 58097604318891309637285960611201042490220893630713950976089942301142284346904326059446119399836053645566871249681142172160452361327874723668822404215788884705507623286555033300848861164748388835919171841499352881335660959899905704498629420134416953570253803656693524622836371084451420021531132044988242531573499364954307082783723350422832570754459377228747734041940822040824052011710985144527636077237393665998867486095325871188636631516448617639819189189268752199756749384969666357
886 205692100658201554070535889666405784366278613182680889114446433116996375114697435638020446671257746448550354812656657913567032459404445370205216092643663717549282485623720216535969754541508385071873993640683703437802032850125932860807689342849439744161134410975510277708253952680886702253824221379258230199139498027436520213668900821963366716643631481835572698948636329263670792980160464327863673029504946354046841321530219579200067868716962328896265396582307620213934599216022318584
887 728245535989954092761131839488400361136403379787216525053407288239784280473595336612485907702897099318450318696163736662212450806733966430983572207706055222712704529971142379803260090014980769025827867514281216454358966224011460247461002852259164110694332294147385424868246838260220164458853451097382854133638149572878157500193594658821477768677565218744996002174144041802680193601734537361751198446194746640002973363331864451389227466608014918841460041273569846941277036743684816310
888 2578332218772288697220939645764376741536281223612300340367741588223530501718893511740659235463158871886677855439231595009836529153649410973959038774671995416829159310619645243481462073038520844835797365492147053699707241660128521579513232333906381805070534005850875282318091108848916622878857299860105509318383357935372365471372479786679105063493135593464554694139472030153092116880623499727063538014167161044225456349102909611957086608316042229825351805606320236769504171950159374921
889 9128527850069330070406591712315000317197174632324349942745139803203524307310950151432066774061392254228358894727512129594806192125488088595162305655294386663619888205653160381955961171056313281153090780603462621240790419465617267466034101181934011860621834587983231924096927071613366284800891691953597913940673036696704525779087012222637448432439532517166470427373430013921067141248048334843444045588766670848170801230005854323329978469459349420604886167588754271204491513699262692513
890 32319410982635167740977528949402431176555660899180762003190221642283969056653099205122107164168504640679302266390486229652342365477579685789593334487742129730046316977647434154870201945608206903117002817458728522993058778597977448319853514231656551338156040190469649215365499199834540702122822454992487357769264509568673545993140795453408350987959853702704301229020523654364181759675440104052105389023085210571502354541718566993430301055526920610491847039507745143989664006248665961233
891 114426588656429368947411641183872385040423875143655054795215377212213806579645375318108694798362026213032168127553493064276757757161413815446155392388084888497470140215703729697866113975672000649473057115636893674042905998962518681371904561246086499031871808510790747975429504488181320023882618637546851347211497400820180810780395101794732384266917109255480943015812921671208361522443527127231364869863664019677747792936209476272457475322342945722249620730050586536816477302515355375051
892 405127089128902071350535406754035392721105275686039430106722997139304439179439878336303139959154075807692938613837755912265398488785186582646340184029552097867401608424970082521820185113967823593880673905582688647863183405688451291039506482635727349645971964534293121814556080441107799924349204788796981756496806455446574713405209629274038399097545064924364521077324084494631214101508290550295546412471549387809160911265045882752396456473443853076841697707539903768220553087558319471470
893 1434354280985858812115519753171683727379216668611415850522645748309368788382331978894844223302635793450360127708733283872585281720328698193373582139790170153807950407545676225784299499122918956567767794133268492704627052527224325786847548009102102522634883523132343622370366299098158490847183762314839280915835683923556390285394082211753453707974486674031991759901118368694446852776493788351513659759352195542236738378686023424642413267398951241158213280528386373179833737437444390197594
894 5078347320366010145480472294472506918539064843777132973071210304773558024738015795750768766879780292034469552108405620590095523718483501863604617748043823462833745233587061814706759476561692299718976087100463088841653422913538775653502327652836088179941350799021322615447013506975864029798471891927561387162423125712138187206875620277157876802511219353571568020746529222309086844946340735429986610294441752331292982417315235053555111602527538631450940223025298892904895087428150397716967
895 17979978989361939036960881267892880896530232922934905237583370944192385667289104966511103305292408018259103686230125824487563379368057223776817446090384351806026817935069983527195581189092689186960899201585347954152076662589023306551934770298661921124595009788131660938235189543383628266910163851080777396858632013009222327554478153522060718275135747167524277827485588377365632304537383364731312648224026439294566414768668310301509824942103114015427022780783907782213580356586089863402827
896 63658554354538422633031185851986817784370458373587871951256042944830435269661103036364925376477626334693241652270141519071446613169751675309826348030691197463011718553038000686050113784827845432014565679055989217992974865741829478597874422135977221667372752832828881480402982984156641681695847037302777287503860121023517074887675933085290989768362806624642279914937734816359066257073045949849415579237176786781433566594011317261040676146452953363554766253704819537374388252889013590649509
897 225385085555286222612672815943648106668964724049451611275365717620245414570157190599276701426390451454458874471282035677005618780130846681637081965644660712145597030084968083226214207545458947173752222916770098610841021710670286970798210262669500459102221085931323601071833246494068935129327611664221705972955110986824564072203679875006986965454655029267486399931246232239646776296124316364456763357677696682571686698202477229442146207005025484406709118863097090147754563140197461100139585
898 797984369355455223404593643577923478963428782742940484048280734754111649345618670888575880955045608542217611608900180348731439132932770206402368158156018492571404886428446033193366057617273411348443870333724840754060607800275735504519600255470803639576244761709524453668211042635475135908407109831667595705442616017651464523512986308825050775366544106156656037498447513450380501728317346736457895203630018765406202236898953666915245367638092752418137211242421489623928465134110027627053076
899 2825298909541000647356640536746516905523487372564266377467250008456824440921223205943924374975188521444309905603591177415371421642272754119218947928581205950703909402655374866789413504925991981485660787874842282424390590209995918008774592173628327060553394240033758506500599115456506881629618699026254653960097558197971334564892419590362640742296526735088368451020075579296842081413485580943587122894380083433353064518398077850286875173017659232471534335955401324713285080481105127688905258
900 10003114130635595521988951797564542303285579672578407160752042065206146002820885121217653790844126727150805320310430112487600775332830860114340787106548967457233946433142444813406864543202462048830960278740133060744401669982119260288429349671511627602406610513458917217642621096526529295902042737175081200511216618268627994320363158764574468040915704083312924143699451042339670287376288288495426128727801006304861101493306458230074373308755510705999843360267334395173334862432954630854770893
901 35416598575503104161551786135738277512620771095207645385932715127726002009326982600757232754422915425641643111273944200464647852325429293637616597108569534762026803114643050978269607601833139090776399481015005098300824425834412449627259985191417561647780586042505979062445618921626724277764264300001777018560820731789051739692158351698616802189774613368913367770434987847827777051346495736842111815048161957147768362785015593564225553490819736203650023446951408571450230735393837411768204201
902 125394727333770130922157056805708451682584402541792362773330942950026733355396862058569906750030600393047110992336646620651262413008657372924574350573503781732845838604451860530980837850808777143330447259907193278019040279878153818854360858017209855335890435586256932856189947732781797444886624327967856636673914879167568410672382729532797965479036437449122448253278338160882521917893089677409289212848117892825645191537058613454727447154034403669690189080988051574174630443661745018326585545
903 443968851377225746169112472292915162151157232369052998782758941483541836667448822904844112030300217660655880079149837466169970260727120647669995933267994733152663232229062505531137245350882400835544500248927270573425016978729441253455738295001529588698196289312205541793606885027569344738483102723443841351172765681976477384479040255102611444609346332645885690168349084713259351463277088101891088730522619041985243797058323299637851391133704534384910277016216733853270843764361400658367044719
904 1571905830811481000023276712796103012206363446085985729660858815412370068396877133681948158746096413864550642022474711669236426452995163216357421791312326161365525943748255990902584173122947868664962394988371896331352805178356781150492955317583038187447605278517686418576988360789907005617232482780020635534336370581077930132796435309414885453496301644089344826115276315665056358770392064338953754095342019055687463047626163362030518942908721481956811915885851350924915978525322942952991395122
905 5565463572191366411414429089605836205280713125655050281346183088921594984087344632206054141365652296292552679205837794363307341142086800767416979054624811364750528438055935804715360891694827349263137803698882991311407074483692439103868785834653875152591032926000860413325933478620296639129681175056602201357863660782431535722973007296236674321484909259382685836047297359878854004935452772085835011541246490459384444146256967121211537530175412445653418531997932857080228174057708813914344513302
906 19705023551740135289270898583130895393917106662028194593876662144693267581327790232465744631108666243228039162139777654328616681459746617484761432731290173562013779980981543225138300536449014470419863792077289326677193752396884683711065639842270436514023763147697556641272858881311535869944263807169956376564590089596167590605218866146049966318427282278762974719849840630349915810525563579607844282434703820901110404949202102881490237197672028352219892033089918526272254388328392279806697100659
907 69767532685715412464547913462002747572899565837959046880271125049648274501918762424149349870825437062075075103238542326459379542292030558330813081451533539735630297628635750633418253372212576563557697312215135347281134053909842319546651640535894319612703765266000568200101525953274254970775079378156645224302187870747169430855327611533774570077610561735076666859410148254259277221679047096754851057349162685428968970361355366715282613920150659288589703167511684225759058813495106580522170615155
908 247019115022084451967508507018780231090258786807546739673226072553345712163748306503007473523437771608883879852857583736711014183148773096348651680104401278422596772554086611072359216782469368457463804691346003646830364988863531572674378027347883141180739211576088050015088092656898636063571242490889389878987251812297381221327725638208921357477635760847540966665604802663101492492219249299931902558180779860766880250920576374947976002676374336559392674636649202626327940031816487854066026049501
909 874598135955169147526862801164573252600072385605914565213462915593332024823527750931329728413283659608032337223021058012046536133369215341846287008477856037553182128663566053428271439720839126801784394334983873437322073957183130623929801904440203342296718844802207340001878084060737791820161960471584671276985682941511124815526272501427052754728403763133860219572770564113129977700427074026914998917390683076065482191644659158513710350742580273341587012979846010780722893196272550058717193615373
910 3096615765588164301106173212887111325854522733137780019915418491775510751375803029782892754835716893232037274112672164066497561566771742051641059282933042278965186485852620954173263117556533803694308198907366629725309367648019970529785648106794404855581337209235549197390328657263534545249448791263884466960104496738564914509695232594221470645155429886722152803604083374263827956882926775123033141449273490060819654191832814965944738839445631855986466353009210333505446590919273034928348148334608
911 10963945781747150950277903224866663325912231971502515973645974887123531046931186531449311926101917220081298047659851740131269425522735859795554891188334376374059622302406602992220684024193490344145095307080441721608107656989005661208326011767479805312968741477203659287313896686436886576962537793749496128371882291007200154851095203977944854259560432804917193051693462534226403283054080715294286718746858542289848922471340575074764693522738987527545045372823923745102167902012128009623984032542286
912 38819257263176859903955971166955693924051271790875752941740050825699495227517054244542374889693455649294485162646045759436629802522738864450286491892316860355486942022045163112485120924821812923523855233940876261855553303005812592910326346824136346393434940296018800437403463257611802869298748654263871789838279279167161241847276118584656922628015511639910721479449734108049414599624808690255701421209750707736558623535760742171255420028589813394097869702989947626550855019963143015196112296419185
913 137444810302121333281070337234786235370612520296604769747901006118116372535809857985335050361611930808903664919288223106341875757129883847062070662616150498753922732136416164426719639105266464244947355229265757480566998285106387279491332424876618091923475633083310903678275611880636315010515758090670443959413883225132811025528705750070299658745166307643009658676896742993713518258974775615364019675745026968123115121465594082335339262823989111906412775516094125437366693564626716085543858317529729
914 486642742680874970848247986851933846053304830793560040135485601841310026240665734945870421250226373833912818139001545771898345054600901121001532489336118527576681232828120809805817382266320881244639671820288542537622896737229299113912827885439944201340017414666907554081606771382852515491297808155860259583519386424881056820863183643515650300170087357620597709458849595581716939486240165993234021899354644620085638086529175512287187935389273611665878126418017638320054981112572003421791776868343137
915 1723030379140440784217299763551327816671843199303878131665362692112165922265159921831121706508757473903222825569393144311504997873256888360366200940716653830419861169189482570688597276523111336883029396449550506691160790197512285296124882143832645512491835741516374280570802935422405544407214301929523581526030956918737498090833439669512997795802993644635658160872837610236635992685473886147844391861327429796920498564523748245021179895757431742449042958518706050256568683047572936295044116836778867
916 6100654008219923037682622328135664245414802516547027055367117999673212450774262250197328830657534627617981628300011679586828866308266474912391264429282702203833855578694553239025864012067288639919670071079401754970968567259765477132754571704628267867051553579318146430201146978057744652624745161524897735067200698604735402295016796782042712517995914838928396672609228670644835163887482344654949183946687977539359006598915349905982343015119771763560745319265265932857586720463391464974140552841646774
917 21600342174254581748929974503465597624406603662401074944086373482185399463713463553924803106408018851009113652158251530142450010304055418359618249541432416570809618900420023824824669796586400372021752045555928772701303418087199398577059581523283612034379680628487864770513001378298786687785297523411804821281867879156860932301148648065677267349072055334529277021330944211112322115101213852339398061647326593718514472357806455532401929866480611322654352709746356810485693181408698931201767355975672130
918 76479605709109718509584725400385369568247488090723729105368698931380921232926893616272567589125023885912025265467636999563219574461034228588307420765964558734688393967942597380337942449591116319789820508575205999351629336817259337079603640662286286216064141413865651136087649364394573494497042209855575855571163719195078951596915998082564748712340458354540127411542377160954047764107064859406614448776363674961436054185569118139075143064005334489120387460064890275011632743693264505095948954794212671
919 270789251306385703620933275392062137927750425320626753695486029064476228220332683786517320901421418258364355038662604777351379831158470206565672984483167007077153913286004554111005027645051783398724837899310518816207382004523210860026991613857003499774647385467183975177044362214967373598373688107676914531167916930157650165937963227732243446120627362706497728940781097090239713309609774759013618179987998826669945970737759051099836546514938453652373111239553912430519358027435733044895753928475223883
920 958777807322561021639844269506754689105089930112136638186043320903746863802724401108640623850662525029025429810619839825748359745550388559270651820247384163630475244765446147077925254080792349957013097658085330228741990878357955289791688971244897903440622721286204880115822746050443558927027522608083281783406813033336954821388428895047791718493163568280649257694269803670080248082364752908257716187638185508028157661630956704636518282333491734417995049051518161465305266309573310963955629025450449653
921 3394730426408858885285525968208877120190471472222399964466919445732957455320894536084520480246205762361145978509478087658186163502571274981535600069396871474809850358257141703800250393972612608568088110642227064383949663737944756014105593844611451592450881466733050413688819518298750257535988749867289930494350925982112548103726634302200726904029002003341215427911594214984210652980671598028369111465484415071225639697190768029938404609894874978338291481371551412451953993975213578724452799267689804121
922 12019693123150699959490714616571534565479139007607970258714773900521409922266821118174750671134598707845383963098829369093966329603510206784267243790454684040963339366970482587514102544594573786811591022550580195120136611981777415652138649767071743082038206219314252037921511710602597951962133774637554025050876965198482917568342877736692121216131876413699827809344769407621209369001071184863562496703691029794399420328087132668744097639237472383805406952668306205949666403728874648510946224989565995180
923 42558100109298245511932509854456253051976212113941926002277043295993561702718962651319045450131767789211331584272615597386750208565368680673348521532348112341767135608877491791532627612230902364790762746853873406685339126906798451568878147234252547939305973338217087399096377091804226575101749763295305473223847808138934639691783199257447029327061518392589151176592611348302779256727872039583604498139237535591963007932510953355385537039525826419882391596749041641473830340221930504790048045334264162914
924 150685633211039655756539525605297201341166460541275475677621429998620285803486011964652715336814328114215958106586858150060085033255699523117270911937498188736013270739227323642190968693646737646206063350907377909219553054242102176465527329690540420723368795453789414381533368649772649747015130464706678780423264832471469331463358446287368970900965312800508169296399011624816075238796019482945164681851035413386894833946869415799059567122870626450904534229819477116721859228182950314564658560760558211957
925 533534152898908299710870712448866398748470900521150353782197583917724159046743854652903472080902069243589601095602978724959052696658610799005035081116913894724867181294017764438453071394028839470629196215868835731699522780436538304042393495688920178719514103433872878546056115086374110997889068301528379634119889026581132974294628101842235105951064458728643275300669653739637605555952451895696176480083642465173436491018565540423587498137050336900415176495898896888138256084319260281341154210280398875817
926 1889093104343453400721300404702464566552806638545035406972426165574028009748315638587068405780093215727110667215757784353307749543296717762307321407856804136819574649487089494423874802670792105223548355873255538575908504796195215358563998530283265078039668593115614692002844434419867829759070472522492101177882701718660147748725877637377619946512081508590503658882166004582588594964092262925696579268704908317168880703214853684962386799533949445861486537085046625057057073034670520950826214321583717135449
927 6688754545888908132608661161419870775829740170823321851252399671227274301266789401844506197416129999924060807786338128472437276395342564756880756841134536501335394777163421990890701819630999660556622934070855000159746309057221573057353603935476596158167929679730706726678496374917703466315303633225229014432881221060617918273687713243720251867733268703425480712741416993410840037821302829764370724107749940600351779543471914405392137471882286037526963698857906681657481863082043544957076946067879761256215
928 23683065304806528470915473792471386657450988017072572611250813851733992369832304590490613379506435160288342789214218927455536980107205898839702611098775487241478586234627984432409377920989324604951037283223236712405814070516231287901138408956149776740244985186360130006929525624901961851308783699268992637967116488449234057502541929102521308326630508640962359576181233346901629424502581745224233959985785886359764676819899073318018092726663084082322861304623889434104085694350808087489579769436842881399866
929 83855455289833224257059485673399928923428855301238553011067077549976897096811103280302947347315079841434779391024762839647807014542394083037527212452914164870812342504466743310764703378028489568832400463953865123878963689078287888527967273841340304448887888784147187606830402362081163100041317823432905133523182950336033814221197925974988749305751904443401030401110665486366049471081372696048713380353450152086931096823533658240713736040030331820413060721670901075511605351704467932102917035818694909397918
930 296910450364771653508025158120637018763095997814447801781958683915903401352826452597280590585578691020242409588875418083482216020724511109355618088475514482447567754640848210875769946469364367108686388526398072850181994120109721471870221307800011559907932198026152306584154993703878878865395105737596045422428381871721525881887879524575861269419037323529242272072089034779089724644358702311119021628930049633774493914298727964467086904235576601571402676339708218908384947995740874548352072661991803864429323
931 1051284831734734737802028600080732723979515880646320701596873561499602885032273869942106944576086251617091059465667294142138252960868890577939133355690019137168725351310580596842719478005865536989418278779957149526120865025566717366555033642787330114723182531282978704116359989143564342625846754393367686721365856260237846713900369095766316536416969295260780469797402931014945196536473969397827672066172197933933784876704577238140721659588779379974277719335469000135741255229915836822726239269970614992378451
932 3722340207159137271334314953013102933071596465022283678663012321689969597038053680593161328274097137772723366234908841416807318532916538273890443207674907835182518444636761419065582818326131334018460108031772671778063168767106392955117844110485571876628488310133222296427248239768392576350529755109891918677574941865449889492695288201792832341017369081246269820002669123204588727760132281196314505942018350135201946437418895782583967587690874962832825597506276117501545384198543139694418871226610414111848045
933 13179910993035663097493164813903677292058979178106971456422501423184979916497261330366727060623092939072246896546259151117703424505248895051835949262420103103527469593700259528081346860174050555059929425455856227803642744878015059505678182101900830061261868992734010653125009158496881336940574375788641769110003002515686756775418195188788127371606854936682377676403567200901764687009258604243602460136753274608506209993193912834118584462688533652220578802236046667122033777729454125272305262418657995185702629
934 46666973736551675909168265676766351165230924088235349436020934593981747419771248063420491946323209547452088840374269410826576942917548727207859400415848096659741798684760425411194098590041069689591143443579450378128107196186930982689002954119173651163083780100501385155283246629075709615777505103704109194803766932275347076065868470589049355030363203540285866706411261818848253206892840873270502977393231019384811641903802332791059984210155645650797178616733477788673820605455314061535290866688622430109630632
935 165237092890893188472826428054443582612823843587747959444401721861025167463566818695856800001696779013612594321364080477033223847764483037700154113195160822017644685546269200692700006924588141972232051168914218342062251244871441182148120580564708764632902364806048091448761943798946682640910461826771484002759741001471665982482445115970746701439524954244701123149799622486404908977220500455598066469556685535520307796795813647052720197006121360768572473529041801913239942239555810467018666845110281632537706662
936 585067799792013948987428011462919033566729950191596214402734578150663695626917412359904242465157481705357338041191094304567020632678927373272884222955466314190159546392269313599217462568376228495778404323647623865203421321512671360474955880778738378027963604005499750777028294570538703586910408035456388949485650872188839151124148206138527039749824284684245758948955310426400519451226745536291790533630215271206013623663665414482497280755186206734173757780345992566188163554729964135148394446687535547376054809
937 2071598510954419847897186032796827749489946569092488497935877434512704552662923001752163114019295982333048943337765694080745073564223734010825402471635223514534051594564461357792745448543023677470865624892480312560609517957174224379099714704828725760340654720839609364964428336541677686188005230954089271056886579344662530525449121506496620366918901043776905561208195637365720235807111246584417947921481706095178255974113989273314053901756746682215277088590175651950110401288539188314089112309664163682829977505
938 7335094690966371590862218952127562279168868708829303704792448936513928267693667326310486424071872134956599752998482614425900940627520546346289132206172016954601569670824362633669047001340434176487213488754151335710447755290301465960133757970799459749275140394681474095098273170693656093496327172909334652646849465419119133446599304443040690385519114682698892897304407676987301648382345300488738984633863769393396014478023987747971599062566063416062327631003384343145873807576262644360355444338214418329237825841
939 25972072019156378012860201893343982191019776331259079192940545830862267489531332838300001783740772060745288497478395573636467310232603070867246335250003814322758414049059887232669428607267852263739101073013458882740826703197905114584177124563026822059087096338061874919649157317930759861244114080817794180842384045959060765820632869068312821077374526998922052656823295234049942330195491545462905403508171700539709565939090679480465309205385969927194899953809404500888006921919665980644366495748110937184840832923
940 91961958134592636934324654330057959725719047559228440184908910844143270871358591496897523612586393094259405769937914086417035005239731197103536544596839053610169782075367301933960978857141580057856989435597704588646154853705625294678319083604605873432511557824521447363171005458041598011991418832289382591899725041125157628834611115408414118392308180332653993283309458834553255915938869150839447960697964563290076830944337348318078131611910157541284768137644404105160299817634427100313457157557180124891301675518
941 325619614555351603600805466312274754095502563962193432367116538302218384197654192788861082897607014856428768948326254667878964556147518376231652847809618146182414236378638184181006202293003953622392792282050741657508680541311832688129136317214608200036435264860908816579826286027089809553162338884061341422088887769360658781717911103396045995237629088979507497995955889182264003628950759457345191047344677695844185338508947840417355400542538944771078654036505230123340932672349640407980670542223840946277512455146
942 1152958406813594975982258711560611877465367427780701597656877915881485291734900836656886216487260538798280603519425139032529598271990667352702893217090045410273857136553994070003786310951957013146764399231992435642307704947075060819415051107415540775199053636636538698921993791847242850212696389836682525650699888713960762308713887871732149892884409419828632658264706638335313879243356216172074383408831077835604736845633902189820930599175572493513602854156474494746547325221214581782751549911536479571283703891095
943 4082417865181344061636153048237510635212732077136325708715528148480010544292139352636511840309971671758775870807408829071658592004268192393991961025352113618839790048886757080038771476357832015354934013765104057133418736179939798293369274809494925440301194702338316875428648042204883020745430709992666789847081427224486831264689913910412208292760230815872915023141241292059067924950045645896855470803113794811881557459793240199537588198198597545749954574954958291060070462707572625950578290930964393381425845116939
944 14455130037822981132034311187102860819581545410310297903087850806458459479503766398162859246216183002772393969511962708179843914652323786649561064435023443223054989533907291007328132105300819692599701886510534513597543906309293101124029880313405390941013038221216341205514841636163744005488158616232490327616051804660395908940418565082654802359264270609819585497597817683364534068862705367472875407994421505291645628466728919291623505123991752240610979252743964675019633148969594499583241849847931005318774820265157
945 51183181762999371831270280899176424380019275615547325002106096255531886466041988356788024564138418606936030360076375428301419159171814176259490480160407907775523854214403063134377260364393160719860150967440103783896617972426257939592652296324755930386039239646602780212368216163172769218539341874378133339848545527053756099102781266915262785231958816356524609423352441612402889669881080699439886180269256909676379063229255568985198721558587911732912850791651048730230746815803313308483758243192211312957498673469297
946 181231333276482721218366894257598307341759190460477074232261623331378921848127396033619723885852582719206180633221643237831089925961156863214815989841298845887297710096097315845467497378588621172058510591428059607681254851395593898113560025545953722464658656527305816945127052361428016539174739271937487917420044226231930125224030124483756443651420651099662616943173834276327212881670409400828678249504260815078101529010911982094907029474623094882528201876983725766416315720716937364690254223662307518857210976527044
947 641711788992234547257757834869401768077738671143095737197888155198030308655808022014855109663652014198363176073314609398850341420473486109245224506410241946617399793118037577677767301395456575487128057114709003030307995106998723139971205817913238526548059972193533574451151781556355855629331763661932806178450571589441641770454312570336101700133186027260385675824442554911804971964191939824539433273090519180270996396378438122907004745593332507713776697512097279685537518877711599559999861432278407441647185089429850
948 2272204814018281559461599315047292616045491000795112403855723660423093446623599436661853921792010085898560519408031844708812006831716562952092358160201561796459533116790742123245118081895306414361638889050866164183446032274258948078224783767235010475092483873491579160081522345510893018207689882120911563832812790840939076357052350743251638572333322609544992446394376900578919952116734094369186927346015718172029601666492876172773040321842941265771549970331964024932457058795498124011736900706251292266499449575164061
949 8045548500883508775870465402598329412885092543170223461882433919090625106024837342148784991734699685314613529666443094055701508557624440733124403952816683425187966346066303759033587643675645153099196365783919217178992305311700040531011364183051698022880947873914265880552281377678696735816159354240178584108376071109788494581149089793913697979108660883807669828342262685381334572490731570202541585459416249348336067410418770402925232272899559410440609119118641991188179453177340178211140056109982780107230716691812073
950 28488170582657268777025584157816661712905578995944528305115734241282507414002248361035095828763363924566323102409206486606670902373470143620254814425849910542498232362966812138950898601536536925034781993504500175191631408973777643917221607946878534328064096810193513315886071183154987405145110887982701447532380234904267412971939857576982536904250755122955648552059507657627960923531728386035343748691103288596279715088851552267365605566799132906156294374225660622570185838857054113199798240987701199779987196478265193
951 100872825517498277235522142132470536501180956277929142525593191428533583973076236196131662196117604110228280437595977914930551164670168916771422893655629610634638051913441618281124432863618919614793456242115322497120354989537536490454796843741824690623253881995488462076206153951420975458987286881127850284082895619152192230193826231035157605657308818386155651556962269321943498141342970347585167375756373627938293240363275889570240788658862221254934717855539348832207883254029286371577276745057028274253458894926375231
952 357177859172010900385226555571784895227617711151603929955602603867137280641226698543084141000594783506591110918261653593209817859447594095053745291475211190854174341865123449192309386712408426874790995647065448318222395511011408977254102321971591427912245287853313660063445488909079939710991393365837835492494752635994148773098879224529662333206203209418809891064275212903456720357071815962958060457449667887311094152895156246155505220205922097360107932401541046184277695305553159542936022469610542660031666015822234690
953 1264723509810809513117552884235090655603455979452419787710804823351364415784029323260533522805000823598119199244023899345293973955698804161826954311628448626117716148326248910871043317461726433676331570143689994369757425199875900931162978636399695323206161588974104482024639124918381614391261635777351123387708833329895472624768641425973605444861643315257463452444434694260973287325844358313919824157077627693355483772596720255372961834838088323151789633423188279311533683453971237794853288485866381937728206627128952294
954 4478240051158020704863541771104858701031644626102023280975125439888846856439634461610443771854420165362185089942135323006677408440594742040446608149056619195584810598961821227112698729039711301373461989919714777299108032966912549433746843682589490718389483754129113875813930522120044299007695991326335037458554037890406751326760449781294806916010154027709584655521387513372290545149007070689565572674416996917858877507857361254738922410473611628691484837013305212262904480797227401922340063870020819565765536667615953827
955 15856957514146711515526399906003056909980051309266748630088257849127906361967760735729710774228530163399075377115008542844245707233365254074741570726583883651376126567462875031774630509088551383500293826207869746917673892965318690806451343972175148098233000474447023600230710308488250347785625789441274773924168146453183882867849794923379582925686953316272733910008291167446025300113577961849063490376635969390116612843617148668186418684671597406726270418046094161596845185045148410953386547082554714870025090918178969587
956 56147841942094977407716405036691373512271453238199562939632344010840966785960957119852900438072257131065844621045610449992932552928102243138039137158320979184806480126006267890010066049668997404765237765662017810714390885078150593348111913960156288797030753528837969179219042401673997990650160997558739947833823384605596713620361850883640476232446500573029257757296055870792694619530417042236811081710141580217539657684765266976898115170138210662175620127453532969263402089404922621090245261142692882602548305927141402749
957 198814010749870651148692556940052489708723061829137211776142656189513033568363807389486206431784778794097521840752070336884758590313855021984335463363835780247350594971364474470231015187871871506436521297381974857179633887201551183475391446239781344819431810727333375553496281696922075494233029121206341880534677357686973739664334053109504414309416959765474881961193443784940299988993818939912049040493923840998400245731782383721975666340622961050170959624595197038335486345602644155009079522844083551198231736357261210045
958 703982097100231188235327681428019494534527321936194632113596885997629683560200681831618475005666030414554790884828065260516734638267266515003542660309744115978927000961372338480422933984175904443169456139677995790346695456399187138708121863682872650080148963680508371737492679090561952691981175788941930229496421384026105343364762736773886376803192777006696647218366799642665300188021559153156821098730155321255921470013014881550392131976491212772280800384185552454651936062171769811386571809164977566551107172912749749696
959 2492739822670116506645138207230203024997527347062664168574098688987416818670276955577183628075424774398499988557283072641586270732697295427457227782174245090902602856506880789541763790118642090566078416194237673242621611895522560559326688470020946069839736615878324670076797805820735292819411254688243668120116692395981392321468749732011402013408254936844303224381719150700974674827351014246990220084888236817019381701303880931116275117774314393368002054678777597791554751275147997715918468567102476449103606679044952094398
960 8826590860166209535980586670207880912761680762168567070971823373273256934712950784127225031545801272067913756411411121789558933493205841049163128030860898593304025679338284806771339676764203753054193547988176492885683077496029205638736594889806430701329111330864879923730859568065550414647041595515979258004645830934698775835637940961756996708512887368023145733078057256743658811279937106581758078077164424550258889336126736500290000619892480274218134723558160240866795259035440297394305617367375280611095046381740272299073
961 31254297833910139670683920839616602158248517280025309809204022127906984782419862831601905086626378091702874274375144388610516815479244280947500261416384960134030373405931645169508899187651690694097603864824937004098878890612710043818181920135434086205583627690103398279851773310057705474325911670529195337483979346665957138651689989679267332338652638852029364162063402730732681698861486520701028904492096535888192440963124716362199783219343096664936427512026758958177748813843203269243308717488293115205260560266957156362241
962 110669309696063588605765558696047177985150694329703513920942681631303101420199608533788659637011228512756106732618666907519889875160927888243744192063033002672659661538544701070633430598796689939844870138235406292829740194980202642360979808166448851653677399176931895417105772881052550288398047056686980063315241000385378708332788353273183707162743166970403032440514944129139274515031531791428944111414362446604089994644935813313055872925596157151559565989399085291333340289981235006620260663188429624292404934378623503151745
963 391873015276734859861331433552157150503120682011037428720148450148829297450610183212396241734200377349302334283630400399027368380966620163448198741452079972876835307684940771601605252651169376563103392782254014156925984572956725669655677872891046610794918448861530072657133437647379916388557432489349635859347983380833696647415901774311541251696992509339684026028879106236166574490930152545246074546116274992245013856460201407922416750415495097159680292110327333923240062273199233586033256839058016598938872060821429083538499
964 1387599765149473675347577715332608062856005812283369577472245043891882158225465929391625538338661459755425075184886789220031296536210639104831879830713081588415600570535580286934022098129331072638605903768589613737113281654225251616633118117106365613507114276694765960252099853623763593508262203393840142725057461709142898015450268825374578134660060912087377030413884095372375625613698149379195633603800718238761662067373638512015876245654867563086543322726215070889377385956178088755519500778305523658536347943362823762275142
965 4913418726854273957887534300445254120863089365975508715514461894290066248360579693143734397560811138111887059520584733507885331210128122747064860415276884419389562874797323948572332622920948531595250642162087359832130403694612571780194332715237924900835948590708304350000374528070111102048359122550890149535575547164894475608938692065788466024306814083273935977549538236755253613494684732780140949596736987998053501072156218807406859496220781315557923962105785861677580367049622306431265250021597777893293570667445270425481042
966 17398188602129945975691379390650354709154307381805675853915469560852401151824194804553868924199053123405918340187170105578777789786200976109868905425319858404464710117103033794256981897896417339297308270771420647242416907540184273998615744519776840085552872777725291394063599920011790568699307396629405620211684801329230064165731440631018621202017007839041745789970569174066022048911974146318703148178298692978295065428236152982982992089472120796576388984473896471902145579463390082040831413516736792060542958579114024414588399
967 61606280546610920257183594568558851876788587679556664368196875699658480111812163253405202413011806590529266078187967608665830113918968933747673536523784263811669262499010610828670568436772107899290465683706866019812337892909848042041721478713143707373899431366179067408788578734167441317240772524962149946598325310530082809002200939812654748354823235781486962618630483555159119511210181522081376876171606089517671420720462577643867985066133180150692618186709641222039848401312592605603230602558006640296024764166142601246641035
968 218145691446960261316813102888131330778064392527720886791812915871432528048711362439316208381208812756400507007965658731786990362563513182890538755198595112514072212533552331442776753851029384541724697692619462487762435599831723630834857047079500208860593973870749749654153857100396440998933723302089052764480513173416562319296066281476369779568145406112463624759690038290988710465754975481204718001230263712179103938206149238564617537952962169497665206681997024958669125273047001349932156413066402920323890094320537209498158101
969 772447522360697952253700248090957842664351255810784487875766176077914733522267986998107474480749843628952452954066975010035956393461986369850769738374070022427832994218368564890690214425544089022464454273955697959842062826889308332646375168747884329636611069355316700423202097587475965495217782961966089059246448602391497485989650465210595715722141153959635801821586148260511567624719928613764583690284062978351302682224319298413172268947332866953443872197593192738083971032718443317928567367378070989877388712138656995820809353
970 2735218480452829804390325125056567589315212361954001633133764618013784902972048090919121805658243802883846629386233426647142557282186351282841204122235910467496503908418927908717455137578799248831231838423373342547010175421486202270986802400382901322871131752514089384585090132600664502925993691946763648191399080982377773401790112495099911869501691453299979115603270483546461052065526966048099109859754125896889591820748742057844878549136659990609077807110288272370201816170062362306859178073711740363098584524031021138248795228
971 9685359626081386048895218183803785847305950331548572400908641971596535943152135106547824097652284148387776687396616593746618230877096961779295706972835486578751562000524909563874277326851520555746771902506353168637023177338999109819038029365000614903319237226885086723079725054383953224316246068228784796334155756705777413133126880299504086544726584125705620134680700312651023737179256598018870500014824958892459879773577707800643082561163350974748695322330048247267404806956920045938013237988580596448581480449409852305084762386
972 34295739367981987613420300185780909878296038247158088804939551504036509195688460354014393272018556311182013882062776963880327290130760716017080104966314163383533644620979852086777996522359480629406347746093401373877823535202825976539488991172053386981939250212885042753904645438626412670256951774848405551466250082479721171126161931977364933996542388646763192424498553645580495638589193245752692378334647741098568149463661348412052445919622414439222326302831205759302487271345615430412411898580608933917731261745528626244544375365
973 121440984025027520579483661384787911875139898305156882414263915151160528035947684114714200882691674468730233127262528109731828986156001371662492279886822232569764771084851686013474634676967603322727564792463640098471571126810030143306989579911495960788738408990913872306835980483038218103294054575491498700171247314352078554762932069246281172346132874888261538349728577598430228120052346683205550509683632947406656605602989974451175700628736186941397606159575218174304425421482667001886473141533663681851362820603603650866973372009
974 430022393661063387899321176781909731993530544428370878098642925062189984645631440147503366534050213709332373624953720597761326844194277483637147150328311427904456472370124638037101451443423251245018700503842861594924756737272898524772073414048334658084177162238355659712663441738569595727710484845163284544871500408909546661750574103148883281906811839956220678862963262737532634930896686588300892178925344880699973697398698229190145170789856008384538012408605537255384141422774484775692328715321641546978407471351895365795265754617
975 1522711237209626521250172478406297035467000490562193054191262661749029139300081582138994153062450460547283117026488962100948665827955390460285626083861161031417342060135722694591411741884717879032653441670336820768313508855074674957155223705446593057064794284264230795932655374250429809603182659889954253058290570825550857987982119603253329733693204705140281281060093541366843256563404196839421522093266528697551530659423235169483135507936135739388394860672396802373577387227280427961395777696193054221081834215167640193433091050727
976 5391935861225207859649170231764650341311866586109939184446991207675318411048435371733435001991810419246856898951157033072367966608981644871330854562653238801974437574235265862957956190117617021835006861375649538138504554740737317896102955311618185787576789673458420349389432728452849902363856377348014510127463354946275432263200548726776504597927803840396888846479648038883060452480116818089528889718911217132555120617076133496049301089624870204449310539541327985223830056055446329681847264844335097516701851115759644761075267536714
977 19092929334715146898913356494592599596191644439621658287436636977830370900793082592831968128606868935407284586850575807972997238867515674611620347894889641553134707048861225026412491939522923769394648378453277035069040927223841500770623319426206523708324474729334127895837215645062705766704254371005006376925459320264170073971330578349971176966025073887517223030962832064899079816629793991965702099434448538350900995047413632680585649438801763846858007036166559592470299798327868735836187778234239734868097137632509016764903864982510
978 67608467911126794171732776758393698579762341602673055556803427667440306853175868715573234921970270908001250555322515050998664294048722037015291425872693810928235661792899098478519766425581462235151659157703053587561513305193631177155906922738877295453500887361327658259901738273785556171516824379484073931063755305537383943374135539373323940722774249691919215043249880371327113769037203765893428017283078551156544840849411774670193203463180399715713112258582304523709302500125899269139926751005449411495140862947137991538570804417851
979 239403394399135724367257655491642996427228248428693956443576953276878707570081708288362650845301784890905050300181039329766250771196492387482512521096882817223825127073139549931751670198885694452862640252645642119541741129686944113798902922100557678737101994042366881583105967718560759285067328993018942227169100067309520228440260903128095996088060119186488542223335855658974715532672047921344071024564018960790986481965272726821009246763535590805414742397310595037198856241910768095481358944495178340748569389931962782716481815431763
980 847735152068078587707821497897356498593734183589309551408156839941033341126674201541243280937390853258371825695290032945235422172742578416092959731325241709930730332321537155261796551626717257014018355942314247336697994713940406155457616863779111383246775214567157845591017682410800871738216908471065650872855984638707557164984347234374424539272824374515411193248540496015667328400363145548771370829373536619664690576854553116391136790689736200744062343119747045767952305082238700012908421906650507325500630434349749603757084339755533
981 3001862236541201831690223165587007870198518090366534668968801725623126380462683211055519198662234972751820408049561079772581458231844711950457158566648674087578452082355797151060811288565967044997279688869748754836779683047948391752890701427214875086233004462963108528277388861929607715912051664896805233912768147744114821326660202759611883196401615318604265421004510513967465325436503197775813589171624307896800212601503797454923376798584234309251559164462358569667532862463841423725238858046651092267992131446990277101051590106824341
982 10629724261651594804740050684021130160107015875931723608799405023925041153485424144940347290498434081583109764007876132803373242459109967106621912344502625511134232852290833420828336231149582935043124732178135184284360886200876147735454339987055623828896165088997777674356979111397498109505106193162000259671195272647174149717453980990564778283992619409268028362922371790048917802466286537690303324278556712824639309567564727112102372753717720003054423733917103498144565658333001656435347298622601941739461823446550509366060861342279000
983 37640372706036506226124801810606670963497446048191273434485710567205591493126987626965133366247972111408519764057743028687000198772467750530519502047230489294079355458289842506622004078932961833282937227747686377746654716218202901312985570272943527509370322160846526445992179771079478563168360583406480301789079517463544939065770244928311519911414075709900755977372950466646469735803150212461890158465770865466355069877373079339410570035187314236291696757963399228526005419040411395856611281004924463210442760145797839072851762671727254
984 133286604516981818622040558366827450093834666968476058309890117330761415760653458016033016402596083230078496427973840036497595802860614541744953566047269316715994457857037362301595293660798071489378686435999714232666772758963290279230747120649538957094981272649431388653106535780536057128851998900296339230801931464254015805095827663700893892818016350105626669218311634606787553192407434122491913785154459807687707014116100336822262383579768009819358251373867083042283860220657796238299307620562987887587711319089459332926417531509626857
985 471975837394787977505311315161963147870648936318870507136529753294618520775226108580202694973886196107890740441368856688469112508225271439277998383762990062852856788553576698931609910859892343131490105358008181723278805370319121212294862218492180069789980665441372771801137372422199674295737138915369636488385240614718568879108684286623165344517285924492573632066960089224444687949166266057752315661505028082532237228728723118796397767252325993109419579370229506212739667830160308746780395940979998964962954087500834069495138797191749537
986 1671297245654041556636586241120230778602014069267897878502225802949455030231524636123918194766602788404090425275579221619328173115148465635665569258944336990753824463295068810066635439053836849217170190173276012494654228001780895660339202171585341639272228669551453886376716930986179883176940562937546735065470211359934419406448121728059079358171847038582918048162131804665159614301156746247370338840641877155211800494229043354586907671949656208594998190991337635789653646712601778630783869723529443901997767246875237249720760130033677649
987 5918181749653499994114024019397466900567468023894031893230888924248459398274799573307460053942520898586030514083928736425650348012624081168266053296548909432763931276179138291362548450001011349576454175414598532676380934305157356803941473726541140815122112042658144504886236347140940031712202375888974204683346330760830369467942814943943617514859728239493021585239622179500220520751516889181020347867964822662174526138723720745266719974915450047112184792210407850538132075190121895133341414177649673868710795303407475141339583336357100395
988 20956732364707522765217282877518910820798859352644363272322079421129985356014051639771617435388135145224976966845414833125493449312611693620065182958958561517033857668794896979917800328382297747796820043837591844861886106597780875341266551077594023039252739114211886172384091293168699708450162033796082755218694176857865838578941132600736538059683960969435876302572134673129587656278996912006956508756753808550498222766006664707399235390141898161999953748386038460367220535219412657043687363963892389501511681696979312728969579798478024846
989 74209499461969736485363035583704643099524781774702655002150817659091149367930420834605578488975750619621853442523032020075068991497779115314134946959139984051723761985546617256576760521660362337127542251452375241954087228001742266756262946225970030782099546046763117278281030308568125410785363901414608475761637684443653242913151718771277088477616320816230346412175372151498307945140572577035963801129442157746548562015551603220736987231849749998945111664634004058353845778355947915704840410106861668503053807819221928698884939864171213178
990 262782295849195111108816605581843890500798623005949591119483636120142462837296857975790552507732577997871822381251139394773313586668204074135697088868595139569436711647808098707341864965443054968093906021957961337923564566975973226677539764203343431121163159734060580538666128325082212080941251368974920471521199795579754650455176471608483905641523286172636054843217533497271918682741916771091070664289454791771694967487061554508172714406583987210386747405090428465818809096165513691759307688023994295342667571294889030123903869719221045063
991 930536401056495509454558792364952551449079885306607803889628680156455003783274510552666226160075731373818241392755878747381469849526219859670737923511733398742908225591007841256198842541296336882453869583236846096323937178469813493111038457559773915326812979865202234568147766064024509274693757304021822655842737645738819886245925382417109013563231430558351844392552601436479979611150866949369508606586956611389161562645319177189409586533660632126511810075243799810761395633571245824581578936189985014113516372678636615052738559292096894411
992 3295120440473122945760789625916478397961389344037356431668935208870137994246381305181599433803285146487188238687930032825781141046439867797022163694191017789891789813653007161931687958453690394845416165452866717156174345732782513268742167332724092944689529487174859514538277527394600536967661726171581276524217803468822917101401190056054975183543142661134574009018551496563175847982186391120401157215368492610993769228266803301473186454830647898134691536433567012156034535072439959936109267677398828159896695455178612584265329710626991564005
993 11668361638511313470332029575831873028668070487522424103484374410677069580269611717050123129175884630607437847259430920564541917547590394077031441659405506582322096756930107347697840659845471014930048111283435758452261710421462462663590211419172577795838172250657007473783161580962956404728875899387734701149887690210035016542578147638436377451399893377295750720851680219035783288005146763240559664747272525218477180894129612628056602214065150784486782343323888764519200127139883053111059266524878261133726272532927567397496817450825538098849
994 41318935869695322315621948404151200497359522614840143081034746937318458161483241430513931625654976199962673018688454623562423491928716465422108193752105038781898677270818716553842489646195718106407696874577942490322435017435723297726722200801122059888546362804669067940966459958172773762324244422677240319017492936488729198801123016454544925215827093603832851717605201210064250953061491973391108632319783992402528133984074131878304305890674886612277871653014855576778091535333827880791329918189934217193314526789759318570024427106349436756852
995 146315061419024979849056111574823922635315078428294579093344199416604441705523991716382955371647543086480111279690351585401025353335759812304747837571840959483948747393850294837327090271428050030118322196537235513016125750394762630614364795832916362450561063357111849602578234769798726543296312105739294339454565664492461195441487260951826255179542414866015344737314871475469225354315953354306671660941106280261564500738951982791374494238234572146072043550835521035792513433489974477016375872602550977870530093253664499473919030542091337139082
996 518119093326626945289606907267471424840263007870413519668065060257764707001519752442223769868424294236333977378310912800614744587223522823416276932458171458747289826360735925859931703600387336374444534029467082522151413744845032370168808340325623183787752082282883905057091695339837243840889880801342693814280762968773473294941496973125440763991166274036667821447426284171832694934804909113490680027943183392466161654329962057893849121339577364137239800128080508894883782612910593938406808910495405712730410406616671789227681403654579201262189
997 1834724310890712667611564729644753201581749429345119877690192078600537138678604618888774415133582289445083475196576798996976433417004392524365961285349730572880783752252464042174546418617897449270711139065302436022941250582766439479842755495225730557424619633937970758300008262170080621223948329555432018565935850340651192328573927777898008604005109399700151271057908252948809343085287085101694459591363254196357480197484533839082100399634631134305567686352006611819465075588469948234681743830397770918107627390959503040805694269902982051788585
998 6496997337581588903636937751453707844481000651632468991125721004436590953241524393851925704579565567061956525640938079057797823131747126203951557173744938507367853198812158332245671331611301393106518727736338239042644519397197395332882062912135361069852985532183975290678338179334292577350680179139136890437061104057117565286686344812508760306744947378538069851854299021900492032642133550532248891074174443256137090958785713959071363402086307297695174820207267097671213550376033406007970729066087225124770945232446157155130897839733733933059081
999 23006746920530449431643287543746134612185739145050467743648565319550138711811821838497446554732655757924065115859009987514118509784326779381561578722216236599553553454189477200752018204074858989796790550170571546386631022248886838031748717613889446212522704525603577405980281646022009646044447273994422270668835982572941479114372943026843056748705348643744699756062358430976370318433447652065211517250039699901283673617779358909387727348532871840894845558825627196365324677461833913944779006958658430636781779593089703351933603777253133270916111
1000 81470127021832663602977017752407615199745350240083093206383703293737700247230871512574924042101518192869419713745939798378302416383033869190722974141111239353241078482457030697028579946682066466978841319520469395759100982863789705044140418111367866322012731940942889138718383496912858782261102145866123770893844476011378195989650235291817069600313560765667082894768131886091109839259225509656013260386540089809647404030751373844489229426707198376556337439273022758112204601194379474069924249869292727934555516620346917548367523318327852938651474
