p1,p2,p3,q1,q2,gap,A,B,C,certificate,nonnegative_remainder
0,0,0,0,0,actual_degree2,1,0,0,nonnegative_coefficients,0
0,0,0,0,0,first,1,0,0,nonnegative_coefficients,0
0,0,0,0,0,second,0,0,0,nonnegative_coefficients,0
1,0,0,0,0,actual_degree2,1,2,1,nonnegative_coefficients,1
1,0,0,0,0,first,1,2,1,nonnegative_coefficients,1
1,0,0,0,0,second,0,0,0,nonnegative_coefficients,0
1,0,0,1,0,actual_degree2,1,-2,1,completed_square,0
1,0,0,1,0,first,1,-1,1,completed_square,3
1,0,0,1,0,second,1,0,0,nonnegative_coefficients,0
2,0,0,0,0,actual_degree2,1,4,4,nonnegative_coefficients,4
2,0,0,0,0,first,1,4,4,nonnegative_coefficients,4
2,0,0,0,0,second,0,0,0,nonnegative_coefficients,0
2,0,0,1,0,actual_degree2,1,0,4,nonnegative_coefficients,4
2,0,0,1,0,first,1,1,4,nonnegative_coefficients,4
2,0,0,1,0,second,1,0,0,nonnegative_coefficients,0
2,0,0,2,0,actual_degree2,1,-4,4,completed_square,0
2,0,0,2,0,first,1,-2,4,completed_square,12
2,0,0,2,0,second,4,0,0,nonnegative_coefficients,0
2,1,0,1,0,actual_degree2,1,0,0,nonnegative_coefficients,0
2,1,0,1,0,first,1,1,1,nonnegative_coefficients,1
2,1,0,1,0,second,1,2,1,nonnegative_coefficients,1
2,1,0,2,1,first,1,-2,1,completed_square,0
2,1,0,2,1,second,1,-2,1,completed_square,0
3,0,0,0,0,actual_degree2,1,6,9,nonnegative_coefficients,9
3,0,0,0,0,first,1,6,9,nonnegative_coefficients,9
3,0,0,0,0,second,0,0,0,nonnegative_coefficients,0
3,0,0,1,0,actual_degree2,1,2,9,nonnegative_coefficients,9
3,0,0,1,0,first,1,3,9,nonnegative_coefficients,9
3,0,0,1,0,second,1,0,0,nonnegative_coefficients,0
3,0,0,2,0,actual_degree2,1,-2,9,completed_square,32
3,0,0,2,0,first,1,0,9,nonnegative_coefficients,9
3,0,0,2,0,second,4,0,0,nonnegative_coefficients,0
3,0,0,3,0,actual_degree2,1,-6,9,completed_square,0
3,0,0,3,0,first,1,-3,9,completed_square,27
3,0,0,3,0,second,9,0,0,nonnegative_coefficients,0
3,1,0,1,0,actual_degree2,1,2,5,nonnegative_coefficients,5
3,1,0,1,0,first,1,3,6,nonnegative_coefficients,6
3,1,0,1,0,second,1,2,1,nonnegative_coefficients,1
3,1,0,2,0,actual_degree2,1,-2,5,completed_square,16
3,1,0,2,0,first,1,0,6,nonnegative_coefficients,6
3,1,0,2,0,second,4,4,1,nonnegative_coefficients,1
3,1,0,3,1,first,1,-3,6,completed_square,15
3,1,0,3,1,second,6,-3,1,completed_square,15
3,2,0,1,0,actual_degree2,1,2,1,nonnegative_coefficients,1
3,2,0,1,0,first,1,3,3,nonnegative_coefficients,3
3,2,0,1,0,second,1,4,4,nonnegative_coefficients,4
3,2,0,2,0,actual_degree2,1,-2,1,completed_square,0
3,2,0,2,0,first,1,0,3,nonnegative_coefficients,3
3,2,0,2,0,second,4,8,4,nonnegative_coefficients,4
3,2,0,2,1,first,1,0,3,nonnegative_coefficients,3
3,2,0,2,1,second,1,-1,4,completed_square,15
3,2,0,3,2,first,1,-3,3,completed_square,3
3,2,0,3,2,second,3,-6,4,completed_square,12
3,3,1,2,1,first,1,0,0,nonnegative_coefficients,0
3,3,1,2,1,second,1,0,0,nonnegative_coefficients,0
4,0,0,0,0,actual_degree2,1,8,16,nonnegative_coefficients,16
4,0,0,0,0,first,1,8,16,nonnegative_coefficients,16
4,0,0,0,0,second,0,0,0,nonnegative_coefficients,0
4,0,0,2,0,actual_degree2,1,0,16,nonnegative_coefficients,16
4,0,0,2,0,first,1,2,16,nonnegative_coefficients,16
4,0,0,2,0,second,4,0,0,nonnegative_coefficients,0
4,0,0,3,0,actual_degree2,1,-4,16,completed_square,48
4,0,0,3,0,first,1,-1,16,completed_square,63
4,0,0,3,0,second,9,0,0,nonnegative_coefficients,0
4,0,0,4,0,actual_degree2,1,-8,16,completed_square,0
4,0,0,4,0,first,1,-4,16,completed_square,48
4,0,0,4,0,second,16,0,0,nonnegative_coefficients,0
4,1,0,1,0,actual_degree2,1,4,12,nonnegative_coefficients,12
4,1,0,1,0,first,1,5,13,nonnegative_coefficients,13
4,1,0,1,0,second,1,2,1,nonnegative_coefficients,1
4,1,0,2,0,actual_degree2,1,0,12,nonnegative_coefficients,12
4,1,0,2,0,first,1,2,13,nonnegative_coefficients,13
4,1,0,2,0,second,4,4,1,nonnegative_coefficients,1
4,1,0,3,0,actual_degree2,1,-4,12,completed_square,32
4,1,0,3,0,first,1,-1,13,completed_square,51
4,1,0,3,0,second,9,6,1,nonnegative_coefficients,1
4,1,0,4,1,first,1,-4,13,completed_square,36
4,1,0,4,1,second,13,-4,1,completed_square,36
4,2,0,1,0,actual_degree2,1,4,8,nonnegative_coefficients,8
4,2,0,1,0,first,1,5,10,nonnegative_coefficients,10
4,2,0,1,0,second,1,4,4,nonnegative_coefficients,4
4,2,0,2,0,actual_degree2,1,0,8,nonnegative_coefficients,8
4,2,0,2,0,first,1,2,10,nonnegative_coefficients,10
4,2,0,2,0,second,4,8,4,nonnegative_coefficients,4
4,2,0,3,0,actual_degree2,1,-4,8,completed_square,16
4,2,0,3,0,first,1,-1,10,completed_square,39
4,2,0,3,0,second,9,12,4,nonnegative_coefficients,4
4,2,0,3,1,first,1,-1,10,completed_square,39
4,2,0,3,1,second,6,0,4,nonnegative_coefficients,4
4,2,0,4,2,first,1,-4,10,completed_square,24
4,2,0,4,2,second,10,-8,4,completed_square,96
4,3,0,1,0,actual_degree2,1,4,4,nonnegative_coefficients,4
4,3,0,1,0,first,1,5,7,nonnegative_coefficients,7
4,3,0,1,0,second,1,6,9,nonnegative_coefficients,9
4,3,0,2,0,actual_degree2,1,0,4,nonnegative_coefficients,4
4,3,0,2,0,first,1,2,7,nonnegative_coefficients,7
4,3,0,2,0,second,4,12,9,nonnegative_coefficients,9
4,3,0,2,1,first,1,2,7,nonnegative_coefficients,7
4,3,0,2,1,second,1,0,9,nonnegative_coefficients,9
4,3,0,3,0,actual_degree2,1,-4,4,completed_square,0
4,3,0,3,0,first,1,-1,7,completed_square,27
4,3,0,3,0,second,9,18,9,nonnegative_coefficients,9
4,3,0,3,1,first,1,-1,7,completed_square,27
4,3,0,3,1,second,6,6,9,nonnegative_coefficients,9
4,3,0,3,2,first,1,-1,7,completed_square,27
4,3,0,3,2,second,3,-6,9,completed_square,72
4,3,0,4,3,first,1,-4,7,completed_square,12
4,3,0,4,3,second,7,-12,9,completed_square,108
4,4,0,2,0,actual_degree2,1,0,0,nonnegative_coefficients,0
4,4,0,2,0,first,1,2,4,nonnegative_coefficients,4
4,4,0,2,0,second,4,16,16,nonnegative_coefficients,16
4,4,0,3,2,first,1,-1,4,completed_square,15
4,4,0,3,2,second,3,0,16,nonnegative_coefficients,16
4,4,0,4,4,first,1,-4,4,completed_square,0
4,4,0,4,4,second,4,-16,16,completed_square,0
4,4,1,2,1,first,1,2,4,nonnegative_coefficients,4
4,4,1,2,1,second,1,1,4,nonnegative_coefficients,4
4,4,1,3,1,first,1,-1,4,completed_square,15
4,4,1,3,1,second,6,9,4,nonnegative_coefficients,4
4,4,1,3,2,first,1,-1,4,completed_square,15
4,4,1,3,2,second,3,-3,4,completed_square,39
4,5,2,2,1,first,1,2,1,nonnegative_coefficients,1
4,5,2,2,1,second,1,2,1,nonnegative_coefficients,1
4,5,2,3,2,first,1,-1,1,completed_square,3
4,5,2,3,2,second,3,0,1,nonnegative_coefficients,1
5,0,0,0,0,actual_degree2,1,10,25,nonnegative_coefficients,25
5,0,0,0,0,first,1,10,25,nonnegative_coefficients,25
5,0,0,0,0,second,0,0,0,nonnegative_coefficients,0
5,0,0,4,0,actual_degree2,1,-6,25,completed_square,64
5,0,0,4,0,first,1,-2,25,completed_square,96
5,0,0,4,0,second,16,0,0,nonnegative_coefficients,0
5,0,0,5,0,actual_degree2,1,-10,25,completed_square,0
5,0,0,5,0,first,1,-5,25,completed_square,75
5,0,0,5,0,second,25,0,0,nonnegative_coefficients,0
5,1,0,2,0,actual_degree2,1,2,21,nonnegative_coefficients,21
5,1,0,2,0,first,1,4,22,nonnegative_coefficients,22
5,1,0,2,0,second,4,4,1,nonnegative_coefficients,1
5,1,0,3,0,actual_degree2,1,-2,21,completed_square,80
5,1,0,3,0,first,1,1,22,nonnegative_coefficients,22
5,1,0,3,0,second,9,6,1,nonnegative_coefficients,1
5,1,0,5,1,first,1,-5,22,completed_square,63
5,1,0,5,1,second,22,-5,1,completed_square,63
5,2,0,1,0,actual_degree2,1,6,17,nonnegative_coefficients,17
5,2,0,1,0,first,1,7,19,nonnegative_coefficients,19
5,2,0,1,0,second,1,4,4,nonnegative_coefficients,4
5,2,0,2,0,actual_degree2,1,2,17,nonnegative_coefficients,17
5,2,0,2,0,first,1,4,19,nonnegative_coefficients,19
5,2,0,2,0,second,4,8,4,nonnegative_coefficients,4
5,2,0,3,0,actual_degree2,1,-2,17,completed_square,64
5,2,0,3,0,first,1,1,19,nonnegative_coefficients,19
5,2,0,3,0,second,9,12,4,nonnegative_coefficients,4
5,2,0,4,0,actual_degree2,1,-6,17,completed_square,32
5,2,0,4,0,first,1,-2,19,completed_square,72
5,2,0,4,0,second,16,16,4,nonnegative_coefficients,4
5,2,0,4,1,first,1,-2,19,completed_square,72
5,2,0,4,1,second,13,1,4,nonnegative_coefficients,4
5,2,0,5,2,first,1,-5,19,completed_square,51
5,2,0,5,2,second,19,-10,4,completed_square,204
5,3,0,1,0,actual_degree2,1,6,13,nonnegative_coefficients,13
5,3,0,1,0,first,1,7,16,nonnegative_coefficients,16
5,3,0,1,0,second,1,6,9,nonnegative_coefficients,9
5,3,0,2,0,actual_degree2,1,2,13,nonnegative_coefficients,13
5,3,0,2,0,first,1,4,16,nonnegative_coefficients,16
5,3,0,2,0,second,4,12,9,nonnegative_coefficients,9
5,3,0,3,0,actual_degree2,1,-2,13,completed_square,48
5,3,0,3,0,first,1,1,16,nonnegative_coefficients,16
5,3,0,3,0,second,9,18,9,nonnegative_coefficients,9
5,3,0,3,1,first,1,1,16,nonnegative_coefficients,16
5,3,0,3,1,second,6,3,9,nonnegative_coefficients,9
5,3,0,4,0,actual_degree2,1,-6,13,completed_square,16
5,3,0,4,0,first,1,-2,16,completed_square,60
5,3,0,4,0,second,16,24,9,nonnegative_coefficients,9
5,3,0,4,1,first,1,-2,16,completed_square,60
5,3,0,4,1,second,13,9,9,nonnegative_coefficients,9
5,3,0,4,2,first,1,-2,16,completed_square,60
5,3,0,4,2,second,10,-6,9,completed_square,324
5,3,0,5,3,first,1,-5,16,completed_square,39
5,3,0,5,3,second,16,-15,9,completed_square,351
5,4,0,1,0,actual_degree2,1,6,9,nonnegative_coefficients,9
5,4,0,1,0,first,1,7,13,nonnegative_coefficients,13
5,4,0,1,0,second,1,8,16,nonnegative_coefficients,16
5,4,0,2,0,actual_degree2,1,2,9,nonnegative_coefficients,9
5,4,0,2,0,first,1,4,13,nonnegative_coefficients,13
5,4,0,2,0,second,4,16,16,nonnegative_coefficients,16
5,4,0,2,1,first,1,4,13,nonnegative_coefficients,13
5,4,0,2,1,second,1,1,16,nonnegative_coefficients,16
5,4,0,3,0,actual_degree2,1,-2,9,completed_square,32
5,4,0,3,0,first,1,1,13,nonnegative_coefficients,13
5,4,0,3,0,second,9,24,16,nonnegative_coefficients,16
5,4,0,3,1,first,1,1,13,nonnegative_coefficients,13
5,4,0,3,1,second,6,9,16,nonnegative_coefficients,16
5,4,0,3,2,first,1,1,13,nonnegative_coefficients,13
5,4,0,3,2,second,3,-6,16,completed_square,156
5,4,0,4,0,actual_degree2,1,-6,9,completed_square,0
5,4,0,4,0,first,1,-2,13,completed_square,48
5,4,0,4,0,second,16,32,16,nonnegative_coefficients,16
5,4,0,4,1,first,1,-2,13,completed_square,48
5,4,0,4,1,second,13,17,16,nonnegative_coefficients,16
5,4,0,4,2,first,1,-2,13,completed_square,48
5,4,0,4,2,second,10,2,16,nonnegative_coefficients,16
5,4,0,4,3,first,1,-2,13,completed_square,48
5,4,0,4,3,second,7,-13,16,completed_square,279
5,4,0,5,4,first,1,-5,13,completed_square,27
5,4,0,5,4,second,13,-20,16,completed_square,432
5,5,0,2,0,actual_degree2,1,2,5,nonnegative_coefficients,5
5,5,0,2,0,first,1,4,10,nonnegative_coefficients,10
5,5,0,2,0,second,4,20,25,nonnegative_coefficients,25
5,5,0,3,0,actual_degree2,1,-2,5,completed_square,16
5,5,0,3,0,first,1,1,10,nonnegative_coefficients,10
5,5,0,3,0,second,9,30,25,nonnegative_coefficients,25
5,5,0,3,2,first,1,1,10,nonnegative_coefficients,10
5,5,0,3,2,second,3,0,25,nonnegative_coefficients,25
5,5,0,4,2,first,1,-2,10,completed_square,36
5,5,0,4,2,second,10,10,25,nonnegative_coefficients,25
5,5,0,4,3,first,1,-2,10,completed_square,36
5,5,0,4,3,second,7,-5,25,completed_square,675
5,5,0,5,5,first,1,-5,10,completed_square,15
5,5,0,5,5,second,10,-25,25,completed_square,375
5,5,1,2,1,first,1,4,10,nonnegative_coefficients,10
5,5,1,2,1,second,1,2,10,nonnegative_coefficients,10
5,5,1,3,1,first,1,1,10,nonnegative_coefficients,10
5,5,1,3,1,second,6,12,10,nonnegative_coefficients,10
5,5,1,3,2,first,1,1,10,nonnegative_coefficients,10
5,5,1,3,2,second,3,-3,10,completed_square,111
5,5,1,4,1,first,1,-2,10,completed_square,36
5,5,1,4,1,second,13,22,10,nonnegative_coefficients,10
5,5,1,4,2,first,1,-2,10,completed_square,36
5,5,1,4,2,second,10,7,10,nonnegative_coefficients,10
5,5,1,4,3,first,1,-2,10,completed_square,36
5,5,1,4,3,second,7,-8,10,completed_square,216
5,6,0,2,0,actual_degree2,1,2,1,nonnegative_coefficients,1
5,6,0,2,0,first,1,4,7,nonnegative_coefficients,7
5,6,0,2,0,second,4,24,36,nonnegative_coefficients,36
5,6,0,3,0,actual_degree2,1,-2,1,completed_square,0
5,6,0,3,0,first,1,1,7,nonnegative_coefficients,7
5,6,0,3,0,second,9,36,36,nonnegative_coefficients,36
5,6,0,3,2,first,1,1,7,nonnegative_coefficients,7
5,6,0,3,2,second,3,6,36,nonnegative_coefficients,36
5,6,0,4,3,first,1,-2,7,completed_square,24
5,6,0,4,3,second,7,3,36,nonnegative_coefficients,36
5,6,0,4,4,first,1,-2,7,completed_square,24
5,6,0,4,4,second,4,-12,36,completed_square,432
5,6,0,5,6,first,1,-5,7,completed_square,3
5,6,0,5,6,second,7,-30,36,completed_square,108
5,6,1,3,1,first,1,1,7,nonnegative_coefficients,7
5,6,1,3,1,second,6,18,21,nonnegative_coefficients,21
5,6,1,3,2,first,1,1,7,nonnegative_coefficients,7
5,6,1,3,2,second,3,3,21,nonnegative_coefficients,21
5,6,1,4,3,first,1,-2,7,completed_square,24
5,6,1,4,3,second,7,0,21,nonnegative_coefficients,21
5,6,2,2,1,first,1,4,7,nonnegative_coefficients,7
5,6,2,2,1,second,1,3,6,nonnegative_coefficients,6
5,6,2,3,2,first,1,1,7,nonnegative_coefficients,7
5,6,2,3,2,second,3,0,6,nonnegative_coefficients,6
5,6,2,4,2,first,1,-2,7,completed_square,24
5,6,2,4,2,second,10,12,6,nonnegative_coefficients,6
5,6,2,4,3,first,1,-2,7,completed_square,24
5,6,2,4,3,second,7,-3,6,completed_square,159
5,7,2,3,1,first,1,1,4,nonnegative_coefficients,4
5,7,2,3,1,second,6,21,19,nonnegative_coefficients,19
5,7,2,3,2,first,1,1,4,nonnegative_coefficients,4
5,7,2,3,2,second,3,6,19,nonnegative_coefficients,19
5,7,2,4,4,first,1,-2,4,completed_square,12
5,7,2,4,4,second,4,-10,19,completed_square,204
5,7,3,3,2,first,1,1,4,nonnegative_coefficients,4
5,7,3,3,2,second,3,3,4,nonnegative_coefficients,4
5,7,3,4,3,first,1,-2,4,completed_square,12
5,7,3,4,3,second,7,2,4,nonnegative_coefficients,4
5,8,4,3,2,first,1,1,1,nonnegative_coefficients,1
5,8,4,3,2,second,3,6,4,nonnegative_coefficients,4
5,8,4,4,4,first,1,-2,1,completed_square,0
5,8,4,4,4,second,4,-8,4,completed_square,0
6,0,0,0,0,actual_degree2,1,12,36,nonnegative_coefficients,36
6,0,0,0,0,first,1,12,36,nonnegative_coefficients,36
6,0,0,0,0,second,0,0,0,nonnegative_coefficients,0
6,0,0,5,0,actual_degree2,1,-8,36,completed_square,80
6,0,0,5,0,first,1,-3,36,completed_square,135
6,0,0,5,0,second,25,0,0,nonnegative_coefficients,0
6,0,0,6,0,actual_degree2,1,-12,36,completed_square,0
6,0,0,6,0,first,1,-6,36,completed_square,108
6,0,0,6,0,second,36,0,0,nonnegative_coefficients,0
6,1,0,4,0,actual_degree2,1,-4,32,completed_square,112
6,1,0,4,0,first,1,0,33,nonnegative_coefficients,33
6,1,0,4,0,second,16,8,1,nonnegative_coefficients,1
6,1,0,6,1,first,1,-6,33,completed_square,96
6,1,0,6,1,second,33,-6,1,completed_square,96
6,2,0,3,0,actual_degree2,1,0,28,nonnegative_coefficients,28
6,2,0,3,0,first,1,3,30,nonnegative_coefficients,30
6,2,0,3,0,second,9,12,4,nonnegative_coefficients,4
6,2,0,6,2,first,1,-6,30,completed_square,84
6,2,0,6,2,second,30,-12,4,completed_square,336
6,3,0,1,0,actual_degree2,1,8,24,nonnegative_coefficients,24
6,3,0,1,0,first,1,9,27,nonnegative_coefficients,27
6,3,0,1,0,second,1,6,9,nonnegative_coefficients,9
6,3,0,2,0,actual_degree2,1,4,24,nonnegative_coefficients,24
6,3,0,2,0,first,1,6,27,nonnegative_coefficients,27
6,3,0,2,0,second,4,12,9,nonnegative_coefficients,9
6,3,0,3,0,actual_degree2,1,0,24,nonnegative_coefficients,24
6,3,0,3,0,first,1,3,27,nonnegative_coefficients,27
6,3,0,3,0,second,9,18,9,nonnegative_coefficients,9
6,3,0,4,0,actual_degree2,1,-4,24,completed_square,80
6,3,0,4,0,first,1,0,27,nonnegative_coefficients,27
6,3,0,4,0,second,16,24,9,nonnegative_coefficients,9
6,3,0,4,1,first,1,0,27,nonnegative_coefficients,27
6,3,0,4,1,second,13,6,9,nonnegative_coefficients,9
6,3,0,5,1,first,1,-3,27,completed_square,99
6,3,0,5,1,second,22,12,9,nonnegative_coefficients,9
6,3,0,5,2,first,1,-3,27,completed_square,99
6,3,0,5,2,second,19,-6,9,completed_square,648
6,3,0,6,3,first,1,-6,27,completed_square,72
6,3,0,6,3,second,27,-18,9,completed_square,648
6,4,0,1,0,actual_degree2,1,8,20,nonnegative_coefficients,20
6,4,0,1,0,first,1,9,24,nonnegative_coefficients,24
6,4,0,1,0,second,1,8,16,nonnegative_coefficients,16
6,4,0,2,0,actual_degree2,1,4,20,nonnegative_coefficients,20
6,4,0,2,0,first,1,6,24,nonnegative_coefficients,24
6,4,0,2,0,second,4,16,16,nonnegative_coefficients,16
6,4,0,3,0,actual_degree2,1,0,20,nonnegative_coefficients,20
6,4,0,3,0,first,1,3,24,nonnegative_coefficients,24
6,4,0,3,0,second,9,24,16,nonnegative_coefficients,16
6,4,0,3,1,first,1,3,24,nonnegative_coefficients,24
6,4,0,3,1,second,6,6,16,nonnegative_coefficients,16
6,4,0,4,0,actual_degree2,1,-4,20,completed_square,64
6,4,0,4,0,first,1,0,24,nonnegative_coefficients,24
6,4,0,4,0,second,16,32,16,nonnegative_coefficients,16
6,4,0,4,1,first,1,0,24,nonnegative_coefficients,24
6,4,0,4,1,second,13,14,16,nonnegative_coefficients,16
6,4,0,5,0,actual_degree2,1,-8,20,completed_square,16
6,4,0,5,0,first,1,-3,24,completed_square,87
6,4,0,5,0,second,25,40,16,nonnegative_coefficients,16
6,4,0,5,1,first,1,-3,24,completed_square,87
6,4,0,5,1,second,22,22,16,nonnegative_coefficients,16
6,4,0,5,2,first,1,-3,24,completed_square,87
6,4,0,5,2,second,19,4,16,nonnegative_coefficients,16
6,4,0,5,3,first,1,-3,24,completed_square,87
6,4,0,5,3,second,16,-14,16,completed_square,828
6,4,0,6,4,first,1,-6,24,completed_square,60
6,4,0,6,4,second,24,-24,16,completed_square,960
6,5,0,2,0,actual_degree2,1,4,16,nonnegative_coefficients,16
6,5,0,2,0,first,1,6,21,nonnegative_coefficients,21
6,5,0,2,0,second,4,20,25,nonnegative_coefficients,25
6,5,0,2,1,first,1,6,21,nonnegative_coefficients,21
6,5,0,2,1,second,1,2,25,nonnegative_coefficients,25
6,5,0,3,0,actual_degree2,1,0,16,nonnegative_coefficients,16
6,5,0,3,0,first,1,3,21,nonnegative_coefficients,21
6,5,0,3,0,second,9,30,25,nonnegative_coefficients,25
6,5,0,3,1,first,1,3,21,nonnegative_coefficients,21
6,5,0,3,1,second,6,12,25,nonnegative_coefficients,25
6,5,0,4,0,actual_degree2,1,-4,16,completed_square,48
6,5,0,4,0,first,1,0,21,nonnegative_coefficients,21
6,5,0,4,0,second,16,40,25,nonnegative_coefficients,25
6,5,0,4,1,first,1,0,21,nonnegative_coefficients,21
6,5,0,4,1,second,13,22,25,nonnegative_coefficients,25
6,5,0,4,2,first,1,0,21,nonnegative_coefficients,21
6,5,0,4,2,second,10,4,25,nonnegative_coefficients,25
6,5,0,5,2,first,1,-3,21,completed_square,75
6,5,0,5,2,second,19,14,25,nonnegative_coefficients,25
6,5,0,5,3,first,1,-3,21,completed_square,75
6,5,0,5,3,second,16,-4,25,completed_square,1584
6,5,0,6,5,first,1,-6,21,completed_square,48
6,5,0,6,5,second,21,-30,25,completed_square,1200
6,6,0,2,0,actual_degree2,1,4,12,nonnegative_coefficients,12
6,6,0,2,0,first,1,6,18,nonnegative_coefficients,18
6,6,0,2,0,second,4,24,36,nonnegative_coefficients,36
6,6,0,3,0,actual_degree2,1,0,12,nonnegative_coefficients,12
6,6,0,3,0,first,1,3,18,nonnegative_coefficients,18
6,6,0,3,0,second,9,36,36,nonnegative_coefficients,36
6,6,0,3,2,first,1,3,18,nonnegative_coefficients,18
6,6,0,3,2,second,3,0,36,nonnegative_coefficients,36
6,6,0,4,0,actual_degree2,1,-4,12,completed_square,32
6,6,0,4,0,first,1,0,18,nonnegative_coefficients,18
6,6,0,4,0,second,16,48,36,nonnegative_coefficients,36
6,6,0,4,3,first,1,0,18,nonnegative_coefficients,18
6,6,0,4,3,second,7,-6,36,completed_square,972
6,6,0,5,2,first,1,-3,18,completed_square,63
6,6,0,5,2,second,19,24,36,nonnegative_coefficients,36
6,6,0,5,3,first,1,-3,18,completed_square,63
6,6,0,5,3,second,16,6,36,nonnegative_coefficients,36
6,6,0,5,4,first,1,-3,18,completed_square,63
6,6,0,5,4,second,13,-12,36,completed_square,1728
6,6,0,6,6,first,1,-6,18,completed_square,36
6,6,0,6,6,second,18,-36,36,completed_square,1296
6,6,1,2,1,first,1,6,18,nonnegative_coefficients,18
6,6,1,2,1,second,1,3,18,nonnegative_coefficients,18
6,6,1,3,1,first,1,3,18,nonnegative_coefficients,18
6,6,1,3,1,second,6,15,18,nonnegative_coefficients,18
6,6,1,3,2,first,1,3,18,nonnegative_coefficients,18
6,6,1,3,2,second,3,-3,18,completed_square,207
6,6,1,4,1,first,1,0,18,nonnegative_coefficients,18
6,6,1,4,1,second,13,27,18,nonnegative_coefficients,18
6,6,1,4,2,first,1,0,18,nonnegative_coefficients,18
6,6,1,4,2,second,10,9,18,nonnegative_coefficients,18
6,6,1,4,3,first,1,0,18,nonnegative_coefficients,18
6,6,1,4,3,second,7,-9,18,completed_square,423
6,6,1,5,1,first,1,-3,18,completed_square,63
6,6,1,5,1,second,22,39,18,nonnegative_coefficients,18
6,6,1,5,2,first,1,-3,18,completed_square,63
6,6,1,5,2,second,19,21,18,nonnegative_coefficients,18
6,6,1,5,3,first,1,-3,18,completed_square,63
6,6,1,5,3,second,16,3,18,nonnegative_coefficients,18
6,6,1,5,4,first,1,-3,18,completed_square,63
6,6,1,5,4,second,13,-15,18,completed_square,711
6,7,0,2,0,actual_degree2,1,4,8,nonnegative_coefficients,8
6,7,0,2,0,first,1,6,15,nonnegative_coefficients,15
6,7,0,2,0,second,4,28,49,nonnegative_coefficients,49
6,7,0,3,0,actual_degree2,1,0,8,nonnegative_coefficients,8
6,7,0,3,0,first,1,3,15,nonnegative_coefficients,15
6,7,0,3,0,second,9,42,49,nonnegative_coefficients,49
6,7,0,3,2,first,1,3,15,nonnegative_coefficients,15
6,7,0,3,2,second,3,6,49,nonnegative_coefficients,49
6,7,0,4,0,actual_degree2,1,-4,8,completed_square,16
6,7,0,4,0,first,1,0,15,nonnegative_coefficients,15
6,7,0,4,0,second,16,56,49,nonnegative_coefficients,49
6,7,0,4,2,first,1,0,15,nonnegative_coefficients,15
6,7,0,4,2,second,10,20,49,nonnegative_coefficients,49
6,7,0,4,3,first,1,0,15,nonnegative_coefficients,15
6,7,0,4,3,second,7,2,49,nonnegative_coefficients,49
6,7,0,5,3,first,1,-3,15,completed_square,51
6,7,0,5,3,second,16,16,49,nonnegative_coefficients,49
6,7,0,5,4,first,1,-3,15,completed_square,51
6,7,0,5,4,second,13,-2,49,completed_square,2544
6,7,0,5,5,first,1,-3,15,completed_square,51
6,7,0,5,5,second,10,-20,49,completed_square,1560
6,7,0,6,7,first,1,-6,15,completed_square,24
6,7,0,6,7,second,15,-42,49,completed_square,1176
6,7,1,3,1,first,1,3,15,nonnegative_coefficients,15
6,7,1,3,1,second,6,21,31,nonnegative_coefficients,31
6,7,1,3,2,first,1,3,15,nonnegative_coefficients,15
6,7,1,3,2,second,3,3,31,nonnegative_coefficients,31
6,7,1,4,1,first,1,0,15,nonnegative_coefficients,15
6,7,1,4,1,second,13,35,31,nonnegative_coefficients,31
6,7,1,4,2,first,1,0,15,nonnegative_coefficients,15
6,7,1,4,2,second,10,17,31,nonnegative_coefficients,31
6,7,1,4,3,first,1,0,15,nonnegative_coefficients,15
6,7,1,4,3,second,7,-1,31,completed_square,867
6,7,1,5,3,first,1,-3,15,completed_square,51
6,7,1,5,3,second,16,13,31,nonnegative_coefficients,31
6,7,1,5,4,first,1,-3,15,completed_square,51
6,7,1,5,4,second,13,-5,31,completed_square,1587
6,7,2,2,1,first,1,6,15,nonnegative_coefficients,15
6,7,2,2,1,second,1,4,13,nonnegative_coefficients,13
6,7,2,3,2,first,1,3,15,nonnegative_coefficients,15
6,7,2,3,2,second,3,0,13,nonnegative_coefficients,13
6,7,2,4,2,first,1,0,15,nonnegative_coefficients,15
6,7,2,4,2,second,10,14,13,nonnegative_coefficients,13
6,7,2,4,3,first,1,0,15,nonnegative_coefficients,15
6,7,2,4,3,second,7,-4,13,completed_square,348
6,7,2,5,2,first,1,-3,15,completed_square,51
6,7,2,5,2,second,19,28,13,nonnegative_coefficients,13
6,7,2,5,3,first,1,-3,15,completed_square,51
6,7,2,5,3,second,16,10,13,nonnegative_coefficients,13
6,7,2,5,4,first,1,-3,15,completed_square,51
6,7,2,5,4,second,13,-8,13,completed_square,612
6,8,0,2,0,actual_degree2,1,4,4,nonnegative_coefficients,4
6,8,0,2,0,first,1,6,12,nonnegative_coefficients,12
6,8,0,2,0,second,4,32,64,nonnegative_coefficients,64
6,8,0,3,0,actual_degree2,1,0,4,nonnegative_coefficients,4
6,8,0,3,0,first,1,3,12,nonnegative_coefficients,12
6,8,0,3,0,second,9,48,64,nonnegative_coefficients,64
6,8,0,4,0,actual_degree2,1,-4,4,completed_square,0
6,8,0,4,0,first,1,0,12,nonnegative_coefficients,12
6,8,0,4,0,second,16,64,64,nonnegative_coefficients,64
6,8,0,4,4,first,1,0,12,nonnegative_coefficients,12
6,8,0,4,4,second,4,-8,64,completed_square,960
6,8,0,5,4,first,1,-3,12,completed_square,39
6,8,0,5,4,second,13,8,64,nonnegative_coefficients,64
6,8,0,5,5,first,1,-3,12,completed_square,39
6,8,0,5,5,second,10,-10,64,completed_square,2460
6,8,0,5,6,first,1,-3,12,completed_square,39
6,8,0,5,6,second,7,-28,64,completed_square,1008
6,8,0,6,8,first,1,-6,12,completed_square,12
6,8,0,6,8,second,12,-48,64,completed_square,768
6,8,1,3,2,first,1,3,12,nonnegative_coefficients,12
6,8,1,3,2,second,3,9,46,nonnegative_coefficients,46
6,8,1,4,1,first,1,0,12,nonnegative_coefficients,12
6,8,1,4,1,second,13,43,46,nonnegative_coefficients,46
6,8,1,4,3,first,1,0,12,nonnegative_coefficients,12
6,8,1,4,3,second,7,7,46,nonnegative_coefficients,46
6,8,1,5,4,first,1,-3,12,completed_square,39
6,8,1,5,4,second,13,5,46,nonnegative_coefficients,46
6,8,2,3,1,first,1,3,12,nonnegative_coefficients,12
6,8,2,3,1,second,6,24,28,nonnegative_coefficients,28
6,8,2,3,2,first,1,3,12,nonnegative_coefficients,12
6,8,2,3,2,second,3,6,28,nonnegative_coefficients,28
6,8,2,4,2,first,1,0,12,nonnegative_coefficients,12
6,8,2,4,2,second,10,22,28,nonnegative_coefficients,28
6,8,2,5,4,first,1,-3,12,completed_square,39
6,8,2,5,4,second,13,2,28,nonnegative_coefficients,28
6,8,2,5,5,first,1,-3,12,completed_square,39
6,8,2,5,5,second,10,-16,28,completed_square,864
6,8,3,3,2,first,1,3,12,nonnegative_coefficients,12
6,8,3,3,2,second,3,3,10,nonnegative_coefficients,10
6,8,3,4,3,first,1,0,12,nonnegative_coefficients,12
6,8,3,4,3,second,7,1,10,nonnegative_coefficients,10
6,8,3,5,3,first,1,-3,12,completed_square,39
6,8,3,5,3,second,16,17,10,nonnegative_coefficients,10
6,9,0,3,0,actual_degree2,1,0,0,nonnegative_coefficients,0
6,9,0,3,0,first,1,3,9,nonnegative_coefficients,9
6,9,0,3,0,second,9,54,81,nonnegative_coefficients,81
6,9,0,4,3,first,1,0,9,nonnegative_coefficients,9
6,9,0,4,3,second,7,18,81,nonnegative_coefficients,81
6,9,0,5,6,first,1,-3,9,completed_square,27
6,9,0,5,6,second,7,-18,81,completed_square,1944
6,9,0,6,9,first,1,-6,9,completed_square,0
6,9,0,6,9,second,9,-54,81,completed_square,0
6,9,1,4,3,first,1,0,9,nonnegative_coefficients,9
6,9,1,4,3,second,7,15,63,nonnegative_coefficients,63
6,9,2,3,1,first,1,3,9,nonnegative_coefficients,9
6,9,2,3,1,second,6,30,45,nonnegative_coefficients,45
6,9,2,3,2,first,1,3,9,nonnegative_coefficients,9
6,9,2,3,2,second,3,12,45,nonnegative_coefficients,45
6,9,2,4,1,first,1,0,9,nonnegative_coefficients,9
6,9,2,4,1,second,13,48,45,nonnegative_coefficients,45
6,9,2,4,2,first,1,0,9,nonnegative_coefficients,9
6,9,2,4,2,second,10,30,45,nonnegative_coefficients,45
6,9,2,4,3,first,1,0,9,nonnegative_coefficients,9
6,9,2,4,3,second,7,12,45,nonnegative_coefficients,45
6,9,2,4,4,first,1,0,9,nonnegative_coefficients,9
6,9,2,4,4,second,4,-6,45,completed_square,684
6,9,2,5,5,first,1,-3,9,completed_square,27
6,9,2,5,5,second,10,-6,45,completed_square,1764
6,9,2,5,6,first,1,-3,9,completed_square,27
6,9,2,5,6,second,7,-24,45,completed_square,684
6,9,3,3,2,first,1,3,9,nonnegative_coefficients,9
6,9,3,3,2,second,3,9,27,nonnegative_coefficients,27
6,9,3,4,2,first,1,0,9,nonnegative_coefficients,9
6,9,3,4,2,second,10,27,27,nonnegative_coefficients,27
6,9,3,4,3,first,1,0,9,nonnegative_coefficients,9
6,9,3,4,3,second,7,9,27,nonnegative_coefficients,27
6,9,3,5,5,first,1,-3,9,completed_square,27
6,9,3,5,5,second,10,-9,27,completed_square,999
6,9,4,4,3,first,1,0,9,nonnegative_coefficients,9
6,9,4,4,3,second,7,6,9,nonnegative_coefficients,9
6,9,4,5,4,first,1,-3,9,completed_square,27
6,9,4,5,4,second,13,6,9,nonnegative_coefficients,9
6,10,3,4,3,first,1,0,6,nonnegative_coefficients,6
6,10,3,4,3,second,7,17,46,nonnegative_coefficients,46
6,10,3,5,6,first,1,-3,6,completed_square,15
6,10,3,5,6,second,7,-17,46,completed_square,999
6,10,4,3,2,first,1,3,6,nonnegative_coefficients,6
6,10,4,3,2,second,3,12,28,nonnegative_coefficients,28
6,10,4,4,3,first,1,0,6,nonnegative_coefficients,6
6,10,4,4,3,second,7,14,28,nonnegative_coefficients,28
6,10,4,4,4,first,1,0,6,nonnegative_coefficients,6
6,10,4,4,4,second,4,-4,28,completed_square,432
6,10,4,5,6,first,1,-3,6,completed_square,15
6,10,4,5,6,second,7,-20,28,completed_square,384
6,11,6,4,4,first,1,0,3,nonnegative_coefficients,3
6,11,6,4,4,second,4,-2,13,completed_square,204
6,11,6,5,6,first,1,-3,3,completed_square,3
6,11,6,5,6,second,7,-16,13,completed_square,108
6,12,8,4,4,first,1,0,0,nonnegative_coefficients,0
6,12,8,4,4,second,4,0,0,nonnegative_coefficients,0
7,2,0,4,0,actual_degree2,1,-2,41,completed_square,160
7,2,0,4,0,first,1,2,43,nonnegative_coefficients,43
7,2,0,4,0,second,16,16,4,nonnegative_coefficients,4
7,2,0,7,2,first,1,-7,43,completed_square,123
7,2,0,7,2,second,43,-14,4,completed_square,492
7,3,0,3,0,actual_degree2,1,2,37,nonnegative_coefficients,37
7,3,0,3,0,first,1,5,40,nonnegative_coefficients,40
7,3,0,3,0,second,9,18,9,nonnegative_coefficients,9
7,3,0,4,0,actual_degree2,1,-2,37,completed_square,144
7,3,0,4,0,first,1,2,40,nonnegative_coefficients,40
7,3,0,4,0,second,16,24,9,nonnegative_coefficients,9
7,3,0,5,1,first,1,-1,40,completed_square,159
7,3,0,5,1,second,22,9,9,nonnegative_coefficients,9
7,3,0,7,3,first,1,-7,40,completed_square,111
7,3,0,7,3,second,40,-21,9,completed_square,999
7,4,0,1,0,actual_degree2,1,10,33,nonnegative_coefficients,33
7,4,0,1,0,first,1,11,37,nonnegative_coefficients,37
7,4,0,1,0,second,1,8,16,nonnegative_coefficients,16
7,4,0,5,0,actual_degree2,1,-6,33,completed_square,96
7,4,0,5,0,first,1,-1,37,completed_square,147
7,4,0,5,0,second,25,40,16,nonnegative_coefficients,16
7,4,0,6,3,first,1,-4,37,completed_square,132
7,4,0,6,3,second,27,-15,16,completed_square,1503
7,5,0,2,0,actual_degree2,1,6,29,nonnegative_coefficients,29
7,5,0,2,0,first,1,8,34,nonnegative_coefficients,34
7,5,0,2,0,second,4,20,25,nonnegative_coefficients,25
7,5,0,3,0,actual_degree2,1,2,29,nonnegative_coefficients,29
7,5,0,3,0,first,1,5,34,nonnegative_coefficients,34
7,5,0,3,0,second,9,30,25,nonnegative_coefficients,25
7,5,0,4,0,actual_degree2,1,-2,29,completed_square,112
7,5,0,4,0,first,1,2,34,nonnegative_coefficients,34
7,5,0,4,0,second,16,40,25,nonnegative_coefficients,25
7,5,0,4,1,first,1,2,34,nonnegative_coefficients,34
7,5,0,4,1,second,13,19,25,nonnegative_coefficients,25
7,5,0,5,1,first,1,-1,34,completed_square,135
7,5,0,5,1,second,22,29,25,nonnegative_coefficients,25
7,5,0,5,2,first,1,-1,34,completed_square,135
7,5,0,5,2,second,19,8,25,nonnegative_coefficients,25
7,5,0,6,1,first,1,-4,34,completed_square,120
7,5,0,6,1,second,33,39,25,nonnegative_coefficients,25
7,5,0,6,2,first,1,-4,34,completed_square,120
7,5,0,6,2,second,30,18,25,nonnegative_coefficients,25
7,5,0,6,3,first,1,-4,34,completed_square,120
7,5,0,6,3,second,27,-3,25,completed_square,2691
7,5,0,7,5,first,1,-7,34,completed_square,87
7,5,0,7,5,second,34,-35,25,completed_square,2175
7,6,0,2,0,actual_degree2,1,6,25,nonnegative_coefficients,25
7,6,0,2,0,first,1,8,31,nonnegative_coefficients,31
7,6,0,2,0,second,4,24,36,nonnegative_coefficients,36
7,6,0,3,0,actual_degree2,1,2,25,nonnegative_coefficients,25
7,6,0,3,0,first,1,5,31,nonnegative_coefficients,31
7,6,0,3,0,second,9,36,36,nonnegative_coefficients,36
7,6,0,3,1,first,1,5,31,nonnegative_coefficients,31
7,6,0,3,1,second,6,15,36,nonnegative_coefficients,36
7,6,0,4,0,actual_degree2,1,-2,25,completed_square,96
7,6,0,4,0,first,1,2,31,nonnegative_coefficients,31
7,6,0,4,0,second,16,48,36,nonnegative_coefficients,36
7,6,0,4,1,first,1,2,31,nonnegative_coefficients,31
7,6,0,4,1,second,13,27,36,nonnegative_coefficients,36
7,6,0,5,2,first,1,-1,31,completed_square,123
7,6,0,5,2,second,19,18,36,nonnegative_coefficients,36
7,6,0,5,3,first,1,-1,31,completed_square,123
7,6,0,5,3,second,16,-3,36,completed_square,2295
7,6,0,6,0,actual_degree2,1,-10,25,completed_square,0
7,6,0,6,0,first,1,-4,31,completed_square,108
7,6,0,6,0,second,36,72,36,nonnegative_coefficients,36
7,6,0,6,3,first,1,-4,31,completed_square,108
7,6,0,6,3,second,27,9,36,nonnegative_coefficients,36
7,6,0,6,4,first,1,-4,31,completed_square,108
7,6,0,6,4,second,24,-12,36,completed_square,3312
7,6,0,7,6,first,1,-7,31,completed_square,75
7,6,0,7,6,second,31,-42,36,completed_square,2700
7,7,0,2,0,actual_degree2,1,6,21,nonnegative_coefficients,21
7,7,0,2,0,first,1,8,28,nonnegative_coefficients,28
7,7,0,2,0,second,4,28,49,nonnegative_coefficients,49
7,7,0,3,0,actual_degree2,1,2,21,nonnegative_coefficients,21
7,7,0,3,0,first,1,5,28,nonnegative_coefficients,28
7,7,0,3,0,second,9,42,49,nonnegative_coefficients,49
7,7,0,4,0,actual_degree2,1,-2,21,completed_square,80
7,7,0,4,0,first,1,2,28,nonnegative_coefficients,28
7,7,0,4,0,second,16,56,49,nonnegative_coefficients,49
7,7,0,4,2,first,1,2,28,nonnegative_coefficients,28
7,7,0,4,2,second,10,14,49,nonnegative_coefficients,49
7,7,0,5,0,actual_degree2,1,-6,21,completed_square,48
7,7,0,5,0,first,1,-1,28,completed_square,111
7,7,0,5,0,second,25,70,49,nonnegative_coefficients,49
7,7,0,5,2,first,1,-1,28,completed_square,111
7,7,0,5,2,second,19,28,49,nonnegative_coefficients,49
7,7,0,5,3,first,1,-1,28,completed_square,111
7,7,0,5,3,second,16,7,49,nonnegative_coefficients,49
7,7,0,6,3,first,1,-4,28,completed_square,96
7,7,0,6,3,second,27,21,49,nonnegative_coefficients,49
7,7,0,6,4,first,1,-4,28,completed_square,96
7,7,0,6,4,second,24,0,49,nonnegative_coefficients,49
7,7,0,6,5,first,1,-4,28,completed_square,96
7,7,0,6,5,second,21,-21,49,completed_square,3675
7,7,0,7,7,first,1,-7,28,completed_square,63
7,7,0,7,7,second,28,-49,49,completed_square,3087
7,7,1,2,1,first,1,8,28,nonnegative_coefficients,28
7,7,1,2,1,second,1,4,28,nonnegative_coefficients,28
7,7,1,3,1,first,1,5,28,nonnegative_coefficients,28
7,7,1,3,1,second,6,18,28,nonnegative_coefficients,28
7,7,1,4,1,first,1,2,28,nonnegative_coefficients,28
7,7,1,4,1,second,13,32,28,nonnegative_coefficients,28
7,7,1,4,2,first,1,2,28,nonnegative_coefficients,28
7,7,1,4,2,second,10,11,28,nonnegative_coefficients,28
7,7,1,5,2,first,1,-1,28,completed_square,111
7,7,1,5,2,second,19,25,28,nonnegative_coefficients,28
7,7,1,5,3,first,1,-1,28,completed_square,111
7,7,1,5,3,second,16,4,28,nonnegative_coefficients,28
7,7,1,5,4,first,1,-1,28,completed_square,111
7,7,1,5,4,second,13,-17,28,completed_square,1167
7,7,1,6,1,first,1,-4,28,completed_square,96
7,7,1,6,1,second,33,60,28,nonnegative_coefficients,28
7,7,1,6,3,first,1,-4,28,completed_square,96
7,7,1,6,3,second,27,18,28,nonnegative_coefficients,28
7,7,1,6,4,first,1,-4,28,completed_square,96
7,7,1,6,4,second,24,-3,28,completed_square,2679
7,7,1,6,5,first,1,-4,28,completed_square,96
7,7,1,6,5,second,21,-24,28,completed_square,1776
7,8,0,3,0,actual_degree2,1,2,17,nonnegative_coefficients,17
7,8,0,3,0,first,1,5,25,nonnegative_coefficients,25
7,8,0,3,0,second,9,48,64,nonnegative_coefficients,64
7,8,0,3,2,first,1,5,25,nonnegative_coefficients,25
7,8,0,3,2,second,3,6,64,nonnegative_coefficients,64
7,8,0,5,2,first,1,-1,25,completed_square,99
7,8,0,5,2,second,19,38,64,nonnegative_coefficients,64
7,8,0,6,5,first,1,-4,25,completed_square,84
7,8,0,6,5,second,21,-9,64,completed_square,5295
7,8,0,7,8,first,1,-7,25,completed_square,51
7,8,0,7,8,second,25,-56,64,completed_square,3264
7,8,1,3,1,first,1,5,25,nonnegative_coefficients,25
7,8,1,3,1,second,6,24,43,nonnegative_coefficients,43
7,8,1,3,2,first,1,5,25,nonnegative_coefficients,25
7,8,1,3,2,second,3,3,43,nonnegative_coefficients,43
7,8,1,4,1,first,1,2,25,nonnegative_coefficients,25
7,8,1,4,1,second,13,40,43,nonnegative_coefficients,43
7,8,1,4,2,first,1,2,25,nonnegative_coefficients,25
7,8,1,4,2,second,10,19,43,nonnegative_coefficients,43
7,8,1,4,3,first,1,2,25,nonnegative_coefficients,25
7,8,1,4,3,second,7,-2,43,completed_square,1200
7,8,1,5,1,first,1,-1,25,completed_square,99
7,8,1,5,1,second,22,56,43,nonnegative_coefficients,43
7,8,1,5,2,first,1,-1,25,completed_square,99
7,8,1,5,2,second,19,35,43,nonnegative_coefficients,43
7,8,1,5,3,first,1,-1,25,completed_square,99
7,8,1,5,3,second,16,14,43,nonnegative_coefficients,43
7,8,1,5,4,first,1,-1,25,completed_square,99
7,8,1,5,4,second,13,-7,43,completed_square,2187
7,8,1,6,3,first,1,-4,25,completed_square,84
7,8,1,6,3,second,27,30,43,nonnegative_coefficients,43
7,8,1,6,4,first,1,-4,25,completed_square,84
7,8,1,6,4,second,24,9,43,nonnegative_coefficients,43
7,8,1,6,5,first,1,-4,25,completed_square,84
7,8,1,6,5,second,21,-12,43,completed_square,3468
7,8,2,2,1,first,1,8,25,nonnegative_coefficients,25
7,8,2,2,1,second,1,5,22,nonnegative_coefficients,22
7,8,2,4,3,first,1,2,25,nonnegative_coefficients,25
7,8,2,4,3,second,7,-5,22,completed_square,591
7,8,2,5,2,first,1,-1,25,completed_square,99
7,8,2,5,2,second,19,32,22,nonnegative_coefficients,22
7,8,2,5,3,first,1,-1,25,completed_square,99
7,8,2,5,3,second,16,11,22,nonnegative_coefficients,22
7,8,2,6,2,first,1,-4,25,completed_square,84
7,8,2,6,2,second,30,48,22,nonnegative_coefficients,22
7,8,2,6,3,first,1,-4,25,completed_square,84
7,8,2,6,3,second,27,27,22,nonnegative_coefficients,22
7,9,0,3,0,actual_degree2,1,2,13,nonnegative_coefficients,13
7,9,0,3,0,first,1,5,22,nonnegative_coefficients,22
7,9,0,3,0,second,9,54,81,nonnegative_coefficients,81
7,9,0,4,0,actual_degree2,1,-2,13,completed_square,48
7,9,0,4,0,first,1,2,22,nonnegative_coefficients,22
7,9,0,4,0,second,16,72,81,nonnegative_coefficients,81
7,9,0,5,5,first,1,-1,22,completed_square,87
7,9,0,5,5,second,10,-15,81,completed_square,3015
7,9,0,6,5,first,1,-4,22,completed_square,72
7,9,0,6,5,second,21,3,81,nonnegative_coefficients,81
7,9,0,6,6,first,1,-4,22,completed_square,72
7,9,0,6,6,second,18,-18,81,completed_square,5508
7,9,1,3,2,first,1,5,22,nonnegative_coefficients,22
7,9,1,3,2,second,3,9,60,nonnegative_coefficients,60
7,9,1,4,1,first,1,2,22,nonnegative_coefficients,22
7,9,1,4,1,second,13,48,60,nonnegative_coefficients,60
7,9,1,4,2,first,1,2,22,nonnegative_coefficients,22
7,9,1,4,2,second,10,27,60,nonnegative_coefficients,60
7,9,1,4,3,first,1,2,22,nonnegative_coefficients,22
7,9,1,4,3,second,7,6,60,nonnegative_coefficients,60
7,9,1,5,1,first,1,-1,22,completed_square,87
7,9,1,5,1,second,22,66,60,nonnegative_coefficients,60
7,9,1,5,2,first,1,-1,22,completed_square,87
7,9,1,5,2,second,19,45,60,nonnegative_coefficients,60
7,9,1,5,3,first,1,-1,22,completed_square,87
7,9,1,5,3,second,16,24,60,nonnegative_coefficients,60
7,9,1,5,4,first,1,-1,22,completed_square,87
7,9,1,5,4,second,13,3,60,nonnegative_coefficients,60
7,9,1,6,4,first,1,-4,22,completed_square,72
7,9,1,6,4,second,24,21,60,nonnegative_coefficients,60
7,9,1,6,5,first,1,-4,22,completed_square,72
7,9,1,6,5,second,21,0,60,nonnegative_coefficients,60
7,9,2,3,1,first,1,5,22,nonnegative_coefficients,22
7,9,2,3,1,second,6,27,39,nonnegative_coefficients,39
7,9,2,3,2,first,1,5,22,nonnegative_coefficients,22
7,9,2,3,2,second,3,6,39,nonnegative_coefficients,39
7,9,2,4,2,first,1,2,22,nonnegative_coefficients,22
7,9,2,4,2,second,10,24,39,nonnegative_coefficients,39
7,9,2,5,2,first,1,-1,22,completed_square,87
7,9,2,5,2,second,19,42,39,nonnegative_coefficients,39
7,9,2,5,3,first,1,-1,22,completed_square,87
7,9,2,5,3,second,16,21,39,nonnegative_coefficients,39
7,9,2,5,4,first,1,-1,22,completed_square,87
7,9,2,5,4,second,13,0,39,nonnegative_coefficients,39
7,9,2,6,4,first,1,-4,22,completed_square,72
7,9,2,6,4,second,24,18,39,nonnegative_coefficients,39
7,9,2,6,5,first,1,-4,22,completed_square,72
7,9,2,6,5,second,21,-3,39,completed_square,3267
7,9,2,6,6,first,1,-4,22,completed_square,72
7,9,2,6,6,second,18,-24,39,completed_square,2232
7,9,3,3,2,first,1,5,22,nonnegative_coefficients,22
7,9,3,3,2,second,3,3,18,nonnegative_coefficients,18
7,9,3,4,3,first,1,2,22,nonnegative_coefficients,22
7,9,3,4,3,second,7,0,18,nonnegative_coefficients,18
7,9,3,6,3,first,1,-4,22,completed_square,72
7,9,3,6,3,second,27,36,18,nonnegative_coefficients,18
7,10,0,3,0,actual_degree2,1,2,9,nonnegative_coefficients,9
7,10,0,3,0,first,1,5,19,nonnegative_coefficients,19
7,10,0,3,0,second,9,60,100,nonnegative_coefficients,100
7,10,0,4,0,actual_degree2,1,-2,9,completed_square,32
7,10,0,4,0,first,1,2,19,nonnegative_coefficients,19
7,10,0,4,0,second,16,80,100,nonnegative_coefficients,100
7,10,0,4,3,first,1,2,19,nonnegative_coefficients,19
7,10,0,4,3,second,7,17,100,nonnegative_coefficients,100
7,10,0,4,4,first,1,2,19,nonnegative_coefficients,19
7,10,0,4,4,second,4,-4,100,completed_square,1584
7,10,0,5,3,first,1,-1,19,completed_square,75
7,10,0,5,3,second,16,37,100,nonnegative_coefficients,100
7,10,0,6,6,first,1,-4,19,completed_square,60
7,10,0,6,6,second,18,-6,100,completed_square,7164
7,10,0,6,7,first,1,-4,19,completed_square,60
7,10,0,6,7,second,15,-27,100,completed_square,5271
7,10,0,7,10,first,1,-7,19,completed_square,27
7,10,0,7,10,second,19,-70,100,completed_square,2700
7,10,2,3,1,first,1,5,19,nonnegative_coefficients,19
7,10,2,3,1,second,6,33,58,nonnegative_coefficients,58
7,10,2,3,2,first,1,5,19,nonnegative_coefficients,19
7,10,2,3,2,second,3,12,58,nonnegative_coefficients,58
7,10,2,4,1,first,1,2,19,nonnegative_coefficients,19
7,10,2,4,1,second,13,53,58,nonnegative_coefficients,58
7,10,2,4,3,first,1,2,19,nonnegative_coefficients,19
7,10,2,4,3,second,7,11,58,nonnegative_coefficients,58
7,10,2,5,2,first,1,-1,19,completed_square,75
7,10,2,5,2,second,19,52,58,nonnegative_coefficients,58
7,10,2,5,4,first,1,-1,19,completed_square,75
7,10,2,5,4,second,13,10,58,nonnegative_coefficients,58
7,10,2,6,5,first,1,-4,19,completed_square,60
7,10,2,6,5,second,21,9,58,nonnegative_coefficients,58
7,10,2,6,7,first,1,-4,19,completed_square,60
7,10,2,6,7,second,15,-33,58,completed_square,2391
7,10,3,3,2,first,1,5,19,nonnegative_coefficients,19
7,10,3,3,2,second,3,9,37,nonnegative_coefficients,37
7,10,3,4,2,first,1,2,19,nonnegative_coefficients,19
7,10,3,4,2,second,10,29,37,nonnegative_coefficients,37
7,10,3,4,3,first,1,2,19,nonnegative_coefficients,19
7,10,3,4,3,second,7,8,37,nonnegative_coefficients,37
7,10,3,5,3,first,1,-1,19,completed_square,75
7,10,3,5,3,second,16,28,37,nonnegative_coefficients,37
7,10,3,6,5,first,1,-4,19,completed_square,60
7,10,3,6,5,second,21,6,37,nonnegative_coefficients,37
7,10,3,6,6,first,1,-4,19,completed_square,60
7,10,3,6,6,second,18,-15,37,completed_square,2439
7,10,4,3,2,first,1,5,19,nonnegative_coefficients,19
7,10,4,3,2,second,3,6,16,nonnegative_coefficients,16
7,10,4,4,3,first,1,2,19,nonnegative_coefficients,19
7,10,4,4,3,second,7,5,16,nonnegative_coefficients,16
7,10,4,6,4,first,1,-4,19,completed_square,60
7,10,4,6,4,second,24,24,16,nonnegative_coefficients,16
7,11,1,4,3,first,1,2,16,nonnegative_coefficients,16
7,11,1,4,3,second,7,22,100,nonnegative_coefficients,100
7,11,1,5,4,first,1,-1,16,completed_square,63
7,11,1,5,4,second,13,23,100,nonnegative_coefficients,100
7,11,2,4,1,first,1,2,16,nonnegative_coefficients,16
7,11,2,4,1,second,13,61,79,nonnegative_coefficients,79
7,11,2,4,2,first,1,2,16,nonnegative_coefficients,16
7,11,2,4,2,second,10,40,79,nonnegative_coefficients,79
7,11,2,4,4,first,1,2,16,nonnegative_coefficients,16
7,11,2,4,4,second,4,-2,79,completed_square,1260
7,11,2,5,1,first,1,-1,16,completed_square,63
7,11,2,5,1,second,22,83,79,nonnegative_coefficients,79
7,11,2,5,2,first,1,-1,16,completed_square,63
7,11,2,5,2,second,19,62,79,nonnegative_coefficients,79
7,11,2,5,4,first,1,-1,16,completed_square,63
7,11,2,5,4,second,13,20,79,nonnegative_coefficients,79
7,11,2,5,5,first,1,-1,16,completed_square,63
7,11,2,5,5,second,10,-1,79,completed_square,3159
7,11,2,5,6,first,1,-1,16,completed_square,63
7,11,2,5,6,second,7,-22,79,completed_square,1728
7,11,2,6,6,first,1,-4,16,completed_square,48
7,11,2,6,6,second,18,0,79,nonnegative_coefficients,79
7,11,2,6,7,first,1,-4,16,completed_square,48
7,11,2,6,7,second,15,-21,79,completed_square,4299
7,11,3,3,2,first,1,5,16,nonnegative_coefficients,16
7,11,3,3,2,second,3,15,58,nonnegative_coefficients,58
7,11,3,4,2,first,1,2,16,nonnegative_coefficients,16
7,11,3,4,2,second,10,37,58,nonnegative_coefficients,58
7,11,3,4,3,first,1,2,16,nonnegative_coefficients,16
7,11,3,4,3,second,7,16,58,nonnegative_coefficients,58
7,11,3,5,2,first,1,-1,16,completed_square,63
7,11,3,5,2,second,19,59,58,nonnegative_coefficients,58
7,11,3,5,3,first,1,-1,16,completed_square,63
7,11,3,5,3,second,16,38,58,nonnegative_coefficients,58
7,11,3,5,5,first,1,-1,16,completed_square,63
7,11,3,5,5,second,10,-4,58,completed_square,2304
7,11,3,6,6,first,1,-4,16,completed_square,48
7,11,3,6,6,second,18,-3,58,completed_square,4167
7,11,4,4,3,first,1,2,16,nonnegative_coefficients,16
7,11,4,4,3,second,7,13,37,nonnegative_coefficients,37
7,11,4,5,3,first,1,-1,16,completed_square,63
7,11,4,5,3,second,16,35,37,nonnegative_coefficients,37
7,11,4,5,5,first,1,-1,16,completed_square,63
7,11,4,5,5,second,10,-7,37,completed_square,1431
7,11,5,5,4,first,1,-1,16,completed_square,63
7,11,5,5,4,second,13,11,16,nonnegative_coefficients,16
7,11,5,6,5,first,1,-4,16,completed_square,48
7,11,5,6,5,second,21,12,16,nonnegative_coefficients,16
7,12,0,4,0,actual_degree2,1,-2,1,completed_square,0
7,12,0,4,0,first,1,2,13,nonnegative_coefficients,13
7,12,0,4,0,second,16,96,144,nonnegative_coefficients,144
7,12,0,5,4,first,1,-1,13,completed_square,51
7,12,0,5,4,second,13,36,144,nonnegative_coefficients,144
7,12,0,5,6,first,1,-1,13,completed_square,51
7,12,0,5,6,second,7,-6,144,completed_square,3996
7,12,0,6,8,first,1,-4,13,completed_square,36
7,12,0,6,8,second,12,-24,144,completed_square,6336
7,12,0,7,12,first,1,-7,13,completed_square,3
7,12,0,7,12,second,13,-84,144,completed_square,432
7,12,2,4,1,first,1,2,13,nonnegative_coefficients,13
7,12,2,4,1,second,13,69,102,nonnegative_coefficients,102
7,12,2,4,3,first,1,2,13,nonnegative_coefficients,13
7,12,2,4,3,second,7,27,102,nonnegative_coefficients,102
7,12,2,5,5,first,1,-1,13,completed_square,51
7,12,2,5,5,second,10,9,102,nonnegative_coefficients,102
7,12,2,5,6,first,1,-1,13,completed_square,51
7,12,2,5,6,second,7,-12,102,completed_square,2712
7,12,4,3,2,first,1,5,13,nonnegative_coefficients,13
7,12,4,3,2,second,3,18,60,nonnegative_coefficients,60
7,12,4,4,3,first,1,2,13,nonnegative_coefficients,13
7,12,4,4,3,second,7,21,60,nonnegative_coefficients,60
7,12,4,4,4,first,1,2,13,nonnegative_coefficients,13
7,12,4,4,4,second,4,0,60,nonnegative_coefficients,60
7,12,4,5,2,first,1,-1,13,completed_square,51
7,12,4,5,2,second,19,66,60,nonnegative_coefficients,60
7,12,4,5,3,first,1,-1,13,completed_square,51
7,12,4,5,3,second,16,45,60,nonnegative_coefficients,60
7,12,4,5,4,first,1,-1,13,completed_square,51
7,12,4,5,4,second,13,24,60,nonnegative_coefficients,60
7,12,4,5,5,first,1,-1,13,completed_square,51
7,12,4,5,5,second,10,3,60,nonnegative_coefficients,60
7,12,4,5,6,first,1,-1,13,completed_square,51
7,12,4,5,6,second,7,-18,60,completed_square,1356
7,12,4,6,7,first,1,-4,13,completed_square,36
7,12,4,6,7,second,15,-15,60,completed_square,3375
7,12,4,6,8,first,1,-4,13,completed_square,36
7,12,4,6,8,second,12,-36,60,completed_square,1584
7,12,5,5,4,first,1,-1,13,completed_square,51
7,12,5,5,4,second,13,21,39,nonnegative_coefficients,39
7,12,6,5,4,first,1,-1,13,completed_square,51
7,12,6,5,4,second,13,18,18,nonnegative_coefficients,18
7,12,6,6,6,first,1,-4,13,completed_square,36
7,12,6,6,6,second,18,0,18,nonnegative_coefficients,18
7,13,3,4,3,first,1,2,10,nonnegative_coefficients,10
7,13,3,4,3,second,7,32,106,nonnegative_coefficients,106
7,13,3,5,6,first,1,-1,10,completed_square,39
7,13,3,5,6,second,7,-5,106,completed_square,2943
7,13,3,6,9,first,1,-4,10,completed_square,24
7,13,3,6,9,second,9,-42,106,completed_square,2052
7,13,4,4,3,first,1,2,10,nonnegative_coefficients,10
7,13,4,4,3,second,7,29,85,nonnegative_coefficients,85
7,13,4,5,4,first,1,-1,10,completed_square,39
7,13,4,5,4,second,13,34,85,nonnegative_coefficients,85
7,13,4,5,5,first,1,-1,10,completed_square,39
7,13,4,5,5,second,10,13,85,nonnegative_coefficients,85
7,13,4,6,8,first,1,-4,10,completed_square,24
7,13,4,6,8,second,12,-24,85,completed_square,3504
7,13,5,5,4,first,1,-1,10,completed_square,39
7,13,5,5,4,second,13,31,64,nonnegative_coefficients,64
7,13,5,5,6,first,1,-1,10,completed_square,39
7,13,5,5,6,second,7,-11,64,completed_square,1671
7,13,6,4,4,first,1,2,10,nonnegative_coefficients,10
7,13,6,4,4,second,4,2,43,nonnegative_coefficients,43
7,13,6,5,6,first,1,-1,10,completed_square,39
7,13,6,5,6,second,7,-14,43,completed_square,1008
7,14,8,5,6,first,1,-1,7,completed_square,27
7,14,8,5,6,second,7,-10,28,completed_square,684
7,14,8,6,8,first,1,-4,7,completed_square,12
7,14,8,6,8,second,12,-24,28,completed_square,768
8,3,0,6,1,first,1,-2,55,completed_square,216
8,3,0,6,1,second,33,12,9,nonnegative_coefficients,9
8,3,0,8,3,first,1,-8,55,completed_square,156
8,3,0,8,3,second,55,-24,9,completed_square,1404
8,5,0,5,1,first,1,1,49,nonnegative_coefficients,49
8,5,0,5,1,second,22,26,25,nonnegative_coefficients,25
8,5,0,8,5,first,1,-8,49,completed_square,132
8,5,0,8,5,second,49,-40,25,completed_square,3300
8,6,0,3,0,actual_degree2,1,4,40,nonnegative_coefficients,40
8,6,0,3,0,first,1,7,46,nonnegative_coefficients,46
8,6,0,3,0,second,9,36,36,nonnegative_coefficients,36
8,6,0,4,0,actual_degree2,1,0,40,nonnegative_coefficients,40
8,6,0,4,0,first,1,4,46,nonnegative_coefficients,46
8,6,0,4,0,second,16,48,36,nonnegative_coefficients,36
8,6,0,4,1,first,1,4,46,nonnegative_coefficients,46
8,6,0,4,1,second,13,24,36,nonnegative_coefficients,36
8,6,0,5,1,first,1,1,46,nonnegative_coefficients,46
8,6,0,5,1,second,22,36,36,nonnegative_coefficients,36
8,6,0,5,2,first,1,1,46,nonnegative_coefficients,46
8,6,0,5,2,second,19,12,36,nonnegative_coefficients,36
8,6,0,6,2,first,1,-2,46,completed_square,180
8,6,0,6,2,second,30,24,36,nonnegative_coefficients,36
8,6,0,6,3,first,1,-2,46,completed_square,180
8,6,0,6,3,second,27,0,36,nonnegative_coefficients,36
8,6,0,7,2,first,1,-5,46,completed_square,159
8,6,0,7,2,second,43,36,36,nonnegative_coefficients,36
8,6,0,7,3,first,1,-5,46,completed_square,159
8,6,0,7,3,second,40,12,36,nonnegative_coefficients,36
8,6,0,8,6,first,1,-8,46,completed_square,120
8,6,0,8,6,second,46,-48,36,completed_square,4320
8,7,0,2,0,actual_degree2,1,8,36,nonnegative_coefficients,36
8,7,0,2,0,first,1,10,43,nonnegative_coefficients,43
8,7,0,2,0,second,4,28,49,nonnegative_coefficients,49
8,7,0,4,0,actual_degree2,1,0,36,nonnegative_coefficients,36
8,7,0,4,0,first,1,4,43,nonnegative_coefficients,43
8,7,0,4,0,second,16,56,49,nonnegative_coefficients,49
8,7,0,4,1,first,1,4,43,nonnegative_coefficients,43
8,7,0,4,1,second,13,32,49,nonnegative_coefficients,49
8,7,0,5,2,first,1,1,43,nonnegative_coefficients,43
8,7,0,5,2,second,19,22,49,nonnegative_coefficients,49
8,7,0,6,1,first,1,-2,43,completed_square,168
8,7,0,6,1,second,33,60,49,nonnegative_coefficients,49
8,7,0,6,3,first,1,-2,43,completed_square,168
8,7,0,6,3,second,27,12,49,nonnegative_coefficients,49
8,7,0,7,3,first,1,-5,43,completed_square,147
8,7,0,7,3,second,40,26,49,nonnegative_coefficients,49
8,7,0,7,5,first,1,-5,43,completed_square,147
8,7,0,7,5,second,34,-22,49,completed_square,6180
8,7,0,8,7,first,1,-8,43,completed_square,108
8,7,0,8,7,second,43,-56,49,completed_square,5292
8,8,0,2,0,actual_degree2,1,8,32,nonnegative_coefficients,32
8,8,0,2,0,first,1,10,40,nonnegative_coefficients,40
8,8,0,2,0,second,4,32,64,nonnegative_coefficients,64
8,8,0,3,0,actual_degree2,1,4,32,nonnegative_coefficients,32
8,8,0,3,0,first,1,7,40,nonnegative_coefficients,40
8,8,0,3,0,second,9,48,64,nonnegative_coefficients,64
8,8,0,4,1,first,1,4,40,nonnegative_coefficients,40
8,8,0,4,1,second,13,40,64,nonnegative_coefficients,64
8,8,0,5,0,actual_degree2,1,-4,32,completed_square,112
8,8,0,5,0,first,1,1,40,nonnegative_coefficients,40
8,8,0,5,0,second,25,80,64,nonnegative_coefficients,64
8,8,0,5,2,first,1,1,40,nonnegative_coefficients,40
8,8,0,5,2,second,19,32,64,nonnegative_coefficients,64
8,8,0,7,5,first,1,-5,40,completed_square,135
8,8,0,7,5,second,34,-8,64,completed_square,8640
8,8,0,7,6,first,1,-5,40,completed_square,135
8,8,0,7,6,second,31,-32,64,completed_square,6912
8,8,0,8,8,first,1,-8,40,completed_square,96
8,8,0,8,8,second,40,-64,64,completed_square,6144
8,8,1,4,2,first,1,4,40,nonnegative_coefficients,40
8,8,1,4,2,second,10,13,40,nonnegative_coefficients,40
8,8,1,5,1,first,1,1,40,nonnegative_coefficients,40
8,8,1,5,1,second,22,53,40,nonnegative_coefficients,40
8,8,1,6,4,first,1,-2,40,completed_square,156
8,8,1,6,4,second,24,-3,40,completed_square,3831
8,8,1,7,3,first,1,-5,40,completed_square,135
8,8,1,7,3,second,40,37,40,nonnegative_coefficients,40
8,9,0,3,0,actual_degree2,1,4,28,nonnegative_coefficients,28
8,9,0,3,0,first,1,7,37,nonnegative_coefficients,37
8,9,0,3,0,second,9,54,81,nonnegative_coefficients,81
8,9,0,4,0,actual_degree2,1,0,28,nonnegative_coefficients,28
8,9,0,4,0,first,1,4,37,nonnegative_coefficients,37
8,9,0,4,0,second,16,72,81,nonnegative_coefficients,81
8,9,0,5,0,actual_degree2,1,-4,28,completed_square,96
8,9,0,5,0,first,1,1,37,nonnegative_coefficients,37
8,9,0,5,0,second,25,90,81,nonnegative_coefficients,81
8,9,0,6,4,first,1,-2,37,completed_square,144
8,9,0,6,4,second,24,12,81,nonnegative_coefficients,81
8,9,0,6,5,first,1,-2,37,completed_square,144
8,9,0,6,5,second,21,-12,81,completed_square,6660
8,9,0,7,5,first,1,-5,37,completed_square,123
8,9,0,7,5,second,34,6,81,nonnegative_coefficients,81
8,9,0,7,6,first,1,-5,37,completed_square,123
8,9,0,7,6,second,31,-18,81,completed_square,9720
8,9,0,8,9,first,1,-8,37,completed_square,84
8,9,0,8,9,second,37,-72,81,completed_square,6804
8,9,1,3,1,first,1,7,37,nonnegative_coefficients,37
8,9,1,3,1,second,6,27,57,nonnegative_coefficients,57
8,9,1,4,1,first,1,4,37,nonnegative_coefficients,37
8,9,1,4,1,second,13,45,57,nonnegative_coefficients,57
8,9,1,5,2,first,1,1,37,nonnegative_coefficients,37
8,9,1,5,2,second,19,39,57,nonnegative_coefficients,57
8,9,1,5,3,first,1,1,37,nonnegative_coefficients,37
8,9,1,5,3,second,16,15,57,nonnegative_coefficients,57
8,9,1,6,3,first,1,-2,37,completed_square,144
8,9,1,6,3,second,27,33,57,nonnegative_coefficients,57
8,9,1,6,4,first,1,-2,37,completed_square,144
8,9,1,6,4,second,24,9,57,nonnegative_coefficients,57
8,9,1,7,5,first,1,-5,37,completed_square,123
8,9,1,7,5,second,34,3,57,nonnegative_coefficients,57
8,9,1,7,6,first,1,-5,37,completed_square,123
8,9,1,7,6,second,31,-21,57,completed_square,6627
8,9,2,2,1,first,1,10,37,nonnegative_coefficients,37
8,9,2,2,1,second,1,6,33,nonnegative_coefficients,33
8,9,2,5,4,first,1,1,37,nonnegative_coefficients,37
8,9,2,5,4,second,13,-12,33,completed_square,1572
8,9,2,6,3,first,1,-2,37,completed_square,144
8,9,2,6,3,second,27,30,33,nonnegative_coefficients,33
8,9,2,7,2,first,1,-5,37,completed_square,123
8,9,2,7,2,second,43,72,33,nonnegative_coefficients,33
8,10,0,3,0,actual_degree2,1,4,24,nonnegative_coefficients,24
8,10,0,3,0,first,1,7,34,nonnegative_coefficients,34
8,10,0,3,0,second,9,60,100,nonnegative_coefficients,100
8,10,0,4,0,actual_degree2,1,0,24,nonnegative_coefficients,24
8,10,0,4,0,first,1,4,34,nonnegative_coefficients,34
8,10,0,4,0,second,16,80,100,nonnegative_coefficients,100
8,10,0,5,3,first,1,1,34,nonnegative_coefficients,34
8,10,0,5,3,second,16,28,100,nonnegative_coefficients,100
8,10,0,6,3,first,1,-2,34,completed_square,132
8,10,0,6,3,second,27,48,100,nonnegative_coefficients,100
8,10,0,6,6,first,1,-2,34,completed_square,132
8,10,0,6,6,second,18,-24,100,completed_square,6624
8,10,0,7,6,first,1,-5,34,completed_square,111
8,10,0,7,6,second,31,-4,100,completed_square,12384
8,10,0,7,7,first,1,-5,34,completed_square,111
8,10,0,7,7,second,28,-28,100,completed_square,10416
8,10,1,3,2,first,1,7,34,nonnegative_coefficients,34
8,10,1,3,2,second,3,9,76,nonnegative_coefficients,76
8,10,1,4,1,first,1,4,34,nonnegative_coefficients,34
8,10,1,4,1,second,13,53,76,nonnegative_coefficients,76
8,10,1,4,2,first,1,4,34,nonnegative_coefficients,34
8,10,1,4,2,second,10,29,76,nonnegative_coefficients,76
8,10,1,5,1,first,1,1,34,nonnegative_coefficients,34
8,10,1,5,1,second,22,73,76,nonnegative_coefficients,76
8,10,1,5,2,first,1,1,34,nonnegative_coefficients,34
8,10,1,5,2,second,19,49,76,nonnegative_coefficients,76
8,10,1,5,3,first,1,1,34,nonnegative_coefficients,34
8,10,1,5,3,second,16,25,76,nonnegative_coefficients,76
8,10,1,5,4,first,1,1,34,nonnegative_coefficients,34
8,10,1,5,4,second,13,1,76,nonnegative_coefficients,76
8,10,1,6,3,first,1,-2,34,completed_square,132
8,10,1,6,3,second,27,45,76,nonnegative_coefficients,76
8,10,1,6,4,first,1,-2,34,completed_square,132
8,10,1,6,4,second,24,21,76,nonnegative_coefficients,76
8,10,1,6,5,first,1,-2,34,completed_square,132
8,10,1,6,5,second,21,-3,76,completed_square,6375
8,10,1,7,5,first,1,-5,34,completed_square,111
8,10,1,7,5,second,34,17,76,nonnegative_coefficients,76
8,10,1,7,6,first,1,-5,34,completed_square,111
8,10,1,7,6,second,31,-7,76,completed_square,9375
8,10,2,3,1,first,1,7,34,nonnegative_coefficients,34
8,10,2,3,1,second,6,30,52,nonnegative_coefficients,52
8,10,2,5,2,first,1,1,34,nonnegative_coefficients,34
8,10,2,5,2,second,19,46,52,nonnegative_coefficients,52
8,10,2,6,5,first,1,-2,34,completed_square,132
8,10,2,6,5,second,21,-6,52,completed_square,4332
8,10,2,7,5,first,1,-5,34,completed_square,111
8,10,2,7,5,second,34,14,52,nonnegative_coefficients,52
8,10,3,4,3,first,1,4,34,nonnegative_coefficients,34
8,10,3,4,3,second,7,-1,28,completed_square,783
8,10,3,5,4,first,1,1,34,nonnegative_coefficients,34
8,10,3,5,4,second,13,-5,28,completed_square,1431
8,10,3,7,3,first,1,-5,34,completed_square,111
8,10,3,7,3,second,40,59,28,nonnegative_coefficients,28
8,11,1,4,3,first,1,4,31,nonnegative_coefficients,31
8,11,1,4,3,second,7,13,97,nonnegative_coefficients,97
8,11,1,5,4,first,1,1,31,nonnegative_coefficients,31
8,11,1,5,4,second,13,11,97,nonnegative_coefficients,97
8,11,1,6,1,first,1,-2,31,completed_square,120
8,11,1,6,1,second,33,105,97,nonnegative_coefficients,97
8,11,1,6,3,first,1,-2,31,completed_square,120
8,11,1,6,3,second,27,57,97,nonnegative_coefficients,97
8,11,1,6,4,first,1,-2,31,completed_square,120
8,11,1,6,4,second,24,33,97,nonnegative_coefficients,97
8,11,1,6,5,first,1,-2,31,completed_square,120
8,11,1,6,5,second,21,9,97,nonnegative_coefficients,97
8,11,1,6,6,first,1,-2,31,completed_square,120
8,11,1,6,6,second,18,-15,97,completed_square,6759
8,11,1,7,5,first,1,-5,31,completed_square,99
8,11,1,7,5,second,34,31,97,nonnegative_coefficients,97
8,11,2,3,1,first,1,7,31,nonnegative_coefficients,31
8,11,2,3,1,second,6,36,73,nonnegative_coefficients,73
8,11,2,3,2,first,1,7,31,nonnegative_coefficients,31
8,11,2,3,2,second,3,12,73,nonnegative_coefficients,73
8,11,2,4,1,first,1,4,31,nonnegative_coefficients,31
8,11,2,4,1,second,13,58,73,nonnegative_coefficients,73
8,11,2,4,2,first,1,4,31,nonnegative_coefficients,31
8,11,2,4,2,second,10,34,73,nonnegative_coefficients,73
8,11,2,4,3,first,1,4,31,nonnegative_coefficients,31
8,11,2,4,3,second,7,10,73,nonnegative_coefficients,73
8,11,2,5,2,first,1,1,31,nonnegative_coefficients,31
8,11,2,5,2,second,19,56,73,nonnegative_coefficients,73
8,11,2,5,3,first,1,1,31,nonnegative_coefficients,31
8,11,2,5,3,second,16,32,73,nonnegative_coefficients,73
8,11,2,5,4,first,1,1,31,nonnegative_coefficients,31
8,11,2,5,4,second,13,8,73,nonnegative_coefficients,73
8,11,2,6,2,first,1,-2,31,completed_square,120
8,11,2,6,2,second,30,78,73,nonnegative_coefficients,73
8,11,2,6,3,first,1,-2,31,completed_square,120
8,11,2,6,3,second,27,54,73,nonnegative_coefficients,73
8,11,2,6,4,first,1,-2,31,completed_square,120
8,11,2,6,4,second,24,30,73,nonnegative_coefficients,73
8,11,2,6,5,first,1,-2,31,completed_square,120
8,11,2,6,5,second,21,6,73,nonnegative_coefficients,73
8,11,2,7,5,first,1,-5,31,completed_square,99
8,11,2,7,5,second,34,28,73,nonnegative_coefficients,73
8,11,2,7,6,first,1,-5,31,completed_square,99
8,11,2,7,6,second,31,4,73,nonnegative_coefficients,73
8,11,2,7,7,first,1,-5,31,completed_square,99
8,11,2,7,7,second,28,-20,73,completed_square,7776
8,11,2,7,8,first,1,-5,31,completed_square,99
8,11,2,7,8,second,25,-44,73,completed_square,5364
8,11,3,3,2,first,1,7,31,nonnegative_coefficients,31
8,11,3,3,2,second,3,9,49,nonnegative_coefficients,49
8,11,3,4,2,first,1,4,31,nonnegative_coefficients,31
8,11,3,4,2,second,10,31,49,nonnegative_coefficients,49
8,11,3,5,3,first,1,1,31,nonnegative_coefficients,31
8,11,3,5,3,second,16,29,49,nonnegative_coefficients,49
8,11,3,6,3,first,1,-2,31,completed_square,120
8,11,3,6,3,second,27,51,49,nonnegative_coefficients,49
8,11,3,7,5,first,1,-5,31,completed_square,99
8,11,3,7,5,second,34,25,49,nonnegative_coefficients,49
8,11,3,7,6,first,1,-5,31,completed_square,99
8,11,3,7,6,second,31,1,49,nonnegative_coefficients,49
8,12,0,4,4,first,1,4,28,nonnegative_coefficients,28
8,12,0,4,4,second,4,0,144,nonnegative_coefficients,144
8,12,0,6,0,actual_degree2,1,-8,16,completed_square,0
8,12,0,6,0,first,1,-2,28,completed_square,108
8,12,0,6,0,second,36,144,144,nonnegative_coefficients,144
8,12,0,7,6,first,1,-5,28,completed_square,87
8,12,0,7,6,second,31,24,144,nonnegative_coefficients,144
8,12,0,8,12,first,1,-8,28,completed_square,48
8,12,0,8,12,second,28,-96,144,completed_square,6912
8,12,1,4,3,first,1,4,28,nonnegative_coefficients,28
8,12,1,4,3,second,7,21,120,nonnegative_coefficients,120
8,12,1,5,4,first,1,1,28,nonnegative_coefficients,28
8,12,1,5,4,second,13,21,120,nonnegative_coefficients,120
8,12,1,6,4,first,1,-2,28,completed_square,108
8,12,1,6,4,second,24,45,120,nonnegative_coefficients,120
8,12,1,6,5,first,1,-2,28,completed_square,108
8,12,1,6,5,second,21,21,120,nonnegative_coefficients,120
8,12,2,4,1,first,1,4,28,nonnegative_coefficients,28
8,12,2,4,1,second,13,66,96,nonnegative_coefficients,96
8,12,2,4,3,first,1,4,28,nonnegative_coefficients,28
8,12,2,4,3,second,7,18,96,nonnegative_coefficients,96
8,12,2,5,2,first,1,1,28,nonnegative_coefficients,28
8,12,2,5,2,second,19,66,96,nonnegative_coefficients,96
8,12,2,5,3,first,1,1,28,nonnegative_coefficients,28
8,12,2,5,3,second,16,42,96,nonnegative_coefficients,96
8,12,2,5,5,first,1,1,28,nonnegative_coefficients,28
8,12,2,5,5,second,10,-6,96,completed_square,3804
8,12,2,6,5,first,1,-2,28,completed_square,108
8,12,2,6,5,second,21,18,96,nonnegative_coefficients,96
8,12,2,7,7,first,1,-5,28,completed_square,87
8,12,2,7,7,second,28,-6,96,completed_square,10716
8,12,3,3,2,first,1,7,28,nonnegative_coefficients,28
8,12,3,3,2,second,3,15,72,nonnegative_coefficients,72
8,12,3,4,2,first,1,4,28,nonnegative_coefficients,28
8,12,3,4,2,second,10,39,72,nonnegative_coefficients,72
8,12,3,4,3,first,1,4,28,nonnegative_coefficients,28
8,12,3,4,3,second,7,15,72,nonnegative_coefficients,72
8,12,3,5,2,first,1,1,28,nonnegative_coefficients,28
8,12,3,5,2,second,19,63,72,nonnegative_coefficients,72
8,12,3,5,3,first,1,1,28,nonnegative_coefficients,28
8,12,3,5,3,second,16,39,72,nonnegative_coefficients,72
8,12,3,6,3,first,1,-2,28,completed_square,108
8,12,3,6,3,second,27,63,72,nonnegative_coefficients,72
8,12,3,6,5,first,1,-2,28,completed_square,108
8,12,3,6,5,second,21,15,72,nonnegative_coefficients,72
8,12,3,7,6,first,1,-5,28,completed_square,87
8,12,3,7,6,second,31,15,72,nonnegative_coefficients,72
8,12,4,3,2,first,1,7,28,nonnegative_coefficients,28
8,12,4,3,2,second,3,12,48,nonnegative_coefficients,48
8,12,4,4,3,first,1,4,28,nonnegative_coefficients,28
8,12,4,4,3,second,7,12,48,nonnegative_coefficients,48
8,12,4,5,3,first,1,1,28,nonnegative_coefficients,28
8,12,4,5,3,second,16,36,48,nonnegative_coefficients,48
8,12,4,6,4,first,1,-2,28,completed_square,108
8,12,4,6,4,second,24,36,48,nonnegative_coefficients,48
8,12,4,6,6,first,1,-2,28,completed_square,108
8,12,4,6,6,second,18,-12,48,completed_square,3312
8,12,4,7,6,first,1,-5,28,completed_square,87
8,12,4,7,6,second,31,12,48,nonnegative_coefficients,48
8,12,5,4,3,first,1,4,28,nonnegative_coefficients,28
8,12,5,4,3,second,7,9,24,nonnegative_coefficients,24
8,12,5,5,4,first,1,1,28,nonnegative_coefficients,28
8,12,5,5,4,second,13,9,24,nonnegative_coefficients,24
8,12,5,7,5,first,1,-5,28,completed_square,87
8,12,5,7,5,second,34,33,24,nonnegative_coefficients,24
8,13,2,4,1,first,1,4,25,nonnegative_coefficients,25
8,13,2,4,1,second,13,74,121,nonnegative_coefficients,121
8,13,2,4,3,first,1,4,25,nonnegative_coefficients,25
8,13,2,4,3,second,7,26,121,nonnegative_coefficients,121
8,13,2,4,4,first,1,4,25,nonnegative_coefficients,25
8,13,2,4,4,second,4,2,121,nonnegative_coefficients,121
8,13,2,5,1,first,1,1,25,nonnegative_coefficients,25
8,13,2,5,1,second,22,100,121,nonnegative_coefficients,121
8,13,2,5,2,first,1,1,25,nonnegative_coefficients,25
8,13,2,5,2,second,19,76,121,nonnegative_coefficients,121
8,13,2,5,3,first,1,1,25,nonnegative_coefficients,25
8,13,2,5,3,second,16,52,121,nonnegative_coefficients,121
8,13,2,5,4,first,1,1,25,nonnegative_coefficients,25
8,13,2,5,4,second,13,28,121,nonnegative_coefficients,121
8,13,2,5,5,first,1,1,25,nonnegative_coefficients,25
8,13,2,5,5,second,10,4,121,nonnegative_coefficients,121
8,13,2,6,1,first,1,-2,25,completed_square,96
8,13,2,6,1,second,33,126,121,nonnegative_coefficients,121
8,13,2,6,4,first,1,-2,25,completed_square,96
8,13,2,6,4,second,24,54,121,nonnegative_coefficients,121
8,13,2,6,5,first,1,-2,25,completed_square,96
8,13,2,6,5,second,21,30,121,nonnegative_coefficients,121
8,13,2,6,6,first,1,-2,25,completed_square,96
8,13,2,6,6,second,18,6,121,nonnegative_coefficients,121
8,13,2,6,7,first,1,-2,25,completed_square,96
8,13,2,6,7,second,15,-18,121,completed_square,6936
8,13,2,6,8,first,1,-2,25,completed_square,96
8,13,2,6,8,second,12,-42,121,completed_square,4044
8,13,2,7,8,first,1,-5,25,completed_square,75
8,13,2,7,8,second,25,-16,121,completed_square,11844
8,13,3,4,2,first,1,4,25,nonnegative_coefficients,25
8,13,3,4,2,second,10,47,97,nonnegative_coefficients,97
8,13,3,5,2,first,1,1,25,nonnegative_coefficients,25
8,13,3,5,2,second,19,73,97,nonnegative_coefficients,97
8,13,3,5,5,first,1,1,25,nonnegative_coefficients,25
8,13,3,5,5,second,10,1,97,nonnegative_coefficients,97
8,13,4,4,2,first,1,4,25,nonnegative_coefficients,25
8,13,4,4,2,second,10,44,73,nonnegative_coefficients,73
8,13,4,4,3,first,1,4,25,nonnegative_coefficients,25
8,13,4,4,3,second,7,20,73,nonnegative_coefficients,73
8,13,4,5,3,first,1,1,25,nonnegative_coefficients,25
8,13,4,5,3,second,16,46,73,nonnegative_coefficients,73
8,13,4,5,4,first,1,1,25,nonnegative_coefficients,25
8,13,4,5,4,second,13,22,73,nonnegative_coefficients,73
8,13,4,5,5,first,1,1,25,nonnegative_coefficients,25
8,13,4,5,5,second,10,-2,73,completed_square,2916
8,13,4,6,3,first,1,-2,25,completed_square,96
8,13,4,6,3,second,27,72,73,nonnegative_coefficients,73
8,13,4,6,4,first,1,-2,25,completed_square,96
8,13,4,6,4,second,24,48,73,nonnegative_coefficients,73
8,13,4,6,5,first,1,-2,25,completed_square,96
8,13,4,6,5,second,21,24,73,nonnegative_coefficients,73
8,13,4,7,7,first,1,-5,25,completed_square,75
8,13,4,7,7,second,28,2,73,nonnegative_coefficients,73
8,13,5,5,4,first,1,1,25,nonnegative_coefficients,25
8,13,5,5,4,second,13,19,49,nonnegative_coefficients,49
8,13,5,6,4,first,1,-2,25,completed_square,96
8,13,5,6,4,second,24,45,49,nonnegative_coefficients,49
8,13,6,4,3,first,1,4,25,nonnegative_coefficients,25
8,13,6,4,3,second,7,14,25,nonnegative_coefficients,25
8,13,6,6,5,first,1,-2,25,completed_square,96
8,13,6,6,5,second,21,18,25,nonnegative_coefficients,25
8,13,6,7,6,first,1,-5,25,completed_square,75
8,13,6,7,6,second,31,20,25,nonnegative_coefficients,25
8,14,0,4,0,actual_degree2,1,0,8,nonnegative_coefficients,8
8,14,0,4,0,first,1,4,22,nonnegative_coefficients,22
8,14,0,4,0,second,16,112,196,nonnegative_coefficients,196
8,14,0,5,6,first,1,1,22,nonnegative_coefficients,22
8,14,0,5,6,second,7,-4,196,completed_square,5472
8,14,0,7,10,first,1,-5,22,completed_square,63
8,14,0,7,10,second,19,-44,196,completed_square,12960
8,14,2,5,1,first,1,1,22,nonnegative_coefficients,22
8,14,2,5,1,second,22,110,148,nonnegative_coefficients,148
8,14,2,5,5,first,1,1,22,nonnegative_coefficients,22
8,14,2,5,5,second,10,14,148,nonnegative_coefficients,148
8,14,2,5,6,first,1,1,22,nonnegative_coefficients,22
8,14,2,5,6,second,7,-10,148,completed_square,4044
8,14,2,6,7,first,1,-2,22,completed_square,84
8,14,2,6,7,second,15,-6,148,completed_square,8844
8,14,3,4,3,first,1,4,22,nonnegative_coefficients,22
8,14,3,4,3,second,7,31,124,nonnegative_coefficients,124
8,14,3,5,2,first,1,1,22,nonnegative_coefficients,22
8,14,3,5,2,second,19,83,124,nonnegative_coefficients,124
8,14,3,6,6,first,1,-2,22,completed_square,84
8,14,3,6,6,second,18,15,124,nonnegative_coefficients,124
8,14,4,4,4,first,1,4,22,nonnegative_coefficients,22
8,14,4,4,4,second,4,4,100,nonnegative_coefficients,100
8,14,4,5,2,first,1,1,22,nonnegative_coefficients,22
8,14,4,5,2,second,19,80,100,nonnegative_coefficients,100
8,14,4,5,3,first,1,1,22,nonnegative_coefficients,22
8,14,4,5,3,second,16,56,100,nonnegative_coefficients,100
8,14,4,5,4,first,1,1,22,nonnegative_coefficients,22
8,14,4,5,4,second,13,32,100,nonnegative_coefficients,100
8,14,4,5,5,first,1,1,22,nonnegative_coefficients,22
8,14,4,5,5,second,10,8,100,nonnegative_coefficients,100
8,14,4,5,6,first,1,1,22,nonnegative_coefficients,22
8,14,4,5,6,second,7,-16,100,completed_square,2544
8,14,4,6,2,first,1,-2,22,completed_square,84
8,14,4,6,2,second,30,108,100,nonnegative_coefficients,100
8,14,4,6,3,first,1,-2,22,completed_square,84
8,14,4,6,3,second,27,84,100,nonnegative_coefficients,100
8,14,4,6,5,first,1,-2,22,completed_square,84
8,14,4,6,5,second,21,36,100,nonnegative_coefficients,100
8,14,4,6,6,first,1,-2,22,completed_square,84
8,14,4,6,6,second,18,12,100,nonnegative_coefficients,100
8,14,4,7,10,first,1,-5,22,completed_square,63
8,14,4,7,10,second,19,-56,100,completed_square,4464
8,14,5,5,4,first,1,1,22,nonnegative_coefficients,22
8,14,5,5,4,second,13,29,76,nonnegative_coefficients,76
8,14,5,6,4,first,1,-2,22,completed_square,84
8,14,5,6,4,second,24,57,76,nonnegative_coefficients,76
8,14,5,6,7,first,1,-2,22,completed_square,84
8,14,5,6,7,second,15,-15,76,completed_square,4335
8,14,6,6,5,first,1,-2,22,completed_square,84
8,14,6,6,5,second,21,30,52,nonnegative_coefficients,52
8,15,2,5,4,first,1,1,19,nonnegative_coefficients,19
8,15,2,5,4,second,13,48,177,nonnegative_coefficients,177
8,15,2,5,6,first,1,1,19,nonnegative_coefficients,19
8,15,2,5,6,second,7,0,177,nonnegative_coefficients,177
8,15,2,6,6,first,1,-2,19,completed_square,72
8,15,2,6,6,second,18,30,177,nonnegative_coefficients,177
8,15,4,4,3,first,1,4,19,nonnegative_coefficients,19
8,15,4,4,3,second,7,36,129,nonnegative_coefficients,129
8,15,4,6,7,first,1,-2,19,completed_square,72
8,15,4,6,7,second,15,0,129,nonnegative_coefficients,129
8,15,5,5,6,first,1,1,19,nonnegative_coefficients,19
8,15,5,5,6,second,7,-9,105,completed_square,2859
8,15,5,6,4,first,1,-2,19,completed_square,72
8,15,5,6,4,second,24,69,105,nonnegative_coefficients,105
8,15,6,4,4,first,1,4,19,nonnegative_coefficients,19
8,15,6,4,4,second,4,6,81,nonnegative_coefficients,81
8,15,6,5,5,first,1,1,19,nonnegative_coefficients,19
8,15,6,5,5,second,10,12,81,nonnegative_coefficients,81
8,15,6,5,6,first,1,1,19,nonnegative_coefficients,19
8,15,6,5,6,second,7,-12,81,completed_square,2124
8,15,6,6,4,first,1,-2,19,completed_square,72
8,15,6,6,4,second,24,66,81,nonnegative_coefficients,81
8,15,6,6,5,first,1,-2,19,completed_square,72
8,15,6,6,5,second,21,42,81,nonnegative_coefficients,81
8,15,8,6,6,first,1,-2,19,completed_square,72
8,15,8,6,6,second,18,12,33,nonnegative_coefficients,33
8,15,8,7,8,first,1,-5,19,completed_square,51
8,15,8,7,8,second,25,-6,33,completed_square,3264
8,16,0,6,8,first,1,-2,16,completed_square,60
8,16,0,6,8,second,12,0,256,nonnegative_coefficients,256
8,16,0,8,16,first,1,-8,16,completed_square,0
8,16,0,8,16,second,16,-128,256,completed_square,0
8,16,3,5,6,first,1,1,16,nonnegative_coefficients,16
8,16,3,5,6,second,7,7,184,nonnegative_coefficients,184
8,16,3,6,9,first,1,-2,16,completed_square,60
8,16,3,6,9,second,9,-33,184,completed_square,5535
8,16,4,5,2,first,1,1,16,nonnegative_coefficients,16
8,16,4,5,2,second,19,100,160,nonnegative_coefficients,160
8,16,4,5,5,first,1,1,16,nonnegative_coefficients,16
8,16,4,5,5,second,10,28,160,nonnegative_coefficients,160
8,16,4,5,6,first,1,1,16,nonnegative_coefficients,16
8,16,4,5,6,second,7,4,160,nonnegative_coefficients,160
8,16,4,6,6,first,1,-2,16,completed_square,60
8,16,4,6,6,second,18,36,160,nonnegative_coefficients,160
8,16,4,6,8,first,1,-2,16,completed_square,60
8,16,4,6,8,second,12,-12,160,completed_square,7536
8,16,5,5,4,first,1,1,16,nonnegative_coefficients,16
8,16,5,5,4,second,13,49,136,nonnegative_coefficients,136
8,16,5,5,6,first,1,1,16,nonnegative_coefficients,16
8,16,5,5,6,second,7,1,136,nonnegative_coefficients,136
8,16,5,6,7,first,1,-2,16,completed_square,60
8,16,5,6,7,second,15,9,136,nonnegative_coefficients,136
8,16,6,5,4,first,1,1,16,nonnegative_coefficients,16
8,16,6,5,4,second,13,46,112,nonnegative_coefficients,112
8,16,6,6,6,first,1,-2,16,completed_square,60
8,16,6,6,6,second,18,30,112,nonnegative_coefficients,112
8,16,6,7,10,first,1,-5,16,completed_square,39
8,16,6,7,10,second,19,-34,112,completed_square,7356
8,16,8,4,4,first,1,4,16,nonnegative_coefficients,16
8,16,8,4,4,second,4,8,64,nonnegative_coefficients,64
8,16,8,5,6,first,1,1,16,nonnegative_coefficients,16
8,16,8,5,6,second,7,-8,64,completed_square,1728
8,17,4,5,4,first,1,1,13,nonnegative_coefficients,13
8,17,4,5,4,second,13,62,193,nonnegative_coefficients,193
8,17,4,6,8,first,1,-2,13,completed_square,48
8,17,4,6,8,second,12,0,193,nonnegative_coefficients,193
8,17,4,7,12,first,1,-5,13,completed_square,27
8,17,4,7,12,second,13,-62,193,completed_square,6192
8,17,6,5,6,first,1,1,13,nonnegative_coefficients,13
8,17,6,5,6,second,7,8,145,nonnegative_coefficients,145
8,17,6,6,9,first,1,-2,13,completed_square,48
8,17,6,6,9,second,9,-30,145,completed_square,4320
8,17,6,7,12,first,1,-5,13,completed_square,27
8,17,6,7,12,second,13,-68,145,completed_square,2916
8,17,8,6,6,first,1,-2,13,completed_square,48
8,17,8,6,6,second,18,36,97,nonnegative_coefficients,97
8,17,8,6,8,first,1,-2,13,completed_square,48
8,17,8,6,8,second,12,-12,97,completed_square,4512
8,18,12,6,8,first,1,-2,10,completed_square,36
8,18,12,6,8,second,12,-12,36,completed_square,1584
9,3,0,6,0,actual_degree2,1,-6,69,completed_square,240
9,3,0,6,0,first,1,0,72,nonnegative_coefficients,72
9,3,0,6,0,second,36,36,9,nonnegative_coefficients,9
9,3,0,9,3,first,1,-9,72,completed_square,207
9,3,0,9,3,second,72,-27,9,completed_square,1863
9,6,0,4,0,actual_degree2,1,2,57,nonnegative_coefficients,57
9,6,0,4,0,first,1,6,63,nonnegative_coefficients,63
9,6,0,4,0,second,16,48,36,nonnegative_coefficients,36
9,6,0,7,3,first,1,-3,63,completed_square,243
9,6,0,7,3,second,40,3,36,nonnegative_coefficients,36
9,6,0,9,6,first,1,-9,63,completed_square,171
9,6,0,9,6,second,63,-54,36,completed_square,6156
9,7,0,5,1,first,1,3,60,nonnegative_coefficients,60
9,7,0,5,1,second,22,43,49,nonnegative_coefficients,49
9,7,0,6,1,first,1,0,60,nonnegative_coefficients,60
9,7,0,6,1,second,33,57,49,nonnegative_coefficients,49
9,7,0,6,2,first,1,0,60,nonnegative_coefficients,60
9,7,0,6,2,second,30,30,49,nonnegative_coefficients,49
9,7,0,7,3,first,1,-3,60,completed_square,231
9,7,0,7,3,second,40,17,49,nonnegative_coefficients,49
9,7,0,9,7,first,1,-9,60,completed_square,159
9,7,0,9,7,second,60,-63,49,completed_square,7791
9,9,0,3,0,actual_degree2,1,6,45,nonnegative_coefficients,45
9,9,0,3,0,first,1,9,54,nonnegative_coefficients,54
9,9,0,3,0,second,9,54,81,nonnegative_coefficients,81
9,9,0,5,1,first,1,3,54,nonnegative_coefficients,54
9,9,0,5,1,second,22,63,81,nonnegative_coefficients,81
9,9,0,5,2,first,1,3,54,nonnegative_coefficients,54
9,9,0,5,2,second,19,36,81,nonnegative_coefficients,81
9,9,0,7,3,first,1,-3,54,completed_square,207
9,9,0,7,3,second,40,45,81,nonnegative_coefficients,81
9,9,0,7,5,first,1,-3,54,completed_square,207
9,9,0,7,5,second,34,-9,81,completed_square,10935
9,9,0,8,6,first,1,-6,54,completed_square,180
9,9,0,8,6,second,46,-18,81,completed_square,14580
9,9,0,9,9,first,1,-9,54,completed_square,135
9,9,0,9,9,second,54,-81,81,completed_square,10935
9,9,1,6,1,first,1,0,54,nonnegative_coefficients,54
9,9,1,6,1,second,33,78,54,nonnegative_coefficients,54
9,9,1,6,3,first,1,0,54,nonnegative_coefficients,54
9,9,1,6,3,second,27,24,54,nonnegative_coefficients,54
9,9,1,7,5,first,1,-3,54,completed_square,207
9,9,1,7,5,second,34,-12,54,completed_square,7200
9,9,1,8,3,first,1,-6,54,completed_square,180
9,9,1,8,3,second,55,60,54,nonnegative_coefficients,54
9,10,0,4,0,actual_degree2,1,2,41,nonnegative_coefficients,41
9,10,0,4,0,first,1,6,51,nonnegative_coefficients,51
9,10,0,4,0,second,16,80,100,nonnegative_coefficients,100
9,10,0,5,0,actual_degree2,1,-2,41,completed_square,160
9,10,0,5,0,first,1,3,51,nonnegative_coefficients,51
9,10,0,5,0,second,25,100,100,nonnegative_coefficients,100
9,10,0,5,2,first,1,3,51,nonnegative_coefficients,51
9,10,0,5,2,second,19,46,100,nonnegative_coefficients,100
9,10,0,6,4,first,1,0,51,nonnegative_coefficients,51
9,10,0,6,4,second,24,12,100,nonnegative_coefficients,100
9,10,0,7,6,first,1,-3,51,completed_square,195
9,10,0,7,6,second,31,-22,100,completed_square,11916
9,10,0,8,6,first,1,-6,51,completed_square,168
9,10,0,8,6,second,46,-2,100,completed_square,18396
9,10,0,9,10,first,1,-9,51,completed_square,123
9,10,0,9,10,second,51,-90,100,completed_square,12300
9,10,1,4,1,first,1,6,51,nonnegative_coefficients,51
9,10,1,4,1,second,13,50,73,nonnegative_coefficients,73
9,10,1,5,1,first,1,3,51,nonnegative_coefficients,51
9,10,1,5,1,second,22,70,73,nonnegative_coefficients,73
9,10,1,5,2,first,1,3,51,nonnegative_coefficients,51
9,10,1,5,2,second,19,43,73,nonnegative_coefficients,73
9,10,1,6,3,first,1,0,51,nonnegative_coefficients,51
9,10,1,6,3,second,27,36,73,nonnegative_coefficients,73
9,10,1,6,4,first,1,0,51,nonnegative_coefficients,51
9,10,1,6,4,second,24,9,73,nonnegative_coefficients,73
9,10,1,7,5,first,1,-3,51,completed_square,195
9,10,1,7,5,second,34,2,73,nonnegative_coefficients,73
9,10,1,8,5,first,1,-6,51,completed_square,168
9,10,1,8,5,second,49,22,73,nonnegative_coefficients,73
9,10,1,8,6,first,1,-6,51,completed_square,168
9,10,1,8,6,second,46,-5,73,completed_square,13407
9,11,0,3,0,actual_degree2,1,6,37,nonnegative_coefficients,37
9,11,0,3,0,first,1,9,48,nonnegative_coefficients,48
9,11,0,3,0,second,9,66,121,nonnegative_coefficients,121
9,11,0,4,0,actual_degree2,1,2,37,nonnegative_coefficients,37
9,11,0,4,0,first,1,6,48,nonnegative_coefficients,48
9,11,0,4,0,second,16,88,121,nonnegative_coefficients,121
9,11,0,6,3,first,1,0,48,nonnegative_coefficients,48
9,11,0,6,3,second,27,51,121,nonnegative_coefficients,121
9,11,0,8,7,first,1,-6,48,completed_square,156
9,11,0,8,7,second,43,-13,121,completed_square,20643
9,11,0,8,8,first,1,-6,48,completed_square,156
9,11,0,8,8,second,40,-40,121,completed_square,17760
9,11,0,9,11,first,1,-9,48,completed_square,111
9,11,0,9,11,second,48,-99,121,completed_square,13431
9,11,1,4,1,first,1,6,48,nonnegative_coefficients,48
9,11,1,4,1,second,13,58,94,nonnegative_coefficients,94
9,11,1,4,2,first,1,6,48,nonnegative_coefficients,48
9,11,1,4,2,second,10,31,94,nonnegative_coefficients,94
9,11,1,5,1,first,1,3,48,nonnegative_coefficients,48
9,11,1,5,1,second,22,80,94,nonnegative_coefficients,94
9,11,1,5,3,first,1,3,48,nonnegative_coefficients,48
9,11,1,5,3,second,16,26,94,nonnegative_coefficients,94
9,11,1,6,3,first,1,0,48,nonnegative_coefficients,48
9,11,1,6,3,second,27,48,94,nonnegative_coefficients,94
9,11,1,6,4,first,1,0,48,nonnegative_coefficients,48
9,11,1,6,4,second,24,21,94,nonnegative_coefficients,94
9,11,1,7,3,first,1,-3,48,completed_square,183
9,11,1,7,3,second,40,70,94,nonnegative_coefficients,94
9,11,1,7,5,first,1,-3,48,completed_square,183
9,11,1,7,5,second,34,16,94,nonnegative_coefficients,94
9,11,1,7,6,first,1,-3,48,completed_square,183
9,11,1,7,6,second,31,-11,94,completed_square,11535
9,11,1,8,6,first,1,-6,48,completed_square,156
9,11,1,8,6,second,46,11,94,nonnegative_coefficients,94
9,11,1,8,7,first,1,-6,48,completed_square,156
9,11,1,8,7,second,43,-16,94,completed_square,15912
9,11,2,5,2,first,1,3,48,nonnegative_coefficients,48
9,11,2,5,2,second,19,50,67,nonnegative_coefficients,67
9,11,2,8,6,first,1,-6,48,completed_square,156
9,11,2,8,6,second,46,8,67,nonnegative_coefficients,67
9,11,3,8,3,first,1,-6,48,completed_square,156
9,11,3,8,3,second,55,86,40,nonnegative_coefficients,40
9,12,0,3,0,actual_degree2,1,6,33,nonnegative_coefficients,33
9,12,0,3,0,first,1,9,45,nonnegative_coefficients,45
9,12,0,3,0,second,9,72,144,nonnegative_coefficients,144
9,12,0,4,0,actual_degree2,1,2,33,nonnegative_coefficients,33
9,12,0,4,0,first,1,6,45,nonnegative_coefficients,45
9,12,0,4,0,second,16,96,144,nonnegative_coefficients,144
9,12,0,5,0,actual_degree2,1,-2,33,completed_square,128
9,12,0,5,0,first,1,3,45,nonnegative_coefficients,45
9,12,0,5,0,second,25,120,144,nonnegative_coefficients,144
9,12,0,8,9,first,1,-6,45,completed_square,144
9,12,0,8,9,second,37,-51,144,completed_square,18711
9,12,0,9,12,first,1,-9,45,completed_square,99
9,12,0,9,12,second,45,-108,144,completed_square,14256
9,12,1,4,1,first,1,6,45,nonnegative_coefficients,45
9,12,1,4,1,second,13,66,117,nonnegative_coefficients,117
9,12,1,5,2,first,1,3,45,nonnegative_coefficients,45
9,12,1,5,2,second,19,63,117,nonnegative_coefficients,117
9,12,1,5,3,first,1,3,45,nonnegative_coefficients,45
9,12,1,5,3,second,16,36,117,nonnegative_coefficients,117
9,12,1,6,3,first,1,0,45,nonnegative_coefficients,45
9,12,1,6,3,second,27,60,117,nonnegative_coefficients,117
9,12,1,6,5,first,1,0,45,nonnegative_coefficients,45
9,12,1,6,5,second,21,6,117,nonnegative_coefficients,117
9,12,1,7,5,first,1,-3,45,completed_square,171
9,12,1,7,5,second,34,30,117,nonnegative_coefficients,117
9,12,1,8,8,first,1,-6,45,completed_square,144
9,12,1,8,8,second,40,-27,117,completed_square,17991
9,12,2,3,1,first,1,9,45,nonnegative_coefficients,45
9,12,2,3,1,second,6,39,90,nonnegative_coefficients,90
9,12,2,5,2,first,1,3,45,nonnegative_coefficients,45
9,12,2,5,2,second,19,60,90,nonnegative_coefficients,90
9,12,2,5,3,first,1,3,45,nonnegative_coefficients,45
9,12,2,5,3,second,16,33,90,nonnegative_coefficients,90
9,12,2,5,4,first,1,3,45,nonnegative_coefficients,45
9,12,2,5,4,second,13,6,90,nonnegative_coefficients,90
9,12,2,6,2,first,1,0,45,nonnegative_coefficients,45
9,12,2,6,2,second,30,84,90,nonnegative_coefficients,90
9,12,2,6,3,first,1,0,45,nonnegative_coefficients,45
9,12,2,6,3,second,27,57,90,nonnegative_coefficients,90
9,12,2,6,4,first,1,0,45,nonnegative_coefficients,45
9,12,2,6,4,second,24,30,90,nonnegative_coefficients,90
9,12,2,7,5,first,1,-3,45,completed_square,171
9,12,2,7,5,second,34,27,90,nonnegative_coefficients,90
9,12,2,7,6,first,1,-3,45,completed_square,171
9,12,2,7,6,second,31,0,90,nonnegative_coefficients,90
9,12,2,8,6,first,1,-6,45,completed_square,144
9,12,2,8,6,second,46,24,90,nonnegative_coefficients,90
9,12,2,8,7,first,1,-6,45,completed_square,144
9,12,2,8,7,second,43,-3,90,completed_square,15471
9,12,3,4,2,first,1,6,45,nonnegative_coefficients,45
9,12,3,4,2,second,10,33,63,nonnegative_coefficients,63
9,12,3,5,3,first,1,3,45,nonnegative_coefficients,45
9,12,3,5,3,second,16,30,63,nonnegative_coefficients,63
9,12,3,6,3,first,1,0,45,nonnegative_coefficients,45
9,12,3,6,3,second,27,54,63,nonnegative_coefficients,63
9,12,3,8,6,first,1,-6,45,completed_square,144
9,12,3,8,6,second,46,21,63,nonnegative_coefficients,63
9,13,0,4,0,actual_degree2,1,2,29,nonnegative_coefficients,29
9,13,0,4,0,first,1,6,42,nonnegative_coefficients,42
9,13,0,4,0,second,16,104,169,nonnegative_coefficients,169
9,13,0,7,6,first,1,-3,42,completed_square,159
9,13,0,7,6,second,31,20,169,nonnegative_coefficients,169
9,13,0,8,9,first,1,-6,42,completed_square,132
9,13,0,8,9,second,37,-35,169,completed_square,23787
9,13,1,4,3,first,1,6,42,nonnegative_coefficients,42
9,13,1,4,3,second,7,20,142,nonnegative_coefficients,142
9,13,1,6,1,first,1,0,42,nonnegative_coefficients,42
9,13,1,6,1,second,33,126,142,nonnegative_coefficients,142
9,13,1,6,5,first,1,0,42,nonnegative_coefficients,42
9,13,1,6,5,second,21,18,142,nonnegative_coefficients,142
9,13,1,6,6,first,1,0,42,nonnegative_coefficients,42
9,13,1,6,6,second,18,-9,142,completed_square,10143
9,13,1,7,6,first,1,-3,42,completed_square,159
9,13,1,7,6,second,31,17,142,nonnegative_coefficients,142
9,13,1,8,7,first,1,-6,42,completed_square,132
9,13,1,8,7,second,43,16,142,nonnegative_coefficients,142
9,13,2,4,1,first,1,6,42,nonnegative_coefficients,42
9,13,2,4,1,second,13,71,115,nonnegative_coefficients,115
9,13,2,4,2,first,1,6,42,nonnegative_coefficients,42
9,13,2,4,2,second,10,44,115,nonnegative_coefficients,115
9,13,2,5,1,first,1,3,42,nonnegative_coefficients,42
9,13,2,5,1,second,22,97,115,nonnegative_coefficients,115
9,13,2,5,2,first,1,3,42,nonnegative_coefficients,42
9,13,2,5,2,second,19,70,115,nonnegative_coefficients,115
9,13,2,5,3,first,1,3,42,nonnegative_coefficients,42
9,13,2,5,3,second,16,43,115,nonnegative_coefficients,115
9,13,2,5,4,first,1,3,42,nonnegative_coefficients,42
9,13,2,5,4,second,13,16,115,nonnegative_coefficients,115
9,13,2,6,3,first,1,0,42,nonnegative_coefficients,42
9,13,2,6,3,second,27,69,115,nonnegative_coefficients,115
9,13,2,6,4,first,1,0,42,nonnegative_coefficients,42
9,13,2,6,4,second,24,42,115,nonnegative_coefficients,115
9,13,2,6,5,first,1,0,42,nonnegative_coefficients,42
9,13,2,6,5,second,21,15,115,nonnegative_coefficients,115
9,13,2,6,6,first,1,0,42,nonnegative_coefficients,42
9,13,2,6,6,second,18,-12,115,completed_square,8136
9,13,2,7,2,first,1,-3,42,completed_square,159
9,13,2,7,2,second,43,122,115,nonnegative_coefficients,115
9,13,2,7,5,first,1,-3,42,completed_square,159
9,13,2,7,5,second,34,41,115,nonnegative_coefficients,115
9,13,2,7,6,first,1,-3,42,completed_square,159
9,13,2,7,6,second,31,14,115,nonnegative_coefficients,115
9,13,2,7,7,first,1,-3,42,completed_square,159
9,13,2,7,7,second,28,-13,115,completed_square,12711
9,13,2,8,6,first,1,-6,42,completed_square,132
9,13,2,8,6,second,46,40,115,nonnegative_coefficients,115
9,13,2,8,8,first,1,-6,42,completed_square,132
9,13,2,8,8,second,40,-14,115,completed_square,18204
9,13,3,3,2,first,1,9,42,nonnegative_coefficients,42
9,13,3,3,2,second,3,15,88,nonnegative_coefficients,88
9,13,3,4,3,first,1,6,42,nonnegative_coefficients,42
9,13,3,4,3,second,7,14,88,nonnegative_coefficients,88
9,13,3,7,3,first,1,-3,42,completed_square,159
9,13,3,7,3,second,40,92,88,nonnegative_coefficients,88
9,13,3,7,5,first,1,-3,42,completed_square,159
9,13,3,7,5,second,34,38,88,nonnegative_coefficients,88
9,13,3,8,6,first,1,-6,42,completed_square,132
9,13,3,8,6,second,46,37,88,nonnegative_coefficients,88
9,13,5,8,5,first,1,-6,42,completed_square,132
9,13,5,8,5,second,49,58,34,nonnegative_coefficients,34
9,14,1,5,4,first,1,3,39,nonnegative_coefficients,39
9,14,1,5,4,second,13,29,169,nonnegative_coefficients,169
9,14,1,7,6,first,1,-3,39,completed_square,147
9,14,1,7,6,second,31,31,169,nonnegative_coefficients,169
9,14,2,4,1,first,1,6,39,nonnegative_coefficients,39
9,14,2,4,1,second,13,79,142,nonnegative_coefficients,142
9,14,2,4,3,first,1,6,39,nonnegative_coefficients,39
9,14,2,4,3,second,7,25,142,nonnegative_coefficients,142
9,14,2,5,3,first,1,3,39,nonnegative_coefficients,39
9,14,2,5,3,second,16,53,142,nonnegative_coefficients,142
9,14,2,5,4,first,1,3,39,nonnegative_coefficients,39
9,14,2,5,4,second,13,26,142,nonnegative_coefficients,142
9,14,2,6,4,first,1,0,39,nonnegative_coefficients,39
9,14,2,6,4,second,24,54,142,nonnegative_coefficients,142
9,14,2,6,5,first,1,0,39,nonnegative_coefficients,39
9,14,2,6,5,second,21,27,142,nonnegative_coefficients,142
9,14,2,7,5,first,1,-3,39,completed_square,147
9,14,2,7,5,second,34,55,142,nonnegative_coefficients,142
9,14,2,7,6,first,1,-3,39,completed_square,147
9,14,2,7,6,second,31,28,142,nonnegative_coefficients,142
9,14,3,4,2,first,1,6,39,nonnegative_coefficients,39
9,14,3,4,2,second,10,49,115,nonnegative_coefficients,115
9,14,3,4,3,first,1,6,39,nonnegative_coefficients,39
9,14,3,4,3,second,7,22,115,nonnegative_coefficients,115
9,14,3,5,2,first,1,3,39,nonnegative_coefficients,39
9,14,3,5,2,second,19,77,115,nonnegative_coefficients,115
9,14,3,5,4,first,1,3,39,nonnegative_coefficients,39
9,14,3,5,4,second,13,23,115,nonnegative_coefficients,115
9,14,3,6,3,first,1,0,39,nonnegative_coefficients,39
9,14,3,6,3,second,27,78,115,nonnegative_coefficients,115
9,14,3,6,4,first,1,0,39,nonnegative_coefficients,39
9,14,3,6,4,second,24,51,115,nonnegative_coefficients,115
9,14,3,6,5,first,1,0,39,nonnegative_coefficients,39
9,14,3,6,5,second,21,24,115,nonnegative_coefficients,115
9,14,3,6,6,first,1,0,39,nonnegative_coefficients,39
9,14,3,6,6,second,18,-3,115,completed_square,8271
9,14,3,7,3,first,1,-3,39,completed_square,147
9,14,3,7,3,second,40,106,115,nonnegative_coefficients,115
9,14,3,7,7,first,1,-3,39,completed_square,147
9,14,3,7,7,second,28,-2,115,completed_square,12876
9,14,3,8,7,first,1,-6,39,completed_square,120
9,14,3,8,7,second,43,26,115,nonnegative_coefficients,115
9,14,4,3,2,first,1,9,39,nonnegative_coefficients,39
9,14,4,3,2,second,3,18,88,nonnegative_coefficients,88
9,14,4,5,3,first,1,3,39,nonnegative_coefficients,39
9,14,4,5,3,second,16,47,88,nonnegative_coefficients,88
9,14,4,6,3,first,1,0,39,nonnegative_coefficients,39
9,14,4,6,3,second,27,75,88,nonnegative_coefficients,88
9,14,4,6,5,first,1,0,39,nonnegative_coefficients,39
9,14,4,6,5,second,21,21,88,nonnegative_coefficients,88
9,14,4,7,6,first,1,-3,39,completed_square,147
9,14,4,7,6,second,31,22,88,nonnegative_coefficients,88
9,14,5,6,4,first,1,0,39,nonnegative_coefficients,39
9,14,5,6,4,second,24,45,61,nonnegative_coefficients,61
9,14,6,5,4,first,1,3,39,nonnegative_coefficients,39
9,14,6,5,4,second,13,14,34,nonnegative_coefficients,34
9,14,6,8,6,first,1,-6,39,completed_square,120
9,14,6,8,6,second,46,44,34,nonnegative_coefficients,34
9,15,1,5,4,first,1,3,36,nonnegative_coefficients,36
9,15,1,5,4,second,13,39,198,nonnegative_coefficients,198
9,15,1,7,5,first,1,-3,36,completed_square,135
9,15,1,7,5,second,34,72,198,nonnegative_coefficients,198
9,15,1,7,8,first,1,-3,36,completed_square,135
9,15,1,7,8,second,25,-9,198,completed_square,19719
9,15,2,4,4,first,1,6,36,nonnegative_coefficients,36
9,15,2,4,4,second,4,6,171,nonnegative_coefficients,171
9,15,2,5,1,first,1,3,36,nonnegative_coefficients,36
9,15,2,5,1,second,22,117,171,nonnegative_coefficients,171
9,15,2,6,5,first,1,0,36,nonnegative_coefficients,36
9,15,2,6,5,second,21,39,171,nonnegative_coefficients,171
9,15,2,6,7,first,1,0,36,nonnegative_coefficients,36
9,15,2,6,7,second,15,-15,171,completed_square,10035
9,15,2,7,8,first,1,-3,36,completed_square,135
9,15,2,7,8,second,25,-12,171,completed_square,16956
9,15,3,4,3,first,1,6,36,nonnegative_coefficients,36
9,15,3,4,3,second,7,30,144,nonnegative_coefficients,144
9,15,3,5,2,first,1,3,36,nonnegative_coefficients,36
9,15,3,5,2,second,19,87,144,nonnegative_coefficients,144
9,15,3,5,3,first,1,3,36,nonnegative_coefficients,36
9,15,3,5,3,second,16,60,144,nonnegative_coefficients,144
9,15,3,6,3,first,1,0,36,nonnegative_coefficients,36
9,15,3,6,3,second,27,90,144,nonnegative_coefficients,144
9,15,3,6,6,first,1,0,36,nonnegative_coefficients,36
9,15,3,6,6,second,18,9,144,nonnegative_coefficients,144
9,15,3,7,6,first,1,-3,36,completed_square,135
9,15,3,7,6,second,31,39,144,nonnegative_coefficients,144
9,15,4,4,2,first,1,6,36,nonnegative_coefficients,36
9,15,4,4,2,second,10,54,117,nonnegative_coefficients,117
9,15,4,4,3,first,1,6,36,nonnegative_coefficients,36
9,15,4,4,3,second,7,27,117,nonnegative_coefficients,117
9,15,4,5,2,first,1,3,36,nonnegative_coefficients,36
9,15,4,5,2,second,19,84,117,nonnegative_coefficients,117
9,15,4,5,3,first,1,3,36,nonnegative_coefficients,36
9,15,4,5,3,second,16,57,117,nonnegative_coefficients,117
9,15,4,5,4,first,1,3,36,nonnegative_coefficients,36
9,15,4,5,4,second,13,30,117,nonnegative_coefficients,117
9,15,4,5,5,first,1,3,36,nonnegative_coefficients,36
9,15,4,5,5,second,10,3,117,nonnegative_coefficients,117
9,15,4,6,3,first,1,0,36,nonnegative_coefficients,36
9,15,4,6,3,second,27,87,117,nonnegative_coefficients,117
9,15,4,6,4,first,1,0,36,nonnegative_coefficients,36
9,15,4,6,4,second,24,60,117,nonnegative_coefficients,117
9,15,4,6,5,first,1,0,36,nonnegative_coefficients,36
9,15,4,6,5,second,21,33,117,nonnegative_coefficients,117
9,15,4,6,6,first,1,0,36,nonnegative_coefficients,36
9,15,4,6,6,second,18,6,117,nonnegative_coefficients,117
9,15,4,7,3,first,1,-3,36,completed_square,135
9,15,4,7,3,second,40,117,117,nonnegative_coefficients,117
9,15,4,7,5,first,1,-3,36,completed_square,135
9,15,4,7,5,second,34,63,117,nonnegative_coefficients,117
9,15,4,7,6,first,1,-3,36,completed_square,135
9,15,4,7,6,second,31,36,117,nonnegative_coefficients,117
9,15,4,7,7,first,1,-3,36,completed_square,135
9,15,4,7,7,second,28,9,117,nonnegative_coefficients,117
9,15,4,8,9,first,1,-6,36,completed_square,108
9,15,4,8,9,second,37,-15,117,completed_square,17091
9,15,5,4,3,first,1,6,36,nonnegative_coefficients,36
9,15,5,4,3,second,7,24,90,nonnegative_coefficients,90
9,15,5,5,4,first,1,3,36,nonnegative_coefficients,36
9,15,5,5,4,second,13,27,90,nonnegative_coefficients,90
9,15,5,6,4,first,1,0,36,nonnegative_coefficients,36
9,15,5,6,4,second,24,57,90,nonnegative_coefficients,90
9,15,5,6,5,first,1,0,36,nonnegative_coefficients,36
9,15,5,6,5,second,21,30,90,nonnegative_coefficients,90
9,15,5,7,5,first,1,-3,36,completed_square,135
9,15,5,7,5,second,34,60,90,nonnegative_coefficients,90
9,15,5,8,8,first,1,-6,36,completed_square,108
9,15,5,8,8,second,40,9,90,nonnegative_coefficients,90
9,15,7,5,4,first,1,3,36,nonnegative_coefficients,36
9,15,7,5,4,second,13,21,36,nonnegative_coefficients,36
9,15,7,8,7,first,1,-6,36,completed_square,108
9,15,7,8,7,second,43,30,36,nonnegative_coefficients,36
9,16,4,4,3,first,1,6,33,nonnegative_coefficients,33
9,16,4,4,3,second,7,35,148,nonnegative_coefficients,148
9,16,4,4,4,first,1,6,33,nonnegative_coefficients,33
9,16,4,4,4,second,4,8,148,nonnegative_coefficients,148
9,16,4,5,2,first,1,3,33,nonnegative_coefficients,33
9,16,4,5,2,second,19,94,148,nonnegative_coefficients,148
9,16,4,5,5,first,1,3,33,nonnegative_coefficients,33
9,16,4,5,5,second,10,13,148,nonnegative_coefficients,148
9,16,4,6,3,first,1,0,33,nonnegative_coefficients,33
9,16,4,6,3,second,27,99,148,nonnegative_coefficients,148
9,16,4,6,4,first,1,0,33,nonnegative_coefficients,33
9,16,4,6,4,second,24,72,148,nonnegative_coefficients,148
9,16,4,6,5,first,1,0,33,nonnegative_coefficients,33
9,16,4,6,5,second,21,45,148,nonnegative_coefficients,148
9,16,4,6,8,first,1,0,33,nonnegative_coefficients,33
9,16,4,6,8,second,12,-36,148,completed_square,5808
9,16,4,7,2,first,1,-3,33,completed_square,123
9,16,4,7,2,second,43,158,148,nonnegative_coefficients,148
9,16,4,7,5,first,1,-3,33,completed_square,123
9,16,4,7,5,second,34,77,148,nonnegative_coefficients,148
9,16,4,7,6,first,1,-3,33,completed_square,123
9,16,4,7,6,second,31,50,148,nonnegative_coefficients,148
9,16,4,7,7,first,1,-3,33,completed_square,123
9,16,4,7,7,second,28,23,148,nonnegative_coefficients,148
9,16,4,8,12,first,1,-6,33,completed_square,96
9,16,4,8,12,second,28,-80,148,completed_square,10176
9,16,5,4,3,first,1,6,33,nonnegative_coefficients,33
9,16,5,4,3,second,7,32,121,nonnegative_coefficients,121
9,16,5,5,3,first,1,3,33,nonnegative_coefficients,33
9,16,5,5,3,second,16,64,121,nonnegative_coefficients,121
9,16,5,5,4,first,1,3,33,nonnegative_coefficients,33
9,16,5,5,4,second,13,37,121,nonnegative_coefficients,121
9,16,5,5,5,first,1,3,33,nonnegative_coefficients,33
9,16,5,5,5,second,10,10,121,nonnegative_coefficients,121
9,16,5,6,4,first,1,0,33,nonnegative_coefficients,33
9,16,5,6,4,second,24,69,121,nonnegative_coefficients,121
9,16,5,6,5,first,1,0,33,nonnegative_coefficients,33
9,16,5,6,5,second,21,42,121,nonnegative_coefficients,121
9,16,5,7,5,first,1,-3,33,completed_square,123
9,16,5,7,5,second,34,74,121,nonnegative_coefficients,121
9,16,5,7,7,first,1,-3,33,completed_square,123
9,16,5,7,7,second,28,20,121,nonnegative_coefficients,121
9,16,5,8,9,first,1,-6,33,completed_square,96
9,16,5,8,9,second,37,-2,121,completed_square,17904
9,16,6,4,3,first,1,6,33,nonnegative_coefficients,33
9,16,6,4,3,second,7,29,94,nonnegative_coefficients,94
9,16,6,5,3,first,1,3,33,nonnegative_coefficients,33
9,16,6,5,3,second,16,61,94,nonnegative_coefficients,94
9,16,6,5,4,first,1,3,33,nonnegative_coefficients,33
9,16,6,5,4,second,13,34,94,nonnegative_coefficients,94
9,16,6,6,5,first,1,0,33,nonnegative_coefficients,33
9,16,6,6,5,second,21,39,94,nonnegative_coefficients,94
9,16,6,7,5,first,1,-3,33,completed_square,123
9,16,6,7,5,second,34,71,94,nonnegative_coefficients,94
9,16,6,7,6,first,1,-3,33,completed_square,123
9,16,6,7,6,second,31,44,94,nonnegative_coefficients,94
9,16,6,8,9,first,1,-6,33,completed_square,96
9,16,6,8,9,second,37,-5,94,completed_square,13887
9,16,7,7,6,first,1,-3,33,completed_square,123
9,16,7,7,6,second,31,41,67,nonnegative_coefficients,67
9,16,8,8,8,first,1,-6,33,completed_square,96
9,16,8,8,8,second,40,16,40,nonnegative_coefficients,40
9,17,2,5,6,first,1,3,30,nonnegative_coefficients,30
9,17,2,5,6,second,7,2,235,nonnegative_coefficients,235
9,17,2,6,1,first,1,0,30,nonnegative_coefficients,30
9,17,2,6,1,second,33,171,235,nonnegative_coefficients,235
9,17,2,6,6,first,1,0,30,nonnegative_coefficients,30
9,17,2,6,6,second,18,36,235,nonnegative_coefficients,235
9,17,2,6,8,first,1,0,30,nonnegative_coefficients,30
9,17,2,6,8,second,12,-18,235,completed_square,10956
9,17,2,7,8,first,1,-3,30,completed_square,111
9,17,2,7,8,second,25,16,235,nonnegative_coefficients,235
9,17,2,7,10,first,1,-3,30,completed_square,111
9,17,2,7,10,second,19,-38,235,completed_square,16416
9,17,4,5,5,first,1,3,30,nonnegative_coefficients,30
9,17,4,5,5,second,10,23,181,nonnegative_coefficients,181
9,17,4,5,6,first,1,3,30,nonnegative_coefficients,30
9,17,4,5,6,second,7,-4,181,completed_square,5052
9,17,4,6,2,first,1,0,30,nonnegative_coefficients,30
9,17,4,6,2,second,30,138,181,nonnegative_coefficients,181
9,17,4,6,3,first,1,0,30,nonnegative_coefficients,30
9,17,4,6,3,second,27,111,181,nonnegative_coefficients,181
9,17,4,6,7,first,1,0,30,nonnegative_coefficients,30
9,17,4,6,7,second,15,3,181,nonnegative_coefficients,181
9,17,5,5,3,first,1,3,30,nonnegative_coefficients,30
9,17,5,5,3,second,16,74,154,nonnegative_coefficients,154
9,17,5,5,4,first,1,3,30,nonnegative_coefficients,30
9,17,5,5,4,second,13,47,154,nonnegative_coefficients,154
9,17,5,5,5,first,1,3,30,nonnegative_coefficients,30
9,17,5,5,5,second,10,20,154,nonnegative_coefficients,154
9,17,5,6,4,first,1,0,30,nonnegative_coefficients,30
9,17,5,6,4,second,24,81,154,nonnegative_coefficients,154
9,17,5,6,5,first,1,0,30,nonnegative_coefficients,30
9,17,5,6,5,second,21,54,154,nonnegative_coefficients,154
9,17,5,6,7,first,1,0,30,nonnegative_coefficients,30
9,17,5,6,7,second,15,0,154,nonnegative_coefficients,154
9,17,6,4,4,first,1,6,30,nonnegative_coefficients,30
9,17,6,4,4,second,4,10,127,nonnegative_coefficients,127
9,17,6,5,4,first,1,3,30,nonnegative_coefficients,30
9,17,6,5,4,second,13,44,127,nonnegative_coefficients,127
9,17,6,5,5,first,1,3,30,nonnegative_coefficients,30
9,17,6,5,5,second,10,17,127,nonnegative_coefficients,127
9,17,6,5,6,first,1,3,30,nonnegative_coefficients,30
9,17,6,5,6,second,7,-10,127,completed_square,3456
9,17,6,6,4,first,1,0,30,nonnegative_coefficients,30
9,17,6,6,4,second,24,78,127,nonnegative_coefficients,127
9,17,6,6,5,first,1,0,30,nonnegative_coefficients,30
9,17,6,6,5,second,21,51,127,nonnegative_coefficients,127
9,17,6,6,8,first,1,0,30,nonnegative_coefficients,30
9,17,6,6,8,second,12,-30,127,completed_square,5196
9,17,6,7,3,first,1,-3,30,completed_square,111
9,17,6,7,3,second,40,139,127,nonnegative_coefficients,127
9,17,6,7,5,first,1,-3,30,completed_square,111
9,17,6,7,5,second,34,85,127,nonnegative_coefficients,127
9,17,6,7,6,first,1,-3,30,completed_square,111
9,17,6,7,6,second,31,58,127,nonnegative_coefficients,127
9,17,7,6,6,first,1,0,30,nonnegative_coefficients,30
9,17,7,6,6,second,18,21,100,nonnegative_coefficients,100
9,17,7,7,5,first,1,-3,30,completed_square,111
9,17,7,7,5,second,34,82,100,nonnegative_coefficients,100
9,17,7,7,6,first,1,-3,30,completed_square,111
9,17,7,7,6,second,31,55,100,nonnegative_coefficients,100
9,18,0,6,0,actual_degree2,1,-6,9,completed_square,0
9,18,0,6,0,first,1,0,27,nonnegative_coefficients,27
9,18,0,6,0,second,36,216,324,nonnegative_coefficients,324
9,18,0,7,6,first,1,-3,27,completed_square,99
9,18,0,7,6,second,31,90,324,nonnegative_coefficients,324
9,18,0,8,12,first,1,-6,27,completed_square,72
9,18,0,8,12,second,28,-36,324,completed_square,34992
9,18,0,9,18,first,1,-9,27,completed_square,27
9,18,0,9,18,second,27,-162,324,completed_square,8748
9,18,4,5,2,first,1,3,27,nonnegative_coefficients,27
9,18,4,5,2,second,19,114,216,nonnegative_coefficients,216
9,18,4,5,6,first,1,3,27,nonnegative_coefficients,27
9,18,4,5,6,second,7,6,216,nonnegative_coefficients,216
9,18,4,6,6,first,1,0,27,nonnegative_coefficients,27
9,18,4,6,6,second,18,42,216,nonnegative_coefficients,216
9,18,5,5,6,first,1,3,27,nonnegative_coefficients,27
9,18,5,5,6,second,7,3,189,nonnegative_coefficients,189
9,18,5,6,4,first,1,0,27,nonnegative_coefficients,27
9,18,5,6,4,second,24,93,189,nonnegative_coefficients,189
9,18,5,7,7,first,1,-3,27,completed_square,99
9,18,5,7,7,second,28,48,189,nonnegative_coefficients,189
9,18,6,5,4,first,1,3,27,nonnegative_coefficients,27
9,18,6,5,4,second,13,54,162,nonnegative_coefficients,162
9,18,6,6,5,first,1,0,27,nonnegative_coefficients,27
9,18,6,6,5,second,21,63,162,nonnegative_coefficients,162
9,18,6,6,7,first,1,0,27,nonnegative_coefficients,27
9,18,6,6,7,second,15,9,162,nonnegative_coefficients,162
9,18,6,6,8,first,1,0,27,nonnegative_coefficients,27
9,18,6,6,8,second,12,-18,162,completed_square,7452
9,18,6,7,5,first,1,-3,27,completed_square,99
9,18,6,7,5,second,34,99,162,nonnegative_coefficients,162
9,18,7,5,6,first,1,3,27,nonnegative_coefficients,27
9,18,7,5,6,second,7,-3,135,completed_square,3771
9,18,7,6,5,first,1,0,27,nonnegative_coefficients,27
9,18,7,6,5,second,21,60,135,nonnegative_coefficients,135
9,18,7,7,5,first,1,-3,27,completed_square,99
9,18,7,7,5,second,34,96,135,nonnegative_coefficients,135
9,18,8,7,6,first,1,-3,27,completed_square,99
9,18,8,7,6,second,31,66,108,nonnegative_coefficients,108
9,18,10,7,8,first,1,-3,27,completed_square,99
9,18,10,7,8,second,25,6,54,nonnegative_coefficients,54
9,19,3,7,12,first,1,-3,24,completed_square,87
9,19,3,7,12,second,13,-67,280,completed_square,10071
9,19,5,5,6,first,1,3,24,nonnegative_coefficients,24
9,19,5,5,6,second,7,13,226,nonnegative_coefficients,226
9,19,6,5,6,first,1,3,24,nonnegative_coefficients,24
9,19,6,5,6,second,7,10,199,nonnegative_coefficients,199
9,19,6,6,4,first,1,0,24,nonnegative_coefficients,24
9,19,6,6,4,second,24,102,199,nonnegative_coefficients,199
9,19,6,7,6,first,1,-3,24,completed_square,87
9,19,6,7,6,second,31,86,199,nonnegative_coefficients,199
9,19,6,8,12,first,1,-6,24,completed_square,60
9,19,6,8,12,second,28,-38,199,completed_square,20844
9,19,8,6,6,first,1,0,24,nonnegative_coefficients,24
9,19,8,6,6,second,18,42,145,nonnegative_coefficients,145
9,19,8,7,10,first,1,-3,24,completed_square,87
9,19,8,7,10,second,19,-28,145,completed_square,10236
9,19,10,5,6,first,1,3,24,nonnegative_coefficients,24
9,19,10,5,6,second,7,-2,91,completed_square,2544
9,19,10,6,8,first,1,0,24,nonnegative_coefficients,24
9,19,10,6,8,second,12,-18,91,completed_square,4044
9,20,4,6,8,first,1,0,21,nonnegative_coefficients,21
9,20,4,6,8,second,12,12,292,nonnegative_coefficients,292
9,20,6,5,4,first,1,3,21,nonnegative_coefficients,21
9,20,6,5,4,second,13,74,238,nonnegative_coefficients,238
9,20,6,6,9,first,1,0,21,nonnegative_coefficients,21
9,20,6,6,9,second,9,-21,238,completed_square,8127
9,20,6,7,10,first,1,-3,21,completed_square,75
9,20,6,7,10,second,19,-8,238,completed_square,18024
9,20,8,5,6,first,1,3,21,nonnegative_coefficients,21
9,20,8,5,6,second,7,14,184,nonnegative_coefficients,184
9,20,8,6,7,first,1,0,21,nonnegative_coefficients,21
9,20,8,6,7,second,15,27,184,nonnegative_coefficients,184
9,20,10,7,8,first,1,-3,21,completed_square,75
9,20,10,7,8,second,25,34,130,nonnegative_coefficients,130
9,20,12,5,6,first,1,3,21,nonnegative_coefficients,21
9,20,12,5,6,second,7,2,76,nonnegative_coefficients,76
9,20,12,8,12,first,1,-6,21,completed_square,48
9,20,12,8,12,second,28,-40,76,completed_square,6912
9,21,4,6,8,first,1,0,18,nonnegative_coefficients,18
9,21,4,6,8,second,12,24,333,nonnegative_coefficients,333
9,21,4,7,12,first,1,-3,18,completed_square,63
9,21,4,7,12,second,13,-42,333,completed_square,15552
9,21,8,6,6,first,1,0,18,nonnegative_coefficients,18
9,21,8,6,6,second,18,66,225,nonnegative_coefficients,225
9,21,8,6,8,first,1,0,18,nonnegative_coefficients,18
9,21,8,6,8,second,12,12,225,nonnegative_coefficients,225
9,21,8,7,10,first,1,-3,18,completed_square,63
9,21,8,7,10,second,19,0,225,nonnegative_coefficients,225
9,22,8,6,8,first,1,0,15,nonnegative_coefficients,15
9,22,8,6,8,second,12,24,268,nonnegative_coefficients,268
9,22,8,8,16,first,1,-6,15,completed_square,24
9,22,8,8,16,second,16,-104,268,completed_square,6336
9,22,10,7,12,first,1,-3,15,completed_square,51
9,22,10,7,12,second,13,-46,214,completed_square,9012
10,6,0,8,3,first,1,-4,82,completed_square,312
10,6,0,8,3,second,55,6,36,nonnegative_coefficients,36
10,6,0,10,6,first,1,-10,82,completed_square,228
10,6,0,10,6,second,82,-60,36,completed_square,8208
10,7,0,6,1,first,1,2,79,nonnegative_coefficients,79
10,7,0,6,1,second,33,54,49,nonnegative_coefficients,49
10,7,0,7,2,first,1,-1,79,completed_square,315
10,7,0,7,2,second,43,38,49,nonnegative_coefficients,49
10,7,0,10,7,first,1,-10,79,completed_square,216
10,7,0,10,7,second,79,-70,49,completed_square,10584
10,9,0,6,0,actual_degree2,1,-4,64,completed_square,240
10,9,0,6,0,first,1,2,73,nonnegative_coefficients,73
10,9,0,6,0,second,36,108,81,nonnegative_coefficients,81
10,9,0,7,3,first,1,-1,73,completed_square,291
10,9,0,7,3,second,40,36,81,nonnegative_coefficients,81
10,9,0,9,3,first,1,-7,73,completed_square,243
10,9,0,9,3,second,72,72,81,nonnegative_coefficients,81
10,9,0,10,9,first,1,-10,73,completed_square,192
10,9,0,10,9,second,73,-90,81,completed_square,15552
10,10,0,4,0,actual_degree2,1,4,60,nonnegative_coefficients,60
10,10,0,4,0,first,1,8,70,nonnegative_coefficients,70
10,10,0,4,0,second,16,80,100,nonnegative_coefficients,100
10,10,0,5,0,actual_degree2,1,0,60,nonnegative_coefficients,60
10,10,0,5,0,first,1,5,70,nonnegative_coefficients,70
10,10,0,5,0,second,25,100,100,nonnegative_coefficients,100
10,10,0,6,2,first,1,2,70,nonnegative_coefficients,70
10,10,0,6,2,second,30,60,100,nonnegative_coefficients,100
10,10,0,8,6,first,1,-4,70,completed_square,264
10,10,0,8,6,second,46,-20,100,completed_square,18000
10,10,0,9,6,first,1,-7,70,completed_square,231
10,10,0,9,6,second,63,0,100,nonnegative_coefficients,100
10,10,0,10,10,first,1,-10,70,completed_square,180
10,10,0,10,10,second,70,-100,100,completed_square,18000
10,11,0,6,1,first,1,2,67,nonnegative_coefficients,67
10,11,0,6,1,second,33,102,121,nonnegative_coefficients,121
10,11,0,8,5,first,1,-4,67,completed_square,252
10,11,0,8,5,second,49,26,121,nonnegative_coefficients,121
10,11,0,10,11,first,1,-10,67,completed_square,168
10,11,0,10,11,second,67,-110,121,completed_square,20328
10,11,1,5,2,first,1,5,67,nonnegative_coefficients,67
10,11,1,5,2,second,19,47,91,nonnegative_coefficients,91
10,11,1,7,3,first,1,-1,67,completed_square,267
10,11,1,7,3,second,40,61,91,nonnegative_coefficients,91
10,11,1,8,6,first,1,-4,67,completed_square,252
10,11,1,8,6,second,46,-7,91,completed_square,16695
10,12,1,5,1,first,1,5,64,nonnegative_coefficients,64
10,12,1,5,1,second,22,87,114,nonnegative_coefficients,114
10,12,1,6,3,first,1,2,64,nonnegative_coefficients,64
10,12,1,6,3,second,27,51,114,nonnegative_coefficients,114
10,12,1,7,3,first,1,-1,64,completed_square,255
10,12,1,7,3,second,40,75,114,nonnegative_coefficients,114
10,12,1,7,5,first,1,-1,64,completed_square,255
10,12,1,7,5,second,34,15,114,nonnegative_coefficients,114
10,12,1,8,5,first,1,-4,64,completed_square,240
10,12,1,8,5,second,49,39,114,nonnegative_coefficients,114
10,12,1,9,7,first,1,-7,64,completed_square,207
10,12,1,9,7,second,60,3,114,nonnegative_coefficients,114
10,12,3,7,6,first,1,-1,64,completed_square,255
10,12,3,7,6,second,31,-21,54,completed_square,6255
10,12,3,9,3,first,1,-7,64,completed_square,207
10,12,3,9,3,second,72,117,54,nonnegative_coefficients,54
10,13,1,6,1,first,1,2,61,nonnegative_coefficients,61
10,13,1,6,1,second,33,123,139,nonnegative_coefficients,139
10,13,1,7,5,first,1,-1,61,completed_square,243
10,13,1,7,5,second,34,29,139,nonnegative_coefficients,139
10,13,1,8,3,first,1,-4,61,completed_square,228
10,13,1,8,3,second,55,115,139,nonnegative_coefficients,139
10,13,1,8,7,first,1,-4,61,completed_square,228
10,13,1,8,7,second,43,-5,139,completed_square,23883
10,13,1,9,7,first,1,-7,61,completed_square,195
10,13,1,9,7,second,60,21,139,nonnegative_coefficients,139
10,13,2,6,2,first,1,2,61,nonnegative_coefficients,61
10,13,2,6,2,second,30,90,109,nonnegative_coefficients,109
10,13,2,6,4,first,1,2,61,nonnegative_coefficients,61
10,13,2,6,4,second,24,30,109,nonnegative_coefficients,109
10,13,2,7,5,first,1,-1,61,completed_square,243
10,13,2,7,5,second,34,26,109,nonnegative_coefficients,109
10,13,2,9,7,first,1,-7,61,completed_square,195
10,13,2,9,7,second,60,18,109,nonnegative_coefficients,109
10,13,3,5,3,first,1,5,61,nonnegative_coefficients,61
10,13,3,5,3,second,16,31,79,nonnegative_coefficients,79
10,13,3,7,3,first,1,-1,61,completed_square,243
10,13,3,7,3,second,40,83,79,nonnegative_coefficients,79
10,13,3,9,6,first,1,-7,61,completed_square,195
10,13,3,9,6,second,63,45,79,nonnegative_coefficients,79
10,14,0,4,0,actual_degree2,1,4,44,nonnegative_coefficients,44
10,14,0,4,0,first,1,8,58,nonnegative_coefficients,58
10,14,0,4,0,second,16,112,196,nonnegative_coefficients,196
10,14,0,7,6,first,1,-1,58,completed_square,231
10,14,0,7,6,second,31,16,196,nonnegative_coefficients,196
10,14,0,9,10,first,1,-7,58,completed_square,183
10,14,0,9,10,second,51,-48,196,completed_square,37680
10,14,1,5,1,first,1,5,58,nonnegative_coefficients,58
10,14,1,5,1,second,22,107,166,nonnegative_coefficients,166
10,14,1,5,3,first,1,5,58,nonnegative_coefficients,58
10,14,1,5,3,second,16,47,166,nonnegative_coefficients,166
10,14,1,6,4,first,1,2,58,nonnegative_coefficients,58
10,14,1,6,4,second,24,45,166,nonnegative_coefficients,166
10,14,1,7,6,first,1,-1,58,completed_square,231
10,14,1,7,6,second,31,13,166,nonnegative_coefficients,166
10,14,1,8,6,first,1,-4,58,completed_square,216
10,14,1,8,6,second,46,41,166,nonnegative_coefficients,166
10,14,1,8,7,first,1,-4,58,completed_square,216
10,14,1,8,7,second,43,11,166,nonnegative_coefficients,166
10,14,1,9,9,first,1,-7,58,completed_square,183
10,14,1,9,9,second,54,-21,166,completed_square,35415
10,14,2,4,1,first,1,8,58,nonnegative_coefficients,58
10,14,2,4,1,second,13,76,136,nonnegative_coefficients,136
10,14,2,5,2,first,1,5,58,nonnegative_coefficients,58
10,14,2,5,2,second,19,74,136,nonnegative_coefficients,136
10,14,2,6,3,first,1,2,58,nonnegative_coefficients,58
10,14,2,6,3,second,27,72,136,nonnegative_coefficients,136
10,14,2,6,4,first,1,2,58,nonnegative_coefficients,58
10,14,2,6,4,second,24,42,136,nonnegative_coefficients,136
10,14,2,7,5,first,1,-1,58,completed_square,231
10,14,2,7,5,second,34,40,136,nonnegative_coefficients,136
10,14,2,8,7,first,1,-4,58,completed_square,216
10,14,2,8,7,second,43,8,136,nonnegative_coefficients,136
10,14,2,8,8,first,1,-4,58,completed_square,216
10,14,2,8,8,second,40,-22,136,completed_square,21276
10,14,2,9,9,first,1,-7,58,completed_square,183
10,14,2,9,9,second,54,-24,136,completed_square,28800
10,14,3,7,3,first,1,-1,58,completed_square,231
10,14,3,7,3,second,40,97,106,nonnegative_coefficients,106
10,14,3,7,5,first,1,-1,58,completed_square,231
10,14,3,7,5,second,34,37,106,nonnegative_coefficients,106
10,14,3,9,7,first,1,-7,58,completed_square,183
10,14,3,9,7,second,60,33,106,nonnegative_coefficients,106
10,15,0,4,0,actual_degree2,1,4,40,nonnegative_coefficients,40
10,15,0,4,0,first,1,8,55,nonnegative_coefficients,55
10,15,0,4,0,second,16,120,225,nonnegative_coefficients,225
10,15,0,9,11,first,1,-7,55,completed_square,171
10,15,0,9,11,second,48,-60,225,completed_square,39600
10,15,2,4,1,first,1,8,55,nonnegative_coefficients,55
10,15,2,4,1,second,13,84,165,nonnegative_coefficients,165
10,15,2,5,1,first,1,5,55,nonnegative_coefficients,55
10,15,2,5,1,second,22,114,165,nonnegative_coefficients,165
10,15,2,5,2,first,1,5,55,nonnegative_coefficients,55
10,15,2,5,2,second,19,84,165,nonnegative_coefficients,165
10,15,2,5,3,first,1,5,55,nonnegative_coefficients,55
10,15,2,5,3,second,16,54,165,nonnegative_coefficients,165
10,15,2,6,1,first,1,2,55,nonnegative_coefficients,55
10,15,2,6,1,second,33,144,165,nonnegative_coefficients,165
10,15,2,6,3,first,1,2,55,nonnegative_coefficients,55
10,15,2,6,3,second,27,84,165,nonnegative_coefficients,165
10,15,2,6,4,first,1,2,55,nonnegative_coefficients,55
10,15,2,6,4,second,24,54,165,nonnegative_coefficients,165
10,15,2,6,5,first,1,2,55,nonnegative_coefficients,55
10,15,2,6,5,second,21,24,165,nonnegative_coefficients,165
10,15,2,7,5,first,1,-1,55,completed_square,219
10,15,2,7,5,second,34,54,165,nonnegative_coefficients,165
10,15,2,7,6,first,1,-1,55,completed_square,219
10,15,2,7,6,second,31,24,165,nonnegative_coefficients,165
10,15,2,7,7,first,1,-1,55,completed_square,219
10,15,2,7,7,second,28,-6,165,completed_square,18444
10,15,2,8,6,first,1,-4,55,completed_square,204
10,15,2,8,6,second,46,54,165,nonnegative_coefficients,165
10,15,2,8,8,first,1,-4,55,completed_square,204
10,15,2,8,8,second,40,-6,165,completed_square,26364
10,15,2,8,9,first,1,-4,55,completed_square,204
10,15,2,8,9,second,37,-36,165,completed_square,23124
10,15,2,9,10,first,1,-7,55,completed_square,171
10,15,2,9,10,second,51,-36,165,completed_square,32364
10,15,3,4,2,first,1,8,55,nonnegative_coefficients,55
10,15,3,4,2,second,10,51,135,nonnegative_coefficients,135
10,15,3,5,2,first,1,5,55,nonnegative_coefficients,55
10,15,3,5,2,second,19,81,135,nonnegative_coefficients,135
10,15,3,6,3,first,1,2,55,nonnegative_coefficients,55
10,15,3,6,3,second,27,81,135,nonnegative_coefficients,135
10,15,3,7,5,first,1,-1,55,completed_square,219
10,15,3,7,5,second,34,51,135,nonnegative_coefficients,135
10,15,3,7,6,first,1,-1,55,completed_square,219
10,15,3,7,6,second,31,21,135,nonnegative_coefficients,135
10,15,4,6,3,first,1,2,55,nonnegative_coefficients,55
10,15,4,6,3,second,27,78,105,nonnegative_coefficients,105
10,15,4,7,6,first,1,-1,55,completed_square,219
10,15,4,7,6,second,31,18,105,nonnegative_coefficients,105
10,16,0,4,0,actual_degree2,1,4,36,nonnegative_coefficients,36
10,16,0,4,0,first,1,8,52,nonnegative_coefficients,52
10,16,0,4,0,second,16,128,256,nonnegative_coefficients,256
10,16,0,5,0,actual_degree2,1,0,36,nonnegative_coefficients,36
10,16,0,5,0,first,1,5,52,nonnegative_coefficients,52
10,16,0,5,0,second,25,160,256,nonnegative_coefficients,256
10,16,0,9,12,first,1,-7,52,completed_square,159
10,16,0,9,12,second,45,-72,256,completed_square,40896
10,16,2,4,1,first,1,8,52,nonnegative_coefficients,52
10,16,2,4,1,second,13,92,196,nonnegative_coefficients,196
10,16,2,5,1,first,1,5,52,nonnegative_coefficients,52
10,16,2,5,1,second,22,124,196,nonnegative_coefficients,196
10,16,2,5,2,first,1,5,52,nonnegative_coefficients,52
10,16,2,5,2,second,19,94,196,nonnegative_coefficients,196
10,16,2,6,3,first,1,2,52,nonnegative_coefficients,52
10,16,2,6,3,second,27,96,196,nonnegative_coefficients,196
10,16,2,6,5,first,1,2,52,nonnegative_coefficients,52
10,16,2,6,5,second,21,36,196,nonnegative_coefficients,196
10,16,2,7,6,first,1,-1,52,completed_square,207
10,16,2,7,6,second,31,38,196,nonnegative_coefficients,196
10,16,2,8,8,first,1,-4,52,completed_square,192
10,16,2,8,8,second,40,10,196,nonnegative_coefficients,196
10,16,3,4,3,first,1,8,52,nonnegative_coefficients,52
10,16,3,4,3,second,7,29,166,nonnegative_coefficients,166
10,16,3,5,3,first,1,5,52,nonnegative_coefficients,52
10,16,3,5,3,second,16,61,166,nonnegative_coefficients,166
10,16,3,5,4,first,1,5,52,nonnegative_coefficients,52
10,16,3,5,4,second,13,31,166,nonnegative_coefficients,166
10,16,3,6,3,first,1,2,52,nonnegative_coefficients,52
10,16,3,6,3,second,27,93,166,nonnegative_coefficients,166
10,16,3,6,4,first,1,2,52,nonnegative_coefficients,52
10,16,3,6,4,second,24,63,166,nonnegative_coefficients,166
10,16,3,6,6,first,1,2,52,nonnegative_coefficients,52
10,16,3,6,6,second,18,3,166,nonnegative_coefficients,166
10,16,3,7,3,first,1,-1,52,completed_square,207
10,16,3,7,3,second,40,125,166,nonnegative_coefficients,166
10,16,3,7,5,first,1,-1,52,completed_square,207
10,16,3,7,5,second,34,65,166,nonnegative_coefficients,166
10,16,3,7,6,first,1,-1,52,completed_square,207
10,16,3,7,6,second,31,35,166,nonnegative_coefficients,166
10,16,3,8,6,first,1,-4,52,completed_square,192
10,16,3,8,6,second,46,67,166,nonnegative_coefficients,166
10,16,3,9,9,first,1,-7,52,completed_square,159
10,16,3,9,9,second,54,9,166,nonnegative_coefficients,166
10,16,4,5,2,first,1,5,52,nonnegative_coefficients,52
10,16,4,5,2,second,19,88,136,nonnegative_coefficients,136
10,16,4,5,3,first,1,5,52,nonnegative_coefficients,52
10,16,4,5,3,second,16,58,136,nonnegative_coefficients,136
10,16,4,6,3,first,1,2,52,nonnegative_coefficients,52
10,16,4,6,3,second,27,90,136,nonnegative_coefficients,136
10,16,4,6,4,first,1,2,52,nonnegative_coefficients,52
10,16,4,6,4,second,24,60,136,nonnegative_coefficients,136
10,16,4,6,5,first,1,2,52,nonnegative_coefficients,52
10,16,4,6,5,second,21,30,136,nonnegative_coefficients,136
10,16,4,8,6,first,1,-4,52,completed_square,192
10,16,4,8,6,second,46,64,136,nonnegative_coefficients,136
10,16,4,9,10,first,1,-7,52,completed_square,159
10,16,4,9,10,second,51,-24,136,completed_square,27168
10,16,5,6,4,first,1,2,52,nonnegative_coefficients,52
10,16,5,6,4,second,24,57,106,nonnegative_coefficients,106
10,16,6,7,5,first,1,-1,52,completed_square,207
10,16,6,7,5,second,34,56,76,nonnegative_coefficients,76
10,16,7,9,7,first,1,-7,52,completed_square,159
10,16,7,9,7,second,60,57,46,nonnegative_coefficients,46
10,17,2,5,4,first,1,5,49,nonnegative_coefficients,49
10,17,2,5,4,second,13,44,229,nonnegative_coefficients,229
10,17,2,6,5,first,1,2,49,nonnegative_coefficients,49
10,17,2,6,5,second,21,48,229,nonnegative_coefficients,229
10,17,2,6,6,first,1,2,49,nonnegative_coefficients,49
10,17,2,6,6,second,18,18,229,nonnegative_coefficients,229
10,17,2,7,8,first,1,-1,49,completed_square,195
10,17,2,7,8,second,25,-8,229,completed_square,22836
10,17,2,8,6,first,1,-4,49,completed_square,180
10,17,2,8,6,second,46,86,229,nonnegative_coefficients,229
10,17,2,8,8,first,1,-4,49,completed_square,180
10,17,2,8,8,second,40,26,229,nonnegative_coefficients,229
10,17,3,5,2,first,1,5,49,nonnegative_coefficients,49
10,17,3,5,2,second,19,101,199,nonnegative_coefficients,199
10,17,4,4,2,first,1,8,49,nonnegative_coefficients,49
10,17,4,4,2,second,10,64,169,nonnegative_coefficients,169
10,17,4,4,3,first,1,8,49,nonnegative_coefficients,49
10,17,4,4,3,second,7,34,169,nonnegative_coefficients,169
10,17,4,5,2,first,1,5,49,nonnegative_coefficients,49
10,17,4,5,2,second,19,98,169,nonnegative_coefficients,169
10,17,4,5,3,first,1,5,49,nonnegative_coefficients,49
10,17,4,5,3,second,16,68,169,nonnegative_coefficients,169
10,17,4,5,4,first,1,5,49,nonnegative_coefficients,49
10,17,4,5,4,second,13,38,169,nonnegative_coefficients,169
10,17,4,6,3,first,1,2,49,nonnegative_coefficients,49
10,17,4,6,3,second,27,102,169,nonnegative_coefficients,169
10,17,4,6,5,first,1,2,49,nonnegative_coefficients,49
10,17,4,6,5,second,21,42,169,nonnegative_coefficients,169
10,17,4,7,5,first,1,-1,49,completed_square,195
10,17,4,7,5,second,34,76,169,nonnegative_coefficients,169
10,17,4,7,6,first,1,-1,49,completed_square,195
10,17,4,7,6,second,31,46,169,nonnegative_coefficients,169
10,17,4,8,3,first,1,-4,49,completed_square,180
10,17,4,8,3,second,55,170,169,nonnegative_coefficients,169
10,17,4,8,9,first,1,-4,49,completed_square,180
10,17,4,8,9,second,37,-10,169,completed_square,24912
10,17,5,5,3,first,1,5,49,nonnegative_coefficients,49
10,17,5,5,3,second,16,65,139,nonnegative_coefficients,139
10,17,5,6,4,first,1,2,49,nonnegative_coefficients,49
10,17,5,6,4,second,24,69,139,nonnegative_coefficients,139
10,17,5,7,7,first,1,-1,49,completed_square,195
10,17,5,7,7,second,28,13,139,nonnegative_coefficients,139
10,17,6,5,4,first,1,5,49,nonnegative_coefficients,49
10,17,6,5,4,second,13,32,109,nonnegative_coefficients,109
10,17,6,7,5,first,1,-1,49,completed_square,195
10,17,6,7,5,second,34,70,109,nonnegative_coefficients,109
10,18,3,5,4,first,1,5,46,nonnegative_coefficients,46
10,18,3,5,4,second,13,51,234,nonnegative_coefficients,234
10,18,3,6,6,first,1,2,46,nonnegative_coefficients,46
10,18,3,6,6,second,18,27,234,nonnegative_coefficients,234
10,18,3,7,5,first,1,-1,46,completed_square,183
10,18,3,7,5,second,34,93,234,nonnegative_coefficients,234
10,18,3,7,8,first,1,-1,46,completed_square,183
10,18,3,7,8,second,25,3,234,nonnegative_coefficients,234
10,18,3,8,7,first,1,-4,46,completed_square,168
10,18,3,8,7,second,43,69,234,nonnegative_coefficients,234
10,18,4,4,4,first,1,8,46,nonnegative_coefficients,46
10,18,4,4,4,second,4,12,204,nonnegative_coefficients,204
10,18,4,5,2,first,1,5,46,nonnegative_coefficients,46
10,18,4,5,2,second,19,108,204,nonnegative_coefficients,204
10,18,4,5,3,first,1,5,46,nonnegative_coefficients,46
10,18,4,5,3,second,16,78,204,nonnegative_coefficients,204
10,18,4,5,5,first,1,5,46,nonnegative_coefficients,46
10,18,4,5,5,second,10,18,204,nonnegative_coefficients,204
10,18,4,6,2,first,1,2,46,nonnegative_coefficients,46
10,18,4,6,2,second,30,144,204,nonnegative_coefficients,204
10,18,4,6,3,first,1,2,46,nonnegative_coefficients,46
10,18,4,6,3,second,27,114,204,nonnegative_coefficients,204
10,18,4,6,5,first,1,2,46,nonnegative_coefficients,46
10,18,4,6,5,second,21,54,204,nonnegative_coefficients,204
10,18,4,6,6,first,1,2,46,nonnegative_coefficients,46
10,18,4,6,6,second,18,24,204,nonnegative_coefficients,204
10,18,4,6,7,first,1,2,46,nonnegative_coefficients,46
10,18,4,6,7,second,15,-6,204,completed_square,12204
10,18,4,7,3,first,1,-1,46,completed_square,183
10,18,4,7,3,second,40,150,204,nonnegative_coefficients,204
10,18,4,7,6,first,1,-1,46,completed_square,183
10,18,4,7,6,second,31,60,204,nonnegative_coefficients,204
10,18,4,7,7,first,1,-1,46,completed_square,183
10,18,4,7,7,second,28,30,204,nonnegative_coefficients,204
10,18,4,8,6,first,1,-4,46,completed_square,168
10,18,4,8,6,second,46,96,204,nonnegative_coefficients,204
10,18,4,8,9,first,1,-4,46,completed_square,168
10,18,4,8,9,second,37,6,204,nonnegative_coefficients,204
10,18,5,4,3,first,1,8,46,nonnegative_coefficients,46
10,18,5,4,3,second,7,39,174,nonnegative_coefficients,174
10,18,5,5,3,first,1,5,46,nonnegative_coefficients,46
10,18,5,5,3,second,16,75,174,nonnegative_coefficients,174
10,18,5,6,5,first,1,2,46,nonnegative_coefficients,46
10,18,5,6,5,second,21,51,174,nonnegative_coefficients,174
10,18,5,7,6,first,1,-1,46,completed_square,183
10,18,5,7,6,second,31,57,174,nonnegative_coefficients,174
10,18,5,7,7,first,1,-1,46,completed_square,183
10,18,5,7,7,second,28,27,174,nonnegative_coefficients,174
10,18,5,8,8,first,1,-4,46,completed_square,168
10,18,5,8,8,second,40,33,174,nonnegative_coefficients,174
10,18,6,4,3,first,1,8,46,nonnegative_coefficients,46
10,18,6,4,3,second,7,36,144,nonnegative_coefficients,144
10,18,6,5,4,first,1,5,46,nonnegative_coefficients,46
10,18,6,5,4,second,13,42,144,nonnegative_coefficients,144
10,18,6,6,4,first,1,2,46,nonnegative_coefficients,46
10,18,6,6,4,second,24,78,144,nonnegative_coefficients,144
10,18,6,6,5,first,1,2,46,nonnegative_coefficients,46
10,18,6,6,5,second,21,48,144,nonnegative_coefficients,144
10,18,6,6,6,first,1,2,46,nonnegative_coefficients,46
10,18,6,6,6,second,18,18,144,nonnegative_coefficients,144
10,18,6,7,5,first,1,-1,46,completed_square,183
10,18,6,7,5,second,34,84,144,nonnegative_coefficients,144
10,18,6,7,6,first,1,-1,46,completed_square,183
10,18,6,7,6,second,31,54,144,nonnegative_coefficients,144
10,18,6,8,5,first,1,-4,46,completed_square,168
10,18,6,8,5,second,49,120,144,nonnegative_coefficients,144
10,18,6,8,6,first,1,-4,46,completed_square,168
10,18,6,8,6,second,46,90,144,nonnegative_coefficients,144
10,18,6,9,10,first,1,-7,46,completed_square,135
10,18,6,9,10,second,51,6,144,nonnegative_coefficients,144
10,18,7,7,6,first,1,-1,46,completed_square,183
10,18,7,7,6,second,31,51,114,nonnegative_coefficients,114
10,18,7,8,6,first,1,-4,46,completed_square,168
10,18,7,8,6,second,46,87,114,nonnegative_coefficients,114
10,18,9,9,9,first,1,-7,46,completed_square,135
10,18,9,9,9,second,54,27,54,nonnegative_coefficients,54
10,19,2,6,1,first,1,2,43,nonnegative_coefficients,43
10,19,2,6,1,second,33,192,301,nonnegative_coefficients,301
10,19,2,7,10,first,1,-1,43,completed_square,171
10,19,2,7,10,second,19,-40,301,completed_square,21276
10,19,4,5,5,first,1,5,43,nonnegative_coefficients,43
10,19,4,5,5,second,10,28,241,nonnegative_coefficients,241
10,19,4,7,5,first,1,-1,43,completed_square,171
10,19,4,7,5,second,34,104,241,nonnegative_coefficients,241
10,19,5,5,4,first,1,5,43,nonnegative_coefficients,43
10,19,5,5,4,second,13,55,211,nonnegative_coefficients,211
10,19,6,4,3,first,1,8,43,nonnegative_coefficients,43
10,19,6,4,3,second,7,44,181,nonnegative_coefficients,181
10,19,6,4,4,first,1,8,43,nonnegative_coefficients,43
10,19,6,4,4,second,4,14,181,nonnegative_coefficients,181
10,19,6,5,3,first,1,5,43,nonnegative_coefficients,43
10,19,6,5,3,second,16,82,181,nonnegative_coefficients,181
10,19,6,5,4,first,1,5,43,nonnegative_coefficients,43
10,19,6,5,4,second,13,52,181,nonnegative_coefficients,181
10,19,6,6,3,first,1,2,43,nonnegative_coefficients,43
10,19,6,6,3,second,27,120,181,nonnegative_coefficients,181
10,19,6,6,4,first,1,2,43,nonnegative_coefficients,43
10,19,6,6,4,second,24,90,181,nonnegative_coefficients,181
10,19,6,6,5,first,1,2,43,nonnegative_coefficients,43
10,19,6,6,5,second,21,60,181,nonnegative_coefficients,181
10,19,6,6,6,first,1,2,43,nonnegative_coefficients,43
10,19,6,6,6,second,18,30,181,nonnegative_coefficients,181
10,19,6,7,5,first,1,-1,43,completed_square,171
10,19,6,7,5,second,34,98,181,nonnegative_coefficients,181
10,19,6,7,6,first,1,-1,43,completed_square,171
10,19,6,7,6,second,31,68,181,nonnegative_coefficients,181
10,19,6,7,7,first,1,-1,43,completed_square,171
10,19,6,7,7,second,28,38,181,nonnegative_coefficients,181
10,19,6,8,8,first,1,-4,43,completed_square,156
10,19,6,8,8,second,40,46,181,nonnegative_coefficients,181
10,19,6,8,9,first,1,-4,43,completed_square,156
10,19,6,8,9,second,37,16,181,nonnegative_coefficients,181
10,19,7,5,4,first,1,5,43,nonnegative_coefficients,43
10,19,7,5,4,second,13,49,151,nonnegative_coefficients,151
10,19,7,6,6,first,1,2,43,nonnegative_coefficients,43
10,19,7,6,6,second,18,27,151,nonnegative_coefficients,151
10,19,7,7,5,first,1,-1,43,completed_square,171
10,19,7,7,5,second,34,95,151,nonnegative_coefficients,151
10,19,7,8,6,first,1,-4,43,completed_square,156
10,19,7,8,6,second,46,103,151,nonnegative_coefficients,151
10,19,7,8,7,first,1,-4,43,completed_square,156
10,19,7,8,7,second,43,73,151,nonnegative_coefficients,151
10,19,7,9,11,first,1,-7,43,completed_square,123
10,19,7,9,11,second,48,-9,151,completed_square,28911
10,19,8,6,6,first,1,2,43,nonnegative_coefficients,43
10,19,8,6,6,second,18,24,121,nonnegative_coefficients,121
10,19,8,8,6,first,1,-4,43,completed_square,156
10,19,8,8,6,second,46,100,121,nonnegative_coefficients,121
10,19,8,8,7,first,1,-4,43,completed_square,156
10,19,8,8,7,second,43,70,121,nonnegative_coefficients,121
10,19,10,9,10,first,1,-7,43,completed_square,123
10,19,10,9,10,second,51,12,61,nonnegative_coefficients,61
10,20,4,5,6,first,1,5,40,nonnegative_coefficients,40
10,20,4,5,6,second,7,8,280,nonnegative_coefficients,280
10,20,4,6,8,first,1,2,40,nonnegative_coefficients,40
10,20,4,6,8,second,12,-12,280,completed_square,13296
10,20,4,7,2,first,1,-1,40,completed_square,159
10,20,4,7,2,second,43,208,280,nonnegative_coefficients,280
10,20,4,7,8,first,1,-1,40,completed_square,159
10,20,4,7,8,second,25,28,280,nonnegative_coefficients,280
10,20,4,7,10,first,1,-1,40,completed_square,159
10,20,4,7,10,second,19,-32,280,completed_square,20256
10,20,5,5,4,first,1,5,40,nonnegative_coefficients,40
10,20,5,5,4,second,13,65,250,nonnegative_coefficients,250
10,20,5,6,7,first,1,2,40,nonnegative_coefficients,40
10,20,5,6,7,second,15,15,250,nonnegative_coefficients,250
10,20,5,7,7,first,1,-1,40,completed_square,159
10,20,5,7,7,second,28,55,250,nonnegative_coefficients,250
10,20,5,8,9,first,1,-4,40,completed_square,144
10,20,5,8,9,second,37,35,250,nonnegative_coefficients,250
10,20,6,6,4,first,1,2,40,nonnegative_coefficients,40
10,20,6,6,4,second,24,102,220,nonnegative_coefficients,220
10,20,6,6,5,first,1,2,40,nonnegative_coefficients,40
10,20,6,6,5,second,21,72,220,nonnegative_coefficients,220
10,20,6,6,6,first,1,2,40,nonnegative_coefficients,40
10,20,6,6,6,second,18,42,220,nonnegative_coefficients,220
10,20,6,6,7,first,1,2,40,nonnegative_coefficients,40
10,20,6,6,7,second,15,12,220,nonnegative_coefficients,220
10,20,7,5,5,first,1,5,40,nonnegative_coefficients,40
10,20,7,5,5,second,10,29,190,nonnegative_coefficients,190
10,20,7,6,4,first,1,2,40,nonnegative_coefficients,40
10,20,7,6,4,second,24,99,190,nonnegative_coefficients,190
10,20,7,6,5,first,1,2,40,nonnegative_coefficients,40
10,20,7,6,5,second,21,69,190,nonnegative_coefficients,190
10,20,7,7,6,first,1,-1,40,completed_square,159
10,20,7,7,6,second,31,79,190,nonnegative_coefficients,190
10,20,7,7,7,first,1,-1,40,completed_square,159
10,20,7,7,7,second,28,49,190,nonnegative_coefficients,190
10,20,8,4,4,first,1,8,40,nonnegative_coefficients,40
10,20,8,4,4,second,4,16,160,nonnegative_coefficients,160
10,20,8,5,5,first,1,5,40,nonnegative_coefficients,40
10,20,8,5,5,second,10,26,160,nonnegative_coefficients,160
10,20,8,6,5,first,1,2,40,nonnegative_coefficients,40
10,20,8,6,5,second,21,66,160,nonnegative_coefficients,160
10,20,8,7,6,first,1,-1,40,completed_square,159
10,20,8,7,6,second,31,76,160,nonnegative_coefficients,160
10,20,8,8,6,first,1,-4,40,completed_square,144
10,20,8,8,6,second,46,116,160,nonnegative_coefficients,160
10,20,9,8,7,first,1,-4,40,completed_square,144
10,20,9,8,7,second,43,83,130,nonnegative_coefficients,130
10,20,9,8,8,first,1,-4,40,completed_square,144
10,20,9,8,8,second,40,53,130,nonnegative_coefficients,130
10,21,2,6,8,first,1,2,37,nonnegative_coefficients,37
10,21,2,6,8,second,12,6,381,nonnegative_coefficients,381
10,21,2,8,12,first,1,-4,37,completed_square,132
10,21,2,8,12,second,28,-30,381,completed_square,41772
10,21,5,5,6,first,1,5,37,nonnegative_coefficients,37
10,21,5,5,6,second,7,15,291,nonnegative_coefficients,291
10,21,6,5,6,first,1,5,37,nonnegative_coefficients,37
10,21,6,5,6,second,7,12,261,nonnegative_coefficients,261
10,21,6,6,8,first,1,2,37,nonnegative_coefficients,37
10,21,6,6,8,second,12,-6,261,completed_square,12492
10,21,6,7,3,first,1,-1,37,completed_square,147
10,21,6,7,3,second,40,186,261,nonnegative_coefficients,261
10,21,6,7,6,first,1,-1,37,completed_square,147
10,21,6,7,6,second,31,96,261,nonnegative_coefficients,261
10,21,7,5,6,first,1,5,37,nonnegative_coefficients,37
10,21,7,5,6,second,7,9,231,nonnegative_coefficients,231
10,21,7,6,7,first,1,2,37,nonnegative_coefficients,37
10,21,7,6,7,second,15,21,231,nonnegative_coefficients,231
10,21,7,7,5,first,1,-1,37,completed_square,147
10,21,7,7,5,second,34,123,231,nonnegative_coefficients,231
10,21,7,7,6,first,1,-1,37,completed_square,147
10,21,7,7,6,second,31,93,231,nonnegative_coefficients,231
10,21,7,8,8,first,1,-4,37,completed_square,132
10,21,7,8,8,second,40,75,231,nonnegative_coefficients,231
10,21,8,5,5,first,1,5,37,nonnegative_coefficients,37
10,21,8,5,5,second,10,36,201,nonnegative_coefficients,201
10,21,8,6,5,first,1,2,37,nonnegative_coefficients,37
10,21,8,6,5,second,21,78,201,nonnegative_coefficients,201
10,21,8,6,8,first,1,2,37,nonnegative_coefficients,37
10,21,8,6,8,second,12,-12,201,completed_square,9504
10,21,8,7,7,first,1,-1,37,completed_square,147
10,21,8,7,7,second,28,60,201,nonnegative_coefficients,201
10,21,8,8,6,first,1,-4,37,completed_square,132
10,21,8,8,6,second,46,132,201,nonnegative_coefficients,201
10,21,8,8,7,first,1,-4,37,completed_square,132
10,21,8,8,7,second,43,102,201,nonnegative_coefficients,201
10,21,10,8,5,first,1,-4,37,completed_square,132
10,21,10,8,5,second,49,156,141,nonnegative_coefficients,141
10,22,6,6,8,first,1,2,34,nonnegative_coefficients,34
10,22,6,6,8,second,12,6,304,nonnegative_coefficients,304
10,22,6,7,5,first,1,-1,34,completed_square,135
10,22,6,7,5,second,34,140,304,nonnegative_coefficients,304
10,22,6,8,9,first,1,-4,34,completed_square,120
10,22,6,8,9,second,37,64,304,nonnegative_coefficients,304
10,22,8,5,6,first,1,5,34,nonnegative_coefficients,34
10,22,8,5,6,second,7,16,244,nonnegative_coefficients,244
10,22,8,6,4,first,1,2,34,nonnegative_coefficients,34
10,22,8,6,4,second,24,120,244,nonnegative_coefficients,244
10,22,8,7,7,first,1,-1,34,completed_square,135
10,22,8,7,7,second,28,74,244,nonnegative_coefficients,244
10,22,9,7,8,first,1,-1,34,completed_square,135
10,22,9,7,8,second,25,41,214,nonnegative_coefficients,214
10,22,10,6,8,first,1,2,34,nonnegative_coefficients,34
10,22,10,6,8,second,12,-6,184,completed_square,8796
10,22,10,7,8,first,1,-1,34,completed_square,135
10,22,10,7,8,second,25,38,184,nonnegative_coefficients,184
10,22,10,8,7,first,1,-4,34,completed_square,120
10,22,10,8,7,second,43,112,184,nonnegative_coefficients,184
10,22,12,6,8,first,1,2,34,nonnegative_coefficients,34
10,22,12,6,8,second,12,-12,124,completed_square,5808
10,23,6,6,9,first,1,2,31,nonnegative_coefficients,31
10,23,6,6,9,second,9,-12,349,completed_square,12420
10,23,6,7,12,first,1,-1,31,completed_square,123
10,23,6,7,12,second,13,-56,349,completed_square,15012
10,23,8,6,6,first,1,2,31,nonnegative_coefficients,31
10,23,8,6,6,second,18,72,289,nonnegative_coefficients,289
10,23,8,7,10,first,1,-1,31,completed_square,123
10,23,8,7,10,second,19,-2,289,completed_square,21960
10,23,10,6,7,first,1,2,31,nonnegative_coefficients,31
10,23,10,6,7,second,15,36,229,nonnegative_coefficients,229
10,23,14,6,8,first,1,2,31,nonnegative_coefficients,31
10,23,14,6,8,second,12,-6,109,completed_square,5196
10,24,0,8,12,first,1,-4,28,completed_square,96
10,24,0,8,12,second,28,24,576,nonnegative_coefficients,576
10,24,0,10,24,first,1,-10,28,completed_square,12
10,24,0,10,24,second,28,-240,576,completed_square,6912
10,24,7,7,12,first,1,-1,28,completed_square,111
10,24,7,7,12,second,13,-45,366,completed_square,17007
10,24,9,6,9,first,1,2,28,nonnegative_coefficients,28
10,24,9,6,9,second,9,-9,306,completed_square,10935
10,24,9,7,12,first,1,-1,28,completed_square,111
10,24,9,7,12,second,13,-51,306,completed_square,13311
10,24,10,7,8,first,1,-1,28,completed_square,111
10,24,10,7,8,second,25,66,276,nonnegative_coefficients,276
10,24,16,8,12,first,1,-4,28,completed_square,96
10,24,16,8,12,second,28,-24,96,completed_square,10176
10,25,4,8,16,first,1,-4,25,completed_square,84
10,25,4,8,16,second,16,-92,505,completed_square,23856
10,25,6,7,6,first,1,-1,25,completed_square,99
10,25,6,7,6,second,31,152,445,nonnegative_coefficients,445
10,25,6,8,12,first,1,-4,25,completed_square,84
10,25,6,8,12,second,28,22,445,nonnegative_coefficients,445
10,25,6,9,18,first,1,-7,25,completed_square,51
10,25,6,9,18,second,27,-108,445,completed_square,36396
10,25,8,6,8,first,1,2,25,nonnegative_coefficients,25
10,25,8,6,8,second,12,36,385,nonnegative_coefficients,385
10,26,8,7,12,first,1,-1,22,completed_square,87
10,26,8,7,12,second,13,-20,436,completed_square,22272
10,26,10,7,12,first,1,-1,22,completed_square,87
10,26,10,7,12,second,13,-26,376,completed_square,18876
10,26,12,6,8,first,1,2,22,nonnegative_coefficients,22
10,26,12,6,8,second,12,36,316,nonnegative_coefficients,316
10,26,12,7,10,first,1,-1,22,completed_square,87
10,26,12,7,10,second,19,28,316,nonnegative_coefficients,316
10,28,16,8,16,first,1,-4,16,completed_square,48
10,28,16,8,16,second,16,-80,304,completed_square,13056
11,10,0,5,0,actual_degree2,1,2,81,nonnegative_coefficients,81
11,10,0,5,0,first,1,7,91,nonnegative_coefficients,91
11,10,0,5,0,second,25,100,100,nonnegative_coefficients,100
11,10,0,9,6,first,1,-5,91,completed_square,339
11,10,0,9,6,second,63,-18,100,completed_square,24876
11,11,0,7,2,first,1,1,88,nonnegative_coefficients,88
11,11,0,7,2,second,43,88,121,nonnegative_coefficients,121
11,11,0,7,3,first,1,1,88,nonnegative_coefficients,88
11,11,0,7,3,second,40,55,121,nonnegative_coefficients,121
11,11,0,11,11,first,1,-11,88,completed_square,231
11,11,0,11,11,second,88,-121,121,completed_square,27951
11,12,1,7,3,first,1,1,85,nonnegative_coefficients,85
11,12,1,7,3,second,40,66,111,nonnegative_coefficients,111
11,12,1,8,3,first,1,-2,85,completed_square,336
11,12,1,8,3,second,55,90,111,nonnegative_coefficients,111
11,12,1,8,5,first,1,-2,85,completed_square,336
11,12,1,8,5,second,49,24,111,nonnegative_coefficients,111
11,12,1,9,7,first,1,-5,85,completed_square,315
11,12,1,9,7,second,60,-18,111,completed_square,26316
11,13,0,7,3,first,1,1,82,nonnegative_coefficients,82
11,13,0,7,3,second,40,83,169,nonnegative_coefficients,169
11,13,0,11,13,first,1,-11,82,completed_square,207
11,13,0,11,13,second,82,-143,169,completed_square,34983
11,13,1,6,1,first,1,4,82,nonnegative_coefficients,82
11,13,1,6,1,second,33,120,136,nonnegative_coefficients,136
11,13,1,8,6,first,1,-2,82,completed_square,324
11,13,1,8,6,second,46,7,136,nonnegative_coefficients,136
11,13,1,10,7,first,1,-8,82,completed_square,264
11,13,1,10,7,second,79,26,136,nonnegative_coefficients,136
11,14,1,6,3,first,1,4,79,nonnegative_coefficients,79
11,14,1,6,3,second,27,66,163,nonnegative_coefficients,163
11,14,1,8,6,first,1,-2,79,completed_square,312
11,14,1,8,6,second,46,23,163,nonnegative_coefficients,163
11,14,1,9,7,first,1,-5,79,completed_square,291
11,14,1,9,7,second,60,18,163,nonnegative_coefficients,163
11,14,2,7,2,first,1,1,79,nonnegative_coefficients,79
11,14,2,7,2,second,43,124,130,nonnegative_coefficients,130
11,14,2,7,5,first,1,1,79,nonnegative_coefficients,79
11,14,2,7,5,second,34,25,130,nonnegative_coefficients,130
11,14,2,8,6,first,1,-2,79,completed_square,312
11,14,2,8,6,second,46,20,130,nonnegative_coefficients,130
11,14,2,10,7,first,1,-8,79,completed_square,252
11,14,2,10,7,second,79,43,130,nonnegative_coefficients,130
11,14,3,8,3,first,1,-2,79,completed_square,312
11,14,3,8,3,second,55,116,97,nonnegative_coefficients,97
11,14,3,10,6,first,1,-8,79,completed_square,252
11,14,3,10,6,second,82,73,97,nonnegative_coefficients,97
11,15,0,6,0,actual_degree2,1,-2,61,completed_square,240
11,15,0,6,0,first,1,4,76,nonnegative_coefficients,76
11,15,0,6,0,second,36,180,225,nonnegative_coefficients,225
11,15,0,10,9,first,1,-8,76,completed_square,240
11,15,0,10,9,second,73,3,225,nonnegative_coefficients,225
11,15,0,11,15,first,1,-11,76,completed_square,183
11,15,0,11,15,second,76,-165,225,completed_square,41175
11,15,1,6,3,first,1,4,76,nonnegative_coefficients,76
11,15,1,6,3,second,27,78,192,nonnegative_coefficients,192
11,15,1,8,3,first,1,-2,76,completed_square,300
11,15,1,8,3,second,55,138,192,nonnegative_coefficients,192
11,15,1,8,7,first,1,-2,76,completed_square,300
11,15,1,8,7,second,43,6,192,nonnegative_coefficients,192
11,16,2,6,2,first,1,4,73,nonnegative_coefficients,73
11,16,2,6,2,second,30,120,190,nonnegative_coefficients,190
11,16,2,6,4,first,1,4,73,nonnegative_coefficients,73
11,16,2,6,4,second,24,54,190,nonnegative_coefficients,190
11,16,2,7,3,first,1,1,73,nonnegative_coefficients,73
11,16,2,7,3,second,40,119,190,nonnegative_coefficients,190
11,16,2,7,5,first,1,1,73,nonnegative_coefficients,73
11,16,2,7,5,second,34,53,190,nonnegative_coefficients,190
11,16,2,8,6,first,1,-2,73,completed_square,288
11,16,2,8,6,second,46,52,190,nonnegative_coefficients,190
11,16,2,9,7,first,1,-5,73,completed_square,267
11,16,2,9,7,second,60,51,190,nonnegative_coefficients,190
11,16,2,9,9,first,1,-5,73,completed_square,267
11,16,2,9,9,second,54,-15,190,completed_square,40815
11,16,2,10,10,first,1,-8,73,completed_square,228
11,16,2,10,10,second,70,-16,190,completed_square,52944
11,16,3,5,2,first,1,7,73,nonnegative_coefficients,73
11,16,3,5,2,second,19,85,157,nonnegative_coefficients,157
11,16,3,6,3,first,1,4,73,nonnegative_coefficients,73
11,16,3,6,3,second,27,84,157,nonnegative_coefficients,157
11,16,3,7,3,first,1,1,73,nonnegative_coefficients,73
11,16,3,7,3,second,40,116,157,nonnegative_coefficients,157
11,16,3,8,6,first,1,-2,73,completed_square,288
11,16,3,8,6,second,46,49,157,nonnegative_coefficients,157
11,16,3,8,7,first,1,-2,73,completed_square,288
11,16,3,8,7,second,43,16,157,nonnegative_coefficients,157
11,16,3,10,9,first,1,-8,73,completed_square,228
11,16,3,10,9,second,73,14,157,nonnegative_coefficients,157
11,17,1,6,1,first,1,4,70,nonnegative_coefficients,70
11,17,1,6,1,second,33,168,256,nonnegative_coefficients,256
11,17,1,7,5,first,1,1,70,nonnegative_coefficients,70
11,17,1,7,5,second,34,70,256,nonnegative_coefficients,256
11,17,1,9,7,first,1,-5,70,completed_square,255
11,17,1,9,7,second,60,72,256,nonnegative_coefficients,256
11,17,1,9,9,first,1,-5,70,completed_square,255
11,17,1,9,9,second,54,6,256,nonnegative_coefficients,256
11,17,1,10,11,first,1,-8,70,completed_square,216
11,17,1,10,11,second,67,-26,256,completed_square,67932
11,17,2,5,1,first,1,7,70,nonnegative_coefficients,70
11,17,2,5,1,second,22,131,223,nonnegative_coefficients,223
11,17,2,7,5,first,1,1,70,nonnegative_coefficients,70
11,17,2,7,5,second,34,67,223,nonnegative_coefficients,223
11,17,2,7,6,first,1,1,70,nonnegative_coefficients,70
11,17,2,7,6,second,31,34,223,nonnegative_coefficients,223
11,17,2,8,7,first,1,-2,70,completed_square,276
11,17,2,8,7,second,43,35,223,nonnegative_coefficients,223
11,17,2,8,8,first,1,-2,70,completed_square,276
11,17,2,8,8,second,40,2,223,nonnegative_coefficients,223
11,17,3,5,3,first,1,7,70,nonnegative_coefficients,70
11,17,3,5,3,second,16,62,190,nonnegative_coefficients,190
11,17,3,6,5,first,1,4,70,nonnegative_coefficients,70
11,17,3,6,5,second,21,30,190,nonnegative_coefficients,190
11,17,3,8,6,first,1,-2,70,completed_square,276
11,17,3,8,6,second,46,65,190,nonnegative_coefficients,190
11,17,7,10,7,first,1,-8,70,completed_square,216
11,17,7,10,7,second,79,88,58,nonnegative_coefficients,58
11,18,2,6,4,first,1,4,67,nonnegative_coefficients,67
11,18,2,6,4,second,24,78,258,nonnegative_coefficients,258
11,18,2,7,6,first,1,1,67,nonnegative_coefficients,67
11,18,2,7,6,second,31,48,258,nonnegative_coefficients,258
11,18,2,9,9,first,1,-5,67,completed_square,243
11,18,2,9,9,second,54,21,258,nonnegative_coefficients,258
11,18,3,6,3,first,1,4,67,nonnegative_coefficients,67
11,18,3,6,3,second,27,108,225,nonnegative_coefficients,225
11,18,3,6,4,first,1,4,67,nonnegative_coefficients,67
11,18,3,6,4,second,24,75,225,nonnegative_coefficients,225
11,18,3,7,5,first,1,1,67,nonnegative_coefficients,67
11,18,3,7,5,second,34,78,225,nonnegative_coefficients,225
11,18,3,7,6,first,1,1,67,nonnegative_coefficients,67
11,18,3,7,6,second,31,45,225,nonnegative_coefficients,225
11,18,3,8,7,first,1,-2,67,completed_square,264
11,18,3,8,7,second,43,48,225,nonnegative_coefficients,225
11,18,3,8,8,first,1,-2,67,completed_square,264
11,18,3,8,8,second,40,15,225,nonnegative_coefficients,225
11,18,3,9,3,first,1,-5,67,completed_square,243
11,18,3,9,3,second,72,216,225,nonnegative_coefficients,225
11,18,3,9,7,first,1,-5,67,completed_square,243
11,18,3,9,7,second,60,84,225,nonnegative_coefficients,225
11,18,3,10,9,first,1,-8,67,completed_square,204
11,18,3,10,9,second,73,54,225,nonnegative_coefficients,225
11,18,4,6,3,first,1,4,67,nonnegative_coefficients,67
11,18,4,6,3,second,27,105,192,nonnegative_coefficients,192
11,18,4,6,5,first,1,4,67,nonnegative_coefficients,67
11,18,4,6,5,second,21,39,192,nonnegative_coefficients,192
11,18,4,7,3,first,1,1,67,nonnegative_coefficients,67
11,18,4,7,3,second,40,141,192,nonnegative_coefficients,192
11,18,4,7,5,first,1,1,67,nonnegative_coefficients,67
11,18,4,7,5,second,34,75,192,nonnegative_coefficients,192
11,18,4,7,6,first,1,1,67,nonnegative_coefficients,67
11,18,4,7,6,second,31,42,192,nonnegative_coefficients,192
11,18,4,8,6,first,1,-2,67,completed_square,264
11,18,4,8,6,second,46,78,192,nonnegative_coefficients,192
11,18,4,9,6,first,1,-5,67,completed_square,243
11,18,4,9,6,second,63,114,192,nonnegative_coefficients,192
11,19,2,5,1,first,1,7,64,nonnegative_coefficients,64
11,19,2,5,1,second,22,151,295,nonnegative_coefficients,295
11,19,2,6,1,first,1,4,64,nonnegative_coefficients,64
11,19,2,6,1,second,33,189,295,nonnegative_coefficients,295
11,19,2,7,6,first,1,1,64,nonnegative_coefficients,64
11,19,2,7,6,second,31,62,295,nonnegative_coefficients,295
11,19,2,9,11,first,1,-5,64,completed_square,231
11,19,2,9,11,second,48,-27,295,completed_square,55911
11,19,3,6,3,first,1,4,64,nonnegative_coefficients,64
11,19,3,6,3,second,27,120,262,nonnegative_coefficients,262
11,19,3,6,4,first,1,4,64,nonnegative_coefficients,64
11,19,3,6,4,second,24,87,262,nonnegative_coefficients,262
11,19,3,6,5,first,1,4,64,nonnegative_coefficients,64
11,19,3,6,5,second,21,54,262,nonnegative_coefficients,262
11,19,3,7,6,first,1,1,64,nonnegative_coefficients,64
11,19,3,7,6,second,31,59,262,nonnegative_coefficients,262
11,19,3,8,8,first,1,-2,64,completed_square,252
11,19,3,8,8,second,40,31,262,nonnegative_coefficients,262
11,19,4,5,2,first,1,7,64,nonnegative_coefficients,64
11,19,4,5,2,second,19,112,229,nonnegative_coefficients,229
11,19,4,5,3,first,1,7,64,nonnegative_coefficients,64
11,19,4,5,3,second,16,79,229,nonnegative_coefficients,229
11,19,4,6,2,first,1,4,64,nonnegative_coefficients,64
11,19,4,6,2,second,30,150,229,nonnegative_coefficients,229
11,19,4,7,3,first,1,1,64,nonnegative_coefficients,64
11,19,4,7,3,second,40,155,229,nonnegative_coefficients,229
11,19,4,7,5,first,1,1,64,nonnegative_coefficients,64
11,19,4,7,5,second,34,89,229,nonnegative_coefficients,229
11,19,4,7,6,first,1,1,64,nonnegative_coefficients,64
11,19,4,7,6,second,31,56,229,nonnegative_coefficients,229
11,19,4,7,7,first,1,1,64,nonnegative_coefficients,64
11,19,4,7,7,second,28,23,229,nonnegative_coefficients,229
11,19,4,8,8,first,1,-2,64,completed_square,252
11,19,4,8,8,second,40,28,229,nonnegative_coefficients,229
11,19,4,9,11,first,1,-5,64,completed_square,231
11,19,4,9,11,second,48,-33,229,completed_square,42879
11,19,5,8,5,first,1,-2,64,completed_square,252
11,19,5,8,5,second,49,124,196,nonnegative_coefficients,196
11,19,5,10,11,first,1,-8,64,completed_square,192
11,19,5,10,11,second,67,2,196,nonnegative_coefficients,196
11,19,6,6,4,first,1,4,64,nonnegative_coefficients,64
11,19,6,6,4,second,24,78,163,nonnegative_coefficients,163
11,19,6,7,5,first,1,1,64,nonnegative_coefficients,64
11,19,6,7,5,second,34,83,163,nonnegative_coefficients,163
11,19,7,8,6,first,1,-2,64,completed_square,252
11,19,7,8,6,second,46,85,130,nonnegative_coefficients,130
11,19,9,7,6,first,1,1,64,nonnegative_coefficients,64
11,19,9,7,6,second,31,41,64,nonnegative_coefficients,64
11,19,9,10,9,first,1,-8,64,completed_square,192
11,19,9,10,9,second,73,56,64,nonnegative_coefficients,64
11,20,0,5,0,actual_degree2,1,2,41,nonnegative_coefficients,41
11,20,0,5,0,first,1,7,61,nonnegative_coefficients,61
11,20,0,5,0,second,25,200,400,nonnegative_coefficients,400
11,20,3,7,8,first,1,1,61,nonnegative_coefficients,61
11,20,3,7,8,second,25,7,301,nonnegative_coefficients,301
11,20,3,8,7,first,1,-2,61,completed_square,240
11,20,3,8,7,second,43,80,301,nonnegative_coefficients,301
11,20,4,5,2,first,1,7,61,nonnegative_coefficients,61
11,20,4,5,2,second,19,122,268,nonnegative_coefficients,268
11,20,4,6,4,first,1,4,61,nonnegative_coefficients,61
11,20,4,6,4,second,24,96,268,nonnegative_coefficients,268
11,20,4,6,5,first,1,4,61,nonnegative_coefficients,61
11,20,4,6,5,second,21,63,268,nonnegative_coefficients,268
11,20,4,7,5,first,1,1,61,nonnegative_coefficients,61
11,20,4,7,5,second,34,103,268,nonnegative_coefficients,268
11,20,4,7,6,first,1,1,61,nonnegative_coefficients,61
11,20,4,7,6,second,31,70,268,nonnegative_coefficients,268
11,20,5,5,3,first,1,7,61,nonnegative_coefficients,61
11,20,5,5,3,second,16,86,235,nonnegative_coefficients,235
11,20,5,6,3,first,1,4,61,nonnegative_coefficients,61
11,20,5,6,3,second,27,126,235,nonnegative_coefficients,235
11,20,5,6,4,first,1,4,61,nonnegative_coefficients,61
11,20,5,6,4,second,24,93,235,nonnegative_coefficients,235
11,20,5,7,5,first,1,1,61,nonnegative_coefficients,61
11,20,5,7,5,second,34,100,235,nonnegative_coefficients,235
11,20,5,7,7,first,1,1,61,nonnegative_coefficients,61
11,20,5,7,7,second,28,34,235,nonnegative_coefficients,235
11,20,6,6,4,first,1,4,61,nonnegative_coefficients,61
11,20,6,6,4,second,24,90,202,nonnegative_coefficients,202
11,20,6,7,5,first,1,1,61,nonnegative_coefficients,61
11,20,6,7,5,second,34,97,202,nonnegative_coefficients,202
11,20,6,7,6,first,1,1,61,nonnegative_coefficients,61
11,20,6,7,6,second,31,64,202,nonnegative_coefficients,202
11,20,6,8,5,first,1,-2,61,completed_square,240
11,20,6,8,5,second,49,137,202,nonnegative_coefficients,202
11,20,6,8,9,first,1,-2,61,completed_square,240
11,20,6,8,9,second,37,5,202,nonnegative_coefficients,202
11,20,7,7,5,first,1,1,61,nonnegative_coefficients,61
11,20,7,7,5,second,34,94,169,nonnegative_coefficients,169
11,20,10,10,10,first,1,-8,61,completed_square,180
11,20,10,10,10,second,70,40,70,nonnegative_coefficients,70
11,21,2,6,6,first,1,4,58,nonnegative_coefficients,58
11,21,2,6,6,second,18,48,375,nonnegative_coefficients,375
11,21,2,7,8,first,1,1,58,nonnegative_coefficients,58
11,21,2,7,8,second,25,24,375,nonnegative_coefficients,375
11,21,2,9,10,first,1,-5,58,completed_square,207
11,21,2,9,10,second,51,42,375,nonnegative_coefficients,375
11,21,3,6,5,first,1,4,58,nonnegative_coefficients,58
11,21,3,6,5,second,21,78,342,nonnegative_coefficients,342
11,21,4,5,2,first,1,7,58,nonnegative_coefficients,58
11,21,4,5,2,second,19,132,309,nonnegative_coefficients,309
11,21,4,5,5,first,1,7,58,nonnegative_coefficients,58
11,21,4,5,5,second,10,33,309,nonnegative_coefficients,309
11,21,4,6,3,first,1,4,58,nonnegative_coefficients,58
11,21,4,6,3,second,27,141,309,nonnegative_coefficients,309
11,21,4,6,6,first,1,4,58,nonnegative_coefficients,58
11,21,4,6,6,second,18,42,309,nonnegative_coefficients,309
11,21,4,8,3,first,1,-2,58,completed_square,228
11,21,4,8,3,second,55,225,309,nonnegative_coefficients,309
11,21,4,8,6,first,1,-2,58,completed_square,228
11,21,4,8,6,second,46,126,309,nonnegative_coefficients,309
11,21,5,6,3,first,1,4,58,nonnegative_coefficients,58
11,21,5,6,3,second,27,138,276,nonnegative_coefficients,276
11,21,5,6,5,first,1,4,58,nonnegative_coefficients,58
11,21,5,6,5,second,21,72,276,nonnegative_coefficients,276
11,21,5,6,6,first,1,4,58,nonnegative_coefficients,58
11,21,5,6,6,second,18,39,276,nonnegative_coefficients,276
11,21,5,8,7,first,1,-2,58,completed_square,228
11,21,5,8,7,second,43,90,276,nonnegative_coefficients,276
11,21,6,5,3,first,1,7,58,nonnegative_coefficients,58
11,21,6,5,3,second,16,93,243,nonnegative_coefficients,243
11,21,6,5,4,first,1,7,58,nonnegative_coefficients,58
11,21,6,5,4,second,13,60,243,nonnegative_coefficients,243
11,21,6,6,4,first,1,4,58,nonnegative_coefficients,58
11,21,6,6,4,second,24,102,243,nonnegative_coefficients,243
11,21,6,6,5,first,1,4,58,nonnegative_coefficients,58
11,21,6,6,5,second,21,69,243,nonnegative_coefficients,243
11,21,6,7,3,first,1,1,58,nonnegative_coefficients,58
11,21,6,7,3,second,40,177,243,nonnegative_coefficients,243
11,21,6,7,5,first,1,1,58,nonnegative_coefficients,58
11,21,6,7,5,second,34,111,243,nonnegative_coefficients,243
11,21,6,7,6,first,1,1,58,nonnegative_coefficients,58
11,21,6,7,6,second,31,78,243,nonnegative_coefficients,243
11,21,6,7,7,first,1,1,58,nonnegative_coefficients,58
11,21,6,7,7,second,28,45,243,nonnegative_coefficients,243
11,21,6,8,8,first,1,-2,58,completed_square,228
11,21,6,8,8,second,40,54,243,nonnegative_coefficients,243
11,21,6,8,9,first,1,-2,58,completed_square,228
11,21,6,8,9,second,37,21,243,nonnegative_coefficients,243
11,21,6,8,12,first,1,-2,58,completed_square,228
11,21,6,8,12,second,28,-78,243,completed_square,21132
11,21,6,9,3,first,1,-5,58,completed_square,207
11,21,6,9,3,second,72,261,243,nonnegative_coefficients,243
11,21,7,5,4,first,1,7,58,nonnegative_coefficients,58
11,21,7,5,4,second,13,57,210,nonnegative_coefficients,210
11,21,7,6,5,first,1,4,58,nonnegative_coefficients,58
11,21,7,6,5,second,21,66,210,nonnegative_coefficients,210
11,21,7,7,6,first,1,1,58,nonnegative_coefficients,58
11,21,7,7,6,second,31,75,210,nonnegative_coefficients,210
11,21,7,8,8,first,1,-2,58,completed_square,228
11,21,7,8,8,second,40,51,210,nonnegative_coefficients,210
11,21,8,7,5,first,1,1,58,nonnegative_coefficients,58
11,21,8,7,5,second,34,105,177,nonnegative_coefficients,177
11,21,8,8,7,first,1,-2,58,completed_square,228
11,21,8,8,7,second,43,81,177,nonnegative_coefficients,177
11,21,8,9,7,first,1,-5,58,completed_square,207
11,21,8,9,7,second,60,123,177,nonnegative_coefficients,177
11,21,11,10,11,first,1,-8,58,completed_square,168
11,21,11,10,11,second,67,24,78,nonnegative_coefficients,78
11,22,6,5,3,first,1,7,55,nonnegative_coefficients,55
11,22,6,5,3,second,16,103,286,nonnegative_coefficients,286
11,22,6,5,4,first,1,7,55,nonnegative_coefficients,55
11,22,6,5,4,second,13,70,286,nonnegative_coefficients,286
11,22,6,6,3,first,1,4,55,nonnegative_coefficients,55
11,22,6,6,3,second,27,147,286,nonnegative_coefficients,286
11,22,6,9,10,first,1,-5,55,completed_square,195
11,22,6,9,10,second,51,48,286,nonnegative_coefficients,286
11,22,6,9,12,first,1,-5,55,completed_square,195
11,22,6,9,12,second,45,-18,286,completed_square,51156
11,22,7,6,4,first,1,4,55,nonnegative_coefficients,55
11,22,7,6,4,second,24,111,253,nonnegative_coefficients,253
11,22,7,6,5,first,1,4,55,nonnegative_coefficients,55
11,22,7,6,5,second,21,78,253,nonnegative_coefficients,253
11,22,7,7,5,first,1,1,55,nonnegative_coefficients,55
11,22,7,7,5,second,34,122,253,nonnegative_coefficients,253
11,22,7,7,7,first,1,1,55,nonnegative_coefficients,55
11,22,7,7,7,second,28,56,253,nonnegative_coefficients,253
11,22,7,8,6,first,1,-2,55,completed_square,216
11,22,7,8,6,second,46,133,253,nonnegative_coefficients,253
11,22,7,8,9,first,1,-2,55,completed_square,216
11,22,7,8,9,second,37,34,253,nonnegative_coefficients,253
11,22,8,7,6,first,1,1,55,nonnegative_coefficients,55
11,22,8,7,6,second,31,86,220,nonnegative_coefficients,220
11,22,8,8,7,first,1,-2,55,completed_square,216
11,22,8,8,7,second,43,97,220,nonnegative_coefficients,220
11,22,8,9,7,first,1,-5,55,completed_square,195
11,22,8,9,7,second,60,141,220,nonnegative_coefficients,220
11,22,9,6,6,first,1,4,55,nonnegative_coefficients,55
11,22,9,6,6,second,18,39,187,nonnegative_coefficients,187
11,22,9,8,7,first,1,-2,55,completed_square,216
11,22,9,8,7,second,43,94,187,nonnegative_coefficients,187
11,22,9,9,7,first,1,-5,55,completed_square,195
11,22,9,9,7,second,60,138,187,nonnegative_coefficients,187
11,23,5,6,7,first,1,4,52,nonnegative_coefficients,52
11,23,5,6,7,second,15,30,364,nonnegative_coefficients,364
11,23,6,5,6,first,1,7,52,nonnegative_coefficients,52
11,23,6,5,6,second,7,14,331,nonnegative_coefficients,331
11,23,6,7,3,first,1,1,52,nonnegative_coefficients,52
11,23,6,7,3,second,40,205,331,nonnegative_coefficients,331
11,23,6,7,10,first,1,1,52,nonnegative_coefficients,52
11,23,6,7,10,second,19,-26,331,completed_square,24480
11,23,7,5,4,first,1,7,52,nonnegative_coefficients,52
11,23,7,5,4,second,13,77,298,nonnegative_coefficients,298
11,23,7,6,5,first,1,4,52,nonnegative_coefficients,52
11,23,7,6,5,second,21,90,298,nonnegative_coefficients,298
11,23,7,9,11,first,1,-5,52,completed_square,183
11,23,7,9,11,second,48,30,298,nonnegative_coefficients,298
11,23,8,6,5,first,1,4,52,nonnegative_coefficients,52
11,23,8,6,5,second,21,87,265,nonnegative_coefficients,265
11,23,8,6,6,first,1,4,52,nonnegative_coefficients,52
11,23,8,6,6,second,18,54,265,nonnegative_coefficients,265
11,23,8,6,7,first,1,4,52,nonnegative_coefficients,52
11,23,8,6,7,second,15,21,265,nonnegative_coefficients,265
11,23,8,7,5,first,1,1,52,nonnegative_coefficients,52
11,23,8,7,5,second,34,133,265,nonnegative_coefficients,265
11,23,8,7,6,first,1,1,52,nonnegative_coefficients,52
11,23,8,7,6,second,31,100,265,nonnegative_coefficients,265
11,23,8,8,6,first,1,-2,52,completed_square,204
11,23,8,8,6,second,46,146,265,nonnegative_coefficients,265
11,23,8,8,9,first,1,-2,52,completed_square,204
11,23,8,8,9,second,37,47,265,nonnegative_coefficients,265
11,23,8,9,10,first,1,-5,52,completed_square,183
11,23,8,9,10,second,51,60,265,nonnegative_coefficients,265
11,23,9,6,6,first,1,4,52,nonnegative_coefficients,52
11,23,9,6,6,second,18,51,232,nonnegative_coefficients,232
11,23,9,7,6,first,1,1,52,nonnegative_coefficients,52
11,23,9,7,6,second,31,97,232,nonnegative_coefficients,232
11,23,9,7,7,first,1,1,52,nonnegative_coefficients,52
11,23,9,7,7,second,28,64,232,nonnegative_coefficients,232
11,23,10,8,8,first,1,-2,52,completed_square,204
11,23,10,8,8,second,40,74,199,nonnegative_coefficients,199
11,23,10,9,7,first,1,-5,52,completed_square,183
11,23,10,9,7,second,60,153,199,nonnegative_coefficients,199
11,23,10,9,9,first,1,-5,52,completed_square,183
11,23,10,9,9,second,54,87,199,nonnegative_coefficients,199
11,23,11,9,9,first,1,-5,52,completed_square,183
11,23,11,9,9,second,54,84,166,nonnegative_coefficients,166
11,24,4,6,8,first,1,4,49,nonnegative_coefficients,49
11,24,4,6,8,second,12,12,444,nonnegative_coefficients,444
11,24,4,8,12,first,1,-2,49,completed_square,192
11,24,4,8,12,second,28,-24,444,completed_square,49152
11,24,7,5,6,first,1,7,49,nonnegative_coefficients,49
11,24,7,5,6,second,7,21,345,nonnegative_coefficients,345
11,24,7,6,7,first,1,4,49,nonnegative_coefficients,49
11,24,7,6,7,second,15,36,345,nonnegative_coefficients,345
11,24,7,8,8,first,1,-2,49,completed_square,192
11,24,7,8,8,second,40,99,345,nonnegative_coefficients,345
11,24,9,6,6,first,1,4,49,nonnegative_coefficients,49
11,24,9,6,6,second,18,63,279,nonnegative_coefficients,279
11,24,9,7,7,first,1,1,49,nonnegative_coefficients,49
11,24,9,7,7,second,28,78,279,nonnegative_coefficients,279
11,24,9,8,9,first,1,-2,49,completed_square,192
11,24,9,8,9,second,37,60,279,nonnegative_coefficients,279
11,24,10,5,5,first,1,7,49,nonnegative_coefficients,49
11,24,10,5,5,second,10,45,246,nonnegative_coefficients,246
11,24,10,7,6,first,1,1,49,nonnegative_coefficients,49
11,24,10,7,6,second,31,108,246,nonnegative_coefficients,246
11,24,10,7,8,first,1,1,49,nonnegative_coefficients,49
11,24,10,7,8,second,25,42,246,nonnegative_coefficients,246
11,24,10,8,9,first,1,-2,49,completed_square,192
11,24,10,8,9,second,37,57,246,nonnegative_coefficients,246
11,24,12,9,10,first,1,-5,49,completed_square,171
11,24,12,9,10,second,51,66,180,nonnegative_coefficients,180
11,25,6,6,8,first,1,4,46,nonnegative_coefficients,46
11,25,6,6,8,second,12,18,427,nonnegative_coefficients,427
11,25,8,6,8,first,1,4,46,nonnegative_coefficients,46
11,25,8,6,8,second,12,12,361,nonnegative_coefficients,361
11,25,8,7,5,first,1,1,46,nonnegative_coefficients,46
11,25,8,7,5,second,34,161,361,nonnegative_coefficients,361
11,25,8,7,10,first,1,1,46,nonnegative_coefficients,46
11,25,8,7,10,second,19,-4,361,completed_square,27420
11,25,8,8,6,first,1,-2,46,completed_square,180
11,25,8,8,6,second,46,178,361,nonnegative_coefficients,361
11,25,8,9,10,first,1,-5,46,completed_square,159
11,25,8,9,10,second,51,96,361,nonnegative_coefficients,361
11,25,10,5,6,first,1,7,46,nonnegative_coefficients,46
11,25,10,5,6,second,7,22,295,nonnegative_coefficients,295
11,25,10,6,7,first,1,4,46,nonnegative_coefficients,46
11,25,10,6,7,second,15,39,295,nonnegative_coefficients,295
11,25,10,7,7,first,1,1,46,nonnegative_coefficients,46
11,25,10,7,7,second,28,89,295,nonnegative_coefficients,295
11,25,10,8,8,first,1,-2,46,completed_square,180
11,25,10,8,8,second,40,106,295,nonnegative_coefficients,295
11,25,11,7,8,first,1,1,46,nonnegative_coefficients,46
11,25,11,7,8,second,25,53,262,nonnegative_coefficients,262
11,25,12,9,9,first,1,-5,46,completed_square,159
11,25,12,9,9,second,54,117,229,nonnegative_coefficients,229
11,26,6,6,8,first,1,4,43,nonnegative_coefficients,43
11,26,6,6,8,second,12,30,478,nonnegative_coefficients,478
11,26,10,6,8,first,1,4,43,nonnegative_coefficients,43
11,26,10,6,8,second,12,18,346,nonnegative_coefficients,346
11,26,10,8,7,first,1,-2,43,completed_square,168
11,26,10,8,7,second,43,155,346,nonnegative_coefficients,346
11,26,10,9,11,first,1,-5,43,completed_square,147
11,26,10,9,11,second,48,75,346,nonnegative_coefficients,346
11,26,12,5,6,first,1,7,43,nonnegative_coefficients,43
11,26,12,5,6,second,7,26,280,nonnegative_coefficients,280
11,26,12,7,6,first,1,1,43,nonnegative_coefficients,43
11,26,12,7,6,second,31,130,280,nonnegative_coefficients,280
11,27,8,7,10,first,1,1,40,nonnegative_coefficients,40
11,27,8,7,10,second,19,24,465,nonnegative_coefficients,465
11,27,9,6,9,first,1,4,40,nonnegative_coefficients,40
11,27,9,6,9,second,9,0,432,nonnegative_coefficients,432
11,27,10,6,8,first,1,4,40,nonnegative_coefficients,40
11,27,10,6,8,second,12,30,399,nonnegative_coefficients,399
11,27,10,8,9,first,1,-2,40,completed_square,156
11,27,10,8,9,second,37,105,399,nonnegative_coefficients,399
11,27,12,7,8,first,1,1,40,nonnegative_coefficients,40
11,27,12,7,8,second,25,78,333,nonnegative_coefficients,333
11,28,7,7,12,first,1,1,37,nonnegative_coefficients,37
11,28,7,7,12,second,13,-25,553,completed_square,28131
11,28,10,7,12,first,1,1,37,nonnegative_coefficients,37
11,28,10,7,12,second,13,-34,454,completed_square,22452
11,29,13,7,12,first,1,1,34,nonnegative_coefficients,34
11,29,13,7,12,second,13,-29,412,completed_square,20583
11,29,14,8,12,first,1,-2,34,completed_square,132
11,29,14,8,12,second,28,26,379,nonnegative_coefficients,379
11,30,8,8,16,first,1,-2,31,completed_square,120
11,30,8,8,16,second,16,-72,636,completed_square,35520
11,31,6,8,12,first,1,-2,28,completed_square,108
11,31,6,8,12,second,28,82,763,nonnegative_coefficients,763
11,31,6,9,18,first,1,-5,28,completed_square,87
11,31,6,9,18,second,27,-54,763,completed_square,79488
11,31,12,8,16,first,1,-2,28,completed_square,108
11,31,12,8,16,second,16,-68,565,completed_square,31536
11,31,14,7,12,first,1,1,28,nonnegative_coefficients,28
11,31,14,7,12,second,13,-4,499,completed_square,25932
11,32,12,8,12,first,1,-2,25,completed_square,96
11,32,12,8,12,second,28,80,628,nonnegative_coefficients,628
11,32,12,10,24,first,1,-8,25,completed_square,36
11,32,12,10,24,second,28,-188,628,completed_square,34992
12,6,0,12,6,first,1,-12,126,completed_square,360
12,6,0,12,6,second,126,-72,36,completed_square,12960
12,9,0,9,3,first,1,-3,117,completed_square,459
12,9,0,9,3,second,72,54,81,nonnegative_coefficients,81
12,9,0,12,9,first,1,-12,117,completed_square,324
12,9,0,12,9,second,117,-108,81,completed_square,26244
12,10,0,10,6,first,1,-6,114,completed_square,420
12,10,0,10,6,second,82,-16,100,completed_square,32544
12,15,0,8,5,first,1,0,99,nonnegative_coefficients,99
12,15,0,8,5,second,49,60,225,nonnegative_coefficients,225
12,15,0,12,15,first,1,-12,99,completed_square,252
12,15,0,12,15,second,99,-180,225,completed_square,56700
12,15,1,7,3,first,1,3,99,nonnegative_coefficients,99
12,15,1,7,3,second,40,99,189,nonnegative_coefficients,189
12,15,1,9,7,first,1,-3,99,completed_square,387
12,15,1,9,7,second,60,15,189,nonnegative_coefficients,189
12,16,1,9,7,first,1,-3,96,completed_square,375
12,16,1,9,7,second,60,33,220,nonnegative_coefficients,220
12,16,1,10,9,first,1,-6,96,completed_square,348
12,16,1,10,9,second,73,-7,220,completed_square,64191
12,17,0,12,17,first,1,-12,93,completed_square,228
12,17,0,12,17,second,93,-204,289,completed_square,65892
12,17,2,8,5,first,1,0,93,nonnegative_coefficients,93
12,17,2,8,5,second,49,86,217,nonnegative_coefficients,217
12,17,2,8,6,first,1,0,93,nonnegative_coefficients,93
12,17,2,8,6,second,46,50,217,nonnegative_coefficients,217
12,17,2,9,7,first,1,-3,93,completed_square,363
12,17,2,9,7,second,60,48,217,nonnegative_coefficients,217
12,17,3,6,3,first,1,6,93,nonnegative_coefficients,93
12,17,3,6,3,second,27,87,181,nonnegative_coefficients,181
12,17,3,9,6,first,1,-3,93,completed_square,363
12,17,3,9,6,second,63,81,181,nonnegative_coefficients,181
12,18,2,7,2,first,1,3,90,nonnegative_coefficients,90
12,18,2,7,2,second,43,174,252,nonnegative_coefficients,252
12,18,2,8,3,first,1,0,90,nonnegative_coefficients,90
12,18,2,8,3,second,55,174,252,nonnegative_coefficients,252
12,18,2,8,6,first,1,0,90,nonnegative_coefficients,90
12,18,2,8,6,second,46,66,252,nonnegative_coefficients,252
12,18,2,8,7,first,1,0,90,nonnegative_coefficients,90
12,18,2,8,7,second,43,30,252,nonnegative_coefficients,252
12,18,2,10,7,first,1,-6,90,completed_square,324
12,18,2,10,7,second,79,102,252,nonnegative_coefficients,252
12,18,2,10,11,first,1,-6,90,completed_square,324
12,18,2,10,11,second,67,-42,252,completed_square,65772
12,18,2,11,11,first,1,-9,90,completed_square,279
12,18,2,11,11,second,88,-6,252,completed_square,88668
12,18,3,7,3,first,1,3,90,nonnegative_coefficients,90
12,18,3,7,3,second,40,135,216,nonnegative_coefficients,216
12,18,3,8,6,first,1,0,90,nonnegative_coefficients,90
12,18,3,8,6,second,46,63,216,nonnegative_coefficients,216
12,18,3,11,11,first,1,-9,90,completed_square,279
12,18,3,11,11,second,88,-9,216,completed_square,75951
12,18,4,8,6,first,1,0,90,nonnegative_coefficients,90
12,18,4,8,6,second,46,60,180,nonnegative_coefficients,180
12,19,2,6,1,first,1,6,87,nonnegative_coefficients,87
12,19,2,6,1,second,33,186,289,nonnegative_coefficients,289
12,19,2,7,5,first,1,3,87,nonnegative_coefficients,87
12,19,2,7,5,second,34,80,289,nonnegative_coefficients,289
12,19,2,8,6,first,1,0,87,nonnegative_coefficients,87
12,19,2,8,6,second,46,82,289,nonnegative_coefficients,289
12,19,2,8,7,first,1,0,87,nonnegative_coefficients,87
12,19,2,8,7,second,43,46,289,nonnegative_coefficients,289
12,19,2,9,10,first,1,-3,87,completed_square,339
12,19,2,9,10,second,51,-24,289,completed_square,58380
12,19,2,10,10,first,1,-6,87,completed_square,312
12,19,2,10,10,second,70,14,289,nonnegative_coefficients,289
12,19,4,7,3,first,1,3,87,nonnegative_coefficients,87
12,19,4,7,3,second,40,146,217,nonnegative_coefficients,217
12,19,4,8,6,first,1,0,87,nonnegative_coefficients,87
12,19,4,8,6,second,46,76,217,nonnegative_coefficients,217
12,19,4,9,7,first,1,-3,87,completed_square,339
12,19,4,9,7,second,60,78,217,nonnegative_coefficients,217
12,20,3,7,3,first,1,3,84,nonnegative_coefficients,84
12,20,3,7,3,second,40,163,292,nonnegative_coefficients,292
12,20,3,7,5,first,1,3,84,nonnegative_coefficients,84
12,20,3,7,5,second,34,91,292,nonnegative_coefficients,292
12,20,3,7,6,first,1,3,84,nonnegative_coefficients,84
12,20,3,7,6,second,31,55,292,nonnegative_coefficients,292
12,20,3,8,6,first,1,0,84,nonnegative_coefficients,84
12,20,3,8,6,second,46,95,292,nonnegative_coefficients,292
12,20,3,8,7,first,1,0,84,nonnegative_coefficients,84
12,20,3,8,7,second,43,59,292,nonnegative_coefficients,292
12,20,3,9,7,first,1,-3,84,completed_square,327
12,20,3,9,7,second,60,99,292,nonnegative_coefficients,292
12,20,3,9,9,first,1,-3,84,completed_square,327
12,20,3,9,9,second,54,27,292,nonnegative_coefficients,292
12,20,3,9,10,first,1,-3,84,completed_square,327
12,20,3,9,10,second,51,-9,292,completed_square,59487
12,20,3,10,9,first,1,-6,84,completed_square,300
12,20,3,10,9,second,73,67,292,nonnegative_coefficients,292
12,20,3,11,13,first,1,-9,84,completed_square,255
12,20,3,11,13,second,82,-37,292,completed_square,94407
12,20,4,6,3,first,1,6,84,nonnegative_coefficients,84
12,20,4,6,3,second,27,120,256,nonnegative_coefficients,256
12,20,4,7,5,first,1,3,84,nonnegative_coefficients,84
12,20,4,7,5,second,34,88,256,nonnegative_coefficients,256
12,20,4,8,3,first,1,0,84,nonnegative_coefficients,84
12,20,4,8,3,second,55,200,256,nonnegative_coefficients,256
12,20,4,10,6,first,1,-6,84,completed_square,300
12,20,4,10,6,second,82,172,256,nonnegative_coefficients,256
12,20,6,8,5,first,1,0,84,nonnegative_coefficients,84
12,20,6,8,5,second,49,122,184,nonnegative_coefficients,184
12,21,0,6,0,actual_degree2,1,0,60,nonnegative_coefficients,60
12,21,0,6,0,first,1,6,81,nonnegative_coefficients,81
12,21,0,6,0,second,36,252,441,nonnegative_coefficients,441
12,21,0,11,15,first,1,-9,81,completed_square,243
12,21,0,11,15,second,76,-78,441,completed_square,127980
12,21,1,10,11,first,1,-6,81,completed_square,288
12,21,1,10,11,second,67,21,405,nonnegative_coefficients,405
12,21,3,7,3,first,1,3,81,nonnegative_coefficients,81
12,21,3,7,3,second,40,177,333,nonnegative_coefficients,333
12,21,3,7,5,first,1,3,81,nonnegative_coefficients,81
12,21,3,7,5,second,34,105,333,nonnegative_coefficients,333
12,21,3,7,6,first,1,3,81,nonnegative_coefficients,81
12,21,3,7,6,second,31,69,333,nonnegative_coefficients,333
12,21,3,8,8,first,1,0,81,nonnegative_coefficients,81
12,21,3,8,8,second,40,39,333,nonnegative_coefficients,333
12,21,4,6,3,first,1,6,81,nonnegative_coefficients,81
12,21,4,6,3,second,27,132,297,nonnegative_coefficients,297
12,21,4,7,2,first,1,3,81,nonnegative_coefficients,81
12,21,4,7,2,second,43,210,297,nonnegative_coefficients,297
12,21,4,7,6,first,1,3,81,nonnegative_coefficients,81
12,21,4,7,6,second,31,66,297,nonnegative_coefficients,297
12,21,4,8,9,first,1,0,81,nonnegative_coefficients,81
12,21,4,8,9,second,37,0,297,nonnegative_coefficients,297
12,21,4,9,6,first,1,-3,81,completed_square,315
12,21,4,9,6,second,63,150,297,nonnegative_coefficients,297
12,21,4,9,10,first,1,-3,81,completed_square,315
12,21,4,9,10,second,51,6,297,nonnegative_coefficients,297
12,21,7,7,5,first,1,3,81,nonnegative_coefficients,81
12,21,7,7,5,second,34,93,189,nonnegative_coefficients,189
12,21,7,8,6,first,1,0,81,nonnegative_coefficients,81
12,21,7,8,6,second,46,99,189,nonnegative_coefficients,189
12,21,8,9,7,first,1,-3,81,completed_square,315
12,21,8,9,7,second,60,102,153,nonnegative_coefficients,153
12,22,3,7,5,first,1,3,78,nonnegative_coefficients,78
12,22,3,7,5,second,34,119,376,nonnegative_coefficients,376
12,22,3,10,11,first,1,-6,78,completed_square,276
12,22,3,10,11,second,67,35,376,nonnegative_coefficients,376
12,22,4,6,2,first,1,6,78,nonnegative_coefficients,78
12,22,4,6,2,second,30,180,340,nonnegative_coefficients,340
12,22,4,6,5,first,1,6,78,nonnegative_coefficients,78
12,22,4,6,5,second,21,72,340,nonnegative_coefficients,340
12,22,4,7,5,first,1,3,78,nonnegative_coefficients,78
12,22,4,7,5,second,34,116,340,nonnegative_coefficients,340
12,22,4,7,6,first,1,3,78,nonnegative_coefficients,78
12,22,4,7,6,second,31,80,340,nonnegative_coefficients,340
12,22,4,8,6,first,1,0,78,nonnegative_coefficients,78
12,22,4,8,6,second,46,124,340,nonnegative_coefficients,340
12,22,4,8,8,first,1,0,78,nonnegative_coefficients,78
12,22,4,8,8,second,40,52,340,nonnegative_coefficients,340
12,22,6,6,4,first,1,6,78,nonnegative_coefficients,78
12,22,6,6,4,second,24,102,268,nonnegative_coefficients,268
12,22,6,7,6,first,1,3,78,nonnegative_coefficients,78
12,22,6,7,6,second,31,74,268,nonnegative_coefficients,268
12,22,6,8,6,first,1,0,78,nonnegative_coefficients,78
12,22,6,8,6,second,46,118,268,nonnegative_coefficients,268
12,22,7,8,6,first,1,0,78,nonnegative_coefficients,78
12,22,7,8,6,second,46,115,232,nonnegative_coefficients,232
12,22,8,8,6,first,1,0,78,nonnegative_coefficients,78
12,22,8,8,6,second,46,112,196,nonnegative_coefficients,196
12,22,11,11,11,first,1,-9,78,completed_square,231
12,22,11,11,11,second,88,55,88,nonnegative_coefficients,88
12,23,2,6,1,first,1,6,75,nonnegative_coefficients,75
12,23,2,6,1,second,33,234,457,nonnegative_coefficients,457
12,23,4,7,6,first,1,3,75,nonnegative_coefficients,75
12,23,4,7,6,second,31,94,385,nonnegative_coefficients,385
12,23,4,8,3,first,1,0,75,nonnegative_coefficients,75
12,23,4,8,3,second,55,248,385,nonnegative_coefficients,385
12,23,5,7,3,first,1,3,75,nonnegative_coefficients,75
12,23,5,7,3,second,40,199,349,nonnegative_coefficients,349
12,23,5,7,7,first,1,3,75,nonnegative_coefficients,75
12,23,5,7,7,second,28,55,349,nonnegative_coefficients,349
12,23,5,7,8,first,1,3,75,nonnegative_coefficients,75
12,23,5,7,8,second,25,19,349,nonnegative_coefficients,349
12,23,5,9,9,first,1,-3,75,completed_square,291
12,23,5,9,9,second,54,75,349,nonnegative_coefficients,349
12,23,6,6,5,first,1,6,75,nonnegative_coefficients,75
12,23,6,6,5,second,21,78,313,nonnegative_coefficients,313
12,23,6,7,3,first,1,3,75,nonnegative_coefficients,75
12,23,6,7,3,second,40,196,313,nonnegative_coefficients,313
12,23,6,8,6,first,1,0,75,nonnegative_coefficients,75
12,23,6,8,6,second,46,134,313,nonnegative_coefficients,313
12,23,6,9,11,first,1,-3,75,completed_square,291
12,23,6,9,11,second,48,0,313,nonnegative_coefficients,313
12,23,7,7,5,first,1,3,75,nonnegative_coefficients,75
12,23,7,7,5,second,34,121,277,nonnegative_coefficients,277
12,23,7,8,8,first,1,0,75,nonnegative_coefficients,75
12,23,7,8,8,second,40,59,277,nonnegative_coefficients,277
12,23,8,6,5,first,1,6,75,nonnegative_coefficients,75
12,23,8,6,5,second,21,72,241,nonnegative_coefficients,241
12,23,8,8,7,first,1,0,75,nonnegative_coefficients,75
12,23,8,8,7,second,43,92,241,nonnegative_coefficients,241
12,23,8,9,7,first,1,-3,75,completed_square,291
12,23,8,9,7,second,60,138,241,nonnegative_coefficients,241
12,23,8,10,7,first,1,-6,75,completed_square,264
12,23,8,10,7,second,79,184,241,nonnegative_coefficients,241
12,24,3,7,6,first,1,3,72,nonnegative_coefficients,72
12,24,3,7,6,second,31,111,468,nonnegative_coefficients,468
12,24,3,10,9,first,1,-6,72,completed_square,252
12,24,3,10,9,second,73,147,468,nonnegative_coefficients,468
12,24,4,6,6,first,1,6,72,nonnegative_coefficients,72
12,24,4,6,6,second,18,60,432,nonnegative_coefficients,432
12,24,6,6,3,first,1,6,72,nonnegative_coefficients,72
12,24,6,6,3,second,27,162,360,nonnegative_coefficients,360
12,24,6,6,4,first,1,6,72,nonnegative_coefficients,72
12,24,6,6,4,second,24,126,360,nonnegative_coefficients,360
12,24,6,7,5,first,1,3,72,nonnegative_coefficients,72
12,24,6,7,5,second,34,138,360,nonnegative_coefficients,360
12,24,6,8,9,first,1,0,72,nonnegative_coefficients,72
12,24,6,8,9,second,37,42,360,nonnegative_coefficients,360
12,24,7,6,4,first,1,6,72,nonnegative_coefficients,72
12,24,7,6,4,second,24,123,324,nonnegative_coefficients,324
12,24,7,7,5,first,1,3,72,nonnegative_coefficients,72
12,24,7,7,5,second,34,135,324,nonnegative_coefficients,324
12,24,7,8,8,first,1,0,72,nonnegative_coefficients,72
12,24,7,8,8,second,40,75,324,nonnegative_coefficients,324
12,24,8,7,6,first,1,3,72,nonnegative_coefficients,72
12,24,8,7,6,second,31,96,288,nonnegative_coefficients,288
12,24,8,8,6,first,1,0,72,nonnegative_coefficients,72
12,24,8,8,6,second,46,144,288,nonnegative_coefficients,288
12,24,9,10,7,first,1,-6,72,completed_square,252
12,24,9,10,7,second,79,201,252,nonnegative_coefficients,252
12,24,10,8,7,first,1,0,72,nonnegative_coefficients,72
12,24,10,8,7,second,43,102,216,nonnegative_coefficients,216
12,24,13,11,13,first,1,-9,72,completed_square,207
12,24,13,11,13,second,82,21,108,nonnegative_coefficients,108
12,25,6,6,3,first,1,6,69,nonnegative_coefficients,69
12,25,6,6,3,second,27,174,409,nonnegative_coefficients,409
12,25,6,7,6,first,1,3,69,nonnegative_coefficients,69
12,25,6,7,6,second,31,116,409,nonnegative_coefficients,409
12,25,7,6,4,first,1,6,69,nonnegative_coefficients,69
12,25,7,6,4,second,24,135,373,nonnegative_coefficients,373
12,25,7,7,5,first,1,3,69,nonnegative_coefficients,69
12,25,7,7,5,second,34,149,373,nonnegative_coefficients,373
12,25,7,7,7,first,1,3,69,nonnegative_coefficients,69
12,25,7,7,7,second,28,77,373,nonnegative_coefficients,373
12,25,7,8,8,first,1,0,69,nonnegative_coefficients,69
12,25,7,8,8,second,40,91,373,nonnegative_coefficients,373
12,25,8,6,5,first,1,6,69,nonnegative_coefficients,69
12,25,8,6,5,second,21,96,337,nonnegative_coefficients,337
12,25,8,7,5,first,1,3,69,nonnegative_coefficients,69
12,25,8,7,5,second,34,146,337,nonnegative_coefficients,337
12,25,8,7,6,first,1,3,69,nonnegative_coefficients,69
12,25,8,7,6,second,31,110,337,nonnegative_coefficients,337
12,25,8,7,7,first,1,3,69,nonnegative_coefficients,69
12,25,8,7,7,second,28,74,337,nonnegative_coefficients,337
12,25,8,9,11,first,1,-3,69,completed_square,267
12,25,8,9,11,second,48,30,337,nonnegative_coefficients,337
12,25,9,7,6,first,1,3,69,nonnegative_coefficients,69
12,25,9,7,6,second,31,107,301,nonnegative_coefficients,301
12,25,9,8,6,first,1,0,69,nonnegative_coefficients,69
12,25,9,8,6,second,46,157,301,nonnegative_coefficients,301
12,25,9,8,7,first,1,0,69,nonnegative_coefficients,69
12,25,9,8,7,second,43,121,301,nonnegative_coefficients,301
12,25,9,8,9,first,1,0,69,nonnegative_coefficients,69
12,25,9,8,9,second,37,49,301,nonnegative_coefficients,301
12,25,9,9,7,first,1,-3,69,completed_square,267
12,25,9,9,7,second,60,171,301,nonnegative_coefficients,301
12,25,9,10,9,first,1,-6,69,completed_square,240
12,25,9,10,9,second,73,149,301,nonnegative_coefficients,301
12,25,9,11,15,first,1,-9,69,completed_square,195
12,25,9,11,15,second,76,-17,301,completed_square,91215
12,25,11,9,9,first,1,-3,69,completed_square,267
12,25,11,9,9,second,54,93,229,nonnegative_coefficients,229
12,26,4,7,8,first,1,3,66,nonnegative_coefficients,66
12,26,4,7,8,second,25,64,532,nonnegative_coefficients,532
12,26,4,8,12,first,1,0,66,nonnegative_coefficients,66
12,26,4,8,12,second,28,-28,532,completed_square,58800
12,26,6,6,3,first,1,6,66,nonnegative_coefficients,66
12,26,6,6,3,second,27,186,460,nonnegative_coefficients,460
12,26,8,6,4,first,1,6,66,nonnegative_coefficients,66
12,26,8,6,4,second,24,144,388,nonnegative_coefficients,388
12,26,8,6,5,first,1,6,66,nonnegative_coefficients,66
12,26,8,6,5,second,21,108,388,nonnegative_coefficients,388
12,26,8,7,5,first,1,3,66,nonnegative_coefficients,66
12,26,8,7,5,second,34,160,388,nonnegative_coefficients,388
12,26,8,7,6,first,1,3,66,nonnegative_coefficients,66
12,26,8,7,6,second,31,124,388,nonnegative_coefficients,388
12,26,8,9,7,first,1,-3,66,completed_square,255
12,26,8,9,7,second,60,192,388,nonnegative_coefficients,388
12,26,9,7,6,first,1,3,66,nonnegative_coefficients,66
12,26,9,7,6,second,31,121,352,nonnegative_coefficients,352
12,26,9,7,7,first,1,3,66,nonnegative_coefficients,66
12,26,9,7,7,second,28,85,352,nonnegative_coefficients,352
12,26,9,8,9,first,1,0,66,nonnegative_coefficients,66
12,26,9,8,9,second,37,65,352,nonnegative_coefficients,352
12,26,10,8,7,first,1,0,66,nonnegative_coefficients,66
12,26,10,8,7,second,43,134,316,nonnegative_coefficients,316
12,26,10,8,9,first,1,0,66,nonnegative_coefficients,66
12,26,10,8,9,second,37,62,316,nonnegative_coefficients,316
12,26,10,9,9,first,1,-3,66,completed_square,255
12,26,10,9,9,second,54,114,316,nonnegative_coefficients,316
12,26,11,8,8,first,1,0,66,nonnegative_coefficients,66
12,26,11,8,8,second,40,95,280,nonnegative_coefficients,280
12,26,12,10,9,first,1,-6,66,completed_square,228
12,26,12,10,9,second,73,160,244,nonnegative_coefficients,244
12,26,12,10,10,first,1,-6,66,completed_square,228
12,26,12,10,10,second,70,124,244,nonnegative_coefficients,244
12,27,6,8,12,first,1,0,63,nonnegative_coefficients,63
12,27,6,8,12,second,28,-18,513,completed_square,57132
12,27,6,9,3,first,1,-3,63,completed_square,243
12,27,6,9,3,second,72,360,513,nonnegative_coefficients,513
12,27,7,6,7,first,1,6,63,nonnegative_coefficients,63
12,27,7,6,7,second,15,51,477,nonnegative_coefficients,477
12,27,8,6,5,first,1,6,63,nonnegative_coefficients,63
12,27,8,6,5,second,21,120,441,nonnegative_coefficients,441
12,27,8,6,6,first,1,6,63,nonnegative_coefficients,63
12,27,8,6,6,second,18,84,441,nonnegative_coefficients,441
12,27,10,6,5,first,1,6,63,nonnegative_coefficients,63
12,27,10,6,5,second,21,114,369,nonnegative_coefficients,369
12,27,10,7,6,first,1,3,63,nonnegative_coefficients,63
12,27,10,7,6,second,31,132,369,nonnegative_coefficients,369
12,27,10,7,7,first,1,3,63,nonnegative_coefficients,63
12,27,10,7,7,second,28,96,369,nonnegative_coefficients,369
12,27,10,8,5,first,1,0,63,nonnegative_coefficients,63
12,27,10,8,5,second,49,222,369,nonnegative_coefficients,369
12,27,10,9,7,first,1,-3,63,completed_square,243
12,27,10,9,7,second,60,204,369,nonnegative_coefficients,369
12,27,10,9,12,first,1,-3,63,completed_square,243
12,27,10,9,12,second,45,24,369,nonnegative_coefficients,369
12,27,11,6,6,first,1,6,63,nonnegative_coefficients,63
12,27,11,6,6,second,18,75,333,nonnegative_coefficients,333
12,27,11,7,8,first,1,3,63,nonnegative_coefficients,63
12,27,11,7,8,second,25,57,333,nonnegative_coefficients,333
12,27,11,8,8,first,1,0,63,nonnegative_coefficients,63
12,27,11,8,8,second,40,111,333,nonnegative_coefficients,333
12,27,11,9,9,first,1,-3,63,completed_square,243
12,27,11,9,9,second,54,129,333,nonnegative_coefficients,333
12,27,11,9,11,first,1,-3,63,completed_square,243
12,27,11,9,11,second,48,57,333,nonnegative_coefficients,333
12,27,12,10,11,first,1,-6,63,completed_square,216
12,27,12,10,11,second,67,108,297,nonnegative_coefficients,297
12,28,10,7,8,first,1,3,60,nonnegative_coefficients,60
12,28,10,7,8,second,25,74,424,nonnegative_coefficients,424
12,28,10,8,7,first,1,0,60,nonnegative_coefficients,60
12,28,10,8,7,second,43,166,424,nonnegative_coefficients,424
12,28,12,6,6,first,1,6,60,nonnegative_coefficients,60
12,28,12,6,6,second,18,84,352,nonnegative_coefficients,352
12,28,12,6,7,first,1,6,60,nonnegative_coefficients,60
12,28,12,6,7,second,15,48,352,nonnegative_coefficients,352
12,28,12,8,8,first,1,0,60,nonnegative_coefficients,60
12,28,12,8,8,second,40,124,352,nonnegative_coefficients,352
12,28,12,8,9,first,1,0,60,nonnegative_coefficients,60
12,28,12,8,9,second,37,88,352,nonnegative_coefficients,352
12,28,12,8,12,first,1,0,60,nonnegative_coefficients,60
12,28,12,8,12,second,28,-20,352,completed_square,39024
12,28,12,10,9,first,1,-6,60,completed_square,204
12,28,12,10,9,second,73,200,352,nonnegative_coefficients,352
12,29,8,6,8,first,1,6,57,nonnegative_coefficients,57
12,29,8,6,8,second,12,36,553,nonnegative_coefficients,553
12,29,8,7,10,first,1,3,57,nonnegative_coefficients,57
12,29,8,7,10,second,19,22,553,nonnegative_coefficients,553
12,29,8,9,10,first,1,-3,57,completed_square,219
12,29,8,9,10,second,51,138,553,nonnegative_coefficients,553
12,29,12,7,10,first,1,3,57,nonnegative_coefficients,57
12,29,12,7,10,second,19,10,409,nonnegative_coefficients,409
12,29,12,8,7,first,1,0,57,nonnegative_coefficients,57
12,29,12,8,7,second,43,176,409,nonnegative_coefficients,409
12,29,16,10,11,first,1,-6,57,completed_square,192
12,29,16,10,11,second,67,136,265,nonnegative_coefficients,265
12,29,18,8,12,first,1,0,57,nonnegative_coefficients,57
12,29,18,8,12,second,28,-22,193,completed_square,21132
12,30,9,9,18,first,1,-3,54,completed_square,207
12,30,9,9,18,second,27,-135,576,completed_square,43983
12,30,10,6,8,first,1,6,54,nonnegative_coefficients,54
12,30,10,6,8,second,12,42,540,nonnegative_coefficients,540
12,30,12,6,8,first,1,6,54,nonnegative_coefficients,54
12,30,12,6,8,second,12,36,468,nonnegative_coefficients,468
12,30,12,9,10,first,1,-3,54,completed_square,207
12,30,12,9,10,second,51,144,468,nonnegative_coefficients,468
12,31,12,6,9,first,1,6,51,nonnegative_coefficients,51
12,31,12,6,9,second,9,12,529,nonnegative_coefficients,529
12,31,14,6,8,first,1,6,51,nonnegative_coefficients,51
12,31,14,6,8,second,12,42,457,nonnegative_coefficients,457
12,31,14,7,10,first,1,3,51,nonnegative_coefficients,51
12,31,14,7,10,second,19,32,457,nonnegative_coefficients,457
12,31,14,8,9,first,1,0,51,nonnegative_coefficients,51
12,31,14,8,9,second,37,130,457,nonnegative_coefficients,457
12,31,14,9,11,first,1,-3,51,completed_square,195
12,31,14,9,11,second,48,120,457,nonnegative_coefficients,457
12,32,10,7,12,first,1,3,48,nonnegative_coefficients,48
12,32,10,7,12,second,13,-14,664,completed_square,34332
12,32,16,8,12,first,1,0,48,nonnegative_coefficients,48
12,32,16,8,12,second,28,32,448,nonnegative_coefficients,448
12,33,11,7,12,first,1,3,45,nonnegative_coefficients,45
12,33,11,7,12,second,13,-3,693,completed_square,36027
12,33,13,7,12,first,1,3,45,nonnegative_coefficients,45
12,33,13,7,12,second,13,-9,621,completed_square,32211
12,34,8,8,16,first,1,0,42,nonnegative_coefficients,42
12,34,8,8,16,second,16,-56,868,completed_square,52416
12,36,0,12,36,first,1,-12,36,completed_square,0
12,36,0,12,36,second,36,-432,1296,completed_square,0
12,36,16,8,16,first,1,0,36,nonnegative_coefficients,36
12,36,16,8,16,second,16,-48,720,completed_square,43776
12,37,6,10,24,first,1,-6,33,completed_square,96
12,37,6,10,24,second,28,-142,1153,completed_square,108972
12,37,20,8,16,first,1,0,33,nonnegative_coefficients,33
12,37,20,8,16,second,16,-44,649,completed_square,39600
12,38,12,9,18,first,1,-3,30,completed_square,111
12,38,12,9,18,second,27,0,1012,nonnegative_coefficients,1012
13,12,0,9,3,first,1,-1,133,completed_square,531
13,12,0,9,3,second,72,99,144,nonnegative_coefficients,144
13,12,0,13,12,first,1,-13,133,completed_square,363
13,12,0,13,12,second,133,-156,144,completed_square,52272
13,15,0,9,3,first,1,-1,124,completed_square,495
13,15,0,9,3,second,72,153,225,nonnegative_coefficients,225
13,15,0,13,15,first,1,-13,124,completed_square,327
13,15,0,13,15,second,124,-195,225,completed_square,73575
13,15,1,8,3,first,1,2,124,nonnegative_coefficients,124
13,15,1,8,3,second,55,120,186,nonnegative_coefficients,186
13,15,1,10,7,first,1,-4,124,completed_square,480
13,15,1,10,7,second,79,24,186,nonnegative_coefficients,186
13,18,1,10,9,first,1,-4,115,completed_square,444
13,18,1,10,9,second,73,6,285,nonnegative_coefficients,285
13,18,3,9,3,first,1,-1,115,completed_square,459
13,18,3,9,3,second,72,198,207,nonnegative_coefficients,207
13,18,3,10,6,first,1,-4,115,completed_square,444
13,18,3,10,6,second,82,117,207,nonnegative_coefficients,207
13,18,3,10,9,first,1,-4,115,completed_square,444
13,18,3,10,9,second,73,0,207,nonnegative_coefficients,207
13,18,3,12,9,first,1,-10,115,completed_square,360
13,18,3,12,9,second,117,72,207,nonnegative_coefficients,207
13,18,6,12,6,first,1,-10,115,completed_square,360
13,18,6,12,6,second,126,180,90,nonnegative_coefficients,90
13,19,2,9,7,first,1,-1,112,completed_square,447
13,19,2,9,7,second,60,63,283,nonnegative_coefficients,283
13,21,3,8,6,first,1,2,106,nonnegative_coefficients,106
13,21,3,8,6,second,46,93,324,nonnegative_coefficients,324
13,21,3,9,7,first,1,-1,106,completed_square,423
13,21,3,9,7,second,60,96,324,nonnegative_coefficients,324
13,21,3,10,10,first,1,-4,106,completed_square,408
13,21,3,10,10,second,70,21,324,nonnegative_coefficients,324
13,21,9,12,9,first,1,-10,106,completed_square,324
13,21,9,12,9,second,117,126,90,nonnegative_coefficients,90
13,22,2,8,6,first,1,2,103,nonnegative_coefficients,103
13,22,2,8,6,second,46,112,406,nonnegative_coefficients,406
13,22,2,9,7,first,1,-1,103,completed_square,411
13,22,2,9,7,second,60,117,406,nonnegative_coefficients,406
13,22,2,9,9,first,1,-1,103,completed_square,411
13,22,2,9,9,second,54,39,406,nonnegative_coefficients,406
13,22,2,11,11,first,1,-7,103,completed_square,363
13,22,2,11,11,second,88,49,406,nonnegative_coefficients,406
13,22,2,11,13,first,1,-7,103,completed_square,363
13,22,2,11,13,second,82,-29,406,completed_square,132327
13,22,3,8,5,first,1,2,103,nonnegative_coefficients,103
13,22,3,8,5,second,49,148,367,nonnegative_coefficients,367
13,22,3,9,9,first,1,-1,103,completed_square,411
13,22,3,9,9,second,54,36,367,nonnegative_coefficients,367
13,22,3,10,9,first,1,-4,103,completed_square,396
13,22,3,10,9,second,73,80,367,nonnegative_coefficients,367
13,22,4,7,3,first,1,5,103,nonnegative_coefficients,103
13,22,4,7,3,second,40,179,328,nonnegative_coefficients,328
13,22,4,7,5,first,1,5,103,nonnegative_coefficients,103
13,22,4,7,5,second,34,101,328,nonnegative_coefficients,328
13,22,4,8,6,first,1,2,103,nonnegative_coefficients,103
13,22,4,8,6,second,46,106,328,nonnegative_coefficients,328
13,22,4,9,6,first,1,-1,103,completed_square,411
13,22,4,9,6,second,63,150,328,nonnegative_coefficients,328
13,23,3,8,7,first,1,2,100,nonnegative_coefficients,100
13,23,3,8,7,second,43,86,412,nonnegative_coefficients,412
13,23,3,9,9,first,1,-1,100,completed_square,399
13,23,3,9,9,second,54,54,412,nonnegative_coefficients,412
13,23,4,9,7,first,1,-1,100,completed_square,399
13,23,4,9,7,second,60,129,373,nonnegative_coefficients,373
13,23,4,10,11,first,1,-4,100,completed_square,384
13,23,4,10,11,second,67,19,373,nonnegative_coefficients,373
13,23,5,8,5,first,1,2,100,nonnegative_coefficients,100
13,23,5,8,5,second,49,158,334,nonnegative_coefficients,334
13,23,5,12,15,first,1,-10,100,completed_square,300
13,23,5,12,15,second,99,-48,334,completed_square,129960
13,24,3,8,3,first,1,2,97,nonnegative_coefficients,97
13,24,3,8,3,second,55,258,459,nonnegative_coefficients,459
13,24,3,8,7,first,1,2,97,nonnegative_coefficients,97
13,24,3,8,7,second,43,102,459,nonnegative_coefficients,459
13,24,3,9,10,first,1,-1,97,completed_square,387
13,24,3,9,10,second,51,33,459,nonnegative_coefficients,459
13,24,3,11,13,first,1,-7,97,completed_square,339
13,24,3,11,13,second,82,12,459,nonnegative_coefficients,459
13,24,4,10,6,first,1,-4,97,completed_square,372
13,24,4,10,6,second,82,234,420,nonnegative_coefficients,420
13,24,6,7,6,first,1,5,97,nonnegative_coefficients,97
13,24,6,7,6,second,31,84,342,nonnegative_coefficients,342
13,24,6,9,6,first,1,-1,97,completed_square,387
13,24,6,9,6,second,63,180,342,nonnegative_coefficients,342
13,24,8,9,7,first,1,-1,97,completed_square,387
13,24,8,9,7,second,60,135,264,nonnegative_coefficients,264
13,25,4,7,2,first,1,5,94,nonnegative_coefficients,94
13,25,4,7,2,second,43,260,469,nonnegative_coefficients,469
13,25,4,7,6,first,1,5,94,nonnegative_coefficients,94
13,25,4,7,6,second,31,104,469,nonnegative_coefficients,469
13,25,4,8,6,first,1,2,94,nonnegative_coefficients,94
13,25,4,8,6,second,46,154,469,nonnegative_coefficients,469
13,25,4,8,8,first,1,2,94,nonnegative_coefficients,94
13,25,4,8,8,second,40,76,469,nonnegative_coefficients,469
13,25,4,9,11,first,1,-1,94,completed_square,375
13,25,4,9,11,second,48,9,469,nonnegative_coefficients,469
13,25,5,8,6,first,1,2,94,nonnegative_coefficients,94
13,25,5,8,6,second,46,151,430,nonnegative_coefficients,430
13,25,5,8,7,first,1,2,94,nonnegative_coefficients,94
13,25,5,8,7,second,43,112,430,nonnegative_coefficients,430
13,25,5,10,11,first,1,-4,94,completed_square,360
13,25,5,10,11,second,67,56,430,nonnegative_coefficients,430
13,25,6,7,3,first,1,5,94,nonnegative_coefficients,94
13,25,6,7,3,second,40,215,391,nonnegative_coefficients,391
13,25,6,9,10,first,1,-1,94,completed_square,375
13,25,6,9,10,second,51,42,391,nonnegative_coefficients,391
13,25,7,8,5,first,1,2,94,nonnegative_coefficients,94
13,25,7,8,5,second,49,184,352,nonnegative_coefficients,352
13,25,8,8,6,first,1,2,94,nonnegative_coefficients,94
13,25,8,8,6,second,46,142,313,nonnegative_coefficients,313
13,25,8,9,7,first,1,-1,94,completed_square,375
13,25,8,9,7,second,60,153,313,nonnegative_coefficients,313
13,26,5,8,3,first,1,2,91,nonnegative_coefficients,91
13,26,5,8,3,second,55,284,481,nonnegative_coefficients,481
13,26,7,7,5,first,1,5,91,nonnegative_coefficients,91
13,26,7,7,5,second,34,148,403,nonnegative_coefficients,403
13,26,7,8,8,first,1,2,91,nonnegative_coefficients,91
13,26,7,8,8,second,40,83,403,nonnegative_coefficients,403
13,26,7,10,11,first,1,-4,91,completed_square,348
13,26,7,10,11,second,67,70,403,nonnegative_coefficients,403
13,26,8,8,6,first,1,2,91,nonnegative_coefficients,91
13,26,8,8,6,second,46,158,364,nonnegative_coefficients,364
13,26,8,9,10,first,1,-1,91,completed_square,363
13,26,8,9,10,second,51,54,364,nonnegative_coefficients,364
13,26,9,8,6,first,1,2,91,nonnegative_coefficients,91
13,26,9,8,6,second,46,155,325,nonnegative_coefficients,325
13,26,9,8,7,first,1,2,91,nonnegative_coefficients,91
13,26,9,8,7,second,43,116,325,nonnegative_coefficients,325
13,26,9,9,7,first,1,-1,91,completed_square,363
13,26,9,9,7,second,60,168,325,nonnegative_coefficients,325
13,26,10,10,9,first,1,-4,91,completed_square,348
13,26,10,10,9,second,73,139,286,nonnegative_coefficients,286
13,27,6,7,3,first,1,5,88,nonnegative_coefficients,88
13,27,6,7,3,second,40,243,495,nonnegative_coefficients,495
13,27,8,7,5,first,1,5,88,nonnegative_coefficients,88
13,27,8,7,5,second,34,159,417,nonnegative_coefficients,417
13,27,8,8,6,first,1,2,88,nonnegative_coefficients,88
13,27,8,8,6,second,46,174,417,nonnegative_coefficients,417
13,27,8,9,10,first,1,-1,88,completed_square,351
13,27,8,9,10,second,51,72,417,nonnegative_coefficients,417
13,27,9,7,6,first,1,5,88,nonnegative_coefficients,88
13,27,9,7,6,second,31,117,378,nonnegative_coefficients,378
13,27,9,8,7,first,1,2,88,nonnegative_coefficients,88
13,27,9,8,7,second,43,132,378,nonnegative_coefficients,378
13,27,15,12,15,first,1,-10,88,completed_square,252
13,27,15,12,15,second,99,18,144,nonnegative_coefficients,144
13,28,6,7,3,first,1,5,85,nonnegative_coefficients,85
13,28,6,7,3,second,40,257,550,nonnegative_coefficients,550
13,28,6,8,9,first,1,2,85,nonnegative_coefficients,85
13,28,6,8,9,second,37,79,550,nonnegative_coefficients,550
13,28,7,7,7,first,1,5,85,nonnegative_coefficients,85
13,28,7,7,7,second,28,98,511,nonnegative_coefficients,511
13,28,8,7,5,first,1,5,85,nonnegative_coefficients,85
13,28,8,7,5,second,34,173,472,nonnegative_coefficients,472
13,28,9,7,6,first,1,5,85,nonnegative_coefficients,85
13,28,9,7,6,second,31,131,433,nonnegative_coefficients,433
13,28,9,8,6,first,1,2,85,nonnegative_coefficients,85
13,28,9,8,6,second,46,187,433,nonnegative_coefficients,433
13,28,9,8,9,first,1,2,85,nonnegative_coefficients,85
13,28,9,8,9,second,37,70,433,nonnegative_coefficients,433
13,28,9,10,7,first,1,-4,85,completed_square,324
13,28,9,10,7,second,79,260,433,nonnegative_coefficients,433
13,28,10,8,7,first,1,2,85,nonnegative_coefficients,85
13,28,10,8,7,second,43,145,394,nonnegative_coefficients,394
13,28,10,9,11,first,1,-1,85,completed_square,339
13,28,10,9,11,second,48,45,394,nonnegative_coefficients,394
13,28,11,9,7,first,1,-1,85,completed_square,339
13,28,11,9,7,second,60,198,355,nonnegative_coefficients,355
13,28,13,10,11,first,1,-4,85,completed_square,324
13,28,13,10,11,second,67,92,277,nonnegative_coefficients,277
13,29,8,7,5,first,1,5,82,nonnegative_coefficients,82
13,29,8,7,5,second,34,187,529,nonnegative_coefficients,529
13,29,9,7,5,first,1,5,82,nonnegative_coefficients,82
13,29,9,7,5,second,34,184,490,nonnegative_coefficients,490
13,29,9,7,7,first,1,5,82,nonnegative_coefficients,82
13,29,9,7,7,second,28,106,490,nonnegative_coefficients,490
13,29,9,8,6,first,1,2,82,nonnegative_coefficients,82
13,29,9,8,6,second,46,203,490,nonnegative_coefficients,490
13,29,9,8,8,first,1,2,82,nonnegative_coefficients,82
13,29,9,8,8,second,40,125,490,nonnegative_coefficients,490
13,29,10,9,7,first,1,-1,82,completed_square,327
13,29,10,9,7,second,60,219,451,nonnegative_coefficients,451
13,29,11,8,8,first,1,2,82,nonnegative_coefficients,82
13,29,11,8,8,second,40,119,412,nonnegative_coefficients,412
13,29,12,9,9,first,1,-1,82,completed_square,327
13,29,12,9,9,second,54,135,373,nonnegative_coefficients,373
13,29,12,10,10,first,1,-4,82,completed_square,312
13,29,12,10,10,second,70,154,373,nonnegative_coefficients,373
13,29,13,9,10,first,1,-1,82,completed_square,327
13,29,13,9,10,second,51,93,334,nonnegative_coefficients,334
13,29,13,11,11,first,1,-7,82,completed_square,279
13,29,13,11,11,second,88,170,334,nonnegative_coefficients,334
13,29,14,11,11,first,1,-7,82,completed_square,279
13,29,14,11,11,second,88,167,295,nonnegative_coefficients,295
13,29,17,12,17,first,1,-10,82,completed_square,228
13,29,17,12,17,second,93,-18,178,completed_square,65892
13,30,8,8,12,first,1,2,79,nonnegative_coefficients,79
13,30,8,8,12,second,28,-12,588,completed_square,65712
13,30,10,7,6,first,1,5,79,nonnegative_coefficients,79
13,30,10,7,6,second,31,156,510,nonnegative_coefficients,510
13,30,10,8,9,first,1,2,79,nonnegative_coefficients,79
13,30,10,8,9,second,37,99,510,nonnegative_coefficients,510
13,30,10,9,11,first,1,-1,79,completed_square,315
13,30,10,9,11,second,48,81,510,nonnegative_coefficients,510
13,30,12,10,9,first,1,-4,79,completed_square,300
13,30,12,10,9,second,73,213,432,nonnegative_coefficients,432
13,30,13,7,8,first,1,5,79,nonnegative_coefficients,79
13,30,13,7,8,second,25,69,393,nonnegative_coefficients,393
13,31,9,7,6,first,1,5,76,nonnegative_coefficients,76
13,31,9,7,6,second,31,173,610,nonnegative_coefficients,610
13,31,9,11,15,first,1,-7,76,completed_square,255
13,31,9,11,15,second,76,70,610,nonnegative_coefficients,610
13,31,10,7,5,first,1,5,76,nonnegative_coefficients,76
13,31,10,7,5,second,34,209,571,nonnegative_coefficients,571
13,31,10,7,6,first,1,5,76,nonnegative_coefficients,76
13,31,10,7,6,second,31,170,571,nonnegative_coefficients,571
13,31,12,7,6,first,1,5,76,nonnegative_coefficients,76
13,31,12,7,6,second,31,164,493,nonnegative_coefficients,493
13,31,12,7,7,first,1,5,76,nonnegative_coefficients,76
13,31,12,7,7,second,28,125,493,nonnegative_coefficients,493
13,31,12,8,8,first,1,2,76,nonnegative_coefficients,76
13,31,12,8,8,second,40,148,493,nonnegative_coefficients,493
13,31,12,8,9,first,1,2,76,nonnegative_coefficients,76
13,31,12,8,9,second,37,109,493,nonnegative_coefficients,493
13,31,12,9,12,first,1,-1,76,completed_square,303
13,31,12,9,12,second,45,54,493,nonnegative_coefficients,493
13,31,12,10,11,first,1,-4,76,completed_square,288
13,31,12,10,11,second,67,155,493,nonnegative_coefficients,493
13,31,16,11,13,first,1,-7,76,completed_square,255
13,31,16,11,13,second,82,127,337,nonnegative_coefficients,337
13,32,4,8,12,first,1,2,73,nonnegative_coefficients,73
13,32,4,8,12,second,28,32,868,nonnegative_coefficients,868
13,32,12,7,6,first,1,5,73,nonnegative_coefficients,73
13,32,12,7,6,second,31,178,556,nonnegative_coefficients,556
13,32,14,9,9,first,1,-1,73,completed_square,291
13,32,14,9,9,second,54,183,478,nonnegative_coefficients,478
13,32,14,10,11,first,1,-4,73,completed_square,276
13,32,14,10,11,second,67,169,478,nonnegative_coefficients,478
13,33,6,8,12,first,1,2,70,nonnegative_coefficients,70
13,33,6,8,12,second,28,42,855,nonnegative_coefficients,855
13,33,8,7,10,first,1,5,70,nonnegative_coefficients,70
13,33,8,7,10,second,19,48,777,nonnegative_coefficients,777
13,33,12,7,8,first,1,5,70,nonnegative_coefficients,70
13,33,12,7,8,second,25,114,621,nonnegative_coefficients,621
13,34,12,8,12,first,1,2,67,nonnegative_coefficients,67
13,34,12,8,12,second,28,40,688,nonnegative_coefficients,688
13,34,12,10,9,first,1,-4,67,completed_square,252
13,34,12,10,9,second,73,293,688,nonnegative_coefficients,688
13,34,12,11,15,first,1,-7,67,completed_square,219
13,34,12,11,15,second,76,127,688,nonnegative_coefficients,688
13,34,16,8,12,first,1,2,67,nonnegative_coefficients,67
13,34,16,8,12,second,28,28,532,nonnegative_coefficients,532
13,35,18,7,10,first,1,5,64,nonnegative_coefficients,64
13,35,18,7,10,second,19,46,523,nonnegative_coefficients,523
13,35,18,9,11,first,1,-1,64,completed_square,255
13,35,18,9,11,second,48,147,523,nonnegative_coefficients,523
13,37,14,7,12,first,1,5,58,nonnegative_coefficients,58
13,37,14,7,12,second,13,8,823,nonnegative_coefficients,823
13,37,15,9,18,first,1,-1,58,completed_square,231
13,37,15,9,18,second,27,-81,784,completed_square,78111
13,38,17,7,12,first,1,5,55,nonnegative_coefficients,55
13,38,17,7,12,second,13,13,781,nonnegative_coefficients,781
13,39,12,8,16,first,1,2,52,nonnegative_coefficients,52
13,39,12,8,16,second,16,-36,1053,completed_square,66096
13,39,12,10,24,first,1,-4,52,completed_square,192
13,39,12,10,24,second,28,-192,1053,completed_square,81072
13,40,16,8,16,first,1,2,49,nonnegative_coefficients,49
13,40,16,8,16,second,16,-32,976,completed_square,61440
13,44,12,10,24,first,1,-4,37,completed_square,132
13,44,12,10,24,second,28,-92,1468,completed_square,155952
13,45,18,10,24,first,1,-4,34,completed_square,120
13,45,18,10,24,second,28,-90,1323,completed_square,140076
14,19,2,10,7,first,1,-2,139,completed_square,552
14,19,2,10,7,second,79,80,277,nonnegative_coefficients,277
14,21,0,14,21,first,1,-14,133,completed_square,336
14,21,0,14,21,second,133,-294,441,completed_square,148176
14,21,3,9,3,first,1,1,133,nonnegative_coefficients,133
14,21,3,9,3,second,72,243,315,nonnegative_coefficients,315
14,21,3,10,9,first,1,-2,133,completed_square,528
14,21,3,10,9,second,73,33,315,nonnegative_coefficients,315
14,21,3,13,12,first,1,-11,133,completed_square,411
14,21,3,13,12,second,133,33,315,nonnegative_coefficients,315
14,22,3,9,7,first,1,1,130,nonnegative_coefficients,130
14,22,3,9,7,second,60,93,358,nonnegative_coefficients,358
14,22,3,10,7,first,1,-2,130,completed_square,516
14,22,3,10,7,second,79,137,358,nonnegative_coefficients,358
14,22,3,11,11,first,1,-5,130,completed_square,495
14,22,3,11,11,second,88,13,358,nonnegative_coefficients,358
14,22,4,9,6,first,1,1,130,nonnegative_coefficients,130
14,22,4,9,6,second,63,132,316,nonnegative_coefficients,316
14,23,4,8,3,first,1,4,127,nonnegative_coefficients,127
14,23,4,8,3,second,55,230,361,nonnegative_coefficients,361
14,24,3,9,3,first,1,1,124,nonnegative_coefficients,124
14,24,3,9,3,second,72,297,450,nonnegative_coefficients,450
14,24,3,9,7,first,1,1,124,nonnegative_coefficients,124
14,24,3,9,7,second,60,129,450,nonnegative_coefficients,450
14,24,3,10,9,first,1,-2,124,completed_square,492
14,24,3,10,9,second,73,93,450,nonnegative_coefficients,450
14,24,3,10,10,first,1,-2,124,completed_square,492
14,24,3,10,10,second,70,51,450,nonnegative_coefficients,450
14,24,3,12,9,first,1,-8,124,completed_square,432
14,24,3,12,9,second,117,189,450,nonnegative_coefficients,450
14,24,3,13,15,first,1,-11,124,completed_square,375
14,24,3,13,15,second,124,-15,450,completed_square,222975
14,25,4,8,6,first,1,4,121,nonnegative_coefficients,121
14,25,4,8,6,second,46,136,457,nonnegative_coefficients,457
14,25,4,10,9,first,1,-2,121,completed_square,480
14,25,4,10,9,second,73,110,457,nonnegative_coefficients,457
14,25,4,11,13,first,1,-5,121,completed_square,459
14,25,4,11,13,second,82,-8,457,completed_square,149832
14,25,8,10,7,first,1,-2,121,completed_square,480
14,25,8,10,7,second,79,182,289,nonnegative_coefficients,289
14,25,12,13,12,first,1,-11,121,completed_square,363
14,25,12,13,12,second,133,110,121,nonnegative_coefficients,121
14,26,2,10,11,first,1,-2,118,completed_square,468
14,26,2,10,11,second,67,52,592,nonnegative_coefficients,592
14,26,2,12,15,first,1,-8,118,completed_square,408
14,26,2,12,15,second,99,-12,592,completed_square,234288
14,26,4,8,6,first,1,4,118,nonnegative_coefficients,118
14,26,4,8,6,second,46,152,508,nonnegative_coefficients,508
14,26,4,10,6,first,1,-2,118,completed_square,468
14,26,4,10,6,second,82,256,508,nonnegative_coefficients,508
14,26,6,10,6,first,1,-2,118,completed_square,468
14,26,6,10,6,second,82,250,424,nonnegative_coefficients,424
14,27,4,10,11,first,1,-2,115,completed_square,456
14,27,4,10,11,second,67,66,561,nonnegative_coefficients,561
14,27,5,9,7,first,1,1,115,nonnegative_coefficients,115
14,27,5,9,7,second,60,177,519,nonnegative_coefficients,519
14,27,5,9,9,first,1,1,115,nonnegative_coefficients,115
14,27,5,9,9,second,54,93,519,nonnegative_coefficients,519
14,27,5,11,13,first,1,-5,115,completed_square,435
14,27,5,11,13,second,82,33,519,nonnegative_coefficients,519
14,27,6,9,3,first,1,1,115,nonnegative_coefficients,115
14,27,6,9,3,second,72,342,477,nonnegative_coefficients,477
14,27,6,11,15,first,1,-5,115,completed_square,435
14,27,6,11,15,second,76,-54,477,completed_square,142092
14,28,3,12,17,first,1,-8,112,completed_square,384
14,28,3,12,17,second,93,-51,658,completed_square,242175
14,28,4,9,9,first,1,1,112,nonnegative_coefficients,112
14,28,4,9,9,second,54,114,616,nonnegative_coefficients,616
14,28,9,9,7,first,1,1,112,nonnegative_coefficients,112
14,28,9,9,7,second,60,183,406,nonnegative_coefficients,406
14,28,10,10,9,first,1,-2,112,completed_square,444
14,28,10,10,9,second,73,152,364,nonnegative_coefficients,364
14,28,12,10,9,first,1,-2,112,completed_square,444
14,28,12,10,9,second,73,146,280,nonnegative_coefficients,280
14,28,15,13,15,first,1,-11,112,completed_square,327
14,28,15,13,15,second,124,53,154,nonnegative_coefficients,154
14,29,5,9,7,first,1,1,109,nonnegative_coefficients,109
14,29,5,9,7,second,60,213,631,nonnegative_coefficients,631
14,29,5,9,9,first,1,1,109,nonnegative_coefficients,109
14,29,5,9,9,second,54,129,631,nonnegative_coefficients,631
14,29,5,9,10,first,1,1,109,nonnegative_coefficients,109
14,29,5,9,10,second,51,87,631,nonnegative_coefficients,631
14,29,7,8,8,first,1,4,109,nonnegative_coefficients,109
14,29,7,8,8,second,40,107,547,nonnegative_coefficients,547
14,29,9,8,6,first,1,4,109,nonnegative_coefficients,109
14,29,9,8,6,second,46,185,463,nonnegative_coefficients,463
14,30,8,8,5,first,1,4,106,nonnegative_coefficients,106
14,30,8,8,5,second,49,246,564,nonnegative_coefficients,564
14,30,8,8,6,first,1,4,106,nonnegative_coefficients,106
14,30,8,8,6,second,46,204,564,nonnegative_coefficients,564
14,30,8,9,10,first,1,1,106,nonnegative_coefficients,106
14,30,8,9,10,second,51,96,564,nonnegative_coefficients,564
14,30,10,9,7,first,1,1,106,nonnegative_coefficients,106
14,30,10,9,7,second,60,216,480,nonnegative_coefficients,480
14,30,12,12,6,first,1,-8,106,completed_square,360
14,30,12,12,6,second,126,432,396,nonnegative_coefficients,396
14,30,12,12,9,first,1,-8,106,completed_square,360
14,30,12,12,9,second,117,306,396,nonnegative_coefficients,396
14,31,9,8,9,first,1,4,103,nonnegative_coefficients,103
14,31,9,8,9,second,37,91,583,nonnegative_coefficients,583
14,31,9,9,6,first,1,1,103,nonnegative_coefficients,103
14,31,9,9,6,second,63,279,583,nonnegative_coefficients,583
14,31,9,9,7,first,1,1,103,nonnegative_coefficients,103
14,31,9,9,7,second,60,237,583,nonnegative_coefficients,583
14,31,10,8,5,first,1,4,103,nonnegative_coefficients,103
14,31,10,8,5,second,49,256,541,nonnegative_coefficients,541
14,31,10,8,7,first,1,4,103,nonnegative_coefficients,103
14,31,10,8,7,second,43,172,541,nonnegative_coefficients,541
14,31,11,9,9,first,1,1,103,nonnegative_coefficients,103
14,31,11,9,9,second,54,147,499,nonnegative_coefficients,499
14,31,12,9,9,first,1,1,103,nonnegative_coefficients,103
14,31,12,9,9,second,54,144,457,nonnegative_coefficients,457
14,31,13,10,10,first,1,-2,103,completed_square,408
14,31,13,10,10,second,70,161,415,nonnegative_coefficients,415
14,32,6,8,3,first,1,4,100,nonnegative_coefficients,100
14,32,6,8,3,second,55,368,772,nonnegative_coefficients,772
14,32,10,8,7,first,1,4,100,nonnegative_coefficients,100
14,32,10,8,7,second,43,188,604,nonnegative_coefficients,604
14,32,10,9,11,first,1,1,100,nonnegative_coefficients,100
14,32,10,9,11,second,48,84,604,nonnegative_coefficients,604
14,32,11,9,7,first,1,1,100,nonnegative_coefficients,100
14,32,11,9,7,second,60,249,562,nonnegative_coefficients,562
14,32,12,9,9,first,1,1,100,nonnegative_coefficients,100
14,32,12,9,9,second,54,162,520,nonnegative_coefficients,520
14,32,12,10,9,first,1,-2,100,completed_square,396
14,32,12,10,9,second,73,226,520,nonnegative_coefficients,520
14,33,10,8,6,first,1,4,97,nonnegative_coefficients,97
14,33,10,8,6,second,46,246,669,nonnegative_coefficients,669
14,33,11,8,6,first,1,4,97,nonnegative_coefficients,97
14,33,11,8,6,second,46,243,627,nonnegative_coefficients,627
14,33,11,9,11,first,1,1,97,nonnegative_coefficients,97
14,33,11,9,11,second,48,99,627,nonnegative_coefficients,627
14,33,12,8,7,first,1,4,97,nonnegative_coefficients,97
14,33,12,8,7,second,43,198,585,nonnegative_coefficients,585
14,33,12,8,8,first,1,4,97,nonnegative_coefficients,97
14,33,12,8,8,second,40,156,585,nonnegative_coefficients,585
14,33,12,9,10,first,1,1,97,nonnegative_coefficients,97
14,33,12,9,10,second,51,138,585,nonnegative_coefficients,585
14,33,13,9,10,first,1,1,97,nonnegative_coefficients,97
14,33,13,9,10,second,51,135,543,nonnegative_coefficients,543
14,33,13,11,11,first,1,-5,97,completed_square,363
14,33,13,11,11,second,88,225,543,nonnegative_coefficients,543
14,33,15,10,11,first,1,-2,97,completed_square,384
14,33,15,10,11,second,67,153,459,nonnegative_coefficients,459
14,33,15,11,13,first,1,-5,97,completed_square,363
14,33,15,11,13,second,82,135,459,nonnegative_coefficients,459
14,34,10,8,9,first,1,4,94,nonnegative_coefficients,94
14,34,10,8,9,second,37,136,736,nonnegative_coefficients,736
14,34,12,8,6,first,1,4,94,nonnegative_coefficients,94
14,34,12,8,6,second,46,256,652,nonnegative_coefficients,652
14,34,12,9,12,first,1,1,94,nonnegative_coefficients,94
14,34,12,9,12,second,45,72,652,nonnegative_coefficients,652
14,35,12,8,6,first,1,4,91,nonnegative_coefficients,91
14,35,12,8,6,second,46,272,721,nonnegative_coefficients,721
14,35,12,8,9,first,1,4,91,nonnegative_coefficients,91
14,35,12,8,9,second,37,146,721,nonnegative_coefficients,721
14,35,14,8,9,first,1,4,91,nonnegative_coefficients,91
14,35,14,8,9,second,37,140,637,nonnegative_coefficients,637
14,35,14,9,10,first,1,1,91,nonnegative_coefficients,91
14,35,14,9,10,second,51,168,637,nonnegative_coefficients,637
14,35,16,10,11,first,1,-2,91,completed_square,360
14,35,16,10,11,second,67,190,553,nonnegative_coefficients,553
14,35,16,11,13,first,1,-5,91,completed_square,339
14,35,16,11,13,second,82,176,553,nonnegative_coefficients,553
14,35,20,12,15,first,1,-8,91,completed_square,300
14,35,20,12,15,second,99,150,385,nonnegative_coefficients,385
14,36,14,8,8,first,1,4,88,nonnegative_coefficients,88
14,36,14,8,8,second,40,198,708,nonnegative_coefficients,708
14,36,18,10,11,first,1,-2,88,completed_square,348
14,36,18,10,11,second,67,204,540,nonnegative_coefficients,540
14,38,20,8,12,first,1,4,82,nonnegative_coefficients,82
14,38,20,8,12,second,28,44,604,nonnegative_coefficients,604
14,40,12,8,12,first,1,4,76,nonnegative_coefficients,76
14,40,12,8,12,second,28,100,1096,nonnegative_coefficients,1096
14,40,16,8,12,first,1,4,76,nonnegative_coefficients,76
14,40,16,8,12,second,28,88,928,nonnegative_coefficients,928
14,41,18,8,12,first,1,4,73,nonnegative_coefficients,73
14,41,18,8,12,second,28,98,925,nonnegative_coefficients,925
14,41,18,11,15,first,1,-5,73,completed_square,267
14,41,18,11,15,second,76,218,925,nonnegative_coefficients,925
14,43,15,9,18,first,1,1,67,nonnegative_coefficients,67
14,43,15,9,18,second,27,-27,1219,completed_square,130923
14,44,16,8,16,first,1,4,64,nonnegative_coefficients,64
14,44,16,8,16,second,16,-16,1264,completed_square,80640
14,45,20,8,16,first,1,4,61,nonnegative_coefficients,61
14,45,20,8,16,second,16,-12,1185,completed_square,75696
14,46,24,8,16,first,1,4,58,nonnegative_coefficients,58
14,46,24,8,16,second,16,-8,1108,completed_square,70848
14,47,24,10,24,first,1,-2,55,completed_square,216
14,47,24,10,24,second,28,-140,1201,completed_square,114912
15,18,1,12,9,first,1,-6,171,completed_square,648
15,18,1,12,9,second,117,24,279,nonnegative_coefficients,279
15,25,3,10,7,first,1,0,150,nonnegative_coefficients,150
15,25,3,10,7,second,79,176,490,nonnegative_coefficients,490
15,25,3,11,11,first,1,-3,150,completed_square,591
15,25,3,11,11,second,88,46,490,nonnegative_coefficients,490
15,26,3,10,9,first,1,0,147,nonnegative_coefficients,147
15,26,3,10,9,second,73,106,541,nonnegative_coefficients,541
15,26,3,11,11,first,1,-3,147,completed_square,579
15,26,3,11,11,second,88,68,541,nonnegative_coefficients,541
15,26,4,9,6,first,1,3,147,nonnegative_coefficients,147
15,26,4,9,6,second,63,186,496,nonnegative_coefficients,496
15,29,4,11,13,first,1,-3,138,completed_square,543
15,29,4,11,13,second,82,41,661,nonnegative_coefficients,661
15,29,5,10,7,first,1,0,138,nonnegative_coefficients,138
15,29,5,10,7,second,79,250,616,nonnegative_coefficients,616
15,29,5,10,11,first,1,0,138,nonnegative_coefficients,138
15,29,5,10,11,second,67,70,616,nonnegative_coefficients,616
15,29,5,12,15,first,1,-6,138,completed_square,516
15,29,5,12,15,second,99,6,616,nonnegative_coefficients,616
15,29,9,10,7,first,1,0,138,nonnegative_coefficients,138
15,29,9,10,7,second,79,238,436,nonnegative_coefficients,436
15,30,3,10,9,first,1,0,135,nonnegative_coefficients,135
15,30,3,10,9,second,73,186,765,nonnegative_coefficients,765
15,30,3,13,15,first,1,-9,135,completed_square,459
15,30,3,13,15,second,124,96,765,nonnegative_coefficients,765
15,30,5,10,10,first,1,0,135,nonnegative_coefficients,135
15,30,5,10,10,second,70,135,675,nonnegative_coefficients,675
15,30,6,9,3,first,1,3,135,nonnegative_coefficients,135
15,30,6,9,3,second,72,387,630,nonnegative_coefficients,630
15,30,6,10,9,first,1,0,135,nonnegative_coefficients,135
15,30,6,10,9,second,73,177,630,nonnegative_coefficients,630
15,30,6,11,15,first,1,-3,135,completed_square,531
15,30,6,11,15,second,76,-33,630,completed_square,190431
15,31,10,9,7,first,1,3,132,nonnegative_coefficients,132
15,31,10,9,7,second,60,213,511,nonnegative_coefficients,511
15,31,12,10,9,first,1,0,132,nonnegative_coefficients,132
15,31,12,10,9,second,73,179,421,nonnegative_coefficients,421
15,32,7,10,9,first,1,0,129,nonnegative_coefficients,129
15,32,7,10,9,second,73,214,709,nonnegative_coefficients,709
15,32,7,12,17,first,1,-6,129,completed_square,480
15,32,7,12,17,second,93,-18,709,completed_square,263424
15,32,10,10,7,first,1,0,129,nonnegative_coefficients,129
15,32,10,10,7,second,79,295,574,nonnegative_coefficients,574
15,33,5,10,11,first,1,0,126,nonnegative_coefficients,126
15,33,5,10,11,second,67,150,864,nonnegative_coefficients,864
15,33,6,9,3,first,1,3,126,nonnegative_coefficients,126
15,33,6,9,3,second,72,441,819,nonnegative_coefficients,819
15,33,10,9,7,first,1,3,126,nonnegative_coefficients,126
15,33,10,9,7,second,60,249,639,nonnegative_coefficients,639
15,33,14,11,11,first,1,-3,126,completed_square,495
15,33,14,11,11,second,88,189,459,nonnegative_coefficients,459
15,34,7,10,11,first,1,0,123,nonnegative_coefficients,123
15,34,7,10,11,second,67,164,841,nonnegative_coefficients,841
15,34,8,9,10,first,1,3,123,nonnegative_coefficients,123
15,34,8,9,10,second,51,138,796,nonnegative_coefficients,796
15,34,9,10,6,first,1,0,123,nonnegative_coefficients,123
15,34,9,10,6,second,82,383,751,nonnegative_coefficients,751
15,34,12,10,9,first,1,0,123,nonnegative_coefficients,123
15,34,12,10,9,second,73,239,616,nonnegative_coefficients,616
15,34,12,11,15,first,1,-3,123,completed_square,483
15,34,12,11,15,second,76,37,616,nonnegative_coefficients,616
15,34,13,10,10,first,1,0,123,nonnegative_coefficients,123
15,34,13,10,10,second,70,191,571,nonnegative_coefficients,571
15,34,15,13,12,first,1,-9,123,completed_square,411
15,34,15,13,12,second,133,299,481,nonnegative_coefficients,481
15,35,13,10,9,first,1,0,120,nonnegative_coefficients,120
15,35,13,10,9,second,73,256,640,nonnegative_coefficients,640
15,35,21,14,21,first,1,-12,120,completed_square,336
15,35,21,14,21,second,133,-28,280,completed_square,148176
15,36,10,9,11,first,1,3,117,nonnegative_coefficients,117
15,36,10,9,11,second,48,123,846,nonnegative_coefficients,846
15,36,12,9,7,first,1,3,117,nonnegative_coefficients,117
15,36,12,9,7,second,60,297,756,nonnegative_coefficients,756
15,36,12,12,9,first,1,-6,117,completed_square,432
15,36,12,12,9,second,117,423,756,nonnegative_coefficients,756
15,36,13,10,11,first,1,0,117,nonnegative_coefficients,117
15,36,13,10,11,second,67,186,711,nonnegative_coefficients,711
15,36,14,9,9,first,1,3,117,nonnegative_coefficients,117
15,36,14,9,9,second,54,201,666,nonnegative_coefficients,666
15,36,17,11,13,first,1,-3,117,completed_square,459
15,36,17,11,13,second,82,156,531,nonnegative_coefficients,531
15,37,13,9,9,first,1,3,114,nonnegative_coefficients,114
15,37,13,9,9,second,54,222,784,nonnegative_coefficients,784
15,37,15,10,11,first,1,0,114,nonnegative_coefficients,114
15,37,15,10,11,second,67,200,694,nonnegative_coefficients,694
15,37,18,13,15,first,1,-9,114,completed_square,375
15,37,18,13,15,second,124,233,559,nonnegative_coefficients,559
15,38,12,9,6,first,1,3,111,nonnegative_coefficients,111
15,38,12,9,6,second,63,378,904,nonnegative_coefficients,904
15,38,12,9,7,first,1,3,111,nonnegative_coefficients,111
15,38,12,9,7,second,60,333,904,nonnegative_coefficients,904
15,38,12,9,12,first,1,3,111,nonnegative_coefficients,111
15,38,12,9,12,second,45,108,904,nonnegative_coefficients,904
15,38,14,9,9,first,1,3,111,nonnegative_coefficients,111
15,38,14,9,9,second,54,237,814,nonnegative_coefficients,814
15,38,15,9,10,first,1,3,111,nonnegative_coefficients,111
15,38,15,9,10,second,51,189,769,nonnegative_coefficients,769
15,38,17,12,15,first,1,-6,111,completed_square,408
15,38,17,12,15,second,99,186,679,nonnegative_coefficients,679
15,38,18,11,13,first,1,-3,111,completed_square,435
15,38,18,11,13,second,82,197,634,nonnegative_coefficients,634
15,40,20,12,17,first,1,-6,105,completed_square,384
15,40,20,12,17,second,93,135,700,nonnegative_coefficients,700
15,41,18,9,10,first,1,3,102,nonnegative_coefficients,102
15,41,18,9,10,second,51,234,871,nonnegative_coefficients,871
15,41,18,9,11,first,1,3,102,nonnegative_coefficients,102
15,41,18,9,11,second,48,189,871,nonnegative_coefficients,871
15,50,21,9,18,first,1,3,75,nonnegative_coefficients,75
15,50,21,9,18,second,27,27,1555,nonnegative_coefficients,1555
15,52,18,10,24,first,1,0,69,nonnegative_coefficients,69
15,52,18,10,24,second,28,-94,1894,completed_square,203292
15,57,18,12,36,first,1,-6,54,completed_square,180
15,57,18,12,36,second,36,-306,2439,completed_square,257580
16,18,0,12,6,first,1,-4,202,completed_square,792
16,18,0,12,6,second,126,144,324,nonnegative_coefficients,324
16,18,0,16,18,first,1,-16,202,completed_square,552
16,18,0,16,18,second,202,-288,324,completed_square,178848
16,26,4,10,6,first,1,2,178,nonnegative_coefficients,178
16,26,4,10,6,second,82,220,484,nonnegative_coefficients,484
16,27,4,12,9,first,1,-4,175,completed_square,684
16,27,4,12,9,second,117,204,537,nonnegative_coefficients,537
16,27,4,13,15,first,1,-7,175,completed_square,651
16,27,4,13,15,second,124,-30,537,completed_square,265452
16,30,10,12,9,first,1,-4,166,completed_square,648
16,30,10,12,9,second,117,258,420,nonnegative_coefficients,420
16,31,4,12,15,first,1,-4,163,completed_square,636
16,31,4,12,15,second,99,12,769,nonnegative_coefficients,769
16,32,6,11,11,first,1,-1,160,completed_square,639
16,32,6,11,11,second,88,158,736,nonnegative_coefficients,736
16,33,5,11,11,first,1,-1,157,completed_square,627
16,33,5,11,11,second,88,183,849,nonnegative_coefficients,849
16,33,5,11,13,first,1,-1,157,completed_square,627
16,33,5,11,13,second,82,87,849,nonnegative_coefficients,849
16,35,10,10,7,first,1,2,151,nonnegative_coefficients,151
16,35,10,10,7,second,79,334,745,nonnegative_coefficients,745
16,36,3,14,21,first,1,-10,148,completed_square,492
16,36,3,14,21,second,133,-9,1152,completed_square,612783
16,36,7,11,13,first,1,-1,148,completed_square,591
16,36,7,11,13,second,82,147,960,nonnegative_coefficients,960
16,36,12,10,9,first,1,2,148,nonnegative_coefficients,148
16,36,12,10,9,second,73,252,720,nonnegative_coefficients,720
16,36,14,11,11,first,1,-1,148,completed_square,591
16,36,14,11,11,second,88,222,624,nonnegative_coefficients,624
16,37,14,11,11,first,1,-1,145,completed_square,579
16,37,14,11,11,second,88,244,697,nonnegative_coefficients,697
16,39,12,10,7,first,1,2,139,nonnegative_coefficients,139
16,39,12,10,7,second,79,408,945,nonnegative_coefficients,945
16,39,16,10,11,first,1,2,139,nonnegative_coefficients,139
16,39,16,10,11,second,67,204,753,nonnegative_coefficients,753
16,40,12,10,9,first,1,2,136,nonnegative_coefficients,136
16,40,12,10,9,second,73,332,1024,nonnegative_coefficients,1024
16,40,12,11,15,first,1,-1,136,completed_square,543
16,40,12,11,15,second,76,124,1024,nonnegative_coefficients,1024
16,40,15,10,9,first,1,2,136,nonnegative_coefficients,136
16,40,15,10,9,second,73,323,880,nonnegative_coefficients,880
16,40,15,10,10,first,1,2,136,nonnegative_coefficients,136
16,40,15,10,10,second,70,275,880,nonnegative_coefficients,880
16,40,15,11,15,first,1,-1,136,completed_square,543
16,40,15,11,15,second,76,115,880,nonnegative_coefficients,880
16,40,17,11,13,first,1,-1,136,completed_square,543
16,40,17,11,13,second,82,205,784,nonnegative_coefficients,784
16,41,20,12,15,first,1,-4,133,completed_square,516
16,41,20,12,15,second,99,204,721,nonnegative_coefficients,721
16,42,12,10,6,first,1,2,130,nonnegative_coefficients,130
16,42,12,10,6,second,82,516,1188,nonnegative_coefficients,1188
16,42,16,10,9,first,1,2,130,nonnegative_coefficients,130
16,42,16,10,9,second,73,360,996,nonnegative_coefficients,996
16,43,16,10,11,first,1,2,127,nonnegative_coefficients,127
16,43,16,10,11,second,67,284,1081,nonnegative_coefficients,1081
16,43,18,13,15,first,1,-7,127,completed_square,459
16,43,18,13,15,second,124,344,985,nonnegative_coefficients,985
16,44,18,10,11,first,1,2,124,nonnegative_coefficients,124
16,44,18,10,11,second,67,298,1072,nonnegative_coefficients,1072
16,44,24,12,17,first,1,-4,124,completed_square,480
16,44,24,12,17,second,93,168,784,nonnegative_coefficients,784
16,59,24,10,24,first,1,2,79,nonnegative_coefficients,79
16,59,24,10,24,second,28,-44,2329,completed_square,258912
16,60,30,10,24,first,1,2,76,nonnegative_coefficients,76
16,60,30,10,24,second,28,-42,2160,completed_square,240156
17,27,3,12,9,first,1,-2,208,completed_square,828
17,27,3,12,9,second,117,180,576,nonnegative_coefficients,576
17,27,3,13,12,first,1,-5,208,completed_square,807
17,27,3,13,12,second,133,81,576,nonnegative_coefficients,576
17,30,6,12,6,first,1,-2,199,completed_square,792
17,30,6,12,6,second,126,396,594,nonnegative_coefficients,594
17,30,6,16,18,first,1,-14,199,completed_square,600
17,30,6,16,18,second,202,24,594,nonnegative_coefficients,594
17,33,4,13,15,first,1,-5,190,completed_square,735
17,33,4,13,15,second,124,81,885,nonnegative_coefficients,885
17,34,18,16,18,first,1,-14,187,completed_square,552
17,34,18,16,18,second,202,116,238,nonnegative_coefficients,238
17,36,7,12,9,first,1,-2,181,completed_square,720
17,36,7,12,9,second,117,384,939,nonnegative_coefficients,939
17,36,7,14,21,first,1,-8,181,completed_square,660
17,36,7,14,21,second,133,-84,939,completed_square,492492
17,37,5,12,15,first,1,-2,178,completed_square,708
17,37,5,12,15,second,99,108,1114,nonnegative_coefficients,1114
17,39,9,12,15,first,1,-2,172,completed_square,684
17,39,9,12,15,second,99,144,1062,nonnegative_coefficients,1062
17,39,13,12,9,first,1,-2,172,completed_square,684
17,39,13,12,9,second,117,438,858,nonnegative_coefficients,858
17,40,7,12,17,first,1,-2,169,completed_square,672
17,40,7,12,17,second,93,72,1243,nonnegative_coefficients,1243
17,40,19,13,15,first,1,-5,169,completed_square,651
17,40,19,13,15,second,124,218,631,nonnegative_coefficients,631
17,43,17,11,11,first,1,1,160,nonnegative_coefficients,160
17,43,17,11,11,second,88,334,982,nonnegative_coefficients,982
17,43,19,12,15,first,1,-2,160,completed_square,636
17,43,19,12,15,second,99,210,880,nonnegative_coefficients,880
17,44,16,11,11,first,1,1,157,nonnegative_coefficients,157
17,44,16,11,11,second,88,359,1120,nonnegative_coefficients,1120
17,44,18,11,13,first,1,1,157,nonnegative_coefficients,157
17,44,18,11,13,second,82,251,1018,nonnegative_coefficients,1018
17,46,12,11,15,first,1,1,151,nonnegative_coefficients,151
17,46,12,11,15,second,76,211,1504,nonnegative_coefficients,1504
17,47,20,11,13,first,1,1,148,nonnegative_coefficients,148
17,47,20,11,13,second,82,311,1189,nonnegative_coefficients,1189
17,50,24,11,15,first,1,1,139,nonnegative_coefficients,139
17,50,24,11,15,second,76,263,1276,nonnegative_coefficients,1276
17,50,24,14,21,first,1,-8,139,completed_square,492
17,50,24,14,21,second,133,257,1276,nonnegative_coefficients,1276
18,36,6,13,12,first,1,-3,216,completed_square,855
18,36,6,13,12,second,133,270,972,nonnegative_coefficients,972
18,36,6,13,15,first,1,-3,216,completed_square,855
18,36,6,13,15,second,124,108,972,nonnegative_coefficients,972
18,39,12,12,9,first,1,0,207,nonnegative_coefficients,207
18,39,12,12,9,second,117,414,873,nonnegative_coefficients,873
18,40,15,13,12,first,1,-3,204,completed_square,807
18,40,15,13,12,second,133,347,790,nonnegative_coefficients,790
18,42,7,13,15,first,1,-3,198,completed_square,783
18,42,7,13,15,second,124,261,1386,nonnegative_coefficients,1386
18,42,12,12,6,first,1,0,198,nonnegative_coefficients,198
18,42,12,12,6,second,126,648,1116,nonnegative_coefficients,1116
18,46,19,13,15,first,1,-3,186,completed_square,735
18,46,19,13,15,second,124,329,1090,nonnegative_coefficients,1090
18,46,24,16,18,first,1,-12,186,completed_square,600
18,46,24,16,18,second,202,428,820,nonnegative_coefficients,820
18,48,16,12,9,first,1,0,180,nonnegative_coefficients,180
18,48,16,12,9,second,117,618,1440,nonnegative_coefficients,1440
18,49,20,12,15,first,1,0,177,nonnegative_coefficients,177
18,49,20,12,15,second,99,306,1321,nonnegative_coefficients,1321
18,50,28,14,21,first,1,-6,174,completed_square,660
18,50,28,14,21,second,133,182,988,nonnegative_coefficients,988
18,51,24,12,15,first,1,0,171,nonnegative_coefficients,171
18,51,24,12,15,second,99,342,1305,nonnegative_coefficients,1305
18,52,24,12,17,first,1,0,168,nonnegative_coefficients,168
18,52,24,12,17,second,93,258,1408,nonnegative_coefficients,1408
18,78,36,12,36,first,1,0,90,nonnegative_coefficients,90
18,78,36,12,36,second,36,-180,4140,completed_square,563760
19,45,9,14,21,first,1,-4,226,completed_square,888
19,45,9,14,21,second,133,36,1512,nonnegative_coefficients,1512
19,48,7,14,21,first,1,-4,217,completed_square,852
19,48,7,14,21,second,133,126,1905,nonnegative_coefficients,1905
19,49,18,13,12,first,1,-1,214,completed_square,855
19,49,18,13,12,second,133,536,1375,nonnegative_coefficients,1375
19,49,21,13,15,first,1,-1,214,completed_square,855
19,49,21,13,15,second,124,356,1204,nonnegative_coefficients,1204
19,55,22,13,15,first,1,-1,196,completed_square,783
19,55,22,13,15,second,124,509,1771,nonnegative_coefficients,1771
20,30,0,20,30,first,1,-20,310,completed_square,840
20,30,0,20,30,second,310,-600,900,completed_square,756000
20,36,4,16,18,first,1,-8,292,completed_square,1104
20,36,4,16,18,second,202,60,1056,nonnegative_coefficients,1056
20,59,30,14,21,first,1,-2,223,completed_square,888
20,59,30,14,21,second,133,302,1681,nonnegative_coefficients,1681
20,62,28,14,21,first,1,-2,214,completed_square,852
20,62,28,14,21,second,133,392,2164,nonnegative_coefficients,2164
21,42,6,16,18,first,1,-6,315,completed_square,1224
21,42,6,16,18,second,202,192,1386,nonnegative_coefficients,1386
21,48,10,16,18,first,1,-6,297,completed_square,1152
21,48,10,16,18,second,202,372,1674,nonnegative_coefficients,1674
21,50,30,20,30,first,1,-18,291,completed_square,840
21,50,30,20,30,second,310,20,610,nonnegative_coefficients,610
21,52,22,16,18,first,1,-6,285,completed_square,1104
21,52,22,16,18,second,202,464,1318,nonnegative_coefficients,1318
22,58,24,16,18,first,1,-4,310,completed_square,1224
22,58,24,16,18,second,202,596,1780,nonnegative_coefficients,1780
22,64,28,16,18,first,1,-4,292,completed_square,1152
22,64,28,16,18,second,202,776,2248,nonnegative_coefficients,2248
25,60,10,20,30,first,1,-10,445,completed_square,1680
25,60,10,20,30,second,310,120,2850,nonnegative_coefficients,2850
26,80,40,20,30,first,1,-8,436,completed_square,1680
26,80,40,20,30,second,310,740,3280,nonnegative_coefficients,3280
