15820
16777284 27648
16777285 55296
16777286 55296
16777347 76032
16777348 207360
16777349 262656
16777350 87552
16777410 69120
16777411 293760
16777412 483840
16777413 293760
16777414 55296
16777473 20736
16777474 183168
16777475 466560
16777476 397440
16777477 145728
16777478 17280
16777537 41472
16777538 228096
16777539 270720
16777540 139392
16777541 33408
16777542 2304
16777601 41472
16777602 72576
16777603 48960
16777604 16128
16777605 2304
16781315 -13824
16781317 27648
16781318 55296
16781378 -38016
16781379 76032
16781380 338688
16781381 493056
16781382 175104
16781441 -34560
16781442 134784
16781443 864000
16781444 1441152
16781445 973440
16781446 165888
16781504 -10368
16781505 58752
16781506 806976
16781507 1963008
16781508 1924128
16781509 714240
16781510 69120
16781569 276480
16781570 1332864
16781571 1856448
16781572 1053504
16781573 230400
16781574 11520
16781632 20736
16781633 411264
16781634 868896
16781635 665856
16781636 224640
16781637 25344
16781696 41472
16781697 145152
16781698 146880
16781699 64512
16781700 11520
16785410 -38016
16785411 -13824
16785412 125568
16785413 202752
16785414 87552
16785473 -68256
16785474 10368
16785475 795744
16785476 1253376
16785477 978048
16785478 165888
16785536 -30240
16785537 4320
16785538 1281312
16785539 2753136
16785540 3062304
16785541 1185408
16785542 103680
16785600 -12096
16785601 689760
16785602 2655648
16785603 4231296
16785604 2676384
16785605 552960
16785606 23040
16785664 97632
16785665 1113840
16785666 2860704
16785667 2593728
16785668 895104
16785669 86400
16785728 162432
16785729 853056
16785730 1087776
16785731 532224
16785732 86400
16785792 72576
16785793 146880
16785794 96768
16785795 23040
16789505 -31104
16789506 -50112
16789507 218592
16789508 339840
16789509 298368
16789510 55296
16789568 -27216
16789569 -85536
16789570 802584
16789571 1621728
16789572 1937376
16789573 811008
16789574 69120
16789632 -43200
16789633 743760
16789634 2535120
16789635 4215456
16789636 2988000
16789637 610560
16789638 23040
16789696 177048
16789697 1511136
16789698 4082400
16789699 4368960
16789700 1564416
16789701 138240
16789760 290736
16789761 1757664
16789762 2828448
16789763 1539072
16789764 236160
16789824 254880
16789825 735552
16789826 582912
16789827 138240
16789888 48960
16789889 64512
16789890 23040
16793600 -7776
16793601 -44928
16793602 161712
16793603 344304
16793604 423648
16793605 194112
16793606 17280
16793664 -41040
16793665 334440
16793666 1171224
16793667 1918944
16793668 1505376
16793669 316800
16793670 11520
16793728 138168
16793729 1133568
16793730 2924640
16793731 3579696
16793732 1353024
16793733 115200
16793792 310536
16793793 1803744
16793794 3485952
16793795 2105280
16793796 316800
16793856 374112
16793857 1397808
16793858 1315584
16793859 316800
16793920 174240
16793921 300672
16793922 115200
16793984 16128
16793985 11520
16797696 -11664
16797697 49680
16797698 206856
16797699 328320
16797700 279648
16797701 62208
16797702 2304
16797760 45360
16797761 434736
16797762 1042632
16797763 1407456
16797764 566784
16797765 48384
16797824 194184
16797825 1012464
16797826 2224368
16797827 1479168
16797828 224640
16797888 300168
16797889 1338912
16797890 1460160
16797891 362880
16797952 255312
16797953 546048
16797954 224640
16798016 58752
16798017 48384
16798080 2304
16801792 4752
16801793 65304
16801794 147672
16801795 212976
16801796 91584
16801797 8064
16801856 63360
16801857 299088
16801858 712440
16801859 516096
16801860 80640
16801920 139608
16801921 694800
16801922 856512
16801923 221760
16801984 198360
16801985 504000
16801986 221760
16802048 87552
16802049 80640
16802112 8064
16805888 8208
16805889 36432
16805890 90792
16805891 70848
16805892 11520
16805952 35496
16805953 187200
16805954 255168
16805955 69120
16806016 86472
16806017 252288
16806018 118080
16806080 68544
16806081 69120
16806144 11520
16809984 3816
16809985 20592
16809986 30456
16809987 8640
16810048 20088
16810049 65448
16810050 32400
16810112 29808
16810113 32400
16810176 8640
16814080 1944
16814081 6912
16814082 3600
16814144 6840
16814145 7920
16814208 3600
16818176 648
16818177 792
16818240 792
16822272 72
33554498 -19008
33554499 93312
33554500 274752
33554501 269568
33554502 20736
33554561 -19008
33554562 129600
33554563 815616
33554564 1197792
33554565 466560
33554566 17280
33554625 43200
33554626 735696
33554627 1878912
33554628 1338912
33554629 283392
33554630 3456
33554688 4320
33554689 215568
33554690 1271664
33554691 1564416
33554692 633024
33554693 81216
33554752 8640
33554753 327456
33554754 818496
33554755 537408
33554756 134784
33554757 10368
33554816 8640
33554817 140256
33554818 154368
33554819 58176
33554820 8064
33558529 9504
33558530 -51840
33558531 -16416
33558532 167616
33558533 259200
33558534 20736
33558592 9504
33558593 -90720
33558594 -22464
33558595 1343232
33558596 2280960
33558597 936576
33558598 34560
33558656 -22464
33558657 -95688
33558658 2105856
33558659 5766048
33558660 4362048
33558661 879552
33558662 10368
33558720 -42984
33558721 932832
33558722 5690304
33558723 7363872
33558724 3028896
33558725 335232
33558784 58752
33558785 2165328
33558786 5512320
33558787 3809088
33558788 908352
33558789 51840
33558848 219312
33558849 1690272
33558850 1951776
33558851 748800
33558852 92160
33558912 140256
33558913 308736
33558914 174528
33558915 32256
33562624 8856
33562625 -48816
33562626 -173160
33562627 465696
33562628 980352
33562629 459648
33562630 17280
33562688 -22464
33562689 -387576
33562690 1702224
33562691 5296608
33562692 4363776
33562693 891648
33562694 10368
33562752 -194652
33562753 1268352
33562754 8510688
33562755 11681424
33562756 4982976
33562757 513216
33562816 138096
33562817 4767840
33562818 12608640
33562819 9333216
33562820 2167776
33562821 103680
33562880 733104
33562881 5616288
33562882 7204896
33562883 2873664
33562884 317952
33562944 801648
33562945 2136960
33562946 1350432
33562947 248832
33563008 154368
33563009 174528
33563010 48384
33566720 -1728
33566721 -213804
33566722 348264
33566723 1504656
33566724 1349280
33566725 295488
33566726 3456
33566784 -208188
33566785 535680
33566786 5202648
33566787 7540128
33566788 3399264
33566789 345600
33566848 58464
33566849 4773312
33566850 12937104
33566851 10255104
33566852 2390688
33566853 103680
33566912 1105704
33566913 8344800
33566914 11784672
33566915 4927680
33566916 511488
33566976 1711872
33566977 5329440
33566978 3755808
33566979 688896
33567040 722592
33567041 993600
33567042 297216
33567104 58176
33567105 32256
33570816 -63792
33570817 23076
33570818 1100520
33570819 1704672
33570820 816480
33570821 86400
33570880 -54324
33570881 2173608
33570882 6139512
33570883 5164992
33570884 1240128
33570885 51840
33570944 833292
33570945 6311016
33570946 9583920
33570947 4221648
33570948 427392
33571008 1870560
33571009 6474672
33571010 5023296
33571011 930240
33571072 1339200
33571073 2161584
33571074 689472
33571136 257184
33571137 164736
33571200 8064
33574912 -30204
33574913 357732
33574914 1095408
33574915 970128
33574916 243648
33574917 10368
33574976 294444
33574977 2368368
33574978 3799656
33574979 1762560
33574980 179712
33575040 1118520
33575041 4154832
33575042 3490128
33575043 661824
33575104 1285416
33575105 2349216
33575106 794880
33575168 452304
33575169 324864
33575232 34560
33579008 37584
33579009 348732
33579010 585648
33579011 285120
33579012 29952
33579072 346500
33579073 1355400
33579074 1213704
33579075 237888
33579136 679608
33579137 1364688
33579138 487296
33579200 410328
33579201 322560
33579264 58176
33583104 43308
33583105 177192
33583106 166968
33583107 33984
33583168 188280
33583169 405792
33583170 152064
33583232 203976
33583233 172224
33583296 50112
33587200 21384
33587201 48600
33587202 19008
33587264 52920
33587265 47304
33587328 23544
33591296 5616
33591297 5256
33591360 5760
33595392 576
50331713 -38016
50331714 96768
50331715 532224
50331716 556416
50331717 103680
50331776 -19008
50331777 13824
50331778 1112832
50331779 2206080
50331780 1068480
50331781 86400
50331840 -25920
50331841 510624
50331842 2625696
50331843 2524608
50331844 642816
50331845 17280
50331904 20304
50331905 1028736
50331906 2265120
50331907 1183104
50331908 174528
50331968 75168
50331969 736704
50331970 798336
50331971 246528
50331972 21888
50332032 43488
50332033 152064
50332034 88128
50332035 13824
50335744 9504
50335745 -53568
50335746 -59616
50335747 361152
50335748 514944
50335749 103680
50335808 -44064
50335809 -281664
50335810 1764288
50335811 4241088
50335812 2155968
50335813 172800
50335872 -220104
50335873 1316016
50335874 8233632
50335875 8121600
50335876 2041632
50335877 51840
50335936 43344
50335937 4917312
50335938 10596384
50335939 5498496
50335940 729216
50336000 664848
50336001 5127264
50336002 5418144
50336003 1579968
50336004 105984
50336064 689760
50336065 1900800
50336066 1045440
50336067 153216
50336128 152064
50336129 176256
50336130 41472
50339840 -4320
50339841 -284112
50339842 525456
50339843 1874304
50339844 1046016
50339845 86400
50339904 -361656
50339905 715968
50339906 7767504
50339907 8116416
50339908 2090880
50339909 51840
50339968 -151272
50339969 7652304
50339970 16895376
50339971 8950176
50339972 1125792
50340032 1665360
50340033 12020544
50340034 12916800
50340035 3680640
50340036 206784
50340096 2460096
50340097 6829920
50340098 3793824
50340099 513216
50340160 1026432
50340161 1263168
50340162 307584
50340224 88128
50340225 41472
50343936 -143388
50343937 -32760
50343938 2220984
50343939 2540160
50343940 692064
50343941 17280
50344000 -335232
50344001 4667904
50344002 11083968
50344003 6099264
50344004 762048
50344064 1696104
50344065 12691728
50344066 14051232
50344067 4015296
50344068 203328
50344128 3861072
50344129 11018592
50344130 6296832
50344131 807552
50344192 2518848
50344193 3328128
50344194 825984
50344256 464256
50344257 243072
50344320 13824
50348032 -145116
50348033 939312
50348034 2552184
50348035 1474848
50348036 190944
50348096 711360
50348097 6170256
50348098 7102080
50348099 2077632
50348100 100800
50348160 3041496
50348161 8972208
50348162 5311440
50348163 665568
50348224 3062448
50348225 4313952
50348226 1092960
50348288 961776
50348289 546624
50348352 66816
50352128 94644
50352129 1116072
50352130 1349784
50352131 409536
50352132 20160
50352192 1166400
50352193 3595968
50352194 2209248
50352195 278208
50352256 1988712
50352257 2955312
50352258 768960
50352320 1018224
50352321 618912
50352384 127872
50356224 172044
50356225 562680
50356226 358776
50356227 46368
50356288 659592
50356289 1025136
50356290 275184
50356352 585288
50356353 375984
50356416 124992
50360320 87696
50360321 141696
50360322 39312
50360384 173952
50360385 116928
50360448 66240
50364416 20952
50364417 14616
50364480 18144
50368512 2016
67108928 -19008
67108929 24192
67108930 495936
67108931 625536
67108932 212544
67108992 -39744
67108993 603072
67108994 2021760
67108995 1338624
67108996 177120
67109056 68688
67109057 1524096
67109058 2411856
67109059 820800
67109060 35424
67109120 221040
67109121 1386576
67109122 1157040
67109123 221184
67109184 183744
67109185 513504
67109186 247680
67109187 28224
67109248 41472
67109249 60192
67109250 14400
67112960 -15552
67112961 -67392
67112962 354240
67112963 560736
67112964 212544
67113024 -180576
67113025 856224
67113026 3895488
67113027 2716992
67113028 354240
67113088 79344
67113089 4850136
67113090 7710912
67113091 2630880
67113092 106272
67113152 1171224
67113153 6591168
67113154 5253696
67113155 913248
67113216 1424736
67113217 3458448
67113218 1506528
67113219 129024
67113280 579024
67113281 692064
67113282 148032
67113344 60192
67113345 28800
67117056 -122832
67117057 165168
67117058 1738296
67117059 1313568
67117060 177120
67117120 -177552
67117121 4591512
67117122 7721568
67117123 2709504
67117124 106272
67117184 1869588
67117185 10649232
67117186 8482320
67117187 1401408
67117248 3520512
67117249 8167968
67117250 3394656
67117251 239904
67117312 2109888
67117313 2398896
67117314 465696
67117376 414288
67117377 196992
67117440 14400
67121152 -155952
67121153 1275156
67121154 2435040
67121155 899424
67121156 35424
67121216 1079964
67121217 7066368
67121218 5790240
67121219 947808
67121280 3835944
67121281 8886096
67121282 3640608
67121283 227808
67121344 3432672
67121345 3854016
67121346 698112
67121408 1045296
67121409 495360
67121472 77184
67125248 184392
67125249 1632780
67125250 1410840
67125251 238464
67125312 1885860
67125313 4522896
67125314 1876752
67125315 110880
67125376 2827908
67125377 3200904
67125378 557568
67125440 1318824
67125441 625680
67125504 162288
67129344 338076
67129345 867276
67129346 371952
67129347 22176
67129408 1146636
67129409 1328400
67129410 229824
67129472 893592
67129473 428544
67129536 176112
67133440 180936
67133441 216972
67133442 38304
67133504 309924
67133505 151704
67133568 104616
67137536 43092
67137537 21672
67137600 32256
67141632 4032
83886144 -6912
83886145 217728
83886146 404352
83886147 228096
83886208 98496
83886209 903168
83886210 957312
83886211 190080
83886272 293472
83886273 1136736
83886274 609984
83886275 38016
83886336 288432
83886337 568224
83886338 169344
83886400 113184
83886401 127872
83886402 22464
83886464 14112
83886465 8064
83890176 -24192
83890177 157248
83890178 355104
83890179 228096
83890240 96480
83890241 1726272
83890242 1954368
83890243 380160
83890304 941400
83890305 3638016
83890306 1950048
83890307 114048
83890368 1434528
83890369 2556288
83890370 679968
83890432 795888
83890433 754560
83890434 96768
83890496 170784
83890497 78336
83890560 8064
83894272 -20160
83894273 761328
83894274 947808
83894275 190080
83894336 867240
83894337 3658752
83894338 2011392
83894339 114048
83894400 2372976
83894401 4118976
83894402 1026432
83894464 1908000
83894465 1653696
83894466 170208
83894528 583632
83894529 231552
83894592 51840
83898368 218988
83898369 1154880
83898370 671328
83898371 38016
83898432 1585152
83898433 2824704
83898434 690336
83898496 2101968
83898497 1745280
83898498 154656
83898560 920448
83898561 328320
83898624 122112
83902464 361620
83902465 692496
83902466 174528
83902528 1080432
83902529 897120
83902530 73440
83902592 758088
83902593 252000
83902656 146160
83906560 207972
83906561 178848
83906562 14688
83906624 314928
83906625 101952
83906688 96768
83910656 51732
83910657 16992
83910720 33768
83914752 4824
100663360 34560
100663361 141696
100663362 134784
100663424 152352
100663425 365184
100663426 112320
100663488 204336
100663489 243648
100663490 22464
100663552 106992
100663553 70848
100663616 25344
100663617 9792
100663680 1728
100667392 24192
100667393 123552
100667394 134784
100667456 283968
100667457 749376
100667458 224640
100667520 660096
100667521 771552
100667522 67392
100667584 486432
100667585 275616
100667648 150048
100667649 40320
100667712 16704
100671488 119736
100671489 366048
100671490 112320
100671552 667872
100671553 794880
100671554 67392
100671616 789264
100671617 407808
100671680 324864
100671681 67680
100671744 47520
100675584 209088
100675585 266976
100675586 22464
100675648 545472
100675649 272160
100675712 339840
100675713 59040
100675776 64512
100679680 134136
100679681 69120
100679744 174672
100679745 27360
100679808 47808
100683776 34992
100683777 5472
100683840 19008
100687872 3168
117440576 20736
117440577 41472
117440640 57024
117440641 34560
117440704 39744
117440705 6912
117440768 12096
117440832 1728
117444608 18144
117444609 41472
117444672 117504
117444673 69120
117444736 124416
117444737 20736
117444800 45792
117444864 6912
117448704 57888
117448705 34560
117448768 127872
117448769 20736
117448832 66528
117448896 11232
117452800 43200
117452801 6912
117452864 44064
117452928 9504
117456896 11232
117456960 4320
117460992 864
134217792 5184
134217856 4320
134217920 864
134221824 5184
134221888 8640
134221952 2592
134225920 4320
134225984 2592
134230016 864
1073741892 20736
1073741893 41472
1073741894 41472
1073741955 69120
1073741956 183168
1073741957 228096
1073741958 72576
1073742018 76032
1073742019 293760
1073742020 466560
1073742021 270720
1073742022 48960
1073742081 27648
1073742082 207360
1073742083 483840
1073742084 397440
1073742085 139392
1073742086 16128
1073742145 55296
1073742146 262656
1073742147 293760
1073742148 145728
1073742149 33408
1073742150 2304
1073742209 55296
1073742210 87552
1073742211 55296
1073742212 17280
1073742213 2304
1073745923 -10368
1073745925 20736
1073745926 41472
1073745986 -34560
1073745987 58752
1073745988 276480
1073745989 411264
1073745990 145152
1073746049 -38016
1073746050 134784
1073746051 806976
1073746052 1332864
1073746053 868896
1073746054 146880
1073746112 -13824
1073746113 76032
1073746114 864000
1073746115 1963008
1073746116 1856448
1073746117 665856
1073746118 64512
1073746177 338688
1073746178 1441152
1073746179 1924128
1073746180 1053504
1073746181 224640
1073746182 11520
1073746240 27648
1073746241 493056
1073746242 973440
1073746243 714240
1073746244 230400
1073746245 25344
1073746304 55296
1073746305 175104
1073746306 165888
1073746307 69120
1073746308 11520
1073750018 -30240
1073750019 -12096
1073750020 97632
1073750021 162432
1073750022 72576
1073750081 -68256
1073750082 4320
1073750083 689760
1073750084 1113840
1073750085 853056
1073750086 146880
1073750144 -38016
1073750145 10368
1073750146 1281312
1073750147 2655648
1073750148 2860704
1073750149 1087776
1073750150 96768
1073750208 -13824
1073750209 795744
1073750210 2753136
1073750211 4231296
1073750212 2593728
1073750213 532224
1073750214 23040
1073750272 125568
1073750273 1253376
1073750274 3062304
1073750275 2676384
1073750276 895104
1073750277 86400
1073750336 202752
1073750337 978048
1073750338 1185408
1073750339 552960
1073750340 86400
1073750400 87552
1073750401 165888
1073750402 103680
1073750403 23040
1073754113 -27216
1073754114 -43200
1073754115 177048
1073754116 290736
1073754117 254880
1073754118 48960
1073754176 -31104
1073754177 -85536
1073754178 743760
1073754179 1511136
1073754180 1757664
1073754181 735552
1073754182 64512
1073754240 -50112
1073754241 802584
1073754242 2535120
1073754243 4082400
1073754244 2828448
1073754245 582912
1073754246 23040
1073754304 218592
1073754305 1621728
1073754306 4215456
1073754307 4368960
1073754308 1539072
1073754309 138240
1073754368 339840
1073754369 1937376
1073754370 2988000
1073754371 1564416
1073754372 236160
1073754432 298368
1073754433 811008
1073754434 610560
1073754435 138240
1073754496 55296
1073754497 69120
1073754498 23040
1073758208 -7776
1073758209 -41040
1073758210 138168
1073758211 310536
1073758212 374112
1073758213 174240
1073758214 16128
1073758272 -44928
1073758273 334440
1073758274 1133568
1073758275 1803744
1073758276 1397808
1073758277 300672
1073758278 11520
1073758336 161712
1073758337 1171224
1073758338 2924640
1073758339 3485952
1073758340 1315584
1073758341 115200
1073758400 344304
1073758401 1918944
1073758402 3579696
1073758403 2105280
1073758404 316800
1073758464 423648
1073758465 1505376
1073758466 1353024
1073758467 316800
1073758528 194112
1073758529 316800
1073758530 115200
1073758592 17280
1073758593 11520
1073762304 -11664
1073762305 45360
1073762306 194184
1073762307 300168
1073762308 255312
1073762309 58752
1073762310 2304
1073762368 49680
1073762369 434736
1073762370 1012464
1073762371 1338912
1073762372 546048
1073762373 48384
1073762432 206856
1073762433 1042632
1073762434 2224368
1073762435 1460160
1073762436 224640
1073762496 328320
1073762497 1407456
1073762498 1479168
1073762499 362880
1073762560 279648
1073762561 566784
1073762562 224640
1073762624 62208
1073762625 48384
1073762688 2304
1073766400 4752
1073766401 63360
1073766402 139608
1073766403 198360
1073766404 87552
1073766405 8064
1073766464 65304
1073766465 299088
1073766466 694800
1073766467 504000
1073766468 80640
1073766528 147672
1073766529 712440
1073766530 856512
1073766531 221760
1073766592 212976
1073766593 516096
1073766594 221760
1073766656 91584
1073766657 80640
1073766720 8064
1073770496 8208
1073770497 35496
1073770498 86472
1073770499 68544
1073770500 11520
1073770560 36432
1073770561 187200
1073770562 252288
1073770563 69120
1073770624 90792
1073770625 255168
1073770626 118080
1073770688 70848
1073770689 69120
1073770752 11520
1073774592 3816
1073774593 20088
1073774594 29808
1073774595 8640
1073774656 20592
1073774657 65448
1073774658 32400
1073774720 30456
1073774721 32400
1073774784 8640
1073778688 1944
1073778689 6840
1073778690 3600
1073778752 6912
1073778753 7920
1073778816 3600
1073782784 648
1073782785 792
1073782848 792
1073786880 72
1090519044 27648
1090519045 55296
1090519046 55296
1090519106 -38016
1090519107 122688
1090519108 530496
1090519109 717120
1090519110 226944
1090519169 -38016
1090519170 184896
1090519171 1388448
1090519172 2372256
1090519173 1364256
1090519174 205632
1090519233 122688
1090519234 1388448
1090519235 3445920
1090519236 2842272
1090519237 861120
1090519238 71424
1090519296 27648
1090519297 530496
1090519298 2372256
1090519299 2842272
1090519300 1278720
1090519301 229248
1090519302 9216
1090519360 55296
1090519361 717120
1090519362 1364256
1090519363 861120
1090519364 229248
1090519365 23040
1090519424 55296
1090519425 226944
1090519426 205632
1090519427 71424
1090519428 9216
1090523137 19008
1090523138 -67392
1090523139 -23328
1090523140 346464
1090523141 658944
1090523142 226944
1090523200 19008
1090523201 -167616
1090523202 -202608
1090523203 2174976
1090523204 4607424
1090523205 2907648
1090523206 411264
1090523264 -67392
1090523265 -202608
1090523266 3686400
1090523267 10766304
1090523268 9847584
1090523269 3028608
1090523270 214272
1090523328 -23328
1090523329 2174976
1090523330 10766304
1090523331 14279040
1090523332 6931008
1090523333 1164672
1090523334 36864
1090523392 346464
1090523393 4607424
1090523394 9847584
1090523395 6931008
1090523396 1903104
1090523397 158976
1090523456 658944
1090523457 2907648
1090523458 3028608
1090523459 1164672
1090523460 158976
1090523520 226944
1090523521 411264
1090523522 214272
1090523523 36864
1090527232 17712
1090527233 -55728
1090527234 -357336
1090527235 671256
1090527236 1968336
1090527237 1429920
1090527238 205632
1090527296 -55728
1090527297 -828936
1090527298 2580264
1090527299 9906768
1090527300 10183968
1090527301 3268224
1090527302 214272
1090527360 -357336
1090527361 2580264
1090527362 16039008
1090527363 23642208
1090527364 12430944
1090527365 2011392
1090527366 55296
1090527424 671256
1090527425 9906768
1090527426 23642208
1090527427 18677952
1090527428 5265792
1090527429 387072
1090527488 1968336
1090527489 10183968
1090527490 12430944
1090527491 5265792
1090527492 691200
1090527552 1429920
1090527553 3268224
1090527554 2011392
1090527555 387072
1090527616 205632
1090527617 214272
1090527618 55296
1090531328 4320
1090531329 -412056
1090531330 351720
1090531331 2754576
1090531332 3202560
1090531333 1100736
1090531334 71424
1090531392 -412056
1090531393 786816
1090531394 9597600
1090531395 15677856
1090531396 8944128
1090531397 1445760
1090531398 36864
1090531456 351720
1090531457 9597600
1090531458 25061472
1090531459 21972384
1090531460 6406848
1090531461 437760
1090531520 2754576
1090531521 15677856
1090531522 21972384
1090531523 10157184
1090531524 1290240
1090531584 3202560
1090531585 8944128
1090531586 6406848
1090531587 1290240
1090531648 1100736
1090531649 1445760
1090531650 437760
1090531712 71424
1090531713 36864
1090535424 -119808
1090535425 -82224
1090535426 1936224
1090535427 3599640
1090535428 2216880
1090535429 369792
1090535430 9216
1090535488 -82224
1090535489 4158648
1090535490 12136536
1090535491 11612880
1090535492 3536064
1090535493 235008
1090535552 1936224
1090535553 12136536
1090535554 18924480
1090535555 9453888
1090535556 1188864
1090535616 3599640
1090535617 11612880
1090535618 9453888
1090535619 1969920
1090535680 2216880
1090535681 3536064
1090535682 1188864
1090535744 369792
1090535745 235008
1090535808 9216
1090539520 -69048
1090539521 631152
1090539522 2186856
1090539523 2257056
1090539524 721152
1090539525 48384
1090539584 631152
1090539585 4612320
1090539586 7833168
1090539587 4183200
1090539588 532224
1090539648 2186856
1090539649 7833168
1090539650 7058880
1090539651 1524096
1090539712 2257056
1090539713 4183200
1090539714 1524096
1090539776 721152
1090539777 532224
1090539840 48384
1090543616 71280
1090543617 681048
1090543618 1247544
1090543619 705024
1090543620 92160
1090543680 681048
1090543681 2655504
1090543682 2589984
1090543683 580608
1090543744 1247544
1090543745 2589984
1090543746 1006848
1090543808 705024
1090543809 580608
1090543872 92160
1090547712 84744
1090547713 357768
1090547714 371088
1090547715 86400
1090547776 357768
1090547777 808992
1090547778 331776
1090547840 371088
1090547841 331776
1090547904 86400
1090551808 41760
1090551809 100728
1090551810 43200
1090551872 100728
1090551873 95904
1090551936 43200
1090555904 11088
1090555905 11088
1090555968 11088
1090560000 1152
1107296258 -19008
1107296259 93312
1107296260 274752
1107296261 269568
1107296262 20736
1107296321 -114048
1107296322 43200
1107296323 1657152
1107296324 2741184
1107296325 1176768
1107296326 34560
1107296384 -38016
1107296385 -105408
1107296386 2589840
1107296387 7089696
1107296388 5241312
1107296389 1020384
1107296390 10368
1107296448 1728
1107296449 1335744
1107296450 7136064
1107296451 8603424
1107296452 3122208
1107296453 314496
1107296512 200448
1107296513 2775456
1107296514 6272640
1107296515 3665952
1107296516 729792
1107296517 34560
1107296576 298944
1107296577 1857600
1107296578 1804896
1107296579 567936
1107296580 59904
1107296640 139392
1107296641 255744
1107296642 122688
1107296643 17280
1107300352 28512
1107300353 -106272
1107300354 -298080
1107300355 1148832
1107300356 2518560
1107300357 1180224
1107300358 34560
1107300416 -96768
1107300417 -1222128
1107300418 3684240
1107300419 14215104
1107300420 11241792
1107300421 2120256
1107300422 20736
1107300480 -570024
1107300481 2785392
1107300482 23335200
1107300483 29936448
1107300484 11212704
1107300485 998784
1107300544 508320
1107300545 13580352
1107300546 31877856
1107300547 19823616
1107300548 3866112
1107300549 145152
1107300608 2293776
1107300609 13835520
1107300610 14635872
1107300611 4770432
1107300612 448128
1107300672 1891008
1107300673 4095360
1107300674 2118528
1107300675 322560
1107300736 255744
1107300737 245376
1107300738 51840
1107304448 27648
1107304449 -970488
1107304450 663120
1107304451 6292584
1107304452 5538528
1107304453 1082592
1107304454 10368
1107304512 -1089936
1107304513 336744
1107304514 22201560
1107304515 31360896
1107304516 12308832
1107304517 1043712
1107304576 -346896
1107304577 21072024
1107304578 53921232
1107304579 35853696
1107304580 6928416
1107304581 228096
1107304640 5352696
1107304641 34324416
1107304642 39682944
1107304643 13515840
1107304644 1158912
1107304704 6843456
1107304705 17155872
1107304706 9762336
1107304707 1501632
1107304768 2162592
1107304769 2410560
1107304770 582336
1107304832 122688
1107304833 51840
1107308544 -421956
1107308545 -876096
1107308546 6136056
1107308547 10056528
1107308548 4195872
1107308549 359424
1107308608 -1274472
1107308609 12342960
1107308610 36740304
1107308611 26145504
1107308612 5132736
1107308613 158976
1107308672 5073336
1107308673 37781136
1107308674 47318112
1107308675 16870752
1107308676 1376640
1107308736 11038320
1107308737 30873888
1107308738 19211040
1107308739 2962368
1107308800 6071040
1107308801 7840512
1107308802 2063232
1107308864 859968
1107308865 436608
1107308928 17280
1107312640 -567828
1107312641 2230560
1107312642 8624088
1107312643 6591816
1107312644 1343232
1107312645 41472
1107312704 1873296
1107312705 18832104
1107312706 25504776
1107312707 9536256
1107312708 769536
1107312768 8882784
1107312769 27236232
1107312770 18275760
1107312771 2854080
1107312832 8115048
1107312833 11802816
1107312834 3311712
1107312896 2149488
1107312897 1254240
1107312960 116928
1107316736 175500
1107316737 3434760
1107316738 5067288
1107316739 1987488
1107316740 163584
1107316800 3435984
1107316801 11575008
1107316802 8270208
1107316803 1323648
1107316864 5653512
1107316865 9007200
1107316866 2666304
1107316928 2598336
1107316929 1682496
1107316992 279072
1107320832 503244
1107320833 1890072
1107320834 1424952
1107320835 235584
1107320896 1976184
1107320897 3381120
1107320898 1048032
1107320960 1646280
1107320961 1151856
1107321024 317232
1107324928 273240
1107324929 495576
1107324930 159840
1107324992 526536
1107324993 390384
1107325056 187200
1107329024 67104
1107329025 51984
1107329088 55512
1107333120 6552
1124073473 -38016
1124073474 96768
1124073475 532224
1124073476 556416
1124073477 103680
1124073536 -76032
1124073537 -233280
1124073538 2023488
1124073539 4705920
1124073540 2598336
1124073541 172800
1124073600 -221184
1124073601 1515456
1124073602 8992512
1124073603 9138816
1124073604 2207520
1124073605 51840
1124073664 199584
1124073665 5358240
1124073666 11331360
1124073667 5341248
1124073668 623232
1124073728 779904
1124073729 5205600
1124073730 4877280
1124073731 1178496
1124073732 59904
1124073792 655776
1124073793 1569024
1124073794 734976
1124073795 85248
1124073856 105408
1124073857 100224
1124073858 19584
1124077568 -40608
1124077569 -531360
1124077570 1348704
1124077571 4358592
1124077572 2617344
1124077573 172800
1124077632 -936576
1124077633 1371456
1124077634 18241920
1124077635 19618560
1124077636 4734720
1124077637 103680
1124077696 -315648
1124077697 17973216
1124077698 39453120
1124077699 19120320
1124077700 2071872
1124077760 4135968
1124077761 26981568
1124077762 25769664
1124077763 6149376
1124077764 256896
1124077824 5275872
1124077825 12659904
1124077826 5885568
1124077827 631296
1124077888 1719936
1124077889 1785600
1124077890 350208
1124077952 100224
1124077953 39168
1124081664 -586368
1124081665 -563688
1124081666 8087976
1124081667 9703872
1124081668 2463264
1124081669 51840
1124081728 -1785456
1124081729 16930800
1124081730 41609088
1124081731 21161088
1124081732 2244672
1124081792 6386328
1124081793 46428192
1124081794 46372896
1124081795 11128320
1124081796 416448
1124081856 13641408
1124081857 34166016
1124081858 16320960
1124081859 1649664
1124081920 7217280
1124081921 8009280
1124081922 1605312
1124081984 1000512
1124081985 425088
1124082048 19584
1124085760 -1097496
1124085761 4335552
1124085762 13422240
1124085763 7297344
1124085764 796032
1124085824 3225168
1124085825 31968000
1124085826 34013952
1124085827 8401536
1124085828 301824
1124085888 15396336
1124085889 40941792
1124085890 20379744
1124085891 2005056
1124085952 13095360
1124085953 15531840
1124085954 3182976
1124086016 3194496
1124086017 1481472
1124086080 160128
1124089856 338040
1124089857 7473960
1124089858 8662104
1124089859 2245824
1124089860 82368
1124089920 7685424
1124089921 22278960
1124089922 11658816
1124089923 1154880
1124089984 11705688
1124089985 14794848
1124089986 3121056
1124090048 4774176
1124090049 2384640
1124090112 452448
1124093952 1365552
1124093953 4464000
1124093954 2470608
1124093955 253440
1124094016 5031360
1124094017 6765984
1124094018 1481760
1124094080 3659904
1124094081 1947456
1124094144 608256
1124098048 826272
1124098049 1182384
1124098050 270288
1124098112 1388592
1124098113 780192
1124098176 421488
1124102144 206136
1124102145 121392
1124102208 145152
1124106240 19656
1140850688 -19008
1140850689 24192
1140850690 495936
1140850691 625536
1140850692 212544
1140850752 -174528
1140850753 979776
1140850754 4147200
1140850755 3123072
1140850756 354240
1140850816 130896
1140850817 4986720
1140850818 8324208
1140850819 2671488
1140850820 106272
1140850880 1191168
1140850881 6707232
1140850882 4961664
1140850883 734976
1140850944 1351872
1140850945 3032064
1140850946 1120896
1140850947 69696
1140851008 448416
1140851009 479808
1140851010 81792
1140851072 31680
1140851073 12672
1140854784 -254016
1140854785 535680
1140854786 3859200
1140854787 3162816
1140854788 354240
1140854848 -403920
1140854849 10044720
1140854850 17872128
1140854851 5845824
1140854852 212544
1140854912 4015080
1140854913 23523264
1140854914 17535168
1140854915 2484000
1140854976 7339680
1140854977 15804864
1140854978 5581440
1140854979 285696
1140855040 3722256
1140855041 3694176
1140855042 561600
1140855104 565056
1140855105 221184
1140855168 12672
1140858880 -640224
1140858881 4292208
1140858882 8865504
1140858883 3084480
1140858884 106272
1140858944 3471840
1140858945 24913152
1140858946 19460448
1140858947 2740608
1140859008 12920400
1140859009 28355040
1140859010 9966240
1140859011 457056
1140859072 10131840
1140859073 9903744
1140859074 1399680
1140859136 2464272
1140859137 952128
1140859200 133056
1140862976 656316
1140862977 7980048
1140862978 6767712
1140862979 991584
1140863040 8879616
1140863041 20884032
1140863042 7564608
1140863043 335808
1140863104 12256992
1140863105 12217248
1140863106 1673280
1140863168 4674528
1140863169 1810368
1140863232 437760
1140867072 2011572
1140867073 5337288
1140867074 2050704
1140867075 94752
1140867136 6709104
1140867137 7011504
1140867138 971136
1140867200 4426056
1140867201 1749168
1140867264 679392
1140871168 1341324
1140871169 1500048
1140871170 217728
1140871232 2031408
1140871233 834624
1140871296 548208
1140875264 357300
1140875265 154584
1140875328 220464
1140879360 34704
1157627904 -6912
1157627905 217728
1157627906 404352
1157627907 228096
1157627968 124416
1157627969 1804608
1157627970 2142720
1157627971 380160
1157628032 939744
1157628033 3811392
1157628034 1888704
1157628035 114048
1157628096 1407744
1157628097 2376576
1157628098 539136
1157628160 681408
1157628161 576000
1157628162 57024
1157628224 116928
1157628225 46080
1157628288 3456
1157632000 10080
1157632001 1670976
1157632002 2182464
1157632003 380160
1157632064 1821744
1157632065 8188416
1157632066 4162752
1157632067 228096
1157632128 5027904
1157632129 8298432
1157632130 1794528
1157632192 3593664
1157632193 2742912
1157632194 214272
1157632256 900576
1157632257 296064
1157632320 59904
1157636096 690912
1157636097 4059360
1157636098 2215296
1157636099 114048
1157636160 5334048
1157636161 9213120
1157636162 1976832
1157636224 6492672
1157636225 4784832
1157636226 324000
1157636288 2365056
1157636289 688896
1157636352 243648
1157640192 1666656
1157640193 3216960
1157640194 721440
1157640256 4807008
1157640257 3613824
1157640258 233280
1157640320 2884320
1157640321 787392
1157640384 437760
1157644288 1224360
1157644289 984672
1157644290 66528
1157644352 1653552
1157644353 449856
1157644416 408528
1157648384 354528
1157648385 101376
1157648448 192672
1157652480 35784
1174405120 34560
1174405121 141696
1174405122 134784
1174405184 297792
1174405185 787392
1174405186 224640
1174405248 676368
1174405249 724896
1174405250 67392
1174405312 446112
1174405313 222336
1174405376 116928
1174405377 27072
1174405440 10368
1174409216 269280
1174409217 806400
1174409218 224640
1174409280 1455552
1174409281 1593216
1174409282 134784
1174409344 1552608
1174409345 716256
1174409408 544896
1174409409 94464
1174409472 65088
1174413312 716544
1174413313 851040
1174413314 67392
1174413376 1726272
1174413377 777600
1174413440 933120
1174413441 133920
1174413504 144000
1174417408 602496
1174417409 283680
1174417472 699264
1174417473 92736
1174417536 157248
1174421504 190224
1174421505 26208
1174421568 87552
1174425600 19584
1191182336 20736
1191182337 41472
1191182400 119232
1191182401 69120
1191182464 114912
1191182465 20736
1191182528 38016
1191182592 5184
1191186432 122688
1191186433 69120
1191186496 250560
1191186497 41472
1191186560 118368
1191186624 17280
1191190528 133920
1191190529 20736
1191190592 126144
1191190656 23328
1191194624 45792
1191194688 15552
1191198720 4320
1207959552 5184
1207959616 8640
1207959680 2592
1207963648 8640
1207963712 5184
1207967744 2592
2147483652 4320
2147483653 8640
2147483654 8640
2147483714 -19008
2147483715 43200
2147483716 215568
2147483717 327456
2147483718 140256
2147483777 -19008
2147483778 129600
2147483779 735696
2147483780 1271664
2147483781 818496
2147483782 154368
2147483841 93312
2147483842 815616
2147483843 1878912
2147483844 1564416
2147483845 537408
2147483846 58176
2147483905 274752
2147483906 1197792
2147483907 1338912
2147483908 633024
2147483909 134784
2147483910 8064
2147483969 269568
2147483970 466560
2147483971 283392
2147483972 81216
2147483973 10368
2147484033 20736
2147484034 17280
2147484035 3456
2147487745 9504
2147487746 -22464
2147487747 -42984
2147487748 58752
2147487749 219312
2147487750 140256
2147487808 9504
2147487809 -90720
2147487810 -95688
2147487811 932832
2147487812 2165328
2147487813 1690272
2147487814 308736
2147487872 -51840
2147487873 -22464
2147487874 2105856
2147487875 5690304
2147487876 5512320
2147487877 1951776
2147487878 174528
2147487936 -16416
2147487937 1343232
2147487938 5766048
2147487939 7363872
2147487940 3809088
2147487941 748800
2147487942 32256
2147488000 167616
2147488001 2280960
2147488002 4362048
2147488003 3028896
2147488004 908352
2147488005 92160
2147488064 259200
2147488065 936576
2147488066 879552
2147488067 335232
2147488068 51840
2147488128 20736
2147488129 34560
2147488130 10368
2147491840 8856
2147491841 -22464
2147491842 -194652
2147491843 138096
2147491844 733104
2147491845 801648
2147491846 154368
2147491904 -48816
2147491905 -387576
2147491906 1268352
2147491907 4767840
2147491908 5616288
2147491909 2136960
2147491910 174528
2147491968 -173160
2147491969 1702224
2147491970 8510688
2147491971 12608640
2147491972 7204896
2147491973 1350432
2147491974 48384
2147492032 465696
2147492033 5296608
2147492034 11681424
2147492035 9333216
2147492036 2873664
2147492037 248832
2147492096 980352
2147492097 4363776
2147492098 4982976
2147492099 2167776
2147492100 317952
2147492160 459648
2147492161 891648
2147492162 513216
2147492163 103680
2147492224 17280
2147492225 10368
2147495936 -1728
2147495937 -208188
2147495938 58464
2147495939 1105704
2147495940 1711872
2147495941 722592
2147495942 58176
2147496000 -213804
2147496001 535680
2147496002 4773312
2147496003 8344800
2147496004 5329440
2147496005 993600
2147496006 32256
2147496064 348264
2147496065 5202648
2147496066 12937104
2147496067 11784672
2147496068 3755808
2147496069 297216
2147496128 1504656
2147496129 7540128
2147496130 10255104
2147496131 4927680
2147496132 688896
2147496192 1349280
2147496193 3399264
2147496194 2390688
2147496195 511488
2147496256 295488
2147496257 345600
2147496258 103680
2147496320 3456
2147500032 -63792
2147500033 -54324
2147500034 833292
2147500035 1870560
2147500036 1339200
2147500037 257184
2147500038 8064
2147500096 23076
2147500097 2173608
2147500098 6311016
2147500099 6474672
2147500100 2161584
2147500101 164736
2147500160 1100520
2147500161 6139512
2147500162 9583920
2147500163 5023296
2147500164 689472
2147500224 1704672
2147500225 5164992
2147500226 4221648
2147500227 930240
2147500288 816480
2147500289 1240128
2147500290 427392
2147500352 86400
2147500353 51840
2147504128 -30204
2147504129 294444
2147504130 1118520
2147504131 1285416
2147504132 452304
2147504133 34560
2147504192 357732
2147504193 2368368
2147504194 4154832
2147504195 2349216
2147504196 324864
2147504256 1095408
2147504257 3799656
2147504258 3490128
2147504259 794880
2147504320 970128
2147504321 1762560
2147504322 661824
2147504384 243648
2147504385 179712
2147504448 10368
2147508224 37584
2147508225 346500
2147508226 679608
2147508227 410328
2147508228 58176
2147508288 348732
2147508289 1355400
2147508290 1364688
2147508291 322560
2147508352 585648
2147508353 1213704
2147508354 487296
2147508416 285120
2147508417 237888
2147508480 29952
2147512320 43308
2147512321 188280
2147512322 203976
2147512323 50112
2147512384 177192
2147512385 405792
2147512386 172224
2147512448 166968
2147512449 152064
2147512512 33984
2147516416 21384
2147516417 52920
2147516418 23544
2147516480 48600
2147516481 47304
2147516544 19008
2147520512 5616
2147520513 5760
2147520576 5256
2147524608 576
2164260866 -38016
2164260867 1728
2164260868 200448
2164260869 298944
2164260870 139392
2164260929 -114048
2164260930 -105408
2164260931 1335744
2164260932 2775456
2164260933 1857600
2164260934 255744
2164260992 -19008
2164260993 43200
2164260994 2589840
2164260995 7136064
2164260996 6272640
2164260997 1804896
2164260998 122688
2164261056 93312
2164261057 1657152
2164261058 7089696
2164261059 8603424
2164261060 3665952
2164261061 567936
2164261062 17280
2164261120 274752
2164261121 2741184
2164261122 5241312
2164261123 3122208
2164261124 729792
2164261125 59904
2164261184 269568
2164261185 1176768
2164261186 1020384
2164261187 314496
2164261188 34560
2164261248 20736
2164261249 34560
2164261250 10368
2164264960 28512
2164264961 -96768
2164264962 -570024
2164264963 508320
2164264964 2293776
2164264965 1891008
2164264966 255744
2164265024 -106272
2164265025 -1222128
2164265026 2785392
2164265027 13580352
2164265028 13835520
2164265029 4095360
2164265030 245376
2164265088 -298080
2164265089 3684240
2164265090 23335200
2164265091 31877856
2164265092 14635872
2164265093 2118528
2164265094 51840
2164265152 1148832
2164265153 14215104
2164265154 29936448
2164265155 19823616
2164265156 4770432
2164265157 322560
2164265216 2518560
2164265217 11241792
2164265218 11212704
2164265219 3866112
2164265220 448128
2164265280 1180224
2164265281 2120256
2164265282 998784
2164265283 145152
2164265344 34560
2164265345 20736
2164269056 27648
2164269057 -1089936
2164269058 -346896
2164269059 5352696
2164269060 6843456
2164269061 2162592
2164269062 122688
2164269120 -970488
2164269121 336744
2164269122 21072024
2164269123 34324416
2164269124 17155872
2164269125 2410560
2164269126 51840
2164269184 663120
2164269185 22201560
2164269186 53921232
2164269187 39682944
2164269188 9762336
2164269189 582336
2164269248 6292584
2164269249 31360896
2164269250 35853696
2164269251 13515840
2164269252 1501632
2164269312 5538528
2164269313 12308832
2164269314 6928416
2164269315 1158912
2164269376 1082592
2164269377 1043712
2164269378 228096
2164269440 10368
2164273152 -421956
2164273153 -1274472
2164273154 5073336
2164273155 11038320
2164273156 6071040
2164273157 859968
2164273158 17280
2164273216 -876096
2164273217 12342960
2164273218 37781136
2164273219 30873888
2164273220 7840512
2164273221 436608
2164273280 6136056
2164273281 36740304
2164273282 47318112
2164273283 19211040
2164273284 2063232
2164273344 10056528
2164273345 26145504
2164273346 16870752
2164273347 2962368
2164273408 4195872
2164273409 5132736
2164273410 1376640
2164273472 359424
2164273473 158976
2164277248 -567828
2164277249 1873296
2164277250 8882784
2164277251 8115048
2164277252 2149488
2164277253 116928
2164277312 2230560
2164277313 18832104
2164277314 27236232
2164277315 11802816
2164277316 1254240
2164277376 8624088
2164277377 25504776
2164277378 18275760
2164277379 3311712
2164277440 6591816
2164277441 9536256
2164277442 2854080
2164277504 1343232
2164277505 769536
2164277568 41472
2164281344 175500
2164281345 3435984
2164281346 5653512
2164281347 2598336
2164281348 279072
2164281408 3434760
2164281409 11575008
2164281410 9007200
2164281411 1682496
2164281472 5067288
2164281473 8270208
2164281474 2666304
2164281536 1987488
2164281537 1323648
2164281600 163584
2164285440 503244
2164285441 1976184
2164285442 1646280
2164285443 317232
2164285504 1890072
2164285505 3381120
2164285506 1151856
2164285568 1424952
2164285569 1048032
2164285632 235584
2164289536 273240
2164289537 526536
2164289538 187200
2164289600 495576
2164289601 390384
2164289664 159840
2164293632 67104
2164293633 55512
2164293696 51984
2164297728 6552
2181038081 -95040
2181038082 -129600
2181038083 665280
2181038084 1244448
2181038085 710208
2181038086 17280
2181038144 -95040
2181038145 -604800
2181038146 2145744
2181038147 7668288
2181038148 6550272
2181038149 1247616
2181038150 10368
2181038208 -129600
2181038209 2145744
2181038210 13182048
2181038211 16743168
2181038212 5878944
2181038213 522720
2181038272 665280
2181038273 7668288
2181038274 16743168
2181038275 9165600
2181038276 1563552
2181038277 53568
2181038336 1244448
2181038337 6550272
2181038338 5878944
2181038339 1563552
2181038340 123264
2181038400 710208
2181038401 1247616
2181038402 522720
2181038403 53568
2181038464 17280
2181038465 10368
2181042176 -50112
2181042177 -1295136
2181042178 454320
2181042179 6829920
2181042180 6721344
2181042181 1297728
2181042182 10368
2181042240 -1295136
2181042241 429120
2181042242 26171568
2181042243 37637280
2181042244 13941792
2181042245 1124928
2181042304 454320
2181042305 26171568
2181042306 62898624
2181042307 37411488
2181042308 6399648
2181042309 181440
2181042368 6829920
2181042369 37637280
2181042370 37411488
2181042371 10586880
2181042372 766080
2181042432 6721344
2181042433 13941792
2181042434 6399648
2181042435 766080
2181042496 1297728
2181042497 1124928
2181042498 181440
2181042560 10368
2181046272 -955152
2181046273 -2551464
2181046274 10528920
2181046275 18924696
2181046276 7569216
2181046277 597024
2181046336 -2551464
2181046337 23267448
2181046338 69096024
2181046339 44960400
2181046340 7795008
2181046341 202176
2181046400 10528920
2181046401 69096024
2181046402 76065408
2181046403 22867488
2181046404 1554336
2181046464 18924696
2181046465 44960400
2181046466 22867488
2181046467 2857536
2181046528 7569216
2181046529 7795008
2181046530 1554336
2181046592 597024
2181046593 202176
2181050368 -1945296
2181050369 4839264
2181050370 22519656
2181050371 16260480
2181050372 2924352
2181050373 74304
2181050432 4839264
2181050433 49130496
2181050434 60382800
2181050435 19286784
2181050436 1282752
2181050496 22519656
2181050497 60382800
2181050498 33684768
2181050499 4308768
2181050560 16260480
2181050561 19286784
2181050562 4308768
2181050624 2924352
2181050625 1282752
2181050688 74304
2181054464 217584
2181054465 11495304
2181054466 16165008
2181054467 5503320
2181054468 371232
2181054528 11495304
2181054529 35421624
2181054530 21459816
2181054531 2826288
2181054592 16165008
2181054593 21459816
2181054594 5176224
2181054656 5503320
2181054657 2826288
2181054720 371232
2181058560 2018952
2181058561 7455096
2181058562 4879224
2181058563 667728
2181058624 7455096
2181058625 10884672
2181058626 2789856
2181058688 4879224
2181058689 2789856
2181058752 667728
2181062656 1282896
2181062657 2042784
2181062658 551448
2181062720 2042784
2181062721 1262160
2181062784 551448
2181066752 325224
2181066753 213048
2181066816 213048
2181070848 31248
2197815296 -57024
2197815297 -264384
2197815298 789696
2197815299 2202624
2197815300 1529856
2197815301 86400
2197815360 -456192
2197815361 921888
2197815362 9302688
2197815363 10839744
2197815364 2616192
2197815365 51840
2197815424 239760
2197815425 9404928
2197815426 20642112
2197815427 9357696
2197815428 973728
2197815488 2270880
2197815489 13204512
2197815490 11281824
2197815491 2240640
2197815492 63936
2197815552 2354112
2197815553 4868640
2197815554 1867104
2197815555 135936
2197815616 510624
2197815617 426816
2197815618 57024
2197815680 3456
2197819392 -754272
2197819393 -655632
2197819394 8466336
2197819395 11197440
2197819396 2822688
2197819397 51840
2197819456 -1619136
2197819457 18526752
2197819458 46733472
2197819459 22648320
2197819460 2258496
2197819520 7609104
2197819521 50092704
2197819522 45744480
2197819523 9524736
2197819524 264384
2197819584 13836096
2197819585 30508992
2197819586 12143232
2197819587 896256
2197819648 5599584
2197819649 5128128
2197819650 738432
2197819712 461376
2197819713 134784
2197823488 -2159856
2197823489 6834456
2197823490 23604552
2197823491 12536352
2197823492 1270080
2197823552 5699088
2197823553 55331568
2197823554 55428624
2197823555 12134016
2197823556 342144
2197823616 25740072
2197823617 62070912
2197823618 26409888
2197823619 2001024
2197823680 17931312
2197823681 17898624
2197823682 2790720
2197823744 3120768
2197823745 1076544
2197823808 77760
2197827584 382392
2197827585 17798256
2197827586 20253888
2197827587 4741056
2197827588 141696
2197827648 18086688
2197827649 49611168
2197827650 22811328
2197827651 1808640
2197827712 24216912
2197827713 26432352
2197827714 4426272
2197827776 7593696
2197827777 2976768
2197827840 463680
2197831680 4014072
2197831681 13315032
2197831682 6679944
2197831683 565344
2197831744 14254848
2197831745 17093232
2197831746 3071664
2197831808 8472600
2197831809 3678048
2197831872 1010736
2197835776 2979360
2197835777 3951072
2197835778 763344
2197835840 4342032
2197835841 2055456
2197835904 1013472
2197839872 823176
2197839873 420624
2197839936 469728
2197843968 81288
2214592512 -137376
2214592513 336960
2214592514 1964736
2214592515 1784448
2214592516 177120
2214592576 -103680
2214592577 4987296
2214592578 9491472
2214592579 3036096
2214592580 106272
2214592640 2071728
2214592641 11811744
2214592642 8224416
2214592643 1059264
2214592704 3448512
2214592705 6758496
2214592706 1974528
2214592707 48384
2214592768 1401120
2214592769 1198080
2214592770 120384
2214592832 137376
2214592833 39744
2214596608 -655200
2214596609 4437864
2214596610 9854496
2214596611 3370464
2214596612 106272
2214596672 3713832
2214596673 26826336
2214596674 19984320
2214596675 2591136
2214596736 13279680
2214596737 27051552
2214596738 8220096
2214596739 238464
2214596800 8753472
2214596801 7353792
2214596802 713088
2214596864 1595520
2214596865 458496
2214596928 46656
2214600704 899964
2214600705 13454136
2214600706 11179728
2214600707 1520640
2214600768 14575608
2214600769 32800176
2214600770 10609056
2214600771 349920
2214600832 17830368
2214600833 15625440
2214600834 1593216
2214600896 5366592
2214600897 1598400
2214600960 337248
2214604800 4470912
2214604801 11994480
2214604802 4237344
2214604803 159840
2214604864 14262192
2214604865 13513536
2214604866 1497600
2214604928 7806240
2214604929 2485728
2214604992 872352
2214608896 3785796
2214608897 3992832
2214608898 490176
2214608960 5043312
2214608961 1747584
2214609024 1054080
2214612992 1167120
2214612993 444528
2214613056 590832
2214617088 122400
2231369728 20736
2231369729 856512
2231369730 1185408
2231369731 190080
2231369792 904896
2231369793 4218336
2231369794 2051136
2231369795 114048
2231369856 2458656
2231369857 3793248
2231369858 722304
2231369920 1513728
2231369921 990720
2231369922 38016
2231369984 299520
2231369985 74880
2231370048 12096
2231373824 726984
2231373825 4388544
2231373826 2316384
2231373827 114048
2231373888 5584896
2231373889 9166464
2231373890 1791072
2231373952 6034464
2231373953 3919104
2231373954 165888
2231374016 1775808
2231374017 382464
2231374080 130176
2231377920 2732472
2231377921 5140512
2231377922 1071360
2231377984 7313040
2231377985 4990464
2231377986 241056
2231378048 3671136
2231378049 779328
2231378112 412416
2231382016 2652624
2231382017 1998144
2231382018 113184
2231382080 3142080
2231382081 710784
2231382144 602208
2231386112 923904
2231386113 232992
2231386176 412704
2231390208 104400
2248146944 140256
2248146945 422208
2248146946 112320
2248147008 733680
2248147009 755136
2248147010 67392
2248147072 698112
2248147073 284256
2248147136 203040
2248147137 22464
2248147200 19008
2248151040 760896
2248151041 857952
2248151042 67392
2248151104 1675296
2248151105 690336
2248151168 768096
2248151169 77760
2248151232 89856
2248155136 936144
2248155137 412128
2248155200 956448
2248155201 101088
2248155264 166752
2248159232 379296
2248159233 45792
2248159296 143424
2248163328 45792
2264924160 62208
2264924161 34560
2264924224 115776
2264924225 20736
2264924288 47520
2264924352 5184
2264928256 131328
2264928257 20736
2264928320 111456
2264928384 15552
2264932352 65664
2264932416 18144
2264936448 7776
2281701376 4320
2281701440 2592
2281705472 2592
3221225474 -19008
3221225475 -25920
3221225476 20304
3221225477 75168
3221225478 43488
3221225537 -38016
3221225538 13824
3221225539 510624
3221225540 1028736
3221225541 736704
3221225542 152064
3221225601 96768
3221225602 1112832
3221225603 2625696
3221225604 2265120
3221225605 798336
3221225606 88128
3221225665 532224
3221225666 2206080
3221225667 2524608
3221225668 1183104
3221225669 246528
3221225670 13824
3221225729 556416
3221225730 1068480
3221225731 642816
3221225732 174528
3221225733 21888
3221225793 103680
3221225794 86400
3221225795 17280
3221229568 9504
3221229569 -44064
3221229570 -220104
3221229571 43344
3221229572 664848
3221229573 689760
3221229574 152064
3221229632 -53568
3221229633 -281664
3221229634 1316016
3221229635 4917312
3221229636 5127264
3221229637 1900800
3221229638 176256
3221229696 -59616
3221229697 1764288
3221229698 8233632
3221229699 10596384
3221229700 5418144
3221229701 1045440
3221229702 41472
3221229760 361152
3221229761 4241088
3221229762 8121600
3221229763 5498496
3221229764 1579968
3221229765 153216
3221229824 514944
3221229825 2155968
3221229826 2041632
3221229827 729216
3221229828 105984
3221229888 103680
3221229889 172800
3221229890 51840
3221233664 -4320
3221233665 -361656
3221233666 -151272
3221233667 1665360
3221233668 2460096
3221233669 1026432
3221233670 88128
3221233728 -284112
3221233729 715968
3221233730 7652304
3221233731 12020544
3221233732 6829920
3221233733 1263168
3221233734 41472
3221233792 525456
3221233793 7767504
3221233794 16895376
3221233795 12916800
3221233796 3793824
3221233797 307584
3221233856 1874304
3221233857 8116416
3221233858 8950176
3221233859 3680640
3221233860 513216
3221233920 1046016
3221233921 2090880
3221233922 1125792
3221233923 206784
3221233984 86400
3221233985 51840
3221237760 -143388
3221237761 -335232
3221237762 1696104
3221237763 3861072
3221237764 2518848
3221237765 464256
3221237766 13824
3221237824 -32760
3221237825 4667904
3221237826 12691728
3221237827 11018592
3221237828 3328128
3221237829 243072
3221237888 2220984
3221237889 11083968
3221237890 14051232
3221237891 6296832
3221237892 825984
3221237952 2540160
3221237953 6099264
3221237954 4015296
3221237955 807552
3221238016 692064
3221238017 762048
3221238018 203328
3221238080 17280
3221241856 -145116
3221241857 711360
3221241858 3041496
3221241859 3062448
3221241860 961776
3221241861 66816
3221241920 939312
3221241921 6170256
3221241922 8972208
3221241923 4313952
3221241924 546624
3221241984 2552184
3221241985 7102080
3221241986 5311440
3221241987 1092960
3221242048 1474848
3221242049 2077632
3221242050 665568
3221242112 190944
3221242113 100800
3221245952 94644
3221245953 1166400
3221245954 1988712
3221245955 1018224
3221245956 127872
3221246016 1116072
3221246017 3595968
3221246018 2955312
3221246019 618912
3221246080 1349784
3221246081 2209248
3221246082 768960
3221246144 409536
3221246145 278208
3221246208 20160
3221250048 172044
3221250049 659592
3221250050 585288
3221250051 124992
3221250112 562680
3221250113 1025136
3221250114 375984
3221250176 358776
3221250177 275184
3221250240 46368
3221254144 87696
3221254145 173952
3221254146 66240
3221254208 141696
3221254209 116928
3221254272 39312
3221258240 20952
3221258241 18144
3221258304 14616
3221262336 2016
3238002689 -76032
3238002690 -221184
3238002691 199584
3238002692 779904
3238002693 655776
3238002694 105408
3238002752 -38016
3238002753 -233280
3238002754 1515456
3238002755 5358240
3238002756 5205600
3238002757 1569024
3238002758 100224
3238002816 96768
3238002817 2023488
3238002818 8992512
3238002819 11331360
3238002820 4877280
3238002821 734976
3238002822 19584
3238002880 532224
3238002881 4705920
3238002882 9138816
3238002883 5341248
3238002884 1178496
3238002885 85248
3238002944 556416
3238002945 2598336
3238002946 2207520
3238002947 623232
3238002948 59904
3238003008 103680
3238003009 172800
3238003010 51840
3238006784 -40608
3238006785 -936576
3238006786 -315648
3238006787 4135968
3238006788 5275872
3238006789 1719936
3238006790 100224
3238006848 -531360
3238006849 1371456
3238006850 17973216
3238006851 26981568
3238006852 12659904
3238006853 1785600
3238006854 39168
3238006912 1348704
3238006913 18241920
3238006914 39453120
3238006915 25769664
3238006916 5885568
3238006917 350208
3238006976 4358592
3238006977 19618560
3238006978 19120320
3238006979 6149376
3238006980 631296
3238007040 2617344
3238007041 4734720
3238007042 2071872
3238007043 256896
3238007104 172800
3238007105 103680
3238010880 -586368
3238010881 -1785456
3238010882 6386328
3238010883 13641408
3238010884 7217280
3238010885 1000512
3238010886 19584
3238010944 -563688
3238010945 16930800
3238010946 46428192
3238010947 34166016
3238010948 8009280
3238010949 425088
3238011008 8087976
3238011009 41609088
3238011010 46372896
3238011011 16320960
3238011012 1605312
3238011072 9703872
3238011073 21161088
3238011074 11128320
3238011075 1649664
3238011136 2463264
3238011137 2244672
3238011138 416448
3238011200 51840
3238014976 -1097496
3238014977 3225168
3238014978 15396336
3238014979 13095360
3238014980 3194496
3238014981 160128
3238015040 4335552
3238015041 31968000
3238015042 40941792
3238015043 15531840
3238015044 1481472
3238015104 13422240
3238015105 34013952
3238015106 20379744
3238015107 3182976
3238015168 7297344
3238015169 8401536
3238015170 2005056
3238015232 796032
3238015233 301824
3238019072 338040
3238019073 7685424
3238019074 11705688
3238019075 4774176
3238019076 452448
3238019136 7473960
3238019137 22278960
3238019138 14794848
3238019139 2384640
3238019200 8662104
3238019201 11658816
3238019202 3121056
3238019264 2245824
3238019265 1154880
3238019328 82368
3238023168 1365552
3238023169 5031360
3238023170 3659904
3238023171 608256
3238023232 4464000
3238023233 6765984
3238023234 1947456
3238023296 2470608
3238023297 1481760
3238023360 253440
3238027264 826272
3238027265 1388592
3238027266 421488
3238027328 1182384
3238027329 780192
3238027392 270288
3238031360 206136
3238031361 145152
3238031424 121392
3238035456 19656
3254779904 -57024
3254779905 -456192
3254779906 239760
3254779907 2270880
3254779908 2354112
3254779909 510624
3254779910 3456
3254779968 -264384
3254779969 921888
3254779970 9404928
3254779971 13204512
3254779972 4868640
3254779973 426816
3254780032 789696
3254780033 9302688
3254780034 20642112
3254780035 11281824
3254780036 1867104
3254780037 57024
3254780096 2202624
3254780097 10839744
3254780098 9357696
3254780099 2240640
3254780100 135936
3254780160 1529856
3254780161 2616192
3254780162 973728
3254780163 63936
3254780224 86400
3254780225 51840
3254784000 -754272
3254784001 -1619136
3254784002 7609104
3254784003 13836096
3254784004 5599584
3254784005 461376
3254784064 -655632
3254784065 18526752
3254784066 50092704
3254784067 30508992
3254784068 5128128
3254784069 134784
3254784128 8466336
3254784129 46733472
3254784130 45744480
3254784131 12143232
3254784132 738432
3254784192 11197440
3254784193 22648320
3254784194 9524736
3254784195 896256
3254784256 2822688
3254784257 2258496
3254784258 264384
3254784320 51840
3254788096 -2159856
3254788097 5699088
3254788098 25740072
3254788099 17931312
3254788100 3120768
3254788101 77760
3254788160 6834456
3254788161 55331568
3254788162 62070912
3254788163 17898624
3254788164 1076544
3254788224 23604552
3254788225 55428624
3254788226 26409888
3254788227 2790720
3254788288 12536352
3254788289 12134016
3254788290 2001024
3254788352 1270080
3254788353 342144
3254792192 382392
3254792193 18086688
3254792194 24216912
3254792195 7593696
3254792196 463680
3254792256 17798256
3254792257 49611168
3254792258 26432352
3254792259 2976768
3254792320 20253888
3254792321 22811328
3254792322 4426272
3254792384 4741056
3254792385 1808640
3254792448 141696
3254796288 4014072
3254796289 14254848
3254796290 8472600
3254796291 1010736
3254796352 13315032
3254796353 17093232
3254796354 3678048
3254796416 6679944
3254796417 3071664
3254796480 565344
3254800384 2979360
3254800385 4342032
3254800386 1013472
3254800448 3951072
3254800449 2055456
3254800512 763344
3254804480 823176
3254804481 469728
3254804544 420624
3254808576 81288
3271557120 -260928
3271557121 -110592
3271557122 2776896
3271557123 3879936
3271557124 1051488
3271557125 17280
3271557184 -110592
3271557185 6442272
3271557186 15697440
3271557187 7412544
3271557188 775872
3271557248 2776896
3271557249 15697440
3271557250 13062816
3271557251 2427264
3271557252 51264
3271557312 3879936
3271557313 7412544
3271557314 2427264
3271557315 82944
3271557376 1051488
3271557377 775872
3271557378 51264
3271557440 17280
3271561216 -1316736
3271561217 4888512
3271561218 16691904
3271561219 8807616
3271561220 915840
3271561280 4888512
3271561281 38285568
3271561282 35759232
3271561283 7301376
3271561284 182016
3271561344 16691904
3271561345 35759232
3271561346 13112064
3271561347 709632
3271561408 8807616
3271561409 7301376
3271561410 709632
3271561472 915840
3271561473 182016
3271565312 569448
3271565313 19471536
3271565314 21323376
3271565315 4755456
3271565316 132480
3271565376 19471536
3271565377 48730176
3271565378 20062080
3271565379 1313280
3271565440 21323376
3271565441 20062080
3271565442 2528064
3271565504 4755456
3271565505 1313280
3271565568 132480
3271569408 5948352
3271569409 19019808
3271569410 8835552
3271569411 657216
3271569472 19019808
3271569473 20386944
3271569474 3026880
3271569536 8835552
3271569537 3026880
3271569600 657216
3271573504 5372136
3271573505 6646032
3271573506 1119600
3271573568 6646032
3271573569 2655360
3271573632 1119600
3271577600 1693440
3271577601 766656
3271577664 766656
3271581696 179568
3288334336 -171072
3288334337 1459008
3288334338 3354480
3288334339 1185408
3288334340 35424
3288334400 1356480
3288334401 8759520
3288334402 6229440
3288334403 798336
3288334464 4069728
3288334465 7512480
3288334466 1934208
3288334467 9216
3288334528 2109312
3288334529 1492992
3288334530 43776
3288334592 250848
3288334593 40896
3288338432 731736
3288338433 9323712
3288338434 7532928
3288338435 1020384
3288338496 9860544
3288338497 20468736
3288338498 5998464
3288338499 135936
3288338560 10007712
3288338561 7599744
3288338562 457344
3288338624 2225088
3288338625 420480
3288338688 68544
3288342528 4790088
3288342529 12218256
3288342530 4054752
3288342531 132768
3288342592 13559904
3288342593 11556864
3288342594 988416
3288342656 5872608
3288342657 1394496
3288342720 414144
3288346624 5209200
3288346625 5132448
3288346626 545472
3288346688 5893920
3288346689 1695744
3288346752 888480
3288350720 1908720
3288350721 645984
3288350784 768672
3288354816 222768
3305111552 248256
3305111553 1467648
3305111554 772416
3305111555 38016
3305111616 1797696
3305111617 2763072
3305111618 504576
3305111680 1652544
3305111681 908928
3305111682 -3456
3305111744 374400
3305111745 39168
3305111808 15552
3305115648 1881792
3305115649 3354048
3305115650 676512
3305115712 4459392
3305115713 2734848
3305115714 76032
3305115776 1790784
3305115777 237312
3305115840 129024
3305119744 2635344
3305119745 1852416
3305119746 87264
3305119808 2647296
3305119809 466560
3305119872 359424
3305123840 1160352
3305123841 256320
3305123904 407232
3305127936 151488
3321888768 251280
3321888769 273888
3321888770 22464
3321888832 494496
3321888833 184896
3321888896 181728
3321888897 2880
3321888960 13824
3321892864 597024
3321892865 249696
3321892928 518976
3321892929 33408
3321892992 59904
3321896960 344736
3321896961 34848
3321897024 98496
3321901056 50688
3338665984 40608
3338665985 6912
3338666048 29376
3338666112 1728
3338670080 38880
3338670144 6912
3338674176 6048
3355443200 864
4294967297 -19008
4294967298 -39744
4294967299 68688
4294967300 221040
4294967301 183744
4294967302 41472
4294967361 24192
4294967362 603072
4294967363 1524096
4294967364 1386576
4294967365 513504
4294967366 60192
4294967425 495936
4294967426 2021760
4294967427 2411856
4294967428 1157040
4294967429 247680
4294967430 14400
4294967489 625536
4294967490 1338624
4294967491 820800
4294967492 221184
4294967493 28224
4294967553 212544
4294967554 177120
4294967555 35424
4294971392 -15552
4294971393 -180576
4294971394 79344
4294971395 1171224
4294971396 1424736
4294971397 579024
4294971398 60192
4294971456 -67392
4294971457 856224
4294971458 4850136
4294971459 6591168
4294971460 3458448
4294971461 692064
4294971462 28800
4294971520 354240
4294971521 3895488
4294971522 7710912
4294971523 5253696
4294971524 1506528
4294971525 148032
4294971584 560736
4294971585 2716992
4294971586 2630880
4294971587 913248
4294971588 129024
4294971648 212544
4294971649 354240
4294971650 106272
4294975488 -122832
4294975489 -177552
4294975490 1869588
4294975491 3520512
4294975492 2109888
4294975493 414288
4294975494 14400
4294975552 165168
4294975553 4591512
4294975554 10649232
4294975555 8167968
4294975556 2398896
4294975557 196992
4294975616 1738296
4294975617 7721568
4294975618 8482320
4294975619 3394656
4294975620 465696
4294975680 1313568
4294975681 2709504
4294975682 1401408
4294975683 239904
4294975744 177120
4294975745 106272
4294979584 -155952
4294979585 1079964
4294979586 3835944
4294979587 3432672
4294979588 1045296
4294979589 77184
4294979648 1275156
4294979649 7066368
4294979650 8886096
4294979651 3854016
4294979652 495360
4294979712 2435040
4294979713 5790240
4294979714 3640608
4294979715 698112
4294979776 899424
4294979777 947808
4294979778 227808
4294979840 35424
4294983680 184392
4294983681 1885860
4294983682 2827908
4294983683 1318824
4294983684 162288
4294983744 1632780
4294983745 4522896
4294983746 3200904
4294983747 625680
4294983808 1410840
4294983809 1876752
4294983810 557568
4294983872 238464
4294983873 110880
4294987776 338076
4294987777 1146636
4294987778 893592
4294987779 176112
4294987840 867276
4294987841 1328400
4294987842 428544
4294987904 371952
4294987905 229824
4294987968 22176
4294991872 180936
4294991873 309924
4294991874 104616
4294991936 216972
4294991937 151704
4294992000 38304
4294995968 43092
4294995969 32256
4294996032 21672
4295000064 4032
4311744512 -19008
4311744513 -174528
4311744514 130896
4311744515 1191168
4311744516 1351872
4311744517 448416
4311744518 31680
4311744576 24192
4311744577 979776
4311744578 4986720
4311744579 6707232
4311744580 3032064
4311744581 479808
4311744582 12672
4311744640 495936
4311744641 4147200
4311744642 8324208
4311744643 4961664
4311744644 1120896
4311744645 81792
4311744704 625536
4311744705 3123072
4311744706 2671488
4311744707 734976
4311744708 69696
4311744768 212544
4311744769 354240
4311744770 106272
4311748608 -254016
4311748609 -403920
4311748610 4015080
4311748611 7339680
4311748612 3722256
4311748613 565056
4311748614 12672
4311748672 535680
4311748673 10044720
4311748674 23523264
4311748675 15804864
4311748676 3694176
4311748677 221184
4311748736 3859200
4311748737 17872128
4311748738 17535168
4311748739 5581440
4311748740 561600
4311748800 3162816
4311748801 5845824
4311748802 2484000
4311748803 285696
4311748864 354240
4311748865 212544
4311752704 -640224
4311752705 3471840
4311752706 12920400
4311752707 10131840
4311752708 2464272
4311752709 133056
4311752768 4292208
4311752769 24913152
4311752770 28355040
4311752771 9903744
4311752772 952128
4311752832 8865504
4311752833 19460448
4311752834 9966240
4311752835 1399680
4311752896 3084480
4311752897 2740608
4311752898 457056
4311752960 106272
4311756800 656316
4311756801 8879616
4311756802 12256992
4311756803 4674528
4311756804 437760
4311756864 7980048
4311756865 20884032
4311756866 12217248
4311756867 1810368
4311756928 6767712
4311756929 7564608
4311756930 1673280
4311756992 991584
4311756993 335808
4311760896 2011572
4311760897 6709104
4311760898 4426056
4311760899 679392
4311760960 5337288
4311760961 7011504
4311760962 1749168
4311761024 2050704
4311761025 971136
4311761088 94752
4311764992 1341324
4311764993 2031408
4311764994 548208
4311765056 1500048
4311765057 834624
4311765120 217728
4311769088 357300
4311769089 220464
4311769152 154584
4311773184 34704
4328521728 -137376
4328521729 -103680
4328521730 2071728
4328521731 3448512
4328521732 1401120
4328521733 137376
4328521792 336960
4328521793 4987296
4328521794 11811744
4328521795 6758496
4328521796 1198080
4328521797 39744
4328521856 1964736
4328521857 9491472
4328521858 8224416
4328521859 1974528
4328521860 120384
4328521920 1784448
4328521921 3036096
4328521922 1059264
4328521923 48384
4328521984 177120
4328521985 106272
4328525824 -655200
4328525825 3713832
4328525826 13279680
4328525827 8753472
4328525828 1595520
4328525829 46656
4328525888 4437864
4328525889 26826336
4328525890 27051552
4328525891 7353792
4328525892 458496
4328525952 9854496
4328525953 19984320
4328525954 8220096
4328525955 713088
4328526016 3370464
4328526017 2591136
4328526018 238464
4328526080 106272
4328529920 899964
4328529921 14575608
4328529922 17830368
4328529923 5366592
4328529924 337248
4328529984 13454136
4328529985 32800176
4328529986 15625440
4328529987 1598400
4328530048 11179728
4328530049 10609056
4328530050 1593216
4328530112 1520640
4328530113 349920
4328534016 4470912
4328534017 14262192
4328534018 7806240
4328534019 872352
4328534080 11994480
4328534081 13513536
4328534082 2485728
4328534144 4237344
4328534145 1497600
4328534208 159840
4328538112 3785796
4328538113 5043312
4328538114 1054080
4328538176 3992832
4328538177 1747584
4328538240 490176
4328542208 1167120
4328542209 590832
4328542272 444528
4328546304 122400
4345298944 -171072
4345298945 1356480
4345298946 4069728
4345298947 2109312
4345298948 250848
4345299008 1459008
4345299009 8759520
4345299010 7512480
4345299011 1492992
4345299012 40896
4345299072 3354480
4345299073 6229440
4345299074 1934208
4345299075 43776
4345299136 1185408
4345299137 798336
4345299138 9216
4345299200 35424
4345303040 731736
4345303041 9860544
4345303042 10007712
4345303043 2225088
4345303044 68544
4345303104 9323712
4345303105 20468736
4345303106 7599744
4345303107 420480
4345303168 7532928
4345303169 5998464
4345303170 457344
4345303232 1020384
4345303233 135936
4345307136 4790088
4345307137 13559904
4345307138 5872608
4345307139 414144
4345307200 12218256
4345307201 11556864
4345307202 1394496
4345307264 4054752
4345307265 988416
4345307328 132768
4345311232 5209200
4345311233 5893920
4345311234 888480
4345311296 5132448
4345311297 1695744
4345311360 545472
4345315328 1908720
4345315329 768672
4345315392 645984
4345319424 222768
4362076160 252288
4362076161 2242512
4362076162 1731888
4362076163 252864
4362076224 2242512
4362076225 4167648
4362076226 1099296
4362076227 10944
4362076288 1731888
4362076289 1099296
4362076290 -14976
4362076352 252864
4362076353 10944
4362080256 2449152
4362080257 5584320
4362080258 1762560
4362080259 54144
4362080320 5584320
4362080321 4199616
4362080322 229824
4362080384 1762560
4362080385 229824
4362080448 54144
4362084352 3642624
4362084353 3282912
4362084354 303264
4362084416 3282912
4362084417 730944
4362084480 303264
4362088448 1650816
4362088449 490464
4362088512 490464
4362092544 220032
4378853376 453168
4378853377 747072
4378853378 152064
4378853440 895104
4378853441 474048
4378853442 -5184
4378853504 266400
4378853505 -2304
4378853568 8640
4378857472 1186848
4378857473 767808
4378857474 27648
4378857536 951552
4378857537 99072
4378857600 72000
4378861568 726912
4378861569 134208
4378861632 179712
4378865664 113760
4395630592 130320
4395630593 52128
4395630656 89280
4395630657 -2304
4395630720 3456
4395634688 139680
4395634689 9792
4395634752 23616
4395638784 26496
4412407808 7776
4412411904 1728
5368709121 -6912
5368709122 98496
5368709123 293472
5368709124 288432
5368709125 113184
5368709126 14112
5368709185 217728
5368709186 903168
5368709187 1136736
5368709188 568224
5368709189 127872
5368709190 8064
5368709249 404352
5368709250 957312
5368709251 609984
5368709252 169344
5368709253 22464
5368709313 228096
5368709314 190080
5368709315 38016
5368713216 -24192
5368713217 96480
5368713218 941400
5368713219 1434528
5368713220 795888
5368713221 170784
5368713222 8064
5368713280 157248
5368713281 1726272
5368713282 3638016
5368713283 2556288
5368713284 754560
5368713285 78336
5368713344 355104
5368713345 1954368
5368713346 1950048
5368713347 679968
5368713348 96768
5368713408 228096
5368713409 380160
5368713410 114048
5368717312 -20160
5368717313 867240
5368717314 2372976
5368717315 1908000
5368717316 583632
5368717317 51840
5368717376 761328
5368717377 3658752
5368717378 4118976
5368717379 1653696
5368717380 231552
5368717440 947808
5368717441 2011392
5368717442 1026432
5368717443 170208
5368717504 190080
5368717505 114048
5368721408 218988
5368721409 1585152
5368721410 2101968
5368721411 920448
5368721412 122112
5368721472 1154880
5368721473 2824704
5368721474 1745280
5368721475 328320
5368721536 671328
5368721537 690336
5368721538 154656
5368721600 38016
5368725504 361620
5368725505 1080432
5368725506 758088
5368725507 146160
5368725568 692496
5368725569 897120
5368725570 252000
5368725632 174528
5368725633 73440
5368729600 207972
5368729601 314928
5368729602 96768
5368729664 178848
5368729665 101952
5368729728 14688
5368733696 51732
5368733697 33768
5368733760 16992
5368737792 4824
5385486336 -6912
5385486337 124416
5385486338 939744
5385486339 1407744
5385486340 681408
5385486341 116928
5385486342 3456
5385486400 217728
5385486401 1804608
5385486402 3811392
5385486403 2376576
5385486404 576000
5385486405 46080
5385486464 404352
5385486465 2142720
5385486466 1888704
5385486467 539136
5385486468 57024
5385486528 228096
5385486529 380160
5385486530 114048
5385490432 10080
5385490433 1821744
5385490434 5027904
5385490435 3593664
5385490436 900576
5385490437 59904
5385490496 1670976
5385490497 8188416
5385490498 8298432
5385490499 2742912
5385490500 296064
5385490560 2182464
5385490561 4162752
5385490562 1794528
5385490563 214272
5385490624 380160
5385490625 228096
5385494528 690912
5385494529 5334048
5385494530 6492672
5385494531 2365056
5385494532 243648
5385494592 4059360
5385494593 9213120
5385494594 4784832
5385494595 688896
5385494656 2215296
5385494657 1976832
5385494658 324000
5385494720 114048
5385498624 1666656
5385498625 4807008
5385498626 2884320
5385498627 437760
5385498688 3216960
5385498689 3613824
5385498690 787392
5385498752 721440
5385498753 233280
5385502720 1224360
5385502721 1653552
5385502722 408528
5385502784 984672
5385502785 449856
5385502848 66528
5385506816 354528
5385506817 192672
5385506880 101376
5385510912 35784
5402263552 20736
5402263553 904896
5402263554 2458656
5402263555 1513728
5402263556 299520
5402263557 12096
5402263616 856512
5402263617 4218336
5402263618 3793248
5402263619 990720
5402263620 74880
5402263680 1185408
5402263681 2051136
5402263682 722304
5402263683 38016
5402263744 190080
5402263745 114048
5402267648 726984
5402267649 5584896
5402267650 6034464
5402267651 1775808
5402267652 130176
5402267712 4388544
5402267713 9166464
5402267714 3919104
5402267715 382464
5402267776 2316384
5402267777 1791072
5402267778 165888
5402267840 114048
5402271744 2732472
5402271745 7313040
5402271746 3671136
5402271747 412416
5402271808 5140512
5402271809 4990464
5402271810 779328
5402271872 1071360
5402271873 241056
5402275840 2652624
5402275841 3142080
5402275842 602208
5402275904 1998144
5402275905 710784
5402275968 113184
5402279936 923904
5402279937 412704
5402280000 232992
5402284032 104400
5419040768 248256
5419040769 1797696
5419040770 1652544
5419040771 374400
5419040772 15552
5419040832 1467648
5419040833 2763072
5419040834 908928
5419040835 39168
5419040896 772416
5419040897 504576
5419040898 -3456
5419040960 38016
5419044864 1881792
5419044865 4459392
5419044866 1790784
5419044867 129024
5419044928 3354048
5419044929 2734848
5419044930 237312
5419044992 676512
5419044993 76032
5419048960 2635344
5419048961 2647296
5419048962 359424
5419049024 1852416
5419049025 466560
5419049088 87264
5419053056 1160352
5419053057 407232
5419053120 256320
5419057152 151488
5435817984 453168
5435817985 895104
5435817986 266400
5435817987 8640
5435818048 747072
5435818049 474048
5435818050 -2304
5435818112 152064
5435818113 -5184
5435822080 1186848
5435822081 951552
5435822082 72000
5435822144 767808
5435822145 99072
5435822208 27648
5435826176 726912
5435826177 179712
5435826240 134208
5435830272 113760
5452595200 188064
5452595201 107712
5452595202 1728
5452595264 107712
5452595265 -4608
5452595328 1728
5452599296 206784
5452599297 26496
5452599360 26496
5452603392 40896
5469372416 19008
5469376512 5184
6442450945 34560
6442450946 152352
6442450947 204336
6442450948 106992
6442450949 25344
6442450950 1728
6442451009 141696
6442451010 365184
6442451011 243648
6442451012 70848
6442451013 9792
6442451073 134784
6442451074 112320
6442451075 22464
6442455040 24192
6442455041 283968
6442455042 660096
6442455043 486432
6442455044 150048
6442455045 16704
6442455104 123552
6442455105 749376
6442455106 771552
6442455107 275616
6442455108 40320
6442455168 134784
6442455169 224640
6442455170 67392
6442459136 119736
6442459137 667872
6442459138 789264
6442459139 324864
6442459140 47520
6442459200 366048
6442459201 794880
6442459202 407808
6442459203 67680
6442459264 112320
6442459265 67392
6442463232 209088
6442463233 545472
6442463234 339840
6442463235 64512
6442463296 266976
6442463297 272160
6442463298 59040
6442463360 22464
6442467328 134136
6442467329 174672
6442467330 47808
6442467392 69120
6442467393 27360
6442471424 34992
6442471425 19008
6442471488 5472
6442475520 3168
6459228160 34560
6459228161 297792
6459228162 676368
6459228163 446112
6459228164 116928
6459228165 10368
6459228224 141696
6459228225 787392
6459228226 724896
6459228227 222336
6459228228 27072
6459228288 134784
6459228289 224640
6459228290 67392
6459232256 269280
6459232257 1455552
6459232258 1552608
6459232259 544896
6459232260 65088
6459232320 806400
6459232321 1593216
6459232322 716256
6459232323 94464
6459232384 224640
6459232385 134784
6459236352 716544
6459236353 1726272
6459236354 933120
6459236355 144000
6459236416 851040
6459236417 777600
6459236418 133920
6459236480 67392
6459240448 602496
6459240449 699264
6459240450 157248
6459240512 283680
6459240513 92736
6459244544 190224
6459244545 87552
6459244608 26208
6459248640 19584
6476005376 140256
6476005377 733680
6476005378 698112
6476005379 203040
6476005380 19008
6476005440 422208
6476005441 755136
6476005442 284256
6476005443 22464
6476005504 112320
6476005505 67392
6476009472 760896
6476009473 1675296
6476009474 768096
6476009475 89856
6476009536 857952
6476009537 690336
6476009538 77760
6476009600 67392
6476013568 936144
6476013569 956448
6476013570 166752
6476013632 412128
6476013633 101088
6476017664 379296
6476017665 143424
6476017728 45792
6476021760 45792
6492782592 251280
6492782593 494496
6492782594 181728
6492782595 13824
6492782656 273888
6492782657 184896
6492782658 2880
6492782720 22464
6492786688 597024
6492786689 518976
6492786690 59904
6492786752 249696
6492786753 33408
6492790784 344736
6492790785 98496
6492790848 34848
6492794880 50688
6509559808 130320
6509559809 89280
6509559810 3456
6509559872 52128
6509559873 -2304
6509563904 139680
6509563905 23616
6509563968 9792
6509568000 26496
6526337024 19008
6526341120 5184
7516192769 20736
7516192770 57024
7516192771 39744
7516192772 12096
7516192773 1728
7516192833 41472
7516192834 34560
7516192835 6912
7516196864 18144
7516196865 117504
7516196866 124416
7516196867 45792
7516196868 6912
7516196928 41472
7516196929 69120
7516196930 20736
7516200960 57888
7516200961 127872
7516200962 66528
7516200963 11232
7516201024 34560
7516201025 20736
7516205056 43200
7516205057 44064
7516205058 9504
7516205120 6912
7516209152 11232
7516209153 4320
7516213248 864
7532969984 20736
7532969985 119232
7532969986 114912
7532969987 38016
7532969988 5184
7532970048 41472
7532970049 69120
7532970050 20736
7532974080 122688
7532974081 250560
7532974082 118368
7532974083 17280
7532974144 69120
7532974145 41472
7532978176 133920
7532978177 126144
7532978178 23328
7532978240 20736
7532982272 45792
7532982273 15552
7532986368 4320
7549747200 62208
7549747201 115776
7549747202 47520
7549747203 5184
7549747264 34560
7549747265 20736
7549751296 131328
7549751297 111456
7549751298 15552
7549751360 20736
7549755392 65664
7549755393 18144
7549759488 7776
7566524416 40608
7566524417 29376
7566524418 1728
7566524480 6912
7566528512 38880
7566528513 6912
7566532608 6048
7583301632 7776
7583305728 1728
8589934593 5184
8589934594 4320
8589934595 864
8589938688 5184
8589938689 8640
8589938690 2592
8589942784 4320
8589942785 2592
8589946880 864
8606711808 5184
8606711809 8640
8606711810 2592
8606715904 8640
8606715905 5184
8606720000 2592
8623489024 4320
8623489025 2592
8623493120 2592
8640266240 864
68719476803 4608
68719476804 29952
68719476805 50688
68719476806 41472
68719476866 9216
68719476867 87552
68719476868 201600
68719476869 224256
68719476870 72576
68719476929 4608
68719476930 87552
68719476931 299520
68719476932 443520
68719476933 259968
68719476934 48960
68719476993 29952
68719476994 201600
68719476995 443520
68719476996 367872
68719476997 133824
68719476998 16128
68719477057 50688
68719477058 224256
68719477059 259968
68719477060 133824
68719477061 32256
68719477062 2304
68719477121 41472
68719477122 72576
68719477123 48960
68719477124 16128
68719477125 2304
68719480834 -2304
68719480835 -10368
68719480836 4608
68719480837 29952
68719480838 41472
68719480897 -4608
68719480898 -19584
68719480899 104832
68719480900 333312
68719480901 417408
68719480902 145152
68719480960 -2304
68719480961 -19584
68719480962 201600
68719480963 873792
68719480964 1326912
68719480965 851616
68719480966 146880
68719481024 -10368
68719481025 104832
68719481026 873792
68719481027 1893888
68719481028 1766880
68719481029 649920
68719481030 64512
68719481088 4608
68719481089 333312
68719481090 1326912
68719481091 1766880
68719481092 993024
68719481093 220032
68719481094 11520
68719481152 29952
68719481153 417408
68719481154 851616
68719481155 649920
68719481156 220032
68719481157 25344
68719481216 41472
68719481217 145152
68719481218 146880
68719481219 64512
68719481220 11520
68719484929 -5184
68719484930 -31392
68719484931 6528
68719484932 124512
68719484933 172416
68719484934 72576
68719484992 -5184
68719484993 -57600
68719484994 95328
68719484995 781728
68719484996 1166832
68719484997 850752
68719484998 146880
68719485056 -31392
68719485057 95328
68719485058 1332288
68719485059 2703504
68719485060 2798496
68719485061 1073376
68719485062 96768
68719485120 6528
68719485121 781728
68719485122 2703504
68719485123 4022592
68719485124 2495520
68719485125 525312
68719485126 23040
68719485184 124512
68719485185 1166832
68719485186 2798496
68719485187 2495520
68719485188 867456
68719485189 86400
68719485248 172416
68719485249 850752
68719485250 1073376
68719485251 525312
68719485252 86400
68719485312 72576
68719485313 146880
68719485314 96768
68719485315 23040
68719489024 -2592
68719489025 -31824
68719489026 -15504
68719489027 209784
68719489028 319728
68719489029 259104
68719489030 48960
68719489088 -31824
68719489089 -11712
68719489090 808680
68719489091 1610832
68719489092 1768704
68719489093 732288
68719489094 64512
68719489152 -15504
68719489153 808680
68719489154 2612928
68719489155 4020096
68719489156 2768160
68719489157 578304
68719489158 23040
68719489216 209784
68719489217 1610832
68719489218 4020096
68719489219 4166016
68719489220 1506816
68719489221 138240
68719489280 319728
68719489281 1768704
68719489282 2768160
68719489283 1506816
68719489284 236160
68719489344 259104
68719489345 732288
68719489346 578304
68719489347 138240
68719489408 48960
68719489409 64512
68719489410 23040
68719493120 -10368
68719493121 -25344
68719493122 160680
68719493123 343560
68719493124 387360
68719493125 175008
68719493126 16128
68719493184 -25344
68719493185 358512
68719493186 1209624
68719493187 1839168
68719493188 1389456
68719493189 299520
68719493190 11520
68719493248 160680
68719493249 1209624
68719493250 2907360
68719493251 3394992
68719493252 1298304
68719493253 115200
68719493312 343560
68719493313 1839168
68719493314 3394992
68719493315 2050560
68719493316 316800
68719493376 387360
68719493377 1389456
68719493378 1298304
68719493379 316800
68719493440 175008
68719493441 299520
68719493442 115200
68719493504 16128
68719493505 11520
68719497216 -8784
68719497217 53808
68719497218 212952
68719497219 316392
68719497220 257616
68719497221 58752
68719497222 2304
68719497280 53808
68719497281 460944
68719497282 1046232
68719497283 1330704
68719497284 542592
68719497285 48384
68719497344 212952
68719497345 1046232
68719497346 2160288
68719497347 1435968
68719497348 224640
68719497408 316392
68719497409 1330704
68719497410 1435968
68719497411 362880
68719497472 257616
68719497473 542592
68719497474 224640
68719497536 58752
68719497537 48384
68719497600 2304
68719501312 6048
68719501313 68736
68719501314 149352
68719501315 201048
68719501316 87552
68719501317 8064
68719501376 68736
68719501377 312528
68719501378 690936
68719501379 499968
68719501380 80640
68719501440 149352
68719501441 690936
68719501442 840384
68719501443 221760
68719501504 201048
68719501505 499968
68719501506 221760
68719501568 87552
68719501569 80640
68719501632 8064
68719505408 8832
68719505409 38376
68719505410 88008
68719505411 68544
68719505412 11520
68719505472 38376
68719505473 186336
68719505474 249984
68719505475 69120
68719505536 88008
68719505537 249984
68719505538 118080
68719505600 68544
68719505601 69120
68719505664 11520
68719509504 4152
68719509505 20520
68719509506 29808
68719509507 8640
68719509568 20520
68719509569 64800
68719509570 32400
68719509632 29808
68719509633 32400
68719509696 8640
68719513600 1992
68719513601 6840
68719513602 3600
68719513664 6840
68719513665 7920
68719513728 3600
68719517696 648
68719517697 792
68719517760 792
68719521792 72
68736253955 -13824
68736253957 27648
68736253958 55296
68736254018 -18432
68736254019 139968
68736254020 474048
68736254021 691776
68736254022 226944
68736254081 8064
68736254082 273024
68736254083 1348128
68736254084 2341344
68736254085 1449504
68736254086 205632
68736254144 12672
68736254145 165312
68736254146 1300608
68736254147 3364800
68736254148 3174528
68736254149 975744
68736254150 71424
68736254208 33984
68736254209 459936
68736254210 2197920
68736254211 3306144
68736254212 1602624
68736254213 277632
68736254214 9216
68736254272 42624
68736254273 569088
68736254274 1638144
68736254275 1172736
68736254276 321408
68736254277 29952
68736254336 17280
68736254337 280512
68736254338 308736
68736254339 116352
68736254340 16128
68736258049 1728
68736258050 -71424
68736258051 -20448
68736258052 275040
68736258053 578304
68736258054 226944
68736258112 1728
68736258113 -73728
68736258114 92016
68736258115 2125824
68736258116 4225344
68736258117 2920320
68736258118 411264
68736258176 2880
68736258177 156672
68736258178 3614016
68736258179 10004640
68736258180 10233504
68736258181 3231360
68736258182 214272
68736258240 68400
68736258241 1955328
68736258242 9658752
68736258243 15352512
68736258244 7986432
68736258245 1306368
68736258246 36864
68736258304 261216
68736258305 3698880
68736258306 10894752
68736258307 8606208
68736258308 2396160
68736258309 186624
68736258368 390816
68736258369 3301632
68736258370 4064256
68736258371 1647360
68736258372 221184
68736258432 280512
68736258433 617472
68736258434 349056
68736258435 64512
68736262144 2160
68736262145 -52992
68736262146 -213864
68736262147 682584
68736262148 1736400
68736262149 1357344
68736262150 205632
68736262208 -9792
68736262209 -329664
68736262210 2797968
68736262211 9031392
68736262212 9936000
68736262213 3329856
68736262214 214272
68736262272 -101400
68736262273 2628840
68736262274 14418960
68736262275 23755680
68736262276 13347936
68736262277 2146176
68736262278 55296
68736262336 581424
68736262337 8233344
68736262338 24325056
68736262339 21318144
68736262340 6103872
68736262341 428544
68736262400 1337664
68736262401 10636416
68736262402 15132384
68736262403 6690816
68736262404 857088
68736262464 1523232
68736262465 4301568
68736262466 2839104
68736262467 552960
68736262528 308736
68736262529 349056
68736262530 96768
68736266240 -864
68736266241 -251784
68736266242 518568
68736266243 2513232
68736266244 2979840
68736266245 1074240
68736266246 71424
68736266304 -202968
68736266305 1132176
68736266306 8793408
68736266307 15004128
68736266308 9048576
68736266309 1483776
68736266310 36864
68736266368 428568
68736266369 8348880
68736266370 24508512
68736266371 23333184
68736266372 6962112
68736266373 465408
68736266432 2080512
68736266433 15503520
68736266434 24603840
68736266435 11843712
68736266436 1483776
68736266496 3175392
68736266497 10619328
68736266498 8103744
68736266499 1635840
68736266560 1410048
68736266561 2021760
68736266562 631296
68736266624 116352
68736266625 64512
68736270336 -73872
68736270337 72240
68736270338 1837200
68736270339 3333336
68736270340 2135856
68736270341 366336
68736270342 9216
68736270400 51216
68736270401 3821184
68736270402 11488176
68736270403 11635392
68736270404 3643776
68736270405 241920
68736270464 1604352
68736270465 11609640
68736270466 19818288
68736270467 10284768
68736270468 1292544
68736270528 3436656
68736270529 12748512
68736270530 10962432
68736270531 2298240
68736270592 2567712
68736270593 4418784
68736270594 1517184
68736270656 508608
68736270657 338688
68736270720 16128
68736274432 -27720
68736274433 625752
68736274434 2031624
68736274435 2160096
68736274436 710784
68736274437 48384
68736274496 577368
68736274497 4336272
68736274498 7784640
68736274499 4302720
68736274500 552960
68736274560 2051640
68736274561 8099712
68736274562 7642080
68736274563 1669248
68736274624 2434272
68736274625 4802688
68736274626 1783296
68736274688 887328
68736274689 677376
68736274752 69120
68736278528 75144
68736278529 636864
68736278530 1190520
68736278531 692928
68736278532 92160
68736278592 636792
68736278593 2623056
68736278594 2655216
68736278595 604800
68736278656 1276488
68736278657 2785536
68736278658 1103616
68736278720 800496
68736278721 677376
68736278784 116352
68736282624 79824
68736282625 341232
68736282626 364176
68736282627 86400
68736282688 351888
68736282689 826560
68736282690 345600
68736282752 396432
68736282753 362880
68736282816 100224
68736286720 39864
68736286721 98784
68736286722 43200
68736286784 102600
68736286785 99792
68736286848 47088
68736290816 10872
68736290817 11088
68736290880 11520
68736294912 1152
68753031169 9504
68753031170 -51840
68753031171 -16416
68753031172 167616
68753031173 259200
68753031174 20736
68753031232 9504
68753031233 -65376
68753031234 36288
68753031235 1433088
68753031236 2624832
68753031237 1169856
68753031238 34560
68753031296 10944
68753031297 4536
68753031298 2451456
68753031299 7058592
68753031300 5535072
68753031301 1058400
68753031302 10368
68753031360 15768
68753031361 1115712
68753031362 7098048
68753031363 9676512
68753031364 3664512
68753031365 345600
68753031424 83808
68753031425 2510448
68753031426 7403040
68753031427 4872672
68753031428 992448
68753031429 41472
68753031488 159792
68753031489 2206368
68753031490 2712960
68753031491 937728
68753031492 97920
68753031552 130464
68753031553 456192
68753031554 264384
68753031555 41472
68753035264 21744
68753035265 -60768
68753035266 -299664
68753035267 824256
68753035268 2201760
68753035269 1152576
68753035270 34560
68753035328 33984
68753035329 -728064
68753035330 3309552
68753035331 13037760
68753035332 11145600
68753035333 2140992
68753035334 20736
68753035392 -286920
68753035393 2391360
68753035394 21706848
68753035395 31017600
68753035396 12145248
68753035397 1057536
68753035456 156624
68753035457 11846208
68753035458 34467552
68753035459 23598144
68753035460 4683456
68753035461 165888
68753035520 1478592
68753035521 15276672
68753035522 19301472
68753035523 6740352
68753035524 620928
68753035584 1998432
68753035585 6058368
68753035586 3571776
68753035587 564480
68753035648 456192
68753035649 528768
68753035650 124416
68753039360 62208
68753039361 -653484
68753039362 591408
68753039363 5491080
68753039364 5190048
68753039365 1065312
68753039366 10368
68753039424 -604164
68753039425 553488
68753039426 19928736
68753039427 30356064
68753039428 12515904
68753039429 1067904
68753039488 -438504
68753039489 18217272
68753039490 54093168
68753039491 38949696
68753039492 7716384
68753039493 248832
68753039552 3785136
68753039553 35198784
68753039554 46769760
68753039555 16856064
68753039556 1438848
68753039616 6907968
68753039617 22126464
68753039618 13932000
68753039619 2187648
68753039680 3117312
68753039681 4065984
68753039682 1043712
68753039744 264384
68753039745 124416
68753043456 -243480
68753043457 -555432
68753043458 5447448
68753043459 9256464
68753043460 4040352
68753043461 355968
68753043520 -947160
68753043521 10797936
68753043522 34880112
68753043523 26373600
68753043524 5341824
68753043525 165888
68753043584 3833208
68753043585 36616464
68753043586 50849568
68753043587 19054080
68753043588 1570176
68753043648 10632528
68753043649 35668512
68753043650 24050304
68753043651 3790080
68753043712 7609536
68753043713 11118528
68753043714 3055104
68753043776 1431936
68753043777 785664
68753043840 41472
68753047552 -397716
68753047553 2044500
68753047554 7887672
68753047555 6270120
68753047556 1319040
68753047557 41472
68753047616 1538436
68753047617 17569728
68753047618 25491312
68753047619 9943200
68753047620 817920
68753047680 8272512
68753047681 28857672
68753047682 20627568
68753047683 3303360
68753047744 9171504
68753047745 14663520
68753047746 4268160
68753047808 3000528
68753047809 1854720
68753047872 208512
68753051648 179088
68753051649 3136608
68753051650 4789944
68753051651 1942560
68753051652 163584
68753051712 3142368
68753051713 11474784
68753051714 8602416
68753051715 1413504
68753051776 5906520
68753051777 10106208
68753051778 3091392
68753051840 3188880
68753051841 2159424
68753051904 407808
68753055744 459180
68753055745 1781640
68753055746 1389528
68753055747 235584
68753055808 1945656
68753055809 3505104
68753055810 1118880
68753055872 1833336
68753055873 1330272
68753055936 403200
68753059840 257328
68753059841 482832
68753059842 159840
68753059904 544032
68753059905 415872
68753059968 214848
68753063936 65376
68753063937 51984
68753064000 58968
68753068032 6552
68769808384 9504
68769808385 -53568
68769808386 -59616
68769808387 361152
68769808388 514944
68769808389 103680
68769808448 -33696
68769808449 -236160
68769808450 1744128
68769808451 4495104
68769808452 2570688
68769808453 172800
68769808512 -170568
68769808513 1388880
68769808514 9017472
68769808515 9541728
68769808516 2359584
68769808517 51840
68769808576 44208
68769808577 5342112
68769808578 12595296
68769808579 6361344
68769808580 747648
68769808640 602256
68769808641 6001728
68769808642 6510432
68769808643 1724544
68769808644 87552
68769808704 700032
68769808705 2343936
68769808706 1286784
68769808707 168192
68769808768 165888
68769808769 240768
68769808770 57600
68769812480 13248
68769812481 -479808
68769812482 895104
68769812483 3849696
68769812484 2506752
68769812485 172800
68769812544 -644400
68769812545 1028976
68769812546 16889280
68769812547 19221696
68769812548 4817664
68769812549 103680
68769812608 -580128
68769812609 16678176
68769812610 40472352
68769812611 20845728
68769812612 2306880
68769812672 3263712
68769812673 28721088
68769812674 30771552
68769812675 7894656
68769812676 339840
68769812736 5516640
68769812737 16666560
68769812738 8787456
68769812739 1021824
68769812800 2475264
68769812801 3199104
68769812802 726912
68769812864 240768
68769812865 115200
68769816576 -373476
68769816577 -558696
68769816578 7104360
68769816579 9036288
68769816580 2394144
68769816581 51840
68769816640 -1618920
68769816641 15056208
68769816642 40063968
68769816643 21442752
68769816644 2341440
68769816704 5027544
68769816705 46135296
68769816706 50300064
68769816707 12820896
68769816708 499392
68769816768 13554240
68769816769 40171392
68769816770 21217248
68769816771 2294208
68769816832 9199872
68769816833 11980224
68769816834 2673216
68769816896 1791936
68769816897 891648
68769816960 57600
68769820672 -873720
68769820673 3814680
68769820674 12351360
68769820675 6961824
68769820676 782208
68769820736 2576472
68769820737 30189984
68769820738 34143456
68769820739 8838720
68769820740 329472
68769820800 14605104
68769820801 43821120
68769820802 23556384
68769820803 2454336
68769820864 15014688
68769820865 20083968
68769820866 4472064
68769820928 4724928
68769820929 2466432
68769820992 332928
68769824768 305556
68769824769 6833376
68769824770 8189976
68769824771 2189664
68769824772 82368
68769824832 7067520
68769824833 22160592
68769824834 12236544
68769824835 1267200
68769824896 12318888
68769824897 16989408
68769824898 3820896
68769824960 6094944
68769824961 3326400
68769825024 741888
68769828864 1240728
68769828865 4202712
68769828866 2400624
68769828867 253440
68769828928 4958856
68769828929 7070112
68769828930 1621728
68769828992 4164480
68769828993 2364768
68769829056 835488
68769832960 776040
68769832961 1147608
68769832962 270288
68769833024 1444824
68769833025 849744
68769833088 506160
68769837056 200088
68769837057 121392
68769837120 157248
68769841152 19656
68786585600 -15552
68786585601 -67392
68786585602 354240
68786585603 560736
68786585604 212544
68786585664 -159840
68786585665 834336
68786585666 3959424
68786585667 3079872
68786585668 354240
68786585728 89136
68786585729 5019672
68786585730 8605152
68786585731 2909088
68786585732 106272
68786585792 1146552
68786585793 7352832
68786585794 5909184
68786585795 929376
68786585856 1490304
68786585857 3979632
68786585858 1666080
68786585859 112896
68786585920 634032
68786585921 833760
68786585922 169920
68786585984 70560
68786585985 40320
68786589696 -201312
68786589697 285984
68786589698 3439440
68786589699 2990016
68786589700 354240
68786589760 -462144
68786589761 9345264
68786589762 17366400
68786589763 5975424
68786589764 212544
68786589824 3598728
68786589825 23874912
68786589826 19127232
68786589827 2851200
68786589888 7593792
68786589889 18701760
68786589890 7338816
68786589891 415296
68786589952 4760544
68786589953 5541984
68786589954 972864
68786590016 993312
68786590017 483840
68786590080 40320
68786593792 -572592
68786593793 3782388
68786593794 8233056
68786593795 2976480
68786593796 106272
68786593856 2970972
68786593857 23857920
68786593858 19662048
68786593859 2891808
68786593920 12596904
68786593921 30566736
68786593922 11674368
68786593923 586656
68786593984 11713632
68786593985 13012416
68786593986 2075328
68786594048 3673296
68786594049 1676160
68786594112 293760
68786597888 565920
68786597889 7348512
68786597890 6427584
68786597891 969984
68786597952 8289984
68786597953 20867808
68786597954 8001792
68786597955 379008
68786598016 12976272
68786598017 14230944
68786598018 2143296
68786598080 6062112
68786598081 2670912
68786598144 764352
68786601984 1837140
68786601985 5035476
68786601986 1991952
68786601987 94752
68786602048 6629556
68786602049 7373232
68786602050 1088640
68786602112 5094504
68786602113 2213568
68786602176 985680
68786606080 1260816
68786606081 1453608
68786606082 217728
68786606144 2122200
68786606145 927504
68786606208 682992
68786610176 346068
68786610177 154584
68786610240 242928
68786614272 34704
68803362816 -24192
68803362817 157248
68803362818 355104
68803362819 228096
68803362880 99936
68803362881 1722816
68803362882 2109888
68803362883 380160
68803362944 943704
68803362945 3913344
68803362946 2069280
68803362947 114048
68803363008 1519488
68803363009 2807424
68803363010 686880
68803363072 873072
68803363073 836928
68803363074 89856
68803363136 195552
68803363137 91008
68803363200 10368
68803366912 -29952
68803366913 1494144
68803366914 2051136
68803366915 380160
68803366976 1685808
68803366977 7919424
68803366978 4261248
68803366979 228096
68803367040 5038272
68803367041 9022752
68803367042 2073600
68803367104 4191840
68803367105 3582720
68803367106 312768
68803367168 1318752
68803367169 499968
68803367232 125568
68803371008 605124
68803371009 3766176
68803371010 2133216
68803371011 114048
68803371072 5064768
68803371073 9291456
68803371074 2091744
68803371136 6941808
68803371137 5601312
68803371138 422496
68803371200 3072672
68803371201 1018944
68803371264 419904
68803375104 1532880
68803375105 3053664
68803375106 705024
68803375168 4781664
68803375169 3822912
68803375170 266112
68803375232 3344832
68803375233 1015488
68803375296 643392
68803379200 1154772
68803379201 956160
68803379202 66528
68803379264 1735632
68803379265 506880
68803379328 518688
68803383296 343512
68803383297 101376
68803383360 214704
68803387392 35784
68820140032 24192
68820140033 123552
68820140034 134784
68820140096 283968
68820140097 775296
68820140098 224640
68820140160 691776
68820140161 791424
68820140162 67392
68820140224 521856
68820140225 276768
68820140288 164448
68820140289 39168
68820140352 19008
68820144128 239472
68820144129 758016
68820144130 224640
68820144192 1404288
68820144193 1629504
68820144194 134784
68820144256 1680480
68820144257 819072
68820144320 696960
68820144321 130752
68820144384 103104
68820148224 664128
68820148225 820800
68820148226 67392
68820148288 1739232
68820148289 819936
68820148352 1080864
68820148353 170208
68820148416 204480
68820152320 572832
68820152321 277632
68820152384 737280
68820152385 104832
68820152448 198720
68820156416 185040
68820156417 26208
68820156480 97920
68820160512 19584
68836917248 18144
68836917249 41472
68836917312 117504
68836917313 69120
68836917376 124416
68836917377 20736
68836917440 45792
68836917504 6912
68836921344 115776
68836921345 69120
68836921408 255744
68836921409 41472
68836921472 133056
68836921536 22464
68836925440 129600
68836925441 20736
68836925504 132192
68836925568 28512
68836929536 44928
68836929600 17280
68836933632 4320
68853694464 5184
68853694528 8640
68853694592 2592
68853698560 8640
68853698624 5184
68853702656 2592
69793218563 12672
69793218564 33984
69793218565 42624
69793218566 17280
69793218626 8064
69793218627 165312
69793218628 459936
69793218629 569088
69793218630 280512
69793218689 -18432
69793218690 273024
69793218691 1300608
69793218692 2197920
69793218693 1638144
69793218694 308736
69793218752 -13824
69793218753 139968
69793218754 1348128
69793218755 3364800
69793218756 3306144
69793218757 1172736
69793218758 116352
69793218817 474048
69793218818 2341344
69793218819 3174528
69793218820 1602624
69793218821 321408
69793218822 16128
69793218880 27648
69793218881 691776
69793218882 1449504
69793218883 975744
69793218884 277632
69793218885 29952
69793218944 55296
69793218945 226944
69793218946 205632
69793218947 71424
69793218948 9216
69793222657 1728
69793222658 2880
69793222659 68400
69793222660 261216
69793222661 390816
69793222662 280512
69793222720 1728
69793222721 -73728
69793222722 156672
69793222723 1955328
69793222724 3698880
69793222725 3301632
69793222726 617472
69793222784 -71424
69793222785 92016
69793222786 3614016
69793222787 9658752
69793222788 10894752
69793222789 4064256
69793222790 349056
69793222848 -20448
69793222849 2125824
69793222850 10004640
69793222851 15352512
69793222852 8606208
69793222853 1647360
69793222854 64512
69793222912 275040
69793222913 4225344
69793222914 10233504
69793222915 7986432
69793222916 2396160
69793222917 221184
69793222976 578304
69793222977 2920320
69793222978 3231360
69793222979 1306368
69793222980 186624
69793223040 226944
69793223041 411264
69793223042 214272
69793223043 36864
69793226752 2160
69793226753 -9792
69793226754 -101400
69793226755 581424
69793226756 1337664
69793226757 1523232
69793226758 308736
69793226816 -52992
69793226817 -329664
69793226818 2628840
69793226819 8233344
69793226820 10636416
69793226821 4301568
69793226822 349056
69793226880 -213864
69793226881 2797968
69793226882 14418960
69793226883 24325056
69793226884 15132384
69793226885 2839104
69793226886 96768
69793226944 682584
69793226945 9031392
69793226946 23755680
69793226947 21318144
69793226948 6690816
69793226949 552960
69793227008 1736400
69793227009 9936000
69793227010 13347936
69793227011 6103872
69793227012 857088
69793227072 1357344
69793227073 3329856
69793227074 2146176
69793227075 428544
69793227136 205632
69793227137 214272
69793227138 55296
69793230848 -864
69793230849 -202968
69793230850 428568
69793230851 2080512
69793230852 3175392
69793230853 1410048
69793230854 116352
69793230912 -251784
69793230913 1132176
69793230914 8348880
69793230915 15503520
69793230916 10619328
69793230917 2021760
69793230918 64512
69793230976 518568
69793230977 8793408
69793230978 24508512
69793230979 24603840
69793230980 8103744
69793230981 631296
69793231040 2513232
69793231041 15004128
69793231042 23333184
69793231043 11843712
69793231044 1635840
69793231104 2979840
69793231105 9048576
69793231106 6962112
69793231107 1483776
69793231168 1074240
69793231169 1483776
69793231170 465408
69793231232 71424
69793231233 36864
69793234944 -73872
69793234945 51216
69793234946 1604352
69793234947 3436656
69793234948 2567712
69793234949 508608
69793234950 16128
69793235008 72240
69793235009 3821184
69793235010 11609640
69793235011 12748512
69793235012 4418784
69793235013 338688
69793235072 1837200
69793235073 11488176
69793235074 19818288
69793235075 10962432
69793235076 1517184
69793235136 3333336
69793235137 11635392
69793235138 10284768
69793235139 2298240
69793235200 2135856
69793235201 3643776
69793235202 1292544
69793235264 366336
69793235265 241920
69793235328 9216
69793239040 -27720
69793239041 577368
69793239042 2051640
69793239043 2434272
69793239044 887328
69793239045 69120
69793239104 625752
69793239105 4336272
69793239106 8099712
69793239107 4802688
69793239108 677376
69793239168 2031624
69793239169 7784640
69793239170 7642080
69793239171 1783296
69793239232 2160096
69793239233 4302720
69793239234 1669248
69793239296 710784
69793239297 552960
69793239360 48384
69793243136 75144
69793243137 636792
69793243138 1276488
69793243139 800496
69793243140 116352
69793243200 636864
69793243201 2623056
69793243202 2785536
69793243203 677376
69793243264 1190520
69793243265 2655216
69793243266 1103616
69793243328 692928
69793243329 604800
69793243392 92160
69793247232 79824
69793247233 351888
69793247234 396432
69793247235 100224
69793247296 341232
69793247297 826560
69793247298 362880
69793247360 364176
69793247361 345600
69793247424 86400
69793251328 39864
69793251329 102600
69793251330 47088
69793251392 98784
69793251393 99792
69793251456 43200
69793255424 10872
69793255425 11520
69793255488 11088
69793259520 1152
69809995777 19008
69809995778 -4032
69809995779 87264
69809995780 421920
69809995781 570816
69809995782 278784
69809995840 19008
69809995841 -57024
69809995842 -12528
69809995843 2507040
69809995844 5212224
69809995845 3859200
69809995846 511488
69809995904 -4032
69809995905 -12528
69809995906 4267584
69809995907 13255104
69809995908 13530528
69809995909 3999744
69809995910 245376
69809995968 87264
69809995969 2507040
69809995970 13255104
69809995971 19847808
69809995972 9138240
69809995973 1357056
69809995974 34560
69809996032 421920
69809996033 5212224
69809996034 13530528
69809996035 9138240
69809996036 2174976
69809996037 154368
69809996096 570816
69809996097 3859200
69809996098 3999744
69809996099 1357056
69809996100 154368
69809996160 278784
69809996161 511488
69809996162 245376
69809996163 34560
69809999872 43488
69809999873 80352
69809999874 -491616
69809999875 1209840
69809999876 4123296
69809999877 3764736
69809999878 511488
69809999936 80352
69809999937 -1465200
69809999938 4765200
69809999939 24096288
69809999940 28003392
69809999941 8628480
69809999942 490752
69810000000 -491616
69810000001 4765200
69810000002 40548096
69810000003 66840768
69810000004 33221952
69810000005 4717440
69810000006 103680
69810000064 1209840
69810000065 24096288
69810000066 66840768
69810000067 49985280
69810000068 12258432
69810000069 755712
69810000128 4123296
69810000129 28003392
69810000130 33221952
69810000131 12258432
69810000132 1368576
69810000192 3764736
69810000193 8628480
69810000194 4717440
69810000195 755712
69810000256 511488
69810000257 490752
69810000258 103680
69810003968 188352
69810003969 -1147344
69810003970 -29112
69810003971 9476880
69810003972 13169952
69810003973 4372992
69810003974 245376
69810004032 -1147344
69810004033 24096
69810004034 35873184
69810004035 67317120
69810004036 36263232
69810004037 5118336
69810004038 103680
69810004096 -29112
69810004097 35873184
69810004098 109382112
69810004099 89840736
69810004100 22723200
69810004101 1289088
69810004160 9476880
69810004161 67317120
69810004162 89840736
69810004163 35950464
69810004164 3888000
69810004224 13169952
69810004225 36263232
69810004226 22723200
69810004227 3888000
69810004288 4372992
69810004289 5118336
69810004290 1289088
69810004352 245376
69810004353 103680
69810008064 -422160
69810008065 -1760784
69810008066 8884992
69810008067 20748096
69810008068 12120768
69810008069 1757952
69810008070 34560
69810008128 -1760784
69810008129 19845312
69810008130 72237312
69810008131 64531584
69810008132 16970112
69810008133 928512
69810008192 8884992
69810008193 72237312
69810008194 105776064
69810008195 45410688
69810008196 4840704
69810008256 20748096
69810008257 64531584
69810008258 45410688
69810008259 8098560
69810008320 12120768
69810008321 16970112
69810008322 4840704
69810008384 1757952
69810008385 928512
69810008448 34560
69810012160 -851016
69810012161 3204360
69810012162 16438680
69810012163 15979680
69810012164 4391712
69810012165 240768
69810012224 3204360
69810012225 35219808
69810012226 56186640
69810012227 25603776
69810012228 2745792
69810012288 16438680
69810012289 56186640
69810012290 43248384
69810012291 7994304
69810012352 15979680
69810012353 25603776
69810012354 7994304
69810012416 4391712
69810012417 2745792
69810012480 240768
69810016256 273792
69810016257 6283584
69810016258 11008944
69810016259 5281056
69810016260 578880
69810016320 6283584
69810016321 23600448
69810016322 19466784
69810016323 3725568
69810016384 11008944
69810016385 19466784
69810016386 6504192
69810016448 5281056
69810016449 3725568
69810016512 578880
69810020352 909720
69810020353 3816504
69810020354 3327552
69810020355 658656
69810020416 3816504
69810020417 7267680
69810020418 2557728
69810020480 3327552
69810020481 2557728
69810020544 658656
69810024448 524592
69810024449 1059264
69810024450 388224
69810024512 1059264
69810024513 865728
69810024576 388224
69810028544 134496
69810028545 114912
69810028608 114912
69810032640 13536
69826772992 28512
69826772993 -48672
69826772994 -144288
69826772995 1245600
69826772996 2371680
69826772997 1413504
69826772998 34560
69826773056 -28800
69826773057 -1030320
69826773058 3759408
69826773059 14881536
69826773060 13584960
69826773061 2571264
69826773062 20736
69826773120 -419688
69826773121 2773584
69826773122 25365024
69826773123 36484128
69826773124 13556448
69826773125 1138752
69826773184 537696
69826773185 14325792
69826773186 38974752
69826773187 24040512
69826773188 4260672
69826773189 134784
69826773248 2091696
69826773249 16503840
69826773250 18134496
69826773251 5389056
69826773252 422784
69826773312 2031264
69826773313 5143104
69826773314 2588544
69826773315 331776
69826773376 316224
69826773377 300672
69826773378 58752
69826777088 180288
69826777089 -1619280
69826777090 816336
69826777091 12534768
69826777092 13252032
69826777093 2616192
69826777094 20736
69826777152 -1888992
69826777153 -1035456
69826777154 47446704
69826777155 76378752
69826777156 29861568
69826777157 2367360
69826777216 -1540032
69826777217 44939376
69826777218 133002144
69826777219 87383520
69826777220 15420672
69826777221 425088
69826777280 10338000
69826777281 83700864
69826777282 97907040
69826777283 30245760
69826777284 2188800
69826777344 15799392
69826777345 42787008
69826777346 22780224
69826777347 2973312
69826777408 5405184
69826777409 5913216
69826777410 1233792
69826777472 300672
69826777473 117504
69826781184 -1053180
69826781185 -4404288
69826781186 18593208
69826781187 36478368
69826781188 15307488
69826781189 1218240
69826781248 -5849136
69826781249 38157072
69826781250 136452096
69826781251 96204096
69826781252 17255808
69826781253 445824
69826781312 14633160
69826781313 140482800
69826781314 176108256
69826781315 56839104
69826781316 3920832
69826781376 39628944
69826781377 115734816
69826781378 66140928
69826781379 8718336
69826781440 22757184
69826781441 27979776
69826781442 6341760
69826781504 3174336
69826781505 1413504
69826781568 58752
69826785280 -3272232
69826785281 7917000
69826785282 42538032
69826785283 32565600
69826785284 6061248
69826785285 155520
69826785344 6055464
69826785345 94068864
69826785346 127767744
69826785347 43230528
69826785348 2945664
69826785408 43557984
69826785409 137541600
69826785410 83974752
69826785411 11235456
69826785472 40913568
69826785473 55459584
69826785474 13452480
69826785536 10370880
69826785537 5275008
69826785600 511488
69826789376 77244
69826789377 21274128
69826789378 32035752
69826789379 11399760
69826789380 790848
69826789440 21163536
69826789441 73975392
69826789442 47977488
69826789443 6578784
69826789504 36151848
69826789505 53053920
69826789506 13601952
69826789568 15581088
69826789569 8803584
69826789632 1498464
69826793472 3641688
69826793473 14638680
69826793474 10058688
69826793475 1425312
69826793536 15368328
69826793537 24160896
69826793538 6493824
69826793600 11916720
69826793601 7287840
69826793664 2045664
69826797568 2499264
69826797569 4189680
69826797570 1173744
69826797632 4498560
69826797633 2920896
69826797696 1423008
69826801664 664056
69826801665 451584
69826801728 489168
69826805760 65952
69843550208 -23328
69843550209 -419616
69843550210 1420704
69843550211 4204800
69843550212 3032064
69843550213 172800
69843550272 -828288
69843550273 1314720
69843550274 18351360
69843550275 22329792
69843550276 5536512
69843550277 103680
69843550336 -378720
69843550337 18189984
69843550338 44773920
69843550339 22019328
69843550340 2320704
69843550400 3860064
69843550401 30279936
69843550402 29905920
69843550403 6741504
69843550404 238464
69843550464 5549664
69843550465 14886912
69843550466 6822144
69843550467 638208
69843550528 1954368
69843550529 2216448
69843550530 417024
69843550592 126720
69843550593 50688
69843554304 -983232
69843554305 -1439136
69843554306 15727824
69843554307 21899520
69843554308 5728320
69843554309 103680
69843554368 -4228368
69843554369 33399168
69843554370 94439808
69843554371 48892608
69843554372 4987008
69843554432 11691600
69843554433 105006528
69843554434 107561664
69843554435 24449472
69843554436 777600
69843554496 29633280
69843554497 79818816
69843554498 36758592
69843554499 3233664
69843554560 16700160
69843554561 18974592
69843554562 3480192
69843554624 2477952
69843554625 1029888
69843554688 50688
69843558400 -3892896
69843558401 11829648
69843558402 45424512
69843558403 25328448
69843558404 2636928
69843558464 7719456
69843558465 108667296
69843558466 118773504
69843558467 27753408
69843558468 850176
69843558528 51006384
69843558529 143737056
69843558530 68279328
69843558531 5838912
69843558592 45642048
69843558593 53661312
69843558594 9887616
69843558656 11455488
69843558657 4993920
69843558720 587520
69843562496 160032
69843562497 33540240
69843562498 40525344
69843562499 9931392
69843562500 311040
69843562560 33916656
69843562561 104898144
69843562562 52201152
69843562563 4491648
69843562624 54833184
69843562625 67560768
69843562626 12704832
69843562688 22333824
69843562689 10272384
69843562752 2079360
69843566592 7326312
69843566593 26385888
69843566594 13939920
69843566595 1243008
69843566656 29658720
69843566657 38750688
69843566658 7538400
69843566720 21294144
69843566721 10321344
69843566784 3374208
69843570688 5847792
69843570689 8195472
69843570690 1666656
69843570752 9735696
69843570753 4967136
69843570816 2774304
69843574784 1698120
69843574785 910800
69843574848 1117728
69843578880 174672
69860327424 -219456
69860327425 581760
69860327426 3760704
69860327427 3525696
69860327428 354240
69860327488 -387216
69860327489 9894384
69860327490 19431936
69860327491 6547392
69860327492 212544
69860327552 3825768
69860327553 25407360
69860327554 19453248
69860327555 2701728
69860327616 7660224
69860327617 17721216
69860327618 6136704
69860327619 269568
69860327680 4108752
69860327681 4315104
69860327682 619200
69860327744 671040
69860327745 285696
69860327808 17280
69860331520 -1280928
69860331521 8256096
69860331522 19175040
69860331523 6870528
69860331524 212544
69860331584 6249216
69860331585 53862912
69860331586 43233408
69860331587 5916672
69860331648 27214272
69860331649 63310176
69860331650 21741696
69860331651 865728
69860331712 22419936
69860331713 22391424
69860331714 2915712
69860331776 5749920
69860331777 2236032
69860331840 344448
69860335616 1354596
69860335617 25785504
69860335618 22573152
69860335619 3192480
69860335680 28091088
69860335681 70061472
69860335682 24672384
69860335683 959040
69860335744 40805280
69860335745 40810176
69860335746 5088960
69860335808 15986880
69860335809 5992704
69860335872 1579392
69860339712 8319600
69860339713 23955552
69860339714 8927424
69860339715 362880
69860339776 29922048
69860339777 31129344
69860339778 3904128
69860339840 19967616
69860339841 7468992
69860339904 3096000
69860343808 7476444
69860343809 8356608
69860343810 1097856
69860343872 11450592
69860343873 4405536
69860343936 3034512
69860347904 2424888
69860347905 981936
69860347968 1451520
69860352000 267264
69877104640 27360
69877104641 1643328
69877104642 2337984
69877104643 380160
69877104704 1781424
69877104705 8601408
69877104706 4463424
69877104707 228096
69877104768 5225184
69877104769 8928000
69877104770 1887840
69877104832 3890304
69877104833 3004416
69877104834 207360
69877104896 1028448
69877104897 339840
69877104960 76032
69877108736 1330560
69877108737 8519040
69877108738 4731264
69877108739 228096
69877108800 11100096
69877108801 19797696
69877108802 4140288
69877108864 13974336
69877108865 10324800
69877108866 627264
69877108928 5267520
69877108929 1494144
69877108992 581760
69877112832 5192640
69877112833 10378368
69877112834 2257632
69877112896 15530400
69877112897 11610432
69877112898 679104
69877112960 9485856
69877112961 2479680
69877113024 1488384
69877116928 5285088
69877116929 4214016
69877116930 259200
69877116992 7210368
69877116993 1860480
69877117056 1790208
69877121024 1933344
69877121025 523008
69877121088 1038816
69877125120 230832
69893881856 269280
69893881857 832320
69893881858 224640
69893881920 1492992
69893881921 1643328
69893881922 134784
69893881984 1628640
69893881985 731808
69893882048 589248
69893882049 93312
69893882112 74304
69893885952 1475712
69893885953 1752192
69893885954 134784
69893886016 3606336
69893886017 1586304
69893886080 1980288
69893886081 264384
69893886144 314496
69893890048 1890432
69893890049 866592
69893890112 2204928
69893890113 274752
69893890176 501120
69893894144 798336
69893894145 103680
69893894208 366336
69893898240 101952
69910659072 122688
69910659073 69120
69910659136 250560
69910659137 41472
69910659200 118368
69910659264 17280
69910663168 267840
69910663169 41472
69910663232 252288
69910663296 46656
69910667264 137376
69910667328 46656
69910671360 17280
69927436288 8640
69927436352 5184
69927440384 5184
70866960385 9504
70866960386 10944
70866960387 15768
70866960388 83808
70866960389 159792
70866960390 130464
70866960448 9504
70866960449 -65376
70866960450 4536
70866960451 1115712
70866960452 2510448
70866960453 2206368
70866960454 456192
70866960512 -51840
70866960513 36288
70866960514 2451456
70866960515 7098048
70866960516 7403040
70866960517 2712960
70866960518 264384
70866960576 -16416
70866960577 1433088
70866960578 7058592
70866960579 9676512
70866960580 4872672
70866960581 937728
70866960582 41472
70866960640 167616
70866960641 2624832
70866960642 5535072
70866960643 3664512
70866960644 992448
70866960645 97920
70866960704 259200
70866960705 1169856
70866960706 1058400
70866960707 345600
70866960708 41472
70866960768 20736
70866960769 34560
70866960770 10368
70866964480 21744
70866964481 33984
70866964482 -286920
70866964483 156624
70866964484 1478592
70866964485 1998432
70866964486 456192
70866964544 -60768
70866964545 -728064
70866964546 2391360
70866964547 11846208
70866964548 15276672
70866964549 6058368
70866964550 528768
70866964608 -299664
70866964609 3309552
70866964610 21706848
70866964611 34467552
70866964612 19301472
70866964613 3571776
70866964614 124416
70866964672 824256
70866964673 13037760
70866964674 31017600
70866964675 23598144
70866964676 6740352
70866964677 564480
70866964736 2201760
70866964737 11145600
70866964738 12145248
70866964739 4683456
70866964740 620928
70866964800 1152576
70866964801 2140992
70866964802 1057536
70866964803 165888
70866964864 34560
70866964865 20736
70866968576 62208
70866968577 -604164
70866968578 -438504
70866968579 3785136
70866968580 6907968
70866968581 3117312
70866968582 264384
70866968640 -653484
70866968641 553488
70866968642 18217272
70866968643 35198784
70866968644 22126464
70866968645 4065984
70866968646 124416
70866968704 591408
70866968705 19928736
70866968706 54093168
70866968707 46769760
70866968708 13932000
70866968709 1043712
70866968768 5491080
70866968769 30356064
70866968770 38949696
70866968771 16856064
70866968772 2187648
70866968832 5190048
70866968833 12515904
70866968834 7716384
70866968835 1438848
70866968896 1065312
70866968897 1067904
70866968898 248832
70866968960 10368
70866972672 -243480
70866972673 -947160
70866972674 3833208
70866972675 10632528
70866972676 7609536
70866972677 1431936
70866972678 41472
70866972736 -555432
70866972737 10797936
70866972738 36616464
70866972739 35668512
70866972740 11118528
70866972741 785664
70866972800 5447448
70866972801 34880112
70866972802 50849568
70866972803 24050304
70866972804 3055104
70866972864 9256464
70866972865 26373600
70866972866 19054080
70866972867 3790080
70866972928 4040352
70866972929 5341824
70866972930 1570176
70866972992 355968
70866972993 165888
70866976768 -397716
70866976769 1538436
70866976770 8272512
70866976771 9171504
70866976772 3000528
70866976773 208512
70866976832 2044500
70866976833 17569728
70866976834 28857672
70866976835 14663520
70866976836 1854720
70866976896 7887672
70866976897 25491312
70866976898 20627568
70866976899 4268160
70866976960 6270120
70866976961 9943200
70866976962 3303360
70866977024 1319040
70866977025 817920
70866977088 41472
70866980864 179088
70866980865 3142368
70866980866 5906520
70866980867 3188880
70866980868 407808
70866980928 3136608
70866980929 11474784
70866980930 10106208
70866980931 2159424
70866980992 4789944
70866980993 8602416
70866980994 3091392
70866981056 1942560
70866981057 1413504
70866981120 163584
70866984960 459180
70866984961 1945656
70866984962 1833336
70866984963 403200
70866985024 1781640
70866985025 3505104
70866985026 1330272
70866985088 1389528
70866985089 1118880
70866985152 235584
70866989056 257328
70866989057 544032
70866989058 214848
70866989120 482832
70866989121 415872
70866989184 159840
70866993152 65376
70866993153 58968
70866993216 51984
70866997248 6552
70883737600 28512
70883737601 -28800
70883737602 -419688
70883737603 537696
70883737604 2091696
70883737605 2031264
70883737606 316224
70883737664 -48672
70883737665 -1030320
70883737666 2773584
70883737667 14325792
70883737668 16503840
70883737669 5143104
70883737670 300672
70883737728 -144288
70883737729 3759408
70883737730 25365024
70883737731 38974752
70883737732 18134496
70883737733 2588544
70883737734 58752
70883737792 1245600
70883737793 14881536
70883737794 36484128
70883737795 24040512
70883737796 5389056
70883737797 331776
70883737856 2371680
70883737857 13584960
70883737858 13556448
70883737859 4260672
70883737860 422784
70883737920 1413504
70883737921 2571264
70883737922 1138752
70883737923 134784
70883737984 34560
70883737985 20736
70883741696 180288
70883741697 -1888992
70883741698 -1540032
70883741699 10338000
70883741700 15799392
70883741701 5405184
70883741702 300672
70883741760 -1619280
70883741761 -1035456
70883741762 44939376
70883741763 83700864
70883741764 42787008
70883741765 5913216
70883741766 117504
70883741824 816336
70883741825 47446704
70883741826 133002144
70883741827 97907040
70883741828 22780224
70883741829 1233792
70883741888 12534768
70883741889 76378752
70883741890 87383520
70883741891 30245760
70883741892 2973312
70883741952 13252032
70883741953 29861568
70883741954 15420672
70883741955 2188800
70883742016 2616192
70883742017 2367360
70883742018 425088
70883742080 20736
70883745792 -1053180
70883745793 -5849136
70883745794 14633160
70883745795 39628944
70883745796 22757184
70883745797 3174336
70883745798 58752
70883745856 -4404288
70883745857 38157072
70883745858 140482800
70883745859 115734816
70883745860 27979776
70883745861 1413504
70883745920 18593208
70883745921 136452096
70883745922 176108256
70883745923 66140928
70883745924 6341760
70883745984 36478368
70883745985 96204096
70883745986 56839104
70883745987 8718336
70883746048 15307488
70883746049 17255808
70883746050 3920832
70883746112 1218240
70883746113 445824
70883749888 -3272232
70883749889 6055464
70883749890 43557984
70883749891 40913568
70883749892 10370880
70883749893 511488
70883749952 7917000
70883749953 94068864
70883749954 137541600
70883749955 55459584
70883749956 5275008
70883750016 42538032
70883750017 127767744
70883750018 83974752
70883750019 13452480
70883750080 32565600
70883750081 43230528
70883750082 11235456
70883750144 6061248
70883750145 2945664
70883750208 155520
70883753984 77244
70883753985 21163536
70883753986 36151848
70883753987 15581088
70883753988 1498464
70883754048 21274128
70883754049 73975392
70883754050 53053920
70883754051 8803584
70883754112 32035752
70883754113 47977488
70883754114 13601952
70883754176 11399760
70883754177 6578784
70883754240 790848
70883758080 3641688
70883758081 15368328
70883758082 11916720
70883758083 2045664
70883758144 14638680
70883758145 24160896
70883758146 7287840
70883758208 10058688
70883758209 6493824
70883758272 1425312
70883762176 2499264
70883762177 4498560
70883762178 1423008
70883762240 4189680
70883762241 2920896
70883762304 1173744
70883766272 664056
70883766273 489168
70883766336 451584
70883770368 65952
70900514816 -15552
70900514817 -1125792
70900514818 455184
70900514819 6480288
70900514820 7276320
70900514821 1569888
70900514822 10368
70900514880 -1125792
70900514881 160128
70900514882 26192016
70900514883 42372000
70900514884 16576128
70900514885 1373760
70900514944 455184
70900514945 26192016
70900514946 71562816
70900514947 43852896
70900514948 7472736
70900514949 212544
70900515008 6480288
70900515009 42372000
70900515010 43852896
70900515011 11881728
70900515012 763776
70900515072 7276320
70900515073 16576128
70900515074 7472736
70900515075 763776
70900515136 1569888
70900515137 1373760
70900515138 212544
70900515200 10368
70900518912 -1631520
70900518913 -6038832
70900518914 19686384
70900518915 41680656
70900518916 17890848
70900518917 1442880
70900518976 -6038832
70900518977 44972784
70900518978 156717072
70900518979 105628896
70900518980 18268416
70900518981 466560
70900519040 19686384
70900519041 156717072
70900519042 178560576
70900519043 51865920
70900519044 3226176
70900519104 41680656
70900519105 105628896
70900519106 51865920
70900519107 5692032
70900519168 17890848
70900519169 18268416
70900519170 3226176
70900519232 1442880
70900519233 466560
70900523008 -6881088
70900523009 11546256
70900523010 75374568
70900523011 57241440
70900523012 10286784
70900523013 254016
70900523072 11546256
70900523073 167137920
70900523074 213636528
70900523075 66265344
70900523076 4076352
70900523136 75374568
70900523137 213636528
70900523138 114679584
70900523139 13152672
70900523200 57241440
70900523201 66265344
70900523202 13152672
70900523264 10286784
70900523265 4076352
70900523328 254016
70900527104 -1232448
70900527105 51061248
70900527106 76453632
70900527107 25437024
70900527108 1593216
70900527168 51061248
70900527169 168357024
70900527170 98434656
70900527171 11759040
70900527232 76453632
70900527233 98434656
70900527234 21316608
70900527296 25437024
70900527297 11759040
70900527360 1593216
70900531200 10739880
70900531201 44394552
70900531202 28337256
70900531203 3544560
70900531264 44394552
70900531265 63146304
70900531266 14664672
70900531328 28337256
70900531329 14664672
70900531392 3544560
70900535296 9148608
70900535297 14413248
70900535298 3559248
70900535360 14413248
70900535361 8129376
70900535424 3559248
70900539392 2709288
70900539393 1638360
70900539456 1638360
70900543488 280800
70917292032 -676512
70917292033 -614160
70917292034 8130624
70917292035 11928672
70917292036 3306528
70917292037 51840
70917292096 -1657152
70917292097 17916576
70917292098 50363424
70917292099 25785216
70917292100 2700864
70917292160 7121520
70917292161 53905824
70917292162 51521184
70917292163 10869120
70917292164 319680
70917292224 14453280
70917292225 34554240
70917292226 13856256
70917292227 940032
70917292288 6318432
70917292289 6185088
70917292290 872064
70917292352 580608
70917292353 186624
70917296128 -4493952
70917296129 12301488
70917296130 50233104
70917296131 28376352
70917296132 2982528
70917296192 9615648
70917296193 119001312
70917296194 124759296
70917296195 27634176
70917296196 794880
70917296256 54237456
70917296257 139752288
70917296258 59470848
70917296259 4247424
70917296320 40125888
70917296321 41200128
70917296322 6049152
70917296384 7462080
70917296385 2577024
70917296448 207360
70917300224 -625272
70917300225 56640960
70917300226 68274432
70917300227 16142112
70917300228 480384
70917300288 57041424
70917300289 167788224
70917300290 76940064
70917300291 5790528
70917300352 81325872
70917300353 89754048
70917300354 14104800
70917300416 26265024
70917300417 9910080
70917300480 1663488
70917304320 16240320
70917304321 60035904
70917304322 30134016
70917304323 2424384
70917304384 64059552
70917304385 77359680
70917304386 13076928
70917304448 38613888
70917304449 15940800
70917304512 4555584
70917308416 16651152
70917308417 22469904
70917308418 4103856
70917308480 24778368
70917308481 11147904
70917308544 5605632
70917312512 5659920
70917312513 2768256
70917312576 3126240
70917316608 637992
70934069248 -610272
70934069249 4304616
70934069250 10267776
70934069251 3793824
70934069252 106272
70934069312 3483528
70934069313 27974880
70934069314 21854592
70934069315 2978208
70934069376 13634784
70934069377 29469312
70934069378 9167040
70934069379 286848
70934069440 9510624
70934069441 8425152
70934069442 812160
70934069504 1889856
70934069505 602496
70934069568 67392
70934073344 1424184
70934073345 27936720
70934073346 24344064
70934073347 3428352
70934073408 29972304
70934073409 71258976
70934073410 23471424
70934073411 796608
70934073472 38490912
70934073473 34827840
70934073474 3494016
70934073536 12226176
70934073537 3747456
70934073600 866880
70934077440 13584960
70934077441 39057552
70934077442 13982976
70934077443 527904
70934077504 46228176
70934077505 44744832
70934077506 4840128
70934077568 26093664
70934077569 8277984
70934077632 3080736
70934081536 16326000
70934081537 17604288
70934081538 2099520
70934081600 22340736
70934081601 7607808
70934081664 4741632
70934085632 6459408
70934085633 2413008
70934085696 3270096
70934089728 811872
70950846464 722376
70950846465 4481280
70950846466 2497824
70950846467 114048
70950846528 5685984
70950846529 9679680
70950846530 1956960
70950846592 6379488
70950846593 4261248
70950846594 186624
70950846656 1999296
70950846657 449280
70950846720 169344
70950850560 5583312
70950850561 10833696
70950850562 2308608
70950850624 15399936
70950850625 10720512
70950850626 523584
70950850688 8014464
70950850689 1728000
70950850752 981504
70950854656 8384688
70950854657 6401376
70950854658 360288
70950854720 10156320
70950854721 2293056
70950854784 2027808
70950858752 3968352
70950858753 990144
70950858816 1800576
70950862848 563760
70967623680 766656
70967623681 888192
70967623682 67392
70967623744 1721088
70967623745 717984
70967623808 814752
70967623809 81216
70967623872 103680
70967627776 1924128
70967627777 851904
70967627840 1999296
70967627841 209088
70967627904 364608
70967631872 1183680
70967631873 140832
70967631936 456192
70967635968 191808
70984400896 131328
70984400897 20736
70984400960 111456
70984401024 15552
70984404992 131328
70984405056 36288
70984409088 23328
71001178112 2592
71940702208 9504
71940702209 -33696
71940702210 -170568
71940702211 44208
71940702212 602256
71940702213 700032
71940702214 165888
71940702272 -53568
71940702273 -236160
71940702274 1388880
71940702275 5342112
71940702276 6001728
71940702277 2343936
71940702278 240768
71940702336 -59616
71940702337 1744128
71940702338 9017472
71940702339 12595296
71940702340 6510432
71940702341 1286784
71940702342 57600
71940702400 361152
71940702401 4495104
71940702402 9541728
71940702403 6361344
71940702404 1724544
71940702405 168192
71940702464 514944
71940702465 2570688
71940702466 2359584
71940702467 747648
71940702468 87552
71940702528 103680
71940702529 172800
71940702530 51840
71940706304 13248
71940706305 -644400
71940706306 -580128
71940706307 3263712
71940706308 5516640
71940706309 2475264
71940706310 240768
71940706368 -479808
71940706369 1028976
71940706370 16678176
71940706371 28721088
71940706372 16666560
71940706373 3199104
71940706374 115200
71940706432 895104
71940706433 16889280
71940706434 40472352
71940706435 30771552
71940706436 8787456
71940706437 726912
71940706496 3849696
71940706497 19221696
71940706498 20845728
71940706499 7894656
71940706500 1021824
71940706560 2506752
71940706561 4817664
71940706562 2306880
71940706563 339840
71940706624 172800
71940706625 103680
71940710400 -373476
71940710401 -1618920
71940710402 5027544
71940710403 13554240
71940710404 9199872
71940710405 1791936
71940710406 57600
71940710464 -558696
71940710465 15056208
71940710466 46135296
71940710467 40171392
71940710468 11980224
71940710469 891648
71940710528 7104360
71940710529 40063968
71940710530 50300064
71940710531 21217248
71940710532 2673216
71940710592 9036288
71940710593 21442752
71940710594 12820896
71940710595 2294208
71940710656 2394144
71940710657 2341440
71940710658 499392
71940710720 51840
71940714496 -873720
71940714497 2576472
71940714498 14605104
71940714499 15014688
71940714500 4724928
71940714501 332928
71940714560 3814680
71940714561 30189984
71940714562 43821120
71940714563 20083968
71940714564 2466432
71940714624 12351360
71940714625 34143456
71940714626 23556384
71940714627 4472064
71940714688 6961824
71940714689 8838720
71940714690 2454336
71940714752 782208
71940714753 329472
71940718592 305556
71940718593 7067520
71940718594 12318888
71940718595 6094944
71940718596 741888
71940718656 6833376
71940718657 22160592
71940718658 16989408
71940718659 3326400
71940718720 8189976
71940718721 12236544
71940718722 3820896
71940718784 2189664
71940718785 1267200
71940718848 82368
71940722688 1240728
71940722689 4958856
71940722690 4164480
71940722691 835488
71940722752 4202712
71940722753 7070112
71940722754 2364768
71940722816 2400624
71940722817 1621728
71940722880 253440
71940726784 776040
71940726785 1444824
71940726786 506160
71940726848 1147608
71940726849 849744
71940726912 270288
71940730880 200088
71940730881 157248
71940730944 121392
71940734976 19656
71957479424 -23328
71957479425 -828288
71957479426 -378720
71957479427 3860064
71957479428 5549664
71957479429 1954368
71957479430 126720
71957479488 -419616
71957479489 1314720
71957479490 18189984
71957479491 30279936
71957479492 14886912
71957479493 2216448
71957479494 50688
71957479552 1420704
71957479553 18351360
71957479554 44773920
71957479555 29905920
71957479556 6822144
71957479557 417024
71957479616 4204800
71957479617 22329792
71957479618 22019328
71957479619 6741504
71957479620 638208
71957479680 3032064
71957479681 5536512
71957479682 2320704
71957479683 238464
71957479744 172800
71957479745 103680
71957483520 -983232
71957483521 -4228368
71957483522 11691600
71957483523 29633280
71957483524 16700160
71957483525 2477952
71957483526 50688
71957483584 -1439136
71957483585 33399168
71957483586 105006528
71957483587 79818816
71957483588 18974592
71957483589 1029888
71957483648 15727824
71957483649 94439808
71957483650 107561664
71957483651 36758592
71957483652 3480192
71957483712 21899520
71957483713 48892608
71957483714 24449472
71957483715 3233664
71957483776 5728320
71957483777 4987008
71957483778 777600
71957483840 103680
71957487616 -3892896
71957487617 7719456
71957487618 51006384
71957487619 45642048
71957487620 11455488
71957487621 587520
71957487680 11829648
71957487681 108667296
71957487682 143737056
71957487683 53661312
71957487684 4993920
71957487744 45424512
71957487745 118773504
71957487746 68279328
71957487747 9887616
71957487808 25328448
71957487809 27753408
71957487810 5838912
71957487872 2636928
71957487873 850176
71957491712 160032
71957491713 33916656
71957491714 54833184
71957491715 22333824
71957491716 2079360
71957491776 33540240
71957491777 104898144
71957491778 67560768
71957491779 10272384
71957491840 40525344
71957491841 52201152
71957491842 12704832
71957491904 9931392
71957491905 4491648
71957491968 311040
71957495808 7326312
71957495809 29658720
71957495810 21294144
71957495811 3374208
71957495872 26385888
71957495873 38750688
71957495874 10321344
71957495936 13939920
71957495937 7538400
71957496000 1243008
71957499904 5847792
71957499905 9735696
71957499906 2774304
71957499968 8195472
71957499969 4967136
71957500032 1666656
71957504000 1698120
71957504001 1117728
71957504064 910800
71957508096 174672
71974256640 -676512
71974256641 -1657152
71974256642 7121520
71974256643 14453280
71974256644 6318432
71974256645 580608
71974256704 -614160
71974256705 17916576
71974256706 53905824
71974256707 34554240
71974256708 6185088
71974256709 186624
71974256768 8130624
71974256769 50363424
71974256770 51521184
71974256771 13856256
71974256772 872064
71974256832 11928672
71974256833 25785216
71974256834 10869120
71974256835 940032
71974256896 3306528
71974256897 2700864
71974256898 319680
71974256960 51840
71974260736 -4493952
71974260737 9615648
71974260738 54237456
71974260739 40125888
71974260740 7462080
71974260741 207360
71974260800 12301488
71974260801 119001312
71974260802 139752288
71974260803 41200128
71974260804 2577024
71974260864 50233104
71974260865 124759296
71974260866 59470848
71974260867 6049152
71974260928 28376352
71974260929 27634176
71974260930 4247424
71974260992 2982528
71974260993 794880
71974264832 -625272
71974264833 57041424
71974264834 81325872
71974264835 26265024
71974264836 1663488
71974264896 56640960
71974264897 167788224
71974264898 89754048
71974264899 9910080
71974264960 68274432
71974264961 76940064
71974264962 14104800
71974265024 16142112
71974265025 5790528
71974265088 480384
71974268928 16240320
71974268929 64059552
71974268930 38613888
71974268931 4555584
71974268992 60035904
71974268993 77359680
71974268994 15940800
71974269056 30134016
71974269057 13076928
71974269120 2424384
71974273024 16651152
71974273025 24778368
71974273026 5605632
71974273088 22469904
71974273089 11147904
71974273152 4103856
71974277120 5659920
71974277121 3126240
71974277184 2768256
71974281216 637992
71991033856 -1278720
71991033857 4572768
71991033858 17158944
71991033859 9700992
71991033860 1127808
71991033920 4572768
71991033921 39785856
71991033922 39080640
71991033923 8550144
71991033924 274176
71991033984 17158944
71991033985 39080640
71991033986 14858496
71991033987 880128
71991034048 9700992
71991034049 8550144
71991034050 880128
71991034112 1127808
71991034113 274176
71991037952 464592
71991037953 40035168
71991037954 46236576
71991037955 10975680
71991037956 357120
71991038016 40035168
71991038017 106040448
71991038018 45094464
71991038019 3157632
71991038080 46236576
71991038081 45094464
71991038082 5751936
71991038144 10975680
71991038145 3157632
71991038208 357120
71991042048 17854080
71991042049 61829856
71991042050 29653344
71991042051 2314944
71991042112 61829856
71991042113 68097024
71991042114 10165824
71991042176 29653344
71991042177 10165824
71991042240 2314944
71991046144 23136864
71991046145 29579904
71991046146 5005440
71991046208 29579904
71991046209 11736576
71991046272 5005440
71991050240 9418752
71991050241 4252608
71991050304 4252608
71991054336 1201824
72007811072 690264
72007811073 9450048
72007811074 8036928
72007811075 1205856
72007811136 9971616
72007811137 21668160
72007811138 6743808
72007811139 216576
72007811200 10596384
72007811201 8493120
72007811202 593280
72007811264 2577024
72007811265 582912
72007811328 105408
72007815168 9668976
72007815169 25776768
72007815170 8982144
72007815171 346176
72007815232 28569504
72007815233 25305984
72007815234 2339712
72007815296 12981312
72007815297 3297024
72007815360 1052928
72007819264 16435536
72007819265 16731072
72007819266 1861056
72007819328 19230912
72007819329 5704128
72007819392 3068064
72007823360 8266464
72007823361 2850048
72007823424 3415104
72007827456 1225296
72024588288 1894752
72024588289 3468096
72024588290 756000
72024588352 4598784
72024588353 2939904
72024588354 110592
72024588416 1955520
72024588417 294912
72024588480 172800
72024592384 5441184
72024592385 3940416
72024592386 209088
72024592448 5636160
72024592449 1056384
72024592512 840960
72024596480 3679200
72024596481 839232
72024596544 1346112
72024600576 653760
72041365504 602208
72041365505 262944
72041365568 536832
72041365569 39168
72041365632 69120
72041369600 709056
72041369601 75456
72041369664 211968
72041373696 159552
72058142720 38880
72058142784 6912
72058146816 12096
73014444032 -15552
73014444033 -159840
73014444034 89136
73014444035 1146552
73014444036 1490304
73014444037 634032
73014444038 70560
73014444096 -67392
73014444097 834336
73014444098 5019672
73014444099 7352832
73014444100 3979632
73014444101 833760
73014444102 40320
73014444160 354240
73014444161 3959424
73014444162 8605152
73014444163 5909184
73014444164 1666080
73014444165 169920
73014444224 560736
73014444225 3079872
73014444226 2909088
73014444227 929376
73014444228 112896
73014444288 212544
73014444289 354240
73014444290 106272
73014448128 -201312
73014448129 -462144
73014448130 3598728
73014448131 7593792
73014448132 4760544
73014448133 993312
73014448134 40320
73014448192 285984
73014448193 9345264
73014448194 23874912
73014448195 18701760
73014448196 5541984
73014448197 483840
73014448256 3439440
73014448257 17366400
73014448258 19127232
73014448259 7338816
73014448260 972864
73014448320 2990016
73014448321 5975424
73014448322 2851200
73014448323 415296
73014448384 354240
73014448385 212544
73014452224 -572592
73014452225 2970972
73014452226 12596904
73014452227 11713632
73014452228 3673296
73014452229 293760
73014452288 3782388
73014452289 23857920
73014452290 30566736
73014452291 13012416
73014452292 1676160
73014452352 8233056
73014452353 19662048
73014452354 11674368
73014452355 2075328
73014452416 2976480
73014452417 2891808
73014452418 586656
73014452480 106272
73014456320 565920
73014456321 8289984
73014456322 12976272
73014456323 6062112
73014456324 764352
73014456384 7348512
73014456385 20867808
73014456386 14230944
73014456387 2670912
73014456448 6427584
73014456449 8001792
73014456450 2143296
73014456512 969984
73014456513 379008
73014460416 1837140
73014460417 6629556
73014460418 5094504
73014460419 985680
73014460480 5035476
73014460481 7373232
73014460482 2213568
73014460544 1991952
73014460545 1088640
73014460608 94752
73014464512 1260816
73014464513 2122200
73014464514 682992
73014464576 1453608
73014464577 927504
73014464640 217728
73014468608 346068
73014468609 242928
73014468672 154584
73014472704 34704
73031221248 -219456
73031221249 -387216
73031221250 3825768
73031221251 7660224
73031221252 4108752
73031221253 671040
73031221254 17280
73031221312 581760
73031221313 9894384
73031221314 25407360
73031221315 17721216
73031221316 4315104
73031221317 285696
73031221376 3760704
73031221377 19431936
73031221378 19453248
73031221379 6136704
73031221380 619200
73031221440 3525696
73031221441 6547392
73031221442 2701728
73031221443 269568
73031221504 354240
73031221505 212544
73031225344 -1280928
73031225345 6249216
73031225346 27214272
73031225347 22419936
73031225348 5749920
73031225349 344448
73031225408 8256096
73031225409 53862912
73031225410 63310176
73031225411 22391424
73031225412 2236032
73031225472 19175040
73031225473 43233408
73031225474 21741696
73031225475 2915712
73031225536 6870528
73031225537 5916672
73031225538 865728
73031225600 212544
73031229440 1354596
73031229441 28091088
73031229442 40805280
73031229443 15986880
73031229444 1579392
73031229504 25785504
73031229505 70061472
73031229506 40810176
73031229507 5992704
73031229568 22573152
73031229569 24672384
73031229570 5088960
73031229632 3192480
73031229633 959040
73031233536 8319600
73031233537 29922048
73031233538 19967616
73031233539 3096000
73031233600 23955552
73031233601 31129344
73031233602 7468992
73031233664 8927424
73031233665 3904128
73031233728 362880
73031237632 7476444
73031237633 11450592
73031237634 3034512
73031237696 8356608
73031237697 4405536
73031237760 1097856
73031241728 2424888
73031241729 1451520
73031241792 981936
73031245824 267264
73047998464 -610272
73047998465 3483528
73047998466 13634784
73047998467 9510624
73047998468 1889856
73047998469 67392
73047998528 4304616
73047998529 27974880
73047998530 29469312
73047998531 8425152
73047998532 602496
73047998592 10267776
73047998593 21854592
73047998594 9167040
73047998595 812160
73047998656 3793824
73047998657 2978208
73047998658 286848
73047998720 106272
73048002560 1424184
73048002561 29972304
73048002562 38490912
73048002563 12226176
73048002564 866880
73048002624 27936720
73048002625 71258976
73048002626 34827840
73048002627 3747456
73048002688 24344064
73048002689 23471424
73048002690 3494016
73048002752 3428352
73048002753 796608
73048006656 13584960
73048006657 46228176
73048006658 26093664
73048006659 3080736
73048006720 39057552
73048006721 44744832
73048006722 8277984
73048006784 13982976
73048006785 4840128
73048006848 527904
73048010752 16326000
73048010753 22340736
73048010754 4741632
73048010816 17604288
73048010817 7607808
73048010880 2099520
73048014848 6459408
73048014849 3270096
73048014912 2413008
73048018944 811872
73064775680 690264
73064775681 9971616
73064775682 10596384
73064775683 2577024
73064775684 105408
73064775744 9450048
73064775745 21668160
73064775746 8493120
73064775747 582912
73064775808 8036928
73064775809 6743808
73064775810 593280
73064775872 1205856
73064775873 216576
73064779776 9668976
73064779777 28569504
73064779778 12981312
73064779779 1052928
73064779840 25776768
73064779841 25305984
73064779842 3297024
73064779904 8982144
73064779905 2339712
73064779968 346176
73064783872 16435536
73064783873 19230912
73064783874 3068064
73064783936 16731072
73064783937 5704128
73064784000 1861056
73064787968 8266464
73064787969 3415104
73064788032 2850048
73064792064 1225296
73081552896 2460096
73081552897 5761152
73081552898 1956672
73081552899 86400
73081552960 5761152
73081552961 4547520
73081552962 325440
73081553024 1956672
73081553025 325440
73081553088 86400
73081556992 7520256
73081556993 7020864
73081556994 736704
73081557056 7020864
73081557057 1703808
73081557120 736704
73081561088 5252544
73081561089 1639008
73081561152 1639008
73081565184 958464
73098330112 1200672
73098330113 809856
73098330114 41472
73098330176 998208
73098330177 125568
73098330240 95040
73098334208 1509120
73098334209 301824
73098334272 402048
73098338304 366048
73115107328 140832
73115107329 12096
73115107392 25920
73115111424 55296
73131884544 1728
74088185856 -24192
74088185857 99936
74088185858 943704
74088185859 1519488
74088185860 873072
74088185861 195552
74088185862 10368
74088185920 157248
74088185921 1722816
74088185922 3913344
74088185923 2807424
74088185924 836928
74088185925 91008
74088185984 355104
74088185985 2109888
74088185986 2069280
74088185987 686880
74088185988 89856
74088186048 228096
74088186049 380160
74088186050 114048
74088189952 -29952
74088189953 1685808
74088189954 5038272
74088189955 4191840
74088189956 1318752
74088189957 125568
74088190016 1494144
74088190017 7919424
74088190018 9022752
74088190019 3582720
74088190020 499968
74088190080 2051136
74088190081 4261248
74088190082 2073600
74088190083 312768
74088190144 380160
74088190145 228096
74088194048 605124
74088194049 5064768
74088194050 6941808
74088194051 3072672
74088194052 419904
74088194112 3766176
74088194113 9291456
74088194114 5601312
74088194115 1018944
74088194176 2133216
74088194177 2091744
74088194178 422496
74088194240 114048
74088198144 1532880
74088198145 4781664
74088198146 3344832
74088198147 643392
74088198208 3053664
74088198209 3822912
74088198210 1015488
74088198272 705024
74088198273 266112
74088202240 1154772
74088202241 1735632
74088202242 518688
74088202304 956160
74088202305 506880
74088202368 66528
74088206336 343512
74088206337 214704
74088206400 101376
74088210432 35784
74104963072 27360
74104963073 1781424
74104963074 5225184
74104963075 3890304
74104963076 1028448
74104963077 76032
74104963136 1643328
74104963137 8601408
74104963138 8928000
74104963139 3004416
74104963140 339840
74104963200 2337984
74104963201 4463424
74104963202 1887840
74104963203 207360
74104963264 380160
74104963265 228096
74104967168 1330560
74104967169 11100096
74104967170 13974336
74104967171 5267520
74104967172 581760
74104967232 8519040
74104967233 19797696
74104967234 10324800
74104967235 1494144
74104967296 4731264
74104967297 4140288
74104967298 627264
74104967360 228096
74104971264 5192640
74104971265 15530400
74104971266 9485856
74104971267 1488384
74104971328 10378368
74104971329 11610432
74104971330 2479680
74104971392 2257632
74104971393 679104
74104975360 5285088
74104975361 7210368
74104975362 1790208
74104975424 4214016
74104975425 1860480
74104975488 259200
74104979456 1933344
74104979457 1038816
74104979520 523008
74104983552 230832
74121740288 722376
74121740289 5685984
74121740290 6379488
74121740291 1999296
74121740292 169344
74121740352 4481280
74121740353 9679680
74121740354 4261248
74121740355 449280
74121740416 2497824
74121740417 1956960
74121740418 186624
74121740480 114048
74121744384 5583312
74121744385 15399936
74121744386 8014464
74121744387 981504
74121744448 10833696
74121744449 10720512
74121744450 1728000
74121744512 2308608
74121744513 523584
74121748480 8384688
74121748481 10156320
74121748482 2027808
74121748544 6401376
74121748545 2293056
74121748608 360288
74121752576 3968352
74121752577 1800576
74121752640 990144
74121756672 563760
74138517504 1894752
74138517505 4598784
74138517506 1955520
74138517507 172800
74138517568 3468096
74138517569 2939904
74138517570 294912
74138517632 756000
74138517633 110592
74138521600 5441184
74138521601 5636160
74138521602 840960
74138521664 3940416
74138521665 1056384
74138521728 209088
74138525696 3679200
74138525697 1346112
74138525760 839232
74138529792 653760
74155294720 1200672
74155294721 998208
74155294722 95040
74155294784 809856
74155294785 125568
74155294848 41472
74155298816 1509120
74155298817 402048
74155298880 301824
74155302912 366048
74172071936 209088
74172071937 31104
74172072000 31104
74172076032 86400
74188849152 5184
75161927680 24192
75161927681 283968
75161927682 691776
75161927683 521856
75161927684 164448
75161927685 19008
75161927744 123552
75161927745 775296
75161927746 791424
75161927747 276768
75161927748 39168
75161927808 134784
75161927809 224640
75161927810 67392
75161931776 239472
75161931777 1404288
75161931778 1680480
75161931779 696960
75161931780 103104
75161931840 758016
75161931841 1629504
75161931842 819072
75161931843 130752
75161931904 224640
75161931905 134784
75161935872 664128
75161935873 1739232
75161935874 1080864
75161935875 204480
75161935936 820800
75161935937 819936
75161935938 170208
75161936000 67392
75161939968 572832
75161939969 737280
75161939970 198720
75161940032 277632
75161940033 104832
75161944064 185040
75161944065 97920
75161944128 26208
75161948160 19584
75178704896 269280
75178704897 1492992
75178704898 1628640
75178704899 589248
75178704900 74304
75178704960 832320
75178704961 1643328
75178704962 731808
75178704963 93312
75178705024 224640
75178705025 134784
75178708992 1475712
75178708993 3606336
75178708994 1980288
75178708995 314496
75178709056 1752192
75178709057 1586304
75178709058 264384
75178709120 134784
75178713088 1890432
75178713089 2204928
75178713090 501120
75178713152 866592
75178713153 274752
75178717184 798336
75178717185 366336
75178717248 103680
75178721280 101952
75195482112 766656
75195482113 1721088
75195482114 814752
75195482115 103680
75195482176 888192
75195482177 717984
75195482178 81216
75195482240 67392
75195486208 1924128
75195486209 1999296
75195486210 364608
75195486272 851904
75195486273 209088
75195490304 1183680
75195490305 456192
75195490368 140832
75195494400 191808
75212259328 602208
75212259329 536832
75212259330 69120
75212259392 262944
75212259393 39168
75212263424 709056
75212263425 211968
75212263488 75456
75212267520 159552
75229036544 140832
75229036545 25920
75229036608 12096
75229040640 55296
75245813760 5184
76235669504 18144
76235669505 117504
76235669506 124416
76235669507 45792
76235669508 6912
76235669568 41472
76235669569 69120
76235669570 20736
76235673600 115776
76235673601 255744
76235673602 133056
76235673603 22464
76235673664 69120
76235673665 41472
76235677696 129600
76235677697 132192
76235677698 28512
76235677760 20736
76235681792 44928
76235681793 17280
76235685888 4320
76252446720 122688
76252446721 250560
76252446722 118368
76252446723 17280
76252446784 69120
76252446785 41472
76252450816 267840
76252450817 252288
76252450818 46656
76252450880 41472
76252454912 137376
76252454913 46656
76252459008 17280
76269223936 131328
76269223937 111456
76269223938 15552
76269224000 20736
76269228032 131328
76269228033 36288
76269232128 23328
76286001152 38880
76286001153 6912
76286005248 12096
76302778368 1728
77309411328 5184
77309411329 8640
77309411330 2592
77309415424 8640
77309415425 5184
77309419520 2592
77326188544 8640
77326188545 5184
77326192640 5184
77342965760 2592
137438953474 -7488
137438953475 -2304
137438953476 14688
137438953477 33984
137438953478 8640
137438953537 -14976
137438953538 4032
137438953539 108288
137438953540 293808
137438953541 255456
137438953542 140256
137438953600 -7488
137438953601 4032
137438953602 193248
137438953603 757584
137438953604 968112
137438953605 820800
137438953606 154368
137438953664 -2304
137438953665 108288
137438953666 757584
137438953667 1449504
137438953668 1700544
137438953669 626688
137438953670 58176
137438953728 14688
137438953729 293808
137438953730 968112
137438953731 1700544
137438953732 929280
137438953733 181440
137438953734 8064
137438953792 33984
137438953793 255456
137438953794 820800
137438953795 626688
137438953796 181440
137438953797 18432
137438953856 8640
137438953857 140256
137438953858 154368
137438953859 58176
137438953860 8064
137438957569 -20448
137438957570 -20736
137438957571 46344
137438957572 192000
137438957573 185328
137438957574 140256
137438957632 -20448
137438957633 -36576
137438957634 204120
137438957635 1207776
137438957636 1669680
137438957637 1627488
137438957638 308736
137438957696 -20736
137438957697 204120
137438957698 2067264
137438957699 4242096
137438957700 5410656
137438957701 2101536
137438957702 174528
137438957760 46344
137438957761 1207776
137438957762 4242096
137438957763 7816992
137438957764 4704096
137438957765 884160
137438957766 32256
137438957824 192000
137438957825 1669680
137438957826 5410656
137438957827 4704096
137438957828 1420416
137438957829 124416
137438957888 185328
137438957889 1627488
137438957890 2101536
137438957891 884160
137438957892 124416
137438957952 140256
137438957953 308736
137438957954 174528
137438957955 32256
137438961664 -11448
137438961665 -34560
137438961666 -7884
137438961667 418128
137438961668 638352
137438961669 736560
137438961670 154368
137438961728 -34560
137438961729 -1080
137438961730 1650024
137438961731 3746160
137438961732 5138784
137438961733 2168640
137438961734 174528
137438961792 -7884
137438961793 1650024
137438961794 6317856
137438961795 11894400
137438961796 7897248
137438961797 1476576
137438961798 48384
137438961856 418128
137438961857 3746160
137438961858 11894400
137438961859 11736384
137438961860 3717792
137438961861 297216
137438961920 638352
137438961921 5138784
137438961922 7897248
137438961923 3717792
137438961924 511488
137438961984 736560
137438961985 2168640
137438961986 1476576
137438961987 297216
137438962048 154368
137438962049 174528
137438962050 48384
137438965760 -13968
137438965761 -66300
137438965762 351216
137438965763 1006056
137438965764 1505856
137438965765 693792
137438965766 58176
137438965824 -66300
137438965825 800232
137438965826 3827880
137438965827 7382640
137438965828 5332224
137438965829 1026432
137438965830 32256
137438965888 351216
137438965889 3827880
137438965890 11821968
137438965891 12825792
137438965892 4294944
137438965893 329472
137438965952 1006056
137438965953 7382640
137438965954 12825792
137438965955 6697728
137438965956 914688
137438966016 1505856
137438966017 5332224
137438966018 4294944
137438966019 914688
137438966080 693792
137438966081 1026432
137438966082 329472
137438966144 58176
137438966145 32256
137438969856 -28800
137438969857 98844
137438969858 787068
137438969859 1612752
137438969860 1248384
137438969861 252576
137438969862 8064
137438969920 98844
137438969921 1759464
137438969922 5477544
137438969923 6361824
137438969924 2254608
137438969925 172800
137438969984 787068
137438969985 5477544
137438969986 10284768
137438969987 5857776
137438969988 810432
137438970048 1612752
137438970049 6361824
137438970050 5857776
137438970051 1313280
137438970112 1248384
137438970113 2254608
137438970114 810432
137438970176 252576
137438970177 172800
137438970240 8064
137438973952 1236
137438973953 287964
137438973954 958680
137438973955 1173192
137438973956 438480
137438973957 34560
137438974016 287964
137438974017 2033640
137438974018 4018680
137438974019 2453328
137438974020 349056
137438974080 958680
137438974081 4018680
137438974082 4094496
137438974083 964224
137438974144 1173192
137438974145 2453328
137438974146 964224
137438974208 438480
137438974209 349056
137438974272 34560
137438978048 38304
137438978049 297348
137438978050 611496
137438978051 394200
137438978052 58176
137438978112 297348
137438978113 1295376
137438978114 1422360
137438978115 350784
137438978176 611496
137438978177 1422360
137438978178 600192
137438978240 394200
137438978241 350784
137438978304 58176
137438982144 37308
137438982145 167928
137438982146 194760
137438982147 50112
137438982208 167928
137438982209 421632
137438982210 188352
137438982272 194760
137438982273 188352
137438982336 50112
137438986240 18984
137438986241 50328
137438986242 23544
137438986304 50328
137438986305 51840
137438986368 23544
137438990336 5328
137438990337 5760
137438990400 5760
137438994432 576
137455730689 -8640
137455730690 -27648
137455730691 29664
137455730692 198432
137455730693 244224
137455730694 139392
137455730752 -8640
137455730753 4896
137455730754 143856
137455730755 1302528
137455730756 2333664
137455730757 1917504
137455730758 255744
137455730816 38304
137455730817 223776
137455730818 2225712
137455730819 6010992
137455730820 6916320
137455730821 2128608
137455730822 122688
137455730880 116208
137455730881 1228416
137455730882 5868096
137455730883 10563264
137455730884 5322240
137455730885 773568
137455730886 17280
137455730944 189168
137455730945 2057040
137455730946 7466976
137455730947 5916960
137455730948 1460736
137455730949 94464
137455731008 132096
137455731009 2143872
137455731010 2928960
137455731011 1098432
137455731012 125568
137455731072 130464
137455731073 456192
137455731074 264384
137455731075 41472
137455734784 -5760
137455734785 20736
137455734786 -115176
137455734787 690192
137455734788 1788624
137455734789 1789632
137455734790 255744
137455734848 90000
137455734849 -156768
137455734850 2819112
137455734851 10687776
137455734852 13533696
137455734853 4390272
137455734854 245376
137455734912 79080
137455734913 2628672
137455734914 17717952
137455734915 33257088
137455734916 17900640
137455734917 2540160
137455734918 51840
137455734976 576936
137455734977 9739776
137455734978 34299936
137455734979 29170368
137455734980 7380288
137455734981 429696
137455735040 1268832
137455735041 14614848
137455735042 21339360
137455735043 8487936
137455735044 929664
137455735104 1906848
137455735105 6250176
137455735106 3903552
137455735107 650880
137455735168 456192
137455735169 528768
137455735170 124416
137455738880 75168
137455738881 -293832
137455738882 396288
137455738883 4226808
137455738884 6103008
137455738885 2133792
137455738886 122688
137455738944 -177408
137455738945 836208
137455738946 15832152
137455738947 31880016
137455738948 18335808
137455738949 2636928
137455738950 51840
137455739008 221544
137455739009 14922216
137455739010 53060976
137455739011 48137184
137455739012 12603168
137455739013 696384
137455739072 3310536
137455739073 33197616
137455739074 51846048
137455739075 22086144
137455739076 2363904
137455739136 6437664
137455739137 22864608
137455739138 15896736
137455739139 2769984
137455739200 3093120
137455739201 4247424
137455739202 1137024
137455739264 264384
137455739265 124416
137455742976 -95532
137455742977 -399264
137455742978 4088496
137455742979 9508752
137455742980 5818752
137455742981 870336
137455742982 17280
137455743040 -458568
137455743041 8643648
137455743042 33726672
137455743043 32322528
137455743044 8811648
137455743045 481536
137455743104 3371712
137455743105 34171920
137455743106 56091456
137455743107 25402752
137455743108 2717568
137455743168 9784368
137455743169 36660960
137455743170 27994752
137455743171 5079168
137455743232 7474176
137455743233 11828736
137455743234 3515904
137455743296 1442304
137455743297 823680
137455743360 41472
137455747072 -262572
137455747073 1545312
137455747074 7507656
137455747075 7594632
137455747076 2158704
137455747077 120384
137455747136 1344912
137455747137 16240464
137455747138 27911520
137455747139 13296528
137455747140 1447200
137455747200 7559424
137455747201 29467512
137455747202 24183360
137455747203 4563072
137455747264 8930448
137455747265 15707088
137455747266 5070240
137455747328 3025296
137455747329 1999296
137455747392 211968
137455751168 151644
137455751169 2868912
137455751170 5202792
137455751171 2583936
137455751172 289440
137455751232 2857248
137455751233 11645856
137455751234 10087632
137455751235 1975968
137455751296 5713416
137455751297 10841472
137455751298 3731616
137455751360 3211632
137455751361 2363040
137455751424 418176
137455755264 415404
137455755265 1798632
137455755266 1623816
137455755267 329328
137455755328 1873224
137455755329 3756096
137455755330 1358784
137455755392 1843272
137455755393 1466352
137455755456 415296
137455759360 246960
137455759361 516240
137455759362 194112
137455759424 546048
137455759425 459648
137455759488 221760
137455763456 65520
137455763457 57456
137455763520 60912
137455767552 6768
137472507904 7704
137472507905 -24624
137472507906 -94536
137472507907 481248
137472507908 1024416
137472507909 692928
137472507910 17280
137472507968 43200
137472507969 -259272
137472507970 1738800
137472507971 6789312
137472507972 6679872
137472507973 1296000
137472507974 10368
137472508032 -28908
137472508033 1279680
137472508034 11767824
137472508035 18610992
137472508036 7340256
137472508037 598752
137472508096 109680
137472508097 6287520
137472508098 20730816
137472508099 14300640
137472508100 2623680
137472508101 77760
137472508160 617760
137472508161 8897472
137472508162 11968704
137472508163 3937824
137472508164 309888
137472508224 981648
137472508225 3780864
137472508226 2282688
137472508227 326592
137472508288 248832
137472508289 361152
137472508290 86400
137472512000 120960
137472512001 -489156
137472512002 385416
137472512003 5451984
137472512004 6206976
137472512005 1290816
137472512006 10368
137472512064 -399444
137472512065 -153888
137472512066 21159288
137472512067 36646848
137472512068 15188256
137472512069 1207872
137472512128 -807888
137472512129 19258800
137472512130 65954448
137472512131 47432448
137472512132 8661600
137472512133 233280
137472512192 3476280
137472512193 42327648
137472512194 57760416
137472512195 19330560
137472512196 1410624
137472512256 7682112
137472512257 27632160
137472512258 16886880
137472512259 2350656
137472512320 3816864
137472512321 5272128
137472512322 1263168
137472512384 361152
137472512385 172800
137472516096 -220824
137472516097 -1564704
137472516098 8197128
137472516099 16767864
137472516100 7375104
137472516101 603936
137472516160 -2272248
137472516161 16359408
137472516162 64314216
137472516163 48463056
137472516164 9014112
137472516165 233280
137472516224 5162400
137472516225 67414536
137472516226 94558752
137472516227 32564160
137472516228 2287008
137472516288 18722520
137472516289 66932208
137472516290 42561504
137472516291 5886720
137472516352 14201856
137472516353 20680704
137472516354 5152032
137472516416 2808864
137472516417 1460160
137472516480 86400
137472520192 -1189608
137472520193 3591384
137472520194 19406736
137472520195 15469920
137472520196 2976192
137472520197 77760
137472520256 2253288
137472520257 43539264
137472520258 63720720
137472520259 22665024
137472520260 1581696
137472520320 19993968
137472520321 72785088
137472520322 48150720
137472520323 6713280
137472520384 23077296
137472520385 35447040
137472520386 9215424
137472520448 7558848
137472520449 4294656
137472520512 523584
137472524288 84792
137472524289 9670932
137472524290 15106896
137472524291 5562936
137472524292 395424
137472524352 9558036
137472524353 36565272
137472524354 25091424
137472524355 3563280
137472524416 18824616
137472524417 30234168
137472524418 8172576
137472524480 9834336
137472524481 6017040
137472524544 1204992
137472528384 1649340
137472528385 6878376
137472528386 4892184
137472528387 712656
137472528448 7532568
137472528449 12585888
137472528450 3521232
137472528512 6734664
137472528513 4364496
137472528576 1383120
137472532480 1172160
137472532481 2034792
137472532482 586872
137472532544 2334168
137472532545 1580544
137472532608 846072
137472536576 322416
137472536577 225792
137472536640 263808
137472540672 32976
137489285120 7200
137489285121 -200304
137489285122 484272
137489285123 1844064
137489285124 1460736
137489285125 86400
137489285184 -260280
137489285185 500592
137489285186 8492112
137489285187 10883520
137489285188 2809728
137489285189 51840
137489285248 -281400
137489285249 8476272
137489285250 22718448
137489285251 11995488
137489285252 1277856
137489285312 1503312
137489285313 15917664
137489285314 17770464
137489285315 4352256
137489285316 160704
137489285376 2804736
137489285377 9674688
137489285378 5103648
137489285379 529920
137489285440 1342944
137489285441 1966464
137489285442 441792
137489285504 141120
137489285505 80640
137489289216 -269316
137489289217 -700008
137489289218 6892632
137489289219 10191456
137489289220 2795040
137489289221 51840
137489289280 -1877760
137489289281 14818608
137489289282 45157824
137489289283 24792768
137489289284 2590272
137489289344 4469736
137489289345 51663312
137489289346 58238784
137489289347 14127264
137489289348 471744
137489289408 14429328
137489289409 46659936
137489289410 24079968
137489289411 2308032
137489289472 10430400
137489289473 14230080
137489289474 2992896
137489289536 2183616
137489289537 1123200
137489289600 80640
137489293312 -1536384
137489293313 5176008
137489293314 20869920
137489293315 12102624
137489293316 1297728
137489293376 2899008
137489293377 50975712
137489293378 59567616
137489293379 14625792
137489293380 466560
137489293440 23854464
137489293441 76670352
137489293442 39711168
137489293443 3640032
137489293504 25896336
137489293505 34959168
137489293506 7159968
137489293568 8472384
137489293569 4321728
137489293632 641088
137489297408 84864
137489297409 15302280
137489297410 19159344
137489297411 4845600
137489297412 155520
137489297472 15437784
137489297473 52049136
137489297474 27476064
137489297475 2486016
137489297536 28657296
137489297537 39026016
137489297538 7942176
137489297600 14331744
137489297601 7403328
137489297664 1779264
137489301504 3319692
137489301505 12409320
137489301506 6771240
137489301507 621504
137489301568 14547072
137489301569 20292768
137489301570 4166640
137489301632 12162168
137489301633 6404832
137489301696 2396880
137489305600 2741424
137489305601 3973320
137489305602 833328
137489305664 5068872
137489305665 2732400
137489305728 1702080
137489309696 822816
137489309697 455400
137489309760 611352
137489313792 87336
137506062336 -88848
137506062337 157680
137506062338 1668312
137506062339 1676448
137506062340 177120
137506062400 -216528
137506062401 4606488
137506062402 9417024
137506062403 3338496
137506062404 106272
137506062464 1726164
137506062465 12818736
137506062466 10591056
137506062467 1534464
137506062528 3926880
137506062529 10423008
137506062530 4007520
137506062531 199584
137506062592 2584800
137506062593 3181392
137506062594 523872
137506062656 570096
137506062657 296640
137506062720 25920
137506066432 -567792
137506066433 3620556
137506066434 8904672
137506066435 3327264
137506066436 106272
137506066496 2656356
137506066497 25680384
137506066498 21854304
137506066499 3109536
137506066560 13152888
137506066561 34065936
137506066562 12695616
137506066563 562464
137506066624 12855168
137506066625 14625792
137506066626 2159424
137506066688 4212432
137506066689 1926720
137506066752 365760
137506070528 575112
137506070529 11852496
137506070530 10743984
137506070531 1563840
137506070592 13019760
137506070593 34999344
137506070594 13043808
137506070595 544320
137506070656 21511080
137506070657 23744880
137506070658 3275424
137506070720 10303344
137506070721 4408992
137506070784 1358208
137506074624 3789360
137506074625 11309976
137506074626 4341888
137506074627 181440
137506074688 14747400
137506074689 16375968
137506074690 2195712
137506074752 11475504
137506074753 4742784
137506074816 2244384
137506078720 3512592
137506078721 4052268
137506078722 548928
137506078784 5979204
137506078785 2454840
137506078848 1897416
137506082816 1174428
137506082817 490968
137506082880 801792
137506086912 133632
137522839552 -9792
137522839553 732816
137522839554 1103328
137522839555 190080
137522839616 825480
137522839617 4156992
137522839618 2280960
137522839619 114048
137522839680 2615760
137522839681 4839840
137522839682 1083456
137522839744 2257632
137522839745 1934208
137522839746 152928
137522839808 736272
137522839809 273600
137522839872 74304
137522843648 576612
137522843649 3956256
137522843650 2283552
137522843651 114048
137522843712 5263200
137522843713 9984384
137522843714 2185056
137522843776 7460496
137522843777 6002208
137522843778 412128
137522843840 3380256
137522843841 1082304
137522843904 479232
137522847744 2383992
137522847745 4937760
137522847746 1104192
137522847808 7727616
137522847809 6129216
137522847810 388800
137522847872 5471280
137522847873 1587168
137522847936 1069056
137522851840 2495592
137522851841 2049120
137522851842 129600
137522851904 3779712
137522851905 1046016
137522851968 1125792
137522855936 937836
137522855937 261504
137522856000 577080
137522860032 115416
137539616768 119736
137539616769 391968
137539616770 112320
137539616832 720864
137539616833 839808
137539616834 67392
137539616896 878256
137539616897 417312
137539616960 370656
137539616961 64800
137539617024 56160
137539620864 685440
137539620865 845856
137539620866 67392
137539620928 1816128
137539620929 835488
137539620992 1137888
137539620993 168480
137539621056 217728
137539624960 900720
137539624961 424224
137539625024 1159488
137539625025 155520
137539625088 312768
137539629056 388800
137539629057 51840
137539629120 203904
137539633152 50976
137556393984 57888
137556393985 34560
137556394048 127872
137556394049 20736
137556394112 66528
137556394176 11232
137556398080 129600
137556398081 20736
137556398144 132192
137556398208 28512
137556402176 67392
137556402240 25920
137556406272 8640
137573171200 4320
137573171264 2592
137573175296 2592
138512695297 -8640
138512695298 38304
138512695299 116208
138512695300 189168
138512695301 132096
138512695302 130464
138512695360 -8640
138512695361 4896
138512695362 223776
138512695363 1228416
138512695364 2057040
138512695365 2143872
138512695366 456192
138512695424 -27648
138512695425 143856
138512695426 2225712
138512695427 5868096
138512695428 7466976
138512695429 2928960
138512695430 264384
138512695488 29664
138512695489 1302528
138512695490 6010992
138512695491 10563264
138512695492 5916960
138512695493 1098432
138512695494 41472
138512695552 198432
138512695553 2333664
138512695554 6916320
138512695555 5322240
138512695556 1460736
138512695557 125568
138512695616 244224
138512695617 1917504
138512695618 2128608
138512695619 773568
138512695620 94464
138512695680 139392
138512695681 255744
138512695682 122688
138512695683 17280
138512699392 -5760
138512699393 90000
138512699394 79080
138512699395 576936
138512699396 1268832
138512699397 1906848
138512699398 456192
138512699456 20736
138512699457 -156768
138512699458 2628672
138512699459 9739776
138512699460 14614848
138512699461 6250176
138512699462 528768
138512699520 -115176
138512699521 2819112
138512699522 17717952
138512699523 34299936
138512699524 21339360
138512699525 3903552
138512699526 124416
138512699584 690192
138512699585 10687776
138512699586 33257088
138512699587 29170368
138512699588 8487936
138512699589 650880
138512699648 1788624
138512699649 13533696
138512699650 17900640
138512699651 7380288
138512699652 929664
138512699712 1789632
138512699713 4390272
138512699714 2540160
138512699715 429696
138512699776 255744
138512699777 245376
138512699778 51840
138512703488 75168
138512703489 -177408
138512703490 221544
138512703491 3310536
138512703492 6437664
138512703493 3093120
138512703494 264384
138512703552 -293832
138512703553 836208
138512703554 14922216
138512703555 33197616
138512703556 22864608
138512703557 4247424
138512703558 124416
138512703616 396288
138512703617 15832152
138512703618 53060976
138512703619 51846048
138512703620 15896736
138512703621 1137024
138512703680 4226808
138512703681 31880016
138512703682 48137184
138512703683 22086144
138512703684 2769984
138512703744 6103008
138512703745 18335808
138512703746 12603168
138512703747 2363904
138512703808 2133792
138512703809 2636928
138512703810 696384
138512703872 122688
138512703873 51840
138512707584 -95532
138512707585 -458568
138512707586 3371712
138512707587 9784368
138512707588 7474176
138512707589 1442304
138512707590 41472
138512707648 -399264
138512707649 8643648
138512707650 34171920
138512707651 36660960
138512707652 11828736
138512707653 823680
138512707712 4088496
138512707713 33726672
138512707714 56091456
138512707715 27994752
138512707716 3515904
138512707776 9508752
138512707777 32322528
138512707778 25402752
138512707779 5079168
138512707840 5818752
138512707841 8811648
138512707842 2717568
138512707904 870336
138512707905 481536
138512707968 17280
138512711680 -262572
138512711681 1344912
138512711682 7559424
138512711683 8930448
138512711684 3025296
138512711685 211968
138512711744 1545312
138512711745 16240464
138512711746 29467512
138512711747 15707088
138512711748 1999296
138512711808 7507656
138512711809 27911520
138512711810 24183360
138512711811 5070240
138512711872 7594632
138512711873 13296528
138512711874 4563072
138512711936 2158704
138512711937 1447200
138512712000 120384
138512715776 151644
138512715777 2857248
138512715778 5713416
138512715779 3211632
138512715780 418176
138512715840 2868912
138512715841 11645856
138512715842 10841472
138512715843 2363040
138512715904 5202792
138512715905 10087632
138512715906 3731616
138512715968 2583936
138512715969 1975968
138512716032 289440
138512719872 415404
138512719873 1873224
138512719874 1843272
138512719875 415296
138512719936 1798632
138512719937 3756096
138512719938 1466352
138512720000 1623816
138512720001 1358784
138512720064 329328
138512723968 246960
138512723969 546048
138512723970 221760
138512724032 516240
138512724033 459648
138512724096 194112
138512728064 65520
138512728065 60912
138512728128 57456
138512732160 6768
138529472512 15408
138529472513 109584
138529472514 -35784
138529472515 717816
138529472516 1858800
138529472517 2009376
138529472518 316224
138529472576 109584
138529472577 -438120
138529472578 2467752
138529472579 12559344
138529472580 16474464
138529472581 5406336
138529472582 300672
138529472640 -35784
138529472641 2467752
138529472642 21911904
138529472643 40512960
138529472644 20755296
138529472645 2899584
138529472646 58752
138529472704 717816
138529472705 12559344
138529472706 40512960
138529472707 31058496
138529472708 7227648
138529472709 404352
138529472768 1858800
138529472769 16474464
138529472770 20755296
138529472771 7227648
138529472772 709632
138529472832 2009376
138529472833 5406336
138529472834 2899584
138529472835 404352
138529472896 316224
138529472897 300672
138529472898 58752
138529476608 340992
138529476609 -691752
138529476610 -644088
138529476611 9014352
138529476612 15118560
138529476613 5467392
138529476614 300672
138529476672 -691752
138529476673 -1627104
138529476674 37474656
138529476675 81540000
138529476676 45440640
138529476677 6300288
138529476678 117504
138529476736 -644088
138529476737 37474656
138529476738 134610624
138529476739 112545504
138529476740 27165888
138529476741 1396224
138529476800 9014352
138529476801 81540000
138529476802 112545504
138529476803 42331392
138529476804 4086144
138529476864 15118560
138529476865 45440640
138529476866 27165888
138529476867 4086144
138529476928 5467392
138529476929 6300288
138529476930 1396224
138529476992 300672
138529476993 117504
138529480704 -293472
138529480705 -4323816
138529480706 12360096
138529480707 37154448
138529480708 22800960
138529480709 3250368
138529480710 58752
138529480768 -4323816
138529480769 29044080
138529480770 133988976
138529480771 122120064
138529480772 30716928
138529480773 1520640
138529480832 12360096
138529480833 133988976
138529480834 200681280
138529480835 80851392
138529480836 7725888
138529480896 37154448
138529480897 122120064
138529480898 80851392
138529480899 12813696
138529480960 22800960
138529480961 30716928
138529480962 7725888
138529481024 3250368
138529481025 1520640
138529481088 58752
138529484800 -2522760
138529484801 4662480
138529484802 40217616
138529484803 40550976
138529484804 10678464
138529484805 528768
138529484864 4662480
138529484865 87656544
138529484866 143700480
138529484867 61428096
138529484868 5907456
138529484928 40217616
138529484929 143700480
138529484930 103216896
138529484931 17032896
138529484992 40550976
138529484993 61428096
138529484994 17032896
138529485056 10678464
138529485057 5907456
138529485120 528768
138529488896 -170208
138529488897 19247040
138529488898 35508312
138529488899 16021728
138529488900 1572768
138529488960 19247040
138529488961 76493232
138529488962 58735584
138529488963 10043424
138529489024 35508312
138529489025 58735584
138529489026 17490816
138529489088 16021728
138529489089 10043424
138529489152 1572768
138529492992 3249072
138529492993 14985864
138529492994 12212208
138529492995 2158848
138529493056 14985864
138529493057 26635392
138529493058 8364384
138529493120 12212208
138529493121 8364384
138529493184 2158848
138529497088 2422800
138529497089 4593600
138529497090 1502928
138529497152 4593600
138529497153 3350304
138529497216 1502928
138529501184 675936
138529501185 515952
138529501248 515952
138529505280 69408
138546249728 120960
138546249729 -591768
138546249730 483408
138546249731 5940072
138546249732 7134624
138546249733 1580256
138546249734 10368
138546249792 -705168
138546249793 -713256
138546249794 23668632
138546249795 42507072
138546249796 17720352
138546249797 1432512
138546249856 -798144
138546249857 22407192
138546249858 74804976
138546249859 51247872
138546249860 9031392
138546249861 243648
138546249920 4725240
138546249921 46360224
138546249922 57523680
138546249923 17368128
138546249924 1152576
138546249984 8149248
138546249985 25199424
138546249986 13553568
138546249987 1612224
138546250048 3071232
138546250049 3672000
138546250050 748224
138546250112 190080
138546250113 76032
138546253824 -674172
138546253825 -5135280
138546253826 17264520
138546253827 39914640
138546253828 18110304
138546253829 1467072
138546253888 -6777288
138546253889 36007392
138546253890 153399600
138546253891 113070816
138546253892 20248704
138546253893 508032
138546253952 12721800
138546253953 157623984
138546253954 207273600
138546253955 65403072
138546253956 4171392
138546254016 42534288
138546254017 136189152
138546254018 76882176
138546254019 9251712
138546254080 26429184
138546254081 33594048
138546254082 7119360
138546254144 3932928
138546254145 1728000
138546254208 76032
138546257920 -5727312
138546257921 8845560
138546257922 70842384
138546257923 57398112
138546257924 10672128
138546257925 264384
138546257984 5488560
138546257985 158606352
138546257986 226395648
138546257987 74910528
138546257988 4731264
138546258048 71615808
138546258049 243953424
138546258050 145634112
138546258051 17826912
138546258112 71793936
138546258113 97785792
138546258114 21898080
138546258176 18748800
138546258177 9063360
138546258240 941760
138546262016 -1918128
138546262017 46945800
138546262018 75885840
138546262019 26472096
138546262020 1702080
138546262080 46227960
138546262081 176053680
138546262082 111325536
138546262083 13979520
138546262144 85435344
138546262145 124085952
138546262146 29235168
138546262208 36958464
138546262209 19512576
138546262272 3478464
138546266112 9551340
138546266113 43652664
138546266114 29393064
138546266115 3818448
138546266176 45719424
138546266177 70941744
138546266178 17501616
138546266240 35257464
138546266241 19996848
138546266304 5773680
138546270208 8915400
138546270209 14878080
138546270210 3833568
138546270272 16052688
138546270273 9651744
138546270336 4786560
138546274304 2783808
138546274305 1758456
138546274368 1928232
138546278400 300024
138563026944 -402624
138563026945 -650424
138563026946 7563144
138563026947 11621376
138563026948 3348000
138563026949 51840
138563027008 -2103936
138563027009 16135344
138563027010 50512896
138563027011 27782784
138563027012 2935872
138563027072 5322840
138563027073 56009376
138563027074 60424128
138563027075 13887936
138563027076 444096
138563027136 15144768
138563027137 44865216
138563027138 20937600
138563027139 1738368
138563027200 9150912
138563027201 11230848
138563027202 2028096
138563027264 1473408
138563027265 668160
138563027328 34560
138563031040 -3977544
138563031041 10531920
138563031042 48096576
138563031043 28696896
138563031044 3079296
138563031104 5789088
138563031105 115966656
138563031106 133584192
138563031107 31523904
138563031108 960768
138563031168 52886160
138563031169 161449056
138563031170 77104224
138563031171 6255360
138563031232 50465088
138563031233 61789824
138563031234 10948032
138563031296 13469760
138563031297 5982336
138563031360 761472
138563035136 -1464360
138563035137 53041824
138563035138 68373936
138563035139 16901568
138563035140 521856
138563035200 52655184
138563035201 177207840
138563035202 88300800
138563035203 7210944
138563035264 91554192
138563035265 115312896
138563035266 20634048
138563035328 38645568
138563035329 17502912
138563035392 3780864
138563039232 14616576
138563039233 59483664
138563039234 31524192
138563039235 2664576
138563039296 66358512
138563039297 88094016
138563039298 16227072
138563039360 48754944
138563039361 22852224
138563039424 7804224
138563043328 16303896
138563043329 23377680
138563043330 4501296
138563043392 27882576
138563043393 13655520
138563043456 7844112
138563047424 5852664
138563047425 3017088
138563047488 3772656
138563051520 690480
138579804160 -592224
138579804161 4013616
138579804162 9967680
138579804163 3858624
138579804164 106272
138579804224 2918688
138579804225 27990144
138579804226 23597856
138579804227 3345408
138579804288 13882320
138579804289 34366464
138579804290 11994912
138579804291 481248
138579804352 12047616
138579804353 12596544
138579804354 1600128
138579804416 3290832
138579804417 1343808
138579804480 219456
138579808256 991860
138579808257 26697168
138579808258 24593760
138579808259 3579552
138579808320 28687392
138579808321 76049280
138579808322 27150336
138579808323 1055808
138579808384 43849728
138579808385 45216576
138579808386 5491584
138579808448 17957952
138579808449 6816384
138579808512 1915776
138579812352 12533256
138579812353 39045024
138579812354 14709600
138579812355 592704
138579812416 48386736
138579812417 51471072
138579812418 6264000
138579812480 33245424
138579812481 12344832
138579812544 5368608
138579816448 16103304
138579816449 18438912
138579816450 2343168
138579816512 25352640
138579816513 9577728
138579816576 6810048
138579820544 6716988
138579820545 2665080
138579820608 4023072
138579824640 887904
138596581376 663840
138596581377 4345632
138596581378 2547072
138596581379 114048
138596581440 5653728
138596581441 10434240
138596581442 2236032
138596581504 7363872
138596581505 5539968
138596581506 334368
138596581568 2897856
138596581569 822528
138596581632 343872
138596585472 5303520
138596585473 10938240
138596585474 2423520
138596585536 16345440
138596585537 12394944
138596585538 720576
138596585600 10253088
138596585601 2668032
138596585664 1684800
138596589568 8361360
138596589569 6737472
138596589570 409536
138596589632 11611296
138596589633 2963520
138596589696 2948832
138596593664 4150656
138596593665 1105920
138596593728 2246400
138596597760 621432
138613358592 743616
138613358593 906336
138613358594 67392
138613358656 1848960
138613358657 820800
138613358720 1036800
138613358721 135648
138613358784 171072
138613362688 1942272
138613362689 894240
138613362752 2291328
138613362753 281664
138613362816 532224
138613366784 1243296
138613366785 158976
138613366848 575424
138613370880 212544
138630135808 133920
138630135809 20736
138630135872 126144
138630135936 23328
138630139904 137376
138630139968 46656
138630144000 25920
138646913024 2592
139586437120 7704
139586437121 43200
139586437122 -28908
139586437123 109680
139586437124 617760
139586437125 981648
139586437126 248832
139586437184 -24624
139586437185 -259272
139586437186 1279680
139586437187 6287520
139586437188 8897472
139586437189 3780864
139586437190 361152
139586437248 -94536
139586437249 1738800
139586437250 11767824
139586437251 20730816
139586437252 11968704
139586437253 2282688
139586437254 86400
139586437312 481248
139586437313 6789312
139586437314 18610992
139586437315 14300640
139586437316 3937824
139586437317 326592
139586437376 1024416
139586437377 6679872
139586437378 7340256
139586437379 2623680
139586437380 309888
139586437440 692928
139586437441 1296000
139586437442 598752
139586437443 77760
139586437504 17280
139586437505 10368
139586441216 120960
139586441217 -399444
139586441218 -807888
139586441219 3476280
139586441220 7682112
139586441221 3816864
139586441222 361152
139586441280 -489156
139586441281 -153888
139586441282 19258800
139586441283 42327648
139586441284 27632160
139586441285 5272128
139586441286 172800
139586441344 385416
139586441345 21159288
139586441346 65954448
139586441347 57760416
139586441348 16886880
139586441349 1263168
139586441408 5451984
139586441409 36646848
139586441410 47432448
139586441411 19330560
139586441412 2350656
139586441472 6206976
139586441473 15188256
139586441474 8661600
139586441475 1410624
139586441536 1290816
139586441537 1207872
139586441538 233280
139586441600 10368
139586445312 -220824
139586445313 -2272248
139586445314 5162400
139586445315 18722520
139586445316 14201856
139586445317 2808864
139586445318 86400
139586445376 -1564704
139586445377 16359408
139586445378 67414536
139586445379 66932208
139586445380 20680704
139586445381 1460160
139586445440 8197128
139586445441 64314216
139586445442 94558752
139586445443 42561504
139586445444 5152032
139586445504 16767864
139586445505 48463056
139586445506 32564160
139586445507 5886720
139586445568 7375104
139586445569 9014112
139586445570 2287008
139586445632 603936
139586445633 233280
139586449408 -1189608
139586449409 2253288
139586449410 19993968
139586449411 23077296
139586449412 7558848
139586449413 523584
139586449472 3591384
139586449473 43539264
139586449474 72785088
139586449475 35447040
139586449476 4294656
139586449536 19406736
139586449537 63720720
139586449538 48150720
139586449539 9215424
139586449600 15469920
139586449601 22665024
139586449602 6713280
139586449664 2976192
139586449665 1581696
139586449728 77760
139586453504 84792
139586453505 9558036
139586453506 18824616
139586453507 9834336
139586453508 1204992
139586453568 9670932
139586453569 36565272
139586453570 30234168
139586453571 6017040
139586453632 15106896
139586453633 25091424
139586453634 8172576
139586453696 5562936
139586453697 3563280
139586453760 395424
139586457600 1649340
139586457601 7532568
139586457602 6734664
139586457603 1383120
139586457664 6878376
139586457665 12585888
139586457666 4364496
139586457728 4892184
139586457729 3521232
139586457792 712656
139586461696 1172160
139586461697 2334168
139586461698 846072
139586461760 2034792
139586461761 1580544
139586461824 586872
139586465792 322416
139586465793 263808
139586465856 225792
139586469888 32976
139603214336 120960
139603214337 -705168
139603214338 -798144
139603214339 4725240
139603214340 8149248
139603214341 3071232
139603214342 190080
139603214400 -591768
139603214401 -713256
139603214402 22407192
139603214403 46360224
139603214404 25199424
139603214405 3672000
139603214406 76032
139603214464 483408
139603214465 23668632
139603214466 74804976
139603214467 57523680
139603214468 13553568
139603214469 748224
139603214528 5940072
139603214529 42507072
139603214530 51247872
139603214531 17368128
139603214532 1612224
139603214592 7134624
139603214593 17720352
139603214594 9031392
139603214595 1152576
139603214656 1580256
139603214657 1432512
139603214658 243648
139603214720 10368
139603218432 -674172
139603218433 -6777288
139603218434 12721800
139603218435 42534288
139603218436 26429184
139603218437 3932928
139603218438 76032
139603218496 -5135280
139603218497 36007392
139603218498 157623984
139603218499 136189152
139603218500 33594048
139603218501 1728000
139603218560 17264520
139603218561 153399600
139603218562 207273600
139603218563 76882176
139603218564 7119360
139603218624 39914640
139603218625 113070816
139603218626 65403072
139603218627 9251712
139603218688 18110304
139603218689 20248704
139603218690 4171392
139603218752 1467072
139603218753 508032
139603222528 -5727312
139603222529 5488560
139603222530 71615808
139603222531 71793936
139603222532 18748800
139603222533 941760
139603222592 8845560
139603222593 158606352
139603222594 243953424
139603222595 97785792
139603222596 9063360
139603222656 70842384
139603222657 226395648
139603222658 145634112
139603222659 21898080
139603222720 57398112
139603222721 74910528
139603222722 17826912
139603222784 10672128
139603222785 4731264
139603222848 264384
139603226624 -1918128
139603226625 46227960
139603226626 85435344
139603226627 36958464
139603226628 3478464
139603226688 46945800
139603226689 176053680
139603226690 124085952
139603226691 19512576
139603226752 75885840
139603226753 111325536
139603226754 29235168
139603226816 26472096
139603226817 13979520
139603226880 1702080
139603230720 9551340
139603230721 45719424
139603230722 35257464
139603230723 5773680
139603230784 43652664
139603230785 70941744
139603230786 19996848
139603230848 29393064
139603230849 17501616
139603230912 3818448
139603234816 8915400
139603234817 16052688
139603234818 4786560
139603234880 14878080
139603234881 9651744
139603234944 3833568
139603238912 2783808
139603238913 1928232
139603238976 1758456
139603243008 300024
139619991552 -662256
139619991553 -3011016
139619991554 9138888
139619991555 21495672
139619991556 10083168
139619991557 900288
139619991616 -3011016
139619991617 21357144
139619991618 83385720
139619991619 59719824
139619991620 10961568
139619991621 311040
139619991680 9138888
139619991681 83385720
139619991682 100689408
139619991683 29948832
139619991684 1922400
139619991744 21495672
139619991745 59719824
139619991746 29948832
139619991747 3163968
139619991808 10083168
139619991809 10961568
139619991810 1922400
139619991872 900288
139619991873 311040
139619995648 -7103472
139619995649 8664144
139619995650 78604920
139619995651 64069056
139619995652 12268800
139619995653 331776
139619995712 8664144
139619995713 177685344
139619995714 240745392
139619995715 76695552
139619995716 4869504
139619995776 78604920
139619995777 240745392
139619995778 131092128
139619995779 14704416
139619995840 64069056
139619995841 76695552
139619995842 14704416
139619995904 12268800
139619995905 4869504
139619995968 331776
139619999744 -4793040
139619999745 79471872
139619999746 128598192
139619999747 44161200
139619999748 2846880
139619999808 79471872
139619999809 285091056
139619999810 168930576
139619999811 19869408
139619999872 128598192
139619999873 168930576
139619999874 35289216
139619999936 44161200
139619999937 19869408
139620000000 2846880
139620003840 21076848
139620003841 99872064
139620003842 65078640
139620003843 8042976
139620003904 99872064
139620003905 144744192
139620003906 32522688
139620003968 65078640
139620003969 32522688
139620004032 8042976
139620007936 25516224
139620007937 41499648
139620007938 9974232
139620008000 41499648
139620008001 22636368
139620008064 9974232
139620012032 9395352
139620012033 5539752
139620012096 5539752
139620016128 1120608
139636768768 -2161584
139636768769 5719896
139636768770 25632360
139636768771 15604704
139636768772 1809216
139636768832 4253232
139636768833 61390512
139636768834 68011632
139636768835 16001280
139636768836 535680
139636768896 27472104
139636768897 76032864
139636768898 33555168
139636768899 2519424
139636768960 21667248
139636768961 23693184
139636768962 3547584
139636769024 4398336
139636769025 1661184
139636769088 145152
139636772864 -1751592
139636772865 57780432
139636772866 73984608
139636772867 18533664
139636772868 618624
139636772928 57780864
139636772929 182312352
139636772930 86368032
139636772931 6789312
139636772992 87584400
139636772993 100858176
139636772994 15983136
139636773056 29959488
139636773057 11671488
139636773120 2108736
139636776960 23812272
139636776961 97564896
139636776962 50604048
139636776963 4213728
139636777024 103720464
139636777025 129580128
139636777026 21973248
139636777088 64909296
139636777089 27006048
139636777152 8039808
139636781056 35720496
139636781057 50176512
139636781058 9177408
139636781120 55342368
139636781121 24866496
139636781184 12724128
139636785152 15792264
139636785153 7725600
139636785216 8781840
139636789248 2153592
139653545984 663324
139653545985 14119992
139653545986 12970512
139653545987 1992384
139653546048 15099480
139653546049 37642608
139653546050 13026528
139653546051 519264
139653546112 20245248
139653546113 19175616
139653546114 2028672
139653546176 6867936
139653546177 2246400
139653546240 555552
139653550080 13625280
139653550081 41185296
139653550082 15399936
139653550083 648864
139653550144 48592080
139653550145 48736512
139653550146 5496768
139653550208 28571616
139653550209 9392544
139653550272 3660768
139653554176 25718328
139653554177 28660608
139653554178 3520800
139653554240 36366624
139653554241 12629952
139653554304 8042976
139653558272 13989888
139653558273 5297184
139653558336 7237728
139653562368 2232576
139670323200 2815704
139670323201 5596416
139670323202 1273536
139670323264 7932240
139670323265 5702400
139670323266 313632
139670323328 4298400
139670323329 965952
139670323392 577152
139670327296 8657424
139670327297 6776352
139670327298 412128
139670327360 10742112
139670327361 2500416
139670327424 2257632
139670331392 6277824
139670331393 1597536
139670331456 2922912
139670335488 1207872
139687100416 969840
139687100417 445824
139687100480 1026432
139687100481 113184
139687100544 196128
139687104512 1213056
139687104513 149472
139687104576 478656
139687108608 298944
139703877632 65664
139703877696 18144
139703881728 23328
140660178944 7200
140660178945 -260280
140660178946 -281400
140660178947 1503312
140660178948 2804736
140660178949 1342944
140660178950 141120
140660179008 -200304
140660179009 500592
140660179010 8476272
140660179011 15917664
140660179012 9674688
140660179013 1966464
140660179014 80640
140660179072 484272
140660179073 8492112
140660179074 22718448
140660179075 17770464
140660179076 5103648
140660179077 441792
140660179136 1844064
140660179137 10883520
140660179138 11995488
140660179139 4352256
140660179140 529920
140660179200 1460736
140660179201 2809728
140660179202 1277856
140660179203 160704
140660179264 86400
140660179265 51840
140660183040 -269316
140660183041 -1877760
140660183042 4469736
140660183043 14429328
140660183044 10430400
140660183045 2183616
140660183046 80640
140660183104 -700008
140660183105 14818608
140660183106 51663312
140660183107 46659936
140660183108 14230080
140660183109 1123200
140660183168 6892632
140660183169 45157824
140660183170 58238784
140660183171 24079968
140660183172 2992896
140660183232 10191456
140660183233 24792768
140660183234 14127264
140660183235 2308032
140660183296 2795040
140660183297 2590272
140660183298 471744
140660183360 51840
140660187136 -1536384
140660187137 2899008
140660187138 23854464
140660187139 25896336
140660187140 8472384
140660187141 641088
140660187200 5176008
140660187201 50975712
140660187202 76670352
140660187203 34959168
140660187204 4321728
140660187264 20869920
140660187265 59567616
140660187266 39711168
140660187267 7159968
140660187328 12102624
140660187329 14625792
140660187330 3640032
140660187392 1297728
140660187393 466560
140660191232 84864
140660191233 15437784
140660191234 28657296
140660191235 14331744
140660191236 1779264
140660191296 15302280
140660191297 52049136
140660191298 39026016
140660191299 7403328
140660191360 19159344
140660191361 27476064
140660191362 7942176
140660191424 4845600
140660191425 2486016
140660191488 155520
140660195328 3319692
140660195329 14547072
140660195330 12162168
140660195331 2396880
140660195392 12409320
140660195393 20292768
140660195394 6404832
140660195456 6771240
140660195457 4166640
140660195520 621504
140660199424 2741424
140660199425 5068872
140660199426 1702080
140660199488 3973320
140660199489 2732400
140660199552 833328
140660203520 822816
140660203521 611352
140660203584 455400
140660207616 87336
140676956160 -402624
140676956161 -2103936
140676956162 5322840
140676956163 15144768
140676956164 9150912
140676956165 1473408
140676956166 34560
140676956224 -650424
140676956225 16135344
140676956226 56009376
140676956227 44865216
140676956228 11230848
140676956229 668160
140676956288 7563144
140676956289 50512896
140676956290 60424128
140676956291 20937600
140676956292 2028096
140676956352 11621376
140676956353 27782784
140676956354 13887936
140676956355 1738368
140676956416 3348000
140676956417 2935872
140676956418 444096
140676956480 51840
140676960256 -3977544
140676960257 5789088
140676960258 52886160
140676960259 50465088
140676960260 13469760
140676960261 761472
140676960320 10531920
140676960321 115966656
140676960322 161449056
140676960323 61789824
140676960324 5982336
140676960384 48096576
140676960385 133584192
140676960386 77104224
140676960387 10948032
140676960448 28696896
140676960449 31523904
140676960450 6255360
140676960512 3079296
140676960513 960768
140676964352 -1464360
140676964353 52655184
140676964354 91554192
140676964355 38645568
140676964356 3780864
140676964416 53041824
140676964417 177207840
140676964418 115312896
140676964419 17502912
140676964480 68373936
140676964481 88300800
140676964482 20634048
140676964544 16901568
140676964545 7210944
140676964608 521856
140676968448 14616576
140676968449 66358512
140676968450 48754944
140676968451 7804224
140676968512 59483664
140676968513 88094016
140676968514 22852224
140676968576 31524192
140676968577 16227072
140676968640 2664576
140676972544 16303896
140676972545 27882576
140676972546 7844112
140676972608 23377680
140676972609 13655520
140676972672 4501296
140676976640 5852664
140676976641 3772656
140676976704 3017088
140676980736 690480
140693733376 -2161584
140693733377 4253232
140693733378 27472104
140693733379 21667248
140693733380 4398336
140693733381 145152
140693733440 5719896
140693733441 61390512
140693733442 76032864
140693733443 23693184
140693733444 1661184
140693733504 25632360
140693733505 68011632
140693733506 33555168
140693733507 3547584
140693733568 15604704
140693733569 16001280
140693733570 2519424
140693733632 1809216
140693733633 535680
140693737472 -1751592
140693737473 57780864
140693737474 87584400
140693737475 29959488
140693737476 2108736
140693737536 57780432
140693737537 182312352
140693737538 100858176
140693737539 11671488
140693737600 73984608
140693737601 86368032
140693737602 15983136
140693737664 18533664
140693737665 6789312
140693737728 618624
140693741568 23812272
140693741569 103720464
140693741570 64909296
140693741571 8039808
140693741632 97564896
140693741633 129580128
140693741634 27006048
140693741696 50604048
140693741697 21973248
140693741760 4213728
140693745664 35720496
140693745665 55342368
140693745666 12724128
140693745728 50176512
140693745729 24866496
140693745792 9177408
140693749760 15792264
140693749761 8781840
140693749824 7725600
140693753856 2153592
140710510592 124392
140710510593 20111952
140710510594 24378192
140710510595 6292800
140710510596 252288
140710510656 20111952
140710510657 55977024
140710510658 25081920
140710510659 2012544
140710510720 24378192
140710510721 25081920
140710510722 3431232
140710510784 6292800
140710510785 2012544
140710510848 252288
140710514688 17727648
140710514689 65008416
140710514690 32694048
140710514691 2841984
140710514752 65008416
140710514753 74563200
140710514754 11757312
140710514816 32694048
140710514817 11757312
140710514880 2841984
140710518784 36351024
140710518785 48336480
140710518786 8561376
140710518848 48336480
140710518849 19740672
140710518912 8561376
140710522880 20446848
140710522881 9467136
140710522944 9467136
140710526976 3328848
140727287808 4857192
140727287809 13272048
140727287810 4935456
140727287811 237600
140727287872 14699232
140727287873 13582656
140727287874 1421568
140727287936 7053984
140727287937 1950336
140727288000 667008
140727291904 16948080
140727291905 17827776
140727291906 2164608
140727291968 20471616
140727291969 6398784
140727292032 3521952
140727296000 13137696
140727296001 4701024
140727296064 5635872
140727300096 2659968
140744065024 2753136
140744065025 2065536
140744065026 132192
140744065088 2929536
140744065089 593280
140744065152 480384
140744069120 3807072
140744069121 914688
140744069184 1453824
140744073216 1039680
140760842240 356832
140760842241 42336
140760842304 110592
140760846336 164160
140777619456 6048
141733920768 -88848
141733920769 -216528
141733920770 1726164
141733920771 3926880
141733920772 2584800
141733920773 570096
141733920774 25920
141733920832 157680
141733920833 4606488
141733920834 12818736
141733920835 10423008
141733920836 3181392
141733920837 296640
141733920896 1668312
141733920897 9417024
141733920898 10591056
141733920899 4007520
141733920900 523872
141733920960 1676448
141733920961 3338496
141733920962 1534464
141733920963 199584
141733921024 177120
141733921025 106272
141733924864 -567792
141733924865 2656356
141733924866 13152888
141733924867 12855168
141733924868 4212432
141733924869 365760
141733924928 3620556
141733924929 25680384
141733924930 34065936
141733924931 14625792
141733924932 1926720
141733924992 8904672
141733924993 21854304
141733924994 12695616
141733924995 2159424
141733925056 3327264
141733925057 3109536
141733925058 562464
141733925120 106272
141733928960 575112
141733928961 13019760
141733928962 21511080
141733928963 10303344
141733928964 1358208
141733929024 11852496
141733929025 34999344
141733929026 23744880
141733929027 4408992
141733929088 10743984
141733929089 13043808
141733929090 3275424
141733929152 1563840
141733929153 544320
141733933056 3789360
141733933057 14747400
141733933058 11475504
141733933059 2244384
141733933120 11309976
141733933121 16375968
141733933122 4742784
141733933184 4341888
141733933185 2195712
141733933248 181440
141733937152 3512592
141733937153 5979204
141733937154 1897416
141733937216 4052268
141733937217 2454840
141733937280 548928
141733941248 1174428
141733941249 801792
141733941312 490968
141733945344 133632
141750697984 -592224
141750697985 2918688
141750697986 13882320
141750697987 12047616
141750697988 3290832
141750697989 219456
141750698048 4013616
141750698049 27990144
141750698050 34366464
141750698051 12596544
141750698052 1343808
141750698112 9967680
141750698113 23597856
141750698114 11994912
141750698115 1600128
141750698176 3858624
141750698177 3345408
141750698178 481248
141750698240 106272
141750702080 991860
141750702081 28687392
141750702082 43849728
141750702083 17957952
141750702084 1915776
141750702144 26697168
141750702145 76049280
141750702146 45216576
141750702147 6816384
141750702208 24593760
141750702209 27150336
141750702210 5491584
141750702272 3579552
141750702273 1055808
141750706176 12533256
141750706177 48386736
141750706178 33245424
141750706179 5368608
141750706240 39045024
141750706241 51471072
141750706242 12344832
141750706304 14709600
141750706305 6264000
141750706368 592704
141750710272 16103304
141750710273 25352640
141750710274 6810048
141750710336 18438912
141750710337 9577728
141750710400 2343168
141750714368 6716988
141750714369 4023072
141750714432 2665080
141750718464 887904
141767475200 663324
141767475201 15099480
141767475202 20245248
141767475203 6867936
141767475204 555552
141767475264 14119992
141767475265 37642608
141767475266 19175616
141767475267 2246400
141767475328 12970512
141767475329 13026528
141767475330 2028672
141767475392 1992384
141767475393 519264
141767479296 13625280
141767479297 48592080
141767479298 28571616
141767479299 3660768
141767479360 41185296
141767479361 48736512
141767479362 9392544
141767479424 15399936
141767479425 5496768
141767479488 648864
141767483392 25718328
141767483393 36366624
141767483394 8042976
141767483456 28660608
141767483457 12629952
141767483520 3520800
141767487488 13989888
141767487489 7237728
141767487552 5297184
141767491584 2232576
141784252416 4857192
141784252417 14699232
141784252418 7053984
141784252419 667008
141784252480 13272048
141784252481 13582656
141784252482 1950336
141784252544 4935456
141784252545 1421568
141784252608 237600
141784256512 16948080
141784256513 20471616
141784256514 3521952
141784256576 17827776
141784256577 6398784
141784256640 2164608
141784260608 13137696
141784260609 5635872
141784260672 4701024
141784264704 2659968
141801029632 3807936
141801029633 3668832
141801029634 443232
141801029696 3668832
141801029697 967104
141801029760 443232
141801033728 5447232
141801033729 1792224
141801033792 1792224
141801037824 1533312
141817806848 762048
141817806849 165888
141817806912 216000
141817810944 381024
141834584064 27648
142807662592 -9792
142807662593 825480
142807662594 2615760
142807662595 2257632
142807662596 736272
142807662597 74304
142807662656 732816
142807662657 4156992
142807662658 4839840
142807662659 1934208
142807662660 273600
142807662720 1103328
142807662721 2280960
142807662722 1083456
142807662723 152928
142807662784 190080
142807662785 114048
142807666688 576612
142807666689 5263200
142807666690 7460496
142807666691 3380256
142807666692 479232
142807666752 3956256
142807666753 9984384
142807666754 6002208
142807666755 1082304
142807666816 2283552
142807666817 2185056
142807666818 412128
142807666880 114048
142807670784 2383992
142807670785 7727616
142807670786 5471280
142807670787 1069056
142807670848 4937760
142807670849 6129216
142807670850 1587168
142807670912 1104192
142807670913 388800
142807674880 2495592
142807674881 3779712
142807674882 1125792
142807674944 2049120
142807674945 1046016
142807675008 129600
142807678976 937836
142807678977 577080
142807679040 261504
142807683072 115416
142824439808 663840
142824439809 5653728
142824439810 7363872
142824439811 2897856
142824439812 343872
142824439872 4345632
142824439873 10434240
142824439874 5539968
142824439875 822528
142824439936 2547072
142824439937 2236032
142824439938 334368
142824440000 114048
142824443904 5303520
142824443905 16345440
142824443906 10253088
142824443907 1684800
142824443968 10938240
142824443969 12394944
142824443970 2668032
142824444032 2423520
142824444033 720576
142824448000 8361360
142824448001 11611296
142824448002 2948832
142824448064 6737472
142824448065 2963520
142824448128 409536
142824452096 4150656
142824452097 2246400
142824452160 1105920
142824456192 621432
142841217024 2815704
142841217025 7932240
142841217026 4298400
142841217027 577152
142841217088 5596416
142841217089 5702400
142841217090 965952
142841217152 1273536
142841217153 313632
142841221120 8657424
142841221121 10742112
142841221122 2257632
142841221184 6776352
142841221185 2500416
142841221248 412128
142841225216 6277824
142841225217 2922912
142841225280 1597536
142841229312 1207872
142857994240 2753136
142857994241 2929536
142857994242 480384
142857994304 2065536
142857994305 593280
142857994368 132192
142857998336 3807072
142857998337 1453824
142857998400 914688
142858002432 1039680
142874771456 762048
142874771457 216000
142874771520 165888
142874775552 381024
142891548672 43200
143881404416 119736
143881404417 720864
143881404418 878256
143881404419 370656
143881404420 56160
143881404480 391968
143881404481 839808
143881404482 417312
143881404483 64800
143881404544 112320
143881404545 67392
143881408512 685440
143881408513 1816128
143881408514 1137888
143881408515 217728
143881408576 845856
143881408577 835488
143881408578 168480
143881408640 67392
143881412608 900720
143881412609 1159488
143881412610 312768
143881412672 424224
143881412673 155520
143881416704 388800
143881416705 203904
143881416768 51840
143881420800 50976
143898181632 743616
143898181633 1848960
143898181634 1036800
143898181635 171072
143898181696 906336
143898181697 820800
143898181698 135648
143898181760 67392
143898185728 1942272
143898185729 2291328
143898185730 532224
143898185792 894240
143898185793 281664
143898189824 1243296
143898189825 575424
143898189888 158976
143898193920 212544
143914958848 969840
143914958849 1026432
143914958850 196128
143914958912 445824
143914958913 113184
143914962944 1213056
143914962945 478656
143914963008 149472
143914967040 298944
143931736064 356832
143931736065 110592
143931736128 42336
143931740160 164160
143948513280 27648
144955146240 57888
144955146241 127872
144955146242 66528
144955146243 11232
144955146304 34560
144955146305 20736
144955150336 129600
144955150337 132192
144955150338 28512
144955150400 20736
144955154432 67392
144955154433 25920
144955158528 8640
144971923456 133920
144971923457 126144
144971923458 23328
144971923520 20736
144971927552 137376
144971927553 46656
144971931648 25920
144988700672 65664
144988700673 18144
144988704768 23328
145005477888 6048
146028888064 4320
146028888065 2592
146028892160 2592
146045665280 2592
206158430209 -15264
206158430210 -2016
206158430211 43848
206158430212 88800
206158430213 47472
206158430214 43488
206158430272 -15264
206158430273 -4320
206158430274 131256
206158430275 498336
206158430276 622560
206158430277 678816
206158430278 152064
206158430336 -2016
206158430337 131256
206158430338 842688
206158430339 1715136
206158430340 2394720
206158430341 1019328
206158430342 88128
206158430400 43848
206158430401 498336
206158430402 1715136
206158430403 3509280
206158430404 2227392
206158430405 409344
206158430406 13824
206158430464 88800
206158430465 622560
206158430466 2394720
206158430467 2227392
206158430468 633216
206158430469 49920
206158430528 47472
206158430529 678816
206158430530 1019328
206158430531 409344
206158430532 49920
206158430592 43488
206158430593 152064
206158430594 88128
206158430595 13824
206158434304 -15120
206158434305 -4176
206158434306 59688
206158434307 305736
206158434308 413616
206158434309 602784
206158434310 152064
206158434368 -4176
206158434369 95472
206158434370 1165896
206158434371 2908848
206158434372 4568160
206158434373 2102592
206158434374 176256
206158434432 59688
206158434433 1165896
206158434434 5089536
206158434435 10909152
206158434436 7522752
206158434437 1383552
206158434438 41472
206158434496 305736
206158434497 2908848
206158434498 10909152
206158434499 11092608
206158434500 3329280
206158434501 241152
206158434560 413616
206158434561 4568160
206158434562 7522752
206158434563 3329280
206158434564 407808
206158434624 602784
206158434625 2102592
206158434626 1383552
206158434627 241152
206158434688 152064
206158434689 176256
206158434690 41472
206158438400 3888
206158438401 -14436
206158438402 269352
206158438403 1065864
206158438404 1986528
206158438405 1007232
206158438406 88128
206158438464 -14436
206158438465 613512
206158438466 4441752
206158438467 10255584
206158438468 7646400
206158438469 1450944
206158438470 41472
206158438528 269352
206158438529 4441752
206158438530 16686288
206158438531 18261312
206158438532 5797440
206158438533 403200
206158438592 1065864
206158438593 10255584
206158438594 18261312
206158438595 8890752
206158438596 1094400
206158438656 1986528
206158438657 7646400
206158438658 5797440
206158438659 1094400
206158438720 1007232
206158438721 1450944
206158438722 403200
206158438784 88128
206158438785 41472
206158442496 -17280
206158442497 -2856
206158442498 1095672
206158442499 2983488
206158442500 2395104
206158442501 476736
206158442502 13824
206158442560 -2856
206158442561 2556672
206158442562 10469472
206158442563 12167232
206158442564 4072512
206158442565 282624
206158442624 1095672
206158442625 10469472
206158442626 19652928
206158442627 10333824
206158442628 1294080
206158442688 2983488
206158442689 12167232
206158442690 10333824
206158442691 2081280
206158442752 2395104
206158442753 4072512
206158442754 1294080
206158442816 476736
206158442817 282624
206158442880 13824
206158446592 -46380
206158446593 449292
206158446594 2294016
206158446595 2830704
206158446596 993168
206158446597 70656
206158446656 449292
206158446657 4940616
206158446658 9714864
206158446659 5417280
206158446660 696960
206158446720 2294016
206158446721 9714864
206158446722 8961696
206158446723 1904640
206158446784 2830704
206158446785 5417280
206158446786 1904640
206158446848 993168
206158446849 696960
206158446912 70656
206158450688 54600
206158450689 865848
206158450690 1798512
206158450691 1049088
206158450692 139392
206158450752 865848
206158450753 3818880
206158450754 3737088
206158450755 830592
206158450816 1798512
206158450817 3737088
206158450818 1415808
206158450880 1049088
206158450881 830592
206158450944 139392
206158454784 125820
206158454785 587328
206158454786 600096
206158454787 138432
206158454848 587328
206158454849 1292928
206158454850 517440
206158454912 600096
206158454913 517440
206158454976 138432
206158458880 77280
206158458881 177408
206158458882 73920
206158458944 177408
206158458945 162432
206158459008 73920
206158462976 21264
206158462977 20304
206158463040 20304
206158467072 2256
206175207424 -7920
206175207425 17280
206175207426 31296
206175207427 276888
206175207428 554496
206175207429 633888
206175207430 105408
206175207488 47232
206175207489 73536
206175207490 978672
206175207491 3754080
206175207492 5212512
206175207493 1828800
206175207494 100224
206175207552 130368
206175207553 918408
206175207554 6441504
206175207555 13164192
206175207556 7430784
206175207557 1041984
206175207558 19584
206175207616 231600
206175207617 3443520
206175207618 13593024
206175207619 12091008
206175207620 2961024
206175207621 156672
206175207680 363504
206175207681 5563872
206175207682 8924352
206175207683 3473664
206175207684 342528
206175207744 610848
206175207745 2597184
206175207746 1698624
206175207747 261504
206175207808 165888
206175207809 240768
206175207810 57600
206175211520 91296
206175211521 -23112
206175211522 115128
206175211523 2721024
206175211524 4644576
206175211525 1778688
206175211526 100224
206175211584 83448
206175211585 105408
206175211586 11002032
206175211587 25382208
206175211588 15276288
206175211589 2164608
206175211590 39168
206175211648 -26136
206175211649 10307232
206175211650 42869184
206175211651 40138464
206175211652 10148544
206175211653 509184
206175211712 2009232
206175211713 26323968
206175211714 43419936
206175211715 17814144
206175211716 1723776
206175211776 4709664
206175211777 19172928
206175211778 13256064
206175211779 2105088
206175211840 2537280
206175211841 3720960
206175211842 937728
206175211904 240768
206175211905 115200
206175215616 37620
206175215617 -834984
206175215618 3816312
206175215619 11285040
206175215620 7282464
206175215621 1072512
206175215622 19584
206175215680 -909864
206175215681 8251680
206175215682 41203392
206175215683 40650624
206175215684 10673280
206175215685 528768
206175215744 2910120
206175215745 41635680
206175215746 70889376
206175215747 30604320
206175215748 2958912
206175215808 11383248
206175215809 46364832
206175215810 34257312
206175215811 5643840
206175215872 9361536
206175215873 14969088
206175215874 4097664
206175215936 1901952
206175215937 1033344
206175216000 57600
206175219712 -557496
206175219713 1542216
206175219714 12160848
206175219715 12803328
206175219716 3495552
206175219717 176256
206175219776 1184472
206175219777 26594592
206175219778 47428224
206175219779 21379200
206175219780 2097024
206175219840 12078336
206175219841 50181216
206175219842 39127968
206175219843 6678720
206175219904 15099840
206175219905 25926720
206175219906 7636608
206175219968 5145216
206175219969 3154560
206175220032 357120
206175223808 1692
206175223809 5808432
206175223810 11138640
206175223811 5215440
206175223812 524256
206175223872 5730744
206175223873 25062480
206175223874 20405088
206175223875 3598080
206175223936 12244992
206175223937 22181760
206175223938 6918912
206175224000 6700368
206175224001 4515360
206175224064 833856
206175227904 978264
206175227905 4685112
206175227906 3961872
206175227907 719616
206175227968 4877208
206175227969 9226656
206175227970 3005856
206175228032 4584384
206175228033 3310848
206175228096 964992
206175232000 756168
206175232001 1487640
206175232002 500976
206175232064 1586424
206175232065 1203888
206175232128 592704
206175236096 218760
206175236097 171984
206175236160 185088
206175240192 23136
206191984640 44352
206191984641 -96132
206191984642 154368
206191984643 1745496
206191984644 2221056
206191984645 520992
206191984646 3456
206191984704 -39756
206191984705 -102864
206191984706 7088400
206191984707 13454208
206191984708 5997312
206191984709 485568
206191984768 -255912
206191984769 6457656
206191984770 24410448
206191984771 18456480
206191984772 3379968
206191984773 88128
206191984832 1034160
206191984833 15401376
206191984834 22456800
206191984835 7455168
206191984836 505728
206191984896 2531232
206191984897 10681536
206191984898 6734592
206191984899 881280
206191984960 1368192
206191984961 2179008
206191984962 529344
206191985024 141120
206191985025 80640
206191988736 -6408
206191988737 -1231704
206191988738 5109192
206191988739 12199680
206191988740 5820768
206191988741 485568
206191988800 -1747656
206191988801 10237824
206191988802 47788704
206191988803 37868544
206191988804 7051392
206191988805 176256
206191988864 2798136
206191988865 49849248
206191988866 73845216
206191988867 25089696
206191988868 1640448
206191988928 13084320
206191988929 52099584
206191988930 33266016
206191988931 4290624
206191988992 10744704
206191988993 16667136
206191988994 4017024
206191989056 2302272
206191989057 1247616
206191989120 80640
206191992832 -1378512
206191992833 2709264
206191992834 21489912
206191992835 18166320
206191992836 3494880
206191992837 88128
206191992896 1103880
206191992897 48509328
206191992898 75029328
206191992899 26225280
206191992900 1702080
206191992960 21533496
206191992961 85612992
206191992962 55994112
206191992963 7236576
206191993024 26680512
206191993025 42031296
206191993026 10342944
206191993088 9156384
206191993089 5144256
206191993152 677952
206191996928 -485280
206191996929 14178120
206191996930 23822640
206191996931 8608320
206191996932 567360
206191996992 13725576
206191996993 57780624
206191996994 38891808
206191996995 5091264
206191997056 29419344
206191997057 47412000
206191997058 11966688
206191997120 15664896
206191997121 9209664
206191997184 1954368
206192001024 2870196
206192001025 13645992
206192001026 9519984
206192001027 1272816
206192001088 14849952
206192001089 24675984
206192001090 6389280
206192001152 13341888
206192001153 8163936
206192001216 2696400
206192005120 2779752
206192005121 4809528
206192005122 1277856
206192005184 5556456
206192005185 3516912
206192005248 1939392
206192009216 899280
206192009217 586152
206192009280 700056
206192013312 100008
206208761856 -64572
206208761857 -216696
206208761858 2220072
206208761859 3598560
206208761860 1092960
206208761861 17280
206208761920 -607896
206208761921 4791648
206208761922 16003872
206208761923 9382464
206208761924 1010880
206208761984 1350264
206208761985 18232128
206208761986 21717024
206208761987 5330880
206208761988 175680
206208762048 4843008
206208762049 17335872
206208762050 9102336
206208762051 830592
206208762112 3725664
206208762113 5534400
206208762114 1150080
206208762176 834432
206208762177 471552
206208762240 34560
206208765952 -1025544
206208765953 3070344
206208765954 14707296
206208765955 9152352
206208765956 1012608
206208766016 1348392
206208766017 36058080
206208766018 44571360
206208766019 11064384
206208766020 347904
206208766080 16291536
206208766081 57144000
206208766082 29864448
206208766083 2606976
206208766144 18862752
206208766145 26724672
206208766146 5308800
206208766208 6534720
206208766209 3428352
206208766272 540672
206208770048 -403920
206208770049 16096296
206208770050 21553872
206208770051 5503392
206208770052 173952
206208770112 15815016
206208770113 58463856
206208770114 30981600
206208770115 2664576
206208770176 31673952
206208770177 44377632
206208770178 8656128
206208770240 16441824
206208770241 8457984
206208770304 2149632
206208774144 4401576
206208774145 18639024
206208774146 10211712
206208774147 888192
206208774208 21598176
206208774209 30749952
206208774210 6001728
206208774272 18530592
206208774273 9523968
206208774336 3720576
206208778240 5088576
206208778241 7554240
206208778242 1500432
206208778304 9666576
206208778305 5028480
206208778368 3231744
206208782336 1889184
206208782337 1005696
206208782400 1380960
206208786432 230160
206225539072 -176496
206225539073 1172076
206225539074 3082464
206225539075 1250208
206225539076 35424
206225539136 827748
206225539137 8870400
206225539138 7948512
206225539139 1165536
206225539200 4457016
206225539201 12288048
206225539202 4644000
206225539203 203616
206225539264 4572480
206225539265 5422272
206225539266 778752
206225539328 1574160
206225539329 742272
206225539392 146880
206225543168 273744
206225543169 8171280
206225543170 7814592
206225543171 1171584
206225543232 8828112
206225543233 25298112
206225543234 9553536
206225543235 395136
206225543296 15354192
206225543297 17459712
206225543298 2340864
206225543360 7635072
206225543361 3288192
206225543424 1061952
206225547264 3795816
206225547265 12297480
206225547266 4775616
206225547267 197568
206225547328 15867432
206225547329 18030240
206225547330 2343168
206225547392 12682800
206225547393 5197536
206225547456 2556480
206225551360 5043168
206225551361 5965872
206225551362 781056
206225551424 8812752
206225551425 3553440
206225551488 2825280
206225555456 2169588
206225555457 888360
206225555520 1479840
206225559552 295968
206242316288 190476
206242316289 1344960
206242316290 821664
206242316291 38016
206242316352 1787040
206242316353 3507264
206242316354 783648
206242316416 2616048
206242316417 2134080
206242316418 144288
206242316480 1223424
206242316481 388224
206242316544 180864
206242320384 1621872
206242320385 3474144
206242320386 791424
206242320448 5421600
206242320449 4353984
206242320450 273024
206242320512 3919968
206242320513 1125504
206242320576 787392
206242324480 2634696
206242324481 2186784
206242324482 136512
206242324544 4051584
206242324545 1105920
206242324608 1222272
206242328576 1343664
206242328577 368640
206242328640 828576
206242332672 207144
206259093504 230400
206259093505 292032
206259093506 22464
206259093568 620640
206259093569 287712
206259093632 394848
206259093633 57312
206259093696 77184
206259097600 617760
206259097601 292032
206259097664 801792
206259097665 105984
206259097728 218880
206259101696 404064
206259101697 52992
206259101760 212544
206259105792 70848
206275870720 43200
206275870721 6912
206275870784 44064
206275870848 9504
206275874816 44928
206275874880 17280
206275878912 8640
206292647936 864
207232172032 -7920
207232172033 47232
207232172034 130368
207232172035 231600
207232172036 363504
207232172037 610848
207232172038 165888
207232172096 17280
207232172097 73536
207232172098 918408
207232172099 3443520
207232172100 5563872
207232172101 2597184
207232172102 240768
207232172160 31296
207232172161 978672
207232172162 6441504
207232172163 13593024
207232172164 8924352
207232172165 1698624
207232172166 57600
207232172224 276888
207232172225 3754080
207232172226 13164192
207232172227 12091008
207232172228 3473664
207232172229 261504
207232172288 554496
207232172289 5212512
207232172290 7430784
207232172291 2961024
207232172292 342528
207232172352 633888
207232172353 1828800
207232172354 1041984
207232172355 156672
207232172416 105408
207232172417 100224
207232172418 19584
207232176128 91296
207232176129 83448
207232176130 -26136
207232176131 2009232
207232176132 4709664
207232176133 2537280
207232176134 240768
207232176192 -23112
207232176193 105408
207232176194 10307232
207232176195 26323968
207232176196 19172928
207232176197 3720960
207232176198 115200
207232176256 115128
207232176257 11002032
207232176258 42869184
207232176259 43419936
207232176260 13256064
207232176261 937728
207232176320 2721024
207232176321 25382208
207232176322 40138464
207232176323 17814144
207232176324 2105088
207232176384 4644576
207232176385 15276288
207232176386 10148544
207232176387 1723776
207232176448 1778688
207232176449 2164608
207232176450 509184
207232176512 100224
207232176513 39168
207232180224 37620
207232180225 -909864
207232180226 2910120
207232180227 11383248
207232180228 9361536
207232180229 1901952
207232180230 57600
207232180288 -834984
207232180289 8251680
207232180290 41635680
207232180291 46364832
207232180292 14969088
207232180293 1033344
207232180352 3816312
207232180353 41203392
207232180354 70889376
207232180355 34257312
207232180356 4097664
207232180416 11285040
207232180417 40650624
207232180418 30604320
207232180419 5643840
207232180480 7282464
207232180481 10673280
207232180482 2958912
207232180544 1072512
207232180545 528768
207232180608 19584
207232184320 -557496
207232184321 1184472
207232184322 12078336
207232184323 15099840
207232184324 5145216
207232184325 357120
207232184384 1542216
207232184385 26594592
207232184386 50181216
207232184387 25926720
207232184388 3154560
207232184448 12160848
207232184449 47428224
207232184450 39127968
207232184451 7636608
207232184512 12803328
207232184513 21379200
207232184514 6678720
207232184576 3495552
207232184577 2097024
207232184640 176256
207232188416 1692
207232188417 5730744
207232188418 12244992
207232188419 6700368
207232188420 833856
207232188480 5808432
207232188481 25062480
207232188482 22181760
207232188483 4515360
207232188544 11138640
207232188545 20405088
207232188546 6918912
207232188608 5215440
207232188609 3598080
207232188672 524256
207232192512 978264
207232192513 4877208
207232192514 4584384
207232192515 964992
207232192576 4685112
207232192577 9226656
207232192578 3310848
207232192640 3961872
207232192641 3005856
207232192704 719616
207232196608 756168
207232196609 1586424
207232196610 592704
207232196672 1487640
207232196673 1203888
207232196736 500976
207232200704 218760
207232200705 185088
207232200768 171984
207232204800 23136
207248949248 131616
207248949249 -29040
207248949250 -191832
207248949251 2788752
207248949252 5133888
207248949253 2069568
207248949254 126720
207248949312 -29040
207248949313 -683520
207248949314 12435456
207248949315 29669760
207248949316 17756352
207248949317 2605824
207248949318 50688
207248949376 -191832
207248949377 12435456
207248949378 49822848
207248949379 44033568
207248949380 10895616
207248949381 569088
207248949440 2788752
207248949441 29669760
207248949442 44033568
207248949443 16630272
207248949444 1545984
207248949504 5133888
207248949505 17756352
207248949506 10895616
207248949507 1545984
207248949568 2069568
207248949569 2605824
207248949570 569088
207248949632 126720
207248949633 50688
207248953344 124848
207248953345 -3347856
207248953346 7071552
207248953347 26345856
207248953348 17650944
207248953349 2684160
207248953350 50688
207248953408 -3347856
207248953409 17533440
207248953410 99154560
207248953411 95684352
207248953412 24731136
207248953413 1244160
207248953472 7071552
207248953473 99154560
207248953474 157698432
207248953475 63721728
207248953476 5925888
207248953536 26345856
207248953537 95684352
207248953538 63721728
207248953539 9575424
207248953600 17650944
207248953601 24731136
207248953602 5925888
207248953664 2684160
207248953665 1244160
207248953728 50688
207248957440 -2919816
207248957441 2306544
207248957442 43744848
207248957443 47480160
207248957444 12911040
207248957445 649728
207248957504 2306544
207248957505 97366560
207248957506 170053440
207248957507 72937728
207248957508 6854400
207248957568 43744848
207248957569 170053440
207248957570 121685184
207248957571 19127808
207248957632 47480160
207248957633 72937728
207248957634 19127808
207248957696 12911040
207248957697 6854400
207248957760 649728
207248961536 -1563888
207248961537 27738528
207248961538 56031360
207248961539 25481088
207248961540 2446848
207248961600 27738528
207248961601 121479168
207248961602 92708352
207248961603 15132672
207248961664 56031360
207248961665 92708352
207248961666 26067456
207248961728 25481088
207248961729 15132672
207248961792 2446848
207248965632 5573280
207248965633 29764296
207248965634 24255936
207248965635 4099392
207248965696 29764296
207248965697 52804800
207248965698 15659712
207248965760 24255936
207248965761 15659712
207248965824 4099392
207248969728 5764128
207248969729 11007936
207248969730 3408768
207248969792 11007936
207248969793 7564032
207248969856 3408768
207248973824 1902672
207248973825 1372608
207248973888 1372608
207248977920 213120
207265726464 -108612
207265726465 -1665552
207265726466 5383080
207265726467 13613760
207265726468 6799968
207265726469 608256
207265726528 -2220768
207265726529 11282784
207265726530 53881344
207265726531 42426432
207265726532 8068608
207265726533 221184
207265726592 3744312
207265726593 55305648
207265726594 77540544
207265726595 25244640
207265726596 1653120
207265726656 14244624
207265726657 50796768
207265726658 29682720
207265726659 3511872
207265726720 9588000
207265726721 13303296
207265726722 2844288
207265726784 1559232
207265726785 747648
207265726848 34560
207265730560 -3853944
207265730561 4108968
207265730562 48925296
207265730563 42786432
207265730564 8476416
207265730565 228096
207265730624 1576872
207265730625 111270336
207265730626 169550496
207265730627 57885696
207265730628 3755520
207265730688 48837984
207265730689 182424960
207265730690 111594240
207265730691 13485312
207265730752 52767552
207265730753 75753216
207265730754 16745472
207265730816 14746752
207265730817 7326720
207265730880 813312
207265734656 -3766680
207265734657 48274392
207265734658 85038048
207265734659 30678912
207265734660 2022912
207265734720 46994040
207265734721 198153264
207265734722 127882368
207265734723 15868800
207265734784 95065680
207265734785 142893216
207265734786 32949504
207265734848 42914016
207265734849 22606272
207265734912 4238208
207265738752 12243576
207265738753 65390880
207265738754 45127584
207265738755 5793408
207265738816 68175312
207265738817 108930240
207265738818 26208000
207265738880 54285120
207265738881 30260160
207265738944 8998272
207265742848 16526784
207265742849 28648440
207265742850 7204896
207265742912 30936312
207265742913 18181008
207265742976 9156096
207265746944 6453648
207265746945 3992832
207265747008 4411872
207265751040 804384
207282503680 -1252992
207282503681 3265536
207282503682 16284384
207282503683 10516032
207282503684 1238400
207282503744 1573872
207282503745 39658464
207282503746 48388608
207282503747 12093696
207282503748 412416
207282503808 17662320
207282503809 58254432
207282503810 28870560
207282503811 2421504
207282503872 17900352
207282503873 23394624
207282503874 4199616
207282503936 5131392
207282503937 2439168
207282504000 323712
207282507776 -1683936
207282507777 35883504
207282507778 49358880
207282507779 12913920
207282507780 440064
207282507840 35119824
207282507841 128003232
207282507842 65973888
207282507843 5566464
207282507904 65258976
207282507905 86156928
207282507906 15525504
207282507968 29051904
207282507969 13576704
207282508032 3080832
207282511872 14074416
207282511873 64384368
207282511874 35303328
207282511875 3070080
207282511936 71275056
207282511937 98383104
207282511938 18166464
207282512000 54495936
207282512001 25853184
207282512064 9128064
207282515968 23245584
207282515969 34842336
207282515970 6710976
207282516032 41506080
207282516033 20378688
207282516096 11921472
207282520064 10894872
207282520065 5627040
207282520128 7100016
207282524160 1559136
207299280896 300684
207299280897 8978112
207299280898 8733600
207299280899 1378656
207299280960 9614736
207299280961 26731296
207299280962 9982656
207299280963 432576
207299281024 15312480
207299281025 16453728
207299281026 2058624
207299281088 6604128
207299281089 2601792
207299281152 763776
207299284992 8339088
207299284993 27444672
207299284994 10779840
207299284995 475776
207299285056 33843552
207299285057 37257408
207299285058 4665600
207299285120 24103008
207299285121 9169344
207299285184 4114944
207299289088 16893624
207299289089 20008800
207299289090 2602368
207299289152 27454176
207299289153 10528128
207299289216 7609824
207299293184 9698544
207299293185 3892320
207299293248 5915520
207299297280 1627200
207316058112 1784448
207316058113 3766464
207316058114 887328
207316058176 5609952
207316058177 4374144
207316058178 274752
207316058240 3630816
207316058241 965376
207316058304 629568
207316062208 5758560
207316062209 4747392
207316062210 307584
207316062272 8159040
207316062273 2124288
207316062336 2140992
207316066304 4375296
207316066305 1183104
207316066368 2409408
207316070400 885024
207332835328 652608
207332835329 311328
207332835392 781632
207332835393 99648
207332835456 186624
207332839424 848448
207332839425 111744
207332839488 398592
207332843520 220032
207349612544 45792
207349612608 15552
207349616640 17280
208305913856 44352
208305913857 -39756
208305913858 -255912
208305913859 1034160
208305913860 2531232
208305913861 1368192
208305913862 141120
208305913920 -96132
208305913921 -102864
208305913922 6457656
208305913923 15401376
208305913924 10681536
208305913925 2179008
208305913926 80640
208305913984 154368
208305913985 7088400
208305913986 24410448
208305913987 22456800
208305913988 6734592
208305913989 529344
208305914048 1745496
208305914049 13454208
208305914050 18456480
208305914051 7455168
208305914052 881280
208305914112 2221056
208305914113 5997312
208305914114 3379968
208305914115 505728
208305914176 520992
208305914177 485568
208305914178 88128
208305914240 3456
208305917952 -6408
208305917953 -1747656
208305917954 2798136
208305917955 13084320
208305917956 10744704
208305917957 2302272
208305917958 80640
208305918016 -1231704
208305918017 10237824
208305918018 49849248
208305918019 52099584
208305918020 16667136
208305918021 1247616
208305918080 5109192
208305918081 47788704
208305918082 73845216
208305918083 33266016
208305918084 4017024
208305918144 12199680
208305918145 37868544
208305918146 25089696
208305918147 4290624
208305918208 5820768
208305918209 7051392
208305918210 1640448
208305918272 485568
208305918273 176256
208305922048 -1378512
208305922049 1103880
208305922050 21533496
208305922051 26680512
208305922052 9156384
208305922053 677952
208305922112 2709264
208305922113 48509328
208305922114 85612992
208305922115 42031296
208305922116 5144256
208305922176 21489912
208305922177 75029328
208305922178 55994112
208305922179 10342944
208305922240 18166320
208305922241 26225280
208305922242 7236576
208305922304 3494880
208305922305 1702080
208305922368 88128
208305926144 -485280
208305926145 13725576
208305926146 29419344
208305926147 15664896
208305926148 1954368
208305926208 14178120
208305926209 57780624
208305926210 47412000
208305926211 9209664
208305926272 23822640
208305926273 38891808
208305926274 11966688
208305926336 8608320
208305926337 5091264
208305926400 567360
208305930240 2870196
208305930241 14849952
208305930242 13341888
208305930243 2696400
208305930304 13645992
208305930305 24675984
208305930306 8163936
208305930368 9519984
208305930369 6389280
208305930432 1272816
208305934336 2779752
208305934337 5556456
208305934338 1939392
208305934400 4809528
208305934401 3516912
208305934464 1277856
208305938432 899280
208305938433 700056
208305938496 586152
208305942528 100008
208322691072 -108612
208322691073 -2220768
208322691074 3744312
208322691075 14244624
208322691076 9588000
208322691077 1559232
208322691078 34560
208322691136 -1665552
208322691137 11282784
208322691138 55305648
208322691139 50796768
208322691140 13303296
208322691141 747648
208322691200 5383080
208322691201 53881344
208322691202 77540544
208322691203 29682720
208322691204 2844288
208322691264 13613760
208322691265 42426432
208322691266 25244640
208322691267 3511872
208322691328 6799968
208322691329 8068608
208322691330 1653120
208322691392 608256
208322691393 221184
208322695168 -3853944
208322695169 1576872
208322695170 48837984
208322695171 52767552
208322695172 14746752
208322695173 813312
208322695232 4108968
208322695233 111270336
208322695234 182424960
208322695235 75753216
208322695236 7326720
208322695296 48925296
208322695297 169550496
208322695298 111594240
208322695299 16745472
208322695360 42786432
208322695361 57885696
208322695362 13485312
208322695424 8476416
208322695425 3755520
208322695488 228096
208322699264 -3766680
208322699265 46994040
208322699266 95065680
208322699267 42914016
208322699268 4238208
208322699328 48274392
208322699329 198153264
208322699330 142893216
208322699331 22606272
208322699392 85038048
208322699393 127882368
208322699394 32949504
208322699456 30678912
208322699457 15868800
208322699520 2022912
208322703360 12243576
208322703361 68175312
208322703362 54285120
208322703363 8998272
208322703424 65390880
208322703425 108930240
208322703426 30260160
208322703488 45127584
208322703489 26208000
208322703552 5793408
208322707456 16526784
208322707457 30936312
208322707458 9156096
208322707520 28648440
208322707521 18181008
208322707584 7204896
208322711552 6453648
208322711553 4411872
208322711616 3992832
208322715648 804384
208339468288 -2252928
208339468289 2346816
208339468290 26269272
208339468291 22942656
208339468292 4805280
208339468293 152064
208339468352 2346816
208339468353 60508512
208339468354 86907024
208339468355 29363328
208339468356 2060352
208339468416 26269272
208339468417 86907024
208339468418 49423392
208339468419 5785632
208339468480 22942656
208339468481 29363328
208339468482 5785632
208339468544 4805280
208339468545 2060352
208339468608 152064
208339472384 -4440960
208339472385 52980672
208339472386 92040480
208339472387 33584256
208339472388 2383488
208339472448 52980672
208339472449 205758432
208339472450 126883584
208339472451 15616512
208339472512 92040480
208339472513 126883584
208339472514 27008640
208339472576 33584256
208339472577 15616512
208339472640 2383488
208339476480 19890048
208339476481 107511504
208339476482 73135440
208339476483 9459648
208339476544 107511504
208339476545 162374400
208339476546 37087200
208339476608 73135440
208339476609 37087200
208339476672 9459648
208339480576 36270528
208339480577 62042688
208339480578 15182208
208339480640 62042688
208339480641 34135488
208339480704 15182208
208339484672 17537832
208339484673 10469304
208339484736 10469304
208339488768 2548224
208356245504 -699288
208356245505 19254240
208356245506 25918464
208356245507 7045056
208356245508 279936
208356245568 19201104
208356245569 63945984
208356245570 31879872
208356245571 2779776
208356245632 30515184
208356245633 37092960
208356245634 6185952
208356245696 11177568
208356245697 4657536
208356245760 889920
208356249600 15504768
208356249601 68242752
208356249602 37137888
208356249603 3388032
208356249664 72386592
208356249665 94440960
208356249666 16756416
208356249728 47407968
208356249729 20553984
208356249792 6350400
208356253696 37247712
208356253697 54696960
208356253698 10414368
208356253760 60242400
208356253761 27848448
208356253824 14446080
208356257792 22867200
208356257793 11479104
208356257856 13070592
208356261888 3990888
208373022720 4564224
208373022721 14116944
208373022722 5612256
208373022723 280800
208373022784 16643568
208373022785 17345088
208373022786 2130048
208373022848 10221120
208373022849 3538080
208373022912 1433376
208373026816 17664816
208373026817 20322144
208373026818 2679552
208373026880 25718112
208373026881 9291456
208373026944 5993856
208373030912 14811552
208373030913 5788224
208373030976 7899264
208373035008 3224160
208389799936 2921328
208389799937 2361024
208389799938 165024
208389800000 3704256
208389800001 907776
208389800064 822816
208389804032 4324032
208389804033 1146240
208389804096 2072448
208389808128 1273248
208406577152 406656
208406577153 54432
208406577216 164160
208406581248 203904
208423354368 7776
209379655680 -64572
209379655681 -607896
209379655682 1350264
209379655683 4843008
209379655684 3725664
209379655685 834432
209379655686 34560
209379655744 -216696
209379655745 4791648
209379655746 18232128
209379655747 17335872
209379655748 5534400
209379655749 471552
209379655808 2220072
209379655809 16003872
209379655810 21717024
209379655811 9102336
209379655812 1150080
209379655872 3598560
209379655873 9382464
209379655874 5330880
209379655875 830592
209379655936 1092960
209379655937 1010880
209379655938 175680
209379656000 17280
209379659776 -1025544
209379659777 1348392
209379659778 16291536
209379659779 18862752
209379659780 6534720
209379659781 540672
209379659840 3070344
209379659841 36058080
209379659842 57144000
209379659843 26724672
209379659844 3428352
209379659904 14707296
209379659905 44571360
209379659906 29864448
209379659907 5308800
209379659968 9152352
209379659969 11064384
209379659970 2606976
209379660032 1012608
209379660033 347904
209379663872 -403920
209379663873 15815016
209379663874 31673952
209379663875 16441824
209379663876 2149632
209379663936 16096296
209379663937 58463856
209379663938 44377632
209379663939 8457984
209379664000 21553872
209379664001 30981600
209379664002 8656128
209379664064 5503392
209379664065 2664576
209379664128 173952
209379667968 4401576
209379667969 21598176
209379667970 18530592
209379667971 3720576
209379668032 18639024
209379668033 30749952
209379668034 9523968
209379668096 10211712
209379668097 6001728
209379668160 888192
209379672064 5088576
209379672065 9666576
209379672066 3231744
209379672128 7554240
209379672129 5028480
209379672192 1500432
209379676160 1889184
209379676161 1380960
209379676224 1005696
209379680256 230160
209396432896 -1252992
209396432897 1573872
209396432898 17662320
209396432899 17900352
209396432900 5131392
209396432901 323712
209396432960 3265536
209396432961 39658464
209396432962 58254432
209396432963 23394624
209396432964 2439168
209396433024 16284384
209396433025 48388608
209396433026 28870560
209396433027 4199616
209396433088 10516032
209396433089 12093696
209396433090 2421504
209396433152 1238400
209396433153 412416
209396436992 -1683936
209396436993 35119824
209396436994 65258976
209396436995 29051904
209396436996 3080832
209396437056 35883504
209396437057 128003232
209396437058 86156928
209396437059 13576704
209396437120 49358880
209396437121 65973888
209396437122 15525504
209396437184 12913920
209396437185 5566464
209396437248 440064
209396441088 14074416
209396441089 71275056
209396441090 54495936
209396441091 9128064
209396441152 64384368
209396441153 98383104
209396441154 25853184
209396441216 35303328
209396441217 18166464
209396441280 3070080
209396445184 23245584
209396445185 41506080
209396445186 11921472
209396445248 34842336
209396445249 20378688
209396445312 6710976
209396449280 10894872
209396449281 7100016
209396449344 5627040
209396453376 1559136
209413210112 -699288
209413210113 19201104
209413210114 30515184
209413210115 11177568
209413210116 889920
209413210176 19254240
209413210177 63945984
209413210178 37092960
209413210179 4657536
209413210240 25918464
209413210241 31879872
209413210242 6185952
209413210304 7045056
209413210305 2779776
209413210368 279936
209413214208 15504768
209413214209 72386592
209413214210 47407968
209413214211 6350400
209413214272 68242752
209413214273 94440960
209413214274 20553984
209413214336 37137888
209413214337 16756416
209413214400 3388032
209413218304 37247712
209413218305 60242400
209413218306 14446080
209413218368 54696960
209413218369 27848448
209413218432 10414368
209413222400 22867200
209413222401 13070592
209413222464 11479104
209413226496 3990888
209429987328 5917536
209429987329 22237152
209429987330 11793696
209429987331 1165824
209429987392 22237152
209429987393 26588928
209429987394 4530048
209429987456 11793696
209429987457 4530048
209429987520 1165824
209429991424 24921888
209429991425 34272576
209429991426 6484416
209429991488 34272576
209429991489 14639616
209429991552 6484416
209429995520 21664704
209429995521 10401408
209429995584 10401408
209429999616 4829376
209446764544 5726448
209446764545 6193824
209446764546 838656
209446764608 7091808
209446764609 2348160
209446764672 1324512
209446768640 9073344
209446768641 3390720
209446768704 4047360
209446772736 2825760
209463541760 1280736
209463541761 328320
209463541824 508032
209463545856 716544
209480318976 54720
210453397504 -176496
210453397505 827748
210453397506 4457016
210453397507 4572480
210453397508 1574160
210453397509 146880
210453397568 1172076
210453397569 8870400
210453397570 12288048
210453397571 5422272
210453397572 742272
210453397632 3082464
210453397633 7948512
210453397634 4644000
210453397635 778752
210453397696 1250208
210453397697 1165536
210453397698 203616
210453397760 35424
210453401600 273744
210453401601 8828112
210453401602 15354192
210453401603 7635072
210453401604 1061952
210453401664 8171280
210453401665 25298112
210453401666 17459712
210453401667 3288192
210453401728 7814592
210453401729 9553536
210453401730 2340864
210453401792 1171584
210453401793 395136
210453405696 3795816
210453405697 15867432
210453405698 12682800
210453405699 2556480
210453405760 12297480
210453405761 18030240
210453405762 5197536
210453405824 4775616
210453405825 2343168
210453405888 197568
210453409792 5043168
210453409793 8812752
210453409794 2825280
210453409856 5965872
210453409857 3553440
210453409920 781056
210453413888 2169588
210453413889 1479840
210453413952 888360
210453417984 295968
210470174720 300684
210470174721 9614736
210470174722 15312480
210470174723 6604128
210470174724 763776
210470174784 8978112
210470174785 26731296
210470174786 16453728
210470174787 2601792
210470174848 8733600
210470174849 9982656
210470174850 2058624
210470174912 1378656
210470174913 432576
210470178816 8339088
210470178817 33843552
210470178818 24103008
210470178819 4114944
210470178880 27444672
210470178881 37257408
210470178882 9169344
210470178944 10779840
210470178945 4665600
210470179008 475776
210470182912 16893624
210470182913 27454176
210470182914 7609824
210470182976 20008800
210470182977 10528128
210470183040 2602368
210470187008 9698544
210470187009 5915520
210470187072 3892320
210470191104 1627200
210486951936 4564224
210486951937 16643568
210486951938 10221120
210486951939 1433376
210486952000 14116944
210486952001 17345088
210486952002 3538080
210486952064 5612256
210486952065 2130048
210486952128 280800
210486956032 17664816
210486956033 25718112
210486956034 5993856
210486956096 20322144
210486956097 9291456
210486956160 2679552
210486960128 14811552
210486960129 7899264
210486960192 5788224
210486964224 3224160
210503729152 5726448
210503729153 7091808
210503729154 1324512
210503729216 6193824
210503729217 2348160
210503729280 838656
210503733248 9073344
210503733249 4047360
210503733312 3390720
210503737344 2825760
210520506368 1834560
210520506369 635040
210520506432 635040
210520510464 1059840
210537283584 127008
211527139328 190476
211527139329 1787040
211527139330 2616048
211527139331 1223424
211527139332 180864
211527139392 1344960
211527139393 3507264
211527139394 2134080
211527139395 388224
211527139456 821664
211527139457 783648
211527139458 144288
211527139520 38016
211527143424 1621872
211527143425 5421600
211527143426 3919968
211527143427 787392
211527143488 3474144
211527143489 4353984
211527143490 1125504
211527143552 791424
211527143553 273024
211527147520 2634696
211527147521 4051584
211527147522 1222272
211527147584 2186784
211527147585 1105920
211527147648 136512
211527151616 1343664
211527151617 828576
211527151680 368640
211527155712 207144
211543916544 1784448
211543916545 5609952
211543916546 3630816
211543916547 629568
211543916608 3766464
211543916609 4374144
211543916610 965376
211543916672 887328
211543916673 274752
211543920640 5758560
211543920641 8159040
211543920642 2140992
211543920704 4747392
211543920705 2124288
211543920768 307584
211543924736 4375296
211543924737 2409408
211543924800 1183104
211543928832 885024
211560693760 2921328
211560693761 3704256
211560693762 822816
211560693824 2361024
211560693825 907776
211560693888 165024
211560697856 4324032
211560697857 2072448
211560697920 1146240
211560701952 1273248
211577470976 1280736
211577470977 508032
211577471040 328320
211577475072 716544
211594248192 127008
212600881152 230400
212600881153 620640
212600881154 394848
212600881155 77184
212600881216 292032
212600881217 287712
212600881218 57312
212600881280 22464
212600885248 617760
212600885249 801792
212600885250 218880
212600885312 292032
212600885313 105984
212600889344 404064
212600889345 212544
212600889408 52992
212600893440 70848
212617658368 652608
212617658369 781632
212617658370 186624
212617658432 311328
212617658433 99648
212617662464 848448
212617662465 398592
212617662528 111744
212617666560 220032
212634435584 406656
212634435585 164160
212634435648 54432
212634439680 203904
212651212800 54720
213674622976 43200
213674622977 44064
213674622978 9504
213674623040 6912
213674627072 44928
213674627073 17280
213674631168 8640
213691400192 45792
213691400193 15552
213691404288 17280
213708177408 7776
214748364800 864
274877906944 -6264
274877906945 -1440
274877906946 41988
274877906947 89904
274877906948 97584
274877906949 145488
274877906950 41472
274877907008 -1440
274877907009 64680
274877907010 305688
274877907011 784176
274877907012 1282320
274877907013 646752
274877907014 60192
274877907072 41988
274877907073 305688
274877907074 1405488
274877907075 3187344
274877907076 2337648
274877907077 455040
274877907078 14400
274877907136 89904
274877907137 784176
274877907138 3187344
274877907139 3437664
274877907140 1049856
274877907141 74880
274877907200 97584
274877907201 1282320
274877907202 2337648
274877907203 1049856
274877907204 121344
274877907264 145488
274877907265 646752
274877907266 455040
274877907267 74880
274877907328 41472
274877907329 60192
274877907330 14400
274877911040 8208
274877911041 46692
274877911042 108768
274877911043 506736
274877911044 1083360
274877911045 616656
274877911046 60192
274877911104 46692
274877911105 221208
274877911106 2304672
274877911107 6009840
274877911108 4768656
274877911109 955872
274877911110 28800
274877911168 108768
274877911169 2304672
274877911170 9961392
274877911171 11410704
274877911172 3675168
274877911173 253440
274877911232 506736
274877911233 6009840
274877911234 11410704
274877911235 5543904
274877911236 652416
274877911296 1083360
274877911297 4768656
274877911298 3675168
274877911299 652416
274877911360 616656
274877911361 955872
274877911362 253440
274877911424 60192
274877911425 28800
274877915136 22428
274877915137 -85512
274877915138 733236
274877915139 2583576
274877915140 2235648
274877915141 470736
274877915142 14400
274877915200 -85512
274877915201 1804488
274877915202 9441552
274877915203 11461968
274877915204 3881808
274877915205 267840
274877915264 733236
274877915265 9441552
274877915266 18557952
274877915267 9635472
274877915268 1160064
274877915328 2583576
274877915329 11461968
274877915330 9635472
274877915331 1831296
274877915392 2235648
274877915393 3881808
274877915394 1160064
274877915456 470736
274877915457 267840
274877915520 14400
274877919232 -84840
274877919233 319692
274877919234 2727288
274877919235 3565968
274877919236 1263696
274877919237 89280
274877919296 319692
274877919297 5983080
274877919298 12333120
274877919299 6739296
274877919300 833856
274877919360 2727288
274877919361 12333120
274877919362 11056752
274877919363 2218752
274877919424 3565968
274877919425 6739296
274877919426 2218752
274877919488 1263696
274877919489 833856
274877919552 89280
274877923328 13860
274877923329 1291368
274877923330 2872716
274877923331 1636392
274877923332 208464
274877923392 1291368
274877923393 6127848
274877923394 5763312
274877923395 1206240
274877923456 2872716
274877923457 5763312
274877923458 2036448
274877923520 1636392
274877923521 1206240
274877923584 208464
274877927424 220032
274877927425 1140156
274877927426 1115424
274877927427 241248
274877927488 1140156
274877927489 2393496
274877927490 889056
274877927552 1115424
274877927553 889056
274877927616 241248
274877931520 176472
274877931521 385140
274877931522 148176
274877931584 385140
274877931585 323904
274877931648 148176
274877935616 53052
274877935617 46272
274877935680 46272
274877939712 5784
274894684160 23040
274894684161 43704
274894684162 40560
274894684163 653352
274894684164 1183584
274894684165 504288
274894684166 31680
274894684224 78768
274894684225 3864
274894684226 2765280
274894684227 6864720
274894684228 4439424
274894684229 670464
274894684230 12672
274894684288 11184
274894684289 2586792
274894684290 11774688
274894684291 11664336
274894684292 3056832
274894684293 156096
274894684352 462624
274894684353 7090512
274894684354 12604512
274894684355 5290560
274894684356 501120
274894684416 1149456
274894684417 5509008
274894684418 4018752
274894684419 622656
274894684480 677760
274894684481 1154304
274894684482 300672
274894684544 70560
274894684545 40320
274894688256 102708
274894688257 -494112
274894688258 1683024
274894688259 5992464
274894688260 4218672
274894688261 664128
274894688262 12672
274894688320 -529608
274894688321 3705504
274894688322 22677672
274894688323 23733120
274894688324 6444576
274894688325 324864
274894688384 1166784
274894688385 22844736
274894688386 41466048
274894688387 18165888
274894688388 1724544
274894688448 5909544
274894688449 26966496
274894688450 20432736
274894688451 3262464
274894688512 5297568
274894688513 9116352
274894688514 2467584
274894688576 1173024
274894688577 669312
274894688640 40320
274894692352 -478728
274894692353 656952
274894692354 9893952
274894692355 11212800
274894692356 3166992
274894692357 162432
274894692416 336336
274894692417 21936336
274894692418 41858856
274894692419 19054944
274894692420 1835136
274894692480 9667128
274894692481 44214528
274894692482 34781040
274894692483 5730624
274894692544 13082664
274894692545 23299200
274894692546 6659136
274894692608 4698864
274894692609 2881152
274894692672 348480
274894696448 -283764
274894696449 6253680
274894696450 13143768
274894696451 6212160
274894696452 611712
274894696512 6097104
274894696513 29680512
274894696514 24184800
274894696515 4099392
274894696576 14355528
274894696577 26399520
274894696578 7900992
274894696640 8056224
274894696641 5291712
274894696704 1022400
274894700544 1251624
274894700545 6957096
274894700546 5890968
274894700547 1024848
274894700608 7213704
274894700609 13732992
274894700610 4260960
274894700672 6859296
274894700673 4754448
274894700736 1425600
274894704640 1344468
274894704641 2668032
274894704642 852192
274894704704 2852424
274894704705 2058912
274894704768 1031040
274894708736 460764
274894708737 343152
274894708800 372960
274894712832 53280
274911461376 24648
274911461377 -293316
274911461378 1211472
274911461379 3120120
274911461380 1638432
274911461381 151200
274911461440 -412452
274911461441 2412024
274911461442 12522240
274911461443 10598256
274911461444 2102688
274911461445 57024
274911461504 598644
274911461505 13028448
274911461506 20558592
274911461507 7246512
274911461508 485856
274911461568 3230472
274911461569 14406720
274911461570 9591264
274911461571 1230336
274911461632 2843184
274911461633 4885200
274911461634 1201248
274911461696 658080
274911461697 398016
274911461760 25920
274911465472 -671532
274911465473 976404
274911465474 11120400
274911465475 10145952
274911465476 2082816
274911465477 57024
274911465536 81900
274911465537 25362384
274911465538 41945400
274911465539 15179616
274911465540 1011456
274911465600 10857192
274911465601 47676144
274911465602 32136048
274911465603 4127040
274911465664 14492136
274911465665 24325344
274911465666 5982336
274911465728 5318352
274911465729 3123072
274911465792 432576
274911469568 -753336
274911469569 10910700
274911469570 19996272
274911469571 7480800
274911469572 505728
274911469632 10329132
274911469633 48550536
274911469634 33477624
274911469635 4345056
274911469696 24326376
274911469697 40904064
274911469698 10196064
274911469760 13571640
274911469761 8080416
274911469824 1791936
274911473664 2749836
274911473665 15305880
274911473666 10955448
274911473667 1448352
274911473728 16503768
274911473729 28390752
274911473730 7204896
274911473792 15374520
274911473793 9348192
274911473856 3184416
274911477760 3856176
274911477761 6939216
274911477762 1801224
274911477824 8017416
274911477825 4991040
274911477888 2807064
274911481856 1561608
274911481857 998208
274911481920 1206576
274911485952 201096
274928238592 -237924
274928238593 714408
274928238594 3732744
274928238595 2515968
274928238596 306144
274928238656 261216
274928238657 9221328
274928238658 12068256
274928238659 3175488
274928238660 110016
274928238720 4058856
274928238721 15382752
274928238722 8347248
274928238723 748800
274928238784 4966848
274928238785 7508832
274928238786 1509120
274928238848 1827600
274928238849 1017600
274928238912 164160
274928242688 -353172
274928242689 8156208
274928242690 11666856
274928242691 3156768
274928242692 110016
274928242752 7857768
274928242753 31580016
274928242754 17328672
274928242755 1535040
274928242816 16832040
274928242817 24759792
274928242818 4864608
274928242880 9172848
274928242881 4866720
274928242944 1279680
274928246784 3169548
274928246785 15123144
274928246786 8580024
274928246787 767520
274928246848 17330904
274928246849 25713360
274928246850 5033232
274928246912 15462360
274928246913 8060400
274928246976 3232416
274928250880 5435760
274928250881 8444400
274928250882 1677744
274928250944 10768848
274928250945 5627040
274928251008 3676032
274928254976 2636760
274928254977 1406760
274928255040 1948920
274928259072 389784
274945015808 60000
274945015809 2059860
274945015810 2082168
274945015811 339264
274945015872 2217660
274945015873 6657888
274945015874 2628720
274945015875 118944
274945015936 4010772
274945015937 4737960
274945015938 649440
274945016000 2081160
274945016001 920592
274945016064 306000
274945019904 1890372
274945019905 6484764
274945019906 2627568
274945019907 118944
274945019968 8313420
274945019969 9769680
274945019970 1301184
274945020032 6860664
274945020033 2866752
274945020096 1440432
274945024000 3967944
274945024001 4858596
274945024002 650592
274945024064 7144812
274945024065 2919240
274945024128 2347416
274945028096 2350476
274945028097 973080
274945028160 1627200
274945032192 406800
274961793024 409140
274961793025 897552
274961793026 217728
274961793088 1395216
274961793089 1150560
274961793090 76896
274961793152 1035432
274961793153 301824
274961793216 215568
274961797120 1361844
274961797121 1156608
274961797122 76896
274961797184 2131920
274961797185 591552
274961797248 658080
274961801216 1063116
274961801217 295776
274961801280 663768
274961805312 221256
274978570240 155736
274978570241 76320
274978570304 204912
274978570305 27936
274978570368 57024
274978574336 206928
274978574337 27936
274978574400 110016
274978578432 55008
274995347456 11232
274995347520 4320
274995351552 4320
275951648768 23040
275951648769 78768
275951648770 11184
275951648771 462624
275951648772 1149456
275951648773 677760
275951648774 70560
275951648832 43704
275951648833 3864
275951648834 2586792
275951648835 7090512
275951648836 5509008
275951648837 1154304
275951648838 40320
275951648896 40560
275951648897 2765280
275951648898 11774688
275951648899 12604512
275951648900 4018752
275951648901 300672
275951648960 653352
275951648961 6864720
275951648962 11664336
275951648963 5290560
275951648964 622656
275951649024 1183584
275951649025 4439424
275951649026 3056832
275951649027 501120
275951649088 504288
275951649089 670464
275951649090 156096
275951649152 31680
275951649153 12672
275951652864 102708
275951652865 -529608
275951652866 1166784
275951652867 5909544
275951652868 5297568
275951652869 1173024
275951652870 40320
275951652928 -494112
275951652929 3705504
275951652930 22844736
275951652931 26966496
275951652932 9116352
275951652933 669312
275951652992 1683024
275951652993 22677672
275951652994 41466048
275951652995 20432736
275951652996 2467584
275951653056 5992464
275951653057 23733120
275951653058 18165888
275951653059 3262464
275951653120 4218672
275951653121 6444576
275951653122 1724544
275951653184 664128
275951653185 324864
275951653248 12672
275951656960 -478728
275951656961 336336
275951656962 9667128
275951656963 13082664
275951656964 4698864
275951656965 348480
275951657024 656952
275951657025 21936336
275951657026 44214528
275951657027 23299200
275951657028 2881152
275951657088 9893952
275951657089 41858856
275951657090 34781040
275951657091 6659136
275951657152 11212800
275951657153 19054944
275951657154 5730624
275951657216 3166992
275951657217 1835136
275951657280 162432
275951661056 -283764
275951661057 6097104
275951661058 14355528
275951661059 8056224
275951661060 1022400
275951661120 6253680
275951661121 29680512
275951661122 26399520
275951661123 5291712
275951661184 13143768
275951661185 24184800
275951661186 7900992
275951661248 6212160
275951661249 4099392
275951661312 611712
275951665152 1251624
275951665153 7213704
275951665154 6859296
275951665155 1425600
275951665216 6957096
275951665217 13732992
275951665218 4754448
275951665280 5890968
275951665281 4260960
275951665344 1024848
275951669248 1344468
275951669249 2852424
275951669250 1031040
275951669312 2668032
275951669313 2058912
275951669376 852192
275951673344 460764
275951673345 372960
275951673408 343152
275951677440 53280
275968425984 95808
275968425985 -791016
275968425986 1574688
275968425987 6567672
275968425988 4778736
275968425989 797760
275968425990 17280
275968426048 -791016
275968426049 4021080
275968426050 25844952
275968426051 26554608
275968426052 7333632
275968426053 403200
275968426112 1574688
275968426113 25844952
275968426114 43911936
275968426115 18528192
275968426116 1797696
275968426176 6567672
275968426177 26554608
275968426178 18528192
275968426179 2805120
275968426240 4778736
275968426241 7333632
275968426242 1797696
275968426304 797760
275968426305 403200
275968426368 17280
275968430080 -1418304
275968430081 196320
275968430082 22206792
275968430083 26085888
275968430084 7620192
275968430085 420480
275968430144 196320
275968430145 50636544
275968430146 94870128
275968430147 42467616
275968430148 4179456
275968430208 22206792
275968430209 94870128
275968430210 70342560
275968430211 11180736
275968430272 26085888
275968430273 42467616
275968430274 11180736
275968430336 7620192
275968430337 4179456
275968430400 420480
275968434176 -2028528
275968434177 20904936
275968434178 46657080
275968434179 22232736
275968434180 2240640
275968434240 20904936
275968434241 102063696
275968434242 80389152
275968434243 13290048
275968434304 46657080
275968434305 80389152
275968434306 22538880
275968434368 22232736
275968434369 13290048
275968434432 2240640
275968438272 5226240
275968438273 33209688
275968438274 28089360
275968438275 4815360
275968438336 33209688
275968438337 61087968
275968438338 18020160
275968438400 28089360
275968438401 18020160
275968438464 4815360
275968442368 7983360
275968442369 15959520
275968442370 4924080
275968442432 15959520
275968442433 10850400
275968442496 4924080
275968446464 3317400
275968446465 2373840
275968446528 2373840
275968450560 432000
275985203200 -887916
275985203201 791736
275985203202 12203784
275985203203 11449944
275985203204 2486016
275985203205 77760
275985203264 123888
275985203265 28225896
275985203266 45641016
275985203267 16567488
275985203268 1179648
275985203328 12077808
275985203329 49024008
275985203330 31464720
275985203331 3974112
275985203392 13913448
275985203393 21529728
275985203394 4914432
275985203456 4202352
275985203457 2253024
275985203520 259200
275985207296 -2456940
275985207297 23953488
275985207298 45528552
275985207299 17488224
275985207300 1264320
275985207360 23095032
275985207361 106748592
275985207362 71972064
275985207363 9343872
275985207424 50546760
275985207425 80342496
275985207426 18982944
275985207488 24216192
275985207489 13295808
275985207552 2598048
275985211392 8467572
275985211393 52659000
275985211394 38056824
275985211395 5107680
275985211456 54660792
275985211457 91659168
275985211458 22496832
275985211520 45645048
275985211521 26045136
275985211584 7943184
275985215488 17539512
275985215489 32154264
275985215490 8244000
275985215552 34671528
275985215553 20684592
275985215616 10532160
275985219584 9040320
275985219585 5680440
275985219648 6294600
275985223680 1377720
276001980416 -476208
276001980417 8943096
276001980418 12940440
276001980419 3673728
276001980420 146880
276001980480 8706816
276001980481 33562800
276001980482 18194112
276001980483 1678464
276001980544 16948920
276001980545 23603040
276001980546 4441824
276001980608 7994592
276001980609 3943872
276001980672 924192
276001984512 6796848
276001984513 33723888
276001984514 19415088
276001984515 1837440
276001984576 37165488
276001984577 53652960
276001984578 10322784
276001984640 29668032
276001984641 14620608
276001984704 5284800
276001988608 18125760
276001988609 28485648
276001988610 5698800
276001988672 33812784
276001988673 17079264
276001988736 10087632
276001992704 11828808
276001992705 6271920
276001992768 7920864
276001996800 2169360
276018757632 2093700
276018757633 7049400
276018757634 2940912
276018757635 151200
276018757696 8687232
276018757697 9910512
276018757698 1331136
276018757760 6416424
276018757761 2538576
276018757824 1165248
276018761728 8697996
276018761729 10633392
276018761730 1474560
276018761792 14524560
276018761793 5760576
276018761856 4188816
276018765824 7698636
276018765825 3181320
276018765888 4816368
276018769920 1760400
276035534848 1457928
276035534849 1239264
276035534850 90720
276035534912 2104560
276035534913 571392
276035534976 573840
276035538944 2259360
276035538945 633600
276035539008 1271520
276035543040 698040
276052312064 213264
276052312065 30240
276052312128 101952
276052316160 112320
276069089280 4320
277025390592 24648
277025390593 -412452
277025390594 598644
277025390595 3230472
277025390596 2843184
277025390597 658080
277025390598 25920
277025390656 -293316
277025390657 2412024
277025390658 13028448
277025390659 14406720
277025390660 4885200
277025390661 398016
277025390720 1211472
277025390721 12522240
277025390722 20558592
277025390723 9591264
277025390724 1201248
277025390784 3120120
277025390785 10598256
277025390786 7246512
277025390787 1230336
277025390848 1638432
277025390849 2102688
277025390850 485856
277025390912 151200
277025390913 57024
277025394688 -671532
277025394689 81900
277025394690 10857192
277025394691 14492136
277025394692 5318352
277025394693 432576
277025394752 976404
277025394753 25362384
277025394754 47676144
277025394755 24325344
277025394756 3123072
277025394816 11120400
277025394817 41945400
277025394818 32136048
277025394819 5982336
277025394880 10145952
277025394881 15179616
277025394882 4127040
277025394944 2082816
277025394945 1011456
277025395008 57024
277025398784 -753336
277025398785 10329132
277025398786 24326376
277025398787 13571640
277025398788 1791936
277025398848 10910700
277025398849 48550536
277025398850 40904064
277025398851 8080416
277025398912 19996272
277025398913 33477624
277025398914 10196064
277025398976 7480800
277025398977 4345056
277025399040 505728
277025402880 2749836
277025402881 16503768
277025402882 15374520
277025402883 3184416
277025402944 15305880
277025402945 28390752
277025402946 9348192
277025403008 10955448
277025403009 7204896
277025403072 1448352
277025406976 3856176
277025406977 8017416
277025406978 2807064
277025407040 6939216
277025407041 4991040
277025407104 1801224
277025411072 1561608
277025411073 1206576
277025411136 998208
277025415168 201096
277042167808 -887916
277042167809 123888
277042167810 12077808
277042167811 13913448
277042167812 4202352
277042167813 259200
277042167872 791736
277042167873 28225896
277042167874 49024008
277042167875 21529728
277042167876 2253024
277042167936 12203784
277042167937 45641016
277042167938 31464720
277042167939 4914432
277042168000 11449944
277042168001 16567488
277042168002 3974112
277042168064 2486016
277042168065 1179648
277042168128 77760
277042171904 -2456940
277042171905 23095032
277042171906 50546760
277042171907 24216192
277042171908 2598048
277042171968 23953488
277042171969 106748592
277042171970 80342496
277042171971 13295808
277042172032 45528552
277042172033 71972064
277042172034 18982944
277042172096 17488224
277042172097 9343872
277042172160 1264320
277042176000 8467572
277042176001 54660792
277042176002 45645048
277042176003 7943184
277042176064 52659000
277042176065 91659168
277042176066 26045136
277042176128 38056824
277042176129 22496832
277042176192 5107680
277042180096 17539512
277042180097 34671528
277042180098 10532160
277042180160 32154264
277042180161 20684592
277042180224 8244000
277042184192 9040320
277042184193 6294600
277042184256 5680440
277042188288 1377720
277058945024 -1210128
277058945025 13096056
277058945026 23916528
277058945027 9366264
277058945028 748224
277058945088 13096056
277058945089 53859384
277058945090 34923528
277058945091 4648752
277058945152 23916528
277058945153 34923528
277058945154 7804512
277058945216 9366264
277058945217 4648752
277058945280 748224
277058949120 9443304
277058949121 56045208
277058949122 40036248
277058949123 5588496
277058949184 56045208
277058949185 88706016
277058949186 21187872
277058949248 40036248
277058949249 21187872
277058949312 5588496
277058953216 28171824
277058953217 50692464
277058953218 12949416
277058953280 50692464
277058953281 28799856
277058953344 12949416
277058957312 19052136
277058957313 11738376
277058957376 11738376
277058961408 3561120
277075722240 3866328
277075722241 17466024
277075722242 10017576
277075722243 1026432
277075722304 18525840
277075722305 25169328
277075722306 4778064
277075722368 12689784
277075722369 5803776
277075722432 1856592
277075726336 19099872
277075726337 29058912
277075726338 5881392
277075726400 31950576
277075726401 15394464
277075726464 8078400
277075730432 18158760
277075730433 9448272
277075730496 10740096
277075734528 4345272
277092499456 4479684
277092499457 5286240
277092499458 766368
277092499520 6658992
277092499521 2521728
277092499584 1642464
277092503552 7666704
277092503553 3114288
277092503616 4217328
277092507648 2562624
277109276672 1090656
277109276673 305856
277109276736 537408
277109280768 655920
277126053888 50976
278099132416 -237924
278099132417 261216
278099132418 4058856
278099132419 4966848
278099132420 1827600
278099132421 164160
278099132480 714408
278099132481 9221328
278099132482 15382752
278099132483 7508832
278099132484 1017600
278099132544 3732744
278099132545 12068256
278099132546 8347248
278099132547 1509120
278099132608 2515968
278099132609 3175488
278099132610 748800
278099132672 306144
278099132673 110016
278099136512 -353172
278099136513 7857768
278099136514 16832040
278099136515 9172848
278099136516 1279680
278099136576 8156208
278099136577 31580016
278099136578 24759792
278099136579 4866720
278099136640 11666856
278099136641 17328672
278099136642 4864608
278099136704 3156768
278099136705 1535040
278099136768 110016
278099140608 3169548
278099140609 17330904
278099140610 15462360
278099140611 3232416
278099140672 15123144
278099140673 25713360
278099140674 8060400
278099140736 8580024
278099140737 5033232
278099140800 767520
278099144704 5435760
278099144705 10768848
278099144706 3676032
278099144768 8444400
278099144769 5627040
278099144832 1677744
278099148800 2636760
278099148801 1948920
278099148864 1406760
278099152896 389784
278115909632 -476208
278115909633 8706816
278115909634 16948920
278115909635 7994592
278115909636 924192
278115909696 8943096
278115909697 33562800
278115909698 23603040
278115909699 3943872
278115909760 12940440
278115909761 18194112
278115909762 4441824
278115909824 3673728
278115909825 1678464
278115909888 146880
278115913728 6796848
278115913729 37165488
278115913730 29668032
278115913731 5284800
278115913792 33723888
278115913793 53652960
278115913794 14620608
278115913856 19415088
278115913857 10322784
278115913920 1837440
278115917824 18125760
278115917825 33812784
278115917826 10087632
278115917888 28485648
278115917889 17079264
278115917952 5698800
278115921920 11828808
278115921921 7920864
278115921984 6271920
278115926016 2169360
278132686848 3866328
278132686849 18525840
278132686850 12689784
278132686851 1856592
278132686912 17466024
278132686913 25169328
278132686914 5803776
278132686976 10017576
278132686977 4778064
278132687040 1026432
278132690944 19099872
278132690945 31950576
278132690946 8078400
278132691008 29058912
278132691009 15394464
278132691072 5881392
278132695040 18158760
278132695041 10740096
278132695104 9448272
278132699136 4345272
278149464064 6322152
278149464065 8892240
278149464066 1813104
278149464128 8892240
278149464129 3984000
278149464192 1813104
278149468160 11218080
278149468161 5588160
278149468224 5588160
278149472256 3847440
278166241280 2292336
278166241281 895680
278166241344 1059840
278166245376 1460880
278183018496 179136
279172874240 60000
279172874241 2217660
279172874242 4010772
279172874243 2081160
279172874244 306000
279172874304 2059860
279172874305 6657888
279172874306 4737960
279172874307 920592
279172874368 2082168
279172874369 2628720
279172874370 649440
279172874432 339264
279172874433 118944
279172878336 1890372
279172878337 8313420
279172878338 6860664
279172878339 1440432
279172878400 6484764
279172878401 9769680
279172878402 2866752
279172878464 2627568
279172878465 1301184
279172878528 118944
279172882432 3967944
279172882433 7144812
279172882434 2347416
279172882496 4858596
279172882497 2919240
279172882560 650592
279172886528 2350476
279172886529 1627200
279172886592 973080
279172890624 406800
279189651456 2093700
279189651457 8687232
279189651458 6416424
279189651459 1165248
279189651520 7049400
279189651521 9910512
279189651522 2538576
279189651584 2940912
279189651585 1331136
279189651648 151200
279189655552 8697996
279189655553 14524560
279189655554 4188816
279189655616 10633392
279189655617 5760576
279189655680 1474560
279189659648 7698636
279189659649 4816368
279189659712 3181320
279189663744 1760400
279206428672 4479684
279206428673 6658992
279206428674 1642464
279206428736 5286240
279206428737 2521728
279206428800 766368
279206432768 7666704
279206432769 4217328
279206432832 3114288
279206436864 2562624
279223205888 2292336
279223205889 1059840
279223205952 895680
279223209984 1460880
279239983104 264960
280246616064 409140
280246616065 1395216
280246616066 1035432
280246616067 215568
280246616128 897552
280246616129 1150560
280246616130 301824
280246616192 217728
280246616193 76896
280246620160 1361844
280246620161 2131920
280246620162 658080
280246620224 1156608
280246620225 591552
280246620288 76896
280246624256 1063116
280246624257 663768
280246624320 295776
280246628352 221256
280263393280 1457928
280263393281 2104560
280263393282 573840
280263393344 1239264
280263393345 571392
280263393408 90720
280263397376 2259360
280263397377 1271520
280263397440 633600
280263401472 698040
280280170496 1090656
280280170497 537408
280280170560 305856
280280174592 655920
280296947712 179136
281320357888 155736
281320357889 204912
281320357890 57024
281320357952 76320
281320357953 27936
281320361984 206928
281320361985 110016
281320362048 27936
281320366080 55008
281337135104 213264
281337135105 101952
281337135168 30240
281337139200 112320
281353912320 50976
282394099712 11232
282394099713 4320
282394103808 4320
282410876928 4320
343597383680 720
343597383681 20172
343597383682 27072
343597383683 99336
343597383684 213024
343597383685 131664
343597383686 14112
343597383744 20172
343597383745 43656
343597383746 468216
343597383747 1286496
343597383748 1083840
343597383749 235872
343597383750 8064
343597383808 27072
343597383809 468216
343597383810 2172144
343597383811 2619360
343597383812 891072
343597383813 65664
343597383872 99336
343597383873 1286496
343597383874 2619360
343597383875 1325664
343597383876 158976
343597383936 213024
343597383937 1083840
343597383938 891072
343597383939 158976
343597384000 131664
343597384001 235872
343597384002 65664
343597384064 14112
343597384065 8064
343597387776 25416
343597387777 -41448
343597387778 251016
343597387779 1073736
343597387780 1008240
343597387781 231840
343597387782 8064
343597387840 -41448
343597387841 647040
343597387842 4114248
343597387843 5287248
343597387844 1887840
343597387845 139392
343597387904 251016
343597387905 4114248
343597387906 8603616
343597387907 4611168
343597387908 567936
343597387968 1073736
343597387969 5287248
343597387970 4611168
343597387971 875520
343597388032 1008240
343597388033 1887840
343597388034 567936
343597388096 231840
343597388097 139392
343597388160 8064
343597391872 -56976
343597391873 100260
343597391874 1743552
343597391875 2461464
343597391876 921168
343597391877 69696
343597391936 100260
343597391937 3910824
343597391938 8630856
343597391939 4843008
343597391940 613440
343597392000 1743552
343597392001 8630856
343597392002 7895376
343597392003 1578240
343597392064 2461464
343597392065 4843008
343597392066 1578240
343597392128 921168
343597392129 613440
343597392192 69696
343597395968 -37200
343597395969 1095864
343597395970 2683896
343597395971 1570176
343597395972 204480
343597396032 1095864
343597396033 5766048
343597396034 5488416
343597396035 1140480
343597396096 2683896
343597396097 5488416
343597396098 1900800
343597396160 1570176
343597396161 1140480
343597396224 204480
343597400064 224184
343597400065 1344276
343597400066 1331784
343597400067 285120
343597400128 1344276
343597400129 2850840
343597400130 1031040
343597400192 1331784
343597400193 1031040
343597400256 285120
343597404160 250128
343597404161 552600
343597404162 206208
343597404224 552600
343597404225 447552
343597404288 206208
343597408256 89172
343597408257 74592
343597408320 74592
343597412352 10656
343614160896 31764
343614160897 -86712
343614160898 311040
343614160899 1198488
343614160900 912576
343614160901 157824
343614160902 3456
343614160960 -89928
343614160961 681648
343614160962 4708752
343614160963 5229888
343614160964 1522080
343614160965 84096
343614161024 203520
343614161025 4735704
343614161026 9152832
343614161027 4209984
343614161028 419904
343614161088 1159488
343614161089 5908896
343614161090 4728384
343614161091 772416
343614161152 1113168
343614161153 2132640
343614161154 601344
343614161216 267552
343614161217 171648
343614161280 10368
343614164992 -173472
343614164993 105504
343614164994 4019256
343614164995 4918272
343614164996 1493856
343614164997 84096
343614165056 -34992
343614165057 9066000
343614165058 18567360
343614165059 8852544
343614165060 896256
343614165120 3868296
343614165121 19566528
343614165122 16048224
343614165123 2698560
343614165184 5657184
343614165185 10804032
343614165186 3148416
343614165248 2184192
343614165249 1413504
343614165312 178560
343614169088 -312108
343614169089 3764592
343614169090 8736984
343614169091 4330944
343614169092 448128
343614169152 3624048
343614169153 19832400
343614169154 16746192
343614169155 2889216
343614169216 9463320
343614169217 18280512
343614169218 5513472
343614169280 5593392
343614169281 3761856
343614169344 753984
343614173184 936000
343614173185 6195648
343614173186 5450256
343614173187 963072
343614173248 6392448
343614173249 12688704
343614173250 3939264
343614173312 6339024
343614173313 4419072
343614173376 1355904
343614177280 1485684
343614177281 3090024
343614177282 984816
343614177344 3301344
343614177345 2373840
343614177408 1202976
343614181376 641664
343614181377 474768
343614181440 518400
343614185472 86400
343630938112 -117996
343630938113 156204
343630938114 2220768
343630938115 2170296
343630938116 488736
343630938117 15552
343630938176 -29100
343630938177 5131344
343630938178 8990640
343630938179 3462912
343630938180 252864
343630938240 2133144
343630938241 10185144
343630938242 7208784
343630938243 969120
343630938304 3019536
343630938305 5471712
343630938306 1393056
343630938368 1185264
343630938369 750528
343630938432 105408
343630942208 -395712
343630942209 4326840
343630942210 8555832
343630942211 3410496
343630942212 252864
343630942272 4022376
343630942273 20838672
343630942274 15031440
343630942275 2043072
343630942336 10270200
343630942337 18310464
343630942338 4690656
343630942400 6059952
343630942401 3773952
343630942464 859968
343630946304 1517148
343630946305 9848664
343630946306 7387848
343630946307 1021536
343630946368 10530216
343630946369 19066608
343630946370 4946400
343630946432 10289016
343630946433 6431328
343630946496 2234016
343630950400 3268608
343630950401 6227136
343630950402 1648800
343630950464 7168464
343630950465 4544352
343630950528 2581632
343630954496 1748664
343630954497 1136088
343630954560 1377720
343630958592 275544
343647715328 -81060
343647715329 1625304
343647715330 2445960
343647715331 718848
343647715332 29376
343647715392 1555224
343647715393 6608544
343647715394 3811968
343647715395 367488
343647715456 3485496
343647715457 5394240
343647715458 1103328
343647715520 1995840
343647715521 1109952
343647715584 297216
343647719424 1221120
343647719425 6334872
343647719426 3775536
343647719427 367488
343647719488 7213176
343647719489 11191392
343647719490 2279520
343647719552 6698016
343647719553 3618720
343647719616 1471968
343647723520 3388680
343647723521 5523480
343647723522 1139760
343647723584 7002072
343647723585 3763152
343647723648 2471472
343647727616 2290104
343647727617 1254384
343647727680 1735488
343647731712 433872
343664492544 379092
343664492545 1332516
343664492546 573840
343664492547 30240
343664492608 1706820
343664492609 2074608
343664492610 294912
343664492672 1453608
343664492673 628128
343664492736 319536
343664496640 1634640
343664496641 2066472
343664496642 294912
343664496704 3019032
343664496705 1272528
343664496768 1023696
343664500736 1493244
343664500737 636264
343664500800 1056240
343664504832 352080
343681269760 275940
343681269761 241632
343681269762 18144
343681269824 439344
343681269825 126720
343681269888 139680
343681273856 439416
343681273857 126720
343681273920 279216
343681277952 139608
343698046976 41616
343698046977 6048
343698047040 22464
343698051072 22464
343714824192 864
344671125504 31764
344671125505 -89928
344671125506 203520
344671125507 1159488
344671125508 1113168
344671125509 267552
344671125510 10368
344671125568 -86712
344671125569 681648
344671125570 4735704
344671125571 5908896
344671125572 2132640
344671125573 171648
344671125632 311040
344671125633 4708752
344671125634 9152832
344671125635 4728384
344671125636 601344
344671125696 1198488
344671125697 5229888
344671125698 4209984
344671125699 772416
344671125760 912576
344671125761 1522080
344671125762 419904
344671125824 157824
344671125825 84096
344671125888 3456
344671129600 -173472
344671129601 -34992
344671129602 3868296
344671129603 5657184
344671129604 2184192
344671129605 178560
344671129664 105504
344671129665 9066000
344671129666 19566528
344671129667 10804032
344671129668 1413504
344671129728 4019256
344671129729 18567360
344671129730 16048224
344671129731 3148416
344671129792 4918272
344671129793 8852544
344671129794 2698560
344671129856 1493856
344671129857 896256
344671129920 84096
344671133696 -312108
344671133697 3624048
344671133698 9463320
344671133699 5593392
344671133700 753984
344671133760 3764592
344671133761 19832400
344671133762 18280512
344671133763 3761856
344671133824 8736984
344671133825 16746192
344671133826 5513472
344671133888 4330944
344671133889 2889216
344671133952 448128
344671137792 936000
344671137793 6392448
344671137794 6339024
344671137795 1355904
344671137856 6195648
344671137857 12688704
344671137858 4419072
344671137920 5450256
344671137921 3939264
344671137984 963072
344671141888 1485684
344671141889 3301344
344671141890 1202976
344671141952 3090024
344671141953 2373840
344671142016 984816
344671145984 641664
344671145985 518400
344671146048 474768
344671150080 86400
344687902720 -245040
344687902721 -53784
344687902722 4370712
344687902723 5473056
344687902724 1733184
344687902725 107136
344687902784 -53784
344687902785 10196928
344687902786 20253552
344687902787 9623808
344687902788 1028160
344687902848 4370712
344687902849 20253552
344687902850 15819552
344687902851 2640960
344687902912 5473056
344687902913 9623808
344687902914 2640960
344687902976 1733184
344687902977 1028160
344687903040 107136
344687906816 -1016880
344687906817 8135616
344687906818 19769328
344687906819 10029024
344687906820 1099584
344687906880 8135616
344687906881 43721472
344687906882 36115488
344687906883 6276096
344687906944 19769328
344687906945 36115488
344687906946 10465920
344687907008 10029024
344687907009 6276096
344687907072 1099584
344687910912 2809152
344687910913 21221352
344687910914 18900576
344687910915 3408480
344687910976 21221352
344687910977 41109408
344687910978 12481056
344687911040 18900576
344687911041 12481056
344687911104 3408480
344687915008 6741072
344687915009 14318784
344687915010 4548096
344687915072 14318784
344687915073 9945792
344687915136 4548096
344687919104 3719016
344687919105 2721600
344687919168 2721600
344687923200 594720
344704679936 -528276
344704679937 4715544
344704679938 9432648
344704679939 3893328
344704679940 316224
344704680000 4527384
344704680001 22260720
344704680002 15790896
344704680003 2213280
344704680064 10429320
344704680065 17576640
344704680066 4360608
344704680128 5313024
344704680129 3101760
344704680192 623520
344704684032 3153696
344704684033 21901608
344704684034 16651008
344704684035 2409696
344704684096 22675848
344704684097 39964032
344704684098 10264320
344704684160 19864656
344704684161 11848608
344704684224 3688992
344704688128 10850832
344704688129 21011904
344704688130 5626800
344704688192 22606416
344704688193 13964256
344704688256 7162848
344704692224 7852248
344704692225 5102784
344704692288 5651280
344704696320 1543248
344721457152 1350600
344721457153 6895344
344721457154 4182768
344721457155 442368
344721457216 7599696
344721457217 11403360
344721457218 2335968
344721457280 6306624
344721457281 3257280
344721457344 1200384
344721461248 7422912
344721461249 12099024
344721461250 2567520
344721461312 14310864
344721461313 7517664
344721461376 4461984
344721465344 7510104
344721465345 4126608
344721465408 5189760
344721469440 1889424
344738234368 1765452
344738234369 2210976
344738234370 335232
344738234432 3002112
344738234433 1241568
344738234496 903888
344738238464 3187224
344738238465 1366128
344738238528 2045952
344738242560 1118016
344755011584 455904
344755011585 134784
344755011648 262368
344755015680 287280
344771788800 22464
345744867328 -117996
345744867329 -29100
345744867330 2133144
345744867331 3019536
345744867332 1185264
345744867333 105408
345744867392 156204
345744867393 5131344
345744867394 10185144
345744867395 5471712
345744867396 750528
345744867456 2220768
345744867457 8990640
345744867458 7208784
345744867459 1393056
345744867520 2170296
345744867521 3462912
345744867522 969120
345744867584 488736
345744867585 252864
345744867648 15552
345744871424 -395712
345744871425 4022376
345744871426 10270200
345744871427 6059952
345744871428 859968
345744871488 4326840
345744871489 20838672
345744871490 18310464
345744871491 3773952
345744871552 8555832
345744871553 15031440
345744871554 4690656
345744871616 3410496
345744871617 2043072
345744871680 252864
345744875520 1517148
345744875521 10530216
345744875522 10289016
345744875523 2234016
345744875584 9848664
345744875585 19066608
345744875586 6431328
345744875648 7387848
345744875649 4946400
345744875712 1021536
345744879616 3268608
345744879617 7168464
345744879618 2581632
345744879680 6227136
345744879681 4544352
345744879744 1648800
345744883712 1748664
345744883713 1377720
345744883776 1136088
345744887808 275544
345761644544 -528276
345761644545 4527384
345761644546 10429320
345761644547 5313024
345761644548 623520
345761644608 4715544
345761644609 22260720
345761644610 17576640
345761644611 3101760
345761644672 9432648
345761644673 15790896
345761644674 4360608
345761644736 3893328
345761644737 2213280
345761644800 316224
345761648640 3153696
345761648641 22675848
345761648642 19864656
345761648643 3688992
345761648704 21901608
345761648705 39964032
345761648706 11848608
345761648768 16651008
345761648769 10264320
345761648832 2409696
345761652736 10850832
345761652737 22606416
345761652738 7162848
345761652800 21011904
345761652801 13964256
345761652864 5626800
345761656832 7852248
345761656833 5651280
345761656896 5102784
345761660928 1543248
345778421760 1865688
345778421761 11438664
345778421762 8550792
345778421763 1301904
345778421824 11438664
345778421825 18855648
345778421826 4769280
345778421888 8550792
345778421889 4769280
345778421952 1301904
345778425856 11506368
345778425857 21488544
345778425858 5789232
345778425920 21488544
345778425921 12716640
345778425984 5789232
345778429952 12090600
345778429953 7727112
345778430016 7727112
345778434048 3108384
345795198976 3878688
345795198977 6023664
345795198978 1308528
345795199040 6612480
345795199041 3326976
345795199104 1768896
345795203072 7517520
345795203073 4053312
345795203136 4591008
345795207168 2767608
345811976192 1549872
345811976193 655920
345811976256 876528
345811980288 1058112
345828753408 131184
346818609152 -81060
346818609153 1555224
346818609154 3485496
346818609155 1995840
346818609156 297216
346818609216 1625304
346818609217 6608544
346818609218 5394240
346818609219 1109952
346818609280 2445960
346818609281 3811968
346818609282 1103328
346818609344 718848
346818609345 367488
346818609408 29376
346818613248 1221120
346818613249 7213176
346818613250 6698016
346818613251 1471968
346818613312 6334872
346818613313 11191392
346818613314 3618720
346818613376 3775536
346818613377 2279520
346818613440 367488
346818617344 3388680
346818617345 7002072
346818617346 2471472
346818617408 5523480
346818617409 3763152
346818617472 1139760
346818621440 2290104
346818621441 1735488
346818621504 1254384
346818625536 433872
346835386368 1350600
346835386369 7599696
346835386370 6306624
346835386371 1200384
346835386432 6895344
346835386433 11403360
346835386434 3257280
346835386496 4182768
346835386497 2335968
346835386560 442368
346835390464 7422912
346835390465 14310864
346835390466 4461984
346835390528 12099024
346835390529 7517664
346835390592 2567520
346835394560 7510104
346835394561 5189760
346835394624 4126608
346835398656 1889424
346852163584 3878688
346852163585 6612480
346852163586 1768896
346852163648 6023664
346852163649 3326976
346852163712 1308528
346852167680 7517520
346852167681 4591008
346852167744 4053312
346852171776 2767608
346868940800 2269152
346868940801 1168704
346868940864 1168704
346868944896 1590048
346885718016 292176
347892350976 379092
347892350977 1706820
347892350978 1453608
347892350979 319536
347892351040 1332516
347892351041 2074608
347892351042 628128
347892351104 573840
347892351105 294912
347892351168 30240
347892355072 1634640
347892355073 3019032
347892355074 1023696
347892355136 2066472
347892355137 1272528
347892355200 294912
347892359168 1493244
347892359169 1056240
347892359232 636264
347892363264 352080
347909128192 1765452
347909128193 3002112
347909128194 903888
347909128256 2210976
347909128257 1241568
347909128320 335232
347909132288 3187224
347909132289 2045952
347909132352 1366128
347909136384 1118016
347925905408 1549872
347925905409 876528
347925905472 655920
347925909504 1058112
347942682624 292176
348966092800 275940
348966092801 439344
348966092802 139680
348966092864 241632
348966092865 126720
348966092928 18144
348966096896 439416
348966096897 279216
348966096960 126720
348966100992 139608
348982870016 455904
348982870017 262368
348982870080 134784
348982874112 287280
348999647232 131184
350039834624 41616
350039834625 22464
350039834688 6048
350039838720 22464
350056611840 22464
351113576448 864
412316860416 5724
412316860417 -3828
412316860418 39048
412316860419 176712
412316860420 176352
412316860421 44016
412316860422 1728
412316860480 -3828
412316860481 100128
412316860482 708696
412316860483 957648
412316860484 365856
412316860485 29760
412316860544 39048
412316860545 708696
412316860546 1567632
412316860547 885120
412316860548 115968
412316860608 176712
412316860609 957648
412316860610 885120
412316860611 174720
412316860672 176352
412316860673 365856
412316860674 115968
412316860736 44016
412316860737 29760
412316860800 1728
412316864512 -14844
412316864513 10848
412316864514 582576
412316864515 884760
412316864516 356160
412316864517 29760
412316864576 10848
412316864577 1338672
412316864578 3161208
412316864579 1864752
412316864580 251328
412316864640 582576
412316864641 3161208
412316864642 3026544
412316864643 626688
412316864704 884760
412316864705 1864752
412316864706 626688
412316864768 356160
412316864769 251328
412316864832 29760
412316868608 -37956
412316868609 542604
412316868610 1470576
412316868611 906744
412316868612 125664
412316868672 542604
412316868673 3189936
412316868674 3158952
412316868675 677952
412316868736 1470576
412316868737 3158952
412316868738 1115328
412316868800 906744
412316868801 677952
412316868864 125664
412316872704 139404
412316872705 990192
412316872706 1023768
412316872707 225984
412316872768 990192
412316872769 2190192
412316872770 801984
412316872832 1023768
412316872833 801984
412316872896 225984
412316876800 229716
412316876801 532044
412316876802 200496
412316876864 532044
412316876865 432000
412316876928 200496
412316880896 103308
412316880897 86400
412316880960 86400
412316884992 14400
412333637632 -22140
412333637633 5328
412333637634 660720
412333637635 858984
412333637636 282912
412333637637 17856
412333637696 -18336
412333637697 1516656
412333637698 3286176
412333637699 1664208
412333637700 183264
412333637760 629952
412333637761 3457656
412333637762 2989584
412333637763 530304
412333637824 976080
412333637825 2017968
412333637826 616032
412333637888 404352
412333637889 283968
412333637952 36288
412333641728 -131328
412333641729 1220592
412333641730 3080616
412333641731 1626432
412333641732 183264
412333641792 1162632
412333641793 7046208
412333641794 6248304
412333641795 1136160
412333641856 3313752
412333641857 6808224
412333641858 2132064
412333641920 2078928
412333641921 1472160
412333641984 302400
412333645824 418356
412333645825 3293976
412333645826 3053160
412333645827 568080
412333645888 3383688
412333645889 7095360
412333645890 2274048
412333645952 3534936
412333645953 2550480
412333646016 795648
412333649920 1043352
412333649921 2308080
412333649922 758016
412333649984 2460528
412333649985 1814400
412333650048 926016
412333654016 598836
412333654017 453600
412333654080 495600
412333658112 99120
412350414848 -71232
412350414849 709476
412350414850 1476144
412350414851 632520
412350414852 52704
412350414912 654492
412350414913 3611640
412350414914 2738880
412350414915 401616
412350414976 1758984
412350414977 3317976
412350414978 891648
412350415040 1094832
412350415041 721872
412350415104 166848
412350418944 469356
412350418945 3411048
412350418946 2692728
412350418947 401616
412350419008 3629256
412350419009 6908544
412350419010 1875600
412350419072 3710328
412350419073 2422800
412350419136 851664
412350423040 1683360
412350423041 3389976
412350423042 937800
412350423104 3884280
412350423105 2551392
412350423168 1454664
412350427136 1265232
412350427137 850464
412350427200 1028832
412350431232 257208
412367192064 201564
412367192065 1079160
412367192066 677832
412367192067 73728
412367192128 1228896
412367192129 1977504
412367192130 427920
412367192192 1180680
412367192193 665472
412367192256 273360
412367196160 1156224
412367196161 1955208
412367196162 427920
412367196224 2465160
412367196225 1375536
412367196288 903168
412367200256 1211808
412367200257 687768
412367200320 944712
412367204352 314904
412383969280 276576
412383969281 358116
412383969282 55872
412383969344 519372
412383969345 227688
412383969408 182328
412383973376 515364
412383973377 227688
412383973440 372672
412383977472 186336
412400746496 73908
412400746497 22464
412400746560 47880
412400750592 47880
412417523712 3744
413390602240 -22140
413390602241 -18336
413390602242 629952
413390602243 976080
413390602244 404352
413390602245 36288
413390602304 5328
413390602305 1516656
413390602306 3457656
413390602307 2017968
413390602308 283968
413390602368 660720
413390602369 3286176
413390602370 2989584
413390602371 616032
413390602432 858984
413390602433 1664208
413390602434 530304
413390602496 282912
413390602497 183264
413390602560 17856
413390606336 -131328
413390606337 1162632
413390606338 3313752
413390606339 2078928
413390606340 302400
413390606400 1220592
413390606401 7046208
413390606402 6808224
413390606403 1472160
413390606464 3080616
413390606465 6248304
413390606466 2132064
413390606528 1626432
413390606529 1136160
413390606592 183264
413390610432 418356
413390610433 3383688
413390610434 3534936
413390610435 795648
413390610496 3293976
413390610497 7095360
413390610498 2550480
413390610560 3053160
413390610561 2274048
413390610624 568080
413390614528 1043352
413390614529 2460528
413390614530 926016
413390614592 2308080
413390614593 1814400
413390614656 758016
413390618624 598836
413390618625 495600
413390618688 453600
413390622720 99120
413407379456 -180096
413407379457 1320384
413407379458 3385464
413407379459 1828992
413407379460 219744
413407379520 1320384
413407379521 7562736
413407379522 6560352
413407379523 1218720
413407379584 3385464
413407379585 6560352
413407379586 1997568
413407379648 1828992
413407379649 1218720
413407379712 219744
413407383552 849288
413407383553 7310520
413407383554 6846480
413407383555 1319808
413407383616 7310520
413407383617 14898048
413407383618 4733280
413407383680 6846480
413407383681 4733280
413407383744 1319808
413407387648 3457152
413407387649 7775616
413407387650 2581488
413407387712 7775616
413407387713 5602656
413407387776 2581488
413407391744 2689680
413407391745 2040528
413407391808 2040528
413407395840 556416
413424156672 514644
413424156673 3718200
413424156674 2958408
413424156675 466704
413424156736 3850128
413424156737 7057584
413424156738 1917360
413424156800 3509928
413424156801 2199312
413424156864 698064
413424160768 3683352
413424160769 7416432
413424160770 2094624
413424160832 7964544
413424160833 5123520
413424160896 2643840
413424164864 4148880
413424164865 2799720
413424164928 3093144
413424168960 1123080
413440933888 1256616
413440933889 2088432
413440933890 474768
413440933952 2463504
413440933953 1346976
413440934016 803376
413440937984 2590056
413440937985 1473696
413440938048 1840944
413440942080 1002288
413457711104 537060
413457711105 239400
413457711168 352704
413457715200 384384
413474488320 47880
414464344064 -71232
414464344065 654492
414464344066 1758984
414464344067 1094832
414464344068 166848
414464344128 709476
414464344129 3611640
414464344130 3317976
414464344131 721872
414464344192 1476144
414464344193 2738880
414464344194 891648
414464344256 632520
414464344257 401616
414464344320 52704
414464348160 469356
414464348161 3629256
414464348162 3710328
414464348163 851664
414464348224 3411048
414464348225 6908544
414464348226 2422800
414464348288 2692728
414464348289 1875600
414464348352 401616
414464352256 1683360
414464352257 3884280
414464352258 1454664
414464352320 3389976
414464352321 2551392
414464352384 937800
414464356352 1265232
414464356353 1028832
414464356416 850464
414464360448 257208
414481121280 514644
414481121281 3850128
414481121282 3509928
414481121283 698064
414481121344 3718200
414481121345 7057584
414481121346 2199312
414481121408 2958408
414481121409 1917360
414481121472 466704
414481125376 3683352
414481125377 7964544
414481125378 2643840
414481125440 7416432
414481125441 5123520
414481125504 2094624
414481129472 4148880
414481129473 3093144
414481129536 2799720
414481133568 1123080
414497898496 1948080
414497898497 3701808
414497898498 1054440
414497898560 3701808
414497898561 2279664
414497898624 1054440
414497902592 4167960
414497902593 2751768
414497902656 2751768
414497906688 1650144
414514675712 1267848
414514675713 705408
414514675776 795024
414514679808 952392
414531452928 176352
415538085888 201564
415538085889 1228896
415538085890 1180680
415538085891 273360
415538085952 1079160
415538085953 1977504
415538085954 665472
415538086016 677832
415538086017 427920
415538086080 73728
415538089984 1156224
415538089985 2465160
415538089986 903168
415538090048 1955208
415538090049 1375536
415538090112 427920
415538094080 1211808
415538094081 944712
415538094144 687768
415538098176 314904
415554863104 1256616
415554863105 2463504
415554863106 803376
415554863168 2088432
415554863169 1346976
415554863232 474768
415554867200 2590056
415554867201 1840944
415554867264 1473696
415554871296 1002288
415571640320 1267848
415571640321 795024
415571640384 705408
415571644416 952392
415588417536 265008
416611827712 276576
416611827713 519372
416611827714 182328
416611827776 358116
416611827777 227688
416611827840 55872
416611831808 515364
416611831809 372672
416611831872 227688
416611835904 186336
416628604928 537060
416628604929 352704
416628604992 239400
416628609024 384384
416645382144 176352
417685569536 73908
417685569537 47880
417685569600 22464
417685573632 47880
417702346752 47880
418759311360 3744
481036337152 -1140
481036337153 216
481036337154 81624
481036337155 130704
481036337156 56448
481036337157 5184
481036337216 216
481036337217 191424
481036337218 476352
481036337219 297120
481036337220 43200
481036337280 81624
481036337281 476352
481036337282 480336
481036337283 105024
481036337344 130704
481036337345 297120
481036337346 105024
481036337408 56448
481036337409 43200
481036337472 5184
481036341248 -13872
481036341249 149304
481036341250 440688
481036341251 288480
481036341252 43200
481036341312 149304
481036341313 966624
481036341314 1004736
481036341315 227328
481036341376 440688
481036341377 1004736
481036341378 369600
481036341440 288480
481036341441 227328
481036341504 43200
481036345344 53340
481036345345 448488
481036345346 488736
481036345347 113664
481036345408 448488
481036345409 1046448
481036345410 396864
481036345472 488736
481036345473 396864
481036345536 113664
481036349440 138000
481036349441 339504
481036349442 132288
481036349504 339504
481036349505 283200
481036349568 132288
481036353536 82548
481036353537 70800
481036353600 70800
481036357632 14160
481053114368 -19968
481053114369 169728
481053114370 451824
481053114371 254064
481053114372 31392
481053114432 160896
481053114433 1041840
481053114434 969408
481053114435 188544
481053114496 484368
481053114497 1053696
481053114498 346752
481053114560 321072
481053114561 241440
481053114624 50304
481053118464 108072
481053118465 971736
481053118466 947376
481053118467 188544
481053118528 995640
481053118529 2197536
481053118530 737568
481053118592 1091136
481053118593 824448
481053118656 260352
481053122560 458064
481053122561 1073736
481053122562 368784
481053122624 1141848
481053122625 874512
481053122688 448128
481053126656 371016
481053126657 291504
481053126720 317952
481053130752 79488
481069891584 65316
481069891585 496200
481069891586 409968
481069891587 66672
481069891648 528048
481069891649 1043280
481069891650 299232
481069891712 559248
481069891713 382176
481069891776 135696
481069895680 489576
481069895681 1025496
481069895682 299232
481069895744 1170696
481069895745 799920
481069895808 456576
481069899776 572976
481069899777 399960
481069899840 481320
481069903872 160440
481086668800 167808
481086668801 289296
481086668802 67824
481086668864 363360
481086668865 210528
481086668928 138144
481086672896 358320
481086672897 210528
481086672960 286368
481086676992 143184
481103446016 74460
481103446017 34200
481103446080 54912
481103450112 54912
481120223232 6840
482110078976 -19968
482110078977 160896
482110078978 484368
482110078979 321072
482110078980 50304
482110079040 169728
482110079041 1041840
482110079042 1053696
482110079043 241440
482110079104 451824
482110079105 969408
482110079106 346752
482110079168 254064
482110079169 188544
482110079232 31392
482110083072 108072
482110083073 995640
482110083074 1091136
482110083075 260352
482110083136 971736
482110083137 2197536
482110083138 824448
482110083200 947376
482110083201 737568
482110083264 188544
482110087168 458064
482110087169 1141848
482110087170 448128
482110087232 1073736
482110087233 874512
482110087296 368784
482110091264 371016
482110091265 317952
482110091328 291504
482110095360 79488
482126856192 117192
482126856193 1061688
482126856194 1035072
482126856195 213888
482126856256 1061688
482126856257 2248512
482126856258 751104
482126856320 1035072
482126856321 751104
482126856384 213888
482126860288 1002624
482126860289 2345856
482126860290 816768
482126860352 2345856
482126860353 1758336
482126860416 816768
482126864384 1216800
482126864385 957888
482126864448 957888
482126868480 347328
482143633408 534624
482143633409 1094328
482143633410 326592
482143633472 1174008
482143633473 784080
482143633536 407808
482143637504 1225344
482143637505 854208
482143637568 940800
482143641600 510912
482160410624 374568
482160410625 219648
482160410688 272112
482160414720 295488
482177187840 54912
483183820800 65316
483183820801 528048
483183820802 559248
483183820803 135696
483183820864 496200
483183820865 1043280
483183820866 382176
483183820928 409968
483183820929 299232
483183820992 66672
483183824896 489576
483183824897 1170696
483183824898 456576
483183824960 1025496
483183824961 799920
483183825024 299232
483183828992 572976
483183828993 481320
483183829056 399960
483183833088 160440
483200598016 534624
483200598017 1174008
483200598018 407808
483200598080 1094328
483200598081 784080
483200598144 326592
483200602112 1225344
483200602113 940800
483200602176 854208
483200606208 510912
483217375232 602952
483217375233 408168
483217375296 408168
483217379328 486528
483234152448 136056
484257562624 167808
484257562625 363360
484257562626 138144
484257562688 289296
484257562689 210528
484257562752 67824
484257566720 358320
484257566721 286368
484257566784 210528
484257570816 143184
484274339840 374568
484274339841 272112
484274339904 219648
484274343936 295488
484291117056 136056
485331304448 74460
485331304449 54912
485331304512 34200
485331308544 54912
485348081664 54912
486405046272 6840
549755813888 -1848
549755813889 18072
549755813890 56316
549755813891 38952
549755813892 6288
549755813952 18072
549755813953 124728
549755813954 135600
549755813955 32544
549755814016 56316
549755814017 135600
549755814018 52320
549755814080 38952
549755814081 32544
549755814144 6288
549755817984 12024
549755817985 115356
549755817986 131904
549755817987 32544
549755818048 115356
549755818049 282744
549755818050 112032
549755818112 131904
549755818113 112032
549755818176 32544
549755822080 52944
549755822081 137772
549755822082 56016
549755822144 137772
549755822145 119232
549755822208 56016
549755826176 44724
549755826177 39744
549755826240 39744
549755830272 9936
549772591104 12960
549772591105 123432
549772591106 125280
549772591107 26736
549772591168 126480
549772591169 289560
549772591170 102096
549772591232 143664
549772591233 113568
549772591296 36288
549772595200 116172
549772595201 283392
549772595202 102096
549772595264 300816
549772595265 239472
549772595328 123120
549772599296 146844
549772599297 119736
549772599360 130248
549772603392 43416
549789368320 62184
549789368321 132408
549789368322 40824
549789368384 150864
549789368385 106776
549789368448 61104
549789372416 148104
549789372417 106776
549789372480 127728
549789376512 63864
549806145536 45360
549806145537 27456
549806145600 36936
549806149632 36936
549822922752 6864
550829555712 12960
550829555713 126480
550829555714 143664
550829555715 36288
550829555776 123432
550829555777 289560
550829555778 113568
550829555840 125280
550829555841 102096
550829555904 26736
550829559808 116172
550829559809 300816
550829559810 123120
550829559872 283392
550829559873 239472
550829559936 102096
550829563904 146844
550829563905 130248
550829563968 119736
550829568000 43416
550846332928 127344
550846332929 302376
550846332930 110160
550846332992 302376
550846332993 234624
550846333056 110160
550846337024 314280
550846337025 254880
550846337088 254880
550846341120 138240
550863110144 155184
550863110145 110808
550863110208 121632
550863114240 131760
550879887360 36936
551903297536 62184
551903297537 150864
551903297538 61104
551903297600 132408
551903297601 106776
551903297664 40824
551903301632 148104
551903301633 127728
551903301696 106776
551903305728 63864
551920074752 155184
551920074753 121632
551920074816 110808
551920078848 131760
551936851968 60816
552977039360 45360
552977039361 36936
552977039424 27456
552977043456 36936
552993816576 36936
554050781184 6864
618475290624 1272
618475290625 13020
618475290626 15432
618475290627 4032
618475290688 13020
618475290689 33048
618475290690 13680
618475290752 15432
618475290753 13680
618475290816 4032
618475294720 11928
618475294721 32256
618475294722 13680
618475294784 32256
618475294785 28944
618475294848 13680
618475298816 15732
618475298817 14472
618475298880 14472
618475302912 4824
618492067840 13116
618492067841 32472
618492067842 12240
618492067904 34440
618492067905 28320
618492067968 14640
618492071936 33720
618492071937 28320
618492072000 30720
618492076032 15360
618508845056 16680
618508845057 12312
618508845120 14640
618508849152 14640
618525622272 4104
619549032448 13116
619549032449 34440
619549032450 14640
619549032512 32472
619549032513 28320
619549032576 12240
619549036544 33720
619549036545 30720
619549036608 28320
619549040640 15360
619565809664 35400
619565809665 29280
619565809728 29280
619565813760 31680
619582586880 14640
620622774272 16680
620622774273 14640
620622774336 12312
620622778368 14640
620639551488 14640
621696516096 4104
687194767360 1212
687194767361 3324
687194767362 1464
687194767424 3324
687194767425 3072
687194767488 1464
687194771456 3252
687194771457 3072
687194771520 3072
687194775552 1536
687211544576 3420
687211544577 2928
687211544640 3168
687211548672 3168
687228321792 1464
688268509184 3420
688268509185 3168
688268509248 2928
688268513280 3168
688285286400 3168
689342251008 1464
755914244096 300
755914244097 288
755914244160 288
755914248192 288
755931021312 288
756987985920 288
824633720832 24
