16117
68 6912
69 13824
70 13824
131 20736
132 58752
133 76032
134 28800
194 20736
195 89856
196 152064
197 101376
198 21312
257 6912
258 58752
259 152064
260 141696
261 57024
262 7488
321 13824
322 76032
323 101376
324 57024
325 14976
326 1152
385 13824
386 28800
387 21312
388 7488
389 1152
4099 -3456
4101 6912
4102 13824
4162 -10368
4163 17280
4164 89856
4165 137088
4166 57600
4225 -10368
4226 34560
4227 252288
4228 444672
4229 329760
4230 63936
4288 -3456
4289 17280
4290 252288
4291 642816
4292 673632
4293 277056
4294 29952
4353 89856
4354 444672
4355 673632
4356 419328
4357 101952
4358 5760
4416 6912
4417 137088
4418 329760
4419 277056
4420 101952
4421 12672
4480 13824
4481 57600
4482 63936
4483 29952
4484 5760
8194 -9504
8195 -5184
8196 31392
8197 54144
8198 28800
8257 -19008
8258 -6912
8259 215424
8260 378864
8261 326592
8262 63936
8320 -9504
8321 -6912
8322 376704
8323 907344
8324 1052352
8325 457056
8326 44928
8384 -5184
8385 215424
8386 907344
8387 1502208
8388 1046880
8389 243072
8390 11520
8448 31392
8449 378864
8450 1052352
8451 1046880
8452 400896
8453 43200
8512 54144
8513 326592
8514 457056
8515 243072
8516 43200
8576 28800
8577 63936
8578 44928
8579 11520
12289 -7776
12290 -17280
12291 53784
12292 100656
12293 98208
12294 21312
12352 -7776
12353 -34560
12354 213192
12355 536688
12356 653760
12357 311040
12358 29952
12416 -17280
12417 213192
12418 889344
12419 1469088
12420 1153440
12421 267264
12422 11520
12480 53784
12481 536688
12482 1469088
12483 1722816
12484 694656
12485 69120
12544 100656
12545 653760
12546 1153440
12547 694656
12548 118080
12608 98208
12609 311040
12610 267264
12611 69120
12672 21312
12673 29952
12674 11520
16384 -1944
16385 -15120
16386 36540
16387 113832
16388 140544
16389 74016
16390 7488
16448 -15120
16449 81720
16450 417456
16451 658368
16452 574416
16453 138240
16454 5760
16512 36540
16513 417456
16514 1037088
16515 1384272
16516 597024
16517 57600
16576 113832
16577 658368
16578 1384272
16579 941760
16580 158400
16640 140544
16641 574416
16642 597024
16643 158400
16704 74016
16705 138240
16706 57600
16768 7488
16769 5760
20480 -3888
20481 8748
20482 73872
20483 111240
20484 105552
20485 27072
20486 1152
20544 8748
20545 162648
20546 366552
20547 534960
20548 248832
20549 24192
20608 73872
20609 366552
20610 862272
20611 656928
20612 112320
20672 111240
20673 534960
20674 656928
20675 181440
20736 105552
20737 248832
20738 112320
20800 27072
20801 24192
20864 1152
24576 216
24577 24372
24578 51696
24579 79704
24580 40032
24581 4032
24640 24372
24641 108288
24642 270216
24643 227808
24644 40320
24704 51696
24705 270216
24706 382464
24707 110880
24768 79704
24769 227808
24770 110880
24832 40032
24833 40320
24896 4032
28672 3132
28673 13248
28674 33768
28675 31104
28676 5760
28736 13248
28737 70992
28738 113184
28739 34560
28800 33768
28801 113184
28802 59040
28864 31104
28865 34560
28928 5760
32768 1440
32769 7632
32770 13428
32771 4320
32832 7632
32833 29160
32834 16200
32896 13428
32897 16200
32960 4320
36864 720
36865 3060
36866 1800
36928 3060
36929 3960
36992 1800
40960 288
40961 396
41024 396
45056 36
16777283 6912
16777284 69120
16777285 124416
16777286 82944
16777346 20736
16777347 217728
16777348 518400
16777349 501120
16777350 145152
16777409 20736
16777410 224640
16777411 770688
16777412 1035648
16777413 560448
16777414 97920
16777472 6912
16777473 89856
16777474 497664
16777475 1026432
16777476 813888
16777477 282240
16777478 32256
16777536 13824
16777537 138240
16777538 494208
16777539 568512
16777540 286848
16777541 66816
16777542 4608
16777600 13824
16777601 85248
16777602 149184
16777603 102528
16777604 33408
16777605 4608
16781315 -20736
16781316 13824
16781317 82944
16781318 82944
16781378 -48384
16781379 241920
16781380 854784
16781381 940032
16781382 290304
16781441 -17280
16781442 489024
16781443 2214144
16781444 3143808
16781445 1824768
16781446 293760
16781504 10368
16781505 317952
16781506 2135808
16781507 4527936
16781508 3936960
16781509 1358208
16781510 129024
16781568 69120
16781569 809856
16781570 3082752
16781571 3958272
16781572 2130624
16781573 451584
16781574 23040
16781632 109440
16781633 926784
16781634 1854144
16781635 1392768
16781636 457344
16781637 50688
16781696 85248
16781697 298368
16781698 307584
16781699 133632
16781700 23040
16785409 4320
16785410 -57024
16785411 17568
16785412 317376
16785413 397440
16785414 145152
16785472 4320
16785473 -88992
16785474 194400
16785475 1911312
16785476 2816352
16785477 1823040
16785478 293760
16785536 -17280
16785537 277344
16785538 3144528
16785539 6601248
16785540 6278976
16785541 2234304
16785542 193536
16785600 114336
16785601 1786608
16785602 6508512
16785603 9194112
16785604 5350464
16785605 1073664
16785606 46080
16785664 313776
16785665 2729952
16785666 6327936
16785667 5408064
16785668 1798848
16785669 172800
16785728 389952
16785729 1853568
16785730 2303424
16785731 1094400
16785732 172800
16785792 149184
16785793 307584
16785794 200448
16785795 46080
16789504 3888
16789505 -37152
16789506 -42768
16789507 497664
16789508 780768
16789509 558720
16789510 97920
16789568 -21600
16789569 -21600
16789570 1833552
16789571 3953664
16789572 4004352
16789573 1522944
16789574 129024
16789632 36720
16789633 1766880
16789634 6341184
16789635 9349056
16789636 5939136
16789637 1179648
16789638 46080
16789696 465552
16789697 3834432
16789698 9371520
16789699 9098496
16789700 3119616
16789701 276480
16789760 747072
16789761 4037184
16789762 6048576
16789763 3144960
16789764 472320
16789824 567936
16789825 1575936
16789826 1207296
16789827 276480
16789888 102528
16789889 133632
16789890 46080
16793600 -3456
16793601 -51984
16793602 350352
16793603 838224
16793604 884736
16793605 364608
16793606 32256
16793664 -27792
16793665 746784
16793666 2906640
16793667 4332816
16793668 2988576
16793669 610560
16793670 23040
16793728 332136
16793729 2855088
16793730 6925104
16793731 7465824
16793732 2686464
16793733 230400
16793792 799344
16793793 4342896
16793794 7528032
16793795 4285440
16793796 633600
16793856 890928
16793857 3061152
16793858 2723904
16793859 633600
16793920 378432
16793921 626688
16793922 230400
16793984 33408
16793985 23040
16797696 -11988
16797697 106272
16797698 502560
16797699 751392
16797700 556128
16797701 119808
16797702 4608
16797760 103896
16797761 1065888
16797762 2523312
16797763 2944800
16797764 1123200
16797765 96768
16797824 484704
16797825 2522304
16797826 4847904
16797827 3005568
16797828 449280
16797888 751536
16797889 2989152
16797890 3024576
16797891 725760
16797952 572256
16797953 1143936
16797954 449280
16798016 123264
16798017 96768
16798080 4608
16801792 10764
16801793 155232
16801794 361872
16801795 447408
16801796 181440
16801797 16128
16801856 152352
16801857 760176
16801858 1565424
16801859 1048320
16801860 161280
16801920 360720
16801921 1576368
16801922 1776096
16801923 443520
16801984 456624
16801985 1060416
16801986 443520
16802048 185472
16802049 161280
16802112 16128
16805888 19080
16805889 93312
16805890 200880
16805891 144000
16805892 23040
16805952 93024
16805953 430272
16805954 529920
16805955 138240
16806016 203472
16806017 532800
16806018 236160
16806080 146304
16806081 138240
16806144 23040
16809984 10008
16809985 47808
16809986 63360
16809987 17280
16810048 48096
16810049 138672
16810050 64800
16810112 64008
16810113 64800
16810176 17280
16814080 4716
16814081 14688
16814082 7200
16814144 14760
16814145 15840
16814208 7200
16818176 1404
16818177 1584
16818240 1584
16822272 144
33554498 -25920
33554499 127872
33554500 399168
33554501 393984
33554502 20736
33554561 -25920
33554562 222912
33554563 1261440
33554564 1829088
33554565 725760
33554566 17280
33554625 91584
33554626 1209168
33554627 2924928
33554628 2149920
33554629 475200
33554630 3456
33554688 7776
33554689 353808
33554690 1985904
33554691 2491776
33554692 1077696
33554693 148608
33554752 15552
33554753 489888
33554754 1280448
33554755 893952
33554756 247680
33554757 20736
33554816 9792
33554817 204192
33554818 245376
33554819 101376
33554820 16128
33558529 12960
33558530 -62208
33558531 -16416
33558532 243648
33558533 383616
33558534 20736
33558592 12960
33558593 -135648
33558594 5184
33558595 2010240
33558596 3424896
33558597 1454976
33558598 34560
33558656 -36288
33558657 -85320
33558658 3359232
33558659 8862048
33558660 6985440
33558661 1454976
33558662 10368
33558720 -46440
33558721 1514592
33558722 8874144
33558723 11811744
33558724 5175360
33558725 604800
33558784 90432
33558785 3330288
33558786 8767008
33558787 6450624
33558788 1677312
33558789 103680
33558848 324432
33558849 2627424
33558850 3226176
33558851 1357056
33558852 184320
33558912 204192
33558913 490752
33558914 304128
33558915 64512
33562624 15768
33562625 -68688
33562626 -225288
33562627 695232
33562628 1444608
33562629 718848
33562630 17280
33562688 -40608
33562689 -567000
33562690 2657664
33562691 7981776
33562692 6962112
33562693 1467072
33562694 10368
33562752 -278748
33562753 2036880
33562754 13118112
33562755 18685152
33562756 8513856
33562757 917568
33562816 211392
33562817 7351344
33562818 20117376
33562819 15942816
33562820 4001472
33562821 207360
33562880 1094832
33562881 8891856
33562882 12145248
33562883 5287680
33562884 635904
33562944 1244880
33562945 3525120
33562946 2433024
33562947 497664
33563008 245376
33563009 304128
33563010 96768
33566720 2160
33566721 -321300
33566722 545616
33566723 2225664
33566724 2135232
33566725 487296
33566726 3456
33566784 -326700
33566785 834480
33566786 7916400
33566787 11935008
33566788 5800320
33566789 615168
33566848 78552
33566849 7349760
33566850 20462976
33566851 17551008
33566852 4406976
33566853 207360
33566912 1669824
33566913 13171104
33566914 20024064
33566915 9126144
33566916 1022976
33566976 2685456
33566977 8950464
33566978 6887808
33566979 1377792
33567040 1192896
33567041 1785600
33567042 594432
33567104 101376
33567105 64512
33570816 -98568
33570817 26676
33570818 1656936
33570819 2659248
33570820 1388448
33570821 153792
33570880 -107532
33570881 3338784
33570882 9570528
33570883 8808048
33570884 2282976
33570885 103680
33570944 1274436
33570945 9836712
33570946 16266096
33570947 7836192
33570948 854784
33571008 2910024
33571009 10914048
33571010 9294912
33571011 1860480
33571072 2239488
33571073 3954816
33571074 1378944
33571136 461952
33571137 329472
33571200 16128
33574912 -54324
33574913 547092
33574914 1680048
33574915 1641888
33574916 447840
33574917 20736
33574976 453204
33574977 3634848
33574978 6401808
33574979 3270240
33574980 359424
33575040 1715976
33575041 6964272
33575042 6479136
33575043 1323648
33575104 2146032
33575105 4336704
33575106 1589760
33575168 825984
33575169 649728
33575232 69120
33579008 57744
33579009 527076
33579010 975888
33579011 527760
33579012 59904
33579072 523980
33579073 2246760
33579074 2252016
33579075 475776
33579136 1123272
33579137 2526624
33579138 974592
33579200 755136
33579201 645120
33579264 116352
33583104 64620
33583105 289656
33583106 308880
33583107 67968
33583168 306720
33583169 750528
33583170 304128
33583232 376128
33583233 344448
33583296 100224
33587200 34272
33587201 89568
33587202 38016
33587264 97416
33587265 94608
33587328 47088
33591296 10296
33591297 10512
33591360 11520
33595392 1152
50331713 -44928
50331714 96768
50331715 628992
50331716 777600
50331717 103680
50331776 -25920
50331777 17280
50331778 1375488
50331779 2971008
50331780 1529280
50331781 86400
50331840 -43200
50331841 648864
50331842 3508128
50331843 3592512
50331844 983808
50331845 17280
50331904 -3888
50331905 1351296
50331906 3154464
50331907 1785024
50331908 294336
50331968 72864
50331969 998784
50331970 1152000
50331971 398592
50331972 40320
50332032 52128
50332033 206784
50332034 129600
50332035 24192
50335744 9504
50335745 -57024
50335746 -73440
50335747 395712
50335748 736128
50335749 103680
50335808 -64800
50335809 -361152
50335810 2088000
50335811 5591232
50335812 3077568
50335813 172800
50335872 -311688
50335873 1602864
50335874 10740960
50335875 11591136
50335876 3064608
50335877 51840
50335936 -50544
50335937 6338880
50335938 14825952
50335939 8428608
50335940 1208448
50336000 758736
50336001 7055712
50336002 8050464
50336003 2633472
50336004 198144
50336064 920448
50336065 2721024
50336066 1649664
50336067 278784
50336128 206784
50336129 259200
50336130 72576
50339840 -12960
50339841 -362160
50339842 617040
50339843 2397312
50339844 1506816
50339845 86400
50339904 -514872
50339905 838512
50339906 9831024
50339907 11547648
50339908 3113856
50339909 51840
50339968 -315864
50339969 9624528
50339970 23490576
50339971 13786560
50339972 1844640
50340032 1916496
50340033 16460928
50340034 19516320
50340035 6211584
50340036 391104
50340096 3322656
50340097 10042560
50340098 6227424
50340099 953856
50340160 1465632
50340161 1973952
50340162 558144
50340224 129600
50340225 72576
50343936 -207900
50343937 -64368
50343938 2748312
50343939 3569760
50343940 1033056
50343941 17280
50344000 -516600
50344001 5767344
50344002 15171264
50344003 9389376
50344004 1241280
50344064 1957752
50344065 17077536
50344066 21331008
50344067 6807744
50344068 387648
50344128 5128416
50344129 16371072
50344130 10558656
50344131 1521792
50344192 3672000
50344193 5407488
50344194 1532736
50344256 722880
50344257 441216
50344320 24192
50348032 -213732
50348033 1141704
50348034 3428856
50348035 2256768
50348036 310752
50348096 810576
50348097 8135136
50348098 10726848
50348099 3523392
50348100 192960
50348160 3950424
50348161 13292928
50348162 8990352
50348163 1264608
50348224 4468320
50348225 7162272
50348226 2056320
50348288 1551600
50348289 1014624
50348352 121536
50352128 101556
50352129 1443888
50352130 2015640
50352131 692352
50352132 38592
50352192 1483848
50352193 5269392
50352194 3743712
50352195 530496
50352256 2871144
50352257 4949568
50352258 1457568
50352320 1672704
50352321 1163520
50352384 237600
50356224 214884
50356225 812304
50356226 605304
50356227 88416
50356288 937296
50356289 1716912
50356290 523152
50356352 967320
50356353 711360
50356416 234864
50360320 122472
50360321 236016
50360322 74736
50360384 286992
50360385 221760
50360448 125136
50364416 34344
50364417 27720
50364480 34344
50368512 3816
67108928 -19008
67108929 17280
67108930 523584
67108931 819072
67108932 212544
67108992 -46656
67108993 654912
67108994 2481408
67108995 1741824
67108996 177120
67109056 58320
67109057 1851264
67109058 3096720
67109059 1119168
67109060 35424
67109120 247536
67109121 1763856
67109122 1547568
67109123 326016
67109184 224640
67109185 666144
67109186 343296
67109187 44352
67109248 51264
67109249 76896
67109250 20160
67112960 -15552
67112961 -74304
67112962 347328
67112963 754272
67112964 212544
67113024 -211680
67113025 881568
67113026 4688064
67113027 3523392
67113028 354240
67113088 18288
67113089 5738616
67113090 9933408
67113091 3525984
67113092 106272
67113152 1300248
67113153 8372736
67113154 7155648
67113155 1332576
67113216 1780992
67113217 4597200
67113218 2178720
67113219 209664
67113280 749808
67113281 943200
67113282 225216
67113344 76896
67113345 40320
67117056 -148752
67117057 156240
67117058 2036664
67117059 1716768
67117060 177120
67117120 -273744
67117121 5281992
67117122 9916128
67117123 3604608
67117124 106272
67117184 2030148
67117185 13409856
67117186 11621232
67117187 2030400
67117248 4368096
67117249 11019168
67117250 5019552
67117251 401184
67117312 2795616
67117313 3423024
67117314 743904
67117376 561456
67117377 297216
67117440 20160
67121152 -206496
67121153 1439460
67121154 3091968
67121155 1197792
67121156 35424
67121216 1143828
67121217 8769024
67121218 7924320
67121219 1367136
67121280 4676040
67121281 12026160
67121282 5438304
67121283 389088
67121344 4580640
67121345 5657472
67121346 1154304
67121408 1480464
67121409 786816
67121472 116352
67125248 183744
67125249 1996668
67125250 1917432
67125251 343296
67125312 2259180
67125313 6084864
67125314 2808144
67125315 191520
67125376 3755556
67125377 4760856
67125378 942336
67125440 1917288
67125441 1028880
67125504 257616
67129344 398772
67129345 1154268
67129346 553968
67129347 38304
67129408 1506420
67129409 1978992
67129410 392256
67129472 1312920
67129473 718848
67129536 288720
67133440 234720
67133441 321372
67133442 65376
67133504 455292
67133505 256536
67133568 174456
67137536 62892
67137537 36648
67137600 54144
67141632 6768
83886144 -6912
83886145 217728
83886146 487296
83886147 228096
83886208 98496
83886209 1033344
83886210 1130112
83886211 190080
83886272 333792
83886273 1341216
83886274 737856
83886275 38016
83886336 344304
83886337 684576
83886338 214272
83886400 136224
83886401 154368
83886402 29376
83886464 16416
83886465 9216
83890176 -24192
83890177 150336
83890178 438048
83890179 228096
83890240 86112
83890241 1947456
83890242 2299968
83890243 380160
83890304 1045656
83890305 4294944
83890306 2333664
83890307 114048
83890368 1698624
83890369 3115584
83890370 859680
83890432 968688
83890433 942912
83890434 131328
83890496 205920
83890497 97920
83890560 9216
83894272 -28800
83894273 845424
83894274 1120608
83894275 190080
83894336 942984
83894337 4306176
83894338 2395008
83894339 114048
83894400 2782512
83894401 5036256
83894402 1296000
83894464 2338272
83894465 2111040
83894466 239328
83894528 727632
83894529 305856
83894592 63936
83898368 234252
83898369 1349856
83898370 799200
83898371 38016
83898432 1839456
83898433 3446784
83898434 870048
83898496 2574288
83898497 2252160
83898498 223776
83898560 1174464
83898561 452736
83898624 159552
83902464 416340
83902465 840240
83902466 219456
83902528 1315728
83902529 1159776
83902530 108000
83902592 977832
83902593 357984
83902656 199440
83906560 251460
83906561 230112
83906562 21600
83906624 406512
83906625 146880
83906688 135648
83910656 66420
83910657 24480
83910720 47880
83914752 6840
100663360 34560
100663361 155520
100663362 134784
100663424 166176
100663425 393984
100663426 112320
100663488 226224
100663489 264960
100663490 22464
100663552 119088
100663553 78336
100663616 27648
100663617 10944
100663680 1728
100667392 24192
100667393 137376
100667394 134784
100667456 308160
100667457 806976
100667458 224640
100667520 728064
100667521 835488
100667522 67392
100667584 541440
100667585 305568
100667648 166176
100667649 46080
100667712 17856
100671488 130104
100671489 394848
100671490 112320
100671552 734688
100671553 858816
100671554 67392
100671616 877104
100671617 452736
100671680 363744
100671681 79200
100671744 52704
100675584 229824
100675585 288288
100675586 22464
100675648 604512
100675649 302112
100675712 382752
100675713 70560
100675776 73728
100679680 148248
100679681 76608
100679744 196848
100679745 33120
100679808 55872
100683776 39312
100683777 6624
100683840 22464
100687872 3744
117440576 20736
117440577 41472
117440640 57024
117440641 34560
117440704 39744
117440705 6912
117440768 12096
117440832 1728
117444608 18144
117444609 41472
117444672 117504
117444673 69120
117444736 124416
117444737 20736
117444800 45792
117444864 6912
117448704 57888
117448705 34560
117448768 127872
117448769 20736
117448832 66528
117448896 11232
117452800 43200
117452801 6912
117452864 44064
117452928 9504
117456896 11232
117456960 4320
117460992 864
134217792 5184
134217856 4320
134217920 864
134221824 5184
134221888 8640
134221952 2592
134225920 4320
134225984 2592
134230016 864
1073741828 6912
1073741829 13824
1073741830 13824
1073741891 20736
1073741892 89856
1073741893 138240
1073741894 85248
1073741954 20736
1073741955 224640
1073741956 497664
1073741957 494208
1073741958 149184
1073742017 6912
1073742018 217728
1073742019 770688
1073742020 1026432
1073742021 568512
1073742022 102528
1073742081 69120
1073742082 518400
1073742083 1035648
1073742084 813888
1073742085 286848
1073742086 33408
1073742145 124416
1073742146 501120
1073742147 560448
1073742148 282240
1073742149 66816
1073742150 4608
1073742209 82944
1073742210 145152
1073742211 97920
1073742212 32256
1073742213 4608
1073745923 10368
1073745924 69120
1073745925 109440
1073745926 85248
1073745986 -17280
1073745987 317952
1073745988 809856
1073745989 926784
1073745990 298368
1073746049 -48384
1073746050 489024
1073746051 2135808
1073746052 3082752
1073746053 1854144
1073746054 307584
1073746112 -20736
1073746113 241920
1073746114 2214144
1073746115 4527936
1073746116 3958272
1073746117 1392768
1073746118 133632
1073746176 13824
1073746177 854784
1073746178 3143808
1073746179 3936960
1073746180 2130624
1073746181 457344
1073746182 23040
1073746240 82944
1073746241 940032
1073746242 1824768
1073746243 1358208
1073746244 451584
1073746245 50688
1073746304 82944
1073746305 290304
1073746306 293760
1073746307 129024
1073746308 23040
1073750017 4320
1073750018 -17280
1073750019 114336
1073750020 313776
1073750021 389952
1073750022 149184
1073750080 4320
1073750081 -88992
1073750082 277344
1073750083 1786608
1073750084 2729952
1073750085 1853568
1073750086 307584
1073750144 -57024
1073750145 194400
1073750146 3144528
1073750147 6508512
1073750148 6327936
1073750149 2303424
1073750150 200448
1073750208 17568
1073750209 1911312
1073750210 6601248
1073750211 9194112
1073750212 5408064
1073750213 1094400
1073750214 46080
1073750272 317376
1073750273 2816352
1073750274 6278976
1073750275 5350464
1073750276 1798848
1073750277 172800
1073750336 397440
1073750337 1823040
1073750338 2234304
1073750339 1073664
1073750340 172800
1073750400 145152
1073750401 293760
1073750402 193536
1073750403 46080
1073754112 3888
1073754113 -21600
1073754114 36720
1073754115 465552
1073754116 747072
1073754117 567936
1073754118 102528
1073754176 -37152
1073754177 -21600
1073754178 1766880
1073754179 3834432
1073754180 4037184
1073754181 1575936
1073754182 133632
1073754240 -42768
1073754241 1833552
1073754242 6341184
1073754243 9371520
1073754244 6048576
1073754245 1207296
1073754246 46080
1073754304 497664
1073754305 3953664
1073754306 9349056
1073754307 9098496
1073754308 3144960
1073754309 276480
1073754368 780768
1073754369 4004352
1073754370 5939136
1073754371 3119616
1073754372 472320
1073754432 558720
1073754433 1522944
1073754434 1179648
1073754435 276480
1073754496 97920
1073754497 129024
1073754498 46080
1073758208 -3456
1073758209 -27792
1073758210 332136
1073758211 799344
1073758212 890928
1073758213 378432
1073758214 33408
1073758272 -51984
1073758273 746784
1073758274 2855088
1073758275 4342896
1073758276 3061152
1073758277 626688
1073758278 23040
1073758336 350352
1073758337 2906640
1073758338 6925104
1073758339 7528032
1073758340 2723904
1073758341 230400
1073758400 838224
1073758401 4332816
1073758402 7465824
1073758403 4285440
1073758404 633600
1073758464 884736
1073758465 2988576
1073758466 2686464
1073758467 633600
1073758528 364608
1073758529 610560
1073758530 230400
1073758592 32256
1073758593 23040
1073762304 -11988
1073762305 103896
1073762306 484704
1073762307 751536
1073762308 572256
1073762309 123264
1073762310 4608
1073762368 106272
1073762369 1065888
1073762370 2522304
1073762371 2989152
1073762372 1143936
1073762373 96768
1073762432 502560
1073762433 2523312
1073762434 4847904
1073762435 3024576
1073762436 449280
1073762496 751392
1073762497 2944800
1073762498 3005568
1073762499 725760
1073762560 556128
1073762561 1123200
1073762562 449280
1073762624 119808
1073762625 96768
1073762688 4608
1073766400 10764
1073766401 152352
1073766402 360720
1073766403 456624
1073766404 185472
1073766405 16128
1073766464 155232
1073766465 760176
1073766466 1576368
1073766467 1060416
1073766468 161280
1073766528 361872
1073766529 1565424
1073766530 1776096
1073766531 443520
1073766592 447408
1073766593 1048320
1073766594 443520
1073766656 181440
1073766657 161280
1073766720 16128
1073770496 19080
1073770497 93024
1073770498 203472
1073770499 146304
1073770500 23040
1073770560 93312
1073770561 430272
1073770562 532800
1073770563 138240
1073770624 200880
1073770625 529920
1073770626 236160
1073770688 144000
1073770689 138240
1073770752 23040
1073774592 10008
1073774593 48096
1073774594 64008
1073774595 17280
1073774656 47808
1073774657 138672
1073774658 64800
1073774720 63360
1073774721 64800
1073774784 17280
1073778688 4716
1073778689 14760
1073778690 7200
1073778752 14688
1073778753 15840
1073778816 7200
1073782784 1404
1073782785 1584
1073782848 1584
1073786880 144
1090519043 6912
1090519044 69120
1090519045 124416
1090519046 82944
1090519106 -31104
1090519107 240192
1090519108 889920
1090519109 1104192
1090519110 328320
1090519169 -31104
1090519170 364608
1090519171 2224800
1090519172 3735072
1090519173 2170080
1090519174 315072
1090519232 6912
1090519233 240192
1090519234 2224800
1090519235 5438880
1090519236 4664736
1090519237 1467072
1090519238 120960
1090519296 69120
1090519297 889920
1090519298 3735072
1090519299 4664736
1090519300 2246400
1090519301 429696
1090519302 18432
1090519360 124416
1090519361 1104192
1090519362 2170080
1090519363 1467072
1090519364 429696
1090519365 46080
1090519424 82944
1090519425 328320
1090519426 315072
1090519427 120960
1090519428 18432
1090523137 25920
1090523138 -60480
1090523139 66528
1090523140 624096
1090523141 1022976
1090523142 328320
1090523200 25920
1090523201 -195264
1090523202 -85104
1090523203 3439872
1090523204 7167168
1090523205 4584960
1090523206 630144
1090523264 -60480
1090523265 -85104
1090523266 5809536
1090523267 16858368
1090523268 16033824
1090523269 5070528
1090523270 362880
1090523328 66528
1090523329 3439872
1090523330 16858368
1090523331 23443200
1090523332 12083328
1090523333 2133504
1090523334 73728
1090523392 624096
1090523393 7167168
1090523394 16033824
1090523395 12083328
1090523396 3586176
1090523397 317952
1090523456 1022976
1090523457 4584960
1090523458 5070528
1090523459 2133504
1090523460 317952
1090523520 328320
1090523521 630144
1090523522 362880
1090523523 73728
1090527232 31536
1090527233 -54000
1090527234 -388152
1090527235 1105704
1090527236 3018672
1090527237 2250720
1090527238 315072
1090527296 -54000
1090527297 -1056456
1090527298 4041576
1090527299 15276240
1090527300 16435008
1090527301 5424768
1090527302 362880
1090527360 -388152
1090527361 4041576
1090527362 24861600
1090527363 38498976
1090527364 21466656
1090527365 3640896
1090527366 110592
1090527424 1105704
1090527425 15276240
1090527426 38498976
1090527427 32665536
1090527428 9857088
1090527429 774144
1090527488 3018672
1090527489 16435008
1090527490 21466656
1090527491 9857088
1090527492 1382400
1090527552 2250720
1090527553 5424768
1090527554 3640896
1090527555 774144
1090527616 315072
1090527617 362880
1090527618 110592
1090531328 27648
1090531329 -562464
1090531330 570312
1090531331 4186368
1090531332 5107680
1090531333 1821312
1090531334 120960
1090531392 -562464
1090531393 1191456
1090531394 14737968
1090531395 25164864
1090531396 15314688
1090531397 2600064
1090531398 73728
1090531456 570312
1090531457 14737968
1090531458 40292640
1090531459 38219616
1090531460 11910528
1090531461 875520
1090531520 4186368
1090531521 25164864
1090531522 38219616
1090531523 19094400
1090531524 2580480
1090531584 5107680
1090531585 15314688
1090531586 11910528
1090531587 2580480
1090531648 1821312
1090531649 2600064
1090531650 875520
1090531712 120960
1090531713 73728
1090535424 -165168
1090535425 -153936
1090535426 2951280
1090535427 5679288
1090535428 3763728
1090535429 662976
1090535430 18432
1090535488 -153936
1090535489 6379992
1090535490 19169064
1090535491 19999440
1090535492 6536736
1090535493 470016
1090535552 2951280
1090535553 19169064
1090535554 32737536
1090535555 17743392
1090535556 2377728
1090535616 5679288
1090535617 19999440
1090535618 17743392
1090535619 3939840
1090535680 3763728
1090535681 6536736
1090535682 2377728
1090535744 662976
1090535745 470016
1090535808 18432
1090539520 -119664
1090539521 965736
1090539522 3390552
1090539523 3838896
1090539524 1326816
1090539525 96768
1090539584 965736
1090539585 7152192
1090539586 13386528
1090539587 7819776
1090539588 1064448
1090539648 3390552
1090539649 13386528
1090539650 13265856
1090539651 3048192
1090539712 3838896
1090539713 7819776
1090539714 3048192
1090539776 1326816
1090539777 1064448
1090539840 96768
1090543616 108720
1090543617 1037664
1090543618 2099592
1090543619 1311120
1090543620 184320
1090543680 1037664
1090543681 4472784
1090543682 4853232
1090543683 1161216
1090543744 2099592
1090543745 4853232
1090543746 2013696
1090543808 1311120
1090543809 1161216
1090543872 184320
1090547712 127080
1090547713 592200
1090547714 691776
1090547715 172800
1090547776 592200
1090547777 1512288
1090547778 663552
1090547840 691776
1090547841 663552
1090547904 172800
1090551808 67824
1090551809 187344
1090551810 86400
1090551872 187344
1090551873 191808
1090551936 86400
1090555904 20520
1090555905 22176
1090555968 22176
1090560000 2304
1107296258 -25920
1107296259 127872
1107296260 399168
1107296261 393984
1107296262 20736
1107296321 -134784
1107296322 50112
1107296323 2085696
1107296324 3754944
1107296325 1632960
1107296326 34560
1107296384 -51840
1107296385 -150336
1107296386 3208464
1107296387 9485856
1107296388 7545312
1107296389 1512864
1107296390 10368
1107296448 -36288
1107296449 1550016
1107296450 9453888
1107296451 12300768
1107296452 4905504
1107296453 537408
1107296512 207360
1107296513 3638304
1107296514 8892288
1107296515 5709600
1107296516 1319616
1107296517 76032
1107296576 392256
1107296577 2557440
1107296578 2686752
1107296579 964800
1107296580 123264
1107296640 183168
1107296641 346752
1107296642 181440
1107296643 31104
1107300352 28512
1107300353 -133920
1107300354 -349920
1107300355 1397664
1107300356 3437856
1107300357 1636416
1107300358 34560
1107300416 -141696
1107300417 -1581552
1107300418 4326480
1107300419 18551232
1107300420 16075584
1107300421 3105216
1107300422 20736
1107300480 -796392
1107300481 3000240
1107300482 30152736
1107300483 42505056
1107300484 17387136
1107300485 1667520
1107300544 328032
1107300545 17262720
1107300546 44922528
1107300547 30947328
1107300548 6849792
1107300549 311040
1107300608 2876112
1107300609 19383264
1107300610 22430592
1107300611 8383104
1107300612 930816
1107300672 2605248
1107300673 6020352
1107300674 3493440
1107300675 638208
1107300736 346752
1107300737 362880
1107300738 93312
1107304448 8640
1107304449 -1297944
1107304450 702432
1107304451 7961976
1107304452 7877088
1107304453 1575072
1107304454 10368
1107304512 -1530576
1107304513 -100440
1107304514 27846216
1107304515 43946640
1107304516 18893088
1107304517 1712448
1107304576 -874368
1107304577 26051832
1107304578 74718000
1107304579 55593792
1107304580 12057408
1107304581 476928
1107304640 6347736
1107304641 47410416
1107304642 61106976
1107304643 23789376
1107304644 2385216
1107304704 9480384
1107304705 25963200
1107304706 16762752
1107304707 3020544
1107304768 3160224
1107304769 3911040
1107304770 1128384
1107304832 181440
1107304833 93312
1107308544 -619812
1107308545 -1337760
1107308546 7495632
1107308547 13833504
1107308548 6388992
1107308549 582336
1107308608 -1978776
1107308609 14931792
1107308610 49752720
1107308611 40097088
1107308612 8798976
1107308613 324864
1107308672 5861376
1107308673 50820336
1107308674 72247392
1107308675 29451168
1107308676 2793024
1107308736 14874336
1107308737 46785024
1107308738 33335712
1107308739 5942016
1107308800 9092160
1107308801 13237056
1107308802 4065984
1107308864 1382400
1107308865 835200
1107308928 31104
1107312640 -850356
1107312641 2600568
1107312642 11411856
1107312643 9967608
1107312644 2274336
1107312645 82944
1107312704 2064528
1107312705 24666120
1107312706 38329416
1107312707 16458768
1107312708 1537344
1107312768 11596392
1107312769 40693176
1107312770 31614768
1107312771 5672736
1107312832 12082824
1107312833 20178288
1107312834 6524928
1107312896 3583152
1107312897 2436768
1107312960 221760
1107316736 150876
1107316737 4393224
1107316738 7472592
1107316739 3387312
1107316740 321984
1107316800 4362480
1107316801 16940592
1107316802 14169600
1107316803 2602368
1107316864 8253072
1107316865 15370272
1107316866 5221152
1107316928 4378608
1107316929 3271680
1107316992 536544
1107320832 623052
1107320833 2705832
1107320834 2410704
1107320835 458208
1107320896 2815848
1107320897 5716800
1107320898 2036016
1107320960 2766960
1107320961 2230272
1107321024 610704
1107324928 380088
1107324929 827352
1107324930 308016
1107324992 876600
1107324993 751392
1107325056 359280
1107329024 110304
1107329025 99432
1107329088 106056
1107333120 12456
1124073473 -44928
1124073474 96768
1124073475 628992
1124073476 777600
1124073477 103680
1124073536 -82944
1124073537 -281664
1124073538 2189376
1124073539 5876352
1124073540 3409344
1124073541 172800
1124073600 -290304
1124073601 1550016
1124073602 10827648
1124073603 12025728
1124073604 3083040
1124073605 51840
1124073664 54432
1124073665 6302880
1124073666 14633568
1124073667 7627392
1124073668 1019520
1124073728 831744
1124073729 6670944
1124073730 6764256
1124073731 1927296
1124073732 133632
1124073792 816480
1124073793 2078208
1124073794 1077120
1124073795 160128
1124073856 129600
1124073857 129024
1124073858 28800
1124077568 -57888
1124077569 -628128
1124077570 1364832
1124077571 5380416
1124077572 3428352
1124077573 172800
1124077632 -1157760
1124077633 1098432
1124077634 21407040
1124077635 25673472
1124077636 6485760
1124077637 103680
1124077696 -867456
1124077697 20580480
1124077698 50562144
1124077699 27118656
1124077700 3260736
1124077760 4327488
1124077761 34252992
1124077762 36063360
1124077763 10028736
1124077764 551808
1124077824 6670944
1124077825 17304768
1124077826 9158976
1124077827 1245312
1124077888 2264256
1124077889 2553984
1124077890 614016
1124077952 129024
1124077953 57600
1124081664 -764352
1124081665 -889560
1124081666 9227592
1124081667 12598848
1124081668 3338784
1124081669 51840
1124081728 -2552832
1124081729 18842976
1124081730 52600320
1124081731 29702592
1124081732 3433536
1124081792 6481368
1124081793 57854304
1124081794 64633824
1124081795 17862336
1124081796 858816
1124081856 16912512
1124081857 46967328
1124081858 25837632
1124081859 3252672
1124081920 9772416
1124081921 12103488
1124081922 2972160
1124081984 1412352
1124081985 718848
1124082048 28800
1124085760 -1481184
1124085761 4657536
1124085762 16685568
1124085763 10126656
1124085764 1192320
1124085824 3056688
1124085825 39014352
1124085826 46872576
1124085827 13226688
1124085828 596736
1124085888 18582336
1124085889 55780416
1124085890 32137632
1124085891 3878784
1124085952 17715168
1124085953 23949504
1124085954 5952960
1124086016 4736448
1124086017 2638080
1124086080 264960
1124089856 194616
1124089857 8954568
1124089858 11758392
1124089859 3467520
1124089860 156096
1124089920 9060912
1124089921 29879856
1124089922 18137664
1124089923 2174976
1124089984 15596712
1124089985 22796928
1124089986 5780736
1124090048 7203456
1124090049 4301856
1124090112 784800
1124093952 1575144
1124093953 5885136
1124093954 3776976
1124093955 463680
1124094016 6577488
1124094017 10307376
1124094018 2694816
1124094080 5514192
1124094081 3494880
1124094144 1068768
1124098048 1060776
1124098049 1772928
1124098050 481392
1124098112 2069568
1124098113 1381968
1124098176 738432
1124102144 302760
1124102145 211680
1124102208 251856
1124106240 33696
1140850688 -19008
1140850689 17280
1140850690 523584
1140850691 819072
1140850692 212544
1140850752 -181440
1140850753 979776
1140850754 4790016
1140850755 3832704
1140850756 354240
1140850816 68688
1140850817 5589216
1140850818 10070064
1140850819 3437568
1140850820 106272
1140850880 1251072
1140850881 8020512
1140850882 6376320
1140850883 1081728
1140850944 1603584
1140850945 3808512
1140850946 1573632
1140850947 134208
1140851008 545184
1140851009 608256
1140851010 122112
1140851072 36288
1140851073 14976
1140854784 -278208
1140854785 488448
1140854786 4392576
1140854787 3872448
1140854788 354240
1140854848 -587664
1140854849 11027952
1140854850 21508992
1140854851 7377984
1140854852 212544
1140854912 4146984
1140854913 27854208
1140854914 22492224
1140854915 3524256
1140854976 8628768
1140854977 19995840
1140854978 7968960
1140854979 543744
1140855040 4647600
1140855041 4971744
1140855042 924480
1140855104 706176
1140855105 311040
1140855168 14976
1140858880 -787104
1140858881 4627008
1140858882 10577952
1140858883 3850560
1140858884 106272
1140858944 3492720
1140858945 29139984
1140858946 24734304
1140858947 3780864
1140859008 14939280
1140859009 35721216
1140859010 14134176
1140859011 844128
1140859072 12682368
1140859073 13670784
1140859074 2376000
1140859136 3245616
1140859137 1461888
1140859200 181440
1140862976 594180
1140862977 9230976
1140862978 8499168
1140862979 1338336
1140863040 10121040
1140863041 26026848
1140863042 10548864
1140863043 593856
1140863104 15193440
1140863105 16884576
1140863106 2828160
1140863168 6298848
1140863169 2881152
1140863232 645696
1140867072 2267244
1140867073 6568920
1140867074 2801808
1140867075 159264
1140867136 8208576
1140867137 9574272
1140867138 1601856
1140867200 5970312
1140867201 2792016
1140867264 1036512
1140871168 1622052
1140871169 2013408
1140871170 347328
1140871232 2712096
1140871233 1311552
1140871296 840240
1140875264 470268
1140875265 237240
1140875328 334224
1140879360 51696
1157627904 -6912
1157627905 217728
1157627906 487296
1157627907 228096
1157627968 124416
1157627969 1961280
1157627970 2446848
1157627971 380160
1157628032 1006560
1157628033 4288896
1157628034 2217024
1157628035 114048
1157628096 1591488
1157628097 2772288
1157628098 687744
1157628160 794304
1157628161 695808
1157628162 84672
1157628224 133056
1157628225 54144
1157628288 3456
1157632000 6624
1157632001 1791936
1157632002 2486592
1157632003 380160
1157632064 1931760
1157632065 9165312
1157632066 4819392
1157632067 228096
1157632128 5617440
1157632129 9669888
1157632130 2240352
1157632192 4189248
1157632193 3385152
1157632194 324864
1157632256 1067040
1157632257 384768
1157632320 67968
1157636096 732672
1157636097 4509216
1157636098 2543616
1157636099 114048
1157636160 5904864
1157636161 10654848
1157636162 2422656
1157636224 7517952
1157636225 5909184
1157636226 489888
1157636288 2859840
1157636289 940608
1157636352 300672
1157640192 1839168
1157640193 3682944
1157640194 870048
1157640256 5512608
1157640257 4415040
1157640258 343872
1157640320 3494880
1157640321 1090944
1157640384 566208
1157644288 1392840
1157644289 1183968
1157644290 94176
1157644352 1985328
1157644353 616320
1157644416 536688
1157648384 420192
1157648385 135360
1157648448 251424
1157652480 45864
1174405120 34560
1174405121 155520
1174405122 134784
1174405184 311616
1174405185 838080
1174405186 224640
1174405248 720144
1174405249 779616
1174405250 67392
1174405312 482400
1174405313 247104
1174405376 126144
1174405377 31680
1174405440 10368
1174409216 279648
1174409217 857088
1174409218 224640
1174409280 1540800
1174409281 1702656
1174409282 134784
1174409344 1672128
1174409345 790560
1174409408 595008
1174409409 112896
1174409472 69696
1174413312 754560
1174413313 905760
1174413314 67392
1174413376 1847232
1174413377 851904
1174413440 1020384
1174413441 161568
1174413504 160128
1174417408 640224
1174417409 308448
1174417472 760320
1174417473 111168
1174417536 177984
1174421504 204912
1174421505 30816
1174421568 99072
1174425600 21888
1191182336 20736
1191182337 41472
1191182400 119232
1191182401 69120
1191182464 114912
1191182465 20736
1191182528 38016
1191182592 5184
1191186432 122688
1191186433 69120
1191186496 250560
1191186497 41472
1191186560 118368
1191186624 17280
1191190528 133920
1191190529 20736
1191190592 126144
1191190656 23328
1191194624 45792
1191194688 15552
1191198720 4320
1207959552 5184
1207959616 8640
1207959680 2592
1207963648 8640
1207963712 5184
1207967744 2592
2147483652 7776
2147483653 15552
2147483654 9792
2147483714 -25920
2147483715 91584
2147483716 353808
2147483717 489888
2147483718 204192
2147483777 -25920
2147483778 222912
2147483779 1209168
2147483780 1985904
2147483781 1280448
2147483782 245376
2147483841 127872
2147483842 1261440
2147483843 2924928
2147483844 2491776
2147483845 893952
2147483846 101376
2147483905 399168
2147483906 1829088
2147483907 2149920
2147483908 1077696
2147483909 247680
2147483910 16128
2147483969 393984
2147483970 725760
2147483971 475200
2147483972 148608
2147483973 20736
2147484033 20736
2147484034 17280
2147484035 3456
2147487745 12960
2147487746 -36288
2147487747 -46440
2147487748 90432
2147487749 324432
2147487750 204192
2147487808 12960
2147487809 -135648
2147487810 -85320
2147487811 1514592
2147487812 3330288
2147487813 2627424
2147487814 490752
2147487872 -62208
2147487873 5184
2147487874 3359232
2147487875 8874144
2147487876 8767008
2147487877 3226176
2147487878 304128
2147487936 -16416
2147487937 2010240
2147487938 8862048
2147487939 11811744
2147487940 6450624
2147487941 1357056
2147487942 64512
2147488000 243648
2147488001 3424896
2147488002 6985440
2147488003 5175360
2147488004 1677312
2147488005 184320
2147488064 383616
2147488065 1454976
2147488066 1454976
2147488067 604800
2147488068 103680
2147488128 20736
2147488129 34560
2147488130 10368
2147491840 15768
2147491841 -40608
2147491842 -278748
2147491843 211392
2147491844 1094832
2147491845 1244880
2147491846 245376
2147491904 -68688
2147491905 -567000
2147491906 2036880
2147491907 7351344
2147491908 8891856
2147491909 3525120
2147491910 304128
2147491968 -225288
2147491969 2657664
2147491970 13118112
2147491971 20117376
2147491972 12145248
2147491973 2433024
2147491974 96768
2147492032 695232
2147492033 7981776
2147492034 18685152
2147492035 15942816
2147492036 5287680
2147492037 497664
2147492096 1444608
2147492097 6962112
2147492098 8513856
2147492099 4001472
2147492100 635904
2147492160 718848
2147492161 1467072
2147492162 917568
2147492163 207360
2147492224 17280
2147492225 10368
2147495936 2160
2147495937 -326700
2147495938 78552
2147495939 1669824
2147495940 2685456
2147495941 1192896
2147495942 101376
2147496000 -321300
2147496001 834480
2147496002 7349760
2147496003 13171104
2147496004 8950464
2147496005 1785600
2147496006 64512
2147496064 545616
2147496065 7916400
2147496066 20462976
2147496067 20024064
2147496068 6887808
2147496069 594432
2147496128 2225664
2147496129 11935008
2147496130 17551008
2147496131 9126144
2147496132 1377792
2147496192 2135232
2147496193 5800320
2147496194 4406976
2147496195 1022976
2147496256 487296
2147496257 615168
2147496258 207360
2147496320 3456
2147500032 -98568
2147500033 -107532
2147500034 1274436
2147500035 2910024
2147500036 2239488
2147500037 461952
2147500038 16128
2147500096 26676
2147500097 3338784
2147500098 9836712
2147500099 10914048
2147500100 3954816
2147500101 329472
2147500160 1656936
2147500161 9570528
2147500162 16266096
2147500163 9294912
2147500164 1378944
2147500224 2659248
2147500225 8808048
2147500226 7836192
2147500227 1860480
2147500288 1388448
2147500289 2282976
2147500290 854784
2147500352 153792
2147500353 103680
2147504128 -54324
2147504129 453204
2147504130 1715976
2147504131 2146032
2147504132 825984
2147504133 69120
2147504192 547092
2147504193 3634848
2147504194 6964272
2147504195 4336704
2147504196 649728
2147504256 1680048
2147504257 6401808
2147504258 6479136
2147504259 1589760
2147504320 1641888
2147504321 3270240
2147504322 1323648
2147504384 447840
2147504385 359424
2147504448 20736
2147508224 57744
2147508225 523980
2147508226 1123272
2147508227 755136
2147508228 116352
2147508288 527076
2147508289 2246760
2147508290 2526624
2147508291 645120
2147508352 975888
2147508353 2252016
2147508354 974592
2147508416 527760
2147508417 475776
2147508480 59904
2147512320 64620
2147512321 306720
2147512322 376128
2147512323 100224
2147512384 289656
2147512385 750528
2147512386 344448
2147512448 308880
2147512449 304128
2147512512 67968
2147516416 34272
2147516417 97416
2147516418 47088
2147516480 89568
2147516481 94608
2147516544 38016
2147520512 10296
2147520513 11520
2147520576 10512
2147524608 1152
2164260866 -51840
2164260867 -36288
2164260868 207360
2164260869 392256
2164260870 183168
2164260929 -134784
2164260930 -150336
2164260931 1550016
2164260932 3638304
2164260933 2557440
2164260934 346752
2164260992 -25920
2164260993 50112
2164260994 3208464
2164260995 9453888
2164260996 8892288
2164260997 2686752
2164260998 181440
2164261056 127872
2164261057 2085696
2164261058 9485856
2164261059 12300768
2164261060 5709600
2164261061 964800
2164261062 31104
2164261120 399168
2164261121 3754944
2164261122 7545312
2164261123 4905504
2164261124 1319616
2164261125 123264
2164261184 393984
2164261185 1632960
2164261186 1512864
2164261187 537408
2164261188 76032
2164261248 20736
2164261249 34560
2164261250 10368
2164264960 28512
2164264961 -141696
2164264962 -796392
2164264963 328032
2164264964 2876112
2164264965 2605248
2164264966 346752
2164265024 -133920
2164265025 -1581552
2164265026 3000240
2164265027 17262720
2164265028 19383264
2164265029 6020352
2164265030 362880
2164265088 -349920
2164265089 4326480
2164265090 30152736
2164265091 44922528
2164265092 22430592
2164265093 3493440
2164265094 93312
2164265152 1397664
2164265153 18551232
2164265154 42505056
2164265155 30947328
2164265156 8383104
2164265157 638208
2164265216 3437856
2164265217 16075584
2164265218 17387136
2164265219 6849792
2164265220 930816
2164265280 1636416
2164265281 3105216
2164265282 1667520
2164265283 311040
2164265344 34560
2164265345 20736
2164269056 8640
2164269057 -1530576
2164269058 -874368
2164269059 6347736
2164269060 9480384
2164269061 3160224
2164269062 181440
2164269120 -1297944
2164269121 -100440
2164269122 26051832
2164269123 47410416
2164269124 25963200
2164269125 3911040
2164269126 93312
2164269184 702432
2164269185 27846216
2164269186 74718000
2164269187 61106976
2164269188 16762752
2164269189 1128384
2164269248 7961976
2164269249 43946640
2164269250 55593792
2164269251 23789376
2164269252 3020544
2164269312 7877088
2164269313 18893088
2164269314 12057408
2164269315 2385216
2164269376 1575072
2164269377 1712448
2164269378 476928
2164269440 10368
2164273152 -619812
2164273153 -1978776
2164273154 5861376
2164273155 14874336
2164273156 9092160
2164273157 1382400
2164273158 31104
2164273216 -1337760
2164273217 14931792
2164273218 50820336
2164273219 46785024
2164273220 13237056
2164273221 835200
2164273280 7495632
2164273281 49752720
2164273282 72247392
2164273283 33335712
2164273284 4065984
2164273344 13833504
2164273345 40097088
2164273346 29451168
2164273347 5942016
2164273408 6388992
2164273409 8798976
2164273410 2793024
2164273472 582336
2164273473 324864
2164277248 -850356
2164277249 2064528
2164277250 11596392
2164277251 12082824
2164277252 3583152
2164277253 221760
2164277312 2600568
2164277313 24666120
2164277314 40693176
2164277315 20178288
2164277316 2436768
2164277376 11411856
2164277377 38329416
2164277378 31614768
2164277379 6524928
2164277440 9967608
2164277441 16458768
2164277442 5672736
2164277504 2274336
2164277505 1537344
2164277568 82944
2164281344 150876
2164281345 4362480
2164281346 8253072
2164281347 4378608
2164281348 536544
2164281408 4393224
2164281409 16940592
2164281410 15370272
2164281411 3271680
2164281472 7472592
2164281473 14169600
2164281474 5221152
2164281536 3387312
2164281537 2602368
2164281600 321984
2164285440 623052
2164285441 2815848
2164285442 2766960
2164285443 610704
2164285504 2705832
2164285505 5716800
2164285506 2230272
2164285568 2410704
2164285569 2036016
2164285632 458208
2164289536 380088
2164289537 876600
2164289538 359280
2164289600 827352
2164289601 751392
2164289664 308016
2164293632 110304
2164293633 106056
2164293696 99432
2164297728 12456
2181038081 -108864
2181038082 -222912
2181038083 606528
2181038084 1543968
2181038085 907200
2181038086 17280
2181038144 -108864
2181038145 -749952
2181038146 2052432
2181038147 9108288
2181038148 8531712
2181038149 1657152
2181038150 10368
2181038208 -222912
2181038209 2052432
2181038210 15583968
2181038211 21729600
2181038212 8340768
2181038213 787104
2181038272 606528
2181038273 9108288
2181038274 21729600
2181038275 13186080
2181038276 2654496
2181038277 115776
2181038336 1543968
2181038337 8531712
2181038338 8340768
2181038339 2654496
2181038340 284544
2181038400 907200
2181038401 1657152
2181038402 787104
2181038403 115776
2181038464 17280
2181038465 10368
2181042176 -84672
2181042177 -1630368
2181042178 -141264
2181042179 7743456
2181042180 8738208
2181042181 1707264
2181042182 10368
2181042240 -1630368
2181042241 -613440
2181042242 29657232
2181042243 48258144
2181042244 19438848
2181042245 1653696
2181042304 -141264
2181042305 29657232
2181042306 80147520
2181042307 53024544
2181042308 10351008
2181042309 368064
2181042368 7743456
2181042369 48258144
2181042370 53024544
2181042371 17718912
2181042372 1646208
2181042432 8738208
2181042433 19438848
2181042434 10351008
2181042435 1646208
2181042496 1707264
2181042497 1653696
2181042498 368064
2181042560 10368
2181046272 -1280880
2181046273 -3713256
2181046274 11164824
2181046275 23918616
2181046276 10430208
2181046277 861408
2181046336 -3713256
2181046337 25057944
2181046338 86108328
2181046339 62719056
2181046340 12198240
2181046341 388800
2181046400 11164824
2181046401 86108328
2181046402 106231680
2181046403 37170720
2181046404 3145824
2181046464 23918616
2181046465 62719056
2181046466 37170720
2181046467 5868864
2181046528 10430208
2181046529 12198240
2181046530 3145824
2181046592 861408
2181046593 388800
2181050368 -2664288
2181050369 4597560
2181050370 27416232
2181050371 22333248
2181050372 4467168
2181050373 136512
2181050432 4597560
2181050433 59485536
2181050434 82720080
2181050435 30488256
2181050436 2470464
2181050496 27416232
2181050497 82720080
2181050498 53832672
2181050499 8454240
2181050560 22333248
2181050561 30488256
2181050562 8454240
2181050624 4467168
2181050625 2470464
2181050688 136512
2181054464 -110736
2181054465 13553424
2181054466 21708576
2181054467 8489880
2181054468 686304
2181054528 13553424
2181054529 47407320
2181054530 33526008
2181054531 5327280
2181054592 21708576
2181054593 33526008
2181054594 9812448
2181054656 8489880
2181054657 5327280
2181054720 686304
2181058560 2303928
2181058561 9758448
2181058562 7449336
2181058563 1216656
2181058624 9758448
2181058625 16674912
2181058626 5124384
2181058688 7449336
2181058689 5124384
2181058752 1216656
2181062656 1641024
2181062657 3063960
2181062658 985608
2181062720 3063960
2181062721 2262096
2181062784 985608
2181066752 478440
2181066753 373608
2181066816 373608
2181070848 53856
2197815296 -57024
2197815297 -316224
2197815298 679104
2197815299 2552832
2197815300 1880064
2197815301 86400
2197815360 -508032
2197815361 700704
2197815362 10270368
2197815363 13246272
2197815364 3344256
2197815365 51840
2197815424 1296
2197815425 10215936
2197815426 24789888
2197815427 12398400
2197815428 1443744
2197815488 2360736
2197815489 15870816
2197815490 14806944
2197815491 3578112
2197815492 174528
2197815552 2842560
2197815553 6255648
2197815554 2770272
2197815555 320256
2197815616 619488
2197815617 556416
2197815618 98496
2197815680 3456
2197819392 -870048
2197819393 -1127376
2197819394 8986464
2197819395 13619232
2197819396 3550752
2197819397 51840
2197819456 -2270592
2197819457 19446048
2197819458 55440288
2197819459 29483712
2197819460 3198528
2197819520 7538832
2197819521 58993632
2197819522 59355936
2197819523 14478912
2197819524 596160
2197819584 16401888
2197819585 39302208
2197819586 18283392
2197819587 1972224
2197819648 7103232
2197819649 7236288
2197819650 1438848
2197819712 590976
2197819713 217728
2197823488 -2709360
2197823489 6742584
2197823490 27618696
2197823491 16076736
2197823492 1740096
2197823552 5208336
2197823553 63896832
2197823554 70785648
2197823555 17694720
2197823556 673920
2197823616 29657448
2197823617 78840576
2197823618 38917152
2197823619 4000320
2197823680 22761072
2197823681 25756416
2197823682 5348160
2197823744 4269024
2197823745 1886976
2197823808 119232
2197827584 -45648
2197827585 20221056
2197827586 25445664
2197827587 6685056
2197827588 252288
2197827648 20384496
2197827649 61867872
2197827650 32626944
2197827651 3316608
2197827712 30197808
2197827713 37587168
2197827714 8046432
2197827776 10569888
2197827777 5208768
2197827840 758016
2197831680 4433472
2197831681 16331256
2197831682 9280584
2197831683 965664
2197831744 17432640
2197831745 23754816
2197831746 5276304
2197831808 11681784
2197831809 6232032
2197831872 1659024
2197835776 3587832
2197835777 5359824
2197835778 1246320
2197835840 5874336
2197835841 3348864
2197835904 1628640
2197839872 1091808
2197839873 660240
2197839936 733824
2197843968 123480
2214592512 -137376
2214592513 285120
2214592514 2134080
2214592515 2090880
2214592516 177120
2214592576 -155520
2214592577 5241888
2214592578 10861776
2214592579 3673152
2214592580 106272
2214592640 2084400
2214592641 13316832
2214592642 10029024
2214592643 1470528
2214592704 3898368
2214592705 8139168
2214592706 2761920
2214592707 145152
2214592768 1664928
2214592769 1526400
2214592770 218304
2214592832 158112
2214592833 50112
2214596608 -743328
2214596609 4541256
2214596610 11202048
2214596611 4007520
2214596612 106272
2214596672 3664872
2214596673 29882592
2214596674 24027840
2214596675 3413664
2214596736 14721696
2214596737 32242176
2214596738 11179584
2214596739 528768
2214596800 10415808
2214596801 9647424
2214596802 1332864
2214596864 1967040
2214596865 688896
2214596928 57024
2214600704 805500
2214600705 14832216
2214600706 13246128
2214600707 1931904
2214600768 15939000
2214600769 38526768
2214600770 13932576
2214600771 640224
2214600832 20917440
2214600833 20318976
2214600834 2776896
2214600896 6780672
2214600897 2510784
2214600960 464544
2214604800 4859568
2214604801 13892688
2214604802 5388768
2214604803 256608
2214604864 16471728
2214604865 17166528
2214604866 2397312
2214604928 9805824
2214604929 3814560
2214604992 1249632
2214608896 4325940
2214608897 4945248
2214608898 728064
2214608960 6220944
2214608961 2560320
2214609024 1495584
2214612992 1412352
2214612993 620784
2214613056 814032
2214617088 163152
2231369728 20736
2231369729 883008
2231369730 1316736
2231369731 190080
2231369792 931392
2231369793 4549536
2231369794 2324160
2231369795 114048
2231369856 2644704
2231369857 4264416
2231369858 898560
2231369920 1702656
2231369921 1191744
2231369922 79488
2231369984 338688
2231369985 94464
2231370048 12096
2231373824 746568
2231373825 4698144
2231373826 2589408
2231373827 114048
2231373888 5944608
2231373889 10202688
2231373890 2143584
2231373952 6706368
2231373953 4684032
2231373954 290304
2231374016 2056896
2231374017 529920
2231374080 149760
2231377920 2896632
2231377921 5654016
2231377922 1247616
2231377984 8022096
2231377985 5843520
2231377986 365472
2231378048 4242816
2231378049 1074816
2231378112 508608
2231382016 2881008
2231382017 2287296
2231382018 154656
2231382080 3576384
2231382081 937728
2231382144 750816
2231386112 1033344
2231386113 292320
2231386176 504000
2231390208 123696
2248146944 140256
2248146945 444096
2248146946 112320
2248147008 755568
2248147009 800640
2248147010 67392
2248147072 734400
2248147073 313632
2248147136 216864
2248147137 29376
2248147200 19008
2248151040 778176
2248151041 903456
2248151042 67392
2248151104 1749312
2248151105 749088
2248151168 821664
2248151169 98496
2248151232 96768
2248155136 969264
2248155137 441504
2248155200 1014336
2248155201 121824
2248155264 184032
2248159232 397440
2248159233 52704
2248159296 157248
2248163328 49248
2264924160 62208
2264924161 34560
2264924224 115776
2264924225 20736
2264924288 47520
2264924352 5184
2264928256 131328
2264928257 20736
2264928320 111456
2264928384 15552
2264932352 65664
2264932416 18144
2264936448 7776
2281701376 4320
2281701440 2592
2281705472 2592
3221225474 -25920
3221225475 -43200
3221225476 -3888
3221225477 72864
3221225478 52128
3221225537 -44928
3221225538 17280
3221225539 648864
3221225540 1351296
3221225541 998784
3221225542 206784
3221225601 96768
3221225602 1375488
3221225603 3508128
3221225604 3154464
3221225605 1152000
3221225606 129600
3221225665 628992
3221225666 2971008
3221225667 3592512
3221225668 1785024
3221225669 398592
3221225670 24192
3221225729 777600
3221225730 1529280
3221225731 983808
3221225732 294336
3221225733 40320
3221225793 103680
3221225794 86400
3221225795 17280
3221229568 9504
3221229569 -64800
3221229570 -311688
3221229571 -50544
3221229572 758736
3221229573 920448
3221229574 206784
3221229632 -57024
3221229633 -361152
3221229634 1602864
3221229635 6338880
3221229636 7055712
3221229637 2721024
3221229638 259200
3221229696 -73440
3221229697 2088000
3221229698 10740960
3221229699 14825952
3221229700 8050464
3221229701 1649664
3221229702 72576
3221229760 395712
3221229761 5591232
3221229762 11591136
3221229763 8428608
3221229764 2633472
3221229765 278784
3221229824 736128
3221229825 3077568
3221229826 3064608
3221229827 1208448
3221229828 198144
3221229888 103680
3221229889 172800
3221229890 51840
3221233664 -12960
3221233665 -514872
3221233666 -315864
3221233667 1916496
3221233668 3322656
3221233669 1465632
3221233670 129600
3221233728 -362160
3221233729 838512
3221233730 9624528
3221233731 16460928
3221233732 10042560
3221233733 1973952
3221233734 72576
3221233792 617040
3221233793 9831024
3221233794 23490576
3221233795 19516320
3221233796 6227424
3221233797 558144
3221233856 2397312
3221233857 11547648
3221233858 13786560
3221233859 6211584
3221233860 953856
3221233920 1506816
3221233921 3113856
3221233922 1844640
3221233923 391104
3221233984 86400
3221233985 51840
3221237760 -207900
3221237761 -516600
3221237762 1957752
3221237763 5128416
3221237764 3672000
3221237765 722880
3221237766 24192
3221237824 -64368
3221237825 5767344
3221237826 17077536
3221237827 16371072
3221237828 5407488
3221237829 441216
3221237888 2748312
3221237889 15171264
3221237890 21331008
3221237891 10558656
3221237892 1532736
3221237952 3569760
3221237953 9389376
3221237954 6807744
3221237955 1521792
3221238016 1033056
3221238017 1241280
3221238018 387648
3221238080 17280
3221241856 -213732
3221241857 810576
3221241858 3950424
3221241859 4468320
3221241860 1551600
3221241861 121536
3221241920 1141704
3221241921 8135136
3221241922 13292928
3221241923 7162272
3221241924 1014624
3221241984 3428856
3221241985 10726848
3221241986 8990352
3221241987 2056320
3221242048 2256768
3221242049 3523392
3221242050 1264608
3221242112 310752
3221242113 192960
3221245952 101556
3221245953 1483848
3221245954 2871144
3221245955 1672704
3221245956 237600
3221246016 1443888
3221246017 5269392
3221246018 4949568
3221246019 1163520
3221246080 2015640
3221246081 3743712
3221246082 1457568
3221246144 692352
3221246145 530496
3221246208 38592
3221250048 214884
3221250049 937296
3221250050 967320
3221250051 234864
3221250112 812304
3221250113 1716912
3221250114 711360
3221250176 605304
3221250177 523152
3221250240 88416
3221254144 122472
3221254145 286992
3221254146 125136
3221254208 236016
3221254209 221760
3221254272 74736
3221258240 34344
3221258241 34344
3221258304 27720
3221262336 3816
3238002689 -82944
3238002690 -290304
3238002691 54432
3238002692 831744
3238002693 816480
3238002694 129600
3238002752 -44928
3238002753 -281664
3238002754 1550016
3238002755 6302880
3238002756 6670944
3238002757 2078208
3238002758 129024
3238002816 96768
3238002817 2189376
3238002818 10827648
3238002819 14633568
3238002820 6764256
3238002821 1077120
3238002822 28800
3238002880 628992
3238002881 5876352
3238002882 12025728
3238002883 7627392
3238002884 1927296
3238002885 160128
3238002944 777600
3238002945 3409344
3238002946 3083040
3238002947 1019520
3238002948 133632
3238003008 103680
3238003009 172800
3238003010 51840
3238006784 -57888
3238006785 -1157760
3238006786 -867456
3238006787 4327488
3238006788 6670944
3238006789 2264256
3238006790 129024
3238006848 -628128
3238006849 1098432
3238006850 20580480
3238006851 34252992
3238006852 17304768
3238006853 2553984
3238006854 57600
3238006912 1364832
3238006913 21407040
3238006914 50562144
3238006915 36063360
3238006916 9158976
3238006917 614016
3238006976 5380416
3238006977 25673472
3238006978 27118656
3238006979 10028736
3238006980 1245312
3238007040 3428352
3238007041 6485760
3238007042 3260736
3238007043 551808
3238007104 172800
3238007105 103680
3238010880 -764352
3238010881 -2552832
3238010882 6481368
3238010883 16912512
3238010884 9772416
3238010885 1412352
3238010886 28800
3238010944 -889560
3238010945 18842976
3238010946 57854304
3238010947 46967328
3238010948 12103488
3238010949 718848
3238011008 9227592
3238011009 52600320
3238011010 64633824
3238011011 25837632
3238011012 2972160
3238011072 12598848
3238011073 29702592
3238011074 17862336
3238011075 3252672
3238011136 3338784
3238011137 3433536
3238011138 858816
3238011200 51840
3238014976 -1481184
3238014977 3056688
3238014978 18582336
3238014979 17715168
3238014980 4736448
3238014981 264960
3238015040 4657536
3238015041 39014352
3238015042 55780416
3238015043 23949504
3238015044 2638080
3238015104 16685568
3238015105 46872576
3238015106 32137632
3238015107 5952960
3238015168 10126656
3238015169 13226688
3238015170 3878784
3238015232 1192320
3238015233 596736
3238019072 194616
3238019073 9060912
3238019074 15596712
3238019075 7203456
3238019076 784800
3238019136 8954568
3238019137 29879856
3238019138 22796928
3238019139 4301856
3238019200 11758392
3238019201 18137664
3238019202 5780736
3238019264 3467520
3238019265 2174976
3238019328 156096
3238023168 1575144
3238023169 6577488
3238023170 5514192
3238023171 1068768
3238023232 5885136
3238023233 10307376
3238023234 3494880
3238023296 3776976
3238023297 2694816
3238023360 463680
3238027264 1060776
3238027265 2069568
3238027266 738432
3238027328 1772928
3238027329 1381968
3238027392 481392
3238031360 302760
3238031361 251856
3238031424 211680
3238035456 33696
3254779904 -57024
3254779905 -508032
3254779906 1296
3254779907 2360736
3254779908 2842560
3254779909 619488
3254779910 3456
3254779968 -316224
3254779969 700704
3254779970 10215936
3254779971 15870816
3254779972 6255648
3254779973 556416
3254780032 679104
3254780033 10270368
3254780034 24789888
3254780035 14806944
3254780036 2770272
3254780037 98496
3254780096 2552832
3254780097 13246272
3254780098 12398400
3254780099 3578112
3254780100 320256
3254780160 1880064
3254780161 3344256
3254780162 1443744
3254780163 174528
3254780224 86400
3254780225 51840
3254784000 -870048
3254784001 -2270592
3254784002 7538832
3254784003 16401888
3254784004 7103232
3254784005 590976
3254784064 -1127376
3254784065 19446048
3254784066 58993632
3254784067 39302208
3254784068 7236288
3254784069 217728
3254784128 8986464
3254784129 55440288
3254784130 59355936
3254784131 18283392
3254784132 1438848
3254784192 13619232
3254784193 29483712
3254784194 14478912
3254784195 1972224
3254784256 3550752
3254784257 3198528
3254784258 596160
3254784320 51840
3254788096 -2709360
3254788097 5208336
3254788098 29657448
3254788099 22761072
3254788100 4269024
3254788101 119232
3254788160 6742584
3254788161 63896832
3254788162 78840576
3254788163 25756416
3254788164 1886976
3254788224 27618696
3254788225 70785648
3254788226 38917152
3254788227 5348160
3254788288 16076736
3254788289 17694720
3254788290 4000320
3254788352 1740096
3254788353 673920
3254792192 -45648
3254792193 20384496
3254792194 30197808
3254792195 10569888
3254792196 758016
3254792256 20221056
3254792257 61867872
3254792258 37587168
3254792259 5208768
3254792320 25445664
3254792321 32626944
3254792322 8046432
3254792384 6685056
3254792385 3316608
3254792448 252288
3254796288 4433472
3254796289 17432640
3254796290 11681784
3254796291 1659024
3254796352 16331256
3254796353 23754816
3254796354 6232032
3254796416 9280584
3254796417 5276304
3254796480 965664
3254800384 3587832
3254800385 5874336
3254800386 1628640
3254800448 5359824
3254800449 3348864
3254800512 1246320
3254804480 1091808
3254804481 733824
3254804544 660240
3254808576 123480
3271557120 -260928
3271557121 -228096
3271557122 2791872
3271557123 4467456
3271557124 1245024
3271557125 17280
3271557184 -228096
3271557185 6610464
3271557186 17740512
3271557187 9077760
3271557188 1006272
3271557248 2791872
3271557249 17740512
3271557250 15998112
3271557251 3507840
3271557252 124992
3271557312 4467456
3271557313 9077760
3271557314 3507840
3271557315 290304
3271557376 1245024
3271557377 1006272
3271557378 124992
3271557440 17280
3271561216 -1503360
3271561217 4689504
3271561218 18609120
3271561219 10609344
3271561220 1146240
3271561280 4689504
3271561281 42410880
3271561282 42966720
3271561283 9866304
3271561284 329472
3271561344 18609120
3271561345 42966720
3271561346 18195840
3271561347 1543680
3271561408 10609344
3271561409 9866304
3271561410 1543680
3271561472 1146240
3271561473 329472
3271565312 283176
3271565313 21229488
3271565314 25203312
3271565315 6153408
3271565316 206208
3271565376 21229488
3271565377 57321216
3271565378 26588160
3271565379 2299968
3271565440 25203312
3271565441 26588160
3271565442 4615488
3271565504 6153408
3271565505 2299968
3271565568 206208
3271569408 6401664
3271569409 22008672
3271569410 11280672
3271569411 1017216
3271569472 22008672
3271569473 26144640
3271569474 4878720
3271569536 11280672
3271569537 4878720
3271569600 1017216
3271573504 6136200
3271573505 8271216
3271573506 1655568
3271573568 8271216
3271573569 3968064
3271573632 1655568
3271577600 2059776
3271577601 1078848
3271577664 1078848
3271581696 242064
3288334336 -171072
3288334337 1438272
3288334338 3663792
3288334339 1354752
3288334340 35424
3288334400 1335744
3288334401 9397728
3288334402 7174080
3288334403 999936
3288334464 4377888
3288334465 8587296
3288334466 2556288
3288334467 73728
3288334528 2418048
3288334529 1876608
3288334530 153216
3288334592 287712
3288334593 59328
3288338432 700632
3288338433 9887616
3288338434 8538624
3288338435 1221984
3288338496 10427904
3288338497 22982400
3288338498 7483968
3288338499 264960
3288338560 11265120
3288338561 9419328
3288338562 928512
3288338624 2661696
3288338625 688896
3288338688 86976
3288342528 5039208
3288342529 13513392
3288342530 4855392
3288342531 197280
3288342592 14969952
3288342593 13858560
3288342594 1556928
3288342656 6974496
3288342657 2111616
3288342720 563904
3288346624 5683824
3288346625 5968800
3288346626 752256
3288346688 6835104
3288346689 2339136
3288346752 1183392
3288350720 2164176
3288350721 828864
3288350784 976608
3288354816 270576
3305111552 248256
3305111553 1525824
3305111554 844992
3305111555 38016
3305111616 1855872
3305111617 2987136
3305111618 590976
3305111680 1783872
3305111681 1062144
3305111682 24192
3305111744 418176
3305111745 61056
3305111808 15552
3305115648 1929888
3305115649 3581568
3305115650 762912
3305115712 4734144
3305115713 3099456
3305115714 131328
3305115776 1997568
3305115777 346752
3305115840 150912
3305119744 2764368
3305119745 2042496
3305119746 114912
3305119808 2897280
3305119809 603072
3305119872 430272
3305123840 1244448
3305123841 305280
3305123904 472320
3305127936 169056
3321888768 251280
3321888769 285984
3321888770 22464
3321888832 506592
3321888833 199296
3321888896 190944
3321888897 7488
3321888960 13824
3321892864 606528
3321892865 264096
3321892928 540288
3321892929 42624
3321892992 64512
3321896960 354240
3321896961 39456
3321897024 105408
3321901056 52992
3338665984 40608
3338665985 6912
3338666048 29376
3338666112 1728
3338670080 38880
3338670144 6912
3338674176 6048
3355443200 864
4294967297 -19008
4294967298 -46656
4294967299 58320
4294967300 247536
4294967301 224640
4294967302 51264
4294967361 17280
4294967362 654912
4294967363 1851264
4294967364 1763856
4294967365 666144
4294967366 76896
4294967425 523584
4294967426 2481408
4294967427 3096720
4294967428 1547568
4294967429 343296
4294967430 20160
4294967489 819072
4294967490 1741824
4294967491 1119168
4294967492 326016
4294967493 44352
4294967553 212544
4294967554 177120
4294967555 35424
4294971392 -15552
4294971393 -211680
4294971394 18288
4294971395 1300248
4294971396 1780992
4294971397 749808
4294971398 76896
4294971456 -74304
4294971457 881568
4294971458 5738616
4294971459 8372736
4294971460 4597200
4294971461 943200
4294971462 40320
4294971520 347328
4294971521 4688064
4294971522 9933408
4294971523 7155648
4294971524 2178720
4294971525 225216
4294971584 754272
4294971585 3523392
4294971586 3525984
4294971587 1332576
4294971588 209664
4294971648 212544
4294971649 354240
4294971650 106272
4294975488 -148752
4294975489 -273744
4294975490 2030148
4294975491 4368096
4294975492 2795616
4294975493 561456
4294975494 20160
4294975552 156240
4294975553 5281992
4294975554 13409856
4294975555 11019168
4294975556 3423024
4294975557 297216
4294975616 2036664
4294975617 9916128
4294975618 11621232
4294975619 5019552
4294975620 743904
4294975680 1716768
4294975681 3604608
4294975682 2030400
4294975683 401184
4294975744 177120
4294975745 106272
4294979584 -206496
4294979585 1143828
4294979586 4676040
4294979587 4580640
4294979588 1480464
4294979589 116352
4294979648 1439460
4294979649 8769024
4294979650 12026160
4294979651 5657472
4294979652 786816
4294979712 3091968
4294979713 7924320
4294979714 5438304
4294979715 1154304
4294979776 1197792
4294979777 1367136
4294979778 389088
4294979840 35424
4294983680 183744
4294983681 2259180
4294983682 3755556
4294983683 1917288
4294983684 257616
4294983744 1996668
4294983745 6084864
4294983746 4760856
4294983747 1028880
4294983808 1917432
4294983809 2808144
4294983810 942336
4294983872 343296
4294983873 191520
4294987776 398772
4294987777 1506420
4294987778 1312920
4294987779 288720
4294987840 1154268
4294987841 1978992
4294987842 718848
4294987904 553968
4294987905 392256
4294987968 38304
4294991872 234720
4294991873 455292
4294991874 174456
4294991936 321372
4294991937 256536
4294992000 65376
4294995968 62892
4294995969 54144
4294996032 36648
4295000064 6768
4311744512 -19008
4311744513 -181440
4311744514 68688
4311744515 1251072
4311744516 1603584
4311744517 545184
4311744518 36288
4311744576 17280
4311744577 979776
4311744578 5589216
4311744579 8020512
4311744580 3808512
4311744581 608256
4311744582 14976
4311744640 523584
4311744641 4790016
4311744642 10070064
4311744643 6376320
4311744644 1573632
4311744645 122112
4311744704 819072
4311744705 3832704
4311744706 3437568
4311744707 1081728
4311744708 134208
4311744768 212544
4311744769 354240
4311744770 106272
4311748608 -278208
4311748609 -587664
4311748610 4146984
4311748611 8628768
4311748612 4647600
4311748613 706176
4311748614 14976
4311748672 488448
4311748673 11027952
4311748674 27854208
4311748675 19995840
4311748676 4971744
4311748677 311040
4311748736 4392576
4311748737 21508992
4311748738 22492224
4311748739 7968960
4311748740 924480
4311748800 3872448
4311748801 7377984
4311748802 3524256
4311748803 543744
4311748864 354240
4311748865 212544
4311752704 -787104
4311752705 3492720
4311752706 14939280
4311752707 12682368
4311752708 3245616
4311752709 181440
4311752768 4627008
4311752769 29139984
4311752770 35721216
4311752771 13670784
4311752772 1461888
4311752832 10577952
4311752833 24734304
4311752834 14134176
4311752835 2376000
4311752896 3850560
4311752897 3780864
4311752898 844128
4311752960 106272
4311756800 594180
4311756801 10121040
4311756802 15193440
4311756803 6298848
4311756804 645696
4311756864 9230976
4311756865 26026848
4311756866 16884576
4311756867 2881152
4311756928 8499168
4311756929 10548864
4311756930 2828160
4311756992 1338336
4311756993 593856
4311760896 2267244
4311760897 8208576
4311760898 5970312
4311760899 1036512
4311760960 6568920
4311760961 9574272
4311760962 2792016
4311761024 2801808
4311761025 1601856
4311761088 159264
4311764992 1622052
4311764993 2712096
4311764994 840240
4311765056 2013408
4311765057 1311552
4311765120 347328
4311769088 470268
4311769089 334224
4311769152 237240
4311773184 51696
4328521728 -137376
4328521729 -155520
4328521730 2084400
4328521731 3898368
4328521732 1664928
4328521733 158112
4328521792 285120
4328521793 5241888
4328521794 13316832
4328521795 8139168
4328521796 1526400
4328521797 50112
4328521856 2134080
4328521857 10861776
4328521858 10029024
4328521859 2761920
4328521860 218304
4328521920 2090880
4328521921 3673152
4328521922 1470528
4328521923 145152
4328521984 177120
4328521985 106272
4328525824 -743328
4328525825 3664872
4328525826 14721696
4328525827 10415808
4328525828 1967040
4328525829 57024
4328525888 4541256
4328525889 29882592
4328525890 32242176
4328525891 9647424
4328525892 688896
4328525952 11202048
4328525953 24027840
4328525954 11179584
4328525955 1332864
4328526016 4007520
4328526017 3413664
4328526018 528768
4328526080 106272
4328529920 805500
4328529921 15939000
4328529922 20917440
4328529923 6780672
4328529924 464544
4328529984 14832216
4328529985 38526768
4328529986 20318976
4328529987 2510784
4328530048 13246128
4328530049 13932576
4328530050 2776896
4328530112 1931904
4328530113 640224
4328534016 4859568
4328534017 16471728
4328534018 9805824
4328534019 1249632
4328534080 13892688
4328534081 17166528
4328534082 3814560
4328534144 5388768
4328534145 2397312
4328534208 256608
4328538112 4325940
4328538113 6220944
4328538114 1495584
4328538176 4945248
4328538177 2560320
4328538240 728064
4328542208 1412352
4328542209 814032
4328542272 620784
4328546304 163152
4345298944 -171072
4345298945 1335744
4345298946 4377888
4345298947 2418048
4345298948 287712
4345299008 1438272
4345299009 9397728
4345299010 8587296
4345299011 1876608
4345299012 59328
4345299072 3663792
4345299073 7174080
4345299074 2556288
4345299075 153216
4345299136 1354752
4345299137 999936
4345299138 73728
4345299200 35424
4345303040 700632
4345303041 10427904
4345303042 11265120
4345303043 2661696
4345303044 86976
4345303104 9887616
4345303105 22982400
4345303106 9419328
4345303107 688896
4345303168 8538624
4345303169 7483968
4345303170 928512
4345303232 1221984
4345303233 264960
4345307136 5039208
4345307137 14969952
4345307138 6974496
4345307139 563904
4345307200 13513392
4345307201 13858560
4345307202 2111616
4345307264 4855392
4345307265 1556928
4345307328 197280
4345311232 5683824
4345311233 6835104
4345311234 1183392
4345311296 5968800
4345311297 2339136
4345311360 752256
4345315328 2164176
4345315329 976608
4345315392 828864
4345319424 270576
4362076160 252288
4362076161 2311632
4362076162 1896048
4362076163 285120
4362076224 2311632
4362076225 4517856
4362076226 1314144
4362076227 27072
4362076288 1896048
4362076289 1314144
4362076290 42624
4362076352 285120
4362076353 27072
4362080256 2507328
4362080257 5959584
4362080258 2003904
4362080259 70272
4362080320 5959584
4362080321 4812480
4362080322 378432
4362080384 2003904
4362080385 378432
4362080448 70272
4362084352 3830400
4362084353 3633984
4362084354 386208
4362084416 3633984
4362084417 965952
4362084480 386208
4362088448 1781568
4362088449 584352
4362088512 584352
4362092544 248256
4378853376 453168
4378853377 779328
4378853378 165888
4378853440 927360
4378853441 524160
4378853442 1728
4378853504 289440
4378853505 9216
4378853568 8640
4378857472 1212480
4378857473 821376
4378857474 34560
4378857536 1012032
4378857537 132480
4378857600 83520
4378861568 756000
4378861569 152640
4378861632 200448
4378865664 121248
4395630592 130320
4395630593 54432
4395630656 91584
4395630657 -1152
4395630720 3456
4395634688 141408
4395634689 10944
4395634752 24768
4395638784 27072
4412407808 7776
4412411904 1728
5368709121 -6912
5368709122 98496
5368709123 333792
5368709124 344304
5368709125 136224
5368709126 16416
5368709185 217728
5368709186 1033344
5368709187 1341216
5368709188 684576
5368709189 154368
5368709190 9216
5368709249 487296
5368709250 1130112
5368709251 737856
5368709252 214272
5368709253 29376
5368709313 228096
5368709314 190080
5368709315 38016
5368713216 -24192
5368713217 86112
5368713218 1045656
5368713219 1698624
5368713220 968688
5368713221 205920
5368713222 9216
5368713280 150336
5368713281 1947456
5368713282 4294944
5368713283 3115584
5368713284 942912
5368713285 97920
5368713344 438048
5368713345 2299968
5368713346 2333664
5368713347 859680
5368713348 131328
5368713408 228096
5368713409 380160
5368713410 114048
5368717312 -28800
5368717313 942984
5368717314 2782512
5368717315 2338272
5368717316 727632
5368717317 63936
5368717376 845424
5368717377 4306176
5368717378 5036256
5368717379 2111040
5368717380 305856
5368717440 1120608
5368717441 2395008
5368717442 1296000
5368717443 239328
5368717504 190080
5368717505 114048
5368721408 234252
5368721409 1839456
5368721410 2574288
5368721411 1174464
5368721412 159552
5368721472 1349856
5368721473 3446784
5368721474 2252160
5368721475 452736
5368721536 799200
5368721537 870048
5368721538 223776
5368721600 38016
5368725504 416340
5368725505 1315728
5368725506 977832
5368725507 199440
5368725568 840240
5368725569 1159776
5368725570 357984
5368725632 219456
5368725633 108000
5368729600 251460
5368729601 406512
5368729602 135648
5368729664 230112
5368729665 146880
5368729728 21600
5368733696 66420
5368733697 47880
5368733760 24480
5368737792 6840
5385486336 -6912
5385486337 124416
5385486338 1006560
5385486339 1591488
5385486340 794304
5385486341 133056
5385486342 3456
5385486400 217728
5385486401 1961280
5385486402 4288896
5385486403 2772288
5385486404 695808
5385486405 54144
5385486464 487296
5385486465 2446848
5385486466 2217024
5385486467 687744
5385486468 84672
5385486528 228096
5385486529 380160
5385486530 114048
5385490432 6624
5385490433 1931760
5385490434 5617440
5385490435 4189248
5385490436 1067040
5385490437 67968
5385490496 1791936
5385490497 9165312
5385490498 9669888
5385490499 3385152
5385490500 384768
5385490560 2486592
5385490561 4819392
5385490562 2240352
5385490563 324864
5385490624 380160
5385490625 228096
5385494528 732672
5385494529 5904864
5385494530 7517952
5385494531 2859840
5385494532 300672
5385494592 4509216
5385494593 10654848
5385494594 5909184
5385494595 940608
5385494656 2543616
5385494657 2422656
5385494658 489888
5385494720 114048
5385498624 1839168
5385498625 5512608
5385498626 3494880
5385498627 566208
5385498688 3682944
5385498689 4415040
5385498690 1090944
5385498752 870048
5385498753 343872
5385502720 1392840
5385502721 1985328
5385502722 536688
5385502784 1183968
5385502785 616320
5385502848 94176
5385506816 420192
5385506817 251424
5385506880 135360
5385510912 45864
5402263552 20736
5402263553 931392
5402263554 2644704
5402263555 1702656
5402263556 338688
5402263557 12096
5402263616 883008
5402263617 4549536
5402263618 4264416
5402263619 1191744
5402263620 94464
5402263680 1316736
5402263681 2324160
5402263682 898560
5402263683 79488
5402263744 190080
5402263745 114048
5402267648 746568
5402267649 5944608
5402267650 6706368
5402267651 2056896
5402267652 149760
5402267712 4698144
5402267713 10202688
5402267714 4684032
5402267715 529920
5402267776 2589408
5402267777 2143584
5402267778 290304
5402267840 114048
5402271744 2896632
5402271745 8022096
5402271746 4242816
5402271747 508608
5402271808 5654016
5402271809 5843520
5402271810 1074816
5402271872 1247616
5402271873 365472
5402275840 2881008
5402275841 3576384
5402275842 750816
5402275904 2287296
5402275905 937728
5402275968 154656
5402279936 1033344
5402279937 504000
5402280000 292320
5402284032 123696
5419040768 248256
5419040769 1855872
5419040770 1783872
5419040771 418176
5419040772 15552
5419040832 1525824
5419040833 2987136
5419040834 1062144
5419040835 61056
5419040896 844992
5419040897 590976
5419040898 24192
5419040960 38016
5419044864 1929888
5419044865 4734144
5419044866 1997568
5419044867 150912
5419044928 3581568
5419044929 3099456
5419044930 346752
5419044992 762912
5419044993 131328
5419048960 2764368
5419048961 2897280
5419048962 430272
5419049024 2042496
5419049025 603072
5419049088 114912
5419053056 1244448
5419053057 472320
5419053120 305280
5419057152 169056
5435817984 453168
5435817985 927360
5435817986 289440
5435817987 8640
5435818048 779328
5435818049 524160
5435818050 9216
5435818112 165888
5435818113 1728
5435822080 1212480
5435822081 1012032
5435822082 83520
5435822144 821376
5435822145 132480
5435822208 34560
5435826176 756000
5435826177 200448
5435826240 152640
5435830272 121248
5452595200 188064
5452595201 112320
5452595202 1728
5452595264 112320
5452595265 -2304
5452595328 1728
5452599296 210240
5452599297 28800
5452599360 28800
5452603392 42048
5469372416 19008
5469376512 5184
6442450945 34560
6442450946 166176
6442450947 226224
6442450948 119088
6442450949 27648
6442450950 1728
6442451009 155520
6442451010 393984
6442451011 264960
6442451012 78336
6442451013 10944
6442451073 134784
6442451074 112320
6442451075 22464
6442455040 24192
6442455041 308160
6442455042 728064
6442455043 541440
6442455044 166176
6442455045 17856
6442455104 137376
6442455105 806976
6442455106 835488
6442455107 305568
6442455108 46080
6442455168 134784
6442455169 224640
6442455170 67392
6442459136 130104
6442459137 734688
6442459138 877104
6442459139 363744
6442459140 52704
6442459200 394848
6442459201 858816
6442459202 452736
6442459203 79200
6442459264 112320
6442459265 67392
6442463232 229824
6442463233 604512
6442463234 382752
6442463235 73728
6442463296 288288
6442463297 302112
6442463298 70560
6442463360 22464
6442467328 148248
6442467329 196848
6442467330 55872
6442467392 76608
6442467393 33120
6442471424 39312
6442471425 22464
6442471488 6624
6442475520 3744
6459228160 34560
6459228161 311616
6459228162 720144
6459228163 482400
6459228164 126144
6459228165 10368
6459228224 155520
6459228225 838080
6459228226 779616
6459228227 247104
6459228228 31680
6459228288 134784
6459228289 224640
6459228290 67392
6459232256 279648
6459232257 1540800
6459232258 1672128
6459232259 595008
6459232260 69696
6459232320 857088
6459232321 1702656
6459232322 790560
6459232323 112896
6459232384 224640
6459232385 134784
6459236352 754560
6459236353 1847232
6459236354 1020384
6459236355 160128
6459236416 905760
6459236417 851904
6459236418 161568
6459236480 67392
6459240448 640224
6459240449 760320
6459240450 177984
6459240512 308448
6459240513 111168
6459244544 204912
6459244545 99072
6459244608 30816
6459248640 21888
6476005376 140256
6476005377 755568
6476005378 734400
6476005379 216864
6476005380 19008
6476005440 444096
6476005441 800640
6476005442 313632
6476005443 29376
6476005504 112320
6476005505 67392
6476009472 778176
6476009473 1749312
6476009474 821664
6476009475 96768
6476009536 903456
6476009537 749088
6476009538 98496
6476009600 67392
6476013568 969264
6476013569 1014336
6476013570 184032
6476013632 441504
6476013633 121824
6476017664 397440
6476017665 157248
6476017728 52704
6476021760 49248
6492782592 251280
6492782593 506592
6492782594 190944
6492782595 13824
6492782656 285984
6492782657 199296
6492782658 7488
6492782720 22464
6492786688 606528
6492786689 540288
6492786690 64512
6492786752 264096
6492786753 42624
6492790784 354240
6492790785 105408
6492790848 39456
6492794880 52992
6509559808 130320
6509559809 91584
6509559810 3456
6509559872 54432
6509559873 -1152
6509563904 141408
6509563905 24768
6509563968 10944
6509568000 27072
6526337024 19008
6526341120 5184
7516192769 20736
7516192770 57024
7516192771 39744
7516192772 12096
7516192773 1728
7516192833 41472
7516192834 34560
7516192835 6912
7516196864 18144
7516196865 117504
7516196866 124416
7516196867 45792
7516196868 6912
7516196928 41472
7516196929 69120
7516196930 20736
7516200960 57888
7516200961 127872
7516200962 66528
7516200963 11232
7516201024 34560
7516201025 20736
7516205056 43200
7516205057 44064
7516205058 9504
7516205120 6912
7516209152 11232
7516209153 4320
7516213248 864
7532969984 20736
7532969985 119232
7532969986 114912
7532969987 38016
7532969988 5184
7532970048 41472
7532970049 69120
7532970050 20736
7532974080 122688
7532974081 250560
7532974082 118368
7532974083 17280
7532974144 69120
7532974145 41472
7532978176 133920
7532978177 126144
7532978178 23328
7532978240 20736
7532982272 45792
7532982273 15552
7532986368 4320
7549747200 62208
7549747201 115776
7549747202 47520
7549747203 5184
7549747264 34560
7549747265 20736
7549751296 131328
7549751297 111456
7549751298 15552
7549751360 20736
7549755392 65664
7549755393 18144
7549759488 7776
7566524416 40608
7566524417 29376
7566524418 1728
7566524480 6912
7566528512 38880
7566528513 6912
7566532608 6048
7583301632 7776
7583305728 1728
8589934593 5184
8589934594 4320
8589934595 864
8589938688 5184
8589938689 8640
8589938690 2592
8589942784 4320
8589942785 2592
8589946880 864
8606711808 5184
8606711809 8640
8606711810 2592
8606715904 8640
8606715905 5184
8606720000 2592
8623489024 4320
8623489025 2592
8623493120 2592
8640266240 864
68719476739 -3456
68719476741 6912
68719476742 13824
68719476802 -10368
68719476803 12672
68719476804 94464
68719476805 155520
68719476806 85248
68719476865 -10368
68719476866 25344
68719476867 268416
68719476868 543744
68719476869 499488
68719476870 149184
68719476928 -3456
68719476929 12672
68719476930 268416
68719476931 806400
68719476932 1028448
68719476933 572352
68719476934 102528
68719476993 94464
68719476994 543744
68719476995 1028448
68719476996 825600
68719476997 291264
68719476998 33408
68719477056 6912
68719477057 155520
68719477058 499488
68719477059 572352
68719477060 291264
68719477061 67968
68719477062 4608
68719477120 13824
68719477121 85248
68719477122 149184
68719477123 102528
68719477124 33408
68719477125 4608
68719480834 -16704
68719480835 -17280
68719480836 58176
68719480837 112896
68719480838 85248
68719480897 -33408
68719480898 -46080
68719480899 405504
68719480900 873696
68719480901 935040
68719480902 298368
68719480960 -16704
68719480961 -46080
68719480962 710784
68719480963 2221344
68719480964 3097920
68719480965 1861632
68719480966 307584
68719481024 -17280
68719481025 405504
68719481026 2221344
68719481027 4493952
68719481028 3993984
68719481029 1405824
68719481030 133632
68719481088 58176
68719481089 873696
68719481090 3097920
68719481091 3993984
68719481092 2177280
68719481093 461952
68719481094 23040
68719481152 112896
68719481153 935040
68719481154 1861632
68719481155 1405824
68719481156 461952
68719481157 50688
68719481216 85248
68719481217 298368
68719481218 307584
68719481219 133632
68719481220 23040
68719484929 -18144
68719484930 -66240
68719484931 125448
68719484932 330960
68719484933 392928
68719484934 149184
68719484992 -18144
68719484993 -137664
68719484994 482904
68719484995 1889904
68719484996 2751840
68719484997 1857024
68719484998 307584
68719485056 -66240
68719485057 482904
68719485058 3201984
68719485059 6486720
68719485060 6359904
68719485061 2316096
68719485062 200448
68719485120 125448
68719485121 1889904
68719485122 6486720
68719485123 9273792
68719485124 5486400
68719485125 1101312
68719485126 46080
68719485184 330960
68719485185 2751840
68719485186 6359904
68719485187 5486400
68719485188 1826496
68719485189 172800
68719485248 392928
68719485249 1857024
68719485250 2316096
68719485251 1101312
68719485252 172800
68719485312 149184
68719485313 307584
68719485314 200448
68719485315 46080
68719489024 -5184
68719489025 -63648
68719489026 66624
68719489027 498768
68719489028 756960
68719489029 567744
68719489030 102528
68719489088 -63648
68719489089 140736
68719489090 1864464
68719489091 3854112
68719489092 4044864
68719489093 1579776
68719489094 133632
68719489152 66624
68719489153 1864464
68719489154 6274752
68719489155 9410496
68719489156 6100800
68719489157 1211904
68719489158 46080
68719489216 498768
68719489217 3854112
68719489218 9410496
68719489219 9255936
68719489220 3177216
68719489221 276480
68719489280 756960
68719489281 4044864
68719489282 6100800
68719489283 3177216
68719489284 472320
68719489344 567744
68719489345 1579776
68719489346 1211904
68719489347 276480
68719489408 102528
68719489409 133632
68719489410 46080
68719493120 -16848
68719493121 -10836
68719493122 362832
68719493123 812760
68719493124 890640
68719493125 378240
68719493126 33408
68719493184 -10836
68719493185 797592
68719493186 2862984
68719493187 4348368
68719493188 3072096
68719493189 627840
68719493190 23040
68719493248 362832
68719493249 2862984
68719493250 6940800
68719493251 7605312
68719493252 2741184
68719493253 230400
68719493312 812760
68719493313 4348368
68719493314 7605312
68719493315 4340160
68719493316 633600
68719493376 890640
68719493377 3072096
68719493378 2741184
68719493379 633600
68719493440 378240
68719493441 627840
68719493442 230400
68719493504 33408
68719493505 23040
68719497216 -9360
68719497217 117048
68719497218 494016
68719497219 751584
68719497220 571680
68719497221 123264
68719497222 4608
68719497280 117048
68719497281 1067904
68719497282 2523168
68719497283 3001248
68719497284 1147392
68719497285 96768
68719497344 494016
68719497345 2523168
68719497346 4901184
68719497347 3048768
68719497348 449280
68719497408 751584
68719497409 3001248
68719497410 3048768
68719497411 725760
68719497472 571680
68719497473 1147392
68719497474 449280
68719497536 123264
68719497537 96768
68719497600 4608
68719501312 12852
68719501313 155616
68719501314 360984
68719501315 455952
68719501316 185472
68719501317 16128
68719501376 155616
68719501377 759696
68719501378 1582896
68719501379 1064448
68719501380 161280
68719501440 360984
68719501441 1582896
68719501442 1792224
68719501443 443520
68719501504 455952
68719501505 1064448
68719501506 443520
68719501568 185472
68719501569 161280
68719501632 16128
68719505408 19536
68719505409 93168
68719505410 203088
68719505411 146304
68719505412 23040
68719505472 93168
68719505473 432000
68719505474 535104
68719505475 138240
68719505536 203088
68719505537 535104
68719505538 236160
68719505600 146304
68719505601 138240
68719505664 23040
68719509504 10032
68719509505 47988
68719509506 64008
68719509507 17280
68719509568 47988
68719509569 139320
68719509570 64800
68719509632 64008
68719509633 64800
68719509696 17280
68719513600 4704
68719513601 14760
68719513602 7200
68719513664 14760
68719513665 15840
68719513728 7200
68719517696 1404
68719517697 1584
68719517760 1584
68719521792 144
68736253955 -20736
68736253956 13824
68736253957 82944
68736253958 82944
68736254018 -29952
68736254019 229824
68736254020 830016
68736254021 1069632
68736254022 328320
68736254081 21888
68736254082 491904
68736254083 2253024
68736254084 3719904
68736254085 2289312
68736254086 315072
68736254144 31104
68736254145 335808
68736254146 2200320
68736254147 5384736
68736254148 5150976
68736254149 1642752
68736254150 120960
68736254208 77760
68736254209 781920
68736254210 3492864
68736254211 5345568
68736254212 2754240
68736254213 511488
68736254214 18432
68736254272 85248
68736254273 862080
68736254274 2586432
68736254275 1975104
68736254276 594432
68736254277 59904
68736254336 19584
68736254337 408384
68736254338 490752
68736254339 202752
68736254340 32256
68736258049 9792
68736258050 -85248
68736258051 23328
68736258052 512352
68736258053 905472
68736258054 328320
68736258112 9792
68736258113 -93312
68736258114 272016
68736258115 3420096
68736258116 6646656
68736258117 4591872
68736258118 630144
68736258176 29376
68736258177 449856
68736258178 5860512
68736258179 15909024
68736258180 16563744
68736258181 5376960
68736258182 362880
68736258240 220752
68736258241 3170016
68736258242 15395520
68736258243 24974688
68736258244 13708608
68736258245 2371968
68736258246 73728
68736258304 443616
68736258305 5790528
68736258306 17555904
68736258307 14737344
68736258308 4449024
68736258309 373248
68736258368 594528
68736258369 5170560
68736258370 6778368
68736258371 3003264
68736258372 442368
68736258432 408384
68736258433 981504
68736258434 608256
68736258435 129024
68736262144 14256
68736262145 -47808
68736262146 -223848
68736262147 1102488
68736262148 2687856
68736262149 2138400
68736262150 315072
68736262208 14400
68736262209 -352584
68736262210 4373040
68736262211 14111328
68736262212 16021728
68736262213 5510592
68736262214 362880
68736262272 -8064
68736262273 4122312
68736262274 22740288
68736262275 38552640
68736262276 22834080
68736262277 3865536
68736262278 110592
68736262336 923904
68736262337 12885936
68736262338 39378144
68736262339 36725088
68736262340 11303424
68736262341 857088
68736262400 2039712
68736262401 17035296
68736262402 25777152
68736262403 12388032
68736262404 1714176
68736262464 2379936
68736262465 7140672
68736262466 5139072
68736262467 1105920
68736262528 490752
68736262529 608256
68736262530 193536
68736266240 24912
68736266241 -324888
68736266242 789672
68736266243 3855744
68736266244 4766496
68736266245 1776384
68736266246 120960
68736266304 -240936
68736266305 1658232
68736266306 13687632
68736266307 24105504
68736266308 15425664
68736266309 2661120
68736266310 73728
68736266368 634752
68736266369 13020768
68736266370 39354624
68736266371 40187232
68736266372 12852864
68736266373 930816
68736266432 3183072
68736266433 24791424
68736266434 42239232
68736266435 22048128
68736266436 2967552
68736266496 5030304
68736266497 17996928
68736266498 14950656
68736266499 3271680
68736266560 2337408
68736266561 3646080
68736266562 1262592
68736266624 202752
68736266625 129024
68736270336 -89460
68736270337 65424
68736270338 2824944
68736270339 5278536
68736270340 3624720
68736270341 656064
68736270342 18432
68736270400 25968
68736270401 5931312
68736270402 18180960
68736270403 19940928
68736270404 6710112
68736270405 483840
68736270464 2470272
68736270465 18336504
68736270466 33965568
68736270467 19170432
68736270468 2585088
68736270528 5404944
68736270529 21714288
68736270530 20411424
68736270531 4596480
68736270592 4325568
68736270593 8127936
68736270594 3034368
68736270656 915840
68736270657 677376
68736270720 32256
68736274432 -58416
68736274433 964368
68736274434 3162072
68736274435 3671184
68736274436 1306080
68736274437 96768
68736274496 890520
68736274497 6740856
68736274498 13235184
68736274499 8011872
68736274500 1105920
68736274560 3181296
68736274561 13723920
68736274562 14275872
68736274563 3338496
68736274624 4102176
68736274625 8923104
68736274626 3566592
68736274688 1627776
68736274689 1354752
68736274752 138240
68736278528 115296
68736278529 974256
68736278530 2000376
68736278531 1286928
68736278532 184320
68736278592 972648
68736278593 4393992
68736278594 4957632
68736278595 1209600
68736278656 2131344
68736278657 5193936
68736278658 2207232
68736278720 1482048
68736278721 1354752
68736278784 232704
68736282624 120216
68736282625 563304
68736282626 677952
68736282627 172800
68736282688 579072
68736282689 1540224
68736282690 691200
68736282752 736128
68736282753 725760
68736282816 200448
68736286720 64500
68736286721 183456
68736286722 86400
68736286784 190296
68736286785 199584
68736286848 94176
68736290816 20088
68736290817 22176
68736290880 23040
68736294912 2304
68753031169 12960
68753031170 -62208
68753031171 -16416
68753031172 243648
68753031173 383616
68753031174 20736
68753031232 12960
68753031233 -84960
68753031234 12096
68753031235 1809792
68753031236 3606336
68753031237 1626048
68753031238 34560
68753031296 12096
68753031297 -3528
68753031298 3117312
68753031299 9432864
68753031300 7958016
68753031301 1550880
68753031302 10368
68753031360 8856
68753031361 1368000
68753031362 9346752
68753031363 13716288
68753031364 5661504
68753031365 568512
68753031424 34272
68753031425 3154320
68753031426 10323936
68753031427 7373664
68753031428 1699200
68753031429 82944
68753031488 124560
68753031489 2981472
68753031490 3940416
68753031491 1520640
68753031492 185472
68753031552 156384
68753031553 620352
68753031554 388800
68753031555 72576
68753035264 30384
68753035265 -67680
68753035266 -381456
68753035267 1005120
68753035268 2992032
68753035269 1608768
68753035270 34560
68753035328 27072
68753035329 -1017216
68753035330 4022352
68753035331 16962048
68753035332 15959232
68753035333 3125952
68753035334 20736
68753035392 -430920
68753035393 2786400
68753035394 27972576
68753035395 43837344
68753035396 18682560
68753035397 1726272
68753035456 -66096
68753035457 14767008
68753035458 48010464
68753035459 36156960
68753035460 8005824
68753035461 331776
68753035520 1536576
68753035521 20986848
68753035522 28815840
68753035523 11323584
68753035524 1200384
68753035584 2669568
68753035585 8725824
68753035586 5668992
68753035587 1046016
68753035648 620352
68753035649 777600
68753035650 217728
68753039360 78048
68753039361 -901476
68753039362 663192
68753039363 6929496
68753039364 7389504
68753039365 1557792
68753039366 10368
68753039424 -911628
68753039425 334392
68753039426 25041600
68753039427 42439248
68753039428 19184832
68753039429 1736640
68753039488 -922728
68753039489 22434600
68753039490 74396448
68753039491 59806080
68753039492 13159872
68753039493 497664
68753039552 4114224
68753039553 47881536
68753039554 70632864
68753039555 28739232
68753039556 2810304
68753039616 9295296
68753039617 32682816
68753039618 23031072
68753039619 4157568
68753039680 4475232
68753039681 6387264
68753039682 1916352
68753039744 388800
68753039745 217728
68753043456 -364512
68753043457 -888888
68753043458 6693120
68753043459 12728160
68753043460 6168960
68753043461 578880
68753043520 -1528944
68753043521 13136184
68753043522 47073168
68753043523 40308768
68753043524 9088704
68753043525 331776
68753043584 4258488
68753043585 48817728
68753043586 76719744
68753043587 32657760
68753043588 3083328
68753043648 14036256
68753043649 52975872
68753043650 40585536
68753043651 7300224
68753043712 11128320
68753043713 18169920
68753043714 5752512
68753043776 2238912
68753043777 1436544
68753043840 72576
68753047552 -612444
68753047553 2426484
68753047554 10436760
68753047555 9490968
68753047556 2238048
68753047557 82944
68753047616 1677540
68753047617 22937088
68753047618 38099520
68753047619 17035344
68753047620 1609920
68753047680 10676352
68753047681 42543000
68753047682 35088480
68753047683 6407136
68753047744 13379616
68753047745 24456384
68753047746 8147520
68753047808 4860432
68753047809 3473568
68753047872 380736
68753051648 170832
68753051649 4017336
68753051650 7059024
68753051651 3313872
68753051652 321984
68753051712 3974328
68753051713 16675272
68753051714 14630544
68753051715 2749248
68753051776 8500392
68753051777 16979472
68753051778 5941728
68753051840 5255136
68753051841 4095936
68753051904 761184
68753055744 570324
68753055745 2545128
68753055746 2350656
68753055747 458208
68753055808 2749536
68753055809 5882616
68753055810 2156112
68753055872 3036888
68753055873 2538720
68753055936 761040
68753059840 356760
68753059841 805320
68753059842 308016
68753059904 898992
68753059905 795456
68753059968 407664
68753063936 107280
68753063937 99432
68753064000 112104
68753068032 12456
68769808384 9504
68769808385 -57024
68769808386 -73440
68769808387 395712
68769808388 736128
68769808389 103680
68769808448 -37152
68769808449 -292608
68769808450 1842048
68769808451 5624064
68769808452 3381696
68769808453 172800
68769808512 -216648
68769808513 1433232
68769808514 10796928
68769808515 12581568
68769808516 3235104
68769808517 51840
68769808576 -85968
68769808577 6194304
68769808578 16196352
68769808579 8922240
68769808580 1143936
68769808640 541296
68769808641 7613760
68769808642 8821536
68769808643 2623680
68769808644 161280
68769808704 840960
68769808705 3062400
68769808706 1799424
68769808707 274176
68769808768 205056
68769808769 307584
68769808770 80640
68769812480 8064
68769812481 -574272
68769812482 868032
68769812483 4705632
68769812484 3317760
68769812485 172800
68769812544 -826704
68769812545 819120
68769812546 19635168
68769812547 25250688
68769812548 6568704
68769812549 103680
68769812608 -1041984
68769812609 18851520
68769812610 51768288
68769812611 29310624
68769812612 3495744
68769812672 3099936
68769812673 36174816
68769812674 42406656
68769812675 12209472
68769812676 634752
68769812736 6819552
68769812737 22363776
68769812738 12965184
68769812739 1760256
68769812800 3228288
68769812801 4404096
68769812802 1139328
68769812864 307584
68769812865 161280
68769816576 -505524
68769816577 -832848
68769816578 8037672
68769816579 11752416
68769816580 3269664
68769816581 51840
68769816640 -2273808
68769816641 16622496
68769816642 50552352
68769816643 30093120
68769816644 3530304
68769816704 4803384
68769816705 57122352
68769816706 69603264
68769816707 19959264
68769816708 941760
68769816768 16506816
68769816769 54464544
68769816770 32242752
68769816771 4083840
68769816832 12266496
68769816833 17360640
68769816834 4456512
68769816896 2450880
68769816897 1375488
68769816960 80640
68769820672 -1184976
68769820673 4084152
68769820674 15328608
68769820675 9708192
68769820676 1178496
68769820736 2323536
68769820737 36686064
68769820738 46981824
68769820739 13767552
68769820740 624384
68769820800 17415168
68769820801 59226720
68769820802 36274176
68769820803 4452480
68769820864 20039808
68769820865 29984256
68769820866 7737984
68769820928 6770304
68769820929 4041216
68769820992 510336
68769824768 180804
68769824769 8166744
68769824770 11141016
68769824771 3395808
68769824772 156096
68769824832 8270736
68769824833 29624688
68769824834 18873504
68769824835 2318400
68769824896 16269864
68769824897 25679952
68769824898 6748416
68769824960 8955360
68769824961 5650560
68769825024 1203840
68769828864 1426920
68769828865 5540184
68769828866 3680208
68769828867 463680
68769828928 6452928
68769828929 10689840
68769828930 2888352
68769828992 6173424
68769828993 4093632
68769829056 1400544
68769832960 994656
68769832961 1723032
68769832962 481392
68769833024 2138400
68769833025 1481760
68769833088 862416
68769837056 293904
68769837057 211680
68769837120 269568
68769841152 33696
68786585600 -15552
68786585601 -74304
68786585602 347328
68786585603 754272
68786585604 212544
68786585664 -166752
68786585665 799776
68786585666 4579200
68786585667 3789504
68786585668 354240
68786585728 30384
68786585729 5593848
68786585730 10435968
68786585731 3675168
68786585732 106272
68786585792 1185048
68786585793 8779488
68786585794 7476480
68786585795 1276128
68786585856 1763136
68786585857 4918128
68786585858 2202336
68786585859 177408
68786585920 769968
68786585921 1023840
68786585922 227520
68786585984 82080
68786585985 46080
68786589696 -223776
68786589697 223776
68786589698 3880656
68786589699 3699648
68786589700 354240
68786589760 -630912
68786589761 10161264
68786589762 20988864
68786589763 7507584
68786589764 212544
68786589824 3639720
68786589825 28278432
68786589826 24343488
68786589827 3891456
68786589888 8899680
68786589889 23404704
68786589890 9968256
68786589891 673344
68786589952 5890272
68786589953 7149600
68786589954 1404864
68786590016 1215072
68786590017 622080
68786590080 46080
68786593792 -705072
68786593793 4037028
68786593794 9846144
68786593795 3742560
68786593796 106272
68786593856 2919324
68786593857 27896688
68786593858 24996384
68786593859 3932064
68786593920 14516232
68786593921 38334960
68786593922 16066944
68786593923 973728
68786593984 14559744
68786593985 17332128
68786593986 3155328
68786594048 4692816
68786594049 2329344
68786594112 371520
68786597888 495000
68786597889 8491344
68786597890 8112960
68786597891 1316736
68786597952 9418224
68786597953 26009952
68786597954 11043648
68786597955 637056
68786598016 16033104
68786598017 19250496
68786598018 3367296
68786598080 7961184
68786598081 3916224
68786598144 1041408
68786601984 2063340
68786601985 6214308
68786601986 2734416
68786601987 159264
68786602048 8108340
68786602049 9994464
68786602050 1736640
68786602112 6766920
68786602113 3351456
68786602176 1411920
68786606080 1526232
68786606081 1957464
68786606082 347328
68786606144 2818152
68786606145 1423440
68786606208 1006128
68786610176 456444
68786610177 237240
68786610240 361872
68786614272 51696
68803362816 -24192
68803362817 150336
68803362818 438048
68803362819 228096
68803362880 93024
68803362881 1874880
68803362882 2414016
68803362883 380160
68803362944 1009368
68803362945 4407840
68803362946 2397600
68803362947 114048
68803363008 1720800
68803363009 3233664
68803363010 835488
68803363072 1007280
68803363073 973440
68803363074 117504
68803363136 218592
68803363137 102528
68803363200 10368
68803366912 -38592
68803366913 1596672
68803366914 2355264
68803366915 380160
68803366976 1776528
68803366977 8893440
68803366978 4917888
68803366979 228096
68803367040 5645376
68803367041 10446048
68803367042 2519424
68803367104 4852224
68803367105 4273344
68803367106 423360
68803367168 1520928
68803367169 602496
68803367232 137088
68803371008 633924
68803371009 4196160
68803371010 2461536
68803371011 114048
68803371072 5618880
68803371073 10745280
68803371074 2537568
68803371136 8019792
68803371137 6770592
68803371138 588384
68803371200 3626496
68803371201 1291392
68803371264 489024
68803375104 1692144
68803375105 3510432
68803375106 853632
68803375168 5491008
68803375169 4635648
68803375170 376704
68803375232 3993120
68803375233 1332864
68803375296 787392
68803379200 1317780
68803379201 1153728
68803379202 94176
68803379264 2074032
68803379265 676800
68803379328 655488
68803383296 408312
68803383297 135360
68803383360 275184
68803387392 45864
68820140032 24192
68820140033 137376
68820140034 134784
68820140096 297792
68820140097 825984
68820140098 224640
68820140160 735552
68820140161 846144
68820140162 67392
68820140224 558144
68820140225 301536
68820140288 173664
68820140289 43776
68820140352 19008
68820144128 249840
68820144129 808704
68820144130 224640
68820144192 1489536
68820144193 1738944
68820144194 134784
68820144256 1800000
68820144257 893376
68820144320 747072
68820144321 149184
68820144384 107712
68820148224 702144
68820148225 875520
68820148226 67392
68820148288 1860192
68820148289 894240
68820148352 1168128
68820148353 197856
68820148416 220608
68820152320 610560
68820152321 302400
68820152384 798336
68820152385 123264
68820152448 219456
68820156416 199728
68820156417 30816
68820156480 109440
68820160512 21888
68836917248 18144
68836917249 41472
68836917312 117504
68836917313 69120
68836917376 124416
68836917377 20736
68836917440 45792
68836917504 6912
68836921344 115776
68836921345 69120
68836921408 255744
68836921409 41472
68836921472 133056
68836921536 22464
68836925440 129600
68836925441 20736
68836925504 132192
68836925568 28512
68836929536 44928
68836929600 17280
68836933632 4320
68853694464 5184
68853694528 8640
68853694592 2592
68853698560 8640
68853698624 5184
68853702656 2592
69793218563 31104
69793218564 77760
69793218565 85248
69793218566 19584
69793218626 21888
69793218627 335808
69793218628 781920
69793218629 862080
69793218630 408384
69793218689 -29952
69793218690 491904
69793218691 2200320
69793218692 3492864
69793218693 2586432
69793218694 490752
69793218752 -20736
69793218753 229824
69793218754 2253024
69793218755 5384736
69793218756 5345568
69793218757 1975104
69793218758 202752
69793218816 13824
69793218817 830016
69793218818 3719904
69793218819 5150976
69793218820 2754240
69793218821 594432
69793218822 32256
69793218880 82944
69793218881 1069632
69793218882 2289312
69793218883 1642752
69793218884 511488
69793218885 59904
69793218944 82944
69793218945 328320
69793218946 315072
69793218947 120960
69793218948 18432
69793222657 9792
69793222658 29376
69793222659 220752
69793222660 443616
69793222661 594528
69793222662 408384
69793222720 9792
69793222721 -93312
69793222722 449856
69793222723 3170016
69793222724 5790528
69793222725 5170560
69793222726 981504
69793222784 -85248
69793222785 272016
69793222786 5860512
69793222787 15395520
69793222788 17555904
69793222789 6778368
69793222790 608256
69793222848 23328
69793222849 3420096
69793222850 15909024
69793222851 24974688
69793222852 14737344
69793222853 3003264
69793222854 129024
69793222912 512352
69793222913 6646656
69793222914 16563744
69793222915 13708608
69793222916 4449024
69793222917 442368
69793222976 905472
69793222977 4591872
69793222978 5376960
69793222979 2371968
69793222980 373248
69793223040 328320
69793223041 630144
69793223042 362880
69793223043 73728
69793226752 14256
69793226753 14400
69793226754 -8064
69793226755 923904
69793226756 2039712
69793226757 2379936
69793226758 490752
69793226816 -47808
69793226817 -352584
69793226818 4122312
69793226819 12885936
69793226820 17035296
69793226821 7140672
69793226822 608256
69793226880 -223848
69793226881 4373040
69793226882 22740288
69793226883 39378144
69793226884 25777152
69793226885 5139072
69793226886 193536
69793226944 1102488
69793226945 14111328
69793226946 38552640
69793226947 36725088
69793226948 12388032
69793226949 1105920
69793227008 2687856
69793227009 16021728
69793227010 22834080
69793227011 11303424
69793227012 1714176
69793227072 2138400
69793227073 5510592
69793227074 3865536
69793227075 857088
69793227136 315072
69793227137 362880
69793227138 110592
69793230848 24912
69793230849 -240936
69793230850 634752
69793230851 3183072
69793230852 5030304
69793230853 2337408
69793230854 202752
69793230912 -324888
69793230913 1658232
69793230914 13020768
69793230915 24791424
69793230916 17996928
69793230917 3646080
69793230918 129024
69793230976 789672
69793230977 13687632
69793230978 39354624
69793230979 42239232
69793230980 14950656
69793230981 1262592
69793231040 3855744
69793231041 24105504
69793231042 40187232
69793231043 22048128
69793231044 3271680
69793231104 4766496
69793231105 15425664
69793231106 12852864
69793231107 2967552
69793231168 1776384
69793231169 2661120
69793231170 930816
69793231232 120960
69793231233 73728
69793234944 -89460
69793234945 25968
69793234946 2470272
69793234947 5404944
69793234948 4325568
69793234949 915840
69793234950 32256
69793235008 65424
69793235009 5931312
69793235010 18336504
69793235011 21714288
69793235012 8127936
69793235013 677376
69793235072 2824944
69793235073 18180960
69793235074 33965568
69793235075 20411424
69793235076 3034368
69793235136 5278536
69793235137 19940928
69793235138 19170432
69793235139 4596480
69793235200 3624720
69793235201 6710112
69793235202 2585088
69793235264 656064
69793235265 483840
69793235328 18432
69793239040 -58416
69793239041 890520
69793239042 3181296
69793239043 4102176
69793239044 1627776
69793239045 138240
69793239104 964368
69793239105 6740856
69793239106 13723920
69793239107 8923104
69793239108 1354752
69793239168 3162072
69793239169 13235184
69793239170 14275872
69793239171 3566592
69793239232 3671184
69793239233 8011872
69793239234 3338496
69793239296 1306080
69793239297 1105920
69793239360 96768
69793243136 115296
69793243137 972648
69793243138 2131344
69793243139 1482048
69793243140 232704
69793243200 974256
69793243201 4393992
69793243202 5193936
69793243203 1354752
69793243264 2000376
69793243265 4957632
69793243266 2207232
69793243328 1286928
69793243329 1209600
69793243392 184320
69793247232 120216
69793247233 579072
69793247234 736128
69793247235 200448
69793247296 563304
69793247297 1540224
69793247298 725760
69793247360 677952
69793247361 691200
69793247424 172800
69793251328 64500
69793251329 190296
69793251330 94176
69793251392 183456
69793251393 199584
69793251456 86400
69793255424 20088
69793255425 23040
69793255488 22176
69793259520 2304
69809995777 25920
69809995778 15552
69809995779 114912
69809995780 511776
69809995781 755136
69809995782 366336
69809995840 25920
69809995841 -38592
69809995842 40464
69809995843 3031200
69809995844 6802944
69809995845 5328000
69809995846 693504
69809995904 15552
69809995905 40464
69809995906 5328576
69809995907 17376192
69809995908 19147296
69809995909 5928192
69809995910 362880
69809995968 114912
69809995969 3031200
69809995970 17376192
69809995971 28124928
69809995972 14092416
69809995973 2264832
69809995974 62208
69809996032 511776
69809996033 6802944
69809996034 19147296
69809996035 14092416
69809996036 3807360
69809996037 308736
69809996096 755136
69809996097 5328000
69809996098 5928192
69809996099 2264832
69809996100 308736
69809996160 366336
69809996161 693504
69809996162 362880
69809996163 62208
69809999872 60768
69809999873 117216
69809999874 -599328
69809999875 1229424
69809999876 5155296
69809999877 5202432
69809999878 693504
69809999936 117216
69809999937 -1868400
69809999938 5387472
69809999939 30319776
69809999940 39225984
69809999941 12678912
69809999942 725760
69810000000 -599328
69810000001 5387472
69810000002 51551808
69810000003 93625248
69810000004 50684544
69810000005 7721856
69810000006 186624
69810000064 1229424
69810000065 30319776
69810000066 93625248
69810000067 77090688
69810000068 21146112
69810000069 1476864
69810000128 5155296
69810000129 39225984
69810000130 50684544
69810000131 21146112
69810000132 2730240
69810000192 5202432
69810000193 12678912
69810000194 7721856
69810000195 1476864
69810000256 693504
69810000257 725760
69810000258 186624
69810003968 246816
69810003969 -1588896
69810003970 -539064
69810003971 11262192
69810003972 18221088
69810003973 6403968
69810003974 362880
69810004032 -1588896
69810004033 -982656
69810004034 43967088
69810004035 92544768
69810004036 54805824
69810004037 8286336
69810004038 186624
69810004096 -539064
69810004097 43967088
69810004098 149970144
69810004099 137382336
69810004100 38665728
69810004101 2484864
69810004160 11262192
69810004161 92544768
69810004162 137382336
69810004163 62214912
69810004164 7675776
69810004224 18221088
69810004225 54805824
69810004226 38665728
69810004227 7675776
69810004288 6403968
69810004289 8286336
69810004290 2484864
69810004352 362880
69810004353 186624
69810008064 -616128
69810008065 -2819352
69810008066 10347600
69810008067 27881952
69810008068 18149184
69810008069 2829312
69810008070 62208
69810008128 -2819352
69810008129 23658912
69810008130 96507168
69810008131 97402176
69810008132 28558080
69810008133 1774080
69810008192 10347600
69810008193 96507168
69810008194 159912000
69810008195 78101568
69810008196 9463680
69810008256 27881952
69810008257 97402176
69810008258 78101568
69810008259 15934464
69810008320 18149184
69810008321 28558080
69810008322 9463680
69810008384 2829312
69810008385 1774080
69810008448 62208
69810012160 -1313808
69810012161 3549696
69810012162 21404856
69810012163 23743584
69810012164 7321824
69810012165 457344
69810012224 3549696
69810012225 45767136
69810012226 83414016
69810012227 43612992
69810012228 5323968
69810012288 21404856
69810012289 83414016
69810012290 74193408
69810012291 15627456
69810012352 23743584
69810012353 43612992
69810012354 15627456
69810012416 7321824
69810012417 5323968
69810012480 457344
69810016256 219072
69810016257 7961208
69810016258 16012800
69810016259 8895456
69810016260 1114560
69810016320 7961208
69810016321 34256160
69810016322 33094656
69810016323 7231680
69810016384 16012800
69810016385 33094656
69810016386 12655872
69810016448 8895456
69810016449 7231680
69810016512 1114560
69810020352 1123848
69810020353 5411232
69810020354 5588640
69810020355 1269792
69810020416 5411232
69810020417 12242304
69810020418 4946976
69810020480 5588640
69810020481 4946976
69810020544 1269792
69810024448 725328
69810024449 1761840
69810024450 746208
69810024512 1761840
69810024513 1665792
69810024576 746208
69810028544 220824
69810028545 219888
69810028608 219888
69810032640 25776
69826772992 28512
69826772993 -44064
69826772994 -220320
69826772995 1204128
69826772996 2962656
69826772997 1807488
69826772998 34560
69826773056 -24192
69826773057 -1204272
69826773058 3630960
69826773059 17511552
69826773060 17789760
69826773061 3390336
69826773062 20736
69826773120 -547560
69826773121 2431440
69826773122 29363904
69826773123 47311200
69826773124 19056672
69826773125 1667520
69826773184 144864
69826773185 16112448
69826773186 50066208
69826773187 33993216
69826773188 6841728
69826773189 259200
69826773248 2139696
69826773249 21136416
69826773250 25138656
69826773251 8567424
69826773252 842112
69826773312 2548512
69826773313 6816960
69826773314 3756672
69826773315 597888
69826773376 388800
69826773377 387072
69826773378 86400
69826777088 169920
69826777089 -2037168
69826777090 73584
69826777091 14045616
69826777092 17318016
69826777093 3435264
69826777094 20736
69826777152 -2427552
69826777153 -2920320
69826777154 52672464
69826777155 97930656
69826777156 41557248
69826777157 3424896
69826777216 -3086208
69826777217 48758448
69826777218 168177888
69826777219 122888448
69826777220 24214464
69826777221 798336
69826777280 10077936
69826777281 105512064
69826777282 136543392
69826777283 48355776
69826777284 4263552
69826777344 19994208
69826777345 58620096
69826777346 35074944
69826777347 5614848
69826777408 7134912
69826777409 8437248
69826777410 2128896
69826777472 387072
69826777473 172800
69826781184 -1493676
69826781185 -6242976
69826781186 19509048
69826781187 46017216
69826781188 21154464
69826781189 1747008
69826781248 -8259504
69826781249 39633840
69826781250 168876720
69826781251 133942752
69826781252 26646912
69826781253 819072
69826781312 13619784
69826781313 172507632
69826781314 243744480
69826781315 90082080
69826781316 7466688
69826781376 48697104
69826781377 158959296
69826781378 103762368
69826781379 16500096
69826781440 30908736
69826781441 42177024
69826781442 11530944
69826781504 4487040
69826781505 2377728
69826781568 86400
69826785280 -4509840
69826785281 7270224
69826785282 51511104
69826785283 44753184
69826785284 9239616
69826785285 279936
69826785344 4624344
69826785345 112625328
69826785346 174220128
69826785347 67607424
69826785348 5490432
69826785408 51853200
69826785409 186350976
69826785410 131537952
69826785411 21024576
69826785472 55301184
69826785473 85313088
69826785474 24743232
69826785536 15401088
69826785537 9336960
69826785600 846720
69826789376 -613116
69826789377 24896616
69826789378 42926184
69826789379 17559792
69826789380 1445184
69826789440 24528240
69826789441 98298432
69826789442 74299968
69826789443 12116448
69826789504 47940408
69826789505 81575136
69826789506 24890976
69826789568 23529312
69826789569 15805728
69826789632 2600352
69826793472 4107792
69826793473 19074528
69826793474 15334128
69826793475 2580192
69826793536 19935000
69826793537 36742320
69826793538 11740896
69826793600 17959392
69826793601 13053312
69826793664 3598848
69826797568 3176712
69826797569 6273432
69826797570 2091312
69826797632 6704064
69826797633 5181696
69826797696 2499984
69826801664 974952
69826801665 791280
69826801728 852624
69826805760 113760
69843550208 -23328
69843550209 -479520
69843550210 1238688
69843550211 4894848
69843550212 3732480
69843550213 172800
69843550272 -888192
69843550273 890784
69843550274 20063040
69843550275 27453888
69843550276 6992640
69843550277 103680
69843550336 -854496
69843550337 19315296
69843550338 53778144
69843550339 28842048
69843550340 3260736
69843550400 3581856
69843550401 36097920
69843550402 38600064
69843550403 9929664
69843550404 459648
69843550464 6562656
69843550465 18825792
69843550466 9479808
69843550467 1131264
69843550528 2384064
69843550529 2805120
69843550530 605952
69843550592 145152
69843550593 59904
69843554304 -1160064
69843554305 -2185248
69843554306 16506672
69843554307 26784576
69843554308 7184448
69843554309 103680
69843554368 -5459184
69843554369 34253280
69843554370 112101504
69843554371 63465408
69843554372 6867072
69843554432 10460304
69843554433 122952096
69843554434 138530016
69843554435 35503488
69843554436 1441152
69843554496 34488672
69843554497 101545728
69843554498 52413696
69843554499 5789952
69843554560 20994432
69843554561 25576704
69843554562 5616000
69843554624 3103488
69843554625 1437696
69843554688 59904
69843558400 -4866192
69843558401 11414400
69843558402 53107104
69843558403 32569920
69843558404 3576960
69843558464 5994384
69843558465 124847376
69843558466 151485120
69843558467 39626496
69843558468 1513728
69843558528 57911856
69843558529 181407168
69843558530 97419456
69843558531 10304064
69843558592 57376416
69843558593 74391552
69843558594 16530048
69843558656 15171264
69843558657 7651584
69843558720 801792
69843562496 -780120
69843562497 37933728
69843562498 50994432
69843562499 13938624
69843562500 532224
69843562560 37764192
69843562561 130513632
69843562562 73619136
69843562563 7725312
69843562624 67950144
69843562625 93980160
69843562626 21272832
69843562688 30291264
69843562689 16363008
69843562752 3083904
69843566592 8004192
69843566593 32352432
69843566594 19325808
69843566595 2074752
69843566656 36147696
69843566657 53355312
69843566658 12430368
69843566720 28919520
69843566721 16552512
69843566784 5188032
69843570688 7027320
69843570689 11107296
69843570690 2686176
69843570752 13090176
69843570753 7884864
69843570816 4296672
69843574784 2251296
69843574785 1420272
69843574848 1717920
69843578880 264672
69860327424 -219456
69860327425 488448
69860327426 4093632
69860327427 4138560
69860327428 354240
69860327488 -480528
69860327489 10325616
69860327490 22345344
69860327491 7821504
69860327492 212544
69860327552 3778344
69860327553 28660224
69860327554 23474304
69860327555 3524256
69860327616 8624448
69860327617 21056256
69860327618 7996608
69860327619 463104
69860327680 4846032
69860327681 5259744
69860327682 884160
69860327744 765504
69860327745 332928
69860327808 17280
69860331520 -1447104
69860331521 8390688
69860331522 21893184
69860331523 8144640
69860331524 212544
69860331584 6009408
69860331585 60076320
69860331586 51821568
69860331587 7561728
69860331648 30107424
69860331649 75011904
69860331650 28297152
69860331651 1446336
69860331712 26484768
69860331713 28142784
69860331714 4379904
69860331776 6892128
69860331777 2923776
69860331840 391680
69860335616 1106772
69860335617 28455168
69860335618 26795232
69860335619 4015008
69860335680 30675312
69860335681 82243584
69860335682 31737024
69860335683 1539648
69860335744 47736000
69860335745 51631776
69860335746 7715520
69860335808 19662912
69860335809 8318592
69860335872 1978560
69860339712 9018960
69860339713 27807840
69860339714 11296512
69860339715 556416
69860339776 34578144
69860339777 39064896
69860339778 5824512
69860339840 24667776
69860339841 10573056
69860339904 4095936
69860343808 8558604
69860343809 10332576
69860343810 1590912
69860343872 14032800
69860343873 6195744
69860343936 4092624
69860347904 2935224
69860347905 1353456
69860347968 1950912
69860352000 353952
69877104640 27360
69877104641 1695168
69877104642 2600640
69877104643 380160
69877104704 1833264
69877104705 9298368
69877104706 5009472
69877104707 228096
69877104768 5632416
69877104769 9952704
69877104770 2240352
69877104832 4332096
69877104833 3463488
69877104834 290304
69877104896 1134432
69877104897 392832
69877104960 76032
69877108736 1368864
69877108737 9142848
69877108738 5277312
69877108739 228096
69877108800 11850048
69877108801 21970368
69877108802 4845312
69877108864 15464160
69877108865 11981952
69877108866 876096
69877108928 5942016
69877108929 1833984
69877108992 634752
69877112832 5524128
69877112833 11423232
69877112834 2610144
69877112896 17036064
69877112897 13400064
69877112898 927936
69877112960 10767744
69877112961 3122496
69877113024 1718784
69877116928 5754816
69877116929 4805568
69877116930 342144
69877116992 8141184
69877116993 2338560
69877117056 2123712
69877121024 2160576
69877121025 645120
69877121088 1235232
69877125120 271152
69893881856 269280
69893881857 876096
69893881858 224640
69893881920 1536768
69893881921 1734336
69893881922 134784
69893881984 1701216
69893881985 790560
69893882048 616896
69893882049 107136
69893882112 74304
69893885952 1510272
69893885953 1843200
69893885954 134784
69893886016 3754368
69893886017 1703808
69893886080 2087424
69893886081 305856
69893886144 328320
69893890048 1956672
69893890049 925344
69893890112 2320704
69893890113 316224
69893890176 535680
69893894144 834624
69893894145 117504
69893894208 393984
69893898240 108864
69910659072 122688
69910659073 69120
69910659136 250560
69910659137 41472
69910659200 118368
69910659264 17280
69910663168 267840
69910663169 41472
69910663232 252288
69910663296 46656
69910667264 137376
69910667328 46656
69910671360 17280
69927436288 8640
69927436352 5184
69927440384 5184
70866960385 12960
70866960386 12096
70866960387 8856
70866960388 34272
70866960389 124560
70866960390 156384
70866960448 12960
70866960449 -84960
70866960450 -3528
70866960451 1368000
70866960452 3154320
70866960453 2981472
70866960454 620352
70866960512 -62208
70866960513 12096
70866960514 3117312
70866960515 9346752
70866960516 10323936
70866960517 3940416
70866960518 388800
70866960576 -16416
70866960577 1809792
70866960578 9432864
70866960579 13716288
70866960580 7373664
70866960581 1520640
70866960582 72576
70866960640 243648
70866960641 3606336
70866960642 7958016
70866960643 5661504
70866960644 1699200
70866960645 185472
70866960704 383616
70866960705 1626048
70866960706 1550880
70866960707 568512
70866960708 82944
70866960768 20736
70866960769 34560
70866960770 10368
70866964480 30384
70866964481 27072
70866964482 -430920
70866964483 -66096
70866964484 1536576
70866964485 2669568
70866964486 620352
70866964544 -67680
70866964545 -1017216
70866964546 2786400
70866964547 14767008
70866964548 20986848
70866964549 8725824
70866964550 777600
70866964608 -381456
70866964609 4022352
70866964610 27972576
70866964611 48010464
70866964612 28815840
70866964613 5668992
70866964614 217728
70866964672 1005120
70866964673 16962048
70866964674 43837344
70866964675 36156960
70866964676 11323584
70866964677 1046016
70866964736 2992032
70866964737 15959232
70866964738 18682560
70866964739 8005824
70866964740 1200384
70866964800 1608768
70866964801 3125952
70866964802 1726272
70866964803 331776
70866964864 34560
70866964865 20736
70866968576 78048
70866968577 -911628
70866968578 -922728
70866968579 4114224
70866968580 9295296
70866968581 4475232
70866968582 388800
70866968640 -901476
70866968641 334392
70866968642 22434600
70866968643 47881536
70866968644 32682816
70866968645 6387264
70866968646 217728
70866968704 663192
70866968705 25041600
70866968706 74396448
70866968707 70632864
70866968708 23031072
70866968709 1916352
70866968768 6929496
70866968769 42439248
70866968770 59806080
70866968771 28739232
70866968772 4157568
70866968832 7389504
70866968833 19184832
70866968834 13159872
70866968835 2810304
70866968896 1557792
70866968897 1736640
70866968898 497664
70866968960 10368
70866972672 -364512
70866972673 -1528944
70866972674 4258488
70866972675 14036256
70866972676 11128320
70866972677 2238912
70866972678 72576
70866972736 -888888
70866972737 13136184
70866972738 48817728
70866972739 52975872
70866972740 18169920
70866972741 1436544
70866972800 6693120
70866972801 47073168
70866972802 76719744
70866972803 40585536
70866972804 5752512
70866972864 12728160
70866972865 40308768
70866972866 32657760
70866972867 7300224
70866972928 6168960
70866972929 9088704
70866972930 3083328
70866972992 578880
70866972993 331776
70866976768 -612444
70866976769 1677540
70866976770 10676352
70866976771 13379616
70866976772 4860432
70866976773 380736
70866976832 2426484
70866976833 22937088
70866976834 42543000
70866976835 24456384
70866976836 3473568
70866976896 10436760
70866976897 38099520
70866976898 35088480
70866976899 8147520
70866976960 9490968
70866976961 17035344
70866976962 6407136
70866977024 2238048
70866977025 1609920
70866977088 82944
70866980864 170832
70866980865 3974328
70866980866 8500392
70866980867 5255136
70866980868 761184
70866980928 4017336
70866980929 16675272
70866980930 16979472
70866980931 4095936
70866980992 7059024
70866980993 14630544
70866980994 5941728
70866981056 3313872
70866981057 2749248
70866981120 321984
70866984960 570324
70866984961 2749536
70866984962 3036888
70866984963 761040
70866985024 2545128
70866985025 5882616
70866985026 2538720
70866985088 2350656
70866985089 2156112
70866985152 458208
70866989056 356760
70866989057 898992
70866989058 407664
70866989120 805320
70866989121 795456
70866989184 308016
70866993152 107280
70866993153 112104
70866993216 99432
70866997248 12456
70883737600 28512
70883737601 -24192
70883737602 -547560
70883737603 144864
70883737604 2139696
70883737605 2548512
70883737606 388800
70883737664 -44064
70883737665 -1204272
70883737666 2431440
70883737667 16112448
70883737668 21136416
70883737669 6816960
70883737670 387072
70883737728 -220320
70883737729 3630960
70883737730 29363904
70883737731 50066208
70883737732 25138656
70883737733 3756672
70883737734 86400
70883737792 1204128
70883737793 17511552
70883737794 47311200
70883737795 33993216
70883737796 8567424
70883737797 597888
70883737856 2962656
70883737857 17789760
70883737858 19056672
70883737859 6841728
70883737860 842112
70883737920 1807488
70883737921 3390336
70883737922 1667520
70883737923 259200
70883737984 34560
70883737985 20736
70883741696 169920
70883741697 -2427552
70883741698 -3086208
70883741699 10077936
70883741700 19994208
70883741701 7134912
70883741702 387072
70883741760 -2037168
70883741761 -2920320
70883741762 48758448
70883741763 105512064
70883741764 58620096
70883741765 8437248
70883741766 172800
70883741824 73584
70883741825 52672464
70883741826 168177888
70883741827 136543392
70883741828 35074944
70883741829 2128896
70883741888 14045616
70883741889 97930656
70883741890 122888448
70883741891 48355776
70883741892 5614848
70883741952 17318016
70883741953 41557248
70883741954 24214464
70883741955 4263552
70883742016 3435264
70883742017 3424896
70883742018 798336
70883742080 20736
70883745792 -1493676
70883745793 -8259504
70883745794 13619784
70883745795 48697104
70883745796 30908736
70883745797 4487040
70883745798 86400
70883745856 -6242976
70883745857 39633840
70883745858 172507632
70883745859 158959296
70883745860 42177024
70883745861 2377728
70883745920 19509048
70883745921 168876720
70883745922 243744480
70883745923 103762368
70883745924 11530944
70883745984 46017216
70883745985 133942752
70883745986 90082080
70883745987 16500096
70883746048 21154464
70883746049 26646912
70883746050 7466688
70883746112 1747008
70883746113 819072
70883749888 -4509840
70883749889 4624344
70883749890 51853200
70883749891 55301184
70883749892 15401088
70883749893 846720
70883749952 7270224
70883749953 112625328
70883749954 186350976
70883749955 85313088
70883749956 9336960
70883750016 51511104
70883750017 174220128
70883750018 131537952
70883750019 24743232
70883750080 44753184
70883750081 67607424
70883750082 21024576
70883750144 9239616
70883750145 5490432
70883750208 279936
70883753984 -613116
70883753985 24528240
70883753986 47940408
70883753987 23529312
70883753988 2600352
70883754048 24896616
70883754049 98298432
70883754050 81575136
70883754051 15805728
70883754112 42926184
70883754113 74299968
70883754114 24890976
70883754176 17559792
70883754177 12116448
70883754240 1445184
70883758080 4107792
70883758081 19935000
70883758082 17959392
70883758083 3598848
70883758144 19074528
70883758145 36742320
70883758146 13053312
70883758208 15334128
70883758209 11740896
70883758272 2580192
70883762176 3176712
70883762177 6704064
70883762178 2499984
70883762240 6273432
70883762241 5181696
70883762304 2091312
70883766272 974952
70883766273 852624
70883766336 791280
70883770368 113760
70900514816 -15552
70900514817 -1243296
70900514818 -240624
70900514819 6575328
70900514820 8864640
70900514821 1896480
70900514822 10368
70900514880 -1243296
70900514881 -811008
70900514882 27329616
70900514883 50979456
70900514884 21249216
70900514885 1762560
70900514944 -240624
70900514945 27329616
70900514946 85376448
70900514947 57206880
70900514948 10678176
70900514949 336960
70900515008 6575328
70900515009 50979456
70900515010 57206880
70900515011 17794944
70900515012 1461888
70900515072 8864640
70900515073 21249216
70900515074 10678176
70900515075 1461888
70900515136 1896480
70900515137 1762560
70900515138 336960
70900515200 10368
70900518912 -1959264
70900518913 -7993296
70900518914 18419184
70900518915 49461264
70900518916 22740480
70900518917 1831680
70900518976 -7993296
70900518977 44046384
70900518978 183276720
70900518979 136067328
70900518980 25358976
70900518981 715392
70900519040 18419184
70900519041 183276720
70900519042 230147136
70900519043 75589632
70900519044 5690304
70900519104 49461264
70900519105 136067328
70900519106 75589632
70900519107 10551168
70900519168 22740480
70900519169 25358976
70900519170 5690304
70900519232 1831680
70900519233 715392
70900523008 -8671584
70900523009 8775600
70900523010 86166504
70900523011 72834048
70900523012 14001696
70900523013 378432
70900523072 8775600
70900523073 190321824
70900523074 270828720
70900523075 94085856
70900523076 6797952
70900523136 86166504
70900523137 270828720
70900523138 165106656
70900523139 23168160
70900523200 72834048
70900523201 94085856
70900523202 23168160
70900523264 14001696
70900523265 6797952
70900523328 378432
70900527104 -3119808
70900527105 56745840
70900527106 95295744
70900527107 35305920
70900527108 2548800
70900527168 56745840
70900527169 209030688
70900527170 138693600
70900527171 19776960
70900527232 95295744
70900527233 138693600
70900527234 36422784
70900527296 35305920
70900527297 19776960
70900527360 2548800
70900531200 11569272
70900531201 54121608
70900531202 39020904
70900531203 5733072
70900531264 54121608
70900531265 87272352
70900531266 24183360
70900531328 39020904
70900531329 24183360
70900531392 5733072
70900535296 10958400
70900535297 19497744
70900535298 5675184
70900535360 19497744
70900535361 13038624
70900535424 5675184
70900539392 3595608
70900539393 2554632
70900539456 2554632
70900543488 427680
70917292032 -676512
70917292033 -966672
70917292034 8035776
70917292035 13849344
70917292036 3887136
70917292037 51840
70917292096 -2009664
70917292097 17804736
70917292098 56973120
70917292099 31439232
70917292100 3392064
70917292160 6586704
70917292161 60522912
70917292162 62584416
70917292163 14748480
70917292164 540864
70917292224 16339104
70917292225 41745600
70917292226 18652032
70917292227 1748736
70917292288 7522848
70917292289 7760448
70917292290 1360512
70917292352 663552
70917292353 228096
70917296128 -5105376
70917296129 11214672
70917296130 56051664
70917296131 34216992
70917296132 3673728
70917296192 8067744
70917296193 131155488
70917296194 149728608
70917296195 36313920
70917296196 1237248
70917296256 59623056
70917296257 166862304
70917296258 79166016
70917296259 7216128
70917296320 47986848
70917296321 53401536
70917296322 9855360
70917296384 9161856
70917296385 3667968
70917296448 248832
70917300224 -1910616
70917300225 61462176
70917300226 80858592
70917300227 20683296
70917300228 701568
70917300288 61499280
70917300289 197138592
70917300290 100124352
70917300291 9123840
70917300352 95693616
70917300353 115989120
70917300354 22312800
70917300416 33155424
70917300417 14814144
70917300480 2245248
70917304320 17241936
70917304321 69547680
70917304322 38285856
70917304323 3597696
70917304384 74057760
70917304385 98194176
70917304386 19751616
70917304448 48593088
70917304449 23633856
70917304512 6425856
70917308416 19022688
70917308417 27928656
70917308418 5922000
70917308480 30695616
70917308481 16043040
70917308544 7893504
70917312512 6891840
70917312513 3849120
70917312576 4310208
70917316608 856728
70934069248 -610272
70934069249 4197960
70934069250 11283552
70934069251 4301856
70934069252 106272
70934069312 3376872
70934069313 30026688
70934069314 25054272
70934069315 3583008
70934069376 14608800
70934069377 33413184
70934069378 11387520
70934069379 480384
70934069440 10799712
70934069441 10075968
70934069442 1244160
70934069504 2134080
70934069505 724608
70934069568 67392
70934073344 1286520
70934073345 29655600
70934073346 27603072
70934073347 4033152
70934073408 31667856
70934073409 79877376
70934073410 28475136
70934073411 1183680
70934073472 43136352
70934073473 41739840
70934073474 5166720
70934073536 14230656
70934073537 4940928
70934073600 988992
70934077440 14295072
70934077441 43264656
70934077442 16577856
70934077443 721440
70934077504 51054480
70934077505 52834464
70934077506 6753024
70934077568 30424032
70934077569 11041056
70934077632 3781152
70934081536 17864496
70934081537 20387232
70934081538 2771712
70934081600 25718400
70934081601 9896832
70934081664 5921856
70934085632 7322832
70934085633 3030192
70934085696 4029840
70934089728 976608
70950846464 722376
70950846465 4673376
70950846466 2715552
70950846467 114048
70950846528 5878080
70950846529 10425024
70950846530 2216160
70950846592 6837408
70950846593 4791744
70950846594 269568
70950846656 2172096
70950846657 535680
70950846720 169344
70950850560 5740560
70950850561 11564640
70950850562 2567808
70950850624 16321824
70950850625 11923776
70950850626 689472
70950850688 8757504
70950850689 2108160
70950850752 1067904
70950854656 8806608
70950854657 7010208
70950854658 443232
70950854720 11006208
70950854721 2744064
70950854784 2281824
70950858752 4245120
70950858753 1147392
70950858816 2021760
70950862848 621648
70967623680 766656
70967623681 924480
70967623682 67392
70967623744 1757376
70967623745 761184
70967623808 842400
70967623809 95040
70967623872 103680
70967627776 1952640
70967627777 895104
70967627840 2063232
70967627841 236736
70967627904 378432
70967631872 1212192
70967631873 154656
70967631936 476928
70967635968 198720
70984400896 131328
70984400897 20736
70984400960 111456
70984401024 15552
70984404992 131328
70984405056 36288
70984409088 23328
71001178112 2592
71940702208 9504
71940702209 -37152
71940702210 -216648
71940702211 -85968
71940702212 541296
71940702213 840960
71940702214 205056
71940702272 -57024
71940702273 -292608
71940702274 1433232
71940702275 6194304
71940702276 7613760
71940702277 3062400
71940702278 307584
71940702336 -73440
71940702337 1842048
71940702338 10796928
71940702339 16196352
71940702340 8821536
71940702341 1799424
71940702342 80640
71940702400 395712
71940702401 5624064
71940702402 12581568
71940702403 8922240
71940702404 2623680
71940702405 274176
71940702464 736128
71940702465 3381696
71940702466 3235104
71940702467 1143936
71940702468 161280
71940702528 103680
71940702529 172800
71940702530 51840
71940706304 8064
71940706305 -826704
71940706306 -1041984
71940706307 3099936
71940706308 6819552
71940706309 3228288
71940706310 307584
71940706368 -574272
71940706369 819120
71940706370 18851520
71940706371 36174816
71940706372 22363776
71940706373 4404096
71940706374 161280
71940706432 868032
71940706433 19635168
71940706434 51768288
71940706435 42406656
71940706436 12965184
71940706437 1139328
71940706496 4705632
71940706497 25250688
71940706498 29310624
71940706499 12209472
71940706500 1760256
71940706560 3317760
71940706561 6568704
71940706562 3495744
71940706563 634752
71940706624 172800
71940706625 103680
71940710400 -505524
71940710401 -2273808
71940710402 4803384
71940710403 16506816
71940710404 12266496
71940710405 2450880
71940710406 80640
71940710464 -832848
71940710465 16622496
71940710466 57122352
71940710467 54464544
71940710468 17360640
71940710469 1375488
71940710528 8037672
71940710529 50552352
71940710530 69603264
71940710531 32242752
71940710532 4456512
71940710592 11752416
71940710593 30093120
71940710594 19959264
71940710595 4083840
71940710656 3269664
71940710657 3530304
71940710658 941760
71940710720 51840
71940714496 -1184976
71940714497 2323536
71940714498 17415168
71940714499 20039808
71940714500 6770304
71940714501 510336
71940714560 4084152
71940714561 36686064
71940714562 59226720
71940714563 29984256
71940714564 4041216
71940714624 15328608
71940714625 46981824
71940714626 36274176
71940714627 7737984
71940714688 9708192
71940714689 13767552
71940714690 4452480
71940714752 1178496
71940714753 624384
71940718592 180804
71940718593 8270736
71940718594 16269864
71940718595 8955360
71940718596 1203840
71940718656 8166744
71940718657 29624688
71940718658 25679952
71940718659 5650560
71940718720 11141016
71940718721 18873504
71940718722 6748416
71940718784 3395808
71940718785 2318400
71940718848 156096
71940722688 1426920
71940722689 6452928
71940722690 6173424
71940722691 1400544
71940722752 5540184
71940722753 10689840
71940722754 4093632
71940722816 3680208
71940722817 2888352
71940722880 463680
71940726784 994656
71940726785 2138400
71940726786 862416
71940726848 1723032
71940726849 1481760
71940726912 481392
71940730880 293904
71940730881 269568
71940730944 211680
71940734976 33696
71957479424 -23328
71957479425 -888192
71957479426 -854496
71957479427 3581856
71957479428 6562656
71957479429 2384064
71957479430 145152
71957479488 -479520
71957479489 890784
71957479490 19315296
71957479491 36097920
71957479492 18825792
71957479493 2805120
71957479494 59904
71957479552 1238688
71957479553 20063040
71957479554 53778144
71957479555 38600064
71957479556 9479808
71957479557 605952
71957479616 4894848
71957479617 27453888
71957479618 28842048
71957479619 9929664
71957479620 1131264
71957479680 3732480
71957479681 6992640
71957479682 3260736
71957479683 459648
71957479744 172800
71957479745 103680
71957483520 -1160064
71957483521 -5459184
71957483522 10460304
71957483523 34488672
71957483524 20994432
71957483525 3103488
71957483526 59904
71957483584 -2185248
71957483585 34253280
71957483586 122952096
71957483587 101545728
71957483588 25576704
71957483589 1437696
71957483648 16506672
71957483649 112101504
71957483650 138530016
71957483651 52413696
71957483652 5616000
71957483712 26784576
71957483713 63465408
71957483714 35503488
71957483715 5789952
71957483776 7184448
71957483777 6867072
71957483778 1441152
71957483840 103680
71957487616 -4866192
71957487617 5994384
71957487618 57911856
71957487619 57376416
71957487620 15171264
71957487621 801792
71957487680 11414400
71957487681 124847376
71957487682 181407168
71957487683 74391552
71957487684 7651584
71957487744 53107104
71957487745 151485120
71957487746 97419456
71957487747 16530048
71957487808 32569920
71957487809 39626496
71957487810 10304064
71957487872 3576960
71957487873 1513728
71957491712 -780120
71957491713 37764192
71957491714 67950144
71957491715 30291264
71957491716 3083904
71957491776 37933728
71957491777 130513632
71957491778 93980160
71957491779 16363008
71957491840 50994432
71957491841 73619136
71957491842 21272832
71957491904 13938624
71957491905 7725312
71957491968 532224
71957495808 8004192
71957495809 36147696
71957495810 28919520
71957495811 5188032
71957495872 32352432
71957495873 53355312
71957495874 16552512
71957495936 19325808
71957495937 12430368
71957496000 2074752
71957499904 7027320
71957499905 13090176
71957499906 4296672
71957499968 11107296
71957499969 7884864
71957500032 2686176
71957504000 2251296
71957504001 1717920
71957504064 1420272
71957508096 264672
71974256640 -676512
71974256641 -2009664
71974256642 6586704
71974256643 16339104
71974256644 7522848
71974256645 663552
71974256704 -966672
71974256705 17804736
71974256706 60522912
71974256707 41745600
71974256708 7760448
71974256709 228096
71974256768 8035776
71974256769 56973120
71974256770 62584416
71974256771 18652032
71974256772 1360512
71974256832 13849344
71974256833 31439232
71974256834 14748480
71974256835 1748736
71974256896 3887136
71974256897 3392064
71974256898 540864
71974256960 51840
71974260736 -5105376
71974260737 8067744
71974260738 59623056
71974260739 47986848
71974260740 9161856
71974260741 248832
71974260800 11214672
71974260801 131155488
71974260802 166862304
71974260803 53401536
71974260804 3667968
71974260864 56051664
71974260865 149728608
71974260866 79166016
71974260867 9855360
71974260928 34216992
71974260929 36313920
71974260930 7216128
71974260992 3673728
71974260993 1237248
71974264832 -1910616
71974264833 61499280
71974264834 95693616
71974264835 33155424
71974264836 2245248
71974264896 61462176
71974264897 197138592
71974264898 115989120
71974264899 14814144
71974264960 80858592
71974264961 100124352
71974264962 22312800
71974265024 20683296
71974265025 9123840
71974265088 701568
71974268928 17241936
71974268929 74057760
71974268930 48593088
71974268931 6425856
71974268992 69547680
71974268993 98194176
71974268994 23633856
71974269056 38285856
71974269057 19751616
71974269120 3597696
71974273024 19022688
71974273025 30695616
71974273026 7893504
71974273088 27928656
71974273089 16043040
71974273152 5922000
71974277120 6891840
71974277121 4310208
71974277184 3849120
71974281216 856728
71991033856 -1278720
71991033857 4255200
71991033858 18455328
71991033859 11127744
71991033860 1275264
71991033920 4255200
71991033921 42479616
71991033922 44670912
71991033923 10421568
71991033924 347904
71991033984 18455328
71991033985 44670912
71991033986 18647424
71991033987 1442304
71991034048 11127744
71991034049 10421568
71991034050 1442304
71991034112 1275264
71991034113 347904
71991037952 96528
71991037953 42102720
71991037954 52206720
71991037955 12996864
71991037956 430848
71991038016 42102720
71991038017 119007360
71991038018 54804096
71991038019 4449024
71991038080 52206720
71991038081 54804096
71991038082 8666496
71991038144 12996864
71991038145 4449024
71991038208 430848
71991042048 18631200
71991042049 68423616
71991042050 35059392
71991042051 3007296
71991042112 68423616
71991042113 80871552
71991042114 14036544
71991042176 35059392
71991042177 14036544
71991042240 3007296
71991046144 25324896
71991046145 34302528
71991046146 6477120
71991046208 34302528
71991046209 15427584
71991046272 6477120
71991050240 10717344
71991050241 5332608
71991050304 5332608
71991054336 1455840
72007811072 690264
72007811073 9732672
72007811074 8800128
72007811075 1334880
72007811136 10254240
72007811137 23437824
72007811138 7790400
72007811139 281088
72007811200 11506464
72007811201 9751104
72007811202 892800
72007811264 2858112
72007811265 723456
72007811328 105408
72007815168 9903408
72007815169 27546144
72007815170 10100160
72007815171 410688
72007815232 30456096
72007815233 28504512
72007815234 3055104
72007815296 14473152
72007815297 4188672
72007815360 1193472
72007819264 17329296
72007819265 18440352
72007819266 2244672
72007819328 21120192
72007819329 6944832
72007819392 3589920
72007823360 8921952
72007823361 3313728
72007823424 3928896
72007827456 1369296
72024588288 1894752
72024588289 3618432
72024588290 811296
72024588352 4749120
72024588353 3177792
72024588354 138240
72024588416 2075328
72024588417 354816
72024588480 172800
72024592384 5560128
72024592385 4185216
72024592386 236736
72024592448 5929344
72024592449 1214208
72024592512 900864
72024596480 3816000
72024596481 923328
72024596544 1446336
72024600576 688896
72041365504 602208
72041365505 272160
72041365568 546048
72041365569 43776
72041365632 69120
72041369600 715968
72041369601 80064
72041369664 216576
72041373696 161856
72058142720 38880
72058142784 6912
72058146816 12096
73014444032 -15552
73014444033 -166752
73014444034 30384
73014444035 1185048
73014444036 1763136
73014444037 769968
73014444038 82080
73014444096 -74304
73014444097 799776
73014444098 5593848
73014444099 8779488
73014444100 4918128
73014444101 1023840
73014444102 46080
73014444160 347328
73014444161 4579200
73014444162 10435968
73014444163 7476480
73014444164 2202336
73014444165 227520
73014444224 754272
73014444225 3789504
73014444226 3675168
73014444227 1276128
73014444228 177408
73014444288 212544
73014444289 354240
73014444290 106272
73014448128 -223776
73014448129 -630912
73014448130 3639720
73014448131 8899680
73014448132 5890272
73014448133 1215072
73014448134 46080
73014448192 223776
73014448193 10161264
73014448194 28278432
73014448195 23404704
73014448196 7149600
73014448197 622080
73014448256 3880656
73014448257 20988864
73014448258 24343488
73014448259 9968256
73014448260 1404864
73014448320 3699648
73014448321 7507584
73014448322 3891456
73014448323 673344
73014448384 354240
73014448385 212544
73014452224 -705072
73014452225 2919324
73014452226 14516232
73014452227 14559744
73014452228 4692816
73014452229 371520
73014452288 4037028
73014452289 27896688
73014452290 38334960
73014452291 17332128
73014452292 2329344
73014452352 9846144
73014452353 24996384
73014452354 16066944
73014452355 3155328
73014452416 3742560
73014452417 3932064
73014452418 973728
73014452480 106272
73014456320 495000
73014456321 9418224
73014456322 16033104
73014456323 7961184
73014456324 1041408
73014456384 8491344
73014456385 26009952
73014456386 19250496
73014456387 3916224
73014456448 8112960
73014456449 11043648
73014456450 3367296
73014456512 1316736
73014456513 637056
73014460416 2063340
73014460417 8108340
73014460418 6766920
73014460419 1411920
73014460480 6214308
73014460481 9994464
73014460482 3351456
73014460544 2734416
73014460545 1736640
73014460608 159264
73014464512 1526232
73014464513 2818152
73014464514 1006128
73014464576 1957464
73014464577 1423440
73014464640 347328
73014468608 456444
73014468609 361872
73014468672 237240
73014472704 51696
73031221248 -219456
73031221249 -480528
73031221250 3778344
73031221251 8624448
73031221252 4846032
73031221253 765504
73031221254 17280
73031221312 488448
73031221313 10325616
73031221314 28660224
73031221315 21056256
73031221316 5259744
73031221317 332928
73031221376 4093632
73031221377 22345344
73031221378 23474304
73031221379 7996608
73031221380 884160
73031221440 4138560
73031221441 7821504
73031221442 3524256
73031221443 463104
73031221504 354240
73031221505 212544
73031225344 -1447104
73031225345 6009408
73031225346 30107424
73031225347 26484768
73031225348 6892128
73031225349 391680
73031225408 8390688
73031225409 60076320
73031225410 75011904
73031225411 28142784
73031225412 2923776
73031225472 21893184
73031225473 51821568
73031225474 28297152
73031225475 4379904
73031225536 8144640
73031225537 7561728
73031225538 1446336
73031225600 212544
73031229440 1106772
73031229441 30675312
73031229442 47736000
73031229443 19662912
73031229444 1978560
73031229504 28455168
73031229505 82243584
73031229506 51631776
73031229507 8318592
73031229568 26795232
73031229569 31737024
73031229570 7715520
73031229632 4015008
73031229633 1539648
73031233536 9018960
73031233537 34578144
73031233538 24667776
73031233539 4095936
73031233600 27807840
73031233601 39064896
73031233602 10573056
73031233664 11296512
73031233665 5824512
73031233728 556416
73031237632 8558604
73031237633 14032800
73031237634 4092624
73031237696 10332576
73031237697 6195744
73031237760 1590912
73031241728 2935224
73031241729 1950912
73031241792 1353456
73031245824 353952
73047998464 -610272
73047998465 3376872
73047998466 14608800
73047998467 10799712
73047998468 2134080
73047998469 67392
73047998528 4197960
73047998529 30026688
73047998530 33413184
73047998531 10075968
73047998532 724608
73047998592 11283552
73047998593 25054272
73047998594 11387520
73047998595 1244160
73047998656 4301856
73047998657 3583008
73047998658 480384
73047998720 106272
73048002560 1286520
73048002561 31667856
73048002562 43136352
73048002563 14230656
73048002564 988992
73048002624 29655600
73048002625 79877376
73048002626 41739840
73048002627 4940928
73048002688 27603072
73048002689 28475136
73048002690 5166720
73048002752 4033152
73048002753 1183680
73048006656 14295072
73048006657 51054480
73048006658 30424032
73048006659 3781152
73048006720 43264656
73048006721 52834464
73048006722 11041056
73048006784 16577856
73048006785 6753024
73048006848 721440
73048010752 17864496
73048010753 25718400
73048010754 5921856
73048010816 20387232
73048010817 9896832
73048010880 2771712
73048014848 7322832
73048014849 4029840
73048014912 3030192
73048018944 976608
73064775680 690264
73064775681 10254240
73064775682 11506464
73064775683 2858112
73064775684 105408
73064775744 9732672
73064775745 23437824
73064775746 9751104
73064775747 723456
73064775808 8800128
73064775809 7790400
73064775810 892800
73064775872 1334880
73064775873 281088
73064779776 9903408
73064779777 30456096
73064779778 14473152
73064779779 1193472
73064779840 27546144
73064779841 28504512
73064779842 4188672
73064779904 10100160
73064779905 3055104
73064779968 410688
73064783872 17329296
73064783873 21120192
73064783874 3589920
73064783936 18440352
73064783937 6944832
73064784000 2244672
73064787968 8921952
73064787969 3928896
73064788032 3313728
73064792064 1369296
73081552896 2460096
73081552897 5983488
73081552898 2106432
73081552899 86400
73081552960 5983488
73081552961 4939200
73081552962 400320
73081553024 2106432
73081553025 400320
73081553088 86400
73081556992 7696512
73081556993 7451136
73081556994 811584
73081557056 7451136
73081557057 1966464
73081557120 811584
73081561088 5467968
73081561089 1789344
73081561152 1789344
73081565184 1014912
73098330112 1200672
73098330113 839808
73098330114 41472
73098330176 1028160
73098330177 140544
73098330240 95040
73098334208 1531584
73098334209 316800
73098334272 417024
73098338304 373536
73115107328 140832
73115107329 12096
73115107392 25920
73115111424 55296
73131884544 1728
74088185856 -24192
74088185857 93024
74088185858 1009368
74088185859 1720800
74088185860 1007280
74088185861 218592
74088185862 10368
74088185920 150336
74088185921 1874880
74088185922 4407840
74088185923 3233664
74088185924 973440
74088185925 102528
74088185984 438048
74088185985 2414016
74088185986 2397600
74088185987 835488
74088185988 117504
74088186048 228096
74088186049 380160
74088186050 114048
74088189952 -38592
74088189953 1776528
74088189954 5645376
74088189955 4852224
74088189956 1520928
74088189957 137088
74088190016 1596672
74088190017 8893440
74088190018 10446048
74088190019 4273344
74088190020 602496
74088190080 2355264
74088190081 4917888
74088190082 2519424
74088190083 423360
74088190144 380160
74088190145 228096
74088194048 633924
74088194049 5618880
74088194050 8019792
74088194051 3626496
74088194052 489024
74088194112 4196160
74088194113 10745280
74088194114 6770592
74088194115 1291392
74088194176 2461536
74088194177 2537568
74088194178 588384
74088194240 114048
74088198144 1692144
74088198145 5491008
74088198146 3993120
74088198147 787392
74088198208 3510432
74088198209 4635648
74088198210 1332864
74088198272 853632
74088198273 376704
74088202240 1317780
74088202241 2074032
74088202242 655488
74088202304 1153728
74088202305 676800
74088202368 94176
74088206336 408312
74088206337 275184
74088206400 135360
74088210432 45864
74104963072 27360
74104963073 1833264
74104963074 5632416
74104963075 4332096
74104963076 1134432
74104963077 76032
74104963136 1695168
74104963137 9298368
74104963138 9952704
74104963139 3463488
74104963140 392832
74104963200 2600640
74104963201 5009472
74104963202 2240352
74104963203 290304
74104963264 380160
74104963265 228096
74104967168 1368864
74104967169 11850048
74104967170 15464160
74104967171 5942016
74104967172 634752
74104967232 9142848
74104967233 21970368
74104967234 11981952
74104967235 1833984
74104967296 5277312
74104967297 4845312
74104967298 876096
74104967360 228096
74104971264 5524128
74104971265 17036064
74104971266 10767744
74104971267 1718784
74104971328 11423232
74104971329 13400064
74104971330 3122496
74104971392 2610144
74104971393 927936
74104975360 5754816
74104975361 8141184
74104975362 2123712
74104975424 4805568
74104975425 2338560
74104975488 342144
74104979456 2160576
74104979457 1235232
74104979520 645120
74104983552 271152
74121740288 722376
74121740289 5878080
74121740290 6837408
74121740291 2172096
74121740292 169344
74121740352 4673376
74121740353 10425024
74121740354 4791744
74121740355 535680
74121740416 2715552
74121740417 2216160
74121740418 269568
74121740480 114048
74121744384 5740560
74121744385 16321824
74121744386 8757504
74121744387 1067904
74121744448 11564640
74121744449 11923776
74121744450 2108160
74121744512 2567808
74121744513 689472
74121748480 8806608
74121748481 11006208
74121748482 2281824
74121748544 7010208
74121748545 2744064
74121748608 443232
74121752576 4245120
74121752577 2021760
74121752640 1147392
74121756672 621648
74138517504 1894752
74138517505 4749120
74138517506 2075328
74138517507 172800
74138517568 3618432
74138517569 3177792
74138517570 354816
74138517632 811296
74138517633 138240
74138521600 5560128
74138521601 5929344
74138521602 900864
74138521664 4185216
74138521665 1214208
74138521728 236736
74138525696 3816000
74138525697 1446336
74138525760 923328
74138529792 688896
74155294720 1200672
74155294721 1028160
74155294722 95040
74155294784 839808
74155294785 140544
74155294848 41472
74155298816 1531584
74155298817 417024
74155298880 316800
74155302912 373536
74172071936 209088
74172071937 31104
74172072000 31104
74172076032 86400
74188849152 5184
75161927680 24192
75161927681 297792
75161927682 735552
75161927683 558144
75161927684 173664
75161927685 19008
75161927744 137376
75161927745 825984
75161927746 846144
75161927747 301536
75161927748 43776
75161927808 134784
75161927809 224640
75161927810 67392
75161931776 249840
75161931777 1489536
75161931778 1800000
75161931779 747072
75161931780 107712
75161931840 808704
75161931841 1738944
75161931842 893376
75161931843 149184
75161931904 224640
75161931905 134784
75161935872 702144
75161935873 1860192
75161935874 1168128
75161935875 220608
75161935936 875520
75161935937 894240
75161935938 197856
75161936000 67392
75161939968 610560
75161939969 798336
75161939970 219456
75161940032 302400
75161940033 123264
75161944064 199728
75161944065 109440
75161944128 30816
75161948160 21888
75178704896 269280
75178704897 1536768
75178704898 1701216
75178704899 616896
75178704900 74304
75178704960 876096
75178704961 1734336
75178704962 790560
75178704963 107136
75178705024 224640
75178705025 134784
75178708992 1510272
75178708993 3754368
75178708994 2087424
75178708995 328320
75178709056 1843200
75178709057 1703808
75178709058 305856
75178709120 134784
75178713088 1956672
75178713089 2320704
75178713090 535680
75178713152 925344
75178713153 316224
75178717184 834624
75178717185 393984
75178717248 117504
75178721280 108864
75195482112 766656
75195482113 1757376
75195482114 842400
75195482115 103680
75195482176 924480
75195482177 761184
75195482178 95040
75195482240 67392
75195486208 1952640
75195486209 2063232
75195486210 378432
75195486272 895104
75195486273 236736
75195490304 1212192
75195490305 476928
75195490368 154656
75195494400 198720
75212259328 602208
75212259329 546048
75212259330 69120
75212259392 272160
75212259393 43776
75212263424 715968
75212263425 216576
75212263488 80064
75212267520 161856
75229036544 140832
75229036545 25920
75229036608 12096
75229040640 55296
75245813760 5184
76235669504 18144
76235669505 117504
76235669506 124416
76235669507 45792
76235669508 6912
76235669568 41472
76235669569 69120
76235669570 20736
76235673600 115776
76235673601 255744
76235673602 133056
76235673603 22464
76235673664 69120
76235673665 41472
76235677696 129600
76235677697 132192
76235677698 28512
76235677760 20736
76235681792 44928
76235681793 17280
76235685888 4320
76252446720 122688
76252446721 250560
76252446722 118368
76252446723 17280
76252446784 69120
76252446785 41472
76252450816 267840
76252450817 252288
76252450818 46656
76252450880 41472
76252454912 137376
76252454913 46656
76252459008 17280
76269223936 131328
76269223937 111456
76269223938 15552
76269224000 20736
76269228032 131328
76269228033 36288
76269232128 23328
76286001152 38880
76286001153 6912
76286005248 12096
76302778368 1728
77309411328 5184
77309411329 8640
77309411330 2592
77309415424 8640
77309415425 5184
77309419520 2592
77326188544 8640
77326188545 5184
77326192640 5184
77342965760 2592
137438953474 -14112
137438953475 -576
137438953476 40320
137438953477 62784
137438953478 9792
137438953537 -28224
137438953538 -3456
137438953539 224640
137438953540 484416
137438953541 384864
137438953542 204192
137438953600 -14112
137438953601 -3456
137438953602 378432
137438953603 1249920
137438953604 1536720
137438953605 1291296
137438953606 245376
137438953664 -576
137438953665 224640
137438953666 1249920
137438953667 2327904
137438953668 2740224
137438953669 1055232
137438953670 101376
137438953728 40320
137438953729 484416
137438953730 1536720
137438953731 2740224
137438953732 1590720
137438953733 334656
137438953734 16128
137438953792 62784
137438953793 384864
137438953794 1291296
137438953795 1055232
137438953796 334656
137438953797 36864
137438953856 9792
137438953857 204192
137438953858 245376
137438953859 101376
137438953860 16128
137438957569 -27360
137438957570 -35136
137438957571 139392
137438957572 321360
137438957573 282768
137438957574 204192
137438957632 -27360
137438957633 -81792
137438957634 453888
137438957635 1932720
137438957636 2618736
137438957637 2541408
137438957638 490752
137438957696 -35136
137438957697 453888
137438957698 3326400
137438957699 6796032
137438957700 8690208
137438957701 3504384
137438957702 304128
137438957760 139392
137438957761 1932720
137438957762 6796032
137438957763 12651264
137438957764 8029824
137438957765 1610496
137438957766 64512
137438957824 321360
137438957825 2618736
137438957826 8690208
137438957827 8029824
137438957828 2631744
137438957829 248832
137438957888 282768
137438957889 2541408
137438957890 3504384
137438957891 1610496
137438957892 248832
137438957952 204192
137438957953 490752
137438957954 304128
137438957955 64512
137438961664 -10800
137438961665 -49824
137438961666 65124
137438961667 665136
137438961668 980304
137438961669 1148016
137438961670 245376
137438961728 -49824
137438961729 96264
137438961730 2569536
137438961731 5901072
137438961732 8209584
137438961733 3597696
137438961734 304128
137438961792 65124
137438961793 2569536
137438961794 10059408
137438961795 19191072
137438961796 13418496
137438961797 2671488
137438961798 96768
137438961856 665136
137438961857 5901072
137438961858 19191072
137438961859 20098560
137438961860 6870528
137438961861 594432
137438961920 980304
137438961921 8209584
137438961922 13418496
137438961923 6870528
137438961924 1022976
137438961984 1148016
137438961985 3597696
137438961986 2671488
137438961987 594432
137438962048 245376
137438962049 304128
137438962050 96768
137438965760 -10944
137438965761 -63600
137438965762 526536
137438965763 1555440
137438965764 2382288
137438965765 1148544
137438965766 101376
137438965824 -63600
137438965825 1171824
137438965826 6030672
137438965827 11788224
137438965828 9017088
137438965829 1850112
137438965830 64512
137438965888 526536
137438965889 6030672
137438965890 18929568
137438965891 21910464
137438965892 7911936
137438965893 658944
137438965952 1555440
137438965953 11788224
137438965954 21910464
137438965955 12433536
137438965956 1829376
137438966016 2382288
137438966017 9017088
137438966018 7911936
137438966019 1829376
137438966080 1148544
137438966081 1850112
137438966082 658944
137438966144 101376
137438966145 64512
137438969856 -30744
137438969857 122412
137438969858 1225284
137438969859 2537760
137438969860 2099040
137438969861 454464
137438969862 16128
137438969920 122412
137438969921 2762232
137438969922 8651184
137438969923 10796928
137438969924 4142016
137438969925 345600
137438969984 1225284
137438969985 8651184
137438969986 17506080
137438969987 10880352
137438969988 1620864
137438970048 2537760
137438970049 10796928
137438970050 10880352
137438970051 2626560
137438970112 2099040
137438970113 4142016
137438970114 1620864
137438970176 454464
137438970177 345600
137438970240 16128
137438973952 -6684
137438973953 448656
137438973954 1490160
137438973955 1972416
137438973956 803520
137438973957 69120
137438974016 448656
137438974017 3165840
137438974018 6776352
137438974019 4549824
137438974020 698112
137438974080 1490160
137438974081 6776352
137438974082 7624800
137438974083 1928448
137438974144 1972416
137438974145 4549824
137438974146 1928448
137438974208 803520
137438974209 698112
137438974272 69120
137438978048 59316
137438978049 456048
137438978050 1018080
137438978051 728928
137438978052 116352
137438978112 456048
137438978113 2157312
137438978114 2646144
137438978115 701568
137438978176 1018080
137438978177 2646144
137438978178 1200384
137438978240 728928
137438978241 701568
137438978304 116352
137438982144 56496
137438982145 275376
137438982146 361152
137438982147 100224
137438982208 275376
137438982209 783648
137438982210 376704
137438982272 361152
137438982273 376704
137438982336 100224
137438986240 30588
137438986241 93204
137438986242 47088
137438986304 93204
137438986305 103680
137438986368 47088
137438990336 9828
137438990337 11520
137438990400 11520
137438994432 1152
137455730689 -8352
137455730690 -19008
137455730691 55872
137455730692 257760
137455730693 321408
137455730694 183168
137455730752 -8352
137455730753 16416
137455730754 228528
137455730755 1646544
137455730756 3014592
137455730757 2649600
137455730758 346752
137455730816 57024
137455730817 351648
137455730818 2885184
137455730819 7761120
137455730820 9743232
137455730821 3135456
137455730822 181440
137455730880 180144
137455730881 1558224
137455730882 7480992
137455730883 14786496
137455730884 8085888
137455730885 1266048
137455730886 31104
137455730944 212160
137455730945 2454816
137455730946 10347360
137455730947 8895456
137455730948 2464128
137455730949 182016
137455731008 88128
137455731009 2880192
137455731010 4252608
137455731011 1770048
137455731012 237312
137455731072 156384
137455731073 620352
137455731074 388800
137455731075 72576
137455734784 2448
137455734785 48096
137455734786 -102024
137455734787 826128
137455734788 2225904
137455734789 2476224
137455734790 346752
137455734848 124704
137455734849 -172944
137455734850 3482592
137455734851 13357056
137455734852 18932064
137455734853 6436224
137455734854 362880
137455734912 143928
137455734913 3235152
137455734914 22245408
137455734915 46244928
137455734916 27088704
137455734917 4114368
137455734918 93312
137455734976 622176
137455734977 11743488
137455734978 47334528
137455734979 44195040
137455734980 12424896
137455734981 821376
137455735040 1263984
137455735041 19975104
137455735042 31773024
137455735043 14143680
137455735044 1779840
137455735104 2543232
137455735105 9010368
137455735106 6186240
137455735107 1208448
137455735168 620352
137455735169 777600
137455735170 217728
137455738880 116064
137455738881 -388512
137455738882 387456
137455738883 5057544
137455738884 8445504
137455738885 3127392
137455738886 181440
137455738944 -254664
137455738945 736608
137455738946 19419216
137455738947 43679232
137455738948 27629856
137455738949 4249152
137455738950 93312
137455739008 84192
137455739009 18019320
137455739010 72087312
137455739011 72853920
137455739012 21145536
137455739013 1325376
137455739072 3559296
137455739073 44826576
137455739074 77789088
137455739075 37278432
137455739076 4542912
137455739136 8630592
137455739137 33753024
137455739138 26188704
137455739139 5254848
137455739200 4447584
137455739201 6673536
137455739202 2092608
137455739264 388800
137455739265 217728
137455742976 -129048
137455742977 -711936
137455742978 4854384
137455742979 12780960
137455742980 8717760
137455742981 1400832
137455742982 31104
137455743040 -829416
137455743041 10341720
137455743042 44892624
137455743043 48565728
137455743044 14738112
137455743045 914688
137455743104 3758808
137455743105 45191328
137455743106 83770848
137455743107 43039008
137455743108 5229504
137455743168 12864672
137455743169 54254016
137455743170 46997568
137455743171 9729792
137455743232 10933056
137455743233 19315584
137455743234 6625728
137455743296 2257344
137455743297 1509120
137455743360 72576
137455747072 -423420
137455747073 1777176
137455747074 9788232
137455747075 11281752
137455747076 3598704
137455747077 228672
137455747136 1476408
137455747137 21034632
137455747138 41184144
137455747139 22496832
137455747140 2786400
137455747200 9726624
137455747201 43164072
137455747202 40868496
137455747203 8781408
137455747264 13006656
137455747265 26146512
137455747266 9669600
137455747328 4903632
137455747329 3750624
137455747392 387648
137455751168 143304
137455751169 3645528
137455751170 7557120
137455751171 4350960
137455751172 557280
137455751232 3607704
137455751233 16779528
137455751234 17029008
137455751235 3809376
137455751296 8194104
137455751297 18162576
137455751298 7157376
137455751360 5293152
137455751361 4486752
137455751424 781920
137455755264 515592
137455755265 2543760
137455755266 2725200
137455755267 634896
137455755328 2633976
137455755329 6281496
137455755330 2611728
137455755392 3052152
137455755393 2800080
137455755456 785232
137455759360 340272
137455759361 857592
137455759362 373104
137455759424 901584
137455759425 879552
137455759488 421488
137455763456 107388
137455763457 109944
137455763520 115992
137455767552 12888
137472507904 7704
137472507905 -15120
137472507906 -110376
137472507907 474048
137472507908 1267488
137472507909 889920
137472507910 17280
137472507968 52704
137472507969 -298728
137472507970 1772640
137472507971 7869456
137472507972 8774208
137472507973 1705536
137472507974 10368
137472508032 -40716
137472508033 1257264
137472508034 13326768
137472508035 24070464
137472508036 10239552
137472508037 863136
137472508096 -40320
137472508097 6699696
137472508098 26337888
137472508099 19912608
137472508100 4049280
137472508101 139968
137472508160 372480
137472508161 11158320
137472508162 16236000
137472508163 5948064
137472508164 555840
137472508224 1159920
137472508225 4951296
137472508226 3189888
137472508227 532224
137472508288 307584
137472508289 461376
137472508290 120960
137472512000 136368
137472512001 -614124
137472512002 186624
137472512003 6032736
137472512004 8127072
137472512005 1700352
137472512006 10368
137472512064 -563652
137472512065 -725280
137472512066 23166288
137472512067 46920384
137472512068 21108672
137472512069 1736640
137472512128 -1387320
137472512129 20240640
137472512130 82761120
137472512131 66187008
137472512132 13310496
137472512133 419904
137472512192 2658432
137472512193 52478208
137472512194 79288128
137472512195 29773728
137472512196 2556864
137472512256 9357744
137472512257 37150272
137472512258 24911424
137472512259 4053312
137472512320 4993632
137472512321 7277184
137472512322 1994112
137472512384 461376
137472512385 241920
137472516096 -344448
137472516097 -2205240
137472516098 8585568
137472516099 21129768
137472516100 10221984
137472516101 868320
137472516160 -3216840
137472516161 16731408
137472516162 79220304
137472516163 67337712
137472516164 13808448
137472516165 419904
137472516224 4125480
137472516225 81853368
137472516226 129692304
137472516227 50513184
137472516228 4168800
137472516288 22388016
137472516289 90491328
137472516290 64610496
137472516291 10442016
137472516352 18959328
137472516353 30050208
137472516354 8657280
137472516416 3856608
137472516417 2270592
137472516480 120960
137472520192 -1652760
137472520193 3354768
137472520194 23454504
137472520195 21296448
137472520196 4547232
137472520197 139968
137472520256 1459776
137472520257 51802728
137472520258 86574672
137472520259 35154720
137472520260 2890368
137472520320 23392272
137472520321 97627680
137472520322 73952064
137472520323 12081312
137472520384 30714336
137472520385 52979328
137472520386 16025472
137472520448 10868832
137472520449 7101504
137472520512 808704
137472524288 -201480
137472524289 11298660
137472524290 20246472
137472524291 8583768
137472524292 722592
137472524352 10972572
137472524353 48350736
137472524354 38548512
137472524355 6450480
137472524416 24703704
137472524417 45670824
137472524418 14462928
137472524480 14478048
137472524481 10297440
137472524544 1971936
137472528384 1857396
137472528385 8952120
137472528386 7465320
137472528387 1290096
137472528448 9714888
137472528449 18994392
137472528450 6273936
137472528512 9989280
137472528513 7598448
137472528576 2335968
137472532480 1486584
137472532481 3047400
137472532482 1045656
137472532544 3453336
137472532545 2769480
137472532608 1451088
137472536576 473112
137472536577 395640
137472536640 455040
137472540672 56880
137489285120 7200
137489285121 -216720
137489285122 407088
137489285123 2121696
137489285124 1810944
137489285125 86400
137489285184 -276696
137489285185 341568
137489285186 9145680
137489285187 13435200
137489285188 3537792
137489285189 51840
137489285248 -451656
137489285249 8796912
137489285250 27244848
137489285251 15598656
137489285252 1747872
137489285312 1214832
137489285313 18823008
137489285314 22658112
137489285315 6120000
137489285316 271296
137489285376 3244320
137489285377 12073056
137489285378 6790176
137489285379 823104
137489285440 1638432
137489285441 2430144
137489285442 591552
137489285504 164160
137489285505 92160
137489289216 -329940
137489289217 -980400
137489289218 7145592
137489289219 12488832
137489289220 3523104
137489289221 51840
137489289280 -2367816
137489289281 14943552
137489289282 53526048
137489289283 32172480
137489289284 3530304
137489289344 3604776
137489289345 60119520
137489289346 74571264
137489289347 19978272
137489289348 803520
137489289408 16500960
137489289409 58741728
137489289410 33112512
137489289411 3726144
137489289472 12996096
137489289473 18550656
137489289474 4377024
137489289536 2689920
137489289537 1458432
137489289600 92160
137489293312 -1923672
137489293313 4943832
137489293314 24366432
137489293315 15624864
137489293316 1767744
137489293376 1951608
137489293377 58321008
137489293378 75904992
137489293379 20689344
137489293380 798336
137489293440 26760624
137489293441 96202800
137489293442 55439424
137489293443 6012576
137489293504 32263392
137489293505 47103840
137489293506 11050560
137489293568 10935072
137489293569 6115392
137489293632 820800
137489297408 -341184
137489297409 17262168
137489297410 24162480
137489297411 6825888
137489297412 266112
137489297472 17051760
137489297473 64643568
137489297474 38444544
137489297475 4149504
137489297536 35319600
137489297537 53343072
137489297538 12637440
137489297600 19005120
137489297601 11067264
137489297664 2469888
137489301504 3610572
137489301505 15226656
137489301506 9412776
137489301507 1037376
137489301568 17690136
137489301569 27756144
137489301570 6715440
137489301632 16287624
137489301633 9868176
137489301696 3499920
137489305600 3293328
137489305601 5394456
137489305602 1343088
137489305664 6778080
137489305665 4260816
137489305728 2552688
137489309696 1091952
137489309697 710136
137489309760 926352
137489313792 132336
137506062336 -88848
137506062337 118224
137506062338 1797336
137506062339 1982880
137506062340 177120
137506062400 -255984
137506062401 4749864
137506062402 10867968
137506062403 3975552
137506062404 106272
137506062464 1669380
137506062465 14448288
137506062466 12708144
137506062467 1945728
137506062528 4408704
137506062529 12274272
137506062530 5033952
137506062531 296352
137506062592 3032928
137506062593 3771216
137506062594 682272
137506062656 644976
137506062657 334080
137506062720 25920
137506066432 -642816
137506066433 3646140
137506066434 10183104
137506066435 3964320
137506066436 106272
137506066496 2494524
137506066497 28620096
137506066498 26200224
137506066499 3932064
137506066560 14510712
137506066561 40205232
137506066562 16153344
137506066563 852768
137506066624 15108192
137506066625 17908128
137506066626 2969280
137506066688 4952880
137506066689 2365632
137506066752 403200
137506070528 443280
137506070529 13072512
137506070530 12800304
137506070531 1975104
137506070592 14187384
137506070593 41081040
137506070594 16646688
137506070595 834624
137506070656 25105464
137506070657 29549232
137506070658 4666464
137506070720 12438576
137506070721 5754240
137506070784 1620000
137506074624 4097256
137506074625 13158936
137506074626 5513472
137506074627 278208
137506074688 17046216
137506074689 20431296
137506074690 3181824
137506074752 14010480
137506074753 6429600
137506074816 2834208
137506078720 4026816
137506078721 5023404
137506078722 795456
137506078784 7298388
137506078785 3383640
137506078848 2478312
137506082816 1424412
137506082817 676728
137506082880 1061856
137506086912 176976
137522839552 -9792
137522839553 751248
137522839554 1234656
137522839555 190080
137522839616 843912
137522839617 4504320
137522839618 2553984
137522839619 114048
137522839680 2821968
137522839681 5373504
137522839682 1259712
137522839744 2498112
137522839745 2183040
137522839746 194400
137522839808 799632
137522839809 305280
137522839872 74304
137522843648 590148
137522843649 4252032
137522843650 2556576
137522843651 114048
137522843712 5623776
137522843713 11081088
137522843714 2537568
137522843776 8236656
137522843777 6866784
137522843778 536544
137522843840 3754944
137522843841 1267776
137522843904 510912
137522847744 2538360
137522847745 5449248
137522847746 1280448
137522847808 8481600
137522847809 7038144
137522847810 513216
137522847872 6148944
137522847873 1924128
137522847936 1197216
137522851840 2723688
137522851841 2342304
137522851842 171072
137522851904 4253472
137522851905 1290240
137522851968 1302912
137522855936 1050156
137522855937 322560
137522856000 677880
137522860032 135576
137539616768 119736
137539616769 413856
137539616770 112320
137539616832 742752
137539616833 885312
137539616834 67392
137539616896 914544
137539616897 446688
137539616960 384480
137539616961 71712
137539617024 56160
137539620864 702720
137539620865 891360
137539620866 67392
137539620928 1890144
137539620929 894240
137539620992 1191456
137539620993 189216
137539621056 224640
137539624960 933840
137539624961 453600
137539625024 1217376
137539625025 176256
137539625088 330048
137539629056 406944
137539629057 58752
137539629120 217728
137539633152 54432
137556393984 57888
137556393985 34560
137556394048 127872
137556394049 20736
137556394112 66528
137556394176 11232
137556398080 129600
137556398081 20736
137556398144 132192
137556398208 28512
137556402176 67392
137556402240 25920
137556406272 8640
137573171200 4320
137573171264 2592
137573175296 2592
138512695297 -8352
138512695298 57024
138512695299 180144
138512695300 212160
138512695301 88128
138512695302 156384
138512695360 -8352
138512695361 16416
138512695362 351648
138512695363 1558224
138512695364 2454816
138512695365 2880192
138512695366 620352
138512695424 -19008
138512695425 228528
138512695426 2885184
138512695427 7480992
138512695428 10347360
138512695429 4252608
138512695430 388800
138512695488 55872
138512695489 1646544
138512695490 7761120
138512695491 14786496
138512695492 8895456
138512695493 1770048
138512695494 72576
138512695552 257760
138512695553 3014592
138512695554 9743232
138512695555 8085888
138512695556 2464128
138512695557 237312
138512695616 321408
138512695617 2649600
138512695618 3135456
138512695619 1266048
138512695620 182016
138512695680 183168
138512695681 346752
138512695682 181440
138512695683 31104
138512699392 2448
138512699393 124704
138512699394 143928
138512699395 622176
138512699396 1263984
138512699397 2543232
138512699398 620352
138512699456 48096
138512699457 -172944
138512699458 3235152
138512699459 11743488
138512699460 19975104
138512699461 9010368
138512699462 777600
138512699520 -102024
138512699521 3482592
138512699522 22245408
138512699523 47334528
138512699524 31773024
138512699525 6186240
138512699526 217728
138512699584 826128
138512699585 13357056
138512699586 46244928
138512699587 44195040
138512699588 14143680
138512699589 1208448
138512699648 2225904
138512699649 18932064
138512699650 27088704
138512699651 12424896
138512699652 1779840
138512699712 2476224
138512699713 6436224
138512699714 4114368
138512699715 821376
138512699776 346752
138512699777 362880
138512699778 93312
138512703488 116064
138512703489 -254664
138512703490 84192
138512703491 3559296
138512703492 8630592
138512703493 4447584
138512703494 388800
138512703552 -388512
138512703553 736608
138512703554 18019320
138512703555 44826576
138512703556 33753024
138512703557 6673536
138512703558 217728
138512703616 387456
138512703617 19419216
138512703618 72087312
138512703619 77789088
138512703620 26188704
138512703621 2092608
138512703680 5057544
138512703681 43679232
138512703682 72853920
138512703683 37278432
138512703684 5254848
138512703744 8445504
138512703745 27629856
138512703746 21145536
138512703747 4542912
138512703808 3127392
138512703809 4249152
138512703810 1325376
138512703872 181440
138512703873 93312
138512707584 -129048
138512707585 -829416
138512707586 3758808
138512707587 12864672
138512707588 10933056
138512707589 2257344
138512707590 72576
138512707648 -711936
138512707649 10341720
138512707650 45191328
138512707651 54254016
138512707652 19315584
138512707653 1509120
138512707712 4854384
138512707713 44892624
138512707714 83770848
138512707715 46997568
138512707716 6625728
138512707776 12780960
138512707777 48565728
138512707778 43039008
138512707779 9729792
138512707840 8717760
138512707841 14738112
138512707842 5229504
138512707904 1400832
138512707905 914688
138512707968 31104
138512711680 -423420
138512711681 1476408
138512711682 9726624
138512711683 13006656
138512711684 4903632
138512711685 387648
138512711744 1777176
138512711745 21034632
138512711746 43164072
138512711747 26146512
138512711748 3750624
138512711808 9788232
138512711809 41184144
138512711810 40868496
138512711811 9669600
138512711872 11281752
138512711873 22496832
138512711874 8781408
138512711936 3598704
138512711937 2786400
138512712000 228672
138512715776 143304
138512715777 3607704
138512715778 8194104
138512715779 5293152
138512715780 781920
138512715840 3645528
138512715841 16779528
138512715842 18162576
138512715843 4486752
138512715904 7557120
138512715905 17029008
138512715906 7157376
138512715968 4350960
138512715969 3809376
138512716032 557280
138512719872 515592
138512719873 2633976
138512719874 3052152
138512719875 785232
138512719936 2543760
138512719937 6281496
138512719938 2800080
138512720000 2725200
138512720001 2611728
138512720064 634896
138512723968 340272
138512723969 901584
138512723970 421488
138512724032 857592
138512724033 879552
138512724096 373104
138512728064 107388
138512728065 115992
138512728128 109944
138512732160 12888
138529472512 15408
138529472513 141264
138529472514 -23976
138529472515 537384
138529472516 1828944
138529472517 2531808
138529472518 388800
138529472576 141264
138529472577 -435240
138529472578 2345256
138529472579 13483056
138529472580 21054144
138529472581 7161984
138529472582 387072
138529472640 -23976
138529472641 2345256
138529472642 24093024
138529472643 51581952
138529472644 28637280
138529472645 4165632
138529472646 86400
138529472704 537384
138529472705 13483056
138529472706 51581952
138529472707 43291584
138529472708 11160000
138529472709 701568
138529472768 1828944
138529472769 21054144
138529472770 28637280
138529472771 11160000
138529472772 1308672
138529472832 2531808
138529472833 7161984
138529472834 4165632
138529472835 701568
138529472896 388800
138529472897 387072
138529472898 86400
138529476608 383040
138529476609 -918864
138529476610 -1530360
138529476611 8457792
138529476612 19099200
138529476613 7229376
138529476614 387072
138529476672 -918864
138529476673 -3143808
138529476674 38780688
138529476675 101952768
138529476676 62202240
138529476677 8955648
138529476678 172800
138529476736 -1530360
138529476737 38780688
138529476738 167621856
138529476739 155778048
138529476740 41231232
138529476741 2363904
138529476800 8457792
138529476801 101952768
138529476802 155778048
138529476803 65817216
138529476804 7387776
138529476864 19099200
138529476865 62202240
138529476866 41231232
138529476867 7387776
138529476928 7229376
138529476929 8955648
138529476930 2363904
138529476992 387072
138529476993 172800
138529480704 -509040
138529480705 -6110904
138529480706 11102640
138529480707 45353760
138529480708 30992832
138529480709 4596480
138529480710 86400
138529480768 -6110904
138529480769 28133520
138529480770 162499344
138529480771 167122944
138529480772 46041408
138529480773 2536704
138529480832 11102640
138529480833 162499344
138529480834 274798656
138529480835 124897824
138529480836 13725504
138529480896 45353760
138529480897 167122944
138529480898 124897824
138529480899 23211648
138529480960 30992832
138529480961 46041408
138529480962 13725504
138529481024 4596480
138529481025 2536704
138529481088 86400
138529484800 -3526032
138529484801 3137928
138529484802 47478096
138529484803 54724320
138529484804 15851520
138529484805 874368
138529484864 3137928
138529484865 103384128
138529484866 193412736
138529484867 93858048
138529484868 10349568
138529484928 47478096
138529484929 193412736
138529484930 159246144
138529484931 30604608
138529484992 54724320
138529484993 93858048
138529484994 30604608
138529485056 15851520
138529485057 10349568
138529485120 874368
138529488896 -874656
138529488897 22097808
138529488898 46907064
138529488899 24165216
138529488900 2724768
138529488960 22097808
138529488961 100757520
138529488962 89667504
138529488963 17849952
138529489024 46907064
138529489025 89667504
138529489026 31332096
138529489088 24165216
138529489089 17849952
138529489152 2724768
138529492992 3619944
138529492993 19330560
138529492994 18372384
138529492995 3792384
138529493056 19330560
138529493057 40218336
138529493058 14849568
138529493120 18372384
138529493121 14849568
138529493184 3792384
138529497088 3058416
138529497089 6831144
138529497090 2638224
138529497152 6831144
138529497153 5901408
138529497216 2638224
138529501184 990000
138529501185 899280
138529501248 899280
138529505280 119808
138546249728 120960
138546249729 -632664
138546249730 19296
138546249731 5871384
138546249732 8741088
138546249733 1906848
138546249734 10368
138546249792 -746064
138546249793 -1453608
138546249794 23742216
138546249795 51105744
138546249796 22679712
138546249797 1821312
138546249856 -1417968
138546249857 21914328
138546249858 88489008
138546249859 66459456
138546249860 12579552
138546249861 368064
138546249920 3790680
138546249921 54751248
138546249922 74023488
138546249923 24869376
138546249924 1959552
138546249984 9601920
138546249985 31938624
138546249986 18571680
138546249987 2662848
138546250048 3754944
138546250049 4635072
138546250050 1062720
138546250112 217728
138546250113 89856
138546253824 -886860
138546253825 -6609168
138546253826 15615648
138546253827 47283264
138546253828 23072832
138546253829 1855872
138546253888 -8556600
138546253889 32977536
138546253890 177982992
138546253891 145512576
138546253892 27798912
138546253893 756864
138546253952 9400512
138546253953 181476624
138546253954 265242240
138546253955 92979936
138546253956 6889536
138546254016 48880224
138546254017 173270304
138546254018 108156096
138546254019 15494976
138546254080 33337728
138546254081 45131328
138546254082 11162880
138546254144 4930560
138546254145 2391552
138546254208 89856
138546257920 -7244640
138546257921 5818512
138546257922 80471736
138546257923 73119744
138546257924 14503968
138546257925 388800
138546257984 1442880
138546257985 178375584
138546257986 286118496
138546257987 105249312
138546257988 7634304
138546258048 79864536
138546258049 306644832
138546258050 205328736
138546258051 29607552
138546258112 90278064
138546258113 135026496
138546258114 35532000
138546258176 24872832
138546258177 13746240
138546258240 1283904
138546262016 -3884280
138546262017 51679728
138546262018 94503600
138546262019 36689760
138546262020 2693952
138546262080 50350776
138546262081 217539792
138546262082 155423520
138546262083 22849344
138546262144 105545088
138546262145 171878400
138546262146 47626272
138546262208 50167872
138546262209 30754944
138546262272 5158080
138546266112 10114452
138546266113 53079768
138546266114 40419000
138546266115 6125328
138546266176 55415808
138546266177 97299936
138546266178 28219104
138546266240 47889144
138546266241 31773168
138546266304 8876304
138546270208 10637568
138546270209 20101320
138546270210 6078672
138546270272 21581280
138546270273 15221520
138546270336 7418304
138546274304 3690216
138546274305 2733264
138546274368 2970216
138546278400 456408
138563026944 -402624
138563026945 -911112
138563026946 7339464
138563026947 13565376
138563026948 3928608
138563026949 51840
138563027008 -2364624
138563027009 15542112
138563027010 57111168
138563027011 33804864
138563027012 3627072
138563027072 4393368
138563027073 62460960
138563027074 72993024
138563027075 18207936
138563027076 665280
138563027136 16817472
138563027137 53666784
138563027138 27033408
138563027139 2687040
138563027200 10863936
138563027201 13695552
138563027202 2779200
138563027264 1683072
138563027265 772992
138563027328 34560
138563031040 -4518192
138563031041 9267504
138563031042 53596416
138563031043 34682688
138563031044 3770496
138563031104 3756576
138563031105 127079280
138563031106 160191936
138563031107 40794624
138563031108 1403136
138563031168 57326784
138563031169 191786400
138563031170 100018368
138563031171 9550656
138563031232 59948352
138563031233 77817600
138563031234 15861888
138563031296 16227648
138563031297 7762176
138563031360 866304
138563035136 -2862072
138563035137 57301584
138563035138 81093456
138563035139 21593088
138563035140 743040
138563035200 56152992
138563035201 207887328
138563035202 113616000
138563035203 10777536
138563035264 107265312
138563035265 146308896
138563035266 30301344
138563035328 47824416
138563035329 24136704
138563035392 4757184
138563039232 15348888
138563039233 68935824
138563039234 39988224
138563039235 3884544
138563039296 76598928
138563039297 110942496
138563039298 23618880
138563039360 60583968
138563039361 32179392
138563039424 10386432
138563043328 18618696
138563043329 29039472
138563043330 6422256
138563043392 34368912
138563043393 19162224
138563043456 10650672
138563047424 7127712
138563047425 4167504
138563047488 5113152
138563051520 924120
138579804160 -592224
138579804161 3872736
138579804162 10996416
138579804163 4366656
138579804164 106272
138579804224 2777808
138579804225 30027792
138579804226 27002016
138579804227 3950208
138579804288 14838480
138579804289 38779200
138579804290 14460192
138579804291 674784
138579804352 13603968
138579804353 14655744
138579804354 2109888
138579804416 3666384
138579804417 1531584
138579804480 219456
138579808256 824604
138579808257 28331616
138579808258 27933408
138579808259 4184352
138579808320 30269136
138579808321 85184928
138579808322 32482368
138579808323 1442880
138579808384 49017312
138579808385 53162208
138579808386 7345728
138579808448 20541888
138579808449 8332992
138579808512 2103552
138579812352 13170048
138579812353 43314336
138579812354 17388000
138579812355 786240
138579812416 53457840
138579812417 60252480
138579812418 8306496
138579812480 38301264
138579812481 15558048
138579812544 6281568
138579816448 17652168
138579816449 21331008
138579816450 3041280
138579816512 29046240
138579816513 12093120
138579816576 8208000
138579820544 7617996
138579820545 3315960
138579820608 4867488
138579824640 1063008
138596581376 663840
138596581377 4540320
138596581378 2764800
138596581379 114048
138596581440 5848416
138596581441 11220480
138596581442 2495232
138596581504 7860960
138596581505 6119424
138596581506 417312
138596581568 3101760
138596581569 924480
138596581632 343872
138596585472 5462496
138596585473 11685312
138596585474 2682720
138596585536 17313696
138596585537 13663872
138596585538 886464
138596585600 11078784
138596585601 3084480
138596585664 1786752
138596589568 8795376
138596589569 7363008
138596589570 492480
138596589632 12517920
138596589633 3440448
138596589696 3231360
138596593664 4438368
138596593665 1268352
138596593728 2483136
138596597760 681912
138613358592 743616
138613358593 942624
138613358594 67392
138613358656 1885248
138613358657 864000
138613358720 1064448
138613358721 149472
138613358784 171072
138613362688 1970784
138613362689 937440
138613362752 2355264
138613362753 309312
138613362816 546048
138613366784 1271808
138613366785 172800
138613366848 596160
138613370880 219456
138630135808 133920
138630135809 20736
138630135872 126144
138630135936 23328
138630139904 137376
138630139968 46656
138630144000 25920
138646913024 2592
139586437120 7704
139586437121 52704
139586437122 -40716
139586437123 -40320
139586437124 372480
139586437125 1159920
139586437126 307584
139586437184 -15120
139586437185 -298728
139586437186 1257264
139586437187 6699696
139586437188 11158320
139586437189 4951296
139586437190 461376
139586437248 -110376
139586437249 1772640
139586437250 13326768
139586437251 26337888
139586437252 16236000
139586437253 3189888
139586437254 120960
139586437312 474048
139586437313 7869456
139586437314 24070464
139586437315 19912608
139586437316 5948064
139586437317 532224
139586437376 1267488
139586437377 8774208
139586437378 10239552
139586437379 4049280
139586437380 555840
139586437440 889920
139586437441 1705536
139586437442 863136
139586437443 139968
139586437504 17280
139586437505 10368
139586441216 136368
139586441217 -563652
139586441218 -1387320
139586441219 2658432
139586441220 9357744
139586441221 4993632
139586441222 461376
139586441280 -614124
139586441281 -725280
139586441282 20240640
139586441283 52478208
139586441284 37150272
139586441285 7277184
139586441286 241920
139586441344 186624
139586441345 23166288
139586441346 82761120
139586441347 79288128
139586441348 24911424
139586441349 1994112
139586441408 6032736
139586441409 46920384
139586441410 66187008
139586441411 29773728
139586441412 4053312
139586441472 8127072
139586441473 21108672
139586441474 13310496
139586441475 2556864
139586441536 1700352
139586441537 1736640
139586441538 419904
139586441600 10368
139586445312 -344448
139586445313 -3216840
139586445314 4125480
139586445315 22388016
139586445316 18959328
139586445317 3856608
139586445318 120960
139586445376 -2205240
139586445377 16731408
139586445378 81853368
139586445379 90491328
139586445380 30050208
139586445381 2270592
139586445440 8585568
139586445441 79220304
139586445442 129692304
139586445443 64610496
139586445444 8657280
139586445504 21129768
139586445505 67337712
139586445506 50513184
139586445507 10442016
139586445568 10221984
139586445569 13808448
139586445570 4168800
139586445632 868320
139586445633 419904
139586449408 -1652760
139586449409 1459776
139586449410 23392272
139586449411 30714336
139586449412 10868832
139586449413 808704
139586449472 3354768
139586449473 51802728
139586449474 97627680
139586449475 52979328
139586449476 7101504
139586449536 23454504
139586449537 86574672
139586449538 73952064
139586449539 16025472
139586449600 21296448
139586449601 35154720
139586449602 12081312
139586449664 4547232
139586449665 2890368
139586449728 139968
139586453504 -201480
139586453505 10972572
139586453506 24703704
139586453507 14478048
139586453508 1971936
139586453568 11298660
139586453569 48350736
139586453570 45670824
139586453571 10297440
139586453632 20246472
139586453633 38548512
139586453634 14462928
139586453696 8583768
139586453697 6450480
139586453760 722592
139586457600 1857396
139586457601 9714888
139586457602 9989280
139586457603 2335968
139586457664 8952120
139586457665 18994392
139586457666 7598448
139586457728 7465320
139586457729 6273936
139586457792 1290096
139586461696 1486584
139586461697 3453336
139586461698 1451088
139586461760 3047400
139586461761 2769480
139586461824 1045656
139586465792 473112
139586465793 455040
139586465856 395640
139586469888 56880
139603214336 120960
139603214337 -746064
139603214338 -1417968
139603214339 3790680
139603214340 9601920
139603214341 3754944
139603214342 217728
139603214400 -632664
139603214401 -1453608
139603214402 21914328
139603214403 54751248
139603214404 31938624
139603214405 4635072
139603214406 89856
139603214464 19296
139603214465 23742216
139603214466 88489008
139603214467 74023488
139603214468 18571680
139603214469 1062720
139603214528 5871384
139603214529 51105744
139603214530 66459456
139603214531 24869376
139603214532 2662848
139603214592 8741088
139603214593 22679712
139603214594 12579552
139603214595 1959552
139603214656 1906848
139603214657 1821312
139603214658 368064
139603214720 10368
139603218432 -886860
139603218433 -8556600
139603218434 9400512
139603218435 48880224
139603218436 33337728
139603218437 4930560
139603218438 89856
139603218496 -6609168
139603218497 32977536
139603218498 181476624
139603218499 173270304
139603218500 45131328
139603218501 2391552
139603218560 15615648
139603218561 177982992
139603218562 265242240
139603218563 108156096
139603218564 11162880
139603218624 47283264
139603218625 145512576
139603218626 92979936
139603218627 15494976
139603218688 23072832
139603218689 27798912
139603218690 6889536
139603218752 1855872
139603218753 756864
139603222528 -7244640
139603222529 1442880
139603222530 79864536
139603222531 90278064
139603222532 24872832
139603222533 1283904
139603222592 5818512
139603222593 178375584
139603222594 306644832
139603222595 135026496
139603222596 13746240
139603222656 80471736
139603222657 286118496
139603222658 205328736
139603222659 35532000
139603222720 73119744
139603222721 105249312
139603222722 29607552
139603222784 14503968
139603222785 7634304
139603222848 388800
139603226624 -3884280
139603226625 50350776
139603226626 105545088
139603226627 50167872
139603226628 5158080
139603226688 51679728
139603226689 217539792
139603226690 171878400
139603226691 30754944
139603226752 94503600
139603226753 155423520
139603226754 47626272
139603226816 36689760
139603226817 22849344
139603226880 2693952
139603230720 10114452
139603230721 55415808
139603230722 47889144
139603230723 8876304
139603230784 53079768
139603230785 97299936
139603230786 31773168
139603230848 40419000
139603230849 28219104
139603230912 6125328
139603234816 10637568
139603234817 21581280
139603234818 7418304
139603234880 20101320
139603234881 15221520
139603234944 6078672
139603238912 3690216
139603238913 2970216
139603238976 2733264
139603243008 456408
139619991552 -662256
139619991553 -3488904
139619991554 7744680
139619991555 24271416
139619991556 12026880
139619991557 1024704
139619991616 -3488904
139619991617 19585464
139619991618 92859048
139619991619 72225360
139619991620 13604832
139619991621 373248
139619991680 7744680
139619991681 92859048
139619991682 121688064
139619991683 39224736
139619991684 2763936
139619991744 24271416
139619991745 72225360
139619991746 39224736
139619991747 4968000
139619991808 12026880
139619991809 13604832
139619991810 2763936
139619991872 1024704
139619991873 373248
139619995648 -8089728
139619995649 5192952
139619995650 85548024
139619995651 76846176
139619995652 15026112
139619995653 393984
139619995712 5192952
139619995713 193018272
139619995714 287212464
139619995715 98394336
139619995716 6687360
139619995776 85548024
139619995777 287212464
139619995778 170880480
139619995779 22098528
139619995840 76846176
139619995841 98394336
139619995842 22098528
139619995904 15026112
139619995905 6687360
139619995968 393984
139619999744 -7497456
139619999745 84404616
139619999746 151391232
139619999747 55673712
139619999748 3792096
139619999808 84404616
139619999809 334011600
139619999810 216554256
139619999811 28669248
139619999872 151391232
139619999873 216554256
139619999874 52354944
139619999936 55673712
139619999937 28669248
139620000000 3792096
139620003840 21774720
139620003841 115308432
139620003842 81839952
139620003843 11216448
139620003904 115308432
139620003905 182695104
139620003906 46884096
139620003968 81839952
139620003969 46884096
139620004032 11216448
139620007936 29079216
139620007937 51417504
139620007938 13936536
139620008000 51417504
139620008001 31945968
139620008064 13936536
139620012032 11451960
139620012033 7609896
139620012096 7609896
139620016128 1504656
139636768768 -2161584
139636768769 5014968
139636768770 27538920
139636768771 17921088
139636768772 2030400
139636768832 3548304
139636768833 65138880
139636768834 77731920
139636768835 19168704
139636768836 646272
139636768896 29134152
139636768897 86440608
139636768898 40892256
139636768899 3502656
139636768960 24740208
139636768961 28117440
139636768962 4826304
139636769024 4959360
139636769025 1941696
139636769088 145152
139636772864 -2546400
139636772865 60386304
139636772866 83713824
139636772867 21832416
139636772868 729216
139636772928 60176784
139636772929 204409152
139636772930 103666752
139636772931 8959680
139636772992 98507376
139636772993 120294144
139636772994 21669984
139636773056 34913952
139636773057 14844672
139636773120 2389248
139636776960 24574776
139636776961 108086688
139636776962 59673168
139636776963 5345568
139636777024 114730416
139636777025 152701920
139636777026 28934496
139636777088 75869712
139636777089 34966944
139636777152 9794016
139636781056 39143232
139636781057 58150656
139636781058 11683872
139636781120 63934848
139636781121 31720320
139636781184 15813792
139636785152 17991432
139636785153 9600192
139636785216 10813680
139636789248 2598840
139653545984 663324
139653545985 14525208
139653545986 14213232
139653545987 2185920
139653546048 15504696
139653546049 40671216
139653546050 14796576
139653546051 616032
139653546112 21886848
139653546113 21558528
139653546114 2555712
139653546176 7507296
139653546177 2566080
139653546240 555552
139653550080 13958352
139653550081 44062704
139653550082 17225280
139653550083 745632
139653550144 51784848
139653550145 54361440
139653550146 6699456
139653550208 31468608
139653550209 11103264
139653550272 3980448
139653554176 27173736
139653554177 31518720
139653554178 4148064
139653554240 39735936
139653554241 14832288
139653554304 9066816
139653558272 15102144
139653558273 6082560
139653558336 8165664
139653562368 2480544
139670323200 2815704
139670323201 5841504
139670323202 1356480
139670323264 8177328
139670323265 6099264
139670323266 355104
139670323328 4509216
139670323329 1071360
139670323392 577152
139670327296 8850960
139670327297 7173216
139670327298 453600
139670327360 11234880
139670327361 2763072
139670327424 2363040
139670331392 6503040
139670331393 1734048
139670331456 3091392
139670335488 1265760
139687100416 969840
139687100417 459648
139687100480 1040256
139687100481 120096
139687100544 196128
139687104512 1223424
139687104513 156384
139687104576 485568
139687108608 302400
139703877632 65664
139703877696 18144
139703881728 23328
140660178944 7200
140660178945 -276696
140660178946 -451656
140660178947 1214832
140660178948 3244320
140660178949 1638432
140660178950 164160
140660179008 -216720
140660179009 341568
140660179010 8796912
140660179011 18823008
140660179012 12073056
140660179013 2430144
140660179014 92160
140660179072 407088
140660179073 9145680
140660179074 27244848
140660179075 22658112
140660179076 6790176
140660179077 591552
140660179136 2121696
140660179137 13435200
140660179138 15598656
140660179139 6120000
140660179140 823104
140660179200 1810944
140660179201 3537792
140660179202 1747872
140660179203 271296
140660179264 86400
140660179265 51840
140660183040 -329940
140660183041 -2367816
140660183042 3604776
140660183043 16500960
140660183044 12996096
140660183045 2689920
140660183046 92160
140660183104 -980400
140660183105 14943552
140660183106 60119520
140660183107 58741728
140660183108 18550656
140660183109 1458432
140660183168 7145592
140660183169 53526048
140660183170 74571264
140660183171 33112512
140660183172 4377024
140660183232 12488832
140660183233 32172480
140660183234 19978272
140660183235 3726144
140660183296 3523104
140660183297 3530304
140660183298 803520
140660183360 51840
140660187136 -1923672
140660187137 1951608
140660187138 26760624
140660187139 32263392
140660187140 10935072
140660187141 820800
140660187200 4943832
140660187201 58321008
140660187202 96202800
140660187203 47103840
140660187204 6115392
140660187264 24366432
140660187265 75904992
140660187266 55439424
140660187267 11050560
140660187328 15624864
140660187329 20689344
140660187330 6012576
140660187392 1767744
140660187393 798336
140660191232 -341184
140660191233 17051760
140660191234 35319600
140660191235 19005120
140660191236 2469888
140660191296 17262168
140660191297 64643568
140660191298 53343072
140660191299 11067264
140660191360 24162480
140660191361 38444544
140660191362 12637440
140660191424 6825888
140660191425 4149504
140660191488 266112
140660195328 3610572
140660195329 17690136
140660195330 16287624
140660195331 3499920
140660195392 15226656
140660195393 27756144
140660195394 9868176
140660195456 9412776
140660195457 6715440
140660195520 1037376
140660199424 3293328
140660199425 6778080
140660199426 2552688
140660199488 5394456
140660199489 4260816
140660199552 1343088
140660203520 1091952
140660203521 926352
140660203584 710136
140660207616 132336
140676956160 -402624
140676956161 -2364624
140676956162 4393368
140676956163 16817472
140676956164 10863936
140676956165 1683072
140676956166 34560
140676956224 -911112
140676956225 15542112
140676956226 62460960
140676956227 53666784
140676956228 13695552
140676956229 772992
140676956288 7339464
140676956289 57111168
140676956290 72993024
140676956291 27033408
140676956292 2779200
140676956352 13565376
140676956353 33804864
140676956354 18207936
140676956355 2687040
140676956416 3928608
140676956417 3627072
140676956418 665280
140676956480 51840
140676960256 -4518192
140676960257 3756576
140676960258 57326784
140676960259 59948352
140676960260 16227648
140676960261 866304
140676960320 9267504
140676960321 127079280
140676960322 191786400
140676960323 77817600
140676960324 7762176
140676960384 53596416
140676960385 160191936
140676960386 100018368
140676960387 15861888
140676960448 34682688
140676960449 40794624
140676960450 9550656
140676960512 3770496
140676960513 1403136
140676964352 -2862072
140676964353 56152992
140676964354 107265312
140676964355 47824416
140676964356 4757184
140676964416 57301584
140676964417 207887328
140676964418 146308896
140676964419 24136704
140676964480 81093456
140676964481 113616000
140676964482 30301344
140676964544 21593088
140676964545 10777536
140676964608 743040
140676968448 15348888
140676968449 76598928
140676968450 60583968
140676968451 10386432
140676968512 68935824
140676968513 110942496
140676968514 32179392
140676968576 39988224
140676968577 23618880
140676968640 3884544
140676972544 18618696
140676972545 34368912
140676972546 10650672
140676972608 29039472
140676972609 19162224
140676972672 6422256
140676976640 7127712
140676976641 5113152
140676976704 4167504
140676980736 924120
140693733376 -2161584
140693733377 3548304
140693733378 29134152
140693733379 24740208
140693733380 4959360
140693733381 145152
140693733440 5014968
140693733441 65138880
140693733442 86440608
140693733443 28117440
140693733444 1941696
140693733504 27538920
140693733505 77731920
140693733506 40892256
140693733507 4826304
140693733568 17921088
140693733569 19168704
140693733570 3502656
140693733632 2030400
140693733633 646272
140693737472 -2546400
140693737473 60176784
140693737474 98507376
140693737475 34913952
140693737476 2389248
140693737536 60386304
140693737537 204409152
140693737538 120294144
140693737539 14844672
140693737600 83713824
140693737601 103666752
140693737602 21669984
140693737664 21832416
140693737665 8959680
140693737728 729216
140693741568 24574776
140693741569 114730416
140693741570 75869712
140693741571 9794016
140693741632 108086688
140693741633 152701920
140693741634 34966944
140693741696 59673168
140693741697 28934496
140693741760 5345568
140693745664 39143232
140693745665 63934848
140693745666 15813792
140693745728 58150656
140693745729 31720320
140693745792 11683872
140693749760 17991432
140693749761 10813680
140693749824 9600192
140693753856 2598840
140710510592 124392
140710510593 20540880
140710510594 26566992
140710510595 6948288
140710510596 252288
140710510656 20540880
140710510657 60514944
140710510658 28461312
140710510659 2340288
140710510720 26566992
140710510721 28461312
140710510722 4334400
140710510784 6948288
140710510785 2340288
140710510848 252288
140710514688 18076416
140710514689 69435456
140710514690 36407232
140710514691 3169728
140710514752 69435456
140710514753 83430144
140710514754 14140224
140710514816 36407232
140710514817 14140224
140710514880 3169728
140710518784 38433360
140710518785 53124480
140710518786 9877248
140710518848 53124480
140710518849 23262336
140710518912 9877248
140710522880 22130496
140710522881 10809216
140710522944 10809216
140710526976 3711888
140727287808 4857192
140727287809 13805424
140727287810 5286816
140727287811 237600
140727287872 15232608
140727287873 14609088
140727287874 1597248
140727287936 7505568
140727287937 2176128
140727288000 667008
140727291904 17369712
140727291905 18890784
140727291906 2340288
140727291968 21609792
140727291969 7088256
140727292032 3747744
140727296000 13681440
140727296001 5076864
140727296064 6036768
140727300096 2803968
140744065024 2753136
140744065025 2135808
140744065026 132192
140744065088 2999808
140744065089 628416
140744065152 480384
140744069120 3859776
140744069121 949824
140744069184 1488960
140744073216 1057248
140760842240 356832
140760842241 42336
140760842304 110592
140760846336 164160
140777619456 6048
141733920768 -88848
141733920769 -255984
141733920770 1669380
141733920771 4408704
141733920772 3032928
141733920773 644976
141733920774 25920
141733920832 118224
141733920833 4749864
141733920834 14448288
141733920835 12274272
141733920836 3771216
141733920837 334080
141733920896 1797336
141733920897 10867968
141733920898 12708144
141733920899 5033952
141733920900 682272
141733920960 1982880
141733920961 3975552
141733920962 1945728
141733920963 296352
141733921024 177120
141733921025 106272
141733924864 -642816
141733924865 2494524
141733924866 14510712
141733924867 15108192
141733924868 4952880
141733924869 403200
141733924928 3646140
141733924929 28620096
141733924930 40205232
141733924931 17908128
141733924932 2365632
141733924992 10183104
141733924993 26200224
141733924994 16153344
141733924995 2969280
141733925056 3964320
141733925057 3932064
141733925058 852768
141733925120 106272
141733928960 443280
141733928961 14187384
141733928962 25105464
141733928963 12438576
141733928964 1620000
141733929024 13072512
141733929025 41081040
141733929026 29549232
141733929027 5754240
141733929088 12800304
141733929089 16646688
141733929090 4666464
141733929152 1975104
141733929153 834624
141733933056 4097256
141733933057 17046216
141733933058 14010480
141733933059 2834208
141733933120 13158936
141733933121 20431296
141733933122 6429600
141733933184 5513472
141733933185 3181824
141733933248 278208
141733937152 4026816
141733937153 7298388
141733937154 2478312
141733937216 5023404
141733937217 3383640
141733937280 795456
141733941248 1424412
141733941249 1061856
141733941312 676728
141733945344 176976
141750697984 -592224
141750697985 2777808
141750697986 14838480
141750697987 13603968
141750697988 3666384
141750697989 219456
141750698048 3872736
141750698049 30027792
141750698050 38779200
141750698051 14655744
141750698052 1531584
141750698112 10996416
141750698113 27002016
141750698114 14460192
141750698115 2109888
141750698176 4366656
141750698177 3950208
141750698178 674784
141750698240 106272
141750702080 824604
141750702081 30269136
141750702082 49017312
141750702083 20541888
141750702084 2103552
141750702144 28331616
141750702145 85184928
141750702146 53162208
141750702147 8332992
141750702208 27933408
141750702209 32482368
141750702210 7345728
141750702272 4184352
141750702273 1442880
141750706176 13170048
141750706177 53457840
141750706178 38301264
141750706179 6281568
141750706240 43314336
141750706241 60252480
141750706242 15558048
141750706304 17388000
141750706305 8306496
141750706368 786240
141750710272 17652168
141750710273 29046240
141750710274 8208000
141750710336 21331008
141750710337 12093120
141750710400 3041280
141750714368 7617996
141750714369 4867488
141750714432 3315960
141750718464 1063008
141767475200 663324
141767475201 15504696
141767475202 21886848
141767475203 7507296
141767475204 555552
141767475264 14525208
141767475265 40671216
141767475266 21558528
141767475267 2566080
141767475328 14213232
141767475329 14796576
141767475330 2555712
141767475392 2185920
141767475393 616032
141767479296 13958352
141767479297 51784848
141767479298 31468608
141767479299 3980448
141767479360 44062704
141767479361 54361440
141767479362 11103264
141767479424 17225280
141767479425 6699456
141767479488 745632
141767483392 27173736
141767483393 39735936
141767483394 9066816
141767483456 31518720
141767483457 14832288
141767483520 4148064
141767487488 15102144
141767487489 8165664
141767487552 6082560
141767491584 2480544
141784252416 4857192
141784252417 15232608
141784252418 7505568
141784252419 667008
141784252480 13805424
141784252481 14609088
141784252482 2176128
141784252544 5286816
141784252545 1597248
141784252608 237600
141784256512 17369712
141784256513 21609792
141784256514 3747744
141784256576 18890784
141784256577 7088256
141784256640 2340288
141784260608 13681440
141784260609 6036768
141784260672 5076864
141784264704 2803968
141801029632 3807936
141801029633 3781728
141801029634 443232
141801029696 3781728
141801029697 1023552
141801029760 443232
141801033728 5531904
141801033729 1848672
141801033792 1848672
141801037824 1561536
141817806848 762048
141817806849 165888
141817806912 216000
141817810944 381024
141834584064 27648
142807662592 -9792
142807662593 843912
142807662594 2821968
142807662595 2498112
142807662596 799632
142807662597 74304
142807662656 751248
142807662657 4504320
142807662658 5373504
142807662659 2183040
142807662660 305280
142807662720 1234656
142807662721 2553984
142807662722 1259712
142807662723 194400
142807662784 190080
142807662785 114048
142807666688 590148
142807666689 5623776
142807666690 8236656
142807666691 3754944
142807666692 510912
142807666752 4252032
142807666753 11081088
142807666754 6866784
142807666755 1267776
142807666816 2556576
142807666817 2537568
142807666818 536544
142807666880 114048
142807670784 2538360
142807670785 8481600
142807670786 6148944
142807670787 1197216
142807670848 5449248
142807670849 7038144
142807670850 1924128
142807670912 1280448
142807670913 513216
142807674880 2723688
142807674881 4253472
142807674882 1302912
142807674944 2342304
142807674945 1290240
142807675008 171072
142807678976 1050156
142807678977 677880
142807679040 322560
142807683072 135576
142824439808 663840
142824439809 5848416
142824439810 7860960
142824439811 3101760
142824439812 343872
142824439872 4540320
142824439873 11220480
142824439874 6119424
142824439875 924480
142824439936 2764800
142824439937 2495232
142824439938 417312
142824440000 114048
142824443904 5462496
142824443905 17313696
142824443906 11078784
142824443907 1786752
142824443968 11685312
142824443969 13663872
142824443970 3084480
142824444032 2682720
142824444033 886464
142824448000 8795376
142824448001 12517920
142824448002 3231360
142824448064 7363008
142824448065 3440448
142824448128 492480
142824452096 4438368
142824452097 2483136
142824452160 1268352
142824456192 681912
142841217024 2815704
142841217025 8177328
142841217026 4509216
142841217027 577152
142841217088 5841504
142841217089 6099264
142841217090 1071360
142841217152 1356480
142841217153 355104
142841221120 8850960
142841221121 11234880
142841221122 2363040
142841221184 7173216
142841221185 2763072
142841221248 453600
142841225216 6503040
142841225217 3091392
142841225280 1734048
142841229312 1265760
142857994240 2753136
142857994241 2999808
142857994242 480384
142857994304 2135808
142857994305 628416
142857994368 132192
142857998336 3859776
142857998337 1488960
142857998400 949824
142858002432 1057248
142874771456 762048
142874771457 216000
142874771520 165888
142874775552 381024
142891548672 43200
143881404416 119736
143881404417 742752
143881404418 914544
143881404419 384480
143881404420 56160
143881404480 413856
143881404481 885312
143881404482 446688
143881404483 71712
143881404544 112320
143881404545 67392
143881408512 702720
143881408513 1890144
143881408514 1191456
143881408515 224640
143881408576 891360
143881408577 894240
143881408578 189216
143881408640 67392
143881412608 933840
143881412609 1217376
143881412610 330048
143881412672 453600
143881412673 176256
143881416704 406944
143881416705 217728
143881416768 58752
143881420800 54432
143898181632 743616
143898181633 1885248
143898181634 1064448
143898181635 171072
143898181696 942624
143898181697 864000
143898181698 149472
143898181760 67392
143898185728 1970784
143898185729 2355264
143898185730 546048
143898185792 937440
143898185793 309312
143898189824 1271808
143898189825 596160
143898189888 172800
143898193920 219456
143914958848 969840
143914958849 1040256
143914958850 196128
143914958912 459648
143914958913 120096
143914962944 1223424
143914962945 485568
143914963008 156384
143914967040 302400
143931736064 356832
143931736065 110592
143931736128 42336
143931740160 164160
143948513280 27648
144955146240 57888
144955146241 127872
144955146242 66528
144955146243 11232
144955146304 34560
144955146305 20736
144955150336 129600
144955150337 132192
144955150338 28512
144955150400 20736
144955154432 67392
144955154433 25920
144955158528 8640
144971923456 133920
144971923457 126144
144971923458 23328
144971923520 20736
144971927552 137376
144971927553 46656
144971931648 25920
144988700672 65664
144988700673 18144
144988704768 23328
145005477888 6048
146028888064 4320
146028888065 2592
146028892160 2592
146045665280 2592
206158430209 -16992
206158430210 -2304
206158430211 71760
206158430212 119280
206158430213 36432
206158430214 52128
206158430272 -16992
206158430273 -10944
206158430274 197424
206158430275 674256
206158430276 723312
206158430277 906720
206158430278 206784
206158430336 -2304
206158430337 197424
206158430338 1151424
206158430339 2126304
206158430340 3289248
206158430341 1474176
206158430342 129600
206158430400 71760
206158430401 674256
206158430402 2126304
206158430403 4836288
206158430404 3310272
206158430405 652224
206158430406 24192
206158430464 119280
206158430465 723312
206158430466 3289248
206158430467 3310272
206158430468 1042368
206158430469 92928
206158430528 36432
206158430529 906720
206158430530 1474176
206158430531 652224
206158430532 92928
206158430592 52128
206158430593 206784
206158430594 129600
206158430595 24192
206158434304 -13824
206158434305 -2016
206158434306 98856
206158434307 403680
206158434308 426336
206158434309 803328
206158434310 206784
206158434368 -2016
206158434369 138384
206158434370 1549728
206158434371 3474336
206158434372 6215232
206158434373 3025536
206158434374 259200
206158434432 98856
206158434433 1549728
206158434434 6284064
206158434435 14910528
206158434436 11126112
206158434437 2179584
206158434438 72576
206158434496 403680
206158434497 3474336
206158434498 14910528
206158434499 16542144
206158434500 5458176
206158434501 444288
206158434560 426336
206158434561 6215232
206158434562 11126112
206158434563 5458176
206158434564 763776
206158434624 803328
206158434625 3025536
206158434626 2179584
206158434627 444288
206158434688 206784
206158434689 259200
206158434690 72576
206158438400 13824
206158438401 -15480
206158438402 332616
206158438403 1187520
206158438404 2661408
206158438405 1447968
206158438406 129600
206158438464 -15480
206158438465 740544
206158438466 5378880
206158438467 13782480
206158438468 11252736
206158438469 2272896
206158438470 72576
206158438528 332616
206158438529 5378880
206158438530 22437312
206158438531 27132960
206158438532 9458208
206158438533 739008
206158438592 1187520
206158438593 13782480
206158438594 27132960
206158438595 14717184
206158438596 2048832
206158438656 2661408
206158438657 11252736
206158438658 9458208
206158438659 2048832
206158438720 1447968
206158438721 2272896
206158438722 739008
206158438784 129600
206158438785 72576
206158442496 -17712
206158442497 -55872
206158442498 1270152
206158442499 3925344
206158442500 3501696
206158442501 745536
206158442502 24192
206158442560 -55872
206158442561 3080688
206158442562 13792512
206158442563 17918400
206158442564 6618048
206158442565 516864
206158442624 1270152
206158442625 13792512
206158442626 28994592
206158442627 17138496
206158442628 2420544
206158442688 3925344
206158442689 17918400
206158442690 17138496
206158442691 3920640
206158442752 3501696
206158442753 6618048
206158442754 2420544
206158442816 745536
206158442817 516864
206158442880 24192
206158446592 -81516
206158446593 518112
206158446594 2959176
206158446595 4118304
206158446596 1608048
206158446597 129216
206158446656 518112
206158446657 6382176
206158446658 14138304
206158446659 8963280
206158446660 1303200
206158446720 2959176
206158446721 14138304
206158446722 14939136
206158446723 3597600
206158446784 4118304
206158446785 8963280
206158446786 3597600
206158446848 1608048
206158446849 1303200
206158446912 129216
206158450688 57240
206158450689 1098096
206158450690 2574552
206158450691 1726944
206158450692 260640
206158450752 1098096
206158450753 5460048
206158450754 6217920
206158450755 1570464
206158450816 2574552
206158450817 6217920
206158450818 2686464
206158450880 1726944
206158450881 1570464
206158450944 260640
206158454784 157104
206158454785 823584
206158454786 992328
206158454787 261744
206158454848 823584
206158454849 2146368
206158454850 983472
206158454912 992328
206158454913 983472
206158454976 261744
206158458880 106104
206158458881 292464
206158458882 140496
206158458944 292464
206158458945 309312
206158459008 140496
206158462976 34788
206158462977 38664
206158463040 38664
206158467072 4296
206175207424 -7920
206175207425 26496
206175207426 54864
206175207427 285816
206175207428 536544
206175207429 799776
206175207430 129600
206175207488 56448
206175207489 111960
206175207490 1107840
206175207491 3926496
206175207492 6646272
206175207493 2419776
206175207494 129024
206175207552 165672
206175207553 1056840
206175207554 6835296
206175207555 16610400
206175207556 10191936
206175207557 1482048
206175207558 28800
206175207616 231504
206175207617 3389232
206175207618 16984608
206175207619 16611840
206175207620 4446912
206175207621 262656
206175207680 182064
206175207681 6881760
206175207682 12066624
206175207683 5156352
206175207684 590592
206175207744 712800
206175207745 3402048
206175207746 2362560
206175207747 420480
206175207808 205056
206175207809 307584
206175207810 80640
206175211520 110736
206175211521 -40392
206175211522 40440
206175211523 2559312
206175211524 5862912
206175211525 2355264
206175211526 129024
206175211584 68760
206175211585 -40440
206175211586 11194608
206175211587 31558176
206175211588 20880384
206175211589 3064320
206175211590 57600
206175211648 -150720
206175211649 10174608
206175211650 52710720
206175211651 55123584
206175211652 15170688
206175211653 845568
206175211712 1419360
206175211713 32134560
206175211714 59155296
206175211715 26907072
206175211716 2983296
206175211776 5671200
206175211777 25755264
206175211778 19398528
206175211779 3562752
206175211840 3323712
206175211841 5130624
206175211842 1474560
206175211904 307584
206175211905 161280
206175215616 16920
206175215617 -1184376
206175215618 3522744
206175215619 13745184
206175215620 9912288
206175215621 1517760
206175215622 28800
206175215680 -1309944
206175215681 7837800
206175215682 49605360
206175215683 55469760
206175215684 15901632
206175215685 874368
206175215744 2202816
206175215745 49722576
206175215746 96128832
206175215747 46481664
206175215748 5124672
206175215808 13445136
206175215809 62416416
206175215810 51449568
206175215811 9769920
206175215872 12495936
206175215873 21691200
206175215874 6833664
206175215936 2614272
206175215937 1607040
206175216000 80640
206175219712 -788688
206175219713 1167624
206175219714 14328960
206175219715 17287200
206175219716 5192256
206175219717 291456
206175219776 658104
206175219777 31112496
206175219778 63550368
206175219779 32436096
206175219780 3633024
206175219840 13971456
206175219841 66811968
206175219842 59335200
206175219843 11684160
206175219904 20047296
206175219905 38568576
206175219906 13131648
206175219968 7400064
206175219969 5208960
206175220032 552960
206175223808 -186984
206175223809 6662040
206175223810 14705184
206175223811 7869744
206175223812 908256
206175223872 6509976
206175223873 32828016
206175223874 30918288
206175223875 6320640
206175223936 15996000
206175223937 33300384
206175223938 12076992
206175224000 9855888
206175224001 7701600
206175224064 1367616
206175227904 1089312
206175227905 6033312
206175227906 5960832
206175227907 1264128
206175227968 6251880
206175227969 13826736
206175227970 5276448
206175228032 6788256
206175228033 5736960
206175228096 1632192
206175232000 952176
206175232001 2211456
206175232002 879408
206175232064 2341656
206175232065 2098320
206175232128 1017504
206175236096 320136
206175236097 299760
206175236160 319488
206175240192 39936
206191984640 44352
206191984641 -94428
206191984642 81144
206191984643 1691784
206191984644 2727648
206191984645 629856
206191984646 3456
206191984704 -38052
206191984705 -204168
206191984706 6945120
206191984707 16146576
206191984708 7670592
206191984709 615168
206191984768 -358680
206191984769 6040824
206191984770 28629216
206191984771 23810112
206191984772 4625856
206191984773 129600
206191984832 551280
206191984833 17856768
206191984834 28562976
206191984835 10329984
206191984836 798912
206191984896 2847168
206191984897 13374144
206191984898 8918208
206191984899 1329408
206191984960 1673280
206191984961 2698176
206191984962 703296
206191985024 164160
206191985025 92160
206191988736 -42048
206191988737 -1537752
206191988738 4592448
206191988739 14428656
206191988740 7437312
206191988741 615168
206191988800 -2161056
206191988801 9090600
206191988802 55116720
206191988803 48701952
206191988804 9619200
206191988805 259200
206191988864 1468968
206191988865 56660304
206191988866 93904416
206191988867 35002944
206191988868 2594880
206191988928 14560608
206191988929 65546688
206191988930 45472032
206191988931 6708096
206191988992 13422144
206191988993 21761856
206191988994 5832576
206191989056 2845632
206191989057 1622016
206191989120 92160
206191992832 -1747896
206191992833 1836792
206191992834 24336432
206191992835 23191056
206191992836 4760064
206191992837 129600
206191992896 -257712
206191992897 54124680
206191992898 94631328
206191992899 36593280
206191992900 2693952
206191992960 23523048
206191992961 106867104
206191992962 77575104
206191992963 11521152
206191993024 33202944
206191993025 56619264
206191993026 15798816
206191993088 11861472
206191993089 7296768
206191993152 872640
206191996928 -1052640
206191996929 15553848
206191996930 29693088
206191996931 11954592
206191996932 897984
206191996992 14757144
206191996993 71189280
206191996994 53930304
206191996995 8167104
206191997056 36098448
206191997057 64658304
206191997058 18774432
206191997120 20818944
206191997121 13774464
206191997184 2731968
206192001024 3023436
206192001025 16589832
206192001026 13110624
206192001027 2041776
206192001088 17940480
206192001089 33632304
206192001090 10131120
206192001152 17880720
206192001153 12554496
206192001216 3960720
206192005120 3313536
206192005121 6504096
206192005122 2026224
206192005184 7428600
206192005185 5466528
206192005248 2922048
206192009216 1192632
206192009217 911088
206192009280 1064952
206192013312 152136
206208761856 -64572
206208761857 -268368
206208761858 2122344
206208761859 4209408
206208761860 1286496
206208761861 17280
206208761920 -659568
206208761921 4525776
206208761922 18059712
206208761923 11415744
206208761924 1241280
206208761984 1003080
206208761985 20192688
206208761986 26130720
206208761987 6852096
206208761988 249408
206208762048 5290848
206208762049 20574144
206208762050 11440704
206208762051 1177920
206208762112 4407840
206208762113 6606528
206208762114 1474176
206208762176 950400
206208762177 529536
206208762240 34560
206208765952 -1166736
206208765953 2669928
206208765954 16362240
206208765955 11099232
206208765956 1243008
206208766016 664656
206208766017 39328464
206208766018 53438784
206208766019 14220288
206208766020 495360
206208766080 17460576
206208766081 67597728
206208766082 38098080
206208766083 3767616
206208766144 22279200
206208766145 32962176
206208766146 7215168
206208766208 7755264
206208766209 4223232
206208766272 598656
206208770048 -830640
206208770049 17343576
206208770050 25617936
206208770051 7051680
206208770052 247680
206208770112 16738176
206208770113 68521680
206208770114 39627072
206208770115 3884544
206208770176 36983904
206208770177 55552608
206208770178 12170592
206208770240 20026272
206208770241 11097216
206208770304 2591424
206208774144 4598568
206208774145 21625392
206208774146 12984384
206208774147 1294848
206208774208 24910896
206208774209 38533920
206208774210 8563008
206208774272 22789056
206208774273 12960192
206208774336 4756416
206208778240 5813952
206208778241 9400608
206208778242 2140752
206208778304 11870976
206208778305 6945840
206208778368 4269504
206208782336 2303976
206208782337 1389168
206208782400 1848240
206208786432 308040
206225539072 -176496
206225539073 1121148
206225539074 3404736
206225539075 1419552
206225539076 35424
206225539136 776820
206225539137 9500496
206225539138 9097632
206225539139 1367136
206225539200 4750488
206225539201 13824912
206225539202 5510880
206225539203 268128
206225539264 5142528
206225539265 6203712
206225539266 965952
206225539328 1736208
206225539329 823296
206225539392 146880
206225543168 215640
206225543169 8664864
206225543170 8900928
206225543171 1373184
206225543232 9299376
206225543233 28334400
206225543234 11367360
206225543235 524160
206225543296 17130480
206225543297 20295648
206225543298 2993472
206225543360 8630592
206225543361 3870912
206225543424 1142976
206225547264 3981840
206225547265 13667016
206225547266 5659776
206225547267 262080
206225547328 17536056
206225547329 21020832
206225547330 3041280
206225547392 14493360
206225547393 6356736
206225547456 2911488
206225551360 5536368
206225551361 6915216
206225551362 1013760
206225551424 10069584
206225551425 4421280
206225551488 3332736
206225555456 2464740
206225555457 1105320
206225555520 1771680
206225559552 354336
206242316288 190476
206242316289 1405728
206242316290 894240
206242316291 38016
206242316352 1847808
206242316353 3772224
206242316354 870048
206242316416 2786544
206242316417 2336256
206242316418 171936
206242316480 1298304
206242316481 425664
206242316544 180864
206242320384 1671696
206242320385 3717792
206242320386 877824
206242320448 5742720
206242320449 4784256
206242320450 328320
206242320512 4209408
206242320513 1271232
206242320576 824832
206242324480 2775816
206242324481 2393568
206242324482 164160
206242324544 4358304
206242324545 1268352
206242324608 1321632
206242328576 1438704
206242328577 422784
206242328640 909216
206242332672 227304
206259093504 230400
206259093505 304128
206259093506 22464
206259093568 632736
206259093569 302112
206259093632 404064
206259093633 61920
206259093696 77184
206259097600 627264
206259097601 306432
206259097664 823104
206259097665 115200
206259097728 223488
206259101696 413568
206259101697 57600
206259101760 219456
206259105792 73152
206275870720 43200
206275870721 6912
206275870784 44064
206275870848 9504
206275874816 44928
206275874880 17280
206275878912 8640
206292647936 864
207232172032 -7920
207232172033 56448
207232172034 165672
207232172035 231504
207232172036 182064
207232172037 712800
207232172038 205056
207232172096 26496
207232172097 111960
207232172098 1056840
207232172099 3389232
207232172100 6881760
207232172101 3402048
207232172102 307584
207232172160 54864
207232172161 1107840
207232172162 6835296
207232172163 16984608
207232172164 12066624
207232172165 2362560
207232172166 80640
207232172224 285816
207232172225 3926496
207232172226 16610400
207232172227 16611840
207232172228 5156352
207232172229 420480
207232172288 536544
207232172289 6646272
207232172290 10191936
207232172291 4446912
207232172292 590592
207232172352 799776
207232172353 2419776
207232172354 1482048
207232172355 262656
207232172416 129600
207232172417 129024
207232172418 28800
207232176128 110736
207232176129 68760
207232176130 -150720
207232176131 1419360
207232176132 5671200
207232176133 3323712
207232176134 307584
207232176192 -40392
207232176193 -40440
207232176194 10174608
207232176195 32134560
207232176196 25755264
207232176197 5130624
207232176198 161280
207232176256 40440
207232176257 11194608
207232176258 52710720
207232176259 59155296
207232176260 19398528
207232176261 1474560
207232176320 2559312
207232176321 31558176
207232176322 55123584
207232176323 26907072
207232176324 3562752
207232176384 5862912
207232176385 20880384
207232176386 15170688
207232176387 2983296
207232176448 2355264
207232176449 3064320
207232176450 845568
207232176512 129024
207232176513 57600
207232180224 16920
207232180225 -1309944
207232180226 2202816
207232180227 13445136
207232180228 12495936
207232180229 2614272
207232180230 80640
207232180288 -1184376
207232180289 7837800
207232180290 49722576
207232180291 62416416
207232180292 21691200
207232180293 1607040
207232180352 3522744
207232180353 49605360
207232180354 96128832
207232180355 51449568
207232180356 6833664
207232180416 13745184
207232180417 55469760
207232180418 46481664
207232180419 9769920
207232180480 9912288
207232180481 15901632
207232180482 5124672
207232180544 1517760
207232180545 874368
207232180608 28800
207232184320 -788688
207232184321 658104
207232184322 13971456
207232184323 20047296
207232184324 7400064
207232184325 552960
207232184384 1167624
207232184385 31112496
207232184386 66811968
207232184387 38568576
207232184388 5208960
207232184448 14328960
207232184449 63550368
207232184450 59335200
207232184451 13131648
207232184512 17287200
207232184513 32436096
207232184514 11684160
207232184576 5192256
207232184577 3633024
207232184640 291456
207232188416 -186984
207232188417 6509976
207232188418 15996000
207232188419 9855888
207232188420 1367616
207232188480 6662040
207232188481 32828016
207232188482 33300384
207232188483 7701600
207232188544 14705184
207232188545 30918288
207232188546 12076992
207232188608 7869744
207232188609 6320640
207232188672 908256
207232192512 1089312
207232192513 6251880
207232192514 6788256
207232192515 1632192
207232192576 6033312
207232192577 13826736
207232192578 5736960
207232192640 5960832
207232192641 5276448
207232192704 1264128
207232196608 952176
207232196609 2341656
207232196610 1017504
207232196672 2211456
207232196673 2098320
207232196736 879408
207232200704 320136
207232200705 319488
207232200768 299760
207232204800 39936
207248949248 131616
207248949249 -11088
207248949250 -381240
207248949251 2074512
207248949252 6022656
207248949253 2534976
207248949254 145152
207248949312 -11088
207248949313 -899424
207248949314 11313840
207248949315 34652160
207248949316 22516032
207248949317 3279744
207248949318 59904
207248949376 -381240
207248949377 11313840
207248949378 57886176
207248949379 56390688
207248949380 14725248
207248949381 792576
207248949440 2074512
207248949441 34652160
207248949442 56390688
207248949443 23141376
207248949444 2409984
207248949504 6022656
207248949505 22516032
207248949506 14725248
207248949507 2409984
207248949568 2534976
207248949569 3279744
207248949570 792576
207248949632 145152
207248949633 59904
207248953344 61344
207248953345 -4138584
207248953346 4733328
207248953347 29971776
207248953348 22305216
207248953349 3367296
207248953350 59904
207248953408 -4138584
207248953409 14173728
207248953410 112373472
207248953411 121546944
207248953412 33063168
207248953413 1707264
207248953472 4733328
207248953473 112373472
207248953474 200216640
207248953475 88256256
207248953476 9022464
207248953536 29971776
207248953537 121546944
207248953538 88256256
207248953539 15132672
207248953600 22305216
207248953601 33063168
207248953602 9022464
207248953664 3367296
207248953665 1707264
207248953728 59904
207248957440 -3719424
207248957441 -448104
207248957442 48183408
207248957443 59687328
207248957444 17135232
207248957445 884736
207248957504 -448104
207248957505 107483712
207248957506 212809536
207248957507 100084032
207248957508 10265472
207248957568 48183408
207248957569 212809536
207248957570 168893952
207248957571 30060288
207248957632 59687328
207248957633 100084032
207248957634 30060288
207248957696 17135232
207248957697 10265472
207248957760 884736
207248961536 -2887968
207248961537 29778672
207248961538 69058752
207248961539 34570560
207248961540 3621888
207248961600 29778672
207248961601 149180544
207248961602 127519680
207248961603 23518080
207248961664 69058752
207248961665 127519680
207248961666 41164416
207248961728 34570560
207248961729 23518080
207248961792 3621888
207248965632 5776584
207248965633 35940648
207248965634 32908416
207248965635 6288192
207248965696 35940648
207248965697 71923776
207248965698 24541632
207248965760 32908416
207248965761 24541632
207248965824 6288192
207248969728 6844848
207248969729 14777760
207248969730 5272128
207248969792 14777760
207248969793 11782656
207248969856 5272128
207248973824 2518272
207248973825 2111328
207248973888 2111328
207248977920 324000
207265726464 -108612
207265726465 -1851696
207265726466 4343832
207265726467 15327648
207265726468 8129376
207265726469 691200
207265726528 -2406912
207265726529 9589056
207265726530 59445360
207265726531 51331104
207265726532 9942336
207265726533 262656
207265726592 2368728
207265726593 60575856
207265726594 93264768
207265726595 32427360
207265726596 2262528
207265726656 15546960
207265726657 60895584
207265726658 37823904
207265726659 5035968
207265726720 11428128
207265726721 16189248
207265726722 3768192
207265726784 1782720
207265726785 859392
207265726848 34560
207265730560 -4400640
207265730561 1688640
207265730562 52817904
207265730563 51418368
207265730564 10377792
207265730565 269568
207265730624 -1238664
207265730625 119271696
207265730626 201975552
207265730627 73697472
207265730628 5040000
207265730688 51799488
207265730689 216332736
207265730690 143014464
207265730691 19233792
207265730752 62810976
207265730753 95117952
207265730754 23406336
207265730816 17807232
207265730817 9401472
207265730880 925056
207265734656 -5637552
207265734657 50712768
207265734658 100121040
207265734659 38664288
207265734660 2677248
207265734720 48883032
207265734721 231486192
207265734722 162767520
207265734723 22340160
207265734784 111257808
207265734785 180614496
207265734786 46730304
207265734848 53199168
207265734849 30772224
207265734912 5333184
207265738752 12385128
207265738753 75416592
207265738754 56721312
207265738755 8028288
207265738816 78466032
207265738817 136661280
207265738818 36976320
207265738880 67514304
207265738881 42050880
207265738944 11969856
207265742848 18799920
207265742849 35481000
207265742850 10015776
207265742912 38155320
207265742913 25216848
207265742976 12423456
207265746944 7865520
207265746945 5465952
207265747008 5979744
207265751040 1077984
207282503680 -1252992
207282503681 2759088
207282503682 17453664
207282503683 12103488
207282503684 1385856
207282503744 1067424
207282503745 41800176
207282503746 55306560
207282503747 14348736
207282503748 486144
207282503808 18498672
207282503809 65961504
207282503810 34557216
207282503811 3139200
207282503872 20354688
207282503873 27253440
207282503874 5291712
207282503936 5747328
207282503937 2747136
207282504000 323712
207282507776 -2258424
207282507777 37310880
207282507778 55938432
207282507779 15194304
207282507780 513792
207282507840 36253152
207282507841 143367840
207282507842 78587904
207282507843 7106688
207282507904 73167840
207282507905 101423232
207282507906 19957248
207282507968 33441024
207282507969 16411008
207282508032 3388800
207282511872 14386680
207282511873 71376816
207282511874 41607168
207282511875 3855744
207282511936 78795408
207282511937 115291488
207282511938 23289984
207282512000 63126336
207282512001 32235264
207282512064 10716288
207282515968 25486560
207282515969 40378368
207282515970 8479296
207282516032 47787648
207282516033 25497984
207282516096 14418432
207282520064 12420552
207282520065 6958560
207282520128 8624496
207282524160 1876416
207299280896 300684
207299280897 9220320
207299280898 9586080
207299280899 1507680
207299280960 9856944
207299280961 28867584
207299280962 11242368
207299280963 497088
207299281024 16510176
207299281025 18277728
207299281026 2444544
207299281088 7150176
207299281089 2874816
207299281152 763776
207299284992 8538240
207299284993 29392896
207299284994 12041856
207299284995 540288
207299285056 36063360
207299285057 41329920
207299285058 5519232
207299285120 26341152
207299285121 10489536
207299285184 4387968
207299289088 17875848
207299289089 21995520
207299289090 3037824
207299289152 29901600
207299289153 12136896
207299289216 8407584
207299293184 10475472
207299293185 4445280
207299293248 6597504
207299297280 1802880
207316058112 1784448
207316058113 3934656
207316058114 942624
207316058176 5778144
207316058177 4654656
207316058178 302400
207316058240 3785184
207316058241 1042560
207316058304 629568
207316062208 5891328
207316062209 5020992
207316062210 335232
207316062272 8506944
207316062273 2309760
207316062336 2218176
207316066304 4531680
207316066305 1277568
207316066368 2528640
207316070400 925344
207332835328 652608
207332835329 320544
207332835392 790848
207332835393 104256
207332835456 186624
207332839424 855360
207332839425 116352
207332839488 403200
207332843520 222336
207349612544 45792
207349612608 15552
207349616640 17280
208305913856 44352
208305913857 -38052
208305913858 -358680
208305913859 551280
208305913860 2847168
208305913861 1673280
208305913862 164160
208305913920 -94428
208305913921 -204168
208305913922 6040824
208305913923 17856768
208305913924 13374144
208305913925 2698176
208305913926 92160
208305913984 81144
208305913985 6945120
208305913986 28629216
208305913987 28562976
208305913988 8918208
208305913989 703296
208305914048 1691784
208305914049 16146576
208305914050 23810112
208305914051 10329984
208305914052 1329408
208305914112 2727648
208305914113 7670592
208305914114 4625856
208305914115 798912
208305914176 629856
208305914177 615168
208305914178 129600
208305914240 3456
208305917952 -42048
208305917953 -2161056
208305917954 1468968
208305917955 14560608
208305917956 13422144
208305917957 2845632
208305917958 92160
208305918016 -1537752
208305918017 9090600
208305918018 56660304
208305918019 65546688
208305918020 21761856
208305918021 1622016
208305918080 4592448
208305918081 55116720
208305918082 93904416
208305918083 45472032
208305918084 5832576
208305918144 14428656
208305918145 48701952
208305918146 35002944
208305918147 6708096
208305918208 7437312
208305918209 9619200
208305918210 2594880
208305918272 615168
208305918273 259200
208305922048 -1747896
208305922049 -257712
208305922050 23523048
208305922051 33202944
208305922052 11861472
208305922053 872640
208305922112 1836792
208305922113 54124680
208305922114 106867104
208305922115 56619264
208305922116 7296768
208305922176 24336432
208305922177 94631328
208305922178 77575104
208305922179 15798816
208305922240 23191056
208305922241 36593280
208305922242 11521152
208305922304 4760064
208305922305 2693952
208305922368 129600
208305926144 -1052640
208305926145 14757144
208305926146 36098448
208305926147 20818944
208305926148 2731968
208305926208 15553848
208305926209 71189280
208305926210 64658304
208305926211 13774464
208305926272 29693088
208305926273 53930304
208305926274 18774432
208305926336 11954592
208305926337 8167104
208305926400 897984
208305930240 3023436
208305930241 17940480
208305930242 17880720
208305930243 3960720
208305930304 16589832
208305930305 33632304
208305930306 12554496
208305930368 13110624
208305930369 10131120
208305930432 2041776
208305934336 3313536
208305934337 7428600
208305934338 2922048
208305934400 6504096
208305934401 5466528
208305934464 2026224
208305938432 1192632
208305938433 1064952
208305938496 911088
208305942528 152136
208322691072 -108612
208322691073 -2406912
208322691074 2368728
208322691075 15546960
208322691076 11428128
208322691077 1782720
208322691078 34560
208322691136 -1851696
208322691137 9589056
208322691138 60575856
208322691139 60895584
208322691140 16189248
208322691141 859392
208322691200 4343832
208322691201 59445360
208322691202 93264768
208322691203 37823904
208322691204 3768192
208322691264 15327648
208322691265 51331104
208322691266 32427360
208322691267 5035968
208322691328 8129376
208322691329 9942336
208322691330 2262528
208322691392 691200
208322691393 262656
208322695168 -4400640
208322695169 -1238664
208322695170 51799488
208322695171 62810976
208322695172 17807232
208322695173 925056
208322695232 1688640
208322695233 119271696
208322695234 216332736
208322695235 95117952
208322695236 9401472
208322695296 52817904
208322695297 201975552
208322695298 143014464
208322695299 23406336
208322695360 51418368
208322695361 73697472
208322695362 19233792
208322695424 10377792
208322695425 5040000
208322695488 269568
208322699264 -5637552
208322699265 48883032
208322699266 111257808
208322699267 53199168
208322699268 5333184
208322699328 50712768
208322699329 231486192
208322699330 180614496
208322699331 30772224
208322699392 100121040
208322699393 162767520
208322699394 46730304
208322699456 38664288
208322699457 22340160
208322699520 2677248
208322703360 12385128
208322703361 78466032
208322703362 67514304
208322703363 11969856
208322703424 75416592
208322703425 136661280
208322703426 42050880
208322703488 56721312
208322703489 36976320
208322703552 8028288
208322707456 18799920
208322707457 38155320
208322707458 12423456
208322707520 35481000
208322707521 25216848
208322707584 10015776
208322711552 7865520
208322711553 5979744
208322711616 5465952
208322715648 1077984
208339468288 -2252928
208339468289 1386432
208339468290 27520344
208339468291 26290368
208339468292 5414688
208339468293 152064
208339468352 1386432
208339468353 63283296
208339468354 98858448
208339468355 34630848
208339468356 2365056
208339468416 27520344
208339468417 98858448
208339468418 59292000
208339468419 7399584
208339468480 26290368
208339468481 34630848
208339468482 7399584
208339468544 5414688
208339468545 2365056
208339468608 152064
208339472384 -5537664
208339472385 54329664
208339472386 103659264
208339472387 39155616
208339472388 2688192
208339472448 54329664
208339472449 230300256
208339472450 150514560
208339472451 19377216
208339472512 103659264
208339472513 150514560
208339472514 34788096
208339472576 39155616
208339472577 19377216
208339472640 2688192
208339476480 20015568
208339476481 118903152
208339476482 85522608
208339476483 11454048
208339476544 118903152
208339476545 190532544
208339476546 46952352
208339476608 85522608
208339476609 46952352
208339476672 11454048
208339480576 39726624
208339480577 71729088
208339480578 18767808
208339480640 71729088
208339480641 42787008
208339480704 18767808
208339484672 20010936
208339484673 12848184
208339484736 12848184
208339488768 3071520
208356245504 -699288
208356245505 19518912
208356245506 28313856
208356245507 7762752
208356245508 279936
208356245568 19465776
208356245569 69073920
208356245570 35910912
208356245571 3138624
208356245632 33130224
208356245633 41580000
208356245634 7337952
208356245696 12253536
208356245697 5195520
208356245760 889920
208356249600 15710688
208356249601 72955488
208356249602 41330496
208356249603 3746880
208356249664 77270112
208356249665 105140736
208356249666 19589760
208356249728 52386336
208356249729 23776128
208356249792 6888384
208356253696 39437952
208356253697 60122784
208356253698 11916288
208356253760 66031584
208356253761 32174784
208356253824 16247232
208356257792 24783744
208356257793 13036032
208356257856 14732352
208356261888 4438728
208373022720 4564224
208373022721 14699664
208373022722 5998176
208373022723 280800
208373022784 17226288
208373022785 18552576
208373022786 2323008
208373022848 10797120
208373022849 3826080
208373022912 1433376
208373026816 18124752
208373026817 21518400
208373026818 2872512
208373026880 27056928
208373026881 10103040
208373026944 6281856
208373030912 15430272
208373030913 6215328
208373030976 8373888
208373035008 3389472
208389799936 2921328
208389799937 2438208
208389799938 165024
208389800000 3781440
208389800001 946368
208389800064 822816
208389804032 4381920
208389804033 1184832
208389804096 2111040
208389808128 1292544
208406577152 406656
208406577153 54432
208406577216 164160
208406581248 203904
208423354368 7776
209379655680 -64572
209379655681 -659568
209379655682 1003080
209379655683 5290848
209379655684 4407840
209379655685 950400
209379655686 34560
209379655744 -268368
209379655745 4525776
209379655746 20192688
209379655747 20574144
209379655748 6606528
209379655749 529536
209379655808 2122344
209379655809 18059712
209379655810 26130720
209379655811 11440704
209379655812 1474176
209379655872 4209408
209379655873 11415744
209379655874 6852096
209379655875 1177920
209379655936 1286496
209379655937 1241280
209379655938 249408
209379656000 17280
209379659776 -1166736
209379659777 664656
209379659778 17460576
209379659779 22279200
209379659780 7755264
209379659781 598656
209379659840 2669928
209379659841 39328464
209379659842 67597728
209379659843 32962176
209379659844 4223232
209379659904 16362240
209379659905 53438784
209379659906 38098080
209379659907 7215168
209379659968 11099232
209379659969 14220288
209379659970 3767616
209379660032 1243008
209379660033 495360
209379663872 -830640
209379663873 16738176
209379663874 36983904
209379663875 20026272
209379663876 2591424
209379663936 17343576
209379663937 68521680
209379663938 55552608
209379663939 11097216
209379664000 25617936
209379664001 39627072
209379664002 12170592
209379664064 7051680
209379664065 3884544
209379664128 247680
209379667968 4598568
209379667969 24910896
209379667970 22789056
209379667971 4756416
209379668032 21625392
209379668033 38533920
209379668034 12960192
209379668096 12984384
209379668097 8563008
209379668160 1294848
209379672064 5813952
209379672065 11870976
209379672066 4269504
209379672128 9400608
209379672129 6945840
209379672192 2140752
209379676160 2303976
209379676161 1848240
209379676224 1389168
209379680256 308040
209396432896 -1252992
209396432897 1067424
209396432898 18498672
209396432899 20354688
209396432900 5747328
209396432901 323712
209396432960 2759088
209396432961 41800176
209396432962 65961504
209396432963 27253440
209396432964 2747136
209396433024 17453664
209396433025 55306560
209396433026 34557216
209396433027 5291712
209396433088 12103488
209396433089 14348736
209396433090 3139200
209396433152 1385856
209396433153 486144
209396436992 -2258424
209396436993 36253152
209396436994 73167840
209396436995 33441024
209396436996 3388800
209396437056 37310880
209396437057 143367840
209396437058 101423232
209396437059 16411008
209396437120 55938432
209396437121 78587904
209396437122 19957248
209396437184 15194304
209396437185 7106688
209396437248 513792
209396441088 14386680
209396441089 78795408
209396441090 63126336
209396441091 10716288
209396441152 71376816
209396441153 115291488
209396441154 32235264
209396441216 41607168
209396441217 23289984
209396441280 3855744
209396445184 25486560
209396445185 47787648
209396445186 14418432
209396445248 40378368
209396445249 25497984
209396445312 8479296
209396449280 12420552
209396449281 8624496
209396449344 6958560
209396453376 1876416
209413210112 -699288
209413210113 19465776
209413210114 33130224
209413210115 12253536
209413210116 889920
209413210176 19518912
209413210177 69073920
209413210178 41580000
209413210179 5195520
209413210240 28313856
209413210241 35910912
209413210242 7337952
209413210304 7762752
209413210305 3138624
209413210368 279936
209413214208 15710688
209413214209 77270112
209413214210 52386336
209413214211 6888384
209413214272 72955488
209413214273 105140736
209413214274 23776128
209413214336 41330496
209413214337 19589760
209413214400 3746880
209413218304 39437952
209413218305 66031584
209413218306 16247232
209413218368 60122784
209413218369 32174784
209413218432 11916288
209413222400 24783744
209413222401 14732352
209413222464 13036032
209413226496 4438728
209429987328 5917536
209429987329 23080032
209429987330 12561696
209429987331 1165824
209429987392 23080032
209429987393 28481280
209429987394 4914048
209429987456 12561696
209429987457 4914048
209429987520 1165824
209429991424 25586592
209429991425 36226368
209429991426 6868416
209429991488 36226368
209429991489 15918336
209429991552 6868416
209429995520 22608960
209429995521 11104128
209429995584 11104128
209429999616 5084736
209446764544 5726448
209446764545 6385824
209446764546 838656
209446764608 7283808
209446764609 2444160
209446764672 1324512
209446768640 9217344
209446768641 3486720
209446768704 4143360
209446772736 2873760
209463541760 1280736
209463541761 328320
209463541824 508032
209463545856 716544
209480318976 54720
210453397504 -176496
210453397505 776820
210453397506 4750488
210453397507 5142528
210453397508 1736208
210453397509 146880
210453397568 1121148
210453397569 9500496
210453397570 13824912
210453397571 6203712
210453397572 823296
210453397632 3404736
210453397633 9097632
210453397634 5510880
210453397635 965952
210453397696 1419552
210453397697 1367136
210453397698 268128
210453397760 35424
210453401600 215640
210453401601 9299376
210453401602 17130480
210453401603 8630592
210453401604 1142976
210453401664 8664864
210453401665 28334400
210453401666 20295648
210453401667 3870912
210453401728 8900928
210453401729 11367360
210453401730 2993472
210453401792 1373184
210453401793 524160
210453405696 3981840
210453405697 17536056
210453405698 14493360
210453405699 2911488
210453405760 13667016
210453405761 21020832
210453405762 6356736
210453405824 5659776
210453405825 3041280
210453405888 262080
210453409792 5536368
210453409793 10069584
210453409794 3332736
210453409856 6915216
210453409857 4421280
210453409920 1013760
210453413888 2464740
210453413889 1771680
210453413952 1105320
210453417984 354336
210470174720 300684
210470174721 9856944
210470174722 16510176
210470174723 7150176
210470174724 763776
210470174784 9220320
210470174785 28867584
210470174786 18277728
210470174787 2874816
210470174848 9586080
210470174849 11242368
210470174850 2444544
210470174912 1507680
210470174913 497088
210470178816 8538240
210470178817 36063360
210470178818 26341152
210470178819 4387968
210470178880 29392896
210470178881 41329920
210470178882 10489536
210470178944 12041856
210470178945 5519232
210470179008 540288
210470182912 17875848
210470182913 29901600
210470182914 8407584
210470182976 21995520
210470182977 12136896
210470183040 3037824
210470187008 10475472
210470187009 6597504
210470187072 4445280
210470191104 1802880
210486951936 4564224
210486951937 17226288
210486951938 10797120
210486951939 1433376
210486952000 14699664
210486952001 18552576
210486952002 3826080
210486952064 5998176
210486952065 2323008
210486952128 280800
210486956032 18124752
210486956033 27056928
210486956034 6281856
210486956096 21518400
210486956097 10103040
210486956160 2872512
210486960128 15430272
210486960129 8373888
210486960192 6215328
210486964224 3389472
210503729152 5726448
210503729153 7283808
210503729154 1324512
210503729216 6385824
210503729217 2444160
210503729280 838656
210503733248 9217344
210503733249 4143360
210503733312 3486720
210503737344 2873760
210520506368 1834560
210520506369 635040
210520506432 635040
210520510464 1059840
210537283584 127008
211527139328 190476
211527139329 1847808
211527139330 2786544
211527139331 1298304
211527139332 180864
211527139392 1405728
211527139393 3772224
211527139394 2336256
211527139395 425664
211527139456 894240
211527139457 870048
211527139458 171936
211527139520 38016
211527143424 1671696
211527143425 5742720
211527143426 4209408
211527143427 824832
211527143488 3717792
211527143489 4784256
211527143490 1271232
211527143552 877824
211527143553 328320
211527147520 2775816
211527147521 4358304
211527147522 1321632
211527147584 2393568
211527147585 1268352
211527147648 164160
211527151616 1438704
211527151617 909216
211527151680 422784
211527155712 227304
211543916544 1784448
211543916545 5778144
211543916546 3785184
211543916547 629568
211543916608 3934656
211543916609 4654656
211543916610 1042560
211543916672 942624
211543916673 302400
211543920640 5891328
211543920641 8506944
211543920642 2218176
211543920704 5020992
211543920705 2309760
211543920768 335232
211543924736 4531680
211543924737 2528640
211543924800 1277568
211543928832 925344
211560693760 2921328
211560693761 3781440
211560693762 822816
211560693824 2438208
211560693825 946368
211560693888 165024
211560697856 4381920
211560697857 2111040
211560697920 1184832
211560701952 1292544
211577470976 1280736
211577470977 508032
211577471040 328320
211577475072 716544
211594248192 127008
212600881152 230400
212600881153 632736
212600881154 404064
212600881155 77184
212600881216 304128
212600881217 302112
212600881218 61920
212600881280 22464
212600885248 627264
212600885249 823104
212600885250 223488
212600885312 306432
212600885313 115200
212600889344 413568
212600889345 219456
212600889408 57600
212600893440 73152
212617658368 652608
212617658369 790848
212617658370 186624
212617658432 320544
212617658433 104256
212617662464 855360
212617662465 403200
212617662528 116352
212617666560 222336
212634435584 406656
212634435585 164160
212634435648 54432
212634439680 203904
212651212800 54720
213674622976 43200
213674622977 44064
213674622978 9504
213674623040 6912
213674627072 44928
213674627073 17280
213674631168 8640
213691400192 45792
213691400193 15552
213691404288 17280
213708177408 7776
214748364800 864
274877906944 -6264
274877906945 -720
274877906946 52008
274877906947 112536
274877906948 61584
274877906949 169200
274877906950 51264
274877907008 -720
274877907009 77520
274877907010 392784
274877907011 758928
274877907012 1568688
274877907013 847008
274877907014 76896
274877907072 52008
274877907073 392784
274877907074 1446048
274877907075 3918624
274877907076 3148176
274877907077 628800
274877907078 20160
274877907136 112536
274877907137 758928
274877907138 3918624
274877907139 4663968
274877907140 1527648
274877907141 118080
274877907200 61584
274877907201 1568688
274877907202 3148176
274877907203 1527648
274877907204 200064
274877907264 169200
274877907265 847008
274877907266 628800
274877907267 118080
274877907328 51264
274877907329 76896
274877907330 20160
274877911040 12528
274877911041 49932
274877911042 136488
274877911043 397584
274877911044 1298976
274877911045 808560
274877911046 76896
274877911104 49932
274877911105 276792
274877911106 2262096
274877911107 7259568
274877911108 6399216
274877911109 1314336
274877911110 40320
274877911168 136488
274877911169 2262096
274877911170 12041088
274877911171 15436608
274877911172 5319264
274877911173 394560
274877911232 397584
274877911233 7259568
274877911234 15436608
274877911235 8180928
274877911236 1073856
274877911296 1298976
274877911297 6399216
274877911298 5319264
274877911299 1073856
274877911360 808560
274877911361 1314336
274877911362 394560
274877911424 76896
274877911425 40320
274877915136 24012
274877915137 -128940
274877915138 615132
274877915139 3040680
274877915140 2986368
274877915141 647088
274877915142 20160
274877915200 -128940
274877915201 1704984
274877915202 11164728
274877915203 15384864
274877915204 5598864
274877915205 414720
274877915264 615132
274877915265 11164728
274877915266 24924912
274877915267 14272224
274877915268 1904544
274877915328 3040680
274877915329 15384864
274877915330 14272224
274877915331 3065856
274877915392 2986368
274877915393 5598864
274877915394 1904544
274877915456 647088
274877915457 414720
274877915520 20160
274877919232 -122100
274877919233 227880
274877919234 3148344
274877919235 4734384
274877919236 1817328
274877919237 138240
274877919296 227880
274877919297 6934944
274877919298 16344336
274877919299 9964416
274877919300 1367616
274877919360 3148344
274877919361 16344336
274877919362 16508256
274877919363 3742272
274877919424 4734384
274877919425 9964416
274877919426 3742272
274877919488 1817328
274877919489 1367616
274877919552 138240
274877923328 -22812
274877923329 1466088
274877923330 3749196
274877923331 2406552
274877923332 341904
274877923392 1466088
274877923393 7980168
274877923394 8591592
274877923395 2040240
274877923456 3749196
274877923457 8591592
274877923458 3479328
274877923520 2406552
274877923521 2040240
274877923584 341904
274877927424 245040
274877927425 1458840
274877927426 1651056
274877927427 408048
274877927488 1458840
274877927489 3559968
274877927490 1526256
274877927552 1651056
274877927553 1526256
274877927616 408048
274877931520 221652
274877931521 568152
274877931522 254376
274877931584 568152
274877931585 559104
274877931648 254376
274877935616 77568
274877935617 79872
274877935680 79872
274877939712 9984
274894684160 23040
274894684161 51600
274894684162 46800
274894684163 495672
274894684164 1384992
274894684165 618912
274894684166 36288
274894684224 86664
274894684225 40224
274894684226 2461632
274894684227 7947984
274894684228 5631840
274894684229 841536
274894684230 14976
274894684288 20616
274894684289 2227368
274894684290 13465200
274894684291 14873280
274894684292 4080480
274894684293 213696
274894684352 217008
274894684353 8047392
274894684354 15963936
274894684355 7180704
274894684356 744768
274894684416 1264512
274894684417 6905664
274894684418 5280096
274894684419 907776
274894684480 830016
274894684481 1429440
274894684482 395136
274894684544 82080
274894684545 46080
274894688256 100260
274894688257 -586416
274894688258 1197384
274894688259 6784896
274894688260 5342832
274894688261 834048
274894688262 14976
274894688320 -634800
274894688321 2890008
274894688322 25428672
274894688323 30123936
274894688324 8578272
274894688325 442368
274894688384 514272
274894688385 25399776
274894688386 52310016
274894688387 24802368
274894688388 2555712
274894688448 6443568
274894688449 33864768
274894688450 27629280
274894688451 4905792
274894688512 6625392
274894688513 11881152
274894688514 3526848
274894688576 1452192
274894688577 867456
274894688640 46080
274894692352 -611988
274894692353 91176
274894692354 10846824
274894692355 14114496
274894692356 4208784
274894692357 221184
274894692416 -328488
274894692417 23933712
274894692418 52254912
274894692419 26006112
274894692420 2716416
274894692480 10367784
274894692481 54921264
274894692482 47566176
274894692483 8741088
274894692544 16264080
274894692545 31260288
274894692546 9969696
274894692608 6094128
274894692609 4065984
274894692672 449280
274894696448 -562680
274894696449 6684264
274894696450 16204032
274894696451 8438304
274894696452 905472
274894696512 6438456
274894696513 36324768
274894696514 33069120
274894696515 6288192
274894696576 17562096
274894696577 35796864
274894696578 12110112
274894696640 10707264
274894696641 7854912
274894696704 1431360
274894700544 1289784
274894700545 8395536
274894700546 7999728
274894700547 1572048
274894700608 8677704
274894700609 18594312
274894700610 6590160
274894700672 9184536
274894700673 7242048
274894700736 2095200
274894704640 1594536
274894704641 3583776
274894704642 1318032
274894704704 3807864
274894704705 3166992
274894704768 1553040
274894708736 609984
274894708737 527832
274894708800 567000
274894712832 81000
274911461376 24648
274911461377 -306252
274911461378 974808
274911461379 3504312
274911461380 1964736
274911461381 171936
274911461440 -425388
274911461441 1992144
274911461442 13713120
274911461443 12831840
274911461444 2580192
274911461445 67392
274911461504 247620
274911461505 14074224
274911461506 24633360
274911461507 9179712
274911461508 644256
274911461568 3411576
274911461569 17137920
274911461570 11969856
274911461571 1666656
274911461632 3377328
274911461633 5844192
274911461634 1510848
274911461696 752544
274911461697 445248
274911461760 25920
274911465472 -768372
274911465473 450588
274911465474 11954520
274911465475 12223152
274911465476 2555136
274911465477 67392
274911465536 -587268
274911465537 26942040
274911465538 49933296
274911465539 19236384
274911465540 1338624
274911465600 11272632
274911465601 56274336
274911465602 40650624
274911465603 5680800
274911465664 17137632
274911465665 30010464
274911465666 7963776
274911465728 6340128
274911465729 3832704
274911465792 479808
274911469568 -1163352
274911469569 11408988
274911469570 23574240
274911469571 9447984
274911469572 669312
274911469632 10593396
274911469633 56632488
274911469634 42409440
274911469635 6021216
274911469696 28350360
274911469697 51106656
274911469698 13997664
274911469760 16582704
274911469761 10547136
274911469824 2168352
274911473664 2760012
274911473665 17661528
274911473666 13794480
274911473667 2007072
274911473728 18966096
274911473729 35463792
274911473730 10015776
274911473792 18938832
274911473793 12625632
274911473856 4084416
274911477760 4386456
274911477761 8606136
274911477762 2503944
274911477824 9853176
274911477825 6832440
274911477888 3716064
274911481856 1905360
274911481857 1366488
274911481920 1616976
274911485952 269496
274928238592 -237924
274928238593 599424
274928238594 3991752
274928238595 2905056
274928238596 343008
274928238656 146232
274928238657 9667824
274928238658 13800384
274928238659 3750912
274928238660 128448
274928238720 4211640
274928238721 17364432
274928238722 9878064
274928238723 936000
274928238784 5627712
274928238785 8632320
274928238786 1823616
274928238848 2034000
274928238849 1120800
274928238912 164160
274928242688 -485508
274928242689 8457144
274928242690 13248936
274928242691 3722976
274928242692 128448
274928242752 8063592
274928242753 35353152
274928242754 20562816
274928242755 1927872
274928242816 18828600
274928242817 28880256
274928242818 6063264
274928242880 10456704
274928242881 5704896
274928242944 1382880
274928246784 3224628
274928246785 16786032
274928246786 10133304
274928246787 963936
274928246848 19157136
274928246849 30034512
274928246850 6359472
274928246912 17787288
274928246913 9811008
274928246976 3704496
274928250880 5965080
274928250881 9802560
274928250882 2119824
274928250944 12370608
274928250945 6958560
274928251008 4362192
274928254976 3010440
274928254977 1739640
274928255040 2345520
274928259072 469104
274945015808 60000
274945015809 2112372
274945015810 2290968
274945015811 371520
274945015872 2270172
274945015873 7189776
274945015874 2950128
274945015875 135072
274945015936 4316100
274945015937 5225784
274945015938 750240
274945016000 2238408
274945016001 999216
274945016064 306000
274945019904 1934004
274945019905 6954444
274945019906 2940912
274945019907 135072
274945019968 8858916
274945019969 10810128
274945019970 1518912
274945020032 7458936
274945020033 3221856
274945020096 1519056
274945024000 4203840
274945024001 5349012
274945024002 759456
274945024064 7768260
274945024065 3333960
274945024128 2562408
274945028096 2542116
274945028097 1111320
274945028160 1802880
274945032192 450720
274961793024 409140
274961793025 938736
274961793026 231552
274961793088 1436400
274961793089 1221984
274961793090 83808
274961793152 1075752
274961793153 321984
274961793216 215568
274961797120 1394388
274961797121 1224576
274961797122 83808
274961797184 2219760
274961797185 638784
274961797248 678240
274961801216 1101996
274961801217 319392
274961801280 694008
274961805312 231336
274978570240 155736
274978570241 78624
274978570304 207216
274978570305 29088
274978570368 57024
274978574336 208656
274978574337 29088
274978574400 111168
274978578432 55584
274995347456 11232
274995347520 4320
274995351552 4320
275951648768 23040
275951648769 86664
275951648770 20616
275951648771 217008
275951648772 1264512
275951648773 830016
275951648774 82080
275951648832 51600
275951648833 40224
275951648834 2227368
275951648835 8047392
275951648836 6905664
275951648837 1429440
275951648838 46080
275951648896 46800
275951648897 2461632
275951648898 13465200
275951648899 15963936
275951648900 5280096
275951648901 395136
275951648960 495672
275951648961 7947984
275951648962 14873280
275951648963 7180704
275951648964 907776
275951649024 1384992
275951649025 5631840
275951649026 4080480
275951649027 744768
275951649088 618912
275951649089 841536
275951649090 213696
275951649152 36288
275951649153 14976
275951652864 100260
275951652865 -634800
275951652866 514272
275951652867 6443568
275951652868 6625392
275951652869 1452192
275951652870 46080
275951652928 -586416
275951652929 2890008
275951652930 25399776
275951652931 33864768
275951652932 11881152
275951652933 867456
275951652992 1197384
275951652993 25428672
275951652994 52310016
275951652995 27629280
275951652996 3526848
275951653056 6784896
275951653057 30123936
275951653058 24802368
275951653059 4905792
275951653120 5342832
275951653121 8578272
275951653122 2555712
275951653184 834048
275951653185 442368
275951653248 14976
275951656960 -611988
275951656961 -328488
275951656962 10367784
275951656963 16264080
275951656964 6094128
275951656965 449280
275951657024 91176
275951657025 23933712
275951657026 54921264
275951657027 31260288
275951657028 4065984
275951657088 10846824
275951657089 52254912
275951657090 47566176
275951657091 9969696
275951657152 14114496
275951657153 26006112
275951657154 8741088
275951657216 4208784
275951657217 2716416
275951657280 221184
275951661056 -562680
275951661057 6438456
275951661058 17562096
275951661059 10707264
275951661060 1431360
275951661120 6684264
275951661121 36324768
275951661122 35796864
275951661123 7854912
275951661184 16204032
275951661185 33069120
275951661186 12110112
275951661248 8438304
275951661249 6288192
275951661312 905472
275951665152 1289784
275951665153 8677704
275951665154 9184536
275951665155 2095200
275951665216 8395536
275951665217 18594312
275951665218 7242048
275951665280 7999728
275951665281 6590160
275951665344 1572048
275951669248 1594536
275951669249 3807864
275951669250 1553040
275951669312 3583776
275951669313 3166992
275951669376 1318032
275951673344 609984
275951673345 567000
275951673408 527832
275951677440 81000
275968425984 95808
275968425985 -812616
275968425986 873504
275968425987 7067496
275968425988 5711184
275968425989 912960
275968425990 17280
275968426048 -812616
275968426049 2992536
275968426050 27806952
275968426051 31855152
275968426052 8901600
275968426053 460800
275968426112 873504
275968426113 27806952
275968426114 52561344
275968426115 23326848
275968426116 2317248
275968426176 7067496
275968426177 31855152
275968426178 23326848
275968426179 3807360
275968426240 5711184
275968426241 8901600
275968426242 2317248
275968426304 912960
275968426305 460800
275968426368 17280
275968430080 -1626816
275968430081 -1206288
275968430082 23178360
275968430083 31084848
275968430084 9214656
275968430085 478080
275968430144 -1206288
275968430145 53190720
275968430146 112259040
275968430147 53111040
275968430148 5303808
275968430208 23178360
275968430209 112259040
275968430210 89033664
275968430211 15147648
275968430272 31084848
275968430273 53111040
275968430274 15147648
275968430336 9214656
275968430337 5303808
275968430400 478080
275968434176 -2969424
275968434177 21356592
275968434178 54557832
275968434179 27580368
275968434180 2816640
275968434240 21356592
275968434241 118789776
275968434242 101103888
275968434243 17846784
275968434304 54557832
275968434305 101103888
275968434306 30980160
275968434368 27580368
275968434369 17846784
275968434432 2816640
275968438272 5133240
275968438273 38146968
275968438274 34934400
275968438275 6393600
275968438336 38146968
275968438337 76249248
275968438338 24687360
275968438400 34934400
275968438401 24687360
275968438464 6393600
275968442368 9057600
275968442369 19677960
275968442370 6666480
275968442432 19677960
275968442433 14847840
275968442496 6666480
275968446464 4042080
275968446465 3211200
275968446528 3211200
275968450560 578160
275985203200 -887916
275985203201 307944
275985203202 12659256
275985203203 13154760
275985203204 2802816
275985203205 77760
275985203264 -359904
275985203265 29133240
275985203266 51910488
275985203267 19454544
275985203268 1338048
275985203328 12358656
275985203329 55522824
275985203330 37308528
275985203331 4895136
275985203392 15876744
275985203393 25054416
275985203394 5990112
275985203456 4721904
275985203457 2512800
275985203520 259200
275985207296 -3026244
275985207297 24280872
275985207298 51317424
275985207299 20406672
275985207300 1422720
275985207360 23262360
275985207361 119274816
275985207362 84997728
275985207363 11399616
275985207424 56697216
275985207425 94369632
275985207426 23640768
275985207488 27956592
275985207489 15879744
275985207552 2857824
275985211392 8341692
275985211393 58228440
275985211394 44522928
275985211395 6163200
275985211456 60360888
275985211457 107124288
275985211458 28018224
275985211520 52971216
275985211521 32060736
275985211584 9321552
275985215488 19201752
275985215489 37189224
275985215490 10155600
275985215552 39973368
275985215553 25566912
275985215616 12724560
275985219584 10322640
275985219585 6952320
275985219648 7638840
275985223680 1657800
276001980416 -476208
276001980417 9013800
276001980418 14161752
276001980419 4048128
276001980420 146880
276001980480 8777520
276001980481 36225072
276001980482 20405184
276001980483 1865664
276001980544 18350712
276001980545 26240160
276001980546 5103072
276001980608 8711712
276001980609 4302432
276001980672 924192
276001984512 6847968
276001984513 36075840
276001984514 21615504
276001984515 2024640
276001984576 39656256
276001984577 59524272
276001984578 11873952
276001984640 32594736
276001984641 16536096
276001984704 5643360
276001988608 19208424
276001988609 31325376
276001988610 6495120
276001988672 36983616
276001988673 19487088
276001988736 11162592
276001992704 12832488
276001992705 7102080
276001992768 8847504
276001996800 2408760
276018757632 2093700
276018757633 7346088
276018757634 3142512
276018757635 151200
276018757696 8983920
276018757697 10567680
276018757698 1431936
276018757760 6747048
276018757761 2703888
276018757824 1165248
276018761728 8932212
276018761729 11260896
276018761730 1575360
276018761792 15248832
276018761793 6202368
276018761856 4354128
276018765824 8024628
276018765825 3407400
276018765888 5074704
276018769920 1848240
276035534848 1457928
276035534849 1279584
276035534850 90720
276035534912 2144880
276035534913 591552
276035534976 573840
276035538944 2289600
276035538945 653760
276035539008 1291680
276035543040 708120
276052312064 213264
276052312065 30240
276052312128 101952
276052316160 112320
276069089280 4320
277025390592 24648
277025390593 -425388
277025390594 247620
277025390595 3411576
277025390596 3377328
277025390597 752544
277025390598 25920
277025390656 -306252
277025390657 1992144
277025390658 14074224
277025390659 17137920
277025390660 5844192
277025390661 445248
277025390720 974808
277025390721 13713120
277025390722 24633360
277025390723 11969856
277025390724 1510848
277025390784 3504312
277025390785 12831840
277025390786 9179712
277025390787 1666656
277025390848 1964736
277025390849 2580192
277025390850 644256
277025390912 171936
277025390913 67392
277025394688 -768372
277025394689 -587268
277025394690 11272632
277025394691 17137632
277025394692 6340128
277025394693 479808
277025394752 450588
277025394753 26942040
277025394754 56274336
277025394755 30010464
277025394756 3832704
277025394816 11954520
277025394817 49933296
277025394818 40650624
277025394819 7963776
277025394880 12223152
277025394881 19236384
277025394882 5680800
277025394944 2555136
277025394945 1338624
277025395008 67392
277025398784 -1163352
277025398785 10593396
277025398786 28350360
277025398787 16582704
277025398788 2168352
277025398848 11408988
277025398849 56632488
277025398850 51106656
277025398851 10547136
277025398912 23574240
277025398913 42409440
277025398914 13997664
277025398976 9447984
277025398977 6021216
277025399040 669312
277025402880 2760012
277025402881 18966096
277025402882 18938832
277025402883 4084416
277025402944 17661528
277025402945 35463792
277025402946 12625632
277025403008 13794480
277025403009 10015776
277025403072 2007072
277025406976 4386456
277025406977 9853176
277025406978 3716064
277025407040 8606136
277025407041 6832440
277025407104 2503944
277025411072 1905360
277025411073 1616976
277025411136 1366488
277025415168 269496
277042167808 -887916
277042167809 -359904
277042167810 12358656
277042167811 15876744
277042167812 4721904
277042167813 259200
277042167872 307944
277042167873 29133240
277042167874 55522824
277042167875 25054416
277042167876 2512800
277042167936 12659256
277042167937 51910488
277042167938 37308528
277042167939 5990112
277042168000 13154760
277042168001 19454544
277042168002 4895136
277042168064 2802816
277042168065 1338048
277042168128 77760
277042171904 -3026244
277042171905 23262360
277042171906 56697216
277042171907 27956592
277042171908 2857824
277042171968 24280872
277042171969 119274816
277042171970 94369632
277042171971 15879744
277042172032 51317424
277042172033 84997728
277042172034 23640768
277042172096 20406672
277042172097 11399616
277042172160 1422720
277042176000 8341692
277042176001 60360888
277042176002 52971216
277042176003 9321552
277042176064 58228440
277042176065 107124288
277042176066 32060736
277042176128 44522928
277042176129 28018224
277042176192 6163200
277042180096 19201752
277042180097 39973368
277042180098 12724560
277042180160 37189224
277042180161 25566912
277042180224 10155600
277042184192 10322640
277042184193 7638840
277042184256 6952320
277042188288 1657800
277058945024 -1210128
277058945025 13093560
277058945026 26019216
277058945027 10287288
277058945028 748224
277058945088 13093560
277058945089 58102968
277058945090 39037752
277058945091 5109264
277058945152 26019216
277058945153 39037752
277058945154 8953632
277058945216 10287288
277058945217 5109264
277058945280 748224
277058949120 9421704
277058949121 59841696
277058949122 44309016
277058949123 6049008
277058949184 59841696
277058949185 98491296
277058949186 24141024
277058949248 44309016
277058949249 24141024
277058949312 6049008
277058953216 29845200
277058953217 55633944
277058953218 14523192
277058953280 55633944
277058953281 32852016
277058953344 14523192
277058957312 20686776
277058957313 13200696
277058957376 13200696
277058961408 3956400
277075722240 3866328
277075722241 18139560
277075722242 10678824
277075722243 1026432
277075722304 19199376
277075722305 26883168
277075722306 5108688
277075722368 13455864
277075722369 6186816
277075722432 1856592
277075726336 19630152
277075726337 30737040
277075726338 6212016
277075726400 33707328
277075726401 16555968
277075726464 8461440
277075730432 18973776
277075730433 10061424
277075730496 11379456
277075734528 4569192
277092499456 4479684
277092499457 5451552
277092499458 766368
277092499520 6824304
277092499521 2604384
277092499584 1642464
277092503552 7790688
277092503553 3196944
277092503616 4299984
277092507648 2603952
277109276672 1090656
277109276673 305856
277109276736 537408
277109280768 655920
277126053888 50976
278099132416 -237924
278099132417 146232
278099132418 4211640
278099132419 5627712
278099132420 2034000
278099132421 164160
278099132480 599424
278099132481 9667824
278099132482 17364432
278099132483 8632320
278099132484 1120800
278099132544 3991752
278099132545 13800384
278099132546 9878064
278099132547 1823616
278099132608 2905056
278099132609 3750912
278099132610 936000
278099132672 343008
278099132673 128448
278099136512 -485508
278099136513 8063592
278099136514 18828600
278099136515 10456704
278099136516 1382880
278099136576 8457144
278099136577 35353152
278099136578 28880256
278099136579 5704896
278099136640 13248936
278099136641 20562816
278099136642 6063264
278099136704 3722976
278099136705 1927872
278099136768 128448
278099140608 3224628
278099140609 19157136
278099140610 17787288
278099140611 3704496
278099140672 16786032
278099140673 30034512
278099140674 9811008
278099140736 10133304
278099140737 6359472
278099140800 963936
278099144704 5965080
278099144705 12370608
278099144706 4362192
278099144768 9802560
278099144769 6958560
278099144832 2119824
278099148800 3010440
278099148801 2345520
278099148864 1739640
278099152896 469104
278115909632 -476208
278115909633 8777520
278115909634 18350712
278115909635 8711712
278115909636 924192
278115909696 9013800
278115909697 36225072
278115909698 26240160
278115909699 4302432
278115909760 14161752
278115909761 20405184
278115909762 5103072
278115909824 4048128
278115909825 1865664
278115909888 146880
278115913728 6847968
278115913729 39656256
278115913730 32594736
278115913731 5643360
278115913792 36075840
278115913793 59524272
278115913794 16536096
278115913856 21615504
278115913857 11873952
278115913920 2024640
278115917824 19208424
278115917825 36983616
278115917826 11162592
278115917888 31325376
278115917889 19487088
278115917952 6495120
278115921920 12832488
278115921921 8847504
278115921984 7102080
278115926016 2408760
278132686848 3866328
278132686849 19199376
278132686850 13455864
278132686851 1856592
278132686912 18139560
278132686913 26883168
278132686914 6186816
278132686976 10678824
278132686977 5108688
278132687040 1026432
278132690944 19630152
278132690945 33707328
278132690946 8461440
278132691008 30737040
278132691009 16555968
278132691072 6212016
278132695040 18973776
278132695041 11379456
278132695104 10061424
278132699136 4569192
278149464064 6322152
278149464065 9147600
278149464066 1813104
278149464128 9147600
278149464129 4111680
278149464192 1813104
278149468160 11409600
278149468161 5715840
278149468224 5715840
278149472256 3911280
278166241280 2292336
278166241281 895680
278166241344 1059840
278166245376 1460880
278183018496 179136
279172874240 60000
279172874241 2270172
279172874242 4316100
279172874243 2238408
279172874244 306000
279172874304 2112372
279172874305 7189776
279172874306 5225784
279172874307 999216
279172874368 2290968
279172874369 2950128
279172874370 750240
279172874432 371520
279172874433 135072
279172878336 1934004
279172878337 8858916
279172878338 7458936
279172878339 1519056
279172878400 6954444
279172878401 10810128
279172878402 3221856
279172878464 2940912
279172878465 1518912
279172878528 135072
279172882432 4203840
279172882433 7768260
279172882434 2562408
279172882496 5349012
279172882497 3333960
279172882560 759456
279172886528 2542116
279172886529 1802880
279172886592 1111320
279172890624 450720
279189651456 2093700
279189651457 8983920
279189651458 6747048
279189651459 1165248
279189651520 7346088
279189651521 10567680
279189651522 2703888
279189651584 3142512
279189651585 1431936
279189651648 151200
279189655552 8932212
279189655553 15248832
279189655554 4354128
279189655616 11260896
279189655617 6202368
279189655680 1575360
279189659648 8024628
279189659649 5074704
279189659712 3407400
279189663744 1848240
279206428672 4479684
279206428673 6824304
279206428674 1642464
279206428736 5451552
279206428737 2604384
279206428800 766368
279206432768 7790688
279206432769 4299984
279206432832 3196944
279206436864 2603952
279223205888 2292336
279223205889 1059840
279223205952 895680
279223209984 1460880
279239983104 264960
280246616064 409140
280246616065 1436400
280246616066 1075752
280246616067 215568
280246616128 938736
280246616129 1221984
280246616130 321984
280246616192 231552
280246616193 83808
280246620160 1394388
280246620161 2219760
280246620162 678240
280246620224 1224576
280246620225 638784
280246620288 83808
280246624256 1101996
280246624257 694008
280246624320 319392
280246628352 231336
280263393280 1457928
280263393281 2144880
280263393282 573840
280263393344 1279584
280263393345 591552
280263393408 90720
280263397376 2289600
280263397377 1291680
280263397440 653760
280263401472 708120
280280170496 1090656
280280170497 537408
280280170560 305856
280280174592 655920
280296947712 179136
281320357888 155736
281320357889 207216
281320357890 57024
281320357952 78624
281320357953 29088
281320361984 208656
281320361985 111168
281320362048 29088
281320366080 55584
281337135104 213264
281337135105 101952
281337135168 30240
281337139200 112320
281353912320 50976
282394099712 11232
282394099713 4320
282394103808 4320
282410876928 4320
343597383680 720
343597383681 21396
343597383682 38568
343597383683 59952
343597383684 232464
343597383685 161424
343597383686 16416
343597383744 21396
343597383745 67368
343597383746 403344
343597383747 1437792
343597383748 1359696
343597383749 291936
343597383750 9216
343597383808 38568
343597383809 403344
343597383810 2430912
343597383811 3305184
343597383812 1161504
343597383813 85248
343597383872 59952
343597383873 1437792
343597383874 3305184
343597383875 1765248
343597383876 224064
343597383936 232464
343597383937 1359696
343597383938 1161504
343597383939 224064
343597384000 161424
343597384001 291936
343597384002 85248
343597384064 16416
343597384065 9216
343597387776 26280
343597387777 -44376
343597387778 149376
343597387779 1161504
343597387780 1262976
343597387781 287328
343597387782 9216
343597387840 -44376
343597387841 501984
343597387842 4507680
343597387843 6634560
343597387844 2454240
343597387845 179712
343597387904 149376
343597387905 4507680
343597387906 10786464
343597387907 6167328
343597387908 796608
343597387968 1161504
343597387969 6634560
343597387970 6167328
343597387971 1266624
343597388032 1262976
343597388033 2454240
343597388034 796608
343597388096 287328
343597388097 179712
343597388160 9216
343597391872 -72996
343597391873 -4800
343597391874 1858176
343597391875 3062880
343597391876 1196016
343597391877 89856
343597391936 -4800
343597391937 4206288
343597391938 10693968
343597391939 6471360
343597391940 858816
343597392000 1858176
343597392001 10693968
343597392002 10660512
343597392003 2309472
343597392064 3062880
343597392065 6471360
343597392066 2309472
343597392128 1196016
343597392129 858816
343597392192 89856
343597395968 -83256
343597395969 1151208
343597395970 3283440
343597395971 2088864
343597395972 286272
343597396032 1151208
343597396033 7032048
343597396034 7403904
343597396035 1676160
343597396096 3283440
343597396097 7403904
343597396098 2840544
343597396160 2088864
343597396161 1676160
343597396224 286272
343597400064 229656
343597400065 1615848
343597400066 1784592
343597400067 419040
343597400128 1615848
343597400129 3838320
343597400130 1553040
343597400192 1784592
343597400193 1553040
343597400256 419040
343597404160 296256
343597404161 738072
343597404162 310608
343597404224 738072
343597404225 680400
343597404288 310608
343597408256 118080
343597408257 113400
343597408320 113400
343597412352 16200
343614160896 31764
343614160897 -78888
343614160898 192816
343614160899 1280856
343614160900 1093536
343614160901 180864
343614160902 3456
343614160960 -82104
343614160961 496824
343614160962 5002992
343614160963 6278880
343614160964 1843968
343614160965 95616
343614161024 68856
343614161025 4993560
343614161026 10913856
343614161027 5248800
343614161028 529344
343614161088 1192128
343614161089 7033680
343614161090 5854944
343614161091 1005696
343614161152 1325136
343614161153 2552256
343614161154 742464
343614161216 306720
343614161217 191232
343614161280 10368
343614164992 -199680
343614164993 -127752
343614164994 4166424
343614164995 5871984
343614164996 1809984
343614164997 95616
343614165056 -291360
343614165057 9397368
343614165058 21950160
343614165059 11038368
343614165060 1126656
343614165120 3922464
343614165121 23039088
343614165122 20101152
343614165123 3563136
343614165184 6693024
343614165185 13304928
343614165186 4099968
343614165248 2610144
343614165249 1723392
343614165312 198144
343614169088 -472800
343614169089 3820392
343614169090 10225512
343614169091 5382672
343614169092 563328
343614169152 3631440
343614169153 23040984
343614169154 20983680
343614169155 3836160
343614169216 11013936
343614169217 22756560
343614169218 7383168
343614169280 6843744
343614169281 4867200
343614169344 912960
343614173184 910224
343614173185 7117896
343614173186 6789024
343614173187 1278720
343614173248 7328736
343614173249 15777504
343614173250 5333184
343614173312 7811712
343614173313 5904000
343614173376 1738944
343614177280 1685088
343614177281 3814776
343614177282 1333296
343614177344 4056624
343614177345 3211200
343614177408 1591056
343614181376 782640
343614181377 642240
343614181440 693792
343614185472 115632
343630938112 -117996
343630938113 73620
343630938114 2291688
343630938115 2500200
343630938116 552096
343630938117 15552
343630938176 -111684
343630938177 5249592
343630938178 10227888
343630938179 4056912
343630938180 284544
343630938240 2144616
343630938241 11496792
343630938242 8475840
343630938243 1164384
343630938304 3432432
343630938305 6299808
343630938306 1645344
343630938368 1326384
343630938369 821088
343630938432 105408
343630942208 -496224
343630942209 4364064
343630942210 9658224
343630942211 3988656
343630942212 284544
343630942272 4004448
343630942273 23265624
343630942274 17705232
343630942275 2465280
343630942336 11488200
343630942337 21343920
343630942338 5707584
343630942400 6937440
343630942401 4391424
343630942464 930528
343630946304 1482156
343630946305 10899144
343630946306 8659728
343630946307 1232640
343630946368 11622192
343630946369 22226040
343630946370 6093360
343630946432 11867016
343630946433 7757568
343630946496 2563920
343630950400 3580152
343630950401 7213608
343630950402 2031120
343630950464 8248608
343630950465 5561856
343630950528 3065040
343630954496 1999512
343630954497 1390464
343630954560 1657800
343630958592 331560
343647715328 -81060
343647715329 1633296
343647715330 2681928
343647715331 793728
343647715332 29376
343647715392 1563216
343647715393 7129920
343647715394 4266624
343647715395 404928
343647715456 3766152
343647715457 5963184
343647715458 1243872
343647715520 2164032
343647715521 1194048
343647715584 297216
343647719424 1226736
343647719425 6783576
343647719426 4211472
343647719427 404928
343647719488 7696080
343647719489 12392688
343647719490 2598048
343647719552 7326864
343647719553 4034880
343647719616 1556064
343647723520 3594384
343647723521 6083160
343647723522 1299024
343647723584 7648704
343647723585 4261248
343647723648 2705040
343647727616 2487744
343647727617 1420416
343647727680 1927008
343647731712 481752
343664492544 379092
343664492545 1389780
343664492546 614160
343664492547 30240
343664492608 1764084
343664492609 2209152
343664492610 315072
343664492672 1523880
343664492673 663264
343664492736 319536
343664496640 1679928
343664496641 2190936
343664496642 315072
343664496704 3165960
343664496705 1362960
343664496768 1058832
343664500736 1557924
343664500737 681480
343664500800 1108944
343664504832 369648
343681269760 275940
343681269761 249696
343681269762 18144
343681269824 447408
343681269825 130752
343681269888 139680
343681273856 445464
343681273857 130752
343681273920 283248
343681277952 141624
343698046976 41616
343698046977 6048
343698047040 22464
343698051072 22464
343714824192 864
344671125504 31764
344671125505 -82104
344671125506 68856
344671125507 1192128
344671125508 1325136
344671125509 306720
344671125510 10368
344671125568 -78888
344671125569 496824
344671125570 4993560
344671125571 7033680
344671125572 2552256
344671125573 191232
344671125632 192816
344671125633 5002992
344671125634 10913856
344671125635 5854944
344671125636 742464
344671125696 1280856
344671125697 6278880
344671125698 5248800
344671125699 1005696
344671125760 1093536
344671125761 1843968
344671125762 529344
344671125824 180864
344671125825 95616
344671125888 3456
344671129600 -199680
344671129601 -291360
344671129602 3922464
344671129603 6693024
344671129604 2610144
344671129605 198144
344671129664 -127752
344671129665 9397368
344671129666 23039088
344671129667 13304928
344671129668 1723392
344671129728 4166424
344671129729 21950160
344671129730 20101152
344671129731 4099968
344671129792 5871984
344671129793 11038368
344671129794 3563136
344671129856 1809984
344671129857 1126656
344671129920 95616
344671133696 -472800
344671133697 3631440
344671133698 11013936
344671133699 6843744
344671133700 912960
344671133760 3820392
344671133761 23040984
344671133762 22756560
344671133763 4867200
344671133824 10225512
344671133825 20983680
344671133826 7383168
344671133888 5382672
344671133889 3836160
344671133952 563328
344671137792 910224
344671137793 7328736
344671137794 7811712
344671137795 1738944
344671137856 7117896
344671137857 15777504
344671137858 5904000
344671137920 6789024
344671137921 5333184
344671137984 1278720
344671141888 1685088
344671141889 4056624
344671141890 1591056
344671141952 3814776
344671141953 3211200
344671142016 1333296
344671145984 782640
344671145985 693792
344671146048 642240
344671150080 115632
344687902720 -245040
344687902721 -239352
344687902722 4393080
344687902723 6258432
344687902724 1952064
344687902725 107136
344687902784 -239352
344687902785 10328736
344687902786 22926336
344687902787 11183616
344687902788 1137600
344687902848 4393080
344687902849 22926336
344687902850 18605184
344687902851 3140352
344687902912 6258432
344687902913 11183616
344687902914 3140352
344687902976 1952064
344687902977 1137600
344687903040 107136
344687906816 -1245984
344687906817 8043192
344687906818 22178112
344687906819 11599776
344687906820 1209024
344687906880 8043192
344687906881 48745248
344687906882 42309312
344687906883 7417152
344687906944 22178112
344687906945 42309312
344687906946 12717504
344687907008 11599776
344687907009 7417152
344687907072 1209024
344687910912 2680104
344687910913 23416032
344687910914 21957120
344687910915 3995424
344687910976 23416032
344687910977 47898624
344687910978 15187104
344687911040 21957120
344687911041 15187104
344687911104 3995424
344687915008 7371936
344687915009 16519536
344687915010 5485536
344687915072 16519536
344687915073 12154752
344687915136 5485536
344687919104 4249728
344687919105 3297168
344687919168 3297168
344687923200 714672
344704679936 -528276
344704679937 4665816
344704679938 10274616
344704679939 4283856
344704679940 316224
344704680000 4477656
344704680001 23984400
344704680002 17614368
344704680003 2408544
344704680064 11309256
344704680065 19528896
344704680066 4898016
344704680128 5812416
344704680129 3351456
344704680192 623520
344704684032 3103080
344704684033 23388528
344704684034 18451152
344704684035 2604960
344704684096 24190776
344704684097 44271408
344704684098 11571552
344704684160 21882144
344704684161 13268160
344704684224 3938688
344704688128 11498424
344704688129 23081256
344704688130 6298992
344704688192 24772560
344704688193 15778656
344704688256 7920144
344704692224 8535816
344704692225 5728752
344704692288 6306192
344704696320 1712592
344721457152 1350600
344721457153 7163904
344721457154 4463856
344721457155 442368
344721457216 7868256
344721457217 12156912
344721457218 2476512
344721457280 6664896
344721457281 3436416
344721457344 1200384
344721461248 7634376
344721461249 12807072
344721461250 2708064
344721461312 15076800
344721461313 8028864
344721461376 4641120
344721465344 7854480
344721465345 4388400
344721465408 5470848
344721469440 1985184
344738234368 1765452
344738234369 2281248
344738234370 335232
344738234432 3072384
344738234433 1276704
344738234496 903888
344738238464 3239928
344738238465 1401264
344738238528 2081088
344738242560 1135584
344755011584 455904
344755011585 134784
344755011648 262368
344755015680 287280
344771788800 22464
345744867328 -117996
345744867329 -111684
345744867330 2144616
345744867331 3432432
345744867332 1326384
345744867333 105408
345744867392 73620
345744867393 5249592
345744867394 11496792
345744867395 6299808
345744867396 821088
345744867456 2291688
345744867457 10227888
345744867458 8475840
345744867459 1645344
345744867520 2500200
345744867521 4056912
345744867522 1164384
345744867584 552096
345744867585 284544
345744867648 15552
345744871424 -496224
345744871425 4004448
345744871426 11488200
345744871427 6937440
345744871428 930528
345744871488 4364064
345744871489 23265624
345744871490 21343920
345744871491 4391424
345744871552 9658224
345744871553 17705232
345744871554 5707584
345744871616 3988656
345744871617 2465280
345744871680 284544
345744875520 1482156
345744875521 11622192
345744875522 11867016
345744875523 2563920
345744875584 10899144
345744875585 22226040
345744875586 7757568
345744875648 8659728
345744875649 6093360
345744875712 1232640
345744879616 3580152
345744879617 8248608
345744879618 3065040
345744879680 7213608
345744879681 5561856
345744879744 2031120
345744883712 1999512
345744883713 1657800
345744883776 1390464
345744887808 331560
345761644544 -528276
345761644545 4477656
345761644546 11309256
345761644547 5812416
345761644548 623520
345761644608 4665816
345761644609 23984400
345761644610 19528896
345761644611 3351456
345761644672 10274616
345761644673 17614368
345761644674 4898016
345761644736 4283856
345761644737 2408544
345761644800 316224
345761648640 3103080
345761648641 24190776
345761648642 21882144
345761648643 3938688
345761648704 23388528
345761648705 44271408
345761648706 13268160
345761648768 18451152
345761648769 11571552
345761648832 2604960
345761652736 11498424
345761652737 24772560
345761652738 7920144
345761652800 23081256
345761652801 15778656
345761652864 6298992
345761656832 8535816
345761656833 6306192
345761656896 5728752
345761660928 1712592
345778421760 1865688
345778421761 11857032
345778421762 9088200
345778421763 1301904
345778421824 11857032
345778421825 20109984
345778421826 5037984
345778421888 9088200
345778421889 5037984
345778421952 1301904
345778425856 11834976
345778425857 22703568
345778425858 6057936
345778425920 22703568
345778425921 13570272
345778425984 6057936
345778429952 12654696
345778429953 8177688
345778430016 8177688
345778434048 3266496
345795198976 3878688
345795198977 6202800
345795198978 1308528
345795199040 6791616
345795199041 3416544
345795199104 1768896
345795203072 7651872
345795203073 4142880
345795203136 4680576
345795207168 2812392
345811976192 1549872
345811976193 655920
345811976256 876528
345811980288 1058112
345828753408 131184
346818609152 -81060
346818609153 1563216
346818609154 3766152
346818609155 2164032
346818609156 297216
346818609216 1633296
346818609217 7129920
346818609218 5963184
346818609219 1194048
346818609280 2681928
346818609281 4266624
346818609282 1243872
346818609344 793728
346818609345 404928
346818609408 29376
346818613248 1226736
346818613249 7696080
346818613250 7326864
346818613251 1556064
346818613312 6783576
346818613313 12392688
346818613314 4034880
346818613376 4211472
346818613377 2598048
346818613440 404928
346818617344 3594384
346818617345 7648704
346818617346 2705040
346818617408 6083160
346818617409 4261248
346818617472 1299024
346818621440 2487744
346818621441 1927008
346818621504 1420416
346818625536 481752
346835386368 1350600
346835386369 7868256
346835386370 6664896
346835386371 1200384
346835386432 7163904
346835386433 12156912
346835386434 3436416
346835386496 4463856
346835386497 2476512
346835386560 442368
346835390464 7634376
346835390465 15076800
346835390466 4641120
346835390528 12807072
346835390529 8028864
346835390592 2708064
346835394560 7854480
346835394561 5470848
346835394624 4388400
346835398656 1985184
346852163584 3878688
346852163585 6791616
346852163586 1768896
346852163648 6202800
346852163649 3416544
346852163712 1308528
346852167680 7651872
346852167681 4680576
346852167744 4142880
346852171776 2812392
346868940800 2269152
346868940801 1168704
346868940864 1168704
346868944896 1590048
346885718016 292176
347892350976 379092
347892350977 1764084
347892350978 1523880
347892350979 319536
347892351040 1389780
347892351041 2209152
347892351042 663264
347892351104 614160
347892351105 315072
347892351168 30240
347892355072 1679928
347892355073 3165960
347892355074 1058832
347892355136 2190936
347892355137 1362960
347892355200 315072
347892359168 1557924
347892359169 1108944
347892359232 681480
347892363264 369648
347909128192 1765452
347909128193 3072384
347909128194 903888
347909128256 2281248
347909128257 1276704
347909128320 335232
347909132288 3239928
347909132289 2081088
347909132352 1401264
347909136384 1135584
347925905408 1549872
347925905409 876528
347925905472 655920
347925909504 1058112
347942682624 292176
348966092800 275940
348966092801 447408
348966092802 139680
348966092864 249696
348966092865 130752
348966092928 18144
348966096896 445464
348966096897 283248
348966096960 130752
348966100992 141624
348982870016 455904
348982870017 262368
348982870080 134784
348982874112 287280
348999647232 131184
350039834624 41616
350039834625 22464
350039834688 6048
350039838720 22464
350056611840 22464
351113576448 864
412316860416 5724
412316860417 -1044
412316860418 21144
412316860419 179712
412316860420 210336
412316860421 50544
412316860422 1728
412316860480 -1044
412316860481 74496
412316860482 735072
412316860483 1140864
412316860484 437808
412316860485 33024
412316860544 21144
412316860545 735072
412316860546 1862304
412316860547 1088544
412316860548 140832
412316860608 179712
412316860609 1140864
412316860610 1088544
412316860611 220224
412316860672 210336
412316860673 437808
412316860674 140832
412316860736 50544
412316860737 33024
412316860800 1728
412316864512 -17148
412316864513 -23472
412316864514 585312
412316864515 1048320
412316864516 426480
412316864517 33024
412316864576 -23472
412316864577 1365312
412316864578 3718656
412316864579 2292576
412316864580 304320
412316864640 585312
412316864641 3718656
412316864642 3758304
412316864643 799872
412316864704 1048320
412316864705 2292576
412316864706 799872
412316864768 426480
412316864769 304320
412316864832 33024
412316868608 -60408
412316868609 539232
412316868610 1712664
412316868611 1111488
412316868612 152160
412316868672 539232
412316868673 3699120
412316868674 3921216
412316868675 869472
412316868736 1712664
412316868737 3921216
412316868738 1460640
412316868800 1111488
412316868801 869472
412316868864 152160
412316872704 134112
412316872705 1135248
412316872706 1263600
412316872707 289824
412316872768 1135248
412316872769 2714112
412316872770 1060704
412316872832 1263600
412316872833 1060704
412316872896 289824
412316876800 260448
412316876801 654624
412316876802 265176
412316876864 654624
412316876865 578160
412316876928 265176
412316880896 126144
412316880897 115632
412316880960 115632
412316884992 19272
412333637632 -22140
412333637633 -19920
412333637634 658800
412333637635 984408
412333637636 319392
412333637637 17856
412333637696 -43584
412333637697 1517880
412333637698 3720000
412333637699 1932384
412333637700 201504
412333637760 617928
412333637761 3900312
412333637762 3493680
412333637763 619008
412333637824 1111392
412333637825 2324208
412333637826 714240
412333637888 454080
412333637889 308832
412333637952 36288
412333641728 -164160
412333641729 1197984
412333641730 3459936
412333641731 1885488
412333641732 201504
412333641792 1130448
412333641793 7848504
412333641794 7307472
412333641795 1331808
412333641856 3706008
412333641857 7924080
412333641858 2542752
412333641920 2385984
412333641921 1700064
412333641984 327264
412333645824 394584
412333645825 3636624
412333645826 3553728
412333645827 665904
412333645888 3730632
412333645889 8250312
412333645890 2742768
412333645952 4083096
412333645953 3048144
412333646016 912912
412333649920 1141296
412333649921 2667096
412333649922 914256
412333649984 2833824
412333649985 2198112
412333650048 1098384
412333654016 685272
412333654017 549528
412333654080 595560
412333658112 119112
412350414848 -71232
412350414849 698796
412350414850 1610280
412350414851 697608
412350414852 52704
412350414912 643812
412350414913 3888960
412350414914 3052080
412350414915 434160
412350414976 1903224
412350414977 3669816
412350414978 987408
412350415040 1193040
412350415041 770976
412350415104 166848
412350418944 459204
412350418945 3645384
412350418946 2989656
412350418947 434160
412350419008 3870936
412350419009 7642968
412350419010 2099664
412350419072 4071888
412350419073 2680560
412350419136 900768
412350423040 1785000
412350423041 3729576
412350423042 1049832
412350423104 4252344
412350423105 2864376
412350423168 1592112
412350427136 1377288
412350427137 954792
412350427200 1141728
412350431232 285432
412367192064 201564
412367192065 1121856
412367192066 724680
412367192067 73728
412367192128 1271592
412367192129 2106192
412367192130 451344
412367192192 1244520
412367192193 697392
412367192256 273360
412367196160 1189920
412367196161 2072184
412367196162 451344
412367196224 2594880
412367196225 1462800
412367196288 935088
412367200256 1268688
412367200257 731400
412367200320 992592
412367204352 330864
412383969280 276576
412383969281 369828
412383969282 55872
412383969344 531084
412383969345 233544
412383969408 182328
412383973376 524148
412383973377 233544
412383973440 378528
412383977472 189264
412400746496 73908
412400746497 22464
412400746560 47880
412400750592 47880
412417523712 3744
413390602240 -22140
413390602241 -43584
413390602242 617928
413390602243 1111392
413390602244 454080
413390602245 36288
413390602304 -19920
413390602305 1517880
413390602306 3900312
413390602307 2324208
413390602308 308832
413390602368 658800
413390602369 3720000
413390602370 3493680
413390602371 714240
413390602432 984408
413390602433 1932384
413390602434 619008
413390602496 319392
413390602497 201504
413390602560 17856
413390606336 -164160
413390606337 1130448
413390606338 3706008
413390606339 2385984
413390606340 327264
413390606400 1197984
413390606401 7848504
413390606402 7924080
413390606403 1700064
413390606464 3459936
413390606465 7307472
413390606466 2542752
413390606528 1885488
413390606529 1331808
413390606592 201504
413390610432 394584
413390610433 3730632
413390610434 4083096
413390610435 912912
413390610496 3636624
413390610497 8250312
413390610498 3048144
413390610560 3553728
413390610561 2742768
413390610624 665904
413390614528 1141296
413390614529 2833824
413390614530 1098384
413390614592 2667096
413390614593 2198112
413390614656 914256
413390618624 685272
413390618625 595560
413390618688 549528
413390622720 119112
413407379456 -180096
413407379457 1286688
413407379458 3673944
413407379459 2006400
413407379460 219744
413407379520 1286688
413407379521 8135952
413407379522 7283472
413407379523 1307424
413407379584 3673944
413407379585 7283472
413407379586 2208384
413407379648 2006400
413407379649 1307424
413407379712 219744
413407383552 817464
413407383553 7797312
413407383554 7555200
413407383555 1408512
413407383616 7797312
413407383617 16478496
413407383618 5258592
413407383680 7555200
413407383681 5258592
413407383744 1408512
413407387648 3662928
413407387649 8531160
413407387650 2851632
413407387712 8531160
413407387713 6280608
413407387776 2851632
413407391744 2927568
413407391745 2274384
413407391808 2274384
413407395840 616896
413424156672 514644
413424156673 3854376
413424156674 3149928
413424156675 466704
413424156736 3986304
413424156737 7518432
413424156738 2013120
413424156800 3720744
413424156801 2304720
413424156864 698064
413424160768 3790272
413424160769 7844376
413424160770 2190384
413424160832 8406960
413424160833 5437584
413424160896 2749248
413424164864 4347480
413424164865 2960496
413424164928 3258744
413424168960 1179528
413440933888 1256616
413440933889 2152272
413440933890 474768
413440933952 2527344
413440933953 1378896
413440934016 803376
413440937984 2637936
413440937985 1505616
413440938048 1872864
413440942080 1018248
413457711104 537060
413457711105 239400
413457711168 352704
413457715200 384384
413474488320 47880
414464344064 -71232
414464344065 643812
414464344066 1903224
414464344067 1193040
414464344068 166848
414464344128 698796
414464344129 3888960
414464344130 3669816
414464344131 770976
414464344192 1610280
414464344193 3052080
414464344194 987408
414464344256 697608
414464344257 434160
414464344320 52704
414464348160 459204
414464348161 3870936
414464348162 4071888
414464348163 900768
414464348224 3645384
414464348225 7642968
414464348226 2680560
414464348288 2989656
414464348289 2099664
414464348352 434160
414464352256 1785000
414464352257 4252344
414464352258 1592112
414464352320 3729576
414464352321 2864376
414464352384 1049832
414464356352 1377288
414464356353 1141728
414464356416 954792
414464360448 285432
414481121280 514644
414481121281 3986304
414481121282 3720744
414481121283 698064
414481121344 3854376
414481121345 7518432
414481121346 2304720
414481121408 3149928
414481121409 2013120
414481121472 466704
414481125376 3790272
414481125377 8406960
414481125378 2749248
414481125440 7844376
414481125441 5437584
414481125504 2190384
414481129472 4347480
414481129473 3258744
414481129536 2960496
414481133568 1179528
414497898496 1948080
414497898497 3807216
414497898498 1054440
414497898560 3807216
414497898561 2332368
414497898624 1054440
414497902592 4247016
414497902593 2804472
414497902656 2804472
414497906688 1676496
414514675712 1267848
414514675713 705408
414514675776 795024
414514679808 952392
414531452928 176352
415538085888 201564
415538085889 1271592
415538085890 1244520
415538085891 273360
415538085952 1121856
415538085953 2106192
415538085954 697392
415538086016 724680
415538086017 451344
415538086080 73728
415538089984 1189920
415538089985 2594880
415538089986 935088
415538090048 2072184
415538090049 1462800
415538090112 451344
415538094080 1268688
415538094081 992592
415538094144 731400
415538098176 330864
415554863104 1256616
415554863105 2527344
415554863106 803376
415554863168 2152272
415554863169 1378896
415554863232 474768
415554867200 2637936
415554867201 1872864
415554867264 1505616
415554871296 1018248
415571640320 1267848
415571640321 795024
415571640384 705408
415571644416 952392
415588417536 265008
416611827712 276576
416611827713 531084
416611827714 182328
416611827776 369828
416611827777 233544
416611827840 55872
416611831808 524148
416611831809 378528
416611831872 233544
416611835904 189264
416628604928 537060
416628604929 352704
416628604992 239400
416628609024 384384
416645382144 176352
417685569536 73908
417685569537 47880
417685569600 22464
417685573632 47880
417702346752 47880
418759311360 3744
481036337152 -1140
481036337153 -2616
481036337154 79248
481036337155 149088
481036337156 63552
481036337157 5184
481036337216 -2616
481036337217 188928
481036337218 537360
481036337219 342288
481036337220 46752
481036337280 79248
481036337281 537360
481036337282 558528
481036337283 120000
481036337344 149088
481036337345 342288
481036337346 120000
481036337408 63552
481036337409 46752
481036337472 5184
481036341248 -17832
481036341249 143880
481036341250 493320
481036341251 331872
481036341252 46752
481036341312 143880
481036341313 1075680
481036341314 1168224
481036341315 260832
481036341376 493320
481036341377 1168224
481036341378 433824
481036341440 331872
481036341441 260832
481036341504 46752
481036345344 49680
481036345345 494688
481036345346 565656
481036345347 130416
481036345408 494688
481036345409 1214784
481036345410 470736
481036345472 565656
481036345473 470736
481036345536 130416
481036349440 150984
481036349441 391680
481036349442 156912
481036349504 391680
481036349505 340320
481036349568 156912
481036353536 94608
481036353537 85080
481036353600 85080
481036357632 17016
481053114368 -19968
481053114369 164400
481053114370 490896
481053114371 279408
481053114372 31392
481053114432 155568
481053114433 1120080
481053114434 1075920
481053114435 201216
481053114496 524400
481053114497 1165440
481053114498 379008
481053114560 351024
481053114561 256416
481053114624 50304
481053118464 103176
481053118465 1037040
481053118466 1047552
481053118467 201216
481053118528 1061592
481053118529 2428464
481053118530 814752
481053118592 1200000
481053118593 906240
481053118656 275328
481053122560 485568
481053122561 1179984
481053122562 407376
481053122624 1251864
481053122625 974736
481053122688 490176
481053126656 404424
481053126657 324912
481053126720 352512
481053130752 88128
481069891584 65316
481069891585 514584
481069891586 437328
481069891587 66672
481069891648 546432
481069891649 1110720
481069891650 312912
481069891712 591504
481069891713 398304
481069891776 135696
481069895680 504048
481069895681 1086096
481069895682 312912
481069895744 1234968
481069895745 845856
481069895808 472704
481069899776 601080
481069899777 422928
481069899840 505512
481069903872 168504
481086668800 167808
481086668801 298416
481086668802 67824
481086668864 372480
481086668865 215088
481086668928 138144
481086672896 365160
481086672897 215088
481086672960 290928
481086676992 145464
481103446016 74460
481103446017 34200
481103446080 54912
481103450112 54912
481120223232 6840
482110078976 -19968
482110078977 155568
482110078978 524400
482110078979 351024
482110078980 50304
482110079040 164400
482110079041 1120080
482110079042 1165440
482110079043 256416
482110079104 490896
482110079105 1075920
482110079106 379008
482110079168 279408
482110079169 201216
482110079232 31392
482110083072 103176
482110083073 1061592
482110083074 1200000
482110083075 275328
482110083136 1037040
482110083137 2428464
482110083138 906240
482110083200 1047552
482110083201 814752
482110083264 201216
482110087168 485568
482110087169 1251864
482110087170 490176
482110087232 1179984
482110087233 974736
482110087296 407376
482110091264 404424
482110091265 352512
482110091328 324912
482110095360 88128
482126856192 117192
482126856193 1099128
482126856194 1099584
482126856195 213888
482126856256 1099128
482126856257 2393664
482126856258 783360
482126856320 1099584
482126856321 783360
482126856384 213888
482126860288 1032000
482126860289 2479488
482126860290 849024
482126860352 2479488
482126860353 1857408
482126860416 849024
482126864384 1276704
482126864385 1008576
482126864448 1008576
482126868480 364608
482143633408 534624
482143633409 1126584
482143633410 326592
482143633472 1206264
482143633473 800208
482143633536 407808
482143637504 1249536
482143637505 870336
482143637568 956928
482143641600 518976
482160410624 374568
482160410625 219648
482160410688 272112
482160414720 295488
482177187840 54912
483183820800 65316
483183820801 546432
483183820802 591504
483183820803 135696
483183820864 514584
483183820865 1110720
483183820866 398304
483183820928 437328
483183820929 312912
483183820992 66672
483183824896 504048
483183824897 1234968
483183824898 472704
483183824960 1086096
483183824961 845856
483183825024 312912
483183828992 601080
483183828993 505512
483183829056 422928
483183833088 168504
483200598016 534624
483200598017 1206264
483200598018 407808
483200598080 1126584
483200598081 800208
483200598144 326592
483200602112 1249536
483200602113 956928
483200602176 870336
483200606208 518976
483217375232 602952
483217375233 408168
483217375296 408168
483217379328 486528
483234152448 136056
484257562624 167808
484257562625 372480
484257562626 138144
484257562688 298416
484257562689 215088
484257562752 67824
484257566720 365160
484257566721 290928
484257566784 215088
484257570816 145464
484274339840 374568
484274339841 272112
484274339904 219648
484274343936 295488
484291117056 136056
485331304448 74460
485331304449 54912
485331304512 34200
485331308544 54912
485348081664 54912
486405046272 6840
549755813888 -1848
549755813889 17352
549755813890 61032
549755813891 42696
549755813892 6288
549755813952 17352
549755813953 134016
549755813954 150000
549755813955 34416
549755814016 61032
549755814017 150000
549755814018 56640
549755814080 42696
549755814081 34416
549755814144 6288
549755817984 11376
549755817985 123060
549755817986 145368
549755817987 34416
549755818048 123060
549755818049 312264
549755818050 122544
549755818112 145368
549755818113 122544
549755818176 34416
549755822080 56148
549755822081 151308
549755822082 61272
549755822144 151308
549755822145 132192
549755822208 61272
549755826176 48828
549755826177 44064
549755826240 44064
549755830272 11016
549772591104 12960
549772591105 127824
549772591106 133344
549772591107 26736
549772591168 130872
549772591169 308136
549772591170 106128
549772591232 152304
549772591233 117888
549772591296 36288
549772595200 119628
549772595201 299952
549772595202 106128
549772595264 317808
549772595265 252144
549772595328 127440
549772599296 154260
549772599297 126072
549772599360 136728
549772603392 45576
549789368320 62184
549789368321 136440
549789368322 40824
549789368384 154896
549789368385 108792
549789368448 61104
549789372416 151128
549789372417 108792
549789372480 129744
549789376512 64872
549806145536 45360
549806145537 27456
549806145600 36936
549806149632 36936
549822922752 6864
550829555712 12960
550829555713 130872
550829555714 152304
550829555715 36288
550829555776 127824
550829555777 308136
550829555778 117888
550829555840 133344
550829555841 106128
550829555904 26736
550829559808 119628
550829559809 317808
550829559810 127440
550829559872 299952
550829559873 252144
550829559936 106128
550829563904 154260
550829563905 136728
550829563968 126072
550829568000 45576
550846332928 127344
550846332929 311016
550846332930 110160
550846332992 311016
550846332993 238944
550846333056 110160
550846337024 320760
550846337025 259200
550846337088 259200
550846341120 140400
550863110144 155184
550863110145 110808
550863110208 121632
550863114240 131760
550879887360 36936
551903297536 62184
551903297537 154896
551903297538 61104
551903297600 136440
551903297601 108792
551903297664 40824
551903301632 151128
551903301633 129744
551903301696 108792
551903305728 64872
551920074752 155184
551920074753 121632
551920074816 110808
551920078848 131760
551936851968 60816
552977039360 45360
552977039361 36936
552977039424 27456
552977043456 36936
552993816576 36936
554050781184 6864
618475290624 1272
618475290625 13476
618475290626 16392
618475290627 4032
618475290688 13476
618475290689 35160
618475290690 14160
618475290752 16392
618475290753 14160
618475290816 4032
618475294720 12288
618475294721 34128
618475294722 14160
618475294784 34128
618475294785 30384
618475294848 14160
618475298816 16548
618475298817 15192
618475298880 15192
618475302912 5064
618492067840 13116
618492067841 33432
618492067842 12240
618492067904 35400
618492067905 28800
618492067968 14640
618492071936 34440
618492071937 28800
618492072000 31200
618492076032 15600
618508845056 16680
618508845057 12312
618508845120 14640
618508849152 14640
618525622272 4104
619549032448 13116
619549032449 35400
619549032450 14640
619549032512 33432
619549032513 28800
619549032576 12240
619549036544 34440
619549036545 31200
619549036608 28800
619549040640 15600
619565809664 35400
619565809665 29280
619565809728 29280
619565813760 31680
619582586880 14640
620622774272 16680
620622774273 14640
620622774336 12312
620622778368 14640
620639551488 14640
621696516096 4104
687194767360 1212
687194767361 3420
687194767362 1464
687194767424 3420
687194767425 3120
687194767488 1464
687194771456 3324
687194771457 3120
687194771520 3120
687194775552 1560
687211544576 3420
687211544577 2928
687211544640 3168
687211548672 3168
687228321792 1464
688268509184 3420
688268509185 3168
688268509248 2928
688268513280 3168
688285286400 3168
689342251008 1464
755914244096 300
755914244097 288
755914244160 288
755914248192 288
755931021312 288
756987985920 288
824633720832 24
