15805
16777284 -1152
16777286 4608
16777347 -1728
16777348 -2304
16777349 14976
16777350 11520
16777410 -1728
16777411 -4032
16777412 19584
16777413 33408
16777414 11520
16777473 -1152
16777474 -2880
16777475 17280
16777476 41472
16777477 29376
16777478 5760
16777537 -1152
16777538 10368
16777539 27648
16777540 27072
16777541 10944
16777542 1152
16777601 2304
16777602 8064
16777603 9216
16777604 5184
16777605 1152
16781315 576
16781316 -1152
16781317 -2304
16781318 4608
16781379 -2880
16781380 -9216
16781381 23040
16781382 23040
16781442 -2880
16781443 -15552
16781444 39168
16781445 105984
16781446 34560
16781504 576
16781505 -3456
16781506 -16128
16781507 36288
16781508 180864
16781509 140544
16781510 23040
16781568 -576
16781569 -11520
16781570 28224
16781571 164736
16781572 198720
16781573 74880
16781574 5760
16781632 -2304
16781633 12672
16781634 81792
16781635 123264
16781636 72000
16781637 12672
16781696 2304
16781697 16128
16781698 27648
16781699 20736
16781700 5760
16785409 432
16785410 -288
16785411 -2016
16785412 -4032
16785413 5760
16785414 11520
16785472 432
16785473 -1872
16785474 -4896
16785475 -7776
16785476 12096
16785477 100224
16785478 34560
16785536 144
16785537 -6048
16785538 -6336
16785539 4320
16785540 250560
16785541 228096
16785542 34560
16785600 -1440
16785601 -11520
16785602 -1440
16785603 301536
16785604 484416
16785605 178560
16785606 11520
16785664 -4896
16785665 1152
16785666 206496
16785667 455616
16785668 283392
16785669 43200
16785728 1152
16785729 72576
16785730 193536
16785731 168192
16785732 43200
16785792 8064
16785793 27648
16785794 31104
16785795 11520
16789504 432
16789505 -720
16789506 -3168
16789507 -576
16789508 -1728
16789509 27648
16789510 11520
16789568 -288
16789569 -7920
16789570 4896
16789571 -12096
16789572 130176
16789573 152064
16789574 23040
16789632 -3024
16789633 2016
16789634 -20736
16789635 216000
16789636 514368
16789637 195840
16789638 11520
16789696 -2592
16789697 -15840
16789698 189792
16789699 713088
16789700 488448
16789701 69120
16789760 -4608
16789761 93888
16789762 459648
16789763 475776
16789764 118080
16789824 18432
16789825 125568
16789826 182016
16789827 69120
16789888 9216
16789889 20736
16789890 11520
16793600 144
16793601 -3060
16793602 1512
16793603 -3168
16793604 21888
16793605 35136
16793606 5760
16793664 -2916
16793665 3276
16793666 -5688
16793667 60480
16793668 243648
16793669 100800
16793670 5760
16793728 36
16793729 -5976
16793730 63360
16793731 532800
16793732 415872
16793733 57600
16793792 -3744
16793793 40320
16793794 501696
16793795 635040
16793796 158400
16793856 12672
16793857 207360
16793858 397152
16793859 158400
16793920 28224
16793921 92736
16793922 57600
16793984 5184
16793985 5760
16797696 -756
16797697 216
16797698 648
16797699 4608
16797700 42048
16797701 19584
16797702 1152
16797760 -108
16797761 2808
16797762 864
16797763 187776
16797764 171072
16797765 24192
16797824 648
16797825 -3456
16797826 275616
16797827 434304
16797828 112320
16797888 288
16797889 165600
16797890 424800
16797891 181440
16797952 33984
16797953 160704
16797954 112320
16798016 17856
16798017 24192
16798080 1152
16801792 -144
16801793 1188
16801794 -2160
16801795 25056
16801796 27072
16801797 4032
16801856 1188
16801857 -6408
16801858 73872
16801859 147168
16801860 40320
16801920 -3096
16801921 68400
16801922 239616
16801923 110880
16801984 20448
16801985 141120
16801986 110880
16802048 25056
16802049 40320
16802112 4032
16805888 252
16805889 -1152
16805890 7632
16805891 19584
16805892 5760
16805952 -1224
16805953 13824
16805954 68544
16805955 34560
16806016 6336
16806017 67104
16806018 59040
16806080 18432
16806081 34560
16806144 5760
16809984 -144
16809985 1044
16809986 7848
16809987 4320
16810048 900
16810049 16524
16810050 16200
16810112 7524
16810113 16200
16810176 4320
16814080 36
16814081 1656
16814082 1800
16814144 1620
16814145 3960
16814208 1800
16818176 144
16818177 396
16818240 396
16822272 36
33554498 -432
33554499 -3456
33554501 20736
33554502 2304
33554561 -432
33554562 -6336
33554563 -5472
33554564 61632
33554565 57600
33554566 2304
33554625 -5760
33554626 -14976
33554627 72000
33554628 144144
33554629 55872
33554630 576
33554688 -1152
33554689 -15264
33554690 39168
33554691 159984
33554692 122112
33554693 26496
33554752 -4032
33554753 2304
33554754 84384
33554755 99648
33554756 42624
33554757 5184
33554816 -3456
33554817 14400
33554818 28224
33554819 17280
33554820 4032
33558529 216
33558530 720
33558531 -3456
33558532 -8064
33558533 19584
33558534 2304
33558592 216
33558593 -720
33558594 -15552
33558595 -27072
33558596 99072
33558597 115200
33558598 4608
33558656 720
33558657 -19152
33558658 -58176
33558659 165384
33558660 450000
33558661 171360
33558662 1728
33558720 -5328
33558721 -75168
33558722 98280
33558723 676080
33558724 571680
33558725 107712
33558784 -29088
33558785 -6336
33558786 493488
33558787 690624
33558788 288000
33558789 25920
33558848 -16416
33558849 156096
33558850 349056
33558851 229248
33558852 46080
33558912 14400
33558913 56448
33558914 51840
33558915 16128
33562624 648
33562625 576
33562626 -11664
33562627 -15840
33562628 29952
33562629 56448
33562630 2304
33562688 1008
33562689 -30960
33562690 -56772
33562691 96768
33562692 425376
33562693 172800
33562694 1728
33562752 -13104
33562753 -101052
33562754 65016
33562755 948456
33562756 919872
33562757 163296
33562816 -56376
33562817 -64800
33562818 933336
33562819 1631520
33562820 684576
33562821 51840
33562880 -52848
33562881 413424
33562882 1229184
33562883 883008
33562884 158976
33562944 64512
33562945 370944
33562946 406080
33562947 124416
33563008 28224
33563009 51840
33563010 24192
33566720 1440
33566721 -13986
33566722 -22572
33566723 14832
33566724 120672
33566725 57312
33566726 576
33566784 -13986
33566785 -70956
33566786 13032
33566787 528336
33566788 611712
33566789 109440
33566848 -54612
33566849 -76176
33566850 763272
33566851 1711008
33566852 750240
33566853 51840
33566912 -73224
33566913 450432
33566914 1880928
33566915 1505088
33566916 255744
33566976 93456
33566977 853056
33566978 1123776
33566979 344448
33567040 121536
33567041 294912
33567042 148608
33567104 17280
33567105 16128
33570816 -3942
33570817 -21906
33570818 -1872
33570819 101520
33570820 141984
33570821 27360
33570880 -30438
33570881 -36180
33570882 283932
33570883 813744
33570884 386064
33570885 25920
33570944 -49068
33570945 238428
33570946 1408464
33570947 1274256
33570948 213696
33571008 61200
33571009 931824
33571010 1480608
33571011 465120
33571072 199440
33571073 631008
33571074 344736
33571136 75456
33571137 82368
33571200 4032
33574912 -7038
33574913 -7722
33574914 39492
33574915 143064
33574916 75024
33574917 5184
33574976 -17694
33574977 60948
33574978 508680
33574979 523152
33574980 89856
33575040 19044
33575041 528624
33575042 1006128
33575043 330912
33575104 165024
33575105 667296
33575106 397440
33575168 128736
33575169 162432
33575232 17280
33579008 -2934
33579009 5886
33579010 70992
33579011 82872
33579012 14976
33579072 2214
33579073 150984
33579074 340488
33579075 118944
33579136 73872
33579137 374688
33579138 243648
33579200 112176
33579201 161280
33579264 29088
33583104 -54
33583105 17208
33583106 45432
33583107 16992
33583168 17136
33583169 107280
33583170 76032
33583232 53280
33583233 86112
33583296 25056
33587200 1620
33587201 12348
33587202 9504
33587264 13176
33587265 23652
33587328 11772
33591296 1332
33591297 2628
33591360 2880
33595392 288
50331713 -864
50331714 -4320
50331715 576
50331716 38016
50331717 11520
50331776 -432
50331777 -8352
50331778 -6624
50331779 103104
50331780 122112
50331781 11520
50331840 -4032
50331841 -22464
50331842 92160
50331843 256320
50331844 117216
50331845 2880
50331904 -12384
50331905 14976
50331906 224208
50331907 215136
50331908 53568
50331968 -10368
50331969 69696
50331970 141696
50331971 72576
50331972 10368
50332032 1728
50332033 26496
50332034 24192
50332035 6336
50335744 216
50335745 144
50335746 -4608
50335747 -10368
50335748 33408
50335749 11520
50335808 -288
50335809 -23040
50335810 -39168
50335811 172224
50335812 245376
50335813 23040
50335872 -14832
50335873 -89280
50335874 229464
50335875 791568
50335876 366048
50335877 8640
50335936 -61344
50335937 30672
50335938 942048
50335939 976320
50335940 218304
50336000 -51840
50336001 433440
50336002 936864
50336003 470880
50336004 50688
50336064 50112
50336065 326016
50336066 298080
50336067 72000
50336128 26496
50336129 48384
50336130 19008
50339840 1296
50339841 -15840
50339842 -30816
50339843 59328
50339844 118656
50339845 11520
50339904 -22032
50339905 -112392
50339906 162360
50339907 753264
50339908 372384
50339909 8640
50339968 -100188
50339969 6552
50339970 1353528
50339971 1554480
50339972 331776
50340032 -109872
50340033 865584
50340034 2153664
50340035 1096992
50340036 99648
50340096 153072
50340097 1120176
50340098 1096416
50340099 244512
50340160 171072
50340161 354240
50340162 144288
50340224 24192
50340225 19008
50343936 -8226
50343937 -49500
50343938 29376
50343939 220320
50343940 123552
50343941 2880
50344000 -78768
50344001 -26208
50344002 797328
50344003 1035072
50344004 222912
50344064 -111384
50344065 774648
50344066 2244672
50344067 1191456
50344068 98496
50344128 188568
50344129 1701072
50344130 1821600
50344131 388224
50344192 390384
50344193 938304
50344194 393120
50344256 128736
50344257 114048
50344320 6336
50348032 -23166
50348033 -18108
50348034 164520
50348035 242928
50348036 55872
50348096 -60768
50348097 320976
50348098 1079640
50348099 612144
50348100 48960
50348160 115236
50348161 1290672
50348162 1524960
50348163 321696
50348224 433224
50348225 1207584
50348226 524880
50348288 265248
50348289 260208
50348352 31392
50352128 -14238
50352129 49068
50352130 194328
50352131 119376
50352132 9792
50352192 33264
50352193 479952
50352194 625104
50352195 134784
50352256 254880
50352257 813240
50352258 371088
50352320 275544
50352321 297072
50352384 60912
50356224 3258
50356225 69660
50356226 99504
50356227 22464
50356288 76572
50356289 275400
50356290 133056
50356352 154008
50356353 181224
50356416 59976
50360320 9252
50360321 37008
50360322 19008
50360384 44280
50360385 56448
50360448 31896
50364416 5148
50364417 7056
50364480 8748
50368512 972
67108928 -432
67108929 -2880
67108930 1296
67108931 36288
67108932 23616
67108992 -3744
67108993 -6480
67108994 86400
67108995 140832
67108996 23616
67109056 -11520
67109057 44352
67109058 231264
67109059 137088
67109060 5904
67109120 -6912
67109121 129456
67109122 197856
67109123 62064
67109184 12384
67109185 86976
67109186 67104
67109187 12096
67109248 6336
67109249 15552
67109250 5760
67112961 -3240
67112962 -5904
67112963 29088
67112964 23616
67113024 -10152
67113025 -33840
67113026 147168
67113027 285696
67113028 47232
67113088 -45936
67113089 112392
67113090 711504
67113091 432648
67113092 17712
67113152 -32040
67113153 555408
67113154 870696
67113155 248976
67113216 99216
67113217 567360
67113218 412560
67113219 56448
67113280 93024
67113281 183168
67113282 62208
67113344 15552
67113345 11520
67117056 -5976
67117057 -29520
67117058 53712
67117059 137664
67117060 23616
67117120 -61812
67117121 77328
67117122 685260
67117123 443664
67117124 17712
67117184 -55008
67117185 824796
67117186 1374264
67117187 375192
67117248 219744
67117249 1288800
67117250 929592
67117251 106848
67117312 326880
67117313 641232
67117314 201600
67117376 108288
67117377 82368
67117440 5760
67121152 -26640
67121153 6462
67121154 205308
67121155 148104
67121156 5904
67121216 -51066
67121217 504540
67121218 920592
67121219 251712
67121280 212364
67121281 1349280
67121282 993240
67121283 102816
67121344 504504
67121345 1031616
67121346 308736
67121408 274032
67121409 213696
67121472 32256
67125248 -18990
67125249 106218
67125250 219312
67125251 63432
67125312 90486
67125313 659808
67125314 509076
67125315 50400
67125376 392328
67125377 852012
67125378 249984
67125440 343872
67125441 275760
67125504 69984
67129344 13014
67129345 121266
67129346 99972
67129347 10080
67129408 149994
67129409 349308
67129410 103680
67129472 229788
67129473 191232
67129536 77472
67133440 22302
67133441 56070
67133442 17280
67133504 78102
67133505 68040
67133568 46512
67137536 10602
67137537 9720
67137600 14400
67141632 1800
83886144 -864
83886145 864
83886146 19008
83886147 25344
83886208 -3024
83886209 35136
83886210 93024
83886211 25344
83886272 4608
83886273 103104
83886274 93888
83886275 6336
83886336 23760
83886337 91872
83886338 43344
83886400 17856
83886401 32256
83886402 8640
83886464 3456
83886465 2880
83890176 -936
83890177 -1440
83890178 13536
83890179 25344
83890240 -12528
83890241 58752
83890242 191232
83890243 50688
83890304 9144
83890305 318384
83890306 296856
83890307 19008
83890368 108576
83890369 396432
83890370 168624
83890432 122400
83890433 190080
83890434 38016
83890496 42336
83890497 29376
83890560 2880
83894272 -10512
83894273 20448
83894274 92736
83894275 25344
83894336 -360
83894337 311112
83894338 306288
83894339 19008
83894400 169164
83894401 624096
83894402 249480
83894464 282240
83894465 413712
83894466 68256
83894528 144432
83894529 89568
83894592 19296
83898368 -6354
83898369 94104
83898370 103320
83898371 6336
83898432 105372
83898433 422496
83898434 166464
83898496 301248
83898497 433872
83898498 63072
83898560 226656
83898561 130176
83898624 46944
83902464 21330
83902465 102096
83902466 42264
83902528 150264
83902529 221976
83902530 30240
83902592 185436
83902593 101664
83902656 57600
83906560 27954
83906561 43992
83906562 6048
83906624 76284
83906625 41472
83906688 38736
83910656 12366
83910657 6912
83910720 13608
83914752 1944
100663360 144
100663361 5184
100663362 14976
100663424 5184
100663425 33120
100663426 14976
100663488 17424
100663489 35136
100663490 3744
100663552 16416
100663553 16848
100663616 6048
100663617 3456
100663680 576
100667392 -144
100667393 3168
100667394 14976
100667456 7776
100667457 69120
100667458 29952
100667520 54432
100667521 110520
100667522 11232
100667584 70920
100667585 63216
100667648 35280
100667649 14400
100667712 5760
100671488 1872
100671489 33984
100671490 14976
100671552 53964
100671553 114480
100671554 11232
100671616 112536
100671617 91368
100671680 75096
100671681 24480
100671744 16704
100675584 16092
100675585 39096
100675586 3744
100675648 77328
100675649 60480
100675712 77688
100675713 21600
100675776 23040
100679680 18864
100679681 15480
100679744 39780
100679745 10080
100679808 17280
100683776 7956
100683777 2016
100683840 6912
100687872 1152
117440576 576
117440577 4608
117440640 4896
117440641 4608
117440704 5472
117440705 1152
117440768 2736
117440832 576
117444608 288
117444609 4608
117444672 10368
117444673 9216
117444736 17064
117444737 3456
117444800 9936
117444864 2304
117448704 5184
117448705 4608
117448768 17712
117448769 3456
117448832 14040
117448896 3744
117452800 6120
117452801 1152
117452864 9216
117452928 3168
117456896 2376
117456960 1440
117460992 288
134217792 576
134217856 576
134217920 144
134221824 576
134221888 1152
134221952 432
134225920 576
134225984 432
134230016 144
1073741892 -1152
1073741893 -1152
1073741894 2304
1073741955 -1728
1073741956 -2880
1073741957 10368
1073741958 8064
1073742018 -1728
1073742019 -4032
1073742020 17280
1073742021 27648
1073742022 9216
1073742081 -1152
1073742082 -2304
1073742083 19584
1073742084 41472
1073742085 27072
1073742086 5184
1073742146 14976
1073742147 33408
1073742148 29376
1073742149 10944
1073742150 1152
1073742209 4608
1073742210 11520
1073742211 11520
1073742212 5760
1073742213 1152
1073745923 576
1073745924 -576
1073745925 -2304
1073745926 2304
1073745987 -3456
1073745988 -11520
1073745989 12672
1073745990 16128
1073746050 -2880
1073746051 -16128
1073746052 28224
1073746053 81792
1073746054 27648
1073746112 576
1073746113 -2880
1073746114 -15552
1073746115 36288
1073746116 164736
1073746117 123264
1073746118 20736
1073746176 -1152
1073746177 -9216
1073746178 39168
1073746179 180864
1073746180 198720
1073746181 72000
1073746182 5760
1073746240 -2304
1073746241 23040
1073746242 105984
1073746243 140544
1073746244 74880
1073746245 12672
1073746304 4608
1073746305 23040
1073746306 34560
1073746307 23040
1073746308 5760
1073750017 432
1073750018 144
1073750019 -1440
1073750020 -4896
1073750021 1152
1073750022 8064
1073750080 432
1073750081 -1872
1073750082 -6048
1073750083 -11520
1073750084 1152
1073750085 72576
1073750086 27648
1073750144 -288
1073750145 -4896
1073750146 -6336
1073750147 -1440
1073750148 206496
1073750149 193536
1073750150 31104
1073750208 -2016
1073750209 -7776
1073750210 4320
1073750211 301536
1073750212 455616
1073750213 168192
1073750214 11520
1073750272 -4032
1073750273 12096
1073750274 250560
1073750275 484416
1073750276 283392
1073750277 43200
1073750336 5760
1073750337 100224
1073750338 228096
1073750339 178560
1073750340 43200
1073750400 11520
1073750401 34560
1073750402 34560
1073750403 11520
1073754112 432
1073754113 -288
1073754114 -3024
1073754115 -2592
1073754116 -4608
1073754117 18432
1073754118 9216
1073754176 -720
1073754177 -7920
1073754178 2016
1073754179 -15840
1073754180 93888
1073754181 125568
1073754182 20736
1073754240 -3168
1073754241 4896
1073754242 -20736
1073754243 189792
1073754244 459648
1073754245 182016
1073754246 11520
1073754304 -576
1073754305 -12096
1073754306 216000
1073754307 713088
1073754308 475776
1073754309 69120
1073754368 -1728
1073754369 130176
1073754370 514368
1073754371 488448
1073754372 118080
1073754432 27648
1073754433 152064
1073754434 195840
1073754435 69120
1073754496 11520
1073754497 23040
1073754498 11520
1073758208 144
1073758209 -2916
1073758210 36
1073758211 -3744
1073758212 12672
1073758213 28224
1073758214 5184
1073758272 -3060
1073758273 3276
1073758274 -5976
1073758275 40320
1073758276 207360
1073758277 92736
1073758278 5760
1073758336 1512
1073758337 -5688
1073758338 63360
1073758339 501696
1073758340 397152
1073758341 57600
1073758400 -3168
1073758401 60480
1073758402 532800
1073758403 635040
1073758404 158400
1073758464 21888
1073758465 243648
1073758466 415872
1073758467 158400
1073758528 35136
1073758529 100800
1073758530 57600
1073758592 5760
1073758593 5760
1073762304 -756
1073762305 -108
1073762306 648
1073762307 288
1073762308 33984
1073762309 17856
1073762310 1152
1073762368 216
1073762369 2808
1073762370 -3456
1073762371 165600
1073762372 160704
1073762373 24192
1073762432 648
1073762433 864
1073762434 275616
1073762435 424800
1073762436 112320
1073762496 4608
1073762497 187776
1073762498 434304
1073762499 181440
1073762560 42048
1073762561 171072
1073762562 112320
1073762624 19584
1073762625 24192
1073762688 1152
1073766400 -144
1073766401 1188
1073766402 -3096
1073766403 20448
1073766404 25056
1073766405 4032
1073766464 1188
1073766465 -6408
1073766466 68400
1073766467 141120
1073766468 40320
1073766528 -2160
1073766529 73872
1073766530 239616
1073766531 110880
1073766592 25056
1073766593 147168
1073766594 110880
1073766656 27072
1073766657 40320
1073766720 4032
1073770496 252
1073770497 -1224
1073770498 6336
1073770499 18432
1073770500 5760
1073770560 -1152
1073770561 13824
1073770562 67104
1073770563 34560
1073770624 7632
1073770625 68544
1073770626 59040
1073770688 19584
1073770689 34560
1073770752 5760
1073774592 -144
1073774593 900
1073774594 7524
1073774595 4320
1073774656 1044
1073774657 16524
1073774658 16200
1073774720 7848
1073774721 16200
1073774784 4320
1073778688 36
1073778689 1620
1073778690 1800
1073778752 1656
1073778753 3960
1073778816 1800
1073782784 144
1073782785 396
1073782848 396
1073786880 36
1090519044 -1152
1090519046 4608
1090519106 -864
1090519107 -9216
1090519108 -14400
1090519109 36864
1090519110 29952
1090519169 -864
1090519170 -12672
1090519171 -31104
1090519172 81792
1090519173 153792
1090519174 40320
1090519233 -9216
1090519234 -31104
1090519235 94464
1090519236 281376
1090519237 163584
1090519238 21888
1090519296 -1152
1090519297 -14400
1090519298 81792
1090519299 281376
1090519300 240768
1090519301 73152
1090519302 4608
1090519361 36864
1090519362 153792
1090519363 163584
1090519364 73152
1090519365 11520
1090519424 4608
1090519425 29952
1090519426 40320
1090519427 21888
1090519428 4608
1090523137 432
1090523138 1440
1090523139 -7200
1090523140 -27072
1090523141 26496
1090523142 29952
1090523200 432
1090523201 -1440
1090523202 -35136
1090523203 -108288
1090523204 101376
1090523205 317952
1090523206 80640
1090523264 1440
1090523265 -35136
1090523266 -141696
1090523267 162000
1090523268 905184
1090523269 567360
1090523270 65664
1090523328 -7200
1090523329 -108288
1090523330 162000
1090523331 1216800
1090523332 1256832
1090523333 365184
1090523334 18432
1090523392 -27072
1090523393 101376
1090523394 905184
1090523395 1256832
1090523396 600192
1090523397 79488
1090523456 26496
1090523457 317952
1090523458 567360
1090523459 365184
1090523460 79488
1090523520 29952
1090523521 80640
1090523522 65664
1090523523 18432
1090527232 1296
1090527233 2448
1090527234 -23616
1090527235 -65232
1090527236 6624
1090527237 149184
1090527238 40320
1090527296 2448
1090527297 -64800
1090527298 -176328
1090527299 8928
1090527300 844416
1090527301 603648
1090527302 65664
1090527360 -23616
1090527361 -176328
1090527362 15696
1090527363 1690128
1090527364 2169792
1090527365 623808
1090527366 27648
1090527424 -65232
1090527425 8928
1090527426 1690128
1090527427 3187008
1090527428 1633536
1090527429 193536
1090527488 6624
1090527489 844416
1090527490 2169792
1090527491 1633536
1090527492 345600
1090527552 149184
1090527553 603648
1090527554 623808
1090527555 193536
1090527616 40320
1090527617 65664
1090527618 27648
1090531328 3744
1090531329 -28116
1090531330 -78696
1090531331 -38880
1090531332 230400
1090531333 199872
1090531334 21888
1090531392 -28116
1090531393 -157320
1090531394 -92736
1090531395 901728
1090531396 1495872
1090531397 444672
1090531398 18432
1090531456 -78696
1090531457 -92736
1090531458 1323792
1090531459 3491712
1090531460 1954944
1090531461 218880
1090531520 -38880
1090531521 901728
1090531522 3491712
1090531523 3086784
1090531524 645120
1090531584 230400
1090531585 1495872
1090531586 1954944
1090531587 645120
1090531648 199872
1090531649 444672
1090531650 218880
1090531712 21888
1090531713 18432
1090535424 -7596
1090535425 -55440
1090535426 -45360
1090535427 159696
1090535428 352224
1090535429 112896
1090535430 4608
1090535488 -55440
1090535489 -81648
1090535490 450216
1090535491 1701504
1090535492 1060704
1090535493 117504
1090535552 -45360
1090535553 450216
1090535554 2688768
1090535555 2802528
1090535556 594432
1090535616 159696
1090535617 1701504
1090535618 2802528
1090535619 984960
1090535680 352224
1090535681 1060704
1090535682 594432
1090535744 112896
1090535745 117504
1090535808 4608
1090539520 -14724
1090539521 -25092
1090539522 52488
1090539523 302544
1090539524 212256
1090539525 24192
1090539584 -25092
1090539585 99432
1090539586 983520
1090539587 1205856
1090539588 266112
1090539648 52488
1090539649 983520
1090539650 2019168
1090539651 762048
1090539712 302544
1090539713 1205856
1090539714 762048
1090539776 212256
1090539777 266112
1090539840 24192
1090543616 -5868
1090543617 6228
1090543618 137520
1090543619 197136
1090543620 46080
1090543680 6228
1090543681 281808
1090543682 712224
1090543683 290304
1090543744 137520
1090543745 712224
1090543746 503424
1090543808 197136
1090543809 290304
1090543872 46080
1090547712 -252
1090547713 31824
1090547714 97920
1090547715 43200
1090547776 31824
1090547777 211536
1090547778 165888
1090547840 97920
1090547841 165888
1090547904 43200
1090551808 2952
1090551809 25020
1090551810 21600
1090551872 25020
1090551873 47952
1090551936 21600
1090555904 2592
1090555905 5544
1090555968 5544
1090560000 576
1107296258 -432
1107296259 -3456
1107296261 20736
1107296262 2304
1107296321 -2592
1107296322 -23904
1107296323 -38016
1107296324 123840
1107296325 148608
1107296326 4608
1107296384 -864
1107296385 -27936
1107296386 -83520
1107296387 214848
1107296388 565488
1107296389 192384
1107296390 1728
1107296448 -7488
1107296449 -84096
1107296450 152064
1107296451 831168
1107296452 571680
1107296453 95040
1107296512 -23040
1107296513 32832
1107296514 622080
1107296515 660960
1107296516 227520
1107296517 18432
1107296576 -5760
1107296577 205056
1107296578 331200
1107296579 169920
1107296580 30528
1107296640 18432
1107296641 48384
1107296642 34560
1107296643 8064
1107300352 648
1107300353 864
1107300354 -24480
1107300355 -72864
1107300356 84096
1107300357 148608
1107300358 4608
1107300416 432
1107300417 -84672
1107300418 -284256
1107300419 294480
1107300420 1173600
1107300421 396864
1107300422 3456
1107300480 -35568
1107300481 -365184
1107300482 283176
1107300483 2685600
1107300484 2027808
1107300485 297216
1107300544 -152928
1107300545 -20448
1107300546 2715120
1107300547 3460320
1107300548 1185696
1107300549 76032
1107300608 -67104
1107300609 1251648
1107300610 2562048
1107300611 1444320
1107300612 229824
1107300672 199296
1107300673 743040
1107300674 622080
1107300675 160128
1107300736 48384
1107300737 69120
1107300738 24192
1107304448 5616
1107304449 -55728
1107304450 -200340
1107304451 40464
1107304452 548064
1107304453 202176
1107304454 1728
1107304512 -62784
1107304513 -503784
1107304514 17352
1107304515 2561184
1107304516 2193120
1107304517 307584
1107304576 -295056
1107304577 -261288
1107304578 3940776
1107304579 6047136
1107304580 2095200
1107304581 117504
1107304640 -229680
1107304641 2469456
1107304642 6561504
1107304643 4058784
1107304644 590688
1107304704 541728
1107304705 2909952
1107304706 2887488
1107304707 753696
1107304768 387648
1107304769 699840
1107304770 285120
1107304832 34560
1107304833 24192
1107308544 -23382
1107308545 -227232
1107308546 -105768
1107308547 729648
1107308548 733248
1107308549 105408
1107308608 -263412
1107308609 -366264
1107308610 2275272
1107308611 4237632
1107308612 1533024
1107308613 80640
1107308672 -312840
1107308673 2145384
1107308674 7335072
1107308675 4991040
1107308676 694944
1107308736 626256
1107308737 4803552
1107308738 5616000
1107308739 1484064
1107308800 992736
1107308801 2274336
1107308802 1021536
1107308864 247680
1107308865 211968
1107308928 8064
1107312640 -82890
1107312641 -156960
1107312642 442044
1107312643 1019232
1107312644 396432
1107312645 20736
1107312704 -214812
1107312705 828720
1107312706 3683952
1107312707 2769264
1107312708 384480
1107312768 351576
1107312769 3845232
1107312770 5227200
1107312771 1421136
1107312832 1179648
1107312833 3353904
1107312834 1639440
1107312896 612288
1107312897 615168
1107312960 56448
1107316736 -58014
1107316737 108072
1107316738 679824
1107316739 564768
1107316740 80928
1107316800 84276
1107316801 1478160
1107316802 2300616
1107316803 654336
1107316864 723528
1107316865 2479032
1107316866 1314576
1107316928 716832
1107316929 825696
1107316992 135936
1107320832 4014
1107320833 218484
1107320834 384264
1107320835 115632
1107320896 222444
1107320897 896328
1107320898 514008
1107320960 435312
1107320961 563688
1107321024 154656
1107324928 27108
1107324929 126288
1107324930 77976
1107324992 132912
1107324993 190296
1107325056 91080
1107329024 16164
1107329025 25236
1107329088 26928
1107333120 3168
1124073473 -864
1124073474 -4320
1124073475 576
1124073476 38016
1124073477 11520
1124073536 -1728
1124073537 -26496
1124073538 -47232
1124073539 186624
1124073540 309888
1124073541 23040
1124073600 -16992
1124073601 -99072
1124073602 240192
1124073603 933696
1124073604 392544
1124073605 8640
1124073664 -57024
1124073665 45504
1124073666 1063296
1124073667 926208
1124073668 179136
1124073728 -39744
1124073729 492192
1124073730 844128
1124073731 344448
1124073732 32256
1124073792 59328
1124073793 278784
1124073794 203328
1124073795 40896
1124073856 19584
1124073857 26496
1124073858 8064
1124077568 432
1124077569 -30240
1124077570 -92448
1124077571 124992
1124077572 311040
1124077573 23040
1124077632 -50112
1124077633 -328032
1124077634 339696
1124077635 1944288
1124077636 834624
1124077637 17280
1124077696 -245664
1124077697 24480
1124077698 3440016
1124077699 3281472
1124077700 580608
1124077760 -211248
1124077761 2204352
1124077762 4300704
1124077763 1781280
1124077764 134784
1124077824 411552
1124077825 2134656
1124077826 1662624
1124077827 312768
1124077888 301248
1124077889 487296
1124077890 160704
1124077952 26496
1124077953 16128
1124081664 -29520
1124081665 -244152
1124081666 40104
1124081667 911664
1124081668 434016
1124081669 8640
1124081728 -346464
1124081729 -204480
1124081730 3336480
1124081731 3585312
1124081732 620352
1124081792 -411048
1124081793 3312576
1124081794 7490160
1124081795 3182976
1124081796 212544
1124081856 860256
1124081857 5440176
1124081858 4606560
1124081859 817056
1124081920 1178496
1124081921 2211840
1124081922 762912
1124081984 270720
1124081985 190656
1124082048 8064
1124085760 -151452
1124085761 -197280
1124085762 968400
1124085763 1214208
1124085764 218880
1124085824 -393768
1124085825 1971864
1124085826 5301504
1124085827 2372256
1124085828 149760
1124085888 777816
1124085889 6146640
1124085890 5686272
1124085891 980640
1124085952 1970064
1124085953 4262976
1124085954 1522656
1124086016 866592
1124086017 686592
1124086080 70848
1124089856 -142164
1124089857 378792
1124089858 1295352
1124089859 625680
1124089860 39744
1124089920 287928
1124089921 3146904
1124089922 3196080
1124089923 554976
1124089984 1616688
1124089985 3987072
1124089986 1483632
1124090048 1274832
1124090049 1114416
1124090112 206208
1124093952 27108
1124093953 591912
1124093954 662688
1124093955 119520
1124094016 637920
1124094017 1777320
1124094018 696096
1124094080 950472
1124094081 907056
1124094144 279504
1124098048 96048
1124098049 301680
1124098050 125280
1124098112 348696
1124098113 360360
1124098176 193320
1124102144 49968
1124102145 55512
1124102208 66168
1124106240 8892
1140850688 -432
1140850689 -2880
1140850690 1296
1140850691 36288
1140850692 23616
1140850752 -10656
1140850753 -33120
1140850754 145152
1140850755 348480
1140850756 47232
1140850816 -43776
1140850817 104256
1140850818 804384
1140850819 442368
1140850820 17712
1140850880 -29376
1140850881 600768
1140850882 811584
1140850883 194112
1140850944 107136
1140850945 504288
1140850946 300384
1140850947 33984
1140851008 74880
1140851009 124416
1140851010 33984
1140851072 8064
1140851073 4608
1140854784 -12168
1140854785 -62928
1140854786 95328
1140854787 352512
1140854788 47232
1140854848 -139104
1140854849 123984
1140854850 1682784
1140854851 964368
1140854852 35424
1140854912 -127080
1140854913 1963296
1140854914 2835576
1140854915 639792
1140854976 519408
1140854977 2513952
1140854978 1486944
1140854979 138240
1140855040 594720
1140855041 966816
1140855042 247680
1140855104 145152
1140855105 88704
1140855168 4608
1140858880 -102564
1140858881 -25920
1140858882 792972
1140858883 511632
1140858884 17712
1140858944 -215784
1140858945 1925928
1140858946 3117168
1140858947 698544
1140859008 813312
1140859009 4365504
1140859010 2630664
1140859011 216864
1140859072 1531152
1140859073 2585376
1140859074 629280
1140859136 634176
1140859137 402336
1140859200 52416
1140862976 -125514
1140862977 551484
1140862978 1068624
1140862979 252864
1140863040 474408
1140863041 3116736
1140863042 1978128
1140863043 154944
1140863104 1757448
1140863105 3158784
1140863106 750240
1140863168 1192896
1140863169 781920
1140863232 180576
1140867072 76734
1140867073 767952
1140867074 530676
1140867075 42336
1140867136 911736
1140867137 1786248
1140867138 428832
1140867200 1110816
1140867201 756864
1140867264 285984
1140871168 171594
1140871169 375084
1140871170 94176
1140871232 498600
1140871233 357696
1140871296 231408
1140875264 85518
1140875265 65304
1140875328 92448
1140879360 14400
1157627904 -864
1157627905 864
1157627906 19008
1157627907 25344
1157627968 -10656
1157627969 55296
1157627970 222912
1157627971 50688
1157628032 7488
1157628033 349056
1157628034 290880
1157628035 19008
1157628096 114912
1157628097 368640
1157628098 129600
1157628160 107424
1157628161 142848
1157628162 23616
1157628224 28800
1157628225 16704
1157628288 1152
1157632000 -18576
1157632001 33408
1157632002 228096
1157632003 50688
1157632064 -9936
1157632065 734112
1157632066 644400
1157632067 38016
1157632128 385488
1157632129 1267056
1157632130 422928
1157632192 540000
1157632193 671328
1157632194 89856
1157632256 220320
1157632257 113472
1157632320 21312
1157636096 -31032
1157636097 345672
1157636098 347760
1157636099 19008
1157636160 378792
1157636161 1398528
1157636162 464400
1157636224 946224
1157636225 1160784
1157636226 135648
1157636288 572256
1157636289 271584
1157636352 90720
1157640192 100764
1157640193 483552
1157640194 171072
1157640256 682560
1157640257 872640
1157640258 96192
1157640320 690624
1157640321 313056
1157640384 167328
1157644288 167832
1157644289 236664
1157644290 26784
1157644352 391464
1157644353 177696
1157644416 157536
1157648384 82764
1157648385 39456
1157648448 74016
1157652480 13608
1174405120 144
1174405121 5184
1174405122 14976
1174405184 7488
1174405185 76608
1174405186 29952
1174405248 58608
1174405249 104832
1174405250 11232
1174405312 65952
1174405313 49536
1174405376 27360
1174405377 9792
1174405440 3456
1174409216 3168
1174409217 79488
1174409218 29952
1174409280 123840
1174409281 233712
1174409282 22464
1174409344 224856
1174409345 156816
1174409408 124416
1174409409 34560
1174409472 22464
1174413312 57420
1174413313 127728
1174413314 11232
1174413376 249552
1174413377 170640
1174413440 210600
1174413441 49248
1174413504 50688
1174417408 86544
1174417409 63360
1174417472 157680
1174417473 33984
1174417536 55872
1174421504 42948
1174421505 9504
1174421568 31104
1174425600 6912
1191182336 576
1191182337 4608
1191182400 10944
1191182401 9216
1191182464 15840
1191182465 3456
1191182528 8064
1191182592 1728
1191186432 11520
1191186433 9216
1191186496 35280
1191186497 6912
1191186560 24624
1191186624 5760
1191190528 19440
1191190529 3456
1191190592 26352
1191190656 7776
1191194624 9792
1191194688 5184
1191198720 1440
1207959552 576
1207959616 1152
1207959680 432
1207963648 1152
1207963712 864
1207967744 432
2147483652 -1152
2147483653 -4032
2147483654 -3456
2147483714 -432
2147483715 -5760
2147483716 -15264
2147483717 2304
2147483718 14400
2147483777 -432
2147483778 -6336
2147483779 -14976
2147483780 39168
2147483781 84384
2147483782 28224
2147483841 -3456
2147483842 -5472
2147483843 72000
2147483844 159984
2147483845 99648
2147483846 17280
2147483906 61632
2147483907 144144
2147483908 122112
2147483909 42624
2147483910 4032
2147483969 20736
2147483970 57600
2147483971 55872
2147483972 26496
2147483973 5184
2147484033 2304
2147484034 2304
2147484035 576
2147487745 216
2147487746 720
2147487747 -5328
2147487748 -29088
2147487749 -16416
2147487750 14400
2147487808 216
2147487809 -720
2147487810 -19152
2147487811 -75168
2147487812 -6336
2147487813 156096
2147487814 56448
2147487872 720
2147487873 -15552
2147487874 -58176
2147487875 98280
2147487876 493488
2147487877 349056
2147487878 51840
2147487936 -3456
2147487937 -27072
2147487938 165384
2147487939 676080
2147487940 690624
2147487941 229248
2147487942 16128
2147488000 -8064
2147488001 99072
2147488002 450000
2147488003 571680
2147488004 288000
2147488005 46080
2147488064 19584
2147488065 115200
2147488066 171360
2147488067 107712
2147488068 25920
2147488128 2304
2147488129 4608
2147488130 1728
2147491840 648
2147491841 1008
2147491842 -13104
2147491843 -56376
2147491844 -52848
2147491845 64512
2147491846 28224
2147491904 576
2147491905 -30960
2147491906 -101052
2147491907 -64800
2147491908 413424
2147491909 370944
2147491910 51840
2147491968 -11664
2147491969 -56772
2147491970 65016
2147491971 933336
2147491972 1229184
2147491973 406080
2147491974 24192
2147492032 -15840
2147492033 96768
2147492034 948456
2147492035 1631520
2147492036 883008
2147492037 124416
2147492096 29952
2147492097 425376
2147492098 919872
2147492099 684576
2147492100 158976
2147492160 56448
2147492161 172800
2147492162 163296
2147492163 51840
2147492224 2304
2147492225 1728
2147495936 1440
2147495937 -13986
2147495938 -54612
2147495939 -73224
2147495940 93456
2147495941 121536
2147495942 17280
2147496000 -13986
2147496001 -70956
2147496002 -76176
2147496003 450432
2147496004 853056
2147496005 294912
2147496006 16128
2147496064 -22572
2147496065 13032
2147496066 763272
2147496067 1880928
2147496068 1123776
2147496069 148608
2147496128 14832
2147496129 528336
2147496130 1711008
2147496131 1505088
2147496132 344448
2147496192 120672
2147496193 611712
2147496194 750240
2147496195 255744
2147496256 57312
2147496257 109440
2147496258 51840
2147496320 576
2147500032 -3942
2147500033 -30438
2147500034 -49068
2147500035 61200
2147500036 199440
2147500037 75456
2147500038 4032
2147500096 -21906
2147500097 -36180
2147500098 238428
2147500099 931824
2147500100 631008
2147500101 82368
2147500160 -1872
2147500161 283932
2147500162 1408464
2147500163 1480608
2147500164 344736
2147500224 101520
2147500225 813744
2147500226 1274256
2147500227 465120
2147500288 141984
2147500289 386064
2147500290 213696
2147500352 27360
2147500353 25920
2147504128 -7038
2147504129 -17694
2147504130 19044
2147504131 165024
2147504132 128736
2147504133 17280
2147504192 -7722
2147504193 60948
2147504194 528624
2147504195 667296
2147504196 162432
2147504256 39492
2147504257 508680
2147504258 1006128
2147504259 397440
2147504320 143064
2147504321 523152
2147504322 330912
2147504384 75024
2147504385 89856
2147504448 5184
2147508224 -2934
2147508225 2214
2147508226 73872
2147508227 112176
2147508228 29088
2147508288 5886
2147508289 150984
2147508290 374688
2147508291 161280
2147508352 70992
2147508353 340488
2147508354 243648
2147508416 82872
2147508417 118944
2147508480 14976
2147512320 -54
2147512321 17136
2147512322 53280
2147512323 25056
2147512384 17208
2147512385 107280
2147512386 86112
2147512448 45432
2147512449 76032
2147512512 16992
2147516416 1620
2147516417 13176
2147516418 11772
2147516480 12348
2147516481 23652
2147516544 9504
2147520512 1332
2147520513 2880
2147520576 2628
2147524608 288
2164260866 -864
2164260867 -7488
2164260868 -23040
2164260869 -5760
2164260870 18432
2164260929 -2592
2164260930 -27936
2164260931 -84096
2164260932 32832
2164260933 205056
2164260934 48384
2164260992 -432
2164260993 -23904
2164260994 -83520
2164260995 152064
2164260996 622080
2164260997 331200
2164260998 34560
2164261056 -3456
2164261057 -38016
2164261058 214848
2164261059 831168
2164261060 660960
2164261061 169920
2164261062 8064
2164261121 123840
2164261122 565488
2164261123 571680
2164261124 227520
2164261125 30528
2164261184 20736
2164261185 148608
2164261186 192384
2164261187 95040
2164261188 18432
2164261248 2304
2164261249 4608
2164261250 1728
2164264960 648
2164264961 432
2164264962 -35568
2164264963 -152928
2164264964 -67104
2164264965 199296
2164264966 48384
2164265024 864
2164265025 -84672
2164265026 -365184
2164265027 -20448
2164265028 1251648
2164265029 743040
2164265030 69120
2164265088 -24480
2164265089 -284256
2164265090 283176
2164265091 2715120
2164265092 2562048
2164265093 622080
2164265094 24192
2164265152 -72864
2164265153 294480
2164265154 2685600
2164265155 3460320
2164265156 1444320
2164265157 160128
2164265216 84096
2164265217 1173600
2164265218 2027808
2164265219 1185696
2164265220 229824
2164265280 148608
2164265281 396864
2164265282 297216
2164265283 76032
2164265344 4608
2164265345 3456
2164269056 5616
2164269057 -62784
2164269058 -295056
2164269059 -229680
2164269060 541728
2164269061 387648
2164269062 34560
2164269120 -55728
2164269121 -503784
2164269122 -261288
2164269123 2469456
2164269124 2909952
2164269125 699840
2164269126 24192
2164269184 -200340
2164269185 17352
2164269186 3940776
2164269187 6561504
2164269188 2887488
2164269189 285120
2164269248 40464
2164269249 2561184
2164269250 6047136
2164269251 4058784
2164269252 753696
2164269312 548064
2164269313 2193120
2164269314 2095200
2164269315 590688
2164269376 202176
2164269377 307584
2164269378 117504
2164269440 1728
2164273152 -23382
2164273153 -263412
2164273154 -312840
2164273155 626256
2164273156 992736
2164273157 247680
2164273158 8064
2164273216 -227232
2164273217 -366264
2164273218 2145384
2164273219 4803552
2164273220 2274336
2164273221 211968
2164273280 -105768
2164273281 2275272
2164273282 7335072
2164273283 5616000
2164273284 1021536
2164273344 729648
2164273345 4237632
2164273346 4991040
2164273347 1484064
2164273408 733248
2164273409 1533024
2164273410 694944
2164273472 105408
2164273473 80640
2164277248 -82890
2164277249 -214812
2164277250 351576
2164277251 1179648
2164277252 612288
2164277253 56448
2164277312 -156960
2164277313 828720
2164277314 3845232
2164277315 3353904
2164277316 615168
2164277376 442044
2164277377 3683952
2164277378 5227200
2164277379 1639440
2164277440 1019232
2164277441 2769264
2164277442 1421136
2164277504 396432
2164277505 384480
2164277568 20736
2164281344 -58014
2164281345 84276
2164281346 723528
2164281347 716832
2164281348 135936
2164281408 108072
2164281409 1478160
2164281410 2479032
2164281411 825696
2164281472 679824
2164281473 2300616
2164281474 1314576
2164281536 564768
2164281537 654336
2164281600 80928
2164285440 4014
2164285441 222444
2164285442 435312
2164285443 154656
2164285504 218484
2164285505 896328
2164285506 563688
2164285568 384264
2164285569 514008
2164285632 115632
2164289536 27108
2164289537 132912
2164289538 91080
2164289600 126288
2164289601 190296
2164289664 77976
2164293632 16164
2164293633 26928
2164293696 25236
2164297728 3168
2181038081 -2160
2181038082 -17568
2181038083 -48672
2181038084 8064
2181038085 91008
2181038086 2304
2181038144 -2160
2181038145 -47232
2181038146 -169632
2181038147 100224
2181038148 706608
2181038149 229824
2181038150 1728
2181038208 -17568
2181038209 -169632
2181038210 199296
2181038211 1606176
2181038212 1045728
2181038213 145152
2181038272 -48672
2181038273 100224
2181038274 1606176
2181038275 1587456
2181038276 462240
2181038277 28224
2181038336 8064
2181038337 706608
2181038338 1045728
2181038339 462240
2181038340 67968
2181038400 91008
2181038401 229824
2181038402 145152
2181038403 28224
2181038464 2304
2181038465 1728
2181042176 864
2181042177 -66960
2181042178 -303552
2181042179 -102168
2181042180 683856
2181042181 238176
2181042182 1728
2181042240 -66960
2181042241 -640224
2181042242 -79272
2181042243 3319920
2181042244 2456928
2181042245 309312
2181042304 -303552
2181042305 -79272
2181042306 5284800
2181042307 6322320
2181042308 1845216
2181042309 91584
2181042368 -102168
2181042369 3319920
2181042370 6322320
2181042371 3094560
2181042372 402048
2181042432 683856
2181042433 2456928
2181042434 1845216
2181042435 402048
2181042496 238176
2181042497 309312
2181042498 91584
2181042560 1728
2181046272 -47088
2181046273 -517140
2181046274 -428832
2181046275 1468296
2181046276 1315296
2181046277 163296
2181046336 -517140
2181046337 -746496
2181046338 4980960
2181046339 7378704
2181046340 2209536
2181046341 98496
2181046400 -428832
2181046401 4980960
2181046402 12195792
2181046403 6546384
2181046404 783360
2181046464 1468296
2181046465 7378704
2181046466 6546384
2181046467 1454400
2181046528 1315296
2181046529 2209536
2181046530 783360
2181046592 163296
2181046593 98496
2181050368 -253944
2181050369 -594972
2181050370 1308672
2181050371 2572416
2181050372 817920
2181050373 35136
2181050432 -594972
2181050433 2794392
2181050434 9142848
2181050435 5402016
2181050436 625536
2181050496 1308672
2181050497 9142848
2181050498 9424080
2181050499 2127168
2181050560 2572416
2181050561 5402016
2181050562 2127168
2181050624 817920
2181050625 625536
2181050688 35136
2181054464 -257436
2181054465 441720
2181054466 2298024
2181054467 1507392
2181054468 176256
2181054528 441720
2181054529 4926240
2181054530 5832936
2181054531 1358928
2181054592 2298024
2181054593 5832936
2181054594 2498112
2181054656 1507392
2181054657 1358928
2181054720 176256
2181058560 21996
2181058561 948708
2181058562 1285416
2181058563 314064
2181058624 948708
2181058625 2850552
2181058626 1319040
2181058688 1285416
2181058689 1319040
2181058752 314064
2181062656 145332
2181062657 514548
2181062658 256176
2181062720 514548
2181062721 587376
2181062784 256176
2181066752 78300
2181066753 97776
2181066816 97776
2181070848 14184
2197815296 -1296
2197815297 -18144
2197815298 -52128
2197815299 28224
2197815300 187776
2197815301 11520
2197815360 -25056
2197815361 -161856
2197815362 111168
2197815363 1119168
2197815364 462240
2197815365 8640
2197815424 -101088
2197815425 35136
2197815426 1916064
2197815427 1585728
2197815428 259200
2197815488 -61056
2197815489 1225152
2197815490 1881792
2197815491 628992
2197815492 39744
2197815552 227664
2197815553 847584
2197815554 511200
2197815555 76032
2197815616 93312
2197815617 111168
2197815618 25920
2197815680 576
2197819392 -35280
2197819393 -283392
2197819394 -98568
2197819395 1085904
2197819396 497376
2197819397 8640
2197819456 -355392
2197819457 -289008
2197819458 4006656
2197819459 3822912
2197819460 592704
2197819520 -355752
2197819521 4050864
2197819522 7425648
2197819523 2617632
2197819524 143424
2197819584 1089216
2197819585 4993920
2197819586 3330144
2197819587 478080
2197819648 960480
2197819649 1377504
2197819650 362880
2197819712 119808
2197819713 58752
2197823488 -280476
2197823489 -486504
2197823490 1781784
2197823491 2089584
2197823492 331776
2197823552 -675720
2197823553 3847536
2197823554 8753328
2197823555 3280032
2197823556 169344
2197823616 1634832
2197823617 9619056
2197823618 7137072
2197823619 1000224
2197823680 2842128
2197823681 4797504
2197823682 1356480
2197823744 827712
2197823745 493920
2197823808 32832
2197827584 -403812
2197827585 967248
2197827586 3086496
2197827587 1263744
2197827588 65664
2197827648 848520
2197827649 7277904
2197827650 6043392
2197827651 854208
2197827712 3542256
2197827713 6951456
2197827714 2078784
2197827776 1992672
2197827777 1364256
2197827840 203616
2197831680 80280
2197831681 1836792
2197831682 1730736
2197831683 255168
2197831744 1920600
2197831745 4377024
2197831746 1391328
2197831808 2163240
2197831809 1651680
2197831872 444960
2197835776 366012
2197835777 982224
2197835778 334944
2197835840 1071288
2197835841 900720
2197835904 440352
2197839872 195948
2197839873 180144
2197839936 200592
2197843968 34128
2214592512 -6912
2214592513 -30672
2214592514 27648
2214592515 207648
2214592516 23616
2214592576 -61056
2214592577 34560
2214592578 931680
2214592579 508032
2214592580 17712
2214592640 -51264
2214592641 1050624
2214592642 1319616
2214592643 261792
2214592704 284400
2214592705 1089216
2214592706 510336
2214592707 32256
2214592768 234144
2214592769 306720
2214592770 56448
2214592832 34560
2214592833 14976
2214596608 -102960
2214596609 -84024
2214596610 908496
2214596611 566280
2214596612 17712
2214596672 -226008
2214596673 2207952
2214596674 3209976
2214596675 636336
2214596736 954864
2214596737 4210992
2214596738 2099520
2214596739 127872
2214596800 1369296
2214596801 1875168
2214596802 340992
2214596864 404064
2214596865 191232
2214596928 17280
2214600704 -235368
2214600705 963900
2214600706 1779192
2214600707 375192
2214600768 880488
2214600769 4970736
2214600770 2685096
2214600771 165024
2214600832 2637216
2214600833 3937680
2214600834 728352
2214600896 1346256
2214600897 684864
2214600960 133632
2214604800 176364
2214604801 1754496
2214604802 1063224
2214604803 69408
2214604864 1999368
2214604865 3353184
2214604866 649152
2214604928 1921968
2214604929 1050048
2214604992 353664
2214608896 496296
2214608897 972540
2214608898 203040
2214608960 1212552
2214608961 717984
2214609024 424944
2214612992 273276
2214612993 177552
2214613056 234144
2214617088 47592
2231369728 -8208
2231369729 10944
2231369730 129888
2231369731 25344
2231369792 -6912
2231369793 393408
2231369794 323136
2231369795 19008
2231369856 203040
2231369857 578304
2231369858 163296
2231369920 233568
2231369921 236736
2231369922 19584
2231369984 72864
2231369985 28224
2231370048 4032
2231373824 -36936
2231373825 384624
2231373826 370584
2231373827 19008
2231373888 425664
2231373889 1402416
2231373890 409104
2231373952 894672
2231373953 927648
2231373954 76032
2231374016 424512
2231374017 152064
2231374080 46656
2231377920 173196
2231377921 781920
2231377922 249480
2231377984 1057104
2231377985 1180080
2231377986 101088
2231378048 865584
2231378049 309024
2231378112 153504
2231382016 369216
2231382017 472176
2231382018 44640
2231382080 732384
2231382081 274752
2231382144 225504
2231386112 212364
2231386113 87552
2231386176 152784
2231390208 38016
2248146944 1152
2248146945 43488
2248146946 14976
2248147008 64944
2248147009 112320
2248147010 11232
2248147072 101664
2248147073 59616
2248147136 45792
2248147137 8640
2248147200 6336
2248151040 63072
2248151041 131256
2248151042 11232
2248151104 245016
2248151105 148176
2248151168 170784
2248151169 29376
2248151232 31104
2248155136 136440
2248155137 91368
2248155200 213480
2248155201 37152
2248155264 58464
2248159232 85176
2248159233 16416
2248159296 50112
2248163328 15840
2264924160 6048
2264924161 4608
2264924224 16416
2264924225 3456
2264924288 9504
2264924352 1728
2264928256 19368
2264928257 3456
2264928320 22896
2264928384 5184
2264932352 14040
2264932416 6048
2264936448 2592
2281701376 576
2281701440 432
2281705472 432
3221225474 -432
3221225475 -4032
3221225476 -12384
3221225477 -10368
3221225478 1728
3221225537 -864
3221225538 -8352
3221225539 -22464
3221225540 14976
3221225541 69696
3221225542 26496
3221225601 -4320
3221225602 -6624
3221225603 92160
3221225604 224208
3221225605 141696
3221225606 24192
3221225665 576
3221225666 103104
3221225667 256320
3221225668 215136
3221225669 72576
3221225670 6336
3221225729 38016
3221225730 122112
3221225731 117216
3221225732 53568
3221225733 10368
3221225793 11520
3221225794 11520
3221225795 2880
3221229568 216
3221229569 -288
3221229570 -14832
3221229571 -61344
3221229572 -51840
3221229573 50112
3221229574 26496
3221229632 144
3221229633 -23040
3221229634 -89280
3221229635 30672
3221229636 433440
3221229637 326016
3221229638 48384
3221229696 -4608
3221229697 -39168
3221229698 229464
3221229699 942048
3221229700 936864
3221229701 298080
3221229702 19008
3221229760 -10368
3221229761 172224
3221229762 791568
3221229763 976320
3221229764 470880
3221229765 72000
3221229824 33408
3221229825 245376
3221229826 366048
3221229827 218304
3221229828 50688
3221229888 11520
3221229889 23040
3221229890 8640
3221233664 1296
3221233665 -22032
3221233666 -100188
3221233667 -109872
3221233668 153072
3221233669 171072
3221233670 24192
3221233728 -15840
3221233729 -112392
3221233730 6552
3221233731 865584
3221233732 1120176
3221233733 354240
3221233734 19008
3221233792 -30816
3221233793 162360
3221233794 1353528
3221233795 2153664
3221233796 1096416
3221233797 144288
3221233856 59328
3221233857 753264
3221233858 1554480
3221233859 1096992
3221233860 244512
3221233920 118656
3221233921 372384
3221233922 331776
3221233923 99648
3221233984 11520
3221233985 8640
3221237760 -8226
3221237761 -78768
3221237762 -111384
3221237763 188568
3221237764 390384
3221237765 128736
3221237766 6336
3221237824 -49500
3221237825 -26208
3221237826 774648
3221237827 1701072
3221237828 938304
3221237829 114048
3221237888 29376
3221237889 797328
3221237890 2244672
3221237891 1821600
3221237892 393120
3221237952 220320
3221237953 1035072
3221237954 1191456
3221237955 388224
3221238016 123552
3221238017 222912
3221238018 98496
3221238080 2880
3221241856 -23166
3221241857 -60768
3221241858 115236
3221241859 433224
3221241860 265248
3221241861 31392
3221241920 -18108
3221241921 320976
3221241922 1290672
3221241923 1207584
3221241924 260208
3221241984 164520
3221241985 1079640
3221241986 1524960
3221241987 524880
3221242048 242928
3221242049 612144
3221242050 321696
3221242112 55872
3221242113 48960
3221245952 -14238
3221245953 33264
3221245954 254880
3221245955 275544
3221245956 60912
3221246016 49068
3221246017 479952
3221246018 813240
3221246019 297072
3221246080 194328
3221246081 625104
3221246082 371088
3221246144 119376
3221246145 134784
3221246208 9792
3221250048 3258
3221250049 76572
3221250050 154008
3221250051 59976
3221250112 69660
3221250113 275400
3221250114 181224
3221250176 99504
3221250177 133056
3221250240 22464
3221254144 9252
3221254145 44280
3221254146 31896
3221254208 37008
3221254209 56448
3221254272 19008
3221258240 5148
3221258241 8748
3221258304 7056
3221262336 972
3238002689 -1728
3238002690 -16992
3238002691 -57024
3238002692 -39744
3238002693 59328
3238002694 19584
3238002752 -864
3238002753 -26496
3238002754 -99072
3238002755 45504
3238002756 492192
3238002757 278784
3238002758 26496
3238002816 -4320
3238002817 -47232
3238002818 240192
3238002819 1063296
3238002820 844128
3238002821 203328
3238002822 8064
3238002880 576
3238002881 186624
3238002882 933696
3238002883 926208
3238002884 344448
3238002885 40896
3238002944 38016
3238002945 309888
3238002946 392544
3238002947 179136
3238002948 32256
3238003008 11520
3238003009 23040
3238003010 8640
3238006784 432
3238006785 -50112
3238006786 -245664
3238006787 -211248
3238006788 411552
3238006789 301248
3238006790 26496
3238006848 -30240
3238006849 -328032
3238006850 24480
3238006851 2204352
3238006852 2134656
3238006853 487296
3238006854 16128
3238006912 -92448
3238006913 339696
3238006914 3440016
3238006915 4300704
3238006916 1662624
3238006917 160704
3238006976 124992
3238006977 1944288
3238006978 3281472
3238006979 1781280
3238006980 312768
3238007040 311040
3238007041 834624
3238007042 580608
3238007043 134784
3238007104 23040
3238007105 17280
3238010880 -29520
3238010881 -346464
3238010882 -411048
3238010883 860256
3238010884 1178496
3238010885 270720
3238010886 8064
3238010944 -244152
3238010945 -204480
3238010946 3312576
3238010947 5440176
3238010948 2211840
3238010949 190656
3238011008 40104
3238011009 3336480
3238011010 7490160
3238011011 4606560
3238011012 762912
3238011072 911664
3238011073 3585312
3238011074 3182976
3238011075 817056
3238011136 434016
3238011137 620352
3238011138 212544
3238011200 8640
3238014976 -151452
3238014977 -393768
3238014978 777816
3238014979 1970064
3238014980 866592
3238014981 70848
3238015040 -197280
3238015041 1971864
3238015042 6146640
3238015043 4262976
3238015044 686592
3238015104 968400
3238015105 5301504
3238015106 5686272
3238015107 1522656
3238015168 1214208
3238015169 2372256
3238015170 980640
3238015232 218880
3238015233 149760
3238019072 -142164
3238019073 287928
3238019074 1616688
3238019075 1274832
3238019076 206208
3238019136 378792
3238019137 3146904
3238019138 3987072
3238019139 1114416
3238019200 1295352
3238019201 3196080
3238019202 1483632
3238019264 625680
3238019265 554976
3238019328 39744
3238023168 27108
3238023169 637920
3238023170 950472
3238023171 279504
3238023232 591912
3238023233 1777320
3238023234 907056
3238023296 662688
3238023297 696096
3238023360 119520
3238027264 96048
3238027265 348696
3238027266 193320
3238027328 301680
3238027329 360360
3238027392 125280
3238031360 49968
3238031361 66168
3238031424 55512
3238035456 8892
3254779904 -1296
3254779905 -25056
3254779906 -101088
3254779907 -61056
3254779908 227664
3254779909 93312
3254779910 576
3254779968 -18144
3254779969 -161856
3254779970 35136
3254779971 1225152
3254779972 847584
3254779973 111168
3254780032 -52128
3254780033 111168
3254780034 1916064
3254780035 1881792
3254780036 511200
3254780037 25920
3254780096 28224
3254780097 1119168
3254780098 1585728
3254780099 628992
3254780100 76032
3254780160 187776
3254780161 462240
3254780162 259200
3254780163 39744
3254780224 11520
3254780225 8640
3254784000 -35280
3254784001 -355392
3254784002 -355752
3254784003 1089216
3254784004 960480
3254784005 119808
3254784064 -283392
3254784065 -289008
3254784066 4050864
3254784067 4993920
3254784068 1377504
3254784069 58752
3254784128 -98568
3254784129 4006656
3254784130 7425648
3254784131 3330144
3254784132 362880
3254784192 1085904
3254784193 3822912
3254784194 2617632
3254784195 478080
3254784256 497376
3254784257 592704
3254784258 143424
3254784320 8640
3254788096 -280476
3254788097 -675720
3254788098 1634832
3254788099 2842128
3254788100 827712
3254788101 32832
3254788160 -486504
3254788161 3847536
3254788162 9619056
3254788163 4797504
3254788164 493920
3254788224 1781784
3254788225 8753328
3254788226 7137072
3254788227 1356480
3254788288 2089584
3254788289 3280032
3254788290 1000224
3254788352 331776
3254788353 169344
3254792192 -403812
3254792193 848520
3254792194 3542256
3254792195 1992672
3254792196 203616
3254792256 967248
3254792257 7277904
3254792258 6951456
3254792259 1364256
3254792320 3086496
3254792321 6043392
3254792322 2078784
3254792384 1263744
3254792385 854208
3254792448 65664
3254796288 80280
3254796289 1920600
3254796290 2163240
3254796291 444960
3254796352 1836792
3254796353 4377024
3254796354 1651680
3254796416 1730736
3254796417 1391328
3254796480 255168
3254800384 366012
3254800385 1071288
3254800386 440352
3254800448 982224
3254800449 900720
3254800512 334944
3254804480 195948
3254804481 200592
3254804544 180144
3254808576 34128
3271557120 -12096
3271557121 -85248
3271557122 -52992
3271557123 372672
3271557124 186912
3271557125 2880
3271557184 -85248
3271557185 -47232
3271557186 1419264
3271557187 1241856
3271557188 195264
3271557248 -52992
3271557249 1419264
3271557250 2104704
3271557251 638208
3271557252 29376
3271557312 372672
3271557313 1241856
3271557314 638208
3271557315 62208
3271557376 186912
3271557377 195264
3271557378 29376
3271557440 2880
3271561216 -172512
3271561217 -339840
3271561218 1297872
3271561219 1460160
3271561220 230400
3271561280 -339840
3271561281 2993760
3271561282 5659776
3271561283 1890144
3271561284 85248
3271561344 1297872
3271561345 5659776
3271561346 3413664
3271561347 375552
3271561408 1460160
3271561409 1890144
3271561410 375552
3271561472 230400
3271561473 85248
3271565312 -414144
3271565313 1169568
3271565314 3267072
3271565315 1217088
3271565316 56448
3271565376 1169568
3271565377 7336224
3271565378 5130432
3271565379 602208
3271565440 3267072
3271565441 5130432
3271565442 1190592
3271565504 1217088
3271565505 602208
3271565568 56448
3271569408 169848
3271569409 2691936
3271569410 2214432
3271569411 279072
3271569472 2691936
3271569473 5087232
3271569474 1317600
3271569536 2214432
3271569537 1317600
3271569600 279072
3271573504 689472
3271573505 1611648
3271573506 462528
3271573568 1611648
3271573569 1103904
3271573632 462528
3271577600 396072
3271577601 307584
3271577664 307584
3271581696 70272
3288334336 -28800
3288334337 -32256
3288334338 312480
3288334339 202752
3288334340 5904
3288334400 -51840
3288334401 763776
3288334402 995904
3288334403 189504
3288334464 336528
3288334465 1174464
3288334466 474624
3288334467 13824
3288334528 344160
3288334529 369792
3288334530 32832
3288334592 61632
3288334593 16704
3288338432 -144216
3288338433 699840
3288338434 1199016
3288338435 245520
3288338496 691920
3288338497 3128832
3288338498 1469088
3288338499 66816
3288338560 1525968
3288338561 1864512
3288338562 230976
3288338624 548352
3288338625 184896
3288338688 25920
3288342528 227880
3288342529 1804752
3288342530 989784
3288342531 55008
3288342592 1958256
3288342593 2799936
3288342594 424224
3288342656 1422864
3288342657 584352
3288342720 163008
3288346624 700632
3288346625 1223424
3288346626 216288
3288346688 1395360
3288346689 672480
3288346752 345312
3288350720 439848
3288350721 245808
3288350784 290880
3288354816 82224
3305111552 -10944
3305111553 131328
3305111554 126144
3305111555 6336
3305111616 147168
3305111617 421632
3305111618 111168
3305111680 249120
3305111681 207936
3305111682 3456
3305111744 88704
3305111745 16704
3305111808 5184
3305115648 129744
3305115649 512208
3305115650 154800
3305115712 654336
3305115713 631584
3305115714 34560
3305115776 416448
3305115777 97344
3305115840 46656
3305119744 372384
3305119745 430704
3305119746 33696
3305119808 609408
3305119809 178272
3305119872 131616
3305123840 263808
3305123841 93600
3305123904 146592
3305127936 53424
3321888768 21456
3321888769 42624
3321888770 3744
3321888832 72288
3321888833 38016
3321888896 39456
3321888897 1728
3321888960 4608
3321892864 87624
3321892865 54576
3321892928 114048
3321892929 12672
3321892992 20736
3321896960 76824
3321896961 12384
3321897024 33984
3321901056 17280
3338665984 6048
3338665985 1152
3338666048 5760
3338666112 576
3338670080 8208
3338670144 2304
3338674176 2016
3355443200 144
4294967297 -432
4294967298 -3744
4294967299 -11520
4294967300 -6912
4294967301 12384
4294967302 6336
4294967361 -2880
4294967362 -6480
4294967363 44352
4294967364 129456
4294967365 86976
4294967366 15552
4294967425 1296
4294967426 86400
4294967427 231264
4294967428 197856
4294967429 67104
4294967430 5760
4294967489 36288
4294967490 140832
4294967491 137088
4294967492 62064
4294967493 12096
4294967553 23616
4294967554 23616
4294967555 5904
4294971393 -10152
4294971394 -45936
4294971395 -32040
4294971396 99216
4294971397 93024
4294971398 15552
4294971456 -3240
4294971457 -33840
4294971458 112392
4294971459 555408
4294971460 567360
4294971461 183168
4294971462 11520
4294971520 -5904
4294971521 147168
4294971522 711504
4294971523 870696
4294971524 412560
4294971525 62208
4294971584 29088
4294971585 285696
4294971586 432648
4294971587 248976
4294971588 56448
4294971648 23616
4294971649 47232
4294971650 17712
4294975488 -5976
4294975489 -61812
4294975490 -55008
4294975491 219744
4294975492 326880
4294975493 108288
4294975494 5760
4294975552 -29520
4294975553 77328
4294975554 824796
4294975555 1288800
4294975556 641232
4294975557 82368
4294975616 53712
4294975617 685260
4294975618 1374264
4294975619 929592
4294975620 201600
4294975680 137664
4294975681 443664
4294975682 375192
4294975683 106848
4294975744 23616
4294975745 17712
4294979584 -26640
4294979585 -51066
4294979586 212364
4294979587 504504
4294979588 274032
4294979589 32256
4294979648 6462
4294979649 504540
4294979650 1349280
4294979651 1031616
4294979652 213696
4294979712 205308
4294979713 920592
4294979714 993240
4294979715 308736
4294979776 148104
4294979777 251712
4294979778 102816
4294979840 5904
4294983680 -18990
4294983681 90486
4294983682 392328
4294983683 343872
4294983684 69984
4294983744 106218
4294983745 659808
4294983746 852012
4294983747 275760
4294983808 219312
4294983809 509076
4294983810 249984
4294983872 63432
4294983873 50400
4294987776 13014
4294987777 149994
4294987778 229788
4294987779 77472
4294987840 121266
4294987841 349308
4294987842 191232
4294987904 99972
4294987905 103680
4294987968 10080
4294991872 22302
4294991873 78102
4294991874 46512
4294991936 56070
4294991937 68040
4294992000 17280
4294995968 10602
4294995969 14400
4294996032 9720
4295000064 1800
4311744512 -432
4311744513 -10656
4311744514 -43776
4311744515 -29376
4311744516 107136
4311744517 74880
4311744518 8064
4311744576 -2880
4311744577 -33120
4311744578 104256
4311744579 600768
4311744580 504288
4311744581 124416
4311744582 4608
4311744640 1296
4311744641 145152
4311744642 804384
4311744643 811584
4311744644 300384
4311744645 33984
4311744704 36288
4311744705 348480
4311744706 442368
4311744707 194112
4311744708 33984
4311744768 23616
4311744769 47232
4311744770 17712
4311748608 -12168
4311748609 -139104
4311748610 -127080
4311748611 519408
4311748612 594720
4311748613 145152
4311748614 4608
4311748672 -62928
4311748673 123984
4311748674 1963296
4311748675 2513952
4311748676 966816
4311748677 88704
4311748736 95328
4311748737 1682784
4311748738 2835576
4311748739 1486944
4311748740 247680
4311748800 352512
4311748801 964368
4311748802 639792
4311748803 138240
4311748864 47232
4311748865 35424
4311752704 -102564
4311752705 -215784
4311752706 813312
4311752707 1531152
4311752708 634176
4311752709 52416
4311752768 -25920
4311752769 1925928
4311752770 4365504
4311752771 2585376
4311752772 402336
4311752832 792972
4311752833 3117168
4311752834 2630664
4311752835 629280
4311752896 511632
4311752897 698544
4311752898 216864
4311752960 17712
4311756800 -125514
4311756801 474408
4311756802 1757448
4311756803 1192896
4311756804 180576
4311756864 551484
4311756865 3116736
4311756866 3158784
4311756867 781920
4311756928 1068624
4311756929 1978128
4311756930 750240
4311756992 252864
4311756993 154944
4311760896 76734
4311760897 911736
4311760898 1110816
4311760899 285984
4311760960 767952
4311760961 1786248
4311760962 756864
4311761024 530676
4311761025 428832
4311761088 42336
4311764992 171594
4311764993 498600
4311764994 231408
4311765056 375084
4311765057 357696
4311765120 94176
4311769088 85518
4311769089 92448
4311769152 65304
4311773184 14400
4328521728 -6912
4328521729 -61056
4328521730 -51264
4328521731 284400
4328521732 234144
4328521733 34560
4328521792 -30672
4328521793 34560
4328521794 1050624
4328521795 1089216
4328521796 306720
4328521797 14976
4328521856 27648
4328521857 931680
4328521858 1319616
4328521859 510336
4328521860 56448
4328521920 207648
4328521921 508032
4328521922 261792
4328521923 32256
4328521984 23616
4328521985 17712
4328525824 -102960
4328525825 -226008
4328525826 954864
4328525827 1369296
4328525828 404064
4328525829 17280
4328525888 -84024
4328525889 2207952
4328525890 4210992
4328525891 1875168
4328525892 191232
4328525952 908496
4328525953 3209976
4328525954 2099520
4328525955 340992
4328526016 566280
4328526017 636336
4328526018 127872
4328526080 17712
4328529920 -235368
4328529921 880488
4328529922 2637216
4328529923 1346256
4328529924 133632
4328529984 963900
4328529985 4970736
4328529986 3937680
4328529987 684864
4328530048 1779192
4328530049 2685096
4328530050 728352
4328530112 375192
4328530113 165024
4328534016 176364
4328534017 1999368
4328534018 1921968
4328534019 353664
4328534080 1754496
4328534081 3353184
4328534082 1050048
4328534144 1063224
4328534145 649152
4328534208 69408
4328538112 496296
4328538113 1212552
4328538114 424944
4328538176 972540
4328538177 717984
4328538240 203040
4328542208 273276
4328542209 234144
4328542272 177552
4328546304 47592
4345298944 -28800
4345298945 -51840
4345298946 336528
4345298947 344160
4345298948 61632
4345299008 -32256
4345299009 763776
4345299010 1174464
4345299011 369792
4345299012 16704
4345299072 312480
4345299073 995904
4345299074 474624
4345299075 32832
4345299136 202752
4345299137 189504
4345299138 13824
4345299200 5904
4345303040 -144216
4345303041 691920
4345303042 1525968
4345303043 548352
4345303044 25920
4345303104 699840
4345303105 3128832
4345303106 1864512
4345303107 184896
4345303168 1199016
4345303169 1469088
4345303170 230976
4345303232 245520
4345303233 66816
4345307136 227880
4345307137 1958256
4345307138 1422864
4345307139 163008
4345307200 1804752
4345307201 2799936
4345307202 584352
4345307264 989784
4345307265 424224
4345307328 55008
4345311232 700632
4345311233 1395360
4345311234 345312
4345311296 1223424
4345311297 672480
4345311360 216288
4345315328 439848
4345315329 290880
4345315392 245808
4345319424 82224
4362076160 -23040
4362076161 181584
4362076162 272736
4362076163 59760
4362076224 181584
4362076225 634752
4362076226 258336
4362076227 6336
4362076288 272736
4362076289 258336
4362076290 4608
4362076352 59760
4362076353 6336
4362080256 151776
4362080257 828432
4362080258 418032
4362080259 20736
4362080320 828432
4362080321 988704
4362080322 101376
4362080384 418032
4362080385 101376
4362080448 20736
4362084352 505584
4362084353 766080
4362084354 114912
4362084416 766080
4362084417 282816
4362084480 114912
4362088448 375984
4362088449 179136
4362088512 179136
4362092544 78048
4378853376 34704
4378853377 113184
4378853378 34128
4378853440 132192
4378853441 105408
4378853442 -576
4378853504 60768
4378853505 1152
4378853568 2880
4378857472 170064
4378857473 174816
4378857474 10368
4378857536 215712
4378857537 38592
4378857600 25920
4378861568 163584
4378861569 47808
4378861632 63360
4378865664 39168
4395630592 19008
4395630593 11088
4395630656 19008
4395630657 -576
4395630720 1152
4395634688 30672
4395634689 3456
4395634752 8064
4395638784 8928
4412407808 1584
4412411904 576
5368709121 -864
5368709122 -3024
5368709123 4608
5368709124 23760
5368709125 17856
5368709126 3456
5368709185 864
5368709186 35136
5368709187 103104
5368709188 91872
5368709189 32256
5368709190 2880
5368709249 19008
5368709250 93024
5368709251 93888
5368709252 43344
5368709253 8640
5368709313 25344
5368709314 25344
5368709315 6336
5368713216 -936
5368713217 -12528
5368713218 9144
5368713219 108576
5368713220 122400
5368713221 42336
5368713222 2880
5368713280 -1440
5368713281 58752
5368713282 318384
5368713283 396432
5368713284 190080
5368713285 29376
5368713344 13536
5368713345 191232
5368713346 296856
5368713347 168624
5368713348 38016
5368713408 25344
5368713409 50688
5368713410 19008
5368717312 -10512
5368717313 -360
5368717314 169164
5368717315 282240
5368717316 144432
5368717317 19296
5368717376 20448
5368717377 311112
5368717378 624096
5368717379 413712
5368717380 89568
5368717440 92736
5368717441 306288
5368717442 249480
5368717443 68256
5368717504 25344
5368717505 19008
5368721408 -6354
5368721409 105372
5368721410 301248
5368721411 226656
5368721412 46944
5368721472 94104
5368721473 422496
5368721474 433872
5368721475 130176
5368721536 103320
5368721537 166464
5368721538 63072
5368721600 6336
5368725504 21330
5368725505 150264
5368725506 185436
5368725507 57600
5368725568 102096
5368725569 221976
5368725570 101664
5368725632 42264
5368725633 30240
5368729600 27954
5368729601 76284
5368729602 38736
5368729664 43992
5368729665 41472
5368729728 6048
5368733696 12366
5368733697 13608
5368733760 6912
5368737792 1944
5385486336 -864
5385486337 -10656
5385486338 7488
5385486339 114912
5385486340 107424
5385486341 28800
5385486342 1152
5385486400 864
5385486401 55296
5385486402 349056
5385486403 368640
5385486404 142848
5385486405 16704
5385486464 19008
5385486465 222912
5385486466 290880
5385486467 129600
5385486468 23616
5385486528 25344
5385486529 50688
5385486530 19008
5385490432 -18576
5385490433 -9936
5385490434 385488
5385490435 540000
5385490436 220320
5385490437 21312
5385490496 33408
5385490497 734112
5385490498 1267056
5385490499 671328
5385490500 113472
5385490560 228096
5385490561 644400
5385490562 422928
5385490563 89856
5385490624 50688
5385490625 38016
5385494528 -31032
5385494529 378792
5385494530 946224
5385494531 572256
5385494532 90720
5385494592 345672
5385494593 1398528
5385494594 1160784
5385494595 271584
5385494656 347760
5385494657 464400
5385494658 135648
5385494720 19008
5385498624 100764
5385498625 682560
5385498626 690624
5385498627 167328
5385498688 483552
5385498689 872640
5385498690 313056
5385498752 171072
5385498753 96192
5385502720 167832
5385502721 391464
5385502722 157536
5385502784 236664
5385502785 177696
5385502848 26784
5385506816 82764
5385506817 74016
5385506880 39456
5385510912 13608
5402263552 -8208
5402263553 -6912
5402263554 203040
5402263555 233568
5402263556 72864
5402263557 4032
5402263616 10944
5402263617 393408
5402263618 578304
5402263619 236736
5402263620 28224
5402263680 129888
5402263681 323136
5402263682 163296
5402263683 19584
5402263744 25344
5402263745 19008
5402267648 -36936
5402267649 425664
5402267650 894672
5402267651 424512
5402267652 46656
5402267712 384624
5402267713 1402416
5402267714 927648
5402267715 152064
5402267776 370584
5402267777 409104
5402267778 76032
5402267840 19008
5402271744 173196
5402271745 1057104
5402271746 865584
5402271747 153504
5402271808 781920
5402271809 1180080
5402271810 309024
5402271872 249480
5402271873 101088
5402275840 369216
5402275841 732384
5402275842 225504
5402275904 472176
5402275905 274752
5402275968 44640
5402279936 212364
5402279937 152784
5402280000 87552
5402284032 38016
5419040768 -10944
5419040769 147168
5419040770 249120
5419040771 88704
5419040772 5184
5419040832 131328
5419040833 421632
5419040834 207936
5419040835 16704
5419040896 126144
5419040897 111168
5419040898 3456
5419040960 6336
5419044864 129744
5419044865 654336
5419044866 416448
5419044867 46656
5419044928 512208
5419044929 631584
5419044930 97344
5419044992 154800
5419044993 34560
5419048960 372384
5419048961 609408
5419048962 131616
5419049024 430704
5419049025 178272
5419049088 33696
5419053056 263808
5419053057 146592
5419053120 93600
5419057152 53424
5435817984 34704
5435817985 132192
5435817986 60768
5435817987 2880
5435818048 113184
5435818049 105408
5435818050 1152
5435818112 34128
5435818113 -576
5435822080 170064
5435822081 215712
5435822082 25920
5435822144 174816
5435822145 38592
5435822208 10368
5435826176 163584
5435826177 63360
5435826240 47808
5435830272 39168
5452595200 27072
5452595201 23616
5452595202 576
5452595264 23616
5452595265 -1152
5452595328 576
5452599296 45792
5452599297 9216
5452599360 9216
5452603392 13824
5469372416 4032
5469376512 1728
6442450945 144
6442450946 5184
6442450947 17424
6442450948 16416
6442450949 6048
6442450950 576
6442451009 5184
6442451010 33120
6442451011 35136
6442451012 16848
6442451013 3456
6442451073 14976
6442451074 14976
6442451075 3744
6442455040 -144
6442455041 7776
6442455042 54432
6442455043 70920
6442455044 35280
6442455045 5760
6442455104 3168
6442455105 69120
6442455106 110520
6442455107 63216
6442455108 14400
6442455168 14976
6442455169 29952
6442455170 11232
6442459136 1872
6442459137 53964
6442459138 112536
6442459139 75096
6442459140 16704
6442459200 33984
6442459201 114480
6442459202 91368
6442459203 24480
6442459264 14976
6442459265 11232
6442463232 16092
6442463233 77328
6442463234 77688
6442463235 23040
6442463296 39096
6442463297 60480
6442463298 21600
6442463360 3744
6442467328 18864
6442467329 39780
6442467330 17280
6442467392 15480
6442467393 10080
6442471424 7956
6442471425 6912
6442471488 2016
6442475520 1152
6459228160 144
6459228161 7488
6459228162 58608
6459228163 65952
6459228164 27360
6459228165 3456
6459228224 5184
6459228225 76608
6459228226 104832
6459228227 49536
6459228228 9792
6459228288 14976
6459228289 29952
6459228290 11232
6459232256 3168
6459232257 123840
6459232258 224856
6459232259 124416
6459232260 22464
6459232320 79488
6459232321 233712
6459232322 156816
6459232323 34560
6459232384 29952
6459232385 22464
6459236352 57420
6459236353 249552
6459236354 210600
6459236355 50688
6459236416 127728
6459236417 170640
6459236418 49248
6459236480 11232
6459240448 86544
6459240449 157680
6459240450 55872
6459240512 63360
6459240513 33984
6459244544 42948
6459244545 31104
6459244608 9504
6459248640 6912
6476005376 1152
6476005377 64944
6476005378 101664
6476005379 45792
6476005380 6336
6476005440 43488
6476005441 112320
6476005442 59616
6476005443 8640
6476005504 14976
6476005505 11232
6476009472 63072
6476009473 245016
6476009474 170784
6476009475 31104
6476009536 131256
6476009537 148176
6476009538 29376
6476009600 11232
6476013568 136440
6476013569 213480
6476013570 58464
6476013632 91368
6476013633 37152
6476017664 85176
6476017665 50112
6476017728 16416
6476021760 15840
6492782592 21456
6492782593 72288
6492782594 39456
6492782595 4608
6492782656 42624
6492782657 38016
6492782658 1728
6492782720 3744
6492786688 87624
6492786689 114048
6492786690 20736
6492786752 54576
6492786753 12672
6492790784 76824
6492790785 33984
6492790848 12384
6492794880 17280
6509559808 19008
6509559809 19008
6509559810 1152
6509559872 11088
6509559873 -576
6509563904 30672
6509563905 8064
6509563968 3456
6509568000 8928
6526337024 4032
6526341120 1728
7516192769 576
7516192770 4896
7516192771 5472
7516192772 2736
7516192773 576
7516192833 4608
7516192834 4608
7516192835 1152
7516196864 288
7516196865 10368
7516196866 17064
7516196867 9936
7516196868 2304
7516196928 4608
7516196929 9216
7516196930 3456
7516200960 5184
7516200961 17712
7516200962 14040
7516200963 3744
7516201024 4608
7516201025 3456
7516205056 6120
7516205057 9216
7516205058 3168
7516205120 1152
7516209152 2376
7516209153 1440
7516213248 288
7532969984 576
7532969985 10944
7532969986 15840
7532969987 8064
7532969988 1728
7532970048 4608
7532970049 9216
7532970050 3456
7532974080 11520
7532974081 35280
7532974082 24624
7532974083 5760
7532974144 9216
7532974145 6912
7532978176 19440
7532978177 26352
7532978178 7776
7532978240 3456
7532982272 9792
7532982273 5184
7532986368 1440
7549747200 6048
7549747201 16416
7549747202 9504
7549747203 1728
7549747264 4608
7549747265 3456
7549751296 19368
7549751297 22896
7549751298 5184
7549751360 3456
7549755392 14040
7549755393 6048
7549759488 2592
7566524416 6048
7566524417 5760
7566524418 576
7566524480 1152
7566528512 8208
7566528513 2304
7566532608 2016
7583301632 1584
7583305728 576
8589934593 576
8589934594 576
8589934595 144
8589938688 576
8589938689 1152
8589938690 432
8589942784 576
8589942785 432
8589946880 144
8606711808 576
8606711809 1152
8606711810 432
8606715904 1152
8606715905 864
8606720000 432
8623489024 576
8623489025 432
8623493120 432
8640266240 144
68719476804 -384
68719476805 384
68719476806 2304
68719476867 -576
68719476868 576
68719476869 10368
68719476870 8064
68719476930 -576
68719476931 384
68719476932 16512
68719476933 25728
68719476934 9216
68719476993 -384
68719476994 576
68719476995 16512
68719476996 35328
68719476997 25152
68719476998 5184
68719477057 384
68719477058 10368
68719477059 25728
68719477060 25152
68719477061 10368
68719477062 1152
68719477121 2304
68719477122 8064
68719477123 9216
68719477124 5184
68719477125 1152
68719480835 192
68719480836 -576
68719480837 -768
68719480838 2304
68719480899 -1344
68719480900 -3072
68719480901 14976
68719480902 16128
68719480962 -960
68719480963 -2688
68719480964 36288
68719480965 79488
68719480966 27648
68719481024 192
68719481025 -1344
68719481026 -2688
68719481027 44160
68719481028 149760
68719481029 117888
68719481030 20736
68719481088 -576
68719481089 -3072
68719481090 36288
68719481091 149760
68719481092 177984
68719481093 69696
68719481094 5760
68719481152 -768
68719481153 14976
68719481154 79488
68719481155 117888
68719481156 69696
68719481157 12672
68719481216 2304
68719481217 16128
68719481218 27648
68719481219 20736
68719481220 5760
68719484929 144
68719484930 -240
68719484931 -864
68719484932 -1824
68719484933 3456
68719484934 8064
68719484992 144
68719484993 -1056
68719484994 -2400
68719484995 -2016
68719484996 17280
68719484997 73728
68719484998 27648
68719485056 -240
68719485057 -2400
68719485058 3264
68719485059 33120
68719485060 203040
68719485061 188928
68719485062 31104
68719485120 -864
68719485121 -2016
68719485122 33120
68719485123 273216
68719485124 423360
68719485125 164736
68719485126 11520
68719485184 -1824
68719485185 17280
68719485186 203040
68719485187 423360
68719485188 269568
68719485189 43200
68719485248 3456
68719485249 73728
68719485250 188928
68719485251 164736
68719485252 43200
68719485312 8064
68719485313 27648
68719485314 31104
68719485315 11520
68719489024 144
68719489025 -384
68719489026 -1680
68719489027 -672
68719489028 1536
68719489029 19968
68719489030 9216
68719489088 -384
68719489089 -4512
68719489090 4416
68719489091 11616
68719489092 103872
68719489093 124800
68719489094 20736
68719489152 -1680
68719489153 4416
68719489154 20448
68719489155 199968
68719489156 441600
68719489157 179712
68719489158 11520
68719489216 -672
68719489217 11616
68719489218 199968
68719489219 648768
68719489220 459648
68719489221 69120
68719489280 1536
68719489281 103872
68719489282 441600
68719489283 459648
68719489284 118080
68719489344 19968
68719489345 124800
68719489346 179712
68719489347 69120
68719489408 9216
68719489409 20736
68719489410 11520
68719493120 48
68719493121 -1932
68719493122 420
68719493123 2400
68719493124 17280
68719493125 28608
68719493126 5184
68719493184 -1932
68719493185 2376
68719493186 13032
68719493187 59904
68719493188 206208
68719493189 92160
68719493190 5760
68719493248 420
68719493249 13032
68719493250 83520
68719493251 476736
68719493252 388512
68719493253 57600
68719493312 2400
68719493313 59904
68719493314 476736
68719493315 607680
68719493316 158400
68719493376 17280
68719493377 206208
68719493378 388512
68719493379 158400
68719493440 28608
68719493441 92160
68719493442 57600
68719493504 5184
68719493505 5760
68719497216 -540
68719497217 -108
68719497218 3528
68719497219 5664
68719497220 35136
68719497221 17856
68719497222 1152
68719497280 -108
68719497281 8568
68719497282 12384
68719497283 165600
68719497284 158976
68719497285 24192
68719497344 3528
68719497345 12384
68719497346 259776
68719497347 412704
68719497348 112320
68719497408 5664
68719497409 165600
68719497410 412704
68719497411 181440
68719497472 35136
68719497473 158976
68719497474 112320
68719497536 17856
68719497537 24192
68719497600 1152
68719501312 -144
68719501313 1812
68719501314 -24
68719501315 21792
68719501316 25056
68719501317 4032
68719501376 1812
68719501377 -624
68719501378 69168
68719501379 139104
68719501380 40320
68719501440 -24
68719501441 69168
68719501442 231552
68719501443 110880
68719501504 21792
68719501505 139104
68719501506 110880
68719501568 25056
68719501569 40320
68719501632 4032
68719505408 300
68719505409 -360
68719505410 7104
68719505411 18432
68719505412 5760
68719505472 -360
68719505473 14256
68719505474 65952
68719505475 34560
68719505536 7104
68719505537 65952
68719505538 59040
68719505600 18432
68719505601 34560
68719505664 5760
68719509504 -48
68719509505 1116
68719509506 7524
68719509507 4320
68719509568 1116
68719509569 16200
68719509570 16200
68719509632 7524
68719509633 16200
68719509696 4320
68719513600 60
68719513601 1620
68719513602 1800
68719513664 1620
68719513665 3960
68719513728 1800
68719517696 144
68719517697 396
68719517760 396
68719521792 36
68736253955 576
68736253956 -1152
68736253957 -2304
68736253958 4608
68736254018 1152
68736254019 -3264
68736254020 -14400
68736254021 30720
68736254022 29952
68736254081 1152
68736254082 672
68736254083 -24768
68736254084 57792
68736254085 159552
68736254086 40320
68736254144 576
68736254145 2784
68736254146 -21312
68736254147 45120
68736254148 299904
68736254149 184128
68736254150 21888
68736254208 2304
68736254209 -11520
68736254210 16320
68736254211 300480
68736254212 293472
68736254213 87552
68736254214 4608
68736254272 -1152
68736254273 -9408
68736254274 157824
68736254275 211488
68736254276 99648
68736254277 14976
68736254336 -6912
68736254337 28800
68736254338 56448
68736254339 34560
68736254340 8064
68736258049 288
68736258050 2208
68736258051 -1248
68736258052 -21696
68736258053 15744
68736258054 29952
68736258112 288
68736258113 1968
68736258114 -768
68736258115 -67680
68736258116 44928
68736258117 308736
68736258118 80640
68736258176 2640
68736258177 6432
68736258178 -76704
68736258179 25920
68736258180 882720
68736258181 600192
68736258182 65664
68736258240 8544
68736258241 -67488
68736258242 -49152
68736258243 1184880
68736258244 1412928
68736258245 406656
68736258246 18432
68736258304 -20640
68736258305 -83712
68736258306 856656
68736258307 1488384
68736258308 739008
68736258309 93312
68736258368 -35328
68736258369 286848
68736258370 711648
68736258371 498816
68736258372 110592
68736258432 28800
68736258433 112896
68736258434 103680
68736258435 32256
68736262144 864
68736262145 2688
68736262146 -4896
68736262147 -38160
68736262148 -10080
68736262149 134208
68736262150 40320
68736262208 3552
68736262209 -13584
68736262210 -84960
68736262211 -59184
68736262212 756576
68736262213 607680
68736262214 65664
68736262272 4080
68736262273 -92688
68736262274 -151128
68736262275 1500048
68736262276 2272032
68736262277 661824
68736262278 27648
68736262336 -43680
68736262337 -210312
68736262338 1451808
68736262339 3478320
68736262340 1861632
68736262341 214272
68736262400 -95616
68736262401 678816
68736262402 2470032
68736262403 2013120
68736262404 428544
68736262464 114624
68736262465 732384
68736262466 846720
68736262467 276480
68736262528 56448
68736262529 103680
68736262530 48384
68736266240 3312
68736266241 -10368
68736266242 -39432
68736266243 -37248
68736266244 193920
68736266245 191616
68736266246 21888
68736266304 -7008
68736266305 -79884
68736266306 -107904
68736266307 749328
68736266308 1471680
68736266309 453888
68736266310 18432
68736266368 -47172
68736266369 -180288
68736266370 1056816
68736266371 3548112
68736266372 2095488
68736266373 232704
68736266432 -112968
68736266433 659328
68736266434 3660576
68736266435 3508992
68736266436 741888
68736266496 151440
68736266497 1628064
68736266498 2382336
68736266499 817920
68736266560 232224
68736266561 595584
68736266562 315648
68736266624 34560
68736266625 32256
68736270336 -2592
68736270337 -29916
68736270338 -28992
68736270339 128208
68736270340 329184
68736270341 111168
68736270342 4608
68736270400 -32268
68736270401 -72036
68736270402 346752
68736270403 1632672
68736270404 1080288
68736270405 120960
68736270464 -65388
68736270465 308880
68736270466 2644200
68736270467 2985408
68736270468 646272
68736270528 90768
68736270529 1713672
68736270530 3145536
68736270531 1149120
68736270592 367056
68736270593 1269504
68736270594 758592
68736270656 148032
68736270657 169344
68736270720 8064
68736274432 -8688
68736274433 -14364
68736274434 41544
68736274435 277776
68736274436 207072
68736274437 24192
68736274496 -21600
68736274497 68508
68736274498 922176
68736274499 1219104
68736274500 276480
68736274560 25956
68736274561 937584
68736274562 2127168
68736274563 834624
68736274624 293688
68736274625 1332000
68736274626 891648
68736274688 248832
68736274689 338688
68736274752 34560
68736278528 -3684
68736278529 5340
68736278530 124608
68736278531 191088
68736278532 46080
68736278592 2784
68736278593 258732
68736278594 714240
68736278595 302400
68736278656 127380
68736278657 741456
68736278658 551808
68736278720 214272
68736278721 338688
68736278784 58176
68736282624 -84
68736282625 28548
68736282626 94464
68736282627 43200
68736282688 28656
68736282689 210528
68736282690 172800
68736282752 100800
68736282753 181440
68736282816 50112
68736286720 2628
68736286721 24048
68736286722 21600
68736286784 24732
68736286785 49896
68736286848 23544
68736290816 2484
68736290817 5544
68736290880 5760
68736294912 576
68753031169 216
68753031170 720
68753031171 -3456
68753031172 -8064
68753031173 19584
68753031174 2304
68753031232 216
68753031233 1584
68753031234 -11520
68753031235 -44928
68753031236 99648
68753031237 146304
68753031238 4608
68753031296 1872
68753031297 -7440
68753031298 -73632
68753031299 143304
68753031300 573840
68753031301 197280
68753031302 1728
68753031360 1488
68753031361 -70656
68753031362 44712
68753031363 871344
68753031364 662688
68753031365 102528
68753031424 -22560
68753031425 -63744
68753031426 647280
68753031427 853824
68753031428 300384
68753031429 20736
68753031488 -41568
68753031489 186624
68753031490 471648
68753031491 271584
68753031492 47232
68753031552 5184
68753031553 79488
68753031554 72576
68753031555 19008
68753035264 720
68753035265 4704
68753035266 -8448
68753035267 -64224
68753035268 46080
68753035269 144000
68753035270 4608
68753035328 6288
68753035329 -28368
68753035330 -205320
68753035331 123744
68753035332 1108224
68753035333 397440
68753035334 3456
68753035392 -1200
68753035393 -263064
68753035394 -37872
68753035395 2550192
68753035396 2162016
68753035397 311040
68753035456 -122448
68753035457 -355488
68753035458 2561952
68753035459 4001616
68753035460 1406304
68753035461 82944
68753035520 -217152
68753035521 1087872
68753035522 3213936
68753035523 1975104
68753035524 303552
68753035584 127296
68753035585 1021632
68753035586 1010880
68753035587 268416
68753035648 79488
68753035649 145152
68753035650 57024
68753039360 7968
68753039361 -21654
68753039362 -136644
68753039363 -14880
68753039364 481248
68753039365 197856
68753039366 1728
68753039424 -18438
68753039425 -339252
68753039426 -170952
68753039427 2231328
68753039428 2187648
68753039429 312768
68753039488 -214284
68753039489 -567168
68753039490 3380928
68753039491 6361152
68753039492 2299104
68753039493 124416
68753039552 -426912
68753039553 1959336
68753039554 7353840
68753039555 4928976
68753039556 708192
68753039616 332592
68753039617 3487920
68753039618 3970512
68753039619 1057536
68753039680 510240
68753039681 1134432
68753039682 493344
68753039744 72576
68753039745 57024
68753043456 -6792
68753043457 -150048
68753043458 -108600
68753043459 600432
68753043460 689184
68753043461 104256
68753043520 -181164
68753043521 -412260
68753043522 1835208
68753043523 4121520
68753043524 1579104
68753043525 82944
68753043584 -403548
68753043585 1591392
68753043586 7479792
68753043587 5521680
68753043588 775584
68753043648 351264
68753043649 5153184
68753043650 6807168
68753043651 1848384
68753043712 1128384
68753043713 3093696
68753043714 1467936
68753043776 395136
68753043777 370368
68753043840 19008
68753047552 -55206
68753047553 -126894
68753047554 348396
68753047555 932136
68753047556 386352
68753047557 20736
68753047616 -206442
68753047617 599232
68753047618 3490800
68753047619 2841264
68753047620 404640
68753047680 182880
68753047681 3787536
68753047682 5744520
68753047683 1618416
68753047744 1209024
68753047745 4012344
68753047746 2069280
68753047808 816048
68753047809 888048
68753047872 98208
68753051648 -45924
68753051649 80688
68753051650 610032
68753051651 545040
68753051652 80928
68753051712 41280
68753051713 1367028
68753051714 2342088
68753051715 693792
68753051776 688404
68753051777 2693952
68753051778 1505520
68753051840 843120
68753051841 1042560
68753051904 194832
68753055744 1614
68753055745 193332
68753055746 368352
68753055747 115632
68753055808 201012
68753055809 905220
68753055810 545832
68753055872 467460
68753055873 644832
68753055936 194040
68753059840 23712
68753059841 120492
68753059842 77976
68753059904 133272
68753059905 201888
68753059968 103752
68753063936 15372
68753063937 25236
68753064000 28512
68753068032 3168
68769808384 216
68769808385 144
68769808386 -4608
68769808387 -10368
68769808388 33408
68769808389 11520
68769808448 864
68769808449 -15360
68769808450 -56064
68769808451 148992
68769808452 300672
68769808453 23040
68769808512 -7248
68769808513 -88512
68769808514 164376
68769808515 922896
68769808516 412128
68769808517 8640
68769808576 -51264
68769808577 -30576
68769808578 1078944
68769808579 1083648
68769808580 209088
68769808640 -78528
68769808641 478560
68769808642 1087584
68769808643 486432
68769808644 41472
68769808704 32640
68769808705 388704
68769808706 345600
68769808707 73728
68769808768 25344
68769808769 62208
68769808770 23040
68769812480 3552
68769812481 -13440
68769812482 -84864
68769812483 72960
68769812484 292608
68769812485 23040
68769812544 -21744
68769812545 -260208
68769812546 164304
68769812547 1792800
68769812548 836928
68769812549 17280
68769812608 -197976
68769812609 -202320
68769812610 3187728
68769812611 3498624
68769812612 635904
68769812672 -342528
68769812673 1976496
68769812674 4958736
68769812675 2223072
68769812676 162432
68769812736 276720
68769812737 2649024
68769812738 2397600
68769812739 463680
68769812800 391008
68769812801 844416
68769812802 311040
68769812864 62208
68769812865 46080
68769816576 -10710
68769816577 -182628
68769816578 -13536
68769816579 793440
68769816580 416736
68769816581 8640
68769816640 -261600
68769816641 -329376
68769816642 2884176
68769816643 3541248
68769816644 641088
68769816704 -528288
68769816705 2759160
68769816706 7819344
68769816707 3593376
68769816708 240192
68769816768 564816
68769816769 6039312
68769816770 5807088
68769816771 1063008
68769816832 1372848
68769816833 3187872
68769816834 1188288
68769816896 467712
68769816897 377856
68769816960 23040
68769820672 -108840
68769820673 -183336
68769820674 806496
68769820675 1125408
68769820676 214272
68769820736 -397068
68769820737 1576056
68769820738 5106768
68769820739 2461536
68769820740 158976
68769820800 494856
68769820801 6208368
68769820802 6413616
68769820803 1151136
68769820864 2073552
68769820865 5326848
68769820866 2035008
68769820928 1231200
68769820929 1084608
68769820992 140544
68769824768 -120162
68769824769 301980
68769824770 1175208
68769824771 604368
68769824772 39744
68769824832 179508
68769824833 2958744
68769824834 3292128
68769824835 597600
68769824896 1569600
68769824897 4448376
68769824898 1761552
68769824960 1566864
68769824961 1496160
68769825024 324288
68769828864 16800
68769828865 529368
68769828866 634896
68769828867 119520
68769828928 584388
68769828929 1814760
68769828930 751680
68769828992 1046808
68769828993 1076400
68769829056 372672
68769832960 84792
68769832961 287568
68769832962 125280
68769833024 353268
68769833025 388584
68769833088 228096
68769837056 47484
68769837057 55512
68769837120 71136
68769841152 8892
68786585601 -3240
68786585602 -5904
68786585603 29088
68786585604 23616
68786585664 -6504
68786585665 -36720
68786585666 116256
68786585667 334080
68786585668 47232
68786585728 -39504
68786585729 71112
68786585730 777168
68786585731 472968
68786585732 17712
68786585792 -47400
68786585793 590928
68786585794 944232
68786585795 240912
68786585856 90960
68786585857 632448
68786585858 433872
68786585859 48384
68786585920 96192
68786585921 209952
68786585922 66240
68786585984 17280
68786585985 14400
68786589696 -5232
68786589697 -58560
68786589698 60960
68786589699 323712
68786589700 47232
68786589760 -116328
68786589761 51264
68786589762 1525464
68786589763 967968
68786589764 35424
68786589824 -176544
68786589825 1780056
68786589826 3009168
68786589827 726192
68786589888 421584
68786589889 2851632
68786589890 1907856
68786589891 181440
68786589952 706032
68786589953 1405152
68786589954 396288
68786590016 246528
68786590017 184320
68786590080 14400
68786593792 -79728
68786593793 -42678
68786593794 689652
68786593795 484632
68786593796 17712
68786593856 -234078
68786593857 1654596
68786593858 3054960
68786593859 730944
68786593920 630204
68786593921 4505184
68786593922 3022920
68786593923 260064
68786593984 1654248
68786593985 3299760
68786593986 871776
68786594048 912096
68786594049 667584
68786594112 110880
68786597888 -111864
68786597889 464280
68786597890 983328
68786597891 245664
68786597952 358152
68786597953 2980368
68786597954 2061936
68786597955 169344
68786598016 1744368
68786598017 3591072
68786598018 918432
68786598080 1496448
68786598081 1097856
68786598144 300960
68786601984 58662
68786601985 695754
68786601986 509652
68786601987 42336
68786602048 849138
68786602049 1842156
68786602050 470880
68786602112 1242612
68786602113 927504
68786602176 399600
68786606080 153444
68786606081 358020
68786606082 94176
68786606144 508932
68786606145 391824
68786606208 281520
68786610176 81342
68786610177 65304
68786610240 100800
68786614272 14400
68803362816 -936
68803362817 -1440
68803362818 13536
68803362819 25344
68803362880 -10800
68803362881 44352
68803362882 211968
68803362883 50688
68803362944 2616
68803362945 331632
68803362946 314136
68803362947 19008
68803363008 109152
68803363009 422928
68803363010 165168
68803363072 130368
68803363073 203328
68803363074 34560
68803363136 46656
68803363137 32256
68803363200 3456
68803366912 -16992
68803366913 22464
68803366914 206208
68803366915 50688
68803366976 -19248
68803366977 658512
68803366978 647136
68803366979 38016
68803367040 339288
68803367041 1335456
68803367042 488592
68803367104 599472
68803367105 862848
68803367106 122688
68803367168 313344
68803367169 183744
68803367232 43776
68803371008 -30486
68803371009 301320
68803371010 327240
68803371011 19008
68803371072 318900
68803371073 1364256
68803371074 489024
68803371136 963888
68803371137 1339632
68803371138 168480
68803371200 724752
68803371201 385056
68803371264 151488
68803375104 84264
68803375105 444384
68803375106 165600
68803375168 648240
68803375169 910656
68803375170 107136
68803375232 783360
68803375233 391392
68803375296 238464
68803379200 152106
68803379201 226872
68803379202 26784
68803379264 403164
68803379265 197280
68803379328 195696
68803383296 78948
68803383297 39456
68803383360 81648
68803387392 13608
68820140032 -144
68820140033 3168
68820140034 14976
68820140096 5856
68820140097 72576
68820140098 29952
68820140160 55008
68820140161 113400
68820140162 11232
68820140224 74568
68820140225 62640
68820140288 37872
68820140289 13824
68820140352 6336
68820144128 1824
68820144129 71424
68820144130 29952
68820144192 110232
68820144193 234720
68820144194 22464
68820144256 235440
68820144257 181008
68820144320 157680
68820144321 46656
68820144384 35136
68820148224 50004
68820148225 120168
68820148226 11232
68820148288 242928
68820148289 179712
68820148352 241704
68820148353 61344
68820148416 70848
68820152320 79680
68820152321 61344
68820152384 164304
68820152385 38016
68820152448 69696
68820156416 41220
68820156417 9504
68820156480 34560
68820160512 6912
68836917248 288
68836917249 4608
68836917312 10368
68836917313 9216
68836917376 17064
68836917377 3456
68836917440 9936
68836917504 2304
68836921344 10368
68836921345 9216
68836921408 35424
68836921409 6912
68836921472 28080
68836921536 7488
68836925440 18360
68836925441 3456
68836925504 27648
68836925568 9504
68836929536 9504
68836929600 5760
68836933632 1440
68853694464 576
68853694528 1152
68853694592 432
68853698560 1152
68853698624 864
68853702656 432
69793218563 576
69793218564 2304
69793218565 -1152
69793218566 -6912
69793218626 1152
69793218627 2784
69793218628 -11520
69793218629 -9408
69793218630 28800
69793218689 1152
69793218690 672
69793218691 -21312
69793218692 16320
69793218693 157824
69793218694 56448
69793218752 576
69793218753 -3264
69793218754 -24768
69793218755 45120
69793218756 300480
69793218757 211488
69793218758 34560
69793218816 -1152
69793218817 -14400
69793218818 57792
69793218819 299904
69793218820 293472
69793218821 99648
69793218822 8064
69793218880 -2304
69793218881 30720
69793218882 159552
69793218883 184128
69793218884 87552
69793218885 14976
69793218944 4608
69793218945 29952
69793218946 40320
69793218947 21888
69793218948 4608
69793222657 288
69793222658 2640
69793222659 8544
69793222660 -20640
69793222661 -35328
69793222662 28800
69793222720 288
69793222721 1968
69793222722 6432
69793222723 -67488
69793222724 -83712
69793222725 286848
69793222726 112896
69793222784 2208
69793222785 -768
69793222786 -76704
69793222787 -49152
69793222788 856656
69793222789 711648
69793222790 103680
69793222848 -1248
69793222849 -67680
69793222850 25920
69793222851 1184880
69793222852 1488384
69793222853 498816
69793222854 32256
69793222912 -21696
69793222913 44928
69793222914 882720
69793222915 1412928
69793222916 739008
69793222917 110592
69793222976 15744
69793222977 308736
69793222978 600192
69793222979 406656
69793222980 93312
69793223040 29952
69793223041 80640
69793223042 65664
69793223043 18432
69793226752 864
69793226753 3552
69793226754 4080
69793226755 -43680
69793226756 -95616
69793226757 114624
69793226758 56448
69793226816 2688
69793226817 -13584
69793226818 -92688
69793226819 -210312
69793226820 678816
69793226821 732384
69793226822 103680
69793226880 -4896
69793226881 -84960
69793226882 -151128
69793226883 1451808
69793226884 2470032
69793226885 846720
69793226886 48384
69793226944 -38160
69793226945 -59184
69793226946 1500048
69793226947 3478320
69793226948 2013120
69793226949 276480
69793227008 -10080
69793227009 756576
69793227010 2272032
69793227011 1861632
69793227012 428544
69793227072 134208
69793227073 607680
69793227074 661824
69793227075 214272
69793227136 40320
69793227137 65664
69793227138 27648
69793230848 3312
69793230849 -7008
69793230850 -47172
69793230851 -112968
69793230852 151440
69793230853 232224
69793230854 34560
69793230912 -10368
69793230913 -79884
69793230914 -180288
69793230915 659328
69793230916 1628064
69793230917 595584
69793230918 32256
69793230976 -39432
69793230977 -107904
69793230978 1056816
69793230979 3660576
69793230980 2382336
69793230981 315648
69793231040 -37248
69793231041 749328
69793231042 3548112
69793231043 3508992
69793231044 817920
69793231104 193920
69793231105 1471680
69793231106 2095488
69793231107 741888
69793231168 191616
69793231169 453888
69793231170 232704
69793231232 21888
69793231233 18432
69793234944 -2592
69793234945 -32268
69793234946 -65388
69793234947 90768
69793234948 367056
69793234949 148032
69793234950 8064
69793235008 -29916
69793235009 -72036
69793235010 308880
69793235011 1713672
69793235012 1269504
69793235013 169344
69793235072 -28992
69793235073 346752
69793235074 2644200
69793235075 3145536
69793235076 758592
69793235136 128208
69793235137 1632672
69793235138 2985408
69793235139 1149120
69793235200 329184
69793235201 1080288
69793235202 646272
69793235264 111168
69793235265 120960
69793235328 4608
69793239040 -8688
69793239041 -21600
69793239042 25956
69793239043 293688
69793239044 248832
69793239045 34560
69793239104 -14364
69793239105 68508
69793239106 937584
69793239107 1332000
69793239108 338688
69793239168 41544
69793239169 922176
69793239170 2127168
69793239171 891648
69793239232 277776
69793239233 1219104
69793239234 834624
69793239296 207072
69793239297 276480
69793239360 24192
69793243136 -3684
69793243137 2784
69793243138 127380
69793243139 214272
69793243140 58176
69793243200 5340
69793243201 258732
69793243202 741456
69793243203 338688
69793243264 124608
69793243265 714240
69793243266 551808
69793243328 191088
69793243329 302400
69793243392 46080
69793247232 -84
69793247233 28656
69793247234 100800
69793247235 50112
69793247296 28548
69793247297 210528
69793247298 181440
69793247360 94464
69793247361 172800
69793247424 43200
69793251328 2628
69793251329 24732
69793251330 23544
69793251392 24048
69793251393 49896
69793251456 21600
69793255424 2484
69793255425 5760
69793255488 5544
69793259520 576
69809995777 432
69809995778 2592
69809995779 3552
69809995780 -23040
69809995781 -16512
69809995782 36864
69809995840 432
69809995841 3168
69809995842 -5280
69809995843 -117504
69809995844 -25920
69809995845 415872
69809995846 96768
69809995904 2592
69809995905 -5280
69809995906 -159360
69809995907 -10416
69809995908 1249824
69809995909 729216
69809995910 69120
69809995968 3552
69809995969 -117504
69809995970 -10416
69809995971 1701024
69809995972 1607520
69809995973 401472
69809995974 16128
69809996032 -23040
69809996033 -25920
69809996034 1249824
69809996035 1607520
69809996036 657792
69809996037 77184
69809996096 -16512
69809996097 415872
69809996098 729216
69809996099 401472
69809996100 77184
69809996160 36864
69809996161 96768
69809996162 69120
69809996163 16128
69809999872 1440
69809999873 12144
69809999874 4512
69809999875 -174720
69809999876 -182208
69809999877 385920
69809999878 96768
69809999936 12144
69809999937 -36480
69809999938 -498288
69809999939 -498816
69809999940 2337216
69809999941 1555200
69809999942 138240
69810000000 4512
69810000001 -498288
69810000002 -580704
69810000003 4942608
69810000004 5680320
69810000005 1377216
69810000006 48384
69810000064 -174720
69810000065 -498816
69810000066 4942608
69810000067 8352384
69810000068 3638016
69810000069 372096
69810000128 -182208
69810000129 2337216
69810000130 5680320
69810000131 3638016
69810000132 683136
69810000192 385920
69810000193 1555200
69810000194 1377216
69810000195 372096
69810000256 96768
69810000257 138240
69810000258 48384
69810003968 17952
69810003969 -28284
69810003970 -359016
69810003971 -498672
69810003972 950304
69810003973 777600
69810003974 69120
69810004032 -28284
69810004033 -732792
69810004034 -1127928
69810004035 4121616
69810004036 6000672
69810004037 1480896
69810004038 48384
69810004096 -359016
69810004097 -1127928
69810004098 6350448
69810004099 14186640
69810004100 6627744
69810004101 628992
69810004160 -498672
69810004161 4121616
69810004162 14186640
69810004163 10502784
69810004164 1927296
69810004224 950304
69810004225 6000672
69810004226 6627744
69810004227 1927296
69810004288 777600
69810004289 1480896
69810004290 628992
69810004352 69120
69810004353 48384
69810008064 -8112
69810008065 -348876
69810008066 -595968
69810008067 998112
69810008068 1927872
69810008069 505152
69810008070 16128
69810008128 -348876
69810008129 -1069632
69810008130 3191040
69810008131 9570144
69810008132 4868928
69810008133 450432
69810008192 -595968
69810008193 3191040
69810008194 15277728
69810008195 12978720
69810008196 2384064
69810008256 998112
69810008257 9570144
69810008258 12978720
69810008259 4005504
69810008320 1927872
69810008321 4868928
69810008322 2384064
69810008384 505152
69810008385 450432
69810008448 16128
69810012160 -114900
69810012161 -385656
69810012162 506544
69810012163 2214768
69810012164 1238688
69810012165 116352
69810012224 -385656
69810012225 1062648
69810012226 7390968
69810012227 7135920
69810012228 1344960
69810012288 506544
69810012289 7390968
69810012290 11995776
69810012291 3936960
69810012352 2214768
69810012353 7135920
69810012354 3936960
69810012416 1238688
69810012417 1344960
69810012480 116352
69810016256 -102744
69810016257 100284
69810016258 1318272
69810016259 1432080
69810016260 282240
69810016320 100284
69810016321 2750112
69810016322 5215104
69810016323 1826208
69810016384 1318272
69810016385 5215104
69810016386 3193344
69810016448 1432080
69810016449 1826208
69810016512 282240
69810020352 -828
69810020353 394980
69810020354 859320
69810020355 321408
69810020416 394980
69810020417 1863360
69810020418 1250784
69810020480 859320
69810020481 1250784
69810020544 321408
69810024448 47064
69810024449 259704
69810024450 189072
69810024512 259704
69810024513 421920
69810024576 189072
69810028544 31320
69810028545 55800
69810028608 55800
69810032640 6552
69826772992 648
69826772993 3168
69826772994 -6624
69826772995 -64992
69826772996 -2880
69826772997 179712
69826772998 4608
69826773056 3888
69826773057 -37920
69826773058 -280608
69826773059 7056
69826773060 1407456
69826773061 469440
69826773062 3456
69826773120 -9264
69826773121 -336864
69826773122 -102168
69826773123 3208800
69826773124 2385504
69826773125 312768
69826773184 -127968
69826773185 -315936
69826773186 3219696
69826773187 4057440
69826773188 1226592
69826773189 65664
69826773248 -174240
69826773249 1417344
69826773250 3084000
69826773251 1539648
69826773252 210816
69826773312 179136
69826773313 908352
69826773314 711360
69826773315 154944
69826773376 58752
69826773377 79488
69826773378 24192
69826777088 14688
69826777089 -35952
69826777090 -424776
69826777091 -318336
69826777092 1292544
69826777093 476928
69826777094 3456
69826777152 -45120
69826777153 -1045680
69826777154 -935280
69826777155 6123456
69826777156 5195520
69826777157 646272
69826777216 -581568
69826777217 -1510896
69826777218 9533088
69826777219 14362800
69826777220 4376736
69826777221 203904
69826777280 -915936
69826777281 5773680
69826777282 15772608
69826777283 8589600
69826777284 1075392
69826777344 1099680
69826777345 7076544
69826777346 6355296
69826777347 1431360
69826777408 942336
69826777409 1609344
69826777410 560448
69826777472 79488
69826777473 48384
69826781184 -21474
69826781185 -754704
69826781186 -957192
69826781187 2565600
69826781188 2621952
69826781189 331776
69826781248 -854412
69826781249 -2292624
69826781250 8326776
69826781251 15321120
69826781252 4843872
69826781253 210816
69826781312 -1656696
69826781313 7781712
69826781314 26850240
69826781315 15932880
69826781316 1897920
69826781376 2001456
69826781377 17685984
69826781378 18338688
69826781379 4203072
69826781440 3637152
69826781441 7664832
69826781442 2978784
69826781504 858240
69826781505 631872
69826781568 24192
69826785280 -375960
69826785281 -1170012
69826785282 2105928
69826785283 4990992
69826785284 1685088
69826785285 72576
69826785344 -1443576
69826785345 4054056
69826785346 18381600
69826785347 11922624
69826785348 1406016
69826785408 1549224
69826785409 19343904
69826785410 22876416
69826785411 5376672
69826785472 5884608
69826785473 14986944
69826785474 6365952
69826785536 2795616
69826785537 2435328
69826785600 226368
69826789376 -482214
69826789377 606300
69826789378 4337736
69826789379 3085056
69826789380 372672
69826789440 422460
69826789441 9579168
69826789442 12759336
69826789443 3115872
69826789504 4666776
69826789505 13965120
69826789506 6415488
69826789568 4100400
69826789569 4101552
69826789632 683136
69826793472 -8196
69826793473 1746156
69826793474 2602728
69826793475 667584
69826793536 1784400
69826793537 6156360
69826793538 3039120
69826793600 3026232
69826793601 3390192
69826793664 940752
69826797568 260940
69826797569 1031292
69826797570 544176
69826797632 1097496
69826797633 1350432
69826797696 653832
69826801664 155592
69826801665 207144
69826801728 223632
69826805760 29952
69843550208 1584
69843550209 -15264
69843550210 -79776
69843550211 28032
69843550212 366336
69843550213 23040
69843550272 -26976
69843550273 -289632
69843550274 42288
69843550275 2182752
69843550276 963648
69843550277 17280
69843550336 -204864
69843550337 -254112
69843550338 3748176
69843550339 3677184
69843550340 608256
69843550400 -316272
69843550401 2333760
69843550402 4824096
69843550403 1831968
69843550404 116352
69843550464 365472
69843550465 2438688
69843550466 1813824
69843550467 294912
69843550528 325248
69843550529 573120
69843550530 170496
69843550592 32256
69843550593 18432
69843554304 -24720
69843554305 -444816
69843554306 -296976
69843554307 2012832
69843554308 997056
69843554309 17280
69843554368 -627552
69843554369 -1085952
69843554370 7280064
69843554371 8099712
69843554372 1296000
69843554432 -1207728
69843554433 7074576
69843554434 16875792
69843554435 6579360
69843554436 369792
69843554496 1603536
69843554497 12328416
69843554498 9777312
69843554499 1503936
69843554560 2622528
69843554561 4948416
69843554562 1516032
69843554624 636480
69843554625 411264
69843554688 18432
69843558400 -438612
69843558401 -1022880
69843558402 3106512
69843558403 4137408
69843558404 684288
69843558464 -1646736
69843558465 6302328
69843558466 18102240
69843558467 7400160
69843558468 393984
69843558528 2207424
69843558529 21040272
69843558530 18009936
69843558531 2690496
69843558592 6635088
69843558593 13928832
69843558594 4402944
69843558656 2942496
69843558657 2107584
69843558720 231552
69843562496 -779820
69843562497 1529304
69843562498 5965584
69843562499 2623392
69843562500 140544
69843562560 1012008
69843562561 14567328
69843562562 13580352
69843562563 2036160
69843562624 7382160
69843562625 17277984
69843562626 5662944
69843562688 5658336
69843562689 4439232
69843562752 860544
69843566592 50376
69843566593 3465120
69843566594 3562704
69843566595 552960
69843566656 3700416
69843566657 9699480
69843566658 3328128
69843566720 5266800
69843566721 4478976
69843566784 1427040
69843570688 671892
69843570689 2000952
69843570690 725472
69843570752 2338632
69843570753 2142000
69843570816 1178496
69843574784 395532
69843574785 388512
69843574848 472608
69843578880 73224
69860327424 -7176
69860327425 -50832
69860327426 34464
69860327427 400896
69860327428 47232
69860327488 -113568
69860327489 -7344
69860327490 1784160
69860327491 1077264
69860327492 35424
69860327552 -180840
69860327553 2008416
69860327554 3063096
69860327555 663984
69860327616 492720
69860327617 2731008
69860327618 1549152
69860327619 122112
69860327680 632736
69860327681 1075392
69860327682 250560
69860327744 165312
69860327745 103104
69860327808 5760
69860331520 -170952
69860331521 -202080
69860331522 1661400
69860331523 1136160
69860331524 35424
69860331584 -569232
69860331585 3947856
69860331586 6780960
69860331587 1445472
69860331648 1543200
69860331649 9456432
69860331650 5457456
69860331651 385344
69860331712 3261984
69860331713 5554656
69860331714 1215936
69860331776 1411488
69860331777 859968
69860331840 122688
69860335616 -467934
69860335617 1666884
69860335618 3504816
69860335619 782784
69860335680 1328280
69860335681 10194816
69860335682 6162480
69860335683 416448
69860335744 5648088
69860335745 10047600
69860335746 2134080
69860335808 3884544
69860335809 2385216
69860335872 592992
69860339712 241896
69860339713 3377232
69860339714 2216880
69860339715 153216
69860339776 3946368
69860339777 7581600
69860339778 1621440
69860339840 4780224
69860339841 3007008
69860339904 1198656
69860343808 929826
69860343809 2006172
69860343810 448128
69860343872 2690280
69860343873 1766880
69860343936 1187856
69860347904 557604
69860347905 389232
69860347968 567072
69860352000 103536
69877104640 -14160
69877104641 14400
69877104642 248832
69877104643 50688
69877104704 -26064
69877104705 743328
69877104706 692784
69877104707 38016
69877104768 377040
69877104769 1329264
69877104770 433296
69877104832 568320
69877104833 708768
69877104834 82944
69877104896 243072
69877104897 122112
69877104960 25344
69877108736 -76560
69877108737 697680
69877108738 743904
69877108739 38016
69877108800 740880
69877108801 2946240
69877108802 949536
69877108864 1974768
69877108865 2419776
69877108866 250560
69877108928 1227744
69877108929 554688
69877108992 202752
69877112832 290292
69877112833 1535904
69877112834 523584
69877112896 2145408
69877112897 2717568
69877112898 267840
69877112960 2189520
69877112961 933696
69877113024 534528
69877116928 706992
69877116929 985536
69877116930 100224
69877116992 1650528
69877116993 699840
69877117056 652320
69877121024 437868
69877121025 194688
69877121088 379008
69877125120 83664
69893881856 1248
69893881857 82944
69893881858 29952
69893881920 121536
69893881921 241776
69893881922 22464
69893881984 230616
69893881985 158544
69893882048 131904
69893882049 33408
69893882112 24768
69893885952 113688
69893885953 263520
69893885954 22464
69893886016 511776
69893886017 344736
69893886080 438480
69893886081 95040
69893886144 107136
69893890048 267696
69893890049 191808
69893890112 488592
69893890113 98496
69893890176 172800
69893894144 177552
69893894145 36864
69893894208 126720
69893898240 35136
69910659072 11520
69910659073 9216
69910659136 35280
69910659137 6912
69910659200 24624
69910659264 5760
69910663168 38880
69910663169 6912
69910663232 52704
69910663296 15552
69910667264 29376
69910667328 15552
69910671360 5760
69927436288 1152
69927436352 864
69927440384 864
70866960385 216
70866960386 1872
70866960387 1488
70866960388 -22560
70866960389 -41568
70866960390 5184
70866960448 216
70866960449 1584
70866960450 -7440
70866960451 -70656
70866960452 -63744
70866960453 186624
70866960454 79488
70866960512 720
70866960513 -11520
70866960514 -73632
70866960515 44712
70866960516 647280
70866960517 471648
70866960518 72576
70866960576 -3456
70866960577 -44928
70866960578 143304
70866960579 871344
70866960580 853824
70866960581 271584
70866960582 19008
70866960640 -8064
70866960641 99648
70866960642 573840
70866960643 662688
70866960644 300384
70866960645 47232
70866960704 19584
70866960705 146304
70866960706 197280
70866960707 102528
70866960708 20736
70866960768 2304
70866960769 4608
70866960770 1728
70866964480 720
70866964481 6288
70866964482 -1200
70866964483 -122448
70866964484 -217152
70866964485 127296
70866964486 79488
70866964544 4704
70866964545 -28368
70866964546 -263064
70866964547 -355488
70866964548 1087872
70866964549 1021632
70866964550 145152
70866964608 -8448
70866964609 -205320
70866964610 -37872
70866964611 2561952
70866964612 3213936
70866964613 1010880
70866964614 57024
70866964672 -64224
70866964673 123744
70866964674 2550192
70866964675 4001616
70866964676 1975104
70866964677 268416
70866964736 46080
70866964737 1108224
70866964738 2162016
70866964739 1406304
70866964740 303552
70866964800 144000
70866964801 397440
70866964802 311040
70866964803 82944
70866964864 4608
70866964865 3456
70866968576 7968
70866968577 -18438
70866968578 -214284
70866968579 -426912
70866968580 332592
70866968581 510240
70866968582 72576
70866968640 -21654
70866968641 -339252
70866968642 -567168
70866968643 1959336
70866968644 3487920
70866968645 1134432
70866968646 57024
70866968704 -136644
70866968705 -170952
70866968706 3380928
70866968707 7353840
70866968708 3970512
70866968709 493344
70866968768 -14880
70866968769 2231328
70866968770 6361152
70866968771 4928976
70866968772 1057536
70866968832 481248
70866968833 2187648
70866968834 2299104
70866968835 708192
70866968896 197856
70866968897 312768
70866968898 124416
70866968960 1728
70866972672 -6792
70866972673 -181164
70866972674 -403548
70866972675 351264
70866972676 1128384
70866972677 395136
70866972678 19008
70866972736 -150048
70866972737 -412260
70866972738 1591392
70866972739 5153184
70866972740 3093696
70866972741 370368
70866972800 -108600
70866972801 1835208
70866972802 7479792
70866972803 6807168
70866972804 1467936
70866972864 600432
70866972865 4121520
70866972866 5521680
70866972867 1848384
70866972928 689184
70866972929 1579104
70866972930 775584
70866972992 104256
70866972993 82944
70866976768 -55206
70866976769 -206442
70866976770 182880
70866976771 1209024
70866976772 816048
70866976773 98208
70866976832 -126894
70866976833 599232
70866976834 3787536
70866976835 4012344
70866976836 888048
70866976896 348396
70866976897 3490800
70866976898 5744520
70866976899 2069280
70866976960 932136
70866976961 2841264
70866976962 1618416
70866977024 386352
70866977025 404640
70866977088 20736
70866980864 -45924
70866980865 41280
70866980866 688404
70866980867 843120
70866980868 194832
70866980928 80688
70866980929 1367028
70866980930 2693952
70866980931 1042560
70866980992 610032
70866980993 2342088
70866980994 1505520
70866981056 545040
70866981057 693792
70866981120 80928
70866984960 1614
70866984961 201012
70866984962 467460
70866984963 194040
70866985024 193332
70866985025 905220
70866985026 644832
70866985088 368352
70866985089 545832
70866985152 115632
70866989056 23712
70866989057 133272
70866989058 103752
70866989120 120492
70866989121 201888
70866989184 77976
70866993152 15372
70866993153 28512
70866993216 25236
70866997248 3168
70883737600 648
70883737601 3888
70883737602 -9264
70883737603 -127968
70883737604 -174240
70883737605 179136
70883737606 58752
70883737664 3168
70883737665 -37920
70883737666 -336864
70883737667 -315936
70883737668 1417344
70883737669 908352
70883737670 79488
70883737728 -6624
70883737729 -280608
70883737730 -102168
70883737731 3219696
70883737732 3084000
70883737733 711360
70883737734 24192
70883737792 -64992
70883737793 7056
70883737794 3208800
70883737795 4057440
70883737796 1539648
70883737797 154944
70883737856 -2880
70883737857 1407456
70883737858 2385504
70883737859 1226592
70883737860 210816
70883737920 179712
70883737921 469440
70883737922 312768
70883737923 65664
70883737984 4608
70883737985 3456
70883741696 14688
70883741697 -45120
70883741698 -581568
70883741699 -915936
70883741700 1099680
70883741701 942336
70883741702 79488
70883741760 -35952
70883741761 -1045680
70883741762 -1510896
70883741763 5773680
70883741764 7076544
70883741765 1609344
70883741766 48384
70883741824 -424776
70883741825 -935280
70883741826 9533088
70883741827 15772608
70883741828 6355296
70883741829 560448
70883741888 -318336
70883741889 6123456
70883741890 14362800
70883741891 8589600
70883741892 1431360
70883741952 1292544
70883741953 5195520
70883741954 4376736
70883741955 1075392
70883742016 476928
70883742017 646272
70883742018 203904
70883742080 3456
70883745792 -21474
70883745793 -854412
70883745794 -1656696
70883745795 2001456
70883745796 3637152
70883745797 858240
70883745798 24192
70883745856 -754704
70883745857 -2292624
70883745858 7781712
70883745859 17685984
70883745860 7664832
70883745861 631872
70883745920 -957192
70883745921 8326776
70883745922 26850240
70883745923 18338688
70883745924 2978784
70883745984 2565600
70883745985 15321120
70883745986 15932880
70883745987 4203072
70883746048 2621952
70883746049 4843872
70883746050 1897920
70883746112 331776
70883746113 210816
70883749888 -375960
70883749889 -1443576
70883749890 1549224
70883749891 5884608
70883749892 2795616
70883749893 226368
70883749952 -1170012
70883749953 4054056
70883749954 19343904
70883749955 14986944
70883749956 2435328
70883750016 2105928
70883750017 18381600
70883750018 22876416
70883750019 6365952
70883750080 4990992
70883750081 11922624
70883750082 5376672
70883750144 1685088
70883750145 1406016
70883750208 72576
70883753984 -482214
70883753985 422460
70883753986 4666776
70883753987 4100400
70883753988 683136
70883754048 606300
70883754049 9579168
70883754050 13965120
70883754051 4101552
70883754112 4337736
70883754113 12759336
70883754114 6415488
70883754176 3085056
70883754177 3115872
70883754240 372672
70883758080 -8196
70883758081 1784400
70883758082 3026232
70883758083 940752
70883758144 1746156
70883758145 6156360
70883758146 3390192
70883758208 2602728
70883758209 3039120
70883758272 667584
70883762176 260940
70883762177 1097496
70883762178 653832
70883762240 1031292
70883762241 1350432
70883762304 544176
70883766272 155592
70883766273 223632
70883766336 207144
70883770368 29952
70900514816 3168
70900514817 -31920
70900514818 -252192
70900514819 -287640
70900514820 674064
70900514821 284832
70900514822 1728
70900514880 -31920
70900514881 -549024
70900514882 -560808
70900514883 3544368
70900514884 2857824
70900514885 355968
70900514944 -252192
70900514945 -560808
70900514946 5705280
70900514947 7181328
70900514948 2015712
70900514949 91584
70900515008 -287640
70900515009 3544368
70900515010 7181328
70900515011 3254688
70900515012 370944
70900515072 674064
70900515073 2857824
70900515074 2015712
70900515075 370944
70900515136 284832
70900515137 355968
70900515138 91584
70900515200 1728
70900518912 -38400
70900518913 -929064
70900518914 -1498464
70900518915 2915760
70900518916 3039264
70900518917 373248
70900518976 -929064
70900518977 -2603328
70900518978 10604304
70900518979 16882128
70900518980 4869216
70900518981 196992
70900519040 -1498464
70900519041 10604304
70900519042 27817056
70900519043 13974912
70900519044 1486080
70900519104 2915760
70900519105 16882128
70900519106 13974912
70900519107 2707200
70900519168 3039264
70900519169 4869216
70900519170 1486080
70900519232 373248
70900519233 196992
70900523008 -730920
70900523009 -2530092
70900523010 3864408
70900523011 8838912
70900523012 2716992
70900523013 105408
70900523072 -2530092
70900523073 8744952
70900523074 31611744
70900523075 17546256
70900523076 1812384
70900523136 3864408
70900523137 31611744
70900523138 30349872
70900523139 6053472
70900523200 8838912
70900523201 17546256
70900523202 6053472
70900523264 2716992
70900523265 1812384
70900523328 105408
70900527104 -1379784
70900527105 1558488
70900527106 10665792
70900527107 6614640
70900527108 690336
70900527168 1558488
70900527169 23046240
70900527170 25423200
70900527171 5256000
70900527232 10665792
70900527233 25423200
70900527234 9623232
70900527296 6614640
70900527297 5256000
70900527360 690336
70900531200 -60300
70900531201 5584812
70900531202 7123536
70900531203 1546272
70900531264 5584812
70900531265 15786216
70900531266 6474672
70900531328 7123536
70900531329 6474672
70900531392 1546272
70900535296 1024656
70900535297 3480768
70900535298 1539072
70900535360 3480768
70900535361 3528000
70900535424 1539072
70900539392 628236
70900539393 698832
70900539456 698832
70900543488 118080
70917292032 -19728
70917292033 -227712
70917292034 -251016
70917292035 1082448
70917292036 580320
70917292037 8640
70917292096 -288000
70917292097 -569328
70917292098 4059072
70917292099 4264704
70917292100 675648
70917292160 -491688
70917292161 4062384
70917292162 8089968
70917292163 2807712
70917292164 143424
70917292224 1017984
70917292225 5490432
70917292226 3572064
70917292227 448128
70917292288 1048608
70917292289 1576224
70917292290 372096
70917292352 145728
70917292353 69120
70917296128 -473688
70917296129 -1300752
70917296130 3448080
70917296131 4635648
70917296132 746496
70917296192 -1663632
70917296193 7633680
70917296194 19151376
70917296195 7079328
70917296196 338688
70917296256 3021456
70917296257 20986272
70917296258 15190848
70917296259 1910592
70917296320 6143088
70917296321 10461600
70917296322 2650752
70917296384 1887264
70917296385 1040832
70917296448 76032
70917300224 -1426668
70917300225 2667888
70917300226 10136496
70917300227 4104000
70917300228 196992
70917300288 2219064
70917300289 23936928
70917300290 19387440
70917300291 2485728
70917300352 11498016
70917300353 22440096
70917300354 6069600
70917300416 6564816
70917300417 4120704
70917300480 651456
70917304320 89880
70917304321 8066880
70917304322 7467408
70917304323 1003680
70917304384 8369808
70917304385 18921600
70917304386 5471424
70917304448 9416160
70917304449 6595776
70917304512 1830240
70917308416 1976076
70917308417 5359104
70917308418 1670976
70917308480 5860152
70917308481 4531824
70917308544 2249856
70917312512 1295712
70917312513 1102896
70917312576 1239408
70917316608 249120
70934069248 -80208
70934069249 -135288
70934069250 893520
70934069251 638856
70934069252 17712
70934069312 -262872
70934069313 2149584
70934069314 3437496
70934069315 708912
70934069376 896688
70934069377 4437456
70934069378 2228544
70934069379 127872
70934069440 1440720
70934069441 2048256
70934069442 342720
70934069504 460800
70934069505 221184
70934069568 22464
70934073344 -502800
70934073345 1832856
70934073346 3800592
70934073347 822960
70934073408 1630944
70934073409 10484592
70934073410 5701680
70934073411 330048
70934073472 5491152
70934073473 8390016
70934073474 1443456
70934073536 2939904
70934073537 1448064
70934073600 309312
70934077440 427308
70934077441 5560128
70934077442 3389544
70934077443 208224
70934077504 6264696
70934077505 10672272
70934077506 1932192
70934077568 6165504
70934077569 3219840
70934077632 1143648
70934081536 2066592
70934081537 4143168
70934081538 811872
70934081600 5173920
70934081601 2917440
70934081664 1777248
70934085632 1461780
70934085633 907200
70934085696 1216656
70934089728 298080
70950846464 -39240
70950846465 371376
70950846466 401688
70950846467 19008
70950846528 404160
70950846529 1447344
70950846530 440208
70950846592 916464
70950846593 975456
70950846594 76032
70950846656 462816
70950846657 164160
70950846720 56448
70950850560 328152
70950850561 1616544
70950850562 530064
70950850624 2160432
70950850625 2466432
70950850626 202176
70950850688 1829664
70950850689 639360
70950850752 341568
70950854656 1135632
70950854657 1479312
70950854658 133920
70950854720 2300688
70950854721 839520
70950854784 718272
70950858752 889920
70950858753 356256
70950858816 637056
70950862848 197568
70967623680 60192
70967623681 136440
70967623682 11232
70967623744 245592
70967623745 153360
70967623808 177696
70967623809 29376
70967623872 34560
70967627776 275184
70967627777 187920
70967627840 439056
70967627841 74304
70967627904 123840
70967631872 262440
70967631873 49248
70967631936 155520
70967635968 65088
70984400896 19368
70984400897 3456
70984400960 22896
70984401024 5184
70984404992 28080
70984405056 12096
70984409088 7776
71001178112 432
71940702208 216
71940702209 864
71940702210 -7248
71940702211 -51264
71940702212 -78528
71940702213 32640
71940702214 25344
71940702272 144
71940702273 -15360
71940702274 -88512
71940702275 -30576
71940702276 478560
71940702277 388704
71940702278 62208
71940702336 -4608
71940702337 -56064
71940702338 164376
71940702339 1078944
71940702340 1087584
71940702341 345600
71940702342 23040
71940702400 -10368
71940702401 148992
71940702402 922896
71940702403 1083648
71940702404 486432
71940702405 73728
71940702464 33408
71940702465 300672
71940702466 412128
71940702467 209088
71940702468 41472
71940702528 11520
71940702529 23040
71940702530 8640
71940706304 3552
71940706305 -21744
71940706306 -197976
71940706307 -342528
71940706308 276720
71940706309 391008
71940706310 62208
71940706368 -13440
71940706369 -260208
71940706370 -202320
71940706371 1976496
71940706372 2649024
71940706373 844416
71940706374 46080
71940706432 -84864
71940706433 164304
71940706434 3187728
71940706435 4958736
71940706436 2397600
71940706437 311040
71940706496 72960
71940706497 1792800
71940706498 3498624
71940706499 2223072
71940706500 463680
71940706560 292608
71940706561 836928
71940706562 635904
71940706563 162432
71940706624 23040
71940706625 17280
71940710400 -10710
71940710401 -261600
71940710402 -528288
71940710403 564816
71940710404 1372848
71940710405 467712
71940710406 23040
71940710464 -182628
71940710465 -329376
71940710466 2759160
71940710467 6039312
71940710468 3187872
71940710469 377856
71940710528 -13536
71940710529 2884176
71940710530 7819344
71940710531 5807088
71940710532 1188288
71940710592 793440
71940710593 3541248
71940710594 3593376
71940710595 1063008
71940710656 416736
71940710657 641088
71940710658 240192
71940710720 8640
71940714496 -108840
71940714497 -397068
71940714498 494856
71940714499 2073552
71940714500 1231200
71940714501 140544
71940714560 -183336
71940714561 1576056
71940714562 6208368
71940714563 5326848
71940714564 1084608
71940714624 806496
71940714625 5106768
71940714626 6413616
71940714627 2035008
71940714688 1125408
71940714689 2461536
71940714690 1151136
71940714752 214272
71940714753 158976
71940718592 -120162
71940718593 179508
71940718594 1569600
71940718595 1566864
71940718596 324288
71940718656 301980
71940718657 2958744
71940718658 4448376
71940718659 1496160
71940718720 1175208
71940718721 3292128
71940718722 1761552
71940718784 604368
71940718785 597600
71940718848 39744
71940722688 16800
71940722689 584388
71940722690 1046808
71940722691 372672
71940722752 529368
71940722753 1814760
71940722754 1076400
71940722816 634896
71940722817 751680
71940722880 119520
71940726784 84792
71940726785 353268
71940726786 228096
71940726848 287568
71940726849 388584
71940726912 125280
71940730880 47484
71940730881 71136
71940730944 55512
71940734976 8892
71957479424 1584
71957479425 -26976
71957479426 -204864
71957479427 -316272
71957479428 365472
71957479429 325248
71957479430 32256
71957479488 -15264
71957479489 -289632
71957479490 -254112
71957479491 2333760
71957479492 2438688
71957479493 573120
71957479494 18432
71957479552 -79776
71957479553 42288
71957479554 3748176
71957479555 4824096
71957479556 1813824
71957479557 170496
71957479616 28032
71957479617 2182752
71957479618 3677184
71957479619 1831968
71957479620 294912
71957479680 366336
71957479681 963648
71957479682 608256
71957479683 116352
71957479744 23040
71957479745 17280
71957483520 -24720
71957483521 -627552
71957483522 -1207728
71957483523 1603536
71957483524 2622528
71957483525 636480
71957483526 18432
71957483584 -444816
71957483585 -1085952
71957483586 7074576
71957483587 12328416
71957483588 4948416
71957483589 411264
71957483648 -296976
71957483649 7280064
71957483650 16875792
71957483651 9777312
71957483652 1516032
71957483712 2012832
71957483713 8099712
71957483714 6579360
71957483715 1503936
71957483776 997056
71957483777 1296000
71957483778 369792
71957483840 17280
71957487616 -438612
71957487617 -1646736
71957487618 2207424
71957487619 6635088
71957487620 2942496
71957487621 231552
71957487680 -1022880
71957487681 6302328
71957487682 21040272
71957487683 13928832
71957487684 2107584
71957487744 3106512
71957487745 18102240
71957487746 18009936
71957487747 4402944
71957487808 4137408
71957487809 7400160
71957487810 2690496
71957487872 684288
71957487873 393984
71957491712 -779820
71957491713 1012008
71957491714 7382160
71957491715 5658336
71957491716 860544
71957491776 1529304
71957491777 14567328
71957491778 17277984
71957491779 4439232
71957491840 5965584
71957491841 13580352
71957491842 5662944
71957491904 2623392
71957491905 2036160
71957491968 140544
71957495808 50376
71957495809 3700416
71957495810 5266800
71957495811 1427040
71957495872 3465120
71957495873 9699480
71957495874 4478976
71957495936 3562704
71957495937 3328128
71957496000 552960
71957499904 671892
71957499905 2338632
71957499906 1178496
71957499968 2000952
71957499969 2142000
71957500032 725472
71957504000 395532
71957504001 472608
71957504064 388512
71957508096 73224
71974256640 -19728
71974256641 -288000
71974256642 -491688
71974256643 1017984
71974256644 1048608
71974256645 145728
71974256704 -227712
71974256705 -569328
71974256706 4062384
71974256707 5490432
71974256708 1576224
71974256709 69120
71974256768 -251016
71974256769 4059072
71974256770 8089968
71974256771 3572064
71974256772 372096
71974256832 1082448
71974256833 4264704
71974256834 2807712
71974256835 448128
71974256896 580320
71974256897 675648
71974256898 143424
71974256960 8640
71974260736 -473688
71974260737 -1663632
71974260738 3021456
71974260739 6143088
71974260740 1887264
71974260741 76032
71974260800 -1300752
71974260801 7633680
71974260802 20986272
71974260803 10461600
71974260804 1040832
71974260864 3448080
71974260865 19151376
71974260866 15190848
71974260867 2650752
71974260928 4635648
71974260929 7079328
71974260930 1910592
71974260992 746496
71974260993 338688
71974264832 -1426668
71974264833 2219064
71974264834 11498016
71974264835 6564816
71974264836 651456
71974264896 2667888
71974264897 23936928
71974264898 22440096
71974264899 4120704
71974264960 10136496
71974264961 19387440
71974264962 6069600
71974265024 4104000
71974265025 2485728
71974265088 196992
71974268928 89880
71974268929 8369808
71974268930 9416160
71974268931 1830240
71974268992 8066880
71974268993 18921600
71974268994 6595776
71974269056 7467408
71974269057 5471424
71974269120 1003680
71974273024 1976076
71974273025 5860152
71974273026 2249856
71974273088 5359104
71974273089 4531824
71974273152 1670976
71974277120 1295712
71974277121 1239408
71974277184 1102896
71974281216 249120
71991033856 -135840
71991033857 -393600
71991033858 1215888
71991033859 1567488
71991033860 276480
71991033920 -393600
71991033921 2871264
71991033922 5988864
71991033923 2111328
71991033924 103680
71991033984 1215888
71991033985 5988864
71991033986 3659040
71991033987 387072
71991034048 1567488
71991034049 2111328
71991034050 387072
71991034112 276480
71991034113 103680
71991037952 -866112
71991037953 2132400
71991037954 6851856
71991037955 2700000
71991037956 131328
71991038016 2132400
71991038017 15448896
71991038018 11008800
71991038019 1267776
71991038080 6851856
71991038081 11008800
71991038082 2403072
71991038144 2700000
71991038145 1267776
71991038208 131328
71991042048 332664
71991042049 8455440
71991042050 7141968
71991042051 887040
71991042112 8455440
71991042113 16303680
71991042114 4033728
71991042176 7141968
71991042177 4033728
71991042240 887040
71991046144 2852256
71991046145 6912288
71991046146 1913760
71991046208 6912288
71991046209 4527360
71991046272 1913760
71991050240 2127384
71991050241 1597536
71991050304 1597536
71991054336 442944
72007811072 -140376
72007811073 652608
72007811074 1249512
72007811075 285840
72007811136 642192
72007811137 3200160
72007811138 1591200
72007811139 82944
72007811200 1563408
72007811201 1996704
72007811202 247680
72007811264 614592
72007811265 217728
72007811328 35136
72007815168 409680
72007815169 3686256
72007815170 2129040
72007815171 126144
72007815232 3984192
72007815233 5915232
72007815234 899136
72007815296 3036384
72007815297 1247616
72007815360 374400
72007819264 2133480
72007819265 3870576
72007819266 684288
72007819328 4409280
72007819329 2108160
72007819392 1109664
72007823360 1850688
72007823361 1027296
72007823424 1224000
72007827456 432432
72024588288 121872
72024588289 516816
72024588290 172080
72024588352 651744
72024588353 660960
72024588354 41472
72024588416 441504
72024588417 108288
72024588480 57600
72024592384 745968
72024592385 897984
72024592386 74304
72024592448 1264032
72024592449 378432
72024592512 290304
72024596480 818640
72024596481 293760
72024596544 465408
72024600576 223776
72041365504 86088
72041365505 57456
72041365568 115776
72041365569 13824
72041365632 23040
72041369600 155952
72041369601 25920
72041369664 71424
72041373696 53568
72058142720 8208
72058142784 2304
72058146816 4032
73014444033 -6504
73014444034 -39504
73014444035 -47400
73014444036 90960
73014444037 96192
73014444038 17280
73014444096 -3240
73014444097 -36720
73014444098 71112
73014444099 590928
73014444100 632448
73014444101 209952
73014444102 14400
73014444160 -5904
73014444161 116256
73014444162 777168
73014444163 944232
73014444164 433872
73014444165 66240
73014444224 29088
73014444225 334080
73014444226 472968
73014444227 240912
73014444228 48384
73014444288 23616
73014444289 47232
73014444290 17712
73014448128 -5232
73014448129 -116328
73014448130 -176544
73014448131 421584
73014448132 706032
73014448133 246528
73014448134 14400
73014448192 -58560
73014448193 51264
73014448194 1780056
73014448195 2851632
73014448196 1405152
73014448197 184320
73014448256 60960
73014448257 1525464
73014448258 3009168
73014448259 1907856
73014448260 396288
73014448320 323712
73014448321 967968
73014448322 726192
73014448323 181440
73014448384 47232
73014448385 35424
73014452224 -79728
73014452225 -234078
73014452226 630204
73014452227 1654248
73014452228 912096
73014452229 110880
73014452288 -42678
73014452289 1654596
73014452290 4505184
73014452291 3299760
73014452292 667584
73014452352 689652
73014452353 3054960
73014452354 3022920
73014452355 871776
73014452416 484632
73014452417 730944
73014452418 260064
73014452480 17712
73014456320 -111864
73014456321 358152
73014456322 1744368
73014456323 1496448
73014456324 300960
73014456384 464280
73014456385 2980368
73014456386 3591072
73014456387 1097856
73014456448 983328
73014456449 2061936
73014456450 918432
73014456512 245664
73014456513 169344
73014460416 58662
73014460417 849138
73014460418 1242612
73014460419 399600
73014460480 695754
73014460481 1842156
73014460482 927504
73014460544 509652
73014460545 470880
73014460608 42336
73014464512 153444
73014464513 508932
73014464514 281520
73014464576 358020
73014464577 391824
73014464640 94176
73014468608 81342
73014468609 100800
73014468672 65304
73014472704 14400
73031221248 -7176
73031221249 -113568
73031221250 -180840
73031221251 492720
73031221252 632736
73031221253 165312
73031221254 5760
73031221312 -50832
73031221313 -7344
73031221314 2008416
73031221315 2731008
73031221316 1075392
73031221317 103104
73031221376 34464
73031221377 1784160
73031221378 3063096
73031221379 1549152
73031221380 250560
73031221440 400896
73031221441 1077264
73031221442 663984
73031221443 122112
73031221504 47232
73031221505 35424
73031225344 -170952
73031225345 -569232
73031225346 1543200
73031225347 3261984
73031225348 1411488
73031225349 122688
73031225408 -202080
73031225409 3947856
73031225410 9456432
73031225411 5554656
73031225412 859968
73031225472 1661400
73031225473 6780960
73031225474 5457456
73031225475 1215936
73031225536 1136160
73031225537 1445472
73031225538 385344
73031225600 35424
73031229440 -467934
73031229441 1328280
73031229442 5648088
73031229443 3884544
73031229444 592992
73031229504 1666884
73031229505 10194816
73031229506 10047600
73031229507 2385216
73031229568 3504816
73031229569 6162480
73031229570 2134080
73031229632 782784
73031229633 416448
73031233536 241896
73031233537 3946368
73031233538 4780224
73031233539 1198656
73031233600 3377232
73031233601 7581600
73031233602 3007008
73031233664 2216880
73031233665 1621440
73031233728 153216
73031237632 929826
73031237633 2690280
73031237634 1187856
73031237696 2006172
73031237697 1766880
73031237760 448128
73031241728 557604
73031241729 567072
73031241792 389232
73031245824 103536
73047998464 -80208
73047998465 -262872
73047998466 896688
73047998467 1440720
73047998468 460800
73047998469 22464
73047998528 -135288
73047998529 2149584
73047998530 4437456
73047998531 2048256
73047998532 221184
73047998592 893520
73047998593 3437496
73047998594 2228544
73047998595 342720
73047998656 638856
73047998657 708912
73047998658 127872
73047998720 17712
73048002560 -502800
73048002561 1630944
73048002562 5491152
73048002563 2939904
73048002564 309312
73048002624 1832856
73048002625 10484592
73048002626 8390016
73048002627 1448064
73048002688 3800592
73048002689 5701680
73048002690 1443456
73048002752 822960
73048002753 330048
73048006656 427308
73048006657 6264696
73048006658 6165504
73048006659 1143648
73048006720 5560128
73048006721 10672272
73048006722 3219840
73048006784 3389544
73048006785 1932192
73048006848 208224
73048010752 2066592
73048010753 5173920
73048010754 1777248
73048010816 4143168
73048010817 2917440
73048010880 811872
73048014848 1461780
73048014849 1216656
73048014912 907200
73048018944 298080
73064775680 -140376
73064775681 642192
73064775682 1563408
73064775683 614592
73064775684 35136
73064775744 652608
73064775745 3200160
73064775746 1996704
73064775747 217728
73064775808 1249512
73064775809 1591200
73064775810 247680
73064775872 285840
73064775873 82944
73064779776 409680
73064779777 3984192
73064779778 3036384
73064779779 374400
73064779840 3686256
73064779841 5915232
73064779842 1247616
73064779904 2129040
73064779905 899136
73064779968 126144
73064783872 2133480
73064783873 4409280
73064783874 1109664
73064783936 3870576
73064783937 2108160
73064784000 684288
73064787968 1850688
73064787969 1224000
73064788032 1027296
73064792064 432432
73081552896 141792
73081552897 825264
73081552898 452016
73081552899 28800
73081552960 825264
73081552961 1034208
73081552962 120960
73081553024 452016
73081553025 120960
73081553088 28800
73081556992 1009536
73081556993 1594080
73081556994 258048
73081557056 1594080
73081557057 611712
73081557120 258048
73081561088 1167408
73081561089 571392
73081561152 571392
73081565184 328896
73098330112 166032
73098330113 180576
73098330114 13824
73098330176 220320
73098330177 44352
73098330240 31680
73098334208 332640
73098334209 103104
73098334272 136512
73098338304 123264
73115107328 30384
73115107329 4032
73115107392 8640
73115111424 18432
73131884544 576
74088185856 -936
74088185857 -10800
74088185858 2616
74088185859 109152
74088185860 130368
74088185861 46656
74088185862 3456
74088185920 -1440
74088185921 44352
74088185922 331632
74088185923 422928
74088185924 203328
74088185925 32256
74088185984 13536
74088185985 211968
74088185986 314136
74088185987 165168
74088185988 34560
74088186048 25344
74088186049 50688
74088186050 19008
74088189952 -16992
74088189953 -19248
74088189954 339288
74088189955 599472
74088189956 313344
74088189957 43776
74088190016 22464
74088190017 658512
74088190018 1335456
74088190019 862848
74088190020 183744
74088190080 206208
74088190081 647136
74088190082 488592
74088190083 122688
74088190144 50688
74088190145 38016
74088194048 -30486
74088194049 318900
74088194050 963888
74088194051 724752
74088194052 151488
74088194112 301320
74088194113 1364256
74088194114 1339632
74088194115 385056
74088194176 327240
74088194177 489024
74088194178 168480
74088194240 19008
74088198144 84264
74088198145 648240
74088198146 783360
74088198147 238464
74088198208 444384
74088198209 910656
74088198210 391392
74088198272 165600
74088198273 107136
74088202240 152106
74088202241 403164
74088202242 195696
74088202304 226872
74088202305 197280
74088202368 26784
74088206336 78948
74088206337 81648
74088206400 39456
74088210432 13608
74104963072 -14160
74104963073 -26064
74104963074 377040
74104963075 568320
74104963076 243072
74104963077 25344
74104963136 14400
74104963137 743328
74104963138 1329264
74104963139 708768
74104963140 122112
74104963200 248832
74104963201 692784
74104963202 433296
74104963203 82944
74104963264 50688
74104963265 38016
74104967168 -76560
74104967169 740880
74104967170 1974768
74104967171 1227744
74104967172 202752
74104967232 697680
74104967233 2946240
74104967234 2419776
74104967235 554688
74104967296 743904
74104967297 949536
74104967298 250560
74104967360 38016
74104971264 290292
74104971265 2145408
74104971266 2189520
74104971267 534528
74104971328 1535904
74104971329 2717568
74104971330 933696
74104971392 523584
74104971393 267840
74104975360 706992
74104975361 1650528
74104975362 652320
74104975424 985536
74104975425 699840
74104975488 100224
74104979456 437868
74104979457 379008
74104979520 194688
74104983552 83664
74121740288 -39240
74121740289 404160
74121740290 916464
74121740291 462816
74121740292 56448
74121740352 371376
74121740353 1447344
74121740354 975456
74121740355 164160
74121740416 401688
74121740417 440208
74121740418 76032
74121740480 19008
74121744384 328152
74121744385 2160432
74121744386 1829664
74121744387 341568
74121744448 1616544
74121744449 2466432
74121744450 639360
74121744512 530064
74121744513 202176
74121748480 1135632
74121748481 2300688
74121748482 718272
74121748544 1479312
74121748545 839520
74121748608 133920
74121752576 889920
74121752577 637056
74121752640 356256
74121756672 197568
74138517504 121872
74138517505 651744
74138517506 441504
74138517507 57600
74138517568 516816
74138517569 660960
74138517570 108288
74138517632 172080
74138517633 41472
74138521600 745968
74138521601 1264032
74138521602 290304
74138521664 897984
74138521665 378432
74138521728 74304
74138525696 818640
74138525697 465408
74138525760 293760
74138529792 223776
74155294720 166032
74155294721 220320
74155294722 31680
74155294784 180576
74155294785 44352
74155294848 13824
74155298816 332640
74155298817 136512
74155298880 103104
74155302912 123264
74172071936 45216
74172071937 10368
74172072000 10368
74172076032 28800
74188849152 1728
75161927680 -144
75161927681 5856
75161927682 55008
75161927683 74568
75161927684 37872
75161927685 6336
75161927744 3168
75161927745 72576
75161927746 113400
75161927747 62640
75161927748 13824
75161927808 14976
75161927809 29952
75161927810 11232
75161931776 1824
75161931777 110232
75161931778 235440
75161931779 157680
75161931780 35136
75161931840 71424
75161931841 234720
75161931842 181008
75161931843 46656
75161931904 29952
75161931905 22464
75161935872 50004
75161935873 242928
75161935874 241704
75161935875 70848
75161935936 120168
75161935937 179712
75161935938 61344
75161936000 11232
75161939968 79680
75161939969 164304
75161939970 69696
75161940032 61344
75161940033 38016
75161944064 41220
75161944065 34560
75161944128 9504
75161948160 6912
75178704896 1248
75178704897 121536
75178704898 230616
75178704899 131904
75178704900 24768
75178704960 82944
75178704961 241776
75178704962 158544
75178704963 33408
75178705024 29952
75178705025 22464
75178708992 113688
75178708993 511776
75178708994 438480
75178708995 107136
75178709056 263520
75178709057 344736
75178709058 95040
75178709120 22464
75178713088 267696
75178713089 488592
75178713090 172800
75178713152 191808
75178713153 98496
75178717184 177552
75178717185 126720
75178717248 36864
75178721280 35136
75195482112 60192
75195482113 245592
75195482114 177696
75195482115 34560
75195482176 136440
75195482177 153360
75195482178 29376
75195482240 11232
75195486208 275184
75195486209 439056
75195486210 123840
75195486272 187920
75195486273 74304
75195490304 262440
75195490305 155520
75195490368 49248
75195494400 65088
75212259328 86088
75212259329 115776
75212259330 23040
75212259392 57456
75212259393 13824
75212263424 155952
75212263425 71424
75212263488 25920
75212267520 53568
75229036544 30384
75229036545 8640
75229036608 4032
75229040640 18432
75245813760 1728
76235669504 288
76235669505 10368
76235669506 17064
76235669507 9936
76235669508 2304
76235669568 4608
76235669569 9216
76235669570 3456
76235673600 10368
76235673601 35424
76235673602 28080
76235673603 7488
76235673664 9216
76235673665 6912
76235677696 18360
76235677697 27648
76235677698 9504
76235677760 3456
76235681792 9504
76235681793 5760
76235685888 1440
76252446720 11520
76252446721 35280
76252446722 24624
76252446723 5760
76252446784 9216
76252446785 6912
76252450816 38880
76252450817 52704
76252450818 15552
76252450880 6912
76252454912 29376
76252454913 15552
76252459008 5760
76269223936 19368
76269223937 22896
76269223938 5184
76269224000 3456
76269228032 28080
76269228033 12096
76269232128 7776
76286001152 8208
76286001153 2304
76286005248 4032
76302778368 576
77309411328 576
77309411329 1152
77309411330 432
77309415424 1152
77309415425 864
77309419520 432
77326188544 1152
77326188545 864
77326192640 864
77342965760 432
137438953475 -736
137438953476 832
137438953477 2880
137438953478 -3456
137438953538 -2160
137438953539 2016
137438953540 10368
137438953541 -9408
137438953542 14400
137438953601 -2160
137438953602 2944
137438953603 19104
137438953604 -14464
137438953605 74592
137438953606 28224
137438953664 -736
137438953665 2016
137438953666 19104
137438953667 -20096
137438953668 138768
137438953669 110688
137438953670 17280
137438953728 832
137438953729 10368
137438953730 -14464
137438953731 138768
137438953732 162432
137438953733 55296
137438953734 4032
137438953792 2880
137438953793 -9408
137438953794 74592
137438953795 110688
137438953796 55296
137438953797 9216
137438953856 -3456
137438953857 14400
137438953858 28224
137438953859 17280
137438953860 4032
137438957569 -24
137438957570 -1504
137438957571 4032
137438957572 4704
137438957573 -16608
137438957574 14400
137438957632 -24
137438957633 -3536
137438957634 8224
137438957635 19456
137438957636 -56192
137438957637 135360
137438957638 56448
137438957696 -1504
137438957697 8224
137438957698 36512
137438957699 -91112
137438957700 383904
137438957701 362592
137438957702 51840
137438957760 4032
137438957761 19456
137438957762 -91112
137438957763 517872
137438957764 784224
137438957765 264960
137438957766 16128
137438957824 4704
137438957825 -56192
137438957826 383904
137438957827 784224
137438957828 426816
137438957829 62208
137438957888 -16608
137438957889 135360
137438957890 362592
137438957891 264960
137438957892 62208
137438957952 14400
137438957953 56448
137438957954 51840
137438957955 16128
137438961664 120
137438961665 -800
137438961666 3952
137438961667 3016
137438961668 -40336
137438961669 53568
137438961670 28224
137438961728 -800
137438961729 2464
137438961730 19484
137438961731 -112680
137438961732 297648
137438961733 364896
137438961734 51840
137438961792 3952
137438961793 19484
137438961794 -141464
137438961795 601128
137438961796 1250928
137438961797 437184
137438961798 24192
137438961856 3016
137438961857 -112680
137438961858 601128
137438961859 1817280
137438961860 1097280
137438961861 148608
137438961920 -40336
137438961921 297648
137438961922 1250928
137438961923 1097280
137438961924 255744
137438961984 53568
137438961985 364896
137438961986 437184
137438961987 148608
137438962048 28224
137438962049 51840
137438962050 24192
137438965760 640
137438965761 -918
137438965762 -1616
137438965763 -42528
137438965764 66624
137438965765 112992
137438965766 17280
137438965824 -918
137438965825 -828
137438965826 -85000
137438965827 265200
137438965828 796608
137438965829 300672
137438965830 16128
137438965888 -1616
137438965889 -85000
137438965890 394776
137438965891 1821408
137438965892 1244160
137438965893 164736
137438965952 -42528
137438965953 265200
137438965954 1821408
137438965955 1931904
137438965956 457344
137438966016 66624
137438966017 796608
137438966018 1244160
137438966019 457344
137438966080 112992
137438966081 300672
137438966082 164736
137438966144 17280
137438966145 16128
137438969856 -530
137438969857 -5530
137438969858 -21088
137438969859 37344
137438969860 174528
137438969861 73152
137438969862 4032
137438969920 -5530
137438969921 -30936
137438969922 111060
137438969923 820872
137438969924 640224
137438969925 86400
137438969984 -21088
137438969985 111060
137438969986 1287936
137438969987 1644768
137438969988 405216
137438970048 37344
137438970049 820872
137438970050 1644768
137438970051 656640
137438970112 174528
137438970113 640224
137438970114 405216
137438970176 73152
137438970177 86400
137438970240 4032
137438973952 -2230
137438973953 -6090
137438973954 9936
137438973955 136728
137438973956 121824
137438973957 17280
137438974016 -6090
137438974017 20628
137438974018 439416
137438974019 668736
137438974020 174528
137438974080 9936
137438974081 439416
137438974082 1108512
137438974083 482112
137438974144 136728
137438974145 668736
137438974146 482112
137438974208 121824
137438974209 174528
137438974272 17280
137438978048 -1078
137438978049 1002
137438978050 58116
137438978051 104112
137438978052 29088
137438978112 1002
137438978113 118656
137438978114 370224
137438978115 175392
137438978176 58116
137438978177 370224
137438978178 300096
137438978240 104112
137438978241 175392
137438978304 29088
137438982144 -30
137438982145 12816
137438982146 48672
137438982147 25056
137438982208 12816
137438982209 104544
137438982210 94176
137438982272 48672
137438982273 94176
137438982336 25056
137438986240 1152
137438986241 11880
137438986242 11772
137438986304 11880
137438986305 25920
137438986368 11772
137438990336 1188
137438990337 2880
137438990400 2880
137438994432 288
137455730689 -144
137455730690 -288
137455730691 3136
137455730692 -192
137455730693 -13056
137455730694 18432
137455730752 -144
137455730753 -480
137455730754 8736
137455730755 -8064
137455730756 -52608
137455730757 199296
137455730758 48384
137455730816 336
137455730817 14816
137455730818 864
137455730819 -119008
137455730820 584064
137455730821 384192
137455730822 34560
137455730880 10080
137455730881 576
137455730882 -160032
137455730883 781200
137455730884 912960
137455730885 226368
137455730886 8064
137455730944 3648
137455730945 -125312
137455730946 553248
137455730947 994272
137455730948 429408
137455730949 46080
137455731008 -42816
137455731009 160128
137455731010 499200
137455731011 313632
137455731012 60480
137455731072 5184
137455731073 79488
137455731074 72576
137455731075 19008
137455734784 120
137455734785 3328
137455734786 14304
137455734787 -29280
137455734788 -103584
137455734789 175104
137455734790 48384
137455734848 4384
137455734849 20864
137455734850 -68064
137455734851 -358592
137455734852 1022400
137455734853 782208
137455734854 69120
137455734912 26848
137455734913 -64832
137455734914 -571080
137455734915 2086032
137455734916 2982816
137455734917 736128
137455734918 24192
137455734976 -25088
137455734977 -548128
137455734978 1997088
137455734979 4662576
137455734980 2145888
137455734981 208512
137455735040 -212960
137455735041 853824
137455735042 3416688
137455735043 2433600
137455735044 451584
137455735104 107136
137455735105 1036416
137455735106 1095552
137455735107 309888
137455735168 79488
137455735169 145152
137455735170 57024
137455738880 7264
137455738881 6536
137455738882 -75312
137455738883 -233008
137455738884 396000
137455738885 373824
137455738886 34560
137455738944 13048
137455738945 -156452
137455738946 -621984
137455738947 1635936
137455738948 2950560
137455738949 758592
137455738950 24192
137455739008 -78904
137455739009 -771496
137455739010 2370720
137455739011 7265856
137455739012 3620160
137455739013 336960
137455739072 -391296
137455739073 1372104
137455739074 7667088
137455739075 6271920
137455739076 1151136
137455739136 245280
137455739137 3469296
137455739138 4455216
137455739139 1337472
137455739200 497472
137455739201 1177632
137455739202 538272
137455739264 72576
137455739265 57024
137455742976 4722
137455742977 -91372
137455742978 -241104
137455742979 385680
137455742980 897984
137455742981 248832
137455742982 8064
137455743040 -94032
137455743041 -511028
137455743042 1140552
137455743043 4579248
137455743044 2497824
137455743045 232704
137455743104 -349972
137455743105 988224
137455743106 7590960
137455743107 7097328
137455743108 1324512
137455743168 222864
137455743169 4984128
137455743170 7725888
137455743171 2468160
137455743232 1067616
137455743233 3245184
137455743234 1690272
137455743296 395712
137455743297 388800
137455743360 19008
137455747072 -33514
137455747073 -146048
137455747074 182928
137455747075 1006464
137455747076 602784
137455747077 58176
137455747136 -174576
137455747137 319776
137455747138 3447912
137455747139 3638880
137455747140 705600
137455747200 95940
137455747201 3562584
137455747202 6515208
137455747203 2224080
137455747264 1111752
137455747265 4203720
137455747266 2456640
137455747328 812304
137455747329 958320
137455747392 99936
137455751168 -39006
137455751169 31632
137455751170 587760
137455751171 690480
137455751172 141120
137455751232 13296
137455751233 1253916
137455751234 2639304
137455751235 964224
137455751296 617172
137455751297 2806272
137455751298 1814832
137455751360 832608
137455751361 1141632
137455751424 200016
137455755264 -1866
137455755265 173508
137455755266 411480
137455755267 160704
137455755328 176340
137455755329 936252
137455755330 661752
137455755392 458028
137455755393 711072
137455755456 200088
137455759360 20424
137455759361 123732
137455759362 94536
137455759424 129672
137455759425 223200
137455759488 107208
137455763456 14868
137455763457 27900
137455763520 29484
137455767552 3276
137472507904 72
137472507905 1344
137472507906 1872
137472507907 -17856
137472507908 -18432
137472507909 87552
137472507910 2304
137472507968 3120
137472507969 1728
137472507970 -76260
137472507971 -82464
137472507972 656928
137472507973 235008
137472507974 1728
137472508032 10336
137472508033 -87516
137472508034 -218760
137472508035 1469544
137472508036 1270944
137472508037 163296
137472508096 -34200
137472508097 -312480
137472508098 1437960
137472508099 2341872
137472508100 740736
137472508101 36288
137472508160 -151120
137472508161 560256
137472508162 1929744
137472508163 1090368
137472508164 144288
137472508224 27360
137472508225 613152
137472508226 607968
137472508227 143136
137472508288 38016
137472508289 93312
137472508290 34560
137472512000 8432
137472512001 7530
137472512002 -123780
137472512003 -194064
137472512004 569376
137472512005 234144
137472512006 1728
137472512064 13306
137472512065 -307188
137472512066 -634920
137472512067 2612400
137472512068 2594304
137472512069 328320
137472512128 -174316
137472512129 -1035624
137472512130 3922680
137472512131 7543776
137472512132 2425536
137472512133 108864
137472512192 -627632
137472512193 2124768
137472512194 8833200
137472512195 5348880
137472512196 661248
137472512256 238704
137472512257 4225440
137472512258 4547952
137472512259 1067328
137472512320 591840
137472512321 1385280
137472512322 542880
137472512384 93312
137472512385 69120
137472516096 10540
137472516097 -234228
137472516098 -442824
137472516099 1051776
137472516100 1235808
137472516101 164160
137472516160 -270940
137472516161 -1166460
137472516162 3263328
137472516163 7444800
137472516164 2506176
137472516165 108864
137472516224 -932540
137472516225 2713776
137472516226 13665960
137472516227 8945568
137472516228 1075968
137472516288 421056
137472516289 9471288
137472516290 11431728
137472516291 2721456
137472516352 2033472
137472516353 5445504
137472516354 2301552
137472516416 730656
137472516417 621792
137472516480 34560
137472520192 -120080
137472520193 -485076
137472520194 818880
137472520195 2283936
137472520196 821376
137472520197 36288
137472520256 -671944
137472520257 1386300
137472520258 8691936
137472520259 6153552
137472520260 745344
137472520320 299868
137472520321 9501168
137472520322 12775680
137472520323 3132432
137472520384 2988504
137472520385 9230976
137472520386 4206816
137472520448 1949904
137472520449 1899360
137472520512 222048
137472524288 -194794
137472524289 213546
137472524290 1945968
137472524291 1487016
137472524292 186336
137472524352 57438
137472524353 4417656
137472524354 6533136
137472524355 1668960
137472524416 2204040
137472524417 7711344
137472524418 3772584
137472524480 2483064
137472524481 2719080
137472524544 529488
137472528384 -13314
137472528385 772356
137472528386 1244880
137472528387 333792
137472528448 801828
137472528449 3125700
137472528450 1632528
137472528512 1650492
137472528513 1993824
137472528576 619848
137472532480 113952
137472532481 490752
137472532482 272088
137472532544 553068
137472532545 725004
137472532608 382860
137472536576 73800
137472536577 103572
137472536640 119808
137472540672 14976
137489285120 1328
137489285121 -1760
137489285122 -30816
137489285123 -9408
137489285124 173952
137489285125 11520
137489285184 -1824
137489285185 -105000
137489285186 -55848
137489285187 997488
137489285188 482976
137489285189 8640
137489285248 -72732
137489285249 -220072
137489285250 1688184
137489285251 1961424
137489285252 331776
137489285312 -206384
137489285313 1000128
137489285314 2762448
137489285315 1158912
137489285316 72000
137489285376 96528
137489285377 1484784
137489285378 1319616
137489285379 225504
137489285440 196416
137489285441 493344
137489285442 172224
137489285504 34560
137489285505 28800
137489289216 3306
137489289217 -156564
137489289218 -177888
137489289219 875232
137489289220 481248
137489289221 8640
137489289280 -222368
137489289281 -620000
137489289282 3084048
137489289283 4008384
137489289284 668736
137489289344 -679136
137489289345 2832792
137489289346 8786592
137489289347 3742848
137489289348 212544
137489289408 437400
137489289409 6780000
137489289410 6241968
137489289411 1005696
137489289472 1478496
137489289473 3590496
137489289474 1228320
137489289536 541152
137489289537 430272
137489289600 28800
137489293312 -150932
137489293313 -457696
137489293314 1284624
137489293315 1923840
137489293316 335232
137489293376 -790212
137489293377 2442312
137489293378 8713152
137489293379 3853440
137489293380 210816
137489293440 596208
137489293441 10569024
137489293442 10250208
137489293443 1608768
137489293504 3429096
137489293505 8794512
137489293506 3035088
137489293568 2094192
137489293569 1739520
137489293632 243648
137489297408 -327612
137489297409 597744
137489297410 2710608
137489297411 1267776
137489297412 70272
137489297472 254628
137489297473 6829536
137489297474 7023600
137489297475 1105920
137489297536 3541968
137489297537 9713376
137489297538 3429936
137489297600 3500496
137489297601 3078432
137489297664 708192
137489301504 966
137489301505 1551036
137489301506 1706544
137489301507 276480
137489301568 1683300
137489301569 4967712
137489301570 1813680
137489301632 2914200
137489301633 2712168
137489301696 982800
137489305600 296448
137489305601 953208
137489305602 362736
137489305664 1186380
137489305665 1165536
137489305728 709128
137489309696 187776
137489309697 194256
137489309760 256284
137489313792 36612
137506062336 -1112
137506062337 -22512
137506062338 1488
137506062339 186048
137506062340 23616
137506062400 -45588
137506062401 -33168
137506062402 803340
137506062403 540432
137506062404 17712
137506062464 -106720
137506062465 891900
137506062466 1626264
137506062467 375192
137506062528 190560
137506062529 1536048
137506062530 997272
137506062531 82656
137506062592 367152
137506062593 773136
137506062594 201024
137506062656 135648
137506062657 105120
137506062720 8640
137506066432 -64176
137506066433 -107526
137506066434 720180
137506066435 541080
137506066436 17712
137506066496 -286670
137506066497 1666260
137506066498 3329712
137506066499 755136
137506066560 567204
137506066561 4866624
137506066562 3144744
137506066563 235872
137506066624 1738968
137506066625 3545712
137506066626 854784
137506066688 1000512
137506066689 715392
137506066752 128160
137506070528 -205060
137506070529 695196
137506070530 1617984
137506070531 380592
137506070592 475044
137506070593 4872672
137506070594 3217752
137506070595 229824
137506070656 2781912
137506070657 5726664
137506070658 1323648
137506070720 2428560
137506070721 1693872
137506070784 496368
137506074624 86220
137506074625 1532484
137506074626 1065672
137506074627 76608
137506074688 1829700
137506074689 3917160
137506074690 896256
137506074752 2674584
137506074753 1862064
137506074816 846432
137506078720 415674
137506078721 958266
137506078722 224064
137506078784 1373562
137506078785 973080
137506078848 729288
137506082816 265266
137506082817 194616
137506082880 310608
137506086912 51768
137522839552 -6480
137522839553 2016
137522839554 113472
137522839555 25344
137522839616 -16584
137522839617 331848
137522839618 347760
137522839619 19008
137522839680 163788
137522839681 700416
137522839682 249480
137522839744 313200
137522839745 452592
137522839746 57888
137522839808 169776
137522839809 96480
137522839872 24768
137522843648 -36726
137522843649 303048
137522843650 351432
137522843651 19008
137522843712 307572
137522843713 1439136
137522843714 499392
137522843776 1003584
137522843777 1393488
137522843778 158112
137522843840 771696
137522843841 391680
137522843904 165024
137522847744 119916
137522847745 707904
137522847746 253584
137522847808 1018656
137522847809 1417968
137522847810 150336
137522847872 1239048
137522847873 585216
137522847936 377712
137522851840 320820
137522851841 473040
137522851842 50112
137522851904 849960
137522851905 389376
137522851968 404784
137522855936 209106
137522855937 97344
137522856000 209160
137522860032 41832
137539616768 -48
137539616769 37440
137539616770 14976
137539616832 53964
137539616833 121392
137539616834 11232
137539616896 120600
137539616897 91368
137539616960 82584
137539616961 22752
137539617024 18720
137539620864 49428
137539620865 124200
137539620866 11232
137539620928 249264
137539620929 181440
137539620992 250344
137539620993 59616
137539621056 73728
137539624960 123552
137539624961 92880
137539625024 254232
137539625025 55296
137539625088 107136
137539629056 85320
137539629057 18432
137539629120 70272
137539633152 17568
137556393984 5184
137556393985 4608
137556394048 17712
137556394049 3456
137556394112 14040
137556394176 3744
137556398080 18360
137556398081 3456
137556398144 27648
137556398208 9504
137556402176 14256
137556402240 8640
137556406272 2880
137573171200 576
137573171264 432
137573175296 432
138512695297 -144
138512695298 336
138512695299 10080
138512695300 3648
138512695301 -42816
138512695302 5184
138512695360 -144
138512695361 -480
138512695362 14816
138512695363 576
138512695364 -125312
138512695365 160128
138512695366 79488
138512695424 -288
138512695425 8736
138512695426 864
138512695427 -160032
138512695428 553248
138512695429 499200
138512695430 72576
138512695488 3136
138512695489 -8064
138512695490 -119008
138512695491 781200
138512695492 994272
138512695493 313632
138512695494 19008
138512695552 -192
138512695553 -52608
138512695554 584064
138512695555 912960
138512695556 429408
138512695557 60480
138512695616 -13056
138512695617 199296
138512695618 384192
138512695619 226368
138512695620 46080
138512695680 18432
138512695681 48384
138512695682 34560
138512695683 8064
138512699392 120
138512699393 4384
138512699394 26848
138512699395 -25088
138512699396 -212960
138512699397 107136
138512699398 79488
138512699456 3328
138512699457 20864
138512699458 -64832
138512699459 -548128
138512699460 853824
138512699461 1036416
138512699462 145152
138512699520 14304
138512699521 -68064
138512699522 -571080
138512699523 1997088
138512699524 3416688
138512699525 1095552
138512699526 57024
138512699584 -29280
138512699585 -358592
138512699586 2086032
138512699587 4662576
138512699588 2433600
138512699589 309888
138512699648 -103584
138512699649 1022400
138512699650 2982816
138512699651 2145888
138512699652 451584
138512699712 175104
138512699713 782208
138512699714 736128
138512699715 208512
138512699776 48384
138512699777 69120
138512699778 24192
138512703488 7264
138512703489 13048
138512703490 -78904
138512703491 -391296
138512703492 245280
138512703493 497472
138512703494 72576
138512703552 6536
138512703553 -156452
138512703554 -771496
138512703555 1372104
138512703556 3469296
138512703557 1177632
138512703558 57024
138512703616 -75312
138512703617 -621984
138512703618 2370720
138512703619 7667088
138512703620 4455216
138512703621 538272
138512703680 -233008
138512703681 1635936
138512703682 7265856
138512703683 6271920
138512703684 1337472
138512703744 396000
138512703745 2950560
138512703746 3620160
138512703747 1151136
138512703808 373824
138512703809 758592
138512703810 336960
138512703872 34560
138512703873 24192
138512707584 4722
138512707585 -94032
138512707586 -349972
138512707587 222864
138512707588 1067616
138512707589 395712
138512707590 19008
138512707648 -91372
138512707649 -511028
138512707650 988224
138512707651 4984128
138512707652 3245184
138512707653 388800
138512707712 -241104
138512707713 1140552
138512707714 7590960
138512707715 7725888
138512707716 1690272
138512707776 385680
138512707777 4579248
138512707778 7097328
138512707779 2468160
138512707840 897984
138512707841 2497824
138512707842 1324512
138512707904 248832
138512707905 232704
138512707968 8064
138512711680 -33514
138512711681 -174576
138512711682 95940
138512711683 1111752
138512711684 812304
138512711685 99936
138512711744 -146048
138512711745 319776
138512711746 3562584
138512711747 4203720
138512711748 958320
138512711808 182928
138512711809 3447912
138512711810 6515208
138512711811 2456640
138512711872 1006464
138512711873 3638880
138512711874 2224080
138512711936 602784
138512711937 705600
138512712000 58176
138512715776 -39006
138512715777 13296
138512715778 617172
138512715779 832608
138512715780 200016
138512715840 31632
138512715841 1253916
138512715842 2806272
138512715843 1141632
138512715904 587760
138512715905 2639304
138512715906 1814832
138512715968 690480
138512715969 964224
138512716032 141120
138512719872 -1866
138512719873 176340
138512719874 458028
138512719875 200088
138512719936 173508
138512719937 936252
138512719938 711072
138512720000 411480
138512720001 661752
138512720064 160704
138512723968 20424
138512723969 129672
138512723970 107208
138512724032 123732
138512724033 223200
138512724096 94536
138512728064 14868
138512728065 29484
138512728128 27900
138512732160 3276
138529472512 144
138529472513 5376
138529472514 22944
138529472515 -44592
138529472516 -192864
138529472517 169920
138529472518 58752
138529472576 5376
138529472577 22048
138529472578 -161352
138529472579 -574112
138529472580 1256640
138529472581 946944
138529472582 79488
138529472640 22944
138529472641 -161352
138529472642 -733104
138529472643 2794560
138529472644 3449856
138529472645 792000
138529472646 24192
138529472704 -44592
138529472705 -574112
138529472706 2794560
138529472707 5025984
138529472708 2021472
138529472709 184320
138529472768 -192864
138529472769 1256640
138529472770 3449856
138529472771 2021472
138529472772 336384
138529472832 169920
138529472833 946944
138529472834 792000
138529472835 184320
138529472896 58752
138529472897 79488
138529472898 24192
138529476608 18928
138529476609 39476
138529476610 -296088
138529476611 -935264
138529476612 924864
138529476613 945216
138529476614 79488
138529476672 39476
138529476673 -643096
138529476674 -2189184
138529476675 4573344
138529476676 7337664
138529476677 1708416
138529476678 48384
138529476736 -296088
138529476737 -2189184
138529476738 7327872
138529476739 17348592
138529476740 7474464
138529476741 626688
138529476800 -935264
138529476801 4573344
138529476802 17348592
138529476803 11704320
138529476804 1912320
138529476864 924864
138529476865 7337664
138529476866 7474464
138529476867 1912320
138529476928 945216
138529476929 1708416
138529476930 626688
138529476992 79488
138529476993 48384
138529480704 32632
138529480705 -523340
138529480706 -1583520
138529480707 1494384
138529480708 3551712
138529480709 876672
138529480710 24192
138529480768 -523340
138529480769 -2858432
138529480770 5450472
138529480771 17829504
138529480772 8329824
138529480773 676224
138529480832 -1583520
138529480833 5450472
138529480834 28593888
138529480835 21939984
138529480836 3575232
138529480896 1494384
138529480897 17829504
138529480898 21939984
138529480899 6004224
138529480960 3551712
138529480961 8329824
138529480962 3575232
138529481024 876672
138529481025 676224
138529481088 24192
138529484800 -246540
138529484801 -1324076
138529484802 996456
138529484803 5577648
138529484804 2854368
138529484805 233856
138529484864 -1324076
138529484865 2329440
138529484866 18899712
138529484867 16308576
138529484868 2709504
138529484928 996456
138529484929 18899712
138529484930 27319968
138529484931 7939584
138529484992 5577648
138529484993 16308576
138529484994 7939584
138529485056 2854368
138529485057 2709504
138529485120 233856
138529488896 -434004
138529488897 161724
138529488898 4308048
138529488899 4153248
138529488900 716256
138529488960 161724
138529488961 9085488
138529488962 15083352
138529488963 4648896
138529489024 4308048
138529489025 15083352
138529489026 8137152
138529489088 4153248
138529489089 4648896
138529489152 716256
138529492992 -52920
138529492993 1609788
138529492994 3036744
138529492995 991872
138529493056 1609788
138529493057 6583392
138529493058 3868992
138529493120 3036744
138529493121 3868992
138529493184 991872
138529497088 230376
138529497089 1091988
138529497090 690192
138529497152 1091988
138529497153 1541952
138529497216 690192
138529501184 153720
138529501185 235872
138529501248 235872
138529505280 31536
138546249728 6912
138546249729 9120
138546249730 -148692
138546249731 -328848
138546249732 626400
138546249733 285120
138546249734 1728
138546249792 9056
138546249793 -395496
138546249794 -919992
138546249795 3141792
138546249796 3012768
138546249797 369792
138546249856 -205776
138546249857 -1169640
138546249858 4907448
138546249859 8163024
138546249860 2408256
138546249861 101952
138546249920 -606256
138546249921 2861856
138546249922 8953632
138546249923 4643712
138546249924 518688
138546249984 433248
138546249985 4036032
138546249986 3564288
138546249987 712512
138546250048 508032
138546250049 946944
138546250050 301824
138546250112 48384
138546250113 27648
138546253824 26254
138546253825 -625392
138546253826 -1530456
138546253827 2458704
138546253828 3032640
138546253829 378432
138546253888 -708764
138546253889 -3293160
138546253890 8439864
138546253891 17531904
138546253892 5356512
138546253893 210816
138546253952 -2201232
138546253953 7738344
138546253954 30673008
138546253955 17306928
138546253956 1843488
138546254016 1627104
138546254017 20167056
138546254018 20139264
138546254019 4124448
138546254080 4058112
138546254081 8701632
138546254082 3047040
138546254144 1009152
138546254145 686592
138546254208 27648
138546257920 -511144
138546257921 -2422236
138546257922 2939472
138546257923 8592192
138546257924 2803968
138546257925 108864
138546257984 -2842792
138546257985 5838336
138546257986 31819248
138546257987 19567296
138546257988 2060928
138546258048 1820976
138546258049 33453048
138546258050 37613520
138546258051 7905744
138546258112 9978864
138546258113 25052976
138546258114 9571680
138546258176 4791744
138546258177 3801600
138546258240 370944
138546262016 -1274668
138546262017 886932
138546262018 10092624
138546262019 6809904
138546262020 732672
138546262080 394416
138546262081 22421184
138546262082 28180944
138546262083 6138144
138546262144 10759752
138546262145 31094640
138546262146 12810240
138546262208 9253872
138546262209 8377920
138546262272 1439424
138546266112 -218946
138546266113 5151348
138546266114 7269120
138546266115 1657296
138546266176 5228508
138546266177 17286264
138546266178 7620120
138546266240 8558280
138546266241 8628336
138546266304 2441664
138546270208 918636
138546270209 3518244
138546270210 1652040
138546270272 3762072
138546270273 4145544
138546270336 2034144
138546274304 629712
138546274305 748620
138546274368 816408
138546278400 126072
138563026944 -576
138563026945 -166296
138563026946 -284664
138563026947 990000
138563026948 581472
138563026949 8640
138563027008 -238752
138563027009 -775424
138563027010 3579552
138563027011 4509792
138563027012 730944
138563027072 -692328
138563027073 3402576
138563027074 9164832
138563027075 3543264
138563027076 184896
138563027136 661296
138563027137 6688176
138563027138 5279040
138563027139 737568
138563027200 1370112
138563027201 2791008
138563027202 801216
138563027264 362880
138563027265 240192
138563027328 11520
138563031040 -352772
138563031041 -1297760
138563031042 2919312
138563031043 4596480
138563031044 767232
138563031104 -1883512
138563031105 5974152
138563031106 19771968
138563031107 7999776
138563031108 393984
138563031168 1779432
138563031169 22827744
138563031170 19323504
138563031171 2634336
138563031232 7013472
138563031233 15255936
138563031234 4468320
138563031296 3301632
138563031297 2290752
138563031360 271296
138563035136 -1349244
138563035137 1982136
138563035138 9803328
138563035139 4264704
138563035140 210816
138563035200 1038528
138563035201 23876976
138563035202 21907008
138563035203 2998080
138563035264 11830296
138563035265 28105776
138563035266 8489232
138563035328 9335376
138563035329 6939936
138563035392 1423008
138563039232 -152628
138563039233 7600944
138563039234 7714512
138563039235 1091520
138563039296 7984896
138563039297 21091248
138563039298 6640992
138563039360 11523600
138563039361 9171936
138563039424 3031776
138563043328 1802016
138563043329 5480856
138563043330 1820592
138563043392 6422904
138563043393 5469624
138563043456 3082464
138563047424 1311876
138563047425 1197432
138563047488 1480968
138563051520 269100
138579804160 -64260
138579804161 -145632
138579804162 808524
138579804163 640656
138579804164 17712
138579804224 -305960
138579804225 1881384
138579804226 3628080
138579804227 795312
138579804288 694320
138579804289 4959120
138579804290 2893032
138579804291 192672
138579804352 1687344
138579804353 3000096
138579804354 618336
138579804416 778464
138579804417 479232
138579804480 73152
138579808256 -488798
138579808257 1548852
138579808258 3748464
138579808259 855360
138579808320 1163736
138579808321 10729728
138579808322 6538608
138579808323 416448
138579808384 5828088
138579808385 10695312
138579808386 2139552
138579808448 4192128
138579808449 2524896
138579808512 669888
138579812352 249540
138579812353 5352576
138579812354 3534552
138579812355 229824
138579812416 6145776
138579812417 12079728
138579812418 2428416
138579812480 7650432
138579812481 4650480
138579812544 1941696
138579816448 1927812
138579816449 4280904
138579816450 897408
138579816512 5741136
138579816513 3611808
138579816576 2503008
138579820544 1493010
138579820545 996840
138579820608 1481760
138579824640 325152
138596581376 -39768
138596581377 334152
138596581378 403056
138596581379 19008
138596581440 347112
138596581441 1520064
138596581442 505872
138596581504 1006656
138596581505 1264752
138596581506 125280
138596581568 656928
138596581569 291168
138596581632 114624
138596585472 270516
138596585473 1588896
138596585474 554688
138596585536 2188416
138596585537 2832768
138596585538 267840
138596585600 2299824
138596585601 958752
138596585664 578592
138596589568 1087200
138596589569 1542960
138596589570 150336
138596589632 2587824
138596589633 1067328
138596589696 1030032
138596593664 917640
138596593665 395712
138596593728 788256
138596597760 217224
138613358592 53964
138613358593 136944
138613358594 11232
138613358656 256464
138613358657 177552
138613358720 226152
138613358721 47520
138613358784 57024
138613362688 270000
138613362689 196992
138613362752 500688
138613362753 98496
138613362816 179712
138613366784 273240
138613366785 55296
138613366848 195264
138613370880 72000
138630135808 19440
138630135809 3456
138630135872 26352
138630135936 7776
138630139904 29376
138630139968 15552
138630144000 8640
138646913024 432
139586437120 72
139586437121 3120
139586437122 10336
139586437123 -34200
139586437124 -151120
139586437125 27360
139586437126 38016
139586437184 1344
139586437185 1728
139586437186 -87516
139586437187 -312480
139586437188 560256
139586437189 613152
139586437190 93312
139586437248 1872
139586437249 -76260
139586437250 -218760
139586437251 1437960
139586437252 1929744
139586437253 607968
139586437254 34560
139586437312 -17856
139586437313 -82464
139586437314 1469544
139586437315 2341872
139586437316 1090368
139586437317 143136
139586437376 -18432
139586437377 656928
139586437378 1270944
139586437379 740736
139586437380 144288
139586437440 87552
139586437441 235008
139586437442 163296
139586437443 36288
139586437504 2304
139586437505 1728
139586441216 8432
139586441217 13306
139586441218 -174316
139586441219 -627632
139586441220 238704
139586441221 591840
139586441222 93312
139586441280 7530
139586441281 -307188
139586441282 -1035624
139586441283 2124768
139586441284 4225440
139586441285 1385280
139586441286 69120
139586441344 -123780
139586441345 -634920
139586441346 3922680
139586441347 8833200
139586441348 4547952
139586441349 542880
139586441408 -194064
139586441409 2612400
139586441410 7543776
139586441411 5348880
139586441412 1067328
139586441472 569376
139586441473 2594304
139586441474 2425536
139586441475 661248
139586441536 234144
139586441537 328320
139586441538 108864
139586441600 1728
139586445312 10540
139586445313 -270940
139586445314 -932540
139586445315 421056
139586445316 2033472
139586445317 730656
139586445318 34560
139586445376 -234228
139586445377 -1166460
139586445378 2713776
139586445379 9471288
139586445380 5445504
139586445381 621792
139586445440 -442824
139586445441 3263328
139586445442 13665960
139586445443 11431728
139586445444 2301552
139586445504 1051776
139586445505 7444800
139586445506 8945568
139586445507 2721456
139586445568 1235808
139586445569 2506176
139586445570 1075968
139586445632 164160
139586445633 108864
139586449408 -120080
139586449409 -671944
139586449410 299868
139586449411 2988504
139586449412 1949904
139586449413 222048
139586449472 -485076
139586449473 1386300
139586449474 9501168
139586449475 9230976
139586449476 1899360
139586449536 818880
139586449537 8691936
139586449538 12775680
139586449539 4206816
139586449600 2283936
139586449601 6153552
139586449602 3132432
139586449664 821376
139586449665 745344
139586449728 36288
139586453504 -194794
139586453505 57438
139586453506 2204040
139586453507 2483064
139586453508 529488
139586453568 213546
139586453569 4417656
139586453570 7711344
139586453571 2719080
139586453632 1945968
139586453633 6533136
139586453634 3772584
139586453696 1487016
139586453697 1668960
139586453760 186336
139586457600 -13314
139586457601 801828
139586457602 1650492
139586457603 619848
139586457664 772356
139586457665 3125700
139586457666 1993824
139586457728 1244880
139586457729 1632528
139586457792 333792
139586461696 113952
139586461697 553068
139586461698 382860
139586461760 490752
139586461761 725004
139586461824 272088
139586465792 73800
139586465793 119808
139586465856 103572
139586469888 14976
139603214336 6912
139603214337 9056
139603214338 -205776
139603214339 -606256
139603214340 433248
139603214341 508032
139603214342 48384
139603214400 9120
139603214401 -395496
139603214402 -1169640
139603214403 2861856
139603214404 4036032
139603214405 946944
139603214406 27648
139603214464 -148692
139603214465 -919992
139603214466 4907448
139603214467 8953632
139603214468 3564288
139603214469 301824
139603214528 -328848
139603214529 3141792
139603214530 8163024
139603214531 4643712
139603214532 712512
139603214592 626400
139603214593 3012768
139603214594 2408256
139603214595 518688
139603214656 285120
139603214657 369792
139603214658 101952
139603214720 1728
139603218432 26254
139603218433 -708764
139603218434 -2201232
139603218435 1627104
139603218436 4058112
139603218437 1009152
139603218438 27648
139603218496 -625392
139603218497 -3293160
139603218498 7738344
139603218499 20167056
139603218500 8701632
139603218501 686592
139603218560 -1530456
139603218561 8439864
139603218562 30673008
139603218563 20139264
139603218564 3047040
139603218624 2458704
139603218625 17531904
139603218626 17306928
139603218627 4124448
139603218688 3032640
139603218689 5356512
139603218690 1843488
139603218752 378432
139603218753 210816
139603222528 -511144
139603222529 -2842792
139603222530 1820976
139603222531 9978864
139603222532 4791744
139603222533 370944
139603222592 -2422236
139603222593 5838336
139603222594 33453048
139603222595 25052976
139603222596 3801600
139603222656 2939472
139603222657 31819248
139603222658 37613520
139603222659 9571680
139603222720 8592192
139603222721 19567296
139603222722 7905744
139603222784 2803968
139603222785 2060928
139603222848 108864
139603226624 -1274668
139603226625 394416
139603226626 10759752
139603226627 9253872
139603226628 1439424
139603226688 886932
139603226689 22421184
139603226690 31094640
139603226691 8377920
139603226752 10092624
139603226753 28180944
139603226754 12810240
139603226816 6809904
139603226817 6138144
139603226880 732672
139603230720 -218946
139603230721 5228508
139603230722 8558280
139603230723 2441664
139603230784 5151348
139603230785 17286264
139603230786 8628336
139603230848 7269120
139603230849 7620120
139603230912 1657296
139603234816 918636
139603234817 3762072
139603234818 2034144
139603234880 3518244
139603234881 4145544
139603234944 1652040
139603238912 629712
139603238913 816408
139603238976 748620
139603243008 126072
139619991552 1648
139619991553 -348660
139619991554 -921120
139619991555 1272072
139619991556 1654848
139619991557 225504
139619991616 -348660
139619991617 -1628928
139619991618 5036400
139619991619 9244800
139619991620 2780064
139619991621 114048
139619991680 -921120
139619991681 5036400
139619991682 15118992
139619991683 7628976
139619991684 781056
139619991744 1272072
139619991745 9244800
139619991746 7628976
139619991747 1355328
139619991808 1654848
139619991809 2780064
139619991810 781056
139619991872 225504
139619991873 114048
139619995648 -588520
139619995649 -2914716
139619995650 3240192
139619995651 9540672
139619995652 3093984
139619995653 120960
139619995712 -2914716
139619995713 8009496
139619995714 34418448
139619995715 19295568
139619995716 1926144
139619995776 3240192
139619995777 34418448
139619995778 32912496
139619995779 6133824
139619995840 9540672
139619995841 19295568
139619995842 6133824
139619995904 3093984
139619995905 1926144
139619995968 120960
139619999744 -2353016
139619999745 1569864
139619999746 17301096
139619999747 10956960
139619999748 1106496
139619999808 1569864
139619999809 37789872
139619999810 41572800
139619999811 8089776
139619999872 17301096
139619999873 41572800
139619999874 14607360
139619999936 10956960
139619999937 8089776
139620000000 1106496
139620003840 -581928
139620003841 12137952
139620003842 15652368
139620003843 3209904
139620003904 12137952
139620003905 34613424
139620003906 13234464
139620003968 15652368
139620003969 13234464
139620004032 3209904
139620007936 2735052
139620007937 9622044
139620007938 3985128
139620008000 9622044
139620008001 9097056
139620008064 3985128
139620012032 2097972
139620012033 2191608
139620012096 2191608
139620016128 437544
139636768768 -178812
139636768769 -702760
139636768770 1545048
139636768771 2482704
139636768772 442368
139636768832 -861768
139636768833 3506784
139636768834 10092384
139636768835 3932352
139636768836 196992
139636768896 1300800
139636768897 10991088
139636768898 8170128
139636768899 1003680
139636768960 3189792
139636768961 5753952
139636768962 1395648
139636769024 1072224
139636769025 600480
139636769088 48384
139636772864 -1449044
139636772865 2243136
139636772866 10603584
139636772867 4540320
139636772868 224640
139636772928 1764120
139636772929 25065696
139636772930 20854512
139636772931 2624832
139636772992 11862816
139636772993 24138144
139636772994 6275520
139636773056 7187184
139636773057 4419360
139636773120 749664
139636776960 -203520
139636776961 12618336
139636776962 12072096
139636776963 1593216
139636777024 12993360
139636777025 30451248
139636777026 8484624
139636777088 15202656
139636777089 10328832
139636777152 2972304
139636781056 4035648
139636781057 11539728
139636781058 3476880
139636781120 12605328
139636781121 9431136
139636781184 4756320
139636785152 3489804
139636785153 2887632
139636785216 3265920
139636789248 792072
139653545984 -237640
139653545985 830940
139653545986 1978200
139653545987 471960
139653546048 729864
139653546049 5343840
139653546050 3067848
139653546051 189216
139653546112 2777616
139653546113 4453776
139653546114 764064
139653546176 1597680
139653546177 802080
139653546240 185184
139653550080 346308
139653550081 5664864
139653550082 3634632
139653550083 232416
139653550144 6330312
139653550145 11251440
139653550146 2032704
139653550208 6524064
139653550209 3415968
139653550272 1273536
139653554176 3126552
139653554177 6555240
139653554178 1278144
139653554240 8159328
139653554241 4577040
139653554304 2851632
139653558272 3075048
139653558273 1896624
139653558336 2567232
139653562368 785520
139670323200 152076
139670323201 815616
139670323202 290952
139670323264 1073376
139670323265 1284048
139670323266 111456
139670323328 956304
139670323329 339552
139670323392 192384
139670327296 1135680
139670327297 1538352
139670327298 144288
139670327360 2376144
139670327361 877248
139670327424 770112
139670331392 1379016
139670331393 555264
139670331456 1002384
139670335488 412272
139687100416 135288
139687100417 98280
139687100480 222120
139687100481 38880
139687100544 65376
139687104512 265896
139687104513 50976
139687104576 160704
139687108608 100224
139703877632 14040
139703877696 6048
139703881728 7776
140660178944 1328
140660178945 -1824
140660178946 -72732
140660178947 -206384
140660178948 96528
140660178949 196416
140660178950 34560
140660179008 -1760
140660179009 -105000
140660179010 -220072
140660179011 1000128
140660179012 1484784
140660179013 493344
140660179014 28800
140660179072 -30816
140660179073 -55848
140660179074 1688184
140660179075 2762448
140660179076 1319616
140660179077 172224
140660179136 -9408
140660179137 997488
140660179138 1961424
140660179139 1158912
140660179140 225504
140660179200 173952
140660179201 482976
140660179202 331776
140660179203 72000
140660179264 11520
140660179265 8640
140660183040 3306
140660183041 -222368
140660183042 -679136
140660183043 437400
140660183044 1478496
140660183045 541152
140660183046 28800
140660183104 -156564
140660183105 -620000
140660183106 2832792
140660183107 6780000
140660183108 3590496
140660183109 430272
140660183168 -177888
140660183169 3084048
140660183170 8786592
140660183171 6241968
140660183172 1228320
140660183232 875232
140660183233 4008384
140660183234 3742848
140660183235 1005696
140660183296 481248
140660183297 668736
140660183298 212544
140660183360 8640
140660187136 -150932
140660187137 -790212
140660187138 596208
140660187139 3429096
140660187140 2094192
140660187141 243648
140660187200 -457696
140660187201 2442312
140660187202 10569024
140660187203 8794512
140660187204 1739520
140660187264 1284624
140660187265 8713152
140660187266 10250208
140660187267 3035088
140660187328 1923840
140660187329 3853440
140660187330 1608768
140660187392 335232
140660187393 210816
140660191232 -327612
140660191233 254628
140660191234 3541968
140660191235 3500496
140660191236 708192
140660191296 597744
140660191297 6829536
140660191298 9713376
140660191299 3078432
140660191360 2710608
140660191361 7023600
140660191362 3429936
140660191424 1267776
140660191425 1105920
140660191488 70272
140660195328 966
140660195329 1683300
140660195330 2914200
140660195331 982800
140660195392 1551036
140660195393 4967712
140660195394 2712168
140660195456 1706544
140660195457 1813680
140660195520 276480
140660199424 296448
140660199425 1186380
140660199426 709128
140660199488 953208
140660199489 1165536
140660199552 362736
140660203520 187776
140660203521 256284
140660203584 194256
140660207616 36612
140676956160 -576
140676956161 -238752
140676956162 -692328
140676956163 661296
140676956164 1370112
140676956165 362880
140676956166 11520
140676956224 -166296
140676956225 -775424
140676956226 3402576
140676956227 6688176
140676956228 2791008
140676956229 240192
140676956288 -284664
140676956289 3579552
140676956290 9164832
140676956291 5279040
140676956292 801216
140676956352 990000
140676956353 4509792
140676956354 3543264
140676956355 737568
140676956416 581472
140676956417 730944
140676956418 184896
140676956480 8640
140676960256 -352772
140676960257 -1883512
140676960258 1779432
140676960259 7013472
140676960260 3301632
140676960261 271296
140676960320 -1297760
140676960321 5974152
140676960322 22827744
140676960323 15255936
140676960324 2290752
140676960384 2919312
140676960385 19771968
140676960386 19323504
140676960387 4468320
140676960448 4596480
140676960449 7999776
140676960450 2634336
140676960512 767232
140676960513 393984
140676964352 -1349244
140676964353 1038528
140676964354 11830296
140676964355 9335376
140676964356 1423008
140676964416 1982136
140676964417 23876976
140676964418 28105776
140676964419 6939936
140676964480 9803328
140676964481 21907008
140676964482 8489232
140676964544 4264704
140676964545 2998080
140676964608 210816
140676968448 -152628
140676968449 7984896
140676968450 11523600
140676968451 3031776
140676968512 7600944
140676968513 21091248
140676968514 9171936
140676968576 7714512
140676968577 6640992
140676968640 1091520
140676972544 1802016
140676972545 6422904
140676972546 3082464
140676972608 5480856
140676972609 5469624
140676972672 1820592
140676976640 1311876
140676976641 1480968
140676976704 1197432
140676980736 269100
140693733376 -178812
140693733377 -861768
140693733378 1300800
140693733379 3189792
140693733380 1072224
140693733381 48384
140693733440 -702760
140693733441 3506784
140693733442 10991088
140693733443 5753952
140693733444 600480
140693733504 1545048
140693733505 10092384
140693733506 8170128
140693733507 1395648
140693733568 2482704
140693733569 3932352
140693733570 1003680
140693733632 442368
140693733633 196992
140693737472 -1449044
140693737473 1764120
140693737474 11862816
140693737475 7187184
140693737476 749664
140693737536 2243136
140693737537 25065696
140693737538 24138144
140693737539 4419360
140693737600 10603584
140693737601 20854512
140693737602 6275520
140693737664 4540320
140693737665 2624832
140693737728 224640
140693741568 -203520
140693741569 12993360
140693741570 15202656
140693741571 2972304
140693741632 12618336
140693741633 30451248
140693741634 10328832
140693741696 12072096
140693741697 8484624
140693741760 1593216
140693745664 4035648
140693745665 12605328
140693745666 4756320
140693745728 11539728
140693745729 9431136
140693745792 3476880
140693749760 3489804
140693749761 3265920
140693749824 2887632
140693753856 792072
140710510592 -403904
140710510593 936720
140710510594 3480336
140710510595 1501920
140710510596 84096
140710510656 936720
140710510657 7835040
140710510658 5894496
140710510659 725472
140710510720 3480336
140710510721 5894496
140710510722 1294272
140710510784 1501920
140710510785 725472
140710510848 84096
140710514688 210264
140710514689 8531088
140710514690 7615152
140710514691 1001952
140710514752 8531088
140710514753 17233344
140710514754 4316256
140710514816 7615152
140710514817 4316256
140710514880 1001952
140710518784 4280976
140710518785 10938384
140710518786 3073104
140710518848 10938384
140710518849 7167168
140710518912 3073104
140710522880 4478256
140710522881 3379392
140710522944 3379392
140710526976 1173456
140727287808 186648
140727287809 1828032
140727287810 1143288
140727287811 79200
140727287872 1968432
140727287873 3079872
140727287874 503136
140727287936 1603152
140727287937 687744
140727288000 222336
140727291904 2117064
140727291905 4019184
140727291906 750816
140727291968 4565376
140727291969 2247840
140727292032 1211616
140727296000 2868048
140727296001 1629648
140727296064 1945440
140727300096 910656
140744065024 363792
140744065025 462672
140744065026 44064
140744065088 641664
140744065089 203616
140744065152 160128
140744069120 830736
140744069121 310752
140744069184 490464
140744073216 349488
140760842240 77400
140760842241 14112
140760842304 36864
140760846336 54720
140777619456 2016
141733920768 -1112
141733920769 -45588
141733920770 -106720
141733920771 190560
141733920772 367152
141733920773 135648
141733920774 8640
141733920832 -22512
141733920833 -33168
141733920834 891900
141733920835 1536048
141733920836 773136
141733920837 105120
141733920896 1488
141733920897 803340
141733920898 1626264
141733920899 997272
141733920900 201024
141733920960 186048
141733920961 540432
141733920962 375192
141733920963 82656
141733921024 23616
141733921025 17712
141733924864 -64176
141733924865 -286670
141733924866 567204
141733924867 1738968
141733924868 1000512
141733924869 128160
141733924928 -107526
141733924929 1666260
141733924930 4866624
141733924931 3545712
141733924932 715392
141733924992 720180
141733924993 3329712
141733924994 3144744
141733924995 854784
141733925056 541080
141733925057 755136
141733925058 235872
141733925120 17712
141733928960 -205060
141733928961 475044
141733928962 2781912
141733928963 2428560
141733928964 496368
141733929024 695196
141733929025 4872672
141733929026 5726664
141733929027 1693872
141733929088 1617984
141733929089 3217752
141733929090 1323648
141733929152 380592
141733929153 229824
141733933056 86220
141733933057 1829700
141733933058 2674584
141733933059 846432
141733933120 1532484
141733933121 3917160
141733933122 1862064
141733933184 1065672
141733933185 896256
141733933248 76608
141733937152 415674
141733937153 1373562
141733937154 729288
141733937216 958266
141733937217 973080
141733937280 224064
141733941248 265266
141733941249 310608
141733941312 194616
141733945344 51768
141750697984 -64260
141750697985 -305960
141750697986 694320
141750697987 1687344
141750697988 778464
141750697989 73152
141750698048 -145632
141750698049 1881384
141750698050 4959120
141750698051 3000096
141750698052 479232
141750698112 808524
141750698113 3628080
141750698114 2893032
141750698115 618336
141750698176 640656
141750698177 795312
141750698178 192672
141750698240 17712
141750702080 -488798
141750702081 1163736
141750702082 5828088
141750702083 4192128
141750702084 669888
141750702144 1548852
141750702145 10729728
141750702146 10695312
141750702147 2524896
141750702208 3748464
141750702209 6538608
141750702210 2139552
141750702272 855360
141750702273 416448
141750706176 249540
141750706177 6145776
141750706178 7650432
141750706179 1941696
141750706240 5352576
141750706241 12079728
141750706242 4650480
141750706304 3534552
141750706305 2428416
141750706368 229824
141750710272 1927812
141750710273 5741136
141750710274 2503008
141750710336 4280904
141750710337 3611808
141750710400 897408
141750714368 1493010
141750714369 1481760
141750714432 996840
141750718464 325152
141767475200 -237640
141767475201 729864
141767475202 2777616
141767475203 1597680
141767475204 185184
141767475264 830940
141767475265 5343840
141767475266 4453776
141767475267 802080
141767475328 1978200
141767475329 3067848
141767475330 764064
141767475392 471960
141767475393 189216
141767479296 346308
141767479297 6330312
141767479298 6524064
141767479299 1273536
141767479360 5664864
141767479361 11251440
141767479362 3415968
141767479424 3634632
141767479425 2032704
141767479488 232416
141767483392 3126552
141767483393 8159328
141767483394 2851632
141767483456 6555240
141767483457 4577040
141767483520 1278144
141767487488 3075048
141767487489 2567232
141767487552 1896624
141767491584 785520
141784252416 186648
141784252417 1968432
141784252418 1603152
141784252419 222336
141784252480 1828032
141784252481 3079872
141784252482 687744
141784252544 1143288
141784252545 503136
141784252608 79200
141784256512 2117064
141784256513 4565376
141784256514 1211616
141784256576 4019184
141784256577 2247840
141784256640 750816
141784260608 2868048
141784260609 1945440
141784260672 1629648
141784264704 910656
141801029632 491280
141801029633 812736
141801029634 147744
141801029696 812736
141801029697 331776
141801029760 147744
141801033728 1184112
141801033729 606816
141801033792 606816
141801037824 515808
141817806848 164448
141817806849 55296
141817806912 72000
141817810944 127008
141834584064 9216
142807662592 -6480
142807662593 -16584
142807662594 163788
142807662595 313200
142807662596 169776
142807662597 24768
142807662656 2016
142807662657 331848
142807662658 700416
142807662659 452592
142807662660 96480
142807662720 113472
142807662721 347760
142807662722 249480
142807662723 57888
142807662784 25344
142807662785 19008
142807666688 -36726
142807666689 307572
142807666690 1003584
142807666691 771696
142807666692 165024
142807666752 303048
142807666753 1439136
142807666754 1393488
142807666755 391680
142807666816 351432
142807666817 499392
142807666818 158112
142807666880 19008
142807670784 119916
142807670785 1018656
142807670786 1239048
142807670787 377712
142807670848 707904
142807670849 1417968
142807670850 585216
142807670912 253584
142807670913 150336
142807674880 320820
142807674881 849960
142807674882 404784
142807674944 473040
142807674945 389376
142807675008 50112
142807678976 209106
142807678977 209160
142807679040 97344
142807683072 41832
142824439808 -39768
142824439809 347112
142824439810 1006656
142824439811 656928
142824439812 114624
142824439872 334152
142824439873 1520064
142824439874 1264752
142824439875 291168
142824439936 403056
142824439937 505872
142824439938 125280
142824440000 19008
142824443904 270516
142824443905 2188416
142824443906 2299824
142824443907 578592
142824443968 1588896
142824443969 2832768
142824443970 958752
142824444032 554688
142824444033 267840
142824448000 1087200
142824448001 2587824
142824448002 1030032
142824448064 1542960
142824448065 1067328
142824448128 150336
142824452096 917640
142824452097 788256
142824452160 395712
142824456192 217224
142841217024 152076
142841217025 1073376
142841217026 956304
142841217027 192384
142841217088 815616
142841217089 1284048
142841217090 339552
142841217152 290952
142841217153 111456
142841221120 1135680
142841221121 2376144
142841221122 770112
142841221184 1538352
142841221185 877248
142841221248 144288
142841225216 1379016
142841225217 1002384
142841225280 555264
142841229312 412272
142857994240 363792
142857994241 641664
142857994242 160128
142857994304 462672
142857994305 203616
142857994368 44064
142857998336 830736
142857998337 490464
142857998400 310752
142858002432 349488
142874771456 164448
142874771457 72000
142874771520 55296
142874775552 127008
142891548672 14400
143881404416 -48
143881404417 53964
143881404418 120600
143881404419 82584
143881404420 18720
143881404480 37440
143881404481 121392
143881404482 91368
143881404483 22752
143881404544 14976
143881404545 11232
143881408512 49428
143881408513 249264
143881408514 250344
143881408515 73728
143881408576 124200
143881408577 181440
143881408578 59616
143881408640 11232
143881412608 123552
143881412609 254232
143881412610 107136
143881412672 92880
143881412673 55296
143881416704 85320
143881416705 70272
143881416768 18432
143881420800 17568
143898181632 53964
143898181633 256464
143898181634 226152
143898181635 57024
143898181696 136944
143898181697 177552
143898181698 47520
143898181760 11232
143898185728 270000
143898185729 500688
143898185730 179712
143898185792 196992
143898185793 98496
143898189824 273240
143898189825 195264
143898189888 55296
143898193920 72000
143914958848 135288
143914958849 222120
143914958850 65376
143914958912 98280
143914958913 38880
143914962944 265896
143914962945 160704
143914963008 50976
143914967040 100224
143931736064 77400
143931736065 36864
143931736128 14112
143931740160 54720
143948513280 9216
144955146240 5184
144955146241 17712
144955146242 14040
144955146243 3744
144955146304 4608
144955146305 3456
144955150336 18360
144955150337 27648
144955150338 9504
144955150400 3456
144955154432 14256
144955154433 8640
144955158528 2880
144971923456 19440
144971923457 26352
144971923458 7776
144971923520 3456
144971927552 29376
144971927553 15552
144971931648 8640
144988700672 14040
144988700673 6048
144988704768 7776
145005477888 2016
146028888064 576
146028888065 432
146028892160 432
146045665280 432
206158430209 -168
206158430210 -1264
206158430211 2592
206158430212 7296
206158430213 -11616
206158430214 1728
206158430272 -168
206158430273 -2480
206158430274 4864
206158430275 22240
206158430276 -40448
206158430277 43968
206158430278 26496
206158430336 -1264
206158430337 4864
206158430338 33248
206158430339 -69320
206158430340 143040
206158430341 170400
206158430342 24192
206158430400 2592
206158430401 22240
206158430402 -69320
206158430403 195120
206158430404 359136
206158430405 115392
206158430406 6336
206158430464 7296
206158430465 -40448
206158430466 143040
206158430467 359136
206158430468 180672
206158430469 23808
206158430528 -11616
206158430529 43968
206158430530 170400
206158430531 115392
206158430532 23808
206158430592 1728
206158430593 26496
206158430594 24192
206158430595 6336
206158434304 -192
206158434305 -1024
206158434306 8336
206158434307 13424
206158434308 -57248
206158434309 30720
206158434310 26496
206158434368 -1024
206158434369 10400
206158434370 39160
206158434371 -170928
206158434372 215520
206158434373 343104
206158434374 48384
206158434432 8336
206158434433 39160
206158434434 -223696
206158434435 468336
206158434436 1161024
206158434437 385056
206158434438 19008
206158434496 13424
206158434497 -170928
206158434498 468336
206158434499 1672704
206158434500 933984
206158434501 114240
206158434560 -57248
206158434561 215520
206158434562 1161024
206158434563 933984
206158434564 195264
206158434624 30720
206158434625 343104
206158434626 385056
206158434627 114240
206158434688 26496
206158434689 48384
206158434690 19008
206158438400 1056
206158438401 5478
206158438402 5064
206158438403 -100944
206158438404 61728
206158438405 159456
206158438406 24192
206158438464 5478
206158438465 7740
206158438466 -228792
206158438467 301632
206158438468 1121040
206158438469 399744
206158438470 19008
206158438528 5064
206158438529 -228792
206158438530 479592
206158438531 2553168
206158438532 1598400
206158438533 190368
206158438592 -100944
206158438593 301632
206158438594 2553168
206158438595 2451264
206158438596 523872
206158438656 61728
206158438657 1121040
206158438658 1598400
206158438659 523872
206158438720 159456
206158438721 399744
206158438722 190368
206158438784 24192
206158438785 19008
206158442496 2224
206158442497 -9760
206158442498 -85384
206158442499 46584
206158442500 331248
206158442501 130080
206158442502 6336
206158442560 -9760
206158442561 -146016
206158442562 180312
206158442563 1567920
206158442564 1102848
206158442565 133248
206158442624 -85384
206158442625 180312
206158442626 2466336
206158442627 2784576
206158442628 619104
206158442688 46584
206158442689 1567920
206158442690 2784576
206158442691 1000320
206158442752 331248
206158442753 1102848
206158442754 619104
206158442816 130080
206158442817 133248
206158442880 6336
206158446592 -5534
206158446593 -41574
206158446594 14712
206158446595 335424
206158446596 263808
206158446597 33312
206158446656 -41574
206158446657 41316
206158446658 1092624
206158446659 1422000
206158446660 333360
206158446720 14712
206158446721 1092624
206158446722 2342016
206158446723 917040
206158446784 335424
206158446785 1422000
206158446786 917040
206158446848 263808
206158446849 333360
206158446912 33312
206158450688 -9504
206158450689 -372
206158450690 181848
206158450691 267720
206158450692 66672
206158450752 -372
206158450753 375840
206158450754 943416
206158450755 400176
206158450816 181848
206158450817 943416
206158450818 683712
206158450880 267720
206158450881 400176
206158450944 66672
206158454784 -1074
206158454785 50952
206158454786 146112
206158454787 66696
206158454848 50952
206158454849 312816
206158454850 250152
206158454912 146112
206158454913 250152
206158454976 66696
206158458880 5808
206158458881 41112
206158458882 35736
206158458944 41112
206158458945 78624
206158459008 35736
206158462976 4692
206158462977 9828
206158463040 9828
206158467072 1092
206175207424 -312
206175207425 -80
206175207426 9120
206175207427 6000
206175207428 -59136
206175207429 50112
206175207430 19584
206175207488 544
206175207489 15008
206175207490 10848
206175207491 -200720
206175207492 343008
206175207493 316608
206175207494 26496
206175207552 13984
206175207553 16624
206175207554 -299184
206175207555 719232
206175207556 1200960
206175207557 282816
206175207558 8064
206175207616 11392
206175207617 -253816
206175207618 673440
206175207619 1863744
206175207620 812064
206175207621 69888
206175207680 -90848
206175207681 253152
206175207682 1378848
206175207683 940800
206175207684 155520
206175207744 8640
206175207745 411168
206175207746 448704
206175207747 113664
206175207808 25344
206175207809 62208
206175207810 23040
206175211520 4592
206175211521 21280
206175211522 -22920
206175211523 -267680
206175211524 246336
206175211525 303360
206175211526 26496
206175211584 25952
206175211585 -57364
206175211586 -696672
206175211587 1116432
206175211588 2396544
206175211589 584064
206175211590 16128
206175211648 -16916
206175211649 -791024
206175211650 1641456
206175211651 5894160
206175211652 2752416
206175211653 225792
206175211712 -369768
206175211713 850512
206175211714 6235200
206175211715 4792992
206175211716 784512
206175211776 79248
206175211777 2811840
206175211778 3514176
206175211779 944640
206175211840 385824
206175211841 972288
206175211842 402048
206175211904 62208
206175211905 46080
206175215616 17358
206175215617 -80796
206175215618 -422880
206175215619 358896
206175215620 1100928
206175215621 288000
206175215622 8064
206175215680 -79728
206175215681 -852996
206175215682 1165128
206175215683 5655312
206175215684 2861856
206175215685 233856
206175215744 -538164
206175215745 936672
206175215746 9420240
206175215747 8124624
206175215748 1347264
206175215808 100416
206175215809 6160272
206175215810 8986752
206175215811 2568960
206175215872 1288464
206175215873 3892608
206175215874 1821888
206175215936 492480
206175215937 440064
206175216000 23040
206175219712 -44584
206175219713 -342152
206175219714 211032
206175219715 1682208
206175219716 925536
206175219717 77952
206175219776 -385584
206175219777 365736
206175219778 5837520
206175219779 5576448
206175219780 955008
206175219840 27072
206175219841 6030144
206175219842 10065312
206175219843 3060480
206175219904 1843488
206175219905 6617568
206175219906 3461376
206175219968 1312896
206175219969 1393920
206175220032 151680
206175223808 -112350
206175223809 12732
206175223810 1273512
206175223811 1332672
206175223812 238752
206175223872 -37176
206175223873 2740008
206175223874 5119416
206175223875 1653120
206175223936 1328688
206175223937 5506992
206175223938 3165984
206175224000 1662576
206175224001 2036160
206175224064 366912
206175227904 -21216
206175227905 468852
206175227906 966888
206175227907 330624
206175227968 474120
206175227969 2217960
206175227970 1380384
206175228032 1097712
206175228033 1507968
206175228096 432864
206175232000 66240
206175232001 345804
206175232002 230064
206175232064 365496
206175232065 550368
206175232128 268368
206175236096 48504
206175236097 78624
206175236160 84096
206175240192 10512
206191984640 1904
206191984641 8286
206191984642 -21228
206191984643 -106752
206191984644 181152
206191984645 93600
206191984646 576
206191984704 11998
206191984705 -63084
206191984706 -323064
206191984707 856992
206191984708 1001088
206191984709 124992
206191984768 -27892
206191984769 -432696
206191984770 1265472
206191984771 2839680
206191984772 892224
206191984773 36288
206191984832 -231320
206191984833 633528
206191984834 3301536
206191984835 1950912
206191984836 217440
206191984896 19728
206191984897 1565808
206191984898 1718496
206191984899 368448
206191984960 193344
206191984961 544032
206191984962 205440
206191985024 34560
206191985025 28800
206191988736 19640
206191988737 -115632
206191988738 -443400
206191988739 654192
206191988740 954720
206191988741 124992
206191988800 -131084
206191988801 -1028796
206191988802 2085528
206191988803 5659440
206191988804 1850400
206191988805 72576
206191988864 -743956
206191988865 1621872
206191988866 10324800
206191988867 6524112
206191988868 705888
206191988928 83424
206191988929 7095888
206191988930 8470752
206191988931 1833120
206191988992 1449888
206191988993 4164960
206191988994 1641600
206191989056 568800
206191989057 478272
206191989120 28800
206191992832 -100440
206191992833 -660972
206191992834 728880
206191992835 2621280
206191992836 911808
206191992837 36288
206191992896 -847512
206191992897 1186236
206191992898 9980304
206191992899 6752688
206191992900 732672
206191992960 46428
206191992961 10845408
206191992962 14113776
206191992963 3126288
206191993024 3296376
206191993025 10402992
206191993026 4356960
206191993088 2244432
206191993089 2073504
206191993152 258432
206191996928 -341632
206191996929 171960
206191996930 3015360
206191996931 2188128
206191996932 244224
206191996992 -105912
206191996993 6847944
206191996994 9648720
206191996995 2209728
206191997056 3331032
206191997057 11528448
206191997058 5123520
206191997120 3768576
206191997121 3830688
206191997184 781056
206192001024 -84462
206192001025 1516440
206192001026 2316360
206192001027 552432
206192001088 1548528
206192001089 5865288
206192001090 2753400
206192001152 3128112
206192001153 3453072
206192001216 1109520
206192005120 266400
206192005121 1115052
206192005122 550680
206192005184 1265592
206192005185 1497240
206192005248 810240
206192009216 198888
206192009217 249540
206192009280 294168
206192013312 42024
206208761856 3486
206208761857 -36492
206208761858 -94272
206208761859 283680
206208761860 188064
206208761861 2880
206208761920 -52016
206208761921 -261344
206208761922 981264
206208761923 1486848
206208761924 250560
206208761984 -236888
206208761985 866136
206208761986 3162576
206208761987 1345536
206208761988 70848
206208762048 90912
206208762049 2418144
206208762050 2249760
206208762051 334752
206208762112 496992
206208762113 1335552
206208762114 437376
206208762176 197760
206208762177 166848
206208762240 11520
206208765952 -75688
206208765953 -375608
206208765954 789024
206208765955 1427808
206208765956 251136
206208766016 -577284
206208766017 1473384
206208766018 6324720
206208766019 2780064
206208766020 140544
206208766080 232536
206208766081 7581552
206208766082 7350192
206208766083 1062432
206208766144 2364480
206208766145 6417120
206208766146 2087328
206208766208 1543008
206208766209 1275264
206208766272 189888
206208770048 -373092
206208770049 494496
206208770050 2970480
206208770051 1375488
206208770052 70272
206208770112 82836
206208770113 7426992
206208770114 7563888
206208770115 1091520
206208770176 3730944
206208770177 10549248
206208770178 3471120
206208770240 3834240
206208770241 3259200
206208770304 790176
206208774144 -76152
206208774145 2266608
206208774146 2464608
206208774147 363840
206208774208 2398920
206208774209 7206864
206208774210 2427456
206208774272 4246416
206208774273 3747360
206208774336 1412832
206208778240 528492
206208778241 1740696
206208778242 606864
206208778304 2170392
206208778305 1995720
206208778368 1250208
206208782336 415020
206208782337 399144
206208782400 538200
206208786432 89700
206225539072 -15696
206225539073 -47634
206225539074 231228
206225539075 204552
206225539076 5904
206225539136 -98282
206225539137 517932
206225539138 1187664
206225539139 275904
206225539200 161844
206225539201 1693440
206225539202 1110456
206225539203 78624
206225539264 592488
206225539265 1267968
206225539266 290784
206225539328 360912
206225539329 260928
206225539392 48960
206225543168 -140984
206225543169 423960
206225543170 1155552
206225543171 277920
206225543232 260616
206225543233 3410448
206225543234 2276784
206225543235 153216
206225543296 1899168
206225543297 4057920
206225543298 889056
206225543360 1732800
206225543361 1193184
206225543424 367488
206225547264 51084
206225547265 1619652
206225547266 1134216
206225547267 76608
206225547328 1890420
206225547329 4161096
206225547330 897408
206225547392 2845416
206225547393 1925712
206225547456 911328
206225551360 573768
206225551361 1364376
206225551362 299136
206225551424 1952184
206225551425 1329120
206225551488 1026336
206225555456 473670
206225555457 332280
206225555520 541920
206225559552 108384
206242316288 -12594
206242316289 95832
206242316290 127512
206242316291 6336
206242316352 94620
206242316353 495072
206242316354 176832
206242316416 339984
206242316417 484272
206242316418 52704
206242316480 272448
206242316481 135648
206242316544 60288
206242320384 73512
206242320385 488736
206242320386 179424
206242320448 691728
206242320449 984960
206242320450 100224
206242320512 864480
206242320513 399456
206242320576 268704
206242324480 328980
206242324481 494352
206242324482 50112
206242324544 887784
206242324545 395712
206242324608 423984
206242328576 292440
206242328577 131904
206242328640 289632
206242332672 72408
206259093504 15516
206259093505 43128
206259093506 3744
206259093568 83280
206259093569 62208
206259093632 85752
206259093633 19872
206259093696 25728
206259097600 83136
206259097601 63648
206259097664 173520
206259097665 36864
206259097728 73728
206259101696 87624
206259101697 18432
206259101760 72000
206259105792 24000
206275870720 6120
206275870721 1152
206275870784 9216
206275870848 3168
206275874816 9504
206275874880 5760
206275878912 2880
206292647936 144
207232172032 -312
207232172033 544
207232172034 13984
207232172035 11392
207232172036 -90848
207232172037 8640
207232172038 25344
207232172096 -80
207232172097 15008
207232172098 16624
207232172099 -253816
207232172100 253152
207232172101 411168
207232172102 62208
207232172160 9120
207232172161 10848
207232172162 -299184
207232172163 673440
207232172164 1378848
207232172165 448704
207232172166 23040
207232172224 6000
207232172225 -200720
207232172226 719232
207232172227 1863744
207232172228 940800
207232172229 113664
207232172288 -59136
207232172289 343008
207232172290 1200960
207232172291 812064
207232172292 155520
207232172352 50112
207232172353 316608
207232172354 282816
207232172355 69888
207232172416 19584
207232172417 26496
207232172418 8064
207232176128 4592
207232176129 25952
207232176130 -16916
207232176131 -369768
207232176132 79248
207232176133 385824
207232176134 62208
207232176192 21280
207232176193 -57364
207232176194 -791024
207232176195 850512
207232176196 2811840
207232176197 972288
207232176198 46080
207232176256 -22920
207232176257 -696672
207232176258 1641456
207232176259 6235200
207232176260 3514176
207232176261 402048
207232176320 -267680
207232176321 1116432
207232176322 5894160
207232176323 4792992
207232176324 944640
207232176384 246336
207232176385 2396544
207232176386 2752416
207232176387 784512
207232176448 303360
207232176449 584064
207232176450 225792
207232176512 26496
207232176513 16128
207232180224 17358
207232180225 -79728
207232180226 -538164
207232180227 100416
207232180228 1288464
207232180229 492480
207232180230 23040
207232180288 -80796
207232180289 -852996
207232180290 936672
207232180291 6160272
207232180292 3892608
207232180293 440064
207232180352 -422880
207232180353 1165128
207232180354 9420240
207232180355 8986752
207232180356 1821888
207232180416 358896
207232180417 5655312
207232180418 8124624
207232180419 2568960
207232180480 1100928
207232180481 2861856
207232180482 1347264
207232180544 288000
207232180545 233856
207232180608 8064
207232184320 -44584
207232184321 -385584
207232184322 27072
207232184323 1843488
207232184324 1312896
207232184325 151680
207232184384 -342152
207232184385 365736
207232184386 6030144
207232184387 6617568
207232184388 1393920
207232184448 211032
207232184449 5837520
207232184450 10065312
207232184451 3461376
207232184512 1682208
207232184513 5576448
207232184514 3060480
207232184576 925536
207232184577 955008
207232184640 77952
207232188416 -112350
207232188417 -37176
207232188418 1328688
207232188419 1662576
207232188420 366912
207232188480 12732
207232188481 2740008
207232188482 5506992
207232188483 2036160
207232188544 1273512
207232188545 5119416
207232188546 3165984
207232188608 1332672
207232188609 1653120
207232188672 238752
207232192512 -21216
207232192513 474120
207232192514 1097712
207232192515 432864
207232192576 468852
207232192577 2217960
207232192578 1507968
207232192640 966888
207232192641 1380384
207232192704 330624
207232196608 66240
207232196609 365496
207232196610 268368
207232196672 345804
207232196673 550368
207232196736 230064
207232200704 48504
207232200705 84096
207232200768 78624
207232204800 10512
207248949248 4720
207248949249 28124
207248949250 -42840
207248949251 -380816
207248949252 216480
207248949253 339072
207248949254 32256
207248949312 28124
207248949313 -120616
207248949314 -927432
207248949315 1374576
207248949316 2764128
207248949317 669888
207248949318 18432
207248949376 -42840
207248949377 -927432
207248949378 2295840
207248949379 6532128
207248949380 2831424
207248949381 226944
207248949440 -380816
207248949441 1374576
207248949442 6532128
207248949443 4342080
207248949444 659328
207248949504 216480
207248949505 2764128
207248949506 2831424
207248949507 659328
207248949568 339072
207248949569 669888
207248949570 226944
207248949632 32256
207248949633 18432
207248953344 48272
207248953345 -246868
207248953346 -1339968
207248953347 679296
207248953348 2637696
207248953349 687168
207248953350 18432
207248953408 -246868
207248953409 -2427136
207248953410 3196464
207248953411 13490400
207248953412 6350016
207248953413 491904
207248953472 -1339968
207248953473 3196464
207248953474 21714336
207248953475 16372416
207248953476 2491392
207248953536 679296
207248953537 13490400
207248953538 16372416
207248953539 4118016
207248953600 2637696
207248953601 6350016
207248953602 2491392
207248953664 687168
207248953665 491904
207248953728 18432
207248957440 -201684
207248957441 -1698636
207248957442 551064
207248957443 6300240
207248957444 3275808
207248957445 255744
207248957504 -1698636
207248957505 1737312
207248957506 21734352
207248957507 18392640
207248957508 2853312
207248957568 551064
207248957569 21734352
207248957570 30602400
207248957571 8198016
207248957632 6300240
207248957633 18392640
207248957634 8198016
207248957696 3275808
207248957697 2853312
207248957760 255744
207248961536 -753600
207248961537 -161064
207248961538 6620784
207248961539 6295200
207248961540 1011456
207248961600 -161064
207248961601 14137440
207248961602 22709088
207248961603 6441792
207248961664 6620784
207248961665 22709088
207248961666 11205312
207248961728 6295200
207248961729 6441792
207248961792 1011456
207248965632 -237864
207248965633 3142368
207248965634 5776752
207248965635 1731264
207248965696 3142368
207248965697 12506832
207248965698 6700224
207248965760 5776752
207248965761 6700224
207248965824 1731264
207248969728 538200
207248969729 2519472
207248969730 1446816
207248969792 2519472
207248969793 3224448
207248969856 1446816
207248973824 418824
207248973825 580656
207248973888 580656
207248977920 89520
207265726464 18586
207265726465 -138240
207265726466 -588024
207265726467 672480
207265726468 1099008
207265726469 152064
207265726528 -157508
207265726529 -1225872
207265726530 2499336
207265726531 6350496
207265726532 2035296
207265726533 80640
207265726592 -779232
207265726593 2242752
207265726594 11006928
207265726595 6341856
207265726596 652608
207265726656 345792
207265726657 7214544
207265726658 7383168
207265726659 1424640
207265726720 1391424
207265726721 3285984
207265726722 1102080
207265726784 383616
207265726785 267840
207265726848 11520
207265730560 -250544
207265730561 -1798788
207265730562 1475832
207265730563 6166608
207265730564 2128032
207265730565 82944
207265730624 -2055320
207265730625 3138312
207265730626 22932288
207265730627 14397696
207265730628 1465920
207265730688 625416
207265730689 24010128
207265730690 27419616
207265730691 5453184
207265730752 6963744
207265730753 18484128
207265730754 6691968
207265730816 3598464
207265730817 2788032
207265730880 289728
207265734656 -1420284
207265734657 310404
207265734658 10880736
207265734659 7538448
207265734660 783360
207265734720 -261360
207265734721 24311712
207265734722 30896592
207265734723 6368160
207265734784 11416488
207265734785 34171392
207265734786 13279968
207265734848 10258416
207265734849 8896416
207265734912 1595232
207265738752 -615408
207265738753 7428504
207265738754 10689552
207265738755 2303616
207265738816 7461600
207265738817 25416624
207265738818 10530720
207265738880 12611952
207265738881 12051840
207265738944 3494688
207265742848 1616076
207265742849 6510720
207265742850 2870112
207265742912 6963840
207265742913 7232976
207265742976 3596592
207265746944 1406976
207265746945 1576464
207265747008 1731936
207265751040 313728
207282503680 -83468
207282503681 -449696
207282503682 838224
207282503683 1639488
207282503684 301824
207282503744 -616336
207282503745 1739304
207282503746 6905568
207282503747 2953440
207282503748 149760
207282503808 434304
207282503809 7887072
207282503810 6930144
207282503811 926784
207282503872 2366304
207282503873 5540160
207282503874 1581888
207282503936 1210176
207282503937 864384
207282504000 107904
207282507776 -895908
207282507777 1015560
207282507778 6818736
207282507779 3143520
207282507780 158976
207282507840 356904
207282507841 16549728
207282507842 15721344
207282507843 2112192
207282507904 8006976
207282507905 20145024
207282507906 5913792
207282507968 6735936
207282507969 4997952
207282508032 1078272
207282511872 -384900
207282511873 7894368
207282511874 8324496
207282511875 1154304
207282511936 8161056
207282511937 22653840
207282511938 6909408
207282512000 12371424
207282512001 9681408
207282512064 3307392
207282515968 2428584
207282515969 7880304
207282515970 2531712
207282516032 9205872
207282516033 7646112
207282516096 4389984
207282520064 2356944
207282520065 2097600
207282520128 2620752
207282524160 572592
207299280896 -151370
207299280897 455916
207299280898 1299984
207299280899 325440
207299280960 331368
207299280961 3631296
207299280962 2338128
207299280963 154944
207299281024 1947240
207299281025 3766560
207299281026 750528
207299281088 1493184
207299281089 912768
207299281152 254592
207299284992 111624
207299284993 3627984
207299284994 2525040
207299284995 169344
207299285056 4114560
207299285057 8479200
207299285058 1697472
207299285120 5365920
207299285121 3276480
207299285184 1417152
207299289088 1934868
207299289089 4517160
207299289090 940032
207299289152 6024720
207299289153 3777504
207299289216 2669568
207299293184 2093496
207299293185 1389600
207299293248 2085504
207299297280 571680
207316058112 82332
207316058113 534240
207316058114 202176
207316058176 723264
207316058177 980928
207316058178 96192
207316058240 795552
207316058241 334656
207316058304 209856
207316062208 723984
207316062209 1069056
207316062210 107136
207316062272 1777824
207316062273 739008
207316062336 726528
207316066304 947784
207316066305 410112
207316066368 823008
207316070400 301728
207332835328 88464
207332835329 68544
207332835392 168624
207332835393 33984
207332835456 62208
207332839424 184464
207332839425 38016
207332839488 133632
207332843520 73728
207349612544 9792
207349612608 5184
207349616640 5760
208305913856 1904
208305913857 11998
208305913858 -27892
208305913859 -231320
208305913860 19728
208305913861 193344
208305913862 34560
208305913920 8286
208305913921 -63084
208305913922 -432696
208305913923 633528
208305913924 1565808
208305913925 544032
208305913926 28800
208305913984 -21228
208305913985 -323064
208305913986 1265472
208305913987 3301536
208305913988 1718496
208305913989 205440
208305914048 -106752
208305914049 856992
208305914050 2839680
208305914051 1950912
208305914052 368448
208305914112 181152
208305914113 1001088
208305914114 892224
208305914115 217440
208305914176 93600
208305914177 124992
208305914178 36288
208305914240 576
208305917952 19640
208305917953 -131084
208305917954 -743956
208305917955 83424
208305917956 1449888
208305917957 568800
208305917958 28800
208305918016 -115632
208305918017 -1028796
208305918018 1621872
208305918019 7095888
208305918020 4164960
208305918021 478272
208305918080 -443400
208305918081 2085528
208305918082 10324800
208305918083 8470752
208305918084 1641600
208305918144 654192
208305918145 5659440
208305918146 6524112
208305918147 1833120
208305918208 954720
208305918209 1850400
208305918210 705888
208305918272 124992
208305918273 72576
208305922048 -100440
208305922049 -847512
208305922050 46428
208305922051 3296376
208305922052 2244432
208305922053 258432
208305922112 -660972
208305922113 1186236
208305922114 10845408
208305922115 10402992
208305922116 2073504
208305922176 728880
208305922177 9980304
208305922178 14113776
208305922179 4356960
208305922240 2621280
208305922241 6752688
208305922242 3126288
208305922304 911808
208305922305 732672
208305922368 36288
208305926144 -341632
208305926145 -105912
208305926146 3331032
208305926147 3768576
208305926148 781056
208305926208 171960
208305926209 6847944
208305926210 11528448
208305926211 3830688
208305926272 3015360
208305926273 9648720
208305926274 5123520
208305926336 2188128
208305926337 2209728
208305926400 244224
208305930240 -84462
208305930241 1548528
208305930242 3128112
208305930243 1109520
208305930304 1516440
208305930305 5865288
208305930306 3453072
208305930368 2316360
208305930369 2753400
208305930432 552432
208305934336 266400
208305934337 1265592
208305934338 810240
208305934400 1115052
208305934401 1497240
208305934464 550680
208305938432 198888
208305938433 294168
208305938496 249540
208305942528 42024
208322691072 18586
208322691073 -157508
208322691074 -779232
208322691075 345792
208322691076 1391424
208322691077 383616
208322691078 11520
208322691136 -138240
208322691137 -1225872
208322691138 2242752
208322691139 7214544
208322691140 3285984
208322691141 267840
208322691200 -588024
208322691201 2499336
208322691202 11006928
208322691203 7383168
208322691204 1102080
208322691264 672480
208322691265 6350496
208322691266 6341856
208322691267 1424640
208322691328 1099008
208322691329 2035296
208322691330 652608
208322691392 152064
208322691393 80640
208322695168 -250544
208322695169 -2055320
208322695170 625416
208322695171 6963744
208322695172 3598464
208322695173 289728
208322695232 -1798788
208322695233 3138312
208322695234 24010128
208322695235 18484128
208322695236 2788032
208322695296 1475832
208322695297 22932288
208322695298 27419616
208322695299 6691968
208322695360 6166608
208322695361 14397696
208322695362 5453184
208322695424 2128032
208322695425 1465920
208322695488 82944
208322699264 -1420284
208322699265 -261360
208322699266 11416488
208322699267 10258416
208322699268 1595232
208322699328 310404
208322699329 24311712
208322699330 34171392
208322699331 8896416
208322699392 10880736
208322699393 30896592
208322699394 13279968
208322699456 7538448
208322699457 6368160
208322699520 783360
208322703360 -615408
208322703361 7461600
208322703362 12611952
208322703363 3494688
208322703424 7428504
208322703425 25416624
208322703426 12051840
208322703488 10689552
208322703489 10530720
208322703552 2303616
208322707456 1616076
208322707457 6963840
208322707458 3596592
208322707520 6510720
208322707521 7232976
208322707584 2870112
208322711552 1406976
208322711553 1731936
208322711616 1576464
208322715648 313728
208339468288 -138040
208339468289 -957516
208339468290 816552
208339468291 3265536
208339468292 1168992
208339468293 50688
208339468352 -957516
208339468353 2243640
208339468354 11890800
208339468355 7080096
208339468356 737568
208339468416 816552
208339468417 11890800
208339468418 11855376
208339468419 2197536
208339468480 3265536
208339468481 7080096
208339468482 2197536
208339468544 1168992
208339468545 737568
208339468608 50688
208339472384 -1550344
208339472385 493608
208339472386 11786544
208339472387 8005488
208339472388 845280
208339472448 493608
208339472449 26084736
208339472450 29926656
208339472451 5832288
208339472512 11786544
208339472513 29926656
208339472514 10299456
208339472576 8005488
208339472577 5832288
208339472640 845280
208339476480 -983832
208339476481 12428496
208339476482 16906656
208339476483 3485616
208339476544 12428496
208339476545 37308048
208339476546 14006592
208339476608 16906656
208339476609 14006592
208339476672 3485616
208339480576 3645216
208339480577 13855488
208339480578 5658336
208339480640 13855488
208339480641 12820416
208339480704 5658336
208339484672 3777732
208339484673 3886248
208339484736 3886248
208339488768 936624
208356245504 -439628
208356245505 605664
208356245506 3563376
208356245507 1677024
208356245508 93312
208356245568 455208
208356245569 8400336
208356245570 7430400
208356245571 986400
208356245632 3940464
208356245633 8556192
208356245634 2253984
208356245696 2592960
208356245697 1642176
208356245760 296640
208356249600 -267624
208356249601 8420064
208356249602 8577360
208356249603 1189152
208356249664 8629200
208356249665 21437472
208356249666 6057696
208356249728 10722048
208356249729 7388352
208356249792 2206464
208356253696 3979200
208356253697 12181968
208356253698 3721776
208356253760 13270800
208356253761 10003872
208356253824 5115552
208356257792 4894176
208356257793 4085856
208356257856 4633824
208356261888 1404936
208373022720 100164
208373022721 1864608
208373022722 1296792
208373022723 93600
208373022784 2072088
208373022785 3893952
208373022786 742176
208373022848 2267856
208373022849 1227360
208373022912 477792
208373026816 2056656
208373026817 4533600
208373026818 925344
208373026880 5612256
208373026881 3232416
208373026944 2045952
208373030912 3173016
208373030913 2000592
208373030976 2712192
208373035008 1102272
208389799936 368688
208389799937 527760
208389799938 55008
208389800000 801696
208389800001 309024
208389800064 274272
208389804032 932064
208389804033 388512
208389804096 697248
208389808128 427632
208406577152 88056
208406577153 18144
208406577216 54720
208406581248 67968
208423354368 2592
209379655680 3486
209379655681 -52016
209379655682 -236888
209379655683 90912
209379655684 496992
209379655685 197760
209379655686 11520
209379655744 -36492
209379655745 -261344
209379655746 866136
209379655747 2418144
209379655748 1335552
209379655749 166848
209379655808 -94272
209379655809 981264
209379655810 3162576
209379655811 2249760
209379655812 437376
209379655872 283680
209379655873 1486848
209379655874 1345536
209379655875 334752
209379655936 188064
209379655937 250560
209379655938 70848
209379656000 2880
209379659776 -75688
209379659777 -577284
209379659778 232536
209379659779 2364480
209379659780 1543008
209379659781 189888
209379659840 -375608
209379659841 1473384
209379659842 7581552
209379659843 6417120
209379659844 1275264
209379659904 789024
209379659905 6324720
209379659906 7350192
209379659907 2087328
209379659968 1427808
209379659969 2780064
209379659970 1062432
209379660032 251136
209379660033 140544
209379663872 -373092
209379663873 82836
209379663874 3730944
209379663875 3834240
209379663876 790176
209379663936 494496
209379663937 7426992
209379663938 10549248
209379663939 3259200
209379664000 2970480
209379664001 7563888
209379664002 3471120
209379664064 1375488
209379664065 1091520
209379664128 70272
209379667968 -76152
209379667969 2398920
209379667970 4246416
209379667971 1412832
209379668032 2266608
209379668033 7206864
209379668034 3747360
209379668096 2464608
209379668097 2427456
209379668160 363840
209379672064 528492
209379672065 2170392
209379672066 1250208
209379672128 1740696
209379672129 1995720
209379672192 606864
209379676160 415020
209379676161 538200
209379676224 399144
209379680256 89700
209396432896 -83468
209396432897 -616336
209396432898 434304
209396432899 2366304
209396432900 1210176
209396432901 107904
209396432960 -449696
209396432961 1739304
209396432962 7887072
209396432963 5540160
209396432964 864384
209396433024 838224
209396433025 6905568
209396433026 6930144
209396433027 1581888
209396433088 1639488
209396433089 2953440
209396433090 926784
209396433152 301824
209396433153 149760
209396436992 -895908
209396436993 356904
209396436994 8006976
209396436995 6735936
209396436996 1078272
209396437056 1015560
209396437057 16549728
209396437058 20145024
209396437059 4997952
209396437120 6818736
209396437121 15721344
209396437122 5913792
209396437184 3143520
209396437185 2112192
209396437248 158976
209396441088 -384900
209396441089 8161056
209396441090 12371424
209396441091 3307392
209396441152 7894368
209396441153 22653840
209396441154 9681408
209396441216 8324496
209396441217 6909408
209396441280 1154304
209396445184 2428584
209396445185 9205872
209396445186 4389984
209396445248 7880304
209396445249 7646112
209396445312 2531712
209396449280 2356944
209396449281 2620752
209396449344 2097600
209396453376 572592
209413210112 -439628
209413210113 455208
209413210114 3940464
209413210115 2592960
209413210116 296640
209413210176 605664
209413210177 8400336
209413210178 8556192
209413210179 1642176
209413210240 3563376
209413210241 7430400
209413210242 2253984
209413210304 1677024
209413210305 986400
209413210368 93312
209413214208 -267624
209413214209 8629200
209413214210 10722048
209413214211 2206464
209413214272 8420064
209413214273 21437472
209413214274 7388352
209413214336 8577360
209413214337 6057696
209413214400 1189152
209413218304 3979200
209413218305 13270800
209413218306 5115552
209413218368 12181968
209413218369 10003872
209413218432 3721776
209413222400 4894176
209413222401 4633824
209413222464 4085856
209413226496 1404936
209429987328 54360
209429987329 2784672
209429987330 2670528
209429987331 388608
209429987392 2784672
209429987393 5958528
209429987394 1574016
209429987456 2670528
209429987457 1574016
209429987520 388608
209429991424 2800512
209429991425 7537344
209429991426 2225472
209429991488 7537344
209429991489 5092992
209429991552 2225472
209429995520 4615824
209429995521 3584256
209429995584 3584256
209429999616 1652352
209446764544 684792
209446764545 1363968
209446764546 279552
209446764608 1541856
209446764609 798720
209446764672 441504
209446768640 1935648
209446768641 1146240
209446768704 1365120
209446772736 949920
209463541760 273984
209463541761 109440
209463541824 169344
209463545856 238848
209480318976 18240
210453397504 -15696
210453397505 -98282
210453397506 161844
210453397507 592488
210453397508 360912
210453397509 48960
210453397568 -47634
210453397569 517932
210453397570 1693440
210453397571 1267968
210453397572 260928
210453397632 231228
210453397633 1187664
210453397634 1110456
210453397635 290784
210453397696 204552
210453397697 275904
210453397698 78624
210453397760 5904
210453401600 -140984
210453401601 260616
210453401602 1899168
210453401603 1732800
210453401604 367488
210453401664 423960
210453401665 3410448
210453401666 4057920
210453401667 1193184
210453401728 1155552
210453401729 2276784
210453401730 889056
210453401792 277920
210453401793 153216
210453405696 51084
210453405697 1890420
210453405698 2845416
210453405699 911328
210453405760 1619652
210453405761 4161096
210453405762 1925712
210453405824 1134216
210453405825 897408
210453405888 76608
210453409792 573768
210453409793 1952184
210453409794 1026336
210453409856 1364376
210453409857 1329120
210453409920 299136
210453413888 473670
210453413889 541920
210453413952 332280
210453417984 108384
210470174720 -151370
210470174721 331368
210470174722 1947240
210470174723 1493184
210470174724 254592
210470174784 455916
210470174785 3631296
210470174786 3766560
210470174787 912768
210470174848 1299984
210470174849 2338128
210470174850 750528
210470174912 325440
210470174913 154944
210470178816 111624
210470178817 4114560
210470178818 5365920
210470178819 1417152
210470178880 3627984
210470178881 8479200
210470178882 3276480
210470178944 2525040
210470178945 1697472
210470179008 169344
210470182912 1934868
210470182913 6024720
210470182914 2669568
210470182976 4517160
210470182977 3777504
210470183040 940032
210470187008 2093496
210470187009 2085504
210470187072 1389600
210470191104 571680
210486951936 100164
210486951937 2072088
210486951938 2267856
210486951939 477792
210486952000 1864608
210486952001 3893952
210486952002 1227360
210486952064 1296792
210486952065 742176
210486952128 93600
210486956032 2056656
210486956033 5612256
210486956034 2045952
210486956096 4533600
210486956097 3232416
210486956160 925344
210486960128 3173016
210486960129 2712192
210486960192 2000592
210486964224 1102272
210503729152 684792
210503729153 1541856
210503729154 441504
210503729216 1363968
210503729217 798720
210503729280 279552
210503733248 1935648
210503733249 1365120
210503733312 1146240
210503737344 949920
210520506368 390000
210520506369 211680
210520506432 211680
210520510464 353280
210537283584 42336
211527139328 -12594
211527139329 94620
211527139330 339984
211527139331 272448
211527139332 60288
211527139392 95832
211527139393 495072
211527139394 484272
211527139395 135648
211527139456 127512
211527139457 176832
211527139458 52704
211527139520 6336
211527143424 73512
211527143425 691728
211527143426 864480
211527143427 268704
211527143488 488736
211527143489 984960
211527143490 399456
211527143552 179424
211527143553 100224
211527147520 328980
211527147521 887784
211527147522 423984
211527147584 494352
211527147585 395712
211527147648 50112
211527151616 292440
211527151617 289632
211527151680 131904
211527155712 72408
211543916544 82332
211543916545 723264
211543916546 795552
211543916547 209856
211543916608 534240
211543916609 980928
211543916610 334656
211543916672 202176
211543916673 96192
211543920640 723984
211543920641 1777824
211543920642 726528
211543920704 1069056
211543920705 739008
211543920768 107136
211543924736 947784
211543924737 823008
211543924800 410112
211543928832 301728
211560693760 368688
211560693761 801696
211560693762 274272
211560693824 527760
211560693825 309024
211560693888 55008
211560697856 932064
211560697857 697248
211560697920 388512
211560701952 427632
211577470976 273984
211577470977 169344
211577471040 109440
211577475072 238848
211594248192 42336
212600881152 15516
212600881153 83280
212600881154 85752
212600881155 25728
212600881216 43128
212600881217 62208
212600881218 19872
212600881280 3744
212600885248 83136
212600885249 173520
212600885250 73728
212600885312 63648
212600885313 36864
212600889344 87624
212600889345 72000
212600889408 18432
212600893440 24000
212617658368 88464
212617658369 168624
212617658370 62208
212617658432 68544
212617658433 33984
212617662464 184464
212617662465 133632
212617662528 38016
212617666560 73728
212634435584 88056
212634435585 54720
212634435648 18144
212634439680 67968
212651212800 18240
213674622976 6120
213674622977 9216
213674622978 3168
213674623040 1152
213674627072 9504
213674627073 5760
213674631168 2880
213691400192 9792
213691400193 5184
213691404288 5760
213708177408 2592
214748364800 144
274877906944 -168
274877906945 -608
274877906946 2704
274877906947 7848
274877906948 -16656
274877906949 1536
274877906950 6336
274877907008 -608
274877907009 3424
274877907010 18764
274877907011 -52104
274877907012 40752
274877907013 99744
274877907014 15552
274877907072 2704
274877907073 18764
274877907074 -70168
274877907075 100776
274877907076 344336
274877907077 119232
274877907078 5760
274877907136 7848
274877907137 -52104
274877907138 100776
274877907139 493696
274877907140 278256
274877907141 32160
274877907200 -16656
274877907201 40752
274877907202 344336
274877907203 278256
274877907204 53568
274877907264 1536
274877907265 99744
274877907266 119232
274877907267 32160
274877907328 6336
274877907329 15552
274877907330 5760
274877911040 384
274877911041 5814
274877911042 11504
274877911043 -68640
274877911044 9888
274877911045 91968
274877911046 15552
274877911104 5814
274877911105 17500
274877911106 -161624
274877911107 108784
274877911108 670048
274877911109 248256
274877911110 11520
274877911168 11504
274877911169 -161624
274877911170 196232
274877911171 1533112
274877911172 958752
274877911173 108000
274877911232 -68640
274877911233 108784
274877911234 1533112
274877911235 1448880
274877911236 287712
274877911296 9888
274877911297 670048
274877911298 958752
274877911299 287712
274877911360 91968
274877911361 248256
274877911362 108000
274877911424 15552
274877911425 11520
274877915136 4284
274877915137 -2324
274877915138 -98120
274877915139 1840
274877915140 296288
274877915141 121248
274877915142 5760
274877915200 -2324
274877915201 -173312
274877915202 81788
274877915203 1430424
274877915204 996624
274877915205 113760
274877915264 -98120
274877915265 81788
274877915266 2262088
274877915267 2468520
274877915268 510768
274877915328 1840
274877915329 1430424
274877915330 2468520
274877915331 816192
274877915392 296288
274877915393 996624
274877915394 510768
274877915456 121248
274877915457 113760
274877915520 5760
274877919232 -4596
274877919233 -70482
274877919234 -13616
274877919235 411744
274877919236 319008
274877919237 37920
274877919296 -70482
274877919297 252
274877919298 1366328
274877919299 1687152
274877919300 366912
274877919360 -13616
274877919361 1366328
274877919362 2759256
274877919363 993504
274877919424 411744
274877919425 1687152
274877919426 993504
274877919488 319008
274877919489 366912
274877919552 37920
274877923328 -21056
274877923329 -16324
274877923330 290192
274877923331 399624
274877923332 91728
274877923392 -16324
274877923393 607416
274877923394 1395324
274877923395 541080
274877923456 290192
274877923457 1395324
274877923458 919296
274877923520 399624
274877923521 541080
274877923584 91728
274877927424 -5968
274877927425 101838
274877927426 261648
274877927427 108216
274877927488 101838
274877927489 558468
274877927490 402552
274877927552 261648
274877927553 402552
274877927616 108216
274877931520 14042
274877931521 86586
274877931522 67092
274877931584 86586
274877931585 147168
274877931648 67092
274877935616 11442
274877935617 21024
274877935680 21024
274877939712 2628
274894684160 496
274894684161 7436
274894684162 5784
274894684163 -76368
274894684164 40608
274894684165 81408
274894684166 8064
274894684224 8812
274894684225 5272
274894684226 -201672
274894684227 228288
274894684228 667872
274894684229 171648
274894684230 4608
274894684288 9452
274894684289 -218960
274894684290 340416
274894684291 1636448
274894684292 784512
274894684293 61632
274894684352 -95664
274894684353 150216
274894684354 1723920
274894684355 1347984
274894684356 207648
274894684416 -11328
274894684417 766384
274894684418 1010016
274894684419 255072
274894684480 92928
274894684481 286560
274894684482 115968
274894684544 17280
274894684545 14400
274894688256 13794
274894688257 -18092
274894688258 -260568
274894688259 103632
274894688260 610848
274894688261 169344
274894688262 4608
274894688320 -15428
274894688321 -513076
274894688322 428280
274894688323 3171856
274894688324 1637856
274894688325 127872
274894688384 -310052
274894688385 291616
274894688386 5283960
274894688387 4574112
274894688388 713376
274894688448 -58352
274894688449 3419408
274894688450 5087424
274894688451 1361376
274894688512 681856
274894688513 2251392
274894688514 999072
274894688576 288576
274894688577 256128
274894688640 14400
274894692352 -22100
274894692353 -326380
274894692354 49776
274894692355 1417952
274894692356 796320
274894692357 63936
274894692416 -357452
274894692417 83488
274894692418 4978704
274894692419 4725120
274894692420 758592
274894692480 -125932
274894692481 5117288
274894692482 8512440
274894692483 2411952
274894692544 1513272
274894692545 5658912
274894692546 2771472
274894692608 1140432
274894692609 1157856
274894692672 132960
274894696448 -145758
274894696449 -77092
274894696450 1460280
274894696451 1513392
274894696452 252864
274894696512 -142872
274894696513 3160144
274894696514 5791680
274894696515 1731264
274894696576 1497320
274894696577 6257712
274894696578 3335184
274894696640 1907328
274894696641 2191104
274894696704 408960
274894700544 -61036
274894700545 682840
274894700546 1377456
274894700547 432816
274894700608 683088
274894700609 3165204
274894700610 1808520
274894700672 1573992
274894700673 1999416
274894700736 586800
274894704640 115242
274894704641 597432
274894704642 361704
274894704704 633048
274894704705 870984
274894704768 430680
274894708736 98958
274894708737 145164
274894708800 156660
274894712832 22380
274911461376 6250
274911461377 -15210
274911461378 -122472
274911461379 129552
274911461380 259200
274911461381 37728
274911461440 -16198
274911461441 -271536
274911461442 433668
274911461443 1523568
274911461444 526896
274911461445 20736
274911461504 -182632
274911461505 310116
274911461506 2741304
274911461507 1794000
274911461508 188352
274911461568 -28944
274911461569 1864392
274911461570 2326992
274911461571 482832
274911461632 354704
274911461633 1166448
274911461634 452016
274911461696 155232
274911461697 140544
274911461760 8640
274911465472 -30994
274911465473 -361266
274911465474 251964
274911465475 1407720
274911465476 519408
274911465477 20736
274911465536 -442874
274911465537 391488
274911465538 5346456
274911465539 3726624
274911465540 391680
274911465600 -129040
274911465601 5755560
274911465602 7721952
274911465603 1634640
274911465664 1672672
274911465665 5745552
274911465666 2324352
274911465728 1244784
274911465729 1159296
274911465792 152064
274911469568 -281906
274911469569 -3462
274911469570 2430816
274911469571 1816776
274911469572 195840
274911469632 -243346
274911469633 5515440
274911469634 7933896
274911469635 1727712
274911469696 2595040
274911469697 9502392
274911469698 4032288
274911469760 3118536
274911469761 3104592
274911469824 660048
274911473664 -156806
274911473665 1634064
274911473666 2553672
274911473667 575904
274911473728 1632536
274911473729 6464904
274911473730 2870112
274911473792 3450576
274911473793 3662304
274911473856 1211472
274911477760 349136
274911477761 1546512
274911477762 717528
274911477824 1753992
274911477825 1970580
274911477888 1087188
274911481856 332940
274911481857 394116
274911481920 470592
274911485952 78432
274928238592 -12318
274928238593 -95748
274928238594 165768
274928238595 381840
274928238596 74304
274928238656 -137196
274928238657 305736
274928238658 1646376
274928238659 769104
274928238660 39744
274928238720 22380
274928238721 1944560
274928238722 1973376
274928238723 280800
274928238784 586720
274928238785 1733424
274928238786 555456
274928238848 415104
274928238849 356400
274928238912 54720
274928242688 -183414
274928242689 177252
274928242690 1546872
274928242691 761328
274928242692 39744
274928242752 -36260
274928242753 3834640
274928242754 4068288
274928242755 577152
274928242816 1867624
274928242817 5655000
274928242818 1821312
274928242880 2054232
274928242881 1761936
274928242944 443760
274928246784 -108674
274928246785 1761428
274928246786 1995408
274928246787 288576
274928246848 1820244
274928246849 5798952
274928246850 1898784
274928246912 3403968
274928246913 2978568
274928246976 1156152
274928250880 531708
274928250881 1877040
274928250882 632928
274928250944 2327616
274928250945 2097600
274928251008 1339704
274928254976 558960
274928254977 524400
274928255040 715740
274928259072 143148
274945015808 -32574
274945015809 91818
274945015810 300432
274945015811 79560
274945015872 52566
274945015873 861984
274945015874 610164
274945015875 42336
274945015936 472688
274945015937 1068012
274945015938 233280
274945016000 458016
274945016001 319968
274945016064 102000
274945019904 13182
274945019905 822186
274945019906 608436
274945019907 42336
274945019968 944722
274945019969 2188188
274945019970 470016
274945020032 1490268
274945020033 1014768
274945020096 493248
274945024000 430946
274945024001 1080378
274945024002 235008
274945024064 1533882
274945024065 1042200
274945024128 818304
274945028096 498222
274945028097 347400
274945028160 571680
274945032192 142920
274961793024 16530
274961793025 123120
274961793026 49176
274961793088 171048
274961793089 255672
274961793090 26784
274961793152 223356
274961793153 103968
274961793216 71856
274961797120 164154
274961797121 257112
274961797122 26784
274961797184 456924
274961797185 205056
274961797248 222720
274961801216 226674
274961801217 102528
274961801280 226296
274961805312 75432
274978570240 20400
274978570241 16632
274978570304 43812
274978570305 9504
274978570368 19008
274978574336 44388
274978574337 9504
274978574400 36864
274978578432 18432
274995347456 2376
274995347520 1440
274995351552 1440
275951648768 496
275951648769 8812
275951648770 9452
275951648771 -95664
275951648772 -11328
275951648773 92928
275951648774 17280
275951648832 7436
275951648833 5272
275951648834 -218960
275951648835 150216
275951648836 766384
275951648837 286560
275951648838 14400
275951648896 5784
275951648897 -201672
275951648898 340416
275951648899 1723920
275951648900 1010016
275951648901 115968
275951648960 -76368
275951648961 228288
275951648962 1636448
275951648963 1347984
275951648964 255072
275951649024 40608
275951649025 667872
275951649026 784512
275951649027 207648
275951649088 81408
275951649089 171648
275951649090 61632
275951649152 8064
275951649153 4608
275951652864 13794
275951652865 -15428
275951652866 -310052
275951652867 -58352
275951652868 681856
275951652869 288576
275951652870 14400
275951652928 -18092
275951652929 -513076
275951652930 291616
275951652931 3419408
275951652932 2251392
275951652933 256128
275951652992 -260568
275951652993 428280
275951652994 5283960
275951652995 5087424
275951652996 999072
275951653056 103632
275951653057 3171856
275951653058 4574112
275951653059 1361376
275951653120 610848
275951653121 1637856
275951653122 713376
275951653184 169344
275951653185 127872
275951653248 4608
275951656960 -22100
275951656961 -357452
275951656962 -125932
275951656963 1513272
275951656964 1140432
275951656965 132960
275951657024 -326380
275951657025 83488
275951657026 5117288
275951657027 5658912
275951657028 1157856
275951657088 49776
275951657089 4978704
275951657090 8512440
275951657091 2771472
275951657152 1417952
275951657153 4725120
275951657154 2411952
275951657216 796320
275951657217 758592
275951657280 63936
275951661056 -145758
275951661057 -142872
275951661058 1497320
275951661059 1907328
275951661060 408960
275951661120 -77092
275951661121 3160144
275951661122 6257712
275951661123 2191104
275951661184 1460280
275951661185 5791680
275951661186 3335184
275951661248 1513392
275951661249 1731264
275951661312 252864
275951665152 -61036
275951665153 683088
275951665154 1573992
275951665155 586800
275951665216 682840
275951665217 3165204
275951665218 1999416
275951665280 1377456
275951665281 1808520
275951665344 432816
275951669248 115242
275951669249 633048
275951669250 430680
275951669312 597432
275951669313 870984
275951669376 361704
275951673344 98958
275951673345 156660
275951673408 145164
275951677440 22380
275968425984 15124
275968425985 -27620
275968425986 -339312
275968425987 68064
275968425988 670848
275968425989 195840
275968425990 5760
275968426048 -27620
275968426049 -623632
275968426050 587424
275968426051 3563584
275968426052 1796736
275968426053 144000
275968426112 -339312
275968426113 587424
275968426114 5747040
275968426115 4527984
275968426116 685824
275968426176 68064
275968426177 3563584
275968426178 4527984
275968426179 1102080
275968426240 670848
275968426241 1796736
275968426242 685824
275968426304 195840
275968426305 144000
275968426368 5760
275968430080 -58832
275968430081 -894112
275968430082 -32496
275968430083 3266944
275968430084 1846848
275968430085 149760
275968430144 -894112
275968430145 398648
275968430146 11547504
275968430147 10209120
275968430148 1580544
275968430208 -32496
275968430209 11547504
275968430210 16851024
275968430211 4388064
275968430272 3266944
275968430273 10209120
275968430274 4388064
275968430336 1846848
275968430337 1580544
275968430400 149760
275968434176 -616868
275968434177 -465260
275968434178 5224512
275968434179 5247984
275968434180 842880
275968434240 -465260
275968434241 11344528
275968434242 18807840
275968434243 5189472
275968434304 5224512
275968434305 18807840
275968434306 8919840
275968434368 5247984
275968434369 5189472
275968434432 842880
275968438272 -403440
275968438273 3330736
275968438274 6408240
275968438275 1868160
275968438336 3330736
275968438337 13863216
275968438338 7117920
275968438400 6408240
275968438401 7117920
275968438464 1868160
275968442368 698280
275968442369 3511500
275968442370 1931760
275968442432 3511500
275968442433 4283040
275968442496 1931760
275968446464 704340
275968446465 930840
275968446528 930840
275968450560 168360
275985203200 -37798
275985203201 -430212
275985203202 236244
275985203203 1570368
275985203204 602352
275985203205 25920
275985203264 -483116
275985203265 562944
275985203266 5870976
275985203267 3954384
275985203268 419616
275985203328 24744
275985203329 6119496
275985203330 7400016
275985203331 1478208
275985203392 1726448
275985203393 5037120
275985203394 1817424
275985203456 985728
275985203457 794304
275985203520 86400
275985207296 -687974
275985207297 -120204
275985207298 5515872
275985207299 4130736
275985207300 447840
275985207360 -411620
275985207361 12431616
275985207362 16678920
275985207363 3457248
275985207424 5699064
275985207425 18421848
275985207426 7103952
275985207488 5554176
275985207489 4862592
275985207552 909312
275985211392 -659290
275985211393 5653140
275985211394 8667432
275985211395 1878480
275985211456 5620988
275985211457 20549736
275985211458 8419176
275985211520 10182504
275985211521 9684312
275985211584 2877456
275985215488 1587284
275985215489 7038648
275985215490 3066600
275985215552 7510896
275985215553 7708584
275985215616 3876120
275985219584 1900380
275985219585 2105460
275985219648 2322240
275985223680 505920
276001980416 -200640
276001980417 185472
276001980418 1708680
276001980419 869616
276001980420 48960
276001980480 32280
276001980481 4124152
276001980482 4191120
276001980483 590688
276001980544 1965192
276001980545 5324976
276001980546 1590816
276001980608 1790592
276001980609 1374384
276001980672 308064
276001984512 -254240
276001984513 3926440
276001984514 4434192
276001984515 643680
276001984576 4018256
276001984577 11937288
276001984578 3699456
276001984640 6499128
276001984641 5192784
276001984704 1821360
276001988608 1775904
276001988609 6238464
276001988610 2032320
276001988672 7247160
276001988673 6094392
276001988736 3541704
276001992704 2476536
276001992705 2229000
276001992768 2794728
276001996800 763020
276018757632 21582
276018757633 892176
276018757634 674964
276018757635 50400
276018757696 1005016
276018757697 2195976
276018757698 460512
276018757760 1388496
276018757761 873744
276018757824 388416
276018761728 950386
276018761729 2342028
276018761730 508320
276018761792 3099816
276018761793 1993824
276018761856 1423824
276018765824 1618914
276018765825 1098120
276018765888 1648512
276018769920 601440
276035534848 175944
276035534849 274968
276035534850 30240
276035534912 449064
276035534913 193824
276035534976 191280
276035538944 480300
276035538945 214560
276035539008 427200
276035543040 234360
276052312064 45828
276052312065 10080
276052312128 33984
276052316160 37440
276069089280 1440
277025390592 6250
277025390593 -16198
277025390594 -182632
277025390595 -28944
277025390596 354704
277025390597 155232
277025390598 8640
277025390656 -15210
277025390657 -271536
277025390658 310116
277025390659 1864392
277025390660 1166448
277025390661 140544
277025390720 -122472
277025390721 433668
277025390722 2741304
277025390723 2326992
277025390724 452016
277025390784 129552
277025390785 1523568
277025390786 1794000
277025390787 482832
277025390848 259200
277025390849 526896
277025390850 188352
277025390912 37728
277025390913 20736
277025394688 -30994
277025394689 -442874
277025394690 -129040
277025394691 1672672
277025394692 1244784
277025394693 152064
277025394752 -361266
277025394753 391488
277025394754 5755560
277025394755 5745552
277025394756 1159296
277025394816 251964
277025394817 5346456
277025394818 7721952
277025394819 2324352
277025394880 1407720
277025394881 3726624
277025394882 1634640
277025394944 519408
277025394945 391680
277025395008 20736
277025398784 -281906
277025398785 -243346
277025398786 2595040
277025398787 3118536
277025398788 660048
277025398848 -3462
277025398849 5515440
277025398850 9502392
277025398851 3104592
277025398912 2430816
277025398913 7933896
277025398914 4032288
277025398976 1816776
277025398977 1727712
277025399040 195840
277025402880 -156806
277025402881 1632536
277025402882 3450576
277025402883 1211472
277025402944 1634064
277025402945 6464904
277025402946 3662304
277025403008 2553672
277025403009 2870112
277025403072 575904
277025406976 349136
277025406977 1753992
277025406978 1087188
277025407040 1546512
277025407041 1970580
277025407104 717528
277025411072 332940
277025411073 470592
277025411136 394116
277025415168 78432
277042167808 -37798
277042167809 -483116
277042167810 24744
277042167811 1726448
277042167812 985728
277042167813 86400
277042167872 -430212
277042167873 562944
277042167874 6119496
277042167875 5037120
277042167876 794304
277042167936 236244
277042167937 5870976
277042167938 7400016
277042167939 1817424
277042168000 1570368
277042168001 3954384
277042168002 1478208
277042168064 602352
277042168065 419616
277042168128 25920
277042171904 -687974
277042171905 -411620
277042171906 5699064
277042171907 5554176
277042171908 909312
277042171968 -120204
277042171969 12431616
277042171970 18421848
277042171971 4862592
277042172032 5515872
277042172033 16678920
277042172034 7103952
277042172096 4130736
277042172097 3457248
277042172160 447840
277042176000 -659290
277042176001 5620988
277042176002 10182504
277042176003 2877456
277042176064 5653140
277042176065 20549736
277042176066 9684312
277042176128 8667432
277042176129 8419176
277042176192 1878480
277042180096 1587284
277042180097 7510896
277042180098 3876120
277042180160 7038648
277042180161 7708584
277042180224 3066600
277042184192 1900380
277042184193 2322240
277042184256 2105460
277042188288 505920
277058945024 -344764
277058945025 27360
277058945026 2895456
277058945027 2158368
277058945028 249408
277058945088 27360
277058945089 6466320
277058945090 7938936
277058945091 1626336
277058945152 2895456
277058945153 7938936
277058945154 2793024
277058945216 2158368
277058945217 1626336
277058945280 249408
277058949120 -590020
277058949121 6105348
277058949122 8933208
277058949123 1939584
277058949184 6105348
277058949185 19664712
277058949186 7554816
277058949248 8933208
277058949249 7554816
277058949312 1939584
277058953216 2632228
277058953217 10937508
277058953218 4578768
277058953280 10937508
277058953281 10275312
277058953344 4578768
277058957312 3966972
277058957313 4156512
277058957376 4156512
277058961408 1252920
277075722240 -71688
277075722241 2043848
277075722242 2249712
277075722243 342144
277075722304 2091192
277075722305 5538864
277075722306 1647792
277075722368 2783832
277075722369 1998432
277075722432 618864
277075726336 1930780
277075726337 6285840
277075726338 2015568
277075726400 6828504
277075726401 5325072
277075726464 2756640
277075730432 3774396
277075730433 3251616
277075730496 3686592
277075734528 1485744
277092499456 497456
277092499457 1152444
277092499458 255456
277092499520 1416168
277092499521 854352
277092499584 547488
277092503552 1603884
277092503553 1051872
277092503616 1419552
277092507648 861096
277109276672 230604
277109276673 101952
277109276736 179136
277109280768 218640
277126053888 16992
278099132416 -12318
278099132417 -137196
278099132418 22380
278099132419 586720
278099132420 415104
278099132421 54720
278099132480 -95748
278099132481 305736
278099132482 1944560
278099132483 1733424
278099132484 356400
278099132544 165768
278099132545 1646376
278099132546 1973376
278099132547 555456
278099132608 381840
278099132609 769104
278099132610 280800
278099132672 74304
278099132673 39744
278099136512 -183414
278099136513 -36260
278099136514 1867624
278099136515 2054232
278099136516 443760
278099136576 177252
278099136577 3834640
278099136578 5655000
278099136579 1761936
278099136640 1546872
278099136641 4068288
278099136642 1821312
278099136704 761328
278099136705 577152
278099136768 39744
278099140608 -108674
278099140609 1820244
278099140610 3403968
278099140611 1156152
278099140672 1761428
278099140673 5798952
278099140674 2978568
278099140736 1995408
278099140737 1898784
278099140800 288576
278099144704 531708
278099144705 2327616
278099144706 1339704
278099144768 1877040
278099144769 2097600
278099144832 632928
278099148800 558960
278099148801 715740
278099148864 524400
278099152896 143148
278115909632 -200640
278115909633 32280
278115909634 1965192
278115909635 1790592
278115909636 308064
278115909696 185472
278115909697 4124152
278115909698 5324976
278115909699 1374384
278115909760 1708680
278115909761 4191120
278115909762 1590816
278115909824 869616
278115909825 590688
278115909888 48960
278115913728 -254240
278115913729 4018256
278115913730 6499128
278115913731 1821360
278115913792 3926440
278115913793 11937288
278115913794 5192784
278115913856 4434192
278115913857 3699456
278115913920 643680
278115917824 1775904
278115917825 7247160
278115917826 3541704
278115917888 6238464
278115917889 6094392
278115917952 2032320
278115921920 2476536
278115921921 2794728
278115921984 2229000
278115926016 763020
278132686848 -71688
278132686849 2091192
278132686850 2783832
278132686851 618864
278132686912 2043848
278132686913 5538864
278132686914 1998432
278132686976 2249712
278132686977 1647792
278132687040 342144
278132690944 1930780
278132690945 6828504
278132690946 2756640
278132691008 6285840
278132691009 5325072
278132691072 2015568
278132695040 3774396
278132695041 3686592
278132695104 3251616
278132699136 1485744
278149464064 676432
278149464065 1904400
278149464066 604368
278149464128 1904400
278149464129 1349280
278149464192 604368
278149468160 2330040
278149468161 1884000
278149468224 1884000
278149472256 1293120
278166241280 477912
278166241281 298560
278166241344 353280
278166245376 486960
278183018496 59712
279172874240 -32574
279172874241 52566
279172874242 472688
279172874243 458016
279172874244 102000
279172874304 91818
279172874305 861984
279172874306 1068012
279172874307 319968
279172874368 300432
279172874369 610164
279172874370 233280
279172874432 79560
279172874433 42336
279172878336 13182
279172878337 944722
279172878338 1490268
279172878339 493248
279172878400 822186
279172878401 2188188
279172878402 1014768
279172878464 608436
279172878465 470016
279172878528 42336
279172882432 430946
279172882433 1533882
279172882434 818304
279172882496 1080378
279172882497 1042200
279172882560 235008
279172886528 498222
279172886529 571680
279172886592 347400
279172890624 142920
279189651456 21582
279189651457 1005016
279189651458 1388496
279189651459 388416
279189651520 892176
279189651521 2195976
279189651522 873744
279189651584 674964
279189651585 460512
279189651648 50400
279189655552 950386
279189655553 3099816
279189655554 1423824
279189655616 2342028
279189655617 1993824
279189655680 508320
279189659648 1618914
279189659649 1648512
279189659712 1098120
279189663744 601440
279206428672 497456
279206428673 1416168
279206428674 547488
279206428736 1152444
279206428737 854352
279206428800 255456
279206432768 1603884
279206432769 1419552
279206432832 1051872
279206436864 861096
279223205888 477912
279223205889 353280
279223205952 298560
279223209984 486960
279239983104 88320
280246616064 16530
280246616065 171048
280246616066 223356
280246616067 71856
280246616128 123120
280246616129 255672
280246616130 103968
280246616192 49176
280246616193 26784
280246620160 164154
280246620161 456924
280246620162 222720
280246620224 257112
280246620225 205056
280246620288 26784
280246624256 226674
280246624257 226296
280246624320 102528
280246628352 75432
280263393280 175944
280263393281 449064
280263393282 191280
280263393344 274968
280263393345 193824
280263393408 30240
280263397376 480300
280263397377 427200
280263397440 214560
280263401472 234360
280280170496 230604
280280170497 179136
280280170560 101952
280280174592 218640
280296947712 59712
281320357888 20400
281320357889 43812
281320357890 19008
281320357952 16632
281320357953 9504
281320361984 44388
281320361985 36864
281320362048 9504
281320366080 18432
281337135104 45828
281337135105 33984
281337135168 10080
281337139200 37440
281353912320 16992
282394099712 2376
282394099713 1440
282394103808 1440
282410876928 1440
343597383680 -80
343597383681 1350
343597383682 4404
343597383683 -13200
343597383684 -3264
343597383685 17664
343597383686 3456
343597383744 1350
343597383745 6556
343597383746 -32880
343597383747 8800
343597383748 143056
343597383749 58176
343597383750 2880
343597383808 4404
343597383809 -32880
343597383810 22136
343597383811 331336
343597383812 220416
343597383813 25152
343597383872 -13200
343597383873 8800
343597383874 331336
343597383875 328368
343597383876 63840
343597383936 -3264
343597383937 143056
343597383938 220416
343597383939 63840
343597384000 17664
343597384001 58176
343597384002 25152
343597384064 3456
343597384065 2880
343597387776 2476
343597387777 3196
343597387778 -43808
343597387779 -18568
343597387780 124336
343597387781 56736
343597387782 2880
343597387840 3196
343597387841 -78904
343597387842 -6464
343597387843 623712
343597387844 460320
343597387845 53184
343597387904 -43808
343597387905 -6464
343597387906 993776
343597387907 1121664
343597387908 227424
343597387968 -18568
343597387969 623712
343597387970 1121664
343597387971 357024
343597388032 124336
343597388033 460320
343597388034 227424
343597388096 56736
343597388097 53184
343597388160 2880
343597391872 -580
343597391873 -51762
343597391874 -34824
343597391875 267696
343597391876 221184
343597391877 26592
343597391936 -51762
343597391937 -42540
343597391938 912288
343597391939 1153776
343597391940 245376
343597392000 -34824
343597392001 912288
343597392002 1875288
343597392003 647952
343597392064 267696
343597392065 1153776
343597392066 647952
343597392128 221184
343597392129 245376
343597392192 26592
343597395968 -21772
343597395969 -32380
343597395970 259256
343597395971 365856
343597395972 81792
343597396032 -32380
343597396033 551544
343597396034 1268736
343597396035 469440
343597396096 259256
343597396097 1268736
343597396098 790224
343597396160 365856
343597396161 469440
343597396224 81792
343597400064 -12224
343597400065 116490
343597400066 299400
343597400067 117360
343597400128 116490
343597400129 637860
343597400130 430680
343597400192 299400
343597400193 430680
343597400256 117360
343597404160 19392
343597404161 119712
343597404162 86136
343597404224 119712
343597404225 187992
343597404288 86136
343597408256 18642
343597408257 31332
343597408320 31332
343597412352 4476
343614160896 2994
343614160897 1464
343614160898 -50880
343614160899 3360
343614160900 123840
343614160901 38592
343614160902 1152
343614160960 2428
343614160961 -100296
343614160962 45144
343614160963 660880
343614160964 369216
343614160965 29952
343614161024 -57840
343614161025 17584
343614161026 1098576
343614161027 1009344
343614161028 158208
343614161088 -30416
343614161089 704024
343614161090 1121376
343614161091 296352
343614161152 130816
343614161153 502848
343614161154 223968
343614161216 62784
343614161217 60480
343614161280 3456
343614164992 -1784
343614164993 -134716
343614164994 -34128
343614164995 584848
343614164996 358848
343614164997 29952
343614165056 -144784
343614165057 -57460
343614165058 2087664
343614165059 2093472
343614165060 337152
343614165120 -110060
343614165121 2133856
343614165122 3744096
343614165123 1043616
343614165184 604440
343614165185 2503488
343614165186 1208064
343614165248 506016
343614165249 522816
343614165312 62784
343614169088 -94074
343614169089 -107112
343614169090 916104
343614169091 1008096
343614169092 168576
343614169152 -151728
343614169153 2000244
343614169154 3830880
343614169155 1120896
343614169216 920076
343614169217 4139712
343614169218 2149440
343614169280 1264896
343614169281 1438176
343614169344 277824
343614173184 -77920
343614173185 575116
343614173186 1220736
343614173187 373632
343614173248 567768
343614173249 2801904
343614173250 1545408
343614173312 1392816
343614173313 1720512
343614173376 515808
343614177280 118398
343614177281 665184
343614177282 386352
343614177344 704088
343614177345 930840
343614177408 465672
343614181376 132936
343614181377 186168
343614181440 202032
343614185472 33672
343630938112 -2466
343630938113 -67926
343630938114 27300
343630938115 285912
343630938116 117648
343630938117 5184
343630938176 -80574
343630938177 38868
343630938178 1084032
343630938179 816288
343630938180 89568
343630938240 -46924
343630938241 1157208
343630938242 1659864
343630938243 355584
343630938304 322912
343630938305 1240008
343630938306 506400
343630938368 266208
343630938369 261936
343630938432 35136
343630942208 -107516
343630942209 -49320
343630942210 981552
343630942211 796176
343630942212 89568
343630942272 -146240
343630942273 2232660
343630942274 3417768
343630942275 751392
343630942336 1015508
343630942337 4079712
343630942338 1733040
343630942400 1335024
343630942401 1360896
343630942464 298416
343630946304 -128178
343630946305 989844
343630946306 1655424
343630946307 375696
343630946368 968364
343630946369 4170948
343630946370 1839960
343630946432 2215644
343630946433 2364816
343630946496 799656
343630950400 271928
343630950401 1336404
343630950402 613320
343630950464 1508088
343630950465 1684368
343630950528 941112
343630954496 359340
343630954497 421092
343630954560 505920
343630958592 101184
343647715328 -32586
343647715329 23364
343647715330 309192
343647715331 168624
343647715332 9792
343647715392 -16088
343647715393 759160
343647715394 865584
343647715395 128736
343647715456 362968
343647715457 1189560
343647715458 391200
343647715520 431664
343647715521 384000
343647715584 99072
343647719424 -53992
343647719425 698488
343647719426 850320
343647719427 128736
343647719488 710964
343647719489 2438664
343647719490 812928
343647719552 1422360
343647719553 1275600
343647719616 504672
343647723520 309432
343647723521 1188432
343647723522 406464
343647723584 1461588
343647723585 1337400
343647723648 862752
343647727616 469572
343647727617 445800
343647727680 610416
343647731712 152604
343664492544 1518
343664492545 161298
343664492546 130212
343664492547 10080
343664492608 183898
343664492609 452556
343664492610 101664
343664492672 306996
343664492673 215232
343664492736 106512
343664496640 168916
343664496641 448164
343664496642 101664
343664496704 630180
343664496705 439248
343664496768 347088
343664500736 308202
343664500737 219624
343664500800 360864
343664504832 120288
343681269760 31842
343681269761 52920
343681269762 6048
343681269824 92220
343681269825 42912
343681269888 46560
343681273856 91908
343681273857 42912
343681273920 93744
343681277952 46872
343698046976 8820
343698046977 2016
343698047040 7488
343698051072 7488
343714824192 288
344671125504 2994
344671125505 2428
344671125506 -57840
344671125507 -30416
344671125508 130816
344671125509 62784
344671125510 3456
344671125568 1464
344671125569 -100296
344671125570 17584
344671125571 704024
344671125572 502848
344671125573 60480
344671125632 -50880
344671125633 45144
344671125634 1098576
344671125635 1121376
344671125636 223968
344671125696 3360
344671125697 660880
344671125698 1009344
344671125699 296352
344671125760 123840
344671125761 369216
344671125762 158208
344671125824 38592
344671125825 29952
344671125888 1152
344671129600 -1784
344671129601 -144784
344671129602 -110060
344671129603 604440
344671129604 506016
344671129605 62784
344671129664 -134716
344671129665 -57460
344671129666 2133856
344671129667 2503488
344671129668 522816
344671129728 -34128
344671129729 2087664
344671129730 3744096
344671129731 1208064
344671129792 584848
344671129793 2093472
344671129794 1043616
344671129856 358848
344671129857 337152
344671129920 29952
344671133696 -94074
344671133697 -151728
344671133698 920076
344671133699 1264896
344671133700 277824
344671133760 -107112
344671133761 2000244
344671133762 4139712
344671133763 1438176
344671133824 916104
344671133825 3830880
344671133826 2149440
344671133888 1008096
344671133889 1120896
344671133952 168576
344671137792 -77920
344671137793 567768
344671137794 1392816
344671137795 515808
344671137856 575116
344671137857 2801904
344671137858 1720512
344671137920 1220736
344671137921 1545408
344671137984 373632
344671141888 118398
344671141889 704088
344671141890 465672
344671141952 665184
344671141953 930840
344671142016 386352
344671145984 132936
344671145985 202032
344671146048 186168
344671150080 33672
344687902720 -3512
344687902721 -163020
344687902722 -54984
344687902723 639040
344687902724 403584
344687902725 35712
344687902784 -163020
344687902785 -2392
344687902786 2316552
344687902787 2217648
344687902788 360960
344687902848 -54984
344687902849 2316552
344687902850 3626544
344687902851 963552
344687902912 639040
344687902913 2217648
344687902914 963552
344687902976 403584
344687902977 360960
344687903040 35712
344687906816 -233608
344687906817 -291748
344687906818 2059344
344687906819 2270736
344687906820 384768
344687906880 -291748
344687906881 4563584
344687906882 8098080
344687906883 2282208
344687906944 2059344
344687906945 8098080
344687906946 3863904
344687907008 2270736
344687907009 2282208
344687907072 384768
344687910912 -317496
344687910913 1978380
344687910914 4138968
344687910915 1233984
344687910976 1978380
344687910977 8957184
344687910978 4611360
344687911040 4138968
344687911041 4611360
344687911104 1233984
344687915008 535344
344687915009 3030552
344687915010 1672272
344687915072 3030552
344687915073 3683424
344687915136 1672272
344687919104 760788
344687919105 1003128
344687919168 1003128
344687923200 218232
344704679936 -120174
344704679937 -57456
344704679938 1073304
344704679939 888816
344704679940 105408
344704680000 -110732
344704680001 2435856
344704680002 3526440
344704680003 770304
344704680064 1097736
344704680065 3881472
344704680066 1543104
344704680128 1175088
344704680129 1075536
344704680192 207840
344704684032 -297956
344704684033 2198412
344704684034 3658824
344704684035 835776
344704684096 2171584
344704684097 8637384
344704684098 3639312
344704684160 4268952
344704684161 4186128
344704684224 1271280
344704688128 899652
344704688129 4440444
344704688130 1987632
344704688192 4723368
344704688193 4957152
344704688256 2513832
344704692224 1593432
344704692225 1805256
344704692288 1992912
344704696320 542640
344721457152 -50996
344721457153 757504
344721457154 928800
344721457155 147456
344721457216 773072
344721457217 2459064
344721457218 802080
344721457280 1338432
344721457281 1115616
344721457344 400128
344721461248 683460
344721461249 2572056
344721461250 879264
344721461312 2972232
344721461313 2591088
344721461376 1517184
344721465344 1525260
344721465345 1419168
344721465408 1776768
344721469440 645768
344738234368 183370
344738234369 475836
344738234370 111744
344738234432 624168
344738234433 419712
344738234496 301296
344738238464 654084
344738238465 461232
344738238528 687840
344738242560 375600
344755011584 95052
344755011585 44928
344755011648 87456
344755015680 95760
344771788800 7488
345744867328 -2466
345744867329 -80574
345744867330 -46924
345744867331 322912
345744867332 266208
345744867333 35136
345744867392 -67926
345744867393 38868
345744867394 1157208
345744867395 1240008
345744867396 261936
345744867456 27300
345744867457 1084032
345744867458 1659864
345744867459 506400
345744867520 285912
345744867521 816288
345744867522 355584
345744867584 117648
345744867585 89568
345744867648 5184
345744871424 -107516
345744871425 -146240
345744871426 1015508
345744871427 1335024
345744871428 298416
345744871488 -49320
345744871489 2232660
345744871490 4079712
345744871491 1360896
345744871552 981552
345744871553 3417768
345744871554 1733040
345744871616 796176
345744871617 751392
345744871680 89568
345744875520 -128178
345744875521 968364
345744875522 2215644
345744875523 799656
345744875584 989844
345744875585 4170948
345744875586 2364816
345744875648 1655424
345744875649 1839960
345744875712 375696
345744879616 271928
345744879617 1508088
345744879618 941112
345744879680 1336404
345744879681 1684368
345744879744 613320
345744883712 359340
345744883713 505920
345744883776 421092
345744887808 101184
345761644544 -120174
345761644545 -110732
345761644546 1097736
345761644547 1175088
345761644548 207840
345761644608 -57456
345761644609 2435856
345761644610 3881472
345761644611 1075536
345761644672 1073304
345761644673 3526440
345761644674 1543104
345761644736 888816
345761644737 770304
345761644800 105408
345761648640 -297956
345761648641 2171584
345761648642 4268952
345761648643 1271280
345761648704 2198412
345761648705 8637384
345761648706 4186128
345761648768 3658824
345761648769 3639312
345761648832 835776
345761652736 899652
345761652737 4723368
345761652738 2513832
345761652800 4440444
345761652801 4957152
345761652864 1987632
345761656832 1593432
345761656833 1992912
345761656896 1805256
345761660928 542640
345778421760 -115036
345778421761 1169676
345778421762 1848288
345778421763 433968
345778421824 1169676
345778421825 4044792
345778421826 1634544
345778421888 1848288
345778421889 1634544
345778421952 433968
345778425856 1004288
345778425857 4490208
345778425858 1974528
345778425920 4490208
345778425921 4381152
345778425984 1974528
345778429952 2438604
345778429953 2650800
345778430016 2650800
345778434048 1062480
345795198976 371596
345795198977 1267680
345795198978 436176
345795199040 1373592
345795199041 1123920
345795199104 589632
345795203072 1520640
345795203073 1366032
345795203136 1545264
345795207168 930000
345811976192 316644
345811976193 218640
345811976256 292176
345811980288 352704
345828753408 43728
346818609152 -32586
346818609153 -16088
346818609154 362968
346818609155 431664
346818609156 99072
346818609216 23364
346818609217 759160
346818609218 1189560
346818609219 384000
346818609280 309192
346818609281 865584
346818609282 391200
346818609344 168624
346818609345 128736
346818609408 9792
346818613248 -53992
346818613249 710964
346818613250 1422360
346818613251 504672
346818613312 698488
346818613313 2438664
346818613314 1275600
346818613376 850320
346818613377 812928
346818613440 128736
346818617344 309432
346818617345 1461588
346818617346 862752
346818617408 1188432
346818617409 1337400
346818617472 406464
346818621440 469572
346818621441 610416
346818621504 445800
346818625536 152604
346835386368 -50996
346835386369 773072
346835386370 1338432
346835386371 400128
346835386432 757504
346835386433 2459064
346835386434 1115616
346835386496 928800
346835386497 802080
346835386560 147456
346835390464 683460
346835390465 2972232
346835390466 1517184
346835390528 2572056
346835390529 2591088
346835390592 879264
346835394560 1525260
346835394561 1776768
346835394624 1419168
346835398656 645768
346852163584 371596
346852163585 1373592
346852163586 589632
346852163648 1267680
346852163649 1123920
346852163712 436176
346852167680 1520640
346852167681 1545264
346852167744 1366032
346852171776 930000
346868940800 459624
346868940801 389568
346868940864 389568
346868944896 530016
346885718016 97392
347892350976 1518
347892350977 183898
347892350978 306996
347892350979 106512
347892351040 161298
347892351041 452556
347892351042 215232
347892351104 130212
347892351105 101664
347892351168 10080
347892355072 168916
347892355073 630180
347892355074 347088
347892355136 448164
347892355137 439248
347892355200 101664
347892359168 308202
347892359169 360864
347892359232 219624
347892363264 120288
347909128192 183370
347909128193 624168
347909128194 301296
347909128256 475836
347909128257 419712
347909128320 111744
347909132288 654084
347909132289 687840
347909132352 461232
347909136384 375600
347925905408 316644
347925905409 292176
347925905472 218640
347925909504 352704
347942682624 97392
348966092800 31842
348966092801 92220
348966092802 46560
348966092864 52920
348966092865 42912
348966092928 6048
348966096896 91908
348966096897 93744
348966096960 42912
348966100992 46872
348982870016 95052
348982870017 87456
348982870080 44928
348982874112 95760
348999647232 43728
350039834624 8820
350039834625 7488
350039834688 2016
350039838720 7488
350056611840 7488
351113576448 288
412316860416 406
412316860417 1182
412316860418 -6456
412316860419 -5568
412316860420 19776
412316860421 10272
412316860422 576
412316860480 1182
412316860481 -12104
412316860482 -6904
412316860483 105168
412316860484 85104
412316860485 10464
412316860544 -6456
412316860545 -6904
412316860546 168584
412316860547 204984
412316860548 42800
412316860608 -5568
412316860609 105168
412316860610 204984
412316860611 65824
412316860672 19776
412316860673 85104
412316860674 42800
412316860736 10272
412316860737 10464
412316860800 576
412316864512 778
412316864513 -17004
412316864514 -19936
412316864515 88296
412316864516 81600
412316864517 10464
412316864576 -17004
412316864577 -27872
412316864578 311584
412316864579 423568
412316864580 92608
412316864640 -19936
412316864641 311584
412316864642 684968
412316864643 237760
412316864704 88296
412316864705 423568
412316864706 237760
412316864768 81600
412316864769 92608
412316864832 10464
412316868608 -11502
412316868609 -25610
412316868610 131500
412316868611 201712
412316868612 46304
412316868672 -25610
412316868673 285832
412316868674 697208
412316868675 257904
412316868736 131500
412316868737 697208
412316868738 429328
412316868800 201712
412316868801 257904
412316868864 46304
412316872704 -12342
412316872705 79932
412316872706 220288
412316872707 85968
412316872768 79932
412316872769 469224
412316872770 310448
412316872832 220288
412316872833 310448
412316872896 85968
412316876800 16402
412316876801 110738
412316876802 77612
412316876864 110738
412316876865 168360
412316876928 77612
412316880896 20834
412316880897 33672
412316880960 33672
412316884992 5612
412333637632 702
412333637633 -19992
412333637634 -12288
412333637635 94848
412333637636 65280
412333637637 5952
412333637696 -21128
412333637697 -20648
412333637698 344568
412333637699 377088
412333637700 64128
412333637760 -24232
412333637761 350752
412333637762 667296
412333637763 191552
412333637824 95376
412333637825 447960
412333637826 221712
412333637888 89760
412333637889 98800
412333637952 12096
412333641728 -29064
412333641729 -50396
412333641730 298824
412333641731 362976
412333641732 64128
412333641792 -65168
412333641793 661268
412333641794 1369080
412333641795 411328
412333641856 294580
412333641857 1476592
412333641858 779136
412333641920 450208
412333641921 528704
412333641984 104944
412333645824 -49550
412333645825 282404
412333645826 656040
412333645827 205664
412333645888 275212
412333645889 1503028
412333645890 836136
412333645952 744476
412333645953 933104
412333646016 284760
412333649920 74652
412333649921 477668
412333649922 278712
412333649984 504168
412333649985 668752
412333650048 337400
412333654016 119462
412333654017 167188
412333654080 181860
412333658112 36372
412350414848 -15438
412350414849 -12834
412350414850 158400
412350414851 142680
412350414852 17568
412350414912 -27466
412350414913 361248
412350414914 599904
412350414915 139296
412350414976 160712
412350414977 711672
412350414978 313176
412350415040 232272
412350415041 248808
412350415104 55616
412350418944 -47314
412350418945 318996
412350418946 581808
412350418947 139296
412350419008 307780
412350419009 1455780
412350419010 662544
412350419072 768692
412350419073 850560
412350419136 292072
412350423040 127240
412350423041 701856
412350423042 331272
412350423104 787148
412350423105 902628
412350423168 507796
412350427136 250768
412350427137 300876
412350427200 361760
412350431232 90440
412367192064 -8958
412367192065 111828
412367192066 148368
412367192067 24576
412367192128 113388
412367192129 417456
412367192130 146544
412367192192 242736
412367192193 227144
412367192256 91120
412367196160 98784
412367196161 408072
412367196162 146544
412367196224 498172
412367196225 473056
412367196288 306376
412367200256 240832
412367200257 236528
412367200320 322884
412367204352 107628
412383969280 27078
412383969281 75846
412383969282 18624
412383969344 105558
412383969345 76872
412383969408 60776
412383973376 103734
412383973377 76872
412383973440 125200
412383977472 62600
412400746496 15150
412400746497 7488
412400746560 15960
412400750592 15960
412417523712 1248
413390602240 702
413390602241 -21128
413390602242 -24232
413390602243 95376
413390602244 89760
413390602245 12096
413390602304 -19992
413390602305 -20648
413390602306 350752
413390602307 447960
413390602308 98800
413390602368 -12288
413390602369 344568
413390602370 667296
413390602371 221712
413390602432 94848
413390602433 377088
413390602434 191552
413390602496 65280
413390602497 64128
413390602560 5952
413390606336 -29064
413390606337 -65168
413390606338 294580
413390606339 450208
413390606340 104944
413390606400 -50396
413390606401 661268
413390606402 1476592
413390606403 528704
413390606464 298824
413390606465 1369080
413390606466 779136
413390606528 362976
413390606529 411328
413390606592 64128
413390610432 -49550
413390610433 275212
413390610434 744476
413390610435 284760
413390610496 282404
413390610497 1503028
413390610498 933104
413390610560 656040
413390610561 836136
413390610624 205664
413390614528 74652
413390614529 504168
413390614530 337400
413390614592 477668
413390614593 668752
413390614656 278712
413390618624 119462
413390618625 181860
413390618688 167188
413390622720 36372
413407379456 -33212
413407379457 -55796
413407379458 326016
413407379459 398880
413407379460 73248
413407379520 -55796
413407379521 734192
413407379522 1414824
413407379523 421024
413407379584 326016
413407379585 1414824
413407379586 700992
413407379648 398880
413407379649 421024
413407379712 73248
413407383552 -115148
413407383553 627332
413407383554 1442568
413407383555 454720
413407383616 627332
413407383617 3123872
413407383618 1665312
413407383680 1442568
413407383681 1665312
413407383744 454720
413407387648 246160
413407387649 1585084
413407387650 905520
413407387712 1585084
413407387713 1980544
413407387776 905520
413407391744 530208
413407391745 719152
413407391808 719152
413407395840 195552
413424156672 -47626
413424156673 347796
413424156674 629136
413424156675 155568
413424156736 343084
413424156737 1474008
413424156738 655080
413424156800 729024
413424156801 750672
413424156864 232688
413424160768 282028
413424160769 1515924
413424160770 714168
413424160832 1608328
413424160833 1760184
413424160896 898848
413424164864 814088
413424164865 960036
413424164928 1058648
413424168960 383768
413440933888 109200
413440933889 431544
413440933890 158256
413440933952 496632
413440933953 454312
413440934016 267792
413440937984 511252
413440937985 496552
413440938048 618968
413440942080 336756
413457711104 107550
413457711105 79800
413457711168 117568
413457715200 128128
413474488320 15960
414464344064 -15438
414464344065 -27466
414464344066 160712
414464344067 232272
414464344068 55616
414464344128 -12834
414464344129 361248
414464344130 711672
414464344131 248808
414464344192 158400
414464344193 599904
414464344194 313176
414464344256 142680
414464344257 139296
414464344320 17568
414464348160 -47314
414464348161 307780
414464348162 768692
414464348163 292072
414464348224 318996
414464348225 1455780
414464348226 850560
414464348288 581808
414464348289 662544
414464348352 139296
414464352256 127240
414464352257 787148
414464352258 507796
414464352320 701856
414464352321 902628
414464352384 331272
414464356352 250768
414464356353 361760
414464356416 300876
414464360448 90440
414481121280 -47626
414481121281 343084
414481121282 729024
414481121283 232688
414481121344 347796
414481121345 1474008
414481121346 750672
414481121408 629136
414481121409 655080
414481121472 155568
414481125376 282028
414481125377 1608328
414481125378 898848
414481125440 1515924
414481125441 1760184
414481125504 714168
414481129472 814088
414481129473 1058648
414481129536 960036
414481133568 383768
414497898496 160268
414497898497 750348
414497898498 351480
414497898560 750348
414497898561 768672
414497898624 351480
414497902592 816020
414497902593 926040
414497902656 926040
414497906688 554440
414514675712 249708
414514675713 235136
414514675776 265008
414514679808 317464
414531452928 58784
415538085888 -8958
415538085889 113388
415538085890 242736
415538085891 91120
415538085952 111828
415538085953 417456
415538085954 227144
415538086016 148368
415538086017 146544
415538086080 24576
415538089984 98784
415538089985 498172
415538089986 306376
415538090048 408072
415538090049 473056
415538090112 146544
415538094080 240832
415538094081 322884
415538094144 236528
415538098176 107628
415554863104 109200
415554863105 496632
415554863106 267792
415554863168 431544
415554863169 454312
415554863232 158256
415554867200 511252
415554867201 618968
415554867264 496552
415554871296 336756
415571640320 249708
415571640321 265008
415571640384 235136
415571644416 317464
415588417536 88336
416611827712 27078
416611827713 105558
416611827714 60776
416611827776 75846
416611827777 76872
416611827840 18624
416611831808 103734
416611831809 125200
416611831872 76872
416611835904 62600
416628604928 107550
416628604929 117568
416628604992 79800
416628609024 128128
416645382144 58784
417685569536 15150
417685569537 15960
417685569600 7488
417685573632 15960
417702346752 15960
418759311360 1248
481036337152 210
481036337153 -2052
481036337154 -3480
481036337155 11856
481036337156 12384
481036337157 1728
481036337216 -2052
481036337217 -5144
481036337218 43248
481036337219 64576
481036337220 14992
481036337280 -3480
481036337281 43248
481036337282 103880
481036337283 37504
481036337344 11856
481036337345 64576
481036337346 37504
481036337408 12384
481036337409 14992
481036337472 1728
481036341248 -2960
481036341249 -8984
481036341250 35728
481036341251 61400
481036341252 14992
481036341312 -8984
481036341313 79640
481036341314 212104
481036341315 81360
481036341376 35728
481036341377 212104
481036341378 133904
481036341440 61400
481036341441 81360
481036341504 14992
481036345344 -6538
481036345345 32844
481036345346 100704
481036345347 40680
481036345408 32844
481036345409 214776
481036345410 144600
481036345472 100704
481036345473 144600
481036345536 40680
481036349440 8720
481036349441 67832
481036349442 48200
481036349504 67832
481036349505 103920
481036349568 48200
481036353536 16018
481036353537 25980
481036353600 25980
481036357632 5196
481053114368 -3468
481053114369 -7968
481053114370 40272
481053114371 54576
481053114372 10464
481053114432 -9848
481053114433 90168
481053114434 204072
481053114435 64960
481053114496 39264
481053114497 219520
481053114498 120960
481053114560 66832
481053114561 82976
481053114624 16768
481053118464 -15164
481053118465 76124
481053118466 195672
481053118467 64960
481053118528 73520
481053118529 447368
481053118530 258720
481053118592 220672
481053118593 288448
481053118656 89280
481053122560 29004
481053122561 213804
481053122562 129360
481053122624 224952
481053122625 308208
481053122688 156384
481053126656 71240
481053126657 102736
481053126720 111744
481053130752 27936
481069891584 -6462
481069891585 43008
481069891586 85656
481069891587 22224
481069891648 41376
481069891649 212208
481069891650 102024
481069891712 111824
481069891713 130080
481069891776 45232
481069895680 33928
481069895681 205140
481069895682 102024
481069895744 228952
481069895745 274296
481069895808 154880
481069899776 109680
481069899777 137148
481069899840 164472
481069903872 54824
481086668800 13476
481086668801 58632
481086668802 22608
481086668864 71200
481086668865 70936
481086668928 46048
481086672896 69140
481086672897 70936
481086672960 96216
481086676992 48108
481103446016 14610
481103446017 11400
481103446080 18304
481103450112 18304
481120223232 2280
482110078976 -3468
482110078977 -9848
482110078978 39264
482110078979 66832
482110078980 16768
482110079040 -7968
482110079041 90168
482110079042 219520
482110079043 82976
482110079104 40272
482110079105 204072
482110079106 120960
482110079168 54576
482110079169 64960
482110079232 10464
482110083072 -15164
482110083073 73520
482110083074 220672
482110083075 89280
482110083136 76124
482110083137 447368
482110083138 288448
482110083200 195672
482110083201 258720
482110083264 64960
482110087168 29004
482110087169 224952
482110087170 156384
482110087232 213804
482110087233 308208
482110087296 129360
482110091264 71240
482110091265 111744
482110091328 102736
482110095360 27936
482126856192 -15572
482126856193 83952
482126856194 210432
482126856195 71296
482126856256 83952
482126856257 454640
482126856258 255744
482126856320 210432
482126856321 255744
482126856384 71296
482126860288 64832
482126860289 461312
482126860290 277632
482126860352 461312
482126860353 602624
482126860416 277632
482126864384 231408
482126864385 327744
482126864448 327744
482126868480 118656
482143633408 38388
482143633409 216648
482143633410 108864
482143633472 229504
482143633473 264048
482143633536 135936
482143637504 232960
482143637505 287424
482143637568 316288
482143641600 171648
482160410624 71896
482160410625 73216
482160410688 90704
482160414720 98496
482177187840 18304
483183820800 -6462
483183820801 41376
483183820802 111824
483183820803 45232
483183820864 43008
483183820865 212208
483183820866 130080
483183820928 85656
483183820929 102024
483183820992 22224
483183824896 33928
483183824897 228952
483183824898 154880
483183824960 205140
483183824961 274296
483183825024 102024
483183828992 109680
483183828993 164472
483183829056 137148
483183833088 54824
483200598016 38388
483200598017 229504
483200598018 135936
483200598080 216648
483200598081 264048
483200598144 108864
483200602112 232960
483200602113 316288
483200602176 287424
483200606208 171648
483217375232 114692
483217375233 136056
483217375296 136056
483217379328 162176
483234152448 45352
484257562624 13476
484257562625 71200
484257562626 46048
484257562688 58632
484257562689 70936
484257562752 22608
484257566720 69140
484257566721 96216
484257566784 70936
484257570816 48108
484274339840 71896
484274339841 90704
484274339904 73216
484274343936 98496
484291117056 45352
485331304448 14610
485331304449 18304
485331304512 11400
485331308544 18304
485348081664 18304
486405046272 2280
549755813888 -300
549755813889 -1164
549755813890 4128
549755813891 7960
549755813892 2096
549755813952 -1164
549755813953 9376
549755813954 27452
549755813955 11160
549755814016 4128
549755814017 27452
549755814018 18160
549755814080 7960
549755814081 11160
549755814144 2096
549755817984 -1724
549755817985 7590
549755817986 26064
549755817987 11160
549755818048 7590
549755818049 55668
549755818050 39096
549755818112 26064
549755818113 39096
549755818176 11160
549755822080 2910
549755822081 26430
549755822082 19548
549755822144 26430
549755822145 41904
549755822208 19548
549755826176 8342
549755826177 13968
549755826240 13968
549755830272 3492
549772591104 -1788
549772591105 8844
549772591106 24936
549772591107 8912
549772591168 8524
549772591169 56752
549772591170 34704
549772591232 27980
549772591233 38576
549772591296 12096
549772595200 6606
549772595201 54360
549772595202 34704
549772595264 57060
549772595265 81936
549772595328 41760
549772599296 27162
549772599297 40968
549772599360 44496
549772603392 14832
549789368320 4020
549789368321 25620
549789368322 13608
549789368384 28520
549789368385 35928
549789368448 20368
549789372416 27432
549789372417 35928
549789372480 42912
549789376512 21456
549806145536 8500
549806145537 9152
549806145600 12312
549806149632 12312
549822922752 2288
550829555712 -1788
550829555713 8524
550829555714 27980
550829555715 12096
550829555776 8844
550829555777 56752
550829555778 38576
550829555840 24936
550829555841 34704
550829555904 8912
550829559808 6606
550829559809 57060
550829559810 41760
550829559872 54360
550829559873 81936
550829559936 34704
550829563904 27162
550829563905 44496
550829563968 40968
550829568000 14832
550846332928 7672
550846332929 57448
550846332930 36720
550846332992 57448
550846332993 78928
550846333056 36720
550846337024 57780
550846337025 85680
550846337088 85680
550846341120 46440
550863110144 28616
550863110145 36936
550863110208 40544
550863114240 43920
550879887360 12312
551903297536 4020
551903297537 28520
551903297538 20368
551903297600 25620
551903297601 35928
551903297664 13608
551903301632 27432
551903301633 42912
551903301696 35928
551903305728 21456
551920074752 28616
551920074753 40544
551920074816 36936
551920078848 43920
551936851968 20272
552977039360 8500
552977039361 12312
552977039424 9152
552977043456 12312
552993816576 12312
554050781184 2288
618475290624 -180
618475290625 774
618475290626 2932
618475290627 1344
618475290688 774
618475290689 6252
618475290690 4640
618475290752 2932
618475290753 4640
618475290816 1344
618475294720 580
618475294721 5948
618475294722 4640
618475294784 5948
618475294785 9888
618475294848 4640
618475298816 2822
618475298817 4944
618475298880 4944
618475302912 1648
618492067840 690
618492067841 6008
618492067842 4080
618492067904 6300
618492067905 9520
618492067968 4880
618492071936 6020
618492071937 9520
618492072000 10320
618492076032 5160
618508845056 2992
618508845057 4104
618508845120 4880
618508849152 4880
618525622272 1368
619549032448 690
619549032449 6300
619549032450 4880
619549032512 6008
619549032513 9520
619549032576 4080
619549036544 6020
619549036545 10320
619549036608 9520
619549040640 5160
619565809664 6300
619565809665 9760
619565809728 9760
619565813760 10560
619582586880 4880
620622774272 2992
620622774273 4880
620622774336 4104
620622778368 4880
620639551488 4880
621696516096 1368
687194767360 54
687194767361 590
687194767362 488
687194767424 590
687194767425 1032
687194767488 488
687194771456 562
687194771457 1032
687194771520 1032
687194775552 516
687211544576 590
687211544577 976
687211544640 1056
687211548672 1056
687228321792 488
688268509184 590
688268509185 1056
688268509248 976
688268513280 1056
688285286400 1056
689342251008 488
755914244096 50
755914244097 96
755914244160 96
755914248192 96
755931021312 96
756987985920 96
824633720832 8
