0 0 1
1 1 1
2 2 2
3 3 3
4 6 5
5 10 7
6 14 11
7 24 15
8 34 22
9 49 30
10 70 42
11 103 56
12 134 77
13 195 101
14 258 135
15 347 176
16 461 231
17 624 297
18 796 385
19 1066 490
20 1358 627
21 1763 792
22 2250 1002
23 2903 1255
24 3631 1575
25 4644 1958
26 5805 2436
27 7309 3010
28 9083 3718
29 11381 4565
30 13998 5604
31 17428 6842
32 21369 8349
33 26336 10143
34 32174 12310
35 39451 14883
36 47847 17977
37 58399 21637
38 70610 26015
39 85590 31185
40 103077 37338
41 124462 44583
42 149169 53174
43 179368 63261
44 214300 75175
45 256397 89134
46 305391 105558
47 364160 124754
48 432010 147273
49 513405 173525
50 607406 204226
51 719087 239943
52 848360 281589
53 1001428 329931
54 1177790 386155
55 1386263 451276
56 1626333 526823
57 1908361 614154
58 2233426 715220
59 2614110 831820
60 3051265 966467
61 3562572 1121505
62 4149337 1300156
63 4832186 1505499
64 5615804 1741630
65 6525580 2012558
66 7566931 2323520
67 8773932 2679689
68 10153979 3087735
69 11748000 3554345
70 13569755 4087968
71 15669463 4697205
72 18063968 5392783
73 20819637 6185689
74 23959041 7089500
75 27561590 8118264
76 31662937 9289091
77 36360939 10619863
78 41699941 12132164
79 47806626 13848650
80 54738840 15796476
81 62650301 18004327
82 71624167 20506255
83 81848757 23338469
84 93428525 26543660
85 106604673 30167357
86 121511921 34262962
87 138442336 38887673
88 157579931 44108109
89 179284159 49995925
90 203785259 56634173
91 231537390 64112359
92 262834082 72533807
93 298227583 82010177
94 338106495 92669720
95 383147218 104651419
96 433835351 118114304
97 491019298 133230930
98 555311316 150198136
99 627742567 169229875
100 709105403 190569292
101 800663273 214481126
102 903401127 241265379
103 1018888801 271248950
104 1148359652 304801365
105 1293722697 342325709
106 1456548778 384276336
107 1639168167 431149389
108 1843524416 483502844
109 2072498687 541946240
110 2328505976 607163746
111 2615044005 679903203
112 2935149569 761002156
113 3293085199 851376628
114 3692591945 952050665
115 4138904860 1064144451
116 4636645541 1188908248
117 5192162677 1327710076
118 5811209346 1482074143
119 6501498560 1653668665
120 7270084904 1844349560
121 8126401533 2056148051
122 9079112446 2291320912
123 10139629028 2552338241
124 11318651857 2841940500
125 12630011756 3163127352
126 14086774210 3519222692
127 15705771288 3913864295
128 17502968238 4351078600
129 19498692103 4835271870
130 21712523986 5371315400
131 24169026958 5964539504
132 26892011158 6620830889
133 29911255870 7346629512
134 33255723771 8149040695
135 36961281925 9035836076
136 41063248855 10015581680
137 45604854578 11097645016
138 50628876142 12292341831
139 56187521459 13610949895
140 62332602715 15065878135
141 69126863439 16670689208
142 76633159935 18440293320
143 84926893889 20390982757
144 94083922003 22540654445
145 104195001477 24908858009
146 115351654713 27517052599
147 127662665841 30388671978
148 141238564093 33549419497
149 156209747651 37027355200
150 172709138162 40853235313
151 190893169447 45060624582
152 210921631757 49686288421
153 232981583643 54770336324
154 257265216018 60356673280
155 283996136597 66493182097
156 313404724623 73232243759
157 345758436280 80630964769
158 381333279245 88751778802
159 420448264877 97662728555
160 463434136567 107438159466
161 510671283217 118159068427
162 562554933421 129913904637
163 619538733093 142798995930
164 682094700967 156919475295
165 750762640020 172389800255
166 826106259350 189334822579
167 908767568903 207890420102
168 999418210204 228204732751
169 1098821791708 250438925115
170 1207778054291 274768617130
171 1327193445203 301384802048
172 1458020057008 330495499613
173 1601333376234 362326859895
174 1758264643111 397125074750
175 1930089678390 435157697830
176 2118151716671 476715857290
177 2323961759261 522115831195
178 2549114245106 571701605655
179 2795397692806 625846753120
180 3064701547812 684957390936
181 3359142299135 749474411781
182 3680957507648 819876908323
183 4032648095198 896684817527
184 4416862833919 980462880430
185 4836555274597 1071823774337
186 5294856386477 1171432692373
187 5795252995037 1280011042268
188 6341443602209 1398341745571
189 6937539423826 1527273599625
190 7587907377180 1667727404093
191 8297391985764 1820701100652
192 9071142772581 1987276856363
193 9914866085685 2168627105469
194 10834630329506 2366022741845
195 11837149305433 2580840212973
196 12929570752254 2814570987591
197 14119789222655 3068829878530
198 15416214118674 3345365983698
199 16828124140491 3646072432125
200 18365406677624 3972999029388
201 20038956233675 4328363658647
202 21860391938193 4714566886083
203 23842497821125 5134205287973
204 25998914062572 5590088317495
205 28344634876260 6085253859260
206 30895662875547 6622987708040
207 33669568161908 7206841706490
208 36685114983513 7840656226137
209 39962879944697 8528581302375
210 43524844991328 9275102575355
211 47395095631896 10085065885767
212 51599367348770 10963707205259
213 56165829061175 11916681236278
214 61124594558917 12950095925895
215 66508589322725 14070545699287
216 72353020248822 15285151248481
217 78696353315753 16601598107914
218 85579724987727 18028182516671
219 93048038582586 19573856161145
220 101149333008832 21248279009367
221 109935996687641 23061871173849
222 119464084917945 25025873760111
223 129794687654165 27152408925615
224 140993175847352 29454549941750
225 153130734357653 31946390696157
226 166283557233859 34643126322519
227 180534546093093 37561133582570
228 195972444880011 40718063627362
229 212693751742947 44132934884255
230 230801768439586 47826239745920
231 250408742339782 51820051838712
232 271634857774060 56138148670947
233 294610610997329 60806135438329
234 319475732096724 65851585970275
235 346381856352543 71304185514919
236 375491348085175 77195892663512
237 406980292442967 83561103925871
238 441037256415448 90436839668817
239 477866608580342 97862933703585
240 517687205965383 105882246722733
241 560736125821963 114540884553038
242 607267243630223 123888443077259
243 657555411793349 133978259344888
244 711894977554870 144867692496445
245 770604422991731 156618412527946
246 834024810753173 169296722391554
247 902524997046065 182973889854026
248 976499966906500 197726516681672
249 1056376670773376 213636919820625
250 1142612313229583 230793554364681
251 1235700839128603 249291451168559
252 1336171167358443 269232701252579
253 1444594474935530 290726957916112
254 1561582332390020 313891991306665
255 1687794858623113 338854264248680
256 1823938846976470 365749566870782
257 1970776834091786 394723676655357
258 2129125211879264 425933084409356
259 2299864408900572 459545750448675
260 2483936944859516 495741934760846
261 2682358829345894 534715062908609
262 2896217678302242 576672674947168
263 3126685400055995 621837416509615
264 3375016382358383 670448123060170
265 3642561730639835 722760953690372
266 3930767482978710 779050629562167
267 4241190551437957 839611730366814
268 4575497132163390 904760108316360
269 4935480459760303 974834369944625
270 5323059437742863 1050197489931117
271 5740298562010640 1131238503938606
272 6189406741996472 1218374349844333
273 6672759609227827 1312051800816215
274 7192898757886025 1412749565173450
275 7752556607519795 1520980492851175
276 8354656124519595 1637293969337171
277 9002338717781665 1762278433057269
278 9698964430972889 1896564103591584
279 10448143181380598 2040825852575075
280 11253735744744859 2195786311682516
281 12119888593801672 2362219145337711
282 13051035786998900 2540952590045698
283 14051938053325647 2732873183547535
284 15127685622169149 2938929793929555
285 16283741996771095 3160137867148997
286 17525948170757051 3397584011986773
287 18860571475003619 3652430836071053
288 20294311380965316 3925922161489422
289 21834354296682511 4219388528587095
290 23488381062914962 4534253126900886
291 25264628330777145 4872038056472084
292 27171898381558508 5234371069753672
293 29219627656292891 5622992691950605
294 31417899225937192 6039763882095515
295 33777519661806619 6486674127079088
296 36310034389687190 6965850144195831
297 39027813801657133 7479565078510584
298 41944072375001922 8030248384943040
299 45072964866589788 8620496275465025
300 48429609728167939 9253082936723602
301 52030197002241340 9930972392403501
302 55892016453924205 10657331232548839
303 60033578450124485 11435542077822104
304 64474648059598378 12269218019229465
305 69236380143248503 13162217895057704
306 74341360247469173 14118662665280005
307 79813756116462485 15142952738857194
308 85679366106132957 16239786535829663
309 91965788939570255 17414180133147295
310 98702481398550753 18671488299600364
311 105920948108304878 20017426762576945
312 113654809787162551 21458096037352891
313 121940016084858876 23000006655487337
314 130814925565745163 24650106150830490
315 140320544183032215 26415807633566326
316 150500619492501502 28305020340996003
317 161401907343472716 30326181989842964
318 173074282252062506 32488293351466654
319 185571036458833740 34800954869440830
320 198949008331142733 37274405776748077
321 213268917443811146 39919565526999991
322 228595514528469052 42748078035954696
323 244997956292217865 45772358543578028
324 262549979821370456 49005643635237875
325 281330322835992432 52462044228828641
326 301422925421421503 56156602112874289
327 322917400888559566 60105349839666544
328 345909269824666091 64325374609114550
329 370500486883513406 68834885946073850
330 396799711449253434 73653287861850339
331 424922898199259363 78801255302666615
332 454993608761378491 84300815636225119
333 487143673343516473 90175434980549623
334 521513550424127280 96450110192202760
335 558253067049200457 103151466321735325
336 597521832894343036 110307860425292772
337 639490070031432208 117949491546113972
338 684339087898341848 126108517833796355
339 732262212816483441 134819180623301520
340 783465333832948968 144117936527873832
341 838167942802342932 154043597379576030
342 896603760332026854 164637479165761044
343 959021901325961904 175943559810422753
344 1025687590738123977 188008647052292980
345 1096883469034012007 200882556287683159
346 1172910411789669384 214618299743286299
347 1254088990408981366 229272286871217150
348 1340760408987562135 244904537455382406
349 1433288140843775988 261578907351144125
350 1532058996848036064 279363328483702152
351 1637484958070893998 298330063062758076
352 1750004395392206863 318555973788329084
353 1870084119950613181 340122810048577428
354 1998220773359355768 363117512048110005
355 2134943124337731569 387632532919029223
356 2280813650232710911 413766180933342362
357 2436431108288663569 441622981929358437
358 2602432336323529208 471314064268398780
359 2779495129220206938 502957566506000020
360 2968340286525362579 536679070310691121
361 3169734833350036416 572612058898037559
362 3384494344758911230 610898403751884101
363 3613486550903706937 651688879997206959
364 3857633977380098536 695143713458946040
365 4117917977595094624 741433159884081684
366 4395381728709797846 790738119649411319
367 4691134745354495345 843250788562528427
368 5006356274101907382 899175348396088349
369 5342300344160585766 958728697912338045
370 5700299615278363276 1022141228367345362
371 6081771025743875833 1089657644424399782
372 6488220150115676145 1161537834849962850
373 6921247519229677005 1238057794119125085
374 7382553549051400053 1319510599727473500
375 7873945610266665184 1406207446561484054
376 8397343605191167110 1498478743590581081
377 8954787871363644007 1596675274490756791
378 9548445486336866986 1701169427975813525
379 10180619108365083769 1812356499739472950
380 10853754096279628006 1930656072350465812
381 11570448395262285002 2056513475336633805
382 12333460579264486190 2190401332423765131
383 13145720899736479002 2332821198543892336
384 14010340363329593016 2484305294265418180
385 14930623085749779209 2645418340688763701
386 15910076528105474709 2816759503217942792
387 16952425305964309813 2998964447736452194
388 18061622734332821921 3192707518433532826
389 19241866256116397907 3398704041358160275
390 20497610454213122883 3617712763867604423
391 21833584295330812730 3850538434667429186
392 23254805783201915009 4098034535626594791
393 24766601225944859259 4361106170762284114
394 26374621739152185722 4640713124699623515
395 28084864765045654089 4937873096788191655
396 29903692647741937816 5253665124416975163
397 31837856674035914156 5589233202595404488
398 33894517965160043361 5945790114707874597
399 36081274327523497470 6324621482504294325
400 38406183751164610422 6727090051741041926
401 40877794387060243992 7154640222653942321
402 43505170962899340930 7608802843339879269
403 46297928258212453224 8091200276484465581
404 49266260779609609038 8603551759348655060
405 52420980132308416916 9147679068859117602
406 55773548357229764217 9725512513742021729
407 59336119637238589726 10339097267123947241
408 63121577729193381597 10990600063775926994
409 67143582515140891313 11682316277192317780
410 71416612006611405025 12416677403151190382
411 75956014290861624586 13196258966925435702
412 80778054664609856285 14023788883518847344
413 85899973580884799005 14902156290309948968
414 91340039514093349515 15834420884488187770
415 97117613607975309726 16823822787139235544
416 103253208936227996699 17873792969689876004
417 109768562609427305537 18987964267331664557
418 116686702200909134934 20170183018805933659
419 124032026147709014764 21424521360255636320
420 131830378176373857528 22755290216580025259
421 140109136958483062744 24167053021441363961
422 148897299457747496474 25664640213837714846
423 158225580882477906552 27253164546230421739
424 168126508015645417738 28938037257084798150
425 178634530613561219431 30724985147095051099
426 189786125873106269302 32620068617410232189
427 201619922592206609976 34629700713903575934
428 214176818049347979425 36760667241831527309
429 227500116357076415543 39020148000237259665
430 241635659214907762598 41415739207102358378
431 256631980034719299535 43955477170518116534
432 272540450159846277417 46647863284229267991
433 289415450561831226423 49501890409405150715
434 307314535285440559985 52527070729108240605
435 326298622678658673998 55733465144636286656
436 346432178071309575171 59131714309169618645
437 367783426703334701379 62733071376043079215
438 390424557829454958063 66549436566966297367
439 414431961803906155409 70593393646562135510
440 439886458034423683020 74878248419470886233
441 466873558908244966522 79418069346443402240
442 495483724348376853102 84227730407729499781
443 525812655544487903372 89322956321353645667
444 557961579123392031802 94720370257893471820
445 592037574038191214589 100437544171752847604
446 628153888681666704113 106493051905239118581
447 666430304601796108226 112906525199196103354
448 706993490326838776489 119698712782720205954
449 749977405956857998098 126891542690981418000
450 795523697828636387502 134508188001572923840
451 843782148551613315318 142573136155347404229
452 894911117075748460053 151112262071917313678
453 949078039175201579206 160152905244553715585
454 1006459918068500757238 169723951046458040965
455 1067243880874094185120 179855916453958267598
456 1131627725430217300981 190581040442651931034
457 1199820538937265354547 201933379285114688629
458 1272043307218451014289 213948907032733069132
459 1348529602362677659348 226665621435831345565
460 1429526261450151531173 240123655613925192081
461 1515294150718502041964 254365395758574199975
462 1606108921462710171499 269435605212954994471
463 1702261859167665118317 285381555241961986287
464 1804060725102200879986 302253162872576636605
465 1911830699682155519969 320103136152993290544
466 2025915319322322876256 338987127249525432549
467 2146677524257558635572 358963893768162876613
468 2274500701157802343823 380095468763120598477
469 2409789846861280937039 402447339861711475160
470 2552972728358722462453 426088638015652413417
471 2704501175014666457467 451092336355096099864
472 2864852368921545470076 477535459708164115593
473 3034530279491113375305 505499305314204629558
474 3214067098465103870855 535069675351607262125
475 3404024832393419476713 566337121865805599675
476 3604996898083147721876 599397204782301852926
477 3817609890008649538557 634350763653787028583
478 4042525353840247530170 671304203896731807232
479 4280441747598433924192 710369798236628238005
480 4532096412657877487906 751666004194993125591
481 4798267749636051735529 795317798414758232180
482 5079777408290748145021 841457028742823649455
483 5377492701210118985741 890222784951928088294
484 5692329036504279011747 941761789114997698055
485 6025252594749533511446 996228806608573411012
486 6377283030757157110811 1053787078862455346513
487 6749496442126569246973 1114608778936426484248
488 7143028369108423179507 1178875491155735802646
489 7559077085935294240678 1246778716001272919665
490 7998906931104792591930 1318520401612270233223
491 8463851955871836949102 1394313503224447816939
492 8955319620508506449540 1474382572040363953132
493 9474794838206585683654 1558964374994977806173
494 10023844076555139612968 1648308547066172438760
495 10604119838905540242987 1742678277747760981187
496 11217365214719822329730 1842351033503159891466
497 11865418844775960774810 1947619317987658064007
498 12550219968405735667193 2058791472042884901563
499 13273813924062891015409 2176192515439287461625
500 14038357746429279870368 2300165032574323995027
501 14846126258997615122833 2431070104309287327876
502 15699518279899757984974 2569288288377098289281
503 16601063368964866036614 2715220650772245313220
504 17553428707014103180602 2869289850802400662045
505 18559426566699707506253 3031941282464413132742
506 19622021936670118374082 3203644275096202070012
507 20744340792397816350877 3384893356244349844341
508 21929678544442570813955 3576209579998154653671
509 23181509193263732912251 3778141924035171537110
510 24503494688732838841056 3991268758958164118300
511 25899495062027215394643 4216199393504640098482
512 27373578792475788940245 4453575699570940947378
513 28930034018899614688292 4704073821002175842062
514 30573380020279064378410 4968405970488126319775
515 32308379619330933190562 5247322318923878793976
516 34140051894128321781014 5541612982013113936133
517 36073685898796311912670 5852110108921301661040
518 38114854735169049612064 6179690078238084808000
519 40269430727909272400181 6525275806549652788115
520 42543600999119566664567 6889839175409542385648
521 44943884249120766918522 7274403582551733377346
522 47477147991194005343498 7680046623716094332553
523 50150627105307924511135 8107902911527474124146
524 52971942906145648083852 8559167038437716736150
525 55949123653690126968844 9035096690829005915201
526 59090625646055804497931 9537015921990240021538
527 62405355889428226976876 10066318591787500106586
528 65902695426297951712568 10624471981512075020731
529 69592524388548343531892 11213020592521695111580
530 73485247793001881846302 11833590138006300416410
531 77591823223644479750508 12487891737367521803652
532 81923789350766963312041 13177726323474524612308
533 86493296513076511337428 13904989273245567335012
534 91313138242183325285566 14671675272840783232475
535 96396785043578911043718 15479883428970761068959
536 101758419236614156932524 16331822638729701493803
537 107412972262912246590379 17229817230617210720599
538 113376163184286513744932 18176312890390861435034
539 119664539880098485293215 19173882885687454484110
540 126295521579513172355778 20225234604409151266221
541 133287444346693944016305 21333216422211708570598
542 140659608061557491858898 22500824915577356165493
543 148432326631078404344310 23731212437346370138355
544 156626979875489440060866 25027695072821279146420
545 165266068947729759671346 26393760995005382968154
546 174373273627203214468203 27833079238879849385687
547 183973513478859926982227 29349508915133986374841
548 194093011106789251717774 30947108885217475101876
549 204759359636755826089501 32630147920163234060900
550 216001592538497577304523 34403115367205050943160
551 227850258073589980569537 36270732348871285128752
552 240337496355330160180307 38237963520943177237554
553 253497121469168414640070 40310029416409244587122
554 267364706505582389438018 42492419404397720872600
555 281977674129750129217214 44790905293907018009131
556 297375390397621289035650 47211555614160398040338
557 313599264628410250808011 49760750604354432757376
558 330692852893661593569796 52445197947746313627407
559 348701968132451928074482 55271949286085137715955
560 367674794291358168452711 58248417552751868050007
561 387662007714247242363300 61382395164161775318496
562 408716903009805585579816 64682073111542943380454
563 430895526849538496616659 68156060996536236172174
564 454256816744939293322093 71813408056839596203570
565 478862748501169104154570 75663625229609055443637
566 504778489202469015295058 79716708303343130521599
567 532072559690690724307783 83983162210640880002321
568 560817003187803274535250 88474026517495817981253
569 591087564302869007240293 93200902166643654187580
570 622963874859901444938315 98175979536033971312388
571 656529651086905642961496 103412067875563710992446
572 691872898371262762475487 108922626189067392956037
573 729086128445228636027417 114721795630860408658491
574 768266584962608645226705 120824433490320564237125
575 809516482672484134495116 127246148840551966562301
576 852943255895052228142999 134003339931725153597473
577 898659821872839021542626 141113233412529912746558
578 946784854426597419806105 148593925468119890197615
579 997443073885375567145157 156464424966082817448060
580 1050765548429202628162337 164744698707340387584240
581 1106890013233132745168448 173455718882380096095248
582 1165961202246237721342099 182619512839056823919887
583 1228131199444450955232062 192259215272078129526277
584 1293559804062853617262035 202399122950629095580175
585 1362414917131601269882204 213064752104884207160129
586 1434872943475378363497544 224282898599046831034631
587 1511119217014356092922797 236081701023305130945921
588 1591348443164461102637237 248490706844586261413858
589 1675765166726473183811305 261540941761240642265710
590 1764584258672649645265741 275264982414934173206642
591 1858031430814787788368659 289697032618827122974972
592 1956343771352660868604342 304873003269975366031783
593 2059770310916320983917953 320830596120295386610807
594 2168572611672374473656094 337609391590065169560935
595 2283025389783500905165347 355250940815002702558187
596 2403417163331036049575516 373798862128436852709430
597 2530050936717910537653165 393298942187883251157044
598 2663244913177509620469508 413799241966727832978027
599 2803333247177281314324892 435350207840317348270000
600 2950666827836323632482607 458004788008144308553622
601 3105614105973804890311632 481818554503286362923739
602 3268561955364655957868774 506849831053734861481872
603 3439916581711183345521074 533159827070679866278987
604 3620104469336580244081278 560812778053476538349420
605 3809573380054546011283049 589876092712502332463864
606 4008793393625134331700941 620420507127059714307352
607 4218258005265757101872372 652520246268116112057164
608 4438485268989542640950935 686253193233019826880477
609 4670019003332519473066040 721701066553229757379480
610 4913430047572164980773831 758949605954969709105721
611 5169317586157830851514312 798088766967999186006767
612 5438310528756928011634672 839212924798226411060795
613 5721068964881071511368067 882421087896683264554175
614 6018285679749131506447675 927817121679723721849795
615 6330687751690173275245425 975509982873756796925504
616 6659038216960157693750919 1025613964982134990453294
617 7004137823696359627573106 1078248955392080004474789
618 7366826860067487927640684 1133540704665979618906662
619 7747987079868166885950115 1191621108583631746910145
620 8148543709744782239168238 1252628503530795506440909
621 8569467562942258529117142 1316707975853817969920561
622 9011777242846996905243471 1384011685831426958558879
623 9476541462958130924473804 1454699206941558115141676
624 9964881465613808839888313 1528937881135168275063375
625 10477973567974362441053838 1606903190858354689128371
626 11017051816578126365118072 1688779148601189609516729
627 11583410780983633533051452 1774758704783877366657989
628 12178408466757428191888328 1865044174831202682776536
629 12803469380458845699716279 1959847686321528964669495
630 13460087725783856431635441 2059391647140527228529479
631 14149830765812894332358956 2163909235608484556362424
632 14874342329357456284650746 2273644913597837330081136
633 15635346498817930615243441 2388854963699932382735982
634 16434651456329854467355562 2509808051552031608082535
635 17274153528234259163024636 2636785814481962651219075
636 18155841403387530486946053 2770083477684418110395121
637 19081800568161004638226558 2910010499193691843303014
638 20054217932305861328292406 3056891244979232231862474
639 21075386691561232080255031 3211065695545980277248740
640 22147711399786628279858124 3372890185488482409685019
641 23273713299716964369549051 3542738177508596708707874
642 24456035883679761631250520 3721001072479541451508397
643 25697450736828248949772887 3908089057205582486668934
644 27000863632702540707922343 4104431991606013700457110
645 28369320937389271846596612 4310480337124871462076948
646 29806016290506414504734344 4526706128254173781044298
647 31314297623238967759090386 4753603989138067267826945
648 32897674480018066496777418 4991692197319220372390544
649 34559825708313410053410676 5241513796775816319683700
650 36304607481404335069694193 5503637762499727151307095
651 38136061723164187456590645 5778660218961559003723580
652 40058424897936059985191845 6067205714919484306343541
653 42076137239394927101738821 6369928557132709817142929
654 44193852379638581080683826 6687514205661440172553650
655 46416447457618201908032477 7020680733548749464953877
656 48749033666216444824052680 7370180353811425547662139
657 51196967322693211793427959 7736801016790889035132284
658 53765861419812847423378481 8121368081058512888507057
659 56461597748348766324677214 8524746061205131302394950
660 59290339546240009395093393 8947840456000332817673697
661 62258544771509057081790585 9391599660555044587641517
662 65372979952073839777778307 9857016966290401433259592
663 68640734716460307799493956 10345132652677367520056676
664 72069236956351346392596036 10857036174895938656583295
665 75666268732329878299912918 11393868451739000294452939
666 79439982871517420803146887 11956824258286445517629485
667 83398920376356487116572821 12547154728067493595502055
668 87552028590901556224186025 13166169969647255482980383
669 91908680252352465728738725 13815241802783448943206160
670 96478693371812152659079047 14495806619536377005379418
671 101272352081052016061127460 15209368375944215483241988
672 106300428386860694240489166 15957501720133631304230773
673 111574204979473559974156094 16741855262985451980947171
674 117105499034156550841047058 17564154997755650263621500
675 122906687162888192806959423 18426207875324210441995136
676 128990731452681919310801481 19329905542049511423199336
677 135371206758639101485903677 20277228247502764885900784
678 142062329185742964787623675 21270248929688765106878025
679 149078985939450638334345361 22311137485682880566295780
680 156436766476479781225462448 23402165235974892374954302
681 164151995148716437861902067 24545709591163085124246501
682 172241765269025043816148525 25744258930034131533263392
683 180723974805626197420111552 27000417698448800353553865
684 189617363631242360683813800 28316911738879831363625420
685 198941552548429059969209802 29696593860867277871605321
686 208717084014655239088147145 31142449663120060247020395
687 218965464804415622973505303 32657603618448918933404658
688 229709210529342644758602595 34245325433219728719773420
689 240971892270546580625398136 35909036693513349075724695
690 252778185241642074867547068 37652317810725762600765183
691 265153919754887782057257012 39478915279883795756623331
692 278126134406374658453264361 41392749264546866860893416
693 291723131772261983736716803 43397921522754943172592795
694 305974536529576647298113748 45498723689129703063649450
695 320911356314490726575635615 47699645928878027716139269
696 336566045229334289337815999 50005385980149860746062163
697 352972570333723478829915301 52420858601901549459658530
698 370166481028854076090227975 54951205445179608281719072
699 388184981694503809894238172 57601805366500810491219000
700 407067007485778783922726891 60378285202834474611028659
701 426853303674981817433945421 63286531028521032840985510
702 447586508443889808999050275 66332699915362724119980694
703 469311239539570534848526989 69523232218023552371152320
704 492074184697425517997583825 72864864407855341219969825
705 515924196274441899514169682 76364642479247406973532354
706 540912389995056956659866960 80029935953661656574123574
707 567092248284551096937911238 83868452507581852374822598
708 594519728091502350644319105 87888253251761884175130183
709 623253373708527571123669317 92097768690318501305952845
710 653354434492257972165304069 96505815389469697877049934
711 684886988028682872304098535 101121613386982294887579670
712 717918068644715175785821984 105954804374756131323439197
713 752517801851611576198743448 111015470688345108146850290
714 788759544621619003788526438 116314155138696524440183805
715 826720032125926492322432422 121861881722882938654960142
716 866479530836290115055663780 127670177252209281782740521
717 908121998664075968370496509 133751093937700984130081285
718 951735252040814044160475637 140117232974725477106760252
719 997411140662901374904341961 146781769170263852819573505
720 1045245729807155295767268110 153758476658245881594406593
721 1095339490992405515082495093 161061755750279477635534762
722 1147797500897178571484059015 168706660971164630122439117
723 1202729649365205350113442586 176708930330666271859881567
724 1260250856413208933528924105 185085015885255746880625875
725 1320481299133268223333220053 193852115645795752984189381
726 1383546648409865146427055297 203028206889569986197651315
727 1449578316409017049382409772 212632080937520072186590492
728 1518713714766361176525983631 222683379460186024851577401
729 1591096524501651108299955006 233202632378520643600875145
730 1666876977594774364629231341 244211297428606706709925517
731 1746212151325825984948408975 255731801462210865865001525
732 1829266275324322290830285167 267787583558210323920375877
733 1916211052510807627273332543 280403140023083872114273884
734 2007225993887513431825881304 293604071362025285843562670
735 2102498768448189110752579077 307417131305664218954016427
736 2202225568177398745967135810 321870277981032622582593573
737 2306611489502527777104928977 336992727319136467572139095
738 2415870931184805706198552897 352815008795455957133215652
739 2530228010112730689760311802 369369023603738655757458075
740 2649916995002472802100035176 386688105367749941220651375
741 2775182759576422581366169243 404807083500032850651734059
742 2906281255245555664664050973 423762349321394151918928481
743 3043480004982371049112922487 443591925059596733749014862
744 3187058618434395826524379123 464335535850798483634138280
745 3337309330089334900142245272 486034684872448271784326296
746 3494537560569315527204818450 508732731741838107613602755
747 3659062502999123634263477762 532474974320122372524707631
748 3831217734557168783236868819 557308734067567635805394638
749 4011351855297643161606866398 583283445101886813536239875
750 4199829154388243938675386826 610450747117966916191771809
751 4397030306006360917517859837 638864582333908382360557376
752 4603353095078024811654268004 668581296635294279311393900
753 4819213175268768938854192382 699659745096778286894322787
754 5045044859455776754180577774 732161402067670820574405230
755 5281301945268895242340256661 766150476015982127183457373
756 5528458575980770722893876623 801694029333610862568750951
757 5787010139525650132480475311 838862103313805798709299373
758 6057474205983806072946732137 877727848520950325159242658
759 6340391506517797239364782411 918367660781873199488134935
760 6636326954161101542497749155 960861323037560814483873080
761 6945870709667212042904864313 1005292153304074193879898920
762 7269639292891023927091551296 1051747159001957690209588887
763 7608276743149348466506669983 1100317197924192833923669753
764 7962455829111486169844978868 1151097146124113726578727360
765 8332879311923753370402023789 1204186073016375022219516992
766 8720281262207123279865909740 1259687423996378387111229150
767 9125428434907939271514391572 1317709210896221493178043552
768 9549121702739276217218699354 1378364210608578997366598385
769 9992197552489997715944639318 1441770172223648126550509165
770 10455529645047915094530803792 1508050033038752490738311726
771 10940030443734002139034092489 1577332143815074048889599022
772 11446652911914942705129203991 1649750503671651735806603894
773 11976392284834622718152535518 1725445005022910006140645612
774 12530287916766104855319545577 1804561688982956164492944650
775 13109425208794577640019630364 1887253011677361609828822380
776 13714937618480874590090938140 1973678121921532286407950000
777 14348008757114372960342127139 2064003150743712843868729636
778 15009874575968739514990402295 2158401513250589964731360493
779 15701825647697340478115184351 2257054223353982965849642005
780 16425209544463182007971115846 2360150221898687182164777966
781 17181433319400918370931704535 2467886718753771981901721670
782 17971966093205367830466946373 2580469549453004933593920862
783 18798341752940252326876954790 2698113546994164480174756373
784 19662161765081857256487825774 2821042929432312216467202070
785 20565098110424623066945258599 2949491703928193388274450292
786 21508896343106477737211840543 3083704087940340693022764503
787 22495378781955039279114778118 3223934948277725160271634798
788 23526447836679438410280716517 3370450258759473520427114109
789 24604089477727234192842024185 3523527577258789108163787100
790 25730376852625061905265836893 3683456542940343404363084600
791 26907474058287238280087930555 3850539394533563994343413787
792 28137640072434557390588089484 4025091510519029370421431033
793 29423232854323206866539706821 4207441972141088280734057870
794 30766713618280740577415419579 4397934150197476827913759850
795 32170651291019920457016844104 4596926316595586652827474186
796 33637727156617059306802477622 4804792281705797515062559743
797 35170739700954589555514193306 5021922058584382849328869242
798 36772609659942672392553816817 5248722555182613689484387822
799 38446385284212096212274883140 5485618295704258477069984050
800 40195247825061922325269408299 5733052172321422504456911979
801 42022517255315507449375245223 5991486228508002426815719537
802 43931658230382305031406938820 6261402475301701333080509487
803 45926286304213020782212499789 6543303741858946450905285538
804 48010174406009193768028086437 6837714561722963378455094385
805 50187259593488151166113409633 7145182096283051986707103605
806 52461650089180524804941119796 7466277096963606051213804496
807 54837632616760593992785388954 7801594907743960700949000443
808 57319680044561240660359665732 8151756509675604512522473567
809 59912459354563838787332137393 8517409609130970421571757565
810 62620839944753542339809377047 8899229771588828461969917962
811 65449902284519539769215813425 9297921602834531195851268718
812 68404946931797195092524594170 9714219979529959777862768265
813 71491503933128173193027468475 10148891331187245215547993864
814 74715342616217229596671125096 10602734975663191221223594155
815 78082481797771761834980526940 11076584510377034355391142064
816 81599200417166946840444284801 11571309261543787320061392679
817 85272048620456435016868882363 12087815793808125625662163707
818 89107859306322916106431458859 12627049482760689878061744701
819 93113760160356339388131459189 13189996152918959195978870030
820 97297186190402333287064687379 13777683783859651786576215682
821 101665892791378300390591650247 14391184287298069419105856949
822 106227969353553646952268554562 15031615358023124634594092724
823 110991853444856029037449673588 15700142401714084441377203063
824 115966345582566268531757030768 16397980542787591098996821750
825 121160624627295449466036205604 17126396715550358417594267021
826 126584263816097047985234326359 17886711842065410771034749979
827 132247247470116630907735413800 18680303100276877491522988120
828 138159988395257474030512886223 19508606286081561360311437674
829 144333346013966885428554545955 20373118273183778133458320225
830 150778645248391078621653980727 21275399574724765449983360003
831 157507696195914416226449234141 22217077010838260632179411313
832 164532814619258999445588188818 23199846486451169343993151122
833 171866843295293231723068046080 24225475883821531494697782922
834 179523174246826343316439847756 25295808074486832813101046425
835 187515771904911635198245003829 26412764055483014097178757689
836 195859197228220713991532694005 27578346214889968804237171486
837 204568632830646276182451931724 28794641731961759722351371983
838 213659909146183555756419366494 30063826117310982372086476080
839 223149531686160008753555783032 31388166898835484452139885750
840 233054709420571702037390829774 32770027459303858556350798600
841 243393384342809361780876231336 34211871031752548278772284453
842 254184262252476250180145087641 35716264859093977687647313415
843 265446844820119643823684827102 37285884524590579748861394570
844 277201462971779965726662111423 38923518460115987806848673270
845 289469311662064619858398926141 40632072639400673752129300324
846 302272486077133257264407473944 42414575463747094337180792099
847 315634019341563117001711792186 44274182847997609942310578598
848 329577921774263868905631376241 46214183514849300594196193732
849 344129221773078449768293818947 48238004505931946889525421000
850 359314008377350556250574580990 50349216918401212177548479675
851 375159475594196052651285499401 52551541876147039010384562987
852 391693968542227185950175157801 54848856745079917639394818823
853 408947031505037479447270163952 57245201602333536237114022805
854 426949457953046229327454482584 59744785969613964515539259105
855 445733342633088176955736712176 62351995821331449988466091712
856 465332135789614728053565071536 65071400878573831543609957267
857 485780699624510827332346833277 67907762200418949875852866531
858 507115367065114501960046492515 70866040084540107092698343096
859 529374002955648251132288621294 73951402289532005957331751320
860 552596067747855023800249793385 77169232591877674590168543277
861 576822683814885881301760202698 80525139690988018278755885205
862 602096704470967369222755770394 84024966476277979232856334449
863 628462785830409113546464443356 87674799670795146675673859587
864 655967461595789458030005729726 91480979866491345649258758095
865 684659220919125132319569384865 95450111966823518214883921610
866 714588589433787927570052965791 99589076052990565170686659417
867 745808213612009515307356136629 103905038690755971019484297576
868 778372948554333425990269339814 108405464695475636367939373595
869 812339949377733939265213884643 113098129373644577851404473535
870 847768766318084265889518862150 117991131259998859170817958839
871 884721443726485890345384143644 123092905369958432777075796052
872 923262623085244325800866852435 128412236987976529870072690275
873 963459650236780413908527483374 133958276013169939669531019316
874 1005382686962214089052624617667 139740551884446204479331411000
875 1049104827117739928897814629493 145768989108216487062234772851
876 1094702217477402685990377361684 152053923412691097170490155923
877 1142254183506361953818743310523 158606118553696417431847045996
878 1191843360226111517927219925899 165436783797931931934295220337
879 1243555828412941115998656900542 172557592110602218633091543840
880 1297481256305036050966385398885 179980699075416049556058362840
881 1353713047078014949680126625425 187718762576041099642814429720
882 1412348492279392311592771924322 195784963269243383580949581161
883 1473488931501700119804056689778 204193025881123335512830178821
884 1537239918501092132487910203151 212957241359090878236182734445
885 1603711394062631277636159100375 222092489913497780851227603386
886 1673017865836774365505292377220 231614264984172822820073009257
887 1745278595471359992024485592304 241538698168481624527315178361
888 1820617793282769263502943528130 251882585148964518765460484674
889 1899164820815443010234500286632 262663412660090356154504995095
890 1981054401554152446074500853616 273899386535208029575034561337
891 2066426840164994762750926860868 285609460876378579895067651923
892 2155428250551944341923202132172 297813368391435715163322531331
893 2248210793133763345886698659943 310531651944349233813920512829
894 2344932921652381685231723917326 323785697366761254448562966675
895 2445759639948591671456354705057 337597767580427105501057917306
896 2550862769042427754448831045868 351991038082228660789452118410
897 2660421224987498562042051385301 366989633845435601723754690835
898 2774621307865050777685044619581 382618667692977386826261193199
899 2893657002423002852338655140601 398904280200653395819254517900
900 3017730290756460057764104369347 415873681190459054784114365430
901 3147051477573672699045481151128 433555192876539531087229255477
902 3281839528477174916984426929113 451978294728708525214023001725
903 3422322421845755330192995622762 471173670120985588372050797999
904 3568737514782925723740221598833 491173254835220446432862090800
905 3721331923762405055272140535353 512010287492584845146484412308
906 3880362920475134227069889524518 533719361988531136324395159455
907 4046098343556634442216491294460 556336482009740068071399064008
908 4218817026741210023512006973264 579899117714618242279047917300
909 4398809244173797589096654060322 604446264662056374189988834755
910 4586377173471344280867690603344 630018505076433611630379753807
911 4781835377320463461092415977834 656658071540248718776792346785
912 4985511304252300580366126585156 684408913209287275550344075013
913 5197745809441574894631425992849 713316764648893234122621625751
914 5418893696223719452614005786261 743429217393715213042975617565
915 5649324279241900851009017481319 774795794337240928934816284899
916 5889421969975094559776774023498 807468027061529837515792402675
917 6139586885628741477540707008789 841499536221802614337232047468
918 6400235482201017813614150162334 876946115104959930393838357571
919 6671801212781304513378653144463 913865816485680423486405066750
920 6954735211960688765432121943069 952319042908502961911588247808
921 7249507007491867648697207837691 992368640529229737341624411924
922 7556605260150434195654303208301 1034079996654109332431762911842
923 7876538533021834806978473319623 1077521141120571341397403386532
924 8209836091243896465137181798417 1122762851668802145076610697775
925 8557048733522747134121424879295 1169878763459173895733432737528
926 8918749656536144645824682721134 1218945482896482311379736998403
927 9295535353642692395504981393035 1270042705928112564209840426896
928 9688026549101774151021818303174 1323253340989653981276400185806
929 10096869169330975310464412409036 1378663636778122744608506419570
930 10522735352503867477495480800625 1436363315039845896899358328033
931 10966324498131441791080359789419 1496445708567209282036578487803
932 11428364358035876739242171192847 1559007904605896258842021462474
933 11909612170485299359648819552787 1624150893881942976244820893255
934 12410855839012422192084534330951 1691979725465930503404211099660
935 12932915157820583844467967495384 1762603667699924360130192603237
936 13476643085423316873673377548855 1836136375421380008668856717532
937 14042927068566071857702429309774 1912696063727159213943851080855
938 14632690418209179271144304302732 1992405688530070149968413761596
939 15246893739776787689347408752141 2075393134169954709485716047155
940 15886536419594309211166455757165 2161791408351324312330912522447
941 16552658169887026047661110300286 2251738844689892053427982289844
942 17246340634417147516196745031999 2345379313161090374436414551558
943 17968709057312604216652306215337 2442862438754801545567295092897
944 18720934017331776094852225624497 2544343828652090726779455860435
945 19504233230311753941790422337953 2649985308251720770267133439311
946 20319873422224349974736627766086 2759955166386673475403099789409
947 21169172275796441700450271956086 2874428410083806869907819978392
948 22053500453313012276159090217508 2993587029233173241168779714732
949 22974283698784256079586185551439 3117620271547411926979127053250
950 23933005022304438046096313913047 3246724928206047105940972859506
951 24931206970025652471136734422938 3381105630594468612010288127863
952 25970493982799867678068961856025 3520975158562887897616477410546
953 27052534847172405052154598917009 3666554760646647127956344306190
954 28179065242023573613346966950824 3818074486705953843294627812035
955 29351890384821232598367073108225 3975773533460423034845675035419
956 30572887781043283827909814922718 4139900603411771887815710365915
957 31844010081033588504284791299800 4310714277666637214536144927329
958 33167288048133019103265967957671 4488483403190813123215639907302
959 34544833642672493819198620618669 4673487495046245204241629451110
960 35978843225974412200964076774294 4866017154182911354694265206413
961 37471600889297048418633025967956 5066374501379277964399166419563
962 39025481912196659187078458600701 5274873627947390097986152243705
963 40642956355615756547581136224196 5491841063841846500452896053582
964 42326592794526109862297422633712 5717616263835974099255567733750
965 44079062195836908389931469556599 5952552112453464578853008309794
966 45903141946777875235760312249997 6197015448369619941842104648894
967 47801720039899965868444398129178 6451387609023188709970129910797
968 49777799420314118760987060051646 6716064996207615136996693074302
969 51834502501775376677214007068003 6991459663439386169435859778910
970 53975075857675252200928229421298 7277999925931103886207676505429
971 56202895094049185555271142350419 7576130994027952290703815097177
972 58521469911138523251985563762466 7886315630998429231248733036419
973 60934449361150875708895795152929 8209034836103596418058528755338
974 63445627309271513025180206436015 8544788553903729460741526714750
975 66058948106146946804842295627360 8894096410797147287955714755082
976 68778512479446086977942148957521 9257498479823236816318777820416
977 71608583653340617893809340094349 9635556074800288403768986034253
978 74553593704105211742985921250903 10028852574908795418824727341746
979 77618150161346183725434621450047 10437994280872373856676062879735
980 80807042863700075990517817037199 10863611303931504965592652844878
981 84125251079227659503111516078472 11306358488849924787366667765407
982 87577950900034845804132767161831 11766916372239763961801564990016
983 91170522922116433947660241944925 12245992177539511607834487453052
984 94908560220697043373011507960661 12744320848028628464246059627690
985 98797876632893168033153042232402 13262666119314202551196742822008
986 102844515358770315144198471054611 13801821632778520931079437719552
987 107054757893509025079121606911699 14362612091531863067120268402228
988 111435133302614429018199328199305 14945894460472306341153073892017
989 115992427853839344190981640110096 15552559212113915719970799358900
990 120733695018681941586375405080435 16183531619906475296861224625027
991 125666265858155497457750486671265 16839773100833956878604913215477
992 130797759806688165868731141878026 17522282609145324707635966077022
993 136136095869954387083829453478490 18232098083140097717852712346115
994 141689504251568647653719777894841 18970297947002453464660671155990
995 147466538425629460080659586047935 19738002669751617842096992232436
996 153476087671198631575256676407088 20536376383452971700767593594021
997 159727390086978220980244418217925 21366628562913781584556907794729
998 166230046103512181691962841539445 22230015769169865076825741905555
999 172994032512544423402696108025591 23127843459154899464880444632250
1000 180029717032196410379766536521917 24061467864032622473692149727991
1001 187347873429067038674940112954481 25032297938763929621013218349796
1002 194959697217355270675556505032494 26041797385576000582369625213281
1003 202876821957688515035389872778839 27091486754099167408984061096127
1004 211111336177303264608521452994745 28182945621039436811282417218990
1005 219675800935958514765557260809558 29317814852360484763188469380980
1006 228583268060891358740464392149252 30497798951058731380716134731126
1007 237847299077018600799858001747552 31724668493728872881006491578226
1008 247481984857482232258537355829815 33000262659235183814081519827753
1009 257501966022701036256852512490242 34326491852926110526276105821510
1010 267922454114949380348075122295781 35705340429956356495500048880518
1011 278759253578728929037284151870570 37138869521411924622451440267117
1012 290028784576022412868563461408071 38629219967069644267226780200798
1013 301748106668954187432917332500004 40178615358763694337831877170404
1014 313934943401170426970108121921346 41789365198477765393682507986660
1015 326607707812889713572876374654641 43463868175432916528376380161993
1016 339785528923327587753112420354388 45204615566598118821992112719830
1017 353488279218051125553363746495000 47014194765213080671467587361162
1018 367736603177537306621433556544180 48895292942081479136595740785155
1019 382551946887288774352447235265540 50850700844567331975836762416180
1020 397956588768543723962433098245490 52883316738408211899530127054215
1021 413973671472937445958182527255333 54996150497646497195116039121846
1022 430627234983122075956756970107029 57192327848174163803231700285962
1023 447942250965927494084873869664981 59475094770587936660132803278445
1024 465944658423261961547956793327682 61847822068260244309086870983975
1025 484661400690798327185092414762723 64314010106747559065438412709786
1026 504120463833075057572062070765340 66877293730881687431325192921834
1027 524350916488775724949441674591006 69541447366121616918816177545634
1028 545382951218502884116669187927473 72310390310983979753319152713934
1029 567247927412801287447565904736720 75188192227619293524858181464065
1030 589978415816708020702272168468877 78179078837859260757658669457252
1031 613608244732869048089765913703411 81287437832327804842152878336251
1032 638172547963756612405128300694596 84517825000485590628268677129623
1033 663707814559626210105486519575398 87874970589764795726619149717517
1034 690251940437321120623082030844932 91363785902248291467082481888195
1035 717844281941500039608517257962677 94989370137655453801161398756590
1036 746525711418309369376996336507281 98757017491716010698603869808070
1037 776338674878374437120190661705770 102672224519343960454073227246547
1038 807327251824409756281503896907934 106740697772366151410092496101554
1039 839537217326009631092827109337861 110968361721914939732387042839470
1040 873016106422589243830781134642726 115361366975961956826368092270559
1041 907813280943141056791742640367256 119926098802850790583643914139778
1042 943979998829866942535418709840883 124669185972080868004022654618279
1043 981569486060900831991064692047969 129597509924003418690815024769614
1044 1020637011265723554684394210625926 134718214280513689012974236132740
1045 1061239963135513538282047230507733 140038714709261994367964528304147
1046 1103437930729059929580238230059673 145566709154360370820516947589011
1047 1147292786784024288298725072248918 151310188447031979898125505211430
1048 1192868774141721373939355289744586 157277447310137702096803724432844
1049 1240232595403298105955868737958109 163477095771019024080265786609550
1050 1289453505933582094858709663171488 169918070997619096807349078318498
1051 1340603410339162150326631390030215 176609649573385253852206425342508
1052 1393756962545670178864888129432499 183561460227017093724267411668558
1053 1448991669610143254011845847471399 190783497033705025399011223174627
1054 1506387999402774038895422427047612 198286133105105766051740791002035
1055 1566029492303923099617138844276627 206080134785924286913455951259466
1056 1628002877060727390428830315392136 214176676375616994965530422655441
1057 1692398190959900683153846756476631 222587355394399185288134561600051
1058 1759308904471823182230561138260918 231324208413431926871476886628488
1059 1828832050534018238366841356538024 240399727469780275150398352541295
1060 1901068358640666865100483854949380 249826877087477024806306436682550
1061 1976122393918595761599704515792431 259619111926794902903903858282467
1062 2054102701368790809838690834137590 269790395084626208521306859330203
1063 2135121955467105505840848131089501 280355217069693265922512204254601
1064 2219297115316526307580323924216612 291328615477166797747643128851965
1065 2306749585558858493013935742027409 302726195388153340970512449363108
1066 2397605383252479220243419001471593 314564150520428320398942429589829
1067 2491995310939244411604709389380347 326859285157739328217944658021195
1068 2590055136122526001669703948058700 339629036885985812650521091739503
1069 2691925777395792155554127700628739 352891500165597792693064105229860
1070 2797753497460156949548505528022331 366665450770488753893927654278831
1071 2907690103287820158986083754535465 380970371125047658469252263285168
1072 3021893153687474726940909780315950 395826476571763477972460354798893
1073 3140526174547376825420640401117863 411254742603244027745802489871124
1074 3263758882031094853100398706290226 427276933093600703409672633110750
1075 3391767414021763676379883487752288 443915629565423279460548833975619
1076 3524734570110179068322426171291234 461194261529865886819548193737883
1077 3662850060444144262953440647557210 479137137938708024340405275972933
1078 3806310763756201536100459662742521 497769479788644748304553495300446
1079 3955320994910303913625845690185876 517117453919499510741582247311995
1080 4110092782307943527749859500389791 537208208049543370281513128274546
1081 4270846155519103995497593493070780 558069907092647074919064078269009
1082 4437809443503635815078959532412924 579731770803589829653889090465310
1083 4611219583815022631138450368474673 602224112799502127836867703068534
1084 4791322443179040846487078093322169 625578381007131993715400129218655
1085 4978373149867795958771722574780348 649827199587396195485096741151797
1086 5172636438290493080662563846048758 675004412390512738195023734124239
1087 5374387006251992350478580839312042 701145127996910209394091171983043
1088 5583909885331452182489576269594826 728285766401075776846633724874013
1089 5801500824864876263511773394244204 756464107397538946738052845597325
1090 6027466690017053096630995802090906 785719340730295196686468011045384
1091 6262125874461822667542531274923751 816092118069154575020287144949660
1092 6505808728191745346043392772230098 847624606878758096201928227674051
1093 6758858001013747354524356180368599 880360546248341702038727418718373
1094 7021629302289975281376914717452248 914345304752746677204951178080640
1095 7294491577520773860712781839329266 949625940417679322961779585842763
1096 7577827602369931673360489317054726 986251262864814583017230902369159
1097 7872034494772339783835823653092188 1024271897715020987348060381346241
1098 8177524245768071281318110900436365 1063740353330761125682320075116819
1099 8494724269749353800126473210650481 1104711089981595892462307006170625
1100 8824077974811466676166951896520955 1147240591519695580043346988281283
1101 9166045353943677507623075097777161 1191387439655339764253910592315288
1102 9521103597801659067511451089438576 1237212390925574690626025966996290
1103 9889747729850693441038106543525717 1284778456452494990829233226377379
1104 10272491264675139855177593251222184 1334150984591030161739618104847170
1105 10669866890300466086914312585900980 1385397746569649033264079085023363
1106 11082427175381238169658989508348899 1438589025231051837956193683375282
1107 11510745302162430847629728062589537 1493797706983703451005350179037500
1108 11955415826129530403957265864567598 1551099377078977592324977502565855
1109 12417055463320210771299052719580605 1610572418332734533482318570551190
1110 12896303906279584889814449871045345 1672298113414349146588255526290127
1111 13393824669701894434259350310968765 1736360750830546535004742869861557
1112 13910305966811937926543905811798598 1802847734735894350158767668809929
1113 14446461617604175159144857078528375 1871849698706449115822481531031302
1114 15003031990069211574399181121905722 1943460623617864164855763103650900
1115 15580784975606018482625303609478814 2017777959774244383161311335135412
1116 16180516999831462911448217517419757 2094902753439183950276117590000925
1117 16803054070071640764100536365959062 2174939777925753277977786731439319
1118 17449252860834308615442006543361887 2257997669407716887103312005936867
1119 18120001838639167795375021727898112 2344189067619971039484826726136835
1120 18816222427599282530197012927206211 2433630761622095504505007624351926
1121 19538870217229196917320681028708160 2526443840805024325560621670846260
1122 20288936213973725591016017995659109 2622753851327163276606626468293628
1123 21067448138038805827140629314977192 2722690958172823755991785784326387
1124 21875471767126256753240752077392016 2826390113032612069265970456163500
1125 22714112328767160281537029669858614 2933991228212416784843441604124699
1126 23584515942971263829516287438451340 3045639356784883554548008634432380
1127 24487871117008474894623212846725287 3161484879204764376319516386806829
1128 25425410294163625900690305713305974 3281683696617285755657387337131749
1129 26398411458410526601084456536490408 3406397431096706053660787897070925
1130 27408199796979061064859368028776620 3535793633060536116646611744883745
1131 28456149422900487013950928942977165 3670045996113488118329838058723628
1132 29543685159646691955946521553953690 3809334579584105681944821254585338
1133 30672284390097539066152872120174195 3953846039026223475533484851711932
1134 31843478972104134185501464067629461 4103773864966917551549475742004630
1135 33058857223041644967004294616838242 4259318630192449100691154502765975
1136 34320065975782364642632536628649095 4420688245873885709566584952625897
1137 35628812708653407369739803374063063 4588098226844616747507844508037264
1138 36986867751984128906220853703782374 4761771966352875646576237849731855
1139 38396066573990457158706280330253765 4941941020623653451737160975884815
1140 39858312148787975238217063591323790 5128845403576048431946742302750170
1141 41375577409476621378037978604716079 5322733892054158457915227866236060
1142 42949907789288806074051858445402539 5523864341942100491068450472029219
1143 44583423853953270465518772030995863 5732504015546648477080676455520535
1144 46278324028480576414559032415635712 5948929920644332374606657683899745
1145 48036887421746749160724061399266832 6173429161603651508297858791951031
1146 49861476752310171785482904291540023 6406299303007341112943259722223788
1147 51754541379078212651419223267982103 6647848746214407376439536432805536
1148 53718620440504064560650547150777522 6898397119316930779355317551024978
1149 55756346106187096336388957930981773 7158275680962446691834888697663475
1150 57870446944819873501771802599559080 7427827738529064471293660118664110
1151 60063751412629996308143461539226734 7707409081157399483953096394984678
1152 62339191466541092377180709369387187 7997388428160886234821473483000555
1153 64699806306495240135442101730922901 8298147893354134143293856722998488
1154 67148746251462128096097062791260640 8610083465857701451154337181278065
1155 69689276753891971658465994693768060 8933605507957017621037375468973282
1156 72324782557459623813936030623921078 9269139270613202791504126859283685
1157 75058772003193690699617319707943636 9617125427244236129299819591578718
1158 77894881489182852916710644761958202 9978020626416337178370164768812546
1159 80836880089313564277615601734500466 10352298064107568778430054733760345
1160 83888674336600294275616627087140770 10740448076228572334937735566562385
1161 87054313176948049117954608017579718 11142978752109030998555590333304243
1162 90337993099303182908771024123199369 11560416569682950887414131083801684
1163 93744063448444739050844669943027108 11993307053131181401163436777097233
1164 97277031926794851396514901225485695 12442215453765791987839842332792770
1165 100941570291941755188179482490107180 12907727454968012800119940123354311
1166 104742520256706040181773466389443550 13390449902019461518054086533162960
1167 108684899598915799219592133375445218 13891011557695348536983250121102793
1168 112773908488205039880122641212428877 14410063884518310798493113995825913
1169 117014936037506029842469223615942315 14948281854602503175542820411276425
1170 121413567087067497050960616712181045 15506364788049610799716682308517542
1171 125975589229209557042015937193818026 16085037220891570656183958875514689
1172 130707000082200991752293620031647499 16685049803609043819824168449851071
1173 135614014822047561580162001441676283 17307180231290097851615771678718278
1174 140703073981169323572264418974611420 17952234206530182283975172821446800
1175 145980851523373639214838309478714209 18621046436212348314484589328413725
1176 151454263204735502545384295904974919 19314481663345819649385158162679300
1177 157130475230452831764877698208679496 20033435735181507108244024178275807
1178 163016913217966163659589671585389613 20778836708864920831259413450679734
1179 169121271477117263669890390717878844 21551645995930215818617016034137500
1180 175451522618361090609072329487467368 22352859546983857840754489692613399
1181 182015927500561556816764834246005960 23183509077972665661421886007454584
1182 188823045530160958764522926962472291 24044663339478824029548767493555588
1183 195881745324061873030514854726201997 24937429430533921473492651656959612
1184 203201215748840726296881494901744331 25862954158495203059166455452470495
1185 210790977349496208972454488103936578 26822425446580095904068198565803164
1186 218660894181238674814635483046159924 27817073790709723558345700246365971
1187 226821186058447924722967140658160330 28848173767368633057992125893483779
1188 235282441235254002418137103479461029 29917045594246378653834785571179351
1189 244055629532856582111388356063720560 31025056745487001593014803461929555
1190 253152115929051827289446693039512631 32173623623434883211416744742294747
1191 262583674626138810724304343215131473 33364213288829995905464566634140396
1192 272362503613758899107291611992376417 34598345251472305106432161856883007
1193 282501239743969695828837338042908936 35877593323444056632515580254383154
1194 293012974336266551900990966207362231 37203587537049994338271609307035630
1195 303911269331060723242714260265108113 38578016129709269105524749061283955
1196 315210174010567002430082370686316229 40002627598109003613035027587346239
1197 326924242306900691319122409770380225 41479232824008249429294178038617951
1198 339068550717662255724780896837293290 43009707274162500911950054844789890
1199 351658716850189295718387951234465469 44595993276923101114218051405894000
1200 364710918616171231876999258789533627 46240102378152881298913555099661657
1201 378241914099281153425625797949569572 47944117779189310556261099429006223
1202 392269062119035073510766495016429581 49710196859679394486867802358932901
1203 406810343515109367329917001566411698 51540573788206651013836802198036893
1204 421884383176945937938700551393635766 53437562223729812777303406841914935
1205 437510472844560634025380723332528180 55403558110955564979344325681437822
1206 453708594707115333969235680461342528 57441042572873737644094937785113022
1207 470499445826969762524922877958672437 59552584903793044889004529388335732
1208 487904463417623481137559539068860410 61740845666328821093587961517238033
1209 505945851005188321103953828443360257 64008579895911365238424857597692590
1210 524646605503778991645804358595297378 66358640416504598253672231293216761
1211 544030545236518384307689297490902140 68793981271349892486345394543503614
1212 564122338934658509949157490755713911 71317661272679283934970057444157431
1213 584947535748710852917630584970537215 73932847674475963853859804733408932
1214 606532596306345417915155021675847371 76642819972498112301511348487927130
1215 628904924853300087540105962283704995 79450973835924928534740056571220837
1216 652092902514472891721558760137067854 82360825175131287067719845184002304
1217 676125921713947402412132010649880827 85376014350249959857626768802856615
1218 701034421793702675257182420978746847 88500310525337959944194241004565748
1219 726849925872438194578847594022101234 91737616173126446538485123122674660
1220 753605078987020762521443629709392378 95091971735501962459496140992085663
1221 781333687560847289446083952411343510 98567560445040729668418191983592407
1222 810070760244574610047513313547799956 102168713313097495533124764187939944
1223 839852550176569418300584466884903781 105899914290136190948927875636615483
1224 870716598711675056140234637767137653 109765805604181632042444034426405625
1225 902701780668916237423749791634896330 113771193283469872120310539095739833
1226 935848351150099085199008296010314377 117921052869579803514689801523449638
1227 970197993983418500048310786852453926 122220535327540435729044764084697099
1228 1005793871847620441385648200653869406 126674973159627164610485151798391797
1229 1042680678134560049177363206770839064 131289886729786527240095013237443045
1230 1080904690609538445767120439702195572 136070990805862651658706033366694460
1231 1120513826931242069997091259618047830 141024201327040104811696041691045190
1232 1161557702094764210959482487241737600 146155642404167375009402954907061316
1233 1204087687863786638774167933019169120 151471653560883058451095421311451141
1234 1248156974259777028716440759180801127 156978797223733228787865722354959930
1235 1293820633178823474733893338552422842 162683866469743733376335192519362494
1236 1341135684208635819627504069017641258 168593893040195573779320686453020964
1237 1390161162721187311580955893575979475 174716155629645388794651866300906835
1238 1440958190318518387083107937032551584 181058188459536679140275000227478496
1239 1493590047712357868500669160340503139 187627790146061111217741961494883890
1240 1548122250120414879944917458193155655 194433032872253346998515292619988830
1241 1604622625265530228900226972209590932 201482271874637706375741021005730181
1242 1663161394066234296299541723333791238 208784155255090933098578892158986338
1243 1723811254110808923549235846154590487 216347634128942766400406396453655835
1244 1786647466009480619212411081173193492 224181973120705296790445342451587490
1245 1851747942723151757386003554153124268 232296761219203590802475861123264133
1246 1919193341969789848127165681897589514 240701923004274209788971782007579802
1247 1989067161813617992353495521414148286 249407730257605432130910077287592727
1248 2061455839545159486775575386642313149 258424813970713646981839124047488243
1249 2136448853964471998360703336258891925 267764176763484957967824140618533500
1250 2214138831183026753628356388720784089 277437205727159975794000686688315348
1251 2294621654064246832757284620686928400 287455685706103555386947650491244181
1252 2377996575426063526395023899176068891 297831813033180334721514504126791124
1253 2464366335133702377114370869345054246 308578209734051855476222280888835192
1254 2553837281214495919871724081956446710 319707938216222310789920115620477565
1255 2646519495131685804409484673771486999 331234516459188101998422700026723439
1256 2742526921358019624074539004030141587 343171933722591949005782567849433641
1257 2841977501395446673650562599840066617 355534666789845852070090701405470932
1258 2944993312391334615966316732428791559 368337696765269337188595637416276068
1259 3051700710507482668878032153314375919 381596526443390734228095202493032600
1260 3162230479202618890865690860565717859 395327198269680365975835178420652411
1261 3276717982595300406386036298261843285 409546312912626108164576640399383898
1262 3395303324078861948361243342159476783 424271048467724485839916892830607059
1263 3518131510366691379144514556827076467 439519180314644983035319377172158032
1264 3645352621151173701262585915725625118 455309101649532274915393819410766690
1265 3777121984566706307727014291540402742 471659844715141371979173526935980437
1266 3913600358652610615843721110214778437 488591102752254955447569352295355812
1267 4054954119019282032918990235629468578 506123252696611256922641286254645760
1268 4201355452926726908340723474983280869 524277378646375504218896129395592376
1269 4352982559992636905106233771561549788 543075296126019045035073055561928520
1270 4510019859753368686189011091052091542 562539577173328634024088141916141596
1271 4672658206309714833808087724713782389 582693576277154906994867051360796655
1272 4841095110296008381594749279041745383 603561457194424687753064451343608383
1273 5015534968420170896945381433929717178 625168220675887416175494833282535136
1274 5196189300829439620770148773607681638 647539733131042629585359752478706350
1275 5383276996566161716683408506299879017 670702756263704072335812679441391888
1276 5577024567385670497733955297990941254 694684977710697693392039019806832594
1277 5777666410218533729127060646020548304 719515042717266582828863521396088515
1278 5985445078567626482273513646531297765 745222586883866905899271646915240282
1279 6200611563141419062024005190371222845 771838270020186251303063741763018130
1280 6423425582033605042341748830690736006 799393811143400700904158178331205389
1281 6654155880770838041038604021182048746 827922024658910558926936487548336568
1282 6893080542559691545896324082709009521 857456857763058308684876665745077292
1283 7140487309076350687727504276195953620 888033429108637280324653641355847207
1284 7396673912152543369679316619424402652 919688068775347054572190680423598070
1285 7661948416724412100369036417694835732 952458359588743164917093657911776850
1286 7936629575421723627188041728947677052 986383179832665621554422059019604497
1287 8221047195188858257163125753497788452 1021502747401614623677846147487591813
1288 8515542516340461109904702355081118408 1057858665441074072255055670604124719
1289 8820468604469587950023505008151768815 1095493969525365696982675003469664810
1290 9136190755638413766463125485576412716 1134453176424250386882487822532585142
1291 9463086915297486563738673262064443707 1174782334511180318623311370757902964
1292 9801548111392593383996558182129922919 1216529075867847432892383159101984374
1293 10151978902135245819565193355727392265 1259742670141472479018316728428818781
1294 10514797838926783325052462603012136923 1304474080213136065603158197122179375
1295 10890437944944124799402541499335921994 1350776019737370796417180820702333527
1296 11279347209910157757858225530983136882 1398703012615213588677365804960180341
1297 11681989101590948712868181970246180807 1448311454464961662889458094993182194
1298 12098843094577950350093494797296710989 1499659676156986538068572255824972432
1299 12530405216933812268331354989559895460 1552808009481139790520320395733292300
1300 12977188615297496792504952875741813502 1607818855017534550841511230454411672
1301 13439724139066148912460379144517245933 1664756752283809987147800849591201736
1302 13918560944289441210129320212865258147 1723688452234384707674372422071320679
1303 14414267117935263119390706039094247753 1784682992189681523983975379146100758
1304 14927430323205151890901602719162167301 1847811773275862853601073393199008865
1305 15458658466602502076631446071695060821 1913148640458255774876416600453369682
1306 16008580387477458982327046620609727590 1980769965254371045106648307068906619
1307 16577846570798627658142067838162188523 2050754731215233987976941410834180457
1308 17167129883924028225279642539250206665 2123184622266649887649796215921782211
1309 17777126338171642989976101188726812574 2198144114005025303125952328225613580
1310 18408555876013726470702589687540631793 2275720568045462559712283145467243327
1311 19062163184748761047251020048559770624 2356004329523040680859896842728890474
1312 19738718537530395237973603079146971017 2439088827851495409213115816339495726
1313 20439018662664325377079948285588270197 2525070680846917026164254568053937634
1314 21163887642111273318070032662155685313 2614049802327600836872111661056230165
1315 21914177840167871365179008709227826082 2706129513304814950403979441635984290
1316 22690770863326311062087718356549473449 2801416656882996994241981980679918559
1317 23494578552349436347694980397111931089 2900021716991759392273170147031719072
1318 24326544007628984234693119685794042919 3002058941076075680836616507226015622
1319 25187642648932804094940407987736069071 3107646466875142011769945929778234485
1320 26078883310680018294226706148320568894 3216906453424662618200536823961141148
1321 27001309373923666501206352933220786592 3329965216421699826558324552595808770
1322 27955999936255757011263017137766785666 3446953368095762574438358199469775528
1323 28944071020892836721579843756665065732 3568005961734486838351757966808790919
1324 29966676826237971311161601245083047223 3693262641017091556254336031236632750
1325 31025011017260991168597029443397690528 3822867794313779335421691039194332368
1326 32120308060079196795651858776869563028 3956970714114397433384120384166003416
1327 33253844601169634728446575402871367596 4095725761754986283464866437718755283
1328 34426940892687121154133736719421367450 4239292537616325490949332681096528358
1329 35640962265414250026472576529867950827 4387836056974246172531213471126988170
1330 36897320650915597342076894522908622186 4541526931687319371792477450694975225
1331 38197476154523736092126873934388394483 4700541557913558825461268913956492487
1332 39542938680833752590633806934664847252 4865062310053998559115610911870100035
1333 40935269613441914672342360854747724787 5035277741127427794082646196764289585
1334 42376083550716524814313601425133536347 5211382789787193810929017395424321210
1335 43867050099451735316450894098088722992 5393578994197824268512706677957552625
1336 45409895728311010017742763787588957422 5582074712996280787878705083147454523
1337 47006405683033687083634874104582205999 5777085353569942323599828874448120571
1338 48658425965437762180474396505181130518 5978833607890937159258923653545207827
1339 50367865378323064445707891427983207219 6187549696154203668120613167259109435
1340 52136697638442667535730486624886368681 6403471618474669930531089742522848797
1341 53966963559785987593037220920832095879 6626845414907208756853259936695984136
1342 55860773309484958681855568138582037896 6857925434061555771629308454994509373
1343 57820308738735132929735290874970590826 7096974610593182332652154711768629954
1344 59847825791196041053741952072948779807 7344264751860200848154682253520601870
1345 61945656991420761881831054489148413904 7600076834045756410267481267000412856
1346 64116214015941986618960618622793954514 7864701308055034793828023244287340980
1347 66361990349732961556313238337171655544 8138438415506002236313232141990462682
1348 68685564030844197088687075999288219150 8421598515143296812402544776496284973
1349 71089600486113763339512199950059189920 8714502420015324706702901500511538625
1350 73576855460937002863703899596791174318 9017481745765587687202719206979752339
1351 76150178046184629439211924085356954756 9330879270400591290587334955958115107
1352 78812513805452058861629210505973859862 9655049305908367725798746534773552348
1353 81566908005932557515493470849918465241 9990358082113704664098849646925432237
1354 84416508956306922162236935162127099338 10337184143168612691406936474627379320
1355 87364571455159165627049935630421321610 10695918757089402353832391602114778863
1356 90414460353534470360528533149451479608 11066966338764988954966020552846311185
1357 93569654235379901125029502317210018389 11450744886874712432979257653673465667
1358 96833749219722250021210202582609000521 11847686435168064074325478460954986607
1359 100210462888569559329695862987131781025 12258237518573265193633495987026371935
1360 103703638344644307350028138416737679182 12682859654616659385819889316805008574
1361 107317248403196862451583287800609708211 13122029840650374087829702479479965035
1362 111055399922277300929491692084610369650 13576241067401694028191547060980833568
1363 114922338275993288746508799904957177693 14046002849374084164798517831067165046
1364 118922451975419792715578061591240998513 14531841772646818920248481411605550560
1365 123060277441985546254266472166526769689 15034302060637734370093170532411179780
1366 127340503938308393528138216468626811535 15553946158411737537905952886830918329
1367 131767978661620956901565209151550883603 16091355336136399592075372322853441977
1368 136347712005084998516755109709637691216 16647130312305245611392419213169232605
1369 141084882992472974139767066902104280404 17221891897369251284144496300865473815
1370 145984844891862562406554887813822119134 17816281658437585657529146257903261665
1371 151053131014181571540110155372326733038 18430962605729818628447970674590396131
1372 156295460702618942060691851960447783451 19066619901483662703451906966061889217
1373 161717745519121402926143834096471337955 19723961592044861669045607586672623550
1374 167326095634385401926932827064645457170 20403719363889095930868650315257219250
1375 173126826427970764280519722153737053734 21106649324349767740001100592550916016
1376 179126465305365104692604393078358251433 21833532807850282420908580590825862986
1377 185331758739058668511861944466888599096 22585177208464977793681819296712788065
1378 191749679540905166498907457260954907461 23362416839659197789401547387242312544
1379 198387434373289509877814046691969263248 24166113822086183031380235679888630795
1380 205252471506853420218278337206697569100 24997159000346486985219767235597236100
1381 212352488832790852169609105207555969335 25856472889644547994140059803514309099
1382 219695442137970330033785046827781494137 26745006653306882839626895694957692242
1383 227289553651418871994007719815367981747 27663743112157144914230446319916689190
1384 235143320870963408370252049381906594968 28613697786775039130057416743650633105
1385 243265525679120832253435913189007192345 29595919973698836617070193875375888205
1386 251665243757606159675042314821553771003 30611493856665016404478212802210021309
1387 260351854310142283292098208535224785229 31661539654013410832232951778996345076
1388 269335050103551350956134135740254554309 32747214803422179685312303680676279243
1389 278624847837441767977263859298194680630 33869715185174019207110095647396061120
1390 288231598853120750299838455829971530946 35030276385193261591559928994266853030
1391 298166000192717543673591112346421202489 36230174999132974647956742131787699078
1392 308439106019838980349719028676947500319 37470729978831867653000833781535492047
1393 319062339413456791877799103408430456457 38753304022502786601002774984625192104
1394 330047504547084606921145074359523782268 40079305010057880061198034072619085310
1395 341406799265704291936431272163117837407 41450187485020176719746625583516317963
1396 353152828073283166764907158494411031022 42867454184517379844972195257339462150
1397 365298615544150849396678612637257069425 44332657618901196005888853882051385939
1398 377857620171911221669803071313419239195 45847401702584520468158717245312104000
1399 390843748670019329127789901742550550078 47413343437739346154537960139775251600
1400 404271370738586223087720273537758745914 49032194652550394774839040691532998261
1401 418155334312457880169814387172250872711 50705723795773236966373450556265512689
1402 432510981306075681601948443238473124611 52435757789401123913939450130086135644
1403 447354163871139680285699051281872798544 54224183941301948277230817879517159495
1404 462701261183587185103257332978355230806 56072951919745741389655873424027752720
1405 478569196776945482049665117264760523310 57984075791803952210030966295696158116
1406 494975456439640683346687295748463754576 59959636127664498822125654803605200455
1407 511938106694425576535262730712299739570 62001782172971294457628166694777458740
1408 529475813878646423785239699430644897111 64112734091363688056165357762141754716
1409 547607863844686306768060611973672912360 66294785279460087023332346767177823090
1410 566354182300515762545315855624700837488 68550304756601011890673498202891728627
1411 585735355810938174356288979937402883943 70881739631740035679525259959146526016
1412 605772653480748904378346971634484780976 73291617649946553739726907624791770380
1413 626488049341725400375006995442138397395 75782549821062183481895201583751205263
1414 647904245466037850583284397603546474910 78357233133132880842076215608511229415
1415 670044695829412337832125327240207368734 81018453353321656721019131504035339537
1416 692933630948094205826116132678258743089 83769087919092159661630333467319344902
1417 716596083314448626536191494050701791038 86612108922541440552472192615179632742
1418 741057913656797302364322231253777425691 89550586190851013626818983550558814889
1419 766345838049929352019544381915686126083 92587690465918960312381724727166445110
1420 792487455903535493474729277761532221719 95726696686332376146505918443171660625
1421 819511278856706714061491176687269669177 98970987374939026118276437676742560264
1422 847446760607501923398766503289390268263 102324056135379743432459471263142178485
1423 876324327707537439129450787063623173286 105789511261048976512902596439531532566
1424 906175411352470019077896756254707462306 109371079460060057837671640558228717300
1425 937032480200253307608287177343013399186 113072609699904337559514844445146843472
1426 968929074250025510352983374294401827546 116898077175609399692092533607036637857
1427 1001899839815557805876071459565070382935 120851587405321266865514819340648620862
1428 1035980565628233777729963637730711165193 124937380457358912643772141796859437854
1429 1071208220105669357368277174904314189690 129159835312916652764103424563956670300
1430 1107620989823190351401020822521092623573 133523474368721196662101633251149823925
1431 1145258319226595565151531639639520339243 138032968084085429989744342641002104875
1432 1184160951625812154208555092783371760367 142693139776940493084095678732486636969
1433 1224370971510336985238922887958502450961 147508970573571548730224671300676243591
1434 1265931848228611936876899683421294368818 152485604516930928407097683383484266510
1435 1308888481074849189238313764554611092763 157628353838555246722760639034336216136
1436 1353287245828157003048520919922078462201 162942704399270720489853224525723269795
1437 1399176042790270626974519881696673270960 168434321304033467550147269349447360294
1438 1446604346369612798084799818930725021081 174109054696419141315515890296286539118
1439 1495623256260953821318129506662909334938 179972945738449034728553750103340839325
1440 1546285550271451801575717504506605865237 186032232781617921513478910563182232444
1441 1598645738845496201455768749184225024984 192293357735172557401982780429019456969
1442 1652760121342384969313275557819287674057 198762972637879108865432799270626669004
1443 1708686844122611207399386955796216415777 205447946439712986100137659510287259781
1444 1766485960500244984369472658141906868968 212355372000105810413242676805207816705
1445 1826219492620751167053370630694993193389 219492573309591728816879034317080350983
1446 1887951495325402801296498816787157937639 226867112941909191440813277312570747145
1447 1951748122065421203921674647490692024785 234486799743834826784604048875528356971
1448 2017677692930908461423769139955884178651 242359696770253388472695000770509170206
1449 2085810764861733261693693992523093419887 250494129472202113601016657658116885375
1450 2156220204109588681765058080275273850237 258898694145869442049569648660373941152
1451 2228981261022667065771895778286614047347 267582266650777119653998333871688332247
1452 2304171647226585724270275697427977078679 276554011405631474170238269248906446792
1453 2381871615277563133181308108403803703369 285823390670594346502222808229127105074
1454 2462164040866173024193666051293337132699 295400174124997022998049389765214784995
1455 2545134507652517799360816078777928391436 305294448749801797154111873648107967492
1456 2630871394816138258701844464716280756464 315516629024405747970164359073870491229
1457 2719465967406647954050521310200404823628 326077467447680222173319384811207626600
1458 2811012469583713147872098830235355070309 336988065393447621514574974879775699372
1459 2905608220837837718746611390765651686736 348259884310914705271679879631949049780
1460 3003353715286211969830644916123389047266 359904757280909011630794460361074410538
1461 3104352724140900053125490499200472065389 371934900939102477916959218389244857418
1462 3208712401449617734777039681927604212502 384362927777754206102413138268506970021
1463 3316543393212556366795440339168212760214 397201858837862893052822862772992037235
1464 3427959949981874435865113542421874568211 410465136803989050790556876831592919085
1465 3543080043053882248675772611046083048155 424166639514388116438037562729473373486
1466 3662025484367311090961524042481786958944 438320693899488240621648045435196959242
1467 3784922050224674815948389327899671504616 452942090362151303283202948578566379295
1468 3911899608957310375153365107467526795175 468046097613572904390385124958730619192
1469 4043092252658525992085466024716378784889 483648477979107092056857426409232236010
1470 4178638433113090295301577123303009240961 499765503188744811845488653259134061244
1471 4318681102055377428742355500119485300474 516413970667431889729975411863080081224
1472 4463367855892527928634123896519191360378 533611220340883210895592492267492392503
1473 4612851085033321171035766440913952579341 551375151973035052959106187501778547015
1474 4767288127967755086439142439149765425363 569724243051777714078869714336553502625
1475 4926841430246934870227614013601228234267 588677567240126095472954965375170347997
1476 5091678708517443318607592526560828260986 608254813410517219620274841577537789254
1477 5261973119769258134917719225592068945720 628476305280471269092869681239382035111
1478 5437903435961140324345078395192354429184 649363021668417110482089106581996800736
1479 5619654224192614878194863955831231825847 670936617389064931646215631627734512060
1480 5807416032596829495226469097055627064669 693219444808308092528746108408911793239
1481 6001385582134097302952160265736360937912 716234576078254109447577888083725273959
1482 6201765964471418862884047700873897717718 740005826073621415936329176309708825539
1483 6408766846139142002105641490782156057992 764557776051394742131574284792974302805
1484 6622604679161752276258741421328959187318 789915798056308219059157433980611758115
1485 6843502918366014297261744412585327084248 816106080095422250986408555099636706156
1486 7071692245575884768017541656138072469976 843155652105778433840074131252109568468
1487 7307410800910232078775507224154674292336 871092412739856974449839116812405949463
1488 7550904421405986992835800247420787804923 899945156994323847635597208986502059289
1489 7802426887196373327141080133567635323932 929743604708340998940330812008055415670
1490 8062240175480870378934375880180449977397 960518429958522963981451968247615571768
1491 8330614722531018824194107084577644564515 992301291378458055449596203783102865285
1492 8607829693983623416953090518466702216601 1025124863431572512298240504372933893698
1493 8894173263680828156196456578639058315693 1059022868667002481099668362066093137208
1494 9189942901324447099886970035680160235955 1094030110989052198741424671895432081910
1495 9495445669220347102220538237661449693152 1130182509971758083662737515471154158801
1496 9810998528397080983129813262580123378239 1167517136251048459523457118438435734632
1497 10136928654391903618784094898939599686667 1206072248027988195015615498189010425646
1498 10473573763006230966506065620174661744214 1245887328717627537181110407053143579875
1499 10821282446342088854518250538733546239411 1287003125779035759903231323132670516000
1500 11180414519440583623139478801195771394274 1329461690763193888825263136701886891117
1501 11551341377853500254412892160342111899165 1373306420616547671126845059808771245199
1502 11934446366489211032889630754255970967398 1418582100279183135137313919163744611210
1503 12330125160084774019610244975712048966176 1465334946617783561814630036179107930696
1504 12738786155666806694283083295472980170986 1513612653734759530017526259861629678205
1505 13160850877375077185050402389831419396601 1563464439696213993716384678301014319431
1506 13596754394034128990030715649954275317259 1614941094722713228367155822930278965324
1507 14046945749870313434172226779630948715009 1668095030888183105149797247519563263487
1508 14511888408783686104439148106291919296273 1722980333373639710221714255936544610213
1509 14992060712597026023950322724091336154796 1779652813323895051112691937493275900640
1510 15487956353717070445271584764025127042080 1838170062356853750560836014387165897751
1511 16000084862656650339816151603521139852563 1898591508776536523215092101916644734126
1512 16528972110880044159291505848271982000479 1960978475542532205781057345396110080746
1513 17075160829448297577810382903821938271358 2025394240050193548750246784190116959083
1514 17639211143955736871278517725523948515758 2091904095777554301862779830720186765825
1515 18221701126264222837906615439191944335005 2160575415856657801620130127396601613839
1516 18823227363557071612092672922134239721483 2231477718628751807313395954393627156678
1517 19444405545250831357889568808004799615210 2304682735244622286166458817442330457493
1518 20085871068319437990177528853252950462588 2380264479373211819043135033180865953593
1519 20748279661602536646036844319666745742259 2458299319083597933290739975588639913960
1520 21432308029687103065292263677305895135716 2538866050967394665741511337736337646822
1521 22138654516969824586398424862196960541883 2622045976570688763353306228619701197220
1522 22868039792526123287601945055998752292600 2707922981206731940550655607258234921458
1523 23621207556431156038845587098527877053442 2796583615222784382740474040856321114152
1524 24398925268197690319153064739424705803848 2888117177796744121961996863481080757250
1525 25201984898016402199851118974722003968575 2982615803341503976179051696005120224577
1526 26031203701504918114193232897867751897649 3080174550597354460133578989992600710402
1527 26887425018693837651987318352760168143896 3180891494495199523837557418419727460583
1528 27771519098000035063502188069372905757782 3284867820875874297854866890890114734440
1529 28684383945960797993424432032288412593123 3392207924153452428300151849140308700620
1530 29626946203525786214493798517888853152880 3503019508013107340706503153715459439135
1531 30600162049728480980044026109596188820608 3617413689236849218690486699230663550120
1532 31605018133583666991441790509488531500388 3735505104753300028632631618647052984126
1533 32642532535083690560671169778923856520052 3857412022010595043668172932897782160438
1534 33713755756192644411907110415988757627419 3983256452774513571402317362452698824910
1535 34819771742765436822458361732723703915113 4113164270457046596687344259862579939532
1536 35961698938346738848820408838464184036663 4247265331083807518632379721321456268679
1537 37140691370834313780477620314268240247477 4385693598011986873811172464601561040968
1538 38357939773020997535957377380267401479978 4528587270513945762405321738705440092603
1539 39614672738060915581883239106222590145357 4676088916345038581429933773569294261235
1540 40912157910937120389575963417148057120750 4828345608417856657751813260670405103571
1541 42251703217041066313006784671676788061735 4985509065708793590462102906287902242693
1542 43634658129007882752190471856360113728387 5147735798526653777473353718656776051935
1543 45062414972986671449745006680036982164671 5315187258276961029029844229698454778001
1544 46536410275560661701853536048989925754617 5488029991859677773715074283837789258005
1545 48058126152569477444228391776751150113645 5666435800842220652541448314024017081118
1546 49629091741123567593890257153847665298394 5850581905553958890153341953182905874297
1547 51250884676140556862534539800248296100123 6040651114252811450773802339294340809537
1548 52925132612773394249890904065205774390359 6236831997519121462431059121804263835744
1549 54653514796142306196941894173166385573349 6439319068036685669987130768251283335700
1550 56437763679825145025307005396668376863592 6648312965925656816271400679772663779731
1551 58279666594605423564513370468195621880872 6864020649797022030147590897007762961557
1552 60181067469022523726118790893255944832396 7086655593703494823378002063833638733692
1553 62143868603315992902401002239844256768963 7316437990166946592699616833531354911573
1554 64170032498403810672996126703808213911818 7553594959467950148686513765206276332400
1555 66261583741584824901065468372293329721582 7798360765388617440490476800142578927168
1556 68420610950706464699744634703586268754932 8050977037605691145961262617379106893607
1557 70649268778592219312416318396080496031936 8311693000936800120986617647413681760089
1558 72949779979577398264839901263876453135677 8580765711648916968128569908862807858077
1559 75324437540058319585156627126111776228485 8858460301044367459544239649173485609090
1560 77775606875017405915347169587316620812188 9145050226546241655095435675456471213374
1561 80305728092546745609251177170474054550732 9440817530511750873400887128525102883050
1562 82917318328453515752276960900299907344214 9746053107008968945969854946579275550253
1563 85612974153094394804177979194662267291460 10061056976799496323982724378320247274070
1564 88395374052650651294845325308621480788280 10386138570776897699583240005533846228720
1565 91267280987123199312358374749090384760487 10721617022118294111300879958656795681727
1566 94231545027395413903233945258232876086541 11067821467414245473548388055474400555521
1567 97291106073783210530313210092556416083417 11425091357050045737330444087123696839842
1568 100448996658564576960465019357301298667830 11793776775119777282986614097061549565288
1569 103708344835056810770768657146619470084206 12174238769162940693809364157051309012420
1570 107072377155886834159178832306253404261398 12566849690022197996332017608789608083314
1571 110544421743180638141714132977270926974322 12971993542129749223451407990577313551957
1572 114127911453479728484242495245928786651488 13390066344539111423681390555352209300441
1573 117826387140278019069144373890800190911838 13821476503028593889295382128265725457026
1574 121643501017159423885140769093348522282637 14266645193612571525140101316505187638875
1575 125583020124607159022471771281595248487719 14726006757806758281011522810861817647486
1576 129648829903647857122607194729957616555234 15200009110004083021400239371051767831673
1577 133844937879589855125248915861965697471184 15689114157328479953978540694207577474781
1578 138175477459212711061399453888072807694610 16193798232344933888778097136641377589301
1579 142644711844867092100866544784037713850912 16714552539015476523707617004948193446275
1580 147257038069047812016669986611810872414219 17251883612302523293667801378616630723938
1581 152016991153111060220487640339779767429775 17806313791832981004049940595952236488989
1582 156929248393916798807520249692399580873510 18378381710048954709565959117356034045626
1583 161998633782292115781468554577678499108084 18968642795283648606471174187975250526914
1584 167230122557327933784133057256332712590845 19577669790214200898277149916663590160135
1585 172628845900643225305275375476579530768142 20206053286156727802917377116665528100452
1586 178200095774874574409169568798616359409991 20854402273682788549513827814948445887987
1587 183949329910778032025101594445095620062658 21523344710050833153156141436233019518750
1588 189882176947461403683706451816917223702138 22213528103960970088758743797991090055558
1589 196004441730402011010085724581215816387107 22925620118156604193077050587843661667620
1590 202322110772044112992799744723088527020050 23660309190412159054931489112539937306848
1591 208841357879915337024511086092808921755175 24418305173462226026373553546995875617627
1592 215568549957349044095121946256418351193430 25200339994444087406536213435901662689794
1593 222510252982053471774585717260295484411219 26007168334442658312725535116810982082161
1594 229673238167925007768617782572534811477824 26839568328744494665699148030346372021260
1595 237064488315666144307090260195397887521033 27698342288425638399643940633635778570228
1596 244691204357934642558998641364152086607670 28584317443916730715736989648170031498488
1597 252560812104923465834438415691973760734114 29498346711208035625096160181520548669694
1598 260680969196447055769679779816637847734117 30441309481376795323275876211869020871017
1599 269059572266792973960858069567265635529946 31414112434139702720919278494304352579875
1600 277704764328784583716073083385714807184721 32417690376154241824102577250721959572183
1601 286624942383694934826828892363159492356571 33453007104814231206634568834252067530087
1602 295828765263849939021936606316934941601059 34521056298307127650200260789840693447039
1603 305325161714965109901403788877296147190410 35622862432723524773564047600591620474611
1604 315123338725470011845135460918754752560176 36759481727032834297334619181982868193810
1605 325232790110293143200731798237259431575036 37932003116763385216396036596083684144149
1606 335663305356802508862444959922898782065762 39141549257250138871243034824146893141432
1607 346424978740828850693828556017786295434385 40389277557338916599575631087245664105779
1608 357528218720934448469093694476480359267877 41676381244462492794128018619459154745923
1609 368983757619336031230166561943091175314021 43004090462031141893576046232131339283625
1610 380802661598140497473521675344478316887478 44373673400108265833414174147846823131033
1611 392996340939812511071204432353072471160446 45786437460370592180018097454654125762209
1612 405576560641058259713421343510727768827427 47243730456382146639125256475201485557926
1613 418555451329585648510942716586474171375017 48746941850241791637271332996842921594539
1614 431945520513482379665699500574321621963453 50297504026695610706485495279896144769485
1615 445759664173245899978666073764346991900659 51896893605837832676324724372468638684687
1616 460011178706797284490045443707679477862679 53546632795557357169752166455397628534844
1617 474713773238121182631478202498492020610338 55248290784921291361962286829338022618145
1618 489881582300489953862427403708125541734189 57003485179722265948521834701738678421349
1619 505529178905558745010084226230196359866541 58813883481452695155464304054870553436360
1620 521671588009953241208107854836583704134134 60681204611006611632952513664174735563434
1621 538324300391320115775303246763413978292001 62607220478448273296879161314388228250413
1622 555503286946165290787943129225422275267144 64593757600226437608809675150800761682315
1623 573225013422174247435585239696312999787927 66642698765254062321100804776702438717922
1624 591506455598085012349260695955320615876064 68755984751315254218264566880232672144875
1625 610365114924575641403896317129483344138425 70935616093304583685847007991159666098679
1626 629819034640026974390205836555542516539677 73183654904848448867540438473174344075670
1627 649886816375436003711413447796060306329425 75502226754904045590148716826986516533057
1628 670587637263178055272732362217586931187338 77893522600978716067675261669847531834806
1629 691941267564755307000876466873792975315326 80359800780661049649804576562965921695475
1630 713968088833117345433228110315866677808494 82903389063205132690374405132401276101050
1631 736689112625605009672412233033769017045334 85526686762960833261150746165714536727005
1632 760125999784043766977243243909936555967335 88232166916496002397533755182876654157205
1633 784301080299006184513047313898894986145161 91022378525311020523414800627504843113662
1634 809237373775766464629754159139677062948804 93899948866102260607570160618726171594330
1635 834958610519992743200176647834453225566514 96867585870588824684642587049077568806146
1636 861489253261756342195720101968260190623055 99928080576976385190854302771818195507418
1637 888854519536991048207870663827758436556616 103084309655193176038845274579543287624753
1638 917080404746100848428671490445110434532396 106339238008096180814672350296895542938848
1639 946193705910001422470015972375886736733277 109695921450910408688484641855278054316360
1640 976222046144479799837426766278724293719417 113157509471230885841519620824589853318260
1641 1007193899874378391439019044631702528221292 116727248071985676199747488789041121983568
1642 1039138618809744460207311223174139995187537 120408482699828936375465082551662467674163
1643 1072086458706744885118769904274512922161680 124204661261505763907840490901149694071182
1644 1106068606936818785025596432069985756920017 128119337230805474780434782661196752002675
1645 1141117210888238527675380719839529720576001 132156172848797007097973143732608413596901
1646 1177265407224962450284003964205307461254811 136318942420119455804633282594364118870621
1647 1214547352028402052971819894068780658021088 140611535708182363299559887896839185406573
1648 1252998251848481680054042211538268865174463 145037961432214389489427685180617331098024
1649 1292654395691152055764762843529080179374980 149602350869185430852497209043356597608875
1650 1333553187970319249142472170777972777238819 154308961563716222079735293780517268790662
1651 1375733182452980493910093611938958281554726 159162181149181008424137378091161149008138
1652 1419234117227206099457009620504652479655411 164166531283303096726173462843072095335410
1653 1464096950723485772948659527156836166370121 169326671701640055015539018518705699850330
1654 1510363898820855886974037563968719161686387 174647404392455113639317800019372440640580
1655 1558078473070155436234023126836408806500781 180133677896574006306024799468201257241780
1656 1607285520067710010488501472585714452718695 185790591735932160859341593488427864239206
1657 1658031262013729505865075284360453850558402 191623400974625892978847721669762887224010
1658 1710363338490713387511702269931700074627335 197637520916393159778610138707329017740693
1659 1764330849498202135824996798245216436703136 203838531942564585384018857484505756167480
1660 1819984399781281426950848097280023479450988 210232184494643970555920434333513855824223
1661 1877376144491352268604163050383016911565061 216824404205799439501151597527348613503086
1662 1936559836218811571835750945851244237650972 223621297185671858108005694276757667011704
1663 1997590873438459786578003387552938013706574 230629155463036280733315769829856728366831
1664 2060526350409650547218616129518838330778710 237854462590985052006674013310829555807395
1665 2125425108574438734730169976695912667151968 245303899419437913541037116166052239846061
1666 2192347789498252672821492883016438278660493 252984350039925153650180418719145316631826
1667 2261356889398931007678292862845536434493360 260902907907734605017003921684746498516403
1668 2332516815311309286393133906938033880673522 269066882146662257820916698151184555362272
1669 2405893942935933747195659817191013623006901 277483804041759534527674431707495428212025
1670 2481556676221903858269291078610342495212921 286161433725627991209904771339900788624872
1671 2559575508735319848804882571937299747828117 295107767063974496251592243518106809957385
1672 2640023086866319716682037931394132633956245 304331042746306921569506210339059205494747
1673 2722974274929251918925803357140501690570191 313839749587822198745641666552447374489321
1674 2808506222212127337855904053141364863900725 323642634048715381224461508374001874352425
1675 2896698432033147936750362674906746480991283 333748707977320256428395802157949938763484
1676 2987632832863801266098980128014259336711021 344167256583679214774724367914264615318981
1677 3081393851579761280001288813340823535375043 354907846650332656774577448740278805781989
1678 3178068488902627546350630210515244892987168 365980334987316359577499492665661423156220
1679 3277746397097389399904301376247408448166036 377394877138559089794329589034333523822720
1680 3380519959992398923814620443462250736232566 389161936347082504011271085636055422264324
1681 3486484375390600295856646998921305770936585 401292292786621190557291178310378056588836
1682 3595737739942772257445257776259675809867933 413797053067502749043669672231562125696658
1683 3708381136555619665267340220951144671202458 426687660024856256094871226711613620285845
1684 3824518724409677722381672619865370726130233 439975902797452509721828685778957458838000
1685 3944257831664193971792800611078197613832040 453673927205721269316833783775783610703320
1686 4067709050928406094707867391922151220585477 467794246437739506976775111608393022209053
1687 4194986337580964448132713283105449650095871 482349752052240657962887540925835136720740
1688 4326207111021633863583322889296184442869549 497353725307958208396664918548576500570384
1689 4461492358941877060036509060750792336259374 512819848828887897371554062220903289550130
1690 4600966744703447966586152150351148649652011 528762218615331555088826226879544901167527
1691 4744758717916735987258693853837732714493762 545195356410872371074704272735369048924689
1692 4893000628313276710968572910105965283084745 562134222435726415975597022642148002675881
1693 5045828843009610637912386350389993919873023 579594228497218762288102882601473336765100
1694 5203383867262503136414028554531397751851406 597591251488444805746508999799665944566660
1695 5365810468818467154717457239699794712234931 616141647286498628873307956507246249662412
1696 5533257805963528169087053263537009999622431 635262265061980727342758633558885467930686
1697 5705879559382270825803933851862063628767393 654970462011837401470060834112028353314761
1698 5883834067938380673995329543784831728662735 675284118527933869908522234215965152162520
1699 6067284468492175993789972986970675810432806 696221653814122968723573796976021441661750
1700 6256398839873984870771517728668053059399393 717802041964941442478681516751205185010007
1701 6451350351135696445056364481617296433884642 740044828519446608929091853958115568986164
1702 6652317414206372429625405956426883227114845 762970147504097887787893822256219849371554
1703 6859483841081482083592769896380753105248515 786598738978990637725956554797278124357808
1704 7073039005679089446459555185876841420512444 810951967102164263980984405643613443347625
1705 7293178010500213827978365943885090597194628 836051838727132970358751925465426223753244
1706 7520101858234570713760699186832712222122803 861921022549226171951777077723669881527186
1707 7754017628457019993012490536413237747107220 888582868816776806015468170319304987709289
1708 7995138659564267910762800318037286409948184 916061429623659935353293704664261165680563
1709 8243684736105729625718680375463173463065088 944381479800161498529884419450242134471605
1710 8499882281666925600396362836534342285615704 973568538419648201851756811932637866236071
1711 8763964557468400191640293919493164316158567 1003648890939014757529114525804772812444576
1712 9036171866847878299099499075076712626699848 1034649611991404349880377024889805948451966
1713 9316751765798260461800843821930019983402933 1066598588850232767185892564930056790115492
1714 9605959279739060540184716023991773265300617 1099524545584096492698787529446425808960485
1715 9904057126704059616510782210281052067212334 1133457067922710638072138797746330685194571
1716 10211315947133245731307296488960198257582612 1168426628854604371943988173648061076656356
1717 10528014540462579995257151101987765978947964 1204464614977899904017040550277724793430409
1718 10854440108710734732968356510971084448896708 1241603353626116601935133531509635427501801
1719 11190888507267739068061889309130347792153785 1279876140791574929056038110412443745546155
1720 11537664503096399470014218476544254312939350 1319317269869626093912245397158785002901753
1721 11895082040563489767682237781467204219505615 1359962061247603108750056330533001022811146
1722 12263464515123983122771108255945808567626241 1401846892763077891420050435782921418973709
1723 12643145055088082124306699152707704584600843 1445009231056717653171633051674494164837538
1724 13034466811707446993698040766866231721342192 1489487663845762650867366119648959070605125
1725 13437783257823882803988313943395527422842555 1535321933144897017630429081796659362863565
1726 13853458495330777389124009531878274620792089 1582552969462055408849028210050341395113316
1727 14281867571704841516041096241033102327374089 1631222926997501215103529967929557707274660
1728 14723396805873142917023661426577288588052406 1681375219875327721201833943152266777825092
1729 15178444123688107636736893584533135616457027 1733054559437372469717283290044275542482740
1730 15647419403291035007377714622089931561459805 1786306992630397874710969065930279993530728
1731 16130744830652800669708560518379193323302601 1841179941518278501517284167616876198477309
1732 16628855265588752678395088610852097240004716 1897722243951848075290887164802970670035779
1733 17142198618553405753435821307804501074423150 1955984195429997917538913727371549522655006
1734 17671236238529353470243438119186586540971652 2016017592186583869120124322228807307858970
1735 18216443312333917257503810123564336364910638 2077875775538691593667272042037771337062872
1736 18778309275676377762721563086774555507464832 2141613677532831241625032098057988491948517
1737 19357338236308260954293806666585901300902186 2207287867926682588244859017849269988676029
1738 19954049409619019415828071024106881695846863 2274956602545091757332316519809900057062533
1739 20568977567039634140896957548150759126013951 2344679873050131347512524469147852330603290
1740 21202673497627102731125909546029737213675425 2416519458166178053962910323080826683013954
1741 21855704483213554831778667218776543440222016 2490538976402136614754617183069000726495038
1742 22528654787514781623250870317045973787329165 2566803940314147020741857199436825485292885
1743 23222126159604365053396813884968752360340123 2645381812353354350387072647528700656565179
1744 23936738352171278620887395201360248536431215 2726342062344598291243970336667065409029860
1745 24673129654990890101617315806442872093227849 2809756226643193380147979076327264594704745
1746 25431957444051659603035819461479466765895765 2895697969018322254247325865029474629995508
1747 26213898746792582440397654939222247425492330 2984243143312953802987213049129995837626487
1748 27019650823919505002002504488336424780161968 3075469857931627124375487934417729522202013
1749 27849931768281935365151205234033319081836325 3169458542208911724615579730356050273697000
1750 28705481121305805793970217974715313978949702 3266292014712865596629588272103919719684547
1751 29587060507491917555422498441099480116538728 3366055553539366839888542445766361166135204
1752 30495454287504433899133084992365954630367150 3468836968654792543650918885868953010691040
1753 31431470230388884681484884927729626888896094 3574726676346161983924385238571158169261725
1754 32395940205474627365184277211401158173581704 3683817775839551051322373817401051497424420
1755 33389720894532678237788680525120851571716522 3796206128149322537872121900182662159228241
1756 34413694524776203182563951323487903398830324 3911990437222503807420937006192549828899684
1757 35468769623307847743009096010375181698010552 4031272333444480835500888704164496363681686
1758 36555881793635407090982141899566697789088353 4154156459574067047582172896269352052007031
1759 37675994514895200850533375862793659039619913 4280750559177948266124532321685590709003370
1760 38830099964440838011993764312103897584392520 4411165567636502893727652799725970383582718
1761 40019219864473951064232185663703135608810060 4545515705795050750500358651870382988186314
1762 41244406353412855262406247964628209981212106 4683918576336696329734155119529513589827658
1763 42506742882715071155272769487965958588817188 4826495262955104262123827190438060829061153
1764 43807345139890142115025382585003660967961429 4973370432407778155253526316242844344573385
1765 45147361998460311216394275561820972137200979 5124672439532710418254508515826522600609941
1766 46527976495648295992744071076223351556214835 5280533435313631955425559713040649796775465
1767 47950406838593748188782398731295317089298771 5441089478081518530016413892489308199319929
1768 49415907439922907706317036291734902618133273 5606480647942507023374562583725669127988521
1769 50925769983519593814046806036298655335854296 5776851164524941659873115036048663114937695
1770 52481324521369917801381471481505864236327776 5952349508140909502130662763236950728528684
1771 54083940602378093618781979545939204325806418 6133128544460338166089749412557583307068767
1772 55735028434076358339752763001963819287684172 6319345652798518839604562697210438023241550
1773 57436040078178442464671007747414470300833108 6511162858120786446819766577778364926946013
1774 59188470680953138953996378048658911010352228 6708746966871038378408979787060247103179750
1775 60993859739422465580421176077972016801558021 6912269706733805859936155115580770892194054
1776 62853792404417581499209109606255226253769686 7121907870442710074828422368434553047727682
1777 64769900821555168452731750169227537801773903 7337843463751340976339671250105665526337260
1778 66743865511227299371091175221533466948300001 7560263857685892761905455418833343917244062
1779 68777416788729061620314742439712502104542455 7789361945202278758472065509114228369126600
1780 70872336225680254115700726265645666149459913 8025336302373932563237571980294779250756300
1781 73030458153930513269596243910590298089972307 8268391354240084356595173268406241855198176
1782 75253671213171113181757787250053370077195898 8518737545447984082077112629884273268761094
1783 77543919943511614200919414136663817021322291 8776591515826329476185591848477738781761689
1784 79903206424315367312414967891917421322604229 9042176281031049610986292577509011838783245
1785 82333591960624810921916416667033776309031643 9315721418408596645489064435708989370524469
1786 84837198818545383105600613122712045143029624 9597463258226012911089716132158337004512929
1787 87416212010995915370552232574588006137178661 9887645080421270408475092400425112950304770
1788 90072881135273430129337311802711874660415537 10186517317031728481382143156507032880864866
1789 92809522263921540761818530992459767478752335 10494337760463026157910800552509870425432010
1790 95628519890434001987103940252992419878368749 10811371777765321805152346144711499265489879
1791 98532328931368595199141341630874208376280278 11137892531088517813516189325593809889812108
1792 101523476786491304897028499381883755355581281 11474181204492965595127263976240658672733891
1793 104604565458616873201412237898818788790608347 11820527237297139926370474832027317722017807
1794 107778273734859150784101452767049809374861029 12177228564148905369732416163985994571309670
1795 111047359431053428493496382337440243907043269 12544591862012275060173347722472359244046903
1796 114414661701162970080255207296015040930891056 12922932804266987528897386291108558284524280
1797 117883103413533516557588679485495006633469902 13312576322123804564848753689176255125112158
1798 121455693595912426691536081253275533849005342 13713856873564166596625513497299706749207160
1799 125135529951203609853274370135828019440242120 14127118720018736045636750699617456881311725
1800 128925801445985320895070815865488284410150181 14552716211005418005132948684850541312590849
1801 132829790973875486303827709373380438441741208 14991014076953676011289439394970540421861988
1802 136850878095888334465753970902159665242617507 15442387730448363289492676946827168544596921
1803 140992541859986985878347790372235206096413870 15907223576132871507960364168750022280398562
1804 145258363702099133111183964683673928101788093 16385919329518164710931105850817769087241385
1805 149652030430927292105956034785051549514462142 16878884344951220830025131180984215659580858
1806 154177337298951141076923006273410290030161363 17386539953003552219964871974446413826117272
1807 158838191162087479589933408333764450031949341 17909319807547825412134603270711842061393357
1808 163638613730543136736308918060325419983325959 18447670242798154252456532648116438246904907
1809 168582744913468044844625909620690247648650219 19002050640597405466197703977606842321053540
1810 173674846260089465372939038770040951824901159 19572933808242837304672225027800498209481360
1811 178919304500084330587264319207253356457750281 20160806367149596270203427106156960870472824
1812 184320635186024632740765261178528524921100422 20766169152660030143204019897118002904900168
1813 189883486440811089278788245156244923416488932 21389537625315443974415368124511782893607123
1814 195612642813092715169510110673842193971653052 22031442293915835855052489509763576677617505
1815 201513029243754793386970002812431794368517848 22692429150702307814484325155610270148732358
1816 207589715146644821371849232967636423043403941 23373060119006260978552660565770602425866730
1817 213847918606795691175796907801683670805310669 24073913513719160198707702330267411589158084
1818 220293010699497395706427675460550391046184600 24795584514946598972622146485353975132184526
1819 226930519933663324479173920321517897897912668 25538685655220618058549873928821959736691905
1820 233766136823034473294893964280939460588324917 26303847320654738379516399526912590943781620
1821 240805718588865040623749085285890225701791350 27091718266436968469332058999564180929593866
1822 248055293997835664690418893257304541995542398 27902966147067146894819024985472934375689121
1823 255521068339046383195946814931270532424762759 28738278061756389082181003004910619210874204
1824 263209428544050009296221927009854521205210290 29598361115418134291077518460315335403586750
1825 271126948453998444003797653469170894107185320 30483942995692340860959609721949330792795099
1826 279280394238089214873147479760716803812197370 31395772566456765282571775715588003409132613
1827 287676729967617692759807505080852712025342064 32334620478291992350263579043602637456626234
1828 296323123350061711907077729617002565060806953 33301279796379969106727880491661424703794769
1829 305226951627750171432070832643998181936819316 34296566646329244238310747147664839490574535
1830 314395807645795338503855301929703021677361982 35321320878433937019039707727760782467717785
1831 323837506094100492475141341916270430711938742 36376406750887666110543978036746824592455791
1832 333560089928389945480723187104655468111036369 37462713632488269058784695792011875893039111
1833 343571836975347856244516528723438544185587998 38581156725384149030225659607573893303383795
1834 353881266727095310794792566321245600884650488 39732677808428507338475836002967756141425565
1835 364497147330382405378136666405114853763118882 40918246001723570069537718918088365292496141
1836 375428502776023213781327449075029503098985964 42138858552953206373244111655326855421732185
1837 386684620294257104528868980953777240240389094 43395541646119076823784928057386091817027588
1838 398275057961879563379232348757101873054414361 44689351233312655065605577356497222364030752
1839 410209652527150047252776454915777618269375757 46021373890173147491957400810472661489846635
1840 422498527458653106922546105267158606364411564 47392727695699507038180086415408337440470086
1841 435152101224462665566962610784806817023639777 48804563137103411752378288723762455918172986
1842 448181095808137577441967593738924969845177293 50258064040409270440055764682612968116562013
1843 461596545468260038603621289629187790169169679 51754448527527040549257397842950059733038281
1844 475409805748416717414684115882004659670688658 53294970000543912137117431914902281880953875
1845 489632562744716265731974070261773221849837783 54880918154001741201408795026747551723720527
1846 504276842638135788302959751267331906068307889 56513620015948521242261975310131861303268895
1847 519355021499193564449661609417698782432665546 58194441018574179427502571579696887885537742
1848 534879835372655446883773560036039708497812133 59924786099263589386584792985885004002385100
1849 550864390650198612304272000594275479987029142 61706100832922923109471297093651456522575000
1850 567322174739178309459241940093330003954705192 63539872596459336786702846316806859551222764
1851 584267067035871677017519803631027686162468549 65427631766318517268030842666066129833124679
1852 601713350211807175645983104615022360459294092 67370952950009825188774721810114716943378422
1853 619675721822029461381702113506937371565658699 69371456252574676254257996014226320491002233
1854 638169306244397197734602008252264617332816181 71430808578980422724679205565325409535341535
1855 657209666959266159374632697951399963909420830 73550724973449352362958820460243849915161295
1856 676812819179171584696454201970485089406069101 75732969996760532083864127998517020593740791
1857 696995242838392918969378362997284078313999000 77979359142591108905489195759391328910134418
1858 717773895952560404736454262791905284930858974 80291760293993362744249170815935430293952943
1859 739166228358747287549054614791845991724393364 82672095221134305875868191384112819286758200
1860 761190195846783249871480179249234070627951581 85122341121455964860570648618210990142492639
1861 783864274692824966454069672508111076278878253 87644532203446685358824902714882088097498633
1862 807207476606527913480266077535096640976504497 90240761315246892123800470058435668367783935
1863 831239364103480701760429407242504594509135613 92913181619346739765141403639335218061558813
1864 855980066314888749639369610829940426710970297 95664008314668029507699782676107535163671365
1865 881450295246829044180203288594398210879950056 98495520407358668662814112828386043342039288
1866 907671362501741553361548293672203937781092519 101410062531664839123433827120996801871554118
1867 934665196475176568910453292113068894093178456 104410046822283945831589672011997862390810762
1868 962454360041180357748455315885198640965881473 107497954839640363519148716631132136446924023
1869 991062068740075044418925928196115311573855468 110676339549566018509524250906452596245408440
1870 1020512209482772100699668857481761373685699531 113947827358908961175629034752466582068886470
1871 1050829359786153291439555446026785339662261640 117315120208635333752283890034504840221064086
1872 1082038807554457865223051408182572829161586661 120780997726033548383095326244127836720276225
1873 1114166571422031341237858522719204131823716156 124348319437674093156601079636921240241787962
1874 1147239421673218861423857583699279901802381158 128020027044824211921357710559027384266649000
1875 1181284901755625955035131548828739913990968018 131799146763063790207250005304405120478900361
1876 1216331350403421116543440025199534608037468435 135688791727897158862480183289001251910301886
1877 1252407924387819083822480025774671407668272033 139692164468205234207238255169848532611147557
1878 1289544621912360520514535658111469227897155926 143812559449433484718637448310794816419480218
1879 1327772306671094264119555115923638209972650480 148053365688463686582704780998822076298210405
1880 1367122732588271781423511795224608988377686487 152418069442171341962802939167993644252844977
1881 1407628569258681340676474191753281597680570376 156910256971726023650131079907915129924767174
1882 1449323428108281029912867863594101229044433671 161533617384748818044426030157299715901448409
1883 1492241889295336546209852407215212126887796037 166291945557499506406187783344043042314534878
1884 1536419529372830998377638916371548622138467024 171189145139326194380356742395417581059236130
1885 1581892949733491289261255121490602943879524633 176229231641671815409487530302217850452007387
1886 1628699805859368302479341566819813137823310769 181416335613995339496338175675291780004357523
1887 1676878837398517658804488027748811268317560402 186754705909030660706666553292223320927706878
1888 1726469899091953540278595366328754075252514916 192248713039873061921465120214608474899151280
1889 1777513992574691618141480698231675044661932642 197902852631451912018290889751846175017276700
1890 1830053299075357756029725442088279075195752617 203721748969018888548080806839085873409222663
1891 1884131213039518573928539992824563045574188607 209710158646353589075380551065506324110555541
1892 1939792376702587424578414595041466721968354919 215872974316462949034790068311792114803360768
1893 1997082715638876605353503290341308223312939175 222215228547627476999327377660931337519227930
1894 2056049475314102959572114861547479945004152528 228742097787726004875938672290676073251112495
1895 2116741258669411239439008374503015164939723004 235458906439851487440117948662414751746035425
1896 2179208064765756943626506088784649207949297889 242371131052313431017875037233367567350390976
1897 2243501328518289711560809457427083704513481335 249484404626207844803286441041017222801266718
1898 2309673961551198969572925656507592163531859071 256804521043823251651497040551112296246458295
1899 2377780394204327368299605436475293267728987525 264337439621241331244215401011574782781334700
1900 2447876618723723822155511158427390982057815493 272089289788583262011466359201428623427767364
1901 2520020233669198732407693158695845413195997154 280066375901447845568248481717977121765830398
1902 2594270489572858421547484487593387598322442591 288275182187185106927480861934498895209154826
1903 2670688335883536089008650822169346566501805983 296722377829749335448869068867067104949579464
1904 2749336469233001872936888687461472257946809090 305414822196978537321624475491324386207138350
1905 2830279383060827122955881721046568608545913748 314359570214253084228181897886953506729950270
1906 2913583418635796890596850334702581843246842873 323563877888595040544848710079341268243350278
1907 2999316817512812277135993640230415286500440218 333035207987381310882223234930566921371066351
1908 3087549775465299758581871086476478502937560223 342781235875958450915909855966319285240611144
1909 3178354497934250385165914220031559579032332562 352809855518564809408156722848357746339640390
1910 3271805257036146923055779630214421609515099959 363129185647086702371268910149149152584766993
1911 3367978450173204125064175058749820171492955170 373747576102299648025575523786476989131026713
1912 3466952660290545459525941649766681480987130481 384673614352373402423945044973430693054218643
1913 3568808717826171458048194807181963919357164253 395916132193550721591800039752382776657876433
1914 3673629764400839417662020969913187615272720937 407484212638044530444951338680763930621994820
1915 3781501318296274291479104865994718183481028762 419387196994336597778328640988515637140928750
1916 3892511341771465257959728892507632229431640904 431634692145202999016827948773519398239274548
1917 4006750310268174572505216981022977071373379677 444236578028937695571550278721551746219224713
1918 4124311283558193889551071140518550900056248661 457203015329395575643972370763403591173830810
1919 4245289978886331323814936707766473391430661964 470544453380630393038248327984084169870052370
1920 4369784846164599088783262875186546830322341181 484271638292061317700921219995285769876393805
1921 4497897145274599764545136035030606841461595717 498395621300264386957594139661914904785275330
1922 4629731025536678078480165218909058570660976494 512927767353652135411965358701027725220931707
1923 4765393607406017822960882773206012727617422683 527879763936476202951968110645920036905758794
1924 4904995066457519136969672441761525146398078855 543263630138763896173977941441058199308011100
1925 5048648719722993277487695449095814202082533742 559091725978980633941148481298313317618632967
1926 5196471114445959134843987957263073844634791333 575376761986396071222827176058084413124270202
1927 5348582119321121686580922299186879157955111816 592131809050322598728023510231907577504041350
1928 5505105018287456250613251853381918412862215950 609370308543590994569721078158344505753246979
1929 5666166606945717528297510949552861635475773506 627106082727829397306582084065079630894972195
1930 5831897291673137916365389083083371279195760617 645353345448318619933615779058934561872409372
1931 6002431191510079313241490822254621841477435632 664126713126409278261223804893870154281524038
1932 6177906242895455526485711074134171173349108653 683441216057704415059243252710086070145621992
1933 6358464307329852472847459770059356971479947467 703312310024435417776917212697059694728111811
1934 6544251282047439509221441689158098962461549416 723755888230689211116144545349876787252027480
1935 6735417213779991687172146268541550891136035195 744788293569381118983800284897623329523811384
1936 6932116415698628326925392491385586661909852498 766426331230110600455862693324715237997598939
1937 7134507587621222488818536163967135277354760890 788687281657286442867926694461098498097562065
1938 7342753939575847505928483271669963091281514264 811588913868164118077309502293768840003949925
1939 7557023318813105353652954912786237453995823394 835149499140701056072067990291237777551833530
1940 7777488340362726079513704881076744254535621639 859387825081405748983159033075649135425638325
1941 8004326521232442623335960364989326056869134852 884323210083634058665255574996164926064666511
1942 8237720418349829918628416262777938951724959147 909975518187071057883524303147934812769277935
1943 8477857770350556214622945563319484971372970809 936365174349429389500998978473009079907862954
1944 8724931643319326875777642780768965896590713632 963513180141695685953126594506747030515761180
1945 8979140580592711755375948090590492809313921033 991441129878565264237073831290682236831192947
1946 9240688756736035370458165965740301725048382597 1020171227196022316757683410004293870517496706
1947 9509786135809580009871778867697590683546760304 1049726302088348378540247976304143049122065214
1948 9786648634042504342881229193597622539607240850 1080129828417176195331669321286587690711167057
1949 10071498287036119785354163992260578608739988025 1111405941905549479818145590739116367242780000
1950 10364563421621492571536316180865163306057947792 1143579458630301665664240006110545368915059329
1951 10666078832499757145019123517695655504811890774 1176675894026428898785508782184245465533665048
1952 10976285963797034862152325195315691609257020229 1210721482417504396219216523662601652136179376
1953 11295433095669457329605950930648407516498278668 1245743197086563215894590527223118960072913202
1954 11623775536097494708249049130447527692778946715 1281768770902278683167516719540860443130307320
1955 11961575818012592516026045221225259991475874120 1318826717515654486899160825985211020969456836
1956 12309103901903024581995531029224482696596473080 1356946353142870071117550937780046987060960843
1957 12666637384049881635738711906172281726138758346 1396157818950341697358512735475562356104045295
1958 13034461710548233287730863525626130601682309575 1436492104058497734745724852296636956267964954
1959 13412870397272732958960044642808053161003684145 1477981069181214654702422049514025480619599210
1960 13802165255951279379073351284583873839328996686 1520657470918320177914639277247113472181645153
1961 14202656626514811995378546519969227801997223309 1564554986719042364085227429425894281463674979
1962 14614663615895899749913727449584468529459883552 1609708240534768479916261201915809290266567989
1963 15038514343453490918076987463941830658969286810 1656152829179975566133060952832169077820577902
1964 15474546193206024795350783558598388185339734518 1703925349420706097654088225457498186848567210
1965 15923106073060072038507425930552982442980771068 1753063425810487348828764073209783931216955698
1966 16384550681226768158333433667624505127105139687 1803605739294132404035202382553315081341190088
1967 16859246780023542448247418742968496681731998308 1855592056600414568536728473961840601327835478
1968 17347571477264021273126652628479010480508680350 1909063260445175620937659060948648856259756235
1969 17849912515444508932984179997394703962603189367 1964061380567012302624155966071951926644451875
1970 18366668568941120028278669501437677165530316120 2020629625618285067432170725261207144994992239
1971 18898249549437463574076742863991105880655033675 2078812415934808833368620144510853807585221613
1972 19445076919808759829833378395221387805325552300 2138655417208217715431844885515291279369574680
1973 20007584016694415522973712440102132831804826710 2200205575085644913617857845505033592721522553
1974 20586216381997390662140907359382128390499721232 2263511150722025533817142690940119270064496250
1975 21181432103555170477350869364681223905523049513 2328621757311014594133664064174539456980750339
1976 21793702165233808031869399950691695871606214208 2395588397621215290008835331658621643021314292
1977 22423510806703337185745903533156380740891890531 2464463502565134245725579502592034085209328984
1978 23071355893159870729101066010894692029046956456 2535300970829021467547395315846813198183591546
1979 23737749295266905569869048706388696277632907683 2608156209592513548223075037746157905702847505
1980 24423217279595754769509362635947659914045656239 2683086176367779880674969950590007819202341357
1981 25128300909852626381739979678311837828146509065 2760149421988673761061033114268064448054050548
1982 25853556459187670421320666941042714758576212422 2839406134781213852952373747778159055380262422
1983 26599555833889329790010592671638236069257123790 2920918185947567114582770377976676661508796149
1984 27366887008775557622806922004094802753520096583 3004749176196572544459946686955919368234128060
1985 28156154474601914737357753221209836964145736647 3090964483654736576896042159262866214940589314
1986 28967979697815235737423785672599112208824364166 3179631313092546273793802882159493889001969611
1987 29803001592990463839735779392860047689518270961 3270818746501886244063493400323024051287288941
1988 30661877008297401790624958383898970542226330270 3364597795061310125684361619251416376860936489
1989 31545281224353522896342635365671996503889308700 3461041452526908153028282986522280729367368365
1990 32453908466828631408341776709767857156662323684 3560224750087529486464584716859554522268776125
1991 33388472433177069470021414239640867953123525238 3662224812724162303217742306542356590926722479
1992 34349706833883337823211656922002506312821728801 3767120917114346857096063738777247515406335526
1993 35338365948617444312835542249727593398050838934 3874994551123597548057533501867770741416429535
1994 36355225197707017283477567541350925511852727485 3985929474926940257994009093217001343955328335
1995 37401081729344235716605740908342318698184494542 4100011783804831583821441379839563991285227198
1996 38476755022956933876086542142259677457873740857 4217329972658917930562969936711305445974785514
1997 39583087509184851490071243691140472622624708583 4337975002294315534109569503386742455494341143
1998 40720945206913920670858664093570533677087105961 4462040367516348205694592687945941817364967127
1999 41891218377833724763445782429416064757798991206 4589622167090968789784046573687400867942870250
2000 43094822198995831807779956334264104981467833167 4720819175619413888601432406799959512200344166
