d,ell,epsilon,zeta,ratio_real,ratio_imag,limit_real,limit_imag,absolute_error,analytic_ratio_truncation_bound
0,8,0.00390625000000000000000000000000000000000000000,-1,-0.599930168217201243706890341597616134377000452,1.72104454492978436672465802884552281728899558e-102,-0.600000000000000000000000000000000000000000000,0.0,0.0000698317827987562931096584023838656229995480686,1.08289474461362457354435677299522082165274660e-79
0,8,0.00390625000000000000000000000000000000000000000,i,-0.176549894501790288445793179907084422227484917,0.705877253221430359540718884443578890861860243,-0.176470588235294117647058823529411764705882353,0.705882352941176470588235294117647058823529412,0.0000794700638419935954743818236882066077028457110,1.08289474461362457354435677299522082165274660e-79
0,8,0.00390625000000000000000000000000000000000000000,exp(i*pi/4),0.483608513453371537149576668482322213435498034,0.748118503709110255670920482543369182352740776,0.483576733904974919813820954003396214285099100,0.748053631758971575788997081203849042856445647,0.0000722378682623477769205089551253861824960262202,1.08289474461362457354435677299522082165274660e-79
0,9,0.00195312500000000000000000000000000000000000000,-1,-0.599973564650009971335785085113425410370876821,1.72125971253621294762752935126120608906636577e-102,-0.600000000000000000000000000000000000000000000,0.0,0.0000264353499900286642149148865745896291231792978,1.33798759224281635563965510717817839487070363e-78
0,9,0.00195312500000000000000000000000000000000000000,i,-0.176503805966177132238584126468983426575813527,0.705883954031721988771128914718393722922398995,-0.176470588235294117647058823529411764705882353,0.705882352941176470588235294117647058823529412,0.0000332562946816287557820031367645495206211527033,1.33798759224281635563965510717817839487070363e-78
0,9,0.00195312500000000000000000000000000000000000000,exp(i*pi/4),0.483593738758046238512744318547787752132035072,0.748081866049797000079452466377965457302091509,0.483576733904974919813820954003396214285099100,0.748053631758971575788997081203849042856445647,0.0000329596754594424859701061523891426128610849659,1.33798759224281635563965510717817839487070363e-78
0,10,0.000976562500000000000000000000000000000000000000,-1,-0.599995347029062659990209704197618960401004588,1.72132233211927360596686742282745222970437438e-102,-0.600000000000000000000000000000000000000000000,0.0,0.00000465297093734000979029580238103959899541156692,5.15109352561372628580634348367172115793536440e-78
0,10,0.000976562500000000000000000000000000000000000000,i,-0.176482942289023258292199110348722863362536928,0.705889834445228237274629900630824784269271542,-0.176470588235294117647058823529411764705882353,0.705882352941176470588235294117647058823529412,0.0000144428372011559842970158914360727011325967653,5.15109352561372628580634348367172115793536440e-78
0,10,0.000976562500000000000000000000000000000000000000,exp(i*pi/4),0.483589866319627925353465624324214080896496584,0.748066065125054869874473628159459193110001606,0.483576733904974919813820954003396214285099100,0.748053631758971575788997081203849042856445647,0.0000180844935450148096177711286367191082454914812,5.15109352561372628580634348367172115793536440e-78
0,11,0.000488281250000000000000000000000000000000000000,-1,-0.600001919773809900968797028124799794403991842,1.72134118868103517530037092706980805387700589e-102,-0.600000000000000000000000000000000000000000000,0.0,0.00000191977380990096879702812479979440399184244017,9.92684757745818889655163824261845815652227535e-78
0,11,0.000488281250000000000000000000000000000000000000,i,-0.176474814049164510253501696233728031231765919,0.705889581404215302379596117002954232594362639,-0.176470588235294117647058823529411764705882353,0.705882352941176470588235294117647058823529412,0.00000837306280705930666210754890314822328862566473,9.92684757745818889655163824261845815652227535e-78
0,11,0.000488281250000000000000000000000000000000000000,exp(i*pi/4),0.483585842590437655301501294106355791834327241,0.748059194232163498376123809454485282180139240,0.483576733904974919813820954003396214285099100,0.748053631758971575788997081203849042856445647,0.0000106728280633535111834036843547218838092584308,9.92684757745818889655163824261845815652227535e-78
0,12,0.000244140625000000000000000000000000000000000000,-1,-0.600001799613125208769029130677057498213674872,1.72134084395292332578809430332032188878940455e-102,-0.600000000000000000000000000000000000000000000,0.0,0.00000179961312520876902913067705749821367487206911,1.34036368604963879314917423570429192035965467e-77
0,12,0.000244140625000000000000000000000000000000000000,i,-0.176472214315028158919710627670230024691933461,0.705886545172139360227115150044050841652261878,-0.176470588235294117647058823529411764705882353,0.705882352941176470588235294117647058823529412,0.00000449654709167715986908263702002616224669342585,1.34036368604963879314917423570429192035965467e-77
0,12,0.000244140625000000000000000000000000000000000000,exp(i*pi/4),0.483581633718637017289425891026101777930097033,0.748056167822224993986413233086104246302986458,0.483576733904974919813820954003396214285099100,0.748053631758971575788997081203849042856445647,0.00000551722672622896358110450777259032190902699679,1.34036368604963879314917423570429192035965467e-77
0,13,0.000122070312500000000000000000000000000000000000,-1,-0.600000472143166265132947718008757309999703814,1.72133703558391356114290246623859681044168724e-102,-0.600000000000000000000000000000000000000000000,0.0,0.000000472143166265132947718008757309999703813560058,1.53460641329267012901621506577684116445040951e-77
0,13,0.000122070312500000000000000000000000000000000000,i,-0.176471458464611390325159911422324604535036007,0.705883943613301033269750774296722975005612630,-0.176470588235294117647058823529411764705882353,0.705882352941176470588235294117647058823529412,0.00000181315660451645114466741912052817749553298002,1.53460641329267012901621506577684116445040951e-77
0,13,0.000122070312500000000000000000000000000000000000,exp(i*pi/4),0.483578710618714594397534512669308488783221244,0.748054805949587714246721565011022658511033175,0.483576733904974919813820954003396214285099100,0.748053631758971575788997081203849042856445647,0.00000229915654352762349883914751092580940264139414,1.53460641329267012901621506577684116445040951e-77
0,14,0.0000610351562500000000000000000000000000000000000,-1,-0.599999684282687456274782106120888534354520685,1.72133477529665711550837290736417848899309485e-102,-0.600000000000000000000000000000000000000000000,0.0,0.000000315717312543725217893879111465645479315409558,1.63276321285858483424743601184664707887036913e-77
0,14,0.0000610351562500000000000000000000000000000000000,i,-0.176471169021947592246717931146718983689034834,0.705882575679765454128740724042532518708035655,-0.176470588235294117647058823529411764705882353,0.705882352941176470588235294117647058823529412,0.000000622033452377445128101225966473449820577973010,1.63276321285858483424743601184664707887036913e-77
0,14,0.0000610351562500000000000000000000000000000000000,exp(i*pi/4),0.483577223748219162989597709884850318107574559,0.748054180200683122471098231377666702216727283,0.483576733904974919813820954003396214285099100,0.748053631758971575788997081203849042856445647,0.000000735346663074589340255717279676648352683474352,1.63276321285858483424743601184664707887036913e-77
0,15,0.0000305175781250000000000000000000000000000000000,-1,-0.599999475125285152824407664023799320235169317,1.72133417524649121239498288135652103507530621e-102,-0.600000000000000000000000000000000000000000000,0.0,0.000000524874714847175592335976200679764830683439643,1.68105939629868069619247309782988571349558401e-77
0,15,0.0000305175781250000000000000000000000000000000000,i,-0.176470982923861069480297761489107730753911652,0.705882091646571928729255835089718452144017435,-0.176470588235294117647058823529411764705882353,0.705882352941176470588235294117647058823529412,0.000000473343358720895354676347418365259640311759793,1.68105939629868069619247309782988571349558401e-77
0,15,0.0000305175781250000000000000000000000000000000000,exp(i*pi/4),0.483576658782842341787582712534490223786810663,0.748053888758599106799324702632003676952527345,0.483576733904974919813820954003396214285099100,0.748053631758971575788997081203849042856445647,0.000000267753885787206816807493836483385311140585457,1.68105939629868069619247309782988571349558401e-77
0,16,0.0000152587890625000000000000000000000000000000000,-1,-0.599999551173691699592889407153869297032901430,1.72133439342121733970956671903235371597066739e-102,-0.600000000000000000000000000000000000000000000,0.0,0.000000448826308300407110592846130702967098569790908,1.70475825183174919381295640956048779294812070e-77
0,16,0.0000152587890625000000000000000000000000000000000,i,-0.176470839148916980350225298182089350334027545,0.705882033704227724448532032513035980119653103,-0.176470588235294117647058823529411764705882353,0.705882352941176470588235294117647058823529412,0.000000406041716554878465636348373252812039218937607,1.70475825183174919381295640956048779294812070e-77
0,16,0.0000152587890625000000000000000000000000000000000,exp(i*pi/4),0.483576534749740589111146867685316524430059071,0.748053752204261018956149219549281413275469439,0.483576733904974919813820954003396214285099100,0.748053631758971575788997081203849042856445647,0.000000232744226803513658322763242591720009230324337,1.70475825183174919381295640956048779294812070e-77
0,17,0.00000762939453125000000000000000000000000000000000,-1,-0.599999704940742520750564603448924408992911353,1.72133483456240258833716818689359520155974672e-102,-0.600000000000000000000000000000000000000000000,0.0,0.000000295059257479249435396551075591007088646587750,1.71640202374651997025407610432763677090277207e-77
0,17,0.00000762939453125000000000000000000000000000000000,i,-0.176470733343516037629114375091312650250166572,0.705882121120379439033030892887031595804107209,-0.176470588235294117647058823529411764705882353,0.705882352941176470588235294117647058823529412,0.000000273490910278795691789607735470749842584912125,1.71640202374651997025407610432763677090277207e-77
0,17,0.00000762939453125000000000000000000000000000000000,exp(i*pi/4),0.483576572062124662181564759180816076354865865,0.748053688180015912462282983706644841693221842,0.483576733904974919813820954003396214285099100,0.748053631758971575788997081203849042856445647,0.000000171395572940362814739172260120508509203606088,1.71640202374651997025407610432763677090277207e-77
0,18,0.00000381469726562500000000000000000000000000000000,-1,-0.599999842466876905307169881570251512732036896,1.72133522911013957802017909683428144542030260e-102,-0.600000000000000000000000000000000000000000000,0.0,0.000000157533123094692830118429748487267963103554084,1.72211007607170851320978522392775489340900800e-77
0,18,0.00000381469726562500000000000000000000000000000000,i,-0.176470662529321314546182798811636421131505432,0.705882225653275572982639463389784780601367781,-0.176470588235294117647058823529411764705882353,0.705882352941176470588235294117647058823529412,0.000000147383215435314241733167245732170053541233926,1.72211007607170851320978522392775489340900800e-77
0,18,0.00000381469726562500000000000000000000000000000000,exp(i*pi/4),0.483576642542087336475342289355620947710482329,0.748053658235169046156632710983193785470631024,0.483576733904974919813820954003396214285099100,0.748053631758971575788997081203849042856445647,0.0000000951218495407634824981225633243994514209107010,1.72211007607170851320978522392775489340900800e-77
0,19,0.00000190734863281250000000000000000000000000000000,-1,-0.599999935133569551667533357467027664661376074,1.72133549496094707403615376062373933619924106e-102,-0.600000000000000000000000000000000000000000000,0.0,0.0000000648664304483324666425329723353386239257707153,1.72487615113293529648500407347449664346299187e-77
0,19,0.00000190734863281250000000000000000000000000000000,i,-0.176470620229273226348424883766765032752056866,0.705882302080216086688890502770601945013979796,-0.176470588235294117647058823529411764705882353,0.705882352941176470588235294117647058823529412,0.0000000600870367914793918082261563352695112268907194,1.72487615113293529648500407347449664346299187e-77
0,19,0.00000190734863281250000000000000000000000000000000,exp(i*pi/4),0.483576698470160367054494876231957061171318558,0.748053644269469202113201856986119648452614008,0.483576733904974919813820954003396214285099100,0.748053631758971575788997081203849042856445647,0.0000000375784330866350477244651348245754505161582494,1.72487615113293529648500407347449664346299187e-77
0,20,0.000000953674316406250000000000000000000000000000000,-1,-0.599999983964932172635219219833328377520067623,1.72133563505289179744497060459862634856101616e-102,-0.600000000000000000000000000000000000000000000,0.0,0.0000000160350678273647807801666716224799323767484958,1.72618056452799114515950441809742513914347065e-77
0,20,0.000000953674316406250000000000000000000000000000000,i,-0.176470598666639255734435807768877318180042669,0.705882343159010133131816228981111286654969073,-0.176470588235294117647058823529411764705882353,0.705882352941176470588235294117647058823529412,0.0000000143004803990483022514696914948516954042713576,1.72618056452799114515950441809742513914347065e-77
0,20,0.000000953674316406250000000000000000000000000000000,exp(i*pi/4),0.483576729075658949788811178081951943615930249,0.748053637744793984566044720183845376957599325,0.483576733904974919813820954003396214285099100,0.748053631758971575788997081203849042856445647,0.00000000769105731663443384093673678117643394986595349,1.72618056452799114515950441809742513914347065e-77
0,21,0.000000476837158203125000000000000000000000000000000,-1,-0.600000002296177889027434740260030636881087116,1.72133568764327068048978594408534104407144782e-102,-0.600000000000000000000000000000000000000000000,0.0,0.00000000229617788902743474026003063688108711564934337,1.72677082029383330040811300057860648182391266e-77
0,21,0.000000476837158203125000000000000000000000000000000,i,-0.176470590018374825794954429999249237026247288,0.705882357967374629958105722020913479816446282,-0.176470588235294117647058823529411764705882353,0.705882352941176470588235294117647058823529412,0.00000000533310835714241552275279686904658581921612272,1.72677082029383330040811300057860648182391266e-77
0,21,0.000000476837158203125000000000000000000000000000000,exp(i*pi/4),0.483576739702237886078193598459061901189218849,0.748053634660368492358952936204470910817864080,0.483576733904974919813820954003396214285099100,0.748053631758971575788997081203849042856445647,0.00000000648277424930885897451076546567813212823937456,1.72677082029383330040811300057860648182391266e-77
0,22,0.000000238418579101562500000000000000000000000000000,-1,-0.600000005507218105984537472435688979101413944,1.72133569685540084507872246356775774128928149e-102,-0.600000000000000000000000000000000000000000000,0.0,0.00000000550721810598453747243568897910141394367784355,1.72702849582753782898731875032104467885166911e-77
0,22,0.000000238418579101562500000000000000000000000000000,i,-0.176470587679139017095054195179713345939924970,0.705882359649284285993391874267273734126545583,-0.176470588235294117647058823529411764705882353,0.705882352941176470588235294117647058823529412,0.00000000673112315731704263156224499844733879833327546,1.72702849582753782898731875032104467885166911e-77
0,22,0.000000238418579101562500000000000000000000000000000,exp(i*pi/4),0.483576740279239697605411474192289906382822004,0.748053633174549719833959375390322355157451765,0.483576733904974919813820954003396214285099100,0.748053631758971575788997081203849042856445647,0.00000000652955687158724844572129166477754837463836214,1.72702849582753782898731875032104467885166911e-77
0,23,0.000000119209289550781250000000000000000000000000000,-1,-0.600000004009681015496535596555761072864430722,1.72133569255912746580962306550593876598952033e-102,-0.600000000000000000000000000000000000000000000,0.0,0.00000000400968101549653559655576107286443072194339455,1.72714022261177085796768565975038506591765060e-77
0,23,0.000000119209289550781250000000000000000000000000000,i,-0.176470587533253706606951628638487793321657709,0.705882357496473546132807311907754065217881024,-0.176470588235294117647058823529411764705882353,0.705882352941176470588235294117647058823529412,0.00000000460907715114406529598794949858553264747442500,1.72714022261177085796768565975038506591765060e-77
0,23,0.000000119209289550781250000000000000000000000000000,exp(i*pi/4),0.483576738082986469501032479311080633526989850,0.748053632448826116649792392641168343385458000,0.483576733904974919813820954003396214285099100,0.748053631758971575788997081203849042856445647,0.00000000423458141932186651492553933217418616081437134,1.72714022261177085796768565975038506591765060e-77
0,24,0.0000000596046447753906250000000000000000000000000000,-1,-0.600000002178950665334069242815567793665511971,1.72133568730695834226562284907637219724406836e-102,-0.600000000000000000000000000000000000000000000,0.0,0.00000000217895066533406924281556779366551197147444130,1.72718983029399365107853584008257414754628495e-77
0,24,0.0000000596046447753906250000000000000000000000000000,i,-0.176470587818515388524053283977544803985918139,0.705882355377600360161560809948992193160014708,-0.176470588235294117647058823529411764705882353,0.705882352941176470588235294117647058823529412,0.00000000247181428888438136099971211949612977168209862,1.72718983029399365107853584008257414754628495e-77
0,24,0.0000000596046447753906250000000000000000000000000000,exp(i*pi/4),0.483576736120438309141604724448503696690413749,0.748053632093394102230690126556806632660068733,0.483576733904974919813820954003396214285099100,0.748053631758971575788997081203849042856445647,0.00000000224056163843876343625414481765547108894529971,1.72718983029399365107853584008257414754628495e-77
0,25,0.0000000298023223876953125000000000000000000000000000,-1,-0.600000001013432616470899505313257662238821610,1.72133568396321200156113780995228317431870415e-102,-0.600000000000000000000000000000000000000000000,0.0,0.00000000101343261647089950531325766223882161027757428,1.72721264437546017619172335674585683562824519e-77
0,25,0.0000000298023223876953125000000000000000000000000000,i,-0.176470588046338522959073508597327347209333254,0.705882354079768973606690673230143668595217690,-0.176470588235294117647058823529411764705882353,0.705882352941176470588235294117647058823529412,0.00000000115416511153895199768811767838072478202632596,1.72721264437546017619172335674585683562824519e-77
0,25,0.0000000298023223876953125000000000000000000000000000,exp(i*pi/4),0.483576734943006888628573479808034364419047018,0.748053631920119297526846052102128270794664505,0.483576733904974919813820954003396214285099100,0.748053631758971575788997081203849042856445647,0.00000000105046606632614771103643396443469306157194288,1.72721264437546017619172335674585683562824519e-77
0,26,0.0000000149011611938476562500000000000000000000000000,-1,-0.600000000418604997451541646448561087450704905,1.72133568225671532706867804015231771608853486e-102,-0.600000000000000000000000000000000000000000000,0.0,0.000000000418604997451541646448561087450704905181412293,1.72722345442655834954829576660777815690412455e-77
0,26,0.0000000149011611938476562500000000000000000000000000,i,-0.176470588166550112452692991414978798942296762,0.705882353421774855247082930445298997158959500,-0.176470588235294117647058823529411764705882353,0.705882352941176470588235294117647058823529412,0.000000000485490005650844136492826569600707845101363686,1.72722345442655834954829576660777815690412455e-77
0,26,0.0000000149011611938476562500000000000000000000000000,exp(i*pi/4),0.483576734348239792064169900337757036195880342,0.748053631836208035052572067227533189126337255,0.483576733904974919813820954003396214285099100,0.748053631758971575788997081203849042856445647,0.000000000449943571585028926101986540939941328825948753,1.72722345442655834954829576660777815690412455e-77
0,27,0.00000000745058059692382812500000000000000000000000000,-1,-0.600000000151069265634528269430421326291589281,1.72133568148918399184535155547987352464069214e-102,-0.600000000000000000000000000000000000000000000,0.0,0.000000000151069265634528269430421326291589281096203861,1.72722867834614022801736132447532984660058176e-77
0,27,0.00000000745058059692382812500000000000000000000000000,i,-0.176470588218311174010304955337863209575833739,0.705882353123276811754594645581407638495379429,-0.176470588235294117647058823529411764705882353,0.705882352941176470588235294117647058823529412,0.000000000182890553685732027722981882009744037107813199,1.72722867834614022801736132447532984660058176e-77
0,27,0.00000000745058059692382812500000000000000000000000000,exp(i*pi/4),0.483576734077137407299120085474253671497997686,0.748053631795821636796273945442204274250013993,0.483576733904974919813820954003396214285099100,0.748053631758971575788997081203849042856445647,0.000000000176062060346247813764505665128517411689939232,1.72722867834614022801736132447532984660058176e-77
0,28,0.00000000372529029846191406250000000000000000000000000,-1,-0.600000000042575346937680202983217705049331433,1.72133568117792656946126879376714003959300352e-102,-0.600000000000000000000000000000000000000000000,0.0,0.0000000000425753469376802029832177050493314331756736460,1.72723123151282430418005016963194994694201584e-77
0,28,0.00000000372529029846191406250000000000000000000000000,i,-0.176470588236720217660916414878570967489367976,0.705882352999370436219507942848115136657564875,-0.176470588235294117647058823529411764705882353,0.705882352941176470588235294117647058823529412,0.0000000000582114369960342661879644219818404293746846437,1.72723123151282430418005016963194994694201584e-77
0,28,0.00000000372529029846191406250000000000000000000000000,exp(i*pi/4),0.483576733963174552361060759065518173831751118,0.748053631776482536700600403785658655820336058,0.483576733904974919813820954003396214285099100,0.748053631758971575788997081203849042856445647,0.0000000000607768951220892354859115512153929244685700914,1.72723123151282430418005016963194994694201584e-77
0,29,0.00000000186264514923095703125000000000000000000000000,-1,-0.600000000003793623136375416292273872473015493,1.72133568106666596120787508749365575041326504e-102,-0.600000000000000000000000000000000000000000000,0.0,0.00000000000379362313637541629227387247301549271671677033,1.72723248692154087501958494816885330058655948e-77
0,29,0.00000000186264514923095703125000000000000000000000000,i,-0.176470588241288208756190104655699246908465929,0.705882352952852942583063194886657890429471835,-0.176470588235294117647058823529411764705882353,0.705882352941176470588235294117647058823529412,0.0000000000131251333886771195841539300721231129149783969,1.72723248692154087501958494816885330058655948e-77
0,29,0.00000000186264514923095703125000000000000000000000000,exp(i*pi/4),0.483576733919302315208220057068626053392602992,0.748053631767261406387978993433033740041161577,0.483576733904974919813820954003396214285099100,0.748053631758971575788997081203849042856445647,0.0000000000165528109439836664788958127150061545566751123,1.72723248692154087501958494816885330058655948e-77
0,30,0.000000000931322574615478515625000000000000000000000000,-1,-0.599999999992889657461380105624559801325937557,1.72133568103538365257224687445545900278840798e-102,-0.600000000000000000000000000000000000000000000,0.0,0.00000000000711034253861989437544019867406244337563210005,1.72723310611996581405380645693915909365696377e-77
0,30,0.000000000931322574615478515625000000000000000000000000,i,-0.176470588241014191961533435134269934758195562,0.705882352938049820709434597830912420741874210,-0.176470588235294117647058823529411764705882353,0.705882352941176470588235294117647058823529412,0.00000000000651883345604998614735915127170057471630562213,1.72723310611996581405380645693915909365696377e-77
0,30,0.000000000931322574615478515625000000000000000000000000,exp(i*pi/4),0.483576733904538951154521412915529553650007786,0.748053631762881308879547751071803490956301643,0.483576733904974919813820954003396214285099100,0.748053631758971575788997081203849042856445647,0.00000000000393396511311912015575351438919248659312341331,1.72723310611996581405380645693915909365696377e-77
0,31,0.000000000465661287307739257812500000000000000000000000,-1,-0.599999999991879676903448071853706337752738542,1.72133568103248612661967848027900743946403032e-102,-0.600000000000000000000000000000000000000000000,0.0,0.00000000000812032309655192814629366224726145777989615374,1.72723341198710505350953095414475332984755886e-77
0,31,0.000000000465661287307739257812500000000000000000000000,i,-0.176470588239535185118820800142281294488664705,0.705882352935070413460514678914454809169425912,-0.176470588235294117647058823529411764705882353,0.705882352941176470588235294117647058823529412,0.00000000000743441907259909942848467920381399206932900334,1.72723341198710505350953095414475332984755886e-77
0,31,0.000000000465661287307739257812500000000000000000000000,exp(i*pi/4),0.483576733900906552889883837106838668563461449,0.748053631760808276640102582240792409103015973,0.483576733904974919813820954003396214285099100,0.748053631758971575788997081203849042856445647,0.00000000000446375172296099266254336280677775860305190894,1.72723341198710505350953095414475332984755886e-77
0,32,0.000000000232830643653869628906250000000000000000000000,-1,-0.599999999993647689685617469893060012487994254,1.72133568103755836576386329617769318336147380e-102,-0.600000000000000000000000000000000000000000000,0.0,0.00000000000635231031438253010693998751200574641225825092,1.72723356318415246386778420810512304265579666e-77
0,32,0.000000000232830643653869628906250000000000000000000000,i,-0.176470588238108214815812482381120942002880543,0.705882352935842718633465378817475433125926893,-0.176470588235294117647058823529411764705882353,0.705882352941176470588235294117647058823529412,0.00000000000603059307118290408820746173596265645052298712,1.72723356318415246386778420810512304265579666e-77
0,32,0.000000000232830643653869628906250000000000000000000000,exp(i*pi/4),0.483576733901007708391995990289565249857351841,0.748053631759830770313232354994683914069096947,0.483576733904974919813820954003396214285099100,0.748053631758971575788997081203849042856445647,0.00000000000405918485609294820866627223973550222442095071,1.72723356318415246386778420810512304265579666e-77
1,8,0.00390625000000000000000000000000000000000000000,-1,-0.518925811919832700605329178764824455735826305,1.48866804279336757747677499177510606613857633e-102,-0.519287833827893175074183976261127596439169139,0.0,0.000362021908060474468854797496303140703342834915,6.62738488952502592646378859505847729573682918e-66
1,8,0.00390625000000000000000000000000000000000000000,i,-0.196745601956080746295786720272560143267822719,0.621038263718665724412513045674323526894843604,-0.196610122473889343523308875542671678433221909,0.621385078435995949900828051097826539245738380,0.000372337398405928099210895838202749521357701812,6.62738488952502592646378859505847729573682918e-66
1,8,0.00390625000000000000000000000000000000000000000,exp(i*pi/4),0.408949747152763814863468759441663812693683722,0.740670501655004976675859209801974404250055836,0.409226549863716930278647108444781115540982664,0.740635973980913938487488267529349454636002156,0.000278947846503841843916567811053423949170478264,6.62738488952502592646378859505847729573682918e-66
1,9,0.00195312500000000000000000000000000000000000000,-1,-0.519134989557413459422600727222212590240474982,1.48934252997052776439571433305065086928173641e-102,-0.519287833827893175074183976261127596439169139,0.0,0.000152844270479715651583249038915006198694157535,3.99350851917032146252613551024448506969884782e-65
1,9,0.00195312500000000000000000000000000000000000000,i,-0.196668096821646884381335136779066394341355150,0.621239265563807774002997596931359698727953817,-0.196610122473889343523308875542671678433221909,0.621385078435995949900828051097826539245738380,0.000156915323323369547065104171983751329832884721,3.99350851917032146252613551024448506969884782e-65
1,9,0.00195312500000000000000000000000000000000000000,exp(i*pi/4),0.409110700352786215620958553360155848356710442,0.740651664726827833107437308930446346597481722,0.409226549863716930278647108444781115540982664,0.740635973980913938487488267529349454636002156,0.000116907265344033155450744057354052556076965845,3.99350851917032146252613551024448506969884782e-65
1,10,0.000976562500000000000000000000000000000000000000,-1,-0.519229199233606992348006633391420950943543658,1.48961291209453175603632429495939765638506595e-102,-0.519287833827893175074183976261127596439169139,0.0,0.0000586345942861827261773428697066454956254819148,9.95056035642891082869982351967851490437827151e-65
1,10,0.000976562500000000000000000000000000000000000000,i,-0.196633819970511764023501577553379059198109213,0.621330255730933371723719708644058998258431671,-0.196610122473889343523308875542671678433221909,0.621385078435995949900828051097826539245738380,0.0000597252068773986408256244893260940141602835917,9.95056035642891082869982351967851490437827151e-65
1,10,0.000976562500000000000000000000000000000000000000,exp(i*pi/4),0.409183998072607323193294892108305342511267872,0.740644106205570628211924943834413797118696464,0.409226549863716930278647108444781115540982664,0.740635973980913938487488267529349454636002156,0.0000433219113671420191938190124157727664888526226,9.95056035642891082869982351967851490437827151e-65
1,11,0.000488281250000000000000000000000000000000000000,-1,-0.519266583653910669539873982236957261106276835,1.48972016403901357405948315559822213572228472e-102,-0.519287833827893175074183976261127596439169139,0.0,0.0000212501739825055343099940241703353328923047117,1.52269542029970660405696752157647122268101486e-64
1,11,0.000488281250000000000000000000000000000000000000,i,-0.196619671103341261213950249708471759593392688,0.621365942582184471635065241073021763744773796,-0.196610122473889343523308875542671678433221909,0.621385078435995949900828051097826539245738380,0.0000213859118464538988273403691347339829280742448,1.52269542029970660405696752157647122268101486e-64
1,11,0.000488281250000000000000000000000000000000000000,exp(i*pi/4),0.409212373455147890254572397069591055030567223,0.740640314613997557540508155657169439639498890,0.409226549863716930278647108444781115540982664,0.740635973980913938487488267529349454636002156,0.0000148260465223524667030646457535861038426768064,1.52269542029970660405696752157647122268101486e-64
1,12,0.000244140625000000000000000000000000000000000000,-1,-0.519279295546928907667015595094481782303065778,1.48975663309739969405757730632887807117594558e-102,-0.519287833827893175074183976261127596439169139,0.0,0.00000853828096426740716838116664581413610336102205,1.83985452933914668807296460734185593041259669e-64
1,12,0.000244140625000000000000000000000000000000000000,i,-0.196614232741530308530726456414784379582024431,0.621377598472184248087836727738291467769088317,-0.196610122473889343523308875542671678433221909,0.621385078435995949900828051097826539245738380,0.00000853487895079553910356589898815464175755297706,1.83985452933914668807296460734185593041259669e-64
1,12,0.000244140625000000000000000000000000000000000000,exp(i*pi/4),0.409221208590590454746505389059795543811034440,0.740638115153443702021410594207111349736662855,0.409226549863716930278647108444781115540982664,0.740635973980913938487488267529349454636002156,0.00000575446074048851927128548079020422964291132387,1.83985452933914668807296460734185593041259669e-64
1,13,0.000122070312500000000000000000000000000000000000,-1,-0.519283428164941992434285021889236772336590724,1.48976848913546985590343320754611389299774630e-102,-0.519287833827893175074183976261127596439169139,0.0,0.00000440566295118263989895437189082410257841527277,2.00061123116723514772400640864410399590765562e-64
1,13,0.000122070312500000000000000000000000000000000000,i,-0.196612121265543157960492816865316070049532800,0.621381125801699955063024781939494599663717216,-0.196610122473889343523308875542671678433221909,0.621385078435995949900828051097826539245738380,0.00000442927600779550200794903252692547832033399669,2.00061123116723514772400640864410399590765562e-64
1,13,0.000122070312500000000000000000000000000000000000,exp(i*pi/4),0.409223635609124798056021541521790457504245000,0.740636901618024369327795690556547268227618889,0.409226549863716930278647108444781115540982664,0.740635973980913938487488267529349454636002156,0.00000305833131567072475460387707355166953249024637,2.00061123116723514772400640864410399590765562e-64
1,14,0.0000610351562500000000000000000000000000000000000,-1,-0.519285105497250760834260411009320128418653288,1.48977330122205664043974406283367227887787448e-102,-0.519287833827893175074183976261127596439169139,0.0,0.00000272833064241423992356525180746802051585145497,2.07800732388456000073853094455534587724780003e-64
1,14,0.0000610351562500000000000000000000000000000000000,i,-0.196611197939797412780823301684566339418498226,0.621382506869203672322320251148090508428539000,-0.196610122473889343523308875542671678433221909,0.621385078435995949900828051097826539245738380,0.00000278739711676754578381925737152249396240188444,2.07800732388456000073853094455534587724780003e-64
1,14,0.0000610351562500000000000000000000000000000000000,exp(i*pi/4),0.409224534694427922217930245210619330723940731,0.740636312807392911925261725208324064788500810,0.409226549863716930278647108444781115540982664,0.740635973980913938487488267529349454636002156,0.00000204345556502087669172123459602260290459471160,2.07800732388456000073853094455534587724780003e-64
1,15,0.0000305175781250000000000000000000000000000000000,-1,-0.519286084117278040446803341700748638021831201,1.48977610877800856074019333285521002806205609e-102,-0.519287833827893175074183976261127596439169139,0.0,0.00000174971061513462738063456037895841733793882621,2.11513264801376072592193750757991209651028513e-64
1,15,0.0000305175781250000000000000000000000000000000000,i,-0.196610726135870520113960536540862891543081163,0.621383363646910648445896749575264196555198993,-0.196610122473889343523308875542671678433221909,0.621385078435995949900828051097826539245738380,0.00000181794097665107019914166801153419058072699126,2.11513264801376072592193750757991209651028513e-64
1,15,0.0000305175781250000000000000000000000000000000000,exp(i*pi/4),0.409225145973454250900267032796572071462111759,0.740636066377740628519618802261959214878717506,0.409226549863716930278647108444781115540982664,0.740635973980913938487488267529349454636002156,0.00000140692751882545884842741616411682466397014118,2.11513264801376072592193750757991209651028513e-64
1,16,0.0000152587890625000000000000000000000000000000000,-1,-0.519286760243429010958358864586785398422997551,1.48977804851145616149069568513339227104351597e-102,-0.519287833827893175074183976261127596439169139,0.0,0.00000107358446416411582511167434219801617158819188,2.13307693050136927290313866711698246382791047e-64
1,16,0.0000152587890625000000000000000000000000000000000,i,-0.196610459035356691519174120008698453680669408,0.621384000480430563020331502100353349922125211,-0.196610122473889343523308875542671678433221909,0.621385078435995949900828051097826539245738380,0.00000112927490995416403105591469608813709786240582,2.13307693050136927290313866711698246382791047e-64
1,16,0.0000152587890625000000000000000000000000000000000,exp(i*pi/4),0.409225644611859184487504163968539605950627144,0.740635981566016865004560593508854297486495438,0.409226549863716930278647108444781115540982664,0.740635973980913938487488267529349454636002156,0.000000905283634966750043249969800463814298153484649,2.13307693050136927290313866711698246382791047e-64
1,17,0.00000762939453125000000000000000000000000000000000,-1,-0.519287224899399447448774254118323584370452562,1.48977938155962504137694726725531624175649990e-102,-0.519287833827893175074183976261127596439169139,0.0,0.000000608928493727625409722142804012068716577441666,2.14180107722486350817083593037698230972011318e-64
1,17,0.00000762939453125000000000000000000000000000000000,i,-0.196610302564011669777235277506929494136828103,0.621384458789240758737427253763231750356393188,-0.196610122473889343523308875542671678433221909,0.621385078435995949900828051097826539245738380,0.000000645286411896626481193735490424677492417735490,2.14180107722486350817083593037698230972011318e-64
1,17,0.00000762939453125000000000000000000000000000000000,exp(i*pi/4),0.409226022406372442783427611485330879264800381,0.740635962599933100942622947467174287884339280,0.409226549863716930278647108444781115540982664,0.740635973980913938487488267529349454636002156,0.000000527580114275192111356901361644794643828333557,2.14180107722486350817083593037698230972011318e-64
1,18,0.00000381469726562500000000000000000000000000000000,-1,-0.519287524238456454337833992451541536716255490,1.48978024033129097395873266360725762561382710e-102,-0.519287833827893175074183976261127596439169139,0.0,0.000000309589436720736349983809586059722913649195705,2.14604148992586799460695939920915427826811165e-64
1,18,0.00000381469726562500000000000000000000000000000000,i,-0.196610212027930253241388115699467926097294557,0.621384761866987409055893569463398397783134827,-0.196610122473889343523308875542671678433221909,0.621385078435995949900828051097826539245738380,0.000000328992193542328618602393779662293471606352125,2.14604148992586799460695939920915427826811165e-64
1,18,0.00000381469726562500000000000000000000000000000000,exp(i*pi/4),0.409226279094284376461006336410882789000577825,0.740635965281772885290999675320863541929583516,0.409226549863716930278647108444781115540982664,0.740635973980913938487488267529349454636002156,0.000000270909137277759254367965427374535018937535684,2.14604148992586799460695939920915427826811165e-64
1,19,0.00000190734863281250000000000000000000000000000000,-1,-0.519287699505331606396427469963019792107605973,1.48978074315316748460469191564144744502044057e-102,-0.519287833827893175074183976261127596439169139,0.0,0.000000134322561568677756506298107804331563166866644,2.14808041475739234605603544121902718760196429e-64
1,19,0.00000190734863281250000000000000000000000000000000,i,-0.196610162258429770247437161195311110008200135,0.621384941793926195814562014076051085243463146,-0.196610122473889343523308875542671678433221909,0.621385078435995949900828051097826539245738380,0.000000142316073876587191509254206585804669047251945,2.14808041475739234605603544121902718760196429e-64
1,19,0.00000190734863281250000000000000000000000000000000,exp(i*pi/4),0.409226433588910776332170559337955507388407611,0.740635971555660152372641680025271678227374518,0.409226549863716930278647108444781115540982664,0.740635973980913938487488267529349454636002156,0.000000116300096311503086441844192890396221348050105,2.14808041475739234605603544121902718760196429e-64
1,20,0.000000953674316406250000000000000000000000000000000,-1,-0.519287788311838772515341361375759815010574438,1.48978099792951664289890271435895935280193430e-102,-0.519287833827893175074183976261127596439169139,0.0,0.0000000455160544025588426148853677814285947018597700,2.14903459866604829379288491719135876666710145e-64
1,20,0.000000953674316406250000000000000000000000000000000,i,-0.196610137541669608688614927825652607160490008,0.621385033343756803029084926972292510467232880,-0.196610122473889343523308875542671678433221909,0.621385078435995949900828051097826539245738380,0.0000000475431176238788275042572877126077007434879985,2.14903459866604829379288491719135876666710145e-64
1,20,0.000000953674316406250000000000000000000000000000000,exp(i*pi/4),0.409226512519811585068466077849107986131890079,0.740635975461942185662515753530967009757323613,0.409226549863716930278647108444781115540982664,0.740635973980913938487488267529349454636002156,0.0000000373732619810065263235334005148376713061014715,2.14903459866604829379288491719135876666710145e-64
1,21,0.000000476837158203125000000000000000000000000000000,-1,-0.519287824352102176323951821274211761033869894,1.48978110132516889560671461946967713580454531e-102,-0.519287833827893175074183976261127596439169139,0.0,0.00000000947579099875023215498691583540529924513941596,2.14946301892397194828287799293967063169186704e-64
1,21,0.000000476837158203125000000000000000000000000000000,i,-0.196610127114361210433194274806238820087061103,0.621385070194971426232843782481220991372306897,-0.196610122473889343523308875542671678433221909,0.621385078435995949900828051097826539245738380,0.00000000945771982812343855681657804311637072007025511,2.14946301892397194828287799293967063169186704e-64
1,21,0.000000476837158203125000000000000000000000000000000,exp(i*pi/4),0.409226544038264872486716696602593557046044982,0.740635976471669014403324833383195588637294481,0.409226549863716930278647108444781115540982664,0.740635973980913938487488267529349454636002156,0.00000000633559409415034584389831664907729716775896348,2.14946301892397194828287799293967063169186704e-64
1,22,0.000000238418579101562500000000000000000000000000000,-1,-0.519287834688645800499371437550089046191031099,1.48978113097960449407805103935845609536452665e-102,-0.519287833827893175074183976261127596439169139,0.0,0.000000000860752625425187461288961449751861959991993481,2.14964854296676732856391726917808866184881549e-64
1,22,0.000000238418579101562500000000000000000000000000000,i,-0.196610123577646563445248165997281639893005937,0.621385080347673449968613043633657078851562920,-0.196610122473889343523308875542671678433221909,0.621385078435995949900828051097826539245738380,0.00000000220743988928242944049419094237788656010110763,2.14964854296676732856391726917808866184881549e-64
1,22,0.000000238418579101562500000000000000000000000000000,exp(i*pi/4),0.409226552370037294564106783774582748275436450,0.740635975968596680197298016214301242150496637,0.409226549863716930278647108444781115540982664,0.740635973980913938487488267529349454636002156,0.00000000319883173207391850551533260290837187924992700,2.14964854296676732856391726917808866184881549e-64
1,23,0.000000119209289550781250000000000000000000000000000,-1,-0.519287835904759916332733494092320801930042298,1.48978113446850552711066937087302709316663944e-102,-0.519287833827893175074183976261127596439169139,0.0,0.00000000207686674125854951783119320549087315892421391,2.14972832180507189241561996875859181586978604e-64
1,23,0.000000119209289550781250000000000000000000000000000,i,-0.196610122661107970358258265215162937772031047,0.621385081160555577755526383993445376408839081,-0.196610122473889343523308875542671678433221909,0.621385078435995949900828051097826539245738380,0.00000000273098443422325208675083045425769006816766847,2.14972832180507189241561996875859181586978604e-64
1,23,0.000000119209289550781250000000000000000000000000000,exp(i*pi/4),0.409226552701592852785803994346125231354277061,0.740635975183029051387674104109049865017824424,0.409226549863716930278647108444781115540982664,0.740635973980913938487488267529349454636002156,0.00000000308198320829443735873436031842072472962429805,2.14972832180507189241561996875859181586978604e-64
1,24,0.0000000596046447753906250000000000000000000000000000,-1,-0.519287835128676293552244941072939442382598067,1.48978113224200480815218398258290172229574312e-102,-0.519287833827893175074183976261127596439169139,0.0,0.00000000130078311847806096481181184594342892789124576,2.14976345011518209114651103637523523657599606e-64
1,24,0.0000000596046447753906250000000000000000000000000000,i,-0.196610122502447759195530580686955786526488561,0.621385080074804641803376408198805792742572493,-0.196610122473889343523308875542671678433221909,0.621385078435995949900828051097826539245738380,0.00000000163905750715496528104038336551211473625606049,2.14976345011518209114651103637523523657599606e-64
1,24,0.0000000596046447753906250000000000000000000000000000,exp(i*pi/4),0.409226551526157208991846416415547891984278515,0.740635974605074901961689831787055021091294358,0.409226549863716930278647108444781115540982664,0.740635973980913938487488267529349454636002156,0.00000000177574902185333143867643328315436211823791106,2.14976345011518209114651103637523523657599606e-64
1,25,0.0000000298023223876953125000000000000000000000000000,-1,-0.519287834409028003164962087748670071854350082,1.48978113017741100806147891880025969580860333e-102,-0.519287833827893175074183976261127596439169139,0.0,0.000000000581134828090778111487542475415180942808929147,2.14977947199974927470370165802088791742631318e-64
1,25,0.0000000298023223876953125000000000000000000000000000,i,-0.196610122497314092578440808889589293675116774,0.621385079176279571634907125831101935212745317,-0.196610122473889343523308875542671678433221909,0.621385078435995949900828051097826539245738380,0.000000000740654142954740365253511565284806928269737067,2.14977947199974927470370165802088791742631318e-64
1,25,0.0000000298023223876953125000000000000000000000000000,exp(i*pi/4),0.409226550620250775214638855942267065027952700,0.740635974275244318262109445092145129366497944,0.409226549863716930278647108444781115540982664,0.740635973980913938487488267529349454636002156,0.000000000811772031417631397934780091887595911502083334,2.14977947199974927470370165802088791742631318e-64
1,26,0.0000000149011611938476562500000000000000000000000000,-1,-0.519287834022516892704127162017254632914162594,1.48978112906855206546026549801819899780035752e-102,-0.519287833827893175074183976261127596439169139,0.0,0.000000000194623717629943185756127036474993454613005735,2.14978700143230390073444892722240169949910143e-64
1,26,0.0000000149011611938476562500000000000000000000000000,i,-0.196610122502870117594589016062425586602804023,0.621385078700035880288783415979546230607399185,-0.196610122473889343523308875542671678433221909,0.621385078435995949900828051097826539245738380,0.000000000265625620197011301424814901051323148559164422,2.14978700143230390073444892722240169949910143e-64
1,26,0.0000000149011611938476562500000000000000000000000000,exp(i*pi/4),0.409226550144479569659099386519097442023900313,0.740635974110164384497038898947434953179762351,0.409226549863716930278647108444781115540982664,0.740635973980913938487488267529349454636002156,0.000000000309084676853359482578755942820382296233828283,2.14978700143230390073444892722240169949910143e-64
1,27,0.00000000745058059692382812500000000000000000000000000,-1,-0.519287833859933501452351579808918786405163498,1.48978112860211774461237572088015765077642418e-102,-0.519287833827893175074183976261127596439169139,0.0,0.0000000000320403263781676035477911899659943582732183959,2.14979061006615979322970352632654215313155766e-64
1,27,0.00000000745058059692382812500000000000000000000000000,i,-0.196610122500583888264111359991761959954654504,0.621385078496181590707569596312055217435077354,-0.196610122473889343523308875542671678433221909,0.621385078435995949900828051097826539245738380,0.0000000000658400340084725249309117217978081213354707400,2.14979061006615979322970352632654215313155766e-64
1,27,0.00000000745058059692382812500000000000000000000000000,exp(i*pi/4),0.409226549938356486712272889952615721913618502,0.740635974034013852639017543712586561835510604,0.409226549863716930278647108444781115540982664,0.740635973980913938487488267529349454636002156,0.0000000000916005691440188972061453326037952193032657868,2.14979061006615979322970352632654215313155766e-64
1,28,0.00000000372529029846191406250000000000000000000000000,-1,-0.519287833806601566248800960061849165059307604,1.48978112844911413960299794360048677292799175e-102,-0.519287833827893175074183976261127596439169139,0.0,0.0000000000212916088253830161992784313798615355601324977,2.14979235906462995586997114255539152106193666e-64
1,28,0.00000000372529029846191406250000000000000000000000000,i,-0.196610122494300818296666379437978631743217943,0.621385078425092419641341414823142141892019195,-0.196610122473889343523308875542671678433221909,0.621385078435995949900828051097826539245738380,0.0000000000231412029623127085779192990694135454209626127,2.14979235906462995586997114255539152106193666e-64
1,28,0.00000000372529029846191406250000000000000000000000000,exp(i*pi/4),0.409226549863569979364445607907513234582467490,0.740635974001003055527552720119172329476639967,0.409226549863716930278647108444781115540982664,0.740635973980913938487488267529349454636002156,0.0000000000200896545022703814943184271262154666030313408,2.14979235906462995586997114255539152106193666e-64
1,29,0.00000000186264514923095703125000000000000000000000000,-1,-0.519287833797360064915381982007924028671823104,1.48978112842260126295010014634400141599222114e-102,-0.519287833827893175074183976261127596439169139,0.0,0.0000000000305331101588019942532035677673460353588037348,2.14979321174133116863058006749461592482856991e-64
1,29,0.00000000186264514923095703125000000000000000000000000,i,-0.196610122487879903386638084734594029660929703,0.621385078408707914425595581710220378728634494,-0.196610122473889343523308875542671678433221909,0.621385078435995949900828051097826539245738380,0.0000000000306654960075154167071593562560089593074791706,2.14979321174133116863058006749461592482856991e-64
1,29,0.00000000186264514923095703125000000000000000000000000,exp(i*pi/4),0.409226549843698934097711639500622898584380736,0.740635973987543263451645484450071317955935359,0.409226549863716930278647108444781115540982664,0.740635973980913938487488267529349454636002156,0.0000000000210871553458579401938082681073474453257433794,2.14979321174133116863058006749461592482856991e-64
1,30,0.000000000931322574615478515625000000000000000000000000,-1,-0.519287833802367818877001313261778946877995867,1.48978112843696797224357315347265731219619730e-102,-0.519287833827893175074183976261127596439169139,0.0,0.0000000000255253561971826629993486495611732721243875511,2.14979362863452395886584313057640899888934452e-64
1,30,0.000000000931322574615478515625000000000000000000000000,i,-0.196610122482841573281184763574027205348707949,0.621385078411091242496727643176287844127949646,-0.196610122473889343523308875542671678433221909,0.621385078435995949900828051097826539245738380,0.0000000000264648232286114516543850229229267762187798973,2.14979362863452395886584313057640899888934452e-64
1,30,0.000000000931322574615478515625000000000000000000000000,exp(i*pi/4),0.409226549843425529935490600670288116040455554,0.740635973982473485155762832455118080527239024,0.409226549863716930278647108444781115540982664,0.740635973980913938487488267529349454636002156,0.0000000000203512435417784320052970126589104138722318705,2.14979362863452395886584313057640899888934452e-64
1,31,0.000000000465661287307739257812500000000000000000000000,-1,-0.519287833809926568737846881654775093024440009,1.48978112845865321530965466579062372442953223e-102,-0.519287833827893175074183976261127596439169139,0.0,0.0000000000179666063363370946063525034147291309581433065,2.14979383272253202284715458465185424357401524e-64
1,31,0.000000000465661287307739257812500000000000000000000000,i,-0.196610122479359180131923846588902457924492311,0.621385078417832230668221289447477868609340512,-0.196610122473889343523308875542671678433221909,0.621385078435995949900828051097826539245738380,0.0000000000189694440847883914546493243677723412853423249,2.14979383272253202284715458465185424357401524e-64
1,31,0.000000000465661287307739257812500000000000000000000000,exp(i*pi/4),0.409226549848356665057468364454022000019620423,0.740635973980804898543399657329106158420450788,0.409226549863716930278647108444781115540982664,0.740635973980913938487488267529349454636002156,0.0000000000153606522444315539647093078553456841144020846,2.14979383272253202284715458465185424357401524e-64
1,32,0.000000000232830643653869628906250000000000000000000000,-1,-0.519287833816296251927007920847346158730954919,1.48978112847692715356052814218173349128655769e-102,-0.519287833827893175074183976261127596439169139,0.0,0.0000000000115969231471760554137814377082142205507873698,2.14979393267695767896278098399839113307442973e-64
1,32,0.000000000232830643653869628906250000000000000000000000,i,-0.196610122477123522508978974804666996327792256,0.621385078424045747817955353224003856180633278,-0.196610122473889343523308875542671678433221909,0.621385078435995949900828051097826539245738380,0.0000000000123801148432817471481098516121960364842263116,2.14979393267695767896278098399839113307442973e-64
1,32,0.000000000232830643653869628906250000000000000000000000,exp(i*pi/4),0.409226549853418061083319587429554724791730641,0.740635973980413273740265810309116868032733508,0.409226549863716930278647108444781115540982664,0.740635973980913938487488267529349454636002156,0.0000000000103110315629221825789004835510653063029521697,2.14979393267695767896278098399839113307442973e-64
2,8,0.00390625000000000000000000000000000000000000000,-1,-0.487939032666123233366976598241871264417843763,1.39977799083718773592496151717702855319848255e-102,-0.488528377917557244322901539822279434888191239,0.0,0.000589345251434010955924941580408170470347475398,4.34828954816086814068839476902235007348277123e-61
2,8,0.00390625000000000000000000000000000000000000000,i,-0.201874830228900800967603177876567540281928224,0.586452577941206666905912348716560482298888225,-0.201724772513835251141592937545133202205858794,0.587076653819529415987950199368410025286106051,0.000641862929101692596590620500290970975925254359,4.34828954816086814068839476902235007348277123e-61
2,8,0.00390625000000000000000000000000000000000000000,exp(i*pi/4),0.376900566621258935926977310941720028762081682,0.734206070290509062182226867935437496565943627,0.377448459097085208322463040212266306152745629,0.734244655594916779803096479972461696574178786,0.000549249479547572001263251227774241699262644084,4.34828954816086814068839476902235007348277123e-61
2,9,0.00195312500000000000000000000000000000000000000,-1,-0.488276845641304202389078505564890073624576966,1.40081383424846683437269264842817882049196620e-102,-0.488528377917557244322901539822279434888191239,0.0,0.000251532276253041933823034257389361263614272946,2.03779609386883670979418871052259679810140867e-60
2,9,0.00195312500000000000000000000000000000000000000,i,-0.201789356879464202045402847168818134526613648,0.586810685489724341909169364871979249449820822,-0.201724772513835251141592937545133202205858794,0.587076653819529415987950199368410025286106051,0.000273697447454291526920831534619158045934282036,2.03779609386883670979418871052259679810140867e-60
2,9,0.00195312500000000000000000000000000000000000000,exp(i*pi/4),0.377215287383749968778560385504809879802787606,0.734229008676207302822371005593353024879831881,0.377448459097085208322463040212266306152745629,0.734244655594916779803096479972461696574178786,0.000233696114569310089183743815571702162739626866,2.03779609386883670979418871052259679810140867e-60
2,10,0.000976562500000000000000000000000000000000000000,-1,-0.488427157600244627377321121273886640937319145,1.40124515657856334175155976926117037948536483e-102,-0.488528377917557244322901539822279434888191239,0.0,0.000101220317312616945580418548392793950872093225,4.38983261953277557974666062623639133236275469e-60
2,10,0.000976562500000000000000000000000000000000000000,i,-0.201751706758168268712734583626703537714235547,0.586970246290805063335244648273691895968813839,-0.201724772513835251141592937545133202205858794,0.587076653819529415987950199368410025286106051,0.000109763453330398748072081202755484007962701657,4.38983261953277557974666062623639133236275469e-60
2,10,0.000976562500000000000000000000000000000000000000,exp(i*pi/4),0.377355751289741114024203233506853839227886351,0.734239857591086234137337971443118695390563671,0.377448459097085208322463040212266306152745629,0.734244655594916779803096479972461696574178786,0.0000928318823643452550767707063839994466786630737,4.38983261953277557974666062623639133236275469e-60
2,11,0.000488281250000000000000000000000000000000000000,-1,-0.488488594506357048121667374875550227599233301,1.40142141252096178234035306225305676757234970e-102,-0.488528377917557244322901539822279434888191239,0.0,0.0000397834112001962012341649467292072889579379201,6.24199972620293261225574862678397853800928420e-60
2,11,0.000488281250000000000000000000000000000000000000,i,-0.201735949386657719128635574288463257438547409,0.587035217990336182427622951301788760314404553,-0.201724772513835251141592937545133202205858794,0.587076653819529415987950199368410025286106051,0.0000429167849101077243067096710644219157065427982,6.24199972620293261225574862678397853800928420e-60
2,11,0.000488281250000000000000000000000000000000000000,exp(i*pi/4),0.377412722057408170447440682132198254110458168,0.734243709984787491609655343425828696904796470,0.377448459097085208322463040212266306152745629,0.734244655594916779803096479972461696574178786,0.0000357495480166503892625510276927960914377195644,6.24199972620293261225574862678397853800928420e-60
2,12,0.000244140625000000000000000000000000000000000000,-1,-0.488511509257180327600315944288238984347964926,1.40148715248466113032102623277095110788264195e-102,-0.488528377917557244322901539822279434888191239,0.0,0.0000168686603769167225855955340404505402263125058,7.28742659551469363638243517609789040135699065e-60
2,12,0.000244140625000000000000000000000000000000000000,i,-0.201729666703875500130702172093641298449636757,0.587059185860960005901082627254144625865710626,-0.201724772513835251141592937545133202205858794,0.587076653819529415987950199368410025286106051,0.0000181406359517162377298061167681987287764811549,7.28742659551469363638243517609789040135699065e-60
2,12,0.000244140625000000000000000000000000000000000000,exp(i*pi/4),0.377433490000723898989297296340185600688748700,0.734244501525467083838745668800004310905873644,0.377448459097085208322463040212266306152745629,0.734244655594916779803096479972461696574178786,0.0000149698892203480896547981113886637620976519290,7.28742659551469363638243517609789040135699065e-60
2,13,0.000122070312500000000000000000000000000000000000,-1,-0.488520065499484231030335063062981407090164620,1.40151169942661691082726750767728958634766014e-102,-0.488528377917557244322901539822279434888191239,0.0,0.00000831241807301329256647675929802779802661870065,7.80061554145298991671106892998123902696514742e-60
2,13,0.000122070312500000000000000000000000000000000000,i,-0.201727118626901471034567254017123945017952462,0.587068003342885337731421329980256714929538241,-0.201724772513835251141592937545133202205858794,0.587076653819529415987950199368410025286106051,0.00000896297900751927027533459099577867139109861529,7.80061554145298991671106892998123902696514742e-60
2,13,0.000122070312500000000000000000000000000000000000,exp(i*pi/4),0.377441005055998614286677238861634706243396549,0.734244475049111081994455403492856139966773901,0.377448459097085208322463040212266306152745629,0.734244655594916779803096479972461696574178786,0.00000745622728386058954472006169988624104219471310,7.80061554145298991671106892998123902696514742e-60
2,14,0.0000610351562500000000000000000000000000000000000,-1,-0.488523752257379719995942233015363192758005886,1.40152227633980510963042062070708152578015160e-102,-0.488528377917557244322901539822279434888191239,0.0,0.00000462566017752432695930680691624213018535257879,8.04360512170751665525452899385703383397942553e-60
2,14,0.0000610351562500000000000000000000000000000000000,i,-0.201725986735461306017863514133788663059624354,0.587071780484569198460028389065556822294947477,-0.201724772513835251141592937545133202205858794,0.587076653819529415987950199368410025286106051,0.00000502232294776607553007967606896606846023635370,8.04360512170751665525452899385703383397942553e-60
2,14,0.0000610351562500000000000000000000000000000000000,exp(i*pi/4),0.377444202928158381462683498624889666856462277,0.734244409543938523119885089739000404705159826,0.377448459097085208322463040212266306152745629,0.734244655594916779803096479972461696574178786,0.00000426327515152230985707289862173478271277031263,8.04360512170751665525452899385703383397942553e-60
2,15,0.0000305175781250000000000000000000000000000000000,-1,-0.488525688213140140121225508874965457567358565,1.40152783038935070403305622203746365444419726e-102,-0.488528377917557244322901539822279434888191239,0.0,0.00000268970441710420167603094731397732083267352595,8.15904506696921872774292588954785280525671281e-60
2,15,0.0000305175781250000000000000000000000000000000000,i,-0.201725424682289143659472631614084825983655316,0.587073784968904761086407316714636812435046111,-0.201724772513835251141592937545133202205858794,0.587076653819529415987950199368410025286106051,0.00000294204479891713681496584649458231772486594511,8.15904506696921872774292588954785280525671281e-60
2,15,0.0000305175781250000000000000000000000000000000000,exp(i*pi/4),0.377445920435766534934445116768352723863241857,0.734244426658877651675050569178852654966800285,0.377448459097085208322463040212266306152745629,0.734244655594916779803096479972461696574178786,0.00000254896312271091539350438619096252921342722527,8.15904506696921872774292588954785280525671281e-60
2,16,0.0000152587890625000000000000000000000000000000000,-1,-0.488526836411755453803472857697455904816780926,1.40153112444809316783906746744285656322253190e-102,-0.488528377917557244322901539822279434888191239,0.0,0.00000154150580179051942868212482353007141031307951,8.21447863590240234447702210364888156396253446e-60
2,16,0.0000152587890625000000000000000000000000000000000,i,-0.201725122919831547524563634031225228169409129,0.587074994408599538588728153713150430888061167,-0.201724772513835251141592937545133202205858794,0.587076653819529415987950199368410025286106051,0.00000169600383149243961673019760975627612114977333,8.21447863590240234447702210364888156396253446e-60
2,16,0.0000152587890625000000000000000000000000000000000,exp(i*pi/4),0.377446976486664447287363552564398056984267323,0.734244487155043598105955964005043020398135256,0.377448459097085208322463040212266306152745629,0.734244655594916779803096479972461696574178786,0.00000149214799890181126534511387981047052601882994,8.21447863590240234447702210364888156396253446e-60
2,17,0.00000762939453125000000000000000000000000000000000,-1,-0.488527538348033200604889503162144738858952785,1.40153313822802768959122847524936005371364257e-102,-0.488528377917557244322901539822279434888191239,0.0,0.000000839569524043718012036660134696029238453548683,8.24128886106015779037830832241803816550379491e-60
2,17,0.00000762939453125000000000000000000000000000000000,i,-0.201724955372626382423723967187370594951396512,0.587075744825154890924272055714304455265054220,-0.201724772513835251141592937545133202205858794,0.587076653819529415987950199368410025286106051,0.000000927204459875062076192958562851854774566035292,8.24128886106015779037830832241803816550379491e-60
2,17,0.00000762939453125000000000000000000000000000000000,exp(i*pi/4),0.377447642143999999078254253375412475773852828,0.734244551124925055586821365552514846196544984,0.377448459097085208322463040212266306152745629,0.734244655594916779803096479972461696574178786,0.000000823605683931188302619601763364752430468093958,8.24128886106015779037830832241803816550379491e-60
2,18,0.00000381469726562500000000000000000000000000000000,-1,-0.488527957522489496896035259104714840852173431,1.40153434079460803953062979959760050845254688e-102,-0.488528377917557244322901539822279434888191239,0.0,0.000000420395067747426866280717564594036017807809875,8.25425852176565114329180203887740684396486477e-60
2,18,0.00000381469726562500000000000000000000000000000000,i,-0.201724862531292534916853387430102845525428156,0.587076197654123338918687568715917448064234658,-0.201724772513835251141592937545133202205858794,0.587076653819529415987950199368410025286106051,0.000000464962385916639285576539246595176423272726503,8.25425852176565114329180203887740684396486477e-60
2,18,0.00000381469726562500000000000000000000000000000000,exp(i*pi/4),0.377448048196863738972046791209693362257631844,0.734244600821668052457662218167401088249617043,0.377448459097085208322463040212266306152745629,0.734244655594916779803096479972461696574178786,0.000000414534800444677827751585887372877388459275041,8.25425852176565114329180203887740684396486477e-60
2,19,0.00000190734863281250000000000000000000000000000000,-1,-0.488528192529268207732846963809865749397230739,1.40153501500386384777036699479619035922799442e-102,-0.488528377917557244322901539822279434888191239,0.0,0.000000185388289036590054576012413685490960499991741,8.26046577287477866606717091105713727170561561e-60
2,19,0.00000190734863281250000000000000000000000000000000,i,-0.201724812936788908932269954311262630259251553,0.587076453130840666010970868197295678350310259,-0.201724772513835251141592937545133202205858794,0.587076653819529415987950199368410025286106051,0.000000204719234500828058516599451292081130584219973,8.26046577287477866606717091105713727170561561e-60
2,19,0.00000190734863281250000000000000000000000000000000,exp(i*pi/4),0.377448278756448053833573520016628308515208885,0.734244632598642614098972878388796453583204698,0.377448459097085208322463040212266306152745629,0.734244655594916779803096479972461696574178786,0.000000181800918685223506218287085688984583952239495,8.26046577287477866606717091105713727170561561e-60
2,20,0.000000953674316406250000000000000000000000000000000,-1,-0.488528309993451973266578457404767642247723559,1.40153535199601511728135287045147196263898194e-102,-0.488528377917557244322901539822279434888191239,0.0,0.0000000679241052710563230824175117926404676796471608,8.26335677544133251291510090604911376663119835e-60
2,20,0.000000953674316406250000000000000000000000000000000,i,-0.201724788544474071191685250227871554556700179,0.587076581085255098082214882001330669407795734,-0.201724772513835251141592937545133202205858794,0.587076653819529415987950199368410025286106051,0.0000000744799036084987077938839478250909688365970993,8.26335677544133251291510090604911376663119835e-60
2,20,0.000000953674316406250000000000000000000000000000000,exp(i*pi/4),0.377448394467605628300434168555111318667157069,0.734244649114056481853613196167867699033715580,0.377448459097085208322463040212266306152745629,0.734244655594916779803096479972461696574178786,0.0000000649536079135410481215298576993037407914202400,8.26335677544133251291510090604911376663119835e-60
2,21,0.000000476837158203125000000000000000000000000000000,-1,-0.488528358939521600195294434895510603485517209,1.40153549241704194440316883443718730780902125e-102,-0.488528377917557244322901539822279434888191239,0.0,0.0000000189780356441276071049267688314026740292878017,8.26464828029300437228888353195770454614337017e-60
2,21,0.000000476837158203125000000000000000000000000000000,i,-0.201724778062250395767991931510323522042121678,0.587076634194970752927048997885600663677831026,-0.201724772513835251141592937545133202205858794,0.587076653819529415987950199368410025286106051,0.0000000203938278245413813250403019064337584395985521,8.26464828029300437228888353195770454614337017e-60
2,21,0.000000476837158203125000000000000000000000000000000,exp(i*pi/4),0.377448442306298970290771172345055011803989659,0.734244655488684252974060748833039793437210393,0.377448459097085208322463040212266306152745629,0.734244655594916779803096479972461696574178786,0.0000000167911222924803610995541466082935599358966488,8.26464828029300437228888353195770454614337017e-60
2,22,0.000000238418579101562500000000000000000000000000000,-1,-0.488528374734419701003632082779908040952124720,1.40153553773091141033917692787916336447834174e-102,-0.488528377917557244322901539822279434888191239,0.0,0.00000000318313754331926945704237139393606651896650446,8.26520458149172046573121681061818027779374000e-60
2,22,0.000000238418579101562500000000000000000000000000000,i,-0.201724774252821482382700982758585836089297351,0.587076651055128972960755499688171952998769057,-0.201724772513835251141592937545133202205858794,0.587076653819529415987950199368410025286106051,0.00000000326588164541446645966754461769681346079622926,8.26520458149172046573121681061818027779374000e-60
2,22,0.000000238418579101562500000000000000000000000000000,exp(i*pi/4),0.377448457238295594794711837569562567499097936,0.734244656865502408841358211998758236298578981,0.377448459097085208322463040212266306152745629,0.734244655594916779803096479972461696574178786,0.00000000225155205759875823738705332794654017936514066,8.26520458149172046573121681061818027779374000e-60
2,23,0.000000119209289550781250000000000000000000000000000,-1,-0.488528378202695143777595191115587202881710931,1.40153554768102186263311903298042124397131101e-102,-0.488528377917557244322901539822279434888191239,0.0,0.000000000285137899454693651293307767993519692313041381,8.26544247145103868906556961388090214388427101e-60
2,23,0.000000119209289550781250000000000000000000000000000,i,-0.201724773068722685318290352761385304678164149,0.587076654530617352747958072070473124876887787,-0.201724772513835251141592937545133202205858794,0.587076653819529415987950199368410025286106051,0.000000000901967914292301010974694724801407598032563065,8.26544247145103868906556961388090214388427101e-60
2,23,0.000000119209289550781250000000000000000000000000000,exp(i*pi/4),0.377448460105350729441626528872488050026782494,0.734244656613781564083128267094018400645850808,0.377448459097085208322463040212266306152745629,0.734244655594916779803096479972461696574178786,0.00000000143341717923418722491521218391771493349792782,8.26544247145103868906556961388090214388427101e-60
2,24,0.0000000596046447753906250000000000000000000000000000,-1,-0.488528378381505916172474009348977567386042021,1.40153554819401080043386776099563761586737786e-102,-0.488528377917557244322901539822279434888191239,0.0,0.000000000463948671849572469526698132497850781941849684,8.26554662369630082621140055772188403738435055e-60
2,24,0.0000000596046447753906250000000000000000000000000000,i,-0.201724772730935100748268311605463636539935574,0.587076654529323382099288455108268478567746037,-0.201724772513835251141592937545133202205858794,0.587076653819529415987950199368410025286106051,0.000000000742253204120605104040191469215104566329415770,8.26554662369630082621140055772188403738435055e-60
2,24,0.0000000596046447753906250000000000000000000000000000,exp(i*pi/4),0.377448459925373798504821131417266110844459748,0.734244656159724516351016985848480565803495447,0.377448459097085208322463040212266306152745629,0.734244655594916779803096479972461696574178786,0.00000000100253167924543089207229641977532542515869497,8.26554662369630082621140055772188403738435055e-60
2,25,0.0000000298023223876953125000000000000000000000000000,-1,-0.488528378090515636121512071732974681093269659,1.40153554735919088061364203407808611092015662e-102,-0.488528377917557244322901539822279434888191239,0.0,0.000000000172958391798610531910695246205078420037524852,8.26559385488266092376409119850350171357219781e-60
2,25,0.0000000298023223876953125000000000000000000000000000,i,-0.201724772626511128618802211943234750140069254,0.587076654104838552474455746621910331947655357,-0.201724772513835251141592937545133202205858794,0.587076653819529415987950199368410025286106051,0.000000000306752598567533779852791852869272108474794433,8.26559385488266092376409119850350171357219781e-60
2,25,0.0000000298023223876953125000000000000000000000000000,exp(i*pi/4),0.377448459443465555189936837552212208824669918,0.734244655856066466679679976770574624381023432,0.377448459097085208322463040212266306152745629,0.734244655594916779803096479972461696574178786,0.000000000433795462922065462606212987948622714978309285,8.26559385488266092376409119850350171357219781e-60
2,26,0.0000000149011611938476562500000000000000000000000000,-1,-0.488528377907484807830713739230220408940692584,1.40153554683409505483006649384897637734736625e-102,-0.488528377917557244322901539822279434888191239,0.0,0.0000000000100724364921878005920590259474986549588739197,8.26561592281180642666172780319886746381917675e-60
2,26,0.0000000149011611938476562500000000000000000000000000,i,-0.201724772582651675214467464455563043342502980,0.587076653852072177140109836238585960428699509,-0.201724772513835251141592937545133202205858794,0.587076653819529415987950199368410025286106051,0.0000000000761231339711142942826671763179912492378454369,8.26561592281180642666172780319886746381917675e-60
2,26,0.0000000149011611938476562500000000000000000000000000,exp(i*pi/4),0.377448459166196823941617914278547755816305871,0.734244655699849246431980634131332872922462576,0.377448459097085208322463040212266306152745629,0.734244655594916779803096479972461696574178786,0.000000000125647276000364204437514337636542469796507027,8.26561592281180642666172780319886746381917675e-60
2,27,0.00000000745058059692382812500000000000000000000000000,-1,-0.488528377845367997378549841184519730689892505,1.40153554665588858445558567709396437118653507e-102,-0.488528377917557244322901539822279434888191239,0.0,0.0000000000721892469443516986377597041982987336876012011,8.26562643716169880725611867549206270916613283e-60
2,27,0.00000000745058059692382812500000000000000000000000000,i,-0.201724772557403687050471122732481596092057884,0.587076653759530329230100037060455950544561017,-0.201724772513835251141592937545133202205858794,0.587076653819529415987950199368410025286106051,0.0000000000741491673542060537935523142650187969476731934,8.26562643716169880725611867549206270916613283e-60
2,27,0.00000000745058059692382812500000000000000000000000000,exp(i*pi/4),0.377448459059822944188359790982530654399870940,0.734244655630315428640419885418500242379447544,0.377448459097085208322463040212266306152745629,0.734244655594916779803096479972461696574178786,0.0000000000513959207321730452360850292968971426514632058,8.26562643716169880725611867549206270916613283e-60
2,28,0.00000000372529029846191406250000000000000000000000000,-1,-0.488528377842792762004555606087342926709444972,1.40153554664850051022829682820513957031344626e-102,-0.488528377917557244322901539822279434888191239,0.0,0.0000000000747644823183459337349365081787462664417557922,8.26563150238012536007512994512113232077133042e-60
2,28,0.00000000372529029846191406250000000000000000000000000,i,-0.201724772540984965044524637135252331297886198,0.587076653745668857146828458219057431886712594,-0.201724772513835251141592937545133202205858794,0.587076653819529415987950199368410025286106051,0.0000000000786923701341740616286061183611084306303668271,8.26563150238012536007512994512113232077133042e-60
2,28,0.00000000372529029846191406250000000000000000000000000,exp(i*pi/4),0.377448459037205192198217244241505589857140206,0.734244655602932207652920001589065324934630231,0.377448459097085208322463040212266306152745629,0.734244655594916779803096479972461696574178786,0.0000000000604140994690449974248495975252233091306878708,8.26563150238012536007512994512113232077133042e-60
2,29,0.00000000186264514923095703125000000000000000000000000,-1,-0.488528377859500848050459889069355920079201212,1.40153554669643421801657226887343337112098112e-102,-0.488528377917557244322901539822279434888191239,0.0,0.0000000000580563962724416507529235148089900266151794390,8.26563395634736617061138106328448962248335559e-60
2,29,0.00000000186264514923095703125000000000000000000000000,i,-0.201724772530298726136711164782124337925706465,0.587076653759162697601480235036533393581875940,-0.201724772513835251141592937545133202205858794,0.587076653819529415987950199368410025286106051,0.0000000000625714527373805982843315962995530087073083421,8.26563395634736617061138106328448962248335559e-60
2,29,0.00000000186264514923095703125000000000000000000000000,exp(i*pi/4),0.377448459045115964474045449875125026961570049,0.734244655593779127497304296502714828640181346,0.377448459097085208322463040212266306152745629,0.734244655594916779803096479972461696574178786,0.0000000000519816944601189758767763335840394282428512872,8.26563395634736617061138106328448962248335559e-60
2,30,0.000000000931322574615478515625000000000000000000000000,-1,-0.488528377877849676028601393696191698856159363,1.40153554674907503852378827354144305553028386e-102,-0.488528377917557244322901539822279434888191239,0.0,0.0000000000397075682943001461260877360320318755587486556,8.26563514834137674823208008436917256338481899e-60
2,30,0.000000000931322574615478515625000000000000000000000000,i,-0.201724772523563780784552540894215339671753580,0.587076653777242848285082646895083001342487053,-0.201724772513835251141592937545133202205858794,0.587076653819529415987950199368410025286106051,0.0000000000433912214290303759480700899123647522033518329,8.26563514834137674823208008436917256338481899e-60
2,30,0.000000000931322574615478515625000000000000000000000000,exp(i*pi/4),0.377448459059726757233016955595621633866958185,0.734244655591697504486773869668979245549656281,0.377448459097085208322463040212266306152745629,0.734244655594916779803096479972461696574178786,0.0000000000374969012234987144572821492827137337571473294,8.26563514834137674823208008436917256338481899e-60
2,31,0.000000000465661287307739257812500000000000000000000000,-1,-0.488528377892282878255870888435629698771795905,1.40153554679048234849994289365558369359144043e-102,-0.488528377917557244322901539822279434888191239,0.0,0.0000000000252743660670306513866497361163953336522835792,8.26563572791293137677364947928151120280766343e-60
2,31,0.000000000465661287307739257812500000000000000000000000,i,-0.201724772519460300600272048709978274610056284,0.587076653792243530324941797758954489182191997,-0.201724772513835251141592937545133202205858794,0.587076653819529415987950199368410025286106051,0.0000000000278596614808463457363981919324756585214748957,8.26563572791293137677364947928151120280766343e-60
2,31,0.000000000465661287307739257812500000000000000000000000,exp(i*pi/4),0.377448459072634154813747001997422773360691182,0.734244655591963514234053637099142216883207746,0.377448459097085208322463040212266306152745629,0.734244655594916779803096479972461696574178786,0.0000000000246287595141815624087669695745818842449102229,8.26563572791293137677364947928151120280766343e-60
2,32,0.000000000232830643653869628906250000000000000000000000,-1,-0.488528377902197069231524567326291436809849041,1.40153554681892509962526608993170327163187361e-102,-0.488528377917557244322901539822279434888191239,0.0,0.0000000000153601750913769724959879980783421971541912530,8.26563600974792977303304660804633107649038276e-60
2,32,0.000000000232830643653869628906250000000000000000000000,i,-0.201724772517030128170597568067591437812435440,0.587076653802800895041197098879082486777766256,-0.201724772513835251141592937545133202205858794,0.587076653819529415987950199368410025286106051,0.0000000000170308735036233154530924116370647776379777697,8.26563600974792977303304660804633107649038276e-60
2,32,0.000000000232830643653869628906250000000000000000000000,exp(i*pi/4),0.377448459081960453562600731027470935979220217,0.734244655592765467471905683641219789924218343,0.377448459097085208322463040212266306152745629,0.734244655594916779803096479972461696574178786,0.0000000000152769876380231176953422879220887064734475289,8.26563600974792977303304660804633107649038276e-60
3,8,0.00390625000000000000000000000000000000000000000,-1,-0.474050508825999448127954083273910605347329343,1.35993807640587517540980050222740921563163063e-102,-0.474845626126409007322467898189280757847760241,0.0,0.000795117300409559194513814915370152500430897253,5.34011754275955470921913719006564732061177019e-59
3,8,0.00390625000000000000000000000000000000000000000,i,-0.203645392521961825360769238497266766626929425,0.570597403562134530217148845308404975583177502,-0.203485645976315460362384273375152489652232291,0.571469895097769321783959616765487552361400979,0.000886995173944200746284478708094361471933273704,5.34011754275955470921913719006564732061177019e-59
3,8,0.00390625000000000000000000000000000000000000000,exp(i*pi/4),0.361900126873053353625327355392562227350887449,0.730478953239932705132490588856576808609250982,0.362693081776528151898812431481421848923691787,0.730595108679554086571125635933550584251274974,0.000801417222861078170868254406217679063628086646,5.34011754275955470921913719006564732061177019e-59
3,9,0.00195312500000000000000000000000000000000000000,-1,-0.474504608135712797915880181503442111249376935,1.36130276822441595849337979691856613179792520e-102,-0.474845626126409007322467898189280757847760241,0.0,0.000341017990696209406587716685838646598383305210,2.21949747839154818633511363523185007548706269e-58
3,9,0.00195312500000000000000000000000000000000000000,i,-0.203554642162141873744305538492323633982430686,0.571096031928178785608383249667990050292529850,-0.203485645976315460362384273375152489652232291,0.571469895097769321783959616765487552361400979,0.000380176463283663814220002658419880369447860712,2.21949747839154818633511363523185007548706269e-58
3,9,0.00195312500000000000000000000000000000000000000,exp(i*pi/4),0.362353584351104075237353026154067609211081997,0.730546029635499279881682827682138464839891719,0.362693081776528151898812431481421848923691787,0.730595108679554086571125635933550584251274974,0.000343026608931304555384464749404672665078584485,2.21949747839154818633511363523185007548706269e-58
3,10,0.000976562500000000000000000000000000000000000000,-1,-0.474705621798083401328039663602123661205242207,1.36187954129009359351237054176121036286532357e-102,-0.474845626126409007322467898189280757847760241,0.0,0.000140004328325605994428234587157096642518033792,4.46999599990571201498060998788652629121620521e-58
3,10,0.000976562500000000000000000000000000000000000000,i,-0.203514695520039316602127708832613008580870380,0.571316852764244647495400400117855121903921178,-0.203485645976315460362384273375152489652232291,0.571469895097769321783959616765487552361400979,0.000155774939708676758313332225114185890430257486,4.46999599990571201498060998788652629121620521e-58
3,10,0.000976562500000000000000000000000000000000000000,exp(i*pi/4),0.362554527443579134287905929334913820249964672,0.730576150321910372598463233167804773742904897,0.362693081776528151898812431481421848923691787,0.730595108679554086571125635933550584251274974,0.000139845352098288183276045958228762231378561404,4.46999599990571201498060998788652629121620521e-58
3,11,0.000488281250000000000000000000000000000000000000,-1,-0.474788868780369083713777682769748635363375400,1.36211836799959423577711157149222152813272524e-102,-0.474845626126409007322467898189280757847760241,0.0,0.0000567573460399236086902154195321224843848404434,6.14765763451680943180660204440508015292380726e-58
3,11,0.000488281250000000000000000000000000000000000000,i,-0.203497860217945874231485580041556894135002187,0.571408118828439829206304460695408322122137906,-0.203485645976315460362384273375152489652232291,0.571469895097769321783959616765487552361400979,0.0000629721775935701669406292665118337053559408575,6.14765763451680943180660204440508015292380726e-58
3,11,0.000488281250000000000000000000000000000000000000,exp(i*pi/4),0.362637408302456967658567436262457819778231140,0.730588148322280970662712210516531647583767807,0.362693081776528151898812431481421848923691787,0.730595108679554086571125635933550584251274974,0.0000561068827197184554696634117094371705758659606,6.14765763451680943180660204440508015292380726e-58
3,12,0.000244140625000000000000000000000000000000000000,-1,-0.474821105504169537397921381854081994899138534,1.36221085170446534904669617596574487206851378e-102,-0.474845626126409007322467898189280757847760241,0.0,0.0000245206222394699245465163351987629486217064128,7.06742291649993210315097869509289384773813162e-58
3,12,0.000244140625000000000000000000000000000000000000,i,-0.203491034030344527372808983584078542450362785,0.571443273831530732209608437897144692510590956,-0.203485645976315460362384273375152489652232291,0.571469895097769321783959616765487552361400979,0.0000271610556195081333330456426282129904746469185,7.06742291649993210315097869509289384773813162e-58
3,12,0.000244140625000000000000000000000000000000000000,exp(i*pi/4),0.362669155352145337269708108957646462882848052,0.730592286021411540877043238849281903695664183,0.362693081776528151898812431481421848923691787,0.730595108679554086571125635933550584251274974,0.0000240923469744279150647375094080983223732560597,7.06742291649993210315097869509289384773813162e-58
3,13,0.000122070312500000000000000000000000000000000000,-1,-0.474833733889941583271232247457586420636946455,1.36224708118950461588238103635559881288876078e-102,-0.474845626126409007322467898189280757847760241,0.0,0.0000118922364674240512356507316943372108137859309,7.51221404210156194867444476392799717484424095e-58
3,13,0.000122070312500000000000000000000000000000000000,i,-0.203488213165948761073976627144293466333554386,0.571456956302339409130132582242830682745420858,-0.203485645976315460362384273375152489652232291,0.571469895097769321783959616765487552361400979,0.0000131910154950426473383403397648913736404805203,7.51221404210156194867444476392799717484424095e-58
3,13,0.000122070312500000000000000000000000000000000000,exp(i*pi/4),0.362681425862263414783013457161029266051434155,0.730593663247269079980373886342285631158478356,0.362693081776528151898812431481421848923691787,0.730595108679554086571125635933550584251274974,0.0000117451952660414102203157574349270727424684723,7.51221404210156194867444476392799717484424095e-58
3,14,0.0000610351562500000000000000000000000000000000000,-1,-0.474839274811687571250505067596894451525458636,1.36226297750001679423837322800540099839346308e-102,-0.474845626126409007322467898189280757847760241,0.0,0.00000635131472143607196283059238630632230160408915,7.72112418845522150531174516353192888277228975e-58
3,14,0.0000610351562500000000000000000000000000000000000,i,-0.203486951958085356391630354622625454450187216,0.571462945440726849816556372822470898624979848,-0.203485645976315460362384273375152489652232291,0.571469895097769321783959616765487552361400979,0.00000707130266579510638477505471903422764125104165,7.72112418845522150531174516353192888277228975e-58
3,14,0.0000610351562500000000000000000000000000000000000,exp(i*pi/4),0.362686783159845035847542672953675340268258887,0.730594228519660905134090912184284998927327423,0.362693081776528151898812431481421848923691787,0.730595108679554086571125635933550584251274974,0.00000635981552864491550479895056589134036170822529,7.72112418845522150531174516353192888277228975e-58
3,15,0.0000305175781250000000000000000000000000000000000,-1,-0.474842090198624024657285878282821520642330034,1.36227105454333295353487941146227846603438823e-102,-0.474845626126409007322467898189280757847760241,0.0,0.00000353592778498266518201990645923720543020640127,7.81988397535697263727547150546636662822182615e-58
3,15,0.0000305175781250000000000000000000000000000000000,i,-0.203486333044329194886175523953218132675556433,0.571466001833656965005455540172709797074659876,-0.203485645976315460362384273375152489652232291,0.571469895097769321783959616765487552361400979,0.00000395342483222614442677180088524772519046000189,7.81988397535697263727547150546636662822182615e-58
3,15,0.0000305175781250000000000000000000000000000000000,exp(i*pi/4),0.362689529996136301094745080348302231843993395,0.730594552179387433760784565993351481890208876,0.362693081776528151898812431481421848923691787,0.730595108679554086571125635933550584251274974,0.00000359511284766145511468808402640334879197791437,7.81988397535697263727547150546636662822182615e-58
3,16,0.0000152587890625000000000000000000000000000000000,-1,-0.474843667813868688067383256087295870169784056,1.36227558055235231466137928227971961415609936e-102,-0.474845626126409007322467898189280757847760241,0.0,0.00000195831254031925508464210198488767797618436257,7.86713786544671006232425801619132798205215205e-58
3,16,0.0000152587890625000000000000000000000000000000000,i,-0.203486008378315384079091678881839986381115189,0.571467727907710690210646065375399497277025748,-0.203485645976315460362384273375152489652232291,0.571469895097769321783959616765487552361400979,0.00000219728194817602589361040850066816792385016420,7.86713786544671006232425801619132798205215205e-58
3,16,0.0000152587890625000000000000000000000000000000000,exp(i*pi/4),0.362691094215204502320048566258843154673380070,0.730594770354848583346355951062580877281159439,0.362693081776528151898812431481421848923691787,0.730595108679554086571125635933550584251274974,0.00000201615069417479539571326827142983507281057709,7.86713786544671006232425801619132798205215205e-58
3,17,0.00000762939453125000000000000000000000000000000000,-1,-0.474844582856804925938450160715920796257325051,1.36227820571244538849257889140501724028309438e-102,-0.474845626126409007322467898189280757847760241,0.0,0.00000104326960408138401773747335996159043519000671,7.88992263236164777122914854411823219206571434e-58
3,17,0.00000762939453125000000000000000000000000000000000,i,-0.203485832631313373469830458302701231201483816,0.571468736668460705368054910560001540364897325,-0.203485645976315460362384273375152489652232291,0.571469895097769321783959616765487552361400979,0.00000117337059418900110313002701425857749609288819,7.88992263236164777122914854411823219206571434e-58
3,17,0.00000762939453125000000000000000000000000000000000,exp(i*pi/4),0.362692015682591947643669157062109587098910217,0.730594917785085618868360095788452282340923957,0.362693081776528151898812431481421848923691787,0.730595108679554086571125635933550584251274974,0.00000108304985060847924054160006674273421085198600,7.88992263236164777122914854411823219206571434e-58
3,18,0.00000381469726562500000000000000000000000000000000,-1,-0.474845108242036335522354229388304688857920181,1.36227971298635393026921509262094751336920849e-102,-0.474845626126409007322467898189280757847760241,0.0,0.000000517884372671800113668800976068989840059279686,7.90091334087057046608961032794340106366980475e-58
3,18,0.00000381469726562500000000000000000000000000000000,i,-0.203485737365189764538838672434324866632873413,0.571469319279835093104446647698940050983931905,-0.203485645976315460362384273375152489652232291,0.571469895097769321783959616765487552361400979,0.000000583025059260722041982139391468709019509487379,7.90091334087057046608961032794340106366980475e-58
3,18,0.00000381469726562500000000000000000000000000000000,exp(i*pi/4),0.362692551129982155484429162577141901385605530,0.730595011811545256072083275171484929279191712,0.362693081776528151898812431481421848923691787,0.730595108679554086571125635933550584251274974,0.000000539415579968460278974760545522819586679655230,7.90091334087057046608961032794340106366980475e-58
3,19,0.00000190734863281250000000000000000000000000000000,-1,-0.474845395626454799263542646339431491281113965,1.36228053746144339877575357548840281805563616e-102,-0.474845626126409007322467898189280757847760241,0.0,0.000000230499954208058925251849849266566646275172013,7.90615824252422254929999610185284718026926495e-58
3,19,0.00000190734863281250000000000000000000000000000000,i,-0.203485687253066746870967060007706520334755849,0.571469639176998714354981190823860249143838309,-0.203485645976315460362384273375152489652232291,0.571469895097769321783959616765487552361400979,0.000000259228106163410783946028256140470730239879317,7.90615824252422254929999610185284718026926495e-58
3,19,0.00000190734863281250000000000000000000000000000000,exp(i*pi/4),0.362692846275831106158371649543909406534319842,0.730595066565124621983713485591647482027367317,0.362693081776528151898812431481421848923691787,0.730595108679554086571125635933550584251274974,0.000000239236710139053134311334406995432050300278642,7.90615824252422254929999610185284718026926495e-58
3,20,0.000000953674316406250000000000000000000000000000000,-1,-0.474845538113025849057601361503060637843369894,1.36228094624014143094307500874945114709695231e-102,-0.474845626126409007322467898189280757847760241,0.0,0.0000000880133831582648665366862201200043903461011489,7.90859362671021168187088901711054961967447819e-58
3,20,0.000000953674316406250000000000000000000000000000000,i,-0.203485662737973343626877883170320611443702199,0.571469797983847547908795427913028136743516839,-0.203485645976315460362384273375152489652232291,0.571469895097769321783959616765487552361400979,0.0000000985498197730363556709443513863486283301328295,7.90859362671021168187088901711054961967447819e-58
3,20,0.000000953674316406250000000000000000000000000000000,exp(i*pi/4),0.362692992984199479533967093104480905132729772,0.730595094261953098233421260537414650368326246,0.362693081776528151898812431481421848923691787,0.730595108679554086571125635933550584251274974,0.0000000899552380315909150671260106991503709877952219,7.90859362671021168187088901711054961967447819e-58
3,21,0.000000476837158203125000000000000000000000000000000,-1,-0.474845598414313367226019477188390573998638587,1.36228111923807112865472203488411036036304896e-102,-0.474845626126409007322467898189280757847760241,0.0,0.0000000277120956400964484210008901838491216538242175,7.90967807536389087509409429625747040074046950e-58
3,21,0.000000476837158203125000000000000000000000000000000,i,-0.203485652095523519645032597751583046736057209,0.571469865029975212606801797405707226763157839,-0.203485645976315460362384273375152489652232291,0.571469895097769321783959616765487552361400979,0.0000000306841481854174714980820930127566864607487274,7.90967807536389087509409429625747040074046950e-58
3,21,0.000000476837158203125000000000000000000000000000000,exp(i*pi/4),0.362693054769972385986657216362760788097547618,0.730595105538831213959185319764846806850989711,0.362693081776528151898812431481421848923691787,0.730595108679554086571125635933550584251274974,0.0000000271885673491611336661870508993964043859201965,7.90967807536389087509409429625747040074046950e-58
3,22,0.000000238418579101562500000000000000000000000000000,-1,-0.474845619119171808662973405740039979011274433,1.36228117863809047274546488681006013515989440e-102,-0.474845626126409007322467898189280757847760241,0.0,0.00000000700723719865949449244924077883648580755591625,7.91014357538467626657330758263620600090781274e-58
3,22,0.000000238418579101562500000000000000000000000000000,i,-0.203485648088101011204422763280329310195110559,0.571469887836762780585915091853242090980528182,-0.203485645976315460362384273375152489652232291,0.571469895097769321783959616765487552361400979,0.00000000756186843340096745658578728163463009265369001,7.91014357538467626657330758263620600090781274e-58
3,22,0.000000238418579101562500000000000000000000000000000,exp(i*pi/4),0.362693075585433910503351823297239193554849474,0.730595108823653668531448899472493319580402454,0.362693081776528151898812431481421848923691787,0.730595108679554086571125635933550584251274974,0.00000000619277099490697894082339523086540752707688479,7.91014357538467626657330758263620600090781274e-58
3,23,0.000000119209289550781250000000000000000000000000000,-1,-0.474845624680082500826532240824938771289055721,1.36228119459174712872170189724133257349563524e-102,-0.474845626126409007322467898189280757847760241,0.0,0.00000000144632650649593565736434198655870451994024790,7.91034190991823931239268944762163158132598891e-58
3,23,0.000000119209289550781250000000000000000000000000000,i,-0.203485646741382963607687762852305535196755265,0.571469893798437024980434369468728070317710903,-0.203485645976315460362384273375152489652232291,0.571469895097769321783959616765487552361400979,0.00000000150784372600038585397042119292012223388555240,7.91034190991823931239268944762163158132598891e-58
3,23,0.000000119209289550781250000000000000000000000000000,exp(i*pi/4),0.362693080870557834249305372109695548640685435,0.730595109256444493964745909002391108903026108,0.362693081776528151898812431481421848923691787,0.730595108679554086571125635933550584251274974,0.00000000107405063130409540790916066935917397902131559,7.91034190991823931239268944762163158132598891e-58
3,24,0.0000000596046447753906250000000000000000000000000000,-1,-0.474845625774428585877318437132074367391526500,1.36228119773130873475774239209632313547628676e-102,-0.474845626126409007322467898189280757847760241,0.0,0.000000000351980421445149461057206390456233740376468556,7.91042841684932538510755174764173563650892245e-58
3,24,0.0000000596046447753906250000000000000000000000000000,i,-0.203485646300360553951170553902012161385236733,0.571469894865055762731120264802645156772578097,-0.203485645976315460362384273375152489652232291,0.571469895097769321783959616765487552361400979,0.000000000398949650013638447497358771863607795245897097,7.91042841684932538510755174764173563650892245e-58
3,24,0.0000000596046447753906250000000000000000000000000000,exp(i*pi/4),0.362693081711795158827816591189623057755158576,0.730595109049082990351585100397155724822149458,0.362693081776528151898812431481421848923691787,0.730595108679554086571125635933550584251274974,0.000000000375155929076321096276764048590503786326435667,7.91042841684932538510755174764173563650892245e-58
3,25,0.0000000298023223876953125000000000000000000000000000,-1,-0.474845625902555524729286173632983066497163917,1.36228119809889118734164985566025874620343375e-102,-0.474845626126409007322467898189280757847760241,0.0,0.000000000223853482593181724556297691350596324002038610,7.91046749576252188971735673917469519804396155e-58
3,25,0.0000000298023223876953125000000000000000000000000000,i,-0.203485646139739448872401244821089606434904947,0.571469894923928283178392082573877112979954668,-0.203485645976315460362384273375152489652232291,0.571469895097769321783959616765487552361400979,0.000000000238596116322090584265381429236014760701059478,7.91046749576252188971735673917469519804396155e-58
3,25,0.0000000298023223876953125000000000000000000000000000,exp(i*pi/4),0.362693081687159972338331105042076080940642941,0.730595108843656579590200345316077675919985807,0.362693081776528151898812431481421848923691787,0.730595108679554086571125635933550584251274974,0.000000000186859037065457168793079737739908508407417926,7.91046749576252188971735673917469519804396155e-58
3,26,0.0000000149011611938476562500000000000000000000000000,-1,-0.474845625919459015861973541091121283642298254,1.36228119814738549137682450465027661504665329e-102,-0.474845626126409007322467898189280757847760241,0.0,0.000000000206949991460494357098159474205461986178020480,7.91048568343061064680364757795009897737552045e-58
3,26,0.0000000149011611938476562500000000000000000000000000,i,-0.203485646068011906994828262815350424814144562,0.571469894901086988589545740603411380656708873,-0.203485645976315460362384273375152489652232291,0.571469895097769321783959616765487552361400979,0.000000000217007323645574430072877369650844213628173356,7.91048568343061064680364757795009897737552045e-58
3,26,0.0000000149011611938476562500000000000000000000000000,exp(i*pi/4),0.362693081626814988112557084317456766756304518,0.730595108732555928863665333090146158422634817,0.362693081776528151898812431481421848923691787,0.730595108679554086571125635933550584251274974,0.000000000158818219034509290828245889436840141571232919,7.91048568343061064680364757795009897737552045e-58
3,27,0.00000000745058059692382812500000000000000000000000000,-1,-0.474845625955439469544514906991952348499416603,1.36228119825060955595071346833931170401230775e-102,-0.474845626126409007322467898189280757847760241,0.0,0.000000000170969537777952991197328409348343637773177192,7.91049431427202868704037843432985883519235142e-58
3,27,0.00000000745058059692382812500000000000000000000000000,i,-0.203485646029754220923274370722423031374147462,0.571469894921766883775359981334928619354519590,-0.203485645976315460362384273375152489652232291,0.571469895097769321783959616765487552361400979,0.000000000183936291457817264852559642856897718475625475,7.91049431427202868704037843432985883519235142e-58
3,27,0.00000000745058059692382812500000000000000000000000000,exp(i*pi/4),0.362693081627633274169412897288930867550689823,0.730595108686250147590855446400284579884121170,0.362693081776528151898812431481421848923691787,0.730595108679554086571125635933550584251274974,0.000000000149045368419259450720864788914011056729595805,7.91049431427202868704037843432985883519235142e-58
3,28,0.00000000372529029846191406250000000000000000000000000,-1,-0.474845626001793281004408904385202336527212436,1.36228119838359367198212674828597410322389949e-102,-0.474845626126409007322467898189280757847760241,0.0,0.000000000124615726318058993804078421320547804100270510,7.91049845481767521613763767403505568680605133e-58
3,28,0.00000000372529029846191406250000000000000000000000000,i,-0.203485646007527493502366299799936530481393015,0.571469894964798510020373514155963600409819450,-0.203485645976315460362384273375152489652232291,0.571469895097769321783959616765487552361400979,0.000000000136584873956812598889183174251069257156388402,7.91049845481767521613763767403505568680605133e-58
3,28,0.00000000372529029846191406250000000000000000000000000,exp(i*pi/4),0.362693081659259773032650983836671827496503827,0.730595108671572751029923360965888295765070450,0.362693081776528151898812431481421848923691787,0.730595108679554086571125635933550584251274974,0.000000000117539671596099159190359280773306370255310535,7.91049845481767521613763767403505568680605133e-58
3,29,0.00000000186264514923095703125000000000000000000000000,-1,-0.474845626043121954344840095820266466684428118,1.36228119850216120543476522318276529225468415e-102,-0.474845626126409007322467898189280757847760241,0.0,0.0000000000832870529776278023690142911633321222715027338,7.91050045206943414246643963753527903072333899e-58
3,29,0.00000000186264514923095703125000000000000000000000000,i,-0.203485645994350317112488072875058482736400385,0.571469895007186709063731448091215356555729000,-0.203485645976315460362384273375152489652232291,0.571469895097769321783959616765487552361400979,0.0000000000923605207067370674664818963378228453508682974,7.91050045206943414246643963753527903072333899e-58
3,29,0.00000000186264514923095703125000000000000000000000000,exp(i*pi/4),0.362693081694959297160184320273101520990745613,0.730595108669523014535433904419169351380103366,0.362693081776528151898812431481421848923691787,0.730595108679554086571125635933550584251274974,0.0000000000821833345001080515964627711964290802464546061,7.91050045206943414246643963753527903072333899e-58
3,30,0.000000000931322574615478515625000000000000000000000000,-1,-0.474845626073914950151253753516375859049170897,1.36228119859050300944840006783330315450353294e-102,-0.474845626126409007322467898189280757847760241,0.0,0.0000000000524940571712141446729048987985893430983695755,7.91050141777381100448743577921463187330663348e-58
3,30,0.000000000931322574615478515625000000000000000000000000,i,-0.203485645986593775974775246459330370164798002,0.571469895040017667037716319483925998637201595,-0.203485645976315460362384273375152489652232291,0.571469895097769321783959616765487552361400979,0.0000000000586591629479760475535121548626143395406525100,7.91050141777381100448743577921463187330663348e-58
3,30,0.000000000931322574615478515625000000000000000000000000,exp(i*pi/4),0.362693081723887100751294378492344116993728158,0.730595108671422205653909075520494417138105815,0.362693081776528151898812431481421848923691787,0.730595108679554086571125635933550584251274974,0.0000000000532654461463283208954708666570212040439649244,7.91050141777381100448743577921463187330663348e-58
3,31,0.000000000465661287307739257812500000000000000000000000,-1,-0.474845626094651454837540264371679906152185000,1.36228119864999381847654242755280436871306592e-102,-0.474845626126409007322467898189280757847760241,0.0,0.0000000000317575524849276338176008516955752403073702132,7.91050188504800350199794620905035609744927443e-58
3,31,0.000000000465661287307739257812500000000000000000000000,i,-0.203485645982096023334553540302800099119096184,0.571469895062566050843826759389874213330535682,-0.203485645976315460362384273375152489652232291,0.571469895097769321783959616765487552361400979,0.0000000000356747136380884899322946299828562197659942167,7.91050188504800350199794620905035609744927443e-58
3,31,0.000000000465661287307739257812500000000000000000000000,exp(i*pi/4),0.362693081744187341296538545320030509178391405,0.730595108673907238827746532517680155905895511,0.362693081776528151898812431481421848923691787,0.730595108679554086571125635933550584251274974,0.0000000000328300916820080884149675575673519867877146311,7.91050188504800350199794620905035609744927443e-58
3,32,0.000000000232830643653869628906250000000000000000000000,-1,-0.474845626107761539650570523388765090316087768,1.36228119868760524642710327988795900042701584e-102,-0.474845626126409007322467898189280757847760241,0.0,0.0000000000186474676718973748005156675316724724823846793,7.91050211111143265323666119934097245514969304e-58
3,32,0.000000000232830643653869628906250000000000000000000000,i,-0.203485645979528185483281811644247656122803861,0.571469895076988651919697515141988685290030995,-0.203485645976315460362384273375152489652232291,0.571469895097769321783959616765487552361400979,0.0000000000210275496125891277137315995195745601250666597,7.91050211111143265323666119934097245514969304e-58
3,32,0.000000000232830643653869628906250000000000000000000000,exp(i*pi/4),0.362693081757333133279222917303636963896368517,0.730595108675936651997362779409683641340904346,0.362693081776528151898812431481421848923691787,0.730595108679554086571125635933550584251274974,0.0000000000195329099906246175753605614283189379415168882,7.91050211111143265323666119934097245514969304e-58
