n,k,u_n_k
1,1,1
2,1,1
2,2,0
3,1,2
3,2,0
3,3,0
4,1,8
4,2,1
4,3,0
4,4,0
5,1,68
5,2,20
5,3,0
5,4,0
5,5,0
6,1,1248
6,2,534
6,3,20
6,4,0
6,5,0
6,6,0
7,1,48640
7,2,25008
7,3,1940
7,4,10
7,5,0
7,6,0
7,7,0
8,1,3944336
8,2,2233216
8,3,239600
8,4,4445
8,5,2
8,6,0
8,7,0
8,8,0
9,1,655539168
9,2,391229064
9,3,49496192
9,4,1508760
9,5,7128
9,6,0
9,7,0
9,8,0
9,9,0
10,1,221111497856
10,2,135884887632
10,3,18783449960
10,4,729138080
10,5,7054344
10,6,8316
10,7,0
10,8,0
10,9,0
10,10,0
11,1,150446790440128
11,2,93985834008896
11,3,13640925183584
11,4,601341623740
11,5,8100829440
11,6,25998984
11,7,7128
11,8,0
11,9,0
11,10,0
11,11,0
12,1,205747828283247744
12,2,129715403725665312
12,3,19343386919743552
12,4,913778688879000
12,5,14592343780476
12,6,72389693376
12,7,78111000
12,8,4455
12,9,0
12,10,0
12,11,0
12,12,0
13,1,564339739641878282096
13,2,357608121908076176448
13,3,54135247563951591232
13,4,2656543445904678560
13,5,46474136340186240
13,6,286760335895880
13,7,540251845056
13,8,195348780
13,9,1980
13,10,0
13,11,0
13,12,0
13,13,0
14,1,3100723585109471529301312
14,2,1970382906577738678532744
14,3,300772145053454263379776
14,4,15072761342593202813488
14,5,277130772893702252512
14,6,1919028919530342144
14,7,4745663784254184
14,8,3450356815752
14,9,412434660
14,10,594
14,11,0
14,12,0
14,13,0
14,14,0
15,1,34103374238078288942128797600
15,2,21704744373019343951315206944
15,3,3328360140312813145574333200
15,4,168734332439053105558764000
15,5,3188066816342204810748960
15,6,23495253672242694855008
15,7,66951899632153533888
15,8,67846591152563850
15,9,19181846933040
15,10,742391892
15,11,108
15,12,0
15,13,0
15,14,0
15,15,0
16,1,750536757095143801584615978426944
16,2,478073110482861628641469912879728
16,3,73494939409092757928726355516832
16,4,3749549094982427406055192899060
16,5,71908168798710144870733240032
16,6,548216209476981741988865648
16,7,1685337449222103892977184
16,8,2025615864814418276136
16,9,853079401457528410
16,10,94014806521944
16,11,1147334652
16,12,9
16,13,0
16,14,0
16,15,0
16,16,0
17,1,33043914825543722613263156921676770064
17,2,21057731754952952013435157776229426976
17,3,3241647446630959280804459273164564192
17,4,165952793494049410982237254451738832
17,5,3208590158912909645094480913812080
17,6,24917298198541440852522671895488
17,7,79808102479843129494372309056
17,8,105009970977153900722461520
17,9,54125647310515574359280
17,10,9560506445872624528
17,11,410283143169120
17,12,1529779680
17,13,0
17,14,0
17,15,0
17,16,0
17,17,0
18,1,2910069586700731520183190573285382538996736
18,2,1854940589432061635460582928401009403911672
18,3,285761443579699216043450443165596888666016
18,4,14656608056249902378670279800180901248200
18,5,284628867351349177729599472114633075824
18,6,2232623704082872557770778986352055576
18,7,7311514815276004101699877351255488
18,8,10099672375893513964635424188024
18,9,5789410688660483465648394800
18,10,1294826859967137283551336
18,11,96500459823231551568
18,12,1606991263695480
18,13,1765130400
18,14,0
18,15,0
18,16,0
18,17,0
18,18,0
19,1,512600333026163417013497725092294908269477167616
19,2,326785387170508749528608257712485160646398590464
19,3,50362582656795757150963695834667269864551909424
19,4,2585680740206397630933076919216169101786317744
19,5,50333228613875209460681561671173281691814704
19,6,396956725839971161381263233743553730538672
19,7,1315678166929814742981675657831607668016
19,8,1865652292664072347743618000210272016
19,9,1131884770338421110964114491121936
19,10,286328431634565833640533740048
19,11,28027697464323366893904912
19,12,884690396187646189960
19,13,5686333263402960
19,14,1765130400
19,15,0
19,16,0
19,17,0
19,18,0
19,19,0
20,1,180593633688394303185328128244374901726487802660568064
20,2,115137465336467651659510614260964382448705988200618752
20,3,17748184334103150077803085415723815231287703139264000
20,4,911706874075341706431843589642686336240240795593500
20,5,17770144714953436730865762908238368474369192247600
20,6,140554647790294681418836087005456980545998364648
20,7,468879646578336604605713150069643902385873296
20,8,674328559641302916654258329037261769361070
20,9,421760727783316948696905201577475296080
20,10,113901059041497563302354779385042120
20,11,12839895478715367298162306146416
20,12,553660267656614865795809852
20,13,7418152632220665053320
20,14,18277556259396600
20,15,1529779680
20,16,0
20,17,0
20,18,0
20,19,0
20,20,0
21,1,127252294969916012154966080854979522686885519644096535566848
21,2,81132724207646550153902178341941316917180579021575209971200
21,3,12507839429880489762944187528310874699827773924338625887744
21,4,642700663177398972793005060944262840297235094894851034880
21,5,12535505082576722340448222748009387481990924410693424528
21,6,99305766718114007061946002059032454264989224678433632
21,7,332428728695493755118330957348425281466818438926624
21,8,481726497456720328902433553261468241110091312792
21,9,306260261386448661064654139860671713777155880
21,10,85649746439179121281637429504086298665824
21,11,10402635174901375066622369673706001184
21,12,526577457827788625472678243655408
21,13,10052012852260741034059829904
21,14,57226918641098593202640
21,15,53614213980513120
21,16,1147334760
21,17,0
21,18,0
21,19,0
21,20,0
21,21,0
22,1,179334536066946741411340618461435245547518593648395636439384407296
22,2,114341255095762003994330920723230465910576631949105690826165529344
22,3,17628493220834203335561019326506109901468289949916459735815362048
22,4,905958295165434551553859977241632214045700949781674097121165440
22,5,17676640118061372587580949827718571344153685855101631446461696
22,6,140150420262856145789540005991672784882813968790896971176072
22,7,470028875808822935421906426833398420433341814533137399264
22,8,683893362043448511944326262761815689323515686177653260
22,9,438609453803667375989468474579618395641958108086600
22,10,124976525789258125747257665367662109919119100972
22,11,15793566282697054395330435839551671814948704
22,12,869756547754019340029723487110400709768
22,13,19890998889138249879287747360888720
22,14,168737540805697609299454730280
22,15,408222117616491768717072
22,16,144088236787341330
22,17,742393080
22,18,0
22,19,0
22,20,0
22,21,0
22,22,0
23,1,505469501983140413809828472423711933152563715877634816664877058903069568
23,2,322283827847713749461885285161527917258975606982858532532860807978365056
23,3,49689486389300488152253610081892207542355705876989694588017745431770624
23,4,2553834778903535335771990872540050046178618691324969007478297848088832
23,5,49838895286755095626003318865254386836607765135222753424712054295296
23,6,395326190514004687650195668719098403797211274217219204073139396864
23,7,1327134573698981034390322051954752772946380719301695460417231152
23,8,1935166781326981432375768604662512097169417287203897990436056
23,9,1246913780952841956704761538721219964658427156783094429240
23,10,358856005525554259452215128999857923496277563918774216
23,11,46319111119199404448444297488250571750134484814760
23,12,2667371137632140745128495185709187075962716624
23,13,67048343020697462183340335539981407048592
23,14,696228158322178606140774130222606000
23,15,2632357889073710794329973233264
23,16,2704480750856614288513482
23,17,355982726407657140
23,18,412440600
23,19,0
23,20,0
23,21,0
23,22,0
23,23,0
24,1,2849426192863690298293381629298563218890499589820371091007987860514913457513728
24,2,1816784250611171955642826218425159265155324750483391076943270246706690924120384
24,3,280115156189030176620526824078504770451765529267516915869327032590769937246848
24,4,14397382195359409179634684221815869055779273678715765173612630198895211032448
24,5,280998263735669203292716166543858346124730128388750152693148863579285864704
24,6,2229424711443179608706132749983575099897134639167574156660094111195256448
24,7,7488243545796556747100245820436054577044192024225913640528798927917824
24,8,10931574437496485258783886605439352123514023249048818929710984587414
24,9,7061225943669008714262454818911797939640746879117522447416489944
24,10,2043016429011331342242278045644340244304329986649005704773708
24,11,266689274870154338913717984314454215448817690572415633944
24,12,15726941521416052593989703475146856647678605776825598
24,13,415563010283565038748129867496322469712914472848
24,14,4794312999851070495522020270513442921534648
24,15,22697711847692014751854311059670629072
24,16,38334057933365677692898033478463
24,17,16704168597008991243180090
24,18,810849556682207130
24,19,195366600
24,20,0
24,21,0
24,22,0
24,23,0
24,24,0
25,1,32125553525236579229035651770594729226627217616252482022979755855448527542475280219008
25,2,20483200590481333859148978256752475220166209207017054357621381371956943635885907126912
25,3,3158165516870106788779884809577100511887746398022765142219046148454889197420608307840
25,4,162327324543931087148839716023505506895476799567783564350872147837776548469326320960
25,5,3168364968302817814676009084231311126173990418816845891860315672618156523389680128
25,6,25140751206148443781577232699028310526619688294587466187884902750078451999474176
25,7,84466768248487657527462489880433630741138251907382738304402627747976630756864
25,8,123382370908343759000626923059935228426936282501651654579708544545470506880
25,9,79803694605603587254008002997925185472429052226185689730822729515403120
25,10,23154763028491939343449601807475426091502390857608309525972885671776
25,11,3040707721305850458691819527324920975961116683464519706044163488
25,12,181590922846213818809624503147571605395863997653779984027216
25,13,4927013097811577388711731665381234366594611395420500720
25,14,60083447521809713420028246730315740801027178772160
25,15,319632487963712298922620107385870661692938048
25,16,692290024891611529625204606214310566664
25,17,523149281695273185598963472154648
25,18,96513026010423636457743240
25,19,1707051704530062000
25,20,78146640
25,21,0
25,22,0
25,23,0
25,24,0
25,25,0
26,1,724392957759382097605328679899678464356514944164296993395513833655549557829908210117347385856
26,2,461872468911682910945670927683872083668033045066188393939440139254694601192063580940622245440
26,3,71213306124683873226104920049316017991161264687290271604354894110735238687696654775155393664
26,4,3660353677411424238173625068553133980007141773508311711129052354648791591502858653754140000
26,5,71446172699011252801573764042858220624605687754022344008312359840221300031129704921288640
26,6,566957353127539504205453354734987365503679102031223345677607751825532606431564162883840
26,7,1905116585687869356548159448735797035406321037089779623147867110442025950541198070272
26,8,2783738623885633301821717388997924206155339466296522254570004747918033333549757248
26,9,1801777094011223935441808906698739999461125391149948912644572610450297686705280
26,10,523560993042669952089369389500851774852578259546559443762496163470906356072
26,11,68973137503379594077654519095170511973618038827571241783092365069978336
26,12,4146732525090686118764250574698872076287755538255343023435577011784
26,13,114101187052018569280732809886363674588689941343414152482499312
26,14,1432828076297525748365833318776618963756022574151070976120
26,15,8103581595611370871255597779793669842622159446275264
26,16,19957407920865404636090235773702153935271597228
26,17,19832206992339933174331236760708275686072
26,18,6713761468757706436848677138672436
26,19,523202302886763565201816680
26,20,3328750826334313380
26,21,26048880
26,22,0
26,23,0
26,24,0
26,25,0
26,26,0
27,1,32668411992316602990264489207581774816801996143181783375901613906107545328733911703461862499767099136
27,2,20829374286523653755203498721071231531999593304059329354777324541969913309098016410133855697271962880
27,3,3211562261606484085435747636023166250761644507930372724478243674904922909301213698921978088612807296
27,4,165074865499354192324790436182376553122598989316230174610587738665826773213427212625440535618816960
27,5,3222132159896452127866490636392373949545836057593269559506322512500093239006615104774002814893632
27,6,25569938321490892219441758749023231815438682790222610446195503575512903293314969198494884943040
27,7,85927913364094175624394061273034243958078551268175261632171113698165872300705912963578638848
27,8,125578332554703929045184486974034498185381843828165016820156748006129084617290715208747904
27,9,81310556419799828626277555071607783328122473449175356295881582068499598761046071971200
27,10,23645892631529011290093753036363606419123794749943897112862862041285144177403751808
27,11,3120304215273072477827682103096701293494135817672347535678545479428909485112400
27,12,188261151819500340477901718113992904031184138459521278038139489177152977520
27,13,5218800192271068648138663730189605134204266208907304660945136080464240
27,14,66559461378756890913100892712065831495839311020463155722267082160
27,15,388790614333994677817632883140095238174140229678670287968048
27,16,1024110560617407812514822874555376427821814810174743880
27,17,1171627395577429401629325622987536387306939058440
27,18,535471307516750411693594066978775263067240
27,19,81271916328542819931275560347571560
27,20,2668331957762547076677745068
27,21,6023453877057559800
27,22,7104240
27,23,0
27,24,0
27,25,0
27,26,0
27,27,0
28,1,2946537231001819589745334836804051136289521173068730685473888366558727349457139010589525507355630567396379136
28,2,1878712445827879984325335345816366294335625677654809123372369496257940473915563858488660702164779560121338496
28,3,289668308094861794359208460304962263745485104949638570415828483097559130395495331882359018213855028975126784
28,4,14889050513454312053592700156804683026373341061968149053878141947136515461995398485507996947781291568540704
28,5,290624881645662355748960316341301647749485315172355034933554833724061472938072374091058183609207170658752
28,6,2306359153923752420911649895954894910722510724393780542708281532059677896025440677761052703531399593696
28,7,7750845117902627324813484445278364351946692048902671353832609301762352169858542277573382774837558336
28,8,11328388630902800588520828092662623795029403061205476951867589136747337299760841547138359198412096
28,9,7336421930763852860107196817325511086803335025400451672119769744534818782552570832105014157696
28,10,2134388350991003550325672470833253376167666820612356961217233401375510063059120411010801856
28,11,281902347445534692052377967502921010144702821841040554324652357908714702791437910832768
28,12,17040170233747681661834710239795350170312812920438100243749942085230068491420394060
28,13,474228460310134786545730740635908337995621051260580005693481480523778342735600
28,14,6097967748835479906817768227549902040268919966750814337870999662120571560
28,15,36232125980305394809615671379098783337769524278176750180045328236176
28,16,98876410496440024787034560499474949496910498930693380205874143
28,17,121749872867025300087632415290805350970948907805452449000
28,18,64895413794323608199710728130596734220586049192820
28,19,13668630497488940291441829986734375704547800
28,20,930563783508309929580136380916096026
28,21,12833406468073298360110817388
28,22,10130354248005958980
28,23,1544400
28,24,0
28,25,0
28,26,0
28,27,0
28,28,0
29,1,531527690625714357465108086168813145103623792456644841519690157862754671892352013717036213144681567653516122557541120
29,2,338902183952842615160761568070090204066805838183549257359435902024866303350776469422490288075161180394880834587708672
29,3,52253492594704564205598093359022219963872423675174776686175862162016117178568329844103999783754573953796752795732224
29,4,2685852031222063220922997687790413177769580198038061211156610354845087063573328103554563577536615319878506582026880
29,5,52426352791890785728839368916578945001844424854900124321286819370853098449887064580863505266165368832064501354368
29,6,416052252103571119416000497101774745379416968600757771206648101681264175740769133564936967677941724681853447040
29,7,1398231810746111694482556503575329737985595292568391527070170373088187854139906347478418264777633540281424256
29,8,2043706408251787552558989033275785980762393158151755690812015249185173485968558764099749734873426937807200
29,9,1323666889817079152037617782819038959594072318335410325799709744003192863532568556968878091100544357120
29,10,385178976488952091992061725893223229641634475876697794196052878842360519158070499219670792095133952
29,11,50896714115206713284546586565541345461453224382082827533366095014365246817545990823936654225152
29,12,3079584447160725065122734934826926035628293579257309213200244523425330612180601254577846400
29,13,85882268807741796999564407542735146265966656510980098118211990177014699967817312509040
29,14,1109117039226415862936757004587636519350819953826709937643692062839968257261595680
29,15,6649520850146231474932141279181252065612969451246167866137043257239029234272
29,16,18487847281347646295916885781235283682771013813336635248893212901308612
29,17,23660792750191709425757657477705782069657213791194909581030968540
29,18,13663107741380826631036428448135846733501991437960316123600
29,19,3401892900401529261259875983212561106676406106129520
29,20,330781096263578181278577271092615590756121528
29,21,10103265577909114280593061401636610952
29,22,58333666412312209873453429320
29,23,15856206649102226160
29,24,257400
29,25,0
29,26,0
29,27,0
29,28,0
29,29,0
30,1,191765236985748920933730509194792558075581404392970750632259707506361749474145710570990654655261517953572427351546031533000448
30,2,122269575124342557281586217306021973178124014490534743074857839483607907716407182384836784835144319299356492226586356924978816
30,3,18852090164563669522272748077684726398348265948016713119200204720358067955507062779241637019311443262145154605123864119916800
30,4,969006415005460479113908428113681820964331662815346117500306204082651033911219589400387401034153895783918840011842824098240
30,5,18914511945735139349660033266086914786365330166257679763445317465053607200430084856946388498385348129073447173969794725760
30,6,150105119500613503439673158124376054199513630137174915495392854463804018473832881701882490185915093561566311422737272256
30,7,504465653347269145077380884062555134671711115253502900196383261742478221767985189238482377113447350594976724529476992
30,8,737363302857339598850719378659304664129783172619563281458327819507457833430414297976899044024274204233225487082000
30,9,477600499077776020494902228107311387139810259169095747504563830313300388628614026640834759454802671094761351200
30,10,138994712738284209544636594002601242576622796697811183441580762670749943466432336698661184852020854691253888
30,11,18370939693447980694632345300379002460096963791055305125825709241688398615581681872960926271334616469760
30,12,1112136368903850384056983871350062382200853992474204139222556574629885862782906194850687611187416512
30,13,31048550535491296102206113480590429949673126818968249759788202265493420548930218512184758576000
30,14,401885614563436401093128690830039895231225126271328923746951498799453250071916428735795480
30,15,2420867796776808011200547564139124220317739301150520374488986436195731363750101201312
30,16,6797208547277555373176450129377719513952988949020451175886864021009131248217266
30,17,8877526171190757310020292297587980722168497078532671177615999941841308172
30,18,5346052655134952541380641923079793022641426190331663277934267020730
30,19,1451888458795175661510544048052297775528458294267952800295120
30,20,169244341154924525278156001112182999237503005309099972
30,21,7607967800498368247942927183778066654041496456
30,22,104247338656953355250432091095285678052
30,23,251088391224314998476201729000
30,24,23123634696615649950
30,25,30888
30,26,0
30,27,0
30,28,0
30,29,0
30,30,0
31,1,138370617641808683357988583333225866305776825180246061416997823169468005095351197884588458716467828778599735514524190827702828509942912
31,2,88225154250639784296830169683812760403338545472479061661292771914410304587488199617376711095280864382012292412272953575151611938349440
31,3,13602965884889919425523450809148382359220083879502061894759199639261434168754019800906026838634133152483503246491427982687936682034432
31,4,699199248877336547158863953091508540000412807336922723824406873144896275637667563896636890594806513296134278555044171629086763560320
31,5,13648028538517087646134598264810343174715398740389186235536862295075157995004577821045245725072784063554172938919712011809905441408
31,6,108310708985369005174228041511975014621378659693866940899329470697509073240579108363083252615961061076814371965296207727172690304
31,7,364007220315811181920905743431520529487823152196558151212922038928681931975082636571600350748513779098919204148671216691185280
31,8,532065920419077212056244541703323938655852731847500186127170198520729203730376178154401842872793999457366760520065905286624
31,9,344636077498667470660911617792953902346409589558829786878460877467312876391548048996865249906927344140865835924560117920
31,10,100304450883164572719778387526473012650035090422543469459942994308417047615752744834460995624417193558627249255159584
31,11,13258937963745700330111584904973248738711440584701687801485037494852341209860380552674709724129095976544780399360
31,12,802884241480097983111519684051813545048313896672711934550404411233522001893574669441162079733596319064005504
31,13,22427647641435458409873041348946018977721965463915162832046119317717903629031659640875946250836050880384
31,14,290645207090010841150899525861751438943729366480031706338819121479562447562074701985434709722768000
31,15,1755140599059722790678053583108895121744014566493648486824568397521168704998508122254452226512
31,16,4953509486762945906507045090400683206468827819311824864913919220851384548175027988677492
31,17,6538987347372479718246224119368135321976807307931715230697995841395490977398693988
31,18,4025486820196532339172968607044909729278961896068084184597582676232099781484
31,19,1144058241668176518701308148516613708356820685016166819037896454551420
31,20,146495718798679467326078182061758471452058659255623430650688456
31,21,8010902709946234945505628728891650183136693087652297192
31,22,166683684861874224668920548935209995001412154648
31,23,1024343446768507933018995277499720325624
31,24,1025277598979198864361237678750
31,25,31448143187398272348
31,26,2376
31,27,0
31,28,0
31,29,0
31,30,0
31,31,0
32,1,199686121227577255081915424260243808069438880068539859937085383180087392890244867528515160386876254695363417429851597966530516589761388636935936
32,2,127319944644632814222533165401032107920293968364292953546174499415774655792298379229328367470676204690398567005797565071829089852323458117603008
32,3,19630784875720071175597703375547263788036595108305017282368829423794555099833937726837147742342918462862475162120174258567367123064978210969472
32,4,1009032400994609936693341424132428057824625972592201603247902902556937649734977708081356977417407360811269749153935050826149063763234832710720
32,5,19695832001424070773938905095002748070457914947075427761445717265100132928202500421365183267813581294899535935097360966465354815563422763392
32,6,156306265266207618344206856418167390019114079086550160359375408664350900272335238900470404394764448998452940298038509532752848760121505984
32,7,525310749981439545218266481532912424705028583623583667664353160175054000986068793360160264143465666411267921499204690376365632166544512
32,8,767846859952351686115554833122928593690891415344373881732132429385573585812997810288471178498991550017369735083320366439003844298832
32,9,497366109669629810126900567033191922297446262504061442204065099419667384183986774840411645865861633215003484423523195428285468640
32,10,144760209623419276652508566436852299070997152552062354715426678326354489835074319531221985095862319612009529913990127923201936
32,11,19136684651811028357254318195270772008494411147717223241440559422940156534486179019845810050174713905276029508429851470432
32,12,1158970406389273516912589584004078650097977227627931249962576088451788855610977215915873645897046840734543436330643008
32,13,32384162908061000000754961316984200178488582561906426687230112068132728387174746409316880770533694385800890004864
32,14,419936525328389209703477446644188479064963874582484774348881402133451131659634272640813942016610357458825280
32,15,2539210931678311668024038858821376711941195819373173438723296221674911296827285044493494040896578400640
32,16,7185817626347455801683638968427131625350376838374837070083717217531316008350870248147838467628925
32,17,9539109492015994247817577642201237199064639728849809357575333416345641502441868256512453300
32,18,5940702981920446487320883295966816134475817015232761943607212879689340512081903749730
32,19,1729057209203658127851007347896412545268421804312772464487247161405424783859940
32,20,232530137642375110354098644620350388567745421996464117090527485579638835
32,21,14070573194448003537798874175991604447566821552034763443361911720
32,22,361583103113713814987044632815928445989598424820249751260
32,23,3485863410865032733031848479129754732733220210600
32,24,9603219944690294566549049914716927047925
32,25,3978077086051972757715092612238
32,26,39914950968620960166
32,27,88
32,28,0
32,29,0
32,30,0
32,31,0
32,32,0
33,1,576344141152255905213297372736109248587671359717775850475617450438830719058376307453934938265311813203895438588606802382528620075389613605455365714272384
33,2,367477243003235796849619542491895949998119311432398053385756389205569177103985898749927698372642615599338591243637186391956860553960161567121539753548672
33,3,56659363702145752902676266032741230537585398820634711745584373153892872639700289111138985613462068882163181956799554173954212526225134661577791736267136
33,4,2912320687156985735102582521759266338208542486146762867114251407880261771256233453741994238564423051108321292572799704073767961466712989121538583528896
33,5,56847130074125048878573800019736631197292774040384231459940817061979284396321782215294098549186608116513109576691387203274433092074622699250162016000
33,6,451139547656649085354362084933212469954978343134597010859903665942376025423283233059780016614723891177861703001165321025685102009095817565487189760
33,7,1516182497011114248719157996576408958640901946827134834966497602891296214714791519049532088767898986898673846301219664779469196899610202296744192
33,8,2216211995322643985768488595154001388825588182832090303933740376117871868354383957218271244291523020994915642359662155604453025627559322489408
33,9,1435542807375391030318468433552486636517840179563337879036111677023012243954681831491556542014973316443129726728762849034181575616145509248
33,10,417826730160754623565299809029759768600023418265926776467123090736882929261415315403947687187061845349393419642545429751815863205436032
33,11,55236839277419869549936337284636409382725400500418535424084651869981215633692632791394510517564375492649829263433309500814120642176
33,12,3345542388667766620087444549448346959707406972136028937027826801419988895277329277123069016160212494613917908461000955737685696
33,13,93496322921450074511274546471934419023066417671616533616005569924033502883677281725171738964558220477461538222641718473216
33,14,1212795208445833837952060735582642901617893331968376169832208160205523950016234873558962695332403897506722556234451456
33,15,7338359658347672563804259848814415566330054007975828019098981805417436559666144074924565883721889058724738895360
33,16,20796608462846246920532320019284271003112353658996474982415786844239102638561442742191885413031907203436480
33,17,27688535978196047770697386960183411440109269480726240305460350812788859593909479244934489437377695200
33,18,17348557795425306198529975981875847446156642413085564172779166556352419819577243120672348582720
33,19,5112770751833715967594534853344646074330267822257014085465866357396573025137104407568320
33,20,705456293798838872966146523502375027405902567782294213888086940318280343827694240
33,21,45000146882186186934071275683685178215882156842355551650780857272245897760
33,22,1289376532079626073761596365028278707611869519929233725680760096640
33,23,15595238232101404753864492309556338027597787062047235152000
33,24,69717270675724966866275716579051945215451233938400
33,25,86044851213618906364141239429288159903456
33,26,14688284627977225505862852672288
33,27,47306608555402622272
33,28,0
33,29,0
33,30,0
33,31,0
33,32,0
33,33,0
34,1,3326946997081322474699316380300725546888072908645679832492999983938421717287360383283462078045251968061153108170633073007385244582833226389687892247357809449336832
34,2,2121262684388404026711229849381548580853932420643913110104922895311179687923451941377184766572137865053290061515160997354248333848388326260926999760685131238637504
34,3,327066231218373633458975212580113940321995973125527741565775286108466363230051005042496940988222583841315840809466587756883005540458329648751722066499720809304448
34,4,16811375037148707064679334794026466995937357167680026568569573558623769023457028095057449861743316536334669427037067293832191186641122976684363030448831003682720
34,5,328150184794496627129480527758218994330142654590752103811495705674717308787992922972801791930366790247459459221657885743432163212566247751031847730437430283584
34,6,2604204976792965510924601519448893019359357799381470449135686371737450932063295298570166102803582376025576167221686693185008683573493965555072930707543065984
34,7,8752177059021996829161074512340941573451143205289710069640618077684653319311931394670714245109572757815591145709310447608940342497265402220366375731422976
34,8,12793126536766478772709999644135599330790043623407840116091004944831110191963418602930425132017803045948263618124617878647280712346600308832554500901088
34,9,8286731003110152748218795814065710498380761278427463717206686603214470795259717462784768259237629999892060418958354298984666980497762028276031514560
34,10,2411942697413197906155270203731854935542603016215166876002501842170475908297024869045339951100402844504765640939738962511096558828884304611882304
34,11,318865437009529719140904952838033619469540526069008031821198508965702254403193371643629496718290307554950526541068796260441659200977142526080
34,12,19313539507589695287170195175426158810842301875253953885793825283897239545903803272030642229794748404704606025592972481183523934427171360
34,13,539790389265237914320293120005474829796768533322977937337382449609315071570575950486255388518593741588153415887828620059251270483520
34,14,7003129791618301517866151248697340828398023501210481686443838535182918101834798560400813483895083480143268485415025526182682880
34,15,42389520529012559250647696967049080612404332405743842837002963473012764508287795985145660317239142852400059631312475662848
34,16,120219275144061461484227419256978957919935001017197190632153209020906577913786217027073617000820317675939347455125280
34,17,160305742622357778543957166257608192079568353011298694022377157397782471890303878583154108862482290230649680960
34,18,100760689154991839911312911777836276290387777226072781348625541570033387352736154813434721272865072426640
34,19,29889822685233125794454897278288160901580441105392820302142652238899994090334891354818553666543680
34,20,4179951507261548655915397900225231984854183820211643870421286876158777749282184425571609296
34,21,274086751039903360535758824750708440827894721129386633199669567627926274467055680480
34,22,8310711585294343053745249393259261286716547745140182438345924076376929124560
34,23,112960612149543792737778514339280215825060133723020594253097634270080
34,24,643953414362430032609695117739977888280930376494576997061200
34,25,1335782928174372300285588380183127690844456259804448
34,26,738000071904601052391323020416592225329360
34,27,51681001471836379357063212413088
34,28,52375173757767188944
34,29,0
34,30,0
34,31,0
34,32,0
34,33,0
34,34,0
35,1,38409608286029010817403978354912181047496547732071711057726221591384720883517418422116251736002511006850595096511466864849593737290244860645915325770868578269645517216945152
35,2,24489981112149478934143788205897635589693305649393568943670202906042874146766829361313595908233710668467154124278865932474748300492640923482361916386788228174693741201833984
35,3,3775980215362856489717554109751736075982367629500297625063775619195379906446968582139949040452626967202699894599612151863729936683850501694044504762302689991880930179745152
35,4,194087360872722408474226859067350125987022356170822350927908362913898682079261534144111465902011969732480110772685324726843679850337310510978065354517957829343218704141120
35,5,3788494891692551226988020897034597200181226663716846287149471969285404219794750967448855990087501078725263530274490761017086164726773691925811320586937746199810849403328
35,6,30065560047637853202110587997454845505960111648775918639914411981121945206858490524448722538498190296513916259120561148659287455669203242837227493727823453317259954752
35,7,101043972203695402132898590993956818346847322201162953153207969382330793875626862441500573429318962250127786939771879306880983882321623196452702937517320429421822720
35,8,147696911843174298280177800384663006762451424376155682433984016515040726009326677776028986291418930013930162135961372653313805435530309933592822472083511898303040
35,9,95670676032112955830171720312767443063630827996153772859354896160005006633009797643963689509521300032048423356020479180538195060015335299771310499022046995520
35,10,27846107416730442970295978451851493518219876435286296897933434219540691059938502025592899352176028756833517460583447980160333125922423192276509510635675456
35,11,3681366378505677361919548140722494649091709852166119190905723107353981274687332393391701538102491398315688092169279492304001964164719026403292881002624
35,12,222983207080778034505479601055027370433449147496711174755186324314138885825079417447494416597784251722689035717373800271440174430160742107401789760
35,13,6232378177782882325445205870590181298440478142713621746630876202433934338430810097999288423890376247177139877600778620271256329202920293810880
35,14,80864782163017813904071823183270663808156165897398255879789615624156250042468808906227989633403958578162360015691217331947819351265248320
35,15,489560605766593968113632418797439316171560924702978072480392802360322645964079427280457971196266274417245224894731841767580591923712
35,16,1388961245903821642985371712994322632397831524720081031681673372315526436051472102139518593935931979444900256377338677467629248
35,17,1853590082713136930322348480274442578411556788155136280448443755172328554866371273346783301919627155668758493890195295680
35,18,1167014598003413413949798517517354063421855368411638430860831622412095392632126095675278228814103945922662203308480
35,19,347370803695145935124389050097727410667974930239643036908866983065099672137470572979612692261473061911883680
35,20,48920741273270127809596089271449689902491776962623751181393564973292088553960025501008285393677712480
35,21,3254393061686958991291729136554098478896992390031989182803201399224265210791105228625015753440
35,22,101636384721746932689059909410341560719633888482676291049585805488669026113759000938080
35,23,1467744164363586007526755214832297290489887084715422764424999630447772223818400
35,24,9479278695624188130051027837150452829766877756916764715749373426031200
35,25,25500555892673090972686784481211355432976146927031574073705568
35,26,24557855560749170786748457099301042319283555814489184
35,27,6068000597830776841437307325705253331766048
35,28,173500504944516998962066456050640
35,29,54181214232172954080
35,30,0
35,31,0
35,32,0
35,33,0
35,34,0
35,35,0
36,1,886877976678307930949292798726047964299222363153746354380580451864299264930482930633491722956507055632699211440524769986603025790968636043884850656600006167768575270985944420380360704
36,2,565473742474871325776463538763337908268063408822236430846269892242188031646259067754580099138902873833071779264007757872299160992128330217695054427551546380502034133007021647897087488
36,3,87187395869410703763352445305599246483451441537479832708214297598748480275439127866747679055129205400359520614891852008941559056092686642525576569539449679275942392236627721867280384
36,4,4481477892321491355498321860351934628821589493408822979196960283395737378952810005014053838283929104229766590981365111680667258151299134638916284065885591227063755017600555362165728
36,5,87476364926250819965975523829892875537009257106912914603423165130242568799936991534330981726121015571329375316838001843902689563690674893665284892124638521567658571501360816189760
36,6,694213990147703937093486833956535671507334469140902426344880161994464869678781129460203885254164439660275779177226838714167593848079813272605453648428254711951023633350406246176
36,7,2333106526041335801128519070279608148396222722948623886183665575651204633068926522599629145618244980414168052381478546889781128701886828580696450974189025686073800082174397632
36,8,3410325101786308775995257572712737358355069698543659897634746473406613806379814889138485376475533307140751193743507991909067284273956427104979060602648662663512160122164960
36,9,2209040442300112255113722841379496615871589665617233899028781441774296372645994438574582834875810386971092980639979106374963518995310205883419650589137473579623813988160
36,10,642969403871213334565547387998973541764412211956627900257336944070556645621007608330891515500269445120679641574192451255686334832893215678855863904781808014496283936
36,11,85003532772300895747348054495090859955179545568945000901696216398926484764658167871570139621669710797719005136154174459001050190635468446475982274629769683277504
36,12,5148783193591792533290852129680150256668329741428338657569272118510040504883898450333264853203833182923125450029302429637526391554507100268808959341460090848
36,13,143911596319778996565505042392662766321243540151889903005500506163845804211755420860977430888377308151895288632154205348921171340511774528750689770337600
36,14,1867331774400535419578152480446283979412244238246241792016288557194758119180958360554293852200563023665121128426974997692676740705712452664334165280
36,15,11306040639018261972152500355587534032085793651149426743874420511687622630232807507511760731680651625658468015563081707455500110725796772880576
36,16,32083501165538302002410041723842065510404130650792264493947933957892689030459511843496735821097122100312154790297350124955350805599334816
36,17,42833844735296263886695743142924505421582558749666467560720943254878209481646728675460362929747901810652863539141803823417432938432
36,18,26991410907034638092223855191854441531057293614813771634974582407866276867518282887034779506009218746732078702751384085295200
36,19,8048553916812878344882078015209460980865307203289293196992468363107792833004647536301047020298171988544711001525408320
36,20,1137658353677197597155977162258487673415470166829701017752186722768482545758360588207537497741313328826421508264
36,21,76253511610363704841900722715710140424199135157693005930593561842909361751728574007982262772660388060000
36,22,2418458658310791529384162257720303885604841642714035871861369625671145195668549303243226418083600
36,23,36045570802110318454467673097009996700351658323979043608523163072060372283056500322554400
36,24,248354563225251544069043784012207337053663375172007178605702901594466323148377900
36,25,763271546684229025786040711573856451626820302392556862705040164590036960
36,26,970001927106456182381786659867284424259859799142468529716087088
36,27,433855449793310170588147851689979500051447022243768992
36,28,47893861883658124702864345997554140958735896
36,29,556398171032435904727141152258000
36,30,52375173757767188944
36,31,0
36,32,0
36,33,0
36,34,0
36,35,0
36,36,0
37,1,40956030595186731135244888345749721847610945526653793058652319534823917841186507249079541806625700509266723884032274960505997886023182322706444015751887713493235347644899313891900330620660102144
37,2,26113581047629067152262389113474478602918970188894594801172412628374442314223444839325653468311765789167871558338932435605418395215577601939785741300805937795736269374867936198835899763702784000
37,3,4026314513205416696972398145393105320932761520855668950390950074931274328687107259285597336977471876150422455626817522873244346462812895749565964128645763870482668803083635499607698437319928832
37,4,206954680305859187087399782385467401224065968786742302687295530938464774994282381762678542975032590446044429090534192338744775193149210595321723289635746601757682975116837204442550226232434688
37,5,4039659228703611912721621510590354495911983533970566729013061223070457538224686909655664552636357909533838751948397124262278759934054311175019945722609826402931955381526798550095434694016640
37,6,32058809185484660615019321325362484144686893474536497721687759947259894098673941454492620222136821871439654480043800522792307531612977021316010815555325407167285611283724171382914601048192
37,7,107742895401443231717933979836373269943356451948886796062542595691260268421873110765294914315344989627270555152052818408949189229130283699964265545367182228765523989358656226921067862144
37,8,157488905091550722921217781804216969683574712937612908467381732194439780517533742102379178818064543457086202593164763053973856668601286345198125767187313192066037596807818076509988512
37,9,102013602745647458402455074313146556088050893365615718038281333138693350584682486482549040942170383932700610793755919704066052651910942929455378369574543970474426194259149876078720
37,10,29692395605548004843818687640938456296722991766524518428829187569627333478936959749960637035502356258352681390437323567124970798714725931273572022719534653020573069209247969152
37,11,3925482139371932961848171474600986547133314450928071427473829342636856806587037640298686062670980534687871615079415194827810278778593872627116068726600177691793750223882880
37,12,237773240098327271213284894100206972953253872465299935113849816483182203578110756322057925684924346009895605229909166100891843377301658405642860523852821852894149876672
37,13,6645981305091368336278438274061918699274628676316176355860998632652081662156678454745865192701790749116199965036093925687839268086189171431882294072774992230660736
37,14,86237317146632193753011981212474996789890531690616930019859025119549234871532697086367297718184223154392840715626694874255833783214393960320941613984971100800
37,15,522163037871634123915975757464003871211599074508443416923018441625019349114345371307302060572098540117656197922188677334931328145962545592614709785027712
37,16,1481913562226169160175730247998649145670167105561890364725709146479672407044599951126150004811089966928474209826714026293398807959357679328858248784
37,17,1978895063929382965844588735368514269814559505898375924172841218514804048051585280253947250566130835909527049678451186082563677517028679207296
37,18,1247547562878028134255391355964124764928051443571944585450077955293028311354574769570186241329939516232557825512762532328184475516661888
37,19,372351830205069556297300959522723754894202558607211851284377236789502233524644655599121531226102689615810435263800910129401909120
37,20,52732590109778719020089884315296780430786187725311758858438149959572960541967956494370566334527054599011236175433465141440
37,21,3548413078002001580035851588895265713519406409365556404586492088623186273640863656944200894069669824223609667877600
37,22,113451400625412998403649514947146439017337057977967402648568369575700096284573324224093641525544777452061120
37,23,1718998649462059518984084770194371174075992299674197160351472967455498100818791576211763380069523520
37,24,12249487494844133731825291469414239426999259125917185436832074618625106464943362205882893520
37,25,40332782630960991278779434964215423167188078438962497971637536585864248014040953424
37,26,59065476067461545582032074801581508588833829712627059775580291705986943808
37,27,35494885554770238917426601673240608353622579536732574843897708480
37,28,7375542658747101543247668408099611157034505521684710560
37,29,363332745395521980879448838711947420918751520
37,30,1706287724502822118950396633683616
37,31,47306608555402622272
37,32,0
37,33,0
37,34,0
37,35,0
37,36,0
37,37,0
38,1,3782699507296597596643321279321064760050803859684431064251771543398478470289391729808534403816220486654018996178865052241034115181179820346277860882142569632728182224916390294150938988270665598125662208000
38,2,2411850679466504361711178364784463482980076863602460173001422049736386489556763108994015653174084791304886354000218800005653011422218083075257660727592204554515790685244445697775842853187057881552155448832
38,3,371870460579508667180181282267711572967215304215862505233247164631966863934172166425848827308189022050882134052255477317736543767146657350697673079516678301972215235832339753151147578732877269327071666176
38,4,19114337040702540143605494212664690288370097035355283707053857904583833679923318001995155863208005065502405148667635473376576406033027443422349054814780821067385131955072877729846449071023029729371641088
38,5,373102984516201134298361410329378908012158786021649970369744113593501694743443813254826807688224631658004159382384456999903863935551964609765130672948877778390561320380742901630111755503415490950078464
38,6,2960952153872203879269522595000303245116034111008469284237683586066607906886621741063298409748873313482816983349153211498911087222899084264707827981732967243502740127560645781804094396724546567401792
38,7,9951136202894569639033804789363543001776871671707430976149675517036123575260995166308763416213054384892397954976694527857209067025559811248175989438695876787892328280953309924659498246559808962176
38,8,14545680630814275693744001702231263611191706739196528686563049011189702488867883515919465911806666465116000749721881133340808707521490240246422150237664843559145677738667795702047012385891691696
38,9,9421982474507666875097748503056202023833462081713502224900368898668523951037251778991654093955458318724907636963668850457752117095952839823614278438731009852100982899741026076880736551881696
38,10,2742393114615886654959874084171403795138685598862544997432386747584967736998494593188260598036267110137301677237217940490962863459471839252207266760363050729787492608805534595411985832896
38,11,362558462377746185907347798955527302624721314379889298044375643381424962415530697659697380118215634981791546210228755981873636786213791808909239079299465158736273349702266588698523520
38,12,21960854219353569464640978654985259339367642189381513398755545194605523056426009727546981443991180879298572605559856663801697402710248727627344660018395031719693773668841545085856
38,13,613829753719311635043958064353499114735696429690349718789299220831982866740100078809112251609175317919318467592528973040165569175933570501151963927052636370097288127603335744
38,14,7965067569343860685721386065057709538523202680824044742928514269104356029176444087507642260450188136037395134983396882725887119424994625423840861384849373076543567324224
38,15,48229380650983646353275085709909888998512156770273195382893448926670296140971503012260443832942343772916240895985213040398318542082944494952724347240344263761982592
38,16,136883807713425146618549230778772402434958352165920412798639217477316224394704387386221542337647397157514692185208425375975478871970824125343912178002819274392
38,17,182810496207047389409185875181143081506283940388679927674782531405242957928070075882594308820004023531053379626301385422268855123501229281992423950012272
38,18,115275579155002344472917142139722116167586832529520816408685735442121600696742323941829534327782427682448370812246225384762080423306105955635578432
38,19,34422626945991985870936829070569017670165819055808965750758153935718511345100108751563369466218096469432546375071663354360859197491630111872
38,20,4879807969746500941217885218083757617840016546495161253750368723975709740419582034055618594725207169805379079951611960859154758202400
38,21,329039039455262013595692776529728521664914148064451928861951607240987593558901525251599202096396016693818899654838930379901760
38,22,10564435908305506011790457242079713807620819554323421504888476435527757187480801723357847697496394146797164275300935280
38,23,161451236593222592210011949619726739344381045130567587716236660457223028734280592862050289535182841655529374400
38,24,1170853055462648912669662080074499002929595151585510350130702006513026902310135536714023283168875670600
38,25,3995782986021235652296869427870931729219827804964750081872313125961905155010667960787476740976
38,26,6296567994007274846095071680023803252497767248129117289296909901546018073259567363096
38,27,4399284198260287607821744161412604116397335633952388355539650392279839677248
38,28,1251194719581928764466494850064383962603486711189245582878133388080
38,29,120806302262146742584620820013678421480592933741066474080
38,30,2652329041605715289156384681978553901219682768
38,31,5008780094511311907608387498961184
38,32,39914950968620962542
38,33,0
38,34,0
38,35,0
38,36,0
38,37,0
38,38,0
39,1,698740349451207637452142018360832708382502412585381337619833711009136593434919465223719716769225353871927352454019079960136734516719546644556020650889140212181605363428221037581959177225165559684669359344109291051904
39,2,445517119147643660424910331086528834435070934232513761888004668272026704308531127632820889687278345745060898728689649391289453877305221424350201366731597153999432465185389431039284391095286742934013346071044680417280
39,3,68691921044122581483271223586363525537572007860388006954418667233633082714134443596814630864360895395003781377149560285434065751874034624111391601600679490355220841542142852298170535057618719781181529595124646489088
39,4,3530800838191702146155412070311824092358285431881580636043879821198874863452987837690149850646583047604333759208032037479151635742028480111861381233680301506646977249065823326581452284739893149470702026465545359360
39,5,68919593453533669841330566214124884345902265875630774937478987665833140169054575845477656210589307772638374774889145369383424100798168481726589925227982037931889921958906761095975211214588849933872804589498772992
39,6,546947169683680464991828016270550953218368881540742059965931747013680653846856380788721403499454125951934330079462484830989579680304079405057999803714946418570771116418395413527159778171034974825632877677780992
39,7,1838174229560905440286196283989308432909720994632948733296830638062275090506662920054699538858900959280306759439310585790627117258554570208758071884003921607672751249631912084288332016819962933123408755512192
39,8,2686878816517865702327571516383511637374728695154498973247149413312675841698559042303354694208175065285163295805381259032190751542561154221294535662202973146190038750191060218838516831723887558469764298528
39,9,1740429303229007004722444882589121880677117365765404726462677753196342379327943360424563573206416945423476104525988331772144492997318088961948530208588183614069686218700089645105506278798408044446939360
39,10,506575219808590908854962614517858555912997400214458794100643342548937333720904282629653514579288021086675335745398042584812488571824951460265333055605392458776501145232871328623997381769479225512672
39,11,66971892620070683546861966119476037269774011022159332602178236941372783780886389692537417194701642323898499782161341003147566447842779906256173130239384329510044031532065270897526777739959757952
39,12,4056620511052874087657249955696948545857892412530795707076528683193606170607842067023231716780576686889808084443758082239268318532233307127299876783862839311314189247062397097436096773238848
39,13,113387301076317642496070572746559940133308764896602497974124899844372937023932363643889212925191840272266926530471677474419334809698628507674015585865074897230115859667928716165779598144
39,14,1471325449352043562947495965968080876511583103743030848132594598598757641797042225269337804871218368092812074562948349974809791178959915789629481987514882114285921685506408551026880
39,15,8909161674822059279862874160092917161326908348440302961163087546957694114422818089586891476587774136226190508392129593805906979719182859778733462259579589025976282740454334848
39,16,25286545113524843588495439640114624723056506457541991768937290311541204698142231598755372597571580335068094260678669680626103805078585180310009972752874250400389345442640
39,17,33772565773247786305692290292469281220784264206631201761761822772966708425889979069994747411175798372536725091018556232080313043767101279553916147145184441371874160
39,18,21298701483307470300302708109123947914215357301885934434221666380169463118150303782162298023638053413181013497897288090400792773926194811569583083265803555120
39,19,6361640427173967769645425836111127498643123337582595174129883892451109020162180174857406478860927876253926434943211660183640188970122352238303536380800
39,20,902304388034648192874269927173592528921065326398173245255562580135157085163978985427663960244340757494768527066550144072232661518895848765177920
39,21,60906088257259089421035218011307330354027713425763419624273618366109341261589340068154500291873034580201675286438373938257008200501654080
39,22,1959787123986423558044613258286499963157481231107882652937426191175491731796828908719234345213515233086964808878729919910009661120
39,23,30084762817486265353635719302793860525970153513783126832932953968809352357228097730711653460855434432517249228666060768160
39,24,220179143087264179994624144045287785117032996748364159240729055533767533808390383766642209744396269241789944645200
39,25,765550594517152921825547917090119285723570512919371611076415590779010661048815498673691244200864497349584
39,26,1253139043791402452347848725880745912122817770911034737214237411325169106271792886209795222426992
39,27,946350857886827438398411376432382165215666377741121069017317752103290538709671646886992
39,28,315805759799194039881679105922013107223516067958523539438870154265276820238816
39,29,42540620527638404760264900625380235482957524753193038151705128976480
39,30,1908739576420914767498009489947664403157974375253639712544
39,31,18651862293223250724229484302610270321471088864
39,32,14087194015815619297010581582431018
39,33,31448143187398334124
39,34,0
39,35,0
39,36,0
39,37,0
39,38,0
39,39,0
40,1,258142670362892913466560777697438528870695038974524292843569130495966491284654046512481563012043110727285178574819328242847233079017799999208909596253713160678715876635394982923362183021441350656438353571956002594210483658416128
40,2,164591867260770083815191466787330528648531440674165480374386010775847447973537869499020746403163777717999806358617323697595393224962215969995976057272809641181490835781449797889973699201046995227776987956902021675571127561178432
40,3,25377546832100779421006295191377551711355487846855941564290128832762045745893567076529676747362844176784123923659032864349232756408228927779222806958267757593187803750439648221480812363485204035068673275264629297289149240672256
40,4,1304419244258327041143118898480070130773708322398471922565092272166903570979579392433050710965621562261320511691456874834784280234339226399088593537177127171282148479165490069039204128791938981185565927679143022237903586062080
40,5,25461658244515812495049741960830783964196017440299952996796783530243567096740809938639740915198444351385384648464048139929232214750369058544143963729330835427629631644175569824382879412048718114866881018928583720427472556032
40,6,202064192625801262349373503529327007086350074085194213248991840373359085934044690327911493396773602615634072178177608457239514788560185629482064814107898741137133494069932950040004747774754199503306909694038919369739313408
40,7,679095199537225700342920003017528918000018161508983086315032071047188566132721995564621432073155889104604344641407131013738423732998179940711782331094691110205332618777963186829199593669369783251047373459502804598349824
40,8,992640707953820802784560575920262224977584512136755996119082340427351507104624807685598098605552713031910431513285246784929649045181244060198824570464099064605668122144402421677679751751697378695399496714722294598384
40,9,642984378318539396182604738359328672974722931109555399269544340761734827590500763260544703665760995462718411208954242475071076122874413140992000801332698049535742397161968594892419994748246377644001322637347541280
40,10,187149231060744096371956558001701690423482188414446986933014187627036281398299938147015234272137976597960403839704812224373411167875416502201381643971661322499196651725411407427552996632654875143979284766008368
40,11,24742115488355291032145020278125754687552668995449925757303114557835942031114889285279673696316236612864720980223751100405682129284526954320499417311111482306359614344395864601524711473611937978631225043872
40,12,1498680180079244936628592668386786925820323625778996419128500046436125343997133894484829041890332395389131166391306249530237163072005255525467841856071759338839196866266971085467495057990670787419878240
40,13,41889935034213972490163400788653398633937243409757655706686647151912219052865010808399818496890617280418000387291635361896478402782758498258715536710783444022777801740997465396287468736339227717440
40,14,543569980978845776185429128488050592315502881891001405786040530682919457013519833275743455967306081506977184077587298668290827787317174484952111955006080220194892307225152286242684094399169120
40,15,3291444963190759487705802537101827697809126296036267351699098308722516791509455739880703906193503544330999212233028081502360078307527070908669890771100447517522618098441767925796201242944
40,16,9342123516375312671642543115249449190914376780846768254625604584529524065576163726227863727557305974684785244335183836988386736941354711952153821838583888342089670304303343331549016
40,17,12477666856128300180129231134522940993358443978202080458413293190300236292555874426008293709344811040832253521536218175213015492196268036364401969323431268581985580098894862800
40,18,7869549699062847033591836923608282444509403008260914027757802134679208279332221814280520738539317300560615619640330203380461624205345349141328368161143391430901360825400
40,19,2350837395076802131953720553619731743405972346178073048319492311240712112605833546830397434232213239215895006416745643660086294195382795938698401422893367302630800
40,20,333521241496916170832247442544302569012877549726085523733730852767042232371637442612698148959066899004105096698272850942871655205482781425653434044685346400
40,21,22525357543443486691068322904348005035504291024657992206283995339419275102326658080193933469116466691466966131881964903821399390227995677319382134080
40,22,725627086994553935892785343140313079487041248989078723052306632400257743655617208388823665824301962764631400181835075355396226209492917259360
40,23,11165079633257408588276103872732376250098027260646809349048805107855504814664787648415109391937107285607851388903562800093098266568000
40,24,82102578475534397546030465428190634987819928587190697337701270989851184405900988829109056207394650910363882907255923960527900
40,25,288249739506903847905091676738916452129704952493509125005004593725079794696055698611195991123047525159484498252780112
40,26,481266335934286810885454497484246914593865471338077989967909991792211592409694684434143623235395689706005576
40,27,378401582544079204218191296393487883950913042901643165315969588829234332500911080427881758509699792
40,28,137119480305586586614048061491836327691834800109262307586333716067254603087976645715207020
40,29,21877716299995417025384754139313104461331538888575901094033995337796702619126880
40,30,1396750374968068952830216521072106572008610867617418495701405984008272
40,31,29123671606293995618918470137626018165753355590908755757536
40,32,126482941177723329807705622906332455952667826607
40,33,37992735375989591997344046852061530
40,34,23123634696616422150
40,35,0
40,36,0
40,37,0
40,38,0
40,39,0
40,40,0
41,1,190736482636609191224738708074798039460140394792779588264714937197137731108117405807715727778917365290632365806433443492884624010223481657615273562029386714725232453682480687413244161186604948644209078870988970956398973295856263466919648640
41,2,121613655697557084585153797082796576650264716447167537743353362388662006381380758546611356494376957455000635565955026777791561867426234015999965137899238750623080406211987710041466442427916466001087336634899423821972913138065226587193823232
41,3,18750964400571824896970616215554815972990932919487017436994276838393365096096153461693143181061179356364770686256381323826286077179842095595226646616014882359918679401490503840919111968767930010838088061944912152898729021302957265409864320
41,4,963809425301718545539074173830208010389450874400498499380390296654077215955450368548519437629903250163294439877513486859665259196734059090121313875404378841759955175609281161613699082469731743199420618872541174513607993951361000290729984
41,5,18813112689815302605058991107803929891872184963811282963543834083251509698844566175254521371062786017999973970111445362865660738609115057020474283601306599769908031036673890391184707536104906727206803612481773742571136368867169548850176
41,6,149301212171239280365493216398594281150012443279951465165088235058401772686859091409378401622074398889488149460086470635780628578484202736646256842459217114627434935015764245730122065121359592305839748466167849393309885650908405784576
41,7,501769937358782445168310076319661670396152551356123153493628519429669870306121172674702927712460784855737277611822088597128801372164726075486398207507858736423925123671943066192612842286452114588935169510503908046406347508542954496
41,8,733442490810378570072983149637584899533875406576741794768968570601911530434142849555905666054897724395008721990441629050145646926961219049632905263943797537290460563193163472470282954828140199657017576994763870453781637873537024
41,9,475088396502171705993065525769495782632727002828607541260790651209801874748217155289239230084691357511665189553877110840646968352527568593628850811364188564703191275983873348978650797082857395835513203106800159140332162562176
41,10,138280864287755322888463903482443986190690460250484745129008032576235866950386671296973989091608497498934814596286898301336440352471082902924916036420715933790179480766016737946423081504602838156528290879826661016091827072
41,11,18281462939082210882907784373469378718597915761045780940720094273223775855002241725648461417106300672834142005322905091473873970245043561191464917022901068192705757518993796916632705320989441782042793739778978208485248
41,12,1107345761890562560358248136447118821188042512186242039043683048956565518165166807565840738093739791358331532200048586439628776448969468141350595273875514798733748199471976236723301431023399825958936197393564440896
41,13,30951687057299313388571623867037470807225917865207707301786766991718908654690913003236006925114680777918230193250819818979082026561952718975371982227714976412230493198955853807290769163864795676371612218220800
41,14,401634352818139242489805484823700380516731562932587934429227017243578523795348013407182068349921227376544354130258840191496327532871063378637061621040526137644388401240078802314584078701537254086673045760
41,15,2431999922832929726108620130445771459700125538722201292946430552923085215064697663050242098669319175670117165828049756407273384897316607270120041080267377692794367839106322605925491873943846310308608
41,16,6902808894546851431883454777167671022790731965992544643750226087877309898076380598111831694795022253421740111914019570581610915956597920176746346102165791565144068631531443456516424033699189984
41,17,9219778226315870766996145611811737985949485213119581068340306472002038219754347865257132199275885858094420739206402575986741773901351717261964111424241759714993414539152719180336386764608
41,18,5815019501996086756765778490860047542034842058105044100756900129406964910140555916599574653524093888349704107567107126313458192364358632402648536284406760002024068517981254524767680
41,19,1737213824750533197809932491881775639338279671172400652954435037652302609871851893676479937272147068006481190346118146407988373462083092885504253293123077884818427090300907200
41,20,246498815285708460146189372167803537390856994892753303822397389807600108374450811938295591231671435174368356230112827296862941923310786179793742516182544542983393043680
41,21,16652822689501057386525971428475910388316758286480602859370358843370596153758257993910396653318278226597546199645885475122507841168965362050434405523292762190080
41,22,536767173920402150302503892548495969866566578207996714058558664780351172785971278693622863341982595238787518141555418217746873763781288648574074275964160
41,23,8269121550804189424204155628937777477288193516910542316465348300034248246886528776276845813267618603170098088455619902062800906599593673452430080
41,24,60957618485049066128841202263960675501216682585589735740360185151128900838803288988012100202553970296307599565186923809727264644081108800
41,25,215095628638711602735097528701346312174658898528741945971734553244124647031313070145671009434843227848220568769797495184543784608
41,26,362839910753604194958536858425496020913586392456307585399728195752770250248012657376096940865324629473493911842945583296
41,27,291326558452087388253404781473130646887500922518747131843394181636854083035343919746475852245530746211974533184
41,28,110168918450903308866602445373184017761539985449164995292863405817288522285493034295797877813984421152
41,29,19177814255821397324761214912942844141090038670162446382473987291465026281627325292214068640
41,30,1464348479109965630430847609295734758067699277427240429677621233316829845278674816
41,31,44335560304220347268906182359272127590875985238856385757923332725735552
41,32,429574156225216068320624847617870497703925154365844005277608
41,33,827888342259052137960381679230168845060466040104
41,34,98334138620209835670452234126941560
41,35,15856206649108403760
41,36,0
41,37,0
41,38,0
41,39,0
41,40,0
41,41,0
42,1,281862783540160044207494037912583500658354480091889960461784443242315368225868554036431450087637303618150989947355937116263978476099189827081947637105353390764384645502267067022413573534631835285071677025537511683669574267675786403662643864533097824256
42,2,179715820691152385858430194811232389626038104302195934967967106784292020307913435079206651554463720501255295801393943533699096407148318898691281057502192924374608094711248639917135024210146088663550154917775529931454535890967001505266030291873359226176
42,3,27709428987123815179838805739424780263406213343829427328753951786348453998761407583427181221345642173357589284996110023520058232197736240742499147502654282619190317299568525292855963617478633960759546421457746775092665540776820261302957872996788383744
42,4,1424279213889107662635526973151617994965152561010504858322442314455760664254640053414644632306887768999211068570265339345198135363317830112329015723415325336514039963703816287262534502989946378041637998451156457503225758361678358745700820197007891808
42,5,27801269286312294985565607246175749064729155291697938416515424311546829798151073646531833513880900260653288002059246283931915824131495266471347353718219088730364723138776359816768621458475894572036196685899193150889660332233926582277654772960247808
42,6,220631390471130248383088392273751081832337527041561994417757490131098406065449038505077550063143060666690470358050242056138353918144494635909078303226698073992247818261771168549512545814511050202800707138940860436336115714244483285121539870716416
42,7,741495650429400769107256591555507854927584515040109559423800818161932594443979888336744266866074435165074732308541908241101721998696561624801678144574590527418758515901208047458886413292447547334102808474909697369151677343386346726894975803392
42,8,1083852142643667182818589014243858743147650390352340765055705196054942144355462150258377820224530761861336344167310508951357363817747362077632111105178816942482746582798013437237989201467871878755285976284133954575022907313502047459823641728
42,9,702066751263243069264694747615584286312590720326783583107189537174133956681569357387870345812145463017996590141885740868351748962319588954657315318761276176910214967414685185071054424339496095336340859723558946851246379671974341746618368
42,10,204345974491339783987820308064820755351194151553626340733443891591914150356922291622787344673783292481277698020413571114040236660392354438556173190823319610424898294761059873765937752007789418095126123728546903954562644616626372081344
42,11,27015623067655843986795898967164968639806124748607093643071892475400896090096353402519916215613084444896593097989614891839759191553952818828804959154666711000892592726518687745571229038282559037183719308769770968827369394307668352
42,12,1636392106741046649910792761943635956393756646015637493731103196725745069695605341354945650335467681748756452930422754989793569734120359508018957886912327553532897008172273365893099593904490033983357398506395407838540779244640
42,13,45739207652529669913576301514709057148111560141279915381795938737969866049784855342288877679392342335837570577673658146869338931583028868466342813139724598883782363367380728796258045013645910151744087793041682352963508160
42,14,593520261972701904149010325399230652110216057300487430635408788192214450030238942424474315932788022221805612791449845610671174799431700517065611553146029813594624663172197768921893442223728635091575919607072721836160
42,15,3593925467604540455862011417384540296171679639068495757586003523639294264226344731156899057891257611415500257041400582493945975474739732496494530106515172019966204548216187414607995682232431363408324766896165120
42,16,10200772393484508569416177015238061808020497780696464251519317129198633141959602692789402688355302373422303648850976240120744675296162014379361121323738915317788738876876738968214122702917547660804129353680
42,17,13624834014761725318800325773292520726794684055191841707039367584543515848247259669248857729196922552259596016537467106845940493639697872594751033791096457000269030196272939688115559610913713328916000
42,18,8593483933548944857026648702306658745393523454056712882026877269125953272213410346595044900125204347987048678286740512270354682304673228077238604935681376059919161940187724906858588122539475040
42,19,2567358902134421751830216669165120599681265881151256501973321187809993571926195885136970085568959221068390354373973653130484039863663054028543759274785064603266073851713432267530037775040
42,20,364317100357649103545178938641025925217239376281799225529822658962260065768624727129577894907113009938605656175145349644070435393571449881309331704910152860695194874773367855825040
42,21,24615987796164126500799840897559909056469336655637935578685920897985253431640354938648320644739575074788349084861726521261682879050740388407138008334252980611354007693746080
42,22,793685164999521700154754115406485264326318706121347869534347182436155482448279222315484139920871450108156010052692640066194484392174741322816111538443151707594455680
42,23,12234723064494133348129646335632937757228272472361539040232977587933301937630744171503134307759405873257980231397486226582894534021426770601195657642199246080
42,24,90306739899438415472532372955805296675465387828092912994875279638314451890571451475626074745644824880434240728155939979064294292242363525543940717280
42,25,319493522405085840387728360716680056646363081487947737673115737652176961709709503661333690612634238272631918362454901435952667804352021636288
42,26,541834173339246583900691749640796571755432988901238589911714400238837120387099325851775597127441425446523416928355130066316295256304
42,27,439802292152101919958794764467701586860738251893731028475764607141560819715249580810806576999039461387505503292989552631744
42,28,170041070359020359168287020366639378319798601205488740145139138079975656793398138988197976414211222740858210642704
42,29,30965064019701046911714626390855742263880951835404968653560545914508049709280945852057039987758570921824
42,30,2592201229910844557651127840040099427467938380202929274031738751243018119557295003399219869776
42,31,94804754805841582150999131344630965312528397177886842496534586745260873675281640320
42,32,1361932993315210760657519416686755181369258031937884582143025610939150940
42,33,6131194775426386936194722329313101481188087448017880581184280
42,34,5235176281944828230375212201268484088499078337420
42,35,244430573141665463463778239196238232
42,36,10130354248041480180
42,37,0
42,38,0
42,39,0
42,40,0
42,41,0
42,42,0
43,1,833051209163591629129288472635851394694374681434472339723610774463681581109150580510879474470050921468191859602613598523260480596141855399709855629463198904830011043832286786837186676212733450764581925653807671748609685362003130738599618901078245464788633350108416
43,2,531153775802899619703485968908659701389039697664554037824031982281018582928539900694071865148109390462257763439440455254785606737053305714557597379614807967245145221848716028368859972171099160578691832154300418334959241966773865178222450353190480862040440366587904
43,3,81895782887588814532018381412608265721853675988884042877663187447713754836251089190550267454802325749059933269162048290013953111546649276306043675350565635132719320556415989729804407999902840083013440873452337121270528458970783459648541654311314255572357046489216
43,4,4209486285171798945875342342030686280364021630263766686692649413733845880819706747542506085259437609801642819051427485239433927909625185755670057442597808679623158961743003722544989617114014161442666917943098940026053092971139413655554455308050819492810436583424
43,5,82167218812604922345926410230120545530063604680349253041827018929204441691404412200322910982531722575481159933015709273373544585053700105825892854711009949793455901726735387405856884642213396731150989315510807840960113619522446085134201016894941420965532416576
43,6,652080578332800443333405365613993573593991815400904060014931178427459846415519531157047536352424488728033143464823873036206082016710129284112362055351817852281139017334526285538180105385578960745412393412309353926621216769223766429944202952038054539302289408
43,7,2191505535760353252882618812081718848004858534763680188659027699369829525800438032664406152787700325575970602814148046074767348952729711688045753021308356168448268844857254607873646821078635729433423559301610452266200072481390922507674720925621010484921344
43,8,3203347154203997847386335984200825372821800776822954375307598441176480286360158436305244640639918041304665387631238078265962140801555551478510588016507482601705163264642730801625223907557942680614655152693900920221280042135451528986112178194996381124608
43,9,2074972650154286223762928254556426144462662083309085128741948238643765516495893489883637387828106993328423086181234772284977308384479828195224233714747131123103932869912919624766342853263659293935962473181290897576409995237011482610085959542095466240
43,10,603948722710253747943660319341883479687100870988332192053120803436678171099713028025876950167644475028178431628907070775111529151768575722848938859662796835564788301282488690621123068068088370949324906273854330656737852878807774065313879920742400
43,11,79845232417885728862837460884991437885593347055147066043922477282217085508917270567702383609679892830791614289572009789156464551614073161886230044080866800042582151483470701459529063347943666368164729154633913681944828803253300654266138523008
43,12,4836391192570159459777182923778271317389456839840054736997640959348253338899710335432539323263006227901376973470289637818533363825290023902374412014168676375726681192787083683012837295383780737872346623092298047714960103548704589375850176
43,13,135183216914847832414988015084310059500412291710896623888854199665076048095441400928289872737000258304689922701329739479607561270420655076639025770993612907870839027687525693542152184088106673381464296863024050993340278288859154386240
43,14,1754162768751692066259411243589623904636366511705461749748696558940150336811757747154327046666595992898404027447733731345845736682620445916039186340583694265310975846016332406991834283599760488523733507844201294341965842230212800
43,15,10621939523322761411503205648066893856968813583508279196035775430545137712051604382278853368221473954734571613058470269147636668415201652350052871858266414745041829706368956200834256686548794250078997906012325503758773986560
43,16,30148707061030068416644150805105617712546636979196172014728378727975968669768880316848617639456235324299320347550911925235465844114637756478500213083075624378096880053307475478223858953698654474914623281145968076272480
43,17,40268799458209083188229305943384202183501660297720443530282054527826926833092444284072342239552546682835295946253510328393011517395109455378939002083126944435114018391897589560927649625878125441886617683033403360
43,18,25398643853639670302050794983720776332238058189747016118902393325710239802649050667398909407212246944242300217657426522748686573807493025060357222747360440522613030253545080131934345815498764461149590805600
43,19,7588146548127710380182495377877503636639962133337854074525810810663589347201173972625493750474876453427605610223373005325754704418714130830747432682842854713642502344077887193935006809715480436945600
43,20,1076824507869320231820724047074363338708127982936900770090207539153157116862522508633753360624424709022644354922605441573176621886435045944704248677111583486443003149261475615002237610570419360
43,21,72763926384442624015655321139598353427564365764828754064782191935570767446455225612270005508578043920322619700731143984674936566018410253860759981537287691782681442705465687147706817760
43,22,2346475112567187129052886113002693981010760976102041090778898942716180319873633752710147032646437913339249221110944857335478494287473750189750049103886458603409038576057881527200
43,23,36182870797023486915773573811350908724019049579435773910283289583036735943778392944143197261495644063297118552147027103873853995644021501018388957287429130855523695264000
43,24,267250216492903523957557214871912113485827074828259273950554896050565311048214394592355980420089274718995296518406852948718945539048881354224732933133485472878400
43,25,946783127521559733192057149588723346114832204684646298376544165769782124950215879739973098207636403474945279906663606278467892821151538017220095388396864
43,26,1610124506307275257977018967698613695873000772720788425820608873593021040301220286962564779555956927611450835679846405612978911646534988946087232
43,27,1314329175473686576613486874468188169610864915413984049709984625548959462260354308143919765986701947659343076732215372175984917939346400
43,28,514034638963441737317897925739301071720841725603327115634569419685868399020832624777597911386687418985898543400698477433565280
43,29,95821075143566173902729836683880596607483240541686450111945801483280014363372190678707528606401906506713618155373280
43,30,8412175735969773985073441614442041869976427027890927105342799267408455405990792017030725928498376049287392
43,31,338993025550888003565247543425132001834700377878638644880730856132411206313014001311410459087136
43,32,5943073068285813566297330198542906255912303532059522505967904112317870699716449505000
43,33,40527824228458473754304247149613563933514426412919721873847260286483156200
43,34,84754751308704965716752526339023353306016722179487707979185800
43,35,32009363552493951150513430650177977278040982638424
43,36,583917480282868144395031001623522852
43,37,6023453877213853080
43,38,0
43,39,0
43,40,0
43,41,0
43,42,0
43,43,0
44,1,4924199700132317921448169952011580726087854952789048342995815859980797170331409594021975248866611001300101139514633598571015172864797552545708056478529877744741240436497347940284481929703264621231726225881612692753631210953748530990440642028529505227283498132343876897657176064
44,2,3139671648981134854964806718737636165680429002752089508021932547426168907136922213577810001153082870848571518202259717992880939590581257115936517490157974417081754860769915047492882703941663164957063603954956465157443315124998483312411590689670927915196566477977156390811202432
44,3,484089315420900829364422155930424234957998779561909839752197203786528360825968997663928698078463743650212730902795278258343506818790386144197877011671051472692647257113412648135878156644411143954052612749706978832930414698576754987602575499812000352345421217491416051156541440
44,4,24882445254017075594307268626133752354379876385321132265535193902578451922292089664631555900806900270937862407687942085847393216403244712600740713097787178048912489104360134259077867713103197162434585090861218530674587823847984876367369962290788465809531983855253677822168480
44,5,485693784393833242488548997198495971988377330772056138778445653683114278370415594371959897751104408913455150306009573113273377842846457572833567382505698002073174857123664355163933930644893394327084906352779612306549479129804051274194532324338560247298979578969240615235584
44,6,3854474917710655765193952411298587449882387726117912478973299216905672194350290745976020406300540865084826429066637963851678891388711462349061174515772770181913073596200460644879633464791362684252123830453502519270586182867119026613749938166560735664144717508953701465312
44,7,12954078697353192947812869332398694420396378748032363393277974283408316619758261857476149909253686030883278544219539851038993992297311530004610930378252559900467813545501918014324372745587714334564675335350275639817073716012449503086222230635655522231524726185586049024
44,8,18935115861274788395260455651052041963036590462129986708200439749291052607436888313922015439802548920428170551784382317141632484987954889024009851799115580337498963901159036184091335797994311593360561938870580166718102210731484850789813117691526638633516437331287680
44,9,12265248146887022363543627162655765319213016809549048109914951931540424923792223811049540075490026150783357116744757427724911093397379761755867937048882790781550966639830802191878343039410947637967457479534530840540115592038566570888272822365927202335681377495040
44,10,3569965626463608913551123954960178755811208458820672353663036475389662393422019791061007845325709684148475283292717933082781810256679045791993035332756271119238675333450571068032406779102416832414461317521833020101412662665176599565776262321228702272245218176
44,11,471968449439742706888742261026005141612336481510431488119170692938529445722714347887513096216938336972672223569292955295135816132956755216266622138400670637752979114621760780302112617347295508963559103236570618010615742718321075665746929191379774987431936
44,12,28588108559766557774502251100771170383184613162241122858127911754770958737767434218234235809497660969999815844629196431490632951689393398332791780188113759083651621908802723215412207576248450715582779447206571337624507888250434947374015057989803897248
44,13,799073681036379602505766609958819572090768902825237680498578780218498472101536047446631286544781539713900229587967414849189312943302280918212888114029451864855677477098977861391209404827112246695179687213634408657784254216819806280976169548817600
44,14,10368932358311695224244361751681836024642038660457754744868710980999409425949830890478526918316838901289839011458921044372711932917568172042864352036636910401151705007288870450766492461443400730111667787996371150217056335050433889554129006560
44,15,62786777339362728776593861977678144373933833925679986179177601838499823373966631706962279720413801909108351751157055993411092307694344952624323251795561346626278625319448219818538737588812694163352680583426919799332170400432930322615360
44,16,178210591689194793247992681275109134829552345663762726089548273418724193829073462891481244106308975893539816740633958461887234954840094252431622777459729399475238618301984760855362984740431809476581157479649898450472519621868202640
44,17,238031506370151101465351755324077990356414356627047829674979306405876945406164313046366690305463542013498481879718028414918786514216835031668429987932046172620948673850130508446556244006077710595627324288804127056035052998880
44,18,150133721945269191284133370612161766822115676999270260017407018690463525203728399841557187265015527052858901555550358732405250274363224961417473971832054986484172779800827033755340784623267613676947494116868635419542320
44,19,44854652357405300998367192043049890752978255975460624239960518153168536847060315208380606273052047813393084565977508770298986731885247205860148806736060553138594384518027631964139168650082173978551814737411133600
44,20,6365391402426457003421081228366483756408126342998535245410011544192734904171322180368141395061848048673272136647919453480131050038527525470506798182418609773587435710668197041404006036689684807272095797680
44,21,430143751758596109109887684643649330468962692273888152728752386710638410398164898355934515156176943105989150669366978500189379728900330523319950582833848328201485164821158389968883444745168197575840
44,22,13872318495512625433718081129084192588940754487148666564799459050660874059658380739874824232352360332370110178895085161318990880413060086693271555808132448936034761401621432201267702841943440
44,23,213948476063998620384049166929430155873551442699612770165273208166185621723611414205774204106495090226924658247109914138464179667110539936335482275646603882045840511033828518227685600
44,24,1580789059508394098977745088763393707016131187989716617957831468672049612106343757110954151807107300284114031046526020461692542142702926223789443713881887876084623587998104800
44,25,5604183838006407241246058839410630560326929962585437456212025557720259950450458518755078787691852883764779386592008291685421247460806542865944261183820785003205458496
44,26,9544338845908714593132728703333242925772122535192714927393594844474025102539790287960729418175080849870455127429169144863681489567284457888275830670892401568
44,27,7813815046763135219564268995554410539918131137323255120977707395324534466791101508489046671635525785430624680016235646566099679054204718508798453440
44,28,3074262898604535463823333462044249995563976189758391499195849957174299632348709369742471773578352917603727020418738928579439092244872621800
44,29,580061503641609422176504265798291624697038510758718633859222390752007029112325239650892593996802629659409012024389163729751923040
44,30,52193739699613038575403319735618512637128796065698028919220894997465032546262986194604966406318423458681132576716844752
44,31,2211316777918118278153227484656928182708034724805413854505668970876455553412475154324064850802430423106910624
44,32,42935585404601072346094988473888456485454180363959383898982219591827624241963221709763286645984765
44,33,361086712220684013235713941512482779994711632573749956376579651090366842975627062574600
44,34,1169346928517446278345861122447777959105308253861791216275503914278777619780
44,35,1135713667544840937673923649783318944275359906772428973497737912
44,36,189388734352330619078014005143167365587238160249118
44,37,1341432049298481257759903145416311780
44,38,3328750826881339860
44,39,0
44,40,0
44,41,0
44,42,0
44,43,0
44,44,0
45,1,58214290838638764423021668214569950605390285823286082848194738990652670533453235165838043927112607953749157015742131364045833494305003866311821346009040609672453464447511061818830797302253149349479613061219201308283688637646961783230865857978350188211287717541225393764959444811152272528640
45,2,37117454539403321694287256805248048597746483131073695044102052913717625960022044549962928973073301977705843387799994756302868714130761600129144456956068065111507506449084041242429622424546972904027173997710889940689132047081134716420562585800228220348099445568081605199541181105870007607296
45,3,5722943405332586587172422873683422579465624364223319569600430127703507594889958091591021974713276806744731014027745008502798307922165164966753787141618491058226076649776562164875155929595309659919768142918705174995774943455349084930256695735953119604398483631272179772953998884835977007872
45,4,294162299073689030403103276946520807463368702121820563211203649116890820639174664123754422439163388563326550937868058784006344470655963648667398207642030267485211863550697675488970823554849012570434368367238459084559275739156862687111690586037038214203518204659460111349308081910941143040
45,5,5741911569365074233960314815432547048366514470099102520852593612705246361494631621270035172866195766970393559279956308777045142762622760158652915804759387320021908720376695567627905073596384694472588302414834689691796605821177102888115113237453353968531639294830810253302680958037970304
45,6,45567917153541206540665963245728645160356893385892356401636576566877623976616717879845491058251885472105365722909674773544597513665931736370872948207705942905621939218135244257189452942469029919080024178343929313611960600858686180411394801332932081762246197277223533682446329445406720
45,7,153144176006076205584138908375679263935323436170485892818201736473133045125570652176967382150676801983036161200723162790610858931461495467365881453764109785738989547994881238676330973379324782149581939716342398406304923909838263938134786747734700635279027071578572028141580018771328
45,8,223852485960812325647722685805303543869442846923010702694846201793400999360309574779945378837427936597663663401748449028094652207571667297340539760332294240055538167373857836304375472172205296831022650048555870142974150260865807305695581179608461737895797682796758398950571524096
45,9,145000765570412626750607749046223622117778149241896032208781171038512618805986678376664836438444980427224950365635180826478260891507015826490353002485456928541193519558262882278432095251632576318976296985981689498514454010885614046537018794248531449059387371168212236431582720
45,10,42204425523731420237802974399917831559429470981581060015440911903709767255711089748439194534777782006325007495271777237048643084316679359960484444855140580258938489632785772783919927313914651894300407942964794185717814239302289698561083483411147538631645311553548142776320
45,11,5579649669132278286842084393697820947008170866211684566129044802773035256173656258500799602685772444046194988605063785013850720593322948343597493097824996564454793239712092607686645898164234790022469266391213795396212282183589447122864476799286073554712022917501875712
45,12,337970970263010990138172271284401137186038904210844955885571479575693368087055374266443484482080972798769393770665492304449691888376213786358454099018804479624148545595812927881743112843409707968738895356975474884316016040605002035846743471854362622946509812043776
45,13,9446715311047204720372737661357698979439716831802094448374269972909527350469101851807684921756687558781279385699583572984756804519893801417088754852635468724712748958826664285942602822481127664252624574782133995423486204181549998719486705909381198679678027392
45,14,122582392981554712400583429057169998653308599830380909941986635727671701585438345972187971973641741917856760582697983630458113511924204151264709631747679464643155343705747702977937219133947682386015153598477418923140230137681047687859857510952299981253760
45,15,742270767917997332794720630949224453720309854035585668522480944438712290414110589487466044183351887251394978074853173593578510392065139861626014629523355777332667733489968573617819175629896545465753204446250214732962107764353722349872313605812526720
45,16,2106822316382152963284663938792740973322332263756870981915403142889509298709044811407927895667682919190069365337878588289187427213568519324011985548439483461764879636349438039402611771932486680184463714170808716866944299851789843974828654128720
45,17,2814033924777054076381663555709785296636215403228093419263894630076208663734964673859847648668300151067653470521179550321515207044874854923126240122543634162613586314168824378366242895910699918487432960054740433022786556615732978965565760
45,18,1774901047764099787100341661608116258970280414627581911225929060280267960202979737790405941813969027045393549109011672631936001050139244336142571956745853831990626833978123581620874859855910746604302701367095548672416398414996920000
45,19,530280290439509293778147956852377695979534846786918496926231253993410318838725311972005305371980217735190659862927946197705249625549423421201442681875321039101266905297482227403987555064721958496348832969498775858807092974400
45,20,75253627233858977430703589055149831827585984196242877018512709503320795335898104122693754971532264516109538262513593888362617187865578370667261288346424086420258826529162670390908020816591836362159841146306696558620320
45,21,5085397246680808922094117765779529733074757090929124018946630738639274224048708708121343086932909208713523586443860202543561633206533653270180050188020581313002265156223356664825745952579918420116659473805099200
45,22,164013166858685024461162947040410047192515130361152448588158703678785325818105843150518134031978997509405064828556803383314440604578245228947029993814077944385756070543678929765610742686229126794741155520
45,23,2529744386638528467741380954756687715144844245476300954896886610192080578461812775471808215899735380034176741539089102120983578959865519545942846700746821845473983122658993356277254919468915396800
45,24,18694712521811673040501346719232017361723657165031670284379450931214584689146013680637198179316162623388311498104643904828482954463587096017148192510933208505660329713142157795538046333200
45,25,66300319503984587842161791547654028641984512704393573712462937744068990134230399357616717632983817747055015102432401310063893036737922165824861044909011123396515697189540255345024
45,26,112998454500907751547444075583618958935105763685672760520939638756539280625038143437757431959600369633273766709179507929859757456752089435469105726187235983917554864101504
45,27,92650786635752890661841286856905233023349192650795249554014471272427508902838329653727113230810770550467128969520373875077466186505746160123817456406223395995008
45,28,36565305842449182225307333087863600598877942378512569993753072485423491471679046752873528575555351480768231049601164528159789639199950924886927277853760
45,29,6942745734711187660593934296443813758581608430646704105002403070004320217782909750620145939743038126840757636463702303383461929142915330470560
45,30,632731089027409789229375036374191688681480888026126277023386329680646383227289537806367452812154288558508001286210066757258846958144
45,31,27511151846878882864360672249514957333885888879470427826677552489318748620377022744912389330377606092077400665825231876032
45,32,563056534753265024404213382789960681390990605288018658767608421387333897140579489333786698149825580828098162884
45,33,5271969457086279681993071192747459660091277094589974161071968102558033995994459585990952540198917380
45,34,21282875627381257211411180359693711719532386228765124564308778803662172776474724676380240
45,35,32741713999069981191467942691914727341248535009000481913009098616964687584368
45,36,14764277678131415705755207262178210599699997931468292318734989144
45,37,1085146261694606601803363424263189177378222347794168
45,38,2965270845817695624930365136589177080
45,39,1707051706092994800
45,40,0
45,41,0
45,42,0
45,43,0
45,44,0
45,45,0
46,1,1376428197158771883989904986414128428233551862541025248045888269111043628020193725257951157954858168964502749098723390779171367324717162362120118835513758620788501658339390103035335700213193630596588643357147523614462382326778821588110328537757836763888199808211502677018204069167905551778474255210209280
46,2,877611155249619765581001186995816109086980442282911184841654970036901734670357576561315121465033902261258848813334458592425875188694654619047513134067948656833298559711268406415211559352823248367008975059425671813294209512133090574184290870859659904637638653475479735479779386441302853666967635078510976
46,3,135314208254590400260087518026663602043254933457721280340496130632096458435195065795391209289625777706797368889921780793858630532508299218909014254632447847674137554733967219740359048646515693083037583882381994690076467542904034432824836139653393319916888720575850667648943934781918699814719719669194752
46,4,6955221427020315603843457918723473211209566665653971180404515175894955848918465065963400115698579082927942488776897982177695791831217987087913869191746766895258061409223015266316477678314150332105034023023381793930573626367634447138140627070803796148534360387930769151244942960215607954298100251156288
46,5,135762694632243513275524688432692790145156962075272553192232601167488731311263482507631463076948527357507374166071133662254191897354859313274052283122579963000045092661893622679324394262283090400242910349544199974346549418988112026629515341076968413853470029579152006844034224261460607236937625153536
46,6,1077415273221358412982534031661502216680142139515827647289924321977092702377940416051080964573127180139951514798292524640601767433080017628793802411630345194931285115773012603236889017413896379974861149105387413900460036946485559293975920833799893030419437315403444750174690432462572341207558851776
46,7,3620965902936490306266041906031596501059187272631000188822388108072873482829026806809382076364558215911732951046857686546106703755786722455797608351645913138416257960158197221655964993180869375448709274714170494345923698033242897697224143396308875401676210224262851778658420505161630978407471104
46,8,5292804732144108362316560902694141475868432896970087915835011673511900086240260917967428013740597232448976577103303726887534820143216760741719192103111634655089828820456441836809946273877972085501601867419707178591227225272915246063035773359296265011291635496654422891947878438821451183511696
46,9,3428421783879658125470454233330993882050194038807897997758135556111089969956128474531396298844205913637555730004047229362110886011658864413827271687772119546404057114699568228881118392520938640389136445408318085341959603623336055376349960656620611692020267616452974283736507063549500801024
46,10,997888333279234649300572637210963974570299155830975603263872114185016736914990475924019437781499638705134689938479413954367402148934868583267748939540144131996815963777109054196508089327662318840036109146803670591625200344255923581693116168557896924159647921763984569160444251147820288
46,11,131926149350259236633611327861459068338532951491575409972055734711675474822850836649086301682441953058518258950689109998365853804241937796268274180776416389367401214965544169902195854959462516261238190681655108064227115206481080821298520025474783726735364403298935872394977388892160
46,12,7991041008692971462477098887757865940455573738020465601024746189588874412949905937465733375530971783774812157605401268258635386332641885205454584335894231071873237080375750288544903624024569134613081385909249914331384879975826521164131307725606974087945623199520309536230039936
46,13,223359691587229855339723784690829573284281806002386182906843796746588816180400222513108560145761580233956176630728255522005839990749909789077068384872229608057388672355081480823815130638328410768893648551815546419393495793455881114537882131275334116760872573681935679516672
46,14,2898358456124061232142178044348512014383943910665035407601282768842722567375590241440903046458460862359750173490639728684653831734311810882413553494975139523445180446467481140183215059892787417481552341718301681640082953245328190324112120541564935797440931824685333568
46,15,17550375612509748431227447944104910989061135547053529010843045690974197168042612573575643431078214615457932014350458237879300407802897949029317446806552307396093728695499038242010575311028074557399228983263495926857900457043924515835917801316562843549244431727232
46,16,49814077025787126656183664850113317994606436531889501187343716209929032344684383550162178014557715423383740439182163417058093414300186406500795006816717700454451552074792855060103336738151625127232834573748764370748651683964145900652023158360465810383500600
46,17,66535550895155264449686963868973613022684500287001667947710142593527512970841846730964630164306763481091256718432636383822049602959032328979465269082926054985806568719606428118664547087216108562514629802421753605418997818672181330968359459281748331760
46,18,41966146732716994055344722328511717964128462441030275471559745171165565042618264801164796869433113167842679050046445697745897330821452377833035577654773886071897088657487935833326265343161384620779110764604847775359857969254456605942109950161120
46,19,12538093806805238866332150590844671026563105610563958566876357394073387827278016187213800797175669172681046452394974369599790947242144334491226343230124418032757328645417916902893259244091785959119556442056243245314428478167645031788267200
46,20,1779326726612236601708433885706415874942439211946942605966720277735156784048664193051305809532107853074926909826423341448392898976741153515662209414140942130409584056106948076613450668837470733750457591074973856765759949077783909040
46,21,120242434431139551068865790918470665340582494015164332859709152391533964221017274981135915085220312003631648688788428987056838732222478230022824447022250645227336701185775333331267408123637380170653250529753492536838146502240
46,22,3878118612682881714517293290693816919373428173696983616832675678898956617139893164904124712388723923894814692532790311933583227325566305176539104897783386121466046051094403199170964053374411037519378156804226029493600
46,23,59818914220238836621161401419827578333630595978208847919394410101936569988526289939626638230542008828732733924732516581466187341341969807617793801323516514079695773651255690737712889044840858931389943956232640
46,24,442100170928909947411468658511308009637468711889255927473030079052385003131425306016316678879747185155567466396540674631707736621977261561064108076360995356170655988619389426797949850590235825182895000
46,25,1568192569220081082976550605268982737010791468891834023702051163949752781152181192480202953528574660278645089208200287755723887240692446690642136475208179423462582476779531135468814267755112368
46,26,2673766994237290344132090286034174430521358877717582346022836198385868968688844892749858429169870966242843371245874674909032724990904872129457400997851879692179212093196449275964046144
46,27,2194024053284862041699202149248798942073027521868396129204684434154481140082416807517107749252226597527713413722135230902797922980301844201714921924848194329349525459078032512
46,28,867274237879980520035351070596857266131987175390746414435399957343335425884081296043040301989268642719799143522676316275205469318295433574679275679859710119150577376
46,29,165208356614261474416733894387215588882813773608828840703342579919828727100041672238587270104402358189341019371089687931803787692681336177138916343120256960
46,30,15156245384465678701568587708329417258490885666879880781260531587191541667824239356624708201969493148534275793858544709521029997483566304292944912
46,31,667898691619901761383156153791913317777082320559960803473486733094552733569139501365174711846042206816853712171419048372433734355795264
46,32,14047022192929873730579704860115963734618302524256180329315252404401031158444713159002189539360043999408833389153679101049946
46,33,139006714828710658224879308284075286331686080165627796376960109735796743214066889392235168784474149767048257637388
46,34,628139655062896711395873293396186756630909295369490987858278281491983964524610953630359288957870267590
46,35,1217988568080517749262514992907902167663936397308150880216808890491858667377242079653933904
46,36,890392722371156854239183865632500887060774688869895544937820959361598963409268
46,37,186349126370206747026444685729633448607406596596365139803684951272
46,38,6025417400462537264681677362924566656393132613875836
46,39,6310704620586377977692855506282479960
46,40,810849560394172530
46,41,0
46,42,0
46,43,0
46,44,0
46,45,0
46,46,0
47,1,65088986042510928275992065687473788141029887984308529100381085229807747713742310120643126786420545300097556700866601523714301723168141287025458552580687868276932908485695174320823782763389403915398075562925898313881958201902188484517012882876203458489363295475658139622381792629663092511559012114385430417089800815744
47,2,41500762882356337658416653401691512152688903783281779104150065501693418300501535560202634168109295985177714020210078124622660682408478903555467448475881832011343210261461057998409614921983721773946654422361438931575260278171033585638755104787839324428423065189570707460257224197293156883401770256136382802838047944704
47,3,6398782465128186343185504311946659798784783194117517724583825181690360217574659884605017479750514868498092380675118177920072410806578058322219658105571989772125049936369793885756991135924345986161579453768018148874896656412154829620833240025097417382341863430902658910306375122930718667905666665253904118845549406976
47,4,328900781986432982993638656030876180605884495889609330329643589045653093043853737445652278454377292907666950269376238632113480271860642802470739202663556926189030396593993236434726647493784465204726057440832258067458028525073188265236652202512263007458361194823212416662662523022752006567258857206750695760304701440
47,5,6419990635653295294176285746214473325627597346060679134575561878451563251609066834183449294975808526041339766528445099697722851419103718675128472439441743047003765981073644836901623640230133727145671644760656121424722670196537096275740964828134234028533104524965318504930815265431514515217389757135487350202925952
47,6,50949165262025985128863767445799263783782591454633807555073308545838577210270191654473889174621431109855482963427636843483326030626238310414833052315990368242677299275554001399545373058645717293237676729860979260180697610605809660252479164474080246149111467982768130041252435015544340503807662893231040595922944
47,7,171229418042500680347624679000791741813272503074038548057619682253238663900226805642342068533851434935565106236351662692319802505987471702154637594232682082702864958451659815379434562653999017542254994331764109828448562146991079519604400650337655305564152380755157456904429860381133600791237353189959703705728
47,8,250287878617469522687391562266627367924326595147788294167803581809778731506222963145977310139537336181969975838070887524977357444749360624181014434894037045389643510018867552522994373197258799259349491624881988709961863499033086801769914344301477520630582631521188373321397371323161045146261900113891777024
47,9,162124329033813816099129556036312439259872196336136589002884406331008153130556628906084700307509898948615037897967102399142737581050444831914714985126928393497019672936192339761627525974523221424842882589118015520957260086950063351755039275586081407184919013810508276971835978145477068378919588062739360
47,10,47188469486270198946344137997832446076908150492168122365173290960359624043402271396011208123429498257006369577297647782941503514178200366431601080951559248037158831684830672351746529378281038209952705500170914969460261065592310796079176634362210816916188402182595220326542296365997570264138813145088
47,11,6238566867917995069144126630044357469842622165879475015063586110479233964417273808149622801924707840833839547593578489178887978000652380560184405717622602499852679169905151303310089756493484318072904178238883599450036615849871038671257157465388577717377610377868475311091052582508332303331051008
47,12,377882961636077488124977854123169722338638860332535189482460579364505776073547081573980817856597905952032533151358618756239518953086887200238646717137900422145090933411308246693537900386519395075304199813394037225739455527018939496170727290307540225661452046028642416672212311042349902551040
47,13,10562306332722316203845518801133132260469846186679369310774092019599712384331111445101092242333230295961723492858971335242053723557485421712492701273632542966560231877194766332336894590461931369840702823496220933788992964774501101045742815241764148618223092301977962657585817255148235520
47,14,137058529419526955573882973202418448590513399465410730587642014293783383172822468414872735958996041151355172827431034807685633424566028897663032241130787124713632513896745385187098412159455351387551106065524327100305299553886707156048640221640228854235149812732731630256170168422400
47,15,829927999426772400705428532824603156728276900720063050549267367291333648766797030827984576000887664652529082981728321067963587836262131734785513910897255518914190615506611014855700764868949884077963941821969795964000103771435207384285286814915458602692852482006594488447251328
47,16,2355624977561892562076280840957560515062839526803515065440124097031318197078421693916433824103099006754917126254286810111677943185021853036790165096063331174072947422518341901373458518689096057586747686259853835623873788574910948261792538775409579384710989369652030646224
47,17,3146356640814901193917751774470690435214929358319499057407597058427814060968417527602297996277679096541570783933392099088134774649650257294938858749851783263448542547988034773344113425602226513763528590693579772449817671020243219002513020611013459803551974190547440
47,18,1984511200154892918633447235002882368890681065230789377968161966969891233548684781073718138344394824199397834756432209767887049280972465255799582309211473817212841813914991409553871895054247506276096735284847510200956142743539350659245616196666052117369372400
47,19,592906935694450218780025955630976736277239958247663793694671743694867731306099208731062991773352387266821754987473306040556446531109001404228188002443682749132072913615601586120065203731804826995857170312158304893169455865904665675115834102539245051200
47,20,84141813781035421094738383777568423705764626371485693991526733277135607859463600975521443514363981013900798109587945115958320314370481942217158223211415652937775121035699520851851400082275395222042801135831870730470616658990401962476181984810720
47,21,5686123723179512132685462126845178414655380880781565575539040538710999176053224940593476253183143625035441524530879776789435315044777546677172196842690180829006450490300138605936383536806220677096890907471731548462182351448599868943031520
47,22,183393749540500632745730135041091790428415195593407977690765490054366980529532199549337989033907873618232682380905749488629305466814570943077780217456183157998804114624027029204184768144651317575047603145273213239301667626795301920
47,23,2828863773325482135811436010595660076468233517268027255712448180651517492844429482750709075207729471380915605988797543188891628127253988904085826951895283987117904581384371806442204298923055208953758335024685400594830561600
47,24,20908113133850687095558420351509148777164291282437240557351509666632433287307466834823340636922449165903747869267892153872369709075036764208284642217818851546624531605290069222627771024397126342245802932897378341200
47,25,74171290437536138500859583161701081377021180705307076886430973738151296619828521981448176586420224471750940803702171060557674297397486493470241120233172442834698801382463158308194055286310747563475859758896
47,26,126487158421603582955210665976252980647880167646245288240497831552780932445213391073257634590709438326758633570639252320309274733552533983481095057256956376523974290586531217529932822159362932043760
47,27,103834256945397746940147068664237816975091826521188080875426431041039300594658477922901479127824288827166669721676625006986866828021610813937555514125267521605157832348825829152262489898880
47,28,41078555860999404073955119255785045955677983087228413383364138529182082544242160035751412882493710781609166656103701850234859707991392524832957170542321571118368595560379727834560
47,29,7838304959580642641327311471966711199249274026127837526992633370621626182325903955382020911579292312673233808555526365884401182149221808263163502383129021476049458498240
47,30,721553005451287162753136978025208079952847619211801920312950642145359012144213093812708025844584799088442790232427616291960165205305499001722906040703659966016
47,31,32018790674423036529577696697092041218607122057389900337062121394600813401337708899181390859464755241607308462916880906541855515085874237048554467040
47,32,682968156079722206502115925344109533513586993978021359182643626961824862192987918710245286063979712927662029774331422310367658963281175540
47,33,6954552988656569583987542938839276420599504694838594421877442080142449027524458924422048488406653129637034012355048893096720340
47,34,33304373502416301847765596619042320190579921578152641383417660351869522520863354920039038070944654665333856145012780
47,35,72684731516915345763253507447850007459947895629861020991626267554781335266725481235268255855370850798756
47,36,67733697592500554759475246823266462673265195729310336022284995265433780398036277497495903400
47,37,23535245472500583818807570313150636814086175237211167151230982829636306543136520
47,38,2285228760225656825652497992396782164784599556296523700813389601080
47,39,32444555233260623810785082395206772261212822772989320
47,40,12936944472202074906164725653106125838
47,41,355982733831587940
47,42,0
47,43,0
47,44,0
47,45,0
47,46,0
47,47,0
48,1,6155898451934141237621468342041534405535267316850568410042184581160638279085612649973813166225578146129406843774530599907206944928928975086808880229048644913615255392944421184645068014290724711867861724613070138976648422648245076308858235845264037620642127248588532875773170955135685677887635646902386069390836029410226526095947776
48,2,3925003253467693081940499510461768481317966923914166599827776619636299607043388658143045394285247842047715136061584345032917072758478442472631258179068110139693265940297986132144414848326517951146268108422231297506989769360019233487605527049421212817414638963185092746883621285384126539525712300433664063056964470147450891504869056
48,3,605175429307445833873130863000332946458246540008001376898021736578634962213506337294744693048949110820885528708478193623705839082544867894402144183723169623841548224284404961946829765564582547240686543855494492024941899821076057441937618590226354100063085768264843232870089866385708316961973189551602362299372957146338400250179584
48,4,31106335154241092155978341124592852590250537442934791598115377717834270404144232309652787269534015175223308838330995843216635661207492033499159943625180052507782051288969064778183718580599286815015269376668599160573552262488966517302099886296863429663739240932442018181681629991230050246188712448997970927566231052969814718609344
48,5,607181227105711105957804760150233082555076144840005505860171337260504343649071827868447321350435594556283647164516059634240458318292352936424550427582932631165273154623000638314404318472282669334995114866514477841895006558849438711697000875468688355308648890058920883794217909407827586130496817325051331606985693238727395074048
48,6,4818601527707775712851532862311155356666984245248694678713646555550562081571868176201285032530938116896607600450600955901139590127846326161154720904160452285843025981537965060093840220075530186994958271940646810625938374229129058555249165504360958721320414620418798298233872580486710348034460894276780224391784803375062136896
48,7,16194305268525578503494399529073460879808346724956169089682491754985703380365599267581948688075965589702135445626803176933078935133875571471630540183941333432352290662586509395478158413253603503131987427975222441498183649369549837204568150748471699517055007448418103323581834272350870666178190166419967253720908345908948992
48,8,23671389871874289769857878152152748858104916813975887438789494870945335572505050636777070564784778123979019198490248992603299308753696362045522752429035703686848904679885834593513842147758830411010748350173014462027792749029255187120656822493930336317515052240580622999859258470820794078949194182862136276427460367365776
48,9,15333176432190840251443652483210965953007353391008623745050250071634444506482990966253298214330149762461060625169747501374633587842200495140017378452525534062946938912869862004827395364064167097847281632804190072947361243646595173006445829642461978075976330107801005476208868782715499978656293061644243429203928224256
48,10,4462927514248104382418478494894733707043052296253938059308474331313479888565326245768468704590481035763599913858480879814918530595406249307100792126254583722522789759107992718886303608630557845594714427975682873808876832763105228384901652322254742106467343555724840580002347460771132738940914565823800465297536272
48,11,590022776224724227400720626336140682244228293061109808826188665069807246676221916058068275981962494222600220335112257793029030058344401629766754055155306219299914269220304615770054505305100488161595405389890754356143759809905160307691725756586612548616929162487031808031218529936821404915701709896718260535296
48,12,35738906010269887178127034599958333477220307228642849405498690899932360571571906066230998501207418500239155905819786619214131545863465616589116419540104267625541811760347351262659188614972371382960082416547907500422794201165826538085040937479651483291248333895633486272482666081123986518647798669729698944
48,13,998947596342476924155174314407189594004311465339859170306824510526014274859915583543496068776122962005944149119249470577140375052326733146854245638670465527047405339721421301876688636207241244736182738204169265688264469096915437226153279750096618557667066305893698791584119921391284852335503737436160
48,14,12962537392042456289833198922361250407535251183124982934920904481238460649783659398192289042975033443050427089428323696781229487480588660529760745629308728445967999604803937084664448745122791252715451280792781091389425613336933867069539220504391321900574213784922998991868154104985165293664871040
48,15,78491817657264614358007208879792819421131405916206838393993160054338910509509320380672480947146844594229888059705899141935162435665723737856205743491861723303830864852775104582026241312324861816571536890938570655952717672986125203256952633865709316334585796435628232449511067451938359996416
48,16,222787157230216263650335674535070477950479444589938013156461468276247494148796356013806714331534293033742208576985798605374207566234853185115147500322919803196407799076596223640182724947669254005727830894140799234063832566833395045694313991216324309375104243629503168046691017851973048
48,17,297571967173728323311032062310284033341143992870060828371818354966730123018961672286198037091794167674128017926754453610096846885878873278249949269479889387279555940842601405265150564505026263381105011066747648066460580983102605590330573596420441250890622196883425157534215316432
48,18,187688541571424492348290660527924565546196002804213299010548943324577768055322467153251337534223174619745452020738845955235070021422162155966519875868430449278497745424613643042619848278017843065116462649160931874168149399858043824212338518839939026300107039273335628631480
48,19,56075224664164239602472215407025611506599022049273840797256410252079021929736070373807111276903407002184595974091094740620296658069004906555650437362491400170594150540968721026626206512410930765075623087851502299684619193368413223850221252925907505444363314794603600
48,20,7957872082430904353243400419189230335575651031695605871458073351795460031648817370236869815797527228443306062510383488191971049480438754354207255994441574724115117376542830444492464559413527198861535782515471333593482111814976593637931626936038183354582142480
48,21,537777482581010173492479662204496181461068973173414207385994908463110839401444017226726049353398688908057058660372248588362877580400140347404815188578009327385611180135183103206686410575510047784640741300197564955795859568309543953497877929697398960480
48,22,17344962352683304788943317371627885348883537766808132549953766226950637447815368792411172312683578926447323764790268870190021734711625049667800307353877120551240555368951598918057987190589288063898338036603553783854353193866696764312411824916560
48,23,267550676968092461027300750959442352659519293479427565017243805448301034481153080323471921490881988650974832509313172795523480863689962242693059949149102895884004569381503960356880549148025526241089122666706198537124619369913014329356000
48,24,1977513742184106729861284323697992739214475216549286886689337957505285181471591798813579810384070491139582167484398182322545397046069379782915221265169245454470351637459087694627132750170553767929671609955772636399007353403033400
48,25,7015559607825249759456138481115619678138070202858895237502030885388991753291625096961955669943917969032762676351408043320149998423199302872461761832843492562541186826601162282112864998696710193346868000595708218934574800
48,26,11965133115903914561121890541343731398233538214877545159314596433219612465026223705988528087185289827792045051879014556207483540690055604351747544140706534428544837857317869687349415685314904207352302087836829304
48,27,9824327974127627957972601361636308850559916905375890174550038166382152933950229993219571920612645001612188828782863987164214973856752301708056247122661676697206747149705602238812282648965966544919554000
48,28,3888329650133456575095937704736130194720892316885918698107773195343751750320150165926553663046197295657716153735701939753346590012694065213398277180863244842944828588984182189073018463246987040
48,29,742588388369460775057914975567298988132329089662187431001897453534038803554577234447437125052222575773787116918538570571984836543306216455675954029517240157000322164173052427388228800
48,30,68479873927615652041834866546418866803586148082726741861516315694249046776091271452627953130289431459793566199046489402207766572688661877211586466819736859126118914793947808
48,31,3049725245300154449859310857919534612276012537786623048241843366484654003074697082768621220510370377016560359065597046433890522405757552096507561574313424446350784
48,32,65527455724794820517972708893074462619886527046451203754061762477198209302057108823868387426982132314456423850752202466571597808726997475211674797031335
48,33,677193970874082496745203554310842607420158046655288356478630657820840323670950606031932012025310817272557419445853606115682357116839217022900
48,34,3341662711322311112843018768404329710494227333738055655206854717066786467842434845779213510591904957828074929740274575154490150890
48,35,7750403491074310333154376033048618741528000022679545107758748917716428846220563522983628557393113920486022352322591012
48,36,8175013275471780695875816200513877747547308147638376591866951464581274914644916945243239675116239532702961
48,37,3663111591445549012274943068896816586247304550008985009438872502956439828902037878591508687880
48,38,605103548070461363203525071835537281498050526018359872338828569345484149236015020
48,39,27246958295006521804304113892929618486977633255551059980414611531400
48,40,169522801093788415340244497380543841199067383616353741
48,41,25558353713374830934961987109162998718
48,42,144088249408023690
48,43,0
48,44,0
48,45,0
48,46,0
48,47,0
48,48,0
49,1,1164408544505021323280114253698920585542418054174817258631591024198665363182943031435406490767075741643459832202907537285292827215756024781264351750272852040627289802271497025098745145797987007742292110714616119576439256542724604636003250324293941010769489982295157339484455332681707022410216263357945013892315738460111811853542285808530901032576
49,2,742427342041928386841292490035200567095011184005620844992002463323814150626504682500925624469504003635969401855358719291376367046313529174638325360686988917812822528683823864757668327675568591215590918865720282007154191342254330991086493853916206158716972154621905578325883287893483939600753863677814267473958042349331210430489607029851934211072
49,3,114470933254227400055331647255065788101330502050767980815159127730132438645044768989322341432969874843902129256075998131552716492812830641914172017512971571763439387665514829575173116525518794791763935756984335454284280823909712165963545773176175978674082156286554415225718644341498675075987925879420109363222708740970003927926554031953305155968
49,4,5883866136651173387162565677685365440958478952493891682923806452467526370270228087164497612501359807304362204275119237119622494259231318441630492614846128268739726003476368105022289768451106236739472181427895502593966630799397524481909382086620578689206704483019930347624950837623742021828898756172308843050061524166161624371996661829483673600
49,5,114850336540414298918350057506080822416719959294807120046471532442662106760740889376007901923894178297216149866985360854686358543649853397104838998156439449200977234332762306672600107655246294202223628527021899654840156480319566904870910129140546815407510998965030101166584856096231675635936661538799293036918795886916158092748992742833314048
49,6,911454410009919273866630417723157237884095077366937276689156614716379330388963221450793336914825815458480866526549423840670257046783719299754752711496967728762827715758161890405043833263185247452606653892937632355357666996255491532616087029795375804944602124819020594169779967609465322936774925210332236152313876054762805030713170063659008
49,7,3063206382543805611573633346068713253879242756414797493099284945703425817407473032730067303982093505407908027421005397893251461748404688946519741584993701536073464504673930727417661845413754924717605906335823908719834732651601180847943418228980331646340578064766379103657722189669974566259050062828584146902255625795678768625315792415488
49,8,4477521656104830144164042044929112813403777451795389300027738248430878524955056251611689932043711828852074477304498195817163707970822529896198292383743637682118784392568599771711555998150234709634347028576527936319406205848337858685972074420384535692433272527109205612416693733077846995040125492803939205955394981534435500112587509760
49,9,2900321016910949181027171765554395525070985745874495293014598854299641804268574883649409625554147087945150809149009911114205007509213804416000220781520718158786991673437037318282208457733379526442064457179728453128300458402986962312304313198317459060677844190121403499515544025157843717330516628153839124813708510613592879672419200
49,10,844177495057752043092474306472688695245193196785299807314056434725836939884534624347071684868149401284923944291520005867589400474375173476768804270289107132406053910758459780383351740525996085347002029279625150709001107130316753092156523114054321289910020551975949807534539170270202368570275989592727277783095776323739318866944
49,11,111604759008179210644960280115708077136902912389065425514617221388431767007743539208887245363020639278730037884317395859134158143704416468046949905479676500327467929750822071137384353121191963152556056852714292477565577510722162674693429865870519580064685869743092143652231713295664763658447290675179750818987343446508679296
49,12,6760132253750909300686199419750186027507482297104161827391894599358730608020900170505767155376335903439855122148671802691699415771143265313833328317106294100560396593914083994458734176138756409374787660681616822207963381311867797083968781247681192919407268865485013992642276070182086994989738480166468459075887953305600
49,13,188954241939045114587281599712957356783441518351624094076960953675504329655989995884915077415559666390766562214205900757663124110945706884957947673458463754970685306342171500490545861206821682869055815647558355298935977840727704115259067036005490854006006735956929982098287774794197393272577798974934725866272076800
49,14,2451906843019272849810662241448657440584052086696784538007833454303184474326399966450408113963394456713280795129490929362198730303349552268332486693558415129622213435494170643214391798824428999686706590894679110011033049104396520807418790153923970976606089374953557604441903662774339171758968814626246949191680
49,15,14846987318287695618357413610691362278716925676192085029383704924263705395068809159054756880342813937509827391830210007517964186066430911660204255367867418559129518723709741145705158963474187941782581509126180103801287190101898300060739599969910323947183375177591046643603539036698357089707637453872151552
49,16,42140930363703949766375927623154296694469939141796360645401397124245606210675011286125550669708544272936549585267255791194701375101807912661805566947445387111303221872588284136419917913845567796990475958838195641663338713045230030307855292498618819141379213646205911743770826132792443365907003752448
49,17,56286729831500621725147429166603576478329778122212221779789173978276950579876591631460849177852609174680476548152658994654359588102365904114265249426859490889154999772820208408274644036912927479740779586376916011596641987241606125365101379454336231880266747905538972246209038505827826875392640
49,18,35501919269618521326117046281732006252705891806609074143334032932147754349771771009677042625887098645108585705110351139197858749318566747707232321776423753109191025114900836596982036520648440268742498427445530523305680219666094306140678253002008852296688521715451436912717495531339692160
49,19,10606821050533692297590375076426422442372496105430461394927144915344274829626222664355329746421529009011253813392872431601821152333417327762146710739400993252668069616594582112067548594346147121106668362337007339169674968352711325459065584809294733623104295707058264833244278273920
49,20,1505259851897977377117896974735360636772509987493541461645766554720350129086140774702660876744686468572835234912789471995094767678872787683870019765192408061748597040421218723322154852624148042851678159678459617296655041008041386997741081465702893175277083550822786899156800
49,21,101722674048767992347237512361192869382069641529752477678427358378949169270079439557557575702421861331335079105091485366118565446496555033354614808597931684921418213766944278682614601767399139608224786861310454354312689994838039719103425294983553796451607279583430400
49,22,3280875985285531831930639738438915328562775999927250015985794261425262695076247763935247283577809052827855746159782441411177883097767195982206389514847705127069719163569272316570961390904719186199718791343875503402965535189643102517957587064765359638520700160
49,23,50608699718952743151720534116304035967388688202594711677229600950221196717953090997355719474884241634741937325289999805424714975180036375106311878695286236231666644560305376379888075946909597873380036695423505880949143577623144437478123384240834289920
49,24,374062456279148022259780772568186687785701126465396998729037755688506914599308732693394795810599461346209943201736643024878867197104311822375107517198410504802305612362591162993592336867198650067630086202602655649280854947154177367591683252800
49,25,1327083269848037924562564447900788413736437806584624654832271323740915681275994913498912566369386557041033118987813030945665198236621470956463171453373812157970644359070191768408963353548006218588890160117563237389305340191221850411648
49,26,2263478615716889702178817009097877063357710220838189008769904728902755613559454376220833041179288227097067027049816579753836217809777109813875629723616426473479580617306271463316269294529451060401900011473787607426466557081216
49,27,1858697478461579082288737179818858887888336511339752384163884094114221274378600911002488483768357091505091213774293098579283082016561553759757367433896528169896273365813689461217062525646351104167149023488534404690816
49,28,735808485929171481905633209870806005200164574985697658154742048884500949221705667316053228619551613340154863079821738939702973797033682281033442477823458730462824804796447011955818190980461403077538631097280
49,29,140586983540886490050452477809479619943459546113459096088191848486317799614667381722394674052605828294908331483652082403123296007469093970482328911366706689420383041698926038799434871114223443197440
49,30,12976484575245125300955459653233847236675327419539997345583754261339744440544482697846069149649125278474562068956104548572214609389887355176678162835488867263820053450462562934058215870976
49,31,578977453204003004761232722190921709298760743624499359712792818705240344564948547604077053720155756732070522715363133799896135663698411485391296966305599220662233842468948845056
49,32,12487100021175889733695241483848064064609238889355040058540977439978699116904850665957880936528679866399806982995280253744530997485685485328580992635884267043722444640
49,33,130038243067807358889471977642281039787143101502188783982681942484715970439820882610774796504382368401526634864377408962031754868541958683108441562040188720
49,34,651699609672396251672329381265859526649951043309192016957030502026340892781698016168345865172902646775085909006823464813199591084701686624100640
49,35,1559697201553813429382442180503780015955077759165891240409678584679630524242923884092122152265876980301095935069918648765098991369440
49,36,1753313500903184391965616713178616150400761040319159321213025627847058978997600008130828471272708726255304511674915023824
49,37,894390641605063356779976148614477835532858809584139981937449217261918655683801921696854298324181034847736720
49,38,192795346918806416152958270200963426306130645674013097940880409206901964840410234954701571840960
49,39,15143104177367034814099363953568862915282486692778545318457766845843172287827671360
49,40,316064716222119050767007731059375797184165521363726124162585568095888
49,41,860018112866051817585637640152826185115933172179421072
49,42,48682578501666344647244480550995418480
49,43,53614232337869280
49,44,0
49,45,0
49,46,0
49,47,0
49,48,0
49,49,0
50,1,440503451804168166133388532992228554642908452981993149503747703744924157068485451995458758443822726665099679599032573237118051750521417138724025607756525571186292737322252670319304599970413585138797075138922640382217939326775284094938220856887277099340417463264150909080420124835846670707684101733724978730483152876869635104900207901901710014094147414216400896
50,2,280865172646382113150374858044197006350561284242558047806602525684829852659525253915268418114748609750295044719718532397699326259486399491843176723484933328642600729744413305568364823854076203800710750236137167239674650722503874427803950020341976747111420502283691212532199280962010330678837185247667261324252888310159959082142959055305830899975369360656033984
50,3,43305110966190977687858729319283914997793123504869714915721314195896483096619464754728933220115614177432038969328386091128252342073803175537714295053529942941725332240761996299041480329906713431138298875306956744693835649629870575148446489384987093281431959421502458070081124541968952247917820239607585349670203288312155542426157808525466383090771143420759040
50,4,2225905465384792041269659814065669424388238596658889621450545954762517512009063110970201093503687880103366129037217086064223609385200877071215412686432562782288479670306210299818855777189408936357454519549513490582857468632309628502308384486221377419299117653766370052894231525974832725925098969853781105329713861911538073085882046305022265318622101821707680
50,5,43448641738311430425192351170771102206395946897935253690046394419318646716910683921468321814566595122522623375942891794329183968938078400673448068637751244795877286440569798559002501476102082704905922260902613558795833450049924836749659186498634517170577468600555097126874311189060128079063675071811122039062675044345928398682040389448322583801847137527808
50,6,344809230121253123873252434462261762278098420951278983409345465092944805614130737054917604220741951111481610527189157406366646415371066662623363987783309761974593660517358759843671484181573382038926354331200078378404716573262401709291186665819272851789879143044046698712770361179058174395071808322627052772605686089817081480603290536464337857610822858368
50,7,1158831229393742028293752893310565855111169308591195210231346683910470915588381529541218731470511586604298636550925743052558094650426301610680641612713789270635415359052652115171733063788541458212811461601028542790545852320397834431330313807500434800557741465732268707187749497234583042943990211614290897709641284746604662724574878827183902814938681344
50,8,1693876049350244746336554239094605911809166196986230808919556396796631201984860997656602089647423930604275962411949693390943103153192002167137064134439746354751546667640652438569174105818405187608642337190789526431824836537260820150787044988050763233417924214670221742301832556361550153808876960437289119740515425782841854453936324414980536835980960
50,9,1097210618679262135549447676086755641532188638093210478076265052067474723670846853154992888081713815393105999689126712028180195486708711870005201314295092777633405535956272602697501447227673518572764750100410464219428742318434388119907921955949843607213662959861983993679825847232769593201209020349152709007427823710108380035320993054931899781120
50,10,319357928457015306167077760392636473611499109723140660765899473248584256451064164655436883113408517116552209567274298618619446821101543995529487834901350904191341961127297862889722819901993252011424549941076597012186870969521837360180930628481472956716922855620071433949052228824868637207554441852496870870096410989565012688933390368642156864
50,11,42220818332081137227381677611957209829036075343435998196320757662516808429042581029323170774842224847273825678732300730629709719527174217720576880216829764031920898071982915241840600192749487980460932009060455502827076435461318094836530697697495278758384026440207445893473199454083698742678328410821597661728699418009695574889668318127104
50,12,2557402736213714604426580710286115279246118891746288106666704763996853852721659091254234836375730398682624522782896243641283410654913860164698301425755428186944451600175919102924752946688011486164103837692855846495791361586576242298534438188111732858774776432351484070183816721290879147296154163602259472187942867149599378154042205856
50,13,71482639423031034252176606202429294478916555094009893982613295667658801023282349282696745307749940405191531542430771589324030583664126851258341812811412131129286684762118448059346668630899042491983634920001872916797806339097021565081552926421690090417126334131995292879228606103342490776762901815896222660787114828470390059704320
50,14,927572579064946538967842226955581257033066099448114188572625618622764906204187985408580503904231980210042319242631172655752184628213181864556962704484959302702369461363254009074957467951796270789744201419510992569783751262217132655095035761834962183927900946730951101989027980027505687785526624363366434207174351082592463360
50,15,5616713572776326798887579002567043160991681316771894020823207932942217838754372803061657920175447808705361516588874678960229196869558267582712546588147420318733543187652649482813190273255292214140422031242940753835221540887885940065484437818046201697538209195546439521093010101251853161018692086210948966009837203406848
50,16,15942193188464546462200483326899792407341501653634352954370126470336884635677426192501417117879270231761954807377635649327095813910557771368982583715690441624988312193126558157828588062145063361606778805627829845892861309092397713188096212203661429921814188834754598066407341215742606686237361185091747168309498944
50,17,21293643715369872765031071770084000080162688777813169086014844094566597999638197863875559338827563563346348283109518879412079715309247524977276335657962747657905938443360566286151857676649086881751638242588006748270862184644091734016501692581655495805520032406288888728882325899627597132581593474888373075968
50,18,13430612965845577284831867470043859993953976378806409204824026572859208049936762882968821972564943987996537207670475604334307588137459929508243055632427583605505952428681245578387331861848320941344014669811790371415613106505402702924562547955333962034869750828498500420945102423112826690647945613595840
50,19,4012631881865348921347534208278305001406774000309709022673241597677047123842529669200065782834685658929949208691942506855720779663994253219413964151561994316188540796026876126103827880600292924400967003726808724551012568073823159402625578744124255498212326120146817332748987916469855545850512000
50,20,569450151225886771442013484740451990163684842216335710206902721484263547065665128666867509663356374671039977283977843554304194030728968886556607702762693994070990225826784253955071538133586473634087398490840692083767072060721610561228461309640844849083932430639674513383184816251492199840
50,21,38482415673963871137603884454461441720811321008786603282491779659445787592368978760883678920242088092686853827188006186253364588811129581476131353343364750856083649782018319142729572037298454189756057210354381153441527726055745394600517398531728532113208256485750743955874229215680
50,22,1241180777143094828253363529571466528905117689622068461565656303625684488546199851943091690044770012311578030440421821449398320362996484080005185047074911678646013043773402351422134976475787805773664742452880292588752937995457511496516412122090208748174939027309473864785280
50,23,19145723388982159654450801022134707287800731068535488253210341858817346018812550975250507479966947597300539429049839579481942193000025337753799132389757191142778417311812317450868641191248655166829861311245334623949424919769531742051440938698786644256888181279622400
50,24,141512090336026516027486167978997987540851157698768740767676180649233861100654542066201980604316711361109603520569435807660437778015975657814055322835956926104501178740425653216796819806496839773435182168943343046736084336664663427470724203518195230997002400
50,25,502057419221214421167361437465796128298318090524598961541089438775334454715334874325821339916684886396350578899812041243584786090463789409256438432200231015570934911284518379421846981195264272366027963625168232965179327340669662554452204525408335808
50,26,856334543646919424366060808509411922022078864081727431589504337047155181554278938678061760396220177379890042311648134867559679003809948563684766063392932456717151243909180379457920472883801656446446859501777722882312942388250092818007989696
50,27,703234226802588829683243935218491772050156969280902397323464856658647044430789825126098720208579307836141230416687051292773949101849682353991339039999859604182858771585484180092398892273899406676612923702758840104041616260885253248
50,28,278423258418990467656044508415314708341391425405181783899971621714821480382991841355388609515971056086567223330942416178368866048868451168254813031542667595244215667596460991024918174288660594086421089127068672853491210720
50,29,53209178880779009445721513228070435777392907192180409083432773663787523097839978336667512789452732640413221692046959843946724834377667256703532884166124943380548386294276984992940524066997473690722899027200343360
50,30,4913641609842584772442995475866287399840771916879361744933698261235989117377495634456048672505990862513294853937378497310649729154373094161486460448176946366044784026682945701496140577077250559516540672
50,31,219444493611192537862368130244323324102126194994716954148657332398842930198047362139290149555955247940127687466864924860749742336293897909393698298687688222400092791227152318841892237685273088
50,32,4742096739058683159519160115672986931125459066543070569129522613719589678926594241911199673423278781820933036214472222245437921194878994545018802199973568302348856544194267616655856
50,33,49578706253204871164053390338988288238106614053588984593856092585544876805214534651596026534010572603878121052399688350857216527940020805538229648424925137667489334028960
50,34,250465130132575496092393788517021369298563519911099869085401744281142214365795410383696530101431800240832399864156881203918933360170140272414370618330616054120
50,35,609227415136157877763857502269382150279211519090806903715043722769484771357500874550730288865516487058299301752369193149647555173391603723276054944
50,36,707712605219405987781749799287830872160213767657013765602606174223865582925228576527402672227806427172996783395870198049890698869126152
50,37,385871130756491275521427703600112018100737653941093478376625637734693548497294254169076132046669996802538419055261911402864
50,38,95252603331334092367557477745227361728646739277374363278594803717627172506852593674755797879970943895049362280
50,39,9881997397212789253799770211735046970579896311621315936161457862814431073710131045550505816405440
50,40,369113164323483298728377725835608797839354740637265507621215085891105237798276202872
50,41,3569218624654881640371639550383745916108568901609025313216059550683376
50,42,4238660699125547332327833725473901119138079144348841432
50,43,89440086084456772727438612347033821360
50,44,18277579206091800
50,45,0
50,46,0
50,47,0
50,48,0
50,49,0
50,50,0
51,1,333290737116472663372394829239180895496886319918407537819487667067996640163443659380352751029310847068282637631491729647651144634814049142998175438135695968073839804503306760851818891797612013975929670043081095322014274882120650999342166675748291295374659885932006540340662936013602768363972684013697699110029852993047101547420255204295951587837895937209498312914579984971264
51,2,212506303953510500656971778944267473355525376908872624356122690577691695615558640860337372846402277667081491052196599481483458994298551520867600406992772355442444916480506249804840388472483683004179553265440334875501855351835043964387783761155703791980065901489639578764662418510610298261713687838052251184390032146458067043821749550272893711265636593860096076834882661593088
51,3,32765219649753474203953805299287604802763416882418922907898433597638629658890292213456264308033827162644367878356607649816275282770887979430201654425891748152356822983893268012365696482155347837300723510924017220489744395437073583392354374116037610214128158847215313254552987262627578159912432070601993473191980452842818740413628292210994533659110132279524556781603979134848
51,4,1684149511818961948434502443576966130710131643919232783435767485287245181974179974115862050920877846792509823036667952100601993487924864056609877742279817446446034985113547165717910039940791649486237186552084162365062073041314669318162813910591075460451406766104834137454980308902886942250156850824598871725422016588773879759025941454570434985844281569977028124270207541760
51,5,32873816930164825456119684988736157227166191078225910422804252985760135222744723272116425517794442510186533204618877111829881991081708211844215679762009138550695654890876661439335286889447227924648282844086719318614433154178217921629693328781668111608825864244712228081989509788561926725713357827027628953081402147541429522604501347145060781881058240500336866026089441728
51,6,260887223475441009997831682973062967836365390449089214918797962919433824704444777173041887660857223996183510037479121434872805445899775641203966006874627251027310008141153816399077982193002403372849191643467627265595632534208237346708924607259939225249249706108829612777709965165054134572299816686413742597241606538381156728589012139126012132381940747171859805889980416
51,7,876787033252803857856845225287493411138394370913370414908674615023083415731375254733301855908435230162392767917470507984120584211557421594201831512072201989478212645785600778934404649448399518308924253176957077275852836387598823233972918508431414382023148844940001391549653243953053550380808377037001905850523168015312193163520092025898901599793107271014270842029312
51,8,1281609019820745410683895469896646123422555939641838496181284206758567342956577758797733644236147492390050041853119596479246419905690795922895906643402047865672506405819606020744442124495855280622878165033283338503718090347407458732482367376289102276041583300112287376986986158250066509647712716723308138148362077247592318864695285760941461422293430795630269846528
51,9,830164064336933452224200763868428135806012448619231401580766621127765003598479628671466699023943863159956658409926752338307218319812573167924947918314991713910161133588392105415769066746128497413942548944648937445468335852023138096349706418153532017170699438812781357939655992600329554178636515812118936934904753856238772605486472296420341864033202438787637440
51,10,241630432098442417693061502805859197224668748240624208578740667733389006082902086995856051167812121236512902003942118653068368635550577616917278753994523098213492463387991285831786557341047873404111487842406663035195324628190157976012325236097341465084538884626210270296116222663285980553160867403461653950607204925079079801582976373572231347187818249207808
51,11,31944829517075895577059032410086317689801765700916623500020799183124942130154025821424090950252030291292338011282051745562505246321862569179224121227120642133213993668464619594261831094521526990987546063900088696008139491353664170737573862644624748513914527453824003181582613236450256965323901950423595213979925526109497143842438836124250342195234576512
51,12,1934964732627489267099101823802123862585823564118825430836320964167434943439958969322595517905523118625939554252140998603908477874011065584553118179741616082447560630160971459429758909325219901712216177871041238908503825526582811526082510109383969088343874200348528440335010379804087088751872110130972234759631320498843187068587044960079738161361408
51,13,54084710423465379401120309222970246241695466609055008849402649229194946090400675719862437020720608648948574057972590388474307578418045269799548271202540972903818783577622307280781720243136069830401077740834600550946456811373392282413075735704262466985092765076121435575438418623226908682011245274997304200412433331267181656456147698348218584512
51,14,701813683045665260519097973179621523991573427354066271096615112317205167347564532502937236221546330973010109917346622783612085150243749919383388394663149452286434689164252336352863250728970959299995962980001636033372702515904202978518569737853028253914560059725376196240842771908205143189259130777346794383106687699177541927111298078187520
51,15,4249679805775034253260416049170360097447495504933453452532098864331861804501824473042047260368758127337253682587373855182614494109175817291724512583163139138820645911113700137620612270777227432528059809378520207331558688104865545105789890056136395557900173470546690565968143502067828139464763560846732297691167046652638915023614546944
51,16,12062074421832820223136807473544090538601934439847966909392501267070913611691329791530103153338470496606284507068407368330829811723508776285813388580610053153087154240313431901590632477111293356505415462045243876928379749030974399626902760696211167476413420401736646839681592777742701804431412863587436683895884420918655526606848
51,17,16111053069571021180107083825196536132674406825190180021225544758455527719560369186369655254004282206755124712558957828475129477552368435185243950132056432122182487679351749814406899833775870167441411861902460228853901222203853473305332621797823274713673022649943102009589261809217704181044324057735818460613270566527569792
51,18,10161780221664031571357152040635214611149852060003781981187714826757453219194451364688083730279703405986510659860086077014265371143294117095401685461383152369500732346736014161656647470907230314580058716555204617118982756746751923039973095470259463839607530920956187733427848695779278848268955565074861291453526614016
51,19,3036010868752185708471006056116283205490904475999659200080449665081548415972426198796204562634439510472667884229340882106099930100848163058403798186295155508230798517863985381679896163453397378498335939473937947358947789781577246938627098454449459974835399263780777374937736676597734543162601740573593800465280
51,20,430853668998546507982981561525678895102665400342456556140266749092504042047367737001839287947125980583370801103451863158850329765748601338529419478776797028211823415698807059504632688692852295893718516145961895467599082727329228661981345201279439097777258082709558672922370445386193643787331463660603840
51,21,29116326163990975061515000902441898582578443799841905047050174917193508014434725356911696026739407790129175436899234500875310306958546084013863845828165768496364690280603400479257765616848787593035016954269932124275172550414095500085795456303183686616513498358571055059676780221357517626399268800
51,22,939095227482561735726563309006735637080060243424578617978055210131267917971446205053793506313873891669637162117349790357782184150795342185449353853691793752758394297685546433846800820210707077735089511466764539840995731093700505964422827570040573391705479277403379296147907074414873576640
51,23,14485953258034833377482356916840910524252139695287093048524784438591520257251099592871816595024971011926755508179079200972677590858012769458256522696078621259043285978242224429690801811156025428659091945018466994621256691286902835299071707426665665112945108370856959728086746274560
51,24,107070615200860679137833024420543865305170832554955682227154860581680773807107013353705544825111701779415416331938925406830185167326285175537758404514110557310247226957561972053128199923826804080417755532924940335139836757602311053434783042194026394155128410401584907841600
51,25,379868358810715758649821359395220643897058429888281272183518957927954858519858127841111039128256722571626014571812250531501492267909809516967178097620721587753802984938997940948540191895700663510217750247583157384561694978462841709770578958444183004891267367785152
51,26,647931800154708578655117339562612120636318792768985449562284978456043735374798475321530480085068344736683919554531064775148740222135417306460091112051396658902716528347866724621415920902950224300281335723022178413172123152355919791623475667768985970874176
51,27,532106183317623409446275619893891712427432801839678243383749170237260778369701199356870461093190221693027553923424138550179496323290095699963384488639202830626507200481235101117695986896429273504951428940613802187268703260626096729039429156020608
51,28,210682897564887179096042329393385692208100776274044000803872235547294696248739830458452769885000791591367054566106513857265467083673064214296899761123740836595844664565365866374473364936461691265333275113393086133429843862871974356475456
51,29,40268202363894096155407509605145705540029292817064116170029266606234674353677022895690796761905870548693154547139800237130090466472052310345384183357422570902273895336821639454681447455288561075184161736973942659898025025139520
51,30,3719502520126974075353655175671399365423292388055596045014440873710462335270387010024113697091973107482095723603909941261728728418430133881628406063037610868632499960333793278863059361032597240529311179577636977291072
51,31,166196160844142632141494201333213473425437443094823919044607567623037815344602889548565778214480941194167524778511371480767086925018474452871111681961261701496297375211340917069566536830383397436320895544832
51,32,3595035702547623259667652206960877940944067359521284578027874846000701114654510566067001837684596993049269962875798830188174990309336936387037558365062471804612762476977626647185814758264106799584
51,33,37662881907311910610875319666862721312474322408436053990611354139717308509661223252708675109294161932643463992290802196934619112432281804753068740674930382067711928734091754052692343072
51,34,191055919154867677758617920404229335668245176157390387731007957204873829166285494313493919340446984997895527296063830347264457455030601482595903310889701697817169307375427680
51,35,468627414644587133571004609559130432415694840695990586698920048424839380582223318796256042200755612529011945585011018933361043029653232652115761001936250422711952
51,36,553686182467839981231692387224581498815652467179591134627125727025796334441058394506775743983964781182026415295468972564735981511306310191866639571504
51,37,312426424155965851017410568428955075946973170159745405434896690185908672728006174747507371353895421939130145255639234131671596217678734256
51,38,82677967016688890592073548634841150916442621427289173869011511589020636511213747739030474911240964763850671650425277103513008
51,39,9881847002035052118339693068680410494167109713682679584061419189015278171312145568927975226918738116105980560080
51,40,493605769991156795107565806436582139349670604394087103342396269478187159162498534590181181822174416
51,41,8768688342710918487775821004232836273449511099053474562816428900121860499836092489232
51,42,39261404871204783141227011194584420119532404274932057720735129977952848
51,43,20306141953950307970645757123202342406306149238689210224
51,44,158552879876991551654356396048022558520
51,45,5686357975228560
51,46,0
51,47,0
51,48,0
51,49,0
51,50,0
51,51,0
52,1,504344358677254826786282860880677647111701784703465077611729631300291275232950770168405757108097685233004392280231771396469748051170048932698871401368791261332799056805137789386949075223732877473495540447062945302528784100516644048839518916631368868572118211645220576628306075399227987796054138870951891820270506950776029787690767076843578442144924441082263949183740935371244133055126671360
52,2,321570159763720670624803483920872414647257646068127910913530511164660853698730020156863880332733255270171250883798733956019687325389589321452715741278248912210832561924410232705967423660077488376326814933209586230874811457986217446571784789533938892128936802118292954491869894598195670839849691070991299932161826430823983181015823591042860432432485661981684752035929170830340063548905617664
52,3,49581196987790273211068865376829643821555926509494782646655219475017034501980241538266022637503910159605611704657431068266438084264458308216952300160628513605544693457389101577238190642835982377842905561007913003374998957641281712730697330383947304517464774226367115168545360081509894517964416556588460237941031895119035801246419248028305947560780734895291984118867983583522980669281431552
52,4,2548499585689438000933183995526431553290682786080275980790274892965484742614800127224020446299751626605540418321687108556589098315841824148105067425819447666270802133274607460627450109251398045163375666611250342576734404205520078748102067477660396667711248797576911686223839701629830878941507915611177207348017581762602898114474771265046266560035871829205843998393164741790827164274650720
52,5,49745529264887827578808411550718298201269878999891020432943804661144163712365003606234550023343616806077295008085111520436128429050860969921353722737739542541729550088145694378222667912519725128505315209044435668494661199337422801626351279079171490270813336292619219391490483200174533174687655953020424493162458210519190704586259099135451471857717187138233651396570161148588328804483584
52,6,394781446822309122836442913225233484406547923259047497041714705301918557916273149554177242316094307250164246427839530095687717448195738751771359484081539895669359487255441300840483507674289258128721632851834815699793967337524061079623256294942900689410034424504949372474897999490778232292488016615331825221848175062140388969646650540358045204940975066091327715853811755128770425526048
52,7,1326777329043639500286253395869862720718889741838239991114382208820811786833174855238407312877580445221663504498380986134810228659353791579631894362910874749568654063318357925379937184768807455123895673130814392019241589387321680242261130874331747529956856642096274748818143368235692695550000608208979758301337876136520525590731091246350703969627335990645784234163514390029202339840
52,8,1939364666362678649741751554268649376588669665464138410672601944985827600679534216543127437489099050966210358363011241546549649788932565106023959297990856669056786967435610919394996863678102671529462828374804040299557449838187539087284536534723715782370032499185385123280999294243014012770161394129951586026160039755006470181189267760424312338785910885188321243780003582481660448
52,9,1256226219385350355748208377280016190095054072904723017961180958581404777884890752454647217136671730852507670548803902281035933653637996070736315424843435866122481151190940209350086712261692159185869871972096418228962730936340856746616426065936040866059945047502254637971494963707015647642455011187725867804787670494717908754307084864970892363809789905175460547886233014277120
52,10,365641560819113391512040425677798589453694696304897848617754774372418462713958352718186333198864434545017874979130901432942183531851719804304532903455179479884728283993707262613132272049803540987378807651895736946662673827649038129563446820056966260784701324098033137136584725533849107565821706756786519974136994505214579266982829676667677198677203853304591643239790962016
52,11,48339760950912028486810517989159062210668508656980518249092906198163520071030465443397090376607733531697548083486765235301191946721500834609431642903594280584427999677893548842651339562684138241575638675208417377012007047921756133216712229107689298549552758021628799696606933406256092541777267837824491092584780934808468311606357374058452759627905726646554103785873408
52,12,2928039813057666044922053994189745510173410418196557037941553643262829933238712066527540654649396373154635835608330768260849069494406118286853459236450499787580985968216010312221497515390079341194114241473096382337855798472009125590536235555439520679298493843102562740785944940132413620129612719759634276139044179767108286284275703641378444176380319427238752254432
52,13,81842414392706283446803652495431494911914709544841922916726619322452053043453995649019065777692152347141015400520521699732804928957317485324335005650395909884439099199509538702808114848702800920522463653550403333661882514839253161231669220830953702025935991428615730043550566852517021749185696705971732386881227201077707406752367573518423574831780040019042816
52,14,1062003029879570938394094021772891507285968385329373551029057984977574351963284379464043040051395670759456935962931737133280406494922050592168691862184811258661575526914887036560595173864871631074111059039105209110948880878674839647206427993204689676309131063090254845980000155297593745246041681545752536772386080885044272735597636990223810818691969020320
52,15,6430727912043735068343812048605842011569490350336555754137490661029163325812766415879561034408972232635194446059213250495894397940238102455526612450434560336722228608164150870691089724826444000278176264097025289161790004906968527385730639347023829685656826348541211593241829186531015193388035809348830467093004351781409804712339496483932501993709568
52,16,18252650222803542807728357833900844622058376913662182425779884973593556130760284601524653751003733946431502275031962084416003042052258146267022800375037861472906864388251820520545933650421979131075733077528844370679295093720467476146941375531429983724355293404439806433143211126561654658248044745268184991530601688727907825064471793002000618560
52,17,24379672121531799254331027576751769567184248661160270106144567835246784259536566810442541345403382399263721514466884079422116884665074443350931080941307384111980962911963208550577101528483616007722625919726541938021902908666384499659198084198914359476260029925320711425407619110285715421070209942764444960769973516716780197062120502384640
52,18,15377075251931767673412573705719256593128528473205905836033405153787706943666649688625730321985255917886675796495793195512838347697543121880752417836838776655991114937462826103853036545144925541953860511301103573129250961882766589658658055406681930059596498855836336104581903277968797291347776177403922531383607663198515620754784960
52,19,4594172351372565226100585342479073747056983913624761929139488800212726758811575210531153339911475323829152951714830307005364930254848922472095581438735794741021959030508270263633656800686368668068260823467603952896759633141890580244482095096209865956238773128139679534297735148414403572499164549356864959630523893943312097280
52,20,651979287089268703104204256224956267629699046942124482737706652749542006719597298363090045200876957289864471826462419267271269657087611463190137862674523367445697428433174979732424468550197242335906717711465434529143970569506608906771224417401833369383694194825633873338186736204813236599427718035585001580355551229408
52,21,44059611591120140011376681468849177416896463555182060949696312117368083292351982657495748188447240257055389197147855212369566623157682441877478274542816676223740842141136296886929820202349718098025647189474538295202789360070419356487161872661357338131856891755314209668081863269884021551024728179993054183547840
52,22,1421064853198863147959314821539142372679452498137310171714230932144468692939165785527060041877619487202495699341363856011780272860791602667431182718838069205548195244277309190022572388998502743971306847771559354739342736079155716406490076783088407713693931992876075901758977621787044501809122591017411360
52,23,21920563164176413975224965738863187864742486253926516713261197915880358060691790595377017410243476092092583801293386586896559408731051653232081814229382913064822505074093814746167417875334684158674083438921226069521972640027521923135059276721625098246287434744675177602859966149696163727977691200
52,24,162022628105427109886461485306186964079069096048640038195931044980834267635822256069975835426507304015898593318696813904008409949142608947407207064308101295745710101656836485649578088771072460863144970167614967335252782111138688046304088858790956643848142673129591072195879438327392176800
52,25,574830795381350662145204964515397273686675675713159246751205847535503685186544507571661136561417675495482788164211688234638504063131538035811283406952540168742745274255875350903453680307255048310445712258535230749495533345816807600193189748498259835541882743818259705715815810368
52,26,980481354665800043423081198172329969782431428711946597576003607323758583917254937656186057094389615922938365917360217365011423171254154548996257140176404073884721159588795638165610978697150392691051717133168662975381839872500893575373329469260327760113001742838598253920
52,27,805220397238628937648526552101998864949325938134773123145703892550421750457021375612303849271115269583378209301809694629571988782518549841966122820504497088896516267874857319440373328919319269884165681806282469796221835778701374779780559095143977088789623062208
52,28,318829760161622504858669543043525670302412765625327519415636983193500978170335932852711979851809097373019326060395846818271964255785562099733222696823965148719654894478268866432282976392944529012019680929839463004457224675750427234719724786168676487200
52,29,60942258622283885827328983431575433746042289742873147006127422737757478646339590476300136958748425618425925115372565828324648599827427150453831284432060887127408245562646662726377836204376139975704227387427657371167276993654540686107433908800
52,30,5629834293446025634527378618594337011820425544107715132780203269524293325766313242182126683457789046785108820290416216617985288234266658990190362970737964445204115256606578075611872156537068824223398356081342933745700373313177580768
52,31,251618466447198255918891682882480388324725055098375589630949899912858210049845606724577780401724471074464311903111207192355722371960696728882534763688418225564604775790211917170548432697319013750733099897506918578609201600
52,32,5445650925294354496272700911965402360413475112082553679566392534194202846521608601604085130962972179900196978035058646645373950239988739863322973002820529139986240985530478113074410826508507443560870294010819760
52,33,57110628240068806841753997668087835037149326707000304523135932180629151430969988324511695823809941240707928526734000242759932342396094439985165655932884295560553892227938759721219387885666218774426720
52,34,290328756134839157545890897946343409781989486521725917713106440214323246752846340891393666108286618049737377592455804075730573580961240061396024404833605892495276841692404263859618848681040
52,35,715209645276138195035385055478385028244662190053939607372579495797405687905884109314727593319059882652198175389620397488520256156757902657700080655555182136450559022831735930272
52,36,852446284684831756657679679786635857140851589464490595881398664851198111235549662329232578784640973127164777542062836080543115218584062676137751745671537420019179700
52,37,489593265729451785505202587023458745822941792632171927642285864716909929997713187196574972440613762543299911426324056533554463229271573027494988497146800
52,38,134285810151713883291784841889090941091721793778532687333205383235253803943513629401921780459542971201599909411637359172881225906783990265640
52,39,17258495627806226258399093213011155905373103592881103378460844263857885167704902800519764235535646479480435912655851275652939920
52,40,999301778081805550084043534758992496187601213284977950883891882698777830608756216538115561202961647699158672621162
52,41,24042212748114835718077787999105584013008415199988604779871038189051254079251736230080932348853418000
52,42,203141279939489713472767243558794020545854469154557981350726062912878622311511348550600
52,43,420918782456409966467820494086343195225985947328735234854819445344128560
52,44,94608161376359409703459083578929525249733426766018619140
52,45,271301594456185543942262649037031005752
52,46,1607014210390680
52,47,0
52,48,0
52,49,0
52,50,0
52,51,0
52,52,0
53,1,1526374446108203849388341955765117333027860679536079161835237620920655603195850835411883291031728362071987054324543305869862099814677462700011410535129505489661094942729661676675246804861564424230077877884463605004336356072249287317197917414665526484396027822727801345997670639608667946101186054272939369507115540149452216428632469111201635697732859809317713401475090826171390368202792079152109350960719360
53,2,973216942054445052286149458502778176408969841517316936018001800962847823509012573259214425205950808906740673021290056330111578683215042687078008805552693936711682659198117246932091921059665626630626953000309356148092341432818849674245989075478185133313068876018741369248155610381423231616009191628565644783049900651720163181634464186314354310271765392084439059492569662297497851219223148194007921590929408
53,3,150055157329632262123247662940969030150144590990812502420887143401499546902807723197202755040164478951702638890160282455046969877469037156519335691069641085915149981683918133130640764877223538616577045070068324672675375802109256602030085966034084650879452233383290806440912257024644332581425951057802954749613325597110870214587290219306123102492530940195332145793015912982750495684297879034291776995379712
53,4,7712913957671935942383358102491668205082480456429303139277918552744676099764766720253725456680643193326888563344818208139655639489633959741424545359380582611227713831679306941388548867495265545809441623245852755757697057349281884147367513919458078190827690799363459597675030050357260136334706849754539607266187139785849541882649812300500186406901432539249546413363053140587943633171514326558984541886464
53,5,150552501226059450692847870454094880778279652681401713554335056787056854178485293431198387498207291077661472758329964966381473141843882964720225741672470542651833182255147553978920848156470406132923519813904489828154157314598820673897375081901495409554160425941799436741926218875524593274130716069797800774250492677383879152674755861180794504834282879344342475055145978378881935078976841715427960973440
53,6,1194787453970489422386918889967459341519846985500166250609173165868349103089424703400191885309175966367139708724810291714458113807733885375526270764645747519164797932217416489219312162166971956333976850669100452931717969031240188034363738865193540044038984166948449727279707466790890555432666430146380922077832788025498062724225396340007190170159157296640486967204328409333985359548232234341565021184
53,7,4015429093027958825726480334399896457175522987464136945317026569009114806224689899405799610455421335602839844287441566585016061071005343985410507149398026122876895640524787797386400471661719137926556797232112211890388889522338901987253505095408000739384628399814309426830003793507592640190065689705963489533576384753983152618765348001291684562100396152130490288327193492867798420267143406373405824
53,8,5869395815620343461338694845557201080546139636990528995614640622037808843292781798416752646216101975065136925315635768270517819031283734331397585836633673129776271662376770059292948213205314764411145536436035954174085071759985591829156620544895403099620986670874682117783250781242153295655008477785681067966964462582235317810586715476876567670442364344508615097080069936053510281477470931991552
53,9,3801909482787748663511739736005063249967871625538634964283517864768663514703147115081946595123110512260182616242424148082104525344223993106118824501175326976905315936893338035233756173070353795155040940029975277644486782542142486985121315578344544976261243652071884201459369373621426005807398932160292798269549559756337284976644095243850559071174160600233337558043904019675836340214956461952
53,10,1106596961571616456006192231348821650278353993415130545946675224090774056183817283866114124516393967753148370468490299606631934121916016610683244994115665069183219623802320325109715888322918733884017548377514045818065854152246461004967476205133258052374146566437264867226075728903336916292049388661726600882897598353688731373562988544546690019666922595949205723104895707171064588667523072
53,11,146298009653979779315221575539989077531024703526850271580553570331748507944332471806044187080735320508172722407734689914072180062668139821154374751426656111702588948517345773538798149076432987057231605968979631614822790338161828232432467870574865007572444780121582914557417911512012191068848740692323870018674098567820372867150059444130369590660538720610450999719140843768393745404800
53,12,8861574580983828770895617403640771363518667450399405669402058815470485241523627964253822349977579686850530321949880970248004420459452641491839246854191087507550440148201771763634251270360236451099346846590633388502624191536691564554228171387065350412433471564033332545912678864015083108284196849959995095915940462807789329494469165901550605441072242108264480609912342166823286784
53,13,247692212378591919712756565080594655206505741925713011529973711277631771995741887966054606857529950249601696638102421724996693096874475446014314395308763613066953151834462777298963992888310109386701680257196428390546037160088633302495879924797624438074655787133468480572554691500276143529753034971941521835104571585114017427579367838162499286715029390136308287169955800275584
53,14,3214102151424915695377791229939664497096079662588337486271421542103737997583807319193077048807512467342297135433334969004816083754219480294612464762799085149116436297896762235726209480297469386814359653530735278390319107400668836987412211106875420125060789872625099307425165337366152887976339510431345226888979695861840154155953618836252200238520924836571509641142303744
53,15,19462295173632739316091835248042572101093024332434161703719387659241121702028390788004195053174712345947137632908484414478802913579065582931633826633476355137812519580887410471046010390307170160492837439594549715555039538622765351346460400247870265077880926901238182474412087589582909539809712628009488159488981594829227538128326969092587063563392346346521244384896
53,16,55240786442197190155121671763206217962352994684868803302711409730637555153291775324911530424788705195285016796032542690678083515500272821474647790990874715093889577819244897045424419678849602318098089847956751626457845722154418914287438287990588049975359369992285431643587760852986075907760299250807800067372020193480728110919353025207183427031243751286151168
53,17,73783930117248208335030852728895320965816080504016181857536570508350631657266033548141117079140276074067433857432686733635536757782834455191195046175456876891679173377396416924108383506506447354686611074353441726194083447516226866230284647561996627444510535481397280970736066571509454899256149390852579303159792751568630390281903733823104602040357400320
53,18,46537994972389119438510602252371330081012804725066426530617861921309498324431589643068358730280129847977680866033589832283229865879220707310803950158327138506182496753953115138556340923693467652282778052759388459210542647877167664990135438113588871990905452683080191964170799162939256610008394948716565023364428715752855485073023775173383739187200
53,19,13904046856357673328044269614105767550142526741968445381757086536344590816717647800030683723204347198877037245159521892920852431512479186122920143046423385177440243064568400950207428845397093323995344534295716067650181799069279149079169927372772392240882261904268583628227774896494589937246332060233074045835002502130193859951889380072646400
53,20,1973184788419119921727825941085718953501627706348511516603370724757396601820372329695927111410558661723237790744111949467203588363747197636955068540869993548734189727422117359866402340358008196138314098887080775327429421095162857624327231109741259000697831807252736587899186859224813599150402661871960014169602853450641685108622831616
53,21,133344365179925603289431821750918143061833797986551293279372232543075755298319827790364073836241992837595247881975523013209010738032478508257034484639141610694319050471999990256802596717782422133615641216412600649139867139999326350646577570415455495907271319605859039534230318007033364852042982477360110322949959604986469621888
53,22,4300787577586991922106155518737574202528815383906458895645202362545909163557813534171698845308991511537313105408507829380112268392812058067647847433785264919818439564127863808067001397224826947026226087476493419826701625339734523326351508854990931352604030264721253602088232599088010649804386937510223951290179919305600
53,23,66341607142455310932740329488174888065641445482047394048654608227769194289277203083846635470832378219337914693730048392105597487027141447638891974405680523486194174998484705105206761166552182310065634768516965607489033669185089773503557751363714015498586459467994449645702333086718974983867835526596435247196800
53,24,490354693394107045646251453901147996472391620203227011527890012393574013807049757226899562699597290504621633921430037100423735699127103165134123454567982129398241609900606046063644007337248446330021899791148221986585301150331666610131558389514871502958758545837563420974513186269180851283668036428256800
53,25,1739704462457367429301638425596931123429489294052171803562476298004082047780250534863706413205901464773714502436519711382828343649340658136075060546546490871109998954969520140368972730709517144652502705141888655448873346354244707843090041383464455495282394777490396104991060043955978548137318272
53,26,2967402121541929465485974716175369541970173936559416787945758919241405458426945318372171202428461114502566336409709018461195463262327004782924380191463146695821386118580112372010967637723066961368648923469688912188823441048080216444748839930292978483270924530568935333158597499062150528
53,27,2436997764047324173994415397287954667053438263543075438247800273676121946619277746741119571709704858564101637100898879915046165279483638602063835057101532309323934127747865762121649960249840002380940575669631683954018506739338425045635638224914585184758965315747393067249431936
53,28,964952547945358119902970605234791236699464440340398401866990773340570980671857195566576364121467621179481785824219988518961767883014707815235226318564026099254310312631690358102744408743608422969189637186445295814913668606115356389376153890070177563507046045253225920
53,29,184450316866814072712699363050673035035410916370238480019959619182801975601345651868528249084028628354533843728440811363606569547632766963743800795921043089909988685768329610069929284603833419190969007231090733639036563801340127807868875425516079625489968000
53,30,17040584997596943976522096339179686405595755388114972003848955764323722284941702312335754194549178421146718883893745316127461473693823991497762507458487896844818242453152533349795709296716622124891815376844192148809657363148072545526591748811809408
53,31,761707863268152489904738443984623973955794569015640586104925397613768484707775680059108633948805525556935215044195446230352144098036490639226270835154878566963153792252303100481110724806046334764375329655542933503341100914471895801835904
53,32,16489658942785787067870120072168458226058073254206673662140404804038383497951029996796989601431929839446730212652496364978959661370140250054169512729247635583250762313055759114139636076281621573499958533865014095058514220376360
53,33,173027142175195076267593861455106235828203403548399151008795244490740667648486047147775849173421734470458604494940266030625528199149647392479315439120062519977165316822367797528822024205509325050073817519277505839680
53,34,880571979666128853905550287201308417450483760632485652139829112748854050361784781575126803672091514891488398874163967592299141980553416071962394378023225085436137674360942902115993751006265580290639090240
53,35,2174081267319237229470000635613175642707456310028093397422923905276066641258402037919781293110847157892757542964365421853169280111262004931430870010930229385256009080648451016738433367744224064
53,36,2602965770169188872867183872935916375029868601359419691262163054136188847402182612739549763084554875114806186073506847319772657203828685829291980110176973657500596232654838401091552
53,37,1508691689375543607076640050395641838218163652426446322516118206533873972508360403943734676887125350540025476236901385418923770157602864714647395391013622943649458786480
53,38,421514033728640786465849696074964391358465332631674816234267529777520071351631356675861695989421912180252544380897239824300396428707759984504611329254824800
53,39,56234765420597564722373584256326703023749656202222743651593081380592474859746874082937700541264828293004933933633999387956250625531715241047840
53,40,3512103860262660183667239553769174485974762986672397724351833768905958946579721023658239160563171576955569411570567833001773505144
53,41,98565277818654644416095266833982796264836257500199828406176430000296903972544416168814681370473676180877764476350392
53,42,1142577539172522590320259586057564015936734580353438093823104616240106413888751697719896601666612520160
53,43,4591937769795192289382426071718171385954641066212369122023067127124541977916657097704480
53,44,4400514543862492050943799331639617020570919469670886048060646716814260400
53,45,428890331572829358715618602616230139077442802996948223984
53,46,448237416927610898687319399492385795632
53,47,410301500525280
53,48,0
53,49,0
53,50,0
53,51,0
53,52,0
53,53,0
54,1,9239000732922111514425925482878839962013680999666708953964688391133471141881002780390256352818171756867003695308926660288713165007292185013697483378219741294700097227602689909208047484373079561970100761824602961537419772340717184630611131325214835748193162574752459370706987574112134273642582055712184837774221881821787383997223793164984975250244078896887403518620013209557676338352576976830637651631678747425128379654144
54,2,5890790470096708961030998098142043740819060431299710108912811784202924741115116437063109387477535047692630249917124808448214095336685448950249803227393753341391808754707874270759994587662697793017871103642960608245713730426452663667016811236801391443825823797160661990521140059327317517276253421593882385338399155677510169704840907790647405863975996314631448982676568661467434937380973724579771943232051990638848766072064
54,3,908269731638975683333985384369449914114395203045592884334858147883195726710459211648379143380295850244914699350697643140315804432937708065562763481620543671153723828187716912879192448379673821231393528467389215809862361013767679101593633432876451583187144207227802091888968669881450222271119183912900747403921912047207042860647729481493540068514828978505397667744921390168179212721014921612369391837057926344612654278656
54,4,46685541604550576597641338366402180018020235924086630310476907181302452553212273163167769339877751980984831489659173409408731447227411917590277224455785558817887017976487527837132106702057132569119218691370547143605015275702265018081203968942895363797834296721897225588266469017566642160599588131795841608854175959753373709942571106979946642264931676587911708704511745887983043386307905330331928044927947773863681850752
54,5,911280107392984081154136286806944891231508169645528570290995233362136916544145537390203635468099437955540523503830566521808948916257988902902598892691293906136869996698192332917064907324758277389056359246390354838075333733909897746675426440831851195106405097721176572943544126632442908726972541174339165393248235084170482909924301110949316578536494807797249143414184717409731719293965195451060841528465607369427650560
54,6,7231935906078450246043406921928799915477219965252155513926988904765265314453910993093749614059836206781071511659449453200366192128540569852188785869921091720441265392627385706715388425746040345039099664826777105986838358889723743825185372341321316914182825663516012540574020707764437957471585794016543891592555677174900541677458834590779797244797250204705182209333178552956665008472823217913188992169931663974315584
54,7,24305014033849274933841622196227695270502018271108602990560985694848106691660458546591596628499859677563532123386603938047655731243097715708350353774131891518101166803963251076765736092973473392763633806285567920068975914178231636020463354190276901371014631498630542841620649023866837782989737054948842379059170135203856171005184429445579220866030555961005498641870013454716901110272178229579793083239243848920064
54,8,35526899956218788207623691270772984521808217255029421564459371133268689538150176211416367439224251681274585878919105278763427048129735903718216573317769698890081676063507327705626692720713052771188013321550482064884733095412290673842141488307315918811713608246000378012991348474015029785930184656366796762795606168400848971691490578396663745661455379408269776360814462266412863315904734751825443383350103990064
54,9,23012599947514682084873892483167627096975417439416663016512672338144966784096129526682438748602763684202674922544975533983982214271741986422449372977069707506752438870360812303915995516329437397516676099321011492142426602476912271548305213876192468528778940388382638780202555511613960752122396695495976752520457222079239630879279699720244188358592598322219028567749565831268388469134628733059695002114216960
54,10,6698127163583784441647966529110640654506802019601932062695321911422240567029018595638993987896020280489136955640152603264971399065895387802238668222770834103529742542799422185244601965824761145467484459270119443617746774182649828258797273835548451044235191350876184737187628166530246091219774044295761735348196885133272411467611897849050386138160180219902480516795333944346925586218118546065615454920768
54,11,885528070744147227200477696786277421933296336010693691661228194757686748083034689926941379969082754888183554476529252375999099574272341320805566547045408660302067351727530662957561400063857358909256830721932903347633087158380982264996878526449358541477719908440897301531036201108849320921895488748445411597736839558690459932341810132284587187102652658229660340107094436384870780703476201482586189824
54,12,53638276156550303858767935024918514523467600409071258163225904504407455561924517537862589078517884685703018607676149837993208267012628201593006503120521772349300664358598984990449484064056649242516516221506436284288326806407990445762174386474606334851884606338847142445941003989978331389834186653491254529655053655966167924653712429347631445510226615363835223423064513595413934160579315482530784
54,13,1499257628522933088480692171089119906799583037569796345728725824522690053396375181446065989312589104556053568945176044020534775339038246332080517736368601779861078298815160729406367839176794322944028083722838591045661564679709008134962692044266809059366759486625279453546034978530260071371155642015796946338706163848658658429669771677281382278851449345201882175853915499334795553030379776000
54,14,19454657554803113904920444557722307219540572257040528057539782268914023831049508933347099277531378270742861869735911159782531840792399680313884137285304748765515283963776602248703714743269716788999598974202383027683319111902839173756650691842052774046066312057025951045350204622602113749709670948274227778390763697675107135475720546428324295007994143784429922963112865187324699683992640
54,15,117803439416061700226517628418840968134471573118958387587239535709510320726476790619568587230017234488416652548145543935984887843235524652645221466839471999553437134440139157487598424023633364872709566895786897085782569716928779242546884655089505133953062874081596109545156934061741822327650918901039522396092392381684841893795468800868025907893346569016123549743709936292578003968
54,16,334367277317912183214220402408646114432867697990255870487342808042154498784631317650913285950433255723695902004517568114474004083614616142845789861497878738865972538022771166869139372996550383641101777930490078276266930029523623123044474743225136022802274868412446022258381642443968029432710136939609911913683884084217213081868109898989983658575684633183517540221816634020472
54,17,446607180681464399647707156755606716262416844630743770245566137390280623437105912612774844923319921187193346015111025803255605912480727619825372818039167943161255984793276709657015269173140894828394403257237390603014795156531158004608680554205636022631587176732224996825534679292163614685344573441150785707249346690436364556575137029181267246205708539484289848464721920
54,18,281690102661841780804624371501748916770547771196968409248694242918767665783368941319955251533244990988363411286171770248930544095500931222865824562122546330638752254284526667871859877122737478988256356126067357238056269194015065522276778773170243522052697440289820101041587636058720579759529150389049047057956011110741494123351839397904017037149449925676457334400
54,19,84159887762300657557245090543374107869720095844371951651611181708088554841840043233809001295061423738689549269043372765548332687899771924553877378131044419533942085898795834117198169639429508345778290818905338950797361122577737794175813818737930616439635797239210767915692581822829631438313403510279718871922152516944867691829295843776179364488474264657920
54,20,11943502218710123057202174598715386535035256100655454290031633592062888830643755686042251651573740936447911431911577305820814832712631379596037112640313109833894951271280750814649775207290972373861820039967027172389671917065226940477219392108445531710051219777159037653194074045261524809107987930747426937745173187819470848598993017651896914451859008
54,21,807120961560779882707295631378203522808996220323738345092593154724917704810401056761175107002668274530970409952299124056143304470978348126438703504756137038601101372165545870551277527247956325160118901933169167921928738599023251739468819114874917756208108814481031689088753533720082790877923865060090807782654651839449410471197783543096184832
54,22,26032267439799555000800786302215631257251631419292931639365354344872487991457697924416267937491890037868434436141353933991944758381723361468569312497536949645112994346065086477880281315217510155058614367569742650648551811806560889586758876646959449628781559929336995119655607037011360340546168476676850879596503704095217930301720590400
54,23,401559669861929020974909921592077112251032087452182172312709077132687859065067930206077378592228498092756444118274030482923553841952668746606474661322237815375954371310115106977802931428003302277113927546071748630196320404975869107093369879464059015136378136783888502741318173049516341092258586569322042515651812451392635319680
54,24,2968073377595769568840687700227620446691513300439702182673511375309894375185951974964418718899306269349527365333660083450265711352554840900446479955352175878977093863095068142624288165613994773117628320431551873460627570340366781395173067012285588983348378759439489233077473072687928342016297823718955141039835592878800
54,25,10530286285285400867954155310824339940876202021883562187561498326709706264036501191610680006887456813422122193381570999709693693351625443105098316056847906028651602767626297190118515862333096804995399857159158294404816818944941788212358018460338822906627983902441997335895062775626872353309596059657610624774752
54,26,17961472262918042108339806802916339639352182651975129005395427869051268164073148233614169927810583166407754570403304474257015495532973632514462616954063019161890738349662516899356982710253247395036080526455531184088899260517105363306630454846819960980923226470516209178794557202221172603202319076359744
54,27,14751030294782121890221470584406348604699314576397499859734968776644180909796469054244651289708531159164754052352202735799246303557309152186604638281980319518867862973655281320757485579886154040367492351875319846754217518589011328284290933008725223400788840748470745050001734475242966016032128
54,28,5840857973623951592713360118278584117896430224184768532192769245343936124893890850509696254329377488660346293345013124713825870725816389397923488704266605646216930302919453662168951603172883683936184935442090773084391256877562126455104631364769362956354683159574125161422784124565472
54,29,1116495986224708245554485396972397335372574107044174640873249154898616159811586669066519075058119479988224456090246049227070837632795324564117130974471820287673923277534593472295920361490831822657565190157261525099339312471403713956729202741575571124669498712234238831108160
54,30,103151767858819753971535283387557648700312599590335703808586489243543714664031353173195739063889339249408442503828594361795696953240541306397783595400347367527221971425544866468399490125439587697228061166004021030203910303056287792656702421733913690084256750032064
54,31,4611157567211506350515344067087183846997620438537280343373987285469406965150193115206954310722196567586464651586676363936632066991345744677950878484724388136333470868352670953242499514024444528188605837234882276268218422033490327411750522347792311006336
54,32,99837311510216066513407201320401781254518342303931399360749714656674004043217636092446934983329367487428659031474460194937746295029861530216523443816823324051308578066177996946190328522641748653807467209281547923439283045388146414749683880836
54,33,1047892341977102753315387039168499298407599101634059635379700771417672957033879116519564687987285438037087100599086879653713585906649777127598550448799469985148196841851660527255941157920526619000108680742781032896271121628545354680
54,34,5335968770901734114830060723337026428663827128607203380561742381374398010891154934787690216753685771590614255554407221154972207338592857743258152777418196930402193715342530368757102102936342725400171841331328812165927520
54,35,13189332908006295494808451142754129118115195427385422980182728945977418254204889938299111777448912441235290801059482393241159249252649464412672190233029817062131382123170319308944081728821798212998291630714944
54,36,15827975929034681615791165546679183849569199399845963982053757170369442937673420017778315869458047882451169832110487522837859803790864814062587079227757644141923583480414133893819642799869260744048
54,37,9217242493120412995154787890833549322652651515702701240282141247727662950159523486133553358502976258240527284940203107128485536937502105198649491827450502784983577894730550349402567200
54,38,2599833102523778540862491236572537521249927194494204929506304660034156975519280778899040079420283236037123740196200926404360559109183473584904969232155797173062055785895960
54,39,353585425986369640889735564054083733407825394023419244523681124973948607424994320311778939787773427560340406062608738756526883803840270889919579337080127780320
54,40,22959248852123241891850355100805634580910629949703644583947131609977713619333626064736359898539890295079016519656428737489022778649958175476609628
54,41,697195446797423021789351666566608280735209048540398140904470550778026160816178313617316690006797737961517877888616680165492702396648
54,42,9488081386212357317235300756165659862366123825709863938392310135212676694887404857031820788300081252172702182449665700
54,43,53010283503474064183553430191235449282034016050941407686829859602982526063155881288456142590746108676320
54,44,101335717601618882904135905681090137347889034684733623827097576663455041921065439182294280
54,45,44885248347397528715551635827041244419141083232044376993350368984813460432
54,46,1892711680636616575184619286975384558775780424316530328728
54,47,715272473820655689394684875507287547120
54,48,94027427203710
54,49,0
54,50,0
54,51,0
54,52,0
54,53,0
54,54,0
55,1,111845602185722914533924235839856571675373279336840643272199496805934233894945095669561458996282849066458285141821536636319522505485801027592403889913408032326654903628712419270025793481050958560722804867391352746419778540342127949665675254293319146465073748276027370897993015153618090501959717941291827368507056733260177869054212912490742598612836263421799748343675953005715853248682859972654965431800711095543823029940165074897136955264
55,2,71312799568260729796202279365574133053049328789626861481796234597023922428703867841687949829788953896527707175480433014061848478196873633787941084721354734342500249771631220632668772602102621435302616288612177271834371036027539904529236263006832472576906145774965661553402635105959820764171660458934843250984182073260656980332023726482889488625560125564092750766665768059672516500102624737430320686867773829204411795693754060940877549568
55,3,10995342247375199117983441089286781824509351373353214245519419270462818496587885909867361139993959398887035851807500825700311032309255573121651898333702350671619761088410268620728830853469921889155586528539898690110139844500725110535848803791499875760091812522624532327789042402032426501988337076714929423990576849004464227284634005458716015681859684357848280218027663624565395263307663622667360335769514417504653954656430260218412386816
55,4,565166370809077676288220537838736052567685280198934352732272214749151833732543252291334901268714859585366384393792227340300906400510497191327657689562282202215091486185197597559481057264659785541524603746502940614278318806907113220047864296963261196532902536360641496416236457131060006283330589753209515496413218772632194870620063152880586917777583372972314930066545181304794447723541118730756069477288928412691361738512431654725196800
55,5,11031785289081124402493696686298292282501908793316791065892803624853758148575963716336533937502285081217273893631387529635281194182011901977955288460137744215057194008851350741689550241698170526402962623170873340264099265642444402503067056581721039710577814194260433929128500035321554526088426265616810798344843129784954151827816733305720624468332312235896825185558464599645874118003134944749964945227850727921509612567978783762794752
55,6,87548453535892528012446740659057583064578471888778703209148697518411071422633624868952365433338296442894919265385413738498053811372405161394271026848964727838927710947528190378697106439893901936368381706091993319949187797490842274328291193813268889444034029183943379719620475801347626602340408690636286910572915951015138388528911467058122219921637988783622987669806463953143569312658602376522588268306779401635266603837793047275520
55,7,294231920673501710359474621187439263688482046288089572307578791386423610660002645177239730896943084203030964368695475932426030150429111563810587594772769029038436035894602381196563416270325409563596031415451835480996896272469817353890585143547662251149453721759043568914947313580739835197846762147476014174200475296938428630768404198022227536582537408757938694550644721078916755958159281259151847856407898603621129376984744847744
55,8,430081957375197404413142001189427179544795024348499185526515688019222332550229194187613943802551504200766226772000915512877493389113219855048478981920620557751005419984990746654647937348769313782398389470945311147190716179857557974934778382311511606083731841971437912691179486853156866855494447721867510947731586563783781620257947010708172947030758887384316506942461204202801380271661469810554933357737521925733310752432515840
55,9,278586199244784901940932103685822524848011231220124817071116107861334319886386795069484610928360067359479618904523667333892736185208744760350046382051671416341940787006730025772753722043349789934969463955881662951984377687557418667427181894715145496725892780020718908481196892298727787461363703236598800013274991804975487974858348525360738901088672888007234201063688049258491952477912702373356641228160276360895845955320800
55,10,81086265473286065082365962872699242797632267769080872319556823761466606818777635323873798829542048532214984615392078835314399500755265312411075671064132100468240785382104651898435167335359870344067186906765167352612514834538146391430472693579027762246440697722180814879210883113434967924114698825690396281136223063113939648452706802468906528796187331957458201041568054334561482821502693370316744482802709258373298136064
55,11,10720035985569806796247333023377526288573953158018504533281139493038607089617683058194207473225343981571612275169952629442027976650468906016392051474395316107185664492890947994012106648427926749213367933340596245282468248634038845754660536221398726478099786243351893837308110588571264923095652520527484217739953077897676962054518945719503290910490738593081792588683248216231797265882615286298041575743079795706901376
55,12,649334865396666939165828507732756819181184536679390519204662993537083059857023154158405140774003200041115780892482430946023604187642554823702158930009139827541466306261060720855360636103042796660788949758279760959269191034140546679516933815734063907536925936055405041487090455298478673204432625270765862611124659456976545706533783691755981550066777762791921865696893101135915972199501095319800181939754605780992
55,13,18149730383593382187282215651458931990654281081971631768527805964727136180549239768152470411375750699059130986548250207289442494459195732023248810294727188791798074681095542399324971968150873373020359555527619754803076482795811332185923396366827119444016877517240442593408504939954190504852138268480456774903845683958287897349656620999739573999595846707511408711002828653753748643111795570709308843084201920
55,14,235514419043973844177769402709985869304176241760714911229415629937375482067608193497032208389012901204800085112238573010885870353157404504477010687456048079979153107941530705891867530953720295009420957805887425774537199533769806602872981692833101569737924766755363814320680407665347072319443007928627139290651641404525185431053690329725149342563670161053993543543007067366717750525659122530302525982720
55,15,1426106243518044263292126740898789652426283522713048687343541023810229773860557082961843612692186081680780866743664726822218245347333537346313096263223405913400817809615684621563543805831645218877465201451904811763759483829601802049044694764950784837191976987620926111238808418035355193486218111424933901994239538498340750468974815019470001470120152920828152204658458954563013364352476594604949888
55,16,4047787267487913207614803042337753009401625110411071642692509530742988104247464439091793456281805531658785818899376652835047142812136382120020789335375279097780305935429139475482036950267118238418592527684017512619275531887586970322754563251963803846592920270799170729620427613280238927918327311938426511484202403497018672424574416544944410364489050100607600205429793979185197497954449110400
55,17,5406542400318678240099901347768162839475009305886671989733478141861635496248528688311311217556417327779894108638192488925341659079030211158597119542723259985754683424538148833251891700879074863430502918890659212840430582459975729424867336968030678558318126765273411183098305169289314327175694220132364622441988599433594189095953691548085344400201136017996790983967179790169101125853232
55,18,3410087329947488746222713398479252513204845347763326057506806391583935906007480065824758757215972398887055061853475827823213308564500233691149963416663920022327752746617196741504384263159917546295096567688193417537163923405895274990631286868637793974372691222781496250083869488538293280788380354035007750949917341256457489345723833605442299579618276788781127001373422364944762880
55,19,1018823757051703965499981807964958454254011992990850462857134831203184267108855014673328017462324450754782897291579604927291039675687500950855682662626688000499853715047634806563930984433564198441338249719660303501713597542926003080788925560938219991143180311159896572319678575880821802757870541218024391220929130517956808503243930973986697893205769011091331813281598718720
55,20,144585791190291595395944136797540777681718416175560919185345469114624947795276975834214626073177031345089520622618908231152975948189355150403818938405040467542800789269564026336303975878862430138071354626970430949943640191551194736001011672664176378361132706538193312151070781360101999573052041323676404898506996571953038438935699026145453549111264160188130230444032
55,21,9770854793655809501996431645489956893937083216608082189570523541548070044547670233673435807049446805185169723251100601462424541026219013181839102415617350748720482922481078173835420424866288074440327652278411954213891332287460211088075234885930860822528122334840177145208643551755732703694437894542397607410718949054843984634641934069645237562061972423159936
55,22,315141758355688734365832679765230429647733129006533908899954553799653192541060201778185525702425506988487654116000986864181622252061311732661882046026023891299943562316478639359582968631261453335758928850730512667480860656102232377106939355696814606742340884672326805303394943890237671934645955543096261307866458227236991762219497459188962256983314432
55,23,4861206770556875827871764106799519992699284910558962591666132571946886849498755102632015181512376609417774142027194996129771668507139170106251407339842433155029419392045735412270531469077260919513125564695974285885712213259265951622121979914964087980061313342083969426552025156373002654737760456285511752286363609750319880747003719223064508800
55,24,35930953313634126965415433148028703186527268036262956105546794086850175102706370937750853281169662415596215793004540247344462168399852088726982144559422558984979049295593820372923745558399329796792154949531717015795213536816284274449157909795542976508238564365914699489331686254339886389025312447109654965636136979374821057890792144800
55,25,127477780131386862736079015537782755427710116711390694213657576552221804275217615531522597436397717719347439841114851400402881129257918630227280931348366079891791775652727111245491886984643363079271816401485554649827995955146123503166740592084524067968903468536068382410560562504699402444351097767559633420150142862814897757984
55,26,217438613781757790934670495556564744888523307252179911274154487139860541572168148614303653960021153923408116070675236049992954705287305537928679025063954217340987970064048695918498428802202909185794403756236299661308765687918884786318444949551763677387958768574809527346667141718943968291761806868217617113382023739232
55,27,178573891883859196808939526681522628337020586390923184627329792390885466835777225715024600872598659121197976501876996629841216669216435406189416290561099528735963673504607782690677691439672865369684357519824895289055526557402812743254188345774544745987097043556556937284508289654710108033415248780083062528896
55,28,70708892365873013113107673322017774702358222572463241954790370114286470308233354457830610400155599773440914446083337477111701836350480954722320289432197474999480525579717346965273236106108455005932689282912266405444794476511138115016359435659136954967745772915983751441645994832500732441569417465920
55,29,13516311347425967256236428408329774873025611417174809001536119747890049242594516001830704779164357463910502872064261637897183176410010443959405464617535735622881400906633721129395843532925686340594844270174766714103485332378647902531873680592857005394096425677337977128282605947503068926400
55,30,1248777613639487937783902433191951022607885998692205984159313489392266920102546743189234335464961667406682673250397678688347032790150619156267613747320655810928352514188183579114110868341075901919282876878819883827167768758193553676643642707943775604723907148176358920105927520960
55,31,55825610359771907495902910944279302208304920538025118523403733780145163490654546428435009382412600587299997201393748894990893747909033523593753976349708743541028407033038242614169298093445833721720492406688156970922875657574696330905936795673890874706206557091316856960
55,32,1208779508389446486385333376214458109845089045013724843506652401305381123571948083123966349875617079162373688725798864291778889152027040682511182855258076967181248602212571767971603904240375205352670844792945235701144945173757666266455921948013369668325004648
55,33,12689171026492248217034602685117352335660300816148567446698490464974974428836671477443093852508913494511736603217909740566110940242351594082677992253399693743375014044644342047706762489927145319837974899401617809025261785318183164044451930908353960
55,34,64633321610756881430396643792496648276911768403786325211778918424839661512227639674695462389232379744677317340099536743419384263259818196858710013645259356652607103120433854630284347339268849325701913607043017757177696010807285715145240
55,35,159853732795584382044600202691685497767600352512907259547225250795091180258294817217849391713937005464300405278951860636818881210572588551982615652677422033288817345763822720638367591232597231041927885445185751870514941923648
55,36,192063798551253995378224706074554858609856416780998984235312108403455574723840095046770192664755754061139588749844965012928867524343662693875232315780682309705394238891884787433906610608193722419545462476023992224
55,37,112117681386091898210296828965092250543860839902904459140797271035563963890841871659930133428616819613054584038308215709208033572269945051776275774564092167773574446123577220640751427930405119169358048
55,38,31779596762371705551659592700982223736202640984811896336647386698552564619534000116423779088551546096744082397260412752373927462806624566475970624883333565508446996699170804785565111497440
55,39,4365186441536254656796617374788131078383020263393675621044618014527816114849164832879898655548659524999084369200093615525693879595267566669531872773780166525208550910169423760
55,40,289179840643328575134863535341003010968747918285313589444060641181397561376919608180520582471284067874357099986402775500785546458041685590791137108470815811972728
55,41,9144500823302602646903001861525112073285137934633062989970227230511905403872041121930607734713939229922179484212167834315960531548609226100076373464
55,42,135089917762834781069970877257316822555545951945200173032276529791102673948876899231022025524464490440285485364063735171472307264189288
55,43,891879650304070152880733388245910990616725067692791275345638681742539832876608498873029260296075628651757174942989118520
55,44,2402329666043905676456768144646887484047069588940303056187252686393350799614279928962608076765031645339280
55,45,2184347690523807790514083390004900720534295480082411359421856907892066794686878082082603408
55,46,446900950937132400875986964903951701931847764323724325443601805114078683504
55,47,8134633180608437287029197839874304431300822229612887236368
55,48,1102711730473510854483478534162409339250
55,49,19189270857900
55,50,0
55,51,0
55,52,0
55,53,0
55,54,0
55,55,0
56,1,2707963575262219248246615631688515219965798338675037091905950929893523299236609209275896292932264995121939070271403892317972711177146929224218461941609572133152077034333143491304605602734346837019516830830604647931685935574546325022548881938472791045263419202583644631728482223460548184488767702124465456892419722572756084748055364026831630945571372647586249588125397344062395627568944576694147935601674179500797296107213346957773008507104574421228983296
56,2,1726598631568517897906253439436649231987241692811963300875080212317186755630141328689709889390408172530316114127656669915677652972299948481025545135794897597008301948663081432324159416875921229032209229795369949090864747097204683504223021423318947396223200398692802320940928081907307059018040338332603223346216945984947790611491594186375994826901829821809025630391933180520025910163242131143203893883251691084465784347770341411664716034022657571920646976
56,3,266215083307361848461948431429404896032881591932443936805031445590451859341961015609456982888401337511242563473975676262002904228208730149891832718867036743347325265264539911610526600004790034978897638254409339915251360731838271963647407901611502009633556385573515807463473481274640559102322339669639418910800430769021530562115978412592114592569461805964909945818933975985726730656153023325595934054916024587752204100635060312140040937542111425372360704
56,4,13683595208087203115878171991957677878198288066302012739885902911035300537287560266785385287670053101455153115713732403235393352203768973866266536806892153505884203186115255823428171425326591367517611934054248006226349721393197072016896401587178396999455181951966893656559386803027794259800379593369468471320495670577890890057603002598001595148313809136648711228923701743580493949926338392136046621809890112999490021874320664310342839185219537893216384
56,5,267097428500964676787875890288520449506881445165794838485712818642027806160798790722498990357860330512191269022014393634144491372821744787248915750903089039681483613432281517295410301961078238574035398401035566770658712173386961339059835577292114178093317707326101687341949935624486469057688226381353223076694939996471560699542311982966983446891133054405219778027565224240792640586444420009595767263664753091213438852381233126821161660294485029780480
56,6,2119690167630556168023046899434999465885033344361820079766947563441350160680586474533352856698900433548534264831389813319091250396015864924748849097538101618886600124871464635882337510546784936944673025262137629281640783111774153533353122138208805743796906561918946020625036420412197265729403183376658446957626740581864638122067057471161718309149908238456218944719773277354161430003504065873455478496001637150280707866381908284007177437367480840064
56,7,7123832392986822173608814078840834115549743558534804223337314653547223854761843037871849118860830149405329067677445422674037971100700243298705829826113560301329266982743828985086510079182753613743437043831074320615994587506689549413455604529518786934672326975989636322875923151388795419244553913858107050262596656964008566528965266241611437317409929812885595600318060308967035997131947328572132849092989445483881633635540064450980204999272151040
56,8,10412982291580847640529920280881827462268740831581806630596695816980318497435366834633388731354655209262912452954756482141874376971408008324509415302112927542440554246090534439611544246979479125237151430371238265694123873703529711280541643376751844017754136220082618262038267061676063596451283473461092991540307955829531418472842460805246510762255209090387722416623405281104366534016213552292205232274265556141518771889392853270123562152217008
56,9,6745024081279968521750681104911022538900180931672958293917829979680392303009176968482430493264056157832501587863318813535073327712918527123122896080464320555678500292099392513465720444557392278353100004963617388808908940896672113859103324806761983479637004663326722371473822045433566263921855549609344313000724476288999343310395961662536319923867755981579127669972856044137452509714707124893903692099982941306600570045173391781868264436480
56,10,1963230105307005904436601359777927592603091737110734454666844202079044295614313104922437740260780659652014156878569312884737578611207604433116296457610138084755309849815952202557361212071006020641462614339180133893738334557657819638044479911439499940411024331284568131882951750067027823746979391743555455142846012828733671686055279250114668080286802912255369779970451988016711634349738423334781523224979347099175773748270528081768410544
56,11,259549471839327374129275164053363488114294421488386645206108586610595770921035186253919432855128384188991879734786560325474444020880302406954048194871795658476852084398870337853679234841131622008560641051565218924674391054772548667957750704455991232154444708628829705831857425549086084941343135287742870787421540694908998368628720265774016490155872205633718512667704230017502708171377373808176573708542887652170439884257267323612160
56,12,15721451083778537522496997870927903800052166416462974386608515516681366705629275056303901150651749266002286100144330816047738182656395580396814021068263508499625334875894963769356937233111829302337803731886886985309868508342147789980700599292067420365678671363130871736176037272897043909868036916596427540048006872228921563672658194079387976873117789848668832258847762043486234261062182598886419776159803431378933203024537225376
56,13,439434433026548449021452562230869384092432730658153167468624562198932258124238075533750910575705012222011397016880423294959582915668671284632500232594616113343678476043996324653741788278418305908651337908846136745401337690865024166469858380339567700474754387845028856567402037443191372613791946203491064164546643694935821309215381199511883363722368233897203203797378221409865278072067468471383239425615888443504722927898624
56,14,5702186369876373434019585765516631116056936188523740255483087739818213489281103620048519835236602902576868791524514115760121370871408012009763323576738951915260567831416707809458852917091737930759347365720718959123611267074952043971658515652931234522904823357257549137136147208202718097286470827159251518364950430146078829885999633047279240275467096609457299297460688975808667490439619809935318402421753076413689904160
56,15,34528347003703883897597198346817709948323530927606638385661984985572562012362983971684077253808157683758629451510565260889038657876326561088911941147521248856716018557410263508246501809312862618235966519270072414778183410163076881147528204199884012694796589773345852270563484483452133244516315991056079082261236985119779147641977030473769284085032672708059423102830028665752466458714941844430117645073205288097792
56,16,98003500126816242539182926795535866392203144738420249959622198931707000285679558550261731047666862675728540279131550681627071398704878961700819886823865949823132208718017727694371400387785278649052758414561489901297727033253357041935486222001596501680737374735172826905497996467076943489163924590442733093226171517567600605145580302257445210690725566617652059425711289139484383829461511437641610961755975000
56,17,130901167523316504550906506770117160106598407148036299233390818323254398932525157454131669807651939945235436698984243326891392594917374893699483088889336614580363212115975817360744973038620266630769790568601558822399018103651518687815790307841758827261528765453570094587140845157562541869372520417120394481889967157786193305380149507707801086953337856538244237032279547681556864240080939970615145805184
56,18,82563749707622789217322373114149549067718555468678919561009611193397672090590688172686123802873031033195458500618237301798979611677397665821909475542575034270408760012588003911656593104225233635752129422685117682691037570357133919355613323995253469609122084153949893765502174577829057977251891474914865553228919214633586882974114307493831574735864930715328674277907699430269762319976907050780824
56,19,24667377049324877207282773889626793128063022493266296533329968007088611905112552366792006987146524056433404583912942786122201751118855602172829413703223091977844520940289107641778377807480350583571982038262417948036267721242454455447446167186824149445519823200298562642273927261181874701560794661993794427392531428250416477074945471406153590447877570875883102957555197016854772816924497920
56,20,3500656738669888578406817581424624432981819021928215364582486570584517388426855521050743150157454943495119647125405295959721389950358627043327807315817869851989619223359931796673995478759973254793585975788198922225397368658961024463193533681142911202982584371183821487695821639687322755846541286709584476091711669021383297268339075755590186836255493934655105332440750413675597716416
56,21,236568260675202662860550128331230802390962505877016084758198387591265191287999294203055571205662891041396909165088302639175475994630238945495487093821006040817221443487300940240546005695456453343441064226782048905450011608514868960473772818963810872093317393808327482736271789502925228865483719089450221278548331460836845952794574715676103881228274856603100029949703095222272
56,22,7630093917659563711972357896896743066345489004398107076543595566967941183673686175108611297659763043790496711902233613672064386914879081509839841156111120772556488343855012228499971823872389024743651406450962267677138950818865278314507768598560179966990754537621790607778104317111166425146077776142182688417814551604914438660406624365102618951156892877172070733933248
56,23,117697719754831067601834624245194778358570294720874331774208385083004801449638322134833971722990507506671760163188822245735712240623795023735297908021700396627256930331306871902881496420490480981287102625975868405285234531218972191448820050995638992094709175628990812348102629003206210337516476397744335614395085533281407830424427649724834667248447637716004864
56,24,869946903464019117725766964080720846722367344117664386340416664512223852383044323086167071777430420996434755826430597536899016736132730287786140886752888820368275015274736884555751751236349778010709904145264488948853110698921443745776389131564993832470033959896659301036190273023394934124427953177299945180627823964316853419024636291829874790910272400
56,25,3086445445753356509844705602276283520357657489834691264694921442706956778477370191486923236030203571727348989745627345799450468271800366529014338738213562631881052800853865725244388577592437042858763099269042053876721828683395360804031413873442567961140029402128674629689628586896983107693416939349601189296806896643376573571399429365357624736
56,26,5264546930062174548219639243502578346615636403208060385069213782536127211716100323395864243714906355831803519146646571970035626742215328879295365183595928998619490291264492119140134883667689183012167103002321828244330808420116574292851313518879944363570845655032700453115489161288749624449835474451268132495149750961341445744134022736
56,27,4323572452598687052089910126079957472149956622194097081402644689807488945473647570830426705591635196426297624898146722598787281069172400055961424222232603742607822321424941862308274254648037015659383003007274053915278882985648501862012582756246477003443470805644151378641585203087110782172652792501507542488048360892410262816
56,28,1711984090775186500287367277913723651780942843975546168466287481749932766118416008259592178109793323191785841598946138936933547035295507200778142587973871809392096906348116062238000410796330026299842919295406027227437537209382775397908020902457858353730094118615697355084662976495850063726633942461109552227201632032
56,29,327254586898613970746658329671720161298417022887147168595590142299614784240527268374941561902954297174060764407778708956740861331768560999918261612293150407468433489301375668478962022249923173589543013816316031573575740407107824639801543978373296178799672480190708949460781597091620017739448681244486653760
56,30,30235451928533419475806562299827387403845631148396773072029312025310065147336188369162335776848315417725099006634506570819132829902111920440014156637246432158546014943035528857204723626652446035873223981126402903421363529764776830721189264315833479280123606156923290662197568018213519280353033760
56,31,1351675963427557044511377312215590650904836731580843369731082673799056469149555540702760984118388322911827594053680654879318342439498869333515291240688068076546030131040648664476681226991431797346898541243589223499473388978930822739457453046265841986052941983233557251076627572943523648
56,32,29268601664176265434435881674401525995741709179971445679787225473066487669055861514626099030804578554029431336475091163590340204004693575275529185653348369565315323067207489498899042418983548252793033548671312287216860550167835001334011931806505453563554164763228524161176420
56,33,307270029490762134483500200204094449341916025247876478987132887214517923886982686932227991642636571168476531563456580255273614842052216562278804309779567539308230216984656556180093073502368771871444028481548340339409927265090226760635283678746222504399460456717736
56,34,1565339496861842534745844911174484099710839759259342003623582208673470009827061564052264267445626036816635875653784068295222949315434886896478648612784192102820463480387591599132845196713309444941691782603296389555590144237950131011317856654846938325940
56,35,3872638424452002324208546959173853590364521279044204736761953316806795807851312478169997571625614641432479332771365143570804833341552509819999671207178066611112663917418962076838578808624043625164132361677665296951167273128375517835034095944
56,36,4655833215782889296087223841325618189795236628743156338223803336142448434417954162382186890318793148309622844210680276276764747648740929262575555300699171182713288366224997359979148364413779333772009400395906090901690345172464208
56,37,2721248143432621673661594610416948879763654525939870891669725126032438818234155496544017537575792904035581530242455346692138105258444841880099429273990869953127085257844560056598353257431861987760849009966777937858592
56,38,773284499919940139255224362863338432548195684821090898536059282733264578505205106477563097919572563939779601549358235795713037354772028462810223880082558727311862995677057235292934981107372558901412965456
56,39,106760703308379762660216936602205828380478344567643938481540418919149946921709071335228587801415465981184355492661162661209391027442358871271579033934863871352145644210318380491843112322550560
56,40,7145919334465363124560686220094340011525384399962380175449360797084385209194039343092166170005953416130906316899230904837079047182097852775561784777671899216662769710679508386714
56,41,230730246999301230291410740681805140086924822022864437622307377504517602704557892137484761709889052351774689072960954454202597065948164965544458458042462189115871608
56,42,3555251284375111385684387444803385084012177726332949586674218375960671271914730433856692551565927125552323593676750931428736855944331486147806642438172
56,43,25563410717124272059195390422441076199430356637139102924610724048456676566849093235974937306976472010988134653850562790005718236637397496
56,44,81911037883612817420952503921464715911787619953836000140936929257618125124476667753920208129329754665756366714612709599930
56,45,106396511653902325953775961101801231035311696716058154262037031795537766250853582450600230966219932108305744
56,46,46013758959077832052594419049115334245447795534214023880854232426357320775806098898155489848
56,47,4345398608048289469707073873230287756001985752148173359187370104357138838032
56,48,34063776443797831280581867455083039179957475548069065913491
56,49,1642815435195230456679469248396108002850
56,50,3454068754422
56,51,0
56,52,0
56,53,0
56,54,0
56,55,0
56,56,0
57,1,131128387377631096299793873645476100893702496598441302481367680655841108489070029911477434003376942480013536555299091949721513719767260009429973296693394944020750993020597442127338822095894481817376905073482788793748140957245956816658791891252588603069186402624868224249380521433364272073849515096048206992688110725937203985303925159835227178387603256584909075543963752790244706344603205448649263686268839301799648152982413947715714253681650839620605809342379742578393472
57,2,83607510926021689306530790993943412865922608171659574245147263735773077093816455963330641781949352380803160991171137696364627501492691894582113482810222318677942192293192032162333161032714790562806325722686559620173572258686304546195866147004954750600855344821665553189621012905402432416968733551203259201115991679463506285368199774026466002552816588318859175431757901941221518539277821414739299530063345422047074685021662010522929887019890467804318306931556270870170112
57,3,12890998567554977088322095980908113286498551129206881402602277675450302394271766120395909283250373061416217566906176585901106500238995040622954844157155629845139739734101890797586495769882174278744096012944290432214281396649680041534093697796462594023595810975901356765786993441775500198995796441604179444020441041930839028946991507428637915817143276906647860167990787981185771952780093783949682539158488176752777591198171631784243899682639577002292293691742333876057728
57,4,662604102047807346142974307336898619414779123705196373460649564834970173436713440735804411119163723742761155063531383318638641708587316406056820361677152381862164308293692010134782124686943436620064950629556806996247570720618109719259694829486140070276646157173388427268200155999609931530562101722312676909677696674386717443557577751090075387309760144889564226997391820675062357013467114220113906488077082319981188396213644040448393226894778856424251367920083119130624
57,5,12933724586252625351390536432100143642616296544581007043465567835574270905053098223140592268155758105663022606321247302863281490203206322723930494898073681956924959505787921829848203200281746580353161394559883654745355908942864719025695958254935118218162720333401252574790192222703444722038319874814460855583519032397438163257315533919860190208113372809921102283944321452883255513324659339383714094702517335055305438701632342285989988593528004720483601373247285888512
57,6,102642279224430657594018261100446274402405866406638607893945918419335238882653554374435747462510022009343346623917102460031195838606105649170291190065155543451484241571238927044594491088578009883887592324600890221676319772814633598172577157443742637452591419221901416976499363500452385358014763621556984228349048482889034911076631706429832342710059253377789454395106492398810158479548462143257941871037580768844569105398724781303853918148435117197837038587090245632
57,7,344959091095133367707819486071442732113292027571815827449410430988897846069303715615558163544250776391022181670014198144208291623389247241932634162382350514791994759392011934887337366732026363271531774873965778439026701918173758011902221166481507455526370245419662680804265746858216140775710523313554594667042546460173115291424036256672087041589125489813624005496385112108699101817698225924439240361640020726639460813474543178204152065794535439815442812414411264
57,8,504230406997100680272922529599210544547397630368314232226819750256521701420892076858497916668357124475095112688818146530459636571404588347750707383787743567394822254710932360357757800132179272612118921066218608183614258323604738596682481982719557420610232462054688456290289535116748437564074672368143285397813100433876078649232926478489711868211300521753734485605524793543929659785877792767596926840549933516558204618586249315632590618454664039693797177908224
57,9,326615962889118565953227069455566984253449593274110748571130024283208488819061506912858060668575660682122331241650518785454624391202608833151954495009653589645696747138324766809736946501282816628118555971346020660962537148887988308396933791534721492953439010193912873388682321612243469295070590621582326008410831501073849794470695730329793389443359663306520297667431639332581483864387050799858937499750227524803480526952188122580721429998081220138333463680
57,10,95065975079112595247944877267214840413622195164793712633112005097874916928747686091755629212217890000148007685964090784355735559131825250938031819166113780683453154907545017451258990409371624835448876218179910043299832286855081767573596404443024500837142297043700698764046294004459716502144164228485943089452953924851126846273428936964543550637375339327351042965341338252043694299535429901204873271027809689886634007754329732891521559678752094584737792
57,11,12568228021298319305154521809430400472269383977177818453473075051792947896963956443638042601331105549472613783807675274272021493379920267983845415859912183233906141746896173843401393665909400117736234256684857944853912829993990892113728185771053710675637099122366630057790805282854694901560447102836652723086629544415931328495004654370629352723155473234387769297633718946336482263473206380758187050356304369522978954748150387194053940797795372228992
57,12,761283699204286588313738425528583146442704933014470781704019872231900193315323369297201668536146689084639460667732127548625495356575666534719856820919964466203255667453924100215619534723030247222274055573522076798569947175887695007636852529018136311269933895770344658794717144557275320009143428442257874584981482679962669471529911495113217652651840008838067155239501915450339660664214044328238164994303145187263521737801067250629491958694924288
57,13,21278841816558792893764947251994061382646591570848344414279666244572592278353322277182549703794806407068470749716970411545216992020776622151101901778925114324891515370161035195790000353173874399411570247669373774663588009089761762130773140480774618278281565494867532184765122666988334142012134014584287995941726144414201549882444478457661784304935735550040691905610604682821649801170887455049720896311820609844599271384655164000459568354048
57,14,276118375481634737024426731384256697143804547791100152670759629570567780796405163335866638223541901666946027117647466480949553054242454646138749426229166484253915699988589707892615427332596253819847781754936512489508479258207308098764718046293493256476020919316340207264881094579912197818690059073187938699672558274354446991827251877724851598435827136338777339304531874605321863857886646052962938868446167036393105333078381204515072000
57,15,1671974654125437721939980278318116747984615666662937489273102295491650933026479663402903880140053991064782636150972135122355356794361146965887437259607518411072850330978557359142643444829626358715291422979296206287103038876839019371366869129689869630602890695047247434643049012334391418352016835427142490230303532910262418590904173252505816092568491267089633653099479857983132320043012249365443958298527411154506741844377818895616
57,16,4745647633785924096817855443492336687728598579231866148457378247293239893305713970769091177100605790152610449678788740051760212472536199867932293846843407651053855354807037645221052298272447157174007415766137005933329848910095866498626959997426172386712082304099485907288328387944864289455158000313030185417397364956082098389252350124289492192775705808238565585985742148968389779303125316144499428442939995869366586579978752
57,17,6338659490158201493783008777236103753723480333621944578645003021027963802776918275553118881473504210653098281844902077964946358008393466958353769652735116168442347114676063145608648122178775166850906659635888817464921337024828603817821356118995488491619792322998084192648037019591815010138826551662616115420264348644992254032606427040096883546817905561395818465572111684508281710107334035370974565031710418144143528768
57,18,3998004799612907261341197589952709581111938697207637141005800232300596665282672478187169082413854761692185130283528319403347586992877835468349292622574291170817123056968974368648549870073147703649279672038144879783039935177621439381794535626033824856267815761209734461910611512399546499264952653982418395686859663231814706166769489055815769147335746115219587371482034431494807752410634788592569692058074321828864
57,19,1194474479969106627704889918699714865360873322271914195062301024834374927000370552499234779073039495886676850560640092400039068819792695259986562881274629819897071213372500040017506832923107174135557122565109521045797619180860520423983809996257112982643216358953021383278019354537250874373758163160662847592513920988406774339927573687217437801940431498956111979558670249473633316906255831440500040031896000
57,20,169513164822238128841417298256558083759998624668972719224062230910675734044627560960528938229751244709821591621790556269324029612650733179975248314205648622200031758567871891625750910808869228468267010904963409176226320687999776846107646031371295922066559521848555572698481665182653348209393982841540486167218658993209475917665945338585373762145268222513277581217749210249432492518971160627242188800
57,21,11455403324506425962851566221147452195736768502816627788007529070039946969804978050558367755270858886932008393657650507382814839288351733291728989900817519173555552363354772642292148955468173290223941245449585497175804641318020978796050887038994584765120744223333692573081168892651277960041289182046132359251346434757743633347300458913782975492342542635395915272950970187745646447744887257600
57,22,369473927889707172045251544074396498134880908184203818595083144792710241597894581345617330301891614855645162139753120427257599591479728820722484841584892404531007542443245814667362538451449790914781344337795448017623744708260400103983909447941002857802293862340123974959341308673430984051358598203241549236340148544883085131971903010825221867685158910573706736808877095489098697379840
57,23,5699306008395764055192283193418133446441700881908770841648057363478403305483225518457421657506948855601331632070585717332276700206556734669835472539212197154606313717903628716834149316495608205095942300078797228536648951418744145530857188291868754516095327082830697235830313917379532015586402407486981918028174902320675573568079680357239178929485235752995468659929296938083840
57,24,42125658225163284170518814716469943316669548684897090531882726267476047990002436824102431463575557971164875149785169039293056628875626226924612335088470050693657191116680117364576105497231741752177530066493824739926266629425385231625114152243092836906996740006388930121051533200612437208909159730334823845027282169590540505358188534605880020930832571557157833362032640
57,25,149455744664787383859974216011604743076360217731288653038835448796433705878446200734127054133407247898807479258059799792754310871074327358342868553717146180730508230027773448287104364165862955993328711219343479407127518177498823912142100389800811588927434548321615954903403497607489534753037861484767288271925817022755469766393213226040683419742032810553847424
57,26,254926580743474223163144099882880549238151853645283192201451634218904507571517301139053070392584754049448017483901692919492499939931538720750013947506513576955000611876881471510670160288915108081033372449040756798968713658959138219919821775544463707395813671743964213681509986205992049429303087472198754545297787369143249323423196318687677791981716608
57,27,209361629299123686578163140300547496788005613979882777727420571786793230615039218749684684290541120359976709606032840800181096932119036926985460799215896682190077003894524234510614698142740888372042588452750901858818253957137686310771510290784811677074121384470441927701226008351680697153662904860606254854884916083108035037582816399441267072
57,28,82900002016867107213572356754701517419064644482920851830267759249988281584363087588298785958248529139331249661733169488488196958716421264266405887111077909969494007963893682250303572104708742356966858003844917607015401208050581498088446086247085578932714050917385095818863881098066374715179242512497881782348473660275478402284250560
57,29,15846797774987970550485830815727112443935791617088161711842851382738932371352329824114071157933973813803902635448074327122892207075122262391444846900236661783939026669223943387131807596298970441564564743966074037092555013125318042467786377670721648152013905149521849782035708039911384521265029530346287080501938411920103680
57,30,1464111628857522404829904541016332541872309229195151614090155010453127354576067122634383796052732493980330240914480176925555562461879839045927311458951347358758268986493316838476759341935669739802411250954360996237148351537059233237753389437942858409838930941359035479890399045498385432306556928620499730316086016
57,31,65453714182941137569539349066293749038050407525216815440667576950745463604365843928737992270209249838593153417578068041140966929122320510149480939227870606978044980187459466252790880286280147923254202859192720630746232999898444834294750761516251955784409936054538703049054004032489973057282739049628416
57,32,1417332610085123709461108618046087492660298421297209544513139909404090573195756668001918803866595422935672303528076329925598758746419484618454498795909286548691741884992191415639820804912734875248165181964074031346423085332466528141925935140566515290327923710957049697235187883851511501415248
57,33,14880121611551854900264126426260942932021933140613850007050800261835068341376541256635897966520350118170117717297668905852420643979037904148280958361151309375251807443725262081373780424486452114020328554934924940608725377175820086853991407706235424863591112849038875724808001694880
57,34,75810312372000559264535815670727459711352749232106113878326939684293735139571145262486376451431743976258815275854642639125587644026986428225778656529892242153755393175380336677932779783132225950856711114330538600819785156880881714663645534430621671591946170578587332000
57,35,187583487266229777922138256544930445814371020114917699576451872805644830385956163531154977400217634599555785562094018552997137235943834326156685613292113495478553060211035396491640249294522705210987213572950177986190837497828345992611853878311267110162292320
57,36,225591515265009669028111569701947983620615620362482477450464682177885781834215194316323037528560558384970390424818588707069734062830204027029812959602359950177233605167070852772671952514576022803637752909945092792605991998458843618554432133417360
57,37,131938763336904422739421798259250853959406140587152236703975715008828898415627353128872394642619787972289423703803430348045174973348035651670147008793276293790095581601995663613146012526191583376856867366293016349282297969819641841280
57,38,37541193598307188871604261073976127861795034503330880082882286616930728128762575027700681234103883997331716261397196721685778001374778798680890228482516702407656500239803979363610074171151999104716948831399938851760081280
57,39,5196630461937513113702077185579678311685519288682996823372898022623032993793539590250093992894998126329722070484088161214554370985156716819270614643661528888533771604327986952378017358979741421398412859306880
57,40,349684007616735389586778231176255219724862044368672442110691457096106521119639054378214407913308440241164896193600123076026325499129117147752379520981771859958209584759216759400782705874069702560
57,41,11412556049295169773519862952576883536273535602473588465032680948708826075125122427776987734359328230276772355176526379318649078274877870828633104357796371638203347135141418647596240
57,42,179705900948656864601153400355547116325938691732093939917984554418921742650257355303843135226229511624467017676412231745650017653593342775895553490982883628363840235360
57,43,1350003324913623803959540694039961761656550234160008378779772594058335246528143928799261096824558906437659492353478818939257815050788622475393511520484000
57,44,4726907036239496359284209839297921022980747336979948337111332023780976514173103814016072607496054527031449272055656015469836132770788617040
57,45,7353790956662346397403603100663212768253026938075959997464748431863468868289330827648236826793127633763499972746569572110480
57,46,4607431548142947842000515715639002480179336791462970136106880674342284104855339457500232358062143296952565440
57,47,947687631327392467969861738587048491685431363891720017421176485700745837478889863579287092800
57,48,41281286776458758682543971407932546662846137918908389128209409533598505314200
57,49,139035822219582985028981875521654964495614826660269243331800
57,50,2365654226681131857618435938750795807112
57,51,541814706576
57,52,0
57,53,0
57,54,0
57,55,0
57,56,0
57,57,0
58,1,12699324417310958781907027348805722008559671277457447601688711516522026062276431419855026271886554421410014022681372504734513527134904641772374794140370727909159865068211675220050142372618799138803711419935787191624505561329089320314330865293749062641168353009338081019830780218115252538237213342566754980715675738108133588690979632321200995573927757027945833429610211407038334415916091831214013765838566435138832436409232111300198946734726402803199400101543623767472637154420979136409600
58,2,8097094200630305732858501383768639094962088833821049151963998540303978028902118272522130298613974875573178583950939153164791781323719532109147701084399621552650847116501081038798255538010638599791521383431102523467329024046925728124051931348445033728528392061074324572460530427554287936654116453171488018960671567322291688809289321581608890350505191132621608857169775206711630073422791674910230347074908115070898191898813645820712272707027746735222831738503281430188053722562952471821120
58,3,1248447999295677384213148600011112246038702107291685172304643721477286701080681441299769748763095834122723266188574541704086686861481469911894565441561539863207202284315558194643219438251487573419579036585122396736386796938155065306430525565865563904864332514182229380539711587997855593437912920757482569935592779176132403183964222361266745347979981874123108743207392126640246514691715304062740582250822003143922513420453125442457371060816139216562867235932240326516606137777021130756608
58,4,64170883364204658663324382401249566723637664203444724203846660360852615450327936560105164924901114893283802892077339055564755687450662261416970920319502112953131100736707429672536596446836528212830476536838195537983175865375041649496304170884550943289151667752504300566392401222885766450005506032750919481919865302755625378497463506532518521303493798622990540411522441530198233155548471894364000305208150408256264402124338975712534814345228903232905592532057158733673584394780168849504
58,5,1252585864355688488620610617870324373206068793408754012680393250086145431719193208694835030797333978690757543834575142353454052757493891106944316986951053948986361257784807468069682002474758674635481512706931136317075169615595009139536828372759831144267906074981742753852869197782464828615808163921111275028687114128855955891727842776687397341962109894832814992482869612068034416178681292185103731508521235989675662130337354813670559709150674720606364963545743755812904111166091253760
58,6,9940544750615219347582213809324404371205900183239614944170418116999947504961092492205549929306750238782673509503531398146710843319184881855205697346294299689021524299590143436953378974335276968178244239135156577079141542552945750065916269224246918057844318083313182402691589525125324710178763766213227177867356734725065766716570727560485948369930456824725647439903167820991600711590960398552844299639228970414891407524204087917735938910418754170438447530450858428967846798670978816
58,7,33408078114333757861512602161335778382487282573700852631755333745676490354491842349411232791890931166044426918543453630400576496384009559011906381218741267148308898218526983797298529956660624832168622510377393414772338501711385581133919277127107897909530456153855308604634263510485933459332214479933859682802729913300813776886297845331795442771843092593147323201689293598673931515615230433631662713449922922757277842416157221363237030946669917158167019031597304990126119200512000
58,8,48832946454915179239747763163456349345339191369180790762168647869525815909381556163966407082793307300215020441701885499451473127697557627577778666966659789298492314467167229770000895155020426062638226967371890011460387431719716969488991837629970650910681450009374215850372322991011681244251870538219679237879529635542926362881025411716812013468078398738653714145069146944903924663857081599074681583184360050924462612857523442660008378544990529438432315784772734443320896784320
58,9,31631610481562486343159921434504003562284401930102227106941973054276813558336941197838848135157518880506763910043744776671247806817230671642341226403954451130232728765991369625921750919486029029661996890437054323797963882593625946611996710635321085503924405970332694997254126754030633731580089481978900461112605236759802151344069293343259066798149292908100969561092271043822671141755164121308968634203407495188924659416814269327627727491716144839622107444613095204468343808
58,10,9206806266159762380926270442010980032224552753180375841518917377350468826498533425482459842895627665780773303917494365390305308200874992456287358388507597518151775121657508629972218643616633325663945276626401564886672971792259771517586176826842348916548182296148209490421283919725665306275337964336044346730400168993825239904544834245546134773952261676657631660083109704501594905822798153650538565464259785578206699558928782051024038656705614796605811842624494454565056
58,11,1217188803932872373101997312853487673305664642609308649559444445653880288633584450420292476811083716318497480721399243329298623864927982561886842038225424090541517475184962420374134310996822337489535260031994116726049981354856442120491216921763574021795375611275655023572114780233090141080676300390314514523709356670312408075918633861499818265595899630073218522794299836908912097319912469023318238266449310237470014494487566148332528217682495528861446365632791441408
58,12,73727656255278146774147825239619893612373573611104464421664978322434896819064623208915838022557710224913496993856243984790512486638260380653539049261619790148186298223564833339950147194746569515079748099423534815549716575941315900850547397044402338488449392177624822749209154160113121830517536226053544332184188658155361829101268292647483686460379138703599360952033423989246355435025430710354590523511484363161123735445176492656150156139624576947470366352453344
58,13,2060781199724312361639867029519175598100635389361819813447152135889802027440892825912582685707652958137266486390707619025389918288243100642109492043695850377655156876685122504772503240639557979430160222526764979632105842102373343010482712685342131884807558492765372334292848778897924656059348944102829897461213222930565226966565509709851673976766155807161754945157371696108911713832578660759795991204707094000367459843438268659676941059315433608310728568832
58,14,26741096249880412674125773989420482176286182679909131498582572740071607596651027463878762677009615300527686695751165929666421845965882562630022580442063165651432317791545101728831861339967811813494685053073355277218018847601244978758107200039995173407370882654967966878002684856692005838187399083532264216533714227403543703690655790441385285694427386979661396939582460998562400345055046484999846196569538921399580326282333598041968297246066027658109312
58,15,161924881229892667667303967801264170913986456629457173238908369446730786028515951451425131750335319254537534778184369755284263745037593672806368872560449953091521646098552771406499275317807316724952450089294098868782910349210260637086515782309599935467870496658508288633878440168839849875277766965384964701548206942517074453247093372616258563367078643450232993825404948986695637601476696790471745399602788979912295341641466558422057136981328766976
58,16,459599329232211862210466732171461039205407563556894909359901562401333464932338010054891419398410171468982397867715326588533049183407234791691509444080313474215374473897278788843158089840417574516283038265545685511467455121569710413175972139977098327641764337439123391082093251151626793572341930772106595955722033640714133493890832654625893056430830489311159944969177950617537314967178935225387957533506049987298363675519198755677716600992816
58,17,613876940571952142456509626103788249408623544323002754859308566653895255639196244537025923172101291761888737975727734448411396188089825697860619666226601064642895743932907224655421018686601507905544211142343185703427388953268122219693777470877583517383186017606922817636299727448407135172394014043357164227168028384737689641275222039883409515802304683789287255973442672750633174084581628050794057509668681919531277235392214686035129856
58,18,387192743128408985773796018566815615781100407036434261458863904886564360879880855212291648620925994654967386248207029671111201872747177826339766525788087848498609492240071797489772549072326142296908673012177196407450349077167656817577178028469144988797678181327435174503903865721350194754635337520747164641402009809487915235802907417915557145049985671993717817580100014338156623349639353990980049334316149072724088607022804554336
58,19,115680664246006239907325607038235287247237297718333569816151309963253400909707324064404246055130079493233408586006949524492492300387402239618370495614544820794825868460330503458430633353533810750648699031914384665843422833994352104032534115988747620199801026061497613510649954008952540589581623802087853206523610589192615582723335917851031627763651950814624450117269859415032544323886523346781848731676978296214771579370496
58,20,16416755541912530506256552301964644347222956958810651054566486752656930360072397560956106004890285719075283257150501056270088065146029969972330411216362544063773180625491563888141317853414711353226755488888455995896639646791548779120955660922172098670818031583319564954972218240232997401941312799348664597047159986526978868625437545678167739309487953597183037062798015333602693882329259157206740998043557434756956880
58,21,1109415642601500140744841481255025655079552401208361551697513345669638563945573528427284603516569285263462862660347844841907158921958897917794225875789642684143125535983873368238668624146550785954571651351864331655148826598283370915457980255706238588931757817259006377804884727908691344246256673154268687246019631654445684515185706775239972874189882851906925690381847472086725553838325065239536319302459637760
58,22,35782254586254004279157776640706260797217741824534980415020618810526041071497490810115650536260463964947780175378869905768370471624118009579622058806099030461798293266640454087954759038242255629876467390261614407496520828394300276518458933243665737092580026109015179011382571447790781252365232093945273771651020541230632110451277135629189000837418146304907748741746712702018315218643117326587729137920
58,23,551957814218884827925790543730374910048505486206864901016536515461093384901986373525792352651579465939925002458289075897152021991314231266047619195019133031377809798032003279289644574627501309760648859704248512130655375742888759105929318310287604901709575914906296195742389108562123072137686095777353665447559621254198858508918972449061009539312708308747525912359368537115249529801044721602560
58,24,4079722500980156393334265954309900364150990725417166661444177224428717273245363335645671407575886445958134131083493019440204803443883280488854193590947587306047718321825218424199601759976069267887164172494718830479609407479634650920080215743959130225314201107988872404429932758650066864729932279221335603617391580120496191305511027315427855520223970962137782005694945811552278130481600
58,25,14474266497825018679861285222751407132603793078439562076030701332755533067508649056560853482694787706090058778320701898337982472687568315266723247802464201974857489697613609281533491420404694167323971551390931851714823979838067989817750295096547022432119836052862859104387695098069144018763962502176032825209176751912745309001901510424649110519257468945279267127786284852934656
58,26,24688751586512622413471242583737225057478307713702302251163199739973066736575705235491884850093381387181156784050205365524008481447601940630632253937000394169283471078105158220475438859427112215710320405854505703918008183634181731169959009579812634798347193642338142514488526862187811217748150899676513750104976807599912333935361145768713396487244048418277857545868736
58,27,20275950189850244808061011343680621806629821145048332603687081408839294820703210885516519977274361729764670936444819985176739560549722842083623510446923889178353747358202727067079758482893932955688101774032899952159949979190085215609148909837252718084472644089365379477974187110616404916139821906007905492575763930633533388678216277921398422114210073951827584
58,28,8028583108279458277063393366377116568609245893147524771767009066317881229550948371250853184249974983691927412471730836512149791005092558848843070523883602666090874366622026656481176779861744632192684797737733728189200312874682301683233288228235999571298308981194411822041070323656162372140550145613681710445382916436977260737188934689141381868711520
58,29,1534710175367537847441405204171739827823678004304118331248198253379229293203379708656322611459969763478581389298163236327094523462992982733109472014809740328050176290626611850524911722072117492895169455257736079494134945874426076919335799409303249605391421655844754414530603455141786872457456228623311324907989779229013215918848358539576640
58,30,141794716316550006262383809108102618257432136997122974918333345472168730283223819572968222757858263554748711345113347582530835442339689732444146441891127564586019506791205176463258157329947928930273851727487930930947501179912469728502221800163144632075273689641879415924813100524491318143553565468672312043935628418630284923732096
58,31,6339021065981977565661661560817382993705641219788187502131621533211318416718067952114278120932402588536441551414879691784493282852698655940469671656385380593359510357543979643392233341786375341141954096673987207021708472802669356964771573322199527217586523603395767349050347335929989553829611011028227129633310821880576
58,32,137266271064312774862936262689254004975639398532823515969098687574310533372222769386565051416951106862068774414860965307231022958430033154502964982235071681479571816495653502925514277162234795436033181644202844929247878480135530832895092683763293479436623333761655310029100873084447854561913749972646031751592
58,33,1441142724447374980110723580154574250634459010179482731171718877245546426989428257068247772917067055001522726813351656284639410003619604649185537384837115655175672769430678398031863309054058108112395746220951113668832800441967759262406005142530335440456976754422502382959910401694624707953896099120
58,34,7342534301116581416585337174545516244406114181878081003648956903467050008665482762076956758239795714666957344986164374945526995369041668647043823116166779418412334998451752714132940822652324624929946009905351417992130073418148308148310832057404597552131242107173302451644728291279474480
58,35,18169676333885572554385531876454302936632865890121647012429018813174671076511445040057815528667712198669592574691396582224738329500473275566746973093690089186210973920821608530851756926854461884439169323642123262821078573170807588925090683229686400545343884178857971061063968
58,36,21854763298137612124106788772627042855799955491949892350367482375044433323476642991331706984689786715611230151992160882524606343769152684557422328890048081121772323171002305687198505703123279040736119412277702249688017298883527857571422572434379219431354288649960
58,37,12786130775940387060448581378178818315425140302876144473982944376504181240352362377377582080841535075859689962746713916012043032380233027744213153717643795446044805992092061641457700034573076393489118557332904949115460448398397068040976694977899558960
58,38,3640534215684095250633395961747637888481312147423298137689423476804247475157350671566797631884209311203402354477894947375618820569196940349252518651302195042974989477305500984919577071084903991817896753470966147883612844635132992444182080
58,39,504621986186853955991968227884389384985008621799499531486180135026656090540143580707101900229677888825334705896224859090397639655658464580641615552965289384570279514392252444499663352877146646904920778969010683179933940177280
58,40,34049232196991258768017263657041548495343879206315962297601507955574118282751071342963341062266010979815134547283455396695685303707542368690908395013102325585099940621944777706472323216441193468313747771422322640
58,41,1117410981900908593436947950383941498724244285576123942039286277874562033093424221267371468703429206373554848010183696238775293180817192649833459036485227862407662430220673407387281870443129542946400
58,42,17792446608382041498207693355871301745686023988212474084478815186215303713335477556706772290806540975682962505633833433757440098359671418327018982464937324585071288376005224589663412600
58,43,136706040137964320732808615409196904538102513846150131943020407185422087582295052983269072694479604889001410683061531098268225471905585250082628249490742064026580552147680
58,44,500943279224237264805336804440774623598610802369899539568497978499197689001950922768911825964227055506277545255277561043790593190504183215727832505056135880
58,45,854519749773547962967248423469840832400878961044400841188725034768774485905060955254236091180222092851263224685274575404423100741418351023600
58,46,645694818999122851217922616857783754194143135123205814628738951639686797866002893406732387980902908783320527041111402932605640
58,47,195178642816013931143262708821399868527288152246443226927135603089281480827962234276931974415134866552440347840
58,48,19091957072783115230328335822170231900603074771014726314037585453037250513872542362074368654100
58,49,383326234352831366216793079858332108287310653884585040018335160866533301055400
58,50,553362572433940280718151605591371636467706811152215052902932
58,51,3293361766556085527272724576858621658216
58,52,72936595116
58,53,0
58,54,0
58,55,0
58,56,0
58,57,0
58,58,0
59,1,2459770060187921555312122121782427613665858107718493288666487656905856361752306769760238976652645243499869988048628140255797543140882418703591553662134860185111612486206880506501078951489237897915187471329815590197841584276556795264263963646569018651704786955619733042973954821828051422856276579355070963078627755803205916018911291318605087225230929425198493617855043411179916001399217614226540858349304949868759284600351452478175713763758398587898408817434505162596154323326439764106713778530237678752512
59,2,1568350349573087390455129651718581394309626221492222716948733283058639096679241683818658002423822279854332213297525219338646917438169280521983747926046871761365379987069169061361445783478111985771532214095478177328681531112723955309327803207958567777830823339712648472644002313681664774828365321107625431343287107658860282034628161777490281788634624433561725205859665224814484650730259184445231660278116655160478514454483307167623349906728203541775825223754001540200635194569560729069062781669757987665920
59,3,241815620221731162027324516672705745926322382404610028191560757057727192930384300563173520986312598520969684957706497087008242402958592231903971130821387861659549213608930693687960377993744203263718528323920997659549950188707590552565321480784535997155712638453692038412651961329507114064626626220135843523938976547441081513288388042446526642229725148001831443094468540598806712314347125711420660803527082124119059558462339342340805300640067173853428896534088126070302719988309055155226083834938209588352
59,4,12429449980812911988516773848470980378384045768433684436421377579146240933039739246465829720898329428771809480627778935134032823404228798283525709534690029069530774859962882408703269698969159861670147951358627793829709770958039948635173534904975876899317559999965422362761564891148012137328833848207657385500687195388432618244980347399106807605813978472109784079878302599691270051324823742803454472794935619407695516896189873391291629575487933431929404535109764615685739742699421797883114483627381331712
59,5,242617095658792732574851848076219553199373499027242996965990444927214235231885106730077381764228113027335729470442581780375400279235609865284434641573437058992948560950645367577417313351424712728017452996898899917183473025301234755062930088628075194125812294525046322129819655206867827950082830667993646432615378723596614514091840440170927307734377440257193528501920629485264906754097470359867366833456664624611311336559921930643027999071860327628058425954946767423868653195037380478940258747129122880
59,6,1925413790216400021973757826969449838586111975103078049614023566021800469896595429636486774151741569150501393699179372861265144355942449371319277422414396181409717874118204028243958859855975382576652315353048069291938238013647844163402276560260286585713175318165368844821197830489554259718210424669556636455846693365006909168204622084460305103292782652656992768939175776371931732817890817722687781600149467725034527080838185483301864081176221063051217622832030102272835123929508902797048386079078400
59,7,6470910389693368566304875502851182712860054336791998122303843899289220975949184990097352603434806773789188193810037935053940938426247418398487158781253634590739493408913577288554844286277808459622296760520964918645154294344423860542521712903248835917950381932195830992756246779739082787262798091277626059432739295214720801083664211451446571837301896361000617698986312417724178432008306532108822031394203035227805296463305848453996290532920935283358927720536907390961881792154513778616569624710656
59,8,9458599189484831610983914123625193444784078882219482391861872352907532928937339310674111703018613814872125295013058283297702267172812948885785557758194215161547982871615244461114293422768034098755783578219043924383938006601395261555692408192300209750895162935788388112836273806962500741697141224417512947837042632239998095688745798795273069333903279342542933864824680752632885110343917792622839215742251327344519596328586290769530384695529913716100200827530802208330056839396702158270335310336
59,9,6126821070264550955387346732773233227175097581985580213886261114316697278342636860138552828398857407267230639084438981911129161503864026733376805611042365381926926075018833473149019225416777844163016614719314642550018875540610802345924274421003527128585173590783698764423212828845219335396489365060911965344677231004078458032124486502429195291058603234394082583943285780265263868058593033789721953435132678659433909968551248421010527814692526911174125755453159436740089393920636418211712128
59,10,1783293792589499030093283207204884996977478246187421728732110832254671243256893634723324819496498465081296522740588525059176428033282648891801200907461845661252953788142018405894454287311521655844407717913823040620139807783546715440008072735982296299703937586121966686579209458963553954597874750389225748971177938037046083483608529388355511930582112100233486272972113647301548158872948719323213506970068737704092339391998942956238928903072488772871710416882766623939697882301288614259712
59,11,235760933348131993322845171756464290962080951135719940579547418046185941617677163940799717527585895073749636764919716276509088064369651109998005634942672257563089810984557144316276445197219391922587729968927616099846868706125586629322271755651177344518629657294221385726386009526103833478876895883361601150468597549677082754559917753693667613193683724574766401839022730244787764075498762033152902542273393076743011102536154097821564087076912515969952490575621019262113856120743958912
59,12,14280529853865821563904478063091436468926747158275889190528422381414758953783872241973444775440086709286699490937852773424509434826344673426045521292275891067397537247344815153639578358283261201397254042190095973078984646503483864768914126743526524661670868072417923292823373444451862356431592680587019034379524439974345124273811008191278242173925218057309132613167566100473679028775650736568715956853543538581839585005666979872688138830771571534003349513522548562938674969468928
59,13,399158863035010439256817769272244769335170976857528355825773748801383035289029185178573284281343040744458803395414064131735909382788371053431911678937755684386173782053005053556797395546819362609465208403135482280769290601138832185567634674392430312078354946358660064351642931526074663944904536752958278047588052355199745853073453744251515515344345627242534829321438386273382460445624933679075326350121479441176124562154757450421237186379900436470679036869760319626918522944
59,14,5179562768211944469370965542336431461506668375782982413523128533230674132589717164972083683804159134131885859684781066525882224427198326726073450608902342586156771258496017055309591944875814432567493631111771179684262319963447362027412214226670313635797397197238962003869910594801340760193059600253328489076595751501311466749782194176400078681592152736924469068493831353610224633677099886967597751238168077239149437951801724227166670952620177247498673610990901687767040
59,15,31363713673020699457907620631489037243652005427079685920884420505293546484839937982272132942906962452612703124713197850554043888746288491962363746836145182618575373815413013014739382992680423988523853527711331701379496729266787892194578311929363415772203793734395378288691310534963258396473258490672218093696671944841232276018337630185374384042459285471659715475206740620760931484926753392580584029304568410283388306309701162868604177879365493124118116657916149504
59,16,89021166219371259614869079025857100631013675271842077809455250593272365214910987376785943020609196227628090786534620700907753195221764985565521675613087733529785541145613663076545144180720138208946898252456838370377636103576628890323648627723297952518028034357049129760296158358754623324857400239036017606980169471111891491909924441729745569268043874868194900639579378501254945432865993710894410790593239792698858919094937195090366154333097079503752856738560
59,17,118903657369312301743815786876173792870170331893078787118999632666558019402583819405421997497616525729220596350997981345175544518816024300408218674123603911300933278160152072724808633870019874097986594359820625281268363955267274957366610659673290360582987509045882692795321188988915327538435552222488428359433585041501309730085892590039745737594021088399827739903467747520252298384502993343040084164101253145917442378733056151579071319052688491419051040
59,18,74996518408484699723080193143171653272721770747148642605034192288078172919048762822387021817438846486281057260593381518329810004820928201071122935058394929812053108748977351869556061990679682653247011348174584241955190262052833991455100614865736666193259265805190642979288473497100446224770125291194303512943365119555961121723740381875613631431542790664662484988800609497789382832357533770859367451271820751156569656742413677946191509313629678080
59,19,22406533240253082524726011551622808994191344132276769194800487576971719350158439866293586937474675265925161453519771421354358548987914683542455912193988255247311219406799368763296108517559907755644658771898648260569102551491476102824133322262657021673129706052674231564957894206364118215319639370097058447159000872985523371186054002657758699606203691012130678547176515923127429842334798648892073811656355807753757127494707721153021444868800
59,20,3179810398452910367504979623913378694138856694989401863881117196342943067167998906514238424045147237139638590063880631283087793159156031062136274467341965220327683548194964130968159472740835235542605292149926106545538694092612929595223892448462436667321630995318125971257859424415631528109142063149110019842537314535792362882468077664921411936079262069206693314397208531013507395145361130103182341266463982032101357222286832142190080
59,21,214886028725526077260534607824749042133383988429258304583365659986657133508382113056645085492862477565750902528475050869078184324311532247622357626373199357643096837778524713309010750689513348429017881364160127679379259601807016257509791818309167279003754881031438892669315797097996402606703508452163723849836931448969596754944724234868244012480356003339412794819367622987190392053829208165581767267565598120970640951286516320
59,22,6930771768950322955683466796202722974381592976582884390333856666372323511282378444634688460740896975271714419163512454499507570195381444558121429769257071919768117102007079620323077405357309266021812586368142350619935833115755051839603644856978775011099586625009223716161978780080254459281165887321946612307962729749592340947658778325145319856369005209689703378637037302385019222271671158334886609796901301965471580160
59,23,106910358509750431561740371590544191529442675711096953807739253937765351669227367135228857871297336684565424237852161872348532483070286158450285442648487575911209440012438927508445825934349302167786468599813434941374161849830923204408181481000806020177891190369056950174582048508463089621081175239648338468110799281334399121224039025386081973746509714320026725111156310398104666366518398110972543830831626222080
59,24,790213655702453750837922114334978087786624371393800078819169700434415047053428055705412097284194163853709871411732106340263132463515735924956307985476340287474645623969664507923682044529587109984765586135042512765805471284133323396070994929920450408998769579192918656607549278199770357361571158664352139626411403545886106012237711782878684757023211148983696304239240210445811991908256392939419973964800
59,25,2803564069822463604399568891103024757403916518650499649088359380889756864253334169144417442277830563738114184519044936204556167212678352264046758340842428947009397093649149135590483471768469826890037557543577046203353627072630778110360080170658238992154908659375526470602337239267507867279277719240146490713531937967731141507022836005855493916288448179877579141794066247433494377701137014381184
59,26,4782038630806087532781091884522301957929453525817843265379094659095642554648412857246040444395811404943809857411547139033823111541497430593460269371619411860689793640952978079889331580878682782110085353858292537604622578497427420055443622685839996474605907335238141613159720417751380119879954227201926443288947498208025823291677739395780711138483195301848756634662322675653149997787136
59,27,3927310384697539598807374358285051906798934777901916703236569878221838613327797387873516374568930878554537605007043697885396844745695590772755862528055248497611182097484927177005425931268880272900233778134001789741440476593504426351597231967544582254954450993548940327278896305356791364183648484473545931173727974087867133824655449984106350903436606561464082156764231273490304
59,28,1555081090919224957152213240896808152022719878168861412904334600652287279227270591512761031358323415242848700245443688875211668672689418677183180812200385111262531732430122844886884767898159839433387097411097191641197900546793850869515659247050934025925548262217596743686828309279781529590275149630947003429781750399062428495134092156004740522303589544593499282434112
59,29,297262932036415553867134550066562150974384326942702405500026820009854709454667650018702871437578765614285692655189088365803857196237814638637068423941519069616955737537143089757328436094867128619749070611704204116892191499466718386271506672020997628670654612535624793151441655409589488164160097125401172823640611886999683261057169921264329389820886368919360
59,30,27464705454464722947117578424406785446807856315378479667906616075411365191678353684117573573776149277406944215642435443678141434255510134834959157170664232988422129259377449834544302784081845454420227318884104602834345274094496373374676232605015693294428861807846044840992985017945739330434848471430740483641065442145598890737626859222582909393984
59,31,1227829714035654002720707983978074769372160225524202142407600063896304811860149686581923898536309769966794846304487383019715859060768890617801810251734786922190915702040200147356736666250671650858574778099163138076871979121635502575454001947863478977141520530388410388454237885053135165899446598591124261799088708277495971844983569345792
59,32,26587769932868573856670619202754567086358883958384635319302932618274270049824189825397770226820130819257557668490162784358093321787146755397149589791941589345194751170352221804728783115848371582994899852097172260047167456703439516155065228237899310509732081180132780369314465420924250590172737609694998818913032572486606225808
59,33,279144713842247014388175524060117402712120418958873670680931400267100537984985516669843381544836656670749860031949274996081236338494323636292647217964506744449245344815533239042001603461058756926665937074036093722828034004585127041282881741246992454021473651103740541643953967461120513519412730048837918332839929584
59,34,1422254175519839148691608671813992990194376428429402684992863878872038769146222971493215016618769206037610545127463194814060804369827108190160888719128744181607103634237374383451047944978749852151182465936268206522972595517605631981910264840701920391254794290274527443904236702360885391270147235747188880
59,35,3519624517016774373565379514698007039015711578657057514848020965991052786478571421798193700554582854783298473468166220392527756719326180148394210904063175836717441776213839100494517949957901716469317218419867897718744921410705121675287453331003275585696572702711398588090303785576397911566432
59,36,4233812178164327178095670997205098092490879695345497296048878826394219431413622224007683263459303219374466072489195500989599078887536558924692126678715181822444477021257496400740972232705326126227251205816108081239445301691600559642789071956816035607720982824740434202116146258480
59,37,2477412257977097894893594826451359410881662072780130675117979036589747948365156335857345556477573631655727167884199902603413345954952733084785064864863408479845168025551664451522846648904783662624124307923590513873243360334103292688786369119834699230109296312145914800
59,38,705624161410131325809549201677954066675582060186944945982054724318189092268331102571053706649289246327679250108414128304277137354226582367671224939601106425860860478887025578329680241017120980849315937212602038454756955168220501543072377258916764865586480
59,39,97876042430024982226346087880346074028405303103054087866009871822879980161576412943997007410983308882067948604014629215979118485412489348271486450647565634141955949710594223400345242937864027055481969463368408696445000148866353678956554778240
59,40,6613449595477287035666788681590809804341812142800251772479140156706139837021418542734896435221676965399035785078308485197826232742283953899689354607580359455186128972638105165539887313992055044004658452629641165928268105911737504
59,41,217654318770406242889160534593227471473187102916151457791074424567100490174825082603472633668202355368102522437672555060050055174007211574213509172513410657446534916078622398917145374699902587588229531110908082545120
59,42,3485630532924157437698743659201760658449452775466106956176403853708202879358330821831619308395486672288075827867981957030494587818567960329383056542120489859360899387654699626822295123265292835060841120
59,43,27093344628461207797933551357187196612856179209748422582237395291469865846765289730664199997942649397333255897726037983203899128172366741755615659984141604523423342808914521952945745036400
59,44,101628513020753955890372487561643258812859167627718229819455481508925437340625899058288504504128789469854267728136325492818495235289895572955073146848416206855513069616839920
59,45,181742221702560279897166337616855278648930573637988363731405899454172311148655739523263690121925804636833021695748269658460561581402474431634626763992049914224
59,46,151101383579525234565448156862324436131373633335859120813186804144465156307580251178953106633151008423715951476376102115755963963122066550017200
59,47,55474801683371848092200306917675308731302639029457999042402078590849414755264698326415110743758499368627778403086471371123271760
59,48,8091781233413930445478475666468673849860091797583593287201566539135828469441484131411786470019471111762675363480
59,49,376384296577724467946647752001019044844695367312412251480380216125515219335183722735967369707000
59,50,3480602207923708946909299708202367417845124574702234260117599936564947411792056
59,51,2148348810625885796150844774885680594953770483373752036618408
59,52,4433371608825499748251744627362240473484
59,53,8256973032
59,54,0
59,55,0
59,56,0
59,57,0
59,58,0
59,59,0
60,1,952880413189422156311018693643608260101831403908099775069956334535629431426866599468825017103319754612967809250327975255545771720677102990404493011998169064385867307739985787404953452464774476466487853787118378784736109380099673531826042399650354475164654556699917634302832368877339387113940385210058413610822765676049868033530313460016305239105247473549933253422454340597038878721008714641364410290353687192602809441175608389232021951870678182593179363822881576331455174262011064146686393354036181537320508037047889213440
60,2,607556923029140978670193778139605836704229680693711920096850323528400985754092498820069699122232878908895792701457231332781027935909650215577783709870773826464366786747500664075676520810073097537727199955134029551944072309962725045527353820330377599268256306960063367991727371499892817430361808343928127071340276887582080805767896675483475838564886253075528430597960087284088594163276250281199012342464422702595958437247666422885113335539012227999259826251834596639016039111453705659492779160043875672741907748749695453312
60,3,93675978841264559161765812282176984394099299650908433324281079993367350700568712452777426463652998183541055178009200037729063978628007664998122469308961558624435525483587865729197177005471495345327357091105095100952350496581811589744190784164269044935479808284966921157447787449609665437611992016128481098718090371473296156776476241117849004777026259457991917527662443905845363220462323378862946462861001740836015908550744711115640353483444465624406261694919945445067447823151363176854734531909033952756042560163541276672
60,4,4814994549746432087258618461444568179441881431631038520876751336816444056137405046681814937978847658316973422464587972858902608112609216235701791560897107116153094076340328973847067019537701769735037737709865061405269737749065905516498440883042610332900646761577232070800733465874601238440551451816141898015396195706797020927303011255634095731019870522519803435329414026808328411932668830520496726767074466829205414661701333651001140370346654858080266890590930953609785667310325240126936070804076635350564722458442462880
60,5,93986459181679592548123507030454683900578525782474121259310324126778070116959541394490005422367588633948457197760270650131187746505527286997720872663841523861012551317056819853557039499699185470868423949992274436558698097029188729463573754009501311569871305346555303816675539900468473638476050702517534095779753769102770709150506665888992082506594073998909094053908447888762065169829026802817180408413754728372763293780049191024148405530197480720098712535906093155092209467045130834449363122125352608322204902458482432
60,6,745878290689447721102956696845705835688853024502018740166009676532461592874430327931292254031826288015869855179417850935412893557121076982753765411592550637109763693715292926567019276719867600570880740036600651140628231802620348525448531852850203156185092595423320605356059107199598219396610165386993078006461622596494900286900142005392917205621924500407800009916793285975730679094352380896291330175475551025625820032188183070781901191103549843733088561425186742796964091433425892775126184763805634630234098356778464
60,7,2506739904530720633707837115917839584400248078292425699642931880544902428838659851169127923699605417060224098498446360932559637326648118521579160681523889737391673351918800135535555946771471304274425427382589215156141983469836912408932435954424158264843659888910142284299411449096963743297784917276872480226213755621764326617677319204899154155347766609188643612015957165436874742818929666650648139038803086746143052039649801737104631108852768845377226759269841177226731403733847098865559533025836213043653730330624
60,8,3664128631267963455025167906879967035016668736304376034735079368880111344302262967209901335114612456292688978306428873835336511479918116151437626744036436262914439533310547384080376610846821459370654535125485520177331003063731509511159829054384436450263463713123251176151838812893999886592166615120411243926265372720410197424592617761104317594349623984234665431917294117229601235169149618368990234791386329518623123397438609860223055765307958413462128336441301319269197606573300646686325724159389100749088621248
60,9,2373444529415300872097109591567142170309823115323257963610011026640933228748388723073027472293681480099223512256052118337691891236931634113989340830019731479403061979672683369882059147929455177929688157023548558037528459138635302863187262382511666074829363369258417556184282642465671949576402613040438923361278801391149986680734572656788046048752465183745515711732905755177184105130146129506196817551129687955677020174282666060421839006837543355974434416490827873940798571424253285635638277062047184834183680
60,10,690822997411302471591374968550126296583322507351250125751589975702811194159190285695319102850395127874739183796506860055290925744338166704300722741149227502548421785166965616638285057948118643293836411753705342754621976468129124454746524969538921177532900883118907852659684002575729778555501160720003102264388209957369352638301181646010037421059685282621136876360981445122717602766502978882253287906726265454862203823886416864367096196785073464955217218570753293929995207198624549215005701590356510925888
60,11,91330478087759010779962855705994710841882814325516203695410656901424751759494635179127020660643502633459190027801294277749353615456602924050731083319130179472369673237551105154018418767093158770867539885248266568500735085658532507755380421592687503064055653450549461030602454518373018181786182214667860441551361891147015987949706629799811585668219449156972233295984681837485246169049358708947791431742327886535281851991879508278877134536314752476242344223804842626853503958379474860246829746355794944
60,12,5532076923769717863662215411725804487427924060146243117708063440950912839620964769407030258043753672759708715218679541432479439540716475905874602716586642154109700664005484588297667871095051240115975550878368808550128008751262663187656004440362317120626988730574931372157681458190794178784838966663065794527698543802118211552236969997194854111209650678938827213532479453017182773790090995151986972450634798752691631490676914800900230357932647026468638139747820412333221229620544756643950926766240
60,13,154628543738655528897753901218842005979751453688341629165950806560849214368152407264617301747839800762272181323475760982747719086039731044600091501286595723096357446294486707225522667259423681487044479231635875213140495416677423520913025834967550128486457868975543899771802996692317298469146431895949677560832273106483774447679581927129994866251071235408342546901378259067109409938114923911502538714978688661557502250421965231836945856739357955736021117402387520152794635028287166815502602240
60,14,2006489952311492160988916371461083368651584779606153409402675732546525968443851167360329238069194140434792935315940972893430917586587494686331285425431853735132887334060679322186164881216283325891725408151297003650010202962361606815389233979054599467771881848776525734128530455492552141258776292653525125403469020768434033297931198088270236085793958435738206168239368325280705871365352977741063030333290806109172403129061824408019536997956750809962937736512162373327252649775589936907360
60,15,12149862675478587931352705856784746543971027318849745221870875781788080432104431800701707728044860225412481032180116234806858402997747433013056745448372332129608038662490685999835073126540697722814376410101762606611669728551877256195076645507236913215369957607007166288328520034610000079707133729946657920351537667998564018420734038896384028099412838689453052913605118611783199693363233855661633187583813456940196229026852368576812161576773013698972142227729575704240068231577153536
60,16,34485550916511765254006963531800305476675617740705457709385937330897534558061487649540117746526511657494163109616422729349435675295505609936868287643787937790217163314570919076328188270006059470837271710509413900867350043520817000822033639391770534856042201989845952042902386780606715571323056015713187550490231448804961880540272776099024309679391937951166766639466726756908349713683003868157691010254694423069284908821790566888939142978557151435898852152999755483043856887984
60,17,46061608769169006846973766092794067846779231901078394321925601774405530562810019063224717543315014620170362582681235377178505159355143663587188812693473645866087723305620867894303001255472998469823355458038909934933600871161250175092256670448074209619542637334625191007016222653658263245248959350212449033210025864890225228978517862845422747593749398275974846559408245505138553735481813389298204509170163601255635397315665478665891323886612963769323803315029638012092160
60,18,29052599110632891881753648304875577269375660691264243628966593813012697546417428490655422111126409240571185594384940424089710367506699941004059884147603415457389475178307349451802673532545371043669213012313899793837198327262010671865516658409527578963033464163802001749478930753283999762193951130433444483649074335730644056210563620691295267136213254996565740887214838374781398101809416243940714178528597839128951822328516615559220845252662564374983436586556570320
60,19,8679976639485881613764459852479043006718054681637519263455512716390407258505569783576750927315630550375777637972409876066874652794080749295622759297291354219111900850009472738256889047619245162649388780877554204616284441109211854517042651488399734597366385454211621218909565283687512840618221185505355390674540382708843352462287878224363795697501111594966692163305062120709885921434794378990860162091267002298595513714936179456510589360937899491001402856960
60,20,1231813939844160468597052942846784069949203349742642035333530116864801392544658045813040616553976484390174371795329138399315941002814246088038108229095621097549020437239748949306190212260873102496121448598607262635350688619894423149312838781233371352713758306002685408652524136348092655866271177987863820797240310660118845590897149886260874923430256801341911111433821943668876957113152572814001427631329354729202542159569955897134163740237668339664304
60,21,83243833039974976273087856472588254874404965926996914289551180814393172581869669406202253878495050015614504944904214162707972322691085189493692778495629943773579880610153983929284715486538976144479513665604649273562565849302850038152839208458475306028555884197560880915464638854887213957279869918403621806280359275058510478263831878954314284011827274877550535400511819997125040937901980099895371649640288643017259911936400391630167456314768896
60,22,2684883761417311906649152709170932074460822158947378018141163909288098037694954162530579393924773945234364871146919720925657287779647160649162665857772533764025349125404536265352731292421931184672208884897919079613555455177477842563279361773656529679580930852859071355358101485429449849746266697140032034249847430110948215413452532409685770791604298565863913796190165077014675884545161800342391383657315051650675406133094693451433050320
60,23,41415573358515482728262563426743230219255646364355139598261948341850957936095627805062298952952814079240840798622685629425824100963230230369970073958319038763747023101640356756114233867500834999336192896009826062096819158325954176783794482175062430970944498972034003453388724240989318758702048617740841383854001316465176394643270466182257176333611603280355259839028160480949007272299490723754956579495206018374498993180065792000
60,24,306117689157389369267850447163498061096128308644201779670771882784965651514630867870253893558268228393966327571700915132309949008950501951529531852474864335386060144669456046047003245288176602291669757209319984658983357624245845982541912916973985961565637066975164323419055326183833642613269234478621767677774954727068065657823746675841533400665830274551358721269699580802855453607450450091211144454269038040829656632000
60,25,1086061424890245960437416250117892614382592320528673044019926921815940201944612684249219455724452655598157009240543196842062261775604093933679536520458441683837641748627696038962838524655286531275113625459282258423710349047194901465015364314501144021233118657183829806078299923683053088801796698307622339181987321215290059131586480839171171040768989651579566604602935880235618495822656901296950926168794061808640
60,26,1852494802735179540780467780105319699840054287760178798250445894591385632241934894814696936179293823707457484056369652724055253241204915606081473944897749092070065464999168249586904355618514267034454281560183120662166948870402707928859370902553150256481270972258953231442934620220964434381860083815791681210921002835063647926635991792616780540200518701671401251784500321712203477644203166534810231537472
60,27,1521385156604753003768678494854823970828930905376744100976363159813338038505090560358786669936750957041830661287053107031500272089364354974089730604314972237030211608892142738149344281909359915094801725501775274651311045787447462650161107165328637261170132116549253954768075792635760827129723912017050515324740458568581548140814127572563512680179791614019195231055836880164870735126041404168192
60,28,602416768761146887669335320059116622024957691483209850027012443037010082269724310957618165796027910529205315849041563063047085515777901590774601926772926870482016666958054654561384850187440108751713450727452871882513929748115192480279453130708581167837613815992722890081039297483814548491426106471527504802636836396643704866118602315367659008030516321127446718423472963285614817826720
60,29,115155556261019936869530310840788156725531183908896045374789468396602698233776503889869379262332425369853710168515368503672562133637283246707604988144084900715100427603479177167574229071726733972423148820819879676318131711338049939524284664791822148208864618023940407868199517449477397073387795810217256473060441161480515092279240800504848229704193101309905594793964077595200
60,30,10639454191873530839683529809319463689432485999179101429942375223545166857191740981357957134024164642175329473001957871461198345315990584649741939591034238191068295070908236369771596621644716142544123527217526822399106549369466834067677908751687560620197922554671622007626700931578714930119883429520690616203418756962077107999469508208532614137345083532034723472352
60,31,475645156611277818493564868165788667496161163878169191289473199474926731965556835482078270260746121910754188695932152473677937765339072087032182698614701396906662302786281965868793561145958685972282165380710918113289189615568375487519622460733756432174185417745457517956362748851818225042846894024792909812730355645504108006400228939008415663273963526848
60,32,10299779901554714272503313645928168210884882806233993868206793520807908403517094767886874157890797539340789321922898354687639213821441378057680185117383832513410348751040165863303157999914276217505817558397182162733968062460140396006769458108499601532405524954618523333796428683153030722939212272732269922163768776415925136367400902054181036040
60,33,108137833482306007862511095812149147575002078990185137656784323432262054116463900039166681429353670855177630035890665590924387879891703751930389422393938439522459156405859574350427273188818869974324534717610776327022278683919484931483171144193171053702777907022155124691149430519875648738961647077525969425500986175590574604447052240
60,34,550972593224786332502825919215010703547125817443163407721103002873350514151434630304860855660168637786177702504218571244611087807924578703139807399256135838810315988794876347963488894300183095948686052202025991684204860847873438362038196223019204976207897195074957285061146481478489175919466684218466443606991164932691160
60,35,1363509917379053834910116793352216307147802518309165089209958125239298503317154487105736764041151758562540948880484436749818835349956113786233609090320183320970412817619571040419515787651736447611133772444893236488256751803537785144790304499360943864041342849414736129092481236633407300700542121666023199476464
60,36,1640258141786615660121856208672116054523009743936225172642358862749261470208558795159121363491843470390787819649882074748332251218104691992216655111789846606255194868209096277792863671561602308801369417595529761199640280071733885906019639386779196654273769121583120821007129900799330522382591031736
60,37,959879484154396117048371647882515084115949449013866605178704574297601930255755649261852084270880031505021944554125437484965421739540087064036208059613905014032621393588187593611942496544751638925314272437250959288927789615137859445800086329848831582267645336019646728314635132662853680
60,38,273444052000404879020509097678791008569627257549381814004965475695366664702649020771921419366983785126952548428430097207068934390480565437173694266090267824684904144690552934975993268003866558758579461584920990730259795392341623291279785395295585973637907254205013604532200
60,39,37942551013539977454603712761126811761596416504188556617062248759330382363180259990579829247525805848875004976726317439569767436815136672807622453360368751318307167391745722663012071186553486409206834169074173118284216322885862570704884486577414314821631994000
60,40,2565617359518529959487057791180137946848621027239043404635560252729947648660784026160604078804177741947021698323356446375150376635886373901201385199985964467351953078026314038479596215012139303341268197198280330214626366299670359835071808185715920
60,41,84560050438775659344973050767440894147665585323856205679966955725202175578096992543515196401385166181648196367249504070403952192464301338205538888935984194560565249824916170599692776454628367893398465301905660521453584118907324113440
60,42,1358188860356216872555821918788037868194546286307362033802322471101912644941315965649803484528800449215646571991629463153533992511582640519332958703814740935975422476326576480427384723185275514197046953269333732697214960
60,43,10620067744420209040252768651698770387586546766878366064179158765026129077538999012860362124109859886833108358055009737507719651271778836248880186593016556518353748097591443804601138335926533003945665832800
60,44,40317975596315932503689553728409206348195215059022721389719631443313690173815846178992548202925173312326774896921713313208689924306933064013933661024174928826304258444957641773378788801348900
60,45,73870378497688336402742456901735516850902323339101487447886090038521714861674561065958887063084331743188158968570650863402450038561820040386421752104935181990845975861088761200
60,46,64498734115094641503430815249869221443522437234111403094604157235657763729017470975075114816134380663259237763156732943691229829377348663646145940811803671029800
60,47,26146969205367859835868330405557398821013423265224436609976162285225735373463124905910878966620763093254128269565734922348343258915049515386099600
60,48,4665661966578603045889062678127645513906305916730275041668811255177837113459669551534441779855824042948552273445668056963106658675
60,49,328460262719598500847248024173699571674982382424251346237446109411007317955380537575982207530297965261020923233400
60,50,7264216923950084013438632070558662407485106954524151913812243013400782528684632874651502749638092
60,51,30915937258616474137230487046024262658465453130790046839626908123861676492766216
60,52,8138936840255759651369710424631184683274161489713085053287962
60,53,5771747943565273257157931685207589531980
60,54,764534540
60,55,0
60,56,0
60,57,0
60,58,0
60,59,0
60,60,0
61,1,738265008210300766914554942769631383148458807467567678940183440644631309702231500004497897435201751611168796547601725839306350583570730823516071459906620641311572114106258722575912845750664411845379810680050853720040745021037791845738737133729003468743276774297009860955486805599170104037777337072729419051897364696102932763590484543159561058074817328156474147902613244705391503072589015233490468289872294946982746844972774834613051135872104716571809603835788015806757948837935848906670286339814707683015271688973277583753047105961471292160
61,2,470718057124309320705999756662206346965395891219784668367404698788557333990742905575189751538898683891962112702333695144314028303649414329792086510853046443676169667949142919522320624661271847425531330908398377219563913994192526430081767883555168992567394345713768014194425324007960232735697761093222505926674198624250769187512156097769179699936262788708687353363433718033629908529479108009162616202644998000996029121648842311981456546678458483283927860058950377478984914586167727908118109926128846004925039194367377301303292778012656958464
61,3,72577520044591768663048775707303560071470788904772715097692506388288918704801790787926444702039392803124607396618479348800139871409159778633725094206592329297610617262879374632412433253277844511278862664345002913546943080052476437026207299759667306977949012614477410444023391557509185048092454964201236137401117949141860326000356826236831938028520128375879639425958994903000240923962852659084585105649554544283867724591937684869916546800105118006480578595248497439672361860729036661250708356371984273223530367925122839698819158001153193216
61,4,3730522677974769606739872243384209543308890407507825784159822873496373528636948361071132772329211687360942184856522186626731275420771180960632100584106005487917960706467645598031501845740208145629993806497398667483114173908762382186406543139025220947453242209674183153408760931971946365962325750578588318740275550763935757038416164793973501184410257058898029790737985903200362841069010571661955979291027823211047823898225548331700402891537671388722596773692809145953474091958283795959439844436492630986662656401766810008693883583951428608
61,5,72818071500884844529608068701746981575118641715610458604179396223651606162313003493213409339894581532949470909553588993771466304665989589881609112582577013951924441682268433629966629485531354068467057836889384680906041087304731238818317545274564822826978152889786809850091472137715248208978246264414685411930302263153321547759801616824453142390815828664201495501678529636431281209120032275549754974891031122829695824682219288162455603875459645106459837060517032848111174850202650767531824001873191730762607949481521601560228787330803072
61,6,577885571765101250445531043708627623369302168802631493420682177681072760240339480199707901775617681569626163310917340353195667599614412238663016120447919987262949325784825510602324378009338863951477798125469929116700606025943546761321033419952557322476568725410173802930018845832872791981538700241813812017226317249032521379410777669702607639289591427397537304814627869920024219414261907319362859573473015160554219841088348825314391236580795903165286165783912565579865669565199659778033315431796799444981904947753421030083510292850176
61,7,1942151743895289022679771718501073959831156732136872163700959298232303950930461610477947581446876283389967885424594078450666416871686836117526763156699700272908385610702251824637099713069245753948855324259970400149726828738805522895381401199396359338418377509516060805567476136522622247009990105020319200026846079037181926737892047810495336107749142760730080185656957734560302331559750545421852983135614246824586652407890488873700799387415015508967701189988590220967615244201189264876655187150230204826132916389636465056395370452352
61,8,2838864055346079017789150464679541707299774302981360890406161875014405853236826310079523999987242096660072742131622314441479061922556353671352733157090185908614761685824633345575432360549811244394744200726172143286965288757333475748295018566659417321245762052116946510994776225159213991402879176312845351422354508538985680078342460335599382166642713622159835957523120591473824773755763814376369917221050058102119096145938454894957192376318182535846124582061162273361070110085862878478799743669472596889567954116118204130692762624
61,9,1838878227259083718843832214659399576454302901985898527384340879425820824075343824994780501026685944682464468637297894647378135923356432444493269905996539267731764559069708087686185003002911173630059088721274756209324840732543553483468684463453684431056189468806515834430061158118256395211771492135087366332466301936843086762246025655838818425627331490385158786451595035801165495298773831394930606668150886856221603872504799448832169676747303858289985348983269355711941870354466545424474032813907910589936933888319759064657152
61,10,535230275275325231969547344876390973083225347231348662268288748931770122384840318400231681420564793713264418370002450248941557712038283710261871515302424850582787682021327305701802173519058555932035035373170232639139989102629498472846734230196911185177123798611253006010570260738828096455374264347774125973598184351140587671384712582517577028926823375546455750817833916068055095141042018984481203538491602212201545569474968977730307520155947201649111783198892709957952212811152598631068824240692733843423681964426772839424
61,11,70760291870897368572094784689421758608606159445677992196811479462386925647058989353721319086048432450262566296307393926579870824384374907528669610977858270197391373845321641880984931782906593529307340480820769890515449022517098660795398631150921686951818577839805510601891553259950223464905662328912215913240780456429625016505543885519824969632369081139173927158133663514610627055935182812280942264122488857740216007231804531930612140466400865068232952038464751048570260538911505527932582250826914765413255427335984384
61,12,4286097981467827219797342138988151876208237337074125206238242551655392331534229333194825485085154665463378973695731783098605615928792382141553934232344063741619248096345095460708150263643975896795950403250416918297634866646146782169044567683417410729141773542862537764292152822955131418394893056021546654947012658420912828639085165772608856817726733801741085266797914096009921941224206783707132459529630245030551818858097176188267839461346532643012987721730126250525565998147766611093662222203559757721126701315072
61,13,119801857119656252467871448629659913900628632824526473998912083691607893204670879962509315870035359146113415420948615605097472651865317535334927800841270301374837348899963660240410488847680889291639400765574101855030979226186696650106980993480763850672771008779133768880108929124073338505737482841508123140984607960133556139505146823476855978919380135253908537882142253073981201937077439682096968867424134726921851887334144740781463116846764484999921164915390674465425316024822342837924168038258496757226353280
61,14,1554572116942247561860593141953968542478087111085303761068857357040097038224256227353641498879716580194800099810166614786289974884212391912620708050210607252149999804768977770236182157331644925146902416977231289679841688291236962387266889341542840347021635888246658425048367792414335445116717069789694443771410240597841497520681543137430005776979437661273184398378242266388640395800249964350370545200793895129629120449304336113061785540727282643909673431327829466708715748200987600007132108727503994480640
61,15,9413372700085313213433312810396749766804381683999394099660422286949317887848454106262221625190519554210696193748987655780625069269579595664430215033322529830024868566470480093556078213273284646375474006959379574424624728116157856534343445131514385306310748651424283529468964263755314353094284523280410816340556907930344914326803151165546897004435012460913949537731699571059492821289989420451132619653420808816915273575718822166607942730279219731259365954807947102611807619761715882173740841640363136
61,16,26718437254766547961258917941249426980154351888213241639010620515965870302578671110940756991771728845377062969962916469784931699413155239579898625805613330638913408347126037936039097760040740212514500633588105349125971853757702572711886250373946642497949072196158641077088306430829156053790870514545158892465723004284769987257085911581632443720200732568539930782824415108264538167488211948701549799601234216194083379921423538882683291635899058017438748472148748849774215936772711877159659280384
61,17,35687242078956432447937045979390511454343780645455826437087926736293185788851259848390969176881464584111282594640161958133811341678147390135875721323058861330509581797992939630769834596604309808107014443743522363530610167366099367436950048455782403407276704444745731261552105041339437610464632474353556959572647261345600395665848671274508300054231687924522175854089222556884193628470862317865518651755656888188421961384161106931159383365593960710933598309822577599562091879308393185139648
61,18,22509138635052300742197304847227710763012409754774865149096747023936680486791430219320771460855729662006317277972395353548884270276826042884128298708058308561391758901460386190440956335474621110032521397895565327612141594986309138328526808609985654887497418351012745794780565636985550047322031621104434574573274830184998200856086930409630000958741232535399981851512305415322240776050205980163089337567409505159172983126765279665893505615528095209781025880273692234424541934051299840
61,19,6725002358814505897375303684490121919226002077035249348588532658432663527643178951218237482655336726613797579451347702064911961931398834125910017008196269349085308914765040864479739001428207211731166312629868236514937208206864187987198298708454690167528439353713244858572648498232467609543601403081549526644023037960889018295335129011512757134901290298546758675732805674391079182986030408870942371362786201288384669868558012883393651970816527314439507402710626604585453979840
61,20,954374878762068305953481729930454011427943710038920064863589398368820437781366877766091446776052623310951164593678676350343767423575631553966223524414921716776464677267217364977507714785682939640119553779825700310124116751367552569088959100280305481746730974556917520218803208907050249024041888936900840910958458663879837165711479497565800010179989372763735568856347309919468071520410871113591191741719535895760080053405121050198656821483838801856267650286242093033984
61,21,64494986241947006225969439095185308379755430862591429647221628237782899777835529714992565295000343194415192562766460083670321443505767835650637442333029373792034833871089891352767060610895466742637473396010708633669247689211412226998224037256662772448827878699320421665262870215919460199271149583786343557721197125530443855120853044281224560890919105207720936427810446408694789186693283500210804439892646163261788697918676643447994672392886840301387573202931392
61,22,2080172609790457746434247148782059222942072894226672296348939431969462367630997287187131547329287712111604454135138073535892275676081578193237064263632138382701776375506543774339183567968045433208772899617930260149044339583998299809157141548526491084737344100924724878223119708524083653076522752246829809723510415107922370111392919489502824408764881219972249439218344072508599569516740499213756176785206973531509249739613314543531575063654313408413231104
61,23,32087624325384248539206277052798453422314920806471830236871033585135227015994171234101047615296883810946814377862136885670482065968189275172394204540999520703198776146035928261007713973715977453811934240449469600634602816396290455265260898052544177378865824007444523321515123255113497327719563809994130392609981612668731431693234808999390045285218356513753190978764174161480181226966394565081309373312764288114672366686811471361977883028950664640
61,24,237171398425926126829563833019102034294002642388768474154266398099651767318473056077107122380461028405269741981101411252627168958449084713881336145166835697093972605094618354123380151055255926916427566612872997370597132396062693487747804909374609322889880302172020278822428839924441955977564121506637301405960015784519534264050914904677529458197716987626165668932636010159221349359099832576721112389380606490536544263662494075993841766400
61,25,841449933323276298717270720238420278951490418246640883581840640804513639634717110790062486313035504241934371738576692105004535703240186232580298570820725430995225061413788089783744186938669400946233228188864615767177772395955102835303281313649076897585178111414530908181875334032066745136675653897410276558273422737592652239506678055713434935754522883649076449730763508311384370739603854460891562145507614057672320123157735493376
61,26,1435261045119558890778808197379367012732173752225215858436976452670885534616856871880519235844786534359445206518127466992017531529005452981221071609275968785553649118760146979705053731536451231510725576207843065638185112165312695520930108314243176124720477987716843437633850330396941879386234820558433764066033490397053061036235700899168923989633674636863299415536634133674545356659378991228657608741912777408853797771264
61,27,1178726615434546492595729516805752689849971556771775659990942753978132152072141989018044453812088329252681711546366055780097728503992391342148200735787318923760873626546071330116016641046065344547120548282812102220018190981942588275992460083513765774557127408129938168294540220100884479355691742611201785924864991043345540075055172475447250832419149569588828886816135086926142133223734745145585704470345988678400
61,28,466735677344195884777010862719688928759696488076319936012624891187957168468954174126769931995433441904718679236264150126275278683228882912745585625418114851380646111295206853714928888733710694375425268238800521720891036343327233403584597436610800326906399337656873197284732577941215098720949690962696516844355679784043462056456366491212011382915552490244400299812547544560780083135156433959078216349696
61,29,89219320393712404988009138577589716520083095068244797840339295555722094307315378966803000680920880469483546876526428218379502608447940784741518261188547124075567370661755486248894179840455302859738741313088586500253695888792203470305910961441352779970212347019467029378199036621245689185555590124960447812072591533586690557420924017213557097569632070630841028119076736347212464121722215488640
61,30,8243155582675725573241893068000197437391497568349271748094638743761559520880486427025619723941232582204660410200962236332924427220860150077607694178522574201942209411604465875107941386585552825669293950358140675445637824160686884106967682897428682533425336328205554821958498431309549045381263690403448488634299025780075369154654005510339276195191994661660626642156050091188061682560
61,31,368516978061149709343490785839136332437752554916347283411767170050819509699314808582692286376296636001441999454598113312042228221115039079118944359035613455626005953494512543696593547907571677588408315457792007512813764062414177399517026067716746863576500492386930442200963905958811167649146917374997438208203159318069951564838565777844408025250684313678870766641440881792
61,32,7980000642751393465542378798784699855724824956400390882210316010474072300682537059845538297637904465820325282287443256567508403090975970542734506475198586889492482609138221095254883935736361950002715329982127368643212810345015435916426013952712131242613952526571271993361391652888327027845127537015071709049431994185175243745534402450845609291678374599906548184
61,33,83782590820171006485292651670143322334717908959536943905572363870889223936063354387124169758965132834837908629034283104409605014736944152292581315035057164754700261453975389600670746979821396080454931209460401922705218395265071436729490153809496279661045488770103243362617078441656418215217383028443252257492405801383091183270737390639145001687424800
61,34,426882583347781957700659102284926620810386822999870129193206630637319078070962754131245228977760723295516195191002109752512734957663612568775440923446609781812011232203924418393249063243636364257931406743915816530730565061223401558213297898926784260439651724869956548915063783736298134053893827893103052226262658823312367134736597982626720
61,35,1056431764848435055941972823178075674714717219013854350638935122377848974017479768754179477769664850396061071800118831699892516415775759622532550351894178683846727729074347773006423223062293522092670549158587080437863948429725121937223829711073581498108350664944101793519151091558984030906785953120328994446145324583733427924000
61,36,1270881083178242225824012902247146924077996884666502432702629044051440333689613658254750271178954715348502139763256076330855185638566884852525861279286352684336542607725549953955979441709020665128846991733490675057300668681886204101755231049847531006070715822482464357647410552222903292419180495502360194810099315824
61,37,743753154738435016014628762081555634438013009940504440719276072116119898952720139647814180108617488248067262443743608400016126459393621494182153635638223652620203850289887421364844133617759451709835330046338150788336244555444124319123165099019384273558572397808072203116569169452239329040506938489385568
61,38,211894608607578255872501054933917943775348438465861367298409992762836899079340180788044365058318180164400006809360747786844121196319448890680391160059599343258728719396864439035003720701731470054961514619421447972417808869410515709900103631216324776312151365515766367842520795984357792468000
61,39,29407463447217677999371307859404468047765998225140406239359416077049576082713507791049887218181204627320094841790978959544441420529014126593413320864152401880820076237488366961054166234571218563169922113576458356569573165098337671487671688327622478094635855392928400860700924000
61,40,1989225504754854704794120640955527150600036272185882157446898993770940572204216261557020167099922256976669878207758342822787793312737503844894379555067641886903553817651456337507675484994770637150054506312570516957753077035931537366064100697240857378953394204670760
61,41,65611971983774357210005717825774137817026785774287191435957473182711224432125539630267060944248776862692518158492160733049539421198056199856941018034048214487483577778212606267035601644432053954803260723292720771913158645618785368759235988714155968320
61,42,1055446336224605715991479070465461965582232131251497313179057170141261680829022860910516789171521391886246632623036148809734500099083381719624840725539082364681932907439704295644227484836069939973659915673011333403613106546173344196400960
61,43,8278129518085083687168699768040252092273321929115581474140534059144325790133877903402420041301541370638569857658088440635359151765697794366232745068862259257939259420665126671127589885048224302639576641407171689942009892160
61,44,31621734439365833796612219456242062321425726835253725173522261940000738973995341950993993848952581811533066461931929762002123692876995926560108024356310380768276079545139301223096970868039330357740583306119200
61,45,58663550447655353842597661607297347480096730558487084977868331868740236962434960863937934685055962941767894913457271735789593683177361727442737191849231886769987044671387535569436020920769602000
61,46,52525050867444319944235834766552286353951994818556134849390910533530985423096107889615047071656373131337700162060864531010332203384927097046502416209494284327066887539718144204320
61,47,22401645440315212661971828845006113153369061017974917926807834069470464683268468294117227151880608479758983973244566104844353076784696684602752269068222784960074080
61,48,4429732366209424031078108082182739434002972313102054349231097848632256972329967136112167444727179217422667434090532391326935043199859600861101811340
61,49,384298197900230099078623294001654011242223990708957189908223353977503628049683912118893373190949969117361725315581316328135456266700
61,50,13059580045731243832244711566032728369433388273945795409370600255402555742759773789806104261116704943595848373551984
61,51,137307943425252584239839117902194627352726762662862298341727139949693666053781024582014947663719952
61,52,268730839247973969584109756967069984647654114943947092950914323950210291174060968
61,53,30098709824342054560521109080695453050911227557288358055862344
61,54,7268127040045158916421099159199228139720
61,55,55602512
61,56,0
61,57,0
61,58,0
61,59,0
61,60,0
61,61,0
62,1,1143974028227629158135937274714057411598200325684938730608944670249770514579662262196560345916605865188114719420348978612268289593212169745182468449121462575626457693787281573586260470060246100143912254214923471388785468525206033596267615396988365061333501187486942104380538282426798095898323195916517048057824998302487613963667770567271010836467355124071357677380764787254513982240120466118991703391134569109183781339080030164246275249321635182842002089111880466980010017403443885374593290710914106080021455517649842531587866955373206036461004134078397108224
62,2,729398286495228821458579569992132825762362473842283711104461415796519420900994166140516881549073761382283697658174599924476951320099505946815322837827670981227180681080073955969928666948612863797561994125437200992929645922984949105308735609295367284518765988203627369170645568344765369941007080450171066227798930993306100925018231122038708915655491141065552117602700472125352523451043789608239494491526834285720935356821995806040412344999527989806748195238678066883923789607266751125236415800823696552610569800994209970583633806206798448423218784234441314944
62,3,112462052299426209655257031339588560383826742586498942665818732947000154601245273820605726947831021002632898276552443350199165983829120738823533035035859537801190807102965430150676407324075027432902808024345485853029819966458355000690587505422384685636787724733502568078946703738791936775614686716047999011133615134165462129914707434169817516717107206801236045006302533489997428592640548641644843311659065057908964678432214453459163609321858239650646351860154482111229557454782062973112749052045457177030964798311801109118089925961006993951448717157853252608
62,4,5780608599699007312722027293415790789150901199205994791679037156296449121323745722136807225120193726986020466770437925521431269237360099824487459910825872939986961182120321142056072166397811788013552355102781926602705642582121014702205971601234880465476491133432922183826273882213182309607449470082099557645665302365675961219383090614527144879901537526007016022014502778159296010731892692134404554561773046311381003661414677080082844581105162027851676521632325586039064494225254261379819660056832550129869394445702622323152016266345388151628260282496833216
62,5,112834797337307457070879998556207974667499742198855917542188283765759332665139571325005134743314612576665712049506678746926168667638867624620582153291074725194595077729393207006566942777143449315208146243696265657511161881540267979932083188112975062906073207608574599318620887873516818080374035132888564076712239918253142969411957553482916137193198195845382646227337909025127604343081603404321117898118343375822479094102941908099312039745592074138359554192092569681891328314974485135774028919956601211295206369835677862051338505060989109635339964131480576
62,6,895459053368051324960987169854809926489381312320728549889856837686350176544587107505398167725888588080544886496575686216162649718875573067671503655868543753532113183929408832636245627698978188234361762389644746668689352962029735841169869591950684514412282767983160589020437616125106709098430035475162600054925872178771808270742068009324850936040420183053208201505656949964512045112191971211070795357831941553466859982880039832566439047561274506085885754674676475129766880690182295044107800992151999226809639200661500478490466898406450377708449838641344
62,7,3009449356511209257000771156493504967029482657492934326239569552384908072379163155653199571599811683673356049938441360448680819649290911917939624302123271152053940680901549444384444359077905112725044517479420626842571286343917172466099561612814214580287743727144128604300478639684110532494169763989840871939709996575587812967029304802349652289392929321832989459657122899005637369507036532687691087862960788152798472131156311943498397404326364302773488114708475005374284550726485588763798057937903358047018318684135218154702589975670401667435553443328
62,8,4398944434408104579648578964095286129171033683888639792323841727637785570143241284278102027517899683453678474212604922902005729148026514403290870910867140027552220927900855654300919297838028463960777604762665236067119769201309851171131989223172610688689750280059940803882060038273532262896698572049504659217537898382299288685589526176541486510828886097133138291582896558899318997903268931921758398023089312189534182567042170463641530514390802593226097799817401592651718772125597610364032162033173068360867547526408513035269251502828011800130567312
62,9,2849422510430745604648265480820139481263922907688198237865444682183697597928216553333744158796855118445163643535328393287293843925939071835411504414919109568131048843986465745150229952246732007133876969954063470586397137461281516829943294354287942497655210653245301139097590142345212589586434646473042537088838814084031759560710275857690518831935043899642041209082694870189278623593384517041371773235927388100109208286957406109513552323828657341674145953594336574405670262554101425900089967084169058620950486738573411259239197823316267107673088
62,10,829362799573123676233933884654197826848851114891834050833018609070482023119531675996494012846750201392634986434232780850796709128353141028462259665163943461082250907867443094442486193699848999145995850937914235774892536599118945066728155232456284686748964630023047272285929876493237903371731070627132151015281702959765110643645879068227784300257996198695836433462939942294617636343595598206820177025695342722126571937534921308798823348259885419081349688532719146368238890001080261193145948838859680967180096061694774254794526225472502698368
62,11,109646177497113299556838430720020176372752130569775077110859635922665977420704823732052694587475707084570347155460028866228346660468002706053596695161240114251512670998380295985631444326310355788684088883245967154525274672297460355338646229229995741410206609716107785004913220763397622380202509504221518629804188899644041927794478046017868473459289163077220543684296851515416509252288570641877924666543255621702362923337676145852788676918589887367452014171662498971144637377799644233691213205743003027551481157098440844985591646738430976
62,12,6641496913319951488945660211319061495499059798938872407667698385625080373302333008173074355590026132644457252348451482932057555562468181182968578372821516105537546706809413595043134088376848699905967250280839081637072025234090827039673770017135350179033277154529384305036232277852937928327539291391241341266712981355367470313425617630259953496412088122494690086218902277982483070535744058126588375733806696979348941068281536391429334004397887812804348826989830795478440048977967560479813984935058062584202657666280143740549705530176
62,13,185638234989258879804356596786514700739799818613735130600428964721429056995930440618969927038464835110583957878367465966504501764936695232146820277523011985120911922599645185938161340405614264761271329751375901429219592402174621661725956011568188689814655857156799608687531915607987610577670466969683984265827354040521661079306066903512659333430299243364031493508524556128546655927942540117196115342779335635040729091070947128023936423930412503167228020143347334231380548103996771803221501212786625527517421485661772744149691392
62,14,2408877716017674070601469961225730563472195931351694091744433920234862148976407693210722485424961343900233213571096303725674757509073985367822773009519130967340740254347973530466303672470448347058828677016627985199478227954403933575716701025909784472299452757127084688328014764804380438915077506954824738624092329411019589323703068983362606849714082354336597230620076540554193732302346537023221282628804739075516004755099066704729756260964758542468013076654489956830663480941613047450669966571725412161478894185990033783360
62,15,14586434095108136954728348991909313982485340503920568549256530582971427610567454347340853311574376235266325654909935689997754317658651118100697580115007200387445939004231176374046459461257780992896779145011331492957659299337623590533469731931527899412722150423691197482383625541602456011457220182992060844796086381706149696182139183726050083266295295226935275317906982803827076813806906498030630051899760904888355840633421855909443042577002341377417020861031157059304356080677414020940484997769704689736585496674969600
62,16,41401391038070418490464182432354473454398204753623030968169875106768245590206045633190309476911771575428546041920049914022986294263143460380564739929058446271540910344006467193608006405634622087149326354050229915439080820916571197441721879985140420427028464527702428905942583804553569185299939516768538488605569223158347307587592950850552260311152963377560378121770607253983942199633833040407021516008713591107280550579945637893296182793921723762027251857902293791543741715772165259864142174739011406274470001752
62,17,55298947700865610280558072595706599831985382733720193018561905568556319783013899073853099796757439460138710919769496592625177073260032542305211982473765759037354170021387805273589216478579723034882709655407071647846215716861897295021095387832751389899970690606256519058865046890892303218261257756334262364627687282544853171921128281881527500470241478161732367695555920271801388409611169594945429596058965014354664735726665690037482995517941953074288933609734573189383312949922478058647343525439757523761152
62,18,34878898107365812342478956677525668197018290267533175867825116432250464686958110553597466637568975033855553725872235233863869026756507435958439735937638311988641184739190320160165186944067570459932683407084390147685441123239753006644797040423851484786192173939032456909002604539066483700437071749480198845793105021928430006440965117093019409646509035602100304242379625288107966132486101185105638980409645673674575798262100806846766832555909842319294922251779895421852271461741308477627911886474886816
62,19,10420686275963779362003133008042224706447342091101078641886872626906814631741588495639676693116792112494851776070560639402576284115881801832228317831914112983118527480056747799009769382858113817364861390812467880377053934036310811635249255128563952134349080207961167920947951575451748842549949675279363517086153619912149331128583708901008385347428630968957828657416083183081976922364772832100458613838749032547081264268982181142210211859768445724065300946053992772885058149157234532391646405120
62,20,1478845756740301641841991953412555323337255860119463708304407080933195068390136533951086085233134626900046139807853499470440206961479238690451679566536519005573428140302371435939685783846302988878821824296110327359386826361821552542424040658480153586883730558614182376600374608678057787658127268632022149447477586199560690226192649863864461297522871583506189588125260115086431096997276810529666318071943983896344329327676259182287602985775751217390192539833024160757952020047635248182864
62,21,99937811525104261072532631464055343873358543441044395819990701410417796278550702137309768894848555611480156824623766404866464591458779983026384142725601691229389399649438164664451985519219078370681959121889793400733996485151055393748383079810634057851316796393596856038102343327989694194688745381878979959275001652237930724539888175989037165958671153751962804374485503997644084355212821004272718658218776559786965406312137406524113121853880018060550303453873979169090015406028288
62,22,3223318748238891356134647092097964625076199449254708030721461687926946289150222814060202877208631417956593639690728547467207975957633948356338177901235648731469342922680205973068019221420006693389081064055130495814524009550475928473581205118250660779561783665257827201645691227307932235703365294136619985318055178046652547663965894409397349818260377226808345774328491077232050804958348534418773333401142643917905860913362386663486694469135524601458143925513916987843905632
62,23,49721182124352778714326414535097846811904611140211222635550287299598493198566402224093903722217346456708237686605024290362850914245994817057673880903910388076586110224161456026736766982947083552136102205494279226539781789315800438027263361667877507674184837418316371184469153331989431852572065171337038864408257037878859169588209033757755329048203154861000787999627095665878057188916007080162518209346266173314064598915461003071038093729517580249787860197385271296
62,24,367507491405325231081482286889428757183425079420511663333974764470849763039685859182773763817800791427268761563780326618799699284823700049413379640291126275320087510639615238306374629032847781350907918181061041013986626983583633423350644229841745905612514765170073162310228872440867801353611376058356111461176254344365417245276390465992880374116524076694206002725985969931675077895479407821244235724637269677355416304925131706436213226584462067691792127800
62,25,1303863608971302945809405178819100723594261823332855908787923956381014252846768143338997936139935769998740965223152275974764294290852097706820729308247194837054892672954256033350876397205772194609196930943054104973887276720195408191341034178318239259607564048474988998380449138869381819241917999625338850193102675580296582601442462378227996042019240230413765144281944340482452822295749264507151772967179263261329210926523306018606372259479018172416
62,26,2224000013399393921327262527219967953876231297415782868762067437082879380641546512540775355407192642884367392293014850162848661325969420885386490805225125850088771288438663413929182432080785571533050954325974160225188996343448967800825842263781761418781751496947064756504737597277123048217208884887644102341666290109240747724632717898003906807108809678499551846991715301960076212150325266312687849329088699562498054710461156376316633770112
62,27,1826488683677752928343235385168362642770272896790593554037005053770530659404999330204186427109287270294979668490043987072557891681752697730620408060407381223529056809654133272123535394363017565750387644301975906626004897263201507543635171028063730198228058380400801624647923914805584462202174793792108347128266578607630300799361247905119527841571505561651412969796278380896227868622093254546637596465718330008176463309106477570048
62,28,723227467757881106969105756920500500166544649635215560727434236795653705329395004930332982399737186451138036125361808564883506391488370945018063109569021170672198732535564132580374794673739718810939172708638858280910071385901753398587138483517398857731215071429230506703709571739641511057886437004077901482974039104047013613425711124010190890588132629418339099542767308550163356134154447622216194023664453422879490140096
62,29,138249273199352084323531348931043305297584493347175679685713196087042204502896712701515415355383923381974074223471583379159021337510114906088186903685615027721803934163233358844596629223380418164272852381554352961169440046861339640808580220339674039622654979815917903237424525878893545796403527574920173840436973400370593182471375701823750497194507129937024377430890549833127123645583711441712495230023854852096
62,30,12773135278367444475734254120565838889461150975356298304452991034133324579227228947304029469245213774430972818144213452891054426087832794682574505740620259492238437435920518504363123105539053341463398445243162380686713839307714013448223188485086939058199361839444663378064222414461012036791913932824745816486826146119166008460253949828238543244876067853336560606135907966047866414921353123339474399552
62,31,571033591327419260391189128414908697984289361892500128141432457869004509463217013141795426350310466847955362206974704897799899788962424364457689752204183810159316056617964414734409908360611960659101647315397927164001390298063481185664748179609128243350486782282321882782184933190637148517910637875046608097223542948249875755896248202336436246091958020635549819087465126400548111658687339904
62,32,12365377182997080558124908175696465483411081779573383801359846233976183198809372575915680064052602964363390371688913699681397060101165096792829362216521347701470683173450835546442960317057669016100815883466483219896741470407363257165469004249308919342538860397615062582661177466689501508214270547668817331147096333660999332423375474145047442916668232138663895235045922324635318060
62,33,129825143539292872253907917982533061788238899827426750983840780399764718047023160962935434769092194941393451397226199729691788820308406722596181502033456732735499837494312602344177708590360533540169785724243231325589068761530144370390497634975738261745076353442005735963109211660343906564011597521952726454134326168813657016587025806296308540821384655244799989561849480
62,34,661476848908353389679394567124738410303109612134994384638461251822527017095634114821129060185867592302605228869311359684306761748662090199602851062968910956186757105731312981554021997941510155717056764866830701906128189467748594090521554824889982232424919060893729284576357257971494082841005999073083241824789627018193923980109669980682980964356666327841200
62,35,1637005269210105763841122597282477657225914894949940575021165471792302359343946678003358416979137114005852394968081028619216334343877372053346189220676459357384245635618325910148348329085504973014391656711657158444478595352745960100022877233721000986424338699075176735472249913222989112950166729311767442964379731717941845614685353610965339504544
62,36,1969329755324753499205372451576262604754762870908785954304967167405521818391413131109417247628048007114477245894567399631535431331356775154323226913932816388898107262946746005760297151298857559070864394047495913187964593161583066107258825361682089153720283652968627337917221216010808126626739248300903456361379881816989899762169593176
62,37,1152530144927196993088970288680672646883234562349039296492877410149189755325739631590167818762816285731593457993901322640406636913764999743121822778990654152050368622813222423546791456665804081327371487530119343034701338044588727427647790153767587379049291144704161526437208695839819241800777701129889319048945219859727120
62,38,328370051548769835574843463151706065955955416766392881021324970734187611515739828567386811987688730892772158275751266595080056316289632072928754915959086876088755172967445755295203319585563941923930848783610556270137899249631682858903968176256150511951406736570529439482095238075549792742597018200094421775920
62,39,45576612393745773471425605069938968648543743340947915677246697449338797482988552916673142541824073428878421155483452004869691072028400056977262759825868265302052122011005734541455697149459244128727890660331206514718634868200662236681588791859082237857489741250710355313838990868450623654821186720
62,40,3083551192785387093873676873190025021393587870303233455061668813714159890538931591454744881916189699452840616231306367269093900901654085409398458626628130697510869514171003300376257740050615800352256174924976611394786772295221174907895078864061392072614716951184331736684506872406100
62,41,101746022024260579815510656363390110695689944327373337885055656914928963955285086775937808437198097486224324854369022150631194990459169009026197423448658243298017852812574134849240550937280259532263725200507079850721590029437021276713618554862975018698946982622565259960
62,42,1637979447728343123326087173359186264780038620527167952861789533921712228829055518208513852533929095188739731671022435507305932865831613498753610811267068810434052786081312474105960781614646644074532581737758832094134098283415636011113463167825981121663840
62,43,12867289918607202170753344770452661513034685300389439079407333521836692269235266089991084051837895576455384539424963242760909686586068193143596309613198000342387301226831706378593593589631898689417135104490375828365812595998517546300576604480
62,44,49308114056556258087254489856599709711725409805068795771150565608720729239076980912362256408843802403940010139700074891934248214306755833301384180294495155525693747412957922252096715237338907456380471244433253768213973935635920
62,45,92062112236354005719507992762671864568252915113894973058238290553971143264206742673210351099615374357162223917928877075867805526921537185401078447342419854955352323699860148312516757695502288284558945452908826080
62,46,83499912294789423159216430809705317468178903976598525331138476336814581662327774548588377545532515620864667868774090852922239847358763455166057982378445313553538067164230358297805119286776995925000
62,47,36551847632372736654433818544668911371301795265410434042588154222665306879145233252411603883219854037339937497430192991781917981836464218464004876518240154093446723664669188724079520
62,48,7617959552547228294229339034245119038834659455250568357544114229409327240417405626968314809937832328646049000418155216934469796463930717598560446159383077698619938070
62,49,735064364686712325038400167021273952822581586392936249739868920660260910065023759192638887230298825269543487576193623232220274091496662338654154229220
62,50,31012864570548595741664833483524432529435483480781031368064645314340863862352225604657542247460365480158442829411874066367264321327874
62,51,508811481389568405204711359256826922666936693040124179176343183719359191413085568992069903003817800898503923716216944
62,52,2542837490740735495724133359189853903189917485559722457523320461056535395854583754348296825870890940
62,53,2286747330204457748883260288468331308576862304533340331774130480936331716984523800
62,54,108689785476790752580589880830303805247370222427030003152919300
62,55,8853900212418648134549338975755345567336
62,56,2978706
62,57,0
62,58,0
62,59,0
62,60,0
62,61,0
62,62,0
63,1,3545275917740805009207866560046021377374199674155716074150118072536178717619183848619017186731636461221330268147417277169890022660849517848184184451505959029166625719771979464931577846572872592959640870745563212250415845468199021979367877858557250091318014505986163437329155491753961337814232971535919051932280025448378017909486937096136134812226501333114657864174073399445112959432881529575795070289183474738642045256752821060368810632382508595458384085807504577058241987577796553474559706373781601967351067877271394431812322911015984741249686093778512653413981478111555607680
63,2,2260469307646199754349925641352108808635103752276153471560035272307943501818961111811332710758978049486241123995524934461126761697186954787875650022741564090817251044350756291581107136736732586100237572269865126847962348882570997785941614623240913008852828135203967408436051011652891210730366235055675013600238569677533557527035101026254360173572569245962742778852827908851823405712724117236524496758675944897806542907878543060607262367738836585442928401955999082166993244118758763238653913542428140132798866722426952340086189013504843603715235473362955281510660308665587976192
63,3,348529770640498471238625462555166282465259807300155690177325189282237568712041589266659629452438690229616250468206640249836012331543201905432181558616926599558848593316390775850912096015106311345177647303859095541597979411492216825969758137431592793004789084472338814612260523476427524636039617075077433768350992329160533939166504055220411815896329434328779558306331332961800730972822854298432502206248823376676269614835518483645676220881852829355063051490051804878348852566756357716602662327527303941080086137675616662573841333140456619508690040614933184505323299782142377216
63,4,17914613402674564006186296606810199550940243809206771972172834831049897288073578331735968734682507056657894346198466087434496681430004732942321619672522700301657746140031686455113374371865430434419475291795079012517282215128998845924175878173742794525526115978636189012474474328561193493930695741162410698013525408782361841097403221109050999307892193163645700012337930290123065607926629562219712429119806436247180883114879407570692077236958728835062178143575829121109222139004292763392349681841799894325760767905295146884692942739589709221942828014405893031236804762938049024
63,5,349684940227963223938571769599980893867200746703929718329782517327261141144817830508627498712947649411428523512867485716614459795162968240190684092513906019223798605103148958199464282925521217520820417503782557284170744222375187460307871481717167033138667762019280968332674367780029413907128697094564130720792332613354223348123336668263656613388726571428159169915953957547539805129893357848713312587734605426554687093965641643064066768849391538829613479563950794192162509773568533424716494684632771667521460797523970995619245131003716945658226472469856886822988640404715648
63,6,2775106198999338577368368969643993307323775196835857900488982758604194426101831881894639580673211579604862119773688454337411746255501039526599322718208490448878184432017315946851394146324119891005874053092465883909360486065539229667508082499695493006036078533880359735466623455969105145096263829514238621631387701120869127443154981966208174028238179860673662204783196437017125473900922902316107005669449375999883071747524749706128171245545248017722989253003341804114398036823374162010215403893300970969293044711231424143096087801521004102255647726277290229477039722275840
63,7,9326547689050171525103748159097824238204829676358783881982894966894964756255559229700511123996432187513482464673951510204398269693969135978858214348299325877676701186820514992175991067250749564835075002699698972571052104564531081545873322059794311324238584198219011063360523364009177582553019243324047406824584276992600798931216933307561334845604911647157758621562713449119720523676649197428594265406485762131825428832912865288727159907027513971108701834000857901500352362013807153895139838776938395828923024397298637438432378817755312942222464532969990534257529956480
63,8,13632714888597094201291751757353033710682117454051432872224372268300639020413342321393269209205983623020112004489391987426887229475006703297293535232545237104331274151969948832915828296543980425391712429883117134086045435347018759953293454839907534502666607768460699004614342444535496714943384645604293958611089615003086476222361263381214040720322429937637686568105299292710598754059877473785325726736640073894195611837533743554559361466628371963804904315237491416644536526716999010271773360198681932630103651779176474516962166066562882478968399827098381728686760320
63,9,8830610447817654253248869246263389820372159586785905413370506683402367026995006476383616318885588290706256773499649323306066296151958937144248854421333616859318056618309556683917372152840517972151017162951639201159184586821238524666916756215197377319688798570826487350855038542855130212804898751335820959681989653050762109120233332926699730103746565014680405937306010159882811928124649298079008710774807530700658600596007590097195537287947700090686072339246488495667450370130971120215331553375173535422576750992047028892272024772620557575559585391704153637593504
63,10,2570268107355843971122145491421869071779292551503935499987649309171057339874265159529202017891516927335709817781672317806798034701553811615839071663438410003241965196943145049960052515354427332441303108351271750277921351551996486505171100883767831582288301905004346732791618943584377914771351784363938214613922275878539323193283749355864369843036178348500348660468162824410844327657054693492240927207276325685192028491965134849375572837726597477731923271916901769804055240859886171711756453756805945676968808531092341653103821139431918699586165514233459778560
63,11,339803127484597366807036606619969975142663926640544773007397246694283370430649387440899409161436509512395976561871116245286242266449676337894616263169558923345539495067903587412468445574614629187489174697225185225595943385998892003163751630610086113531805591151423161705585199208298556080399049514131058071257141760434781465802609838432228065652298873529247570698211373459034488022616111166503628975888783200008820967777522704104550047551624821556911995133202478620636306445686914841732867775833830164910074325596497780223175484925326718420061605277338880
63,12,20582581845000349044394184942296803788618522755651946176530739093781636447150896602736665849252474129735052555153985667258160887841494348112985607369407495468355651715084826139439509984906453520223825650426524661804302422229665164008723810972136505335236305755587007923190791647394686170949026750013924420289709060217857391693902995892732949719254276855651405127255354646223724847770326922911899785310982586089352336850493208225165550301440536716553210529300444772994201858726482069544278402207114398504689471656830864158372394901177774847511200383488
63,13,575309183320706665373460439703907808258511966376492010375169528452399271211221791894700870458335986320388768719481351158033240942999306336829666261882500322774635479581578566970815647047452197926985144381971766858776255768919008307157150860061948115902100629926474122582241446918166910637766799132915558445374950248954332417109215289155868569639079212030547055388685931060107564816752778308144743332178507975693020788521661800699822586949558626960215828041842100833196870862793231300925318647274321768683804824503404452376622023972485926277732992
63,14,7465323464224592051738638423577406752004883231496028811433953923767291687188985102251980896866774073777067189166628757856049200240309816476474153762300564967671169591988560217065771013419683289796620170504595650728189144992205053375725655139833242205726415859218445487484023867533748886386891561174639091895268032771209423873176198319705036808223819333175166345360328565435664323552919122775450209903936659162150487360403502113596222046492028704354984010053739742206914728315891020105110626254967057986749244269819529645203664570955977319424
63,15,45204639482388517156134323553790369824757124982072396620499779594701242582294735173600026829864641227554292354720797505629429126279891249569574305964354498455833349162931605767087486955428640033837763495535184392424587751046394153503233144551274905199511955645482917682859078310691971940074570159078403963002013231752587390332632175490061176464771910619235270738351267823518429323644148177126327723680950665185413775342906514903235437624721999272230908686418849499837241437244996480586009223889434888492339668731510178842268983967123328
63,16,128306544543253711756500911002835390715980024372735103663360476604813204387109831543896494336050663419041964734201690102025402198632602309032109027292094898983832928240008267598605866662075080938312217161457951463188351220377249332881295182719753488645541566425774208780467885309989922959816807517108171893760169684468642915832547127886089194594826445019322881214932034106646198688186286867008869896313630160895650922198343140645529706867906258589743295811975808126920261185296742172240621617185909782495488490615542979265945536256
63,17,171376292402794479326153781853856091667826229116468023763652434628198210710941209613117590608810292858165479826167130384100126553107415219153671627765591701762078793571308138409012355733167015631065049176782613842660888341845665017081466675469457189900118881724388296852825759365341648779624075094874167218977888169614372830161107081493097733095558932202731605585304367760331600313152062750183643744882393367125642677325926492762050478088932581157215875014879789227380264917914128678607200363348214696091426327046273915965488
63,18,108092766487195753211647036794351026975811202372352683446549544570203575589277720268675325429781165949115963707813292662530117463741627880328317604347601158754261305297037837406938074320298901424236862858212860348512003817621759707500655923031170067297990035582455282428187181666419597335617984031872152168368222096738632723118637081202646117337520104328886797102908848107373732725783611002614497768024311432275012934435894798890221159461089647921498964297278120039478702798543681575661799748670835079618339499728052224
63,19,32294621373330141459265904953337728271629311678418671109276004251153026785939035217104616135064764472929238287781790652305247887893843595862819619110865489044606420116678966890398779097078962212143786385056206573561079290045456784892057044611045599097852495806338813917119651293515045709017169736507011206068513734242039665498490853689826034564650668343030805917863503850770478982468504814569359423328038718130154657347240498982049949891834711416223735866188630614421966507020428410204346199198558812112887246784
63,20,4583072795933607739771278797118567501902431620424656564205346674115377967526710729299021937250530482875713318904961070865942125107721438492379379533398136087535997291038812358432532886519314399086948395457224382258709382386732219712947234222858924426674443098033635331235944008847645937881755484192620191121903183026931424222744426667722255966440074835845887588781494247394367579357974467160743333382417497615345819605782024793962962802033672029333819713215946668772619506993760143486897300452971865653504
63,21,309716049327560632318898600239081001218486218703829404668618571754176613630850341969136389736970973030408934828888743181296877359994646457442779960962364828665072607602935456932288280437877555954138995188119166790340999721682509851890393165999140072926931426724502387442077682218211308477377556509796535469364583670083607185729004516944863969032496332854948746103928442325424378575744426683895317938188402785984072514819477703633918082362029835374848806925792773522678756925729792804229240427529504
63,22,9989347709825885975058506957631321467934317607246489885201549334298274945888446356223701480541345389654957367229344309281924732909053343147166434695934257312194192949004750730842522802471453782494636230705928026369625963814297259399886352124406961838307064310820103493292623981556662290189515968445855076840588724963994842359736780242480226571487288719755507791263801772739651825420363015613705114479269789820940697731807746422983183593247860797808692562977175614349166520282713535202179584
63,23,154090307487431741348659095958461325009133336566844404427011062563372173845780151667356740643237392690309330794221128944692072739481621001007376926390481671800443492079923559094611914135747942587674676678319730841643241226307808918747450940116068200840922777972487650903277926289894738118546066418117353161912935485500770530116131651844049568774305633870500695341171412685688869218199776643705464344629461345547789581215955015990686547338738270769233941255169829450693682953558705984
63,24,1138937973651539155240634135434706688471723152587211158698921630950830467094906872068183273536162564445921277570386251825468548207815582980493383533715014840931968203260404983172417882585973117939620901851042168484756383401420248915152349807146599636098550819799388063667791856007548388569208551928154707939557589605380512272594337783138269767129196837509887479001297040878698954429555021191790729856163598236275126222758268326644001091395309504151527125150315528875197896704
63,25,4040787779239668041584070864991559796368129871013592977525843401037550607733940313499836803416567275330430876323192490832245882906788767810583682661503409718439110206823995201724985602305580074813472382375472082662251542910915369392457023529122006925322585295203802342760952416837567529707274627346602221379565988858955742118962961263892180290806298961609090792849815493552299666915319558145723957783209722341379887019401305803752870804955576966343031698431419324272
63,26,6892371299232170474895568209574182409653797132725506686414649956161029465473743140840946721129068988918043609146684535357892497318862965026640048081727893193083422977276474499809529321795802165483978162715595201121788537105572545377117971722526827056481435096553973286243343644915459180892197696133118525118160106759932662743713158805841336841096117492859796961828355723756013389656028115626101334232500113760116339248973098522420820197199965851441056288768
63,27,5660448842156760070651360230443171263310188674664490533555058314373754433880747252124686452315273371535498165025814444043435296358653729518340678029846559119262801104170708797398183449307631422857029244100594015976761730324225003851143267162644913502888614865511787952126436942792203009995455125998221967636986271589540904111793360401324175199546629819999010232535748941438104775794843081302915851736601595581864414874710057048579672823231982762752
63,28,2241345483497739169718294386936829403989565859289336132173697731205752871950054959685354750315219134003586042545667184468630409012054032199629663672802299530800347066610476298264826995296479692604031343123415437683980244711955040440679322305584325091564263444664049057503525834919988050638803320586436865683027972386443026453904820773920291197069244717121908741304620257498340603652771130140334718314062537377701173667015032139388318475264
63,29,428446664688099532299142128085276300430312454749345611304586680112871557149582275665555844765196891519814882105207665467076576430205829999615834297061295959032626731423640475512751510870714137387587920672933605204960525850254304413433915584093866254682633896469129371746429040382557691094547795010888193981201707146817877245322684038947827575497811770051742257101047698297762463317355132666336316814047939033968391465376293810560
63,30,39585073574944133065585239968010289623685830686940859585194078510297632235112341872636638085301993277909501234250267595428298842810278613656485886986496603797228556740986477460567309518254851373793159521084218899979679593560970383405259626808906935762312042699345466151024494709972022643636903044697386965899961392176742894544344860199867622148527611442484960162080323533458113043742415540075389397293978067233402820608
63,31,1769683791421047978614296894262461757541596097364147779487553461767191628830536841886067152004576643965192620951392765769298634587342337239979713599436232550730288665318334788262030753931150391498893687758108234597211250165288054223722891128647551656158476744089436744096142664463375405553336592835697297173016297800420087097339174508580141782600664500734387187992055997979143004039737495880633309665105319296
63,32,38321414526722998071767387237340661134637868906922191326490827731776903791579593436250786243092526051102382170666180167318394580016450101188437792152422067958430314301915382609973165732197580663917821639027160124210178851590464555358052218071996429905335005250590357021046756453163016444170696621041468853710078726348245308251925659503963100102795798824309056838351472425029160291461972102838775000
63,33,402340057168665455922670939879049721510479012985897420033813418600959279629547705103033479498753172655433160807389282775598648048167458540908323462714538021893736126290218050565276936196581138714485290903964379039454752208421137474552215367722273383605986486287078399690139120572749981986095254844163553843102109856440887366569219425332894440397595390306695584411317645960891434207951320
63,34,2049980446157333625629794892901510793855555707968005268202290635834430883112369384870573848454866148961331831477435539518053113068649946690723683359215686021307015602093541915457241675429888488990736168756171756712026282382185235288396968977448663200359050067868256787414380743015067266072914972195280798699559387783818291706121992802766196706068969549353435505146380166143240
63,35,5073251387608066900811896601168268181168986233262346475059806157872204621847461010354515891795936100830736002072739083762769916976278103049224300454935690904081071967066422050146630268993707815454575498110165270942704032760660572470578756852554387934998983777596618082161501385623720701855234451211649520210160895951592636709476282127501372071442745287269955701536
63,36,6103195179662216683719253983644100121149809828714001369984356487198186762266742309436088969303091133245913921089797313606981414499231344470121866880967493264860024606843096913556645897305417203761442269115518098466564868764365466749255522935055356838043790306516231749645680691254703974438888157028336231236082437195154330565381005236656800867157725008
63,37,3571874611465627312672784644325202437645824768685164646664878823152732010427870112214395672409966158784816006872587337589093476417172602678046446146104250860161151017172198575169878139757154889367153012381655482514050931168531246786906807657737208965589703784515653764314695977015243153039597592780756474690927244221079065333409251905802736
63,38,1017695339980266792361581564163897007282099525405899476000808410990570785568881581145497401957089323526451335438483044972360649682869186871458438883040469413996985557744168890906586455184212043889707493093712433401507220475657572943372241677235783273434363295061322377778320484621243895818431803404468226353839023823970415760560
63,39,141259357021450274130052854309497246937417546877180270279608984229655245535203114439644097666598709088667946379226414266635448169784696694168301722140488186260718256964489116979419974674815685095992585768324248894638551252880637048367830030833657078432784452948064462046626122398122501049037987694959348618489356960
63,40,9558037739740596677867943237130697525972071065214119163298135106945400895202833345934836798002274663779702292162697439939158296441006069045588859625692288900013632570008048322347472732956710148816238301186265539295649988614388259346946399715069169323980521135022319418013236318298609961072177298399240
63,41,315442924925349170419505093215416111732602493052854836548435247412536866095617021672062893789497063478195018732399417542787885287068320379185441885538110307770922959492225761177409609301291122335039709620743757679959295310848332739851193765308191685084751984033210496703738834190521124840
63,42,5080251555403065625111410919997203620221876662034855423068386788909958394504576533027791338371284979101668085076605639578383411460350195595844693609194769092275502565865286838357678091578619124284028807407387151274757917888179448511142487305161654901787029235435450653162200
63,43,39940567038505256900839381121541129252985119008374574327225020318088020360262401593969390612802941011774428199108901115412061974342052245251389697128820445936595403985914408685792368997425478515536567698840237647391322847692674468755428947135297758662576459840
63,44,153303816474371543216372672056024899277924475754563121891331040277628132171427195846869511698219773488652761208630715439827644889498307337130592474336864701369415256781536431902296984235596402873182981210701664428248819501569274433114781085020640
63,45,287172647737131560810149070420263092499295257752574394410913263429470957299167858502314481298519595373526051564066882376251545042498515072267546775714174342877238286008031285495883423959786421749439522835750797234253384291331458080
63,46,262196898349673695930963936822514165162466744394066936103159650603488697115910403302764183920095338811225397152749112655433402248344108786552109506700243601650024638252684974241178062585917514991711785036179236288800
63,47,116320707608278701814486549312716280239111241566015355011780529074395734046842065134374850397425938625039024788284264930319207682975424180386261985582046847847453988825010043133676631123374702151191280
63,48,24905515180508098250564152044809682497361579783353923586345739599151875556038894687762543782496869818998152414927960446736538465762185222261101124229269486478887709547444733372409039100
63,49,2537557873809717454676076977161743104393117142037318672731100669803739589024371565531828246889226962474514267090631903668884798667369858877639122643777166969359758584300
63,50,119521465698059551079937148124733874758913803285111394212478035125777850121196911912053086055711021162104351013958413287864337343188077751484021062879492
63,51,2453056777992021340514069538238858830807996462097848487925979915809328031953401399783510841024464172889656319526850403214403787761249900
63,52,19432684654609288233414758970129683809956802800987120445420828733090588752141453133146660318469864028303741548155269144
63,53,46154899360237502055467770640920848460034586064352991152299556008086866167230180181651449706973030040
63,54,19056227751703814601851754152627860232136027759083323882878144622317104029609149640
63,55,383378516045407381830850333428624827288310009040602518873484600
63,56,10434953821779121015718863792854705055830
63,57,104516
63,58,0
63,59,0
63,60,0
63,61,0
63,62,0
63,63,0
64,1,21974242461406506982429351499192337240420335489558299393698290037144424121291466549971880928218839779165174892887272221112920034037104048485814356310954982065600019758622377225312169844459043120974023448729458404895556696473762486672152425419009090881909429574039021003285236022515261160597763833922883046154277280688108835800574261916257976149234946057865483924558976776987781588052870230606678936214412585015722106225553192589149512063252427784477207805610111453882199768111391793106965412906943279072848840462524331481789070036554340676455433777740024930459194147445744371248222862432303604736
64,2,14010785562337384582218587525786455718183078995592524657155674037188043852437637640983318553991443161387091047033891116821375470459424767172475626177742415893135889974729685126873715252476091060163596541831705840928841108836559394275036108991887309039669816628834951877120689730716757391700444089160135135949251742152819563371053270253292100614537182429967334250488583260780647939907828181508577420776703077631571503596564077871652608649292429256239285082427974149694491039129801110861446309487821718682915202262204162372194315929346051019419766052889429476347863207654048058734107275577548225216
64,3,2160248697921694052717437371366708515393107954712172261079648604361192801824673612295444626482727974058679460781509143078833579801207976541724456629720177880404761432243528468646375583452457335255756629673069068275749793325652184793564881687067701461277379476610817584147521049068594503355123652028873545712187246701007702308011620433711463227483522485200209349495761963180550466681829411719677631319063342722180705336948004976252983752607167918130394550108924859538293400954988025527247279171678055037993760835346952260962117243990795240942645494860444769475266429611422252758175915073462036480
64,4,111037918527816557886047161739939350567844625046338949140180725371734062566405178971142337976684817247020029305000545234620609469884633424773600406112160240534081315564756293740783390405133636663096239082213915563597847980005646521000233360030822207403477744880091590256314388157929008901455119698577449969455757530712391740961203211642221536167702437806236461014888365777747527046171437045930347183914801155743804771898433897942053341392966107884750804029576365490259714803033790011308150748823681682759938470751568609209715025051943513989244584145466006953977126422202430862591345094381490752
64,5,2167408641798550992016725038528589049251253928020879449316810706801986973772829097008498892173181862773291720501056427715532094079676358623245375792655067143449489305256553869388851832820846592942090050142080098609828768458689777608758971489959325963648814476248308329517770701784235061574536765053064136157854590024258562892748006775966073816888383748576324155105184770410822819921557544682150460755363373960304312842359561296763647284017817564619068296152667303000551116663980192278071932270275600475911145710697461175550895987632127552387080270001580952733425854682044096975941097908023808
64,6,17200595352201318166464754020009712301501737487666827164752251089598733801072069929144209676971061290670723659960225017283627251272676636027809876574250298264688919985429824927468445697830965727700254969048526137658851096926411195657365798490353558865262582335513744618700692786072342958462242093878120833644675602330837234204588289996854574823227533745853011582690812122231992643065060369515494098424716823324960755328691789031370633524009325956421644250088669119785868315306712560808026856225864362245490192505091982523166346658973469050185321684708578935166072609710416477784051495354816
64,7,57807579720807223219754280936901371811104070201234017610118694975586514293990825539354538716986296345420128973479386121943186158693841587424894075353476004209653919664089905958794899378296959536276467064268717644373676420186781597764951129895980646441318174170621805511453034063392777813901078503021304875047696523423521234215268899168090193621889886842607651818082232371947289423816505962651970149703956908313477211663998294140331216894357097889105253802835709292099984809244842948491311266634335661796087363855016536524674654667566373694964056198042901186233110081076623273707301645312
64,8,84497959910595111535092575480581071232438862210236027880586536817308096752542355881978970201605646650521604577607666989699729928421156396552247806069469964094203957649366217430113662541871472777241354303945300801629516262426390860671611872125311580496008313112125681060456728570513788636224105888996846450978474234854929312316921385747209224662837733035080939740470167832222121324154960320369988986908467527990428257079568222989568228838027735227432283879582872609558713212094582735541407892611699784993017307141106671981108259897767808782180358686502431271096065348187897311530558096
64,9,54733673644851712036702636791299747665573112487692973258266328513906970469576237133686588604629171867403731806056732523998430458966749239825239664030135799767792965751081414763875717275262971718517526500955793260795960421508741613939053116455337069527970583143432589534671664297365283604909671863195939822392851473205968337929395631057244769410519631226700447802802998716457829044918600407359303298602463348609811434985021307639678300528350694859380574005977775637867719269750969292232052372213201402704197049463527611259023978345542317137165902603544707883405477705661196492296576
64,10,15930972903753752923740717977976210123881788228787450885798147908740241144717001848132561152787969700699938555033226845807691643428822258806007236270668191243565634150109609311845449929928893739714373832587077703219680967335253621013124999733996191121670843910197891908731929426167058707024802964852504882779648039149720039123540981316600072164715854788976676971838770864984450105045890215840348536056662458489490595633914317362683473228163170445087250718356025186219398522120367726468659151198617788806363850228091208128158571468852382404879345890837892883327879619560251638288
64,11,2106159431802278554573333819047384008699922043116900574360676260484935952496957958636282645840671655184033310912200372379092088790194617323520387450111543755795557990135597656930317777550561690491387210186914472843297545466966738569146075662663045549552901081851145798479419617287506523257418320442579161822359634094248020567190646185816831165215614272107418328972650208377059362508088996796252245982882340905457445373902300858078536325706881507199983903922949099811686567091422898876529190752897833455552393938351047200033949083690768065306587565144636390473082690080295936
64,12,127574455257649863743012968781397370877411503773942386384368176570241625291883315775991675775837930639373760649958457760033957746520772890041080966439466050404325496707471150443567291639640393096692627539121608795417531041778338435570203352329034733910501350468878706345208372569591295175035302681809489870944885875155222950069676938790666378405441733183471942188154729896710491825673104581459336014784799671987660297274867332365589834079877111930725383736951259790249030936178438773903200668654717292163220908856950329577292875166871810977145449952119124459777732174272
64,13,3565867305646257637717794551621092506961173870834048100482916465293009436604198193326863019697580792168254369349932896466214783337451866997533459086273540513877804651144572424237712460147280970715834956633332409842183214740707994421753561857597331001133134008632559264291074708330514682064846090538800334417954466791907207308933464427107698678894995509706581307176220504947459059604117391125366933530129088014227918720542762955149594412637580917014159528543946038817435765225822453983104658307561141857825238848692557197898361687106016649917110447327461482756798976
64,14,46271385263673671278527473760977504758656570237916040748671313699410304084844653724598298326612823262363201537866952554384339048170159441006548488654811636678228766159181453798214008040754021677047196414324231621285365318341310264373260076461321226483495088255921346361981871420832164466697496631986294329695880578881341457163912662362182147774940003096535738076881580224091281962066183097420195985396820572686036159478500052124777436573695501908530163598355414003555120208043711879958597349465477172584137479003235489329141221268948324303698142695891644587712
64,15,280186290549959146886891412483490888735590776385344958420618165682454883080857866890654938880781394658100029023844979502820391084608251810165164461570559314789022305284430773537783348471225356439251682072653426463958458745455402766443244018874234344411800270324825437556799123460385229103690915914364275732713052885984591443528945479359339665661570772960339379991887745543448343961342455962043273996367928099617865128576011351232181096933068905075010760464350267577898856166596984255619121108380626234808942892107997250855313986145952209860574771268058112
64,16,795266485488078597626205533029059917501411205643338969323911489073322660066788044324142410122284615249213127127952244283297250347388077757268613051928798897614500521039570855433163041901008562437934495339984944316665443316387020250871444483861953746867234349749743451721852902167138755036500821882887528179930841401278657708174614141294815194027922939220233147776935538280277984096219247493838289411693648131767708345776394948824166398698488824043244332503546769757132261488250092318497852895555578515715287004827490914328504345993932463861966360824
64,17,1062220343013439725419225229901488522602917029718755378376895157510868218554294329804217118816359766250333428999653446532232652426296994554689917875960742186701634592725440827776966762587242933710505107059125704767555481407283380671315536462886844484933744215596825632893180818134387045287935094324697358967840304223026339551853945785825692421107315621778165291748800138549108227873915260967412574242137722957268707335011172817593242033811787924469099787733121324119201983332028185191958812205737973705002234386796509399350139414740244957985536
64,18,669977940859179601955930246304794649870082639264290089266166269539187138727120084981007420767172002852355627089566936412069198938424722861660133885686586291977163645420177826361816378720954765287265833138866059020604250174231218750339713731069116247447975762616837850893794268311905162181989009263003184458254924526394334525426047124579779864430415745256228210315602644098797712507184836330826322050780914325754243115521106942014497751600296104996510716510379795716020257286854491819524340307494415715888448425633813351903547827953937368
64,19,200167732143386112729508161959761572035488452567377198881209665553812135891531668596860211390350181225273204368941832419246098153616695783017530974736891518016466367580637317726598444388896631689312639910795711835328752372742978084184811268871960188483293363046148665147312575209695247792927505282305673005703824501663685974404540231605831872719180080222652992655136992878204447010652969174896670251231542453478177998736893706176311993820502039236657980073215845418601521251896956494835779431937517883221357248687020666370208583680
64,20,28406689684727074599755919223768798259773517056146927339749190526578762900183165468044755334236941553297264066720309870327082717836786057847045144992989364501550010677267350950644988817693273648189022230213656170429598044690984920737034261820166360441938384617688304881638164564091109224542976919369839715555351380211059989394645545767642308043905304576476912905316921070026773752968506764113163276776684967256573822608106694799986649496529708446739225524486070439441257024904212070621151043802222452489235414924097122531376
64,21,1919674440255078601965150607952141289188834842140286777026045637225659081923059424690958427516116517295464729696869709317500195200742104560206459446253866672735505055694948922110672517921873786154816919268203609512223906455258564164762982832943077770208448812614612092179758891293289946981821728443531086006156072269969099974887107450811570106341766067268576543942232682484522749447158653177346650258441688485762993389055888468006267421317169221822773013834998715400885083009645827247595001159054618176674418916353280
64,22,61915730610377156130791561845679519498061404624996603290725273785309147314466807833655405727661794375450482348592704045575556223467134626822267941280656595583785933041095891883901734501750655200554253692553790660617030613932516358047497789636179521552365316940793679426276794673870923055602723875290726706743553530896245117975560127174836039103335279774794079539580382450981406510178018434696437509574258791344789097446753615140764115561404184416480196885332557837364548910147312580751678626383355420771449520
64,23,955078774688131727587159695005555820473173499237087456832496455551758394794974844124661283733078877330521294269425969449084527388425576961904846402630457820279713650049782899279978242862853669551604859019993964190244808899884088081326248862459530314100581210357567112079055917696586647401185200520397547523694289765487045627221828451922656596120664025069445466365375579261792304549214116807692393705361630451035763960740201751541806456774934782165727643364473882334255239031083397880801742582249694720
64,24,7059337492817067607636190095888941212473964166982804330218394526901965093536090509469046862712497734037549511455463111693843169958633766345304744599741800969542111302636025900326308766907021680237265925142999175549932536678663205102255423810863885863414806127618161373394634327280795148066607572573859357047488143353766301571827831688445754426046177380738117419184469978656991666413242742903937192383456858165673813915038010243417109608882137133731635312564907341914885790863663694798017620600
64,25,25045512014763232087064523822357043698651881632165279382169801968604341209901583894295492490760886248552792545579707831010376318566804826992429359260490359172381471686847703043979483210174539252493166484848389856923357985006584084196518219645348215274525644712916358668157656119259391990511768945312415583016078149439980129030806484641667473503546668587660053814555985528452803127919493831625924586636490799328994644385743068602003128192424561393257177207461639292800995709946900231168
64,26,42720127366808159593416932037966672518939486188421201962131661047524309151470351590134284175948409784718722533938257286981312959317761246207844107584941124716484160207199548719049080679021142008616969446610104596784294250384799977121316476977432360279222698757385773816433215235291140774052612399101061441811531600297352743079007959032488968030305193673506795678332695619986876659330820260666396912381029499166320338697072122553323683280783196389066717821256338810408082000408
64,27,35084455865749716023304802902786728027566767391577743839526126895180377347619047661130105222043573660882841655697044139536265607457858462536734082509271609191634036451692786863046760430608119021390937158320051833815662553140737859471753794432575520211262575171030987711278659459235642152616145173764142233024768922977252829412504347025451275373064596892125628953898773653842828308323659987451562778826145840044281342894731433173036634486455034382318578265599924498432
64,28,13892253011558520679309743291998821918006555821154131602433414203375397713106316381034952666260480080174287974141845221225184258557250017451217632685710990578426904824530458774609613321197392479503363041570498002058064811669754321284079229548125492765880839636470740737485643118254986133922042544952267552277032223465120707812556441938341308839766815738237929897908850163939009764239273209535236270809969665984509921524957442877912294738932057017180056608576
64,29,2655587740604658137131041940973119462527241880480192805809530022025979092480702378801224299127971229590623086858474734360912563323709477369277686786043177844863004469837163779233291654369384065634438551815424835307511492026820232982732337897763165342719920681974925685067050178993009037956312289325988832159226760555870806598725186586416263264376317597900053849057564556838501958373083100342172960521955491406716466638517447043883658830757725557760
64,30,245355254495717267983441556267637511902952690620971339385310720451650292891514636882270027316987826385401846282318915754840836782487979401241703434787111808680526515734255898771058309939923383176193829262277737908812520316625412716339067527017035195902528057380638508167644183227254469035886645617863334896128084567267587211151268598346989144113942133030371105734166264926611727920577271248851083816489810802826717702947503258296481627968
64,31,10968812599033575231216602611106463035183812447897816788431795542122975552058132592753737442604447623124501861617331850477005221549013410758514061523522496898061739678111973048538092912331417543643370672604528287153243379144492521725958436270096700760779865142655443211511987227141792944988819405243702847212948914572852388077633831624959427307020942828423978312691242945915157370078348852238406684726126542778653234767387961344
64,32,237522934361188597779910761176395671775538698951605837819828826874465587512490969169513956978688013527749606319621724459098147240767279899766776381681316708896068142706211646921293196899488380412713134403261549529233367466255181111315452984391540794100353178428496353647840712168083205508145761601717426291185208427974569283006744496779764072414386880562253504887455410108066298785763084785666361100029023831517917484
64,33,2493776020132560322662381623305356640851575628215337916818009634722541621746102427721573262129896078195938714805159760844170637505340475666781577979007206236927562493461982353283110359228397255887534467539382639584453865522192245013252915141297492294427507111955453332671903085932559047544785751265238507693584301769816836527792913760846628154696684267607173341886490357293363004611826555170334430917855192
64,34,12706156515957149008860268420735863095403613830883691073521747796065011829495747792399412623377368633767470978282800494696158158513451935198559498044273207293472181613164018015073465038297383144647543427100805436217072751086254550055903483945363430443018921368647818093152625071645075520646587304470916459641936851447157652948338603085907967423856533663527934780477890392948756115028014037301420
64,35,31444992645987168868738981694996507346868452075251418941167595606953832045601614839705993887361948517176617507785496236801252801119386686239965180746136252811118630918414297704522052635190503962248728859215784043249014233322200038943149119385033144345515512909433104663283477688607934113018436577738648742010546543439716015924380202932766988528543847562976016300981289827858483680600
64,36,37828895279162678337496290263288628014128540203617208618826840178712836936626343195887277883292472070077398664522325383804624878786800770759929107094378833412271633478626938140809708518124440616084790692708904431067635121845773475353238452408989929030488630861192795026384140428674516522353392681481050066565089519505336916487344050271303307221240730704300565063555160456
64,37,22139367731415872339765515607881493016884966914439335483338272719107430109536939025183995754362733632793579447731968042699585150062908169451248208037369174119827571102068888471133937366606500348094741964051156400975812138065466741521569063276528666454664631255358587778554408381784161492893661937925761899513316481491009592541852156198629712891030187596393744
64,38,6308005855239387706616938399649461782372303193182995186800440346492247958216789483464285533798452713468413072403941487925153201625211974795592351178056426009235909416686954472742893574628633010782129943732928534518560650307467578199756443456594672228169111805593743644800502309843737973541616844977350201479170392889952095818958971482488940635432
64,39,875592947881301340522896956264016494175734678134238251479546086683591110394445062035369882164751533524173543278936776474584899418213726948281397860503453770735321036920927613310838259604859882646697189455078392560698018003819032585941324422616734089881820490198727603028868487956262517009516959894183925550153151808717133383467818960
64,40,59248246135842566906143882880947549693216547011980052451000260199008731959108911434540001981846672762256503489310867048454623860059690595820782360288670139185483026984563737127421147328647517558865125362164268757418033316852072148242213483554929292059366431642250625401297750177823675058885029773437649177580105590597316
64,41,1955561699794305589354609386245471048884586112130297647885396426101210855968086223466153449361629512292083184056760899480320506180135678199235980711165500597491086048798830621270152708430853993641477290149260143968726330947296691789448950108670957538265296196635736289723070738245816896469110710717908493000
64,42,31501039259101640485649809494910649565403917857633204238571117167588666110897019709777865383170830003125964824285100610378803225443977041893138083905086712357442510142966889319036864930005281544459713035417009973256841091665905554269340940147876597109169735584292081798547664752269582370571940
64,43,247761387303964194410703518638053033683532026124366924488115998093514624980826532428121360347813418981975189950484693493627584685853620192279429422363051140293674357576464107202246996717147550944542634969954327225946805315597534976674649212773707210490203074739696412322740611720
64,44,951777358346540885098372671953518797394448215799489283658134623107224671536661266211319769970950916717253110880304036167970781421696994599632670289161669272149184039256724030866455882031730988630231195387051111204641968560768304207500943541542965229318203324362800
64,45,1785904293139573552644412048041191642375151975206905948794166917780098625967554531294068800618023657402428945422364063251174571923233748559814232886384941347141283590425192333617536354316457248376390225973313594164779736152440278795418460133193325920
64,46,1636141188947755596860657847844882718620846243134728238436260017256225168407836753862322866893237502335048145285723145545927244530084412608886986715065867755039000064357711064194533895329988857669762923877769130569629963842851867222640
64,47,730854328848782117453886462963668571363860900393413046373056322018017376233694272463705441232941839059102587042297535964984897094454668226362699923438540572494486835196718494236988934105585527134705679438751573202180320
64,48,158663868525768137851835556622704425019130464101107528665182056979321409838666617466924840886439199447331920109022283398533077089328513415170104551856177668450265325148880916859728693880767380585332437285
64,49,16623160693439171234219645164261799614657104720669047619231169026640795638660290312513401422718867004661822792405576903628654406022783220536733974012788602808723455673986155749874047283900
64,50,828309641168968950675212045389234847855466445986288376782199166331330589477485698475502476746884984921442831023887554679266289793355348884798975497621488971074724393541478
64,51,19050784209010325552207015147594203691637205632447147341340812599230934008893776633770336572488528757198123303543820779579816398566788856107851530017362924
64,52,190253422800804310303777450480541201889864828146618699949381853647934833780055744637466380780359996992111328508163857750813563120741745031
64,53,727809038479234710344282917632399016586332095855716533017307033159117132976308934707439202766748278961845200536371825848
64,54,821386264540522963003168749352444474589550234805932860598330674979361393490189106537426746424294107300
64,55,155568113827545686575080129462713548734718292665469074399387461184416558085263589240
64,56,1321286671370779012382659144655698292965794724294704797841042849
64,57,11899508744134085368802213097115021226374
64,58,1802
64,59,0
64,60,0
64,61,0
64,62,0
64,63,0
64,64,0
