degree,word,numerator,denominator
2,XY,-1,2
2,YX,1,2
3,XXY,1,6
3,XYX,-1,3
3,XYY,-1,3
3,YXX,1,6
3,YXY,2,3
3,YYX,-1,3
4,XXXY,-1,24
4,XXYX,1,8
4,XXYY,1,8
4,XYXX,-1,8
4,XYXY,-1,4
4,XYYY,-1,8
4,YXXX,1,24
4,YXYX,1,4
4,YXYY,3,8
4,YYXX,-1,8
4,YYXY,-3,8
4,YYYX,1,8
5,XXXXY,1,120
5,XXXYX,-1,30
5,XXXYY,-1,30
5,XXYXX,1,20
5,XXYXY,1,20
5,XXYYX,1,20
5,XXYYY,1,20
5,XYXXX,-1,30
5,XYXXY,1,20
5,XYXYX,-1,5
5,XYXYY,-1,5
5,XYYXX,1,20
5,XYYXY,3,10
5,XYYYX,-1,5
5,XYYYY,-1,30
5,YXXXX,1,120
5,YXXXY,-1,30
5,YXXYX,1,20
5,YXXYY,1,20
5,YXYXX,1,20
5,YXYXY,-1,5
5,YXYYX,3,10
5,YXYYY,2,15
5,YYXXX,-1,30
5,YYXXY,1,20
5,YYXYX,-1,5
5,YYXYY,-1,5
5,YYYXX,1,20
5,YYYXY,2,15
5,YYYYX,-1,30
6,XXXXXY,-1,720
6,XXXXYX,1,144
6,XXXXYY,1,144
6,XXXYXX,-1,72
6,XXXYXY,-1,72
6,XXXYYX,-1,72
6,XXXYYY,-1,72
6,XXYXXX,1,72
6,XXYXYX,1,24
6,XXYXYY,1,24
6,XXYYXY,-1,24
6,XXYYYX,1,24
6,XXYYYY,1,72
6,XYXXXX,-1,144
6,XYXYXX,-1,24
6,XYXYYX,-1,12
6,XYXYYY,-5,72
6,XYYXXX,1,72
6,XYYXYX,1,12
6,XYYXYY,1,8
6,XYYYXX,-1,24
6,XYYYXY,-1,12
6,XYYYYY,-1,144
6,YXXXXX,1,720
6,YXXYYY,1,72
6,YXYXXX,1,72
6,YXYXYY,-1,24
6,YXYYXX,1,24
6,YXYYYX,1,12
6,YXYYYY,5,144
6,YYXXXX,-1,144
6,YYXYXX,-1,24
6,YYXYXY,1,24
6,YYXYYX,-1,8
6,YYXYYY,-5,72
6,YYYXXX,1,72
6,YYYXXY,-1,72
6,YYYXYX,5,72
6,YYYXYY,5,72
6,YYYYXX,-1,72
6,YYYYXY,-5,144
6,YYYYYX,1,144
7,XXXXXXY,1,5040
7,XXXXXYX,-1,840
7,XXXXXYY,-1,840
7,XXXXYXX,1,336
7,XXXXYXY,1,336
7,XXXXYYX,1,336
7,XXXXYYY,1,336
7,XXXYXXX,-1,252
7,XXXYXXY,-1,252
7,XXXYXYX,-1,252
7,XXXYXYY,-1,252
7,XXXYYXX,-1,252
7,XXXYYXY,-1,252
7,XXXYYYX,-1,252
7,XXXYYYY,-1,252
7,XXYXXXX,1,336
7,XXYXXXY,5,504
7,XXYXXYX,-1,56
7,XXYXXYY,-1,56
7,XXYXYXX,1,42
7,XXYXYXY,5,112
7,XXYXYYX,1,336
7,XXYXYYY,1,42
7,XXYYXXX,-1,252
7,XXYYXXY,1,336
7,XXYYXYX,-13,336
7,XXYYXYY,-5,84
7,XXYYYXX,1,42
7,XXYYYXY,11,168
7,XXYYYYX,-1,56
7,XXYYYYY,1,336
7,XYXXXXX,-1,840
7,XYXXXXY,-11,1008
7,XYXXXYX,1,42
7,XYXXXYY,1,42
7,XYXXYXX,-1,56
7,XYXXYXY,-5,84
7,XYXXYYX,1,42
7,XYXXYYY,-1,56
7,XYXYXXX,-1,252
7,XYXYXXY,1,336
7,XYXYXYX,1,42
7,XYXYXYY,11,168
7,XYXYYXX,-13,336
7,XYXYYXY,-5,84
7,XYXYYYX,-1,56
7,XYXYYYY,-1,56
7,XYYXXXX,1,336
7,XYYXXXY,-11,1008
7,XYYXXYX,1,42
7,XYYXXYY,1,42
7,XYYXYXX,1,336
7,XYYXYXY,-17,168
7,XYYXYYX,3,28
7,XYYXYYY,1,42
7,XYYYXXX,-1,252
7,XYYYXXY,1,42
7,XYYYXYX,-1,56
7,XYYYXYY,1,42
7,XYYYYXX,-1,56
7,XYYYYXY,-5,84
7,XYYYYYX,1,42
7,XYYYYYY,-1,840
7,YXXXXXX,1,5040
7,YXXXXXY,11,2520
7,YXXXXYX,-11,1008
7,YXXXXYY,-11,1008
7,YXXXYXX,5,504
7,YXXXYXY,31,1008
7,YXXXYYX,-11,1008
7,YXXXYYY,5,504
7,YXXYXXX,-1,252
7,YXXYXXY,-1,56
7,YXXYXYX,1,336
7,YXXYXYY,-1,56
7,YXXYYXX,1,336
7,YXXYYXY,-1,56
7,YXXYYYX,1,42
7,YXXYYYY,1,336
7,YXYXXXX,1,336
7,YXYXXXY,31,1008
7,YXYXXYX,-5,84
7,YXYXXYY,-5,84
7,YXYXYXX,5,112
7,YXYXYXY,4,21
7,YXYXYYX,-17,168
7,YXYXYYY,1,42
7,YXYYXXX,-1,252
7,YXYYXXY,-1,56
7,YXYYXYX,-5,84
7,YXYYXYY,-1,7
7,YXYYYXX,11,168
7,YXYYYXY,4,21
7,YXYYYYX,-5,84
7,YXYYYYY,1,140
7,YYXXXXX,-1,840
7,YYXXXXY,-11,1008
7,YYXXXYX,1,42
7,YYXXXYY,1,42
7,YYXXYXX,-1,56
7,YYXXYXY,-5,84
7,YYXXYYX,1,42
7,YYXXYYY,-1,56
7,YYXYXXX,-1,252
7,YYXYXXY,-1,56
7,YYXYXYX,11,168
7,YYXYXYY,3,28
7,YYXYYXX,-5,84
7,YYXYYXY,-1,7
7,YYXYYYX,1,42
7,YYXYYYY,-1,56
7,YYYXXXX,1,336
7,YYYXXXY,5,504
7,YYYXXYX,-1,56
7,YYYXXYY,-1,56
7,YYYXYXX,1,42
7,YYYXYXY,1,42
7,YYYXYYX,1,42
7,YYYXYYY,1,42
7,YYYYXXX,-1,252
7,YYYYXXY,1,336
7,YYYYXYX,-1,56
7,YYYYXYY,-1,56
7,YYYYYXX,1,336
7,YYYYYXY,1,140
7,YYYYYYX,-1,840
8,XXXXXXXY,-1,40320
8,XXXXXXYX,1,5760
8,XXXXXXYY,1,5760
8,XXXXXYXX,-1,1920
8,XXXXXYXY,-1,1920
8,XXXXXYYX,-1,1920
8,XXXXXYYY,-1,1920
8,XXXXYXXX,1,1152
8,XXXXYXXY,1,1152
8,XXXXYXYX,1,1152
8,XXXXYXYY,1,1152
8,XXXXYYXX,1,1152
8,XXXXYYXY,1,1152
8,XXXXYYYX,1,1152
8,XXXXYYYY,1,1152
8,XXXYXXXX,-1,1152
8,XXXYXXXY,-1,576
8,XXXYXXYX,1,576
8,XXXYXXYY,1,576
8,XXXYXYXX,-1,288
8,XXXYXYXY,-7,1152
8,XXXYXYYX,-1,1152
8,XXXYXYYY,-1,288
8,XXXYYXXY,-1,1152
8,XXXYYXYX,5,1152
8,XXXYYXYY,1,144
8,XXXYYYXX,-1,288
8,XXXYYYXY,-5,576
8,XXXYYYYX,1,576
8,XXXYYYYY,-1,1152
8,XXYXXXXX,1,1920
8,XXYXXXXY,1,576
8,XXYXXXYX,-1,576
8,XXYXXXYY,-1,576
8,XXYXXYXY,1,128
8,XXYXXYYX,-1,128
8,XXYXYXXX,1,288
8,XXYXYXXY,-1,128
8,XXYXYXYX,7,384
8,XXYXYXYY,1,96
8,XXYXYYXY,-5,192
8,XXYXYYYX,5,192
8,XXYXYYYY,7,1152
8,XXYYXXXX,-1,1152
8,XXYYXXXY,5,576
8,XXYYXXYX,-1,64
8,XXYYXXYY,-1,64
8,XXYYXYXY,19,384
8,XXYYXYYX,-19,384
8,XXYYXYYY,-1,72
8,XXYYYXXX,1,288
8,XXYYYXXY,-1,128
8,XXYYYXYX,7,384
8,XXYYYXYY,1,96
8,XXYYYYXY,1,576
8,XXYYYYYX,-1,576
8,XXYYYYYY,1,1920
8,XYXXXXXX,-1,5760
8,XYXXXXXY,-1,1440
8,XYXXXYXX,1,576
8,XYXXXYXY,-7,1152
8,XYXXXYYX,11,1152
8,XYXXXYYY,1,576
8,XYXXYXXX,-1,576
8,XYXXYXXY,3,128
8,XYXXYXYX,-17,384
8,XYXXYXYY,-7,192
8,XYXXYYXX,1,64
8,XYXXYYXY,1,12
8,XYXXYYYX,-5,96
8,XYXXYYYY,-5,1152
8,XYXYXXXX,-1,1152
8,XYXYXXXY,-29,1152
8,XYXYXXYX,17,384
8,XYXYXXYY,17,384
8,XYXYXYXX,-7,384
8,XYXYXYXY,-1,8
8,XYXYXYYX,17,192
8,XYXYXYYY,11,1152
8,XYXYYXXX,-5,1152
8,XYXYYXXY,1,192
8,XYXYYXYY,3,128
8,XYXYYYXX,-7,384
8,XYXYYYXY,-61,1152
8,XYXYYYYX,19,1152
8,XYXYYYYY,-7,1920
8,XYYXXXXX,1,1920
8,XYYXXXXY,5,1152
8,XYYXXXYX,-11,1152
8,XYYXXXYY,-11,1152
8,XYYXXYXX,1,128
8,XYYXXYXY,1,64
8,XYYXXYYY,1,128
8,XYYXYXXX,1,1152
8,XYYXYXXY,1,24
8,XYYXYXYX,-17,192
8,XYYXYXYY,-37,384
8,XYYXYYXX,19,384
8,XYYXYYXY,21,128
8,XYYXYYYX,-25,384
8,XYYXYYYY,7,1152
8,XYYYXXXX,-1,1152
8,XYYYXXXY,-1,36
8,XYYYXXYX,5,96
8,XYYYXXYY,5,96
8,XYYYXYXX,-5,192
8,XYYYXYXY,-15,128
8,XYYYXYYX,25,384
8,XYYYXYYY,1,576
8,XYYYYXXX,-1,576
8,XYYYYXXY,11,1152
8,XYYYYXYX,-19,1152
8,XYYYYXYY,-5,576
8,XYYYYYXX,1,576
8,XYYYYYXY,1,288
8,XYYYYYYY,-1,5760
8,YXXXXXXX,1,40320
8,YXXXXXYX,1,1440
8,YXXXXXYY,1,1440
8,YXXXXYXX,-1,576
8,YXXXXYXY,1,1152
8,YXXXXYYX,-5,1152
8,YXXXXYYY,-1,576
8,YXXXYXXX,1,576
8,YXXXYXXY,-13,1152
8,YXXXYXYX,29,1152
8,YXXXYXYY,13,576
8,YXXXYYXX,-5,576
8,YXXXYYXY,-13,288
8,YXXXYYYX,1,36
8,YXXXYYYY,1,384
8,YXXYXXXX,-1,1152
8,YXXYXXXY,13,1152
8,YXXYXXYX,-3,128
8,YXXYXXYY,-3,128
8,YXXYXYXX,1,128
8,YXXYXYXY,11,192
8,YXXYXYYX,-1,24
8,YXXYXYYY,-7,1152
8,YXXYYXXX,1,1152
8,YXXYYXYX,-1,192
8,YXXYYXYY,-5,384
8,YXXYYYXX,1,128
8,YXXYYYXY,29,1152
8,YXXYYYYX,-11,1152
8,YXXYYYYY,1,1920
8,YXYXXXXX,1,1920
8,YXYXXXXY,-1,1152
8,YXYXXXYX,7,1152
8,YXYXXXYY,7,1152
8,YXYXXYXX,-1,128
8,YXYXXYYX,-1,64
8,YXYXXYYY,-1,128
8,YXYXYXXX,7,1152
8,YXYXYXXY,-11,192
8,YXYXYXYX,1,8
8,YXYXYXYY,15,128
8,YXYXYYXX,-19,384
8,YXYXYYXY,-83,384
8,YXYXYYYX,15,128
8,YXYXYYYY,7,1152
8,YXYYXXXX,-1,1152
8,YXYYXXXY,13,288
8,YXYYXXYX,-1,12
8,YXYYXXYY,-1,12
8,YXYYXYXX,5,192
8,YXYYXYXY,83,384
8,YXYYXYYX,-21,128
8,YXYYXYYY,-17,576
8,YXYYYXXX,5,576
8,YXYYYXXY,-29,1152
8,YXYYYXYX,61,1152
8,YXYYYXYY,17,576
8,YXYYYYXX,-1,576
8,YXYYYYYX,-1,288
8,YXYYYYYY,7,5760
8,YYXXXXXX,-1,5760
8,YYXXXXXY,-1,1440
8,YYXXXYXX,1,576
8,YYXXXYXY,-7,1152
8,YYXXXYYX,11,1152
8,YYXXXYYY,1,576
8,YYXXYXXX,-1,576
8,YYXXYXXY,3,128
8,YYXXYXYX,-17,384
8,YYXXYXYY,-7,192
8,YYXXYYXX,1,64
8,YYXXYYXY,1,12
8,YYXXYYYX,-5,96
8,YYXXYYYY,-5,1152
8,YYXYXXXX,-1,1152
8,YYXYXXXY,-13,576
8,YYXYXXYX,7,192
8,YYXYXXYY,7,192
8,YYXYXYXX,-1,96
8,YYXYXYXY,-15,128
8,YYXYXYYX,37,384
8,YYXYXYYY,5,288
8,YYXYYXXX,-1,144
8,YYXYYXXY,5,384
8,YYXYYXYX,-3,128
8,YYXYYYXX,-1,96
8,YYXYYYXY,-17,576
8,YYXYYYYX,5,576
8,YYXYYYYY,-7,1920
8,YYYXXXXX,1,1920
8,YYYXXXXY,1,576
8,YYYXXXYX,-1,576
8,YYYXXXYY,-1,576
8,YYYXXYXY,1,128
8,YYYXXYYX,-1,128
8,YYYXYXXX,1,288
8,YYYXYXXY,7,1152
8,YYYXYXYX,-11,1152
8,YYYXYXYY,-5,288
8,YYYXYYXX,1,72
8,YYYXYYXY,17,576
8,YYYXYYYX,-1,576
8,YYYXYYYY,7,1152
8,YYYYXXXX,-1,1152
8,YYYYXXXY,-1,384
8,YYYYXXYX,5,1152
8,YYYYXXYY,5,1152
8,YYYYXYXX,-7,1152
8,YYYYXYXY,-7,1152
8,YYYYXYYX,-7,1152
8,YYYYXYYY,-7,1152
8,YYYYYXXX,1,1152
8,YYYYYXXY,-1,1920
8,YYYYYXYX,7,1920
8,YYYYYXYY,7,1920
8,YYYYYYXX,-1,1920
8,YYYYYYXY,-7,5760
8,YYYYYYYX,1,5760
9,XXXXXXXXY,1,362880
9,XXXXXXXYX,-1,45360
9,XXXXXXXYY,-1,45360
9,XXXXXXYXX,1,12960
9,XXXXXXYXY,1,12960
9,XXXXXXYYX,1,12960
9,XXXXXXYYY,1,12960
9,XXXXXYXXX,-1,6480
9,XXXXXYXXY,-1,6480
9,XXXXXYXYX,-1,6480
9,XXXXXYXYY,-1,6480
9,XXXXXYYXX,-1,6480
9,XXXXXYYXY,-1,6480
9,XXXXXYYYX,-1,6480
9,XXXXXYYYY,-1,6480
9,XXXXYXXXX,1,5184
9,XXXXYXXXY,1,5184
9,XXXXYXXYX,1,5184
9,XXXXYXXYY,1,5184
9,XXXXYXYXX,1,5184
9,XXXXYXYXY,1,5184
9,XXXXYXYYX,1,5184
9,XXXXYXYYY,1,5184
9,XXXXYYXXX,1,5184
9,XXXXYYXXY,1,5184
9,XXXXYYXYX,1,5184
9,XXXXYYXYY,1,5184
9,XXXXYYYXX,1,5184
9,XXXXYYYXY,1,5184
9,XXXXYYYYX,1,5184
9,XXXXYYYYY,1,5184
9,XXXYXXXXX,-1,6480
9,XXXYXXXXY,1,5184
9,XXXYXXXYX,-1,648
9,XXXYXXXYY,-1,648
9,XXXYXXYXX,5,2592
9,XXXYXXYXY,5,2592
9,XXXYXXYYX,5,2592
9,XXXYXXYYY,5,2592
9,XXXYXYXXX,-1,648
9,XXXYXYXXY,5,2592
9,XXXYXYXYX,-11,1296
9,XXXYXYXYY,-11,1296
9,XXXYXYYXX,5,2592
9,XXXYXYYXY,1,81
9,XXXYXYYYX,-11,1296
9,XXXYXYYYY,-1,648
9,XXXYYXXXX,1,5184
9,XXXYYXXXY,-1,648
9,XXXYYXXYX,5,2592
9,XXXYYXXYY,5,2592
9,XXXYYXYXX,5,2592
9,XXXYYXYXY,-11,1296
9,XXXYYXYYX,1,81
9,XXXYYXYYY,7,1296
9,XXXYYYXXX,-1,648
9,XXXYYYXXY,5,2592
9,XXXYYYXYX,-11,1296
9,XXXYYYXYY,-11,1296
9,XXXYYYYXX,5,2592
9,XXXYYYYXY,7,1296
9,XXXYYYYYX,-1,648
9,XXXYYYYYY,-1,6480
9,XXYXXXXXX,1,12960
9,XXYXXXXXY,-19,25920
9,XXYXXXXYX,1,324
9,XXYXXXXYY,1,324
9,XXYXXXYXX,-5,1296
9,XXYXXXYXY,-5,1296
9,XXYXXXYYX,-5,1296
9,XXYXXXYYY,-5,1296
9,XXYXXYXXX,5,2592
9,XXYXXYXXY,-1,144
9,XXYXXYXYX,17,864
9,XXYXXYXYY,17,864
9,XXYXXYYXX,-1,144
9,XXYXXYYXY,-29,864
9,XXYXXYYYX,17,864
9,XXYXXYYYY,5,2592
9,XXYXYXXXX,1,5184
9,XXYXYXXXY,5,864
9,XXYXYXXYX,-1,108
9,XXYXYXXYY,-1,108
9,XXYXYXYXX,1,432
9,XXYXYXYXY,1,32
9,XXYXYXYYX,-23,864
9,XXYXYXYYY,-13,2592
9,XXYXYYXXX,5,2592
9,XXYXYYXXY,-1,216
9,XXYXYYXYX,7,864
9,XXYXYYXYY,1,864
9,XXYXYYYXX,1,432
9,XXYXYYYXY,1,288
9,XXYXYYYYX,1,864
9,XXYXYYYYY,1,810
9,XXYYXXXXX,-1,6480
9,XXYYXXXXY,-1,576
9,XXYYXXXYX,5,864
9,XXYYXXXYY,5,864
9,XXYYXXYXX,-1,144
9,XXYYXXYXY,-1,108
9,XXYYXXYYX,-1,216
9,XXYYXXYYY,-11,1296
9,XXYYXYXXX,5,2592
9,XXYYXYXXY,-1,108
9,XXYYXYXYX,1,32
9,XXYYXYXYY,11,288
9,XXYYXYYXX,-7,432
9,XXYYXYYXY,-43,864
9,XXYYXYYYX,5,288
9,XXYYXYYYY,-1,648
9,XXYYYXXXX,1,5184
9,XXYYYXXXY,5,864
9,XXYYYXXYX,-1,108
9,XXYYYXXYY,-1,108
9,XXYYYXYXX,1,432
9,XXYYYXYXY,7,288
9,XXYYYXYYX,-17,864
9,XXYYYXYYY,-13,2592
9,XXYYYYXXX,5,2592
9,XXYYYYXXY,-5,1296
9,XXYYYYXYX,35,2592
9,XXYYYYXYY,35,2592
9,XXYYYYYXX,-5,1296
9,XXYYYYYXY,-7,648
9,XXYYYYYYX,1,324
9,XXYYYYYYY,1,12960
9,XYXXXXXXX,-1,45360
9,XYXXXXXXY,17,25920
9,XYXXXXXYX,-1,405
9,XYXXXXXYY,-1,405
9,XYXXXXYXX,1,324
9,XYXXXXYXY,1,324
9,XYXXXXYYX,1,324
9,XYXXXXYYY,1,324
9,XYXXXYXXX,-1,648
9,XYXXXYXXY,5,864
9,XYXXXYXYX,-7,432
9,XYXXXYXYY,-7,432
9,XYXXXYYXX,5,864
9,XYXXXYYXY,1,36
9,XYXXXYYYX,-7,432
9,XYXXXYYYY,-1,648
9,XYXXYXXXX,1,5184
9,XYXXYXXXY,-5,864
9,XYXXYXXYX,1,72
9,XYXXYXXYY,1,72
9,XYXXYXYXX,-1,108
9,XYXXYXYXY,-31,864
9,XYXXYXYYX,5,288
9,XYXXYXYYY,-13,2592
9,XYXXYYXXX,5,2592
9,XYXXYYXXY,1,216
9,XYXXYYXYX,1,96
9,XYXXYYXYY,7,288
9,XYXXYYYXX,-1,108
9,XYXXYYYXY,-19,864
9,XYXXYYYYX,1,288
9,XYXXYYYYY,-11,12960
9,XYXYXXXXX,-1,6480
9,XYXYXXXXY,7,1728
9,XYXYXXXYX,-7,432
9,XYXYXXXYY,-7,432
9,XYXYXXYXX,17,864
9,XYXYXXYXY,7,288
9,XYXYXXYYX,13,864
9,XYXYXXYYY,59,2592
9,XYXYXYXXX,-11,1296
9,XYXYXYXXY,5,288
9,XYXYXYXYX,-2,27
9,XYXYXYXYY,-19,216
9,XYXYXYYXX,1,32
9,XYXYXYYXY,47,432
9,XYXYXYYYX,-5,108
9,XYXYXYYYY,-1,648
9,XYXYYXXXX,1,5184
9,XYXYYXXXY,-1,108
9,XYXYYXXYX,1,96
9,XYXYYXXYY,1,96
9,XYXYYXYXX,7,864
9,XYXYYXYXY,-5,108
9,XYXYYXYYX,1,16
9,XYXYYXYYY,17,648
9,XYXYYYXXX,-11,1296
9,XYXYYYXXY,35,2592
9,XYXYYYXYX,-17,324
9,XYXYYYXYY,-17,324
9,XYXYYYYXX,35,2592
9,XYXYYYYXY,49,1296
9,XYXYYYYYX,-7,648
9,XYXYYYYYY,-1,1620
9,XYYXXXXXX,1,12960
9,XYYXXXXXY,-19,25920
9,XYYXXXXYX,1,324
9,XYYXXXXYY,1,324
9,XYYXXXYXX,-5,1296
9,XYYXXXYXY,-5,1296
9,XYYXXXYYX,-5,1296
9,XYYXXXYYY,-5,1296
9,XYYXXYXXX,5,2592
9,XYYXXYXXY,-1,216
9,XYYXXYXYX,13,864
9,XYYXXYXYY,13,864
9,XYYXXYYXX,-1,216
9,XYYXXYYXY,-7,288
9,XYYXXYYYX,13,864
9,XYYXXYYYY,5,2592
9,XYYXYXXXX,1,5184
9,XYYXYXXXY,-1,432
9,XYYXYXXYX,5,288
9,XYYXYXXYY,5,288
9,XYYXYXYXX,-23,864
9,XYYXYXYXY,-5,432
9,XYYXYXYYX,-1,24
9,XYYXYXYYY,-47,1296
9,XYYXYYXXX,1,81
9,XYYXYYXXY,-5,864
9,XYYXYYXYX,1,16
9,XYYXYYXYY,11,144
9,XYYXYYYXX,-17,864
9,XYYXYYYXY,-23,432
9,XYYXYYYYX,1,72
9,XYYXYYYYY,1,810
9,XYYYXXXXX,-1,6480
9,XYYYXXXXY,7,1728
9,XYYYXXXYX,-7,432
9,XYYYXXXYY,-7,432
9,XYYYXXYXX,17,864
9,XYYYXXYXY,7,288
9,XYYYXXYYX,13,864
9,XYYYXXYYY,59,2592
9,XYYYXYXXX,-11,1296
9,XYYYXYXXY,1,288
9,XYYYXYXYX,-5,108
9,XYYYXYXYY,-13,216
9,XYYYXYYXX,5,288
9,XYYYXYYXY,23,432
9,XYYYXYYYX,-1,54
9,XYYYXYYYY,-1,648
9,XYYYYXXXX,1,5184
9,XYYYYXXXY,-1,432
9,XYYYYXXYX,1,288
9,XYYYYXXYY,1,288
9,XYYYYXYXX,1,864
9,XYYYYXYXY,-5,432
9,XYYYYXYYX,1,72
9,XYYYYXYYY,7,1296
9,XYYYYYXXX,-1,648
9,XYYYYYXXY,1,324
9,XYYYYYXYX,-7,648
9,XYYYYYXYY,-7,648
9,XYYYYYYXX,1,324
9,XYYYYYYXY,7,810
9,XYYYYYYYX,-1,405
9,XYYYYYYYY,-1,45360
9,YXXXXXXXX,1,362880
9,YXXXXXXXY,-17,90720
9,YXXXXXXYX,17,25920
9,YXXXXXXYY,17,25920
9,YXXXXXYXX,-19,25920
9,YXXXXXYXY,-19,25920
9,YXXXXXYYX,-19,25920
9,YXXXXXYYY,-19,25920
9,YXXXXYXXX,1,5184
9,YXXXXYXXY,-1,576
9,YXXXXYXYX,7,1728
9,YXXXXYXYY,7,1728
9,YXXXXYYXX,-1,576
9,YXXXXYYXY,-13,1728
9,YXXXXYYYX,7,1728
9,YXXXXYYYY,1,5184
9,YXXXYXXXX,1,5184
9,YXXXYXXXY,1,432
9,YXXXYXXYX,-5,864
9,YXXXYXXYY,-5,864
9,YXXXYXYXX,5,864
9,YXXXYXYXY,1,72
9,YXXXYXYYX,-1,432
9,YXXXYXYYY,7,1296
9,YXXXYYXXX,-1,648
9,YXXXYYXXY,-1,864
9,YXXXYYXYX,-1,108
9,YXXXYYXYY,-7,432
9,YXXXYYYXX,5,864
9,YXXXYYYXY,1,72
9,YXXXYYYYX,-1,432
9,YXXXYYYYY,7,12960
9,YXXYXXXXX,-1,6480
9,YXXYXXXXY,-1,576
9,YXXYXXXYX,5,864
9,YXXYXXXYY,5,864
9,YXXYXXYXX,-1,144
9,YXXYXXYXY,-1,108
9,YXXYXXYYX,-1,216
9,YXXYXXYYY,-11,1296
9,YXXYXYXXX,5,2592
9,YXXYXYXXY,-1,432
9,YXXYXYXYX,5,288
9,YXXYXYXYY,7,288
9,YXXYXYYXX,-1,108
9,YXXYXYYXY,-19,864
9,YXXYXYYYX,1,288
9,YXXYXYYYY,-1,648
9,YXXYYXXXX,1,5184
9,YXXYYXXXY,-1,864
9,YXXYYXXYX,1,216
9,YXXYYXXYY,1,216
9,YXXYYXYXX,-1,216
9,YXXYYXYXY,-1,288
9,YXXYYXYYX,-5,864
9,YXXYYXYYY,-13,2592
9,YXXYYYXXX,5,2592
9,YXXYYYXXY,-5,1296
9,YXXYYYXYX,35,2592
9,YXXYYYXYY,35,2592
9,YXXYYYYXX,-5,1296
9,YXXYYYYXY,-7,648
9,YXXYYYYYX,1,324
9,YXXYYYYYY,1,12960
9,YXYXXXXXX,1,12960
9,YXYXXXXXY,-19,25920
9,YXYXXXXYX,1,324
9,YXYXXXXYY,1,324
9,YXYXXXYXX,-5,1296
9,YXYXXXYXY,-5,1296
9,YXYXXXYYX,-5,1296
9,YXYXXXYYY,-5,1296
9,YXYXXYXXX,5,2592
9,YXYXXYXXY,-1,108
9,YXYXXYXYX,7,288
9,YXYXXYXYY,7,288
9,YXYXXYYXX,-1,108
9,YXYXXYYXY,-37,864
9,YXYXXYYYX,7,288
9,YXYXXYYYY,5,2592
9,YXYXYXXXX,1,5184
9,YXYXYXXXY,1,72
9,YXYXYXXYX,-31,864
9,YXYXYXXYY,-31,864
9,YXYXYXYXX,1,32
9,YXYXYXYXY,2,27
9,YXYXYXYYX,-5,432
9,YXYXYXYYY,17,648
9,YXYXYYXXX,-11,1296
9,YXYXYYXXY,-1,288
9,YXYXYYXYX,-5,108
9,YXYXYYXYY,-2,27
9,YXYXYYYXX,7,288
9,YXYXYYYXY,13,216
9,YXYXYYYYX,-5,432
9,YXYXYYYYY,1,810
9,YXYYXXXXX,-1,6480
9,YXYYXXXXY,-13,1728
9,YXYYXXXYX,1,36
9,YXYYXXXYY,1,36
9,YXYYXXYXX,-29,864
9,YXYYXXYXY,-37,864
9,YXYYXXYYX,-7,288
9,YXYYXXYYY,-103,2592
9,YXYYXYXXX,1,81
9,YXYYXYXXY,-19,864
9,YXYYXYXYX,47,432
9,YXYYXYXYY,59,432
9,YXYYXYYXX,-43,864
9,YXYYXYYXY,-11,72
9,YXYYXYYYX,23,432
9,YXYYXYYYY,-1,648
9,YXYYYXXXX,1,5184
9,YXYYYXXXY,1,72
9,YXYYYXXYX,-19,864
9,YXYYYXXYY,-19,864
9,YXYYYXYXX,1,288
9,YXYYYXYXY,13,216
9,YXYYYXYYX,-23,432
9,YXYYYXYYY,-5,324
9,YXYYYYXXX,7,1296
9,YXYYYYXXY,-7,648
9,YXYYYYXYX,49,1296
9,YXYYYYXYY,49,1296
9,YXYYYYYXX,-7,648
9,YXYYYYYXY,-49,1620
9,YXYYYYYYX,7,810
9,YXYYYYYYY,1,5670
9,YYXXXXXXX,-1,45360
9,YYXXXXXXY,17,25920
9,YYXXXXXYX,-1,405
9,YYXXXXXYY,-1,405
9,YYXXXXYXX,1,324
9,YYXXXXYXY,1,324
9,YYXXXXYYX,1,324
9,YYXXXXYYY,1,324
9,YYXXXYXXX,-1,648
9,YYXXXYXXY,5,864
9,YYXXXYXYX,-7,432
9,YYXXXYXYY,-7,432
9,YYXXXYYXX,5,864
9,YYXXXYYXY,1,36
9,YYXXXYYYX,-7,432
9,YYXXXYYYY,-1,648
9,YYXXYXXXX,1,5184
9,YYXXYXXXY,-5,864
9,YYXXYXXYX,1,72
9,YYXXYXXYY,1,72
9,YYXXYXYXX,-1,108
9,YYXXYXYXY,-31,864
9,YYXXYXYYX,5,288
9,YYXXYXYYY,-13,2592
9,YYXXYYXXX,5,2592
9,YYXXYYXXY,1,216
9,YYXXYYXYX,1,96
9,YYXXYYXYY,7,288
9,YYXXYYYXX,-1,108
9,YYXXYYYXY,-19,864
9,YYXXYYYYX,1,288
9,YYXXYYYYY,-11,12960
9,YYXYXXXXX,-1,6480
9,YYXYXXXXY,7,1728
9,YYXYXXXYX,-7,432
9,YYXYXXXYY,-7,432
9,YYXYXXYXX,17,864
9,YYXYXXYXY,7,288
9,YYXYXXYYX,13,864
9,YYXYXXYYY,59,2592
9,YYXYXYXXX,-11,1296
9,YYXYXYXXY,7,288
9,YYXYXYXYX,-19,216
9,YYXYXYXYY,-11,108
9,YYXYXYYXX,11,288
9,YYXYXYYXY,59,432
9,YYXYXYYYX,-13,216
9,YYXYXYYYY,-1,648
9,YYXYYXXXX,1,5184
9,YYXYYXXXY,-7,432
9,YYXYYXXYX,7,288
9,YYXYYXXYY,7,288
9,YYXYYXYXX,1,864
9,YYXYYXYXY,-2,27
9,YYXYYXYYX,11,144
9,YYXYYXYYY,17,648
9,YYXYYYXXX,-11,1296
9,YYXYYYXXY,35,2592
9,YYXYYYXYX,-17,324
9,YYXYYYXYY,-17,324
9,YYXYYYYXX,35,2592
9,YYXYYYYXY,49,1296
9,YYXYYYYYX,-7,648
9,YYXYYYYYY,-1,1620
9,YYYXXXXXX,1,12960
9,YYYXXXXXY,-19,25920
9,YYYXXXXYX,1,324
9,YYYXXXXYY,1,324
9,YYYXXXYXX,-5,1296
9,YYYXXXYXY,-5,1296
9,YYYXXXYYX,-5,1296
9,YYYXXXYYY,-5,1296
9,YYYXXYXXX,5,2592
9,YYYXXYXXY,-11,1296
9,YYYXXYXYX,59,2592
9,YYYXXYXYY,59,2592
9,YYYXXYYXX,-11,1296
9,YYYXXYYXY,-103,2592
9,YYYXXYYYX,59,2592
9,YYYXXYYYY,5,2592
9,YYYXYXXXX,1,5184
9,YYYXYXXXY,7,1296
9,YYYXYXXYX,-13,2592
9,YYYXYXXYY,-13,2592
9,YYYXYXYXX,-13,2592
9,YYYXYXYXY,17,648
9,YYYXYXYYX,-47,1296
9,YYYXYXYYY,-5,324
9,YYYXYYXXX,7,1296
9,YYYXYYXXY,-13,2592
9,YYYXYYXYX,17,648
9,YYYXYYXYY,17,648
9,YYYXYYYXX,-13,2592
9,YYYXYYYXY,-5,324
9,YYYXYYYYX,7,1296
9,YYYXYYYYY,1,810
9,YYYYXXXXX,-1,6480
9,YYYYXXXXY,1,5184
9,YYYYXXXYX,-1,648
9,YYYYXXXYY,-1,648
9,YYYYXXYXX,5,2592
9,YYYYXXYXY,5,2592
9,YYYYXXYYX,5,2592
9,YYYYXXYYY,5,2592
9,YYYYXYXXX,-1,648
9,YYYYXYXXY,-1,648
9,YYYYXYXYX,-1,648
9,YYYYXYXYY,-1,648
9,YYYYXYYXX,-1,648
9,YYYYXYYXY,-1,648
9,YYYYXYYYX,-1,648
9,YYYYXYYYY,-1,648
9,YYYYYXXXX,1,5184
9,YYYYYXXXY,7,12960
9,YYYYYXXYX,-11,12960
9,YYYYYXXYY,-11,12960
9,YYYYYXYXX,1,810
9,YYYYYXYXY,1,810
9,YYYYYXYYX,1,810
9,YYYYYXYYY,1,810
9,YYYYYYXXX,-1,6480
9,YYYYYYXXY,1,12960
9,YYYYYYXYX,-1,1620
9,YYYYYYXYY,-1,1620
9,YYYYYYYXX,1,12960
9,YYYYYYYXY,1,5670
9,YYYYYYYYX,-1,45360
10,XXXXXXXXXY,-1,3628800
10,XXXXXXXXYX,1,403200
10,XXXXXXXXYY,1,403200
10,XXXXXXXYXX,-1,100800
10,XXXXXXXYXY,-1,100800
10,XXXXXXXYYX,-1,100800
10,XXXXXXXYYY,-1,100800
10,XXXXXXYXXX,1,43200
10,XXXXXXYXXY,1,43200
10,XXXXXXYXYX,1,43200
10,XXXXXXYXYY,1,43200
10,XXXXXXYYXX,1,43200
10,XXXXXXYYXY,1,43200
10,XXXXXXYYYX,1,43200
10,XXXXXXYYYY,1,43200
10,XXXXXYXXXX,-1,28800
10,XXXXXYXXXY,-1,28800
10,XXXXXYXXYX,-1,28800
10,XXXXXYXXYY,-1,28800
10,XXXXXYXYXX,-1,28800
10,XXXXXYXYXY,-1,28800
10,XXXXXYXYYX,-1,28800
10,XXXXXYXYYY,-1,28800
10,XXXXXYYXXX,-1,28800
10,XXXXXYYXXY,-1,28800
10,XXXXXYYXYX,-1,28800
10,XXXXXYYXYY,-1,28800
10,XXXXXYYYXX,-1,28800
10,XXXXXYYYXY,-1,28800
10,XXXXXYYYYX,-1,28800
10,XXXXXYYYYY,-1,28800
10,XXXXYXXXXX,1,28800
10,XXXXYXXXYX,1,5760
10,XXXXYXXXYY,1,5760
10,XXXXYXXYXX,-1,5760
10,XXXXYXXYXY,-1,5760
10,XXXXYXXYYX,-1,5760
10,XXXXYXXYYY,-1,5760
10,XXXXYXYXXX,1,5760
10,XXXXYXYXXY,-1,5760
10,XXXXYXYXYX,1,1152
10,XXXXYXYXYY,1,1152
10,XXXXYXYYXX,-1,5760
10,XXXXYXYYXY,-7,5760
10,XXXXYXYYYX,1,1152
10,XXXXYXYYYY,1,5760
10,XXXXYYXXXY,1,5760
10,XXXXYYXXYX,-1,5760
10,XXXXYYXXYY,-1,5760
10,XXXXYYXYXX,-1,5760
10,XXXXYYXYXY,1,1152
10,XXXXYYXYYX,-7,5760
10,XXXXYYXYYY,-1,1920
10,XXXXYYYXXX,1,5760
10,XXXXYYYXXY,-1,5760
10,XXXXYYYXYX,1,1152
10,XXXXYYYXYY,1,1152
10,XXXXYYYYXX,-1,5760
10,XXXXYYYYXY,-1,1920
10,XXXXYYYYYX,1,5760
10,XXXXYYYYYY,1,28800
10,XXXYXXXXXX,-1,43200
10,XXXYXXXXXY,1,17280
10,XXXYXXXXYX,-1,3456
10,XXXYXXXXYY,-1,3456
10,XXXYXXXYXX,1,4320
10,XXXYXXXYXY,1,4320
10,XXXYXXXYYX,1,4320
10,XXXYXXXYYY,1,4320
10,XXXYXXYXXY,7,8640
10,XXXYXXYXYX,-7,4320
10,XXXYXXYXYY,-7,4320
10,XXXYXXYYXX,7,8640
10,XXXYXXYYXY,7,2160
10,XXXYXXYYYX,-7,4320
10,XXXYXYXXXX,-1,5760
10,XXXYXYXXXY,-1,1728
10,XXXYXYXXYX,7,8640
10,XXXYXYXXYY,7,8640
10,XXXYXYXYXX,-1,1080
10,XXXYXYXYXY,-29,8640
10,XXXYXYXYYX,13,8640
10,XXXYXYXYYY,-1,1440
10,XXXYXYYXXY,7,8640
10,XXXYXYYXYX,1,8640
10,XXXYXYYXYY,1,540
10,XXXYXYYYXX,-1,1080
10,XXXYXYYYXY,-11,8640
10,XXXYXYYYYX,-1,1728
10,XXXYXYYYYY,-1,3200
10,XXXYYXXXXX,1,28800
10,XXXYYXXXXY,1,8640
10,XXXYYXXXYX,-1,1728
10,XXXYYXXXYY,-1,1728
10,XXXYYXXYXX,7,8640
10,XXXYYXXYXY,7,8640
10,XXXYYXXYYX,7,8640
10,XXXYYXXYYY,1,720
10,XXXYYXYXXY,7,8640
10,XXXYYXYXYX,-29,8640
10,XXXYYXYXYY,-11,2160
10,XXXYYXYYXX,11,4320
10,XXXYYXYYXY,43,8640
10,XXXYYXYYYX,1,8640
10,XXXYYXYYYY,1,1152
10,XXXYYYXXXX,-1,5760
10,XXXYYYXXXY,-1,1728
10,XXXYYYXXYX,7,8640
10,XXXYYYXXYY,7,8640
10,XXXYYYXYXX,-1,1080
10,XXXYYYXYXY,-7,4320
10,XXXYYYXYYX,-1,4320
10,XXXYYYXYYY,-1,1440
10,XXXYYYYXXY,1,4320
10,XXXYYYYXYX,-1,2160
10,XXXYYYYXYY,-1,2160
10,XXXYYYYYXX,1,4320
10,XXXYYYYYXY,13,17280
10,XXXYYYYYYX,-1,3456
10,XXXYYYYYYY,-1,43200
10,XXYXXXXXXX,1,100800
10,XXYXXXXXXY,-1,17280
10,XXYXXXXXYX,1,5760
10,XXYXXXXXYY,1,5760
10,XXYXXXYXXX,-1,4320
10,XXYXXXYXXY,-1,1728
10,XXYXXXYXYX,1,2160
10,XXYXXXYXYY,1,2160
10,XXYXXXYYXX,-1,1728
10,XXYXXXYYXY,-7,4320
10,XXYXXXYYYX,1,2160
10,XXYXXXYYYY,-1,4320
10,XXYXXYXXXX,1,5760
10,XXYXXYXXXY,-1,4320
10,XXYXXYXYXX,1,576
10,XXYXXYXYXY,1,960
10,XXYXXYXYYX,7,2880
10,XXYXXYXYYY,1,320
10,XXYXXYYXXX,-7,8640
10,XXYXXYYXXY,-1,576
10,XXYXXYYXYX,-7,2880
10,XXYXXYYXYY,-17,2880
10,XXYXXYYYXX,1,576
10,XXYXXYYYXY,1,720
10,XXYXXYYYYX,1,480
10,XXYXXYYYYY,11,28800
10,XXYXYXXXXX,1,28800
10,XXYXYXXXXY,1,2160
10,XXYXYXXXYX,1,2880
10,XXYXYXXXYY,1,2880
10,XXYXYXXYXX,-1,576
10,XXYXYXXYXY,1,576
10,XXYXYXXYYX,-1,192
10,XXYXYXXYYY,-1,288
10,XXYXYXYXXX,1,1080
10,XXYXYXYXXY,-1,576
10,XXYXYXYXYX,23,2880
10,XXYXYXYXYY,7,720
10,XXYXYXYYXX,-1,288
10,XXYXYXYYXY,-23,2880
10,XXYXYXYYYX,1,960
10,XXYXYXYYYY,-1,1920
10,XXYXYYXXXX,1,5760
10,XXYXYYXXXY,13,8640
10,XXYXYYXXYX,-1,576
10,XXYXYYXXYY,-1,576
10,XXYXYYXYXY,7,720
10,XXYXYYXYYX,-7,720
10,XXYXYYXYYY,-1,480
10,XXYXYYYXXX,1,1080
10,XXYXYYYXXY,-1,288
10,XXYXYYYXYX,1,160
10,XXYXYYYXYY,1,360
10,XXYXYYYYXY,1,1920
10,XXYXYYYYYX,-1,1920
10,XXYXYYYYYY,1,4800
10,XXYYXXXXXX,-1,43200
10,XXYYXXXXXY,-1,5760
10,XXYYXXXXYX,1,17280
10,XXYYXXXXYY,1,17280
10,XXYYXXXYXX,1,1728
10,XXYYXXXYXY,-1,864
10,XXYYXXXYYX,1,432
10,XXYYXXXYYY,1,1728
10,XXYYXXYXXX,-7,8640
10,XXYYXXYXXY,1,576
10,XXYYXXYXYX,-1,240
10,XXYYXXYXYY,-7,2880
10,XXYYXXYYXY,17,2880
10,XXYYXXYYYX,-17,2880
10,XXYYXXYYYY,-1,720
10,XXYYXYXXXX,1,5760
10,XXYYXYXXXY,-17,8640
10,XXYYXYXXYX,1,576
10,XXYYXYXXYY,1,576
10,XXYYXYXYXX,1,288
10,XXYYXYXYXY,-37,2880
10,XXYYXYXYYX,19,960
10,XXYYXYXYYY,1,120
10,XXYYXYYXXX,-11,4320
10,XXYYXYYXXY,1,576
10,XXYYXYYXYX,-3,320
10,XXYYXYYXYY,-11,1440
10,XXYYXYYYXY,-11,2880
10,XXYYXYYYYX,11,2880
10,XXYYXYYYYY,-1,3200
10,XXYYYXXXXX,1,28800
10,XXYYYXXXXY,1,2160
10,XXYYYXXXYX,1,2880
10,XXYYYXXXYY,1,2880
10,XXYYYXXYXX,-1,576
10,XXYYYXXYXY,1,576
10,XXYYYXXYYX,-1,192
10,XXYYYXXYYY,-1,288
10,XXYYYXYXXX,1,1080
10,XXYYYXYXXY,1,576
10,XXYYYXYXYX,1,960
10,XXYYYXYXYY,1,360
10,XXYYYXYYXY,17,2880
10,XXYYYXYYYX,-17,2880
10,XXYYYXYYYY,-1,1920
10,XXYYYYXXXX,1,5760
10,XXYYYYXXXY,-7,8640
10,XXYYYYXXYX,1,576
10,XXYYYYXXYY,1,576
10,XXYYYYXYXY,-1,240
10,XXYYYYXYYX,1,240
10,XXYYYYXYYY,1,720
10,XXYYYYYXXX,-1,4320
10,XXYYYYYXYX,-1,1440
10,XXYYYYYXYY,-1,1440
10,XXYYYYYYXY,-1,5760
10,XXYYYYYYYX,1,5760
10,XXYYYYYYYY,1,100800
10,XYXXXXXXXX,-1,403200
10,XYXXXXXXXY,1,60480
10,XYXXXXXYXX,-1,5760
10,XYXXXXXYXY,-1,5760
10,XYXXXXXYYX,-1,5760
10,XYXXXXXYYY,-1,5760
10,XYXXXXYXXX,1,3456
10,XYXXXXYXXY,-1,17280
10,XYXXXXYXYX,17,17280
10,XYXXXXYXYY,17,17280
10,XYXXXXYYXX,-1,17280
10,XYXXXXYYXY,-19,17280
10,XYXXXXYYYX,17,17280
10,XYXXXXYYYY,1,3456
10,XYXXXYXXXX,-1,5760
10,XYXXXYXXXY,1,864
10,XYXXXYXXYX,-1,480
10,XYXXXYXXYY,-1,480
10,XYXXXYXYXX,-1,2880
10,XYXXXYXYXY,1,240
10,XYXXXYXYYX,-7,1440
10,XYXXXYXYYY,-7,2880
10,XYXXXYYXXX,1,1728
10,XYXXXYYXXY,1,720
10,XYXXXYYXYX,1,1440
10,XYXXXYYXYY,7,2880
10,XYXXXYYYXX,-1,2880
10,XYXXXYYYXY,1,360
10,XYXXXYYYYX,-1,288
10,XYXXXYYYYY,-1,3200
10,XYXXYXXXXX,1,28800
10,XYXXYXXXXY,-11,8640
10,XYXXYXXXYX,1,480
10,XYXXYXXXYY,1,480
10,XYXXYXXYXY,-1,144
10,XYXXYXXYYX,1,144
10,XYXXYXXYYY,1,576
10,XYXXYXYXXX,-7,8640
10,XYXXYXYXYX,-1,1440
10,XYXXYXYXYY,1,960
10,XYXXYXYYXX,-1,576
10,XYXXYXYYXY,-1,160
10,XYXXYXYYYX,1,360
10,XYXXYXYYYY,-1,1920
10,XYXXYYXXXX,1,5760
10,XYXXYYXXXY,-1,4320
10,XYXXYYXYXX,1,576
10,XYXXYYXYXY,-3,320
10,XYXXYYXYYX,37,2880
10,XYXXYYXYYY,1,320
10,XYXXYYYXXX,-7,8640
10,XYXXYYYXXY,1,192
10,XYXXYYYXYX,-17,2880
10,XYXXYYYXYY,1,960
10,XYXXYYYYXX,-1,576
10,XYXXYYYYXY,-37,5760
10,XYXXYYYYYX,17,5760
10,XYXXYYYYYY,-1,7200
10,XYXYXXXXXX,-1,43200
10,XYXYXXXXXY,1,1920
10,XYXYXXXXYX,-17,17280
10,XYXYXXXXYY,-17,17280
10,XYXYXXXYXX,-1,2160
10,XYXYXXXYXY,13,4320
10,XYXYXXXYYX,-17,4320
10,XYXYXXXYYY,-1,2160
10,XYXYXXYXXX,7,4320
10,XYXYXXYXXY,1,1440
10,XYXYXXYXYY,-1,288
10,XYXYXXYYXX,1,240
10,XYXYXXYYXY,7,1440
10,XYXYXXYYYX,1,288
10,XYXYXXYYYY,1,360
10,XYXYXYXXXX,-1,1152
10,XYXYXYXXXY,1,2160
10,XYXYXYXXYX,1,1440
10,XYXYXYXXYY,1,1440
10,XYXYXYXYXX,-23,2880
10,XYXYXYXYXY,1,90
10,XYXYXYXYYX,-13,480
10,XYXYXYXYYY,-13,960
10,XYXYXYYXXX,29,8640
10,XYXYXYYXXY,-1,288
10,XYXYXYYXYX,7,480
10,XYXYXYYXYY,7,576
10,XYXYXYYYXX,-1,960
10,XYXYXYYYXY,1,180
10,XYXYXYYYYX,-11,1440
10,XYXYXYYYYY,-1,3200
10,XYXYYXXXXX,1,28800
10,XYXYYXXXXY,-1,1728
10,XYXYYXXXYX,-1,1440
10,XYXYYXXXYY,-1,1440
10,XYXYYXXYXX,7,2880
10,XYXYYXXYXY,-1,288
10,XYXYYXXYYX,1,120
10,XYXYYXXYYY,17,2880
10,XYXYYXYXXX,-1,8640
10,XYXYYXYXXY,7,1440
10,XYXYYXYXYX,-7,480
10,XYXYYXYXYY,-11,576
10,XYXYYXYYXX,3,320
10,XYXYYXYYXY,11,720
10,XYXYYXYYYX,1,288
10,XYXYYXYYYY,7,1920
10,XYXYYYXXXX,-1,1152
10,XYXYYYXXXY,-31,8640
10,XYXYYYXXYX,17,2880
10,XYXYYYXXYY,17,2880
10,XYXYYYXYXX,-1,160
10,XYXYYYXYXY,-1,96
10,XYXYYYXYYX,-1,480
10,XYXYYYXYYY,-7,1440
10,XYXYYYYXXX,1,2160
10,XYXYYYYXXY,1,1440
10,XYXYYYYYXX,1,1440
10,XYXYYYYYXY,1,384
10,XYXYYYYYYX,-7,5760
10,XYXYYYYYYY,-1,11200
10,XYYXXXXXXX,1,100800
10,XYYXXXXXXY,-1,17280
10,XYYXXXXXYX,1,5760
10,XYYXXXXXYY,1,5760
10,XYYXXXYXXX,-1,4320
10,XYYXXXYXXY,-1,432
10,XYYXXXYXYX,17,4320
10,XYYXXXYXYY,17,4320
10,XYYXXXYYXX,-1,432
10,XYYXXXYYXY,-37,4320
10,XYYXXXYYYX,17,4320
10,XYYXXXYYYY,-1,4320
10,XYYXXYXXXX,1,5760
10,XYYXXYXXXY,7,2160
10,XYYXXYXXYX,-1,144
10,XYYXXYXXYY,-1,144
10,XYYXXYXYXX,1,192
10,XYYXXYXYXY,23,1440
10,XYYXXYXYYX,-1,180
10,XYYXXYXYYY,1,320
10,XYYXXYYXXX,-7,8640
10,XYYXXYYXXY,1,1440
10,XYYXXYYXYX,-1,120
10,XYYXXYYXYY,-37,2880
10,XYYXXYYYXX,1,192
10,XYYXXYYYXY,11,720
10,XYYXXYYYYX,-7,1440
10,XYYXXYYYYY,11,28800
10,XYYXYXXXXX,1,28800
10,XYYXYXXXXY,-17,8640
10,XYYXYXXXYX,7,1440
10,XYYXYXXXYY,7,1440
10,XYYXYXXYXX,-7,2880
10,XYYXYXXYXY,-1,96
10,XYYXYXXYYX,1,180
10,XYYXYXXYYY,-7,2880
10,XYYXYXYXXX,-13,8640
10,XYYXYXYXXY,-17,1440
10,XYYXYXYXYX,13,480
10,XYYXYXYXYY,101,2880
10,XYYXYXYYXX,-19,960
10,XYYXYXYYXY,-1,18
10,XYYXYXYYYX,23,1440
10,XYYXYXYYYY,-3,640
10,XYYXYYXXXX,7,5760
10,XYYXYYXXXY,67,8640
10,XYYXYYXXYX,-37,2880
10,XYYXYYXXYY,-37,2880
10,XYYXYYXYXX,7,720
10,XYYXYYXYXY,7,360
10,XYYXYYXYYY,1,240
10,XYYXYYYXXX,1,4320
10,XYYXYYYXXY,1,360
10,XYYXYYYXYX,1,480
10,XYYXYYYXYY,13,1440
10,XYYXYYYYXX,-1,240
10,XYYXYYYYXY,-9,640
10,XYYXYYYYYX,11,1920
10,XYYXYYYYYY,1,4800
10,XYYYXXXXXX,-1,43200
10,XYYYXXXXXY,1,1920
10,XYYYXXXXYX,-17,17280
10,XYYYXXXXYY,-17,17280
10,XYYYXXXYXX,-1,2160
10,XYYYXXXYXY,13,4320
10,XYYYXXXYYX,-17,4320
10,XYYYXXXYYY,-1,2160
10,XYYYXXYXXX,7,4320
10,XYYYXXYXXY,7,2880
10,XYYYXXYXYX,-1,288
10,XYYYXXYXYY,-1,144
10,XYYYXXYYXX,17,2880
10,XYYYXXYYXY,17,1440
10,XYYYXXYYYY,1,360
10,XYYYXYXXXX,-1,1152
10,XYYYXYXXXY,1,2160
10,XYYYXYXXYX,-1,360
10,XYYYXYXXYY,-1,360
10,XYYYXYXYXX,-1,960
10,XYYYXYXYXY,1,72
10,XYYYXYXYYX,-23,1440
10,XYYYXYXYYY,-1,320
10,XYYYXYYXXX,-1,8640
10,XYYYXYYXXY,-1,360
10,XYYYXYYXYX,-1,288
10,XYYYXYYXYY,-7,576
10,XYYYXYYYXX,17,2880
10,XYYYXYYYXY,11,480
10,XYYYXYYYYX,-1,90
10,XYYYXYYYYY,-1,3200
10,XYYYYXXXXX,1,28800
10,XYYYYXXXXY,-7,4320
10,XYYYYXXXYX,1,288
10,XYYYYXXXYY,1,288
10,XYYYYXXYXX,-1,480
10,XYYYYXXYXY,-13,1440
10,XYYYYXXYYX,7,1440
10,XYYYYXXYYY,-1,2880
10,XYYYYXYXXX,1,1728
10,XYYYYXYXXY,-1,480
10,XYYYYXYXYX,11,1440
10,XYYYYXYXYY,3,320
10,XYYYYXYYXX,-11,2880
10,XYYYYXYYXY,-3,160
10,XYYYYXYYYX,1,90
10,XYYYYXYYYY,1,1152
10,XYYYYYXXXX,-1,5760
10,XYYYYYXXXY,5,3456
10,XYYYYYXXYX,-17,5760
10,XYYYYYXXYY,-17,5760
10,XYYYYYXYXX,1,1920
10,XYYYYYXYXY,13,1920
10,XYYYYYXYYX,-11,1920
10,XYYYYYXYYY,-1,640
10,XYYYYYYXXX,1,3456
10,XYYYYYYXXY,-1,5760
10,XYYYYYYXYX,7,5760
10,XYYYYYYXYY,7,5760
10,XYYYYYYYXX,-1,5760
10,XYYYYYYYXY,-1,2880
10,XYYYYYYYYY,-1,403200
10,YXXXXXXXXX,1,3628800
10,YXXXXXXXYX,-1,60480
10,YXXXXXXXYY,-1,60480
10,YXXXXXXYXX,1,17280
10,YXXXXXXYXY,1,17280
10,YXXXXXXYYX,1,17280
10,YXXXXXXYYY,1,17280
10,YXXXXXYXXX,-1,17280
10,YXXXXXYXXY,1,5760
10,YXXXXXYXYX,-1,1920
10,YXXXXXYXYY,-1,1920
10,YXXXXXYYXX,1,5760
10,YXXXXXYYXY,1,1152
10,YXXXXXYYYX,-1,1920
10,YXXXXXYYYY,-1,17280
10,YXXXXYXXXY,-1,1440
10,YXXXXYXXYX,11,8640
10,YXXXXYXXYY,11,8640
10,YXXXXYXYXX,-1,2160
10,YXXXXYXYXY,-5,1728
10,YXXXXYXYYX,17,8640
10,YXXXXYXYYY,1,2880
10,YXXXXYYXXX,-1,8640
10,YXXXXYYXXY,-1,2160
10,YXXXXYYXYX,1,1728
10,YXXXXYYXYY,1,1728
10,YXXXXYYYXX,-1,2160
10,YXXXXYYYXY,-11,4320
10,YXXXXYYYYX,7,4320
10,YXXXXYYYYY,1,28800
10,YXXXYXXXXX,1,28800
10,YXXXYXXXXY,1,1440
10,YXXXYXXXYX,-1,864
10,YXXXYXXXYY,-1,864
10,YXXXYXXYXX,1,4320
10,YXXXYXXYXY,1,270
10,YXXXYXXYYX,-7,2160
10,YXXXYXXYYY,-1,2880
10,YXXXYXYXXX,1,1728
10,YXXXYXYXXY,1,4320
10,YXXXYXYXYX,-1,2160
10,YXXXYXYXYY,-19,8640
10,YXXXYXYYXX,17,8640
10,YXXXYXYYXY,19,4320
10,YXXXYXYYYX,-1,2160
10,YXXXYXYYYY,1,1152
10,YXXXYYXXXX,-1,5760
10,YXXXYYXXYX,1,4320
10,YXXXYYXXYY,1,4320
10,YXXXYYXYXX,-13,8640
10,YXXXYYXYXY,41,8640
10,YXXXYYXYYX,-67,8640
10,YXXXYYXYYY,-7,2880
10,YXXXYYYXXX,1,1728
10,YXXXYYYXXY,-23,8640
10,YXXXYYYXYX,31,8640
10,YXXXYYYXYY,1,8640
10,YXXXYYYYXX,7,8640
10,YXXXYYYYXY,53,17280
10,YXXXYYYYYX,-5,3456
10,YXXXYYYYYY,1,10800
10,YXXYXXXXXX,-1,43200
10,YXXYXXXXXY,-1,5760
10,YXXYXXXXYX,1,17280
10,YXXYXXXXYY,1,17280
10,YXXYXXXYXX,1,1728
10,YXXYXXXYXY,-1,864
10,YXXYXXXYYX,1,432
10,YXXYXXXYYY,1,1728
10,YXXYXXYXXX,-7,8640
10,YXXYXXYXYX,-1,1440
10,YXXYXXYXYY,1,960
10,YXXYXXYYXX,-1,576
10,YXXYXXYYXY,-1,960
10,YXXYXXYYYX,-7,2880
10,YXXYXXYYYY,-1,720
10,YXXYXYXXXX,1,5760
10,YXXYXYXXXY,-1,4320
10,YXXYXYXYXX,1,576
10,YXXYXYXYXY,-1,120
10,YXXYXYXYYX,17,1440
10,YXXYXYXYYY,1,320
10,YXXYXYYXXX,-7,8640
10,YXXYXYYXXY,1,240
10,YXXYXYYXYX,-7,1440
10,YXXYXYYXYY,1,960
10,YXXYXYYYXX,-1,576
10,YXXYXYYYXY,-1,180
10,YXXYXYYYYX,1,480
10,YXXYXYYYYY,-1,3200
10,YXXYYXXXXX,1,28800
10,YXXYYXXXXY,1,2160
10,YXXYYXXXYX,-1,720
10,YXXYYXXXYY,-1,720
10,YXXYYXXYXX,1,576
10,YXXYYXXYXY,1,240
10,YXXYYXXYYX,-1,1440
10,YXXYYXXYYY,1,576
10,YXXYYXYXXX,-7,8640
10,YXXYYXYXXY,-1,240
10,YXXYYXYXYX,1,288
10,YXXYYXYXYY,1,960
10,YXXYYXYYXX,-1,576
10,YXXYYXYYXY,-1,160
10,YXXYYXYYYX,1,360
10,YXXYYXYYYY,-1,1920
10,YXXYYYXXXX,1,5760
10,YXXYYYXXXY,23,8640
10,YXXYYYXXYX,-1,192
10,YXXYYYXXYY,-1,192
10,YXXYYYXYXX,1,288
10,YXXYYYXYXY,7,720
10,YXXYYYXYYX,-1,360
10,YXXYYYXYYY,1,720
10,YXXYYYYXXX,-1,4320
10,YXXYYYYXYX,-1,1440
10,YXXYYYYXYY,-1,1440
10,YXXYYYYYXY,-1,5760
10,YXXYYYYYYX,1,5760
10,YXXYYYYYYY,1,100800
10,YXYXXXXXXX,1,100800
10,YXYXXXXXXY,-1,17280
10,YXYXXXXXYX,1,5760
10,YXYXXXXXYY,1,5760
10,YXYXXXYXXX,-1,4320
10,YXYXXXYXXY,1,864
10,YXYXXXYXYX,-13,4320
10,YXYXXXYXYY,-13,4320
10,YXYXXXYYXX,1,864
10,YXYXXXYYXY,23,4320
10,YXYXXXYYYX,-13,4320
10,YXYXXXYYYY,-1,4320
10,YXYXXYXXXX,1,5760
10,YXYXXYXXXY,-1,270
10,YXYXXYXXYX,1,144
10,YXYXXYXXYY,1,144
10,YXYXXYXYXX,-1,576
10,YXYXXYXYXY,-1,72
10,YXYXXYXYYX,1,96
10,YXYXXYXYYY,1,320
10,YXYXXYYXXX,-7,8640
10,YXYXXYYXXY,-1,240
10,YXYXXYYXYX,1,288
10,YXYXXYYXYY,1,960
10,YXYXXYYYXX,-1,576
10,YXYXXYYYXY,-1,80
10,YXYXXYYYYX,13,1440
10,YXYXXYYYYY,11,28800
10,YXYXYXXXXX,1,28800
10,YXYXYXXXXY,5,1728
10,YXYXYXXXYX,-1,240
10,YXYXYXXXYY,-1,240
10,YXYXYXXYXX,-1,960
10,YXYXYXXYXY,1,72
10,YXYXYXXYYX,-23,1440
10,YXYXYXXYYY,-13,2880
10,YXYXYXYXXX,29,8640
10,YXYXYXYXXY,1,120
10,YXYXYXYXYX,-1,90
10,YXYXYXYXYY,-1,64
10,YXYXYXYYXX,37,2880
10,YXYXYXYYXY,19,480
10,YXYXYXYYYX,-1,72
10,YXYXYXYYYY,7,1920
10,YXYXYYXXXX,-1,1152
10,YXYXYYXXXY,-41,8640
10,YXYXYYXXYX,3,320
10,YXYXYYXXYY,3,320
10,YXYXYYXYXX,-7,720
10,YXYXYYXYYX,-7,360
10,YXYXYYXYYY,-1,120
10,YXYXYYYXXX,7,4320
10,YXYXYYYXXY,-7,720
10,YXYXYYYXYX,1,96
10,YXYXYYYXYY,-1,288
10,YXYXYYYYXX,1,240
10,YXYXYYYYXY,29,1920
10,YXYXYYYYYX,-13,1920
10,YXYXYYYYYY,1,4800
10,YXYYXXXXXX,-1,43200
10,YXYYXXXXXY,-1,1152
10,YXYYXXXXYX,19,17280
10,YXYYXXXXYY,19,17280
10,YXYYXXXYXX,7,4320
10,YXYYXXXYXY,-23,4320
10,YXYYXXXYYX,37,4320
10,YXYYXXXYYY,7,4320
10,YXYYXXYXXX,-7,2160
10,YXYYXXYXXY,1,960
10,YXYYXXYXYX,-7,1440
10,YXYYXXYXYY,1,480
10,YXYYXXYYXX,-17,2880
10,YXYYXXYYYX,-17,1440
10,YXYYXXYYYY,-1,180
10,YXYYXYXXXX,7,5760
10,YXYYXYXXXY,-19,4320
10,YXYYXYXXYX,1,160
10,YXYYXYXXYY,1,160
10,YXYYXYXYXX,23,2880
10,YXYYXYXYXY,-19,480
10,YXYYXYXYYX,1,18
10,YXYYXYXYYY,19,960
10,YXYYXYYXXX,-43,8640
10,YXYYXYYXXY,1,160
10,YXYYXYYXYX,-11,720
10,YXYYXYYXYY,-1,320
10,YXYYXYYYXX,-17,2880
10,YXYYXYYYXY,-11,360
10,YXYYXYYYYX,3,160
10,YXYYXYYYYY,-1,3200
10,YXYYYXXXXX,1,28800
10,YXYYYXXXXY,11,4320
10,YXYYYXXXYX,-1,360
10,YXYYYXXXYY,-1,360
10,YXYYYXXYXX,-1,720
10,YXYYYXXYXY,1,80
10,YXYYYXXYYX,-11,720
10,YXYYYXXYYY,-19,2880
10,YXYYYXYXXX,11,8640
10,YXYYYXYXXY,1,180
10,YXYYYXYXYX,-1,180
10,YXYYYXYXYY,-11,2880
10,YXYYYXYYXX,11,2880
10,YXYYYXYYXY,11,360
10,YXYYYXYYYX,-11,480
10,YXYYYXYYYY,-11,5760
10,YXYYYYXXXX,1,1920
10,YXYYYYXXXY,-53,17280
10,YXYYYYXXYX,37,5760
10,YXYYYYXXYY,37,5760
10,YXYYYYXYXX,-1,1920
10,YXYYYYXYXY,-29,1920
10,YXYYYYXYYX,9,640
10,YXYYYYXYYY,5,1152
10,YXYYYYYXXX,-13,17280
10,YXYYYYYXXY,1,5760
10,YXYYYYYXYX,-1,384
10,YXYYYYYXYY,-1,384
10,YXYYYYYYXX,1,5760
10,YXYYYYYYYX,1,2880
10,YXYYYYYYYY,1,44800
10,YYXXXXXXXX,-1,403200
10,YYXXXXXXXY,1,60480
10,YYXXXXXYXX,-1,5760
10,YYXXXXXYXY,-1,5760
10,YYXXXXXYYX,-1,5760
10,YYXXXXXYYY,-1,5760
10,YYXXXXYXXX,1,3456
10,YYXXXXYXXY,-1,17280
10,YYXXXXYXYX,17,17280
10,YYXXXXYXYY,17,17280
10,YYXXXXYYXX,-1,17280
10,YYXXXXYYXY,-19,17280
10,YYXXXXYYYX,17,17280
10,YYXXXXYYYY,1,3456
10,YYXXXYXXXX,-1,5760
10,YYXXXYXXXY,1,864
10,YYXXXYXXYX,-1,480
10,YYXXXYXXYY,-1,480
10,YYXXXYXYXX,-1,2880
10,YYXXXYXYXY,1,240
10,YYXXXYXYYX,-7,1440
10,YYXXXYXYYY,-7,2880
10,YYXXXYYXXX,1,1728
10,YYXXXYYXXY,1,720
10,YYXXXYYXYX,1,1440
10,YYXXXYYXYY,7,2880
10,YYXXXYYYXX,-1,2880
10,YYXXXYYYXY,1,360
10,YYXXXYYYYX,-1,288
10,YYXXXYYYYY,-1,3200
10,YYXXYXXXXX,1,28800
10,YYXXYXXXXY,-11,8640
10,YYXXYXXXYX,1,480
10,YYXXYXXXYY,1,480
10,YYXXYXXYXY,-1,144
10,YYXXYXXYYX,1,144
10,YYXXYXXYYY,1,576
10,YYXXYXYXXX,-7,8640
10,YYXXYXYXYX,-1,1440
10,YYXXYXYXYY,1,960
10,YYXXYXYYXX,-1,576
10,YYXXYXYYXY,-1,160
10,YYXXYXYYYX,1,360
10,YYXXYXYYYY,-1,1920
10,YYXXYYXXXX,1,5760
10,YYXXYYXXXY,-1,4320
10,YYXXYYXYXX,1,576
10,YYXXYYXYXY,-3,320
10,YYXXYYXYYX,37,2880
10,YYXXYYXYYY,1,320
10,YYXXYYYXXX,-7,8640
10,YYXXYYYXXY,1,192
10,YYXXYYYXYX,-17,2880
10,YYXXYYYXYY,1,960
10,YYXXYYYYXX,-1,576
10,YYXXYYYYXY,-37,5760
10,YYXXYYYYYX,17,5760
10,YYXXYYYYYY,-1,7200
10,YYXYXXXXXX,-1,43200
10,YYXYXXXXXY,1,1920
10,YYXYXXXXYX,-17,17280
10,YYXYXXXXYY,-17,17280
10,YYXYXXXYXX,-1,2160
10,YYXYXXXYXY,13,4320
10,YYXYXXXYYX,-17,4320
10,YYXYXXXYYY,-1,2160
10,YYXYXXYXXX,7,4320
10,YYXYXXYXXY,-1,960
10,YYXYXXYXYX,1,288
10,YYXYXXYYXX,7,2880
10,YYXYXXYYXY,-1,480
10,YYXYXXYYYX,1,144
10,YYXYXXYYYY,1,360
10,YYXYXYXXXX,-1,1152
10,YYXYXYXXXY,19,8640
10,YYXYXYXXYX,-1,960
10,YYXYXYXXYY,-1,960
10,YYXYXYXYXX,-7,720
10,YYXYXYXYXY,1,64
10,YYXYXYXYYX,-101,2880
10,YYXYXYXYYY,-3,160
10,YYXYXYYXXX,11,2160
10,YYXYXYYXXY,-1,960
10,YYXYXYYXYX,11,576
10,YYXYXYYXYY,1,48
10,YYXYXYYYXX,-1,360
10,YYXYXYYYXY,11,2880
10,YYXYXYYYYX,-3,320
10,YYXYXYYYYY,-1,3200
10,YYXYYXXXXX,1,28800
10,YYXYYXXXXY,-1,1728
10,YYXYYXXXYX,-7,2880
10,YYXYYXXXYY,-7,2880
10,YYXYYXXYXX,17,2880
10,YYXYYXXYXY,-1,960
10,YYXYYXXYYX,37,2880
10,YYXYYXXYYY,1,90
10,YYXYYXYXXX,-1,540
10,YYXYYXYXXY,-1,960
10,YYXYYXYXYX,-7,576
10,YYXYYXYXYY,-1,48
10,YYXYYXYYXX,11,1440
10,YYXYYXYYXY,1,320
10,YYXYYXYYYX,7,576
10,YYXYYXYYYY,7,1920
10,YYXYYYXXXX,-1,1152
10,YYXYYYXXXY,-1,8640
10,YYXYYYXXYX,-1,960
10,YYXYYYXXYY,-1,960
10,YYXYYYXYXX,-1,360
10,YYXYYYXYXY,1,288
10,YYXYYYXYYX,-13,1440
10,YYXYYYXYYY,-7,1440
10,YYXYYYYXXX,1,2160
10,YYXYYYYXXY,1,1440
10,YYXYYYYYXX,1,1440
10,YYXYYYYYXY,1,384
10,YYXYYYYYYX,-7,5760
10,YYXYYYYYYY,-1,11200
10,YYYXXXXXXX,1,100800
10,YYYXXXXXXY,-1,17280
10,YYYXXXXXYX,1,5760
10,YYYXXXXXYY,1,5760
10,YYYXXXYXXX,-1,4320
10,YYYXXXYXXY,-1,1728
10,YYYXXXYXYX,1,2160
10,YYYXXXYXYY,1,2160
10,YYYXXXYYXX,-1,1728
10,YYYXXXYYXY,-7,4320
10,YYYXXXYYYX,1,2160
10,YYYXXXYYYY,-1,4320
10,YYYXXYXXXX,1,5760
10,YYYXXYXXXY,1,2880
10,YYYXXYXXYX,-1,576
10,YYYXXYXXYY,-1,576
10,YYYXXYXYXX,1,288
10,YYYXXYXYXY,13,2880
10,YYYXXYXYYX,7,2880
10,YYYXXYXYYY,7,1440
10,YYYXXYYXXX,-1,720
10,YYYXXYYXXY,-1,576
10,YYYXXYYXYX,-17,2880
10,YYYXXYYXYY,-1,90
10,YYYXXYYYXX,1,288
10,YYYXXYYYXY,19,2880
10,YYYXXYYYYX,1,2880
10,YYYXXYYYYY,11,28800
10,YYYXYXXXXX,1,28800
10,YYYXYXXXXY,-1,2880
10,YYYXYXXXYX,7,2880
10,YYYXYXXXYY,7,2880
10,YYYXYXXYXX,-1,320
10,YYYXYXXYXY,-1,320
10,YYYXYXXYYX,-1,320
10,YYYXYXXYYY,-7,1440
10,YYYXYXYXXX,1,1440
10,YYYXYXYXXY,-1,320
10,YYYXYXYXYX,13,960
10,YYYXYXYXYY,3,160
10,YYYXYXYYXX,-1,120
10,YYYXYXYYXY,-19,960
10,YYYXYXYYYX,1,320
10,YYYXYXYYYY,-11,5760
10,YYYXYYXXXX,1,1920
10,YYYXYYXXXY,7,2880
10,YYYXYYXXYX,-1,320
10,YYYXYYXXYY,-1,320
10,YYYXYYXYXX,1,480
10,YYYXYYXYXY,1,120
10,YYYXYYXYYX,-1,240
10,YYYXYYYXXX,1,1440
10,YYYXYYYXXY,-1,720
10,YYYXYYYXYX,7,1440
10,YYYXYYYXYY,7,1440
10,YYYXYYYYXX,-1,720
10,YYYXYYYYXY,-5,1152
10,YYYXYYYYYX,1,640
10,YYYXYYYYYY,1,4800
10,YYYYXXXXXX,-1,43200
10,YYYYXXXXXY,1,17280
10,YYYYXXXXYX,-1,3456
10,YYYYXXXXYY,-1,3456
10,YYYYXXXYXX,1,4320
10,YYYYXXXYXY,1,4320
10,YYYYXXXYYX,1,4320
10,YYYYXXXYYY,1,4320
10,YYYYXXYXXY,1,720
10,YYYYXXYXYX,-1,360
10,YYYYXXYXYY,-1,360
10,YYYYXXYYXX,1,720
10,YYYYXXYYXY,1,180
10,YYYYXXYYYX,-1,360
10,YYYYXYXXXX,-1,5760
10,YYYYXYXXXY,-1,1152
10,YYYYXYXXYX,1,1920
10,YYYYXYXXYY,1,1920
10,YYYYXYXYXX,1,1920
10,YYYYXYXYXY,-7,1920
10,YYYYXYXYYX,3,640
10,YYYYXYXYYY,11,5760
10,YYYYXYYXXX,-1,1152
10,YYYYXYYXXY,1,1920
10,YYYYXYYXYX,-7,1920
10,YYYYXYYXYY,-7,1920
10,YYYYXYYYXX,1,1920
10,YYYYXYYYXY,11,5760
10,YYYYXYYYYX,-1,1152
10,YYYYXYYYYY,-1,3200
10,YYYYYXXXXX,1,28800
10,YYYYYXXXXY,-1,28800
10,YYYYYXXXYX,1,3200
10,YYYYYXXXYY,1,3200
10,YYYYYXXYXX,-11,28800
10,YYYYYXXYXY,-11,28800
10,YYYYYXXYYX,-11,28800
10,YYYYYXXYYY,-11,28800
10,YYYYYXYXXX,1,3200
10,YYYYYXYXXY,1,3200
10,YYYYYXYXYX,1,3200
10,YYYYYXYXYY,1,3200
10,YYYYYXYYXX,1,3200
10,YYYYYXYYXY,1,3200
10,YYYYYXYYYX,1,3200
10,YYYYYXYYYY,1,3200
10,YYYYYYXXXX,-1,28800
10,YYYYYYXXXY,-1,10800
10,YYYYYYXXYX,1,7200
10,YYYYYYXXYY,1,7200
10,YYYYYYXYXX,-1,4800
10,YYYYYYXYXY,-1,4800
10,YYYYYYXYYX,-1,4800
10,YYYYYYXYYY,-1,4800
10,YYYYYYYXXX,1,43200
10,YYYYYYYXXY,-1,100800
10,YYYYYYYXYX,1,11200
10,YYYYYYYXYY,1,11200
10,YYYYYYYYXX,-1,100800
10,YYYYYYYYXY,-1,44800
10,YYYYYYYYYX,1,403200
11,XXXXXXXXXXY,1,39916800
11,XXXXXXXXXYX,-1,3991680
11,XXXXXXXXXYY,-1,3991680
11,XXXXXXXXYXX,1,887040
11,XXXXXXXXYXY,1,887040
11,XXXXXXXXYYX,1,887040
11,XXXXXXXXYYY,1,887040
11,XXXXXXXYXXX,-1,332640
11,XXXXXXXYXXY,-1,332640
11,XXXXXXXYXYX,-1,332640
11,XXXXXXXYXYY,-1,332640
11,XXXXXXXYYXX,-1,332640
11,XXXXXXXYYXY,-1,332640
11,XXXXXXXYYYX,-1,332640
11,XXXXXXXYYYY,-1,332640
11,XXXXXXYXXXX,1,190080
11,XXXXXXYXXXY,1,190080
11,XXXXXXYXXYX,1,190080
11,XXXXXXYXXYY,1,190080
11,XXXXXXYXYXX,1,190080
11,XXXXXXYXYXY,1,190080
11,XXXXXXYXYYX,1,190080
11,XXXXXXYXYYY,1,190080
11,XXXXXXYYXXX,1,190080
11,XXXXXXYYXXY,1,190080
11,XXXXXXYYXYX,1,190080
11,XXXXXXYYXYY,1,190080
11,XXXXXXYYYXX,1,190080
11,XXXXXXYYYXY,1,190080
11,XXXXXXYYYYX,1,190080
11,XXXXXXYYYYY,1,190080
11,XXXXXYXXXXX,-1,158400
11,XXXXXYXXXXY,-1,158400
11,XXXXXYXXXYX,-1,158400
11,XXXXXYXXXYY,-1,158400
11,XXXXXYXXYXX,-1,158400
11,XXXXXYXXYXY,-1,158400
11,XXXXXYXXYYX,-1,158400
11,XXXXXYXXYYY,-1,158400
11,XXXXXYXYXXX,-1,158400
11,XXXXXYXYXXY,-1,158400
11,XXXXXYXYXYX,-1,158400
11,XXXXXYXYXYY,-1,158400
11,XXXXXYXYYXX,-1,158400
11,XXXXXYXYYXY,-1,158400
11,XXXXXYXYYYX,-1,158400
11,XXXXXYXYYYY,-1,158400
11,XXXXXYYXXXX,-1,158400
11,XXXXXYYXXXY,-1,158400
11,XXXXXYYXXYX,-1,158400
11,XXXXXYYXXYY,-1,158400
11,XXXXXYYXYXX,-1,158400
11,XXXXXYYXYXY,-1,158400
11,XXXXXYYXYYX,-1,158400
11,XXXXXYYXYYY,-1,158400
11,XXXXXYYYXXX,-1,158400
11,XXXXXYYYXXY,-1,158400
11,XXXXXYYYXYX,-1,158400
11,XXXXXYYYXYY,-1,158400
11,XXXXXYYYYXX,-1,158400
11,XXXXXYYYYXY,-1,158400
11,XXXXXYYYYYX,-1,158400
11,XXXXXYYYYYY,-1,158400
11,XXXXYXXXXXX,1,190080
11,XXXXYXXXXXY,1,59400
11,XXXXYXXXXYX,-1,19008
11,XXXXYXXXXYY,-1,19008
11,XXXXYXXXYXX,23,190080
11,XXXXYXXXYXY,23,190080
11,XXXXYXXXYYX,23,190080
11,XXXXYXXXYYY,23,190080
11,XXXXYXXYXXX,-7,63360
11,XXXXYXXYXXY,1,190080
11,XXXXYXXYXYX,-13,38016
11,XXXXYXXYXYY,-13,38016
11,XXXXYXXYYXX,1,190080
11,XXXXYXXYYXY,67,190080
11,XXXXYXXYYYX,-13,38016
11,XXXXYXXYYYY,-7,63360
11,XXXXYXYXXXX,1,15840
11,XXXXYXYXXXY,1,190080
11,XXXXYXYXXYX,1,190080
11,XXXXYXYXXYY,1,190080
11,XXXXYXYXYXX,67,190080
11,XXXXYXYXYXY,1,190080
11,XXXXYXYXYYX,133,190080
11,XXXXYXYXYYY,37,63360
11,XXXXYXYYXXX,-7,63360
11,XXXXYXYYXXY,1,190080
11,XXXXYXYYXYX,-131,190080
11,XXXXYXYYXYY,-197,190080
11,XXXXYXYYYXX,67,190080
11,XXXXYXYYYXY,133,190080
11,XXXXYXYYYYX,1,190080
11,XXXXYXYYYYY,1,15840
11,XXXXYYXXXXX,-1,158400
11,XXXXYYXXXXY,1,190080
11,XXXXYYXXXYX,1,190080
11,XXXXYYXXXYY,1,190080
11,XXXXYYXXYXX,1,190080
11,XXXXYYXXYXY,1,190080
11,XXXXYYXXYYX,1,190080
11,XXXXYYXXYYY,-7,63360
11,XXXXYYXYXXX,-7,63360
11,XXXXYYXYXXY,1,190080
11,XXXXYYXYXYX,1,190080
11,XXXXYYXYXYY,67,190080
11,XXXXYYXYYXX,-13,38016
11,XXXXYYXYYXY,1,190080
11,XXXXYYXYYYX,-131,190080
11,XXXXYYXYYYY,-1,3520
11,XXXXYYYXXXX,1,15840
11,XXXXYYYXXXY,1,190080
11,XXXXYYYXXYX,1,190080
11,XXXXYYYXXYY,1,190080
11,XXXXYYYXYXX,67,190080
11,XXXXYYYXYXY,-13,38016
11,XXXXYYYXYYX,199,190080
11,XXXXYYYXYYY,37,63360
11,XXXXYYYYXXX,-7,63360
11,XXXXYYYYXXY,23,190080
11,XXXXYYYYXYX,-109,190080
11,XXXXYYYYXYY,-109,190080
11,XXXXYYYYYXX,23,190080
11,XXXXYYYYYXY,7,23760
11,XXXXYYYYYYX,-1,19008
11,XXXXYYYYYYY,1,190080
11,XXXYXXXXXXX,-1,332640
11,XXXYXXXXXXY,-13,316800
11,XXXYXXXXXYX,17,95040
11,XXXYXXXXXYY,17,95040
11,XXXYXXXXYXX,-13,38016
11,XXXYXXXXYXY,-13,38016
11,XXXYXXXXYYX,-13,38016
11,XXXYXXXXYYY,-13,38016
11,XXXYXXXYXXX,7,23760
11,XXXYXXXYXXY,-1,5940
11,XXXYXXXYXYX,29,23760
11,XXXYXXXYXYY,29,23760
11,XXXYXXXYYXX,-1,5940
11,XXXYXXXYYXY,-37,23760
11,XXXYXXXYYYX,29,23760
11,XXXYXXXYYYY,7,23760
11,XXXYXXYXXXX,-7,63360
11,XXXYXXYXXXY,13,31680
11,XXXYXXYXXYX,-71,95040
11,XXXYXXYXXYY,-71,95040
11,XXXYXXYXYXX,-19,47520
11,XXXYXXYXYXY,353,190080
11,XXXYXXYXYYX,-101,38016
11,XXXYXXYXYYY,-7,5280
11,XXXYXXYYXXX,7,23760
11,XXXYXXYYXXY,23,190080
11,XXXYXXYYXYX,221,190080
11,XXXYXXYYXYY,1,594
11,XXXYXXYYYXX,-19,47520
11,XXXYXXYYYXY,-1,19008
11,XXXYXXYYYYX,-71,95040
11,XXXYXXYYYYY,-7,63360
11,XXXYXYXXXXX,-1,158400
11,XXXYXYXXXXY,-29,63360
11,XXXYXYXXXYX,47,47520
11,XXXYXYXXXYY,47,47520
11,XXXYXYXXYXX,-71,95040
11,XXXYXYXXYXY,-59,23760
11,XXXYXYXXYYX,47,47520
11,XXXYXYXXYYY,-1,3520
11,XXXYXYXYXXX,7,23760
11,XXXYXYXYXXY,23,190080
11,XXXYXYXYXYX,47,47520
11,XXXYXYXYXYY,127,95040
11,XXXYXYXYYXX,-43,190080
11,XXXYXYXYYXY,-59,23760
11,XXXYXYXYYYX,193,95040
11,XXXYXYXYYYY,13,31680
11,XXXYXYYXXXX,-7,63360
11,XXXYXYYXXXY,-29,63360
11,XXXYXYYXXYX,47,47520
11,XXXYXYYXXYY,47,47520
11,XXXYXYYXYXX,-241,190080
11,XXXYXYYXYXY,-269,95040
11,XXXYXYYXYYX,7,23760
11,XXXYXYYXYYY,-7,5280
11,XXXYXYYYXXX,7,23760
11,XXXYXYYYXXY,5,9504
11,XXXYXYYYXYX,149,95040
11,XXXYXYYYXYY,157,47520
11,XXXYXYYYYXX,-23,19008
11,XXXYXYYYYXY,-173,47520
11,XXXYXYYYYYX,29,23760
11,XXXYXYYYYYY,-1,19008
11,XXXYYXXXXXX,1,190080
11,XXXYYXXXXXY,7,52800
11,XXXYYXXXXYX,-43,190080
11,XXXYYXXXXYY,-43,190080
11,XXXYYXXXYXX,-1,19008
11,XXXYYXXXYXY,31,38016
11,XXXYYXXXYYX,-35,38016
11,XXXYYXXXYYY,-1,19008
11,XXXYYXXYXXX,7,23760
11,XXXYYXXYXXY,-71,95040
11,XXXYYXXYXYX,287,190080
11,XXXYYXXYXYY,61,95040
11,XXXYYXXYYXX,23,190080
11,XXXYYXXYYXY,-203,95040
11,XXXYYXXYYYX,113,47520
11,XXXYYXXYYYY,37,63360
11,XXXYYXYXXXX,-7,63360
11,XXXYYXYXXXY,9,7040
11,XXXYYXYXXYX,-59,23760
11,XXXYYXYXXYY,-59,23760
11,XXXYYXYXYXX,89,190080
11,XXXYYXYXYXY,377,47520
11,XXXYYXYXYYX,-133,19008
11,XXXYYXYXYYY,-7,5280
11,XXXYYXYYXXX,7,23760
11,XXXYYXYYXXY,-71,95040
11,XXXYYXYYXYX,7,23760
11,XXXYYXYYXYY,-17,9504
11,XXXYYXYYYXX,127,95040
11,XXXYYXYYYXY,49,9504
11,XXXYYXYYYYX,-59,23760
11,XXXYYXYYYYY,1,15840
11,XXXYYYXXXXX,-1,158400
11,XXXYYYXXXXY,-29,63360
11,XXXYYYXXXYX,47,47520
11,XXXYYYXXXYY,47,47520
11,XXXYYYXXYXX,-71,95040
11,XXXYYYXXYXY,-59,23760
11,XXXYYYXXYYX,47,47520
11,XXXYYYXXYYY,-1,3520
11,XXXYYYXYXXX,7,23760
11,XXXYYYXYXXY,-71,95040
11,XXXYYYXYXYX,259,95040
11,XXXYYYXYXYY,73,23760
11,XXXYYYXYYXX,-13,11880
11,XXXYYYXYYXY,-283,47520
11,XXXYYYXYYYX,179,47520
11,XXXYYYXYYYY,13,31680
11,XXXYYYYXXXX,-7,63360
11,XXXYYYYXXXY,13,31680
11,XXXYYYYXXYX,-71,95040
11,XXXYYYYXXYY,-71,95040
11,XXXYYYYXYXX,-19,47520
11,XXXYYYYXYXY,113,47520
11,XXXYYYYXYYX,-151,47520
11,XXXYYYYXYYY,-7,5280
11,XXXYYYYYXXX,7,23760
11,XXXYYYYYXXY,-13,38016
11,XXXYYYYYXYX,149,95040
11,XXXYYYYYXYY,149,95040
11,XXXYYYYYYXX,-13,38016
11,XXXYYYYYYXY,-41,47520
11,XXXYYYYYYYX,17,95040
11,XXXYYYYYYYY,-1,332640
11,XXYXXXXXXXX,1,887040
11,XXYXXXXXXXY,83,1663200
11,XXYXXXXXXYX,-43,190080
11,XXYXXXXXXYY,-43,190080
11,XXYXXXXXYXX,13,31680
11,XXYXXXXXYXY,13,31680
11,XXYXXXXXYYX,13,31680
11,XXYXXXXXYYY,13,31680
11,XXYXXXXYXXX,-13,38016
11,XXYXXXXYXXY,67,190080
11,XXYXXXXYXYX,-329,190080
11,XXYXXXXYXYY,-329,190080
11,XXYXXXXYYXX,67,190080
11,XXYXXXXYYXY,463,190080
11,XXYXXXXYYYX,-329,190080
11,XXYXXXXYYYY,-13,38016
11,XXYXXXYXXXX,23,190080
11,XXYXXXYXXXY,-13,11880
11,XXYXXXYXXYX,113,47520
11,XXYXXXYXXYY,113,47520
11,XXYXXXYXYXX,-71,95040
11,XXYXXXYXYXY,-1033,190080
11,XXYXXXYXYYX,749,190080
11,XXYXXXYXYYY,61,95040
11,XXYXXXYYXXX,-1,19008
11,XXYXXXYYXXY,-43,190080
11,XXYXXXYYXYX,31,38016
11,XXYXXXYYXYY,127,95040
11,XXYXXXYYYXX,-71,95040
11,XXYXXXYYYXY,-23,5940
11,XXYXXXYYYYX,113,47520
11,XXYXXXYYYYY,23,190080
11,XXYXXYXXXXX,-1,158400
11,XXYXXYXXXXY,53,38016
11,XXYXXYXXXYX,-67,19008
11,XXYXXYXXXYY,-67,19008
11,XXYXXYXXYXX,1,352
11,XXYXXYXXYXY,17,2112
11,XXYXXYXXYYX,-5,2112
11,XXYXXYXXYYY,17,7920
11,XXYXXYXYXXX,-71,95040
11,XXYXXYXYXXY,1,4224
11,XXYXXYXYXYX,-37,6336
11,XXYXXYXYXYY,-71,7920
11,XXYXXYXYYXX,71,21120
11,XXYXXYXYYXY,73,6336
11,XXYXXYXYYYX,-19,3960
11,XXYXXYXYYYY,-1,19008
11,XXYXXYYXXXX,1,190080
11,XXYXXYYXXXY,31,38016
11,XXYXXYYXXYX,-5,2112
11,XXYXXYYXXYY,-5,2112
11,XXYXXYYXYXX,49,21120
11,XXYXXYYXYXY,61,7920
11,XXYXXYYXYYX,-97,31680
11,XXYXXYYXYYY,43,19008
11,XXYXXYYYXXX,-71,95040
11,XXYXXYYYXXY,-53,31680
11,XXYXXYYYXYX,-13,3168
11,XXYXXYYYXYY,-59,6336
11,XXYXXYYYYXX,7,1980
11,XXYXXYYYYXY,13,1188
11,XXYXXYYYYYX,-23,5940
11,XXYXXYYYYYY,1,15840
11,XXYXYXXXXXX,1,190080
11,XXYXYXXXXXY,-89,158400
11,XXYXYXXXXYX,53,38016
11,XXYXYXXXXYY,53,38016
11,XXYXYXXXYXX,-71,95040
11,XXYXYXXXYXY,-637,190080
11,XXYXYXXXYYX,353,190080
11,XXYXYXXXYYY,-71,95040
11,XXYXYXXYXXX,-19,47520
11,XXYXYXXYXXY,-1,3520
11,XXYXYXXYXYX,25,12672
11,XXYXYXXYXYY,29,6336
11,XXYXYXXYYXX,-61,21120
11,XXYXYXXYYXY,-163,31680
11,XXYXYXXYYYX,-1,1584
11,XXYXYXXYYYY,-241,190080
11,XXYXYXYXXXX,67,190080
11,XXYXYXYXXXY,-137,95040
11,XXYXYXYXXYX,257,63360
11,XXYXYXYXXYY,257,63360
11,XXYXYXYXYXX,-53,31680
11,XXYXYXYXYXY,-1741,126720
11,XXYXYXYXYYX,439,42240
11,XXYXYXYXYYY,1,190080
11,XXYXYXYYXXX,89,190080
11,XXYXYXYYXXY,349,126720
11,XXYXYXYYXYX,371,126720
11,XXYXYXYYXYY,631,63360
11,XXYXYXYYYXX,-271,63360
11,XXYXYXYYYXY,-2837,190080
11,XXYXYXYYYYX,1211,190080
11,XXYXYXYYYYY,1,15840
11,XXYXYYXXXXX,-1,158400
11,XXYXYYXXXXY,83,95040
11,XXYXYYXXXYX,-439,190080
11,XXYXYYXXXYY,-439,190080
11,XXYXYYXXYXX,49,21120
11,XXYXYYXXYXY,263,42240
11,XXYXYYXXYYX,-67,42240
11,XXYXYYXXYYY,103,63360
11,XXYXYYXYXXX,-241,190080
11,XXYXYYXYXXY,-421,126720
11,XXYXYYXYXYX,43,42240
11,XXYXYYXYXYY,-17,21120
11,XXYXYYXYYXX,-19,12672
11,XXYXYYXYYXY,-73,63360
11,XXYXYYXYYYX,-13,7040
11,XXYXYYXYYYY,-137,95040
11,XXYXYYYXXXX,67,190080
11,XXYXYYYXXXY,193,95040
11,XXYXYYYXXYX,-119,31680
11,XXYXYYYXXYY,-119,31680
11,XXYXYYYXYXX,7,1980
11,XXYXYYYXYXY,5,792
11,XXYXYYYXYYX,1,1320
11,XXYXYYYXYYY,31,11880
11,XXYXYYYYXXX,-19,47520
11,XXYXYYYYXXY,23,190080
11,XXYXYYYYXYX,-137,95040
11,XXYXYYYYXYY,-137,95040
11,XXYXYYYYYXX,23,190080
11,XXYXYYYYYXY,1,15840
11,XXYXYYYYYYX,17,95040
11,XXYXYYYYYYY,1,33264
11,XXYYXXXXXXX,-1,332640
11,XXYYXXXXXXY,71,950400
11,XXYYXXXXXYX,-1,3520
11,XXYYXXXXXYY,-1,3520
11,XXYYXXXXYXX,67,190080
11,XXYYXXXXYXY,67,190080
11,XXYYXXXXYYX,67,190080
11,XXYYXXXXYYY,67,190080
11,XXYYXXXYXXX,-1,5940
11,XXYYXXXYXXY,1,594
11,XXYYXXXYXYX,-23,5940
11,XXYYXXXYXYY,-23,5940
11,XXYYXXXYYXX,1,594
11,XXYYXXXYYXY,43,5940
11,XXYYXXXYYYX,-23,5940
11,XXYYXXXYYYY,-1,5940
11,XXYYXXYXXXX,1,190080
11,XXYYXXYXXXY,-101,38016
11,XXYYXXYXXYX,23,4224
11,XXYYXXYXXYY,23,4224
11,XXYYXXYXYXX,-61,21120
11,XXYYXXYXYXY,-313,25344
11,XXYYXXYXYYX,833,126720
11,XXYYXXYXYYY,-13,38016
11,XXYYXXYYXXX,23,190080
11,XXYYXXYYXXY,-3,2816
11,XXYYXXYYXYX,547,126720
11,XXYYXXYYXYY,389,63360
11,XXYYXXYYYXX,-61,21120
11,XXYYXXYYYXY,-1913,190080
11,XXYYXXYYYYX,163,38016
11,XXYYXXYYYYY,-7,63360
11,XXYYXYXXXXX,-1,158400
11,XXYYXYXXXXY,91,47520
11,XXYYXYXXXYX,-901,190080
11,XXYYXYXXXYY,-901,190080
11,XXYYXYXXYXX,71,21120
11,XXYYXYXXYXY,139,14080
11,XXYYXYXXYYX,-133,42240
11,XXYYXYXXYYY,169,63360
11,XXYYXYXYXXX,-43,190080
11,XXYYXYXYXXY,811,126720
11,XXYYXYXYXYX,-2269,126720
11,XXYYXYXYXYY,-283,12672
11,XXYYXYXYYXX,343,31680
11,XXYYXYXYYXY,731,21120
11,XXYYXYXYYYX,-821,63360
11,XXYYXYXYYYY,127,95040
11,XXYYXYYXXXX,-13,38016
11,XXYYXYYXXXY,-571,190080
11,XXYYXYYXXYX,67,15840
11,XXYYXYYXXYY,67,15840
11,XXYYXYYXYXX,-19,12672
11,XXYYXYYXYXY,-23,3520
11,XXYYXYYXYYX,7,1980
11,XXYYXYYXYYY,91,47520
11,XXYYXYYYXXX,-13,11880
11,XXYYXYYYXXY,-41,47520
11,XXYYXYYYXYX,-643,95040
11,XXYYXYYYXYY,-569,47520
11,XXYYXYYYYXX,413,95040
11,XXYYXYYYYXY,641,47520
11,XXYYXYYYYYX,-19,3960
11,XXYYXYYYYYY,-1,19008
11,XXYYYXXXXXX,1,190080
11,XXYYYXXXXXY,-89,158400
11,XXYYYXXXXYX,53,38016
11,XXYYYXXXXYY,53,38016
11,XXYYYXXXYXX,-71,95040
11,XXYYYXXXYXY,-637,190080
11,XXYYYXXXYYX,353,190080
11,XXYYYXXXYYY,-71,95040
11,XXYYYXXYXXX,-19,47520
11,XXYYYXXYXXY,-1,3520
11,XXYYYXXYXYX,25,12672
11,XXYYYXXYXYY,29,6336
11,XXYYYXXYYXX,-61,21120
11,XXYYYXXYYXY,-163,31680
11,XXYYYXXYYYX,-1,1584
11,XXYYYXXYYYY,-241,190080
11,XXYYYXYXXXX,67,190080
11,XXYYYXYXXXY,-439,190080
11,XXYYYXYXXYX,211,31680
11,XXYYYXYXXYY,211,31680
11,XXYYYXYXYXX,-271,63360
11,XXYYYXYXYXY,-559,31680
11,XXYYYXYXYYX,1,110
11,XXYYYXYXYYY,-247,95040
11,XXYYYXYYXXX,127,95040
11,XXYYYXYYXXY,23,15840
11,XXYYYXYYXYX,299,31680
11,XXYYYXYYXYY,563,31680
11,XXYYYXYYYXX,-109,15840
11,XXYYYXYYYXY,-2161,95040
11,XXYYYXYYYYX,853,95040
11,XXYYYXYYYYY,1,15840
11,XXYYYYXXXXX,-1,158400
11,XXYYYYXXXXY,287,190080
11,XXYYYYXXXYX,-379,95040
11,XXYYYYXXXYY,-379,95040
11,XXYYYYXXYXX,7,1980
11,XXYYYYXXYXY,277,31680
11,XXYYYYXXYYX,-53,31680
11,XXYYYYXXYYY,1,352
11,XXYYYYXYXXX,-23,19008
11,XXYYYYXYXXY,29,23760
11,XXYYYYXYXYX,-437,47520
11,XXYYYYXYXYY,-1171,95040
11,XXYYYYXYYXX,413,95040
11,XXYYYYXYYXY,1601,95040
11,XXYYYYXYYYX,-155,19008
11,XXYYYYXYYYY,-49,95040
11,XXYYYYYXXXX,23,190080
11,XXYYYYYXXXY,-17,21120
11,XXYYYYYXXYX,287,190080
11,XXYYYYYXXYY,287,190080
11,XXYYYYYXYXX,23,190080
11,XXYYYYYXYXY,-769,190080
11,XXYYYYYXYYX,163,38016
11,XXYYYYYXYYY,287,190080
11,XXYYYYYYXXX,-13,38016
11,XXYYYYYYXXY,13,31680
11,XXYYYYYYXYX,-13,7040
11,XXYYYYYYXYY,-13,7040
11,XXYYYYYYYXX,13,31680
11,XXYYYYYYYXY,199,190080
11,XXYYYYYYYYX,-43,190080
11,XXYYYYYYYYY,1,887040
11,XYXXXXXXXXX,-1,3991680
11,XYXXXXXXXXY,-127,4435200
11,XYXXXXXXXYX,43,332640
11,XYXXXXXXXYY,43,332640
11,XYXXXXXXYXX,-43,190080
11,XYXXXXXXYXY,-43,190080
11,XYXXXXXXYYX,-43,190080
11,XYXXXXXXYYY,-43,190080
11,XYXXXXXYXXX,17,95040
11,XYXXXXXYXXY,-1,3520
11,XYXXXXXYXYX,7,6336
11,XYXXXXXYXYY,7,6336
11,XYXXXXXYYXX,-1,3520
11,XYXXXXXYYXY,-53,31680
11,XYXXXXXYYYX,7,6336
11,XYXXXXXYYYY,17,95040
11,XYXXXXYXXXX,-1,19008
11,XYXXXXYXXXY,199,190080
11,XYXXXXYXXYX,-461,190080
11,XYXXXXYXXYY,-461,190080
11,XYXXXXYXYXX,53,38016
11,XYXXXXYXYXY,8,1485
11,XYXXXXYXYYX,-247,95040
11,XYXXXXYXYYY,89,190080
11,XYXXXXYYXXX,-43,190080
11,XYXXXXYYXXY,17,95040
11,XYXXXXYYXYX,-107,47520
11,XYXXXXYYXYY,-659,190080
11,XYXXXXYYYXX,53,38016
11,XYXXXXYYYXY,991,190080
11,XYXXXXYYYYX,-461,190080
11,XYXXXXYYYYY,-1,19008
11,XYXXXYXXXXX,-1,158400
11,XYXXXYXXXXY,-19,12672
11,XYXXXYXXXYX,19,4752
11,XYXXXYXXXYY,19,4752
11,XYXXXYXXYXX,-67,19008
11,XYXXXYXXYXY,-83,9504
11,XYXXXYXXYYX,1,594
11,XYXXXYXXYYY,-97,31680
11,XYXXXYXYXXX,47,47520
11,XYXXXYXYXXY,-35,38016
11,XYXXXYXYXYX,41,4752
11,XYXXXYXYXYY,1183,95040
11,XYXXXYXYYXX,-901,190080
11,XYXXXYXYYXY,-149,9504
11,XYXXXYXYYYX,589,95040
11,XYXXXYXYYYY,-1,19008
11,XYXXXYYXXXX,1,190080
11,XYXXXYYXXXY,-13,38016
11,XYXXXYYXXYX,1,594
11,XYXXXYYXXYY,1,594
11,XYXXXYYXYXX,-439,190080
11,XYXXXYYXYXY,-533,95040
11,XYXXXYYXYYX,47,47520
11,XYXXXYYXYYY,-7,2376
11,XYXXXYYYXXX,47,47520
11,XYXXXYYYXXY,29,23760
11,XYXXXYYYXYX,109,19008
11,XYXXXYYYXYY,13,1188
11,XYXXXYYYYXX,-379,95040
11,XYXXXYYYYXY,-29,2376
11,XYXXXYYYYYX,67,15840
11,XYXXXYYYYYY,-1,19008
11,XYXXYXXXXXX,1,190080
11,XYXXYXXXXXY,131,158400
11,XYXXYXXXXYX,-461,190080
11,XYXXYXXXXYY,-461,190080
11,XYXXYXXXYXX,113,47520
11,XYXXYXXXYXY,947,190080
11,XYXXYXXXYYX,-43,190080
11,XYXXYXXXYYY,113,47520
11,XYXXYXXYXXX,-71,95040
11,XYXXYXXYXXY,1,352
11,XYXXYXXYXYX,-667,63360
11,XYXXYXXYXYY,-13,990
11,XYXXYXXYYXX,23,4224
11,XYXXYXXYYXY,149,7920
11,XYXXYXXYYYX,-251,31680
11,XYXXYXXYYYY,23,190080
11,XYXXYXYXXXX,1,190080
11,XYXXYXYXXXY,-35,38016
11,XYXXYXYXXYX,-1,1584
11,XYXXYXYXXYY,-1,1584
11,XYXXYXYXYXX,257,63360
11,XYXXYXYXYXY,47,12672
11,XYXXYXYXYYX,31,7040
11,XYXXYXYXYYY,71,9504
11,XYXXYXYYXXX,-59,23760
11,XYXXYXYYXXY,-41,12672
11,XYXXYXYYXYX,-689,63360
11,XYXXYXYYXYY,-329,15840
11,XYXXYXYYYXX,211,31680
11,XYXXYXYYYXY,883,47520
11,XYXXYXYYYYX,-25,4752
11,XYXXYXYYYYY,1,15840
11,XYXXYYXXXXX,-1,158400
11,XYXXYYXXXXY,-13,38016
11,XYXXYYXXXYX,1,594
11,XYXXYYXXXYY,1,594
11,XYXXYYXXYXX,-5,2112
11,XYXXYYXXYXY,-7,1408
11,XYXXYYXXYYX,1,4224
11,XYXXYYXXYYY,-97,31680
11,XYXXYYXYXXX,47,47520
11,XYXXYYXYXXY,113,12672
11,XYXXYYXYXYX,-43,4224
11,XYXXYYXYXYY,-29,5280
11,XYXXYYXYYXX,67,15840
11,XYXXYYXYYXY,2,99
11,XYXXYYXYYYX,-31,2640
11,XYXXYYXYYYY,-1,19008
11,XYXXYYYXXXX,1,190080
11,XYXXYYYXXXY,-25,4752
11,XYXXYYYXXYX,31,3168
11,XYXXYYYXXYY,31,3168
11,XYXXYYYXYXX,-119,31680
11,XYXXYYYXYXY,-691,31680
11,XYXXYYYXYYX,151,10560
11,XYXXYYYXYYY,43,19008
11,XYXXYYYYXXX,-71,95040
11,XYXXYYYYXXY,287,190080
11,XYXXYYYYXYX,-25,4752
11,XYXXYYYYXYY,-25,4752
11,XYXXYYYYYXX,287,190080
11,XYXXYYYYYXY,67,15840
11,XYXXYYYYYYX,-23,19008
11,XYXXYYYYYYY,-13,665280
11,XYXYXXXXXXX,-1,332640
11,XYXYXXXXXXY,-259,950400
11,XYXYXXXXXYX,7,6336
11,XYXYXXXXXYY,7,6336
11,XYXYXXXXYXX,-329,190080
11,XYXYXXXXYXY,-329,190080
11,XYXYXXXXYYX,-329,190080
11,XYXYXXXXYYY,-329,190080
11,XYXYXXXYXXX,29,23760
11,XYXYXXXYXXY,-23,5940
11,XYXYXXXYXYX,271,23760
11,XYXYXXXYXYY,271,23760
11,XYXYXXXYYXX,-23,5940
11,XYXYXXXYYXY,-91,4752
11,XYXYXXXYYYX,271,23760
11,XYXYXXXYYYY,29,23760
11,XYXYXXYXXXX,-13,38016
11,XYXYXXYXXXY,1079,190080
11,XYXYXXYXXYX,-667,63360
11,XYXYXXYXXYY,-667,63360
11,XYXYXXYXYXX,25,12672
11,XYXYXXYXYXY,397,15840
11,XYXYXXYXYYX,-223,10560
11,XYXYXXYXYYY,-1121,190080
11,XYXYXXYYXXX,287,190080
11,XYXYXXYYXXY,79,31680
11,XYXYXXYYXYX,1,15840
11,XYXYXXYYXYY,37,63360
11,XYXYXXYYYXX,25,12672
11,XYXYXXYYYXY,2311,190080
11,XYXYXXYYYYX,-1561,190080
11,XYXYXXYYYYY,-7,63360
11,XYXYXYXXXXX,-1,158400
11,XYXYXYXXXXY,-145,38016
11,XYXYXYXXXYX,41,4752
11,XYXYXYXXXYY,41,4752
11,XYXYXYXXYXX,-37,6336
11,XYXYXYXXYXY,-239,12672
11,XYXYXYXXYYX,91,12672
11,XYXYXYXXYYY,-97,31680
11,XYXYXYXYXXX,47,47520
11,XYXYXYXYXXY,-335,25344
11,XYXYXYXYXYX,3,88
11,XYXYXYXYXYY,273,7040
11,XYXYXYXYYXX,-2269,126720
11,XYXYXYXYYXY,-433,6336
11,XYXYXYXYYYX,229,7040
11,XYXYXYXYYYY,-1,19008
11,XYXYXYYXXXX,1,190080
11,XYXYXYYXXXY,491,76032
11,XYXYXYYXXYX,-43,4224
11,XYXYXYYXXYY,-43,4224
11,XYXYXYYXYXX,43,42240
11,XYXYXYYXYXY,287,15840
11,XYXYXYYXYYX,-1019,63360
11,XYXYXYYXYYY,-155,19008
11,XYXYXYYYXXX,259,95040
11,XYXYXYYYXXY,29,23760
11,XYXYXYYYXYX,307,19008
11,XYXYXYYYXYY,505,19008
11,XYXYXYYYYXX,-437,47520
11,XYXYXYYYYXY,-529,19008
11,XYXYXYYYYYX,299,31680
11,XYXYXYYYYYY,-1,19008
11,XYXYYXXXXXX,1,190080
11,XYXYYXXXXXY,317,316800
11,XYXYYXXXXYX,-107,47520
11,XYXYYXXXXYY,-107,47520
11,XYXYYXXXYXX,31,38016
11,XYXYYXXXYXY,229,38016
11,XYXYYXXXYYX,-167,38016
11,XYXYYXXXYYY,31,38016
11,XYXYYXXYXXX,221,190080
11,XYXYYXXYXXY,-113,126720
11,XYXYYXXYXYX,1,15840
11,XYXYYXXYXYY,-163,31680
11,XYXYYXXYYXX,547,126720
11,XYXYYXXYYXY,71,21120
11,XYXYYXXYYYX,167,31680
11,XYXYYXXYYYY,551,190080
11,XYXYYXYXXXX,-131,190080
11,XYXYYXYXXXY,1861,380160
11,XYXYYXYXXYX,-689,63360
11,XYXYYXYXXYY,-689,63360
11,XYXYYXYXYXX,371,126720
11,XYXYYXYXYXY,371,10560
11,XYXYYXYXYYX,-371,12672
11,XYXYYXYXYYY,-173,47520
11,XYXYYXYYXXX,7,23760
11,XYXYYXYYXXY,-97,31680
11,XYXYYXYYXYX,-29,5280
11,XYXYYXYYXYY,-19,1056
11,XYXYYXYYYXX,299,31680
11,XYXYYXYYYXY,335,9504
11,XYXYYXYYYYX,-389,23760
11,XYXYYXYYYYY,1,15840
11,XYXYYYXXXXX,-1,158400
11,XYXYYYXXXXY,-101,38016
11,XYXYYYXXXYX,109,19008
11,XYXYYYXXXYY,109,19008
11,XYXYYYXXYXX,-13,3168
11,XYXYYYXXYXY,-23,1584
11,XYXYYYXXYYX,5,792
11,XYXYYYXXYYY,-7,5280
11,XYXYYYXYXXX,149,95040
11,XYXYYYXYXXY,-89,19008
11,XYXYYYXYXYX,307,19008
11,XYXYYYXYXYY,1733,95040
11,XYXYYYXYYXX,-643,95040
11,XYXYYYXYYXY,-683,19008
11,XYXYYYXYYYX,2129,95040
11,XYXYYYXYYYY,43,19008
11,XYXYYYYXXXX,-109,190080
11,XYXYYYYXXXY,1,352
11,XYXYYYYXXYX,-25,4752
11,XYXYYYYXXYY,-25,4752
11,XYXYYYYXYXX,-137,95040
11,XYXYYYYXYXY,1447,95040
11,XYXYYYYXYYX,-1721,95040
11,XYXYYYYXYYY,-133,19008
11,XYXYYYYYXXX,149,95040
11,XYXYYYYYXXY,-13,7040
11,XYXYYYYYXYX,133,15840
11,XYXYYYYYXYY,133,15840
11,XYXYYYYYYXX,-13,7040
11,XYXYYYYYYXY,-89,19008
11,XYXYYYYYYYX,47,47520
11,XYXYYYYYYYY,-1,88704
11,XYYXXXXXXXX,1,887040
11,XYYXXXXXXXY,83,1663200
11,XYYXXXXXXYX,-43,190080
11,XYYXXXXXXYY,-43,190080
11,XYYXXXXXYXX,13,31680
11,XYYXXXXXYXY,13,31680
11,XYYXXXXXYYX,13,31680
11,XYYXXXXXYYY,13,31680
11,XYYXXXXYXXX,-13,38016
11,XYYXXXXYXXY,67,190080
11,XYYXXXXYXYX,-329,190080
11,XYYXXXXYXYY,-329,190080
11,XYYXXXXYYXX,67,190080
11,XYYXXXXYYXY,463,190080
11,XYYXXXXYYYX,-329,190080
11,XYYXXXXYYYY,-13,38016
11,XYYXXXYXXXX,23,190080
11,XYYXXXYXXXY,-43,190080
11,XYYXXXYXXYX,-43,190080
11,XYYXXXYXXYY,-43,190080
11,XYYXXXYXYXX,353,190080
11,XYYXXXYXYXY,-43,190080
11,XYYXXXYXYYX,749,190080
11,XYYXXXYXYYY,617,190080
11,XYYXXXYYXXX,-35,38016
11,XYYXXXYYXXY,-43,190080
11,XYYXXXYYXYX,-167,38016
11,XYYXXXYYXYY,-1231,190080
11,XYYXXXYYYXX,353,190080
11,XYYXXXYYYXY,749,190080
11,XYYXXXYYYYX,-43,190080
11,XYYXXXYYYYY,23,190080
11,XYYXXYXXXXX,-1,158400
11,XYYXXYXXXXY,-13,38016
11,XYYXXYXXXYX,1,594
11,XYYXXYXXXYY,1,594
11,XYYXXYXXYXX,-5,2112
11,XYYXXYXXYXY,-5,2112
11,XYYXXYXXYYX,-5,2112
11,XYYXXYXXYYY,-97,31680
11,XYYXXYXYXXX,47,47520
11,XYYXXYXYXXY,-3,2816
11,XYYXXYXYXYX,91,12672
11,XYYXXYXYXYY,587,63360
11,XYYXXYXYYXX,-133,42240
11,XYYXXYXYYXY,-59,6336
11,XYYXXYXYYYX,191,63360
11,XYYXXYXYYYY,-1,19008
11,XYYXXYYXXXX,1,190080
11,XYYXXYYXXXY,29,76032
11,XYYXXYYXXYX,1,4224
11,XYYXXYYXXYY,1,4224
11,XYYXXYYXYXX,-67,42240
11,XYYXXYYXYXY,79,31680
11,XYYXXYYXYYX,-359,63360
11,XYYXXYYXYYY,-7,2376
11,XYYXXYYYXXX,47,47520
11,XYYXXYYYXXY,-53,31680
11,XYYXXYYYXYX,5,792
11,XYYXXYYYXYY,5,792
11,XYYXXYYYYXX,-53,31680
11,XYYXXYYYYXY,-89,19008
11,XYYXXYYYYYX,127,95040
11,XYYXXYYYYYY,1,15840
11,XYYXYXXXXXX,1,190080
11,XYYXYXXXXXY,23,35200
11,XYYXYXXXXYX,-247,95040
11,XYYXYXXXXYY,-247,95040
11,XYYXYXXXYXX,749,190080
11,XYYXYXXXYXY,749,190080
11,XYYXYXXXYYX,749,190080
11,XYYXYXXXYYY,749,190080
11,XYYXYXXYXXX,-101,38016
11,XYYXYXXYXXY,833,126720
11,XYYXYXXYXYX,-223,10560
11,XYYXYXXYXYY,-223,10560
11,XYYXYXXYYXX,833,126720
11,XYYXYXXYYXY,2171,63360
11,XYYXYXXYYYX,-223,10560
11,XYYXYXXYYYY,-101,38016
11,XYYXYXYXXXX,133,190080
11,XYYXYXYXXXY,-1901,380160
11,XYYXYXYXXYX,31,7040
11,XYYXYXYXXYY,31,7040
11,XYYXYXYXYXX,439,42240
11,XYYXYXYXYXY,-1261,63360
11,XYYXYXYXYYX,1289,31680
11,XYYXYXYXYYY,2261,95040
11,XYYXYXYYXXX,-133,19008
11,XYYXYXYYXXY,-17,21120
11,XYYXYXYYXYX,-371,12672
11,XYYXYXYYXYY,-1241,31680
11,XYYXYXYYYXX,1,110
11,XYYXYXYYYXY,1667,95040
11,XYYXYXYYYYX,61,95040
11,XYYXYXYYYYY,1,15840
11,XYYXYYXXXXX,-1,158400
11,XYYXYYXXXXY,133,190080
11,XYYXYYXXXYX,47,47520
11,XYYXYYXXXYY,47,47520
11,XYYXYYXXYXX,-97,31680
11,XYYXYYXXYXY,-29,63360
11,XYYXYYXXYYX,-359,63360
11,XYYXYYXXYYY,-229,31680
11,XYYXYYXYXXX,7,23760
11,XYYXYYXYXXY,851,63360
11,XYYXYYXYXYX,-1019,63360
11,XYYXYYXYXYY,-49,7920
11,XYYXYYXYYXX,7,1980
11,XYYXYYXYYXY,71,1760
11,XYYXYYXYYYX,-527,15840
11,XYYXYYXYYYY,-401,95040
11,XYYXYYYXXXX,199,190080
11,XYYXYYYXXXY,-731,95040
11,XYYXYYYXXYX,151,10560
11,XYYXYYYXXYY,151,10560
11,XYYXYYYXYXX,1,1320
11,XYYXYYYXYXY,-151,3960
11,XYYXYYYXYYX,157,3960
11,XYYXYYYXYYY,163,11880
11,XYYXYYYYXXX,-151,47520
11,XYYXYYYYXXY,163,38016
11,XYYXYYYYXYX,-1721,95040
11,XYYXYYYYXYY,-1721,95040
11,XYYXYYYYYXX,163,38016
11,XYYXYYYYYXY,59,5280
11,XYYXYYYYYYX,-247,95040
11,XYYXYYYYYYY,1,33264
11,XYYYXXXXXXX,-1,332640
11,XYYYXXXXXXY,-259,950400
11,XYYYXXXXXYX,7,6336
11,XYYYXXXXXYY,7,6336
11,XYYYXXXXYXX,-329,190080
11,XYYYXXXXYXY,-329,190080
11,XYYYXXXXYYX,-329,190080
11,XYYYXXXXYYY,-329,190080
11,XYYYXXXYXXX,29,23760
11,XYYYXXXYXXY,-23,5940
11,XYYYXXXYXYX,271,23760
11,XYYYXXXYXYY,271,23760
11,XYYYXXXYYXX,-23,5940
11,XYYYXXXYYXY,-91,4752
11,XYYYXXXYYYX,271,23760
11,XYYYXXXYYYY,29,23760
11,XYYYXXYXXXX,-13,38016
11,XYYYXXYXXXY,457,95040
11,XYYYXXYXXYX,-251,31680
11,XYYYXXYXXYY,-251,31680
11,XYYYXXYXYXX,-1,1584
11,XYYYXXYXYXY,629,31680
11,XYYYXXYXYYX,-223,10560
11,XYYYXXYXYYY,-101,11880
11,XYYYXXYYXXX,113,47520
11,XYYYXXYYXXY,79,31680
11,XYYYXXYYXYX,167,31680
11,XYYYXXYYXYY,133,15840
11,XYYYXXYYYXX,-1,1584
11,XYYYXXYYYXY,413,95040
11,XYYYXXYYYYX,-533,95040
11,XYYYXXYYYYY,-7,63360
11,XYYYXYXXXXX,-1,158400
11,XYYYXYXXXXY,-527,190080
11,XYYYXYXXXYX,589,95040
11,XYYYXYXXXYY,589,95040
11,XYYYXYXXYXX,-19,3960
11,XYYYXYXXYXY,-799,63360
11,XYYYXYXXYYX,191,63360
11,XYYYXYXXYYY,-1,495
11,XYYYXYXYXXX,193,95040
11,XYYYXYXYXXY,-427,31680
11,XYYYXYXYXYX,229,7040
11,XYYYXYXYXYY,169,5280
11,XYYYXYXYYXX,-821,63360
11,XYYYXYXYYXY,-1967,31680
11,XYYYXYXYYYX,191,5280
11,XYYYXYXYYYY,259,95040
11,XYYYXYYXXXX,-131,190080
11,XYYYXYYXXXY,1343,190080
11,XYYYXYYXXYX,-31,2640
11,XYYYXYYXXYY,-31,2640
11,XYYYXYYXYXX,-13,7040
11,XYYYXYYXYXY,937,31680
11,XYYYXYYXYYX,-527,15840
11,XYYYXYYXYYY,-167,11880
11,XYYYXYYYXXX,179,47520
11,XYYYXYYYXXY,-7,2376
11,XYYYXYYYXYX,2129,95040
11,XYYYXYYYXYY,41,1485
11,XYYYXYYYYXX,-155,19008
11,XYYYXYYYYXY,-277,11880
11,XYYYXYYYYYX,37,5280
11,XYYYXYYYYYY,-1,19008
11,XYYYYXXXXXX,1,190080
11,XYYYYXXXXXY,131,158400
11,XYYYYXXXXYX,-461,190080
11,XYYYYXXXXYY,-461,190080
11,XYYYYXXXYXX,113,47520
11,XYYYYXXXYXY,947,190080
11,XYYYYXXXYYX,-43,190080
11,XYYYYXXXYYY,113,47520
11,XYYYYXXYXXX,-71,95040
11,XYYYYXXYXXY,1,594
11,XYYYYXXYXYX,-1561,190080
11,XYYYYXXYXYY,-257,23760
11,XYYYYXXYYXX,163,38016
11,XYYYYXXYYXY,337,23760
11,XYYYYXXYYYX,-533,95040
11,XYYYYXXYYYY,23,190080
11,XYYYYXYXXXX,1,190080
11,XYYYYXYXXXY,53,38016
11,XYYYYXYXXYX,-25,4752
11,XYYYYXYXXYY,-25,4752
11,XYYYYXYXYXX,1211,190080
11,XYYYYXYXYXY,115,9504
11,XYYYYXYXYYX,61,95040
11,XYYYYXYXYYY,71,9504
11,XYYYYXYYXXX,-59,23760
11,XYYYYXYYXXY,-1,19008
11,XYYYYXYYXYX,-389,23760
11,XYYYYXYYXYY,-1207,47520
11,XYYYYXYYYXX,853,95040
11,XYYYYXYYYXY,49,1760
11,XYYYYXYYYYX,-47,4752
11,XYYYYXYYYYY,1,15840
11,XYYYYYXXXXX,-1,158400
11,XYYYYYXXXXY,-37,23760
11,XYYYYYXXXYX,67,15840
11,XYYYYYXXXYY,67,15840
11,XYYYYYXXYXX,-23,5940
11,XYYYYYXXYXY,-863,95040
11,XYYYYYXXYYX,127,95040
11,XYYYYYXXYYY,-3,880
11,XYYYYYXYXXX,29,23760
11,XYYYYYXYXXY,-31,31680
11,XYYYYYXYXYX,299,31680
11,XYYYYYXYXYY,7,528
11,XYYYYYXYYXX,-19,3960
11,XYYYYYXYYXY,-263,15840
11,XYYYYYXYYYX,37,5280
11,XYYYYYXYYYY,17,95040
11,XYYYYYYXXXX,-1,19008
11,XYYYYYYXXXY,61,95040
11,XYYYYYYXXYX,-23,19008
11,XYYYYYYXXYY,-23,19008
11,XYYYYYYXYXX,17,95040
11,XYYYYYYXYXY,281,95040
11,XYYYYYYXYYX,-247,95040
11,XYYYYYYXYYY,-71,95040
11,XYYYYYYYXXX,17,95040
11,XYYYYYYYXXY,-43,190080
11,XYYYYYYYXYX,47,47520
11,XYYYYYYYXYY,47,47520
11,XYYYYYYYYXX,-43,190080
11,XYYYYYYYYXY,-43,73920
11,XYYYYYYYYYX,43,332640
11,XYYYYYYYYYY,-1,3991680
11,YXXXXXXXXXX,1,39916800
11,YXXXXXXXXXY,127,19958400
11,YXXXXXXXXYX,-127,4435200
11,YXXXXXXXXYY,-127,4435200
11,YXXXXXXXYXX,83,1663200
11,YXXXXXXXYXY,83,1663200
11,YXXXXXXXYYX,83,1663200
11,YXXXXXXXYYY,83,1663200
11,YXXXXXXYXXX,-13,316800
11,YXXXXXXYXXY,71,950400
11,YXXXXXXYXYX,-259,950400
11,YXXXXXXYXYY,-259,950400
11,YXXXXXXYYXX,71,950400
11,YXXXXXXYYXY,401,950400
11,YXXXXXXYYYX,-259,950400
11,YXXXXXXYYYY,-13,316800
11,YXXXXXYXXXX,1,59400
11,YXXXXXYXXXY,-157,475200
11,YXXXXXYXXYX,131,158400
11,YXXXXXYXXYY,131,158400
11,YXXXXXYXYXX,-89,158400
11,YXXXXXYXYXY,-563,316800
11,YXXXXXYXYYX,23,35200
11,YXXXXXYXYYY,-157,475200
11,YXXXXXYYXXX,7,52800
11,YXXXXXYYXXY,-13,316800
11,YXXXXXYYXYX,317,316800
11,YXXXXXYYXYY,241,158400
11,YXXXXXYYYXX,-89,158400
11,YXXXXXYYYXY,-103,52800
11,YXXXXXYYYYX,131,158400
11,YXXXXXYYYYY,1,59400
11,YXXXXYXXXXX,-1,158400
11,YXXXXYXXXXY,5,9504
11,YXXXXYXXXYX,-19,12672
11,YXXXXYXXXYY,-19,12672
11,YXXXXYXXYXX,53,38016
11,YXXXXYXXYXY,119,38016
11,YXXXXYXXYYX,-13,38016
11,YXXXXYXXYYY,9,7040
11,YXXXXYXYXXX,-29,63360
11,YXXXXYXYXXY,5,9504
11,YXXXXYXYXYX,-145,38016
11,YXXXXYXYXYY,-989,190080
11,YXXXXYXYYXX,91,47520
11,YXXXXYXYYXY,251,38016
11,YXXXXYXYYYX,-527,190080
11,YXXXXYXYYYY,-1,19008
11,YXXXXYYXXXX,1,190080
11,YXXXXYYXXXY,-1,19008
11,YXXXXYYXXYX,-13,38016
11,YXXXXYYXXYY,-13,38016
11,YXXXXYYXYXX,83,95040
11,YXXXXYYXYXY,199,190080
11,YXXXXYYXYYX,133,190080
11,YXXXXYYXYYY,53,38016
11,YXXXXYYYXXX,-29,63360
11,YXXXXYYYXXY,-43,190080
11,YXXXXYYYXYX,-101,38016
11,YXXXXYYYXYY,-167,38016
11,YXXXXYYYYXX,287,190080
11,YXXXXYYYYXY,29,6336
11,YXXXXYYYYYX,-37,23760
11,YXXXXYYYYYY,1,190080
11,YXXXYXXXXXX,1,190080
11,YXXXYXXXXXY,-157,475200
11,YXXXYXXXXYX,199,190080
11,YXXXYXXXXYY,199,190080
11,YXXXYXXXYXX,-13,11880
11,YXXXYXXXYXY,-373,190080
11,YXXXYXXXYYX,-43,190080
11,YXXXYXXXYYY,-13,11880
11,YXXXYXXYXXX,13,31680
11,YXXXYXXYXXY,-17,9504
11,YXXXYXXYXYX,1079,190080
11,YXXXYXXYXYY,311,47520
11,YXXXYXXYYXX,-101,38016
11,YXXXYXXYYXY,-481,47520
11,YXXXYXXYYYX,457,95040
11,YXXXYXXYYYY,23,190080
11,YXXXYXYXXXX,1,190080
11,YXXXYXYXXXY,7,6336
11,YXXXYXYXXYX,-35,38016
11,YXXXYXYXXYY,-35,38016
11,YXXXYXYXYXX,-137,95040
11,YXXXYXYXYXY,161,76032
11,YXXXYXYXYYX,-1901,380160
11,YXXXYXYXYYY,-145,38016
11,YXXXYXYYXXX,9,7040
11,YXXXYXYYXXY,95,76032
11,YXXXYXYYXYX,1861,380160
11,YXXXYXYYXYY,1607,190080
11,YXXXYXYYYXX,-439,190080
11,YXXXYXYYYXY,-127,21120
11,YXXXYXYYYYX,53,38016
11,YXXXYXYYYYY,1,15840
11,YXXXYYXXXXX,-1,158400
11,YXXXYYXXXXY,-1,19008
11,YXXXYYXXXYX,-13,38016
11,YXXXYYXXXYY,-13,38016
11,YXXXYYXXYXX,31,38016
11,YXXXYYXXYXY,95,76032
11,YXXXYYXXYYX,29,76032
11,YXXXYYXXYYY,9,7040
11,YXXXYYXYXXX,-29,63360
11,YXXXYYXYXXY,-367,76032
11,YXXXYYXYXYX,491,76032
11,YXXXYYXYXYY,881,190080
11,YXXXYYXYYXX,-571,190080
11,YXXXYYXYYXY,-497,38016
11,YXXXYYXYYYX,1343,190080
11,YXXXYYXYYYY,-1,19008
11,YXXXYYYXXXX,1,190080
11,YXXXYYYXXXY,1,352
11,YXXXYYYXXYX,-25,4752
11,YXXXYYYXXYY,-25,4752
11,YXXXYYYXYXX,193,95040
11,YXXXYYYXYXY,1117,95040
11,YXXXYYYXYYX,-731,95040
11,YXXXYYYXYYY,-23,19008
11,YXXXYYYYXXX,13,31680
11,YXXXYYYYXXY,-17,21120
11,YXXXYYYYXYX,1,352
11,YXXXYYYYXYY,1,352
11,YXXXYYYYYXX,-17,21120
11,YXXXYYYYYXY,-107,47520
11,YXXXYYYYYYX,61,95040
11,YXXXYYYYYYY,1,73920
11,YXXYXXXXXXX,-1,332640
11,YXXYXXXXXXY,71,950400
11,YXXYXXXXXYX,-1,3520
11,YXXYXXXXXYY,-1,3520
11,YXXYXXXXYXX,67,190080
11,YXXYXXXXYXY,67,190080
11,YXXYXXXXYYX,67,190080
11,YXXYXXXXYYY,67,190080
11,YXXYXXXYXXX,-1,5940
11,YXXYXXXYXXY,1,594
11,YXXYXXXYXYX,-23,5940
11,YXXYXXXYXYY,-23,5940
11,YXXYXXXYYXX,1,594
11,YXXYXXXYYXY,43,5940
11,YXXYXXXYYYX,-23,5940
11,YXXYXXXYYYY,-1,5940
11,YXXYXXYXXXX,1,190080
11,YXXYXXYXXXY,-17,9504
11,YXXYXXYXXYX,1,352
11,YXXYXXYXXYY,1,352
11,YXXYXXYXYXX,-1,3520
11,YXXYXXYXYXY,-181,25344
11,YXXYXXYXYYX,833,126720
11,YXXYXXYXYYY,43,19008
11,YXXYXXYYXXX,-71,95040
11,YXXYXXYYXXY,-3,2816
11,YXXYXXYYXYX,-113,126720
11,YXXYXXYYXYY,-53,31680
11,YXXYXXYYYXX,-1,3520
11,YXXYXXYYYXY,-107,47520
11,YXXYXXYYYYX,1,594
11,YXXYXXYYYYY,-7,63360
11,YXXYXYXXXXX,-1,158400
11,YXXYXYXXXXY,5,9504
11,YXXYXYXXXYX,-35,38016
11,YXXYXYXXXYY,-35,38016
11,YXXYXYXXYXX,1,4224
11,YXXYXYXXYXY,13,8448
11,YXXYXYXXYYX,-3,2816
11,YXXYXYXXYYY,-29,63360
11,YXXYXYXYXXX,23,190080
11,YXXYXYXYXXY,91,12672
11,YXXYXYXYXYX,-335,25344
11,YXXYXYXYXYY,-197,15840
11,YXXYXYXYYXX,811,126720
11,YXXYXYXYYXY,37,1408
11,YXXYXYXYYYX,-427,31680
11,YXXYXYXYYYY,-1,19008
11,YXXYXYYXXXX,1,190080
11,YXXYXYYXXXY,-367,76032
11,YXXYXYYXXYX,113,12672
11,YXXYXYYXXYY,113,12672
11,YXXYXYYXYXX,-421,126720
11,YXXYXYYXYXY,-53,2640
11,YXXYXYYXYYX,851,63360
11,YXXYXYYXYYY,43,19008
11,YXXYXYYYXXX,-71,95040
11,YXXYXYYYXXY,29,23760
11,YXXYXYYYXYX,-89,19008
11,YXXYXYYYXYY,-89,19008
11,YXXYXYYYYXX,29,23760
11,YXXYXYYYYXY,65,19008
11,YXXYXYYYYYX,-31,31680
11,YXXYXYYYYYY,-1,19008
11,YXXYYXXXXXX,1,190080
11,YXXYYXXXXXY,-13,316800
11,YXXYYXXXXYX,17,95040
11,YXXYYXXXXYY,17,95040
11,YXXYYXXXYXX,-43,190080
11,YXXYYXXXYXY,-43,190080
11,YXXYYXXXYYX,-43,190080
11,YXXYYXXXYYY,-43,190080
11,YXXYYXXYXXX,23,190080
11,YXXYYXXYXXY,-3,2816
11,YXXYYXXYXYX,79,31680
11,YXXYYXXYXYY,79,31680
11,YXXYYXXYYXX,-3,2816
11,YXXYYXXYYXY,-293,63360
11,YXXYYXXYYYX,79,31680
11,YXXYYXXYYYY,23,190080
11,YXXYYXYXXXX,1,190080
11,YXXYYXYXXXY,95,76032
11,YXXYYXYXXYX,-41,12672
11,YXXYYXYXXYY,-41,12672
11,YXXYYXYXYXX,349,126720
11,YXXYYXYXYXY,5,792
11,YXXYYXYXYYX,-17,21120
11,YXXYYXYXYYY,43,19008
11,YXXYYXYYXXX,-71,95040
11,YXXYYXYYXXY,-1,1584
11,YXXYYXYYXYX,-97,31680
11,YXXYYXYYXYY,-163,31680
11,YXXYYXYYYXX,23,15840
11,YXXYYXYYYXY,281,95040
11,YXXYYXYYYYX,-1,19008
11,YXXYYXYYYYY,1,15840
11,YXXYYYXXXXX,-1,158400
11,YXXYYYXXXXY,-43,190080
11,YXXYYYXXXYX,29,23760
11,YXXYYYXXXYY,29,23760
11,YXXYYYXXYXX,-53,31680
11,YXXYYYXXYXY,-53,31680
11,YXXYYYXXYYX,-53,31680
11,YXXYYYXXYYY,-5,2112
11,YXXYYYXYXXX,5,9504
11,YXXYYYXYXXY,29,23760
11,YXXYYYXYXYX,29,23760
11,YXXYYYXYXYY,157,47520
11,YXXYYYXYYXX,-41,47520
11,YXXYYYXYYXY,29,23760
11,YXXYYYXYYYX,-7,2376
11,YXXYYYXYYYY,-49,95040
11,YXXYYYYXXXX,23,190080
11,YXXYYYYXXXY,-17,21120
11,YXXYYYYXXYX,287,190080
11,YXXYYYYXXYY,287,190080
11,YXXYYYYXYXX,23,190080
11,YXXYYYYXYXY,-769,190080
11,YXXYYYYXYYX,163,38016
11,YXXYYYYXYYY,287,190080
11,YXXYYYYYXXX,-13,38016
11,YXXYYYYYXXY,13,31680
11,YXXYYYYYXYX,-13,7040
11,YXXYYYYYXYY,-13,7040
11,YXXYYYYYYXX,13,31680
11,YXXYYYYYYXY,199,190080
11,YXXYYYYYYYX,-43,190080
11,YXXYYYYYYYY,1,887040
11,YXYXXXXXXXX,1,887040
11,YXYXXXXXXXY,83,1663200
11,YXYXXXXXXYX,-43,190080
11,YXYXXXXXXYY,-43,190080
11,YXYXXXXXYXX,13,31680
11,YXYXXXXXYXY,13,31680
11,YXYXXXXXYYX,13,31680
11,YXYXXXXXYYY,13,31680
11,YXYXXXXYXXX,-13,38016
11,YXYXXXXYXXY,67,190080
11,YXYXXXXYXYX,-329,190080
11,YXYXXXXYXYY,-329,190080
11,YXYXXXXYYXX,67,190080
11,YXYXXXXYYXY,463,190080
11,YXYXXXXYYYX,-329,190080
11,YXYXXXXYYYY,-13,38016
11,YXYXXXYXXXX,23,190080
11,YXYXXXYXXXY,-373,190080
11,YXYXXXYXXYX,947,190080
11,YXYXXXYXXYY,947,190080
11,YXYXXXYXYXX,-637,190080
11,YXYXXXYXYXY,-2023,190080
11,YXYXXXYXYYX,749,190080
11,YXYXXXYXYYY,-373,190080
11,YXYXXXYYXXX,31,38016
11,YXYXXXYYXXY,-43,190080
11,YXYXXXYYXYX,229,38016
11,YXYXXXYYXYY,1739,190080
11,YXYXXXYYYXX,-637,190080
11,YXYXXXYYYXY,-2221,190080
11,YXYXXXYYYYX,947,190080
11,YXYXXXYYYYY,23,190080
11,YXYXXYXXXXX,-1,158400
11,YXYXXYXXXXY,119,38016
11,YXYXXYXXXYX,-83,9504
11,YXYXXYXXXYY,-83,9504
11,YXYXXYXXYXX,17,2112
11,YXYXXYXXYXY,13,704
11,YXYXXYXXYYX,-5,2112
11,YXYXXYXXYYY,233,31680
11,YXYXXYXYXXX,-59,23760
11,YXYXXYXYXXY,13,8448
11,YXYXXYXYXYX,-239,12672
11,YXYXXYXYXYY,-1723,63360
11,YXYXXYXYYXX,139,14080
11,YXYXXYXYYXY,205,6336
11,YXYXXYXYYYX,-799,63360
11,YXYXXYXYYYY,-1,19008
11,YXYXXYYXXXX,1,190080
11,YXYXXYYXXXY,95,76032
11,YXYXXYYXXYX,-7,1408
11,YXYXXYYXXYY,-7,1408
11,YXYXXYYXYXX,263,42240
11,YXYXXYYXYXY,409,31680
11,YXYXXYYXYYX,-29,63360
11,YXYXXYYXYYY,71,9504
11,YXYXXYYYXXX,-59,23760
11,YXYXXYYYXXY,-53,31680
11,YXYXXYYYXYX,-23,1584
11,YXYXXYYYXYY,-79,3168
11,YXYXXYYYYXX,277,31680
11,YXYXXYYYYXY,505,19008
11,YXYXXYYYYYX,-863,95040
11,YXYXXYYYYYY,1,15840
11,YXYXYXXXXXX,1,190080
11,YXYXYXXXXXY,-563,316800
11,YXYXYXXXXYX,8,1485
11,YXYXYXXXXYY,8,1485
11,YXYXYXXXYXX,-1033,190080
11,YXYXYXXXYXY,-2023,190080
11,YXYXYXXXYYX,-43,190080
11,YXYXYXXXYYY,-1033,190080
11,YXYXYXXYXXX,353,190080
11,YXYXYXXYXXY,-181,25344
11,YXYXYXXYXYX,397,15840
11,YXYXYXXYXYY,959,31680
11,YXYXYXXYYXX,-313,25344
11,YXYXYXXYYXY,-941,21120
11,YXYXYXXYYYX,629,31680
11,YXYXYXXYYYY,23,190080
11,YXYXYXYXXXX,1,190080
11,YXYXYXYXXXY,161,76032
11,YXYXYXYXXYX,47,12672
11,YXYXYXYXXYY,47,12672
11,YXYXYXYXYXX,-1741,126720
11,YXYXYXYXYXY,-1,132
11,YXYXYXYXYYX,-1261,63360
11,YXYXYXYXYYY,-113,4752
11,YXYXYXYYXXX,377,47520
11,YXYXYXYYXXY,5,792
11,YXYXYXYYXYX,371,10560
11,YXYXYXYYXYY,13,220
11,YXYXYXYYYXX,-559,31680
11,YXYXYXYYYXY,-563,11880
11,YXYXYXYYYYX,115,9504
11,YXYXYXYYYYY,1,15840
11,YXYXYYXXXXX,-1,158400
11,YXYXYYXXXXY,199,190080
11,YXYXYYXXXYX,-533,95040
11,YXYXYYXXXYY,-533,95040
11,YXYXYYXXYXX,61,7920
11,YXYXYYXXYXY,409,31680
11,YXYXYYXXYYX,79,31680
11,YXYXYYXXYYY,83,7920
11,YXYXYYXYXXX,-269,95040
11,YXYXYYXYXXY,-53,2640
11,YXYXYYXYXYX,287,15840
11,YXYXYYXYXYY,29,6336
11,YXYXYYXYYXX,-23,3520
11,YXYXYYXYYXY,-1351,31680
11,YXYXYYXYYYX,937,31680
11,YXYXYYXYYYY,127,95040
11,YXYXYYYXXXX,-13,38016
11,YXYXYYYXXXY,1117,95040
11,YXYXYYYXXYX,-691,31680
11,YXYXYYYXXYY,-691,31680
11,YXYXYYYXYXX,5,792
11,YXYXYYYXYXY,67,1320
11,YXYXYYYXYYX,-151,3960
11,YXYXYYYXYYY,-101,11880
11,YXYXYYYYXXX,113,47520
11,YXYXYYYYXXY,-769,190080
11,YXYXYYYYXYX,1447,95040
11,YXYXYYYYXYY,1447,95040
11,YXYXYYYYYXX,-769,190080
11,YXYXYYYYYXY,-35,3168
11,YXYXYYYYYYX,281,95040
11,YXYXYYYYYYY,1,33264
11,YXYYXXXXXXX,-1,332640
11,YXYYXXXXXXY,401,950400
11,YXYYXXXXXYX,-53,31680
11,YXYYXXXXXYY,-53,31680
11,YXYYXXXXYXX,463,190080
11,YXYYXXXXYXY,463,190080
11,YXYYXXXXYYX,463,190080
11,YXYYXXXXYYY,463,190080
11,YXYYXXXYXXX,-37,23760
11,YXYYXXXYXXY,43,5940
11,YXYYXXXYXYX,-91,4752
11,YXYYXXXYXYY,-91,4752
11,YXYYXXXYYXX,43,5940
11,YXYYXXXYYXY,799,23760
11,YXYYXXXYYYX,-91,4752
11,YXYYXXXYYYY,-37,23760
11,YXYYXXYXXXX,67,190080
11,YXYYXXYXXXY,-481,47520
11,YXYYXXYXXYX,149,7920
11,YXYYXXYXXYY,149,7920
11,YXYYXXYXYXX,-163,31680
11,YXYYXXYXYXY,-941,21120
11,YXYYXXYXYYX,2171,63360
11,YXYYXXYXYYY,743,95040
11,YXYYXXYYXXX,-203,95040
11,YXYYXXYYXXY,-293,63360
11,YXYYXXYYXYX,71,21120
11,YXYYXXYYXYY,41,10560
11,YXYYXXYYYXX,-163,31680
11,YXYYXXYYYXY,-1163,47520
11,YXYYXXYYYYX,337,23760
11,YXYYXXYYYYY,-7,63360
11,YXYYXYXXXXX,-1,158400
11,YXYYXYXXXXY,251,38016
11,YXYYXYXXXYX,-149,9504
11,YXYYXYXXXYY,-149,9504
11,YXYYXYXXYXX,73,6336
11,YXYYXYXXYXY,205,6336
11,YXYYXYXXYYX,-59,6336
11,YXYYXYXXYYY,233,31680
11,YXYYXYXYXXX,-59,23760
11,YXYYXYXYXXY,37,1408
11,YXYYXYXYXYX,-433,6336
11,YXYYXYXYXYY,-2429,31680
11,YXYYXYXYYXX,731,21120
11,YXYYXYXYYXY,13,99
11,YXYYXYXYYYX,-1967,31680
11,YXYYXYXYYYY,-1,19008
11,YXYYXYYXXXX,1,190080
11,YXYYXYYXXXY,-497,38016
11,YXYYXYYXXYX,2,99
11,YXYYXYYXXYY,2,99
11,YXYYXYYXYXX,-73,63360
11,YXYYXYYXYXY,-1351,31680
11,YXYYXYYXYYX,71,1760
11,YXYYXYYXYYY,85,4752
11,YXYYXYYYXXX,-283,47520
11,YXYYXYYYXXY,29,23760
11,YXYYXYYYXYX,-683,19008
11,YXYYXYYYXYY,-245,4752
11,YXYYXYYYYXX,1601,95040
11,YXYYXYYYYXY,239,4752
11,YXYYXYYYYYX,-263,15840
11,YXYYXYYYYYY,-1,19008
11,YXYYYXXXXXX,1,190080
11,YXYYYXXXXXY,-103,52800
11,YXYYYXXXXYX,991,190080
11,YXYYYXXXXYY,991,190080
11,YXYYYXXXYXX,-23,5940
11,YXYYYXXXYXY,-2221,190080
11,YXYYYXXXYYX,749,190080
11,YXYYYXXXYYY,-23,5940
11,YXYYYXXYXXX,-1,19008
11,YXYYYXXYXXY,-107,47520
11,YXYYYXXYXYX,2311,190080
11,YXYYYXXYXYY,949,47520
11,YXYYYXXYYXX,-1913,190080
11,YXYYYXXYYXY,-1163,47520
11,YXYYYXXYYYX,413,95040
11,YXYYYXXYYYY,-101,38016
11,YXYYYXYXXXX,133,190080
11,YXYYYXYXXXY,-127,21120
11,YXYYYXYXXYX,883,47520
11,YXYYYXYXXYY,883,47520
11,YXYYYXYXYXX,-2837,190080
11,YXYYYXYXYXY,-563,11880
11,YXYYYXYXYYX,1667,95040
11,YXYYYXYXYYY,-301,23760
11,YXYYYXYYXXX,49,9504
11,YXYYYXYYXXY,281,95040
11,YXYYYXYYXYX,335,9504
11,YXYYYXYYXYY,181,2970
11,YXYYYXYYYXX,-2161,95040
11,YXYYYXYYYXY,-871,11880
11,YXYYYXYYYYX,49,1760
11,YXYYYXYYYYY,1,15840
11,YXYYYYXXXXX,-1,158400
11,YXYYYYXXXXY,29,6336
11,YXYYYYXXXYX,-29,2376
11,YXYYYYXXXYY,-29,2376
11,YXYYYYXXYXX,13,1188
11,YXYYYYXXYXY,505,19008
11,YXYYYYXXYYX,-89,19008
11,YXYYYYXXYYY,1,110
11,YXYYYYXYXXX,-173,47520
11,YXYYYYXYXXY,65,19008
11,YXYYYYXYXYX,-529,19008
11,YXYYYYXYXYY,-1801,47520
11,YXYYYYXYYXX,641,47520
11,YXYYYYXYYXY,239,4752
11,YXYYYYXYYYX,-277,11880
11,YXYYYYXYYYY,-23,19008
11,YXYYYYYXXXX,7,23760
11,YXYYYYYXXXY,-107,47520
11,YXYYYYYXXYX,67,15840
11,YXYYYYYXXYY,67,15840
11,YXYYYYYXYXX,1,15840
11,YXYYYYYXYXY,-35,3168
11,YXYYYYYXYYX,59,5280
11,YXYYYYYXYYY,179,47520
11,YXYYYYYYXXX,-41,47520
11,YXYYYYYYXXY,199,190080
11,YXYYYYYYXYX,-89,19008
11,YXYYYYYYXYY,-89,19008
11,YXYYYYYYYXX,199,190080
11,YXYYYYYYYXY,89,33264
11,YXYYYYYYYYX,-43,73920
11,YXYYYYYYYYY,1,399168
11,YYXXXXXXXXX,-1,3991680
11,YYXXXXXXXXY,-127,4435200
11,YYXXXXXXXYX,43,332640
11,YYXXXXXXXYY,43,332640
11,YYXXXXXXYXX,-43,190080
11,YYXXXXXXYXY,-43,190080
11,YYXXXXXXYYX,-43,190080
11,YYXXXXXXYYY,-43,190080
11,YYXXXXXYXXX,17,95040
11,YYXXXXXYXXY,-1,3520
11,YYXXXXXYXYX,7,6336
11,YYXXXXXYXYY,7,6336
11,YYXXXXXYYXX,-1,3520
11,YYXXXXXYYXY,-53,31680
11,YYXXXXXYYYX,7,6336
11,YYXXXXXYYYY,17,95040
11,YYXXXXYXXXX,-1,19008
11,YYXXXXYXXXY,199,190080
11,YYXXXXYXXYX,-461,190080
11,YYXXXXYXXYY,-461,190080
11,YYXXXXYXYXX,53,38016
11,YYXXXXYXYXY,8,1485
11,YYXXXXYXYYX,-247,95040
11,YYXXXXYXYYY,89,190080
11,YYXXXXYYXXX,-43,190080
11,YYXXXXYYXXY,17,95040
11,YYXXXXYYXYX,-107,47520
11,YYXXXXYYXYY,-659,190080
11,YYXXXXYYYXX,53,38016
11,YYXXXXYYYXY,991,190080
11,YYXXXXYYYYX,-461,190080
11,YYXXXXYYYYY,-1,19008
11,YYXXXYXXXXX,-1,158400
11,YYXXXYXXXXY,-19,12672
11,YYXXXYXXXYX,19,4752
11,YYXXXYXXXYY,19,4752
11,YYXXXYXXYXX,-67,19008
11,YYXXXYXXYXY,-83,9504
11,YYXXXYXXYYX,1,594
11,YYXXXYXXYYY,-97,31680
11,YYXXXYXYXXX,47,47520
11,YYXXXYXYXXY,-35,38016
11,YYXXXYXYXYX,41,4752
11,YYXXXYXYXYY,1183,95040
11,YYXXXYXYYXX,-901,190080
11,YYXXXYXYYXY,-149,9504
11,YYXXXYXYYYX,589,95040
11,YYXXXYXYYYY,-1,19008
11,YYXXXYYXXXX,1,190080
11,YYXXXYYXXXY,-13,38016
11,YYXXXYYXXYX,1,594
11,YYXXXYYXXYY,1,594
11,YYXXXYYXYXX,-439,190080
11,YYXXXYYXYXY,-533,95040
11,YYXXXYYXYYX,47,47520
11,YYXXXYYXYYY,-7,2376
11,YYXXXYYYXXX,47,47520
11,YYXXXYYYXXY,29,23760
11,YYXXXYYYXYX,109,19008
11,YYXXXYYYXYY,13,1188
11,YYXXXYYYYXX,-379,95040
11,YYXXXYYYYXY,-29,2376
11,YYXXXYYYYYX,67,15840
11,YYXXXYYYYYY,-1,19008
11,YYXXYXXXXXX,1,190080
11,YYXXYXXXXXY,131,158400
11,YYXXYXXXXYX,-461,190080
11,YYXXYXXXXYY,-461,190080
11,YYXXYXXXYXX,113,47520
11,YYXXYXXXYXY,947,190080
11,YYXXYXXXYYX,-43,190080
11,YYXXYXXXYYY,113,47520
11,YYXXYXXYXXX,-71,95040
11,YYXXYXXYXXY,1,352
11,YYXXYXXYXYX,-667,63360
11,YYXXYXXYXYY,-13,990
11,YYXXYXXYYXX,23,4224
11,YYXXYXXYYXY,149,7920
11,YYXXYXXYYYX,-251,31680
11,YYXXYXXYYYY,23,190080
11,YYXXYXYXXXX,1,190080
11,YYXXYXYXXXY,-35,38016
11,YYXXYXYXXYX,-1,1584
11,YYXXYXYXXYY,-1,1584
11,YYXXYXYXYXX,257,63360
11,YYXXYXYXYXY,47,12672
11,YYXXYXYXYYX,31,7040
11,YYXXYXYXYYY,71,9504
11,YYXXYXYYXXX,-59,23760
11,YYXXYXYYXXY,-41,12672
11,YYXXYXYYXYX,-689,63360
11,YYXXYXYYXYY,-329,15840
11,YYXXYXYYYXX,211,31680
11,YYXXYXYYYXY,883,47520
11,YYXXYXYYYYX,-25,4752
11,YYXXYXYYYYY,1,15840
11,YYXXYYXXXXX,-1,158400
11,YYXXYYXXXXY,-13,38016
11,YYXXYYXXXYX,1,594
11,YYXXYYXXXYY,1,594
11,YYXXYYXXYXX,-5,2112
11,YYXXYYXXYXY,-7,1408
11,YYXXYYXXYYX,1,4224
11,YYXXYYXXYYY,-97,31680
11,YYXXYYXYXXX,47,47520
11,YYXXYYXYXXY,113,12672
11,YYXXYYXYXYX,-43,4224
11,YYXXYYXYXYY,-29,5280
11,YYXXYYXYYXX,67,15840
11,YYXXYYXYYXY,2,99
11,YYXXYYXYYYX,-31,2640
11,YYXXYYXYYYY,-1,19008
11,YYXXYYYXXXX,1,190080
11,YYXXYYYXXXY,-25,4752
11,YYXXYYYXXYX,31,3168
11,YYXXYYYXXYY,31,3168
11,YYXXYYYXYXX,-119,31680
11,YYXXYYYXYXY,-691,31680
11,YYXXYYYXYYX,151,10560
11,YYXXYYYXYYY,43,19008
11,YYXXYYYYXXX,-71,95040
11,YYXXYYYYXXY,287,190080
11,YYXXYYYYXYX,-25,4752
11,YYXXYYYYXYY,-25,4752
11,YYXXYYYYYXX,287,190080
11,YYXXYYYYYXY,67,15840
11,YYXXYYYYYYX,-23,19008
11,YYXXYYYYYYY,-13,665280
11,YYXYXXXXXXX,-1,332640
11,YYXYXXXXXXY,-259,950400
11,YYXYXXXXXYX,7,6336
11,YYXYXXXXXYY,7,6336
11,YYXYXXXXYXX,-329,190080
11,YYXYXXXXYXY,-329,190080
11,YYXYXXXXYYX,-329,190080
11,YYXYXXXXYYY,-329,190080
11,YYXYXXXYXXX,29,23760
11,YYXYXXXYXXY,-23,5940
11,YYXYXXXYXYX,271,23760
11,YYXYXXXYXYY,271,23760
11,YYXYXXXYYXX,-23,5940
11,YYXYXXXYYXY,-91,4752
11,YYXYXXXYYYX,271,23760
11,YYXYXXXYYYY,29,23760
11,YYXYXXYXXXX,-13,38016
11,YYXYXXYXXXY,311,47520
11,YYXYXXYXXYX,-13,990
11,YYXYXXYXXYY,-13,990
11,YYXYXXYXYXX,29,6336
11,YYXYXXYXYXY,959,31680
11,YYXYXXYXYYX,-223,10560
11,YYXYXXYXYYY,-313,95040
11,YYXYXXYYXXX,61,95040
11,YYXYXXYYXXY,79,31680
11,YYXYXXYYXYX,-163,31680
11,YYXYXXYYXYY,-229,31680
11,YYXYXXYYYXX,29,6336
11,YYXYXXYYYXY,949,47520
11,YYXYXXYYYYX,-257,23760
11,YYXYXXYYYYY,-7,63360
11,YYXYXYXXXXX,-1,158400
11,YYXYXYXXXXY,-989,190080
11,YYXYXYXXXYX,1183,95040
11,YYXYXYXXXYY,1183,95040
11,YYXYXYXXYXX,-71,7920
11,YYXYXYXXYXY,-1723,63360
11,YYXYXYXXYYX,587,63360
11,YYXYXYXXYYY,-49,7920
11,YYXYXYXYXXX,127,95040
11,YYXYXYXYXXY,-197,15840
11,YYXYXYXYXYX,273,7040
11,YYXYXYXYXYY,257,5280
11,YYXYXYXYYXX,-283,12672
11,YYXYXYXYYXY,-2429,31680
11,YYXYXYXYYYX,169,5280
11,YYXYXYXYYYY,-137,95040
11,YYXYXYYXXXX,67,190080
11,YYXYXYYXXXY,881,190080
11,YYXYXYYXXYX,-29,5280
11,YYXYXYYXXYY,-29,5280
11,YYXYXYYXYXX,-17,21120
11,YYXYXYYXYXY,29,6336
11,YYXYXYYXYYX,-49,7920
11,YYXYXYYXYYY,-371,47520
11,YYXYXYYYXXX,73,23760
11,YYXYXYYYXXY,157,47520
11,YYXYXYYYXYX,1733,95040
11,YYXYXYYYXYY,1609,47520
11,YYXYXYYYYXX,-1171,95040
11,YYXYXYYYYXY,-1801,47520
11,YYXYXYYYYYX,7,528
11,YYXYXYYYYYY,-1,19008
11,YYXYYXXXXXX,1,190080
11,YYXYYXXXXXY,241,158400
11,YYXYYXXXXYX,-659,190080
11,YYXYYXXXXYY,-659,190080
11,YYXYYXXXYXX,127,95040
11,YYXYYXXXYXY,1739,190080
11,YYXYYXXXYYX,-1231,190080
11,YYXYYXXXYYY,127,95040
11,YYXYYXXYXXX,1,594
11,YYXYYXXYXXY,-53,31680
11,YYXYYXXYXYX,37,63360
11,YYXYYXXYXYY,-229,31680
11,YYXYYXXYYXX,389,63360
11,YYXYYXXYYXY,41,10560
11,YYXYYXXYYYX,133,15840
11,YYXYYXXYYYY,163,38016
11,YYXYYXYXXXX,-197,190080
11,YYXYYXYXXXY,1607,190080
11,YYXYYXYXXYX,-329,15840
11,YYXYYXYXXYY,-329,15840
11,YYXYYXYXYXX,631,63360
11,YYXYYXYXYXY,13,220
11,YYXYYXYXYYX,-1241,31680
11,YYXYYXYXYYY,29,23760
11,YYXYYXYYXXX,-17,9504
11,YYXYYXYYXXY,-163,31680
11,YYXYYXYYXYX,-19,1056
11,YYXYYXYYXYY,-9,220
11,YYXYYXYYYXX,563,31680
11,YYXYYXYYYXY,181,2970
11,YYXYYXYYYYX,-1207,47520
11,YYXYYXYYYYY,1,15840
11,YYXYYYXXXXX,-1,158400
11,YYXYYYXXXXY,-167,38016
11,YYXYYYXXXYX,13,1188
11,YYXYYYXXXYY,13,1188
11,YYXYYYXXYXX,-59,6336
11,YYXYYYXXYXY,-79,3168
11,YYXYYYXXYYX,5,792
11,YYXYYYXXYYY,-23,3520
11,YYXYYYXYXXX,157,47520
11,YYXYYYXYXXY,-89,19008
11,YYXYYYXYXYX,505,19008
11,YYXYYYXYXYY,1609,47520
11,YYXYYYXYYXX,-569,47520
11,YYXYYYXYYXY,-245,4752
11,YYXYYYXYYYX,41,1485
11,YYXYYYXYYYY,43,19008
11,YYXYYYYXXXX,-109,190080
11,YYXYYYYXXXY,1,352
11,YYXYYYYXXYX,-25,4752
11,YYXYYYYXXYY,-25,4752
11,YYXYYYYXYXX,-137,95040
11,YYXYYYYXYXY,1447,95040
11,YYXYYYYXYYX,-1721,95040
11,YYXYYYYXYYY,-133,19008
11,YYXYYYYYXXX,149,95040
11,YYXYYYYYXXY,-13,7040
11,YYXYYYYYXYX,133,15840
11,YYXYYYYYXYY,133,15840
11,YYXYYYYYYXX,-13,7040
11,YYXYYYYYYXY,-89,19008
11,YYXYYYYYYYX,47,47520
11,YYXYYYYYYYY,-1,88704
11,YYYXXXXXXXX,1,887040
11,YYYXXXXXXXY,83,1663200
11,YYYXXXXXXYX,-43,190080
11,YYYXXXXXXYY,-43,190080
11,YYYXXXXXYXX,13,31680
11,YYYXXXXXYXY,13,31680
11,YYYXXXXXYYX,13,31680
11,YYYXXXXXYYY,13,31680
11,YYYXXXXYXXX,-13,38016
11,YYYXXXXYXXY,67,190080
11,YYYXXXXYXYX,-329,190080
11,YYYXXXXYXYY,-329,190080
11,YYYXXXXYYXX,67,190080
11,YYYXXXXYYXY,463,190080
11,YYYXXXXYYYX,-329,190080
11,YYYXXXXYYYY,-13,38016
11,YYYXXXYXXXX,23,190080
11,YYYXXXYXXXY,-13,11880
11,YYYXXXYXXYX,113,47520
11,YYYXXXYXXYY,113,47520
11,YYYXXXYXYXX,-71,95040
11,YYYXXXYXYXY,-1033,190080
11,YYYXXXYXYYX,749,190080
11,YYYXXXYXYYY,61,95040
11,YYYXXXYYXXX,-1,19008
11,YYYXXXYYXXY,-43,190080
11,YYYXXXYYXYX,31,38016
11,YYYXXXYYXYY,127,95040
11,YYYXXXYYYXX,-71,95040
11,YYYXXXYYYXY,-23,5940
11,YYYXXXYYYYX,113,47520
11,YYYXXXYYYYY,23,190080
11,YYYXXYXXXXX,-1,158400
11,YYYXXYXXXXY,9,7040
11,YYYXXYXXXYX,-97,31680
11,YYYXXYXXXYY,-97,31680
11,YYYXXYXXYXX,17,7920
11,YYYXXYXXYXY,233,31680
11,YYYXXYXXYYX,-97,31680
11,YYYXXYXXYYY,23,15840
11,YYYXXYXYXXX,-1,3520
11,YYYXXYXYXXY,-29,63360
11,YYYXXYXYXYX,-97,31680
11,YYYXXYXYXYY,-49,7920
11,YYYXXYXYYXX,169,63360
11,YYYXXYXYYXY,233,31680
11,YYYXXYXYYYX,-1,495
11,YYYXXYXYYYY,13,31680
11,YYYXXYYXXXX,-7,63360
11,YYYXXYYXXXY,9,7040
11,YYYXXYYXXYX,-97,31680
11,YYYXXYYXXYY,-97,31680
11,YYYXXYYXYXX,103,63360
11,YYYXXYYXYXY,83,7920
11,YYYXXYYXYYX,-229,31680
11,YYYXXYYXYYY,13,31680
11,YYYXXYYYXXX,-1,3520
11,YYYXXYYYXXY,-5,2112
11,YYYXXYYYXYX,-7,5280
11,YYYXXYYYXYY,-23,3520
11,YYYXXYYYYXX,1,352
11,YYYXXYYYYXY,1,110
11,YYYXXYYYYYX,-3,880
11,YYYXXYYYYYY,1,15840
11,YYYXYXXXXXX,1,190080
11,YYYXYXXXXXY,-157,475200
11,YYYXYXXXXYX,89,190080
11,YYYXYXXXXYY,89,190080
11,YYYXYXXXYXX,61,95040
11,YYYXYXXXYXY,-373,190080
11,YYYXYXXXYYX,617,190080
11,YYYXYXXXYYY,61,95040
11,YYYXYXXYXXX,-7,5280
11,YYYXYXXYXXY,43,19008
11,YYYXYXXYXYX,-1121,190080
11,YYYXYXXYXYY,-313,95040
11,YYYXYXXYYXX,-13,38016
11,YYYXYXXYYXY,743,95040
11,YYYXYXXYYYX,-101,11880
11,YYYXYXXYYYY,-139,63360
11,YYYXYXYXXXX,37,63360
11,YYYXYXYXXXY,-145,38016
11,YYYXYXYXXYX,71,9504
11,YYYXYXYXXYY,71,9504
11,YYYXYXYXYXX,1,190080
11,YYYXYXYXYXY,-113,4752
11,YYYXYXYXYYX,2261,95040
11,YYYXYXYXYYY,5,792
11,YYYXYXYYXXX,-7,5280
11,YYYXYXYYXXY,43,19008
11,YYYXYXYYXYX,-173,47520
11,YYYXYXYYXYY,29,23760
11,YYYXYXYYYXX,-247,95040
11,YYYXYXYYYXY,-301,23760
11,YYYXYXYYYYX,71,9504
11,YYYXYXYYYYY,1,15840
11,YYYXYYXXXXX,-1,158400
11,YYYXYYXXXXY,53,38016
11,YYYXYYXXXYX,-7,2376
11,YYYXYYXXXYY,-7,2376
11,YYYXYYXXYXX,43,19008
11,YYYXYYXXYXY,71,9504
11,YYYXYYXXYYX,-7,2376
11,YYYXYYXXYYY,13,31680
11,YYYXYYXYXXX,-7,5280
11,YYYXYYXYXXY,43,19008
11,YYYXYYXYXYX,-155,19008
11,YYYXYYXYXYY,-371,47520
11,YYYXYYXYYXX,91,47520
11,YYYXYYXYYXY,85,4752
11,YYYXYYXYYYX,-167,11880
11,YYYXYYXYYYY,-5,2112
11,YYYXYYYXXXX,37,63360
11,YYYXYYYXXXY,-23,19008
11,YYYXYYYXXYX,43,19008
11,YYYXYYYXXYY,43,19008
11,YYYXYYYXYXX,31,11880
11,YYYXYYYXYXY,-101,11880
11,YYYXYYYXYYX,163,11880
11,YYYXYYYXYYY,5,792
11,YYYXYYYYXXX,-7,5280
11,YYYXYYYYXXY,287,190080
11,YYYXYYYYXYX,-133,19008
11,YYYXYYYYXYY,-133,19008
11,YYYXYYYYYXX,287,190080
11,YYYXYYYYYXY,179,47520
11,YYYXYYYYYYX,-71,95040
11,YYYXYYYYYYY,1,33264
11,YYYYXXXXXXX,-1,332640
11,YYYYXXXXXXY,-13,316800
11,YYYYXXXXXYX,17,95040
11,YYYYXXXXXYY,17,95040
11,YYYYXXXXYXX,-13,38016
11,YYYYXXXXYXY,-13,38016
11,YYYYXXXXYYX,-13,38016
11,YYYYXXXXYYY,-13,38016
11,YYYYXXXYXXX,7,23760
11,YYYYXXXYXXY,-1,5940
11,YYYYXXXYXYX,29,23760
11,YYYYXXXYXYY,29,23760
11,YYYYXXXYYXX,-1,5940
11,YYYYXXXYYXY,-37,23760
11,YYYYXXXYYYX,29,23760
11,YYYYXXXYYYY,7,23760
11,YYYYXXYXXXX,-7,63360
11,YYYYXXYXXXY,23,190080
11,YYYYXXYXXYX,23,190080
11,YYYYXXYXXYY,23,190080
11,YYYYXXYXYXX,-241,190080
11,YYYYXXYXYXY,23,190080
11,YYYYXXYXYYX,-101,38016
11,YYYYXXYXYYY,-139,63360
11,YYYYXXYYXXX,37,63360
11,YYYYXXYYXXY,23,190080
11,YYYYXXYYXYX,551,190080
11,YYYYXXYYXYY,163,38016
11,YYYYXXYYYXX,-241,190080
11,YYYYXXYYYXY,-101,38016
11,YYYYXXYYYYX,23,190080
11,YYYYXXYYYYY,-7,63360
11,YYYYXYXXXXX,-1,158400
11,YYYYXYXXXXY,-1,19008
11,YYYYXYXXXYX,-1,19008
11,YYYYXYXXXYY,-1,19008
11,YYYYXYXXYXX,-1,19008
11,YYYYXYXXYXY,-1,19008
11,YYYYXYXXYYX,-1,19008
11,YYYYXYXXYYY,13,31680
11,YYYYXYXYXXX,13,31680
11,YYYYXYXYXXY,-1,19008
11,YYYYXYXYXYX,-1,19008
11,YYYYXYXYXYY,-137,95040
11,YYYYXYXYYXX,127,95040
11,YYYYXYXYYXY,-1,19008
11,YYYYXYXYYYX,259,95040
11,YYYYXYXYYYY,7,6336
11,YYYYXYYXXXX,-1,3520
11,YYYYXYYXXXY,-1,19008
11,YYYYXYYXXYX,-1,19008
11,YYYYXYYXXYY,-1,19008
11,YYYYXYYXYXX,-137,95040
11,YYYYXYYXYXY,127,95040
11,YYYYXYYXYYX,-401,95040
11,YYYYXYYXYYY,-5,2112
11,YYYYXYYYXXX,13,31680
11,YYYYXYYYXXY,-49,95040
11,YYYYXYYYXYX,43,19008
11,YYYYXYYYXYY,43,19008
11,YYYYXYYYYXX,-49,95040
11,YYYYXYYYYXY,-23,19008
11,YYYYXYYYYYX,17,95040
11,YYYYXYYYYYY,-1,19008
11,YYYYYXXXXXX,1,190080
11,YYYYYXXXXXY,1,59400
11,YYYYYXXXXYX,-1,19008
11,YYYYYXXXXYY,-1,19008
11,YYYYYXXXYXX,23,190080
11,YYYYYXXXYXY,23,190080
11,YYYYYXXXYYX,23,190080
11,YYYYYXXXYYY,23,190080
11,YYYYYXXYXXX,-7,63360
11,YYYYYXXYXXY,-7,63360
11,YYYYYXXYXYX,-7,63360
11,YYYYYXXYXYY,-7,63360
11,YYYYYXXYYXX,-7,63360
11,YYYYYXXYYXY,-7,63360
11,YYYYYXXYYYX,-7,63360
11,YYYYYXXYYYY,-7,63360
11,YYYYYXYXXXX,1,15840
11,YYYYYXYXXXY,1,15840
11,YYYYYXYXXYX,1,15840
11,YYYYYXYXXYY,1,15840
11,YYYYYXYXYXX,1,15840
11,YYYYYXYXYXY,1,15840
11,YYYYYXYXYYX,1,15840
11,YYYYYXYXYYY,1,15840
11,YYYYYXYYXXX,1,15840
11,YYYYYXYYXXY,1,15840
11,YYYYYXYYXYX,1,15840
11,YYYYYXYYXYY,1,15840
11,YYYYYXYYYXX,1,15840
11,YYYYYXYYYXY,1,15840
11,YYYYYXYYYYX,1,15840
11,YYYYYXYYYYY,1,15840
11,YYYYYYXXXXX,-1,158400
11,YYYYYYXXXXY,1,190080
11,YYYYYYXXXYX,-1,19008
11,YYYYYYXXXYY,-1,19008
11,YYYYYYXXYXX,1,15840
11,YYYYYYXXYXY,1,15840
11,YYYYYYXXYYX,1,15840
11,YYYYYYXXYYY,1,15840
11,YYYYYYXYXXX,-1,19008
11,YYYYYYXYXXY,-1,19008
11,YYYYYYXYXYX,-1,19008
11,YYYYYYXYXYY,-1,19008
11,YYYYYYXYYXX,-1,19008
11,YYYYYYXYYXY,-1,19008
11,YYYYYYXYYYX,-1,19008
11,YYYYYYXYYYY,-1,19008
11,YYYYYYYXXXX,1,190080
11,YYYYYYYXXXY,1,73920
11,YYYYYYYXXYX,-13,665280
11,YYYYYYYXXYY,-13,665280
11,YYYYYYYXYXX,1,33264
11,YYYYYYYXYXY,1,33264
11,YYYYYYYXYYX,1,33264
11,YYYYYYYXYYY,1,33264
11,YYYYYYYYXXX,-1,332640
11,YYYYYYYYXXY,1,887040
11,YYYYYYYYXYX,-1,88704
11,YYYYYYYYXYY,-1,88704
11,YYYYYYYYYXX,1,887040
11,YYYYYYYYYXY,1,399168
11,YYYYYYYYYYX,-1,3991680
12,XXXXXXXXXXXY,-1,479001600
12,XXXXXXXXXXYX,1,43545600
12,XXXXXXXXXXYY,1,43545600
12,XXXXXXXXXYXX,-1,8709120
12,XXXXXXXXXYXY,-1,8709120
12,XXXXXXXXXYYX,-1,8709120
12,XXXXXXXXXYYY,-1,8709120
12,XXXXXXXXYXXX,1,2903040
12,XXXXXXXXYXXY,1,2903040
12,XXXXXXXXYXYX,1,2903040
12,XXXXXXXXYXYY,1,2903040
12,XXXXXXXXYYXX,1,2903040
12,XXXXXXXXYYXY,1,2903040
12,XXXXXXXXYYYX,1,2903040
12,XXXXXXXXYYYY,1,2903040
12,XXXXXXXYXXXX,-1,1451520
12,XXXXXXXYXXXY,-1,1451520
12,XXXXXXXYXXYX,-1,1451520
12,XXXXXXXYXXYY,-1,1451520
12,XXXXXXXYXYXX,-1,1451520
12,XXXXXXXYXYXY,-1,1451520
12,XXXXXXXYXYYX,-1,1451520
12,XXXXXXXYXYYY,-1,1451520
12,XXXXXXXYYXXX,-1,1451520
12,XXXXXXXYYXXY,-1,1451520
12,XXXXXXXYYXYX,-1,1451520
12,XXXXXXXYYXYY,-1,1451520
12,XXXXXXXYYYXX,-1,1451520
12,XXXXXXXYYYXY,-1,1451520
12,XXXXXXXYYYYX,-1,1451520
12,XXXXXXXYYYYY,-1,1451520
12,XXXXXXYXXXXX,1,1036800
12,XXXXXXYXXXXY,1,1036800
12,XXXXXXYXXXYX,1,1036800
12,XXXXXXYXXXYY,1,1036800
12,XXXXXXYXXYXX,1,1036800
12,XXXXXXYXXYXY,1,1036800
12,XXXXXXYXXYYX,1,1036800
12,XXXXXXYXXYYY,1,1036800
12,XXXXXXYXYXXX,1,1036800
12,XXXXXXYXYXXY,1,1036800
12,XXXXXXYXYXYX,1,1036800
12,XXXXXXYXYXYY,1,1036800
12,XXXXXXYXYYXX,1,1036800
12,XXXXXXYXYYXY,1,1036800
12,XXXXXXYXYYYX,1,1036800
12,XXXXXXYXYYYY,1,1036800
12,XXXXXXYYXXXX,1,1036800
12,XXXXXXYYXXXY,1,1036800
12,XXXXXXYYXXYX,1,1036800
12,XXXXXXYYXXYY,1,1036800
12,XXXXXXYYXYXX,1,1036800
12,XXXXXXYYXYXY,1,1036800
12,XXXXXXYYXYYX,1,1036800
12,XXXXXXYYXYYY,1,1036800
12,XXXXXXYYYXXX,1,1036800
12,XXXXXXYYYXXY,1,1036800
12,XXXXXXYYYXYX,1,1036800
12,XXXXXXYYYXYY,1,1036800
12,XXXXXXYYYYXX,1,1036800
12,XXXXXXYYYYXY,1,1036800
12,XXXXXXYYYYYX,1,1036800
12,XXXXXXYYYYYY,1,1036800
12,XXXXXYXXXXXX,-1,1036800
12,XXXXXYXXXXXY,-1,518400
12,XXXXXYXXXXYX,1,259200
12,XXXXXYXXXXYY,1,259200
12,XXXXXYXXXYXX,-11,1036800
12,XXXXXYXXXYXY,-11,1036800
12,XXXXXYXXXYYX,-11,1036800
12,XXXXXYXXXYYY,-11,1036800
12,XXXXXYXXYXXX,1,115200
12,XXXXXYXXYXXY,-1,1036800
12,XXXXXYXXYXYX,29,1036800
12,XXXXXYXXYXYY,29,1036800
12,XXXXXYXXYYXX,-1,1036800
12,XXXXXYXXYYXY,-31,1036800
12,XXXXXYXXYYYX,29,1036800
12,XXXXXYXXYYYY,1,115200
12,XXXXXYXYXXXX,-1,172800
12,XXXXXYXYXXXY,-1,1036800
12,XXXXXYXYXXYX,-1,1036800
12,XXXXXYXYXXYY,-1,1036800
12,XXXXXYXYXYXX,-31,1036800
12,XXXXXYXYXYXY,-1,1036800
12,XXXXXYXYXYYX,-61,1036800
12,XXXXXYXYXYYY,-17,345600
12,XXXXXYXYYXXX,1,115200
12,XXXXXYXYYXXY,-1,1036800
12,XXXXXYXYYXYX,59,1036800
12,XXXXXYXYYXYY,89,1036800
12,XXXXXYXYYYXX,-31,1036800
12,XXXXXYXYYYXY,-61,1036800
12,XXXXXYXYYYYX,-1,1036800
12,XXXXXYXYYYYY,-1,172800
12,XXXXXYYXXXXY,-1,1036800
12,XXXXXYYXXXYX,-1,1036800
12,XXXXXYYXXXYY,-1,1036800
12,XXXXXYYXXYXX,-1,1036800
12,XXXXXYYXXYXY,-1,1036800
12,XXXXXYYXXYYX,-1,1036800
12,XXXXXYYXXYYY,1,115200
12,XXXXXYYXYXXX,1,115200
12,XXXXXYYXYXXY,-1,1036800
12,XXXXXYYXYXYX,-1,1036800
12,XXXXXYYXYXYY,-31,1036800
12,XXXXXYYXYYXX,29,1036800
12,XXXXXYYXYYXY,-1,1036800
12,XXXXXYYXYYYX,59,1036800
12,XXXXXYYXYYYY,1,43200
12,XXXXXYYYXXXX,-1,172800
12,XXXXXYYYXXXY,-1,1036800
12,XXXXXYYYXXYX,-1,1036800
12,XXXXXYYYXXYY,-1,1036800
12,XXXXXYYYXYXX,-31,1036800
12,XXXXXYYYXYXY,29,1036800
12,XXXXXYYYXYYX,-91,1036800
12,XXXXXYYYXYYY,-17,345600
12,XXXXXYYYYXXX,1,115200
12,XXXXXYYYYXXY,-11,1036800
12,XXXXXYYYYXYX,49,1036800
12,XXXXXYYYYXYY,49,1036800
12,XXXXXYYYYYXX,-11,1036800
12,XXXXXYYYYYXY,-13,518400
12,XXXXXYYYYYYX,1,259200
12,XXXXXYYYYYYY,-1,1036800
12,XXXXYXXXXXXX,1,1451520
12,XXXXYXXXXXXY,1,259200
12,XXXXYXXXXXYX,-7,518400
12,XXXXYXXXXXYY,-7,518400
12,XXXXYXXXXYXX,1,41472
12,XXXXYXXXXYXY,1,41472
12,XXXXYXXXXYYX,1,41472
12,XXXXYXXXXYYY,1,41472
12,XXXXYXXXYXXX,-1,69120
12,XXXXYXXXYXXY,7,207360
12,XXXXYXXXYXYX,-23,207360
12,XXXXYXXXYXYY,-23,207360
12,XXXXYXXXYYXX,7,207360
12,XXXXYXXXYYXY,37,207360
12,XXXXYXXXYYYX,-23,207360
12,XXXXYXXXYYYY,-1,69120
12,XXXXYXXYXXXY,-17,207360
12,XXXXYXXYXXYX,31,207360
12,XXXXYXXYXXYY,31,207360
12,XXXXYXXYXYXX,-11,207360
12,XXXXYXXYXYXY,-77,207360
12,XXXXYXXYXYYX,11,41472
12,XXXXYXXYXYYY,1,23040
12,XXXXYXXYYXXX,-1,69120
12,XXXXYXXYYXXY,-1,41472
12,XXXXYXXYYXYX,7,207360
12,XXXXYXXYYXYY,13,207360
12,XXXXYXXYYYXX,-11,207360
12,XXXXYXXYYYXY,-53,207360
12,XXXXYXXYYYYX,31,207360
12,XXXXYXYXXXXX,1,172800
12,XXXXYXYXXXXY,19,207360
12,XXXXYXYXXXYX,-41,207360
12,XXXXYXYXXXYY,-41,207360
12,XXXXYXYXXYXX,31,207360
12,XXXXYXYXXYXY,103,207360
12,XXXXYXYXXYYX,-41,207360
12,XXXXYXYXXYYY,7,69120
12,XXXXYXYXYXXX,-1,69120
12,XXXXYXYXYXXY,-1,41472
12,XXXXYXYXYXYX,-41,207360
12,XXXXYXYXYXYY,-83,207360
12,XXXXYXYXYYXX,37,207360
12,XXXXYXYXYYXY,103,207360
12,XXXXYXYXYYYX,-29,207360
12,XXXXYXYXYYYY,1,34560
12,XXXXYXYYXXXY,19,207360
12,XXXXYXYYXXYX,-41,207360
12,XXXXYXYYXXYY,-41,207360
12,XXXXYXYYXYXX,5,41472
12,XXXXYXYYXYXY,29,41472
12,XXXXYXYYXYYX,-19,41472
12,XXXXYXYYXYYY,1,23040
12,XXXXYXYYYXXX,-1,69120
12,XXXXYXYYYXXY,-31,207360
12,XXXXYXYYYXYX,-19,207360
12,XXXXYXYYYXYY,-91,207360
12,XXXXYXYYYYXX,41,207360
12,XXXXYXYYYYXY,1,1620
12,XXXXYXYYYYYX,-23,103680
12,XXXXYXYYYYYY,11,1036800
12,XXXXYYXXXXXX,-1,1036800
12,XXXXYYXXXXXY,-1,32400
12,XXXXYYXXXXYX,7,103680
12,XXXXYYXXXXYY,7,103680
12,XXXXYYXXXYXX,-7,207360
12,XXXXYYXXXYXY,-43,207360
12,XXXXYYXXXYYX,29,207360
12,XXXXYYXXXYYY,-7,207360
12,XXXXYYXXYXXX,-1,69120
12,XXXXYYXXYXXY,31,207360
12,XXXXYYXXYXYX,-7,41472
12,XXXXYYXXYXYY,1,207360
12,XXXXYYXXYYXX,-1,41472
12,XXXXYYXXYYXY,61,207360
12,XXXXYYXXYYYX,-71,207360
12,XXXXYYXXYYYY,-1,13824
12,XXXXYYXYXXXY,-53,207360
12,XXXXYYXYXXYX,103,207360
12,XXXXYYXYXXYY,103,207360
12,XXXXYYXYXYXX,-47,207360
12,XXXXYYXYXYXY,-329,207360
12,XXXXYYXYXYYX,47,41472
12,XXXXYYXYXYYY,1,23040
12,XXXXYYXYYXXX,-1,69120
12,XXXXYYXYYXXY,31,207360
12,XXXXYYXYYXYX,43,207360
12,XXXXYYXYYXYY,157,207360
12,XXXXYYXYYYXX,-83,207360
12,XXXXYYXYYYXY,-269,207360
12,XXXXYYXYYYYX,103,207360
12,XXXXYYXYYYYY,-1,28800
12,XXXXYYYXXXXX,1,172800
12,XXXXYYYXXXXY,19,207360
12,XXXXYYYXXXYX,-41,207360
12,XXXXYYYXXXYY,-41,207360
12,XXXXYYYXXYXX,31,207360
12,XXXXYYYXXYXY,103,207360
12,XXXXYYYXXYYX,-41,207360
12,XXXXYYYXXYYY,7,69120
12,XXXXYYYXYXXX,-1,69120
12,XXXXYYYXYXXY,31,207360
12,XXXXYYYXYXYX,-113,207360
12,XXXXYYYXYXYY,-31,41472
12,XXXXYYYXYYXX,73,207360
12,XXXXYYYXYYXY,247,207360
12,XXXXYYYXYYYX,-101,207360
12,XXXXYYYXYYYY,1,34560
12,XXXXYYYYXXXY,-17,207360
12,XXXXYYYYXXYX,31,207360
12,XXXXYYYYXXYY,31,207360
12,XXXXYYYYXYXX,-11,207360
12,XXXXYYYYXYXY,-71,207360
12,XXXXYYYYXYYX,49,207360
12,XXXXYYYYXYYY,1,23040
12,XXXXYYYYYXXX,-1,69120
12,XXXXYYYYYXXY,1,41472
12,XXXXYYYYYXYX,-19,207360
12,XXXXYYYYYXYY,-19,207360
12,XXXXYYYYYYXX,1,41472
12,XXXXYYYYYYXY,1,16200
12,XXXXYYYYYYYX,-7,518400
12,XXXXYYYYYYYY,1,1451520
12,XXXYXXXXXXXX,-1,2903040
12,XXXYXXXXXXXY,-1,226800
12,XXXYXXXXXXYX,1,64800
12,XXXYXXXXXXYY,1,64800
12,XXXYXXXXXYXX,-1,51840
12,XXXYXXXXXYXY,-1,51840
12,XXXYXXXXXYYX,-1,51840
12,XXXYXXXXXYYY,-1,51840
12,XXXYXXXXYXXY,-1,10368
12,XXXYXXXXYXYX,1,5184
12,XXXYXXXXYXYY,1,5184
12,XXXYXXXXYYXX,-1,10368
12,XXXYXXXXYYXY,-1,2592
12,XXXYXXXXYYYX,1,5184
12,XXXYXXXYXXXX,1,69120
12,XXXYXXXYXXXY,7,25920
12,XXXYXXXYXXYX,-29,51840
12,XXXYXXXYXXYY,-29,51840
12,XXXYXXXYXYXX,41,103680
12,XXXYXXXYXYXY,271,207360
12,XXXYXXXYXYYX,-107,207360
12,XXXYXXXYXYYY,7,34560
12,XXXYXXXYYXXX,-1,20736
12,XXXYXXXYYXXY,13,207360
12,XXXYXXXYYXYX,-25,41472
12,XXXYXXXYYXYY,-97,103680
12,XXXYXXXYYYXX,41,103680
12,XXXYXXXYYYXY,7,5184
12,XXXYXXXYYYYX,-29,51840
12,XXXYXXXYYYYY,1,69120
12,XXXYXXYXXXXX,-1,115200
12,XXXYXXYXXXXY,-17,51840
12,XXXYXXYXXXYX,43,51840
12,XXXYXXYXXXYY,43,51840
12,XXXYXXYXXYXX,-73,103680
12,XXXYXXYXXYXY,-389,207360
12,XXXYXXYXXYYX,97,207360
12,XXXYXXYXXYYY,-7,11520
12,XXXYXXYXYXXX,1,6912
12,XXXYXXYXYXXY,-47,207360
12,XXXYXXYXYXYX,367,207360
12,XXXYXXYXYXYY,55,20736
12,XXXYXXYXYYXX,-23,20736
12,XXXYXXYXYYXY,-11,3240
12,XXXYXXYXYYYX,61,51840
12,XXXYXXYXYYYY,-7,69120
12,XXXYXXYYXXXX,1,69120
12,XXXYXXYYXXXY,-1,25920
12,XXXYXXYYXXYX,13,51840
12,XXXYXXYYXXYY,13,51840
12,XXXYXXYYXYXX,-31,103680
12,XXXYXXYYXYXY,-257,207360
12,XXXYXXYYXYYX,133,207360
12,XXXYXXYYXYYY,-13,34560
12,XXXYXXYYYXXX,1,6912
12,XXXYXXYYYXXY,77,207360
12,XXXYXXYYYXYX,179,207360
12,XXXYXXYYYXYY,211,103680
12,XXXYXXYYYYXX,-83,103680
12,XXXYXXYYYYXY,-257,103680
12,XXXYXXYYYYYX,91,103680
12,XXXYXXYYYYYY,-19,1036800
12,XXXYXYXXXXXX,-1,1036800
12,XXXYXYXXXXXY,37,259200
12,XXXYXYXXXXYX,-11,25920
12,XXXYXYXXXXYY,-11,25920
12,XXXYXYXXXYXX,43,103680
12,XXXYXYXXXYXY,37,41472
12,XXXYXYXXXYYX,-13,207360
12,XXXYXYXXXYYY,43,103680
12,XXXYXYXXYXXX,-1,6912
12,XXXYXYXXYXXY,79,207360
12,XXXYXYXXYXYX,-347,207360
12,XXXYXYXXYXYY,-223,103680
12,XXXYXYXXYYXX,89,103680
12,XXXYXYXXYYXY,151,51840
12,XXXYXYXXYYYX,-31,25920
12,XXXYXYXXYYYY,1,69120
12,XXXYXYXYXXXX,1,69120
12,XXXYXYXYXXXY,1,20736
12,XXXYXYXYXXYX,-37,103680
12,XXXYXYXYXXYY,-37,103680
12,XXXYXYXYXYXX,17,25920
12,XXXYXYXYXYXY,653,414720
12,XXXYXYXYXYYX,-109,414720
12,XXXYXYXYXYYY,1,1080
12,XXXYXYXYYXXX,-1,3456
12,XXXYXYXYYXXY,-157,414720
12,XXXYXYXYYXYX,-763,414720
12,XXXYXYXYYXYY,-37,10368
12,XXXYXYXYYYXX,7,5184
12,XXXYXYXYYYXY,437,103680
12,XXXYXYXYYYYX,-157,103680
12,XXXYXYXYYYYY,13,345600
12,XXXYXYYXXXXX,-1,115200
12,XXXYXYYXXXXY,-19,103680
12,XXXYXYYXXXYX,41,103680
12,XXXYXYYXXXYY,41,103680
12,XXXYXYYXXYXX,-7,25920
12,XXXYXYYXXYXY,-553,414720
12,XXXYXYYXXYYX,329,414720
12,XXXYXYYXXYYY,-1,5760
12,XXXYXYYXYXXY,473,414720
12,XXXYXYYXYXYX,-125,82944
12,XXXYXYYXYXYY,-19,25920
12,XXXYXYYXYYXX,19,51840
12,XXXYXYYXYYXY,43,20736
12,XXXYXYYXYYYX,-139,103680
12,XXXYXYYXYYYY,-7,69120
12,XXXYXYYYXXXX,1,69120
12,XXXYXYYYXXXY,-41,51840
12,XXXYXYYYXXYX,19,12960
12,XXXYXYYYXXYY,19,12960
12,XXXYXYYYXYXX,-49,103680
12,XXXYXYYYXYXY,-743,207360
12,XXXYXYYYXYYX,547,207360
12,XXXYXYYYXYYY,17,34560
12,XXXYXYYYYXXX,-1,6912
12,XXXYXYYYYXXY,83,207360
12,XXXYXYYYYXYX,-211,207360
12,XXXYXYYYYXYY,-83,103680
12,XXXYXYYYYYXX,19,103680
12,XXXYXYYYYYXY,121,259200
12,XXXYXYYYYYYX,-13,129600
12,XXXYXYYYYYYY,-11,1451520
12,XXXYYXXXXXXX,1,1451520
12,XXXYYXXXXXXY,-1,64800
12,XXXYYXXXXXYX,19,259200
12,XXXYYXXXXXYY,19,259200
12,XXXYYXXXXYXX,-11,103680
12,XXXYYXXXXYXY,-7,207360
12,XXXYYXXXXYYX,-37,207360
12,XXXYYXXXXYYY,-11,103680
12,XXXYYXXXYXXX,1,20736
12,XXXYYXXXYXXY,-25,41472
12,XXXYYXXXYXYX,53,41472
12,XXXYYXXXYXYY,25,20736
12,XXXYYXXXYYXX,-11,20736
12,XXXYYXXXYYXY,-25,10368
12,XXXYYXXXYYYX,7,5184
12,XXXYYXXXYYYY,1,13824
12,XXXYYXXYXXXX,1,69120
12,XXXYYXXYXXXY,83,103680
12,XXXYYXXYXXYX,-163,103680
12,XXXYYXXYXXYY,-163,103680
12,XXXYYXXYXYXX,43,51840
12,XXXYYXXYXYXY,1607,414720
12,XXXYYXXYXYYX,-919,414720
12,XXXYYXXYXYYY,1,17280
12,XXXYYXXYYXXY,41,414720
12,XXXYYXXYYXYX,-77,82944
12,XXXYYXXYYXYY,-43,25920
12,XXXYYXXYYYXX,43,51840
12,XXXYYXXYYYXY,55,20736
12,XXXYYXXYYYYX,-103,103680
12,XXXYYXXYYYYY,1,13824
12,XXXYYXYXXXXX,-1,115200
12,XXXYYXYXXXXY,-49,103680
12,XXXYYXYXXXYX,131,103680
12,XXXYYXYXXXYY,131,103680
12,XXXYYXYXXYXX,-59,51840
12,XXXYYXYXXYXY,-1003,414720
12,XXXYYXYXXYYX,59,414720
12,XXXYYXYXXYYY,-1,960
12,XXXYYXYXYXXX,1,3456
12,XXXYYXYXYXXY,-949,414720
12,XXXYYXYXYXYX,2669,414720
12,XXXYYXYXYXYY,77,10368
12,XXXYYXYXYYXX,-17,5184
12,XXXYYXYXYYXY,-1207,103680
12,XXXYYXYXYYYX,527,103680
12,XXXYYXYXYYYY,-7,69120
12,XXXYYXYYXXXX,1,69120
12,XXXYYXYYXXXY,73,51840
12,XXXYYXYYXXYX,-61,25920
12,XXXYYXYYXXYY,-61,25920
12,XXXYYXYYXYXX,59,103680
12,XXXYYXYYXYXY,1093,207360
12,XXXYYXYYXYYX,-857,207360
12,XXXYYXYYXYYY,-43,34560
12,XXXYYXYYYXXX,1,2304
12,XXXYYXYYYXXY,-73,207360
12,XXXYYXYYYXYX,569,207360
12,XXXYYXYYYXYY,361,103680
12,XXXYYXYYYYXX,-113,103680
12,XXXYYXYYYYXY,-83,25920
12,XXXYYXYYYYYX,53,51840
12,XXXYYXYYYYYY,11,1036800
12,XXXYYYXXXXXX,-1,1036800
12,XXXYYYXXXXXY,37,259200
12,XXXYYYXXXXYX,-11,25920
12,XXXYYYXXXXYY,-11,25920
12,XXXYYYXXXYXX,43,103680
12,XXXYYYXXXYXY,37,41472
12,XXXYYYXXXYYX,-13,207360
12,XXXYYYXXXYYY,43,103680
12,XXXYYYXXYXXX,-1,6912
12,XXXYYYXXYXXY,79,207360
12,XXXYYYXXYXYX,-347,207360
12,XXXYYYXXYXYY,-223,103680
12,XXXYYYXXYYXX,89,103680
12,XXXYYYXXYYXY,151,51840
12,XXXYYYXXYYYX,-31,25920
12,XXXYYYXXYYYY,1,69120
12,XXXYYYXYXXXX,1,69120
12,XXXYYYXYXXXY,1,5184
12,XXXYYYXYXXYX,-41,51840
12,XXXYYYXYXXYY,-41,51840
12,XXXYYYXYXYXX,113,103680
12,XXXYYYXYXYXY,439,207360
12,XXXYYYXYXYYX,13,207360
12,XXXYYYXYXYYY,47,34560
12,XXXYYYXYYXXX,-1,2304
12,XXXYYYXYYXXY,-11,207360
12,XXXYYYXYYXYX,-629,207360
12,XXXYYYXYYXYY,-101,20736
12,XXXYYYXYYYXX,37,20736
12,XXXYYYXYYYXY,143,25920
12,XXXYYYXYYYYX,-101,51840
12,XXXYYYXYYYYY,13,345600
12,XXXYYYYXXXXX,-1,115200
12,XXXYYYYXXXXY,-17,51840
12,XXXYYYYXXXYX,43,51840
12,XXXYYYYXXXYY,43,51840
12,XXXYYYYXXYXX,-73,103680
12,XXXYYYYXXYXY,-389,207360
12,XXXYYYYXXYYX,97,207360
12,XXXYYYYXXYYY,-7,11520
12,XXXYYYYXYXXX,1,6912
12,XXXYYYYXYXXY,-71,207360
12,XXXYYYYXYXYX,83,41472
12,XXXYYYYXYXYY,299,103680
12,XXXYYYYXYYXX,-127,103680
12,XXXYYYYXYYXY,-5,1296
12,XXXYYYYXYYYX,73,51840
12,XXXYYYYXYYYY,-7,69120
12,XXXYYYYYXXXX,1,69120
12,XXXYYYYYXXXY,23,103680
12,XXXYYYYYXXYX,-43,103680
12,XXXYYYYYXXYY,-43,103680
12,XXXYYYYYXYXX,13,51840
12,XXXYYYYYXYXY,43,51840
12,XXXYYYYYXYYX,-17,51840
12,XXXYYYYYXYYY,1,17280
12,XXXYYYYYYXXY,-1,51840
12,XXXYYYYYYXYX,1,25920
12,XXXYYYYYYXYY,1,25920
12,XXXYYYYYYYXX,-1,51840
12,XXXYYYYYYYXY,-7,129600
12,XXXYYYYYYYYX,1,64800
12,XXXYYYYYYYYY,-1,2903040
12,XXYXXXXXXXXX,1,8709120
12,XXYXXXXXXXXY,1,403200
12,XXYXXXXXXXYX,-1,151200
12,XXYXXXXXXXYY,-1,151200
12,XXYXXXXXYXXX,1,51840
12,XXYXXXXXYXXY,1,8640
12,XXYXXXXXYXYX,-1,5760
12,XXYXXXXXYXYY,-1,5760
12,XXYXXXXXYYXX,1,8640
12,XXYXXXXXYYXY,7,17280
12,XXYXXXXXYYYX,-1,5760
12,XXYXXXXXYYYY,1,51840
12,XXYXXXXYXXXX,-1,41472
12,XXYXXXXYXXXY,-1,2880
12,XXYXXXXYXXYX,13,17280
12,XXYXXXXYXXYY,13,17280
12,XXYXXXXYXYXX,-7,11520
12,XXYXXXXYXYXY,-119,69120
12,XXYXXXXYXYYX,7,13824
12,XXYXXXXYXYYY,-43,103680
12,XXYXXXXYYXXX,11,103680
12,XXYXXXXYYXXY,-1,13824
12,XXYXXXXYYXYX,23,23040
12,XXYXXXXYYXYY,53,34560
12,XXYXXXXYYYXX,-7,11520
12,XXYXXXXYYYXY,-17,8640
12,XXYXXXXYYYYX,13,17280
12,XXYXXXXYYYYY,-1,41472
12,XXYXXXYXXXXX,11,1036800
12,XXYXXXYXXXXY,1,2160
12,XXYXXXYXXXYX,-11,8640
12,XXYXXXYXXXYY,-11,8640
12,XXYXXXYXXYXX,43,34560
12,XXYXXXYXXYXY,37,13824
12,XXYXXXYXXYYX,-13,69120
12,XXYXXXYXXYYY,119,103680
12,XXYXXXYXYXXX,-43,103680
12,XXYXXXYXYXXY,59,69120
12,XXYXXXYXYXYX,-283,69120
12,XXYXXXYXYXYY,-181,34560
12,XXYXXXYXYYXX,23,11520
12,XXYXXXYXYYXY,25,3456
12,XXYXXXYXYYYX,-7,2160
12,XXYXXXYXYYYY,-17,207360
12,XXYXXXYYXXXX,7,207360
12,XXYXXXYYXXXY,-7,17280
12,XXYXXXYYXXYX,1,2160
12,XXYXXXYYXXYY,1,2160
12,XXYXXXYYXYXX,17,34560
12,XXYXXXYYXYXY,-17,23040
12,XXYXXXYYXYYX,119,69120
12,XXYXXXYYXYYY,143,103680
12,XXYXXXYYYXXX,-43,103680
12,XXYXXXYYYXXY,-19,207360
12,XXYXXXYYYXYX,-517,207360
12,XXYXXXYYYXYY,-407,103680
12,XXYXXXYYYYXX,139,103680
12,XXYXXXYYYYXY,83,20736
12,XXYXXXYYYYYX,-137,103680
12,XXYXXXYYYYYY,7,345600
12,XXYXXYXXXXXX,-1,1036800
12,XXYXXYXXXXXY,-47,172800
12,XXYXXYXXXXYX,11,11520
12,XXYXXYXXXXYY,11,11520
12,XXYXXYXXXYXX,-43,34560
12,XXYXXYXXXYXY,-113,69120
12,XXYXXYXXXYYX,-59,69120
12,XXYXXYXXXYYY,-43,34560
12,XXYXXYXXYXXX,73,103680
12,XXYXXYXXYXXY,-1,512
12,XXYXXYXXYXYX,443,69120
12,XXYXXYXXYXYY,47,6912
12,XXYXXYXXYYXX,-3,1280
12,XXYXXYXXYYXY,-37,3456
12,XXYXXYXXYYYX,13,2160
12,XXYXXYXXYYYY,119,207360
12,XXYXXYXYXXXX,-31,207360
12,XXYXXYXYXXXY,41,34560
12,XXYXXYXYXXYX,-53,34560
12,XXYXXYXYXXYY,-53,34560
12,XXYXXYXYXYXX,-1,720
12,XXYXXYXYXYXY,37,9216
12,XXYXXYXYXYYX,-313,46080
12,XXYXXYXYXYYY,-13,3240
12,XXYXXYXYYXXX,59,51840
12,XXYXXYXYYXXY,1,27648
12,XXYXXYXYYXYX,803,138240
12,XXYXXYXYYXYY,143,17280
12,XXYXXYXYYYXX,-7,2880
12,XXYXXYXYYYXY,-47,6912
12,XXYXXYXYYYYX,67,34560
12,XXYXXYXYYYYY,-11,1036800
12,XXYXXYYXXXXX,1,1036800
12,XXYXXYYXXXXY,1,11520
12,XXYXXYYXXXYX,-7,34560
12,XXYXXYYXXXYY,-7,34560
12,XXYXXYYXXYXY,193,138240
12,XXYXXYYXXYYX,-193,138240
12,XXYXXYYXXYYY,1,10368
12,XXYXXYYXYXXX,7,25920
12,XXYXXYYXYXXY,-109,27648
12,XXYXXYYXYXYX,323,46080
12,XXYXXYYXYXYY,23,4320
12,XXYXXYYXYYXX,-13,5760
12,XXYXXYYXYYXY,-409,34560
12,XXYXXYYXYYYX,253,34560
12,XXYXXYYXYYYY,25,41472
12,XXYXXYYYXXXX,-31,207360
12,XXYXXYYYXXXY,23,8640
12,XXYXXYYYXXYX,-17,3456
12,XXYXXYYYXXYY,-17,3456
12,XXYXXYYYXYXX,11,11520
12,XXYXXYYYXYXY,871,69120
12,XXYXXYYYXYYX,-739,69120
12,XXYXXYYYXYYY,-281,103680
12,XXYXXYYYYXXX,73,103680
12,XXYXXYYYYXXY,-107,69120
12,XXYXXYYYYXYX,7,1536
12,XXYXXYYYYXYY,1,256
12,XXYXXYYYYYXX,-31,34560
12,XXYXXYYYYYXY,-391,172800
12,XXYXXYYYYYYX,3,6400
12,XXYXXYYYYYYY,13,1451520
12,XXYXYXXXXXXX,1,1451520
12,XXYXYXXXXXXY,7,86400
12,XXYXYXXXXXYX,-1,2700
12,XXYXYXXXXXYY,-1,2700
12,XXYXYXXXXYXX,7,11520
12,XXYXYXXXXYXY,1,2560
12,XXYXYXXXXYYX,19,23040
12,XXYXYXXXXYYY,7,11520
12,XXYXYXXXYXXX,-41,103680
12,XXYXYXXXYXXY,121,69120
12,XXYXYXXXYXYX,-103,23040
12,XXYXYXXXYXYY,-49,11520
12,XXYXYXXXYYXX,53,34560
12,XXYXYXXXYYXY,67,8640
12,XXYXYXXXYYYX,-3,640
12,XXYXYXXXYYYY,-97,207360
12,XXYXYXXYXXXX,11,207360
12,XXYXYXXYXXXY,-61,34560
12,XXYXYXXYXXYX,97,34560
12,XXYXYXXYXXYY,97,34560
12,XXYXYXXYXYXY,-373,46080
12,XXYXYXXYXYYX,373,46080
12,XXYXYXXYXYYY,7,2592
12,XXYXYXXYYXXX,-43,51840
12,XXYXYXXYYXXY,-1,138240
12,XXYXYXXYYXYX,-343,138240
12,XXYXYXXYYXYY,-43,17280
12,XXYXYXXYYYXY,-37,34560
12,XXYXYXXYYYYX,37,34560
12,XXYXYXXYYYYY,-5,41472
12,XXYXYXYXXXXX,31,1036800
12,XXYXYXYXXXXY,7,11520
12,XXYXYXYXXXYX,-49,34560
12,XXYXYXYXXXYY,-49,34560
12,XXYXYXYXXYXX,1,720
12,XXYXYXYXXYXY,71,27648
12,XXYXYXYXXYYX,29,138240
12,XXYXYXYXXYYY,47,51840
12,XXYXYXYXYXXX,-17,25920
12,XXYXYXYXYXXY,893,138240
12,XXYXYXYXYXYX,-2021,138240
12,XXYXYXYXYXYY,-31,2160
12,XXYXYXYXYYXX,107,17280
12,XXYXYXYXYYXY,7,256
12,XXYXYXYXYYYX,-517,34560
12,XXYXYXYXYYYY,-157,207360
12,XXYXYXYYXXXX,47,207360
12,XXYXYXYYXXXY,-41,8640
12,XXYXYXYYXXYX,17,1920
12,XXYXYXYYXXYY,17,1920
12,XXYXYXYYXYXX,-73,34560
12,XXYXYXYYXYXY,-1441,69120
12,XXYXYXYYXYYX,383,23040
12,XXYXYXYYXYYY,433,103680
12,XXYXYXYYYXXX,-113,103680
12,XXYXYXYYYXXY,13,7680
12,XXYXYXYYYXYX,-469,69120
12,XXYXYXYYYXYY,-239,34560
12,XXYXYXYYYYXX,7,3840
12,XXYXYXYYYYXY,17,3456
12,XXYXYXYYYYYX,-11,8640
12,XXYXYXYYYYYY,11,1036800
12,XXYXYYXXXXXX,-1,1036800
12,XXYXYYXXXXXY,-11,86400
12,XXYXYYXXXXYX,7,17280
12,XXYXYYXXXXYY,7,17280
12,XXYXYYXXXYXX,-17,34560
12,XXYXYYXXXYXY,-61,69120
12,XXYXYYXXXYYX,-7,69120
12,XXYXYYXXXYYY,-17,34560
12,XXYXYYXXYXXX,31,103680
12,XXYXYYXXYXXY,-83,69120
12,XXYXYYXXYXYX,17,4608
12,XXYXYYXXYXYY,47,11520
12,XXYXYYXXYYXX,-11,6912
12,XXYXYYXXYYXY,-7,1080
12,XXYXYYXXYYYX,19,5760
12,XXYXYYXXYYYY,7,41472
12,XXYXYYXYXXXX,-5,41472
12,XXYXYYXYXXXY,7,5760
12,XXYXYYXYXXYX,-7,2160
12,XXYXYYXYXXYY,-7,2160
12,XXYXYYXYXYXX,73,34560
12,XXYXYYXYXYXY,317,69120
12,XXYXYYXYXYYX,-5,13824
12,XXYXYYXYXYYY,127,103680
12,XXYXYYXYYXXX,-59,103680
12,XXYXYYXYYXXY,7,69120
12,XXYXYYXYYXYX,-119,69120
12,XXYXYYXYYXYY,-53,34560
12,XXYXYYXYYYXX,-1,11520
12,XXYXYYXYYYXY,-17,17280
12,XXYXYYXYYYYX,7,8640
12,XXYXYYXYYYYY,-161,1036800
12,XXYXYYYXXXXX,31,1036800
12,XXYXYYYXXXYX,1,1728
12,XXYXYYYXXXYY,1,1728
12,XXYXYYYXXYXX,-11,11520
12,XXYXYYYXXYXY,-7,69120
12,XXYXYYYXXYYX,-25,13824
12,XXYXYYYXXYYY,-149,103680
12,XXYXYYYXYXXX,49,103680
12,XXYXYYYXYXXY,59,69120
12,XXYXYYYXYXYX,7,23040
12,XXYXYYYXYXYY,31,34560
12,XXYXYYYXYYXX,1,3840
12,XXYXYYYXYYXY,49,17280
12,XXYXYYYXYYYX,-1,432
12,XXYXYYYXYYYY,-13,207360
12,XXYXYYYYXXXX,11,207360
12,XXYXYYYYXXXY,-7,11520
12,XXYXYYYYXXYX,37,34560
12,XXYXYYYYXXYY,37,34560
12,XXYXYYYYXYXY,-5,1728
12,XXYXYYYYXYYX,5,1728
12,XXYXYYYYXYYY,5,5184
12,XXYXYYYYYXXX,-13,51840
12,XXYXYYYYYXXY,1,2880
12,XXYXYYYYYXYX,-5,3456
12,XXYXYYYYYXYY,-5,3456
12,XXYXYYYYYYXX,1,2880
12,XXYXYYYYYYXY,77,86400
12,XXYXYYYYYYYX,-17,86400
12,XXYXYYYYYYYY,11,2903040
12,XXYYXXXXXXXX,-1,2903040
12,XXYYXXXXXXXY,-17,1209600
12,XXYYXXXXXXYX,11,172800
12,XXYYXXXXXXYY,11,172800
12,XXYYXXXXXYXX,-1,8640
12,XXYYXXXXXYXY,-1,8640
12,XXYYXXXXXYYX,-1,8640
12,XXYYXXXXXYYY,-1,8640
12,XXYYXXXXYXXX,1,10368
12,XXYYXXXXYXYX,1,3456
12,XXYYXXXXYXYY,1,3456
12,XXYYXXXXYYXY,-1,3456
12,XXYYXXXXYYYX,1,3456
12,XXYYXXXXYYYY,1,10368
12,XXYYXXXYXXXX,-7,207360
12,XXYYXXXYXXXY,-7,17280
12,XXYYXXXYXXYX,11,8640
12,XXYYXXXYXXYY,11,8640
12,XXYYXXXYXYXX,-53,34560
12,XXYYXXXYXYXY,-163,69120
12,XXYYXXXYXYYX,-49,69120
12,XXYYXXXYXYYY,-179,103680
12,XXYYXXXYYXXX,11,20736
12,XXYYXXXYYXXY,-1,7680
12,XXYYXXXYYXYX,5,1536
12,XXYYXXXYYXYY,161,34560
12,XXYYXXXYYYXX,-53,34560
12,XXYYXXXYYYXY,-5,1152
12,XXYYXXXYYYYX,11,8640
12,XXYYXXXYYYYY,-7,207360
12,XXYYXXYXXXXX,1,1036800
12,XXYYXXYXXXXY,1,1440
12,XXYYXXYXXXYX,-19,8640
12,XXYYXXYXXXYY,-19,8640
12,XXYYXXYXXYXX,3,1280
12,XXYYXXYXXYXY,281,69120
12,XXYYXXYXXYYX,43,69120
12,XXYYXXYXXYYY,253,103680
12,XXYYXXYXYXXX,-89,103680
12,XXYYXXYXYXXY,5,4608
12,XXYYXXYXYXYX,-467,69120
12,XXYYXXYXYXYY,-101,11520
12,XXYYXXYXYYXX,107,34560
12,XXYYXXYXYYXY,179,17280
12,XXYYXXYXYYYX,-1,240
12,XXYYXXYXYYYY,-19,207360
12,XXYYXXYYXXXX,1,41472
12,XXYYXXYYXXXY,-1,5760
12,XXYYXXYYXXYX,-1,2160
12,XXYYXXYYXXYY,-1,2160
12,XXYYXXYYXYXX,11,6912
12,XXYYXXYYXYXY,-1,4608
12,XXYYXXYYXYYX,47,13824
12,XXYYXXYYXYYY,277,103680
12,XXYYXXYYYXXX,-89,103680
12,XXYYXXYYYXXY,43,69120
12,XXYYXXYYYXYX,-121,23040
12,XXYYXXYYYXYY,-77,11520
12,XXYYXXYYYYXX,71,34560
12,XXYYXXYYYYXY,13,2160
12,XXYYXXYYYYYX,-11,5760
12,XXYYXXYYYYYY,-19,1036800
12,XXYYXYXXXXXX,-1,1036800
12,XXYYXYXXXXXY,-1,2400
12,XXYYXYXXXXYX,13,8640
12,XXYYXYXXXXYY,13,8640
12,XXYYXYXXXYXX,-23,11520
12,XXYYXYXXXYXY,-11,4608
12,XXYYXYXXXYYX,-37,23040
12,XXYYXYXXXYYY,-23,11520
12,XXYYXYXXYXXX,23,20736
12,XXYYXYXXYXXY,-187,69120
12,XXYYXYXXYXYX,631,69120
12,XXYYXYXXYXYY,329,34560
12,XXYYXYXXYYXX,-107,34560
12,XXYYXYXXYYXY,-43,2880
12,XXYYXYXXYYYX,151,17280
12,XXYYXYXXYYYY,203,207360
12,XXYYXYXYXXXX,-37,207360
12,XXYYXYXYXXXY,5,6912
12,XXYYXYXYXXYX,17,11520
12,XXYYXYXYXXYY,17,11520
12,XXYYXYXYXYXX,-107,17280
12,XXYYXYXYXYXY,251,138240
12,XXYYXYXYXYYX,-1963,138240
12,XXYYXYXYXYYY,-547,51840
12,XXYYXYXYYXXX,17,5184
12,XXYYXYXYYXXY,-139,138240
12,XXYYXYXYYXYX,2339,138240
12,XXYYXYXYYXYY,19,864
12,XXYYXYXYYYXX,-7,1152
12,XXYYXYXYYYXY,-571,34560
12,XXYYXYXYYYYX,151,34560
12,XXYYXYXYYYYY,139,1036800
12,XXYYXYYXXXXX,-29,1036800
12,XXYYXYYXXXXY,7,11520
12,XXYYXYYXXXYX,-79,34560
12,XXYYXYYXXXYY,-79,34560
12,XXYYXYYXXYXX,13,5760
12,XXYYXYYXXYXY,125,27648
12,XXYYXYYXXYYX,-1,138240
12,XXYYXYYXXYYY,19,6480
12,XXYYXYYXYXXX,-19,51840
12,XXYYXYYXYXXY,-593,138240
12,XXYYXYYXYXYX,49,15360
12,XXYYXYYXYXYY,-19,17280
12,XXYYXYYXYYXY,-301,34560
12,XXYYXYYXYYYX,301,34560
12,XXYYXYYXYYYY,263,207360
12,XXYYXYYYXXXX,-73,207360
12,XXYYXYYYXXXY,5,1728
12,XXYYXYYYXXYX,-91,17280
12,XXYYXYYYXXYY,-91,17280
12,XXYYXYYYXYXX,-1,3840
12,XXYYXYYYXYXY,1027,69120
12,XXYYXYYYXYYX,-1063,69120
12,XXYYXYYYXYYY,-527,103680
12,XXYYXYYYYXXX,127,103680
12,XXYYXYYYYXXY,-151,69120
12,XXYYXYYYYXYX,511,69120
12,XXYYXYYYYXYY,233,34560
12,XXYYXYYYYYXX,-53,34560
12,XXYYXYYYYYXY,-37,9600
12,XXYYXYYYYYYX,17,21600
12,XXYYXYYYYYYY,-11,1451520
12,XXYYYXXXXXXX,1,1451520
12,XXYYYXXXXXXY,7,86400
12,XXYYYXXXXXYX,-1,2700
12,XXYYYXXXXXYY,-1,2700
12,XXYYYXXXXYXX,7,11520
12,XXYYYXXXXYXY,1,2560
12,XXYYYXXXXYYX,19,23040
12,XXYYYXXXXYYY,7,11520
12,XXYYYXXXYXXX,-41,103680
12,XXYYYXXXYXXY,121,69120
12,XXYYYXXXYXYX,-103,23040
12,XXYYYXXXYXYY,-49,11520
12,XXYYYXXXYYXX,53,34560
12,XXYYYXXXYYXY,67,8640
12,XXYYYXXXYYYX,-3,640
12,XXYYYXXXYYYY,-97,207360
12,XXYYYXXYXXXX,11,207360
12,XXYYYXXYXXXY,-61,34560
12,XXYYYXXYXXYX,97,34560
12,XXYYYXXYXXYY,97,34560
12,XXYYYXXYXYXY,-373,46080
12,XXYYYXXYXYYX,373,46080
12,XXYYYXXYXYYY,7,2592
12,XXYYYXXYYXXX,-43,51840
12,XXYYYXXYYXXY,-1,138240
12,XXYYYXXYYXYX,-343,138240
12,XXYYYXXYYXYY,-43,17280
12,XXYYYXXYYYXY,-37,34560
12,XXYYYXXYYYYX,37,34560
12,XXYYYXXYYYYY,-5,41472
12,XXYYYXYXXXXX,31,1036800
12,XXYYYXYXXXXY,1,1280
12,XXYYYXYXXXYX,-73,34560
12,XXYYYXYXXXYY,-73,34560
12,XXYYYXYXXYXX,7,2880
12,XXYYYXYXXYXY,499,138240
12,XXYYYXYXXYYX,173,138240
12,XXYYYXYXXYYY,101,51840
12,XXYYYXYXYXXX,-7,5184
12,XXYYYXYXYXXY,877,138240
12,XXYYYXYXYXYX,-253,15360
12,XXYYYXYXYXYY,-7,432
12,XXYYYXYXYYXX,7,1152
12,XXYYYXYXYYXY,1001,34560
12,XXYYYXYXYYYX,-581,34560
12,XXYYYXYXYYYY,-301,207360
12,XXYYYXYYXXXX,83,207360
12,XXYYYXYYXXXY,-37,8640
12,XXYYYXYYXXYX,131,17280
12,XXYYYXYYXXYY,131,17280
12,XXYYYXYYXYXX,1,11520
12,XXYYYXYYXYXY,-1409,69120
12,XXYYYXYYXYYX,1421,69120
12,XXYYYXYYXYYY,721,103680
12,XXYYYXYYYXXX,-37,20736
12,XXYYYXYYYXXY,7,2560
12,XXYYYXYYYXYX,-757,69120
12,XXYYYXYYYXYY,-383,34560
12,XXYYYXYYYYXX,11,3840
12,XXYYYXYYYYXY,133,17280
12,XXYYYXYYYYYX,-17,8640
12,XXYYYXYYYYYY,11,1036800
12,XXYYYYXXXXXX,-1,1036800
12,XXYYYYXXXXXY,-73,259200
12,XXYYYYXXXXYX,13,12960
12,XXYYYYXXXXYY,13,12960
12,XXYYYYXXXYXX,-139,103680
12,XXYYYYXXXYXY,-359,207360
12,XXYYYYXXXYYX,-197,207360
12,XXYYYYXXXYYY,-139,103680
12,XXYYYYXXYXXX,83,103680
12,XXYYYYXXYXXY,-23,13824
12,XXYYYYXXYXYX,47,7680
12,XXYYYYXXYXYY,5,768
12,XXYYYYXXYYXX,-71,34560
12,XXYYYYXXYYXY,-17,1728
12,XXYYYYXXYYYX,11,1920
12,XXYYYYXXYYYY,139,207360
12,XXYYYYXYXXXX,-41,207360
12,XXYYYYXYXXXY,13,17280
12,XXYYYYXYXXYX,-7,8640
12,XXYYYYXYXXYY,-7,8640
12,XXYYYYXYXYXX,-7,3840
12,XXYYYYXYXYXY,41,13824
12,XXYYYYXYXYYX,-457,69120
12,XXYYYYXYXYYY,-421,103680
12,XXYYYYXYYXXX,113,103680
12,XXYYYYXYYXXY,-13,13824
12,XXYYYYXYYXYX,163,23040
12,XXYYYYXYYXYY,311,34560
12,XXYYYYXYYYXX,-11,3840
12,XXYYYYXYYYXY,-29,3456
12,XXYYYYXYYYYX,23,8640
12,XXYYYYXYYYYY,-61,1036800
12,XXYYYYYXXXXX,11,1036800
12,XXYYYYYXXXXY,7,17280
12,XXYYYYYXXXYX,-1,960
12,XXYYYYYXXXYY,-1,960
12,XXYYYYYXXYXX,31,34560
12,XXYYYYYXXYXY,161,69120
12,XXYYYYYXXYYX,-37,69120
12,XXYYYYYXXYYY,83,103680
12,XXYYYYYXYXXX,-19,103680
12,XXYYYYYXYXXY,1,2560
12,XXYYYYYXYXYX,-19,7680
12,XXYYYYYXYXYY,-25,6912
12,XXYYYYYXYYXX,53,34560
12,XXYYYYYXYYXY,3,640
12,XXYYYYYXYYYX,-7,4320
12,XXYYYYYXYYYY,31,207360
12,XXYYYYYYXXXX,-1,41472
12,XXYYYYYYXXXY,-1,3840
12,XXYYYYYYXXYX,17,34560
12,XXYYYYYYXXYY,17,34560
12,XXYYYYYYXYXX,-1,2880
12,XXYYYYYYXYXY,-1,1080
12,XXYYYYYYXYYX,1,4320
12,XXYYYYYYXYYY,-1,6480
12,XXYYYYYYYXXX,1,51840
12,XXYYYYYYYXYX,1,17280
12,XXYYYYYYYXYY,1,17280
12,XXYYYYYYYYXY,1,151200
12,XXYYYYYYYYYX,-1,151200
12,XXYYYYYYYYYY,1,8709120
12,XYXXXXXXXXXX,-1,43545600
12,XYXXXXXXXXXY,-1,1814400
12,XYXXXXXXXYXX,1,151200
12,XYXXXXXXXYXY,1,151200
12,XYXXXXXXXYYX,1,151200
12,XYXXXXXXXYYY,1,151200
12,XYXXXXXXYXXX,-1,64800
12,XYXXXXXXYXXY,-11,172800
12,XYXXXXXXYXYX,7,86400
12,XYXXXXXXYXYY,7,86400
12,XYXXXXXXYYXX,-11,172800
12,XYXXXXXXYYXY,-1,4800
12,XYXXXXXXYYYX,7,86400
12,XYXXXXXXYYYY,-1,64800
12,XYXXXXXYXXXX,7,518400
12,XYXXXXXYXXXY,17,86400
12,XYXXXXXYXXYX,-19,43200
12,XYXXXXXYXXYY,-19,43200
12,XYXXXXXYXYXX,1,2700
12,XYXXXXXYXYXY,343,345600
12,XYXXXXXYXYYX,-29,115200
12,XYXXXXXYXYYY,71,259200
12,XYXXXXXYYXXX,-19,259200
12,XYXXXXXYYXXY,13,345600
12,XYXXXXXYYXYX,-217,345600
12,XYXXXXXYYXYY,-83,86400
12,XYXXXXXYYYXX,1,2700
12,XYXXXXXYYYXY,17,14400
12,XYXXXXXYYYYX,-19,43200
12,XYXXXXXYYYYY,7,518400
12,XYXXXXYXXXXX,-1,259200
12,XYXXXXYXXXXY,-1,3456
12,XYXXXXYXXXYX,1,1152
12,XYXXXXYXXXYY,1,1152
12,XYXXXXYXXYXX,-11,11520
12,XYXXXXYXXYXY,-13,7680
12,XYXXXXYXXYYX,-1,4608
12,XYXXXXYXXYYY,-47,51840
12,XYXXXXYXYXXX,11,25920
12,XYXXXXYXYXXY,-7,7680
12,XYXXXXYXYXYX,17,4608
12,XYXXXXYXYXYY,37,8640
12,XYXXXXYXYYXX,-13,8640
12,XYXXXXYXYYXY,-1,160
12,XYXXXXYXYYYX,7,2160
12,XYXXXXYXYYYY,13,51840
12,XYXXXXYYXXXX,-7,103680
12,XYXXXXYYXXXY,1,1728
12,XYXXXXYYXXYX,-1,1152
12,XYXXXXYYXXYY,-1,1152
12,XYXXXXYYXYXX,-7,17280
12,XYXXXXYYXYXY,157,69120
12,XYXXXXYYXYYX,-71,23040
12,XYXXXXYYXYYY,-1,648
12,XYXXXXYYYXXX,11,25920
12,XYXXXXYYYXXY,-11,41472
12,XYXXXXYYYXYX,527,207360
12,XYXXXXYYYXYY,17,5184
12,XYXXXXYYYYXX,-13,12960
12,XYXXXXYYYYXY,-601,207360
12,XYXXXXYYYYYX,37,41472
12,XYXXXXYYYYYY,-1,115200
12,XYXXXYXXXXXX,-1,1036800
12,XYXXXYXXXXXY,19,86400
12,XYXXXYXXXXYX,-1,1152
12,XYXXXYXXXXYY,-1,1152
12,XYXXXYXXXYXX,11,8640
12,XYXXXYXXXYXY,91,69120
12,XYXXXYXXXYYX,17,13824
12,XYXXXYXXXYYY,11,8640
12,XYXXXYXXYXXX,-43,51840
12,XYXXXYXXYXXY,149,69120
12,XYXXXYXXYXYX,-473,69120
12,XYXXXYXXYXYY,-119,17280
12,XYXXXYXXYYXX,19,8640
12,XYXXXYXXYYXY,43,3840
12,XYXXXYXXYYYX,-47,6912
12,XYXXXYXXYYYY,-169,207360
12,XYXXXYXYXXXX,41,207360
12,XYXXXYXYXXXY,-13,8640
12,XYXXXYXYXXYX,37,17280
12,XYXXXYXYXXYY,37,17280
12,XYXXXYXYXYXX,49,34560
12,XYXXXYXYXYXY,-887,138240
12,XYXXXYXYXYYX,1279,138240
12,XYXXXYXYXYYY,95,20736
12,XYXXXYXYYXXX,-131,103680
12,XYXXXYXYYXXY,7,15360
12,XYXXXYXYYXYX,-293,46080
12,XYXXXYXYYXYY,-277,34560
12,XYXXXYXYYYXX,73,34560
12,XYXXXYXYYYXY,1,180
12,XYXXXYXYYYYX,-23,17280
12,XYXXXYXYYYYY,-11,1036800
12,XYXXXYYXXXXX,1,1036800
12,XYXXXYYXXYXX,7,34560
12,XYXXXYYXXYXY,-109,138240
12,XYXXXYYXXYYX,11,9216
12,XYXXXYYXXYYY,1,103680
12,XYXXXYYXYXXX,-41,103680
12,XYXXXYYXYXXY,533,138240
12,XYXXXYYXYXYX,-1013,138240
12,XYXXXYYXYXYY,-199,34560
12,XYXXXYYXYYXX,79,34560
12,XYXXXYYXYYXY,73,5760
12,XYXXXYYXYYYX,-7,864
12,XYXXXYYXYYYY,-163,207360
12,XYXXXYYYXXXX,41,207360
12,XYXXXYYYXXXY,-91,34560
12,XYXXXYYYXXYX,167,34560
12,XYXXXYYYXXYY,167,34560
12,XYXXXYYYXYXX,-1,1728
12,XYXXXYYYXYXY,-59,4608
12,XYXXXYYYXYYX,161,13824
12,XYXXXYYYXYYY,17,5184
12,XYXXXYYYYXXX,-43,51840
12,XYXXXYYYYXXY,13,7680
12,XYXXXYYYYXYX,-361,69120
12,XYXXXYYYYXYY,-79,17280
12,XYXXXYYYYYXX,1,960
12,XYXXXYYYYYXY,227,86400
12,XYXXXYYYYYYX,-47,86400
12,XYXXXYYYYYYY,-11,1451520
12,XYXXYXXXXXXX,1,1451520
12,XYXXYXXXXXXY,-1,10800
12,XYXXYXXXXXYX,19,43200
12,XYXXYXXXXXYY,19,43200
12,XYXXYXXXXYXX,-13,17280
12,XYXXYXXXXYXY,-37,69120
12,XYXXYXXXXYYX,-67,69120
12,XYXXYXXXXYYY,-13,17280
12,XYXXYXXXYXXX,29,51840
12,XYXXYXXXYXXY,-103,69120
12,XYXXYXXXYXYX,307,69120
12,XYXXYXXXYXYY,73,17280
12,XYXXYXXXYYXX,-11,8640
12,XYXXYXXXYYXY,-83,11520
12,XYXXYXXXYYYX,161,34560
12,XYXXYXXXYYYY,131,207360
12,XYXXYXXYXXXX,-31,207360
12,XYXXYXXYXXXY,11,17280
12,XYXXYXXYXYXX,-97,34560
12,XYXXYXXYXYXY,323,138240
12,XYXXYXXYXYYX,-1099,138240
12,XYXXYXXYXYYY,-551,103680
12,XYXXYXXYYXXX,163,103680
12,XYXXYXXYYXXY,-59,138240
12,XYXXYXXYYXYX,1099,138240
12,XYXXYXXYYXYY,119,11520
12,XYXXYXXYYYXX,-97,34560
12,XYXXYXXYYYXY,-127,17280
12,XYXXYXXYYYYX,1,576
12,XYXXYXXYYYYY,1,41472
12,XYXXYXYXXXXX,1,1036800
12,XYXXYXYXXXXY,13,17280
12,XYXXYXYXXXYX,-37,17280
12,XYXXYXYXXXYY,-37,17280
12,XYXXYXYXXYXX,53,34560
12,XYXXYXYXXYXY,47,9216
12,XYXXYXYXXYYX,-281,138240
12,XYXXYXYXXYYY,199,103680
12,XYXXYXYXYXXX,37,103680
12,XYXXYXYXYXXY,-857,138240
12,XYXXYXYXYXYX,403,46080
12,XYXXYXYXYXYY,139,34560
12,XYXXYXYXYYXX,-17,11520
12,XYXXYXYXYYXY,-29,1728
12,XYXXYXYXYYYX,239,17280
12,XYXXYXYXYYYY,413,207360
12,XYXXYXYYXXXX,-103,207360
12,XYXXYXYYXXXY,67,11520
12,XYXXYXYYXXYX,-409,34560
12,XYXXYXYYXXYY,-409,34560
12,XYXXYXYYXYXX,7,2160
12,XYXXYXYYXYXY,77,2560
12,XYXXYXYYXYYX,-1631,69120
12,XYXXYXYYXYYY,-113,25920
12,XYXXYXYYYXXX,41,51840
12,XYXXYXYYYXXY,-223,69120
12,XYXXYXYYYXYX,331,69120
12,XYXXYXYYYXYY,13,17280
12,XYXXYXYYYYXX,7,8640
12,XYXXYXYYYYXY,1,288
12,XYXXYXYYYYYX,-1,540
12,XYXXYXYYYYYY,11,1036800
12,XYXXYYXXXXXX,-1,1036800
12,XYXXYYXXXXXY,-31,86400
12,XYXXYYXXXXYX,1,1152
12,XYXXYYXXXXYY,1,1152
12,XYXXYYXXXYXX,-1,2160
12,XYXXYYXXXYXY,-149,69120
12,XYXXYYXXXYYX,17,13824
12,XYXXYYXXXYYY,-1,2160
12,XYXXYYXXYXXX,-13,51840
12,XYXXYYXXYXXY,149,69120
12,XYXXYYXXYXYX,-233,69120
12,XYXXYYXXYXYY,-29,17280
12,XYXXYYXXYYXX,1,2160
12,XYXXYYXXYYXY,23,3840
12,XYXXYYXXYYYX,-35,6912
12,XYXXYYXXYYYY,-169,207360
12,XYXXYYXYXXXX,41,207360
12,XYXXYYXYXXXY,-157,34560
12,XYXXYYXYXXYX,409,34560
12,XYXXYYXYXXYY,409,34560
12,XYXXYYXYXYXX,-17,1920
12,XYXXYYXYXYXY,-577,23040
12,XYXXYYXYXYYX,169,23040
12,XYXXYYXYXYYY,-65,10368
12,XYXXYYXYYXXX,61,25920
12,XYXXYYXYYXXY,59,69120
12,XYXXYYXYYXYX,953,69120
12,XYXXYYXYYXYY,1,45
12,XYXXYYXYYYXX,-131,17280
12,XYXXYYXYYYXY,-773,34560
12,XYXXYYXYYYYX,83,11520
12,XYXXYYXYYYYY,-11,1036800
12,XYXXYYYXXXXX,1,1036800
12,XYXXYYYXXXXY,53,34560
12,XYXXYYYXXXYX,-167,34560
12,XYXXYYYXXXYY,-167,34560
12,XYXXYYYXXYXX,17,3456
12,XYXXYYYXXYXY,203,23040
12,XYXXYYYXXYYX,71,69120
12,XYXXYYYXXYYY,55,10368
12,XYXXYYYXYXXX,-19,12960
12,XYXXYYYXYXXY,1,4608
12,XYXXYYYXYXYX,-683,69120
12,XYXXYYYXYXYY,-43,2880
12,XYXXYYYXYYXX,91,17280
12,XYXXYYYXYYXY,451,34560
12,XYXXYYYXYYYX,-29,11520
12,XYXXYYYXYYYY,25,41472
12,XYXXYYYYXXXX,-31,207360
12,XYXXYYYYXXXY,1,17280
12,XYXXYYYYXYXX,-37,34560
12,XYXXYYYYXYXY,43,34560
12,XYXXYYYYXYYX,-13,3840
12,XYXXYYYYXYYY,-191,103680
12,XYXXYYYYYXXX,43,103680
12,XYXXYYYYYXXY,-17,34560
12,XYXXYYYYYXYX,77,34560
12,XYXXYYYYYXYY,77,34560
12,XYXXYYYYYYXX,-17,34560
12,XYXXYYYYYYXY,-1,800
12,XYXXYYYYYYYX,23,86400
12,XYXXYYYYYYYY,-1,414720
12,XYXYXXXXXXXX,-1,2903040
12,XYXYXXXXXXXY,1,67200
12,XYXYXXXXXXYX,-7,86400
12,XYXYXXXXXXYY,-7,86400
12,XYXYXXXXXYXX,1,5760
12,XYXYXXXXXYXY,1,5760
12,XYXYXXXXXYYX,1,5760
12,XYXYXXXXXYYY,1,5760
12,XYXYXXXXYXXX,-1,5184
12,XYXYXXXXYXXY,-1,3456
12,XYXYXXXXYYXX,-1,3456
12,XYXYXXXXYYXY,-1,1728
12,XYXYXXXXYYYY,-1,5184
12,XYXYXXXYXXXX,23,207360
12,XYXYXXXYXXXY,13,7680
12,XYXYXXXYXXYX,-307,69120
12,XYXYXXXYXXYY,-307,69120
12,XYXYXXXYXYXX,103,23040
12,XYXYXXXYXYXY,209,23040
12,XYXYXXXYXYYX,-1,7680
12,XYXYXXXYXYYY,887,207360
12,XYXYXXXYYXXX,-53,41472
12,XYXYXXXYYXXY,31,69120
12,XYXYXXXYYXYX,-121,13824
12,XYXYXXXYYXYY,-883,69120
12,XYXYXXXYYYXX,103,23040
12,XYXYXXXYYYXY,185,13824
12,XYXYXXXYYYYX,-307,69120
12,XYXYXXXYYYYY,23,207360
12,XYXYXXYXXXXX,-29,1036800
12,XYXYXXYXXXXY,-167,69120
12,XYXYXXYXXXYX,473,69120
12,XYXYXXYXXXYY,473,69120
12,XYXYXXYXXYXX,-443,69120
12,XYXYXXYXXYXY,-323,23040
12,XYXYXXYXXYYX,83,69120
12,XYXYXXYXXYYY,-1309,207360
12,XYXYXXYXYXXX,347,207360
12,XYXYXXYXYXXY,-25,13824
12,XYXYXXYXYXYX,1103,69120
12,XYXYXXYXYXYY,1609,69120
12,XYXYXXYXYYXX,-631,69120
12,XYXYXXYXYYXY,-613,23040
12,XYXYXXYXYYYX,577,69120
12,XYXYXXYXYYYY,-169,207360
12,XYXYXXYYXXXX,7,41472
12,XYXYXXYYXXXY,-47,69120
12,XYXYXXYYXXYX,233,69120
12,XYXYXXYYXXYY,233,69120
12,XYXYXXYYXYXX,-17,4608
12,XYXYXXYYXYXY,-121,13824
12,XYXYXXYYXYYX,19,13824
12,XYXYXXYYXYYY,-901,207360
12,XYXYXXYYYXXX,347,207360
12,XYXYXXYYYXXY,7,7680
12,XYXYXXYYYXYX,707,69120
12,XYXYXXYYYXYY,1193,69120
12,XYXYXXYYYYXX,-47,7680
12,XYXYXXYYYYXY,-1289,69120
12,XYXYXXYYYYYX,443,69120
12,XYXYXXYYYYYY,-19,1036800
12,XYXYXYXXXXXX,-1,1036800
12,XYXYXYXXXXXY,401,345600
12,XYXYXYXXXXYX,-17,4608
12,XYXYXYXXXXYY,-17,4608
12,XYXYXYXXXYXX,283,69120
12,XYXYXYXXXYXY,481,69120
12,XYXYXYXXXYYX,17,13824
12,XYXYXYXXXYYY,283,69120
12,XYXYXYXXYXXX,-367,207360
12,XYXYXYXXYXXY,269,69120
12,XYXYXYXXYXYX,-1103,69120
12,XYXYXYXXYXYY,-1301,69120
12,XYXYXYXXYYXX,467,69120
12,XYXYXYXXYYXY,613,23040
12,XYXYXYXXYYYX,-181,13824
12,XYXYXYXXYYYY,-169,207360
12,XYXYXYXYXXXX,41,207360
12,XYXYXYXYXXXY,187,138240
12,XYXYXYXYXXYX,-403,46080
12,XYXYXYXYXXYY,-403,46080
12,XYXYXYXYXYXX,2021,138240
12,XYXYXYXYXYXY,2,135
12,XYXYXYXYXYYX,997,69120
12,XYXYXYXYXYYY,1667,82944
12,XYXYXYXYYXXX,-2669,414720
12,XYXYXYXYYXXY,-11,69120
12,XYXYXYXYYXYX,-1231,34560
12,XYXYXYXYYXYY,-7223,138240
12,XYXYXYXYYYXX,253,15360
12,XYXYXYXYYYXY,6563,138240
12,XYXYXYXYYYYX,-2009,138240
12,XYXYXYXYYYYY,-11,1036800
12,XYXYXYYXXXXX,1,1036800
12,XYXYXYYXXXXY,-109,46080
12,XYXYXYYXXXYX,1013,138240
12,XYXYXYYXXXYY,1013,138240
12,XYXYXYYXXYXX,-323,46080
12,XYXYXYYXXYXY,-539,34560
12,XYXYXYYXXYYX,109,69120
12,XYXYXYYXXYYY,-3227,414720
12,XYXYXYYXYXXX,125,82944
12,XYXYXYYXYXXY,533,69120
12,XYXYXYYXYXYY,1507,138240
12,XYXYXYYXYYXX,-49,15360
12,XYXYXYYXYYXY,133,27648
12,XYXYXYYXYYYX,-1547,138240
12,XYXYXYYXYYYY,-451,207360
12,XYXYXYYYXXXX,113,207360
12,XYXYXYYYXXXY,-373,69120
12,XYXYXYYYXXYX,683,69120
12,XYXYXYYYXXYY,683,69120
12,XYXYXYYYXYXX,-7,23040
12,XYXYXYYYXYXY,-1871,69120
12,XYXYXYYYXYYX,1829,69120
12,XYXYXYYYXYYY,1697,207360
12,XYXYXYYYYXXX,-83,41472
12,XYXYXYYYYXXY,29,7680
12,XYXYXYYYYXYX,-847,69120
12,XYXYXYYYYXYY,-757,69120
12,XYXYXYYYYYXX,19,7680
12,XYXYXYYYYYXY,2153,345600
12,XYXYXYYYYYYX,-443,345600
12,XYXYXYYYYYYY,-11,1451520
12,XYXYYXXXXXXX,1,1451520
12,XYXYYXXXXXXY,-47,345600
12,XYXYYXXXXXYX,217,345600
12,XYXYYXXXXXYY,217,345600
12,XYXYYXXXXYXX,-23,23040
12,XYXYYXXXXYXY,-13,23040
12,XYXYYXXXXYYX,-11,7680
12,XYXYYXXXXYYY,-23,23040
12,XYXYYXXXYXXX,25,41472
12,XYXYYXXXYXXY,-17,4608
12,XYXYYXXXYXYX,121,13824
12,XYXYYXXXYXYY,115,13824
12,XYXYYXXXYYXX,-5,1536
12,XYXYYXXXYYXY,-217,13824
12,XYXYYXXXYYYX,127,13824
12,XYXYYXXXYYYY,31,41472
12,XYXYYXXYXXXX,-7,207360
12,XYXYYXXYXXXY,203,46080
12,XYXYYXXYXXYX,-1099,138240
12,XYXYYXXYXXYY,-1099,138240
12,XYXYYXXYXYXX,343,138240
12,XYXYYXXYXYXY,721,34560
12,XYXYYXXYXYYX,-1099,69120
12,XYXYYXXYXYYY,-1211,414720
12,XYXYYXXYYXXX,77,82944
12,XYXYYXXYYXXY,7,23040
12,XYXYYXXYYXYY,-301,138240
12,XYXYYXXYYYXX,343,138240
12,XYXYYXXYYYXY,29,3072
12,XYXYYXXYYYYX,-619,138240
12,XYXYYXXYYYYY,13,41472
12,XYXYYXYXXXXX,-59,1036800
12,XYXYYXYXXXXY,-341,138240
12,XYXYYXYXXXYX,293,46080
12,XYXYYXYXXXYY,293,46080
12,XYXYYXYXXYXX,-803,138240
12,XYXYYXYXXYXY,-43,3456
12,XYXYYXYXXYYX,19,23040
12,XYXYYXYXXYYY,-2009,414720
12,XYXYYXYXYXXX,763,414720
12,XYXYYXYXYXXY,-911,69120
12,XYXYYXYXYXYX,1231,34560
12,XYXYYXYXYXYY,5441,138240
12,XYXYYXYXYYXX,-2339,138240
12,XYXYYXYXYYXY,-67,1024
12,XYXYYXYXYYYX,4367,138240
12,XYXYYXYXYYYY,113,207360
12,XYXYYXYYXXXX,-43,207360
12,XYXYYXYYXXXY,21,2560
12,XYXYYXYYXXYX,-953,69120
12,XYXYYXYYXXYY,-953,69120
12,XYXYYXYYXYXX,119,69120
12,XYXYYXYYXYXY,743,23040
12,XYXYYXYYXYYX,-1991,69120
12,XYXYYXYYXYYY,-2059,207360
12,XYXYYXYYYXXX,629,207360
12,XYXYYXYYYXXY,-61,23040
12,XYXYYXYYYXYX,1301,69120
12,XYXYYXYYYXYY,1607,69120
12,XYXYYXYYYYXX,-163,23040
12,XYXYYXYYYYXY,-283,13824
12,XYXYYXYYYYYX,437,69120
12,XYXYYXYYYYYY,11,1036800
12,XYXYYYXXXXXX,-1,1036800
12,XYXYYYXXXXXY,893,1036800
12,XYXYYYXXXXYX,-527,207360
12,XYXYYYXXXXYY,-527,207360
12,XYXYYYXXXYXX,517,207360
12,XYXYYYXXXYXY,1111,207360
12,XYXYYYXXXYYX,-77,207360
12,XYXYYYXXXYYY,517,207360
12,XYXYYYXXYXXX,-179,207360
12,XYXYYYXXYXXY,11,4608
12,XYXYYYXXYXYX,-707,69120
12,XYXYYYXXYXYY,-181,13824
12,XYXYYYXXYYXX,121,23040
12,XYXYYYXXYYXY,247,13824
12,XYXYYYXXYYYX,-509,69120
12,XYXYYYXXYYYY,19,207360
12,XYXYYYXYXXXX,19,207360
12,XYXYYYXYXXXY,77,69120
12,XYXYYYXYXXYX,-331,69120
12,XYXYYYXYXXYY,-331,69120
12,XYXYYYXYXYXX,469,69120
12,XYXYYYXYXYXY,175,13824
12,XYXYYYXYXYYX,7,7680
12,XYXYYYXYXYYY,1783,207360
12,XYXYYYXYYXXX,-569,207360
12,XYXYYYXYYXXY,-5,13824
12,XYXYYYXYYXYX,-1301,69120
12,XYXYYYXYYXYY,-2083,69120
12,XYXYYYXYYYXX,757,69120
12,XYXYYYXYYYXY,155,4608
12,XYXYYYXYYYYX,-811,69120
12,XYXYYYXYYYYY,239,1036800
12,XYXYYYYXXXXX,-49,1036800
12,XYXYYYYXXXXY,-139,69120
12,XYXYYYYXXXYX,361,69120
12,XYXYYYYXXXYY,361,69120
12,XYXYYYYXXYXX,-7,1536
12,XYXYYYYXXYXY,-89,7680
12,XYXYYYYXXYYX,19,7680
12,XYXYYYYXXYYY,-169,41472
12,XYXYYYYXYXXX,211,207360
12,XYXYYYYXYXXY,-25,13824
12,XYXYYYYXYXYX,847,69120
12,XYXYYYYXYXYY,137,7680
12,XYXYYYYXYYXX,-511,69120
12,XYXYYYYXYYXY,-1583,69120
12,XYXYYYYXYYYX,187,23040
12,XYXYYYYXYYYY,-25,41472
12,XYXYYYYYXXXX,19,207360
12,XYXYYYYYXXXY,41,34560
12,XYXYYYYYXXYX,-77,34560
12,XYXYYYYYXXYY,-77,34560
12,XYXYYYYYXYXX,5,3456
12,XYXYYYYYXYXY,5,1152
12,XYXYYYYYXYYX,-5,3456
12,XYXYYYYYXYYY,5,10368
12,XYXYYYYYYXXX,-1,25920
12,XYXYYYYYYXXY,-1,17280
12,XYXYYYYYYYXX,-1,17280
12,XYXYYYYYYYXY,-53,302400
12,XYXYYYYYYYYX,1,16800
12,XYXYYYYYYYYY,-11,8709120
12,XYYXXXXXXXXX,1,8709120
12,XYYXXXXXXXXY,1,403200
12,XYYXXXXXXXYX,-1,151200
12,XYYXXXXXXXYY,-1,151200
12,XYYXXXXXYXXX,1,51840
12,XYYXXXXXYXXY,1,8640
12,XYYXXXXXYXYX,-1,5760
12,XYYXXXXXYXYY,-1,5760
12,XYYXXXXXYYXX,1,8640
12,XYYXXXXXYYXY,7,17280
12,XYYXXXXXYYYX,-1,5760
12,XYYXXXXXYYYY,1,51840
12,XYYXXXXYXXXX,-1,41472
12,XYYXXXXYXXXY,-29,69120
12,XYYXXXXYXXYX,67,69120
12,XYYXXXXYXXYY,67,69120
12,XYYXXXXYXYXX,-19,23040
12,XYYXXXXYXYXY,-149,69120
12,XYYXXXXYXYYX,7,13824
12,XYYXXXXYXYYY,-131,207360
12,XYYXXXXYYXXX,37,207360
12,XYYXXXXYYXXY,-1,13824
12,XYYXXXXYYXYX,11,7680
12,XYYXXXXYYXYY,151,69120
12,XYYXXXXYYYXX,-19,23040
12,XYYXXXXYYYXY,-181,69120
12,XYYXXXXYYYYX,67,69120
12,XYYXXXXYYYYY,-1,41472
12,XYYXXXYXXXXX,11,1036800
12,XYYXXXYXXXXY,7,13824
12,XYYXXXYXXXYX,-17,13824
12,XYYXXXYXXXYY,-17,13824
12,XYYXXXYXXYXX,59,69120
12,XYYXXXYXXYXY,203,69120
12,XYYXXXYXXYYX,-17,13824
12,XYYXXXYXXYYY,157,207360
12,XYYXXXYXYXXX,13,207360
12,XYYXXXYXYXXY,-13,69120
12,XYYXXXYXYXYX,-17,13824
12,XYYXXXYXYXYY,-209,69120
12,XYYXXXYXYYXX,37,23040
12,XYYXXXYXYYXY,203,69120
12,XYYXXXYXYYYX,19,69120
12,XYYXXXYXYYYY,127,207360
12,XYYXXXYYXXXX,-29,207360
12,XYYXXXYYXXXY,7,13824
12,XYYXXXYYXXYX,-17,13824
12,XYYXXXYYXXYY,-17,13824
12,XYYXXXYYXYXX,7,69120
12,XYYXXXYYXYXY,109,23040
12,XYYXXXYYXYYX,-313,69120
12,XYYXXXYYXYYY,-31,41472
12,XYYXXXYYYXXX,13,207360
12,XYYXXXYYYXXY,-47,41472
12,XYYXXXYYYXYX,77,207360
12,XYYXXXYYYXYY,-71,41472
12,XYYXXXYYYYXX,197,207360
12,XYYXXXYYYYXY,659,207360
12,XYYXXXYYYYYX,-53,41472
12,XYYXXXYYYYYY,7,345600
12,XYYXXYXXXXXX,-1,1036800
12,XYYXXYXXXXXY,-49,345600
12,XYYXXYXXXXYX,1,4608
12,XYYXXYXXXXYY,1,4608
12,XYYXXYXXXYXX,13,69120
12,XYYXXYXXXYXY,-59,69120
12,XYYXXYXXXYYX,17,13824
12,XYYXXYXXXYYY,13,69120
12,XYYXXYXXYXXX,-97,207360
12,XYYXXYXXYXXY,29,69120
12,XYYXXYXXYXYX,-83,69120
12,XYYXXYXXYXYY,-11,69120
12,XYYXXYXXYYXX,-43,69120
12,XYYXXYXXYYXY,23,23040
12,XYYXXYXXYYYX,-31,13824
12,XYYXXYXXYYYY,-169,207360
12,XYYXXYXYXXXX,41,207360
12,XYYXXYXYXXXY,-41,46080
12,XYYXXYXYXXYX,281,138240
12,XYYXXYXYXXYY,281,138240
12,XYYXXYXYXYXX,-29,138240
12,XYYXXYXYXYXY,-511,69120
12,XYYXXYXYXYYX,241,34560
12,XYYXXYXYXYYY,101,82944
12,XYYXXYXYYXXX,-59,414720
12,XYYXXYXYYXXY,19,11520
12,XYYXXYXYYXYX,-19,23040
12,XYYXXYXYYXYY,287,138240
12,XYYXXYXYYYXX,-173,138240
12,XYYXXYXYYYXY,-209,46080
12,XYYXXYXYYYYX,281,138240
12,XYYXXYXYYYYY,-11,1036800
12,XYYXXYYXXXXX,1,1036800
12,XYYXXYYXXXXY,11,27648
12,XYYXXYYXXXYX,-11,9216
12,XYYXXYYXXXYY,-11,9216
12,XYYXXYYXXYXX,193,138240
12,XYYXXYYXXYXY,193,69120
12,XYYXXYYXXYYY,499,414720
12,XYYXXYYXYXXX,-329,414720
12,XYYXXYYXYXXY,-7,8640
12,XYYXXYYXYXYX,-109,69120
12,XYYXXYYXYXYY,-331,138240
12,XYYXXYYXYYXX,1,138240
12,XYYXXYYXYYXY,109,46080
12,XYYXXYYXYYYX,-65,27648
12,XYYXXYYXYYYY,-163,207360
12,XYYXXYYYXXXX,41,207360
12,XYYXXYYYXXXY,11,23040
12,XYYXXYYYXXYX,-71,69120
12,XYYXXYYYXXYY,-71,69120
12,XYYXXYYYXYXX,25,13824
12,XYYXXYYYXYXY,1,1536
12,XYYXXYYYXYYX,41,13824
12,XYYXXYYYXYYY,91,41472
12,XYYXXYYYYXXX,-97,207360
12,XYYXXYYYYXXY,37,69120
12,XYYXXYYYYXYX,-19,7680
12,XYYXXYYYYXYY,-19,7680
12,XYYXXYYYYYXX,37,69120
12,XYYXXYYYYYXY,463,345600
12,XYYXXYYYYYYX,-31,115200
12,XYYXXYYYYYYY,13,1451520
12,XYYXYXXXXXXX,1,1451520
12,XYYXYXXXXXXY,-17,345600
12,XYYXYXXXXXYX,29,115200
12,XYYXYXXXXXYY,29,115200
12,XYYXYXXXXYXX,-7,13824
12,XYYXYXXXXYXY,-7,13824
12,XYYXYXXXXYYX,-7,13824
12,XYYXYXXXXYYY,-7,13824
12,XYYXYXXXYXXX,107,207360
12,XYYXYXXXYXXY,49,69120
12,XYYXYXXXYXYX,1,7680
12,XYYXYXXXYXYY,1,7680
12,XYYXYXXXYYXX,49,69120
12,XYYXYXXXYYXY,89,69120
12,XYYXYXXXYYYX,1,7680
12,XYYXYXXXYYYY,107,207360
12,XYYXYXXYXXXX,-11,41472
12,XYYXYXXYXXXY,-433,138240
12,XYYXYXXYXXYX,1099,138240
12,XYYXYXXYXXYY,1099,138240
12,XYYXYXXYXYXX,-373,46080
12,XYYXYXXYXYXY,-373,23040
12,XYYXYXXYXYYY,-3197,414720
12,XYYXYXXYYXXX,919,414720
12,XYYXYXXYYXXY,-1,864
12,XYYXYXXYYXYX,1099,69120
12,XYYXYXXYYXYY,3157,138240
12,XYYXYXXYYYXX,-373,46080
12,XYYXYXXYYYXY,-3337,138240
12,XYYXYXXYYYYX,1099,138240
12,XYYXYXXYYYYY,-11,41472
12,XYYXYXYXXXXX,61,1036800
12,XYYXYXYXXXXY,167,46080
12,XYYXYXYXXXYX,-1279,138240
12,XYYXYXYXXXYY,-1279,138240
12,XYYXYXYXXYXX,313,46080
12,XYYXYXYXXYXY,1421,69120
12,XYYXYXYXXYYX,-241,34560
12,XYYXYXYXXYYY,2737,414720
12,XYYXYXYXYXXX,109,414720
12,XYYXYXYXYXXY,7,6912
12,XYYXYXYXYXYX,-997,69120
12,XYYXYXYXYXYY,-3817,138240
12,XYYXYXYXYYXX,1963,138240
12,XYYXYXYXYYXY,1319,46080
12,XYYXYXYXYYYX,-31,138240
12,XYYXYXYXYYYY,1001,207360
12,XYYXYXYYXXXX,-47,41472
12,XYYXYXYYXXXY,173,69120
12,XYYXYXYYXXYX,-169,23040
12,XYYXYXYYXXYY,-169,23040
12,XYYXYXYYXYXX,5,13824
12,XYYXYXYYXYXY,373,13824
12,XYYXYXYYXYYX,-121,4608
12,XYYXYXYYXYYY,-901,207360
12,XYYXYXYYYXXX,-13,207360
12,XYYXYXYYYXXY,-407,69120
12,XYYXYXYYYXYX,-7,7680
12,XYYXYXYYYXYY,-103,7680
12,XYYXYXYYYYXX,457,69120
12,XYYXYXYYYYXY,1511,69120
12,XYYXYXYYYYYX,-199,23040
12,XYYXYXYYYYYY,11,1036800
12,XYYXYYXXXXXX,-1,1036800
12,XYYXYYXXXXXY,-439,345600
12,XYYXYYXXXXYX,71,23040
12,XYYXYYXXXXYY,71,23040
12,XYYXYYXXXYXX,-119,69120
12,XYYXYYXXXYXY,-551,69120
12,XYYXYYXXXYYX,313,69120
12,XYYXYYXXXYYY,-119,69120
12,XYYXYYXXYXXX,-133,207360
12,XYYXYYXXYXXY,197,69120
12,XYYXYYXXYXYX,-19,13824
12,XYYXYYXXYXYY,337,69120
12,XYYXYYXXYYXX,-47,13824
12,XYYXYYXXYYXY,19,23040
12,XYYXYYXXYYYX,-527,69120
12,XYYXYYXXYYYY,-113,41472
12,XYYXYYXYXXXX,19,41472
12,XYYXYYXYXXXY,-641,69120
12,XYYXYYXYXXYX,1631,69120
12,XYYXYYXYXXYY,1631,69120
12,XYYXYYXYXYXX,-383,23040
12,XYYXYYXYXYXY,-457,7680
12,XYYXYYXYXYYX,121,4608
12,XYYXYYXYXYYY,-2191,207360
12,XYYXYYXYYXXX,857,207360
12,XYYXYYXYYXXY,287,69120
12,XYYXYYXYYXYX,1991,69120
12,XYYXYYXYYXYY,137,2560
12,XYYXYYXYYYXX,-1421,69120
12,XYYXYYXYYYXY,-4393,69120
12,XYYXYYXYYYYX,517,23040
12,XYYXYYXYYYYY,-461,1036800
12,XYYXYYYXXXXX,91,1036800
12,XYYXYYYXXXXY,59,13824
12,XYYXYYYXXXYX,-161,13824
12,XYYXYYYXXXYY,-161,13824
12,XYYXYYYXXYXX,739,69120
12,XYYXYYYXXYXY,187,7680
12,XYYXYYYXXYYX,-41,13824
12,XYYXYYYXXYYY,2117,207360
12,XYYXYYYXYXXX,-547,207360
12,XYYXYYYXYXXY,73,23040
12,XYYXYYYXYXYX,-1829,69120
12,XYYXYYYXYXYY,-99,2560
12,XYYXYYYXYYXX,1063,69120
12,XYYXYYYXYYXY,3131,69120
12,XYYXYYYXYYYX,-67,4608
12,XYYXYYYXYYYY,287,207360
12,XYYXYYYYXXXX,-49,207360
12,XYYXYYYYXXXY,-61,34560
12,XYYXYYYYXXYX,13,3840
12,XYYXYYYYXXYY,13,3840
12,XYYXYYYYXYXX,-5,1728
12,XYYXYYYYXYXY,-5,864
12,XYYXYYYYXYYY,-5,2592
12,XYYXYYYYYXXX,17,51840
12,XYYXYYYYYXXY,-1,4320
12,XYYXYYYYYXYX,5,3456
12,XYYXYYYYYXYY,5,3456
12,XYYXYYYYYYXX,-1,4320
12,XYYXYYYYYYXY,-1,1800
12,XYYXYYYYYYYX,1,10800
12,XYYXYYYYYYYY,11,2903040
12,XYYYXXXXXXXX,-1,2903040
12,XYYYXXXXXXXY,1,67200
12,XYYYXXXXXXYX,-7,86400
12,XYYYXXXXXXYY,-7,86400
12,XYYYXXXXXYXX,1,5760
12,XYYYXXXXXYXY,1,5760
12,XYYYXXXXXYYX,1,5760
12,XYYYXXXXXYYY,1,5760
12,XYYYXXXXYXXX,-1,5184
12,XYYYXXXXYXXY,-1,3456
12,XYYYXXXXYYXX,-1,3456
12,XYYYXXXXYYXY,-1,1728
12,XYYYXXXXYYYY,-1,5184
12,XYYYXXXYXXXX,23,207360
12,XYYYXXXYXXXY,61,34560
12,XYYYXXXYXXYX,-161,34560
12,XYYYXXXYXXYY,-161,34560
12,XYYYXXXYXYXX,3,640
12,XYYYXXXYXYXY,73,7680
12,XYYYXXXYXYYX,-1,7680
12,XYYYXXXYXYYY,233,51840
12,XYYYXXXYYXXX,-7,5184
12,XYYYXXXYYXXY,31,69120
12,XYYYXXXYYXYX,-127,13824
12,XYYYXXXYYXYY,-29,2160
12,XYYYXXXYYYXX,3,640
12,XYYYXXXYYYXY,97,6912
12,XYYYXXXYYYYX,-161,34560
12,XYYYXXXYYYYY,23,207360
12,XYYYXXYXXXXX,-29,1036800
12,XYYYXXYXXXXY,-17,6912
12,XYYYXXYXXXYX,47,6912
12,XYYYXXYXXXYY,47,6912
12,XYYYXXYXXYXX,-13,2160
12,XYYYXXYXXYXY,-329,23040
12,XYYYXXYXXYYX,31,13824
12,XYYYXXYXXYYY,-307,51840
12,XYYYXXYXYXXX,31,25920
12,XYYYXXYXYXXY,-53,69120
12,XYYYXXYXYXYX,181,13824
12,XYYYXXYXYXYY,91,4320
12,XYYYXXYXYYXX,-151,17280
12,XYYYXXYXYYXY,-257,11520
12,XYYYXXYXYYYX,167,34560
12,XYYYXXYXYYYY,-313,207360
12,XYYYXXYYXXXX,71,207360
12,XYYYXXYYXXXY,-11,6912
12,XYYYXXYYXXYX,35,6912
12,XYYYXXYYXXYY,35,6912
12,XYYYXXYYXYXX,-19,5760
12,XYYYXXYYXYXY,-983,69120
12,XYYYXXYYXYYX,527,69120
12,XYYYXXYYXYYY,-23,10368
12,XYYYXXYYYXXX,31,25920
12,XYYYXXYYYXXY,1,512
12,XYYYXXYYYXYX,509,69120
12,XYYYXXYYYXYY,13,864
12,XYYYXXYYYYXX,-11,1920
12,XYYYXXYYYYXY,-77,4320
12,XYYYXXYYYYYX,11,1728
12,XYYYXXYYYYYY,-19,1036800
12,XYYYXYXXXXXX,-1,1036800
12,XYYYXYXXXXXY,47,43200
12,XYYYXYXXXXYX,-7,2160
12,XYYYXYXXXXYY,-7,2160
12,XYYYXYXXXYXX,7,2160
12,XYYYXYXXXYXY,467,69120
12,XYYYXYXXXYYX,-19,69120
12,XYYYXYXXXYYY,7,2160
12,XYYYXYXXYXXX,-61,51840
12,XYYYXYXXYXXY,1,1536
12,XYYYXYXXYXYX,-577,69120
12,XYYYXYXXYXYY,-41,3456
12,XYYYXYXXYYXX,1,240
12,XYYYXYXXYYXY,91,6912
12,XYYYXYXXYYYX,-167,34560
12,XYYYXYXXYYYY,-1,207360
12,XYYYXYXYXXXX,29,207360
12,XYYYXYXYXXXY,13,2880
12,XYYYXYXYXXYX,-239,17280
12,XYYYXYXYXXYY,-239,17280
12,XYYYXYXYXYXX,517,34560
12,XYYYXYXYXYXY,821,27648
12,XYYYXYXYXYYX,31,138240
12,XYYYXYXYXYYY,1639,103680
12,XYYYXYXYYXXX,-527,103680
12,XYYYXYXYYXXY,-13,27648
12,XYYYXYXYYXYX,-4367,138240
12,XYYYXYXYYXYY,-563,11520
12,XYYYXYXYYYXX,581,34560
12,XYYYXYXYYYXY,43,864
12,XYYYXYXYYYYX,-31,1920
12,XYYYXYXYYYYY,289,1036800
12,XYYYXYYXXXXX,-59,1036800
12,XYYYXYYXXXXY,-5,1728
12,XYYYXYYXXXYX,7,864
12,XYYYXYYXXXYY,7,864
12,XYYYXYYXXYXX,-253,34560
12,XYYYXYYXXYXY,-87,5120
12,XYYYXYYXXYYX,65,27648
12,XYYYXYYXXYYY,-779,103680
12,XYYYXYYXYXXX,139,103680
12,XYYYXYYXYXXY,71,46080
12,XYYYXYYXYXYX,1547,138240
12,XYYYXYYXYXYY,247,11520
12,XYYYXYYXYYXX,-301,34560
12,XYYYXYYXYYXY,-301,17280
12,XYYYXYYXYYYY,-463,207360
12,XYYYXYYYXXXX,101,207360
12,XYYYXYYYXXXY,-17,11520
12,XYYYXYYYXXYX,29,11520
12,XYYYXYYYXXYY,29,11520
12,XYYYXYYYXYXX,1,432
12,XYYYXYYYXYXY,-137,13824
12,XYYYXYYYXYYX,67,4608
12,XYYYXYYYXYYY,1,162
12,XYYYXYYYYXXX,-73,51840
12,XYYYXYYYYXXY,157,69120
12,XYYYXYYYYXYX,-187,23040
12,XYYYXYYYYXYY,-43,5760
12,XYYYXYYYYYXX,7,4320
12,XYYYXYYYYYXY,11,2700
12,XYYYXYYYYYYX,-1,1200
12,XYYYXYYYYYYY,-11,1451520
12,XYYYYXXXXXXX,1,1451520
12,XYYYYXXXXXXY,-1,10800
12,XYYYYXXXXXYX,19,43200
12,XYYYYXXXXXYY,19,43200
12,XYYYYXXXXYXX,-13,17280
12,XYYYYXXXXYXY,-37,69120
12,XYYYYXXXXYYX,-67,69120
12,XYYYYXXXXYYY,-13,17280
12,XYYYYXXXYXXX,29,51840
12,XYYYYXXXYXXY,-103,69120
12,XYYYYXXXYXYX,307,69120
12,XYYYYXXXYXYY,73,17280
12,XYYYYXXXYYXX,-11,8640
12,XYYYYXXXYYXY,-83,11520
12,XYYYYXXXYYYX,161,34560
12,XYYYYXXXYYYY,131,207360
12,XYYYYXXYXXXX,-31,207360
12,XYYYYXXYXXXY,7,5760
12,XYYYYXXYXXYX,-1,576
12,XYYYYXXYXXYY,-1,576
12,XYYYYXXYXYXX,-37,34560
12,XYYYYXXYXYXY,803,138240
12,XYYYYXXYXYYX,-1099,138240
12,XYYYYXXYXYYY,-371,103680
12,XYYYYXXYYXXX,103,103680
12,XYYYYXXYYXXY,-59,138240
12,XYYYYXXYYXYX,619,138240
12,XYYYYXXYYXYY,59,11520
12,XYYYYXXYYYXX,-37,34560
12,XYYYYXXYYYXY,-37,17280
12,XYYYYXXYYYYY,1,41472
12,XYYYYXYXXXXX,1,1036800
12,XYYYYXYXXXXY,-7,17280
12,XYYYYXYXXXYX,23,17280
12,XYYYYXYXXXYY,23,17280
12,XYYYYXYXXYXX,-67,34560
12,XYYYYXYXXYXY,-17,9216
12,XYYYYXYXXYYX,-281,138240
12,XYYYYXYXXYYY,-161,103680
12,XYYYYXYXYXXX,157,103680
12,XYYYYXYXYXXY,-259,46080
12,XYYYYXYXYXYX,2009,138240
12,XYYYYXYXYXYY,17,1280
12,XYYYYXYXYYXX,-151,34560
12,XYYYYXYXYYXY,-43,1728
12,XYYYYXYXYYYX,31,1920
12,XYYYYXYXYYYY,413,207360
12,XYYYYXYYXXXX,-103,207360
12,XYYYYXYYXXXY,47,11520
12,XYYYYXYYXXYX,-83,11520
12,XYYYYXYYXXYY,-83,11520
12,XYYYYXYYXYXX,-7,8640
12,XYYYYXYYXYXY,1439,69120
12,XYYYYXYYXYYX,-517,23040
12,XYYYYXYYXYYY,-203,25920
12,XYYYYXYYYXXX,101,51840
12,XYYYYXYYYXXY,-223,69120
12,XYYYYXYYYXYX,811,69120
12,XYYYYXYYYXYY,193,17280
12,XYYYYXYYYYXX,-23,8640
12,XYYYYXYYYYXY,-1,144
12,XYYYYXYYYYYX,7,4320
12,XYYYYXYYYYYY,11,1036800
12,XYYYYYXXXXXX,-1,1036800
12,XYYYYYXXXXXY,233,1036800
12,XYYYYYXXXXYX,-37,41472
12,XYYYYYXXXXYY,-37,41472
12,XYYYYYXXXYXX,137,103680
12,XYYYYYXXXYXY,283,207360
12,XYYYYYXXXYYX,53,41472
12,XYYYYYXXXYYY,137,103680
12,XYYYYYXXYXXX,-91,103680
12,XYYYYYXXYXXY,43,23040
12,XYYYYYXXYXYX,-443,69120
12,XYYYYYXXYXYY,-223,34560
12,XYYYYYXXYYXX,11,5760
12,XYYYYYXXYYXY,11,1080
12,XYYYYYXXYYYX,-11,1728
12,XYYYYYXXYYYY,-179,207360
12,XYYYYYXYXXXX,23,103680
12,XYYYYYXYXXXY,-7,5760
12,XYYYYYXYXXYX,1,540
12,XYYYYYXYXXYY,1,540
12,XYYYYYXYXYXX,11,8640
12,XYYYYYXYXYXY,-421,69120
12,XYYYYYXYXYYX,199,23040
12,XYYYYYXYXYYY,41,10368
12,XYYYYYXYYXXX,-53,51840
12,XYYYYYXYYXXY,89,69120
12,XYYYYYXYYXYX,-437,69120
12,XYYYYYXYYXYY,-121,17280
12,XYYYYYXYYYXX,17,8640
12,XYYYYYXYYYXY,1,180
12,XYYYYYXYYYYX,-7,4320
12,XYYYYYXYYYYY,7,518400
12,XYYYYYYXXXXX,-1,259200
12,XYYYYYYXXXXY,-1,4800
12,XYYYYYYXXXYX,47,86400
12,XYYYYYYXXXYY,47,86400
12,XYYYYYYXXYXX,-3,6400
12,XYYYYYYXXYXY,-139,115200
12,XYYYYYYXXYYX,31,115200
12,XYYYYYYXXYYY,-109,259200
12,XYYYYYYXYXXX,13,129600
12,XYYYYYYXYXXY,-67,345600
12,XYYYYYYXYXYX,443,345600
12,XYYYYYYXYXYY,3,1600
12,XYYYYYYXYYXX,-17,21600
12,XYYYYYYXYYXY,-13,5400
12,XYYYYYYXYYYX,1,1200
12,XYYYYYYXYYYY,-19,259200
12,XYYYYYYYXXXX,7,518400
12,XYYYYYYYXXXY,1,7200
12,XYYYYYYYXXYX,-23,86400
12,XYYYYYYYXXYY,-23,86400
12,XYYYYYYYXYXX,17,86400
12,XYYYYYYYXYXY,7,14400
12,XYYYYYYYXYYX,-1,10800
12,XYYYYYYYXYYY,13,129600
12,XYYYYYYYYXXX,-1,64800
12,XYYYYYYYYXXY,1,151200
12,XYYYYYYYYXYX,-1,16800
12,XYYYYYYYYXYY,-1,16800
12,XYYYYYYYYYXX,1,151200
12,XYYYYYYYYYXY,1,75600
12,XYYYYYYYYYYY,-1,43545600
12,YXXXXXXXXXXX,1,479001600
12,YXXXXXXXXXYX,1,1814400
12,YXXXXXXXXXYY,1,1814400
12,YXXXXXXXXYXX,-1,403200
12,YXXXXXXXXYXY,-1,403200
12,YXXXXXXXXYYX,-1,403200
12,YXXXXXXXXYYY,-1,403200
12,YXXXXXXXYXXX,1,226800
12,YXXXXXXXYXXY,17,1209600
12,YXXXXXXXYXYX,-1,67200
12,YXXXXXXXYXYY,-1,67200
12,YXXXXXXXYYXX,17,1209600
12,YXXXXXXXYYXY,13,302400
12,YXXXXXXXYYYX,-1,67200
12,YXXXXXXXYYYY,1,226800
12,YXXXXXXYXXXX,-1,259200
12,YXXXXXXYXXXY,-11,259200
12,YXXXXXXYXXYX,1,10800
12,YXXXXXXYXXYY,1,10800
12,YXXXXXXYXYXX,-7,86400
12,YXXXXXXYXYXY,-73,345600
12,YXXXXXXYXYYX,17,345600
12,YXXXXXXYXYYY,-1,16200
12,YXXXXXXYYXXX,1,64800
12,YXXXXXXYYXXY,-1,115200
12,YXXXXXXYYXYX,47,345600
12,YXXXXXXYYXYY,1,4800
12,YXXXXXXYYYXX,-7,86400
12,YXXXXXXYYYXY,-11,43200
12,YXXXXXXYYYYX,1,10800
12,YXXXXXXYYYYY,-1,259200
12,YXXXXXYXXXXX,1,518400
12,YXXXXXYXXXXY,1,14400
12,YXXXXXYXXXYX,-19,86400
12,YXXXXXYXXXYY,-19,86400
12,YXXXXXYXXYXX,47,172800
12,YXXXXXYXXYXY,139,345600
12,YXXXXXYXXYYX,49,345600
12,YXXXXXYXXYYY,17,64800
12,YXXXXXYXYXXX,-37,259200
12,YXXXXXYXYXXY,109,345600
12,YXXXXXYXYXYX,-401,345600
12,YXXXXXYXYXYY,-109,86400
12,YXXXXXYXYYXX,1,2400
12,YXXXXXYXYYXY,83,43200
12,YXXXXXYXYYYX,-47,43200
12,YXXXXXYXYYYY,-59,518400
12,YXXXXXYYXXXX,1,32400
12,YXXXXXYYXXXY,-19,86400
12,YXXXXXYYXXYX,31,86400
12,YXXXXXYYXXYY,31,86400
12,YXXXXXYYXYXX,11,86400
12,YXXXXXYYXYXY,-13,12800
12,YXXXXXYYXYYX,439,345600
12,YXXXXXYYXYYY,143,259200
12,YXXXXXYYYXXX,-37,259200
12,YXXXXXYYYXXY,157,1036800
12,YXXXXXYYYXYX,-893,1036800
12,YXXXXXYYYXYY,-257,259200
12,YXXXXXYYYYXX,73,259200
12,YXXXXXYYYYXY,817,1036800
12,YXXXXXYYYYYX,-233,1036800
12,YXXXXXYYYYYY,1,345600
12,YXXXXYXXXXXX,-1,1036800
12,YXXXXYXXXXXY,-1,14400
12,YXXXXYXXXXYX,1,3456
12,YXXXXYXXXXYY,1,3456
12,YXXXXYXXXYXX,-1,2160
12,YXXXXYXXXYXY,-29,69120
12,YXXXXYXXXYYX,-7,13824
12,YXXXXYXXXYYY,-1,2160
12,YXXXXYXXYXXX,17,51840
12,YXXXXYXXYXXY,-17,23040
12,YXXXXYXXYXYX,167,69120
12,YXXXXYXXYXYY,41,17280
12,YXXXXYXXYYXX,-1,1440
12,YXXXXYXXYYXY,-133,34560
12,YXXXXYXXYYYX,17,6912
12,YXXXXYXXYYYY,71,207360
12,YXXXXYXYXXXX,-19,207360
12,YXXXXYXYXXXY,1,1920
12,YXXXXYXYXXYX,-13,17280
12,YXXXXYXYXXYY,-13,17280
12,YXXXXYXYXYXX,-7,11520
12,YXXXXYXYXYXY,37,15360
12,YXXXXYXYXYYX,-167,46080
12,YXXXXYXYXYYY,-37,20736
12,YXXXXYXYYXXX,49,103680
12,YXXXXYXYYXXY,-37,138240
12,YXXXXYXYYXYX,341,138240
12,YXXXXYXYYXYY,103,34560
12,YXXXXYXYYYXX,-1,1280
12,YXXXXYXYYYXY,-17,8640
12,YXXXXYXYYYYX,7,17280
12,YXXXXYXYYYYY,-11,1036800
12,YXXXXYYXXXXX,1,1036800
12,YXXXXYYXXYXX,-1,11520
12,YXXXXYYXXYXY,31,138240
12,YXXXXYYXXYYX,-11,27648
12,YXXXXYYXXYYY,1,103680
12,YXXXXYYXYXXX,19,103680
12,YXXXXYYXYXXY,-167,138240
12,YXXXXYYXYXYX,109,46080
12,YXXXXYYXYXYY,61,34560
12,YXXXXYYXYYXX,-7,11520
12,YXXXXYYXYYXY,-71,17280
12,YXXXXYYXYYYX,5,1728
12,YXXXXYYXYYYY,77,207360
12,YXXXXYYYXXXX,-19,207360
12,YXXXXYYYXXXY,29,34560
12,YXXXXYYYXXYX,-53,34560
12,YXXXXYYYXXYY,-53,34560
12,YXXXXYYYXYXY,59,13824
12,YXXXXYYYXYYX,-59,13824
12,YXXXXYYYXYYY,-7,5184
12,YXXXXYYYYXXX,17,51840
12,YXXXXYYYYXXY,-43,69120
12,YXXXXYYYYXYX,139,69120
12,YXXXXYYYYXYY,31,17280
12,YXXXXYYYYYXX,-7,17280
12,YXXXXYYYYYXY,-11,10800
12,YXXXXYYYYYYX,1,4800
12,YXXXXYYYYYYY,1,1451520
12,YXXXYXXXXXXX,1,1451520
12,YXXXYXXXXXXY,11,259200
12,YXXXYXXXXXYX,-17,86400
12,YXXXYXXXXXYY,-17,86400
12,YXXXYXXXXYXX,1,2880
12,YXXXYXXXXYXY,19,69120
12,YXXXYXXXXYYX,29,69120
12,YXXXYXXXXYYY,1,2880
12,YXXXYXXXYXXX,-7,25920
12,YXXXYXXXYXXY,11,23040
12,YXXXYXXXYXYX,-13,7680
12,YXXXYXXXYXYY,-7,4320
12,YXXXYXXXYYXX,7,17280
12,YXXXYXXXYYXY,89,34560
12,YXXXYXXXYYYX,-61,34560
12,YXXXYXXXYYYY,-61,207360
12,YXXXYXXYXXXX,17,207360
12,YXXXYXXYXXYX,-11,17280
12,YXXXYXXYXXYY,-11,17280
12,YXXXYXXYXYXX,61,34560
12,YXXXYXXYXYXY,11,27648
12,YXXXYXXYXYYX,433,138240
12,YXXXYXXYXYYY,283,103680
12,YXXXYXXYYXXX,-83,103680
12,YXXXYXXYYXXY,11,46080
12,YXXXYXXYYXYX,-203,46080
12,YXXXYXXYYXYY,-41,6912
12,YXXXYXXYYYXX,61,34560
12,YXXXYXXYYYXY,41,8640
12,YXXXYXXYYYYX,-7,5760
12,YXXXYXXYYYYY,1,41472
12,YXXXYXYXXXXX,1,1036800
12,YXXXYXYXXXXY,-1,1920
12,YXXXYXYXXXYX,13,8640
12,YXXXYXYXXXYY,13,8640
12,YXXXYXYXXYXX,-41,34560
12,YXXXYXYXXYXY,-451,138240
12,YXXXYXYXXYYX,41,46080
12,YXXXYXYXXYYY,-143,103680
12,YXXXYXYXYXXX,-1,20736
12,YXXXYXYXYXXY,89,46080
12,YXXXYXYXYXYX,-187,138240
12,YXXXYXYXYXYY,1,768
12,YXXXYXYXYYXX,-5,6912
12,YXXXYXYXYYXY,53,17280
12,YXXXYXYXYYYX,-13,2880
12,YXXXYXYXYYYY,-211,207360
12,YXXXYXYYXXXX,53,207360
12,YXXXYXYYXXXY,-73,34560
12,YXXXYXYYXXYX,157,34560
12,YXXXYXYYXXYY,157,34560
12,YXXXYXYYXYXX,-7,5760
12,YXXXYXYYXYXY,-809,69120
12,YXXXYXYYXYYX,641,69120
12,YXXXYXYYXYYY,83,51840
12,YXXXYXYYYXXX,-1,5184
12,YXXXYXYYYXXY,89,69120
12,YXXXYXYYYXYX,-77,69120
12,YXXXYXYYYXYY,1,1080
12,YXXXYXYYYYXX,-13,17280
12,YXXXYXYYYYXY,-47,17280
12,YXXXYXYYYYYX,7,5760
12,YXXXYXYYYYYY,11,1036800
12,YXXXYYXXXXXX,-1,1036800
12,YXXXYYXXXXXY,19,86400
12,YXXXYYXXXXYX,-1,1728
12,YXXXYYXXXXYY,-1,1728
12,YXXXYYXXXYXX,7,17280
12,YXXXYYXXXYXY,91,69120
12,YXXXYYXXXYYX,-7,13824
12,YXXXYYXXXYYY,7,17280
12,YXXXYYXXYXXX,1,25920
12,YXXXYYXXYXXY,-17,23040
12,YXXXYYXXYXYX,47,69120
12,YXXXYYXXYXYY,-1,4320
12,YXXXYYXXYYXX,1,5760
12,YXXXYYXXYYXY,-43,34560
12,YXXXYYXXYYYX,11,6912
12,YXXXYYXXYYYY,71,207360
12,YXXXYYXYXXXX,-19,207360
12,YXXXYYXYXXXY,73,34560
12,YXXXYYXYXXYX,-67,11520
12,YXXXYYXYXXYY,-67,11520
12,YXXXYYXYXYXX,41,8640
12,YXXXYYXYXYXY,829,69120
12,YXXXYYXYXYYX,-173,69120
12,YXXXYYXYXYYY,5,1296
12,YXXXYYXYYXXX,-73,51840
12,YXXXYYXYYXXY,-7,23040
12,YXXXYYXYYXYX,-21,2560
12,YXXXYYXYYXYY,-221,17280
12,YXXXYYXYYYXX,37,8640
12,YXXXYYXYYYXY,437,34560
12,YXXXYYXYYYYX,-47,11520
12,YXXXYYXYYYYY,-11,1036800
12,YXXXYYYXXXXX,1,1036800
12,YXXXYYYXXXXY,-29,34560
12,YXXXYYYXXXYX,91,34560
12,YXXXYYYXXXYY,91,34560
12,YXXXYYYXXYXX,-23,8640
12,YXXXYYYXXYXY,-67,13824
12,YXXXYYYXXYYX,-11,23040
12,YXXXYYYXXYYY,-37,12960
12,YXXXYYYXYXXX,41,51840
12,YXXXYYYXYXXY,-1,7680
12,YXXXYYYXYXYX,373,69120
12,YXXXYYYXYXYY,47,5760
12,YXXXYYYXYYXX,-5,1728
12,YXXXYYYXYYXY,-251,34560
12,YXXXYYYXYYYX,17,11520
12,YXXXYYYXYYYY,-67,207360
12,YXXXYYYYXXXX,17,207360
12,YXXXYYYYXXYX,-1,17280
12,YXXXYYYYXXYY,-1,17280
12,YXXXYYYYXYXX,7,11520
12,YXXXYYYYXYXY,-19,34560
12,YXXXYYYYXYYX,61,34560
12,YXXXYYYYXYYY,103,103680
12,YXXXYYYYYXXX,-23,103680
12,YXXXYYYYYXXY,1,3840
12,YXXXYYYYYXYX,-41,34560
12,YXXXYYYYYXYY,-41,34560
12,YXXXYYYYYYXX,1,3840
12,YXXXYYYYYYXY,19,28800
12,YXXXYYYYYYYX,-1,7200
12,YXXXYYYYYYYY,1,580608
12,YXXYXXXXXXXX,-1,2903040
12,YXXYXXXXXXXY,-17,1209600
12,YXXYXXXXXXYX,11,172800
12,YXXYXXXXXXYY,11,172800
12,YXXYXXXXXYXX,-1,8640
12,YXXYXXXXXYXY,-1,8640
12,YXXYXXXXXYYX,-1,8640
12,YXXYXXXXXYYY,-1,8640
12,YXXYXXXXYXXX,1,10368
12,YXXYXXXXYXYX,1,3456
12,YXXYXXXXYXYY,1,3456
12,YXXYXXXXYYXY,-1,3456
12,YXXYXXXXYYYX,1,3456
12,YXXYXXXXYYYY,1,10368
12,YXXYXXXYXXXX,-7,207360
12,YXXYXXXYXXXY,-11,23040
12,YXXYXXXYXXYX,103,69120
12,YXXYXXXYXXYY,103,69120
12,YXXYXXXYXYXX,-121,69120
12,YXXYXXXYXYXY,-193,69120
12,YXXYXXXYXYYX,-49,69120
12,YXXYXXXYXYYY,-403,207360
12,YXXYXXXYYXXX,25,41472
12,YXXYXXXYYXXY,-1,7680
12,YXXYXXXYYXYX,17,4608
12,YXXYXXXYYXYY,367,69120
12,YXXYXXXYYYXX,-121,69120
12,YXXYXXXYYYXY,-23,4608
12,YXXYXXXYYYYX,103,69120
12,YXXYXXXYYYYY,-7,207360
12,YXXYXXYXXXXX,1,1036800
12,YXXYXXYXXXXY,17,23040
12,YXXYXXYXXXYX,-149,69120
12,YXXYXXYXXXYY,-149,69120
12,YXXYXXYXXYXX,1,512
12,YXXYXXYXXYXY,299,69120
12,YXXYXXYXXYYX,-29,69120
12,YXXYXXYXXYYY,85,41472
12,YXXYXXYXYXXX,-79,207360
12,YXXYXXYXYXXY,1,23040
12,YXXYXXYXYXYX,-269,69120
12,YXXYXXYXYXYY,-151,23040
12,YXXYXXYXYYXX,187,69120
12,YXXYXXYXYYXY,419,69120
12,YXXYXXYXYYYX,-1,1536
12,YXXYXXYXYYYY,25,41472
12,YXXYXXYYXXXX,-31,207360
12,YXXYXXYYXXXY,17,23040
12,YXXYXXYYXXYX,-149,69120
12,YXXYXXYYXXYY,-149,69120
12,YXXYXXYYXYXX,83,69120
12,YXXYXXYYXYXY,121,23040
12,YXXYXXYYXYYX,-197,69120
12,YXXYXXYYXYYY,113,207360
12,YXXYXXYYYXXX,-79,207360
12,YXXYXXYYYXXY,-29,69120
12,YXXYXXYYYXYX,-11,4608
12,YXXYXXYYYXYY,-103,23040
12,YXXYXXYYYYXX,23,13824
12,YXXYXXYYYYXY,359,69120
12,YXXYXXYYYYYX,-43,23040
12,YXXYXXYYYYYY,-19,1036800
12,YXXYXYXXXXXX,-1,1036800
12,YXXYXYXXXXXY,-109,345600
12,YXXYXYXXXXYX,7,7680
12,YXXYXYXXXXYY,7,7680
12,YXXYXYXXXYXX,-59,69120
12,YXXYXYXXXYXY,-131,69120
12,YXXYXYXXXYYX,13,69120
12,YXXYXYXXXYYY,-59,69120
12,YXXYXYXXYXXX,47,207360
12,YXXYXYXXYXXY,-1,23040
12,YXXYXYXXYXYX,25,13824
12,YXXYXYXXYXYY,197,69120
12,YXXYXYXXYYXX,-5,4608
12,YXXYXYXXYYXY,-203,69120
12,YXXYXYXXYYYX,53,69120
12,YXXYXYXXYYYY,-5,41472
12,YXXYXYXYXXXX,1,41472
12,YXXYXYXYXXXY,-89,46080
12,YXXYXYXYXXYX,857,138240
12,YXXYXYXYXXYY,857,138240
12,YXXYXYXYXYXX,-893,138240
12,YXXYXYXYXYXY,-823,69120
12,YXXYXYXYXYYX,-7,6912
12,YXXYXYXYXYYY,-2807,414720
12,YXXYXYXYYXXX,949,414720
12,YXXYXYXYYXXY,1,34560
12,YXXYXYXYYXYX,911,69120
12,YXXYXYXYYXYY,901,46080
12,YXXYXYXYYYXX,-877,138240
12,YXXYXYXYYYXY,-2531,138240
12,YXXYXYXYYYYX,259,46080
12,YXXYXYXYYYYY,-11,1036800
12,YXXYXYYXXXXX,1,1036800
12,YXXYXYYXXXXY,167,138240
12,YXXYXYYXXXYX,-533,138240
12,YXXYXYYXXXYY,-533,138240
12,YXXYXYYXXYXX,109,27648
12,YXXYXYYXXYXY,163,23040
12,YXXYXYYXXYYX,7,8640
12,YXXYXYYXXYYY,359,82944
12,YXXYXYYXYXXX,-473,414720
12,YXXYXYYXYXYX,-533,69120
12,YXXYXYYXYXYY,-553,46080
12,YXXYXYYXYYXX,593,138240
12,YXXYXYYXYYXY,1399,138240
12,YXXYXYYXYYYX,-71,46080
12,YXXYXYYXYYYY,25,41472
12,YXXYXYYYXXXX,-31,207360
12,YXXYXYYYXXXY,1,7680
12,YXXYXYYYXXYX,-1,4608
12,YXXYXYYYXXYY,-1,4608
12,YXXYXYYYXYXX,-59,69120
12,YXXYXYYYXYXY,101,69120
12,YXXYXYYYXYYX,-73,23040
12,YXXYXYYYXYYY,-337,207360
12,YXXYXYYYYXXX,71,207360
12,YXXYXYYYYXXY,-1,2560
12,YXXYXYYYYXYX,25,13824
12,YXXYXYYYYXYY,25,13824
12,YXXYXYYYYYXX,-1,2560
12,YXXYXYYYYYXY,-337,345600
12,YXXYXYYYYYYX,67,345600
12,YXXYXYYYYYYY,-11,1451520
12,YXXYYXXXXXXX,1,1451520
12,YXXYYXXXXXXY,1,115200
12,YXXYYXXXXXYX,-13,345600
12,YXXYYXXXXXYY,-13,345600
12,YXXYYXXXXYXX,1,13824
12,YXXYYXXXXYXY,1,13824
12,YXXYYXXXXYYX,1,13824
12,YXXYYXXXXYYY,1,13824
12,YXXYYXXXYXXX,-13,207360
12,YXXYYXXXYXXY,1,7680
12,YXXYYXXXYXYX,-31,69120
12,YXXYYXXXYXYY,-31,69120
12,YXXYYXXXYYXX,1,7680
12,YXXYYXXXYYXY,49,69120
12,YXXYYXXXYYYX,-31,69120
12,YXXYYXXXYYYY,-13,207360
12,YXXYYXXYXXXX,1,41472
12,YXXYYXXYXXXY,-11,46080
12,YXXYYXXYXXYX,59,138240
12,YXXYYXXYXXYY,59,138240
12,YXXYYXXYXYXX,1,138240
12,YXXYYXXYXYXY,-79,69120
12,YXXYYXXYXYYX,1,864
12,YXXYYXXYXYYY,163,414720
12,YXXYYXXYYXXX,-41,414720
12,YXXYYXXYYXYX,-7,23040
12,YXXYYXXYYXYY,-43,138240
12,YXXYYXXYYYXX,1,138240
12,YXXYYXXYYYXY,-19,46080
12,YXXYYXXYYYYX,59,138240
12,YXXYYXXYYYYY,1,41472
12,YXXYYXYXXXXX,1,1036800
12,YXXYYXYXXXXY,37,138240
12,YXXYYXYXXXYX,-7,15360
12,YXXYYXYXXXYY,-7,15360
12,YXXYYXYXXYXX,-1,27648
12,YXXYYXYXXYXY,109,69120
12,YXXYYXYXXYYX,-19,11520
12,YXXYYXYXXYYY,-19,82944
12,YXXYYXYXYXXX,157,414720
12,YXXYYXYXYXXY,-1,34560
12,YXXYYXYXYXYX,11,69120
12,YXXYYXYXYXYY,-121,138240
12,YXXYYXYXYYXX,139,138240
12,YXXYYXYXYYXY,71,46080
12,YXXYYXYXYYYX,13,27648
12,YXXYYXYXYYYY,25,41472
12,YXXYYXYYXXXX,-31,207360
12,YXXYYXYYXXXY,7,23040
12,YXXYYXYYXXYX,-59,69120
12,YXXYYXYYXXYY,-59,69120
12,YXXYYXYYXYXX,-7,69120
12,YXXYYXYYXYXY,91,23040
12,YXXYYXYYXYYX,-287,69120
12,YXXYYXYYXYYY,-157,207360
12,YXXYYXYYYXXX,11,207360
12,YXXYYXYYYXXY,-79,69120
12,YXXYYXYYYXYX,5,13824
12,YXXYYXYYYXYY,-119,69120
12,YXXYYXYYYYXX,13,13824
12,YXXYYXYYYYXY,73,23040
12,YXXYYXYYYYYX,-89,69120
12,YXXYYXYYYYYY,11,1036800
12,YXXYYYXXXXXX,-1,1036800
12,YXXYYYXXXXXY,-157,1036800
12,YXXYYYXXXXYX,11,41472
12,YXXYYYXXXXYY,11,41472
12,YXXYYYXXXYXX,19,207360
12,YXXYYYXXXYXY,-197,207360
12,YXXYYYXXXYYX,47,41472
12,YXXYYYXXXYYY,19,207360
12,YXXYYYXXYXXX,-77,207360
12,YXXYYYXXYXXY,29,69120
12,YXXYYYXXYXYX,-7,7680
12,YXXYYYXXYXYY,1,7680
12,YXXYYYXXYYXX,-43,69120
12,YXXYYYXXYYXY,49,69120
12,YXXYYYXXYYYX,-1,512
12,YXXYYYXXYYYY,-149,207360
12,YXXYYYXYXXXX,31,207360
12,YXXYYYXYXXXY,-89,69120
12,YXXYYYXYXXYX,223,69120
12,YXXYYYXYXXYY,223,69120
12,YXXYYYXYXYXX,-13,7680
12,YXXYYYXYXYXY,-641,69120
12,YXXYYYXYXYYX,407,69120
12,YXXYYYXYXYYY,-19,41472
12,YXXYYYXYYXXX,73,207360
12,YXXYYYXYYXXY,79,69120
12,YXXYYYXYYXYX,61,23040
12,YXXYYYXYYXYY,451,69120
12,YXXYYYXYYYXX,-7,2560
12,YXXYYYXYYYXY,-601,69120
12,YXXYYYXYYYYX,223,69120
12,YXXYYYXYYYYY,-61,1036800
12,YXXYYYYXXXXX,11,1036800
12,YXXYYYYXXXXY,43,69120
12,YXXYYYYXXXYX,-13,7680
12,YXXYYYYXXXYY,-13,7680
12,YXXYYYYXXYXX,107,69120
12,YXXYYYYXXYXY,251,69120
12,YXXYYYYXXYYX,-37,69120
12,YXXYYYYXXYYY,301,207360
12,YXXYYYYXYXXX,-83,207360
12,YXXYYYYXYXXY,1,2560
12,YXXYYYYXYXYX,-29,7680
12,YXXYYYYXYXYY,-77,13824
12,YXXYYYYXYYXX,151,69120
12,YXXYYYYXYYXY,17,2560
12,YXXYYYYXYYYX,-157,69120
12,YXXYYYYXYYYY,31,207360
12,YXXYYYYYXXXX,-1,41472
12,YXXYYYYYXXXY,-1,3840
12,YXXYYYYYXXYX,17,34560
12,YXXYYYYYXXYY,17,34560
12,YXXYYYYYXYXX,-1,2880
12,YXXYYYYYXYXY,-1,1080
12,YXXYYYYYXYYX,1,4320
12,YXXYYYYYXYYY,-1,6480
12,YXXYYYYYYXXX,1,51840
12,YXXYYYYYYXYX,1,17280
12,YXXYYYYYYXYY,1,17280
12,YXXYYYYYYYXY,1,151200
12,YXXYYYYYYYYX,-1,151200
12,YXXYYYYYYYYY,1,8709120
12,YXYXXXXXXXXX,1,8709120
12,YXYXXXXXXXXY,1,403200
12,YXYXXXXXXXYX,-1,151200
12,YXYXXXXXXXYY,-1,151200
12,YXYXXXXXYXXX,1,51840
12,YXYXXXXXYXXY,1,8640
12,YXYXXXXXYXYX,-1,5760
12,YXYXXXXXYXYY,-1,5760
12,YXYXXXXXYYXX,1,8640
12,YXYXXXXXYYXY,7,17280
12,YXYXXXXXYYYX,-1,5760
12,YXYXXXXXYYYY,1,51840
12,YXYXXXXYXXXX,-1,41472
12,YXYXXXXYXXXY,-19,69120
12,YXYXXXXYXXYX,37,69120
12,YXYXXXXYXXYY,37,69120
12,YXYXXXXYXYXX,-1,2560
12,YXYXXXXYXYXY,-89,69120
12,YXYXXXXYXYYX,7,13824
12,YXYXXXXYXYYY,-41,207360
12,YXYXXXXYYXXX,7,207360
12,YXYXXXXYYXXY,-1,13824
12,YXYXXXXYYXYX,13,23040
12,YXYXXXXYYXYY,61,69120
12,YXYXXXXYYYXX,-1,2560
12,YXYXXXXYYYXY,-91,69120
12,YXYXXXXYYYYX,37,69120
12,YXYXXXXYYYYY,-1,41472
12,YXYXXXYXXXXX,11,1036800
12,YXYXXXYXXXXY,29,69120
12,YXYXXXYXXXYX,-91,69120
12,YXYXXXYXXXYY,-91,69120
12,YXYXXXYXXYXX,113,69120
12,YXYXXXYXXYXY,167,69120
12,YXYXXXYXXYYX,59,69120
12,YXYXXXYXXYYY,319,207360
12,YXYXXXYXYXXX,-37,41472
12,YXYXXXYXYXXY,131,69120
12,YXYXXXYXYXYX,-481,69120
12,YXYXXXYXYXYY,-103,13824
12,YXYXXXYXYYXX,11,4608
12,YXYXXXYXYYXY,797,69120
12,YXYXXXYXYYYX,-467,69120
12,YXYXXXYXYYYY,-161,207360
12,YXYXXXYYXXXX,43,207360
12,YXYXXXYYXXXY,-91,69120
12,YXYXXXYYXXYX,149,69120
12,YXYXXXYYXXYY,149,69120
12,YXYXXXYYXYXX,61,69120
12,YXYXXXYYXYXY,-143,23040
12,YXYXXXYYXYYX,551,69120
12,YXYXXXYYXYYY,727,207360
12,YXYXXXYYYXXX,-37,41472
12,YXYXXXYYYXXY,197,207360
12,YXYXXXYYYXYX,-1111,207360
12,YXYXXXYYYXYY,-1273,207360
12,YXYXXXYYYYXX,359,207360
12,YXYXXXYYYYXY,1001,207360
12,YXYXXXYYYYYX,-283,207360
12,YXYXXXYYYYYY,7,345600
12,YXYXXYXXXXXX,-1,1036800
12,YXYXXYXXXXXY,-139,345600
12,YXYXXYXXXXYX,13,7680
12,YXYXXYXXXXYY,13,7680
12,YXYXXYXXXYXX,-37,13824
12,YXYXXYXXXYXY,-167,69120
12,YXYXXYXXXYYX,-203,69120
12,YXYXXYXXXYYY,-37,13824
12,YXYXXYXXYXXX,389,207360
12,YXYXXYXXYXXY,-299,69120
12,YXYXXYXXYXYX,323,23040
12,YXYXXYXXYXYY,317,23040
12,YXYXXYXXYYXX,-281,69120
12,YXYXXYXXYYXY,-1549,69120
12,YXYXXYXXYYYX,329,23040
12,YXYXXYXXYYYY,407,207360
12,YXYXXYXYXXXX,-103,207360
12,YXYXXYXYXXXY,451,138240
12,YXYXXYXYXXYX,-47,9216
12,YXYXXYXYXXYY,-47,9216
12,YXYXXYXYXYXX,-71,27648
12,YXYXXYXYXYXY,533,34560
12,YXYXXYXYXYYX,-1421,69120
12,YXYXXYXYXYYY,-3833,414720
12,YXYXXYXYYXXX,1003,414720
12,YXYXXYXYYXXY,-109,69120
12,YXYXXYXYYXYX,43,3456
12,YXYXXYXYYXYY,667,46080
12,YXYXXYXYYYXX,-499,138240
12,YXYXXYXYYYXY,-1253,138240
12,YXYXXYXYYYYX,17,9216
12,YXYXXYXYYYYY,-11,1036800
12,YXYXXYYXXXXX,1,1036800
12,YXYXXYYXXXXY,-31,138240
12,YXYXXYYXXXYX,109,138240
12,YXYXXYYXXXYY,109,138240
12,YXYXXYYXXYXX,-193,138240
12,YXYXXYYXXYYX,-193,69120
12,YXYXXYYXXYYY,-419,414720
12,YXYXXYYXYXXX,553,414720
12,YXYXXYYXYXXY,-163,23040
12,YXYXXYYXYXYX,539,34560
12,YXYXXYYXYXYY,601,46080
12,YXYXXYYXYYXX,-125,27648
12,YXYXXYYXYYXY,-3599,138240
12,YXYXXYYXYYYX,87,5120
12,YXYXXYYXYYYY,413,207360
12,YXYXXYYYXXXX,-103,207360
12,YXYXXYYYXXXY,67,13824
12,YXYXXYYYXXYX,-203,23040
12,YXYXXYYYXXYY,-203,23040
12,YXYXXYYYXYXX,7,69120
12,YXYXXYYYXYXY,1697,69120
12,YXYXXYYYXYYX,-187,7680
12,YXYXXYYYXYYY,-1579,207360
12,YXYXXYYYYXXX,389,207360
12,YXYXXYYYYXXY,-251,69120
12,YXYXXYYYYXYX,89,7680
12,YXYXXYYYYXYY,79,7680
12,YXYXXYYYYYXX,-161,69120
12,YXYXXYYYYYXY,-2027,345600
12,YXYXXYYYYYYX,139,115200
12,YXYXXYYYYYYY,13,1451520
12,YXYXYXXXXXXX,1,1451520
12,YXYXYXXXXXXY,73,345600
12,YXYXYXXXXXYX,-343,345600
12,YXYXYXXXXXYY,-343,345600
12,YXYXYXXXXYXX,119,69120
12,YXYXYXXXXYXY,89,69120
12,YXYXYXXXXYYX,149,69120
12,YXYXYXXXXYYY,119,69120
12,YXYXYXXXYXXX,-271,207360
12,YXYXYXXXYXXY,193,69120
12,YXYXYXXXYXYX,-209,23040
12,YXYXYXXXYXYY,-199,23040
12,YXYXYXXXYYXX,163,69120
12,YXYXYXXXYYXY,983,69120
12,YXYXYXXXYYYX,-73,7680
12,YXYXYXXXYYYY,-301,207360
12,YXYXYXXYXXXX,77,207360
12,YXYXYXXYXXXY,-11,27648
12,YXYXYXXYXXYX,-323,138240
12,YXYXYXXYXXYY,-323,138240
12,YXYXYXXYXYXX,373,46080
12,YXYXYXXYXYYX,373,23040
12,YXYXYXXYXYYY,5437,414720
12,YXYXYXXYYXXX,-1607,414720
12,YXYXYXXYYXXY,79,69120
12,YXYXYXXYYXYX,-721,34560
12,YXYXYXXYYXYY,-769,27648
12,YXYXYXXYYYXX,373,46080
12,YXYXYXXYYYXY,3041,138240
12,YXYXYXXYYYYX,-803,138240
12,YXYXYXXYYYYY,1,41472
12,YXYXYXYXXXXX,1,1036800
12,YXYXYXYXXXXY,-37,15360
12,YXYXYXYXXXYX,887,138240
12,YXYXYXYXXXYY,887,138240
12,YXYXYXYXXYXX,-37,9216
12,YXYXYXYXXYXY,-533,34560
12,YXYXYXYXXYYX,511,69120
12,YXYXYXYXXYYY,-397,82944
12,YXYXYXYXYXXX,-653,414720
12,YXYXYXYXYXXY,823,69120
12,YXYXYXYXYXYX,-2,135
12,YXYXYXYXYXYY,-151,138240
12,YXYXYXYXYYXX,-251,138240
12,YXYXYXYXYYXY,1201,46080
12,YXYXYXYXYYYX,-821,27648
12,YXYXYXYXYYYY,-263,41472
12,YXYXYXYYXXXX,329,207360
12,YXYXYXYYXXXY,-829,69120
12,YXYXYXYYXXYX,577,23040
12,YXYXYXYYXXYY,577,23040
12,YXYXYXYYXYXX,-317,69120
12,YXYXYXYYXYXY,-4747,69120
12,YXYXYXYYXYYX,457,7680
12,YXYXYXYYXYYY,2633,207360
12,YXYXYXYYYXXX,-439,207360
12,YXYXYXYYYXXY,641,69120
12,YXYXYXYYYXYX,-175,13824
12,YXYXYXYYYXYY,-29,69120
12,YXYXYXYYYYXX,-41,13824
12,YXYXYXYYYYXY,-277,23040
12,YXYXYXYYYYYX,421,69120
12,YXYXYXYYYYYY,11,1036800
12,YXYXYYXXXXXX,-1,1036800
12,YXYXYYXXXXXY,13,12800
12,YXYXYYXXXXYX,-157,69120
12,YXYXYYXXXXYY,-157,69120
12,YXYXYYXXXYXX,17,23040
12,YXYXYYXXXYXY,143,23040
12,YXYXYYXXXYYX,-109,23040
12,YXYXYYXXXYYY,17,23040
12,YXYXYYXXYXXX,257,207360
12,YXYXYYXXYXXY,-121,23040
12,YXYXYYXXYXYX,121,13824
12,YXYXYYXXYXYY,227,69120
12,YXYXYYXXYYXX,1,4608
12,YXYXYYXXYYXY,-953,69120
12,YXYXYYXXYYYX,983,69120
12,YXYXYYXXYYYY,127,41472
12,YXYXYYXYXXXX,-29,41472
12,YXYXYYXYXXXY,809,69120
12,YXYXYYXYXXYX,-77,2560
12,YXYXYYXYXXYY,-77,2560
12,YXYXYYXYXYXX,1441,69120
12,YXYXYYXYXYXY,4747,69120
12,YXYXYYXYXYYX,-373,13824
12,YXYXYYXYXYYY,2699,207360
12,YXYXYYXYYXXX,-1093,207360
12,YXYXYYXYYXXY,-91,23040
12,YXYXYYXYYXYX,-743,23040
12,YXYXYYXYYXYY,-3911,69120
12,YXYXYYXYYYXX,1409,69120
12,YXYXYYXYYYXY,473,7680
12,YXYXYYXYYYYX,-1439,69120
12,YXYXYYXYYYYY,139,1036800
12,YXYXYYYXXXXX,-29,1036800
12,YXYXYYYXXXXY,-59,13824
12,YXYXYYYXXXYX,59,4608
12,YXYXYYYXXXYY,59,4608
12,YXYXYYYXXYXX,-871,69120
12,YXYXYYYXXYXY,-1697,69120
12,YXYXYYYXXYYX,-1,1536
12,YXYXYYYXXYYY,-2713,207360
12,YXYXYYYXYXXX,743,207360
12,YXYXYYYXYXXY,-101,69120
12,YXYXYYYXYXYX,1871,69120
12,YXYXYYYXYXYY,2797,69120
12,YXYXYYYXYYXX,-1027,69120
12,YXYXYYYXYYXY,-913,23040
12,YXYXYYYXYYYX,137,13824
12,YXYXYYYXYYYY,-313,207360
12,YXYXYYYYXXXX,71,207360
12,YXYXYYYYXXXY,19,34560
12,YXYXYYYYXXYX,-43,34560
12,YXYXYYYYXXYY,-43,34560
12,YXYXYYYYXYXX,5,1728
12,YXYXYYYYXYYX,5,864
12,YXYXYYYYXYYY,5,1296
12,YXYXYYYYYXXX,-43,51840
12,YXYXYYYYYXXY,1,1080
12,YXYXYYYYYXYX,-5,1152
12,YXYXYYYYYXYY,-5,1152
12,YXYXYYYYYYXX,1,1080
12,YXYXYYYYYYXY,101,43200
12,YXYXYYYYYYYX,-7,14400
12,YXYXYYYYYYYY,11,2903040
12,YXYYXXXXXXXX,-1,2903040
12,YXYYXXXXXXXY,-13,302400
12,YXYYXXXXXXYX,1,4800
12,YXYYXXXXXXYY,1,4800
12,YXYYXXXXXYXX,-7,17280
12,YXYYXXXXXYXY,-7,17280
12,YXYYXXXXXYYX,-7,17280
12,YXYYXXXXXYYY,-7,17280
12,YXYYXXXXYXXX,1,2592
12,YXYYXXXXYXXY,1,3456
12,YXYYXXXXYXYX,1,1728
12,YXYYXXXXYXYY,1,1728
12,YXYYXXXXYYXX,1,3456
12,YXYYXXXXYYYX,1,1728
12,YXYYXXXXYYYY,1,2592
12,YXYYXXXYXXXX,-37,207360
12,YXYYXXXYXXXY,-89,34560
12,YXYYXXXYXXYX,83,11520
12,YXYYXXXYXXYY,83,11520
12,YXYYXXXYXYXX,-67,8640
12,YXYYXXXYXYXY,-983,69120
12,YXYYXXXYXYYX,-89,69120
12,YXYYXXXYXYYY,-103,12960
12,YXYYXXXYYXXX,25,10368
12,YXYYXXXYYXXY,-49,69120
12,YXYYXXXYYXYX,217,13824
12,YXYYXXXYYXYY,131,5760
12,YXYYXXXYYYXX,-67,8640
12,YXYYXXXYYYXY,-157,6912
12,YXYYXXXYYYYX,83,11520
12,YXYYXXXYYYYY,-37,207360
12,YXYYXXYXXXXX,31,1036800
12,YXYYXXYXXXXY,133,34560
12,YXYYXXYXXXYX,-43,3840
12,YXYYXXYXXXYY,-43,3840
12,YXYYXXYXXYXX,37,3456
12,YXYYXXYXXYXY,1549,69120
12,YXYYXXYXXYYX,-23,23040
12,YXYYXXYXXYYY,7,648
12,YXYYXXYXYXXX,-151,51840
12,YXYYXXYXYXXY,203,69120
12,YXYYXXYXYXYX,-613,23040
12,YXYYXXYXYXYY,-667,17280
12,YXYYXXYXYYXX,43,2880
12,YXYYXXYXYYXY,1487,34560
12,YXYYXXYXYYYX,-91,6912
12,YXYYXXYXYYYY,55,41472
12,YXYYXXYYXXXX,-61,207360
12,YXYYXXYYXXXY,43,34560
12,YXYYXXYYXXYX,-23,3840
12,YXYYXXYYXXYY,-23,3840
12,YXYYXXYYXYXX,7,1080
12,YXYYXXYYXYXY,953,69120
12,YXYYXXYYXYYX,-19,23040
12,YXYYXXYYXYYY,49,6480
12,YXYYXXYYYXXX,-151,51840
12,YXYYXXYYYXXY,-49,69120
12,YXYYXXYYYXYX,-247,13824
12,YXYYXXYYYXYY,-491,17280
12,YXYYXXYYYYXX,17,1728
12,YXYYXXYYYYXY,43,1440
12,YXYYXXYYYYYX,-11,1080
12,YXYYXXYYYYYY,-19,1036800
12,YXYYXYXXXXXX,-1,1036800
12,YXYYXYXXXXXY,-83,43200
12,YXYYXYXXXXYX,1,160
12,YXYYXYXXXXYY,1,160
12,YXYYXYXXXYXX,-25,3456
12,YXYYXYXXXYXY,-797,69120
12,YXYYXYXXXYYX,-203,69120
12,YXYYXYXXXYYY,-25,3456
12,YXYYXYXXYXXX,11,3240
12,YXYYXYXXYXXY,-419,69120
12,YXYYXYXXYXYX,613,23040
12,YXYYXYXXYXYY,89,2880
12,YXYYXYXXYYXX,-179,17280
12,YXYYXYXXYYXY,-1487,34560
12,YXYYXYXXYYYX,257,11520
12,YXYYXYXXYYYY,407,207360
12,YXYYXYXYXXXX,-103,207360
12,YXYYXYXYXXXY,-53,17280
12,YXYYXYXYXXYX,29,1728
12,YXYYXYXYXXYY,29,1728
12,YXYYXYXYXYXX,-7,256
12,YXYYXYXYXYXY,-1201,46080
12,YXYYXYXYXYYX,-1319,46080
12,YXYYXYXYXYYY,-3827,103680
12,YXYYXYXYYXXX,1207,103680
12,YXYYXYXYYXXY,-71,46080
12,YXYYXYXYYXYX,67,1024
12,YXYYXYXYYXYY,3209,34560
12,YXYYXYXYYYXX,-1001,34560
12,YXYYXYXYYYXY,-53,640
12,YXYYXYXYYYYX,43,1728
12,YXYYXYXYYYYY,-11,1036800
12,YXYYXYYXXXXX,1,1036800
12,YXYYXYYXXXXY,71,17280
12,YXYYXYYXXXYX,-73,5760
12,YXYYXYYXXXYY,-73,5760
12,YXYYXYYXXYXX,409,34560
12,YXYYXYYXXYXY,3599,138240
12,YXYYXYYXXYYX,-109,46080
12,YXYYXYYXXYYY,1387,103680
12,YXYYXYYXYXXX,-43,20736
12,YXYYXYYXYXXY,-1399,138240
12,YXYYXYYXYXYX,-133,27648
12,YXYYXYYXYXYY,-817,34560
12,YXYYXYYXYYXX,301,34560
12,YXYYXYYXYYYX,301,17280
12,YXYYXYYXYYYY,989,207360
12,YXYYXYYYXXXX,-247,207360
12,YXYYXYYYXXXY,251,34560
12,YXYYXYYYXXYX,-451,34560
12,YXYYXYYYXXYY,-451,34560
12,YXYYXYYYXYXX,-49,17280
12,YXYYXYYYXYXY,913,23040
12,YXYYXYYYXYYX,-3131,69120
12,YXYYXYYYXYYY,-847,51840
12,YXYYXYYYYXXX,5,1296
12,YXYYXYYYYXXY,-17,2560
12,YXYYXYYYYXYX,1583,69120
12,YXYYXYYYYXYY,181,8640
12,YXYYXYYYYYXX,-3,640
12,YXYYXYYYYYXY,-509,43200
12,YXYYXYYYYYYX,13,5400
12,YXYYXYYYYYYY,-11,1451520
12,YXYYYXXXXXXX,1,1451520
12,YXYYYXXXXXXY,11,43200
12,YXYYYXXXXXYX,-17,14400
12,YXYYYXXXXXYY,-17,14400
12,YXYYYXXXXYXX,17,8640
12,YXYYYXXXXYXY,91,69120
12,YXYYYXXXXYYX,181,69120
12,YXYYYXXXXYYY,17,8640
12,YXYYYXXXYXXX,-7,5184
12,YXYYYXXXYXXY,23,4608
12,YXYYYXXXYXYX,-185,13824
12,YXYYYXXXYXYY,-11,864
12,YXYYYXXXYYXX,5,1152
12,YXYYYXXXYYXY,157,6912
12,YXYYYXXXYYYX,-97,6912
12,YXYYYXXXYYYY,-65,41472
12,YXYYYXXYXXXX,53,207360
12,YXYYYXXYXXXY,-41,8640
12,YXYYYXXYXXYX,127,17280
12,YXYYYXXYXXYY,127,17280
12,YXYYYXXYXYXX,37,34560
12,YXYYYXXYXYXY,-3041,138240
12,YXYYYXXYXYYX,3337,138240
12,YXYYYXXYXYYY,931,103680
12,YXYYYXXYYXXX,-55,20736
12,YXYYYXXYYXXY,19,46080
12,YXYYYXXYYXYX,-29,3072
12,YXYYYXXYYXYY,-349,34560
12,YXYYYXXYYYXX,37,34560
12,YXYYYXXYYYYX,37,17280
12,YXYYYXXYYYYY,-11,41472
12,YXYYYXYXXXXX,61,1036800
12,YXYYYXYXXXXY,17,8640
12,YXYYYXYXXXYX,-1,180
12,YXYYYXYXXXYY,-1,180
12,YXYYYXYXXYXX,47,6912
12,YXYYYXYXXYXY,1253,138240
12,YXYYYXYXXYYX,209,46080
12,YXYYYXYXXYYY,113,20736
12,YXYYYXYXYXXX,-437,103680
12,YXYYYXYXYXXY,2531,138240
12,YXYYYXYXYXYX,-6563,138240
12,YXYYYXYXYXYY,-1579,34560
12,YXYYYXYXYYXX,571,34560
12,YXYYYXYXYYXY,53,640
12,YXYYYXYXYYYX,-43,864
12,YXYYYXYXYYYY,-203,41472
12,YXYYYXYYXXXX,269,207360
12,YXYYYXYYXXXY,-437,34560
12,YXYYYXYYXXYX,773,34560
12,YXYYYXYYXXYY,773,34560
12,YXYYYXYYXYXX,17,17280
12,YXYYYXYYXYXY,-473,7680
12,YXYYYXYYXYYX,4393,69120
12,YXYYYXYYXYYY,1127,51840
12,YXYYYXYYYXXX,-143,25920
12,YXYYYXYYYXXY,601,69120
12,YXYYYXYYYXYX,-155,4608
12,YXYYYXYYYXYY,-1,30
12,YXYYYXYYYYXX,29,3456
12,YXYYYXYYYYXY,193,8640
12,YXYYYXYYYYYX,-1,180
12,YXYYYXYYYYYY,11,1036800
12,YXYYYYXXXXXX,-1,1036800
12,YXYYYYXXXXXY,-817,1036800
12,YXYYYYXXXXYX,601,207360
12,YXYYYYXXXXYY,601,207360
12,YXYYYYXXXYXX,-83,20736
12,YXYYYYXXXYXY,-1001,207360
12,YXYYYYXXXYYX,-659,207360
12,YXYYYYXXXYYY,-83,20736
12,YXYYYYXXYXXX,257,103680
12,YXYYYYXXYXXY,-359,69120
12,YXYYYYXXYXYX,1289,69120
12,YXYYYYXXYXYY,673,34560
12,YXYYYYXXYYXX,-13,2160
12,YXYYYYXXYYXY,-43,1440
12,YXYYYYXXYYYX,77,4320
12,YXYYYYXXYYYY,457,207360
12,YXYYYYXYXXXX,-1,1620
12,YXYYYYXYXXXY,47,17280
12,YXYYYYXYXXYX,-1,288
12,YXYYYYXYXXYY,-1,288
12,YXYYYYXYXYXX,-17,3456
12,YXYYYYXYXYXY,277,23040
12,YXYYYYXYXYYX,-1511,69120
12,YXYYYYXYXYYY,-313,25920
12,YXYYYYXYYXXX,83,25920
12,YXYYYYXYYXXY,-73,23040
12,YXYYYYXYYXYX,283,13824
12,YXYYYYXYYXYY,1,40
12,YXYYYYXYYYXX,-133,17280
12,YXYYYYXYYYXY,-193,8640
12,YXYYYYXYYYYX,1,144
12,YXYYYYXYYYYY,-17,129600
12,YXYYYYYXXXXX,13,518400
12,YXYYYYYXXXXY,11,10800
12,YXYYYYYXXXYX,-227,86400
12,YXYYYYYXXXYY,-227,86400
12,YXYYYYYXXYXX,391,172800
12,YXYYYYYXXYXY,2027,345600
12,YXYYYYYXXYYX,-463,345600
12,YXYYYYYXXYYY,131,64800
12,YXYYYYYXYXXX,-121,259200
12,YXYYYYYXYXXY,337,345600
12,YXYYYYYXYXYX,-2153,345600
12,YXYYYYYXYXYY,-787,86400
12,YXYYYYYXYYXX,37,9600
12,YXYYYYYXYYXY,509,43200
12,YXYYYYYXYYYX,-11,2700
12,YXYYYYYXYYYY,193,518400
12,YXYYYYYYXXXX,-1,16200
12,YXYYYYYYXXXY,-19,28800
12,YXYYYYYYXXYX,1,800
12,YXYYYYYYXXYY,1,800
12,YXYYYYYYXYXX,-77,86400
12,YXYYYYYYXYXY,-101,43200
12,YXYYYYYYXYYX,1,1800
12,YXYYYYYYXYYY,-53,129600
12,YXYYYYYYYXXX,7,129600
12,YXYYYYYYYXXY,-1,151200
12,YXYYYYYYYXYX,53,302400
12,YXYYYYYYYXYY,53,302400
12,YXYYYYYYYYXX,-1,151200
12,YXYYYYYYYYYX,-1,75600
12,YXYYYYYYYYYY,11,43545600
12,YYXXXXXXXXXX,-1,43545600
12,YYXXXXXXXXXY,-1,1814400
12,YYXXXXXXXYXX,1,151200
12,YYXXXXXXXYXY,1,151200
12,YYXXXXXXXYYX,1,151200
12,YYXXXXXXXYYY,1,151200
12,YYXXXXXXYXXX,-1,64800
12,YYXXXXXXYXXY,-11,172800
12,YYXXXXXXYXYX,7,86400
12,YYXXXXXXYXYY,7,86400
12,YYXXXXXXYYXX,-11,172800
12,YYXXXXXXYYXY,-1,4800
12,YYXXXXXXYYYX,7,86400
12,YYXXXXXXYYYY,-1,64800
12,YYXXXXXYXXXX,7,518400
12,YYXXXXXYXXXY,17,86400
12,YYXXXXXYXXYX,-19,43200
12,YYXXXXXYXXYY,-19,43200
12,YYXXXXXYXYXX,1,2700
12,YYXXXXXYXYXY,343,345600
12,YYXXXXXYXYYX,-29,115200
12,YYXXXXXYXYYY,71,259200
12,YYXXXXXYYXXX,-19,259200
12,YYXXXXXYYXXY,13,345600
12,YYXXXXXYYXYX,-217,345600
12,YYXXXXXYYXYY,-83,86400
12,YYXXXXXYYYXX,1,2700
12,YYXXXXXYYYXY,17,14400
12,YYXXXXXYYYYX,-19,43200
12,YYXXXXXYYYYY,7,518400
12,YYXXXXYXXXXX,-1,259200
12,YYXXXXYXXXXY,-1,3456
12,YYXXXXYXXXYX,1,1152
12,YYXXXXYXXXYY,1,1152
12,YYXXXXYXXYXX,-11,11520
12,YYXXXXYXXYXY,-13,7680
12,YYXXXXYXXYYX,-1,4608
12,YYXXXXYXXYYY,-47,51840
12,YYXXXXYXYXXX,11,25920
12,YYXXXXYXYXXY,-7,7680
12,YYXXXXYXYXYX,17,4608
12,YYXXXXYXYXYY,37,8640
12,YYXXXXYXYYXX,-13,8640
12,YYXXXXYXYYXY,-1,160
12,YYXXXXYXYYYX,7,2160
12,YYXXXXYXYYYY,13,51840
12,YYXXXXYYXXXX,-7,103680
12,YYXXXXYYXXXY,1,1728
12,YYXXXXYYXXYX,-1,1152
12,YYXXXXYYXXYY,-1,1152
12,YYXXXXYYXYXX,-7,17280
12,YYXXXXYYXYXY,157,69120
12,YYXXXXYYXYYX,-71,23040
12,YYXXXXYYXYYY,-1,648
12,YYXXXXYYYXXX,11,25920
12,YYXXXXYYYXXY,-11,41472
12,YYXXXXYYYXYX,527,207360
12,YYXXXXYYYXYY,17,5184
12,YYXXXXYYYYXX,-13,12960
12,YYXXXXYYYYXY,-601,207360
12,YYXXXXYYYYYX,37,41472
12,YYXXXXYYYYYY,-1,115200
12,YYXXXYXXXXXX,-1,1036800
12,YYXXXYXXXXXY,19,86400
12,YYXXXYXXXXYX,-1,1152
12,YYXXXYXXXXYY,-1,1152
12,YYXXXYXXXYXX,11,8640
12,YYXXXYXXXYXY,91,69120
12,YYXXXYXXXYYX,17,13824
12,YYXXXYXXXYYY,11,8640
12,YYXXXYXXYXXX,-43,51840
12,YYXXXYXXYXXY,149,69120
12,YYXXXYXXYXYX,-473,69120
12,YYXXXYXXYXYY,-119,17280
12,YYXXXYXXYYXX,19,8640
12,YYXXXYXXYYXY,43,3840
12,YYXXXYXXYYYX,-47,6912
12,YYXXXYXXYYYY,-169,207360
12,YYXXXYXYXXXX,41,207360
12,YYXXXYXYXXXY,-13,8640
12,YYXXXYXYXXYX,37,17280
12,YYXXXYXYXXYY,37,17280
12,YYXXXYXYXYXX,49,34560
12,YYXXXYXYXYXY,-887,138240
12,YYXXXYXYXYYX,1279,138240
12,YYXXXYXYXYYY,95,20736
12,YYXXXYXYYXXX,-131,103680
12,YYXXXYXYYXXY,7,15360
12,YYXXXYXYYXYX,-293,46080
12,YYXXXYXYYXYY,-277,34560
12,YYXXXYXYYYXX,73,34560
12,YYXXXYXYYYXY,1,180
12,YYXXXYXYYYYX,-23,17280
12,YYXXXYXYYYYY,-11,1036800
12,YYXXXYYXXXXX,1,1036800
12,YYXXXYYXXYXX,7,34560
12,YYXXXYYXXYXY,-109,138240
12,YYXXXYYXXYYX,11,9216
12,YYXXXYYXXYYY,1,103680
12,YYXXXYYXYXXX,-41,103680
12,YYXXXYYXYXXY,533,138240
12,YYXXXYYXYXYX,-1013,138240
12,YYXXXYYXYXYY,-199,34560
12,YYXXXYYXYYXX,79,34560
12,YYXXXYYXYYXY,73,5760
12,YYXXXYYXYYYX,-7,864
12,YYXXXYYXYYYY,-163,207360
12,YYXXXYYYXXXX,41,207360
12,YYXXXYYYXXXY,-91,34560
12,YYXXXYYYXXYX,167,34560
12,YYXXXYYYXXYY,167,34560
12,YYXXXYYYXYXX,-1,1728
12,YYXXXYYYXYXY,-59,4608
12,YYXXXYYYXYYX,161,13824
12,YYXXXYYYXYYY,17,5184
12,YYXXXYYYYXXX,-43,51840
12,YYXXXYYYYXXY,13,7680
12,YYXXXYYYYXYX,-361,69120
12,YYXXXYYYYXYY,-79,17280
12,YYXXXYYYYYXX,1,960
12,YYXXXYYYYYXY,227,86400
12,YYXXXYYYYYYX,-47,86400
12,YYXXXYYYYYYY,-11,1451520
12,YYXXYXXXXXXX,1,1451520
12,YYXXYXXXXXXY,-1,10800
12,YYXXYXXXXXYX,19,43200
12,YYXXYXXXXXYY,19,43200
12,YYXXYXXXXYXX,-13,17280
12,YYXXYXXXXYXY,-37,69120
12,YYXXYXXXXYYX,-67,69120
12,YYXXYXXXXYYY,-13,17280
12,YYXXYXXXYXXX,29,51840
12,YYXXYXXXYXXY,-103,69120
12,YYXXYXXXYXYX,307,69120
12,YYXXYXXXYXYY,73,17280
12,YYXXYXXXYYXX,-11,8640
12,YYXXYXXXYYXY,-83,11520
12,YYXXYXXXYYYX,161,34560
12,YYXXYXXXYYYY,131,207360
12,YYXXYXXYXXXX,-31,207360
12,YYXXYXXYXXXY,11,17280
12,YYXXYXXYXYXX,-97,34560
12,YYXXYXXYXYXY,323,138240
12,YYXXYXXYXYYX,-1099,138240
12,YYXXYXXYXYYY,-551,103680
12,YYXXYXXYYXXX,163,103680
12,YYXXYXXYYXXY,-59,138240
12,YYXXYXXYYXYX,1099,138240
12,YYXXYXXYYXYY,119,11520
12,YYXXYXXYYYXX,-97,34560
12,YYXXYXXYYYXY,-127,17280
12,YYXXYXXYYYYX,1,576
12,YYXXYXXYYYYY,1,41472
12,YYXXYXYXXXXX,1,1036800
12,YYXXYXYXXXXY,13,17280
12,YYXXYXYXXXYX,-37,17280
12,YYXXYXYXXXYY,-37,17280
12,YYXXYXYXXYXX,53,34560
12,YYXXYXYXXYXY,47,9216
12,YYXXYXYXXYYX,-281,138240
12,YYXXYXYXXYYY,199,103680
12,YYXXYXYXYXXX,37,103680
12,YYXXYXYXYXXY,-857,138240
12,YYXXYXYXYXYX,403,46080
12,YYXXYXYXYXYY,139,34560
12,YYXXYXYXYYXX,-17,11520
12,YYXXYXYXYYXY,-29,1728
12,YYXXYXYXYYYX,239,17280
12,YYXXYXYXYYYY,413,207360
12,YYXXYXYYXXXX,-103,207360
12,YYXXYXYYXXXY,67,11520
12,YYXXYXYYXXYX,-409,34560
12,YYXXYXYYXXYY,-409,34560
12,YYXXYXYYXYXX,7,2160
12,YYXXYXYYXYXY,77,2560
12,YYXXYXYYXYYX,-1631,69120
12,YYXXYXYYXYYY,-113,25920
12,YYXXYXYYYXXX,41,51840
12,YYXXYXYYYXXY,-223,69120
12,YYXXYXYYYXYX,331,69120
12,YYXXYXYYYXYY,13,17280
12,YYXXYXYYYYXX,7,8640
12,YYXXYXYYYYXY,1,288
12,YYXXYXYYYYYX,-1,540
12,YYXXYXYYYYYY,11,1036800
12,YYXXYYXXXXXX,-1,1036800
12,YYXXYYXXXXXY,-31,86400
12,YYXXYYXXXXYX,1,1152
12,YYXXYYXXXXYY,1,1152
12,YYXXYYXXXYXX,-1,2160
12,YYXXYYXXXYXY,-149,69120
12,YYXXYYXXXYYX,17,13824
12,YYXXYYXXXYYY,-1,2160
12,YYXXYYXXYXXX,-13,51840
12,YYXXYYXXYXXY,149,69120
12,YYXXYYXXYXYX,-233,69120
12,YYXXYYXXYXYY,-29,17280
12,YYXXYYXXYYXX,1,2160
12,YYXXYYXXYYXY,23,3840
12,YYXXYYXXYYYX,-35,6912
12,YYXXYYXXYYYY,-169,207360
12,YYXXYYXYXXXX,41,207360
12,YYXXYYXYXXXY,-157,34560
12,YYXXYYXYXXYX,409,34560
12,YYXXYYXYXXYY,409,34560
12,YYXXYYXYXYXX,-17,1920
12,YYXXYYXYXYXY,-577,23040
12,YYXXYYXYXYYX,169,23040
12,YYXXYYXYXYYY,-65,10368
12,YYXXYYXYYXXX,61,25920
12,YYXXYYXYYXXY,59,69120
12,YYXXYYXYYXYX,953,69120
12,YYXXYYXYYXYY,1,45
12,YYXXYYXYYYXX,-131,17280
12,YYXXYYXYYYXY,-773,34560
12,YYXXYYXYYYYX,83,11520
12,YYXXYYXYYYYY,-11,1036800
12,YYXXYYYXXXXX,1,1036800
12,YYXXYYYXXXXY,53,34560
12,YYXXYYYXXXYX,-167,34560
12,YYXXYYYXXXYY,-167,34560
12,YYXXYYYXXYXX,17,3456
12,YYXXYYYXXYXY,203,23040
12,YYXXYYYXXYYX,71,69120
12,YYXXYYYXXYYY,55,10368
12,YYXXYYYXYXXX,-19,12960
12,YYXXYYYXYXXY,1,4608
12,YYXXYYYXYXYX,-683,69120
12,YYXXYYYXYXYY,-43,2880
12,YYXXYYYXYYXX,91,17280
12,YYXXYYYXYYXY,451,34560
12,YYXXYYYXYYYX,-29,11520
12,YYXXYYYXYYYY,25,41472
12,YYXXYYYYXXXX,-31,207360
12,YYXXYYYYXXXY,1,17280
12,YYXXYYYYXYXX,-37,34560
12,YYXXYYYYXYXY,43,34560
12,YYXXYYYYXYYX,-13,3840
12,YYXXYYYYXYYY,-191,103680
12,YYXXYYYYYXXX,43,103680
12,YYXXYYYYYXXY,-17,34560
12,YYXXYYYYYXYX,77,34560
12,YYXXYYYYYXYY,77,34560
12,YYXXYYYYYYXX,-17,34560
12,YYXXYYYYYYXY,-1,800
12,YYXXYYYYYYYX,23,86400
12,YYXXYYYYYYYY,-1,414720
12,YYXYXXXXXXXX,-1,2903040
12,YYXYXXXXXXXY,1,67200
12,YYXYXXXXXXYX,-7,86400
12,YYXYXXXXXXYY,-7,86400
12,YYXYXXXXXYXX,1,5760
12,YYXYXXXXXYXY,1,5760
12,YYXYXXXXXYYX,1,5760
12,YYXYXXXXXYYY,1,5760
12,YYXYXXXXYXXX,-1,5184
12,YYXYXXXXYXXY,-1,3456
12,YYXYXXXXYYXX,-1,3456
12,YYXYXXXXYYXY,-1,1728
12,YYXYXXXXYYYY,-1,5184
12,YYXYXXXYXXXX,23,207360
12,YYXYXXXYXXXY,7,4320
12,YYXYXXXYXXYX,-73,17280
12,YYXYXXXYXXYY,-73,17280
12,YYXYXXXYXYXX,49,11520
12,YYXYXXXYXYXY,199,23040
12,YYXYXXXYXYYX,-1,7680
12,YYXYXXXYXYYY,421,103680
12,YYXYXXXYYXXX,-25,20736
12,YYXYXXXYYXXY,31,69120
12,YYXYXXXYYXYX,-115,13824
12,YYXYXXXYYXYY,-419,34560
12,YYXYXXXYYYXX,49,11520
12,YYXYXXXYYYXY,11,864
12,YYXYXXXYYYYX,-73,17280
12,YYXYXXXYYYYY,23,207360
12,YYXYXXYXXXXX,-29,1036800
12,YYXYXXYXXXXY,-41,17280
12,YYXYXXYXXXYX,119,17280
12,YYXYXXYXXXYY,119,17280
12,YYXYXXYXXYXX,-47,6912
12,YYXYXXYXXYXY,-317,23040
12,YYXYXXYXXYYX,11,69120
12,YYXYXXYXXYYY,-139,20736
12,YYXYXXYXYXXX,223,103680
12,YYXYXXYXYXXY,-197,69120
12,YYXYXXYXYXYX,1301,69120
12,YYXYXXYXYXYY,881,34560
12,YYXYXXYXYYXX,-329,34560
12,YYXYXXYXYYXY,-89,2880
12,YYXYXXYXYYYX,41,3456
12,YYXYXXYXYYYY,-5,41472
12,YYXYXXYYXXXX,-1,207360
12,YYXYXXYYXXXY,1,4320
12,YYXYXXYYXXYX,29,17280
12,YYXYXXYYXXYY,29,17280
12,YYXYXXYYXYXX,-47,11520
12,YYXYXXYYXYXY,-227,69120
12,YYXYXXYYXYYX,-337,69120
12,YYXYXXYYXYYY,-671,103680
12,YYXYXXYYYXXX,223,103680
12,YYXYXXYYYXXY,-1,7680
12,YYXYXXYYYXYX,181,13824
12,YYXYXXYYYXYY,673,34560
12,YYXYXXYYYYXX,-5,768
12,YYXYXXYYYYXY,-673,34560
12,YYXYXXYYYYYX,223,34560
12,YYXYXXYYYYYY,-19,1036800
12,YYXYXYXXXXXX,-1,1036800
12,YYXYXYXXXXXY,109,86400
12,YYXYXYXXXXYX,-37,8640
12,YYXYXYXXXXYY,-37,8640
12,YYXYXYXXXYXX,181,34560
12,YYXYXYXXXYXY,103,13824
12,YYXYXYXXXYYX,209,69120
12,YYXYXYXXXYYY,181,34560
12,YYXYXYXXYXXX,-55,20736
12,YYXYXYXXYXXY,151,23040
12,YYXYXYXXYXYX,-1609,69120
12,YYXYXYXXYXYY,-881,34560
12,YYXYXYXXYYXX,101,11520
12,YYXYXYXXYYXY,667,17280
12,YYXYXYXXYYYX,-91,4320
12,YYXYXYXXYYYY,-397,207360
12,YYXYXYXYXXXX,83,207360
12,YYXYXYXYXXXY,-1,768
12,YYXYXYXYXXYX,-139,34560
12,YYXYXYXYXXYY,-139,34560
12,YYXYXYXYXYXX,31,2160
12,YYXYXYXYXYXY,151,138240
12,YYXYXYXYXYYX,3817,138240
12,YYXYXYXYXYYY,619,25920
12,YYXYXYXYYXXX,-77,10368
12,YYXYXYXYYXXY,121,138240
12,YYXYXYXYYXYX,-5441,138240
12,YYXYXYXYYXYY,-7,128
12,YYXYXYXYYYXX,7,432
12,YYXYXYXYYYXY,1579,34560
12,YYXYXYXYYYYX,-17,1280
12,YYXYXYXYYYYY,-161,1036800
12,YYXYXYYXXXXX,31,1036800
12,YYXYXYYXXXXY,-61,34560
12,YYXYXYYXXXYX,199,34560
12,YYXYXYYXXXYY,199,34560
12,YYXYXYYXXYXX,-23,4320
12,YYXYXYYXXYXY,-601,46080
12,YYXYXYYXXYYX,331,138240
12,YYXYXYYXXYYY,-331,51840
12,YYXYXYYXYXXX,19,25920
12,YYXYXYYXYXXY,553,46080
12,YYXYXYYXYXYX,-1507,138240
12,YYXYXYYXYYXX,19,17280
12,YYXYXYYXYYXY,817,34560
12,YYXYXYYXYYYX,-247,11520
12,YYXYXYYXYYYY,-589,207360
12,YYXYXYYYXXXX,31,41472
12,YYXYXYYYXXXY,-47,5760
12,YYXYXYYYXXYX,43,2880
12,YYXYXYYYXXYY,43,2880
12,YYXYXYYYXYXX,-31,34560
12,YYXYXYYYXYXY,-2797,69120
12,YYXYXYYYXYYX,99,2560
12,YYXYXYYYXYYY,1207,103680
12,YYXYXYYYYXXX,-299,103680
12,YYXYXYYYYXXY,77,13824
12,YYXYXYYYYXYX,-137,7680
12,YYXYXYYYYXYY,-61,3840
12,YYXYXYYYYYXX,25,6912
12,YYXYXYYYYYXY,787,86400
12,YYXYXYYYYYYX,-3,1600
12,YYXYXYYYYYYY,-11,1451520
12,YYXYYXXXXXXX,1,1451520
12,YYXYYXXXXXXY,-1,4800
12,YYXYYXXXXXYX,83,86400
12,YYXYYXXXXXYY,83,86400
12,YYXYYXXXXYXX,-53,34560
12,YYXYYXXXXYXY,-61,69120
12,YYXYYXXXXYYX,-151,69120
12,YYXYYXXXXYYY,-53,34560
12,YYXYYXXXYXXX,97,103680
12,YYXYYXXXYXXY,-367,69120
12,YYXYYXXXYXYX,883,69120
12,YYXYYXXXYXYY,419,34560
12,YYXYYXXXYYXX,-161,34560
12,YYXYYXXXYYXY,-131,5760
12,YYXYYXXXYYYX,29,2160
12,YYXYYXXXYYYY,239,207360
12,YYXYYXXYXXXX,-13,207360
12,YYXYYXXYXXXY,41,6912
12,YYXYYXXYXXYX,-119,11520
12,YYXYYXXYXXYY,-119,11520
12,YYXYYXXYXYXX,43,17280
12,YYXYYXXYXYXY,769,27648
12,YYXYYXXYXYYX,-3157,138240
12,YYXYYXXYXYYY,-271,51840
12,YYXYYXXYYXXX,43,25920
12,YYXYYXXYYXXY,43,138240
12,YYXYYXXYYXYX,301,138240
12,YYXYYXXYYYXX,43,17280
12,YYXYYXXYYYXY,349,34560
12,YYXYYXXYYYYX,-59,11520
12,YYXYYXXYYYYY,19,41472
12,YYXYYXYXXXXX,-89,1036800
12,YYXYYXYXXXXY,-103,34560
12,YYXYYXYXXXYX,277,34560
12,YYXYYXYXXXYY,277,34560
12,YYXYYXYXXYXX,-143,17280
12,YYXYYXYXXYXY,-667,46080
12,YYXYYXYXXYYX,-287,138240
12,YYXYYXYXXYYY,-91,12960
12,YYXYYXYXYXXX,37,10368
12,YYXYYXYXYXXY,-901,46080
12,YYXYYXYXYXYX,7223,138240
12,YYXYYXYXYXYY,7,128
12,YYXYYXYXYYXX,-19,864
12,YYXYYXYXYYXY,-3209,34560
12,YYXYYXYXYYYX,563,11520
12,YYXYYXYXYYYY,539,207360
12,YYXYYXYYXXXX,-157,207360
12,YYXYYXYYXXXY,221,17280
12,YYXYYXYYXXYX,-1,45
12,YYXYYXYYXXYY,-1,45
12,YYXYYXYYXYXX,53,34560
12,YYXYYXYYXYXY,3911,69120
12,YYXYYXYYXYYX,-137,2560
12,YYXYYXYYXYYY,-1829,103680
12,YYXYYXYYYXXX,101,20736
12,YYXYYXYYYXXY,-451,69120
12,YYXYYXYYYXYX,2083,69120
12,YYXYYXYYYXYY,1127,34560
12,YYXYYXYYYYXX,-311,34560
12,YYXYYXYYYYXY,-1,40
12,YYXYYXYYYYYX,121,17280
12,YYXYYXYYYYYY,11,1036800
12,YYXYYYXXXXXX,-1,1036800
12,YYXYYYXXXXXY,257,259200
12,YYXYYYXXXXYX,-17,5184
12,YYXYYYXXXXYY,-17,5184
12,YYXYYYXXXYXX,407,103680
12,YYXYYYXXXYXY,1273,207360
12,YYXYYYXXXYYX,71,41472
12,YYXYYYXXXYYY,407,103680
12,YYXYYYXXYXXX,-211,103680
12,YYXYYYXXYXXY,103,23040
12,YYXYYYXXYXYX,-1193,69120
12,YYXYYYXXYXYY,-673,34560
12,YYXYYYXXYYXX,77,11520
12,YYXYYYXXYYXY,491,17280
12,YYXYYYXXYYYX,-13,864
12,YYXYYYXXYYYY,-269,207360
12,YYXYYYXYXXXX,91,207360
12,YYXYYYXYXXXY,-1,1080
12,YYXYYYXYXXYX,-13,17280
12,YYXYYYXYXXYY,-13,17280
12,YYXYYYXYXYXX,239,34560
12,YYXYYYXYXYXY,29,69120
12,YYXYYYXYXYYX,103,7680
12,YYXYYYXYXYYY,253,20736
12,YYXYYYXYYXXX,-361,103680
12,YYXYYYXYYXXY,119,69120
12,YYXYYYXYYXYX,-1607,69120
12,YYXYYYXYYXYY,-1127,34560
12,YYXYYYXYYYXX,383,34560
12,YYXYYYXYYYXY,1,30
12,YYXYYYXYYYYX,-193,17280
12,YYXYYYXYYYYY,239,1036800
12,YYXYYYYXXXXX,-49,1036800
12,YYXYYYYXXXXY,-31,17280
12,YYXYYYYXXXYX,79,17280
12,YYXYYYYXXXYY,79,17280
12,YYXYYYYXXYXX,-1,256
12,YYXYYYYXXYXY,-79,7680
12,YYXYYYYXXYYX,19,7680
12,YYXYYYYXXYYY,-71,20736
12,YYXYYYYXYXXX,83,103680
12,YYXYYYYXYXXY,-25,13824
12,YYXYYYYXYXYX,757,69120
12,YYXYYYYXYXYY,61,3840
12,YYXYYYYXYYXX,-233,34560
12,YYXYYYYXYYXY,-181,8640
12,YYXYYYYXYYYX,43,5760
12,YYXYYYYXYYYY,-25,41472
12,YYXYYYYYXXXX,19,207360
12,YYXYYYYYXXXY,41,34560
12,YYXYYYYYXXYX,-77,34560
12,YYXYYYYYXXYY,-77,34560
12,YYXYYYYYXYXX,5,3456
12,YYXYYYYYXYXY,5,1152
12,YYXYYYYYXYYX,-5,3456
12,YYXYYYYYXYYY,5,10368
12,YYXYYYYYYXXX,-1,25920
12,YYXYYYYYYXXY,-1,17280
12,YYXYYYYYYYXX,-1,17280
12,YYXYYYYYYYXY,-53,302400
12,YYXYYYYYYYYX,1,16800
12,YYXYYYYYYYYY,-11,8709120
12,YYYXXXXXXXXX,1,8709120
12,YYYXXXXXXXXY,1,403200
12,YYYXXXXXXXYX,-1,151200
12,YYYXXXXXXXYY,-1,151200
12,YYYXXXXXYXXX,1,51840
12,YYYXXXXXYXXY,1,8640
12,YYYXXXXXYXYX,-1,5760
12,YYYXXXXXYXYY,-1,5760
12,YYYXXXXXYYXX,1,8640
12,YYYXXXXXYYXY,7,17280
12,YYYXXXXXYYYX,-1,5760
12,YYYXXXXXYYYY,1,51840
12,YYYXXXXYXXXX,-1,41472
12,YYYXXXXYXXXY,-1,2880
12,YYYXXXXYXXYX,13,17280
12,YYYXXXXYXXYY,13,17280
12,YYYXXXXYXYXX,-7,11520
12,YYYXXXXYXYXY,-119,69120
12,YYYXXXXYXYYX,7,13824
12,YYYXXXXYXYYY,-43,103680
12,YYYXXXXYYXXX,11,103680
12,YYYXXXXYYXXY,-1,13824
12,YYYXXXXYYXYX,23,23040
12,YYYXXXXYYXYY,53,34560
12,YYYXXXXYYYXX,-7,11520
12,YYYXXXXYYYXY,-17,8640
12,YYYXXXXYYYYX,13,17280
12,YYYXXXXYYYYY,-1,41472
12,YYYXXXYXXXXX,11,1036800
12,YYYXXXYXXXXY,1,2160
12,YYYXXXYXXXYX,-11,8640
12,YYYXXXYXXXYY,-11,8640
12,YYYXXXYXXYXX,43,34560
12,YYYXXXYXXYXY,37,13824
12,YYYXXXYXXYYX,-13,69120
12,YYYXXXYXXYYY,119,103680
12,YYYXXXYXYXXX,-43,103680
12,YYYXXXYXYXXY,59,69120
12,YYYXXXYXYXYX,-283,69120
12,YYYXXXYXYXYY,-181,34560
12,YYYXXXYXYYXX,23,11520
12,YYYXXXYXYYXY,25,3456
12,YYYXXXYXYYYX,-7,2160
12,YYYXXXYXYYYY,-17,207360
12,YYYXXXYYXXXX,7,207360
12,YYYXXXYYXXXY,-7,17280
12,YYYXXXYYXXYX,1,2160
12,YYYXXXYYXXYY,1,2160
12,YYYXXXYYXYXX,17,34560
12,YYYXXXYYXYXY,-17,23040
12,YYYXXXYYXYYX,119,69120
12,YYYXXXYYXYYY,143,103680
12,YYYXXXYYYXXX,-43,103680
12,YYYXXXYYYXXY,-19,207360
12,YYYXXXYYYXYX,-517,207360
12,YYYXXXYYYXYY,-407,103680
12,YYYXXXYYYYXX,139,103680
12,YYYXXXYYYYXY,83,20736
12,YYYXXXYYYYYX,-137,103680
12,YYYXXXYYYYYY,7,345600
12,YYYXXYXXXXXX,-1,1036800
12,YYYXXYXXXXXY,-17,64800
12,YYYXXYXXXXYX,47,51840
12,YYYXXYXXXXYY,47,51840
12,YYYXXYXXXYXX,-119,103680
12,YYYXXYXXXYXY,-319,207360
12,YYYXXYXXXYYX,-157,207360
12,YYYXXYXXXYYY,-119,103680
12,YYYXXYXXYXXX,7,11520
12,YYYXXYXXYXXY,-85,41472
12,YYYXXYXXYXYX,1309,207360
12,YYYXXYXXYXYY,139,20736
12,YYYXXYXXYYXX,-253,103680
12,YYYXXYXXYYXY,-7,648
12,YYYXXYXXYYYX,307,51840
12,YYYXXYXXYYYY,11,23040
12,YYYXXYXYXXXX,-7,69120
12,YYYXXYXYXXXY,143,103680
12,YYYXXYXYXXYX,-199,103680
12,YYYXXYXYXXYY,-199,103680
12,YYYXXYXYXYXX,-47,51840
12,YYYXXYXYXYXY,397,82944
12,YYYXXYXYXYYX,-2737,414720
12,YYYXXYXYXYYY,-61,17280
12,YYYXXYXYYXXX,1,960
12,YYYXXYXYYXXY,19,82944
12,YYYXXYXYYXYX,2009,414720
12,YYYXXYXYYXYY,91,12960
12,YYYXXYXYYYXX,-101,51840
12,YYYXXYXYYYXY,-113,20736
12,YYYXXYXYYYYX,161,103680
12,YYYXXYXYYYYY,13,345600
12,YYYXXYYXXXXX,-1,115200
12,YYYXXYYXXXXY,-1,103680
12,YYYXXYYXXXYX,-1,103680
12,YYYXXYYXXXYY,-1,103680
12,YYYXXYYXXYXX,-1,10368
12,YYYXXYYXXYXY,419,414720
12,YYYXXYYXXYYX,-499,414720
12,YYYXXYYXYXXX,1,5760
12,YYYXXYYXYXXY,-359,82944
12,YYYXXYYXYXYX,3227,414720
12,YYYXXYYXYXYY,331,51840
12,YYYXXYYXYYXX,-19,6480
12,YYYXXYYXYYXY,-1387,103680
12,YYYXXYYXYYYX,779,103680
12,YYYXXYYXYYYY,5,13824
12,YYYXXYYYXXXX,-7,69120
12,YYYXXYYYXXXY,37,12960
12,YYYXXYYYXXYX,-55,10368
12,YYYXXYYYXXYY,-55,10368
12,YYYXXYYYXYXX,149,103680
12,YYYXXYYYXYXY,2713,207360
12,YYYXXYYYXYYX,-2117,207360
12,YYYXXYYYXYYY,-77,34560
12,YYYXXYYYYXXX,7,11520
12,YYYXXYYYYXXY,-301,207360
12,YYYXXYYYYXYX,169,41472
12,YYYXXYYYYXYY,71,20736
12,YYYXXYYYYYXX,-83,103680
12,YYYXXYYYYYXY,-131,64800
12,YYYXXYYYYYYX,109,259200
12,YYYXXYYYYYYY,13,1451520
12,YYYXYXXXXXXX,1,1451520
12,YYYXYXXXXXXY,1,16200
12,YYYXYXXXXXYX,-71,259200
12,YYYXYXXXXXYY,-71,259200
12,YYYXYXXXXYXX,43,103680
12,YYYXYXXXXYXY,41,207360
12,YYYXYXXXXYYX,131,207360
12,YYYXYXXXXYYY,43,103680
12,YYYXYXXXYXXX,-7,34560
12,YYYXYXXXYXXY,403,207360
12,YYYXYXXXYXYX,-887,207360
12,YYYXYXXXYXYY,-421,103680
12,YYYXYXXXYYXX,179,103680
12,YYYXYXXXYYXY,103,12960
12,YYYXYXXXYYYX,-233,51840
12,YYYXYXXXYYYY,-19,69120
12,YYYXYXXYXXXX,-1,23040
12,YYYXYXXYXXXY,-283,103680
12,YYYXYXXYXXYX,551,103680
12,YYYXYXXYXXYY,551,103680
12,YYYXYXXYXYXX,-7,2592
12,YYYXYXXYXYXY,-5437,414720
12,YYYXYXXYXYYX,3197,414720
12,YYYXYXXYYXXX,-1,17280
12,YYYXYXXYYXXY,-163,414720
12,YYYXYXXYYXYX,1211,414720
12,YYYXYXXYYXYY,271,51840
12,YYYXYXXYYYXX,-7,2592
12,YYYXYXXYYYXY,-931,103680
12,YYYXYXXYYYYX,371,103680
12,YYYXYXXYYYYY,-1,4608
12,YYYXYXYXXXXX,17,345600
12,YYYXYXYXXXXY,37,20736
12,YYYXYXYXXXYX,-95,20736
12,YYYXYXYXXXYY,-95,20736
12,YYYXYXYXXYXX,13,3240
12,YYYXYXYXXYXY,3833,414720
12,YYYXYXYXXYYX,-101,82944
12,YYYXYXYXXYYY,61,17280
12,YYYXYXYXYXXX,-1,1080
12,YYYXYXYXYXXY,2807,414720
12,YYYXYXYXYXYX,-1667,82944
12,YYYXYXYXYXYY,-619,25920
12,YYYXYXYXYYXX,547,51840
12,YYYXYXYXYYXY,3827,103680
12,YYYXYXYXYYYX,-1639,103680
12,YYYXYXYXYYYY,29,69120
12,YYYXYXYYXXXX,-1,23040
12,YYYXYXYYXXXY,-5,1296
12,YYYXYXYYXXYX,65,10368
12,YYYXYXYYXXYY,65,10368
12,YYYXYXYYXYXX,-127,103680
12,YYYXYXYYXYXY,-2699,207360
12,YYYXYXYYXYYX,2191,207360
12,YYYXYXYYXYYY,1,256
12,YYYXYXYYYXXX,-47,34560
12,YYYXYXYYYXXY,19,41472
12,YYYXYXYYYXYX,-1783,207360
12,YYYXYXYYYXYY,-253,20736
12,YYYXYXYYYYXX,421,103680
12,YYYXYXYYYYXY,313,25920
12,YYYXYXYYYYYX,-41,10368
12,YYYXYXYYYYYY,11,1036800
12,YYYXYYXXXXXX,-1,1036800
12,YYYXYYXXXXXY,-143,259200
12,YYYXYYXXXXYX,1,648
12,YYYXYYXXXXYY,1,648
12,YYYXYYXXXYXX,-143,103680
12,YYYXYYXXXYXY,-727,207360
12,YYYXYYXXXYYX,31,41472
12,YYYXYYXXXYYY,-143,103680
12,YYYXYYXXYXXX,13,34560
12,YYYXYYXXYXXY,-113,207360
12,YYYXYYXXYXYX,901,207360
12,YYYXYYXXYXYY,671,103680
12,YYYXYYXXYYXX,-277,103680
12,YYYXYYXXYYXY,-49,6480
12,YYYXYYXXYYYX,23,10368
12,YYYXYYXXYYYY,-23,69120
12,YYYXYYXYXXXX,-1,23040
12,YYYXYYXYXXXY,-83,51840
12,YYYXYYXYXXYX,113,25920
12,YYYXYYXYXXYY,113,25920
12,YYYXYYXYXYXX,-433,103680
12,YYYXYYXYXYXY,-2633,207360
12,YYYXYYXYXYYX,901,207360
12,YYYXYYXYXYYY,-1,256
12,YYYXYYXYYXXX,43,34560
12,YYYXYYXYYXXY,157,207360
12,YYYXYYXYYXYX,2059,207360
12,YYYXYYXYYXYY,1829,103680
12,YYYXYYXYYYXX,-721,103680
12,YYYXYYXYYYXY,-1127,51840
12,YYYXYYXYYYYX,203,25920
12,YYYXYYXYYYYY,-29,115200
12,YYYXYYYXXXXX,17,345600
12,YYYXYYYXXXXY,7,5184
12,YYYXYYYXXXYX,-17,5184
12,YYYXYYYXXXYY,-17,5184
12,YYYXYYYXXYXX,281,103680
12,YYYXYYYXXYXY,1579,207360
12,YYYXYYYXXYYX,-91,41472
12,YYYXYYYXXYYY,77,34560
12,YYYXYYYXYXXX,-17,34560
12,YYYXYYYXYXXY,337,207360
12,YYYXYYYXYXYX,-1697,207360
12,YYYXYYYXYXYY,-1207,103680
12,YYYXYYYXYYXX,527,103680
12,YYYXYYYXYYXY,847,51840
12,YYYXYYYXYYYX,-1,162
12,YYYXYYYXYYYY,29,69120
12,YYYXYYYYXXXX,-1,23040
12,YYYXYYYYXXXY,-103,103680
12,YYYXYYYYXXYX,191,103680
12,YYYXYYYYXXYY,191,103680
12,YYYXYYYYXYXX,-5,5184
12,YYYXYYYYXYXY,-5,1296
12,YYYXYYYYXYYX,5,2592
12,YYYXYYYYYXXX,-1,17280
12,YYYXYYYYYXXY,1,6480
12,YYYXYYYYYXYX,-5,10368
12,YYYXYYYYYXYY,-5,10368
12,YYYXYYYYYYXX,1,6480
12,YYYXYYYYYYXY,53,129600
12,YYYXYYYYYYYX,-13,129600
12,YYYXYYYYYYYY,11,2903040
12,YYYYXXXXXXXX,-1,2903040
12,YYYYXXXXXXXY,-1,226800
12,YYYYXXXXXXYX,1,64800
12,YYYYXXXXXXYY,1,64800
12,YYYYXXXXXYXX,-1,51840
12,YYYYXXXXXYXY,-1,51840
12,YYYYXXXXXYYX,-1,51840
12,YYYYXXXXXYYY,-1,51840
12,YYYYXXXXYXXY,-1,10368
12,YYYYXXXXYXYX,1,5184
12,YYYYXXXXYXYY,1,5184
12,YYYYXXXXYYXX,-1,10368
12,YYYYXXXXYYXY,-1,2592
12,YYYYXXXXYYYX,1,5184
12,YYYYXXXYXXXX,1,69120
12,YYYYXXXYXXXY,61,207360
12,YYYYXXXYXXYX,-131,207360
12,YYYYXXXYXXYY,-131,207360
12,YYYYXXXYXYXX,97,207360
12,YYYYXXXYXYXY,301,207360
12,YYYYXXXYXYYX,-107,207360
12,YYYYXXXYXYYY,19,69120
12,YYYYXXXYYXXX,-1,13824
12,YYYYXXXYYXXY,13,207360
12,YYYYXXXYYXYX,-31,41472
12,YYYYXXXYYXYY,-239,207360
12,YYYYXXXYYYXX,97,207360
12,YYYYXXXYYYXY,65,41472
12,YYYYXXXYYYYX,-131,207360
12,YYYYXXXYYYYY,1,69120
12,YYYYXXYXXXXX,-1,115200
12,YYYYXXYXXXXY,-71,207360
12,YYYYXXYXXXYX,169,207360
12,YYYYXXYXXXYY,169,207360
12,YYYYXXYXXYXX,-119,207360
12,YYYYXXYXXYXY,-407,207360
12,YYYYXXYXXYYX,169,207360
12,YYYYXXYXXYYY,-11,23040
12,YYYYXXYXYXXX,-1,69120
12,YYYYXXYXYXXY,5,41472
12,YYYYXXYXYXYX,169,207360
12,YYYYXXYXYXYY,397,207360
12,YYYYXXYXYYXX,-203,207360
12,YYYYXXYXYYXY,-407,207360
12,YYYYXXYXYYYX,1,207360
12,YYYYXXYXYYYY,-23,69120
12,YYYYXXYYXXXX,1,13824
12,YYYYXXYYXXXY,-71,207360
12,YYYYXXYYXXYX,169,207360
12,YYYYXXYYXXYY,169,207360
12,YYYYXXYYXYXX,-7,41472
12,YYYYXXYYXYXY,-127,41472
12,YYYYXXYYXYYX,113,41472
12,YYYYXXYYXYYY,23,69120
12,YYYYXXYYYXXX,-1,69120
12,YYYYXXYYYXXY,149,207360
12,YYYYXXYYYXYX,-19,207360
12,YYYYXXYYYXYY,269,207360
12,YYYYXXYYYYXX,-139,207360
12,YYYYXXYYYYXY,-457,207360
12,YYYYXXYYYYYX,179,207360
12,YYYYXXYYYYYY,-19,1036800
12,YYYYXYXXXXXX,-1,1036800
12,YYYYXYXXXXXY,59,518400
12,YYYYXYXXXXYX,-13,51840
12,YYYYXYXXXXYY,-13,51840
12,YYYYXYXXXYXX,17,207360
12,YYYYXYXXXYXY,161,207360
12,YYYYXYXXXYYX,-127,207360
12,YYYYXYXXXYYY,17,207360
12,YYYYXYXXYXXX,7,69120
12,YYYYXYXXYXXY,-25,41472
12,YYYYXYXXYXYX,169,207360
12,YYYYXYXXYXYY,5,41472
12,YYYYXYXXYYXX,19,207360
12,YYYYXYXXYYXY,-55,41472
12,YYYYXYXXYYYX,313,207360
12,YYYYXYXXYYYY,23,69120
12,YYYYXYXYXXXX,-1,34560
12,YYYYXYXYXXXY,211,207360
12,YYYYXYXYXXYX,-413,207360
12,YYYYXYXYXXYY,-413,207360
12,YYYYXYXYXYXX,157,207360
12,YYYYXYXYXYXY,263,41472
12,YYYYXYXYXYYX,-1001,207360
12,YYYYXYXYXYYY,-29,69120
12,YYYYXYXYYXXX,7,69120
12,YYYYXYXYYXXY,-25,41472
12,YYYYXYXYYXYX,-113,207360
12,YYYYXYXYYXYY,-539,207360
12,YYYYXYXYYYXX,301,207360
12,YYYYXYXYYYXY,203,41472
12,YYYYXYXYYYYX,-413,207360
12,YYYYXYXYYYYY,19,172800
12,YYYYXYYXXXXX,-1,43200
12,YYYYXYYXXXXY,-77,207360
12,YYYYXYYXXXYX,163,207360
12,YYYYXYYXXXYY,163,207360
12,YYYYXYYXXYXX,-25,41472
12,YYYYXYYXXYXY,-413,207360
12,YYYYXYYXXYYX,163,207360
12,YYYYXYYXXYYY,-5,13824
12,YYYYXYYXYXXX,7,69120
12,YYYYXYYXYXXY,-25,41472
12,YYYYXYYXYXYX,451,207360
12,YYYYXYYXYXYY,589,207360
12,YYYYXYYXYYXX,-263,207360
12,YYYYXYYXYYXY,-989,207360
12,YYYYXYYXYYYX,463,207360
12,YYYYXYYYXXXX,-1,34560
12,YYYYXYYYXXXY,67,207360
12,YYYYXYYYXXYX,-25,41472
12,YYYYXYYYXXYY,-25,41472
12,YYYYXYYYXYXX,13,207360
12,YYYYXYYYXYXY,313,207360
12,YYYYXYYYXYYX,-287,207360
12,YYYYXYYYXYYY,-29,69120
12,YYYYXYYYYXXX,7,69120
12,YYYYXYYYYXXY,-31,207360
12,YYYYXYYYYXYX,25,41472
12,YYYYXYYYYXYY,25,41472
12,YYYYXYYYYYXX,-31,207360
12,YYYYXYYYYYXY,-193,518400
12,YYYYXYYYYYYX,19,259200
12,YYYYXYYYYYYY,-11,1451520
12,YYYYYXXXXXXX,1,1451520
12,YYYYYXXXXXXY,1,259200
12,YYYYYXXXXXYX,-7,518400
12,YYYYYXXXXXYY,-7,518400
12,YYYYYXXXXYXX,1,41472
12,YYYYYXXXXYXY,1,41472
12,YYYYYXXXXYYX,1,41472
12,YYYYYXXXXYYY,1,41472
12,YYYYYXXXYXXX,-1,69120
12,YYYYYXXXYXXY,7,207360
12,YYYYYXXXYXYX,-23,207360
12,YYYYYXXXYXYY,-23,207360
12,YYYYYXXXYYXX,7,207360
12,YYYYYXXXYYXY,37,207360
12,YYYYYXXXYYYX,-23,207360
12,YYYYYXXXYYYY,-1,69120
12,YYYYYXXYXXXY,-1,41472
12,YYYYYXXYXXYX,-1,41472
12,YYYYYXXYXXYY,-1,41472
12,YYYYYXXYXYXX,5,41472
12,YYYYYXXYXYXY,-1,41472
12,YYYYYXXYXYYX,11,41472
12,YYYYYXXYXYYY,1,4608
12,YYYYYXXYYXXX,-1,13824
12,YYYYYXXYYXXY,-1,41472
12,YYYYYXXYYXYX,-13,41472
12,YYYYYXXYYXYY,-19,41472
12,YYYYYXXYYYXX,5,41472
12,YYYYYXXYYYXY,11,41472
12,YYYYYXXYYYYX,-1,41472
12,YYYYYXYXXXXX,1,172800
12,YYYYYXYXXXXY,11,1036800
12,YYYYYXYXXXYX,11,1036800
12,YYYYYXYXXXYY,11,1036800
12,YYYYYXYXXYXX,11,1036800
12,YYYYYXYXXYXY,11,1036800
12,YYYYYXYXXYYX,11,1036800
12,YYYYYXYXXYYY,-13,345600
12,YYYYYXYXYXXX,-13,345600
12,YYYYYXYXYXXY,11,1036800
12,YYYYYXYXYXYX,11,1036800
12,YYYYYXYXYXYY,161,1036800
12,YYYYYXYXYYXX,-139,1036800
12,YYYYYXYXYYXY,11,1036800
12,YYYYYXYXYYYX,-289,1036800
12,YYYYYXYXYYYY,-19,172800
12,YYYYYXYYXXXX,1,28800
12,YYYYYXYYXXXY,11,1036800
12,YYYYYXYYXXYX,11,1036800
12,YYYYYXYYXXYY,11,1036800
12,YYYYYXYYXYXX,161,1036800
12,YYYYYXYYXYXY,-139,1036800
12,YYYYYXYYXYYX,461,1036800
12,YYYYYXYYXYYY,29,115200
12,YYYYYXYYYXXX,-13,345600
12,YYYYYXYYYXXY,61,1036800
12,YYYYYXYYYXYX,-239,1036800
12,YYYYYXYYYXYY,-239,1036800
12,YYYYYXYYYYXX,61,1036800
12,YYYYYXYYYYXY,17,129600
12,YYYYYXYYYYYX,-7,518400
12,YYYYYXYYYYYY,11,1036800
12,YYYYYYXXXXXX,-1,1036800
12,YYYYYYXXXXXY,-1,345600
12,YYYYYYXXXXYX,1,115200
12,YYYYYYXXXXYY,1,115200
12,YYYYYYXXXYXX,-7,345600
12,YYYYYYXXXYXY,-7,345600
12,YYYYYYXXXYYX,-7,345600
12,YYYYYYXXXYYY,-7,345600
12,YYYYYYXXYXXX,19,1036800
12,YYYYYYXXYXXY,19,1036800
12,YYYYYYXXYXYX,19,1036800
12,YYYYYYXXYXYY,19,1036800
12,YYYYYYXXYYXX,19,1036800
12,YYYYYYXXYYXY,19,1036800
12,YYYYYYXXYYYX,19,1036800
12,YYYYYYXXYYYY,19,1036800
12,YYYYYYXYXXXX,-11,1036800
12,YYYYYYXYXXXY,-11,1036800
12,YYYYYYXYXXYX,-11,1036800
12,YYYYYYXYXXYY,-11,1036800
12,YYYYYYXYXYXX,-11,1036800
12,YYYYYYXYXYXY,-11,1036800
12,YYYYYYXYXYYX,-11,1036800
12,YYYYYYXYXYYY,-11,1036800
12,YYYYYYXYYXXX,-11,1036800
12,YYYYYYXYYXXY,-11,1036800
12,YYYYYYXYYXYX,-11,1036800
12,YYYYYYXYYXYY,-11,1036800
12,YYYYYYXYYYXX,-11,1036800
12,YYYYYYXYYYXY,-11,1036800
12,YYYYYYXYYYYX,-11,1036800
12,YYYYYYXYYYYY,-11,1036800
12,YYYYYYYXXXXX,1,1036800
12,YYYYYYYXXXXY,-1,1451520
12,YYYYYYYXXXYX,11,1451520
12,YYYYYYYXXXYY,11,1451520
12,YYYYYYYXXYXX,-13,1451520
12,YYYYYYYXXYXY,-13,1451520
12,YYYYYYYXXYYX,-13,1451520
12,YYYYYYYXXYYY,-13,1451520
12,YYYYYYYXYXXX,11,1451520
12,YYYYYYYXYXXY,11,1451520
12,YYYYYYYXYXYX,11,1451520
12,YYYYYYYXYXYY,11,1451520
12,YYYYYYYXYYXX,11,1451520
12,YYYYYYYXYYXY,11,1451520
12,YYYYYYYXYYYX,11,1451520
12,YYYYYYYXYYYY,11,1451520
12,YYYYYYYYXXXX,-1,1451520
12,YYYYYYYYXXXY,-1,580608
12,YYYYYYYYXXYX,1,414720
12,YYYYYYYYXXYY,1,414720
12,YYYYYYYYXYXX,-11,2903040
12,YYYYYYYYXYXY,-11,2903040
12,YYYYYYYYXYYX,-11,2903040
12,YYYYYYYYXYYY,-11,2903040
12,YYYYYYYYYXXX,1,2903040
12,YYYYYYYYYXXY,-1,8709120
12,YYYYYYYYYXYX,11,8709120
12,YYYYYYYYYXYY,11,8709120
12,YYYYYYYYYYXX,-1,8709120
12,YYYYYYYYYYXY,-11,43545600
12,YYYYYYYYYYYX,1,43545600
