source_path,sha256,bytes,source_class,disposition,destination,reason
Analysis/FabiusFunction/docs/semi-formalized-research-frontiers/drafts/inverse-and-sampling/comb-interpolation/Dyadic_Comb_Frontiers/Dyadic_Comb_Frontiers.pdf,a8a70d7a9bf635e7830e513e0c4e4bc7e3dd92e81567dc60fb81c41a7eacad5c,1361857,stale-primary-pdf,replaced-publication,Analysis/FabiusFunction/docs/semi-formalized-research-frontiers/drafts/inverse-and-sampling/comb-interpolation/comb_interpolation_synthesis/comb_interpolation_synthesis.pdf,"The stale, visually defective PDF is replaced by the canonical three-pass build."
Analysis/FabiusFunction/docs/semi-formalized-research-frontiers/drafts/inverse-and-sampling/comb-interpolation/Dyadic_Comb_Frontiers/Dyadic_Comb_Frontiers.tex,24bfa9196f00223f7e4dd04344a784ab7be2049499ee739b63d38267b20d6649,229553,mathematical-manuscript,absorbed-publication,Analysis/FabiusFunction/docs/semi-formalized-research-frontiers/drafts/inverse-and-sampling/comb-interpolation/comb_interpolation_synthesis/chapters/03_additive_dyadic.tex,Mathematical content is represented in the canonical chapters and theorem concordance.
Analysis/FabiusFunction/docs/semi-formalized-research-frontiers/drafts/inverse-and-sampling/comb-interpolation/Dyadic_Comb_Frontiers/README.md,e7287135604c0f9dd12b07bb4f8c8f3932ee0849e7eece992199830f8a2370f4,3058,bookkeeping,canonicalized,Analysis/FabiusFunction/docs/semi-formalized-research-frontiers/drafts/inverse-and-sampling/comb-interpolation/comb_interpolation_synthesis/README.md,The former six/nine-source README is replaced by the full four-manuscript guide.
Analysis/FabiusFunction/docs/semi-formalized-research-frontiers/drafts/inverse-and-sampling/comb-interpolation/Dyadic_Comb_Frontiers/assets/Fabius_Dyadic_Comb_Sums_Report_Package/MANIFEST.txt,a9b9ecb1c52867ad5ccf5c16ece3f40861a9ea20d16135297802a58e49afaf4e,424,superseded-administration,canonicalized,Analysis/FabiusFunction/docs/semi-formalized-research-frontiers/drafts/inverse-and-sampling/comb-interpolation/comb_interpolation_synthesis/PROVENANCE.md,Nonduplicative provenance is retained; package-specific wrapper prose is retired.
Analysis/FabiusFunction/docs/semi-formalized-research-frontiers/drafts/inverse-and-sampling/comb-interpolation/Dyadic_Comb_Frontiers/assets/Fabius_Dyadic_Comb_Sums_Report_Package/README.md,346545b3f47f199d949c6aaed43923ddb91aa14ec663cdf37871eb16974287b5,3541,superseded-documentation,canonicalized,Analysis/FabiusFunction/docs/semi-formalized-research-frontiers/drafts/inverse-and-sampling/comb-interpolation/comb_interpolation_synthesis/assets/README.md,Unique replay commands and provenance are distilled into canonical documentation.
Analysis/FabiusFunction/docs/semi-formalized-research-frontiers/drafts/inverse-and-sampling/comb-interpolation/Dyadic_Comb_Frontiers/assets/Fabius_Dyadic_Comb_Sums_Report_Package/SHA256SUMS.txt,f995bf0709d4975abbb070d3acf870e2b11ec76b5dbf81f860bedec79e53323f,1414,historical-checksum-ledger,canonicalized,Analysis/FabiusFunction/docs/semi-formalized-research-frontiers/drafts/inverse-and-sampling/comb-interpolation/comb_interpolation_synthesis/assets/HISTORICAL_LEDGER_AUDIT.csv,The source ledger is stale or package-local; every row and verification outcome is preserved in one audit table.
Analysis/FabiusFunction/docs/semi-formalized-research-frontiers/drafts/inverse-and-sampling/comb-interpolation/Dyadic_Comb_Frontiers/assets/Fabius_Dyadic_Comb_Sums_Report_Package/dyadic_comb_experiments.py,8d83758532747a1c15ef0ca334ecd2c2d03b986bc5063b3212a24793f31f30c2,26239,reproducibility-evidence,retained-evidence,Analysis/FabiusFunction/docs/semi-formalized-research-frontiers/drafts/inverse-and-sampling/comb-interpolation/comb_interpolation_synthesis/assets/companion-evidence/Fabius_Dyadic_Comb_Sums_Report_Package/dyadic_comb_experiments.py,"Unique script, exact data, generated table, environment input, textual output, or diagnostic PNG."
Analysis/FabiusFunction/docs/semi-formalized-research-frontiers/drafts/inverse-and-sampling/comb-interpolation/Dyadic_Comb_Frontiers/assets/Fabius_Dyadic_Comb_Sums_Report_Package/generated/exactness_matrix.csv,e3343b906f08494cd2b0fe399155ea38b9d3702dbefce9447ae4d1401f8619d7,243,reproducibility-evidence,retained-evidence,Analysis/FabiusFunction/docs/semi-formalized-research-frontiers/drafts/inverse-and-sampling/comb-interpolation/comb_interpolation_synthesis/assets/companion-evidence/Fabius_Dyadic_Comb_Sums_Report_Package/generated/exactness_matrix.csv,"Unique script, exact data, generated table, environment input, textual output, or diagnostic PNG."
Analysis/FabiusFunction/docs/semi-formalized-research-frontiers/drafts/inverse-and-sampling/comb-interpolation/Dyadic_Comb_Frontiers/assets/Fabius_Dyadic_Comb_Sums_Report_Package/generated/exactness_matrix.tex,46732239fb10cf8a6f6fb9783e8c81999da7634bf5d3a68bff1284c4bf317a77,1421,reproducibility-evidence,retained-evidence,Analysis/FabiusFunction/docs/semi-formalized-research-frontiers/drafts/inverse-and-sampling/comb-interpolation/comb_interpolation_synthesis/assets/companion-evidence/Fabius_Dyadic_Comb_Sums_Report_Package/generated/exactness_matrix.tex,"Unique script, exact data, generated table, environment input, textual output, or diagnostic PNG."
Analysis/FabiusFunction/docs/semi-formalized-research-frontiers/drafts/inverse-and-sampling/comb-interpolation/Dyadic_Comb_Frontiers/assets/Fabius_Dyadic_Comb_Sums_Report_Package/generated/first_defects.csv,84bd26f1847198ab82c3341ccb5da7ac87ab420b805d9366526cd981de7e98a0,247,reproducibility-evidence,retained-evidence,Analysis/FabiusFunction/docs/semi-formalized-research-frontiers/drafts/inverse-and-sampling/comb-interpolation/comb_interpolation_synthesis/assets/companion-evidence/Fabius_Dyadic_Comb_Sums_Report_Package/generated/first_defects.csv,"Unique script, exact data, generated table, environment input, textual output, or diagnostic PNG."
Analysis/FabiusFunction/docs/semi-formalized-research-frontiers/drafts/inverse-and-sampling/comb-interpolation/Dyadic_Comb_Frontiers/assets/Fabius_Dyadic_Comb_Sums_Report_Package/generated/first_defects.tex,2ea10bc6283e0088209a2cb85379ebcf28e1567988a2949798019b4006769932,554,reproducibility-evidence,retained-evidence,Analysis/FabiusFunction/docs/semi-formalized-research-frontiers/drafts/inverse-and-sampling/comb-interpolation/comb_interpolation_synthesis/assets/companion-evidence/Fabius_Dyadic_Comb_Sums_Report_Package/generated/first_defects.tex,"Unique script, exact data, generated table, environment input, textual output, or diagnostic PNG."
Analysis/FabiusFunction/docs/semi-formalized-research-frontiers/drafts/inverse-and-sampling/comb-interpolation/Dyadic_Comb_Frontiers/assets/Fabius_Dyadic_Comb_Sums_Report_Package/generated/fractional_values.csv,e9f1d5c4f3a7fa0309d7f56ecacba4149890ff9548351c35430af76a4e7dfa65,790,reproducibility-evidence,retained-evidence,Analysis/FabiusFunction/docs/semi-formalized-research-frontiers/drafts/inverse-and-sampling/comb-interpolation/comb_interpolation_synthesis/assets/companion-evidence/Fabius_Dyadic_Comb_Sums_Report_Package/generated/fractional_values.csv,"Unique script, exact data, generated table, environment input, textual output, or diagnostic PNG."
Analysis/FabiusFunction/docs/semi-formalized-research-frontiers/drafts/inverse-and-sampling/comb-interpolation/Dyadic_Comb_Frontiers/assets/Fabius_Dyadic_Comb_Sums_Report_Package/generated/fractional_values.tex,e953ecb3a2c683b00e73e159800f9f0beeff8044c26673ca5b8f2f06a85c6afa,576,reproducibility-evidence,retained-evidence,Analysis/FabiusFunction/docs/semi-formalized-research-frontiers/drafts/inverse-and-sampling/comb-interpolation/comb_interpolation_synthesis/assets/companion-evidence/Fabius_Dyadic_Comb_Sums_Report_Package/generated/fractional_values.tex,"Unique script, exact data, generated table, environment input, textual output, or diagnostic PNG."
Analysis/FabiusFunction/docs/semi-formalized-research-frontiers/drafts/inverse-and-sampling/comb-interpolation/Dyadic_Comb_Frontiers/assets/Fabius_Dyadic_Comb_Sums_Report_Package/generated/generating_functions.txt,23a5000c9ac4138647c9b7c8306e56f8bb643683a722b14326e2edd45941aec6,337,reproducibility-evidence,retained-evidence,Analysis/FabiusFunction/docs/semi-formalized-research-frontiers/drafts/inverse-and-sampling/comb-interpolation/comb_interpolation_synthesis/assets/companion-evidence/Fabius_Dyadic_Comb_Sums_Report_Package/generated/generating_functions.txt,"Unique script, exact data, generated table, environment input, textual output, or diagnostic PNG."
Analysis/FabiusFunction/docs/semi-formalized-research-frontiers/drafts/inverse-and-sampling/comb-interpolation/Dyadic_Comb_Frontiers/assets/Fabius_Dyadic_Comb_Sums_Report_Package/generated/integer_closed_forms.csv,dcf12f88b5ef5ee2ccd757574a8b7af6d52f5784534b3825480803498b6fb804,568,reproducibility-evidence,retained-evidence,Analysis/FabiusFunction/docs/semi-formalized-research-frontiers/drafts/inverse-and-sampling/comb-interpolation/comb_interpolation_synthesis/assets/companion-evidence/Fabius_Dyadic_Comb_Sums_Report_Package/generated/integer_closed_forms.csv,"Unique script, exact data, generated table, environment input, textual output, or diagnostic PNG."
Analysis/FabiusFunction/docs/semi-formalized-research-frontiers/drafts/inverse-and-sampling/comb-interpolation/Dyadic_Comb_Frontiers/assets/Fabius_Dyadic_Comb_Sums_Report_Package/generated/integer_closed_forms.tex,3f9fdc946301752e38ef8cf2ac55c05dba2ebea812ccd94f111469e07abb57c4,1172,reproducibility-evidence,retained-evidence,Analysis/FabiusFunction/docs/semi-formalized-research-frontiers/drafts/inverse-and-sampling/comb-interpolation/comb_interpolation_synthesis/assets/companion-evidence/Fabius_Dyadic_Comb_Sums_Report_Package/generated/integer_closed_forms.tex,"Unique script, exact data, generated table, environment input, textual output, or diagnostic PNG."
Analysis/FabiusFunction/docs/semi-formalized-research-frontiers/drafts/inverse-and-sampling/comb-interpolation/Dyadic_Comb_Frontiers/assets/Fabius_Dyadic_Comb_Sums_Report_Package/requirements.txt,7ff64bdd4b74bab29d84b97b77c3b4f8135599d8ae890f0895add173fae44fbe,30,reproducibility-evidence,retained-evidence,Analysis/FabiusFunction/docs/semi-formalized-research-frontiers/drafts/inverse-and-sampling/comb-interpolation/comb_interpolation_synthesis/assets/companion-evidence/Fabius_Dyadic_Comb_Sums_Report_Package/requirements.txt,"Unique script, exact data, generated table, environment input, textual output, or diagnostic PNG."
Analysis/FabiusFunction/docs/semi-formalized-research-frontiers/drafts/inverse-and-sampling/comb-interpolation/Dyadic_Comb_Frontiers/assets/Fabius_Euler_Maclaurin_Report_Package/Makefile,3dd765d5cc7f321c630bfee62effd2a51a3d1cb132afe3d66ea87ba3978c7244,375,broken-build-wrapper,retired-broken-wrapper,,Its publication targets name a removed TeX manuscript; replay commands are documented directly.
Analysis/FabiusFunction/docs/semi-formalized-research-frontiers/drafts/inverse-and-sampling/comb-interpolation/Dyadic_Comb_Frontiers/assets/Fabius_Euler_Maclaurin_Report_Package/README.md,543f02dad96e7e1d72d6625e1da5a2b5a3a202429b46da45b67ef5736713cad5,2379,superseded-documentation,canonicalized,Analysis/FabiusFunction/docs/semi-formalized-research-frontiers/drafts/inverse-and-sampling/comb-interpolation/comb_interpolation_synthesis/assets/README.md,Unique replay commands and provenance are distilled into canonical documentation.
Analysis/FabiusFunction/docs/semi-formalized-research-frontiers/drafts/inverse-and-sampling/comb-interpolation/Dyadic_Comb_Frontiers/assets/Fabius_Euler_Maclaurin_Report_Package/SHA256SUMS,4a96791459ce9b44d0e5fd9e7ad6954e751f2e3ceea933b8ea4f45e7cb800c33,1632,historical-checksum-ledger,canonicalized,Analysis/FabiusFunction/docs/semi-formalized-research-frontiers/drafts/inverse-and-sampling/comb-interpolation/comb_interpolation_synthesis/assets/HISTORICAL_LEDGER_AUDIT.csv,The source ledger is stale or package-local; every row and verification outcome is preserved in one audit table.
Analysis/FabiusFunction/docs/semi-formalized-research-frontiers/drafts/inverse-and-sampling/comb-interpolation/Dyadic_Comb_Frontiers/assets/Fabius_Euler_Maclaurin_Report_Package/SOURCE_AUDIT.md,7e105adaa880a1946ee2e389072545bd13f1b57f8544c8244c7ce42cbeb74f8c,1701,superseded-administration,canonicalized,Analysis/FabiusFunction/docs/semi-formalized-research-frontiers/drafts/inverse-and-sampling/comb-interpolation/comb_interpolation_synthesis/PROVENANCE.md,Nonduplicative provenance is retained; package-specific wrapper prose is retired.
Analysis/FabiusFunction/docs/semi-formalized-research-frontiers/drafts/inverse-and-sampling/comb-interpolation/Dyadic_Comb_Frontiers/assets/Fabius_Euler_Maclaurin_Report_Package/data/corrected_errors.csv,46df82a74ecb7e3371b94021655208cf0ec06eec5e4e9d017df5c438e9d5ea62,2201,reproducibility-evidence,retained-evidence,Analysis/FabiusFunction/docs/semi-formalized-research-frontiers/drafts/inverse-and-sampling/comb-interpolation/comb_interpolation_synthesis/assets/companion-evidence/Fabius_Euler_Maclaurin_Report_Package/data/corrected_errors.csv,"Unique script, exact data, generated table, environment input, textual output, or diagnostic PNG."
Analysis/FabiusFunction/docs/semi-formalized-research-frontiers/drafts/inverse-and-sampling/comb-interpolation/Dyadic_Comb_Frontiers/assets/Fabius_Euler_Maclaurin_Report_Package/data/moment_table.tex,44b12236c57bb7e13aa99a20a4d0a6d3138c030fd06d047873082c94af84c90d,635,reproducibility-evidence,retained-evidence,Analysis/FabiusFunction/docs/semi-formalized-research-frontiers/drafts/inverse-and-sampling/comb-interpolation/comb_interpolation_synthesis/assets/companion-evidence/Fabius_Euler_Maclaurin_Report_Package/data/moment_table.tex,"Unique script, exact data, generated table, environment input, textual output, or diagnostic PNG."
Analysis/FabiusFunction/docs/semi-formalized-research-frontiers/drafts/inverse-and-sampling/comb-interpolation/Dyadic_Comb_Frontiers/assets/Fabius_Euler_Maclaurin_Report_Package/data/moments.csv,12f62161d6a6fab62c05fa008692ecb23717082be981cacc724def5663b9ae7d,384,reproducibility-evidence,retained-evidence,Analysis/FabiusFunction/docs/semi-formalized-research-frontiers/drafts/inverse-and-sampling/comb-interpolation/comb_interpolation_synthesis/assets/companion-evidence/Fabius_Euler_Maclaurin_Report_Package/data/moments.csv,"Unique script, exact data, generated table, environment input, textual output, or diagnostic PNG."
Analysis/FabiusFunction/docs/semi-formalized-research-frontiers/drafts/inverse-and-sampling/comb-interpolation/Dyadic_Comb_Frontiers/assets/Fabius_Euler_Maclaurin_Report_Package/data/numerical_results.txt,e32c80b78bb54aa2f59c1c022bb5e6db8346dac0788c2092a895658c21fad8df,2440,reproducibility-evidence,retained-evidence,Analysis/FabiusFunction/docs/semi-formalized-research-frontiers/drafts/inverse-and-sampling/comb-interpolation/comb_interpolation_synthesis/assets/companion-evidence/Fabius_Euler_Maclaurin_Report_Package/data/numerical_results.txt,"Unique script, exact data, generated table, environment input, textual output, or diagnostic PNG."
Analysis/FabiusFunction/docs/semi-formalized-research-frontiers/drafts/inverse-and-sampling/comb-interpolation/Dyadic_Comb_Frontiers/assets/Fabius_Euler_Maclaurin_Report_Package/data/richardson.csv,594b53e93ea9623a8fd9a1872f984452d7e8d69810ae3ddc2a57ee25b07ae7bb,375,reproducibility-evidence,retained-evidence,Analysis/FabiusFunction/docs/semi-formalized-research-frontiers/drafts/inverse-and-sampling/comb-interpolation/comb_interpolation_synthesis/assets/companion-evidence/Fabius_Euler_Maclaurin_Report_Package/data/richardson.csv,"Unique script, exact data, generated table, environment input, textual output, or diagnostic PNG."
Analysis/FabiusFunction/docs/semi-formalized-research-frontiers/drafts/inverse-and-sampling/comb-interpolation/Dyadic_Comb_Frontiers/assets/Fabius_Euler_Maclaurin_Report_Package/data/ruffa_n3.csv,f31980ac0682dea29733987c552376610f0282c25672739af21d6b0c8f1e674b,430,reproducibility-evidence,retained-evidence,Analysis/FabiusFunction/docs/semi-formalized-research-frontiers/drafts/inverse-and-sampling/comb-interpolation/comb_interpolation_synthesis/assets/companion-evidence/Fabius_Euler_Maclaurin_Report_Package/data/ruffa_n3.csv,"Unique script, exact data, generated table, environment input, textual output, or diagnostic PNG."
Analysis/FabiusFunction/docs/semi-formalized-research-frontiers/drafts/inverse-and-sampling/comb-interpolation/Dyadic_Comb_Frontiers/assets/Fabius_Euler_Maclaurin_Report_Package/data/spectral_series.csv,84873d46b3c0615e3ecfdc5f9e04c72fb5be88401e9b5a94251038ac2d8b5a6b,298,reproducibility-evidence,retained-evidence,Analysis/FabiusFunction/docs/semi-formalized-research-frontiers/drafts/inverse-and-sampling/comb-interpolation/comb_interpolation_synthesis/assets/companion-evidence/Fabius_Euler_Maclaurin_Report_Package/data/spectral_series.csv,"Unique script, exact data, generated table, environment input, textual output, or diagnostic PNG."
Analysis/FabiusFunction/docs/semi-formalized-research-frontiers/drafts/inverse-and-sampling/comb-interpolation/Dyadic_Comb_Frontiers/assets/Fabius_Euler_Maclaurin_Report_Package/data/spectral_table.tex,1564ebe42f11ffe4825184f4767f6c34bb129bb18b8eb12e1dce04876806f134,381,reproducibility-evidence,retained-evidence,Analysis/FabiusFunction/docs/semi-formalized-research-frontiers/drafts/inverse-and-sampling/comb-interpolation/comb_interpolation_synthesis/assets/companion-evidence/Fabius_Euler_Maclaurin_Report_Package/data/spectral_table.tex,"Unique script, exact data, generated table, environment input, textual output, or diagnostic PNG."
Analysis/FabiusFunction/docs/semi-formalized-research-frontiers/drafts/inverse-and-sampling/comb-interpolation/Dyadic_Comb_Frontiers/assets/Fabius_Euler_Maclaurin_Report_Package/data/termination_errors.pdf,2fdffe7c63b44cb0994226efc069db83fb5ba4e6563dfbff128ab27dd5a6af70,22541,generated-figure-pdf,retired-generated-preview,,The reproducible legacy preview is replaced by retained or regenerated PNG evidence and introduced Type-3 fonts.
Analysis/FabiusFunction/docs/semi-formalized-research-frontiers/drafts/inverse-and-sampling/comb-interpolation/Dyadic_Comb_Frontiers/assets/Fabius_Euler_Maclaurin_Report_Package/data/termination_errors.png,082302855c235e1d4be9eb07ed14b53476e1708ec02d1bde5be0fcf5b1f38c26,127825,reproducibility-evidence,retained-evidence,Analysis/FabiusFunction/docs/semi-formalized-research-frontiers/drafts/inverse-and-sampling/comb-interpolation/comb_interpolation_synthesis/assets/companion-evidence/Fabius_Euler_Maclaurin_Report_Package/data/termination_errors.png,"Unique script, exact data, generated table, environment input, textual output, or diagnostic PNG."
Analysis/FabiusFunction/docs/semi-formalized-research-frontiers/drafts/inverse-and-sampling/comb-interpolation/Dyadic_Comb_Frontiers/assets/Fabius_Euler_Maclaurin_Report_Package/data/threshold_table.tex,537ecfa97ed4cbacb718ad5ef6e2445ca347ac5d647a45379b863b656434423d,692,reproducibility-evidence,retained-evidence,Analysis/FabiusFunction/docs/semi-formalized-research-frontiers/drafts/inverse-and-sampling/comb-interpolation/comb_interpolation_synthesis/assets/companion-evidence/Fabius_Euler_Maclaurin_Report_Package/data/threshold_table.tex,"Unique script, exact data, generated table, environment input, textual output, or diagnostic PNG."
Analysis/FabiusFunction/docs/semi-formalized-research-frontiers/drafts/inverse-and-sampling/comb-interpolation/Dyadic_Comb_Frontiers/assets/Fabius_Euler_Maclaurin_Report_Package/data/thresholds.csv,ae1d13d730f01d1fbddc5b24c1edf9974fb64c6207421686a54da7c45100921b,372,reproducibility-evidence,retained-evidence,Analysis/FabiusFunction/docs/semi-formalized-research-frontiers/drafts/inverse-and-sampling/comb-interpolation/comb_interpolation_synthesis/assets/companion-evidence/Fabius_Euler_Maclaurin_Report_Package/data/thresholds.csv,"Unique script, exact data, generated table, environment input, textual output, or diagnostic PNG."
Analysis/FabiusFunction/docs/semi-formalized-research-frontiers/drafts/inverse-and-sampling/comb-interpolation/Dyadic_Comb_Frontiers/assets/Fabius_Euler_Maclaurin_Report_Package/fabius_em_experiments.py,4584fd55947e190c858667ab19cfda26f808cf3f3e3d2f127154478fbf778b8f,24666,reproducibility-evidence,retained-evidence,Analysis/FabiusFunction/docs/semi-formalized-research-frontiers/drafts/inverse-and-sampling/comb-interpolation/comb_interpolation_synthesis/assets/companion-evidence/Fabius_Euler_Maclaurin_Report_Package/fabius_em_experiments.py,"Unique script, exact data, generated table, environment input, textual output, or diagnostic PNG."
Analysis/FabiusFunction/docs/semi-formalized-research-frontiers/drafts/inverse-and-sampling/comb-interpolation/Dyadic_Comb_Frontiers/assets/Fabius_Rvachev_Dyadic_Interpolation_Report/README.md,14e60e946d7678f39dc0a18806c55aa1c2c7c7b0b4421c99b264b83ec4092285,2797,superseded-documentation,canonicalized,Analysis/FabiusFunction/docs/semi-formalized-research-frontiers/drafts/inverse-and-sampling/comb-interpolation/comb_interpolation_synthesis/assets/README.md,Unique replay commands and provenance are distilled into canonical documentation.
Analysis/FabiusFunction/docs/semi-formalized-research-frontiers/drafts/inverse-and-sampling/comb-interpolation/Dyadic_Comb_Frontiers/assets/Fabius_Rvachev_Dyadic_Interpolation_Report/RUN_METADATA.txt,6d13245fcf860a6b81cb8ccb542a20150d14b9ed875cbd5f2c64e0b874f475ef,175,reproducibility-evidence,retained-evidence,Analysis/FabiusFunction/docs/semi-formalized-research-frontiers/drafts/inverse-and-sampling/comb-interpolation/comb_interpolation_synthesis/assets/companion-evidence/Fabius_Rvachev_Dyadic_Interpolation_Report/RUN_METADATA.txt,"Unique script, exact data, generated table, environment input, textual output, or diagnostic PNG."
Analysis/FabiusFunction/docs/semi-formalized-research-frontiers/drafts/inverse-and-sampling/comb-interpolation/Dyadic_Comb_Frontiers/assets/Fabius_Rvachev_Dyadic_Interpolation_Report/SHA256SUMS.txt,bfd547962a07a7d0575b5fd7900a569058fd976d51d7bc1ddd5bb79ab9351838,2392,historical-checksum-ledger,canonicalized,Analysis/FabiusFunction/docs/semi-formalized-research-frontiers/drafts/inverse-and-sampling/comb-interpolation/comb_interpolation_synthesis/assets/HISTORICAL_LEDGER_AUDIT.csv,The source ledger is stale or package-local; every row and verification outcome is preserved in one audit table.
Analysis/FabiusFunction/docs/semi-formalized-research-frontiers/drafts/inverse-and-sampling/comb-interpolation/Dyadic_Comb_Frontiers/assets/Fabius_Rvachev_Dyadic_Interpolation_Report/fabius_dyadic_interpolation_experiments.py,084365d63adca78ee7f64e1bf83a4ed9c476bc1ae2beb87378c72fd4601ee446,26910,reproducibility-evidence,retained-evidence,Analysis/FabiusFunction/docs/semi-formalized-research-frontiers/drafts/inverse-and-sampling/comb-interpolation/comb_interpolation_synthesis/assets/companion-evidence/Fabius_Rvachev_Dyadic_Interpolation_Report/fabius_dyadic_interpolation_experiments.py,"Unique script, exact data, generated table, environment input, textual output, or diagnostic PNG."
Analysis/FabiusFunction/docs/semi-formalized-research-frontiers/drafts/inverse-and-sampling/comb-interpolation/Dyadic_Comb_Frontiers/assets/Fabius_Rvachev_Dyadic_Interpolation_Report/figures/endpoint_error_profile_N32.pdf,ac8a654ff0417ee26657f9fd7c200f4ea4103830b04fff6f82addb112bbd29cc,15752,generated-figure-pdf,retired-generated-preview,,The reproducible legacy preview is replaced by retained or regenerated PNG evidence and introduced Type-3 fonts.
Analysis/FabiusFunction/docs/semi-formalized-research-frontiers/drafts/inverse-and-sampling/comb-interpolation/Dyadic_Comb_Frontiers/assets/Fabius_Rvachev_Dyadic_Interpolation_Report/figures/full_grid_hermite_error.pdf,3ecc0fb171bde91f8511af2e8a68e0583a8c5aeeafc61ad4fc9678108de8a9be,13367,generated-figure-pdf,retired-generated-preview,,The reproducible legacy preview is replaced by retained or regenerated PNG evidence and introduced Type-3 fonts.
Analysis/FabiusFunction/docs/semi-formalized-research-frontiers/drafts/inverse-and-sampling/comb-interpolation/Dyadic_Comb_Frontiers/assets/Fabius_Rvachev_Dyadic_Interpolation_Report/figures/interpolants_N32.pdf,ce8a816f99b0502e4a40bc71eeb045f2fcdc9adad34dac68c956534ac8bb1054,15633,generated-figure-pdf,retired-generated-preview,,The reproducible legacy preview is replaced by retained or regenerated PNG evidence and introduced Type-3 fonts.
Analysis/FabiusFunction/docs/semi-formalized-research-frontiers/drafts/inverse-and-sampling/comb-interpolation/Dyadic_Comb_Frontiers/assets/Fabius_Rvachev_Dyadic_Interpolation_Report/figures/jet_error_scan_N128.pdf,3743ef9b38c707f3e40f00dcd7ca55a2a1579f0271cb088a0919c73dee449ba3,13642,generated-figure-pdf,retired-generated-preview,,The reproducible legacy preview is replaced by retained or regenerated PNG evidence and introduced Type-3 fonts.
Analysis/FabiusFunction/docs/semi-formalized-research-frontiers/drafts/inverse-and-sampling/comb-interpolation/Dyadic_Comb_Frontiers/assets/Fabius_Rvachev_Dyadic_Interpolation_Report/figures/jet_error_scan_N256.pdf,5d35661ce95206ad2a96eaa0d96a4b34d8c3a1e8a3b3e6ee38376026494d3b59,13238,generated-figure-pdf,retired-generated-preview,,The reproducible legacy preview is replaced by retained or regenerated PNG evidence and introduced Type-3 fonts.
Analysis/FabiusFunction/docs/semi-formalized-research-frontiers/drafts/inverse-and-sampling/comb-interpolation/Dyadic_Comb_Frontiers/assets/Fabius_Rvachev_Dyadic_Interpolation_Report/figures/jet_error_scan_N32.pdf,9fba77178e8aa5168ab91591d3d7e11f1807f910d0a7f244fa6a55b0fe476b6a,14538,generated-figure-pdf,retired-generated-preview,,The reproducible legacy preview is replaced by retained or regenerated PNG evidence and introduced Type-3 fonts.
Analysis/FabiusFunction/docs/semi-formalized-research-frontiers/drafts/inverse-and-sampling/comb-interpolation/Dyadic_Comb_Frontiers/assets/Fabius_Rvachev_Dyadic_Interpolation_Report/figures/jet_error_scan_N64.pdf,04d328538b4676c052e4de0847de60cfe2f6bab1224f303842de1dc3e7736b7d,13398,generated-figure-pdf,retired-generated-preview,,The reproducible legacy preview is replaced by retained or regenerated PNG evidence and introduced Type-3 fonts.
Analysis/FabiusFunction/docs/semi-formalized-research-frontiers/drafts/inverse-and-sampling/comb-interpolation/Dyadic_Comb_Frontiers/assets/Fabius_Rvachev_Dyadic_Interpolation_Report/figures/jet_weighted_lebesgue_N128.pdf,528dba59720144b300a2eaa815a6eb662e0504b6c2cec754ad15d7bda3bc363d,13927,generated-figure-pdf,retired-generated-preview,,The reproducible legacy preview is replaced by retained or regenerated PNG evidence and introduced Type-3 fonts.
Analysis/FabiusFunction/docs/semi-formalized-research-frontiers/drafts/inverse-and-sampling/comb-interpolation/Dyadic_Comb_Frontiers/assets/Fabius_Rvachev_Dyadic_Interpolation_Report/figures/jet_weighted_lebesgue_N256.pdf,4fe903f2c8fd7576876e4e2951a1f8acb7b1b3bf539c10cb149bb01d6528fb2f,13743,generated-figure-pdf,retired-generated-preview,,The reproducible legacy preview is replaced by retained or regenerated PNG evidence and introduced Type-3 fonts.
Analysis/FabiusFunction/docs/semi-formalized-research-frontiers/drafts/inverse-and-sampling/comb-interpolation/Dyadic_Comb_Frontiers/assets/Fabius_Rvachev_Dyadic_Interpolation_Report/figures/jet_weighted_lebesgue_N32.pdf,9d8fe96efd4bb88d2a69f17120093092df6313e1880c672a73494604e49d43e8,14927,generated-figure-pdf,retired-generated-preview,,The reproducible legacy preview is replaced by retained or regenerated PNG evidence and introduced Type-3 fonts.
Analysis/FabiusFunction/docs/semi-formalized-research-frontiers/drafts/inverse-and-sampling/comb-interpolation/Dyadic_Comb_Frontiers/assets/Fabius_Rvachev_Dyadic_Interpolation_Report/figures/jet_weighted_lebesgue_N64.pdf,0e934f36e197d9ee29f0268c4268c42973cd4dfebd3e00426920bb8e4dcf786e,13860,generated-figure-pdf,retired-generated-preview,,The reproducible legacy preview is replaced by retained or regenerated PNG evidence and introduced Type-3 fonts.
Analysis/FabiusFunction/docs/semi-formalized-research-frontiers/drafts/inverse-and-sampling/comb-interpolation/Dyadic_Comb_Frontiers/assets/Fabius_Rvachev_Dyadic_Interpolation_Report/figures/standard_error_growth.pdf,a1f7f0d47f0609d0fb7953c07557dabcfd53074693d55bd93da7e3d3744d1b29,15292,generated-figure-pdf,retired-generated-preview,,The reproducible legacy preview is replaced by retained or regenerated PNG evidence and introduced Type-3 fonts.
Analysis/FabiusFunction/docs/semi-formalized-research-frontiers/drafts/inverse-and-sampling/comb-interpolation/Dyadic_Comb_Frontiers/assets/Fabius_Rvachev_Dyadic_Interpolation_Report/figures/standard_lebesgue_growth.pdf,c4c7bb20f10117cbfb80de8ff41e2107e7b5fd1151d8a10b4f78ced8aaf0ce0a,13859,generated-figure-pdf,retired-generated-preview,,The reproducible legacy preview is replaced by retained or regenerated PNG evidence and introduced Type-3 fonts.
Analysis/FabiusFunction/docs/semi-formalized-research-frontiers/drafts/inverse-and-sampling/comb-interpolation/Dyadic_Comb_Frontiers/assets/Fabius_Rvachev_Dyadic_Interpolation_Report/pdf_inspection.txt,9ae99e0abf233e6b1a43df52adafd5d0be6088cb59d02810306d72fef4cd872e,3037,superseded-administration,canonicalized,Analysis/FabiusFunction/docs/semi-formalized-research-frontiers/drafts/inverse-and-sampling/comb-interpolation/comb_interpolation_synthesis/PROVENANCE.md,Nonduplicative provenance is retained; package-specific wrapper prose is retired.
Analysis/FabiusFunction/docs/semi-formalized-research-frontiers/drafts/inverse-and-sampling/comb-interpolation/Dyadic_Comb_Frontiers/assets/Fabius_Rvachev_Dyadic_Interpolation_Report/requirements.txt,2eed6e31761a4255209902ef4eefc6c7a0c8e3d8290e458cc41236bafac00d40,28,environment-input,retained-deduplicated-evidence,Analysis/FabiusFunction/docs/semi-formalized-research-frontiers/drafts/inverse-and-sampling/comb-interpolation/comb_interpolation_synthesis/assets/companion-evidence/shared/requirements-mpmath-matplotlib.txt,Two byte-identical source rows share one physical payload.
Analysis/FabiusFunction/docs/semi-formalized-research-frontiers/drafts/inverse-and-sampling/comb-interpolation/Dyadic_Comb_Frontiers/assets/Fabius_Rvachev_Dyadic_Interpolation_Report/results/endpoint_jet_scan.csv,681d7321d05f35408e1602913d5b32446e7ec83f00fc8cf2b417d12ab2c0f4b0,3253,reproducibility-evidence,retained-evidence,Analysis/FabiusFunction/docs/semi-formalized-research-frontiers/drafts/inverse-and-sampling/comb-interpolation/comb_interpolation_synthesis/assets/companion-evidence/Fabius_Rvachev_Dyadic_Interpolation_Report/results/endpoint_jet_scan.csv,"Unique script, exact data, generated table, environment input, textual output, or diagnostic PNG."
Analysis/FabiusFunction/docs/semi-formalized-research-frontiers/drafts/inverse-and-sampling/comb-interpolation/Dyadic_Comb_Frontiers/assets/Fabius_Rvachev_Dyadic_Interpolation_Report/results/full_grid_hermite.csv,ac6d8b7abadb1562abbc1d15b892df5e28c3996d6e0a03dd02c8056ec1d8b836,489,reproducibility-evidence,retained-evidence,Analysis/FabiusFunction/docs/semi-formalized-research-frontiers/drafts/inverse-and-sampling/comb-interpolation/comb_interpolation_synthesis/assets/companion-evidence/Fabius_Rvachev_Dyadic_Interpolation_Report/results/full_grid_hermite.csv,"Unique script, exact data, generated table, environment input, textual output, or diagnostic PNG."
Analysis/FabiusFunction/docs/semi-formalized-research-frontiers/drafts/inverse-and-sampling/comb-interpolation/Dyadic_Comb_Frontiers/assets/Fabius_Rvachev_Dyadic_Interpolation_Report/results/optimal_jet_orders.csv,d1767585fe020f0e6df07d60c8495def13f16a893927226d0002d4d20fa1a468,477,reproducibility-evidence,retained-evidence,Analysis/FabiusFunction/docs/semi-formalized-research-frontiers/drafts/inverse-and-sampling/comb-interpolation/comb_interpolation_synthesis/assets/companion-evidence/Fabius_Rvachev_Dyadic_Interpolation_Report/results/optimal_jet_orders.csv,"Unique script, exact data, generated table, environment input, textual output, or diagnostic PNG."
Analysis/FabiusFunction/docs/semi-formalized-research-frontiers/drafts/inverse-and-sampling/comb-interpolation/Dyadic_Comb_Frontiers/assets/Fabius_Rvachev_Dyadic_Interpolation_Report/results/standard_lagrange.csv,b0c2258999bfa26e982282a2c0e9a325c02699ac73fe1c5209a95df4b8c101db,717,reproducibility-evidence,retained-evidence,Analysis/FabiusFunction/docs/semi-formalized-research-frontiers/drafts/inverse-and-sampling/comb-interpolation/comb_interpolation_synthesis/assets/companion-evidence/Fabius_Rvachev_Dyadic_Interpolation_Report/results/standard_lagrange.csv,"Unique script, exact data, generated table, environment input, textual output, or diagnostic PNG."
Analysis/FabiusFunction/docs/semi-formalized-research-frontiers/drafts/inverse-and-sampling/comb-interpolation/Dyadic_Comb_Frontiers/assets/fabius-dyadic-comb-sums-report/README.md,ce2766ed0256e2a4d89620faa0a6b1c79cd5cadf2cfa5ea42e5373df44c466d7,1572,superseded-documentation,canonicalized,Analysis/FabiusFunction/docs/semi-formalized-research-frontiers/drafts/inverse-and-sampling/comb-interpolation/comb_interpolation_synthesis/assets/README.md,Unique replay commands and provenance are distilled into canonical documentation.
Analysis/FabiusFunction/docs/semi-formalized-research-frontiers/drafts/inverse-and-sampling/comb-interpolation/Dyadic_Comb_Frontiers/assets/fabius-dyadic-comb-sums-report/corpus_inventory.tex,67576c5146f7d90bd35864a33e0fb5ebedd87711dd5dab0c2fe959ce5435de64,355,placeholder,retired-placeholder,,The file explicitly says its underlying content was not shipped and supplies no recovered evidence.
Analysis/FabiusFunction/docs/semi-formalized-research-frontiers/drafts/inverse-and-sampling/comb-interpolation/Dyadic_Comb_Frontiers/assets/fabius-dyadic-comb-sums-report/corpus_meta.tex,6762782a5088f9430cf59b89d180b4ea5bb11ac525e4f69d6923ef66e209c0a4,523,placeholder,retired-placeholder,,The file explicitly says its underlying content was not shipped and supplies no recovered evidence.
Analysis/FabiusFunction/docs/semi-formalized-research-frontiers/drafts/inverse-and-sampling/comb-interpolation/Dyadic_Comb_Frontiers/assets/fabius-dyadic-comb-sums-report/experiments.py,e09f90ca9a5b1a3ba2dedb511fb978ab77dc2813d9a5a11ca07f518375c5c279,22493,reproducibility-evidence,retained-evidence,Analysis/FabiusFunction/docs/semi-formalized-research-frontiers/drafts/inverse-and-sampling/comb-interpolation/comb_interpolation_synthesis/assets/companion-evidence/fabius-dyadic-comb-sums-report/experiments.py,"Unique script, exact data, generated table, environment input, textual output, or diagnostic PNG."
Analysis/FabiusFunction/docs/semi-formalized-research-frontiers/drafts/inverse-and-sampling/comb-interpolation/Dyadic_Comb_Frontiers/assets/fabius-dyadic-comb-sums-report/generated_results.tex,827ec30f0462e01f10a36977f838c086dd08dcde5f926b9e87e241906b88cc5c,614,placeholder,retired-placeholder,,The file explicitly says its underlying content was not shipped and supplies no recovered evidence.
Analysis/FabiusFunction/docs/semi-formalized-research-frontiers/drafts/inverse-and-sampling/comb-interpolation/Dyadic_Comb_Frontiers/assets/fabius_dyadic_comb_report_final/README.md,1970824dd501e7f8a181537091ee482187bf8078392e199abad08c3c01df62d2,2762,superseded-documentation,canonicalized,Analysis/FabiusFunction/docs/semi-formalized-research-frontiers/drafts/inverse-and-sampling/comb-interpolation/comb_interpolation_synthesis/assets/README.md,Unique replay commands and provenance are distilled into canonical documentation.
Analysis/FabiusFunction/docs/semi-formalized-research-frontiers/drafts/inverse-and-sampling/comb-interpolation/Dyadic_Comb_Frontiers/assets/fabius_dyadic_comb_report_final/SHA256SUMS.txt,81356ca93171005e590fe7f313d0852ee106fd28711059a45587b813682ed54e,456,historical-checksum-ledger,canonicalized,Analysis/FabiusFunction/docs/semi-formalized-research-frontiers/drafts/inverse-and-sampling/comb-interpolation/comb_interpolation_synthesis/assets/HISTORICAL_LEDGER_AUDIT.csv,The source ledger is stale or package-local; every row and verification outcome is preserved in one audit table.
Analysis/FabiusFunction/docs/semi-formalized-research-frontiers/drafts/inverse-and-sampling/comb-interpolation/Dyadic_Comb_Frontiers/assets/fabius_dyadic_comb_report_final/fabius_dyadic_comb_experiments.py,77c955d7a6f7f7742d0993b4be52e983f653c9346aaf74afcc5dca736bbd0947,17413,reproducibility-evidence,retained-evidence,Analysis/FabiusFunction/docs/semi-formalized-research-frontiers/drafts/inverse-and-sampling/comb-interpolation/comb_interpolation_synthesis/assets/companion-evidence/fabius_dyadic_comb_report_final/fabius_dyadic_comb_experiments.py,"Unique script, exact data, generated table, environment input, textual output, or diagnostic PNG."
Analysis/FabiusFunction/docs/semi-formalized-research-frontiers/drafts/inverse-and-sampling/comb-interpolation/Dyadic_Comb_Frontiers/assets/fabius_dyadic_comb_report_final/numerical_results.txt,e581421290fb9e535c0667771d08f6c201d81f8ea52e7c817d9394d16ccf99bb,4790,reproducibility-evidence,retained-evidence,Analysis/FabiusFunction/docs/semi-formalized-research-frontiers/drafts/inverse-and-sampling/comb-interpolation/comb_interpolation_synthesis/assets/companion-evidence/fabius_dyadic_comb_report_final/numerical_results.txt,"Unique script, exact data, generated table, environment input, textual output, or diagnostic PNG."
Analysis/FabiusFunction/docs/semi-formalized-research-frontiers/drafts/inverse-and-sampling/comb-interpolation/Dyadic_Comb_Frontiers/assets/fabius_dyadic_interpolation_report/README.md,65d43e98e031d92f8696638d789a3f18fa4887b4050e4796882c673bd9c34e65,2085,superseded-documentation,canonicalized,Analysis/FabiusFunction/docs/semi-formalized-research-frontiers/drafts/inverse-and-sampling/comb-interpolation/comb_interpolation_synthesis/assets/README.md,Unique replay commands and provenance are distilled into canonical documentation.
Analysis/FabiusFunction/docs/semi-formalized-research-frontiers/drafts/inverse-and-sampling/comb-interpolation/Dyadic_Comb_Frontiers/assets/fabius_dyadic_interpolation_report/data/cardinal_modes.csv,866c9488a4229dab10797b127370586768f2542cca8da9108a54728f0775ace8,491,reproducibility-evidence,retained-evidence,Analysis/FabiusFunction/docs/semi-formalized-research-frontiers/drafts/inverse-and-sampling/comb-interpolation/comb_interpolation_synthesis/assets/companion-evidence/fabius_dyadic_interpolation_report/data/cardinal_modes.csv,"Unique script, exact data, generated table, environment input, textual output, or diagnostic PNG."
Analysis/FabiusFunction/docs/semi-formalized-research-frontiers/drafts/inverse-and-sampling/comb-interpolation/Dyadic_Comb_Frontiers/assets/fabius_dyadic_interpolation_report/data/fixed_order_errors.csv,81524bfe89282674a9d02135127c8a4962f5e59678c1dc37043094dc4963ec9c,1404,reproducibility-evidence,retained-evidence,Analysis/FabiusFunction/docs/semi-formalized-research-frontiers/drafts/inverse-and-sampling/comb-interpolation/comb_interpolation_synthesis/assets/companion-evidence/fabius_dyadic_interpolation_report/data/fixed_order_errors.csv,"Unique script, exact data, generated table, environment input, textual output, or diagnostic PNG."
Analysis/FabiusFunction/docs/semi-formalized-research-frontiers/drafts/inverse-and-sampling/comb-interpolation/Dyadic_Comb_Frontiers/assets/fabius_dyadic_interpolation_report/data/jet_scan_N128_window.csv,915fddd278b678ea006597397b3a8766d44dc74be777faff509f055f20389bbf,768,reproducibility-evidence,retained-evidence,Analysis/FabiusFunction/docs/semi-formalized-research-frontiers/drafts/inverse-and-sampling/comb-interpolation/comb_interpolation_synthesis/assets/companion-evidence/fabius_dyadic_interpolation_report/data/jet_scan_N128_window.csv,"Unique script, exact data, generated table, environment input, textual output, or diagnostic PNG."
Analysis/FabiusFunction/docs/semi-formalized-research-frontiers/drafts/inverse-and-sampling/comb-interpolation/Dyadic_Comb_Frontiers/assets/fabius_dyadic_interpolation_report/data/jet_scan_N64.csv,81ef6500c0c44da6657ff5df688d54ca8255c4f60ecde79834f46ac39589cac2,1553,reproducibility-evidence,retained-evidence,Analysis/FabiusFunction/docs/semi-formalized-research-frontiers/drafts/inverse-and-sampling/comb-interpolation/comb_interpolation_synthesis/assets/companion-evidence/fabius_dyadic_interpolation_report/data/jet_scan_N64.csv,"Unique script, exact data, generated table, environment input, textual output, or diagnostic PNG."
Analysis/FabiusFunction/docs/semi-formalized-research-frontiers/drafts/inverse-and-sampling/comb-interpolation/Dyadic_Comb_Frontiers/assets/fabius_dyadic_interpolation_report/data/observed_optimal_orders.csv,a9c52efad6d46758b9b757da1e8d44049a7101abe2c173f078cc20403b72eda3,367,reproducibility-evidence,retained-evidence,Analysis/FabiusFunction/docs/semi-formalized-research-frontiers/drafts/inverse-and-sampling/comb-interpolation/comb_interpolation_synthesis/assets/companion-evidence/fabius_dyadic_interpolation_report/data/observed_optimal_orders.csv,"Unique script, exact data, generated table, environment input, textual output, or diagnostic PNG."
Analysis/FabiusFunction/docs/semi-formalized-research-frontiers/drafts/inverse-and-sampling/comb-interpolation/Dyadic_Comb_Frontiers/assets/fabius_dyadic_interpolation_report/data/piecewise_cubic_errors.csv,cffac3c0e501feea80493540aa52bee130b93c56d66c90007862e992c6308ee5,296,reproducibility-evidence,retained-evidence,Analysis/FabiusFunction/docs/semi-formalized-research-frontiers/drafts/inverse-and-sampling/comb-interpolation/comb_interpolation_synthesis/assets/companion-evidence/fabius_dyadic_interpolation_report/data/piecewise_cubic_errors.csv,"Unique script, exact data, generated table, environment input, textual output, or diagnostic PNG."
Analysis/FabiusFunction/docs/semi-formalized-research-frontiers/drafts/inverse-and-sampling/comb-interpolation/Dyadic_Comb_Frontiers/assets/fabius_dyadic_interpolation_report/fabius_dyadic_interpolation_experiments.py,3c75fb7a7b11e6f0caf67ec6a5f73afb6b78dcf89dd42c0ea09313ec319d3f1a,27007,reproducibility-evidence,retained-evidence,Analysis/FabiusFunction/docs/semi-formalized-research-frontiers/drafts/inverse-and-sampling/comb-interpolation/comb_interpolation_synthesis/assets/companion-evidence/fabius_dyadic_interpolation_report/fabius_dyadic_interpolation_experiments.py,"Unique script, exact data, generated table, environment input, textual output, or diagnostic PNG."
Analysis/FabiusFunction/docs/semi-formalized-research-frontiers/drafts/inverse-and-sampling/comb-interpolation/Dyadic_Comb_Frontiers/assets/fabius_dyadic_interpolation_report/figures/balancing_law.pdf,17a969d88e92ac4265cb28407ad2b160d83946a9f9624dd9ccc0d3a124b69e06,18691,generated-figure-pdf,retired-generated-preview,,The reproducible legacy preview is replaced by retained or regenerated PNG evidence and introduced Type-3 fonts.
Analysis/FabiusFunction/docs/semi-formalized-research-frontiers/drafts/inverse-and-sampling/comb-interpolation/Dyadic_Comb_Frontiers/assets/fabius_dyadic_interpolation_report/figures/balancing_law.png,cf0ce48f653e802aad624cc6a7c398f266974058ffb40866aad301f57362d648,91916,reproducibility-evidence,retained-evidence,Analysis/FabiusFunction/docs/semi-formalized-research-frontiers/drafts/inverse-and-sampling/comb-interpolation/comb_interpolation_synthesis/assets/companion-evidence/fabius_dyadic_interpolation_report/figures/balancing_law.png,"Unique script, exact data, generated table, environment input, textual output, or diagnostic PNG."
Analysis/FabiusFunction/docs/semi-formalized-research-frontiers/drafts/inverse-and-sampling/comb-interpolation/Dyadic_Comb_Frontiers/assets/fabius_dyadic_interpolation_report/figures/cardinal_modes_N64.pdf,cba1ed84a93dc00b3780ff8240799435890f5fbca8fc5beaa5c8edc0ffbcf371,18776,generated-figure-pdf,retired-generated-preview,,The reproducible legacy preview is replaced by retained or regenerated PNG evidence and introduced Type-3 fonts.
Analysis/FabiusFunction/docs/semi-formalized-research-frontiers/drafts/inverse-and-sampling/comb-interpolation/Dyadic_Comb_Frontiers/assets/fabius_dyadic_interpolation_report/figures/cardinal_modes_N64.png,83d6bd4cad038136f8fccf3e2f9e3de2e9828e2b2857f523567f8a3ebaef0fa8,104087,reproducibility-evidence,retained-evidence,Analysis/FabiusFunction/docs/semi-formalized-research-frontiers/drafts/inverse-and-sampling/comb-interpolation/comb_interpolation_synthesis/assets/companion-evidence/fabius_dyadic_interpolation_report/figures/cardinal_modes_N64.png,"Unique script, exact data, generated table, environment input, textual output, or diagnostic PNG."
Analysis/FabiusFunction/docs/semi-formalized-research-frontiers/drafts/inverse-and-sampling/comb-interpolation/Dyadic_Comb_Frontiers/assets/fabius_dyadic_interpolation_report/figures/fabius_N32_interpolants.pdf,246e962c9d60482889823cce33a3d436e5ec308574a3342286c1af21d54559f1,15716,generated-figure-pdf,retired-generated-preview,,The reproducible legacy preview is replaced by retained or regenerated PNG evidence and introduced Type-3 fonts.
Analysis/FabiusFunction/docs/semi-formalized-research-frontiers/drafts/inverse-and-sampling/comb-interpolation/Dyadic_Comb_Frontiers/assets/fabius_dyadic_interpolation_report/figures/fabius_N32_interpolants.png,e86c035f2c0968017f4cff20d475a7033ea1b2d9a5829769ebdbc4b147dc227b,57273,reproducibility-evidence,retained-evidence,Analysis/FabiusFunction/docs/semi-formalized-research-frontiers/drafts/inverse-and-sampling/comb-interpolation/comb_interpolation_synthesis/assets/companion-evidence/fabius_dyadic_interpolation_report/figures/fabius_N32_interpolants.png,"Unique script, exact data, generated table, environment input, textual output, or diagnostic PNG."
Analysis/FabiusFunction/docs/semi-formalized-research-frontiers/drafts/inverse-and-sampling/comb-interpolation/Dyadic_Comb_Frontiers/assets/fabius_dyadic_interpolation_report/figures/global_vs_local.pdf,6c0996365c11e162dbcb66474b37bca606508f6f31b51ad8492f242cb3fa668b,16155,generated-figure-pdf,retired-generated-preview,,The reproducible legacy preview is replaced by retained or regenerated PNG evidence and introduced Type-3 fonts.
Analysis/FabiusFunction/docs/semi-formalized-research-frontiers/drafts/inverse-and-sampling/comb-interpolation/Dyadic_Comb_Frontiers/assets/fabius_dyadic_interpolation_report/figures/global_vs_local.png,aa55fa2e94d6ec1244493c7642c62de7f460d49c09a877c0dfe981925944f04d,77669,reproducibility-evidence,retained-evidence,Analysis/FabiusFunction/docs/semi-formalized-research-frontiers/drafts/inverse-and-sampling/comb-interpolation/comb_interpolation_synthesis/assets/companion-evidence/fabius_dyadic_interpolation_report/figures/global_vs_local.png,"Unique script, exact data, generated table, environment input, textual output, or diagnostic PNG."
Analysis/FabiusFunction/docs/semi-formalized-research-frontiers/drafts/inverse-and-sampling/comb-interpolation/Dyadic_Comb_Frontiers/assets/fabius_dyadic_interpolation_report/figures/jet_order_scan_N64.pdf,cf30a80d10f14e54ab18cec4f4f5f474e667ef6420e0e45c34dd448650d6f044,17052,generated-figure-pdf,retired-generated-preview,,The reproducible legacy preview is replaced by retained or regenerated PNG evidence and introduced Type-3 fonts.
Analysis/FabiusFunction/docs/semi-formalized-research-frontiers/drafts/inverse-and-sampling/comb-interpolation/Dyadic_Comb_Frontiers/assets/fabius_dyadic_interpolation_report/figures/jet_order_scan_N64.png,10bdb3b0ce3d35d0ffd1ceb429ea6668c3f4a6995b4f8a622f0a9fbe44a974d9,93927,reproducibility-evidence,retained-evidence,Analysis/FabiusFunction/docs/semi-formalized-research-frontiers/drafts/inverse-and-sampling/comb-interpolation/comb_interpolation_synthesis/assets/companion-evidence/fabius_dyadic_interpolation_report/figures/jet_order_scan_N64.png,"Unique script, exact data, generated table, environment input, textual output, or diagnostic PNG."
Analysis/FabiusFunction/docs/semi-formalized-research-frontiers/drafts/inverse-and-sampling/comb-interpolation/Dyadic_Comb_Frontiers/assets/fabius_dyadic_interpolation_report/figures/up_N32_interpolants.pdf,d5e4cd916b0a4b2c1714fb840d289fdfb9447e7f7c98c97398918c31c24e2766,15800,generated-figure-pdf,retired-generated-preview,,The reproducible legacy preview is replaced by retained or regenerated PNG evidence and introduced Type-3 fonts.
Analysis/FabiusFunction/docs/semi-formalized-research-frontiers/drafts/inverse-and-sampling/comb-interpolation/Dyadic_Comb_Frontiers/assets/fabius_dyadic_interpolation_report/figures/up_N32_interpolants.png,a5b720036010d652f5cfe88c812d2d8924d0229a4f6754585e7e6943d4044ab8,61317,reproducibility-evidence,retained-evidence,Analysis/FabiusFunction/docs/semi-formalized-research-frontiers/drafts/inverse-and-sampling/comb-interpolation/comb_interpolation_synthesis/assets/companion-evidence/fabius_dyadic_interpolation_report/figures/up_N32_interpolants.png,"Unique script, exact data, generated table, environment input, textual output, or diagnostic PNG."
Analysis/FabiusFunction/docs/semi-formalized-research-frontiers/drafts/inverse-and-sampling/comb-interpolation/Dyadic_Comb_Frontiers/assets/fabius_interpolation_report/README.md,fe673d84b4cd71dbdfe794110ac5ce0e6c153297e8a0d973b2ebec54c379cdf2,4093,superseded-documentation,canonicalized,Analysis/FabiusFunction/docs/semi-formalized-research-frontiers/drafts/inverse-and-sampling/comb-interpolation/comb_interpolation_synthesis/assets/README.md,Unique replay commands and provenance are distilled into canonical documentation.
Analysis/FabiusFunction/docs/semi-formalized-research-frontiers/drafts/inverse-and-sampling/comb-interpolation/Dyadic_Comb_Frontiers/assets/fabius_interpolation_report/SHA256SUMS,6febe25862e1c38ef1ba101062b218f21c1e14c20b631edfce4db9fce1356a8e,3119,historical-checksum-ledger,canonicalized,Analysis/FabiusFunction/docs/semi-formalized-research-frontiers/drafts/inverse-and-sampling/comb-interpolation/comb_interpolation_synthesis/assets/HISTORICAL_LEDGER_AUDIT.csv,The source ledger is stale or package-local; every row and verification outcome is preserved in one audit table.
Analysis/FabiusFunction/docs/semi-formalized-research-frontiers/drafts/inverse-and-sampling/comb-interpolation/Dyadic_Comb_Frontiers/assets/fabius_interpolation_report/data/endpoint_derivative_defects.csv,63ceb34923a928fb5d9e2f683cf180272436b90e21272d77fac8a429b6ffa4b5,864,reproducibility-evidence,retained-evidence,Analysis/FabiusFunction/docs/semi-formalized-research-frontiers/drafts/inverse-and-sampling/comb-interpolation/comb_interpolation_synthesis/assets/companion-evidence/fabius_interpolation_report/data/endpoint_derivative_defects.csv,"Unique script, exact data, generated table, environment input, textual output, or diagnostic PNG."
Analysis/FabiusFunction/docs/semi-formalized-research-frontiers/drafts/inverse-and-sampling/comb-interpolation/Dyadic_Comb_Frontiers/assets/fabius_interpolation_report/data/fabius_N128_ordinary.csv,0bd767aeea5291b908e660a5c8e028a0711253da0418e850e025726bda8f4d26,258,reproducibility-evidence,retained-evidence,Analysis/FabiusFunction/docs/semi-formalized-research-frontiers/drafts/inverse-and-sampling/comb-interpolation/comb_interpolation_synthesis/assets/companion-evidence/fabius_interpolation_report/data/fabius_N128_ordinary.csv,"Unique script, exact data, generated table, environment input, textual output, or diagnostic PNG."
Analysis/FabiusFunction/docs/semi-formalized-research-frontiers/drafts/inverse-and-sampling/comb-interpolation/Dyadic_Comb_Frontiers/assets/fabius_interpolation_report/data/fabius_N16.csv,7a87105460ea22a74fe070ad4354bfe19e4e3e41c5568b1839aff0a6aae299cd,1642,reproducibility-evidence,retained-evidence,Analysis/FabiusFunction/docs/semi-formalized-research-frontiers/drafts/inverse-and-sampling/comb-interpolation/comb_interpolation_synthesis/assets/companion-evidence/fabius_interpolation_report/data/fabius_N16.csv,"Unique script, exact data, generated table, environment input, textual output, or diagnostic PNG."
Analysis/FabiusFunction/docs/semi-formalized-research-frontiers/drafts/inverse-and-sampling/comb-interpolation/Dyadic_Comb_Frontiers/assets/fabius_interpolation_report/data/fabius_N32.csv,719d5da66d1a6784242fc63bff714bb63ce1dd44dabf4f037b37c360fb385fb8,2084,reproducibility-evidence,retained-evidence,Analysis/FabiusFunction/docs/semi-formalized-research-frontiers/drafts/inverse-and-sampling/comb-interpolation/comb_interpolation_synthesis/assets/companion-evidence/fabius_interpolation_report/data/fabius_N32.csv,"Unique script, exact data, generated table, environment input, textual output, or diagnostic PNG."
Analysis/FabiusFunction/docs/semi-formalized-research-frontiers/drafts/inverse-and-sampling/comb-interpolation/Dyadic_Comb_Frontiers/assets/fabius_interpolation_report/data/fabius_N4_ordinary.csv,675cf33bcf5c361fc1169e43d0aadeb66069b21e00b08b699a883af41a1eb5e2,260,reproducibility-evidence,retained-evidence,Analysis/FabiusFunction/docs/semi-formalized-research-frontiers/drafts/inverse-and-sampling/comb-interpolation/comb_interpolation_synthesis/assets/companion-evidence/fabius_interpolation_report/data/fabius_N4_ordinary.csv,"Unique script, exact data, generated table, environment input, textual output, or diagnostic PNG."
Analysis/FabiusFunction/docs/semi-formalized-research-frontiers/drafts/inverse-and-sampling/comb-interpolation/Dyadic_Comb_Frontiers/assets/fabius_interpolation_report/data/fabius_N64_a.csv,b4e4301ccb03b29bed0504ee5618b24a4a45958ca08a2ed1f0017f35b3c3f2a9,2170,reproducibility-evidence,retained-evidence,Analysis/FabiusFunction/docs/semi-formalized-research-frontiers/drafts/inverse-and-sampling/comb-interpolation/comb_interpolation_synthesis/assets/companion-evidence/fabius_interpolation_report/data/fabius_N64_a.csv,"Unique script, exact data, generated table, environment input, textual output, or diagnostic PNG."
Analysis/FabiusFunction/docs/semi-formalized-research-frontiers/drafts/inverse-and-sampling/comb-interpolation/Dyadic_Comb_Frontiers/assets/fabius_interpolation_report/data/fabius_N64_b.csv,12810de0ca8dde5c0218bb746604b5f2715f542b82280e06d63bfc597462c6c2,1873,reproducibility-evidence,retained-evidence,Analysis/FabiusFunction/docs/semi-formalized-research-frontiers/drafts/inverse-and-sampling/comb-interpolation/comb_interpolation_synthesis/assets/companion-evidence/fabius_interpolation_report/data/fabius_N64_b.csv,"Unique script, exact data, generated table, environment input, textual output, or diagnostic PNG."
Analysis/FabiusFunction/docs/semi-formalized-research-frontiers/drafts/inverse-and-sampling/comb-interpolation/Dyadic_Comb_Frontiers/assets/fabius_interpolation_report/data/fabius_N8.csv,d446a77d34aa5ca91e81624f5737facfec0b545640bbb9eca16dc9a4252bb5a0,1167,reproducibility-evidence,retained-evidence,Analysis/FabiusFunction/docs/semi-formalized-research-frontiers/drafts/inverse-and-sampling/comb-interpolation/comb_interpolation_synthesis/assets/companion-evidence/fabius_interpolation_report/data/fabius_N8.csv,"Unique script, exact data, generated table, environment input, textual output, or diagnostic PNG."
Analysis/FabiusFunction/docs/semi-formalized-research-frontiers/drafts/inverse-and-sampling/comb-interpolation/Dyadic_Comb_Frontiers/assets/fabius_interpolation_report/data/fabius_endpoint_flat.csv,569d59c3c30e0a3cad5445e3730ca524d6b74a4cc50d207cc2230520bf914e96,8524,reproducibility-evidence,retained-evidence,Analysis/FabiusFunction/docs/semi-formalized-research-frontiers/drafts/inverse-and-sampling/comb-interpolation/comb_interpolation_synthesis/assets/companion-evidence/fabius_interpolation_report/data/fabius_endpoint_flat.csv,"Unique script, exact data, generated table, environment input, textual output, or diagnostic PNG."
Analysis/FabiusFunction/docs/semi-formalized-research-frontiers/drafts/inverse-and-sampling/comb-interpolation/Dyadic_Comb_Frontiers/assets/fabius_interpolation_report/data/hermite_first_derivative.csv,ca9ee2883d0196a8def2cc81065faa3bc3280f60f0f6f67806be3b4318bbd76c,598,reproducibility-evidence,retained-evidence,Analysis/FabiusFunction/docs/semi-formalized-research-frontiers/drafts/inverse-and-sampling/comb-interpolation/comb_interpolation_synthesis/assets/companion-evidence/fabius_interpolation_report/data/hermite_first_derivative.csv,"Unique script, exact data, generated table, environment input, textual output, or diagnostic PNG."
Analysis/FabiusFunction/docs/semi-formalized-research-frontiers/drafts/inverse-and-sampling/comb-interpolation/Dyadic_Comb_Frontiers/assets/fabius_interpolation_report/data/jet_order_predictions.csv,4c1a95eee48c4f7bb9129b173b3d12da3016028580172e26aad062874fda9eb4,1528,reproducibility-evidence,retained-evidence,Analysis/FabiusFunction/docs/semi-formalized-research-frontiers/drafts/inverse-and-sampling/comb-interpolation/comb_interpolation_synthesis/assets/companion-evidence/fabius_interpolation_report/data/jet_order_predictions.csv,"Unique script, exact data, generated table, environment input, textual output, or diagnostic PNG."
Analysis/FabiusFunction/docs/semi-formalized-research-frontiers/drafts/inverse-and-sampling/comb-interpolation/Dyadic_Comb_Frontiers/assets/fabius_interpolation_report/data/lebesgue_N64.csv,3bfd2fcbf4b257c731dacabf397378e66798e7da2e0a153b1addf7d844b9d248,2952,reproducibility-evidence,retained-evidence,Analysis/FabiusFunction/docs/semi-formalized-research-frontiers/drafts/inverse-and-sampling/comb-interpolation/comb_interpolation_synthesis/assets/companion-evidence/fabius_interpolation_report/data/lebesgue_N64.csv,"Unique script, exact data, generated table, environment input, textual output, or diagnostic PNG."
Analysis/FabiusFunction/docs/semi-formalized-research-frontiers/drafts/inverse-and-sampling/comb-interpolation/Dyadic_Comb_Frontiers/assets/fabius_interpolation_report/data/lebesgue_N64_a.csv,f538d3333a1bc182cd20a55ad700e8c227d0fe0a7f7dbf3c8c56ac92ded6453c,1591,reproducibility-evidence,retained-evidence,Analysis/FabiusFunction/docs/semi-formalized-research-frontiers/drafts/inverse-and-sampling/comb-interpolation/comb_interpolation_synthesis/assets/companion-evidence/fabius_interpolation_report/data/lebesgue_N64_a.csv,"Unique script, exact data, generated table, environment input, textual output, or diagnostic PNG."
Analysis/FabiusFunction/docs/semi-formalized-research-frontiers/drafts/inverse-and-sampling/comb-interpolation/Dyadic_Comb_Frontiers/assets/fabius_interpolation_report/data/lebesgue_N64_b.csv,5bbce67a6bebb16967cf2bba607161982bfd63439fbb34816bd569fb800bccd5,1455,reproducibility-evidence,retained-evidence,Analysis/FabiusFunction/docs/semi-formalized-research-frontiers/drafts/inverse-and-sampling/comb-interpolation/comb_interpolation_synthesis/assets/companion-evidence/fabius_interpolation_report/data/lebesgue_N64_b.csv,"Unique script, exact data, generated table, environment input, textual output, or diagnostic PNG."
Analysis/FabiusFunction/docs/semi-formalized-research-frontiers/drafts/inverse-and-sampling/comb-interpolation/Dyadic_Comb_Frontiers/assets/fabius_interpolation_report/data/up_N16.csv,1fecffbd8db32fc13bc0f2431886b1582c4178680318b3fb39e5d9a72c7a301a,1645,reproducibility-evidence,retained-evidence,Analysis/FabiusFunction/docs/semi-formalized-research-frontiers/drafts/inverse-and-sampling/comb-interpolation/comb_interpolation_synthesis/assets/companion-evidence/fabius_interpolation_report/data/up_N16.csv,"Unique script, exact data, generated table, environment input, textual output, or diagnostic PNG."
Analysis/FabiusFunction/docs/semi-formalized-research-frontiers/drafts/inverse-and-sampling/comb-interpolation/Dyadic_Comb_Frontiers/assets/fabius_interpolation_report/data/up_N32.csv,b3b77d7f0feee66429b1070faf80581728db4960ca616160bcfe88069647db20,2573,reproducibility-evidence,retained-evidence,Analysis/FabiusFunction/docs/semi-formalized-research-frontiers/drafts/inverse-and-sampling/comb-interpolation/comb_interpolation_synthesis/assets/companion-evidence/fabius_interpolation_report/data/up_N32.csv,"Unique script, exact data, generated table, environment input, textual output, or diagnostic PNG."
Analysis/FabiusFunction/docs/semi-formalized-research-frontiers/drafts/inverse-and-sampling/comb-interpolation/Dyadic_Comb_Frontiers/assets/fabius_interpolation_report/data/up_N64_a.csv,1c39ebf3b64e90fa2200520ef72b18ad9e626b9a4483b1e28968b79e5f4c244a,1665,reproducibility-evidence,retained-evidence,Analysis/FabiusFunction/docs/semi-formalized-research-frontiers/drafts/inverse-and-sampling/comb-interpolation/comb_interpolation_synthesis/assets/companion-evidence/fabius_interpolation_report/data/up_N64_a.csv,"Unique script, exact data, generated table, environment input, textual output, or diagnostic PNG."
Analysis/FabiusFunction/docs/semi-formalized-research-frontiers/drafts/inverse-and-sampling/comb-interpolation/Dyadic_Comb_Frontiers/assets/fabius_interpolation_report/data/up_N64_b.csv,2ffd61c91b5ca75e6ea5c42581683f1f9417346483c2dbfd634f14399b5972d0,1469,reproducibility-evidence,retained-evidence,Analysis/FabiusFunction/docs/semi-formalized-research-frontiers/drafts/inverse-and-sampling/comb-interpolation/comb_interpolation_synthesis/assets/companion-evidence/fabius_interpolation_report/data/up_N64_b.csv,"Unique script, exact data, generated table, environment input, textual output, or diagnostic PNG."
Analysis/FabiusFunction/docs/semi-formalized-research-frontiers/drafts/inverse-and-sampling/comb-interpolation/Dyadic_Comb_Frontiers/assets/fabius_interpolation_report/data/up_N8.csv,3abce61dba308c5272c86e915b6a859f1d420ebc212bdce7fb082a0bf81ae46a,1099,reproducibility-evidence,retained-evidence,Analysis/FabiusFunction/docs/semi-formalized-research-frontiers/drafts/inverse-and-sampling/comb-interpolation/comb_interpolation_synthesis/assets/companion-evidence/fabius_interpolation_report/data/up_N8.csv,"Unique script, exact data, generated table, environment input, textual output, or diagnostic PNG."
Analysis/FabiusFunction/docs/semi-formalized-research-frontiers/drafts/inverse-and-sampling/comb-interpolation/Dyadic_Comb_Frontiers/assets/fabius_interpolation_report/data/up_endpoint_flat.csv,4c18ae69652cd5ff033191b23ce5b7f89d2a08b0c06d65e011f5a7e84b4a9c66,8039,reproducibility-evidence,retained-evidence,Analysis/FabiusFunction/docs/semi-formalized-research-frontiers/drafts/inverse-and-sampling/comb-interpolation/comb_interpolation_synthesis/assets/companion-evidence/fabius_interpolation_report/data/up_endpoint_flat.csv,"Unique script, exact data, generated table, environment input, textual output, or diagnostic PNG."
Analysis/FabiusFunction/docs/semi-formalized-research-frontiers/drafts/inverse-and-sampling/comb-interpolation/Dyadic_Comb_Frontiers/assets/fabius_interpolation_report/figures/conditioning_window_N64.pdf,ed3b89650221f8bdcc0fda70654faead29fe71d393d4c4d1a4e855dc97b92eb1,17075,generated-figure-pdf,retired-generated-preview,,The reproducible legacy preview is replaced by retained or regenerated PNG evidence and introduced Type-3 fonts.
Analysis/FabiusFunction/docs/semi-formalized-research-frontiers/drafts/inverse-and-sampling/comb-interpolation/Dyadic_Comb_Frontiers/assets/fabius_interpolation_report/figures/endpoint_derivative_deficit.pdf,39adfad3adb4b9e1257abd7a383d9c92f8d234130a725e8178fcef570a56591e,14535,generated-figure-pdf,retired-generated-preview,,The reproducible legacy preview is replaced by retained or regenerated PNG evidence and introduced Type-3 fonts.
Analysis/FabiusFunction/docs/semi-formalized-research-frontiers/drafts/inverse-and-sampling/comb-interpolation/Dyadic_Comb_Frontiers/assets/fabius_interpolation_report/figures/fabius_error_profile_N64.pdf,5199e47db42e542d4c84ecd54d3a343b84b6a9068d511d73cebf3872560faaf3,37053,generated-figure-pdf,retired-generated-preview,,The reproducible legacy preview is replaced by retained or regenerated PNG evidence and introduced Type-3 fonts.
Analysis/FabiusFunction/docs/semi-formalized-research-frontiers/drafts/inverse-and-sampling/comb-interpolation/Dyadic_Comb_Frontiers/assets/fabius_interpolation_report/figures/fabius_error_vs_jet.pdf,58459046e8864f6dbf001095ce86f145f58f648458756797e4f5e214e017cc42,17057,generated-figure-pdf,retired-generated-preview,,The reproducible legacy preview is replaced by retained or regenerated PNG evidence and introduced Type-3 fonts.
Analysis/FabiusFunction/docs/semi-formalized-research-frontiers/drafts/inverse-and-sampling/comb-interpolation/Dyadic_Comb_Frontiers/assets/fabius_interpolation_report/figures/method_comparison.pdf,21774be04b6637992da5307b150fa054392ca051430268202c9bc561b2e85a92,17136,generated-figure-pdf,retired-generated-preview,,The reproducible legacy preview is replaced by retained or regenerated PNG evidence and introduced Type-3 fonts.
Analysis/FabiusFunction/docs/semi-formalized-research-frontiers/drafts/inverse-and-sampling/comb-interpolation/Dyadic_Comb_Frontiers/assets/fabius_interpolation_report/figures/up_error_vs_jet.pdf,50d0952d8c263e626a34eb6ab86d58ee06fa561992babb93b7935b391a6ea236,17780,generated-figure-pdf,retired-generated-preview,,The reproducible legacy preview is replaced by retained or regenerated PNG evidence and introduced Type-3 fonts.
Analysis/FabiusFunction/docs/semi-formalized-research-frontiers/drafts/inverse-and-sampling/comb-interpolation/Dyadic_Comb_Frontiers/assets/fabius_interpolation_report/numerical_experiments.py,df9e8716c04aec5104a8e26bc1b1d1900917cba901ec9efc06d43439fb422f6b,30708,reproducibility-evidence,retained-evidence,Analysis/FabiusFunction/docs/semi-formalized-research-frontiers/drafts/inverse-and-sampling/comb-interpolation/comb_interpolation_synthesis/assets/companion-evidence/fabius_interpolation_report/numerical_experiments.py,"Unique script, exact data, generated table, environment input, textual output, or diagnostic PNG."
Analysis/FabiusFunction/docs/semi-formalized-research-frontiers/drafts/inverse-and-sampling/comb-interpolation/Dyadic_Comb_Frontiers/assets/fabius_interpolation_report/reproduce_all.py,d9b812e04b9952d891fcacda8c7d0401e6c5752e633ce41fb9cb111448fcbd40,6607,reproducibility-evidence,retained-evidence,Analysis/FabiusFunction/docs/semi-formalized-research-frontiers/drafts/inverse-and-sampling/comb-interpolation/comb_interpolation_synthesis/assets/companion-evidence/fabius_interpolation_report/reproduce_all.py,"Unique script, exact data, generated table, environment input, textual output, or diagnostic PNG."
Analysis/FabiusFunction/docs/semi-formalized-research-frontiers/drafts/inverse-and-sampling/comb-interpolation/Dyadic_Comb_Frontiers/assets/fabius_interpolation_report/requirements.txt,2eed6e31761a4255209902ef4eefc6c7a0c8e3d8290e458cc41236bafac00d40,28,environment-input,retained-deduplicated-evidence,Analysis/FabiusFunction/docs/semi-formalized-research-frontiers/drafts/inverse-and-sampling/comb-interpolation/comb_interpolation_synthesis/assets/companion-evidence/shared/requirements-mpmath-matplotlib.txt,Two byte-identical source rows share one physical payload.
Analysis/FabiusFunction/docs/semi-formalized-research-frontiers/drafts/inverse-and-sampling/comb-interpolation/Dyadic_Comb_Frontiers/assets/fabius_ruffa_phase_calculus/CORPUS_AUDIT.md,07c7ee2a071503422c01b36b3d6b44bfb386ae877205b85c2b7f85a8436850f8,3649,superseded-administration,canonicalized,Analysis/FabiusFunction/docs/semi-formalized-research-frontiers/drafts/inverse-and-sampling/comb-interpolation/comb_interpolation_synthesis/PROVENANCE.md,Nonduplicative provenance is retained; package-specific wrapper prose is retired.
Analysis/FabiusFunction/docs/semi-formalized-research-frontiers/drafts/inverse-and-sampling/comb-interpolation/Dyadic_Comb_Frontiers/assets/fabius_ruffa_phase_calculus/README.md,89dfea2c6feafba8b22300a4c317a066f850bb55480b0b28f490f1450a60c530,2125,superseded-documentation,canonicalized,Analysis/FabiusFunction/docs/semi-formalized-research-frontiers/drafts/inverse-and-sampling/comb-interpolation/comb_interpolation_synthesis/assets/README.md,Unique replay commands and provenance are distilled into canonical documentation.
Analysis/FabiusFunction/docs/semi-formalized-research-frontiers/drafts/inverse-and-sampling/comb-interpolation/Dyadic_Comb_Frontiers/assets/fabius_ruffa_phase_calculus/experiments.py,b14eeefe969f355f87ec64baa91222533401e76df287a0262668f9eaa329e904,17168,reproducibility-evidence,retained-evidence,Analysis/FabiusFunction/docs/semi-formalized-research-frontiers/drafts/inverse-and-sampling/comb-interpolation/comb_interpolation_synthesis/assets/companion-evidence/fabius_ruffa_phase_calculus/experiments.py,"Unique script, exact data, generated table, environment input, textual output, or diagnostic PNG."
Analysis/FabiusFunction/docs/semi-formalized-research-frontiers/drafts/inverse-and-sampling/comb-interpolation/Dyadic_Comb_Frontiers/assets/fabius_ruffa_phase_calculus/moment_table.csv,a9bceea68520c7d06662f527808c0987e6e203c37184d304c098f144c52e73cc,1163,reproducibility-evidence,retained-evidence,Analysis/FabiusFunction/docs/semi-formalized-research-frontiers/drafts/inverse-and-sampling/comb-interpolation/comb_interpolation_synthesis/assets/companion-evidence/fabius_ruffa_phase_calculus/moment_table.csv,"Unique script, exact data, generated table, environment input, textual output, or diagnostic PNG."
Analysis/FabiusFunction/docs/semi-formalized-research-frontiers/drafts/inverse-and-sampling/comb-interpolation/Dyadic_Comb_Frontiers/assets/fabius_ruffa_phase_calculus/numerical_checks.csv,6afd595f359f97acc65fde58d85180722e6d995797626340df2e022dd37052ac,7041,reproducibility-evidence,retained-evidence,Analysis/FabiusFunction/docs/semi-formalized-research-frontiers/drafts/inverse-and-sampling/comb-interpolation/comb_interpolation_synthesis/assets/companion-evidence/fabius_ruffa_phase_calculus/numerical_checks.csv,"Unique script, exact data, generated table, environment input, textual output, or diagnostic PNG."
Analysis/FabiusFunction/docs/semi-formalized-research-frontiers/drafts/inverse-and-sampling/comb-interpolation/Dyadic_Comb_Frontiers/assets/fabius_ruffa_phase_calculus/phase_defect.png,c2b79ebf79dd0cd169c7cb14b4a1f0285930c9c562e8346c3e1959e228baad28,153208,reproducibility-evidence,retained-evidence,Analysis/FabiusFunction/docs/semi-formalized-research-frontiers/drafts/inverse-and-sampling/comb-interpolation/comb_interpolation_synthesis/assets/companion-evidence/fabius_ruffa_phase_calculus/phase_defect.png,"Unique script, exact data, generated table, environment input, textual output, or diagnostic PNG."
Analysis/FabiusFunction/docs/semi-formalized-research-frontiers/drafts/inverse-and-sampling/comb-interpolation/Dyadic_Comb_Frontiers/assets/fabius_rvachev_exhaustion_euler_maclaurin_bundle/README.txt,f8e06cec11a96b52867a0289956b68ad93df4053f3c7801f0eb78690cb1570df,1577,superseded-documentation,canonicalized,Analysis/FabiusFunction/docs/semi-formalized-research-frontiers/drafts/inverse-and-sampling/comb-interpolation/comb_interpolation_synthesis/assets/README.md,Unique replay commands and provenance are distilled into canonical documentation.
Analysis/FabiusFunction/docs/semi-formalized-research-frontiers/drafts/inverse-and-sampling/comb-interpolation/Dyadic_Comb_Frontiers/assets/fabius_rvachev_exhaustion_euler_maclaurin_bundle/corpus_manifest.txt,4c57072e1cac0da4f68ee99d677038505f057c87177112ac2076598f6b1fc792,3796,superseded-administration,canonicalized,Analysis/FabiusFunction/docs/semi-formalized-research-frontiers/drafts/inverse-and-sampling/comb-interpolation/comb_interpolation_synthesis/PROVENANCE.md,Nonduplicative provenance is retained; package-specific wrapper prose is retired.
Analysis/FabiusFunction/docs/semi-formalized-research-frontiers/drafts/inverse-and-sampling/comb-interpolation/Dyadic_Comb_Frontiers/assets/fabius_rvachev_exhaustion_euler_maclaurin_bundle/exact_moments.csv,774ebd5cc8213687b949759adbab4c88bca6aca937498d2fdbf171e56a7156d7,429,reproducibility-evidence,retained-evidence,Analysis/FabiusFunction/docs/semi-formalized-research-frontiers/drafts/inverse-and-sampling/comb-interpolation/comb_interpolation_synthesis/assets/companion-evidence/fabius_rvachev_exhaustion_euler_maclaurin_bundle/exact_moments.csv,"Unique script, exact data, generated table, environment input, textual output, or diagnostic PNG."
Analysis/FabiusFunction/docs/semi-formalized-research-frontiers/drafts/inverse-and-sampling/comb-interpolation/Dyadic_Comb_Frontiers/assets/fabius_rvachev_exhaustion_euler_maclaurin_bundle/first_defect.csv,49119ad32ff99487f157e350d7bffcab8982babbca282f97be88cbe294d05232,375,reproducibility-evidence,retained-evidence,Analysis/FabiusFunction/docs/semi-formalized-research-frontiers/drafts/inverse-and-sampling/comb-interpolation/comb_interpolation_synthesis/assets/companion-evidence/fabius_rvachev_exhaustion_euler_maclaurin_bundle/first_defect.csv,"Unique script, exact data, generated table, environment input, textual output, or diagnostic PNG."
Analysis/FabiusFunction/docs/semi-formalized-research-frontiers/drafts/inverse-and-sampling/comb-interpolation/Dyadic_Comb_Frontiers/assets/fabius_rvachev_exhaustion_euler_maclaurin_bundle/verification_summary.csv,18be679880eacb605eb5f810aff5c3a0d93fb26975b80504027674fe2373b848,2112,reproducibility-evidence,retained-evidence,Analysis/FabiusFunction/docs/semi-formalized-research-frontiers/drafts/inverse-and-sampling/comb-interpolation/comb_interpolation_synthesis/assets/companion-evidence/fabius_rvachev_exhaustion_euler_maclaurin_bundle/verification_summary.csv,"Unique script, exact data, generated table, environment input, textual output, or diagnostic PNG."
Analysis/FabiusFunction/docs/semi-formalized-research-frontiers/drafts/inverse-and-sampling/comb-interpolation/Dyadic_Comb_Frontiers/assets/fabius_rvachev_exhaustion_euler_maclaurin_bundle/verify_fabius_rvachev_quadrature.py,85b4b66838da625682375e8f3b9e41801746c3f411bd86083d3acb722c5de410,13986,reproducibility-evidence,retained-evidence,Analysis/FabiusFunction/docs/semi-formalized-research-frontiers/drafts/inverse-and-sampling/comb-interpolation/comb_interpolation_synthesis/assets/companion-evidence/fabius_rvachev_exhaustion_euler_maclaurin_bundle/verify_fabius_rvachev_quadrature.py,"Unique script, exact data, generated table, environment input, textual output, or diagnostic PNG."
Analysis/FabiusFunction/docs/semi-formalized-research-frontiers/drafts/inverse-and-sampling/comb-interpolation/README.md,8ebe066cf39ff1dded9f0ec76d93df4f7b45516b40edeaa2ea47172c59ff246a,678,bookkeeping,canonicalized,Analysis/FabiusFunction/docs/semi-formalized-research-frontiers/drafts/inverse-and-sampling/comb-interpolation/README.md,Parent navigation is rewritten to the single canonical volume.
Analysis/FabiusFunction/docs/semi-formalized-research-frontiers/drafts/inverse-and-sampling/comb-interpolation/geometric_comb_interpolation_report-3/NUMERICAL_SUMMARY.txt,025c8e4c3cd0c7c2ace957a0ca759c94e541808de95b09a51dfdf4d3c728ae77,2166,reproducibility-evidence,retained-evidence,Analysis/FabiusFunction/docs/semi-formalized-research-frontiers/drafts/inverse-and-sampling/comb-interpolation/comb_interpolation_synthesis/assets/companion-evidence/geometric_comb_interpolation_report-3/NUMERICAL_SUMMARY.txt,"Unique script, exact data, generated table, environment input, textual output, or diagnostic PNG."
Analysis/FabiusFunction/docs/semi-formalized-research-frontiers/drafts/inverse-and-sampling/comb-interpolation/geometric_comb_interpolation_report-3/README.txt,93a68b096f809884d150076f6d3d37eb4d357d57ab8a451a61ba22c43d866b8e,3664,superseded-documentation,canonicalized,Analysis/FabiusFunction/docs/semi-formalized-research-frontiers/drafts/inverse-and-sampling/comb-interpolation/comb_interpolation_synthesis/assets/README.md,Unique replay commands and provenance are distilled into canonical documentation.
Analysis/FabiusFunction/docs/semi-formalized-research-frontiers/drafts/inverse-and-sampling/comb-interpolation/geometric_comb_interpolation_report-3/SHA256SUMS.txt,6bce5b0a31b26b351dd6c29764dfc2be2bf94e70aec358689745026781a58ddf,1993,historical-checksum-ledger,canonicalized,Analysis/FabiusFunction/docs/semi-formalized-research-frontiers/drafts/inverse-and-sampling/comb-interpolation/comb_interpolation_synthesis/assets/HISTORICAL_LEDGER_AUDIT.csv,The source ledger is stale or package-local; every row and verification outcome is preserved in one audit table.
Analysis/FabiusFunction/docs/semi-formalized-research-frontiers/drafts/inverse-and-sampling/comb-interpolation/geometric_comb_interpolation_report-3/data/fabius_geometric_interpolation.csv,d86f1af2f86f7f2199764cbe2fea5a4c4c5e833d8312fded76f6cec8ff1c3d41,268510,reproducibility-evidence,retained-evidence,Analysis/FabiusFunction/docs/semi-formalized-research-frontiers/drafts/inverse-and-sampling/comb-interpolation/comb_interpolation_synthesis/assets/companion-evidence/geometric_comb_interpolation_report-3/data/fabius_geometric_interpolation.csv,"Unique script, exact data, generated table, environment input, textual output, or diagnostic PNG."
Analysis/FabiusFunction/docs/semi-formalized-research-frontiers/drafts/inverse-and-sampling/comb-interpolation/geometric_comb_interpolation_report-3/data/fabius_moments_and_comb_values.csv,3d2de4f6b935a9f7168b0ec79971b134bb49e6c0f2309a2d6c127a42ca55412f,84910,reproducibility-evidence,retained-evidence,Analysis/FabiusFunction/docs/semi-formalized-research-frontiers/drafts/inverse-and-sampling/comb-interpolation/comb_interpolation_synthesis/assets/companion-evidence/geometric_comb_interpolation_report-3/data/fabius_moments_and_comb_values.csv,"Unique script, exact data, generated table, environment input, textual output, or diagnostic PNG."
Analysis/FabiusFunction/docs/semi-formalized-research-frontiers/drafts/inverse-and-sampling/comb-interpolation/geometric_comb_interpolation_report-3/data/lagrange_row_norms.csv,5706e0c22522d2a8fd218b8693bef2c3c016f185b615474c7550fe943ae8ed3a,4116,reproducibility-evidence,retained-evidence,Analysis/FabiusFunction/docs/semi-formalized-research-frontiers/drafts/inverse-and-sampling/comb-interpolation/comb_interpolation_synthesis/assets/companion-evidence/geometric_comb_interpolation_report-3/data/lagrange_row_norms.csv,"Unique script, exact data, generated table, environment input, textual output, or diagnostic PNG."
Analysis/FabiusFunction/docs/semi-formalized-research-frontiers/drafts/inverse-and-sampling/comb-interpolation/geometric_comb_interpolation_report-3/data/rvachev_reciprocal_filter.csv,ef8ad2eb250abf617f084115ddcc4c3e70f86e179ec1244f7742989562dcbb25,2012,reproducibility-evidence,retained-evidence,Analysis/FabiusFunction/docs/semi-formalized-research-frontiers/drafts/inverse-and-sampling/comb-interpolation/comb_interpolation_synthesis/assets/companion-evidence/geometric_comb_interpolation_report-3/data/rvachev_reciprocal_filter.csv,"Unique script, exact data, generated table, environment input, textual output, or diagnostic PNG."
Analysis/FabiusFunction/docs/semi-formalized-research-frontiers/drafts/inverse-and-sampling/comb-interpolation/geometric_comb_interpolation_report-3/figures/fabius_endpoint_extrapolation.pdf,19e8305bc47021237a0b813c8ad283e481a2251c39c4253d7e6c55f3f82af5f4,18421,generated-figure-pdf,retired-generated-preview,,The reproducible legacy preview is replaced by retained or regenerated PNG evidence and introduced Type-3 fonts.
Analysis/FabiusFunction/docs/semi-formalized-research-frontiers/drafts/inverse-and-sampling/comb-interpolation/geometric_comb_interpolation_report-3/figures/fabius_endpoint_extrapolation.png,a84a94839783b821233f67c7cb5d9250a1edff9fa2e54c9095c49efe9cb6840e,61897,reproducibility-evidence,retained-evidence,Analysis/FabiusFunction/docs/semi-formalized-research-frontiers/drafts/inverse-and-sampling/comb-interpolation/comb_interpolation_synthesis/assets/companion-evidence/geometric_comb_interpolation_report-3/figures/fabius_endpoint_extrapolation.png,"Unique script, exact data, generated table, environment input, textual output, or diagnostic PNG."
Analysis/FabiusFunction/docs/semi-formalized-research-frontiers/drafts/inverse-and-sampling/comb-interpolation/geometric_comb_interpolation_report-3/figures/fabius_newton_coefficient_growth.pdf,bd528c4a920314fac974e920611dcf19c82a0163271c7bfa44e3fd3568fa8786,19234,generated-figure-pdf,retired-generated-preview,,The reproducible legacy preview is replaced by retained or regenerated PNG evidence and introduced Type-3 fonts.
Analysis/FabiusFunction/docs/semi-formalized-research-frontiers/drafts/inverse-and-sampling/comb-interpolation/geometric_comb_interpolation_report-3/figures/fabius_newton_coefficient_growth.png,173bc7bbf1c62398ea78d554332f6fa982a9bef6aaf61918452c117067371858,76199,reproducibility-evidence,retained-evidence,Analysis/FabiusFunction/docs/semi-formalized-research-frontiers/drafts/inverse-and-sampling/comb-interpolation/comb_interpolation_synthesis/assets/companion-evidence/geometric_comb_interpolation_report-3/figures/fabius_newton_coefficient_growth.png,"Unique script, exact data, generated table, environment input, textual output, or diagnostic PNG."
Analysis/FabiusFunction/docs/semi-formalized-research-frontiers/drafts/inverse-and-sampling/comb-interpolation/geometric_comb_interpolation_report-3/figures/fabius_newton_divergence.pdf,f78aca36ad3fc4bb61f551e17e8d0839a9a7826c95e87a2ca4d94037bc40c599,19345,generated-figure-pdf,retired-generated-preview,,The reproducible legacy preview is replaced by retained or regenerated PNG evidence and introduced Type-3 fonts.
Analysis/FabiusFunction/docs/semi-formalized-research-frontiers/drafts/inverse-and-sampling/comb-interpolation/geometric_comb_interpolation_report-3/figures/fabius_newton_divergence.png,7888f5b5ba9ec1150087e35cbde05e4d5e444908b887d62afafd4d0ad6065164,66181,reproducibility-evidence,retained-evidence,Analysis/FabiusFunction/docs/semi-formalized-research-frontiers/drafts/inverse-and-sampling/comb-interpolation/comb_interpolation_synthesis/assets/companion-evidence/geometric_comb_interpolation_report-3/figures/fabius_newton_divergence.png,"Unique script, exact data, generated table, environment input, textual output, or diagnostic PNG."
Analysis/FabiusFunction/docs/semi-formalized-research-frontiers/drafts/inverse-and-sampling/comb-interpolation/geometric_comb_interpolation_report-3/figures/lagrange_row_norm.pdf,9ade965763cff74684e695c601ab36dc67e205086158950d40885dc539d78909,20543,generated-figure-pdf,retired-generated-preview,,The reproducible legacy preview is replaced by retained or regenerated PNG evidence and introduced Type-3 fonts.
Analysis/FabiusFunction/docs/semi-formalized-research-frontiers/drafts/inverse-and-sampling/comb-interpolation/geometric_comb_interpolation_report-3/figures/lagrange_row_norm.png,f9e6b17bae32e654bd1919820da73ab1f9521464662cb274a4d30f735948c4ca,52520,reproducibility-evidence,retained-evidence,Analysis/FabiusFunction/docs/semi-formalized-research-frontiers/drafts/inverse-and-sampling/comb-interpolation/comb_interpolation_synthesis/assets/companion-evidence/geometric_comb_interpolation_report-3/figures/lagrange_row_norm.png,"Unique script, exact data, generated table, environment input, textual output, or diagnostic PNG."
Analysis/FabiusFunction/docs/semi-formalized-research-frontiers/drafts/inverse-and-sampling/comb-interpolation/geometric_comb_interpolation_report-3/figures/rvachev_reciprocal_filter.pdf,ba9ea473b5b0327d3cab037bc74e2f29ecea169083b5c78bed1c990995a9572d,16518,generated-figure-pdf,retired-generated-preview,,The reproducible legacy preview is replaced by retained or regenerated PNG evidence and introduced Type-3 fonts.
Analysis/FabiusFunction/docs/semi-formalized-research-frontiers/drafts/inverse-and-sampling/comb-interpolation/geometric_comb_interpolation_report-3/figures/rvachev_reciprocal_filter.png,9f2f45bf059844a83f4ba7070d72436022bc742d7051a4afb1aa48f432c21f74,56738,reproducibility-evidence,retained-evidence,Analysis/FabiusFunction/docs/semi-formalized-research-frontiers/drafts/inverse-and-sampling/comb-interpolation/comb_interpolation_synthesis/assets/companion-evidence/geometric_comb_interpolation_report-3/figures/rvachev_reciprocal_filter.png,"Unique script, exact data, generated table, environment input, textual output, or diagnostic PNG."
Analysis/FabiusFunction/docs/semi-formalized-research-frontiers/drafts/inverse-and-sampling/comb-interpolation/geometric_comb_interpolation_report-3/geometric_comb_experiments.py,4cdce2a17b088d4fc1d9cf2c1a84b4575ee801bf849bfcd59403bbc4f4b05ffc,23721,reproducibility-evidence,retained-evidence,Analysis/FabiusFunction/docs/semi-formalized-research-frontiers/drafts/inverse-and-sampling/comb-interpolation/comb_interpolation_synthesis/assets/companion-evidence/geometric_comb_interpolation_report-3/geometric_comb_experiments.py,"Unique script, exact data, generated table, environment input, textual output, or diagnostic PNG."
Analysis/FabiusFunction/docs/semi-formalized-research-frontiers/drafts/inverse-and-sampling/comb-interpolation/geometric_comb_interpolation_report-3/geometric_comb_interpolation.pdf,706aefef965fdec65124088cd8e704c2af2b1bc0c6f9ad6761486d474ae552e9,804181,stale-primary-pdf,absorbed-publication,Analysis/FabiusFunction/docs/semi-formalized-research-frontiers/drafts/inverse-and-sampling/comb-interpolation/comb_interpolation_synthesis/comb_interpolation_synthesis.pdf,The source report is absorbed; its stale rendering is recoverable from the pinned revision.
Analysis/FabiusFunction/docs/semi-formalized-research-frontiers/drafts/inverse-and-sampling/comb-interpolation/geometric_comb_interpolation_report-3/geometric_comb_interpolation.tex,df9456de278b3608658797ffaedf415526e487e1124a86e0907ca00c6b1cc349,94949,mathematical-manuscript,absorbed-publication,Analysis/FabiusFunction/docs/semi-formalized-research-frontiers/drafts/inverse-and-sampling/comb-interpolation/comb_interpolation_synthesis/chapters/02_geometric_extensions.tex,Mathematical content is represented in the canonical chapters and theorem concordance.
Analysis/FabiusFunction/docs/semi-formalized-research-frontiers/drafts/inverse-and-sampling/comb-interpolation/geometric_comb_interpolation_report-3/requirements.txt,505fea52f98170a9a7aa93a69fdd0c27f3d7ae9c5772091c9eac2c068bd0629a,28,reproducibility-evidence,retained-evidence,Analysis/FabiusFunction/docs/semi-formalized-research-frontiers/drafts/inverse-and-sampling/comb-interpolation/comb_interpolation_synthesis/assets/companion-evidence/geometric_comb_interpolation_report-3/requirements.txt,"Unique script, exact data, generated table, environment input, textual output, or diagnostic PNG."
Analysis/FabiusFunction/docs/semi-formalized-research-frontiers/drafts/inverse-and-sampling/comb-interpolation/geometric_comb_interpolation_report/README.md,73f1bf1958c05124039368c4a9838db64e91d397299d3133234bfe1c569de948,4699,superseded-documentation,canonicalized,Analysis/FabiusFunction/docs/semi-formalized-research-frontiers/drafts/inverse-and-sampling/comb-interpolation/comb_interpolation_synthesis/assets/README.md,Unique replay commands and provenance are distilled into canonical documentation.
Analysis/FabiusFunction/docs/semi-formalized-research-frontiers/drafts/inverse-and-sampling/comb-interpolation/geometric_comb_interpolation_report/SHA256SUMS.txt,21a625d8cbb0cebf61a6154e346cb0fec8e476718fb18ca6c89513a97268d943,1466,historical-checksum-ledger,canonicalized,Analysis/FabiusFunction/docs/semi-formalized-research-frontiers/drafts/inverse-and-sampling/comb-interpolation/comb_interpolation_synthesis/assets/HISTORICAL_LEDGER_AUDIT.csv,The source ledger is stale or package-local; every row and verification outcome is preserved in one audit table.
Analysis/FabiusFunction/docs/semi-formalized-research-frontiers/drafts/inverse-and-sampling/comb-interpolation/geometric_comb_interpolation_report/fabius_boundary.csv,6df1166c14ddbf1afb86f58572db59dfdbfcadcfef5f32f83c817ad54ce332f1,2837,reproducibility-evidence,retained-evidence,Analysis/FabiusFunction/docs/semi-formalized-research-frontiers/drafts/inverse-and-sampling/comb-interpolation/comb_interpolation_synthesis/assets/companion-evidence/geometric_comb_interpolation_report/fabius_boundary.csv,"Unique script, exact data, generated table, environment input, textual output, or diagnostic PNG."
Analysis/FabiusFunction/docs/semi-formalized-research-frontiers/drafts/inverse-and-sampling/comb-interpolation/geometric_comb_interpolation_report/fabius_boundary_ratio.png,9793c0c5cb2f28eef134b70b0c3e8ff7ee5cf3f4841f0ce0df01a55fb8e0f279,68609,reproducibility-evidence,retained-evidence,Analysis/FabiusFunction/docs/semi-formalized-research-frontiers/drafts/inverse-and-sampling/comb-interpolation/comb_interpolation_synthesis/assets/companion-evidence/geometric_comb_interpolation_report/fabius_boundary_ratio.png,"Unique script, exact data, generated table, environment input, textual output, or diagnostic PNG."
Analysis/FabiusFunction/docs/semi-formalized-research-frontiers/drafts/inverse-and-sampling/comb-interpolation/geometric_comb_interpolation_report/geometric_comb_experiments.py,78ac095461d4b97728a103567c2c3699fca3acb6015400eb6e705ef42f005b56,14437,reproducibility-evidence,retained-evidence,Analysis/FabiusFunction/docs/semi-formalized-research-frontiers/drafts/inverse-and-sampling/comb-interpolation/comb_interpolation_synthesis/assets/companion-evidence/geometric_comb_interpolation_report/geometric_comb_experiments.py,"Unique script, exact data, generated table, environment input, textual output, or diagnostic PNG."
Analysis/FabiusFunction/docs/semi-formalized-research-frontiers/drafts/inverse-and-sampling/comb-interpolation/geometric_comb_interpolation_report/geometric_comb_interpolation_report.pdf,d0509aea44f0c4920b10845ea14a872682f4f22d4005467213e9da3dd510e216,895410,stale-primary-pdf,absorbed-publication,Analysis/FabiusFunction/docs/semi-formalized-research-frontiers/drafts/inverse-and-sampling/comb-interpolation/comb_interpolation_synthesis/comb_interpolation_synthesis.pdf,The source report is absorbed; its stale rendering is recoverable from the pinned revision.
Analysis/FabiusFunction/docs/semi-formalized-research-frontiers/drafts/inverse-and-sampling/comb-interpolation/geometric_comb_interpolation_report/geometric_comb_interpolation_report.tex,695dd22ddccc4521453124e9891a61b8e5515ce954dc749bb9aa10fef5d0eaf7,82192,mathematical-manuscript,absorbed-publication,Analysis/FabiusFunction/docs/semi-formalized-research-frontiers/drafts/inverse-and-sampling/comb-interpolation/comb_interpolation_synthesis/chapters/02_geometric_extensions.tex,Mathematical content is represented in the canonical chapters and theorem concordance.
Analysis/FabiusFunction/docs/semi-formalized-research-frontiers/drafts/inverse-and-sampling/comb-interpolation/geometric_comb_interpolation_report/moment_checks.csv,3e9ffb76e72a054e60756ed6562ed115f17c83275d178f2bdfc891845cd099c0,2659,reproducibility-evidence,retained-evidence,Analysis/FabiusFunction/docs/semi-formalized-research-frontiers/drafts/inverse-and-sampling/comb-interpolation/comb_interpolation_synthesis/assets/companion-evidence/geometric_comb_interpolation_report/moment_checks.csv,"Unique script, exact data, generated table, environment input, textual output, or diagnostic PNG."
Analysis/FabiusFunction/docs/semi-formalized-research-frontiers/drafts/inverse-and-sampling/comb-interpolation/geometric_comb_interpolation_report/regular_variation.csv,24722f71abe6f85d72e60ef2dd481d4665801be81501b7c36d14c56afdb48b4e,21200,reproducibility-evidence,retained-evidence,Analysis/FabiusFunction/docs/semi-formalized-research-frontiers/drafts/inverse-and-sampling/comb-interpolation/comb_interpolation_synthesis/assets/companion-evidence/geometric_comb_interpolation_report/regular_variation.csv,"Unique script, exact data, generated table, environment input, textual output, or diagnostic PNG."
Analysis/FabiusFunction/docs/semi-formalized-research-frontiers/drafts/inverse-and-sampling/comb-interpolation/geometric_comb_interpolation_report/regular_variation_convergence.png,5abaf630673918a6b3419c717cd714c50914a0a73fa738508620027e901ee9cd,126519,reproducibility-evidence,retained-evidence,Analysis/FabiusFunction/docs/semi-formalized-research-frontiers/drafts/inverse-and-sampling/comb-interpolation/comb_interpolation_synthesis/assets/companion-evidence/geometric_comb_interpolation_report/regular_variation_convergence.png,"Unique script, exact data, generated table, environment input, textual output, or diagnostic PNG."
Analysis/FabiusFunction/docs/semi-formalized-research-frontiers/drafts/inverse-and-sampling/comb-interpolation/geometric_comb_interpolation_report/stability_growth.csv,f32584d748ba545130c4a04dba5dfe80d9c187789cea26a73375ee32f5c6347d,11604,reproducibility-evidence,retained-evidence,Analysis/FabiusFunction/docs/semi-formalized-research-frontiers/drafts/inverse-and-sampling/comb-interpolation/comb_interpolation_synthesis/assets/companion-evidence/geometric_comb_interpolation_report/stability_growth.csv,"Unique script, exact data, generated table, environment input, textual output, or diagnostic PNG."
Analysis/FabiusFunction/docs/semi-formalized-research-frontiers/drafts/inverse-and-sampling/comb-interpolation/geometric_comb_interpolation_report/stability_growth.png,5c1374d8bd1a16fa998b5bf56a7df28c88a526f104a03d1308065da9387c1384,59602,reproducibility-evidence,retained-evidence,Analysis/FabiusFunction/docs/semi-formalized-research-frontiers/drafts/inverse-and-sampling/comb-interpolation/comb_interpolation_synthesis/assets/companion-evidence/geometric_comb_interpolation_report/stability_growth.png,"Unique script, exact data, generated table, environment input, textual output, or diagnostic PNG."
Analysis/FabiusFunction/docs/semi-formalized-research-frontiers/drafts/inverse-and-sampling/comb-interpolation/geometric_comb_q_fabius_report/README.md,27dd0385c01a6b66e6059a4bb7f0a88b257e5c47bc73c675c342435b06448fc7,5984,superseded-documentation,canonicalized,Analysis/FabiusFunction/docs/semi-formalized-research-frontiers/drafts/inverse-and-sampling/comb-interpolation/comb_interpolation_synthesis/assets/README.md,Unique replay commands and provenance are distilled into canonical documentation.
Analysis/FabiusFunction/docs/semi-formalized-research-frontiers/drafts/inverse-and-sampling/comb-interpolation/geometric_comb_q_fabius_report/SHA256SUMS.txt,60ec2097f5a0d01b575667e0bbd2f27fa0c521c80648907c5cee4ff69dcaea96,1906,historical-checksum-ledger,canonicalized,Analysis/FabiusFunction/docs/semi-formalized-research-frontiers/drafts/inverse-and-sampling/comb-interpolation/comb_interpolation_synthesis/assets/HISTORICAL_LEDGER_AUDIT.csv,The source ledger is stale or package-local; every row and verification outcome is preserved in one audit table.
Analysis/FabiusFunction/docs/semi-formalized-research-frontiers/drafts/inverse-and-sampling/comb-interpolation/geometric_comb_q_fabius_report/data/fabius_interpolation_data.csv,08d76a2c966598c17478ce439599a204f0d7259a6770c18666dbf61b8d6ab7c8,3377,reproducibility-evidence,retained-evidence,Analysis/FabiusFunction/docs/semi-formalized-research-frontiers/drafts/inverse-and-sampling/comb-interpolation/comb_interpolation_synthesis/assets/companion-evidence/geometric_comb_q_fabius_report/data/fabius_interpolation_data.csv,"Unique script, exact data, generated table, environment input, textual output, or diagnostic PNG."
Analysis/FabiusFunction/docs/semi-formalized-research-frontiers/drafts/inverse-and-sampling/comb-interpolation/geometric_comb_q_fabius_report/data/identity_checks.txt,a1d090fd0e1c2b9a3fb1de823c65f10e47eb5cc62e4327a20b12574f869aa2e0,919,reproducibility-evidence,retained-evidence,Analysis/FabiusFunction/docs/semi-formalized-research-frontiers/drafts/inverse-and-sampling/comb-interpolation/comb_interpolation_synthesis/assets/companion-evidence/geometric_comb_q_fabius_report/data/identity_checks.txt,"Unique script, exact data, generated table, environment input, textual output, or diagnostic PNG."
Analysis/FabiusFunction/docs/semi-formalized-research-frontiers/drafts/inverse-and-sampling/comb-interpolation/geometric_comb_q_fabius_report/data/lebesgue_data.csv,5320ce07140cc182856326dbe244315bc222663f185593a4fd697c3edaa9234d,4210,reproducibility-evidence,retained-evidence,Analysis/FabiusFunction/docs/semi-formalized-research-frontiers/drafts/inverse-and-sampling/comb-interpolation/comb_interpolation_synthesis/assets/companion-evidence/geometric_comb_q_fabius_report/data/lebesgue_data.csv,"Unique script, exact data, generated table, environment input, textual output, or diagnostic PNG."
Analysis/FabiusFunction/docs/semi-formalized-research-frontiers/drafts/inverse-and-sampling/comb-interpolation/geometric_comb_q_fabius_report/figures/fabius_boundary_residue.pdf,ecd29b4556b88c7e27d160da5b991a24ce788e4721a1c62bce77dea22de798c3,22465,generated-figure-pdf,retired-generated-preview,,The reproducible legacy preview is replaced by retained or regenerated PNG evidence and introduced Type-3 fonts.
Analysis/FabiusFunction/docs/semi-formalized-research-frontiers/drafts/inverse-and-sampling/comb-interpolation/geometric_comb_q_fabius_report/figures/fabius_boundary_residue.png,4983d16f604ac32108dc6b509fd8fbdd4f9bbd39e854ead20496ce2df249f87c,87219,reproducibility-evidence,retained-evidence,Analysis/FabiusFunction/docs/semi-formalized-research-frontiers/drafts/inverse-and-sampling/comb-interpolation/comb_interpolation_synthesis/assets/companion-evidence/geometric_comb_q_fabius_report/figures/fabius_boundary_residue.png,"Unique script, exact data, generated table, environment input, textual output, or diagnostic PNG."
Analysis/FabiusFunction/docs/semi-formalized-research-frontiers/drafts/inverse-and-sampling/comb-interpolation/geometric_comb_q_fabius_report/figures/fabius_gap_divergence.pdf,ad6ad5bc39f8ad501d935b371435355f8b07ef632d576af271802ef2764745ce,17959,generated-figure-pdf,retired-generated-preview,,The reproducible legacy preview is replaced by retained or regenerated PNG evidence and introduced Type-3 fonts.
Analysis/FabiusFunction/docs/semi-formalized-research-frontiers/drafts/inverse-and-sampling/comb-interpolation/geometric_comb_q_fabius_report/figures/fabius_gap_divergence.png,655f685db4eb6c6069ca1bca0311d181c7205eedf47fd947d77f3b543f82b235,86445,reproducibility-evidence,retained-evidence,Analysis/FabiusFunction/docs/semi-formalized-research-frontiers/drafts/inverse-and-sampling/comb-interpolation/comb_interpolation_synthesis/assets/companion-evidence/geometric_comb_q_fabius_report/figures/fabius_gap_divergence.png,"Unique script, exact data, generated table, environment input, textual output, or diagnostic PNG."
Analysis/FabiusFunction/docs/semi-formalized-research-frontiers/drafts/inverse-and-sampling/comb-interpolation/geometric_comb_q_fabius_report/figures/lebesgue_growth.pdf,4c7d37f0f87ce377aeb9006ec4db953e015f8e182abacdecb7b3d86af6096b81,17884,generated-figure-pdf,retired-generated-preview,,The reproducible legacy preview is replaced by retained or regenerated PNG evidence and introduced Type-3 fonts.
Analysis/FabiusFunction/docs/semi-formalized-research-frontiers/drafts/inverse-and-sampling/comb-interpolation/geometric_comb_q_fabius_report/figures/lebesgue_growth.png,277b2a163628979a0c8d53cad61171025579397d27f4c3bb272c67cc8d69e566,74869,reproducibility-evidence,retained-evidence,Analysis/FabiusFunction/docs/semi-formalized-research-frontiers/drafts/inverse-and-sampling/comb-interpolation/comb_interpolation_synthesis/assets/companion-evidence/geometric_comb_q_fabius_report/figures/lebesgue_growth.png,"Unique script, exact data, generated table, environment input, textual output, or diagnostic PNG."
Analysis/FabiusFunction/docs/semi-formalized-research-frontiers/drafts/inverse-and-sampling/comb-interpolation/geometric_comb_q_fabius_report/figures/lebesgue_peak_location.pdf,abfaf07a11a0a30f74bfcde34e03e011efc4964439c0d96f7fc81ca5a71187ff,17519,generated-figure-pdf,retired-generated-preview,,The reproducible legacy preview is replaced by retained or regenerated PNG evidence and introduced Type-3 fonts.
Analysis/FabiusFunction/docs/semi-formalized-research-frontiers/drafts/inverse-and-sampling/comb-interpolation/geometric_comb_q_fabius_report/figures/lebesgue_peak_location.png,15e9b56bf062f4fb293ffac2bfc3457e790e36c16f887ae6d0a316c48372e1cc,63631,reproducibility-evidence,retained-evidence,Analysis/FabiusFunction/docs/semi-formalized-research-frontiers/drafts/inverse-and-sampling/comb-interpolation/comb_interpolation_synthesis/assets/companion-evidence/geometric_comb_q_fabius_report/figures/lebesgue_peak_location.png,"Unique script, exact data, generated table, environment input, textual output, or diagnostic PNG."
Analysis/FabiusFunction/docs/semi-formalized-research-frontiers/drafts/inverse-and-sampling/comb-interpolation/geometric_comb_q_fabius_report/geometric_comb_experiments.py,5f70dfb4dbba3af018f5be1abb09b7521c906658317d12bbed20b07cae56d365,21384,reproducibility-evidence,retained-evidence,Analysis/FabiusFunction/docs/semi-formalized-research-frontiers/drafts/inverse-and-sampling/comb-interpolation/comb_interpolation_synthesis/assets/companion-evidence/geometric_comb_q_fabius_report/geometric_comb_experiments.py,"Unique script, exact data, generated table, environment input, textual output, or diagnostic PNG."
Analysis/FabiusFunction/docs/semi-formalized-research-frontiers/drafts/inverse-and-sampling/comb-interpolation/geometric_comb_q_fabius_report/geometric_comb_q_fabius_report.pdf,bcd2559f1e6f4be608c291c6ef5de48108c3b0d78139ecf1a5672942d72d9b92,818043,stale-primary-pdf,absorbed-publication,Analysis/FabiusFunction/docs/semi-formalized-research-frontiers/drafts/inverse-and-sampling/comb-interpolation/comb_interpolation_synthesis/comb_interpolation_synthesis.pdf,The source report is absorbed; its stale rendering is recoverable from the pinned revision.
Analysis/FabiusFunction/docs/semi-formalized-research-frontiers/drafts/inverse-and-sampling/comb-interpolation/geometric_comb_q_fabius_report/geometric_comb_q_fabius_report.tex,2d888100650656ef2c85bb08bf9967164e0b22c1486987d7a209091fe25ab80f,124355,mathematical-manuscript,absorbed-publication,Analysis/FabiusFunction/docs/semi-formalized-research-frontiers/drafts/inverse-and-sampling/comb-interpolation/comb_interpolation_synthesis/chapters/01_geometric_core.tex,Mathematical content is represented in the canonical chapters and theorem concordance.
Analysis/FabiusFunction/docs/semi-formalized-research-frontiers/drafts/inverse-and-sampling/comb-interpolation/geometric_comb_q_fabius_report/requirements.txt,e65385a1555946e276a86918b3f0ece05bb6adbec0d184df4fd72c32c87d8479,203,reproducibility-evidence,retained-evidence,Analysis/FabiusFunction/docs/semi-formalized-research-frontiers/drafts/inverse-and-sampling/comb-interpolation/comb_interpolation_synthesis/assets/companion-evidence/geometric_comb_q_fabius_report/requirements.txt,"Unique script, exact data, generated table, environment input, textual output, or diagnostic PNG."
