1 1
2 3
3 19
4 167
5 1791
6 22715
7 334031
8 5597524
9 105351108
10 2200768698
11 50533675542
12 1265155704413
13 34300156146805
14 1001152439025205
15 31301382564128969
16 1043692244938401836
17 36969440518414369896
18 1386377072447199902576
19 54872494774746771827248
20 2285943548113541477123970
21 99984458885902878758623922
22 4581150061541250582802599994
23 219430598845010866524001208934
24 10966851310156653395702389742660
25 570922081392717814013408310049360
26 30909263055713847785974365793042172
27 1737706212452341576086089998319179476
28 101308389526908302862231543382822362718
29 6117062308136541698303251827431221517278
30 382079126820756691197574228941882950534546
31 24660100996192089857374159641383030709505142
32 1642919421239816910281535636555870780668710573
33 112874025578727887774102377891278493134436765657
34 7989687809272585489153397470634194308627419154921
35 582168109035553082687877281894857575559081756650289
36 43631052335669572760760192910042210461189986060585817
37 3360755261526374643663078022666383315767971427866995265
38 265861277594702996076308134785635368570132787875375031285
39 21584888520249203220480628012787731787965776678572810239249
40 1797362900980445061580885126311977733879946504987532574927537
41 153405795948051728750907874298780004431867661515139622834409077
42 13412497172137783785008301680037382355839901278567502042755007069
43 1200586299719757323207217752856925824842879406443212571728199066805
44 109965960795786547477811095498968485463257308583729530419090040487119
45 10301017819751440922142163012851123834896748359020691041349221662494407
46 986380891143990568831966123622823165746281989958846952036005822641940959
47 96504305699891783986808608325102883049274644180294951366048064125143075875
48 9642502756745521698456794703470111490466958611355350129611562749113248906741
49 983525224419194663022947273308481238789532877449839306210829756933122064895377
50 102365379120475957535384484171169120191771215165648066737915223807154338473199289
51 10867231829276664059057450841114575417137945611994746953282367364070011751821274825
52 1176294618529005030167547737461881165416210995665533614445917460721185026242231755495
53 129772926138454927666466175000752628625684629586580643738195446810794807561896561739831
54 14587079655763482750668015751569693530551997888222961459698659944886089880028728971917287
55 1670013612404535112306564542130460681835392412498051695801853415207133839436870178103876971
56 194668444316240060498139223171753461442759551600449661252887782962826261987147939443688610044
57 23097052652885226531850291260009193887481722102635273756312329544738031778638755915434739498572
58 2788492050247205203859469518754250522283653524050911257234660780901063251509129033572474128901098
59 342456208709434166441075254139402242376153169564444625546903017106045386488193146842206728592754326
60 42769950582655695771250449050905082131764745276050804207581878647840949014203227920019014027450945465
61 5430626408635093553572879082715212404848648145059026832492381059577864223922159248252065337223473141073
62 700844879975847965769449190399625244078754187344488562579768963089753680670624317082794399038531384941145
63 91905549938075669389246736988576996707989018501589777556239823006264032433108629500394196497750138033720397
64 12243343633018579806891398094904279554644191826692267741055826585300772771024716284513432007079935036905682195
65 1656497598012155381063055907740005837277709940926562234333314493704505520319855864193843261714975641231389970663
66 227568051430519374503206588304030155179163660984067097846903101295188175099103198155900951428710361429971597843995
67 31736703013530120849874080599908082728726638337882970794428026717188029123830609581613587363725864288053739891907323
68 4492060960918177131860933497750540654584604897764357086052652667516944496982176629592606746606735590750815170310074093
69 645162170650731110037207681138508607371123375677477660931705659698880941133656547592863071722465908590226092872690831061
70 94002709383602710915563013187264080564886381388445585841623753260193266905847047066117865075469528975393310089926979570377
71 13892213917147601305433273708361221402224171845317727785596756550852591749532838042991884197272422799964007317472545880548749
72 2081977517831665570420097045280234827885097479517655783766096453850680592332244620073303185027972805602253726113477368104101504
73 316351818271607927964619082358782922689639928174385427596501390425286260554029190954990863187641796472451188252446661356135696256
74 48727360027771846147288529191372226141965315047045044677218835261307765036128984286845399610552696179384242324543984582410914214790
75 7606841851752625659024438968548829822766478169298354618978519294951251425077881073432595672930621308873775371049894868247860127898026
76 1203338072263393081852397843465323523398673337811454538658897507008329438481044594349612390996412066454124528018913440392651440615605559
77 192862379004235974323660431632334674936176194995649628332215976405293938108991626248346790085984578217167823535481288986102680863959543351
78 31311995013931019695185832158546723415603493447625203130638068596661195118441785770462394122080652169044114467516646714311505678810338802659
79 5148799109066431201899266335150911508535651961937452646769194931442724730742150917972374639996497788010973441573596175168223901641630129250903
80 857360695445641209669832771177147435519822936377482194951601346402966628017531397639116574164553003808815862752947295632162864992689439742054481
81 144549222983860872913841703953315082675065058199616641720915723872590381172680871365437473399675076148778441222087610434960237953536632609717194533
82 24671544629234694593557034915836525365182721076193299161153356490793956155450664387282928021813830886559651085166732294506713656348490873781877549033
83 4262267768109783395730399153039423608289799181926538196189477864624051223617951362983199345081385642579690468705871307532501060080106724044412942160833
84 745222396981429823417527524860572956070074224811324462323364671715578974719773545096654655472454802747044327176090681800605512905586493735347453906909797
85 131847016817004466716529507622371589663665996655047315101523297255064138730561075019331314726861751123721684961948970587372351719579217691930844067251993141
86 23601187608262932160303479130707729208681234447781312323081293142827161531839929006140634916475599968914613503483208175583742786906442589517375273329519548973
87 4273835832299368448756346637809058427162305156885473548764083312449202468665442255656795422394365604291324526831253245011333083668302597914139640951641124789793
88 782825339643558837899237230213184872669294376587240200432373477505217555068426716242725500821214171197516989375646791380410300656026891346217823028209587176194984
89 145016995108444340850732468768494496076809288329884077433977178807805355930695110561661066891591797735056005745259341152301111601742859333035779017903894617286327184
90 27165962462436893120988016988685086246430555729359118185623446978334957302510502348800064218988230680357160397854932358989441394014257295426739587104322093300501685746
91 5145526858319281152814886462405300190431491446579432623175897094069603400326181092550375845094660966421395942424387079656821461887272453776044047485470507942250608266446
92 985327773101329912370551345693414119308117802182632570336704483443722314603464208223561104525236095468621005740661572524000757043734945205214593782102963780088763727024673
93 190733253566048863087692752225217161791542058381723498673135401066550121257294929582823104080559750614439962698820552720445983994576931481087454102025984766822192809924296961
94 37317859184225763472273910729785356443522563025690704435640764488675070642036046530148194059062992634656379687938287446060911548539834600552138095072028413951808083226868129157
95 7379084671221170986461191899315550313365637031511755059220013889316330724518367738244545418896860545780768348089664185952252217272929486378703879273587282006763150842512469638889
96 1474468905795290419234039270927556627035836330083231144600919384778133747984138478568238785416005812992037341108225830535921019588134785679185045343530660794937292025269576169925852
97 297693243426200991875170720949539758909895865179507450138718079083341812683425816610662832179477015944315857712373863782533576895284005663152982268492595943287433229886728753112633072
98 60723447533826003789285329429088655742808435119152921029097879440946409345248392749135521579194598499709538672746984171931781901579393909989110710689403264356714909065630948968078410732
99 12512748957187959430572422699845282451994710788649372914396033232003651651092388913042821123874278171632649906502676536259476410300025551327687512466153720908235695465290318967413589494980
100 2604435491818642971490206034921402442098985779745752093430252104264464857451308216741326327688753422094962376248127828900038923114677293768140240822777248959981718650265247202048383464403196
101 547514489501328448150622931381177546347732990328452082068093892990791357732271339229769053068934872247548819491221662051735529698047492202861376610324490589496539642712592665712828296452005548
102 116240159754150245795022554762639837049313276663663722960927272245499434350481240794546901439353371443281156328100354107229848537872808952244543762198132250591321131556171420750535690169484864476
103 24920319756148572640792709939931704704326556992282422730755267524390942572055760533134859110998080668600983676475454868182932745884984729375175925931449249378536992072111821487702636012464022164440
104 5394446894652651467790490912068967772209873916921512184851087053607826125035588764272502884019348870988608819112377669586713286054950526926331904869398710071807707678668431921030365574074687384158126
105 1178951621726442641603444713269204581065236588864837776186731434927632135088065219156817144989345052585204852749922593187140228778309022707120373443276990794224732532997186116852112368862237084451799370
106 260112611443585453534526540244066378513110505416734130719886390180277659484932670671396807987247766665183211319739830177326233642979961749931440233763696553140192701962235385863354536098844973440757278638
107 57930136164566012141939643355316522718339104007003127596895882895659705382939087535945056343050033713943772883533542882694499799938767184766723670965634558632835881346755049326520552107872696349026881490318
108 13022293374494945482465600790208927625566930220075676250702209217939536937873991331153230906298926993916346602434365229755861232433849206864209167150794025235582587603024904464085090286820020078529024697749962
109 2954424913430739447895367453155551363720194263941065785402046462510181392539961676864283874583155559634164624750910109016957119739126904323709635212329673733750615674754587309571307354497121207452001690689253730
110 676432466792903267221530165927542978276282263284507642144871344359118601940614017886434972516297061939819079299185834732572414032170942832631046724046784887586170029682714831082004863118587394358975988193222936738
111 156280952245325805054127306267356862478558657559441881399363980447092714502621820634990228710349563529763145634248759095973947983818535630895565260136992627696487121743871242811986710091607776594798819371744439857894
112 36431959070998304986398901106645928662295691357411468358962990419440619132528225788706153906268091728861813776069583653270693189261247470320869537713132974584413386600032219689939493798387899187896000815804843441619900
113 8568785187715526267988358493586234064959805312225870156337040769093849089288433755023966103083030498728025903883003942255783036202992315371833748456633964243248656341449209503829942141452224509101297466832766434135335952
114 2033209971050262438729941480896763211690838574329250957887075634343612617247996488257706002367308560276966617132939037034613239700284276850231292268823846204870231757903623421862865294098929185197616841674949008900489675452
115 486673878412001313554295732844201906771385993732747351986097824666893298874517607344132256232962632443944781764227360416235609774100878172297955528690163103829959295107599420766987693700497976382770499365187939276656601957276
116 117504320933009824753765805077133655558402861157136922721144606999043826040564469702246570588203061588686464029382326190775341006330219583445669286665392547514072029890138833911961847403814988556708135974927476960501208667332586
117 28615237809521762656056941985628313918939485883505623727694427478931775139244115592700775571018114569631354823290119762929556988349040152806004955679403055320654797377614334490314637300930211650845414196132385206587538929957321122
118 7028082988080349652708255433121545695033298294917540617489325210920618579955588583114843245238479777619680014446410878825880267546776397961716514232062902020187680141680884656418628469903521799655054063811850037288905352079758051382
119 1740769279676766308523033980221654456819214453299588492122069596762244954805395710456556453780444074561905647725881072641696837753954881735002647128189061747709322396221637356651931610859017360655815408199497128616674305701546864353354
120 434790145358914736699230039866706688835861095665506438864099226463218991276672221591427546634864290070653970690533460346493257621595838346264228091769088361470502671175272646323992051058088143899842263726290096144588548505986200450577443
121 109502027106624152969450590753309341190007844017431225100630217153808944559846100361020689044805110951292702088275325546789276152824160199230153787152418198778309349828615762177461622924674554985505516959389262249128229367307642538361280187
122 27806027870836132697141961159165400515532051757424003277866579279032340241303656195940699857160122139500993496254741886322840846072785382425495258953689566211933482150537747428184190953293505400159167333558935000048260788516556534104845632997
123 7118703427932748672348606353963288896972926871979633067088284200307171686284108836158078327518293913578038957354278703194295693669642062035610230578747441149714550415746870862823545576904556664945826338353937051466994002595857472384583411681265
124 1837296697454507245722478304596442892704213550204385721987141526690587671795311033562989963011322827753784787080094004639311014097623215938144949825669249227895651847237846308063613959534436117920784000825555207175616765786236463048813444039163856
125 478019808444840229335713178434296805018349267006218971557613731100972316459510803046603709576505489091264434103260287023031819606438082537712129414851393055816282061186088977498379061719312525510917842520489510109782551347986163346318990432387109232
126 125364018479412847046721120485051890042575830698510849363380102854856902943796993579042141328077842251338032457413364194982811774368378594177835881065466205201041552607189537303301335575987731210632499746676059036273651661879564518986014792127870518948
127 33138509794658077686366869302089495553377282687724622129276481158129434758637382064779219052354971640597471338254477143334031453123522095694135618112002194044951577489756740875336942304431819988019786178228593774636406723108367918165077588785475576858216
128 8828749182262150851866493510163382060588969760942719640644090021837796329768246764089819760127353301042612937045915728085808651388860925380896541727766331044738779101418200493310988704508332595860289840856307180830384986419334506300601838186080515557286585
129 2370527578878129752668492687045133756019668888081957733591375785265520244586200104555968966302186645710292729922264551615508217874700682582480593515951645544267406149260137390519842918842693105975602020933648485850006280820590740266686764041483954377095557293
130 641422778119791166869081968987225563173488411605423803940406139506413187669221912713907024396119430114746076862477887556768809559469665510798537770493890264869667259759946845710398920204786001126114609304117084884961550811130659767683680499518529395897762969321
131 174892659312936276535625893416979262756286992416078097633552998226664134391876706993229325531557926972982354382798265906576261034136920481619198268821614821849510322730434086127394680902255646378268469263235787829712424114298332356211034336989457282229141666619761
132 48050876688840082327346039319756884944257777420160151426167879856545306568614603056742727981294355721440252043566257488327065684393986747673278952990462177469248718473608027688050240571097271346909171759379934113851387410789691790596931478952089363958719010306533557
133 13301746230066432747218921960520100146588131086761734278309049760326757014058390094279255799192987622462569235457343466135239612562116244870324436460567815867945579976684795069140840602497162133240586627041535005097808139336364446019148064716993255027927390437714613621
134 3709958558251430064826375337042512096547080632537162356975155990127011868307328995703426757098501767194517093164010570921461543165643735683511112224471193218858918550243274223721240179153175740720941034881068762983333389181014021369994908968671110994354525007187207293261
135 1042457435905985674872529531474848051689406719545301390223530871868326227656578890337283667610798699048268872531970637877365879585242313265970287297913367911571229742745485592550326470957642176549069206435180903043003963638335936863175753775226652231321825595815704247351585
136 295088747775486719418605671637085079772436126907531262387716748118753214384546285559494731966932888025871123939082027307013035827041146986929325094326348880291606993389110195957175045715085946825912699481418824486018275593615258168864193725547381160153211783013424945062573052
137 84145042311000039255870042433288895463483378398770691483193365060428966262997768775109914709069521177708988347047281074710806365375053635544406318595229259829048856613145570475730882249851358758334999524409979318897799222700527186174003000084542176191731065369932065497634783964
138 24169231699526054339144991970427775604913053414237815494686367385635609265040251276163783790567192809419322207418517751431124220030799838010756520308423442719359152670901575458322191883485432634671217230216011959205502973608299328084259408448106283153121280942569465333604014799434
139 6992504941371347978275561058887057015880597050966014096896492788630789488140614850107029296148779791671205486009068282857713087744460871893444368120882305509090310910566744759606498067646342826128043171113258795205280747025683465687723986651269737905444836774639345643382570189892118
140 2037585620645590747198235799594495178414182932808379535614694290353677692211326433667115375071137391636487640137018067463383201560320604659140187472988867614670418531609497921003717715794662390359465141339719970767820082011544458133591009608321888831686242610808996489137478864149348369
141 597984523445513157445536819878417942561378664412518413336717592662497176050237513601238835698623876890047231178788706066100531417218024789759570311484178827726831030057876863985079086898497638507025016904340023922767636328923332191221811876615491071295695865558952313987856180827908275657
142 176739315777604857504501986964474439721069541076056294436690084708919586215312563719621501829430105453854996708454616655602848922517512119776562694336453289188085565210490562660344246313942352141884983657082482506851326526727022856625993012514804391890901926935356475274166441399438365624241
143 52604634332894855353088581314275391923815440487787718246015773830859810337266310986820036768771331242136079124207226381458564279556239890259933893433860811442280982271948871120041283323381615705656390495061739117682379522873975312035211328648927515881985389763278898678562300354961520657312949
144 15766715004376601773817546805452738761782043133666754488800674827363650620268403422429135494692198192552637037062802105342905694789302336276254612177881209164605277676100793069519307013015393420207456990512693457877666841489432576791637893240224585587317983495608004170822311163565850121820187075
145 4758431926974343215749118605738831234871980031509801661947459724888917379256733093862976370993371695527063262623074400810954800167661975361957449647853945156423043014818522589849376296213487881788650357828719965325743067953237715643426316764813860429259999017424942557936647505781303971616111132935
146 1446009948729393212392600030888010858981349504433955123618707502173411633525888095557223016922231827368118790626312023434012490175360132720937001657598358550337454342511008600881635595759354458219364366668110530151075403727849173780519288220296626475233068456059302290352557219051003969206461899519107
147 442428510008519392801256609756927235842515242916533004887125181375872638526938478082983498113549680694819920624648855638589452900336621454118572718557497709602265019081894344885131006063217474502297037422733510866033207160013400010408054066159377827875389320282938203811489696461546646937813023696683931
148 136288507703902478553108608527248702397526134174624868347811030177131750703285377911947808756836245716365390102346553544068681787818406226464981582178042344749227472514850015107862676382071536916896865912644556293649728113745942972767487875875796662916564875686844851568074992361528923904278479182451643151
149 42266846670825634786207881897461993848261304879148044630556068383104950957605437903808786845106638879598060697825172254434922327854598315328885237582767959606056052008428293415556871181867574403116518011711269601537517690569110735907005790713171220315526552784286806346295443160869458341673509413297173579391
150 13196093394298606431814640741861972753563903967763794571283764938373734768057336772427638629630462250099816480847105046395718968751252028551969669289054434078579890623682815695184093373703372698875978129724042508372778447798833165998756032079251012547869062750998023936479460368551820654163721765118002620302039
151 4147405810648750763216768856753099049766883663954696152326691274852141514709055176269337718456487166309594799995685899595324676541614722312621113977616636802497171815465043751812826430664657251614481252950449623767517275218956003291209238034908673660052808856754957887475573853445254278247829607585464126177481651
152 1312122116621189589492105423839352826714503283620138208699516891005680399053414956115585340720920446197438505715859957133903573514564872962083839284332931193589675331602060379619848014825775680376611119052143572757779134696040314239900753966100085864704147502115282671128303342666984512843455894437059639238176438043
153 417849374414920024049761195164620813853128622211500181324158818741328383296168423190229829352192715112247729452976453576601904975899340432866411724443885104438271847595213089567705401020604786238071891604590286828255745369912580931684192026506093657739851176731113434663385965434679964755698651183740120587746670705023
154 133935123222722229526052802440091139847696679822124744397405832394551713541921764515422466498997669412353989217102825078355152075835523607737064371849115867363618297456311790669534987687188889375862470833880607105088008747076912966798374652081502908902960334691387528715061717642110840418074238414016447224165211108853775
155 43209587493901942932531181938298797663567787385783812824788328860901376083335882681350128320215079934212114627602812680420021852485841016141599198502325360298337708160830187096074721314328523449886052884702179979430453516819684951330231785920818484990485679645708895062495976391289559131332713941796698839999668890465275559
156 14030029897264937203738378001833201326790105294766890704731227013113991388150526156899174038592992981041481824300849246566515033292274874714460984576917829900154900894728326809368270846481906946576204110909937898455333749849997866942647402771458807400487232532411619575343018642047209540421929329012838075879688750462153975597
157 4584712060106125340416343853961486677438766565677136357345578416659092364566686125327198891112880163584157669322244247352374311831927292256800722229703869348699723362195403816389384358331357806139054885237120709157238425115007747961829209224710554432366697760318469344852127627841617078129804877490995768949995366323768080692469
158 1507727681039599452117131523926319744843696745015935869142433269916453160465852264688514835703596289263262228258715884982082793472519497169818717432596889160104549583794834871587275677503905627189350887554826676780749342768189755291021934295490677984905557700590828955988193717233838381724561024345770996296986647236596356729798917
159 498969189554909336572718019611182806268251751812156454822874753282044704533601276328550758111633586993180659968335044650633990991000703577012158877204002236044515860271209734431957260202194291287731854399389084390908537181106989285226727909074321987907509950370634813205296529894182604607217175613334234569455707767535041670718365817
160 166167984069620246780669566070243660933541746623669825333989952902549364684100926884505731840186366570012557765332679802650529471953583919923398181476379308421967204077507457764769184376940275257156052689674066397989698109673612298810314324277996386414990827126123662381293615639896328144858392669217516325378607774112700587487324784672
161 55683536400616048703745293335338967937835538126701165065228648440352403742195991907665515206471630914507513741316146863035987538819796476586188827568052709046698816213379514288032962494811745818816148595151710914836271823926499166576507863542883078145464112494405851236738463118258551849327444131003214658269658539003003706987224604084812
162 18775665940310126468059710663000134378109627413926337315040269810475284349373684204056936457679748084307583196901998386949680476671697690016797113512239412907944317593976556730375533981993154392458304200265737488495787144379904156632389918626498026915651583999793302717648504704242382874469276718500817322912991073848924883059302885954032948
163 6369955893055619347279150539775840489379648351433806325514742652938671492878393844547706349181790657433818003136066562440649860427257366564602182059315157101401350732458904081800672965015704380063638847454188987591379489237673506811384698019457553941037130178072519782897263572226973546645091830840780376277156075124290185204276190139660912548
164 2174371217323635331343994703299433985852956821217783152823748104484835508611140020471654126199781713904317190378492027749619714203440771200114882629386578979689235868136923712194262417607015360959394990736400061935871844420702045041868240056954209986168446667479080871695166438033110678986214147623714666222305996264077478166620945079862157711262
165 746742723225711389809004207295613425346532090025781846306138980385366283636547392330751534967275075672190729050676874019895352448400490414096665604957888150588068365430258647042967826026935220991403110260440986873209540000851854415884636869356651170575056305111812314041479866471363599619563561524429395709597964393853478612844949877945862078749566
166 258007541110659757992043988198222494069901728197320331638727309568983314545440885108416489919600400211592059776280062434865425339647082082417761790431968242914063053824042056213957788723788445117433864402742014609190697219758082109534040552180269024999959850762702785314716877941515717695972455401222354981310222285661763533330222477452767304152609678
167 89681349038476974915222072974177681867247818885772941690564227621488642042263957232069136663991800153566330922529747572225645730096094684118713797541407540051288702208671606648533848010688749798822355409526312952092281003994674169540095884567604969089248308060873965885195700431597233471312603187554900716747146003866085566426437963001881823240441866466
168 31359174789652300957711852112368006818546978603649091172367607565335145981280283462427413797089137420511935101253689347175125156422110655268383470384215733961491428172281621777425819541747746591587859736902278290253282436554052746414396416170039653335401087585017461274834419285144709285612480526076770535854929103346560091318342300955485362145769538637301
169 11030736052741960483185628101837862705018950404604748868791268844873096798591813539766884770395909194922506381162515325742726856090413877851286555034308333741561008780413111343568147644437464143682138503370049604836953051212064494359619377579183782948552477753902302533026965394534936216493197811054879014484611228061574973804929443063827092145945542617354685
170 3903071689257392264998591572293574578266166392656049494916855023144178145036623128045727833665946872572379502433032800358942205358617706347024672268732806813295312295848803049942585951974633468079043559709257432317423111040403690611737003003308706918621816931749248391940897074780859562955767493552552090978676517168094220754691010278646519681588222179585170535
171 1389170989538895379903411754946639636287374669238687932180639475055774831809653885708198592765106234193744601759291487105297156169483696290404391541641320209036793787871508302703436361456006590115900735774383046487548254674838346505989195775177081717699162092356999248727483100766452530587661554145831219485170749872877559241317874749572846144550849284249138332579
172 497321428185955214310660242755814632838931752787115323883370053558907757059196196728507330597166800788885895101270519993037767265785573994248602373237543000851299169984297642259971856242719125854986021358601517612128570500018345347520200269866615848125048980691230532846328381328235891778347535638437012144507443625894211201834019375102044375902977812552267509781310
173 179075531787196501406794154462170527512743680808172165712483063485546616511430935474556284849444729053071969099785459751333703975250308776889779130705662261142587180451846636830932794731096005537891289253749927880975986079651776088385016739726052991619264461593920854465522795154695696804992994442953195432675106367458101910033824927043611764464804727712107475296577438
174 64854247862693948490887868997742186510815309332345958797890035919935184735369998624101424724232712359985118184477980125604754165587026288605109961568193882309022582569701463461297858577141372398288884860857830076518350040774478459658345279909335143083303231845953017534840772360402364474727210800263535751048859923652573689697212138768747967424836241521181541327070774394
175 23622690542029388171845097250429305696869231598494026358378190861895088422099738922577420441409078083078970535779885397069722850348940947618322472767312061811021724639054243691347333420585235868587041517724080624912984382197703301719150381445965528422988241354224780671334102073650046237520684728940761231022963770288392373607017719586660330189483334672625006850337276587582
176 8653561212156441623883246400124158194605546490076459935834486264609625589994221778122673745343912626703278206821811394000363797726211645332531709881853035495119897128257491669022341643967470440303137297369467777804887551450897722249374926301365300084915210808205700772787560820562677394245419605160211856490101715772031133309251958955828305052975206275234950928954464914374025
177 3188019250941621206891117115877411511874023742883491573046328644408414345457651900705831304223163181954463278761644111955938496213336145919580199692028249286679152962300795112081211534394355270684567098901244363018924401049550342476952359688485648107389382043112412491942383141607008345299578840679868818168825919039172640790728685639730211710282474221053374823802806630015507261
178 1181119104758576030507597303927436937897162238663693206540843327763760668963598437784664628082658608741226807942930506161322784823457389123430519907513255854465198623903848433340042910975774889283255412127341846374821648925698362952599123400537828104102388662459088291527832399400874828802948859286671949375869333411573098139909079738982500188031474300562968654636158689342898638937
179 440047381245831192978682106937978645884805752307274955531311845197429955480220817076556217007297587127879669758128918478775376457787593968945429657228295502595337425311542167759960863379548826632699621707841945105745359468608961761723227323988815061603666892664648448912933707047576737942465233630357444511799457448144686780766583849297677599868531410226983800443402780170423362956153
180 164863539963363502139707818035454000168290917333302929584277828791792601736054145650105652596423753245313576495213374136043405385616019391252426836432602302074836657732200826305143350835815674291529173405274445788319430430940761147741827520128046377940451444706360358497721221651624510552672600001493556141727991937802785809337662484237667207331041419580754390876817338343540854414484159
181 62109185028467500763132942868620615477445850722694949187209483331837034840130682791005153027169236609969956206944945345879666543361800711544089358907825562592678192534875910731702663399640409398095846764969247387373179420247999936964762211168742850966852035718760809570726007468676955752393719128340948966833573833788885829879984135742141101439966938218934140401866981224830023669567791719
182 23527718443710706278515635334192616166760499116640988705987514365511178088744332453475241547487644725084240254539056803078858386749340752988028252470679957380423226113330928152448975896135326746829089005558708814269900167690273915361857948388042445908431709371502034380077746056361460621743156679400421489153566576228587616664958669757400258042872034301915830020353143610580175496444354941923
183 8961556786704487414546939062212951843756503262502634867673442813736309987696851594263770973617006460044874812226066455673264444790833833398640493215475442026950258850918205799081548837792513602000077700896892552173101865089820753269874694922216495386765694961531350966422719506448464577053339237189990814140160116506685067177402265959876421193370119282418696717574891845455604795597934603146479
184 3432051556470329899469503933525254059456370905808276006018754212211969662397599712015978621213739350906905888879350526902370961715179635820793112951425637072840143774772745482736444338588411178992822445556956800235778052317777886574812353149923236261537128567116011877310093109457076805287185205843962196604697775200929754370438878310826032864328871113244049304382064662413838983169603019830524727
185 1321533002940378801993415801236252319318121173440521623831788737470719874033057326343560590225080618537466140625684511126364016993688064873415695695313725045298543576938492429190487184090047183626386982697181635748308058085419086727816751412879206134843380046038264398941524634315715548494046262089918843043144468902490730780731953283561268656055600688932239755083123605167031031459806910298546700483
186 511615157223747380965953569007925178136528658403586602279066199098090066403144566208938525929672690634898637362238405902546134716094481728181092928259356463020777531953944487583804680818115807745492711940210122441640384207947509060228911101115079740126585210729456079255268277231204897304324661343227577835676335759652441766726132899051376410648708498027313135933687062904275915151040136212982444112703
187 199130331995491996162657221751574114935540573996539439788042326087236685843509293347689584674000333778482917414294378953758557240673515076427513225517843955735767136880145113106869726705408335710416727667900470200136586776062586433530142812933458924195881339632128893286668029748359182751063382747781688887685514646468046625961074828562942855367516886506837509261762524924839454188945503989761798822677687
188 77919766109361481725720844088679458111258365076652632932970637235944149368107478410948943821450153892983743758235581487550935588504019090888323267005326563807817204086670396708424747933959208368931718914010921341238497419358670755955524757610979981820528665899411619076835112577162080378770924039712691021461391285307492784709034888882699014762538192246149164075720873133006276431094929399228660372929196769
189 30652209316472324128465107555852702033623967073108096353649686898738372745192552603483959251213262949254839177581956919903616124414327336878582579087835305800449516551923417847355969213619482412258839777257050123975168936246560438557643279306755109084378986535825776202260797403409726207542456581364582172667097201119866380420902760898947118009221094765943419866588048765023675526649635971511238307372672253441
190 12121815993369070829343299857752773365393134951463241767637751295943144657685184933833380064744297072267406465337875204359350000126096699505876021014842279003033604598885705809668523019374060276295277901551745616651552284212673318142889769292466924515573849960618137170509277147687567499240236754697138287553871556093452702386290976193615393064843074429565651966334803551219903755830614740158015203848994107910421
191 4818960031038426041345802578148270573218038652303795797991069886553012013626781654792587436770935519459409628555391545502908356481996772930596445230366203215880082395033310896154416975084059338825966280742400115605910038005180307427636123270137304200246332186128171521824858515455473867793298349283881405330236072058225798129550225752593587942114450083552777028479980032941097779271796958243701907114975210607202457
192 1925780519835084769482183665422358834951765119821558973613367713878494294032349553517763237755457366581536401980126461373775355167639250400908499776247009251645689048057536578721974549013514715707307340582954687788729913393993138097963560606465847384485403521339200909931599893513183118641767925614289371577680408632897700742649938740009865217289428975239983429565771838752921807767553804877621560697638685729807596920
193 773599716291759005633150533053820942812800967508502013285008483372330379568072695934405951822835277772419166913309286639526788137566220519113825892502850824450272037879708280844269814001132482745561519501964387523315107225742482429518257023462510310937030225842622703213247136637249789077347411435842801602668890811122530295551728017426355034444987630538766341159430803312542436721550672525474738572165175978994556888580
194 312370636744473181568369137352732026174102071045340931838767976118870292824229058433033361249654527025636274624159822912213558094034482796289401802423954528478924089080055617654681631387816186038883218266427787073479763648176061918119377742938344284603350937549797235669591675879158368731822208621845320237080224894115597834230260847762283815579402086012550157579262974326627529361676865610331980609323199645971026828118796
195 126781811697094912281320827726506865526822177082595929917448101590351900459789167277783187892483269055362311879382125833252354692789416112590932549384381260631140729865504703987953181919711655411879306467363218897318415009559890543426930760043543297208393525099211537507137525880616367757962643168779533385881301217887597265279872378414895732675603099374912441639871414705378167309473375724944914045465171004404463115674669228
196 51720787968134112926135271586332022199347137430240536897826946369814882623990743837459866732037954698772465999319729974217857449641574952182260952529919716496109578355818385835033027349257619541186313524094164870773386587218483196071467849467065316208293906264666281259747796468376892273756991987200216797925905839197816331757083048182401416182761109168388266969219592560766013520528252158810205044151749293401084857198165720506
197 21207205068285124907089578703726157930090035797932678342993520762894005204303557096252504334575797745120807731934927642435394448019242496688723823879376091224727165823504107553049121508993148496653857159218828891092737325529769855589221745243578016959331587083576617077235230864783082003343536210094844055178079367448914339436256029283688625877821012097561365645695228694613347639216181541345859154980645962526573273961080121420026
198 8739783464651946076322833610996836520435954923352622008776689165110992594193236453982057084923102469767084402246325033128150890777419811207535395164097461579188634756881769162737329008256300050157029113588492511347069652530266481361784983160121436321043089647959917751416465455260731620304492620491969713232424432144572023259526023742051577609394491986078898680394442880267183198827210550107957192932920700914687637192121637397992538
199 3619976621578426620939232996234127933645243023371022507551160469661994926712859545475097973713142532985287573692631062368614158638806204181383207354458763969274690601367395882384412813539010423820762303269187822966482817295926519860886165338228600801672477349413106353289540302644169553691332395464335954829140275319715067776745245242067981881620198241084509634051818909534401518386894617326688772702417649359478713793073881590250500702
200 1506911504714778166610684860192420724275469794710650342113556408705737787093306062125972849470931811412120093938458168655939235291693980106269216142893940990870187585319888698298588066222049130196256399113780822793755859348146106153686594662922629855598951949366566113866447177132659969387740377459353754796315900944443874157007803962487652064116355009797207753772465787296288896348170531580971927492534622547655083447593964388390138470043
201 630428392301312679618588742679505904730790987137975536810262288185505823048786556291644006705154997226142407863645458244770648288405698564067461296702299029052308481414165598009463596008296721974755795396637993582245972708431140071996597303089284359428681336279649970560720454518326117525546485340203076285436291931032326090785928199399402073519856795677103432623763554128121654002959803887882994186941419490476871261030971126720571716446099
202 265056868607070733720860150214356769854418046533466465464379417307857687812870092359002084952670743166304523946622256431854437654609341207207174768288620433903038823198778583799467556203778533288677466473790350239086734370720152734148232121751831703332997222345217417133501402346714274660981658071483062246190165723509943210002374755577994180552431236091970111811793876003470112797350383453906804272757297752500777344758457906202263735795528181
203 111992000380280181184985227210721162678480506782317392202136729333722479833122941912003327903240370533202091065229457630523494713577504330190894511844880885923746161079183688071764026306155676551986572493162231012028780307179078985784675476956476949614901010176155879051835991327039873158428476101890723969044369439231619426444477966062843346923568003461008306163600472512604067029143098487067524418127915675807364044886322812181861504573952364017
204 47552027930487846768844467003009964893613023183637793690613587875201747150019892154907030883352741563562031519829335777370468030487682359459062661053692164002462393857731162819538689679298917514756183286782367119521781614939856628737072137460879677217693800208381222893124088330926189606494102664287370286817551115010017553960450689509106203878260019484874993918060043116098461223879303357579143402212073715215986316820135600229776481246468004157180
205 20289659085367263061925294372772012463509690856719005567648705827931552760663354677735350875692534807027806853486185432613028511981702289954901693969829414236197776480112107173714174561046540678029362333979653229474785757461340182965935227988212959399246508038460270436653341432129499266799432149511591508836208740908546909998620892250249014753643784070187381615042198605507538569103282369262992679260083207450506322831098531514590937424484359944469516
206 8699489921648655962486792869424822522645395126544395985309169717055622661122058490831858231586064325737625237508544853125938946085232410991152033700189727596905639077172530792205662658420222295159793782298267435286115632828793735199502985928999467844983499501994434915826811884413219518815153203495326023195575547158747335975552301639588206692687645112955298302580158820558310081462429775960229586369316430884418487005246309354993791087389903510651313736
207 3748141061510507425330482717573304601765112677861731956308716507071769471916413795422209460897563393739711012444157185179401344561585897408996300568396483539118044450899096377916068487631356734026053442500407460072156962940651592734818948003484494796164117534756439010653799243962108265818372466518855764436109328677094988320887659101462261443430458786028112156968526618410115557487976573496808577874754814246484643347270771925188610866068408408041986751916
208 1622673069197979983423235203100716376990675354855710443737994865462203754855002518160047095012680776587966725638335763665919612538664685969376311069292039250358862406044452226939348756841198214983355107446911790506674438938224392308621578723106073594324329717303122166300682691850848301125124305920064519108945226342134618902018593079524191153880362574469300486853449992158250332428923038152087432558823013916040665329861769901222337561573872817379122844489327
209 705877038502671849972276713504966288058921971044797400562047356517255710880982280219413237262791506607079353019510943503385970897814985828053331950486131826507433395987916249496903622550258857981069780751995516741446122850703946430333175173208364265957679279016020758480417988007833106737733736907698018794557357278304383624740953608162732248409490168520411603345243668918754926926310301594601319461364377790525998463139498319449563582693874762220380604323544819
210 308531893596872225528335083209873240337313729206406203155225839993663791345088693473783667312618171007141116937357862712589495513692943145983140945549193604270213249362867177739163022598297474283920884467462420440536581988289949064042026404269203036570894309610489099057811583347045913494385059664143134729625841316815723265925738883643182448722077872484555641278944046965550583208399368969303462621490181780570625139093015500759993558428321496251189707065294934711
211 135498413355991389144998523304274747160184680057673604181866747405180232914001914342660188875446137272118043604058359796092310776416598119153452010427843712025892537149531090738570754232751448865668662858827224638603972651007602120195649017357775214679149708178792915520245181188451563274522774919058466782486429903779146915172160854266879496003980262069154259333337624825081990440914381482068993970343645503945467314189118235248934302123816666951835658334908020072663
212 59789061419870553037462570156932906536492239705940315727347437552554267781786711627119148918379909155562145448165751276209700692329920866005888414525933858992024598428927664412285692215592861649573382600124124738764898859716255895439951932223690364062822131351630264730642132211681865036004791464123114769687609676789359201488701661691206138145700740313782340538602461808458399107292384106898014091665466039358000451940234202854426537009967515365685683267903711397031637
213 26506536258121630503663043777838876826724490852205283506889700098223951171295619129301445438688852932608476781824485889156574071729392928356388546011104732218791579187894608424105295406084489948919892128519294302523376977369572184568975329940252142956544639169800702737879664640603417135704160964524819627459529798698285109011013215006915169664360108609023665894691101980745850843330585148275348988320464505830836208341233198693969381542678516899964093251852420312096976205
214 11806423842537602127422780084196224641929982938421051981526027859602715309582148758735687005016477823765935813638137527876741987970676368783130716441939598769360794314041362004138588474973119051606062855034777802804310733338349047877495381660978841257026594463076898314498618406618079162533834390933434108238972766804859153337167972217306776727846588371884085076403444084395056873715136014266067634942111416402963770092998496405670114278259430099819001482569492917902183803297
215 5283338334478299164006283579981012823535775947354877862630937961605108247092422040944388074337699611873991510740199554172045047575135822414253616761992302664424630296370297927768423429832256887223876542395991176803458536755581155220352579998993915942814328727308534367737555635066782360195162443551189868866195305881353826441450275087212116496484426968071759994648768022897224517785877515718425629612885558601456643919702886970850393620218458275193370413978574950797936196509029
216 2375274157201145168500688599796077655054606340684178181556311949584007292734552532234526109012468360746088456245189373309965498066190354354401380806150110223088159088959115819116558902776278400079098687157333735817328074934463304838194845910658468557932588835950395567778544155767252827223940189379928493771748352655706083287115575155493035645047575100087644671584643380962808453034826922232138223156199193119171215957202438473530554791979466213957501509950397475444680351168607384
217 1072815461751083142162943766484804878493305435343107382153502516959160541230087779323015672006271973014165000451658728568839541819823780478967838573765351623808636749053812227541984665843657458459697187281335926920998219663129230834803574223713471294076995617811443064344590592394769370828474006547562201439621898099013330983786588939927110464741661393024371394606173375669574898302521241758785182224431048346549298867675377520921204421986909659549571483403035870312759083004652098992
218 486780353214102471139282951084999747217911037128197627733524431161791995774794186728236734224887329941743009337971089540306766366251120585406437583825752223004125368923342444036923900749919380365005249907978696800728596468404797499622153231687613805923802451750548428372789421565755104420275628468069481286776820355262366714026453107865564974709727620138790425496248032408062124159233073821404015953878847739902850717763621461345095894765740363643269269389997554178345404783579484013114
219 221885364751403035194208111461330703451666776874972926099287604719882323734917182704897663414917616731779032362995374632902478999371568147374832193150184881774043429936946658678215287766571801655692118577746438880866018404314042074182543448473499530830373524651708363386562543508545137117637248495654340271041259251207338016072311101739007651071254865262827444826650082151691173664657839931778212757439497113147850278052448596531756753316227368021345501099049784400670862946265798982062614
220 101602131208625319238331424736981452115502265967909145332312458285606055797879874595933694615058672717305065780987028427523683627554065480114981937573078175748745057881204892831344282914143420478436789500703227542877008761286891005561109967647538393323583648480550014499841590632041979129684807052892303401066823068035295890635573644544084303495970021594074859152459988737134393397254787565926426417475006928166553607452946786867653642838164583971669443068133347782180476357737999134403708945
221 46735462938890999130798972368777857569562107372091580826709506496289618710775495673832075979324808088580105181960125696858591511834191606957389432393514708703871289906411877454805207756268028535811502031907945166889512893069061035369333543705490405093540343711346558347210581480669597186253903679863995516298846110642886935508826452084667100097214067573109184671215916552016330801138069203108380520680699189913203026862483923488746329587698740087344694681337309613849899056326074428798554548209
222 21594888168574521681079566682258407845605546390862057605374857385650921416730609151703814484648801711390707226330347742248308537628370531960492739932159098880149632518246854466589952091537155409666015580008159068448591557401575719565846426445017825986890368660771932437102315430609106629774643961350914918956075878949344918522723395549575081408329710242657385377650967436446345824404327902368183325998080127412275311980635424771549364283905878443802847916000941815476842620688750421313012084472917
223 10023219406935791838724931537530373750332758700782634414835802243551974513149731458247065162969052427382313881529193296493166672404546811997583659876477663482828628214107805542743530949092406631881193276205452959332500007705695658698331227713200759295117485038884833660193940708803972479931714365403628421272626940649294496410232104636876314090682644228853405718453230938988764997238952476133953063933980952709926685839688432460875214561704878212003119180533883243458449518515402273678438599705508537
224 4673116942977318822425886280471074487247279243630313967665251899609568278120230558461439667647606711050867977308189371442212287596103332771328389895433237746790702320307211880259729896786222411492665934034577980138874521750921283183752171994619303323033888369215750892671683117114506837221854346779094367620106029376443380760908302813764984772373917335926188848912999833811065002103156242266909450312600365603332021737290838649114866410830533927767618482896700053426473456727766078389096479372762360612
225 2188469711980599169007273562952084589478443087907843621155587006445119276072664144574131497146568489040463484664334096191530854211413384488181672593230743296486498518266031587874578746454457054704737935563073603052530256519384284837145005646777681791968199995856930436872589652148953328146871715911306400808195903947549968474820337425996309683740545932612399954131934527014509609697522906196233237892792010564351585030942638040571855694452552007877001762621095112170792463454720990404032525753241249138992
226 1029438324342265127903692143244406297663525663084081837402192204603743075961926945125170451971997928300375623245836285619112943153166660263763602450075255489235587289267607407499241557232810707968757563955750756036597259606136567839013401181135296233640354881887213214014327736677477269502504707264727136988075490658213527391942700809403704482803756364949432913563045850296935881602394522080452543094038301185583409939929580216604798585219479276668950351469645847137186099284680942290410173797159238055297272
227 486382031233359295993937160489009959302020428746697534139063718852635959542875350029759688302040136051868461060110252121639625725562720265361602846977186860943538144920198049873752823462043303407578365539523200399045281098179758647721989710736767452491466595439039256734625891185722161987169656841739861896181654937779775075668842382795195603637736243631831131145460090613334888622742547938181096559063380854094317154570236055857843744835584376325392797308250895125202804648157476105342802235463330126693977624
228 230814815533757203583373043793649772254128291086498544951603732697271946970157655528353241558892321149136225250400584241863706167398062030931061636048801518086393031451663961664155090035531979880160410198969670744161876749442985944013599919328733070555626242372581360002747621259962258696684419982760671866673698299741791934516475523385480248374908000556799979628376239792019851718583487698966938967873957163023687855724947400668781246708480615643034080806648714583181232461497247902859639722221338917805445277430
229 110014633769383694782674852716689173815752197919385715470068274467681550963915996931270718728856340634946946820994394000004261534034880767988553246461375460791277750526860136614010320109989952447863652875443452630165259740425925561632766750954647197145615667561989380919543602222432019107024217752966538482569936176595807349047421199341685556322409892457944028421032707730518001201473398808842283772585923252497226651521068440081808602630312359631696128999927904375762358122104741678936291468277917459209992904747302
230 52665906916262946870693111263090770865957984476014839405015912186026039036132201021953595213745578662480190792993406862483154068176913226359825775411335217226689657362574749145904252868810315694538426115268923982597492957695174942527087443561734282178010096112550834536898466053104855219641060592623852582586122471259032986315706299928174110497603105507509245954523706902897159850693610570157940773558749012850478421143876503227587795213548244864825837712965933030590386323052307743673955161368012290044156568461374558
231 25321696658988222007739404646498756950550269959640012435819712699416620200963947569871441471162177568376576699528167477912108535922415488873201452521288681716466349156007604962025887713426149448836946782513816076325857249048107174157867784088864872172999645408463386616961245076794204102259253786841889701373729263243005747721451220065330567360211857519244403434154350559016392284210009645178952537170283676228330280915222477062819942936270321442716198313308788833211556753717787267152971140509124203091685873654416750362
232 12227340959076233209781887951357904483617967983488640356402128029611049788301349278448635490308891339784699861898618920588256164984480720011152153974123091384509740153222210217199585138331027636527174212288154644713214538531219293510449588523847210592006159594322024457969297588432270410880091488570908297886252470182665879697455704215322310790584233825265913927096699871641785497059077074450363170270261381625122948249310508113782653365412706250102296270321099672452190127618256317957958186154601554436507190596057460271100
233 5929787920027786864532300211814520063247145052126928942880676332426425300103277278603360206629515506156990609783200777340092002365071370249267435021023561001355465395706569433203104530897048698082900965679105654870877923644966094420001221642070058732150251163864053347497836278719998537418618428784178135033391355362765276844637242424076160135059003050747793505643423302238867254164688983246619386317954377754871821680870271393108358584518042701846911205613449500459379804526795397798724758530717837451809116046415402611270080
234 2888060038989078338192392543051350807397175326551547832131975920416235089720561304709866444236396793130589395265047878940108514109778570328981094671004982430467128654698382138834851919015588789598209448605115350110756976848872198326331856066979576100631172803481172738523250950933604656437093879105376360518879223532675564165672783115508341282938652189312927514402374507236119248520033584827506120474808746020332805593364086792199613174808721408885369853361579521916363228421077283523121787086206579467413029543219572009276270464
235 1412619706605658827896084791628253086734662275832822293376239940526196912092301908829683923950806017751274129486480627353277006671844485911282628842567807593684421054062528968005512606025007857730772023550045031834502376783544712738600695991230867526221583669063494001063096376099165681513840647039447453325221363217516073361336327671618259457932547203107923098675370200961416022616025353170212923672416441547928125142631569281296480157764423241461528150326227053396759778882859513219853409547935726198591395073533360852044153972128
236 693886481441914023387334660887010295693359643568999440291868657371442223273502307514804281176838300855613968891517838736679641524401999000880950865363299235261923896110170019096820212560638837321937299014958553710040896623916182093829131263496557298532928151853334458325717406441750281881562835631343294327253653583776842000347522093713458978252240260653497637463415264109665434808027529824002607066813581788487740859071660537434968071612884636593819139091565995881565435721017036327890355075623874088460608714837270669207768108524736
237 342285039722961427154457104826366127073316516904202074718161731635827582301554477741805854437791739843879975714710615602187337000984662687742909431015567739373148484969583719096287612949898636556437278478895407294915810562339267930030764944644475888207505233234777987133324824210522616447598402716083761793010855069770731307924443265867211139434583806504567528426793102467106652160111482691987532111887662759864426933597610026514414214092595399779812978043376436913872066536589976777662010334105920732993657693210770029019503665472555088
238 169557108861761098518180347347262607928927581678274092475837524430297426984957669657704208543138278574985113181086512786995826939399611874472653368075981499402220980215390547526202697654593518127758399753482871547499593976421085512436564604923382987758999979334693824323617501356183653786351315034541139679910996834729262250019010870564833211891123450818945731389762805224179940150761150092762701587023665313200827465991135273141440741217086401764753256769202540535557161044958024458660339037904070373848572786690829142322124590360939503572
239 84346101537279968411882732264492221352608791101127049637275522616067049838215968864275668826507750365310183358102315292557903930007600610014947748348347748183213179683334533979206436521432714211823849133955742445631080758965083329940375143844271620615908003376661525165726679623468400555926985422068971551580306271248652531232708825096727907661814130957076307489673093400653659174920588224766412315834135611545953726440048353763049997733411602420065197689148168866280601036247894046468592158129993608191282788467342154876038639787086651557736
240 42133481818511097498343038745061137834587214565328900101416426522137731904568109354650145951070461405078386966661469986479338471818571821880906388152062210169412523949322815170343852630443029428895547020535627873886287398045947269419936869248510459499599441581021109614146810589484382574389244433827675406989311618606045587183765346498207246892046350299220693583856694888473811834668872248622499556286624815256304263414781729167378631037621266485291109333064097959620345949961148534459981372740780276787740161854369363116464381957917487805158390
241 21134669909273204863737178598133868139160554228823252444757391711822903036625091479077017401674481567495233559537249736581007089811841384690606550166443921395941820744898839211120262143250773253090113329052382740873162150219156366937623685232482506288065466061247356407106618227650569268557513517937235918945445800429891835682723327069230314147946638240916672567460963845338629382761981486231609972291531259171957226690368213938131896790843832553062637526583400879824672292726290486573273110187520638412566603077151796331244119713347159920373510778
242 10645397814537315944642044741536148584703352743080491200038347347369769468496485699242742418417586338830488915166461636611146392994191731362348130030392160267451997668470375237995167705506712387765579289745043644421060146477662877630028916494482022949269228511234175189860833458772888740201325775775582592156084375973346937741992684923470161709557183193780743409811862395135113193592077832024255304270007513061428637829102575264617022355885496386749922916855366729055621855709424796444886957129265014552916964511216921791496822305551503569472007707206
243 5384175568585535057504890372449981289177237939335279824953843826199155078986199505827255954872924666089314352828894421031761864045377108735157706028879171258593413483145452609069085642615338913174607282398483713336334967208333838993378553460679817800179154274198512151547721061101787553085561966542817114674013998805210216698172865316639266813094774153649753550323769423900690758877252444488596680960700829033157611489916420703400617894901527530048235343859066122229389406271110503067676166970506100255992838338373340793385525583830891019269925528079678
244 2734387544656920827162555863153154776778663054432121006973420276939277126058056658829404454209171340017372146440367837946464759023315614518108315177630801919606476746337562840451639801497914420998275878069555334952603654415811876817822194289092093943996813705199440226609082857354434206683104072094089418859357863942658077571095834722786716234533151664952961711021868475076177711125561350122164184943256821791568210288235746667773143844616372785042573122106293802682767004054228664631501211210195839376107644686197530553140666496434675112477592333075693874
245 1394367216294659602896518474989584757599892392052469702204869443805456419566299243472716153503125287474993366615390266402784526670337902149430245794550161612026283783660621384401164977105572455571384289645883058241412870236497670127314170087606113922956400052091232185260154914546729917727393605930927019604463182750444190900030721037037747758679783850277706913385983676770497558309063054723463084303941094803677358154048574542607756755000879170105436364417353083855174842947477573334697680087616650721545715995849887464861285446091458888383012413176068801090
246 713942550539091749047336581351747475057948106904261809724938146203964467420354687531314758574578886934464003582344175167747304167153772845255360879742653639722354228008860356134172991333859162664912443402426158185200167199211639619827338884546083173283021977009069447477901302495663220540376708347102026367634989752131936416068572979735033403693355439922698010366943721297860961208371840276705265622432654919863775293313375293969003210025229104337547097513645494346523051001648344458257182134947299199099301640108840678003378897923543233919654428704599608295666
247 367038143980169966337722288029038231859243176842831946237452918804895870081102313513020474267527612504481985830182637860487008854703472592945851391327053526894048553479064429797646835510623968915489616406538115923545383092830591580695986342203911268334089414116124151176878363059800316054982090064539782020613651868246554292942074738676092307211070260117867995847145021031677510086469878220118564010253397221431514937083104878988909969163819435846531813292111305294649017062001360559245932256781926620470690701899275992943124007453370974783207661128129016891197654
248 189458391563212783381810494099917661946215564403779180872569467696645358488894827086385364352310330919182486682102412304313850433103661825689309069148043928576699624198639883312963849740307801827219488496750436076212235573785227581941894669474420563396313071101237813725858700788570508342905242905300239092994770058692075407671033034994386365437487324323999547089831557548129601628343667959807226522783322041723276574275104365220351749264478010977198295994997859310361515450876558177249051976952052930327426719719232833027383767026879985373302300485581022136788178319
249 98189295248474885140485635895084990338304774583852141863667509282075030833623904260399833125496146141602642202436485469508988726399471031602672900982969929261914349809073962614452306029515807391378943406459230040306998307191320462764114845831193638876023197217950085785185652303182866850882923027167936533327171491664555845886772443725722109814949866919666092962069348050697425251077425520083783725938811746661780345058340327190714333660788252834849438377612775846683919068812832264326989528471276536692081880132229097894095014681674738186121564505932989126414572947399
250 51092256801861150090258360773755515613768380370437995742799940424138605738835162761255774734785239810118022753385933948921395322485762249471752053906238621784387645839864486925547955127082701484752577690790905078244748235493837203081069929548718801605994312792511465779910360263160308279349432898456514829303445621042440764313626404769663429226738248423497887248720125103548073781645531433075654160741271804073576632228097749766503479321470015752192755954682937986986716139705366463353008771297123451318173257692744547980465679878639391497502341193082096697127254659863681
251 26691914670619268471578905642141869077901961436766804240613296092482186720850595020862923078225678636500830954732542794766679850433797514211360631870253153579398422132866443350887757088149345322866383689617761923840760834885574472353499122446184195448053635223420354569075905140533044413857184944082960368380357605336532038479390365127096994187701232745370536314692931058372757838760814830471404005949157112034610553374997499201026542823104494235437617361289776780870887117142425660407579149289225605783270981464080063668319402893586524848277183247021310186484379004054282541
252 14000101164388820733075197586426254827825367338991007751208817365919894807170032567427845844330466537887098845901870905395175301458465160367839814171373560749032202442913693156608304478302753429607456224724718159998088785212192833706417214997359887802153109571149191165082487105718776855145593830686898470140156670764890151492348385026471398561122935761973121360330187846374162472674401789487379410346455234411055343726338462982265249559182755969044385892514331977174348628205146257316548600568485850219112384074582918671566824446880592761330954860470647911372652680875791616444
253 7372292976832182729713148024273888386834681748095025627747300726877760275211504386288387132192473301024997210294000873009362970551028225870981101808150280811632669271012528530761339093659539918146993929563684569269546228849316590703715764527291989081850041161670072522953070240377183940464734683967850436379703439259463594517501168038507676877432553570666748712547741911226365950819603353776033208849610805490065368298005136344593620644398097585565260365166412054611741820773432133173878341257657481530968809022330002943476780224675013663178679464836002868433969066841161349230892
254 3897509468831579112318994530362883865985984799006363081267958810305930055103365833434374691712192048156085224814613798125536313857495260903220413921828888423167151344138633721035038854879045262504327430443851567910979645436312686130063028218415282136963286054305980596957370907139503582187076700829738343853557903056191249830761303427928270878426576501855394671973701160893567146153267857782634351200302240826460576617000036974025294179481026467593968601740668714505798153477039369359673989782877193131812447614481269906234553383198471989749638682744564884483705092248998627893734336
255 2068608103868023598569154595000526638398355147964500356161141050750935593829336386092531390298514049098358995507514147280180685752624049086906827710083753009185850204296197377427139943947700543358589277723310143105412251633369772493342576489193226719133936257026156928502389405878644932896046503673656529004850584699413384826919170286446278294692852344016881065311984184236368419331672676681507779751322786184546986483809656554968943517199562897499386544099808787735658104309792604850562340262208002323069402964914286175522134799724593701395042698434272117760146483803587308683008227588
256 1102221899025902503925434624770394134126375407114460994457393040238602726678215497194766921646818962579677706719906194986240081049095057843250492120867902982423085156466745684545575200098068981870717728969675024819083446099810690746019959705310863147329493719131390601824504220603216682394559928108813586339777108623137810498408084013686708362221198464666305752439641003103772617130273993405356468492808987503501045088403916777944643762770046079808022900253784033844053919597368956136943850610948705842028355305575134853966239724365963094939844611629703552421140543235394968228783754841241
257 589593915746137334011826175732242787459377971496968113497179895144049712177711620512391312683473012241504032135395011326716156136664106922390953084042360552294502024635437055965725509261971741305440227391059424367413505909183478082811504201959181715075320024233398373529645699918126458560711535255844657351310346756603898557562496546045430732702745970380185961916211344657078892687864576967727066607588105896644448873937395012362524551353550598065286187760767252104701107206093144731074573522364336252384468837387509526638874620622947977292953153627531882666830209858377142701859651140154885
258 316609192445206081286744950398893951712370357382828338883977568289905464202667717871563457700007955407880829928892319319490264225046680911828026460134074771164676301637592363518107872870889709574055585241134776616617579231515468201836297048141696485231701168841427823572191293961493478209530856877768166097595583023243611431751246105128584917939784245600368231081140553246599938015818660634486468728542496995674038441571395340705063554459216683089851741556388217416208198193446856143887337866655138224895384529282901144539380410872528649289795506586085291680233204488217826525818909409875463893
259 170676642699607838354247909672745730629206603122486792833568732273659274234053756074882744423124390110529029228971378483546415147083707205949718540943256053761709350376111335291837720169581659010147971443655488023846290513320476271886622529610126951462583893871023469747077635529832331214869234463745295760839414481745952099174693719312890403815340322965758325172338049478998396689841148292667286385392195679215144435361317806083328841677599894207023178794051099996545081563059412004643184753446979092755180190980623721329865663492487318701335424645084637669167959182699477650183912332512746755085
260 92363043141168692989385430616019400035529459358586332085814992584230828595606450786973068242351444997605681169048980311946309820889263529715847766668804853387413419514154987945629719911359067547932422834805673792400118852202495812107431467697199314594437185167745820403143939449637370403380778772932798061428370193938773931415797264088063639136200910185359343220341623407070311948603397157933356267067686038630694743524870297908056473311180695565405291387395912266171705098144746013400173177929528080555461103767364899884922233307791486405961949488914638628760850763182651946614127146470399249448257
261 50175247290000143879175700421997062851903352667919213824460564454445104410127614361212446916148972431323551672242229431160709105464603264681627473873609985559669941291053591496534818034543023998563325216858524561908032390726609131275757810995921356575493753214657842903311721730662029945609274221687181195262817317736371646406176157975245926416941150296248738882087301220041906931247105907467302889455626823780039095636837809262982413334551642808491621507911720939135407541694080967151358503623714849884275162371008901057484511711749348197656495274065118428162286282079268636300332489052847868753963769
262 27361605736083739722636260435640165893294550144248250242395209534026489741290729024051640879547562519400089278242857918201524147502564231750223816049230566681140423377211089027987593153956858457733764338110526749918368649203066838563684743832080687465580558510757164213111048306103795927765033244741572660431487794248012864698222873661647727280093689749643063118486189835170650616098309527264502015982628852946994040666960538473018892587486999618044728875740423426615555110507301973591292438221294117894412709837410183949389835642824691559494084165459451536983035577975273752000675845752493237023058718693
263 14977801963969450601248257174587718178536957504453839980577187378180448774175122109772412289073766106041304261822907561142222892341618472699372998216711502626095710708134022355158026595353416970112168072577739395838024937790360322167213514095947560305785991597795226458829018696459763730487542903369765572437161234676958679768786175856671190566294563608815404754018208153893900571736930745016488731253773451915048108794344509409526802869517211765449741410607455130718321897147219716952513187977052995612571676050980491670103580278906457676355360125838270421140521088576854577410420957032627067688341482301305
264 8230055294339947809791121201026383556245918320521726731835221768046308788028572549139663556935062577593272541104978683761915144528419369853792435746159582484722865186271409401628680852457221657264634587701176961059984840555186702296150334418761035971111643747163632776904220903538276648028352581062849899903896890784379836760051587350044798400747157602909511200035706365147711844446695078555269488701472943223409659253167104131196180988619501763023933006547135830714285027123483448186517412684457412491292900447290488361013894728787439867552594444177879357222914656717500260833568513080400191826092109101616438
265 4539409440824023555868343731342605210312081592852176777359524041154446487991707329690845452300943398325122367127327329341956049995969689721557293262305013112873348028450471178708694143531155330582459416456246584567165457948453625004274159220070695125366305688206186357909798675705870556704224609415976159018477834401248638310751179356288054513167541721279245347192610347417739760866754715258153865544624596164367239465025932824087098943331624518284889166769036961116686935933162683285369229686288510507478914142754767133791587983960634667694893695023246438064736846261051342559686373268054183128338824273381924606
266 2513226962317073479588487030314608967799069593785691066101058316179782181569509612896081202785990366645630747160890702543874586122720016948801492465585167673148332864214963862987931745115452858887422931880510679820451795583354543740013193153554018233750238881128999992112015436804990200047870240300956978618913525044678563436501328223086619718379427682096706499566973315753161183711262240541180428883513185334835799904154621465188891455412226173965363480396979351799606481270672474917850137358896225112114562756044433202055081742876304870180220824804880539799344681204513301578632885077013389805002776870215348704168
267 1396669587176193737727957984271399254159856657760309882062893424672346306443285495163192509695007634620343732570058615222072172629857588862477768524121770157217656863354173148176025628110759455818958368172704936281366736084411185768267474534398105198174203478062446885832856625932581973826321821593527485229767894873464295443499578782904550325232813647214924012191258014073581133510060346109445947965794580329004982966913349102658961914215726648972746593003812484854223430849794610284174324651903409618948477716627508263664184391349968346969022165752154471465117353249852357717659378105387716920399000488434852188428692
268 779074811001514499484834358833276707714203128079281149773920814496957154568349793287373954238997469046742564542218978444935587442933476205875360647697409055401717234130780211779689947410515604475859123140863156139725833456705128454690830917866833615183540220558613649690716301817183103809460826330658909488637861427561042527245086325407275137296430947070879874686709998409000579891259739130114782027586077333008748953731196403662840800906374119550281493314698367022871027221629171847087417574419193720229354028685333080335953141796763366274495027814542483738495293524778462519607419339283138395905951590339230042181657891
269 436196446788272009869965025262756118457789956583056339959964435533916316550630637855126955345287885456837531167153799055583750541568604642101758626467881658625426663119372566302835371348934906937076316108144826826382018412115450042441983416407161059246278066158574559034562225548811239715932202726077843962938742588927547430258598035259427389958292474774239012636670987492788849943075908502485964892345444569161310666075532561474335166128530927725601205143906339680802603218830733816881249093867888824287922896859665883557587739872389912895307295064986341551675057489432379231058242655364302373080004007081340989724682149635
270 245130051427452657970652008369028178710758703582646375631029345830505601712123679230059109767221986052819843243753568665329877438663097785852817384856349692786537398214465023204517961290308464809285918935285604850910548697739763851995762288393330010926338403986071272951432487265503994819115893634699228572055894538678073391688552179591880361684848161679214279647704840743305653933962695027282028786480300126763096338861153467494554640821489994293474907646416585101696747648888980168090086227761716381545326175901779407350778544833557688628895054542781139665273738903711397289607873329085811630838363377273082836713189096482783
271 138266351819884544881961085044740037688336953468137075801527940522911272556801835504166925942845501472621479715504986199821280668325360150832284262427593957941308309933612434663085034986101678047028059414534712271184445210495000671159304987024346209659366644863716407622338692121490388373886649731665130298482679679592291701976544875775053152286908206768421374535160267611134988007274644514295096293333915097657974205340945145194337730526892735238698231085750528858514327894304107854810093870855260506958694075730170857137398428202530748014361953402806160967405239616000540163243606485779123707637922031224558805635874770523261971
272 78277338946778182828255668878468838959269405922791391258300504128656834516390897077451155139065946971349983183871667378847666721877709479072306039842247815512820372842856301340405301369035910482206561849202597239311347652240674583446778389062129783741357813697552840670714549172068703942077433135565031843094924500511872443905705313745215072371807439618493529874349223102246354283502525800552596494735458382364764376697679603783164245927321232765337363706253200728119055754248255139463569189967134290838888614880472356568135054196166676302151125188119204223067892401427337813031474308887746122211191039842934727577174839546851064537
273 44478418215551385234019941551108739796041620184435100063289292735406831426706599532770481446361307590584341127525182878994376935526923975141971600143355062445432875226877502889983552203517796694042774023852586068625203405427010927527820673183061715212121491667886318334621343102367238682353884453873914911871842447052044795718805759750231209512020962555916489118029157691422771477241014036577213332073689003000926080512713346962984815492332934767531346999799937795935339623800666410633049102888757680091772145256201524361491577625163503991696688770048658734447064023356540395829766377278471660022323874812692549185744559843231169190621
274 25365914203084421493800826523754105163588085572219375546696549100236239250160104121019082688399945211349581975857740272934276212463471913492882388935840103471127863465979499216370909926613394290781003227313153967261598965031108097405812801108428352662280173369823844003142840441335825046053810825925972110617874193279555266379000370108995219198767708628800643490621565113643198432070700896598029308082776134876963440309326338753647122915710044360886709450353589951303458519349727048976371340141814241967459086838705842858240514062584993690995850310792635407303916424132771071770619111412464354111104428807205739507560263135858842054020385
275 14518903678194488801812781779475137489306282983273279199586017813727409276653709533379904350298635835477235220404639156059822427092750050216569751278687311985866964077700783934965715701572325497116115266570931312182559656368343736527278734380033252089885383846138640771956709871038139928255282589955798304466905313256601163801041069559488635992456512300575846549638532715545211675370983042504013639189949463181824400535296201280683778544198656375843520100488030759216276513868511354529044636150181211795748495474309960552425815503938072785392495701807442440899689171530994958559167531588574625994349532928508135997135405673317751763038640737
276 8340527257455349932941489401703699337916950404281224120412214299424584476496110121498553713293732392019647542186172330059183799184784848092316838619335807829868941775054404113513674131966259265805448069154100260195636176805564070206895607910564638206256711801086351208414597650621943132500017175751821128742446990409669741513081142077893252824355285104458363556845903016466796269956013922971227951709752580426076536996819843771198985085052455373405264722156577434131256558993190208511578113821038440228246981252992619692891421942458597714203766358095457745869866583863686865060574270906452637321260397630148012168050841395763380045356281622911
277 4808657707019723181732547756424566036512161630718522927825158326275318611269936484966087568714368411041600372891280954603355935770315216254208531907689528306034835033167719350113593817952541537529941273554703242788067349516483420880115591935893369198999362298318144983477775530159821133142299465810739347918098132929020729101891085187295707360437781503237505024380175080566172470672928123843451352109337855492015618872051365386770623767258451174353655994714137168643049008909814600386933199202966301694086551240588609192493743493711449744014632220019929354517335305669574947092940559173942773693902505288122637921989433307951561785930796673160231
278 2782397906120423841231559046175918379645622116983593332608067437349550710597482559707296281819302004299583002311075639650095808375051142235115145425669752319802914719934132997387392075916831498626859603912666730260919343547159013148362533127706947433133595672752484861360101924060601791840716689813880719857171350275851517978405029844183453362191177880554985117908324957870794643475605553972824090777857750985003516952445405825736126893444392108381830318496866084324717089907454738299765862160483708113995287445255660794928064554038651006121132453499159428614609033529939984709247463508534646569256887439244843343987732540861539607432794265134522515
279 1615749418490930090045981700882554764672448078525679305753096992139397011212735567467835692618078412874906302802352294811771135524653077226046586392156557591730199880871853951374720514678690194213358961220232899703835801332925866632928786264824599540829800350872925660325178065770964165521871175072067479507587682960244534625472524516553137208261215275512505382342714999780588834617946206736868853574585163723139786149326832044551968690683070221201070936238045240251040195800295203548064045421605363638759693881182124360972986702425407165619715567582933014513144162334704064418722399018460323662831701224587723841525415456567297157538838421040677960511
280 941635007704557379230633856707367845372595601890406678698366314760374916897123575738693691560869907903169065105015172119815336358696946853767788842044135260088856912241936653010076591850990978825067115967603032312745124755026893026924866983204630748489462746358173766302459342153646688369281978638984562161048286547611243280979443305784512181950989302257817421762090087531162237974237288724014801684188820882694049126698817446103518645950126433637952712511184148849030673486157846841502343898467854598532591150816910284136828657094652016441824860296315978226913658091577254352144049838661589018795129889456231690798327992493703180306545528863243488661595
281 550730922546734385675894857945177801399228705679415947092254623100367224460867537143773702654547365080767347882420706552195579076825079237609616930958789686299780305071232428244126907606209514580210451134837784810654394325908707674459194479301984116864572371403607428557210774514624337941597129401988133735234134842249740554474398126066261456074920870955392127030145930638598614035456983172224898555486442539436268283366931539644958745799947311492879487827419697496575837328842499574967721284664414056648162606446682254288764101173699738909273605935237719494169089330030179370944221094437497136240352335683806200581383979795475043267517001433148401560199631
282 323250425971031664141075062441900052204257580548590836689498200722218893314382233548751897358009690570927945982036671524085416348257747848275832843715355134128318595819913121854365154061755017498077961015169233557701699783150220247598878414235038716316278854404740326511212494265123391890532987754806889807936883992684479245217034280521799018723037783456174884397401954384467766749260094557399162886970073072314516093235153236147276602137769305172381272937797076061753652610041683864543332002309328276173790652229919856997340647870065010238206926143656336897643283066377942238894389171395214233768689427319273113900477198557301744100494941090693113963138827519
283 190403999465152868261222686416864320922346134521052315503253487440283908938919020724545819579382984801767349343936714680554596888160046808072865177538641111379777540716834481359645746614166917858287319390570035060539606885225251831725786680032118459595022710782514508969632288837157093377599697374952425233831708991255154512717312570481172620358261163155468193412270676830269261793479094304741068888966414034213073306249142547987469480194724477917440349819026121341855668237583019988462572944396595013980992309536219828608472161968339989952347876262331719421612698629965216357338893548375644754862656861686216682787418509677312579596674897260816597113068490403663
284 112549850270684318616987472894011702513765719799411625056069811601727534414971095044318678020096519785310409571819704769255505351637605231155335868204174147738075375077212481543613929886830239644303721464627204576297331884773313242483161466550537100316551158812354871102328750853581095304727382075283939850450064291991713706536906596448149668054778531734684203501694307655828051246942279774307015809382920744222256974360569926658592799624046552747986777994863468469360988586103675208813594281818254560073676712065727714242076308343770150491872760073862284366066290963969407340313652578205433238335948433538760470742699251418428342447377853981992168306107681337483015
285 66763683005512837223895807631685520289108797917184295941326177746112841508336397322621455747727934753259020399121445519076874021148504030502733798242369794856673999116540212447821253807962716554944960374910451415119006246710106088039819750862725282770561563271037874200109937049496649247186788320800242463354945941327447149633705858464863654799127824064048174992291494945011470085729111558413661654182933124991869009167079647013031104522548446777024715349073559939702736810216723410252534107291449533871254592685306096390982645596018474176941674701874839806696815111105609853265638912905293712074153291266565556002811593620065124062545586189268693926906022584774348903
286 39742649300062255632408117430530733263019933923020470939823999144838903796416279098558149165684649904063269592530523538521906826767800182548471005600356322932872866515162688403731035036058695299870862863384025104695367061677309510629200741728707270867419441631341461306235397889195717905250942451922024992384595873371651314843268500599099115258706494013194073819318408957837152442499925624154383434139647979585634718569872042415922917036827323304869015516899988794525369886090689437641013806323198041985043858508474002283017721068064607626345884196008649330055531949661342401236631321122408291548729300746961482444340728084172270639799293232959992311321458190247820976235
287 23740463630078030025942676808430258606474218341351426886297606691075261812077768913763607759354934512534115307944489026490522095042109911103881288258624889220943844790475933916891481789270381241063638619764134123145472991142655599825761845280668742425383590217256111429834694216442192558787972213259943910700937672509142586113767068350127191007132669798149469728384558909689521832461877931404022180635580429088823578568656346041665021789928946017328210597444930482940793180449795226586996221359539853034738070715808236806443621564782686199650645252406406320864855801695787948083543074643891753546289566003927542171901617394983307790721809068088243555008485789080090160423791
288 14230893187358690562193891069316988178085048067227299224965356844188756876329227452144781912310073433215270623594603309000731215632538574053539118774546561160714313262971861789227661705848603945378310409213817882807536753211051601764827528565657036715620491489351277873592354704521748110172316009134718860389685415200905870356767948937781803487630062808008374922177622178462562518517012012964276125416203128303366564230041248283456202147276621989838897369242501971541360631587734006037050249094950256013693607865556553109624593646523196608484554195619655177243668842606534433233618802700611429466560214716735451084957798067239734868540004885529006722992813329175564855243826914
289 8560132108334197734392099174949872559587384750818006785654662373640755449012191429203753266692855087240353519645957402930624771636720321036505881187381983090889184575358022136577496069339685390955928530113206247827130861816471804495962510790298767290318374650477217924321750271711539501100194435388672537176945914008311183123369456830276413833567772750777300911191275104022361352174111086171306934185720169024597169801622500536017534057590015674862373405074811016298533316094833057025788631932488314540402073387010197040630716200512273994710111930286117431284977493322794374205545907092530207141682613528318810670120728054824352747896462743358409771561944256626351367365293490030
290 5166886492209701587996526105137013940001915485258071612409075780047885280363509578916382639742028732951318074295284669717666646804326544079775576728383863275767830445961255938153190084572620312168931520770399711826838575912224398228021249500343415543688790105238986558496090901554206478531484866631498955846517301952850828522204483429200675638986744871313253234126772709131905046680055374274129182190841796707442050199122421967495334276486818747738577270947627728279646517748929530828831084425724192117966131864385172249285086956436636417442139890705322218610241015903066278553563487113078061743671094478624738440197566713424034132797440267688052546301139002748575727419951945785750
291 3129481267341601473780761209311019419664387799289517883297678167444843325600699841529327437664369156304278699352969401974564372622597720794089462536209803543411676681232853958122062973264769031716256570931363370906278599381500482898549586760613211630191833320970176449614384970006359383611328676926841458170527358872023018506976778222375389990920971634545366323211082304664580630457953120349582528164429659081904944155311226661530717700883519717437249989778685213934239839294149037190844374025585735002827266970237211576714381057961077283027602243116481555841173894896688275591052469311677608516192683992287568240106179008928042284169731021786405226073848773007984619275323143290752838
292 1901978680917337400128505927339430819014853949618614686601107290943122962796480446185265784329608596659975411128498875869007458420833534921637219268802128332977907903803800547624992449298100419282400785389207500829583446129915832473936110941978576380415668672620859287498611602527642247360525463556478541759119750381724393701400276351664277025091552496501116178509826397943030631802885677037763426300584855991104339368417976086389228796814108869197142112016136113609693508787981250798821591439469548420613150233020373627326116587131462876939010584432841746550403101093328609215890021261358272084546824947699097994288747180158997790488064319351929159919771904418368030010832636657978743760
293 1159908397551886068241773630210212645820259082444373027911216253836246286903970577783460439222828208858877931968967260565797552605326846897671212787865635021829103144924027600914178832774229371969528914038127561354183019191104474140267765440887460965035995826552264090739370449168532300661551728677303866713530021289443113511343767025870309056648140439178200722718773773345069983798653178802177675339071904932550285488363535037473395618552139424121425753398974504853612940784323188427389665007028063081628603943184023660359554679827732612686923261829025624487163782432650645240912890995589317335780981259190556943774136590334484307832715920918282730433140499561326276494134847956261268625984
294 709776214535646050394476526634090436218656668766702686679256375529139570033964226225733888496253544992298300092263055780739098311637002096097177477054736256171225752298710116862193808942542317984611404288221025939392867466394212270066841895642177185991112220906531874169085680462468770317432167249878635584263990645665344088625381686462781153373401893916431928424669796079115509473654700378649985067513408734801336534710774503460844693219977333936991244489708060109738045306521496779142880164002527174203526447772721006900045594101498513608931054036403463092652550602891088043393877644070059822954185927143437937713344684740955678599309993067533665477427152785511578206881448514331824978210944
295 435806663984275363812111639318909530917786858035657905412110168872307849855824712515760521834400165172810379312771926868386505129402153150018674334292607260068252535086501092000423775720165803371897667768398601725445207154868938899172241891807087762376596881452633639559728048410361688011125885193351161238908585700259453788486058307659527874713255513170818132759880485205160720687831770131623857054300958678127928399855598737100551360596048098498145452561170776518745759749482971564251466057605624981220276629625325255695888343244403161851919381735265111191964869499517177892367309352689099965572651676401176551295762197335311431335639606635065406311512063398565965455252638534494404253627633964
296 268494861296572428306982255200395998583213605120642318099121254148455926102595901996493385221237809482731170211707354405777797880358000965387138006203211913625955867757707787032774459584876270060245808047307224173367958849784013462668425689820196893164847889725634277071659448257553423121471593394026152086088709549270856535057585875128066397306077612920789291172494887231641305890514656956777137985784322418392005487066616321330946432748602606964150878096974870549956141975818250477310182973440938651569677643380240907550008449398796970840194886688805065185004495404577382702787145886645273947819376046728639542171040012639261317975857721860061306775033051433037426728114394660837013303397061323332
297 165975054099024914039078848272035182402163804318800699334401241558434815596496365441025017914109354843018677017083698828217264540936692598970109846182255833940195032389181445251738307832623104244092362930063500829394906419475170473877757005853208193792724314967958932085699271036080919905338037336136061564463215775279875077853416640357655006373321899323835779659902535088628129796963990367850161884789189848851278879128404975002314477936032632858834581834947233444231133052307786671117888971051771350372937626111148471566781327164113261463994004006222159027661646524364093977375458778077813684469661739716590507864460815912079777958102518995926558423854923030029504353609889854063345781296374918239976
298 102945997358430558716341965508569757146251925860866893796847849326316106516029928603757994345224186155898132215844999507349716261220953745895449509935091766716644810616881659621773570969553686871005352899681343222940275627626842142188826503992511952745183645320896107637591575964698424052823222454844157074639188703217992616370821357679930311735565333031510442418398214712183472436575182261021462945097631377207345917227182225009360578584751398767303724715605608566200951130709515059404555042182323208689999387760084448618414418025679339571440539351704155654898888268512663638970909439205460072554589813538777575170986075486767431523381134939872020009618896069189039261992160148594984649996000258090403576
299 64066504245626912603374875956849873007702969139452842841376850699341586658985027420682498735982739269107708013507462800699840986403164325719286190367397828936315848716383196827709302464860292237790051999495427560368141012098821606605353704728096070800464866365363387726473039090011329948371856562671422975216003120759240613059308240607418709356601811094498538117391161108214905377907233576567612288160127804440399490326438825128878546887995578524344826337226662537740718484688884707903882624774677749329545312207142029156560741301474293652141082459756836621348497608072383842906161181227942491006939222089536448416498120464800357813368107058946219982216498672827392710951899506412826802953275198803615273592
300 40003928965392623902798569279094323494565417332032058074977496108183505033379043395325990851362481193516544368337720188276820697271652845457734013915089158438832348166029821868221797865271695920989792013825031842971280009211742301192022845352722486310757771879481975477844177258976973091008715889398442367588809478185355461930149342118839230740153644092738576928510963277292974132876658305805376552382226866563871941376442475883163778067846564053112162547438944420293945840107070543504802963956731559873831069854976366185250363567319338549375273675545607320993188601976282899468886849278778522619248905335326907934505496805836182810652604934125557741365536040537993559043346692070609438718860665784047576602840
301 25062217784075152620772671580172095333085020487041266347416151448516253117946402404431892188554185241516687136394225367132491985909765251114816514190516192046333163592889393758082257010571201094564121407811972689956348056286015092709764144983483537823781541481529249510548625643061971097813392788214579160216640482899099599993224258011526170534395134533019311029988655627416689757676550001145490525968681549793912757319829968607290634527964457292647274767554533521437728007453113233446889310622486663814975697571867205506440035383531491564942502270004176073634713671583290750426890952228154689413480412857220581565616393658439257760325202566531219869233850769472230277777218431431907250719849112525975560482112472
302 15753490325438516168375277092554606280097358774055351485139230069330562008905921530239587458851613447943981139394535522827260989656048746320479190925400000483722061414373909919320839590585825976239999266874490561810564609367588442772261510246457566599817365691807031182464996107274034857275191054945840229803177094360844361459645045033528869670895697667290371346515612107568738046209277874130021978323894209264324200020310598556725763572483559047721688676811739736929021949470057893983667276628794594474520448718820002012918373675814157150207431839042487594702666696287783056253897006923540718538939317011731296483797853686856244316248905945692581299766359988848062041223331759845255997829722215613963258887715222300
303 9935043173876334015589016947125273822472965163622398369715654754896054583070907701757498585208425096428040706995418356715522353198222557060523580252200048581825160880799328981912727598786999154617166626683970146791279686824791344850660067574519917228041226366959062564055762576128767452263745839242875072555353419487684586444274045507814565253293542009015456815738550119750399835603879709677831710912195412199206138586368091226866152606548994435788871573594094695841908525839363003758697096960770587725259323385358909650956070491104061047853406398238832062647588149319779039381586423134503031796420567359826345680353862234531708884202666652891087908249620908690415184666260572466501011089926518828862618415731904333824
304 6286279311591916478209788174356677781165567510715791613354302510924681052280486490618244678050312526910967300114350155884556107938159652761346430467259946221658771593933456594570548683077698958154711940351258292325900875223442362255701559145746609235235979291502743158613626820248812606307857490135724542842571538406020635252338657740176015553794826714248496520487867285854858394177200721772609367845024286731586105628793465097992633972181573928425619280683801341360415523834238218448423986463126777733303989903762313351628768021668774082384409538933637023894937474078426026603398130623473800521915127180652617301159128089664556523420071644564268702238356792140252780376848216711320521734979410181704286573259102646677149
305 3990651804974945168801018663021549175294735970848421621846283964194983753010275479561379154014146099758210065640463374584716589134224391048283404510419210698108634628505180738690934601884141879634277620515182235106788157118480631853325991963023322218610350716383965460757302448467036026044302378771779396393545632378612905693779067712837389393100552396381673375390152631086178652875347680392968771698551786323357885093586414770237794584535371001259219195826272620484486796451730839030877209112564144356566824511909088178761695904937333324413769887431970046279851922674235069861515740837046640071104304148669749250142173125372652284762366132748018425635526865554828865407114100135504040826928788864647903269956004895938939585
306 2541649016966320209883558227684396037360592486135654344576577290325467047350773748088366002680644565950229467853773672273010708362931122177229870324626724201208857976331477154701684563273665788142374405594206730756717721792664958310707124915430766624132299797170007220342318335975199390803947403012558687366597626741832498338438064663300521047610861364055489341217775466265793144398454053230884256858152758139683977327271578185311774077703853358561900786254347854987500518108000286374358265579763995816617347716407658297620956275371959959271211325092931177588777388004264222171276094886108017682442316760154963209519354352387806374983566108285021510255568927469942790194079339255941193468836881847106492820087693688191393472445
307 1624068188969088560231501322537922101211918417257463623547601279759284022221987903688386525998376193484107010961734872325288794791251149613003361133074788845455082184499796142902996654055981343832283119850746686424553758052864070680183877803591462507197670041781251203618180100270721453049161641927292883840300334055985743989248539270414230154404052984338331495105634283764642694602287915860401141478810028719039078681917615766774024550928183827625267067331594117497617537572844998664959400630294838596179756797615453758881038398497205489386931966793709115545195226325790523081638589762330822421223700908966925673488295197191865884181845373663994934078062555591595054794755276538035907917749916769019889193981292016158333624394693
308 1041130753596033504104507124584871884854877934829049317253269266189990029186949939559411103896408705381226895418583478253675203236506816853560717230483400481147359878337213216042915379833723765296708511324260163972252195769996326092072906433950795577006207770258742497322164109765474275743044814541280982427368872935319951752819584976838592709507952743293012155418050364480287805744679857706545690987938096583301924432151119162937318794909570073010236037808839874167810070451556157096375084097551822737664263379269256128843774489857688689013442572572014736427431229727512575108804829375458054985023614028642232250243592122432539917510375509772210028182139363530388984958940038092819456698413304311990352362996103523244422188226038637
309 669597842227143198147582835939941135297174017924934729686747058241036218743514628588901122602254125156232586634351984446299656452650541609492418401246759032592348731107186995452026862206334004489768855737373224142188998024537865980007072635841338883042703920296222303738264443416413753806811287195439196983797115981064314001511011146294016445559978184979948879407345878237791082399639549511490969049242795108028794260299047626473172027116808367771636268853175649806337440539518209830807164099854245528380423326237200056553460137351597964397304630190247566836035920685237375995255708349923308659044731914420006662313612938553238244030693988771863889888666289439740656847912253265468727711575101469708505969235100824472588553839356305645
310 432042054258479210598339636745971113338011220322627359362182993099888471843916732229188628939874645936401042091358396227515296080815117805874620048462636785564642721526156330073954276865919887486641700531615774200041314469729853656476788136823368542627977411718467951055105894616270261529929166909466721019887585125669939026727281330681729040121394698592787273554183201019598154630067387677100230496688405890899758389158667681845616441652205859155061996920103169695826078224258253350115551572767305678631203771806980447989824233589192976211246189467238613134735149397110211585993850465936422252667812794991776088193172658014665757900858940378362574946044880394271588955909709984187930937759932853467193735901268974938753443371353808055709
311 279664078355613634658392330516737680163574835182714893525829597296122485649282703888179963173071055450230991451445211576633391923801749813143345317620182899191351823113944651661361437027475399761747862794351771408459261675542300255923573961681998411444055514130812682526001538286591234398301109310241118524708890166127497871557257018335777620265392699776548344631124518128463414795203559935768509827469798065388385691528684863463653662401252196584712757994685801669305400752867619533349182257734091969402155401013972490283707694678230910848917807774370188846787236086986960049366967867063091833358143800907033450301319558340706835699587030339967999306770060619483913075910362074528545469548101339427101610600864330823393683305072745921672729
312 181610748487750711609541912244584585412441166067454987288000457797780288530145068451650364624900996452277766913757681488729372559804372041021584227775009787761110067423667133387596367558796540527820514931947250746952889950265583894908628310108166256735200307251356705594322074998920571105159708107198251487292006179036175229231137158002477075193219069812493347599074948494913125230983432431556535425087707115293202255024831945108748336406147689119705194281098543244639603183787760585669275348434109065741274748243508723739488706484429794424458636832343116618370000788389749639951974490239326960210577822852594305586746364975116678888293177087752794642908041117335352743324402089698295970176386433271508864658121746375331582905364317853893685629
313 118314002304672805757829843698677797758072985288548666959842099924384061757775691406538527613217191904528743360298811964343811777292797304316639679221714880255258806786224540827254109343399264300583236203994616581626364926473127532934406896881812037702553070006912129090286254836989146068692531729759594854223999119638156400505897815638655993826640797406939304511136737297058224753368574057250366627915057087465067275981639635265551266546937081956796579545246732794832198430228044036957466094890640497120681728995109508632589108270805749514890452644611993314868012842255991337361071594679152453479031671967279452401511518512448892034940188649427988382289488442952379916507166496010362713685585821860740827201019952948397360545333482158253804106569
314 77324308764359106441978172799258845816917789032452590702813498047035273250329247246251405118820213307690344266408538037193739430913274411212601439126821761052315586238752891135388808307482710539437499563326072309586522442607939141319616247369651584793236908475192105173332458829702873363520974801552769970794136512685493773775986085196479521284735004303532888547444881238019758549324475464684976503346324123932767933987309042830926244362738756022645547863998402226122707442461222336878349266741313827053305841410276566588384841779585604571057904913885944166657057854285804304378749636708547673732223461561552769516325876286248842555828446613153387969108332847780207491135804916562875765225029003524592201074931568044195069106560430806922706503615381
315 50696367819817365525507144698642769808382463740001266633461770337609028575839204626111597075703580907325387310122137810305844499728690854396953950080600440276112299405627550465951283567396617591541298707719313395418864286198681999386692013209763311278637233608536863072021111401404346656766248038331294308601471131673018050019563326674410829471816725228271832406887708687247765622475185298539485639376514013815495877102688934643909898002000087180437253731522986433797811677117662974391561473593122350024159448477486408757679871221317482577516034222116289378135277539848731884354963592749297199963473280464694666230265233979316953993927643371799418810785118197203255606414160400647441299623829100713090726681483807824784195576678881838401284967103430077
316 33343728820820050435261796358329729590797768389962473072223892989233749332981523843568829782303795014989422528752202032627799683725245671701987674276769777371950034211522830305096943269352421456308452040130216867389916132094998121022768206107387696512763915413432993255317601313152512843563411117674504576622229529843107909994611977389036500652265070127822462110727885845607215632348725644151188858955085164332266988648065966004529761706348091431201332963177258402632305338389307979894402972607531257081658875057857150968361612631335610719501342237116669615978521636183770949606418557098503516621326905133341243942164098501123737396305381204354054565213766518472116311376291839336879996053278298066868730311534647560295707141392740937020138572005734792315
317 22000049484548676056021087910887126287852049533752556192221479694492863612592687997888381511224188108042145862219816331076323098879073464600218768136483263787846264631791577059075712080142576093242095101297512498670060496998851024338038978348763587090329664060100442745747217092240324745246294260319079921467268041739498346049055911059084581637929281249284636173935145206820872775983411466278144885794413372934563288528555975665944300055819181430169246079546935122840890305275276227770332927833000234468028098654689314976769341261105704569646338489483540158792796331784179663596915990079134913473732172917703823610226616253680434202029756847074438877184710895310914726038414301435068949632541592121303876019080092841017386258217376806852808951506808678838043
318 14561328535179384203196658223457629898754420706577697785100038717748314873592113390452238896664266809386495846874392749159292776495365706370542194727764940996286548027946949313420503610974212503824337141391011640014042184923427664331492325540551307001673419483997241583212595069042322989880136956795458397030594537083872159129522791659617280350874365794967943926038783968698848291584066834228141444493254848337309368785386468456225116276341533538253342071334078329553762545990698425853380514733543487109016272510709762903883374970584713395812591785614851967797628338626258932189566629818061057090946312139595365727570292017564789911526667597825772679825447431250192527779846056961087722696496363554438656087496230007931687775084252037049998123140082695479097455
319 9668117043882324009294605861307155574047559773697324979008148896671542454785540404867184406265991117825711671475163795861030702124889988545547679775689373853904565937027101168885599574587736638769053923567188654485658478403660603826729051010517731621704146192678718026420891269744103487341942762222904222569237387530435931426748350050287553651501257952828865234496962655479626595036086454000785519875523616294415483559515081978342560996038387813195138882441756248832589344310027840757339570890685677861144637661812628076527551604233591970643795551903748020194629511401400887228923893033800411596091152462903658892714079868832795683647023071621591304869375897863484343376884942227904067504956121087174682942878287588598303431448606427991320947914109560133438772979
320 6439350819498591204709694066977274254168643785892921954050119984441950439498035596164466880196665258598021177977552616759250030855246559975481608688662882302595806254038071029080387759908159811829909479844802097605641543217490011117344107558245116053919319077953506419447070849113329547869248953085155888789862945981518689524001841330542872081926970190096232644526691596898272815947182043603613155342209915157617482597653449922873821138826670990816654051512367173046200143982559810856604089466207574541275897846948526438736915159014049919188700518599813103039989952041196646389449100622029719021640138722331283817511709463495434404120667646843704963298303904024909604484118018202280680939261837152609973369095105947498857998025471496072573850568319351201174168309365
321 4302266613354554575582941596517802685591468710583124203690086162614919752523667235565421128978885160765182518745424057666528899476865670074824962896145479969883552737695171676743608196717031263856392656607984684112153315032996211967509023384659893243072287446789776454490563887669961266902012539731672369997739838704030602951674477341098203001602676758011100432291039625338599334434392741647331950272485134576783761042780577497614237314224734028641687951417671898739010322880983960968518655244536500546980196439500833162609871241669041786666191726978623125544220900470914303537217364926249609449004940772164565914940976499955767143905519504991081579411559366801486300916853139129107591001735444769105041471010670534397635079009212189290398774360201061770325521767585561
322 2883389990896790821693931582140096661945768901695536756732101821546820931876013135970874800594527084751939761910483029300973798310407887729948704250655899141391486140508388915230608472681975466819516401334336444979522452008256308955438609455823281965139281315498068511288692200110386071674868175203121150246733285659749049435082731505625827951201651552790932066757862634267687361889961071697253099465080580885827250459928815886555435023142063499860711988213663436141743818238464801658047941029472735139987106894591112465090549146552244601000346825857067346929840490380181356782473912938328816906803689795549174224496555126185087831766268592332037484935716364852435032630844792382421679084233227017042738623273165046111255058112285073976432578469467556508948920390733211397
323 1938456664524754879882385434815505207536984178961291386544468381754717796271387375030614481112239351460192659518870098156420253348249384016725516570854369722407807835270042737094960486371391921383249163630542193369602408175576564707982019284464329609603318250901551283797630724740776201448099448017530191346761365594967679551438924186779699407502656297924706991384249199199240378251990593281744362978731147731983535734231798723803634367973914897739960646704904138775768256911974996663991149064019378565410973959458592559711500833059507823537927492006701135227962385540318832910174540403901127189821721048470079314630111294248527402658559303025724174741705340826884539682612946868537468662819192792053088170314681374253926316300251612850950853921415040195100435859672778867429
324 1307227837079121068988360448102313601488157341062993410697260190021180444511989994084286542839424674022263273172180166866254550573334513589889699684536576773090559090693808600844844127637620281411809115141648981401740069651131216173023745010623510703679649734996839822525087920745790907721136673270043774905896386000759919423028170450114825621274124395245878918330791073054563967051617010150186737311950447148941660678169160703437440080080213172234836703543246927472562390799623615372706049747795559164018264424272727311049000732642249333467732076425943102541482508519965402525831810520895559098888772587957879717961694023050025222624754844499896925061082580329421955131049646826698265950915223700063853335183028501785035107928177651243701838411059543907442045399970933194478151
325 884269859797765573880333722794075217730063111435537466410739023980609427009610410038958703704522826448239400893029216549237195773474084316847973297865481790287798955972581485214814923673598853879148669972686483984250893817291219514399564414686105580231395519013205901453021712903507500574808440872496121916843085672078954517874009656055881126291576363635282288492869839306094101390347112126204502349113643255695471082591797845720994045757539265565567810479047336957912532830142401000153597550474401101086235300545160218006019165133257142820042082715887392074483495081559539270423310340859464171874416574632540191082816936195256548525212215350329297269699616957200169549299753731921428348184060408545270309187807500785431320165809957831719829561975124624802900880356985472026440623
326 600001850316868092568299169579850206991519122659577261583051116557320148157067826289104953111763736819610483946076315523051424674800441833351895460308996394208614251397590396524260965578941623122242591024607779092785863047199057213067961480828557886687315865399901197069920579657278590337827084210579652726377618451071035336417529110093131731492114590584278987302872931925158895359057358510441965038124186198310107688198279927020256902033750313759669287672417072775989040551129130972364371973308836567797251441785771144116769228758590022306650487932563614063219670405558975481232763257249026023901249674340338750970712965482171366516679353470612142924180263353218952672516670819373799330412489559077859339960873536870367748052815541641674452332679232288527433613639008933008656974979
327 408366871400584762599053708393948607391051354480997019356899624826227172023221690709473683137979386902364157482956271079571814637017727637158781381018385537773931611845424953159980087562765391843890130691945329914098456180125587515347560736217617916539105139876326274258279762647824934252056679474400208772561413503276773655729675337683670202979875264751076791216593790674051314544955429114414392990997143450210383065156699724415460629363171728762581102749443597521409106616732705892142146671188187058527251589798866966989858691681299265957653570657344091474726487746085962407358682354351176709038581548964605815395031808185485648561590667784356631528769607919603628999934566449024212242532678478902591116881445370318845368197014529682939145068076242552840250904993821199228414226403759
328 278788272315354377698077112499367690612976184693318711376647870081534693468826854709261121583528076677006207516244936396978466049812923531352661700583952719904335284923184126010191004882715810201240075851221692983771637061270688672832960496629262697280447648059019871360950360382225151292839385048875301136496789658019520254156741771062393962172659424387065115823021730054941759844426561671559597002457651623657548341748390278624122602084850242807221009058969140730912018052457698874180343259844763143340727923739688296617495477316888138620779264064091914929627240673355430636553618514870885256683269184230801152556942558537201917758486515123078905822867695024880598525279589917070113531416081164957012590462558755884793452937419159453537304241624436309944168911173734556294772077854527305
329 190906425390003784719357908598154951947183276399266555571161936711504407189581037776819917225830379891754847002221723290548344534650773847211399208921239238644317232189191671668410064086352976624049316264609202935022447383367876457197845296531180853480133045720509545993579795946882884459360206145303819493178012319432238839402198202227432196786607032705839536223873639390965023063180351621533044848785553484914220773179437464163889362496363936700107235288593252287284414284192946690378982398473597248675000857587994143356194031596863880536406700885148379914184082820591468073248465890186307835466239470287546481693251121259478794271542829737738479331650899601618435960824030888828899870997691400217316830765603817480147496715473802492844699046411576662035319196006827223527179954537677466469
330 131124735918047065590406591145745483934668872442629554635927837313157140305510159081891190000747075171119590435885649742421744256059782968863826627588589483940090516215121999081749302627699713319661199473568847275979208190523525367160923688943241443086610761539737838567644360734809092506934471697520807431077017325313354384530548351032049810798855266810537358021078696924907153373534331534066398981875166283827917055281424029883910642648315656523545149052429826783538006072320729018970727427029400256675444901507422415209293134260880416540209791888239005396134790096794769838148159826048822058534382023306812023610977295665794933193248203466938905461846662329193715507973408056208547321287450032240469836473823323731912159680222150118572696798010883919355520722836694464062261050658045615999865
331 90336394853513763522806570223872274435524661861737813579451194645323261857087289721553393653853384952303947470966835208719814875285828913791481354629093097448447294161164578707255955453499573624502102123086099593582839768220873636903601892289074106050372968348841479157668371305930570367130186190547437643189761141506811548514783202334601748789476439461495510408578167458344050587633559187537869888880168599959554578626736181066189321504240461030675537908246119102749886838517696600636908491589292389398151763037593639097620998516765651790883795006349639030222060957724887016340158296969894176033994851056962564790675588481899263204006279227160384703360103370027244029592204655421723811072272904577897936178584826483310434197692407520216667215922388816165982551941828764209491031631426662091339193
332 62423909816062637509270713064853567240450574930034699744277775531781976960598590580640886931030103959768980339714173368808357067198118974000909521011527580268434226454177494117736707710535518559690128253278261185976652187411468047775800597496906457099077141830146643419966993248229543625173019161219392199694927120808598275538680652636718383033848425044220190003426818333368210997355543903996058055247319394377605256322981536883304338998130898582115718060895620156413937421558270829012422759118592000057430700521882587176202968860801076012975335662403046143508681610820213498387538412681729984699803661424765940386876251990563076617449972693187718633978022304797347409779121468008208175128461107715075935700920400051751171484784892428946171391682009349608181659985542194607818634368236987090958255021
333 43265858112202889713505379133114708749334718934389676238656712541474001149622833785472969280083273100323002719373203034974376469712472787520503362986178075354382898362854543497482539517381890336524511399859408437822943139246175110753682947595122448865825708853326928296072551804484303809617793492709250520875570291128786285464432693198225383870728493481136992552974541408828013857105183506467423759590083695145593268457260211992757099158836621252781132276490818243259645678910753981372452587928650573345738128480193529947742634953464835813260293176040918487803680488649055820917459817182465835732189681926786574462682831557268600605457366473287000668876391907618633607308958719997356728120561365839924564420136470169927993879468276484100904791808325888363709656143615942266352425333659444522939808545701
334 30077511669616305219057309450419583946099617719909497301908998337443112567213712577489356719342816516774841411774086033171569539673138722035030153071131156068715462662035231869002684818951082052844242207663386348648979534642261604224072817546444658650919799530323938154586087863023837236935909253537205261219307071056518771030239502679016226179740857368735427789821118959178900953576376562447177858128736888880982336212302490533255488861684469708803544553155777627712270837440033925720808698965835371486038733008240843690123015957911289721093152297144091600895694451330620623532921777676115668194769698634459229131281875744324137258931792636253413554966754781322876486490367216875976130473441241399571050812816312777303969751172208720268049241562453096613059100726005659871812359126835573018967800565509805
335 20971853740372419448949666633003622232210627509318858725405707530287204929724899956744717117065515860071476170825619456211615037786977266489525336067277400625183794374953180096059102441960800256142702631437924555322320769953476236018856943939985368593789920324538082179736108892871488051272369217021668308378164487270495324376331032221260911469262148300735612825134004819746097760101143429042501348902636783423615585055058525645995323944999475182684857961743194780477132807471770852546778066672752364298438494391524269857884084481422656592088582200880567664001148560410277322039141722528875981033214280958055423382537117435412180363625361878935517525995508418073908012619972873098386013933312257923073711829515860603448000653976409506870488507700345434371267540196364204871174186146456236765965763673602569201
336 14666490346430641741760193794461268055678560921129943748799260176476223009757416200197890390379563153224109053897642601932158750289813898517830352874964922122743790251543388463369961058510521059333086732028475627406906715955704174950901372748797153182763902625072178902372045252304780151192632289936937584767173650702457451010358984778828966311672060028110050062513897035288135033188627976245071393818736932157390086230794900897667419861454662643683006537703403983881851534677773011687853077278278584843813603362923235704307499067225979366238844013549806873688810839821791029506808223564078571995468535255529944743341536415693084939377460544508468368689537722081688120160323032122146665598738741238155026272810006007284721182032881928302281403249293126465007942270024635157759451784297979291466658573941775883331
337 10287413548187262480047755288426545855676487438725802576901216253241940672407061643901887438208512971831461608058036248551528397933977989576544791669666899169578416601784246068414040997978258253463878987381281543039273885989280605186423465532334363906967772271592594397807818971493209200689774238442802472292696787347375312974278756421310095816620160874178822494581632771511630434205036481900041947853693716757393109467537537316372197983744208884853760985983768759687974486904863720677872434876593499006978245525064428401204545963668615108278640879788118926880578501377874193859130697282388030789157754065615218870879360975007971033550238921686530901380961871196480739113768819584155675046804806091811429100944728148578949233505551037819206235129388968659870162704355190699803035930248433091657758868806535923282839
338 7237240248962607630565425154661778077930562403781839265288685379821869780912328296397087042782171264858136693169062295957184967816457637224209542746192507587005712467593972403305702148612383502150364434956041062896144773328988506635958491643191423372547708580010379202165631521900552914201339676131661093181020268541176740121258414013021694700608440185320838303079067246119966594979195760848534322946703933514633760470346423562239893058750936246110389886496644254561108767519391881476899243567246549786452497067533814558242784527973908561052894982532023323626329723146495084220435203551238663390657138185379395987627313531266604236717626465800982027944482087376835095466554183316955035309790657099979701496703303894425977307011525619745929609692844891121814268327160587232365785542850916770320394801162267211085604315
339 5106493376724742314753353570573413505475904189261020417210661011411679577120107359771247767617852628275210384126419403507269605949465549614000484641189233167794356045782394160688683739894825088221326836198194951959046219401563549493743236882122299512714244784307897960345533124478483498024850233024500752421620489677872767754032039034233177986787221880819562791717033458650953935088836846019320161965084058216257256700202893456092239324586616312079026498075397678224047740769920973903497882789497025590003449642760547059578033115071761198225591217534091890652547634254325879697484401707752459444435532163611061625647731481128603019706162664875037357150864621642008731258114041642593011852214106010507095057440198462628233157779506629962707575613986574546178981793910227383102527536920474539275405554959873771705933373315
340 3613697281461841385582551925722633480555102004776890184555100434480917193643402065691184038561096412473669841022036739638373973494872754385374847529081584049941862508665730880180201203418464984890005862876279606032586936066144343289938825860710691311003124866678752794719997888994136561544104767149357650664870052335722794704842032509354991492034085734478456491345760065458270683166015868217017850333115298454285637190993856362481693719481995561671538323985390009787737619945517891556347342062711961183523396801833562898285420056378989817409463626174192194278330982565085216018385181107662552301936209145763490720809612339658773159067002838654307765677231921867622509678332632373806261400890880754375465316914945589558715832742095054348661565973995022033645976128394752634656492821609341903393744612139914586963060841586995
341 2564816040530850579512831070753353712342343471214409813519890289271161260929724536173314788068681215057872981032797317567397713242197405131327834174058128013837133871503257425084203522128479640938899488913298557749363861951275518200761135833442905188535115706497085584977150135951917563859668608305292447530249857107907687094332995035385483877390458473341269168573001204527291540130499828450092997859012038017847845653288807497694632769476489450761796283897319829763007400313460580686295336614092591107050854315406991204899598568730622508764857298481397257603270547804662067322077446706777041150638485617435170862697973225047281325035337707300083346398993724466445538368268521026214095028472961443958421393264827530158925000816465143695913808248043254098407087663398944047342752840474018869196694043968512452785344112760922099
342 1825712522892176987977281588638015111226096158695453310571452583077729010147778458128251910594464856344738557746398794863246713401323430743926918480013147725234338790351135291312027045898533197444142785639401202204264243714989953772737201302290584510753876863772604323785280093817192004875309328437620503926136389925323972438277778448587090166066045622683442907830232493847395050607138872489244470595896236514285173579956218840665605037099217958099304718232959959759546062504580752821426097289755276937691854367714753044984571869809745128067889028059680461168097151355930611965418154845363771648301706479694088872717096593971385082603195593276367149278672024704879333799009205207496343206601069823143760529600495947216891015531076794812691430026240937716563041983400882029098479178887959384139008676520464908145737579609701896131
343 1303396576748272647989532249207745485697376365488398680740362358912422370248519431125015477894212181299226179673471216118745357005459500073217175332707231542038835005894899247909760513470472197156850173370375833843853751356344841832153029522322696454380575431234802868381247449396152936846760110921737877895988880490007128935889601917656370916797515619259526354512472696898133295489022700044447655938767111387955259693679193147046788419950506880754329112627692041052276223701090797176121978958669853160271357080487099378484573024161340667603836646042377964953760656904192620464805048732985007562607145232430788150125366972390934002270576386233816909195868937609544301924113096401828207244413722668640946414121106429966653584796277534728126164451147776880126059633519333216979840069907301153750975146430514663901812725855686861013103
344 933222227711009354194464007332629650491360852470168996295479713336989565622847035630114287780859055261000719021725844491024268805388438259908084821333608480938340333351540628452288099143294635555897799432898250303820910254716615500534051311091318569678039929256795282302869355307353379883250884756255095539584978254224753578966157518861925665436823347805523396179532412113805419040607767116776519957760727741467367119749562771634912205109565598812266617225118569187858188158040695914757681906973708562997745809042124499439508589512801454332899259032465924091557053484649835132687719982915761534312230802595142224376305782265830430222515032170498456966481296373629274963114650041941591533063535218734879793902789539767045618807006472231402089403795921819884603377061292958826762883829834399577026491324499126063183878100289459620908413
345 670122530107734802287036514521425771679468873144820430785240367409608566405227292899322743885122158323699546754607005030326831126016356706954609336190822713467062272804088839695981869094485919050015337231366530375634134149347297088648619417350039988577594684787533770529360892696088706427885414395019539334935919674149960173082216491527197770113225997395005799182175654511729362152824163882805455779634858072803511161134782476659950905124831703340543825567815198261437090736832729102049405904008123028889395184938357760979663691862681183252653435493955273627448890966022704733694680661823639007700661592422185163063925862058387765206494065475477591921869726077352300222977655342907760888398036870595240711797753459881758714320353801832897447146064188275401606256356634109688995935475369966257768725224144948905249617467371406026657260073
346 482592271723912885093061453070140221931940533850616569250955499020411747937189225298726708743183722125018586159565950027893987145584997752181741875052874222202578542294780735539760560659495965670821531309807501502501997309843267688069578250149227668319534702250842953790560634061918316865840691687489422465089887824130877421905922828067058596649749424834242599809054324419081739744750767575275302125543218937866391723011039662709149301043857350702144214311226608219517082114625617668890535302792112665904254940739226307510203543391447115908751918215244445937766891127291865079239177695115021108193488747064138285764269524458443042689481701831882372146670567261478414933240538434262965326319134476798225282980203999387091328720351240243760344444444135289489126157973214426940107418891604670683590746343984211286415357852725523605312092838541
347 348545818169089424003420358943510851573461787019700031588016979638383711244337776982672236083985312575211202519714407080382900190187866561350480114802922964771991722655040798220895720925928657606569280633675114812725873581410935218338938798125494914106356129143255313594888744427021911113906931711090986839797142847734768282235441519504481934058630802373529382034403448483217050034796229916842100828826535096891140357332354750308496536460832688115252093894047227604088119415657735738559452430943519131007646441641944716562813941913589278607285778053790533344135767640004938268009387052616820179443082016788940138242778005506238725818588648833549754655477053780024778049477629196953347909924512124846717111782184718118177530468469084707109834455188550266609538364932601924013714293647181303179913711334715965083628697994574292769069569732233757
348 252458009527521355522937009198702429460787047384490325000034750123868593514758464564679077784774953786310584120889514124434342647864435681499220913144396083727341787789259751075042003797091844624303002422002063505213515574848720522953590026009080719121890222204928193415919200195120998249943230919294615766742095220799145875717005744783529944287949202380120169862593171676029651620003240035201635350517135832000820946233269691633893043602539110546971663062500071845427599059756633856202987336744105806506037596821327156163297171623516351441819729287905743695255126773943353550806408769623644960890133504000935991168876315211309465992005667148115302405552380480294678168653204935069678846841739044175967862098960922076555514118396412838363031246500586931718249890364800124276497338436362141518235046825904903501325330790669510006089461024407239505
349 183385337365878841963733468544202682946954409154866122652924511411684483158277195030645213587955252215310842146529612785344116238397128348522700299738932547316789761771205709678425416030491738767601107166066074372495058617671176013689209882369707493926456802952283900569542964754191998532683314787864247228216949259207505888212933393834672955722237427044015040969496782686692487554171567538890674509480478994481076543499632478133888113531197293426811134611154547163777057332796385478911349816886231164889502858885325931153639097264194182068381059239440648530392035408211550366454725147000551963143916453987509701828274069541798576324169714553682741076487445022630654066580052006990647210440447941237567216566417769342478203112612464218882736290719851772602949375632804760109270506496948577197304484188306661746847426654383172218025879622485161150409
350 133592684004215638125398366414567233804202967970784767397873285728846052314927678843420688885732430010526440021222982238022020798099607358047114220667077011256175346695159824396125611914070217808121888629630704257235736739766618255369109743808762719071354904635585779326848585208792937680317529693682499322505475553722508501820975128172916873489722041800943938124736046453545765022007522819030669800022773732350808355332369506064281338618777998965148330646936737593933568277768593820865245122843813135916323736826303052819444118731080202211883474767401231850909889223500316781167536012630182397737785481681180331728338467984092831663218766152600704572207017020035201375143460337240453910886763385779763919013806444717662740274152970272922757804447141087776349731610530618194623599362398188967934812402821860794128359012272167247596890491635047348964849
351 97597750712794120399753667882064732292517590501539607767526373063863304145971295233181049763967041659998024532479943114683155751545332945170722483270930613304303144967204729944281432825531729341427732838200630157982716553069750290589855477588596543558200454175448005246582697386035963599955892335830277290278492755463251052391334739311710645370657877387959291596042736509118275295848226805689180420729666604151729776347141268654077476296725419538637670067469884180531988864066206176529682100055870810522130352717354543585083377310159538924272867253558129342015967913010166591523461116357700198349237075523099986643910842702314231571514137654926428494412274939393986873082257979632130670748289824400000575985035631704396217958396384065019462131741719745252670271958374258211486278147709983818438713015627549429318668141738587959963609114256406836240818725
352 71504353432722201873225205752389681499958132724069161648317821426790990615584173952009695493158438464094943259930659385998438896733276690877392907490960139700492885968247801166809558729981796851037231834708790818997359777712311014815949878013097753768848571184441520993718097238864770463259573586028458303790769173708122052834797989247325950251291063435172157190640245815186986193927877196498981954161169308313071897847417206358638457161401548680674344181151491099986109040586873188295285022144174600597587110017744121352735871893296717694267471039000153298704670436275933099705536938069862426130554341580842204702173158319068753157514601754131252467526361734532807274300262045737723691475446965037742215974686693862377595386720282084399683007964990003037392422799749862268719745792872682946511753060818559424822512591520506961251910492113915271647319027080
353 52536023278332355002483124659443663735798492354520312299952669068565457225267333558262136431595633614381349640887393065327170681151717219642766519847706742094318122900414293446747465393755216244178783783417983409871027626929671611898144304416724763761132468056651858958916647031279033035285504230789261538561857138581477325576770182054519780672702505931945377271538135925463864735189857765447502991647967806264632634364835962839912885654241094311977352725676895269643477740127109851743697949175784369581817048358053609380103889550669612021095653170663137404801092136889397050083425741460977414564664312728109323414030803521661821419634646493880057807436384048971650888300621161421168736472757767983931369395167402329120642719789645381116950647477581742581568563936366545611103802799234626766648019439723807212473840411746524637907203696289987539518767780775180
354 38708866914884381885142287962340602788565280300253958134129344371080130008741689873384528375503323395947323432167485745365377391914134512295205138347896232271632546627455973554248921852192858664501701742034913942900001656420532527437873084269741659605536370607323205885292734417848737477844885081310322153876062957687656448684962856857934584961603765434683460356406999011177325962973884134102348142054712200508898838188652771032983471830047376163034647400180341863677342672949679106225664138363431641157664352980871230582722903807670518251295574242870624106435688594834407446383795588316895432867968990939541906396057456207914405112113628953008342126327949449294792307197693985338347914366254139401803686187513490218336298592526019716730607049294107374383452701163875817494138272573324072298639446140572562988315684478127941120922667603285124566383236649655417976
355 28601499840754493634204478649659670386722330649531927024920527096532251113148970369729625312917848516861004549718402416379160902111831497771791961399156962612084639861936392774301511607641786323106705175246682932300871153005152681973742216294421054149519760203093060775296533750200890813593706264610568804896895074652048867945771097349454903301256168718388773208396692314811327711081238702061080716496232239499082148800693866343928503149396636403428156937350189694782909160494231729722506773636662300705456486414299079004542078416232831131329951170957341444296390887205242812774531099144461464337510533279957883102783826739690337739653628486792178506264579682952354608707361678751061537818630440414518043795097437899075100727990726329778083455509162882135264686924439392257321261468162640426456911921391149536856355648373600249500886520349042582165947002720373501464
356 21192822293843641669976086608320976648107191549730048420337996596886069660301155871535024755775076167397234184552034013192644158198100076615789756543771170230017432399093924089742552900927423048095903092783103454801759288727279100189363566370540882097924491028805268089072596419195846429430424096708411029543831786515692272576237304383475973831467832500051917630071047349759119062331682235114390303450204643154115883442789820170735044428139227102289232954092569858622676109328179666319578197112609736483868680168936403115855613031505902198315733826746127704999908553165846414183978293750809648719817234972724292271729789535252593733197533590837157349000692154072698537838520839822492132761387516955176774776045224546322460459232690609002458625609900913620812538896725119914284052342711435590075832400625335434667554285046677080816414451941732108902473948124040338176458
357 15747332522850521164783991251912625351828343118427455298263465100135154767225676377898270528644727868761755473670273298782696007911986586827532266061371870764436526029447407282415372362139845087341355183099862701798163028154478576220818378092027307367914503506630722283627457828385024143342360292018706606117713288015344015616400509225559045106151634633968695710206648468463507601844366549928091689327586817530016682488491938229836537185227604395322050151716963944853358305537462486833626974767356851144947641960267608743617156227390075030925318336937096865193899395559274179239224846388936888206470967412871489885766449487513011523869740709358317337165503419441865129748388709038544344681205805776557788310802000331413617587066644694524718984191088335468600603914563155318434314277020823102166316389390631172089051205342760739157822372549736731369939798644368916902275506
358 11733835768662415885761175917795830960732083554844426651564825105999832639913274389057471371711498206953929525563507090212463502964022838292261998196829046027580726181080380247698308963769084990441710491241859388686407769767382125734629885462479362499278363280766080035038743174933824206167721370543672781209847725031387460939617726159354377725627211060173762487276796688012385223960549060132246193884006520638701823007117424162152588218502920991118329330392684821478338991308719323863960067037934887591520869654225594712331368895857044256838031203998921623975388138266055450438039908000044535304701711990688615377556998196814073391027610764000056684263141051533215470383739951314012409773451566026315419128050524063575357949622994936372672752275495179832949695458959235362856547683514775934991038467494467148381846395815521515496979379241379841508764464924367142740417014430
359 8767674725518573638366437129979713904050887615440249740856452315190501035127585486649735078392766365242792167159188253098023446523386998024040017280606021900672676479775319714300733852935101825167905301150121357801984495482753473633381443864064783907220380414940883505661916827144785344024310376137344311125701762613488612053648705553168898450589424197219040130845864288517063659686060160578430399251082859949601638605962647307301020852936396069908193227933866345863371463959308509493930271193282447762559958369758014775591442326185581956651614999134912808950734752021161736758297067351467139213537925757176989959843703455782267997718274453946384853891282641974407091093937521688864409877939622442678481597621504956914147500387916212954109074344689461250533344774514902699737190203824484485933017916184872202848494297239444678224955075299880590011452046819198483701144545921722
360 6569569337203593939464034616572402916238451041947549594862820181979263846697747438813340898473871541335590949344219514960354640923298404242098188160826866125245902642193919798812294205406794821874911690606950505176707669404944250778348576129570216408236606522732770395676065508631292495711081510221722372829690068911919402958818845477287282537982839860873498824992440225181789138341020576860220054069325735898829700718570913789898996107498345577002616941802140923862744718349381964806971729774532594533923276501341570243804326782716944844761174307793933866270140190537229307072453349407131236301144040224935008234069443118108392477385206143586602191321403896742807019776324927379449258958267686589106366269211589380970044478474823627183151313727985418634083905368603812099878998116037674509737214757902821760979147711270364589909152608863719313204676024510600880622099419912834738
361 4936215007812932996465374807796359410538196558369200402700869318380355561893527696136173981336039723924449122101612476371970082582177852863087233343562387983484642511676199380766328364401345484862302732224851585119540327856378704839686787807051620404156133492210756417957432244498262885991012776550890338902890950185345123741027366173355331416416610255355085163134336614785144402356993932209165649877132816590197890736685591254640937946045482054422802070911032846484882989142304984710277909816706703292688864522042103346762744347186083122729676043330229151270755688187477142156846365112990891561425666128536542241555306924650519454290987891342894133361593073030308026751031543466703407913212434069821705545765221363348468981868584234886004343659955079292408021432997381731567543618499837785624238255806902586286216974376209493183018977105726839422414270261234961170001388395855418302
362 3719226257173507643390005708027208169689748233242485165424270096848674676709623378177044976451042780499559726694484456600961445825007535282635983948085571949307431057697513759950167156070006762933575393320671909154802872244584230013739941004751711052409374450095236164666771571563378749891827364447615725150093835847967420503191335956081115366183724263890167382441477911610998064207599863307751621673889561106322212169671587832474058285953514067366101229021836221248306542834684633471416460939861980658575396240744745173076500127391693399972624288575446448918827562562753426425317944910329853432409997578161199156870774520844847033004399370506494204662667099665033182570918007583115921238326997656115212375112771787706454129473897527734192698064676737468104896829980853986273424313436286024574365025409392121900187905691912839267734207459341782933850651264234459767565701277620398829346
363 2810018505683675064068992763529664622308962213830646037354781799017347126151868873126955892558540296084153796578737310648364021623644903975299922835824643193795695628486917195500734349004487116090238477302786123059885430329512234732565146644119405988990773742682132706972678328690782331760689849685055486717674566692372174763188587665581204216890218913636354391999963512899659252732407669334080039956357479625487733229618814303749765110527929700209471490594846820075431352209323345703633351456783224051638754414322255360853015835765708680391255423590566567784165748189708366013962398168239946255533508207416958004216510904259671726185866359023604093314304989946342822093416123679987969853454532919058837954246027547651408935284167193726038209337663593530729248724944087365383759177681897773393566271758863499436814684237525688079558347123682989878814488624682679119743877338154458111751850
364 2128925748193424638899911075131258368900196783077230804733084373042006007138717605165294392861046015032091685288215925689714532452576943574264997466316627930400592041392429872557547889553696634770190798570752651716045088182257308007379599547249901486853533908834971533818101679277730037019405268546759879658687358119081814514208818629629521177766190196136359977097653973219322470237963992943792674331652857023931767353031928979503634641054667636965312403650486063103118638846882891483758993613766484497911148500077268621644307754033235558026344908480694388826379137237711521090848559530038275176066596882920735798763164152060533538514604391669483825515607214329001314980310244143177820239749742562752593530588319271217119645092009567158951580244762743144180976217273451042346892155348433931899533851519615068080821624092906612474983926984370355798797631783686512172999058174733724335305527732
365 1617347438754621587745760449839760342090911947522280533159308643538301235329361679641793038334756419484173262595972901525082706546641479094514224224434435318917762145709294800858568693828059933838862311534200746829310246845067060946477412277595846711501181826199858036127559703271866499195762368880897377861447062353017160846232438970695865022091081781284754658522489365766466226439240628262899478784649964015627564270882027521991572949097213060968447490672545008728897550196930110408395543316539789110424588079246309550423880631782739900319145590160641618661807310115154348067524336960619621916849564180368971993742091915745117610774398972134170377680422568406721326234023477563271779340108648673873089420863367546307172386205012060210583199321567857122514805729920696274921568519360474969431487782632773403738007859157060960489160610268695400672778278942363868009647107978120614858694657007156
366 1232067074858556628053020778536329070528388355105603924299224831861949582455001229454040382294694872142932924931381508307793059092532556536578207492765915979848590387040876568896384272486046772294446592018320640842450322135539920928559939405909956147797698045220330177908516944578967969872497635674412170119339685567650445876698876429220617120502325432913738497909214356248094235651874000645935702031363838825761914538579312780040760763152193118031085668539402099967220320461318848995480417484850480445005774318685669034314484788564967640439154789713683210339717833482421238661542768007739208632257543262606279313534875051251623915680734115687438262875527593974663960660861194256437332099221253368442369585451391632009389074223157622581076125099559521455541013792386608669611858469863558413632604024748140332543777120939826900276133173305996258467986380421305253907059657242053823703997158309944432
367 941131593394171264082722228452717105977969670229050825035905129610355360311915679216153722595438731505804751905609924411086830347053747442750632556194791002384068909038495823587185887787720474443687543530141097502699712760227125190323346098172720599715374027834310480910467321819382693594498246910557861876442280043624859824952805879012464425214863666803148099284233958641827060846603320993970603421084157086702303476849181306232864269712459998403675030732604309804469107778767523072045211154623405465988608373495235461856725058385313186207936387284488598148777973318571719894957965239038138760413809147367806750717814806009719208483215362784114468390007471119204489241650719236659276677867175603065579593005834712537618723478359341092745928643550574378892477996682388936798155418037418367127143962806128560130012470279132645427721525966441086013850262690909718906884348365309689690611252271670044772
368 720855312407470889863738668888787325067677944197465724217445589231947153526512402269567671941837874736193327376527969600436187312677960420743962476920630869371147417143087238316949770284164637495556036552949338533194562177561986985493170486719998001761070133033083827357356861413121728977683329724154288016472013699073914165901972079940271219588660578425893949244364856318940816246155662449400033531733382110479813841614990172951138724487701945524770469868382877292710941897845268882540822872382215229293495375410943731956814579540748125546274498232437981275110499560279239057612038966673826130042368701022020275062084438191055695063237894070295254252125244927929115085101713806790370342340120590845200266954930618927835002768293682456341536915145751119434374637898537101064604356672217677232544316328885978397608461811297764723785650909683006092489552657468692701311901406398569384282245295400459853748
369 553636095134749574003672349753743332779979118480056586211924778251704999581727152449804388026780038228562601018672447836814169630098067243579303388364355971683862952075566740278903302460047049676831968181961590553490742303429805493998537438757706213322105853521497248337346786264456566550544402942513719069713525449805787408490222675843968483546153627392382982335202569645765555108075613470783178330243687236046476963982965361828191736882925620221609478638302014560479496016362332598955125611150053297114692403557703323885888141498609173682886265548733787160428541866700999512595185661492273561575926843428436913811071967583512156128677750410580156840605416876790930830089229579406071845851365141982253661104429136139151843232500444551019683846358734111530473263425745941613857218964837255948708260847638452564902476018242800630852062855512822971723031651789197899831693992473055245631991672253062893426984
370 426359597585052254925642400115544970879950153624346747039818270268426671265624236243755437865039859279251997226100595110863672823343738694737743521184389830139779998052183480697326901521765083429781396500445858358440613824586944417064960556944843837508441148708305036212383637595292217184055658696373135181307735918338712996851959041467494548938407159104592987401363318537921331329953968866197243013124661228969268306984321333459119662507592824376095043375151405243725155754724020067243605741430780673240649142471237152408206712388731571636668649299331420853053447831964478814108895139329422085580523452413164879565071864901031164134827948236034505527923123948201279620385878708709783637185704166391387976499907022585996924226367642042553369348637973530512949888880922659445069686695773149578844136065304570103037283643663864905075771479793073189963206790647421640749284854189641350695980979106400949543219100
371 329230355842913259830894102392790405116922861523324455752127711202182399394674217345270059966760495572931037560476748677526348874511768530124491249019421176002588461821427194523513751670134726391970997365111641099995371623340512519216034337688666572334198129479393178480894212149083912881544537349379108758031248022647058083609091555597880556741740520757725483840387354806335663700669967228370952602100803178673439933273793507015935324462810517310140726079448716323346686286391869442282328960518679398742546863342815113689715711210026865904193790562152139160401748196201036377900911534399166035289835295071693583065026708644236102325342418808547728059170498872701870720486670985867470917188110119304668685991180344866073991813738193845204251353760637510775672236454274975148644099816334464481234148868691246958333185006419634708223899135723781115694577334858523688634527918098422814834785509323875877223627751748
372 254913434825137359826453254652991347630989876207456147263568206147885151910838000289724526224340802986698560608364110014485106516863061995513589976122623846567450279401121400171264304055580841606690690250027589763965247589570384953308688630084203701230957274994386262333090500465552940546361216636741187693546506096839979446515178516954154284198171560333324375677615077212309291878755417546139808788017134300852106116411659378104744519225595836374652333866766201146320959799346801796575780540753016584625355252497723756005416275535864468278774169273191513669283097477175953424301518992793783124593591673200974821108632379524627910154420915902692512738227888539137194813446511579382044516217540593564265678757324904017747642145913120360637726783331089633548267379553245756033289670531232908227649474854678992696256479628133124728617733670691280111292682014743930172852339706477715661408811556588961190740524026326164
373 197902584477492342391277208572739198083811447521190711333746035721519470663991479060697153536992179411252528678340348824426338794303558762913325019649778315380904524502413183922337698709774024748132372473788052510918977374040989788575312782480453550859543512701180540390026244793006527690512209874483568880845572745690737510595846279139863757312907545424499803979662880559616320956015673705006847918093857897205640779484487161163659750863938152897981670479249818136679954036039908339014152155565179831678236860178924907454592065007944083908612515952239323097161274495607984072593288749686904754556677118847472520787851799434019645271548421276107796714645777209888989881175124188283790775285720861518321159100996131098110322749620603059608866042503925285753123622582479174848863104066023221016344352407734118305063554331851114088210587762348065046713587997772825291194150940550398148461225900010185919959835283507067252
374 154053997694098346125409743895196179883202408864454740034367496685615368042122578958168588891552837498671273644187889176317265836545420566247320553566849693559753876596697325861361088627665089389607340947703598677159780436633806412594002962691464565779152167618409160917797493004776980013580666101531481327525246357416576053269598530572194353960317653260454990649103626099068460304714130489756106789815882630801406284242844240309699554080405594518302665910134125743274998039674169500691430561417758751028948762807980767425249498910181051207299759344533691625339665388148329496618954111205917573518503257629785026590027743144456761149506336362834449844033277064333858598621463655294637800444976900454793815362512869847368072644089953690991226298531459224157741609152982424375403881227759481989893528040533223979045840259004396393180445348520505105493541368656025685636314368848141023301657527136423930437074440751715017700
375 120241432255230571070768720319947765609723241147682054627110683490309434381240110129012054577127317059638694946662733083116154878524316734108610831826904958609405286618825355815453368218520846300856358214647887306942766619628639678889122852377202827516378317405291591230761406834485446413261877367008562418664341516863858117325245733442740802246925442720493773541996431256993496414675121760105351946666243267586241037244354137444868776755623412336412490737493805072090785977278329358239693415467692226569955434656628281867261550446785551002410068170217350271742273985059594680430669612133193148565272241006543050024917391660186783947922563928045985675814783928295595701663159525629529561493726498983671563575984869357033462904100326660940446057602732529483462469218632029133137161626688818173437691452042666107533168011488520270046289864045797198252380908303094007010463503243596763946642268199187560552680235021695623260376
376 94100489266922173753167031118711422506917675046766306708836625894820850731259061150691509900244495158241697488234592450702479173865831381856768228105830018658057227451189435853510526743522607249447660632731952396487072824919518702284194362865487524317077789481515788432295277591044635496390781534546283137912823135860960767010933160551387489369933395103495113250161171561892621537964608501709048561614399138919129614037858197327660406708941373460964691230991112999264716979006761344718062094113203233920663176928936261067228513217439421557219657920118283586713531877900502290110475788552174834987312494036265115306777964183563065095642709273170802259465791893216199124484944372399823806869778725550560312025206469835787510676355972634550889791684860322991071917419606938695549753363034041495635453100413254948651623514017434457728604082617464609075892512222489025688265352309059412653056830766029524213471757027775244851976791
377 73838543805866440409457955580123898312831125245585855076964134119753158473545295190922291884369330969774079161348545052307747767359808288496721358293368169304317032840519342687642764224401690094631182119775303716578868212565934319183370880149908999956024212809547038714238090373134084138981688766636342005739192964651587187340702332443130188727956369857835266817798928862338862500742271218713456422211015853506627375325349871146842227114602082368194106651430394951437766947414038291823159892186478045223155442908418489023980183160799659419694316891302483477466240169659564524619875928470252380024401171021395644478908706387190310383650272100804300935650691355486960465601778743806717922661521546155771952868054444265997665027256586255708581682501873937604021589247179407534481297611527825008473341357349779558279566727364141215489413216646881477747412534070735811451208340516605699947537651246698532225344471523967006109118615367
378 58093134524632356362409277273127076178622022956251321392192829643293809206601251038651005075913658276543378675699812770628424309198088485917629815658526486665309652861472974561355892714877983973367207523869740746114851340434152317738578801875288542137870239770577856491643648215669594873132569435306782549046936948102507903254774925076776021756069289610232451525785609642795143126626362191300684094319405003001351766230481358834526228471534312964369656385151655978854568752279877268478633403234352687142793665937293665378818507588617292184072389460344393268952559234999830343661899709392586948507907653150214705731901716777400133847540731146252970065703023196506307795421185135796142534297323090694451518788512756423251444500683737176909647057293789200806756675998575426423836394587711362388752044831800740654201938390192413826471551126902054112157297186608973898315301607671443292894420111650470576860419894991762608929743137308533
379 45826206015894708210180984582015116407874766964754263397503712645645160209512058692639315040920611769831833226391649314346464871278206151442047917331354621706537038649848810907883146599572206529875272527177468619703417215391221934542412800441140783029760955609674939695254477148993533431183165600471869668391121210005061145551417861521177930544826459654703025649844951579850622678654793264527547365257466860583792057623948771965443277622666896996253139157227973663708172575022869280913136892415743675895265762763038743972074218301034814357667569011111531631445842388085960636759259456633078791918588493334544896639071175000867732587770020178045585911064869982072974398405808168171828849031135220062185848167557081366053375925635223847986648244256285818639102990199451848967853741733786885430740077363872552804535934950297411572643690945177494586797664333640688580909117679766771872675378877550925373077730093242537356247805550908841025
380 36244939443317378934799698144169951873734910163442283380051227025669755059978527948899423015013569257205170558384425509900746856526473959709591882426396837156258825520960446783868205535494635321215641428095624641161284856144908488039328405264055425894017783237997987217574542775221763402519615372076339493148009059101728749045485236839657467791719909291513048705629303837343281634683780748968363468257392241384871514399977545609975708629086260847969956472800395999375998723227478522191182550996005749679278838519144163344859559875300374327133420531603419827929098255060238973861208234909929069122285220290569859476000662104160772646505223629459226861174685720254067691443942922352977148800480968728491957979324513901369599473163001488063891423786143296166168412170870377189787393498714270125434167269881273729262881855662963142510328491955601249585300081809797750709976370568715106638485360503759126952639197228136981553732754085237764900
381 28742347027229757445904828043570236605509021918806982092726483666017613338190309580931346397377392879016133227700006201106483877317185811779899084887001106085064278417158505283960756625349639747688532568485839463859279635473849964285707838913122590860637903572686150311257618052007557595866420020456456118132948568091931490573712900288707252505951865037207547346431532570722076519836863352012558389857973935479752448983968613659264963511150611329437592600692653017373480840395898951272188312359627310476291143527654363786326526586289972705762167432967052862624033285940027186228052739546287702225476961223657713407423692730423368373443980925217704399804788224020976842143368112479769671670915232407497065942281785424309338143447560797227909040506566466524491733376033098548032197394551337017589760292879496329105186526598204237146619970648065777756317645296654112200758577304483635893029583266547703295637681113242844936136631337948142595964
382 22852591780870613556486518125532034891081472104517913373081495015490481033048040143759716623339741098423281395381120931638105989465448999095593422534341232638073779039962471435785642421158935897608782968833127835637271948889053575318502584147348894907287354277170057594060919705287068269237306226308606432674750622478421405825372156152934790364898985824018569163960450201926315515432780011691468537508389226694183803478010348094363584636207187171199270430019190758554437121920092815753242907036816443661904282783131155253884322745456312315955476814399211146666284850959443833396892276810553707894416197912647920730627346175646035180395598483759139319239167117882775763152588993213441983761184024679585926981654884646326501935766647025009514133171410289688988541298782941381448006560981552768919418487681982636588121778910642987231780044913227368647678733644235506116331788807009522021833127962980884360160253096995965053617373658207589058550284
383 18217303844956590055947964876347698824336167539645017378586037981948607209557348375531888226950323319586238166956316310298421419320901954126864225439701951904605297227201974065058095068420299701005871723549387717780307913052418495868471775809247329484964404992248638993103668834160252508708644741559366393539880448648690933108390704035817341978505357471505282139420297554537284705498469374460366566669992191973756520350145915777233723154296939735618460579233622178558863244661019532207097922577705161381835654457054820610571857448651851420332736414212591083483238357069222763574866098356222293711580010438466298499685321732199340247794543722366969906713277224621803734910776205907611927962342582742387936661359168182993611359792379318218941176064910565498340925047970448563236620829903454362885478516257360573071453144885389756840662138019380030353498800019970131953091119683617880829521923471965955757108429372419994117421169029347321458530449056
384 14560127846305849359821418822106267516450545291463692467874383427555411180385610825798093656795282119802752669124651121334553913436954290124545582617481047593378380114055451351453964218511297564100778266880550013308587922339089420915234798414001332374994640117795494339238138476103391188930961521982534296750447614390754376375955162950159162516342284702370569948655556957102648815837821414622802282308945573864024569197815103877429249473162797934820398611505587528489020289165489789950927625460018999501972860941665940026683828969832945224657921926860347060084593787332105997875098967166727470330989410766864034126626502276067938503019949092999283662854069642995367596801949976979400754668665779019805574495297245445949097715171729294918396106135773784597865279551476067683832456104237513627026241300057191582565393130493929072514398204327497049150251938425377074991958430577048976063049772928869217781608886895108441616090742180822994597940875659810
385 11667445362584638993236078868855963344134835770373950134927212517072571105004557612591765162259564739073325325726987269897993274260843446878273668409162224031261710460876804427117937870469748235855088774108330185635472756231255621170950249998360035784388745177056984503045075164653076549219676546972048525958841017627062731348383161922724254689909035892374924489886962395108827516135643652768250839655332141735411297845628115337324904879958458390980695394898703866233516853223113450608222622447432731416617531986876131506498303206140228187934993428032628224859727951952099559440894389673434677950336209661163423429451015478145184403456137191558783156297648212671428774084432933924786736931692734834006945028188991970216800442080343201410486471382354886375683051932608244159836642139177957540768425882425445233701366929265626689077965235548978865123578472438818838585827296239872580246619371015845333804951856761289278960027223834143934454830687810104374
386 9373740670790176124302139509292187875660598828796919736857078796767821165221301729975260585634504850638162797197232183545923801667753173207409540007417991752151871190489075995008036723817171128088899924970759669581628240481849241963987904709114414882914326518064762114051100367918992425528589607599847701444727395864893385675294527028629896071801019613855339604785130264633392465032459623720696561788629983563647681197980501719457813018506633622203307691971849408458590600497517151920599502518246751787460993506018034187423338660966845316515967032269590718197166118695607073962996384054843430375286981328667895882921187827928527269061875683152140172615465166151334217209798266565029128939078342687313916683021376971327482641279424905347728073518527975525626495324328100143773653231594841016662742945753236738756352804188549545618331381910176684999884917413118783137806249053159011474470426660490384255244246774756722780484993950715320056545366383740434850
387 7550465878523341936141424994958256794065741744726116764552798076711558737142115594396476359397750582341225833310194643618967388288626246150889418011141990136054904425924238590819839225973691437569350468666528113384514945073420801735851584942929551698713191815016636869615011473097918685285677051461636931820337609023078178801064699621950720475438938959908589474726695001295327201675470833717794337563272921550570436218075849013452684783887695861601466010290133936588421539126835104181416169797419499853044423957710702537361176692358165042972522605232937534243599956833057396539669541345076202513398409550095059912009627930374550604534456618235756846981723332477224977660485689986580156827197747979907340603819439480835560956071951554630130632120438954796300576158857992780738049176348391000321801222820596167843423045826173745847729053255235654041537578008429635918861975893062380498533351122223877999765272182420190583286872391079065653459697952541910236634
388 6097549305576127120943314495157166078894934165097525500714255163848060113650780426017964226130842554756606740463273487248602676264333493478161032184039059875789393227067990768106915590575746059466629751003009091904817453922387177342951251701231826958393781192195960311064595455473156526495183709987892530481214755842847199560896202349765626204682734634887320797933260353478315854383544372932262412314315783952190306575723754871453544774346496349301524595937569768321550294430358538001594159463399972601999625828782477173104855819477501137318268085197548506698759082877816787099666017353169289718277639063745129645695086228130136251255194997187097098276754652524381982044094085717680302314253961811884682690015135454735883190552725670980250456594539368408218157897955268018327208341512421160283958646134663415729606781883918950117450948992374535651617851188510872975530963541265094795900525056434318797327545607987825502644632467417082431628665580995625785543442
389 4936904929237580622951384991272437814282722893678485456875298616316092913584969838400010795125498702368902349184593259449764396955740716619026979103905278105736569506904308586692158486992865277019874884552471368694426457479471986947345732757585689192973629133510583778194282099339451700528884997310991287176490881512746183083126357555274281256677964334987318195449446796685029101956505578441852899001965183721355016577170186737639269886729010546552596263384631079673889199185155060427386505943519640143939863272066832049641497783183235403728239025273229171797895296856851333357968110405172252692492152121253607082558029092260531253075046765012480637874386368530093764765642071329507927866009528011818549492223326391881930508856183142377501241113488032144274143829699619124376395955781470417300406744298716207872966061656729370222938413588323341832049171962255821429069199548376348074777806766168781993326269522986864507904579729294894012440134714148515640459290034
390 4007460118755682557924510190034823435675282050504063317862905344837950260917549205458920136307601225370060964727406132256540185848153764034911677439392569819294733746840585486585329246420598170055214369817071635273203140169206640634063769601521198990290401802219974717637456690843116877203111895774174958353867055389371407721202648530114259601940897629889500854712527654044653079503584483563269603434389247108662366715932070663879344588582188925251061025764729225823211525099412441750926910030458394496877831866070609899135111201834831940395376255268209114758209088864656912324339259603226641041300452540300669470950397212477735678797755733478549655431374312109942539950257550153800813108492292392173570937953431633653372040954577642788370024974831404952250417225633431111885648861756762367962310400852298572784124579562402627710444573164043884150497751542801188319757207890824113981703428187488159160835691164780217579759191964993828399540070496661250622992913775130
391 3261337923568128406138751203999036081620104620577508399241156874133706044187128747459352698941376223744837002989798883694251479416190988571888306440722162335156306425900269183217548650811094899186617065096165059123901156833005858774148229813102378536322115036673586593935905224685399702730410854282203052043569479916926944427543174949473085188743165597067639683740825373934360441385196154198218543040762020642722225741606276769803992256072407917405745811104777362114357855836980048618257179028322930780420370151465193644952429058798638784639504528604975285464038519551266080406715162046682729491831575482210259906284653562732850975465608727624420135353582654489759766181914799314344311974465838366311055016877512360401242560450758211131720068835802828472828991226237691792953995214949168145452998293044855028993470562924785900704975844887297851007807976171227445003836983767940185502744911477237032601087562273268052008578114650663354984708126514440899215957918137833670
392 2660919265105887476038162916706621375740643922943460083948974248910627899292600395190658178818586160990609460949290095642434422692003394563486161258832727175919539098250554298599619749600954767398508610968353693574008085385347367098102571134621214015283402739378264758286818132739170016997488119446580763065326760641324394242910289757921848561295769773571723734465612966711385993629546829931715362208767896315382602252925049794666436239629453442337527416885613355808953882013832161445817311911778552048405021116576635633016627239817990500683998745712416377360278251597767622527669889624580099503494713111488454385135436122260172416401488046023894431832148962856315157448352094215109403775074281649159015698191972392859355600651981778043116761564035991401048185066070504377790644426986905141779362862236988312421141098972636026836768843988969335606520102658823659665604083710320832584881593543617186538936513339192543779629462971148865346442224444435159291469128561137892882
393 2176577195297070287393173794024072200126688127351990244906383092926159250956597042611161175251325840656580734748507708944385662414776763642381541082011537727738936676390017063612122224034348993165406818591315908821616048654201219017487258981261049934992042083973000462268072132625376056318659054377534856325449857093394820134779155579090017009306611035083904728722326574022782711309768048933380470540346684444602838130843654838388209211787942544101420171964803549496545313270677573701243446013262386063878521753714327570897671976815642502172259140585971501493003374769468228803103568282784862433148876676396874491896428386387681026162046421461664308606869616059586217429526628902896171964134014383978164759680148093006372123395166643884223464042654610666571425678659805296834421572496735169504355879839863276268781272705780943717917344339695442941134184284205800021037927002516443322870022890727255932636206505297880954590374888340532886580478266049872527853678812801817860014
394 1784925602706641765795855386283719000386837479326990604704813480844155231346484374202344358500515576985258028336190731284966619239239455032403028125310417691224207288483673477609082696679779969064735142656224137215609745508808281552829832880465985669805412538696495407419365374415413043428564912533263552755183899128721292399065874119039035722791412182351133724767079046188985696804657810419495441640959671785488435989939407336762941278753586818385001424253300130486860666695800630525617006184984390984970729347580869161370073732537587523729144442636722782930463709214434370811208929660534787165717508241822011957718556559955802882326442784702960278534661002404914493184771551397080170276112034842858865753490057792420753723054091261177868677968345821608401030734117693975428000818432678991098790634702842664084694098208877314711224251497579988593340775133765416088743484769038382817542865504819631246322393547498059110850660155587312935929923989693703241559552856085065875912730
395 1467462572748848486206342416360902590018447921624178391508860396046012865890269874302642758228742167530738125664185850846987039326802962022849820143765885836788620284782417762490907353650309893704814098234355165492011385379706316543983274118247366320035764456546629914513747724163408165942010505172614928558058162582705683058505142483058619692674408751278847389510315130808189032140141587972111743212258872222718421121411968328591707123722536092761190710706731050062075550946393753429253302829635663309541481138046979519938701348603652537120742633069148672779703237630548530972696561509133314585814305834840294139318011564176147663938294351268976491029765602318994590019825733405431887157389955864239967384021370275786617667434289471175314574475537275518135455222057493114234399268088630846300574595665518802974186967454997290034285888271385592853043370303263845702976556017847711231461526558445351459976036845230435805795592461733226381305100412013175694180010988887607602364359938
396 1209517160574321936259297547241047688164917555641417267832818292594391804009676817906094072672127595463214079387376759778010730437985518155799873918395364334322707939675973788130560809631550059974064859639346321092727069332400851196867366869623325230610662536695393170875600324025127050028721470133006412737644243520487581217762954970928413379778524876003926827238940549143973651158216179110788665599060927795476183703625387181681480182632382805123409203808619105419418628787201643292487762128704820567284385150297373808150392132926214466628422981372012988022182902740225150288881161072413320386175512804915279287356875196444444456086039873532993709614336842800940431921539481658798148753309104408260344761137027711060286039723335706559719543293999536799795167734093940235962590458209145783444347952043754577831979004190868619373046385599972549637668605230407096018032736162183489851209940678302760144833150705621315899839620733851709130302736568670268362043756371640032627814800213468
397 999429933354025561939388486907836316064457660339712526562370721024528785579297385489779380925140520944454295546165434802425919853348610871215223281435006800780864228624688462722771298791443900243201965128575462783245104541037006322361156728039444102009378031252470997683233543105307351543506878020880384851776458049302213734076864450548616297710524676308674770755356106070550336239871946468158869982647582049775754384454160593088339376507383042077498714256096087571278427966298850142668597687273513059479402096020807163562102902752446062700507431491864144962940628522577254759694846200123461204858140130714835889401799569769592117893212987678703748786035444195975239667049263242730265134698817530787402245346882148910846563327108033677197546594443005068383121191445487933911273184182163470113928515796573931785797312023397689100071370721353235295504485723412561320726599068243996890809518700253535854849871148253451142212394456013780975340053566262751246368517158856586208258495247000076
398 827914011014603359540843409053134333059012495831160582970832265000840241672121572353361223121310013665553620122914275463187678871207235614089715998067654496946724535509910262243922010088302400860304159121882670055112979886375632158478452319744456794952148240456262826273362399376261332165764475457115072111677287927216525213171026664938211895570783217034492672931070444205356328252284083396810368515443590006817947241371383419489687279752002591828198927812138243229664369461705459330413488936364602676492354240423400736318237393146224207655574936496966683802052822890033092365815639317265187113851202186937473215556219424022248949960404062171313224523757529343806502612592339670962061238449505688383409361326746981884505694736885950595000040686846137088110393221442701965165304224658772937998245276846029680536684173277732032567397333584176411682792718615711561532421690265302051712621657174655000905774498338326711345105643214604232583394345059404785910730157781124083246685235350948449752
399 687555771546721360316806085197320572162891248927528414873075988271010458744863377025100634188365451148096497648869690613844189920333399114667734643688237177424492136142079727430088592567087170750704428156800670426764271897067721079685656474329342920713469343563031340484500427673201261659927559050499813431686090656159355792950663176709284624723618647928944681960920638416548842322177056154128645279544847271307359083572124274139684166214676916166448764148523571905212610398637825580028074687998689472393149425709661375031008568479797451599955460724547752300408319287832748534459308732836346863262301213347086678724949708387489128213792518410138306564508032183496922901579922065598878222129719172429533374163703801853658571862992778624351614881114311282570699911083906099635142420709117471079099440233717820654583988885199021374675252592473628700905203401335325675202895163605242786521134130523846104674084861714041122507462483656471084593413067165382706803891507388182836468839417810771087228
400 572423854465099066288007940038916993205015601887110443538961854358415411743297641954502995886360563313821185263252130088598734127301449279234089634911434709042303703855338975484414483646869022268869529339308815404636897874294948933322829014891755505614943394362258087181398726698350155962288930497325725217704575642459274792936845431492157007734742328490861091544526752233155586870420210126636395217383098937051139517114688477707982522064108142991589732152631662178062993412346188567748526006425683535551890467076830999125898756020058832873652466245831286611618647815887456219143680051069194590512477910236115323431979359504129486601492801823565373039174528044252117758106026721440827318285789508591285278898892582015003292404474790236468371937186380243096953680647961707784126336178698621211473855163906465175935232185442364733880048789551211605294056132079979803155037865333697744598230808004762881941142317210589147030230726861395935612179698998547102299808643271830766552572266108686938545249
