# Independently generated with code/series_tools.py
# n a(n), for 1 <= n <= 400
1 1
2 1
3 11
4 201
5 4721
6 129671
7 3976201
8 132554541
9 4724742051
10 178052854981
11 7038323735281
12 290148008603631
13 12419333556374881
14 550091361259038561
15 25145997103468438771
16 1183773515790240935841
17 57289367885575671008761
18 2846138707414273744227111
19 144972933910530413441182881
20 7563413543526660513222998901
21 403796137561353734224615253851
22 22043592089546016388600191115381
23 1229645859126826019483174813374721
24 70046757466365974604419497139568271
25 4072529171764619773141146134095382801
26 241538666005987085301983885665281877601
27 14606627323285296072962039901568970273451
28 900247752471811459718234735875268983693641
29 56525195821021453996774325392228583295207041
30 3614252562106599890319435565645531561100292951
31 235248967328980426049568205532363167798659842121
32 15581636449840673915665048940965213867563015746781
33 1049841928544497447387434467096865187288051161931171
34 71930838889632083860676736409971943622922966876976501
35 5010101940921322297588358175895666224317249341109691921
36 354635924256513548403927703669187837531527942237295039711
37 25503071159924067797221190740101976732609253873324819260401
38 1862725391635806308592247429723045794279479292304544505668321
39 138142957315025175510031067781977513676313922900359918646785651
40 10399512932447721383954845331562376960884498858097726403276215521
41 794485604119855871118130695970192514432697832573076672696414431401
42 61579455512862142902146483718167919401926705619771183061035581873111
43 4841209389411371659981616900720482321478230220306875977675680608900321
44 385953384177624748596094189772746832180771133609950973478209434274629701
45 31194409718443023435861553153567594277631079686859282184658878602809442811
46 2555528323828894210276108013547961640732454180770317356847599732268314764581
47 212153749255654651920531357832708947582991962814222143154980778382385664951041
48 17844064509371937031000260034089067275979411307613474520030989093588931171727071
49 1520266372722995469165467905108583669069171487949802469712843343495136160602953441
50 131171924150476979305468944889271309873848205753244084032541587761530025957013933761
51 11459678747388809573719401876589534000497178764614480238587205414289411338405465274251
52 1013519030347256060225058608277874774369788199623239383551253574223779509801373180486281
53 90727562539106759717616836175214095286055829007453957286323576929116045623075238523353361
54 8218957285719645817375974018305938684757185220860775344271090074159290386100800042396599911
55 753336213370345299599125685653713546843473036040269668085416827841559916156464136642804203081
56 69852546537969307296881977155965627121885695686423529496264645308932416179312760739906843759501
57 6551271706094994290386028040333288789562855976561289364239717104148364619396324348850400768414691
58 621369053274887245502767352203497104499430664768020122476008968403457439473428247918609233170934501
59 59591846117541198659084877934934719663983511172941171731776596447616843399186547366974238796114654641
60 5777921973436388728380021312338441225454066240886529747161213439159046684778702479986855931981990568591
61 566291808124071166225437473264282742944083192842903983611245761926804685570515938324474639148869918029761
62 56095821568335262389017385739614026118516498589331717945657269554268901710365413414462786348902921538529761
63 5615414988438459362022211071400068300985138142669095475826307558707373688313086323792880710354597007083584051
64 567983032507032603885335992276975671095696001136607057098650323764139435370247936580925796891532674410949177441
65 58040826781543366289968083238286218645553473255070468585228385552390634679118878816945741890664889104461271470681
66 5991292978121091034450454698341606692196403385900401526551654264205719296749501452776870767596801808635463365735111
67 624657100774648137784257680202446644822274955792119928389733177856027096037606495720889994730550599237716084008929121
68 65772406170416859953597136546412092639011916072385529248028156594088041606350137028987024942727602374395603680643294101
69 6993181095996002447487825646153409348887816858901417441028923646316903365182953122093007107301907222534119763396079763931
70 750730642203248227472630508010668787372172570351401178542569484135327720342059993581765721131127363570748281200994033921301
71 81362141679833654483449139012094091808877257105231227234788897065247745343945050202109911997770554595231620388087809710309121
72 8901048575840301017014061525335192927093696667531410923415625472134830758468633904892098891036682487000746706911600211396301551
73 982863885777780672917325422528495696064351287662489157869317195039531187547078687729433487043976914631121733997872187481178441841
74 109529957612599001331805896717428338440803878340220602586123907916534747204456586650485236478384455571669799163447861543330177765921
75 12317278986820525638365815175623711473331687367054551688924987973279728892235283274440821300646316393539107872925474089643788405619371
76 1397638815776711507569367981904465718380035675652260320177546721742687222063154483475151661335601702039816534326844365338745056451647881
77 160003848718438694509149440429041408172373289825681433423100052022592903525037820500249239633810817017968616651962656852545738898290645281
78 18479028761745506351430889633545236459739501284772960604362905044612477734314284258027977898483150831574730319987905897802745613601004160951
79 2152781471299650010916703334550803718688785886684595400146639539380729547947849392808160947949376951813913311356557504414076564315651172535561
80 252960431591889958806952113981996093893717374197090154429058713470677136200342462551446088908349628214386418268286112830239831803470919593159741
81 29977657419322401510221599581735102808491940570475552068067672470566040477824291672325723697675968689502171636478587974369874397396685723350638691
82 3582586531909504191634220610442409311567180822864307233079378544131398416147121441029616485822424580466766159254563726715143763597196983685643996181
83 431729613237395899660816000793055284414951247698813796344954580803075753720609837836065068991388470356942798590617340169668228616532848950802096819921
84 52457329931236728622020538869785899248649988833698530687071237542095898493606871837199161629984769717315409539731518184509465261730328412365879880337151
85 6426041345809072789734898689385430991560980319812202724612866055152461455692979932874253147979191534191105391110942468978660515065146461989325570324420561
86 793575730405402133903126196361905027902440151048345291309531203592889788112693899783445638795058734056200147878648378876138596923140794940200951759878535521
87 98788415075096911661723468782189263027373732483244607814608192680026936463137685188204060634672535371997172658547251827394710237829091088929896905494940211251
88 12395452351991775537180843597563437410879834024188981413453664781833863654586861739236886052830874604419004647524669218275029064002366423682623948050406516229921
89 1567559669316011135066152580449770915410561397957255029263206538466434855037250106043354652895477911583646208689809732728444459698459793146478300806956226104223241
90 199782935566595086488881041598492700405336377422048062969808877965187035245377353826414063284451814116621895652040181746612111778304812242569969501752654918528552951
91 25658615016016691900982125374462844709062813680612742767659629296682681866458417713180494736542244705381877956725731023020316914023081225370322947165304063089678766881
92 3320603806410539092415545087320152946421393122150002301461971881552753365223451897426064233740969518323385778065497144541583548637541863182545563332130440005280407964261
93 432991189976120723593308908512036287003350611364147734864946681876094987244782391414311341982971205283756713209127692731392246997251079469829107505100070053821892593551611
94 56883839794065605505732075123267080375058414908712645914522827614934263362642743546769917156992499485750097509961795264810066411293317352068615934520444768731368541973362501
95 7528645689800387096093592156739870899102390259337277896792781569721832544828027591441120698266292901166770467015951475934700234879091118344591021329265710868997672264318266881
96 1003768900374305410270312306348523275755228285304011051018087264413911548305038969581622097742890333507952600076145267629191082939200348346781686542289647396582974419464053550271
97 134806515177746452245004981007705778999523380295298675400645924974117218958165332930490253377780946964798594003075802926840347164259835484649300273728275212630541539709114926681281
98 18235604487687321977346390443366566274101597242040314856972048190753040230991766334132311276185074872046074342646838750542222093948978804341119747646478475904016397096573588287379841
99 2484471128843501162017311350664371736009071456196394514093439402088874773402511659414296230165364185591826356169591458156570733894514861010342973821148936966434931677183342324663347211
100 340898520621720791969984597837561204930684228558404823978690398187508530380012910746987495191271893510956828873814486222621258496446128264833083807540907056384521503950014782862175058761
101 47104998459815175321429600938175613398812455597912687860738730544614565594134868275056367490630055921960227530399155373650912568589880076824168834366766342485625741077249523246475709949361
102 6554406851992344249187838866858782240122506782109359215550193427093949379710337547681521036115497103498008645429456796051879071083260367208736250368779988710315201936991422843171442687302471
103 918329606334704381230568097181331250173275360988991279245883951100383848760066564502462557025942470270867073826314726926920938349692726894989940327909682879414645843383090566804083213839221641
104 129549956061089428992171387358007706858626556192389969584961974859880438962562975923608586300469276606769350447341065449973702069855083533377980529141115032580586703959382694546582664477198807021
105 18400286501079333793167555446516609507496399790566022829902194388987866709712273547982415919196548754321332035124441514927077367273423943201961275189428591606612825528196952531926097418771262720291
106 2631092330365021495474891886314062409692598615737036658627838654686847406011992224629202507867799903373966702076364655645494990428341006407454069019240491494918279030571702012570247199279476009148421
107 378745731321632041619359885940074429684898676163267102352041255736152562695647286759200076379381117903834902105177609599876518930999633202251574148488659018196511340258297239290461628740453086503024241
108 54882757731934128723150873512707280153185955427848239314434537189546840241453539937264824556389947040824818451027584420019467448572294255766983455419560361435537093841018811185071363490345886208800149551
109 8005295726984179495422085057088528191512578157648395162673390657994081758823945072436321882719753267673280842901752562750302818439511755413737162648512916614566717686868759822641183596351734390453960930081
110 1175301377199192741084125912895833995498490320608208151671988195244341869374695827670030022309772378422744353337898333233825457462262733687792083263217117420662983324869955986864403075261372160661906757369441
111 173671688232102054641257882695328068378796068876576327059137554623002063157221203560581960341259515603856888002758965101920618915914282206655435743448194096404200600852006701789912335889824876097724544743008371
112 25828226702279143635642799823778911299315533534549925718062508592674438789676478534036979874575569493472552673804887086051654814678259462533092550415926172518753384668906158684634588964554656522341119397222256161
113 3865664470396736000006874976908795089608781375912809894030051493305480021425547634463049240772315217153359557163458546285811666937029110275590698798204603928049978517186080773624482364213155213435949962292760915641
114 582232291002097383444815098207662483213000574939987021003714984709780320231288158944622223692398123220551466012298362177428510063405281486420514427947981126402660977865060818800255162872830246571216191586020104868711
115 88244955196665801086205176428008165047281141575349522137226899402506697107484651740878433158894024373256892462372196111334665739149448344681871357031901665289582741183472906251588795629949586940855512679999225562302241
116 13458113325111905906479225243535181077715760652285104591240902907585031605971623545986238735688403869848902557184962422112740488680436718253020645331665694215027784153323012836480223600865303761886304920332506729989167541
117 2065183846736182072690556242862640877557307290308976131880554787454802717211001467439006338353717915288067494217306929283898131421018099626143539612609433972601302533008285288311029877837647847155926977022711002436834904411
118 318855097889073533968253296280921832378951632417467369227355020388276987361320931058867057232759999374654178054729573543414917204349085848155652814439064307869222078411582564907616703532638809020980501320591419630553813557941
119 49529995217212669517698410956075879708045363585803999617554590312724793693297670187456790374270607297244128126097143020237197909161432131727208220544234968192323501662266707813805169778210715403084029701125778151596734932742401
120 7740409737902452123467608277606349496988774622811462643941999533782621705482095919653379626677038962104747349365505479611382938180790562256684066856041401205560817700109271135362094676591744219733742979521451702098323403407928911
121 1216917450414531088632444801852866544124415350619927020946375414770713145200461875534830997915805671949207019882495671328557568286971852011746127431695182433755620932141794067010568168153306311101412820562584788086319976778331054801
122 192460157453903052592344436459621653239060292920494352214562619402630853131179117182367957146952171175296601322533192657711009771028866269747689077609892126365929484042322444201591721457773671851509538079949859621642156102549218196961
123 30618536589064817239240220633480616976374260425314181300190412021137962760282880161348991580225697133918605648285962996456443280116142848923491145314881366007968419690752870308976141134495975590210099202035277926705950908151535459388331
124 4899745206410429042050358565312078762537338265291123147715013153701270103242491176854520965131148297637334906693491293993271859106317121177391815052463001908825782966991746052371552304146313266850651063524870375930065801822658602214333641
125 788660161864731771373323023387910366962249040441702667533893502039015933794189713412726447629425759272463087838124817777459251414713847124665238282015338599783934009088254013894954769549145617306512837275512906633339462897808224623595769281
126 127677913810454069199247712771468326350437583118957411196787581715173616400601140761202621173557653512425713563330692847257559128944813973875325422618386625854273940200200125942251857498930790019897663320641929228550158850179659179163426788631
127 20788995399926415334357387257969972005674868182629687689876589912343950209022284048275456529960346259793572963678585061923519577442106995075612571624271748776837829892944033967523780741794979269876233267433990633166955330150336761891978613401801
128 3404283445859267347714182481611140766422340267121259675190795262353490501869201840149224879789344112797798706475235729069413994484164746343826925876769359346315386304376532168432372171819746341299016648013278678426381897261344010009281174640701341
129 560628647600274460445918138783371638893209381743920314544192531695897990207401436429845556111640981330269303041842803524489283773785358989263201761029357022809105162542336763456048460099235433237624535309974937286810854792572534692885640214828880931
130 92846458101738816510146664547713935993685894601914366825440707979692009334897714331469497295148298034666056207788147239504686794807043381214791603932153042612849879364326038623465785757886505723482703034435259566980767129601723130657329734880034192821
131 15462482854547384349106001660686182594298307629366825370567494387271122544242138270327048956891155680511053999846480893711136108118322318905617495375820060630277683939589440590586842450774910357024166526073960746491422199900589777888956261449219779522961
132 2589408322938802824682363790584577705565112652867686864483442103456710207292862176780170547374748516296041190800693217968118698848877893971387004615028634667933747133017636423467505843778683157785120281643335889248015267692983894810737123506684234493414431
133 436026690823048886348239603391678653959347707359728427584068921164240332433471964664470869326506242877777507676652683621241921985480831894532362056721728651138330671468685033721827702840402210167084532956990845913568886179927821700324417657474818963464771761
134 73824559756812741748801218841906942521993768192729558547887862892550141390907101235259631793878742787072474303130837379449675558860773833181990227012663718740161209679569630244708831698305786918003243198773093048272654380573100771723425383037329122382872540641
135 12567478681520714544933919898923130323794815901006167018961622257324071659352316325090692647521087096307750799080659915257393208968911955650505198986306537374158847625759582669055396348965444808497972419878857546492689644434774413462919947262391453200409184752371
136 2150995023363044631631495987379392994197107443909687915849684205914798796347304965174739862744491844859362011891604845801400624295639269212291418531303795800985705769118638109105322488680028131272790964894747065194185527091345748216717196257576286004248065220995681
137 370134250703646299404949873610467656615400900839969027850939123205217870947112847604177269949562573288897577109012960535682836826795316362570434122602922147475343159697594087803259836553812709315741077396760154658991536211396900221163067886641153904782665799864174441
138 64031346091373713799892102590285609963383073832660750143338800266914159077381066835070809645540627173327159771962411030777388636575995453925822979232059848200259516753462658156073596019645581305110026341317429615501541928685414119200255085013496245277548960415409790231
139 11135880014526488820623694205655288425528337476774940351310673356421111875481037361744275861800917754219476168822148212377523927118651119842196518824262900289800243797403140701530146545701074758668440657899785061541588954130903601917027795085620238650670296069926415757921
140 1946884867356393214304454219710876089398606907529027231532663614027171761514306919199908730736437718475360258477298344581871792936908219013007891902153357061081796836544438021793855562711448475798838765529891012294920654883420439236556726321121933527994655850593648869764741
141 342156869944652781625026974704645172395689888293464103836265125729816988751734541788682757734642910685134570063103043123164824863697792938138787925053276263366541471637851714746937720656461988838622061723438466785093020650395608926562826920199810077089350205273932693163648251
142 60445666130287214608146784419388680185710307384140360433432896671273491552288645094295238600529230721326055852172086447333981146404538827471651230880455742310940957919083793590854104896238328395177961823114998860417240869082764754834716648083079037940844841401423327588716490341
143 10733609842838412525648975376682175885058436476308131487396124097627133044970104933382407064243908987688374444294560184532819275335838617413388293127922299143399843946580432806050997913920797258143722109384571848920763470811586630581342023627329019690185945792172869617920381733121
144 1915813284604461729484658018129416844676415188549759673676736550902192299696377514108043230831931599979605735632520116808516853982738892072782130009721440304712958655994493283700734969221591814548394734868934641613555877753560474112183469874076984814970747652297340269361837148860831
145 343695207423557716101718583230842328837405487595245183161032891931935111576124462139265544421769453009425370930201919601360236862338543015109712765211012556098218987504423445366649170070944934068586398530313814237510797833752121928047610774155890078936405800527829039661724551939119521
146 61971648417634296468890624637935311782027987447193284857529581332509251311372907717356234032401439278291080727120692955398192633420993396152349951954033701862833177078390227075264973580720356880367646024508000606579261191851866532566043269418610393175429848058429131718364274123853162561
147 11230482690637107430456908690307962831844809282956746909761861849695855686048607027604668603509590718632386025588991890942021559097959517645264276449047103736563516569744958155276301384391249852973455217829187936283409908474571484287224631009410855417957448079358118609837670382774177345931
148 2045390775863803108286198374765367667594071455627668507464098226729737602089409803928549429425972370481527881880333416431712222001445482098696701360769461455064061869216042129561515668463999240602695405996583098910393680456298218599914451771663455683203013786546929176072193423254632181019401
149 374380755701182397234830268010746010422018584001900796154580411265116110998616492282443901806559863439495119665485902560690070044509923202165250995513228523113985513258424955384090310212467854770837114948845777399277287182725170225230949389266668966547380149585515370943095967987705173852508241
150 68864771679427314238194453366140771313952144950461291838540114934232349453286407811830864006819258508345832704486569108845763195872651625213427622961551981575245135172149235047217577897813130153838072728872987991741095375507532878078099833610735583406440132028087913463014777140330642276020607271
151 12729585303051685094590651603011346387901469716882937537464455073561193234963915366451314094293291083074875575790680300594898711155571154103420359626644010938243709565745243313349457443916694614114173537581527318581500382052530176198377245088167866872930358980467599967903752527892107227244111246281
152 2364570568848102958344711449907494303428828962347047047103714839891152989995970112866406148390676013287101884250131837774836697277806400024568738378480254884457918978454592416524208657890605008109065471669115563244509116533277281439723173299194592089242358446161823310938723461202364808721651002031181
153 441365790061536202507708601152849863924327091338885577511635137163723537232842269855458461137649072174026496607044132166872867328550441341286376914398063179064210013659998104332075656818588844174390463484116086411747114546872969998773261815070985078616610785086912077436181838818078365542941148800657251
154 82782979848871113929888435491997914206535211704181801684546059725268924427862266057760478522121373962631323579032944241108404916281602326564626663629777308662358412766161942976768930444324058831904196757531413201765991523300771180626224674285836353646820719373721173717927028741372296306185365080282614821
155 15601531101601099307743790414689337312344292854292625647781818414687434907595341427820105052982110992785083991156137440282684490412083929292610860569088521435748841765169043253627741054213333646025184117610461697223962553190775776488793489232392592262474957949909715682175488213283357960291147525110101697841
156 2954371406972803825364967000631755704604894684818437865165040311635073185518823317598863341294601819521813676207084792838569650192274809561767043714708861217778693730940321975868036182732342694743365650323851719332692076258242239035394071992565950693467533759434229829986987476119916373805601065663561531254991
157 562111839667576498373566828131668754830923976512781465327277725428132480627628393341629649446711624948176779777212143927041172593279292414790913257546050394645376527759207913704933046853693448912456560183803635693384717200340833553829322504067797147062828322095150728349457299633609806215793813826261838105540481
158 107455426313134796890510559348165582116558330613457192621756319132311322791623647111955873183389760300589425748730239306213531673705251278368785194698164081000451164725682865616066002324809681630828347991416354543966971577767865627516825585480611375524336649299849468048674837587169465147313590498413811364596550881
159 20638127461555626536886496339327485523848401261321687313156860587128251435544659007903314462578074177335566947127065247329475480142119794440933589971586472297160105071788911371212726030837713560484718987489549040693154857345547370805125033158705080778517000770869067981970304080008382741694610029649118065578855313331
160 3982327994599617023424372337920873535713842604320766441482327752342723989870327780405515621920151463612617743085047526033174288812390077232312410521239778727425504586309908458391806342731006107012796447205441026676764807425904535469408854039276532064525481614315177006090192886834126572427048928078530465048880283201761
161 771999768741981686449788048307926513985421422854039621343426658133762453958474162329837640555675939926700134913629710843006418625776785169518830923147346076821632011930181621216138397710785122591025621293801894181978273026963054390842802738995954037260310966800899346008657386815621759423289063014627444130063388533783321
162 150348624810834088720203851711541241206145361719493585034885539074570502345640653540878317438518732090007751093187991007504008555861028710407856938495899319482158046592318497957822600862616018212609487288669284889502021953751530706491154887415375302210719390902836062250137771055289124211756788832611768342803513871447272711
163 29415264865186375692565466622987028802088591162280658996883532114111730908998461487529642844716240255763654634588470353647189566069917010456635862764426717413019208900957178335875810858595709259446813133704118549559243549752847412053139723116367181474722487894775512761638937395759745496742445688669700493759753268582972531681
164 5781307534324585822667617888632013320653826808381602273118699752255700306909361472819552703974506804741052658243698702371294821715802384012050754472793784967209601396273578640467167111404027524892023633376841924176425182665528155609964165554169749169021693109593109464877207248913291729468653269455123478093050482104921843008981
165 1141427948444288767352660680248212418879101584665853426667043424385042234356572916849642856393377500661245288528264739737365628440180947003266829485203115304728665739104780546070994604868292531509066106534427991606288448957526757077049583823080502858023486524971097756782649087205054176055643403845963074550146869904315698263346651
166 226375431238644102001621058047770511507611378235485368276801618246916266357989479809385433679322306644474465838631430443076084318620786226826715641039358294827303337564064741297127733631918788773989446108359742951125991579960294810816292016870448298501029208089767782869859087790672777486291377526240458296882115790705884016498637141
167 45098053070563221666844131823458557370123218494555230869337188806688216784564443066647909265777063261272054081798707357228991685115445215798122444940511585538691218433833870817417534282236970810535305941357339106136099105714609399936552436415507354341733185956718643090466112980974813721097360494218356403000865882090018559662938617601
168 9024506949039736699637009207778916824813393569511537826036884151524899814902961296924579720053808516146104867148168932192662057413011130576141350282098507948947964089282916191466507942420488309999182848290293202537732373455107863597874466267785796817833770007088749855200184699881729853322968230074766091194089739694930736667887998509231
169 1813910898963464630785647041835707122347794927804842039279643238476138091372407567091143766300370160431521250160537145268011887729650961143966949508852426815148431007303519034051178180843263714050853872648036809516856471592804146658421500307842810839653314148284935258968558561335520927270635409258539733290627114316482326854212149674217521
170 366205527393441823866308054073794258732065345135900077151552543306498816884187910576264347496451710086741879030987013876559187997951977077258302540496744347108755624699099323645862872806638640220647881763542221549762318701798488561133463180773307395229214973694689607384030411547996089128749699714934466522047908834248399579745240212547662241
171 74257467137276295881648830026689026540788764246711027903276027403245244047601014491971864721030111866204150416302817764816757369699650167425451113522032231940168482655954600011305024836343681434869089866662969546289175218208939569178285647659114852764603075777882677447152984413250446740361257298083128981307571692598345680105950186394928088491
172 15123474669738154655643172293867421859296328173363136162484908912125270492290158160359348613222077880613887545118891075371017464642106501382993659474116633677481854674722748516585632795412512141907920740739955262444442464423799783233462630929293977061669886985236554831545683017961665074897839892259544048973043899434598900199358597467688708051721
173 3093494020919318099743537825935341847360616957697986736837208567743800282542233447230769240170205498434417886393649710194883206028198235018198081492928306507651093630205836756800021518461451575411300809865729795086072780597006307387616893123548496621752325335063160278519986128941821157814480787816138255378416125107154657863956498414824240204340321
174 635511424396862277660564487735570267986517668421992415315079653313009943288784935314687233260092563738641945227007589871883694310729844846872327579588853359764663960297868897518242640751396294107831796569681585454009641376847901983184895673561398006023957983241717738915643705060615972039091811770036282493446930034417889305112002859833853510733626231
175 131118529112200158718597540207982954599047858040036783168862699314521546265558697897289546761288220354444240752018642209544779873147581130361732786740837458126269613684596179975188893297635265385019698312098821862918440881636415156142233340027859838247358549361645254937221994520953300187377221169590966732966927505820154061474360940216132065833975597961
176 27168255024495610851362006272417929289703420142130640162401713272913975963766107517684741734256967849153877863912459507526813382731067919213195112687838387816365987903663825019999014211132792767926472749937223639750769249396727314017669644354665484267568090822518232189652399662775368399010151817647566424042064580139301771740909174353043589884570521323261
177 5653362551195674832088529945211544990143424977650724150439906252530829804315524643820567393979569753368837143704333807037457851530667664882030790042322402000937669352893242653417753516273064704433252185322103389879242193360417887404919282185454629912471919422225144475958179107522948470264739168759963156401707306242587229485015523037518648127209633423059171
178 1181380754606642926810369783400802317437709977733460240933639996515963323416111836061195393329535869139160739208664497693695777733794315759342234815949324820287308570911942894262892983992583852545659247254530610577204834051062083846909672072830881551500068074462089432057322606327252029281552301316271103106482914999081636328462751540064778972911675174907593301
179 247914284267409817020370234665755462768500245924360312697540172036564461733862813724662054749390002185087686360535619419791194015101621419738298480472330368525870197180899615058482339124910150482420181231750804452859353689684249725406776906778043390892256340446337859595816092237560462621220532121752313623068330252701600899940815653313314935229337981838637299281
180 52243534904385720185968715469897491558052957178246209646025919811254591819286219903534673966005547428305007266207513722941880414340022258996669936804186160794516597892678840696501389357997420633378978132579379771103635305617699973057942415083807287480930443236016649310048802254714602428399983643994560957500037439689414830916445296058978153758686586866860763747391
181 11055381620976659223445979664621520262429253362465802572261010793904722117551154891252201347352772220165591692436517539686183311816745378710803907583103949653799812196343509272429798251027114018902247675495840229013075116937570469251656404602872441844371028681798406552270185744879574430865711478975738536782223840839878928775131521246037661288898925434854193213349521
182 2349178575667089299257001185020398828373275094113372851347273417261991688492555747442683065274021744611358538133139074500338883379411243954352085740235016221951871936777661243650381001602738434893655184565095467944018806937491560674998168806561870931778667120951636999357534323616477374004107361056840465955824675080263091249475164240582757273843404760614924367172092001
183 501245462091143497909398777821609608630522080449984857812614215401571538398812997529421771623824882051762831049292146532783239981842543150279968079820943945771364802536261938125100254701953049553627597705639489777431150392315428392560588927224149975724263934777275543232560349745394030754932378629029792591784594034839492492752626565825480376401433987659561374933967283891
184 107391057083197509243807239993303933304307659372617255018488167678575724330506683324961797589101234632451758595269937497029414071155349230727570262649421492678159872155959282741441075682034458363421227103117623700481959943432180552665004019043133843833252193175218892389784013300265921593602945308205639559400905971055030621819112505407045683364653016719192429349797652211361
185 23102566156521974733693804606640233131643548907069296795016219864668795088204305414508901600005896714143211284500640830329277858982890474893756102960881620273428988359459480531673885235541717255082201648666697122680204030779545306346021856151981126683662539252266040393850570663487713595214510718000612492833677741481510618988251696048859221845503044034830752827414239075722441
186 4990201224950286655456928617736216452405411761523615842963867454076339881590899515045537308300792473039895607396917284012615292340216659172411769044930077382462975791440882995327220805808575339236169740383726704004139796015944184192254570841133014437694295776525935533564340164061395210236852315078908191934598093115925529502403965797613450684375125994358780300933640147899384631
187 1082263471688473229553791394967405100837263121465588937904897363780119217117210374285206248470211591287476963571922461576705745830556253268091393374963910739851128496392644684187570277174877143443316134616099641294859388937752541131539362417203059301080501835937002994088160577442555498097289030584505778163364412676721583299888162311174400933378754062528053044484625843105147333281
188 235665771497687743255139267666618363718042923156013807111495856269457663487095478986355797704981024673179769372318002503495230781878040312307722461172031652074224001553424343821867621651562757068534874948668542007121951314418771667266862683436288395349562697339223460104849402979467771189267509307443926560182476751793253454153349685362134825612225046278332936552807870679728182271141
189 51522879907056347271000672520156325217122107901521910816420523407867426703949385307662256973328501532698884206676632638189246603836320842218184834835933333691568483360516168396911677052752592740495731969909653036454872677521266014554879102931214074206634744951577283207240550852583247464298566410982369150034950363771311215118202519346597235121189386493013519524340973882582617843590651
190 11309293905438782610882432000120668586063023854574526089536463424394617871156228010192754310912783648142081639738926265009074942307588925474564733698263413307280799304323001976810671520107955568317353772640518237507988538429682579224987685824785626197211606963856743482302749542543172267571125219856141574183099891188681317344631003767651969524039636850502419311964709189955672090707296901
191 2492265468040965042247930266537243649713086681477714814647404131367521571839836284879090244590651323299463910818454601879159639422879046300643212374611108396038106886392708786823808739896825235733402276778178052969839960809995449287411423871064129012039612164953524845399761400140628409111489535617711686730053283591178391139871650130213228771625915280001834080638355840478485707946066058241
192 551402014466791675368705298493637626118784175681033205397985786623068591396119070698407147714445175105796911366591110208734304441070214762670287507973084672433592586818509732518780861321173988871913889654020439321618997418847506852987492973645018235310554874124255371105211175225270071817690310186006308007407595804033651759267869247697493099567485177895042174950619730018688744253924210316671
193 122475579965304954960634969995269877660370343723492316486188351879722576040101428370441733857624863451752726482872770137211623644721147412312245733124378483471197908038821629459411090924645158950413401715139045832086558187360292303738365856917976435362101733841373886712167192642887098598904055363337641396087264905009002421908143497543035059990225646151922987860503379094459489042402062951249281
194 27310504076720950426350574122770121894115840239416363932291792959552117807219407743988732594657553861671901771471029881121280085198830443655062191106041258001946574724103516851090355178849737732943272709588380148445989659715898216754127930904895789748477076257982127562783635363011505932499380924763697283849984465074632888200732533798232968601344356960627556718035287151202113988409802266821313281
195 6113656118651224083868921745939772554445672299199674605805498891053590918007343951698834301338136178259422123894221054731751895449229028629311985292796182609931418386592293839924525450252962211697650896978771968450795978275750770831002437517617299708775460655096625629133853802070575472412223718618316993468376573816279260329942993964153351950108230887063153772910326192090349467966140381941200532491
196 1373901118184451043791105736541628309069415154415843488905489843107084711592676523255935005379934997049797436694019952876703651519988878491505237857827504381419702600477225181568618153601696768444604149535902261531169019283618967942054264419996033391985741934546106110341468324108782811746029284436711102297309372138850131797038497635372810828957649662941987474670390378371294353772353512148906722914761
197 309945475742942826586193937865686624608988149075161841213950288466609890176035803856226975908654450623605003496291382971987266955160153708605923208440385706164355094307831891779184986547348270271749001476966263011889524121109268731137793575257758588437379583507548159137958115991075930187073111924266996563792051002573685562270581041930646403973141461884497378656680952840670632703389300457840034438000881
198 70191209902346183479727667169883501206733044335646104853591013945263170417808683962618427352539629464751495443014113894430850430960087082700023370678256158189127119639753036774377988086787822954651013319317779249322478764768528990566929268493282551425714113885417486225452305253467084542083150381352385526213186728686934628592664303317778211122334029414195388750183824287966000712629695828650302892647604231
199 15956589763898951966481409574569837409158528913788568282365663618580329205804115533175740344472490811058051290838888064900596575360363887863966893317927862007118783759496510077498952333187773714773510418101612139117988276665432484304222131664827799300534222255931446322893087323524707617177276164963813888990862508846774229228899149311657958074676743775149778017020633927690549852561191339916208645554238097161
200 3641243712911429336300625691866351114211677733948765268521171343398561025187113731737401859432902701444183602900233975858286361079698717993660443385025593188449582529937180381198792074013151388490087229472074199181327680888894617296952075434208159154740342730425006838052677459454287119490671312187610183277421583330373564962367236957671282688117069812558108920948760666207110045332748977363172548867952230596781
201 834073256468321289435210872933131124667948354378233077435857356067388967734002539153382979003286027239599739724236679846549386249001153414977861989760183756220209434794212671531406032405667130510618333868401277838782304173913510454998332440653122538681967031768360311868077311810567762519645653319974371401446442114141804091160012702402657775155267654074817193114197907261523355728036978926178392624107608371322531
202 191776751773631151583893103191596728781968559647519811415153876664571146886388602707330222989142339761907340331101308050239225820456370249552716353025971038072592339931740150093285858169196145427353975767444585328401327602518281299951161006971746087222957973366125744553258646655614053918237672087667164113451944541772981356057110475831935556508048644019990975644773028939746313631759059062046998814182202923516110661
203 44260634570870529621097680868230585979070766088819240475885313373363439921055275289082542013735003599840114695576977719910955469979436669902529831269823251751690453159493226319883506645395152231705051911385226484786241866806596541343803094071673652074231039847453669865862396901434731251530094279976887979958226444005946980520768534319489863188764637728171900556880975158933369764630880954718401625838126441374297483761
204 10253258318401553275510007310107866361480323873459820900107840965826186139463343815941291437836229450850304642323534567459552677815358320259892233077486641173524048834970672913623188357828346465539117922035560312957295887908742895875360954825378706138008022499929076778283884156454803332504109282187258643338372010601549030101947607692307766668546981123715208101690378460268791019152446368424964452755402887679030649953391
205 2384083617713477333283258970360652341683648343847092689263323412481427995206023686893418956219325587465360330773315448475310059131673809755800257924463835953373055385351324124011001662443831075633031308963306273004020153363722764854059997366231894176724648383429634724924131330251365796380771288192337537440529694508147242819080237401055178100167385918113405230031118909914067062227634420298252336276541051223872476555345121
206 556402652677068321751135614716961906146802040187102143294707546168105386535448105659761122407880599226847022914926595177062338754400256258426990087119270874301999045408266149767803730801594488678706138834461580449951662387205736079322504594831874029297870096449742693740141259357967348374370139166930455988581443772136215152756547130932778650390310365014740032012712492407221300479570465027914989977418161956227818035544276321
207 130334050212340660394980269337651958588769164626623456510345720033697943558204057166508825420551304770061960877703667446481357452382842318841911034331979102101806041058548012619599914832811067428688990699444410758954481784807274947312832406923623335683831121190901032304622293438232106523866323449333275865362196068227671773345827166512140655562492030935527500467782801919905010918192443204814059296833774355795428635292975058931
208 30642240275823558233127551651509140794463306859136568154022469090366359487989531654334040919318344739019297233238790770638524531153561366160601732316024376557938221374013853467815254574269090825348841243015184131179392670532299069174994715694362773463142450766895077712170000586021258021414712820942494526856752601459485190609469435749784986134661252575540476416104562643169736563295517013122155399661637307185133794566667261624481
209 7230528683183466446763368629754048066098056007144994939325165445052879597921801461782747451001213508695041174859969844307274509836285609490049369404672536810573411981621748529504529926057829137290300737020014096930924371836742715774491325829734357652732393173175730603977467510678946049565578023031690496828677583878674195578375741461430034889505468000141457533228257199911789596888899029442224364731370325812319369173350160140128121
210 1712377714985682717323988853521406503982893203117858616132716704416744746730933071530208288906661182570504786901444726999308186457974690461886273387871694940020225672778746001554419746730232750877751374714284329690821041942987100249908119838434366967273984331748444636666633254629743434870867901279927768936243411781198786355460841254875025029891415414940613582334929706614913822090554880533781681569087835050977253116621864075862097831
211 407007277062637205519198318325868280080346921398798194225677209212391073998023768046548489190251975494651289616163331249319583639570306877004847640868348570320357821310050557512555369063808053985677083895533838298327815115066658067184373260179916767279890137250174950266738545783584072339773135901459927475023136308009577563971918585143472426885399448499261236881111435580515890479558898921834930512007328950878778591028762496015679264161
212 97089229283313626069744562516273121862943829182985258781359544545720036381187953521555526010069133757768621193747425690948298359155428013786536527936900308166152292379425183884397277078614661811470713727988638278004442002027939276062161528620396453923043498062232517460141502278957329270163755752601336574283436284387617363609022324888936572061027291978822588804904373839516628342227897176849505203035365884794115308919376209018022797955061
213 23243388675610518747393644457657555677553161921192236349069464838439803635236366081082868694625086593073574151756187685570265079585946912197070900218051957146749212425696285179358498832911869487177635058142868840029683212509408924198589340544572539639031523261209880346992278892441796535202187531555121845381274829894988151569030442347999045528674586852153600470275589653631208607644224209085732763952280877417371503132843845624778488634433371
214 5584453069137951930607951732153798903625420586523482041844607975426963938049691394035975721351178394744988082368210125496549560798627912011904785480652856004561853441009466967269150776666166732748358076042968574611196438285512619032215603647123582014718264026081435311625750892158889704186473992717662382407008654706464729478088903097356900339950840774940204427547394462661079515081646054251283393680862343312986455986861761229680695005993036021
215 1346505133154106602814443566057878497938076763294124573958665165470579212974660970249855206092413838324455179378450555840823154803008938395850596338138844197601291339667202843774839528569931599980896694900281359998934153545930379459703254387733511087706509190966475236909755468673010905377159895560505939830780527850367164547371442367313232008959868820827993114048088661965539320018924707457816886622786379852134033802815594216752199033590262995201
216 325817916642117235012465475050983258843588997951368595229168666575768250081919390228986126746038334421936258536635281256493298326645506391030670743768302881099554515806271820180937100890779396039562915272033638017535231312761337016380914967809871929077674079565356748730171717861957031526392879286239432064949471770273493117750150262242750929553319402288767390631040325740459032403138873241894403816403455405359512698261997655389523655457286136183311
217 79117938682849579099168512546778550286634634438247083436957640899679864221386838656722193277433143624394969748581533272936690307695150326472449261565340837004922034162750036054801746368917356179992379459232341757921219087898749751450770636246722815896975070851231159957887256840232286574220993121785340520372747798587245312720046496275645272788036084254143042676463349393644774642825655565356556378206707445398279275555598665308734178337576429178013841
218 19279756512090788628095048996925287951937302309175130543984638361238464590523477206560787984603008692715147970225773876007029979074316735689210614541913058047030968186676845225702536451715830506908363205654046805445616660049805819635243421975843888287630240094967866205694068116489696730159819073851404022451227169897914547369891251563039759015292022980149869411616157867098397652784636827369762067490332919120207482753370550862627164466681718542370239841
219 4714637304657680600311326772337145478760764757318713421150135150950214578106425142564733121042496376827320723893591384081854447487377948206994860504995931253599877201961729736336859769125462405247600368615995394143459856130282631049408162508648566665317681345347443972515175962509043491389684281473887673192395142577154803644620183909752564352165926704196388181816687470618468705676936101170765850520069787702635617045309271921287439293417687657137990994091
220 1156934658190745321198265395116158106301249429355841792301078149290486218576959375318736128751187977163485188907953431965733274538874738310512828933022270889650280085396213913659008630457843897673388350838447418401092346430997729998106770087252611462083627175820733709961476581236348261464253825758374668830893398819748010005622689016514278108762348277088979951516940746012582107642630093484911391784983395598790432575334953666952381075593430636105591841317961
221 284889777195159522859950824860747876022284814103187261413053879414933600957698793918981088110780868023527549367862714508155913509154205154254844624759079949186959913584153631574194418917184902245712467862601097614716364297782349739677252255326989877456524354908988259177386912762785452315833945385135151092493977673418518649512811098884332224643621227272022537405780329542083152986114593693887450680812251331005673513160907327024423346249767764940805326804368641
222 70395700574805425023600648547284527947892391632429103967607819666951180089929332884987559484074971091810728542560803081055881536337102964113293680354326090653321763516367843193269223972852193395637869602955026256219699060018791396291774772260468682842792915080223098229195855874284061162568658095213370606848002346520356805115000366621223778080643829650449488638830248602719148150166969196138654075231345284504749024761162968285067412649520790246636023606045825751
223 17454621592814538408028855566132457449363403203886434212009208338873555956874649715300566407927033749470849890028219778714239322219620399866588535487544975783531311572147729120265072753887054533886417685274510287939040857392403658514513353111646114008413147812344583693094562013778764473535796934039380961257680407244588972888710231087172658627121364239572911268594737782723544515660448513002773556676625954271816910609514766374612183189157687796748081351123584904521
224 4342737935954916442390766331882734539030136688238091575381227985109231989134425756586673278765126374806707390940450972549701901522626556276272181005859041984282864584265838608695604697775526493805776465752393644925034148456707474359382048733373002119443794428888974735609500351914467737633029798755729281612369862864755311492238476675298079888518467130014170576104214137482221718659774719642510355988269277981074763213328619090741433614554421441327112542337641121479261
225 1084175501003929590439485819126189881958295138333922964321171781473491052847889605256965817016507789119567882560975315243804677794515116536719967040356315585995153726162013280793251837753663719947404423887537606226465094646098238629271265367879956790252940130622125007110675763574507734106759921507239029869829816306644301691973098935111913735652578044412419540603106102844985158306955567097411514003416212620579137170385935767654096707960687299355016450947087774525623971
226 271589071009184893472487787313964280364307456944726358219559522042778515939277957769494577415574138215666412969964704217619927052569262408127857540962777341739610941190055081346778020518642894564317549546647810972363907784379827033162881638243259132779853386774523275734203661882002741073792666191465025234143446851832727056552130018236379632187465709640326149381384588419447262291937775039296729056201365340253657569413599071030373922135350563063565397436893880099646525941
227 68264627405900800099670781983974237624325426636891137597365688572921074241951302722967217781264133587608878434936553749839169543231161261540469357357288027826711069529583891589170769335650901244738200484701886692759699445987629776129004214544940556910819532259504198432117173258231402070917526981865096916549977098811700333092677421535255461698103741889498602034346324760146208004380673604851858020298223080340234443761664333759381588383245007818056833480540761154146928985361
228 17216463396075403980270488978464751262025021600673653601024939562053225836231225427871947012507376465733270862821108580408075143874676084229350569436509544384413621853301359343858852982995308467275725640782113854863967257180332049957610194357654886677446397437437867612698712319659611329722126456477569452139321378454911947125026097430540362598034518174712954836243714618612757352363014429647432279742308416132174756908583177460898500543535842138775064525043691123628904051003231
229 4356633703907717355325574200486332914903981637234316733446976074893737633580042948070256477443185639189355561615756070689070682994918620802002256987197014548033876141139447902411461444980691553957178396874803791357816228835557475379167618988875441579878504376165862744027301866506592915225864875729111573510243881361159268289326383785085857015392955795901887143850664202260370652219857330466531449877004646943357777556990895202134274847436845983594165220737366614160900512518644081
230 1106142761500157635084887388397262498292958580171035507762295990801672609263263645122509137956365940125162182102959057212374805150063998274689206136497327883054530594398539192770190349336359354400937050284534876536815067158255453672204370472552623219173093057398193536128220546380097318415253979873098169435699569711709625275158381401103989065394873155815068913646828409184208423058552150778906621338827967580190842803553718085962269384671193060205936771381431571691226184135243596001
231 281785435837089342578971543747021152299395825880654229981293567489926269740943266396100133907711172041259555799857419205718260254329442778460456610911924605953863370393728541242607712848877454758593387418835609437442432941203562418293115220941614494388488554266776705929381765181311014798613241940240807851109806783987411080324884637319337095064323436772828619931559701982576114943190107122404138525146439852771808908369266812978028208107129789748744619782015242743606631740710438638451
232 72022363959016899831820920576268409993117965717859035828354520948679855565820806259399905786600531487420182154577427614357196001280628096775931628326089106014720530759179338500766771497686418210590490800072818198292157336400145814234347308956331669944704005282148885491112521853183831395636817389798258924361808844080820633799352129727988991830046798469464553865566623838395639274505052160075345268697516769129601942963923189320776499787139528704256658715971165946826041359293283791250401
233 18469364726857785813215771743025880422943830039253676291940608031426874808716905917194335599710663039983200737979949783956814269925738845477093265246190722561490441188444611697568796501471530129927275181798282869934357211569991740802871197201659464853287098032593118101278356885266366498526308909929716431675262588775428799498354042676333358269041892290871685596901384944539149612860906924569791037017092658516177525982615309734348363329923789077938239372880444392484250640615929695395223081
234 4751892794869009310947971716914747349799357983846688627148874411737052303496788320476957257146041206907360841580345854550951924921363682386934026752998122504105842294121129326653355994331998147153830157481356423805048979087474458104471552451840894380742058470885079645896720708737621332420403977157537299152315193511869351322206628160367797423958754954509728237570406394969103122939160681751419617033948964634283016373935940912540424762345158965628239775978573571304667087803292836903338934871
235 1226607966295965618409505357845631854507302017749991244794702432183611070682457865869718406357611626861951557360553089494452475048492759055078802407903716844659431365974492147909895832870178715419158478306388733038746979432886977606020538591112255169069435734087360462798912023386608557947700422832934041794216293544216580361513031065964923073576487607640708033409544416951468047552517869974759670641356654692661177129853828780533736056334828103392922164084739677737121253198351712390886269842401
236 317660943999882725912695254234543178801974636272745930148697925879609419979353643160993250503334902506833202641155958892040175981641017203964262480874631636154275332385330404035584827945551157239190982207350125499633575779893040945226514568527202906437619738230466690756705762567158729396391409955152181595810723866690930056694340768755911377643499140729613694581695995025445652834333311414884527007180559361199254304465048571733317727733767898406641442812311380084813335107286293536965477811354821
237 82534443323303005227866370476123876836461466916058299986743152190233858154576516297050757237890629011119147297068579843065316345156898063719653748550606961617643245738488525671479822955024303782497703966318727022146179886106526136369362247584365187269785741434192413214978482295857193300240482232420396253944781897640291618396418419349655757043403434258855488089182271668157225018650092688259312827849640442205297292724395884733446852566858458865722772935739465969678057813978237311761950490325605371
238 21513670156995672895245260266946347326213455510838714867401648014999603260370942944979572475088349746861506963120659108960056182624564696146916910172728019791791490066737122524783482558931882540771841842047669484515099982190514891954909062462990172640197816145929484334055635988813296137659864362114738316050938940859481236812341184506485405655075893228002360645908154580767108208996647548594237165474281187483149247664418630259811178541567874961610954565633035908869198304408554474766466230226884570021
239 5625954503860745715563268261945692835368839581583870745413699330971768678340708911290197926002122212874409902475944191767600955371466616067723616546037260659080633135120118730476420895089409514881950246428322529411693387781404871170499352610798942075566701603731506491388160269809018813679740556077131265645327578083221888926732695988905564177061018475015406583474159138717001220586851881616853716228995930311466546719396156719855316411339678603615968109325682020586693537055770768689792579453775043587841
240 1475961245368230729774856575984034217693035062807814257973634440671462851360902737427336253024498225502103714307877563884659695924436627626019394787117728192583867149852535401125775316638413912507564177088819093580320051402271338028810522505063842802123538152957211032389396967274600392409370597521868175745688949477084076482580868775551676026909101190563126472164523484728052390428747474362149517811586458663434010557183664786280410318229615320537538473063820010608238818838270743790808031548981659517003871
241 388459155328788906892130242144271897188597452961638567025730294583017189433681986747762220139341108904073138872375395557062926599915712092083854400300139606358995344522980367331391701325720730720896492973574084645255834193912107869493951321173719563481036089652345711120270418891783240967416250979972376699815836370889730243705059062932333438817679711713385522753525507560415403604955810842472070768582448645436496223202116063873092508740855675980783188153227490318902608118758896886216949299933103395087407201
242 102565693128047657929691811936251609276852184128525504651273947406330769798480561237668436909516925761058866652432512245331851685988822839823799141767201670590698034085933386718228633676042512211103335493753289467432787747253881986846858696536491420349678827254179114580355361030418499678020977281095841539786686634142705605173419616136942447776658002655886120736934191099035902650066162669077676591060787851856411054491162632894090871979463756885611670217381054562200963977669800577875052514513404803035819651521
243 27166891650952176167876837955835266018977749404686837794297464750233631622530420194417144048618961950884681334871505718258378686065671979243876929777995260343553067714125476798804677914360996409664300503464004346731141763085972279777464972153073834210997390525500226663875875260131236301938917765181244770531786999264629886945118450762861647148026769230729660726293150601433373518513429145499598081650099674378074367400683690599366861776094549275156639385432403547881210510852966341654169227252909612777083327254411
244 7218610674128487645562111700725950013638953453873139512043177009829398711898039328814211178421744413809985422780028317075040022241831733504261031476051984799477239820258605014384939352030260250730280605513768218352805390974422282810357174883670006925990186503139841654794229601038932423524078334788271290682888051322779550906603544193163405742040676911216182223399574107427322578792026164694524048975383472240718741269087039749206979537602421896361371712532224802499089343147930973189483791447982697333713272265482121
245 1924145588182541402591107978414840990112046456220118439499667600740386863839093707294946737017550323145927723504628402000459841280845647627999531359075047011586301360966818118853394653509201329437023273251020827840663770837931977845372281666435987428575174801282388330265870305089709483964243569140876621531875950060233699283250360077747457130415683255721587423676764711948952491263072560041686298390115239062039170212509863852620732689442369672381666951205614040434610785628473335143224478363977920588267179432781135761
246 514502778241154851181178801294473075719206466658415334996666661612283557319015385545256652494534908726675983428094460272944412496401966183910675970664054885941733345161832946956588683979907426679269031210672689959007748626687835417018607372115191255522054688698457926545604053526642926535762733403011970315094404508836297919072151105225309541427050002440874849507259738523432982177063670157528872447052239434429956980078205113795113775858950763589371585345555333166419826011123273443305917999992535263161909601975402172391
247 138005974182777571076326825892612017629887594182630205382312265325865857740550107924971625294328763005215761149140075727176928341894505478878265555780323958025646540994763084968386008870326645812769826692259365367469171618967217389294254327153166206214757226685211737057229654076314001974582670240371138706314443971103701519147094214792248435605199797757496242796380865260423986198027605036377169250696673180696524861113053196523494118816544208397320703886943400043994892248282111260346250053577920140100012433972557850719561
248 37133282348665677593495264038987409440677007175862376328767365253863036447927542560827740099348935709292469789515197390210981709319529517586806633565566219255760197626058928381063095840188410572000577113588300643162822542663577554928279805901811138307544852499661244370644915696509676352969801561646917356689163870700457086151580896428571107177562624634781644919985975166728965886022529852904932510496335439409444634243770663789052331966354977908115549431528791400956707493528999013110752826546465874906813700188856747809211661
249 10022568718699975298323421067507875433099387908661019155541852343240892484402949653260926136676790912159778718328551160689325783804589371754773943661847026386063088800631259242516909226551279252644234660384366526878974383245136201497222385738637284782711083665463040590415237969166240856531376292204864080552347849800168097459770292018305464844732592338583261278301547589985425089746953462722433357625569469101700186082195391012002496336364554900187104360238042345752673862389112859092450985685695594999069321788814485478727540451
250 2713563530102045049622606369350588668362413403057353079348565156873607683559111305720282520610520143960416868469974512990894788086007754672889290100621243951104852514291214457975575474734874175779258662036628925057195944409283198257359754245099358938305356776996169506389493752293809502295866408166060097703687379830787170491202708970760727964247480571687159989534198490325454841421385375414077464811353313492853484472476618347955458956718043020462633860534603184502384700404484963631233630285437211687277541934949275641146773285221
251 736955439928496486569946076813437363451710880927503955537382571993703306932932816699452156352049435894353485664001473914470398329944383618334541976686927788408697812918808544709668459465531712023626155430716322280618876247710995143737975421055428026031567111478448580881609541050897914328137429618043944188182344240408610365051878212768040136396929451878813544416171354034406018573027153518738672513372377868862841515587722991649542390336122189958452046297230853855533352067429672379223214574919987420917163489520297180519839861812401
252 200760293183200038744009043498848940990263690984167423070855306562839815343457940706937254670669135780965950507260532774961936000267755000632320041955532038021807351397356013224873909928080648619731769437826465100229142918844652855694041185469286393311295718155498751079204354125242717955759092008584231577569481579728773841193002379463601010277245675585837372000277496260638560527055483338354707543175824400610842127646911324332238155227055114651950242493443816136356947646941644299904773049974751917458466820305398341241638461448297231
253 54858620200025352125792757432365680987466868975139893245355687073911723040103785592606331808244975569088617434622615473888219616914203337547510193852313820710186314774359129034675853735273265619906774744866842323266782602221133767303518825259838284128862054569310085833459873642300486996013758021165609265412337176889706869531764282941783983828873218414779115509549858218865873362722896151141004008556825272794789433932660422989738151511934975196118894529232877592189509262164608471890543580301055868601425769210970829652788736887677483841
254 15036181221574212251666460126211909337040727834793080711755222416979009070747796510111015417414844911559760648959214046361547281466540384638713055865907290467001867916251819880150351914655737569381810087869650709402994332197346410723776081951716113378654493018700417467972361398738647280732278536784497948672676498083047018303756483338595700995063443094257298138066763655747181637728125192879918523319222882678090404304758731443802502089731573707449878096860363323349605361059171640827959397749114741292771911878701858715848148877492796536801
255 4133814810058047307511387091195201366205357638700617950881312161111279499266282396968692317302883321926159273588297874018615762209391838877289599487986320824747552260236122374827607244797979280495464519004818249241835580103801393176522201314276026800504412130699453486413819955174728395689667848365075713408546165181357977764335215465486878802656270835873346014965614207705012210402642088589984041996533565991352094948272471680846163576160539598160839324235965987736710232782826881771466286681974862768605162417270888770277423962958494945020211
256 1139936064599432421814428017972723841378827117388059921478356701602650819021407630117649844096750640401790016779107173936431944509262580938350395204835683324210495244734226896364847194942074276706968456161745740469089129763308356832227289107201433491997580215489501173499572963337413428000529985441948620585106675578946564514446885969048765253746273303071567189753032986688913291152157899718010500637496693137499411218322067924432685264908193574124279352295840089158528241012502272798639448465041940446990444820363372981338681344824313594551477601
257 315298013524336924837157136953540488865798414346590647555508330187316160782222457429908043530444140965451984759388267150029334540184474384268950205367069189038736992299321956844806250545910065941068902577753965005156202435607697788395070875498467692112639722692300566822913287777734105590148144019181342623783966385700361004693141322401448937310546245600392070323180324374739182599574365393513911873750443502566516989897894313729605110511704392909769621795910147649805037839486871393527514712561665790036861508620771190046004572113564958624070108121
258 87471893166889216763655958997881406150680465652842367345500839776372872604056916963093170041496511740284795981749367989909547332440192152280233437807088089288130760024750247982060582933721015928587880345566464993890903844523997020467711862567894463914987525006180662228918292007905638894669558847255114990007776274169882021060429939429062313963691884808290763522650998832960152468133510543959659087442302212695398223421345337479185746386320691188700266731864797276882283643726728382899724093419998852665617749922926342527047906732448642384787801148231
259 24339838364206253076903218908394436806390440157881363440303851744509984328199521337491481195983788285623101438584051014231431074466624589702309630688069804703141609818288262754237674904252634652527606732684471477533616998512833488685602197828342119845328025272225163085832180803959594728280296615015668129089113202388432683510213024484527805326841573763250271037926548883195022520789568523472699667946643765922172279777570318725794693282733899112626667855781584698520853122030551786194662769809089272503743353570817416709683209464793275953449020249068641
260 6793038578550464470269404889386855330917569937804520128800667865967687924920103435768797589857426040966361530307178833431544201310903936083262118977417430227921256077872078508082296270422192294695203680507808322758370940981100327706952855230487131825657456119521376001750354355244103680359875445218555700636177247390081735279851463857526974263752882346251999630426101060897017332846647479803542982593309436809946037467324132515484188857341074049869692090556797705899836257700714514329713400207472551714622936036256289578048921294442623545036227911618191381
261 1901529592485989346413099000016298573145440414904690866531832411389541685758679398459243985148174306817504281766450439160853604891384357376706618357511548050213010255641408644571803510869243837908603825331419794541365460698679962954321849613101698360187818670185174270992139074556601756351664573202650962131142610405098278390344099871668270515350424329181528638302463072140992515278983151794577803033588661993109490568522629269550196979554365553093056486224587646792486342886253800103771114804995254711378046850337989909209342056393635868759863522052386262491
262 533863383210960926719856000109837306962912226177014769606825333761885449365409328879855276140646376670717989766919291388659270192885094244380460393153008743900335980852904038253681528914145312825785220852923481224360429356053688182525440099461463775678499802814414702902555762576939006264185690646704547182947497343564933093058647068318554922158025113245007822635259778474895369966342279322731570866835856119358980721928439382856069450281100930770412449327345215395224246695512287446832343400205088976196092002568871294387505213211309622118321233727561459788181
263 150328274827339604265089092174457336362146559936897678690570305889439836998155498693650664105207077945198938330162385975627600126755582772121210898382579916699595182011546100857696224870251302939215844387656692153007241235585393397775054348515082562195163143442832507016968784483968904768534989580137759131063069784169242201117308542333558461712919151307982331233369850558802262686015265331081674779300751529236654514868532249003365582120013590649563210087461528821842858653268029035894238010623668364260306785759728452961656446691272361358685236808874187074051841
264 42455131791203365691347900364703291282511250951946579206309294773341255562609454610194570311119409674347516308076135540684609616282308273431552563109175813971721265898314900514652142551345973879758848880911249377738055161543072036328596536983589252240309282488003381331497067197438736673131200849398799842088333048154336983841580799726378739088972798369928611616908884906897278241048138436619667454159681476926448252347703555897284847235997365320441229827077742428852528647630313839772506289947320625991574696392356948772124396664768161199483899181840874993805970031
265 12025252756581706878959145465566121667508104001717633674846898264916443213102471015718723152482671423975829386386407879503682119200823806533978012055992336451927398279187903091316468868716766870359240286355881362825783571066709380151079397875490455068148664229936960853010502260420069092529201051739741610113675058903141465085827222116571896096718892291805767470118601987565293600614078783467441154724780909729114486121090617848447957502757769973530577698748638886871869599257547947236762936098944964418600742100499290998380444406131937751136605099705013802886871991281
266 3416081986095536256016942925446995676779535197224889199704471902484628244278862428126585408123383834961598316148276288572543212300468128177123406677163142416481403933566490606696197773062198443053236790141164290376436324290419760142182850299263692193815669635560691155393980672939264129163341691563374513915486448642820026213149254919565046960560594824486716981555352371989235476785761244492586404126019115234269343340644642567673246796306607952526041097449081628975267471301611622839054401628533899918446645327477342120865511839838957908380441124009119152886941467922721
267 973258020488670287892990210388418999091487885412958218658569607891360113624720711340797129448436750614416255142622334888910459500455534954076903851431446245608926788807683017156269944902340400951552302400604055275684276380878716355997983194309305330806714937666346301522791560027084124836923703221312545452673638881580745180083016007420162087600696651902514742969367771767002393266761843345425706365239633506971616114628953347733869723440420764065421675157914879842515039318939720164058963157232822447537673241177014896884737947198493101877450248289492231705339586718233771
268 278092288377900191114177233007352074151964191177171464107804918786768227879769861804220709995402830849661966426032363508944582166397060956777272875309762924161351512493997107694070844963150907069863833261817887422773990429718462150866300295639313330640452966903066662284222433063089037247565214167773188225775159102764215155819165098937094626046882142591913006863892037256701616863396349899054228294753008909566806970711081087121978626117990123557323280246024463180518881079577783717658538719075794623522511114937015508898915626401739923269502045205419267136705023875292084361
269 79690544348795980498904732103292949807678571921683075608681616692223391448846053082916015750505565281841542621067146700156945377247109858148686502394633621523319358901801037449509965926136540255717369595520425569460602787448411508609717688826826821410568474543730420173801680364478836961302721226465392295220191653593002446870632813853179160607034957635864270209187609156305757063272168914809564623959881665541469238516592782405753783766656861106420257128562246490076106107597075406735346429443415129255938512761298582708672239121797604547852911520388536407749732333497938077601
270 22902200330614704254844055186051682862319276576557022743402388317820193802362891736349814000857672191290018429224551444872615360847376999819433770037684581538450916208643978595744280292606283783419077115028337107521297121605836175658249628677034184594286388361940439294037855048874393908001081805902421316343845464594330278653506281278855743508999477807509825116602823793117200664761039373739804120026970965312538052351756959023433600800262961830994303880987748573735574589799523230473278232953754105260749920976608250944569797289975922453422223764212565403177873979081753347904311
271 6600789733486813649572531024316486603885389282258663318517907461641527051886911306175961196192233734498489722644925970681711512837548275103677237943088559429552341360741899399770515773827534538075352981652807165488037257683297208296656427975229330732163772735402869369063181030071878521281925615920352082821898803851688720351831843693826874895755319038815714666972217821806209047574085718375623739117753398194645744612535015470113912557439141665028558342116099956782435140005170614728247823945180386792913693490251426367237063200766557874747385768438029690958425359026032399013217801
272 1907913130145240947297724953417557739762520080429997965534263193780003903793951621788780956082599637074984515359934142854895877711173179263621773957846737883724171492077661282500935377282124841309934749759114326451547145642637418129825726764150987147775419369397610651325018134963427643942407210985204853649446051967305275549598075906815131171328791235335505000840080891764051241898942934104262735472376463073988237386016184424961630305238404809049003952066349171239475804273731013908530716513916542915702548429293061838846119060025226671434318426879145697123534071753291563704871817661
273 553045761703369931691872677301994510211606642832739786554402347824239890931685533981934551974667306764398771193460704297922382900406305686662475906260268154670861793261972252217258831785789712224065694111117404321242759077555314881958888604829530102900085445461083399890801303870824166592883785073867836499585864930744290732959003405882739389019474156795728168086604364555307399529224916458498869740167179296812568805979501476540488781448578164204330561114112185244214911477599600681923477201781824187763647140330017258243882260463172265993762824599506116841982536454946156954710564238691
274 160767814304490002220400528244549315587424917589792674811288183851389944736143241333807213858217161346532153352257035078660167545825128787629007316729902465392948314996683211562646642761846146172485440148827304452848387286238241957131684261437631703785952392061680621538455688063015902620788466555678879553378992106074816008546189685332061772445713737290742855140832369810594933972299451757543465861632784769237585083341664017019800911163743683151159268732846445122839113435473011706237877923079689200608019795968963602013172251551644623792163882178830219482425249121606959526763244720366741
275 46867149110551313441840726347244063187584768275669610167788856180629170435541756944477567885707246992127584713108729797168800398983101486314869325577309379650835852980281663756668112749304953848909716324448670878940330573629870599105193076687713775731741603452259368822632129558953220458140851372585806581228994653492475525058764260033335223204676842180483777732641819817263250530530691226904543614353573825840978845448983491444305010196294436550799460201077347130230646523925357330211988256501316402450512322806923179745046575434509554497684279248237861397872010377562223769146307153478256081
276 13701408263116387439545406580200220864400104530363064917163410742300633769866508020811950661505538483849916196234736141259312516258353897471921542498029376543202449613917065993762250585673764212562488106035104329595474080407477053027246809379802903651752987516891725822667374523332514426576496110360346695279836578542574963960415642148207556464271639401989597104886885714679664395323488843849905430859908749676355418709788051744300909595040677771112906775115110950400256166501231814993164087905413543798397528503251057627580928648183368939150096769327151667251514883180343134938833789245371624831
277 4016844311453223800955865834807190907051053784109571223043603102325507899225947848334876364424857203593395181401885015331584231652409266436619136063543643950206382744735568310769320282706007554818457996496946390670114889217921086469068835463076681722602885300945999313077557065308824563910982087902011200570557414072970897520648140771392099909299319997291522191823873625158893962287755495630456025371083928077448358240618237060535042943677854432889262016281020932354255962489058850437021124901868268312214149409230958240665171095540935876220505525182407023612868289422069105358357075978938431002961
278 1180929088795862686363638746658799366307728024119158119675682556225618223047549926915783109563460773638850091705424838509522293607773264586614414374125054269936524651320652327680921769022193539029913851524672300943030175180133121496717246024598206912492145976032643968679283302507857705920911196724688285745412800370887716189137313481759679341939910865648827849769141908669525191461381018097866195094387682368062730642468180768128341534252798193969836357388975536947708015810852386142920180763155887869322944444738736970625699599438501651273962310459220521966513675169819407296345267011553049039380321
279 348158983683463358869450895042744823438128460983372080501303072922386212664137328591788087757858842991321406121493660741810226174820189645853131465047894082822182730872755186232413726076463487539716960519638970558396225066194837497770903448763114634957559871667254057518163541580396596619273904170503628900064255312357157490080254816245362818226958818712149939515159261792099501632221240174305606949461230689662017748134883553936742877421195692765376093480424465562294521707808340259714437250259732672455725194675248147548696787394258966384200983177392902658498647303431956220721195675790802462136654131
280 102930082056642827199616731010901947367083887995053946848678122001265897685452917817812728033710370674956969179081297842083159607583570706809022866836511735089574918070461191572452128758602187549998497719214550036465533792617005229091049561662162172833705272582560591530337975574995562936509438070559597929731701248393121132638220409743083675951002851747602431130731970938014313182812466096322471821398975234273194063168708192695630548955025849773257672758569168168161265525002986270499302166090452269033726045356067177000237143744839310843240722236579613762061378700378048023659267954169923143858585061921
281 30515040427120035308743066875159887663686656199318849121545191571952048134423748059063993301931120525095927909239612735315520535538919868398307176876921626220682699550861208366759441953028202612074673147419326709744663535614996151805099348559362158147238283181047775201320915671663652867519540787077158772066800169463811678678052767772703592385233947365104838409474265883375155377807789338090307614394019073449219659345791070980593982431810747696553310273604428011822611447305347804003790557504288198541414076321458171343009759070119915657448374671307914465854677157618411434651751867197586564177348313789321
282 9071696557464289940599373562983392168214610266298785772220151365339579395618098992116457384532939793488776060649897494633147016966711804827932254573534126687870390236116586918453400341322919329400346954354925450269419360446921103756148945847917636386570610378942776307990392789772584882485295920113311159515507246311124856219906639418465445575119558138312660019531505540871766882342592242715548278120841121594630874198433421909879531771383848995960940061601916105036204588375038140581218758363529894165992578311677804781126059595105472360227545222102234274963346126794287190492671058132656861061511949479516791
283 2704344773210889067430652140597082625369468193533698722163049965664643511618284379403750020233584905405677815240874275830230126817566649569159392297021444724651777506278640597678377231146233882356682987034761389395091847054474441535702676633173929731866549234493233077636653829859499989776993337403880982838093748520645831599736872963428354650566953902425152970163176092835935213942779391295276114427793614936039249223902725770961648554229350347808315639334558367266090567635131258039944979433322867054177536387064877922799884058703165139188163416409321068592220316984832458736569060281283815350418725524345210401
284 808408088403975277155978715304690824649422530571534940642703569944706185482876166461116844415734559587062575609778222033820009019842335517234559227548386330318462295742421202181435733352463781060918725513503306350482121629905232201052990441618191956797179624958868695219883742708020303559707683726543154636344092020168419842514434658385870327997309378295265543890882482161048366739478833331736945994423838896050610005403443630350961455894488102529491533835895018163295559183916963662806650926854068358054141658895131186098076834425268108011501718731452718481404351165345526623155188447819786018788011594889087923941
285 242320628184557830837347425497697094405508447926290063974469148999399124236091581007447523931125361949756681214682797048100784885088599400233379473573957859381920182507093666050914782532302695268408882158627027967157087256421149723201099258655759943943556970146833170766031783411089166805857434296948531698310233900407098977267930849186574822392925761996070671667761446676740009052763089998654919039760131149075480047366580305111832347396651715608582206092493891706334433127367402848162965465389614671375605204616146796808220943380192648284745887040255762575345444149976743760917516462257658475362511476617781575227131
286 72834541134464574662237990266539363126725327156008183536930965183370181480761922967643362287815242692600754196647286327232494936684738354181942323466284707293094305097714255775400028957213208314369534454296008263834856389798725231578187968781364269505285782609595803530890094050969861650474688377714652981396980623501158987128831835429109830523621346069667889980696944343733823007296627670402229906282388688381075271713135049065599274952057492617680704783138185593466541413694117791177324375784055356527997134295197201722124136562778675728560865025544761784550788508872204475809188189751519495476926671684267310153966021
287 21951682089779372115629204422405276446263121712382215707419141217398701291974394985399779887399038119938035980174023042205494970446615197622230094565477710146871534511825302672695698181821359781082447980382757413774393158325684614841578282081527368780459829372911591022695792152406529235110166298997977962337816260703507478615629732840263489311707995102595584661513657108748630500821835464061092861500191921614375766140038298535884000406018203684278410476241360320571868484647585664113861613036797442586325772424451846180818536818635219020679082581788648044038715168774086369655908379762021577568406544903095549346327759361
288 6634035743134037883638127814529272081068371017722054058916085734979540942095920429194164364635697729226739535334735928604740785756375902941090200745518305906137587347798885882725690752880131698949100744032532831585853096582563425174845474237006361972565489825512832322765306068723045438998039654760746171913077812730953304308340436244720497948092429450663355459395786611605789794732738138188975397479673848487841565184824955178964383435746844763963746763689812558185124444869020557761222705828358634091341615828740905807627243693562962377558628591093071855855982937012565694991703304697600245596608125237383973985316354226751
289 2010312597550586241020092126920943423152871812823371305237708931048271646232465112884200545189829379547735394970727421915883058415824416129973168238801603468920979529413066858720939253932357722819390950901186227316265496994238311552495862185183744015004180865870560880568521675344396041139427782820049127563865453540793643755753496226598930977595139238267674089470970521160818311870767523177625855620907928748122598278371127802680237843467012346006424979735809569219565319950230550543522744338170082247196846400079792276565166361100057101613953935284675838566540339014270501744371654093949466080158956774864541670431939330914881
290 610831448335905303763828636753733286553921775051079108134969512315762037726515864257397138739289354963041846271877167261017640310508153330338450320150847810546476574268791107305607016142927560537815475258165679668897682862977103176658405313573655342884834554153192964613378341099012220809282202536567276738374703213890419173791105797165065246990290309402427706765973940920196871384972808130685731624948888569004869930784386272199169671569284494431186074202063230289161658378657058733469919042526061864124685529183211738101920965014196804731431526137804040708986882173428717318336476542169879382845910154293311717175173685357509761
291 186100455915167280807714611236447084227741274033640416543878882151231632339944779188032730081537936136597729738067467043085387637881339129518353515260621995463206551714605850056075384836419931824748668269646319098366849309197558706466053479522121559132386438818409828445269473225706611783517601742915032364034503631602718545554200538871741132392995456972010841999890601257511181736270720459842326403314503011141106507693117726332556892986232417028566443568752944610554660645650915070181991483295368283664100602920884011838271380450440167328704816953367010686324665213904876687278958442864371732625008003085072887068062096155092935691
292 56850987383965980933863767278198826104344976153168703790574592955727270231929329549844624943755889573904580796895868270578728345219233090922516714494921878619469966559326572352940984375474906175966021731505621427179984706175097376159242593994014061952707536989156338316588798327010062415048858670934930152771325581926677717574355237691618225034136190165678876940842161175708017807297321455120567494127581918265188047440059603992398682125512094320913293097713959011215156777236972497355505269228549404617808660447000222202922737814497731521917864170048103404692413303807078340980324604816645668508247575628557812148310625771779477890121
293 17413633852468506630986410448793010693257282499959128919630886300464879195149617276223285548137365329098619866551098774497310361896040715082009639489047429512787009892560582964938186917474766740727060586779769255606686870025185830402280508988431134235929365125432930096094812848386452456274376466231701817311868492965708752645570907027972761299063576883315386473729354306566758081632601352526542841488004990933071336692168112104892093306848739162450166413095496393590482070161235755473658114464188078160122471148344612637755546816011699040697203425154027452651962065228091566497335590375684233510139554240039768047764834028583870654805041
294 5348080634612696978297986457770473675202918731085116700728551109528319046898515699809113045342869750034711681674827493845568955412686191715635768407426516093859025379350506429749395420001602527166144315485556460588995469380280387882784972303214702944214096428645821436027474442365246300175061304667097082160642310826862965864211863907936005977563567264533901106269961486551152686719136548077533292733626351150838348393268930964444630122258844400720165824114789285139737429327194525055847793686388912129570091098883679771010311888110185917124744120182799301483599368559091130599128647988692238452907653921752494956949246819319526719603935431
295 1646872468857919277915523843841783795597355156401385434022512149093200248142013253306400027657617951643817251903414523645092492092553992742258147659485048731559684372372759185504795436615013458350254930472584184941825387109258719025288943448567285049858931852645887915129500969726652549922718677166884983149339537898115505409753329164512876166268211605900918906053084363821964018892504678088988943478789903299951508626287149894189461851744262105671767100987111691297111086581883167481897893945736303737384670957515958450707092378153306696791576848385110098094009977435017613653324071407143419655583494805102863373400332502338836883536858166921
296 508477620899835553251451264057298817060249437045547792484127974360581780048261835318034351866065006724126735888391079198784538356820291306738741806408660168769045572761375619489279493175305510087361480228438179502847855875643005508844209151880262429355197955381490596102473629510939262367751399127377938597549789918598483342558035606773533742805538272456377358093602212913110449951557271836553834639945575337753506455192019515337635962843752896635500346166877683573961167093020971140491898719630621425086803375424728177278005129124107879463964041217928174619597121101396141082377079581802566178606279727800475018061483189902810266655248519172461
297 157409144578841763601588284573849353704820492953071318287119702521583138048705127065481368123470018127759075263202281347393589970765789478955755731464460384124924597990751927875727432041342583655736768825253584980911200571372367935894666485783230403134321267680467537055937525430213093076748126743395345456022539497458881350746997176559122328493706765399095208252437908140037408679423611020325970291070550590516096198753992416649596687425295889671875991515723608883888052577072071660756748936925140587024095277451778741355578851966483270805864180709042666176387411035198849205921095170299523690917510726249363806879693598067327920731767017002899491
298 48857442325648048889682065820098498986004004671653843757323672356508382149499370663266462203871718921690655478096126047044090210547679464018715813522071550553922652150830300664439455689638691979637403942533661733343334209842687616094814888634405407544409704619590039312972822887209285964710626227171048642977780527371400329047937379255261704732642534999503571098469677836609334261292902640015311548556617728862062146602956997267653186520057331515348332897404245642442419082481719501903679123919149683902415519969978453790569717117270407870629966294798474971008394699877605040787012233815298220234362154575948330496955390925925222524860530705429744261
299 15204445517730505938063602560760628238571814653978114890023042696307869414033044531029720887687068256348319054322181430005024655342513982454101046776724068047334196747494116017637105359495276573367577066298213298882398879692807753324230516056820807233968117855437411687333533781450851824843865003892464001317832363501565025994148229454707695497794303356758614181077046813846424008161013480941689357658000691604286307975631080223229775251732934752774310701271827523354897065343395444954431974086870138680257952894960771842378890694592432524988077997900295927600727488509858793806703096755174813632827508654988138085684650199063129692199147855898016617841
300 4744014338126539261060176971543863392337523577695398327660655240514364576145761833572897253479679051892445271211367634255636273336406282513680385961620718121956946943767632641260387212314171126343711067857915625542095030370078009991451061376974253259715789761344503013681934034173718039414671941939661451463509417835554527009074268321322995980020487793560208748745873480241906729347693922655513055621022420469363267402303016458163757144552617073852273456473329300001173303352689209137548334278914058198494049390099980559841080433174205495208372244757971060748231872195596400131318664749185234076100036279411933205132437118889381842955287415721612185834671
301 1484066722922494008007112915278181829793004476452435456057775827051275684298943619903533068890542390156967662417914485541261298673341170751697640267386444037504845061542138891222480624751369781269073854614032434141336764596236786486338729369862957750067950407655451894495563971081141929185507569886938103869562934112785609681335734560593269785124586943946514426605959215541782608024417381009423058538679377096985773755146528952638145243292875063258156888963753932939177301278289247948215048173732495109161674312770734111904003924215553909472183266844263175912103365475762178179952577566380022077676661039384274332337541576480785432336837220936241990308948641
302 465467530578762733171326512312578250582590229337938361820305484300920338105416721282107224445795125866759850228666445467271553426322285602174829080251411605990834318114461160478055857061262103358368545931579601237558305240788410155375913983168888753078789049845834473571074717706089913853453308546448279808797975193498106521270475694377516046850518022693195680986739169061013024256657321173460123004984521939706225960062311969416070829132923217192560940963529294193758515538017022446546999475640496178901465758807379517166411492498886127277535358971947318328475471432164981054901758362597828297475582142884623776240583261137071003293170088709361165579560346721
303 146369439769564807471235588201684648233257100211635508524019868563449380484276998968909943098143822239276753853485931293593441596458731070840520488158634803549973706085491366876771283474367267669908679143391928976958854751635210571751560016172356153207159270122866191684151275557249118611334212761071824695304512806834541334892647713097957567365547579800214016547724353347085081970257734298289597025419535238191603740595365883390181970977474366955647781192858569933761567716808195666184620915646169281186761578955691423656016539745389413771322449175874168021835771229176638610220613660709530649465267573083790833749581831901189255837340568162814228982082322537331
304 46145890409159869659856799681477368778410627109260956606092648620939088338385386374679269935204404984192763912963449142878709899800662019728200214749239093515856435985229022509629502531189272707316992320380730785069791802519915871914584766799740168141073927321160955575587883091900433297190429726913797985134855089626869470314576481497226025461383915339787791843349361485428549969929187091614381696289227266150641408370372756376772535981857778373521398604736297623235833108120547992478132194046987268162469625194655949157065312059896027008818183126285301537280826771341082291384690027085653612958380873236608000382631435465389640313542783762595231989235922877957921
305 14585919699671952737392125540089268143018895509115541240809840699288538450470470184490390928554030807453518057139312246341125889608333214109039404439622781518185476829493383022336817169367818820700964338665594831697831271146546222741898948147969216871665241988347143938884917445263659271532554584992113569353723312883812885678038266602832173353274398339803317258338194809284332040017203267105488282722527609442306068029988506157695925945759912255285835951576441172206798232209087478171564524214522161834780738726156534115769575293087784131518609008412515423600997876005413724158069883478247091384000405341372695280568517468986052193699727526329352926595367555085267001
306 4622206704855702063686668600207522091727896714157893113304497291868632149166953785845952702661986439666175571446615928716086253176680509780763653731025229691341862593710139865595428928177566970208931297298160629694720650588776864692602861875214807907139475098891708911780111541517071949132522313598616472919763268353919316064953059020292424789051211664942205045144758902640167288816275108386635150711454800812877496831583930146244182457540264151826306364852858164454690299267870487582882554302611980187855146055823797441047712810810785232148283482338370538467704790365107117744051152636353405568445745748391026220251483474261402791019806623081433865057395875589463822311
307 1468507858456106689035417198917643858899763302112684777841808114822461542145987909099990947130547815106729891936371861904003038707944813861845990185177197753498980841471754252556950638769660095976323539680348279406286311774014148218062494486158048711262474324727875426971817725207649057526682260237598129547284045363260531542797763697298654587287627217942905808529984499751881461563849706073365088856835397931147826980365963483685757997624889116957207429079835705584901443758391577453880598650456705080995812107231607580909326593001589650898437120334436708156256319659257634410689707099808782543289038719068749785963315761253910962378638111064588632874529928423557874178081
308 467747186777984396907351430075176750639373219101699751152310366509017194779757210948111387523517876585172605630328291378059148680909840179076738447441431923471963987929682829623387038322515630800123281709283323488488695736762883068709936092093487942409842233858663708229735951197038263807641159761713095799463644589306876742104699091030966522682226623407334493127222216144743798382087365804989175346890967992150785694576934546301844334624492137585228369219675316181585951753281511071352303438851129107896411469267324114143720612360938139848763692042811840795524237307904135607735847118425178777121786794383379216051672440699643151086739763357812382715198429199655306078740021
309 149365653164072130231802187301019255441449696903831704225029266155263153162648726654369105119579752395764194445583638053029046893437912861675515509220049067582726707770541846046826497864371405469749616490551681143446425428971123859436043402679713660328600616198942066352501945011812740284005150139948205870405872127589774063029232859728484159811351740804429690223106404580691075092802267835829022541443850312769425649489415754750014287539689710259465851835558031663315934410066431604602434121053504770738166064862406840354669696423158066179729445228177439718921519627201997719591391768682954279349874095040459660316106341702028809149078827499547486853227301805576820726155372891
310 47818023532843836257428001984939043930194072231824736330269110494385553558503208722921615516494199165942048389900863091382105435412372406518214276258426091061180647743035213499190344305201387169182613221570031587003713505110690935127633424235454352245487931503126644844431128383940137025902338079125628196361208760475881038995910704241343308947926099655144248092845288869344884726973678318035591811808057563496668181525740817714316796882594457806779334024778540266351367919616463269829912868174503594987979574932092635414721825811973044285280427571048944441606000578964827120867751837993779211043796768281292174851991571212019197030296567230451708047090616121408007827221971006261
311 15347248089088175376090716930151582016036730789274223955740657311457702746718087855819194574225612673298030249796092755985906683841733833272714022376426470191069421025320833981943626536716029369355045147220701517697412132353504383032819855110255604432416204134134072489369789461191008977244611602804847624758042977340201071619932622058461072665276210663222882187636691740635421489847123886478735637403629238698359121971645553153397820407199688352272105505345339638703196908258491687727702636881419611420710114873848164231207768234522302211920454379796424769583317147191718090656711057430520110281669766014190210332446700936612818532929904987900536664062874638236635680844950885454081
312 4938148332426226321988567275419540511313611709407548754765955478368778297589155104054712058393815305532784577162758343948517457082193547916965442711324010614414235311782670547540893060955560528824628387428922876289843734220290741402490006520518002630943852817617543274740694861285631157491901862569439440751520007295379772484204403224772845988561079537101002496896275423094920013068894888027987841476196906887151964163728345743819219030851875538430687044473951647500525814588693845000615138581229115334297535868889261442119784446453866963141113784643343128667369592627615096766942741150556063647320524862134750003263885205597133032509623073575785463756611131455135965606887985874444751
313 1592902546180131789271944468603773074617985587744982064784234386754863800942164479938631881140159626481797641810360663105584766703197024682411969877513182049020831887135398722773855318159022567458011140021800030048958561706719200175465785836650658191839042413070947607029067006302628420749844526208810561042384278475096059714519917625283961405600355211580695948471221077807001492186337761568367295252545036314452846440753390992445605170649277277863884489678404619312731184780934056006958023918226296237675519649498326784135473543475784096141075040930489211788867159864068708621976891886958655433050528731211279428560757287498259565735840047342235007238262904465155214352250115107318970961
314 515112977630072748000876206836924330739975003976503007810547161223425166206402409931626045830628359102211756017182205081180251049026806000402350125264999846059888093537488543461801428443501758959888238906769665541260813675120240686916015244294192970754183237973799426243197427008587057509954908342075522446963073406032253348302647555139374083851612761597354006053126402301512794831406483292526890812127268457200213689833232083382627726274001881373537031674962578471063780850394725424586909925282403072703766145965415460789625148058364293330737076669828364537292516061285787005997991698166369141958031314257452099362053077063407387223593060354475529285959415612695961277915024552066811841761
315 166993957887511054881757888762144294061929121143512231089275315403829175575480143536553562393536458908442976358437445063381215767546986173221729725908834091129475570691361036633645314188525104465149106780283806823469665085875384407266995433995336070766070947490903161051531038212139810149460610304852895747060101277003877687375407733235648224389601226080531937958569364974911262538091943576442479459134169083578673130076645403538294610632075272816882000158953829175377681492216664941157929099540935416450552095940824267351422571687122251896236784677727231551951441047576657513664674677085893662173786057738519509441177246938581473630745348760405444373052689327063709712309218633016314133572011
316 54272621147756939596458055325315633095396908787453726470110072407981039183488994687861612357901247741023828561614116618183535173842920684271504168917123088681420910238654363272061337482079784469255889200130948361271005238729560850325435991341321017201567300888010145779855309573424325965304006351474332048008873896999922343509370804097349637221267825542838498849823013948583739340030594773602704892004599545038387190602001172267620978100822807497278366387833555562959671893658408270923785273716792338553456855813885367921211139276748810537653848038775350185812118404128954791278033037205478061881382936375682762169550962596170665349098164877723778806921565539833706901572958630905886992846370761
317 17682327016972906970653091174694705062601162268972281447564773006537616558978003060644432843464680026185953683074890633201163057429358092641236235894867528912260330965237122689481656371152390202527121729716018591145486251993246128709327980304915303580691803432517600652779304439994432317754940158558433935431734396670610317434189942661661466266626722550584234804686177046882740381249890925607660808140104055327176946353130453806493785761777351689170753517298725379935397631248789544166334477819817181179057787462402629236688924398776477393659537174513631313717254292490810017888552658680371232181915346247019041025705913377192775130311067592673363020453916565632435595631755634919838110431711220801
318 5775285408002398888243729899157285691277077743750183581001324685213156754661449746942767850065764792735297632425650387410326059283694647608401975487210270862206141022594232497069869028774397741640694053809518959143794671721902233822934740487764671999816786879564253274076920906379821999738876451259408261435898393832967964521840382189913612698236440434955920131381328791741698310967858301988014191337607272415116783873350916444178514881569131779187617407521576351811396284947244548126755174724100732377516861591021803678603833331121914048595984674592825153236537156863042433481021411585768255203015946774026234988955710648079262110875953830545297170493379701001411224241489308631795102948082213094551
319 1890948690519457738542208656825340105866144667552562784981038481797421778306205160812196963650916991725357014465976762486779192755044212590843398981504685779703623394935360914031750479636872107002018625224694829045058934345257239057076492110066812235704096294446426855732081977144331138593686823633262113926755877314533190416789754312296538745242042242893182264157154303916258581045222904687167682834072117470928354911091601850053734813442926520420074702103333384287309251152852738025680048098465705635576082821499263389005835815340550585969323836358687075276907985481928214129214197287091360434936187444521650271001474601452200566984362062657997239548162269329294542501613243017481325063640822189067721
320 620662012038898479519046674752912562429972701895566841408097834475232201489073652750024251542249855073319676796807431846517818421447834519657549827009077334959779841118597888469782471559821692257823442597555750800753379217303945257118624547230634714671583739430800435772850525273236961237547328101916053444458662823910199453112572365092777908990630004614572148781406753529085562782359880101715648322246284668141464440429756822001442057430319543987856297301653324366161019429805002968959227693257380200537457660382078944117388333065137332585951650789090706739239020017531972052681967217132247902144499223644114416344734807961561275870701395039459861589483403411852072574438444754317808516082440925673542941
321 204219212655766753511869210633990047583562718892297495383707765165287838258895158166248739501839508487987552811993849221433123758758443104081039539741645266506740335970570043082007543837396357323564153803262990178291939110566197020218728369077028783352793604587950455657997140557459191361081882960527581850831602739081934966436338543556544522611905539519903961172074038000773012368246830507781562508737758675319397935927356282267505103568682548690679274436509613044274599278807824422977028743428735307455838870574468537395787474240204767756706012615892917000838249790485110225869044185995228846786038255327807535128949881975555214197622535167260314652041347739113992162554000201498233946848836260484999286051
322 67359824362280283483995805673393351971505435680107381499907568307424249140840204099035512323893682056613247184162239886158518087067389597915873510801490959192541217427743161186537736139871469971756584048049605326023148293732608898991821126087552043212091912415044036189221892442814797766653830093884468392487177533588403484579907818109226342668118388296711058142471773788322822386414525371614542548812022471967469041817252911842074552500452575646830257947188043320298574989948819490963545045130683954218508840216074218773947637117998528695987766227367298868869050419648321403396722780204213083044442154969523173324798086590952933615535554599187337206870522653729437327647976404957838871275051307851737270399541
323 22272303333749298732674190999277265491294186354988694625190239196178566893445861938553811604618174006215903689135910311771236780156380384796170540578220441809868032835150166304402563283595526372466166255674595282609016407989457365100652058636376697058729053950448667037245458366411316976277745802650877536141077013639286805002859650405970726896714836613051408332227893785365146892721659611830358698055039290036148628137719112554355172625881888542511827521919915291328446055045734701770018705958296134408667099650491433804102837120433495558525494132981239595187226788400477363156215623064455574397454988083819475713035051063962502799761204494863849757559198507025426409859324866930739039679214435118459696480116881
324 7382204938910955894700794122559213584049046168709552062983088492575518264496435537824363816412581194996867718339559476216748995494664968239573587964934510076743645583734931390819378123526501931910769584501034514408269522972034521650752047807195824396013152555195272158945465028131129669200629194773185869228040169073106668222606180594436497956765136330860100482714989240402937605868503548525788545714466260292250563992375752933235037144044363070340463909688384503470069969355433811951479480377363514065164939655269160618246388133982982905828303779796403862360693914874644839609534331675022553432753386032864744664490049184351099324026801135820738485006910699969280508609133407056126281512237312904086946529959337631
325 2452792437092072973813510907521981888743610077968963664116063906763245515693884191352463572096274006112481646862874845662813894535971113832975765184705681741243155240302856832100666085193878185266172595342560735527398761628891885178911718901200006921204729700915495572914224980463091965558657959134045781508936467193188938018830774023164812563617037107869082529922401220196062097274803026372488433903859557590868890259141350486796198028171146910154437106317303509341970135602879231694218038540854795798552250283778868798118081612095582479022079193553572369365419686806703932585917228141163636007842555782646935323071007883526792150842898245753252333708763023708017006340967217269582428410644388272860098740326404931121
326 816932569705921558048205977035932700668994885985540129747179513851904694459442931909193005443317291344496124019850490098574081213334456094871343451650690191522464506077829559948159441524063257198901496315403758289765424741753436534716856984028683977949544250142629451917392767048762539705998349909496680612505332824815383746374226754285380238947721234998493664899488470700509187763135256304499846584546978971124449911856896842249896024618213745964981849546590971838812761601825973967586863349102717426754350492934064722437122763395859759744007348736143768323796250930730524597928512903172239847862338929566696441784177899047601093148013744254577454848543476818087066820590455838371557693971489746633631573427339546657761
327 272746589353117006496353542594758025386940881637281637168348591183136372271188846820430473758134998457143487478781834687704821655604238172294815785824141773537228979312478941979270314686904177011439385340358173953183811858647430235251343447584476932424846142649315706313219910821314986838454076694783304404432837238691160585472913127777893139345346225504205406439522182175710786019016543158001438887099538290014566269776058396430464501894520261462233199398428165485778056866236005916315540971719463621647562281967938167990706040170245103424862641013697226859716485894652021587926388997110890247040636165434460771254209063071532300156347563637115244935946286084150709704859423011385415678852592527929878271425981451526191091
328 91280321635711250787770308863083336080296454816329484103395818133039531878843142863261074971722926532327789519219632571604001687396557410354406680282213795287643535834961924394795610831139896656336504185328520611298803418338087470940648672762931801563183459567891540533947708514922772986760397573145953709351304936825600232718105736248139394827457447076132177681434256096392455491485610141792890405871348590860741120883169322584688002951973653244346706941740294635673669387275115295650435703939751436975032355248718823008652516574428530501627920301334889069927751629444863260467432543736274790114630498490321517172501774853180009967627699686413251978454413288396781115479902269000436353506939479318198266056827663600621846881
329 30622224665714646557819237169480686361112037461797461719473500985431452383283077466465786811740605303458732532925306922049768090449887371633446471830706445854608907247606786478211853712351504385849277372864755867534715976164712798766910567967915243942320048301630715199569632153971198764203818623896841270143213661151935344929001050715076457502400941788814234612901055533927798792102245022299045156246943284882268188565475112834608206977604163395758464116780157110155647273271125018437114744138724650476442612342883082615102118560198874254567826216638294370142006403126046752632051998929210991229412336799793067455907464015127309021456149128570715432820697880904517283927853356433850422556003213352654273480247831163522612958441
330 10297578322648007324096638865365721929871060897500690073698109934338004844112730441327501182045053246949280848898991882683093447351692343028721872413076236128454863827863122508112789588245457656546240710760814933197109886634184816687598116016116776715117142338833501922863689083355246601280163134048336210789991230708097249217364310383804464529298036766012081672469113506568649854312278208649435047328673600052329302522544269912891899434824030093057879213611868881394178195737744253070086374901784062030480478264157845426080774240273354386264820910402520452164681525358707640532477019531388134890060571925194362009103424666450323833087712218114628695745918399796979597321629753806296684371324333148504575341566014212234716170750871
331 3471117538530969738887101177395938053677195995816767553591919742974453170672410325412269506268111746087839259429749620860004702512274648552999986316228102513784342514882221535187512229304117728649797184725199149109694547589246603840708863162919145274980613951151500071393135632561990083733474752305221276589733980945540924757983616661010494624778668698278927672880149985932268910896466222028861400543390347802561182540933844711271512931663474588759482182398420349071937791871082789860298256062497187805509460386530872503031269243342968089382810129212311960442159612965084967287147503964921233129433509131240076508980382724803188249021274172753746298693837182312803256236492522157095655312401322422263405930426671750809458874849958241
332 1172833778768030324673813551278255533416732935421374374918807664986827651912201748703455864874316814411731442815889094783351534435566311249398728876933054470713173233404923041597213255600410510379846339078815732023044245476709444485915663675012292644446886624751272275402430805328514520284714937832013866487168587869678473590587308436795127232091359336381839771674618216019650943432302838038393741388845218324587800430138125475759276251496958460827875001479977118279080982042799046325154247348946286299887712482130163622286659274461546497581272167808020217155924690738756033691449527856193659567557303726504586389136356422789146978239529615054109305916028009940908989743524233584046079471449942572040484050400132929618094372773007291141
333 397222313348383371320613038819704872489222978635118404487873023256015764409947472371474983085270287928007005594199117111622607797167216582407470215775713948557466273220122217843572827978748328439256603043419586995433952782461244246068856113040142388767329290810966378162537277285907154475830711698320608927296561415085391820685744579441920151870844555623020540504821843960287110043743214768413303315219705196359177932534294015985429751991727374022472336866775556926325464160260768426379139808981714415101663856562484397915148233673355772224012899815862396263382060600648307453534533673177489482076700519880987035054674436435557078300180816374552661032084621405300310445510945757837653572270086198005431928894347833899116724104978688714491
334 134852171514635100787007769806098600593305046461543437576746317244980771016860415857004631112632262386146107132638947253413461326224342303387841240347503048492062810993557538916840235329534778205490326127567713685098692451490835422591355878864481143483659602062047168914452148776298065868410760147354655291513797233362311400914734137691387971103496047319618120286958408733147838652055102853742419335558164121630285072490508147151447444561949636813451852586362838690326061189014349944362417022191782183537032526169816957742363902835396658888380779340394031520416324328009153764953218672038108104720176487975366787677614461786518314585842453289033306725206384049890927815365013114939020145284740875713239930811389994241290485471776514423381221
335 45888780651755347262997248339130299022928707767840139697143233775828590302974316051600849962531116257420711250658068506158446982728936108023181175381599972103886710005603972443093039980794287359556301627305505770169991281658924506327539773186450901181159149887351671179806106706057822414899156971008569334473927277812440032979692237369680629278999922762709213180886223272431298678058823642889716372402961388941495894637860624325159389683925893633051694134717720088139343670897297339307449438645071152161316418855996514179786201400251243434586297365534766997978785692991285726582589416999860866013808460435624011120422203446401609311332427952029994118317206172330420306691781082951317270087928830859412705390306769902435260248868394222923756801
336 15652240123466808399294934660529086416681983122100255186248612681115202099202034481889835042001004141024900598055814159729069131376789266089818911420982469476372852668834231583316111745721929825567821380546659909224044171308114695357314641693020609062139842669186598389278525208835352940479430253193883112531756630131448988982554745938793821588374366849822060345322109847216474445910412993244170476853072060417124253820012203590902855506206377204017126926873176575801940040556279864583569787285269766999286133788992542760484147519094450374550065517655006847420401622041976750151283057794983368259355567524733535536723867726241745326269565302947151356987542224971234239884249097707780149394383499168525608111456042321256360909529306290391696300831
337 5351370954769455011480747985503442231677669258011989511005670218060559978221308669033039380902002892546203953259261076292005554318267906386938664812324641480277295651504146260663719965597694442639768172800650466425982135059262330475083706925226485844623995679070310506451759250279732412894593702711859021100149012969762962361530565320125686848196628877320129980801612412278653109152543091364537687117362663016048642996785948381987837067968640036073941928108612303503315500207026939617466102829112305517221215580930157444512179703661440533835789243376615061927270087822478504735882716979638376567617139928013093165292457768802762803487053295759472157290697785963663588459271253062414359372486545786657195987868090089120909734519898156630174960538401
338 1833873439283351171122283055184210254338801201675075420756181518030535569830676406944689577934353644419140432996006471081210126806923591864469431273754038169414063531967400501272738531434622098694018946537024594417727416799336259236049049566872365222056459404924974793739151182928481282406593435200890855098497237214814704024103846485866023181894472562530720603857098438312468298126214904741136605773790229872715351341313340665263789506740032286114648499115217045068549795801645766503858810841523873552870249567675601530058544865682420199617903853289532040877525988042680323519922421563833502303674898515045269077841009233424436592642008750555972108439935001831549366698999133231804363140454492903447538462763201553836200895470572963564035983584750401
339 629921750979247197356342359139151969114331784811639799222170652618084032107258364050214979071080142694578385825885901166476639385481267237548822667440263675285353562996569424492337540235792636196541711658986397787941535393796779011452907421245359579346412588480347871481883976591738765106695751005033789458046572983696157578760151523831701004961483704455147278684178983003725149847575005591029743521771876410835072015953788706317645140530562505896899428542777518020945811385078523350108988231618307806955658533323045661617435060724902741575978286297894989781734493061506031205482589846840174137874464924397965302021505667304986961768981173918189344744174862896851774614658999929397956793204654369508633291978268820086009420764500736110597218451500650891
340 216877250106084507577661219070499542609397945686857521450619444744633553007312033120963815243833257844821508552142941799735291737486160376304989247949813572237055190429656715590188050003190718774506018803718382554112828404271904769298503164541861926170984846178221376273198730214038389846908126838846637574233439389126763381964507256418155058510457157813190706222969540334817786790820292765272631250715029400492907569150345666490131130090230749655471114292208337496832860263965037402361852147918831200305154542255277753578227921914159403530444490782760311510684621592730581324131937670057381820644421770199863311396087220945584867897401609342353928232647572839647914285467296654994366658904089764216314375803399762615093985813499348819141293302242973673481
341 74842582448408029998073258639168474644300258193335409025290498401326291737249885761785771163982493214447608119100679970630414190499918679118191922745216541816786820832349191014313020797647677023119882351227352142912189146292067489637882093017616135647139926604057052644033467450007606320758495879244138586867555180265816313017594844638901614089335019928856555123082011309410768616771926617643895668067814394735244349922848893961508759688421385058233311532639818581918471332579507243297802226264936009093748699488201101437550321274536327810539166880917517814962430277016955059812983216601292639646294136880350492996634610959447181571657975948447686647328442901906239472436121962847471005213502371843838252062093060677052694095287567358183855498547783974897361
342 25887382666839437769558264303500377169332171236472773082998340169004530063358097429405066499244630601377009813862330149725713528230913798895233762517738679484325284058907419866261899518863865226914122736064482611963558746984534514954271393807767375687828372957956796110560232849299478257770652809855161039028953086886608780593558591615779680231908749606808359450625363409974278671221269289276788863311694036047097917235163477106228837301492812778497805416206683976130431658187898455025224183969439110573445533280176653969520501204792816944032294541505856613909481457159786516108422319469845837542485514912623044337244002996802013940008808312868960758814277052558428444987327568624988966405343455942856492120433825766711471655243545444301924142473877697286695591
343 8974895279003441203457169421496367123687737235402092145259472600283912499746149101984972994242069256132658573462292103681284277519537370214005819969055620089960362325804692184452252314503532843731953256212773471188114034309700077657949666662398728751406747349653973395010794122605540169802490967232149750662012373124376628196005658842050073261538184607237253643955070983999180174307638600579531577952936076540488105241396262093818555318434186039377134370992334101448472846014445425658940073733696168003654992393207476447979043325674806063370418611429974600854202191275293713847076957564693952033103162379682632988574339782147713694054274838192174423672425154990874102656297657127284610725278722867435047020983309641874020728566554910885159202913956280448167641801
344 3118672519233029653265138467278882729554919869642975586008719480313285207922891214313656157757864592296155548807800675197587363998406235447491784899289351746744812522401995339520378614403127642332310684023400487429963585057498948868411780915355538675346092257132947555821449608154217110542519856452197809003688620217334199682076822740312667555904053019189364058553111077750863619477910087967562036254761695928877148677774800723554831909672926710956586022609487641910719823901473677720695032476567129539159555859351474982192802276678897289387108840884771626190288333681268667770662850263550597621765273260982046512005278555087144570541782376611647529844715687870385448434987286442029747347517844455911733463557103810378455705938560485513315085395448227913804316831181
345 1086191948547176659565419611390715006009402746640609635176807993060880001679661752003817521193929307736951791176611502045574925133905198298357034015606602027137654982196872592108277983009947283552656097118315482890658424439309261606736760364198640679746567591902564561305614133403320715881431665897120122605123078706324320776301913210630595038800143142257117281523066240020509506419567477737718100395254763352387258086828497787578620688680149824604820586761377444634706656929998034130444276417031230993094655964538003553959692081210569114452613360674970429520152012626870501882267733007219792416679660259227487962320685877158895885079264730990411725075987906590599814936181107756011894045882548468805031131760673277253326786317709850830168429390623999252351867240970851
346 379172740272814697116661657528319174409701069880692507114885900992493298737875574034314745344438265420875762365134343079737717820746288473994720159839768850697194693379315324189966534084565380464226932063402515162192617813843382200961065069024768629632243118264212067322905133651773549296528771403086168534398015640195147550338088330602026346680464745286173742003176302654297936836014481702517957100193664456778365670326197244593319271207460250462758258908248279781677898518084589183934674929799837805937441932875901325427656524750897668976447394489715011863351348351963365011689165691139360114637205089924630456956365232594581226123683813166438169027759310672240983876799758690877697968024055298083689899826148081904328027007432978696954036038022843196931295868290597541
347 132665705868639247627062364059881584647401398922483539972052570614469567883223284698060088135842994953486275690990291075681850038820772716559732986484806617421342278937993058424703732017744664673756955400388404154827661004664478231133170232459083160258924773921641397977719541902462052025772188378119881852027609735170175804814698905739912648168341025518044400149390213003640788855768627711726417795972736946694610154402532680480947006963536958820154577548586100842328939855196796320826697871689737553404392747829106662812002465457968738417813784460101409841858404364034639279653693491771755646024677722574357849887255012995756037791909057130839972351014918091733524589537030512394781042021711203611413888727769872248687635221257374958354264879986600027877078758898744691761
348 46523095470460909548041786465540806729739029638185462411729163096645143424632796591012928334066222272450323058039358548987445819081342420556054437348332862138051848311116657093414599206851870037736416529744266429231265084945203389306710373695643531011229655517114245944218265718304284216173541321732905300089758748535601846627214133581636155681492370680978262305900433023966106644405343941904359161136744392781893723203840465284763520864090081331117598885828044488629666581800160349320137603084008886185973188782258374053991648165298979127953071960905672344508259771891947063648991181692796639880951172995499038013525319663539626360488761299311218194849266247872004832797827824133726315884257027583756745365600981274940258113061663801595672082393908823375463430715764253997391
349 16351750236710867964723998287221660315857689223098263679055367476661040964246736431798043450033334759148403803403854036954342908348795080889611022955384708900251090136457467098104269110737159268344739609026357059859585152495842534706359827377343900642945761024322028530852345413861834832914853059196984063787634676264505503103640117312065044462817222536811562528016056012074575077892875131677086608949640077203562042178477237850309512276734840729941174140837218415752062314903584509738759763491720183350826141354462252066484165196905682474961331259156907888287979166611323640805621533324518082429620995930549268898163694735773477281465958959233506657755876976082834923447878399525935515397570570544225434012149910044978763343916133440435094264573078761693993540934779432937112321
350 5760271522957288255457089786899264869542414801580886058165951715709925681369827008667397854888980379632215902936703333617137126746429888455454708944409032940766417551292295763605634722357210755100823396335212070905440514131672786439579108732986555931881065454019613933473938688569416397597384727073163308388146140610151831418742004416331946791202744101887214589621713986571895224801538381533520980787564333407030184106394959911840738812627291042749826174369238058383178648156296016505550662011255313798016355873289853709278262115763103800971494106364083066317690030011198255739605045056288212794432420168983398561567335131616654539666245203355645479791007354199344674226478529248913324632849064113720650699921247000583968178762314228667822494188638132402031838151598247325111036641
351 2033771266967871074248205253227692249034367054927816933602929803959175277826028409129558142566204623805570849185207903918308405258760294396931685454508890178205512799266902418250005500915149862155846515373336053451258933797806049307749194954988187588517530832842727583308272912258241976554095144750434516689593173410935248824260406013934987829003674791466558572830439141717740278141895984326774039661790060895785737181760961280116335564464236846984007973438419579294670751571238690069454808865970542026362808232694703984624465853312634878161051322832614610655573024347994047399424697799787347093437289420783315922065039928823614844354720177304083855997339851595886739003926488080209018357351541034807850669504548450992375031940446841322213561834477919142044945444230719606311965968051
352 719679427043243076616669321306404990461068346734501171748658789758603138414560305466133593194543640987756489604528790665093251823486098709285731775790376928993361909722338423585478929859040859615267692050105064615088653368560825681507210076643642791787391481581890232977645264137356741843762482929800069911885819915270426224046104092122424408848048875356786024953085123220425133044239863058355163882477887540009016458476176471971192457355142034525404264742457941859464506207814751754463734187613056893990466415542204135910986578812290737244227975961569391127726252064479608230933692585308321784640246908333684601281938795363694401586358802693122382014122740439775169951097543253139467456485495345852712470294170364174356577310127016573743090689239738779149927144217584777705137081748961
353 255241505984648470898797968022237346785024279658223265965665751770304597484787898348620593097786301024225722285563179417434228918932350843441980559338974931091028253748526001755970307976114024772767317778594183888155480225126934153337802896635595274645183289166214401286544783298214345778289503013213984655133182031165024329757586794617561713044317427057780303133439021515688461866572096127087657760108450572619530099296394667964686835390035581108135813471833882078935255642228935901415625350613309701596417642792913436901092676235150551159342331263882175943282502311013063816088645851315745925715626585334042978163386465306863700910745579404207157546538683653537778455168147395136611961231114198319458669718174613388591232966567332139014622889177101519490981894130891416290937227255016601
354 90726917063987966487894356120819592524861530016468790106840209519059605820961530116324824190323938294413767454931428160968697527788104383760619771402327776523629550585617186075823247433863495721516100460773485488170943716938020744854762218275671914755392392926760488859249313480315930063780391128008511530940518676833048371213494218000308329721516260711278862557984955996254091146507019522553095456332905810096231579388815510668466685728601202108846404768952735991790108131579951974492735250637997566755740861468560607241563858016118625532976077836264129819206366935329339354909794164694666982602902892121824279932600629238100150055888132653068342881193464973373080673347516078575820249705211323742709422714415825629518908647843853149102014675336922040339453833653761928393205355201848561031
355 32321468373918821254160708828230489706217528110872892627052814411899640908408725462588128382838442211209288962818136285063671575800844880938366200660436876185408578451021999959727108713738682656425195415681754279129262153232838041315177519566040449214821244886167225753181453779642165783121384041618469436991884308404188180218534385790383794452878717106046182838632774532794857426252152948618432669123527086575394665261608037763282976894498450619904591258480906452815736198466868989205879454228783668956635545660984082637306735317270246322915797944044704874311655899876567452104083252326081103747602671305694155344314485856977147327248814735646053697121128702431182718623607847786119454741552031493531821151715831658072380271638237211538695208000223603952910998003654312589251624480086867613921
356 11540205121659918243989746781892477507182761286946547490270180047151347504575272804527511071237537034529378389705336532385460480586679999941499906369726505415074230880657978943847487340640525247216783828916664624083755144181709135267166014608724131324820747472053811820845797030492907070820638994432243666271727473792425690362179683716077596007359045841384724441318990967280653127392248534806008386251877130884085741024095257024930823199362088194580781620666719638754072101041205293920660882068303865125715760113403123038120883738292809865175071211576517552253128728335557768088359680918258286773315848837208118678979362232108616712659341662661674088172987947446649451146832315770646232387502393287814634092566233932855106985358766194943761805076160576271999914306686634147742995894751834730000981
357 4129533054886344371694900561462776585873876463124008609508170254945642349479346398849384344845354658499085352463441855267598275710874435966405365669063229605651869812317762455899814543869729554162324321465228853105970872452328608481992512584415624808792706114349009830509390165082241687934084280862132656721861195249248373194004802851441729521460178022218055211501925662906771779182987374920466210280032283091434156814116562840885524130865885230614643782959162263644444865769003662401633703069804145147796729040563695825512792309238855391915028531418349742149287389024806739588181817553516917414298525919227263389600869370972189676366270746785207259658967567761391374455990147926438945292172310922169863390960909463210361901977996611832719060452343181049098466021170330718872262210631212760035230171
358 1480985505695618498806537146184204365154940582702833394384741325022477273969692849141865447328896734413635135871732812993554697244810946745386596990395208013195668848668160539766868729981456465766895963951292292081114645219976438319454439680856685613148024125285392006798054520899997275785174574757939815438926800829645562549005013643008393013125051429671820918256886318730716860599681997002435234161532464822763239965764479989523921467094218537995820651794528283668107125981166997788165884795036385628641407395452715557251235645578785682467632918367659102091718234500936216774831676125889470740678254657157521374175286891364018338407784309536056434304433658331746711531320794086838844604374956398824803691289218232655492376739700473095720012075565097060572292715144011833643091545822639614852489936341
359 532305061421759809534552067684470934710537031603067003407452514077312711903915633895216201067781755315549291464949710663725908734302884442737969692491855354342468647252081345930227507329314699575558465057909874245455180555689812080736617828696870129530375639855175464067679428901124011141568478739797349346383747059696058906123667926867930767738212071843581182428612021736817918263588963158474238657682222245309032907348158696646809250030010522757078545347832120626077534804292525035659968613495126277256388743569521804724192190998746161722555123595813445173393197912904283223777699226424668760466243273596104495833910996710946704754038368759622250983683649556489344582616066983475723488177798739336156741568747386104697301732867073031596031896884707855775315142992162290795744916844233908358135476483841
360 191746659253731963562702180287019735340840143463613558432259315473050599011473648211824390687593794804374452686498382148436381149707326031585381501932005739381855057001760128554369150049903527395566826803402042552505328340091877580544904465435871730847239722490536177158666503306460365789502254106131625306413713955481782708937530351263560688615193466183987443308495605741700172078184110187504216169178423036417462000786905891456584889486073112831167300216345606862079762865306778876852311111495323624170708782103503946653600255495874402376024845006263579650634651381252752195463415679237990400538839901558192537526237968139281235009122560918542493033338424591092024956332348468445279481295440570966814121045471782083051717915676074065942348883719973877241463568035273453353662553656627498219076813980831791
361 69222925464941766755181052945535274401067907552505966522842962476789359246371627565576857825991974464635835461203961552137375155578478077605275284734174882891669584311235313126893021023791533528605115359887270616466465780932191246329199669137730417012055551538244987864229762891042566664613200287784589937430774080790111128201940700114516984624031746465752876097464609293312542326070188884102955494908516760352548756656355732045263481451089000891705698749871280932499723534280999289892691056444888273890872780159674356453792168110737298423015449095605971579894165318606673427175470203316137722108498245038044197956009668516675046365520419686945154897352995093055289852542890819465067968173361938336527713419852669916967755772322095004966299156077223182288967236871351719131293547649040792925388465535732802481
362 25045202543866054435952957892437276658923065551449386294473598638678062387250309383105012442664764123933686034164882203068137288675406441495063883183139260373269778303019218762049716507615288605659563239492283999407249412421654003929682802300983278571439735434668780390656932983137108152114805320268184946671939127767424938220273449694667682162383639777534002332335402614243807911220491595882100986854841304598867781388065568070349245851416209822626070647255162997508591884964331368730369119614622249610723671472054048777898179136728699946103738463421752011940298274571173294042774796677764439383535903430050476016138242227270104796876289205272067173631594485296025100354114064349276688736870465862005769136793142878194980462811774002677232394915964985803248415008697571011303724098213242107649860004692702638241
363 9081323339812536272943293616323496569886893751321593846820443573466019050442693306380659935420252973099330492613119016328489154582512146830830518891674544314101662953694516352548452521904960826763950969290007185077724690816050706186882126008927174821136708959764749936106920122587475372390024877455764240093940087033243693804831688683566451742538475862689722903169779276942973026586102956281159490903743010963500315384950697304016906019332554431750540426741801593145100473992202996718366186410561318243700634171785525713633573539825801960492458884092153410789621822825353670243812406761782994264868757302257269122853505286640138579235428190525251216656322583210999030843203502243033705529895309169867018559411873604993066062148715864897920937295217298160589129074642668220848820247207250100286325612656072296236971
364 3300055701761508965238680158843107370213005426459306728638725179246451115372887793814546784512856609871209007760972186545851258771085124908497555449316901530192247627996775596132480014751174850046038556190770664298952675844936146427049869275580113537345974128851256609191501200895168297225303372409617020114632275007853396583838683085024646537738673509004361675716701085075514855447498468033904913852243729000359892583844206832790570139613171489416842534830784099042894131171625980857517929242307354807012211631822142385940726791875960078271468547292323903044544280445986201942803604753998490889258423469461557343770996707557847522423893057862525306928589730470162218180420306569047132276067296621739343058326656778318703828186600872008318558931477647194131691948824443597186467291394206179436292445791089485738117641
365 1201817446514573930952527332109544153815937693128317706796033000091349833725438243511890223088055140120057334201206494207614807403183695689717955766242217658831784500703111951799943972791975491648143436837049960270677252245442517596915394910275554980738053052020434077673218243500375467835867883648312744676463390729911276966230310044616893604295470491324940422516875162877392131212691971653860491210488510426822096290748724025756977571715444280089225985079022214315997307745301389887757012872080030027633156332395961120397218596488181166627810493039511229494403327632360453624230713257021073301419780127895166439219124311524119354085312151858158747763836583442304074114250245958767770232280826086701328689693958056917755628083647162462493495687755523416683626984770384263337614533616185262048361189434598294761464920801
366 438630083998498066373544113518541689287694913028197148111703218029777746100587007820783029586822518688573162606891152298907268842388965682927524214708991750620338283068899415222405900983899890970522417374116941097077698454155496521217574104064808036578012187037547768317283283993044448122836012167056160272601627175569157068236816223670517966972533771100461700468613465699370459786891779647840307744786980895285448606163891082200977581280494392420018754497317872483187057596371341235366311929318346137534506520719602271734488884520487004387589413934622944552270228248194526061198501377826658194744588689525001628900353038769568269903442286285488325951679719427311333795645426132666665354294414692993513370687413268474831863791367488202586797831176997629483104334461258809315777368539294939693679147256354548007956823740151
367 160434804574626596949519107001914230935177481874540665693019006704635826778114670100491012824276455766228204452635732487227951099365796002537274520027830159145471864249983641923584446441110200992741942099680173035853235841309896130646175994091645877912179112120149296711653495551746884910186431805014040220589366457941614199174676763550872948752218669667655920491632796498625221701515015996473426910180098116679340977726955697634782957176974518406198356417794405895284190558976318217289077711280867923534839802189737137296803607195982546961560062416939530037964986645003674347467491708150955087373756246276884924140292548588418230837423370350746513098631342958702298651314182890664658215939139857377068734199646260208136708466316350863666013795139112702215818620774181878203470741734493047516091977617753542648652689549753481
368 58808029503852232222087098347723120695294367990015641389102736187442539978462709420448041111662940371247410099752738471534348669164470456442279019456774626138503011934252738759160817817046280345346448952715214187609940195053649984908516225269533301364611874903778447295697425117379873194916523488923387582235771164849125799603923831127422264605656043586829315034649687842121732287840035008354980248637349720750351921149814871626135591775990774539224122432435299609647760223360332830895250285240928642519070608626184537249155927442297309799833524402087853876745523605216834267309734988767536070472936039852718426860804914286413073919198508360710556104811053969556220997551571914323471176773150039650051089729002982979475141634921275150594873962144349029264592741681807333822153428793362195017690797389488439255999578183662734461
369 21602804779024159760238292690547021896774489149786641808887967552850635250943940061581936282436897557373211364635736320802840385068340855340234059014660579165814598684140977606398889218790534481232779309516968682332935724669350615132079247705851462791325614508812750951688030942479677267468753473460473507873329035490276167289970323817543453184712263277588648821819495110384375856262956176745441619685999292062964236802956078236185009525407277297072663424639251583505476751886206644960779283603170279892614566845550622903878346713066803052314863774282888295321946371102061545429606626193967211510399019901211725696335203675320793777969746312534854637362391270559843239406514318986058681008682301327559370855360157932750498190861372023460285902476515836191446735801513450256447177044492492653052587338414754427127652418361152980451
370 7952739446491845830846798049362127381667865187606980435008022927058160411084742680697493397433238928041754721394928543174000086909556301774013086724818042451181584919828968814816335174060644867410501153185700839867811209119704578868964137433926952044382669116357921886956953668383771401841677926235713055582638227440510897093465546785321180122455932731948597738570127488797296749951383046962628088674699379266505231387818195628107996675559006089137558236730808304078358249441120833951322029920553262256641558625011214165684734372944602611606047317300160454749717899002717109575392766018021568629474078094250811142812277864761829146344067140101658860351598777383917039580625282063393294811997155229364237799712936747720409083570995021232596313194805926342575787905737224996457858233288084056241565586754099101073380931133448312550101
371 2933959422232606413003732192142689819442619599743766231995486018404169773161804741035014864043363822131430267419969089890461999700863883676960891905283049599676830846796108642872003234542080150108263681709337292873224057663973921389028083658737606890643226855278201013478288127900515358226028210664454388875302042068720451669907646577471319055115207725688398894505425179021895297024205287018059495864774981725087681553962371646734087907287009434974845667415315674493905861860543166399829929190943467723537588644345854241642736600078819020072759146814933840386966052587010510464929165377789850677461309971182741466724824959466945025401634945034973478608273768297445550611637570969056757136898736743847307179420363414270564187568873728918692642077308811600450971000319009075093810844757608134212626434451841187661937758635310511637003601
372 1084725467691442835365861484214409062430885702350495307769782423026481021591569174198714608874062885469489055415903949228517186626164592255958898133280302597935589016360091142686893289910131896695316676091955263303459235192295754289734903765518356279789453819634946072620461232255105191336109202698749548734144027332782210776902699464819481638107547006135655042245755307898457456851305643677548868509119533230811730812814647786349533153937831572300577052784814320843667215401602941828439090075705607559005585652248603365339668446873362216471109362407787346171479497369059012489566986637209946873165146194818702580729374603316220805467352377205738350570799212251806284132621275267563632746886934903897277932887091413515512923606632197890566689827130262800298397243028312503511921789712666147563444797756516283220992673359861787159438758591
373 401894086396707517063279425692421940659476456972448515618024578399786636528788478196771126786713268884354844667950012875466551234200697108220120297889807693672303441402961786327309447303517399358493116214219648785857545078208663446737955697382998944677357656708118288849504939379940779962119324278023727065671245812966805318733604392208935815606241504672851815459742407145227649225050097713983627009409792334644574861003321672460743031255268393990118635511624112149260044292848381711947813647292115367211485393313968222029278863192397886735364285788718273469996712902158341308990420036910935949175497614073297359189221961746434549653617005106880666609330984195941074816679380562018680413131740333911485138036321331681782195012008184217778510279118878372539027888501794503312598608246063197350132307178861651985558237832119457960402039425041
374 149220026494052305781786662600934723575422903562380380434001849134600177325271162952960493502577251885839770127700023543034708114100615917105380475845221890772064629974414688797508853357969532818005141082050238310284470516274209421323936884397873336597103592378426214006586319926954187633679641572696402215787693883119816582650206360658818178171210039738786353326217831481806088249047410465022669198216507094605155383500889321199656082609224985848419742441394103889186462989349649770322396556386343987861439344417663262014002044981092110785926031679838969781344346662311576546528383150342424946311371540085613164618174054797114652265379235967839286226414259134213635058146309266880720477050247983856761970684644872251176026814719837715766461473777492193955390430355839873853716668821682020438550801314465833899273391194292852370040327510890081
375 55521860661609995818008349304559579630119799135153449666001985763984066589165161736223618201030143585002613542020024310104007627571181789193167508678930075618909464872365811917209481816785129566577217526342005403613440652561839172327776658445295529291850367197901177653334168483391578074894663368690811276960370246209774807462851260439142881956990105664611503538828273952228763354791337036288950742039868331247915240416844274512832791935948132945213163846577481511650930324943991502959043931841557673495575912349911712595729467847982994523362340868867654349247824929288788037897550927503858721591408707482196649610572746704466907129476075448526675501628707119139129582525780957738778922053867535557353009503476754875474604534523737838547780573875012527360640686275771623371117739875275050595864196257283692132423809905907835760285782186309808051
376 20702367290858431885816587610050708075315871260201630758533493644847143033289257062497488283206503710110779435374276683028256015395726292286475564701536264437184618913993803907538554245873128173579170425521373699308613163889664826988737104349260103577430633304907144776274486651618876812465819180040186815994550244552543695146437386368514271935217090202797310888474767333716532507125721007053732588167924551135947626334026630760919321576525417048698930205966066977811555249940986733829938910883830319201403217171770567262609372609209371120715879541364385030409197362177074913678500323248029577562434837854208071078126661569006446685044007740056382813557005066157055298792727628509407816149329474783282088406580140629281041268707279321523615470387901680365418167101791252011155723284350170883637010020200320198973628188128376392514369405728398291361
377 7735578773251919764051986286886850739268804370712161423988826358151865898156499463707342880810633512940453668155676545615825489820982621974547899852171930926274753117321881676361980706421975857663957744341236708834873194769468393491987510887155114084068953513029224334245183180450352892070224169847632454448744139002990482806727671413869973516652283364199753667602685501855554670835565367399779970434681559964614017427927914963688561820913805530448044084921035347406006285510796082324541451470203058049802229211245709010933435941406471502314118934133166178910289845440328055053359965729513947997352820483499253920432585028470112743714534077956429389213958202315191429327699723180272848320503179555429176533835707448874328469307309726446040130205934544618633720304388421944751423993143632308839326472878104677700817906129486792083345791376742647075401
378 2896544081280759051611721096115427892143100104789658611611116907915986355362282023764779288646265369722721136467387742367816498680012033802378737593084903826908210959733070908998084394895710642458525559055579997854038140701575696856805602988540459604320703313289114179906559407366423664670494727106698875923867272966418824100996292215832163639365916693235487958676059053446907073675132484205130600856477561531792643216216403501779874782060264991721224589186905741568358886283297871369164456512859525195743306768602288474600711840164558802655183088098644573628319571150567688703966955438573974898442345414865709379841309698201954858862692780215400731926626125747544599753952742545550998681005103970939704088699760457441943085809046401493347877874581950725997898386057749105187191564581654777982193296185195809134706042920866391374461416472248363264873911
379 1086875321654859072105308835309201816087006659762934755180362676766391654876852393354966461814168916442528835156144396171298134509650633769030993887075135790914399090102350934755641358764611618624778334377026270145256740710909667563473416117387301265892798215842607449976943859606448165851652637987289305611063933960387297821244657451839063209323915543152101273631941350445625966460059981846089627269812618442483441786672750054084026512381992929974271802694730422795475208210697487239262212145931702025245351723025333164711709690099374860939468916327425647417050152838385835606797958505249901936763120527616691079174540962470677927270037780900032620261538634681711393874081563002653746667386815611964664607266759368231643890192193965015780317073491285089630292014060117334830937486886886916239305777337119005626187079759189979131848703108972021215110063521
380 408685577933405305440806402133170477311536718159584019206759466177994148992455154783096077279042118179822412500712285287578931979992628733133654767149330008150367413393457149234353004631356417167745814217316623829297364067470202750113470338622234419880239646734434311015026812555384537858947027282975192370766997231397087131343146833836098399931086391815735111254051549529095805316580794820512086606811122054744755831093582745965455275648904931601128111512069714480929959261544738792531978015389473423839533578161348431168662439102117093436212710395853014439650141800907905586204514771933395428755299172283992689092309848666800472654765441281641961165735638411430042318715834600631962897202020522373832268960635346260105294790742115635606642006634490484401009770498945747591167224740564819662921710371452291191870298424830242501945062766030697155423326394661
381 153995010162722588597466937977301296705319783732457491894238110612702421830512253005948613238033609155394655074116110379197278638077384238458514313258109319475153672624421338316126616742176809404939418658775784949751333941368163267808910979171202539091609948987605750902885398847603221814557016269762819470805493274116474161259952229821745758035484634869199554105186762411606944292002823282461441117582700338169929815642607848464557661984393452754482426256059221884681012034224354783547166855032792349096259859884473539537310097119939716791238892076485066288194321191767777219736092800228823499831580657159316799962096111824044699750373610062888250479151511065276325232196474240475593608315765031985268883106177901343037396580495855161888338334963093589110636526614053622456343275280182887295477989607521227422740280356023698768061683449360851593939689262816251
382 58147293153360217502681220069205909323909338726238810858621001007835280514839415318045189239081532573108358505097473889004308538964908977650407048320492871820392901282515471394560770220339880998865679564874299523856325139892345850004597484991100866228257092391798265221649997035627005195132886188950724434004558654654667751310518202889105610671728985404119461250535962039747971667859001010480379307426876264592420480186484172413579186371438103627062504001192672521448860520897782040285636565279199572090787109941911455995715695659408580069757374403674435998795395749747745277555903003746752816554735441224904167887245356625495009125719353766870672093176272366218288527430917253246849682437259470596069217166741465885603241150649265732675268302277794371280366534122905858661814194964952644935069885120052370115712173550980874966997611596578497483913141825421399301
383 22001670133965079642494947881575987856141134743123253490099428473205546909796398591973921069325117303587004336148516702338190419307314725735786943938683677529503467247400310837318654032588282095240576025165833730553379753222246504998427123870752380939734694557940802261402247438119103192168912396976589686990516950992443445067439663124484423934242919879141351251630977434971316738606567916410120578165100991151639336697012175338951101722373381261316928497591920906004662984406449579302933427562793549590177170489521781436778060850922466687981622773693136464791715496697005869915445676543782193039203150575530762178025264736170841331996931649596311278140010188310197020109840589667135761861196087415009623064260076122945826870831190976646929648500185923257081520194712762649354231174172479004836224363257920583492737951913966785789291858498751496678525904529567528961
384 8342243760414459395586484614032386494286168944144427594817628956258164187741303631881695693283861807069309634086984945347041151072331068795407652716736504305434506977478604583451332763791373140784300669940393793411966768303469907249627517402855837058251014185781971859841756623607515921041658218450580409787134873299785343975912263193977409884909034483382966940510014427095277931075429925801612824487106412605361003386917236176317496517776829138629491356866072044221333502488745430846413760022625844868409118100621408437569312689440763965046971956975196733915710220955681085450467999122282864000306203881294160733214061648817603469409701392546731886359436571513420596418787621978521832583522056709924978287050694036494204066060658480947424570749823739662505840022825534994926541568187248459471515931908032208304901219262337933986375750599164049424489087712421653060351
385 3169633004716846958111105805979509902351276652047449500365406180205562925358023689000296945393448301014351145280896441971639458659908217899741898520797041403136369169607780087620579472648373514754010152017777246867996741686350941532428765913091947133627947743239867299125371808979517280816943023071444305785392262454238574197002811735004640242970455077575820587266290145268182808537517639164286728823427622678765539102554156360287392512829805768204340561223642596273414089377663168485512004153306033331770709115140553523175750785653682268727365415043023059481819356775162222613566378425936112880792208289794155531639755859247783565676492409704632833015018901918521378163560848826634221120908175250354921648803899635970155994264610386045323724516562092218078777160795937823463475082998863798735368135495221520160851003784078806266446044771504258439266713262274064740801281
386 1206790192233669222650584001028281122390330828252288036316919754236213734684068369677129691845886858349687886643242933561155024361967113977813998475683975770798873594926369177955988945064783040788711179333508071873127730143299209639787052181688114127107251200924684411433241319507356826827826358254999552465702803039708608975704047480443122144519703015819728435931196524646143349211656308328921195115042509461804658978673636308407270856018542557286110419511217338252679534001898081580775225952659329244354249790974780609472161454234487626366799283246208684738595603908380352401341115512634387956660676795376850158693509876213009859879519661052240936761760904795763862568111363112693666808551485233587208021036759325128327052441484526424124226777714645960130168618668251612764534884206631795395535894263903269100144365085460854585895057957833847048152921722793141303198533121
387 460414582073545395195462157863297674039533006215359157451335300068371225078650992810109390416050814920109544927743823265467876187381902020738627603901504960087847295616538363036968093348204931311558319922050133966877798231997911661058573693326361895471830395691257868709931061477631986220624451897411410719067662987920341405145468663851330158862599851584489623060645956824931242701118653016839454371516720142106992037674420191832932478116071310770683897413297735065514330229207018439332661475102797184320724422819193937038662902610567509123957802891335388782684199399908846291188677666824857970824027969868842205729621026878513917041182518390576930195440265064997791543929261043408585690831443187465157339922673127490883482118052260070262174482136033611197959587061019169808868929342716442170846036368954204601608296101398594425953654985608037640447836309201181568812810762251
388 176018657778726584239942219647224197585655874896768765238970437605622904985443769259782627310762410396240991997326576194640426913879448579449806748418555515161248636020601251896651443194533129459478299352591778139950491629281079135600733351329867283416694552797506423996122435162094872761168009891578654389886140989661823561516583529853290124590760512635553685637927818092082531927423576851506977168767028822798986187597690887708698865091815532475982169371438714459640958784649954326075536729964401092179069770636538743145885151834497833748462359233110026744504565896602000654416335829166361771359063021060559604941390448244211374279903415556900523908989103853828025137097613907014231519718689826966381105043855718712997547416662133920786694573287667903136975279383855651190309307893882547580968448188860265579447870729129503995963063151251356364874302963011847596564759640855241
389 67430831954982714426351184938586756850302129137052542456840262188177682491315695351500024572845721038306300052410744876136302750668747799457601750972204745375163994126610146633835031901921911559445925373351649506650835043560947690876695215214976729309816523651026203728204179049820662098817791813148787220660770383519710187269075152427938805547698087814514648615736503635197531336158450261280612726786702637122105578107210858725895626836200203835789817882263053637871062137659353863997965470311941380892830191024424164113998072283388699813517107823003270391157560387603321201722921041477197551732076267151974128108796063093854015381242831986024433916782109804506385589157877037326890387782848449555740517956395432077697063953992345822856767504700049478653431710937956544096107974881188260829599616424487374534480226436718245623413051354512547379956976460633451474561849027859656561
390 25884892200256497207330794538195780762594994755086605593476811016002879076920756743167032194446156303772174485019204122380979458616064868308725683795658361975165402782922076133302688047414690502054171767908356548618623263353563589752482271113255676073667524156879032451521994504432061198481439085811522367880809547108798202211955906717430508203876171042263587867543915716346762147013154426869054130868905669871783712043221431767803256509033981048493255390576756665526662455353029569990285524589868533679880093679519740049991031110288008126228045530672021917057533462746016619612470138932029385977392701443484200219671556766739951955641157569798578002680910422245996319109601341581341584098320495545405513348867679721049631842529974539083371959694927511365692090180905854565250773999187057201186087549229647983790522512827762213741447093214123698568401748300075919898725024889866245511
391 9956807141528311359726164377483817977398565468006065491050109986521656605132705497847300736517169650118624306996393346696314808266334463271270949699107935209657216924420543119104270410573231357434940694695199435227614291513570573904070792741395204261706167550564462281687139554582480737408887658608834075745309762164641785875763692275429254842723620088592061435651972130243174187556135525275329149080192228802197783832058303873845147393144719578741966708185961213533235734602936711419507488233080330149094074266504539341173461941135456905294643633392870186214625779236835416894359491001364942603127676672331700909932747980822824859448604485895685033616762657867392219416856424768193943088374171685079373309701226394087983936453431345164271305531808918770433495442914268812418419266963847507315384937557140258686126195387105939512099380480451402392427125566742248698961943280674073743881
392 3837758073251340529102621394266491360785857372975671384836888056034243628192313729734362768187539518533245609930188902029389808732562881543522906963091491622022824471126410014204843315084644077008032515655300804820864243127096691652641702199147701667878646639454615838645566273779840456295186257468821689382778386638226157190704897117635520231380614391536588391010307911165300248386183802005688872083618451437766466795247033424803988627443036351596123713302035863823788416466852369730597774532330906206522818215320349239742212320290728799617416931035003419437254274037992665184658222161885416032628353930212596359105608692007084560870835773883540371678129728919326680372378259987941437542614870319767835873906738383480013696178279112766569665963358370652689130588176998937181332987768602569346148670109762819016090175806462850374747124575748403595159995349507610427463823583238654888731181
393 1482233894177479318384830432555666463943889051819392344371985181909925672760270410315936838195714907982137068707919954341488678982314837714952425964044139649706731673252237123213336657672577032076308131780523634851832473024271224717338410156018891922338829839432484534221010776546642504441624843736684120917219625532489690308463390824413555287826267912710810439618922515672974339755192886112245778542159048193652673819443598959027678133804925680868924562713718963507096971721702832803666624283980864010977566047128151245098181874169455013161381558029317670277161177657334937635621989965435456721339342110325728908811688027120622993255664515181232662780087579535228676234669709742251337640733588811678324070066409952948513429471529562063263645776181580224470461266882108884280843501297316307996652106541248742094051869344899909456901544951742818591624945972292743467069424191489632870671414691
394 573634715802514321504283085260867152762486431712691403070281274752099131096366419039372215591666874083330880233268415134597615611305185365398067206919927798576642175328410485662947346017159320184873153042511877875364793743234371800054577147238570145076099053082001068270219162617443779212949148668938415271462691984278141608814507372336325165888250097603328197859568622693380604678221396276397479422293653358359982351359219301314197383662096253774489378153501140751128418547215337178967140465096286458564493780237615777120593298923528620035180503482174686476755208624181871119165392157056572890374609772743587713143879617556558809804281567136411574619788321752650117629426532379440257044944436710809654496134730973283730108658638682574475345294376187408882937629850867973947136770226216947441995286844612548922702629729192761127691115395972946401423733668557054355489199679010903981254286625221
395 222449562930617453992469238928673729457379597150869544295884309999525033003996155351155637702437683795805414630570643679478669028592890926639137580562317864271145269440086134791426217144266026891108032384312802285757227499892308369779195588118675211679641537740488789852196197860118965277086421982330075049026933606490197968806792064880685850070813235667325449889740459870934007755639950067051654644577883948254364051093448013497340498476957318248171274555483336110767085803943356243160106124015183799510969290482573198521681731031953907443147481128621213262155978008873154164105825626860835542902972334609128378268613748226406099089550015164351541898270394317035327315085824084288114723356495442923454763253673431308718398065675051658383472503272601297628782037393371122348514082568307379364310748573815063811782033827687992169123600118761435445152390091964592890044367083812184609127274011064561
396 86437668543862169264657478728192502806007802238412890046160748707157436330289192496530427865603907090396589226523255981553958163557392385738756385670996387498940964106467616051494406080024421540247158958794681244698414012861240953040109910751972178036003655641011123177714066654685366755568648047560459852595195157063528279677220165282100645416941018953725382368674384008812011038994597637762533693824338048062815752382041390414238300227375110230113594414359374781840949570241877570993612427001563533121028080019178506457774616270525863580563903272597288119425794021648343551684008182816019564391280824411966564898366881682072693217822086284645829710013825927957267034666474555598559288090311401124047169696232300716197657722327647709093532935861358361996394433166089980592809696910950754972459026525685632111497596113553246799779441313382873692453084267271761836723109981337357960766034584336382191
397 33654861879169124810226822361539782874039884357274408288749751240152128424675295883497350765902042567806409142613095382361955179885551653399006505277890936966298100075145900650256670084529009751319155190581115523741321137972902832290839432489406658130042901384175726634464257230239555005701826425302517510354651109857575017878062424539638641124458116778588969272854648808618303880795798937408949237547334654709298698718321772682807336683369750661410142529872922097496549688943073450470031233352226689198353981968297039842015515307847158726487205642606297296282123666781626414175110563609020350352447649563662666477951833329508464956996410150326090351938806208490381163455523178056358399497994633706979817091121566610679394107711773021534296698128088826691642393953506843968073929099124364015639600187251300848167463137930036315240221202112362012560868127048299419536815489825952743702159217435698330721
398 13129971851489484762866345891691288496679166200383096639821231237597527195289461466045626752666886172981162485845402850843848382768557968812898912220490040081813315507481364494514710289851208915482461964751822607403079034494428232537322273015989890267168636789703808802009308391748920675949138489815095984649980964728874744288601161697182368034224396981416104208191715529091644803746988360388489052341961421424963350183531464140257900133460582852316077911818765309265635233264895136745621672493441825914527570759957635540674208612829008991922884236016284847021055802522011341844285850571171937815628728247433557633271836777321198584079265793808650718220368238819037706317604335099546959125749339977951525354315630369416096868699109790957811810611551988901399195828142880828344955079569098528574655953645933080200412236977887723028508278980017724205121344150453296960268978334992448065294529421926243496801
399 5132736095386956803107076155876398909987378281401827306604079352532427736250929096563347974685985479760737306157486209447366783708862607415888664858465920234623864936643649680421043308297714319879039592262527981977573707599600865803059842533732619959727843216921535849996385452425675986163968228084952661566513700192827285354930490252665725910657662181099978623263382395277042737867806115070737424934827051975117027647828732473696327488794923681405147510555521794595513524318917617433651181745608008852541378153811889440503822765170793891362920243442026629436729106563574061097406723685453712009743805699536990138527678284442123346392455797640358349383749157158293119319304253445125076035614592159248490844149316548522325567534779949546126001235047989430154146129321509301437839375519227310493694644421475534310960698318649871625747869689651498172921524201113410034780284367556639207312510333270605896043251
400 2010486615178980735932644608657429307107084585134250602376847386103525677286211404047838672685691860443919488969243125893989432685953925811122530791346232294356719999690028407823873893805070890094990347756593125125472364138587827274983949819658662429023847410387923956462391485501192046023587532157412291973659108228030612380567429577932944031750088552927500639784988648440430550310647628062656826219649863719590821543227561947693685595538600760627777772512190856825445830076415530331003108780724117192378674182536677460626084975476378391918809969802461249975019689110876935141693844988775002871743960995837161936175221943277474685577272016520519225997964131340266476358747108467734745605732809494263253686563495135960391938520632969833545234674628950893022479606207801909145222821700641207591713579685725557457483233846737645806719439628817439125473289802679118108388132665843111679784645380437801631856943521
