drift,z,t,y
plateau,0.0,1.0,0.0
plateau,0.041666666666666664,0.9230769230769231,0.038461538461538464
plateau,0.08333333333333333,0.8571428571428571,0.07142857142857142
plateau,0.125,0.8,0.1
plateau,0.16666666666666666,0.75,0.125
plateau,0.20833333333333334,0.7058823529411764,0.14705882352941177
plateau,0.25,0.6666666666666666,0.16666666666666666
plateau,0.2916666666666667,0.631578947368421,0.18421052631578946
plateau,0.3333333333333333,0.6000000000000001,0.2
plateau,0.375,0.5714285714285714,0.21428571428571427
plateau,0.4166666666666667,0.5454545454545454,0.22727272727272727
plateau,0.4583333333333333,0.5217391304347826,0.23913043478260868
plateau,0.5,0.5,0.25
plateau,0.5416666666666666,0.4864864864864865,0.2635135135135135
plateau,0.5833333333333334,0.47368421052631576,0.27631578947368424
plateau,0.625,0.46153846153846156,0.2884615384615385
plateau,0.6666666666666666,0.45000000000000007,0.30000000000000004
plateau,0.7083333333333334,0.4390243902439024,0.31097560975609756
plateau,0.75,0.42857142857142855,0.3214285714285714
plateau,0.7916666666666667,0.41860465116279066,0.3313953488372093
plateau,0.8333333333333333,0.4090909090909091,0.3409090909090909
plateau,0.875,0.4,0.35000000000000003
plateau,0.9166666666666667,0.3913043478260869,0.358695652173913
plateau,0.9583333333333333,0.3829787234042553,0.3670212765957446
plateau,1.0,0.375,0.375
plateau,1.0416666666666667,0.3688524590163934,0.38422131147540983
plateau,1.0833333333333333,0.3629032258064517,0.3931451612903226
plateau,1.125,0.35714285714285715,0.4017857142857143
plateau,1.1666666666666667,0.35156249999999994,0.41015624999999994
plateau,1.2083333333333333,0.3461538461538462,0.4182692307692308
plateau,1.25,0.3409090909090909,0.4261363636363636
plateau,1.2916666666666667,0.33582089552238803,0.4337686567164179
plateau,1.3333333333333333,0.3308823529411765,0.44117647058823534
plateau,1.375,0.32608695652173914,0.4483695652173913
plateau,1.4166666666666667,0.3214285714285714,0.45535714285714285
plateau,1.4583333333333333,0.31690140845070425,0.4621478873239437
plateau,1.5,0.3125,0.46875
plateau,1.5416666666666667,0.30882352941176466,0.47610294117647056
plateau,1.5833333333333333,0.3052325581395349,0.48328488372093026
plateau,1.625,0.3017241379310345,0.49030172413793105
plateau,1.6666666666666667,0.29829545454545453,0.4971590909090909
plateau,1.7083333333333333,0.2949438202247191,0.5038623595505618
plateau,1.75,0.2916666666666667,0.5104166666666667
plateau,1.7916666666666667,0.28846153846153844,0.516826923076923
plateau,1.8333333333333333,0.2853260869565218,0.5230978260869565
plateau,1.875,0.28225806451612906,0.529233870967742
plateau,1.9166666666666667,0.27925531914893614,0.5352393617021276
plateau,1.9583333333333333,0.27631578947368424,0.5411184210526316
plateau,2.0,0.2734375,0.546875
plateau,2.0416666666666665,0.27092889908256884,0.553146502293578
plateau,2.0833333333333335,0.26846590909090906,0.5593039772727273
plateau,2.125,0.2660472972972973,0.5653505067567568
plateau,2.1666666666666665,0.26367187500000006,0.5712890625000001
plateau,2.2083333333333335,0.2613384955752212,0.5771225110619469
plateau,2.25,0.2590460526315789,0.5828536184210525
plateau,2.2916666666666665,0.2567934782608696,0.5884850543478262
plateau,2.3333333333333335,0.25457974137931033,0.5940193965517242
plateau,2.375,0.25240384615384615,0.5994591346153846
plateau,2.4166666666666665,0.2502648305084746,0.6048066737288136
plateau,2.4583333333333335,0.24816176470588233,0.6100643382352942
plateau,2.5,0.24609375,0.615234375
plateau,2.5416666666666665,0.2442434210526316,0.6207853618421053
plateau,2.5833333333333335,0.24242070895522386,0.6262534981343283
plateau,2.625,0.240625,0.6316406250000001
plateau,2.6666666666666665,0.2388556985294118,0.6369485294117647
plateau,2.7083333333333335,0.23711222627737225,0.6421789461678832
plateau,2.75,0.23539402173913043,0.6473335597826086
plateau,2.7916666666666665,0.23370053956834536,0.652414006294964
plateau,2.8333333333333335,0.23203124999999997,0.6574218749999999
plateau,2.875,0.23038563829787234,0.662358710106383
plateau,2.9166666666666665,0.22876320422535212,0.6672260123239436
plateau,2.9583333333333335,0.2271634615384615,0.6720252403846153
plateau,3.0,0.2255859375,0.6767578125
plateau,3.0416666666666665,0.22414908439490447,0.6817867983678344
plateau,3.0833333333333335,0.22273041930379744,0.6867521261867088
plateau,3.125,0.22132959905660377,0.6916549970518868
plateau,3.1666666666666665,0.21994628906250002,0.6964965820312501
plateau,3.2083333333333335,0.21858016304347824,0.701278023097826
plateau,3.25,0.2172309027777778,0.7060004340277778
plateau,3.2916666666666665,0.21589819785276076,0.7106649012653374
plateau,3.3333333333333335,0.21458174542682926,0.7152724847560975
plateau,3.375,0.21328125,0.71982421875
plateau,3.4166666666666665,0.2119964231927711,0.7243211125753012
plateau,3.4583333333333335,0.21072698353293412,0.7287641513847305
plateau,3.5,0.20947265625,0.733154296875
plateau,3.5416666666666665,0.2083153487569061,0.7377835268473758
plateau,3.5833333333333335,0.20717075892857142,0.7423618861607143
plateau,3.625,0.20603867827868852,0.7468902087602459
plateau,3.6666666666666665,0.2049189028532609,0.7513693104619565
plateau,3.7083333333333335,0.2038112331081081,0.7557999894425675
plateau,3.75,0.2027154737903226,0.7601830267137097
plateau,3.7916666666666665,0.20163143382352944,0.7645191865808825
plateau,3.8333333333333335,0.20055892619680848,0.7688092170877658
plateau,3.875,0.19949776785714285,0.7730538504464285
plateau,3.9166666666666665,0.19844777960526316,0.7772538034539473
plateau,3.9583333333333335,0.19740878599476439,0.7814097778959423
plateau,4.0,0.196380615234375,0.7855224609375
plateau,4.041666666666667,0.1954226610137195,0.7898332549304496
plateau,4.083333333333333,0.19447400731947817,0.7941021965545358
plateau,4.125,0.19353451936141305,0.7983298923658289
plateau,4.166666666666667,0.19260406494140622,0.8025169372558593
plateau,4.208333333333333,0.1916825143914474,0.8066639147306744
plateau,4.25,0.19076974051339285,0.8107713971819196
plateau,4.291666666666667,0.18986561852043837,0.8148399461502147
plateau,4.333333333333333,0.18897002598024767,0.8188701125810732
plateau,4.375,0.1880828427596831,0.8228624370736135
plateau,4.416666666666667,0.1872039509710864,0.8268174501222983
plateau,4.458333333333333,0.18633323492005816,0.8307356723519259
plateau,4.5,0.1854705810546875,0.8346176147460938
plateau,4.541666666666667,0.1846606658535753,0.8386671907516545
plateau,4.583333333333333,0.1838577933933424,0.8426815530528193
plateau,4.625,0.18306187220982142,0.846661158970424
plateau,4.666666666666667,0.18227281241581356,0.8506064579404633
plateau,4.708333333333333,0.18149052566724788,0.8545178916832921
plateau,4.75,0.18071492513020834,0.8583958943684896
plateau,4.791666666666667,0.17994592544880317,0.8622408927755152
plateau,4.833333333333333,0.17918344271385064,0.866053306450278
plateau,4.875,0.17842739443235758,0.8698335478577433
plateau,4.916666666666667,0.17767769949776785,0.873582022530692
plateau,4.958333333333333,0.17693427816095714,0.8772991292147457
plateau,5.0,0.17619705200195312,0.8809852600097656
plateau,5.041666666666667,0.17550062096637226,0.8848156307054602
plateau,5.083333333333333,0.17480967363973304,0.8886158410019762
plateau,5.125,0.1741241455078125,0.892386245727539
plateau,5.166666666666667,0.17344397306442258,0.8961271941661834
plateau,5.208333333333333,0.17276909379179842,0.8998390301656167
plateau,5.25,0.1720994461414426,0.9035220922425736
plateau,5.291666666666667,0.17143496951541384,0.9071767136857316
plateau,5.333333333333333,0.17077560424804689,0.91080322265625
plateau,5.375,0.17012129158809267,0.914401942285998
plateau,5.416666666666667,0.16947197368126787,0.9179731907735343
plateau,5.458333333333333,0.16882759355320226,0.9215172814778956
plateau,5.5,0.16818809509277344,0.9250345230102539
plateau,5.541666666666667,0.16758091785417134,0.9286775864418663
plateau,5.583333333333333,0.16697810879714198,0.9322944407840427
plateau,5.625,0.16637962095199094,0.935885367854949
plateau,5.666666666666667,0.1657854080200195,0.9394506454467773
plateau,5.708333333333333,0.16519542436158532,0.9429905473973829
plateau,5.75,0.16460962498441656,0.9465053436603952
plateau,5.791666666666667,0.16402796553217477,0.9499953003738456
plateau,5.833333333333333,0.16345040227325872,0.9534606799273425
plateau,5.875,0.16287689208984374,0.956901741027832
plateau,5.916666666666667,0.16230739246715198,0.9603187387639825
plateau,5.958333333333333,0.1617418614829459,0.9637119246692192
plateau,6.0,0.1611802577972412,0.9670815467834473
plateau,6.041666666666667,0.1606447752131972,0.9705621835797331
plateau,6.083333333333333,0.16011283887143168,0.9740197698012094
plateau,6.125,0.15958441366063486,0.9774545336713886
plateau,6.166666666666667,0.159059464931488,0.9808667004108428
plateau,6.208333333333333,0.15853795848908972,0.984256492286432
plateau,6.25,0.1580198605855306,0.9876241286595663
plateau,6.291666666666667,0.15750513791261356,0.990969826033527
plateau,6.333333333333333,0.15699375759471548,0.9942937980998646
plateau,6.375,0.1564856871817876,0.9975962557838959
plateau,6.416666666666667,0.15598089464249149,1.0008774072893205
plateau,6.458333333333333,0.15547934835746743,1.004137458141977
plateau,6.5,0.15498101711273193,1.0073766112327576
plateau,6.541666666666667,0.15450415244469273,1.0107146639090316
plateau,6.583333333333333,0.15403021332676425,1.0140322377345312
plateau,6.625,0.15355917291903715,1.017329520588621
plateau,6.666666666666667,0.15309100470891812,1.0206066980594541
plateau,6.708333333333333,0.15262568250615546,1.0238639534787928
plateau,6.75,0.152163180437955,1.027101467956196
plateau,6.791666666666667,0.1517034729441847,1.0303194204125878
plateau,6.833333333333333,0.1512465347726661,1.0335179876132183
plateau,6.875,0.15079234097455,1.0366973442000311
plateau,6.916666666666667,0.15034086689977588,1.03985766272345
plateau,6.958333333333333,0.14989208819261238,1.0429991136735943
plateau,7.0,0.14944598078727722,1.0461218655109406
plateau,7.041666666666667,0.14901776880794404,1.0493334553559392
plateau,7.083333333333333,0.14859200375420709,1.0525266932589668
plateau,7.125,0.1481686647121723,1.0557017360742276
plateau,7.166666666666667,0.1477477310056036,1.0588587388734925
plateau,7.208333333333333,0.14732918219255658,1.0619978549713454
plateau,7.25,0.14691299806206914,1.0651192359500012
plateau,7.291666666666667,0.14649915863090837,1.068223031683707
plateau,7.333333333333333,0.14608764414037212,1.0713093903627289
plateau,7.375,0.14567843505314418,1.0743784585169383
plateau,7.416666666666667,0.14527151205020242,1.0774303810390014
plateau,7.458333333333333,0.1448668560277785,1.0804653012071812
plateau,7.5,0.14446444809436798,1.0834833607077599
plateau,7.541666666666667,0.1440771439439809,1.0865817939108562
plateau,7.583333333333333,0.14369191093878314,1.0896636579524388
plateau,7.625,0.14330873250961304,1.0927290853857994
plateau,7.666666666666667,0.14292759226357682,1.095778207354089
plateau,7.708333333333333,0.14254847398171058,1.098811153609019
plateau,7.75,0.1421713616166796,1.1018280525292667
plateau,7.791666666666667,0.14179623929051421,1.10482903113859
plateau,7.833333333333333,0.1414230912923813,1.1078142151236534
plateau,7.875,0.1410519020763908,1.1107837288515774
plateau,7.916666666666667,0.14068265625943688,1.1137376953872087
plateau,7.958333333333333,0.14031533861907283,1.1166762365101213
plateau,8.0,0.13994993409141898,1.1195994727313519
plateau,8.041666666666666,0.13959741536574793,1.1225958818995563
plateau,8.083333333333334,0.13924666809095956,1.1255772337352565
plateau,8.125,0.13889767894787447,1.12854364145148
plateau,8.166666666666666,0.13855043475050483,1.1314952171291226
plateau,8.208333333333334,0.13820492244439378,1.1344320717310656
plateau,8.25,0.13786112910497988,1.137354315116084
plateau,8.291666666666666,0.13751904193598494,1.1402620560525416
plateau,8.333333333333334,0.1371786482678265,1.1431554022318875
plateau,8.375,0.13683993555605412,1.1460344602819532
plateau,8.416666666666666,0.1365028913798077,1.148899335780048
plateau,8.458333333333334,0.13616750344029954,1.151750133265867
plateau,8.5,0.13583375955931842,1.1545869562542066
plateau,8.541666666666666,0.13551111404967636,1.1574907658409854
plateau,8.583333333333334,0.13518999766567236,1.1603808132970213
plateau,8.625,0.13487039956244382,1.1632571962260778
plateau,8.666666666666666,0.13455230899743809,1.16612001131113
plateau,8.708333333333334,0.13423571532920878,1.168969354325193
plateau,8.75,0.13392060801622943,1.1718053201420076
plateau,8.791666666666666,0.13360697661572304,1.174628002746565
plateau,8.833333333333334,0.1332948107825087,1.1774374952454938
plateau,8.875,0.1329841002678642,1.1802338898772948
plateau,8.916666666666666,0.13267483491840407,1.1830172780224362
plateau,8.958333333333334,0.13236700467497386,1.1857877502133076
plateau,9.0,0.13206059957155958,1.1885453961440362
plateau,9.041666666666666,0.13176383417926396,1.191364667370845
plateau,9.083333333333334,0.13146839957348083,1.1941712961257842
plateau,9.125,0.13117428682275717,1.1969653672576592
plateau,9.166666666666666,0.13088148707538497,1.1997469648576955
plateau,9.208333333333334,0.13058999155851325,1.2025161722679762
plateau,9.25,0.13029979157727212,1.205273072089767
plateau,9.291666666666666,0.13001087851390788,1.2080177461917274
plateau,9.333333333333334,0.12972324382693018,1.210750275718015
plateau,9.375,0.12943687905027032,1.2134707410962842
plateau,9.416666666666666,0.12915177579245035,1.216179222045574
plateau,9.458333333333334,0.1288679257357636,1.2188757975840976
plateau,9.5,0.1285853206354659,1.221560546036926
plateau,9.541666666666666,0.1283111515083114,1.2243022373084713
plateau,9.583333333333334,0.1280381490582937,1.227032261808648
plateau,9.625,0.12776630585434828,1.2297506938481022
plateau,9.666666666666666,0.1274956145283857,1.2324576071077284
plateau,9.708333333333334,0.12722606777462586,1.235153074645326
plateau,9.75,0.12695765834894102,1.237837168902175
plateau,9.791666666666666,0.12669037906820643,1.2405099617095212
plateau,9.833333333333334,0.12642422280965973,1.2431715242949875
plateau,9.875,0.12615918251026845,1.2458219272889008
plateau,9.916666666666666,0.1258952511661047,1.2484612407305382
plateau,9.958333333333334,0.12563242183172868,1.2510895340742982
plateau,10.0,0.12537068761957926,1.2537068761957926
plateau,10.041666666666666,0.12511638602197364,1.256377042970652
plateau,10.083333333333334,0.12486311398549188,1.25903639935371
plateau,10.125,0.12461086527036969,1.261685010862493
plateau,10.166666666666666,0.12435963368716331,1.2643229424861602
plateau,10.208333333333334,0.12410941309624343,1.2669502586908183
plateau,10.25,0.12386019740729518,1.2695670234247756
plateau,10.291666666666666,0.12361198057882365,1.2721733001237268
plateau,10.333333333333334,0.12336475661766598,1.274769151715882
plateau,10.375,0.12311851957850897,1.2773546406270306
plateau,10.416666666666666,0.12287326356341235,1.2799298287855454
plateau,10.458333333333334,0.12262898272133795,1.282494777627326
plateau,10.5,0.12238567124768451,1.2850495481006874
plateau,10.541666666666666,0.12214894847931376,1.287653498552766
plateau,10.583333333333334,0.12191313969846564,1.2902473951420947
plateau,10.625,0.12167823962197535,1.2928312959834882
plateau,10.666666666666666,0.12144424300731772,1.2954052587447222
plateau,10.708333333333334,0.12121114465221727,1.2979693406508268
plateau,10.75,0.12097893939426285,1.3005235984883257
plateau,10.791666666666666,0.12074762211052623,1.3030680886094288
plateau,10.833333333333334,0.1205171877171855,1.3056028669361763
plateau,10.875,0.12028763116915278,1.3081279889645365
plateau,10.916666666666666,0.12005894745970573,1.3106435097684541
plateau,10.958333333333334,0.11983113162012372,1.3131494840038558
plateau,11.0,0.11960417871932805,1.3156459659126085
plateau,11.041666666666666,0.11938309890653817,1.3181883837596922
plateau,11.083333333333334,0.11916283488641538,1.320721419991104
plateau,11.125,0.11894338215181795,1.3232451264389746
plateau,11.166666666666666,0.11872473622874477,1.3257595545543166
plateau,11.208333333333334,0.11850689267603144,1.3282647554105191
plateau,11.25,0.11828984708504972,1.3307607797068093
plateau,11.291666666666666,0.11807359507940979,1.3332476777716689
plateau,11.333333333333334,0.11785813231466631,1.3357254995662182
plateau,11.375,0.11764345447802758,1.3381942946875638
plateau,11.416666666666666,0.11742955728806755,1.3406541123721045
plateau,11.458333333333334,0.11721643649444127,1.3431050014988064
plateau,11.5,0.11700408787760352,1.3455470105924405
plateau,11.541666666666666,0.11679700099640423,1.3480320531668322
plateau,11.583333333333334,0.11659064587096887,1.3505083146720562
plateau,11.625,0.11638501862957387,1.3529758415687962
plateau,11.666666666666666,0.11618011542776126,1.355434679990548
plateau,11.708333333333334,0.11597593244809909,1.3578848757464936
plateau,11.75,0.11577246589994454,1.3603264743243484
plateau,11.791666666666666,0.1155697120192091,1.362759520893174
plateau,11.833333333333334,0.11536766706812654,1.365184060306164
plateau,11.875,0.11516632733502337,1.3676001371034026
plateau,11.916666666666666,0.11496568913409128,1.3700077955145877
plateau,11.958333333333334,0.1147657488051624,1.3724070794617338
plateau,12.0,0.11456650271348678,1.3747980325618414
plateau,12.041666666666666,0.11437199252212264,1.3772294099538933
plateau,12.083333333333334,0.11417814168733936,1.379652545388684
plateau,12.125,0.11398494686214929,1.38206748070356
plateau,12.166666666666666,0.11379240472217945,1.3844742574531832
plateau,12.208333333333334,0.11360051196548099,1.3868729169119138
plateau,12.25,0.11340926531234045,1.3892635000761706
plateau,12.291666666666666,0.11321866150509283,1.391646047666766
plateau,12.333333333333334,0.11302869730793662,1.3940206001312183
plateau,12.375,0.1128393695067508,1.3963871976460411
plateau,12.416666666666666,0.11265067490891344,1.3987458801190085
plateau,12.458333333333334,0.11246261034312224,1.4010966871913981
plateau,12.5,0.11227517265921705,1.403439658240213
plateau,12.541666666666666,0.11209201577070284,1.405820697790898
plateau,12.583333333333334,0.11190945548443132,1.4081939815124276
plateau,12.625,0.11172748889014769,1.4105595472381145
plateau,12.666666666666666,0.11154611309649487,1.4129174325556015
plateau,12.708333333333334,0.11136532523086033,1.4152676748088502
plateau,12.75,0.11118512243922465,1.4176103111001144
plateau,12.791666666666666,0.11100550188601105,1.4199453782918912
plateau,12.833333333333334,0.11082646075393682,1.4222729130088558
plateau,12.875,0.11064799624386608,1.4245929516397757
plateau,12.916666666666666,0.11047010557466373,1.4269055303394065
plateau,12.958333333333334,0.11029278598305109,1.4292106850303705
plateau,13.0,0.11011603472346287,1.4315084514050174
plateau,13.041666666666666,0.10994316810694253,1.433842150728042
plateau,13.083333333333334,0.10977084339204135,1.4361685343792077
plateau,13.125,0.10959905803462032,1.4384876367043917
plateau,13.166666666666666,0.10942780950644124,1.4407994918348095
plateau,13.208333333333334,0.10925709529504271,1.4431041336886892
plateau,13.25,0.10908691290361743,1.445401595972931
plateau,13.291666666666666,0.1089172598508902,1.4476919121847487
plateau,13.333333333333334,0.10874813367099749,1.4499751156132998
plateau,13.375,0.10857953191336804,1.4522512393412976
plateau,13.416666666666666,0.10841145214260432,1.4545203162466078
plateau,13.458333333333334,0.10824389193836535,1.4567823790038337
plateau,13.5,0.1080768488952506,1.459037460085883
plateau,13.541666666666666,0.10791334382884327,1.4613265310155859
plateau,13.583333333333334,0.10775033273544621,1.4636086863231443
plateau,13.625,0.10758781337988747,1.4658839573009668
plateau,13.666666666666666,0.10742578354045994,1.4681523750529524
plateau,13.708333333333334,0.10726424100882014,1.4704139704959094
plateau,13.75,0.10710318358988798,1.4726687743609597
plateau,13.791666666666666,0.10694260910174723,1.4749168171949305
plateau,13.833333333333334,0.10678251537554699,1.4771581293617335
plateau,13.875,0.10662290025540418,1.4793927410437329
plateau,13.916666666666666,0.10646376159830657,1.4816206822430997
plateau,13.958333333333334,0.10630509727401698,1.4838419827831537
plateau,14.0,0.10614690516497827,1.4860566723096957
plateau,14.041666666666666,0.10599194617933598,1.4883035776015092
plateau,14.083333333333334,0.10583743896916199,1.4905439321490315
plateau,14.125,0.10568338156163776,1.4927777645581333
plateau,14.166666666666666,0.10552977199541445,1.4950051032683713
plateau,14.208333333333334,0.10537660832052995,1.4972259765541964
plateau,14.25,0.10522388859832628,1.4994404125261496
plateau,14.291666666666666,0.10507161090136778,1.501648439132048
plateau,14.333333333333334,0.10491977331336001,1.5038500841581603
plateau,14.375,0.10476837392906946,1.5060453752303735
plateau,14.416666666666666,0.10461741085424373,1.508234339815347
plateau,14.458333333333334,0.10446688220553256,1.5104170052216583
plateau,14.5,0.10431678611040968,1.5125933986009403
plateau,14.541666666666666,0.10416965383098739,1.514800382792275
plateau,14.583333333333334,0.1040229360086902,1.5170011501267322
plateau,14.625,0.10387663089475394,1.5191957268357763
plateau,14.666666666666666,0.10373073675023885,1.521384139003503
plateau,14.708333333333334,0.10358525184596079,1.5235664125676733
plateau,14.75,0.10344017446242304,1.52574257332074
plateau,14.791666666666666,0.10329550288974833,1.5279126469108606
plateau,14.833333333333334,0.10315123542761179,1.5300766588429082
plateau,14.875,0.10300737038517441,1.5322346344794693
plateau,14.916666666666666,0.1028639060810168,1.5343865990418337
plateau,14.958333333333334,0.10272084084307377,1.5365325776109786
plateau,15.0,0.10257817300856951,1.5386725951285427
plateau,15.041666666666666,0.10243823007131363,1.540841710656009
plateau,15.083333333333334,0.10229866844996305,1.5430049157869428
plateau,15.125,0.10215948658812637,1.5451622346454115
plateau,15.166666666666666,0.10202068293787077,1.5473136912243732
plateau,15.208333333333334,0.10188225595966469,1.5494593093865672
plateau,15.25,0.10174420412232098,1.551599112865395
plateau,15.291666666666666,0.10160652590294031,1.5537331252657955
plateau,15.333333333333334,0.10146921978685525,1.5558613700651138
plateau,15.375,0.10133228426757475,1.5579838706139617
plateau,15.416666666666666,0.10119571784672897,1.5601006501370716
plateau,15.458333333333334,0.10105951903401464,1.562211731734143
plateau,15.5,0.10092368634714097,1.564317138380685
plateau,15.541666666666666,0.10079036575751465,1.566450267814707
plateau,15.583333333333334,0.10065739693725406,1.5685777689388758
plateau,15.625,0.10052477849596651,1.5706996639994768
plateau,15.666666666666666,0.10039250905057709,1.5728159751257076
plateau,15.708333333333334,0.10026058722528065,1.5749267243304503
plateau,15.75,0.10012901165149421,1.5770319335110339
plateau,15.791666666666666,0.09999778096780942,1.5791316244499904
plateau,15.833333333333334,0.09986689381994579,1.5812258188158084
plateau,15.875,0.09973634886070404,1.5833145381636766
plateau,15.916666666666666,0.09960614474991983,1.585397803936224
plateau,15.958333333333334,0.09947628015441796,1.5874756374642534
plateau,16.0,0.0993467537479669,1.5895480599674705
plateau,16.041666666666668,0.09921954919771342,1.5916469350466529
plateau,16.083333333333332,0.09909266997879053,1.593740442158881
plateau,16.125,0.09896611484471798,1.5958286018710774
plateau,16.166666666666668,0.09883988255537522,1.5979114346452328
plateau,16.208333333333332,0.09871397187696077,1.5999889608390723
plateau,16.25,0.09858838158195189,1.6020612007067183
plateau,16.291666666666668,0.09846311044906503,1.6041281743993512
plateau,16.333333333333332,0.09833815726321599,1.606189901965861
plateau,16.375,0.0982135208154806,1.608246403353495
plateau,16.416666666666668,0.09808919990305592,1.6102976984085016
plateau,16.458333333333332,0.09796519332922149,1.6123438068767701
plateau,16.5,0.09784149990330074,1.6143847484044622
plateau,16.541666666666668,0.09771995766739601,1.6164509664148425
plateau,16.583333333333332,0.09759871702512879,1.6185120573333855
plateau,16.625,0.09747777685533308,1.6205680402199125
plateau,16.666666666666668,0.0973571360423933,1.6226189340398884
plateau,16.708333333333332,0.09723679347620989,1.6246647576650068
plateau,16.75,0.09711674805216518,1.6267055298737667
plateau,16.791666666666668,0.09699699867108975,1.6287412693520489
plateau,16.833333333333332,0.09687754423922883,1.6307719946936852
plateau,16.875,0.09675838366820885,1.6327977244010243
plateau,16.916666666666668,0.09663951587500465,1.6348184768854954
plateau,16.958333333333332,0.09652093978190651,1.6368342704681644
plateau,17.0,0.0964026543164875,1.6388451233802874
plateau,17.041666666666668,0.09628636643432043,1.6408801613182107
plateau,17.083333333333332,0.09617035876391766,1.64291029555026
plateau,17.125,0.09605463029368429,1.6449355437793434
plateau,17.166666666666668,0.09593918001688899,1.6469559236232612
plateau,17.208333333333332,0.09582400693163465,1.6489714526152128
plateau,17.25,0.09570911004082931,1.6509821482043057
plateau,17.291666666666668,0.09559448835215764,1.6529880277560594
plateau,17.333333333333332,0.09548014087805222,1.654989108552905
plateau,17.375,0.09536606663566505,1.6569854077946802
plateau,17.416666666666668,0.09525226464683965,1.658976942599124
plateau,17.458333333333332,0.09513873393808303,1.660963730002366
plateau,17.5,0.09502547354053767,1.6629457869594093
plateau,17.541666666666668,0.09491407204752414,1.6649510138336527
plateau,17.583333333333332,0.0948029314479369,1.6669515446262237
plateau,17.625,0.09469205082636035,1.6689473958146013
plateau,17.666666666666668,0.09458142927165665,1.6709385837992676
plateau,17.708333333333332,0.09447106587694062,1.6729251249041568
plateau,17.75,0.0943609597395549,1.6749070353770994
plateau,17.791666666666668,0.0942511099610455,1.6768843313902682
plateau,17.833333333333332,0.09414151564713734,1.6788570290406157
plateau,17.875,0.09403217590770976,1.680825144350312
plateau,17.916666666666668,0.09392308985677272,1.682788693267178
plateau,17.958333333333332,0.09381425661244278,1.684747691665118
plateau,18.0,0.0937056752969191,1.6867021553445438
plateau,18.041666666666668,0.0935988273205258,1.6886788429078197
plateau,18.083333333333332,0.0934922227336004,1.6906510277659406
plateau,18.125,0.09338586070546205,1.6926187252864997
plateau,18.166666666666668,0.09327974040920582,1.6945819507672393
plateau,18.208333333333332,0.09317386102168121,1.6965407194364452
plateau,18.25,0.09306822172347068,1.69849504645334
plateau,18.291666666666668,0.09296282169886877,1.7004449469084746
plateau,18.333333333333332,0.09285766013586103,1.7023904358241186
plateau,18.375,0.09275273622610299,1.7043315281546423
plateau,18.416666666666668,0.09264804916489969,1.7062682387869026
plateau,18.458333333333332,0.09254359815118506,1.7082005825406241
plateau,18.5,0.09243938238750128,1.7101285741687737
plateau,18.541666666666668,0.09233678595865831,1.7120779063167897
plateau,18.583333333333332,0.09223441701635383,1.7140229162205753
plateau,18.625,0.09213227480481855,1.7159636182397453
plateau,18.666666666666668,0.09203035857162736,1.7179000266703774
plateau,18.708333333333332,0.09192866756768084,1.7198321557453622
plateau,18.75,0.0918272010471867,1.7217600196347504
plateau,18.791666666666668,0.09172595826764184,1.723683632446103
plateau,18.833333333333332,0.09162493848981405,1.7256030082248313
plateau,18.875,0.09152414097772404,1.7275181609545414
plateau,18.916666666666668,0.09142356499862762,1.7294291045573726
plateau,18.958333333333332,0.09132320982299798,1.7313358528943366
plateau,19.0,0.09122307472450784,1.733238419765649
plateau,19.041666666666668,0.09112445518426511,1.7351615008003816
plateau,19.083333333333332,0.09102604864518926,1.7370804283123615
plateau,19.125,0.09092785441795603,1.7389952157434092
plateau,19.166666666666668,0.09082987181621253,1.740905876477407
plateau,19.208333333333332,0.0907321001565611,1.7428124238406109
plateau,19.25,0.09063453875854327,1.744714871101958
plateau,19.291666666666668,0.09053718694462431,1.7466132314733775
plateau,19.333333333333332,0.09044004404017732,1.7485075181100946
plateau,19.375,0.09034310937346757,1.7503977441109342
plateau,19.416666666666668,0.09024638227563729,1.7522839225186242
plateau,19.458333333333332,0.0901498620806901,1.7541660663200949
plateau,19.5,0.09005354812547568,1.756044188446776
plateau,19.541666666666668,0.08995865502945306,1.7579420503672287
plateau,19.583333333333332,0.08986396170836945,1.7598359167889017
plateau,19.625,0.08976946753201995,1.7617258003158915
plateau,19.666666666666668,0.08967517187284764,1.763611713499337
plateau,19.708333333333332,0.08958107410592966,1.765493668837697
plateau,19.75,0.08948717360896327,1.7673716787770246
plateau,19.791666666666668,0.0893934697622523,1.7692457557112438
plateau,19.833333333333332,0.08929996194869348,1.7711159119824207
plateau,19.875,0.08920664955376276,1.7729821598810347
plateau,19.916666666666668,0.08911353196550204,1.774844511646249
plateau,19.958333333333332,0.08902060857450571,1.7767029794661764
plateau,20.0,0.08892787877390726,1.7785575754781453
plateau,20.041666666666668,0.08883648321504403,1.7804311844348408
plateau,20.083333333333332,0.08874527532673293,1.7823009461452195
plateau,20.125,0.088654254531526,1.7841668724469608
plateau,20.166666666666668,0.08856342025434205,1.7860289751292315
plateau,20.208333333333332,0.08847277192245431,1.7878872659329308
plateau,20.25,0.08838230896547838,1.7897417565509373
plateau,20.291666666666668,0.08829203081536041,1.7915924586283551
plateau,20.333333333333332,0.08820193690636517,1.7934393837627585
plateau,20.375,0.08811202667506407,1.7952825435044304
plateau,20.416666666666668,0.08802229956032367,1.7971219493566084
plateau,20.458333333333332,0.08793275500329387,1.7989576127757203
plateau,20.5,0.0878433924473962,1.800789545171622
plateau,20.541666666666668,0.087755284731802,1.8026398071990994
plateau,20.583333333333332,0.08766735358477618,1.8044863612866429
plateau,20.625,0.0875795984760827,1.8063292185692057
plateau,20.666666666666668,0.0874920188776066,1.8081683901372032
plateau,20.708333333333332,0.08740461426334327,1.8100038870367334
plateau,20.75,0.08731738410938783,1.8118357202697974
plateau,20.791666666666668,0.08723032789392482,1.8136639007945203
plateau,20.833333333333332,0.08714344509721775,1.8154884395253696
plateau,20.875,0.08705673520159861,1.817309347333371
plateau,20.916666666666668,0.08697019769145785,1.8191266350463267
plateau,20.958333333333332,0.08688383205323398,1.8209403134490287
plateau,21.0,0.08679763777540338,1.822750393283471
plateau,21.041666666666668,0.08671262539756262,1.824578159407047
plateau,21.083333333333332,0.08662777938445348,1.8264023486888943
plateau,21.125,0.08654309924820279,1.8282229716182838
plateau,21.166666666666668,0.0864585845028432,1.8300400386435145
plateau,21.208333333333332,0.08637423466430387,1.831853560172111
plateau,21.25,0.08629004925040103,1.8336635465710218
plateau,21.291666666666668,0.08620602778082906,1.8354700081668187
plateau,21.333333333333332,0.08612216977715123,1.8372729552458928
plateau,21.375,0.08603847476279053,1.8390723980546475
plateau,21.416666666666668,0.08595494226302082,1.840868346799696
plateau,21.458333333333332,0.08587157180495777,1.842660811648052
plateau,21.5,0.08578836291754986,1.844449802727322
plateau,21.541666666666668,0.08570626879035602,1.846255873525586
plateau,21.583333333333332,0.08562433163090064,1.8480584910336053
plateau,21.625,0.08554255098941935,1.8498576651461933
plateau,21.666666666666668,0.08546092641786456,1.8516534057203988
plateau,21.708333333333332,0.08537945746989711,1.853445722575683
plateau,21.75,0.08529814370087815,1.8552346254941
plateau,21.791666666666668,0.08521698466786112,1.8570201242204738
plateau,21.833333333333332,0.08513597992958372,1.8588022284625778
plateau,21.875,0.08505512904645969,1.8605809478913058
plateau,21.916666666666668,0.0849744315805712,1.8623562921408523
plateau,21.958333333333332,0.08489388709566073,1.8641282708088835
plateau,22.0,0.08481349515712316,1.8658968934567097
plateau,22.041666666666668,0.084734156059689,1.8676820231489784
plateau,22.083333333333332,0.08465496525963323,1.8694638161502337
plateau,22.125,0.08457592234155699,1.8712422818069483
plateau,22.166666666666668,0.08449702689161151,1.8730174294307218
plateau,22.208333333333332,0.08441827849749073,1.8747892682984397
plateau,22.25,0.08433967674842416,1.8765578076524376
plateau,22.291666666666668,0.0842612212351698,1.8783230567006601
plateau,22.333333333333332,0.08418291155000701,1.8800850246168233
plateau,22.375,0.08410474728672938,1.88184372054057
plateau,22.416666666666668,0.08402672804063778,1.8835991535776304
plateau,22.458333333333332,0.0839488534085334,1.8853513327999794
plateau,22.5,0.08387112298871069,1.8871002672459904
plateau,22.541666666666668,0.08379438820098084,1.8888651673637766
plateau,22.583333333333332,0.08371779369622677,1.890626840973121
plateau,22.625,0.08364133909011148,1.8923852969137722
plateau,22.666666666666668,0.08356502399970078,1.8941405439932177
plateau,22.708333333333332,0.08348884804345677,1.8958925909868307
plateau,22.75,0.0834128108412314,1.8976414466380143
plateau,22.791666666666668,0.0833369120142603,1.8993871196583494
plateau,22.833333333333332,0.08326115118515644,1.9011296187277384
plateau,22.875,0.0831855279779038,1.9028689524945492
plateau,22.916666666666668,0.08311004201785124,1.9046051295757578
plateau,22.958333333333332,0.08303469293170633,1.906338158557091
plateau,23.0,0.08295948034752905,1.9080680479931682
plateau,23.041666666666668,0.08288521044569598,1.909813390686245
plateau,23.083333333333332,0.08281107340594135,1.9115556111204794
plateau,23.125,0.0827370688720665,1.9132947176665378
plateau,23.166666666666668,0.08266319648914501,1.915030718665193
plateau,23.208333333333332,0.08258945590351688,1.916763622427454
plateau,23.25,0.08251584676278291,1.9184934372347027
plateau,23.291666666666668,0.08244236871579912,1.9202201713388212
plateau,23.333333333333332,0.0823690214126712,1.921943832962328
plateau,23.375,0.08229580450474881,1.9236644302985035
plateau,23.416666666666668,0.08222271764462026,1.9253819715115246
plateau,23.458333333333332,0.08214976048610685,1.9270964647365898
plateau,23.5,0.08207693268425746,1.9288079180800504
plateau,23.541666666666668,0.0820049984750688,1.930534339100578
plateau,23.583333333333332,0.08193319024523076,1.932257736616692
plateau,23.625,0.08186150766408881,1.933978118564098
plateau,23.666666666666668,0.08178995040214466,1.9356954928507573
plateau,23.708333333333332,0.0817185181310511,1.9374098673570033
plateau,23.75,0.0816472105236069,1.939121249935664
plateau,23.791666666666668,0.08157602725375196,1.940829648412182
plateau,23.833333333333332,0.0815049679965623,1.9425350705847348
plateau,23.875,0.081434032428245,1.9442375242243493
plateau,23.916666666666668,0.08136322022613347,1.9459370170750256
plateau,23.958333333333332,0.08129253106868246,1.9476335568538505
plateau,24.0,0.08122196463546312,1.949327151251115
plateau,24.041666666666668,0.08115224621088331,1.9510352526533197
plateau,24.083333333333332,0.08108264737193746,1.9527404242074937
plateau,24.125,0.08101316781120743,1.9544426734453793
plateau,24.166666666666668,0.08094380722232797,1.956142007872926
plateau,24.208333333333332,0.0808745652999821,1.9578384349704
plateau,24.25,0.08080544173989664,1.9595319621924934
plateau,24.291666666666668,0.08073643623883779,1.9612225969684347
plateau,24.333333333333332,0.08066754849460672,1.9629103467020967
plateau,24.375,0.08059877820603502,1.9645952187721036
plateau,24.416666666666668,0.08053012507298046,1.9662772205319397
plateau,24.458333333333332,0.08046158879632262,1.9679563593100573
plateau,24.5,0.08039316907795839,1.9696326424099806
plateau,24.541666666666668,0.08032555497444455,1.9713229949978266
plateau,24.583333333333332,0.08025805450807948,1.9730105066569537
plateau,24.625,0.08019066739262348,1.9746951845433534
plateau,24.666666666666668,0.08012339334279746,1.976377035789004
plateau,24.708333333333332,0.08005623207427878,1.9780560675019714
plateau,24.75,0.0799891833036973,1.9797322867665081
plateau,24.791666666666668,0.07992224674863144,1.9814057006431545
plateau,24.833333333333332,0.07985542212760416,1.9830763161688365
plateau,24.875,0.079788709160079,1.9847441403569652
plateau,24.916666666666668,0.07972210756645623,1.9864091801975345
plateau,24.958333333333332,0.07965561706806888,1.988071442657219
plateau,25.0,0.07958923738717881,1.9897309346794703
plateau,25.041666666666668,0.07952362383615888,1.9914040802304787
plateau,25.083333333333332,0.07945811837995119,1.9930744693637756
plateau,25.125,0.07939272075165492,1.9947421088853299
plateau,25.166666666666668,0.07932743068524731,1.996407005578724
plateau,25.208333333333332,0.0792622479155799,1.9980691662052432
plateau,25.25,0.07919717217837498,1.9997285975039683
plateau,25.291666666666668,0.07913220321022209,2.001385306191867
plateau,25.333333333333332,0.07906734074857437,2.003039298963884
plateau,25.375,0.07900258453174507,2.0046905824930312
plateau,25.416666666666668,0.07893793429890403,2.0063391634304772
plateau,25.458333333333332,0.07887338979007419,2.0079850484056387
plateau,25.5,0.07880895074612805,2.009628244026265
plateau,25.541666666666668,0.07874524100421523,2.0112846973159977
plateau,25.583333333333332,0.0786816341859566,2.012938474590723
plateau,25.625,0.07861813004214226,2.0145895823298954
plateau,25.666666666666668,0.07855472832436633,2.0162380269920694
plateau,25.708333333333332,0.07849142878502359,2.017883815014981
plateau,25.75,0.07842823117730617,2.019526952815634
plateau,25.791666666666668,0.07836513525520053,2.0211674467903804
plateau,25.833333333333332,0.07830214077348414,2.022805303315007
plateau,25.875,0.07823924748772229,2.0244405287448144
plateau,25.916666666666668,0.07817645515426505,2.0260731294147027
plateau,25.958333333333332,0.078113763530244,2.0277031116392505
plateau,26.0,0.07805117237356912,2.029330481712797
plateau,26.041666666666668,0.0779892761226781,2.030970732361409
plateau,26.083333333333332,0.0779274779641023,2.0326083835636686
plateau,26.125,0.0778657776648433,2.034243441494031
plateau,26.166666666666668,0.0778041749926401,2.035875912307416
plateau,26.208333333333332,0.07774266971596609,2.037505802139278
plateau,26.25,0.07768126160402615,2.0391331171056866
plateau,26.291666666666668,0.07761995042675382,2.0407578633034027
plateau,26.333333333333332,0.07755873595480844,2.0423800468099556
plateau,26.375,0.07749761795957218,2.0439996736837163
plateau,26.416666666666668,0.07743659621314732,2.045616749963975
plateau,26.458333333333332,0.07737567048835335,2.047231281671016
plateau,26.5,0.07731484055872413,2.0488432748061896
plateau,26.541666666666668,0.07725467336762784,2.050467788965789
plateau,26.583333333333332,0.07719459974914604,2.0520897766647987
plateau,26.625,0.07713461948516068,2.053709243792403
plateau,26.666666666666668,0.0770747323582312,2.055326196219499
plateau,26.708333333333332,0.07701493815159177,2.0569406397987633
plateau,26.75,0.07695523664914868,2.058552580364727
plateau,26.791666666666668,0.07689562763547775,2.0601620237338416
plateau,26.833333333333332,0.07683611089582182,2.061768975704552
plateau,26.875,0.076776686216088,2.0633734420573653
plateau,26.916666666666668,0.07671735338284527,2.0649754285549187
plateau,26.958333333333332,0.07665811218332186,2.0665749409420515
plateau,27.0,0.07659896240540262,2.0681719849458706
plateau,27.041666666666668,0.07654044524542904,2.0697812068451436
plateau,27.083333333333332,0.07648201742463101,2.0713879719170896
plateau,27.125,0.07642367873857103,2.072992285783739
plateau,27.166666666666668,0.07636542898343492,2.074594154049982
plateau,27.208333333333332,0.07630726795602942,2.0761935823036337
plateau,27.25,0.07624919545377977,2.0777905761154987
plateau,27.291666666666668,0.07619121127472746,2.079385141039437
plateau,27.333333333333332,0.07613331521752784,2.0809772826124275
plateau,27.375,0.0760755070814477,2.0825670063546307
plateau,27.416666666666668,0.07601778666636314,2.084154317769456
plateau,27.458333333333332,0.07596015377275711,2.0857392223436224
plateau,27.5,0.07590260820171714,2.087321725547221
plateau,27.541666666666668,0.07584566701026799,2.0889160789077974
plateau,27.583333333333332,0.07578881118792147,2.0905080419335005
plateau,27.625,0.07573204054283687,2.0920976199958687
plateau,27.666666666666668,0.07567535488374792,2.093684818450359
plateau,27.708333333333332,0.07561875401996053,2.0952696426364064
plateau,27.75,0.0755622377613507,2.096852097877482
plateau,27.791666666666668,0.07550580591836237,2.098432189481154
plateau,27.833333333333332,0.0754494583020054,2.1000099227391504
plateau,27.875,0.07539319472385327,2.10158530292741
plateau,27.916666666666668,0.07533701499604115,2.1031583353061487
plateau,27.958333333333332,0.07528091893126376,2.1047290251199158
plateau,28.0,0.07522490634277323,2.1062973775976506
plateau,28.041666666666668,0.07516947162918239,2.1078772669349894
plateau,28.083333333333332,0.07511411855729051,2.1094548294839086
plateau,28.125,0.07505884694687308,2.111030070380805
plateau,28.166666666666668,0.07500365661823566,2.1126029947469713
plateau,28.208333333333332,0.07494854739221199,2.1141736076886466
plateau,28.25,0.0748935190901619,2.1157419142970735
plateau,28.291666666666668,0.07483857153396956,2.1173079196485554
plateau,28.333333333333332,0.07478370454604144,2.1188716288045075
plateau,28.375,0.0747289179493044,2.1204330468115127
plateau,28.416666666666668,0.07467421156720389,2.1219921787013774
plateau,28.458333333333332,0.07461958522370192,2.123549029491184
plateau,28.5,0.07456503874327523,2.125103604183344
plateau,28.541666666666668,0.07451104523223737,2.1266694160034416
plateau,28.583333333333332,0.074457129859421,2.128232961815117
plateau,28.625,0.07440329245532885,2.1297942465337885
plateau,28.666666666666668,0.07434953285095361,2.13135327506067
plateau,28.708333333333332,0.07429585087777604,2.1329100522828206
plateau,28.75,0.0742422463677632,2.1344645830731923
plateau,28.791666666666668,0.07418871915336683,2.136016872290687
plateau,28.833333333333332,0.07413526906752148,2.1375669247802027
plateau,28.875,0.07408189594364277,2.139114745372685
plateau,28.916666666666668,0.07402859961562576,2.140660338885178
plateau,28.958333333333332,0.07397537991784314,2.1422037101208744
plateau,29.0,0.07392223668514354,2.1437448638691627
plateau,29.041666666666668,0.0738696229935527,2.145296967771093
plateau,29.083333333333332,0.0738170841436284,2.1468468638438596
plateau,29.125,0.07376461997579356,2.1483945567949876
plateau,29.166666666666668,0.07371223033092439,2.149940051318628
plateau,29.208333333333332,0.07365991505034886,2.1514833520956063
plateau,29.25,0.07360767397584507,2.1530244637934683
plateau,29.291666666666668,0.07355550694963964,2.1545633910665276
plateau,29.333333333333332,0.0735034138144062,2.156100138555915
plateau,29.375,0.07345139441326365,2.15763471088962
plateau,29.416666666666668,0.07339944858977478,2.1591671126825416
plateau,29.458333333333332,0.07334757618794456,2.1606973485365333
plateau,29.5,0.0732957770522186,2.1622254230404487
plateau,29.541666666666668,0.07324448539577896,2.1637641727336367
plateau,29.583333333333332,0.0731932654759218,2.165300770329353
plateau,29.625,0.07314211714225588,2.1668352203393306
plateau,29.666666666666668,0.07309104024481015,2.1683675272627014
plateau,29.708333333333332,0.07304003463403222,2.1698976955860405
plateau,29.75,0.07298910016078672,2.171425729783405
plateau,29.791666666666668,0.07293823667635412,2.1729516343163833
plateau,29.833333333333332,0.07288744403242908,2.174475413634134
plateau,29.875,0.0728367220811191,2.175997072173433
plateau,29.916666666666668,0.07278607067494308,2.177516614358714
plateau,29.958333333333332,0.07273548966682986,2.179034044602111
plateau,30.0,0.07268497891011677,2.1805493673035032
plateau,30.041666666666668,0.07263495483653788,2.182075101547659
plateau,30.083333333333332,0.07258499957186353,2.1835987371202275
plateau,30.125,0.07253511297421962,2.185120278348366
plateau,30.166666666666668,0.07248529490212194,2.186639729547345
plateau,30.208333333333332,0.07243554521447465,2.188157095020588
plateau,30.25,0.07238586377056896,2.189672379059711
plateau,30.291666666666668,0.07233625043008193,2.1911855859445653
plateau,30.333333333333332,0.07228670505307504,2.192696719943276
plateau,30.375,0.07223722749999285,2.194205785312283
plateau,30.416666666666668,0.0721878176316618,2.1957127862963794
plateau,30.458333333333332,0.07213847530928882,2.197217727128755
plateau,30.5,0.07208920039446008,2.1987206120310323
plateau,30.541666666666668,0.07204039254043539,2.2002336555057975
plateau,30.583333333333332,0.0719916507322213,2.2017446515604346
plateau,30.625,0.07194297483585062,2.203253604347925
plateau,30.666666666666668,0.07189436471771829,2.2047605180100276
plateau,30.708333333333332,0.07184582024458007,2.206265396677313
plateau,30.75,0.07179734128355134,2.2077682444692037
plateau,30.791666666666668,0.0717489277021059,2.209269065494011
plateau,30.833333333333332,0.07170057936807485,2.2107678638489743
plateau,30.875,0.07165229614964516,2.212264643620294
plateau,30.916666666666668,0.07160407791535872,2.213759408883174
plateau,30.958333333333332,0.07155592453411101,2.2152521637018534
plateau,31.0,0.07150783587514992,2.2167429121296474
plateau,31.041666666666668,0.07146019574465348,2.2182435762402855
plateau,31.083333333333332,0.07141261904975026,2.2197422421297373
plateau,31.125,0.07136510566382227,2.2212389137864683
plateau,31.166666666666668,0.07131765546058835,2.222733595188337
plateau,31.208333333333332,0.07127026831410292,2.2242262903026284
plateau,31.25,0.0712229440987549,2.225717003086091
plateau,31.291666666666668,0.07117568268926668,2.2272057374849696
plateau,31.333333333333332,0.07112848396069289,2.228692497435044
plateau,31.375,0.0710813477884194,2.2301772868616587
plateau,31.416666666666668,0.07103427404816216,2.2316601096797615
plateau,31.458333333333332,0.07098726261596618,2.233140969793936
plateau,31.5,0.07094031336820429,2.234619871098435
plateau,31.541666666666668,0.07089379512993003,2.23610845472321
plateau,31.583333333333332,0.0708473378592027,2.2375950873864854
plateau,31.625,0.07080094143624317,2.2390797729211904
plateau,31.666666666666668,0.07075460574158593,2.2405625151502213
plateau,31.708333333333332,0.07070833065607804,2.2420433178864743
plateau,31.75,0.07066211606087798,2.2435221849328757
plateau,31.791666666666668,0.0706159618374548,2.2449991200824173
plateau,31.833333333333332,0.07056986786758702,2.2464741271181867
plateau,31.875,0.07052383403336158,2.2479472098134003
plateau,31.916666666666668,0.07047786021717295,2.2494183719314367
plateau,31.958333333333332,0.07043194630172203,2.2508876172258665
plateau,32.0,0.07038609217001518,2.2523549494404858
plateau,32.041666666666664,0.07034065247203583,2.2538317396248146
plateau,32.083333333333336,0.07029527140592483,2.255306624273422
plateau,32.125,0.07024994885827433,2.256779607072063
plateau,32.166666666666664,0.07020468471596876,2.258250691696995
plateau,32.208333333333336,0.07015947886618383,2.259719881815004
plateau,32.25,0.07011433119638577,2.261187181083441
plateau,32.291666666666664,0.07006924159433023,2.262652593150247
plateau,32.333333333333336,0.07002420994806136,2.264116121653984
plateau,32.375,0.06997923614591105,2.26557777022387
plateau,32.416666666666664,0.06993432007649776,2.267037542479802
plateau,32.458333333333336,0.06988946162872577,2.268495442032391
plateau,32.5,0.06984466069178429,2.2699514724829895
plateau,32.541666666666664,0.06980025849172596,2.2714167450849154
plateau,32.583333333333336,0.06975591271123564,2.272880155841095
plateau,32.625,0.06971162324284756,2.274341708297902
plateau,32.666666666666664,0.06966738997936861,2.275801405992708
plateau,32.708333333333336,0.06962321281387755,2.277259252453912
plateau,32.75,0.06957909163972428,2.2787152512009703
plateau,32.791666666666664,0.06953502635052877,2.2801694057444224
plateau,32.833333333333336,0.06949101684018032,2.2816217195859205
plateau,32.875,0.06944706300283676,2.2830721962182587
plateau,32.916666666666664,0.06940316473292348,2.2845208391253977
plateau,32.958333333333336,0.0693593219251326,2.2859676517824954
plateau,33.0,0.06931553447442229,2.287412637655936
plateau,33.041666666666664,0.06927213088364308,2.28886665794704
plateau,33.083333333333336,0.0692287816152553,2.2903188584380296
plateau,33.125,0.06918548656734083,2.291769242543165
plateau,33.166666666666664,0.06914224563823625,2.2932178136681687
plateau,33.208333333333336,0.06909905872653214,2.294664575210255
plateau,33.25,0.0690559257310724,2.2961095305581574
plateau,33.291666666666664,0.06901284655095322,2.297552683092151
plateau,33.333333333333336,0.06896982108552242,2.298994036184081
plateau,33.375,0.0689268492343788,2.3004335931973925
plateau,33.416666666666664,0.0688839308973711,2.3018713574871508
plateau,33.458333333333336,0.06884106597459737,2.3033073324000704
plateau,33.5,0.06879825436640422,2.3047415212745412
plateau,33.541666666666664,0.0687558125068321,2.306184544499993
plateau,33.583333333333336,0.06871342298000914,2.3076257884119737
plateau,33.625,0.068671085689202,2.309065256299417
plateau,33.666666666666664,0.06862880053791555,2.3105029514431568
plateau,33.708333333333336,0.06858656742989219,2.3119388771159497
plateau,33.75,0.06854438626911122,2.3133730365825036
plateau,33.791666666666664,0.06850225695978786,2.314805433099498
plateau,33.833333333333336,0.06846017940637274,2.316236069915611
plateau,33.875,0.06841815351355116,2.317664950271545
plateau,33.916666666666664,0.06837617918624224,2.319092077400049
plateau,33.958333333333336,0.06833425632959829,2.320517454525942
plateau,34.0,0.06829238484900418,2.3219410848661424
plateau,34.041666666666664,0.06825086972143642,2.323373356767231
plateau,34.083333333333336,0.068209405037523,2.3248038883622426
plateau,34.125,0.06816799070538122,2.3262326828211344
plateau,34.166666666666664,0.06812662663335127,2.3276597433061683
plateau,34.208333333333336,0.06808531272999567,2.3290850729719352
plateau,34.25,0.06804404890409871,2.330508674965381
plateau,34.291666666666664,0.06800283506466559,2.331930552425824
plateau,34.333333333333336,0.06796167112092183,2.333350708484983
plateau,34.375,0.0679205569823127,2.334769146266999
plateau,34.416666666666664,0.06787949255850236,2.336185868888456
plateau,34.458333333333336,0.06783847775937334,2.3376008794584062
plateau,34.5,0.0677975124950259,2.3390141810783933
plateau,34.541666666666664,0.06775689085782097,2.340435938380566
plateau,34.583333333333336,0.06771631786928332,2.3418559929793816
plateau,34.625,0.06767579344207252,2.343274347931761
plateau,34.666666666666664,0.06763531748905693,2.3446910062873068
plateau,34.708333333333336,0.0675948899233133,2.346105971088333
plateau,34.75,0.06755451065812615,2.3475192453698837
plateau,34.791666666666664,0.06751417960698698,2.348930832159755
plateau,34.833333333333336,0.06747389668359377,2.3503407344785163
plateau,34.875,0.06743366180185044,2.351748955339534
plateau,34.916666666666664,0.06739347487586603,2.353155497748989
plateau,34.958333333333336,0.06735333581995423,2.3545603647059
plateau,35.0,0.06731324454863284,2.3559635592021495
plateau,35.041666666666664,0.0672734848058398,2.357375030071303
plateau,35.083333333333336,0.06723377200489182,2.358784834504955
plateau,35.125,0.06719410606270605,2.36019297545255
plateau,35.166666666666664,0.06715448689639551,2.361599455856575
plateau,35.208333333333336,0.06711491442326856,2.3630042786525807
plateau,35.25,0.06707538856082848,2.364407446769204
plateau,35.291666666666664,0.06703590922677267,2.3658089631281856
plateau,35.333333333333336,0.06699647633899221,2.3672088306443917
plateau,35.375,0.06695708981557129,2.3686070522258342
plateau,35.416666666666664,0.06691774957478659,2.3700036307736916
plateau,35.458333333333336,0.06687845553510673,2.3713985691823263
plateau,35.5,0.06683920761519177,2.372791870339308
plateau,35.541666666666664,0.06680027971326097,2.3741932748088166
plateau,35.583333333333336,0.06676139712902739,2.3755930478412246
plateau,35.625,0.06672255978340261,2.3769911922837177
plateau,35.666666666666664,0.06668376759748203,2.3783877109768587
plateau,35.708333333333336,0.06664502049254449,2.3797826067546097
plateau,35.75,0.06660631839005172,2.381175882444349
plateau,35.791666666666664,0.06656766121164776,2.3825675408668925
plateau,35.833333333333336,0.06652904887915839,2.383957584836509
plateau,35.875,0.06649048131459077,2.385346017160944
plateau,35.916666666666664,0.06645195844013273,2.3867328406414337
plateau,35.958333333333336,0.06641348017815232,2.3881180580727275
plateau,36.0,0.06637504645119738,2.3895016722431057
plateau,36.041666666666664,0.06633692178350573,2.390893222613852
plateau,36.083333333333336,0.06629884088695949,2.3922831753377882
plateau,36.125,0.06626080368622114,2.393671533164739
plateau,36.166666666666664,0.06622281010612584,2.3950582988382174
plateau,36.208333333333336,0.06618486007168105,2.3964434750954515
plateau,36.25,0.06614695350806613,2.397827064667397
plateau,36.291666666666664,0.06610909034063163,2.399209070278756
plateau,36.333333333333336,0.06607127049489898,2.4005894946479964
plateau,36.375,0.06603349389656,2.4019683404873704
plateau,36.416666666666664,0.06599576047147626,2.403345610502927
plateau,36.458333333333336,0.06595807014567871,2.4047213073945364
plateau,36.5,0.06592042284536727,2.4060954338559055
plateau,36.541666666666664,0.06588307416386847,2.4074773350713605
plateau,36.583333333333336,0.0658457677798572,2.4088576712797765
plateau,36.625,0.06580850362152113,2.4102364451382114
plateau,36.666666666666664,0.06577128161721033,2.411613659297712
plateau,36.708333333333336,0.06573410169543686,2.4129893164033285
plateau,36.75,0.06569696378487448,2.4143634190941374
plateau,36.791666666666664,0.06565986781435791,2.4157359700032512
plateau,36.833333333333336,0.06562281371288252,2.4171069717578395
plateau,36.875,0.06558580140960397,2.4184764269791468
plateau,36.916666666666664,0.06554883083383757,2.4198443382825037
plateau,36.958333333333336,0.06551190191505793,2.4212107082773495
plateau,37.0,0.06547501458289856,2.4225755395672466
plateau,37.041666666666664,0.06543841591627873,2.4239479895654914
plateau,37.083333333333336,0.0654018581420238,2.4253189061000495
plateau,37.125,0.06536534119163742,2.426688291739539
plateau,37.166666666666664,0.06532886499677602,2.428056149046842
plateau,37.208333333333336,0.06529242948924853,2.4294224805791225
plateau,37.25,0.06525603460101596,2.430787288887845
plateau,37.291666666666664,0.0652196802641909,2.432150576518785
plateau,37.333333333333336,0.06518336641103709,2.4335123460120514
plateau,37.375,0.06514709297396919,2.434872599902098
plateau,37.416666666666664,0.06511085988555208,2.4362313407177405
plateau,37.458333333333336,0.06507466707850063,2.4375885709821694
plateau,37.5,0.06503851448567924,2.4389442932129715
plateau,37.541666666666664,0.0650026410634588,2.4403074832573486
plateau,37.583333333333336,0.06496680719297175,2.4416691703358553
plateau,37.625,0.0649310128088434,2.4430293569327333
plateau,37.666666666666664,0.06489525784584295,2.444388045526751
plateau,37.708333333333336,0.06485954223888318,2.44574523859122
plateau,37.75,0.06482386592302022,2.4471009385940135
plateau,37.791666666666664,0.06478822883345288,2.4484551479975734
plateau,37.833333333333336,0.0647526309055224,2.449807869258931
plateau,37.875,0.06471707207471213,2.451159104829722
plateau,37.916666666666664,0.06468155227664697,2.4525088571561975
plateau,37.958333333333336,0.06464607144709313,2.4538571286792434
plateau,38.0,0.06461062952195766,2.455203921834391
plateau,38.041666666666664,0.06457545770403608,2.4565580368243727
plateau,38.083333333333336,0.06454032415795118,2.457910678348641
plateau,38.125,0.06450522882126931,2.459261848810893
plateau,38.166666666666664,0.06447017163169255,2.460611550609599
plateau,38.208333333333336,0.06443515252705825,2.4619597861380176
plateau,38.25,0.06440017144533891,2.4633065577842133
plateau,38.291666666666664,0.0643652283246415,2.4646518679310643
plateau,38.333333333333336,0.0643303231032073,2.46599571895628
plateau,38.375,0.06429545571941153,2.4673381132324175
plateau,38.416666666666664,0.06426062611176288,2.4686790531268903
plateau,38.458333333333336,0.06422583421890322,2.470018541001987
plateau,38.5,0.06419107997960728,2.47135657921488
plateau,38.541666666666664,0.06415658719079505,2.472701797978559
plateau,38.583333333333336,0.06412213145116517,2.474045571824123
plateau,38.625,0.0640877127010572,2.4753879030783343
plateau,38.666666666666664,0.06405333088093862,2.47672879406296
plateau,38.708333333333336,0.06401898593140458,2.478068247094786
plateau,38.75,0.0639846777931777,2.4794062644856356
plateau,38.791666666666664,0.06395040640710743,2.4807428485423757
plateau,38.833333333333336,0.06391617171417,2.482078001566935
plateau,38.875,0.06388197365546794,2.483411725856316
plateau,38.916666666666664,0.06384781217222972,2.4847440237026066
plateau,38.958333333333336,0.06381368720580949,2.486074897392995
plateau,39.0,0.06377959869768673,2.4874043492097826
plateau,39.041666666666664,0.06374576336681263,2.4887408447793096
plateau,39.083333333333336,0.06371196391645907,2.4900759230682756
plateau,39.125,0.0636782002895823,2.4914095863299077
plateau,39.166666666666664,0.06364447242925944,2.4927418368126615
plateau,39.208333333333336,0.06361078027868809,2.4940726767602293
plateau,39.25,0.06357712378118614,2.495402108411556
plateau,39.291666666666664,0.06354350288019134,2.496730134000851
plateau,39.333333333333336,0.063509917519261,2.4980567557575992
plateau,39.375,0.06347636764207175,2.499381975906575
plateau,39.416666666666664,0.06344285319241913,2.500705796667854
plateau,39.458333333333336,0.0634093741142173,2.502028220256825
plateau,39.5,0.06337593035149884,2.5033492488842044
plateau,39.541666666666664,0.06334273185471964,2.5046771887553723
plateau,39.583333333333336,0.06330956812076428,2.5060037381135865
plateau,39.625,0.06327643909506006,2.507328899141755
plateau,39.666666666666664,0.06324334472314844,2.5086526740182213
plateau,39.708333333333336,0.06321028495068466,2.50997506491677
plateau,39.75,0.06317725972343771,2.511296074006649
plateau,39.791666666666664,0.06314426898728971,2.51261570345257
plateau,39.833333333333336,0.06311131268823579,2.5139339554147258
plateau,39.875,0.06307839077238382,2.515250832048805
plateau,39.916666666666664,0.06304550318595402,2.5165663355059977
plateau,39.958333333333336,0.06301264987527867,2.5178804679330105
plateau,40.0,0.06297983078680197,2.519193231472079
plateau,40.041666666666664,0.0629472493947757,2.5205127778491434
plateau,40.083333333333336,0.06291470169601933,2.521830959648775
plateau,40.125,0.0628821876382953,2.523147778986599
plateau,40.166666666666664,0.06284970716947387,2.524463237973867
plateau,40.208333333333336,0.06281726023753298,2.525777338717472
plateau,40.25,0.062784846790558,2.5270900833199597
plateau,40.291666666666664,0.06275246677674132,2.5284014738795353
plateau,40.333333333333336,0.06272012014438216,2.529711512490081
plateau,40.375,0.06268780684188635,2.5310202012411613
plateau,40.416666666666664,0.06265552681776591,2.532327542218039
plateau,40.458333333333336,0.0626232800206389,2.5336335375016823
plateau,40.5,0.06259106639922912,2.5349381891687797
plateau,40.541666666666664,0.06255908322784476,2.5362494991955393
plateau,40.583333333333336,0.06252713272568547,2.537559469784069
plateau,40.625,0.062495214842721886,2.5388681029855764
plateau,40.666666666666664,0.062463329529026626,2.5401754008470827
plateau,40.708333333333336,0.06243147673477417,2.541481365411432
plateau,40.75,0.06239965641024066,2.542785998717307
plateau,40.791666666666664,0.062367868505803455,2.5440893027992324
plateau,40.833333333333336,0.06233611297194101,2.5453912796875917
plateau,40.875,0.06230438975923266,2.5466919314086347
plateau,40.916666666666664,0.06227269881835818,2.5479912599844887
plateau,40.958333333333336,0.06224104010009769,2.549289267433168
plateau,41.0,0.06220941355533138,2.550585955768587
plateau,41.041666666666664,0.062178010519715374,2.5518891817466516
plateau,41.083333333333336,0.06214663917232903,2.5531910926631842
plateau,41.125,0.06211529946523255,2.554491690507689
plateau,41.166666666666664,0.06208399135058274,2.555790977265656
plateau,41.208333333333336,0.06205271478063281,2.5570889549185774
plateau,41.25,0.062021469707732195,2.558385625443953
plateau,41.291666666666664,0.0619902560843262,2.5596809908153024
plateau,41.333333333333336,0.0619590738629558,2.5609750530021733
plateau,41.375,0.06192792299625749,2.562267813970154
plateau,41.416666666666664,0.0618968034369629,2.56355927568088
plateau,41.458333333333336,0.06186571513789861,2.5648494400920465
plateau,41.5,0.06183465805198601,2.5661383091574197
plateau,41.541666666666664,0.061803817823531164,2.5674335987525234
plateau,41.583333333333336,0.0617730083430608,2.5687275969322783
plateau,41.625,0.06174222956461384,2.570020305627051
plateau,41.666666666666664,0.06171148144232071,2.571311726763363
plateau,41.708333333333336,0.061680763930403164,2.5726018622638986
plateau,41.75,0.06165007698317412,2.5738907140475193
plateau,41.791666666666664,0.06161942055503729,2.5751782840292665
plateau,41.833333333333336,0.06158879460048706,2.5764645741203753
plateau,41.875,0.06155819907410828,2.5777495862282844
plateau,41.916666666666664,0.06152763393057596,2.579033322256642
plateau,41.958333333333336,0.061497099124655064,2.580315784105319
plateau,42.0,0.06146659461120038,2.581596973670416
plateau,42.041666666666664,0.06143630057738511,2.5828844701075657
plateau,42.083333333333336,0.061406036389908554,2.5841706980753183
plateau,42.125,0.06137580200468458,2.5854556594473377
plateau,42.166666666666664,0.06134559737771378,2.5867393560935974
plateau,42.208333333333336,0.06131542246508331,2.588021789880391
plateau,42.25,0.061285277222966755,2.589302962670345
plateau,42.291666666666664,0.06125516160762378,2.590582876322422
plateau,42.333333333333336,0.06122507557539998,2.5918615326919325
plateau,42.375,0.061195019082726745,2.593138933630546
plateau,42.416666666666664,0.061164992086120896,2.5944150809862947
plateau,42.458333333333336,0.06113499454218458,2.595689976603587
plateau,42.5,0.06110502640760509,2.596963622323216
plateau,42.541666666666664,0.06107526263439145,2.5982434645714028
plateau,42.583333333333336,0.06104552784245648,2.5995220606246052
plateau,42.625,0.06101582198949179,2.6007994123020874
plateau,42.666666666666664,0.06098614503327123,2.6020755214195725
plateau,42.708333333333336,0.06095649693165076,2.6033503897892514
plateau,42.75,0.060926877642568336,2.6046240192197962
plateau,42.791666666666664,0.06089728712404354,2.605896411516363
plateau,42.833333333333336,0.06086772533417748,2.607167568480602
plateau,42.875,0.06083819223115266,2.6084374919106703
plateau,42.916666666666664,0.06080868777323261,2.6097061836012325
plateau,42.958333333333336,0.06077921191876181,2.6109736453434764
plateau,43.0,0.06074976462616552,2.6122398789251173
plateau,43.041666666666664,0.060720515822782685,2.6135122018722714
plateau,43.083333333333336,0.060691295170317426,2.6147833002545093
plateau,43.125,0.06066210262814797,2.616053175838881
plateau,43.166666666666664,0.0606329381557306,2.6173218303890375
plateau,43.208333333333336,0.06060380171259953,2.618589265665238
plateau,43.25,0.06057469325836678,2.619855483424363
plateau,43.291666666666664,0.06054561275272186,2.621120485419917
plateau,43.333333333333336,0.06051656015543168,2.6223842734020395
plateau,43.375,0.06048753542634035,2.6236468491175127
plateau,43.416666666666664,0.060458538525368956,2.6249082143097686
plateau,43.458333333333336,0.060429569412515385,2.626168370718898
plateau,43.5,0.060400628047854225,2.627427320081659
plateau,43.541666666666664,0.06037187953379052,2.628692254700462
plateau,43.583333333333336,0.06034315837321306,2.629955985765869
plateau,43.625,0.06031446452710122,2.631218514994791
plateau,43.666666666666664,0.0602857979565085,2.632479844100871
plateau,43.708333333333336,0.0602571586225624,2.6337399747944983
plateau,43.75,0.06022854648646432,2.634998908782814
plateau,43.791666666666664,0.060199961509489266,2.6362566477697174
plateau,43.833333333333336,0.0601714036529857,2.6375131934558733
plateau,43.875,0.06014287287837547,2.638768547538724
plateau,43.916666666666664,0.0601143691471535,2.640022711712491
plateau,43.958333333333336,0.06008589242088766,2.6412756876681867
plateau,44.0,0.060057442661218687,2.6425274770936222
plateau,44.041666666666664,0.06002918033526046,2.6437851505987626
plateau,44.083333333333336,0.06000094459662674,2.6450416409679622
plateau,44.125,0.0599727354078178,2.6462969498699604
plateau,44.166666666666664,0.05994455273140436,2.647551078970359
plateau,44.208333333333336,0.059916396530027456,2.6488040299316307
plateau,44.25,0.05988826676639834,2.650055804413127
plateau,44.291666666666664,0.05986016340329821,2.651306404071083
plateau,44.333333333333336,0.05983208640357807,2.652555830558628
plateau,44.375,0.05980403573015868,2.6538040855257914
plateau,44.416666666666664,0.059776011346030215,2.6550511706195086
plateau,44.458333333333336,0.0597480132142522,2.656297087483629
plateau,44.5,0.0597200412979534,2.6575418377589264
plateau,44.541666666666664,0.05969225160912235,2.6587923737563246
plateau,44.583333333333336,0.05966448777116461,2.6600417464644224
plateau,44.625,0.05963674974802599,2.6612899575056597
plateau,44.666666666666664,0.0596090375037193,2.662537008499462
plateau,44.708333333333336,0.05958135100232415,2.6637829010622425
plateau,44.75,0.05955369020798696,2.6650276368074164
plateau,44.791666666666664,0.059526055084920614,2.666271217345402
plateau,44.833333333333336,0.05949844559740441,2.667513644283631
plateau,44.875,0.05947086170978392,2.6687549192265534
plateau,44.916666666666664,0.059443303386470775,2.6699950437756454
plateau,44.958333333333336,0.05941577059194252,2.671234019529416
plateau,45.0,0.05938826329074255,2.672471848083415
plateau,45.041666666666664,0.05936093321099533,2.6737153667119147
plateau,45.083333333333336,0.059333628273915744,2.674957741349035
plateau,45.125,0.0593063484448243,2.6761989735726965
plateau,45.166666666666664,0.059279093689105174,2.677439064957917
plateau,45.208333333333336,0.05925186397220617,2.678678017076821
plateau,45.25,0.05922465925963859,2.679915831498646
plateau,45.291666666666664,0.059197479516976986,2.681152509789749
plateau,45.333333333333336,0.0591703247098591,2.6823880535136126
plateau,45.375,0.059143194803985714,2.6836224642308517
plateau,45.416666666666664,0.059116089765120464,2.684855743499221
plateau,45.458333333333336,0.05908900955908971,2.68608789287362
plateau,45.5,0.05906195415178244,2.687318913906101
plateau,45.541666666666664,0.059035071150347854,2.6885555319720917
plateau,45.583333333333336,0.05900821261024304,2.689791024816912
plateau,45.625,0.05898137849809651,2.691025393975653
plateau,45.666666666666664,0.05895456878059738,2.6922586409806133
plateau,45.708333333333336,0.058927783424495325,2.693490767361307
plateau,45.75,0.058901022396600465,2.694721774644471
plateau,45.791666666666664,0.05887428566378313,2.695951664354069
plateau,45.833333333333336,0.058847573192973776,2.6971804380112983
plateau,45.875,0.05882088495116291,2.6984080971345983
plateau,45.916666666666664,0.05879422090540083,2.6996346432396545
plateau,45.958333333333336,0.058767581022797555,2.7008600778394043
plateau,46.0,0.05874096527052274,2.7020844024440462
plateau,46.041666666666664,0.05871451728976159,2.7033142335494396
plateau,46.083333333333336,0.05868809311456367,2.7045429576961424
plateau,46.125,0.058661692712802735,2.705770576378026
plateau,46.166666666666664,0.05863531605241029,2.706997091086275
plateau,46.208333333333336,0.05860896310137549,2.7082225033093925
plateau,46.25,0.05858263382774505,2.7094468145332087
plateau,46.291666666666664,0.05855632819962303,2.7106700262408827
plateau,46.333333333333336,0.05853004618517076,2.711892139912912
plateau,46.375,0.05850378775260676,2.7131131570271387
plateau,46.416666666666664,0.0584775528702065,2.7143330790587514
plateau,46.458333333333336,0.058451341506302316,2.7155519074802954
plateau,46.5,0.05842515362928337,2.7167696437616766
plateau,46.541666666666664,0.05839912906196522,2.717992798425631
plateau,46.583333333333336,0.05837312766879425,2.7192148639046656
plateau,46.625,0.058347149418830395,2.720435841652967
plateau,46.666666666666664,0.05832119428118857,2.7216557331221334
plateau,46.708333333333336,0.058295262225038634,2.7228745397611798
plateau,46.75,0.05826935321960529,2.7240922630165474
plateau,46.791666666666664,0.05824346723416789,2.7253089043321057
plateau,46.833333333333336,0.05821760423806034,2.7265244651491596
plateau,46.875,0.05819176420067106,2.727738946906456
plateau,46.916666666666664,0.05816594709144273,2.728952351040188
plateau,46.958333333333336,0.05814015287987223,2.7301646789840004
plateau,47.0,0.058114381535510594,2.731375932168998
plateau,47.041666666666664,0.05808876920341032,2.7325925179437602
plateau,47.083333333333336,0.0580631794372414,2.733808031836783
plateau,47.125,0.05803761220719419,2.735022475264026
plateau,47.166666666666664,0.058012067483511454,2.7362358496389567
plateau,47.208333333333336,0.057986545236488336,2.7374481563725537
plateau,47.25,0.0579610454364723,2.738659396873316
plateau,47.291666666666664,0.057935568053862865,2.7398695725472644
plateau,47.333333333333336,0.0579101130591116,2.741078684797949
plateau,47.375,0.057884680422722004,2.742286735026455
plateau,47.416666666666664,0.05785927011524935,2.7434937246314064
plateau,47.458333333333336,0.05783388210730057,2.744699655008973
plateau,47.5,0.05780851636953421,2.745904527552875
plateau,47.541666666666664,0.0577833055032588,2.7471146491340956
plateau,47.583333333333336,0.05775811661681448,2.7483237156834224
plateau,47.625,0.05773294968146947,2.7495317285799836
plateau,47.666666666666664,0.057707804668542,2.750738689200502
plateau,47.708333333333336,0.05768268154940027,2.7519445989193048
plateau,47.75,0.05765758029546233,2.753149459108326
plateau,47.791666666666664,0.05763250087819593,2.7543532711371137
plateau,47.833333333333336,0.05760744326911844,2.755556036372832
plateau,47.875,0.0575824074397968,2.7567577561802716
plateau,47.916666666666664,0.05755739336184728,2.757958431921849
plateau,47.958333333333336,0.057532401006935484,2.759158064957614
plateau,48.0,0.057507430346776224,2.760356656645259
plateau,48.041666666666664,0.05748261056673877,2.761560415977075
plateau,48.083333333333336,0.05745781220152446,2.762763136689968
plateau,48.125,0.0574330352234298,2.7639648201275593
plateau,48.166666666666664,0.05740827960479902,2.765165467631153
plateau,48.208333333333336,0.057383545318024004,2.7663650805397406
plateau,48.25,0.05735883233554424,2.7675636601900093
plateau,48.291666666666664,0.05733414062984663,2.7687612079163433
plateau,48.333333333333336,0.05730947017346545,2.7699577250508303
plateau,48.375,0.057284820938982246,2.771153212923266
plateau,48.416666666666664,0.05726019289902568,2.77234767286116
plateau,48.458333333333336,0.05723558602627147,2.7735411061897386
plateau,48.5,0.05721100029344232,2.7747335142319525
plateau,48.541666666666664,0.05718656159190732,2.7759310106071675
plateau,48.583333333333336,0.05716214376031384,2.7771274843552476
plateau,48.625,0.057137746771939835,2.7783229367855746
plateau,48.666666666666664,0.057113370600108807,2.779517369205295
plateau,48.708333333333336,0.05708901521818977,2.7807107829193267
plateau,48.75,0.0570646805995972,2.7819031792303632
plateau,48.791666666666664,0.057040366717790815,2.7830945594388767
plateau,48.833333333333336,0.05701607354627556,2.7842849248431234
plateau,48.875,0.05699180105860154,2.7854742767391505
plateau,48.916666666666664,0.05696754922836385,2.786662616420798
plateau,48.958333333333336,0.056943318029202473,2.7878499451797047
plateau,49.0,0.05691910743480231,2.789036264305313
plateau,49.041666666666664,0.05689504015893136,2.7902275944609256
plateau,49.083333333333336,0.056870993227334174,2.791417917574986
plateau,49.125,0.056846966614225884,2.7926072349238464
plateau,49.166666666666664,0.05682296029386515,2.7937955477817034
plateau,49.208333333333336,0.05679897424055409,2.7949828574205995
plateau,49.25,0.05677500842863825,2.7961691651104337
plateau,49.291666666666664,0.0567510628325064,2.797354472118961
plateau,49.333333333333336,0.056727137426590496,2.798538779711798
plateau,49.375,0.05670323218536564,2.7997220891524286
plateau,49.416666666666664,0.05667934708334991,2.800904401702208
plateau,49.458333333333336,0.05665548209510427,2.8020857186203654
plateau,49.5,0.0566316371952326,2.803266041164014
plateau,49.541666666666664,0.0566079320310655,2.80445129937237
plateau,49.583333333333336,0.05658424670385583,2.8056355657328518
plateau,49.625,0.05656058118871412,2.806818841489938
plateau,49.666666666666664,0.05653693546079242,2.8080011278860235
plateau,49.708333333333336,0.056513309495284346,2.809182426161426
plateau,49.75,0.056489703267425,2.8103627375543936
plateau,49.791666666666664,0.0564661167524908,2.8115420633011046
plateau,49.833333333333336,0.05644254992579943,2.8127204046356717
plateau,49.875,0.05641900276270983,2.8138977627901527
plateau,49.916666666666664,0.05639547523862196,2.815074138994546
plateau,49.958333333333336,0.05637196732897684,2.8162495344768015
plateau,50.0,0.05634847900925644,2.817423950462822
plateau,50.041666666666664,0.05632512696656715,2.818603228618631
plateau,50.083333333333336,0.05630179427105489,2.819781529741999
plateau,50.125,0.05627848089868593,2.8209588550466322
plateau,50.166666666666664,0.05625518682546628,2.8221352057442246
plateau,50.208333333333336,0.05623191202744167,2.823310583044467
plateau,50.25,0.056208656480697484,2.8244849881550484
plateau,50.291666666666664,0.056185420161358635,2.8256584222816614
plateau,50.333333333333336,0.056162203045589464,2.826830886628003
plateau,50.375,0.05613900510959377,2.8280023823957863
plateau,50.416666666666664,0.056115826329614586,2.8291729107847354
plateau,50.458333333333336,0.056092666681934175,2.8303424729925952
plateau,50.5,0.05606952614287398,2.831511070215136
plateau,50.541666666666664,0.05604651854084572,2.8326844579185773
plateau,50.583333333333336,0.05602352981297826,2.8338568830398168
plateau,50.625,0.056000559936056175,2.835028346762844
plateau,50.666666666666664,0.05597760888690206,2.836198850269704
plateau,50.708333333333336,0.05595467664237648,2.8373683947405075
plateau,50.75,0.05593176317937797,2.8385369813534322
plateau,50.791666666666664,0.055908868474842825,2.839704611284725
plateau,50.833333333333336,0.05588599250574509,2.8408712857087086
plateau,50.875,0.05586313524909653,2.8420370057977857
plateau,50.916666666666664,0.05584029668194645,2.84320177272244
plateau,50.958333333333336,0.05581747678138169,2.844365587651242
plateau,51.0,0.055794675524526556,2.8455284517508543
plateau,51.041666666666664,0.05577200397819396,2.846696036386983
plateau,51.083333333333336,0.05574935084903952,2.8478626725384357
plateau,51.125,0.05572671611463066,2.8490283613604928
plateau,51.166666666666664,0.05570409975257116,2.8501931040065576
plateau,51.208333333333336,0.05568150174050114,2.851356901628163
plateau,51.25,0.05565892205609705,2.8525197553749737
plateau,51.291666666666664,0.05563636067707148,2.8536816663947913
plateau,51.333333333333336,0.05561381758117314,2.854842635833555
plateau,51.375,0.05559129274618684,2.856002664835349
plateau,51.416666666666664,0.05556878614993333,2.8571617545424055
plateau,51.458333333333336,0.055546297770269246,2.858319906095105
plateau,51.5,0.0555238275850871,2.859477120631986
plateau,51.541666666666664,0.05550148399249754,2.860638987446644
plateau,51.583333333333336,0.05547915837544504,2.8617999195333734
plateau,51.625,0.05545685071224623,2.8629599180197114
plateau,51.666666666666664,0.055434560981252566,2.8641189840313825
plateau,51.708333333333336,0.05541228916085028,2.8652771186923003
plateau,51.75,0.055390035229460385,2.866434323124575
plateau,51.791666666666664,0.05536779916553849,2.867590598448514
plateau,51.833333333333336,0.05534558094757478,2.868745945782626
plateau,51.875,0.05532338055409401,2.869900366243627
plateau,51.916666666666664,0.055301197963655326,2.871053860946439
plateau,51.958333333333336,0.05527903315485225,2.8722064310041984
plateau,52.0,0.055256886106312644,2.8733580775282577
plateau,52.041666666666664,0.05523486263636195,2.8745143097006696
plateau,52.083333333333336,0.055212856714992875,2.8756696205725456
plateau,52.125,0.0551908683212394,2.8768240112446035
plateau,52.166666666666664,0.05516889743416885,2.8779774828158082
plateau,52.208333333333336,0.05514694403288186,2.879130036383374
plateau,52.25,0.055125008096512385,2.8802816730427723
plateau,52.291666666666664,0.055103089604227495,2.8814323938877293
plateau,52.333333333333336,0.05508118853522739,2.882582200010234
plateau,52.375,0.055059304868745385,2.8837310925005397
plateau,52.416666666666664,0.055037438584047714,2.8848790724471676
plateau,52.458333333333336,0.05501558966043355,2.8860261409369103
plateau,52.5,0.05499375807723497,2.887172299054836
plateau,52.541666666666664,0.05497204715813619,2.8883229777670723
plateau,52.583333333333336,0.054950353374727284,2.8894727482877434
plateau,52.625,0.054928676706729365,2.890621611691633
plateau,52.666666666666664,0.05490701713389549,2.891769569051829
plateau,52.708333333333336,0.05488537463601061,2.8929166214397264
plateau,52.75,0.05486374919289162,2.894062769925033
plateau,52.791666666666664,0.05484214078438714,2.895208015575771
plateau,52.833333333333336,0.05482054939037753,2.89635235945828
plateau,52.875,0.05479897499077487,2.8974958026372213
plateau,52.916666666666664,0.0547774175655228,2.898638346175581
plateau,52.958333333333336,0.05475587709459651,2.899779991134674
plateau,53.0,0.05473435355800273,2.9009207385741447
plateau,53.041666666666664,0.05471294786634923,2.902065943077607
plateau,53.083333333333336,0.05469155891096754,2.903210252190527
plateau,53.125,0.05467018667223719,2.9043536669626007
plateau,53.166666666666664,0.05464883113056835,2.9054961884418837
plateau,53.208333333333336,0.05462749226640178,2.906637817674795
plateau,53.25,0.05460617006020881,2.9077785557061193
plateau,53.291666666666664,0.05458486449249122,2.908918403579011
plateau,53.333333333333336,0.05456357554378118,2.9100573623349963
plateau,53.375,0.05454230319464132,2.9111954330139804
plateau,53.416666666666664,0.05452104742566445,2.9123326166542425
plateau,53.458333333333336,0.05449980821747369,2.913468914292448
plateau,53.5,0.05447858555072234,2.9146043269636452
plateau,53.541666666666664,0.05445747800110952,2.915744134642739
plateau,53.583333333333336,0.054436386801264,2.9168830594343964
plateau,53.625,0.054415311932196536,2.9180211023640394
plateau,53.666666666666664,0.05439425337494724,2.919158264455502
plateau,53.708333333333336,0.05437321111058555,2.9202945467310326
plateau,53.75,0.054352185120210235,2.9214299502113
plateau,53.791666666666664,0.054331175384949235,2.922564475915394
plateau,53.833333333333336,0.05431018188595968,2.9236981248608296
plateau,53.875,0.054289204604427835,2.92483089806355
plateau,53.916666666666664,0.05426824352156898,2.9259627965379273
plateau,53.958333333333336,0.05424729861862742,2.927093821296771
plateau,54.0,0.05422636987687641,2.9282239733513262
plateau,54.041666666666664,0.054205553612048436,2.9293584597844506
plateau,54.083333333333336,0.05418475332286499,2.930492075544948
plateau,54.125,0.05416396899094214,2.9316248216347436
plateau,54.166666666666664,0.05414320059792415,2.9327566990542246
plateau,54.208333333333336,0.054122448125483384,2.9338877088022453
plateau,54.25,0.05410171155532037,2.93501785187613
plateau,54.291666666666664,0.054080990869163605,2.936147129271674
plateau,54.333333333333336,0.054060286048769585,2.9372755419831478
plateau,54.375,0.054039597075922756,2.9384030910032997
plateau,54.416666666666664,0.05401892393243542,2.9395297773233606
plateau,54.458333333333336,0.05399826660014767,2.940655601933042
plateau,54.5,0.05397762506092743,2.941780565820545
plateau,54.541666666666664,0.053957093442418155,2.942909804838557
plateau,54.583333333333336,0.05393657743730696,2.9440381851196715
plateau,54.625,0.05391607702779069,2.9451657076430666
plateau,54.666666666666664,0.05389559219609321,2.9462923733864286
plateau,54.708333333333336,0.05387512292446536,2.947418183325959
plateau,54.75,0.05385466919518501,2.948543138436379
plateau,54.791666666666664,0.05383423099055686,2.949667239690928
plateau,54.833333333333336,0.053813808292912484,2.950790488061368
plateau,54.875,0.05379340108461028,2.951912884517989
plateau,54.916666666666664,0.053773009348035375,2.9530344300296094
plateau,54.958333333333336,0.05375263306559958,2.954155125563577
plateau,55.0,0.05373227221974141,2.9552749720857774
plateau,55.041666666666664,0.0537120188189801,2.9563990358280297
plateau,55.083333333333336,0.05369178068076646,2.957522252498886
plateau,55.125,0.053671557787854686,2.9586446230554895
plateau,55.166666666666664,0.05365135012302493,2.959766148453542
plateau,55.208333333333336,0.053631157669083246,2.9608868296473045
plateau,55.25,0.05361098040886162,2.9620066675896046
plateau,55.291666666666664,0.05359081832521783,2.963125663231836
plateau,55.333333333333336,0.05357067140103541,2.9642438175239594
plateau,55.375,0.053550539619223674,2.965361131414511
plateau,55.416666666666664,0.05353042296271759,2.9664776058505997
plateau,55.458333333333336,0.05351032141447773,2.967593241777911
plateau,55.5,0.053490234957490314,2.9687080401407124
plateau,55.541666666666664,0.053470253547345574,2.9698269991088186
plateau,55.583333333333336,0.053450287059837225,2.9709451224092858
plateau,55.625,0.05343033547825461,2.972062410977913
plateau,55.666666666666664,0.05341039878591198,2.9731788657491
plateau,55.708333333333336,0.05339047696614849,2.9742944876558552
plateau,55.75,0.05337057000232815,2.9754092776297942
plateau,55.791666666666664,0.05335067787783977,2.976523236601144
plateau,55.833333333333336,0.053330800576096904,2.977636365498744
plateau,55.875,0.053310938080537836,2.9787486652500514
plateau,55.916666666666664,0.053291090374625504,2.979860136781143
plateau,55.958333333333336,0.05327125744184744,2.980970781016713
plateau,56.0,0.05325143926571581,2.9820805988800854
plateau,56.041666666666664,0.05323172381245194,2.983194521989494
plateau,56.083333333333336,0.05321202295241771,2.984307620581427
plateau,56.125,0.05319233666941645,2.9854198955709985
plateau,56.166666666666664,0.053172664947275405,2.9865313478719684
plateau,56.208333333333336,0.05315300776984572,2.987641978396745
plateau,56.25,0.05313336512100247,2.9887517880563887
plateau,56.291666666666664,0.053113736984644506,2.9898607777606134
plateau,56.333333333333336,0.05309412334469448,2.9909689484177893
plateau,56.375,0.05307452418509881,2.9920763009349454
plateau,56.416666666666664,0.05305493948982756,2.9931828362177715
plateau,56.458333333333336,0.05303536924287446,2.9942885551706206
plateau,56.5,0.05301581342825688,2.995393458696514
plateau,56.541666666666664,0.052996358083879556,2.996502413326023
plateau,56.583333333333336,0.052976917013415906,2.99761055434245
plateau,56.625,0.0529574902011631,2.998717882640861
plateau,56.666666666666664,0.052938077631441274,2.9998243991150053
plateau,56.708333333333336,0.052918679288593534,3.0009301046573253
plateau,56.75,0.052899295156986,3.0020350001589553
plateau,56.791666666666664,0.05287992522100761,3.003139086509724
plateau,56.833333333333336,0.052860569465070194,3.004242364598156
plateau,56.875,0.052841227873608405,3.0053448353114782
plateau,56.916666666666664,0.052821900431079656,3.006446499535617
plateau,56.958333333333336,0.05280258712196408,3.0075473581552044
plateau,57.0,0.05278328793076454,3.0086474120535787
plateau,57.041666666666664,0.05276408702573334,3.0097514640928726
plateau,57.083333333333336,0.0527449000849967,3.0108547131852283
plateau,57.125,0.0527257270933264,3.0119571602062707
plateau,57.166666666666664,0.052706568035516335,3.0130588060303505
plateau,57.208333333333336,0.052687422896382466,3.014159651530547
plateau,57.25,0.05266829166076287,3.0152596975786743
plateau,57.291666666666664,0.05264917431351759,3.0163589450452784
plateau,57.333333333333336,0.052630070839528635,3.0174573947996417
plateau,57.375,0.05261098122370001,3.018555047709788
plateau,57.416666666666664,0.05259190545095756,3.0196519046424797
plateau,57.458333333333336,0.052572843506248974,3.0207479664632224
plateau,57.5,0.05255379537454382,3.0218432340362695
plateau,57.541666666666664,0.0525348434108314,3.02294244793159
plateau,57.583333333333336,0.05251590511111588,3.0240408693150895
plateau,57.625,0.0524969804606254,3.0251384990435386
plateau,57.666666666666664,0.052478069444609324,3.0262353379724707
plateau,57.708333333333336,0.0524591720483383,3.0273313869561895
plateau,57.75,0.0524402882571042,3.0284266468477674
plateau,57.791666666666664,0.05242141805622004,3.0295211184990496
plateau,57.833333333333336,0.05240256143101995,3.030614802760654
plateau,57.875,0.05238371836685921,3.031707700481977
plateau,57.916666666666664,0.05236488884911412,3.0327998125111923
plateau,57.958333333333336,0.052346072863181985,3.033891139695256
plateau,58.0,0.05232727039448113,3.0349816828799057
plateau,58.041666666666664,0.05230856203895933,3.0360761216779313
plateau,58.083333333333336,0.05228986705610051,3.0371697781751714
plateau,58.125,0.052271185431571714,3.038262653210106
plateau,58.166666666666664,0.05225251715106045,3.039354747620016
plateau,58.208333333333336,0.05223386220027462,3.0404460622409855
plateau,58.25,0.05221522056494263,3.041536597907908
plateau,58.291666666666664,0.052196592230813146,3.042626355454483
plateau,58.333333333333336,0.052177977183655216,3.043715335713221
plateau,58.375,0.05215937540925819,3.044803539515447
plateau,58.416666666666664,0.05214078689343166,3.0458909676912995
plateau,58.458333333333336,0.05212221162200542,3.046977621069734
plateau,58.5,0.0521036495808295,3.0480635004785257
plateau,58.541666666666664,0.05208517965896463,3.049153225868554
plateau,58.583333333333336,0.05206672282705145,3.050242178951431
plateau,58.625,0.052048279071179315,3.051330360547887
plateau,58.666666666666664,0.05202984837745723,3.0524177714774905
plateau,58.708333333333336,0.05201143073201387,3.053504412558648
plateau,58.75,0.05199302612099759,3.0545902846086084
plateau,58.791666666666664,0.051974634530576304,3.055675388443465
plateau,58.833333333333336,0.05195625594693748,3.0567597248781553
plateau,58.875,0.05193789035628816,3.0578432947264655
plateau,58.916666666666664,0.051919537744854846,3.0589260988010314
plateau,58.958333333333336,0.0519011980988835,3.0600081379133397
plateau,59.0,0.05188287140463955,3.0610894128737334
plateau,59.041666666666664,0.051864634894479754,3.062174485228242
plateau,59.083333333333336,0.051846411199857646,3.063258795058256
plateau,59.125,0.051828200307269014,3.0643423431672803
plateau,59.166666666666664,0.051810002203228546,3.065425130357689
plateau,59.208333333333336,0.051791816874269876,3.066507157430729
plateau,59.25,0.051773644306945574,3.0675884251865253
plateau,59.291666666666664,0.05175548448782704,3.0686689344240783
plateau,59.333333333333336,0.051737337403504516,3.069748685941268
plateau,59.375,0.05171920304058706,3.070827680534857
plateau,59.416666666666664,0.05170108138570249,3.071905919000489
plateau,59.458333333333336,0.051682972425497326,3.0729834021326954
plateau,59.5,0.05166487614663686,3.0740601307248934
plateau,59.541666666666664,0.05164686817307582,3.0751406091385562
plateau,59.583333333333336,0.051628872748625265,3.0762203346055887
plateau,59.625,0.051610889860172246,3.07729930791277
plateau,59.666666666666664,0.05159291949462205,3.0783775298457825
plateau,59.708333333333336,0.051574961638898194,3.079455001189213
plateau,59.75,0.05155701627994242,3.0805317227265596
plateau,59.791666666666664,0.05153908340471462,3.0816076952402285
plateau,59.833333333333336,0.051521163000192806,3.0826829195115364
plateau,59.875,0.05150325505337314,3.0837573963207165
plateau,59.916666666666664,0.051485359551269816,3.0848311264469164
plateau,59.958333333333336,0.05146747648091508,3.0859041106682
plateau,60.0,0.05144960582935921,3.0869763497615526
plateau,60.041666666666664,0.0514318216586612,3.0880522920887827
plateau,60.083333333333336,0.05141404977833684,3.0891274908484054
plateau,60.125,0.05139629017565003,3.090201946810958
plateau,60.166666666666664,0.0513785428378822,3.091275660745912
plateau,60.208333333333336,0.05136080775233235,3.092348633421677
plateau,60.25,0.05134308490631706,3.093420865605603
plateau,60.291666666666664,0.05132537428717035,3.0944923580639787
plateau,60.333333333333336,0.05130767588224373,3.0955631115620386
plateau,60.375,0.05128998967890618,3.096633126863961
plateau,60.416666666666664,0.05127231566454406,3.09770240473287
plateau,60.458333333333336,0.05125465382656109,3.098770945930839
plateau,60.5,0.05123700415237839,3.0998387512188925
plateau,60.541666666666664,0.05121943918695076,3.100910214109977
plateau,60.583333333333336,0.05120188626056729,3.1019809426193685
plateau,60.625,0.051184345360854866,3.103050937501826
plateau,60.666666666666664,0.051166816475457316,3.104120199511077
plateau,60.708333333333336,0.05114929959203538,3.105188729399815
plateau,60.75,0.05113179469826672,3.1062565279197036
plateau,60.791666666666664,0.05111430178184583,3.1073235958213776
plateau,60.833333333333336,0.051096820830484044,3.108389933854446
plateau,60.875,0.05107935183190952,3.1094555427674924
plateau,60.916666666666664,0.05106189477386718,3.110520423308076
plateau,60.958333333333336,0.051044449644118674,3.111584576222734
plateau,61.0,0.051027016430442405,3.1126480022569867
plateau,61.041666666666664,0.051009666203842466,3.113715041192884
plateau,61.083333333333336,0.050992327772094045,3.1147813547454115
plateau,61.125,0.050975001123173866,3.1158469436540024
plateau,61.166666666666664,0.05095768624507497,3.1169118086570853
plateau,61.208333333333336,0.05094038312580668,3.117975950492084
plateau,61.25,0.05092309175339467,3.1190393698954235
plateau,61.291666666666664,0.05090581211588079,3.120102067602527
plateau,61.333333333333336,0.05088854420132316,3.121164044347821
plateau,61.375,0.0508712879977961,3.1222253008647356
plateau,61.416666666666664,0.050854043493390066,3.1232858378857062
plateau,61.458333333333336,0.05083681067621168,3.124345656142176
plateau,61.5,0.0508195895343837,3.1254047563645977
plateau,61.541666666666664,0.05080244970654749,3.1264674256904432
plateau,61.583333333333336,0.05078532143624857,3.127529378448975
plateau,61.625,0.05076820471180091,3.1285906153647307
plateau,61.666666666666664,0.05075109952153413,3.129651137161271
plateau,61.708333333333336,0.050734005853793625,3.130710944561182
plateau,61.75,0.0507169236969405,3.131770038286076
plateau,61.791666666666664,0.0506998530393515,3.1328284190565947
plateau,61.833333333333336,0.050682793869419,3.1338860875924084
plateau,61.875,0.05066574617555105,3.1349430446122213
plateau,61.916666666666664,0.050648709946171246,3.1359992908337695
plateau,61.958333333333336,0.05063168516971875,3.137054826973824
plateau,62.0,0.05061467183464828,3.1381096537481934
plateau,62.041666666666664,0.0505977381873299,3.1391680067055923
plateau,62.083333333333336,0.0505808158668659,3.1402256517345912
plateau,62.125,0.050563904861895374,3.1412825895452503
plateau,62.166666666666664,0.05054700516107255,3.142338820846677
plateau,62.208333333333336,0.05053011675306684,3.143394346347033
plateau,62.25,0.05051323962656281,3.144449166753535
plateau,62.291666666666664,0.050496373770260124,3.1455032827724536
plateau,62.333333333333336,0.050479519172873515,3.146556695109116
plateau,62.375,0.05046267582313282,3.1476094044679095
plateau,62.416666666666664,0.050445843709782875,3.148661411552281
plateau,62.458333333333336,0.05042902282158354,3.1497127170647388
plateau,62.5,0.05041221314730968,3.1507633217068554
plateau,62.541666666666664,0.050395481579720146,3.1518174104649974
plateau,62.583333333333336,0.05037876111469701,3.1528707997614545
plateau,62.625,0.050362051741192966,3.1539234902922093
plateau,62.666666666666664,0.05034535344817533,3.1549754827523206
plateau,62.708333333333336,0.05032866622462605,3.1560267778359252
plateau,62.75,0.05031199005954168,3.1570773762362405
plateau,62.791666666666664,0.05029532494193335,3.158127278645565
plateau,62.833333333333336,0.05027867086082675,3.159176485755281
plateau,62.875,0.050262027805262094,3.1602249982558543
plateau,62.916666666666664,0.05024539576429411,3.1612728168368376
plateau,62.958333333333336,0.050228774726991984,3.1623199421868704
plateau,63.0,0.050212164682439414,3.163366374993683
plateau,63.041666666666664,0.050195631207074765,3.1644162506793383
plateau,63.083333333333336,0.050179108616157354,3.1654654352025933
plateau,63.125,0.05016259689894243,3.166513929245741
plateau,63.166666666666664,0.05014609604469936,3.1675617334901762
plateau,63.208333333333336,0.05012960604271162,3.168608848616397
plateau,63.25,0.05011312688227681,3.169655275304008
plateau,63.291666666666664,0.05009665855270656,3.1707010142317196
plateau,63.333333333333336,0.050080201043326555,3.1717460660773487
plateau,63.375,0.050063754343476534,3.1727904315178255
plateau,63.416666666666664,0.050047318442510196,3.173834111229188
plateau,63.458333333333336,0.05003089332979522,3.1748771058865883
plateau,63.5,0.05001447899471327,3.1759194161642927
plateau,63.541666666666664,0.04999813973336251,3.1769651288907426
plateau,63.583333333333336,0.04998181114429217,3.1780101585912437
plateau,63.625,0.0499654932170495,3.179054505934775
plateau,63.666666666666664,0.04994918594119538,3.180098171589439
plateau,63.708333333333336,0.04993288930630428,3.1811411562224685
plateau,63.75,0.049916603301964325,3.1821834605002257
plateau,63.791666666666664,0.04990032791777719,3.183225085088203
plateau,63.833333333333336,0.04988406314335809,3.184266030651025
plateau,63.875,0.04986780896833582,3.1853062978524505
plateau,63.916666666666664,0.04985156538235265,3.1863458873553734
plateau,63.958333333333336,0.04983533237506435,3.187384799821824
plateau,64.0,0.04981910993614018,3.1884230359129715
plateau,64.04166666666667,0.049802961116063624,3.189464634807908
plateau,64.08333333333333,0.04978682276184586,3.190505558654955
plateau,64.125,0.04977069486331594,3.1915458081101344
plateau,64.16666666666667,0.04975457741031616,3.1925853838286202
plateau,64.20833333333333,0.049738470392701954,3.193624286464738
plateau,64.25,0.04972237380034185,3.194662516671964
plateau,64.29166666666667,0.04970628762311753,3.1957000751029314
plateau,64.33333333333333,0.04969021185092378,3.1967369624094295
plateau,64.375,0.049674146473668385,3.1977731792424025
plateau,64.41666666666667,0.04965809148127223,3.1988087262519533
plateau,64.45833333333333,0.04964204686366925,3.199843604087347
plateau,64.5,0.0496260126108063,3.2008778133970064
plateau,64.54166666666667,0.04961005056107622,3.2019153466294616
plateau,64.58333333333333,0.04959409877632991,3.2029522126379733
plateau,64.625,0.0495781572466686,3.203988412065958
plateau,64.66666666666667,0.049562225962206295,3.2050239455560074
plateau,64.70833333333333,0.049546304913069716,3.206058813749886
plateau,64.75,0.0495303940893982,3.2070930172885337
plateau,64.79166666666667,0.04951449348134381,3.208126556812068
plateau,64.83333333333333,0.04949860307907125,3.209159432959786
plateau,64.875,0.04948272287275778,3.210191646370161
plateau,64.91666666666667,0.04946685285259332,3.21122319768085
plateau,64.95833333333333,0.049450993008780385,3.2122540875286925
plateau,65.0,0.049435143331533975,3.2132843165497085
plateau,65.04166666666667,0.049419364479529014,3.214317831356033
plateau,65.08333333333333,0.049403595696989294,3.2153506866123864
plateau,65.125,0.04938783697427892,3.216382882949915
plateau,65.16666666666667,0.04937208830177436,3.2174144209989626
plateau,65.20833333333333,0.04935634966986434,3.21844530138907
plateau,65.25,0.049340621068949785,3.2194755247489732
plateau,65.29166666666667,0.0493249024894439,3.2205050917066083
plateau,65.33333333333333,0.04930919392177211,3.221534002889111
plateau,65.375,0.04929349535637199,3.2225622589228187
plateau,65.41666666666667,0.04927780678369331,3.223589860433271
plateau,65.45833333333333,0.04926212819419804,3.224616808045213
plateau,65.5,0.049246459578360186,3.225643102382592
plateau,65.54166666666667,0.049230860446406316,3.2266726450915475
plateau,65.58333333333333,0.04921527119357339,3.2277015357785213
plateau,65.625,0.04919969181047951,3.2287297750627175
plateau,65.66666666666667,0.049184122287754664,3.2297573635625567
plateau,65.70833333333333,0.04916856261604074,3.230784301895677
plateau,65.75,0.04915301278599138,3.231810590678933
plateau,65.79166666666667,0.04913747278827212,3.2328362305284037
plateau,65.83333333333333,0.049121942613560295,3.2338612220593856
plateau,65.875,0.04910642225254495,3.2348855658863984
plateau,65.91666666666667,0.04909091169592695,3.235909262623185
plateau,65.95833333333333,0.04907541093441894,3.2369323128827157
plateau,66.0,0.04905991995874519,3.2379547172771823
plateau,66.04166666666667,0.049044497160895845,3.238980333334163
plateau,66.08333333333333,0.049029084056822665,3.240005304755031
plateau,66.125,0.04901368063738916,3.241029632147358
plateau,66.16666666666667,0.048998286893470376,3.242053316117957
plateau,66.20833333333333,0.048982902815952814,3.2430763572728756
plateau,66.25,0.048967528395734365,3.2440987562174017
plateau,66.29166666666667,0.048952163623724405,3.245120513556064
plateau,66.33333333333333,0.0489368084908437,3.2461416298926316
plateau,66.375,0.04892146298802436,3.247162105830117
plateau,66.41666666666667,0.04890612710620993,3.2481819419707763
plateau,66.45833333333333,0.04889080083635529,3.2492011389161117
plateau,66.5,0.048875484169426595,3.2502196972668687
plateau,66.54166666666667,0.04886023440837529,3.2512414312573057
plateau,66.58333333333333,0.04884499416058729,3.2522625278591035
plateau,66.625,0.04882976341716334,3.2532829876685074
plateau,66.66666666666667,0.04881454216921534,3.254302811281023
plateau,66.70833333333333,0.048799330407866263,3.2553219992914117
plateau,66.75,0.0487841281242501,3.256340552293694
plateau,66.79166666666667,0.04876893530951193,3.2573584708811514
plateau,66.83333333333333,0.048753751954807856,3.2583757556463246
plateau,66.875,0.04873857805130496,3.259392407181019
plateau,66.91666666666667,0.04872341359018133,3.260408426076301
plateau,66.95833333333333,0.048708258562626075,3.261423812922504
plateau,67.0,0.048693112959839184,3.2624385683092254
plateau,67.04166666666667,0.04867803302395815,3.2634564639811945
plateau,67.08333333333333,0.04866296242549873,3.2644737293772064
plateau,67.125,0.048647901155791054,3.2654903650824747
plateau,67.16666666666667,0.04863284920617601,3.2665063716814893
plateau,67.20833333333333,0.04861780656800523,3.2675217497580182
plateau,67.25,0.048602773232640964,3.268536499895105
plateau,67.29166666666667,0.04858774919145622,3.269550622675075
plateau,67.33333333333333,0.048572734435834646,3.2705641186795327
plateau,67.375,0.04855772895717049,3.271576988489362
plateau,67.41666666666667,0.048542732746868704,3.272589232684732
plateau,67.45833333333333,0.048527745796344834,3.273600851845095
plateau,67.5,0.04851276809702496,3.274611846549185
plateau,67.54166666666667,0.04849785485752388,3.275625946835259
plateau,67.58333333333333,0.04848295078411961,3.2766394238267504
plateau,67.625,0.04846805586836412,3.2776522780981234
plateau,67.66666666666667,0.04845317010181977,3.278664510223138
plateau,67.70833333333333,0.048438293476059324,3.27967612077485
plateau,67.75,0.04842342598266581,3.2806871103256086
plateau,67.79166666666667,0.048408567613232645,3.2816974794470632
plateau,67.83333333333333,0.04839371835936357,3.2827072287101617
plateau,67.875,0.04837887821267255,3.2837163586851497
plateau,67.91666666666667,0.04836404716478393,3.2847248699415754
plateau,67.95833333333333,0.04834922520733228,3.2857327630482893
plateau,68.0,0.04833441233196238,3.2867400385734418
plateau,68.04166666666667,0.04831966274016135,3.2877503856118118
plateau,68.08333333333333,0.04830492214750115,3.2887601162090365
plateau,68.125,0.048290190545748325,3.2897692309291044
plateau,68.16666666666667,0.04827546792667949,3.290777730335319
plateau,68.20833333333333,0.04826075428208131,3.291785614990296
plateau,68.25,0.04824604960375038,3.2927928854559636
plateau,68.29166666666667,0.04823135388349337,3.2937995422935686
plateau,68.33333333333333,0.048216667113126915,3.2948055860636725
plateau,68.375,0.04820198928447755,3.2958110173261526
plateau,68.41666666666667,0.048187320389381845,3.2968158366402083
plateau,68.45833333333333,0.04817266041968627,3.297820044564356
plateau,68.5,0.04815800936724719,3.2988236416564325
plateau,68.54166666666667,0.048143420451958706,3.2998302768113366
plateau,68.58333333333333,0.04812884037308169,3.3008363022538525
plateau,68.625,0.048114269122590286,3.301841718537758
plateau,68.66666666666667,0.04809970669246843,3.3028465262161655
plateau,68.70833333333333,0.04808515307470975,3.3038507258415155
plateau,68.75,0.04807060826131752,3.3048543179655794
plateau,68.79166666666667,0.048056072244304714,3.305857303139462
plateau,68.83333333333333,0.04804154501569399,3.306859681913603
plateau,68.875,0.04802702656751759,3.307861454837774
plateau,68.91666666666667,0.04801251689181743,3.308862622461085
plateau,68.95833333333333,0.04799801598064504,3.309863185331981
plateau,69.0,0.047983523826061504,3.310863143998244
plateau,69.04166666666667,0.04796909269107622,3.311866107879721
plateau,69.08333333333333,0.04795467023386304,3.312868468656038
plateau,69.125,0.04794025644659707,3.3138702268710225
plateau,69.16666666666667,0.04792585132146287,3.3148713830678487
plateau,69.20833333333333,0.04791145485065439,3.3158719377890393
plateau,69.25,0.04789706702637491,3.316871891576463
plateau,69.29166666666667,0.047882687840837115,3.3178712449713386
plateau,69.33333333333333,0.04786831728626305,3.318869998514238
plateau,69.375,0.04785395535488402,3.319868152745079
plateau,69.41666666666667,0.04783960203894074,3.3208657082031365
plateau,69.45833333333333,0.0478252573306832,3.321862665427037
plateau,69.5,0.047810921222370635,3.322859024954759
plateau,69.54166666666667,0.04779664504404206,3.3238583574377585
plateau,69.58333333333333,0.047782377388805045,3.3248570933043506
plateau,69.625,0.04776811824902921,3.325855233088659
plateau,69.66666666666667,0.04775386761709333,3.326852777324169
plateau,69.70833333333333,0.0477396254853853,3.3278497265437337
plateau,69.75,0.04772539184630199,3.328846081279564
plateau,69.79166666666667,0.04771116669224944,3.3298418420632423
plateau,69.83333333333333,0.047696950015642704,3.330837009425715
plateau,69.875,0.04768274180890583,3.331831583897295
plateau,69.91666666666667,0.047668542064471964,3.332825566007665
plateau,69.95833333333333,0.04765435077478324,3.3338189562858775
plateau,70.0,0.04764016793229074,3.334811755260352
plateau,70.04166666666667,0.04762604395721445,3.335807495503229
plateau,70.08333333333333,0.04761192835438186,3.3368026455029285
plateau,70.125,0.04759782111635093,3.337797205784109
plateau,70.16666666666667,0.0475837222356885,3.33879117687081
plateau,70.20833333333333,0.047569631704970215,3.3397845592864503
plateau,70.25,0.047555549516780454,3.3407773535538268
plateau,70.29166666666667,0.047541475663712446,3.3417695601951207
plateau,70.33333333333333,0.04752741013836817,3.3427611797318946
plateau,70.375,0.04751335293335829,3.3437522126850894
plateau,70.41666666666667,0.047499304041302294,3.344742659575037
plateau,70.45833333333333,0.047485263454828376,3.345732520921449
plateau,70.5,0.0474712311665734,3.3467217972434247
plateau,70.54166666666667,0.04745725670935627,3.3477139837058405
plateau,70.58333333333333,0.04744329047724641,3.348705586185642
plateau,70.625,0.04742933246298419,3.3496966051982584
plateau,70.66666666666667,0.0474153826593186,3.3506870412585146
plateau,70.70833333333333,0.04740144105900714,3.35167689488063
plateau,70.75,0.04738750765481577,3.352666166578216
plateau,70.79166666666667,0.04737358243951903,3.353654856864285
plateau,70.83333333333333,0.047359665405899906,3.354642966251243
plateau,70.875,0.047345756546749856,3.355630495250896
plateau,70.91666666666667,0.047331855854868835,3.3566174443744483
plateau,70.95833333333333,0.047317963323065246,3.3576038141325046
plateau,71.0,0.04730407894415589,3.3585896050350685
plateau,71.04166666666667,0.0472902513852713,3.3595782754953154
plateau,71.08333333333333,0.047276431907952415,3.3605663681236173
plateau,71.125,0.047262620505116315,3.361553883426398
plateau,71.16666666666667,0.047248817169688415,3.3625408219094925
plateau,71.20833333333333,0.04723502189460239,3.3635271840781447
plateau,71.25,0.0472212346728001,3.364512970437007
plateau,71.29166666666667,0.04720745549723172,3.3654981814901452
plateau,71.33333333333333,0.04719368436085565,3.366482817741036
plateau,71.375,0.04717992125663842,3.367466879692567
plateau,71.41666666666667,0.04716616617755485,3.3684503678470423
plateau,71.45833333333333,0.04715241911658793,3.369433282706179
plateau,71.5,0.04713868006672877,3.3704156247711072
plateau,71.54166666666667,0.04712499685045395,3.3714008163428932
plateau,71.58333333333333,0.04711132157568599,3.3723854361261885
plateau,71.625,0.04709765423551317,3.3733694846186304
plateau,71.66666666666667,0.04708399482303186,3.3743529623172837
plateau,71.70833333333333,0.04707034333134645,3.3753358697186346
plateau,71.75,0.04705669975356924,3.3763182073185933
plateau,71.79166666666667,0.04704306408282059,3.3772999756124955
plateau,71.83333333333333,0.04702943631222883,3.378281175095104
plateau,71.875,0.04701581643493018,3.3792618062606063
plateau,71.91666666666667,0.04700220444406887,3.38024186960262
plateau,71.95833333333333,0.04698860033279708,3.3812213656141896
plateau,72.0,0.04697500409427485,3.3822002947877894
plateau,72.04166666666667,0.04696146272670659,3.383182043936488
plateau,72.08333333333333,0.046947929163961157,3.384163227235533
plateau,72.125,0.046934403399292765,3.3851438451739906
plateau,72.16666666666667,0.04692088542596347,3.386123898240364
plateau,72.20833333333333,0.04690737523724308,3.3871033869225937
plateau,72.25,0.04689387282640909,3.388082311708057
plateau,72.29166666666667,0.04688037818674681,3.3890606730835717
plateau,72.33333333333333,0.04686689131154925,3.3900384715353957
plateau,72.375,0.04685341219411711,3.3910157075492258
plateau,72.41666666666667,0.046839940827758816,3.3919923816102013
plateau,72.45833333333333,0.046826477205790515,3.392968494202904
plateau,72.5,0.046813021321535975,3.393944045811358
plateau,72.54166666666667,0.04679961936868125,3.3949223883697526
plateau,72.58333333333333,0.0467862250872363,3.3959001709152346
plateau,72.625,0.0467728384706162,3.3968773939285017
plateau,72.66666666666667,0.0467594595122436,3.3978540578897016
plateau,72.70833333333333,0.04674608820554866,3.3988301632784337
plateau,72.75,0.04673272454396902,3.3998057105737463
plateau,72.79166666666667,0.04671936852094987,3.400780700254143
plateau,72.83333333333333,0.046706020129943904,3.4017551327975806
plateau,72.875,0.0466926793644112,3.4027290086814665
plateau,72.91666666666667,0.04667934621781942,3.403702328382666
plateau,72.95833333333333,0.04666602068364364,3.4046750923775
plateau,73.0,0.046652702755366336,3.4056473011417427
plateau,73.04166666666667,0.04663943784130452,3.4066222723252846
plateau,73.08333333333333,0.046626180468410466,3.407596689232998
plateau,73.125,0.04661293063025519,3.408570552337411
plateau,73.16666666666667,0.04659968832041704,3.409543862110514
plateau,73.20833333333333,0.04658645353248169,3.4105166190237637
plateau,73.25,0.046573226260042025,3.4114888235480785
plateau,73.29166666666667,0.04656000649669827,3.412460476153844
plateau,73.33333333333333,0.0465467942360579,3.4134315773109125
plateau,73.375,0.0465335894717356,3.4144021274885996
plateau,73.41666666666667,0.04652039219735337,3.4153721271556936
plateau,73.45833333333333,0.04650720240654041,3.4163415767804475
plateau,73.5,0.04649402009293311,3.4173104768305835
plateau,73.54166666666667,0.04648088989804665,3.418282111252181
plateau,73.58333333333333,0.046467767117160705,3.4192531970377416
plateau,73.625,0.046454651743997516,3.420223734651817
plateau,73.66666666666667,0.04644154377228645,3.4211937245584356
plateau,73.70833333333333,0.04642844319576395,3.4221631672211013
plateau,73.75,0.04641535000817349,3.423132063102795
plateau,73.79166666666667,0.046402264203265625,3.424100412665976
plateau,73.83333333333333,0.046389185774797975,3.4250682163725834
plateau,73.875,0.04637611471653514,3.4260354746840336
plateau,73.91666666666667,0.04636305102224878,3.4270021880612225
plateau,73.95833333333333,0.046349994685717606,3.427968356964531
plateau,74.0,0.04633694570072725,3.4289339818538167
plateau,74.04166666666667,0.04632394795999773,3.4299023135381654
plateau,74.08333333333333,0.04631095750908355,3.430870102131273
plateau,74.125,0.046297974341853634,3.4318373480899007
plateau,74.16666666666667,0.046284998452183826,3.4328040518703005
plateau,74.20833333333333,0.04627202983395683,3.433770213928213
plateau,74.25,0.04625906848106216,3.4347358347188655
plateau,74.29166666666667,0.04624611438739622,3.4357009146969775
plateau,74.33333333333333,0.04623316754686225,3.4366654543167603
plateau,74.375,0.04622022795337025,3.437629454031913
plateau,74.41666666666667,0.04620729560083713,3.43859291429563
plateau,74.45833333333333,0.04619437048318656,3.439555835560599
plateau,74.5,0.04618145259434897,3.4405182182789984
plateau,74.54166666666667,0.04616858509571582,3.4414832806764837
plateau,74.58333333333333,0.04615572476560561,3.4424478054347514
plateau,74.625,0.046142871598029545,3.4434117930029546
plateau,74.66666666666667,0.04613002558700559,3.4443752438297506
plateau,74.70833333333333,0.046117186726558346,3.4453381583632963
plateau,74.75,0.04610435501071901,3.446300537051246
plateau,74.79166666666667,0.04609153043352548,3.44726238034076
plateau,74.83333333333333,0.04607871298902228,3.4482236886785005
plateau,74.875,0.046065902671260525,3.449184462510632
plateau,74.91666666666667,0.04605309947429797,3.450144702282823
plateau,74.95833333333333,0.04604030339219898,3.4511044084402482
plateau,75.0,0.04602751441903447,3.4520635814275855
plateau,75.04166666666667,0.046014775001813585,3.453025407427761
plateau,75.08333333333333,0.04600204263462992,3.4539867011501295
plateau,75.125,0.045989317311632784,3.454947463036413
plateau,75.16666666666667,0.04597659902697801,3.4559076935278474
plateau,75.20833333333333,0.045963887774827905,3.4568673930651816
plateau,75.25,0.04595118354935116,3.457826562088675
plateau,75.29166666666667,0.04593848634472299,3.458785201038102
plateau,75.33333333333333,0.04592579615512501,3.45974331035275
plateau,75.375,0.04591311297474524,3.4607008904714225
plateau,75.41666666666667,0.04590043679777816,3.4616579418324362
plateau,75.45833333333333,0.045887767618424655,3.462614464873627
plateau,75.5,0.045875105430891974,3.463570460032344
plateau,75.54166666666667,0.04586249198425163,3.464529081977009
plateau,75.58333333333333,0.04584988547188654,3.4654871769167572
plateau,75.625,0.045837285888080025,3.466444745286052
plateau,75.66666666666667,0.04582469322712175,3.4674017875188796
plateau,75.70833333333333,0.04581210748330767,3.4683583040487513
plateau,75.75,0.045799528650939926,3.4693142953086995
plateau,75.79166666666667,0.04578695672432698,3.4702697617312825
plateau,75.83333333333333,0.045774391697783544,3.471224703748585
plateau,75.875,0.04576183356563051,3.472179121792215
plateau,75.91666666666667,0.04574928232219506,3.4731330162933083
plateau,75.95833333333333,0.04573673796181059,3.474086387682529
plateau,76.0,0.045724200478816666,3.475039236390067
plateau,76.04166666666667,0.04571171094030838,3.4759946860859503
plateau,76.08333333333333,0.04569922822295714,3.4769496139633222
plateau,76.125,0.04568675232117636,3.4779040204495506
plateau,76.16666666666667,0.045674283229385645,3.47885790597154
plateau,76.20833333333333,0.04566182094201065,3.479811270955728
plateau,76.25,0.045649365453483096,3.480764115828086
plateau,76.29166666666667,0.045636916758240796,3.481716441014121
plateau,76.33333333333333,0.04562447485072765,3.482668246938877
plateau,76.375,0.04561203972539357,3.4836195340269343
plateau,76.41666666666667,0.04559961137669455,3.4845703027024086
plateau,76.45833333333333,0.045587189799092626,3.4855205533889566
plateau,76.5,0.04557477498705583,3.486470286509771
plateau,76.54166666666667,0.04556240734119774,3.487422595240844
plateau,76.58333333333333,0.04555004640594513,3.4883743872552975
plateau,76.625,0.04553769217583773,3.4893256629735663
plateau,76.66666666666667,0.04552534464542128,3.490276422815632
plateau,76.70833333333333,0.04551300380924742,3.491226667201021
plateau,76.75,0.04550066966187363,3.4921763965488015
plateau,76.79166666666667,0.045488342197863366,3.4931256112775912
plateau,76.83333333333333,0.04547602141178595,3.4940743118055537
plateau,76.875,0.04546370729821655,3.495022498550397
plateau,76.91666666666667,0.04545139985173625,3.49597017192938
plateau,76.95833333333333,0.045439099066932,3.4969173323593084
plateau,77.0,0.04542680493839657,3.497863980256536
plateau,77.04166666666667,0.04541455721530721,3.49881317879596
plateau,77.08333333333333,0.045402316094764014,3.4997618656380594
plateau,77.125,0.04539008157142939,3.5007100411964918
plateau,77.16666666666667,0.045377853639971565,3.5016577058844724
plateau,77.20833333333333,0.0453656322950645,3.5026048601147712
plateau,77.25,0.045353417531387843,3.5035515042997107
plateau,77.29166666666667,0.04534120934362704,3.5044976388511735
plateau,77.33333333333333,0.04532900772647322,3.5054432641805953
plateau,77.375,0.04531681267462321,3.506388380698971
plateau,77.41666666666667,0.04530462418277957,3.507332988816852
plateau,77.45833333333333,0.04529244224565057,3.50827708894435
plateau,77.5,0.04528026685795013,3.5092206814911346
plateau,77.54166666666667,0.0452681371320305,3.510166800112865
plateau,77.58333333333333,0.045256013903018186,3.5111124119758275
plateau,77.625,0.04524389716569475,3.512057517487055
plateau,77.66666666666667,0.04523178691484739,3.5130021170531474
plateau,77.70833333333333,0.045219683145268905,3.513946211080271
plateau,77.75,0.04520758585175759,3.5148897999741524
plateau,77.79166666666667,0.04519549502911737,3.515832884140089
plateau,77.83333333333333,0.045183410672157726,3.5167754639829427
plateau,77.875,0.04517133277569363,3.5177175399071414
plateau,77.91666666666667,0.04515926133454566,3.518659112316683
plateau,77.95833333333333,0.04514719634353991,3.5196001816151323
plateau,78.0,0.04513513779750798,3.520540748205623
plateau,78.04166666666667,0.0451231241861698,3.5214838166956683
plateau,78.08333333333333,0.045111116968451305,3.5224263832865725
plateau,78.125,0.045099116139249794,3.52336844837889
plateau,78.16666666666667,0.045087121693468075,3.5243100123727547
plateau,78.20833333333333,0.045075133626014355,3.5252510756678723
plateau,78.25,0.04506315193180223,3.5261916386635246
plateau,78.29166666666667,0.04505117660575072,3.527131701758567
plateau,78.33333333333333,0.04503920764278427,3.528071265351434
plateau,78.375,0.04502724503783266,3.5290103298401347
plateau,78.41666666666667,0.04501528878583111,3.5299488956222564
plateau,78.45833333333333,0.0450033388817202,3.530886963094964
plateau,78.5,0.044991395320445854,3.5318245326549995
plateau,78.54166666666667,0.04497949598288424,3.5327645803223664
plateau,78.58333333333333,0.044967602937939014,3.5337041308730406
plateau,78.625,0.04495571618061996,3.5346431847012445
plateau,78.66666666666667,0.04494383570594221,3.535581742200787
plateau,78.70833333333333,0.044931961508926116,3.5365198037650596
plateau,78.75,0.04492009358459729,3.5374573697870364
plateau,78.79166666666667,0.04490823192798662,3.538394440659279
plateau,78.83333333333333,0.04489637653413024,3.539331016773934
plateau,78.875,0.0448845273980695,3.540267098522732
plateau,78.91666666666667,0.044872684514851005,3.541202686296992
plateau,78.95833333333333,0.0448608478795266,3.542137780487621
plateau,79.0,0.0448490174871533,3.543072381485111
plateau,79.04166666666667,0.04483723062316193,3.5440094371724244
plateau,79.08333333333333,0.044825449953003464,3.544946000450024
plateau,79.125,0.044813675471796995,3.5458820717059374
plateau,79.16666666666667,0.04480190717466679,3.5468176513277876
plateau,79.20833333333333,0.04479014505674224,3.5477527397027915
plateau,79.25,0.044778389113157784,3.5486873372177543
plateau,79.29166666666667,0.04476663933905304,3.5496214442590808
plateau,79.33333333333333,0.04475489572957271,3.5505550612127683
plateau,79.375,0.04474315827986655,3.5514881884644076
plateau,79.41666666666667,0.044731426985089445,3.552420826399187
plateau,79.45833333333333,0.04471970184040136,3.553352975401891
plateau,79.5,0.04470798284096728,3.554284635856899
plateau,79.54166666666667,0.04469630668979439,3.5552187279507295
plateau,79.58333333333333,0.044684636635828404,3.5561523322680104
plateau,79.625,0.04467297267429464,3.5570854491907107
plateau,79.66666666666667,0.04466131480042347,3.5580180791004032
plateau,79.70833333333333,0.044649663009450245,3.558950222378263
plateau,79.75,0.04463801729661522,3.5598818794050637
plateau,79.79166666666667,0.044626377657163686,3.560813050561186
plateau,79.83333333333333,0.04461474408634587,3.561743736226612
plateau,79.875,0.04460311657941693,3.5626739367809273
plateau,79.91666666666667,0.04459149513163698,3.563603652603322
plateau,79.95833333333333,0.04457987973827111,3.5645328840725936
plateau,80.0,0.04456827039458926,3.565461631567141
plateau,80.04166666666667,0.0445567032338328,3.5663927880080344
plateau,80.08333333333333,0.044545142075754496,3.567323461233339
plateau,80.125,0.04453358691568296,3.5682536516190972
plateau,80.16666666666667,0.044522037748951714,3.5691833595409626
plateau,80.20833333333333,0.0445104945708991,3.570112585374199
plateau,80.25,0.04449895737686828,3.571041329493679
plateau,80.29166666666667,0.04448742616220726,3.5719695922738914
plateau,80.33333333333333,0.04447590092226887,3.5728973740889325
plateau,80.375,0.04446438165241073,3.5738246753125122
plateau,80.41666666666667,0.044452868347995285,3.5747514963179543
plateau,80.45833333333333,0.044441361004389814,3.575677837478197
plateau,80.5,0.04442985961696631,3.5766036991657875
plateau,80.54166666666667,0.04441839976150668,3.5775319474580174
plateau,80.58333333333333,0.04440694581623555,3.5784597170249812
plateau,80.625,0.04439549777658196,3.57938700823692
plateau,80.66666666666667,0.044384055637979744,3.5803138214636996
plateau,80.70833333333333,0.04437261939586742,3.581240157074799
plateau,80.75,0.04436118904568816,3.5821660154393187
plateau,80.79166666666667,0.04434976458288988,3.5830913969259788
plateau,80.83333333333333,0.04433834600292519,3.584016301903119
plateau,80.875,0.04432693330125133,3.584940730738701
plateau,80.91666666666667,0.044315526473330265,3.5858646838003074
plateau,80.95833333333333,0.04430412551462862,3.5867881614551416
plateau,81.0,0.04429273042061765,3.587711164070029
plateau,81.04166666666667,0.04428137622158647,3.5886365312910704
plateau,81.08333333333333,0.04427002784223703,3.589561424208052
plateau,81.125,0.04425868527809604,3.590485843185541
plateau,81.16666666666667,0.044247348524694884,3.5914097885877347
plateau,81.20833333333333,0.044236017577569495,3.5923332607784557
plateau,81.25,0.04422469243226033,3.5932562601211515
plateau,81.29166666666667,0.044213373084312474,3.594178786978902
plateau,81.33333333333333,0.044202059529275556,3.5951008417144115
plateau,81.375,0.04419075176270372,3.596022424690015
plateau,81.41666666666667,0.04417944978015571,3.596943536267678
plateau,81.45833333333333,0.0441681535771948,3.5978641768089927
plateau,81.5,0.04415686314938876,3.5987843466751843
plateau,81.54166666666667,0.044145612993172365,3.59970685948493
plateau,81.58333333333333,0.04413436856805949,3.6006289023441864
plateau,81.625,0.044123129869671894,3.6015504756119685
plateau,81.66666666666667,0.04411189689363582,3.6024715796469255
plateau,81.70833333333333,0.04410066963558197,3.6033922148073434
plateau,81.75,0.04408944809114543,3.604312381451139
plateau,81.79166666666667,0.04407823225596579,3.605232079935869
plateau,81.83333333333333,0.04406702212568707,3.606151310618725
plateau,81.875,0.04405581769595768,3.607070073856535
plateau,81.91666666666667,0.04404461896243048,3.607988370005764
plateau,81.95833333333333,0.044033425920762786,3.6089061994225164
plateau,82.0,0.044022238566616245,3.609823562462532
plateau,82.04166666666667,0.04401109087389236,3.6107432471122523
plateau,82.08333333333333,0.04399994882556986,3.611662466098859
plateau,82.125,0.043988812417362924,3.61258121977593
plateau,82.16666666666667,0.04397768164499011,3.6134995084966874
plateau,82.20833333333333,0.04396655650417428,3.614417332613994
plateau,82.25,0.043955436990642624,3.615334692480356
plateau,82.29166666666667,0.04394432310012665,3.6162515884479225
plateau,82.33333333333333,0.043933214828362224,3.6171680208684895
plateau,82.375,0.04392211217108944,3.6180839900934925
plateau,82.41666666666667,0.04391101512405278,3.6189994964740166
plateau,82.45833333333333,0.043899923683000996,3.6199145403607904
plateau,82.5,0.0438888378436871,3.6208291221041855
plateau,82.54166666666667,0.04387779106849363,3.621746004445245
plateau,82.58333333333333,0.04386674985282466,3.6226624253457698
plateau,82.625,0.043855714192484324,3.6235783851540173
plateau,82.66666666666667,0.04384468408328098,3.6244938842178946
plateau,82.70833333333333,0.04383365952102721,3.625408922884959
plateau,82.75,0.043822640501539764,3.6263235015024153
plateau,82.79166666666667,0.04381162702063965,3.6272376204171244
plateau,82.83333333333333,0.043800619074152065,3.628151279975596
plateau,82.875,0.04378961665790635,3.6290644805239887
plateau,82.91666666666667,0.0437786197677361,3.629977222408119
plateau,82.95833333333333,0.04376762839947909,3.6308895059734527
plateau,83.0,0.04375664254897721,3.6318013315651085
plateau,83.04166666666667,0.04374569517781158,3.6327154370574366
plateau,83.08333333333333,0.04373475328306976,3.6336290852683795
plateau,83.125,0.04372381686064339,3.634542276540982
plateau,83.16666666666667,0.04371288590642822,3.635455011217947
plateau,83.20833333333333,0.04370196041632415,3.636367289641638
plateau,83.25,0.04369104038623511,3.6372791121540726
plateau,83.29166666666667,0.04368012581206917,3.638190479096928
plateau,83.33333333333333,0.04366921668973849,3.6391013908115406
plateau,83.375,0.043658313015159274,3.6400118476389043
plateau,83.41666666666667,0.04364741478425184,3.6409218499196743
plateau,83.45833333333333,0.04363652199294058,3.641831397994166
plateau,83.5,0.043625634637153916,3.642740492202352
plateau,83.54166666666667,0.04361478518810215,3.6436518459227005
plateau,83.58333333333333,0.04360394113410213,3.644562746458703
plateau,83.625,0.043593102471130685,3.6454731941483036
plateau,83.66666666666667,0.04358226919516867,3.6463831893291125
plateau,83.70833333333333,0.04357144130220093,3.647292732338403
plateau,83.75,0.04356061878821628,3.6482018235131135
plateau,83.79166666666667,0.043549801649207534,3.649110463189848
plateau,83.83333333333333,0.04353898988117149,3.6500186517048765
plateau,83.875,0.043528183480108895,3.6509263893941335
plateau,83.91666666666667,0.0435173824420245,3.6518336765932227
plateau,83.95833333333333,0.043506586762927006,3.652740513637413
plateau,84.0,0.04349579643882905,3.6536469008616406
plateau,84.04166666666667,0.04348504346072303,3.654555527511598
plateau,84.08333333333333,0.043474295797979415,3.6554637050134358
plateau,84.125,0.04346355344665794,3.6563714337000994
plateau,84.16666666666667,0.043452816402822295,3.65727871390421
plateau,84.20833333333333,0.043442084662540056,3.6581855459580606
plateau,84.25,0.04343135822188264,3.6590919301936125
plateau,84.29166666666667,0.04342063707692537,3.659997866942501
plateau,84.33333333333333,0.043409921223747455,3.660903356536035
plateau,84.375,0.04339921065843195,3.6618083993051957
plateau,84.41666666666667,0.043388505377065775,3.662712995580636
plateau,84.45833333333333,0.04337780537573975,3.6636171456926863
plateau,84.5,0.04336711065054849,3.6645208499713475
plateau,84.54166666666667,0.04335645272215071,3.6654267738851583
plateau,84.58333333333333,0.0433458000310642,3.6663322526275133
plateau,84.625,0.043335152573429445,3.6672372865264666
plateau,84.66666666666667,0.043324510345390775,3.6681418759097526
plateau,84.70833333333333,0.04331387334309631,3.669046021104783
plateau,84.75,0.0433032415626979,3.669949722438647
plateau,84.79166666666667,0.043292615000351226,3.6708529802381147
plateau,84.83333333333333,0.043281993652215724,3.6717557948296338
plateau,84.875,0.04327137751445456,3.672658166539331
plateau,84.91666666666667,0.04326076658323473,3.673560095693016
plateau,84.95833333333333,0.043250160854726966,3.6744615826161784
plateau,85.0,0.0432395603251057,3.6753626276339846
plateau,85.04166666666667,0.043228996054320186,3.676265872786146
plateau,85.08333333333333,0.043218436944389975,3.6771686766851803
plateau,85.125,0.0432078829915342,3.678071039654349
plateau,85.16666666666667,0.04319733419197572,3.6789729620165987
plateau,85.20833333333333,0.04318679054194107,3.679874444094562
plateau,85.25,0.043176252037660456,3.6807754862105537
plateau,85.29166666666667,0.04316571867536778,3.681676088686577
plateau,85.33333333333333,0.043155190451300625,3.6825762518443197
plateau,85.375,0.04314466736170021,3.6834759760051554
plateau,85.41666666666667,0.04313414940281144,3.684375261490144
plateau,85.45833333333333,0.0431236365708829,3.6852741086200345
plateau,85.5,0.0431131288621668,3.6861725177152613
plateau,85.54166666666667,0.04310265688527532,3.687073107727927
plateau,85.58333333333333,0.043092189994336706,3.6879732603486497
plateau,85.625,0.043081728185646644,3.6888729758959937
plateau,85.66666666666667,0.04307127145550449,3.689772254688218
plateau,85.70833333333333,0.04306081980021319,3.6906710970432717
plateau,85.75,0.04305037321607921,3.6915695032787923
plateau,85.79166666666667,0.043039931699412684,3.6924674737121133
plateau,85.83333333333333,0.04302949524652729,3.693365008660259
plateau,85.875,0.04301906385374025,3.694262108439944
plateau,85.91666666666667,0.0430086375173724,3.6951587733675786
plateau,85.95833333333333,0.04299821623374813,3.696055003759266
plateau,86.0,0.04298779999919538,3.6969507999308027
plateau,86.04166666666667,0.04297741898011805,3.697848758080991
plateau,86.08333333333333,0.04296704297360427,3.698746282644434
plateau,86.125,0.042956671976024347,3.6996433739350967
plateau,86.16666666666667,0.04294630598375214,3.700540032266643
plateau,86.20833333333333,0.04293594499316499,3.7014362579524316
plateau,86.25,0.04292558900064372,3.702332051305521
plateau,86.29166666666667,0.04291523800257267,3.7032274126386673
plateau,86.33333333333333,0.04290489199533966,3.7041223422643235
plateau,86.375,0.042894550975335954,3.705016840494643
plateau,86.41666666666667,0.042884214938956354,3.7059109076414787
plateau,86.45833333333333,0.042873883882599106,3.706804544016381
plateau,86.5,0.042863557802665916,3.7076977499306016
plateau,86.54166666666667,0.042853266432245095,3.708593099157211
plateau,86.58333333333333,0.0428429800024726,3.709488018547419
plateau,86.625,0.04283269850979142,3.7103825084106816
plateau,86.66666666666667,0.04282242195064799,3.7112765690561593
plateau,86.70833333333333,0.04281215032149217,3.712170200792717
plateau,86.75,0.04280188361877718,3.7130634039289205
plateau,86.79166666666667,0.04279162183895968,3.7139561787730426
plateau,86.83333333333333,0.04278136497849973,3.7148485256330597
plateau,86.875,0.04277111303386073,3.7157404448166513
plateau,86.91666666666667,0.04276086600150954,3.716631936631204
plateau,86.95833333333333,0.04275062387791637,3.717523001383811
plateau,87.0,0.0427403866595548,3.7184136393812675
plateau,87.04166666666667,0.042730183654861656,3.7193064022919167
plateau,87.08333333333333,0.04271998552033783,3.7201987390627527
plateau,87.125,0.04270979225249714,3.7210906499988132
plateau,87.16666666666667,0.042699603847856746,3.7219821354048466
plateau,87.20833333333333,0.04268942030293716,3.7228731955853114
plateau,87.25,0.042679241614262155,3.723763830844373
plateau,87.29166666666667,0.042669067778358875,3.7246540414859104
plateau,87.33333333333333,0.04265889879175775,3.72554382781351
plateau,87.375,0.04264873465099249,3.726433190130469
plateau,87.41666666666667,0.04263857535260016,3.7273221287397975
plateau,87.45833333333333,0.042628420893121105,3.7282106439442164
plateau,87.5,0.04261827126909892,3.7290987360461556
plateau,87.54166666666667,0.0426081553727616,3.729988934923839
plateau,87.58333333333333,0.04259804427751416,3.730878711305615
plateau,87.625,0.04258793797993942,3.731768065492192
plateau,87.66666666666667,0.04257783647662349,3.732656997783993
plateau,87.70833333333333,0.04256773976415572,3.7335455084811575
plateau,87.75,0.04255764783912865,3.7344335978835392
plateau,87.79166666666667,0.0425475606981381,3.7353212662907076
plateau,87.83333333333333,0.0425374783377831,3.7362085140019485
plateau,87.875,0.04252740075466587,3.7370953413162633
plateau,87.91666666666667,0.04251732794539191,3.7379817485323725
plateau,87.95833333333333,0.042507259906569894,3.73886773594871
plateau,88.0,0.04249719663481171,3.7397533038634307
plateau,88.04166666666667,0.0424871666143645,3.7406409606730078
plateau,88.08333333333333,0.042477141327291745,3.7415281985789477
plateau,88.125,0.04246712077024355,3.7424150178777125
plateau,88.16666666666667,0.0424571049398732,3.7433014188654874
plateau,88.20833333333333,0.042447093832837166,3.744187401838178
plateau,88.25,0.042437087445795,3.745072967091409
plateau,88.29166666666667,0.04242708577540947,3.745958114920528
plateau,88.33333333333333,0.04241708881834647,3.7468428456206047
plateau,88.375,0.042407096571275005,3.7477271594864288
plateau,88.41666666666667,0.04239710903086726,3.748611056812514
plateau,88.45833333333333,0.042387126193798544,3.749494537893096
plateau,88.5,0.04237714805674727,3.7503776030221334
plateau,88.54166666666667,0.04236720270399985,3.751262739416654
plateau,88.58333333333333,0.04235726201824106,3.752147460449187
plateau,88.625,0.042347325996186576,3.753031766412035
plateau,88.66666666666667,0.042337394634555194,3.7539156575972275
plateau,88.70833333333333,0.04232746793006879,3.754799134296519
plateau,88.75,0.042317545879452266,3.7556821968013887
plateau,88.79166666666667,0.042307628479433645,3.756564845403046
plateau,88.83333333333333,0.042297715726744,3.757447080392425
plateau,88.875,0.04228780761811744,3.7583289020601875
plateau,88.91666666666667,0.04227790415029118,3.7592103106967243
plateau,88.95833333333333,0.04226800532000548,3.760091306592154
plateau,89.0,0.0422581111240036,3.7609718900363203
plateau,89.04166666666667,0.042248249254429736,3.761854527363181
plateau,89.08333333333333,0.042238391986754886,3.762736752820081
plateau,89.125,0.04222853931775867,3.7636185666952415
plateau,89.16666666666667,0.04221869124422374,3.764499969276617
plateau,89.20833333333333,0.04220884776293575,3.765380960851893
plateau,89.25,0.04219900887068331,3.7662615417084857
plateau,89.29166666666667,0.042189174564258074,3.767141712133544
plateau,89.33333333333333,0.04217934484045467,3.7680214724139507
plateau,89.375,0.04216951969607068,3.768900822836317
plateau,89.41666666666667,0.04215969912790671,3.7697797636869916
plateau,89.45833333333333,0.042149883132766346,3.7706582952520558
plateau,89.5,0.0421400717074561,3.771536417817321
plateau,89.54166666666667,0.042130292159601034,3.772416577124276
plateau,89.58333333333333,0.04212051714981924,3.7732963280046397
plateau,89.625,0.042110746674952654,3.7741756707426317
plateau,89.66666666666667,0.04210098073184621,3.7750546056222105
plateau,89.70833333333333,0.04209121931734776,3.775933132927072
plateau,89.75,0.042081462428308035,3.776811252940646
plateau,89.79166666666667,0.04207171006158073,3.7776889659461035
plateau,89.83333333333333,0.04206196221402245,3.7785662722263496
plateau,89.875,0.04205221888249267,3.779443172064029
plateau,89.91666666666667,0.04204248006385383,3.780319665741524
plateau,89.95833333333333,0.04203274575497126,3.781195753540956
plateau,90.0,0.04202301595271317,3.7820714357441854
plateau,90.04166666666667,0.04201331758761907,3.782949137785201
plateau,90.08333333333333,0.042003623698004956,3.7838264347952797
plateau,90.125,0.041993934280773575,3.7847033270547183
plateau,90.16666666666667,0.04198424933283059,3.7855798148435587
plateau,90.20833333333333,0.0419745688510845,3.7864558984415804
plateau,90.25,0.04196489283244662,3.7873315781283075
plateau,90.29166666666667,0.04195522127383117,3.788206854183006
plateau,90.33333333333333,0.04194555417215518,3.7890817268846844
plateau,90.375,0.041935891524338506,3.7899561965120925
plateau,90.41666666666667,0.04192623332730388,3.790830263343726
plateau,90.45833333333333,0.041916579577976856,3.791703927657823
plateau,90.5,0.041906930273285785,3.7925771897323637
plateau,90.54166666666667,0.04189731197393456,3.793452454973325
plateau,90.58333333333333,0.04188769808867207,3.7943273185322117
plateau,90.625,0.0418780886144604,3.7952017806854736
plateau,90.66666666666667,0.04186848354826442,3.7960758417093072
plateau,90.70833333333333,0.0418588828870518,3.7969495018796566
plateau,90.75,0.041849286627792956,3.7978227614722107
plateau,90.79166666666667,0.04183969476746112,3.7986956207624076
plateau,90.83333333333333,0.041830107303032285,3.7995680800254323
plateau,90.875,0.0418205242314852,3.8004401395362173
plateau,90.91666666666667,0.04181094554980139,3.8013117995694428
plateau,90.95833333333333,0.04180137125496517,3.8021830603995403
plateau,91.0,0.04179180134396357,3.803053922300685
plateau,91.04166666666667,0.041782262014736456,3.803926770924965
plateau,91.08333333333333,0.041772727039379384,3.8047992211701387
plateau,91.125,0.04176319641491226,3.8056712733088798
plateau,91.16666666666667,0.04175367013835776,3.806542927613616
plateau,91.20833333333333,0.041744148206741265,3.807414184356526
plateau,91.25,0.041734630617090845,3.8082850438095397
plateau,91.29166666666667,0.041725117366437296,3.8091555062443385
plateau,91.33333333333333,0.04171560845181414,3.8100255719323584
plateau,91.375,0.04170610387025756,3.8108952411447845
plateau,91.41666666666667,0.04169660361880648,3.811764514152559
plateau,91.45833333333333,0.0416871076945025,3.812633391226374
plateau,91.5,0.0416776160943899,3.813501872636676
plateau,91.54166666666667,0.04166815466054327,3.8143723245505656
plateau,91.58333333333333,0.04165869752149186,3.8152423813432956
plateau,91.625,0.04164924467431203,3.81611204328384
plateau,91.66666666666667,0.041639796116082824,3.8169813106409256
plateau,91.70833333333333,0.04163035184388594,3.81785018368304
plateau,91.75,0.041620911854805695,3.8187186626784224
plateau,91.79166666666667,0.04161147614592906,3.819586747895072
plateau,91.83333333333333,0.04160204471434568,3.8204544396007445
plateau,91.875,0.04159261755714777,3.8213217380629514
plateau,91.91666666666667,0.04158319467143024,3.822188643548963
plateau,91.95833333333333,0.041573776054290634,3.8230551563258093
plateau,92.0,0.04156436170282906,3.8239212766602737
plateau,92.04166666666667,0.04155497710998579,3.824789351498276
plateau,92.08333333333333,0.04154559675397903,3.825657034428902
plateau,92.125,0.041536220631940214,3.826524325717492
plateau,92.16666666666667,0.041526848741003396,3.8273912256291465
plateau,92.20833333333333,0.04151748107830523,3.8282577344287283
plateau,92.25,0.04150811764098491,3.829123852380858
plateau,92.29166666666667,0.04149875842618423,3.82998957974992
plateau,92.33333333333333,0.04148940343104759,3.8308549168000603
plateau,92.375,0.0414800526527219,3.8317198637951857
plateau,92.41666666666667,0.04147070608835671,3.8325844209989657
plateau,92.45833333333333,0.041461363735104104,3.8334485886748335
plateau,92.5,0.041452025590118714,3.834312367085981
plateau,92.54166666666667,0.04144271680377465,3.835178084215979
plateau,92.58333333333333,0.04143341219739752,3.8360434126090532
plateau,92.625,0.041424111768172504,3.836908352526978
plateau,92.66666666666667,0.041414815513287365,3.837772904231296
plateau,92.70833333333333,0.04140552342993236,3.838637067983312
plateau,92.75,0.04139623551530025,3.8395008440440983
plateau,92.79166666666667,0.04138695176658634,3.840364232674491
plateau,92.83333333333333,0.041377672180988465,3.8412272341350957
plateau,92.875,0.04136839675570691,3.842089848686279
plateau,92.91666666666667,0.04135912548794453,3.8429520765881793
plateau,92.95833333333333,0.041349858374906685,3.8438139181007003
plateau,93.0,0.04134059541380119,3.8446753734835104
plateau,93.04166666666667,0.04133136141884613,3.8455387520118087
plateau,93.08333333333333,0.041322131548051394,3.846401744931117
plateau,93.125,0.04131290579865464,3.8472643524997134
plateau,93.16666666666667,0.041303684167896,3.8481265749756446
plateau,93.20833333333333,0.04129446665301811,3.848988412616729
plateau,93.25,0.04128525325126598,3.849849865680553
plateau,93.29166666666667,0.041276043959887154,3.8507109344244728
plateau,93.33333333333333,0.04126683877613161,3.851571619105617
plateau,93.375,0.041257637697251756,3.8524319199808827
plateau,93.41666666666667,0.041248440720502474,3.85329183730694
plateau,93.45833333333333,0.041239247843141105,3.854151371340229
plateau,93.5,0.04123005906242739,3.855010522336961
plateau,93.54166666666667,0.04122089886268013,3.855871581113204
plateau,93.58333333333333,0.04121174273232414,3.8567322573666676
plateau,93.625,0.041202590668648294,3.8575925513521967
plateau,93.66666666666667,0.04119344266894388,3.8584524633244106
plateau,93.70833333333333,0.04118429873050461,3.8593119935377027
plateau,93.75,0.04117515885062656,3.86017114224624
plateau,93.79166666666667,0.04116602302660822,3.8610299097039626
plateau,93.83333333333333,0.041156891255750505,3.861888296164589
plateau,93.875,0.04114776353535668,3.862746301881608
plateau,93.91666666666667,0.041138639862732425,3.863603927108287
plateau,93.95833333333333,0.04112952023518583,3.8644611720976685
plateau,94.0,0.041120404650027316,3.8653180371025675
plateau,94.04166666666667,0.04111131726778421,3.8661767947245407
plateau,94.08333333333333,0.041102233901176226,3.8670351728689965
plateau,94.125,0.041093154547542206,3.86789317178741
plateau,94.16666666666667,0.041084079204223405,3.8687507917310375
plateau,94.20833333333333,0.04107500786856339,3.8696080329509095
plateau,94.25,0.041065940537908074,3.870464895697836
plateau,94.29166666666667,0.04105687720960573,3.871321380222407
plateau,94.33333333333333,0.04104781788100697,3.8721774867749907
plateau,94.375,0.04103876254946472,3.873033215605733
plateau,94.41666666666667,0.041029711212334265,3.87388856696456
plateau,94.45833333333333,0.04102066386697323,3.8747435411011795
plateau,94.5,0.04101162051074153,3.8755981382650746
plateau,94.54166666666667,0.0410026049863382,3.8764546130833906
plateau,94.58333333333333,0.04099359342480275,3.87731071142926
plateau,94.625,0.04098458582352285,3.8781664335508497
plateau,94.66666666666667,0.0409755821798885,3.879021779696112
plateau,94.70833333333333,0.04096658249129201,3.8798767501127807
plateau,94.75,0.04095758675512791,3.8807313450483694
plateau,94.79166666666667,0.04094859496879308,3.8815855647501776
plateau,94.83333333333333,0.04093960712968668,3.8824394094652868
plateau,94.875,0.040930623235210115,3.8832928794405595
plateau,94.91666666666667,0.04092164328276711,3.884145974922645
plateau,94.95833333333333,0.040912667269763656,3.8849986961579734
plateau,95.0,0.040903695193608,3.88585104339276
plateau,95.04166666666667,0.04089475058499361,3.8867052535154345
plateau,95.08333333333333,0.040885809887445515,3.8875590901312775
plateau,95.125,0.04087687309839908,3.8884125534852125
plateau,95.16666666666667,0.04086794021529191,3.889265643821947
plateau,95.20833333333333,0.04085901123556386,3.8901183613859756
plateau,95.25,0.04085008615665701,3.89097070642158
plateau,95.29166666666667,0.04084116497601567,3.8918226791728268
plateau,95.33333333333333,0.04083224769108642,3.892674279883572
plateau,95.375,0.040823334299318004,3.8935255087974547
plateau,95.41666666666667,0.04081442479816145,3.894376366157905
plateau,95.45833333333333,0.04080551918507,3.89522685220814
plateau,95.5,0.04079661745749908,3.896076967191162
plateau,95.54166666666667,0.04078774283982287,3.896928930488077
plateau,95.58333333333333,0.04077887208235446,3.897780523205047
plateau,95.625,0.04077000518257572,3.8986317455838035
plateau,95.66666666666667,0.040761142137970816,3.899482597865875
plateau,95.70833333333333,0.040752282946026036,3.900333080292575
plateau,95.75,0.04074342760422985,3.9011831931050085
plateau,95.79166666666667,0.04073457611007294,3.9020329365440705
plateau,95.83333333333333,0.040725728461048175,3.90288231085045
plateau,95.875,0.040716884654650544,3.9037313162646208
plateau,95.91666666666667,0.04070804468837728,3.904579953026854
plateau,95.95833333333333,0.04069920855972776,3.905428221377209
plateau,96.0,0.04069037626620351,3.9062761215555373
plateau,96.04166666666667,0.04068157073141315,3.9071258556628052
plateau,96.08333333333333,0.04067276900689317,3.9079752220789854
plateau,96.125,0.04066397109017093,3.908824221042681
plateau,96.16666666666667,0.04065517697877599,3.9096728527922915
plateau,96.20833333333333,0.04064638667024005,3.9105211175660113
plateau,96.25,0.04063760016209689,3.9113690156018253
plateau,96.29166666666667,0.040628817451882474,3.9122165471375165
plateau,96.33333333333333,0.04062003853713488,3.91306371241066
plateau,96.375,0.0406112634153943,3.9139105116586252
plateau,96.41666666666667,0.040602492084203065,3.914756945118579
plateau,96.45833333333333,0.040593724541105644,3.9156030130274817
plateau,96.5,0.04058496078364858,3.9164487156220877
plateau,96.54166666666667,0.04057622344009989,3.91729623794631
plateau,96.58333333333333,0.040567489857783905,3.918143395430962
plateau,96.625,0.04055876003427243,3.918990188311574
plateau,96.66666666666667,0.04055003396713941,3.9198366168234764
plateau,96.70833333333333,0.040541311653960854,3.9206826812017974
plateau,96.75,0.04053259309231484,3.921528381681461
plateau,96.79166666666667,0.04052387827978155,3.9223737184971896
plateau,96.83333333333333,0.04051516721394326,3.923218691883505
plateau,96.875,0.040506459892384265,3.9240633020747255
plateau,96.91666666666667,0.040497756312691015,3.924907549304971
plateau,96.95833333333333,0.04048905647245199,3.9257514338081574
plateau,97.0,0.04048036036925773,3.9265949558179996
plateau,97.04166666666667,0.04047169034133542,3.927440283540425
plateau,97.08333333333333,0.04046302402648718,3.9282852492381304
plateau,97.125,0.040454361422328215,3.929129853143628
plateau,97.16666666666667,0.04044570252647583,3.929974095489235
plateau,97.20833333333333,0.040437047336549355,3.9308179765070683
plateau,97.25,0.040428395850170114,3.9316614964290437
plateau,97.29166666666667,0.040419748064961514,3.932504655486881
plateau,97.33333333333333,0.040411103978549,3.933347453912103
plateau,97.375,0.04040246358856,3.93418989193603
plateau,97.41666666666667,0.040393826892624,3.9350319697897884
plateau,97.45833333333333,0.04038519388837254,3.9358736877043072
plateau,97.5,0.040376564573439126,3.9367150459103146
plateau,97.54166666666667,0.04036796100118823,3.9375581959909023
plateau,97.58333333333333,0.04035936109471163,3.93840098682561
plateau,97.625,0.04035076485166696,3.9392434186439873
plateau,97.66666666666667,0.04034217226971388,3.940085491675389
plateau,97.70833333333333,0.04033358334651403,3.940927206148975
plateau,97.75,0.040324998079731035,3.9417685622937086
plateau,97.79166666666667,0.04031641646703051,3.942609560338359
plateau,97.83333333333333,0.040307838506080086,3.9434502005115015
plateau,97.875,0.04029926419454933,3.9442904830415157
plateau,97.91666666666667,0.04029069353010982,3.9451304081565866
plateau,97.95833333333333,0.040282126510435126,3.9459699760847076
plateau,98.0,0.04027356313320076,3.946809187053675
plateau,98.04166666666667,0.040265025171968366,3.9476501762350655
plateau,98.08333333333333,0.04025649083004977,3.9484908089140482
plateau,98.125,0.04024796010514405,3.9493310853172603
plateau,98.16666666666667,0.04023943299495228,3.950171005671149
plateau,98.20833333333333,0.04023090949717746,3.9510105702019698
plateau,98.25,0.04022238960952452,3.951849779135784
plateau,98.29166666666667,0.040213873329700354,3.952688632698464
plateau,98.33333333333333,0.0402053606554138,3.9535271311156905
plateau,98.375,0.040196851584375616,3.954365274612951
plateau,98.41666666666667,0.040188346114298515,3.9552030634155457
plateau,98.45833333333333,0.040179844242897146,3.9560404977485812
plateau,98.5,0.040171345967888065,3.9568775778369742
plateau,98.54166666666667,0.04016287278797499,3.957716422648369
plateau,98.58333333333333,0.040154403181735444,3.958554913666086
plateau,98.625,0.04014593714690902,3.959393051113902
plateau,98.66666666666667,0.04013747468123723,3.960230835215407
plateau,98.70833333333333,0.040129015782463535,3.9610682661940047
plateau,98.75,0.04012056044833322,3.961905344272905
plateau,98.79166666666667,0.04011210867659352,3.962742069675135
plateau,98.83333333333333,0.04010366046499357,3.963578442623531
plateau,98.875,0.04009521581128437,3.964414463340742
plateau,98.91666666666667,0.04008677471321883,3.9652501320492295
plateau,98.95833333333333,0.040078337168551775,3.966085448971269
plateau,99.0,0.04006990317503987,3.966920414328947
plateau,99.04166666666667,0.040061493961362,3.967757131089895
plateau,99.08333333333333,0.040053088276519086,3.9685934967317658
plateau,99.125,0.04004468611829032,3.9694295114755276
plateau,99.16666666666667,0.04003628748445678,3.970265175541964
plateau,99.20833333333333,0.04002789237280142,3.9711004891516737
plateau,99.25,0.040019500781109,3.9719354525250687
plateau,99.29166666666667,0.040011112707166195,3.972770065882377
plateau,99.33333333333333,0.04000272814876152,3.973604329443644
plateau,99.375,0.0399943471036853,3.974438243428727
plateau,99.41666666666667,0.039985969569729767,3.9752718080573013
plateau,99.45833333333333,0.03997759554468899,3.9761050235488593
plateau,99.5,0.039969225026358864,3.976937890122707
plateau,99.54166666666667,0.039960878978117814,3.977772494946811
plateau,99.58333333333333,0.039952536414656833,3.9786067512929093
plateau,99.625,0.03994419733379383,3.9794406593792098
plateau,99.66666666666667,0.039935861733348545,3.9802742194237384
plateau,99.70833333333333,0.03992752961114255,3.9811074316443382
plateau,99.75,0.039919200964999214,3.9819402962586716
plateau,99.79166666666667,0.03991087579274374,3.982772813484219
plateau,99.83333333333333,0.03990255409220314,3.98360498353828
plateau,99.875,0.03989423586120622,3.984436806637971
plateau,99.91666666666667,0.03988592109758362,3.9852682830002304
plateau,99.95833333333333,0.039877609799167796,3.986099412841814
plateau,100.0,0.039869301963792965,3.9869301963792965
active,0.0,1.0,0.0
active,0.041666666666666664,0.96,0.039999999999999994
active,0.08333333333333333,0.9230769230769231,0.07692307692307693
active,0.125,0.8888888888888888,0.1111111111111111
active,0.16666666666666666,0.8571428571428571,0.14285714285714285
active,0.20833333333333334,0.8275862068965518,0.17241379310344832
active,0.25,0.8,0.2
active,0.2916666666666667,0.7741935483870968,0.22580645161290325
active,0.3333333333333333,0.75,0.25
active,0.375,0.7272727272727273,0.2727272727272727
active,0.4166666666666667,0.7058823529411764,0.29411764705882354
active,0.4583333333333333,0.6857142857142857,0.3142857142857143
active,0.5,0.6666666666666666,0.3333333333333333
active,0.5416666666666666,0.653061224489796,0.35374149659863946
active,0.5833333333333334,0.6399999999999999,0.3733333333333333
active,0.625,0.6274509803921569,0.39215686274509803
active,0.6666666666666666,0.6153846153846154,0.41025641025641024
active,0.7083333333333334,0.6037735849056604,0.4276729559748428
active,0.75,0.5925925925925926,0.4444444444444444
active,0.7916666666666667,0.5818181818181817,0.4606060606060605
active,0.8333333333333333,0.5714285714285715,0.4761904761904762
active,0.875,0.5614035087719298,0.49122807017543857
active,0.9166666666666667,0.5517241379310344,0.5057471264367815
active,0.9583333333333333,0.5423728813559322,0.519774011299435
active,1.0,0.5333333333333333,0.5333333333333333
active,1.0416666666666667,0.5260273972602739,0.547945205479452
active,1.0833333333333333,0.518918918918919,0.5621621621621622
active,1.125,0.512,0.5760000000000001
active,1.1666666666666667,0.5052631578947369,0.5894736842105264
active,1.2083333333333333,0.49870129870129876,0.6025974025974026
active,1.25,0.49230769230769234,0.6153846153846154
active,1.2916666666666667,0.4860759493670886,0.6278481012658228
active,1.3333333333333333,0.4800000000000001,0.6400000000000001
active,1.375,0.4740740740740741,0.6518518518518519
active,1.4166666666666667,0.46829268292682924,0.6634146341463415
active,1.4583333333333333,0.4626506024096386,0.674698795180723
active,1.5,0.4571428571428572,0.6857142857142857
active,1.5416666666666667,0.45243004418262145,0.6974963181148748
active,1.5833333333333333,0.4478134110787172,0.7090379008746355
active,1.625,0.4432900432900433,0.7203463203463203
active,1.6666666666666667,0.43885714285714283,0.7314285714285714
active,1.7083333333333333,0.43451202263083455,0.7422913719943424
active,1.75,0.4302521008403361,0.7529411764705882
active,1.7916666666666667,0.42607489597780857,0.763384188626907
active,1.8333333333333333,0.421978021978022,0.7736263736263735
active,1.875,0.41795918367346935,0.7836734693877551
active,1.9166666666666667,0.4140161725067385,0.7935309973045822
active,1.9583333333333333,0.4101468624833111,0.803204272363151
active,2.0,0.40634920634920635,0.8126984126984127
active,2.0416666666666665,0.40299094844549394,0.8227731864095501
active,2.0833333333333335,0.399687743950039,0.8326827998959145
active,2.125,0.3964382500967867,0.8424312814556717
active,2.1666666666666665,0.3932411674347158,0.8520225294418842
active,2.2083333333333335,0.39009523809523805,0.8614603174603174
active,2.25,0.38699924414210124,0.8707482993197277
active,2.2916666666666665,0.3839520059992501,0.8798900137482815
active,2.3333333333333335,0.3809523809523809,0.8888888888888887
active,2.375,0.37799926172019194,0.8977482465854558
active,2.4166666666666665,0.3750915750915751,0.9064713064713064
active,2.4583333333333335,0.3722282806252271,0.91506118987035
active,2.5,0.3694083694083694,0.9235209235209235
active,2.5416666666666665,0.3668607254814151,0.9324376772652633
active,2.5833333333333335,0.36434798078633684,0.9412322836980369
active,2.625,0.3618694230939128,0.949907235621521
active,2.6666666666666665,0.3594243594243594,0.9584649584649584
active,2.7083333333333335,0.35701211540137706,0.9669078125453963
active,2.75,0.3546320346320346,0.9752380952380951
active,2.7916666666666665,0.3522834781112926,0.9834580430606918
active,2.8333333333333335,0.3499658236500341,0.9915698336750967
active,2.875,0.3476784653255241,0.9995755878108817
active,2.9166666666666665,0.3454208129532804,1.0074773711137346
active,2.9583333333333335,0.34319229157938824,1.015277195922357
active,3.0,0.34099234099234094,1.0229770229770228
active,3.0416666666666665,0.33897463483262297,1.0310478476158949
active,3.0833333333333335,0.336980666392431,1.0390237213766624
active,3.125,0.33501001922054546,1.0469063100642046
active,3.1666666666666665,0.3330622865506586,1.0546972407437523
active,3.2083333333333335,0.331137071021464,1.0623981028605305
active,3.25,0.3292339844063981,1.0700104493207938
active,3.2916666666666665,0.3273526473526473,1.0775357975357973
active,3.3333333333333335,0.32549268912905266,1.0849756304301756
active,3.375,0.32365374738256086,1.0923313974161428
active,3.4166666666666665,0.3218354679028836,1.0996045153348522
active,3.4583333333333335,0.3200375043950462,1.1067963693662015
active,3.5,0.3182595182595182,1.1139083139083137
active,3.5416666666666665,0.31661050521154144,1.1213288726242092
active,3.5833333333333335,0.31497849229807984,1.128672930734786
active,3.625,0.31336321797860256,1.1359416651724343
active,3.6666666666666665,0.3117644260501403,1.1431362288505145
active,3.7083333333333335,0.31018186551181465,1.1502577512729795
active,3.75,0.3086152904334722,1.1573073391255206
active,3.7916666666666665,0.3070644598282789,1.1642860768488907
active,3.8333333333333335,0.30552913752913746,1.1711950271950269
active,3.875,0.3040090920687935,1.1780352317665748
active,3.9166666666666665,0.30250409656350247,1.1848077115403846
active,3.9583333333333335,0.3010139286001354,1.191513467375536
active,4.0,0.2995383701266054,1.1981534805064216
active,4.041666666666667,0.2981580089739482,1.2050552862697073
active,4.083333333333333,0.29679031168507697,1.2118937727140642
active,4.125,0.2954351047824053,1.218669807227422
active,4.166666666666667,0.29409221794248525,1.225384241427022
active,4.208333333333333,0.292761483924646,1.2320379115162186
active,4.25,0.291442738501562,1.2386316386316385
active,4.291666666666667,0.2901358203916895,1.2451662291810008
active,4.333333333333333,0.28884057119351236,1.2516424751718869
active,4.375,0.2875568353215412,1.2580611545317426
active,4.416666666666667,0.2862844599440122,1.2644230314193872
active,4.458333333333333,0.2850232949222325,1.2707288565282864
active,4.5,0.2837731927515209,1.2769793673818441
active,4.541666666666667,0.28259571062392125,1.2834555190836425
active,4.583333333333333,0.2814279597535745,1.2898781488705497
active,4.625,0.28026982000150213,1.2962479175069475
active,4.666666666666667,0.2791211731982173,1.302565474925014
active,4.708333333333333,0.2779819031035307,1.3088314604457905
active,4.75,0.2768518953673375,1.3150465029948533
active,4.791666666666667,0.27573103749135636,1.3212112213127494
active,4.833333333333333,0.27461921879179446,1.3273262241603399
active,4.875,0.27351633036291173,1.3333921105191946
active,4.916666666666667,0.27242226504146005,1.3394094697871788
active,4.958333333333333,0.27133691737197224,1.3453788819693624
active,5.0,0.27026018357287707,1.3513009178643853
active,5.041666666666667,0.2692403338235454,1.3574200163603747
active,5.083333333333333,0.2682281521174419,1.3634931065969962
active,5.125,0.2672235522967773,1.3695207055209837
active,5.166666666666667,0.26622644948969976,1.3755033223634487
active,5.208333333333333,0.26523676008639235,1.3814414587832935
active,5.25,0.264254401715702,1.3873356090074356
active,5.291666666666667,0.2632792932222861,1.3931862599679308
active,5.333333333333333,0.26231135464426303,1.3989938914360693
active,5.375,0.2613505071913536,1.4047589761535257
active,5.416666666666667,0.26039667322350196,1.4104819799606356
active,5.458333333333333,0.259449776229962,1.4161633619218759
active,5.5,0.25850974080883893,1.4218035744486142
active,5.541666666666667,0.25761524343579795,1.4276178073733803
active,5.583333333333333,0.2567269150101573,1.433391942140045
active,5.625,0.255844691934521,1.4391263921316804
active,5.666666666666667,0.25496851148269045,1.4448215650685794
active,5.708333333333333,0.25409831178479736,1.450477863104885
active,5.75,0.2532340318127402,1.456095682923256
active,5.791666666666667,0.2523756113659173,1.4616754158276044
active,5.833333333333333,0.25152299105724873,1.4672174478339508
active,5.875,0.25067611229948017,1.472722159759446
active,5.916666666666667,0.24983491729176377,1.4781899273096024
active,5.958333333333333,0.24899934900650708,1.4836211211637713
active,6.0,0.24816935117648536,1.4890161070589123
active,6.041666666666667,0.24737647785004288,1.494566220344009
active,6.083333333333333,0.24658865467217655,1.500080982589074
active,6.125,0.24580583354623312,1.5055607304706777
active,6.166666666666667,0.24502796698437793,1.511005796403664
active,6.208333333333333,0.24425500809799192,1.5164165086083663
active,6.25,0.24348691058824978,1.5217931911765612
active,6.291666666666667,0.24272362873687595,1.5271361641361778
active,6.333333333333333,0.24196511739707324,1.5324457435147971
active,6.375,0.24121133198462127,1.5377222414019607
active,6.416666666666667,0.24046222846914106,1.5429659660103219
active,6.458333333333333,0.23971776336552147,1.5481772217356595
active,6.5,0.23897789372550443,1.5533563092157787
active,6.541666666666667,0.2382687605097017,1.5586748083342987
active,6.583333333333333,0.23756382334843043,1.5639618370438335
active,6.625,0.23686304510846454,1.5692176738435775
active,6.666666666666667,0.23616638909343962,1.5744425939562643
active,6.708333333333333,0.23547381903744716,1.579636869376208
active,6.75,0.23478529909874116,1.584800768916503
active,6.791666666666667,0.2341007938535553,1.5899345582553965
active,6.833333333333333,0.23342026829002757,1.595038499981855
active,6.875,0.23274368780223037,1.6001128536403337
active,6.916666666666667,0.2320710181843048,1.605157875774775
active,6.958333333333333,0.23140222562469592,1.6101738199718425
active,7.0,0.230737276700487,1.615160936903409
active,7.041666666666667,0.23009811526918372,1.6202742283538354
active,7.083333333333333,0.22946248511650646,1.6253592695752541
active,7.125,0.22883035705833424,1.6304162940406315
active,7.166666666666667,0.22820170223125089,1.635445532657298
active,7.208333333333333,0.22757649208815162,1.640447213802093
active,7.25,0.22695469839392166,1.645421563355932
active,7.291666666666667,0.22633629322118617,1.650368804737816
active,7.333333333333333,0.22572124894612863,1.6552891589382766
active,7.375,0.2251095382443776,1.6601828445522848
active,7.416666666666667,0.22450113408696032,1.6650500778116224
active,7.458333333333333,0.22389600973632165,1.6698910726167322
active,7.5,0.2232941387424068,1.674706040568051
active,7.541666666666667,0.2227141539664525,1.6796359111636627
active,7.583333333333333,0.2221371742929643,1.6845402383883126
active,7.625,0.2215631764265742,1.6894192202526281
active,7.666666666666667,0.2209921373120727,1.694273052725891
active,7.708333333333333,0.2204240341313219,1.699101929762273
active,7.75,0.21985884430021593,1.7039060433266735
active,7.791666666666667,0.2192965454656885,1.7086855834201562
active,7.833333333333333,0.21873711550276587,1.7134407381049992
active,7.875,0.21818053251166467,1.7181716935293592
active,7.916666666666667,0.21762677481493453,1.7228786339515652
active,7.958333333333333,0.2170758209546436,1.7275617417640385
active,8.0,0.2165276496896066,1.7322211975168529
active,8.041666666666666,0.21599824223315284,1.7369858646249372
active,8.083333333333334,0.21547141725209631,1.7417272894544453
active,8.125,0.21494715589625182,1.746445641657046
active,8.166666666666666,0.21442543949844542,1.751141089237304
active,8.208333333333334,0.213906249572299,1.7558137985726212
active,8.25,0.2133895678100471,1.7604639344328885
active,8.291666666666666,0.21287537608038437,1.7650916599998536
active,8.333333333333334,0.21236365642634492,1.7696971368862078
active,8.375,0.21185439106321222,1.7742805251544023
active,8.416666666666666,0.21134756237645816,1.7788419833351894
active,8.458333333333334,0.21084315291971237,1.7833816684459005
active,8.5,0.21034114541276072,1.787899736008466
active,8.541666666666666,0.20985536909541022,1.7925146110232955
active,8.583333333333334,0.20937183137860046,1.7971082193329875
active,8.625,0.20889051682370716,1.8016807076044743
active,8.666666666666666,0.20841141013374456,1.8062322211591195
active,8.708333333333334,0.20793449615174509,1.8107629039881137
active,8.75,0.20745975985916124,1.8152728987676607
active,8.791666666666666,0.20698718637428845,1.8197623468739526
active,8.833333333333334,0.20651676095071048,1.8242313883979426
active,8.875,0.20604846897576556,1.8286801621599194
active,8.916666666666666,0.2055822959690331,1.8331088057238785
active,8.958333333333334,0.20511822758084108,1.8375174554117015
active,9.0,0.20465624959079418,1.8419062463171476
active,9.041666666666666,0.20420842409934828,1.8463845012316071
active,9.083333333333334,0.20376255417773395,1.8508432004477502
active,9.125,0.20331862704444914,1.8552824717805985
active,9.166666666666666,0.20287663002913514,1.8597024419337387
active,9.208333333333334,0.20243655057137125,1.864103236511377
active,9.25,0.2019983762194852,1.8684849800302379
active,9.291666666666666,0.20156209462937832,1.8728477959313068
active,9.333333333333334,0.20112769356336668,1.8771918065914226
active,9.375,0.20069516088903688,1.8815171333347207
active,9.416666666666666,0.20026448457811624,1.8858238964439278
active,9.458333333333334,0.1998356527053579,1.8901122151715104
active,9.5,0.1994086534474405,1.8943822077506847
active,9.541666666666666,0.19899408244235228,1.8987352033041112
active,9.583333333333334,0.19858123164890337,1.9030701366353242
active,9.625,0.19817009038254957,1.9073871199320396
active,9.666666666666666,0.19776064804704846,1.9116862644548016
active,9.708333333333334,0.19735289413354934,1.9159676805465415
active,9.75,0.19694681821969431,1.9202314776420195
active,9.791666666666666,0.19654240996872988,1.9244777642771467
active,9.833333333333334,0.19613965912862996,1.9287066480981947
active,9.875,0.19573855553122993,1.9329182358708956
active,9.916666666666666,0.1953390890913703,1.937112633489422
active,9.958333333333334,0.1949412498060518,1.941289945985266
active,10.0,0.1945450277536005,1.945450277536005
active,10.041666666666666,0.1941597900748805,1.9496878920019247
active,10.083333333333334,0.19377607507473246,1.9539087570035525
active,10.125,0.19339387374322414,1.9581129716501444
active,10.166666666666666,0.19301317714136743,1.9623006342705687
active,10.208333333333334,0.19263397640042168,1.9664718424209715
active,10.25,0.19225626272120516,1.9706266928923528
active,10.291666666666666,0.1918800273734142,1.9747652817180543
active,10.333333333333334,0.19150526169495044,1.9788877041811546
active,10.375,0.1911319570912566,1.9829940548217873
active,10.416666666666666,0.19076010503465884,1.9870844274443629
active,10.458333333333334,0.19038969706371772,1.9911589151247147
active,10.5,0.1900207247825865,1.9952176102171582
active,10.541666666666666,0.18966151736333778,1.999348495538519
active,10.583333333333334,0.18930366544378427,2.003463792613384
active,10.625,0.18894716136573575,2.0075635895109425
active,10.666666666666666,0.18859199752858213,2.011647973638209
active,10.708333333333334,0.1882381663887536,2.0157170317462367
active,10.75,0.18788566045918667,2.0197708499362568
active,10.791666666666666,0.1875344723087957,2.0238095136657535
active,10.833333333333334,0.18718459456195088,2.0278331077544682
active,10.875,0.18683601989796217,2.0318417163903386
active,10.916666666666666,0.1864887410505682,2.0358354231353695
active,10.958333333333334,0.18614275080743167,2.039814310931439
active,11.0,0.18579804200964015,2.0437784621060415
active,11.041666666666666,0.18546206001685597,2.047810246019451
active,11.083333333333334,0.18512729095545366,2.051827474756278
active,11.125,0.18479372826904747,2.055830226993153
active,11.166666666666666,0.1844613654484197,2.0598185808406866
active,11.208333333333334,0.18413019603109754,2.063792613848552
active,11.25,0.1838002136009343,2.0677524030105108
active,11.291666666666666,0.18347141178769472,2.071698024769386
active,11.333333333333334,0.18314378426664524,2.0756295550219797
active,11.375,0.18281732475814855,2.0795470691239397
active,11.416666666666666,0.1824920270272622,2.0834506418945766
active,11.458333333333334,0.18216788488334162,2.087340347621623
active,11.5,0.18184489217964778,2.0912162600659494
active,11.541666666666666,0.1815297363873087,2.095155707470188
active,11.583333333333334,0.18121567109944134,2.099081523568529
active,11.625,0.18090269066576356,2.1029937789895015
active,11.666666666666666,0.18059078947496054,2.1068925438745394
active,11.708333333333334,0.18027996195434956,2.1107778878821764
active,11.75,0.1799702025695483,2.1146498801921925
active,11.791666666666666,0.179661505824146,2.1185085895097213
active,11.833333333333334,0.1793538662593786,2.1223540840693134
active,11.875,0.17904727845380702,2.1261864316389585
active,11.916666666666666,0.1787417370229985,2.1300056995240655
active,11.958333333333334,0.1784372366192114,2.133811954571403
active,12.0,0.1781337719310835,2.1376052631730023
active,12.041666666666666,0.1778373763039104,2.141458406326254
active,12.083333333333334,0.17754196537981748,2.1452987483394614
active,12.125,0.17724753425978462,2.1491263528998887
active,12.166666666666666,0.17695407807723534,2.1529412832730297
active,12.208333333333334,0.1766615919977688,2.156743602306094
active,12.25,0.17637007121889461,2.160533372431459
active,12.291666666666666,0.1760795109697696,2.1643106556700844
active,12.333333333333334,0.1757899065109377,2.1680755136348986
active,12.375,0.17550125313407247,2.1718280075341467
active,12.416666666666666,0.17521354616172155,2.1755681981747093
active,12.458333333333334,0.17492678094705422,2.1792961459653837
active,12.5,0.17464095287361134,2.1830119109201416
active,12.541666666666666,0.17436152734901356,2.1867841555022114
active,12.583333333333334,0.17408299455772117,2.190544348184658
active,12.625,0.17380535022828303,2.1942925466320733
active,12.666666666666666,0.17352859011645458,2.198028808141758
active,12.708333333333334,0.17325271000498166,2.201753189646642
active,12.75,0.17297770570338644,2.205465747718177
active,12.791666666666666,0.1727035730477551,2.2091665385692005
active,12.833333333333334,0.17243030790052763,2.2128556180567713
active,12.875,0.17215790615028984,2.2165330416849818
active,12.916666666666666,0.171886363711567,2.22019886460774
active,12.958333333333334,0.17161567652461962,2.2238531416315293
active,13.0,0.1713458405552413,2.2274959272181367
active,13.041666666666666,0.17108182539259842,2.2311921394951377
active,13.083333333333334,0.17081862258430208,2.2348769788112857
active,13.125,0.17055622838678397,2.2385504975765396
active,13.166666666666666,0.1702946390794423,2.2422127478793237
active,13.208333333333334,0.1700338509644661,2.24586378148899
active,13.25,0.16977386036666112,2.24950364985826
active,13.291666666666666,0.1695146636332769,2.253132404125639
active,13.333333333333334,0.1692562571338359,2.256750095117812
active,13.375,0.16899863725996403,2.2603567733520187
active,13.416666666666666,0.16874180042522247,2.2639524890384015
active,13.458333333333334,0.16848574306494135,2.2675372920823356
active,13.5,0.1682304616360551,2.271111232086744
active,13.541666666666666,0.16798049066779946,2.274735811126451
active,13.583333333333334,0.16773126145315878,2.27834963473874
active,13.625,0.16748277069545042,2.281952750725512
active,13.666666666666666,0.16723501511749858,2.2855452066058137
active,13.708333333333334,0.16698799146149043,2.2891270496179312
active,13.75,0.16674169648883339,2.292698326721459
active,13.791666666666666,0.16649612698001331,2.2962590845993502
active,13.833333333333334,0.16625127973445444,2.299809369659953
active,13.875,0.16600715157038037,2.3033492280390275
active,13.916666666666666,0.165763739324676,2.306878705601741
active,13.958333333333334,0.16552103985275113,2.3103978479446514
active,14.0,0.165279050028405,2.3139067003976703
active,14.041666666666666,0.16504192083180758,2.317463638346631
active,14.083333333333334,0.1648054710884955,2.3210103844963115
active,14.125,0.1645696978823603,2.3245469825883394
active,14.166666666666666,0.16433459831395697,2.3280734761143904
active,14.208333333333334,0.16410016950038495,2.3315899083179694
active,14.25,0.16386640857517074,2.335096322196183
active,14.291666666666666,0.1636333126881506,2.3385927605014856
active,14.333333333333334,0.1634008790053549,2.3420792657434206
active,14.375,0.16316910470889343,2.345555880190343
active,14.416666666666666,0.16293798699684117,2.349022645871127
active,14.458333333333334,0.16270752308312567,2.3524796045768586
active,14.5,0.16247771019741505,2.3559267978625185
active,14.541666666666666,0.16225235969783477,2.359419730606014
active,14.583333333333334,0.16202763343786544,2.362902987635538
active,14.625,0.1618035288273013,2.3663766090992815
active,14.666666666666666,0.16158004329024706,2.3698406349236234
active,14.708333333333334,0.1613571742650191,2.373295104814656
active,14.75,0.16113491920404802,2.376740058259708
active,14.791666666666666,0.1609132755737811,2.3801755345288456
active,14.833333333333334,0.16069224085458633,2.383601572676364
active,14.875,0.16047181254065687,2.387018211542271
active,14.916666666666666,0.16025198813991626,2.390425489753751
active,14.958333333333334,0.16003276517392456,2.3938234457266216
active,15.0,0.15981414117778533,2.39721211766678
active,15.041666666666666,0.15959962555204338,2.400644367678652
active,15.083333333333334,0.15938568503521755,2.404067415947865
active,15.125,0.1591723173176336,2.4074812994292083
active,15.166666666666666,0.15895952010196832,2.4108860548798527
active,15.208333333333334,0.15874729110316727,2.414281718860669
active,15.25,0.15853562804836308,2.417668327737537
active,15.291666666666666,0.15832452867679403,2.4210459176826418
active,15.333333333333334,0.1581139907397238,2.424414524675765
active,15.375,0.1579040120003616,2.4277741845055596
active,15.416666666666666,0.1576945902337829,2.4311249327708198
active,15.458333333333334,0.15748572322685073,2.434466804881734
active,15.5,0.15727740877813795,2.437799836061138
active,15.541666666666666,0.15707288679012998,2.4411744488632703
active,15.583333333333334,0.15686889602806486,2.4445402964373444
active,15.625,0.15666543442491562,2.4478974128893065
active,15.666666666666666,0.15646249992436523,2.4512458321483885
active,15.708333333333334,0.1562600904807373,2.4545855879682486
active,15.75,0.1560582040589276,2.4579167139281095
active,15.791666666666666,0.15585683863433542,2.46123924343388
active,15.833333333333334,0.1556559921927963,2.464553209719275
active,15.875,0.15545566273051473,2.4678586458469214
active,15.916666666666666,0.15525584825399738,2.471155584709458
active,15.958333333333334,0.1550565467799871,2.4744440590306276
active,16.0,0.15485775633539736,2.477724101366358
active,16.041666666666668,0.15466247543207404,2.4810438767228544
active,16.083333333333332,0.15446768642019487,2.4843552899248005
active,16.125,0.1542733874435657,2.487658372527497
active,16.166666666666668,0.15407957665532,2.490953155927673
active,16.208333333333332,0.1538862522178604,2.494239671364487
active,16.25,0.1536934123028004,2.4975179499205065
active,16.291666666666668,0.153501055090907,2.5007880225226935
active,16.333333333333332,0.15330917877204342,2.504049919943376
active,16.375,0.15311778154511202,2.5073036728012092
active,16.416666666666668,0.15292686161799837,2.5105493115621402
active,16.458333333333332,0.15273641720751524,2.5137868665403547
active,16.5,0.15254644653934665,2.51701636789922
active,16.541666666666668,0.15235973118250531,2.5202838866439423
active,16.583333333333332,0.15217347234242895,2.52354341634528
active,16.625,0.1519876683468948,2.5267949862671264
active,16.666666666666668,0.15180231753183762,2.530038625530627
active,16.708333333333332,0.15161741824129948,2.533274363115045
active,16.75,0.1514329688273806,2.5365022278586253
active,16.791666666666668,0.15124896765019058,2.53972224845945
active,16.833333333333332,0.1510654130777996,2.542934453476293
active,16.875,0.15088230348619014,2.5461388713294584
active,16.916666666666668,0.15069963725920926,2.5493355303016236
active,16.958333333333332,0.15051741278852102,2.552524458538669
active,17.0,0.150335628473559,2.555705684050503
active,17.041666666666668,0.1501568702946368,2.5589233312711026
active,17.083333333333332,0.14997853671946507,2.562133335624195
active,17.125,0.1498006262369983,2.565335724308596
active,17.166666666666668,0.14962313734335256,2.568530524394219
active,17.208333333333332,0.14944606854176282,2.571717762822835
active,17.25,0.14926941834254087,2.57489746640883
active,17.291666666666668,0.14909318526303372,2.578069661839958
active,17.333333333333332,0.14891736782758205,2.581234375678089
active,17.375,0.14874196456747887,2.5843916343599456
active,17.416666666666668,0.1485669740209289,2.587541464197845
active,17.458333333333332,0.14839239473300775,2.5906838913804267
active,17.5,0.14821822525562156,2.5938189419733773
active,17.541666666666668,0.14804687470619313,2.596988927137805
active,17.583333333333332,0.14787591988551627,2.6001515913203277
active,17.625,0.14770535942428728,2.603306959853063
active,17.666666666666668,0.14753519195951273,2.6064550579513917
active,17.708333333333332,0.14736541613447304,2.6095959107146265
active,17.75,0.14719603059868627,2.6127295431266813
active,17.791666666666668,0.14702703400787262,2.615855980056734
active,17.833333333333332,0.14685842502391866,2.6189752462598825
active,17.875,0.146690202314842,2.622087366377801
active,17.916666666666668,0.14652236455475634,2.6251923649393847
active,17.958333333333332,0.14635491042383666,2.6282902663614
active,18.0,0.14618783860828433,2.631381094949118
active,18.041666666666668,0.14602339784494536,2.6345054694525563
active,18.083333333333332,0.14585932661141177,2.637622822889696
active,18.125,0.14569562366347524,2.6407331789004886
active,18.166666666666668,0.1455322877625072,2.643836561018881
active,18.208333333333332,0.14536931767542718,2.646932992673403
active,18.25,0.14520671217467165,2.6500224971877575
active,18.291666666666668,0.14504447003816362,2.6531050977814097
active,18.333333333333332,0.14488259004928178,2.6561808175701658
active,18.375,0.14472107099682993,2.65924967956675
active,18.416666666666668,0.14455991167500717,2.662311706681382
active,18.458333333333332,0.14439911088337762,2.6653669217223452
active,18.5,0.1442386674268405,2.6684153473965493
active,18.541666666666668,0.14408068422045842,2.671496019921
active,18.583333333333332,0.14392304671037043,2.674569951367717
active,18.625,0.14376575376314596,2.6776371638385936
active,18.666666666666668,0.1436088042503041,2.68069767933901
active,18.708333333333332,0.14345219704828635,2.683751519778357
active,18.75,0.1432959310384298,2.686798706970559
active,18.791666666666668,0.14314000510694075,2.689839262634595
active,18.833333333333332,0.142984418144868,2.692873208395014
active,18.875,0.1428291690480766,2.6959005657824457
active,18.916666666666668,0.14267425671722184,2.6989213562341132
active,18.958333333333332,0.14251968005772328,2.701935601094337
active,19.0,0.1423654379797387,2.704943321615035
active,19.041666666666668,0.14221350047922668,2.707982071625275
active,19.083333333333332,0.1420618869392702,2.7110143424244058
active,19.125,0.14191059632485134,2.714040154712782
active,19.166666666666668,0.1417596276053568,2.717059529102672
active,19.208333333333332,0.1416089797545541,2.7200724861187267
active,19.25,0.14145865175056838,2.7230790461984413
active,19.291666666666668,0.14130864257585937,2.7260792296926204
active,19.333333333333332,0.14115895121719854,2.7290730568658383
active,19.375,0.14100957666564595,2.7320605478968902
active,19.416666666666668,0.1408605179165279,2.73504172287925
active,19.458333333333332,0.1407117739694144,2.7380166018215215
active,19.5,0.14056334382809643,2.74098520464788
active,19.541666666666668,0.14041707604055417,2.7439836942924964
active,19.583333333333332,0.14027111234404635,2.7469759500709077
active,19.625,0.14012545179124877,2.749961991403257
active,19.666666666666668,0.13998009343876822,2.7529418376291086
active,19.708333333333332,0.13983503634712185,2.7559155080078597
active,19.75,0.13969027958071695,2.75888302171916
active,19.791666666666668,0.139545822207831,2.761844397863322
active,19.833333333333332,0.13940166330059153,2.764799655461732
active,19.875,0.1392578019349562,2.7677488134572545
active,19.916666666666668,0.13911423719069335,2.7706918907146427
active,19.958333333333332,0.1389709681513621,2.7736289060209347
active,20.0,0.13882799390429276,2.7765598780858554
active,20.041666666666668,0.13868705177850157,2.7795196627274694
active,20.083333333333332,0.13854639553937534,2.7824734437491214
active,20.125,0.1384060243179575,2.785421239398895
active,20.166666666666668,0.13826593724880978,2.7883630678509976
active,20.208333333333332,0.13812613346999403,2.7912989472061294
active,20.25,0.13798661212305463,2.794228895491856
active,20.291666666666668,0.13784737235300107,2.79715293066298
active,20.333333333333332,0.13770841330829042,2.800071070601905
active,20.375,0.13756973414080975,2.802983333118999
active,20.416666666666668,0.13743133400585922,2.805889735952959
active,20.458333333333332,0.13729321206213477,2.8087902967711735
active,20.5,0.13715536747171092,2.811685033170074
active,20.541666666666668,0.13701943549205609,2.8146075707326523
active,20.583333333333332,0.13688377268463825,2.817524321092137
active,20.625,0.1367483782507266,2.820435301421236
active,20.666666666666668,0.13661325139474761,2.8233405288247844
active,20.708333333333332,0.13647839132426912,2.8262400203400726
active,20.75,0.13634379724998483,2.8291337929371854
active,20.791666666666668,0.1362094683856991,2.8320218635193277
active,20.833333333333332,0.13607540394831164,2.834904248923159
active,20.875,0.135941603157802,2.8377809659191167
active,20.916666666666668,0.13580806523721473,2.8406520312117416
active,20.958333333333332,0.13567478941264438,2.843517461440005
active,21.0,0.1355417749132202,2.846377273177624
active,21.041666666666668,0.13541056312724417,2.8492639324690963
active,21.083333333333332,0.1352796051358252,2.852145008280315
active,21.125,0.13514890020332682,2.855020516795279
active,21.166666666666668,0.13501844759695292,2.8578904741355036
active,21.208333333333332,0.1348882465867341,2.860754896360319
active,21.25,0.13475829644551374,2.863613799467167
active,21.291666666666668,0.13462859644893477,2.866467199391903
active,21.333333333333332,0.13449914587542622,2.8693151120090925
active,21.375,0.13436994400618948,2.8721575531323
active,21.416666666666668,0.13424099012518545,2.8749945385143887
active,21.458333333333332,0.13411228351912105,2.877826083847806
active,21.5,0.13398382347743606,2.8806522047648753
active,21.541666666666668,0.13385706489325683,2.8835042729089078
active,21.583333333333332,0.1337305459283294,2.886350949619776
active,21.625,0.13360426590384558,2.8891922501706606
active,21.666666666666668,0.13347822414355892,2.8920281897771103
active,21.708333333333332,0.13335241997377237,2.8948587835973085
active,21.75,0.13322685272332627,2.8976840467323464
active,21.791666666666668,0.13310152172358652,2.9005039942264896
active,21.833333333333332,0.1329764263084328,2.903318641067449
active,21.875,0.13285156581424645,2.9061280021866414
active,21.916666666666668,0.13272693957989912,2.9089320924594557
active,21.958333333333332,0.13260254694674087,2.911730926705518
active,22.0,0.13247838725858846,2.914524519688946
active,22.041666666666668,0.1323558355589968,2.9173432087795548
active,22.083333333333332,0.13223351038750053,2.9201566877239697
active,22.125,0.1321114111165979,2.922964970954729
active,22.166666666666668,0.1319895371211029,2.925768072851114
active,22.208333333333332,0.13186788777813416,2.928566007739396
active,22.25,0.13174646246710456,2.9313587898930766
active,22.291666666666668,0.1316252605697107,2.9341464335331344
active,22.333333333333332,0.13150428146992238,2.9369289528282665
active,22.375,0.13138352455397204,2.9397063618951242
active,22.416666666666668,0.13126298921034452,2.9424786747985565
active,22.458333333333332,0.13114267482976677,2.9452459055518454
active,22.5,0.13102258080519738,2.948008068116941
active,22.541666666666668,0.13090400833388044,2.9507945211928885
active,22.583333333333332,0.13078565027932906,2.9535759354748476
active,22.625,0.13066750606046784,2.9563523246180847
active,22.666666666666668,0.1305495750983194,2.9591237022285735
active,22.708333333333332,0.13043185681599453,2.961890081863209
active,22.75,0.1303143506386828,2.9646514770300336
active,22.791666666666668,0.13019705599364348,2.9674079011884578
active,22.833333333333332,0.13007997231019597,2.9701593677494746
active,22.875,0.12996309901971062,2.9729058900758805
active,22.916666666666668,0.12984643555559955,2.97564748148249
active,22.958333333333332,0.12972998135330757,2.978384155236353
active,23.0,0.12961373585030278,2.981115924556964
active,23.041666666666668,0.12949893183272057,2.9838712209789366
active,23.083333333333332,0.12938433100808988,2.9866216407700747
active,23.125,0.12926993283743726,2.9893671968657367
active,23.166666666666668,0.12915573678369394,2.9921079021555763
active,23.208333333333332,0.12904174231168716,2.9948437694837393
active,23.25,0.12892794888813186,2.997574811649066
active,23.291666666666668,0.1288143559816225,3.0003010414052906
active,23.333333333333332,0.1287009630626246,3.0030224714612404
active,23.375,0.12858776960346663,3.0057391144810324
active,23.416666666666668,0.12847477507833174,3.0084509830842685
active,23.458333333333332,0.12836197896324983,3.0111580898462353
active,23.5,0.12824938073608907,3.0138604472980934
active,23.541666666666668,0.12813814970336046,3.016585607599944
active,23.583333333333332,0.1280271114453853,3.0193060449203366
active,23.625,0.12791626546144988,3.022021771526753
active,23.666666666666668,0.1278056112525732,3.0247327996442324
active,23.708333333333332,0.12769514832149925,3.027439141455545
active,23.75,0.12758487617268965,3.030140809101379
active,23.791666666666668,0.12747479431231631,3.032837814680526
active,23.833333333333332,0.127364902248254,3.0355301702500537
active,23.875,0.12725519949007288,3.03821788782549
active,23.916666666666668,0.1271456855490315,3.0409009793810036
active,23.958333333333332,0.12703635993806933,3.0435794568495775
active,24.0,0.1269272221717995,3.0462533321231877
active,24.041666666666668,0.12681938256077843,3.0489493223987147
active,24.083333333333332,0.12671172603907999,3.0516407354411763
active,24.125,0.12660425214082802,3.054327582897476
active,24.166666666666668,0.1264969604017256,3.057009876375035
active,24.208333333333332,0.12638985035904846,3.0596876274419644
active,24.25,0.1262829215516381,3.0623608476272235
active,24.291666666666668,0.12617617351989535,3.0650295484207914
active,24.333333333333332,0.12606960580577384,3.06769374127383
active,24.375,0.12596321795277318,3.0703534375988464
active,24.416666666666668,0.1258570095059327,3.073008648769857
active,24.458333333333332,0.12575098001182497,3.075659386122552
active,24.5,0.12564512901854902,3.078305660954451
active,24.541666666666668,0.1255405119252779,3.080973396832862
active,24.583333333333332,0.12543606890370948,3.083636693882858
active,24.625,0.12533179951974963,3.0862955631738345
active,24.666666666666668,0.12522770334074648,3.0889500157384133
active,24.708333333333332,0.12512377993548449,3.0916000625725957
active,24.75,0.1250200288741781,3.0942457146359077
active,24.791666666666668,0.12491644972846626,3.0968869828515593
active,24.833333333333332,0.1248130420714063,3.0995238781065897
active,24.875,0.12470980547746797,3.102156411252016
active,24.916666666666668,0.12460673952252792,3.1047845931029876
active,24.958333333333332,0.12450384378386359,3.107408434438929
active,25.0,0.12440111784014751,3.110027946003688
active,25.041666666666668,0.12429956590721676,3.1126682962598866
active,25.083333333333332,0.12419817963812445,3.115304339256288
active,25.125,0.12409695862782441,3.1179360855240885
active,25.166666666666668,0.12399590247259001,3.120563545560182
active,25.208333333333332,0.1238950107700086,3.1231867298273
active,25.25,0.12379428311897606,3.1258056487541452
active,25.291666666666668,0.12369371911969175,3.1284203127355372
active,25.333333333333332,0.12359331837365306,3.131030732132544
active,25.375,0.12349308048365008,3.133636917272621
active,25.416666666666668,0.12339300505376057,3.1362388784497477
active,25.458333333333332,0.12329309168934459,3.138836625924564
active,25.5,0.12319333999703928,3.1414301699245017
active,25.541666666666668,0.12309470641817855,3.1440439597643106
active,25.583333333333332,0.12299623065304403,3.146653567540376
active,25.625,0.12289791232318546,3.1492590032816277
active,25.666666666666668,0.12279975105136183,3.1518602769849537
active,25.708333333333332,0.12270174646153634,3.15445739861533
active,25.75,0.12260389817887163,3.1570503781059442
active,25.791666666666668,0.1225062058297251,3.1596392253583265
active,25.833333333333332,0.12240866904164413,3.162223950242473
active,25.875,0.1223112874433612,3.164804562596971
active,25.916666666666668,0.12221406066478935,3.1673810722291242
active,25.958333333333332,0.1221169883370175,3.169953488915079
active,26.0,0.12202007009230557,3.1725218223999447
active,26.041666666666668,0.12192421771988428,3.17510983645532
active,26.083333333333332,0.12182851582214499,3.1776937876942815
active,26.125,0.12173296404502956,3.180273685676397
active,26.166666666666668,0.12163756203558988,3.1828495399312686
active,26.208333333333332,0.12154230944198333,3.1854213599586463
active,26.25,0.12144720591346847,3.1879891552285473
active,26.291666666666668,0.12135225110040085,3.1905529351813726
active,26.333333333333332,0.12125744465422868,3.193112709228022
active,26.375,0.12116278622748844,3.195668486750008
active,26.416666666666668,0.12106827547380085,3.1982202770995727
active,26.458333333333332,0.12097391204786649,3.200768089599801
active,26.5,0.1208796956054616,3.2033119335447324
active,26.541666666666668,0.12078649614855683,3.2058749186096125
active,26.583333333333332,0.12069344029636227,3.2084339545449634
active,26.625,0.12060052771722726,3.2109890504711758
active,26.666666666666668,0.12050775808052169,3.2135402154805788
active,26.708333333333332,0.120415131056632,3.216087458637546
active,26.75,0.12032264631695716,3.218630788978604
active,26.791666666666668,0.12023030353390499,3.221170215512538
active,26.833333333333332,0.1201381023808882,3.2237057472205
active,26.875,0.12004604253232047,3.226237393056113
active,26.916666666666668,0.11995412366361272,3.2287651619455757
active,26.958333333333332,0.11986234545116926,3.2312890627877713
active,27.0,0.11977070757238395,3.233809104454367
active,27.041666666666668,0.11968004087475158,3.236347771988074
active,27.083333333333332,0.11958951134307629,3.2388825988749828
active,27.125,0.11949911866632414,3.241413593824042
active,27.166666666666668,0.11940886253440093,3.243940765517892
active,27.208333333333332,0.11931874263814857,3.246464122612959
active,27.25,0.1192287586693415,3.248983673739556
active,27.291666666666668,0.11913891032068337,3.251499427501984
active,27.333333333333332,0.11904919728580335,3.254011392478625
active,27.375,0.1189596192592527,3.256519577222043
active,27.416666666666668,0.11887017593650137,3.259023990259079
active,27.458333333333332,0.11878086701393453,3.2615246400909523
active,27.5,0.11869169218884898,3.264021535193347
active,27.541666666666668,0.11860344557755613,3.2665365636151917
active,27.583333333333332,0.11851533009050001,3.269047854996292
active,27.625,0.1184273454356444,3.2715554176596764
active,27.666666666666668,0.11833949132181973,3.2740592599036793
active,27.708333333333332,0.1182517674587198,3.276559390002028
active,27.75,0.11816417355689852,3.2790558162039343
active,27.791666666666668,0.11807670932776683,3.2815485467341867
active,27.833333333333332,0.11798937448358951,3.284037589793241
active,27.875,0.1179021687374819,3.286522953557308
active,27.916666666666668,0.11781509180340693,3.289004646178444
active,27.958333333333332,0.11772814339617196,3.291482675784641
active,28.0,0.11764132323142552,3.2939570504799147
active,28.041666666666668,0.11755539092811548,3.296449087275905
active,28.083333333333332,0.11746958407342345,3.298937486061975
active,28.125,0.11738390239284473,3.301422254798758
active,28.166666666666668,0.117298345612675,3.3039034014236797
active,28.208333333333332,0.11721291346000738,3.3063809338510413
active,28.25,0.11712760566272934,3.308854859972104
active,28.291666666666668,0.11704242194952008,3.3113251876551724
active,28.333333333333332,0.11695736204984748,3.3137919247456784
active,28.375,0.11687242569396523,3.3162550790662637
active,28.416666666666668,0.1167876126129101,3.318714658416862
active,28.458333333333332,0.11670292253849901,3.321170670574784
active,28.5,0.11661835520332617,3.3236231232947957
active,28.541666666666668,0.1165346377911199,3.326092786954881
active,28.583333333333332,0.11645104048997852,3.3285589073385524
active,28.625,0.11636756304159859,3.33102149206576
active,28.666666666666668,0.11628420518841692,3.3334805487346184
active,28.708333333333332,0.11620096667360777,3.3359360849214896
active,28.75,0.11611784724108015,3.3383881081810545
active,28.791666666666668,0.11603484663547536,3.340836626046395
active,28.833333333333332,0.11595196460216432,3.3432816460290713
active,28.875,0.11586920088724485,3.345723175619195
active,28.916666666666668,0.11578655523753925,3.34816122228551
active,28.958333333333332,0.11570402740059163,3.350595793475466
active,29.0,0.11562161712466527,3.353026896615293
active,29.041666666666668,0.1155400210645914,3.3554747784175087
active,29.083333333333332,0.11545854009063895,3.357919207636083
active,29.125,0.11537717395949684,3.3603601915703454
active,29.166666666666668,0.11529592242853945,3.362797737499067
active,29.208333333333332,0.1152147852558241,3.365231852680529
active,29.25,0.11513376220008863,3.3676625443525925
active,29.291666666666668,0.11505285302074914,3.370089819732777
active,29.333333333333332,0.1149720574778975,3.3725136860183267
active,29.375,0.11489137533229897,3.374934150386282
active,29.416666666666668,0.11481080634538991,3.3773512199935536
active,29.458333333333332,0.11473035027927543,3.3797649019769884
active,29.5,0.11465000689672691,3.382175203453444
active,29.541666666666668,0.11457044408833224,3.3846018691094817
active,29.583333333333332,0.11449099163057334,3.387025169071128
active,29.625,0.11441164929403101,3.389445110335669
active,29.666666666666668,0.11433241684992157,3.3918616998810065
active,29.708333333333332,0.11425329407009466,3.3942749446657285
active,29.75,0.11417428072703095,3.3966848516291708
active,29.791666666666668,0.11409537659384018,3.3990914276914888
active,29.833333333333332,0.11401658144425882,3.4014946797537213
active,29.875,0.11393789505264787,3.403894614697855
active,29.916666666666668,0.11385931719399085,3.406291239386893
active,29.958333333333332,0.11378084764389164,3.4086845606649203
active,30.0,0.11370248617857215,3.4110745853571647
active,30.041666666666668,0.11362487356002021,3.413480576532274
active,30.083333333333332,0.11354736682498612,3.415883285318332
active,30.125,0.11346996575693909,3.41828271842779
active,30.166666666666668,0.11339267013993844,3.42067888255481
active,30.208333333333332,0.11331547975863149,3.423071784375326
active,30.25,0.11323839439825145,3.4254614305471063
active,30.291666666666668,0.11316141384461564,3.4278478277098157
active,30.333333333333332,0.1130845378841234,3.4302309824850763
active,30.375,0.11300776630375399,3.4326109014765276
active,30.416666666666668,0.11293109889106487,3.43498759126989
active,30.458333333333332,0.11285453543418959,3.4373610584330248
active,30.5,0.11277807572183579,3.4397313095159916
active,30.541666666666668,0.11270233490536712,3.442117145234754
active,30.583333333333332,0.11262669575442394,3.4444997784894653
active,30.625,0.11255115806444779,3.4468792157237136
active,30.666666666666668,0.11247572163142872,3.449255463363814
active,30.708333333333332,0.11240038625190332,3.4516285278188645
active,30.75,0.11232515172295292,3.453998415480802
active,30.791666666666668,0.11225001784220176,3.456365132724463
active,30.833333333333332,0.11217498440781529,3.458728685907638
active,30.875,0.1121000512184981,3.461089081371129
active,30.916666666666668,0.11202521807349242,3.4634463254388073
active,30.958333333333332,0.11195048477257616,3.46580042441767
active,31.0,0.1118758511160611,3.468151384597894
active,31.041666666666668,0.11180190805517805,3.470517562546152
active,31.083333333333332,0.11172806267337147,3.4728806147639633
active,31.125,0.11165431477721742,3.475240547440892
active,31.166666666666668,0.11158066417380237,3.477597366750174
active,31.208333333333332,0.11150711067072143,3.4799510788487646
active,31.25,0.11143365407607668,3.482301689877396
active,31.291666666666668,0.11136029419847557,3.4846492059606313
active,31.333333333333332,0.11128703084702922,3.4869936332069154
active,31.375,0.11121386383135069,3.4893349777086278
active,31.416666666666668,0.11114079296155348,3.4916732455421386
active,31.458333333333332,0.11106781804824978,3.4940084427678575
active,31.5,0.11099493890254881,3.496340575430288
active,31.541666666666668,0.11092272358771306,3.4986875731624494
active,31.583333333333332,0.11085060218095903,3.501031518881956
active,31.625,0.11077857449923001,3.503372418538149
active,31.666666666666668,0.11070664035994478,3.505710278064918
active,31.708333333333332,0.1106347995809961,3.508045103380751
active,31.75,0.11056305198074902,3.5103769003887813
active,31.791666666666668,0.11049139737803951,3.5127056749768393
active,31.833333333333332,0.11041983559217292,3.5150314330175045
active,31.875,0.11034836644292231,3.517354180368149
active,31.916666666666668,0.11027698975052715,3.5196739228709917
active,31.958333333333332,0.11020570533569166,3.5219906663531457
active,32.0,0.11013451301958332,3.5243044166266664
active,32.041666666666664,0.11006395919958362,3.526632692686658
active,32.083333333333336,0.10999349571738154,3.5289579875993247
active,32.125,0.10992312239958413,3.5312803070866403
active,32.166666666666664,0.1098528390732417,3.533599656855941
active,32.208333333333336,0.10978264556584663,3.535916042599977
active,32.25,0.10971254170533205,3.5382294699969585
active,32.291666666666664,0.10964252732007021,3.5405399447106003
active,32.333333333333336,0.10957260223887115,3.5428474723901675
active,32.375,0.10950276629098152,3.5451520586705265
active,32.416666666666664,0.10943301930608282,3.5474537091721845
active,32.458333333333336,0.10936336111429024,3.5497524295013374
active,32.5,0.10929379154615139,3.55204822524992
active,32.541666666666664,0.10922483647262071,3.554358220213199
active,32.583333333333336,0.10915596835378548,3.556665302194177
active,32.625,0.10908718702527019,3.55896947669944
active,32.666666666666664,0.10901849232311324,3.561270749221699
active,32.708333333333336,0.10894988408376576,3.5635691252398387
active,32.75,0.10888136214409044,3.565864610218962
active,32.791666666666664,0.10881292634136004,3.568157209610431
active,32.833333333333336,0.10874457651325614,3.57044692885191
active,32.875,0.10867631249786805,3.5727337733674123
active,32.916666666666664,0.10860813413369123,3.575017748567336
active,32.958333333333336,0.10854004125962619,3.577298859848513
active,33.0,0.10847203371497732,3.5795771125942517
active,33.041666666666664,0.10840461790782072,3.5818692500375757
active,33.083333333333336,0.10833728584700839,3.5841585401051943
active,33.125,0.10827003737658815,3.5864449880994824
active,33.166666666666664,0.10820287234099475,3.588728599309659
active,33.208333333333336,0.10813579058504866,3.5910093790118243
active,33.25,0.10806879195395509,3.5932873324690067
active,33.291666666666664,0.1080018762933025,3.5955624649311955
active,33.333333333333336,0.10793504344906157,3.597834781635386
active,33.375,0.10786829326758411,3.6001042878056198
active,33.416666666666664,0.10780162559560169,3.602370988653023
active,33.458333333333336,0.10773504028022451,3.6046348893758453
active,33.5,0.10766853716894044,3.6068959951595048
active,33.541666666666664,0.10760260420068024,3.609170682564483
active,33.583333333333336,0.10753675193372753,3.6114425857743497
active,33.625,0.1074709802200066,3.613711709897722
active,33.666666666666664,0.10740528891180369,3.615978060030724
active,33.708333333333336,0.1073396778617659,3.618241641257026
active,33.75,0.10727414692290037,3.6205024586478873
active,33.791666666666664,0.10720869594857281,3.6227605172621895
active,33.833333333333336,0.10714332479250657,3.6250158221464726
active,33.875,0.10707803330878173,3.627268378334981
active,33.916666666666664,0.10701282135183364,3.6295181908496907
active,33.958333333333336,0.1069476887764521,3.631765264700353
active,34.0,0.1068826354377803,3.6340096048845303
active,34.041666666666664,0.10681813173504175,3.6362672344803793
active,34.083333333333336,0.10675370584135352,3.638522140759466
active,34.125,0.10668935761601216,3.640774328646415
active,34.166666666666664,0.10662508691865312,3.6430238030539814
active,34.208333333333336,0.10656089360924993,3.6452705688830918
active,34.25,0.10649677754811321,3.647514631022877
active,34.291666666666664,0.10643273859588946,3.649755994350709
active,34.333333333333336,0.10636877661356017,3.651994663732233
active,34.375,0.10630489146244093,3.654230644021407
active,34.416666666666664,0.10624108300418018,3.6564639400605343
active,34.458333333333336,0.10617735110075834,3.658694556680298
active,34.5,0.1061136956144869,3.660922498699798
active,34.541666666666664,0.1060505702750375,3.6631634482502533
active,34.583333333333336,0.1059875199954447,3.665401733175796
active,34.625,0.10592454464191206,3.667637358226205
active,34.666666666666664,0.10586164408096083,3.669870328139975
active,34.708333333333336,0.10579881817942907,3.672100647644351
active,34.75,0.10573606680447094,3.674328321455365
active,34.791666666666664,0.10567338982355544,3.676553354277866
active,34.833333333333336,0.10561078710446563,3.6787757508055527
active,34.875,0.10554825851529781,3.680995515721011
active,34.916666666666664,0.10548580392446037,3.6832126536957412
active,34.958333333333336,0.10542342320067297,3.6854271693901928
active,35.0,0.10536111621296573,3.6876390674538007
active,35.041666666666664,0.10529932083688776,3.6898637009926083
active,35.083333333333336,0.10523759790556482,3.6920857265202325
active,35.125,0.10517594729167756,3.6943051486201743
active,35.166666666666664,0.1051143688682047,3.6965219718651983
active,35.208333333333336,0.10505286250842223,3.6987362008173665
active,35.25,0.1049914280859027,3.70094784002807
active,35.291666666666664,0.10493006547451411,3.7031568940380604
active,35.333333333333336,0.10486877454841916,3.705363367377477
active,35.375,0.10480755518207449,3.7075672645658853
active,35.416666666666664,0.10474640725022966,3.7097685901123
active,35.458333333333336,0.10468533062792629,3.71196734851522
active,35.5,0.10462432519049744,3.714163544262659
active,35.541666666666664,0.10456381372422187,3.7163722127817187
active,35.583333333333336,0.10450337221339859,3.7185783279267666
active,35.625,0.10444300053678775,3.7207818941230637
active,35.666666666666664,0.10438269857342934,3.7229829157856464
active,35.708333333333336,0.10432246620264256,3.7251813973193615
active,35.75,0.10426230330402514,3.727377343118899
active,35.791666666666664,0.10420220975745223,3.7295707575688106
active,35.833333333333336,0.10414218544307578,3.731761645043549
active,35.875,0.10408223024132389,3.7339500099074945
active,35.916666666666664,0.10402234403289966,3.736135856514979
active,35.958333333333336,0.10396252669878066,3.7383191892103214
active,36.0,0.10390277812021816,3.740500012327854
active,36.041666666666664,0.10384350671227736,3.7426930544216632
active,36.083333333333336,0.10378430288861012,3.744883595897349
active,36.125,0.10372516653368785,3.7470716410294735
active,36.166666666666664,0.103666097532245,3.7492571940828605
active,36.208333333333336,0.1036070957692784,3.751440259312622
active,36.25,0.10354816113004675,3.753620840964195
active,36.291666666666664,0.10348929350006948,3.7557989432733545
active,36.333333333333336,0.10343049276512623,3.7579745704662533
active,36.375,0.10337175881125621,3.7601477267594445
active,36.416666666666664,0.10331309152475722,3.7623184163599084
active,36.458333333333336,0.103254490792185,3.7644866434650783
active,36.5,0.10319595650035271,3.7666524122628737
active,36.541666666666664,0.1031378833678258,3.768830154732634
active,36.583333333333336,0.10307987555940742,3.7710054475483217
active,36.625,0.10302193296493896,3.773178294840889
active,36.666666666666664,0.10296405547450924,3.775348700732005
active,36.708333333333336,0.1029062429784539,3.7775166693340787
active,36.75,0.1028484953673549,3.7796822047502925
active,36.791666666666664,0.1027908125320395,3.78184531107462
active,36.833333333333336,0.10273319436357982,3.7840059923918568
active,36.875,0.10267564075329211,3.7861642527776467
active,36.916666666666664,0.10261815159273596,3.788320096298502
active,36.958333333333336,0.10256072677371371,3.790473527011836
active,37.0,0.1025033661882698,3.7926245489659824
active,37.041666666666664,0.10244645149299593,3.7947873073863905
active,37.083333333333336,0.10238959996608525,3.796947665408995
active,37.125,0.10233281150243241,3.7991056270278034
active,37.166666666666664,0.102276085997165,3.8012611962279657
active,37.208333333333336,0.102219423345643,3.8034143769858004
active,37.25,0.10216282344345827,3.8055651732688207
active,37.291666666666664,0.10210628618643369,3.8077135890357563
active,37.333333333333336,0.10204981147062257,3.8098596282365764
active,37.375,0.10199339919230827,3.8120032948125213
active,37.416666666666664,0.10193704924800313,3.814144592696117
active,37.458333333333336,0.10188076153444817,3.8162835258112047
active,37.5,0.10182453594861239,3.8184200980729646
active,37.541666666666664,0.10176874168233918,3.8205681773244833
active,37.583333333333336,0.1017130085269819,3.8227139038057367
active,37.625,0.10165733638219429,3.8248572813800603
active,37.666666666666664,0.10160172514784956,3.826998313902333
active,37.708333333333336,0.10154617472403989,3.829137005219004
active,37.75,0.10149068501107594,3.831273359168117
active,37.791666666666664,0.10143525590948607,3.8334073795793278
active,37.833333333333336,0.10137988732001581,3.835539070273932
active,37.875,0.10132457914362737,3.8376684350648866
active,37.916666666666664,0.10126933128149891,3.8397954777568333
active,37.958333333333336,0.10121414363502396,3.841920202146118
active,38.0,0.10115901610581099,3.8440426120208175
active,38.041666666666664,0.10110430598352554,3.8461763067899506
active,38.083333333333336,0.1010496550073182,3.848307694862035
active,38.125,0.10099506308132832,3.850436779975642
active,38.166666666666664,0.10094053010990212,3.852563565861264
active,38.208333333333336,0.10088605599759239,3.8546880562413426
active,38.25,0.10083164064915788,3.8568102548302887
active,38.291666666666664,0.10077728396956266,3.8589301653345034
active,38.333333333333336,0.10072298586397559,3.8610477914523975
active,38.375,0.1006687462377699,3.86316313687442
active,38.416666666666664,0.10061456499652245,3.8652762052830707
active,38.458333333333336,0.10056044204601328,3.8673870003529274
active,38.5,0.10050637729222511,3.8694955257506667
active,38.541666666666664,0.10045271665298741,3.871615121000556
active,38.583333333333336,0.1003991132823081,3.873732454142388
active,38.625,0.10034556708855755,3.875847528795535
active,38.666666666666664,0.1002920779803014,3.877960348571654
active,38.708333333333336,0.10023864586630016,3.8800709170747023
active,38.75,0.10018527065550874,3.8821792379009636
active,38.791666666666664,0.1001319522570758,3.8842853146390652
active,38.833333333333336,0.10007869058034329,3.8863891508699977
active,38.875,0.10002548553484604,3.88849075016714
active,38.916666666666664,0.09997233703031107,3.890590116096272
active,38.958333333333336,0.09991924497665713,3.8926872522156013
active,39.0,0.09986620928399438,3.894782162075781
active,39.041666666666664,0.09981356499865755,3.896887933489255
active,39.083333333333336,0.09976097618675096,3.8989914859655173
active,39.125,0.09970844276063894,3.901092823009998
active,39.166666666666664,0.0996559646328702,3.903191948120749
active,39.208333333333336,0.09960354171617744,3.9052888647884574
active,39.25,0.09955117392347705,3.9073835764964744
active,39.291666666666664,0.0994988611678683,3.909476086720825
active,39.333333333333336,0.09944660336263304,3.9115663989302334
active,39.375,0.09939440042123535,3.9136545165861416
active,39.416666666666664,0.09934225225732075,3.915740443142726
active,39.458333333333336,0.09929015878471595,3.917824182046917
active,39.5,0.09923811991742838,3.919905736738421
active,39.541666666666664,0.09918646030268741,3.921997951135431
active,39.583333333333336,0.09913485444404915,3.924087988410279
active,39.625,0.0990833022576508,3.926175851959413
active,39.666666666666664,0.0990318036598038,3.928261545172217
active,39.708333333333336,0.09898035856699348,3.930345071431033
active,39.75,0.09892896689587875,3.9324264341111803
active,39.791666666666664,0.0988776285632914,3.93450563658097
active,39.833333333333336,0.09882634348623572,3.9365826822017227
active,39.875,0.09877511158188827,3.9386575743277947
active,39.916666666666664,0.09872393276759715,3.940730316306586
active,39.958333333333336,0.09867280696088165,3.942800911478563
active,40.0,0.09862173407943194,3.9448693631772773
active,40.041666666666664,0.09857102881769446,3.9469482789085153
active,40.083333333333336,0.0985203756682506,3.949025058035712
active,40.125,0.09846977455080415,3.9510997038510163
active,40.166666666666664,0.09841922538522367,3.9531722196398174
active,40.208333333333336,0.09836872809154217,3.955242608680758
active,40.25,0.09831828258995676,3.9573108742457594
active,40.291666666666664,0.09826788880082815,3.959377019600034
active,40.333333333333336,0.09821754664468016,3.9614410480021
active,40.375,0.09816725604219953,3.963502962703806
active,40.416666666666664,0.09811701691423527,3.965562766950342
active,40.458333333333336,0.09806682918179829,3.967620463980256
active,40.5,0.09801669276606119,3.9696760570254783
active,40.541666666666664,0.09796691283067975,3.971741924343808
active,40.583333333333336,0.09791718343330376,3.973805694334911
active,40.625,0.09786750449701087,3.9758673701910667
active,40.666666666666664,0.0978178759450347,3.9779269550980776
active,40.708333333333336,0.09776829770076452,3.979984452235289
active,40.75,0.0977187696877449,3.982039864775605
active,40.791666666666664,0.09766929182967517,3.9840931958854995
active,40.833333333333336,0.09761986405040911,3.986144448725039
active,40.875,0.09757048627395469,3.988193626447898
active,40.916666666666664,0.09752115842447343,3.9902407322013707
active,40.958333333333336,0.09747188042628015,3.9922857691263913
active,41.0,0.09742265220384264,3.994328740357548
active,41.041666666666664,0.09737376978928979,3.9963818017687682
active,41.083333333333336,0.09732493640423998,3.9984328039408594
active,41.125,0.09727615197496468,4.000481749970422
active,41.166666666666664,0.09722741642788305,4.002528642947852
active,41.208333333333336,0.0971787296895616,4.0045734859573505
active,41.25,0.09713009168671398,4.006616282076951
active,41.291666666666664,0.09708150234620037,4.0086570343785235
active,41.333333333333336,0.09703296159502725,4.010695745927793
active,41.375,0.09698446936034709,4.012732419784361
active,41.416666666666664,0.09693602556945782,4.014767059001711
active,41.458333333333336,0.09688763014980255,4.0167996666272305
active,41.5,0.09683928302896933,4.018830245702227
active,41.541666666666664,0.09679127148557372,4.0208707362965415
active,41.583333333333336,0.09674330752547183,4.022909204600871
active,41.625,0.09669539107796046,4.0249456536201045
active,41.666666666666664,0.09664752207247633,4.026980086353181
active,41.708333333333336,0.09659970043859582,4.029012505793101
active,41.75,0.0965519261060347,4.031042914926949
active,41.791666666666664,0.09650419900464766,4.033071316735899
active,41.833333333333336,0.09645651906442794,4.035097714195236
active,41.875,0.09640888621550725,4.037122110274366
active,41.916666666666664,0.09636130038815509,4.039144507936834
active,41.958333333333336,0.09631376151277857,4.041164910140334
active,42.0,0.09626626951992218,4.043183319836731
active,42.041666666666664,0.09621910329281785,4.045211467602217
active,42.083333333333336,0.09617198326182233,4.047237628935023
active,42.125,0.09612490935909995,4.049261806752085
active,42.166666666666664,0.09607788151694777,4.05128400396463
active,42.208333333333336,0.0960308996677952,4.0533042234781895
active,42.25,0.09598396374420391,4.055322468192616
active,42.291666666666664,0.09593707367886724,4.057338741002093
active,42.333333333333336,0.09589022940460995,4.059353044795155
active,42.375,0.0958434308543881,4.061365382454696
active,42.416666666666664,0.0957966779612884,4.063375756857983
active,42.458333333333336,0.09574997065852812,4.065384170876674
active,42.5,0.09570330887945477,4.067390627376827
active,42.541666666666664,0.09565696345142599,4.06940665349608
active,42.583333333333336,0.09561066288828395,4.071420727992758
active,42.625,0.09556440712491275,4.073432853699406
active,42.666666666666664,0.09551819609632238,4.075443033443088
active,42.708333333333336,0.09547202973764844,4.077451270045403
active,42.75,0.095425907984152,4.079457566322498
active,42.791666666666664,0.09537983077121906,4.081461925085082
active,42.833333333333336,0.09533379803436035,4.083464349138435
active,42.875,0.09528780970921112,4.085464841282427
active,42.916666666666664,0.0952418657315307,4.087463404311526
active,42.958333333333336,0.09519596603720223,4.089460041014813
active,43.0,0.09515011056223249,4.091454754175997
active,43.041666666666664,0.09510456240016346,4.093458873307036
active,43.083333333333336,0.09505905782485236,4.095461074620722
active,43.125,0.09501359677376445,4.097461360868592
active,43.166666666666664,0.09496817918448446,4.099459734796912
active,43.208333333333336,0.0949228049947164,4.101456199146705
active,43.25,0.09487747414228341,4.103450756653758
active,43.291666666666664,0.0948321865651272,4.105443410048631
active,43.333333333333336,0.09478694220130794,4.107434162056678
active,43.375,0.09474174098900404,4.10942301539805
active,43.416666666666664,0.09469658286651167,4.1114099727877145
active,43.458333333333336,0.0946514677722446,4.113395036935463
active,43.5,0.09460639564473403,4.11537821054593
active,43.541666666666664,0.09456162214939816,4.117370631088378
active,43.583333333333336,0.09451689101309284,4.119361166653963
active,43.625,0.0944722021757344,4.121349819916413
active,43.666666666666664,0.09442755557735269,4.1233365935444
active,43.708333333333336,0.09438295115809081,4.125321490201553
active,43.75,0.09433838885820504,4.127304512546471
active,43.791666666666664,0.09429386861806432,4.129285663232733
active,43.833333333333336,0.09424939037815012,4.131264944908914
active,43.875,0.09420495407905624,4.133242360218593
active,43.916666666666664,0.09416055966148835,4.135217911800363
active,43.958333333333336,0.0941162070662639,4.137191602287851
active,44.0,0.09407189623431181,4.13916343430972
active,44.041666666666664,0.09402787569325692,4.14114435865719
active,44.083333333333336,0.0939838963313798,4.143123429941659
active,44.125,0.09393995809092567,4.145100650762095
active,44.166666666666664,0.09389606091424768,4.147076023712605
active,44.208333333333336,0.09385220474380662,4.1490495513824515
active,44.25,0.09380838952217087,4.151021236356061
active,44.291666666666664,0.09376461519201588,4.152991081213036
active,44.333333333333336,0.09372088169612407,4.154959088528167
active,44.375,0.09367718897738463,4.156925260871443
active,44.416666666666664,0.09363353697879312,4.1588896008080605
active,44.458333333333336,0.09358992564345132,4.16085211089844
active,44.5,0.09354635491456705,4.162812793698233
active,44.541666666666664,0.09350306645787361,4.164782418477786
active,44.583333333333336,0.09345981804600594,4.1667502212177645
active,44.625,0.09341660962342341,4.1687162044452695
active,44.666666666666664,0.09337344113468801,4.170680370682731
active,44.708333333333336,0.09333031252446412,4.172642722447917
active,44.75,0.0932872237375184,4.174603262253949
active,44.791666666666664,0.09324417471871936,4.1765619926093045
active,44.833333333333336,0.09320116541303727,4.178518916017838
active,44.875,0.09315819576554396,4.1804740349787854
active,44.916666666666664,0.09311526572141238,4.182427351986773
active,44.958333333333336,0.09307237522591655,4.184378869531832
active,45.0,0.09302952422443132,4.18632859009941
active,45.041666666666664,0.09298694778313868,4.188287106398871
active,45.083333333333336,0.0929444102955892,4.190243830826146
active,45.125,0.09290191170834843,4.192198765839223
active,45.166666666666664,0.09285945196807954,4.194151913891592
active,45.208333333333336,0.09281703102154316,4.196103277432264
active,45.25,0.09277464881559726,4.1980528589057755
active,45.291666666666664,0.09273230529719673,4.200000660752202
active,45.333333333333336,0.09269000041339324,4.201946685407161
active,45.375,0.09264773411133516,4.203890935301833
active,45.416666666666664,0.0926055063382671,4.2058334128629635
active,45.458333333333336,0.09256331704152983,4.207774120512877
active,45.5,0.09252116616856011,4.209713060669485
active,45.541666666666664,0.09247928243557299,4.211660654253387
active,45.583333333333336,0.09243743660641661,4.213606485309158
active,45.625,0.09239562862966111,4.215550556228288
active,45.666666666666664,0.0923538584539696,4.217492869397945
active,45.708333333333336,0.09231212602809792,4.219433427200976
active,45.75,0.09227043130089463,4.221372232015929
active,45.791666666666664,0.09222877422130056,4.223309286217055
active,45.833333333333336,0.0921871547383487,4.225244592174316
active,45.875,0.09214557280116406,4.227178152253401
active,45.916666666666664,0.09210402835896336,4.2291099688157345
active,45.958333333333336,0.09206252136105485,4.231040044218479
active,46.0,0.09202105175683817,4.2329683808145555
active,46.041666666666664,0.09197984215014007,4.234905232329366
active,46.083333333333336,0.0919386694365545,4.236840349867887
active,46.125,0.09189753356656052,4.238773735757604
active,46.166666666666664,0.09185643449072575,4.240705392321838
active,46.208333333333336,0.0918153721597062,4.2426353218797574
active,46.25,0.0917743465242461,4.244563526746382
active,46.291666666666664,0.09173335753517767,4.246490009232599
active,46.333333333333336,0.09169240514342088,4.248414771645168
active,46.375,0.09165148929998339,4.25033781628673
active,46.416666666666664,0.09161060995596021,4.252259145455819
active,46.458333333333336,0.09156976706253354,4.254178761446871
active,46.5,0.09152896057097272,4.256096666550231
active,46.541666666666664,0.09148840719898736,4.2580229517195365
active,46.583333333333336,0.09144788974672916,4.2599475307018
active,46.625,0.091407408166496,4.261870405762876
active,46.666666666666664,0.09136696241067012,4.2637915791646055
active,46.708333333333336,0.09132655243171801,4.2657110531648295
active,46.75,0.09128617818219029,4.2676288300173955
active,46.791666666666664,0.09124583961472137,4.2695449119721705
active,46.833333333333336,0.09120553668202934,4.271459301275041
active,46.875,0.09116526933691586,4.273372000167931
active,46.916666666666664,0.09112503753226588,4.275283010888807
active,46.958333333333336,0.09108484122104739,4.277192335671684
active,47.0,0.09104468035631148,4.2790999767466396
active,47.041666666666664,0.09100476598526533,4.2810158665568565
active,47.083333333333336,0.09096488659613942,4.282930077234898
active,47.125,0.09092504214296547,4.284842610987248
active,47.166666666666664,0.0908852325798556,4.286753470016523
active,47.208333333333336,0.09084545786100226,4.288662656521482
active,47.25,0.09080571794067813,4.290570172697041
active,47.291666666666664,0.09076601277323577,4.292476020734275
active,47.333333333333336,0.09072634231310758,4.294380202820426
active,47.375,0.09068670651480568,4.296282721138919
active,47.416666666666664,0.09064710533292149,4.29818357786936
active,47.458333333333336,0.09060753872212578,4.300082775187553
active,47.5,0.09056800663716849,4.301980315265503
active,47.541666666666664,0.0905287146603194,4.303885976142685
active,47.583333333333336,0.09048945676150746,4.305789984235064
active,47.625,0.09045023289641796,4.307692341691905
active,47.666666666666664,0.09041104302081293,4.30959305065875
active,47.708333333333336,0.09037188709053105,4.311492113277419
active,47.75,0.09033276506148755,4.31338953168603
active,47.791666666666664,0.09029367688967384,4.3152853080189955
active,47.833333333333336,0.09025462253115753,4.317179444407035
active,47.875,0.09021560194208224,4.319071942977187
active,47.916666666666664,0.09017661507866735,4.32096280585281
active,47.958333333333336,0.09013766189720786,4.322852035153594
active,48.0,0.09009874235407436,4.32473963299557
active,48.041666666666664,0.09006005676268146,4.3266352269738215
active,48.083333333333336,0.09002140437780476,4.328529193832779
active,48.125,0.08998278515670746,4.330421535666547
active,48.166666666666664,0.08994419905672604,4.332312254565638
active,48.208333333333336,0.08990564603527007,4.3342013526169785
active,48.25,0.08986712604982224,4.336088831903923
active,48.291666666666664,0.08982863905793795,4.337974694506253
active,48.333333333333336,0.08979018501724532,4.339858942500191
active,48.375,0.08975176388544506,4.3417415779584045
active,48.416666666666664,0.08971337562031015,4.343622602950016
active,48.458333333333336,0.0896750201796858,4.345502019540608
active,48.5,0.08963669752148935,4.347379829792233
active,48.541666666666664,0.08959860287740883,4.34926551467422
active,48.583333333333336,0.0895605405992111,4.351149597445007
active,48.625,0.0895225106456658,4.3530320801455
active,48.666666666666664,0.08948451297561247,4.35491296481314
active,48.708333333333336,0.08944654754796051,4.356792253481911
active,48.75,0.08940861432168913,4.358669948182345
active,48.791666666666664,0.08937071325584696,4.360546050941533
active,48.833333333333336,0.08933284430955209,4.362420563783127
active,48.875,0.08929500744199194,4.364293488727356
active,48.916666666666664,0.08925720261242294,4.366164827791022
active,48.958333333333336,0.08921942978017051,4.368034582987515
active,49.0,0.089181688904629,4.369902756326821
active,49.041666666666664,0.08914417031442934,4.371778685836805
active,49.083333333333336,0.0891066832789733,4.373653037609606
active,49.125,0.08906922775846933,4.375525813634805
active,49.166666666666664,0.08903180371319266,4.377397015898639
active,49.208333333333336,0.0889944111034853,4.379266646384006
active,49.25,0.08895704988975589,4.381134707070478
active,49.291666666666664,0.08891972003247946,4.3830011999342995
active,49.333333333333336,0.08888242149219736,4.3848661269484035
active,49.375,0.0888451542295172,4.386729490082412
active,49.416666666666664,0.08880791820511255,4.388591291302645
active,49.458333333333336,0.08877071337972288,4.390451532572127
active,49.5,0.08873353971415349,4.392310215850598
active,49.541666666666664,0.08869658280465155,4.394176539780445
active,49.583333333333336,0.08865965666693103,4.39604130973533
active,49.625,0.08862276126257526,4.397904527655298
active,49.666666666666664,0.08858589655323143,4.399766195477161
active,49.708333333333336,0.08854906250061054,4.401626315134516
active,49.75,0.08851225906648726,4.403484888557741
active,49.791666666666664,0.08847548621269978,4.40534191767401
active,49.833333333333336,0.08843874390114964,4.407197404407291
active,49.875,0.08840203209380172,4.409051350678361
active,49.916666666666664,0.08836535075268397,4.410903758404808
active,49.958333333333336,0.08832869983988732,4.412754629501038
active,50.0,0.08829207931756565,4.414603965878283
active,50.041666666666664,0.08825567021269246,4.416460830226818
active,50.083333333333336,0.08821929112356931,4.418316163772096
active,50.125,0.08818294201309401,4.420169968406338
active,50.166666666666664,0.08814662284422536,4.4220222460186385
active,50.208333333333336,0.08811033357998319,4.423872998494989
active,50.25,0.08807407418344822,4.425722227718273
active,50.291666666666664,0.0880378446177619,4.427569935568275
active,50.333333333333336,0.0880016448461263,4.4294161239216905
active,50.375,0.08796547483180402,4.431260794652127
active,50.416666666666664,0.08792933453811799,4.433103949630115
active,50.458333333333336,0.08789322392845139,4.43494559072311
active,50.5,0.08785714296624761,4.4367857197955045
active,50.541666666666664,0.0878212682651589,4.438633266901572
active,50.583333333333336,0.08778542284954045,4.440479305805922
active,50.625,0.08774960668354717,4.442323838354575
active,50.666666666666664,0.08771381973139239,4.444166866390548
active,50.708333333333336,0.08767806195734779,4.446008391753844
active,50.75,0.08764233332574332,4.447848416281474
active,50.791666666666664,0.08760663380096707,4.449686941807452
active,50.833333333333336,0.08757096334746503,4.451523970162806
active,50.875,0.0875353219297412,4.453359503175584
active,50.916666666666664,0.08749970951235726,4.455193542670857
active,50.958333333333336,0.08746412605993253,4.457026090470729
active,51.0,0.08742857153714395,4.458857148394341
active,51.041666666666664,0.08739321829349773,4.460695517063947
active,51.083333333333336,0.08735789362967658,4.462532399582646
active,51.125,0.08732259751103834,4.4643677977518355
active,51.166666666666664,0.08728732990299673,4.466201713369999
active,51.208333333333336,0.08725209077102133,4.468034148232718
active,51.25,0.08721688008063756,4.469865104132675
active,51.291666666666664,0.08718169779742634,4.471694582859659
active,51.333333333333336,0.08714654388702414,4.4735225862005725
active,51.375,0.08711141831512288,4.475349115939438
active,51.416666666666664,0.08707632104746975,4.477174173857403
active,51.458333333333336,0.08704125204986704,4.4789977617327414
active,51.5,0.08700621128817225,4.480819881340871
active,51.541666666666664,0.08697136699049977,4.482649206968675
active,51.583333333333336,0.08693655059058362,4.4844770679642725
active,51.625,0.08690176205493313,4.486303466085923
active,51.666666666666664,0.08686700135011118,4.488128403089077
active,51.708333333333336,0.08683226844273406,4.489951880726374
active,51.75,0.0867975632994716,4.491773900747655
active,51.791666666666664,0.08676288588704671,4.493594464899961
active,51.833333333333336,0.08672823617223559,4.495413574927545
active,51.875,0.08669361412186743,4.497231232571873
active,51.916666666666664,0.0866590197028244,4.499047439571633
active,51.958333333333336,0.08662445288204144,4.5008621976627365
active,52.0,0.08658991362650635,4.5026755085783305
active,52.041666666666664,0.08655556617960969,4.504495923263854
active,52.083333333333336,0.08652124597097383,4.506314894321553
active,52.125,0.08648695296821086,4.508132423467991
active,52.166666666666664,0.08645268713898416,4.509948512417007
active,52.208333333333336,0.08641844845100831,4.511763162879726
active,52.25,0.08638423687204909,4.513576376564565
active,52.291666666666664,0.08635005236992324,4.515388155177236
active,52.333333333333336,0.08631589491249841,4.517198500420751
active,52.375,0.08628176446769316,4.519007413995429
active,52.416666666666664,0.0862476610034767,4.520814897598903
active,52.458333333333336,0.08621358448786882,4.522620952926119
active,52.5,0.08617953488893998,4.524425581669349
active,52.541666666666664,0.08614567259625276,4.5262372143281135
active,52.583333333333336,0.08611183690395258,4.528047423866173
active,52.625,0.086078027780708,4.529856211959759
active,52.666666666666664,0.08604424519523676,4.531663580282469
active,52.708333333333336,0.08601048911630571,4.533469530505281
active,52.75,0.08597675951273069,4.535274064296544
active,52.791666666666664,0.08594305635337643,4.537077183321997
active,52.833333333333336,0.08590937960715644,4.538878889244765
active,52.875,0.08587572924303301,4.54067918372537
active,52.916666666666664,0.08584210523001695,4.5424780684217305
active,52.958333333333336,0.08580850753716761,4.544275544989168
active,53.0,0.08577493613359283,4.54607161508042
active,53.041666666666664,0.08574154768044624,4.547874591550336
active,53.083333333333336,0.08570818521053165,4.549676164925722
active,53.125,0.08567484869353029,4.5514763368437965
active,53.166666666666664,0.08564153809917045,4.5532751089392285
active,53.208333333333336,0.0856082533972275,4.555072482844147
active,53.25,0.08557499455752385,4.556868460188145
active,53.291666666666664,0.0855417615499287,4.558663042598283
active,53.333333333333336,0.08550855434435806,4.560456231699097
active,53.375,0.08547537291077469,4.562248029112599
active,53.416666666666664,0.08544221721918789,4.564038436458286
active,53.458333333333336,0.0854090872396535,4.565827455353143
active,53.5,0.08537598294227379,4.567615087411648
active,53.541666666666664,0.085343057380013,4.5694095305548625
active,53.583333333333336,0.08531015720369069,4.571202590164426
active,53.625,0.08527728238395903,4.572994267839803
active,53.666666666666664,0.08524443289151529,4.574784565177987
active,53.708333333333336,0.08521160869710191,4.576573483773515
active,53.75,0.08517880977150642,4.57836102521847
active,53.791666666666664,0.08514603608556125,4.580147191102482
active,53.833333333333336,0.08511328761014371,4.581931983012737
active,53.875,0.08508056431617596,4.58371540253398
active,53.916666666666664,0.08504786617462479,4.58549745124852
active,53.958333333333336,0.08501519315650159,4.587278130736232
active,54.0,0.08498254523286239,4.589057442574569
active,54.041666666666664,0.0849500719637631,4.59084347237503
active,54.083333333333336,0.08491762350235599,4.59262813775242
active,54.125,0.08488519982022452,4.594411440269652
active,54.166666666666664,0.08485280088899542,4.596193381487252
active,54.208333333333336,0.0848204266803388,4.5979739629633665
active,54.25,0.08478807716596796,4.599753186253762
active,54.291666666666664,0.08475575231763935,4.601531052911836
active,54.333333333333336,0.08472345210715243,4.603307564488616
active,54.375,0.08469117650634972,4.605082722532766
active,54.416666666666664,0.08465892548711654,4.606856528590591
active,54.458333333333336,0.08462669902138104,4.608628984206042
active,54.5,0.08459449708111416,4.610400090920722
active,54.541666666666664,0.08456246584405203,4.612177824577671
active,54.583333333333336,0.08453045885470907,4.613954212486203
active,54.625,0.08449847608556238,4.615729256173845
active,54.666666666666664,0.08446651750913063,4.617502957165808
active,54.708333333333336,0.08443458309797404,4.6192753169849965
active,54.75,0.0844026728246944,4.621046337152018
active,54.791666666666664,0.08437078666193479,4.622816019185176
active,54.833333333333336,0.08433892458237967,4.624584364600485
active,54.875,0.08430708655875477,4.626351374911668
active,54.916666666666664,0.08427527256382694,4.628117051630163
active,54.958333333333336,0.08424348257040414,4.6298813962651275
active,55.0,0.08421171655133536,4.631644410323445
active,55.041666666666664,0.08418011740816414,4.633413962341034
active,55.083333333333336,0.08414854197027659,4.635182186862735
active,55.125,0.08411699021100766,4.636949085381797
active,55.166666666666664,0.08408546210373218,4.638714659389225
active,55.208333333333336,0.08405395762186489,4.640478910373791
active,55.25,0.08402247673886046,4.642241839822041
active,55.291666666666664,0.08399101942821319,4.644003449218287
active,55.333333333333336,0.08395958566345711,4.645763740044627
active,55.375,0.08392817541816588,4.647522713780936
active,55.416666666666664,0.08389678866595267,4.649280371904877
active,55.458333333333336,0.08386542538047005,4.651036715891902
active,55.5,0.0838340855354101,4.65279174721526
active,55.541666666666664,0.08380290885800756,4.654553229488503
active,55.583333333333336,0.08377175536029081,4.656313402109498
active,55.625,0.08374062501641855,4.658072266538282
active,55.666666666666664,0.08370951780058779,4.65982982423272
active,55.708333333333336,0.0836784336870339,4.661586076648514
active,55.75,0.08364737265003055,4.663341025239204
active,55.791666666666664,0.08361633466388954,4.6650946714561705
active,55.833333333333336,0.08358531970296079,4.666847016748644
active,55.875,0.0835543277416323,4.668598062563705
active,55.916666666666664,0.08352335875433,4.670347810346286
active,55.958333333333336,0.0834924127155177,4.672096261539179
active,56.0,0.08346148959969715,4.673843417583041
active,56.041666666666664,0.0834307260576405,4.675596939480269
active,56.083333333333336,0.08339998518584327,4.67734916917271
active,56.125,0.08336926695925549,4.679100108088215
active,56.166666666666664,0.08333857135286402,4.6808497576525285
active,56.208333333333336,0.08330789834169254,4.682598119289302
active,56.25,0.08327724790080157,4.6843451944200885
active,56.291666666666664,0.08324662000528822,4.686090984464349
active,56.333333333333336,0.08321601463028626,4.6878354908394595
active,56.375,0.08318543175096606,4.689578714960711
active,56.416666666666664,0.08315487134253441,4.691320658241316
active,56.458333333333336,0.08312433338023453,4.693061322092408
active,56.5,0.08309381783934605,4.694800707923052
active,56.541666666666664,0.08306345838818079,4.696546376365055
active,56.583333333333336,0.08303312111338597,4.698290769665756
active,56.625,0.08300280599067207,4.700033889221806
active,56.666666666666664,0.08297251299578497,4.701775736427814
active,56.708333333333336,0.08294224210450593,4.703516312676357
active,56.75,0.08291199329265164,4.705255619357981
active,56.791666666666664,0.08288176653607393,4.706993657861198
active,56.833333333333336,0.0828515618106599,4.708730429572505
active,56.875,0.0828213790923318,4.710465935876371
active,56.916666666666664,0.0827912183570469,4.7122001781552525
active,56.958333333333336,0.08276107958079751,4.713933157789592
active,57.0,0.08273096273961092,4.715664876157822
active,57.041666666666664,0.08270099860967989,4.717402795693824
active,57.083333333333336,0.0826710561771637,4.719139456779761
active,57.125,0.08264113541850386,4.7208748607820334
active,57.166666666666664,0.08261123631017589,4.722609009065055
active,57.208333333333336,0.08258135882868937,4.724341902991272
active,57.25,0.08255150295058791,4.726073543921158
active,57.291666666666664,0.08252166865244892,4.727803933213219
active,57.333333333333336,0.08249185591088372,4.729533072224
active,57.375,0.08246206470253743,4.7312609623080855
active,57.416666666666664,0.08243229500408887,4.732987604818103
active,57.458333333333336,0.0824025467922505,4.734713001104726
active,57.5,0.08237282004376846,4.736437152516687
active,57.541666666666664,0.08234324272956961,4.738167425397318
active,57.583333333333336,0.08231368664818785,4.73989645615815
active,57.625,0.08228415177676762,4.741624246136234
active,57.666666666666664,0.08225463809248615,4.743350796666701
active,57.708333333333336,0.08222514557255337,4.745076109082767
active,57.75,0.08219567419421195,4.74680018471574
active,57.791666666666664,0.08216622393473715,4.748523024895017
active,57.833333333333336,0.08213679477143672,4.750244630948091
active,57.875,0.08210738668165103,4.751965004200554
active,57.916666666666664,0.08207799964275281,4.7536841459761
active,57.958333333333336,0.08204863363214716,4.7554020575965295
active,58.0,0.08201928862727158,4.757118740381752
active,58.041666666666664,0.08199008987731528,4.758841466629174
active,58.083333333333336,0.0819609119093874,4.760562966736918
active,58.125,0.08193175470130865,4.762283242013565
active,58.166666666666664,0.08190261823093123,4.764002293765833
active,58.208333333333336,0.08187350247613885,4.765720123298583
active,58.25,0.08184440741484669,4.767436731914819
active,58.291666666666664,0.08181533302500128,4.7691521209157
active,58.333333333333336,0.08178627928458046,4.770866291600527
active,58.375,0.0817572461715934,4.772579245266765
active,58.416666666666664,0.08172823366408043,4.774290983210031
active,58.458333333333336,0.08169924174011302,4.776001506724107
active,58.5,0.08167027037779383,4.777710817100939
active,58.541666666666664,0.08164144218493194,4.779426094576224
active,58.583333333333336,0.08161263433659567,4.78114016155223
active,58.625,0.0815838468112565,4.782853019309912
active,58.666666666666664,0.08155507958741615,4.784564669128414
active,58.708333333333336,0.08152633264360667,4.786275112285075
active,58.75,0.08149760595839046,4.7879843500554395
active,58.791666666666664,0.08146889951036004,4.789692383713251
active,58.833333333333336,0.08144021327813808,4.791399214530458
active,58.875,0.08141154724037739,4.793104843777218
active,58.916666666666664,0.08138290137576079,4.794809272721906
active,58.958333333333336,0.0813542756630011,4.796512502631106
active,59.0,0.08132567008084113,4.798214534769627
active,59.041666666666664,0.08129720467304245,4.799922459237548
active,59.083333333333336,0.08126875918505327,4.801629188516898
active,59.125,0.08124033359597142,4.80333472386181
active,59.166666666666664,0.08121192788492389,4.805039066524663
active,59.208333333333336,0.08118354203106685,4.806742217756083
active,59.25,0.0811551760135857,4.808444178804953
active,59.291666666666664,0.08112682981169483,4.810144950918406
active,59.333333333333336,0.08109850340463766,4.811844535341835
active,59.375,0.08107019677168666,4.813542933318895
active,59.416666666666664,0.08104190989214316,4.815240146091506
active,59.458333333333336,0.08101364274533737,4.816936174899851
active,59.5,0.08098539531062841,4.818631020982391
active,59.541666666666664,0.08095728514217629,4.820331686173747
active,59.583333333333336,0.08092919448112763,4.822031171167188
active,59.625,0.08090112330718344,4.823729477190812
active,59.666666666666664,0.08087307160007277,4.825426605471009
active,59.708333333333336,0.0808450393395528,4.827122557232465
active,59.75,0.08081702650540881,4.828817333698177
active,59.791666666666664,0.08078903307745405,4.83051093608944
active,59.833333333333336,0.08076105903552971,4.832203365625862
active,59.875,0.08073310435950497,4.83389462352536
active,59.916666666666664,0.08070516902927677,4.8355847110041665
active,59.958333333333336,0.08067725302476991,4.8372736292768295
active,60.0,0.08064935632593702,4.838961379556221
active,60.041666666666664,0.08062159406902619,4.840654877227781
active,60.083333333333336,0.08059385091896802,4.8423472093813285
active,60.125,0.0805661268560444,4.84403837721967
active,60.166666666666664,0.08053842186056434,4.845728381943954
active,60.208333333333336,0.0805107359128639,4.847417224753681
active,60.25,0.0804830689933062,4.849104906846699
active,60.291666666666664,0.08045542108228138,4.850791429419214
active,60.333333333333336,0.0804277921602064,4.852476793665787
active,60.375,0.08040018220752526,4.854161000779338
active,60.416666666666664,0.08037259120470867,4.8558440519511485
active,60.458333333333336,0.08034501913225423,4.857525948370871
active,60.5,0.08031746597068624,4.859206691226518
active,60.541666666666664,0.08029004450739818,4.860893111218732
active,60.583333333333336,0.08026264176183251,4.86257838007102
active,60.625,0.08023525771483087,4.864262498961621
active,60.666666666666664,0.08020789234726101,4.865945469067168
active,60.708333333333336,0.0801805456400168,4.867627291562687
active,60.75,0.08015321757401815,4.8693079676216025
active,60.791666666666664,0.080125908130211,4.870987498415744
active,60.833333333333336,0.08009861728956719,4.872665885115337
active,60.875,0.08007134503308454,4.874343128889021
active,60.916666666666664,0.0800440913417867,4.8760192309038395
active,60.958333333333336,0.08001685619672312,4.877694192325247
active,61.0,0.07998963957896914,4.879368014317118
active,61.041666666666664,0.07996255199360545,4.881047444609666
active,61.083333333333336,0.07993548274783915,4.882725737847175
active,61.125,0.0799084318230514,4.884402895184017
active,61.166666666666664,0.07988139920064849,4.886078917772999
active,61.208333333333336,0.07985438486206185,4.887753806765369
active,61.25,0.07982738878874811,4.8894275633108215
active,61.291666666666664,0.07980041096218889,4.891100188557494
active,61.333333333333336,0.07977345136389084,4.892771683651972
active,61.375,0.07974650997538564,4.894442049739293
active,61.416666666666664,0.07971958677822988,4.896111287962952
active,61.458333333333336,0.07969268175400503,4.897779399464892
active,61.5,0.07966579488431744,4.899446385385523
active,61.541666666666664,0.0796390344560728,4.901118912150814
active,61.583333333333336,0.0796122919999089,4.902790315661056
active,61.625,0.079585567497727,4.904460597047426
active,61.666666666666664,0.07955886093145259,4.906129757439576
active,61.708333333333336,0.07953217228303545,4.907797797965646
active,61.75,0.0795055015344496,4.909464719752263
active,61.791666666666664,0.07947884866769317,4.91113052392454
active,61.833333333333336,0.07945221366478843,4.912795211606085
active,61.875,0.0794255965077818,4.914458783918999
active,61.916666666666664,0.07939899717874371,4.916121241983881
active,61.958333333333336,0.07937241565976856,4.917782586919827
active,62.0,0.0793458519329748,4.919442819844438
active,62.041666666666664,0.07931941212893183,4.921108527499145
active,62.083333333333336,0.07929298993968167,4.922773125421904
active,62.125,0.07926658534762716,4.924436614721338
active,62.166666666666664,0.07924019833519454,4.926098996504593
active,62.208333333333336,0.0792138288848334,4.927760271877345
active,62.25,0.07918747697901676,4.929420441943794
active,62.291666666666664,0.0791611426002409,4.931079507806673
active,62.333333333333336,0.07913482573102538,4.9327374705672495
active,62.375,0.07910852635391305,4.9343943313253265
active,62.416666666666664,0.0790822444514699,4.936050091179246
active,62.458333333333336,0.07905598000628508,4.93770475122589
active,62.5,0.07902973300097091,4.939358312560682
active,62.541666666666664,0.07900360746940034,4.9410172838154125
active,62.583333333333336,0.07897749920520027,4.942675158592117
active,62.625,0.07895140819125736,4.944331937977492
active,62.666666666666664,0.07892533441048086,4.9459876230568005
active,62.708333333333336,0.07889927784580257,4.94764221491387
active,62.75,0.0788732384801769,4.9492957146311
active,62.791666666666664,0.07884721629658067,4.950948123289462
active,62.833333333333336,0.07882121127801318,4.952599441968495
active,62.875,0.07879522340749621,4.954249671746324
active,62.916666666666664,0.07876925266807384,4.955898813699646
active,62.958333333333336,0.07874329904281252,4.957546868903738
active,63.0,0.07871736251480106,4.9591938384324665
active,63.041666666666664,0.0786915450787516,4.960846154339632
active,63.083333333333336,0.07866574457216839,4.9624973867609565
active,63.125,0.07863996097840499,4.964147536761815
active,63.166666666666664,0.07861419428083671,4.965796605406186
active,63.208333333333336,0.07858844446286066,4.967444593756651
active,63.25,0.07856271150789575,4.969091502874406
active,63.291666666666664,0.07853699539938254,4.970737333819253
active,63.333333333333336,0.07851129612078325,4.972382087649606
active,63.375,0.07848561365558182,4.974025765422498
active,63.416666666666664,0.07845994798728373,4.975668368193577
active,63.458333333333336,0.07843429909941602,4.977309897017109
active,63.5,0.07840866697552733,4.9789503529459855
active,63.541666666666664,0.07838315162669052,4.98059609294596
active,63.583333333333336,0.07835765287860115,4.982240762197724
active,63.625,0.0783321707150634,4.983884361745909
active,63.666666666666664,0.07830670511990247,4.98552689263379
active,63.708333333333336,0.07828125607696455,4.987168355903283
active,63.75,0.07825582357011694,4.988808752594955
active,63.791666666666664,0.0782304075832478,4.990448083748015
active,63.833333333333336,0.07820500810026622,4.992086350400327
active,63.875,0.07817962510510222,4.993723553588405
active,63.916666666666664,0.07815425858170667,4.995359694347418
active,63.958333333333336,0.07812890851405123,4.996994773711194
active,64.0,0.07810357488612839,4.998628792712217
active,64.04166666666667,0.07807835577896463,5.00026803467786
active,64.08333333333333,0.07805315295269642,5.001906218385296
active,64.125,0.07802796639156293,5.003543344858973
active,64.16666666666667,0.0780027960798237,5.005179415122021
active,64.20833333333333,0.07797764200175863,5.006814430196252
active,64.25,0.0779525041416678,5.008448391102156
active,64.29166666666667,0.07792738248387156,5.01008129885891
active,64.33333333333333,0.07790227701271055,5.0117131544843785
active,64.375,0.07787718771254541,5.013343958995111
active,64.41666666666667,0.07785211456775706,5.014973713406351
active,64.45833333333333,0.07782705756274655,5.016602418732037
active,64.5,0.07780201668193484,5.018230075984797
active,64.54166666666667,0.07777708812804764,5.019862896264408
active,64.58333333333333,0.07775217554376578,5.021494670534873
active,64.625,0.07772727891374855,5.023125399801
active,64.66666666666667,0.077702398222675,5.0247550850663165
active,64.70833333333333,0.07767753345524377,5.026383727333065
active,64.75,0.07765268459617297,5.0280113276022
active,64.79166666666667,0.07762785163020042,5.029637886873402
active,64.83333333333333,0.07760303454208337,5.031263406145071
active,64.875,0.07757823331659851,5.032887886414328
active,64.91666666666667,0.07755344793854207,5.034511328677024
active,64.95833333333333,0.07752867839272973,5.036133733927735
active,65.0,0.0775039246639964,5.037755103159766
active,65.04166666666667,0.07747928112674232,5.039381576618532
active,65.08333333333333,0.07745465325607269,5.04100701608273
active,65.125,0.07743004103705263,5.042631422538053
active,65.16666666666667,0.0774054444547664,5.044254796968944
active,65.20833333333333,0.07738086349431714,5.045877140358597
active,65.25,0.07735629814082687,5.047498453688953
active,65.29166666666667,0.07733174837943656,5.049118737940712
active,65.33333333333333,0.07730721419530605,5.050737994093328
active,65.375,0.0772826955736139,5.052356223125009
active,65.41666666666667,0.07725819249955758,5.053973426012726
active,65.45833333333333,0.0772337049583533,5.0555896037322094
active,65.5,0.07720923293523595,5.057204757257955
active,65.54166666666667,0.07718486902455898,5.05882495731797
active,65.58333333333333,0.07716052048543455,5.060444135169749
active,65.625,0.07713618730331992,5.06206229178037
active,65.66666666666667,0.07711186946369086,5.063679428115701
active,65.70833333333333,0.07708756695204144,5.06529554514039
active,65.75,0.07706327975388388,5.066910643817866
active,65.79166666666667,0.07703900785474879,5.068524725110348
active,65.83333333333333,0.07701475124018499,5.070137789978845
active,65.875,0.07699050989575935,5.0717498393831475
active,65.91666666666667,0.07696628380705708,5.073360874281846
active,65.95833333333333,0.0769420729596815,5.074970895632325
active,66.0,0.07691787733925393,5.076579904390759
active,66.04166666666667,0.076893787806733,5.07819390306966
active,66.08333333333333,0.0768697133584529,5.079806891104429
active,66.125,0.07684565398024994,5.081418869444027
active,66.16666666666667,0.07682160965797825,5.083029839036228
active,66.20833333333333,0.07679758037750972,5.084639800827622
active,66.25,0.07677356612473375,5.086248755763611
active,66.29166666666667,0.07674956688555752,5.087856704788417
active,66.33333333333333,0.0767255826459058,5.089463648845085
active,66.375,0.07670161339172088,5.091069588875474
active,66.41666666666667,0.07667765910896268,5.0926745258202715
active,66.45833333333333,0.07665371978360867,5.094278460618993
active,66.5,0.07662979540165372,5.0958813942099725
active,66.54166666666667,0.07660597513575329,5.09748926215825
active,66.58333333333333,0.07658216967424439,5.099096130810105
active,66.625,0.07655837900332972,5.100702001096843
active,66.66666666666667,0.0765346031092293,5.102306873948621
active,66.70833333333333,0.0765108419781802,5.103910750294437
active,66.75,0.07648709559643649,5.105513631062135
active,66.79166666666667,0.07646336395026943,5.107115517178412
active,66.83333333333333,0.07643964702596726,5.108716409568811
active,66.875,0.07641594480983516,5.110316309157726
active,66.91666666666667,0.0763922572881954,5.111915216868409
active,66.95833333333333,0.07636858444738717,5.113513133622965
active,67.0,0.07634492627376654,5.115110060342358
active,67.04166666666667,0.07632137029528033,5.116711866879419
active,67.08333333333333,0.0762978288485514,5.118312685256989
active,67.125,0.07627430192013678,5.119912516389181
active,67.16666666666667,0.07625078949661021,5.121511361188986
active,67.20833333333333,0.07622729156456198,5.12310922056827
active,67.25,0.07620380811059876,5.124706095437767
active,67.29166666666667,0.07618033912134387,5.126301986707098
active,67.33333333333333,0.07615688458343707,5.127896895284763
active,67.375,0.0761334444835345,5.129490822078137
active,67.41666666666667,0.07611001880830878,5.131083767993484
active,67.45833333333333,0.07608660754444897,5.132675733935954
active,67.5,0.07606321067866038,5.134266720809576
active,67.54166666666667,0.07603991413633919,5.135862533958576
active,67.58333333333333,0.07601663186011864,5.137457369879685
active,67.625,0.07599336383689852,5.139051229470263
active,67.66666666666667,0.07597011005359469,5.140644113626575
active,67.70833333333333,0.07594687049713904,5.142236023243789
active,67.75,0.07592364515447934,5.143826959215976
active,67.79166666666667,0.07590043401257947,5.145416922436117
active,67.83333333333333,0.07587723705841916,5.147005913796099
active,67.875,0.07585405427899404,5.148593934186721
active,67.91666666666667,0.07583088566131566,5.1501809844976885
active,67.95833333333333,0.07580773119241145,5.151767065617628
active,68.0,0.07578459085932462,5.153352178434075
active,68.04166666666667,0.07576154902567935,5.154942064955599
active,68.08333333333333,0.07573852119922779,5.156530984980758
active,68.125,0.07571550736720128,5.1581189393905875
active,68.16666666666667,0.07569250751684671,5.159705929065051
active,68.20833333333333,0.07566952163542649,5.1612919548830485
active,68.25,0.0756465497102184,5.162877017722407
active,68.29166666666667,0.07562359172851575,5.164461118459888
active,68.33333333333333,0.07560064767762725,5.166044257971195
active,68.375,0.07557771754487698,5.167626437130964
active,68.41666666666667,0.07555480131760442,5.16920765681277
active,68.45833333333333,0.07553189898316442,5.170787917889131
active,68.5,0.0755090105289271,5.172367221231506
active,68.54166666666667,0.07548621879619877,5.173951246656125
active,68.58333333333333,0.07546344081828806,5.175534316120922
active,68.625,0.07544067658274707,5.177116430491018
active,68.66666666666667,0.07541792607714311,5.1786975906304935
active,68.70833333333333,0.07539518928905836,5.180277797402384
active,68.75,0.07537246620608998,5.181857051668686
active,68.79166666666667,0.07534975681585011,5.183435354290356
active,68.83333333333333,0.07532706110596585,5.185012706127315
active,68.875,0.07530437906407907,5.186589108038445
active,68.91666666666667,0.07528171067784664,5.1881645608815985
active,68.95833333333333,0.0752590559349403,5.189739065513591
active,69.0,0.0752364148230465,5.191312622790208
active,69.04166666666667,0.07521386869933565,5.192890851449966
active,69.08333333333333,0.0751913360843868,5.194468134496388
active,69.125,0.07516881696606263,5.1960444727790795
active,69.16666666666667,0.07514631133224044,5.1976198671466305
active,69.20833333333333,0.07512381917081208,5.199194318446619
active,69.25,0.07510134046968375,5.2007678275256
active,69.29166666666667,0.07507887521677627,5.202340395229123
active,69.33333333333333,0.07505642340002486,5.203912022401723
active,69.375,0.07503398500737911,5.205482709886926
active,69.41666666666667,0.07501156002680306,5.207052458527246
active,69.45833333333333,0.07498914844627522,5.208621269164199
active,69.5,0.07496675025378827,5.210189142638285
active,69.54166666666667,0.07494444535933606,5.211761637697162
active,69.58333333333333,0.07492215373370868,5.213333197303895
active,69.625,0.07489987536506944,5.21490382229296
active,69.66666666666667,0.07487761024159587,5.216473513497846
active,69.70833333333333,0.07485535835147952,5.2180422717510515
active,69.75,0.07483311968292589,5.219610097884081
active,69.79166666666667,0.07481089422415459,5.221176992727456
active,69.83333333333333,0.07478868196339922,5.222742957110712
active,69.875,0.07476648288890725,5.224307991862394
active,69.91666666666667,0.07474429698894021,5.22587209781007
active,69.95833333333333,0.07472212425177353,5.227435275780323
active,70.0,0.07469996466569648,5.228997526598754
active,70.04166666666667,0.07467789672931073,5.2305643500821395
active,70.08333333333333,0.07465584182773682,5.232130248093889
active,70.125,0.07463379994942924,5.233695221453726
active,70.16666666666667,0.07461177108285622,5.2352592709804116
active,70.20833333333333,0.07458975521649953,5.236822397491737
active,70.25,0.07456775233885453,5.238384601804531
active,70.29166666666667,0.07454576243843021,5.239945884734658
active,70.33333333333333,0.0745237855037491,5.2415062470970195
active,70.375,0.07450182152334715,5.243065689705556
active,70.41666666666667,0.07447987048577397,5.244624213373251
active,70.45833333333333,0.07445793237959261,5.246181818912129
active,70.5,0.07443600719337952,5.247738507133256
active,70.54166666666667,0.07441417204899894,5.2492997199564675
active,70.58333333333333,0.07439234971115469,5.250860017112335
active,70.625,0.07437054016858324,5.252419399406191
active,70.66666666666667,0.0743487434100344,5.253977867642432
active,70.70833333333333,0.07432695942427116,5.255535422624506
active,70.75,0.07430518820006955,5.257092065154921
active,70.79166666666667,0.07428342972621886,5.258647796035244
active,70.83333333333333,0.07426168399152151,5.260202616066107
active,70.875,0.07423995098479293,5.261756526047199
active,70.91666666666667,0.07421823069486173,5.263309526777278
active,70.95833333333333,0.0741965231105696,5.264861619054167
active,71.0,0.07417482822077118,5.266412803674753
active,71.04166666666667,0.07415322180416156,5.267968465670645
active,71.08333333333333,0.07413162797137061,5.269523221631594
active,71.125,0.07411004671140806,5.271077072348898
active,71.16666666666667,0.07408847801329646,5.272630018612932
active,71.20833333333333,0.0740669218660712,5.2741820612131525
active,71.25,0.0740453782587803,5.275733200938096
active,71.29166666666667,0.07402384718048463,5.277283438575384
active,71.33333333333333,0.07400232862025777,5.27883277491172
active,71.375,0.0739808225671859,5.280381210732894
active,71.41666666666667,0.07395932901036799,5.281928746823781
active,71.45833333333333,0.07393784793891568,5.28347538396835
active,71.5,0.07391637934195315,5.28502112294965
active,71.54166666666667,0.07389499768752968,5.286571292895353
active,71.58333333333333,0.0738736283995923,5.288120566270815
active,71.625,0.07385227146741548,5.289668943853633
active,71.66666666666667,0.07383092688028615,5.291216426420508
active,71.70833333333333,0.07380959462750367,5.2927630147472415
active,71.75,0.07378827469837959,5.294308709608735
active,71.79166666666667,0.07376696708223797,5.2958535117790015
active,71.83333333333333,0.07374567176841518,5.297397422031157
active,71.875,0.07372438874625978,5.298940441137422
active,71.91666666666667,0.07370311800513275,5.300482569869131
active,71.95833333333333,0.07368185953440731,5.302023808996726
active,72.0,0.0736606133234689,5.3035641592897615
active,72.04166666666667,0.07363945256123863,5.305108894932567
active,72.08333333333333,0.07361830395338075,5.306652743306195
active,72.125,0.07359716748942628,5.308195705174871
active,72.16666666666667,0.0735760431589184,5.309737781301945
active,72.20833333333333,0.07355493095141227,5.3112789724498946
active,72.25,0.07353383085647497,5.312819279380316
active,72.29166666666667,0.0735127428636856,5.314358702853939
active,72.33333333333333,0.07349166696263525,5.315897243630616
active,72.375,0.07347060314292683,5.31743490246933
active,72.41666666666667,0.07344955139417526,5.318971680128192
active,72.45833333333333,0.07342851170600738,5.3205075773644515
active,72.5,0.07340748406806177,5.322042594934478
active,72.54166666666667,0.07338654042068145,5.323581953016934
active,72.58333333333333,0.07336560872061852,5.325120432971561
active,72.625,0.07334468895765284,5.326658035549538
active,72.66666666666667,0.07332378112157596,5.328194761501187
active,72.70833333333333,0.0733028852021911,5.329730611575977
active,72.75,0.07328200118931297,5.331265586522519
active,72.79166666666667,0.07326112907276801,5.332799687088571
active,72.83333333333333,0.07324026884239423,5.334332914021046
active,72.875,0.07321942048804114,5.335865268065998
active,72.91666666666667,0.07319858399956986,5.337396749968636
active,72.95833333333333,0.07317775936685307,5.338927360473321
active,73.0,0.0731569465797749,5.340457100323567
active,73.04166666666667,0.07313621635971826,5.341991136607755
active,73.08333333333333,0.07311549788482885,5.343524303749575
active,73.125,0.07309479114512767,5.34505660248746
active,73.16666666666667,0.07307409613064715,5.346588033559017
active,73.20833333333333,0.07305341283143103,5.3481185977010135
active,73.25,0.07303274123753417,5.349648295649378
active,73.29166666666667,0.07301208133902284,5.351177128139216
active,73.33333333333333,0.07299143312597449,5.3527050959047955
active,73.375,0.07297079658847774,5.354232199679554
active,73.41666666666667,0.0729501717166325,5.3557584401961025
active,73.45833333333333,0.07292955850054982,5.357283818186222
active,73.5,0.07290895693035192,5.358808334380866
active,73.54166666666667,0.07288843653718266,5.360337103671975
active,73.58333333333333,0.07286792769178672,5.361865012653973
active,73.625,0.07284743038441913,5.363392062052858
active,73.66666666666667,0.07282694460534589,5.364918252593815
active,73.70833333333333,0.07280647034484398,5.366443585001209
active,73.75,0.07278600759320124,5.367968059998591
active,73.79166666666667,0.07276555634071649,5.369491678308705
active,73.83333333333333,0.07274511657769946,5.371014440653476
active,73.875,0.07272468829447065,5.37253634775402
active,73.91666666666667,0.07270427148136159,5.374057400330645
active,73.95833333333333,0.07268386612871458,5.375577599102849
active,74.0,0.07266347222688271,5.37709694478932
active,74.04166666666667,0.0726431581446275,5.378620500958462
active,74.08333333333333,0.07262285541736518,5.380143205503137
active,74.125,0.0726025640355777,5.381665059137197
active,74.16666666666667,0.0725822839897577,5.383186062573697
active,74.20833333333333,0.07256201527040844,5.384706216524893
active,74.25,0.07254175786804372,5.386225521702246
active,74.29166666666667,0.07252151177318798,5.387743978816424
active,74.33333333333333,0.07250127697637629,5.389261588577304
active,74.375,0.07248105346815414,5.390778351693965
active,74.41666666666667,0.07246084123907767,5.392294268874697
active,74.45833333333333,0.07244064027971359,5.393809340827007
active,74.5,0.07242045058063896,5.395323568257603
active,74.54166666666667,0.07240033937525694,5.396841964263945
active,74.58333333333333,0.07238023933656311,5.398359517185332
active,74.625,0.07236015045525958,5.399876227723746
active,74.66666666666667,0.07234007272205889,5.401392096580397
active,74.70833333333333,0.07232000612768386,5.402907124455714
active,74.75,0.07229995066286753,5.404421312049347
active,74.79166666666667,0.07227990631835327,5.405934660060171
active,74.83333333333333,0.07225987308489476,5.407447169186291
active,74.875,0.07223985095325583,5.40895884012503
active,74.91666666666667,0.07221983991421059,5.410469673572944
active,74.95833333333333,0.07219983995854343,5.411979670225818
active,75.0,0.0721798510770488,5.41348883077866
active,75.04166666666667,0.07215993939399305,5.415002118690896
active,75.08333333333333,0.07214003869366378,5.416514571915922
active,75.125,0.0721201489669768,5.418026191144132
active,75.16666666666667,0.072100270204858,5.41953697706516
active,75.20833333333333,0.07208040239824329,5.42104693036788
active,75.25,0.07206054553807847,5.422556051740405
active,75.29166666666667,0.07204069961531942,5.424064341870092
active,75.33333333333333,0.07202086462093196,5.425571801443541
active,75.375,0.07200104054589179,5.427078431146594
active,75.41666666666667,0.07198122738118459,5.428584231664338
active,75.45833333333333,0.07196142511780602,5.430089203681113
active,75.5,0.07194163374676152,5.4315933478804945
active,75.54166666666667,0.07192191830862864,5.433101578897656
active,75.58333333333333,0.07190221367347562,5.434608983486865
active,75.625,0.07188251983242562,5.4361155623271875
active,75.66666666666667,0.07186283677661169,5.437621316096951
active,75.70833333333333,0.07184316449717656,5.439126245473742
active,75.75,0.07182350298527257,5.440630351134397
active,75.79166666666667,0.07180385223206182,5.442133633755018
active,75.83333333333333,0.07178421222871607,5.4436360940109685
active,75.875,0.07176458296641672,5.445137732576868
active,75.91666666666667,0.07174496443635482,5.446638550126604
active,75.95833333333333,0.07172535662973106,5.448138547333322
active,76.0,0.07170575953775572,5.449637724869435
active,76.04166666666667,0.07168623714201988,5.451140949341095
active,76.08333333333333,0.07166672537360891,5.452643355508744
active,76.125,0.07164722422384737,5.45414494404038
active,76.16666666666667,0.07162773368406938,5.455645715603285
active,76.20833333333333,0.07160825374561847,5.457145670864007
active,76.25,0.07158878439984749,5.458644810488371
active,76.29166666666667,0.0715693256381188,5.460143135141481
active,76.33333333333333,0.0715498774518041,5.461640645487713
active,76.375,0.07153043983228445,5.463137342190725
active,76.41666666666667,0.07151101277095032,5.464633225913453
active,76.45833333333333,0.0714915962592015,5.4661282973181144
active,76.5,0.07147219028844709,5.4676225570662025
active,76.54166666666667,0.07145285780527466,5.469120824512065
active,76.58333333333333,0.07143353577774485,5.470618281645626
active,76.625,0.07141422419737778,5.472114929124072
active,76.66666666666667,0.07139492305570282,5.4736107676038825
active,76.70833333333333,0.07137563234425844,5.475105797740824
active,76.75,0.07135635205459223,5.476600020189954
active,76.79166666666667,0.07133708217826097,5.478093435605624
active,76.83333333333333,0.07131782270683058,5.479586044641483
active,76.875,0.07129857363187596,5.4810778479504645
active,76.91666666666667,0.07127933494498122,5.4825688461848054
active,76.95833333333333,0.07126010663773953,5.484059039996038
active,77.0,0.07124088870175309,5.485548430034988
active,77.04166666666667,0.07122174307189505,5.487041789163915
active,77.08333333333333,0.07120260772985533,5.488534345843014
active,77.125,0.07118348266734394,5.490026100718901
active,77.16666666666667,0.07116436787607988,5.491517054437498
active,77.20833333333333,0.07114526334779102,5.493007207644031
active,77.25,0.07112616907421404,5.494496560983035
active,77.29166666666667,0.07110708504709456,5.495985115098351
active,77.33333333333333,0.0710880112581871,5.4974728706331355
active,77.375,0.0710689476992549,5.4989598282298475
active,77.41666666666667,0.0710498943620701,5.50044598853026
active,77.45833333333333,0.0710308512384137,5.50193135217546
active,77.5,0.07101181832007543,5.503415919805846
active,77.54166666666667,0.07099285655283374,5.504904418534317
active,77.58333333333333,0.07097390490933328,5.506392122549107
active,77.625,0.07095496338146849,5.507879032486492
active,77.66666666666667,0.07093603196114258,5.509365148982074
active,77.70833333333333,0.07091711064026739,5.510850472670778
active,77.75,0.07089819941076331,5.5123350041868475
active,77.79166666666667,0.07087929826455942,5.513818744163852
active,77.83333333333333,0.0708604071935934,5.5153016932346866
active,77.875,0.07084152618981146,5.516783852031567
active,77.91666666666667,0.07082265524516845,5.518265221186042
active,77.95833333333333,0.07080379435162781,5.519745801328985
active,78.0,0.07078494350116145,5.521225593090593
active,78.04166666666667,0.07076616267242672,5.522709278560636
active,78.08333333333333,0.07074739180699638,5.524192176929634
active,78.125,0.07072863089694413,5.52567428882376
active,78.16666666666667,0.07070987993435215,5.527155614868527
active,78.20833333333333,0.07069113891131099,5.52863615568878
active,78.25,0.07067240781991954,5.530115911908704
active,78.29166666666667,0.07065368665228511,5.531594884151822
active,78.33333333333333,0.0706349754005234,5.533073073040999
active,78.375,0.07061627405675837,5.534550479198437
active,78.41666666666667,0.07059758261312236,5.536027103245679
active,78.45833333333333,0.07057890106175611,5.537502945803615
active,78.5,0.07056022939480855,5.538978007492471
active,78.54166666666667,0.07054162664516583,5.540456926089067
active,78.58333333333333,0.07052303370192779,5.541935065076492
active,78.625,0.0705044505573423,5.543412425071038
active,78.66666666666667,0.07048587720366543,5.544889006688348
active,78.70833333333333,0.07046731363316146,5.546364810543416
active,78.75,0.0704487598381027,5.547839837250588
active,78.79166666666667,0.07043021581076968,5.549314087423562
active,78.83333333333333,0.07041168154345107,5.550787561675392
active,78.875,0.07039315702844358,5.552260260618487
active,78.91666666666667,0.07037464225805208,5.55373218486461
active,78.95833333333333,0.07035613722458955,5.555203335024883
active,79.0,0.07033764192037698,5.556673711709781
active,79.04166666666667,0.07031921445327705,5.558147909077774
active,79.08333333333333,0.07030079663911958,5.559621334210373
active,79.125,0.07028238847032169,5.561093987714203
active,79.16666666666667,0.0702639899393085,5.562565870195257
active,79.20833333333333,0.0702456010385131,5.564036982258892
active,79.25,0.07022722176037638,5.565507324509828
active,79.29166666666667,0.07020885209734724,5.566976897552159
active,79.33333333333333,0.07019049204188246,5.568445701989342
active,79.375,0.07017214158644668,5.569913738424205
active,79.41666666666667,0.07015380072351242,5.571381007458945
active,79.45833333333333,0.07013546944556011,5.57284750969513
active,79.5,0.07011714774507799,5.5743132457337
active,79.54166666666667,0.07009889282507145,5.575782766794226
active,79.58333333333333,0.07008064740788639,5.577251522877624
active,79.625,0.07006241148610447,5.578719514581068
active,79.66666666666667,0.07004418505231515,5.580186742501107
active,79.70833333333333,0.07002596809911561,5.581653207233673
active,79.75,0.07000776061911063,5.583118909374073
active,79.79166666666667,0.06998956260491278,5.584583849516999
active,79.83333333333333,0.06997137404914229,5.586048028256526
active,79.875,0.06995319494442699,5.587511446186106
active,79.91666666666667,0.06993502528340245,5.58897410389858
active,79.95833333333333,0.06991686505871189,5.590436001986172
active,80.0,0.06989871426300609,5.591897141040487
active,80.04166666666667,0.06988062921403765,5.59336203000693
active,80.08333333333333,0.069862553521018,5.594826161141524
active,80.125,0.06984448717668879,5.596289535032189
active,80.16666666666667,0.06982643017379925,5.59775215226624
active,80.20833333333333,0.06980838250510611,5.599214013430386
active,80.25,0.06979034416337353,5.600675119110726
active,80.29166666666667,0.06977231514137316,5.602135469892754
active,80.33333333333333,0.06975429543188419,5.603595066361363
active,80.375,0.06973628502769313,5.605053909100835
active,80.41666666666667,0.06971828392159408,5.606511998694858
active,80.45833333333333,0.06970029210638853,5.60796933572651
active,80.5,0.06968230957488533,5.6094259207782695
active,80.54166666666667,0.06966439177864596,5.610886221171777
active,80.58333333333333,0.06964648319464119,5.612345770768169
active,80.625,0.06962858381576822,5.613804570146313
active,80.66666666666667,0.06961069363493169,5.61526261988449
active,80.70833333333333,0.06959281264504347,5.616719920560382
active,80.75,0.06957494083902264,5.618176472751078
active,80.79166666666667,0.06955707820979568,5.619632277033076
active,80.83333333333333,0.06953922475029625,5.62108733398228
active,80.875,0.06952138045346527,5.622541644174004
active,80.91666666666667,0.06950354531225093,5.623995208182972
active,80.95833333333333,0.06948571931960867,5.625448026583318
active,81.0,0.06946790246850107,5.626900099948586
active,81.04166666666667,0.06945014936283571,5.628355854613144
active,81.08333333333333,0.06943240532876244,5.629810865407154
active,81.125,0.0694146703593298,5.63126513290063
active,81.16666666666667,0.06939694444759349,5.6327186576630055
active,81.20833333333333,0.06937922758661634,5.634171440263135
active,81.25,0.06936151976946814,5.6356234812692865
active,81.29166666666667,0.06934382098922585,5.637074781249152
active,81.33333333333333,0.06932613123897352,5.638525340769846
active,81.375,0.06930845051180214,5.639975160397899
active,81.41666666666667,0.06929077880080983,5.641424240699267
active,81.45833333333333,0.06927311609910176,5.642872582239331
active,81.5,0.06925546239979005,5.644320185582889
active,81.54166666666667,0.06923787147715865,5.645771436699979
active,81.58333333333333,0.06922028948846462,5.647221950767238
active,81.625,0.06920271642690369,5.648671728346014
active,81.66666666666667,0.06918515228567858,5.650120769997084
active,81.70833333333333,0.0691675970579989,5.651569076280659
active,81.75,0.06915005073708108,5.653016647756378
active,81.79166666666667,0.06913251331614852,5.654463484983315
active,81.83333333333333,0.06911498478843145,5.6559095885199735
active,81.875,0.06909746514716696,5.657354958924294
active,81.91666666666667,0.06907995438559898,5.65879959675365
active,81.95833333333333,0.06906245249697837,5.660243502564852
active,82.0,0.06904495947456273,5.661686676914144
active,82.04166666666667,0.06902752828055247,5.663133466016993
active,82.08333333333333,0.06901010588573156,5.664579524787132
active,82.125,0.0689926922834389,5.6660248537774205
active,82.16666666666667,0.06897528746702027,5.667469453540165
active,82.20833333333333,0.0689578914298281,5.668913324627118
active,82.25,0.06894050416522148,5.670356467589467
active,82.29166666666667,0.06892312566656626,5.671798882977849
active,82.33333333333333,0.06890575592723498,5.673240571342347
active,82.375,0.0688883949406068,5.674681533232485
active,82.41666666666667,0.0688710427000676,5.676121769197238
active,82.45833333333333,0.06885369919900992,5.677561279785026
active,82.5,0.06883636443083292,5.6790000655437165
active,82.54166666666667,0.0688190905627198,5.680442433531164
active,82.58333333333333,0.06880182536187618,5.681884077801607
active,82.625,0.0687845688217804,5.6833249988996055
active,82.66666666666667,0.06876732093591735,5.684765197369168
active,82.70833333333333,0.0687500816977785,5.686204673753764
active,82.75,0.06873285110086176,5.687643428596311
active,82.79166666666667,0.06871562913867162,5.689081462439188
active,82.83333333333333,0.06869841580471905,5.690518775824228
active,82.875,0.06868121109252152,5.691955369292721
active,82.91666666666667,0.068664014995603,5.693391243385416
active,82.95833333333333,0.06864682750749398,5.694826398642522
active,83.0,0.06862964862173133,5.696260835603701
active,83.04166666666667,0.06861252972708884,5.69769882275367
active,83.08333333333333,0.06859541937054843,5.699136092703065
active,83.125,0.06857831754572406,5.700572645988313
active,83.16666666666667,0.06856122424623608,5.702008483145301
active,83.20833333333333,0.06854413946571125,5.70344360470939
active,83.25,0.06852706319778255,5.704878011215397
active,83.29166666666667,0.06850999543608946,5.706311703197619
active,83.33333333333333,0.0684929361742777,5.707744681189808
active,83.375,0.0684758854059993,5.709176945725192
active,83.41666666666667,0.06845884312491268,5.710608497336467
active,83.45833333333333,0.06844180932468256,5.712039336555799
active,83.5,0.0684247839989799,5.713469463914822
active,83.54166666666667,0.06840781777433348,5.714903109897444
active,83.58333333333333,0.06839085996130069,5.716336045098716
active,83.625,0.0683739105536275,5.7177682700471
active,83.66666666666667,0.06835696954506613,5.719199785270534
active,83.70833333333333,0.06834003692937503,5.720630591296434
active,83.75,0.06832311270031871,5.722060688651692
active,83.79166666666667,0.06830619685166797,5.723490077862679
active,83.83333333333333,0.06828928937719975,5.724918759455245
active,83.875,0.06827239027069709,5.726346733954719
active,83.91666666666667,0.06825549952594927,5.727774001885909
active,83.95833333333333,0.06823861713675167,5.729200563773109
active,84.0,0.06822174309690578,5.730626420140085
active,84.04166666666667,0.06820492728643081,5.732055764030457
active,84.08333333333333,0.06818811976368898,5.733484403463515
active,84.125,0.06817132052255478,5.734912338959921
active,84.16666666666667,0.06815452955690882,5.736339571039825
active,84.20833333333333,0.06813774686063774,5.73776610022287
active,84.25,0.06812097242763414,5.739191927028176
active,84.29166666666667,0.06810420625179665,5.74061705197436
active,84.33333333333333,0.06808744832703,5.742041475579529
active,84.375,0.06807069864724473,5.743465198361274
active,84.41666666666667,0.06805395720635755,5.744888220836684
active,84.45833333333333,0.0680372239982911,5.746310543522335
active,84.5,0.0680204990169739,5.747732166934295
active,84.54166666666667,0.06800383141123584,5.749157247224897
active,84.58333333333333,0.06798717197188964,5.750581629288998
active,84.625,0.06797052069293497,5.752005313639621
active,84.66666666666667,0.06795387756837744,5.75342830078929
active,84.70833333333333,0.06793724259222853,5.754850591250024
active,84.75,0.0679206157585055,5.756272185533341
active,84.79166666666667,0.06790399706123158,5.757693084150262
active,84.83333333333333,0.06788738649443579,5.759113287611303
active,84.875,0.06787078405215297,5.760532796426483
active,84.91666666666667,0.06785418972842383,5.7619516111053235
active,84.95833333333333,0.06783760351729493,5.763369732156848
active,85.0,0.06782102541281855,5.764787160089576
active,85.04166666666667,0.06780450384755354,5.766208014702366
active,85.08333333333333,0.06778799032981182,5.767628177228156
active,85.125,0.06777148485371495,5.769047648172485
active,85.16666666666667,0.06775498741339028,5.770466428040406
active,85.20833333333333,0.06773849800297088,5.771884517336477
active,85.25,0.06772201661659545,5.773301916564762
active,85.29166666666667,0.06770554324840848,5.77471862622884
active,85.33333333333333,0.06768907789256015,5.7761346468318
active,85.375,0.06767262054320625,5.777549978876233
active,85.41666666666667,0.06765617119450834,5.778964622864255
active,85.45833333333333,0.06763972984063361,5.780378579297481
active,85.5,0.06762329647575493,5.781791848677047
active,85.54166666666667,0.06760691883068935,5.783208514975219
active,85.58333333333333,0.06759054911668679,5.784624495236444
active,85.625,0.0675741873279875,5.78603978995893
active,85.66666666666667,0.06755783345883745,5.787454399640409
active,85.70833333333333,0.06754148750348812,5.788868324778128
active,85.75,0.06752514945619652,5.790281565868852
active,85.79166666666667,0.06750881931122524,5.791694123408866
active,85.83333333333333,0.06749249706284247,5.793105997893978
active,85.875,0.06747618270532182,5.794517189819512
active,85.91666666666667,0.06745987623294257,5.795927699680316
active,85.95833333333333,0.06744357763998947,5.797337527970761
active,86.0,0.06742728692075275,5.798746675184737
active,86.04166666666667,0.06741105111846024,5.800159189984184
active,86.08333333333333,0.06739482313311639,5.8015710247091015
active,86.125,0.06737860295907712,5.802982179850517
active,86.16666666666667,0.0673623905907039,5.804392655898986
active,86.20833333333333,0.0673461860223636,5.805802453344595
active,86.25,0.06732998924842844,5.807211572676953
active,86.29166666666667,0.06731380026327613,5.808620014385203
active,86.33333333333333,0.06729761906128977,5.810027778958016
active,86.375,0.06728144563685783,5.8114348668835945
active,86.41666666666667,0.06726527998437419,5.81284127864967
active,86.45833333333333,0.06724912209823816,5.814247014743508
active,86.5,0.06723297197285433,5.815652075651899
active,86.54166666666667,0.06721687597764894,5.81706047523237
active,86.58333333333333,0.06720078768756335,5.81846820061486
active,86.625,0.0671847070970662,5.819875252283359
active,86.66666666666667,0.06716863420063149,5.821281630721396
active,86.70833333333333,0.06715256899273851,5.822687336412035
active,86.75,0.06713651146787175,5.824092369837874
active,86.79166666666667,0.06712046162052107,5.825496731481058
active,86.83333333333333,0.06710441944518157,5.826900421823266
active,86.875,0.06708838493635357,5.8283034413457155
active,86.91666666666667,0.06707235808854267,5.829705790529167
active,86.95833333333333,0.06705633889625978,5.831107469853923
active,87.0,0.06704032735402093,5.832508479799821
active,87.04166666666667,0.067024369170885,5.833912799915782
active,87.08333333333333,0.067008418583267,5.835316451626168
active,87.125,0.0669924755857454,5.836719435408068
active,87.16666666666667,0.06697654017290387,5.838121751738122
active,87.20833333333333,0.06696061233933126,5.839523401092514
active,87.25,0.06694469207962148,5.840924383946974
active,87.29166666666667,0.06692877938837363,5.842324700776782
active,87.33333333333333,0.066912874260192,5.843724352056768
active,87.375,0.06689697668968589,5.845123338261304
active,87.41666666666667,0.0668810866714698,5.846521659864319
active,87.45833333333333,0.06686520420016337,5.847919317339287
active,87.5,0.06684932927039125,5.849316311159234
active,87.54166666666667,0.06683350694393672,5.850716587050461
active,87.58333333333333,0.06681769210556855,5.852116200246045
active,87.625,0.06680188474997224,5.8535151512163175
active,87.66666666666667,0.06678608487183837,5.854913440431164
active,87.70833333333333,0.06677029246586254,5.856311068360027
active,87.75,0.0667545075267453,5.857708035471901
active,87.79166666666667,0.0667387300491923,5.859104342235341
active,87.83333333333333,0.06672296002791415,5.86049998911846
active,87.875,0.06670719745762642,5.861894976588921
active,87.91666666666667,0.06669144233304974,5.863289305113957
active,87.95833333333333,0.06667569464890973,5.864682975160351
active,88.0,0.06665995439993688,5.866075987194446
active,88.04166666666667,0.06664426601339887,5.867472253596326
active,88.08333333333333,0.06662858500963104,5.868867862931666
active,88.125,0.06661291138342317,5.870262815664167
active,88.16666666666667,0.06659724512957005,5.871657112257093
active,88.20833333333333,0.06658158624287136,5.873050753173278
active,88.25,0.0665659347181316,5.874443738875114
active,88.29166666666667,0.06655029055016025,5.875836069824565
active,88.33333333333333,0.0665346537337716,5.8772277464831575
active,88.375,0.0665190242637848,5.878618769311982
active,88.41666666666667,0.06650340213502391,5.8800091387716975
active,88.45833333333333,0.06648778734231789,5.881398855322536
active,88.5,0.06647217988050044,5.882787919424289
active,88.54166666666667,0.06645662355476196,5.884180210577883
active,88.58333333333333,0.06644107450853952,5.8855718502147925
active,88.625,0.06642553273672465,5.886962838792222
active,88.66666666666667,0.06640999823421372,5.88835317676695
active,88.70833333333333,0.06639447099590787,5.889742864595327
active,88.75,0.06637895101671293,5.891131902733273
active,88.79166666666667,0.06636343829153958,5.892520291636286
active,88.83333333333333,0.06634793281530325,5.893908031759438
active,88.875,0.06633243458292407,5.895295123557377
active,88.91666666666667,0.06631694358932692,5.896681567484319
active,88.95833333333333,0.0663014598294415,5.898067363994066
active,89.0,0.06628598329820212,5.899452513539989
active,89.04166666666667,0.06627055719084857,5.900840863201808
active,89.08333333333333,0.06625513826176742,5.9022285668191135
active,89.125,0.06623972650594936,5.903615624842737
active,89.16666666666667,0.06622432191838983,5.905002037723093
active,89.20833333333333,0.0662089244940889,5.90638780591018
active,89.25,0.06619353422805122,5.907772929853571
active,89.29166666666667,0.06617815111528615,5.909157410002426
active,89.33333333333333,0.06616277515080769,5.9105412468054865
active,89.375,0.06614740632963445,5.911924440711079
active,89.41666666666667,0.06613204464678966,5.91330699216711
active,89.45833333333333,0.06611669009730121,5.914688901621071
active,89.5,0.06610134267620156,5.916070169520039
active,89.54166666666667,0.06608604498060419,5.917454610971601
active,89.58333333333333,0.06607075436399601,5.918838411774642
active,89.625,0.06605547082146443,5.92022157237375
active,89.66666666666667,0.06604019434810146,5.921604093213098
active,89.70833333333333,0.06602492493900364,5.922985974736451
active,89.75,0.06600966258927202,5.9243672173871635
active,89.79166666666667,0.06599440729401218,5.925747821608177
active,89.83333333333333,0.06597915904833428,5.9271277878420285
active,89.875,0.06596391784735291,5.9285071165308425
active,89.91666666666667,0.06594868368618723,5.929885808116335
active,89.95833333333333,0.06593345655996093,5.931263863039818
active,90.0,0.06591823646380211,5.93264128174219
active,90.04166666666667,0.06590306540822931,5.934021847799314
active,90.08333333333333,0.06588790133427437,5.935401778529216
active,90.125,0.06587274423711902,5.9367810743703515
active,90.16666666666667,0.06585759411194948,5.938159735760778
active,90.20833333333333,0.06584245095395641,5.9395377631381505
active,90.25,0.0658273147583348,5.940915156939715
active,90.29166666666667,0.06581218552028416,5.942291917602324
active,90.33333333333333,0.06579706323500836,5.943668045562422
active,90.375,0.06578194789771569,5.945043541256055
active,90.41666666666667,0.06576683950361882,5.946418405118869
active,90.45833333333333,0.06575173804793488,5.947792637586109
active,90.5,0.0657366435258853,5.94916623909262
active,90.54166666666667,0.06572159737264065,5.950542962114506
active,90.58333333333333,0.06570655810550732,5.951919055057204
active,90.625,0.0656915257197591,5.953294518353168
active,90.66666666666667,0.06567650021067406,5.954669352434449
active,90.70833333333333,0.06566148157353466,5.9560435577327056
active,90.75,0.06564646980362757,5.9574171346792015
active,90.79166666666667,0.06563146489624389,5.95879008370481
active,90.83333333333333,0.06561646684667893,5.960162405240003
active,90.875,0.06560147565023235,5.961534099714864
active,90.91666666666667,0.06558649130220807,5.962905167559084
active,90.95833333333333,0.06557151379791437,5.964275609201961
active,91.0,0.0655565431326637,5.965645425072396
active,91.04166666666667,0.06554162017724995,5.967018336970464
active,91.08333333333333,0.06552670401426014,5.9683906239655276
active,91.125,0.0655117946390578,5.969762286484142
active,91.16666666666667,0.06549689204701069,5.971133324952475
active,91.20833333333333,0.0654819962334908,5.9725037397963066
active,91.25,0.06546710719387426,5.9738735314410265
active,91.29166666666667,0.06545222492354148,5.975242700311641
active,91.33333333333333,0.06543734941787706,5.976611246832771
active,91.375,0.06542248067226972,5.977979171428645
active,91.41666666666667,0.06540761868211245,5.979346474523114
active,91.45833333333333,0.06539276344280243,5.980713156539638
active,91.5,0.06537791494974092,5.982079217901294
active,91.54166666666667,0.06536311352004887,5.983448350147807
active,91.58333333333333,0.06534831879086825,5.984816862597016
active,91.625,0.06533353075765012,5.986184755669693
active,91.66666666666667,0.06531874941584974,5.987552029786227
active,91.70833333333333,0.06530397476092648,5.988918685366632
active,91.75,0.06528920678834371,5.990284722830536
active,91.79166666666667,0.06527444549356903,5.991650142597191
active,91.83333333333333,0.06525969087207412,5.993014945085473
active,91.875,0.06524494291933466,5.994379130713872
active,91.91666666666667,0.06523020163083051,5.9957426999005055
active,91.95833333333333,0.06521546700204561,5.997105653063111
active,92.0,0.0652007390284679,5.998467990619047
active,92.04166666666667,0.06518605748398952,5.999833374255536
active,92.08333333333333,0.06517138254984185,6.00119814313127
active,92.125,0.06515671422156144,6.002562297661347
active,92.16666666666667,0.06514205249468889,6.003925838260494
active,92.20833333333333,0.06512739736476884,6.00528876534306
active,92.25,0.06511274882734987,6.006651079323025
active,92.29166666666667,0.06509810687798459,6.008012780613995
active,92.33333333333333,0.06508347151222965,6.009373869629204
active,92.375,0.06506884272564564,6.010734346781517
active,92.41666666666667,0.06505422051379718,6.012094212483423
active,92.45833333333333,0.06503960487225287,6.0134534671470465
active,92.5,0.06502499579658524,6.014812111184135
active,92.54166666666667,0.06501043252764982,6.016173776829594
active,92.58333333333333,0.06499587578055453,6.0175348326830065
active,92.625,0.06498132555091929,6.018895279153899
active,92.66666666666667,0.06496678183436805,6.020255116651439
active,92.70833333333333,0.06495224462652864,6.0216143455844255
active,92.75,0.06493771392303277,6.022972966361289
active,92.79166666666667,0.06492318971951609,6.024330979390098
active,92.83333333333333,0.06490867201161818,6.025688385078554
active,92.875,0.06489416079498245,6.0270451838339945
active,92.91666666666667,0.06487965606525625,6.028401376063393
active,92.95833333333333,0.06486515781809084,6.02975696217336
active,93.0,0.0648506660491413,6.031111942570141
active,93.04166666666667,0.06483621947617424,6.032469920429045
active,93.08333333333333,0.06482177933820628,6.033827293398034
active,93.125,0.0648073456309388,6.035184061881176
active,93.16666666666667,0.06479291835007706,6.036540226282179
active,93.20833333333333,0.0647784974913301,6.037895787004393
active,93.25,0.0647640830504108,6.039250744450807
active,93.29166666666667,0.06474967502303584,6.040605099024052
active,93.33333333333333,0.06473527340492576,6.041958851126403
active,93.375,0.06472087819180479,6.043312001159772
active,93.41666666666667,0.0647064893794011,6.04466454952572
active,93.45833333333333,0.06469210696344659,6.0460164966254455
active,93.5,0.06467773093967692,6.047367842859792
active,93.54166666666667,0.06466339951248,6.0487221627299
active,93.58333333333333,0.06464907443505145,6.050075882546898
active,93.625,0.06463475570317215,6.051429002709492
active,93.66666666666667,0.06462044331262672,6.052781523616036
active,93.70833333333333,0.06460613725920351,6.054133445664529
active,93.75,0.06459183753869462,6.055484769252621
active,93.79166666666667,0.06457754414689583,6.056835494777605
active,93.83333333333333,0.0645632570796067,6.058185622636428
active,93.875,0.06454897633263044,6.059535153225683
active,93.91666666666667,0.06453470190177404,6.060884086941613
active,93.95833333333333,0.06452043378284818,6.0622324241801095
active,94.0,0.06450617197166716,6.063580165336713
active,94.04166666666667,0.0644919541687199,6.0649308566167015
active,94.08333333333333,0.06447774263188238,6.0662809526162675
active,94.125,0.06446353735701305,6.067630453728853
active,94.16666666666667,0.06444933833997406,6.068979360347558
active,94.20833333333333,0.0644351455766312,6.0703276728651305
active,94.25,0.06442095906285386,6.071675391673977
active,94.29166666666667,0.06440677879451512,6.073022517166155
active,94.33333333333333,0.0643926047674917,6.0743690497333835
active,94.375,0.06437843697766386,6.075714989767027
active,94.41666666666667,0.06436427542091558,6.0770603376581125
active,94.45833333333333,0.06435012009313443,6.078405093797323
active,94.5,0.06433597099021157,6.079749258574994
active,94.54166666666667,0.06432186531799271,6.081096350271894
active,94.58333333333333,0.06430776582975993,6.082442851398127
active,94.625,0.06429367252144746,6.083788762341967
active,94.66666666666667,0.06427958538899314,6.085134083491352
active,94.70833333333333,0.0642655044283384,6.086478815233882
active,94.75,0.06425142963542811,6.0878229579568135
active,94.79166666666667,0.0642373610062108,6.089166512047066
active,94.83333333333333,0.06422329853663852,6.09050947789122
active,94.875,0.06420924222266683,6.0918518558755155
active,94.91666666666667,0.06419519206025487,6.093193646385858
active,94.95833333333333,0.0641811480453653,6.094534849807813
active,95.0,0.0641671101739643,6.095875466526609
active,95.04166666666667,0.06415311516629277,6.0972189872630755
active,95.08333333333333,0.06413912626198263,6.098561922076849
active,95.125,0.06412514345704215,6.099904271351135
active,95.16666666666667,0.06411116674748307,6.101246035468806
active,95.20833333333333,0.06409719612932063,6.102587214812401
active,95.25,0.0640832315985735,6.103927809764126
active,95.29166666666667,0.06406927315126384,6.105267820705851
active,95.33333333333333,0.06405532078341733,6.1066072480191185
active,95.375,0.064041374491063,6.107946092085133
active,95.41666666666667,0.06402743427023341,6.109284353284772
active,95.45833333333333,0.0640135001169646,6.110622031998579
active,95.5,0.06399957202729599,6.111959128606767
active,95.54166666666667,0.0639856862446908,6.113299106628166
active,95.58333333333333,0.06397180648628632,6.1146385033142
active,95.625,0.06395793274816307,6.115977319043093
active,95.66666666666667,0.063944065026405,6.117315554192745
active,95.70833333333333,0.06393020331709949,6.11865320914073
active,95.75,0.06391634761633722,6.119990284264288
active,95.79166666666667,0.06390249792021233,6.12132677994034
active,95.83333333333333,0.06388865422482234,6.122662696545475
active,95.875,0.06387481652626811,6.123998034455956
active,95.91666666666667,0.06386098482065393,6.125332794047723
active,95.95833333333333,0.06384715910408745,6.126666975696391
active,96.0,0.06383333937267963,6.128000579777244
active,96.04166666666667,0.06381956140173797,6.129337042958585
active,96.08333333333333,0.06380578937726632,6.130672929332339
active,96.125,0.06379202329541576,6.1320082392718405
active,96.16666666666667,0.06377826315234082,6.13334297315011
active,96.20833333333333,0.06376450894419929,6.134677131339839
active,96.25,0.06375076066715224,6.136010714213403
active,96.29166666666667,0.0637370183173641,6.137343722142852
active,96.33333333333333,0.06372328189100261,6.138676155499918
active,96.375,0.06370955138423876,6.14000801465601
active,96.41666666666667,0.06369582679324688,6.141339299982221
active,96.45833333333333,0.06368210811420463,6.142670011849321
active,96.5,0.06366839534329287,6.144000150627762
active,96.54166666666667,0.06365472379608579,6.145333126480449
active,96.58333333333333,0.06364105811901495,6.14666552999486
active,96.625,0.0636273983083004,6.1479973615395265
active,96.66666666666667,0.06361374436016556,6.149328621482671
active,96.70833333333333,0.06360009627083707,6.150659310192201
active,96.75,0.06358645403654474,6.151989428035703
active,96.79166666666667,0.06357281765352167,6.1533189753804525
active,96.83333333333333,0.0635591871180042,6.1546479525934075
active,96.875,0.06354556242623186,6.155976360041211
active,96.91666666666667,0.0635319435744474,6.157304198090194
active,96.95833333333333,0.06351833055889686,6.158631467106374
active,97.0,0.0635047233758294,6.159958167455451
active,97.04166666666667,0.06349115688931457,6.161287683133902
active,97.08333333333333,0.06347759619796703,6.162616630885966
active,97.125,0.06346404129807422,6.163945011075458
active,97.16666666666667,0.06345049218592688,6.165272824065895
active,97.20833333333333,0.0634369488578189,6.166600070220479
active,97.25,0.06342341131004728,6.167926749902098
active,97.29166666666667,0.06340987953891221,6.169252863473334
active,97.33333333333333,0.06339635354071707,6.170578411296462
active,97.375,0.0633828333117683,6.171903393733439
active,97.41666666666667,0.0633693188483756,6.173227811145924
active,97.45833333333333,0.06335581014685177,6.1745516638952616
active,97.5,0.0633423072035127,6.175874952342488
active,97.54166666666667,0.0633288444389636,6.177201034650574
active,97.58333333333333,0.0633153873959464,6.178526553387769
active,97.625,0.06330193607081447,6.179851508913263
active,97.66666666666667,0.06328849045992432,6.181175901585942
active,97.70833333333333,0.06327505055963555,6.1824997317643895
active,97.75,0.06326161636631077,6.183822999806877
active,97.79166666666667,0.0632481878763158,6.185145706071382
active,97.83333333333333,0.06323476508601947,6.186467850915571
active,97.875,0.0632213479917937,6.187789434696809
active,97.91666666666667,0.06320793659001352,6.189110457772157
active,97.95833333333333,0.063194530877057,6.1904309204983745
active,98.0,0.06318113084930528,6.191750823231917
active,98.04166666666667,0.06316777049175626,6.19307349862927
active,98.08333333333333,0.06315441578340707,6.194395614755843
active,98.125,0.06314106672067542,6.195717171966275
active,98.16666666666667,0.0631277232999821,6.197038170614911
active,98.20833333333333,0.06311438551775099,6.198358611055795
active,98.25,0.06310105337040883,6.199678493642668
active,98.29166666666667,0.0630877268543855,6.200997818728975
active,98.33333333333333,0.0630744059661139,6.202316586667866
active,98.375,0.06306109070202985,6.203634797812186
active,98.41666666666667,0.06304778105857226,6.204952452514487
active,98.45833333333333,0.06303447703218304,6.206269551127021
active,98.5,0.06302117861930705,6.207586094001744
active,98.54166666666667,0.06300791937701387,6.208905388609909
active,98.58333333333333,0.06299466571286223,6.210224128193001
active,98.625,0.0629814176233327,6.211542313101188
active,98.66666666666667,0.06296817510490896,6.212859943684351
active,98.70833333333333,0.06295493815407757,6.214177020292073
active,98.75,0.06294170676732808,6.215493543273648
active,98.79166666666667,0.06292848094115297,6.216809512978071
active,98.83333333333333,0.0629152606720477,6.218124929754047
active,98.875,0.06290204595651061,6.219439793949987
active,98.91666666666667,0.06288883679104304,6.220754105914008
active,98.95833333333333,0.06287563317214928,6.222067865993939
active,99.0,0.06286243509633649,6.223381074537312
active,99.04166666666667,0.06284927570025184,6.224697014145776
active,99.08333333333333,0.06283612181249541,6.2260124029214206
active,99.125,0.06282297342960935,6.227327241210027
active,99.16666666666667,0.06280983054813871,6.228641529357089
active,99.20833333333333,0.06279669316463148,6.229955267707814
active,99.25,0.06278356127563844,6.231268456607116
active,99.29166666666667,0.06277043487771337,6.232581096399624
active,99.33333333333333,0.06275731396741285,6.233893187429676
active,99.375,0.06274419854129636,6.235204730041326
active,99.41666666666667,0.06273108859592626,6.236515724578336
active,99.45833333333333,0.06271798412786779,6.237826171384183
active,99.5,0.06270488513368903,6.239136070802059
active,99.54166666666667,0.06269182433695215,6.240448680874112
active,99.58333333333333,0.06267876897994738,6.241760744253093
active,99.625,0.06266571905927698,6.243072261280469
active,99.66666666666667,0.06265267457154607,6.244383232297425
active,99.70833333333333,0.06263963551336262,6.245693657644864
active,99.75,0.06262660188133735,6.247003537663401
active,99.79166666666667,0.0626135736720839,6.248312872693372
active,99.83333333333333,0.06260055088221866,6.24962166307483
active,99.875,0.06258753350836084,6.250929909147539
active,99.91666666666667,0.06257452154713249,6.252237611250988
active,99.95833333333333,0.06256151499515845,6.25354476972438
active,100.0,0.06254851384906636,6.254851384906636
