0 1
1 1
2 2
3 6
4 15
5 35
6 76
7 156
8 310
9 590
10 1098
11 1984
12 3515
13 6094
14 10398
15 17434
16 28837
17 47038
18 75820
19 120794
20 190479
21 297365
22 460056
23 705576
24 1073473
25 1620680
26 2429352
27 3616580
28 5349359
29 7863564
30 11491946
31 16700534
32 24140606
33 34716813
34 49682700
35 70766326
36 100343410
37 141665826
38 199172140
39 278897192
40 389023478
41 540606678
42 748543820
43 1032844616
44 1420315158
45 1946761600
46 2659891076
47 3623095094
48 4920401713
49 6662912574
50 8997185064
51 12116088688
52 16272878335
53 21799355950
54 29129313088
55 38828680480
56 51634288623
57 68503548132
58 90678083896
59 119765026500
60 157840769584
61 207583098066
62 272439268276
63 356839386632
64 466466992155
65 608601537859
66 792551372020
67 1030200202402
68 1336695959993
69 1731317801706
70 2238566012418
71 2889530083444
72 3723603926469
73 4790633313200
74 6153601295172
75 7891981954408
76 10105923985926
77 12921462874542
78 16497007238584
79 21031401126748
80 26773934116473
81 34036755475474
82 43210253221164
83 54782085062392
84 69360703770136
85 87704407338787
86 110757174873692
87 139692827677312
88 175969395713746
89 221395981085892
90 278214911971700
91 349202586196148
92 437793140235291
93 548229968120604
94 685751192735588
95 856816491322044
96 1069384249807199
97 1333249914358312
98 1660458696133736
99 2065808536877134
100 2567462560505766
101 3187694221776132
102 3953793160381426
103 4899165525940288
104 6064669456588960
105 7500234685505662
106 9266825196490576
107 11438815758244096
108 14106867431540154
109 17381404200712580
110 21396813283137772
111 26316516037970698
112 32339085501320858
113 39705621296067648
114 48708634082324850
115 59702741064184742
116 73117532860023593
117 89473042013023344
118 109398326670950676
119 133653781930341812
120 163157908951796052
121 199019411604966916
122 242575656167923252
123 295438726217183856
124 359550537953115822
125 437248757386331682
126 531345587892038480
127 645221883739194530
128 782939503140669373
129 949375355767817172
130 1150381239459627444
131 1392974316454868290
132 1685563971456073635
133 2038221846201509127
134 2463003086260716836
135 2974328298493340728
136 3589437440844337102
137 4328928895199624886
138 5217399362097148892
139 6284203025245813940
140 7564351736822105769
141 9099581856264171762
142 10939617935139052924
143 13143668794465221352
144 15782197824103080649
145 18939016704322300698
146 22713760391790025648
147 27224811340700464200
148 32612752795095613925
149 39044444882156269514
150 46717833498204492176
151 55867621004597554024
152 66771949999865075443
153 79760277442313726576
154 95222646786271265246
155 113620601288089861148
156 135500023075281983209
157 161506230929121185412
158 192401726140507630560
159 229087041574923562202
160 272625225749710563694
161 324270583053283793819
162 385502395270748457816
163 458064470697868145442
164 544011508076110036783
165 645763426549832230118
166 766169003518995133260
167 908580383901741608876
168 1076940281864347894254
169 1275883995224991268434
170 1510858700085900307828
171 1788262896413217207172
172 2115609343064898622553
173 2501715363323856326488
174 2956925031054465949780
175 3493368476697563108078
176 4125264397062688234471
177 4869272831266607002116
178 5744906397954984603880
179 6775009500041418311718
180 7986316520153227920154
181 9410101784511168669504
182 11082936101616407048268
183 13047567026909651606284
184 15353942713872292842972
185 18060402341489477816648
186 21235059721560611781424
187 24957410860556207412000
188 29320201064083608976878
189 34431592724612988926562
190 40417681336418919393432
191 47425414663713776932296
192 55625978495608816792429
193 65218722223419655159268
194 76435708765321923832892
195 89546986362230373179106
196 104866694731273547633945
197 122760135280769856833618
198 143651954897074013348064
199 168035615591522104372396
200 196484348482948620602584
201 229663820689305321250530
202 268346778284679017277124
203 313429968202142253417980
204 365953687579535002715303
205 427124361413480055232288
206 498340609488780752213844
207 581223332508352878672970
208 677650426445678829477557
209 789796824842731726877434
210 920180672754875529138144
211 1071716555211133688225522
212 1247776839594500748681555
213 1452262347741648088558170
214 1689683752654141220334484
215 1965255299743105515927352
216 2285002687189603114565051
217 2655887208504459174580712
218 3085948567512973426879712
219 3584469127240234169302128
220 4162162755761086872976044
221 4831391891099955444257792
222 5606416971797955238358696
223 6503682979003980793068876
224 7542148520358352253027115
225 8743663667430014513713811
226 10133403650586789864044136
227 11740366533327688351737412
228 13597944149802113131574630
229 15744576914393168610817900
230 18224504623478488834521324
231 21088627092511271258884020
232 24395490435590748263012092
233 28212417032881893243202174
234 32616799781257115410225858
235 37697584128116653332128208
236 43556964696015343185038704
237 50312327071530603176427724
238 58098469618198132393373528
239 67070145051144185119889198
240 77404967060566849514197743
241 89306733583508415839879402
242 103009225501608325906336136
243 118780547703665045540886280
244 136928088728342826233464701
245 157804185744290736650303642
246 181812593602225468342031832
247 209415870298560525556744844
248 241143806640726404552833168
249 277603045446891773453061816
250 319488055526246797734733540
251 367593648285835101762927600
252 422829250452946615206336757
253 486235175491807346703856576
254 559001169285904593820483044
255 642487543068404952957305298
256 738249248995484598093561662
257 848063301829409483838268980
258 973960004673658204094495656
259 1118258498421322787162760682
260 1283607224489046414338846818
261 1473029969582813148385473053
262 1689978250887848642593691388
263 1938390901556974346630251540
264 2222761831229307657738057148
265 2548217066280751495268909214
266 2920602321547901647428693628
267 3346582521586534581383671024
268 3833754877614980014593928829
269 4390777338958589629247035450
270 5027514478217978404207356724
271 5755203141095807584478438092
272 6586640498851094093204320927
273 7536397488230617432618146588
274 8621061015549201273962530756
275 9859508744091739859102507972
276 11273220783648822767928315209
277 12886633165044900790897847578
278 14727538619154964328586698904
279 16827540898338781349011938212
280 19222569688807622379691269300
281 21953464076826238703508981484
282 25066633562943161963683368548
283 28614806781365242105215642280
284 32657879392707198262805482621
285 37263874096266613370160913908
286 42510027373616348606340696988
287 48484019452172393958645794010
288 55285366091888873513029508215
289 63026993180009909312434120376
290 71837017801175609710415704166
291 81860762470533106886389609284
292 93263032617826544945437520525
293 106230691237856775640154340128
294 120975568930098920358435485392
295 137737752396987346944064582464
296 156789299923000453510789319268
297 178438438489882942527441894854
298 203034304080888092822870558584
299 230972294482727737897948163928
300 262700112613284039598759841504
301 298724588204105190384699219888
302 339619376681576988674781761204
303 386033646467692311793066683436
304 438701879826646131450695817327
305 498454928003158011654568776942
306 566232478940907583358588685384
307 643097115568196136267456339586
308 730250164754304279611261906919
309 829049561866637733989865602742
310 941029983723213242143410441266
311 1067925534003957235461530578824
312 1211695300267936449886168991176
313 1374552141081044131726898129704
314 1558995105903344697336972966896
315 1767845939891615022739231091960
316 2004290181282974093234972488610
317 2271923421258144814923712974032
318 2574803365940892347649435554120
319 2917508418371221779934087455818
320 3305203585897326707689653597396
321 3743714616586300390291514350072
322 4239611378209073316371376244156
323 4800301616510560292162948235992
324 5434136367395011336173640774791
325 6150528452085190169298953065850
326 6960085657202146750422732601908
327 7874760395237132996482996223836
328 8908017857479122249819976922615
329 10075024913833378599493287040352
330 11392862285146375837397965229952
331 12880762817018788050373315364872
332 14560379023411004490830396814833
333 16456083447830102652542034937280
334 18595305814224287313294305324052
335 21008911414132003164645033271110
336 23731625706971987585451507214860
337 26802510703121794682464841801556
338 30265499361866837102181066147484
339 34169994976492107504664029662558
340 38571543345742177591160098903833
341 43532586454629495205498413147465
342 49123307419310259644470062658196
343 55422577602930474968110675767196
344 62519018095850318370764202011958
345 70512189189939321627725462282136
346 79513923079910318818869707853404
347 89649816814091455310158334626336
348 101060904513958743317546984508493
349 113905530109916639397133493473192
350 128361444326654478611348947765880
351 144628152424338879088557329490140
352 162929542294658291163967964921007
353 183516825959731766692989242751180
354 206671831367639433423755108643520
355 232710685665884680941916713872704
356 261987935913567356821110452515829
357 294901158520154335601621183583868
358 331896114635431428920810482307256
359 373472515330381450669336225851740
360 420190467778913159442820925154269
361 472677681860650032481732442908054
362 531637525749929446865368035958336
363 597858029240823037153364671615636
364 672221944899090252653555518155435
365 755717989759181413081531158364216
366 849453404341731808931932648259104
367 954667981414378209748063392248144
368 1072749734333791923290335350843643
369 1205252394186758197489979306793078
370 1353914946511865955830287155752400
371 1520683442373919950058532582631870
372 1707735345250272327884497754649765
373 1917506704871221763295805870058012
374 2152722482167591277345674258962206
375 2416430386186085837512221523753100
376 2712038624645865886706048226093560
377 3043358015181427820016269865571412
378 3414648954750306510726424920444564
379 3830673800737064029923437312401140
380 4296755279575963943683577262598059
381 4818841607929345128687640060464324
382 5403579088357147415809796949097292
383 6058393026837884730072136345595154
384 6791577914386458985070753592980380
385 7612397920394443120899278592171807
386 8531198862340550079873455204488216
387 9559532946453432859958896612499976
388 10710297718163184271954805819649934
389 11997890821310935272859036995245820
390 13438382342824478660618512702496680
391 15049706716824058114130997276086532
392 16851876381013733335558788431764264
393 18867219621084369867064430332471680
394 21120645308299584630397025734088916
395 23639937534328696394007502208398280
396 26456083478910508072285791438781275
397 29603638213597421835180919702008810
398 33121130552534764756155458294295820
399 37051514513283538705788853917411014
400 41442671451862398575101237384701708
401 46347968491738959710026084298465720
402 51826879482273260854177215932612608
403 57945675404556976110262630102153722
404 64778191898832975252738364319610246
405 72406682425607242601916053705489200
406 80922766500897880415304041313598816
407 90428483474442471538284509546042464
408 101037463458759470269272584074352475
409 112876228278506756592281757823884244
410 126085636706614077142026884528532248
411 140822489800565275015000272390786620
412 157261313864858665163235450049131398
413 175596340461631886228044384507348076
414 196043704990090214022526070302738380
415 218843887678140732416357266404797044
416 244264423400161336975199518815603941
417 272602909579242853001428479824368676
418 304190344579375637814563438329174512
419 339394832474751731704719479814353868
420 378625693934773318197798312908169603
421 422338027223302119670143691768152854
422 471037768021982086999628265059830540
423 525287301997387354627818296974687704
424 585711689792449877206275693075176396
425 653005570491660989434507880852154520
426 727940816650417779113381834603192704
427 811375021761649972074048075268755784
428 904260909634787497435006050240989833
429 1007656764668440347232462024275966480
430 1122737992502853641970811707572442376
431 1250809932144921624577024602558649886
432 1393322053481581881530492627863354796
433 1551883688262769561793010124808811598
434 1728281458281699287450010102327905868
435 1924498581761179349073509370786386762
436 2142736258038716473706869490388997468
437 2385437351716337114385691327043664268
438 2655312620708298350367550714828384420
439 2955369758307034491843953388121589264
440 3288945547743614797345761326215654790
441 3659741459017800482791426790748683388
442 4071863052316451992863549928876100596
443 4529863590460151727705305122486976592
444 5038792304882782295414518028823233737
445 5604247806060830694198856733219351326
446 6232437180512567438642403974078828312
447 6930241372971047293624280607267436532
448 7705287514637527031309306134827309356
449 8566028927136115105210650802249079420
450 9521833607568677939271343740991042688
451 10583082083629293250597188529077121530
452 11761275619870105689894071741969925308
453 13069155857784899267290336050068946288
454 14520837084349881158850866421381469440
455 16131952447085783894168857237324512580
456 17919815569739535793573138553765379217
457 19903599172601341283521529859391837068
458 22104532466675246939803310798128840044
459 24546119272949189814699683630729738368
460 27254379018558830392985277418232070239
461 30258112982571668234350583582266676218
462 33589198407482964416455784585639574284
463 37282913360565476813953979791390151608
464 41378295524427288493362732228552982296
465 45918538421228096628827309246703654418
466 50951428932976041777470287855362851420
467 56529830374462546885816001724727073850
468 62712215809305004997129841553172406348
469 69563256777226880496745918623536593356
470 77154473126474221874842772438647327816
471 85564950223939326059010854004104451072
472 94882130452401170489030314920131075763
473 105202686605081310841127839575875068260
474 116633485558805007436539853390532940716
475 129292651455426195502149571517848702812
476 143310738554482025532941641265302471845
477 158832024946699682323119659708311216632
478 176015939447220653288368720877472464388
479 195038635229375009451714827524842377474
480 216094725125661379411605117697397551420
481 239399195024485153553583023218864126761
482 265189513442588344105688267168315819044
483 293727957168687108517651514958080084162
484 325304174869768338555301851717882144147
485 360238012745507618779080952815362888628
486 398882628727802814809816133447228114792
487 441627924372804657698321380481471395080
488 488904326505472037392588649283283824480
489 541186953877258096691043203690737020330
490 599000207614202689411393016864606473548
491 662922828096350881659546387597890834360
492 733593465153904765269828770066412794357
493 811716813127986529218149841008317983228
494 898070367465067398484054449353193183434
495 993511865138647941989620647968585865046
496 1098987477368608312703285098024116027412
497 1215540829891439536977320724067764015938
498 1344322933482134028456191864273892652180
499 1486603115605318296896829432813449168572
500 1643781053049901500607437276388342882780
501 1817400015255510266968154462831012890638
502 2009161438855117667428142493553213449440
503 2220940965829503933058006609382196234848
504 2454806090697345415372350705087340599192
505 2713035576461379303693092909765130231852
506 2998140814718442584787839215746404905112
507 3312889322553092638246584409793021039736
508 3660330587717590732039045275711133361995
509 4043824494315826177888238041631297171614
510 4467072583931099947470196240867727693712
511 4934152432060094357565381491187630073224
512 5449555447048622253052538395166128449612
513 6018228428699652969910175713134116674968
514 6645619256593292231251910559057511239832
515 7337727114198398282382054154865772331150
516 8101157694369045981199483132267771610934
517 8943183875137399918803181511212007740036
518 9871812402200292977751875676803856772116
519 10895857166546685407620555037149725916444
520 12025019722721341258178067791241704684014
521 13269977755741511782422121525995306344900
522 14642482273197842783514294724239568554612
523 16155464374146642622551398992461369293852
524 17823152528659953402147113004209094382348
525 19661201392022788968156402732771953091850
526 21686833276297420552963707048444099535504
527 23918993510126349796473165227161696268720
528 26378521036108376574277691545816724456833
529 29088335724828882624198145821290004027522
530 32073644026719913210040337134413385689480
531 35362164738530913862827761368986584557094
532 38984376831578565331418625636815179944000
533 42973791475503992776886002302332230319773
534 47367250595516998113712746047635088511496
535 52205254524710444443219656392242072312196
536 57532321557798353010812787001648229625735
537 63397382480551965062132219414309555807976
538 69854213442446226322304114311688931522720
539 76961910860952954540648818520176540219148
540 84785412397113687337920414178015200412240
541 93396068426321562351380364618081598099380
542 102872268848725502954910488217073594899864
543 113300130543714588153820383405569992180840
544 124774251276230130451922894113476386298420
545 137398536413211693280851027654886343299180
546 151287105410705738700636167084332925694956
547 166565285690850961067752096133323105960754
548 183370702248343104532119773525746783730564
549 201854472113796144445251599082459406095934
550 222182513662903384923008256554493539392832
551 244536981702281562924553638454343542786784
552 269117840292798789812576320076609432481599
553 296144586397170213735793723255177604289788
554 325858138669524338828734936936144058764392
555 358522907050179611591003454312750200293364
556 394429060299591129142885252530532000965211
557 433895010212861383791309577475598127774968
558 477270133012938506368408871132344948600668
559 524937750340378532337231664065709353529502
560 577318394355302577093648243869802515752455
561 634873383759275665602486693952563042770026
562 698108740049096618295284086440338180984896
563 767579476050361897650621448047021663075542
564 843894291767359007795862227070220011492516
565 927720715850488048212868131495211855147894
566 1019790734548229886345171819638431816212604
567 1120906953905186009878481100990988555852312
568 1231949345220906304037450525679059292698940
569 1353882628428805403037630082986661702480468
570 1487764353126107842995460401109710321670696
571 1634753742523336315475234937495228935493304
572 1796121371627749984412794155091702900415881
573 1973259757575552799231193241748870435296628
574 2167694947232984834200094771944683092905422
575 2381099195051471394731548318595165304344494
576 2615304832746655367633586201299247622245385
577 2872319441740569211385227490130250257275868
578 3154342449531453467864052588869994992351276
579 3463783282314205857198585604667724534086848
580 3803281218350488985703941085248324841879429
581 4175727099873023413253622242874591685603114
582 4584287075803651027451987663540712288361752
583 5032428563378420484910980288721035726493804
584 5523948634024006844218598764615181723005579
585 6063005047647612951899652642814277638737618
586 6654150180028024890268969129052551739719612
587 7302368110382172847321789621901784374092504
588 8013115160596504905184162892547896522359066
589 8792364204237698772520098188403041274363576
590 9646653092490870046654797223658361691322380
591 10583137575831233110707339939028737824015398
592 11609649134752020434777165121267935540395781
593 12734758170503077984755450291526629352033084
594 13967843047819288734236875315164190005778672
595 15319165526338829935250520988430773487640828
596 16799953166158036365424708080308746633546880
597 18422489346101258375465612232189194452735318
598 20200211591191201661188299628588562028521180
599 22147818968912912838191670360976965343917044
600 24281389382635406664746586203757789594167073
601 26618507665492243277524027408488231098574260
602 29178405459673789402284973523127956319610626
603 31982113955045237583976451265484973849613212
604 35052630657923879006722911685577141172155290
605 38415101466431719543587044485942779118263484
606 42097019443852262182839843194471429175707004
607 46128441806697372900483486527875694491876578
608 50542226780638917787928934405483408493316997
609 55374292126067062492788283379991258345565184
610 60663897296875845009527136221198454254970380
611 66453951372313763342847312004085817844761932
612 72791349093641487083131924164934078805914284
613 79727337546289985692986721669504306087259508
614 87317916255710274111023768834428075712849940
615 95624273712781240569697315029850060322913500
616 104713263614267285126908489964416270804520472
617 114657924397319664456231569873416339831328466
618 125538045966488972179083810820412021900223472
619 137440787859437540181631920246391191756410992
620 150461353475983838091638788087571765959265581
621 164703725406964946618121252222555340782769844
622 180281467347589764240743075209652612986946372
623 197318598567649781431895469572653942138277028
624 215950547441605878283838599374411242652379699
625 236325191118926946669488956821542896710928796
626 258603989043191476400772052030647133124657476
627 282963218711800582066537024410144580573150698
628 309595322811496122261508696070736771562889977
629 338710377673450895915625278158292133545185836
630 370537693871169606413521115556899496521948552
631 405327560740967884264746193376899019580116708
632 443353147645070640670456565075028114287281842
633 484912575928654022642635600126246245980985120
634 530331176752335035952244373254044884750294192
635 579963951319254554105697649625154487812687348
636 634198251470302891461331963899594001317908779
637 693456700202299700872643960605465855795662102
638 758200373383024069098764270902420078319213196
639 828932265805797260029301805089615315846141140
640 906201066757768661833624716740040897859671702
641 990605272484168623478459189604137424987785264
642 1082797665330791485222048661178447089895854972
643 1183490191955379049671861185601159751392474568
644 1293459275833319100824505490769061009601410627
645 1413551602363613823144802190920319629127949505
646 1544690418228525014785503438143828560850922424
647 1687882390297580071893744064607430977873626692
648 1844225073318586995929803017229432174639636321
649 2014915039931933446617905268009266265666995798
650 2201256731209000544567204218376088548478112536
651 2404672090982757055012564234848106017423265808
652 2626711052742956899327702764876227785110803286
653 2869062953847204884384948879446875464679027086
654 3133568958293008585606415654933030732389443212
655 3422235576348754708278620069668734993032755954
656 3737249377001009602788326801326261978720156635
657 4080992997493348432186959391847797020425270212
658 4456062563264134561805487658652171764632872436
659 4865286641398100477638036944662448474869260628
660 5311746861355151669651237773120650487389646477
661 5798800348301008930138184453057366767651102854
662 6330104126915625607186838403570045396205733276
663 6909641667180789733778865897167223996968402900
664 7541751758439037722688243258157742727512828771
665 8231159914070712261524282947188126440479648572
666 8983012526561730056622385201376458633950642912
667 9802914011647405188881279454753077852783197488
668 10696967200743250148480856003920844541096790274
669 11671817263148335734507841975521724465794096032
670 12734699463678232157050862095779378199737776132
671 13893491087612835738269160942775325901594869468
672 15156767893302952058744942132930921497867268987
673 16533865483656294510498805098507549774455447100
674 18034946021222198338089768673763915126189735960
675 19671070747935468559373736189209048178592218374
676 21454278810002397986069074091942873456532027311
677 23397672931175049855803226020453357469654596690
678 25515512524043902905947444983007294949142535928
679 27823314879287752891014721628786374231819065944
680 30337965127382469858777473050590697108995677750
681 33077835726443292268922579998627235859722603940
682 36062916294044868267007120726344289732230716156
683 39314954670447342356816526569127139268103066112
684 42857610176108219120310439943433675603721374492
685 46716620108168826941886842202207664477318340820
686 50919980609301874274696167747841628208939811760
687 55498143138467700376760845683660918457085535274
688 60484227877373778728175888656015190148898845993
689 65914255519438684569144874337257661405363161028
690 71827399010557595253407494427098187168301513654
691 78266256943741173709634110020724334867021810696
692 85277150453608250678317640969460314140079489291
693 92910445612680394380107850864943442509429121456
694 101220903500454781902114944352303996684760044116
695 110268060299404754030735924570303976890353607468
696 120116639970548204344682739759548849980234581146
697 130837002276302125090261267267867877391187325316
698 142505629151381106873701893300258461090023959684
699 155205652674985058589819595931197728101909452884
700 169027428171065540337362838867775898126945546994
701 184069156259801435823548832037443794909388803722
702 200437558004436388653114572626297297429905832616
703 218248607645369833067658268955433145022263954444
704 237628327790054609133287533134279644650697156018
705 258713652335221330974917830080380856098169621817
706 281653362839801968242652650848309801115620911080
707 306609104545452207821784661341381653414947560794
708 333756488759791443058563744551135141996581215067
709 363286288878654120941101292735885104548145510668
710 395405737931306056445091098799497992797562467344
711 430339936190541039478088821284286613200747643072
712 468333378101964111066247918602644427062148459655
713 509651608558051488548356485566761380018240505232
714 554583019377579279118454748721039699957498274128
715 603440797754951860920085169618282245289604864812
716 656565039422477740670543893500577449913547069808
717 714325040327835098143932886871791834382234193990
718 777121781775434859804269035609339405452592096992
719 845390625221253982341460612743493830190996509016
720 919604234253680770051328573446059921544938707296
721 1000275742746316040040463111547315517760093072662
722 1087962189741510779398397553289392332597968999692
723 1183268243325422036849692709653253031165620942668
724 1286850237597049294427674331656167568351208813121
725 1399420548826437218600235512436568542703525829124
726 1521752339053277744551071009576794895607196146672
727 1654684697709784933379910144585350991739409472664
728 1799128214375288860077200520474048142629419857619
729 1956071018499993061149478603183421620765999601680
730 2126585324888503244929078972045441790453607537060
731 2311834526928148220223276776871400853722072147968
732 2513080883002315485019347919746863625222986629435
733 2731693845266120500351389124082041639021678542008
734 2969159084003520795838827004321531145133918705492
735 3227088265156102452270946651350842285904340459014
736 3507229643340809568157250462508772919758273442990
737 3811479537785589875247446305617357178829248105156
738 4141894764139324159042594311758996260041031449440
739 4500706101089008072694821744562280858775049765438
740 4890332877179155711196507942585624080755844619121
741 5313398770214879537297252182407202545110896588404
742 5772748919183275695707462525505773520014978671752
743 6271468456793179326727908555958359622624557533036
744 6812902579560256577387639221313203521417576690729
745 7400678281905894692009167736303772566351742783604
746 8038727891051795370734650201880838294735167042892
747 8731314550639490482471313568525660649149166475232
748 9483059813052028766227775977474449839396230171572
749 10298973513435985822190790488563094850573867512604
750 11184486112493617546316725922953034928168380339012
751 12145483710321482256951758287507211033356045010918
752 13188345950003941794369396258666763961294928154725
753 14319987047425553801469930840978102898969811960736
754 15547900202951182976329030477985360113294347030668
755 16880205671350754509401265949605533159005601029016
756 18325702788740040898639439297978183842512066808161
757 19893926279502541392720594886026006486545342875762
758 21595207192293707133698950990379832510433860608064
759 23440738842462131238999276121419109742310753491068
760 25442648168719715715673076744141836367292634761149
761 27614072944834263444461433688782681970397541164756
762 29969245322697633462468896037162184721166407746624
763 32523582221550053660145649422574375117553158100644
764 35293783119642416891552513553085990916263679050176
765 38297935849437190510143409044724823950390011319536
766 41555631045847915571980680836082645079214609481868
767 45088085949280799750259246228786044203218268788110
768 48918278321675536958404374799080886674128288367975
769 53071091294676152045151146761643815028427146083248
770 57573470034852191153406612338429375202652622258804
771 62454591181919676883381902815946769589906565899404
772 67746046092593709917962088738272675167615228922381
773 73482039005486617522697572065379471321162280776812
774 79699601331828237675861070621050921103149353898880
775 86438823373247030206711502768899476678332245672920
776 93743104871971518099740397912295305536882352136821
777 101659425911194071481520862965949277207789867108640
778 110238639804633320707716290038875444647014244435448
779 119535789745238313967708399243651891769090507751724
780 129610451124252357998554941696073735930452733348821
781 140527101584311611548574849712940668660508587620470
782 152355521034770678685690617485630267208278323871652
783 165171224034970735228463022836240626779595763271702
784 179055927142714776817123895464426718994188835491925
785 194098054031888337756295435782705579506886114752848
786 210393281406146820462176967774769741860825823537032
787 228045128976158689026092133596255855233312528234906
788 247165597027422560746701859435883686937625855555366
789 267875855385647694507117543595436554514658755685486
790 290306987888698422396342181626121009922622858847876
791 314600796799874310019383730870133912297554306055552
792 340910671948683086466176145504721918003299389640054
793 369402529764259926770461365925333081894179577257648
794 400255827775346220552316469384347919443051712599184
795 433664660591581541586861240293804964713704963490104
796 469838943856281210715098164617951573919087211060177
797 509005693173558446238474685151162277934287393981344
798 551410405565501967929192866214478025972987689746268
799 597318551611257806417730135947189497216597482639788
800 647017187062649192871230321859706834248553322261028
801 700816693424020847957168051573599985371294830092280
802 759052657731212469164549252360407487342256619223508
803 822087902570149348365499578725142128577376174204816
804 890314678244007235858854719553980028599065574310119
805 964157029934132595693149800212867661811545590970010
806 1044073353709120929335361762550871950531994613029812
807 1130559156324319881043778453665653670046898945448084
808 1224150034926608344540104151096797738344186182908011
809 1325424894043151635152784171983538301786028084074514
810 1435009418594991167424007992253127063435756066886280
811 1553579823144379595841954298080772218360903196649012
812 1681866899166884028329812741733250563875282333947333
813 1820660383844240132406620299282500480924975056051428
814 1970813675711209943914462812472758423457004783913940
815 2133248924469459906152224348490838566063225960467310
816 2308962524414694547503428806510546151524812402362139
817 2499031043221753043072151463249611659670753074380838
818 2704617620308798152410656379342492093978368804316124
819 2926978871669764838253800176697828906199790300994950
820 3167472340938595265931029709019840660093288247634856
821 3427564539545293372657850922929191650060520853172104
822 3708839622159515322129226623566659343493930938727144
823 4013008747210596356908488883445837779408569493961400
824 4341920176143316820305250817128483818513936323093008
825 4697570169237544960761415946104460061928265974613992
826 5082114740309986424506927338546845309027970576804260
827 5497882337452176556701358073307367065078286504065076
828 5947387522166990146577712907459758519500210566880346
829 6433345724874734391133979740738719806583284609518114
830 6958689160799907363553417487199961246556736080250956
831 7526583996753833034392556318739851207864245043640172
832 8140448866331999665180321889252379022224733683994977
833 8803974838586080511265197138812979240954247379623141
834 9521146953350228737488418285310275765395371157307620
835 10296267445143327454029180772311499148122696612739628
836 11133980786980778231970017748458283785593540517482871
837 12039300695562035741541825722362159059733087628223354
838 13017639250208188847765086303659079167382521349003212
839 14074838289666321429646055035428485194520348680653960
840 15217203263537464803237343349125311775807503376218295
841 16451539728690748203068741531740091150975602490577874
842 17785192695671055192085276076958761329607673854939888
843 19226089045869795734278830175616240239754378828317648
844 20782783257192912718916312944648442863153211205525111
845 22464506694217918623437357350478144853405696699116110
846 24281220738480390676740072826805130487784309884124336
847 26243674055675064904204278000491411781963745873560800
848 28363464319310465910362828838761175852698052495533207
849 30653104734840363044375493616021591910645110480996602
850 33126095734640824769520547758010513053703778435433678
851 35797002242548594788344272196226470789754567841945914
852 38681536937175777722539043247851288671314616978728554
853 41796649976029518827818571741965011772947905080923838
854 45160625677767725735231480806598313449027679448081808
855 48793186697900157509002932687070680033961766421723692
856 52715606274099621048160475358828967691114871788112623
857 56950829161236802381470668224687482653928546348361612
858 61523601923526778794702249573749091413497826187565000
859 66460613302025180423701183450367627180319604278900532
860 71790645430405565882788075100836413767194725215551179
861 77544736730775084149608432798571334364270229278899164
862 83756357384552597073169180474192360985464814217137388
863 90461598341474843415294491074255744677317781814186460
864 97699374902969372036739111569885623562974279575039985
865 105511645994821843373362934097218501194595636020392780
866 113943650328682384725546790610167863049524043065333240
867 123044160742944080906461100396587556335831153511023162
868 132865758111362339921961500881036012114194387939700834
869 143465126312978021109266692217017741823738017790273296
870 154903369870008946988754385444401576297803637951684684
871 167246355981973488449341856138620522673921082103431620
872 180565082815039702311770101333180318063915202638565579
873 194936076046134239015240374841448387520285851467709732
874 210441815812427433071257168071346300642863220900933460
875 227171196379219112860108208929792174376538195232734492
876 245220021013826113566771390920853528748410071493360869
877 264691534740721806404566258524225218601907967836748000
878 285696997854871443758313711488223806401829284569401240
879 308356303286987636891688630260753832109452614991263746
880 332798641147417538924412766601209192797593734478700631
881 359163214025769461287982745533899313150315059396669842
882 387600006892482343231072067683537865972831388031295980
883 418270615737722294468386464794892907710801891689340094
884 451349139393743779919264724622322519197458230508578227
885 487023139320775648468531515479063014483319445965444240
886 525494672495298125840652309412265158669373255898994220
887 566981402925105906344715625599203768662742539803992360
888 611717797729779373957179401941515072988853628235015447
889 659956414170230342764658641861134838778419786174378636
890 711969284489125445977406251959303131691230619713482644
891 768049405937660965540192837475904981660694113624976604
892 828512343915987763220586592332323282215278463392974055
893 893697956747376053309763327347560638121992098728171784
894 963972251242984692414414319490087241688352307143516832
895 1039729378898096662383474311813685415141684027142646436
896 1121393783295376257345409345834661820149781957336610702
897 1209422510079822632058305892987590091887375746345198832
898 1304307691717639392191456006275921516351748578935715412
899 1406579220161503165260956044978377100345008149982724964
900 1516807621522300851184378939123099581751002465894612761
901 1635607147897256326218356861220653478201448613680916865
902 1763639102631783380538470443426623978680432816501333416
903 1901615416503069030006098901578355353433589318044467744
904 2050302493613410148396594376793997473493344496652738243
905 2210525347177240240404714835469230402124317062646591904
906 2383172046884611272897394634106861396034608387079170940
907 2569198501133166780727168527748427775268685264298362688
908 2769633599148432512046228783808864871782588729339831430
909 2985584739867221167978870065398826535720334490226457932
910 3218243776450387946222383372144790696604039874975173656
911 3468893407429046576093045792588149615807412886812434178
912 3738914047783346058117220008029555282571389962470906338
913 4029791215716474772731155790449049132003074816126945572
914 4343123473530988621665367419590569505032466013576878788
915 4680630963853029830599463548286828032500800620437979326
916 5044164585496641985514441325551852789080207943366983919
917 5435715856530344747084300593750299037487905889955402824
918 5857427515617652580775222670565685623110805828889707136
919 6311604916469722409614798746824944343083447658901475756
920 6800728274290468552071017447624817281478341438845998256
921 7327465827432309380433911751633425853017680677655274508
922 7894687982135671435526570978407940780016015076148693728
923 8505482513220481950779134826514083182868999614414312128
924 9163170898957795167046381009252525063731088361542788240
925 9871325874100861725474218581420492460465492756843568644
926 10633790291225705808008083950113046935634314760309869888
927 11454697387152001029123982877921627127215450441357933568
928 12338492558318295679967072471836134773556221494341777943
929 13289956756606331587654798585356989248492513646991208128
930 14314231625284734533682806478533123678230520032679002856
931 15416846503512817442545869494604405859658969701722821216
932 16603747437253594653552365366083887986880969293966852425
933 17881328344537400029249507306907850832443019037669001634
934 19256464493843075212914265267645410006973093835131939700
935 20736548465975421563146839535756367734229603301923856684
936 22329528782272148487325006256550865416056540805838916947
937 24043951395331612900941230168458543794997199093188430916
938 25889004252779280371417242965553388977617979971802781232
939 27874565159955747294998935165412816569953590048809397592
940 30011253183887022072727175135256318003462596117264814067
941 32310483858568579120330755376201889817710132803551220824
942 34784528470544188284004887118933355004429471979398849764
943 37446577724080511838706688401669086157734782332196753948
944 40310810107027324694335434464732430118366756216874089572
945 43392465301816331662718079241649911599847188726540567546
946 46707923011101813023278735262326336931901958114189302688
947 50274787594404644245237401248169277649667040890486423338
948 54111978940917126802103077505145034006102344071852340991
949 58239830034498262144855493822901654379636223634938469396
950 62680191699986185824591943834754082584966745007847244688
951 67456545055435592642379809048231915074967131551770619412
952 72594122232923563101991924759920087112126343452816371801
953 78120035971339776281623900561387386958741765805512417192
954 84063418728282139508266791839390419597807079676487984302
955 90455572005025712151295036139999617133138006094354890936
956 97330126628745611802354930223561881716500700366894861473
957 104723214789993402478726769135590743318587870718030019010
958 112673654691108302456945609899025931180482723148307878124
959 121223148723064623434894645196735501775526847152834173270
960 130416496154509832588197890084894280109796443872659376829
961 140301821387749010292178135004989745008648315392985061984
962 150930818912519041209196868482088912320193949381606102332
963 162359016169931256937680736374630558360532397284608398234
964 174646055626331597173206435005208494231156546306688761042
965 187855997450447134524850609000837088439134090083671891794
966 202057644287500697369668452228531938463131294513271177032
967 217324889731456272250740730223360097670741336818652563712
968 233737092211715271225688894302267459108862770116197832195
969 251379476133961799863507096069525677850339518884495735970
970 270343562247036239533386414363338120786627359381739466344
971 290727629349324210553679812136032514836380296842521452952
972 312637209599849583863814222888771195271272491335716062912
973 336185619861769815179731596775536078016805364669136985944
974 361494531680053797736452490300978814631604063204311218884
975 388694582681594628083354984329154943183005350446819985996
976 417926032385747502115354306686353068058695582373758152657
977 449339465627223138050871980491854672155103161699882333594
978 483096547022412049004446928299433215626249707728687270348
979 519370830155637274947492009688853714088787273935172447776
980 558348625424680555737821619633691226604851243267864591474
981 600229930766427436430876038597430839889476438999306468894
982 645229429784944406378501601090795729656358414987311025204
983 693577562127141723715900123741098256928818139055830208560
984 745521671296893158635108417259933318013024122497585051938
985 801327235468687663397297678194116293287116733800703589572
986 861279187258299460249998853453944164236675089537280524504
987 925683328832423888236981833754288541868710480730839698712
988 994867849193706689265215460881817341558565981441329319782
989 1069184950964201725978786676858268862270855799586494370900
990 1149012594511280759274061660770962668571653966860190447470
991 1234756367817800248872478595812628554120046595311623831170
992 1326851491095483437912981204720988104790021927541356988356
993 1425764965779759990973472734417202570072220367520846271420
994 1531997878228670809321495560261893878261500422384090107488
995 1646087869181048117743981118951262726393890395087541240658
996 1768611780813395566591495723987395966454007018540602600045
997 1900188494074329402728923195708553627416784761354738604676
998 2041481969873959798372659388968356028093731946321269299952
999 2193204508667319103457362516869115703319891953649609104900
1000 2356120244000295323754039955028652488598713672453208511293
1001 2531048886688224756807665593319090510392227914910248779082
1002 2718869737476384748800479661254391038634804489068256564452
1003 2920525987293502848702843607487454480834688699684248291596
1004 3137029325559832720555242881518899273690665237799553479399
1005 3369464878456509802801817594883724023090422379838802173988
1006 3618996500609387358034520783125676778386534929834681320156
1007 3886872445295418727803891167459165142839792760301955965922
1008 4174431440050434087772488613738368968854388217157144236999
1009 4483109196451920309133757935573147254508329129390665051134
1010 4814445384877767624333869044742811651060897047485481335372
1011 5170091107211108183507236012692363625263423442875314218832
1012 5551816902782186077739166024170209418275944446642434697008
1013 5961521325321191588132041532595370713427784653277800952544
1014 6401240131352415127264490618307670448645153130545050469428
1015 6873156123301954252373337113118029641610484311588501099148
1016 7379609693631393754548599690454989330481390220320333400385
1017 7923110119562112073176512869366639484315043354382257045080
1018 8506347661433829870541505482811681299313416782569733665176
1019 9132206521462400570844514093240245713013485892881809126384
1020 9803778723642418267980678371758165373503099929588613823124
1021 10524378979797907637375728041793793537009149589104508713658
1022 11297560611338315632058279840385344220096331850906507302384
1023 12127132601147712213589548707582640500492169482461710977972
1024 13017177855244397223459608580633925328490319541943742083434
1025 13972072759419372019286525640026097810321143425197911627288
1026 14996508122020338215571415034408053858344001210745644936068
1027 16095511600419712495351683988561679934482221553533961209052
1028 17274471715519103177384797302177192774646438949257333176709
1029 18539163565929238814596875543280615225447649038149800645000
1030 19895776361256012455831132163948584171413112666734281070824
1031 21350942902254872776083575983928542591972868628305427163476
1032 22911771144524396065089089590598956944151852254532030714164
1033 24585877991935188755777014264121976943919733287981828901390
1034 26381425476174685181443023060109167375349453005902841475736
1035 28307159489677198288419140955699407365762413280822912186796
1036 30372451250850119068392960980642797806572758790024714091143
1037 32587341692953107861776696960451792879970711689469687495802
1038 34962588981292662340736504783817055905212695448979336907504
1039 37509719377618526584240890722970677353543516576116832731142
1040 40241081685813979827338657251070127625964096386443971588766
1041 43169905529226353018563064830026419707079464563644189952832
1042 46310363727358980722380956463314417282921801820979844434464
1043 49677639058217902156295965321560636441510386812535578186720
1044 53287995712457887367546549276583486415909087276590227507833
1045 57158855766690255635299196834438472543646399182070259684435
1046 61308881025992885058720767927261730239027451974933034038296
1047 65758060609900536273626831467286733395758158341309478062632
1048 70527804682057647189941610843924490503638352755588240534156
1049 75641044751399839700182135136799653073476733141373584904168
1050 81122341002315962111760836250780119758180648818701083845432
1051 86997997142859248447340981800165445926454552071881890237060
1052 93296183293862564160239476503862178648974170586894316630267
1053 100047067477916554552862775704805623307002256596337078052412
1054 107282956305748645229687418750348106686249014215838900046076
1055 115038445498763763615624991679861275685019064178383441672270
1056 123350580930554246222002062359858658322647122898315260034794
1057 132259030917248710508530176906456398718400791096578565886372
1058 141806270536852713954563603157428308455576438485801432957912
1059 152037778811456645478243703169876941252466367578125069542736
1060 163002249643582110315845580706343488809288354798871033878568
1061 174751817459256448278836673602527351248789815373658980519830
1062 187342298575912145987557798459152935014946176672138880600228
1063 200833449383187880055055825538532697192416100037232916841540
1064 215289242499464008737248440907970863961623691670312983917177
1065 230778162146821177003857088821726060695850077538139343325928
1066 247373520072411755860985002788720065700751659980680956182748
1067 265153793435348776560236859287585067949459010720366696298072
1068 284202986175539305167472746364564045814648539956890296529770
1069 304611015484838734129106520196645514775672205108959190290920
1070 326474125111927350686159766120397435553485369616008573037304
1071 349895327350888968530557813461881380616802457872184311389610
1072 374984875690113661540881551139822328777126951936831481278536
1073 401860770233397229118874042005198508157119896887962046706352
1074 430649298149549973691241789952188330705488038350816594002640
1075 461485611561076645036512411508773225297377752237166073562354
1076 494514345447209498017855416742237207844556135640142664688125
1077 529890278312473109667156939720284488512118168095696186158214
1078 567779038559785938090362460766742997122204621164291999161068
1079 608357859707662988886882219560961817152613216170882043583240
1080 651816387805233520990235738652472630623598234131187688618265
1081 698357544627441903822091881221814081545555315968875283402432
1082 748198450476934059659760536999895160565187353215062847869888
1083 801571410679787068524474418458464516124952344074089144048952
1084 858724970140525628925201627685053097824387097465827496480210
1085 919925040618970384767418486819701395791693905937961949989680
1086 985456105708642860503897548769068556832676822163178765590820
1087 1055622508835057323907487188860707943370088074055827247339192
1088 1130749829953698541770150734459443701431217322369161019059217
1089 1211186357013349065795620616204786812441598172609028278893416
1090 1297304658662325408161282794913310153915090307183046689738048
1091 1389503265114853078081900898010477459427048102777141293283278
1092 1488208464564115798305037752736569049755882217671578250188911
1093 1593876223029437820047703031840333885658903113732678824465856
1094 1706994236059715459033199854019166362396244505627318764083580
1095 1828084121285860674615998728443267131483358046676377124666100
1096 1957703761424061409151839473564444559241601350751559587200446
1097 2096449807981665885998360666127316692043673236519251316045338
1098 2244960356611196738099872936757744370547300538454178573125928
1099 2403917805798312742947729064075489482605045204124043211960340
1100 2574051911359571492850506684934167372156043860242283061486111
1101 2756143050068922063056785100873888885080387972067302171546792
1102 2951025706631508860979063359339672934066774738406939554177486
1103 3159592199183366679382110423522787023265976177993213169288164
1104 3382796659519952385512986352788826267438442488721261361450727
1105 3621659285349476424848854025335938809758193668241834179831422
1106 3877270883033236557015229030250371063324720536176817534468892
1107 4150797720519488122259605266319464224686337501273658618438924
1108 4443486711505002626800250782178490042163155286180378946558357
1109 4756670953274905433199928563924644901315380839321260144537814
1110 5091775642182545168091782768078385214778162922271108107889524
1111 5450324392343322810993935011981184138959512522763886041478824
1112 5833945984836302892177817474603350368022283273805253419666872
1113 6244381576542190457490918639779840111032645009232764340927828
1114 6683492399703504114091137053271937144989300081659330812108016
1115 7153267985380628045207352431089059055737456945405344660226076
1116 7655834946204539525215418703820362772316160512866465913071467
1117 8193466356202607948368793027907480905774256142390984483952144
1118 8768591768007778324485339081600900892103354324545643537907288
1119 9383807910464164707861700668597873377664490587595099650063688
1120 10041890112524753942129694201524052159250322713791270089569884
1121 10745804502411457927029846205906041742165803911251622999484345
1122 11498721034286835391455347005839678992487418110183514463661184
1123 12304027398183946458170287879347007457865006333924294694700848
1124 13165343872670406472316278198301476100232240659020307084201867
1125 14086539183700115587080939286451607173151882857973309389208928
1126 15071747437347709521252917069749657404684374832312139090207572
1127 16125386198643928418478029171467598862628674402598870971796500
1128 17252175793553399916532410418631322312116487884738735446247642
1129 18457159916279560079019143310281473320043551907733215776840302
1130 19745727629565667140744277918006603001533262760637943721497164
1131 21123636851508552308189521674762336167286130191373855324047156
1132 22597039428636821815733815361904506462724665449511433408117051
1133 24172507901653161561203433018683306485977232955062433033462620
1134 25857064077328351770478098475737556108027002729395907840814576
1135 27658209527591499529309032734468703060724728622658283403801040
1136 29583958144917655390250918913793617945662625804997299178963507
1137 31642870891703221244870650637525397377719901512418755387093986
1138 33844092890476346127718093740285719639851543320197867363820952
1139 36197393011551090449429450201358202049352856704023265817790250
1140 38713206125140190836713359971746261729770936996058558605846789
1141 41402678196034035569068607982797202560790836452661803300370376
1142 44277714410777974872406794497134225245737728890958115755796212
1143 47351030539884281435435381117226183547483426648710479177681568
1144 50636207751050004325308958818782683812938412597414217527365989
1145 54147751103672004963799452211406194967641286667695397775741600
1146 57901151970213543600792950191271232056497526861297639557207624
1147 61912954646244579366837572874251052225258047565034295477719472
1148 66200827428316143998747677359480695411808422210951020287991081
1149 70783638457307701663260513096227643191821995207542048852083094
1150 75681536644579808460106484505757701709376039815757204793164424
1151 80916038019251961954228515179549816849384893543862462100728224
1152 86510117857291755002454391794805740158760244365644282307937954
1153 92488308976936266891039065680414306801948721800953516882792200
1154 98876806610365814836738316991108782812777297139056569390394116
1155 105703580288615730595245211248544214808374718327977643153051514
1156 112998493205552303699290390004012421761324467169451471862317327
1157 120793429557470055858084241109583366426597255640546540448451664
1158 129122430387612170918770168308528116742757184932352384837564364
1159 138021838499805252253038747250992109554618787123091021833672008
1160 147530453042573136622788716388981578268736459698905189410288338
1161 157689694404700797949438363703911280597762257391989223567805624
1162 168543780105416557334438591002153851397439907360180433731305736
1163 180139912407317217934808474233905501358613807684916795867020392
1164 192528478428055569785629479657205952744930839644106140469120040
1165 205763263577833725808611330429956418157513979900189026139606524
1166 219901679204102022760384849322068836351511902731570173924780340
1167 235005005382767905643289755702287343954015972709079748634077616
1168 251138649856902394214883230872051265802835265797170950135162148
1169 268372424189638307299664035889175905341072102375575525466758750
1170 286780838267945062733739947988660160771133880861952379113930252
1171 306443414368517020777721233512294087319749376841695908665769208
1172 327445022076421286497639925299230791860248029772310572146497409
1173 349876235431730909020137374591675527217100871992360416721201764
1174 373833713769454989805441755719439599459913391703826602383037100
1175 399420607814024304889432160940933073265293697944207731272283560
1176 426746992691778485243050943061672010143039240537283322530988183
1177 455930329633731732245777041302670110228760736580870341224076356
1178 487095958256797489250705101488197555053675647305235845038712256
1179 520377621435084982033452919013489964020599603758308085818855724
1180 555918024904327889896829613275901268861981217098417935652935454
1181 593869433882484561691639677477405292958988648503721046493139128
1182 634394309138610212700509552085579385875238665836400205687960844
1183 677665985100829721947001044025340168198058545245608572366165758
1184 723869392763257755742401643725327050661490080686820658163292603
1185 773201830331683583386340976799759026143639566284613209879881896
1186 825873784739466119657246375178932960260330359124716197908733696
1187 882109807369120497336491708419839759405322094166945505323050388
1188 942149447532318852219336669646577021554026143704517691111673016
1189 1006248247492323986585925909657559466695069444334329465661226490
1190 1074678803059128377139014541573454923108648034736949598360071768
1191 1147731894049743480119969808829508519318736318034398306747093728
1192 1225717689185197644007622196933627669188148782137455602292024612
1193 1308967030292942553869647540957913483093607697098367787267221220
1194 1397832800999694717950835282776069765704767828169619611869567184
1195 1492691385436480506468074224518090172808587327807280463234483588
1196 1593944222836119495535042304572777347292491301676258107424502021
1197 1702019464284963538113928170968439010837255947491905429635712848
1198 1817373738296888886066787725833314237510730722790433694056371616
1199 1940494032309890858997258146164081923953453321746813658196311320
1200 2071899697665830218326662089784487136152884991601481144484731914
1201 2212144586123709296489315694987172920764450362067482200334846696
1202 2361819326478209032433748387279647903682313868178071616986061308
1203 2521553750410110750464347167185750758946406721008076700894939450
1204 2692019477285802156376888479674218860115760025024988223140589093
1205 2873932668251605045906245753638873214280377922409174658294465896
1206 3068056960637586706097934290655631431719804678023993041905126236
1207 3275206594397405786340858063128513775606694389014062637416543672
1208 3496249743068337823403236989264234772000597566552006989967435079
1209 3732112062541840675638880867638824255939976060130452374275879176
1210 3983780471792955598213648682068222770880728534469461087626031520
1211 4252307180629791631669635588217039351495745781882822987504873836
1212 4538813980495814104826497657373290088464410448803312741561849972
1213 4844496815391378884017673145329156805292083418849481710651985580
1214 5170630651080884780812596931604614827545882092629231672920264252
1215 5518574661922270053100667686824356077019305724126188799143232370
1216 5889777755900834278347973337309595409179729932106466638371985889
1217 6285784459774286127648976665603122663575962666405594387361595740
1218 6708241187645563579423587859202641983049280928971557011168343332
1219 7158902917779728378206412121929393829659385364819236910984804200
1220 7639640304076823252137346100175338613090621702360043356736689598
1221 8152447250310081723915480693554345037341562509505776486480376954
1222 8699448977044763065216468056036636214665096997110934632226071172
1223 9282910613074023476647734036693157310584366146206510778679557356
1224 9905246345251936516279738255116764104982492721033596977567420657
1225 10569029162777809026786337412887888264887037801733076136826497790
1226 11277001234298560288560212635276785648405489982725138281454920104
1227 12032084958655918497865616886905304642101258937167258914169163032
1228 12837394732721868752498472038381679216456159193559005218785624282
1229 13696249482549076025231174803380414069057224548202489810977949194
1230 14612186007023443960543553877328537511412217112366557060853302776
1231 15588973186354756856285231479727146158922116039939404258168469414
1232 16630627111090392618588445747486237570058470784980421481627602063
1233 17741427190899041061250412783092248626914292498094229258631151130
1234 18925933306159661074058965179671149427195638009283108270202189004
1235 20189004069419852003102133288043240019583344079532339603292263936
1236 21535816268072585436160602044956234466577045156760922870204698711
1237 22971885564156981952448812355034310150891030807560401685973811062
1238 24503088532034673185718365677015840555765526319144857504329533376
1239 26135686119846487067635251293605664180324928443615498266747551200
1240 27876348626134098935736347937635207155271757329703052904295528764
1241 29732182288838481149800103698623802472861723371199466514409200548
1242 31710757590083324469428115171128295712819192436163812797271627160
1243 33820139386740328927710402009315759518054744241456564928394863384
1244 36068918983779056227154770760258434866643055684756450908255005641
1245 38466248274853128676924531998379043332769835947755620603663113284
1246 41021876082494819046771042634558763774686600984078591130179967592
1247 43746186838711109588908097796963027998048877783063273499051444302
1248 46650241755727563522581486363143350695746271734172695602150281771
1249 49745822646145268283254283323899074581010511151220674052344717448
1250 53045478561896181474472539247037035657393641536529907790810766452
1251 56562575432141156479834200536888969620015371828145416265942924582
1252 60311348891692815114954004388696077187046649400282373830805765397
1253 64306960503704836431129163913283581080888469425334307512150864572
1254 68565557593295362197139830197489157689128884937880624321397792148
1255 73104336922513114613318953444580619883069185909130015253155449344
1256 77941612451661504117546081667567553456901179868758649618862670754
1257 83096887447522673009629209659089880483979070008805714879284393724
1258 88590931215527643193819432685617788945776309184665114154492088456
1259 94445860750461661921603603330561866294001993793702801322729952192
1260 100685227618940416552444251576517368650255180506134914745527934154
1261 107334110406712001476214874048769520789994806203143898538108757184
1262 114419213084904634836156044086036279947950875326600733616898063036
1263 121968969671728955195258510511198154674124467323175530562325229684
1264 130013655589938923227731143976102556008821949573764186670015215951
1265 138585506145644681816545257387079400449815340249000290180246141832
1266 147718842580947402975827894697974882379077904412127786864735297568
1267 157450206181429162921733955388352385487680309078777174513246350142
1268 167818500949885362089749134094274751281692985657065077357380478540
1269 178865145389944780811739484190240760109682590958384280177047480532
1270 190634233977501581454767592792378055976661673019301219888921230016
1271 203172708934310318870029404431142275252766921543963544801460858752
1272 216530542956802976019901686538951188981739474157130040484789054538
1273 230760933594318140636824953051008535344203563884198021793103436292
1274 245920510014637396675053426929315982969340352595830716549671870984
1275 262069552941162850063088482770098333693469976565623687197781544360
1276 279272228595412356626562421829708845362429945274247555061715713802
1277 297596837530935878447647239646621843278845812476319952970963722222
1278 317116079300459007211495441623403264800216444168315598902273687604
1279 337907333957241422589896015968363678485535501901579424054576792728
1280 360052961454514807891567261705591385179163453611395014505396594681
1281 383640620073665744478197845450020829221717516500082851530115561467
1282 408763605082797699789930369600161649630206287819522642990556495136
1283 435521208902700754078850397445076673341146277866931910939084659140
1284 464019104137352432731460105037593414552225902814564782536258877367
1285 494369750911159064538245271015507916768871940207691429112894027140
1286 526692830045533530137363110805259716883220176003888338259407567804
1287 561115703703420172116685806322785990342976764761580929821562304760
1288 597773905232369258551182738435617915950210806612273112035131458740
1289 636811660045101384331959970011420678455931894094721750682461694134
1290 678382439491578936179844626606276374696979145260584141366896220496
1291 722649549798833719015603801654671808996842725361791091586999602436
1292 769786758284629100642719803697570350922718603674244923519308707732
1293 819978959188930772328467498176819933747535056411887070712997934208
1294 873422881613620430487468242046472537341475457863437768890236498184
1295 930327842216439892264064683036792336302823893373855990390156015816
1296 990916545470360307605577022033599972170940094225055524449795963495
1297 1055425934475027548558273915897263596334065663763254921033118580520
1298 1124108095493272347268892024197532423349279799444606356106580600196
1299 1197231219583562820888304429387164021049267401624221988628412840834
1300 1275080624909429222007539342405656174865316815654840817449642082589
1301 1357959843530061197334172849611231346069931927591020476949131597394
1302 1446191776713267835892894552515744991561259344539968079250036968374
1303 1540119923063650661723862783129075536835444877553056210744076015456
1304 1640109684026071783750950808516322126782613552151178977799656461057
1305 1746549751608261112757365669563538592450400193644056584989783178320
1306 1859853583467713843507486927975684408124261402290222482987914949728
1307 1980460970827960277117381714568259188346840616998770036949205096856
1308 2108839705028988335149654877763256297482968701472900983364952018708
1309 2245487348877278407581716926916477629825769989274120494663331487876
1310 2390933119343858134490034255714264852399353673967469244996596448100
1311 2545739888565367524620765239115822677865956073842820119443783546412
1312 2710506310534791926006339623139933305547684827932946096228814230034
1313 2885869081326809576931155217164229263456722651790632815949555207424
1314 3072505341189243250540766297739906553342420088870680212939824765544
1315 3271135227348632682699163668511218625244010301735740022409339235430
1316 3482524586926292220244619472759368235332513606900089173705375258462
1317 3707487859943334359080617104497629855702163688639452124154099133032
1318 3946891143011090961873880259940418084083031696871949293197116700352
1319 4201655444959342008802069835972419483855881282301530397413672545212
1320 4472760146351092041426315748362757770950339790097712602273833184159
1321 4761246675571783601562012244033881764388074663540802350801075929386
1322 5068222414965421360070739241175873309555996809402500651498763391380
1323 5394864851322875557951847525998025043889403040863511516857654174572
1324 5742425985911582579789015398619497429290749574460053065743163970495
1325 6112237020174086296300791434884039299981237597082688381381756642752
1326 6505713334218677979526981307963034979960138138954388429824791988360
1327 6924359776282307638943429319093159693229460388371338550419660231660
1328 7369776282467680972443835105980390434162127144437522982301843548791
1329 7843663847246974913139968271895454113860352516818167506956863259766
1330 8347830866488091429370322483773629859768981170035758633924958666200
1331 8884199876100267959908356764900404501373853478879743145222009714954
1332 9454814710818886773075253663829924359837826219214829151105492157171
1333 10061848109159472913625987626963143332210214670836978321083908480660
1334 10707609792173441827649274009754553639324529183497533079906596175488
1335 11394555045338774280797663664206850788106148971860669268309127794280
1336 12125293834723418574593939729046401160046034897821623954806563349748
1337 12902600490474169206065040336729423876507543392398035276007372992592
1338 13729423992715749635943814122329414551444840284274488424294839794580
1339 14608898897100942010788144446411427876048521322791419834936825670796
1340 15544356939540394734399686056106258459373912752297288184688406597093
1341 16539339362068190567175834763558067358179180269173163351361111783378
1342 17597610004374846222749155378045164002516647055500937587252561845196
1343 18723169208272122796069790570322191277003891010974604306526856139208
1344 19920268585253379756435949374687831704717144670090640735493537998758
1345 21193426700389302450588764380859713181030993442498819867298660665044
1346 22547445729062381032896343326458903261698472948878139159177958523100
1347 23987429146505868987109981753040838650087091694456583856450630599996
1348 25518800513786136571202304744932484170712582735520254550027194220764
1349 27147323427764117230323521796774779240568369058352351545667923997652
1350 28879122706705449174974080905428026191358268327924747725231459143164
1351 30720706887594278922878855507974327892946271325823710640735015255436
1352 32678992115857719360228018404215145531539269272458410764236359913279
1353 34761327513142755654007808686536069457333867012188289802430134587732
1354 36975522114022049676889462846571081755493167760950749685574235656536
1355 39329873468057714445525366276047606409921259845634503283537198718656
1356 41833198009541907973625932693331639969982110769580483958141571448392
1357 44494863303480375851219246836726893674373138644395717001946797757814
1358 47324822283011418768102173630740742279097127307993937417577076174216
1359 50333649600481032837100359447118618748254358281414122332784030709138
1360 53532580221849394437998275593461320204759479439083823935574427221848
1361 56933550402010116229262495405924531355410387358755343610130422482638
1362 60549241186989003534604068791738275997257763695284613878874466045104
1363 64393124597882236331359411550574027363395376471746730734221073502984
1364 68479512660825563554633517506762175125114914551181001623104357894566
1365 72823609457288624230445185946770724569182264286048257603698523387831
1366 77441566379596242471303150327127589071064231475657025744819344859904
1367 82350540787827871729280360131959066663088573540389758991299433499676
1368 87568758276175853686963247153450707231099345058010003902062376427864
1369 93115578769493678369330772652729460098761152891426284712316334883412
1370 99011566684180294657267366185440538170612549331357077303643839509124
1371 105278565401771619979717928425022321266328382501504013053125651103972
1372 111939776318694368971321902839059729869638703029603400405242685651069
1373 119019842751631698960574396425739583925220631985746694720547208565156
1374 126544938994909564197430916217651814295305535070225488721671222975940
1375 134542864844294945015349849039824099715785465999148620525984639888750
1376 143043145920663585171610215573277460246986259031904494594602365488776
1377 152077140147210495406496728973991550373049866537844495743334926773324
1378 161678150755310097497295294911453849682450752339788598383427510654548
1379 171881546216857422117698849151712526618641912423948394575280704395050
1380 182724887525014507109975970726331811980013081199910663364664311538875
1381 194248063270828938587891543426886498983040817871385769998659523348776
1382 206493432990271072428479619368780992229571005273804732305929725672664
1383 219505979284944761303840331739528871731579472207821174002531940051212
1384 233333469250160746527519244459785328304165679737076198632269271025499
1385 248026625776325392209503732871193941843752774129026775980041178198274
1386 263639309323799404050727498431674727842891266722636190189364224862020
1387 280228710807637335543163196950151118204471116226399854437340900008136
1388 297855556267051658525464446094917465684060562320904282502618994914106
1389 316584324035184855448089841164934396269965294637109046856872451749776
1390 336483475167956973019766918362994802510878404980632953875384385796516
1391 357625697936530114090265602096290466085638023046819861384777815292542
1392 380088167236449827513520405954780361974865212666085427234700913151882
1393 403952819817949821838446025318617892999643091536130643251550275129560
1394 429306646296414100730008613584573123884789761002076708906812497333072
1395 456242000959762974076033220313455328634384088175137122974304192796820
1396 484856930450760775568376713588614777043148067820842490118600404400857
1397 515255522467139349397360627958153497856855831997074311492659395715692
1398 547548275691210463314698195672632408472263035874457139367188698324116
1399 581852492233533159531027766134018442122118134733473109983922058188216
1400 618292693952453211999601810912439578935849038311540731296838835963748
1401 657001064093200309933319015596241454356780506482261841283612949425548
1402 698117915776988620702944240504205094043734457125242162622804089586304
1403 741792188962508482742676483656010053155829587568617138062746190710968
1404 788181977599628767601615272763802840036596892089405944324629966572788
1405 837455088798376707097414902002325928598292960792760140977894744454024
1406 889789635945669698706731690344906520130154032745164794257003930014596
1407 945374667818207113110268369346989592715245127820074398253191259846490
1408 1004410835862776298666558488715359383416327089414154520344313804852760
1409 1067111101945395469675577718036266046761015538261225680648858508959080
1410 1133701489008640769372533947366223702559632391746043148854661917327552
1411 1204421877222644847645235945741958675706240005899618103495235535503692
1412 1279526848370096157507598323337651146205746181700869521817709472276516
1413 1359286581369626842190693651688541367320361976152647353652850893742136
1414 1443987802015797837662718089089866247480848662598312338634666333422908
1415 1533934790198049998348023925423372552433638223674658295033426223485340
1416 1629450448056100949168601110648266448186252255854015286807207833462673
1417 1730877432735976177461089697902536292776443215761567738791374256357154
1418 1838579357629854824747685968061168075335732137382803500379582308196232
1419 1952942066214911179644971521991841917883593336827339981274201144525956
1420 2074374982852110054774913293393033489030852987840827443106997068014347
1421 2203312545166281169089403212581770034424005647299392973776646921787160
1422 2340215722904615169414320450185510670617470092807013563882079472439772
1423 2485573628462903309627666942690322561672548208992248374340128617322948
1424 2639905224578348785048609583958512209941502370060411976732420532352946
1425 2803761135015631552605798129904212130362218680346917950971281110144422
1426 2977725564420191243639827250922916891006199692019221026648474807904632
1427 3162418333880548899357145932745845603950316916400928306099143372606894
1428 3358497039131129132255734855970457045405009756897537544542851112656877
1429 3566659338739752242046808249010050301796801156333411688990096699057028
1430 3787645380061098116276879980541179721496628459005690385862789925013282
1431 4022240371200437134191900094979079492531672400218006440395884353181752
1432 4271277307722298478135154065526076895739532326076331897143936597600312
1433 4535639863358112832896740765033442396577044095167817860788291095738800
1434 4816265454516928058721872096387606499249931118001466837087059948676804
1435 5114148488985856204535887089030216692470516344501552673241425643381536
1436 5430343809823876615437295426117762083256410243529769769894782100394540
1437 5765970346106012708860698440645683575854270758509672674839709227316028
1438 6122214982866856931313922693278063455394623652634182468300949225136844
1439 6500336663325201840282279170602182016597007601268119537015624504444008
1440 6901670737247539485275375863648542868161010690134242474145937738931873
1441 7327633570129950159441811823461662343354220786722315541109801899851052
1442 7779727428748096686850886142744000337691428216754040120938813868053612
1443 8259545659546509438047959457495143539191026478290774097652060003143584
1444 8768778177314093219980467524945135373478090002590051350902610599355043
1445 9309217282625987878235697904075337763764049768300398348907343835758082
1446 9882763827625932628384017415845940441841841055956711400192266972878796
1447 10491433750881678181939784485820410093727076771540582178895618702618104
1448 11137365003272525981139420120252473134915663123097195845457559099912745
1449 11822824888166734546063033128632862107565714317001841634812591256293854
1450 12550217840521534869590028024188596409033935836229902128908194053675888
1451 13322093670994300711062103463225428344120608039535459651830903981803184
1452 14141156302694745363546925317090291997293040906229241390174842708445819
1453 15010273029839857869601086450453604137730590134163905300173445459092968
1454 15932484329300932461975184717985067155278962299976547688787656843519072
1455 16911014257861075515964650285396132375957169229330572164746510991402732
1456 17949281469937909090395489865101968831832516700376801859408191400096412
1457 19050910892576086736250828822623126873413123098829318271354758253787954
1458 20219746096684315925599131596896952789172365771679460970180697131046924
1459 21459862405788846087268728647356589206341414316593213931696361440374828
1460 22775580786007241444165340687656838088114480630714897855881434663690464
1461 24171482563520552333541578036560021353125615336005243416539412189948616
1462 25652425018547019947896449684336379309284342272399943620396069781093848
1463 27223557907704969854496972613551157781224798200919782448346200195466772
1464 28890340969705849138763713889772509792165549248423414128101688387095727
1465 30658562472550257168609334799236010981791658976761074321025795114826688
1466 32534358863820694939658247976830865330396750481766161394020662416447996
1467 34524235589285597047492459893114348227501577277731340691723217278748576
1468 36635089148861632501659087100633503668594244199230529388841099305667591
1469 38874230463037555902536049541340806870938431028263709162871484049374588
1470 41249409627156058628839190762325967371999162400987260553679284293038696
1471 43768842135493860670098405990542301506480019823663302032927082138342442
1472 46441236661889241034982534014829130754629111157981149800823407713296725
1473 49275824488755710642942762247082737807078719131976093859094709438348844
1474 52282390681706855657289915761310329129305037340851742389596939743386890
1475 55471307112717728606556973241403140386164782545709449882912131664866778
1476 58853567440780738245186891919136008264360280999857610824336281837076333
1477 62440824165398034219621387781976556541457805960493341451104565291051438
1478 66245427875008254984623673471742620417975623009967172655859621007225936
1479 70280468819594734724807840634233988839497374181325288867919986447951616
1480 74559820944287613928889759652492638669317763720389847513769120015877478
1481 79098188528777845257636687758847973933087642190898186583703158881274776
1482 83911155585832292742374997009194466640424028459639704264324764028733688
1483 89015238181162913408445166009774908569852188472992443952309789568373076
1484 94427939846387859028855727454966327641284515715074172004688847451560106
1485 100167810266858350830687995945809180979825931018665375590099505880972190
1486 106254507436744200066786776210246692020341791007577135853110845717140748
1487 112708863485006539165411531552911453122647575282247671222845915569431772
1488 119552954387774291053492014915045911375674036870432185081499251822410266
1489 126810173795218780509002373370208350962832976511604687471396813965579682
1490 134505311214328482792693773882560072099946590588549198152414026536274520
1491 142664634803065295712442839468495164540638957030862772937122025915885450
1492 151315979046279408806984000991606434433855035753995495906433281952640597
1493 160488837599518874879217675022268843198645012434036295941780004651321832
1494 170214461603542107598384710781606011947679878326062540196515407194651956
1495 180525963789979326345860553486959952413649053404932641689209026167235240
1496 191458428717248049228166401547492058048332393909231353933324291832588144
1497 203049029495566883259861287384817886880010577068963188733756093196448808
1498 215337151380793226977201183901122357971956782826850644240486934450014932
1499 228364522638899790188450035083748035077286998046376296723996506595039804
1500 242175353106271510531817679699600440174204682506852313918094264583950418
1501 256816480895721940251880698459244489707928100996182960487652505725368384
1502 272337527724274118962749788911985483714907720387622334390078638507424968
1503 288791063366407403987717955202987736649805403881089435256999158707334744
1504 306232779765725450881905779550647311280879750365041470643880491662554685
1505 324721675368943227674537915070014832746526085873698841256551826373593868
1506 344320250278819546037165248729695219705497207062905698167337951883655160
1507 365094712857278570911349937921859189418556773175272266131670437537443344
1508 387115198446577441859141426028441402090715829791329265161054514688344563
1509 410456000915101995530926000190868876723210429039437957980714781228526784
1510 435195817775329636540109414006109365391194704891304721506045616997562068
1511 461418009664815577257684853718498782026284804782856027826231515221767320
1512 489210875026871156034940909499801206799210646398409630075323503358070057
1513 518667940876053648127172521145171327885904332020794461372102461220143336
1514 549888270584826939589159518133290717654975554841462278073891718096856364
1515 582976789681941273020064145943491323680335574967901097779760283833071364
1516 618044630710386708891803739481429691812539676448129540326801769956267218
1517 655209498253377286915774531255262875470011346034541249318636800705284016
1518 694596055300909566673057979285543587569793542775695862722059776362354424
1519 736336332197209435404863389310212148469008239165336658123540768147403304
1520 780570159481045270254142235901633197168638943519013713066659554411257684
1521 827445626006666165463650761509360688587376452635616034945773133519244856
1522 877119563813256046655357157913167388274575613966862966735967771661039780
1523 929758061295526503533314949511710252631505733224381201978418203140449520
1524 985537006317665586110643409839725449223359839586955029833881037994983693
1525 1044642661007594027958031110138336672867699950694982986495883082759298408
1526 1107272270068647516273300711124602537351087350620097056291293830778467864
1527 1173634704551713476335960287627385298448978499636221080013073226035721280
1528 1243951143142830687832437744792374988862574448351701276544205508830393679
1529 1318455793139655759798573677219542227530505021866806487466276584332907168
1530 1397396653415377507967602344188675547328876940403040813784400460851500424
1531 1481036321801004746121078758500186857162449549898924415099313551082928464
1532 1569652849456872924203808570116997873699816360818458315250277306686354988
1533 1663540644952141512931320595704525018823095759002090314570805727431936666
1534 1763011430927442528801024293264201573083138966622931727993784451220604836
1535 1868395256381172356953314997226683962401186153032318480644409621488769518
1536 1980041567794702513550899034814550254579531036146149738845203056459784148
1537 2098320342496557384226358516575377836563908546788580414079564668176177524
1538 2223623287860935824213020577508406369333126500183918595665564204532286652
1539 2356365110142438411228426391414171842276994503419963316088810838484686022
1540 2496984856967136565273303973075066590034090186983011841920831547545885145
1541 2645947337730852911416432650014368187695645619306977015931842369765550237
1542 2803744626399421150433538142584128784002539092385353541374041680442270472
1543 2970897651463505191797324210037985093083608402862586262011151491743526080
1544 3147957878073070390941458904133097763323736039545920012961984984221006648
1545 3335509087664647899846201615561305382270161050100751595000199960719484876
1546 3534169260698996847237582944826170628120050880954567446858541821675244992
1547 3744592568448578383540695081640794658210576280559223745061935051737692880
1548 3967471480114393017943539156015776777233104681855789100175660753197417262
1549 4203538991911235926554139692358236643835948990564357463127523880136913164
1550 4453570985140390229357099439821080826379990754608619655098132450256569664
1551 4718388720670363518594229660335005444133529297591063296819974753536823704
1552 4998861477670701214528061997984405078518792092778346150128469677473750130
1553 5295909344892473455362830213226303781574655788650578523794454653696059152
1554 5610506173263094658657953319072182738929745692285648891810147799196355132
1555 5943682699064137777519243385656405089288735256828006869974723842830440486
1556 6296529847490270751057048578196222590758004521512645092510984633204337515
1557 6670202226946978353098890038825757483434567807428447041807625410767196260
1558 7065921825036036492385730177595107308297084356619487026750832222474686200
1559 7484981917802571246705006719684774167373003680033281251538831064854825380
1560 7928751204477855396819568322220558761763608246620914426672598858709575623
1561 8398678180649771092199079735975984066194934576298889347118240038483850512
1562 8896295763530210839285955436141964445377236724813143110515784691862492568
1563 9423226183767831001062621889038488054408769098689276181891275314747013980
1564 9981186159077868220098327734682440099445618930478253764838562527670107820
1565 10571992365830667419829390593814417930877548533495061450924652911850687584
1566 11197567225659777456566246602156798629449962240504733765179722345282952140
1567 11859945025121721367705828534639992082258734371331524662859567484557592262
1568 12561278387465772085707265295767383131505272232149939347910536468205343671
1569 13303845116656355019340689369074226788230793449184074593728150786662646076
1570 14090055434936322684850818715460855109296281100837553001836908251257801764
1571 14922459636429752954189860064410380188068386968324020312719230623144407390
1572 15803756180561753703354290334770195551094720281493090086960394277027847554
1573 16736800250423858515583367263449954557045454301117786021793361551353554264
1574 17724612802641031358112769134638018096237232047142763896033905043315231788
1575 18770390136804350396260491221047233775437879734602801575866843806563861136
1576 19877514014126639376655674882887299795618231670531082542101122378178173511
1577 21049562356661439093225027648202829619889675812728990969272438022710345878
1578 22290320560203807915181630997570780772398655417068681708627478576249379840
1579 23603793455869837359581418527505440085176418183796941548595516641117100816
1580 24994217957336091591120208578032689182740362619969227580049710832193251775
1581 26466076432816367576155130640323498216943822195909545462457617272736773236
1582 28024110843067495534190324217050817154054624870820869751426845193723152184
1583 29673337689054976877093485815886340489864968342536042558968320629823599764
1584 31419063815380077356077068527589487589076444571612206445290525358979604471
1585 33266903118179934222876031046806604292975635711082988830681815104782263524
1586 35222794208969086204318225442505677614488159830184352530971550680700533340
1587 37293019088802815854881807940375560713914967264492815886074095155680153262
1588 39484222890218484765088507387028502127627414972014555079095140368151380688
1589 41803434747659805361529521608009951811077064615576335800814355542952691698
1590 44258089860520400360550441530868925505268529222870423624484052172808042012
1591 46856052816567261756246048913309446069197515457261028190862558859902445216
1592 49605642247332612381791828500861564322317795287278286481812581805077546013
1593 52515656891105570208202680727346831788514920879293815818616947121716936080
1594 55595403143424926122103499607685146429391392412278145539763301810159497652
1595 58854724179483944194815234639731960080231952196100800264483110207798563268
1596 62304030737620757227349638590599338982991421453094511550165853035739991777
1597 65954333658097779839047175377916719194068182660662633819178486284123557002
1598 69817278276685500136376560106905205985871749133056743154299304353500218932
1599 73905180778175769205202681764583693062938886230545727745727434666453159210
1600 78231066620873887626705060001124825026502316525896814935628928104205537742
1601 82808711149374912477391342847240440649417391447591644928393432313313391092
1602 87652682519536170348920763709909665043063110798231832169185778177037111184
1603 92778387066534479780036647574371019596037392528835985145724872232796519804
1604 98202117254263658978853159970667404995772795587748189287197198222575102829
1605 103941102352107261076232553428042274128197234791306711519194951718859999696
1606 110013561993336081812356448753970181069811591762895085685679970190678014900
1607 116438762778054035328350708569178943297436429907153614822029332927416699120
1608 123237078092775043644716003253121966036996318025866901816156994110292093505
1609 130430051328384598367524287245056929920631798146787796052355788660890660180
1610 138040462688451083641598497128041060678746273167335041689627043582895168446
1611 146092399790633824327559643892841948426509229268696621478044442899774078396
1612 154611332275318828675578283569016514602938744219264615852570760461403671629
1613 163624190647632766289344410714342702536633762259262517116043800088176688510
1614 173159449591676141939870208268821151071077079824284909806056991555685461280
1615 183247216009215123309923492997136784303063689922981997063697938204285594114
1616 193919322049217339912426876275446017719100035979769297457285352164130084228
1617 205209423409551642213865323278493285966572573769144809036810962639264955218
1618 217153103207939031358748872446634969544574849743919834364832553416340077600
1619 229787981735887889108128758965574242741079341749701465074794842671325778720
1620 243153832426919946460529251751765487812343498288847836186698482468623910294
1621 257292704388945502610658635530765754109365339364940983759901223618407862116
1622 272249051870231448011047106061964359740697882313771930587015475808104091368
1623 288069871049080845822385456421632690325353269602281972400774195895319206000
1624 304804844559168522795385120348275439876124653461440448314144967483537538161
1625 322506494185516972122926230423992795078794071667603615905376579483217013816
1626 341230342190418037935408699018399732364284856373249891191584168491071781380
1627 361035081754279188788875038381003574853760734125778660474435625728594376880
1628 381982757043473446655396465330339867958507035912359203221437902178867693769
1629 404138953445878078564193094921791885139176914135073260194495789634354093952
1630 427572998544982173810615527470263261470572789818467796079314509739533388496
1631 452358174435314984661053146551627173222917228028573385850224046263556545770
1632 478571942015587986983881191376261453200580444417773719947831550039484204774
1633 506296177931451686851298520827338050579467013191087504860906259477171587511
1634 535617424877246288410066994781106087529976762174665655496827621427110840448
1635 566627156005682129238745459914981684547830215807365002601692542296679904960
1636 599422054236135926003534583260428704341388100636872643758825767325305074152
1637 634104307296313286698690926833632217396564699971223568224577850341648626488
1638 670781919378534197366320592730141422963658120045985179432179415479676380596
1639 709569040340980833688234787140731031962015434434916545917212670543707846532
1640 750586313436048006522803800366477120464421073984616410448049149823484276030
1641 793961242602605524846378819214226877923052688880294738541840177723046073894
1642 839828580416676646860868300492079146541738119429622703543205491556001344824
1643 888330737855924131530413383662702378489898413113612561743657969682428072132
1644 939618217097590854430507704773319148880723218016276536063194111941846602038
1645 993850068637350780120897471241524933066530143803669953667416040306551686104
1646 1051194374088083688423093915952468837080256820324554034350984683055320583268
1647 1111828756093099518838092358352674587973521420208918137119293497575814248116
1648 1175940916868022876407764537430077257470528622663633536388596162560268821604
1649 1243729206969634362203538279379205883838058567772586589296558132017911104698
1650 1315403225978694704478088110813179443638850785407617688976112535994430795436
1651 1391184456877405128430484322973751167303642267402818876333559673618836422626
1652 1471306936000951890660262518586345056997019376437895756489373523492911561584
1653 1556017960546827972782091574876331304789335165025702371631764296707898543836
1654 1645578835735619604980656907792516107112550818517697454189174782215108203708
1655 1740265663833004915392811367508622724420281977917334092921958775500447306236
1656 1840370177365169114222989478472329656678513185824058601823719554947771933898
1657 1946200618989045892482187745041080419693513715125387096946447088485967222908
1658 2058082670615117928205417520211877058154909718212318761500362650771605046156
1659 2176360434524340481941931456904300018902188803492165076302806267070172031592
1660 2301397469372502204059984683146218321837292981629336751757677503090076555448
1661 2433577884135440037328409255762344714199721727261579731961686816387063025476
1662 2573307493217437652906719287932096478540181180665092924830408305601348482820
1663 2721015036123341263066419684423623213285787490575899136198790823434751823924
1664 2877153465282931196437915823252969442275726687093619570186578960816260321452
1665 3042201305814428237353431129964186518157556379313201411108276720769012153952
1666 3216664091223255500869431900793125956540791261400509806835556648662141867344
1667 3401075879252915341242964860262621361727039193482197311303054369102043400016
1668 3596000852337704657809635512299535533685745916276004427713400489106803291589
1669 3802035007352643284180976491885407132919901735656322957298996018180855976352
1670 4019807939615127216478937132657674576991565326148072393208306880578137751296
1671 4249984726366177465507617377476210161186409091978534330010763152294562276552
1672 4493267915247512485084538210389926365190982672439497626509833600860532766111
1673 4750399623594845737825177052971146211389476414520166390531422361329495458288
1674 5022163754688662712437633972603712661043009355741527706966064444390356787840
1675 5309388337442173098812932784000567129288847092992383881020336180406759365884
1676 5612947996363122672524082799828769199500670208371358998530224906689499167068
1677 5933766559002696529682947638729065108382431238786684754583703356269612932640
1678 6272819808501916216659142692501525302838750476026777982996061754118652822048
1679 6631138389264851318692584320962352080242165956251867758435459238300574041860
1680 7009810874229815350689082867314621875397198114907018604253474669189405591427
1681 7409987002675744595358522795377273976950726128171444555544569149350680013216
1682 7832881097992482692997571092384222918254548928490321055140386286363518985428
1683 8279775675362100347610692174807262396096858781449141497902219657042545329646
1684 8752025249845130561269553517778988541106213063134297301590440601010555698613
1685 9251060355942236507153006998033700342301025317343663466099896810814747109566
1686 9778391790309975998447528030526416341727584984746422206417361072398469046624
1687 10335615089950695815308981053129229641965477225853158117011015109173314334612
1688 10924415258872985759204765486711165819821538682752973811764914178753709583414
1689 11546571756932448563559972274011206457888759436190195468819292196372063367612
1690 12203963765314802797302089720992390899600890046286944068215118273337774058840
1691 12898575743916645012913542102147665150553657922144352293982221441235858954584
1692 13632503296715782049204641172107900802081227864140344973082527334264940817639
1693 14407959362105252238113103917881069170096233671577415061056178026602131583732
1694 15227280746095459572573216057289800207367998527634962278722198631410832978512
1695 16092935017269855403136267136197846126899534519361230027408296398634034450406
1696 17007527783414066282312058706585856538245952192706172158645556778003497909842
1697 17973810370829180647927699332050195884341146503816420628636303689404246713852
1698 18994687928490123694361505408440896273830443209834089135756714255166520000532
1699 20073227980422886035815423969012482364513477569081754843323482217434873588702
1700 21212669450953217889942010986481636915324801825023618380521529767293863989103
1701 22416432188827829312526591323474900310454103334485996082444007082789212902304
1702 23688127017630913616173412949671463824307991363304407596202342943948467346432
1703 25031566341417903236358760164717763486609940325078636183035341206345820902136
1704 26450775336068956144212258041882600886742084313173803190790596651240809563679
1705 27950003758531162492982977134807718099338394255513038650765250181842819629110
1706 29533738407875498466001037302499037646226101020136447453107004796056278411288
1707 31206716273947029772145080790408708334573239245763557928316981757431517095368
1708 32973938411339936317222789667736069117842892832885942218873788957497019397138
1709 34840684578488024625404066174237615124884958249122309172701920602296291119480
1710 36812528683832239701538588901782856824640346613468620907024067969431121287096
1711 38895355083315314651290333426889458838446646337230822637174373965211402277188
1712 41095375775866459690825399412974151536506057701944005075243496220266288289369
1713 43419148546082588382857301333547067457383181670895573199791965561110437391372
1714 45873596105994063453857391487382780578731814583914355494094265744121728935180
1715 48466026290629751186659888513195117091888176529480538533781942719568012340784
1716 51204153365076134519361389551261404777823488491350171269301115090731844080713
1717 54096120503866602810539826147634424656802385971723149023594529422506831508068
1718 57150523506848505145969549811264843656230420231005676820938923188521162142404
1719 60376435819166284220511027581654153261535908957318044328804160906026120285320
1720 63783434926678649966111981038261833469154595379438562324615962372616316383554
1721 67381630202006473655469317107793900236919493898007453834300528410806173911548
1722 71181692280496595853822323971161583031931299590547877982808154010411196361776
1723 75194884049696330172024038192113617014949780986311527208710991783438047091704
1724 79433093340475997840245422856490361409379899550763812974845027232996129260106
1725 83908867412724870033800992083058717549535917354881391004243513375685921140862
1726 88635449333592619631380365644964781030067474510638093722285349793410948256624
1727 93626816351567690899085746832354829605816082540698309842640100538227110144906
1728 98897720375290526425240144441494694890824301612422821995269421489515898956759
1729 104463730671908769633096387391797368795583546731534862372959806951630418318672
1730 110341278906009636279276518950505669320785359346503325745891109407879459187760
1731 116547706646728734922356325960769369275908518169688424091128815594104482881226
1732 123101315477552743410151243111852039497450045171486379970642628475550399245655
1733 130021419850624507049542205853815207230146261203429848620031786527331118628602
1734 137328402835043318482658138574833975262465845315796590813551141863336454245624
1735 145043774916751440474393260240595704369931543843494519067132060904416219364576
1736 153190236016132535367335016481620174085603725175892697992807901267284766989677
1737 161791740898441946476782708672568738739439706926832063161629983276397653338598
1738 170873568161667360539427667557157024204186502544110869153981632896571675675208
1739 180462392996407201639454096099040414341541368887506890954785778065129247062816
1740 190586363922880482249586808537104567916816293752577782974408264164777106153512
1741 201275183721274537030996135481598152262375965391468509650284457086528638239658
1742 212560194783326392198640819441030609407774549312029206337341465583251458675548
1743 224474469125351392492096191198938755660653309459222017927110845847540502984896
1744 237052903315912731906537212799274402985258335700225852302551786995454200221753
1745 250332318585003113877884631611224269100103558790668010289154736300915646405780
1746 264351566396022184421807221393320874807336193809504979336777088947964499777168
1747 279151639777019902477813835323017912775217914578576051434935929718593629457970
1748 294775790723677986699512626808296560588140457518345314361104562109779757432419
1749 311269654003362555349796354543846001997676571814669902347696317066514818932888
1750 328681377707346916973197129576920086320030587792851387239228670215115236656132
1751 347061760917022470454948274264551589577436046824630751160322384446748790391996
1752 366464398869638694026165888396866783339172663059341558445104671790089124603513
1753 386945836029893802941797382597525982497172428901280096895938486402051854724232
1754 408565727495592235725978132137569850264450699891952873575858058470210293973248
1755 431387009188653081351366187349129762464073901220792361473237737074944683291180
1756 455476077307057426127995950627582176311911811833182853601142245289258596363430
1757 480902977538928236476130087600807981064056503879319672042624140250312008820600
1758 507741604566913149420908391330626148233767243861914980538188882587574405719420
1759 536069912419461438038127051582812298284454658887505442864052642019096343391640
1760 565970136255528343465737576277766184154665626003556069816504261623246557517705
1761 597529026200783879301234663192756551852505191280676177317042891642221365729972
1762 630838093886634365054240413041024240538813294046571742255944033523870711869392
1763 665993872378373091304148058665782164847486778073303747723562373305043432530842
1764 703098190215656167962795549508921285536219399885147572787104096037369870268084
1765 742258460327350265269020108593714978988826999981861286779256027205655297746036
1766 783587984623725393621289602767941135515903147087378255640839285050097397319460
1767 827206275112078390691445167084780695144150369284346831283412827393047400268232
1768 873239392427287530129837038605408271168412047894813920897641071520503792580953
1769 921820302716637909780064374758063368506764104169544720159578954075731364089518
1770 973089253868649751910400577350554177781734235059602002602004520929318270779532
1771 1027194172128722985158053922655257231351176969509737883289587413005162349812512
1772 1084291080200324164751623866756114272883327574624260692780168006083465483522907
1773 1144544537989336142403104360268956077277698925960521199235514602408621528245532
1774 1208128107211225064876466572912220449139266322731807345100671436294335499854508
1775 1275224841146019748036913031118760561996991332865789263363703635741698552161042
1776 1346027800894920508831256874333616135328395587889073315599071347057182172459884
1777 1420740599564842649649500378072925141567460764222294946320694639128840251146212
1778 1499577975883548211798304140878378932166808976528713596782300226628429169568916
1779 1582766398828432816592686083405398539523064027436331730348912386487982976095504
1780 1670544704936727634791741865238849863728352117071473942055916134906044925823888
1781 1763164770054076344864143235964725538375701989786719580262411001842621889473222
1782 1860892217372391864942172745213071197122552701983477276080333205672760492484996
1783 1964007163706838734124722765843444109817112857650008079085685397492353866453836
1784 2072805006065988549888780893459054965702254783684052332151918010221425806248941
1785 2187597250678936017226042109698764644647685769450901486837335681995889142802360
1786 2308712386758734740329127335947447415690329077285200531579807240700000597806588
1787 2436496807403223094341205828618513232400534375975956153681928105175655771560952
1788 2571315780162485759754288020671262954178559548927485694186230629741093561397270
1789 2713554469937177241284516062013498397064905224228489735142675273975123402053728
1790 2863619017014079322318693824226367003286557275869709036782571580742011044034540
1791 3021937673194953198734140684436012387939505864514766419124756118583074390704754
1792 3188961999132377129265503622400766059698703566689172072369976998667513926105790
1793 3365168126152250872134908312023362930575404936372516038501678688610771934820400
1794 3551058086017439980548827820757391055936586276637367595890729733661138683093048
1795 3747161212271090374796548159131653205677755425844142299686677574875410616154754
1796 3954035616991955016359996728799154255562549786858736072041128361368091688513548
1797 4172269746998154118720223475752471439690853310949349474061589074695430305277276
1798 4402484023750679234522256664615402036068012792061234026587399689777789138023196
1799 4645332571434219214193094777023328264123136443922962033333292782094702847176036
1800 4901505037931131730926069885718278022327986763975181345236830610993363345342028
1801 5171728513655238499434837573038606608577929763149203460400649678878508860091044
1802 5456769553476249199489989277899025982489420709492933780558250663229282250540052
1803 5757436307243716919173399208274913211203094516491276840000930276730389437999832
1804 6074580764712231686687311743024840833383004788317825914172654304748941175080577
1805 6409101120977841857051412239044565611380993786156035434569356009393758138329562
1806 6761944268860269720717796108814803868499655660851975610755770314806785228918968
1807 7134108425007214236322097687531380319515547588989946969879522260665194197374134
1808 7526645896856811577125773439160994767748728829119177237394216561024132895899750
1809 7940665997973101653489691818293168251154526030615662822324162518450053513934852
1810 8377338119668123930669658644851184047340939438482989273440681019533722270236528
1811 8837894967244088842943347129332360766048672015642815413374314227965329432668112
1812 9323635969631046903736979434060926189192490362222482143644862733831675098350785
1813 9835930871660768920505879600059335035909553246984770527194003883725809491690064
1814 10376223518707380934449705932468389986867967730782556320288801079004733608272056
1815 10946035843940953860698986725372097512430632327667249420795430112617278218644084
1816 11546972068983084711195656367047590953419270343326610596741835713755120827765649
1817 12180723129324948797514431230227384462519824659218090684803516766823631931960824
1818 12849071336469849808088092028040640188856405301466938004648630795928947036935380
1819 13553895289395524678733368404260951414988904076254946113739290845258176733357976
1820 14297175048598032497144181747070877433829165531070169643775027183635161048053734
1821 15080997586680717559265594686642405882401736707116193112228394600976334284662216
1822 15907562530190323357107137477442144874097124085021594862998107693977655374214176
1823 16779188208179779637173472245253173105685166153295853084747055377232999627529528
1824 17698318023795522281344362920158779038342625825541093820412864806348662078670106
1825 18667527166048575036521008812660463453313146859964783178629578199505140727676619
1826 19689529679835273798963061749267408761103043422115522890918543004222387535426900
1827 20767185913227816084782749132710338502032465587177843328531841942447051978366462
1828 21903510362059261487628379988767553369536659042127331158173740169383184002473877
1829 23101679932884813865223617163663305087722081384716734974907526923070907715255924
1830 24365042646513939463706423843070237796556374483843896999563513047423306252942336
1831 25697126805479017210993653350218343476277674449150137624778141562354225600521168
1832 27101650650038828695405474242680833231000572120157078480399406144843147301493744
1833 28582532528612485068031162501899982889328056759140552908632035005510423856918476
1834 30143901609904732095875951115644989631671020382002390353195342125292735932432656
1835 31790109165420523939903537376536990031726133648785224597994172981814973116930396
1836 33525740452579046343916960416727874483985455490252583998550567151901425574454693
1837 35355627230228930032892638231724638402064860795106633354811082816488636778788032
1838 37284860940041358303350770340702634406760683773747580146960224726188229086455116
1839 39318806589020486466578286677545263718763672590978052003260580976156673007553780
1840 41463117370225627811535150968558443484199589908819102090234368957900120345277105
1841 43723750060751830957613382592292337624848450837153682281415917335909176723513142
1842 46106981238069835995532032911295487723029930532026942320228810178648882883306792
1843 48619424357988272901627611857758503889866653093585593949323023349123305516497504
1844 51268047739775952204909981352564219077525130151835741153806487485126983822620479
1845 54060193506376081449929684343210422288470437336095683337893096020744299933161146
1846 57003597530163413036042073035942241576303633843651210572774829911618895416041592
1847 60106410437346201363760432441998758958259920006047688046169190229066563307329000
1848 63377219726904268651025078298152674340926333504665024434373273650288384884069187
1849 66825073062889652337713018403597106392427461807373612017474262636210697464217232
1850 70459502802004808217699313255737750468522784004454244911087012292849362828510266
1851 74290551821623139529102140275325799041053371596425294469256922577284412780273528
1852 78328800716836092205005122092522847988906404879663443951996332415767580861637899
1853 82585396438709012326983689610269246122895556766209616376364644861222580992946960
1854 87072082449713670753943411161460501190687341281461265203894638547670061788804256
1855 91801230476288567768296220239363215174814249081841234688959088481583471645214486
1856 96785873942669086456447891449040782936757520072259305167241812286175020009086581
1857 102039743174539045550063632602747318353134848515821308340020117336031514031789056
1858 107577302465694544957389919759285193884770287143296092084407732143935085952291080
1859 113413789105792119352718976082587386168050111301729007383881034426745229162599710
1860 119565254472388650905853247253090660307479986552186835754082228661565511408774136
1861 126048607295883421801985411040226281501078905104139724500928877877235454391429982
1862 132881659211656970401014862141114174898734832100907201920456667577444201842076824
1863 140083172719681625830991223783462268651258380247089310997706392753319059363042424
1864 147672911678170059585819098934142454281970165020113569205634180736986460135666813
1865 155671694464447023842733709325061794229568592258558477112936397814433923209028802
1866 164101449943192589182302370912522207956098264050228596500552725888513193570619936
1867 172985276389530466062990678338898495832165910771547534468240163367884956313743384
1868 182347503522141128765184813246429478161641639081834432701604255688185838099310593
1869 192213757809686155638521245336948893865971243680274353813018413657960678588941222
1870 202611031222358166846529435596083186868443510799204951416003387968365854703771572
1871 213567753609341757176201810846112349818943024833869259248084011043244753110900036
1872 225113868892407783431609750260120710086919857973536878846103500457853847649856057
1873 237280915275790347095816637238298680571433833780333175258399292462100037481094312
1874 250102109682938124224781711728782610086479630764525504787817646384660951910508840
1875 263612436641715947352070515320142852891692658859553105889431487447385307975014896
1876 277848741851186716948809704796578224581649333301469273128810298853857733147489312
1877 292849830675257227960265415747899077419663117011008346828137154308485807416274216
1878 308656571821255265638777410652985484814051565929236185632285650063952663185869240
1879 325312006474951867205455951016324198496863686514821217171940515892828017588792928
1880 342861463177686143128165019025405014767191008267051023610222651895737289103458829
1881 361352678746126438933504321011320849227095473340346460090795423297129127584980836
1882 380835925550848673507126926020141897253168382842924617693016422793754066131354596
1883 401364145486370127947506637874702319904390486256803965533960577868089989737235336
1884 422993090982586531337738608156040135467043289216685911611268377944575497260552136
1885 445781473425765887173774688141226891729256962925757519847643524098866132323548624
1886 469791119376400246383638395134480666109306317224012479583244309417070920071619284
1887 495087134991355063124831900144054441774782597204554808649613396184200804464891820
1888 521738079078935855012492459381608507986086191308438319978126172752324003089040129
1889 549816145237767227727691681159105975401640744242034842341947180486988364832402312
1890 579397353553806256118600676688720940260233866903012546669185854669218443822039852
1891 610561752354449964077905522145256935642123566884104732540769591142435672033672174
1892 643393630544607467669793617354661791800899615910466498687879599965628962495304814
1893 677981741076856678269513029740350922520635419414411239943444955645567861081327564
1894 714419536136462089020907479533274479290805868019071596690721964468583221832459060
1895 752805414652166389141617796017726075807377195019897030273910017998060192709856928
1896 793242982775360462033448217869064621114751537667665283540290025404044484925395993
1897 835841328003563603263203207723089219287768347779101692628511905628127853063239546
1898 880715307659192502062189184845724228705332177099980618451612767810794246638647052
1899 927985852471451911507390456675586112378794565467451050953677740360084880302791336
1900 977780286047934739937216514352139916819191356264386636582001247295998588911331973
1901 1030232661063272015682130598000106120532278506146908722595581423067763203918415880
1902 1085484113035026269832084936189955309562377714507064725587851318444455500199758408
1903 1143683232602083035747384656852202257757708152985570763022819534301000927852190364
1904 1204986457268177560119679343332991190104489650727156461997758382573159822631400442
1905 1269558483623016410606121435946894488055090787240078040001765332843773539383418834
1906 1337572701105841465373621363383888801359468654361132606847268206479243747945729284
1907 1409211648431368167788068940009202639542476007234910074671235931692091406665084858
1908 1484667493855949006996492952232162296256982202921109420089516077405496785100175571
1909 1564142540522712058186772786698540872553570751156590127300276560568836946140989592
1910 1647849758188455591098751753476337224370373823843988062399779174250433533536656072
1911 1736013342702403502864674300895739974650643254073646096344885875390708309256138248
1912 1828869304677711080453980732037488752141548733714804843480237675595996402103214708
1913 1926666088871033348980957994261646117770809094153725728690582504269390365224697136
1914 2029665225863715020020840845081620735565511576550782649512572861281810335158060428
1915 2138142017720427284773317618101261693367670077773483876001180889770985798818210672
1916 2252386259387567805808782894050184175745264855448973781943312306992747002052058861
1917 2372702997684672095928550854552899048380426441112983165909163839597983414159212454
1918 2499413329837683851470771445789608128348361580869262045976572253664582240300813020
1919 2632855243603437073392155189431674557972991925664547247498789456022323112752097034
1920 2773384501140364413512427681595574863152370242873816625231958006187964202578850731
1921 2921375568891527295827438821702686918525553768354737608013079004797479593198437560
1922 3077222595862840516362441438088140529610885460039466728042240594698076041914598520
1923 3241340442802127789352223518264009811954376180952527905388935754749829440288523092
1924 3414165764913700398274553997665270321833138962276111996603683955590557970627786104
1925 3596158150878819533539211906093860789282830593017725310139984234222281074543021407
1926 3787801321095021132849602687326856935112123919686916340013402546087079034742746128
1927 3989604388197204257215972371249388776391504835628632235844952033747957743672065252
1928 4202103183080982362856360420801902411167967838600513991158556675025312613405147623
1929 4425861649814462255673696719330667277936545559439718097695341280268185110861817014
1930 4661473312998758841949139969981078165256838626178402580985789130723683738448324520
1931 4909562821320606628811207657252392911150733175333448857137602598579197294581684868
1932 5170787571232844753408048964459371905969580756802199981692730981141698898189402866
1933 5445839414900807564454880165257481516983680102448332072808583279965886261043386170
1934 5735446456765247995972781927741561839914010465107007336305818378365856103397462040
1935 6040374943295882045305448327225159812873188762984796257044329053202642702939674198
1936 6361431250744522088791293807721735938513155253219838104161167281362400493678909559
1937 6699463975953644979191432957021197414356304847817092457610681307722831887687043634
1938 7055366135535727663479305915817493482030800409731895897711187719667092004818632792
1939 7430077479011419063004884945282326234885691390617352352051132184746032765322481406
1940 7824586921781275176995558220130180349975585939095829610153719520679819939265970924
1941 8239935104107071821357085059762705038294005992225322716023673997525103732664660344
1942 8677217082595368833983693036101298946082520658465340444194287032386190187753201372
1943 9137585161008811216479581782167866053577450729175555925841374858439046124179576792
1944 9622251867580436191649545404028764340987309128397875057019962575602905294225211757
1945 10132493086373871567098836440373196358812639628062329094699809662333499746786999668
1946 10669651350618664596269332518404346244458533706599834687535064028521619063724536696
1947 11235139306356021847527016899836187700135759650966372262971326786945639535877824016
1948 11830443355156967488731428439932318348936448859364709685804229812420247552733789180
1949 12457127485123388264751735648180265560234053312728266597296245827115478330769248608
1950 13116837299853729546442509105368905829858519270965749611283772020829119595442157404
1951 13811304255550394933271813237074929741874017899636540279803778043079239615536471106
1952 14542350116966397067592308652528550681220250293018462736327793087298036725000789062
1953 15311891643435785856775934879744319550673618940138286557449523717104486911924735672
1954 16121945516807182779988833765565221973683252741544752349589147216560366383119657140
1955 16974633523703784470531627638563554878888407254339677370215557048136979380982745240
1956 17872188005167944297467500066747336912240827334403599139377530303747296833012319113
1957 18816957587415450651567576810955751842113068466266060057753938268855646771091518050
1958 19811413208125526673054836699427448074801732793406386405917127774484143205224313808
1959 20858154453429091931331947156857286610428427542590357042585836133073620529452936376
1960 21959916221531751964048751590330333814554844064156499849300865214409036447621773211
1961 23119575729721206997048751170536047560138137720066878378249220312579988755172211726
1962 24340159882363282026768782059004211036257536138938384011885007928655440437346075104
1963 25624853018388661971003974571493729806095197950684151374734872290393785734549472180
1964 26977005057715857780504614611966935528218804429467447532575602073272526407180081987
1965 28400140067047232268100507057035481639017276685188280727765887891244846545528658032
1966 29897965266516493485556499833220483897006275862637175036213629931253803420191248828
1967 31474380499760455580915394321358310565857778351355353276305544255513611300569265916
1968 33133488191137736367558597029506360127653312781521422497082061632688642872007822656
1969 34879603815025205204678219712225219103800296061243946985974635197833669338892483740
1970 36717266903392352484661860945237831272514547148279240900499868725731971819297452880
1971 38651252619187408694421660307126857099628614148270805655742708779075190241125743782
1972 40686583924470237060121274227705575401960842155715071266450096811130362364269314721
1973 42828544373699162061020103971033689958399314000355949827461610763801221943081268084
1974 45082691564125550043259189563230839644211061640690187204975710970956951866884765616
1975 47454871276874880291854338919645775899192113711613320188520224820743804948834200604
1976 49951232344000175749448453551001969503230605361912353331951773824458062623681109872
1977 52578242278587140002428299303526458456887231551638178079529976292696749214458596244
1978 55342703706874516302310711269828018077779096340310849300811747539665023085077528800
1979 58251771643332607904707874203933264247188721256602021810409769844209505091513830616
1980 61312971651722367915480614862353507686143641176447831546547091157557102487194378423
1981 64534218937342011906123689070323787787310298485255765333688954747710488166571685898
1982 67923838417963010252652730575187403861057752572031555732896378311154973369598905060
1983 71490585823368126128525440846614658968904963258724601253137574042041138003076484260
1984 75243669875936703363796745074249233415835324405892946655874640919879926076724321810
1985 79192775607382791146709700511405062708919485701837220056348631062735799784311668976
1986 83348088869546340604175013444376615221011583881756151138083364946139600329662485196
1987 87720322100073363303019004684533946463977850472222611489417305377271399320964055780
1988 92320741406904682098342556745703301604463858294674545887075069152251261023350341367
1989 97161195038732162476444641643157929069287708549021677085862233060706871356488202886
1990 102254143311983890645430470828850964966524007500731728493307899257160064117973993832
1991 107612690068473855690032762034830454420762418950019083737068356315754924503919413128
1992 113250615741605898572936053019002556218249197792060517960354800009814954798125294691
1993 119182412112965041251153818484701398514495239271200395107711725238972051867233765348
1994 125423318845271285779519820414714332208768876926394388557170021200908149887001976036
1995 131989361882021529926814235345272818632842454150115908230651703952017214683494442376
1996 138897393808714832763391641935251501572059555318929797272218713766065748871540919249
1997 146165136275355852039102450333103005555091592900033323383664703538488178001114937072
1998 153811224584972382854839630127850555179316359975338515403238803370977276791900615832
1999 161855254558177645898937705196793999588723840700827416459738935940302836907121736530
2000 170317831789368997437034083782151874168281198334170583079486742774248702182399114223