n,a_n,p_n,p_n_minus_4a_n,j_n
0,1,1,-3,1
1,1,4,0,2
2,2,12,4,5
3,6,32,8,12
4,15,77,17,25
5,35,172,32,50
6,76,364,60,97
7,156,736,112,180
8,310,1434,194,326
9,590,2708,348,576
10,1098,4976,584,994
11,1984,8928,992,1684
12,3515,15687,1627,2807
13,6094,27048,2672,4602
14,10398,45852,4260,7443
15,17434,76544,6808,11888
16,28837,125997,10649,18761
17,47038,204740,16588,29290
18,75820,328760,25480,45277
19,120794,522112,38936,69332
20,190479,820715,58799,105251
21,297365,1277800,88340,158482
22,460056,1971688,131464,236803
23,705576,3016864,194560,351288
24,1073473,4579627,285735,517587
25,1620680,6900076,417356,757686
26,2429352,10322924,605516,1102399
27,3616580,15340416,874096,1594644
28,5349359,22651835,1254399,2293927
29,7863564,33245732,1791476,3282478
30,11491946,48513048,2545264,4673419
31,16700534,70402080,3599944,6621716
32,24140606,101630110,5067686,9338998
33,34716813,145971260,7104008,13113120
34,49682700,208646676,9915876,18334266
35,70766326,296851776,13786472,25529684
36,100343410,420466302,19092662,35409426
37,141665826,593007536,26344232,48926708
38,199172140,832906340,36217780,67357570
39,278897192,1165210176,49621408,92405032
40,389023478,1623849570,67755658,126335558
41,540606678,2254646436,92219724,172157472
42,748543820,3119296372,125121092,233853070
43,1032844616,4300626624,169248160,316680316
44,1420315158,5909521448,228260816,427564572
45,1946761600,8094021260,306974860,575604988
46,2659891076,11051249780,411685476,772728708
47,3623095094,15043012736,550632360,1034534436
48,4920401713,20416152645,734545793,1381376953
49,6662912574,27629052140,977401844,1839759586
50,8997185064,37286070968,1297330712,2444119333
51,12116088688,50182199008,1717844256,3239109212
52,16272878335,67360839849,2269326509,4282512801
53,21799355950,90188440484,2991016684,5648959794
54,29129313088,120450693976,3933441624,7434652857
55,38828680480,160476319808,5161597888,9763372340
56,51634288623,213296038543,6758884051,12794092903
57,68503548132,282846383696,8832191168,16730626418
58,90678083896,374230542524,11518206940,21833813675
59,119765026500,494051616768,14991510768,28436915416
60,157840769584,650837701440,19474623104,36965010428
61,207583098066,855583196584,25250804320,47959410472
62,272439268276,1122437038772,32679965668,62108347044
63,356839386632,1469576363040,42218816512,80285482080
64,466466992155,1920313862383,54445893763,103598175075
65,608601537859,2504499259196,70093107760,133447897470
66,792551372020,3260290402620,90084914540,171605746611
67,1030200202402,4236388260320,115587450712,220306714276
68,1336695959993,5494853338149,148069498177,282367220129
69,1731317801706,7114649877328,189378670504,361331461350
70,2238566012418,9196099842460,241835792788,461653425953
71,2889530083444,11866472796320,308352462544,588922988728
72,3723603926469,15286992177057,392576471181,750146426877
73,4790633313200,19661605612600,499072359800,954094054806
74,6153601295172,25247949596940,633544416252,1211730548797
75,7891981954408,32371040602016,803112784384,1536747020736
76,10105923985926,41440349789370,1016653845666,1946218182278
77,12921462874542,52971072105524,1285220607356,2461413128800
78,16497007238584,67610588995396,1622560041060,3108794573718
79,21031401126748,86171354934912,2045750427920,3921249049644
80,26773934116473,109671720777075,2575984311183,4939599902647
81,34036755475474,139386552796296,3239530894400,6214466177058
82,43210253221164,176909929009048,4068916124392,7808544193531
83,54782085062392,224232710400832,5104370151264,9799405179032
84,69360703770136,283838414116952,6395599036408,12282922324336
85,87704407338787,358821582716060,8003953360912,15377464882988
86,110757174873692,453033777480916,10005077986148,19229026165748
87,139692827677312,571263459785952,12492149076704,24017487540180
88,175969395713746,719457405216034,15579822361050,29964263125046
89,221395981085892,904992971759416,19409047415848,37341621113300
90,278214911971700,1137012577631700,24152929744900,46484039328902
91,349202586196148,1426834210381216,30023865596624,57802026877232
92,437793140235291,1788454776087075,37282215145911,71798932956343
93,548229968120604,2239166712794748,46246840312332,89091371001814
94,685751192735588,2800312664496380,57307893554028,110434014993959
95,856816491322044,3498208295177248,70942329889072,136749678979236
96,1069384249807199,4365269701526255,87732702297459,169165775668139
97,1333249914358312,5441389579287872,108389921854624,209058471412610
98,1660458696133736,6775615576864616,133780792329672,258106119815127
99,2065808536877134,8428195447480768,164961299972232,318353873039408
100,2567462560505766,10473067066797382,203216824774318,392291748700462
101,3187694221776132,13000887568642884,250110681538356,482948882528888
102,3953793160381426,16122715307329072,307542665803368,594007236840686
103,4899165525940288,19974481724926656,377819621165504,729938678911396
104,6064669456588960,24722418253515108,463740427159268,896170110990868
105,7500234685505662,30569637030168776,568698288146128,1099282248065216
106,9266825196490576,37764104535082468,696803749120164,1347248728260024
107,11438815758244096,46608295576003296,853032543026912,1649723536007136
108,14106867431540154,57470872875028002,1043403148867386,2018386258103878
109,17381404200712580,70800806697063988,1275189894213668,2467356523011280
110,21396813283137772,87144431666215680,1557178533664592,3013691147115706
111,26316516037970698,107166036726458752,1899972574575960,3677980091091380
112,32339085501320858,131672702176168478,2316360170885046,4485060389466654
113,39705621296067648,161644238469665612,2821753285395020,5464870843787408
114,48708634082324850,198269249330464588,3434713001165188,6653474567301842
115,59702741064184742,242988541749493152,4177577492754184,8094281558229588
116,73117532860023593,297547343669741593,5077212229647221,9839509501219877
117,89473042013023344,364058073709859332,6165905657765956,11951928119869298
118,109398326670950676,445075744574318676,7482437890515972,14506940824341605
119,133653781930341812,543688482786140864,9073355064773616,17595067347362844
120,163157908951796052,663626123808331428,10994488001147220,21324902810368376
121,199019411604966916,809390407358453140,13312760938585476,25826642527931148
122,242575656167923252,986410969123594912,16108344451901904,31256278215020060
123,295438726217183856,1201232121434073792,19477216565338368,37800590545337108
124,359550537953115822,1461736359477551274,23534207665087986,45683085732998602
125,437248757386331682,1777411648093925816,28416618548599088,55171050572897060
126,531345587892038480,2159670868589824028,34288517021670108,66583931879523670
127,645221883739194530,2622233372417782368,41345837461004248,80303283332060128
128,782939503140669373,3181580442570412861,49822430007735369,96784566324672153
129,949375355767817172,3857498655381065372,59997232309796684,116571142658022018
130,1150381239459627444,4673727725295791760,72202767457281984,140310857104073877
131,1392974316454868290,5658732473772327584,86835207952854424,168775678561809436
132,1685563971456073635,6846622173734049147,104366287909754607,202884951485185739
133,2038221846201509127,8278244780290099812,125357395484063304,243732906594329102
134,2463003086260716836,10002488580854864432,150476235811997088,292621194008713955
135,2974328298493340728,12077829717123815136,180516523150452224,351097335704186084
136,3589437440844337102,14574171004294681742,216421240917333334,421000150901915902
137,4328928895199624886,17575025682961105364,259310102162605820,504513391495557016
138,5217399362097148892,21180109401024756664,310511952636161096,604229039397227678
139,6284203025245813940,25508415088041743648,371602987058487888,723221968953335684
140,7564351736822105769,30701858746475010103,444451799186587027,865137971416279471
141,9099581856264171762,36929599886825566988,531272461768879940,1034297481917290430
142,10939617935139052924,44393158777853443360,634687037297231664,1235817750677319487
143,13143668794465221352,53332474337730020704,757799159869135296,1475756668848700972
144,15782197824103080649,64033071904081911697,904280607669589101,1761282006475313649
145,18939016704322300698,76834539928886551752,1078473111597348960,2100870458452749062
146,22713760391790025648,92140549592672559160,1285508025512456568,2504541638981367353
147,27224811340700464200,110430692289603821120,1531446926801964320,2984133033145254552
148,32612752795095613925,132274457912532003833,1823446732149548133,3553622925996920753
149,39044444882156269514,158347733043608249000,2169953514983170944,4229509508148062454
150,46717833498204492176,189452263904012284308,2580929911194315604,5031255729327790141
151,55867621004597554024,226538605833326862112,3068121814936646016,5981811068910542496
152,66771949999865075443,270733171013842333919,3645371014382032147,7108223251200894003
153,79760277442313726576,323370091289514518368,4328981520259612064,8442355095156712642
154,95222646786271265246,386028735766866774920,5138148621781713936,10021724201680072103
155,113620601288089861148,460577866346848273248,6095461194488828656,11890486102629241776
156,135500023075281983209,549227581815916889405,7227489514788956569,14100584889087117829
157,161506230929121185412,654590396562026046916,8565472845541305268,16713099277040541354
158,192401726140507630560,779753027951120802048,10146123389090279808,19799816642985597621
159,229087041574923562202,928360732210211608032,12012565910517359224,23445072869996050852
160,272625225749710563694,1104716338471149941250,14215435472307686474,27747902001847527234
161,324270583053283793819,1313896491574114232104,16814159360979056828,32824546842025957636
162,385502395270748457816,1561888034586578993196,19878453503585161932,38811389909500470238
163,458064470697868145442,1855747951350259803552,23490068558787221784,45868373751216049264
164,544011508076110036783,2203790858830608449523,27744826526168302391,54182990716667835615
165,645763426549832230118,2615808701469115043672,32754995269786123200,63974935158157948178
166,766169003518995133260,3103328070010390196916,38652055934409663876,75501525902768559095
167,908580383901741608876,3679911462612928096064,45589927005961660560,89064024061262745904
168,1076940281864347894254,4361509846370425364350,53748718913033787334,105014991154959369138
169,1275883995224991268434,5166875085696345967028,63339104796380893292,123766855568423334392
170,1510858700085900307828,6118042206972568562032,74607406628967330720,145801881950301992326
171,1788262896413217207172,7240893097184046679840,87841511531177851152,171683768935255522804
172,2115609343064898622553,8565815123472907310289,103377751213312820077,202071136077382512641
173,2501715363323856326488,10128470351656658991432,121608898361233685480,237733201894891050694
174,2956925031054465949780,11970693582100735133260,142993457882871334140,279568002260324460685
175,3493368476697563108078,14141540365532648355264,168066458742395922952,328623552987837080176
176,4125264397062688234471,16698509572433018305783,197451984182265367899,386122423468456728515
177,4869272831266607002116,19708969040181978379828,231877715115550371364,453490260848590123526
178,5744906397954984603880,23251817395916492590752,272191804096554175232,532388887985554136879
179,6775009500041418311718,27419420446560744002144,319382446395070755272,624754694909737200468
180,7986316520153227920154,32319866651888975102254,374600571276063421638,732843154683979688718
181,9410101784511168669504,38079593279782119197552,439186141737444519536,859280422564912995188
182,11082936101616407048268,44846443032422055445924,514698625956427252852,1007123124746792153074
183,13047567026909651606284,52793220397642902896832,602952290004296471696,1179927612580911202536
184,15353942713872292842972,62121827916171117403102,706057060681946031214,1381830153307367055362
185,18060402341489477816648,73068075187483650033620,826465821525738767028,1617639752784318124248
186,21235059721560611781424,85907268022570507672004,967029136328060546308,1892945563774325007866
187,24957410860556207412000,100960701987652430098496,1131058545427600450496,2214241129995064788108
188,29320201064083608976878,118603204009759040960738,1322399753424605053226,2589068057024688435750
189,34431592724612988926562,139271888124614356544320,1545517226162400838072,3026182092748704721340
190,40417681336418919393432,163476317289225514516488,1805591943549836942760,3535745049755842388586
191,47425414663713776932296,191810292972245427914144,2108634317390320184960,4129546518408755425488
192,55625978495608816792429,224965528567184587484969,2461614584749320315253,4821259911919246173169
193,65218722223419655159268,263747502226842592626568,2872613333163971989496,5626738064718845570774
194,76435708765321923832892,309093830271885363776512,3350995210597668444944,6564354385384766008345
195,89546986362230373179106,362095554776737224204160,3907609327815731487736,7655396459809089277704
196,104866694731273547633945,424021799307276954515185,4555020382182763979405,8924520025687869883377
197,122760135280769856833618,496348316252413362804564,5307775129333935470092,10400272414596677978354
198,143651954897074013348064,580790529101963170984968,6182709513667117592712,12115695904413399891025
199,168035615591522104372396,679341764918697605095744,7199302552609187606160,14109022967184625930372
200,196484348482948620602584,794317477899131256098890,8380083967336773688554,16424477163699216892370
201,229663820689305321250530,928406386337518837552976,9751103580297552550856,19113195457953930450940
202,268346778284679017277124,1084729584814674554066220,11342471675958484957724,22234290038768135059158
203,313429968202142253417980,1266908853675345636489728,13188980866776622817808,25856070383515365910264
204,365953687579535002715303,1479145571863584303140267,15330821545444292279055,30057449327567584227031
205,427124361413480055232288,1726311850418280907583092,17814404764360686653940,34929560366457937792286
206,498340609488780752213844,2014055746350288863492712,20693308395165854637336,40577617377311351466795
207,581223332508352878672970,2348922694753928721749440,24029364720517207057560,47123052471631902347108
208,677650426445678829477557,2738495616020174168941997,27893910237458851031769,54705972862605588935829
209,789796824842731726877434,3191556520823617952266520,32369221452691044756784,63487983537198336131966
210,920180672754875529138144,3718272854896565599494668,37550163877063482942092,73655429269503863903625
211,1071716555211133688225522,4330412306183711924891840,43546085339177171989752,85423117214198678169024
212,1247776839594500748681555,5041590347581714084966143,50482989203711090239923,99038590110855834677131
213,1452262347741648088558170,5867555419142497982607940,58506028175905628375260,114787030162781737567494
214,1689683752654141220334484,6826517375803503104820324,67782365186938223482388,132996885100221224570587
215,1965255299743105515927352,7939525653457494819697472,78504454485072755988064,154046320992986592664764
216,2285002687189603114565051,9230904552375720986312443,90893803617308528052239,178370621264234451737823
217,2655887208504459174580712,10728754119621856195270452,105205285604019496947604,206470668327909042343038
218,3085948567512973426879712,12465526350482235837035024,121732080430342129516176,238922663614244432806563
219,3584469127240234169302128,14478687845129098763389856,140811336168162086181344,276389263786483284590260
220,4162162755761086872976044,16811481675833437253287564,162830652789089761383388,319632336057475563542876
221,4831391891099955444257792,19513803070644582400377060,188235506244760623345892,369527564106806657191788
222,5606416971797955238358696,22643205634109550646110480,217537746917729692675696,427081168653823098643924
223,6503682979003980793068876,26266057241374144063916032,251325325358220891640528,493449043799625172072132
224,7542148520358352253027115,30458867501063223996078143,290273419629814983969683,569958652424486514356559
225,8743663667430014513713811,35309811832663272249525872,335157162943214194670628,658134071910968321285618
226,10133403650586789864044136,40920480800308089391554924,386866197960929935378380,759724636044768888581323
227,11740366533327688351737412,47407887448970567859642784,446421315659814452693136,876737681017661326058808
228,13597944149802113131574630,54906770071664149379307450,514993472455696853008930,1011475974031103051576806
229,15744576914393168610817900,63572233177578727840814604,593925520006053397543004,1166580483220996941842488
230,18224504623478488834521324,73582775522284632391299092,684757028370677053213796,1345079238791326088977334
231,21088627092511271258884020,85143761005816950256466336,789252635771865220930256,1550443138826413314682756
232,24395490435590748263012092,98491396160261216769772324,909434417898223717723956,1786649670911948648138744
233,28212417032881893243202174,113897286969022117520018728,1047618837494544547210032,2058255654316634236940416
234,32616799781257115410225858,131673658036983134823416312,1206458911954673182512880,2370480259200116553151180
235,37697584128116653332128208,152179328836473720217893152,1388992324007106889380320,2729299731529568091079256
236,43556964696015343185038704,175826555083798069946655276,1598696299736697206500460,3141555447833764334285284
237,50312327071530603176427724,203088858476806090804623860,1839550190683678098912964,3615077145683671129206460
238,58098469618198132393373528,234509985297163393339991676,2116106824370863766497564,4158823427349281677399232
239,67070145051144185119889198,270714154036906094065892608,2433573832329353586335816,4783041919385398190533116
240,77404967060566849514197743,312417774571047920141813603,2797906328780522085022631,5499451794399125350020063
241,89306733583508415839879402,360442846833172649770736820,3215912499138986411219212,6321451727982903553002222
242,103009225501608325906336136,415732275874743280449522712,3695373868309976824178168,7264356779445901049862675
243,118780547703665045540886280,479367373072280842752122304,4245182257620660588577184,8345668155966931623813700
244,136928088728342826233464701,552587850623195988887440917,4875495709824683953582113,9585380353377583832719021
245,157804185744290736650303642,636814658945265971954968960,5597915968103025353754392,11006330771154836932209430
246,181812593602225468342031832,733676064850938975257576080,6425690442037101889448752,12634597583603020235079077
247,209415870298560525556744844,845037423180681295879003008,7373941986439193652023632,14499952424069317318819808
248,241143806640726404552833168,973035156826561896476089596,8459930263656278264756924,16636375316138279975659660
249,277603045446891773453061816,1120115530750813349176717916,9703348963246255364470652,19082640278370852103541732
250,319488055526246797734733540,1289078885827337950527499324,11126663722350759588565164,21882981152273148650153088
251,367593648285835101762927600,1483130089377556311754320832,12755496234215904702610432,25087848473693759876040100
252,422829250452946615206336757,1705936062572578141866438567,14619060760791681041091539,28754769644803468885296227
253,486235175491807346703856576,1961691362056279916781285808,16750660089050529965859504,32949326288679944802729506
254,559001169285904593820483044,2255192926045483862020748076,19188248901865486738815900,37746264505502170324615027
255,642487543068404952957305298,2591925245860412219115838784,21975073586792407286617592,43230755825724411855628440
256,738249248995484598093561662,2978157394677410154771359470,25160398695471762397112822,49499829002069578560429978
257,848063301829409483838268980,3421053538927770494249159912,28800331610132558896083992,56663995433362403822279756
258,973960004673658204094495656,3928798777186217365836071744,32958758491584549458089120,64849094008086532109111390
259,1118258498421322787162760682,4510742399982642841492574592,37708406297351692841531864,74198384537978604069591016
260,1283607224489046414338846818,5177560945550436505896776246,43132047594250848541388974,84874922771368188747698806
261,1473029969582813148385473053,5941443745406169357837226552,49323867074916764295334340,97064254287939187536248652
262,1689978250887848642593691388,6816304014705602762608659968,56391011154208192233894416,110977469443700552830983110
263,1938390901556974346630251540,7818018951032653328258484352,64455344804755941737478192,126854667027617160878390968
264,2222761831229307657738057148,8964702767848471093181074400,73655442931240462228845808,144968880488767199272765664
265,2548217066280751495268909214,10277017112248430270351666608,84148847125424289276029752,165630527584141412248002160
266,2920602321547901647428693628,11778523908830845670548694728,96114622639239080833920216,189192452182456223026435912
267,3346582521586534581383671024,13496086341264506846749070336,109756254918368521214386240,216055635851245776003347488
268,3833754877614980014593928829,15460324440577804098861188157,125304930117884040485472841,246675666879636075911742213
269,4390777338958589629247035450,17706132605580987724216112996,143023249746629207227971196,281570065689886373242807018
270,5027514478217978404207356724,20273267348911084732708087704,163209436039171115878660808,321326578326913383137049869
271,5755203141095807584478438092,23207014656307431586887951040,186202091924201248974198672,366612564066249845687888628
272,6586640498851094093204320927,26558947583052822568508416679,212385587648446195691132971,418185619349044127440602303
273,7536397488230617432618146588,30387786108262658960593516772,242196155340189230120930420,476905598464445410464634454
274,8621061015549201273962530756,34760372845382063205330810628,276128783185258109480687604,543748211909567852652193763
275,9859508744091739859102507972,39752779988952423637234417536,314745012585464200824385648,619820406450956187166313052
276,11273220783648822767928315209,45451564889432657903516865213,358681754837366831803604377,706377756909873834378840769
277,12886633165044900790897847578,51955193918869733847680719512,408661258690130684089329200,804844128956841677881406622
278,14727538619154964328586698904,59375656853439502804063346136,465502376819645489716550520,916833905132693012218772325
279,16827540898338781349011938212,67840296891376550011069617984,530133298021424615021865136,1044177103367278250623645224
280,19222569688807622379691269300,77493884688264952399982520592,603605933034462881217443392,1188947758951355181906630760
281,21953464076826238703508981484,88500968472955824382916651768,687112165650869568880725832,1353495987802469594021228568
282,25066633562943161963683368548,101048536459238035770401703240,782002207465387915668229048,1540484201591339404550920296
283,28614806781365242105215642280,115349032450098748418215667488,889805324637779997353098368,1752928004578501260328912776
284,32657879392707198262805482621,131643770809615110391592132625,1012253238786317340370202141,1994242368655649325562500889
285,37263874096266613370160913908,150206802927124695416469647084,1151306542058241935825991452,2268293757993223051501049322
286,42510027373616348606340696988,171349294003509412525835683072,1309184509044018100472895120,2579458958875132084488521529
287,48484019452172393958645794010,195424476544778568147912789824,1488398736088992313329613784,2932691464884438512711070764
288,55285366091888873513029508215,222833255459905566359852534727,1691791092350072307734501867,3333596373857842589862638151
289,63026993180009909312434120376,254030549247404232853823909892,1922576527364595604087428388,3788514872371668282031630262
290,71837017801175609710415704166,289532462552450613970769783336,2184391347748175129106966672,4304619517547714622974498279
291,81860762470533106886389609284,329924397533951215496331652128,2481347651818787950773214992,4890021676454220408615995348
292,93263032617826544945437520525,375870225167770369781610955877,2818094696464189999860873777,5553892652318552759717434957
293,106230691237856775640154340128,428122653017984842050023300592,3199888066557739489405940080,6306600216395317983133040966
294,120975568930098920358435485392,487534943345342952030899203224,3632667624947270597157261656,7159862477143637712463557917
295,137737752396987346944064582464,555074154929855882940084100768,4123145341906495163825770912,8126921257154820928308994912
296,156789299923000453510789319268,631836103930532038746704163500,4678904238530224703546886428,9222737416163224897435165188
297,178438438489882942527441894854,719062263790174636229392495416,5308509830642866119624916000,10464210858966441676068269184
298,203034304080888092822870558584,818158851953905515117698238156,6021635630353143826216003820,11870428304088281405617410824
299,230972294482727737897948163928,930718382384550897868468171136,6829204453639946276675515424,13462942266914503862464190240
300,262700112613284039598759841504,1058543997949905280318480381224,7743547496769121923441015208,15266085134708999699242277108
301,298724588204105190384699219888,1203676936201106141152249330748,8778583384685379613452451196,17307322685846478383756739436
302,339619376681576988674781761204,1368427526390197396549321714032,9950019663889441850194669216,19617651937890394563303433760
303,386033646467692311793066683436,1555410165384923456117781718912,11275579514154208945514985168,22232048805634804171387621596
304,438701879826646131450695817327,1767582776098201275120802287955,12775256791616749318019018647,25189971718551759434560564163
305,498454928003158011654568776942,2008291314907252209847901797880,14471602894620163229626690112,28535928095773115724078940882
306,566232478940907583358588685384,2281319965131621115543288416052,16390049367990782108933674516,32320111415317970968287108247
307,643097115568196136267456339586,2590947732909389963394757011008,18559270636605418324931652664,36599117553399942156081976784
308,730250164754304279611261906919,2942012250808359903545754370811,21011591791142785100706743135,41436750121201092299528764847
309,829049561866637733989865602742,3339981694411087086295926799272,23783446944536150336464388304,46904925703757242599175068658
310,941029983723213242143410441266,3791035829237198837389455785892,26915894344345868815814020828,53084691223384568343356558159
311,1067925534003957235461530578824,4302157331188246195629418727072,30455195172417253783296411776,60067367124935607146433954560
312,1211695300267936449886168991176,4881234664869865163268982386004,34453463798119363724306421300,67955831730571609399600717752
313,1374552141081044131726898129704,5537177962509771024022367460516,38969398185594497114774941700,76865963958286893113821415580
314,1558995105903344697336972966896,6280049523813792688918238955764,44069100200413899570347088180,86928263664115804142486420736
315,1767845939891615022739231091960,7121210756296264295869340984384,49826996729804204912416616544,98289671178449942055230533372
316,2004290181282974093234972488610,8073487598969547412756578109914,56326873837651039816688155474,111115610190811509936135096910
317,2271923421258144814923712974032,9151356722669518263172198391724,63663037636939003477346495596,125592281026687733528383156280
318,2574803365940892347649435554120,10371155080959716452306584106520,71941617196147061708841890040,141929234590227338718765432986
319,2917508418371221779934087455818,11751315700107337853646237996928,81282026622450733909888173656,160362260857423212205268175612
320,3305203585897326707689653597396,13312632949095063647838775295860,91818605505756817080160906276,181156629840104392852883408524
321,3743714616586300390291514350072,15078560925533748956396542404680,103702459188547395230485004392,204610727450959514365229809888
322,4239611378209073316371376244156,17075549035711320719551015699728,117103522875027454065510723104,231060133738886454596706186228
323,4800301616510560292162948235992,19333419342482363604999708308832,132212876440122436347915364864,260882196593471122294219314056
324,5434136367395011336173640774791,21885790809559008297411102559059,149245339978962952716539459895,294501160305601806962701641123
325,6150528452085190169298953065850,24770556192029823779143668745428,168442383689063101947856482028,332393915394170789321171936142
326,6960085657202146750422732601908,28030418018451850871064637405112,190075389643263869373706997480,375096443951211610188402473315
327,7874760395237132996482996223836,31713490888387893216408184635808,214449307439361230476199740464,423211043514015253422578571012
328,8908017857479122249819976922615,35873978180571762805520364718279,241906750655273806240457027819,477414422247827243768632851775
329,10075024913833378599493287040352,40572932241889269213713432575164,272832586555754815740284413756,538466769133636819080887774414
330,11392862285146375837397965229952,45879108218239346624939620987100,307659077653843275347760067292,607221915032571003033120555051
331,12880762817018788050373315364872,51869922908675904551482432929888,346871640600752349989171470400,684638714086480515316623530852
332,14560379023411004490830396814833,58632531389187277127617907379561,391015295543259164296320120229,771793790074814649592662506885
333,16456083447830102652542034937280,66265035678959052836116698482716,440701887638642225948558733596,869895809260403132363316653482
334,18595305814224287313294305324052,74877841428851937078533229278760,496618171954787825356007982552,980301460121108533917739692889
335,21008911414132003164645033271110,84595180520147609125620941759968,559534863619596467040808675528,1104533341402787804671181685164
336,23731625706971987585451507214860,95556819594832181282043069315156,630316766944230940237040455716,1244299983388900109334415073980
337,26802510703121794682464841801556,107919976922955229887421943290760,709934110468051157562576084536,1401518253438476448956746420416
338,30265499361866837102181066147484,121861472677081197406437372059108,799475229613848997713107469172,1578338426002918913636554792744
339,34169994976492107504664029662558,137580140661040533927049113159232,900160755072103908392994509000,1777172229833369001596312331776
340,38571543345742177591160098903833,155299532866312227302658553228593,1013359483343516938018157613261,2000724221312356854997698969237
341,43532586454629495205498413147465,175270951944790453619772558995328,1140606126272472797778906405468,2252026873206532941504565697374
342,49123307419310259644470062658196,197776850836377477852796192675252,1283621159136439274915942042468,2534479813108797915909627913189
343,55422577602930474968110675767196,223134643423901947942769891358944,1444333012180048070327188290160,2851893695937445856950065003768
344,62519018095850318370764202011958,251700975262090576785223341635338,1624902878689303302166533587506,3208539250664158752479751592702
345,70512189189939321627725462282136,283876509203872301921483384930100,1827752444115015410581535801556,3609202103593096293806593018368
346,79513923079910318818869707853404,320111287195376357434512892561100,2055594875735082159034061147484,4059244049722330376769464336238
347,89649816814091455310158334626336,360910736707658256696442261953760,2311469451292435455808923448416,4564671520777843748899861761660
348,101060904513958743317546984508493,406842398304238355957098890860357,2598780248403382686910952826385,5132212084298199998727259513937
349,113905530109916639397133493473192,458543459804459363752264494142992,2921339364792806163730520250224,5769399903640908534508974376038
350,128361444326654478611348947765880,516729192499743696834672363700904,3283415193125782389276572637384,6484671195063325287242266275277
351,144628152424338879088557329490140,582202396031333055864593011493600,3689786333977539510363693533040,7287470836305025947512778234784
352,162929542294658291163967964921007,655863970975623272705788308975709,4145801796990108049916449291681,8188371412700857811274649689413
353,183516825959731766692989242751180,738724752053180626123193795096936,4657448214253559351236824092216,9199206133267136576210188639118
354,206671831367639433423755108643520,831918750342811381123063238174096,5231424872253647428042803600016,10333217212073401582463956955933
355,232710685665884680941916713872704,936717970123807152251324443612736,5875227460268428483657588121920,11605221491365016128391762361480
356,261987935913567356821110452515829,1054548985189166961239673848248433,6597241534897533955232038185117,13031795284364037860088199197057
357,294901158520154335601621183583868,1187011480894222046238548780189356,7406846813604703832064045853884,14631480639695276010525527305226
358,331896114635431428920810482307256,1335898992077732227380098838544896,8314533536006511696856909315872,16425015478455096142675126414617
359,373472515330381450669336225851740,1503222093593070765140696969389728,9332032271544962463352065982768,18435590331828356619048072489292
360,420190467778913159442820925154269,1691234329823340768258241072803853,10472458707688130486957372186777,20689134714931465356945972569293
361,472677681860650032481732442908054,1902461202568229344745521634744360,11750475125629214818591863112144,23214636514618573369736458526382
362,531637525749929446865368035958336,2139732573462222899271159123393864,13182470462505111809686979560520,26044498149104978038356926708997
363,597858029240823037153364671615636,2406218878035834649578003955215040,14786761072542500964545268752496,29214933679618195781207343171672
364,672221944899090252653555518155435,2705471594132964228711701629150235,16583814536603218097479556528495,32766411523517828826852842114019
365,755717989759181413081531158364216,3041468458169661301705179300301968,18596499132935649379054666845104,36744147939567493859779997216538
366,849453404341731808931932648259104,3418663979241347276159448944580940,20850361874420040431718351544524,41198657034988901460791973127239
367,954667981414378209748063392248144,3842045863999921554901324443130432,23373938342408715909070874137856,46186363686888304287605854270520
368,1072749734333791923290335350843643,4317198035243104565131058729909135,26199097907936871969717326534563,51770286484608731487858788229211
369,1205252394186758197489979306793078,4850371005078558798793628992367508,29361428331526008833711765195196,58020798592271223432835975679670
370,1353914946511865955830287155752400,5448560450224815277772678965286484,32900664177351454451530342276884,65016475310802245316479710460603
371,1520683442373919950058532582631870,6119594933466674687861660321506560,36861163970994887627529990979080,72845038095602931109931383301100
372,1707735345250272327884497754649765,6872233822578754047357685926951541,41292441577664735819694908352481,81604405870219949407044249224905
373,1917506704871221763295805870058012,7716276577370411311638065985020884,46249757885524258454842504788836,91403865679577904784354452624362
374,2152722482167591277345674258962206,8662684708223497034927896146148888,51794779553131925545199110300064,102365376061428459009450103058661
375,2416430386186085837512221523753100,9723717857072524780453453189867680,57996312328181430404567094855280,114625017995942022235726882590788
376,2712038624645865886706048226093560,10913085615858173835064146234698712,64931117274710288239953330324472,128334609936621309085136001112240
377,3043358015181427820016269865571412,12246116879892271004675351705045744,72684819166559724610272242760096,143663505248448115000512425516000
378,3414648954750306510726424920444564,13739948736327115956433361609502668,81352917325889913527661927724412,160800592400747782146804434109892
379,3830673800737064029923437312401140,15413737113266056653990271106611712,91041910317800534296521857007152,179956520504095745798899592652120
380,4296755279575963943683577262598059,17288891665471400899219920199865879,101870547167545124485611149473643,201366175266403547672739596145123
381,4818841607929345128687640060464324,19389337650876079475118373059015400,113971219158698960367812817158104,225291433199334330668803765895354
382,5403579088357147415809796949097292,21741807861242179678869764919394548,127491507813590015630577123005380,252024224961421627852939001229627
383,6058393026837884730072136345595154,24376168013719068775223007940899424,142595906367529854934462558518808,281889942110788892601851161125728
384,6791577914386458985070753592980380,27325779391489636776057167336093320,159467733943800835774152964171800,315251225293678904480916373689020
385,7612397920394443120899278592171807,30627902945314550274917328619873468,178311263736777791320214251186240,352512176054345498026001888586252
386,8531198862340550079873455204488216,34324149538200090289155855479778140,199354088837889969662034661825276,394123039060626515378365576124524
387,9559532946453432859958896612499976,38460981537731309382537599860324096,222849751917577942702013410324192,440585406645679079143217520641284
388,10710297718163184271954805819649934,43090271540485476205151461077024218,249080667832739117332237798424482,492458003222947729232116836154166
389,11997890821310935272859036995245820,48269924656636713181447755437280868,278361371392972090011607456297588,550363113397070153682433143556528
390,13438382342824478660618512702496680,54064571497320839111259061139105124,311042126022924468785010329118404,614993724532888953515011341567606
391,15049706716824058114130997276086532,60546339800234589334385789362404416,347512932938356877861800258058288,687121462229624293315422521475036
392,16851876381013733335558788431764264,67795713508805019470789735886544760,388207984750086128554582159487704,767605405656679913277218300841052
393,18867219621084369867064430332471680,75902489096504356734776614687021004,433610612166877266518893357134284,857401879128907127582932276335900
394,21120645308299584630397025734088916,84966840010932689570793188447250312,484258777734351049205085510894648,957575326728995572029694959753064
395,23639937534328696394007502208398280,95100501313690676931676389548591168,540751176375891355646380714998048,1069310388329654524866627341111548
396,26456083478910508072285791438781275,106428087924594863493401260195378615,603754008952831204258094440253515,1193925308146199200841669545446591
397,29603638213597421835180919702008810,119088561356590213658109359544641228,674008502200526317385680736605988,1332886821091163602983228702475166
398,33121130552534764756155458294295820,133236861466435854993027417543684536,752339256296795968405584366501256,1487826677850291170209958649780695
399,37051514513283538705788853917411014,149045721563193831063202535438264704,839663510059676240047119768620648,1660559986912334735257059895536860
400,41442671451862398575101237384701708,166707687230890465592859800404183732,937001423440871292454850865376900,1853105570938658459482147071338860
401,46347968491738959710026084298465720,186437361454633105313326345411920528,1045487487677266473222008218057648,2067708556046005190809280041817768
402,51826879482273260854177215932612608,208473901114386114115322998744355320,1166383185293070698614135013904888,2306865436010369081530108324697996
403,57945675404556976110262630102153722,233083792653456339800801421744796384,1301091035228435359750901336181496,2573351879317216883481769668006272
404,64778191898832975252738364319610246,260563937768169811787503481008615294,1451170172837910776550023730174310,2870253575643246301223636263377846
405,72406682425607242601916053705489200,291245083332927543276996945869122072,1618353630498572869332731047165272,3201000450044259502791405596687868
406,80922766500897880415304041313598816,325495633505844280778589312183057292,1804567502252759117373146928662028,3569404608159006012098901453428442
407,90428483474442471538284509546042464,363725886093230136807120670547563712,2011952195460250653982632363393856,3979702414469118526938992050571200
408,101037463458759470269272584074352475,406392739829081624859401585839669875,2242885994043743782311249542259975,4436601148465632023749556927599743
409,112876228278506756592281757823884244,454004924295820923906512957025213472,2500011181793897537385925729676496,4945330730887810994830455893437434
410,126085636706614077142026884528532248,507128809827048808628112026250580204,2786263000592500060004488136451212,5511701064488585674487698039823135
411,140822489800565275015000272390786620,566394860949836130610020740561686784,3104901747575030550019650998540304,6142165591559437260309645085739848
412,157261313864858665163235450049131398,632504803806909187088680427412001166,3459548347474526435738627215475574,6843891734285734496750972539207802
413,175596340461631886228044384507348076,706239585618511633375038335709185484,3854223771984088462860797679793180,7624838954529389807698221446869936
414,196043704990090214022526070302738380,788468212677655773975831346338400952,4293392717294917885727065127447432,8493845247541694314435102332031150
415,218843887678140732416357266404797044,880157562706958500315785442685706496,4782011994395570650356377066518320,9460722970158585739161085718090076
416,244264423400161336975199518815603941,982383277735325929195970029917502997,5325584134680581295171954655087233,10536364999064702540230490884490957
417,272602909579242853001428479824368676,1096341855083351947037364554418484720,5930216766380535031650635121010016,11732862319658588961209937269185222
418,304190344579375637814563438329174512,1223364066693309087768948765985124480,6602688375806536510695012668426432,13063634261931122890189687065658037
419,339394832474751731704719479814353868,1364929851030974765937718012365951616,7350521131967839118840093108536144,14543572727708537437185034814187376
420,378625693934773318197798312908169603,1522684837263491235764163657632873881,8182061524397962972970406000195469,16189201894850791657676398886095129
421,422338027223302119670143691768152854,1698458678535909842673536695469741820,9106569642701363992961928397130404,18018855039902137082927392569945674
422,471037768021982086999628265059830540,1894285390101097399315592895645882652,10134318013169051317079835406560492,20052870292768949732683162339272893
423,525287301997387354627818296974687704,2112425908993193372763623125908565888,11276701003643954252349938009815072,22313807326908416805974030086542404
424,585711689792449877206275693075176396,2355393115083366052749464913494656256,12546355913566543924362141193950672,24826687198076706537811557323407132
425,653005570491660989434507880852154520,2625979578949456661018845325624528772,13957296982812703280813802215910692,27619257775917928283538624543782148
426,727940816650417779113381834603192704,2927288330283337298163222605246570256,15525063681666181709695266833799440,30722287467790028874996867492168968
427,811375021761649972074048075268755784,3262766971832876965073077792233347936,17266884786277076776885491158324800,34169890215659029765477907364736196
428,904260909634787497435006050240989833,3636245498439749662867186347546647889,19201859900599673127162146582688557,37999885057333030884253368326522273
429,1007656764668440347232462024275966480,4051978218932329532803251608651008528,21351160258568143873403511547142608,42254193885707172141956705791060686
430,1122737992502853641970811707572442376,4514690220842212247599791831114824692,23738250830797679716545000825055188,46979281417302844860474961359455525
431,1250809932144921624577024602558649886,5029628864549883682973447391780495168,26389135970197184665348981545895624,52226641797788720577115338201854312
432,1393322053481581881530492627863354796,5602620844988862364254040678699281620,29332631062534838132070167245862436,58053336731307245906937726253115976
433,1551883688262769561793010124808811598,6240135415954474362636056329227641036,32600662903396115464015829992394644,64522590526633317101422363609572964
434,1728281458281699287450010102327905868,6949354434931318243648697525917304832,36228601804521093848657116605681360,71704448011231882630625546161304380
435,1924498581761179349073509370786386762,7738249955787568261750387126062987552,40255628742850865456349642917440504,79676501879406137089048403456018924
436,2142736258038716473706869490388997468,8615670173362529223280419489011398088,44725141207663328452941527455408216,88524696718710943428342762802727816
437,2385437351716337114385691327043664268,9591434608643487764421187902977764068,49685201778139306878422594803106996,98344217705997579610736051017955444
438,2655312620708298350367550714828384420,10676439516712286897011007653795290584,55189033879093495540804794481752904,109240472787840591449051336851160536
439,2955369758307034491843953388121589264,11882774602848443175364958279280674848,61295569620305207989144726794317792,121330178067357145764130874667857748
440,3288945547743614797345761326215654790,13223852246103610691364745385137433882,68070055129151501981700080274814722,134742557119011237645836480371374770
441,3659741459017800482791426790748683388,14714550555412966230398549939093092220,75584719341764299232842776098358668,149620666054188023034017448098899304
442,4071863052316451992863549928876100596,16371371722095661817122598576953377840,83919512829853845668398861448975456,166122857373340047690244083904627282
443,4529863590460151727705305122486976592,18212617285754932156487201285176851392,93162923914325245665980795228945024,184424396976574752640554070363187932
444,5038792304882782295414518028823233737,20258582099590216006855262951971177167,103412880059086825197190836678242219,204719250176013511003458958570852223
445,5604247806060830694198856733219351326,22531768967599172653612029445744457088,114777743355849876816602512867051784,227222054173672796388704826978954146
446,6232437180512567438642403974078828312,25057126131861037490906987749340954520,127377409810767736337371853025641272,252170296252908190538191809823217511
447,6930241372971047293624280607267436532,27862310015018910194701741628183640512,141344523134721020204619199113894384,279826718896007866499795575246188560
448,7705287514637527031309306134827309356,30977975873380113094985615187987843284,156825814830004969748390648678605860,310481975203330196489119680961516780
449,8566028927136115105210650802249079420,34438099292111551109590450588454613028,173983583567090688747847379458295348,344457560370235114320961840662566972
450,9521833607568677939271343740991042688,38280331758441687172759085811162738960,192997328166975415673710847198568208,382109047598698048563799822241356188
451,10583082083629293250597188529077121530,42546393884476621977496657345604213152,214065549959448975107903229295727032,423829659704798741568936311733348260
452,11761275619870105689894071741969925308,47282510221369033740611730847132454748,237407741888610981035443879252753516,470054210857476958377501967086767404
453,13069155857784899267290336050068946288,52539890014638301159055060577820263984,263266583498704089893716377544478832,521263456376855655328256229159567640
454,14520837084349881158850866421381469440,58375258700271262795420628580559929172,291910362871738160017162895034051412,577988892363694217922238272051855952
455,16131952447085783894168857237324512580,64851445437064126090613438053589642784,323635648720990513938009104291592464,640818051159901658827241470290048424
456,17919815569739535793573138553765379217,72038032517148662235236607105239977657,358770238190519060944052890178460789,710400343291672849430359578620621261
457,19903599172601341283521529859391837068,80012073098896808570551708575372526228,397676408491443436465589137805177956,787453501663610190691932418482213698
458,22104532466675246939803310798128840044,88858884370045115779885249841390303640,440754503344128020672006648874943464,872770689400160874018439795885228841
459,24546119272949189814699683630729738368,98672923980113760470588353482069991968,488446888317001211789618959151038496,967228338920337481369562374661910916
460,27254379018558830392985277418232070239,109558758386820838102154493729205324855,541242312585516530213384056277043899,1071794796638432940863036606455644559
461,30258112982571668234350583582266676218,121632132648696052542692857896611610592,599680718409379605290523567544905720,1187539855168136808972223920270952850
462,33589198407482964416455784585639574284,135021152173708156103450360725441681432,664358543776298437627222382883384296,1315645263136889120219138661423785103
463,37282913360565476813953979791390151608,149867588010485016815010577965628972960,735934568223109559194658800068366528,1457416311764757150802714411357220688
464,41378295524427288493362732228552982296,166328318454569886203253810163805089216,815136356860732229802881249593160032,1614294607308008676683014957988824728
465,45918538421228096628827309246703654418,184576921048054876948200888291390361276,902767363142490432891651304575743604,1787872149400121356703845929409155804
466,50951428932976041777470287855362851420,204805430488878889511120358556559151904,999714756974722401239207135107746224,1979906847339021817972392137583518568
467,56529830374462546885816001724727073850,227226279549277996943290876763209667296,1106958051427809400026869864301371896,2192339619575094869251047941481724764
468,62712215809305004997129841553172406348,252074441845843549119346255110731287508,1225578608623529130826888898041662116,2427313236166444743884860140871104820
469,69563256777226880496745918623536593356,279609797222322913533600104998230311544,1356770113415391546616430504083938120,2687193079913812238198471539977403824
470,77154473126474221874842772438647327816,310119742618209883087795368923029325524,1501850112312995588424279168440014260,2974590019407605139941414037299989944
471,85564950223939326059010854004104451072,343922073620564236894419299808764138880,1662272724806932658375883792346334592,3292385606467384252428666960935799376
472,94882130452401170489030314920131075763,381368164454516998458064665844967264463,1839642644912316501943406164442961411,3643759831598407757021435150468312227
473,105202686605081310841127839575875068260,422846476982785039241692507112850201068,2035730562459795877181148809349928028,4032221694315279219982475231679811022
474,116633485558805007436539853390532940716,468786432381745070469729406109855739204,2252490146525040723569992547723976340,4461642870691990444409057729122601531
475,129292651455426195502149571517848702812,519662682569217935792638282335222428608,2492076747513153784039996263827617360,4936294788512834094871977228361151268
476,143310738554482025532941641265302471845,575999822207854090417023160077421795429,2756867989925988285256595016211908049,5460889451163289301476001516832677417
477,158832024946699682323119659708311216632,638377586231671214367184633288989956228,3049486444872485074705994455745089700,6040624385180969325776595469368793978
478,176015939447220653288368720877472464388,707436582378964947150018419399315181384,3372824590082333996543535889425323832,6681232123476608832672312898757064357
479,195038635229375009451714827524842377474,783884613203213151200193295452825930016,3730072285713113393333985353456420120,7389034676954471267341089943185523476
480,216094725125661379411605117697397551420,868503647519423172167934454912048660368,4124747016777654521513984122458454688,8171003491961816917566283405711981720
481,239399195024485153553583023218864126761,962157507275696369861876010686573570664,4560727177755755647543917811117063620,9034825440063176726200396315302179944
482,265189513442588344105688267168315819044,1065800342472458512542947836497755848176,5042288702105136120194767824492572000,9988975440488944987130270036657367216
483,293727957168687108517651514958080084162,1180485974043932027990974986475478573344,5574145369183593920368926643158236696,11042796374711372766955324166540447656
484,325304174869768338555301851717882144147,1307378192632866223990979041420074114527,6161493153792869769771634548545537939,12206587017460680551976904966872816015
485,360238012745507618779080952815362888628,1447762110001464699799099599974488848276,6810059019434224682775788713037293764,13491698779664279808116503609819192566
486,398882628727802814809816133447228114792,1603056669506943598997565018411411921648,7526154595732339758300484622499462480,14910642136880423390344859882508339623
487,441627924372804657698321380481471395080,1774828432714891759081512713806351107712,8316735223673128288227191880465527392,16477203702469260885482276958016112692
488,488904326505472037392588649283283824480,1964806770921567734699009952089946651280,9189464899679585128655354956811353360,18206574998727815533549542888656357504
489,541186953877258096691043203690737020330,2174900603210552342165585768248554021808,10152787701519955401412953485605940488,20115494082308631849078577875011826960
490,599000207614202689411393016864606473548,2407216836792855285658545191336704744932,11216006336044528012973123878278850740,22222401293318336026383606929543352596
491,662922828096350881659546387597890834360,2664080680896666781436927948894680389056,12389368511263254798742398503117051616,24547610521508552285423334469824921000
492,733593465153904765269828770066412794357,2948058022519452911044480622983225087045,13684161903833849965165542717573909617,27113497518974633829169916530569053865
493,811716813127986529218149841008317983228,3261980071080152804919315711131674755676,15112818568206688046716347098402822764,29944706937913764267282414059904970642
494,898070367465067398484054449353193183434,3608970499576370582251071348768155351964,16689029716100988314853551355382618228,33068379935517883456920549488030927657
495,993511865138647941989620647968585865046,3992475332439950274042627647035322167488,18427871885358506084145055160978707304,36514404367361914459800660630686219236
496,1098987477368608312703285098024116027412,4416295855090726902649691556408485188060,20345945616293651836551164312021078412,40315689787196936815507611105996205048
497,1215540829891439536977320724067764015938,4884624847428019634732522028189774062536,22461527862261486823239131918717998784,44508469686516103475766562408125853904
498,1344322933482134028456191864273892652180,5402086473408740496032011717281856141508,24794739480204382207244260186285532788,49132633643428129216659217310793204496
499,1486603115605318296896829432813449168572,5973780191698679859049207356636505421696,27367729277406671461889625382708747408,54232092309218501717705950262567201216
500,1643781053049901500607437276388342882780,6605329088433276137287970718787063941856,30204876233670134858221613233692410736,59855178444656915221567722795909239972
501,1817400015255510266968154462831012890638,7302933072696850521434283190126844903280,33333011674809453561665338802793340728,66055087528978105907549109189222441264
502,2009161438855117667428142493553213449440,8073427418765525905794083306907881350736,36781663345055236081513332695027552976,72890361805101000213487645441255486032
503,2220940965829503933058006609382196234848,8924347186832079881357697340657026964416,40583323514064149125670903128242025024,80425421997878591203813916968109166224
504,2454806090697345415372350705087340599192,9863998106249707277952728521008651182708,44773743460325616463325700659288785940,88731151351073421031417146602478604612
505,2713035576461379303693092909765130231852,10901534562744039836814134178865334457360,49392256898522622041762539804813529952,97885537076705162266374477505059056360
506,2998140814718442584787839215746404905112,12047045394039479940755166590041094751916,54482135165709601603809727055475131468,107974374801107545079626753319077019904
507,3312889322553092638246584409793021039736,13311648267464416845486183224426913067296,60090977252046292499845585254828908352,119092042129496800789984223210058020824
508,3660330587717590732039045275711133361995,14707593488928858634811285921173960664051,66271138058495706655104818329427216071,131342348039504884594086062361229281375
509,4043824494315826177888238041631297171614,16248378175852092245869960613550844335968,73080198588787534317008447025655649512,144839465458791821733571995629836075162
510,4467072583931099947470196240867727693712,17948871817863122129743664045363296062376,80581482138722339862879081892385287528,159708955087796272815028739435568054491
511,4934152432060094357565381491187630073224,19825454349175828907548401060352296474976,88844620935451477286875095601776182080,176088889301676893931033583176548686192
512,5449555447048622253052538395166128449612,21896167966300376705760661852575210480608,97946178105887693550508271910696682160,194131085811841020407523777233913593032
513,6018228428699652969910175713134116674968,24180884045118964007832330783751631533080,107970330320352128191627931215164833208,214002461694039503859408138953507046840
514,6645619256593292231251910559057511239832,26701486643341906446051483084052659371548,119009616968737521043840847822614412220,235886519404355136147483369124606785996
515,7337727114198398282382054154865772331150,29482074219079602787363247110902590055616,131165762286009657835030491439500731016,259984977514753903092611726548902845600
516,8101157694369045981199483132267771610934,32549181354932492527096470642181915708566,144550577456308602298538113110829264830,286519560115193398421459504429394968882
517,8943183875137399918803181511212007740036,35932022450944796669145685364724031722264,159286950395196993932959319876000762120,315733960159414402315991191262790360748
518,9871812402200292977751875676803856772116,39662759540444313673458903873953799388800,175509931643141762451401166738372300336,347895993487212862264003786687651652838
519,10895857166546685407620555037149725916444,43776796591792756991680771590806792507776,193367925606015361198551442207888842000,383299961848926313908649207623225452440
520,12025019722721341258178067791241704684014,48313102888142081428413696034682478218040,213023997256716395701424869715659481984,422269245000881118511056727022692591288
521,13269977755741511782422121525995306344900,53314568328339033745637449712269351747100,234657305372986615948963608288126367500,465159143847627880490829233711187818796
522,14642482273197842783514294724239568554612,58828393767229212503844915126276582983412,258464674437841369787736229318308764964,512359998693226440983711736420357707252
523,16155464374146642622551398992461369293852,64906519815065713806697920074226472899328,284662318479143316492324104380995723920,564300608946322544645539533942658679604
524,17823152528659953402147113004209094382348,71606097846022732203286836278517850335688,313487731382918594698384261681472806296,621451983120517093735911256341487520444
525,19661201392022788968156402732771953091850,78990007327682225918996521395926685859192,345201759591070046370910464838873491792,684331450702475319120768913117458087144
526,21686833276297420552963707048444099535504,87127423979788817233355089293807694609068,380090874599135021500261100031296467052,753507170447097598648882780472173226372
527,23918993510126349796473165227161696268720,96094443704821022526882464200460828035104,418469664315623340989803291814042960224,829603072925613979168807008772124676160
528,26378521036108376574277691545816724456833,105974767708577815687010337868841376964633,460683564144309389899571685574479137301,913304278724587866600498761727415503493
529,29088335724828882624198145821290004027522,116860454749934424077975427097754884132832,507111850618893581182843812594868022744,1005363037599815230837215560532958238670
530,32073644026719913210040337134413385689480,128852747029450903951040296729488941085340,558170922571251110878948191835398327420,1106605238159871482099780402820549784309
531,35362164738530913862827761368986584557094,142062976851290688473776679252773380642336,614317897167033022465633776827042413960,1217937542323304649671512891550382604488
532,38984376831578565331418625636815179944000,156613561877028473992976027275399084747536,676054550714212667301524728138364971536,1340355203898000996462965499341264548204
533,42973791475503992776886002302332230319773,172639097538977481577380871515283743474208,743931636961510469836862305954822195116,1474950636211222065205496217258954621472
534,47367250595516998113712746047635088511496,190287556000744552216993934330160064908416,818553618676559762142950139619710862432,1622922799818063055208218574991662707536
535,52205254524710444443219656392242072312196,209721601950494066903277080140282646135648,900583851652289130398454571314356886864,1785587487982444046670082995246259793024
536,57532321557798353010812787001648229625735,231120036495153993502713480379265017354711,990750263960581459462332372672098851771,1964388594910411913153254428859789991831
537,63397382480551965062132219414309555807976,254679381499491370833358843965621262270652,1089851577283510584829966308383039038748,2160910459677450731208963347373873696878
538,69854213442446226322304114311688931522720,280615617891320552961792665634614315432412,1198764121535647672576208387858589341532,2376891387491804797788458082636808245819
539,76961910860952954540648818520176540219148,309166092742592029608722201124191533510752,1318449298780211446126927043485372634160,2614238459442294518495713820584164916580
540,84785412397113687337920414178015200412240,340591611346129200776800896044668430198164,1449961757674451425119239332607628549204,2875043752265694521149159430899678609072
541,93396068426321562351380364618081598099380,375178732050682474065527140807109949782144,1594458345396224660005682334783557384624,3161602101016102120647549841964622896568
542,102872268848725502954910488217073594899864,413242283305150573884269678033110316480060,1753207910248562064627725164815936880604,3476430549914826530016292463558847113936
543,113300130543714588153820383405569992180840,455128124209818796688932660717496135375872,1927602034960444073651127095216166652512,3822289650200122985920445458385452197896
544,124774251276230130451922894113476386298420,501216171893073238459415313168709781946792,2119166788152716651723736714804236753112,4202206778586218965819669766827827675108
545,137398536413211693280851027654886343299180,551923721242422318698537500585593556469296,2329575589575545575133389966048183272576,4619501666094638468639534965670127951584
546,151287105410705738700636167084332925694956,607709084936433647465885794488576237701400,2560663293610692663341126151244534921576,5077814344662248528226106486098906709600
547,166565285690850961067752096133323105960754,669075584368640370120820742594804078977792,2814441605236525849812358061511655134776,5581135738195393887586654203245160044288
548,183370702248343104532119773525746783730564,736575924946622953866533425567471227559184,3093115953250535738054331464484092636928,6133841145775861090777734866439307305000
549,201854472113796144445251599082459406095934,810816992412299009940216649301051091869240,3399103957114432159210252971213467485504,6740726887693472327970540760912715728664
550,222182513662903384923008256554493539392832,892465110288032699698240755974637489158176,3735055636419160006207729756663331586848,7407050410057633684340882940006532978880
551,244536981702281562924553638454343542786784,982251802334884150676205548229424243295136,4103875525757898977990994412050072148000,8138574171117761219940685581200356848024
552,269117840292798789812576320076609432481599,1080980108044044631105135705275341754674959,4508746872849471854830424968904024748563,8941613662309029450965364791130757242863
553,296144586397170213735793723255177604289788,1189531503702868063899514127050867962157000,4953158114187208956339234030157544997848,9823089949662952365448264729608696102218
554,325858138669524338828734936936144058764392,1308873486518521480854753158455784917635664,5440931840424125539813410711208682578096,10790587156829984160860609629390747996623
555,358522907050179611591003454312750200293364,1440067884683998843440468400581570254173408,5976256483280397076454583330569452999952,11852415349823945630476210720868381059080
556,394429060299591129142885252530532000965211,1584279962175486420062955866429098333291387,6563720977121903491414856306970329430543,13017679326010214036772223721742742580235
557,433895010212861383791309577475598127774968,1742788393523116221059991715355514269877936,7208352671670685894753405453121758778064,14296353856142224374548383078887857468570
558,477270133012938506368408871132344948600668,1916996190849499640060423275612148758687552,7915658797745614586787791082768964284880,15699365978753618003395711330218552223067
559,524937750340378532337231664065709353529502,2108442673177200381552756470239288923477184,8691671815686252203829813976451509359176,17238685001317322491901634370505675980016
560,577318394355302577093648243869802515752455,2318816576427604111466852238514642870373967,9542999006393803092259263035432807364147,18927420922702988421762573648213782107151
561,634873383759275665602486693952563042770026,2549970411735060486500826827174609926491752,10476876697957824090880051364357755411648,20779932057052645119878820384613109221002
562,698108740049096618295284086440338180984896,2803936189753260473225910421620752875058216,11501229556874000044774075859400151118632,22811942710743611691109005786175892448679
563,767579476050361897650621448047021663075542,3082942639613614424285790090582045678174912,12624735412166833683304298393959025872744,25040671842153964334796074515149854550232
564,843894291767359007795862227070220011492516,3389434063193041727656233461551985326190368,13856896123605696472784553271105280220304,27484973719073352310563702008646844898760
565,927720715850488048212868131495211855147894,3726090978453915840462318249371873043489084,15208115051963647610845723391025622897508,30165491681446809435641416849948069283260
566,1019790734548229886345171819638431816212604,4095852719933184098513064389477109346215024,16689781740264553132377110923382081364608,33104826218394145244661352285348585427224
567,1120906953905186009878481100990988555852312,4501942180091319162790915770712911720237568,18314364470575123276991366748957496828320,36327718678866806227105241130566071296604
568,1231949345220906304037450525679059292698940,4947892892305163271030772873071239425903560,20095511421538054880970770355002255107800,39861252055709043962005721122525331643448
569,1353882628428805403037630082986661702480468,5437578674933182338839851869860128496008292,22048161217960726689331537913481686086420,43735070414174959569221894430561364438740
570,1487764353126107842995460401109710321670696,5975246076240292343489912858704878450022560,24188663735860971508071254266037163339776,47981618679090936840981992055860883909536
571,1634753742523336315475234937495228935493304,6565549882198306140249135891318150295501600,26534912104960878348196141337234553528384,52636404650903792109162043768521891464772
572,1796121371627749984412794155091702900415881,7213591973447292060278477005271227389347201,29106486936292122627300384904415787683677,57738285290972123270118081339805248366561
573,1973259757575552799231193241748870435296628,7924963844198175305643723976746699839695608,31924813895964108718951009751218098509096,63329779501897325335905857522395356502806
574,2167694947232984834200094771944683092905422,8705793124779876560472768161246046787465456,35013335847937223672389073467314415843768,69457409830818009463797213023874497421441
575,2381099195051471394731548318595165304344494,9562794481105472059376081095496256413540800,38397700899586480449887821115595196162824,76172075743894244074268749750862678305496
576,2615304832746655367633586201299247622245385,10503325298791372042372163756194181058538277,42105967804750571837818950997190569556737,83529461360304484092769726447715018922133
577,2872319441740569211385227490130250257275868,11535446597273001339590736238980197492742788,46168830310724494049826278459196463639316,91590480795729314222489822088091789207034
578,3154342449531453467864052588869994992351276,12667989660305049039925910278605364547653412,50619862179235168469699923125384578248308,100421764550418403116601556839150620706113
579,3463783282314205857198585604667724534086848,13910628914024711974476187584869072389823552,55495784767888545681845166198174253476160,110096190687615234215103266638540787259516
580,3803281218350488985703941085248324841879429,15273961632630991435670355742570317230995213,60836759229035492854591401577017863477497,120693464886616526643890851437536999001521
581,4175727099873023413253622242874591685603114,16769595105060808332888198681862150219705264,66686705568714679873709710363783477292808,132300753823537436023674781590588147538390
582,4584287075803651027451987663540712288361752,18410241954225249233220401017098914527773132,73093651010645123412450362936065374326124,145013376734624003114359395944931319357817
583,5032428563378420484910980288721035726493804,20209824363844310976323000130573269778002848,80110110330629036679078975689126872027632,158935560454620842770396778237590942161848
584,5523948634024006844218598764615181723005579,22183588037162813445865798999763916227304031,87793501066786068991403941303189335281715,174181263699440726440199755716291199071467
585,6063005047647612951899652642814277638737618,24348226787362963693350410456128046349870516,96206596772511885751799884870935794920044,190875076881647777941812587173483673265302
586,6654150180028024890268969129052551739719612,26722018741875928111802285924553164918313336,105418021763828550726409408342957959434888,209153204312814170967264012060988445876335
587,7302368110382172847321789621901784374092504,29324975232651619363650890638563388429537216,115502791122927974363732150956250933167200,229164536262726833396729245585104942781060
588,8013115160596504905184162892547896522359066,32179003542443458812424366722610374834014002,126542900057439191687715152418788744577738,251071819016148196924871370036762893252906
589,8792364204237698772520098188403041274363576,35308084784033502251209446577238915633950556,138627967082707161129053823626750536496252,275052931798203990011603770581554395459768
590,9646653092490870046654797223658361691322380,38738468305858279265542073749129980554538892,151855935894799078922884854496533789249372,301302280234733575547547317262524120651782
591,10583137575831233110707339939028737824015398,42498884144562860832041356300518155587462816,166333841237928389211996544403204291401224,330032316879804552166655379497110112335588
592,11609649134752020434777165121267935540395781,46620775183552713455230703075585086501911769,182178644544631716122042590513344340328645,361475200285271056690064223678755881525029
593,12734758170503077984755450291526629352033084,51138550827656058855141024985644019957982172,199518145643746916119223819537502549849836,395884605113492776720975134992002541621450
594,13967843047819288734236875315164190005778672,56089864168670868898978894695734825786974892,218491977393713962031393435078065763860204,433537696911464643927547800031872372922317
595,15319165526338829935250520988430773487640828,61515914796066287796921436203232049769908544,239252690710968055919352249508955819345232,474737286380608854104671797406418153940932
596,16799953166158036365424708080308746633546880,67461779602761723976747030166607909907309160,261966938129578515048197845372923373121640,519814179300017281883052455878636154466964
597,18422489346101258375465612232189194452735318,73976774149158582028084193832446679533080900,286816764753548526221744903689901722139628,569129739701421871511569702462909488371124
598,20200211591191201661188299628588562028521180,81114847381017288613924272649078036157073848,314001016252481969171074134723788042989128,623078685461848534502915150792586998221208
599,22147818968912912838191670360976965343917044,88935012750061894206137346141267962507113376,343736874410242853370664697360101131445200,682092137185899006372994675558569726046580
600,24281389382635406664746586203757789594167073,97501819062212490702192266530439972629356745,376261531670864043205921715408814252688453,746640943105990903841846896982083772203841
601,26618507665492243277524027408488231098574260,106885864679111887977841698967148926903191008,411834017142914867745589333196002508893968,817239304748800779594512047536944151590894
602,29178405459673789402284973523127956319610626,117164359026325151115953427631813488889502720,450737187629993506813533539301663611060216,894448730313865862462296227955607712477449
603,31982113955045237583976451265484973849613212,128421735718639722168358951034583639215516512,493279898458771832453145972643743817063664,978882345101307914293794738105588339702080
604,35052630657923879006722911685577141172155290,140750322001881079451711863614764707748600046,539799370185563424820216872456143059978886,1071209590926786230947389177410918207069742
605,38415101466431719543587044485942779118263484,154251069634413794962052600118659943570028856,590663768686916787704422174888827096974920,1172161349291358226987823923714167288345276
606,42097019443852262182839843194471429175707004,169034352793098304849919422583646822402266868,646275017689256118560049805761105699438852,1282535526151794377526085961091643010809202
607,46128441806697372900483486527875694491876578,185220839091267455224156161320100205625511680,707071864477963622222215208597427658005368,1403203139484640486369916271466504391006800
608,50542226780638917787928934405483408493316997,202942440343914988766392044138051744202151645,773533221359317614676306516118110228883657,1535114954478383167999144081498155353395153
609,55374292126067062492788283379991258345565184,222343350311710431596882652770264835343607032,846181807442181625729519250299801961346296,1679308715147909288254725814261552564815422
610,60663897296875845009527136221198454254970380,243581177304977574722538494699191823041978604,925588117474194684429949814398006022097084,1836917025471700295165233296713896556916185
611,66453951372313763342847312004085817844761932,266828180236079603619925761881939523329684704,1012374746824550248536513865596251950636976,2009175937834885771731425253820712589334528
612,72791349093641487083131924164934078805914284,292272617478834624089584625937053314054462796,1107221104268675757056929277316998830805660,2197434311652991572271596872366090437071992
613,79727337546289985692986721669504306087259508,320120218732176991133402123221345401289115332,1210868547017048361455236543328176940077300,2403164010587346574158633229178296509874444
614,87317916255710274111023768834428075712849940,350595790998301439686192734987879919866400484,1324125975460343242097659650167617015000724,2627971012782081508973114482242431342632616
615,95624273712781240569697315029850060322913500,383944970779522065506669002422798492455085184,1447875928397103227879742303398251163431184,2873607515096177267685655668384054011399548
616,104713263614267285126908489964416270804520472,420436135680160073342493629863782903599428224,1583081223090932834859670006117820381346336,3141985119417382015348360006065838555658340
617,114657924397319664456231569873416339831328466,460362489777675253488398791444088491363977420,1730792188396595663472511950423132038663556,3435189196877172310080534139321176620206156
618,125538045966488972179083810820412021900223472,504044338409381073171832997719768093323613232,1892154543425184455497754438120005722719344,3755494534190639537529044695374014195086616
619,137440787859437540181631920246391191756410992,551831569416567044531657226986221559585356544,2068417978816883805129546000656792559712576,4105382375480151676390022990773864302107500
620,150461353475983838091638788087571765959265581,604106359406622741295434227890142982693906805,2260945502687388928879075539855918856844481,4487558982869725403952771637467956846806949
621,164703725406964946618121252222555340782769844,661286125246604895633810980556044761376903380,2471223618745109161325971665823398245824004,4904975849926457574599751761980355574446314
622,180281467347589764240743075209652612986946372,723826742800337182557502331971672152699487496,2700873409978125594530031133061700751702008,5360851713750132585314598749725612639587541
623,197318598567649781431895469572653942138277028,792226056878322039192202986452242594736968992,2951662607722913464621108161626826183860880,5858696524252569711009303064943050714897380
624,215950547441605878283838599374411242652379699,867027708499318458343677764137890181133076231,3225518732894945208323366640245210523557435,6402337543011562516774123205077144358625743
625,236325191118926946669488956821542896710928796,948825307879439838479732622763711851669277840,3524543403732051801776795477540264825562656,6995947759124960984580080940174084140094370
626,258603989043191476400772052030647133124657476,1038266984085392378411070233042221868957758556,3851027912626472807982024919633336459128652,7644076825831159795282751652688346752279107
627,282963218711800582066537024410144580573150698,1136060345030759215207655118102912509139459904,4207470183556886941507020462334186846857112,8351684739414296865247274782180622893220632
628,309595322811496122261508696070736771562889977,1242977884477322642621511869104016369431858893,4596593231338153575477084821069283180298985,9124178501196590617271865940413220110697641
629,338710377673450895915625278158292133545185836,1359862875948253514249094760890486378275518080,5021365254449930586593648257317844094774736,9967452024367444213726140785366148551260198
630,370537693871169606413521115556899496521948552,1487635796989335692955707583953474654807560176,5485021504657267301623121725876668719765968,10887929570151307079029931276518267688382909
631,405327560740967884264746193376899019580116708,1627301331052945793541323810891292431416626016,5991088089074256482339037383696353096159184,11892613022527921879003403874829500077023744
632,443353147645070640670456565075028114287281842,1779955998454112541107263314081483870675469418,6543407873829978425437053781371413526342050,12989133337556646980323276252373662649777562
633,484912575928654022642635600126246245980985120,1946796472387781594374803028258799432118787804,7146168673165503804260627753814448194847324,14185806532502305701600210987124122184474984
634,530331176752335035952244373254044884750294192,2129128640933060707529276754390323865787753112,7803933923720563720299261374144326786576344,15491694611610059886934011954208872225646922
635,579963951319254554105697649625154487812687348,2328377481338084133821993772279820063722025312,8521676061065917399203173779202112471275920,16916671859744313138243291757971764265306892
636,634198251470302891461331963899594001317908779,2546097818715530333639572781978219429108429271,9304812834318767794244926379843423836794155,18471496972422773524861991808903167452131759
637,693456700202299700872643960605465855795662102,2783986047624268715937394348515686722468504444,10159246815069912446818506093823299285856036,20167891531292182480242556839067927973671214
638,758200373383024069098764270902420078319213196,3043892901911085687071877884437855836280310352,11091408378989410676820800828175523003457568,22018625378078588836661969384701820451730735
639,828932265805797260029301805089615315846141140,3327837365685699684021819342653908896735387584,12108302462510643904612122295447633350823024,24037609487797025815457922293883946643271324
640,906201066757768661833624716740040897859671702,3638021826454156101582744301542124890304485298,13217559423081454248245434581961298865798490,26239996993842420610983500672162933114020482
641,990605272484168623478459189604137424987785264,3976848580296464275738441491532458328642103216,14427490359789781824604733115908628690962160,28642293073851756594772231102117444768520204
642,1082797665330791485222048661178447089895854972,4346937808605074666556088547522620582339234740,15747147281908725667893902808832222755814852,31262474466302216661949865999828815359513606
643,1183490191955379049671861185601159751392474568,4751147156367783112671754537411721113340893312,17186388546266913984309795007082107770995040,34120119454098055298018933898938277304527048
644,1293459275833319100824505490769061009601410627,5192593053353832739118126863851173037320561551,18755950020556335820104900774928998914919043,37236549223341180330706336550351392978009667
645,1413551602363613823144802190920319629127949505,5674673931923437087806491772414418257127902824,20467522468981795227283008733139740616104804,40634981583554722241992582123793295827673034
646,1544690418228525014785503438143828560850922424,6201095508613394527879248170610723055564356920,22333835699294468737234418035408812160667224,44340698120353091384391489633059578629112823
647,1687882390297580071893744064607430977873626692,6775898311246839334060866334157305692918866144,24368750056519046485890075727581781424359376,48381225943487366108861765350277838918055128
648,1844225073318586995929803017229432174639636321,7403487649173233577820270609309165351559872317,26587355898885594101058540391436653001327033,52786535292949437577786111605277021286496949
649,2014915039931933446617905268009266265666995798,8088666241473678914479377936697037225254826880,29006081745945128007756864659972162586843688,57589254374051092899703052236012215053948390
650,2201256731209000544567204218376088548478112536,8836669736683943351382756590265720177781425068,31642811847941173113939716761365983868974924,62824902909819100244271326180811078831643625
651,2404672090982757055012564234848106017423265808,9653205377920645681301775313542180564500735040,34517013989617461251518374149756494807671808,68532146026437893015640069707777434192711784
652,2626711052742956899327702764876227785110803286,10544494089383013668915315685610864626164261122,37649878411186071604504626105953485721047978,74753070225665657694521648792223674944216110
653,2869062953847204884384948879446875464679027086,11517316284193437017121351420613495663303093700,41064468804617479581555902825993804586985356,81533483348055360592495362933946975475306496
654,3133568958293008585606415654933030732389443212,12579061719597273308143445388046486884559403336,44785886425238965717782768314363955001630488,88923240593412942816058232430360184117477058
655,3422235576348754708278620069668734993032755954,13737783753842395437734590397694292206606345312,48841448447376604620110119019352234475321496,96976598841285838569051042214814100790632340
656,3737249377001009602788326801326261978720156635,15002258389793067539839925781297827980718258839,53260881789029128686618575992780065837632299,105752601705549972514190373955730452064971551
657,4080992997493348432186959391847797020425270212,16382048523708341824607776154607392091576264016,58076533734948095859938587216204009875183168,115315497964602182662514989706028336746091650
658,4456062563264134561805487658652171764632872436,17887573853857237186945822173014670726230250328,63323600800698939723871538405983667698760584,125735196233621077570195645097714523795981135
659,4865286641398100477638036944662448474869260628,19530186942995431004818854846867003946263152320,69040377403029094266707068217210046786109808,137087758989298455534986655445054585378915680
660,5311746861355151669651237773120650487389646477,21322255971455577734075306602878055881908970891,75268526034971055470355510395453932350384983,149455939321952911383419082158718715612916579
661,5798800348301008930138184453057366767651102854,23277254763992460442425725098983613855540359200,82053370788424721872987286754146784935947784,162929764076735979093966740094506037985569738
662,6330104126915625607186838403570045396205733276,25409860723885933424956805560883829761002338100,89444216223430996209451946603648176179404996,177607167356590274180661965794657931830590591
663,6909641667180789733778865897167223996968402900,27736061362476140184516476526481720816171834752,97494693752981249401012937812824828298223152,193594678696733777028590503697675149707517752
664,7541751758439037722688243258157742727512828771,30273270171652253377477828364717864667379193267,106263137896102486724855332086893757327878183,211008170585906433401680872638252796037861863
665,8231159914070712261524282947188126440479648572,33040452651234153288715676752762785227809236284,115812994951304242618544964010279465890641996,229973670405786718276496549808776709222684502
666,8983012526561730056622385201376458633950642912,36058263373105477034070790025865606791980919856,126213266858556807581249220359772256178348208,250628242289423834117264885057901003741640555
667,9802914011647405188881279454753077852783197488,39349195039841804697113150519795845975228789824,137538993252183941588032700783534564095999872,273120944865003917687247220827417619076186396
668,10696967200743250148480856003920844541096790274,42937740577933904750584798910430810548286352958,149871774960904156661374894747432383899191862,297613871355772390429287896704725389809693166
669,11671817263148335734507841975521724465794096032,46850569395079717499575906313033708377443026308,163300342486374561544538410946810514266642180,324283279053712695519459011967933256099110216
670,12734699463678232157050862095779378199737776132,51116719028002674729658292554578428762754398568,177921173289746101454844171460915963803294040,353320815777144481091278838941822556154698910
671,13893491087612835738269160942775325901594869468,55767803512490183001281000545352232118600307840,193839162038840048204356774250928512220829968,384934851564551041540321749229082970534537012
672,15156767893302952058744942132930921497867268987,60838239921530479441433188395114938224774398415,211168348318671206453419863391252233305322467,419351924552788168529479858988902750328181303
673,16533865483656294510498805098507549774455447100,66365494641312589907698036311875326238060088480,230032706687411865702815917845127140238300080,456818310741814026112660066997681907111599490
674,18034946021222198338089768673763915126189735960,72390351089259727561807910095678213311211946792,250567004370934209448835400622552806453002952,497601728165027187845025867042499059866168247
675,19671070747935468559373736189209048178592218374,78957200724076282851313181605253604968368313152,272917732334408613818236848417412253999439656,541993186869417635395397725772504584004508048
676,21454278810002397986069074091942873456532027311,86114359355961498813150687872536862855054821231,297244115951906868874391504765369028926711987,590308997068660672332234757707866229530141719
677,23397672931175049855803226020453357469654596690,93914410936717830486593989680652139183128871592,323719212017631063381085598838709304510484832,642892948871115711605795540832018441387542282
678,25515512524043902905947444983007294949142535928,102414581195584191797251216140417066281206736060,352531099408580173461436208387886484636592348,700118678110029637213924651649650770003814107
679,27823314879287752891014721628786374231819065944,111677143688472779987084750422081737116810080800,383884171321768423025863906936240189533817024,762392234022226879176307821899743737525480272
680,30337965127382469858777473050590697108995677750,121769861047203286492309342450217615120733503938,418000537673407057199450247854826684750792938,830154865841918315391057746471207168320078398
681,33077835726443292268922579998627235859722603940,132766464452740125668461558029803083479575495152,455121546966956592771238035294140040685079392,903886046806332670927623551449590354918568076
682,36062916294044868267007120726344289732230716156,144747174613895668453873186724314338790724714432,495509437716195385844703818937179861801849808,984106755618703609259413114925786952307228066
683,39314954670447342356816526569127139268103066112,157799267812142718397309980347553750393906547200,539449130353348970043874071045193321494282752,1071383037091507158025164928728156292032613488
684,42857610176108219120310439943433675603721374492,172017690875899077021279126062280457165954051480,587250171466200540037366288545754751068553512,1166329865509308680532352091487295168865671512
685,46716620108168826941886842202207664477318340820,187505729275873014824651287724064265165771368880,639248843197707057103918915233607256498005600,1269615336217579179403015947057101227769813120
686,50919980609301874274696167747841628208939811760,204375732888920694118605103142515021323458568620,695810451713197019820432151148508487699321580,1381965213073741490581653756666948157869882340
687,55498143138467700376760845683660918457085535274,222749904363671251989607573186483211458187175328,757331809800450482564190451839537629845034232,1504167861702878577048654625517433977041406968
688,60484227877373778728175888656015190148898845993,242761155439419246902969383897782796393488879885,824243929924131990265829273722035797893495913,1637079600997437042359340667331394800573097849
689,65914255519438684569144874337257661405363161028,264554037023170764747675770216020059362482114364,897014945416026471096272866989413741029470252,1781630508003522931344575606937678033691529922
690,71827399010557595253407494427098187168301513654,288285749321185200341713880492860380843021609872,976153278954819328083902784467632169815555256,1938830714262917749331723958603058511546261029
691,78266256943741173709634110020724334867021810696,314127238854047652602419244759646097953333578400,1062211079082957763882804676748758485246335616,2109777234848016666667253989945395629772473020
692,85277150453608250678317640969460314140079489291,342264389761666372006938911960693240035168360259,1155787947233369293668348082851983474850403095,2295661374756267143814302934261424971522813331
693,92910445612680394380107850864943442509429121456,372899317430327817234805117233949106712400668460,1257534979606239714373713774175336674684182636,2497776761042725823346538072208724595397526342
694,101220903500454781902114944352303996684760044116,406251773152076408853673399068283910112204092672,1368159150257281245213621659067923373163916208,2717528053087146391002076561078936722571116011
695,110268060299404754030735924570303976890353607468,442560669261565523376131761431903773161669747072,1488428063946507253188063150687865600255317200,2956440387740522903590080529285059649662230188
696,120116639970548204344682739759548849980234581146,482085734991856861268032938270852297434683159430,1619175109664043889301979232656897513744834846,3216169620802223369442814475328661223547757958
697,130837002276302125090261267267867877391187325316,525109314153520119719702621044110992785005847880,1761305048311619358657551972639483220256546616,3498513431371920559768505934310171077309276092
698,142505629151381106873701893300258461090023959684,571938316676315359452158988406471526519224529900,1915800070790931957351415205437682159128691164,3805423361131981280786684589101838383895993570
699,155205652674985058589819595931197728101909452884,622906337065690476502830802829615916563335261504,2083726365750242143552419104825004155697449968,4139017866579877318215447060783856309892049584
700,169027428171065540337362838867775898126945546994,678375953923748939483258802205949318766040188590,2266241239486778133807446734845726258258000614,4501596468683345929756184953189012158594195482
701,184069156259801435823548832037443794909388803722,738741225873220641735986326020011568501755388988,2464600834014898441790997870236388864200174100,4895655091413239272299524437728847533010273312
702,200437558004436388653114572626297297429905832616,804430400510855595245152935047766909149938988820,2680168493110040632694644542577719430315658356,5323902688163251256439085213693090912468399434
703,218248607645369833067658268955433145022263954444,875908854411728999287641102719122392000501499072,2914423830249667017008026897389811911445681296,5789279263238450533321558643600142202378910420
704,237628327790054609133287533134279644650697156018,953682283717038375712259256361631368356991408306,3168972556819939179109123824512789754202784234,6294975404435972382129985971153493505927398982
705,258713652335221330974917830080380856098169621817,1038300166474653312642794216122929610436902672756,3445557133767988743122895801406186044224185488,6844453452305560505916806118789265723421355216
706,281653362839801968242652650848309801115620911080,1130359519674291741584126366714280185192514045556,3746068315083868613515763321040980730030401236,7441470442023492010797190830052332675700108350
707,306609104545452207821784661341381653414947560794,1230508975838934232434279796480119706541339764576,4072557657125401147141151114593092881549521400,8090102965004061908821279174488946593214346220
708,333756488759791443058563744551135141996581215067,1339453206113053349153653435262958832263304475551,4427251073887576919398457058418264276979615283,8794774109476625869220209016999604373138991955
709,363286288878654120941101292735885104548145510668,1457957719039519532212772658579651309664864130140,4812563524903048448367487636110891472282087468,9560282652347066339745584533853351679594943614
710,395405737931306056445091098799497992797562467344,1586854066654805960033636084241964196897924426716,5231114929581734253271689043972225707674557340,10391834688820244761744202345620409831500641987
711,430339936190541039478088821284286613200747643072,1727045492171663099680547709592158308574132124640,5685747409498941768192424455011855771141552352,11295077901570711826048199687881224443147401348
712,468333378101964111066247918602644427062148459655,1879513056376325989343875300216133154905190564879,6179543968469545078883625805555446656596726259,12276138687805750016415965273780734654850742315
713,509651608558051488548356485566761380018240505232,2045322282961457127361582715586206591857940637072,6715848729251173168156773319161071784978616144,13341662380468248354379824746098590621691631954
714,554583019377579279118454748721039699957498274128,2225630366365773793705279354088622224152996496680,7298288855456677231460359204463424323003400168,14498856819185528325989223132342195342305787415
715,603440797754951860920085169618282245289604864812,2421693989317591759631470602202826690500297820096,7930798297784315951129923729697709341878360848,15755539547501299582494609611788834052245463808
716,656565039422477740670543893500577449913547069808,2634877801204967761443383697671817235091902168520,8617643515056798761208123669507435437713889288,17120188935558035885721847354786078244303025008
717,714325040327835098143932886871791834382234193990,2866663612644206706925927837168289037464284520672,9363451332866314350196289681121699935347744712,18601999551862943670631044027481257780778003728
718,777121781775434859804269035609339405452592096992,3118660366217665623374569288019918695086090321336,10173239115926184157493145582561073275721933368,20210942134219970966097311355157855249423448512
719,845390625221253982341460612743493830190996509016,3392614948329626904585116511362803688222387757312,11052447444610975219274060388828367458401721248,21957828538502364761905772491255335514491635312
720,919604234253680770051328573446059921544938707296,3690423912516435405593967443421648164013763505080,12006975501712325388653149637408477834008675896,23854382074847219798303708715959482655078311792
721,1000275742746316040040463111547315517760093072662,4014146190377504968242231142435316098705601523380,13043219392240808080378696246054027665229232732,25913313674261061639412766954823458900462270532
722,1087962189741510779398397553289392332597968999692,4366016872603308875368077956560461143648048471504,14168113637265757774487743402891813256172472736,28148404364734344477583115111477110250608929824
723,1183268243325422036849692709653253031165620942668,4748462149404102122816449250297486094693902819488,15389176102413975417678411684473970031419048816,30574594574989340322524479611879906103407399860
724,1286850237597049294427674331656167568351208813121,5164115507031059347598060077388847129783144397073,16714556642862169887362750764176856378309144589,33208080826163977333239533354336084043387229601
725,1399420548826437218600235512436568542703525829124,5615835285075332610446593680157429816418091985796,18153089769583736045651630411155645603988669300,36066420417316038066922775677221651545706011138
726,1521752339053277744551071009576794895607196146672,6106723707879495935629047891323044923140188665800,19714351666384957424763853015865340711404079112,39168644759890062333920608397032420087149091281
727,1654684697709784933379910144585350991739409472664,6640147512753176481214895093854605163121470563072,21408721914036747695254515513201196163832672416,42535382069517220403392991365945133259185217268
728,1799128214375288860077200520474048142629419857619,7219760307807890558953885064732109237196140663731,23247450306735118645082982835916666678461233255,46188990181033532153142768345943834093388203387
729,1956071018499993061149478603183421620765999601680,7849526803177351070686630564967464326349194164932,25242729177378826088716152233777843285195758212,50153700314746433993755529357851015078383400542
730,2126585324888503244929078972045441790453607537060,8533749071235934847114198451519141881473310349356,27407771681921867397882563337374719658880201116,54455772689123264694822386316322465971062683223
731,2311834526928148220223276776871400853722072147968,9277095004242135029649497940049339888850090509408,29756896529542148756390832563736473961801917536,59123664947616406107731601978520452252663975628
732,2513080883002315485019347919746863625222986629435,10084629151694043957977344309496105927423952779211,32305619684782017899952630508651426532006261471,64188214445708745792546880916568031197082109751
733,2731693845266120500351389124082041639021678542008,10961846134674876871144179507282033330137838945716,35070753610394869738623010953866774051124777684,69682835528923984838988828339161364140023896702
734,2969159084003520795838827004321531145133918705492,11914706850679709690164600231862325601233806373608,38070514665626506809292214576201020698131551640,75643733023999905853585526794364868382081261387
735,3227088265156102452270946651350842285904340459014,12949677699948751882725744044086876430269896886272,41324639324342073641957438683507286652535050216,82110133264209373540723087644258557940123084772
736,3507229643340809568157250462508772919758273442990,14073773083294310581374367710447546817468676147462,44854509931072308745365860412455138435582375502,89124534076516506087479854136119558162688748526
737,3811479537785589875247446305617357178829248105156,15294601441913372296195329972684586422714961798804,48683290771012795205544750215157707397969378180,96732975273503016172338595876369218047506390152
738,4141894764139324159042594311758996260041031449440,16620415131849904607372465063853045793866935996024,52836075292607971202087816817060753702810198264,104985331317470596356172828931419765905688545878
739,4500706101089008072694821744562280858775049765438,18060164449744988156109293925323557836073337178496,57340045388955865330006947074434400973138116744,113935627958551237559693770302052671054426985252
740,4890332877179155711196507942585624080755844619121,19623556152433899618665780389108156197426437358357,62224643717276773879748618765659874403058881873,123642384793827913819657602314086319146698997389
741,5313398770214879537297252182407202545110896588404,21321116840974045675321469521204684454299323921856,67521760114527526132460791575874273855737568240,134168985851234594099202668311929895519786383638
742,5772748919183275695707462525505773520014978671752,23164261609985477134543026240604254902092586491720,73265933252374351713176138581160822032671804712,145584080471285402565867587303042190920376006365
743,6271468456793179326727908555958359622624557533036,25165368395939376994816554140196340159341696748480,79494568766659687904919916362901668843466616336,157962016942468401051971180192514809455847686896
744,6812902579560256577387639221313203521417576690729,27337858493436774947459366021151371203173976867269,86248175195748637908809135898557117503670104353,171383311543498092369283981362945786583169862029
745,7400678281905894692009167736303772566351742783604,29696283746792877191302688875761197718227840453160,93570619169298423266017930546107452820869318744,185935155858704291200510973654795471221583467102
746,8038727891051795370734650201880838294735167042892,32256420965611865149005184154194099768820158676200,101509401404683666066583346670746589879490504632,201711965462885713859172423823075535538454637149
747,8731314550639490482471313568525660649149166475232,35035374157751167138127544544265137573636452311808,110115955193205208242290270162494977039786410880,218815973320314031419865111638135754223975412568
748,9483059813052028766227775977474449839396230171572,38051685221401151726905697583212177991015508965028,119445969193036661994593673314378633430588278740,237357871510682599655792648876002612562763017612
749,10298973513435985822190790488563094850573867512604,41325453790235347319719141228479606160983042980124,129559736491404030955979274227226758687572929708,257457505184211004035290606320387752588477361876
750,11184486112493617546316725922953034928168380339012,44878466982030063988870008383136412906542157196312,140522532055593803603104691324273193868635840264,279244622960521076337423509389378575591580201092
751,12145483710321482256951758287507211033356045010918,48734339862147883142789143225132038964035005118016,152405020861954114982110075103194830610825074344,302859688323102484768267687338819311933733705516
752,13188345950003941794369396258666763961294928154725,52918667499190840361841859555415421052251489565035,165283699175073184364274520748365207071776946135,328454756925138065133581488287756030723636525315
753,14319987047425553801469930840978102898969811960736,57459189561349062325373792889665605410180739843164,179241371646847119494069525753193814301492000220,356194425115264744479217003966802269712765831110
754,15547900202951182976329030477985360113294347030668,62385968478923057586767636283097341673722633258544,194367667118325681451514371155901220545245135872,386256855415773297861910059181551905612643137251
755,16880205671350754509401265949605533159005601029016,67731582281640296987402081393039889496585785018240,210759596237278949797017594617756860563380902176,418834885143244139240601716510811559321258344316
756,18325702788740040898639439297978183842512066808161,73531333309212848573122015661314251319621476091925,228522154252684978564258469401515949573208859281,454137224855312185085489158331814000172539313989
757,19893926279502541392720594886026006486545342875762,79823474090625392158765199213119821767339373977480,247768972615226587882819669015795821158002474432,492389753839991999923249283531208624682206811870
758,21595207192293707133698950990379832510433860608064,86649451792476772121863346014952853768962517453456,268623023301943587067542053433523727227075021200,533836920438836377454963250027461553905245590421
759,23440738842462131238999276121419109742310753491068,94054172749943598787464612434479203550342559221920,291217380095073831467507948802764581099545257648,578743255615446702503119617693317779756898292488
760,25442648168719715715673076744141836367292634761149,102086288716260483188583036933981429685613293124757,315696041381620325890729957414084216442754080161,627395008850057735517158079975876353890692134373
761,27614072944834263444461433688782681970397541164756,110798506598740282448882667961608328112661604433520,342214819403228671036933206477600231071439774496,680101916162914859181206528124672291777577405926
762,29969245322697633462468896037162184721166407746624,120247923592068159434240809347206356559406720584436,370942301277625584365225198557617674741089597940,737199110848077725058510357971130019696804842153
763,32523582221550053660145649422574375117553158100644,130496389773735606746340366515489237792984958928896,402060887535392105757768825191737322772326526320,799049188339570326741415782684852786833122193544
764,35293783119642416891552513553085990916263679050176,141610900392941302477189789731468631028859577615572,435767914371634910979735519124667363804861414868,866044437538248418749866047696512002296380342216
765,38297935849437190510143409044724823950390011319536,153664020264052535157085661078815507648908855441992,472276866303773116512024899916211847348810163848,938609251905536949046448131367483384174659139744
766,41555631045847915571980680836082645079214609481868,166734342869848636637484934347777846580144909784812,511818686456974349562211003447266263286471857340,1017202734684868800503401921615462311186776516400
767,45088085949280799750259246228786044203218268788110,180906986989393966462715010620733061474327464678848,554643192270767461678025705588884661454389526408,1102321513749228344830803003992875962946500551216
768,48918278321675536958404374799080886674128288367975,196274133891739425815355370501374216638947674192755,601020605037277981737871305050669942434520720855,1194502782800129527410283607685940270437654619871
769,53071091294676152045151146761643815028427146083248,212935608381051483301057578040015905733513308612504,651243202346875120452990993440645619804724279512,1294327586966598133061847658000533929945424905842
770,57573470034852191153406612338429375202652622258804,230999507242643319575156399190504050471253721088476,705627103234554961529949836786549660643232053260,1402424372279778788396613611846455643174778056223
771,62454591181919676883381902815946769589906565899404,250582878924272880961849302426841984701170920123200,764514196594173428321691163054906341544656525584,1519472820037725112594082085849789492176786558752
772,67746046092593709917962088738272675167615228922381,271812458594636897578087149824303840700932979260457,828274224262057906238794871213140030472063570933,1646207988734455229544944161123921769844860102533
773,73482039005486617522697572065379471321162280776812,294825463053017748468182525140622291419578637684556,897307031071278377392236879104406134929514577308,1783424788016834273857527918856594718883599286842
774,79699601331828237675861070621050921103149353898880,319770450322460971549337538159949121482138901797844,972044995148020845893255675745437069541486202324,1931982811062372191059637703008379343914605689189
775,86438823373247030206711502768899476678332245672920,346808249145755662429919923166460793007353105509472,1052955652767541603073912090862886294024122817792,2092811553851467799427371987184841462653939598340
776,93743104871971518099740397912295305536882352136821,376112964021101047274882625751113214916815711428373,1140544533214974875921034101931992769286302881089,2266916052050693964380317578140750384248402207273
777,101659425911194071481520862965949277207789867108640,407873061865088441478638915629945065991443612535328,1235358220312155552555463766147957160284144100768,2455382968642009358793587294179429165165295188054
778,110238639804633320707716290038875444647014244435448,442292546877115709825078301273206982644752640174912,1337987658582426994213141117705204056695662433120,2659387168039874142683095764430065578681126532629
779,119535789745238313967708399243651891769090507751724,479592230704391735505475058048958390394219816990624,1449071723438479634641461074350823317857785983728,2880198815248757333957371132489491096158149176128
780,129610451124252357998554941696073735930452733348821,520011105573310953475662602552377224988413168121257,1569301076301521481442835768082281266602234725973,3119191041643192289790787727667426844726174314921
781,140527101584311611548574849712940668660508587620470,563807828664448482396187008182259431453512287362888,1699422327202036201887609330496756811477936881008,3377848222218310950336861126463371870905768110998
782,152355521034770678685690617485630267208278323871652,611262326668264925652153881197879913459452139501672,1840242529182210909391411255358844626338844015064,3657774912678914335442467385738275540840732897153
783,165171224034970735228463022836240626779595763271702,662677530170610630649442834377820649878248689164352,1992634030727689735590743032858142759865636077544,3960705498529261741322080164320254412856697523896
784,179055927142714776817123895464426718994188835491925,718381248285371370098290368528589287317370356086583,2157539714512262829794786670882411340615014118883,4288514612415034451558580970827901020325117259551
785,194098054031888337756295435782705579506886114752848,778728194780508230486840861967559944432517135959576,2335978652954879461659118836737626404972676948184,4643228380376120939702959288202019676025112950762
786,210393281406146820462176967774769741860825823537032,844102177838063581768390824167493439425726112384160,2529052213476299919682953068414471982422818236032,5027036562418490892999468760962837878062196551591
787,228045128976158689026092133596255855233312528234906,914918466553550793555196216967062996321783933429760,2737950648916037450827682582039575388533820490136,5442305657931860505255430599636061902848844621016
788,247165597027422560746701859435883686937625855555366,991626348321033508592931578882550431885571269842002,2963960211343265606124141139015684135067847620538,5891593051995503250929969115917878667729515366642
789,267875855385647694507117543595436554514658755685486,1074711892373074223382009778895336150891782447654884,3208470830483445353539604513589932833147424912940,6377662284557999751342838097298283442423841400640
790,290306987888698422396342181626121009922622858847876,1164700935955995789940370708736851481989486762743772,3472984401202100355001982232367442298995327352268,6903499530880851769282729828729612091493137276006
791,314600796799874310019383730870133912297554306055552,1262162310927453479747371908967040770723141805320320,3759123727956239669836985486505121532924581098112,7472331388536123248640270388673957635950727487660
792,340910671948683086466176145504721918003299389640054,1367711329972593899565321416278106222157603136913138,4068642177861553700616834259218550144405578352922,8087644073682730010948307080876162700806289016270
793,369402529764259926770461365925333081894179577257648,1482013553155090017048720616844459702054198231022232,4403434098050309966875153143127374477479921991640,8753204137355697665449693255288028462133762516276
794,400255827775346220552316469384347919443051712599184,1605788857158717920976443107630276740947550945681040,4765546057333038767177230092885063175344095284304,9473080821131786444323290219463558996757620549714
795,433664660591581541586861240293804964713704963490104,1739815831343176668329820914183925454028687842198400,5157188976850501982375953008705595173867988237984,10251670180830843425655315767831674187784181858552
796,469838943856281210715098164617951573919087211060177,1884936526644561617015649649669200371580865817730385,5580751219436774155256991197394075904516973489677,11093721116926201332450928931626204471041079014625
797,509005693173558446238474685151162277934287393981344,2042061585407070964420374145567723350112702537389048,6038812712837179466475404963074238375552961463672,12004363461124398718895760413248060979658744126678
798,551410405565501967929192866214478025972987689746268,2212175782449773939108576983958709339502888537523344,6534160187766067391805519100797235610937778538272,12989138280193627283478342492463010858349280475633
799,597318551611257806417730135947189497216597482639788,2396344010063112203820362964324915706420250856279328,7069803618080978149442420536157717553860925720176,14054030570635290023583141975220377527176318621688
800,647017187062649192871230321859706834248553322261028,2595717742207722850950243452883244382762666499201820,7648993957126079465322165444417045768453210157708,15205504531272382418094508192122309425053324166508
801,700816693424020847957168051573599985371294830092280,2811542015967679284682919566089285981498014333514204,8275242271595892854247359794886040012835013145084,16450541615345786602795624647712922392932191389892
802,759052657731212469164549252360407487342256619223508,3045162971306979998967450358706117918901085539183544,8952340382130122309253349264487969532059062289512,17796681579344280551854679410790338667723371356956
803,822087902570149348365499578725142128577376174204816,3298035993408912114919022484525623422192215951365376,9684383128314721457024169625054907882711254546112,19252066762631401667041333202673565888059206512492
804,890314678244007235858854719553980028599065574310119,3571734505360908246214331230898131398725466161645419,10475792384879302778912352682211284329203864404943,20825489850064015343736620553002473242119798098211
805,964157029934132595693149800212867661811545590970010,3867959462702226592240561181535759237700314346945736,11331342965696209467961980684288590454131983065696,22526445389322214730921204265119862441597975020274
806,1044073353709120929335361762550871950531994613029812,4188549605399239110269120760798658894131743178258548,12256190562755392927673710595171092003764726139300,24365185355694172002329628625271817456580646012495
807,1130559156324319881043778453665653670046898945448084,4535492527175948579335648194519442081066396849379968,13255901878669055160534379856827400878801067587632,26352779079696951037967854457883530503224839808608
808,1224150034926608344540104151096797738344186182908011,4910936626829945926405475883569274889848561165671499,14336487123512548245059279182083936471816434039455,28501177877287878003300255329049621847510645170111
809,1325424894043151635152784171983538301786028084074514,5317204011232606195554672517994405089628765541692176,15504435059999654943535830060251882484653205394120,30823284748662922079368945375297390998040059729146
810,1435009418594991167424007992253127063435756066886280,5756804425175157165234519732982169038589402894449328,16766750795192495538487763969660784846378626904208,33333029539890700530650580562633749180432976736475
811,1553579823144379595841954298080772218360903196649012,6232450289109754072846878517877379620435606415868416,18130996532235689479061325554290746991993629272368,36045449992045937932511569907446632885566168661936
812,1681866899166884028329812741733250563875282333947333,6747072932179599718334097409591186128679895494791969,19605335512063605014846442658183873178766159002637,38976779135248737874860106818595926398085557504465
813,1820660383844240132406620299282500480924975056051428,7303840114769707861926139451964693000669449690060836,21198579392747332299658254834691076969549465855124,42144539520262498104823150659700363745265116345314
814,1970813675711209943914462812472758423457004783913940,7906174942178059650124526859788308484958815032252232,22920239333219874466675609897274791130795896596472,45567644818243644606345365450108612299811146922529
815,2133248924469459906152224348490838566063225960467310,8557776278946486231851035467387375668617691186656672,24780581068646607242138073424021404364787344787432,49266509360074793528121199775451699369510812213044
816,2308962524414694547503428806510546151524812402362139,9262640781945581858318837305545545193751879144131191,26790684286803668305122079503360587652629534682635,53263166230669044741293230559102341475311803070079
817,2499031043221753043072151463249611659670753074380838,10025086679525620425355432158123639925741531512038668,28962506638608253066826305125193287058519214515316,57581394580942940568793014419925206855464410432958
818,2704617620308798152410656379342492093978368804316124,10849779433976731984554798179931979962987920631748372,31308952741539374912172662562011587074445414483876,62246856871072992162771169230245305256736751802227
819,2926978871669764838253800176697828906199790300994950,11741759435241291983940841842594494696099553649065920,33843948562232630925641135803179071300392445086120,67287246813448440186677640854174695865243897607844
820,3167472340938595265931029709019840660093288247634856,12706471885348556385622116621913253167869667090877148,36582521594175321897997785833890527496514100337724,72732448842704402295231116656243738658480424493680
821,3427564539545293372657850922929191650060520853172104,13749799045459500874773892790787978878285067543567660,39540887278327384142489099071212278042984130879244,78614710003680087470501389555967238645287010879284
822,3708839622159515322129226623566659343493930938727144,14878095030786880639989619160960209568395471290275520,42736542148819351472712666693572194419747535366944,84968825216435276063950201297504979695003294017348
823,4013008747210596356908488883445837779408569493961400,16098223353065199514986718234350223512147265833925696,46188364222814087352762700566872394512987858080096,91832336950939109781372703217783253641390796942316
824,4341920176143316820305250817128483818513936323093008,17417597425766628405006711331790686801518170817811064,49916721193361123785708063276751527462425525439032,99245750423110015022894024050449345619110440235192
825,4697570169237544960761415946104460061928265974613992,18844224263977012494931727732476191610389048334254692,53943587026832651886063948058351362675984435798724,107252765508955199905023303245041519499972532558260
826,5082114740309986424506927338546845309027970576804260,20386751628852481579589913922054661410603624663606972,58292667612535881562204567867280174491742356389932,115900526665084994733169788892964991343698812908652
827,5497882337452176556701358073307367065078286504065076,22054518885970298191645746302404897169310721192434720,62989536161591964840314009175428908997575176174416,125239892242347527397646190771765958492520199475468
828,5947387522166990146577712907459758519500210566880346,23857611867773380133360278457327907178711390061988530,68061779105419547049426827488873100710547794467146,135325724685265329658699774572774250693572340726062
829,6433345724874734391133979740738719806583284609518114,25806922052800381024048794575476399452687469031019428,73539153301443459512875612521520226354330592946972,146217203223918948973983963225482264575410099477088
830,6958689160799907363553417487199961246556736080250956,27914210398614898788223851701192319305245327403256600,79453755415269334010181752392474319018383082252776,157978160787516873486541007567427578581779403206274
831,7526583996753833034392556318739851207864245043640172,30192176191430180986087077531342111627089742987446560,85840204414848848516852256382706795632762812885872,170677447000764433688168704433872469286557211952788
832,8140448866331999665180321889252379022224733683994977,32654531303511456691744990292798218766717258591495593,92735838183458031023702735788702677818323855515685,184389319265993507794686931306314817783100019859073
833,8803974838586080511265197138812979240954247379623141,35316080279679320798747598881203574812121829443419640,100180925334998753686810325951657848304839924927076,199193864086588401344695826949248905777055247875014
834,9521146953350228737488418285310275765395371157307620,38192806706798530394179202647642752879346357714191252,108218893397615444225529506401649817764873084960772,215177450951345488428995178033822021819957418847565
835,10296267445143327454029180772311499148122696612739628,41301966355193639210948668207744423125891328816928928,116896574620329394831945118498426533400542365970416,232433221275899221337861793662492179320442831966064
836,11133980786980778231970017748458283785593540517482871,44662187618675911345497693429307456561111034131343075,126264470752798417617622435474321418736872061411591,251061615087163317779559661461363188674734211676471
837,12039300695562035741541825722362159059733087628223354,48293579820499054171285208014310908804245805221765940,136377038250911205117905124862272565313454708872524,271170938340870691238489363440418807915065776008718
838,13017639250208188847765086303659079167382521349003212,52217849996304017445085893282783195404945230912526568,147292995471262054025548068146878735415145516513720,292877973981820448013170683468834357564654600337763
839,14074838289666321429646055035428485194520348680653960,56458428812201486734657764252109916365545876943393600,159075653536201016073544110395975587464482220777760,316308640092506015771185700854434359901220340106404
840,15217203263537464803237343349125311775807503376218295,61040606326828597590067794180339484028170279809917491,171793272678738377118420783838236924940266305044311,341598698729641565838158958902846702023756835656859
841,16451539728690748203068741531740091150975602490577874,65991678360776760838693244240714513957515028805371664,185519446013768026418278113754149353612618843060168,368894519321052393215420132145462266720346128930282
842,17785192695671055192085276076958761329607673854939888,71341104295513799379096888946267705024060849503536676,200333512829578610755784638432659705630154083777124,398353900788875291778194645178161137201071702710839
843,19226089045869795734278830175616240239754378828317648,77120677187131397248481280647615755806791051868209056,216321003652214311365959945150794847773536554938464,430146956880559328980746995794859716184381666507368
844,20782783257192912718916312944648442863153211205525111,83364707148277406441934292314074074900803459217231107,233574119505755566269040535480303448190614395130663,464457069528411324068619965110268311282204984349671
845,22464506694217918623437357350478144853405696699116110,90110219024846576687752856735344427394126931143930720,252192247974902194003427333431847980504144347466280,501481915423161052365552754812033399311064577677562
846,24281220738480390676740072826805130487784309884124336,97397165472794873637913152518816654711978259725825060,272282518873310930952861211596132760841020189327716,541434571379126704341731362201874824527856655194727
847,26243674055675064904204278000491411781963745873560800,105268656625233250247744494236513520113998001247077120,293960402532990630927382234547872986143017752833920,584544704490079659671045934224638084168412939357720
848,28363464319310465910362828838761175852698052495533207,113771207631199654842015799551965069489202640867485627,317350353957791200564484196920366078410430885352799,631059853528027984439963597754683973184898099156447
849,30653104734840363044375493616021591910645110480996602,122955005445690270036979489059804548817280394649626272,342586506328817859477514595718181174699952725639864,681246808524210600692384192387929952873114161732138
850,33126095734640824769520547758010513053703778435433678,132874196356176027839887671108338020821400421044289860,369813417612728761805480076295968606585307302555148,735393095995142607944492540693992676042272612522943
851,35797002242548594788344272196226470789754567841945914,143587195844501072309163352770107242980898669066832928,399186874306693155786263985201359821880397699049272,793808577839286666367499613235750155378221627879480
852,38681536937175777722539043247851288671314616978728554,155157022505360872099372762350760425883057871492309142,430874756657761209216589359355271197799403577394926,856827172534755320933727918883960742660954402933146
853,41796649976029518827818571741965011772947905080923838,167651657874139170518339239890300640817570570756322400,465057970021095207064952922440593725778950432627048,924808707918498628757067958887032032353496838537044
854,45160625677767725735231480806598313449027679448081808,181144434158443523356683277185915450441443016810837216,501931447372620415757353959522196645332299018509984,998140915526054419377559756074594689359746790501558
855,48793186697900157509002932687070680033961766421723692,195714452019969611932759011481767394946353100536894656,541705228368981896747280733484674810506034849999888,1077241577221735737731697000237134881037637671542624
856,52715606274099621048160475358828967691114871788112623,211447030717151667581924343006097118468065680118164391,584605620753183389282441570781247703606192965713899,1162560835655967073089597228477779016802495855212295
857,56950829161236802381470668224687482653928546348361612,228434193095287230811069300171332183857172323458264304,630876450340021285186627272582253241458138064817856,1254583680953507579979625640905341867394063758830178
858,61523601923526778794702249573749091413497826187565000,246775188100390764259510298224078716939513984938425468,680780406283649080701299929082351285522680188165468,1353832626967970219296040887511467693235018140061251
859,66460613302025180423701183450367627180319604278900532,266577053696933439941228549163875629409348945478682208,734600488832718246423815362405120688070528363080080,1460870591439142233277252887050379387493299060095576
860,71790645430405565882788075100836413767194725215551179,287955223288941382783045106653144286531553183981554827,792641567319119251892806249798631462774283119350111,1576303995465267160098306549471744652369277962615879
861,77544736730775084149608432798571334364270229278899164,311034178979807496307555414504462320796904449274307560,855232056707159709121683310176983339823532158710904,1700786098858170682693750362049377143147026789880114
862,83756357384552597073169180474192360985464814217137388,335948155259864424654468065365978551337060502995997096,922725721654036361791343469209107395201246127447544,1835020589190814822402343010198196274804788428936803
863,90461598341474843415294491074255744677317781814186460,362841896983602246373471059048151033050914861359853504,995503617702872712293094751128054341643734103107664,1979765443680893372090342820656251173698304642166872
864,97699374902969372036739111569885623562974279575039985,391871475791827314849688870301426858690799392497947761,1073976179949826702732424021884364438902274197787821,2135837084487246757214817571103343926030172774237849
865,105511645994821843373362934097218501194595636020392780,423205169449587869246027310910441384491563860812130332,1158585470300495752575574521567379713181316730559212,2304114849535485920120629355738700160879937176088314
866,113943650328682384725546790610167863049524043065333240,457024408909991539844507456682733216799291792892490644,1249807595262000942320294242061764601195620631157684,2485545802643116202141705163277306506963463766177741
867,123044160742944080906461100396587556335831153511023162,493524798278886271310371625948777796869297594696684672,1348155307109947684527224362427571525972980652592024,2681149908491060867384023493752747762277869723833716
868,132865758111362339921961500881036012114194387939700834,532917213247677835019364025285437442858518396346762586,1454180802228475331518021761293394401740844587959250,2892025599896832243128230070615065919214999845883886
869,143465126312978021109266692217017741823738017790273296,575428983983363777188327290340199330803177405562924696,1568478731451692751260521472128363508225334401831512,3119355766894378459970865718102241955438207566084196
870,154903369870008946988754385444401576297803637951684684,621305168918376964273213691098007660387133050205344320,1691689438341176318196149320401355195918498398605584,3364414199327244915923135703046441639296635426257514
871,167246355981973488449341856138620522673921082103431620,670809926370416441350000267656625662011848101295170240,1824502442522487552632843102143571316163772881443760,3628572517026289991900175800809672040759406447406296
872,180565082815039702311770101333180318063915202638565579,724227991446638674354985129950610363726681548317312807,1967660186479865107904724617889091471020737763050491,3913307624182755928198285735366700090118395932316647
873,194936076046134239015240374841448387520285851467709732,781866266250115769655091328862270933531703930928671812,2121962065578813594129829496477383450560525057832884,4220209727254862295121336617675868090188935589216438
874,210441815812427433071257168071346300642863220900933460,844055532012267905801849889958462407486945391397329032,2288268762558173516821217673077204915492507793595192,4550990958675040846652362184530904150219077857298215
875,227171196379219112860108208929792174376538195232734492,911152292426190291510006725724217783119378760957256672,2467506909313840069573890005049085613225980026318704,4907494651770249561398274669563901677191909091270420
876,245220021013826113566771390920853528748410071493360869,983540758155798025988302081186580262393268188772713221,2660674100493571721216517503166147399627902799269745,5291705315685348770138519696607103641456058255528909
877,264691534740721806404566258524225218601907967836748000,1061634983248132065572451688942200837341547106700329300,2868844285244839954186654845299962933915235353337300,5705759362726305105854252293258095674389490112159530
878,285696997854871443758313711488223806401829284569401240,1145881164984900362860523022196425237538747226656592760,3093173565414587827268176243530011931430088378987800,6151956644434257703921725498603825248921202028647381
879,308356303286987636891688630260753832109452614991263746,1236760119578551469509620873059860833664287705380618592,3334906430600921942866352016845505226477245415563608,6632772856882809361026517609211195928340358767762372
880,332798641147417538924412766601209192797593734478700631,1334789947052382864292003089224762053409915335849664791,3595382462712708594352022819925282219540397934862267,7150872880180288133284365301465623620087151745020367
881,359163214025769461287982745533899313150315059396669842,1440528899648192939643157122918830406935938577043749088,3876043545115094491226140783233154334678339457069720,7709125121978680568771817529167133780395610725038098
882,387600006892482343231072067683537865972831388031295980,1554578469183968633122780557090439782658079193835218896,4178441614039260198492286356288318766753641710034976,8310616939965618128469400477541022196117375597385511
883,418270615737722294468386464794892907710801891689340094,1677586709943615432442896168916599433133031356598289344,4504246992726254569350309737027802289823789840928968,8958671223871105840492177654550274752811545971600640
884,451349139393743779919264724622322519197458230508578227,1810251814926746627823157817257622302778654921907330941,4855257351771508146098918768332225988821999873018033,9656864223484396060146036514863219170671402545971149
885,487023139320775648468531515479063014483319445965444240,1953325964625456144415254641359362905161535234921799908,5233407342353550541128579443110847228257451060022948,10409044715578321211835175760717732737256747705427370
886,525494672495298125840652309412265158669373255898994220,2107619468933676115590463023592328582016333631732404388,5640778952483612227853785943267947338840608136427508,11219354609510454583111558131225074471918083796135513
887,566981402925105906344715625599203768662742539803992360,2274005224340543012429569116756263026969614978830817280,6079612640119387050706614359447952318644819614847840,12092251098646925663897710930968768098482950287808412
888,611717797729779373957179401941515072988853628235015447,2453423510220082220385311346492659100222969275787244303,6552319300964724556593738726598808267554762847182515,13032530472672311116636136572461628300072949858014131
889,659956414170230342764658641861134838778419786174378636,2646887149813968572107710361762997969066961549823227276,7061493133047201049075794318458613953282405125712732,14045353714347143766656785533942795590637977079555950
890,711969284489125445977406251959303131691230619713482644,2855487063421250388331606823147638764709647725314587520,7609925464748604421981815310426237944725246460656944,15136274013395464501497446114301926798693901455377271
891,768049405937660965540192837475904981660694113624976604,3080398243368525973535937950940536452438477917386021344,8200619617882111375166601036916525795701462886114928,16311266339993768980434666408256892086144016580073580
892,828512343915987763220586592332323282215278463392974055,3322886182546639781857480352127590550052175545785691987,8836806882688728975133982798297421191061692213795767,17576759230838223117211273394156409884867436328236819
893,893697956747376053309763327347560638121992098728171784,3584313790676794780252995755877169896189160270986799376,9521963687290567013942446486927343701191876074112240,18939668952041190073973002562525248523287096801436746
894,963972251242984692414414319490087241688352307143516832,3866148835022156508959231457583778207323414163631863956,10259830050217739301574179623429240570004935057796628,20407436215206730310720297957028964997269167443957191
895,1039729378898096662383474311813685415141684027142646436,4169971945003535866023629443222493697424778676327611648,11054429411149216489732195967752036858042567757025904,21988065636017628358162283932107178967110620050683112
896,1121393783295376257345409345834661820149781957336610702,4497485223123513019120569051750949968221258299012818470,11910089942007989738931668412302687622130469666375662,23690168138597796032541622889740780695115109989459130
897,1209422510079822632058305892987590091887375746345198832,4850521507767352519678134573751678567657906188898006444,12831467448061991444911001801318200108403203517211116,25523006523862347460625913472272328640168267199981152
898,1304307691717639392191456006275921516351748578935715412,5231054336847298947056575893247689499817538525083433296,13823569976741378290751868144003434410544209340571648,27496544436106926820875797495282332722984446300238878
899,1406579220161503165260956044978377100345008149982724964,5641208664906542357381789647876255439641498013010804544,14891784260529696337965467962747038261465413079904688,29621498979296982946772435132555007664327151741944396
900,1516807621522300851184378939123099581751002465894612761,6083272390218767056827394194989696414809584400436463865,16041904129563652089878438497298087805574536858012821,31909397252981289120390792484875035344126899498288073
901,1635607147897256326218356861220653478201448613680916865,6559708752628554601099285501286849169998359048664149856,17280161039529296225858056404235257192564593940482396,34372637097562844826286759183711780020688260802026670
902,1763639102631783380538470443426623978680432816501333416,7073169667398253770985640629596288086362894240735696164,18613256871120248831758855889792171641162974730362500,37024552359911625614463822012286161175760543843860317
903,1901615416503069030006098901578355353433589318044467744,7626510065181054642365425101396567557213964335095172192,20048399168778522341029495083146143479607062917301216,39879483013101701493429343490840554486534902287929720
904,2050302493613410148396594376793997473493344496652738243,8222803313452367245132729142432607770608566796818343663,21593338998726651546351635256617876635188810207390691,42952850488511731387519569235760742543532367363695443
905,2210525347177240240404714835469230402124317062646591904,8865357800328442322784732231480856669699580836637459240,23256411619481361165872889603935061202312586051091624,46261238604762474884699048012208685696411578095944106
906,2383172046884611272897394634106861396034608387079170940,9557734767710623432086470345752850495630459093854355340,25046580172178340496891809325404911492025545537671580,49822480506106031649735025223744926839864217397780523
907,2569198501133166780727168527748427775268685264298362688,10303767487145871038418538092920798348705632269322073760,26973482613203915509863981927087247630891212128623008,53655752053066497030329632895954027144294918250822320
908,2769633599148432512046228783808864871782588729339831430,11107581878721626565031761034495646229810148424021655418,29047482127896516846845899260186742679793506662329698,57781672140507920281155194406900028029342979231863238
909,2985584739867221167978870065398826535720334490226457932,11973618680750412807579422819193130339638075753588997792,31279721281528135663942557597824196756737792683166064,62222410453030715934438843122636228723411174867760716
910,3218243776450387946222383372144790696604039874975173656,12906657285984040189215347413533247153651793067733559212,33682180182488404325813924954084367235633567832864588,67001803204841139088262809642632704185789984577219046
911,3468893407429046576093045792588149615807412886812434178,13911841368668848876433785029725678882018497630650176928,36267738952662572061601859373080418788846083400440216,72145477451181305582513021852314914352987248772056296
912,3738914047783346058117220008029555282571389962470906338,14994706435954901236301261958636537997932428362316734802,39050244821517003832381926518316867646868512433109450,77680984601243672649039312718427387547226168749940158
913,4029791215716474772731155790449049132003074816126945572,16161209447049385502972163645937291387339828946528469924,42044584183486412047540484141094859327529682020687636,83637943808431906803424758389894273493469852545177248
914,4343123473530988621665367419590569505032466013576878788,17417760654106962274495780051837391236721179748669321152,45266759983007787834310373475113216591315694361806000,90048195963092504852714718599346459973950217929116106
915,4680630963853029830599463548286828032500800620437979326,18771257830230206188045290439816327874081911823859081472,48733974818086865647436246669015744078709342107164168,96945969065667142025893982078836787979381273048909092
916,5044164585496641985514441325551852789080207943366983919,20229123062168310355148737830518758464817911352864902339,52464720181742413090972528311347308497079579396966663,104368055814860253553937002723493953375267453816060547
917,5435715856530344747084300593750299037487905889955402824,21799342298412568307285194775888200625735691753260676508,56478872291189318947992400887004475784068193439065212,112354004306153785033009554667011570181780871389953302
918,5857427515617652580775222670565685623110805828889707136,23490507857457951109580413807768768644608264875594186684,60797794987340786479523125506026152165041560035358140,120946322801124850158762086511125857954792721937736007
919,6311604916469722409614798746824944343083447658901475756,25311864116101180484477227837821244466565420620229987872,65444450222290846018032850521467094231629984624084848,130190699597846572601594998171907803084582622302291012
920,6800728274290468552071017447624817281478341438845998256,27273356613851924239753817484625696096360510013593262488,70443516690050031469747694126426970447144258209269464,140136239107514380379775616751975807837933648727473428
921,7327465827432309380433911751633425853017680677655274508,29385684826925368115407377244627508447024840033158657360,75821517196130593671730238093805034954117322537559328,150835715322700120376970113197360720869240626202120256
922,7894687982135671435526570978407940780016015076148693728,31660358883947492837375972799558744127332553295880016860,81606955404807095269688885926981007268492991285241948,162345843948680846315035794929423329643383243155964628
923,8505482513220481950779134826514083182868999614414312128,34109760515531149274691633988039716582410332954034998400,87830462649221471575094681983383850934334496377749888,174727574561531715347065633549736774770066395433622040
924,9163170898957795167046381009252525063731088361542788240,36747208551370361892643020085605514952524822572605492536,94524955539181224457496048595414697600469126434339576,188046404255556180635724909084825915036709960415512596
925,9871325874100861725474218581420492460465492756843568644,39587029301558200607324659848603231690693120551154016640,101725805154753705427785522921261848831149523779742064,202372714348626096730253665431918368053808359978029968
926,10633790291225705808008083950113046935634314760309869888,42644632183573666935905780847650811111240901683980211992,109471018670843703873445047198623368703642642740732440,217782131827627613899481236049862682379483154277671248
927,11454697387152001029123982877921627127215450441357933568,45936590982927133257320085061433233675955435999627879808,117801434319129140824153549746725167093634234196145536,234355917337999992833183214734843144166753182821472464
928,12338492558318295679967072471836134773556221494341777943,49480731163932496013377438235407950918919242562507909003,126760930659313293509148348063411824694356585140797231,252181381651896434643048960192294678249272247232361379
929,13289956756606331587654798585356989248492513646991208128,53296223677627271430778722782546572742783335367928046420,136396651201945080159528441118615748813280779963213908,271352332689412661343931373163904580900286242540108222
930,14314231625284734533682806478533123678230520032679002856,57403685746639335270566698209132118326847999853607716548,146759245500397135835472294999623613925919722891705124,291969555317288422386690879446923760200571680259532711
931,15416846503512817442545869494604405859658969701722821216,61825289141961603833031231208611707847026083736961554016,157903127910334062847753230194084408390204930070269152,314141326310204722676557572894043936113419397674167340
932,16603747437253594653552365366083887986880969293966852425,66584876504315913714702596348449717451674415454048389765,169886755301535100493134884114165504150538278180980065,337983967032041319206832140358420084470247833732998281
933,17881328344537400029249507306907850832443019037669001634,71708086303249268586929094962547952738149804666084965992,182772925099668469931065734916549408377728515408959456,363622436579044990555133474260225681827057494949740478
934,19256464493843075212914265267645410006973093835131939700,77222487070507290695258198926238232118575343738757896656,196629095134989843601137855656592090682968398230137856,391190968324667236102605349592044093950149860636354437
935,20736548465975421563146839535756367734229603301923856684,83157721590783113179488963973691184472592423920002783424,211527726881426926901605830665713535674010712307356688,420833753017800375901661083762672973591541108571956104
936,22329528782272148487325006256550865416056540805838916947,89545661782872215444969407572834280068437523619366484075,227546653783621495669382546630818404211360396010816287,452705671813279781249678551690143241828019518118813883
937,24043951395331612900941230168458543794997199093188430916,96420575057818222125600761734441931981521911046436177776,244769476491770521835841060607756801533114673682454112,486973082856904415150910562464556317239287727705993050
938,25889004252779280371417242965553388977617979971802781232,103819302998072239979797424808223854155707234258234981824,263285986955118494128452946010298245235314371023856896,523814665308011173565308912174270261100935784729110347
939,27874565159955747294998935165412816569953590048809397592,111781453263288312938241669403168702212246350391004269120,283192623465323758245928741517435932431990195766678752,563422324962055104247581521162925882353792920970483248
940,30011253183887022072727175135256318003462596117264814067,120349605694439404667425737564475371312353443953241104643,304592958891316376517037023450099298503059484181848375,606002165935018770739823566361821043567977429467548227
941,32310483858568579120330755376201889817710132803551220824,129569533658782710545272009822866539499711751727850789920,327598224508394063948988318058980228871220513645906624,651775533192214148662204097084499087251214212372849754
942,34784528470544188284004887118933355004429471979398849764,139490441754173679725760482844788639812510901133421583144,352327871996926589740934369055219794793013215826184088,700980131047663302642200763530932125440841630961107947
943,37446577724080511838706688401669086157734782332196753948,150165221072693018848737552503327371377574469439069079840,378910176370971493910798896651026746635340110282064048,753871223128369942488596636616631252264418900076703472
944,40310810107027324694335434464732430118366756216874089572,161650723310904514877502431958835358858048860828794877520,407482882795216100160694099905638384581835961298519232,810722919692156905787809796969255915410823084078300984
945,43392465301816331662718079241649911599847188726540567546,174008055107726211479767676373870192062744403995046401748,438193900460884828895359407270545663355649088884131564,871829558610200573500364959526845724221151776525726548
946,46707923011101813023278735262326336931901958114189302688,187302894091325836484458995912263763826533620217758901940,471202046918584391344054862958416098925787761001691188,937507186777928402426075123358738559093673056460975964
947,50274787594404644245237401248169277649667040890486423338,201605828224128147223104989864390000523856741459398189376,506677846509570242155384871712889925188577897452496024,1008095149202685733954674413732664933533905018926787244
948,54111978940917126802103077505145034006102344071852340991,216992720150466255434376704201037774185685725160344685731,544804386797748225964394180457638161276348872935321767,1083957793535797472625720384521536964505862459307208919
949,58239830034498262144855493822901654379636223634938469396,233545098375177146884160620433098539164617412716621322804,585778237184098304738645141491921646072518176867445220,1165486298372783238512201895412991317102703855330140718
950,62680191699986185824591943834754082584966745007847244688,251350577234129174188189378503778697043513575157134867480,629810434184430889821603164762366703646595125745888728,1253100634241135854244841838619392899964474884236907603
951,67456545055435592642379809048231915074967131551770619412,270503307759914231105599023589957987527799659834169586752,677127538171860536079787397030327227931133627087109104,1347251666833029613380887015499132605389922236521174596
952,72594122232923563101991924759920087112126343452816371801,291104461698422856889830857551983486567982329017668957833,727972766728604481863158512303138119476955206403470629,1448423412723568866822188875846208555896584506464651809
953,78120035971339776281623900561387386958741765805512417192,313262751095478392553626785715478274514701330670715457948,782607210119287427131183469928726679734267448665789180,1557135458546909879564094201469288906536332469547129034
954,84063418728282139508266791839390419597807079676487984302,337094986047920131825359338718148918831614976062341224784,841311134791573792292171360587240440386657356389287576,1673945555386203607936624839175856370194643738579266721
955,90455572005025712151295036139999617133138006094354890936,362726673401334337704234925476404797233929998352906049856,904385381231489099054780916406328701377973975486486112,1799452400972466607143033755585234085401376898939058236
956,97330126628745611802354930223561881716500700366894861473,390292659377934643040028584785973200390940596198138525157,972152862952195830608863891725673524937794730559079265,1934298623186099456918072551312524754695575554667650229
957,104723214789993402478726769135590743318587870718030019010,419937819333851965893424197347802399512803779332332213052,1044960173878355978517120805439426238452296460212137012,2079173979317017517601953252260795964852585288961212594
958,112673654691108302456945609899025931180482723148307878124,451817798076338998658369166121622837638630252236053143412,1123179311905788830586726525519112916699359642821630916,2234818786569709911549356211991239003963289769527242465
959,121223148723064623434894645196735501775526847152834173270,486099804419228815197329692677793417845019223946071535104,1207209526970321457751111890851410742911835334734842024,2402027600402783774015557782350142080562498806297461332
960,130416496154509832588197890084894280109796443872659376829,522963463920592431777968103106747438272570353568298963765,1297479302553101425176542767170317833384578077661456449,2581653158473800041677883872783440221162157912209036969
961,140301821387749010292178135004989745008648315392985061984,562601734031180987399990870477158486019023797305948331080,1394448480184946231278330457199505984430535734008083144,2774610609224939041384356941457027318902314115421938654
962,150930818912519041209196868482088912320193949381606102332,605221886187268647985304483675178654060366676400091293332,1498610537192483148517009746823004779590878873666884004,2981882045499104963290845827609120294889435356493594937
963,162359016169931256937680736374630558360532397284608398234,651046559708382060307465014470225324250249445387287172960,1610495028657032556742068971703090808119856248853580024,3204521365025751736846917597026502148539889893052917376
964,174646055626331597173206435005208494231156546306688761042,700314892710663161196569591021346309168533870228656366550,1730670205336772503743851000512332243907685001901322382,3443659481167688566944045756074314728401655854173313962
965,187855997450447134524850609000837088439134090083671891794,753283735621925829224877349840183229503560628038736866296,1859745820137291125474913836834875747024267704049299120,3700509908981567139203182267715935416742332968711306156
966,202057644287500697369668452228531938463131294513271177032,810228953286611825420366976107657982529861159011760758720,1998376136609035941693167193530228677335980958676050592,3976374753423328167181867448637832691273773162943392678
967,217324889731456272250740730223360097670741336818652563712,871446822079731610616072281814508268565547830726915595424,2147263153906521613109360921067877882582483452305340576,4272651128433789000215679439375533009386140742130944280
968,233737092211715271225688894302267459108862770116197832195,937255528910528948025623970438813426627150001210312979187,2307160063667863122868393229743590191698920745521650407,4590838037677552213846382917454872025915498768242547059
969,251379476133961799863507096069525677850339518884495735970,1007996779491216167230421167644519710308043932256004134860,2478874955368967776392783366416998906685856718021190980,4932543749889881795245508581401125619291760562293771910
970,270343562247036239533386414363338120786627359381739466344,1084037523776024539969128770147114317202797055841671526900,2663274787879581835583112693761834056287618314713661524,5299493704121153533910405296888323213859192539976236367
971,290727629349324210553679812136032514836380296842521452952,1165771807043500572355449695259023218756800255805058849600,2861289646203730140730446714893159411279068434973037792,5693538982667659647613322609314294659250076377719930660
972,312637209599849583863814222888771195271272491335716062912,1253622755703129002532673828071123206123060773895463372536,3073917303730667077416936516038425037970808552599120888,6116665392152397790903207700191085812257318127017200236
973,336185619861769815179731596775536078016805364669136985944,1348044707558839691693610828091982394794411232172957739960,3302228111760430974684440989838082727189773496409796184,6571003196082258983712867208759201305089940187089844488
974,361494531680053797736452490300978814631604063204311218884,1449525496959822235021332479320435909482326468544879355568,3547370239607044075522518116520650955910215727634480032,7058837545271854166784651207594326016564778094427248184
975,388694582681594628083354984329154943183005350446819985996,1558588906016607877185257131929151197215985436893979473568,3810575290229364851837194612531424483964035106699529584,7582619655803098836203001380261773045743731977178502392
976,417926032385747502115354306686353068058695582373758152657,1675797293861092112312934727566448392507782793766903753805,4093164318102103851517500821036120273000464271871143177,8144978787698592963752943028581907558138388523824162237
977,449339465627223138050871980491854672155103161699882333594,1801754416786818156276784960348087740107899931998242068380,4396554277925604073297038380669051487487285198712734004,8748735081241808836172637144342152308319781358414034338
978,483096547022412049004446928299433215626249707728687270348,1937108453024439459814835641595779322945945930561507297956,4722264934791263797047928398046460440947099646758216564,9396913311895259574200448466052235237928860331926915001
979,519370830155637274947492009688853714088787273935172447776,2082555246891128239653912900066507706829378150719947913344,5071926268579139863944861311092850474229054979258122240,10092757629067476301026577223036801045386221595175385812
980,558348625424680555737821619633691226604851243267864591474,2238841788106397366600226786070240236646919802491062419202,5447286407675143648940307535475330227514829419604053306,10839747348580347107236627533004145934109431612673890470
981,600229930766427436430876038597430839889476438999306468894,2406769943195277585732427288021193541319451486357909777200,5850220129567840008923133631470181761545730360683901624,11641613873611092185886615947220774854990032095732852140
982,645229429784944406378501601090795729656358414987311025204,2587200457108308041506895914990362220974604403035544993160,6282737968530415992889510627179302349170743086300892344,12502358824150236642268125018215374982621232810787857962
983,693577562127141723715900123741098256928818139055830208560,2781057244481990805309512944786389858618394936007250942304,6746995973423910445912449821996830903122379783930108064,13426273460652308028148402826858957988637616294070733184
984,745521671296893158635108417259933318013024122497585051938,2989331991349258759488439156036719186654317348234412769026,7245306161686124948005486996985914602220858244072561274,14417959493585190376309181454301690392131879255455877578
985,801327235468687663397297678194116293287116733800703589572,3213089089593561145886330299524506107084040014118637476824,7780147718810492297139586748040933935573078915823118536,15482351377034432218964932237457592393800253657062881076
986,861279187258299460249998853453944164236675089537280524504,3453470928029283068320438843364349092827609831278519316044,8354178996085227320443429548572435880909473129397218028,16624740191419536036217400352056065313847151275657131422
987,925683328832423888236981833754288541868710480730839698712,3711703565692766554912166657054048245865270330907888017600,8970250363071001964239322036894078390428407984529222752,17850799227761564157619269849856167294090682469486862336
988,994867849193706689265215460881817341558565981441329319782,3989102814750088683622689739759884966021668305247944683866,9631417975261926561827896232615599787404379482627404738,19166611393838642118795269016137567118737474710687964710
989,1069184950964201725978786676858268862270855799586494370900,4287080762378424592061864075695124538145023891249517367216,10340958521617688146717368262049089061600692903539883616,20578698571013779728651253229402851966957611661516017084
990,1149012594511280759274061660770962668571653966860190447470,4607152763066316468689488417472694583581197607526895223684,11102385021193431593241774388843909294581740086133433804,22094053059555968188450005842330473312818130275805173118
991,1234756367817800248872478595812628554120046595311623831170,4950944935014149817292497439550006294478246270402995925440,11919463742948821802583056299492077998059889156500600760,23720171259941471975384680299741665460874946598722845288
992,1326851491095483437912981204720988104790021927541356988356,5320202196709944302641940825880433175385625633125946399872,12796232328010550990016006996480756225537922960518446448,25465089747961136746434364253115170010330699846849772676
993,1425764965779759990973472734417202570072220367520846271420,5716796882318256674167375597955864679589298111205580922864,13737019199216710273484660287054399300416641122195837184,27337423912517886175991385745004623296293115356684048560
994,1531997878228670809321495560261893878261500422384090107488,6142737977263395124628253702070209468647827257638375064264,14746464348711887342271461022633955601825568102014634312,29346409336826078935443332038913284854856668353159618408
995,1646087869181048117743981118951262726393890395087541240658,6600181018324907722434826560903129490434361702394772294848,15829541600715251458902085098078584858800122044607332216,31501946116374147345694754718575232728005298323603089184
996,1768611780813395566591495723987395966454007018540602600045,7091438705706961007064898367046543260730404806763076661165,16991582453378740698915471096959394914376732600666260985,33814646320540686823498947310493748509508659611907135733
997,1900188494074329402728923195708553627416784761354738604676,7618992277908236834536502501116932795199845788678512698980,18238301610919223620809718282718285532706743259558280276,36295884819222542841532327926975764173397877547131671498
998,2041481969873959798372659388968356028093731946321269299952,8185503703820818896366668265761677272145413338802319179508,19575824324979702876030709888253159770485553517241979700,38957853711306234358561630574354942476126568208370442713
999,2193204508667319103457362516869115703319891953649609104900,8793828750341761436493237110047277976639671827637256940768,21010715672485022663787042570815163360104013038820521168,41813620608360478296403079640856227548690938711131280732
1000,2356120244000295323754039955028652488598713672453208511293,9447030987907325569407392961845559703612285174529646552697,22550011906144274391233141730949749217430484716812507525,44877191044621592787587007512681022478354858057451850669
1001,2531048886688224756807665593319090510392227914910248779082,10148396800776153871052075304951200499386244239599804616912,24201254023254843821412931674838457817332579958809500584,48163575303264168730526491307359068801345718177768452286
1002,2718869737476384748800479661254391038634804489068256564452,10901451473614163193780801543303702822172032539132052270940,25972523708624198578882898286138667632814582859026013132,51688859969181021084043895246861527011829234462089589813
1003,2920525987293502848702843607487454480834688699684248291596,11709976430992301757929401484308294358086858526636523825984,27872481818290363118027054358476434748103727899530659600,55470284540129241419873702652089213129037687972223901016
1004,3137029325559832720555242881518899273690665237799553479399,12578027711821669829507324255719181069095098906029190377451,29910409582338947286352729643583974332437954830976459855,59526323451229507429322830406295175093414391888194996423
1005,3369464878456509802801817594883724023090422379838802173988,13509955766543574475550621267365216887481792226930464659940,32096252717535264343350887830320795120102707575255963988,63876773892536574465374240235149107378452941508607731022
1006,3618996500609387358034520783125676778386534929834681320156,14510426671091319132242174332877011455562243056257549208888,34440668653769700104091200374304342016103336918823928264,68542849825840010648256053865758749693757508425810266459
1007,3886872445295418727803891167459165142839792760301955965922,15584444858274186957584090431626258427417029087387650418816,36955077092512046368525761789597856057858046179826555128,73547282635123168650363033237452403774335201803016660980
1008,4174431440050434087772488613738368968854388217157144236999,16737377474332385328694007500967194408519879786235176108443,39651714130648977604053046013718533102326917606599160447,78914428875330545768000970591689009248064667717424479699
1009,4483109196451920309133757935573147254508329129390665051134,17974980476006986746093588100498704201805431234755613125196,42543690199305509558556358206115183772114717192952920660,84670385616403046289663530190573812182700749672911327126
1010,4814445384877767624333869044742811651060897047485481335372,19303426591595668490168055034129524685318118843979122178912,45645052084597992832578855158278081074530654037196837424,90843113914080326674886334099310690227136160703072036963
1011,5170091107211108183507236012692363625263423442875314218832,20729335278160242449027745266068039250790789178527510840416,48970849315809714998801215298584749737095407026253965088,97462570975892214785223298307694081959982725324879607788
1012,5551816902782186077739166024170209418275944446642434697008,22259804816355046795434452872463321101972125537344075351400,52537205226302484477788775782483428868347750774336563368,104560851630230387547017374456767285708666024268175849480
1013,5961521325321191588132041532595370713427784653277800952544,23902446694298432547355673995843624858981121998437586328376,56361393013666194827507865462142005269983385326382518200,112172339748581405514513516985021905827660102276946465992
1014,6401240131352415127264490618307670448645153130545050469428,25665422442557917325387214594745247001080314827859849493872,60461917148256816329252121514565206499702305679647616160,120333870316099026110319475521318385090196368328752188520
1015,6873156123301954252373337113118029641610484311588501099148,27557483093711298390865091439466588815449093774765101383360,64858600503481381371742986994470249007156528411096986768,129084902893896287446336245819719672269586117482988723992
1016,7379609693631393754548599690454989330481390220320333400385,29588011452132637968009211754930762477831415556523343996577,69572677607062949814812993110805155905854675242010395037,138467707267958511666243470742831848013542834852990723729
1017,7923110119562112073176512869366639484315043354382257045080,31767067372688621418739899881122107303755795915694113903268,74626894440173126033848403655549366495622498165085722948,148527562134643873586567810727171163542058577412527293474
1018,8506347661433829870541505482811681299313416782569733665176,34105436260976195523418601839648064063949907107019571114332,80045615240876041252579908401338866696239976740636453628,159312967731590653948013832334611934269730832154687304373
1019,9132206521462400570844514093240245713013485892881809126384,36614681022649517932032729297267853685734419149722166499680,85854936799915648654672924306870833680475578194929994144,170875873385748303935425499093832861590400851377138174284
1020,9803778723642418267980678371758165373503099929588613823124,39307197705340309412245213680817301849533933391613434403496,92082810770636340322500193784640355521533673258979111000,183271921017469071598356925929658542015002199188672518468
1021,10524378979797907637375728041793793537009149589104508713658,42196275093742533861759008700175854927697226596383496921000,98759174550903312256096533000680779660628239965462066368,196560705711432969301310635809104914363778962878794613688
1022,11297560611338315632058279840385344220096331850906507302384,45296158536686704356778915872096840413160463539734127983832,105916091333441828545796510555463532775136136108098774296,210806054541946045506112152562432407299943738580568545328
1023,12127132601147712213589548707582640500492169482461710977972,48622118304553061172442287103810239292921785712026951107040,113587899962212318084092273479677290953107782180107195152,226076324922186320643464059792413394298085228942192060376
1024,13017177855244397223459608580633925328490319541943742083434,52190522796254050137516219536833967455799185121381460062070,121811375276461243677785214298266141837906953606491728334,242444723834632149410561201310329283116077237061685831822
1025,13972072759419372019286525640026097810321143425197911627288,56018916937348616341526538211626127912409735462560874680592,130625899671128264380435651521736671125161761769228171440,259989649393577238936386241768432293733150931824905663492
1026,14996508122020338215571415034408053858344001210745644936068,60126106134733906581551183137736901824977918879514459750788,140073646652553719265523000104686391601914036531880006516,278795056290724036014326251318613455957633075774170451674
1027,16095511600419712495351683988561679934482221553533961209052,64532246178900986102220338010335018783311926351564507125536,150199777222136120813602056088299045383040137428662289328,298950846781789280644509946487343045765824055096462304552
1028,17274471715519103177384797302177192774646438949257333176709,69258939512054383899042698258101702183099852858759792939441,161052649977971189503509049392931084514097061730460232605,320553288986318276153205375168566441453919035145238439157
1029,18539163565929238814596875543280615225447649038149800645000,74329338309602767074803539263902226147690010906490260624844,172684045885811816416037090779765245899414753891058044844,343705464394985378938480758033840564802231540535181871498
1030,19895776361256012455831132163948584171413112666734281070824,79768254853760238715469110080749419345481170804995440959376,185149408736188892144581424955082659828720138058316676080,368517746609088464904729811046669233201001850774712649129
1031,21350942902254872776083575983928542591972868628305427163476,85602279711394001962135382898220416612524210282890889127008,198508102374510857801078962506246244632735769669180473104,395108313476291606000702000623804069251879579390267833100
1032,22911771144524396065089089590598956944151852254532030714164,91859908263963303237019893740319367951720443734815273960004,212823685865718976663535377923540175113034716687151103348,423603694935538028218238024627954072153193974028936665364
1033,24585877991935188755777014264121976943919733287981828901390,98571676175575695049212640034459990878897187924809280007588,228164207834940026104582977972083103218254772881964402028,454139359043090537308235452041671587980510738069621214588
1034,26381425476174685181443023060109167375349453005902841475736,105770304426009635271164613501317505050516980116554280281544,244602521310894545392521260880835549119168092942914378600,486860338821548409759227172716891244443048001750994226372
1035,28307159489677198288419140955699407365762413280822912186796,113490854579198749580028007786498730292997096300331909223424,262216620489956426351443963701100829947443177040260476240,521921902755174086911420818323711070860323992032628667924
1036,30372451250850119068392960980642797806572758790024714091143,121770895004336589116499025082180882820127514481435026884663,281090000936112842927181159609691593836479321336170520091,559490271948725227607623010500927284650301997325488719359
1037,32587341692953107861776696960451792879970711689469687495802,130650678816648494594334758379196773002720082651619020302932,301312044836063147227970537389601482837235893740270319724,599743387174065941364716001333737655462149989080875757030
1038,34962588981292662340736504783817055905212695448979336907504,140173334358210419935019992260643202083802073797324695902872,322978433039770572073973125374978462951292001407348272856,642871729250019862849500584430538898489422975521682181671
1039,37509719377618526584240890722970677353543516576116832731142,150385069096209527051161479953511010764082716314528725653632,346191585735420714197917061628301349908650010061394729064,689079196437181775456253811421379599198651371498354150820
1040,40241081685813979827338657251070127625964096386443971588766,161335387876990376673955583897477747706365562810615162157014,371061133734457364600954893197237202509177264839275801950,738584042781742506652616251098928262002203978882406752622
1041,43169905529226353018563064830026419707079464563644189952832,173077326539383117257040511159455361914278906833015852337712,397704422477705182788251839349683085961048578439092526384,791619881611890960290823318010877265630497526314253677316
1042,46310363727358980722380956463314417282921801820979844434464,185667701960454055381059892686397400129803138640004021076536,426247051018132491536066833139730998115931356084643338680,848436758678197540934454264964424007610887784587478558126
1043,49677639058217902156295965321560636441510386812535578186720,199167379681261786308511746426172313715357100814320053227616,456823448390177683327885139929767949315553564177740480736,909302299736792803432472212832875370029730367327863412256
1044,53287995712457887367546549276583486415909087276590227507833,213641560339771972108911253968985400165889236588657409808541,489577489940422638725056862651454502252887482296499777209,974502937702454872947653803038172864978173600021324429845
1045,57158855766690255635299196834438472543646399182070259684435,229160086223131476411521636614363862717600864897546523229100,524663156370453870324849276609972543015268169265484491360,1044345224849318502210875102565376101179492534551756839634
1046,61308881025992885058720767927261730239027451974933034038296,245797769342402302175313940011772744610270519412097600831500,562245238430761940430868302725823654160711512365464678316,1119157235911321461181920752030419340958026205661964181841
1047,65758060609900536273626831467286733395758158341309478062632,263634742530007442827736797588668513951672516882774210719040,602500090405297733229471719521580368639883517536298468512,1199290068334314888630554179486887448732342956125532285140
1048,70527804682057647189941610843924490503638352755588240534156,282756835163971278751600085279812410802605653568444897098472,645616435740689991833641904114448788052242546091934961848,1285119446358695271440430114248127509531139214994076491892
1049,75641044751399839700182135136799653073476733141373584904168,303255975234002408061225395383317285061154518272544208163936,691796228403049260496854836118672767247585707049868547264,1377047436067293385762022412360977407615728018428624686032
1050,81122341002315962111760836250780119758180648818701083845432,325230619583053565877503223476522536144321114675846014600120,741255573789717430459878473402057111598519401041679218392,1475504279020028506652517989700376824617731699202495370720
1051,86997997142859248447340981800165445926454552071881890237060,348786214284721307087364003834536560971514275831021139828992,794225713284313298000076633874777265696067543493578880752,1580950352616583393582952264808773744026564751873318792688
1052,93296183293862564160239476503862178648974170586894316630267,374035687252272343105784372339105245047258491131390204331883,850954076822086464826466323656530451361808783812937810815,1693878265883294808559588146554659248551054145193939274019
1053,100047067477916554552862775704805623307002256596337078052412,401099975319796330676656268382616812328342971445155532897052,911705408130112465205165563394319100333945059807220687404,1814815099972951552451527538942883205340265013396264062278
1054,107282956305748645229687418750348106686249014215838900046076,430108588190619089323308846075875336782894923773896434740268,976762967624508404559171074482910037898866910540834555964,1944324803298771075780681649746957173467472014975573278047
1055,115038445498763763615624991679861275685019064178383441672270,461200211813341026864142555282446363756132760156292098845920,1046429818285972401642588563001261016056503442758332156840,2083010751899178894181131513312502518685884053654762262436
1056,123350580930554246222002062359858658322647122898315260034794,494523353922413978538067483107327596572058858033616679521330,1121030200196993650059233667892963281470366440355639382154,2231518486351014133091218618310205842688261494928916569758
1057,132259030917248710508530176906456398718400791096578565886372,530237034668805423016190301899152495200918062969759920398224,1200910999810580982069594273326900327314898583445656852736,2390538637318492804197890966943665812933107058818660201484
1058,141806270536852713954563603157428308455576438485801432957912,568511525467843812753554480721527080159817999062956254691808,1286443320432956935300068091813846337512245119750522860160,2560810052646945259241360030549686330040731157053093416690
1059,152037778811456645478243703169876941252466367578125069542736,609529139406669693170943479893668170055398941630730825391744,1378024160843111257968667214160405045533471318230547220800,2743123139787490680024820349766504936681006474578236406352
1060,163002249643582110315845580706343488809288354798871033878568,653485076783770710056074217433120169775313895342148282647132,1476078209442268792691894607746214538160476146664147132860,2938323438275136467741738367310909824334011143642886555452
1061,174751817459256448278836673602527351248789815373658980519830,700588329598853985305486495997767807033911517910522135129888,1581059761828192190139801587658402038752256415886213050568,3147315437982258364281541025195637538682668856956395227368
1062,187342298575912145987557798459152935014946176672138880600228,751062649073873516699760146195970167501213783995204594922880,1693454770224932749528952359358427441429077306649072521968,3371066659936256144861371633554723208704643516308607310236
1063,200833449383187880055055825538532697192416100037232916841540,805147580566521947045257721505841421983382100197998294073152,1813783033770426825034419351710633213717700049066626706992,3610612017628898951223925111668894014866050118111239357280
1064,215289242499464008737248440907970863961623691670312983917177,863099570537130660037593148150682499226566733030163738626095,1942600539274625088599384518799043380071966348911802957387,3867058477960282646837851334969822761016316629371745402671
1065,230778162146821177003857088821726060695850077538139343325928,925193150549996920307523887138362999938756418707380976122212,2080501962712212292095531851458757155356108554823602818500,4141590042257547277595312342839423469005052845051792943174
1066,247373520072411755860985002788720065700751659980680956182748,991722203632056195218116412701991731282185787289838767062540,2228123342409171774176401547111468479179147367114942331548,4435473069193014640661786575948230631239682905240553444211
1067,265153793435348776560236859287585067949459010720366696298072,1063001318677019506027362048271964429873711162008957277130848,2386144935624399786414611121624158075875119127490491938560,4750061962904035898653110006343967248096006136660719127980
1068,284202986175539305167472746364564045814648539956890296529770,1139367238973176622653274694620232726909702584696995582833326,2555294271019401983383709161976543651108424869434396714246,5086805251193805816667010778295598444466047968919795634170
1069,304611015484838734129106520196645514775672205108959190290920,1221180411349709073894379271910774278153512027690867050582740,2736349410354137377953191124192219050823207255030289419060,5447252080375334615191930942273254207818020305833162046936
1070,326474125111927350686159766120397435553485369616008573037304,1308826642881358266359955043579578847136789705115232792337832,2930142433648863615315979097989104922848226651198500188616,5833059155116741224471194378263017739468234430494274005678
1071,349895327350888968530557813461881380616802457872184311389610,1402718872566570040784769229167857789477583125905608679663040,3137563163014166662537975320332267010373294416871434104600,6245998153562581959238413919474373357515743366010145570116
1072,374984875690113661540881551139822328777126951936831481278536,1503299065901832909861878963696444247089816899851281510579144,3359563141378263698352759137154931981309092103955585465000,6687963650051094652295548940307515271440353155296943590896
1073,401860770233397229118874042005198508157119896887962046706352,1611040240817025369490628931166779696630895567911739493428312,3597159883436453015132763145985664002415980359891306602904,7160981579929590551640232941748991928844894114785151933064
1074,430649298149549973691241789952188330705488038350816594002640,1726448634015516731470966213103581622355260009919799939543576,3851441417316836705999053294828299533307856516533563533016,7667218283298902351587314466466476183285773947602463266096
1075,461485611561076645036512411508773225297377752237166073562354,1850066017381010631950438564097266334487714933977981748936896,4123571136704051804388918062173433298203925029317454687480,8208990167002538499135069056882786408090482050121363278056
1076,494514345447209498017855416742237207844556135640142664688125,1982472174773331919772315376651894683063734598005214849928365,4414792984493927700893709682945851685510055444644191175865,8788774026827387342404461560943636443564739969051291598149
1077,529890278312473109667156939720284488512118168095696186158214,2124287550240364739636291191404931882764692042727062389095632,4726436990472300967663432523793928716219370344277644462776,9409218074711532042099002198408851124937780694614438175798
1078,567779038559785938090362460766742997122204621164291999161068,2276176079426170341583770675125111419688646361017028722963756,5059925187026589222320832058139431199827876359860726319484,10073153718772782083503668967142337222996873568118794700857
1079,608357859707662988886882219560961817152613216170882043583240,2438848216759167426201513940287106902203619117568661691435168,5416777928515470653985062043259633593166252885133517102208,10783608147191482670263781441815945591018438261666634603288
1080,651816387805233520990235738652472630623598234131187688618265,2613064171862580953461904193280921950567904023251215993326421,5798620641646869500961238671031428073511086726465238853361,11543817770416442642646987831819565849312149130921333419841
1081,698357544627441903822091881221814081545555315968875283402432,2799637369545822203802599858452520417743887748038018086927864,6207191036054588514232333565264091561666484162516953318136,12357242579827723080305412177783418811698819104247791710190
1082,748198450476934059659760536999895160565187353215062847869888,2999438148713963247614883586993921515135911898345295404072384,6644346806227008975841438994340872875162485485044012592832,13227581484899793471588063369802630216040425520475223543077
1083,801571410679787068524474418458464516124952344074089144048952,3213397716577183727278696326181578243787481464613523790761728,7112073858035453180798652347720179287672088317167214565920,14158788695079435851529010646255631259545415960951069544824
1084,858724970140525628925201627685053097824387097465827496480210,3442512375657446282456766493119593106072008921073612409029342,7612495095343766755959982379380714774460531210302423108502,15155091217042075514257427750358133632957890191860231578270
1085,919925040618970384767418486819701395791693905937961949989680,3687848042280445233626189085444332398480263243810775881928088,8147879804563694556515138165526815313487620058928081969368,16221007542736395991352425386724430123726866277074854631132
1086,985456105708642860503897548769068556832676822163178765590820,3950545076512134011832861203762738406701449624118585097511548,8720653677562569817271008686464179370742335465870035148268,17361367608689827037249525993666715812932057570645742684714
1087,1055622508835057323907487188860707943370088074055827247339192,4231823444856270532792831056468818762836355105089609010157824,9333409516041237162882301025986989356002808866300020801056,18581334112447742753297734387674347913719100663214697062816
1088,1130749829953698541770150734459443701431217322369161019059217,4532988238478186370705984569069028281751499143307984409346989,9988918663392203625381631231253476026629853831340333110121,19886425277779316953183659894129162780238557247351486542889
1089,1211186357013349065795620616204786812441598172609028278893416,4855435571266528976199850483501744326665902816384781945722504,10690143213132713017368018682597076899510125948668830148840,21282539166426767580712401832506525999259634858422137186350
1090,1297304658662325408161282794913310153915090307183046689738048,5200658883695599141098196454852700738285147396036397651916096,11440249046297508453065275199460122624786167304210892963904,22775979640727559404480056918240366704840906574818169818077
1091,1389503265114853078081900898010477459427048102777141293283278,5570255680213097375220549179856666063154736998052813232168320,12242619753685062892945587814756225446544586944248059035208,24373484088428069224006753653008913250345022364799874058632
1092,1488208464564115798305037752736569049755882217671578250188911,5965934729759056680314125291566282322205111792507719316084459,13100871502593487093974280620006123181582921821406315328815,26082253028461070971223386705650934180785192438490503663915
1093,1593876223029437820047703031840333885658903113732678824465856,6389523761029424866753171881014416074130330941029974486088312,14018868911673586562359753653080531494718486099259188224888,27909981724408881345470477738517492874844354067349086087714
1094,1706994236059715459033199854019166362396244505627318764083580,6842977686240644899827164616134701497701312167849444229022364,15000742001783063694365200058036048116334145340169172688044,29864893940851846634946145672151671645762078297214572930199
1095,1828084121285860674615998728443267131483358046676377124666100,7328387389438707853644326550680356934829615111687343021127232,16050904295265155180331636907288408896182924981834522462832,31955777986842920743169199425370013557321717018429049170816
1096,1957703761424061409151839473564444559241601350751559587200446,7847989117837161348877446803841236889774430918191752059753930,17174072140915712270088909583458652808025515185513710952146,34192025200390541415958318615224517816512862666510246521830
1097,2096449807981665885998360666127316692043673236519251316045338,8404174517273728293065138633545971138832455444031304063644068,18375285347064749071695969036704370657762497954298799462716,36583671038113448954571576543854294113208719335142965263440
1098,2244960356611196738099872936757744370547300538454178573125928,8999501355655489932087751664671911457653342496337704104299220,19659929210702979688259917640933975464140342520989811795508,39141438945194694834921201421206069762862526466848036765014
1099,2403917805798312742947729064075489482605045204124043211960340,9636704981229704374722558547810455296182752046001884224481472,21033758036453402931642291508497365762571229505711376640112,41876787192452803612193852012603519708522497357780079527100
1100,2574051911359571492850506684934167372156043860242283061486111,10318710565683732585574462228294529380819816744301695312874795,22502920245446614172435488557859892195641303332563066930351,44801958879813768217096797345530246107655148635630968211071
1101,2756143050068922063056785100873888885080387972067302171546792,11048646185456520092674131049410402190461422488078455184712208,24073985180831840446990645914846650139870599809246498525040,47930035318759296247765140631798725004541045476948783444090
1102,2951025706631508860979063359339672934066774738406939554177486,11829856798249806438399823196228471582171966725805579312375264,25753971723770994483569758869779845904867772177821095665320,51274993020498838626023325702196582068938493950364255825643
1103,3159592199183366679382110423522787023265976177993213169288164,12665919175574816113685239542635593970688510473672124884483424,27550378841349396156797848544445877624605761699272207330768,54851764531723329559724199589052996805999510139421444445104
1104,3382796659519952385512986352788826267438442488721261361450727,13560657856275734727207561980123017314309605620364762058707363,29471218195925185155616568967712244555835665479716612904455,58676303375908938236906091080300955104551398826091602115779
1105,3621659285349476424848854025335938809758193668241834179831422,14518162190351968536837926479706604154005268972089246107607944,31525048954062837442510378362848914972494299121909388282256,62765653375315196108042062096163496074568205031846874676642
1106,3877270883033236557015229030250371063324720536176817534468892,15542804547075335972605483403015609299807532191851319751050204,33721014942389744544567282014125046508650047144049613174636,67138022647133626137192423725418306106599868037589594541679
1107,4150797720519488122259605266319464224686337501273658618438924,16639259766385468444651460030003875883249661223217325180030880,36068884307515955613038964726018984504311218122690706275184,71812862586765036278419703679261437639865811603931785538416
1108,4443486711505002626800250782178490042163155286180378946558357,17812525937867616302615994949442196894573569748314135604320161,38579091847605795414991820728236725920948603592619818086733,76810952172015385918558292450054427881779493730804995308605
1109,4756670953274905433199928563924644901315380839321260144537814,19067946597293950366890814101937210674491235939754485781286084,41262784194328634091099846238631069229712582469445203134828,82154487944186206310284233056692768593757666343539752676642
1110,5091775642182545168091782768078385214778162922271108107889524,20411234436765970513569769129647886726555307930384304897095760,44131868035789841202638057334345867442656241299872465537664,87867180045686082404135875215662272146405799189468938843753
1111,5450324392343322810993935011981184138959512522763886041478824,21848496630956991342374106107705153882746078649747899674181760,47199061583700098398366059780417326908028558692355508266464,93974354719000682125381950346591104126698728733775661276324
1112,5833945984836302892177817474603350368022283273805253419666872,23386261888846744668863541431818508457266841523512366083143544,50477949501533100152271533405106985177708428291352404476056,100503063698732497685098346056087418329992154400871631875784
1113,6244381576542190457490918639779840111032645009232764340927828,25031509347693564738517028823731822322991413483622119529765992,53983041524802908553354264612461878860833446691062166054680,107482200957066743164052067799959291203809086345287037660664
1114,6683492399703504114091137053271937144989300081659330812108016,26791699433833937526264388591199791112808663464145617143313216,57729835019921069899840378112042532851463137508293894881152,114942627293552718093872375554654924092678020413744166924776
1115,7153267985380628045207352431089059055737456945405344660226076,28674806823266944237938720184229938448401832053623528515288320,61734881744432057109310459873702225452004272002149874384016,122917303292633923926971825562178545775918608954413758427880
1116,7655834946204539525215418703820362772316160512866465913071467,30689355643906997812643978911575439934664671310507821002535535,66015859088839711782304096293988845400029259041957350249667,131441431207046863030927134315354150669670667406381115272111
1117,8193466356202607948368793027907480905774256142390984483952144,32844457070909229245626006527678404547473699308740314997044100,70591646098797452150834416048480924376674739176377061235524,140552606362177858276768888757463126546188741348201507261350
1118,8768591768007778324485339081600900892103354324545643537907288,35149849476627329281729517110397498885273691647877416527871432,75482404596215983788160783993895316860274349694842376242280,150290978715868603121482966616129724990964340904607536318767
1119,9383807910464164707861700668597873377664490587595099650063688,37615941307595582687157872455993521520503963433913717789385312,80709665738923855711069781602028009846001083533319189130560,160699425250153369324844762876928297430279446899199730686548
1120,10041890112524753942129694201524052159250322713791270089569884,40253856872479999145278346978241666657149824519845334204215860,86296422380983376759570172145458020148533664680253845936324,171823733916163052692119176652122501415589299895315153316668
1121,10745804502411457927029846205906041742165803911251622999484345,43075485237265539293343978369626375653059935780214921823300020,92267227619707585224593546002208684396720135208429825362640,183712799901123689945156869136563859264250174437971204253612
1122,11498721034286835391455347005839678992487418110183514463661184,46093532437088281016461895573228110198491546768826498857384516,98648299940939450640507549869394228541874328092441002739780,196418835037201575052285812217025549521499728241989415000336
1123,12304027398183946458170287879347007457865006333924294694700848,49321577228137130655313603736091257172886561177022279666640608,105467635401344822632452218703227341426535841325100887837216,209997591226107915733790959261412428963403419584203775171596
1124,13165343872670406472316278198301476100232240659020307084201867,52774130617997070900854596370116573671197217865163401541908483,112755127315445011589483576910669270268255229082173205101015,224508598811090606689284471162169523915642279945341066011783
1125,14086539183700115587080939286451607173151882857973309389208928,56466699428746451890884652824271170465252083335922999856909096,120542693945989542560895678464741772644551904029762300073384,240015420889440744489063820129280295744208782618476439732738
1126,15071747437347709521252917069749657404684374832312139090207572,60415854164120006428488993479759275409207825488911301807540312,128864414729168343477325200760645790470326159662745446710024,256585924624173547574284201333508149900876682228703635630603
1127,16125386198643928418478029171467598862628674402598870971796500,64639301470176930868884898938974395134021133447195160978196864,137756675601217194972782253103999683506435836799677091010864,274292570683369902791564803727014780857565805295557220025336
1128,17252175793553399916532410418631322312116487884738735446247642,69155961498243920652744343747936706866581575533986246150756706,147258324030320986614702073411417618115623995031304365766138,293212722010065343463539349747192007747134128507226001903290
1129,18457159916279560079019143310281473320043551907733215776840302,73986050499515755882951830970996457875752112566765592137032608,157410834397515566875257729870564595577904935832729029671400,313428973204845446348042414097439276610094945988260813716060
1130,19745727629565667140744277918006603001533262760637943721497164,79151169002675358329231808835142052116434111203926588905300392,168258484412689766254697163115640110301060161374814019311736,335029501887767216072490641085843231511461604381650781991882
1131,21123636851508552308189521674762336167286130191373855324047156,84674395949331173042109657566647553161280591433194787868371456,179848543296963809351570867598208492136070667699366572182832,358108443496212266597870867359906804164481592107202194803280
1132,22597039428636821815733815361904506462724665449511433408117051,90580389187058136299003725388197635280163733986888058563779027,192231472510849036068463940579609429265072188842324931310823,382766291071148544016219090044581074036662324425071732336507
1133,24172507901653161561203433018683306485977232955062433033462620,96895492746471514722724113643173537521444506689845948184248256,205461139858868477910381568440311577535574869596216050397776,409110321686415166826320433425820122397630149264618925061658
1134,25857064077328351770478098475737556108027002729395907840814576,103647851357169349692750659358704283890252407342563187242701852,219595047855942610838265455754059458144396424979555879443548,437255051284456546306157460554844127527127949759349437984367
1135,27658209527591499529309032734468703060724728622658283403801040,110867532687665035044754638688641759498542059243583284729424960,234694577299036927518507750766947255643144752950151114220800,467322719797850381977433614406729239481751248302858428269512
1136,29583958144917655390250918913793617945662625804997299178963507,118586657826720180807194322435129459163693354399094950394956019,250825247049559246190646779954987381042851179105753679101991,499443808559460410435704416550224056861643254491568178807951
1137,31642870891703221244870650637525397377719901512418755387093986,126839540557910916195214671894079107826854743450959732703952616,268056991098031215732069343977518315975137401284711155576672,533757592135589625580665712461948998010093896353116643465538
1138,33844092890476346127718093740285719639851543320197867363820952,135662836015958286974384038454528450081566787169654616929973604,286464454052902463511663493385571522160613888863147474689796,570412726856635391149017101499693591550654666830101917024391
1139,36197393011551090449429450201358202049352856704023265817790250,145095699352474668114885500646453970732288550411226909125883680,306127306270306317167699841021162534877123595133845854722680,609567878469010361332095631476178396009719522877407969889088
1140,38713206125140190836713359971746261729770936996058558605846789,155179955080482133368365988051860041551202661942280838323771681,327130579921370021512548164874994632118913958046603900384525,651392391491084112979025213480550168192348289481637001977925
1141,41402678196034035569068607982797202560790836452661803300370376,165960277811514848254183442237469561907087383727285830994391628,349565027378705977909010306280751663924037916638617792910124,696067003025249632336966780203449536970610253951063472731946
1142,44277714410777974872406794497134225245737728890958115755796212,177484385146506159678682475217970435180820266865602836991885328,373527503394260189055297229433534197869351301770373968700480,743784603958596538681578794891352917848161353312013326873753
1143,47351030539884281435435381117226183547483426648710479177681568,189803243532174263592788068329708902725495792089721264314121216,399121372637137851046543860804168535562085494879347603394944,794751050676792489606560131237594270942642085801421324742188
1144,50636207751050004325308958818782683812938412597414217527365989,202971287948462762252477373614030371205870514855238891805427597,426456944262744951241538338899635954116864465582021695963641,849186030620394745583712172583000935699197541399200169070493
1145,54147751103672004963799452211406194967641286667695397775741600,217046656349982004182420044385986732343519097356510015474683444,455651935293984327222235540361952472953950685728424371717044,907323985230743270253365487634892657273859735753496177949466
1146,57901151970213543600792950191271232056497526861297639557207624,232091439845565930872974941422677384611439100359138133004185900,486831964711756469803140657592456385448992913947574775355404,969415094064684760612226264734291130271420501356993860246609
1147,61912954646244579366837572874251052225258047565034295477719472,248171949665254416117548699611471786463691056673643106794413568,520131080276098650198408114467577562658866413505924883535680,1035726324104558554018861152103749584331953311876856260725212
1148,66200827428316143998747677359480695411808422210951020287991081,265359002033496015403785087224043286385700724744481637808323497,555692320231439408794377786120504738467035900677556656359173,1106542548553114041662629423777098069757711756333557223682261
1149,70783638457307701663260513096227643191821995207542048852083094,283728222141420975732443563383596867045863257909638176715921328,593668312190169079401510998686294278575277079469981307588952,1182167739683361042422088546982080738152865094318007893687902
1150,75681536644579808460106484505757701709376039815757204793164424,303360368489957818020630320924610590105778651974718158654569508,634221911638584180204382901579783268274492711689339481911812,1262926240611881959528281381460142399752860899923443031050349
1151,80916038019251961954228515179549816849384893543862462100728224,324341678959676690783470083300374298534245597063100213796294112,677526882668842966556022582175031136706022887650365393381216,1349164121182030474653004834749985368551551023302073203076424
1152,86510117857291755002454391794805740158760244365644282307937954,346764240052877517705561840910707207667609600292095383596176510,723768623710497695744273731484247032568622829518254364424694,1441250623481954159251995234569200704897058140613114658157794
1153,92488308976936266891039065680414306801948721800953516882792200,370726380848961180344795348016494339279488271681083780321148380,773144941216112780639085294837112071693384477269712789979580,1539579702882835717141749495454222478514668159993226925089472
1154,98876806610365814836738316991108782812777297139056569390394116,396333093315911405580593202894592773437773185206982708803103720,825866874448146233639934930157642186663996650756431241527256,1644571670866562596564347772311302546406242136910531756983470
1155,105703580288615730595245211248544214808374718327977643153051514,423696480729182341586522996650034760347238420972336163902410912,882159574719419205542151655857901113739547660425591290204856,1756674946320710770131938877343552751180322239454526617351852
1156,112998493205552303699290390004012421761324467169451471862317327,452936236064867142619863994625361530213662324485405337011714787,942263242657927822702434609311843168364455807599449562445479,1876367922413865027411204219884782956958667747715718009996683
1157,120793429557470055858084241109583366426597255640546540448451664,484180152357179540467966709770658047718641066334098729546914192,1006434127299317035629745332324582012252043771912567753107536,2004160956627596814761717169969747638554838335624219425895530
1158,129122430387612170918770168308528116742757184932352384837564364,517564667141506630157693494120836094799266413288808492256676952,1074945591057946482612820886723627828237673559398952906419496,2140598492014691841624069204881529575646605106016370174563355
1159,138021838499805252253038747250992109554618787123091021833672008,553235443244112109140489226410030989283540299286941678150325120,1148089244891100128334237406062551065065150794577590815637088,2286261318278389293068947939016847403648539043423423183885408
1160,147530453042573136622788716388981578268736459698905189410288338,591347988328544099530365178946372312751221684290256337823740598,1226176158251553039210313390445999676275845494635580182587246,2441768981826511407080220247146428983407499005181473779767310
1161,157689694404700797949438363703911280597762257391989223567805624,632068315767525695887139213861222212974406394411419239101529520,1309538148722504089385759045577090583357364843462344830307024,2607782354549605966898082378508576755503325117848241604373444
1162,168543780105416557334438591002153851397439907360180433731305736,675573649578213205739074570843207917880234451290305322604517300,1398529156546976401320206834592512290474821849583587679294356,2785006371705913495161322067135804682643346757723182225198858
1163,180139912407317217934808474233905501358613807684916795867020392,722053176338871287580614943127174621658090833081590662892712608,1493526709602415841381046191552616223635602341923479424631040,2974192949970571989605015301980998872028324912399256785207528
1164,192528478428055569785629479657205952744930839644106140469120040,771708847196953977862971561039620975434440282915982271971233884,1594933484731698720453642410797164454716924339557710094753724,3176144097424608440816245628479649998493068043106268790325968
1165,205763263577833725808611330429956418157513979900189026139606524,824756233283060396903536920202107416512569452016239426230829808,1703178971725493669091598482281743882513532415483321672403712,3391715228023728758208741250040087301779719265865545181074648
1166,219901679204102022760384849322068836351511902731570173924780340,881425438063067490360610965913291589431967176481687308200247516,1818721246659399319071568625016244025919565555406612501126156,3621818693900674416508686548697731841268555365190727709821784
1167,235005005382767905643289755702287343954015972709079748634077616,941962070392795706169983629877301748353844251508967064941582432,1942048861724083596824607068152372537780360672648070405271968,3867427549721122352298618252825986002479350561831874771917208
1168,251138649856902394214883230872051265802835265797170950135162148,1006628282286759044456215222875977456567210044779414935561657616,2073682859149467596682299387772393355868981590731135021009024,4129579564235122476858929034665549291488718243168113878740268
1169,268372424189638307299664035889175905341072102375575525466758750,1075703875675869849008585806494546735916736682632406678070212172,2214178917316619809929662937843114552448273130104576203177172,4409381495147466266138990619893571136160844582543871888479372
1170,286780838267945062733739947988660160771133880861952379113930252,1149487482709455612479911767844644573254352296543897035392047212,2364129637675361544951975890003930169816773096087518936326204,4708013644474958918955377731528557988088976058498614813280484
1171,306443414368517020777721233512294087319749376841695908665769208,1228297824455711742544291541134969638928243064039413002627411840,2524166981643659433406607085793289649245556672629367964335008,5026734712670366593053811940227228336275153584025609913529588
1172,327445022076421286497639925299230791860248029772310572146497409,1312475053172943998506200261282754304487627626458939284751375857,2694964867258852515640560085831137046635507369696996165386221,5366886970976125897528946857459599885493794924010314888599389
1173,349876235431730909020137374591675527217100871992360416721201764,1402382183662906559068599112371138477564219838587402539491294904,2877241935982922988049614004436368695816350617960872606487848,5729901772730304600490130940599507517207649708936972615955030
1174,373833713769454989805441755719439599459913391703826602383037100,1498406619578556769498503089094650462038140760641121013217609820,3071764500736810276736066216892064198487193825814603685461420,6117305425687649867505125635127811397328709925255218986395869
1175,399420607814024304889432160940933073265293697944207731272283560,1600961780943052000957935523644070027466402305505572087966158464,3279349686954781400206879880337734405227513728741162877024224,6530725448845021029528457825907580954340622810732601022233728
1176,426746992691778485243050943061672010143039240537283322530988183,1710488839546325805768830716581259232100988301645654890648374483,3500868779211864796626944334571191528831339496521600524421751,6971897238778573351462758387769639206324451275631727933667375
1177,455930329633731732245777041302670110228760736580870341224076356,1827458569321715191932038599923458005699352473932359444893696912,3737250786788262948930434712777564784309527608878079997391488,7442671172115581352312690405009568963778176146621751563106410
1178,487095958256797489250705101488197555053675647305235845038712256,1952373319269587557118332011248519499610732247977501829524666896,3989486242397600115511605295729279396029658756558449369817872,7945020172482979023085527982862720313015601758437830385647555
1179,520377621435084982033452919013489964020599603758308085818855724,2085769116989564079808176696272112457524543466913796552895731520,4258631249224151674365020218152601442145051880564209620308624,8481047772104157503551273698531464002431444891152338740094640
1180,555918024904327889896829613275901268861981217098417935652935454,2228217911409702926976072226699125914931701591257186316600990472,4545811792391367388753773595520839483776722863514573989248656,9052996700162324478050845403420499493346905407095040334194328
1181,593869433882484561691639677477405292958988648503721046493139128,2380329963861962038613271313644784142667467332534015576853477328,4852228332023791846712603735162970831512738519131390880920816,9663258032120264469303556518644770328607616933439496547227904
1182,634394309138610212700509552085579385875238665836400205687960844,2542756397250611738959840883369672164557109479428407727698001412,5179160696170888157802675027354621056154816082806904946158036,10314380936390588709370482779229794153876405617562890592037228
1183,677665985100829721947001044025340168198058545245608572366165758,2716191913696357412343621750655435951092123063046054316040663552,5527973293038524555617574554075278299888882063620026576000520,11009083057095973037211297560875764645371436723254437498138056
1184,723869392763257755742401643725327050661490080686820658163292603,2901377691716257517610249010114091454733037921865933694884362879,5900120663226494640642435212783252087077599118651062231192467,11750261574154431882846392172891717105901275202232790501037187
1185,773201830331683583386340976799759026143639566284613209879881896,3099104474720737535701368927645716603057801883257630750514343076,6297153394003202156005020446680498483243618119177910994815492,12541004984579912824492658072969644683849102571817676786280870
1186,825873784739466119657246375178932960260330359124716197908733696,3310215863376931123235141107304842233722876039654334263601858724,6720724419066644606155606589110392681554603155469471966923940,13384605651713569442652262127500482340310195005006457457535451
1187,882109807369120497336491708419839759405322094166945505323050388,3535611825205231481863663688086059103614275568491045670779172032,7172595728749492517696854406700065992987191823263649486970480,14284573172106771094750401122091239226325372440007894089797660
1188,942149447532318852219336669646577021554026143704517691111673016,3776252435646506549187172408046782213649517870564257626387203352,7654645517231140309825729460474127433413295746186861940511288,15244648612974708694986139179506240143842773236500548430718012
1189,1006248247492323986585925909657559466695069444334329465661226490,4033161865764323167762931582067039606280431483935400481583331752,8168875795027221419227943436801739500153706598082618938425792,16268819676541551252250454059534282595671311297930899588097080
1190,1074678803059128377139014541573454923108648034736949598360071768,4307432632733357249881483700384397355980252666148154235897252976,8717420496843741325425534090577663545660527200355842456965904,17361336851217463542792944297100357068907568841610899117792824
1191,1147731894049743480119969808829508519318736318034398306747093728,4600230130315789524905392359178421059641359424654323194259967456,9302554116815604425513123860386982366414152516729967271592544,18526730613398192905356540476665953961285576293415204048793256
1192,1225717689185197644007622196933627669188148782137455602292024612,4912797457645995823167097688407277668727819690769593049662033304,9926700905205247136608900672766991975224562219770640493934856,19769829747774023237796670434832905425353507609100897039351368
1193,1308967030292942553869647540957913483093607697098367787267221220,5246460565834594371591045397543936551817773068188074322746549520,10592444662824156112455233712282619443342279794603173677664640,21095780858392250162242379907802274003493111303211417682450368
1194,1397832800999694717950835282776069765704767828169619611869567184,5602633743170545426907779376613638577438157361795956868064181640,11302539171766555104438245509359514619086049117478420585912904,22510069147352506892786269933043142530430916189401272233115904
1195,1492691385436480506468074224518090172808587327807280463234483588,5982825461049441343589106648146747609208521853449246663043933376,12059919303519317716809750074386917974172542220124810105999024,24018540542944861364593292463407006149980198045407249662119616
1196,1593944222836119495535042304572777347292491301676258107424502021,6388644604192622574754602360400187878802175152808939630343226565,12867712848144592614433142109078489632209946103907200645218481,25627425264285314484168440720331237823288807706403172319541453
1197,1702019464284963538113928170968439010837255947491905429635712848,6821807110250885841902089420736683942507158134081302934603531432,13729253111031689446376736862927899158134344113681216060680040,27343362915082035981991348083055794111329681912670336961011678
1198,1817373738296888886066787725833314237510730722790433694056371616,7284143045514248616095053099012089045959442458203307536178611548,14648092326693071827902195678832095916519567041572759953125084,29173429205099507045476617938909039747301342849641297314775249
1199,1940494032309890858997258146164081923953453321746813658196311320,7777604145181810544478627726823555985306821868794113411446962976,15628015942247108489595142167228289493008581806858778661717696,31125164404199154190610949536061835895095086468801273693271312
1200,2071899697665830218326662089784487136152884991601481144484731914,8304271848489920396704161683299346973045549566102277245045102482,16673057826599523397513324161398428434009599696352667106174826,33206603640547923841959328664324048391348286717357958329788078
1201,2212144586123709296489315694987172920764450362067482200334846696,8866365860959756176574154262239540509565881984894592268731468544,17787516464918990616891482290848826508080536624663467392081760,35426309161725927644458622464402548781604721484151190088226556
1202,2361819326478209032433748387279647903682313868178071616986061308,9466253278114649699027978126489928044724732321710613066328956300,18975972201813569292984577371336429995476848998326598384711068,37793404685057742583831285310193998638517918023705773911121694
1203,2521553750410110750464347167185750758946406721008076700894939450,10106458307241111048404838865955240521400008492779412946300720704,20243305600668046547450197212237485614381608747106142720962904,40317611971567826923036875214924941516425834252779082374276648
1204,2692019477285802156376888479674218860115760025024988223140589093,10789672626134121656772746794065187335202158175528278951363342145,21594716990913031265192875368311894739118075428326058800985773,43009289766549258991047188644634337126873511680066125090857037
1205,2873932668251605045906245753638873214280377922409174658294465896,11518766420286001241143742544201573055030604916004323956796242516,23035747279581057518759529646080197909093226367625323618378932,45879475258868976003087822026438906026297057727179000370278930
1206,3068056960637586706097934290655631431719804678023993041905126236,12296800142658727092553348019479487508853158105187363235427422668,24572300108380268161610856856961781973939393091391067806917724,48939928220846267038609725141528733994106448706994273198279781
1207,3275206594397405786340858063128513775606694389014062637416543672,13127037043032323938617458957762406983544945449259499427390097312,26210665442700793254026705248351881118167893203248877723922624,52203178000870994654505463005005020869234154889096913331494492
1208,3496249743068337823403236989264234772000597566552006989967435079,14012956516957833492599621132983287111633059444465788239954729623,27957544684482198986673175926348023630669178257760280084989307,55682573551912707918051236937960653396326651134152620601957667
1209,3732112062541840675638880867638824255939976060130452374275879176,14958268327574095767320712012476949378309768305558158917903316068,29820077406733064765188541921652354549864065036349420799799364,59392336690752720738928704272782138588594865886081865383954134
1210,3983780471792955598213648682068222770880728534469461087626031520,15966927756985550241541646369627370297476814413385235597994235400,31805869813727848687051641354479213953900275507391247490109320,63347618795192199499843477656758652490337246734706002142332887
1211,4252307180629791631669635588217039351495745781882822987504873836,17043151747556701626996132439827065560404221625354583947016981792,33923025037535100317590086958908154421238497823291996997486448,67564561159696911233551713049274343760361104142271668931827060
1212,4538813980495814104826497657373290088464410448803312741561849972,18191436097371836030758318577175240490957320871960784332826875696,36180175388579611452327947682080137099679076747533366579475808,72060359243983018307700067148479667625692034636852036787147512
1213,4844496815391378884017673145329156805292083418849481710651985580,19416573778250951185735090016670642085221609279637165766651699024,38586516685435649664397435354014864053275604239238924043756704,76853331063980751214585302147226663711189161070181048014929424
1214,5170630651080884780812596931604614827545882092629231672920264252,20723674449120556156955709458575001820675160982686241818459651792,41151844797017033705321732156542510491632612169315126778594784,81962989990489816243848002408958141189263295372694617983129440
1215,5518574661922270053100667686824356077019305724126188799143232370,22118185242227882485400118911347704086648553567412033928862817824,43886594538802272997448164050279778571330670907278732289888344,87410122237721357223790010868342530519840881676716058595213264
1216,5889777755900834278347973337309595409179729932106466638371985889,23605912904677078067199519551597839261068643643623152452005858177,46801881073740953807626202359457624349723915197285898517914621,93216869341869253354991187477432908446697491485326412739874321
1217,6285784459774286127648976665603122663575962666405594387361595740,25193047383075209145957554268986824396934681595431727190355569460,49909543978064635361647606574333742630830929809349640909186500,99406815948935496958634077138849961445947875597456215206670930
1218,6708241187645563579423587859202641983049280928971557011168343332,26886186944724661758257517979698766355366756287644391421615498640,53222194142407440563166542888198423169632571758163376942125312,106005083251321533541928993322956822566036740404089492910217897
1219,7158902917779728378206412121929393829659385364819236910984804200,28692364934808379748600336783105140018833242441601472473049305664,56753263689466235774688295387564700195700982324524829110088864,113038428434265378042855092694431705034411461744416820173877844
1220,7639640304076823252137346100175338613090621702360043356736689598,30619078275408231113708046658925848585474498741473307373379693488,60517059100938105158662258224494133112011932033133946432935096,120535350516133374764891072414334903174770145914753848896580800
1221,8152447250310081723915480693554345037341562509505776486480376954,32674317818999033457535633897012912867577441819041780664758851740,64528817758706561873711122795532718211191781018674718837343924,128526202990950978719877362266355715461686777696638391048770428
1222,8699448977044763065216468056036636214665096997110934632226071172,34866600676297305353463817084160313668241104253786196976236299280,68804768118253092597944860013768809580716265342458447332014592,137043313707469552100595949060336518560719357175943020098289288
1223,9282910613074023476647734036693157310584366146206510778679557356,37205004646042189433755499124891923808680568653168806482957210176,73362193746095527164562978119294566343104068342763368238980752,146121112446612184363498853584209339775801964638193195243463356
1224,9905246345251936516279738255116764104982492721033596977567420657,39699204882475496757715885614457830753818315259432245898789538477,78219501467750692596932593990774333888344375297857988519855849,155796266688423243668704448834296804698282206880829909111417405
1225,10569029162777809026786337412887888264887037801733076136826497790,42359512944999576481940365386822224827929485061557861403011721876,83396293888340374795015735270671768381333854625556855705730716,166107826090772400264093282798487128973423195862176088389855098
1226,11277001234298560288560212635276785648405489982725138281454920104,45196918383758805840634081730375331896843299724356299903183431404,88913446564564686393231189268189303221339793455746777363750988,177097376235149634469236571188712994802644860672822995949526129
1227,12032084958655918497865616886905304642101258937167258914169163032,48223133024748091032213470633106092266679047720054889550656535424,94793190124417040751003085484873698274011971385853893979883296,188809202230055832885672559177653300921933332900151147301394492
1228,12837394732721868752498472038381679216456159193559005218785624282,51450638128537250406860592832160772611236707877395153008805116658,101059197649775396866704678634055745412071103159132133662619530,201290462799874183067733296323919974721912161641673810675477214
1229,13696249482549076025231174803380414069057224548202489810977949194,54892734607853248764666089587420290810121622093087357863990385096,107736677656944663741390373898634533892723900277398620078588320,214591375526838983158374556204837854327254058351941397036687204
1230,14612186007023443960543553877328537511412217112366557060853302776,58563596501125194681782811499707827463674408222284657307983308400,114852473031418839608595990393677418025539772818429064570097296,228765413955947559311225157028018454667871913505094588807654866
1231,15588973186354756856285231479727146158922116039939404258168469414,62478327911714684315389348335655623438122474479532593673295090496,122435166295656890248422416747038802434010319774976640621212840,243869517317543716489814923660259320895280128050636921318858792
1232,16630627111090392618588445747486237570058470784980421481627602063,66653023635974177151006887001571455128953774820637644929926500935,130515191612606676653104011626504848719891680715959003416092683,259964313670003202011001829968035716383234083857114891319628343
1233,17741427190899041061250412783092248626914292498094229258631151130,71104833717549318961867466692625364946607902941171126918269943856,139124953953154716865815560256370438950732948794209883745339336,277114357315648975243041025138078126822827779428430731712032482
1234,18925933306159661074058965179671149427195638009283108270202189004,75852032180521364270969505128117766380439696675452487197155205944,148298955882719974733644409433168671657144638320054116346449928,295388381396903498241458744438491616177665613747878290541819167
1235,20189004069419852003102133288043240019583344079532339603292263936,80914090210130354797590456395663851427630468395434907576487695680,158073932450946785181923243490891349297092077305549163318639936,314859566636945217518912832053683613358977985701060100447227648
1236,21535816268072585436160602044956234466577045156760922870204698711,86311754066989332940130116904141085191908723326779424136189344339,168488994698991195487708724316147325600542699735732655370549495,335605827249987615918709240931148717087483211362096180369158923
1237,22971885564156981952448812355034310150891030807560401685973811062,92067128038959276526866137888001631739403053526206892988625107448,179585782331348717070888467864391135838930295965286244729863200,357710115110965444196360475383312783216075268082952292734114450
1238,24503088532034673185718365677015840555765526319144857504329533376,98203762754272351728526091883808616839574072970935107080835130228,191408626133658985652629175745254616511967694355677063516996724,381260743343131614923933011946438552676689245300745239774259671
1239,26135686119846487067635251293605664180324928443615498266747551200,104746749200140519011337119353113791909744644629004898090007369696,204004720754570740796114178691135188444930854542905023017164896,406351730555092081151073473498189969999552213341576916962216688
1240,27876348626134098935736347937635207155271757329703052904295528764,111722818813045089055341572464905410992842470003516312089678220980,217424308508693312396180714364582371755440684704100472496105924,433083167036402761193425642486444012927253716441622990498611816
1241,29732182288838481149800103698623802472861723371199466514409200548,119160450030252965807673110094371941242588030809271685677108047776,231720874899041208472695299876731351141137324473819619471245584,461561604303306708327084517674911166647735431243959587758975512
1242,31710757590083324469428115171128295712819192436163812797271627160,127089981716934645904180230326874101790662153315738252150229061204,246951356601348026467769642360918939385383571083000961142552564,491900469473803344175582603035630298328561700711192885691186632
1243,33820139386740328927710402009315759518054744241456564928394863384,135543733909660661426620404524279741763397574149951132056894111072,263176362699345715778796487016703691178597184124872343314657536,524220506044335425933053964903479424661298327746313433544036440
1244,36068918983779056227154770760258434866643055684756450908255005641,144556136345125971008430207520031733301246725741160073463238855253,280460410009746099811124478997993834674503002134269830218832689,558650242739294059369628798346351565113730756996061499679694313
1245,38466248274853128676924531998379043332769835947755620603663113284,154163865272800919677095367609598983768737845378317337584439261520,298872173388404969397239616082810437658501587294855169786808384,595326492209639086855357093815258929641968045948322714855662086
1246,41021876082494819046771042634558763774686600984078591130179967592,164405989081944463818874691127282620327200468599674207038663377480,318484751965187631790520589047565228454064663359842517943507112,634394881468595473114163428116386090971503584199605333023709693
1247,43746186838711109588908097796963027998048877783063273499051444302,175324123307159031426389584553294002879976242794166981665035832000,339375952314593070757193365441890887780731661913887668830054792,676010416071023465735569908327745994313150973135905172148338560
1248,46650241755727563522581486363143350695746271734172695602150281771,186962595612542703076808391995900624590480948945257788408740610715,361628589632448986482446543327221807495862008567006000139483631,720338080169104042903914016595239157728931956598032117332324195
1249,49745822646145268283254283323899074581010511151220674052344717448,199368621392637265600533109270976105692674575741333618704651121920,385330808056192467515975975379807368632531136450922495272252128,767553474710890873305909832468859391688920644985023552205732490
1250,53045478561896181474472539247037035657393641536529907790810766452,212592490668922371532446238176332594764995071640693315877462303612,410576421337645634556081188184452135420505494573684714219237804,817843496190543408188411630281007970126869103283866876900670487
1251,56562575432141156479834200536888969620015371828145416265942924582,226687767003717668015573996577818503728532251547902890827039032000,437465275153042096237194430262625248470764235321225763267333672,871407058510190551214629496129419891216684007849877776765546696
1252,60311348891692815114954004388696077187046649400282373830805765397,241711499199186894736337393469238796336816956128179731775180845333,466103632415634276521375914454487588630358527050236451957783745,928455860673930237635638489934383644747524673067265998565084945
1253,64306960503704836431129163913283581080888469425334307512150864572,257724446597861152118811244561711502135621114814733374522607132396,496604583041806394294588908577177812067237113396144474003674108,989215203205030661710454201052413190519454106276801799284473730
1254,68565557593295362197139830197489157689128884937880624321397792148,274791318852893992683754389178941896710483774850034848364884537028,529088479712543895195068388985265953968235098512351079293368436,1053924856358583182469293524757688776058501348747831094851117569
1255,73104336922513114613318953444580619883069185909130015253155449344,292981031091321155819284352280971096019452570075913814847775812992,563683401268697366008538502648616487175826439393753835154015616,1122839983394322570586818484798804734106135190577492640613871332
1256,77941612451661504117546081667567553456901179868758649618862670754,312366975452127094069495686658773900247860768398305292797478647818,600525645481077599311359988503686420256048923270694322027964802,1196232122378775114681371275773604919439403096512511466811558862
1257,83096887447522673009629209659089880483979070008805714879284393724,333027310043136092277835862623836393840048989027032604858972224036,639760253045400239319023987476871904132708991809745341834649140,1274390230203059958128841587259689363780022306335834111790741392
1258,88590931215527643193819432685617788945776309184665114154492088456,355045266426878430660233647778843943807891495007283696806516319088,681541564767857884955917036372788024786258268623240188547965264,1357621792733340174057609189945056375654285351523779886050518834
1259,94445860750461661921603603330561866294001993793702801322729952192,378509476815876701126190757355883766046031453243615738986025243136,726033814030053439776344033636300870023478068804533695105434368,1446254005255932083559324422032272270297452256080950231964828996
1260,100685227618940416552444251576517368650255180506134914745527934154,403514322232514291586506606275547947146840751760737638044180554894,773411756752625376729599969478472545820029736197979062068818278,1540635027639319994358739342624358862669340280789856878646387710
1261,107334110406712001476214874048769520789994806203143898538108757184,430160302968063611107476852239976008636890208864659417817122128160,823861341215605202617356044897925476910984052083823664687099424,1641135318911729060654397044763880389240158586799880714786261508
1262,114419213084904634836156044086036279947950875326600733616898063036,458554432759859409821520784969177687220597455106983498094197245192,877580420240870476896608625032567428793953800580563626604993048,1748149056246479193073686764773617093657789138402300504133543766
1263,121968969671728955195258510511198154674124467323175530562325229684,488810658195314345462355120443477541578548315623793877679943311616,934779508398524681321078398684922882050446331091755430642392880,1862095643659136926790402745098175774243614274486299308670949392
1264,130013655589938923227731143976102556008821949573764186670015215951,521050304946820904956159232063730095763187115981526246514988030843,995682587065212045234656159319871727899317686469499834927167039,1983421316051623852969776145952699826687939840921989249298652803
1265,138585506145644681816545257387079400449815340249000290180246141832,555402552542917586926098471172457885344549953297125397374888544644,1060527960338859659917441624140283545288592301124236653903977316,2112600844590122476135127488475235396724036957866782024855794574
1266,147718842580947402975827894697974882379077904412127786864735297568,592004939488791377984706845262650615647129929588406560106367735028,1129569165001766081395266470751086130818311939895412647426544756,2250139349777109088669134981464940721217138975682011871578676583
1267,157450206181429162921733955388352385487680309078777174513246350142,631003900663639650923329488463725274339653836980747470669027250112,1203075937922999236393666910315732388932600665638772616041849544,2396574228974481880014269110881928389943931101059747831180324700
1268,167818500949885362089749134094274751281692985657065077357380478540,672555339044043890542389738491156021100858941288689032044606856156,1281335244502442183393202114057015974086998660428722615084941996,2552477205555966680437606826356088068681196915600650812920090960
1269,178865145389944780811739484190240760109682590958384280177047480532,716825233931762415529898929058362876879478308693121481275681368848,1364652371983292282940992297399836440747944859584360567491446720,2718456507314285368448940539776109017414263096490887855494906648
1270,190634233977501581454767592792378055976661673019301219888921230016,763990288001704508991530071252299322274230150614499989063691383600,1453352091698183172459700082787098367583458537295109508006463536,2895159182223568474121951626729589616132474516946058556935502060
1271,203172708934310318870029404431142275252766921543963544801460858752,814238615631808489927506613534500564703254868573887406978847451840,1547779894567214447388995809931463692187182398033227773004016832,3083273560161887474345400088264797034272876038008910127146053488
1272,216530542956802976019901686538951188981739474157130040484789054538,867770475131646852273445387431919694301597743418452055534750307182,1648303304434948193838641276114938374639846789931893595594089030,3283531869734381409962231615217887169318156885177230640746787102
1273,230760933594318140636824953051008535344203563884198021793103436292,924799047651391389533753229488190047523873208702048773080217439552,1755313274118826986453417284155906147058953165256685907803694384,3496713019906174914369068158851223623932590439032068989564277028
1274,245920510014637396675053426929315982969340352595830716549671870984,985551265727894092628692195081881994332417146737775398375957563856,1869225669344505928478487364618062455055736354452532177270079920,3723645556758165834631123537421593586268472752129907750272991934
1275,262069552941162850063088482770098333693469976565623687197781544360,1050268694610716755639051851845314791681947961893402441430041204704,1990482846065355386697920764921456908068055630907692638915027264,3965210806319959915420691169740850540986877119900417758343516544
1276,279272228595412356626562421829708845362429945274247555061715713802,1119208469708654457515844136458785739921239821732173092053465274502,2119555327005031009594449139950358471520040635182871806602419294,4222346215115038866432627850038150889761044683143607569340428950
1277,297596837530935878447647239646621843278845812476319952970963722222,1192644293707368257090762483594878194859296367155631173747961851672,2256943583624743300173525008390821743913117250351361864106962784,4496048900776097698126062522621506698764685584687431071072507372
1278,317116079300459007211495441623403264800216444168315598902273687604,1270867497131938013570105745773676094032039954490820617060936054592,2403179930101984724123979280063034831174177817558221451841304176,4787379425855956904424915042705444234687041911731361618477625750
1279,337907333957241422589896015968363678485535501901579424054576792728,1354188166365282051606438470151593690267447243613632005408035751072,2558830536316361246854406278138976325305236007314309189728580160,5097465808774281556989462199119697062663701787621945034125493560
1280,360052961454514807891567261705591385179163453611395014505396594681,1442936343385331515730884429425390745163775827599716239113494232013,2724497567272284164615382603025204447122013154136181091907853289,5427507786705426088113234895879458660921294863272845358358784461
1281,383640620073665744478197845450020829221717516500082851530115561467,1537463301751512130637493544394346808379490117264375632475361086432,2900821456849152724702162594263491492620051264044226354898840564,5778781346131150782163155695159008319385705678575159656408373478
1282,408763605082797699789930369600161649630206287819522642990556495136,1638142903655449737192087688027601582141600001416356221827669318636,3088483324258938032366209626954983620774850138265649865443338092,6152643537756991647985028664298710546395594487321195990441377785
1283,435521208902700754078850397445076673341146277866931910939084659140,1745373043152913519957417492555781470441709719407409931047378958784,3288207542110503642015902775474777077124607939682287291040322224,6550537593526176210735660894925114537999833839073119867401407944
1284,464019104137352432731460105037593414552225902814564782536258877367,1859577181014941144324233596266498037449148044939206440341573620699,3500764465531413398393176116124379240244433680947310196538111231,6973998364563841601486299182536678707328607540742800074485021767
1285,494369750911159064538245271015507916768871940207691429112894027140,1981205976977019598299266602614202798984346462756548314813021819816,3726973332383340146285518552171131908858701925782598361445711256,7424658100050829608216902636988194527760092285545365177253537202
1286,526692830045533530137363110805259716883220176003888338259407567804,2110739025527362697060657308907555981296669405744429929511757512132,3967705345228576511204865686517113763788701728876576474127240916,7904252588264644786357699945648420777124525170539740227287493199
1287,561115703703420172116685806322785990342976764761580929821562304760,2248686701760045452402164640328577895673827945336853181121313312832,4223886946364763935421415037433934301920886290529461835064093792,8414627682339656580116625127668732064835596604541636910820108384
1288,597773905232369258551182738435617915950210806612273112035131458740,2395592124227422169449372680989710521177538029353020917290295958736,4496503297945135244641727247238857376694802903928469149770123776,8957746234693961705700709240110711126551544423744484559426845204
1289,636811660045101384331959970011420678455931894094721750682461694134,2552033242160350325183309227939525037850202378638133591574145891568,4786601979944787855469347893842324026474802259246588844299115032,9535695465551438686728506288681891168954265268944938114867286928
1290,678382439491578936179844626606276374696979145260584141366896220496,2718625054885838143156192014753633762440736392294006856359605149672,5095296919522398436813508328528263652819811251670290892020267688,10150694792559662238946239864294207917869664370760590501609325272
1291,722649549798833719015603801654671808996842725361791091586999602436,2896021971761499020164188687620496244922332125253776069940754314976,5423772566164144101773481001809008934961223806611703592755905232,10805104150173059035113886052753757891061719303895948795689907200
1292,769786758284629100642719803697570350922718603674244923519308707732,3084920321466401770484095257185252809655553322121206028288769158988,5773288327885367913216042394971405964678907424226334211534328060,11501432829241873311909896697894082251625463907660744766865678708
1293,819978959188930772328467498176819933747535056411887070712997934208,3286061020040431944223522557215617751018449793630302871075071039116,6145183284708854909652564508338016028309567982754588223079302284,12242348869127423419520730465608376629675274641666884438287036116
1294,873422881613620430487468242046472537341475457863437768890236498184,3500232407651121518422237521612647051818075986070741083478575022484,6540881196639796472364553426756902452174154616990007917629029748,13030689036659400459287664366664359436729720931341369617202103240
1295,930327842216439892264064683036792336302823893373855990390156015816,3728273264690179713849250319699141102238786143112753474103317283072,6961895824420144792991587551971757027490569617329512542693219808,13869469428368621228297833689464749621083964601574178221238277220
1296,990916545470360307605577022033599972170940094225055524449795963495,3971076018463914068820653751751886558863289089721056754522521299075,7409836582472838398345663617486670179528712820834656723337445095,14761896734676159544390633966251406203792789566290889794461755415
1297,1055425934475027548558273915897263596334065663763254921033118580520,4229590152444753477987215014885655423697713452372652064129377881184,7886414544643283754119351296601038361450797319632379996903559104,15711380207105054195157831081023408209921416043292029187652566106
1298,1124108095493272347268892024197532423349279799444606356106580600196,4504825830797705105897909333513359295058089895264224737699429324672,8393448824615716822341236723229601660970697485799313273106923888,16721544372112218744133055493935006525952080239977363963194861379
1299,1197231219583562820888304429387164021049267401624221988628412840834,4797857751688481390331660574149625008931285686499755153514007005632,8932873354230106778442856600968924734216080002867199000355642296,17796242537824656523056922008561842512819348343957742244526237472
1300,1275080624909429222007539342405656174865316815654840817449642082589,5109829243722072724710756033724155004764535125178447267381332189357,9506744084355836680598664101530305303267862559083997582763859001,18939571142815049945344218938264281960053647443161698052747502765
1301,1357959843530061197334172849611231346069931927591020476949131597394,5441956620754741313164840708056767078581235865579334650654258430272,10117246634496523828149309611841694301508155215252742857732040696,20155884999077254074989214758082077983451301722195269405601057190
1302,1446191776713267835892894552515744991561259344539968079250036968374,5795533811271982694049071038989697569970213781172821507043136278424,10766704418911350477492828926717603725176403012949190042988404928,21449813484572792430145656600318417572277175192599473115951607237
1303,1540119923063650661723862783129075536835444877553056210744076015456,6171937279533350456789048078189323156328875242854018222384894239296,11457587278747809893596945673021008987095732641793379408590177472,22826277744126381855746708266695094969683546087709858952880112720
1304,1640109684026071783750950808516322126782613552151178977799656461057,6572631256755781955878928183549802577157189094778756976748585524561,12192520651494820875124949484514070026734886174041065549959680333,24290508961063736349903066160853834469652390243542039021933324393
1305,1746549751608261112757365669563538592450400193644056584989783178320,6999173301744034525956707518954591809832889124279345726349330423524,12974295310990074927244840700437440031288349703119386390197710244,25848067765821070987899230044309811847386177575849995237053613698
1306,1859853583467713843507486927975684408124261402290222482987914949728,7453220211584113360473212811592584173652564817934104635238301349516,13805877713257986443265099689846541155519208773214703286641550604,27504864851826264438725957233203131143975664154170159288226027029
1307,1980460970827960277117381714568259188346840616998770036949205096856,7936534304297462964574976810424376026797703841820355394210550282624,14690420985621856105449952151339273410341373825275246413729895200,29267182873270769585258706193799489325463330231491850083278007116
1308,2108839705028988335149654877763256297482968701472900983364952018708,8450990096714786740930766991967950666344590743812644767478926178240,15631276598833400332147480914925476412715937921040834019118103408,31141699703974172254026182711782786401747878106038614296126962508
1309,2245487348877278407581716926916477629825769989274120494663331487876,8998581402273516300818500671790285463407382147983408021754764639900,16632006764402670491632964124374944104302190886926043101438688396,33135513141405783531943498278760157515904502178473881007462566044
1310,2390933119343858134490034255714264852399353673967469244996596448100,9581428874977332631991745946981748152876256022303239523749138442852,17696397601900094031608924124688743278841326433362543762752650452,35256167145086771285511595369127892406082470149068247718535341292
1311,2545739888565367524620765239115822677865956073842820119443783546412,10201788027385219036103372915630112244670950963796176418138628553760,18828473123748937620311959166821533207126668424895940363494368112,37511679704070072938381693456901402325821067173105392395116307956
1312,2710506310534791926006339623139933305547684827932946096228814230034,10862057752227108189292684960940080049609555112783262098673297019358,20032510087940485267326468380346827418815801051477713758040099222,39910572434002749077685076661603713143909207494148786145178354690
1313,2885869081326809576931155217164229263456722651790632815949555207424,11564789379079434091269809155941903567525221428980782532508133912988,21313053772195783545188287284986513698330821818251268709913083292,42461902010436748787812149691855712977062167210434753300168428032
1314,3072505341189243250540766297739906553342420088870680212939824765544,12312696299483350685394477744032004432801795377071025415201864735476,22674934726377683231412553072378219432115021588304563442565673300,45175293551590692147544393088277347360907631892722448858893928858
1315,3271135227348632682699163668511218625244010301735740022409339235430,13108664195957967231413966224626974332174849983887155332963210803200,24123286563436500617311550582099831198808776944195243325853861480,48060976070699951894819892504869034096480658725887035067615245236
1316,3482524586926292220244619472759368235332513606900089173705375258462,13955761912558032897642529398112803417087544050389081431047940361890,25663564852864016664051507075330475757489622788724736226439328042,51129820125449120209074692890859185539639459685796180323383490966
1317,3707487859943334359080617104497629855702163688639452124154099133032,14857253006957883975302718159315338532703073220421537419861845293524,27301567184546538980249741324819109894418465863728923245448761396,54393377799785411431625587716706030702835103530529890729175372944
1318,3946891143011090961873880259940418084083031696871949293197116700352,15816608026519425798580578959878312685254701654958407590018419459492,29043454475061951085057920116640348922574867470610417229952658084,57863925161690745617672039360439036936099264504414181342669234334
1319,4201655444959342008802069835972419483855881282301530397413672545212,16837517553430240497621684854070538971255340169010495876841506883712,30895773592872462413405510180861035831815039804374287186816702864,61554507349272875763245093629252133449010079515218116666513258252
1320,4472760146351092041426315748362757770950339790097712602273833184159,17923906066787907578216737723612501144198399887645278989094416868531,32865481383539412511474730161470060397040727254428579999084131895,65478986446852381553946975349735886942421204582694825429822560599
1321,4761246675571783601562012244033881764388074663540802350801075929386,19079946672468179557899822991486313066754415208479335379121611140660,34959970181045151651774015350786009202116554316125975917307423116,69652092322604899088032398331849749612955602199273277774284287310
1322,5068222414965421360070739241175873309555996809402500651498763391380,20310076754758252306706285920036610561701508880422424686598601984360,37187094896566866423328955333117323477521642812422080603548418840,74089476609800769123377660676485572391078351109032917449796571571
1323,5394864851322875557951847525998025043889403040863511516857654174572,21619014607073128652158795151925954800439433378377070412594370677088,39555201781626420351405047933854624881821214923024345163753978800,78807770024803596646046303339046743790830826011556418518777849028
1324,5742425985911582579789015398619497429290749574460053065743163970495,23011777102614788423270963765925042336357064958001348431610557681459,42073158968458104114902171447052619194066660161136168637901799479,83824643226783425659659382109743297179707081669632293020418311643
1325,6112237020174086296300791434884039299981237597082688381381756642752,24493698469593058245693037584696977657469949628050697077150090283916,44750388896713060489871845160820457544999239719943551623063712908,89158871436610051309905204772847785195253090425070626523345598086
1326,6505713334218677979526981307963034979960138138954388429824791988360,26070450239616988630907482756905988275922464412420410385073363595976,47596902742276712799557525053848356081911856602856665774195642536,94830403045660562792371353437075297339630114320364662383740709603
1327,6924359776282307638943429319093159693229460388371338550419660231660,27748062442100267282125277258239089660037964936859099715255267679808,50623336971036726351559981866450887120123383373745513576626753168,100860432459348266003349329124090765662985740068976022258630771772
1328,7369776282467680972443835105980390434162127144437522982301843548791,29532946122018652077947327152419872635438308753755360561521727908687,53840992147928188171986728498310898789800176005268632314353713523,107271477435106144604255392847681591284843292457571516084556145047
1329,7843663847246974913139968271895454113860352516818167506956863259766,31431917263127425227850344885289317843829791829001698284986740327328,57261874139525575290471797707501388388381761729028257159287288264,114087461190388354080967838688662232991139258350076877198552189762
1330,8347830866488091429370322483773629859768981170035758633924958666200,33452222203809240729878060639537999173803189478875998799480496006140,60898737856875012396770704443479734727264798732964263780661341340,121333799573042352124698021379236121581914574627962791028743260171
1331,8884199876100267959908356764900404501373853478879743145222009714954,35601564638095266086281318468313095137115447954689740770626022610464,64765133694194246647891408711477131620034039170768189737983750648,129037493604209854375542074526414633338860825939441456651770925512
1332,9454814710818886773075253663829924359837826219214829151105492157171,37888134300104089465244810656191202786479261349413746323953259483507,68875456828542372943796000871505347127956472554429719531290854823,137227227722798022560234359103011686051554918910263582181710268719
1333,10061848109159472913625987626963143332210214670836978321083908480660,40320637436193500798123989508676862665203076002816140008299314624880,73244999555609143620039000824289336362217319468226723963680702240,145933474080587953915686664607552229360001258678388131018818268330
1334,10707609792173441827649274009754553639324529183497533079906596175488,42908329175541196462633443152658100190950563653688156394083162215380,77890006847429152036347113639885633652446919698024074456777513428,155188603258284331630274791495577647023672997469622701437792449127
1335,11394555045338774280797663664206850788106148971860669268309127794280,45661047916684222931680862817069033636375037662086969243470559880800,82827735329125808490208160241630483950441774644292170234048703680,165027001795330804537966020429695919676986357526796463603550074920
1336,12125293834723418574593939729046401160046034897821623954806563349748,48589251854777446827081798100119346695415470174878837682841384084112,88076515883772528706039183933742055231330583592341863615130685120,175485196950197426353515618639379613615958504393055589983426537892
1337,12902600490474169206065040336729423876507543392398035276007372992592,51704057782003841763922220119549057922410009835981659736016255698728,93655820107164939662058772631362416379836266389518631986763728360,186601989133171041439486736379398167954107148310953613804047411304
1338,13729423992715749635943814122329414551444840284274488424294839794580,55017282301710770175746396647503008206167116554665881344469032793672,99586330847771631971140158185350000387755417567927647289673615352,198418592480533474983754508524239056762567057581399555277905480328
1339,14608898897100942010788144446411427876048521322791419834936825670796,58541485605485186145416089384137332018071619561158534681378681063392,105890017081418102263511598491620513877534269992855341631378380208,210978784067487557845516208680373528147396287808431728456871174776
1340,15544356939540394734399686056106258459373912752297288184688406597093,62290017971546986766746946272094383838247425234593426372410222991265,112590213385407829148202047669350000751774225404273633656596602893,224329062287384651661164151322728008271302666942238354121893658153
1341,16539339362068190567175834763558067358179180269173163351361111783378,66277069152565609886223491213598926141496898210079213382462778814304,119711704292847617520152159366656708780177133386559977018331680792,238518814956822498145688053547490483073667302050895319021013895166
1342,17597610004374846222749155378045164002516647055500937587252561845196,70517720831324361105778734288497109909293093449772697598872915643096,127280813824976214782112776316453899226505227768947249862668262312,253600497740128100078698133393641464546722264207697206357581005753
1343,18723169208272122796069790570322191277003891010974604306526856139208,75028002333605844983673669241468659684069831265006302338272052335680,135325500517353799394506960179894576054267221107885112164627778848,269629823522732658339691878073366006980542575540120522988999863792
1344,19920268585253379756435949374687831704717144670090640735493537998758,79824949799288435800335546601083529627710424753568476812094705249276,143875458274916774591749102332202808841846073205913870120553254244,286665963401106938766942406643320168863855673328569734423516221012
1345,21193426700389302450588764380859713181030993442498819867298660665044,84926669024968412339714167025684323460607045389316806605612997694340,152962223411202537359109502245470736483071619321527136418355034164,304771759997385722716743064985923889256027147186155319695639531468
1346,22547445729062381032896343326458903261698472948878139159177958523100,90352402204498095714027241001448373237402433837627445442656745028920,162619288248571582441867695612760190608542042114888805944910936520,324013953849706834934453551163255943898767812562309043525454889516
1347,23987429146505868987109981753040838650087091694456583856450630599996,96122598807702548547002486612854711336008918707954754346999194253376,172882221679072598562559600691356735660551930128418921196671853392,344463423674769458662171635642288321811096422016670067298701889876
1348,25518800513786136571202304744932484170712582735520254550027194220764,102258990852254333909829321513967093785073596141408878190756821212708,183788797109787625020102534237157102223265199327859990648044329652,366195441347332529851589289706044350458192563126814939415177734876
1349,27147323427764117230323521796774779240568369058352351545667923997652,108784672839298609896280029150570043831600466903058906279613358405980,195379128242140974985941963470926869326990669649500096941662415372,389289942492490623623872735490567597462193328195904245098910233940
1350,28879122706705449174974080905428026191358268327924747725231459143164,115724186639983641190444916156147283552551483013099227678459273095016,207695813161844490548592534435178787118409701400236777533436522360,413831813640755307714179368974289674424145348390293309989377495764
1351,30720706887594278922878855507974327892946271325823710640735015255436,123103611637622090626960761437252634893555246788413920442329600688672,220784087244974935445339405355323321770161485119077879389539666928,439911196953418142350958275528111620052747665274371365024412904620
1352,32678992115857719360228018404215145531539269272458410764236359913279,130950660448847112030149657263320691267437203805954974377623418622067,234691985416234589237583646460109141280126716121331320677978968951,467623813586571966673050544962705032878193242226361171423490339739
1353,34761327513142755654007808686536069457333867012188289802430134587732,139294780566898859428487577801101797079522018792150845798676171904420,249470514327836812456343054957519250186550743397686588955633553492,497071306826725995149024711713049438202857968654817485758935348958
1354,36975522114022049676889462846571081755493167760950749685574235656536,148167262291149992782755117207257801550191420974404393116355700763640,265173835061794075197265820973474528218749930601394374058758137496,528361606199385955929618868374898658584587196057675896626775576867
1355,39329873468057714445525366276047606409921259845634503283537198718656,157601353329225640533336420385089678031168529961917432741403802814080,281859456994782751234955280899252391483490579379419607255007939456,561609313824514396313763771675872010307706805259492307368573191220
1356,41833198009541907973625932693331639969982110769580483958141571448392,167632380481670971723371289647716673405687961358796621107458900285920,299588443503339828867558874390113525759518280474685274892614492352,596936114369683439453566084795118893542322409366148741006995421400
1357,44494863303480375851219246836726893674373138644395717001946797757814,178297878844149545225331235779704923683603541705540876988256655420600,318425630228041820454248432797348986110987127958008980469464389344,634471210033242311925076869361254903396148949865067514742657662840
1358,47324822283011418768102173630740742279097127307993937417577076174216,189637728988704338598035688617085528594471127860427964538631818127256,338439856658663525626994094122559478082618628452214868323513430392,674351782076219870744506705392354632952005808142831669577407571976
1359,50333649600481032837100359447118618748254358281414122332784030709138,201694302613772391400693691028630709653544155186924288659791222325120,359704211848260052292253240156234660526722061267799328655099488568,716723480513259429953549574164576148205441171609236570784241491208
1360,53532580221849394437998275593461320204759479439083823935574427221848,214512617182510392165024098154324996726994565443607823844117760302592,382296295112814413030995780479715907956647687272528101820051415200,761740943669947961672404714149106014377382930187211063167133779608
1361,56933550402010116229262495405924531355410387358755343610130422482638,228140500100665173961403633964175163109780910087095276214935457768304,406298492624709044353652340477037688139360652073901774413767837752,809568349416781032049128684155879309335934386803917186491159488240
1362,60549241186989003534604068791738275997257763695284613878874466045104,242628763018819000535788730105211310522814908472756987932229471967108,431798270862986397372454938258206533783853691618532416731607786692,860379999999044778005560331185981030247653742174259346476316733092
1363,64393124597882236331359411550574027363395376471746730734221073502984,258031386879470290574739658609592171715501282680421773030582264053952,458888487941345249302012407296062261919776793434850093697970042016,914360942497463464565832363344713779652375822003073381058777888040
1364,68479512660825563554633517506762175125114914551181001623104357894566,274405718367198524610424783811821932523972165027862803125082190865390,487667723896270391890713784773232023512506823138796632664759287126,971707627076943996734196697848899615784508139776244996147134724594
1365,72823609457288624230445185946770724569182264286048257603698523387831,291812678460237317110246685785251923387034830689924745417378519002448,518240631082820188465941998169025110305773545731715002584425451124,1032628605310558464136776771200230054591783314620912197796401325620
1366,77441566379596242471303150327127589071064231475657025744819344859904,310316983824279587557619729932382676644842146236833401893732730315016,550718305894617672407128623872320360585220334205298914455350875400,1097345271003477947551142173700762394744649884846714184057883175510
1367,82350540787827871729280360131959066663088573540389758991299433499676,329987381834409224730127002234531905890674990438741974169465486335552,585218683097737813005561706695639238320696277182938204267752336848,1166092646087366725134228155018475988025528654999915799378544707968
1368,87568758276175853686963247153450707231099345058010003902062376427864,350896900058849116141935214825754946488813255898244587401233636626804,621866954145701394082226211952117564415875666204571792984130915348,1239120214310254239300940289073811352305421257594040956035394270716
1369,93115578769493678369330772652729460098761152891426284712316334883412,373123111088899647678001478187765123687562248584716189301001850557424,660796010924934200678387576847283292517637019011050451736511023776,1316692805610640124258050770787136600610727226968988668000063639368
1370,99011566684180294657267366185440538170612549331357077303643839509124,396748413653188282401965647215211375237168607218455784598347542278872,702146916467103772896182473449222554718409893027475383772184242376,1399091534238103187897905665436074350857365947267993397577477790828
1371,105278565401771619979717928425022321266328382501504013053125651103972,421860331011343475883254922639241383876541803538763090853813863824320,746069404256995964383208939152098811228273532747038641311259408432,1486614793866558757325106396583757089766837686567710958120629824000
1372,111939776318694368971321902839059729869638703029603400405242685651069,448551827682639824090595262638334257377755209280193053706557267347709,792722407862348205307651282095337899200397161779452085586524743433,1579579313141154726051064575062864861840209421122656597277081977941
1373,119019842751631698960574396425739583925220631985746694720547208565156,476921645629242438002295722278721991482034517577540298440883149428020,842274622715642159998136575763655781151989634553519558694315167396,1678321275306265704360119641294860603065902555917281881582478556922
1374,126544938994909564197430916217651814295305535070225488721671222975940,507074661081625877861177578425613313689240991196973248125265645331400,894905101987621071453913555006056508018850916071293238580753427640,1783197505780825947181396506503588102927165322085704950056613823069
1375,134542864844294945015349849039824099715785465999148620525984639888750,539122263265788382610429428644306923892014567374857794756796592718336,950803888608602549030032485010525028872703378263312652858033163336,1894586731779064890369994071802287995567102558451596947148451483556
1376,143043145920663585171610215573277460246986259031904494594602365488776,573182756368271234177758662303343912148226812220599581300785135549996,1010172685616893491317800010234071160281776092981602922375673594892,2012890918320346818077383440343378053438668667857239912457595444724
1377,152077140147210495406496728973991550373049866537844495743334926773324,609381786155986172300241972570729458292659484257877250355997739349424,1073225567144190674255056674763256800460018106499267382658032256128,2138536685232086555154076608348557888220427191535882511224060967768
1378,161678150755310097497295294911453849682450752339788598383427510654548,647852792753726592851171756415135575821829548561822576756421727475396,1140189732486202861990576769320177092026539202668183222711684857204,2271976810025482428446473577020571384737392266667657345211384326544
1379,171881546216857422117698849151712526618641912423948394575280704395050,688737491173283006742477475116723401701067481301610630821437378557504,1211306305853318271682078509873295226499831605817052520314560977304,2413691821815993340375934857181708350067868435842727664591662956136
1380,182724887525014507109975970726331811980013081199910663364664311538875,732186381284609480504499124183702020933279145092492491423812133656347,1286831184551452064595241278374773013226820292849837965154887500847,2564191691770059870715930365390793352973731051093806537359104016735
1381,194248063270828938587891543426886498983040817871385769998659523348776,778359289021823512464258554990867887712937803489340766852078667903288,1367035938507758112692381283321891780774532003797686857440574508184,2724017625887558197737781740187247547446994605966414825891779148098
1382,206493432990271072428479619368780992229571005273804732305929725672664,827425940725314513505073098971971015964021968120158974424632723696944,1452208764230223791154621496847047045737947024940045200913821006288,2893743966276969081055113173937261471425506233969932144287521546715
1383,219505979284944761303840331739528871731579472207821174002531940051212,879566572636253909469016446454797295729477425445808040192982499097120,1542655496474864253655119496681808803159536614523344182854738892272,3073980207448394923128803501723151514371292694830858195795719606520
1384,233333469250160746527519244459785328304165679737076198632269271025499,934972577681732891915351722822002962204369350655739916054503713477051,1638700681089905805274744982861648987706631707435121525426629375055,3265373134539586482391928884379386709436467884282810093171438979755
1385,248026625776325392209503732871193941843752774129026775980041178198274,993847191818015213630994011668098481952304165234905617559337980268968,1740688712713644792979080183322714577293068718798513639173267475872,3468609090803339269307012478889853273042889369233825643313052411986
1386,263639309323799404050727498431674727842891266722636190189364224862020,1056406222336419891330203037187780153942923887912398552365948327235228,1848985041222275127293043461081242571358821021853791608491427787148,3684416382122355983566736673586152242684908098327233301776080174343
1387,280228710807637335543163196950151118204471116226399854437340900008136,1122878820681605962811568269961845421951121466667545353541545709161376,1963977451056620638915482161240949133237001761945935792182109128832,3913567826781393782156207254383596017577856077653866368987034959888
1388,297855556267051658525464446094917465684060562320904282502618994914106,1193508302486009791184191472914865768330658439175043395984228519490910,2086077417803157082333688535195905594416189891426265973752539834486,4156883459217756891257970178955078371339393752351241267085428403386
1389,316584324035184855448089841164934396269965294637109046856872451749776,1268553017687405198737592828143271826264771096992864183600649678380720,2215721546665776945233463483534241184909918444427996173159871381616,4415233396991579180778152275385711554575685310322745173738348560276
1390,336483475167956973019766918362994802510878404980632953875384385796516,1348287273769569192333508328010381139555293940201725467673727313562404,2353373097741300254440654558401929511780320279193652172189770376340,4689540880768586042514144638703255356410185391040496456656476291874
1391,357625697936530114090265602096290466085638023046819861384777815292542,1433002315349425135101126475010256611718052925547366567703058184551328,2499523603304678740064066625094747375500833360087122163946923381160,4980785497691949171702647132766158872236142136779815956253235807240
1392,380088167236449827513520405954780361974865212666085427234700913151882,1523007363528419454985721786343946640131631573458816990017957276184422,2654694582620144931640162524825192232170722794475281079153623576894,5290006599138377116977164333814556250819662565809322285568220644170
1393,403952819817949821838446025318617892999643091536130643251550275129560,1618630718631922531829472618050204516166033650275978631327944585821312,2819439360123244475688516775732944167461284131456058321743485303072,5618306924508756959155520372567847620823428905711218995088218003796
1394,429306646296414100730008613584573123884789761002076708906812497333072,1720220930178823244417280587636303282225626729610735927230923440138060,2994344993166841497246133298010786686467685602429091603673450805772,5966856443397635744057137879840890025191002517595654592991544679858
1395,456242000959762974076033220313455328634384088175137122974304192796820,1828148038154944845130769596142480869477383646537232578036640611318080,3180034315892948826636714888659554939847293836684086139423840130800,6336896429220888125681038920078821192163837591739354902738316863272
1396,484856930450760775568376713588614777043148067820842490118600404400857,1942804889909225922315801296825181860644345880677561049054876846984065,3377168106182820042294442470722752471753609394191088580475229380637,6729743778159476471542692176523403915205317213831820212519064485965
1397,515255522467139349397360627958153497856855831997074311492659395715692,2064608537251608829709441044668117253213338326693524873343300169241148,3586447383051432119998532835503261785914998705227627372662586378380,7146795588101830208608047160234401402030211875635353270187086591098
1398,547548275691210463314698195672632408472263035874457139367188698324116,2194001718607132497901561507342397207354784874835395251135819841086900,3808615842290644642768724651867573465732731337566693667065047790436,7589534013140760798480714831344561572454102125906553504096349588669
1399,581852492233533159531027766134018442122118134733473109983922058188216,2331454431372762020147322731649052056518107809515986014033457730991424,4044462438629382023211667112978288029635270582093574097769498238560,8059531410105854053640761632374895021876386538720385105118218058772
1400,618292693952453211999601810912439578935849038311540731296838835963748,2477465599932983519035266278611034686228607795926197917302574544877328,4294824123170671036859034961276370485211642680034992115219201022336,8558455794591976642182322655327780547177051729621140371478923981380
1401,657001064093200309933319015596241454356780506482261841283612949425548,2632564845118187127793691057800907935509947740463771572643822763241596,4560588745385888060414995415942118082825714534724207509370965539404,9088076624982109870481232227890619570839958127361752072131404478364
1402,698117915776988620702944240504205094043734457125242162622804089586304,2797314361237452316506924286964131091539113144924983254950509268009904,4842698129497833695147324947310715364175316424014604459292909664688,9650270934061579954808449973349906747825459923638026965438286404040
1403,741792188962508482742676483656010053155829587568617138062746190710968,2972310907185701992345501140802391599137039829317771015453496377061184,5142151335668061374795206178351386513721479043302463202511614217312,10247029828984487125343624675037351568761279931576078196300604282972
1404,788181977599628767601615272763802840036596892089405944324629966572788,3158187918515537221228593392429510805306397973685896779177009234245004,5460008117022150822132301374299445160010405328273001878489367953852,10880465381585553044515397788858698571431459975338003220525748132540
1405,837455088798376707097414902002325928598292960792760140977894744454024,3355617747777708186306179824994285808920975318456933385839255899018508,5797392584201357916520216984982094527803475285892821927676921202412,11552817932335736194494180937655797445219200402910842938733807589684
1406,889789635945669698706731690344906520130154032745164794257003930014596,3565314040872501223412009387032035165696835162932971620407253656440440,6155497089822428585082625652409085176219031952312443379237936382056,12266463832622072028243129472974353161282499705001627905751092648428
1407,945374667818207113110268369346989592715245127820074398253191259846490,3788034257618790051750931307319786856086433829739556358717397428204032,6535586345961599309857829931828485225453318459258765704632388818072,13023923651495791233092358250002333613738822330546503742146014341660
1408,1004410835862776298666558488715359383416327089414154520344313804852760,4024582345239661510875719981057524227003479807840883862507603580059260,6939001788556316209486026196086693338171450184265781130348360648220,13827870874582630785866753449985680527447311294742765480062380091636
1409,1067111101945395469675577718036266046761015538261225680648858508959080,4275811573985023402082496641598344833370681070914979857685409406506640,7367166203441523380185769453280646326618917870077135089975370670320,14681141124490432081987986803083235450155284972768491387599674592152
1410,1133701489008640769372533947366223702559632391746043148854661917327552,4542627544664172259323449865167479487688871904853147741226447502670944,7821588629609181833314075702584677450342337868975145807799833360736,15586741933786966034176563028314047950989570864071888363232269716924
1411,1204421877222644847645235945741958675706240005899618103495235535503692,4825991378446782212226789623124639690552564034222811759868395867928096,8303869556202821645845840156804987727604010624339345887453725913328,16547863103461095662386534388025548545501295431496135100910269092848
1412,1279526848370096157507598323337651146205746181700869521817709472276516,5126923099911121035742281463627328620226498011713884465426629834619052,8815706430736405711888170276724035403513284910406378155791945512988,17567887681728870612152082545528726810241848121408686916285601433804
1413,1359286581369626842190693651688541367320361976152647353652850893742136,5446505224975569141094553440473475462248636468917158619300275204352964,9358899497061772331778833719309992967188564306569204688871629384420,18650403600109281836780136343457912348204479712201448315411403042956
1414,1443987802015797837662718089089866247480848662598312338634666333422908,5785886566045896139853490047560340508844016116174356085497688891488184,9935357982704789202617691200875518920621465781106730959023557796552,19799216005878893406664630240718204573241190053923312323768317401308
1415,1533934790198049998348023925423372552433638223674658295033426223485340,6146286267448550645473856878862820005056639191408181982111390841505888,10547106656350652081761177169329795322086296709548801977685947564528,21018360332327506861430224215614449617243427976628430416288262882484
1416,1629450448056100949168601110648266448186252255854015286807207833462673,6528998085001891059852634323140958562786531358599398345208318233344237,11196292777487263178229880547892770041522335183337197979486899493545,22312116150685908758410612975659061517269091957390466483225441820645
1417,1730877432735976177461089697902536292776443215761567738791374256357154,6935394924405421021462796577784507897845541907099413628549529486131700,11885193461516311618437786174362726739769044053142673384032460703084,23685021850189547231384810365410777329118381308798920244283860949114
1418,1838579357629854824747685968061168075335732137382803500379582308196232,7366933654004438065920813937842325265913959592106492531546391811716488,12616223485018766930070065597652964571031042575278530028062578931560,25141890195487082847855105414268033009407136507063619655651072797325
1419,1952942066214911179644971521991841917883593336827339981274201144525956,7825160208416964165488117614671431673428748003796829099345902255923360,13391943557319446908231526704064001894374656487469174249097677819536,26687824813509055109286316771289039446370726683257664802648118622084
1420,2074374982852110054774913293393033489030852987840827443106997068014347,8311715000494479071926130142127159694477740449479423901842707375814331,14215069086038852826476968555025738354328498116114129414719103756943,28328237664988806870708850626621613534204033992258234697294675684099
1421,2203312545166281169089403212581770034424005647299392973776646921787160,8828338660131079247212460043141301597161648103067904093298436848093360,15088479465954570854847192814221459465625513870332198191849160944720,30068867559085268848317373558413881634915207905885388958924352388058
1422,2340215722904615169414320450185510670617470092807013563882079472439772,9376878119540685179080168524520532362076614041056819028340538854685704,16015227922224501422886723778489679606733669828764772812220964926616,31915799773005756581378580365088862231058284400434743586372534313315
1423,2485573628462903309627666942690322561672548208992248374340128617322948,9959293065792468825545887841714690697211215882517956751394012520922048,16998551940855587035220070953400450521023046548963254033498051630256,33875486842177714598010835814927570219635903472222788011371659644000
1424,2639905224578348785048609583958512209941502370060411976732420532352946,10577662782634635616710318752224776998509082200580722602848416789694610,18041884321240476515880416390728158743072720339074695918734660282826,35954770590383144698711593315927966163264476601628128400930602536218
1425,2803761135015631552605798129904212130362218680346917950971281110144422,11234193404950163155597914206347463124797785476774723544617089930209224,19148864887636945174721686730614603348910755387051740731965489631536,38160905473360747723164543612599824990836958131235090314268871742052
1426,2977725564420191243639827250922916891006199692019221026648474807904632,11931225610579402478132468072469147412388666404250869425179450882175216,20323352898637503573159068777479848363867636173985318585551650556688,40501583313711783646958411998998161302177651282144938793687811451378
1427,3162418333880548899357145932745845603950316916400928306099143372606894,12671242775718172070586211298040872242876456400476853723128378347060800,21569440195976473157627567057489827075188734873140498731804856633224,42984959509530269919189359450040542896909068749838417386566512919592
1428,3358497039131129132255734855970457045405009756897537544542851112656877,13456879621660972819959705502274197598610689564819251690887737421964857,22891465136456290936766078392369416990650537229101512716332971337349,45619680804031156919750978661600525246443168116413669810431610018473
1429,3566659338739752242046808249010050301796801156333411688990096699057028,14290931382312360730175289481431034794752682773315352858543332057341436,24294027353351761988056485390833587565478147981706102582945261113324,48414914708587160842089774923511840407760044153703199896235560472522
1430,3787645380061098116276879980541179721496628459005690385862789925013282,15176363523640771160501307236452088204532025398445357372056432336559576,25782003396378695393787314287369318545511562422595828605272636506448,51380380677022520110433775864216213637349416633903345857505643841561
1431,4022240371200437134191900094979079492531672400218006440395884353181752,16116322048103949139660101284220697857327411583930770209261982150914112,27360563302200602892500904304379887200721983058744447678444738187104,54526383134767548832776292747556243016043560355408323692449535136396
1432,4271277307722298478135154065526076895739532326076331897143936597600312,17114144419039697096001482021573520989397336016235515078708272525644588,29035188150503183460865759469213406439206711930187490132526135243340,57863846472569977182586689584213479274538246819332032240740560375940
1433,4535639863358112832896740765033442396577044095167817860788291095738800,18173371142096352301982307872142214012301596025590605834397308967080212,30811688663900970395344812008444425993419644919334391244144584125012,61404352120907249639445113215869890834335577050345886242746066705148
1434,4816265454516928058721872096387606499249931118001466837087059948676804,19297758042981076390899067219036804590339951224607480180808960300738172,32696224913364156011578833486378593340226752601612832460720506030956,65160177828068882935933496325897555134095189661783590722614892222336
1435,5114148488985856204535887089030216692470516344501552673241425643381536,20491289283137902025848593411736768430546348065021063533910311187710848,34695327194477207705045055615901660664282687014852840944608614184704,69144339272101546032766845805373262168041641396709006689699553314716
1436,5430343809823876615437295426117762083256410243529769769894782100394540,21758191157439182517951464160991167507232413125587185589372141677756348,36815918143676056202282456520119174206772151468106509793013276178188,73370634144454857153344556554435236479668220152538702360479603072824
1437,5765970346106012708860698440645683575854270758509672674839709227316028,23102946720591720486050785424006998805297022747438578743030335205026512,39065336167669650607991661424264501879939713399888043671498295762400,77853688851257475996450513761432221378544561285271098196363037224664
1438,6122214982866856931313922693278063455394623652634182468300949225136844,24530311291730975247072753192856975153198476788684203099891534531080548,41451360263547521817062419744721331619982178147473226687737630533172,82609007986716792922646505834145049836844419394231203203005798783872
1439,6500336663325201840282279170602182016597007601268119537015624504444008,26045328889612428772516304748769660286529827969757142178747780765318784,43982236311621411387188066360932220141797564684664030685282747542752,87653026742198764421583787062708785429897139827314721995046908184200
1440,6901670737247539485275375863648542868161010690134242474145937738931873,27653349653918018475336476151971426647414979087399994709577456807706473,46666704927860534234972697377255174770936326863024812993705851978981,93003166424136177376619847289081227553799936569913451973429808149453
1441,7327633570129950159441811823461662343354220786722315541109801899851052,29360048311487672652644585163667652794331611666728938894738602261958752,49514030967872014877337869821003420914728519839676730299394662554544,98677893264064474487937608494459786031481461686091654331469411864590
1442,7779727428748096686850886142744000337691428216754040120938813868053612,31171443749772153465273116048132341008105556380752425528766670458652632,52534034779766717869571477156339657339843513736265045011414986438184,104696780714826635320421872768462066857312134694542448866922742441601
1443,8259545659546509438047959457495143539191026478290774097652060003143584,33093919763494991021075481184364140537199535440538199390898378480876288,55737125308953268883643354383566380435429527375103000290138468301952,111080575438356743173834251767111315320034345762287228103639825529776
1444,8768778177314093219980467524945135373478090002590051350902610599355043,35134247044420310588122689178795318486598369965378582744157895876740643,59134335163937708200819079014776992686009955018377340547453479320471,117851267202482011244842858199378420304855465054609491127809373640699
1445,9309217282625987878235697904075337763764049768300398348907343835758082,37299606488262543666880906465786181403529805280714327427296855349190492,62737357758592153938114849484830348473606207512734031667480006158164,125032162916913511711009292559684967532600790495361329879442076585494
1446,9882763827625932628384017415845940441841841055956711400192266972878796,39597613897156843918142337398175855182794161360940670335967284119138540,66558586653113404606267734792093415426797137113824735198216227623356,132647965052067172503213645398810862332920764890598225531469297498199
1447,10491433750881678181939784485820410093727076771540582178895618702618104,42036346160749755802966473440206086509518220772221959030745613131086688,70611157223043075207335496924446134609913686059630315163138320614272,140724854698611633562705109640557547459703331054945786107900242000100
1448,11137365003272525981139420120252473134915663123097195845457559099912745,44624369003883391294099002685138109410899618225654935843195408614679773,74908990793287369541322204128216871236965733266152461365172215028793,149290579540723606308393202901791574657338042151688117671466471644937
1449,11822824888166734546063033128632862107565714317001841634812591256293854,47370766394049019166027708389200030689965261229344742554986530120648740,79466841382080981775575874668582259702403961337376015736165095473324,158374547031992380796176459129898377684245550256829899341326022375882
1450,12550217840521534869590028024188596409033935836229902128908194053675888,50285171707294450790271724788514568392669630634188123998936812103986776,84300345208311311911612691760182756533887289268515483304035889283224,168007923079803752315310695252616423638726401153574732159160477369069
1451,13322093670994300711062103463225428344120608039535459651830903981803184,53377800757101785896171551265053549974717347143644291061051107942372448,89426073124583051923137412151836598234914985502452453727492015159712,178223736561903481655810077224443879343347104612785618164013855047636
1452,14141156302694745363546925317090291997293040906229241390174842708445819,56659486796926869129039391236897633604638437636623366133596700444935027,94861586147887674851689968536465615466274011706400572897329611151751,189056990017748126968013495305102047873373983522908010431296664176907
1453,15010273029839857869601086450453604137730590134163905300173445459092968,60141717613629208970802843236694957412990389289362862883333371878780136,100625494269777492398497434880540862068028752707241682639590042408264,200544776877256608895612027953240178430861159760421677191078931282530
1454,15932484329300932461975184717985067155278962299976547688787656843519072,63836674835942291364455257343065684044963994660284746935920219696955408,106737518738561516554518471125415423848145460378556180769592322879120,212726405610742551888962106573402823621653718182387302850176384330163
1455,16911014257861075515964650285396132375957169229330572164746510991402732,67757275589461576033456951854605709135986729057397268333106871491255488,113218558017273969598350713021179632158052140074979674120827525644560,225643531206202275349280405169298459049129026190637344599803976124808
1456,17949281469937909090395489865101968831832516700376801859408191400096412,71917216637384687824953167053115252491699759842250051349987291886050808,120090757633051463371207592707377164369693040742843912354526285665160,239340294403827122494520686969518264690296387740261619693768600495240
1457,19050910892576086736250828822623126873413123098829318271354758253787954,76331021154450476123940599876924139099555600628885610312642526175020932,127377584146129178937284586431631605903108233568337227223493159869116,253863469142676507491217625299343252142810001782775945774813894174804
1458,20219746096684315925599131596896952789172365771679460970180697131046924,81014088290217233242670776730390884227623972285393655444667061253845392,135103903479969540274250342803073070934509198675811563944272729657696,269262618700968819742744029657858520212530869872486169369300789854336
1459,21459862405788846087268728647356589206341414316593213931696361440374828,85982745687023495233839657923847725146387914675208387298652682248079904,143296063868110884764743334421368321022257408835531571867236486580592,285590261039504872438704339990095790695570733306686721961085915410052
1460,22775580786007241444165340687656838088114480630714897855881434663690464,91254305127717178665013894585189754306480407224240830290630473102004364,151981983688212888352531834562401954022484701381238867104734447242508,302902043887421440005355467885188241328550159217711137992169859689948
1461,24171482563520552333541578036560021353125615336005243416539412189948616,96847121498551736279879869221159516450469165679131256174577493465376760,161191244469526945713557074919431037966704335110282508419844705582296,321256930140874183691737974627732983896265905857982891969229509447936
1462,25652425018547019947896449684336379309284342272399943620396069781093848,102780655263564762755410222630924564837836323636316155086986566639007656,170955189376682963824423893579047600698954546716380605402287514632264,340717394178468860664378773795286243378399502294473028462052810258500
1463,27223557907704969854496972613551157781224798200919782448346200195466772,109075538658310190986613078196583913732384699635409265448050918282850048,181307027490311568625187742379282607485506831730135654666117500982960,361349629732401755672502155894300507181218041908211448655278470211496
1464,28890340969705849138763713889772509792165549248423414128101688387095727,115753645823047064572949002070283511565471964524299235923070731007140751,192281944223668017894146511193472396809767530605579410663977458757843,383223769991445355133068308040248938538888889796860113955461080448311
1465,30658562472550257168609334799236010981791658976761074321025795114826688,122838167108435178473965560131079124852499147656764745342439167684928880,203917218234149799528220934135080925332511749720448058335987225622128,406414120651240314680634187096015453939918243575538944348623953497426
1466,32534358863820694939658247976830865330396750481766161394020662416447996,130353687800492245724338147362137347572380150134683796982469187243178116,216252345209465965705155454813886250793148207619151406386537577386132,430999406668953349356029170262609432853819345453542220661582880461107
1467,34524235589285597047492459893114348227501577277731340691723217278748576,138326271526072676434883637803082417043870864208720034824564050825739616,229329168930288244913798230625024133864555097794672057671181710745312,457063033523363460172903209886846751609711596117186202064844024312264
1468,36635089148861632501659087100633503668594244199230529388841099305667591,146783548615481091170925582760985884355268079368912630204324006442252599,243192020034561164289234358451869680891102571990512648959609219582235,484693363827984025496454516958397839906501086156357537665092033951483
1469,38874230463037555902536049541340806870938431028263709162871484049374588,155754809715083567649216182949502048547867137447986513926995509728207552,257887862933344039071984784138821064113413334931677275509573530709200,513984010194061742248655230612696881201842918881288342911547669441970
1470,41249409627156058628839190762325967371999162400987260553679284293038696,165271104959978413675537108818436554391921267841000665994252584042317932,273466451354179160180345769132684903924618237051623779535446870163148,545034145292369548030325680418341651455072313940268344585571028155427
1471,43768842135493860670098405990542301506480019823663302032927082138342442,175365349034991052349214427117073778579825113220035871611270205499443200,289980493015609668820803154904572553905033925382663479561876946073432,577948830117792647356392429702718343849714986021053549760547143014888
1472,46441236661889241034982534014829130754629111157981149800823407713296725,186072432471522658091438260690490118052725512610797578605555134916908669,307485823965693951508124631173595034209067978872979402261504063721769,612839361518967068546515274779115284996554011726501377267307960340201
1473,49275824488755710642942762247082737807078719131976093859094709438348844,197429339548171114927884184269577247517089443049913129991117635234919548,326041593148272356113135281246296288774566522008754554738797481524172,649823640116851094222090005670789991463531048353844391277570900545410
1474,52282390681706855657289915761310329129305037340851742389596939743386890,209475273184620855898299967696064903507832707000658386381224465115585880,345710457793433269140304650823586990612557637251416822836706142038320,689026559801284133969859847400526526379333511629705004544329562655453
1475,55471307112717728606556973241403140386164782545709449882912131664866778,222251787241134115690842634040236840147666812581739762413573963601256992,366558790263201264614741074624278603007682398901962881925436941789880,730580420063518822126882917684280649090841630336119642242668605004780
1476,58853567440780738245186891919136008264360280999857610824336281837076333,235802926660142991095565156360858685296150242284362357871131637936867361,388656897020038114817588684314652238709118284931914573786510588562029,774625362495615612179855976449908508649324121541219425208175849939257
1477,62440824165398034219621387781976556541457805960493341451104565291051438,250175375912016558950751664823220226421927100821356525999174399766538324,412079250424422072266113695314000256095876979383160194756138602332572,821309832864692450463986141739695977293428834371572670485087494060594
1478,66245427875008254984623673471742620417975623009967172655859621007225936,265418616234141692557685689970465617624676114981706963529980163751390280,436904734108672619190996083495135952773622941838272906541679722486536,870791070251565751747516684883850076972155623356269402763002155180993
1479,70280468819594734724807840634233988839497374181325288867919986447951616,281585092181096383229596040722806316223705403987122344038502813830988288,463216902717444330364678185870360865715907261821188566822868039181824,923235624829557064976325605095307396280274845064942977716886094746052
1480,74559820944287613928889759652492638669317763720389847513769120015877478,298730388034001515073290559393975639030430250254469709814840487717885210,491104256851059357731520784005084353159195372910319759764007654375298,978819905950441171784167918828624207695557261931985267815023807298914
1481,79098188528777845257636687758847973933087642190898186583703158881274776,316913414649207606767300611381443913188470790023385560530175337006573720,520660534096225736753860346052017456120221259792814195362701481474616,1037730762300959850315533316298951351315693501568484938997175401791588
1482,83911155585832292742374997009194466640424028459639704264324764028733688,336196607360409019719204443890566423304930077988699790329180680846209720,551985017079848749704455853788556743233964150140973271881624731274968,1100166095995321257893780521654235958418748196398379083670494550947490
1483,89015238181162913408445166009774908569852188472992443952309789568373076,356646135584187397666052882868895538175101855251797978228396127491673856,585182859535744032272218829795903895693101359828202419156969218181552,1166335512576964994944606469206604753712489297783958100210102805828136
1484,94427939846387859028855727454966327641284515715074172004688847451560106,378332124816982708204770542703879217091597581360635498062505897098991006,620365431431272089347632884013906526459518500338810043750507292750582,1236461009016932591869220856654564046323948845739331934894322961853014
1485,100167810266858350830687995945809180979825931018665375590099505880972190,401328891751694815380352556119832103896071449445489184748936187559213208,657650684261412057600572336595379976767725370827682388538164035324448,1310777701916796636864353580969207887978141976016166852320520852905052
1486,106254507436744200066786776210246692020341791007577135853110845717140748,425715193284658565938278136378497534780145609125328953726664823576271700,697163537681765671131031537510766698778445095020410314221440707708708,1389534598251643382343566842712544079600291594986082291298345556836290
1487,112708863485006539165411531552911453122647575282247671222845915569431772,451574490228745785528912439783422594539027946494205424953765464373404032,739036288719628867266313571776782048437645365214740062381802095676944,1472995411123469032708723146259628874808177689036702249372004780073840
1488,119552954387774291053492014915045911375674036870432185081499251822410266,478995226595970962203913350336077230099585415650674243946555902294694338,783409044873797989945290675893584596889268168945503620558895005053274,1561439423137957084366607147729575801675131787592347765689797124157974
1489,126810173795218780509002373370208350962832976511604687471396813965579682,508071125363364533719253087770129284311725704556309123886180805910083124,830430182489411683243594289295880460393798509890374000593550047764396,1655162400168394840338826881397418651582819749166060946834465694098480
1490,134505311214328482792693773882560072099946590588549198152414026536274520,538901501689188033632247448372301620626191693327496638917537492531961020,880256831874102461472352842061332226405330973299846307881386386862940,1754477558429928397654623168120282102325699865552635091731783006489110
1491,142664634803065295712442839468495164540638957030862772937122025915885450,571591594602967473866322205292537445667649338024080424322532790640826336,933055390706291016550847418556787505093509900629332574044686977284536,1859716587955940321080396318063488726991655925396270373638611486987420
1492,151315979046279408806984000991606434433855035753995495906433281952640597,606252918252493498253661777220853694867194546546503392113488271326946937,989002067375863025725773254427957131774403530521408487755143516384549,1971230735746584153264815008080424158087563825839182385960182577255285
1493,160488837599518874879217675022268843198645012434036295941780004651321832,643003633854067498334298069390349618194128278286833181492489380869967924,1048283455991998817427369301274245399548228550687997725369362264680596,2089391952047975693296720241179674127388523217906821588045628856900386
1494,170214461603542107598384710781606011947679878326062540196515407194651956,681968943559061303049134988793714439698591144610495767422939605325461564,1111097144892872655596145667290391907871631306245606636877976546853740,2214594103419804634200627233868898177529134583332796551449114912472653
1495,180525963789979326345860553486959952413649053404932641689209026167235240,723281507520514914444808888949543338615953479619479797814672053601596224,1177652360597609061366675001703528961357265999749231057835948932655264,2347254256459806680836980752464077412899468685321444461282223820641020
1496,191458428717248049228166401547492058048332393909231353933324291832588144,767081885518244801329922085634430924134265364669049867701489107148543020,1248170649252604417256479444462691940935789032124451968191939818190444,2487814036276275489439296529058686600949550040586039495084605270812136
1497,203049029495566883259861287384817886880010577068963188733756093196448808,813519004580009970490550179670607476147330157191981157339789842914916472,1322886597742437451105030131335928627287848916128402404765470129121240,2636741064035282275514897351288966494752907473361219751483682219426656
1498,215337151380793226977201183901122357971956782826850644240486934450014932,862750654119933373826205602498634420144809176845522597947564739253726064,1402048596760465917400866894144988256982045538120020985617001453666336,2794530478158234175027328791850391984414227130610150969474160572436140
1499,228364522638899790188450035083748035077286998046376296723996506595039804,914944010203865384058880708382092217173393725809636799287334735114787808,1485919648266223305080568047100076864245733624131612391348708734628592,2961706544008606897019683055430853031105529310572760731995099522252152
1500,242175353106271510531817679699600440174204682506852313918094264583950418,970276190644982336990950882307985338942031286764672087160381562290286910,1574778219896294863680163509583578245212556737262831488004503954485238,3138824357184942699395068042435324740053011990921086533276831314437358
1501,256816480895721940251880698459244489707928100996182960487652505725368384,1028934842731930656781166083573065772105504563411392346610895088410735504,1668919149042895773643289736087813273792159426660504660285065509261968,3326471645831366858145027339187311394835715691684971577466698944949492
1502,272337527724274118962749788911985483714907720387622334390078638507424968,1091118765496566825112113683453847816775309405405649959977001859565554708,1768654599470349261114527805905881915678523855160622416687305535854836,3525270677687848540732398615701611506331565347537353915593245034370610
1503,288791063366407403987717955202987736649805403881089435256999158707334744,1157038568539134163805013391200897352601542005728702622408424297380201472,1874315073504547854141570388946406002320390204344881380427662550862496,3735880277931170361952107866267491156427758328795049065315666659827560
1504,306232779765725450881905779550647311280879750365041470643880491662554685,1226917369545906586355347605782610788667637922261845271109117769323859225,1986250483004782827724487580021543544118920801679388533595802673640485,3958997964205083857434506834663900239863316210089986269271034129010989
1505,324721675368943227674537915070014832746526085873698841256551826373593868,1300991532758284490488648497928671532374843177999863051763103744861738340,2104831282511579790496837648612201388738834505067686736896439367362868,4195362205605481582966677564347307641109339204875131953292503594221362
1506,344320250278819546037165248729695219705497207062905698167337951883655160,1379511450783437131248088371688161654467296379886520551892501342457785536,2230449668158947099427376769380775645307551634897759223149534923164896,4445754812774736626138981613429378385247946148639719475411622058168081
1507,365094712857278570911349937921859189418556773175272266131670437537443344,1462742372275259608635046494916488204377090757428569163604160041153710240,2363520846145324989646743229051446702863664727480099077478291003936864,4711003466669836627518249468836427817341175655391111582261101099877508
1508,387115198446577441859141426028441402090715829791329265161054514688344563,1550965278161084914702522615318854690369651055845793682141186595193964923,2504484374775147265956911205089082006787736680476621496968536440586671,4991984394002828680517997174039936082765920875175906825367855344329979
1509,410456000915101995530926000190868876723210429039437957980714781228526784,1644477809244720942075883193576397794043562924339209474451183179359711872,2653805584312959952179192812922287150721208181457642528324054445604736,5289625197810721305884457855176617681351570076191273772970030125492266
1510,435195817775329636540109414006109365391194704891304721506045616997562068,1743595248180453731958062255486063683558696316629964766385989166303309920,2811977079135185797624599461626221993917497064745880361806698313061648,5604907852096762508818483652122785841221523797339499624809402777851099
1511,461418009664815577257684853718498782026284804782856027826231515221767320,1848651558986183932025949232916693915245779930539007921845768281151870240,2979520326921622995209818042698787140640711407583810540842220264800960,5938871869997410185707915520964342171950221618287863524973127904962272
1512,489210875026871156034940909499801206799210646398409630075323503358070057,1960000487447385029867020496886591703861932265590690081666624470738401789,3156987339900405727256858887386876665089679997051561365330457306121561,6292617655470897773184286539267556929068721142639004361077074737971229
1513,518667940876053648127172521145171327885904332020794461372102461220143336,2078016725957661854785286717804189261381806000465602767730343764378027088,3344962453447262276596633223503949838188672382424922241933919497453744,6667310049075727077194956947699768903721399823230526242863104053093750
1514,549888270584826939589159518133290717654975554841462278073891718096856364,2203097146546951117506855428827462515349581668209832460560686549715074908,3544064207643359150217356294299644729679448843983348265119677327649452,7064182079012437803302490105675696447901932869317006766623491697422521
1515,582976789681941273020064145943491323680335574967901097779760283833071364,2335662106065481834055044069896362389740038093252737122168393916017854688,3754947337716741974787486122397095018695793381132731049352780685569232,7484538929241453826619930045626620422680757298674968777364580965731960
1516,618044630710386708891803739481429691812539676448129540326801769956267218,2476156827721178188463672702970384299748720449968944061595780662726284814,3978304879631352896457745044665532498561744176425900288573582901215942,7929762137165637860439992005122035618225931673302277819679380405650346
1517,655209498253377286915774531255262875470011346034541249318636800705284016,2625052863410954999528130955422264233296214799474130374355669906523220280,4214870397445851865032830401212731416169415335965377081122703702084216,8401314034080456655829619377858023538811992788979373332502497088505340
1518,694596055300909566673057979285543587569793542775695862722059776362354424,2782849641543081352238756510867415150826773756762147037573747018789727452,4465420339443085546524593725240800547599585659363586685507913340309756,8900742442349541646167302993270983983064607782830350458187868469571706
1519,736336332197209435404863389310212148469008239165336658123540768147403304,2950076105319268925621042931898402633293683143488590466536809106657087840,4730776530431184001589374657554039417650186827243834042646034067474624,9429685644061220671660865585836564936350429438426765744984975600853216
1520,780570159481045270254142235901633197168638943519013713066659554411257684,3127292446732221218716000239673099032983189189836572717704621598011575180,5011808808040137699431296066566244308633415760517865437983380366544444,9989877636764719712670886743708917222596659621538822204750403487126952
1521,827445626006666165463650761509360688587376452635616034945773133519244856,3315091941837949262080919351909115070714040115426350149294957907744074000,5309437811284600226316305871672316364534304883886009511865373667094576,10583153692775750269961804461319638041344879241795180422523818378011480
1522,877119563813256046655357157913167388274575613966862966735967771661039780,3514102893183160118260009607454835960024689335908032938666979633206610256,5624637930135931638580975802166406926386880040581071723108546562451136,11211456239482812814171143309704851579798294891905357781685415730037436
1523,929758061295526503533314949511710252631505733224381201978418203140449520,3724990685607451590530413283969430233011276935189640070768002056575254976,5958440425345576397153485922589222485254002292115262854329244013456896,11876841079080616091313420968873383675938378799924342729000697906108464
1524,985537006317665586110643409839725449223359839586955029833881037994983693,3948459961998951615643678397070961175165252267269647594001723913201789129,6311936728289271201104757712059378271812908921827474666199761221854357,12581483967208552842861436586936669167387732798400391132699433257889433
1525,1044642661007594027958031110138336672867699950694982986495883082759298408,4185256925961535011528530610985264050161991382060389331276775660754308768,6686281931158899696406170431917358691191579280457385293243329717115136,13327687571083370771587100812771932842763782710734214041329890925985486
1526,1107272270068647516273300711124602537351087350620097056291293830778467864,4436171778753007805573604216909333303080022529493481300292378672595733732,7082698478417740480401372410923153675673127013093075127203349481862276,14117888828889398160221392009766377921292032642350231740551264288905325
1527,1173634704551713476335960287627385298448978499636221080013073226035721280,4702041298277911079524054978202559577582215550908778761497736876896697248,7502480071057174180213827693018383786301552363894441445443972753812128,14954666733430479905377155369157021584161873982205492189755192459538552
1528,1243951143142830687832437744792374988862574448351701276544205508830393679,4983751568367173258006579409583686586985729043256502369648716001462385507,7946995795850506676828430414186631535431249849697263471893966140810791,15840750564358904532073670087900734901320470932426146945620920264724743
1529,1318455793139655759798573677219542227530505021866806487466276584332907168,5282240867051117455454151436490505965620491113391303788289533438153322708,8417694492494416259856727612337055498471025924077838424427100821694036,16779028594682018965047595525692369231248577787077810489838312125248942
1530,1397396653415377507967602344188675547328876940403040813784400460851500424,5598502723033772773322153626839349769450733888036373490291717283393612192,8916109372262741451744250084647580135226126424210235154115439987610496,17772557298711120420430163442024425195480704510268283361366408549352283
1531,1481036321801004746121078758500186857162449549898924415099313551082928464,5933589150106592094276856572716835063026458515159759414773330642688912256,9443862902573109792541538716087634376660315564061754376076438357198400,18824571090164003086700755528641489745481852478316222479429514055010580
1532,1569652849456872924203808570116997873699816360818458315250277306686354988,6288614069800178303282084164863867570148823810580404191905308961461868040,10002671972686606466849884395876075349558367306570930904199734716448088,19938492620766888050524646269547213546640668297258852650364959477655720
1533,1663540644952141512931320595704525018823095759002090314570805727431936666,6664756933165192818435521212946833781749043198635427089870431708974427176,10594353356626766710238830128733706456660162627065831587208799246680512,21117943671428306148209455935933704477854092634378120833144428739603352
1534,1763011430927442528801024293264201573083138966622931727993784451220604836,7063266553200089372360375267279140681613733952104065474957820658640636720,11220829490319257156278094222334389281178085612338562982682853758217376,22366756669882038771417006249340688264471365413615487122266202153650408
1535,1868395256381172356953314997226683962401186153032318480644409621488769518,7485465160105609872160958109228316712821721967759197549468352310168161280,11884134580920444347698120321580863216977355629923626890713824213083208,23688986870623945875728787616869131343297262186493689423142701861315016
1536,1980041567794702513550899034814550254579531036146149738845203056459784148,7932752692246134597494316806548298106718583991598498701064441919875553620,12586421067324543290720667290097088400459847013899745683629694036417028,25088925235004225532775855370805362688874008184169077085557958179867780
1537,2098320342496557384226358516575377836563908546788580414079564668176177524,8406611336438147804490205953436308774370711044405442690881104370006848300,13329966451918267584771887134797428115076857251121034562845697302138204,26571112051488481662530449568029273755265028967642838220572840423902340
1538,2223623287860935824213020577508406369333126500183918595665564204532286652,8908610331968535406256028332902167291893623860412569378528635138115927192,14117180524792109403946022868541814561117859676894995866378319986780584,28140351338374394769933232577847849870785763200182697830868317977784212
1539,2356365110142438411228426391414171842276994503419963316088810838484686022,9440411053572575632676032378359711313712416641061892790721600156704385216,14950613002821987762326812703023944604438627382039526366356802765641128,29801726073652624654181665991685504295879964642196724545434250479379132
1540,2496984856967136565273303973075066590034090186983011841920831547545885145,10003772389475853894768917109615242828784281580903125796721555023795011905,15832961607307633675701217314976468647920832971078429038228833611471325,31560614299238035672880685797987493253072159191909593806989848502168665
1541,2645947337730852911416432650014368187695645619306977015931842369765550237,10600556431528610195229682347773097479742215697415616375089357815855155044,16767080605198549563951747715624728959633220187708311361988336792954096,33422706149478038367880506902323135886069176671257572367847924969516450
1542,2803744626399421150433538142584128784002539092385353541374041680442270472,11232734495438043320903116548460200316705924999526104629442507286001077308,17755989840358719168963978123685180695768629984690463946340564231995420,35394021856676825212668962529248186005775185597997675985346678085779125
1543,2970897651463505191797324210037985093083608402862586262011151491743526080,11902393490136842477175614654083795849716620910301097744005806706999843232,18802884282821709986317813931855477382187298850752695961200740025738912,37480930789366030599063904936492696046986608664504860210149950852843660
1544,3147957878073070390941458904133097763323736039545920012961984984221006648,12611742656417854460510033618709416015146649455908596173037169409713292216,19911144125572896744198002177024961851705297724916121189229472829265624,39690171582212827061920859002024632419332634832505314468063281714683060
1545,3335509087664647899846201615561305382270161050100751595000199960719484876,13363120696118661585804627148340278759749266252752808767281918235831057024,21084345460069986419820686095057230668622052349802387281118392953117520,42028873419795141960174565005242579172588251236714165213386123404315824
1546,3534169260698996847237582944826170628120050880954567446858541821675244992,14159003314359469240705869610921248035765256327180356630803517251278775500,22326271563481851755537831616565523285052803362086843369349964577795532,44504578540000529606648932950106531413373277583335269276850189329953668
1547,3744592568448578383540695081640794658210576280559223745061935051737692880,15002011198626807703621031221976320040589564592433980240758176494249387776,23640924832494169458250895413141407747259470197085260510436287298616256,47125266026530808013919148474102728808318190826075746433060227522893800
1548,3967471480114393017943539156015776777233104681855789100175660753197417262,15894918459858076165852486557551002836817561144544213234041224553237660162,25032539400504094078329933487895727885142417121056833338581540447991114,49899376963929999316293724519610791403688286856609383328388816017660110
1549,4203538991911235926554139692358236643835948990564357463127523880136913164,16840661562122054778950334124448813074828284730358038076016320472643003404,26505594477111072733775355015866499484488768100608223506224952095350748,52835841032710150866392231323127441782727033703591848692047860417070856
1550,4453570985140390229357099439821080826379990754608619655098132450256569664,17842348769012574058706601919452837450294000883190829862912965964359356304,28064828451013141278204160168514144774037864756351242520436163333077648,55944104626540666658420228106214137454992567018966944921549572311009658
1551,4718388720670363518594229660335005444133529297591063296819974753536823704,18903270136481198281794891098187696118174539537571247381701373070176660256,29715253799744207417972456847674341640422347206994194421474056029365440,59234160578104943332021383730834292414822501547625731891761614100951052
1552,4998861477670701214528061997984405078518792092778346150128469677473750130,20026908083534949712454876920543521533621487933250480234184041002183249602,31462172852144854342628928605901219546319562137095633670162292288249082,62716579585127207571696643620966747566409741298815333694260826189285394
1553,5295909344892473455362830213226303781574655788650578523794454653696059152,21216948574021948230458955223540942573358055147103329261383506952626815456,33311194452054409007634370635727447059431992501015166205688337842578848,66402543433247087344092480641595624289618818173616174716798018436976508
1554,5610506173263094658657953319072182738929745692285648891810147799196355132,22477292944626831773309576966216169843436862654958492153621030992217758400,35268251574453138677763689927438887717879885815896586380439795432337872,70303880117885024846543439677806230342240294002313865038058089147377090
1555,5943682699064137777519243385656405089288735256828006869974723842830440486,23812070416204729733677403664043043127738306441707546612735941768583396352,37339619948178623600430121417422770583365414395519132837046397261634408,74433100973014417517204955151646014222636278893891566877386736774695008
1556,6296529847490270751057048578196222590758004521512645092510984633204337515,25225651327703481216112300833896661303506729450038679365197392650202877079,39531937742398211884106521111770940474711363988098995153454117385527019,78803439920853522067070472026744891466979221582078293346540105253842775
1557,6670202226946978353098890038825757483434567807428447041807625410767196260,26722661134165162494658523309134126425977872573871266772228267603580821836,41852226377249082262963153831096492239601344157478604997765960512036796,83428894962929796111325305383846946702720115501454654569424071758464030
1558,7065921825036036492385730177595107308297084356619487026750832222474686200,28307995212666614383153481532483058169719383893533495604932507349693576776,44307912522468413610560822102628936531046467055547497929178459794831976,88324272039770609948735748111466621270368195829641425673364792734810183
1559,7484981917802571246705006719684774167373003680033281251538831064854825380,29986834522561723598410254795204710547051492068736307697627592397634585088,46906851351438611590227916465613877559477348603182691472268138215283568,93505231393657326761815039372720633590596855540583259990845301828253372
1560,7928751204477855396819568322220558761763608246620914426672598858709575623,31764662169033298746735516516021330973840350463719368513464546712971018359,49657351121877159457243227139095926785917477235710806774151278132715867,98988336576465933068488458094968049456750219780248723141869267395424959
1561,8398678180649771092199079735975984066194934576298889347118240038483850512,33647280921757503090320910138750584061243628012780376295427180877522700664,52568199158418721524591194846647796463889707584818906954220723587298616,104791106252629195260131901912632660614419154077946966125679849215249034
1562,8896295763530210839285955436141964445377236724813143110515784691862492568,35640831743437423896803140344378888371372338507573253253255242186801574056,55648689316580539659318599811030589863391608320680811192103419351603784,110932068955716462896836582899051222725432945731869175865427144727191087
1563,9423226183767831001062621889038488054408769098689276181891275314747013980,37751813386083407495364136079509126131523343824231408897617078865490149952,58908651012083491113648523355173913888267429474304170051977606502094032,117430820966062792078765529501933450022294821865278686533775369409702504
1564,9981186159077868220098327734682440099445618930478253764838562527670107820,39987103116215706562767530930108921581145331175597299389770893922915143458,62358479904233682374219991379161183362855453684284330416643812234712178,124308087486315468842399115469557689470982034707734847791978378736417610
1565,10571992365830667419829390593814417930877548533495061450924652911850687584,42353978633649736815247677043661484101258644876110975365466938527897733144,66009170327067135930114668403812377748450742130729561768326880494982808,131585787301731185076751262952767070491326349147785483542229547557596180
1566,11197567225659777456566246602156798629449962240504733765179722345282952140,44860141252206347584115634448521080150723445412563325669094325082173765764,69872349567237757850648039893885632923596450544390608375435701041957204,139287101122580516387811291307033529351486835938674327931341949293442934
1567,11859945025121721367705828534639992082258734371331524662859567484557592262,47513740414580087415846660367989661848588227597412163568987767278727242240,73960314093201945023346229429693519553290112086064917549497340496873192,147436543817129062863068514608985648399981648396487596266055642277443856
1568,12561278387465772085707265295767383131505272232149939347910536468205343671,50323399617709226699179556830835503765057363036050203574756824240213538103,78286067846138356350495647765971239036274107450446183114678367392163419,156060040755399451601870543377260218604353253789202105875614764932819387
1569,13303845116656355019340689369074226788230793449184074593728150786662646076,53298243829334675974874048543582843530002276107586974726800926703357083596,82863362709255897511291067285936377079102310850676351888323556706499292,165185008496309992361595249901497848475777632898731146275045501657249630
1570,14090055434936322684850818715460855109296281100837553001836908251257801764,56447928481023995919825221718791613549848011763856537683552545432572508424,87706741278705180421946856948193112662887360506325676204912427541301368,174840440063870669256681462461430254900822584732791804707516266071879335
1571,14922459636429752954189860064410380188068386968324020312719230623144407390,59782670127785249773241895771723420970618020547272791208987981314613181600,92831582066237956482455514081900218344472673976709958111058822035552040,185056995071933908465500877723037400924273127146690568683817152825248348
1572,15803756180561753703354290334770195551094720281493090086960394277027847554,63313278869518090510342545024818806660037698188624571156580939246102190018,98254147271075696925383685738024455658817062652210808739362137990799802,195867094971586883683975200163578268649668857935526422157522049448335242
1573,16736800250423858515583367263449954557045454301117786021793361551353554264,67051192634961608204693897103619747852994057335781527964245259623239365004,103991633266174142360428049819929624812240131310383877071813417825147948,207305023710676957250702825705555503536681505805176860071362445648166568
1574,17724612802641031358112769134638018096237232047142763896033905043315231788,71008513434516353428144933022640792234743902802825274599085778014326588784,110062223952227995693856484088719849794974614254219014950157841065661632,219407034111227529099683840220103188793486319886789827176198013950048794
1575,18770390136804350396260491221047233775437879734602801575866843806563861136,75198045694358774557688888407652212107163227687861083692406081545101579776,116485147141372972646923523463277005411708749449877388938706318846135232,232211460287675906092919465990375490669479417992062458479785139687767212
1576,19877514014126639376655674882887299795618231670531082542101122378178173511,79633336790648193968271663167092063851379180369276881068455002405545550347,123280734141636461648963635542864668906253687152550900050512892832856303,245758836446998281038819374428431871796627796379988282728617329668979579
1577,21049562356661439093225027648202829619889675812728990969272438022710345878,84328719909368546160047409826319417685018373275332065521444673327228558148,130470482722789787147299233508099205459670024416101644354921236387174636,260092022430932781192971899787502089423240224639387076940750061239037230
1578,22290320560203807915181630997570780772398655417068681708627478576249379840,89299359364469624359693213888423571654768004169106419314569326087347219740,138077123654392698966689898140448565173382500831692480059411782349700380,275256336380726007870057402876800136110437987719169340134981838435653791
1579,23603793455869837359581418527505440085176418183796941548595516641117100816,94561298514496873400531431225980004222347515426782629670936814903055056128,146124691017523962205757115958243881641842691594863476554748338586652864,291299694926170841192413275452278597829880363901856563242836055589174796
1580,24994217957336091591120208578032689182740362619969227580049710832193251775,100131510425847358539374280376506241167808631046661254684915953415058251523,154638596502992174893446064375484436847180566784344364717110086285244423,308272761323236098004631812969804377881604362202414657611649696295359007
1581,26466076432816367576155130640323498216943822195909545462457617272736773236,106027951439186221607161935724868446502848622029699365956622600413380060688,163645707920751302541413163574453635073333246061184106792131322432967744,326229101988377928944806197835968389578875363159486257727508486318613770
1582,28024110843067495534190324217050817154054624870820869751426845193723152184,112269617804427822960466977347252737498894527519500353049970217151660540032,173174432157840823705680479049468882676028036216874044262836376767931296,345225351902738285517386274022085661005914506762875821640969739958670179
1583,29673337689054976877093485815886340489864968342536042558968320629823599764,118876605559055375196652401406038078575819963444458485817613354581905773216,183254802835467688278458142492716616360090074314315581740072062611374160,365321389385950882880382436401050080879530435157145674295520691964753840
1584,31419063815380077356077068527589487589076444571612206445290525358979604471,125870173834450194815563255998737803616096494665970224406393060560503583787,193918572929885391254981888379853259790716379521398625230959124585165903,386580520767267382725430533914383963351095296553605821136568548352577387
1585,33266903118179934222876031046806604292975635711082988830681815104782263524,133272811785356282283966009088430367170259663252938475382115613920174834648,205199312636545392461884901203949998357120408606520059388353501045780552,409069675511267849491898496992838513886637365456512386942847381073440290
1586,35222794208969086204318225442505677614488159830184352530971550680700533340,141108309348648985977639758974258017621469040015081967223463361574167692632,217132512772641160366857204235307163516400694344557099577158851365559272,432859612386616225270996796135086897046208175175240865625194294321607123
1587,37293019088802815854881807940375560713914967264492815886074095155680153262,149401832049240944381936732276445521314311551423266434500262624757332471936,229755694029680962409500514943278458651682365295170955966244134611858888,458025137299254710623223416359853241633134646040975435451515529171921320
1588,39484222890218484765088507387028502127627414972014555079095140368151380688,158180000083279099416558011110311930239193448248821853762409901282546686432,243108522405160356203981562197921728683788360763633446029339809941163680,484645333446196630324305531678905232039385417370951985348013342049435192
1589,41803434747659805361529521608009951811077064615576335800814355542952691698,167470971921800031444184490299560444775706183241448239689558467393827608604,257232931160809998066403867520637531397924779142896486301045222016841812,512803804482776993005200355382105611630838167070966665001289586066707676
1590,44258089860520400360550441530868925505268529222870423624484052172808042012,177304532691755923959190116017568457911478152013550926556764357055014659712,272173249674322516988349894092755890404035122069232058828148363782491664,542588931434960487379146528759498599259233779476300940057323549906128936
1591,46856052816567261756246048913309446069197515457261028190862558859902445216,187712187605841017417513060896178508413823761992394468801225830589232273856,287976339571970392528865242940724137033700163350356037775595149622492992,574094144129200943317319160602037366573641206740855377255583873030563036
1592,49605642247332612381791828500861564322317795287278286481812581805077546013,198727260727881624251441880500477726367417679017667822120970896788052493573,304691738551174724274566497031469078146497868554676193720569567742309521,607418207955513375605874725689167451248307046429811075283592664602605573
1593,52515656891105570208202680727346831788514920879293815818616947121716936080,210384999376747216302560157133689822820315245836377714788081975108971860088,322371812324935469749434224302495666255562319202451513614186622104115768,642665526824985217189457028912878499303649793436539347366012122099146798
1594,55595403143424926122103499607685146429391392412278145539763301810159497652,222722684488843858086965608469032258281924580748419584574465822462083336488,341071915144153598551610038291672564359011099307002415412615221445345880,679946463231049733287174702130339008711768093331977119272769032192109885
1595,58854724179483944194815234639731960080231952196100800264483110207798563268,235779747277315111533346057103416762182845327148205282737587761899980497344,360850559379334754085118544488921861917518363802081679655321068786244272,719377676374611661974997299042068439311411487743828376738092084785684456
1596,62304030737620757227349638590599338982991421453094511550165853035739991777,249597892545153065279699395215477024428518721215422407422636044301341393465,381769594670036370300840853079668496553035403044361221972632158381426357,761082479366700299972889477675758344752647667431426521926342963463735265
1597,65954333658097779839047175377916719194068182660662633819178486284123557002,264221229029569903114174354667191678988119305773014524207841862673625425840,403894397178783757985653155524802211846575130363988931127917537131197832,805191216578884088121621339654392313927190490374992100157535970923136254
1598,69817278276685500136376560106905205985871749133056743154299304353500218932,279696407176258118277870239485818760129723053710076868482239520339669788856,427294069516117732363999058197936186236057177849895865042302925668913128,851841662271377329220925366912426582003163379470227489191839293760330641
1599,73905180778175769205202681764583693062938886230545727745727434666453159210,296072764764638110514897720953634712376090325967049750760487211089727305184,452041651935033694086993895299940124334781044866839777577472423914668344,901179441691777073331596649188871104763524319910538003850033084013153312
1600,78231066620873887626705060001124825026502316525896814935628928104205537742,313402480828921971759081347391386803815525653833448841485924504711818670358,478214345426421252261107386887503709516387729861581743408792294996519390,953358475903869007156144969936139193068055609426208447189602872033848846
1601,82808711149374912477391342847240440649417391447591644928393432313313391092,331740738344881960973542831103392236546985088718167181376621071964690297008,505893747382311063977459714430473949315522927800601663047342711436732640,1008541451676127970277857274253341292024107018319249165259273630780261476
1602,87652682519536170348920763709909665043063110798231832169185778177037111184,351145896178675564821943185652652416473468954799564859436634573031338438644,535166100530883426260130813013756301216511606637530759891460323189993908,1066900317833614633938870837254747195024431196679338169316933813776514986
1603,92778387066534479780036647574371019596037392528835985145724872232796519804,371679670822024317861970796789097908498551317206401409175718995618439337664,566122555886398741824206491613830114401747091057468592819506687253258448,1128616809555149191627256587185312098598496325438871679070921520452757384
1604,98202117254263658978853159970667404995772795587748189287197198222575102829,393407328467553222539385156874208826414771858050137275272057135171303177781,598859450498586623972516991539206431680675699144518123268342281002766465,1193883002180151637386748948665425891138178436899316357253716965762941097
1605,103941102352107261076232553428042274128197234791306711519194951718859999696,416397888009258741954440534466075783375373937943859451700738966271868438796,633478600829697649510320753906686862584998778632605623959159396428440012,1262901896176614737641017506756039044381539049986310332343691547701420898
1606,110013561993336081812356448753970181069811591762895085685679970190678014900,440724335585977832946961849361389405670490520494802215860690537656344541432,670087612633505697536054345508681391244153443221873117970656893632481832,1335888035013571577465937303446665334514502657220587731269740283910841621
1607,116438762778054035328350708569178943297436429907153614822029332927416699120,466463851320475323726537954947486042349883272391750216724631526864396991424,708800208259182413135120670770269160137552763135757436514195154730194944,1413068157778399787054790690783014384276169346005236703989417823576347356
1608,123237078092775043644716003253121966036996318025866901816156994110292093505,493698048943454463450492016829687333963069441674631842883661116474948457637,749736572354288871628003817199469815084169571164235619033140033780083617,1494681888481648944377956296104654933793417385933625295088600402499016221
1609,130430051328384598367524287245056929920631798146787796052355788660890660180,522513229030533684396852181788470575968417103443432495383656868329699993060,793023716995290926755032808242856285889910856281311174233713686137352340,1580982464100081222406103076581950392161492485919026340966162244200069210
1610,138040462688451083641598497128041060678746273167335041689627043582895168446,553000646621135494596746593906016754913735207931876824234246178018812034992,838795867331160030352605393852512198750115262536657475738003687231361208,1672237503522589253534247158762936939970442719643676350593557834360506509
1611,146092399790633824327559643892841948426509229268696621478044442899774078396,585256794031421232376812130853820290703236435897158651778965300537143125728,887194868885935066573555282452496997199518822372165866787528938046812144,1768729819683927580171124830257356844183123476837498694129812829219048804
1612,154611332275318828675578283569016514602938744219264615852570760461403671629,619383699719005081200921149764880668401110683106551570989206563310954768113,938370617729766498608015488814609989355706229493107578923521465340081597,1870758277298111044043481963256841908373019244111091665522140255480551649
1613,163624190647632766289344410714342702536633762259262517116043800088176688510,655489244105326190067532505435969191891058614323953554230413553738899682580,992481514795124910154862578598381744523565286903485766238353386192928540,1978638698737260042502336760028145792073684008009064030965727654133272082
1614,173159449591676141939870208268821151071077079824284909806056991555685461280,693687493312390292624060841484780122645429367688686060509096710549587565704,1049694945685724864580008409495518361121048391546421284868744326845720584,2092704820742993689916980377722407264422822147330523037476166382742968657
1615,183247216009215123309923492997136784303063689922981997063697938204285594114,734099051824260988708430890776930082655814173505855207197841705551025745312,1110187787400495468736918788382945443559413813927218943049952733883368856,2213309304806593527841713243339029256014052452436640410061838190750296484
1616,193919322049217339912426876275446017719100035979769297457285352164130084228,776851435140343195444703143311897496913917157243217504533470719972902173644,1174146943473835794995638210113426037517013324140314704329311316381836732,2340824804211510651902203242817454247718177920193150646884019420438248724
1617,205209423409551642213865323278493285966572573769144809036810962639264955218,822079463547323221634142825554999061813865399602459095881581562605984449408,1241769909116652778681532441025917947575104525879859734337712048924628536,2475645090897819453167429708134150641845258621879294012481828211205847432
1618,217153103207939031358748872446634969544574849743919834364832553416340077600,869925678199786655549493296030489749263124903042691634892428594579736492160,1313265368030530114497806243949871084825504067012297433098380914376181760,2618186245483407725910788232389122549311261080990947662736189340669766988
1619,229787981735887889108128758965574242741079341749701465074794842671325778720,920540780766211627223835657444394870429485869830313073807951217819366149696,1388853822660070791320621582097899465168502831507213508771847134063034816,2768887913961537758991890938414433717101463347388899904675591265877614784
1620,243153832426919946460529251751765487812343498288847836186698482468623910294,974084097967426044566092474695435308800604055365307831319164161178158338874,1468768259746258723975467688373357551230062209916486572370231303662697698,2928214634789445667914455837135317204757218747373318595690320119162531642
1621,257292704388945502610658635530765754109365339364940983759901223618407862116,1030724072408928886871293044038123210065069531959961983704430633908345483780,1553254853146876428658501915060193627608174500198048664825739434714035316,3096657240288424962943752091647462893347291059659394874053529371394955728
1622,272249051870231448011047106061964359740697882313771930587015475808104091368,1090638781186924683110991199529843439802659353527477283771897436585787412392,1642573705998891066802775281986000839867824272389561423835533353371046920,3274734336492953934497586149032328473124344972861147682200329947254783706
1623,288069871049080845822385456421632690325353269602281972400774195895319206000,1154016483830735975043630052421559167039333344750353678170625533489936842816,1736999634412591754088226735028405737920266341225788567528749908660018816,3462993865815495692940697399995497499084169655361094331261294226707501812
1624,304804844559168522795385120348275439876124653461440448314144967483537538161,1221056201231682546235770738472355326986004453178622643312218597546711095705,1836822995008455054230257079253567481505839332860850055638727612560943061,3662014757135279259501833159080432709997117205392570742864967152624822465
1625,322506494185516972122926230423992795078794071667603615905376579483217013816,1291968327300803467671805722765679107700956255792954121618542779005976002484,1942350558735579180100801069707927385779969122539657997036461073107947220,3872408668174350243894298242527620768280694186062513164731117402490653890
1626,341230342190418037935408699018399732364284856373249891191584168491071781380,1366975275195217577317406540029897918184750273557509039761441347676363891756,2053906433545425575771743956298988727610848064509474995104673712076766236,4094821825293188209565832970895029768842215150223439836574387211122982493
1627,361035081754279188788875038381003574853760734125778660474435625728594376880,1446312160055753679234642700095915645768499040199487543990620736498972380352,2171833038636924079142546571901346353456103696372902092878233584594872832,4329936966121992271635342801798917099954748877423586086280820152220599324
1628,381982757043473446655396465330339867958507035912359203221437902178867693769,1530227520307032927147681769645957217383896044511541943941673518403760281013,2296492133139140526095908324597745549867900862105131055921909688289505937,4578475390743145995802909484023844031648237670075895721873393082179412065
1629,404138953445878078564193094921791885139176914135073260194495789634354093952,1618984079685768415536094032803378681795270885776029956276586610531796829928,2428265902256101279321653116211141238563229235736915498603451994380454120,4841199127456240475373193607379892795977836952433612383860310223248648254
1630,427572998544982173810615527470263261470572789818467796079314509739533388496,1712859552283994164074932486385966632087136160175509906080489290843239947840,2567558104065468832470376504913586204845000901638721763231251885106393856,5118913219490260150426190425166485880490433134991937468989588183406568997
1631,452358174435314984661053146551627173222917228028573385850224046263556545770,1812147493021598980597806316164679593406989697683447503478477890628028710592,2714795280339041953593729958170900515320785569153960077581705573802527512,5412468139379067984035376196125011027988263108457647594085919473345644840
1632,478571942015587986983881191376261453200580444417773719947831550039484204774,1917158196097290962167828792706244943885644790319754983017627479708650792466,2870428034939014232304027201199131083323012648660103226301279550713973370,5722762338087165047148646762852389158801555128369882141160989295833319122
1633,506296177931451686851298520827338050579467013191087504860906259477171587511,2028219644109346842466418883873392896226262313996748882916520086293255127168,3034932383540095061224800564040693908394261232398863472895048384568777124,6050744936363898728567614625582601861962431040686420359743017503982252828
1634,535617424877246288410066994781106087529976762174665655496827621427110840448,2145678510687619688041055717777452730242551633921242775799596252150009752652,3208811178634534400787738653028380122644585222580153812285766441566390860,6397418566216965276046742736911881675671796247499992984183559272150290782
1635,566627156005682129238745459914981684547830215807365002601692542296679904960,2269901219636723901747256667625005268737450272366903438838091745517084395904,3392595613995384792274827965078530546129409137443428431321576330364776064,6763842370831368131564115943492704478609318521166770155419327510320017768
1636,599422054236135926003534583260428704341388100636872643758825767325305074152,2401275063757547304548058221215848457672470874827344808915021438078934325068,3586846813003600533919888174133640306918472279854233879718368777714028460,7151135171719189094600603743290650440121964014780707038434199194775285912
1637,634104307296313286698690926833632217396564699971223568224577850341648626488,2540209386690740614663083943833753829940132910040640346256507880565993199920,3792157505487467868320236499224960353874110155746073358196479199398693968,7560478812369907314224169027062183332641432752854167264556749925208945688
1638,670781919378534197366320592730141422963658120045985179432179415479676380596,2687136831312115859487228673343158923842924658679954148324804894619250214532,4009153797979070021946302422593231988292178496013430596087232700544692148,7993121688181934709119006891499721635129713426018264726810571566198139760
1639,709569040340980833688234787140731031962015434434916545917212670543707846532,2842514658406486077654498919792865956918800387984583497041827300797960214112,4238497042562742901559771229941829070738650244917313372976618623128827984,8450382472994973343125516940301939173083980665315546648725392125452984968
1640,750586313436048006522803800366477120464421073984616410448049149823484276030,3006826139553967562541412810062091087157276421405474310400383689715587360294,4480885809775536450197608596182605299592125467008668608187090421650256174,8933654053111266719643643819518097162600304116261464641533982738917146602
1641,793961242602605524846378819214226877923052688880294738541840177723046073894,3180582028381742469215941077879285217198372191978704339134581720516337942176,4737057971320369830425801022377705506161436457525384967221009624153646600,9444407680293421787614377547968999802619737152339215375641641883123435700
1642,839828580416676646860868300492079146541738119429622703543205491556001344824,3364322114565376293617474564908841935158262779062722697217012326604550277952,5007792898669706174001362940525348991310301344231883044190360380544898656,9984197355858917727005219212362587918794816510788329348232575287461753894
1643,888330737855924131530413383662702378489898413113612561743657969682428072132,3558616865207668597236085595111524255087758430289102207905175558888601144544,5293913783972071114432060460714741128164777834651960930543680158888856016,10554664458658479217077543173125601969605064142361152605732626195838530816
1644,939618217097590854430507704773319148880723218016276536063194111941846602038,3764069158480389961464747209822187963793711089477242578763347776351670852646,5596290090026543742716390728911368270818217412136434510571328584284444494,11157542630429060610050584507981388776457007961760860170008985179018841510
1645,993850068637350780120897471241524933066530143803669953667416040306551686104,3981316114685865575675405289321451305870671437721706001380755612309123155608,5915840136462455191815404355351573604550862507026186711091451082916411192,11794662932754249981996464788599633371007689056323051759235618494382594860
1646,1051194374088083688423093915952468837080256820324554034350984683055320583268,4211031030181988742557505896441737611876654277422410901210678542748442957400,6253533829653988865130232631862263555626996124194763806739810527160624328,12467959290647552671442527621022963929022491456241477212515094481867498830
1647,1111828756093099518838092358352674587973521420208918137119293497575814248116,4453925419916711369642536258821107627308146305535677554704800873445516081152,6610395544313294290166825410409275414060624700005006227626883142259088688,13179474238599460202929755259083709425509188412561753664199400257753321960
1648,1175940916868022876407764537430077257470528622663633536388596162560268821604,4710751174637233776108238636842905878561047159021002152513120948495895170504,6987507165142270477180487122596848678932668366468006958736298254819884088,13931364985799779380672015642428235821408825372057944314197744353305965600
1649,1243729206969634362203538279379205883838058567772586589296558132017911104698,4982302839175921023168874312659284138754844193510500360510827807195021156952,7386011297383574354721195142460603402609922420154003324595279123376738160,14725909818164840594933297794580008940896181004173610189386783648746897096
1650,1315403225978694704478088110813179443638850785407617688976112535994430795436,5269420018570375779588793442624244729586076081970329567123868392912338941224,7807114655596961676440999371526955030672940339858811219418248934615759480,15565514855767509359283454148582330637434853970330998615333727018191797824
1651,1391184456877405128430484322973751167303642267402818876333559673618836422626,5572989919150119651854005789722080027822304080630995498187232699838650723968,8252091640499138132068497827075358607735011019719992852994005363305033464,16452721185289115845293217132874707404996110200836724450323721208993998472
1652,1471306936000951890660262518586345056997019376437895756489373523492911561584,5893950032118052890089928607016724948470549081836458848484963992472719953048,8722288114245327448878532671344720482471576084875822527469898501073706712,17390212388189365970710470196809622412017002544797419234366985707757446336
1653,1556017960546827972782091574876331304789335165025702371631764296707898543836,6233290967572412160143524256034317240893896993940490045838730707559235158440,9219125385100269015157956528992021736556333837680559311673520727640983096,18380822486426031817672831722947371775102910898567847056035422452445976312
1654,1645578835735619604980656907792516107112550818517697454189174782215108203708,6592059447355525359848599950950512015017465013941896980549293263443196281456,9744104413046939925972319780447586567261739871107163792594134582763466624,19427544328753929651480045898602481700220107897375737356795840797445917624
1655,1740265663833004915392811367508622724420281977917334092921958775500447306236,6971361465580534303202089439987899158194567517665464330786404073916540293664,10298810248514641630843969953408260513439605996127959098568971914751068720,20533538441895743648413794121192369053534483722160415526548254589382889192
1656,1840370177365169114222989478472329656678513185824058601823719554947771933898,7372365626177752433721458015663433672554639534706408408189928559427013450322,10884916717075976829500101774115045840586791410174000895050339635925714730,21702142372209187165879086638147371182969513317376727166413675037129144450
1657,1946200618989045892482187745041080419693513715125387096946447088485967222908,7796306667319850110993259627563562223577246640739981563682434892192667066908,11504191363666541064508647399240544803191780238433175896646538248798175276,22936880544879546752433036224594036662535088992629078088981847255180459928
1658,2058082670615117928205417520211877058154909718212318761500362650771605046156,8244489183131095552583820676932745423433613508420055916688877867927284012800,12158500670623839762150596085237190813974635570780870687427264840863828176,24241474669147764318759437469054648833759761646501197513936642968963329306
1659,2176360434524340481941931456904300018902188803492165076302806267070172031592,8718291553661987023638747119568119692402844072809679435934647158898665989408,12849815564625095871021291950919616794088858841019130723422090617977863040,25619854719646029464365393266191069112863696709549166239326315236765030716
1660,2301397469372502204059984683146218321837292981629336751757677503090076555448,9219170094718438244715243110837506318663679262936550812403262444816731302280,13580217228429428475304378252633031314507336419203805372552432456425080488,27076170525559750021569548634012357291604625737247857222845994946683336264
1661,2433577884135440037328409255762344714199721727261579731961686816387063025476,9748663439775960819011872086448581883847206720553300871154016129207787808424,14351903234200669698235063399203027048319811506981943307268863659535706520,28614804001071353220132984341688938922692267489878682282138398472991193272
1662,2573307493217437652906719287932096478540181180665092924830408305601348482820,10308397166885855892848271694422485324314457231421762062044149500474295900240,15167194016105281221394542694099410153732508761390362722516278068901968960,30240382052372499539770632362827875283723053251711132139379686875451585672
1663,2721015036123341263066419684423623213285787490575899136198790823434751823924,10900088684194213051599677238417887298180608261115872694308650472229904625344,16028539700847999333998500723394445037458298812276149513487178490897329648,31957790198462084915005936021498533398900518825649441374367600489100633288
1664,2877153465282931196437915823252969442275726687093619570186578960816260321452,11525552388447553469021153660763256751769313917617457274938714278806758503188,16938527315828683269490367751378982666407169242978994192398435541717217380,33772186944983258670070878349967479722554626807473948365562834821245152740
1665,3042201305814428237353431129964186518157556379313201411108276720769012153952,12186705111653393165340829367798998883396223687564759543219790977244297376768,17899888395680215927104847942252810765998170311953898786684094168248760960,35689018952499278898199284690372678038204113445717687651012891860684995736
1666,3216664091223255500869431900793125956540791261400509806835556648662141867344,12885571871902104215991043964717008985786922659075389667479689020191058852908,18915507009082212513316361544505159623757613473350440137462425542491383532,37714037042871354330538889882267970763789201563327855978821344509222602560
1667,3401075879252915341242964860262621361727039193482197311303054369102043400016,13624291945240603261306282994224267608947124238301633594851224304014619382528,19988428228941896334423553173782162038967464372844349639006827606445782464,39853313089787994665024432589248520769502607715613803111637240876799053480
1668,3596000852337704657809635512299535533685745916276004427713400489106803291589,14405125276421113768532172764958815593256927269420265370249080170205973072889,21121867070295137293630715760673458513943604316247659395478213778759906533,42113257842011461910650741227289361149601451892387848026320582367793160741
1669,3802035007352643284180976491885407132919901735656322957298996018180855976352,15230459247332183968990629189294579772882766712040819514457350317309103416288,22319217921610832266723221752951241203159769415527685261366244585679510880,44500639730559693232566653601216195316036411501922368810414280911776653038
1670,4019807939615127216478937132657674576991565326148072393208306880578137751296,16102815822957093106930245205838996072452138141683067381629913101686609048448,23584064496584241014496675208297764485876837090777808796685579374058043264,47022604713838937481159592208652119943531987021693722964292637274375288761
1671,4249984726366177465507617377476210161186409091978534330010763152294562276552,17024859095799693341219782378886538356391554343534113526377210685694204346400,24920190334983479189312868981697711645917975619976206334158076515955240192,49686697217691096349921156503125984370044772208798277574734799630089665792
1672,4493267915247512485084538210389926365190982672439497626509833600860532766111,17999403250872722163816439749933163710531875014448945002782651212412853203779,26331589882672223478286908373458249767944324690954496743316808970722139335,52500882230428588307120197999083070200904469063785331658142942711053559427
1673,4750399623594845737825177052971146211389476414520166390531422361329495458288,19029420974561958087283793126358550225827850661348997023216991994225185110668,27822480182575135983084914473965380269945003268331461091302548907203277516,55473568616207100870696005378761161155654975985220544028900255093683049510
1674,5022163754688662712437633972603712661043009355741527706966064444390356787840,20118052331964735980910212506851073750684344990883563430101703025952914238532,29397313210085131159676616436223106512307567917452602237445248391487087172,58613633713541970159066004067137009560518682634514386450370249915397220975
1675,5309388337442173098812932784000567129288847092992383881020336180406759365884,21268614138656930594900662604446797816576695410476472532955259758999918669728,31060788888238199648931468444529299421307038506937008873915037372881206192,61930449289416720364030717103200541035856090058342695968845701319275303332
1676,5612947996363122672524082799828769199500670208371358998530224906689499167068,22484609854272397827936886679050416933264357790349820497516239946594804471832,32817868819907137840555479735340135261676956864384503395340319836807803560,65433908923272619045773977007895050795311960280438861707423454547881370908
1677,5933766559002696529682947638729065108382431238786684754583703356269612932640,23769740026787081669352692412918971860985962958224645564522539996338569757220,34673790776295550620901858002711427456238003077906546187726571260118026660,69134456899216608379581659264935811033942788001477102445319862148879483284
1678,6272819808501916216659142692501525302838750476026777982996061754118652822048,25127913317990818391062608901636919039110947547685897890947186007851647385400,36634083983153524426038131630817827755945643578785958962938991377036097208,73043118689052880294110754849392250403379421586427259418345961769312342792
1679,6631138389264851318692584320962352080242165956251867758435459238300574041860,26563258142307797611836621741560945962086790946678231441821672423831810958528,38704585248392337066284457711537641118127121670760408079835470629514791088,77171533113242499064096351206079744850858809531081224449840404467085944948
1680,7009810874229815350689082867314621875397198114907018604253474669189405591427,28080134952896415128900084878507735230356312479021738183727338460320340353755,40891455977153726143753409249247728767520019393663766713439783562717988047,81531986271638296289450297022762345293678133351173191031179620508365822099
1681,7409987002675744595358522795377273976950726128171444555544569149350680013216,29683149210825874541679189532201607802696673206447587805723831819186590000392,43201200122896160245098350692511894893768693761809583545555221783869947528,86137447340841895715641516747083304070839195082342880090827322377720251410
1682,7832881097992482692997571092384222918254548928490321055140386286363518985428,31377165075095633951931737106348955847196843806150436935225450860706247008564,45640683125703179941452736812064174178648092189152714663905715252171066852,91001606340299997473442920453475472159809872276999507505125682653407361535
1683,8279775675362100347610692174807262396096858781449141497902219657042545329646,33167319853340205894157003274665805735124042159835522107041306150782551447296,48217151891804503714234575436756150736607034038956115432427522612370128712,96138913974812531972718594169501843427027753982236042314236248556647430560
1684,8752025249845130561269553517778988541106213063134297301590440601010555698613,35059039255251759168108952017317686585414817959866759933089515572284477404413,50938255871236923030737946201732420989965707329570726727753168242254609961,101564623666981331726682574335030962363577446346152654232354131425621518385
1685,9251060355942236507153006998033700342301025317343663466099896810814747109566,37058053493062613177161370381301488318858591793039718788485114358643344579016,53812069293667148549342389166686949654490523665064924085527115384356140752,107294835899300735100469621331920883152998033141721029347389364856941217486
1686,9778391790309975998447528030526416341727584984746422206417361072398469046624,39170414275865565251032109076864543318713708680747190192505477932352121738964,56847114625661257241996954758877951803368741761501366836033642758245552468,113346544992098064818320331579253266411343054534512548624764787349909985345
1687,10335615089950695815308981053129229641965477225853158117011015109173314334612,41402512747118907487566450468412032441708300694210112273975244819828194911776,60052387316124226330526255895113873846391790797479805931184383134937573328,119737688450390162663602695984434123139475125755450677449403313767296012864
1688,10924415258872985759204765486711165819821538682752973811764914178753709583414,43761098417392200740559218532507409955676968307143550077786472888811826651566,63437381900257703740156585662746676390813576131654830726816173796988317910,126487199019951016458426672547888390974075599470515722341461181507558566978
1689,11546571756932448563559972274011206457888759436190195468819292196372063367612,46253299147265998896648228178624963688723779090525335058953908040725543387612,67012119536204642408339082580137857168741345764553183676739255237289917164,133615059600504903096241582022176219078143170448347177356207082930084996256
1690,12203963765314802797302089720992390899600890046286944068215118273337774058840,48886642238311787426258861005745162818283816300859542858865107812892704914148,70787177052576237050502121775599219880256115711766586004634719541608678788,141142361171990373521623181002645396513226426952422818743764620253444790490
1691,12898575743916645012913542102147665150553657922144352293982221441235858954584,51669076693255880880365536583983347194359197413664078359213661903767958337184,74773717589300828711368175392686592144565725086669183284776138824522518848,149091363898304924496042751117985246515343902470327700437354318708091896500
1692,13632503296715782049204641172107900802081227864140344973082527334264940817639,54608996709781835955168934101990101604239700875612316270176470213754413062463,78983522918707758350369413558498395914789419050936377846360876694649791907,157485561581861620696721939768570033805122349143702410614254219111201302243
1693,14407959362105252238113103917881069170096233671577415061056178026602131583732,57715266475959482805338382603732203421806607292109531702758688150128638229080,83429027538473852885966932207926741421672605799871458533976043720111894152,166349749651691775366050983735347407686402954548977521619409626387770441338
1694,15227280746095459572573216057289800207367998527634962278722198631410832978512,60997246339014867559346543939193372555477706889771661611706599606948265943532,88123354633029269053679710034171726005712779231812496817805081304934029484,175710096877737903838712833719067316104193181164914476365693520445402547835
1695,16092935017269855403136267136197846126899534519361230027408296398634034450406,64464820423084678059440472055481147511994425554388289263963064327075322754912,93080354005256446895403510689763004396287476943369154329878732539184953288,185594221014425746085766780826605822845619066954497743308553263307429096928
1696,17007527783414066282312058706585856538245952192706172158645556778003497909842,68128425775742100437689648027131924705910145805220654704171625622520730354110,98314642085835308441413200788498552926337034395966069589398510506738714742,196031268587611878155247855363002237399001586215737787952096575318350787818
1697,17973810370829180647927699332050195884341146503816420628636303689404246713852,71999083127450127309223454363793465518612081160509552247592514498357826911940,103841644133404717512657035592681981247495145243869733047299740740840056532,207051999050604493284630365010763618786215104456532103212327580391688958632
1698,18994687928490123694361505408440896273830443209834089135756714255166520000532,76088429352705335317601887876254437319043225455884127689823290070952519202008,109677638744840540155866242490852223721452616547771146796433050286439199880,218688873547181136844627175799430987729208940085677898809886696757595732238
1699,20073227980422886035815423969012482364513477569081754843323482217434873588702,80408751726492955351947291250936868831173102652360404898310943929917732383648,115839804801411208685595374886939373119192376033385525017015060178238028840,230976148532412025966969862221459711698732901101701766256878286370520891572
1700,21212669450953217889942010986481636915324801825023618380521529767293863989103,84973024074796251747197450574403082677507722047200485108340344288834652513767,122346270983380187429406628476535016208514747106011586254225219659196557355,243949974515676360904755948783782334204742198363803001541746499951706948479
1701,22416432188827829312526591323474900310454103334485996082444007082789212902304,89794944923304117049511046052659768498154401689005942722816944161384120932912,129216167992799799404680758760167256337988351061958393040915830227269323696,257648500204568907063436154790471974312060246965377404447199513632548289026
1702,23688127017630913616173412949671463824307991363304407596202342943948467346432,94888977754155456591847503672324422027282816308121687393053542405675445020228,136469683631802127153851873638566730050850854904057008244170629881575634500,272111982343474240022862141407967708481734977310287055759998371741855668171
1703,25031566341417903236358760164717763486609940325078636183035341206345820902136,100270393486563273765198156420007389724203986053929165649409364608802293592384,144128120891660819763115761136335777764224753614620917267999783419009983840,287382901556477631014195128018314167792755126691733586119223958835524484840
1704,26450775336068956144212258041882600886742084313173803190790596651240809563679,105955315303492118970889941954980120202379532314370272683984364725067122547389,152213959216294394040909787449716655411195061675059920821978120103884292673,303506084521028032341132787289762781254376514633628778219177913137980382849
1705,27950003758531162492982977134807718099338394255513038650765250181842819629110,111960765953237379913896399021580593362533637784595822095792382654996289523816,160750919112729941964490482349720965180060762543667492731381927625011007376,320528832816415737314671531627742681978559209784442377233017813664338021422
1706,29533738407875498466001037302499037646226101020136447453107004796056278411288,118304717661792364063845011150327172862200850374329231669231075606851117124472,169764030290370199840861940331022277296446293783441856803056422626003479320,338501058809723206942155062146106339513107119507860161630675021925660624229
1707,31206716273947029772145080790408708334573239245763557928316981757431517095368,125006144799308851221325159395849830345746112147587683252305714680251032447808,179279703520732132744836234214997007453155164533451539037787650524964066336,357475428961503007531536116776077983878049183525042009635946121545087722680
1708,32973938411339936317222789667736069117842892832885942218873788957497019397138,132085079451779423597650413778501806178141468682848706538582860225194831465158,189325806419678328759255107557529706769897351304937663087704395206753876606,377507514954085218845106137129318348850094762002571703202506471543883694014
1709,34840684578488024625404066174237615124884958249122309172701920602296291119480,139562670057317170295049335319533774657855384048258450515254647188220663850380,199931743365071793433070622583314158315551051769213824446964779035499372460,398655953067174321073667158379992647318558830148720690394641418082033367872
1710,36812528683832239701538588901782856824640346613468620907024067969431121287096,147461243275103238703227198276957233215328452761796189779915421826883879394104,211128539774279897072842669825805916767066307921706151819149949159394245720,420982612248321710778941416391490077759153348127995287988987675637383158502
1711,38895355083315314651290333426889458838446646337230822637174373965211402277188,155804369264239324151072978152633798470436244541540483861745581193977643594016,222948930978065545911644445075963116649659192617193313048085333132034485264,444552771350017039667916918253106697634723066206554817169384728430548656188
1712,41095375775866459690825399412974151536506057701944005075243496220266288289369,164616930559406004838021505136228216758764198019997045867388420231557120093013,235427455940166074719907484331610612739967212221025566414435350491966935537,469435306030595239102747107917853033220161698712267923812679670485712299085
1713,43419148546082588382857301333547067457383181670895573199791965561110437391372,173925194740415661126060544925867652339949701347767893950860482690113952961672,248600556085307594631339591679382510416974664185601151692620445672203396184,495702885842975601090512806045017292857549849314286077829223420977356369662
1714,45873596105994063453857391487382780578731814583914355494094265744121728935180,183756891103488824935011677547510982744905237885923031606440213625267450184096,262506679512571119582111597979860429977979550265609630063150648780534443376,523432182063507520912092832003894823770033210384289572107668476596664353765
1715,48466026290629751186659888513195117091888176529480538533781942719568012340784,194141291553404959967556157164386612533928253971258089796503783011864166030176,277186390885955220916603111606144166375547853335935661376012133592116667040,552704086842971223593346995232299384067479547179920534483838451443218623656
1716,51204153365076134519361389551261404777823488491350171269301115090731844080713,205109295947614246824701307484754926296748023533564000676145800992802416749333,292682487309708747255749279709307185454069568163315598941340629875040426481,583603944293151824600670703492683973796753476970852689578448594341534873077
1717,54096120503866602810539826147634424656802385971723149023594529422506831508068,216693522135978990212147093349726487648186742762461676023958123141239261713900,309040120512578969987788759188789020977198875569079929580005451211935681628,616221794155456530300635544603247588618949666591764468170304167498594245410
1718,57150523506848505145969549811264843656230420231005676820938923188521162142404,228928400953076600894798169698276014081008331139968252695992241383182391468264,326306925682580310919970453216639456086650215945545412236548629097742898648,650652628732867295205290483577965081382869148608901324221796093506284789797
1719,60376435819166284220511027581654153261535908957318044328804160906026120285320,241850276433977420779155487757938729406973699852731927401866195031663749882208,344533157312283897111377431322116360830064023459750086649551407559268740928,686996663803209201706241711113188893143780335257098033839835406538228659580
1720,63783434926678649966111981038261833469154595379438562324615962372616316383554,255497511539148608260312928547883184929521032035387120657312818231333834551010,363771832434008395865004394835851052902650517632871358848968740868569016794,725359624270367596800122730281740196581963469891518549572669551188726254858
1721,67381630202006473655469317107793900236919493898007453834300528410806173911548,269910599689670604999304987474188451272645199209682645034196508163477323503760,384078881644710377427719043012850324967223617652829696994394520252627857568,765853045350809257834618136360810820576834991640331121437066732473404283948
1722,71181692280496595853822323971161583031931299590547877982808154010411196361776,285132282430328266495623164725314691139656558741159685972886180010170685149856,405513308341883080333868840668359011931360378968174041653563968525899702752,808594590135664757326118324820973523887192357181516561805981914549872693346
1723,75194884049696330172024038192113617014949780986311527208710991783438047091704,301207673555399754774295346510123100214589789259396366238155745176436588316928,428137356614434086199193741668632154790665314150257403311778042684399950112,853708384413826782354004533682169207921870986759639326579893319572541520976
1724,79433093340475997840245422856490361409379899550763812974845027232996129260106,318184390050160377659302799141621121404451811716372618553335245696090072949374,452016688256386298321107715659675766932213513317366653955136764105555908950,901325369689134606335270846689612114928791938739572049909935353387581465374
1725,83908867412724870033800992083058717549535917354881391004243513375685921140862,336112690220295877389729396690586439789137604846512804069471928351731440458648,477220569396397254525428358351569590993935426987240052497874848987755895200,951583675374876845419144917467297194823770673163933200957182135987882876828
1726,88635449333592619631380365644964781030067474510638093722285349793410948256624,355045619401633065619980476383630978970270328311256054818856277603842622657352,503822067262587094459013803771854850000430268703679929714878430198829630856,1004629011201688499824482144079220796446930334603065233247666596469814689430
1727,93626816351567690899085746832354829605816082540698309842640100538227110144906,375039163663900840538285729713562555994521920148953741686508358814318570902880,531898257630076941942742384143237571257589986160502315947956661410130323256,1060615080930586688054173636887037843118868372954436118267731958364766046824
1728,98897720375290526425240144441494694890824301612422821995269421489515898956759,396152411944690148032801550316887728357927784660986908243835600708091250615175,561530443528042331840972550908948794630578211295620262757914750027654788139,1119704018521532576210567273393595339154272674335479689675160683296731466767
1729,104463730671908769633096387391797368795583546731534862372959806951630418318672,418447727073449138397956667972693564838898657908622013753819751328587392170992,592804385814059865571118405504089656564470982482564261980523522065718896304,1182066847969682870639297052480664117565008735601938952656908726723461843522
1730,110341278906009636279276518950505669320785359346503325745891109407879459187760,441990926170294698083240406910760104271907436801457091949712043602487695289776,625810546256152966134331108737426988765999415443788966147605970969858538736,1247883968086569320128621282260702952037905645199972685908141653404161562967
1731,116547706646728734922356325960769369275908518169688424091128815594104482881226,466851470930712251967127899109088138327268598279038941235835952823774981983808,660644343797312277702595266010661223634525600285244871320690447357050458904,1317345663571994198603753260261494622352382584746771090231616947386983575248
1732,123101315477552743410151243111852039497450045171486379970642628475550399245655,493102668334924444052991998315076527037351106203644870075376879264870739889567,697406424713470412387025867668369047550925517699350192806365362669142906947,1390652643794638201976607007660354654721346447024079553417017219808471211727
1733,130021419850624507049542205853815207230146261203429848620031786527331118628602,520821882349912074966571331135798951720390205530118749237420883517798240909784,736202947414046768402507720538122799805160716399354757293737408473766395376,1468016610775438827715233614734035972956591401867950322503077811831743114458
1734,137328402835043318482658138574833975262465845315796590813551141863336454245624,550090757222847622481695057475937496213449898078686672213956697507390148231588,777145882674348551062503176601595163586516815500308959752130054044331249092,1549660857947916601544393519416119810020593222094043814491809736664406301587
1735,145043774916751440474393260240595704369931543843494519067132060904416219364576,580995452997137188751080920621623810330684759332031559219846323874816366476416,820353330131426853507879659240992850958583958053482951318080257151489018112,1635820901354018754262136805547769624175168704776964029353812377834310923024
1736,153190236016132535367335016481620174085603725175892697992807901267284766989677,613626893916449696794783203713743842834155745880922540378160309337328478355197,865949851919555325443137787263146491740845177351748406928704268189410396489,1726745145022941774316419946433718386236125295546094152424359095085893633953
1737,161791740898441946476782708672568738739439706926832063161629983276397653338598,648081030418136229104083977766483422622621332438749734899232882257160435846528,914066824368443196953143076208467664862504731421482252712949151569822492136,1822695582374024265598490960619547284994600008936213362758587457319845612550
1738,170873568161667360539427667557157024204186502544110869153981632896571675675208,684459115455406182318282317689452712422353611389738597224279893195957274481372,964842808736740160571647460824615605607601213295120608353361609670571780540,1923948535583420904897565870229710011266692393161667803974438018964881143513
1739,180462392996407201639454096099040414341541368887506890954785778065129247062816,722867995927634276975054112776801639985657420794032964096566508721520428842560,1018423942005470417237728380639982619491945244005400277423396461003440591296,2030795434958141442573455164379637763571530453305504547239604586766315726344
1740,190586363922880482249586808537104567916816293752577782974408264164777106153512,763420420040332815615344205592850645040233777444536520179178021790211539846768,1074964348810886616996971444432373372968602434225388281544965131103115232720,2143543640470443983518297728700077491272547246209189210324897543127956643020
1741,201275183721274537030996135481598152262375965391468509650284457086528638239658,806235361460752156507250681072621064488615659237782008001730821252927014790608,1134626575654008383266139146228455439111797671907969400592992906812461831976,2262517307720802251616382663721414393805525142741931739941286394024363939632
1742,212560194783326392198640819441030609407774549312029206337341465583251458675548,851438361181890528043698820177751297802743760541429846133856663894603101245092,1197582048584959249135542413628860171645563293313020784490801561597266542900,2388058300719030644541663625359813865746219510402350309573043178960611510644
1743,224474469125351392492096191198938755660653309459222017927110845847540502984896,899161888057029872917293049954408570376943279397594723035763179930123913539456,1264011555624302948908285158653547734330041560706651327319796539961901599872,2520527154000973337146090671527039260071417552517038769780673393844725839880
1744,237052903315912731906537212799274402985258335700225852302551786995454200221753,949545719018902004088401924476614144801093169031478926707441211255193881546373,1334105755251076462253073279516532860059826230575517497234063273377080659361,2660304086732786297514644745548301849950370777719326769771515289549155712553
1745,250332318585003113877884631611224269100103558790668010289154736300915646405780,1002737340052370758897711594830902201540251012990049279206445911680140986678540,1408065712358303386173068386005125139836777827377238049826966476478401055420,2807790071596623638200795832082482315007954324686148827326669099877137125250
1746,264351566396022184421807221393320874807336193809504979336777088947964499777168,1058892369047240374674883126260458275547451125294832146473315496557676823862500,1486103463151636987654240687174776318106350056812229126207140765818824753828,2963407961400860967861861075268017268042268346212514767864884452588732051793
1747,279151639777019902477813835323017912775217914578576051434935929718593629457970,1118175001718625237443548715365145513266680939138281932689278044564645935165376,1568442610545627532293374073073862165809280823977726949534325690271417333496,3127603676515246991494057675131163712029701538666918949092963129433274118916
1748,294775790723677986699512626808296560588140457518345314361104562109779757432419,1180758481846407090365782163349247663018370944649064545476684151951912261591931,1655318951695143567731656116061420665809114575683288032265903512793231862255,3300847456396990153567858879414912032460191667332826571443559380297215123679
1749,311269654003362555349796354543846001997676571814669902347696317066514818932888,1246825597152837144602020786451569170643362613395899200649964782178196813329336,1746981139386923202835368276185162652656326137219591259179513912137537597784,3483635178648201314005175118219357873301663236052042385874522839018225310850
1750,328681377707346916973197129576920086320030587792851387239228670215115236656132,1316569202208495990034164557863177759674873133853740193797494662221677127509808,1843691379108322141376039555497414394750782682334644840579981361216180885280,3676489749228791195905148309287081406518851711006337974249249817195762443067
1751,347061760917022470454948274264551589577436046824630751160322384446748790391996,1390192769831797187447471969574155781901672701670627961556460524492356727259584,1945726163707305627678872515949423591928514372104956915170986705361565691600,3879962567642351981163640299369433195289047359046774611435982227199285569304
1752,366464398869638694026165888396866783339172663059341558445104671790089124603513,1467910972526214635859448014218302092595328928488648515070222161052376737865503,2053377047659859754784460630834959238638276251282281289803473892020239451451,4094635071116250998668632933168288466856659001132785754795774289340410856143
1753,386945836029893802941797382597525982497172428901280096895938486402051854724232,1549950295582643757315406259272804182450949075418930723909563724551127650428576,2166951463068545548216728882700252462259359813810336325809778942920231531648,4321120362011673043982200410355779161963920112261655325579926938730901957154
1754,408565727495592235725978132137569850264450699891952873575858058470210293973248,1636549683561998115819561083048838151154766412019846743907062571019808870805808,2286773579629172915648554498558750096963612452035249603630337138967694912816,4560064922925237048196578721531878848197189670633811158157282969930307814159
1755,431387009188653081351366187349129762464073901220792361473237737074944683291180,1727961221965534157410529495558016463188953047003368954678150493692233260083936,2413185210921832005064746161497413332657442120199508785199545392454526919216,4812150424181683086813588733144343330369298382606190773589076203743168900896
1756,455476077307057426127995950627582176311911811833182853601142245289258596363430,1824450855997737808113081974813311327751267254207761688295880367547532704593254,2546546769508103601098172302982622503620006875030273891311386390498319139534,5078095628667609111584066746116552528127572220870522846641951182875055231190
1757,480902977538928236476130087600807981064056503879319672042624140250312008820600,1926299148429161457299060609116382975481160164454339838869035525074378621009088,2687238273448511394540258713151051224934148937061150698538964073130585726688,5358658399219998483426155047776783167578703042185416955425283671546471906516
1758,507741604566913149420908391330626148233767243861914980538188882587574405719420,2033802078674646125941971543541978681270275270546655770448781849073049951943868,2835660406993528258337978219474088335206295098995848296026318722752329066188,5654637814061019456932300122524058059222195845737781006591166471825414518946
1759,536069912419461438038127051582812298284454658887505442864052642019096343391640,2147271885316193827585633958046409533193474076336103349129151380022615990502304,2992235638348075433125751715160340055655440786081577672940811946230616935744,5966876396063033000751480078835146134083699697131647100623206950894707623656
1760,565970136255528343465737576277766184154665626003556069816504261623246557517705,2267037954419677220371386599248070363637329816028150649352379027431366445643441,3157409397563846508436294137005627018667312013926370086361980938380215572621,6296262461935691142090226697229978520656933902599721542858116459184416582701
1761,597529026200783879301234663192756551852505191280676177317042891642221365729972,2393447756120911873602130339692593921998908049259967631728877805277808009448328,3331651317776356397191686921567714588887284137262922460706238708922546528440,6643732597751260444991099242862727917722493539769682153271130437691108663750
1762,630838093886634365054240413041024240538813294046571742255944033523870711869392,2526867832089712249907854076700922311083912730024593373551362466830320126276588,3515456543174789690892424536825348928659553838306404527586332734837278799020,7010274267565723074979996563804830723426447532808759445985883706070553023373
1763,665993872378373091304148058665782164847486778073303747723562373305043432530842,2667684836620765321169662436662205096640234909354231365315346058939660930964416,3709347107272955953070201999076437250287797061016374421096565719487200841048,7396928562252694956084622952954396471317498565012249941498930556828687859568
1764,703098190215656167962795549508921285536219399885147572787104096037369870268084,2816306634247864100339049780227703270792374486150719720283001196193638076059864,3913873385239428487867582192018128647496886610129429134584812044158594987528,7804793096045707907578983604215388595817397466850363203671545144636340407620
1765,742258460327350265269020108593714978988826999981861286779256027205655297746036,2973163456933645810776544251673952925010791957565641375125097604554395123335988,4129615624244749700463817299093009055483957638196228008073495731773932351844,8235025058682931268107127880751480066277894618433299874441271106779902180676
1766,783587984623725393621289602767941135515903147087378255640839285050097397319460,3138709124050895532885399215246239595728871953317439566966107679770835242869896,4357185555993958400240804174475053665259364967926544402750539570445653592056,8688844431468011671360492126037016499662524336876536998913666855683072257784
1767,827206275112078390691445167084780695144150369284346831283412827393047400268232,3313422328544147750735036724928391252617273805369910038791989682905518091265952,4597228095834187969256056589268472040672328232522713658338373333328490193024,9167537376002495740782546109864986170321856300672279984871927918242728862148
1768,873239392427287530129837038605408271168412047894813920897641071520503792580953,3497807992842210404497555354881917217142545389013788313209712988533726927981205,4850423133060283978207200460284132468897197434532629619148702451711757657393,9672459804810435912881120271374307636869731591407802591841302493525988319197
1769,921820302716637909780064374758063368506764104169544720159578954075731364089518,3692398698283838550029875099812428729621702318096201564019685792885845482947332,5117487417286910909617600780175255594645901418022683381369976582920026589260,10205041143565491769801114976985547953885345438534976392249498723909718250874
1770,973089253868649751910400577350554177781734235059602002602004520929318270779532,3897756192020613115285089511531794628135330773859227960039777327635747986202544,5399176546014107643487202129577917008393833620819949631759243918474903084416,10766788295146419722894666788854386034471526680613145210118730397783948289085
1771,1027194172128722985158053922655257231351176969509737883289587413005162349812512,4114472975573677332249257126917049320285604906475110389756465305059651268080800,5696287058785391617041436296020394880897028436158856598115653039001868830752,11359289816289651708953203665888793636645676852856033696596442674000778623044
1772,1084291080200324164751623866756114272883327574624260692780168006083465483522907,4343173979444920678039056088882192765485109456494773499155766424042509774982303,6009658643624019032560621857735673951799157997730728035094399708647840890675,11984220318179128825631346579888753049230417403780679682613141558955225023247
1773,1144544537989336142403104360268956077277698925960521199235514602408621528245532,4584518328419079207165551616244718716432764244737213320044036528492274024800408,6340176461734637553134175168894407321968540895128523101978118857787911818280,12643345102915183336696565397382505748150238222776711488968985466905742916602
1774,1208128107211225064876466572912220449139266322731807345100671436294335499854508,4839201202441675371897367338858263635146026770779121356614397414621864453608668,6688773596775112391501047209381838588961479851891976211711669444522454190636,13338525048437635605320195251018967765607737799468215682090781679826178990155
1775,1275224841146019748036913031118760561996991332865789263363703635741698552161042,5107955798219416593950382909520771938798987206040368871618636541976183443407232,7056433635337601802730785045729690811021874577211818163821999009389234763064,14071721755145057321199848048963384939697909219339478433878241224728560990304
1776,1346027800894920508831256874333616135328395587889073315599071347057182172459884,5391555396965311917900309764743165579896532815237168874127787296740519610655948,7444193385629882575282267408701038582950463680875611731501908511790920816412,14845002968154101896911284559885337444585173935552487504911627410017177450152
1777,1420740599564842649649500378072925141567460764222294946320694639128840251146212,5690815544001089003473334883522640699953075765038696348821326856762520982946088,7853145741718404875333371230940133683232708149516563538548300247159978361240,15660548289881761623098263557081478958997340604727472184388805257665205041424
1778,1499577975883548211798304140878378932166808976528713596782300226628429169568916,6006596346235277408868524529861408906077043859525087759137551506326628593821724,8284442701084561675307966347893177409807953410233372008350599812911915546060,16520655198411319822164527559293086067425144684863935622685089542106238585496
1779,1582766398828432816592686083405398539523064027436331730348912386487982976095504,6339804893857387481042928016936112939452678934373742352771630755502245343238496,8739298543656214672183683314518781360422824628415431375981209550313438856480,17427745387921666779213840735935827251666980362263183317854599611509138541136
1780,1670544704936727634791741865238849863728352117071473942055916134906044925823888,6691397812927819242300510743448607209489446106412688927327160911433448359432404,9218993180908703133543282493207754576037638126793159103496371809268656136852,18384371448321689083179239437790236661132097190291980921450906755586266777136
1781,1763164770054076344864143235964725538375701989786719580262411001842621889473222,7062383955900389887159379798404956487690079340708636523005965133304836200773736,9724875684084507702806854546054334187271381561758201956321125934348642880848,19393223902138883601286328443855008163866062257001021123274065940184825147424
1782,1860892217372391864942172745213071197122552701983477276080333205672760492484996,7453827237490627099876896933071658416829693532151049788384913546121699935175164,10258368001059640108205952219373628339482724217140684063580723430657965235180,20457138617666567858648079710352650938980957146465669700144190945475893060096
1783,1964007163706838734124722765843444109817112857650008079085685397492353866453836,7866849623699243872826479105500178146279316412909274049216718334931341444099776,10820968871888936327588042126401707010864982309241732873976744961925978284432,21579104618379560232065037761817800310008689315810995452856375992777774523184
1784,2072805006065988549888780893459054965702254783684052332151918010221425806248941,8302634282217547264327974696033176603394814688793293215221592907736940083584461,11414257953593064772851122196956740585795554057083886613920866851236858588697,22762272309686618551913418104478727665875395125794905173069783995957130560073
1785,2187597250678936017226042109698764644647685769450901486837335681995889142802360,8762428902881052679807408937000439009547601301659246631555559856022279150429740,12039900165308610903240498205380430956858223855640684206217128038722579220300,24009962145202023977938650434263949037288336981934250329092375479740427360594
1786,2308712386758734740329127335947447415690329077285200531579807240700000597806588,9247549197300449487380829688273846097932012582065080448426807671934236862544516,12699650265510526064320344484056435170696272924278322107578709134234471318164,25325673755891392093986510306144682231624667539880400537280867626618645269497
1787,2436496807403223094341205828618513232400534375975956153681928105175655771560952,9759382587286527445373784683562601497711708550063631990377016740171741519158784,13395357673635068008961369088548568109571046159807375649304319469118432914976,26713095566681150419534244015348311395284687592717725078961252325546944499492
1788,2571315780162485759754288020671262954178559548927485694186230629741093561397270,10299392092199025769191705793018110676140376497894644438733542937130443155290090,14128971549082730174553710333058859426138302184701661988620418166068909701010,28176114926420365824966114166753778648971979832460906406317128721196979517038
1789,2713554469937177241284516062013498397064905224228489735142675273975123402053728,10869120425889975222285739623355178670125050463665317459515754643470902863318716,14902546141266257147675375301185081865429566751358518945053547570409255103804,29718828778451129276112720881558815556006017939660572425685509381758071897320
1790,2863619017014079322318693824226367003286557275869709036782571580742011044034540,11470194314481407753344453608595184515410955311156550668355599219574190270768756,15718246425090464069678311689716502264726207677714521225312896606146094630596,31345554900483077964680154902937851301230881720560188057632869762827699421414
1791,3021937673194953198734140684436012387939505864514766419124756118583074390704754,12104329046816822895206671652910635289425224268329415783799845832582589493337856,16578354037010100270108915166585737667200810270350107300821358250291930518840,33060843743982610803504059075444928728364109681631906604402036905111815119060
1792,3188961999132377129265503622400766059698703566689172072369976998667513926105790,12773333270057119919297603653094222892476022004052692586424691735788073277839602,17485273527611402235589163491158653681207737296004296944783741118017573416442,34869490904881882228713955868136829036528778550411687180599290197084561932646
1793,3365168126152250872134908312023362930575404936372516038501678688610771934820400,13479114043556507839632892630037000772168892588072781539760023244267196838826944,18441538947504351093259381943549049867272842582717385753308489824109099545344,36776550259090896244356976759190276642072848296812150710485605273639776485596
1794,3551058086017439980548827820757391055936586276637367595890729733661138683093048,14223682164853958098473935866043822408744564746865400441458128360443453128380688,19449820784198176278624583014258184998219640315930057895209425798898396008496,38787347798062338505754259064043756882801574772529948362773607697132728566402
1795,3747161212271090374796548159131653205677755425844142299686677574875410616154754,15009157782352926134118199092558474230964814094310364861742325194336206218533632,20512933268564634932006456031861408253792390933795662995614894834563753914616,40907496201517776803219990507830185644577188652345518586091717716496800599200
1796,3954035616991955016359996728799154255562549786858736072041128361368091688513548,15837776310038294535904165295229382664058660195579830150626486538062062260401160,21633842070474470464178380032765641808461048144885862461973092589695506346968,43142910186400366141702976156256610873596753824500868599964509833102951714584
1797,4172269746998154118720223475752471439690853310949349474061589074695430305277276,16711894660396841239023690201695036895409619215622296053088478976399253063016796,22815672404224764142796298685151136646205971824898156842122677617531841907692,45499822673178301333558703794745798257112918773000613577831094611334760748108
1798,4402484023750679234522256664615402036068012792061234026587399689777789138023196,17633997812568178261410510603079629532698314107878031342774323325649793119059624,24061717565461323321483944618021388426262939633095236424724566538636566966840,47984801812790319267295494918938405937735872213269387223851910913349253427192
1799,4645332571434219214193094777023328264123136443922962033333292782094702847176036,18606705733659320477863045485094989756360509039584839341672212595449065853218176,25375447922443621090666377001676699867963263892991208339041467070254464514032,50604768919805194065714480630767586373500039451072709212044920548732678115724
1800,4901505037931131730926069885718278022327986763975181345236830610993363345342028,19632780672110230006770796167172260859295115414693582723753353999294371119327064,26760520385703083066516624299148769983168358792857342806031555320917737958952,53367017359767312455215800061910879272411443401935383183252134046032531950336
1801,5171728513655238499434837573038606608577929763149203460400649678878508860091044,20715134843002365827800004836960402196222706630789815171406113860856258085128720,28220788381411830060654544805975761910987578193001329803515145342222644764544,56279232441226292121457987710870233992984840987489065571618457716581699692768
1802,5456769553476249199489989277899025982489420709492933780558250663229282250540052,21856838526260108412611458408351300433665995664321850276986487018092052391863976,29760312355111614651501296755196503708312826350115154753484365174923389703768,59349512365606763782244901602756900515697817435802657927613295673907340933600
1803,5757436307243716919173399208274913211203094516491276840000930276730389437999832,23061128599808722766264357400854464628630106655690662850759852105040435825146016,31383370833855089570760567754811783817728589725555490756130998118878073146688,62586390290871768841445421112265957520821957836777468192991929712589126546784
1804,6074580764712231686687311743024840833383004788317825914172654304748941175080577,24331417530925214096409556141808405677165499158948406010959012084958833602405609,33094472076287349660309169709042343633480005677102354268394865963068902083301,65998857567876976492299748450776853571281511888930586425794892970014343977553
1805,6409101120977841857051412239044565611380993786156035434569356009393758138329562,25671302850253116146682173614596098693783493695819702045378054374556194392166096,34898366341748718476524658417836248259518551195560307100630336981161838847848,69596388211410720127418731833751968082602033613552874219882309678963012500894
1806,6761944268860269720717796108814803868499655660851975610755770314806785228918968,27084577134252192907714266795105158348977644650934691694335232729756786365768872,36800058811114024843082359845942874979022007526789251312151470529645450093000,73388964671174710759475707721366638576156418243693614538136065603231183842289
1807,7134108425007214236322097687531380319515547588989946969879522260665194197374134,28575238523222660306574625439527369931011292469511584789338279234367876080161632,38804823193803361286234689401848652949102113551796909820190191707099290665096,77387104971390637828265463913151926839496863461903446045868149410497740789984
1808,7526645896856811577125773439160994767748728829119177237394216561024132895899750,30147501803484455290137689309806696230620208704230227039959985790948878964318030,40918216057208981634595553162717159625293387753518090383119546852347380719030,81601891291327584702705225857114717575268416141749155618660051969913169763638
1809,7940665997973101653489691818293168251154526030615662822324162518450053513934852,31805810083809093869456401662902030985210489651787821302150026938507357786660940,43146091916687255497634389729357980592385529325170012853376864707143730921532,86045000062843595755648482816008454981364712838952011568334590977475938186512
1810,8377338119668123930669658644851184047340939438482989273440681019533722270236528,33554847097798764093804818254884506107643718197913803202127157721315762257369028,45494619126268371126183675479769918279960443981846108364433643180873176422916,90728733665031645029704238887140367842947598568387637787089635249925648365178
1811,8837894967244088842943347129332360766048672015642815413374314227965329432668112,35399550165588700309700670921305941197869547695335515995977832508519125808602048,47970296612344937927282403976498133674859632764254342480575596657808077929600,95666053800265991547436074438959967792600951295730893873544004394959080524932
1812,9323635969631046903736979434060926189192490362222482143644862733831675098350785,37345123850019006840659448206514841112703230456366137993144827886494502990311781,50579971494819225711530470271136355933269007476209418565376951167802596908641,100870616640370315062924618787464824607853263608909203316320590772013630476713
1813,9835930871660768920505879600059335035909553246984770527194003883725809491690064,39397054344285598892861246440169772108359822538340906332537392791035471810271248,53330857642523210837728039932431964721609550401824223761377256132233843510992,106356809836285521243020948446031080822909320944146342225569526565591638249734
1814,10376223518707380934449705932468389986867967730782556320288801079004733608272056,41561124630041705634473241084477755189981116406204880223641128547018770246285748,56230555212181896674417354604195242509245483074654942485924230999835813197524,112139791489514689410196410653052085964701785889205551711170851442329616055033
1815,10946035843940953860698986725372097512430632327667249420795430112617278218644084,43843430446986590307743940140189186712960513450212600310014134627558290029439232,59287071222774864947993238700796663237984139543602626832414177089177154862896,118235531188777931658704411403448441358103176143746195269270324556221347138984
1816,11546972068983084711195656367047590953419270343326610596741835713755120827765649,46250397117152209194914131306671347806788919533346739665055487236745965535459845,62508841219870350131505838480983993111838160040297278088144381725482224397249,124660853220734213899492110770729570849009039126419268668346528648155722867129
1817,12180723129324948797514431230227384462519824659218090684803516766823631931960824,48788797269387162499245499605371262447811078009925839754757830776601359141201648,65904752087367309187774684461724597731779373053477015543763709306831413358352,131433482069334417161177132217753547193752393444960734660990930667718099721190
1818,12849071336469849808088092028040640188856405301466938004648630795928947036935380,51465769511946490575456490357091912642655285339672252482428804050533813871934088,69484166067091343104122244929351887229664133804500463834280866818025724192568,138572090324374771879622453020735553822048853167312637968629734077061124990637
1819,13553895289395524678733368404260951414988904076254946113739290845258176733357976,54288838103631956368863689612619911632055441065930675747577340203804268544840704,73256946049857653930215995576105972099824760910891292620176822771561611408800,146096349126137717196208503807348794555948396512010537477562879337999942174176
1820,14297175048598032497144181747070877433829165531070169643775027183635161048053734,57265933676597076618511295864324290686131147596053933444402764094581840093580710,77233482204946629934568876040780950814485471773254869302655360041195901365774,154026981279654456240406996176380064675550803864834431676887737507116875833390
1821,15080997586680717559265594686642405882401736707116193112228394600976334284662216,60405415066741313937355447499501575841251415257776719814816227144757463106053400,81424720018443700293068752931952311644468429311947365902648740852125967404536,162385817179117069196545383472906101044561131599528673588039159398051463732684
1822,15907562530190323357107137477442144874097124085021594862998107693977655374214176,63716092310575877217428823780966188035145873996192110906422657178428157182108344,85842189814583789000273871197608538757377656105731454430226402517535685251640,171195853690325961229224646287327038774191076692604721192966983495071063582254
1823,16779188208179779637173472245253173105685166153295853084747055377232999627529528,67207250870557240037689241724407740889669606867705102278773161789663862974712896,90498037838121488995352743395048466928942254521689939784940280731864464594784,180481316146799540187041661976940660629274133097600280744074577565011716549608
1824,17698318023795522281344362920158779038342625825541093820412864806348662078670106,70888677154161920048491044348296586028491457258727441417556296911281235093118746,95405058979830923113592667661469875120953956563066135904837685886586778438322,190267723623317190541384680447292284298117519509347766432630510381666325801298
1825,18667527166048575036521008812660463453313146859964783178629578199505140727676619,74770685395425834768544400196305217229947396996019240887292784208960273883163004,100576731231534622460364945663363416694809556160108172774471410939710972456528,200581957659234709251553224119786062634089346269460330953352176061666671638408
1826,19689529679835273798963061749267408761103043422115522890918543004222387535426900,78864145971302674834093546516584629395079637523575896942725805818884995384518336,106027251961579638241299519514994350667463835113805379051633801995445242810736,211452334612925345495790472270780963676300790264856585696534312245682711311074
1827,20767185913227816084782749132710338502032465587177843328531841942447051978366462,83180515229017697418839995371627120750517461091463048179704685457082647526190336,111771576106433079708998840785766742387598742751674865577317687294439612724488,222908681838182519197302534763079190305583040330495181545858028272930640316668
1828,21903510362059261487628379988767553369536659042127331158173740169383184002473877,87731866904616116454637647951943655055642511025610732049513656755182706844676513,117825456379070504124127996873441577495874857101407416818696077649970834781005,234982417883396451051203725274042949687226366260532632830091659902407176814177
1829,23101679932884813865223617163663305087722081384716734974907526923070907715255924,92530925217139347326981908811936226116616319245524561262190577673602084516104916,124205485600091866087440157283005765727993706657621362560469981318453655081220,247706636924811836546608279676036755848758285766145342867949620319318352942226
1830,24365042646513939463706423843070237796556374483843896999563513047423306252942336,97591099727318792367964991943861318153209615392776516537369585816452628745939020,130929141263034513139296571580366966984117457400928539115533626759403734169676,261116197656214168638822271932520975619487927338126062502087224431166558405701
1831,25697126805479017210993653350218343476277674449150137624778141562354225600521168,102926522054367243977922481965528199154624289815369280659678283071458497821684032,138014832451175133947868564654825249513592018768730160565716822041595419599360,275247816869006568974406889741788964821378275340808847129689112155324845910908
1832,27101650650038828695405474242680833231000572120157078480399406144843147301493744,108552084549384552275494018130476449245940883390675584650741234203196868107501220,145481949229237493872121159753116321938594910047270729143609623824278901526244,290140167968856687614046143281369089901919152713539868754253876732501210072176
1833,28582532528612485068031162501899982889328056759140552908632035005510423856918476,114483481029089806136034899866290786186567347664357821633903449693170940698812048,153350914639865863910249858690854629255120627795609999375309671129245271138144,305833984687945562969345570866086849309870698375932992099264358235702305493640
1834,30143901609904732095875951115644989631671020382002390353195342125292735932432656,120737249679060430083920441887372226644834562790127936033663724773754387893449600,161643239441501700416637424792268118150481262118374620882356272583444163718976,322372170265370087344660285267103517640750852087877416598059590609374603326724
1835,31790109165420523939903537376536990031726133648785224597994172981814973116930396,127330818241413526406256296129733446503331035715565735367451483421214483109918240,170381579731430646642146623585486376426501120424836975474791493954590642196656,339799912382472374450312221279779400229257799667684934027483566876648021831088
1836,33525740452579046343916960416727874483985455490252583998550567151901425574454693,134282551607921451848891178560949113358991438501703404327186518784815652869237937,179589797605266473223336894037615423049616540693068332984250177209950571419165,358164804154829120299028188854446997163929860699869625947276716141074542851057
1837,35355627230228930032892638231724638402064860795106633354811082816488636778788032,141611801945927747388215065126019767028996737492471205291591494183252254260433688,189293025012027256644512199121213420737294312044671872347162917297707145281560,377516971498370096689004133854986814344896204630132004669940034835431631876054
1838,37284860940041358303350770340702634406760683773747580146960224726188229086455116,149338961491137690210270568872369897613899318596863980635896701120532945478474108,199517730972256996867487509559359986856583501873660048055802215780029132653644,397909207203647282731617181279476914897282113624974379900231538844089826844669
1839,39318806589020486466578286677545263718763672590978052003260580976156673007553780,157485518148417319979653865553780457158716428107163824661928237340255448397912704,210291792335374113340718843599402283661737743251616648885913435628756367697584,419397112069686947327792935060428959914528405907068681726329282441811701398176
1840,41463117370225627811535150968558443484199589908819102090234368957900120345277105,166074114049164120277961321863524168075865351910595037560867050159424098666860449,221644568261609031820717989290394139066992275318629199929574327823617285752029,442039243467170528924159628333151372331814293131368872907276599446147349509149
1841,43723750060751830957613382592292337624848450837153682281415917335909176723513142,175128607221630873551794888242438122286539058646768445362210768495632384098603068,233606978623549721341357873268771787145255298153716236547099151995677204550500,465897271719952975526110069170243293524782932742194902404905517039635162794874
1842,46106981238069835995532032911295487723029930532026942320228810178648882883306792,184674136538811815079116523845779602663003944796798020334588745026511074170145672,246211586532471096988392200597651770884222668690251053673504311915542636918504,491036144714188253488069224427526165791179413856167171034258194670404639799985
1843,48619424357988272901627611857758503889866653093585593949323023349123305516497504,194737190117158399070480673185093607134275464542060390144933531367401651538636416,259492685205307463970225754059591574808852167718014347641437970908429472646400,517524261165642464042513735972524094806633595232794837966809810011887296948140
1844,51268047739775952204909981352564219077525130151835741153806487485126983822620479,205345677348503172578105615794730480660541446218358641437481601589104186847831395,273486389399363758465690384473604350440925611015676822255651648596251557349479,545433652998189516260793270322869054994461931035881482203283880811957940704235
1845,54060193506376081449929684343210422288470437336095683337893096020744299933161146,216529004757158005547242498412252863058544453768829004940504109205511821466974068,288230731653679747523761039411173904662704424446271588931725122534621734329484,574840177310059461511940007885508871737025874172112210474437394705099309947694
1846,57003597530163413036042073035942241576303633843651210572774829911618895416041592,228318155884242043695585500412874282425543332441787551119714364477560662012785020,303765763588391551417208269105316120328797067182708828615044831085080348618652,605823718429205179206119383099036968995871122488182676187747655641205926668279
1847,60106410437346201363760432441998758958259920006047688046169190229066563307329000,240745775411911313805232598446813353909028599787024239890459282041469271709815168,320133662526508350190868678818318075988919762833487705782521125203018480499168,638468400585231961304096033317652116486388672278142591534662291859769151219196
1848,63377219726904268651025078298152674340926333504665024434373273650288384884069187,253846257751333346652271441534126083555217926010552843534185665406972769349718375,337378843716272048171128341515386191512591991892745796692570805819229813441627,672862811752762737391745053373658162704058878291914872981465801594887942873059
1849,66825073062889652337713018403597106392427461807373612017474262636210697464217232,267655840330005338159054116303395737416025386329929373492989849400209572190521252,355548078446728808202042689007311846315539100434925423092798855366782333652324,709100239249958659743831681956924214618134095847926315077800627733305200899670
1850,70459502802004808217699313255737750468522784004454244911087012292849362828510266,282212701826383583196618192057505509298817948587726224297362667904755026404559416,374690618364350325820939034554507424726812569909244653014618733357575090518352,747278917706253530781400984840118021985101938420320845568634511308651373235287
1851,74290551821623139529102140275325799041053371596425294469256922577284412780273528,297557065612807096076313267942372330464749878003612438033404142378403995500814688,394858326314537959904706841069134300536391617911260156376452069266344379720576,787502290045267842131000130757049283139367158089362931668655969103514882217108
1852,78328800716836092205005122092522847988906404879663443951996332415767580861637899,313731308681393033626250794946369397900323079664730177865573527880396867552015947,416105814048664806230306576278005944697460146076402057588198217326544105464351,829879282162424670242451119130246269641272245231526096127911028343902954945987
1853,82585396438709012326983689610269246122895556766209616376364644861222580992946960,330780076341991051306040834163283583864523724876563621941234566887709545334108116,438490587155001998106075722206599372941497811725156435775987442819221362320276,874524592012080129852512212917118528627443550715704243491653505319805730890910
1854,87072082449713670753943411161460501190687341281461265203894638547670061788804256,348750402996445163637463620720225646470579454622269671063363093532399264307549892,462073197590480621689976074383641707830089496424610247784539341719017152332868,921558993856094651632747340027876641855084533872605046467487637377041191349607
1855,91801230476288567768296220239363215174814249081841234688959088481583471645214486,367691839309364077678269780795766098028075129784138717647161739999182629269671040,486917404209806605084899838313237328818133456773778891325386072848742688813096,971109658464801709383373518598388951439945416162997461670119822093645988679372
1856,96785873942669086456447891449040782936757520072259305167241812286175020009086581,387656586112385367968350130858640249823743011386283440405353175601905611430659901,513090341709022142558565062477118076712931097246219736385926457205531394313577,1023310490102376249274189987333700238172206440275676174392789135939617198867713
1857,102039743174539045550063632602747318353134848515821308340020117336031514031789056,408699635396578427733857822371854116806329979428023618980738111655600914471940112,540662698422245533603291960864843393790585364738385620657642311474858344783888,1078302481171769475427341450339715186919086439595455817193500450972320880291350
1858,107577302465694544957389919759285193884770287143296092084407732143935085952291080,430878918766211256116703743783640105533837419545237796237294283764258223821566728,569708903433076287144064746499329994756270972053427899663355188517880012402408,1136234085439768617338229898572121744920472075473998681171236054962006308346405
1859,113413789105792119352718976082587386168050111301729007383881034426745229162599710,454255463746654558696515062754459715733617969076988654773505721337567612505963456,600307323486081285639158424110171061417523870072625237981583630586695855564616,1197261610810474196965397559033621472273109414536681279655265464652079334770112
1860,119565254472388650905853247253090660307479986552186835754082228661565511408774136,478893558359763544594153602675970622870698612492029158588972868662810021569085552,632540470208940970740613663607981640778666283281815572643954016547975933989008,1261549632665683317827220950691296937300093883289645279255709751933020378725368
1861,126048607295883421801985411040226281501078905104139724500928877877235454391429982,504860924401715982433882208266255472615118622731426804985006102999516232936668992,666495218182295225940564105350346610803002314867906981290591490574415370949064,1329271428843451942090065668773942607339366824357142580566087011463802304461344
1862,132881659211656970401014862141114174898734832100907201920456667577444201842076824,532228899881050035052525697051850337604604265535691458474567283905078944666984596,702263034422153448466248487393638009664937132062650792740613595302137298677300,1400609437381614778914883195310015245065632564867007093527946568856500362732164
1863,140083172719681625830991223783462268651258380247089310997706392753319059363042424,561072631098595495498782039678722020619015397584943991687822271426661604389547840,739940219868992174817144544872946013981876596586747696996700413385366937378144,1475755738211407827612853841276818024925489244987879723693806616019947992247640
1864,147672911678170059585819098934142454281970165020113569205634180736986460135666813,591471274876188668415593234590200270139341768280469386904993478912520786076079837,779628163508430072316838853630453011461108200015110082456755964574945533412585,1554912560047712470554852284606566505915238646272862003916219964276521963968753
1865,155671694464447023842733709325061794229568592258558477112936397814433923209028802,623508211467568816773777251395683908934668636211358426289741111172123530856306872,821433609780721402842414095436732016394267177124517837995519914387838020191664,1638292813786975441372821894005389275000497235363644167576424773743563093695038
1866,164101449943192589182302370912522207956098264050228596500552725888513193570619936,657271268712740683143283044660697417302910110658643143238527500019931111561697084,865468939970326414073561010608585478517054457728757236316596465878337279217340,1726120653791718011321776459529869572914606516395677564038756588204835925163177
1867,172985276389530466062990678338898495832165910771547534468240163367884956313743384,692852958026424450119136027152362807251173279556689675148327823455806048541182336,911852468302585867173313796768823922509636470499537275367169984266223286208800,1818632068511900606347189226651881580021694450761814961013934588067356274095040
1868,182347503522141128765184813246429478161641639081834432701604255688185838099310593,730350722842076651826822655842282403454738789449076676226889301872949908846284625,960708753512136766083402856564490808172233121738945420472279120206556449042253,1916075501968434731833646198254206255302340994340469168761154981268923325617037
1869,192213757809686155638521245336948893865971243680274353813018413657960678588941222,769867200165431874134769771079064641914367314529566495898827400886712193376966188,1012168926687251580684789731269066450482339808469080646753746254869479021201300,2018712507703020600260486546862642256063015188102818593376620596618424225579274
1870,202611031222358166846529435596083186868443510799204951416003387968365854703771572,811510495925668530309526123865442843831835983399990208319186352587732557025405400,1066371036235862923408381481110096358061940203170402655172800714269138210319112,2126818436881433866809237549595963457840143789933892748420852687258079117757649
1871,213567753609341757176201810846112349818943024833869259248084011043244753110900036,855394474848229782565401789097646937039217594719004003160099373551751875370591840,1123460410862753860594545713197537763445495383526966167763329378772862926991696,2240683162324596081119312445825891289912942448590082420554069262998954696747228
1872,225113868892407783431609750260120710086919857973536878846103500457853847649856057,901639065611124493956713523407124840585984595580734953774245533825814130184964837,1183590041493360230274522366642000238305163686587438389831531994398739585540609,2360611840333459135436069077273810339385389542717155773233139310042936469186557
1873,237280915275790347095816637238298680571433833780333175258399292462100037481094312,950370582086289348863202543183607192613018760610816493119196406678392982249615376,1246920983127960479935994230412470327283425489483792085599236829992832325238128,2486925712270143515177285467004448480267164168350588730804712578516597250277542
1874,250102109682938124224781711728782610086479630764525504787817646384660951910508840,1001722061509413338363715489471197281790953303085531003711150818366992459211241136,1313622777660841464588642556066841445034780027428984559880232828348651569205776,2619962947959134594023926511107737150900377444632971247003538836020624896975221
1875,263612436641715947352070515320142852891692658859553105889431487447385307975014896,1055833620465616241745313185644018004372156198541825050546656047505010292871790656,1383873898752452337031124363446592805385563103612626988930097715469060971731072,2760079533078913881084749885230633403268352981579536243550817449418356698923760
1876,277848741851186716948809704796578224581649333301469273128810298853857733147489312,1112852829624645594351494752403477153115248466025628370563531669798893617244775848,1457862219898726556255933217164254788651132819751278048290474383462684654818600,2907650202826449224583870586638426161889372027509273181370393155865490712435672
1877,292849830675257227960265415747899077419663117011008346828137154308485807416274216,1172935108207929716199430066018225242195622931629711725110057583561863192754199204,1535785506900804358368403026628932516970463585678337797508966327919963089102340,3063069424254769241753746855288940337282198120280034529650291469086251136438164
1878,308656571821255265638777410652985484814051565929236185632285650063952663185869240,1236244139221021534681772408010383266845376928400971254648383735771752389319536920,1617851936000472126662765398441327589170664684026512119241135515941736576059960,3226752429807696634407028377409935569379531167176174991800238446919621055914360
1879,325312006474951867205455951016324198496863686514821217171940515892828017588792928,1302952306538819374622696519713301100666877556484496640235510053359750810938069088,1704280639011905800872715648004306679422810425211771547747989788438740582897376,3399136304706021458581769710759809171746631312265856048800165378109225053194452
1880,342861463177686143128165019025405014767191008267051023610222651895737289103458829,1373241154987593497996416218311067488667215989124834085697551236989778914304958281,1795302276848925483756142209447429598451956056629991256660629406829757891122965,3580681130976283432795586894848554178837804556812059874914866042029681748357025
1881,361352678746126438933504321011320849227095473340346460090795423297129127584980836,1447301874627424864437693620709482411485406107050200997922780620142684941371255376,1891159642919108703676336664199014577024213688815157559598926954168431031332032,3771871191057243067557703800648534817851685285029466763188199522877923699407902
1882,380835925550848673507126926020141897253168382842924617693016422793754066131354596,1525335810501326644052279762315096974753534329450735700311942693766640845811960164,1992108297931950023772058234529385740860798079037229539877002591624581286541780,3973216234070413173308739207199640449938104475167790163932690471049877374407693
1883,401364145486370127947506637874702319904390486256803965533960577868089989737235336,1607554999183228495410761284275966643370410540007781654251202817182088738383659968,2098417237747983620734732777157363752848594980565792115360505709728779434718624,4185252808000071743895380355255105348747988156511251550098049791491988130995016
1884,422993090982586531337738608156040135467043289216685911611268377944575497260552136,1694182733526325726789720259330953026737696620157824602278842241322586302910495448,2210369595979601438765826706792484869523463291080955833768729544284313868286904,4408545661195380020477453094116714750409869592996994088379300725049671955135676
1885,445781473425765887173774688141226891729256962925757519847643524098866132323548624,1785454157086205959665967498517962695884695948480750867413574142761593015009857824,2328263383142410970868745953055128967668096777720788023000046366128485715663328,4643689216783001497288264132023285779713248172883317107092477298509147572526896
1886,469791119376400246383638395134480666109306317224012479583244309417070920071619284,1881616889769849588150946956921498045818927853796050163201628058429550071576724528,2452412264248602616393376383575381381702584900000244868650820761266391290247392,4891309123763395608732219216525680787232576992373030653322014228950344467504328
1887,495087134991355063124831900144054441774782597204554808649613396184200804464891820,1982931686342251419501939974887905614413255749404242193951675215546089844089548544,2583146376831167002612374311687847314125360586022959353221630809286626229981264,5152063888758202866013559562872218660095990292892734961993241448582715945957312
1888,521738079078935855012492459381608507986086191308438319978126172752324003089040129,2089673129507233579446991851629576352535723072856154291797358178810361405064006617,2720813191490159397022014103142320591378307622401011884853487801065392707846101,5426646592580328594058858775263169528139427843720067095635806147731788461634057
1889,549816145237767227727691681159105975401640744242034842341947180486988364832402312,2202130359368228716299190149791421412011851919113949278632299800152035016971373144,2865778417159805388423425154997510405288942145809909264511078204081557641763896,5715786696012976907146421420174321353661522805882888989258658077402050932908454
1890,579397353553806256118600676688720940260233866903012546669185854669218443822039852,2320607841168633370737815696494066350636295922206741843504528393895661580316666968,3018426953408346263412989739182589595360454594691656827784975218787805028507560,6020251939409517586427248540799879148315156834997578037286972401952951437927297
1891,610561752354449964077905522145256935642123566884104732540769591142435672033672174,2445426173310001270668358929259287839993756230123312057061622843346249228034956256,3179163892201414356736840678260097425261962586893126898544478776506539900267560,6340850340963245491917686062576550733016304823777648684865855706961084372995464
1892,643393630544607467669793617354661791800899615910466498687879599965628962495304814,2576922937750114573397005702472378850789351326744443988105148457935185566653840806,3348415571684702717831233053731683585752863102577993353630058072669716672621550,6678432298745402798103540447869521438134788704561717486431165138348690900595262
1893,677981741076856678269513029740350922520635419414411239943444955645567861081327564,2715453594992099772316989267719223931691308526037476902748694632144770273421600656,3526630684673059238937148757820241608766848379831942974914809562498829096290400,7033892801871896191336792033754070106362102671900983600020559620648368148875300
1894,714419536136462089020907479533274479290805868019071596690721964468583221832459060,2861392425990519574213102156526905812858997226167536871623290899059934220282880360,3714281444671218129472238393807895695773754091250484860403041185601332953044120,7408173756434602976129323560836800265731500837027054231050092705579240093519854
1895,752805414652166389141617796017726075807377195019897030273910017998060192709856928,3015133523421062079519391497141694696864587016267675246552268230349241732799870944,3911864812396522952920313070790393635078236188087125456628158357000961960443232,7802266432122703410176451807107002837901089970078406054381064374143565655710880
1896,793242982775360462033448217869064621114751537667665283540290025404044484925395993,3177091834887368402443923484182236184325248910777980595996299078281242531224163445,4119903785926554310130612705977699866242760107319461835138976665064591522579473,8217214035763817618242646425752603455072104410166974515053516642693285907301917
1897,835841328003563603263203207723089219287768347779101692628511905628127853063239546,3347704260772009341811108782152230408432704346861803456504059184353509125530524896,4338948757754928758295951259873531281630955745396685990011561840997713277566712,8654114418334616442653310929452736646793541573517511063729258140265795882068950
1898,880715307659192502062189184845724228705332177099980618451612767810794246638647052,3527430809578977088120138372247307955189913849380661792928965380231063883215790672,4569578942207079871381632864411040368585140980739319122514308987886896661202464,9114122922326806941844292125083322649754066435035475917146089805288163378904325
1899,927985852471451911507390456675586112378794565467451050953677740360084880302791336,3716755813762652629709558688503249275367989046364072978016437097171016825476859168,4812403876844983679996861800904825852810784494268774201726135730677304265693824,9598455376707795280390726160863773420865694464552848662565521062398184575802720
1900,977780286047934739937216514352139916819191356264386636582001247295998588911331973,3916189209193414946068846855772894149087997802443725116681673657041176557664999335,5068065001675986319980798364334481811232377386178570353668667857182202019671443,10108391247086774769867851013703553541933559096240953577764842930206789927071671
1901,1030232661063272015682130598000106120532278506146908722595581423067763203918415880,4126267881573264653637891742800651689465152846796607287442391748520459880768161488,5337237320176590909369350800227207336038822208972397060066056249407065094497968,10645276949087391209756719758112666657146288273230032095481531609123590915021986
1902,1085484113035026269832084936189955309562377714507064725587851318444455500199758408,4347557083286452825338899126670144667611672869699273505252295069108011109857619212,5620631146347746010559381910323429362162011671014602900889795330189109058585580,11210529333338464131962496841735437769364978549784047049185229108267905986295571
1903,1143683232602083035747384656852202257757708152985570763022819534301000927852190364,4580651924350566499429604885375328804310444068080040954973167475100686980970027968,5918993942234356440066257966519773279611456137757902881889337896683269561266512,11805639350925502389698374835691158552251175478101231910969085405124642022951032
1904,1204986457268177560119679343332991190104489650727156461997758382573159822631400442,4826178941323279181661457361481628122821729883660352281214410907006436701181622094,6233112250568941182739988149663362403771280751726433223377376713797410656020326,12432175908599008141146717401115181812514617199543876520371025913073849099185370
1905,1269558483623016410606121435946894488055090787240078040001765332843773539383418834,5084797748219503794580384531031084259586357133850031293251059404184770225448768800,6563813727438152155898787243506307365993984889719133243998072809676067915093464,13091789923511930687074693443156818253341434609367685795405065272583804055552580
1906,1337572701105841465373621363383888801359468654361132606847268206479243747945729284,5357202773703487690686299902374355387962116158177844083358749938320541886977818580,6911969280121829191814448838800182524241540733313655969677112403566895194901444,13786218587759283186988201793814991611131774138133778071042036957438137261903074
1907,1409211648431368167788068940009202639542476007234910074671235931692091406665084858,5644125089040990689309611618047137848244844406334204542328051867506397666244568448,7278495315518018157335858010327290074940377394564243643108140738032039584229016,14517289853519102517396344329511331906969223828547668861611395050084117737700088
1908,1484667493855949006996492952232162296256982202921109420089516077405496785100175571,5946334331528640597027397040017229624161043210876244309296155454802000189313452411,7664356104844569041425231088580439133114399191806628938091145180013048912750127,15286927150146909094473706297309315633470556385679307998801658109746743802134095
1909,1564142540522712058186772786698540872553570751156590127300276560568836946140989592,6264640728361447473000486179193600469451335457722389495883267772491715017197390704,8070566270599240253395032399436979237052453096028986682161530216367232633432336,16097154345156968255303717206279069374093442304105419619008730394112304815054330
1910,1647849758188455591098751753476337224370373823843988062399779174250433533536656072,6599897226155888744165087422491512086389978760288808477550732111228286218454218884,8498193402066379770080408586163188908483464912856227951615414226552084307594596,16950100961634395191512104121540771648351055720273795080352021046856373372889887
1911,1736013342702403502864674300895739974650643254073646096344885875390708309256138248,6953001731615593996158981290340179083625873135485884347614945651084806535166237792,8948360805979984700284086757219185023300119191299962235402149521973298141684800,17848007665263980829292624550755380297251072630656888396749201119949115455190728
1912,1828869304677711080453980732037488752141548733714804843480237675595996402103214708,7324899469110135369543309232945307119287392560579231333235420409511650476981842760,9422250399291047727386304795352110721197625720011959314469707127664868568983928,18793232034836121390434074756461038425625049896271115556261218570323625103586060
1913,1926666088871033348980957994261646117770809094153725728690582504269390365224697136,7716585461235475806873229243240328436946413172002640979598400854259946670901928080,9921105751342410949397266193743965863176795387738064836070837182385210003139536,19788254630799063945592067689893281997501186330062660742505686321452252104480352
1914,2029665225863715020020840845081620735565511576550782649512572861281810335158060428,8129107138737987815915977424446173702714426722901597474325370474416613730287053824,10446235283127735832614044119690760452380416698466876275079029289372389654812112,20835685377171571712828170910823948108992939475546848363989175408370865465040424
1915,2138142017720427284773317618101261693367670077773483876001180889770985798818210672,8563567086513412716258795581947985024536230141566709996406327297213950513479505824,10999015631703577165525109542938251065549830472774492401603738130007318206663136,21938270272912891300069976295966056053789867766156027353987202640669723807326256
1916,2252386259387567805808782894050184175745264855448973781943312306992747002052058861,9021125932738507103173819804587344967801618991045209402566527546647300098738688057,11580895188235879938688228386608264820559569249314274793278318676312090530452613,23098898449669486572206065137548621443585430813386884079243426636012802066730233
1917,2372702997684672095928550854552899048380426441112983165909163839597983414159212454,9503005388557283893960109011892942576133679993267395825982635839649007029411958208,12193397818595510245905593681346382611974228815463162345980481257073372775108392,24320609593682403871264984666237665066672152743687017255908043568357345414087918
1918,2499413329837683851470771445789608128348361580869262045976572253664582240300813020,10010491446126608150535998820877074883977619035298108304505782776416159480223055808,12838126775872744652913037718642370584172711821060120599493761757830519019803728,25606601750547465789600601678534699511878039808526055107038643765445520137827449
1919,2632855243603437073392155189431674557972991925664547247498789456022323112752097034,10544937743228407383962859528784907589591467801991010545756697433898616104830169952,13516768814659090394238771058209357699500099332821555761539609809323653821781816,26960239532474976850970898923700397769909724662189762727767720715304173796016544
1920,2773384501140364413512427681595574863152370242873816625231958006187964202578850731,11107769103078905214669540909425770727536816916587626761384177255125801180280264767,14231098517447560619830183043471274927335945092360260456345230373944369964861843,28385062748698597279820672733030432331500347903713974376565163744728450842980671
1921,2921375568891527295827438821702686918525553768354737608013079004797479593198437560,11700485258410139996216057972269948256981752867109942471502646784265240886403045260,14982982844030812906302685459200582879537793690992039450330765075322513609295020,29884795480736950839835682203314391499586835925699494490989707912254630672685678
1922,3077222595862840516362441438088140529610885460039466728042240594698076041914598520,12324664769366693730753283465070233798460336845864813521439686485170107690972126120,15774385915331665303517712717671680016795005706946609270724106377803523313732040,31463355625318952990708429956108012033648028232555339818570171765427098446300367
1923,3241340442802127789352223518264009811954376180952527905388935754749829440288523092,12981969145252194944477328301391076829739848772972585129721770685653556694494821952,16607374043683787068434228335037581922344049162473508166027666654238933340729584,33124864928947479186819343520557489800927948352900558345044499578582198953614972
1924,3414165764913700398274553997665270321833138962276111996603683955590557970627786104,13674147180676994836879969758594873199808006319455314561614862770719993401090817396,17484121022193243781753767933791912475450470350866575200126948357761518579672980,34873659539298678678596620882953338788645619374957823611007884582987703073299612
1925,3596158150878819533539211906093860789282830593017725310139984234222281074543021407,14403039517201733687219678043516892808185760969624238390348491885957927550013212780,18406913686455553062830419141449651054438597553337149788554949068803251841127152,36714301099938957937066827718223238309597103686194396840537030171497442326399940
1926,3787801321095021132849602687326856935112123919686916340013402546087079034742746128,15170583442142664078356317711379218703235194536079481496279069706276031594418122908,19378157762579546957906962071790962786698857331816136225459521927715455447138396,38651588416191540796931382940306286671678916286319277196948705080169895482514744
1927,3989604388197204257215972371249388776391504835628632235844952033747957743672065252,15978817936804997317302086970885541855293641568063653843253052869867596834745985728,20400384016180288438197485887986749727622225549124899873244734875765860057724720,40690569721402847809129591643997257009013465528929241043405343273461195922952692
1928,4202103183080982362856360420801902411167967838600513991158556675025312613405147623,16829888987041679734630432531759167663093397423116149999616584229716687764953934143,21476254717750283204990848551558018421526068714094034982357529615437311333343651,42836555574349178382576301367302655741308823068323809389548196257525689880085595
1929,4425861649814462255673696719330667277936545559439718097695341280268185110861817014,17726055169698452104617733534721929928193465765147290477481744005979310633105372456,22608570440603081922946657399260816447283527388418086700378884906570189658104400,45095132420089952658955442089136457300312486978644321501628416413531937943489898
1930,4661473312998758841949139969981078165256838626178402580985789130723683738448324520,18669693529203443358854625470332552960676552134959205358163544559337008996272590976,23800277208407991058065590408240299649197630245595034220388036442274042479292896,47472176848218884249590932647860767383018027780774402816640777095075495015780207
1931,4909562821320606628811207657252392911150733175333448857137602598579197294581684868,19663305759292627522652475552489438210438790841694547613457255936994183206682228928,25054474010201007407644923479866565835858140360752184906845542677394028355489456,49973870584192909560958146546262217279152336923427374611910824299475847242419432
1932,5170787571232844753408048964459371905969580756802199981692730981141698898189402866,20709524705633046381066992786564647562686165725053722454784200157749286864006131742,26374420701667367434796928727159938807842697844922528013276233182491271248520278,52606716251234694616667151918324102485136176623832586033232843097929446914264862
1933,5445839414900807564454880165257481516983680102448332072808583279965886261043386170,21811121205915677726288669759601836221205580635262945031227877242017763975184381132,27763546312447468469149098571910153270860225469616739993544122154218931010836452,55377553942212486807159738961979306272040026850047735116732863513373453854346576
1934,5735446456765247995972781927741561839914010465107007336305818378365856103397462040,22971011284841214680223693828451351294128441584435267274542004929462108480029594968,29225457780222696332566117485103934472399724007237929318731415998684066439746808,58293578642905608713347095812326414403446038963099666870450603175867393666964446
1935,6040374943295882045305448327225159812873188762984796257044329053202642702939674198,24192263722316921502181289457742483023907408543796798887626562357129036368206900160,30763949133393320959496148841843772414653491857613859449246144318465556448203368,61362358550169868022571560441616656856106010189209369770429740222583383332091356
1936,6361431250744522088791293807721735938513155253219838104161167281362400493678909559,25478108014123358013377364716563581743757494793718835451663152517929905635342646135,32383011145269658212189485676637989704873780839483035018483392480303660627007899,64591854330729689238479629529966990071119290560504950952032733133941378958440783
1937,6699463975953644979191432957021197414356304847817092457610681307722831887687043634,26831942745298442747442303926115000028078575180412348764475387505159973802754327756,34086841483862830676572098030210370653355789143978934032662274268646252006153220,67990439368648222868863950730319564470994136771476748775644826429198900275935646
1938,7055366135535727663479305915817493482030800409731895897711187719667092004818632792,28257344397525496169635418137547632021579212088287023786599016076275923009841456944,35879855382585515718194474277658093456010449359440195754265197607554990566925776,71566921051968688128175001881213709179556521181161709311393583885881039675447567
1939,7430077479011419063004884945282326234885691390617352352051132184746032765322481406,29758076612904135261776670901995171705642541560392175248633223867311422277508338240,37766696858459009757131120865866766099775997922765840428695128327291216218412616,75330563151585669948138553014907690562692564230476439910579219919550060579752108
1940,7824586921781275176995558220130180349975585939095829610153719520679819939265970924,31338099937630874584209084521100549606801422543063966046732035432764908845171506916,39752250505773876226851640579828206899078786680647606117157350045629088107623220,79291109348100230291160854657838217095551510566639336064603774417987299996287380
1941,8239935104107071821357085059762705038294005992225322716023673997525103732664660344,33001582070322857934834711468525677316354674562955517138991349779991919084467417776,41841653894570649406371229474857163178650594054226274896653789891504153808776400,83458807965244028193213328319749808394371037219760294160502781773523671632742184
1942,8677217082595368833983693036101298946082520658465340444194287032386190187753201372,34752908640986273305087583235686669633234277485274801438845297235534977768538935008,44040310604797969152811091281473848904194851413439662068149105990217017526129520,87844437971432019627244819735864607326350902427733207594633108316048444775606372
1943,9137585161008811216479581782167866053577450729175555925841374858439046124179576792,36596694547963816591967872639929452421262603881846088199452583317336839700245598528,46353903928571726049545511257988206952800965143864496087083883580655203527291360,92459336314127916627417637081790471148723474252002460753338626258803247635146288
1944,9622251867580436191649545404028764340987309128397875057019962575602905294225211757,38537795881596348852939797539411577731885241443944106312721664589783012937878937417,48788411274604086341615923296520367936004930352606084641814287371391760978090389,97315426654988974091635495239342522594311165526731352661795190644311305926675369
1945,10132493086373871567098836440373196358812639628062329094699809662333499746786999668,40581322464806085882513180081976843933266622570012406453035234137236848824960841816,51350119310599614117834320484058498016064057763090074235995487902849837812843144,102425249577204768601457643083140890758743563970282027044488275007662649448565510
1946,10669651350618664596269332518404346244458533706599834687535064028521619063724536696,42732651042355889671009206560447944991717989183099384649833174622874359953057212180,54045639881231285931876486830560013883854356700045899692918508787883698159065396,107801994340066758922643935905834857069985487018678056484370938183675241014465965
1947,11235139306356021847527016899836187700135759650966372262971326786945639535877824016,44997439152165303770377737830423609752074277567190983447104490527733511578231726816,56881926741216380269670231078858951531238963325494395219183379950953434720430752,113459532259610310872504791504563701904921771004620600473375419221640497078144272
1948,11830443355156967488731428439932318348936448859364709685804229812420247552733789180,47381639713772885574513603805649158827111295024373145145279568009660059765918049328,59866293145015619587890045919885431365499586914306402062648759979069554982892608,119412451798167704767334705249884314680729073090562900903761577067396562511807876
1949,12457127485123388264751735648180265560234053312728266597296245827115478330769248608,49891516370830336433351717263197966150313471505018362921405423183516512505454681560,63006430336783374344774670476903909377258254105296532220439875054599182377687128,125676095449869054702247482323258248165159023463056077950777691929904551850309720
1950,13116837299853729546442509105368905829858519270965749611283772020829119595442157404,52533659626401325461632434847716873556377401732417887708055365629610238752169093800,66310426986407275862398426241250236943324648554889262920277546293760370400464184,132266598513538169442604126970100082861753746754307010524087272237273507177780008
1951,13811304255550394933271813237074929741874017899636540279803778043079239615536471106,55315003811821377283469212585474202823648764623320687949831806658326684423207037728,69786789619797550381959637174483856152693024774526830616694486009725961061153304,139200929849062793556060153238421861207432663503275455126498582622719424323531688
1952,14542350116966397067592308652528550681220250293018462736327793087298036725000789062,58242844931959613638659155110569996562323907339663662535114219850932172671048332270,73444464094025368289920500455793837442906167589811589803047501740025771045176022,146496934718184533353164787338464471403779825440174343505972163889042576803350614
1953,15311891643435785856775934879744319550673618940138286557449523717104486911924735672,61324859431913614794089048438698768817666023194958307457572802193169639841444223612,77292858170471366985308919721490614971547434405161227774707324751692193745280924,154173379815764800239950803032978516666973138951670337176169149631978922554596800
1954,16121945516807182779988833765565221973683252741544752349589147216560366383119657140,64569123932470567532595990493244444806953792405897629535530281642801239129996065680,81341865241836412640655430983556912220781439718620137173692776559773597517437120,162250000602951583077048726416903733945653355644677155498897107394132118155950726
1955,16974633523703784470531627638563554878888407254339677370215557048136979380982745240,67984135984086830963873404988920903448529284317656602909021423682381984008935108064,85601889271693081746894434666683932975655300297893428159195489834066485004127104,170747551059310692770472441130782652287722700819651295533662589949145590387200316
1956,17872188005167944297467500066747336912240827334403599139377530303747296833012319113,71578835891680002246652965277404156007054715480913486421453684525968799404994279909,90083871008225056782965010414808358091406143299089863943563310979612072945003457,179687855976907851502145792806793916949939251497910138941118804006070517120129461
1957,18816957587415450651567576810955751842113068466266060057753938268855646771091518050,75362629665198722375222265441424173469015116507691775594658606653018822990349713760,94799315536919768951958197601166100562842642627535363642853577596235905983641560,189093865925548845789739875536764903434969863521405660772661283463208189296262006
1958,19811413208125526673054836699427448074801732793406386405917127774484143205224313808,79345413153742361359395784383411245928133954251986887845451017527929927519881036064,99760321240254667176437585701453628927023078361342221782506429993354698983780832,198989715024918855604218777967054997158436717516823077587488747861080944175888453
1959,20858154453429091931331947156857286610428427542590357042585836133073620529452936376,83537597423952225027040871326118350049475274500753705251503459367456195719496313472,104979610235857301713082698689203607761564330392277081160114835161713601684567968,209400781666224683471568000720031662222482504471705155260030964615163670083955104
1960,21959916221531751964048751590330333814554844064156499849300865214409036447621773211,87950135446495240085536991905080935858816467663742903524565522267902315902983151895,110470560368232229341985543759600600597091407116904127362061410266170112496059051,220353752333151390851033636255481687999872914222380867009621060919851983871561015
1961,23119575729721206997048751170536047560138137720066878378249220312579988755172211726,92594550157717770220445299883330943072929756445839193293375360888553842474608495232,116247238832942232250295201186752832377205565571679780378479638233887453919648328,231876688679515076412187399287421404772095619107091495747775720205406388138504914
1962,24340159882363282026768782059004211036257536138938384011885007928655440437346075104,97482963966969244689653217974879827182359816811034688602286640258737044320464320636,122324437516116582578089738862983037329672255281152554746608544115282571080020220,243999098028944334299610113298876895316771583099205540101440749531675274230482067
1963,25624853018388661971003974571493729806095197950684151374734872290393785734549472180,102628129783690992503575113234051781785803725063611423333485198331425833202209893632,128717710136344619559214948076862561422933260874817834545709169850690264012004912,256752007470273344713977167623070494013847887381239422287278702505587035889747592
1964,26977005057715857780504614611966935528218804429467447532575602073272526407180081987,108043463642143839873437778130680473564424577334435568430184033983808339651379377839,135443411280408751419319682812731451549359616565778299881625690718234022659049891,270168041731099555940769637456737175176944018247410365500277579693717567423911211
1965,28400140067047232268100507057035481639017276685188280727765887891244846545528658032,113743079005617856735452728286473309264211448673137051925268241224078045180213495420,142518737428927663050700058331382708142341932383929014204689659098658998098863292,284281505021169492152285259164143921166019067877338398385371587887199079664633374
1966,29897965266516493485556499833220483897006275862637175036213629931253803420191248828,119741822836138802981431024456774795570095798506150797755333072175366182227781640248,149961770072829039205025123892859982070695055602097610478552450350968547016644936,299128467046929383963346014508650606097478494312262334980623711018431518734027247
1967,31474380499760455580915394321358310565857778351355353276305544255513611300569265916,126055313520068485410172975685871649816910535327071807464456270510988010897921645056,157791521026663086511398400438407553479421921650394359234093488933565695644581392,314746853408736182763655058795367940930386987907263879058367384333691622571859980
1968,33133488191137736367558597029506360127653312781521422497082061632688642872007822656,132699980744601061187143732080803553125802325658247623368548182689938519332078190964,166027980050115716909343962778112615189074532161933380219936159183947844046900340,331176540602893348228805165835049062077053510254806194968713843328679764016541100
1969,34879603815025205204678219712225219103800296061243946985974635197833669338892483740,139693107424995517024039191018442329798817701995408186586007601178321671311659890868,174692164894696205326312169541453383616517750432398642109060386986993956089955908,348459455861880059924702542706873364123586005984747313367506309432643545425153996
1970,36717266903392352484661860945237831272514547148279240900499868725731971819297452880,147052873787467881793770717919396790239442732738124973535914209530789492008866317052,183806173898471855123274138445465149384544145008009933914734627861604731676505532,366639682077908932836067963315683767609654405556223732447189864084668717624726280
1971,38651252619187408694421660307126857099628614148270805655742708779075190241125743782,154798403718007550538769303502388373868420510800321047975129354017534320812604598400,193393241257915761082662273880945469906054207237825352158518901233559848101623272,385763568067303975267058682037123188352747319479287489308536134277008106531855164
1972,40686583924470237060121274227705575401960842155715071266450096811130362364269314721,162949813492993386155609417765833184617158284776818915064041095207559352809530922001,203477795112437915124320855010883009314916153958629998240707963037903352453663117,405879844446166871841528680453227119759995914301792649696596703280203193188042253
1973,42828544373699162061020103971033689958399314000355949827461610763801221943081268084,171528263013380648395204917080060893739511552256140093144248523337375293846647168320,214085518584000151124501195926133905914296254716293834402080282170406074322095984,427039745401426622755385050782898373615493502823310991295686939790909040189922718
1974,45082691564125550043259189563230839644211061640690187204975710970956951866884765616,180556009670423588211055993856532060074779860562679280660690800839078658469208761896,225243413921388038019235603608701497935613999918531840787956955250851001669699432,449297136655677576255577462243457212915040827218009436234849371887423585445347257
1975,47454871276874880291854338919645775899192113711613320188520224820743804948834200604,190056464977405766045262638494083067479615320718643880001115155358171206070523380064,236979869906244877845282815499963882846865872190599247034256075195986275186577648,472708649939238018355567861079841069567151849425411823982077017389182978753024592
1976,49951232344000175749448453551001969503230605361912353331951773824458062623681109872,200054254108686585365415777998088981910060235428059482317948194631758762245257925072,249324732685882367621963794081103897137813980410068990141099333926511750533485584,497333824298641485946494866454907025609454553451002976408684754495008573419926840
1977,52578242278587140002428299303526458456887231551638178079529976292696749214458596244,210575278494554748059707711893139691942408126809435293314337187045887001891201239592,262309380206188049994514679033858114859200602882580996217281875100005033366854616,523235254587343374138794391044795601902976671960208679555953140540683471208769512
1978,55342703706874516302310711269828018077779096340310849300811747539665023085077528800,221646781627924736358317549311264635116363081031489351656352879244423358560979494304,275966800426671149074704231952562805246695670245954453105889085763266220669379104,550478747501825604317903523074233141607062840678247345626699784408117023834940192
1979,58251771643332607904707874203933264247188721256602021810409769844209505091513830616,233297418246839278104250467394005002638676160147910944527599732560696452246379882560,290331673508846485418970578271945649921275121502857285960653183858431880324560096,579133485544553447323080664615424348358124894367534529231161117736737015622133544
1980,61312971651722367915480614862353507686143641176447831546547091157557102487194378423,245557327065068244297031350212340067220450589012649834525642340294596657115862657055,305440458178772635108890762926036475876024306858508339453975664368247167085143363,609272199314424446847964735594697059461349748317297126795754417627111184082386239
1981,64534218937342011906123689070323787787310298485255765333688954747710488166571685898,258458207231842705792155302039672748688764414849368296740839126062382624776441626008,321331482474658167660545758377597539523220908345235406083307071540672110154882416,640971348545495302343069008997616886539396971979572217154178033885762791096194458
1982,67923838417963010252652730575187403861057752572031555732896378311154973369598905060,272033398710953093632635121186818583351611376199150328112087497008294080374085526736,338045039101052622024198886068967907380365911024105180501983763674186895689906496,674311312335926345355867319813153194533135513063569156051585178125487937064931775
1983,71490585823368126128525440846614658968904963258724601253137574042041138003076484260,286317966779094776515938639452726081044673542548014577519710582678044356499776516704,355623485622272001836876066267445169053689513116172507160286509879804487470579664,709376589031295042823699118761663030215204999082218036374714723838820528047089240
1984,75243669875936703363796745074249233415835324405892946655874640919879926076724321810,301348790853486211833167324335717317130138406729165225810403130877469970013843968914,374111349739398377980344038720383466797109105593439186904567197950265706946681674,746256006249752433925166617083738392402697832286398883069462529675337388376462242
1985,79192775607382791146709700511405062708919485701837220056348631062735799784311668976,317164657869438631959204753066751505068928295202191541051235537399917323260031240580,393555439907467372365951021131254233250352394842660825841013148974124122784564676,785042941560984808808743848042951853325024291875666950139858323021739732119819456
1986,83348088869546340604175013444376615221011583881756151138083364946139600329662485196,333806360439747707343119395587718804604924234184324412178611372759185326802591689580,414004961562344926419341810212343720877898657299807626277912974626925483941748796,825835554356655257877213789933111597206050509106555886543428836820650296373177334
1987,87720322100073363303019004684533946463977850472222611489417305377271399320964055780,351316800039533779545963443771142971824252401439342362941426025066801457947087700096,435511639240326333887425033007185968340999550451916983756803557715860663231476976,868737029476996818929405662456867683332228272885079635438816948348127601935561516
1988,92320741406904682098342556745703301604463858294674545887075069152251261023350341367,369741095472506426445639835410333357492032293229311999609789342518150240963835373419,458129844887698052269608427520151074176860050613816061489065909145196870434007951,913855833186574696832343455766218448451724534951685905548665143732651872251662807
1989,97161195038732162476444641643157929069287708549021677085862233060706871356488202886,389126696887601069801387126602366009019423290709952059817542048278881341911060791964,481916732672419895608560029734292742272456513865351474093116036053856485107980420,961305982121996456070899552842265859611105690670423539389388309382317930477745222
1990,102254143311983890645430470828850964966524007500731728493307899257160064117973993832,409523505628561309691709533414972586041798979488840219880547107897328480922841417320,506932380625747109987650099568726175702949485913305907315510868688224450945441992,1011207325865596534575115620573925494984691298248099855252353857716038064555206811
1991,107612690068473855690032762034830454420762418950019083737068356315754924503919413128,430984000213353478301355832448035848652479416725748288428705135113841314087046086496,533239939458055541224784308714030969429740925671953480431709850821616071368433984,1063685843831928719323892220456685588304748458019908485152967598065694152424043820
1992,113250615741605898572936053019002556218249197792060517960354800009814954798125294691,453563368755333991741674143953000603935549209274795771908952131272818937780138667763,560905788910397449929931876990379062552418106553700067532931233559118587637488999,1118873957188344830672012471901492672389355312139414932088968942464790528887912091
1993,119182412112965041251153818484701398514495239271200395107711725238972051867233765348,477319648153881606263498726089436877193154102279969962364335787071470415863970647216,589999702021441258883452150631283135173145195168381933488886115582208395035585824,1176910856567101081506270631471517974535100456126706975136659639673854390739398186
1994,125423318845271285779519820414714332208768876926394388557170021200908149887001976036,502313870398793621509143221776562611938070734031737031143087089014326635079156755796,620595017708478391063940117705283102995226326159476914407004210694035531148851652,1237942846364400723819913550689461487311738746592878323367646144204741131354129127
1995,131989361882021529926814235345272818632842454150115908230651703952017214683494442376,528610216350167278952159761234786023877221320083872617979858044280163419924306411648,652768822081159244902819853694749345851503483408985057251228472094561190328642144,1302123706461642197372043771097677194233954300368518058019653322980565629963547272
1996,138897393808714832763391641935251501572059555318929797272218713766065748871540919249,556276177373786926396926320830001139754529866972760774171269296626703913328003181605,686602138927595343359753088995133466291645697041585082394441562440917841839504609,1369615072245990001750020136991703938157960836752569354640297080703708558547114105
1997,146165136275355852039102450333103005555091592900033323383664703538488178001114937072,585382725231257893352939855875570502850221501733090522167334438595040759288530796108,722180129834485196530054543158480629855130132957228632675624441088047284071047820,1440586833851319511246975450354247218383087871441591804653889621796352556830844546
1998,153811224584972382854839630127850555179316359975338515403238803370977276791900615832,616004490644315570703007890801090523058551189884076143011942886374678499850439348812,759592304426039283649370289688302341285749982722081398987672890769392682836885484,1515217555586710394054499879950657112638053390655872848543305811300894601380938201
1999,161855254558177645898937705196793999588723840700827416459738935940302836907121736530,648219950973941332793586968627706535857716764477096816688243141154345920673745129792,798932741230749197836147840530537502821401673787150849287397393134573045258183672,1593694916568084740511042901095992590835886442035052831691807000029680261397228276
2000,170317831789368997437034083782151874168281198334170583079486742774248702182399114223,682111627477186514246070007454948948143341656638397075611180889817742720492749985299,840300319710524497933672326341451470216863301714743293233918720747911763153528407,1676216173619419361903961000626399486459317568279585246637493883729378995699074527
