# m nu_1(m), theorem-derived exact values, indices 0..20000
0 1
1 2
2 4
3 4
4 4
5 4
6 4
7 4
8 8
9 4
10 8
11 4
12 8
13 4
14 4
15 4
16 4
17 4
18 4
19 4
20 8
21 4
22 8
23 4
24 4
25 4
26 4
27 4
28 4
29 4
30 8
31 4
32 8
33 4
34 4
35 4
36 4
37 4
38 4
39 4
40 8
41 4
42 8
43 4
44 8
45 4
46 4
47 4
48 4
49 4
50 8
51 4
52 8
53 4
54 8
55 4
56 4
57 4
58 4
59 4
60 8
61 4
62 8
63 4
64 8
65 4
66 4
67 4
68 4
69 4
70 4
71 4
72 8
73 4
74 8
75 4
76 4
77 4
78 4
79 4
80 4
81 4
82 8
83 4
84 8
85 4
86 4
87 4
88 4
89 4
90 4
91 4
92 8
93 4
94 8
95 4
96 8
97 4
98 4
99 4
100 4
101 4
102 8
103 4
104 8
105 4
106 8
107 4
108 4
109 4
110 4
111 4
112 8
113 4
114 8
115 4
116 8
117 4
118 4
119 4
120 4
121 4
122 4
123 4
124 8
125 4
126 8
127 4
128 4
129 4
130 4
131 4
132 4
133 4
134 8
135 4
136 8
137 4
138 4
139 4
140 4
141 4
142 4
143 4
144 8
145 4
146 8
147 4
148 8
149 4
150 4
151 4
152 4
153 4
154 8
155 4
156 8
157 4
158 8
159 4
160 4
161 4
162 4
163 4
164 8
165 4
166 8
167 4
168 8
169 4
170 4
171 4
172 4
173 4
174 4
175 4
176 8
177 4
178 8
179 4
180 4
181 4
182 4
183 4
184 4
185 4
186 8
187 4
188 8
189 4
190 4
191 4
192 4
193 4
194 4
195 4
196 8
197 4
198 8
199 4
200 8
201 4
202 4
203 4
204 4
205 4
206 8
207 4
208 8
209 4
210 8
211 4
212 4
213 4
214 4
215 4
216 8
217 4
218 8
219 4
220 8
221 4
222 4
223 4
224 4
225 4
226 8
227 4
228 8
229 4
230 8
231 4
232 4
233 4
234 4
235 4
236 4
237 4
238 8
239 4
240 8
241 4
242 4
243 4
244 4
245 4
246 4
247 4
248 8
249 4
250 8
251 4
252 4
253 4
254 4
255 4
256 4
257 4
258 8
259 4
260 8
261 4
262 8
263 4
264 4
265 4
266 4
267 4
268 8
269 4
270 8
271 4
272 8
273 4
274 4
275 4
276 4
277 4
278 8
279 4
280 8
281 4
282 8
283 4
284 4
285 4
286 4
287 4
288 4
289 4
290 8
291 4
292 8
293 4
294 4
295 4
296 4
297 4
298 4
299 4
300 8
301 4
302 8
303 4
304 4
305 4
306 4
307 4
308 4
309 4
310 8
311 4
312 8
313 4
314 8
315 4
316 4
317 4
318 4
319 4
320 8
321 4
322 8
323 4
324 8
325 4
326 4
327 4
328 4
329 4
330 8
331 4
332 8
333 4
334 8
335 4
336 4
337 4
338 4
339 4
340 4
341 4
342 8
343 4
344 8
345 4
346 4
347 4
348 4
349 4
350 4
351 4
352 8
353 4
354 8
355 4
356 4
357 4
358 4
359 4
360 4
361 4
362 8
363 4
364 8
365 4
366 8
367 4
368 4
369 4
370 4
371 4
372 8
373 4
374 8
375 4
376 8
377 4
378 4
379 4
380 4
381 4
382 8
383 4
384 8
385 4
386 8
387 4
388 4
389 4
390 4
391 4
392 4
393 4
394 8
395 4
396 8
397 4
398 4
399 4
400 4
401 4
402 4
403 4
404 8
405 4
406 8
407 4
408 4
409 4
410 4
411 4
412 4
413 4
414 8
415 4
416 8
417 4
418 8
419 4
420 4
421 4
422 4
423 4
424 8
425 4
426 8
427 4
428 8
429 4
430 4
431 4
432 4
433 4
434 8
435 4
436 8
437 4
438 8
439 4
440 4
441 4
442 4
443 4
444 4
445 4
446 8
447 4
448 8
449 4
450 4
451 4
452 4
453 4
454 4
455 4
456 8
457 4
458 8
459 4
460 4
461 4
462 4
463 4
464 4
465 4
466 8
467 4
468 8
469 4
470 8
471 4
472 4
473 4
474 4
475 4
476 8
477 4
478 8
479 4
480 8
481 4
482 4
483 4
484 4
485 4
486 8
487 4
488 8
489 4
490 8
491 4
492 4
493 4
494 4
495 4
496 4
497 4
498 8
499 4
500 8
501 4
502 4
503 4
504 4
505 4
506 4
507 4
508 8
509 4
510 8
511 4
512 4
513 4
514 4
515 4
516 4
517 4
518 8
519 4
520 8
521 4
522 8
523 4
524 4
525 4
526 4
527 4
528 8
529 4
530 8
531 4
532 8
533 4
534 4
535 4
536 4
537 4
538 8
539 4
540 8
541 4
542 8
543 4
544 4
545 4
546 4
547 4
548 4
549 4
550 8
551 4
552 8
553 4
554 4
555 4
556 4
557 4
558 4
559 4
560 8
561 4
562 8
563 4
564 4
565 4
566 4
567 4
568 4
569 4
570 8
571 4
572 8
573 4
574 8
575 4
576 4
577 4
578 4
579 4
580 8
581 4
582 8
583 4
584 8
585 4
586 4
587 4
588 4
589 4
590 8
591 4
592 8
593 4
594 8
595 4
596 4
597 4
598 4
599 4
600 4
601 4
602 8
603 4
604 8
605 4
606 4
607 4
608 4
609 4
610 4
611 4
612 8
613 4
614 8
615 4
616 4
617 4
618 4
619 4
620 4
621 4
622 8
623 4
624 8
625 4
626 8
627 4
628 4
629 4
630 4
631 4
632 8
633 4
634 8
635 4
636 8
637 4
638 4
639 4
640 4
641 4
642 8
643 4
644 8
645 4
646 8
647 4
648 4
649 4
650 4
651 4
652 8
653 4
654 8
655 4
656 8
657 4
658 4
659 4
660 4
661 4
662 4
663 4
664 8
665 4
666 8
667 4
668 4
669 4
670 4
671 4
672 4
673 4
674 8
675 4
676 8
677 4
678 4
679 4
680 4
681 4
682 4
683 4
684 8
685 4
686 8
687 4
688 8
689 4
690 4
691 4
692 4
693 4
694 8
695 4
696 8
697 4
698 8
699 4
700 4
701 4
702 4
703 4
704 8
705 4
706 8
707 4
708 8
709 4
710 4
711 4
712 4
713 4
714 4
715 4
716 8
717 4
718 8
719 4
720 4
721 4
722 4
723 4
724 4
725 4
726 8
727 4
728 8
729 4
730 4
731 4
732 4
733 4
734 4
735 4
736 8
737 4
738 8
739 4
740 8
741 4
742 4
743 4
744 4
745 4
746 8
747 4
748 8
749 4
750 8
751 4
752 4
753 4
754 4
755 4
756 8
757 4
758 8
759 4
760 8
761 4
762 4
763 4
764 4
765 4
766 4
767 4
768 8
769 4
770 8
771 4
772 4
773 4
774 4
775 4
776 4
777 4
778 8
779 4
780 8
781 4
782 4
783 4
784 4
785 4
786 4
787 4
788 8
789 4
790 8
791 4
792 8
793 4
794 4
795 4
796 4
797 4
798 8
799 4
800 8
801 4
802 8
803 4
804 4
805 4
806 4
807 4
808 8
809 4
810 8
811 4
812 8
813 4
814 4
815 4
816 4
817 4
818 4
819 4
820 8
821 4
822 8
823 4
824 4
825 4
826 4
827 4
828 4
829 4
830 8
831 4
832 8
833 4
834 4
835 4
836 4
837 4
838 4
839 4
840 8
841 4
842 8
843 4
844 8
845 4
846 4
847 4
848 4
849 4
850 8
851 4
852 8
853 4
854 8
855 4
856 4
857 4
858 4
859 4
860 8
861 4
862 8
863 4
864 8
865 4
866 4
867 4
868 4
869 4
870 4
871 4
872 8
873 4
874 8
875 4
876 4
877 4
878 4
879 4
880 4
881 4
882 8
883 4
884 8
885 4
886 4
887 4
888 4
889 4
890 4
891 4
892 8
893 4
894 8
895 4
896 8
897 4
898 4
899 4
900 4
901 4
902 8
903 4
904 8
905 4
906 8
907 4
908 4
909 4
910 4
911 4
912 8
913 4
914 8
915 4
916 8
917 4
918 4
919 4
920 4
921 4
922 4
923 4
924 8
925 4
926 8
927 4
928 4
929 4
930 4
931 4
932 4
933 4
934 8
935 4
936 8
937 4
938 4
939 4
940 4
941 4
942 4
943 4
944 8
945 4
946 8
947 4
948 8
949 4
950 4
951 4
952 4
953 4
954 8
955 4
956 8
957 4
958 8
959 4
960 4
961 4
962 4
963 4
964 8
965 4
966 8
967 4
968 8
969 4
970 4
971 4
972 4
973 4
974 4
975 4
976 8
977 4
978 8
979 4
980 4
981 4
982 4
983 4
984 4
985 4
986 8
987 4
988 8
989 4
990 4
991 4
992 4
993 4
994 4
995 4
996 8
997 4
998 8
999 4
1000 8
1001 4
1002 4
1003 4
1004 4
1005 4
1006 8
1007 4
1008 8
1009 4
1010 8
1011 4
1012 4
1013 4
1014 4
1015 4
1016 8
1017 4
1018 8
1019 4
1020 8
1021 4
1022 4
1023 4
1024 4
1025 4
1026 4
1027 4
1028 8
1029 4
1030 8
1031 4
1032 4
1033 4
1034 4
1035 4
1036 4
1037 4
1038 8
1039 4
1040 8
1041 4
1042 4
1043 4
1044 4
1045 4
1046 4
1047 4
1048 8
1049 4
1050 8
1051 4
1052 8
1053 4
1054 4
1055 4
1056 4
1057 4
1058 8
1059 4
1060 8
1061 4
1062 8
1063 4
1064 4
1065 4
1066 4
1067 4
1068 8
1069 4
1070 8
1071 4
1072 8
1073 4
1074 4
1075 4
1076 4
1077 4
1078 8
1079 4
1080 8
1081 4
1082 8
1083 4
1084 4
1085 4
1086 4
1087 4
1088 4
1089 4
1090 8
1091 4
1092 8
1093 4
1094 4
1095 4
1096 4
1097 4
1098 4
1099 4
1100 8
1101 4
1102 8
1103 4
1104 4
1105 4
1106 4
1107 4
1108 4
1109 4
1110 8
1111 4
1112 8
1113 4
1114 8
1115 4
1116 4
1117 4
1118 4
1119 4
1120 8
1121 4
1122 8
1123 4
1124 8
1125 4
1126 4
1127 4
1128 4
1129 4
1130 8
1131 4
1132 8
1133 4
1134 8
1135 4
1136 4
1137 4
1138 4
1139 4
1140 4
1141 4
1142 8
1143 4
1144 8
1145 4
1146 4
1147 4
1148 4
1149 4
1150 4
1151 4
1152 8
1153 4
1154 8
1155 4
1156 4
1157 4
1158 4
1159 4
1160 4
1161 4
1162 8
1163 4
1164 8
1165 4
1166 8
1167 4
1168 4
1169 4
1170 4
1171 4
1172 8
1173 4
1174 8
1175 4
1176 8
1177 4
1178 4
1179 4
1180 4
1181 4
1182 8
1183 4
1184 8
1185 4
1186 8
1187 4
1188 4
1189 4
1190 4
1191 4
1192 4
1193 4
1194 8
1195 4
1196 8
1197 4
1198 4
1199 4
1200 4
1201 4
1202 4
1203 4
1204 8
1205 4
1206 8
1207 4
1208 4
1209 4
1210 4
1211 4
1212 4
1213 4
1214 8
1215 4
1216 8
1217 4
1218 8
1219 4
1220 4
1221 4
1222 4
1223 4
1224 8
1225 4
1226 8
1227 4
1228 8
1229 4
1230 4
1231 4
1232 4
1233 4
1234 8
1235 4
1236 8
1237 4
1238 8
1239 4
1240 4
1241 4
1242 4
1243 4
1244 4
1245 4
1246 8
1247 4
1248 8
1249 4
1250 4
1251 4
1252 4
1253 4
1254 4
1255 4
1256 8
1257 4
1258 8
1259 4
1260 4
1261 4
1262 4
1263 4
1264 4
1265 4
1266 8
1267 4
1268 8
1269 4
1270 8
1271 4
1272 4
1273 4
1274 4
1275 4
1276 8
1277 4
1278 8
1279 4
1280 8
1281 4
1282 4
1283 4
1284 4
1285 4
1286 8
1287 4
1288 8
1289 4
1290 8
1291 4
1292 4
1293 4
1294 4
1295 4
1296 4
1297 4
1298 8
1299 4
1300 8
1301 4
1302 4
1303 4
1304 4
1305 4
1306 4
1307 4
1308 8
1309 4
1310 8
1311 4
1312 4
1313 4
1314 4
1315 4
1316 4
1317 4
1318 8
1319 4
1320 8
1321 4
1322 8
1323 4
1324 4
1325 4
1326 4
1327 4
1328 8
1329 4
1330 8
1331 4
1332 8
1333 4
1334 4
1335 4
1336 4
1337 4
1338 8
1339 4
1340 8
1341 4
1342 8
1343 4
1344 4
1345 4
1346 4
1347 4
1348 4
1349 4
1350 8
1351 4
1352 8
1353 4
1354 4
1355 4
1356 4
1357 4
1358 4
1359 4
1360 8
1361 4
1362 8
1363 4
1364 4
1365 4
1366 4
1367 4
1368 4
1369 4
1370 8
1371 4
1372 8
1373 4
1374 8
1375 4
1376 4
1377 4
1378 4
1379 4
1380 8
1381 4
1382 8
1383 4
1384 8
1385 4
1386 4
1387 4
1388 4
1389 4
1390 8
1391 4
1392 8
1393 4
1394 8
1395 4
1396 4
1397 4
1398 4
1399 4
1400 4
1401 4
1402 8
1403 4
1404 8
1405 4
1406 4
1407 4
1408 4
1409 4
1410 4
1411 4
1412 8
1413 4
1414 8
1415 4
1416 4
1417 4
1418 4
1419 4
1420 4
1421 4
1422 8
1423 4
1424 8
1425 4
1426 8
1427 4
1428 4
1429 4
1430 4
1431 4
1432 8
1433 4
1434 8
1435 4
1436 8
1437 4
1438 4
1439 4
1440 4
1441 4
1442 8
1443 4
1444 8
1445 4
1446 8
1447 4
1448 4
1449 4
1450 4
1451 4
1452 4
1453 4
1454 8
1455 4
1456 8
1457 4
1458 4
1459 4
1460 4
1461 4
1462 4
1463 4
1464 8
1465 4
1466 8
1467 4
1468 4
1469 4
1470 4
1471 4
1472 4
1473 4
1474 8
1475 4
1476 8
1477 4
1478 8
1479 4
1480 4
1481 4
1482 4
1483 4
1484 8
1485 4
1486 8
1487 4
1488 8
1489 4
1490 4
1491 4
1492 4
1493 4
1494 8
1495 4
1496 8
1497 4
1498 8
1499 4
1500 4
1501 4
1502 4
1503 4
1504 4
1505 4
1506 8
1507 4
1508 8
1509 4
1510 4
1511 4
1512 4
1513 4
1514 4
1515 4
1516 8
1517 4
1518 8
1519 4
1520 4
1521 4
1522 4
1523 4
1524 4
1525 4
1526 8
1527 4
1528 8
1529 4
1530 4
1531 4
1532 4
1533 4
1534 4
1535 4
1536 8
1537 4
1538 8
1539 4
1540 8
1541 4
1542 4
1543 4
1544 4
1545 4
1546 8
1547 4
1548 8
1549 4
1550 8
1551 4
1552 4
1553 4
1554 4
1555 4
1556 8
1557 4
1558 8
1559 4
1560 8
1561 4
1562 4
1563 4
1564 4
1565 4
1566 4
1567 4
1568 8
1569 4
1570 8
1571 4
1572 4
1573 4
1574 4
1575 4
1576 4
1577 4
1578 8
1579 4
1580 8
1581 4
1582 4
1583 4
1584 4
1585 4
1586 4
1587 4
1588 8
1589 4
1590 8
1591 4
1592 8
1593 4
1594 4
1595 4
1596 4
1597 4
1598 8
1599 4
1600 8
1601 4
1602 8
1603 4
1604 4
1605 4
1606 4
1607 4
1608 8
1609 4
1610 8
1611 4
1612 8
1613 4
1614 4
1615 4
1616 4
1617 4
1618 4
1619 4
1620 8
1621 4
1622 8
1623 4
1624 4
1625 4
1626 4
1627 4
1628 4
1629 4
1630 8
1631 4
1632 8
1633 4
1634 4
1635 4
1636 4
1637 4
1638 4
1639 4
1640 8
1641 4
1642 8
1643 4
1644 8
1645 4
1646 4
1647 4
1648 4
1649 4
1650 8
1651 4
1652 8
1653 4
1654 8
1655 4
1656 4
1657 4
1658 4
1659 4
1660 8
1661 4
1662 8
1663 4
1664 8
1665 4
1666 4
1667 4
1668 4
1669 4
1670 4
1671 4
1672 8
1673 4
1674 8
1675 4
1676 4
1677 4
1678 4
1679 4
1680 4
1681 4
1682 8
1683 4
1684 8
1685 4
1686 4
1687 4
1688 4
1689 4
1690 4
1691 4
1692 8
1693 4
1694 8
1695 4
1696 8
1697 4
1698 4
1699 4
1700 4
1701 4
1702 8
1703 4
1704 8
1705 4
1706 8
1707 4
1708 4
1709 4
1710 4
1711 4
1712 8
1713 4
1714 8
1715 4
1716 8
1717 4
1718 4
1719 4
1720 4
1721 4
1722 4
1723 4
1724 8
1725 4
1726 8
1727 4
1728 4
1729 4
1730 4
1731 4
1732 4
1733 4
1734 8
1735 4
1736 8
1737 4
1738 4
1739 4
1740 4
1741 4
1742 4
1743 4
1744 8
1745 4
1746 8
1747 4
1748 8
1749 4
1750 4
1751 4
1752 4
1753 4
1754 8
1755 4
1756 8
1757 4
1758 8
1759 4
1760 4
1761 4
1762 4
1763 4
1764 8
1765 4
1766 8
1767 4
1768 8
1769 4
1770 4
1771 4
1772 4
1773 4
1774 4
1775 4
1776 8
1777 4
1778 8
1779 4
1780 4
1781 4
1782 4
1783 4
1784 4
1785 4
1786 8
1787 4
1788 8
1789 4
1790 4
1791 4
1792 4
1793 4
1794 4
1795 4
1796 8
1797 4
1798 8
1799 4
1800 8
1801 4
1802 4
1803 4
1804 4
1805 4
1806 8
1807 4
1808 8
1809 4
1810 8
1811 4
1812 4
1813 4
1814 4
1815 4
1816 8
1817 4
1818 8
1819 4
1820 8
1821 4
1822 4
1823 4
1824 4
1825 4
1826 4
1827 4
1828 8
1829 4
1830 8
1831 4
1832 4
1833 4
1834 4
1835 4
1836 4
1837 4
1838 8
1839 4
1840 8
1841 4
1842 4
1843 4
1844 4
1845 4
1846 4
1847 4
1848 8
1849 4
1850 8
1851 4
1852 8
1853 4
1854 4
1855 4
1856 4
1857 4
1858 8
1859 4
1860 8
1861 4
1862 8
1863 4
1864 4
1865 4
1866 4
1867 4
1868 8
1869 4
1870 8
1871 4
1872 8
1873 4
1874 4
1875 4
1876 4
1877 4
1878 4
1879 4
1880 8
1881 4
1882 8
1883 4
1884 4
1885 4
1886 4
1887 4
1888 4
1889 4
1890 8
1891 4
1892 8
1893 4
1894 4
1895 4
1896 4
1897 4
1898 4
1899 4
1900 8
1901 4
1902 8
1903 4
1904 8
1905 4
1906 4
1907 4
1908 4
1909 4
1910 8
1911 4
1912 8
1913 4
1914 8
1915 4
1916 4
1917 4
1918 4
1919 4
1920 8
1921 4
1922 8
1923 4
1924 8
1925 4
1926 4
1927 4
1928 4
1929 4
1930 4
1931 4
1932 8
1933 4
1934 8
1935 4
1936 4
1937 4
1938 4
1939 4
1940 4
1941 4
1942 8
1943 4
1944 8
1945 4
1946 4
1947 4
1948 4
1949 4
1950 4
1951 4
1952 8
1953 4
1954 8
1955 4
1956 4
1957 4
1958 4
1959 4
1960 4
1961 4
1962 8
1963 4
1964 8
1965 4
1966 8
1967 4
1968 4
1969 4
1970 4
1971 4
1972 8
1973 4
1974 8
1975 4
1976 8
1977 4
1978 4
1979 4
1980 4
1981 4
1982 8
1983 4
1984 8
1985 4
1986 8
1987 4
1988 4
1989 4
1990 4
1991 4
1992 4
1993 4
1994 8
1995 4
1996 8
1997 4
1998 4
1999 4
2000 4
2001 4
2002 4
2003 4
2004 8
2005 4
2006 8
2007 4
2008 4
2009 4
2010 4
2011 4
2012 4
2013 4
2014 8
2015 4
2016 8
2017 4
2018 8
2019 4
2020 4
2021 4
2022 4
2023 4
2024 8
2025 4
2026 8
2027 4
2028 8
2029 4
2030 4
2031 4
2032 4
2033 4
2034 8
2035 4
2036 8
2037 4
2038 8
2039 4
2040 4
2041 4
2042 4
2043 4
2044 4
2045 4
2046 8
2047 4
2048 8
2049 4
2050 4
2051 4
2052 4
2053 4
2054 4
2055 4
2056 8
2057 4
2058 8
2059 4
2060 4
2061 4
2062 4
2063 4
2064 4
2065 4
2066 8
2067 4
2068 8
2069 4
2070 8
2071 4
2072 4
2073 4
2074 4
2075 4
2076 8
2077 4
2078 8
2079 4
2080 8
2081 4
2082 4
2083 4
2084 4
2085 4
2086 8
2087 4
2088 8
2089 4
2090 8
2091 4
2092 4
2093 4
2094 4
2095 4
2096 4
2097 4
2098 8
2099 4
2100 8
2101 4
2102 4
2103 4
2104 4
2105 4
2106 4
2107 4
2108 8
2109 4
2110 8
2111 4
2112 4
2113 4
2114 4
2115 4
2116 4
2117 4
2118 8
2119 4
2120 8
2121 4
2122 8
2123 4
2124 4
2125 4
2126 4
2127 4
2128 8
2129 4
2130 8
2131 4
2132 8
2133 4
2134 4
2135 4
2136 4
2137 4
2138 8
2139 4
2140 8
2141 4
2142 8
2143 4
2144 4
2145 4
2146 4
2147 4
2148 4
2149 4
2150 8
2151 4
2152 8
2153 4
2154 4
2155 4
2156 4
2157 4
2158 4
2159 4
2160 8
2161 4
2162 8
2163 4
2164 4
2165 4
2166 4
2167 4
2168 4
2169 4
2170 8
2171 4
2172 8
2173 4
2174 8
2175 4
2176 4
2177 4
2178 4
2179 4
2180 8
2181 4
2182 8
2183 4
2184 8
2185 4
2186 4
2187 4
2188 4
2189 4
2190 8
2191 4
2192 8
2193 4
2194 8
2195 4
2196 4
2197 4
2198 4
2199 4
2200 4
2201 4
2202 8
2203 4
2204 8
2205 4
2206 4
2207 4
2208 4
2209 4
2210 4
2211 4
2212 8
2213 4
2214 8
2215 4
2216 4
2217 4
2218 4
2219 4
2220 4
2221 4
2222 8
2223 4
2224 8
2225 4
2226 8
2227 4
2228 4
2229 4
2230 4
2231 4
2232 8
2233 4
2234 8
2235 4
2236 8
2237 4
2238 4
2239 4
2240 4
2241 4
2242 8
2243 4
2244 8
2245 4
2246 8
2247 4
2248 4
2249 4
2250 4
2251 4
2252 4
2253 4
2254 8
2255 4
2256 8
2257 4
2258 4
2259 4
2260 4
2261 4
2262 4
2263 4
2264 8
2265 4
2266 8
2267 4
2268 4
2269 4
2270 4
2271 4
2272 4
2273 4
2274 8
2275 4
2276 8
2277 4
2278 8
2279 4
2280 4
2281 4
2282 4
2283 4
2284 8
2285 4
2286 8
2287 4
2288 8
2289 4
2290 4
2291 4
2292 4
2293 4
2294 8
2295 4
2296 8
2297 4
2298 8
2299 4
2300 4
2301 4
2302 4
2303 4
2304 4
2305 4
2306 8
2307 4
2308 8
2309 4
2310 4
2311 4
2312 4
2313 4
2314 4
2315 4
2316 8
2317 4
2318 8
2319 4
2320 4
2321 4
2322 4
2323 4
2324 4
2325 4
2326 8
2327 4
2328 8
2329 4
2330 8
2331 4
2332 4
2333 4
2334 4
2335 4
2336 8
2337 4
2338 8
2339 4
2340 8
2341 4
2342 4
2343 4
2344 4
2345 4
2346 8
2347 4
2348 8
2349 4
2350 8
2351 4
2352 4
2353 4
2354 4
2355 4
2356 4
2357 4
2358 8
2359 4
2360 8
2361 4
2362 4
2363 4
2364 4
2365 4
2366 4
2367 4
2368 8
2369 4
2370 8
2371 4
2372 4
2373 4
2374 4
2375 4
2376 4
2377 4
2378 8
2379 4
2380 8
2381 4
2382 4
2383 4
2384 4
2385 4
2386 4
2387 4
2388 8
2389 4
2390 8
2391 4
2392 8
2393 4
2394 4
2395 4
2396 4
2397 4
2398 8
2399 4
2400 8
2401 4
2402 8
2403 4
2404 4
2405 4
2406 4
2407 4
2408 8
2409 4
2410 8
2411 4
2412 8
2413 4
2414 4
2415 4
2416 4
2417 4
2418 4
2419 4
2420 8
2421 4
2422 8
2423 4
2424 4
2425 4
2426 4
2427 4
2428 4
2429 4
2430 8
2431 4
2432 8
2433 4
2434 4
2435 4
2436 4
2437 4
2438 4
2439 4
2440 8
2441 4
2442 8
2443 4
2444 8
2445 4
2446 4
2447 4
2448 4
2449 4
2450 8
2451 4
2452 8
2453 4
2454 8
2455 4
2456 4
2457 4
2458 4
2459 4
2460 8
2461 4
2462 8
2463 4
2464 8
2465 4
2466 4
2467 4
2468 4
2469 4
2470 4
2471 4
2472 8
2473 4
2474 8
2475 4
2476 4
2477 4
2478 4
2479 4
2480 4
2481 4
2482 8
2483 4
2484 8
2485 4
2486 4
2487 4
2488 4
2489 4
2490 4
2491 4
2492 8
2493 4
2494 8
2495 4
2496 8
2497 4
2498 4
2499 4
2500 4
2501 4
2502 8
2503 4
2504 8
2505 4
2506 8
2507 4
2508 4
2509 4
2510 4
2511 4
2512 8
2513 4
2514 8
2515 4
2516 8
2517 4
2518 4
2519 4
2520 4
2521 4
2522 4
2523 4
2524 8
2525 4
2526 8
2527 4
2528 4
2529 4
2530 4
2531 4
2532 4
2533 4
2534 8
2535 4
2536 8
2537 4
2538 4
2539 4
2540 4
2541 4
2542 4
2543 4
2544 8
2545 4
2546 8
2547 4
2548 8
2549 4
2550 4
2551 4
2552 4
2553 4
2554 8
2555 4
2556 8
2557 4
2558 8
2559 4
2560 4
2561 4
2562 4
2563 4
2564 8
2565 4
2566 8
2567 4
2568 8
2569 4
2570 4
2571 4
2572 4
2573 4
2574 4
2575 4
2576 8
2577 4
2578 8
2579 4
2580 4
2581 4
2582 4
2583 4
2584 4
2585 4
2586 8
2587 4
2588 8
2589 4
2590 4
2591 4
2592 4
2593 4
2594 4
2595 4
2596 8
2597 4
2598 8
2599 4
2600 8
2601 4
2602 4
2603 4
2604 4
2605 4
2606 8
2607 4
2608 8
2609 4
2610 8
2611 4
2612 4
2613 4
2614 4
2615 4
2616 8
2617 4
2618 8
2619 4
2620 8
2621 4
2622 4
2623 4
2624 4
2625 4
2626 4
2627 4
2628 8
2629 4
2630 8
2631 4
2632 4
2633 4
2634 4
2635 4
2636 4
2637 4
2638 8
2639 4
2640 8
2641 4
2642 4
2643 4
2644 4
2645 4
2646 4
2647 4
2648 8
2649 4
2650 8
2651 4
2652 8
2653 4
2654 4
2655 4
2656 4
2657 4
2658 8
2659 4
2660 8
2661 4
2662 8
2663 4
2664 4
2665 4
2666 4
2667 4
2668 8
2669 4
2670 8
2671 4
2672 8
2673 4
2674 4
2675 4
2676 4
2677 4
2678 4
2679 4
2680 8
2681 4
2682 8
2683 4
2684 4
2685 4
2686 4
2687 4
2688 4
2689 4
2690 8
2691 4
2692 8
2693 4
2694 4
2695 4
2696 4
2697 4
2698 4
2699 4
2700 8
2701 4
2702 8
2703 4
2704 8
2705 4
2706 4
2707 4
2708 4
2709 4
2710 8
2711 4
2712 8
2713 4
2714 8
2715 4
2716 4
2717 4
2718 4
2719 4
2720 8
2721 4
2722 8
2723 4
2724 8
2725 4
2726 4
2727 4
2728 4
2729 4
2730 4
2731 4
2732 8
2733 4
2734 8
2735 4
2736 4
2737 4
2738 4
2739 4
2740 4
2741 4
2742 8
2743 4
2744 8
2745 4
2746 4
2747 4
2748 4
2749 4
2750 4
2751 4
2752 8
2753 4
2754 8
2755 4
2756 8
2757 4
2758 4
2759 4
2760 4
2761 4
2762 8
2763 4
2764 8
2765 4
2766 8
2767 4
2768 4
2769 4
2770 4
2771 4
2772 8
2773 4
2774 8
2775 4
2776 8
2777 4
2778 4
2779 4
2780 4
2781 4
2782 4
2783 4
2784 8
2785 4
2786 8
2787 4
2788 4
2789 4
2790 4
2791 4
2792 4
2793 4
2794 8
2795 4
2796 8
2797 4
2798 4
2799 4
2800 4
2801 4
2802 4
2803 4
2804 8
2805 4
2806 8
2807 4
2808 4
2809 4
2810 4
2811 4
2812 4
2813 4
2814 8
2815 4
2816 8
2817 4
2818 8
2819 4
2820 4
2821 4
2822 4
2823 4
2824 8
2825 4
2826 8
2827 4
2828 8
2829 4
2830 4
2831 4
2832 4
2833 4
2834 8
2835 4
2836 8
2837 4
2838 8
2839 4
2840 4
2841 4
2842 4
2843 4
2844 4
2845 4
2846 8
2847 4
2848 8
2849 4
2850 4
2851 4
2852 4
2853 4
2854 4
2855 4
2856 8
2857 4
2858 8
2859 4
2860 4
2861 4
2862 4
2863 4
2864 4
2865 4
2866 8
2867 4
2868 8
2869 4
2870 8
2871 4
2872 4
2873 4
2874 4
2875 4
2876 8
2877 4
2878 8
2879 4
2880 8
2881 4
2882 4
2883 4
2884 4
2885 4
2886 8
2887 4
2888 8
2889 4
2890 8
2891 4
2892 4
2893 4
2894 4
2895 4
2896 4
2897 4
2898 8
2899 4
2900 8
2901 4
2902 4
2903 4
2904 4
2905 4
2906 4
2907 4
2908 8
2909 4
2910 8
2911 4
2912 4
2913 4
2914 4
2915 4
2916 4
2917 4
2918 8
2919 4
2920 8
2921 4
2922 8
2923 4
2924 4
2925 4
2926 4
2927 4
2928 8
2929 4
2930 8
2931 4
2932 8
2933 4
2934 4
2935 4
2936 4
2937 4
2938 8
2939 4
2940 8
2941 4
2942 8
2943 4
2944 4
2945 4
2946 4
2947 4
2948 4
2949 4
2950 8
2951 4
2952 8
2953 4
2954 4
2955 4
2956 4
2957 4
2958 4
2959 4
2960 8
2961 4
2962 8
2963 4
2964 4
2965 4
2966 4
2967 4
2968 4
2969 4
2970 8
2971 4
2972 8
2973 4
2974 8
2975 4
2976 4
2977 4
2978 4
2979 4
2980 8
2981 4
2982 8
2983 4
2984 8
2985 4
2986 4
2987 4
2988 4
2989 4
2990 8
2991 4
2992 8
2993 4
2994 8
2995 4
2996 4
2997 4
2998 4
2999 4
3000 4
3001 4
3002 8
3003 4
3004 8
3005 4
3006 4
3007 4
3008 4
3009 4
3010 4
3011 4
3012 8
3013 4
3014 8
3015 4
3016 4
3017 4
3018 4
3019 4
3020 4
3021 4
3022 8
3023 4
3024 8
3025 4
3026 8
3027 4
3028 4
3029 4
3030 4
3031 4
3032 8
3033 4
3034 8
3035 4
3036 8
3037 4
3038 4
3039 4
3040 4
3041 4
3042 8
3043 4
3044 8
3045 4
3046 8
3047 4
3048 4
3049 4
3050 4
3051 4
3052 4
3053 4
3054 8
3055 4
3056 8
3057 4
3058 4
3059 4
3060 4
3061 4
3062 4
3063 4
3064 8
3065 4
3066 8
3067 4
3068 4
3069 4
3070 4
3071 4
3072 4
3073 4
3074 8
3075 4
3076 8
3077 4
3078 8
3079 4
3080 4
3081 4
3082 4
3083 4
3084 8
3085 4
3086 8
3087 4
3088 8
3089 4
3090 4
3091 4
3092 4
3093 4
3094 8
3095 4
3096 8
3097 4
3098 8
3099 4
3100 4
3101 4
3102 4
3103 4
3104 4
3105 4
3106 8
3107 4
3108 8
3109 4
3110 4
3111 4
3112 4
3113 4
3114 4
3115 4
3116 8
3117 4
3118 8
3119 4
3120 4
3121 4
3122 4
3123 4
3124 4
3125 4
3126 8
3127 4
3128 8
3129 4
3130 8
3131 4
3132 4
3133 4
3134 4
3135 4
3136 8
3137 4
3138 8
3139 4
3140 8
3141 4
3142 4
3143 4
3144 4
3145 4
3146 8
3147 4
3148 8
3149 4
3150 8
3151 4
3152 4
3153 4
3154 4
3155 4
3156 4
3157 4
3158 8
3159 4
3160 8
3161 4
3162 4
3163 4
3164 4
3165 4
3166 4
3167 4
3168 8
3169 4
3170 8
3171 4
3172 4
3173 4
3174 4
3175 4
3176 4
3177 4
3178 8
3179 4
3180 8
3181 4
3182 8
3183 4
3184 4
3185 4
3186 4
3187 4
3188 8
3189 4
3190 8
3191 4
3192 8
3193 4
3194 4
3195 4
3196 4
3197 4
3198 8
3199 4
3200 8
3201 4
3202 8
3203 4
3204 4
3205 4
3206 4
3207 4
3208 4
3209 4
3210 8
3211 4
3212 8
3213 4
3214 4
3215 4
3216 4
3217 4
3218 4
3219 4
3220 8
3221 4
3222 8
3223 4
3224 4
3225 4
3226 4
3227 4
3228 4
3229 4
3230 8
3231 4
3232 8
3233 4
3234 4
3235 4
3236 4
3237 4
3238 4
3239 4
3240 8
3241 4
3242 8
3243 4
3244 8
3245 4
3246 4
3247 4
3248 4
3249 4
3250 8
3251 4
3252 8
3253 4
3254 8
3255 4
3256 4
3257 4
3258 4
3259 4
3260 8
3261 4
3262 8
3263 4
3264 8
3265 4
3266 4
3267 4
3268 4
3269 4
3270 4
3271 4
3272 8
3273 4
3274 8
3275 4
3276 4
3277 4
3278 4
3279 4
3280 4
3281 4
3282 8
3283 4
3284 8
3285 4
3286 4
3287 4
3288 4
3289 4
3290 4
3291 4
3292 8
3293 4
3294 8
3295 4
3296 8
3297 4
3298 4
3299 4
3300 4
3301 4
3302 8
3303 4
3304 8
3305 4
3306 8
3307 4
3308 4
3309 4
3310 4
3311 4
3312 8
3313 4
3314 8
3315 4
3316 8
3317 4
3318 4
3319 4
3320 4
3321 4
3322 4
3323 4
3324 8
3325 4
3326 8
3327 4
3328 4
3329 4
3330 4
3331 4
3332 4
3333 4
3334 8
3335 4
3336 8
3337 4
3338 4
3339 4
3340 4
3341 4
3342 4
3343 4
3344 8
3345 4
3346 8
3347 4
3348 8
3349 4
3350 4
3351 4
3352 4
3353 4
3354 8
3355 4
3356 8
3357 4
3358 8
3359 4
3360 4
3361 4
3362 4
3363 4
3364 8
3365 4
3366 8
3367 4
3368 8
3369 4
3370 4
3371 4
3372 4
3373 4
3374 4
3375 4
3376 8
3377 4
3378 8
3379 4
3380 4
3381 4
3382 4
3383 4
3384 4
3385 4
3386 8
3387 4
3388 8
3389 4
3390 4
3391 4
3392 4
3393 4
3394 4
3395 4
3396 8
3397 4
3398 8
3399 4
3400 8
3401 4
3402 4
3403 4
3404 4
3405 4
3406 8
3407 4
3408 8
3409 4
3410 8
3411 4
3412 4
3413 4
3414 4
3415 4
3416 8
3417 4
3418 8
3419 4
3420 8
3421 4
3422 4
3423 4
3424 4
3425 4
3426 4
3427 4
3428 8
3429 4
3430 8
3431 4
3432 4
3433 4
3434 4
3435 4
3436 4
3437 4
3438 8
3439 4
3440 8
3441 4
3442 4
3443 4
3444 4
3445 4
3446 4
3447 4
3448 8
3449 4
3450 8
3451 4
3452 8
3453 4
3454 4
3455 4
3456 4
3457 4
3458 8
3459 4
3460 8
3461 4
3462 8
3463 4
3464 4
3465 4
3466 4
3467 4
3468 8
3469 4
3470 8
3471 4
3472 8
3473 4
3474 4
3475 4
3476 4
3477 4
3478 4
3479 4
3480 8
3481 4
3482 8
3483 4
3484 4
3485 4
3486 4
3487 4
3488 4
3489 4
3490 8
3491 4
3492 8
3493 4
3494 4
3495 4
3496 4
3497 4
3498 4
3499 4
3500 8
3501 4
3502 8
3503 4
3504 8
3505 4
3506 4
3507 4
3508 4
3509 4
3510 8
3511 4
3512 8
3513 4
3514 8
3515 4
3516 4
3517 4
3518 4
3519 4
3520 8
3521 4
3522 8
3523 4
3524 8
3525 4
3526 4
3527 4
3528 4
3529 4
3530 4
3531 4
3532 8
3533 4
3534 8
3535 4
3536 4
3537 4
3538 4
3539 4
3540 4
3541 4
3542 8
3543 4
3544 8
3545 4
3546 4
3547 4
3548 4
3549 4
3550 4
3551 4
3552 8
3553 4
3554 8
3555 4
3556 8
3557 4
3558 4
3559 4
3560 4
3561 4
3562 8
3563 4
3564 8
3565 4
3566 8
3567 4
3568 4
3569 4
3570 4
3571 4
3572 8
3573 4
3574 8
3575 4
3576 8
3577 4
3578 4
3579 4
3580 4
3581 4
3582 4
3583 4
3584 8
3585 4
3586 8
3587 4
3588 4
3589 4
3590 4
3591 4
3592 4
3593 4
3594 8
3595 4
3596 8
3597 4
3598 4
3599 4
3600 4
3601 4
3602 4
3603 4
3604 8
3605 4
3606 8
3607 4
3608 8
3609 4
3610 4
3611 4
3612 4
3613 4
3614 8
3615 4
3616 8
3617 4
3618 8
3619 4
3620 4
3621 4
3622 4
3623 4
3624 8
3625 4
3626 8
3627 4
3628 8
3629 4
3630 4
3631 4
3632 4
3633 4
3634 4
3635 4
3636 8
3637 4
3638 8
3639 4
3640 4
3641 4
3642 4
3643 4
3644 4
3645 4
3646 8
3647 4
3648 8
3649 4
3650 4
3651 4
3652 4
3653 4
3654 4
3655 4
3656 8
3657 4
3658 8
3659 4
3660 4
3661 4
3662 4
3663 4
3664 4
3665 4
3666 8
3667 4
3668 8
3669 4
3670 8
3671 4
3672 4
3673 4
3674 4
3675 4
3676 8
3677 4
3678 8
3679 4
3680 8
3681 4
3682 4
3683 4
3684 4
3685 4
3686 8
3687 4
3688 8
3689 4
3690 8
3691 4
3692 4
3693 4
3694 4
3695 4
3696 4
3697 4
3698 8
3699 4
3700 8
3701 4
3702 4
3703 4
3704 4
3705 4
3706 4
3707 4
3708 8
3709 4
3710 8
3711 4
3712 4
3713 4
3714 4
3715 4
3716 4
3717 4
3718 8
3719 4
3720 8
3721 4
3722 8
3723 4
3724 4
3725 4
3726 4
3727 4
3728 8
3729 4
3730 8
3731 4
3732 8
3733 4
3734 4
3735 4
3736 4
3737 4
3738 8
3739 4
3740 8
3741 4
3742 8
3743 4
3744 4
3745 4
3746 4
3747 4
3748 4
3749 4
3750 8
3751 4
3752 8
3753 4
3754 4
3755 4
3756 4
3757 4
3758 4
3759 4
3760 8
3761 4
3762 8
3763 4
3764 4
3765 4
3766 4
3767 4
3768 4
3769 4
3770 8
3771 4
3772 8
3773 4
3774 8
3775 4
3776 4
3777 4
3778 4
3779 4
3780 8
3781 4
3782 8
3783 4
3784 8
3785 4
3786 4
3787 4
3788 4
3789 4
3790 8
3791 4
3792 8
3793 4
3794 8
3795 4
3796 4
3797 4
3798 4
3799 4
3800 4
3801 4
3802 8
3803 4
3804 8
3805 4
3806 4
3807 4
3808 4
3809 4
3810 4
3811 4
3812 8
3813 4
3814 8
3815 4
3816 4
3817 4
3818 4
3819 4
3820 4
3821 4
3822 8
3823 4
3824 8
3825 4
3826 8
3827 4
3828 4
3829 4
3830 4
3831 4
3832 8
3833 4
3834 8
3835 4
3836 8
3837 4
3838 4
3839 4
3840 4
3841 4
3842 8
3843 4
3844 8
3845 4
3846 8
3847 4
3848 4
3849 4
3850 4
3851 4
3852 4
3853 4
3854 8
3855 4
3856 8
3857 4
3858 4
3859 4
3860 4
3861 4
3862 4
3863 4
3864 8
3865 4
3866 8
3867 4
3868 4
3869 4
3870 4
3871 4
3872 4
3873 4
3874 8
3875 4
3876 8
3877 4
3878 8
3879 4
3880 4
3881 4
3882 4
3883 4
3884 8
3885 4
3886 8
3887 4
3888 8
3889 4
3890 4
3891 4
3892 4
3893 4
3894 8
3895 4
3896 8
3897 4
3898 8
3899 4
3900 4
3901 4
3902 4
3903 4
3904 4
3905 4
3906 8
3907 4
3908 8
3909 4
3910 4
3911 4
3912 4
3913 4
3914 4
3915 4
3916 8
3917 4
3918 8
3919 4
3920 4
3921 4
3922 4
3923 4
3924 4
3925 4
3926 8
3927 4
3928 8
3929 4
3930 8
3931 4
3932 4
3933 4
3934 4
3935 4
3936 8
3937 4
3938 8
3939 4
3940 8
3941 4
3942 4
3943 4
3944 4
3945 4
3946 8
3947 4
3948 8
3949 4
3950 8
3951 4
3952 4
3953 4
3954 4
3955 4
3956 4
3957 4
3958 8
3959 4
3960 8
3961 4
3962 4
3963 4
3964 4
3965 4
3966 4
3967 4
3968 8
3969 4
3970 8
3971 4
3972 4
3973 4
3974 4
3975 4
3976 4
3977 4
3978 8
3979 4
3980 8
3981 4
3982 8
3983 4
3984 4
3985 4
3986 4
3987 4
3988 8
3989 4
3990 8
3991 4
3992 8
3993 4
3994 4
3995 4
3996 4
3997 4
3998 8
3999 4
4000 8
4001 4
4002 8
4003 4
4004 4
4005 4
4006 4
4007 4
4008 4
4009 4
4010 8
4011 4
4012 8
4013 4
4014 4
4015 4
4016 4
4017 4
4018 4
4019 4
4020 8
4021 4
4022 8
4023 4
4024 4
4025 4
4026 4
4027 4
4028 4
4029 4
4030 8
4031 4
4032 8
4033 4
4034 8
4035 4
4036 4
4037 4
4038 4
4039 4
4040 8
4041 4
4042 8
4043 4
4044 8
4045 4
4046 4
4047 4
4048 4
4049 4
4050 8
4051 4
4052 8
4053 4
4054 8
4055 4
4056 4
4057 4
4058 4
4059 4
4060 4
4061 4
4062 8
4063 4
4064 8
4065 4
4066 4
4067 4
4068 4
4069 4
4070 4
4071 4
4072 8
4073 4
4074 8
4075 4
4076 4
4077 4
4078 4
4079 4
4080 4
4081 4
4082 8
4083 4
4084 8
4085 4
4086 4
4087 4
4088 4
4089 4
4090 4
4091 4
4092 8
4093 4
4094 8
4095 4
4096 8
4097 4
4098 4
4099 4
4100 4
4101 4
4102 8
4103 4
4104 8
4105 4
4106 8
4107 4
4108 4
4109 4
4110 4
4111 4
4112 8
4113 4
4114 8
4115 4
4116 8
4117 4
4118 4
4119 4
4120 4
4121 4
4122 4
4123 4
4124 8
4125 4
4126 8
4127 4
4128 4
4129 4
4130 4
4131 4
4132 4
4133 4
4134 8
4135 4
4136 8
4137 4
4138 4
4139 4
4140 4
4141 4
4142 4
4143 4
4144 8
4145 4
4146 8
4147 4
4148 8
4149 4
4150 4
4151 4
4152 4
4153 4
4154 8
4155 4
4156 8
4157 4
4158 8
4159 4
4160 4
4161 4
4162 4
4163 4
4164 8
4165 4
4166 8
4167 4
4168 8
4169 4
4170 4
4171 4
4172 4
4173 4
4174 4
4175 4
4176 8
4177 4
4178 8
4179 4
4180 4
4181 4
4182 4
4183 4
4184 4
4185 4
4186 8
4187 4
4188 8
4189 4
4190 4
4191 4
4192 4
4193 4
4194 4
4195 4
4196 8
4197 4
4198 8
4199 4
4200 8
4201 4
4202 4
4203 4
4204 4
4205 4
4206 8
4207 4
4208 8
4209 4
4210 8
4211 4
4212 4
4213 4
4214 4
4215 4
4216 8
4217 4
4218 8
4219 4
4220 8
4221 4
4222 4
4223 4
4224 4
4225 4
4226 4
4227 4
4228 8
4229 4
4230 8
4231 4
4232 4
4233 4
4234 4
4235 4
4236 4
4237 4
4238 8
4239 4
4240 8
4241 4
4242 4
4243 4
4244 4
4245 4
4246 4
4247 4
4248 8
4249 4
4250 8
4251 4
4252 8
4253 4
4254 4
4255 4
4256 4
4257 4
4258 8
4259 4
4260 8
4261 4
4262 8
4263 4
4264 4
4265 4
4266 4
4267 4
4268 8
4269 4
4270 8
4271 4
4272 8
4273 4
4274 4
4275 4
4276 4
4277 4
4278 4
4279 4
4280 8
4281 4
4282 8
4283 4
4284 4
4285 4
4286 4
4287 4
4288 4
4289 4
4290 8
4291 4
4292 8
4293 4
4294 4
4295 4
4296 4
4297 4
4298 4
4299 4
4300 8
4301 4
4302 8
4303 4
4304 8
4305 4
4306 4
4307 4
4308 4
4309 4
4310 8
4311 4
4312 8
4313 4
4314 8
4315 4
4316 4
4317 4
4318 4
4319 4
4320 8
4321 4
4322 8
4323 4
4324 8
4325 4
4326 4
4327 4
4328 4
4329 4
4330 4
4331 4
4332 8
4333 4
4334 8
4335 4
4336 4
4337 4
4338 4
4339 4
4340 4
4341 4
4342 8
4343 4
4344 8
4345 4
4346 4
4347 4
4348 4
4349 4
4350 4
4351 4
4352 8
4353 4
4354 8
4355 4
4356 8
4357 4
4358 4
4359 4
4360 4
4361 4
4362 8
4363 4
4364 8
4365 4
4366 8
4367 4
4368 4
4369 4
4370 4
4371 4
4372 8
4373 4
4374 8
4375 4
4376 8
4377 4
4378 4
4379 4
4380 4
4381 4
4382 4
4383 4
4384 8
4385 4
4386 8
4387 4
4388 4
4389 4
4390 4
4391 4
4392 4
4393 4
4394 8
4395 4
4396 8
4397 4
4398 4
4399 4
4400 4
4401 4
4402 4
4403 4
4404 8
4405 4
4406 8
4407 4
4408 8
4409 4
4410 4
4411 4
4412 4
4413 4
4414 8
4415 4
4416 8
4417 4
4418 8
4419 4
4420 4
4421 4
4422 4
4423 4
4424 8
4425 4
4426 8
4427 4
4428 8
4429 4
4430 4
4431 4
4432 4
4433 4
4434 4
4435 4
4436 8
4437 4
4438 8
4439 4
4440 4
4441 4
4442 4
4443 4
4444 4
4445 4
4446 8
4447 4
4448 8
4449 4
4450 4
4451 4
4452 4
4453 4
4454 4
4455 4
4456 8
4457 4
4458 8
4459 4
4460 8
4461 4
4462 4
4463 4
4464 4
4465 4
4466 8
4467 4
4468 8
4469 4
4470 8
4471 4
4472 4
4473 4
4474 4
4475 4
4476 8
4477 4
4478 8
4479 4
4480 8
4481 4
4482 4
4483 4
4484 4
4485 4
4486 4
4487 4
4488 8
4489 4
4490 8
4491 4
4492 4
4493 4
4494 4
4495 4
4496 4
4497 4
4498 8
4499 4
4500 8
4501 4
4502 4
4503 4
4504 4
4505 4
4506 4
4507 4
4508 8
4509 4
4510 8
4511 4
4512 8
4513 4
4514 4
4515 4
4516 4
4517 4
4518 8
4519 4
4520 8
4521 4
4522 8
4523 4
4524 4
4525 4
4526 4
4527 4
4528 8
4529 4
4530 8
4531 4
4532 8
4533 4
4534 4
4535 4
4536 4
4537 4
4538 8
4539 4
4540 8
4541 4
4542 8
4543 4
4544 4
4545 4
4546 4
4547 4
4548 4
4549 4
4550 8
4551 4
4552 8
4553 4
4554 4
4555 4
4556 4
4557 4
4558 4
4559 4
4560 8
4561 4
4562 8
4563 4
4564 4
4565 4
4566 4
4567 4
4568 4
4569 4
4570 8
4571 4
4572 8
4573 4
4574 8
4575 4
4576 4
4577 4
4578 4
4579 4
4580 8
4581 4
4582 8
4583 4
4584 8
4585 4
4586 4
4587 4
4588 4
4589 4
4590 8
4591 4
4592 8
4593 4
4594 8
4595 4
4596 4
4597 4
4598 4
4599 4
4600 4
4601 4
4602 8
4603 4
4604 8
4605 4
4606 4
4607 4
4608 4
4609 4
4610 4
4611 4
4612 8
4613 4
4614 8
4615 4
4616 4
4617 4
4618 4
4619 4
4620 4
4621 4
4622 8
4623 4
4624 8
4625 4
4626 8
4627 4
4628 4
4629 4
4630 4
4631 4
4632 8
4633 4
4634 8
4635 4
4636 8
4637 4
4638 4
4639 4
4640 4
4641 4
4642 8
4643 4
4644 8
4645 4
4646 8
4647 4
4648 4
4649 4
4650 4
4651 4
4652 4
4653 4
4654 8
4655 4
4656 8
4657 4
4658 4
4659 4
4660 4
4661 4
4662 4
4663 4
4664 8
4665 4
4666 8
4667 4
4668 4
4669 4
4670 4
4671 4
4672 4
4673 4
4674 8
4675 4
4676 8
4677 4
4678 8
4679 4
4680 4
4681 4
4682 4
4683 4
4684 8
4685 4
4686 8
4687 4
4688 8
4689 4
4690 4
4691 4
4692 4
4693 4
4694 8
4695 4
4696 8
4697 4
4698 8
4699 4
4700 4
4701 4
4702 4
4703 4
4704 4
4705 4
4706 8
4707 4
4708 8
4709 4
4710 4
4711 4
4712 4
4713 4
4714 4
4715 4
4716 8
4717 4
4718 8
4719 4
4720 4
4721 4
4722 4
4723 4
4724 4
4725 4
4726 8
4727 4
4728 8
4729 4
4730 8
4731 4
4732 4
4733 4
4734 4
4735 4
4736 8
4737 4
4738 8
4739 4
4740 8
4741 4
4742 4
4743 4
4744 4
4745 4
4746 8
4747 4
4748 8
4749 4
4750 8
4751 4
4752 4
4753 4
4754 4
4755 4
4756 4
4757 4
4758 8
4759 4
4760 8
4761 4
4762 4
4763 4
4764 4
4765 4
4766 4
4767 4
4768 8
4769 4
4770 8
4771 4
4772 4
4773 4
4774 4
4775 4
4776 4
4777 4
4778 8
4779 4
4780 8
4781 4
4782 8
4783 4
4784 4
4785 4
4786 4
4787 4
4788 8
4789 4
4790 8
4791 4
4792 8
4793 4
4794 4
4795 4
4796 4
4797 4
4798 8
4799 4
4800 8
4801 4
4802 8
4803 4
4804 4
4805 4
4806 4
4807 4
4808 4
4809 4
4810 8
4811 4
4812 8
4813 4
4814 4
4815 4
4816 4
4817 4
4818 4
4819 4
4820 8
4821 4
4822 8
4823 4
4824 4
4825 4
4826 4
4827 4
4828 4
4829 4
4830 8
4831 4
4832 8
4833 4
4834 8
4835 4
4836 4
4837 4
4838 4
4839 4
4840 8
4841 4
4842 8
4843 4
4844 8
4845 4
4846 4
4847 4
4848 4
4849 4
4850 8
4851 4
4852 8
4853 4
4854 8
4855 4
4856 4
4857 4
4858 4
4859 4
4860 4
4861 4
4862 8
4863 4
4864 8
4865 4
4866 4
4867 4
4868 4
4869 4
4870 4
4871 4
4872 8
4873 4
4874 8
4875 4
4876 4
4877 4
4878 4
4879 4
4880 4
4881 4
4882 8
4883 4
4884 8
4885 4
4886 8
4887 4
4888 4
4889 4
4890 4
4891 4
4892 8
4893 4
4894 8
4895 4
4896 8
4897 4
4898 4
4899 4
4900 4
4901 4
4902 8
4903 4
4904 8
4905 4
4906 8
4907 4
4908 4
4909 4
4910 4
4911 4
4912 4
4913 4
4914 8
4915 4
4916 8
4917 4
4918 4
4919 4
4920 4
4921 4
4922 4
4923 4
4924 8
4925 4
4926 8
4927 4
4928 4
4929 4
4930 4
4931 4
4932 4
4933 4
4934 8
4935 4
4936 8
4937 4
4938 8
4939 4
4940 4
4941 4
4942 4
4943 4
4944 8
4945 4
4946 8
4947 4
4948 8
4949 4
4950 4
4951 4
4952 4
4953 4
4954 8
4955 4
4956 8
4957 4
4958 8
4959 4
4960 4
4961 4
4962 4
4963 4
4964 8
4965 4
4966 8
4967 4
4968 8
4969 4
4970 4
4971 4
4972 4
4973 4
4974 4
4975 4
4976 8
4977 4
4978 8
4979 4
4980 4
4981 4
4982 4
4983 4
4984 4
4985 4
4986 8
4987 4
4988 8
4989 4
4990 4
4991 4
4992 4
4993 4
4994 4
4995 4
4996 8
4997 4
4998 8
4999 4
5000 8
5001 4
5002 4
5003 4
5004 4
5005 4
5006 8
5007 4
5008 8
5009 4
5010 8
5011 4
5012 4
5013 4
5014 4
5015 4
5016 8
5017 4
5018 8
5019 4
5020 8
5021 4
5022 4
5023 4
5024 4
5025 4
5026 4
5027 4
5028 8
5029 4
5030 8
5031 4
5032 4
5033 4
5034 4
5035 4
5036 4
5037 4
5038 8
5039 4
5040 8
5041 4
5042 4
5043 4
5044 4
5045 4
5046 4
5047 4
5048 8
5049 4
5050 8
5051 4
5052 8
5053 4
5054 4
5055 4
5056 4
5057 4
5058 8
5059 4
5060 8
5061 4
5062 8
5063 4
5064 4
5065 4
5066 4
5067 4
5068 8
5069 4
5070 8
5071 4
5072 8
5073 4
5074 4
5075 4
5076 4
5077 4
5078 4
5079 4
5080 8
5081 4
5082 8
5083 4
5084 4
5085 4
5086 4
5087 4
5088 4
5089 4
5090 8
5091 4
5092 8
5093 4
5094 4
5095 4
5096 4
5097 4
5098 4
5099 4
5100 8
5101 4
5102 8
5103 4
5104 8
5105 4
5106 4
5107 4
5108 4
5109 4
5110 8
5111 4
5112 8
5113 4
5114 8
5115 4
5116 4
5117 4
5118 4
5119 4
5120 8
5121 4
5122 8
5123 4
5124 8
5125 4
5126 4
5127 4
5128 4
5129 4
5130 4
5131 4
5132 8
5133 4
5134 8
5135 4
5136 4
5137 4
5138 4
5139 4
5140 4
5141 4
5142 8
5143 4
5144 8
5145 4
5146 4
5147 4
5148 4
5149 4
5150 4
5151 4
5152 8
5153 4
5154 8
5155 4
5156 8
5157 4
5158 4
5159 4
5160 4
5161 4
5162 8
5163 4
5164 8
5165 4
5166 8
5167 4
5168 4
5169 4
5170 4
5171 4
5172 8
5173 4
5174 8
5175 4
5176 8
5177 4
5178 4
5179 4
5180 4
5181 4
5182 4
5183 4
5184 8
5185 4
5186 8
5187 4
5188 4
5189 4
5190 4
5191 4
5192 4
5193 4
5194 8
5195 4
5196 8
5197 4
5198 4
5199 4
5200 4
5201 4
5202 4
5203 4
5204 8
5205 4
5206 8
5207 4
5208 8
5209 4
5210 4
5211 4
5212 4
5213 4
5214 8
5215 4
5216 8
5217 4
5218 8
5219 4
5220 4
5221 4
5222 4
5223 4
5224 8
5225 4
5226 8
5227 4
5228 8
5229 4
5230 4
5231 4
5232 4
5233 4
5234 4
5235 4
5236 8
5237 4
5238 8
5239 4
5240 4
5241 4
5242 4
5243 4
5244 4
5245 4
5246 8
5247 4
5248 8
5249 4
5250 4
5251 4
5252 4
5253 4
5254 4
5255 4
5256 8
5257 4
5258 8
5259 4
5260 8
5261 4
5262 4
5263 4
5264 4
5265 4
5266 8
5267 4
5268 8
5269 4
5270 8
5271 4
5272 4
5273 4
5274 4
5275 4
5276 8
5277 4
5278 8
5279 4
5280 8
5281 4
5282 4
5283 4
5284 4
5285 4
5286 4
5287 4
5288 8
5289 4
5290 8
5291 4
5292 4
5293 4
5294 4
5295 4
5296 4
5297 4
5298 8
5299 4
5300 8
5301 4
5302 4
5303 4
5304 4
5305 4
5306 4
5307 4
5308 8
5309 4
5310 8
5311 4
5312 8
5313 4
5314 4
5315 4
5316 4
5317 4
5318 8
5319 4
5320 8
5321 4
5322 8
5323 4
5324 4
5325 4
5326 4
5327 4
5328 8
5329 4
5330 8
5331 4
5332 8
5333 4
5334 4
5335 4
5336 4
5337 4
5338 4
5339 4
5340 8
5341 4
5342 8
5343 4
5344 4
5345 4
5346 4
5347 4
5348 4
5349 4
5350 8
5351 4
5352 8
5353 4
5354 4
5355 4
5356 4
5357 4
5358 4
5359 4
5360 8
5361 4
5362 8
5363 4
5364 8
5365 4
5366 4
5367 4
5368 4
5369 4
5370 8
5371 4
5372 8
5373 4
5374 8
5375 4
5376 4
5377 4
5378 4
5379 4
5380 8
5381 4
5382 8
5383 4
5384 8
5385 4
5386 4
5387 4
5388 4
5389 4
5390 8
5391 4
5392 8
5393 4
5394 8
5395 4
5396 4
5397 4
5398 4
5399 4
5400 4
5401 4
5402 8
5403 4
5404 8
5405 4
5406 4
5407 4
5408 4
5409 4
5410 4
5411 4
5412 8
5413 4
5414 8
5415 4
5416 4
5417 4
5418 4
5419 4
5420 4
5421 4
5422 8
5423 4
5424 8
5425 4
5426 8
5427 4
5428 4
5429 4
5430 4
5431 4
5432 8
5433 4
5434 8
5435 4
5436 8
5437 4
5438 4
5439 4
5440 4
5441 4
5442 8
5443 4
5444 8
5445 4
5446 8
5447 4
5448 4
5449 4
5450 4
5451 4
5452 4
5453 4
5454 8
5455 4
5456 8
5457 4
5458 4
5459 4
5460 4
5461 4
5462 4
5463 4
5464 8
5465 4
5466 8
5467 4
5468 4
5469 4
5470 4
5471 4
5472 4
5473 4
5474 8
5475 4
5476 8
5477 4
5478 8
5479 4
5480 4
5481 4
5482 4
5483 4
5484 8
5485 4
5486 8
5487 4
5488 8
5489 4
5490 4
5491 4
5492 4
5493 4
5494 8
5495 4
5496 8
5497 4
5498 8
5499 4
5500 4
5501 4
5502 4
5503 4
5504 4
5505 4
5506 8
5507 4
5508 8
5509 4
5510 4
5511 4
5512 4
5513 4
5514 4
5515 4
5516 8
5517 4
5518 8
5519 4
5520 4
5521 4
5522 4
5523 4
5524 4
5525 4
5526 8
5527 4
5528 8
5529 4
5530 8
5531 4
5532 4
5533 4
5534 4
5535 4
5536 8
5537 4
5538 8
5539 4
5540 8
5541 4
5542 4
5543 4
5544 4
5545 4
5546 8
5547 4
5548 8
5549 4
5550 8
5551 4
5552 4
5553 4
5554 4
5555 4
5556 4
5557 4
5558 8
5559 4
5560 8
5561 4
5562 4
5563 4
5564 4
5565 4
5566 4
5567 4
5568 8
5569 4
5570 8
5571 4
5572 4
5573 4
5574 4
5575 4
5576 4
5577 4
5578 8
5579 4
5580 8
5581 4
5582 8
5583 4
5584 4
5585 4
5586 4
5587 4
5588 8
5589 4
5590 8
5591 4
5592 8
5593 4
5594 4
5595 4
5596 4
5597 4
5598 8
5599 4
5600 8
5601 4
5602 8
5603 4
5604 4
5605 4
5606 4
5607 4
5608 4
5609 4
5610 8
5611 4
5612 8
5613 4
5614 4
5615 4
5616 4
5617 4
5618 4
5619 4
5620 8
5621 4
5622 8
5623 4
5624 4
5625 4
5626 4
5627 4
5628 4
5629 4
5630 8
5631 4
5632 8
5633 4
5634 8
5635 4
5636 4
5637 4
5638 4
5639 4
5640 8
5641 4
5642 8
5643 4
5644 8
5645 4
5646 4
5647 4
5648 4
5649 4
5650 8
5651 4
5652 8
5653 4
5654 8
5655 4
5656 4
5657 4
5658 4
5659 4
5660 4
5661 4
5662 8
5663 4
5664 8
5665 4
5666 4
5667 4
5668 4
5669 4
5670 4
5671 4
5672 8
5673 4
5674 8
5675 4
5676 4
5677 4
5678 4
5679 4
5680 4
5681 4
5682 8
5683 4
5684 8
5685 4
5686 8
5687 4
5688 4
5689 4
5690 4
5691 4
5692 8
5693 4
5694 8
5695 4
5696 8
5697 4
5698 4
5699 4
5700 4
5701 4
5702 8
5703 4
5704 8
5705 4
5706 8
5707 4
5708 4
5709 4
5710 4
5711 4
5712 4
5713 4
5714 8
5715 4
5716 8
5717 4
5718 4
5719 4
5720 4
5721 4
5722 4
5723 4
5724 8
5725 4
5726 8
5727 4
5728 4
5729 4
5730 4
5731 4
5732 4
5733 4
5734 8
5735 4
5736 8
5737 4
5738 8
5739 4
5740 4
5741 4
5742 4
5743 4
5744 8
5745 4
5746 8
5747 4
5748 8
5749 4
5750 4
5751 4
5752 4
5753 4
5754 8
5755 4
5756 8
5757 4
5758 8
5759 4
5760 4
5761 4
5762 4
5763 4
5764 4
5765 4
5766 8
5767 4
5768 8
5769 4
5770 4
5771 4
5772 4
5773 4
5774 4
5775 4
5776 8
5777 4
5778 8
5779 4
5780 4
5781 4
5782 4
5783 4
5784 4
5785 4
5786 8
5787 4
5788 8
5789 4
5790 8
5791 4
5792 4
5793 4
5794 4
5795 4
5796 8
5797 4
5798 8
5799 4
5800 8
5801 4
5802 4
5803 4
5804 4
5805 4
5806 8
5807 4
5808 8
5809 4
5810 8
5811 4
5812 4
5813 4
5814 4
5815 4
5816 8
5817 4
5818 8
5819 4
5820 8
5821 4
5822 4
5823 4
5824 4
5825 4
5826 4
5827 4
5828 8
5829 4
5830 8
5831 4
5832 4
5833 4
5834 4
5835 4
5836 4
5837 4
5838 8
5839 4
5840 8
5841 4
5842 4
5843 4
5844 4
5845 4
5846 4
5847 4
5848 8
5849 4
5850 8
5851 4
5852 8
5853 4
5854 4
5855 4
5856 4
5857 4
5858 8
5859 4
5860 8
5861 4
5862 8
5863 4
5864 4
5865 4
5866 4
5867 4
5868 8
5869 4
5870 8
5871 4
5872 8
5873 4
5874 4
5875 4
5876 4
5877 4
5878 4
5879 4
5880 8
5881 4
5882 8
5883 4
5884 4
5885 4
5886 4
5887 4
5888 4
5889 4
5890 8
5891 4
5892 8
5893 4
5894 4
5895 4
5896 4
5897 4
5898 4
5899 4
5900 8
5901 4
5902 8
5903 4
5904 8
5905 4
5906 4
5907 4
5908 4
5909 4
5910 8
5911 4
5912 8
5913 4
5914 8
5915 4
5916 4
5917 4
5918 4
5919 4
5920 8
5921 4
5922 8
5923 4
5924 8
5925 4
5926 4
5927 4
5928 4
5929 4
5930 4
5931 4
5932 8
5933 4
5934 8
5935 4
5936 4
5937 4
5938 4
5939 4
5940 4
5941 4
5942 8
5943 4
5944 8
5945 4
5946 4
5947 4
5948 4
5949 4
5950 4
5951 4
5952 8
5953 4
5954 8
5955 4
5956 8
5957 4
5958 4
5959 4
5960 4
5961 4
5962 8
5963 4
5964 8
5965 4
5966 8
5967 4
5968 4
5969 4
5970 4
5971 4
5972 8
5973 4
5974 8
5975 4
5976 8
5977 4
5978 4
5979 4
5980 4
5981 4
5982 4
5983 4
5984 8
5985 4
5986 8
5987 4
5988 4
5989 4
5990 4
5991 4
5992 4
5993 4
5994 8
5995 4
5996 8
5997 4
5998 4
5999 4
6000 4
6001 4
6002 4
6003 4
6004 8
6005 4
6006 8
6007 4
6008 8
6009 4
6010 4
6011 4
6012 4
6013 4
6014 8
6015 4
6016 8
6017 4
6018 8
6019 4
6020 4
6021 4
6022 4
6023 4
6024 8
6025 4
6026 8
6027 4
6028 8
6029 4
6030 4
6031 4
6032 4
6033 4
6034 4
6035 4
6036 8
6037 4
6038 8
6039 4
6040 4
6041 4
6042 4
6043 4
6044 4
6045 4
6046 8
6047 4
6048 8
6049 4
6050 4
6051 4
6052 4
6053 4
6054 4
6055 4
6056 8
6057 4
6058 8
6059 4
6060 8
6061 4
6062 4
6063 4
6064 4
6065 4
6066 8
6067 4
6068 8
6069 4
6070 8
6071 4
6072 4
6073 4
6074 4
6075 4
6076 8
6077 4
6078 8
6079 4
6080 8
6081 4
6082 4
6083 4
6084 4
6085 4
6086 4
6087 4
6088 8
6089 4
6090 8
6091 4
6092 4
6093 4
6094 4
6095 4
6096 4
6097 4
6098 8
6099 4
6100 8
6101 4
6102 4
6103 4
6104 4
6105 4
6106 4
6107 4
6108 8
6109 4
6110 8
6111 4
6112 8
6113 4
6114 4
6115 4
6116 4
6117 4
6118 8
6119 4
6120 8
6121 4
6122 8
6123 4
6124 4
6125 4
6126 4
6127 4
6128 8
6129 4
6130 8
6131 4
6132 8
6133 4
6134 4
6135 4
6136 4
6137 4
6138 4
6139 4
6140 8
6141 4
6142 8
6143 4
6144 4
6145 4
6146 4
6147 4
6148 4
6149 4
6150 8
6151 4
6152 8
6153 4
6154 4
6155 4
6156 4
6157 4
6158 4
6159 4
6160 8
6161 4
6162 8
6163 4
6164 8
6165 4
6166 4
6167 4
6168 4
6169 4
6170 8
6171 4
6172 8
6173 4
6174 8
6175 4
6176 4
6177 4
6178 4
6179 4
6180 8
6181 4
6182 8
6183 4
6184 8
6185 4
6186 4
6187 4
6188 4
6189 4
6190 4
6191 4
6192 8
6193 4
6194 8
6195 4
6196 4
6197 4
6198 4
6199 4
6200 4
6201 4
6202 8
6203 4
6204 8
6205 4
6206 4
6207 4
6208 4
6209 4
6210 4
6211 4
6212 8
6213 4
6214 8
6215 4
6216 8
6217 4
6218 4
6219 4
6220 4
6221 4
6222 8
6223 4
6224 8
6225 4
6226 8
6227 4
6228 4
6229 4
6230 4
6231 4
6232 8
6233 4
6234 8
6235 4
6236 8
6237 4
6238 4
6239 4
6240 4
6241 4
6242 8
6243 4
6244 8
6245 4
6246 8
6247 4
6248 4
6249 4
6250 4
6251 4
6252 4
6253 4
6254 8
6255 4
6256 8
6257 4
6258 4
6259 4
6260 4
6261 4
6262 4
6263 4
6264 8
6265 4
6266 8
6267 4
6268 4
6269 4
6270 4
6271 4
6272 4
6273 4
6274 8
6275 4
6276 8
6277 4
6278 8
6279 4
6280 4
6281 4
6282 4
6283 4
6284 8
6285 4
6286 8
6287 4
6288 8
6289 4
6290 4
6291 4
6292 4
6293 4
6294 8
6295 4
6296 8
6297 4
6298 8
6299 4
6300 4
6301 4
6302 4
6303 4
6304 4
6305 4
6306 8
6307 4
6308 8
6309 4
6310 4
6311 4
6312 4
6313 4
6314 4
6315 4
6316 8
6317 4
6318 8
6319 4
6320 4
6321 4
6322 4
6323 4
6324 4
6325 4
6326 8
6327 4
6328 8
6329 4
6330 8
6331 4
6332 4
6333 4
6334 4
6335 4
6336 8
6337 4
6338 8
6339 4
6340 8
6341 4
6342 4
6343 4
6344 4
6345 4
6346 8
6347 4
6348 8
6349 4
6350 8
6351 4
6352 4
6353 4
6354 4
6355 4
6356 4
6357 4
6358 8
6359 4
6360 8
6361 4
6362 4
6363 4
6364 4
6365 4
6366 4
6367 4
6368 8
6369 4
6370 8
6371 4
6372 4
6373 4
6374 4
6375 4
6376 4
6377 4
6378 8
6379 4
6380 8
6381 4
6382 8
6383 4
6384 4
6385 4
6386 4
6387 4
6388 8
6389 4
6390 8
6391 4
6392 8
6393 4
6394 4
6395 4
6396 4
6397 4
6398 8
6399 4
6400 8
6401 4
6402 8
6403 4
6404 4
6405 4
6406 4
6407 4
6408 4
6409 4
6410 8
6411 4
6412 8
6413 4
6414 4
6415 4
6416 4
6417 4
6418 4
6419 4
6420 8
6421 4
6422 8
6423 4
6424 4
6425 4
6426 4
6427 4
6428 4
6429 4
6430 8
6431 4
6432 8
6433 4
6434 8
6435 4
6436 4
6437 4
6438 4
6439 4
6440 8
6441 4
6442 8
6443 4
6444 8
6445 4
6446 4
6447 4
6448 4
6449 4
6450 8
6451 4
6452 8
6453 4
6454 8
6455 4
6456 4
6457 4
6458 4
6459 4
6460 4
6461 4
6462 8
6463 4
6464 8
6465 4
6466 4
6467 4
6468 4
6469 4
6470 4
6471 4
6472 8
6473 4
6474 8
6475 4
6476 4
6477 4
6478 4
6479 4
6480 4
6481 4
6482 8
6483 4
6484 8
6485 4
6486 8
6487 4
6488 4
6489 4
6490 4
6491 4
6492 8
6493 4
6494 8
6495 4
6496 8
6497 4
6498 4
6499 4
6500 4
6501 4
6502 8
6503 4
6504 8
6505 4
6506 8
6507 4
6508 4
6509 4
6510 4
6511 4
6512 4
6513 4
6514 8
6515 4
6516 8
6517 4
6518 4
6519 4
6520 4
6521 4
6522 4
6523 4
6524 8
6525 4
6526 8
6527 4
6528 4
6529 4
6530 4
6531 4
6532 4
6533 4
6534 8
6535 4
6536 8
6537 4
6538 8
6539 4
6540 4
6541 4
6542 4
6543 4
6544 8
6545 4
6546 8
6547 4
6548 8
6549 4
6550 4
6551 4
6552 4
6553 4
6554 8
6555 4
6556 8
6557 4
6558 8
6559 4
6560 4
6561 4
6562 4
6563 4
6564 4
6565 4
6566 8
6567 4
6568 8
6569 4
6570 4
6571 4
6572 4
6573 4
6574 4
6575 4
6576 8
6577 4
6578 8
6579 4
6580 4
6581 4
6582 4
6583 4
6584 4
6585 4
6586 8
6587 4
6588 8
6589 4
6590 8
6591 4
6592 4
6593 4
6594 4
6595 4
6596 8
6597 4
6598 8
6599 4
6600 8
6601 4
6602 4
6603 4
6604 4
6605 4
6606 8
6607 4
6608 8
6609 4
6610 8
6611 4
6612 4
6613 4
6614 4
6615 4
6616 4
6617 4
6618 8
6619 4
6620 8
6621 4
6622 4
6623 4
6624 4
6625 4
6626 4
6627 4
6628 8
6629 4
6630 8
6631 4
6632 4
6633 4
6634 4
6635 4
6636 4
6637 4
6638 8
6639 4
6640 8
6641 4
6642 8
6643 4
6644 4
6645 4
6646 4
6647 4
6648 8
6649 4
6650 8
6651 4
6652 8
6653 4
6654 4
6655 4
6656 4
6657 4
6658 8
6659 4
6660 8
6661 4
6662 8
6663 4
6664 4
6665 4
6666 4
6667 4
6668 8
6669 4
6670 8
6671 4
6672 8
6673 4
6674 4
6675 4
6676 4
6677 4
6678 4
6679 4
6680 8
6681 4
6682 8
6683 4
6684 4
6685 4
6686 4
6687 4
6688 4
6689 4
6690 8
6691 4
6692 8
6693 4
6694 4
6695 4
6696 4
6697 4
6698 4
6699 4
6700 8
6701 4
6702 8
6703 4
6704 8
6705 4
6706 4
6707 4
6708 4
6709 4
6710 8
6711 4
6712 8
6713 4
6714 8
6715 4
6716 4
6717 4
6718 4
6719 4
6720 8
6721 4
6722 8
6723 4
6724 8
6725 4
6726 4
6727 4
6728 4
6729 4
6730 4
6731 4
6732 8
6733 4
6734 8
6735 4
6736 4
6737 4
6738 4
6739 4
6740 4
6741 4
6742 8
6743 4
6744 8
6745 4
6746 4
6747 4
6748 4
6749 4
6750 4
6751 4
6752 8
6753 4
6754 8
6755 4
6756 8
6757 4
6758 4
6759 4
6760 4
6761 4
6762 8
6763 4
6764 8
6765 4
6766 8
6767 4
6768 4
6769 4
6770 4
6771 4
6772 8
6773 4
6774 8
6775 4
6776 8
6777 4
6778 4
6779 4
6780 4
6781 4
6782 4
6783 4
6784 8
6785 4
6786 8
6787 4
6788 4
6789 4
6790 4
6791 4
6792 4
6793 4
6794 8
6795 4
6796 8
6797 4
6798 4
6799 4
6800 4
6801 4
6802 4
6803 4
6804 8
6805 4
6806 8
6807 4
6808 8
6809 4
6810 4
6811 4
6812 4
6813 4
6814 8
6815 4
6816 8
6817 4
6818 8
6819 4
6820 4
6821 4
6822 4
6823 4
6824 8
6825 4
6826 8
6827 4
6828 8
6829 4
6830 4
6831 4
6832 4
6833 4
6834 4
6835 4
6836 8
6837 4
6838 8
6839 4
6840 4
6841 4
6842 4
6843 4
6844 4
6845 4
6846 8
6847 4
6848 8
6849 4
6850 4
6851 4
6852 4
6853 4
6854 4
6855 4
6856 8
6857 4
6858 8
6859 4
6860 8
6861 4
6862 4
6863 4
6864 4
6865 4
6866 8
6867 4
6868 8
6869 4
6870 8
6871 4
6872 4
6873 4
6874 4
6875 4
6876 8
6877 4
6878 8
6879 4
6880 8
6881 4
6882 4
6883 4
6884 4
6885 4
6886 4
6887 4
6888 8
6889 4
6890 8
6891 4
6892 4
6893 4
6894 4
6895 4
6896 4
6897 4
6898 8
6899 4
6900 8
6901 4
6902 4
6903 4
6904 4
6905 4
6906 4
6907 4
6908 8
6909 4
6910 8
6911 4
6912 8
6913 4
6914 4
6915 4
6916 4
6917 4
6918 8
6919 4
6920 8
6921 4
6922 8
6923 4
6924 4
6925 4
6926 4
6927 4
6928 8
6929 4
6930 8
6931 4
6932 8
6933 4
6934 4
6935 4
6936 4
6937 4
6938 4
6939 4
6940 8
6941 4
6942 8
6943 4
6944 4
6945 4
6946 4
6947 4
6948 4
6949 4
6950 8
6951 4
6952 8
6953 4
6954 4
6955 4
6956 4
6957 4
6958 4
6959 4
6960 8
6961 4
6962 8
6963 4
6964 8
6965 4
6966 4
6967 4
6968 4
6969 4
6970 8
6971 4
6972 8
6973 4
6974 8
6975 4
6976 4
6977 4
6978 4
6979 4
6980 8
6981 4
6982 8
6983 4
6984 8
6985 4
6986 4
6987 4
6988 4
6989 4
6990 4
6991 4
6992 8
6993 4
6994 8
6995 4
6996 4
6997 4
6998 4
6999 4
7000 4
7001 4
7002 8
7003 4
7004 8
7005 4
7006 4
7007 4
7008 4
7009 4
7010 4
7011 4
7012 8
7013 4
7014 8
7015 4
7016 8
7017 4
7018 4
7019 4
7020 4
7021 4
7022 8
7023 4
7024 8
7025 4
7026 8
7027 4
7028 4
7029 4
7030 4
7031 4
7032 8
7033 4
7034 8
7035 4
7036 8
7037 4
7038 4
7039 4
7040 4
7041 4
7042 4
7043 4
7044 8
7045 4
7046 8
7047 4
7048 4
7049 4
7050 4
7051 4
7052 4
7053 4
7054 8
7055 4
7056 8
7057 4
7058 4
7059 4
7060 4
7061 4
7062 4
7063 4
7064 8
7065 4
7066 8
7067 4
7068 8
7069 4
7070 4
7071 4
7072 4
7073 4
7074 8
7075 4
7076 8
7077 4
7078 8
7079 4
7080 4
7081 4
7082 4
7083 4
7084 8
7085 4
7086 8
7087 4
7088 8
7089 4
7090 4
7091 4
7092 4
7093 4
7094 8
7095 4
7096 8
7097 4
7098 8
7099 4
7100 4
7101 4
7102 4
7103 4
7104 4
7105 4
7106 8
7107 4
7108 8
7109 4
7110 4
7111 4
7112 4
7113 4
7114 4
7115 4
7116 8
7117 4
7118 8
7119 4
7120 4
7121 4
7122 4
7123 4
7124 4
7125 4
7126 8
7127 4
7128 8
7129 4
7130 8
7131 4
7132 4
7133 4
7134 4
7135 4
7136 8
7137 4
7138 8
7139 4
7140 8
7141 4
7142 4
7143 4
7144 4
7145 4
7146 8
7147 4
7148 8
7149 4
7150 8
7151 4
7152 4
7153 4
7154 4
7155 4
7156 4
7157 4
7158 8
7159 4
7160 8
7161 4
7162 4
7163 4
7164 4
7165 4
7166 4
7167 4
7168 8
7169 4
7170 8
7171 4
7172 4
7173 4
7174 4
7175 4
7176 4
7177 4
7178 8
7179 4
7180 8
7181 4
7182 8
7183 4
7184 4
7185 4
7186 4
7187 4
7188 8
7189 4
7190 8
7191 4
7192 8
7193 4
7194 4
7195 4
7196 4
7197 4
7198 8
7199 4
7200 8
7201 4
7202 8
7203 4
7204 4
7205 4
7206 4
7207 4
7208 4
7209 4
7210 8
7211 4
7212 8
7213 4
7214 4
7215 4
7216 4
7217 4
7218 4
7219 4
7220 8
7221 4
7222 8
7223 4
7224 4
7225 4
7226 4
7227 4
7228 4
7229 4
7230 8
7231 4
7232 8
7233 4
7234 8
7235 4
7236 4
7237 4
7238 4
7239 4
7240 8
7241 4
7242 8
7243 4
7244 8
7245 4
7246 4
7247 4
7248 4
7249 4
7250 8
7251 4
7252 8
7253 4
7254 8
7255 4
7256 4
7257 4
7258 4
7259 4
7260 4
7261 4
7262 8
7263 4
7264 8
7265 4
7266 4
7267 4
7268 4
7269 4
7270 4
7271 4
7272 8
7273 4
7274 8
7275 4
7276 4
7277 4
7278 4
7279 4
7280 4
7281 4
7282 8
7283 4
7284 8
7285 4
7286 8
7287 4
7288 4
7289 4
7290 4
7291 4
7292 8
7293 4
7294 8
7295 4
7296 8
7297 4
7298 4
7299 4
7300 4
7301 4
7302 8
7303 4
7304 8
7305 4
7306 8
7307 4
7308 4
7309 4
7310 4
7311 4
7312 4
7313 4
7314 8
7315 4
7316 8
7317 4
7318 4
7319 4
7320 4
7321 4
7322 4
7323 4
7324 8
7325 4
7326 8
7327 4
7328 4
7329 4
7330 4
7331 4
7332 4
7333 4
7334 8
7335 4
7336 8
7337 4
7338 8
7339 4
7340 4
7341 4
7342 4
7343 4
7344 8
7345 4
7346 8
7347 4
7348 8
7349 4
7350 4
7351 4
7352 4
7353 4
7354 8
7355 4
7356 8
7357 4
7358 8
7359 4
7360 4
7361 4
7362 4
7363 4
7364 4
7365 4
7366 8
7367 4
7368 8
7369 4
7370 4
7371 4
7372 4
7373 4
7374 4
7375 4
7376 8
7377 4
7378 8
7379 4
7380 4
7381 4
7382 4
7383 4
7384 4
7385 4
7386 8
7387 4
7388 8
7389 4
7390 8
7391 4
7392 4
7393 4
7394 4
7395 4
7396 8
7397 4
7398 8
7399 4
7400 8
7401 4
7402 4
7403 4
7404 4
7405 4
7406 8
7407 4
7408 8
7409 4
7410 8
7411 4
7412 4
7413 4
7414 4
7415 4
7416 4
7417 4
7418 8
7419 4
7420 8
7421 4
7422 4
7423 4
7424 4
7425 4
7426 4
7427 4
7428 8
7429 4
7430 8
7431 4
7432 4
7433 4
7434 4
7435 4
7436 4
7437 4
7438 8
7439 4
7440 8
7441 4
7442 8
7443 4
7444 4
7445 4
7446 4
7447 4
7448 8
7449 4
7450 8
7451 4
7452 8
7453 4
7454 4
7455 4
7456 4
7457 4
7458 8
7459 4
7460 8
7461 4
7462 8
7463 4
7464 4
7465 4
7466 4
7467 4
7468 4
7469 4
7470 8
7471 4
7472 8
7473 4
7474 4
7475 4
7476 4
7477 4
7478 4
7479 4
7480 8
7481 4
7482 8
7483 4
7484 4
7485 4
7486 4
7487 4
7488 4
7489 4
7490 8
7491 4
7492 8
7493 4
7494 8
7495 4
7496 4
7497 4
7498 4
7499 4
7500 8
7501 4
7502 8
7503 4
7504 8
7505 4
7506 4
7507 4
7508 4
7509 4
7510 8
7511 4
7512 8
7513 4
7514 8
7515 4
7516 4
7517 4
7518 4
7519 4
7520 4
7521 4
7522 8
7523 4
7524 8
7525 4
7526 4
7527 4
7528 4
7529 4
7530 4
7531 4
7532 8
7533 4
7534 8
7535 4
7536 4
7537 4
7538 4
7539 4
7540 4
7541 4
7542 8
7543 4
7544 8
7545 4
7546 4
7547 4
7548 4
7549 4
7550 4
7551 4
7552 8
7553 4
7554 8
7555 4
7556 8
7557 4
7558 4
7559 4
7560 4
7561 4
7562 8
7563 4
7564 8
7565 4
7566 8
7567 4
7568 4
7569 4
7570 4
7571 4
7572 8
7573 4
7574 8
7575 4
7576 8
7577 4
7578 4
7579 4
7580 4
7581 4
7582 4
7583 4
7584 8
7585 4
7586 8
7587 4
7588 4
7589 4
7590 4
7591 4
7592 4
7593 4
7594 8
7595 4
7596 8
7597 4
7598 4
7599 4
7600 4
7601 4
7602 4
7603 4
7604 8
7605 4
7606 8
7607 4
7608 8
7609 4
7610 4
7611 4
7612 4
7613 4
7614 8
7615 4
7616 8
7617 4
7618 8
7619 4
7620 4
7621 4
7622 4
7623 4
7624 8
7625 4
7626 8
7627 4
7628 8
7629 4
7630 4
7631 4
7632 4
7633 4
7634 4
7635 4
7636 8
7637 4
7638 8
7639 4
7640 4
7641 4
7642 4
7643 4
7644 4
7645 4
7646 8
7647 4
7648 8
7649 4
7650 4
7651 4
7652 4
7653 4
7654 4
7655 4
7656 8
7657 4
7658 8
7659 4
7660 8
7661 4
7662 4
7663 4
7664 4
7665 4
7666 8
7667 4
7668 8
7669 4
7670 8
7671 4
7672 4
7673 4
7674 4
7675 4
7676 8
7677 4
7678 8
7679 4
7680 8
7681 4
7682 4
7683 4
7684 4
7685 4
7686 4
7687 4
7688 8
7689 4
7690 8
7691 4
7692 4
7693 4
7694 4
7695 4
7696 4
7697 4
7698 8
7699 4
7700 8
7701 4
7702 4
7703 4
7704 4
7705 4
7706 4
7707 4
7708 8
7709 4
7710 8
7711 4
7712 8
7713 4
7714 4
7715 4
7716 4
7717 4
7718 8
7719 4
7720 8
7721 4
7722 8
7723 4
7724 4
7725 4
7726 4
7727 4
7728 8
7729 4
7730 8
7731 4
7732 8
7733 4
7734 4
7735 4
7736 4
7737 4
7738 4
7739 4
7740 8
7741 4
7742 8
7743 4
7744 4
7745 4
7746 4
7747 4
7748 4
7749 4
7750 8
7751 4
7752 8
7753 4
7754 4
7755 4
7756 4
7757 4
7758 4
7759 4
7760 8
7761 4
7762 8
7763 4
7764 8
7765 4
7766 4
7767 4
7768 4
7769 4
7770 8
7771 4
7772 8
7773 4
7774 8
7775 4
7776 4
7777 4
7778 4
7779 4
7780 8
7781 4
7782 8
7783 4
7784 8
7785 4
7786 4
7787 4
7788 4
7789 4
7790 4
7791 4
7792 8
7793 4
7794 8
7795 4
7796 4
7797 4
7798 4
7799 4
7800 4
7801 4
7802 8
7803 4
7804 8
7805 4
7806 4
7807 4
7808 4
7809 4
7810 4
7811 4
7812 8
7813 4
7814 8
7815 4
7816 8
7817 4
7818 4
7819 4
7820 4
7821 4
7822 8
7823 4
7824 8
7825 4
7826 8
7827 4
7828 4
7829 4
7830 4
7831 4
7832 8
7833 4
7834 8
7835 4
7836 8
7837 4
7838 4
7839 4
7840 4
7841 4
7842 4
7843 4
7844 8
7845 4
7846 8
7847 4
7848 4
7849 4
7850 4
7851 4
7852 4
7853 4
7854 8
7855 4
7856 8
7857 4
7858 4
7859 4
7860 4
7861 4
7862 4
7863 4
7864 8
7865 4
7866 8
7867 4
7868 8
7869 4
7870 4
7871 4
7872 4
7873 4
7874 8
7875 4
7876 8
7877 4
7878 8
7879 4
7880 4
7881 4
7882 4
7883 4
7884 8
7885 4
7886 8
7887 4
7888 8
7889 4
7890 4
7891 4
7892 4
7893 4
7894 4
7895 4
7896 8
7897 4
7898 8
7899 4
7900 4
7901 4
7902 4
7903 4
7904 4
7905 4
7906 8
7907 4
7908 8
7909 4
7910 4
7911 4
7912 4
7913 4
7914 4
7915 4
7916 8
7917 4
7918 8
7919 4
7920 8
7921 4
7922 4
7923 4
7924 4
7925 4
7926 8
7927 4
7928 8
7929 4
7930 8
7931 4
7932 4
7933 4
7934 4
7935 4
7936 8
7937 4
7938 8
7939 4
7940 8
7941 4
7942 4
7943 4
7944 4
7945 4
7946 4
7947 4
7948 8
7949 4
7950 8
7951 4
7952 4
7953 4
7954 4
7955 4
7956 4
7957 4
7958 8
7959 4
7960 8
7961 4
7962 4
7963 4
7964 4
7965 4
7966 4
7967 4
7968 8
7969 4
7970 8
7971 4
7972 4
7973 4
7974 4
7975 4
7976 4
7977 4
7978 8
7979 4
7980 8
7981 4
7982 8
7983 4
7984 4
7985 4
7986 4
7987 4
7988 8
7989 4
7990 8
7991 4
7992 8
7993 4
7994 4
7995 4
7996 4
7997 4
7998 8
7999 4
8000 8
8001 4
8002 8
8003 4
8004 4
8005 4
8006 4
8007 4
8008 4
8009 4
8010 8
8011 4
8012 8
8013 4
8014 4
8015 4
8016 4
8017 4
8018 4
8019 4
8020 8
8021 4
8022 8
8023 4
8024 4
8025 4
8026 4
8027 4
8028 4
8029 4
8030 8
8031 4
8032 8
8033 4
8034 8
8035 4
8036 4
8037 4
8038 4
8039 4
8040 8
8041 4
8042 8
8043 4
8044 8
8045 4
8046 4
8047 4
8048 4
8049 4
8050 8
8051 4
8052 8
8053 4
8054 8
8055 4
8056 4
8057 4
8058 4
8059 4
8060 4
8061 4
8062 8
8063 4
8064 8
8065 4
8066 4
8067 4
8068 4
8069 4
8070 4
8071 4
8072 8
8073 4
8074 8
8075 4
8076 4
8077 4
8078 4
8079 4
8080 4
8081 4
8082 8
8083 4
8084 8
8085 4
8086 8
8087 4
8088 4
8089 4
8090 4
8091 4
8092 8
8093 4
8094 8
8095 4
8096 8
8097 4
8098 4
8099 4
8100 4
8101 4
8102 8
8103 4
8104 8
8105 4
8106 8
8107 4
8108 4
8109 4
8110 4
8111 4
8112 4
8113 4
8114 8
8115 4
8116 8
8117 4
8118 4
8119 4
8120 4
8121 4
8122 4
8123 4
8124 8
8125 4
8126 8
8127 4
8128 4
8129 4
8130 4
8131 4
8132 4
8133 4
8134 8
8135 4
8136 8
8137 4
8138 8
8139 4
8140 4
8141 4
8142 4
8143 4
8144 8
8145 4
8146 8
8147 4
8148 8
8149 4
8150 4
8151 4
8152 4
8153 4
8154 8
8155 4
8156 8
8157 4
8158 8
8159 4
8160 4
8161 4
8162 4
8163 4
8164 4
8165 4
8166 8
8167 4
8168 8
8169 4
8170 4
8171 4
8172 4
8173 4
8174 4
8175 4
8176 8
8177 4
8178 8
8179 4
8180 4
8181 4
8182 4
8183 4
8184 4
8185 4
8186 8
8187 4
8188 8
8189 4
8190 8
8191 4
8192 4
8193 4
8194 4
8195 4
8196 8
8197 4
8198 8
8199 4
8200 8
8201 4
8202 4
8203 4
8204 4
8205 4
8206 8
8207 4
8208 8
8209 4
8210 8
8211 4
8212 4
8213 4
8214 4
8215 4
8216 4
8217 4
8218 8
8219 4
8220 8
8221 4
8222 4
8223 4
8224 4
8225 4
8226 4
8227 4
8228 8
8229 4
8230 8
8231 4
8232 4
8233 4
8234 4
8235 4
8236 4
8237 4
8238 8
8239 4
8240 8
8241 4
8242 8
8243 4
8244 4
8245 4
8246 4
8247 4
8248 8
8249 4
8250 8
8251 4
8252 8
8253 4
8254 4
8255 4
8256 4
8257 4
8258 8
8259 4
8260 8
8261 4
8262 8
8263 4
8264 4
8265 4
8266 4
8267 4
8268 4
8269 4
8270 8
8271 4
8272 8
8273 4
8274 4
8275 4
8276 4
8277 4
8278 4
8279 4
8280 8
8281 4
8282 8
8283 4
8284 4
8285 4
8286 4
8287 4
8288 4
8289 4
8290 8
8291 4
8292 8
8293 4
8294 8
8295 4
8296 4
8297 4
8298 4
8299 4
8300 8
8301 4
8302 8
8303 4
8304 8
8305 4
8306 4
8307 4
8308 4
8309 4
8310 8
8311 4
8312 8
8313 4
8314 8
8315 4
8316 4
8317 4
8318 4
8319 4
8320 4
8321 4
8322 8
8323 4
8324 8
8325 4
8326 4
8327 4
8328 4
8329 4
8330 4
8331 4
8332 8
8333 4
8334 8
8335 4
8336 4
8337 4
8338 4
8339 4
8340 4
8341 4
8342 8
8343 4
8344 8
8345 4
8346 8
8347 4
8348 4
8349 4
8350 4
8351 4
8352 8
8353 4
8354 8
8355 4
8356 8
8357 4
8358 4
8359 4
8360 4
8361 4
8362 8
8363 4
8364 8
8365 4
8366 8
8367 4
8368 4
8369 4
8370 4
8371 4
8372 4
8373 4
8374 8
8375 4
8376 8
8377 4
8378 4
8379 4
8380 4
8381 4
8382 4
8383 4
8384 8
8385 4
8386 8
8387 4
8388 4
8389 4
8390 4
8391 4
8392 4
8393 4
8394 8
8395 4
8396 8
8397 4
8398 4
8399 4
8400 4
8401 4
8402 4
8403 4
8404 8
8405 4
8406 8
8407 4
8408 8
8409 4
8410 4
8411 4
8412 4
8413 4
8414 8
8415 4
8416 8
8417 4
8418 8
8419 4
8420 4
8421 4
8422 4
8423 4
8424 8
8425 4
8426 8
8427 4
8428 8
8429 4
8430 4
8431 4
8432 4
8433 4
8434 4
8435 4
8436 8
8437 4
8438 8
8439 4
8440 4
8441 4
8442 4
8443 4
8444 4
8445 4
8446 8
8447 4
8448 8
8449 4
8450 4
8451 4
8452 4
8453 4
8454 4
8455 4
8456 8
8457 4
8458 8
8459 4
8460 8
8461 4
8462 4
8463 4
8464 4
8465 4
8466 8
8467 4
8468 8
8469 4
8470 8
8471 4
8472 4
8473 4
8474 4
8475 4
8476 8
8477 4
8478 8
8479 4
8480 8
8481 4
8482 4
8483 4
8484 4
8485 4
8486 4
8487 4
8488 8
8489 4
8490 8
8491 4
8492 4
8493 4
8494 4
8495 4
8496 4
8497 4
8498 8
8499 4
8500 8
8501 4
8502 4
8503 4
8504 4
8505 4
8506 4
8507 4
8508 8
8509 4
8510 8
8511 4
8512 8
8513 4
8514 4
8515 4
8516 4
8517 4
8518 8
8519 4
8520 8
8521 4
8522 8
8523 4
8524 4
8525 4
8526 4
8527 4
8528 8
8529 4
8530 8
8531 4
8532 8
8533 4
8534 4
8535 4
8536 4
8537 4
8538 4
8539 4
8540 8
8541 4
8542 8
8543 4
8544 4
8545 4
8546 4
8547 4
8548 4
8549 4
8550 8
8551 4
8552 8
8553 4
8554 4
8555 4
8556 4
8557 4
8558 4
8559 4
8560 8
8561 4
8562 8
8563 4
8564 8
8565 4
8566 4
8567 4
8568 4
8569 4
8570 8
8571 4
8572 8
8573 4
8574 8
8575 4
8576 4
8577 4
8578 4
8579 4
8580 8
8581 4
8582 8
8583 4
8584 8
8585 4
8586 4
8587 4
8588 4
8589 4
8590 4
8591 4
8592 8
8593 4
8594 8
8595 4
8596 4
8597 4
8598 4
8599 4
8600 4
8601 4
8602 8
8603 4
8604 8
8605 4
8606 4
8607 4
8608 4
8609 4
8610 4
8611 4
8612 8
8613 4
8614 8
8615 4
8616 8
8617 4
8618 4
8619 4
8620 4
8621 4
8622 8
8623 4
8624 8
8625 4
8626 8
8627 4
8628 4
8629 4
8630 4
8631 4
8632 8
8633 4
8634 8
8635 4
8636 8
8637 4
8638 4
8639 4
8640 4
8641 4
8642 4
8643 4
8644 8
8645 4
8646 8
8647 4
8648 4
8649 4
8650 4
8651 4
8652 4
8653 4
8654 8
8655 4
8656 8
8657 4
8658 4
8659 4
8660 4
8661 4
8662 4
8663 4
8664 8
8665 4
8666 8
8667 4
8668 8
8669 4
8670 4
8671 4
8672 4
8673 4
8674 8
8675 4
8676 8
8677 4
8678 8
8679 4
8680 4
8681 4
8682 4
8683 4
8684 8
8685 4
8686 8
8687 4
8688 8
8689 4
8690 4
8691 4
8692 4
8693 4
8694 4
8695 4
8696 8
8697 4
8698 8
8699 4
8700 4
8701 4
8702 4
8703 4
8704 4
8705 4
8706 8
8707 4
8708 8
8709 4
8710 4
8711 4
8712 4
8713 4
8714 4
8715 4
8716 8
8717 4
8718 8
8719 4
8720 8
8721 4
8722 4
8723 4
8724 4
8725 4
8726 8
8727 4
8728 8
8729 4
8730 8
8731 4
8732 4
8733 4
8734 4
8735 4
8736 8
8737 4
8738 8
8739 4
8740 8
8741 4
8742 4
8743 4
8744 4
8745 4
8746 4
8747 4
8748 8
8749 4
8750 8
8751 4
8752 4
8753 4
8754 4
8755 4
8756 4
8757 4
8758 8
8759 4
8760 8
8761 4
8762 4
8763 4
8764 4
8765 4
8766 4
8767 4
8768 8
8769 4
8770 8
8771 4
8772 8
8773 4
8774 4
8775 4
8776 4
8777 4
8778 8
8779 4
8780 8
8781 4
8782 8
8783 4
8784 4
8785 4
8786 4
8787 4
8788 8
8789 4
8790 8
8791 4
8792 8
8793 4
8794 4
8795 4
8796 4
8797 4
8798 4
8799 4
8800 8
8801 4
8802 8
8803 4
8804 4
8805 4
8806 4
8807 4
8808 4
8809 4
8810 8
8811 4
8812 8
8813 4
8814 4
8815 4
8816 4
8817 4
8818 4
8819 4
8820 8
8821 4
8822 8
8823 4
8824 4
8825 4
8826 4
8827 4
8828 4
8829 4
8830 8
8831 4
8832 8
8833 4
8834 8
8835 4
8836 4
8837 4
8838 4
8839 4
8840 8
8841 4
8842 8
8843 4
8844 8
8845 4
8846 4
8847 4
8848 4
8849 4
8850 8
8851 4
8852 8
8853 4
8854 8
8855 4
8856 4
8857 4
8858 4
8859 4
8860 4
8861 4
8862 8
8863 4
8864 8
8865 4
8866 4
8867 4
8868 4
8869 4
8870 4
8871 4
8872 8
8873 4
8874 8
8875 4
8876 4
8877 4
8878 4
8879 4
8880 4
8881 4
8882 8
8883 4
8884 8
8885 4
8886 8
8887 4
8888 4
8889 4
8890 4
8891 4
8892 8
8893 4
8894 8
8895 4
8896 8
8897 4
8898 4
8899 4
8900 4
8901 4
8902 8
8903 4
8904 8
8905 4
8906 8
8907 4
8908 4
8909 4
8910 4
8911 4
8912 4
8913 4
8914 8
8915 4
8916 8
8917 4
8918 4
8919 4
8920 4
8921 4
8922 4
8923 4
8924 8
8925 4
8926 8
8927 4
8928 4
8929 4
8930 4
8931 4
8932 4
8933 4
8934 8
8935 4
8936 8
8937 4
8938 8
8939 4
8940 4
8941 4
8942 4
8943 4
8944 8
8945 4
8946 8
8947 4
8948 8
8949 4
8950 4
8951 4
8952 4
8953 4
8954 8
8955 4
8956 8
8957 4
8958 8
8959 4
8960 4
8961 4
8962 4
8963 4
8964 4
8965 4
8966 8
8967 4
8968 8
8969 4
8970 4
8971 4
8972 4
8973 4
8974 4
8975 4
8976 8
8977 4
8978 8
8979 4
8980 4
8981 4
8982 4
8983 4
8984 4
8985 4
8986 8
8987 4
8988 8
8989 4
8990 8
8991 4
8992 4
8993 4
8994 4
8995 4
8996 8
8997 4
8998 8
8999 4
9000 8
9001 4
9002 4
9003 4
9004 4
9005 4
9006 8
9007 4
9008 8
9009 4
9010 8
9011 4
9012 4
9013 4
9014 4
9015 4
9016 4
9017 4
9018 8
9019 4
9020 8
9021 4
9022 4
9023 4
9024 4
9025 4
9026 4
9027 4
9028 8
9029 4
9030 8
9031 4
9032 4
9033 4
9034 4
9035 4
9036 4
9037 4
9038 8
9039 4
9040 8
9041 4
9042 8
9043 4
9044 4
9045 4
9046 4
9047 4
9048 8
9049 4
9050 8
9051 4
9052 8
9053 4
9054 4
9055 4
9056 4
9057 4
9058 8
9059 4
9060 8
9061 4
9062 8
9063 4
9064 4
9065 4
9066 4
9067 4
9068 4
9069 4
9070 8
9071 4
9072 8
9073 4
9074 4
9075 4
9076 4
9077 4
9078 4
9079 4
9080 8
9081 4
9082 8
9083 4
9084 4
9085 4
9086 4
9087 4
9088 4
9089 4
9090 8
9091 4
9092 8
9093 4
9094 8
9095 4
9096 4
9097 4
9098 4
9099 4
9100 8
9101 4
9102 8
9103 4
9104 8
9105 4
9106 4
9107 4
9108 4
9109 4
9110 8
9111 4
9112 8
9113 4
9114 8
9115 4
9116 4
9117 4
9118 4
9119 4
9120 4
9121 4
9122 8
9123 4
9124 8
9125 4
9126 4
9127 4
9128 4
9129 4
9130 4
9131 4
9132 8
9133 4
9134 8
9135 4
9136 4
9137 4
9138 4
9139 4
9140 4
9141 4
9142 8
9143 4
9144 8
9145 4
9146 8
9147 4
9148 4
9149 4
9150 4
9151 4
9152 8
9153 4
9154 8
9155 4
9156 8
9157 4
9158 4
9159 4
9160 4
9161 4
9162 8
9163 4
9164 8
9165 4
9166 8
9167 4
9168 4
9169 4
9170 4
9171 4
9172 4
9173 4
9174 8
9175 4
9176 8
9177 4
9178 4
9179 4
9180 4
9181 4
9182 4
9183 4
9184 8
9185 4
9186 8
9187 4
9188 4
9189 4
9190 4
9191 4
9192 4
9193 4
9194 8
9195 4
9196 8
9197 4
9198 8
9199 4
9200 4
9201 4
9202 4
9203 4
9204 8
9205 4
9206 8
9207 4
9208 8
9209 4
9210 4
9211 4
9212 4
9213 4
9214 8
9215 4
9216 8
9217 4
9218 8
9219 4
9220 4
9221 4
9222 4
9223 4
9224 4
9225 4
9226 8
9227 4
9228 8
9229 4
9230 4
9231 4
9232 4
9233 4
9234 4
9235 4
9236 8
9237 4
9238 8
9239 4
9240 4
9241 4
9242 4
9243 4
9244 4
9245 4
9246 8
9247 4
9248 8
9249 4
9250 4
9251 4
9252 4
9253 4
9254 4
9255 4
9256 8
9257 4
9258 8
9259 4
9260 8
9261 4
9262 4
9263 4
9264 4
9265 4
9266 8
9267 4
9268 8
9269 4
9270 8
9271 4
9272 4
9273 4
9274 4
9275 4
9276 8
9277 4
9278 8
9279 4
9280 8
9281 4
9282 4
9283 4
9284 4
9285 4
9286 4
9287 4
9288 8
9289 4
9290 8
9291 4
9292 4
9293 4
9294 4
9295 4
9296 4
9297 4
9298 8
9299 4
9300 8
9301 4
9302 4
9303 4
9304 4
9305 4
9306 4
9307 4
9308 8
9309 4
9310 8
9311 4
9312 8
9313 4
9314 4
9315 4
9316 4
9317 4
9318 8
9319 4
9320 8
9321 4
9322 8
9323 4
9324 4
9325 4
9326 4
9327 4
9328 8
9329 4
9330 8
9331 4
9332 8
9333 4
9334 4
9335 4
9336 4
9337 4
9338 4
9339 4
9340 8
9341 4
9342 8
9343 4
9344 4
9345 4
9346 4
9347 4
9348 4
9349 4
9350 8
9351 4
9352 8
9353 4
9354 4
9355 4
9356 4
9357 4
9358 4
9359 4
9360 8
9361 4
9362 8
9363 4
9364 8
9365 4
9366 4
9367 4
9368 4
9369 4
9370 8
9371 4
9372 8
9373 4
9374 8
9375 4
9376 4
9377 4
9378 4
9379 4
9380 8
9381 4
9382 8
9383 4
9384 8
9385 4
9386 4
9387 4
9388 4
9389 4
9390 4
9391 4
9392 8
9393 4
9394 8
9395 4
9396 4
9397 4
9398 4
9399 4
9400 4
9401 4
9402 8
9403 4
9404 8
9405 4
9406 4
9407 4
9408 4
9409 4
9410 4
9411 4
9412 8
9413 4
9414 8
9415 4
9416 8
9417 4
9418 4
9419 4
9420 4
9421 4
9422 8
9423 4
9424 8
9425 4
9426 8
9427 4
9428 4
9429 4
9430 4
9431 4
9432 8
9433 4
9434 8
9435 4
9436 8
9437 4
9438 4
9439 4
9440 4
9441 4
9442 4
9443 4
9444 8
9445 4
9446 8
9447 4
9448 4
9449 4
9450 4
9451 4
9452 4
9453 4
9454 8
9455 4
9456 8
9457 4
9458 4
9459 4
9460 4
9461 4
9462 4
9463 4
9464 8
9465 4
9466 8
9467 4
9468 8
9469 4
9470 4
9471 4
9472 4
9473 4
9474 8
9475 4
9476 8
9477 4
9478 8
9479 4
9480 4
9481 4
9482 4
9483 4
9484 8
9485 4
9486 8
9487 4
9488 8
9489 4
9490 4
9491 4
9492 4
9493 4
9494 4
9495 4
9496 8
9497 4
9498 8
9499 4
9500 4
9501 4
9502 4
9503 4
9504 4
9505 4
9506 8
9507 4
9508 8
9509 4
9510 4
9511 4
9512 4
9513 4
9514 4
9515 4
9516 8
9517 4
9518 8
9519 4
9520 8
9521 4
9522 4
9523 4
9524 4
9525 4
9526 8
9527 4
9528 8
9529 4
9530 8
9531 4
9532 4
9533 4
9534 4
9535 4
9536 8
9537 4
9538 8
9539 4
9540 8
9541 4
9542 4
9543 4
9544 4
9545 4
9546 4
9547 4
9548 8
9549 4
9550 8
9551 4
9552 4
9553 4
9554 4
9555 4
9556 4
9557 4
9558 8
9559 4
9560 8
9561 4
9562 4
9563 4
9564 4
9565 4
9566 4
9567 4
9568 8
9569 4
9570 8
9571 4
9572 8
9573 4
9574 4
9575 4
9576 4
9577 4
9578 8
9579 4
9580 8
9581 4
9582 8
9583 4
9584 4
9585 4
9586 4
9587 4
9588 8
9589 4
9590 8
9591 4
9592 8
9593 4
9594 4
9595 4
9596 4
9597 4
9598 4
9599 4
9600 8
9601 4
9602 8
9603 4
9604 4
9605 4
9606 4
9607 4
9608 4
9609 4
9610 8
9611 4
9612 8
9613 4
9614 4
9615 4
9616 4
9617 4
9618 4
9619 4
9620 8
9621 4
9622 8
9623 4
9624 8
9625 4
9626 4
9627 4
9628 4
9629 4
9630 8
9631 4
9632 8
9633 4
9634 8
9635 4
9636 4
9637 4
9638 4
9639 4
9640 8
9641 4
9642 8
9643 4
9644 8
9645 4
9646 4
9647 4
9648 4
9649 4
9650 4
9651 4
9652 8
9653 4
9654 8
9655 4
9656 4
9657 4
9658 4
9659 4
9660 4
9661 4
9662 8
9663 4
9664 8
9665 4
9666 4
9667 4
9668 4
9669 4
9670 4
9671 4
9672 8
9673 4
9674 8
9675 4
9676 4
9677 4
9678 4
9679 4
9680 4
9681 4
9682 8
9683 4
9684 8
9685 4
9686 8
9687 4
9688 4
9689 4
9690 4
9691 4
9692 8
9693 4
9694 8
9695 4
9696 8
9697 4
9698 4
9699 4
9700 4
9701 4
9702 8
9703 4
9704 8
9705 4
9706 8
9707 4
9708 4
9709 4
9710 4
9711 4
9712 4
9713 4
9714 8
9715 4
9716 8
9717 4
9718 4
9719 4
9720 4
9721 4
9722 4
9723 4
9724 8
9725 4
9726 8
9727 4
9728 4
9729 4
9730 4
9731 4
9732 4
9733 4
9734 8
9735 4
9736 8
9737 4
9738 8
9739 4
9740 4
9741 4
9742 4
9743 4
9744 8
9745 4
9746 8
9747 4
9748 8
9749 4
9750 4
9751 4
9752 4
9753 4
9754 8
9755 4
9756 8
9757 4
9758 8
9759 4
9760 4
9761 4
9762 4
9763 4
9764 4
9765 4
9766 8
9767 4
9768 8
9769 4
9770 4
9771 4
9772 4
9773 4
9774 4
9775 4
9776 8
9777 4
9778 8
9779 4
9780 4
9781 4
9782 4
9783 4
9784 4
9785 4
9786 8
9787 4
9788 8
9789 4
9790 8
9791 4
9792 4
9793 4
9794 4
9795 4
9796 8
9797 4
9798 8
9799 4
9800 8
9801 4
9802 4
9803 4
9804 4
9805 4
9806 8
9807 4
9808 8
9809 4
9810 8
9811 4
9812 4
9813 4
9814 4
9815 4
9816 4
9817 4
9818 8
9819 4
9820 8
9821 4
9822 4
9823 4
9824 4
9825 4
9826 4
9827 4
9828 8
9829 4
9830 8
9831 4
9832 4
9833 4
9834 4
9835 4
9836 4
9837 4
9838 8
9839 4
9840 8
9841 4
9842 8
9843 4
9844 4
9845 4
9846 4
9847 4
9848 8
9849 4
9850 8
9851 4
9852 8
9853 4
9854 4
9855 4
9856 4
9857 4
9858 8
9859 4
9860 8
9861 4
9862 8
9863 4
9864 4
9865 4
9866 4
9867 4
9868 4
9869 4
9870 8
9871 4
9872 8
9873 4
9874 4
9875 4
9876 4
9877 4
9878 4
9879 4
9880 8
9881 4
9882 8
9883 4
9884 4
9885 4
9886 4
9887 4
9888 4
9889 4
9890 8
9891 4
9892 8
9893 4
9894 8
9895 4
9896 4
9897 4
9898 4
9899 4
9900 8
9901 4
9902 8
9903 4
9904 8
9905 4
9906 4
9907 4
9908 4
9909 4
9910 8
9911 4
9912 8
9913 4
9914 8
9915 4
9916 4
9917 4
9918 4
9919 4
9920 4
9921 4
9922 8
9923 4
9924 8
9925 4
9926 4
9927 4
9928 4
9929 4
9930 4
9931 4
9932 8
9933 4
9934 8
9935 4
9936 4
9937 4
9938 4
9939 4
9940 4
9941 4
9942 8
9943 4
9944 8
9945 4
9946 8
9947 4
9948 4
9949 4
9950 4
9951 4
9952 8
9953 4
9954 8
9955 4
9956 8
9957 4
9958 4
9959 4
9960 4
9961 4
9962 8
9963 4
9964 8
9965 4
9966 8
9967 4
9968 4
9969 4
9970 4
9971 4
9972 4
9973 4
9974 8
9975 4
9976 8
9977 4
9978 4
9979 4
9980 4
9981 4
9982 4
9983 4
9984 8
9985 4
9986 8
9987 4
9988 4
9989 4
9990 4
9991 4
9992 4
9993 4
9994 8
9995 4
9996 8
9997 4
9998 8
9999 4
10000 4
10001 4
10002 4
10003 4
10004 8
10005 4
10006 8
10007 4
10008 8
10009 4
10010 4
10011 4
10012 4
10013 4
10014 8
10015 4
10016 8
10017 4
10018 8
10019 4
10020 4
10021 4
10022 4
10023 4
10024 4
10025 4
10026 8
10027 4
10028 8
10029 4
10030 4
10031 4
10032 4
10033 4
10034 4
10035 4
10036 8
10037 4
10038 8
10039 4
10040 4
10041 4
10042 4
10043 4
10044 4
10045 4
10046 8
10047 4
10048 8
10049 4
10050 8
10051 4
10052 4
10053 4
10054 4
10055 4
10056 8
10057 4
10058 8
10059 4
10060 8
10061 4
10062 4
10063 4
10064 4
10065 4
10066 8
10067 4
10068 8
10069 4
10070 8
10071 4
10072 4
10073 4
10074 4
10075 4
10076 4
10077 4
10078 8
10079 4
10080 8
10081 4
10082 4
10083 4
10084 4
10085 4
10086 4
10087 4
10088 8
10089 4
10090 8
10091 4
10092 4
10093 4
10094 4
10095 4
10096 4
10097 4
10098 8
10099 4
10100 8
10101 4
10102 8
10103 4
10104 4
10105 4
10106 4
10107 4
10108 8
10109 4
10110 8
10111 4
10112 8
10113 4
10114 4
10115 4
10116 4
10117 4
10118 8
10119 4
10120 8
10121 4
10122 8
10123 4
10124 4
10125 4
10126 4
10127 4
10128 8
10129 4
10130 8
10131 4
10132 8
10133 4
10134 4
10135 4
10136 4
10137 4
10138 4
10139 4
10140 8
10141 4
10142 8
10143 4
10144 4
10145 4
10146 4
10147 4
10148 4
10149 4
10150 8
10151 4
10152 8
10153 4
10154 4
10155 4
10156 4
10157 4
10158 4
10159 4
10160 8
10161 4
10162 8
10163 4
10164 8
10165 4
10166 4
10167 4
10168 4
10169 4
10170 8
10171 4
10172 8
10173 4
10174 8
10175 4
10176 4
10177 4
10178 4
10179 4
10180 8
10181 4
10182 8
10183 4
10184 8
10185 4
10186 4
10187 4
10188 4
10189 4
10190 4
10191 4
10192 8
10193 4
10194 8
10195 4
10196 4
10197 4
10198 4
10199 4
10200 4
10201 4
10202 8
10203 4
10204 8
10205 4
10206 4
10207 4
10208 4
10209 4
10210 4
10211 4
10212 8
10213 4
10214 8
10215 4
10216 8
10217 4
10218 4
10219 4
10220 4
10221 4
10222 8
10223 4
10224 8
10225 4
10226 8
10227 4
10228 4
10229 4
10230 4
10231 4
10232 8
10233 4
10234 8
10235 4
10236 8
10237 4
10238 4
10239 4
10240 4
10241 4
10242 4
10243 4
10244 8
10245 4
10246 8
10247 4
10248 4
10249 4
10250 4
10251 4
10252 4
10253 4
10254 8
10255 4
10256 8
10257 4
10258 4
10259 4
10260 4
10261 4
10262 4
10263 4
10264 8
10265 4
10266 8
10267 4
10268 8
10269 4
10270 4
10271 4
10272 4
10273 4
10274 8
10275 4
10276 8
10277 4
10278 8
10279 4
10280 4
10281 4
10282 4
10283 4
10284 8
10285 4
10286 8
10287 4
10288 8
10289 4
10290 4
10291 4
10292 4
10293 4
10294 4
10295 4
10296 8
10297 4
10298 8
10299 4
10300 4
10301 4
10302 4
10303 4
10304 4
10305 4
10306 8
10307 4
10308 8
10309 4
10310 4
10311 4
10312 4
10313 4
10314 4
10315 4
10316 8
10317 4
10318 8
10319 4
10320 8
10321 4
10322 4
10323 4
10324 4
10325 4
10326 8
10327 4
10328 8
10329 4
10330 8
10331 4
10332 4
10333 4
10334 4
10335 4
10336 8
10337 4
10338 8
10339 4
10340 8
10341 4
10342 4
10343 4
10344 4
10345 4
10346 4
10347 4
10348 8
10349 4
10350 8
10351 4
10352 4
10353 4
10354 4
10355 4
10356 4
10357 4
10358 8
10359 4
10360 8
10361 4
10362 4
10363 4
10364 4
10365 4
10366 4
10367 4
10368 8
10369 4
10370 8
10371 4
10372 8
10373 4
10374 4
10375 4
10376 4
10377 4
10378 8
10379 4
10380 8
10381 4
10382 8
10383 4
10384 4
10385 4
10386 4
10387 4
10388 8
10389 4
10390 8
10391 4
10392 8
10393 4
10394 4
10395 4
10396 4
10397 4
10398 4
10399 4
10400 8
10401 4
10402 8
10403 4
10404 4
10405 4
10406 4
10407 4
10408 4
10409 4
10410 8
10411 4
10412 8
10413 4
10414 4
10415 4
10416 4
10417 4
10418 4
10419 4
10420 8
10421 4
10422 8
10423 4
10424 8
10425 4
10426 4
10427 4
10428 4
10429 4
10430 8
10431 4
10432 8
10433 4
10434 8
10435 4
10436 4
10437 4
10438 4
10439 4
10440 8
10441 4
10442 8
10443 4
10444 8
10445 4
10446 4
10447 4
10448 4
10449 4
10450 4
10451 4
10452 8
10453 4
10454 8
10455 4
10456 4
10457 4
10458 4
10459 4
10460 4
10461 4
10462 8
10463 4
10464 8
10465 4
10466 4
10467 4
10468 4
10469 4
10470 4
10471 4
10472 8
10473 4
10474 8
10475 4
10476 8
10477 4
10478 4
10479 4
10480 4
10481 4
10482 8
10483 4
10484 8
10485 4
10486 8
10487 4
10488 4
10489 4
10490 4
10491 4
10492 8
10493 4
10494 8
10495 4
10496 8
10497 4
10498 4
10499 4
10500 4
10501 4
10502 4
10503 4
10504 8
10505 4
10506 8
10507 4
10508 4
10509 4
10510 4
10511 4
10512 4
10513 4
10514 8
10515 4
10516 8
10517 4
10518 4
10519 4
10520 4
10521 4
10522 4
10523 4
10524 8
10525 4
10526 8
10527 4
10528 8
10529 4
10530 4
10531 4
10532 4
10533 4
10534 8
10535 4
10536 8
10537 4
10538 8
10539 4
10540 4
10541 4
10542 4
10543 4
10544 8
10545 4
10546 8
10547 4
10548 8
10549 4
10550 4
10551 4
10552 4
10553 4
10554 8
10555 4
10556 8
10557 4
10558 8
10559 4
10560 4
10561 4
10562 4
10563 4
10564 4
10565 4
10566 8
10567 4
10568 8
10569 4
10570 4
10571 4
10572 4
10573 4
10574 4
10575 4
10576 8
10577 4
10578 8
10579 4
10580 4
10581 4
10582 4
10583 4
10584 4
10585 4
10586 8
10587 4
10588 8
10589 4
10590 8
10591 4
10592 4
10593 4
10594 4
10595 4
10596 8
10597 4
10598 8
10599 4
10600 8
10601 4
10602 4
10603 4
10604 4
10605 4
10606 8
10607 4
10608 8
10609 4
10610 8
10611 4
10612 4
10613 4
10614 4
10615 4
10616 4
10617 4
10618 8
10619 4
10620 8
10621 4
10622 4
10623 4
10624 4
10625 4
10626 4
10627 4
10628 8
10629 4
10630 8
10631 4
10632 4
10633 4
10634 4
10635 4
10636 4
10637 4
10638 8
10639 4
10640 8
10641 4
10642 8
10643 4
10644 4
10645 4
10646 4
10647 4
10648 8
10649 4
10650 8
10651 4
10652 8
10653 4
10654 4
10655 4
10656 4
10657 4
10658 8
10659 4
10660 8
10661 4
10662 8
10663 4
10664 4
10665 4
10666 4
10667 4
10668 4
10669 4
10670 8
10671 4
10672 8
10673 4
10674 4
10675 4
10676 4
10677 4
10678 4
10679 4
10680 8
10681 4
10682 8
10683 4
10684 4
10685 4
10686 4
10687 4
10688 4
10689 4
10690 8
10691 4
10692 8
10693 4
10694 8
10695 4
10696 4
10697 4
10698 4
10699 4
10700 8
10701 4
10702 8
10703 4
10704 8
10705 4
10706 4
10707 4
10708 4
10709 4
10710 8
10711 4
10712 8
10713 4
10714 8
10715 4
10716 4
10717 4
10718 4
10719 4
10720 4
10721 4
10722 8
10723 4
10724 8
10725 4
10726 4
10727 4
10728 4
10729 4
10730 4
10731 4
10732 8
10733 4
10734 8
10735 4
10736 4
10737 4
10738 4
10739 4
10740 4
10741 4
10742 8
10743 4
10744 8
10745 4
10746 8
10747 4
10748 4
10749 4
10750 4
10751 4
10752 8
10753 4
10754 8
10755 4
10756 8
10757 4
10758 4
10759 4
10760 4
10761 4
10762 8
10763 4
10764 8
10765 4
10766 8
10767 4
10768 4
10769 4
10770 4
10771 4
10772 4
10773 4
10774 8
10775 4
10776 8
10777 4
10778 4
10779 4
10780 4
10781 4
10782 4
10783 4
10784 8
10785 4
10786 8
10787 4
10788 4
10789 4
10790 4
10791 4
10792 4
10793 4
10794 8
10795 4
10796 8
10797 4
10798 8
10799 4
10800 4
10801 4
10802 4
10803 4
10804 8
10805 4
10806 8
10807 4
10808 8
10809 4
10810 4
10811 4
10812 4
10813 4
10814 8
10815 4
10816 8
10817 4
10818 8
10819 4
10820 4
10821 4
10822 4
10823 4
10824 4
10825 4
10826 8
10827 4
10828 8
10829 4
10830 4
10831 4
10832 4
10833 4
10834 4
10835 4
10836 8
10837 4
10838 8
10839 4
10840 4
10841 4
10842 4
10843 4
10844 4
10845 4
10846 8
10847 4
10848 8
10849 4
10850 8
10851 4
10852 4
10853 4
10854 4
10855 4
10856 8
10857 4
10858 8
10859 4
10860 8
10861 4
10862 4
10863 4
10864 4
10865 4
10866 8
10867 4
10868 8
10869 4
10870 8
10871 4
10872 4
10873 4
10874 4
10875 4
10876 4
10877 4
10878 8
10879 4
10880 8
10881 4
10882 4
10883 4
10884 4
10885 4
10886 4
10887 4
10888 8
10889 4
10890 8
10891 4
10892 4
10893 4
10894 4
10895 4
10896 4
10897 4
10898 8
10899 4
10900 8
10901 4
10902 8
10903 4
10904 4
10905 4
10906 4
10907 4
10908 8
10909 4
10910 8
10911 4
10912 8
10913 4
10914 4
10915 4
10916 4
10917 4
10918 8
10919 4
10920 8
10921 4
10922 8
10923 4
10924 4
10925 4
10926 4
10927 4
10928 4
10929 4
10930 8
10931 4
10932 8
10933 4
10934 4
10935 4
10936 4
10937 4
10938 4
10939 4
10940 8
10941 4
10942 8
10943 4
10944 4
10945 4
10946 4
10947 4
10948 4
10949 4
10950 8
10951 4
10952 8
10953 4
10954 8
10955 4
10956 4
10957 4
10958 4
10959 4
10960 8
10961 4
10962 8
10963 4
10964 8
10965 4
10966 4
10967 4
10968 4
10969 4
10970 8
10971 4
10972 8
10973 4
10974 8
10975 4
10976 4
10977 4
10978 4
10979 4
10980 8
10981 4
10982 8
10983 4
10984 8
10985 4
10986 4
10987 4
10988 4
10989 4
10990 4
10991 4
10992 8
10993 4
10994 8
10995 4
10996 4
10997 4
10998 4
10999 4
11000 4
11001 4
11002 8
11003 4
11004 8
11005 4
11006 4
11007 4
11008 4
11009 4
11010 4
11011 4
11012 8
11013 4
11014 8
11015 4
11016 8
11017 4
11018 4
11019 4
11020 4
11021 4
11022 8
11023 4
11024 8
11025 4
11026 8
11027 4
11028 4
11029 4
11030 4
11031 4
11032 8
11033 4
11034 8
11035 4
11036 8
11037 4
11038 4
11039 4
11040 4
11041 4
11042 4
11043 4
11044 8
11045 4
11046 8
11047 4
11048 4
11049 4
11050 4
11051 4
11052 4
11053 4
11054 8
11055 4
11056 8
11057 4
11058 4
11059 4
11060 4
11061 4
11062 4
11063 4
11064 8
11065 4
11066 8
11067 4
11068 8
11069 4
11070 4
11071 4
11072 4
11073 4
11074 8
11075 4
11076 8
11077 4
11078 8
11079 4
11080 4
11081 4
11082 4
11083 4
11084 8
11085 4
11086 8
11087 4
11088 8
11089 4
11090 4
11091 4
11092 4
11093 4
11094 4
11095 4
11096 8
11097 4
11098 8
11099 4
11100 4
11101 4
11102 4
11103 4
11104 4
11105 4
11106 8
11107 4
11108 8
11109 4
11110 4
11111 4
11112 4
11113 4
11114 4
11115 4
11116 8
11117 4
11118 8
11119 4
11120 8
11121 4
11122 4
11123 4
11124 4
11125 4
11126 8
11127 4
11128 8
11129 4
11130 8
11131 4
11132 4
11133 4
11134 4
11135 4
11136 8
11137 4
11138 8
11139 4
11140 8
11141 4
11142 4
11143 4
11144 4
11145 4
11146 4
11147 4
11148 8
11149 4
11150 8
11151 4
11152 4
11153 4
11154 4
11155 4
11156 4
11157 4
11158 8
11159 4
11160 8
11161 4
11162 4
11163 4
11164 4
11165 4
11166 4
11167 4
11168 8
11169 4
11170 8
11171 4
11172 8
11173 4
11174 4
11175 4
11176 4
11177 4
11178 8
11179 4
11180 8
11181 4
11182 8
11183 4
11184 4
11185 4
11186 4
11187 4
11188 8
11189 4
11190 8
11191 4
11192 8
11193 4
11194 4
11195 4
11196 4
11197 4
11198 4
11199 4
11200 8
11201 4
11202 8
11203 4
11204 4
11205 4
11206 4
11207 4
11208 4
11209 4
11210 8
11211 4
11212 8
11213 4
11214 4
11215 4
11216 4
11217 4
11218 4
11219 4
11220 8
11221 4
11222 8
11223 4
11224 8
11225 4
11226 4
11227 4
11228 4
11229 4
11230 8
11231 4
11232 8
11233 4
11234 8
11235 4
11236 4
11237 4
11238 4
11239 4
11240 8
11241 4
11242 8
11243 4
11244 8
11245 4
11246 4
11247 4
11248 4
11249 4
11250 4
11251 4
11252 8
11253 4
11254 8
11255 4
11256 4
11257 4
11258 4
11259 4
11260 4
11261 4
11262 8
11263 4
11264 8
11265 4
11266 4
11267 4
11268 4
11269 4
11270 4
11271 4
11272 8
11273 4
11274 8
11275 4
11276 8
11277 4
11278 4
11279 4
11280 4
11281 4
11282 8
11283 4
11284 8
11285 4
11286 8
11287 4
11288 4
11289 4
11290 4
11291 4
11292 8
11293 4
11294 8
11295 4
11296 8
11297 4
11298 4
11299 4
11300 4
11301 4
11302 4
11303 4
11304 8
11305 4
11306 8
11307 4
11308 4
11309 4
11310 4
11311 4
11312 4
11313 4
11314 8
11315 4
11316 8
11317 4
11318 4
11319 4
11320 4
11321 4
11322 4
11323 4
11324 8
11325 4
11326 8
11327 4
11328 8
11329 4
11330 4
11331 4
11332 4
11333 4
11334 8
11335 4
11336 8
11337 4
11338 8
11339 4
11340 4
11341 4
11342 4
11343 4
11344 8
11345 4
11346 8
11347 4
11348 8
11349 4
11350 4
11351 4
11352 4
11353 4
11354 4
11355 4
11356 8
11357 4
11358 8
11359 4
11360 4
11361 4
11362 4
11363 4
11364 4
11365 4
11366 8
11367 4
11368 8
11369 4
11370 4
11371 4
11372 4
11373 4
11374 4
11375 4
11376 8
11377 4
11378 8
11379 4
11380 8
11381 4
11382 4
11383 4
11384 4
11385 4
11386 8
11387 4
11388 8
11389 4
11390 8
11391 4
11392 4
11393 4
11394 4
11395 4
11396 8
11397 4
11398 8
11399 4
11400 8
11401 4
11402 4
11403 4
11404 4
11405 4
11406 8
11407 4
11408 8
11409 4
11410 8
11411 4
11412 4
11413 4
11414 4
11415 4
11416 4
11417 4
11418 8
11419 4
11420 8
11421 4
11422 4
11423 4
11424 4
11425 4
11426 4
11427 4
11428 8
11429 4
11430 8
11431 4
11432 4
11433 4
11434 4
11435 4
11436 4
11437 4
11438 8
11439 4
11440 8
11441 4
11442 8
11443 4
11444 4
11445 4
11446 4
11447 4
11448 8
11449 4
11450 8
11451 4
11452 8
11453 4
11454 4
11455 4
11456 4
11457 4
11458 8
11459 4
11460 8
11461 4
11462 8
11463 4
11464 4
11465 4
11466 4
11467 4
11468 4
11469 4
11470 8
11471 4
11472 8
11473 4
11474 4
11475 4
11476 4
11477 4
11478 4
11479 4
11480 8
11481 4
11482 8
11483 4
11484 4
11485 4
11486 4
11487 4
11488 4
11489 4
11490 8
11491 4
11492 8
11493 4
11494 8
11495 4
11496 4
11497 4
11498 4
11499 4
11500 8
11501 4
11502 8
11503 4
11504 8
11505 4
11506 4
11507 4
11508 4
11509 4
11510 8
11511 4
11512 8
11513 4
11514 8
11515 4
11516 4
11517 4
11518 4
11519 4
11520 4
11521 4
11522 8
11523 4
11524 8
11525 4
11526 4
11527 4
11528 4
11529 4
11530 4
11531 4
11532 8
11533 4
11534 8
11535 4
11536 4
11537 4
11538 4
11539 4
11540 4
11541 4
11542 8
11543 4
11544 8
11545 4
11546 8
11547 4
11548 4
11549 4
11550 4
11551 4
11552 8
11553 4
11554 8
11555 4
11556 8
11557 4
11558 4
11559 4
11560 4
11561 4
11562 8
11563 4
11564 8
11565 4
11566 8
11567 4
11568 4
11569 4
11570 4
11571 4
11572 4
11573 4
11574 8
11575 4
11576 8
11577 4
11578 4
11579 4
11580 4
11581 4
11582 4
11583 4
11584 8
11585 4
11586 8
11587 4
11588 4
11589 4
11590 4
11591 4
11592 4
11593 4
11594 8
11595 4
11596 8
11597 4
11598 8
11599 4
11600 4
11601 4
11602 4
11603 4
11604 8
11605 4
11606 8
11607 4
11608 8
11609 4
11610 4
11611 4
11612 4
11613 4
11614 8
11615 4
11616 8
11617 4
11618 8
11619 4
11620 4
11621 4
11622 4
11623 4
11624 4
11625 4
11626 8
11627 4
11628 8
11629 4
11630 4
11631 4
11632 4
11633 4
11634 4
11635 4
11636 8
11637 4
11638 8
11639 4
11640 4
11641 4
11642 4
11643 4
11644 4
11645 4
11646 8
11647 4
11648 8
11649 4
11650 8
11651 4
11652 4
11653 4
11654 4
11655 4
11656 8
11657 4
11658 8
11659 4
11660 8
11661 4
11662 4
11663 4
11664 4
11665 4
11666 8
11667 4
11668 8
11669 4
11670 8
11671 4
11672 4
11673 4
11674 4
11675 4
11676 4
11677 4
11678 8
11679 4
11680 8
11681 4
11682 4
11683 4
11684 4
11685 4
11686 4
11687 4
11688 8
11689 4
11690 8
11691 4
11692 4
11693 4
11694 4
11695 4
11696 4
11697 4
11698 8
11699 4
11700 8
11701 4
11702 8
11703 4
11704 4
11705 4
11706 4
11707 4
11708 8
11709 4
11710 8
11711 4
11712 8
11713 4
11714 4
11715 4
11716 4
11717 4
11718 8
11719 4
11720 8
11721 4
11722 8
11723 4
11724 4
11725 4
11726 4
11727 4
11728 4
11729 4
11730 8
11731 4
11732 8
11733 4
11734 4
11735 4
11736 4
11737 4
11738 4
11739 4
11740 8
11741 4
11742 8
11743 4
11744 4
11745 4
11746 4
11747 4
11748 4
11749 4
11750 8
11751 4
11752 8
11753 4
11754 8
11755 4
11756 4
11757 4
11758 4
11759 4
11760 8
11761 4
11762 8
11763 4
11764 8
11765 4
11766 4
11767 4
11768 4
11769 4
11770 8
11771 4
11772 8
11773 4
11774 8
11775 4
11776 4
11777 4
11778 4
11779 4
11780 4
11781 4
11782 8
11783 4
11784 8
11785 4
11786 4
11787 4
11788 4
11789 4
11790 4
11791 4
11792 8
11793 4
11794 8
11795 4
11796 4
11797 4
11798 4
11799 4
11800 4
11801 4
11802 8
11803 4
11804 8
11805 4
11806 8
11807 4
11808 4
11809 4
11810 4
11811 4
11812 8
11813 4
11814 8
11815 4
11816 8
11817 4
11818 4
11819 4
11820 4
11821 4
11822 8
11823 4
11824 8
11825 4
11826 8
11827 4
11828 4
11829 4
11830 4
11831 4
11832 8
11833 4
11834 8
11835 4
11836 8
11837 4
11838 4
11839 4
11840 4
11841 4
11842 4
11843 4
11844 8
11845 4
11846 8
11847 4
11848 4
11849 4
11850 4
11851 4
11852 4
11853 4
11854 8
11855 4
11856 8
11857 4
11858 4
11859 4
11860 4
11861 4
11862 4
11863 4
11864 8
11865 4
11866 8
11867 4
11868 8
11869 4
11870 4
11871 4
11872 4
11873 4
11874 8
11875 4
11876 8
11877 4
11878 8
11879 4
11880 4
11881 4
11882 4
11883 4
11884 8
11885 4
11886 8
11887 4
11888 8
11889 4
11890 4
11891 4
11892 4
11893 4
11894 4
11895 4
11896 8
11897 4
11898 8
11899 4
11900 4
11901 4
11902 4
11903 4
11904 4
11905 4
11906 8
11907 4
11908 8
11909 4
11910 4
11911 4
11912 4
11913 4
11914 4
11915 4
11916 8
11917 4
11918 8
11919 4
11920 8
11921 4
11922 4
11923 4
11924 4
11925 4
11926 8
11927 4
11928 8
11929 4
11930 8
11931 4
11932 4
11933 4
11934 4
11935 4
11936 8
11937 4
11938 8
11939 4
11940 8
11941 4
11942 4
11943 4
11944 4
11945 4
11946 4
11947 4
11948 8
11949 4
11950 8
11951 4
11952 4
11953 4
11954 4
11955 4
11956 4
11957 4
11958 8
11959 4
11960 8
11961 4
11962 4
11963 4
11964 4
11965 4
11966 4
11967 4
11968 8
11969 4
11970 8
11971 4
11972 8
11973 4
11974 4
11975 4
11976 4
11977 4
11978 8
11979 4
11980 8
11981 4
11982 8
11983 4
11984 4
11985 4
11986 4
11987 4
11988 8
11989 4
11990 8
11991 4
11992 8
11993 4
11994 4
11995 4
11996 4
11997 4
11998 4
11999 4
12000 8
12001 4
12002 8
12003 4
12004 4
12005 4
12006 4
12007 4
12008 4
12009 4
12010 8
12011 4
12012 8
12013 4
12014 4
12015 4
12016 4
12017 4
12018 4
12019 4
12020 8
12021 4
12022 8
12023 4
12024 8
12025 4
12026 4
12027 4
12028 4
12029 4
12030 8
12031 4
12032 8
12033 4
12034 8
12035 4
12036 4
12037 4
12038 4
12039 4
12040 8
12041 4
12042 8
12043 4
12044 8
12045 4
12046 4
12047 4
12048 4
12049 4
12050 4
12051 4
12052 8
12053 4
12054 8
12055 4
12056 4
12057 4
12058 4
12059 4
12060 4
12061 4
12062 8
12063 4
12064 8
12065 4
12066 4
12067 4
12068 4
12069 4
12070 4
12071 4
12072 8
12073 4
12074 8
12075 4
12076 8
12077 4
12078 4
12079 4
12080 4
12081 4
12082 8
12083 4
12084 8
12085 4
12086 8
12087 4
12088 4
12089 4
12090 4
12091 4
12092 8
12093 4
12094 8
12095 4
12096 8
12097 4
12098 4
12099 4
12100 4
12101 4
12102 4
12103 4
12104 8
12105 4
12106 8
12107 4
12108 4
12109 4
12110 4
12111 4
12112 4
12113 4
12114 8
12115 4
12116 8
12117 4
12118 4
12119 4
12120 4
12121 4
12122 4
12123 4
12124 8
12125 4
12126 8
12127 4
12128 8
12129 4
12130 4
12131 4
12132 4
12133 4
12134 8
12135 4
12136 8
12137 4
12138 8
12139 4
12140 4
12141 4
12142 4
12143 4
12144 8
12145 4
12146 8
12147 4
12148 8
12149 4
12150 4
12151 4
12152 4
12153 4
12154 4
12155 4
12156 8
12157 4
12158 8
12159 4
12160 4
12161 4
12162 4
12163 4
12164 4
12165 4
12166 8
12167 4
12168 8
12169 4
12170 4
12171 4
12172 4
12173 4
12174 4
12175 4
12176 8
12177 4
12178 8
12179 4
12180 8
12181 4
12182 4
12183 4
12184 4
12185 4
12186 8
12187 4
12188 8
12189 4
12190 8
12191 4
12192 4
12193 4
12194 4
12195 4
12196 8
12197 4
12198 8
12199 4
12200 8
12201 4
12202 4
12203 4
12204 4
12205 4
12206 4
12207 4
12208 8
12209 4
12210 8
12211 4
12212 4
12213 4
12214 4
12215 4
12216 4
12217 4
12218 8
12219 4
12220 8
12221 4
12222 4
12223 4
12224 4
12225 4
12226 4
12227 4
12228 8
12229 4
12230 8
12231 4
12232 8
12233 4
12234 4
12235 4
12236 4
12237 4
12238 8
12239 4
12240 8
12241 4
12242 8
12243 4
12244 4
12245 4
12246 4
12247 4
12248 8
12249 4
12250 8
12251 4
12252 8
12253 4
12254 4
12255 4
12256 4
12257 4
12258 8
12259 4
12260 8
12261 4
12262 8
12263 4
12264 4
12265 4
12266 4
12267 4
12268 4
12269 4
12270 8
12271 4
12272 8
12273 4
12274 4
12275 4
12276 4
12277 4
12278 4
12279 4
12280 8
12281 4
12282 8
12283 4
12284 4
12285 4
12286 4
12287 4
12288 4
12289 4
12290 8
12291 4
12292 8
12293 4
12294 8
12295 4
12296 4
12297 4
12298 4
12299 4
12300 8
12301 4
12302 8
12303 4
12304 8
12305 4
12306 4
12307 4
12308 4
12309 4
12310 8
12311 4
12312 8
12313 4
12314 8
12315 4
12316 4
12317 4
12318 4
12319 4
12320 4
12321 4
12322 8
12323 4
12324 8
12325 4
12326 4
12327 4
12328 4
12329 4
12330 4
12331 4
12332 8
12333 4
12334 8
12335 4
12336 4
12337 4
12338 4
12339 4
12340 4
12341 4
12342 8
12343 4
12344 8
12345 4
12346 8
12347 4
12348 4
12349 4
12350 4
12351 4
12352 8
12353 4
12354 8
12355 4
12356 8
12357 4
12358 4
12359 4
12360 4
12361 4
12362 8
12363 4
12364 8
12365 4
12366 8
12367 4
12368 4
12369 4
12370 4
12371 4
12372 4
12373 4
12374 8
12375 4
12376 8
12377 4
12378 4
12379 4
12380 4
12381 4
12382 4
12383 4
12384 8
12385 4
12386 8
12387 4
12388 4
12389 4
12390 4
12391 4
12392 4
12393 4
12394 8
12395 4
12396 8
12397 4
12398 8
12399 4
12400 4
12401 4
12402 4
12403 4
12404 8
12405 4
12406 8
12407 4
12408 8
12409 4
12410 4
12411 4
12412 4
12413 4
12414 8
12415 4
12416 8
12417 4
12418 8
12419 4
12420 4
12421 4
12422 4
12423 4
12424 4
12425 4
12426 8
12427 4
12428 8
12429 4
12430 4
12431 4
12432 4
12433 4
12434 4
12435 4
12436 8
12437 4
12438 8
12439 4
12440 4
12441 4
12442 4
12443 4
12444 4
12445 4
12446 8
12447 4
12448 8
12449 4
12450 8
12451 4
12452 4
12453 4
12454 4
12455 4
12456 8
12457 4
12458 8
12459 4
12460 8
12461 4
12462 4
12463 4
12464 4
12465 4
12466 8
12467 4
12468 8
12469 4
12470 8
12471 4
12472 4
12473 4
12474 4
12475 4
12476 4
12477 4
12478 8
12479 4
12480 8
12481 4
12482 4
12483 4
12484 4
12485 4
12486 4
12487 4
12488 8
12489 4
12490 8
12491 4
12492 4
12493 4
12494 4
12495 4
12496 4
12497 4
12498 8
12499 4
12500 8
12501 4
12502 8
12503 4
12504 4
12505 4
12506 4
12507 4
12508 8
12509 4
12510 8
12511 4
12512 8
12513 4
12514 4
12515 4
12516 4
12517 4
12518 8
12519 4
12520 8
12521 4
12522 8
12523 4
12524 4
12525 4
12526 4
12527 4
12528 4
12529 4
12530 8
12531 4
12532 8
12533 4
12534 4
12535 4
12536 4
12537 4
12538 4
12539 4
12540 8
12541 4
12542 8
12543 4
12544 4
12545 4
12546 4
12547 4
12548 4
12549 4
12550 8
12551 4
12552 8
12553 4
12554 8
12555 4
12556 4
12557 4
12558 4
12559 4
12560 8
12561 4
12562 8
12563 4
12564 8
12565 4
12566 4
12567 4
12568 4
12569 4
12570 8
12571 4
12572 8
12573 4
12574 8
12575 4
12576 4
12577 4
12578 4
12579 4
12580 4
12581 4
12582 8
12583 4
12584 8
12585 4
12586 4
12587 4
12588 4
12589 4
12590 4
12591 4
12592 8
12593 4
12594 8
12595 4
12596 4
12597 4
12598 4
12599 4
12600 4
12601 4
12602 8
12603 4
12604 8
12605 4
12606 8
12607 4
12608 4
12609 4
12610 4
12611 4
12612 8
12613 4
12614 8
12615 4
12616 8
12617 4
12618 4
12619 4
12620 4
12621 4
12622 8
12623 4
12624 8
12625 4
12626 8
12627 4
12628 4
12629 4
12630 4
12631 4
12632 4
12633 4
12634 8
12635 4
12636 8
12637 4
12638 4
12639 4
12640 4
12641 4
12642 4
12643 4
12644 8
12645 4
12646 8
12647 4
12648 4
12649 4
12650 4
12651 4
12652 4
12653 4
12654 8
12655 4
12656 8
12657 4
12658 8
12659 4
12660 4
12661 4
12662 4
12663 4
12664 8
12665 4
12666 8
12667 4
12668 8
12669 4
12670 4
12671 4
12672 4
12673 4
12674 8
12675 4
12676 8
12677 4
12678 8
12679 4
12680 4
12681 4
12682 4
12683 4
12684 8
12685 4
12686 8
12687 4
12688 8
12689 4
12690 4
12691 4
12692 4
12693 4
12694 4
12695 4
12696 8
12697 4
12698 8
12699 4
12700 4
12701 4
12702 4
12703 4
12704 4
12705 4
12706 8
12707 4
12708 8
12709 4
12710 4
12711 4
12712 4
12713 4
12714 4
12715 4
12716 8
12717 4
12718 8
12719 4
12720 8
12721 4
12722 4
12723 4
12724 4
12725 4
12726 8
12727 4
12728 8
12729 4
12730 8
12731 4
12732 4
12733 4
12734 4
12735 4
12736 8
12737 4
12738 8
12739 4
12740 8
12741 4
12742 4
12743 4
12744 4
12745 4
12746 4
12747 4
12748 8
12749 4
12750 8
12751 4
12752 4
12753 4
12754 4
12755 4
12756 4
12757 4
12758 8
12759 4
12760 8
12761 4
12762 4
12763 4
12764 4
12765 4
12766 4
12767 4
12768 8
12769 4
12770 8
12771 4
12772 8
12773 4
12774 4
12775 4
12776 4
12777 4
12778 8
12779 4
12780 8
12781 4
12782 8
12783 4
12784 4
12785 4
12786 4
12787 4
12788 8
12789 4
12790 8
12791 4
12792 8
12793 4
12794 4
12795 4
12796 4
12797 4
12798 4
12799 4
12800 8
12801 4
12802 8
12803 4
12804 4
12805 4
12806 4
12807 4
12808 4
12809 4
12810 8
12811 4
12812 8
12813 4
12814 4
12815 4
12816 4
12817 4
12818 4
12819 4
12820 8
12821 4
12822 8
12823 4
12824 8
12825 4
12826 4
12827 4
12828 4
12829 4
12830 8
12831 4
12832 8
12833 4
12834 8
12835 4
12836 4
12837 4
12838 4
12839 4
12840 8
12841 4
12842 8
12843 4
12844 8
12845 4
12846 4
12847 4
12848 4
12849 4
12850 4
12851 4
12852 8
12853 4
12854 8
12855 4
12856 4
12857 4
12858 4
12859 4
12860 4
12861 4
12862 8
12863 4
12864 8
12865 4
12866 4
12867 4
12868 4
12869 4
12870 4
12871 4
12872 8
12873 4
12874 8
12875 4
12876 8
12877 4
12878 4
12879 4
12880 4
12881 4
12882 8
12883 4
12884 8
12885 4
12886 8
12887 4
12888 4
12889 4
12890 4
12891 4
12892 8
12893 4
12894 8
12895 4
12896 8
12897 4
12898 4
12899 4
12900 4
12901 4
12902 4
12903 4
12904 8
12905 4
12906 8
12907 4
12908 4
12909 4
12910 4
12911 4
12912 4
12913 4
12914 8
12915 4
12916 8
12917 4
12918 4
12919 4
12920 4
12921 4
12922 4
12923 4
12924 8
12925 4
12926 8
12927 4
12928 8
12929 4
12930 4
12931 4
12932 4
12933 4
12934 8
12935 4
12936 8
12937 4
12938 8
12939 4
12940 4
12941 4
12942 4
12943 4
12944 8
12945 4
12946 8
12947 4
12948 8
12949 4
12950 4
12951 4
12952 4
12953 4
12954 4
12955 4
12956 8
12957 4
12958 8
12959 4
12960 4
12961 4
12962 4
12963 4
12964 4
12965 4
12966 8
12967 4
12968 8
12969 4
12970 4
12971 4
12972 4
12973 4
12974 4
12975 4
12976 8
12977 4
12978 8
12979 4
12980 8
12981 4
12982 4
12983 4
12984 4
12985 4
12986 8
12987 4
12988 8
12989 4
12990 8
12991 4
12992 4
12993 4
12994 4
12995 4
12996 8
12997 4
12998 8
12999 4
13000 8
13001 4
13002 4
13003 4
13004 4
13005 4
13006 4
13007 4
13008 8
13009 4
13010 8
13011 4
13012 4
13013 4
13014 4
13015 4
13016 4
13017 4
13018 8
13019 4
13020 8
13021 4
13022 4
13023 4
13024 4
13025 4
13026 4
13027 4
13028 8
13029 4
13030 8
13031 4
13032 8
13033 4
13034 4
13035 4
13036 4
13037 4
13038 8
13039 4
13040 8
13041 4
13042 8
13043 4
13044 4
13045 4
13046 4
13047 4
13048 8
13049 4
13050 8
13051 4
13052 8
13053 4
13054 4
13055 4
13056 4
13057 4
13058 4
13059 4
13060 8
13061 4
13062 8
13063 4
13064 4
13065 4
13066 4
13067 4
13068 4
13069 4
13070 8
13071 4
13072 8
13073 4
13074 4
13075 4
13076 4
13077 4
13078 4
13079 4
13080 8
13081 4
13082 8
13083 4
13084 8
13085 4
13086 4
13087 4
13088 4
13089 4
13090 8
13091 4
13092 8
13093 4
13094 8
13095 4
13096 4
13097 4
13098 4
13099 4
13100 8
13101 4
13102 8
13103 4
13104 8
13105 4
13106 4
13107 4
13108 4
13109 4
13110 4
13111 4
13112 8
13113 4
13114 8
13115 4
13116 4
13117 4
13118 4
13119 4
13120 4
13121 4
13122 8
13123 4
13124 8
13125 4
13126 4
13127 4
13128 4
13129 4
13130 4
13131 4
13132 8
13133 4
13134 8
13135 4
13136 4
13137 4
13138 4
13139 4
13140 4
13141 4
13142 8
13143 4
13144 8
13145 4
13146 8
13147 4
13148 4
13149 4
13150 4
13151 4
13152 8
13153 4
13154 8
13155 4
13156 8
13157 4
13158 4
13159 4
13160 4
13161 4
13162 8
13163 4
13164 8
13165 4
13166 8
13167 4
13168 4
13169 4
13170 4
13171 4
13172 4
13173 4
13174 8
13175 4
13176 8
13177 4
13178 4
13179 4
13180 4
13181 4
13182 4
13183 4
13184 8
13185 4
13186 8
13187 4
13188 4
13189 4
13190 4
13191 4
13192 4
13193 4
13194 8
13195 4
13196 8
13197 4
13198 8
13199 4
13200 4
13201 4
13202 4
13203 4
13204 8
13205 4
13206 8
13207 4
13208 8
13209 4
13210 4
13211 4
13212 4
13213 4
13214 8
13215 4
13216 8
13217 4
13218 8
13219 4
13220 4
13221 4
13222 4
13223 4
13224 4
13225 4
13226 8
13227 4
13228 8
13229 4
13230 4
13231 4
13232 4
13233 4
13234 4
13235 4
13236 8
13237 4
13238 8
13239 4
13240 4
13241 4
13242 4
13243 4
13244 4
13245 4
13246 8
13247 4
13248 8
13249 4
13250 8
13251 4
13252 4
13253 4
13254 4
13255 4
13256 8
13257 4
13258 8
13259 4
13260 8
13261 4
13262 4
13263 4
13264 4
13265 4
13266 8
13267 4
13268 8
13269 4
13270 8
13271 4
13272 4
13273 4
13274 4
13275 4
13276 4
13277 4
13278 8
13279 4
13280 8
13281 4
13282 4
13283 4
13284 4
13285 4
13286 4
13287 4
13288 8
13289 4
13290 8
13291 4
13292 4
13293 4
13294 4
13295 4
13296 4
13297 4
13298 8
13299 4
13300 8
13301 4
13302 8
13303 4
13304 4
13305 4
13306 4
13307 4
13308 8
13309 4
13310 8
13311 4
13312 8
13313 4
13314 4
13315 4
13316 4
13317 4
13318 8
13319 4
13320 8
13321 4
13322 8
13323 4
13324 4
13325 4
13326 4
13327 4
13328 4
13329 4
13330 8
13331 4
13332 8
13333 4
13334 4
13335 4
13336 4
13337 4
13338 4
13339 4
13340 8
13341 4
13342 8
13343 4
13344 4
13345 4
13346 4
13347 4
13348 4
13349 4
13350 8
13351 4
13352 8
13353 4
13354 8
13355 4
13356 4
13357 4
13358 4
13359 4
13360 8
13361 4
13362 8
13363 4
13364 8
13365 4
13366 4
13367 4
13368 4
13369 4
13370 8
13371 4
13372 8
13373 4
13374 8
13375 4
13376 4
13377 4
13378 4
13379 4
13380 4
13381 4
13382 8
13383 4
13384 8
13385 4
13386 4
13387 4
13388 4
13389 4
13390 4
13391 4
13392 8
13393 4
13394 8
13395 4
13396 4
13397 4
13398 4
13399 4
13400 4
13401 4
13402 8
13403 4
13404 8
13405 4
13406 8
13407 4
13408 4
13409 4
13410 4
13411 4
13412 8
13413 4
13414 8
13415 4
13416 8
13417 4
13418 4
13419 4
13420 4
13421 4
13422 8
13423 4
13424 8
13425 4
13426 8
13427 4
13428 4
13429 4
13430 4
13431 4
13432 4
13433 4
13434 8
13435 4
13436 8
13437 4
13438 4
13439 4
13440 4
13441 4
13442 4
13443 4
13444 8
13445 4
13446 8
13447 4
13448 4
13449 4
13450 4
13451 4
13452 4
13453 4
13454 8
13455 4
13456 8
13457 4
13458 8
13459 4
13460 4
13461 4
13462 4
13463 4
13464 8
13465 4
13466 8
13467 4
13468 8
13469 4
13470 4
13471 4
13472 4
13473 4
13474 8
13475 4
13476 8
13477 4
13478 8
13479 4
13480 4
13481 4
13482 4
13483 4
13484 4
13485 4
13486 8
13487 4
13488 8
13489 4
13490 4
13491 4
13492 4
13493 4
13494 4
13495 4
13496 8
13497 4
13498 8
13499 4
13500 4
13501 4
13502 4
13503 4
13504 4
13505 4
13506 8
13507 4
13508 8
13509 4
13510 8
13511 4
13512 4
13513 4
13514 4
13515 4
13516 8
13517 4
13518 8
13519 4
13520 8
13521 4
13522 4
13523 4
13524 4
13525 4
13526 8
13527 4
13528 8
13529 4
13530 8
13531 4
13532 4
13533 4
13534 4
13535 4
13536 4
13537 4
13538 8
13539 4
13540 8
13541 4
13542 4
13543 4
13544 4
13545 4
13546 4
13547 4
13548 8
13549 4
13550 8
13551 4
13552 4
13553 4
13554 4
13555 4
13556 4
13557 4
13558 8
13559 4
13560 8
13561 4
13562 4
13563 4
13564 4
13565 4
13566 4
13567 4
13568 8
13569 4
13570 8
13571 4
13572 8
13573 4
13574 4
13575 4
13576 4
13577 4
13578 8
13579 4
13580 8
13581 4
13582 8
13583 4
13584 4
13585 4
13586 4
13587 4
13588 8
13589 4
13590 8
13591 4
13592 8
13593 4
13594 4
13595 4
13596 4
13597 4
13598 4
13599 4
13600 8
13601 4
13602 8
13603 4
13604 4
13605 4
13606 4
13607 4
13608 4
13609 4
13610 8
13611 4
13612 8
13613 4
13614 4
13615 4
13616 4
13617 4
13618 4
13619 4
13620 8
13621 4
13622 8
13623 4
13624 8
13625 4
13626 4
13627 4
13628 4
13629 4
13630 8
13631 4
13632 8
13633 4
13634 8
13635 4
13636 4
13637 4
13638 4
13639 4
13640 8
13641 4
13642 8
13643 4
13644 8
13645 4
13646 4
13647 4
13648 4
13649 4
13650 4
13651 4
13652 8
13653 4
13654 8
13655 4
13656 4
13657 4
13658 4
13659 4
13660 4
13661 4
13662 8
13663 4
13664 8
13665 4
13666 4
13667 4
13668 4
13669 4
13670 4
13671 4
13672 8
13673 4
13674 8
13675 4
13676 8
13677 4
13678 4
13679 4
13680 4
13681 4
13682 8
13683 4
13684 8
13685 4
13686 8
13687 4
13688 4
13689 4
13690 4
13691 4
13692 8
13693 4
13694 8
13695 4
13696 8
13697 4
13698 4
13699 4
13700 4
13701 4
13702 4
13703 4
13704 8
13705 4
13706 8
13707 4
13708 4
13709 4
13710 4
13711 4
13712 4
13713 4
13714 8
13715 4
13716 8
13717 4
13718 4
13719 4
13720 4
13721 4
13722 4
13723 4
13724 8
13725 4
13726 8
13727 4
13728 8
13729 4
13730 4
13731 4
13732 4
13733 4
13734 8
13735 4
13736 8
13737 4
13738 8
13739 4
13740 4
13741 4
13742 4
13743 4
13744 8
13745 4
13746 8
13747 4
13748 8
13749 4
13750 4
13751 4
13752 4
13753 4
13754 4
13755 4
13756 8
13757 4
13758 8
13759 4
13760 4
13761 4
13762 4
13763 4
13764 4
13765 4
13766 8
13767 4
13768 8
13769 4
13770 4
13771 4
13772 4
13773 4
13774 4
13775 4
13776 8
13777 4
13778 8
13779 4
13780 8
13781 4
13782 4
13783 4
13784 4
13785 4
13786 8
13787 4
13788 8
13789 4
13790 8
13791 4
13792 4
13793 4
13794 4
13795 4
13796 8
13797 4
13798 8
13799 4
13800 8
13801 4
13802 4
13803 4
13804 4
13805 4
13806 4
13807 4
13808 8
13809 4
13810 8
13811 4
13812 4
13813 4
13814 4
13815 4
13816 4
13817 4
13818 8
13819 4
13820 8
13821 4
13822 4
13823 4
13824 4
13825 4
13826 4
13827 4
13828 8
13829 4
13830 8
13831 4
13832 8
13833 4
13834 4
13835 4
13836 4
13837 4
13838 8
13839 4
13840 8
13841 4
13842 8
13843 4
13844 4
13845 4
13846 4
13847 4
13848 8
13849 4
13850 8
13851 4
13852 8
13853 4
13854 4
13855 4
13856 4
13857 4
13858 4
13859 4
13860 8
13861 4
13862 8
13863 4
13864 4
13865 4
13866 4
13867 4
13868 4
13869 4
13870 8
13871 4
13872 8
13873 4
13874 4
13875 4
13876 4
13877 4
13878 4
13879 4
13880 8
13881 4
13882 8
13883 4
13884 8
13885 4
13886 4
13887 4
13888 4
13889 4
13890 8
13891 4
13892 8
13893 4
13894 8
13895 4
13896 4
13897 4
13898 4
13899 4
13900 8
13901 4
13902 8
13903 4
13904 8
13905 4
13906 4
13907 4
13908 4
13909 4
13910 4
13911 4
13912 8
13913 4
13914 8
13915 4
13916 4
13917 4
13918 4
13919 4
13920 4
13921 4
13922 8
13923 4
13924 8
13925 4
13926 4
13927 4
13928 4
13929 4
13930 4
13931 4
13932 8
13933 4
13934 8
13935 4
13936 8
13937 4
13938 4
13939 4
13940 4
13941 4
13942 8
13943 4
13944 8
13945 4
13946 8
13947 4
13948 4
13949 4
13950 4
13951 4
13952 8
13953 4
13954 8
13955 4
13956 8
13957 4
13958 4
13959 4
13960 4
13961 4
13962 4
13963 4
13964 8
13965 4
13966 8
13967 4
13968 4
13969 4
13970 4
13971 4
13972 4
13973 4
13974 8
13975 4
13976 8
13977 4
13978 4
13979 4
13980 4
13981 4
13982 4
13983 4
13984 8
13985 4
13986 8
13987 4
13988 4
13989 4
13990 4
13991 4
13992 4
13993 4
13994 8
13995 4
13996 8
13997 4
13998 8
13999 4
14000 4
14001 4
14002 4
14003 4
14004 8
14005 4
14006 8
14007 4
14008 8
14009 4
14010 4
14011 4
14012 4
14013 4
14014 8
14015 4
14016 8
14017 4
14018 8
14019 4
14020 4
14021 4
14022 4
14023 4
14024 4
14025 4
14026 8
14027 4
14028 8
14029 4
14030 4
14031 4
14032 4
14033 4
14034 4
14035 4
14036 8
14037 4
14038 8
14039 4
14040 4
14041 4
14042 4
14043 4
14044 4
14045 4
14046 8
14047 4
14048 8
14049 4
14050 8
14051 4
14052 4
14053 4
14054 4
14055 4
14056 8
14057 4
14058 8
14059 4
14060 8
14061 4
14062 4
14063 4
14064 4
14065 4
14066 8
14067 4
14068 8
14069 4
14070 8
14071 4
14072 4
14073 4
14074 4
14075 4
14076 4
14077 4
14078 8
14079 4
14080 8
14081 4
14082 4
14083 4
14084 4
14085 4
14086 4
14087 4
14088 8
14089 4
14090 8
14091 4
14092 4
14093 4
14094 4
14095 4
14096 4
14097 4
14098 8
14099 4
14100 8
14101 4
14102 8
14103 4
14104 4
14105 4
14106 4
14107 4
14108 8
14109 4
14110 8
14111 4
14112 8
14113 4
14114 4
14115 4
14116 4
14117 4
14118 8
14119 4
14120 8
14121 4
14122 8
14123 4
14124 4
14125 4
14126 4
14127 4
14128 4
14129 4
14130 8
14131 4
14132 8
14133 4
14134 4
14135 4
14136 4
14137 4
14138 4
14139 4
14140 8
14141 4
14142 8
14143 4
14144 4
14145 4
14146 4
14147 4
14148 4
14149 4
14150 8
14151 4
14152 8
14153 4
14154 8
14155 4
14156 4
14157 4
14158 4
14159 4
14160 8
14161 4
14162 8
14163 4
14164 8
14165 4
14166 4
14167 4
14168 4
14169 4
14170 8
14171 4
14172 8
14173 4
14174 8
14175 4
14176 4
14177 4
14178 4
14179 4
14180 4
14181 4
14182 8
14183 4
14184 8
14185 4
14186 4
14187 4
14188 4
14189 4
14190 4
14191 4
14192 8
14193 4
14194 8
14195 4
14196 4
14197 4
14198 4
14199 4
14200 4
14201 4
14202 8
14203 4
14204 8
14205 4
14206 8
14207 4
14208 4
14209 4
14210 4
14211 4
14212 8
14213 4
14214 8
14215 4
14216 8
14217 4
14218 4
14219 4
14220 4
14221 4
14222 8
14223 4
14224 8
14225 4
14226 8
14227 4
14228 4
14229 4
14230 4
14231 4
14232 4
14233 4
14234 8
14235 4
14236 8
14237 4
14238 4
14239 4
14240 4
14241 4
14242 4
14243 4
14244 8
14245 4
14246 8
14247 4
14248 4
14249 4
14250 4
14251 4
14252 4
14253 4
14254 8
14255 4
14256 8
14257 4
14258 8
14259 4
14260 4
14261 4
14262 4
14263 4
14264 8
14265 4
14266 8
14267 4
14268 8
14269 4
14270 4
14271 4
14272 4
14273 4
14274 8
14275 4
14276 8
14277 4
14278 8
14279 4
14280 4
14281 4
14282 4
14283 4
14284 4
14285 4
14286 8
14287 4
14288 8
14289 4
14290 4
14291 4
14292 4
14293 4
14294 4
14295 4
14296 8
14297 4
14298 8
14299 4
14300 4
14301 4
14302 4
14303 4
14304 4
14305 4
14306 8
14307 4
14308 8
14309 4
14310 8
14311 4
14312 4
14313 4
14314 4
14315 4
14316 8
14317 4
14318 8
14319 4
14320 8
14321 4
14322 4
14323 4
14324 4
14325 4
14326 8
14327 4
14328 8
14329 4
14330 8
14331 4
14332 4
14333 4
14334 4
14335 4
14336 4
14337 4
14338 8
14339 4
14340 8
14341 4
14342 4
14343 4
14344 4
14345 4
14346 4
14347 4
14348 8
14349 4
14350 8
14351 4
14352 4
14353 4
14354 4
14355 4
14356 4
14357 4
14358 8
14359 4
14360 8
14361 4
14362 8
14363 4
14364 4
14365 4
14366 4
14367 4
14368 8
14369 4
14370 8
14371 4
14372 8
14373 4
14374 4
14375 4
14376 4
14377 4
14378 8
14379 4
14380 8
14381 4
14382 8
14383 4
14384 4
14385 4
14386 4
14387 4
14388 4
14389 4
14390 8
14391 4
14392 8
14393 4
14394 4
14395 4
14396 4
14397 4
14398 4
14399 4
14400 8
14401 4
14402 8
14403 4
14404 4
14405 4
14406 4
14407 4
14408 4
14409 4
14410 8
14411 4
14412 8
14413 4
14414 4
14415 4
14416 4
14417 4
14418 4
14419 4
14420 8
14421 4
14422 8
14423 4
14424 8
14425 4
14426 4
14427 4
14428 4
14429 4
14430 8
14431 4
14432 8
14433 4
14434 8
14435 4
14436 4
14437 4
14438 4
14439 4
14440 8
14441 4
14442 8
14443 4
14444 8
14445 4
14446 4
14447 4
14448 4
14449 4
14450 4
14451 4
14452 8
14453 4
14454 8
14455 4
14456 4
14457 4
14458 4
14459 4
14460 4
14461 4
14462 8
14463 4
14464 8
14465 4
14466 4
14467 4
14468 4
14469 4
14470 4
14471 4
14472 8
14473 4
14474 8
14475 4
14476 8
14477 4
14478 4
14479 4
14480 4
14481 4
14482 8
14483 4
14484 8
14485 4
14486 8
14487 4
14488 4
14489 4
14490 4
14491 4
14492 8
14493 4
14494 8
14495 4
14496 8
14497 4
14498 4
14499 4
14500 4
14501 4
14502 4
14503 4
14504 8
14505 4
14506 8
14507 4
14508 4
14509 4
14510 4
14511 4
14512 4
14513 4
14514 8
14515 4
14516 8
14517 4
14518 4
14519 4
14520 4
14521 4
14522 4
14523 4
14524 8
14525 4
14526 8
14527 4
14528 8
14529 4
14530 4
14531 4
14532 4
14533 4
14534 8
14535 4
14536 8
14537 4
14538 8
14539 4
14540 4
14541 4
14542 4
14543 4
14544 8
14545 4
14546 8
14547 4
14548 8
14549 4
14550 4
14551 4
14552 4
14553 4
14554 4
14555 4
14556 8
14557 4
14558 8
14559 4
14560 4
14561 4
14562 4
14563 4
14564 4
14565 4
14566 8
14567 4
14568 8
14569 4
14570 4
14571 4
14572 4
14573 4
14574 4
14575 4
14576 8
14577 4
14578 8
14579 4
14580 8
14581 4
14582 4
14583 4
14584 4
14585 4
14586 8
14587 4
14588 8
14589 4
14590 8
14591 4
14592 4
14593 4
14594 4
14595 4
14596 8
14597 4
14598 8
14599 4
14600 8
14601 4
14602 4
14603 4
14604 4
14605 4
14606 4
14607 4
14608 8
14609 4
14610 8
14611 4
14612 4
14613 4
14614 4
14615 4
14616 4
14617 4
14618 8
14619 4
14620 8
14621 4
14622 4
14623 4
14624 4
14625 4
14626 4
14627 4
14628 8
14629 4
14630 8
14631 4
14632 8
14633 4
14634 4
14635 4
14636 4
14637 4
14638 8
14639 4
14640 8
14641 4
14642 8
14643 4
14644 4
14645 4
14646 4
14647 4
14648 8
14649 4
14650 8
14651 4
14652 8
14653 4
14654 4
14655 4
14656 4
14657 4
14658 4
14659 4
14660 8
14661 4
14662 8
14663 4
14664 4
14665 4
14666 4
14667 4
14668 4
14669 4
14670 8
14671 4
14672 8
14673 4
14674 4
14675 4
14676 4
14677 4
14678 4
14679 4
14680 8
14681 4
14682 8
14683 4
14684 8
14685 4
14686 4
14687 4
14688 4
14689 4
14690 8
14691 4
14692 8
14693 4
14694 8
14695 4
14696 4
14697 4
14698 4
14699 4
14700 8
14701 4
14702 8
14703 4
14704 8
14705 4
14706 4
14707 4
14708 4
14709 4
14710 4
14711 4
14712 8
14713 4
14714 8
14715 4
14716 4
14717 4
14718 4
14719 4
14720 4
14721 4
14722 8
14723 4
14724 8
14725 4
14726 4
14727 4
14728 4
14729 4
14730 4
14731 4
14732 8
14733 4
14734 8
14735 4
14736 8
14737 4
14738 4
14739 4
14740 4
14741 4
14742 8
14743 4
14744 8
14745 4
14746 8
14747 4
14748 4
14749 4
14750 4
14751 4
14752 8
14753 4
14754 8
14755 4
14756 8
14757 4
14758 4
14759 4
14760 4
14761 4
14762 4
14763 4
14764 8
14765 4
14766 8
14767 4
14768 4
14769 4
14770 4
14771 4
14772 4
14773 4
14774 8
14775 4
14776 8
14777 4
14778 4
14779 4
14780 4
14781 4
14782 4
14783 4
14784 8
14785 4
14786 8
14787 4
14788 8
14789 4
14790 4
14791 4
14792 4
14793 4
14794 8
14795 4
14796 8
14797 4
14798 8
14799 4
14800 4
14801 4
14802 4
14803 4
14804 8
14805 4
14806 8
14807 4
14808 8
14809 4
14810 4
14811 4
14812 4
14813 4
14814 4
14815 4
14816 8
14817 4
14818 8
14819 4
14820 4
14821 4
14822 4
14823 4
14824 4
14825 4
14826 8
14827 4
14828 8
14829 4
14830 4
14831 4
14832 4
14833 4
14834 4
14835 4
14836 8
14837 4
14838 8
14839 4
14840 4
14841 4
14842 4
14843 4
14844 4
14845 4
14846 8
14847 4
14848 8
14849 4
14850 8
14851 4
14852 4
14853 4
14854 4
14855 4
14856 8
14857 4
14858 8
14859 4
14860 8
14861 4
14862 4
14863 4
14864 4
14865 4
14866 8
14867 4
14868 8
14869 4
14870 8
14871 4
14872 4
14873 4
14874 4
14875 4
14876 4
14877 4
14878 8
14879 4
14880 8
14881 4
14882 4
14883 4
14884 4
14885 4
14886 4
14887 4
14888 8
14889 4
14890 8
14891 4
14892 4
14893 4
14894 4
14895 4
14896 4
14897 4
14898 8
14899 4
14900 8
14901 4
14902 8
14903 4
14904 4
14905 4
14906 4
14907 4
14908 8
14909 4
14910 8
14911 4
14912 8
14913 4
14914 4
14915 4
14916 4
14917 4
14918 8
14919 4
14920 8
14921 4
14922 8
14923 4
14924 4
14925 4
14926 4
14927 4
14928 4
14929 4
14930 8
14931 4
14932 8
14933 4
14934 4
14935 4
14936 4
14937 4
14938 4
14939 4
14940 8
14941 4
14942 8
14943 4
14944 4
14945 4
14946 4
14947 4
14948 4
14949 4
14950 8
14951 4
14952 8
14953 4
14954 8
14955 4
14956 4
14957 4
14958 4
14959 4
14960 8
14961 4
14962 8
14963 4
14964 8
14965 4
14966 4
14967 4
14968 4
14969 4
14970 8
14971 4
14972 8
14973 4
14974 8
14975 4
14976 4
14977 4
14978 4
14979 4
14980 4
14981 4
14982 8
14983 4
14984 8
14985 4
14986 4
14987 4
14988 4
14989 4
14990 4
14991 4
14992 8
14993 4
14994 8
14995 4
14996 4
14997 4
14998 4
14999 4
15000 4
15001 4
15002 8
15003 4
15004 8
15005 4
15006 8
15007 4
15008 4
15009 4
15010 4
15011 4
15012 8
15013 4
15014 8
15015 4
15016 8
15017 4
15018 4
15019 4
15020 4
15021 4
15022 8
15023 4
15024 8
15025 4
15026 8
15027 4
15028 4
15029 4
15030 4
15031 4
15032 4
15033 4
15034 8
15035 4
15036 8
15037 4
15038 4
15039 4
15040 4
15041 4
15042 4
15043 4
15044 8
15045 4
15046 8
15047 4
15048 4
15049 4
15050 4
15051 4
15052 4
15053 4
15054 8
15055 4
15056 8
15057 4
15058 8
15059 4
15060 4
15061 4
15062 4
15063 4
15064 8
15065 4
15066 8
15067 4
15068 8
15069 4
15070 4
15071 4
15072 4
15073 4
15074 8
15075 4
15076 8
15077 4
15078 8
15079 4
15080 4
15081 4
15082 4
15083 4
15084 4
15085 4
15086 8
15087 4
15088 8
15089 4
15090 4
15091 4
15092 4
15093 4
15094 4
15095 4
15096 8
15097 4
15098 8
15099 4
15100 4
15101 4
15102 4
15103 4
15104 4
15105 4
15106 8
15107 4
15108 8
15109 4
15110 8
15111 4
15112 4
15113 4
15114 4
15115 4
15116 8
15117 4
15118 8
15119 4
15120 8
15121 4
15122 4
15123 4
15124 4
15125 4
15126 8
15127 4
15128 8
15129 4
15130 8
15131 4
15132 4
15133 4
15134 4
15135 4
15136 4
15137 4
15138 8
15139 4
15140 8
15141 4
15142 4
15143 4
15144 4
15145 4
15146 4
15147 4
15148 8
15149 4
15150 8
15151 4
15152 4
15153 4
15154 4
15155 4
15156 4
15157 4
15158 8
15159 4
15160 8
15161 4
15162 8
15163 4
15164 4
15165 4
15166 4
15167 4
15168 8
15169 4
15170 8
15171 4
15172 8
15173 4
15174 4
15175 4
15176 4
15177 4
15178 8
15179 4
15180 8
15181 4
15182 8
15183 4
15184 4
15185 4
15186 4
15187 4
15188 4
15189 4
15190 8
15191 4
15192 8
15193 4
15194 4
15195 4
15196 4
15197 4
15198 4
15199 4
15200 8
15201 4
15202 8
15203 4
15204 4
15205 4
15206 4
15207 4
15208 4
15209 4
15210 8
15211 4
15212 8
15213 4
15214 8
15215 4
15216 4
15217 4
15218 4
15219 4
15220 8
15221 4
15222 8
15223 4
15224 8
15225 4
15226 4
15227 4
15228 4
15229 4
15230 8
15231 4
15232 8
15233 4
15234 8
15235 4
15236 4
15237 4
15238 4
15239 4
15240 4
15241 4
15242 8
15243 4
15244 8
15245 4
15246 4
15247 4
15248 4
15249 4
15250 4
15251 4
15252 8
15253 4
15254 8
15255 4
15256 4
15257 4
15258 4
15259 4
15260 4
15261 4
15262 8
15263 4
15264 8
15265 4
15266 4
15267 4
15268 4
15269 4
15270 4
15271 4
15272 8
15273 4
15274 8
15275 4
15276 8
15277 4
15278 4
15279 4
15280 4
15281 4
15282 8
15283 4
15284 8
15285 4
15286 8
15287 4
15288 4
15289 4
15290 4
15291 4
15292 8
15293 4
15294 8
15295 4
15296 8
15297 4
15298 4
15299 4
15300 4
15301 4
15302 4
15303 4
15304 8
15305 4
15306 8
15307 4
15308 4
15309 4
15310 4
15311 4
15312 4
15313 4
15314 8
15315 4
15316 8
15317 4
15318 4
15319 4
15320 4
15321 4
15322 4
15323 4
15324 8
15325 4
15326 8
15327 4
15328 8
15329 4
15330 4
15331 4
15332 4
15333 4
15334 8
15335 4
15336 8
15337 4
15338 8
15339 4
15340 4
15341 4
15342 4
15343 4
15344 8
15345 4
15346 8
15347 4
15348 8
15349 4
15350 4
15351 4
15352 4
15353 4
15354 4
15355 4
15356 8
15357 4
15358 8
15359 4
15360 4
15361 4
15362 4
15363 4
15364 4
15365 4
15366 8
15367 4
15368 8
15369 4
15370 4
15371 4
15372 4
15373 4
15374 4
15375 4
15376 8
15377 4
15378 8
15379 4
15380 8
15381 4
15382 4
15383 4
15384 4
15385 4
15386 8
15387 4
15388 8
15389 4
15390 8
15391 4
15392 4
15393 4
15394 4
15395 4
15396 8
15397 4
15398 8
15399 4
15400 8
15401 4
15402 4
15403 4
15404 4
15405 4
15406 4
15407 4
15408 8
15409 4
15410 8
15411 4
15412 4
15413 4
15414 4
15415 4
15416 4
15417 4
15418 8
15419 4
15420 8
15421 4
15422 4
15423 4
15424 4
15425 4
15426 4
15427 4
15428 8
15429 4
15430 8
15431 4
15432 8
15433 4
15434 4
15435 4
15436 4
15437 4
15438 8
15439 4
15440 8
15441 4
15442 8
15443 4
15444 4
15445 4
15446 4
15447 4
15448 8
15449 4
15450 8
15451 4
15452 8
15453 4
15454 4
15455 4
15456 4
15457 4
15458 4
15459 4
15460 8
15461 4
15462 8
15463 4
15464 4
15465 4
15466 4
15467 4
15468 4
15469 4
15470 8
15471 4
15472 8
15473 4
15474 4
15475 4
15476 4
15477 4
15478 4
15479 4
15480 8
15481 4
15482 8
15483 4
15484 8
15485 4
15486 4
15487 4
15488 4
15489 4
15490 8
15491 4
15492 8
15493 4
15494 8
15495 4
15496 4
15497 4
15498 4
15499 4
15500 8
15501 4
15502 8
15503 4
15504 8
15505 4
15506 4
15507 4
15508 4
15509 4
15510 4
15511 4
15512 8
15513 4
15514 8
15515 4
15516 4
15517 4
15518 4
15519 4
15520 4
15521 4
15522 8
15523 4
15524 8
15525 4
15526 4
15527 4
15528 4
15529 4
15530 4
15531 4
15532 8
15533 4
15534 8
15535 4
15536 8
15537 4
15538 4
15539 4
15540 4
15541 4
15542 8
15543 4
15544 8
15545 4
15546 8
15547 4
15548 4
15549 4
15550 4
15551 4
15552 8
15553 4
15554 8
15555 4
15556 8
15557 4
15558 4
15559 4
15560 4
15561 4
15562 4
15563 4
15564 8
15565 4
15566 8
15567 4
15568 4
15569 4
15570 4
15571 4
15572 4
15573 4
15574 8
15575 4
15576 8
15577 4
15578 4
15579 4
15580 4
15581 4
15582 4
15583 4
15584 8
15585 4
15586 8
15587 4
15588 8
15589 4
15590 4
15591 4
15592 4
15593 4
15594 8
15595 4
15596 8
15597 4
15598 8
15599 4
15600 4
15601 4
15602 4
15603 4
15604 8
15605 4
15606 8
15607 4
15608 8
15609 4
15610 4
15611 4
15612 4
15613 4
15614 4
15615 4
15616 8
15617 4
15618 8
15619 4
15620 4
15621 4
15622 4
15623 4
15624 4
15625 4
15626 8
15627 4
15628 8
15629 4
15630 4
15631 4
15632 4
15633 4
15634 4
15635 4
15636 8
15637 4
15638 8
15639 4
15640 8
15641 4
15642 4
15643 4
15644 4
15645 4
15646 8
15647 4
15648 8
15649 4
15650 8
15651 4
15652 4
15653 4
15654 4
15655 4
15656 8
15657 4
15658 8
15659 4
15660 8
15661 4
15662 4
15663 4
15664 4
15665 4
15666 4
15667 4
15668 8
15669 4
15670 8
15671 4
15672 4
15673 4
15674 4
15675 4
15676 4
15677 4
15678 8
15679 4
15680 8
15681 4
15682 4
15683 4
15684 4
15685 4
15686 4
15687 4
15688 8
15689 4
15690 8
15691 4
15692 4
15693 4
15694 4
15695 4
15696 4
15697 4
15698 8
15699 4
15700 8
15701 4
15702 8
15703 4
15704 4
15705 4
15706 4
15707 4
15708 8
15709 4
15710 8
15711 4
15712 8
15713 4
15714 4
15715 4
15716 4
15717 4
15718 8
15719 4
15720 8
15721 4
15722 8
15723 4
15724 4
15725 4
15726 4
15727 4
15728 4
15729 4
15730 8
15731 4
15732 8
15733 4
15734 4
15735 4
15736 4
15737 4
15738 4
15739 4
15740 8
15741 4
15742 8
15743 4
15744 4
15745 4
15746 4
15747 4
15748 4
15749 4
15750 8
15751 4
15752 8
15753 4
15754 8
15755 4
15756 4
15757 4
15758 4
15759 4
15760 8
15761 4
15762 8
15763 4
15764 8
15765 4
15766 4
15767 4
15768 4
15769 4
15770 8
15771 4
15772 8
15773 4
15774 8
15775 4
15776 4
15777 4
15778 4
15779 4
15780 4
15781 4
15782 8
15783 4
15784 8
15785 4
15786 4
15787 4
15788 4
15789 4
15790 4
15791 4
15792 8
15793 4
15794 8
15795 4
15796 4
15797 4
15798 4
15799 4
15800 4
15801 4
15802 8
15803 4
15804 8
15805 4
15806 8
15807 4
15808 4
15809 4
15810 4
15811 4
15812 8
15813 4
15814 8
15815 4
15816 8
15817 4
15818 4
15819 4
15820 4
15821 4
15822 8
15823 4
15824 8
15825 4
15826 8
15827 4
15828 4
15829 4
15830 4
15831 4
15832 4
15833 4
15834 8
15835 4
15836 8
15837 4
15838 4
15839 4
15840 4
15841 4
15842 4
15843 4
15844 8
15845 4
15846 8
15847 4
15848 4
15849 4
15850 4
15851 4
15852 4
15853 4
15854 8
15855 4
15856 8
15857 4
15858 8
15859 4
15860 4
15861 4
15862 4
15863 4
15864 8
15865 4
15866 8
15867 4
15868 8
15869 4
15870 4
15871 4
15872 4
15873 4
15874 8
15875 4
15876 8
15877 4
15878 8
15879 4
15880 4
15881 4
15882 4
15883 4
15884 4
15885 4
15886 8
15887 4
15888 8
15889 4
15890 4
15891 4
15892 4
15893 4
15894 4
15895 4
15896 8
15897 4
15898 8
15899 4
15900 4
15901 4
15902 4
15903 4
15904 4
15905 4
15906 8
15907 4
15908 8
15909 4
15910 8
15911 4
15912 4
15913 4
15914 4
15915 4
15916 8
15917 4
15918 8
15919 4
15920 8
15921 4
15922 4
15923 4
15924 4
15925 4
15926 8
15927 4
15928 8
15929 4
15930 8
15931 4
15932 4
15933 4
15934 4
15935 4
15936 4
15937 4
15938 8
15939 4
15940 8
15941 4
15942 4
15943 4
15944 4
15945 4
15946 4
15947 4
15948 8
15949 4
15950 8
15951 4
15952 4
15953 4
15954 4
15955 4
15956 4
15957 4
15958 8
15959 4
15960 8
15961 4
15962 8
15963 4
15964 4
15965 4
15966 4
15967 4
15968 8
15969 4
15970 8
15971 4
15972 8
15973 4
15974 4
15975 4
15976 4
15977 4
15978 8
15979 4
15980 8
15981 4
15982 8
15983 4
15984 4
15985 4
15986 4
15987 4
15988 4
15989 4
15990 8
15991 4
15992 8
15993 4
15994 4
15995 4
15996 4
15997 4
15998 4
15999 4
16000 8
16001 4
16002 8
16003 4
16004 4
16005 4
16006 4
16007 4
16008 4
16009 4
16010 8
16011 4
16012 8
16013 4
16014 8
16015 4
16016 4
16017 4
16018 4
16019 4
16020 8
16021 4
16022 8
16023 4
16024 8
16025 4
16026 4
16027 4
16028 4
16029 4
16030 8
16031 4
16032 8
16033 4
16034 8
16035 4
16036 4
16037 4
16038 4
16039 4
16040 4
16041 4
16042 8
16043 4
16044 8
16045 4
16046 4
16047 4
16048 4
16049 4
16050 4
16051 4
16052 8
16053 4
16054 8
16055 4
16056 4
16057 4
16058 4
16059 4
16060 4
16061 4
16062 8
16063 4
16064 8
16065 4
16066 8
16067 4
16068 4
16069 4
16070 4
16071 4
16072 8
16073 4
16074 8
16075 4
16076 8
16077 4
16078 4
16079 4
16080 4
16081 4
16082 8
16083 4
16084 8
16085 4
16086 8
16087 4
16088 4
16089 4
16090 4
16091 4
16092 4
16093 4
16094 8
16095 4
16096 8
16097 4
16098 4
16099 4
16100 4
16101 4
16102 4
16103 4
16104 8
16105 4
16106 8
16107 4
16108 4
16109 4
16110 4
16111 4
16112 4
16113 4
16114 8
16115 4
16116 8
16117 4
16118 8
16119 4
16120 4
16121 4
16122 4
16123 4
16124 8
16125 4
16126 8
16127 4
16128 8
16129 4
16130 4
16131 4
16132 4
16133 4
16134 8
16135 4
16136 8
16137 4
16138 8
16139 4
16140 4
16141 4
16142 4
16143 4
16144 8
16145 4
16146 8
16147 4
16148 8
16149 4
16150 4
16151 4
16152 4
16153 4
16154 4
16155 4
16156 8
16157 4
16158 8
16159 4
16160 4
16161 4
16162 4
16163 4
16164 4
16165 4
16166 8
16167 4
16168 8
16169 4
16170 4
16171 4
16172 4
16173 4
16174 4
16175 4
16176 8
16177 4
16178 8
16179 4
16180 8
16181 4
16182 4
16183 4
16184 4
16185 4
16186 8
16187 4
16188 8
16189 4
16190 8
16191 4
16192 4
16193 4
16194 4
16195 4
16196 8
16197 4
16198 8
16199 4
16200 8
16201 4
16202 4
16203 4
16204 4
16205 4
16206 4
16207 4
16208 8
16209 4
16210 8
16211 4
16212 4
16213 4
16214 4
16215 4
16216 4
16217 4
16218 8
16219 4
16220 8
16221 4
16222 4
16223 4
16224 4
16225 4
16226 4
16227 4
16228 8
16229 4
16230 8
16231 4
16232 8
16233 4
16234 4
16235 4
16236 4
16237 4
16238 8
16239 4
16240 8
16241 4
16242 8
16243 4
16244 4
16245 4
16246 4
16247 4
16248 8
16249 4
16250 8
16251 4
16252 8
16253 4
16254 4
16255 4
16256 4
16257 4
16258 4
16259 4
16260 8
16261 4
16262 8
16263 4
16264 4
16265 4
16266 4
16267 4
16268 4
16269 4
16270 8
16271 4
16272 8
16273 4
16274 4
16275 4
16276 4
16277 4
16278 4
16279 4
16280 8
16281 4
16282 8
16283 4
16284 8
16285 4
16286 4
16287 4
16288 4
16289 4
16290 8
16291 4
16292 8
16293 4
16294 8
16295 4
16296 4
16297 4
16298 4
16299 4
16300 8
16301 4
16302 8
16303 4
16304 8
16305 4
16306 4
16307 4
16308 4
16309 4
16310 4
16311 4
16312 8
16313 4
16314 8
16315 4
16316 4
16317 4
16318 4
16319 4
16320 4
16321 4
16322 8
16323 4
16324 8
16325 4
16326 4
16327 4
16328 4
16329 4
16330 4
16331 4
16332 8
16333 4
16334 8
16335 4
16336 8
16337 4
16338 4
16339 4
16340 4
16341 4
16342 8
16343 4
16344 8
16345 4
16346 8
16347 4
16348 4
16349 4
16350 4
16351 4
16352 8
16353 4
16354 8
16355 4
16356 8
16357 4
16358 4
16359 4
16360 4
16361 4
16362 4
16363 4
16364 8
16365 4
16366 8
16367 4
16368 4
16369 4
16370 4
16371 4
16372 4
16373 4
16374 8
16375 4
16376 8
16377 4
16378 4
16379 4
16380 4
16381 4
16382 4
16383 4
16384 8
16385 4
16386 8
16387 4
16388 8
16389 4
16390 4
16391 4
16392 4
16393 4
16394 8
16395 4
16396 8
16397 4
16398 8
16399 4
16400 4
16401 4
16402 4
16403 4
16404 8
16405 4
16406 8
16407 4
16408 8
16409 4
16410 4
16411 4
16412 4
16413 4
16414 4
16415 4
16416 8
16417 4
16418 8
16419 4
16420 4
16421 4
16422 4
16423 4
16424 4
16425 4
16426 8
16427 4
16428 8
16429 4
16430 4
16431 4
16432 4
16433 4
16434 4
16435 4
16436 8
16437 4
16438 8
16439 4
16440 8
16441 4
16442 4
16443 4
16444 4
16445 4
16446 8
16447 4
16448 8
16449 4
16450 8
16451 4
16452 4
16453 4
16454 4
16455 4
16456 8
16457 4
16458 8
16459 4
16460 8
16461 4
16462 4
16463 4
16464 4
16465 4
16466 4
16467 4
16468 8
16469 4
16470 8
16471 4
16472 4
16473 4
16474 4
16475 4
16476 4
16477 4
16478 8
16479 4
16480 8
16481 4
16482 4
16483 4
16484 4
16485 4
16486 4
16487 4
16488 8
16489 4
16490 8
16491 4
16492 8
16493 4
16494 4
16495 4
16496 4
16497 4
16498 8
16499 4
16500 8
16501 4
16502 8
16503 4
16504 4
16505 4
16506 4
16507 4
16508 8
16509 4
16510 8
16511 4
16512 8
16513 4
16514 4
16515 4
16516 4
16517 4
16518 4
16519 4
16520 8
16521 4
16522 8
16523 4
16524 4
16525 4
16526 4
16527 4
16528 4
16529 4
16530 8
16531 4
16532 8
16533 4
16534 4
16535 4
16536 4
16537 4
16538 4
16539 4
16540 8
16541 4
16542 8
16543 4
16544 8
16545 4
16546 4
16547 4
16548 4
16549 4
16550 8
16551 4
16552 8
16553 4
16554 8
16555 4
16556 4
16557 4
16558 4
16559 4
16560 8
16561 4
16562 8
16563 4
16564 8
16565 4
16566 4
16567 4
16568 4
16569 4
16570 8
16571 4
16572 8
16573 4
16574 8
16575 4
16576 4
16577 4
16578 4
16579 4
16580 4
16581 4
16582 8
16583 4
16584 8
16585 4
16586 4
16587 4
16588 4
16589 4
16590 4
16591 4
16592 8
16593 4
16594 8
16595 4
16596 4
16597 4
16598 4
16599 4
16600 4
16601 4
16602 8
16603 4
16604 8
16605 4
16606 8
16607 4
16608 4
16609 4
16610 4
16611 4
16612 8
16613 4
16614 8
16615 4
16616 8
16617 4
16618 4
16619 4
16620 4
16621 4
16622 8
16623 4
16624 8
16625 4
16626 8
16627 4
16628 4
16629 4
16630 4
16631 4
16632 4
16633 4
16634 8
16635 4
16636 8
16637 4
16638 4
16639 4
16640 4
16641 4
16642 4
16643 4
16644 8
16645 4
16646 8
16647 4
16648 4
16649 4
16650 4
16651 4
16652 4
16653 4
16654 8
16655 4
16656 8
16657 4
16658 8
16659 4
16660 4
16661 4
16662 4
16663 4
16664 8
16665 4
16666 8
16667 4
16668 8
16669 4
16670 4
16671 4
16672 4
16673 4
16674 8
16675 4
16676 8
16677 4
16678 8
16679 4
16680 4
16681 4
16682 4
16683 4
16684 4
16685 4
16686 8
16687 4
16688 8
16689 4
16690 4
16691 4
16692 4
16693 4
16694 4
16695 4
16696 8
16697 4
16698 8
16699 4
16700 4
16701 4
16702 4
16703 4
16704 4
16705 4
16706 8
16707 4
16708 8
16709 4
16710 8
16711 4
16712 4
16713 4
16714 4
16715 4
16716 8
16717 4
16718 8
16719 4
16720 8
16721 4
16722 4
16723 4
16724 4
16725 4
16726 8
16727 4
16728 8
16729 4
16730 8
16731 4
16732 4
16733 4
16734 4
16735 4
16736 4
16737 4
16738 8
16739 4
16740 8
16741 4
16742 4
16743 4
16744 4
16745 4
16746 4
16747 4
16748 8
16749 4
16750 8
16751 4
16752 4
16753 4
16754 4
16755 4
16756 4
16757 4
16758 8
16759 4
16760 8
16761 4
16762 8
16763 4
16764 4
16765 4
16766 4
16767 4
16768 8
16769 4
16770 8
16771 4
16772 8
16773 4
16774 4
16775 4
16776 4
16777 4
16778 8
16779 4
16780 8
16781 4
16782 8
16783 4
16784 4
16785 4
16786 4
16787 4
16788 4
16789 4
16790 8
16791 4
16792 8
16793 4
16794 4
16795 4
16796 4
16797 4
16798 4
16799 4
16800 8
16801 4
16802 8
16803 4
16804 4
16805 4
16806 4
16807 4
16808 4
16809 4
16810 8
16811 4
16812 8
16813 4
16814 8
16815 4
16816 4
16817 4
16818 4
16819 4
16820 8
16821 4
16822 8
16823 4
16824 8
16825 4
16826 4
16827 4
16828 4
16829 4
16830 8
16831 4
16832 8
16833 4
16834 8
16835 4
16836 4
16837 4
16838 4
16839 4
16840 4
16841 4
16842 8
16843 4
16844 8
16845 4
16846 4
16847 4
16848 4
16849 4
16850 4
16851 4
16852 8
16853 4
16854 8
16855 4
16856 4
16857 4
16858 4
16859 4
16860 4
16861 4
16862 8
16863 4
16864 8
16865 4
16866 8
16867 4
16868 4
16869 4
16870 4
16871 4
16872 8
16873 4
16874 8
16875 4
16876 8
16877 4
16878 4
16879 4
16880 4
16881 4
16882 8
16883 4
16884 8
16885 4
16886 8
16887 4
16888 4
16889 4
16890 4
16891 4
16892 4
16893 4
16894 8
16895 4
16896 8
16897 4
16898 4
16899 4
16900 4
16901 4
16902 4
16903 4
16904 8
16905 4
16906 8
16907 4
16908 4
16909 4
16910 4
16911 4
16912 4
16913 4
16914 8
16915 4
16916 8
16917 4
16918 8
16919 4
16920 4
16921 4
16922 4
16923 4
16924 8
16925 4
16926 8
16927 4
16928 8
16929 4
16930 4
16931 4
16932 4
16933 4
16934 8
16935 4
16936 8
16937 4
16938 8
16939 4
16940 4
16941 4
16942 4
16943 4
16944 4
16945 4
16946 8
16947 4
16948 8
16949 4
16950 4
16951 4
16952 4
16953 4
16954 4
16955 4
16956 8
16957 4
16958 8
16959 4
16960 4
16961 4
16962 4
16963 4
16964 4
16965 4
16966 8
16967 4
16968 8
16969 4
16970 8
16971 4
16972 4
16973 4
16974 4
16975 4
16976 8
16977 4
16978 8
16979 4
16980 8
16981 4
16982 4
16983 4
16984 4
16985 4
16986 8
16987 4
16988 8
16989 4
16990 8
16991 4
16992 4
16993 4
16994 4
16995 4
16996 8
16997 4
16998 8
16999 4
17000 8
17001 4
17002 4
17003 4
17004 4
17005 4
17006 4
17007 4
17008 8
17009 4
17010 8
17011 4
17012 4
17013 4
17014 4
17015 4
17016 4
17017 4
17018 8
17019 4
17020 8
17021 4
17022 4
17023 4
17024 4
17025 4
17026 4
17027 4
17028 8
17029 4
17030 8
17031 4
17032 8
17033 4
17034 4
17035 4
17036 4
17037 4
17038 8
17039 4
17040 8
17041 4
17042 8
17043 4
17044 4
17045 4
17046 4
17047 4
17048 8
17049 4
17050 8
17051 4
17052 8
17053 4
17054 4
17055 4
17056 4
17057 4
17058 4
17059 4
17060 8
17061 4
17062 8
17063 4
17064 4
17065 4
17066 4
17067 4
17068 4
17069 4
17070 8
17071 4
17072 8
17073 4
17074 4
17075 4
17076 4
17077 4
17078 4
17079 4
17080 8
17081 4
17082 8
17083 4
17084 8
17085 4
17086 4
17087 4
17088 4
17089 4
17090 8
17091 4
17092 8
17093 4
17094 8
17095 4
17096 4
17097 4
17098 4
17099 4
17100 8
17101 4
17102 8
17103 4
17104 8
17105 4
17106 4
17107 4
17108 4
17109 4
17110 4
17111 4
17112 8
17113 4
17114 8
17115 4
17116 4
17117 4
17118 4
17119 4
17120 4
17121 4
17122 8
17123 4
17124 8
17125 4
17126 4
17127 4
17128 4
17129 4
17130 4
17131 4
17132 8
17133 4
17134 8
17135 4
17136 8
17137 4
17138 4
17139 4
17140 4
17141 4
17142 8
17143 4
17144 8
17145 4
17146 8
17147 4
17148 4
17149 4
17150 4
17151 4
17152 8
17153 4
17154 8
17155 4
17156 8
17157 4
17158 4
17159 4
17160 4
17161 4
17162 4
17163 4
17164 8
17165 4
17166 8
17167 4
17168 4
17169 4
17170 4
17171 4
17172 4
17173 4
17174 8
17175 4
17176 8
17177 4
17178 4
17179 4
17180 4
17181 4
17182 4
17183 4
17184 8
17185 4
17186 8
17187 4
17188 8
17189 4
17190 4
17191 4
17192 4
17193 4
17194 8
17195 4
17196 8
17197 4
17198 8
17199 4
17200 4
17201 4
17202 4
17203 4
17204 8
17205 4
17206 8
17207 4
17208 8
17209 4
17210 4
17211 4
17212 4
17213 4
17214 4
17215 4
17216 8
17217 4
17218 8
17219 4
17220 4
17221 4
17222 4
17223 4
17224 4
17225 4
17226 8
17227 4
17228 8
17229 4
17230 4
17231 4
17232 4
17233 4
17234 4
17235 4
17236 8
17237 4
17238 8
17239 4
17240 8
17241 4
17242 4
17243 4
17244 4
17245 4
17246 8
17247 4
17248 8
17249 4
17250 8
17251 4
17252 4
17253 4
17254 4
17255 4
17256 8
17257 4
17258 8
17259 4
17260 8
17261 4
17262 4
17263 4
17264 4
17265 4
17266 4
17267 4
17268 8
17269 4
17270 8
17271 4
17272 4
17273 4
17274 4
17275 4
17276 4
17277 4
17278 8
17279 4
17280 8
17281 4
17282 4
17283 4
17284 4
17285 4
17286 4
17287 4
17288 8
17289 4
17290 8
17291 4
17292 8
17293 4
17294 4
17295 4
17296 4
17297 4
17298 8
17299 4
17300 8
17301 4
17302 8
17303 4
17304 4
17305 4
17306 4
17307 4
17308 8
17309 4
17310 8
17311 4
17312 8
17313 4
17314 4
17315 4
17316 4
17317 4
17318 4
17319 4
17320 8
17321 4
17322 8
17323 4
17324 4
17325 4
17326 4
17327 4
17328 4
17329 4
17330 8
17331 4
17332 8
17333 4
17334 4
17335 4
17336 4
17337 4
17338 4
17339 4
17340 8
17341 4
17342 8
17343 4
17344 8
17345 4
17346 4
17347 4
17348 4
17349 4
17350 8
17351 4
17352 8
17353 4
17354 8
17355 4
17356 4
17357 4
17358 4
17359 4
17360 8
17361 4
17362 8
17363 4
17364 8
17365 4
17366 4
17367 4
17368 4
17369 4
17370 4
17371 4
17372 8
17373 4
17374 8
17375 4
17376 4
17377 4
17378 4
17379 4
17380 4
17381 4
17382 8
17383 4
17384 8
17385 4
17386 4
17387 4
17388 4
17389 4
17390 4
17391 4
17392 8
17393 4
17394 8
17395 4
17396 8
17397 4
17398 4
17399 4
17400 4
17401 4
17402 8
17403 4
17404 8
17405 4
17406 8
17407 4
17408 4
17409 4
17410 4
17411 4
17412 8
17413 4
17414 8
17415 4
17416 8
17417 4
17418 4
17419 4
17420 4
17421 4
17422 8
17423 4
17424 8
17425 4
17426 8
17427 4
17428 4
17429 4
17430 4
17431 4
17432 4
17433 4
17434 8
17435 4
17436 8
17437 4
17438 4
17439 4
17440 4
17441 4
17442 4
17443 4
17444 8
17445 4
17446 8
17447 4
17448 4
17449 4
17450 4
17451 4
17452 4
17453 4
17454 8
17455 4
17456 8
17457 4
17458 8
17459 4
17460 4
17461 4
17462 4
17463 4
17464 8
17465 4
17466 8
17467 4
17468 8
17469 4
17470 4
17471 4
17472 4
17473 4
17474 8
17475 4
17476 8
17477 4
17478 8
17479 4
17480 4
17481 4
17482 4
17483 4
17484 4
17485 4
17486 8
17487 4
17488 8
17489 4
17490 4
17491 4
17492 4
17493 4
17494 4
17495 4
17496 8
17497 4
17498 8
17499 4
17500 4
17501 4
17502 4
17503 4
17504 4
17505 4
17506 8
17507 4
17508 8
17509 4
17510 8
17511 4
17512 4
17513 4
17514 4
17515 4
17516 8
17517 4
17518 8
17519 4
17520 8
17521 4
17522 4
17523 4
17524 4
17525 4
17526 8
17527 4
17528 8
17529 4
17530 8
17531 4
17532 4
17533 4
17534 4
17535 4
17536 4
17537 4
17538 8
17539 4
17540 8
17541 4
17542 4
17543 4
17544 4
17545 4
17546 4
17547 4
17548 8
17549 4
17550 8
17551 4
17552 4
17553 4
17554 4
17555 4
17556 4
17557 4
17558 8
17559 4
17560 8
17561 4
17562 8
17563 4
17564 4
17565 4
17566 4
17567 4
17568 8
17569 4
17570 8
17571 4
17572 8
17573 4
17574 4
17575 4
17576 4
17577 4
17578 8
17579 4
17580 8
17581 4
17582 8
17583 4
17584 4
17585 4
17586 4
17587 4
17588 4
17589 4
17590 8
17591 4
17592 8
17593 4
17594 4
17595 4
17596 4
17597 4
17598 4
17599 4
17600 8
17601 4
17602 8
17603 4
17604 4
17605 4
17606 4
17607 4
17608 4
17609 4
17610 8
17611 4
17612 8
17613 4
17614 8
17615 4
17616 4
17617 4
17618 4
17619 4
17620 8
17621 4
17622 8
17623 4
17624 8
17625 4
17626 4
17627 4
17628 4
17629 4
17630 8
17631 4
17632 8
17633 4
17634 8
17635 4
17636 4
17637 4
17638 4
17639 4
17640 4
17641 4
17642 8
17643 4
17644 8
17645 4
17646 4
17647 4
17648 4
17649 4
17650 4
17651 4
17652 8
17653 4
17654 8
17655 4
17656 4
17657 4
17658 4
17659 4
17660 4
17661 4
17662 8
17663 4
17664 8
17665 4
17666 8
17667 4
17668 4
17669 4
17670 4
17671 4
17672 8
17673 4
17674 8
17675 4
17676 8
17677 4
17678 4
17679 4
17680 4
17681 4
17682 8
17683 4
17684 8
17685 4
17686 8
17687 4
17688 4
17689 4
17690 4
17691 4
17692 4
17693 4
17694 8
17695 4
17696 8
17697 4
17698 4
17699 4
17700 4
17701 4
17702 4
17703 4
17704 8
17705 4
17706 8
17707 4
17708 4
17709 4
17710 4
17711 4
17712 4
17713 4
17714 8
17715 4
17716 8
17717 4
17718 8
17719 4
17720 4
17721 4
17722 4
17723 4
17724 8
17725 4
17726 8
17727 4
17728 8
17729 4
17730 4
17731 4
17732 4
17733 4
17734 8
17735 4
17736 8
17737 4
17738 8
17739 4
17740 4
17741 4
17742 4
17743 4
17744 4
17745 4
17746 8
17747 4
17748 8
17749 4
17750 4
17751 4
17752 4
17753 4
17754 4
17755 4
17756 8
17757 4
17758 8
17759 4
17760 4
17761 4
17762 4
17763 4
17764 4
17765 4
17766 8
17767 4
17768 8
17769 4
17770 8
17771 4
17772 4
17773 4
17774 4
17775 4
17776 8
17777 4
17778 8
17779 4
17780 8
17781 4
17782 4
17783 4
17784 4
17785 4
17786 8
17787 4
17788 8
17789 4
17790 8
17791 4
17792 4
17793 4
17794 4
17795 4
17796 4
17797 4
17798 8
17799 4
17800 8
17801 4
17802 4
17803 4
17804 4
17805 4
17806 4
17807 4
17808 8
17809 4
17810 8
17811 4
17812 4
17813 4
17814 4
17815 4
17816 4
17817 4
17818 8
17819 4
17820 8
17821 4
17822 8
17823 4
17824 4
17825 4
17826 4
17827 4
17828 8
17829 4
17830 8
17831 4
17832 8
17833 4
17834 4
17835 4
17836 4
17837 4
17838 8
17839 4
17840 8
17841 4
17842 8
17843 4
17844 4
17845 4
17846 4
17847 4
17848 8
17849 4
17850 8
17851 4
17852 8
17853 4
17854 4
17855 4
17856 4
17857 4
17858 4
17859 4
17860 8
17861 4
17862 8
17863 4
17864 4
17865 4
17866 4
17867 4
17868 4
17869 4
17870 8
17871 4
17872 8
17873 4
17874 4
17875 4
17876 4
17877 4
17878 4
17879 4
17880 8
17881 4
17882 8
17883 4
17884 8
17885 4
17886 4
17887 4
17888 4
17889 4
17890 8
17891 4
17892 8
17893 4
17894 8
17895 4
17896 4
17897 4
17898 4
17899 4
17900 8
17901 4
17902 8
17903 4
17904 8
17905 4
17906 4
17907 4
17908 4
17909 4
17910 4
17911 4
17912 8
17913 4
17914 8
17915 4
17916 4
17917 4
17918 4
17919 4
17920 4
17921 4
17922 8
17923 4
17924 8
17925 4
17926 4
17927 4
17928 4
17929 4
17930 4
17931 4
17932 8
17933 4
17934 8
17935 4
17936 8
17937 4
17938 4
17939 4
17940 4
17941 4
17942 8
17943 4
17944 8
17945 4
17946 8
17947 4
17948 4
17949 4
17950 4
17951 4
17952 8
17953 4
17954 8
17955 4
17956 8
17957 4
17958 4
17959 4
17960 4
17961 4
17962 4
17963 4
17964 8
17965 4
17966 8
17967 4
17968 4
17969 4
17970 4
17971 4
17972 4
17973 4
17974 8
17975 4
17976 8
17977 4
17978 4
17979 4
17980 4
17981 4
17982 4
17983 4
17984 8
17985 4
17986 8
17987 4
17988 8
17989 4
17990 4
17991 4
17992 4
17993 4
17994 8
17995 4
17996 8
17997 4
17998 8
17999 4
18000 4
18001 4
18002 4
18003 4
18004 8
18005 4
18006 8
18007 4
18008 8
18009 4
18010 4
18011 4
18012 4
18013 4
18014 4
18015 4
18016 8
18017 4
18018 8
18019 4
18020 4
18021 4
18022 4
18023 4
18024 4
18025 4
18026 8
18027 4
18028 8
18029 4
18030 4
18031 4
18032 4
18033 4
18034 4
18035 4
18036 8
18037 4
18038 8
18039 4
18040 8
18041 4
18042 4
18043 4
18044 4
18045 4
18046 8
18047 4
18048 8
18049 4
18050 8
18051 4
18052 4
18053 4
18054 4
18055 4
18056 8
18057 4
18058 8
18059 4
18060 8
18061 4
18062 4
18063 4
18064 4
18065 4
18066 4
18067 4
18068 8
18069 4
18070 8
18071 4
18072 4
18073 4
18074 4
18075 4
18076 4
18077 4
18078 8
18079 4
18080 8
18081 4
18082 4
18083 4
18084 4
18085 4
18086 4
18087 4
18088 8
18089 4
18090 8
18091 4
18092 8
18093 4
18094 4
18095 4
18096 4
18097 4
18098 8
18099 4
18100 8
18101 4
18102 8
18103 4
18104 4
18105 4
18106 4
18107 4
18108 8
18109 4
18110 8
18111 4
18112 8
18113 4
18114 4
18115 4
18116 4
18117 4
18118 4
18119 4
18120 8
18121 4
18122 8
18123 4
18124 4
18125 4
18126 4
18127 4
18128 4
18129 4
18130 8
18131 4
18132 8
18133 4
18134 4
18135 4
18136 4
18137 4
18138 4
18139 4
18140 8
18141 4
18142 8
18143 4
18144 8
18145 4
18146 4
18147 4
18148 4
18149 4
18150 8
18151 4
18152 8
18153 4
18154 8
18155 4
18156 4
18157 4
18158 4
18159 4
18160 8
18161 4
18162 8
18163 4
18164 8
18165 4
18166 4
18167 4
18168 4
18169 4
18170 4
18171 4
18172 8
18173 4
18174 8
18175 4
18176 4
18177 4
18178 4
18179 4
18180 4
18181 4
18182 8
18183 4
18184 8
18185 4
18186 4
18187 4
18188 4
18189 4
18190 4
18191 4
18192 8
18193 4
18194 8
18195 4
18196 8
18197 4
18198 4
18199 4
18200 4
18201 4
18202 8
18203 4
18204 8
18205 4
18206 8
18207 4
18208 4
18209 4
18210 4
18211 4
18212 8
18213 4
18214 8
18215 4
18216 8
18217 4
18218 4
18219 4
18220 4
18221 4
18222 4
18223 4
18224 8
18225 4
18226 8
18227 4
18228 4
18229 4
18230 4
18231 4
18232 4
18233 4
18234 8
18235 4
18236 8
18237 4
18238 4
18239 4
18240 4
18241 4
18242 4
18243 4
18244 8
18245 4
18246 8
18247 4
18248 8
18249 4
18250 4
18251 4
18252 4
18253 4
18254 8
18255 4
18256 8
18257 4
18258 8
18259 4
18260 4
18261 4
18262 4
18263 4
18264 8
18265 4
18266 8
18267 4
18268 8
18269 4
18270 4
18271 4
18272 4
18273 4
18274 8
18275 4
18276 8
18277 4
18278 8
18279 4
18280 4
18281 4
18282 4
18283 4
18284 4
18285 4
18286 8
18287 4
18288 8
18289 4
18290 4
18291 4
18292 4
18293 4
18294 4
18295 4
18296 8
18297 4
18298 8
18299 4
18300 4
18301 4
18302 4
18303 4
18304 4
18305 4
18306 8
18307 4
18308 8
18309 4
18310 8
18311 4
18312 4
18313 4
18314 4
18315 4
18316 8
18317 4
18318 8
18319 4
18320 8
18321 4
18322 4
18323 4
18324 4
18325 4
18326 8
18327 4
18328 8
18329 4
18330 8
18331 4
18332 4
18333 4
18334 4
18335 4
18336 4
18337 4
18338 8
18339 4
18340 8
18341 4
18342 4
18343 4
18344 4
18345 4
18346 4
18347 4
18348 8
18349 4
18350 8
18351 4
18352 4
18353 4
18354 4
18355 4
18356 4
18357 4
18358 8
18359 4
18360 8
18361 4
18362 8
18363 4
18364 4
18365 4
18366 4
18367 4
18368 8
18369 4
18370 8
18371 4
18372 8
18373 4
18374 4
18375 4
18376 4
18377 4
18378 8
18379 4
18380 8
18381 4
18382 8
18383 4
18384 4
18385 4
18386 4
18387 4
18388 4
18389 4
18390 8
18391 4
18392 8
18393 4
18394 4
18395 4
18396 4
18397 4
18398 4
18399 4
18400 8
18401 4
18402 8
18403 4
18404 4
18405 4
18406 4
18407 4
18408 4
18409 4
18410 8
18411 4
18412 8
18413 4
18414 8
18415 4
18416 4
18417 4
18418 4
18419 4
18420 8
18421 4
18422 8
18423 4
18424 8
18425 4
18426 4
18427 4
18428 4
18429 4
18430 8
18431 4
18432 8
18433 4
18434 8
18435 4
18436 4
18437 4
18438 4
18439 4
18440 4
18441 4
18442 8
18443 4
18444 8
18445 4
18446 4
18447 4
18448 4
18449 4
18450 4
18451 4
18452 8
18453 4
18454 8
18455 4
18456 4
18457 4
18458 4
18459 4
18460 4
18461 4
18462 8
18463 4
18464 8
18465 4
18466 8
18467 4
18468 4
18469 4
18470 4
18471 4
18472 8
18473 4
18474 8
18475 4
18476 8
18477 4
18478 4
18479 4
18480 4
18481 4
18482 8
18483 4
18484 8
18485 4
18486 8
18487 4
18488 4
18489 4
18490 4
18491 4
18492 4
18493 4
18494 8
18495 4
18496 8
18497 4
18498 4
18499 4
18500 4
18501 4
18502 4
18503 4
18504 8
18505 4
18506 8
18507 4
18508 4
18509 4
18510 4
18511 4
18512 4
18513 4
18514 8
18515 4
18516 8
18517 4
18518 8
18519 4
18520 4
18521 4
18522 4
18523 4
18524 8
18525 4
18526 8
18527 4
18528 8
18529 4
18530 4
18531 4
18532 4
18533 4
18534 8
18535 4
18536 8
18537 4
18538 8
18539 4
18540 4
18541 4
18542 4
18543 4
18544 4
18545 4
18546 8
18547 4
18548 8
18549 4
18550 4
18551 4
18552 4
18553 4
18554 4
18555 4
18556 8
18557 4
18558 8
18559 4
18560 4
18561 4
18562 4
18563 4
18564 4
18565 4
18566 8
18567 4
18568 8
18569 4
18570 8
18571 4
18572 4
18573 4
18574 4
18575 4
18576 8
18577 4
18578 8
18579 4
18580 8
18581 4
18582 4
18583 4
18584 4
18585 4
18586 8
18587 4
18588 8
18589 4
18590 8
18591 4
18592 4
18593 4
18594 4
18595 4
18596 4
18597 4
18598 8
18599 4
18600 8
18601 4
18602 4
18603 4
18604 4
18605 4
18606 4
18607 4
18608 8
18609 4
18610 8
18611 4
18612 4
18613 4
18614 4
18615 4
18616 4
18617 4
18618 8
18619 4
18620 8
18621 4
18622 8
18623 4
18624 4
18625 4
18626 4
18627 4
18628 8
18629 4
18630 8
18631 4
18632 8
18633 4
18634 4
18635 4
18636 4
18637 4
18638 8
18639 4
18640 8
18641 4
18642 8
18643 4
18644 4
18645 4
18646 4
18647 4
18648 4
18649 4
18650 8
18651 4
18652 8
18653 4
18654 4
18655 4
18656 4
18657 4
18658 4
18659 4
18660 8
18661 4
18662 8
18663 4
18664 4
18665 4
18666 4
18667 4
18668 4
18669 4
18670 8
18671 4
18672 8
18673 4
18674 8
18675 4
18676 4
18677 4
18678 4
18679 4
18680 8
18681 4
18682 8
18683 4
18684 8
18685 4
18686 4
18687 4
18688 4
18689 4
18690 8
18691 4
18692 8
18693 4
18694 8
18695 4
18696 4
18697 4
18698 4
18699 4
18700 8
18701 4
18702 8
18703 4
18704 8
18705 4
18706 4
18707 4
18708 4
18709 4
18710 4
18711 4
18712 8
18713 4
18714 8
18715 4
18716 4
18717 4
18718 4
18719 4
18720 4
18721 4
18722 8
18723 4
18724 8
18725 4
18726 4
18727 4
18728 4
18729 4
18730 4
18731 4
18732 8
18733 4
18734 8
18735 4
18736 8
18737 4
18738 4
18739 4
18740 4
18741 4
18742 8
18743 4
18744 8
18745 4
18746 8
18747 4
18748 4
18749 4
18750 4
18751 4
18752 8
18753 4
18754 8
18755 4
18756 8
18757 4
18758 4
18759 4
18760 4
18761 4
18762 4
18763 4
18764 8
18765 4
18766 8
18767 4
18768 4
18769 4
18770 4
18771 4
18772 4
18773 4
18774 8
18775 4
18776 8
18777 4
18778 4
18779 4
18780 4
18781 4
18782 4
18783 4
18784 8
18785 4
18786 8
18787 4
18788 8
18789 4
18790 4
18791 4
18792 4
18793 4
18794 8
18795 4
18796 8
18797 4
18798 8
18799 4
18800 4
18801 4
18802 4
18803 4
18804 8
18805 4
18806 8
18807 4
18808 8
18809 4
18810 4
18811 4
18812 4
18813 4
18814 4
18815 4
18816 8
18817 4
18818 8
18819 4
18820 4
18821 4
18822 4
18823 4
18824 4
18825 4
18826 8
18827 4
18828 8
18829 4
18830 4
18831 4
18832 4
18833 4
18834 4
18835 4
18836 8
18837 4
18838 8
18839 4
18840 8
18841 4
18842 4
18843 4
18844 4
18845 4
18846 8
18847 4
18848 8
18849 4
18850 8
18851 4
18852 4
18853 4
18854 4
18855 4
18856 8
18857 4
18858 8
18859 4
18860 8
18861 4
18862 4
18863 4
18864 4
18865 4
18866 4
18867 4
18868 8
18869 4
18870 8
18871 4
18872 4
18873 4
18874 4
18875 4
18876 4
18877 4
18878 8
18879 4
18880 8
18881 4
18882 4
18883 4
18884 4
18885 4
18886 4
18887 4
18888 8
18889 4
18890 8
18891 4
18892 8
18893 4
18894 4
18895 4
18896 4
18897 4
18898 8
18899 4
18900 8
18901 4
18902 8
18903 4
18904 4
18905 4
18906 4
18907 4
18908 8
18909 4
18910 8
18911 4
18912 8
18913 4
18914 4
18915 4
18916 4
18917 4
18918 4
18919 4
18920 8
18921 4
18922 8
18923 4
18924 4
18925 4
18926 4
18927 4
18928 4
18929 4
18930 8
18931 4
18932 8
18933 4
18934 4
18935 4
18936 4
18937 4
18938 4
18939 4
18940 8
18941 4
18942 8
18943 4
18944 8
18945 4
18946 4
18947 4
18948 4
18949 4
18950 8
18951 4
18952 8
18953 4
18954 8
18955 4
18956 4
18957 4
18958 4
18959 4
18960 8
18961 4
18962 8
18963 4
18964 8
18965 4
18966 4
18967 4
18968 4
18969 4
18970 4
18971 4
18972 8
18973 4
18974 8
18975 4
18976 4
18977 4
18978 4
18979 4
18980 4
18981 4
18982 8
18983 4
18984 8
18985 4
18986 4
18987 4
18988 4
18989 4
18990 4
18991 4
18992 8
18993 4
18994 8
18995 4
18996 8
18997 4
18998 4
18999 4
19000 4
19001 4
19002 8
19003 4
19004 8
19005 4
19006 8
19007 4
19008 4
19009 4
19010 4
19011 4
19012 8
19013 4
19014 8
19015 4
19016 8
19017 4
19018 4
19019 4
19020 4
19021 4
19022 4
19023 4
19024 8
19025 4
19026 8
19027 4
19028 4
19029 4
19030 4
19031 4
19032 4
19033 4
19034 8
19035 4
19036 8
19037 4
19038 4
19039 4
19040 4
19041 4
19042 4
19043 4
19044 8
19045 4
19046 8
19047 4
19048 8
19049 4
19050 4
19051 4
19052 4
19053 4
19054 8
19055 4
19056 8
19057 4
19058 8
19059 4
19060 4
19061 4
19062 4
19063 4
19064 8
19065 4
19066 8
19067 4
19068 8
19069 4
19070 4
19071 4
19072 4
19073 4
19074 4
19075 4
19076 8
19077 4
19078 8
19079 4
19080 4
19081 4
19082 4
19083 4
19084 4
19085 4
19086 8
19087 4
19088 8
19089 4
19090 4
19091 4
19092 4
19093 4
19094 4
19095 4
19096 8
19097 4
19098 8
19099 4
19100 8
19101 4
19102 4
19103 4
19104 4
19105 4
19106 8
19107 4
19108 8
19109 4
19110 8
19111 4
19112 4
19113 4
19114 4
19115 4
19116 8
19117 4
19118 8
19119 4
19120 8
19121 4
19122 4
19123 4
19124 4
19125 4
19126 4
19127 4
19128 8
19129 4
19130 8
19131 4
19132 4
19133 4
19134 4
19135 4
19136 4
19137 4
19138 8
19139 4
19140 8
19141 4
19142 4
19143 4
19144 4
19145 4
19146 4
19147 4
19148 8
19149 4
19150 8
19151 4
19152 4
19153 4
19154 4
19155 4
19156 4
19157 4
19158 8
19159 4
19160 8
19161 4
19162 8
19163 4
19164 4
19165 4
19166 4
19167 4
19168 8
19169 4
19170 8
19171 4
19172 8
19173 4
19174 4
19175 4
19176 4
19177 4
19178 8
19179 4
19180 8
19181 4
19182 8
19183 4
19184 4
19185 4
19186 4
19187 4
19188 4
19189 4
19190 8
19191 4
19192 8
19193 4
19194 4
19195 4
19196 4
19197 4
19198 4
19199 4
19200 8
19201 4
19202 8
19203 4
19204 4
19205 4
19206 4
19207 4
19208 4
19209 4
19210 8
19211 4
19212 8
19213 4
19214 8
19215 4
19216 4
19217 4
19218 4
19219 4
19220 8
19221 4
19222 8
19223 4
19224 8
19225 4
19226 4
19227 4
19228 4
19229 4
19230 8
19231 4
19232 8
19233 4
19234 8
19235 4
19236 4
19237 4
19238 4
19239 4
19240 4
19241 4
19242 8
19243 4
19244 8
19245 4
19246 4
19247 4
19248 4
19249 4
19250 4
19251 4
19252 8
19253 4
19254 8
19255 4
19256 4
19257 4
19258 4
19259 4
19260 4
19261 4
19262 8
19263 4
19264 8
19265 4
19266 8
19267 4
19268 4
19269 4
19270 4
19271 4
19272 8
19273 4
19274 8
19275 4
19276 8
19277 4
19278 4
19279 4
19280 4
19281 4
19282 8
19283 4
19284 8
19285 4
19286 8
19287 4
19288 4
19289 4
19290 4
19291 4
19292 4
19293 4
19294 8
19295 4
19296 8
19297 4
19298 4
19299 4
19300 4
19301 4
19302 4
19303 4
19304 8
19305 4
19306 8
19307 4
19308 4
19309 4
19310 4
19311 4
19312 4
19313 4
19314 8
19315 4
19316 8
19317 4
19318 8
19319 4
19320 4
19321 4
19322 4
19323 4
19324 8
19325 4
19326 8
19327 4
19328 8
19329 4
19330 4
19331 4
19332 4
19333 4
19334 8
19335 4
19336 8
19337 4
19338 8
19339 4
19340 4
19341 4
19342 4
19343 4
19344 4
19345 4
19346 8
19347 4
19348 8
19349 4
19350 4
19351 4
19352 4
19353 4
19354 4
19355 4
19356 8
19357 4
19358 8
19359 4
19360 4
19361 4
19362 4
19363 4
19364 4
19365 4
19366 8
19367 4
19368 8
19369 4
19370 8
19371 4
19372 4
19373 4
19374 4
19375 4
19376 8
19377 4
19378 8
19379 4
19380 8
19381 4
19382 4
19383 4
19384 4
19385 4
19386 8
19387 4
19388 8
19389 4
19390 8
19391 4
19392 4
19393 4
19394 4
19395 4
19396 4
19397 4
19398 8
19399 4
19400 8
19401 4
19402 4
19403 4
19404 4
19405 4
19406 4
19407 4
19408 8
19409 4
19410 8
19411 4
19412 4
19413 4
19414 4
19415 4
19416 4
19417 4
19418 8
19419 4
19420 8
19421 4
19422 8
19423 4
19424 4
19425 4
19426 4
19427 4
19428 8
19429 4
19430 8
19431 4
19432 8
19433 4
19434 4
19435 4
19436 4
19437 4
19438 8
19439 4
19440 8
19441 4
19442 8
19443 4
19444 4
19445 4
19446 4
19447 4
19448 4
19449 4
19450 8
19451 4
19452 8
19453 4
19454 4
19455 4
19456 4
19457 4
19458 4
19459 4
19460 8
19461 4
19462 8
19463 4
19464 4
19465 4
19466 4
19467 4
19468 4
19469 4
19470 8
19471 4
19472 8
19473 4
19474 8
19475 4
19476 4
19477 4
19478 4
19479 4
19480 8
19481 4
19482 8
19483 4
19484 8
19485 4
19486 4
19487 4
19488 4
19489 4
19490 8
19491 4
19492 8
19493 4
19494 8
19495 4
19496 4
19497 4
19498 4
19499 4
19500 4
19501 4
19502 8
19503 4
19504 8
19505 4
19506 4
19507 4
19508 4
19509 4
19510 4
19511 4
19512 8
19513 4
19514 8
19515 4
19516 4
19517 4
19518 4
19519 4
19520 4
19521 4
19522 8
19523 4
19524 8
19525 4
19526 8
19527 4
19528 4
19529 4
19530 4
19531 4
19532 8
19533 4
19534 8
19535 4
19536 8
19537 4
19538 4
19539 4
19540 4
19541 4
19542 8
19543 4
19544 8
19545 4
19546 8
19547 4
19548 4
19549 4
19550 4
19551 4
19552 4
19553 4
19554 8
19555 4
19556 8
19557 4
19558 4
19559 4
19560 4
19561 4
19562 4
19563 4
19564 8
19565 4
19566 8
19567 4
19568 4
19569 4
19570 4
19571 4
19572 4
19573 4
19574 8
19575 4
19576 8
19577 4
19578 4
19579 4
19580 4
19581 4
19582 4
19583 4
19584 8
19585 4
19586 8
19587 4
19588 8
19589 4
19590 4
19591 4
19592 4
19593 4
19594 8
19595 4
19596 8
19597 4
19598 8
19599 4
19600 4
19601 4
19602 4
19603 4
19604 8
19605 4
19606 8
19607 4
19608 8
19609 4
19610 4
19611 4
19612 4
19613 4
19614 4
19615 4
19616 8
19617 4
19618 8
19619 4
19620 4
19621 4
19622 4
19623 4
19624 4
19625 4
19626 8
19627 4
19628 8
19629 4
19630 4
19631 4
19632 4
19633 4
19634 4
19635 4
19636 8
19637 4
19638 8
19639 4
19640 8
19641 4
19642 4
19643 4
19644 4
19645 4
19646 8
19647 4
19648 8
19649 4
19650 8
19651 4
19652 4
19653 4
19654 4
19655 4
19656 8
19657 4
19658 8
19659 4
19660 8
19661 4
19662 4
19663 4
19664 4
19665 4
19666 4
19667 4
19668 8
19669 4
19670 8
19671 4
19672 4
19673 4
19674 4
19675 4
19676 4
19677 4
19678 8
19679 4
19680 8
19681 4
19682 4
19683 4
19684 4
19685 4
19686 4
19687 4
19688 8
19689 4
19690 8
19691 4
19692 8
19693 4
19694 4
19695 4
19696 4
19697 4
19698 8
19699 4
19700 8
19701 4
19702 8
19703 4
19704 4
19705 4
19706 4
19707 4
19708 8
19709 4
19710 8
19711 4
19712 8
19713 4
19714 4
19715 4
19716 4
19717 4
19718 4
19719 4
19720 8
19721 4
19722 8
19723 4
19724 4
19725 4
19726 4
19727 4
19728 4
19729 4
19730 8
19731 4
19732 8
19733 4
19734 4
19735 4
19736 4
19737 4
19738 4
19739 4
19740 8
19741 4
19742 8
19743 4
19744 8
19745 4
19746 4
19747 4
19748 4
19749 4
19750 8
19751 4
19752 8
19753 4
19754 8
19755 4
19756 4
19757 4
19758 4
19759 4
19760 8
19761 4
19762 8
19763 4
19764 8
19765 4
19766 4
19767 4
19768 4
19769 4
19770 4
19771 4
19772 8
19773 4
19774 8
19775 4
19776 4
19777 4
19778 4
19779 4
19780 4
19781 4
19782 8
19783 4
19784 8
19785 4
19786 4
19787 4
19788 4
19789 4
19790 4
19791 4
19792 8
19793 4
19794 8
19795 4
19796 8
19797 4
19798 4
19799 4
19800 4
19801 4
19802 8
19803 4
19804 8
19805 4
19806 8
19807 4
19808 4
19809 4
19810 4
19811 4
19812 8
19813 4
19814 8
19815 4
19816 8
19817 4
19818 4
19819 4
19820 4
19821 4
19822 4
19823 4
19824 8
19825 4
19826 8
19827 4
19828 4
19829 4
19830 4
19831 4
19832 4
19833 4
19834 8
19835 4
19836 8
19837 4
19838 4
19839 4
19840 4
19841 4
19842 4
19843 4
19844 8
19845 4
19846 8
19847 4
19848 8
19849 4
19850 4
19851 4
19852 4
19853 4
19854 8
19855 4
19856 8
19857 4
19858 8
19859 4
19860 4
19861 4
19862 4
19863 4
19864 8
19865 4
19866 8
19867 4
19868 8
19869 4
19870 4
19871 4
19872 4
19873 4
19874 4
19875 4
19876 8
19877 4
19878 8
19879 4
19880 4
19881 4
19882 4
19883 4
19884 4
19885 4
19886 8
19887 4
19888 8
19889 4
19890 4
19891 4
19892 4
19893 4
19894 4
19895 4
19896 8
19897 4
19898 8
19899 4
19900 8
19901 4
19902 4
19903 4
19904 4
19905 4
19906 8
19907 4
19908 8
19909 4
19910 8
19911 4
19912 4
19913 4
19914 4
19915 4
19916 8
19917 4
19918 8
19919 4
19920 8
19921 4
19922 4
19923 4
19924 4
19925 4
19926 4
19927 4
19928 8
19929 4
19930 8
19931 4
19932 4
19933 4
19934 4
19935 4
19936 4
19937 4
19938 8
19939 4
19940 8
19941 4
19942 4
19943 4
19944 4
19945 4
19946 4
19947 4
19948 8
19949 4
19950 8
19951 4
19952 8
19953 4
19954 4
19955 4
19956 4
19957 4
19958 8
19959 4
19960 8
19961 4
19962 8
19963 4
19964 4
19965 4
19966 4
19967 4
19968 8
19969 4
19970 8
19971 4
19972 8
19973 4
19974 4
19975 4
19976 4
19977 4
19978 4
19979 4
19980 8
19981 4
19982 8
19983 4
19984 4
19985 4
19986 4
19987 4
19988 4
19989 4
19990 8
19991 4
19992 8
19993 4
19994 4
19995 4
19996 4
19997 4
19998 4
19999 4
20000 8
