alpha,beta,m,r,n,base_exponent,predicted_bit,actual_valuation
-5,-5,1,2,4,3,1,3
-5,-5,1,3,8,6,1,6
-5,-5,1,4,16,9,1,9
-5,-5,1,5,32,12,1,12
-5,-5,1,6,64,15,1,15
-5,-5,1,7,128,18,1,18
-5,-5,3,2,12,3,0,4
-5,-5,3,3,24,6,0,7
-5,-5,3,4,48,9,0,10
-5,-5,3,5,96,12,0,13
-5,-5,3,6,192,15,0,16
-5,-5,3,7,384,18,0,19
-5,-5,5,2,20,3,0,5
-5,-5,5,3,40,6,0,8
-5,-5,5,4,80,9,0,11
-5,-5,5,5,160,12,0,14
-5,-5,5,6,320,15,0,17
-5,-5,5,7,640,18,0,20
-5,-5,7,2,28,3,0,8
-5,-5,7,3,56,6,0,11
-5,-5,7,4,112,9,0,14
-5,-5,7,5,224,12,0,17
-5,-5,7,6,448,15,0,20
-5,-5,7,7,896,18,0,23
-5,-5,9,2,36,3,1,3
-5,-5,9,3,72,6,1,6
-5,-5,9,4,144,9,1,9
-5,-5,9,5,288,12,1,12
-5,-5,9,6,576,15,1,15
-5,-5,9,7,1152,18,1,18
-5,-5,11,2,44,3,0,4
-5,-5,11,3,88,6,0,7
-5,-5,11,4,176,9,0,10
-5,-5,11,5,352,12,0,13
-5,-5,11,6,704,15,0,16
-5,-5,11,7,1408,18,0,19
-5,-5,13,2,52,3,0,8
-5,-5,13,3,104,6,0,11
-5,-5,13,4,208,9,0,14
-5,-5,13,5,416,12,0,17
-5,-5,13,6,832,15,0,20
-5,-5,13,7,1664,18,0,23
-5,-5,15,2,60,3,0,6
-5,-5,15,3,120,6,0,9
-5,-5,15,4,240,9,0,12
-5,-5,15,5,480,12,0,15
-5,-5,15,6,960,15,0,18
-5,-5,15,7,1920,18,0,21
-5,-4,1,2,4,3,0,5
-5,-4,1,3,8,6,0,9
-5,-4,1,4,16,9,0,13
-5,-4,1,5,32,12,0,16
-5,-4,1,6,64,15,0,19
-5,-4,1,7,128,18,0,22
-5,-4,3,2,12,3,0,8
-5,-4,3,3,24,6,0,10
-5,-4,3,4,48,9,0,13
-5,-4,3,5,96,12,0,16
-5,-4,3,6,192,15,0,19
-5,-4,3,7,384,18,0,22
-5,-4,5,2,20,3,0,6
-5,-4,5,3,40,6,0,11
-5,-4,5,4,80,9,0,13
-5,-4,5,5,160,12,0,16
-5,-4,5,6,320,15,0,19
-5,-4,5,7,640,18,0,22
-5,-4,7,2,28,3,0,8
-5,-4,7,3,56,6,0,10
-5,-4,7,4,112,9,0,13
-5,-4,7,5,224,12,0,16
-5,-4,7,6,448,15,0,19
-5,-4,7,7,896,18,0,22
-5,-4,9,2,36,3,0,5
-5,-4,9,3,72,6,0,9
-5,-4,9,4,144,9,0,14
-5,-4,9,5,288,12,0,17
-5,-4,9,6,576,15,0,20
-5,-4,9,7,1152,18,0,23
-5,-4,11,2,44,3,0,8
-5,-4,11,3,88,6,0,12
-5,-4,11,4,176,9,0,15
-5,-4,11,5,352,12,0,18
-5,-4,11,6,704,15,0,21
-5,-4,11,7,1408,18,0,24
-5,-4,13,2,52,3,0,7
-5,-4,13,3,104,6,0,13
-5,-4,13,4,208,9,0,14
-5,-4,13,5,416,12,0,17
-5,-4,13,6,832,15,0,20
-5,-4,13,7,1664,18,0,23
-5,-4,15,2,60,3,0,12
-5,-4,15,3,120,6,0,14
-5,-4,15,4,240,9,0,17
-5,-4,15,5,480,12,0,20
-5,-4,15,6,960,15,0,23
-5,-4,15,7,1920,18,0,26
-5,-3,1,2,4,3,1,3
-5,-3,1,3,8,6,1,6
-5,-3,1,4,16,9,1,9
-5,-3,1,5,32,12,1,12
-5,-3,1,6,64,15,1,15
-5,-3,1,7,128,18,1,18
-5,-3,3,2,12,3,1,3
-5,-3,3,3,24,6,1,6
-5,-3,3,4,48,9,1,9
-5,-3,3,5,96,12,1,12
-5,-3,3,6,192,15,1,15
-5,-3,3,7,384,18,1,18
-5,-3,5,2,20,3,1,3
-5,-3,5,3,40,6,1,6
-5,-3,5,4,80,9,1,9
-5,-3,5,5,160,12,1,12
-5,-3,5,6,320,15,1,15
-5,-3,5,7,640,18,1,18
-5,-3,7,2,28,3,1,3
-5,-3,7,3,56,6,1,6
-5,-3,7,4,112,9,1,9
-5,-3,7,5,224,12,1,12
-5,-3,7,6,448,15,1,15
-5,-3,7,7,896,18,1,18
-5,-3,9,2,36,3,0,6
-5,-3,9,3,72,6,0,9
-5,-3,9,4,144,9,0,12
-5,-3,9,5,288,12,0,15
-5,-3,9,6,576,15,0,18
-5,-3,9,7,1152,18,0,21
-5,-3,11,2,44,3,0,4
-5,-3,11,3,88,6,0,7
-5,-3,11,4,176,9,0,10
-5,-3,11,5,352,12,0,13
-5,-3,11,6,704,15,0,16
-5,-3,11,7,1408,18,0,19
-5,-3,13,2,52,3,0,5
-5,-3,13,3,104,6,0,8
-5,-3,13,4,208,9,0,11
-5,-3,13,5,416,12,0,14
-5,-3,13,6,832,15,0,17
-5,-3,13,7,1664,18,0,20
-5,-3,15,2,60,3,0,4
-5,-3,15,3,120,6,0,7
-5,-3,15,4,240,9,0,10
-5,-3,15,5,480,12,0,13
-5,-3,15,6,960,15,0,16
-5,-3,15,7,1920,18,0,19
-5,-2,1,2,4,3,0,4
-5,-2,1,3,8,6,0,8
-5,-2,1,4,16,9,0,12
-5,-2,1,5,32,12,0,15
-5,-2,1,6,64,15,0,18
-5,-2,1,7,128,18,0,21
-5,-2,3,2,12,3,0,4
-5,-2,3,3,24,6,0,8
-5,-2,3,4,48,9,0,13
-5,-2,3,5,96,12,0,16
-5,-2,3,6,192,15,0,19
-5,-2,3,7,384,18,0,22
-5,-2,5,2,20,3,0,7
-5,-2,5,3,40,6,0,11
-5,-2,5,4,80,9,0,15
-5,-2,5,5,160,12,0,18
-5,-2,5,6,320,15,0,21
-5,-2,5,7,640,18,0,24
-5,-2,7,2,28,3,0,4
-5,-2,7,3,56,6,0,8
-5,-2,7,4,112,9,0,15
-5,-2,7,5,224,12,0,18
-5,-2,7,6,448,15,0,21
-5,-2,7,7,896,18,0,24
-5,-2,9,2,36,3,0,4
-5,-2,9,3,72,6,0,8
-5,-2,9,4,144,9,0,12
-5,-2,9,5,288,12,0,15
-5,-2,9,6,576,15,0,18
-5,-2,9,7,1152,18,0,21
-5,-2,11,2,44,3,0,4
-5,-2,11,3,88,6,0,8
-5,-2,11,4,176,9,0,13
-5,-2,11,5,352,12,0,16
-5,-2,11,6,704,15,0,19
-5,-2,11,7,1408,18,0,22
-5,-2,13,2,52,3,0,6
-5,-2,13,3,104,6,0,10
-5,-2,13,4,208,9,0,14
-5,-2,13,5,416,12,0,17
-5,-2,13,6,832,15,0,20
-5,-2,13,7,1664,18,0,23
-5,-2,15,2,60,3,0,6
-5,-2,15,3,120,6,0,10
-5,-2,15,4,240,9,0,16
-5,-2,15,5,480,12,0,19
-5,-2,15,6,960,15,0,22
-5,-2,15,7,1920,18,0,25
-5,-1,1,2,4,3,1,3
-5,-1,1,3,8,6,1,6
-5,-1,1,4,16,9,1,9
-5,-1,1,5,32,12,1,12
-5,-1,1,6,64,15,1,15
-5,-1,1,7,128,18,1,18
-5,-1,3,2,12,3,0,6
-5,-1,3,3,24,6,0,9
-5,-1,3,4,48,9,0,12
-5,-1,3,5,96,12,0,15
-5,-1,3,6,192,15,0,18
-5,-1,3,7,384,18,0,21
-5,-1,5,2,20,3,1,3
-5,-1,5,3,40,6,1,6
-5,-1,5,4,80,9,1,9
-5,-1,5,5,160,12,1,12
-5,-1,5,6,320,15,1,15
-5,-1,5,7,640,18,1,18
-5,-1,7,2,28,3,0,5
-5,-1,7,3,56,6,0,8
-5,-1,7,4,112,9,0,11
-5,-1,7,5,224,12,0,14
-5,-1,7,6,448,15,0,17
-5,-1,7,7,896,18,0,20
-5,-1,9,2,36,3,0,4
-5,-1,9,3,72,6,0,7
-5,-1,9,4,144,9,0,10
-5,-1,9,5,288,12,0,13
-5,-1,9,6,576,15,0,16
-5,-1,9,7,1152,18,0,19
-5,-1,11,2,44,3,0,9
-5,-1,11,3,88,6,0,11
-5,-1,11,4,176,9,0,14
-5,-1,11,5,352,12,0,17
-5,-1,11,6,704,15,0,20
-5,-1,11,7,1408,18,0,23
-5,-1,13,2,52,3,1,3
-5,-1,13,3,104,6,1,6
-5,-1,13,4,208,9,1,9
-5,-1,13,5,416,12,1,12
-5,-1,13,6,832,15,1,15
-5,-1,13,7,1664,18,1,18
-5,-1,15,2,60,3,0,6
-5,-1,15,3,120,6,0,9
-5,-1,15,4,240,9,0,12
-5,-1,15,5,480,12,0,15
-5,-1,15,6,960,15,0,18
-5,-1,15,7,1920,18,0,21
-5,0,1,2,4,3,0,6
-5,0,1,3,8,6,0,9
-5,0,1,4,16,9,0,12
-5,0,1,5,32,12,0,15
-5,0,1,6,64,15,0,18
-5,0,1,7,128,18,0,21
-5,0,3,2,12,3,0,6
-5,0,3,3,24,6,0,9
-5,0,3,4,48,9,0,12
-5,0,3,5,96,12,0,15
-5,0,3,6,192,15,0,18
-5,0,3,7,384,18,0,21
-5,0,5,2,20,3,0,7
-5,0,5,3,40,6,0,10
-5,0,5,4,80,9,0,13
-5,0,5,5,160,12,0,16
-5,0,5,6,320,15,0,19
-5,0,5,7,640,18,0,22
-5,0,7,2,28,3,0,9
-5,0,7,3,56,6,0,12
-5,0,7,4,112,9,0,15
-5,0,7,5,224,12,0,18
-5,0,7,6,448,15,0,21
-5,0,7,7,896,18,0,24
-5,0,9,2,36,3,0,6
-5,0,9,3,72,6,0,9
-5,0,9,4,144,9,0,12
-5,0,9,5,288,12,0,15
-5,0,9,6,576,15,0,18
-5,0,9,7,1152,18,0,21
-5,0,11,2,44,3,0,7
-5,0,11,3,88,6,0,10
-5,0,11,4,176,9,0,13
-5,0,11,5,352,12,0,16
-5,0,11,6,704,15,0,19
-5,0,11,7,1408,18,0,22
-5,0,13,2,52,3,0,10
-5,0,13,3,104,6,0,13
-5,0,13,4,208,9,0,16
-5,0,13,5,416,12,0,19
-5,0,13,6,832,15,0,22
-5,0,13,7,1664,18,0,25
-5,0,15,2,60,3,0,10
-5,0,15,3,120,6,0,13
-5,0,15,4,240,9,0,16
-5,0,15,5,480,12,0,19
-5,0,15,6,960,15,0,22
-5,0,15,7,1920,18,0,25
-5,1,1,2,4,3,1,3
-5,1,1,3,8,6,1,6
-5,1,1,4,16,9,1,9
-5,1,1,5,32,12,1,12
-5,1,1,6,64,15,1,15
-5,1,1,7,128,18,1,18
-5,1,3,2,12,3,1,3
-5,1,3,3,24,6,1,6
-5,1,3,4,48,9,1,9
-5,1,3,5,96,12,1,12
-5,1,3,6,192,15,1,15
-5,1,3,7,384,18,1,18
-5,1,5,2,20,3,0,5
-5,1,5,3,40,6,0,8
-5,1,5,4,80,9,0,11
-5,1,5,5,160,12,0,14
-5,1,5,6,320,15,0,17
-5,1,5,7,640,18,0,20
-5,1,7,2,28,3,0,4
-5,1,7,3,56,6,0,7
-5,1,7,4,112,9,0,10
-5,1,7,5,224,12,0,13
-5,1,7,6,448,15,0,16
-5,1,7,7,896,18,0,19
-5,1,9,2,36,3,0,5
-5,1,9,3,72,6,0,8
-5,1,9,4,144,9,0,11
-5,1,9,5,288,12,0,14
-5,1,9,6,576,15,0,17
-5,1,9,7,1152,18,0,20
-5,1,11,2,44,3,1,3
-5,1,11,3,88,6,1,6
-5,1,11,4,176,9,1,9
-5,1,11,5,352,12,1,12
-5,1,11,6,704,15,1,15
-5,1,11,7,1408,18,1,18
-5,1,13,2,52,3,0,5
-5,1,13,3,104,6,0,8
-5,1,13,4,208,9,0,11
-5,1,13,5,416,12,0,14
-5,1,13,6,832,15,0,17
-5,1,13,7,1664,18,0,20
-5,1,15,2,60,3,0,5
-5,1,15,3,120,6,0,8
-5,1,15,4,240,9,0,11
-5,1,15,5,480,12,0,14
-5,1,15,6,960,15,0,17
-5,1,15,7,1920,18,0,20
-5,2,1,2,4,3,0,4
-5,2,1,3,8,6,0,8
-5,2,1,4,16,9,0,13
-5,2,1,5,32,12,0,16
-5,2,1,6,64,15,0,19
-5,2,1,7,128,18,0,22
-5,2,3,2,12,3,0,4
-5,2,3,3,24,6,0,8
-5,2,3,4,48,9,0,15
-5,2,3,5,96,12,0,18
-5,2,3,6,192,15,0,21
-5,2,3,7,384,18,0,24
-5,2,5,2,20,3,0,4
-5,2,5,3,40,6,0,8
-5,2,5,4,80,9,0,13
-5,2,5,5,160,12,0,16
-5,2,5,6,320,15,0,19
-5,2,5,7,640,18,0,22
-5,2,7,2,28,3,0,6
-5,2,7,3,56,6,0,10
-5,2,7,4,112,9,0,16
-5,2,7,5,224,12,0,19
-5,2,7,6,448,15,0,22
-5,2,7,7,896,18,0,25
-5,2,9,2,36,3,0,4
-5,2,9,3,72,6,0,8
-5,2,9,4,144,9,0,13
-5,2,9,5,288,12,0,16
-5,2,9,6,576,15,0,19
-5,2,9,7,1152,18,0,22
-5,2,11,2,44,3,0,4
-5,2,11,3,88,6,0,8
-5,2,11,4,176,9,0,18
-5,2,11,5,352,12,0,20
-5,2,11,6,704,15,0,23
-5,2,11,7,1408,18,0,26
-5,2,13,2,52,3,0,6
-5,2,13,3,104,6,0,10
-5,2,13,4,208,9,0,15
-5,2,13,5,416,12,0,18
-5,2,13,6,832,15,0,21
-5,2,13,7,1664,18,0,24
-5,2,15,2,60,3,0,7
-5,2,15,3,120,6,0,11
-5,2,15,4,240,9,0,17
-5,2,15,5,480,12,0,20
-5,2,15,6,960,15,0,23
-5,2,15,7,1920,18,0,26
-5,3,1,2,4,3,1,3
-5,3,1,3,8,6,1,6
-5,3,1,4,16,9,1,9
-5,3,1,5,32,12,1,12
-5,3,1,6,64,15,1,15
-5,3,1,7,128,18,1,18
-5,3,3,2,12,3,0,4
-5,3,3,3,24,6,0,7
-5,3,3,4,48,9,0,10
-5,3,3,5,96,12,0,13
-5,3,3,6,192,15,0,16
-5,3,3,7,384,18,0,19
-5,3,5,2,20,3,0,4
-5,3,5,3,40,6,0,7
-5,3,5,4,80,9,0,10
-5,3,5,5,160,12,0,13
-5,3,5,6,320,15,0,16
-5,3,5,7,640,18,0,19
-5,3,7,2,28,3,0,5
-5,3,7,3,56,6,0,8
-5,3,7,4,112,9,0,11
-5,3,7,5,224,12,0,14
-5,3,7,6,448,15,0,17
-5,3,7,7,896,18,0,20
-5,3,9,2,36,3,0,4
-5,3,9,3,72,6,0,7
-5,3,9,4,144,9,0,10
-5,3,9,5,288,12,0,13
-5,3,9,6,576,15,0,16
-5,3,9,7,1152,18,0,19
-5,3,11,2,44,3,0,5
-5,3,11,3,88,6,0,8
-5,3,11,4,176,9,0,11
-5,3,11,5,352,12,0,14
-5,3,11,6,704,15,0,17
-5,3,11,7,1408,18,0,20
-5,3,13,2,52,3,0,5
-5,3,13,3,104,6,0,8
-5,3,13,4,208,9,0,11
-5,3,13,5,416,12,0,14
-5,3,13,6,832,15,0,17
-5,3,13,7,1664,18,0,20
-5,3,15,2,60,3,0,6
-5,3,15,3,120,6,0,9
-5,3,15,4,240,9,0,12
-5,3,15,5,480,12,0,15
-5,3,15,6,960,15,0,18
-5,3,15,7,1920,18,0,21
-5,4,1,2,4,3,0,5
-5,4,1,3,8,6,0,9
-5,4,1,4,16,9,0,18
-5,4,1,5,32,12,0,28
-5,4,1,6,64,15,0,47
-5,4,1,7,128,18,0,82
-5,4,3,2,12,3,0,8
-5,4,3,3,24,6,0,16
-5,4,3,4,48,9,0,32
-5,4,3,5,96,12,0,60
-5,4,3,6,192,15,0,111
-5,4,3,7,384,18,0,210
-5,4,5,2,20,3,0,14
-5,4,5,3,40,6,0,26
-5,4,5,4,80,9,0,54
-5,4,5,5,160,12,0,93
-5,4,5,6,320,15,0,176
-5,4,5,7,640,18,0,339
-5,4,7,2,28,3,0,18
-5,4,7,3,56,6,0,34
-5,4,7,4,112,9,0,66
-5,4,7,5,224,12,0,127
-5,4,7,6,448,15,0,242
-5,4,7,7,896,18,0,469
-5,4,9,2,36,3,0,21
-5,4,9,3,72,6,0,41
-5,4,9,4,144,9,0,82
-5,4,9,5,288,12,0,156
-5,4,9,6,576,15,0,303
-5,4,9,7,1152,18,0,594
-5,4,11,2,44,3,0,25
-5,4,11,3,88,6,0,49
-5,4,11,4,176,9,0,97
-5,4,11,5,352,12,0,189
-5,4,11,6,704,15,0,368
-5,4,11,7,1408,18,0,723
-5,4,13,2,52,3,0,33
-5,4,13,3,104,6,0,61
-5,4,13,4,208,9,0,119
-5,4,13,5,416,12,0,224
-5,4,13,6,832,15,0,435
-5,4,13,7,1664,18,0,854
-5,4,15,2,60,3,0,34
-5,4,15,3,120,6,0,66
-5,4,15,4,240,9,0,130
-5,4,15,5,480,12,0,256
-5,4,15,6,960,15,0,499
-5,4,15,7,1920,18,0,982
-5,5,1,2,4,3,1,3
-5,5,1,3,8,6,1,6
-5,5,1,4,16,9,1,9
-5,5,1,5,32,12,1,12
-5,5,1,6,64,15,1,15
-5,5,1,7,128,18,1,18
-5,5,3,2,12,3,1,3
-5,5,3,3,24,6,1,6
-5,5,3,4,48,9,1,9
-5,5,3,5,96,12,1,12
-5,5,3,6,192,15,1,15
-5,5,3,7,384,18,1,18
-5,5,5,2,20,3,1,3
-5,5,5,3,40,6,1,6
-5,5,5,4,80,9,1,9
-5,5,5,5,160,12,1,12
-5,5,5,6,320,15,1,15
-5,5,5,7,640,18,1,18
-5,5,7,2,28,3,1,3
-5,5,7,3,56,6,1,6
-5,5,7,4,112,9,1,9
-5,5,7,5,224,12,1,12
-5,5,7,6,448,15,1,15
-5,5,7,7,896,18,1,18
-5,5,9,2,36,3,1,3
-5,5,9,3,72,6,1,6
-5,5,9,4,144,9,1,9
-5,5,9,5,288,12,1,12
-5,5,9,6,576,15,1,15
-5,5,9,7,1152,18,1,18
-5,5,11,2,44,3,1,3
-5,5,11,3,88,6,1,6
-5,5,11,4,176,9,1,9
-5,5,11,5,352,12,1,12
-5,5,11,6,704,15,1,15
-5,5,11,7,1408,18,1,18
-5,5,13,2,52,3,1,3
-5,5,13,3,104,6,1,6
-5,5,13,4,208,9,1,9
-5,5,13,5,416,12,1,12
-5,5,13,6,832,15,1,15
-5,5,13,7,1664,18,1,18
-5,5,15,2,60,3,1,3
-5,5,15,3,120,6,1,6
-5,5,15,4,240,9,1,9
-5,5,15,5,480,12,1,12
-5,5,15,6,960,15,1,15
-5,5,15,7,1920,18,1,18
-4,-5,1,2,4,3,0,5
-4,-5,1,3,8,6,0,9
-4,-5,1,4,16,9,0,13
-4,-5,1,5,32,12,0,16
-4,-5,1,6,64,15,0,19
-4,-5,1,7,128,18,0,22
-4,-5,3,2,12,3,0,8
-4,-5,3,3,24,6,0,10
-4,-5,3,4,48,9,0,13
-4,-5,3,5,96,12,0,16
-4,-5,3,6,192,15,0,19
-4,-5,3,7,384,18,0,22
-4,-5,5,2,20,3,0,6
-4,-5,5,3,40,6,0,11
-4,-5,5,4,80,9,0,13
-4,-5,5,5,160,12,0,16
-4,-5,5,6,320,15,0,19
-4,-5,5,7,640,18,0,22
-4,-5,7,2,28,3,0,8
-4,-5,7,3,56,6,0,10
-4,-5,7,4,112,9,0,13
-4,-5,7,5,224,12,0,16
-4,-5,7,6,448,15,0,19
-4,-5,7,7,896,18,0,22
-4,-5,9,2,36,3,0,5
-4,-5,9,3,72,6,0,9
-4,-5,9,4,144,9,0,14
-4,-5,9,5,288,12,0,17
-4,-5,9,6,576,15,0,20
-4,-5,9,7,1152,18,0,23
-4,-5,11,2,44,3,0,8
-4,-5,11,3,88,6,0,12
-4,-5,11,4,176,9,0,15
-4,-5,11,5,352,12,0,18
-4,-5,11,6,704,15,0,21
-4,-5,11,7,1408,18,0,24
-4,-5,13,2,52,3,0,7
-4,-5,13,3,104,6,0,13
-4,-5,13,4,208,9,0,14
-4,-5,13,5,416,12,0,17
-4,-5,13,6,832,15,0,20
-4,-5,13,7,1664,18,0,23
-4,-5,15,2,60,3,0,12
-4,-5,15,3,120,6,0,14
-4,-5,15,4,240,9,0,17
-4,-5,15,5,480,12,0,20
-4,-5,15,6,960,15,0,23
-4,-5,15,7,1920,18,0,26
-4,-4,1,2,4,3,0,7
-4,-4,1,3,8,6,0,10
-4,-4,1,4,16,9,0,13
-4,-4,1,5,32,12,0,16
-4,-4,1,6,64,15,0,19
-4,-4,1,7,128,18,0,22
-4,-4,3,2,12,3,0,7
-4,-4,3,3,24,6,0,10
-4,-4,3,4,48,9,0,13
-4,-4,3,5,96,12,0,16
-4,-4,3,6,192,15,0,19
-4,-4,3,7,384,18,0,22
-4,-4,5,2,20,3,0,7
-4,-4,5,3,40,6,0,10
-4,-4,5,4,80,9,0,13
-4,-4,5,5,160,12,0,16
-4,-4,5,6,320,15,0,19
-4,-4,5,7,640,18,0,22
-4,-4,7,2,28,3,0,7
-4,-4,7,3,56,6,0,10
-4,-4,7,4,112,9,0,13
-4,-4,7,5,224,12,0,16
-4,-4,7,6,448,15,0,19
-4,-4,7,7,896,18,0,22
-4,-4,9,2,36,3,0,10
-4,-4,9,3,72,6,0,13
-4,-4,9,4,144,9,0,16
-4,-4,9,5,288,12,0,19
-4,-4,9,6,576,15,0,22
-4,-4,9,7,1152,18,0,25
-4,-4,11,2,44,3,0,8
-4,-4,11,3,88,6,0,11
-4,-4,11,4,176,9,0,14
-4,-4,11,5,352,12,0,17
-4,-4,11,6,704,15,0,20
-4,-4,11,7,1408,18,0,23
-4,-4,13,2,52,3,0,9
-4,-4,13,3,104,6,0,12
-4,-4,13,4,208,9,0,15
-4,-4,13,5,416,12,0,18
-4,-4,13,6,832,15,0,21
-4,-4,13,7,1664,18,0,24
-4,-4,15,2,60,3,0,8
-4,-4,15,3,120,6,0,11
-4,-4,15,4,240,9,0,14
-4,-4,15,5,480,12,0,17
-4,-4,15,6,960,15,0,20
-4,-4,15,7,1920,18,0,23
-4,-3,1,2,4,3,0,infinity
-4,-3,1,3,8,6,0,8
-4,-3,1,4,16,9,0,11
-4,-3,1,5,32,12,0,14
-4,-3,1,6,64,15,0,17
-4,-3,1,7,128,18,0,20
-4,-3,3,2,12,3,0,5
-4,-3,3,3,24,6,0,10
-4,-3,3,4,48,9,0,12
-4,-3,3,5,96,12,0,15
-4,-3,3,6,192,15,0,18
-4,-3,3,7,384,18,0,21
-4,-3,5,2,20,3,0,8
-4,-3,5,3,40,6,0,11
-4,-3,5,4,80,9,0,14
-4,-3,5,5,160,12,0,17
-4,-3,5,6,320,15,0,20
-4,-3,5,7,640,18,0,23
-4,-3,7,2,28,3,0,5
-4,-3,7,3,56,6,0,9
-4,-3,7,4,112,9,0,14
-4,-3,7,5,224,12,0,17
-4,-3,7,6,448,15,0,20
-4,-3,7,7,896,18,0,23
-4,-3,9,2,36,3,0,7
-4,-3,9,3,72,6,0,8
-4,-3,9,4,144,9,0,11
-4,-3,9,5,288,12,0,14
-4,-3,9,6,576,15,0,17
-4,-3,9,7,1152,18,0,20
-4,-3,11,2,44,3,0,5
-4,-3,11,3,88,6,0,12
-4,-3,11,4,176,9,0,12
-4,-3,11,5,352,12,0,15
-4,-3,11,6,704,15,0,18
-4,-3,11,7,1408,18,0,21
-4,-3,13,2,52,3,0,8
-4,-3,13,3,104,6,0,10
-4,-3,13,4,208,9,0,13
-4,-3,13,5,416,12,0,16
-4,-3,13,6,832,15,0,19
-4,-3,13,7,1664,18,0,22
-4,-3,15,2,60,3,0,7
-4,-3,15,3,120,6,0,11
-4,-3,15,4,240,9,0,15
-4,-3,15,5,480,12,0,18
-4,-3,15,6,960,15,0,21
-4,-3,15,7,1920,18,0,24
-4,-2,1,2,4,3,0,7
-4,-2,1,3,8,6,0,10
-4,-2,1,4,16,9,0,13
-4,-2,1,5,32,12,0,16
-4,-2,1,6,64,15,0,19
-4,-2,1,7,128,18,0,22
-4,-2,3,2,12,3,0,9
-4,-2,3,3,24,6,0,13
-4,-2,3,4,48,9,0,16
-4,-2,3,5,96,12,0,19
-4,-2,3,6,192,15,0,22
-4,-2,3,7,384,18,0,25
-4,-2,5,2,20,3,0,7
-4,-2,5,3,40,6,0,10
-4,-2,5,4,80,9,0,13
-4,-2,5,5,160,12,0,16
-4,-2,5,6,320,15,0,19
-4,-2,5,7,640,18,0,22
-4,-2,7,2,28,3,0,10
-4,-2,7,3,56,6,0,12
-4,-2,7,4,112,9,0,15
-4,-2,7,5,224,12,0,18
-4,-2,7,6,448,15,0,21
-4,-2,7,7,896,18,0,24
-4,-2,9,2,36,3,0,8
-4,-2,9,3,72,6,0,11
-4,-2,9,4,144,9,0,14
-4,-2,9,5,288,12,0,17
-4,-2,9,6,576,15,0,20
-4,-2,9,7,1152,18,0,23
-4,-2,11,2,44,3,0,9
-4,-2,11,3,88,6,0,15
-4,-2,11,4,176,9,0,18
-4,-2,11,5,352,12,0,21
-4,-2,11,6,704,15,0,24
-4,-2,11,7,1408,18,0,27
-4,-2,13,2,52,3,0,7
-4,-2,13,3,104,6,0,10
-4,-2,13,4,208,9,0,13
-4,-2,13,5,416,12,0,16
-4,-2,13,6,832,15,0,19
-4,-2,13,7,1664,18,0,22
-4,-2,15,2,60,3,0,12
-4,-2,15,3,120,6,0,13
-4,-2,15,4,240,9,0,16
-4,-2,15,5,480,12,0,19
-4,-2,15,6,960,15,0,22
-4,-2,15,7,1920,18,0,25
-4,-1,1,2,4,3,0,5
-4,-1,1,3,8,6,0,11
-4,-1,1,4,16,9,0,12
-4,-1,1,5,32,12,0,15
-4,-1,1,6,64,15,0,18
-4,-1,1,7,128,18,0,21
-4,-1,3,2,12,3,0,7
-4,-1,3,3,24,6,0,9
-4,-1,3,4,48,9,0,12
-4,-1,3,5,96,12,0,15
-4,-1,3,6,192,15,0,18
-4,-1,3,7,384,18,0,21
-4,-1,5,2,20,3,0,5
-4,-1,5,3,40,6,0,9
-4,-1,5,4,80,9,0,13
-4,-1,5,5,160,12,0,16
-4,-1,5,6,320,15,0,19
-4,-1,5,7,640,18,0,22
-4,-1,7,2,28,3,0,8
-4,-1,7,3,56,6,0,12
-4,-1,7,4,112,9,0,15
-4,-1,7,5,224,12,0,18
-4,-1,7,6,448,15,0,21
-4,-1,7,7,896,18,0,24
-4,-1,9,2,36,3,0,5
-4,-1,9,3,72,6,0,10
-4,-1,9,4,144,9,0,12
-4,-1,9,5,288,12,0,15
-4,-1,9,6,576,15,0,18
-4,-1,9,7,1152,18,0,21
-4,-1,11,2,44,3,0,8
-4,-1,11,3,88,6,0,10
-4,-1,11,4,176,9,0,13
-4,-1,11,5,352,12,0,16
-4,-1,11,6,704,15,0,19
-4,-1,11,7,1408,18,0,22
-4,-1,13,2,52,3,0,5
-4,-1,13,3,104,6,0,9
-4,-1,13,4,208,9,0,16
-4,-1,13,5,416,12,0,19
-4,-1,13,6,832,15,0,22
-4,-1,13,7,1664,18,0,25
-4,-1,15,2,60,3,0,11
-4,-1,15,3,120,6,0,13
-4,-1,15,4,240,9,0,16
-4,-1,15,5,480,12,0,19
-4,-1,15,6,960,15,0,22
-4,-1,15,7,1920,18,0,25
-4,0,1,2,4,3,0,8
-4,0,1,3,8,6,0,11
-4,0,1,4,16,9,0,14
-4,0,1,5,32,12,0,17
-4,0,1,6,64,15,0,20
-4,0,1,7,128,18,0,23
-4,0,3,2,12,3,0,8
-4,0,3,3,24,6,0,11
-4,0,3,4,48,9,0,14
-4,0,3,5,96,12,0,17
-4,0,3,6,192,15,0,20
-4,0,3,7,384,18,0,23
-4,0,5,2,20,3,0,10
-4,0,5,3,40,6,0,13
-4,0,5,4,80,9,0,16
-4,0,5,5,160,12,0,19
-4,0,5,6,320,15,0,22
-4,0,5,7,640,18,0,25
-4,0,7,2,28,3,0,9
-4,0,7,3,56,6,0,12
-4,0,7,4,112,9,0,15
-4,0,7,5,224,12,0,18
-4,0,7,6,448,15,0,21
-4,0,7,7,896,18,0,24
-4,0,9,2,36,3,0,10
-4,0,9,3,72,6,0,13
-4,0,9,4,144,9,0,16
-4,0,9,5,288,12,0,19
-4,0,9,6,576,15,0,22
-4,0,9,7,1152,18,0,25
-4,0,11,2,44,3,0,8
-4,0,11,3,88,6,0,11
-4,0,11,4,176,9,0,14
-4,0,11,5,352,12,0,17
-4,0,11,6,704,15,0,20
-4,0,11,7,1408,18,0,23
-4,0,13,2,52,3,0,10
-4,0,13,3,104,6,0,13
-4,0,13,4,208,9,0,16
-4,0,13,5,416,12,0,19
-4,0,13,6,832,15,0,22
-4,0,13,7,1664,18,0,25
-4,0,15,2,60,3,0,10
-4,0,15,3,120,6,0,13
-4,0,15,4,240,9,0,16
-4,0,15,5,480,12,0,19
-4,0,15,6,960,15,0,22
-4,0,15,7,1920,18,0,25
-4,1,1,2,4,3,0,6
-4,1,1,3,8,6,0,8
-4,1,1,4,16,9,0,11
-4,1,1,5,32,12,0,14
-4,1,1,6,64,15,0,17
-4,1,1,7,128,18,0,20
-4,1,3,2,12,3,0,5
-4,1,3,3,24,6,0,9
-4,1,3,4,48,9,0,13
-4,1,3,5,96,12,0,16
-4,1,3,6,192,15,0,19
-4,1,3,7,384,18,0,22
-4,1,5,2,20,3,0,8
-4,1,5,3,40,6,0,8
-4,1,5,4,80,9,0,11
-4,1,5,5,160,12,0,14
-4,1,5,6,320,15,0,17
-4,1,5,7,640,18,0,20
-4,1,7,2,28,3,0,7
-4,1,7,3,56,6,0,12
-4,1,7,4,112,9,0,14
-4,1,7,5,224,12,0,17
-4,1,7,6,448,15,0,20
-4,1,7,7,896,18,0,23
-4,1,9,2,36,3,0,6
-4,1,9,3,72,6,0,8
-4,1,9,4,144,9,0,11
-4,1,9,5,288,12,0,14
-4,1,9,6,576,15,0,17
-4,1,9,7,1152,18,0,20
-4,1,11,2,44,3,0,5
-4,1,11,3,88,6,0,9
-4,1,11,4,176,9,0,15
-4,1,11,5,352,12,0,18
-4,1,11,6,704,15,0,21
-4,1,11,7,1408,18,0,24
-4,1,13,2,52,3,0,9
-4,1,13,3,104,6,0,10
-4,1,13,4,208,9,0,13
-4,1,13,5,416,12,0,16
-4,1,13,6,832,15,0,19
-4,1,13,7,1664,18,0,22
-4,1,15,2,60,3,0,8
-4,1,15,3,120,6,0,14
-4,1,15,4,240,9,0,15
-4,1,15,5,480,12,0,18
-4,1,15,6,960,15,0,21
-4,1,15,7,1920,18,0,24
-4,2,1,2,4,3,0,9
-4,2,1,3,8,6,0,12
-4,2,1,4,16,9,0,15
-4,2,1,5,32,12,0,18
-4,2,1,6,64,15,0,21
-4,2,1,7,128,18,0,24
-4,2,3,2,12,3,0,10
-4,2,3,3,24,6,0,13
-4,2,3,4,48,9,0,16
-4,2,3,5,96,12,0,19
-4,2,3,6,192,15,0,22
-4,2,3,7,384,18,0,25
-4,2,5,2,20,3,0,10
-4,2,5,3,40,6,0,13
-4,2,5,4,80,9,0,16
-4,2,5,5,160,12,0,19
-4,2,5,6,320,15,0,22
-4,2,5,7,640,18,0,25
-4,2,7,2,28,3,0,11
-4,2,7,3,56,6,0,14
-4,2,7,4,112,9,0,17
-4,2,7,5,224,12,0,20
-4,2,7,6,448,15,0,23
-4,2,7,7,896,18,0,26
-4,2,9,2,36,3,0,10
-4,2,9,3,72,6,0,13
-4,2,9,4,144,9,0,16
-4,2,9,5,288,12,0,19
-4,2,9,6,576,15,0,22
-4,2,9,7,1152,18,0,25
-4,2,11,2,44,3,0,11
-4,2,11,3,88,6,0,14
-4,2,11,4,176,9,0,17
-4,2,11,5,352,12,0,20
-4,2,11,6,704,15,0,23
-4,2,11,7,1408,18,0,26
-4,2,13,2,52,3,0,11
-4,2,13,3,104,6,0,14
-4,2,13,4,208,9,0,17
-4,2,13,5,416,12,0,20
-4,2,13,6,832,15,0,23
-4,2,13,7,1664,18,0,26
-4,2,15,2,60,3,0,12
-4,2,15,3,120,6,0,15
-4,2,15,4,240,9,0,18
-4,2,15,5,480,12,0,21
-4,2,15,6,960,15,0,24
-4,2,15,7,1920,18,0,27
-4,3,1,2,4,3,0,5
-4,3,1,3,8,6,0,9
-4,3,1,4,16,9,0,18
-4,3,1,5,32,12,0,28
-4,3,1,6,64,15,0,47
-4,3,1,7,128,18,0,82
-4,3,3,2,12,3,0,8
-4,3,3,3,24,6,0,16
-4,3,3,4,48,9,0,32
-4,3,3,5,96,12,0,60
-4,3,3,6,192,15,0,111
-4,3,3,7,384,18,0,210
-4,3,5,2,20,3,0,15
-4,3,5,3,40,6,0,27
-4,3,5,4,80,9,0,55
-4,3,5,5,160,12,0,94
-4,3,5,6,320,15,0,177
-4,3,5,7,640,18,0,340
-4,3,7,2,28,3,0,16
-4,3,7,3,56,6,0,32
-4,3,7,4,112,9,0,64
-4,3,7,5,224,12,0,125
-4,3,7,6,448,15,0,240
-4,3,7,7,896,18,0,467
-4,3,9,2,36,3,0,23
-4,3,9,3,72,6,0,43
-4,3,9,4,144,9,0,84
-4,3,9,5,288,12,0,158
-4,3,9,6,576,15,0,305
-4,3,9,7,1152,18,0,596
-4,3,11,2,44,3,0,24
-4,3,11,3,88,6,0,48
-4,3,11,4,176,9,0,96
-4,3,11,5,352,12,0,188
-4,3,11,6,704,15,0,367
-4,3,11,7,1408,18,0,722
-4,3,13,2,52,3,0,31
-4,3,13,3,104,6,0,59
-4,3,13,4,208,9,0,117
-4,3,13,5,416,12,0,222
-4,3,13,6,832,15,0,433
-4,3,13,7,1664,18,0,852
-4,3,15,2,60,3,0,32
-4,3,15,3,120,6,0,64
-4,3,15,4,240,9,0,128
-4,3,15,5,480,12,0,254
-4,3,15,6,960,15,0,497
-4,3,15,7,1920,18,0,980
-4,4,1,2,4,3,0,7
-4,4,1,3,8,6,0,10
-4,4,1,4,16,9,0,13
-4,4,1,5,32,12,0,16
-4,4,1,6,64,15,0,19
-4,4,1,7,128,18,0,22
-4,4,3,2,12,3,0,7
-4,4,3,3,24,6,0,10
-4,4,3,4,48,9,0,13
-4,4,3,5,96,12,0,16
-4,4,3,6,192,15,0,19
-4,4,3,7,384,18,0,22
-4,4,5,2,20,3,0,7
-4,4,5,3,40,6,0,10
-4,4,5,4,80,9,0,13
-4,4,5,5,160,12,0,16
-4,4,5,6,320,15,0,19
-4,4,5,7,640,18,0,22
-4,4,7,2,28,3,0,7
-4,4,7,3,56,6,0,10
-4,4,7,4,112,9,0,13
-4,4,7,5,224,12,0,16
-4,4,7,6,448,15,0,19
-4,4,7,7,896,18,0,22
-4,4,9,2,36,3,0,7
-4,4,9,3,72,6,0,10
-4,4,9,4,144,9,0,13
-4,4,9,5,288,12,0,16
-4,4,9,6,576,15,0,19
-4,4,9,7,1152,18,0,22
-4,4,11,2,44,3,0,7
-4,4,11,3,88,6,0,10
-4,4,11,4,176,9,0,13
-4,4,11,5,352,12,0,16
-4,4,11,6,704,15,0,19
-4,4,11,7,1408,18,0,22
-4,4,13,2,52,3,0,7
-4,4,13,3,104,6,0,10
-4,4,13,4,208,9,0,13
-4,4,13,5,416,12,0,16
-4,4,13,6,832,15,0,19
-4,4,13,7,1664,18,0,22
-4,4,15,2,60,3,0,7
-4,4,15,3,120,6,0,10
-4,4,15,4,240,9,0,13
-4,4,15,5,480,12,0,16
-4,4,15,6,960,15,0,19
-4,4,15,7,1920,18,0,22
-4,5,1,2,4,3,0,7
-4,5,1,3,8,6,0,8
-4,5,1,4,16,9,0,11
-4,5,1,5,32,12,0,14
-4,5,1,6,64,15,0,17
-4,5,1,7,128,18,0,20
-4,5,3,2,12,3,0,5
-4,5,3,3,24,6,0,11
-4,5,3,4,48,9,0,12
-4,5,3,5,96,12,0,15
-4,5,3,6,192,15,0,18
-4,5,3,7,384,18,0,21
-4,5,5,2,20,3,0,7
-4,5,5,3,40,6,0,9
-4,5,5,4,80,9,0,12
-4,5,5,5,160,12,0,15
-4,5,5,6,320,15,0,18
-4,5,5,7,640,18,0,21
-4,5,7,2,28,3,0,5
-4,5,7,3,56,6,0,9
-4,5,7,4,112,9,0,13
-4,5,7,5,224,12,0,16
-4,5,7,6,448,15,0,19
-4,5,7,7,896,18,0,22
-4,5,9,2,36,3,0,13
-4,5,9,3,72,6,0,9
-4,5,9,4,144,9,0,12
-4,5,9,5,288,12,0,15
-4,5,9,6,576,15,0,18
-4,5,9,7,1152,18,0,21
-4,5,11,2,44,3,0,6
-4,5,11,3,88,6,0,11
-4,5,11,4,176,9,0,13
-4,5,11,5,352,12,0,16
-4,5,11,6,704,15,0,19
-4,5,11,7,1408,18,0,22
-4,5,13,2,52,3,0,11
-4,5,13,3,104,6,0,10
-4,5,13,4,208,9,0,13
-4,5,13,5,416,12,0,16
-4,5,13,6,832,15,0,19
-4,5,13,7,1664,18,0,22
-4,5,15,2,60,3,0,5
-4,5,15,3,120,6,0,9
-4,5,15,4,240,9,0,14
-4,5,15,5,480,12,0,17
-4,5,15,6,960,15,0,20
-4,5,15,7,1920,18,0,23
-3,-5,1,2,4,3,1,3
-3,-5,1,3,8,6,1,6
-3,-5,1,4,16,9,1,9
-3,-5,1,5,32,12,1,12
-3,-5,1,6,64,15,1,15
-3,-5,1,7,128,18,1,18
-3,-5,3,2,12,3,1,3
-3,-5,3,3,24,6,1,6
-3,-5,3,4,48,9,1,9
-3,-5,3,5,96,12,1,12
-3,-5,3,6,192,15,1,15
-3,-5,3,7,384,18,1,18
-3,-5,5,2,20,3,1,3
-3,-5,5,3,40,6,1,6
-3,-5,5,4,80,9,1,9
-3,-5,5,5,160,12,1,12
-3,-5,5,6,320,15,1,15
-3,-5,5,7,640,18,1,18
-3,-5,7,2,28,3,1,3
-3,-5,7,3,56,6,1,6
-3,-5,7,4,112,9,1,9
-3,-5,7,5,224,12,1,12
-3,-5,7,6,448,15,1,15
-3,-5,7,7,896,18,1,18
-3,-5,9,2,36,3,0,6
-3,-5,9,3,72,6,0,9
-3,-5,9,4,144,9,0,12
-3,-5,9,5,288,12,0,15
-3,-5,9,6,576,15,0,18
-3,-5,9,7,1152,18,0,21
-3,-5,11,2,44,3,0,4
-3,-5,11,3,88,6,0,7
-3,-5,11,4,176,9,0,10
-3,-5,11,5,352,12,0,13
-3,-5,11,6,704,15,0,16
-3,-5,11,7,1408,18,0,19
-3,-5,13,2,52,3,0,5
-3,-5,13,3,104,6,0,8
-3,-5,13,4,208,9,0,11
-3,-5,13,5,416,12,0,14
-3,-5,13,6,832,15,0,17
-3,-5,13,7,1664,18,0,20
-3,-5,15,2,60,3,0,4
-3,-5,15,3,120,6,0,7
-3,-5,15,4,240,9,0,10
-3,-5,15,5,480,12,0,13
-3,-5,15,6,960,15,0,16
-3,-5,15,7,1920,18,0,19
-3,-4,1,2,4,3,0,infinity
-3,-4,1,3,8,6,0,8
-3,-4,1,4,16,9,0,11
-3,-4,1,5,32,12,0,14
-3,-4,1,6,64,15,0,17
-3,-4,1,7,128,18,0,20
-3,-4,3,2,12,3,0,5
-3,-4,3,3,24,6,0,10
-3,-4,3,4,48,9,0,12
-3,-4,3,5,96,12,0,15
-3,-4,3,6,192,15,0,18
-3,-4,3,7,384,18,0,21
-3,-4,5,2,20,3,0,8
-3,-4,5,3,40,6,0,11
-3,-4,5,4,80,9,0,14
-3,-4,5,5,160,12,0,17
-3,-4,5,6,320,15,0,20
-3,-4,5,7,640,18,0,23
-3,-4,7,2,28,3,0,5
-3,-4,7,3,56,6,0,9
-3,-4,7,4,112,9,0,14
-3,-4,7,5,224,12,0,17
-3,-4,7,6,448,15,0,20
-3,-4,7,7,896,18,0,23
-3,-4,9,2,36,3,0,7
-3,-4,9,3,72,6,0,8
-3,-4,9,4,144,9,0,11
-3,-4,9,5,288,12,0,14
-3,-4,9,6,576,15,0,17
-3,-4,9,7,1152,18,0,20
-3,-4,11,2,44,3,0,5
-3,-4,11,3,88,6,0,12
-3,-4,11,4,176,9,0,12
-3,-4,11,5,352,12,0,15
-3,-4,11,6,704,15,0,18
-3,-4,11,7,1408,18,0,21
-3,-4,13,2,52,3,0,8
-3,-4,13,3,104,6,0,10
-3,-4,13,4,208,9,0,13
-3,-4,13,5,416,12,0,16
-3,-4,13,6,832,15,0,19
-3,-4,13,7,1664,18,0,22
-3,-4,15,2,60,3,0,7
-3,-4,15,3,120,6,0,11
-3,-4,15,4,240,9,0,15
-3,-4,15,5,480,12,0,18
-3,-4,15,6,960,15,0,21
-3,-4,15,7,1920,18,0,24
-3,-3,1,2,4,3,1,3
-3,-3,1,3,8,6,1,6
-3,-3,1,4,16,9,1,9
-3,-3,1,5,32,12,1,12
-3,-3,1,6,64,15,1,15
-3,-3,1,7,128,18,1,18
-3,-3,3,2,12,3,0,6
-3,-3,3,3,24,6,0,9
-3,-3,3,4,48,9,0,12
-3,-3,3,5,96,12,0,15
-3,-3,3,6,192,15,0,18
-3,-3,3,7,384,18,0,21
-3,-3,5,2,20,3,1,3
-3,-3,5,3,40,6,1,6
-3,-3,5,4,80,9,1,9
-3,-3,5,5,160,12,1,12
-3,-3,5,6,320,15,1,15
-3,-3,5,7,640,18,1,18
-3,-3,7,2,28,3,0,5
-3,-3,7,3,56,6,0,8
-3,-3,7,4,112,9,0,11
-3,-3,7,5,224,12,0,14
-3,-3,7,6,448,15,0,17
-3,-3,7,7,896,18,0,20
-3,-3,9,2,36,3,0,4
-3,-3,9,3,72,6,0,7
-3,-3,9,4,144,9,0,10
-3,-3,9,5,288,12,0,13
-3,-3,9,6,576,15,0,16
-3,-3,9,7,1152,18,0,19
-3,-3,11,2,44,3,0,8
-3,-3,11,3,88,6,0,11
-3,-3,11,4,176,9,0,14
-3,-3,11,5,352,12,0,17
-3,-3,11,6,704,15,0,20
-3,-3,11,7,1408,18,0,23
-3,-3,13,2,52,3,1,3
-3,-3,13,3,104,6,1,6
-3,-3,13,4,208,9,1,9
-3,-3,13,5,416,12,1,12
-3,-3,13,6,832,15,1,15
-3,-3,13,7,1664,18,1,18
-3,-3,15,2,60,3,0,6
-3,-3,15,3,120,6,0,9
-3,-3,15,4,240,9,0,12
-3,-3,15,5,480,12,0,15
-3,-3,15,6,960,15,0,18
-3,-3,15,7,1920,18,0,21
-3,-2,1,2,4,3,0,4
-3,-2,1,3,8,6,0,8
-3,-2,1,4,16,9,0,14
-3,-2,1,5,32,12,0,17
-3,-2,1,6,64,15,0,20
-3,-2,1,7,128,18,0,23
-3,-2,3,2,12,3,0,5
-3,-2,3,3,24,6,0,9
-3,-2,3,4,48,9,0,14
-3,-2,3,5,96,12,0,17
-3,-2,3,6,192,15,0,20
-3,-2,3,7,384,18,0,23
-3,-2,5,2,20,3,0,4
-3,-2,5,3,40,6,0,8
-3,-2,5,4,80,9,0,15
-3,-2,5,5,160,12,0,18
-3,-2,5,6,320,15,0,21
-3,-2,5,7,640,18,0,24
-3,-2,7,2,28,3,0,12
-3,-2,7,3,56,6,0,12
-3,-2,7,4,112,9,0,17
-3,-2,7,5,224,12,0,20
-3,-2,7,6,448,15,0,23
-3,-2,7,7,896,18,0,26
-3,-2,9,2,36,3,0,4
-3,-2,9,3,72,6,0,8
-3,-2,9,4,144,9,0,14
-3,-2,9,5,288,12,0,17
-3,-2,9,6,576,15,0,20
-3,-2,9,7,1152,18,0,23
-3,-2,11,2,44,3,0,6
-3,-2,11,3,88,6,0,10
-3,-2,11,4,176,9,0,15
-3,-2,11,5,352,12,0,18
-3,-2,11,6,704,15,0,21
-3,-2,11,7,1408,18,0,24
-3,-2,13,2,52,3,0,4
-3,-2,13,3,104,6,0,8
-3,-2,13,4,208,9,0,17
-3,-2,13,5,416,12,0,21
-3,-2,13,6,832,15,0,24
-3,-2,13,7,1664,18,0,27
-3,-2,15,2,60,3,0,9
-3,-2,15,3,120,6,0,13
-3,-2,15,4,240,9,0,18
-3,-2,15,5,480,12,0,21
-3,-2,15,6,960,15,0,24
-3,-2,15,7,1920,18,0,27
-3,-1,1,2,4,3,1,3
-3,-1,1,3,8,6,1,6
-3,-1,1,4,16,9,1,9
-3,-1,1,5,32,12,1,12
-3,-1,1,6,64,15,1,15
-3,-1,1,7,128,18,1,18
-3,-1,3,2,12,3,1,3
-3,-1,3,3,24,6,1,6
-3,-1,3,4,48,9,1,9
-3,-1,3,5,96,12,1,12
-3,-1,3,6,192,15,1,15
-3,-1,3,7,384,18,1,18
-3,-1,5,2,20,3,0,5
-3,-1,5,3,40,6,0,8
-3,-1,5,4,80,9,0,11
-3,-1,5,5,160,12,0,14
-3,-1,5,6,320,15,0,17
-3,-1,5,7,640,18,0,20
-3,-1,7,2,28,3,0,4
-3,-1,7,3,56,6,0,7
-3,-1,7,4,112,9,0,10
-3,-1,7,5,224,12,0,13
-3,-1,7,6,448,15,0,16
-3,-1,7,7,896,18,0,19
-3,-1,9,2,36,3,0,5
-3,-1,9,3,72,6,0,8
-3,-1,9,4,144,9,0,11
-3,-1,9,5,288,12,0,14
-3,-1,9,6,576,15,0,17
-3,-1,9,7,1152,18,0,20
-3,-1,11,2,44,3,1,3
-3,-1,11,3,88,6,1,6
-3,-1,11,4,176,9,1,9
-3,-1,11,5,352,12,1,12
-3,-1,11,6,704,15,1,15
-3,-1,11,7,1408,18,1,18
-3,-1,13,2,52,3,0,5
-3,-1,13,3,104,6,0,8
-3,-1,13,4,208,9,0,11
-3,-1,13,5,416,12,0,14
-3,-1,13,6,832,15,0,17
-3,-1,13,7,1664,18,0,20
-3,-1,15,2,60,3,0,5
-3,-1,15,3,120,6,0,8
-3,-1,15,4,240,9,0,11
-3,-1,15,5,480,12,0,14
-3,-1,15,6,960,15,0,17
-3,-1,15,7,1920,18,0,20
-3,0,1,2,4,3,0,5
-3,0,1,3,8,6,0,8
-3,0,1,4,16,9,0,11
-3,0,1,5,32,12,0,14
-3,0,1,6,64,15,0,17
-3,0,1,7,128,18,0,20
-3,0,3,2,12,3,0,7
-3,0,3,3,24,6,0,10
-3,0,3,4,48,9,0,13
-3,0,3,5,96,12,0,16
-3,0,3,6,192,15,0,19
-3,0,3,7,384,18,0,22
-3,0,5,2,20,3,0,5
-3,0,5,3,40,6,0,8
-3,0,5,4,80,9,0,11
-3,0,5,5,160,12,0,14
-3,0,5,6,320,15,0,17
-3,0,5,7,640,18,0,20
-3,0,7,2,28,3,0,8
-3,0,7,3,56,6,0,11
-3,0,7,4,112,9,0,14
-3,0,7,5,224,12,0,17
-3,0,7,6,448,15,0,20
-3,0,7,7,896,18,0,23
-3,0,9,2,36,3,0,5
-3,0,9,3,72,6,0,8
-3,0,9,4,144,9,0,11
-3,0,9,5,288,12,0,14
-3,0,9,6,576,15,0,17
-3,0,9,7,1152,18,0,20
-3,0,11,2,44,3,0,9
-3,0,11,3,88,6,0,12
-3,0,11,4,176,9,0,15
-3,0,11,5,352,12,0,18
-3,0,11,6,704,15,0,21
-3,0,11,7,1408,18,0,24
-3,0,13,2,52,3,0,7
-3,0,13,3,104,6,0,10
-3,0,13,4,208,9,0,13
-3,0,13,5,416,12,0,16
-3,0,13,6,832,15,0,19
-3,0,13,7,1664,18,0,22
-3,0,15,2,60,3,0,9
-3,0,15,3,120,6,0,12
-3,0,15,4,240,9,0,15
-3,0,15,5,480,12,0,18
-3,0,15,6,960,15,0,21
-3,0,15,7,1920,18,0,24
-3,1,1,2,4,3,1,3
-3,1,1,3,8,6,1,6
-3,1,1,4,16,9,1,9
-3,1,1,5,32,12,1,12
-3,1,1,6,64,15,1,15
-3,1,1,7,128,18,1,18
-3,1,3,2,12,3,0,4
-3,1,3,3,24,6,0,7
-3,1,3,4,48,9,0,10
-3,1,3,5,96,12,0,13
-3,1,3,6,192,15,0,16
-3,1,3,7,384,18,0,19
-3,1,5,2,20,3,0,4
-3,1,5,3,40,6,0,7
-3,1,5,4,80,9,0,10
-3,1,5,5,160,12,0,13
-3,1,5,6,320,15,0,16
-3,1,5,7,640,18,0,19
-3,1,7,2,28,3,0,5
-3,1,7,3,56,6,0,8
-3,1,7,4,112,9,0,11
-3,1,7,5,224,12,0,14
-3,1,7,6,448,15,0,17
-3,1,7,7,896,18,0,20
-3,1,9,2,36,3,0,4
-3,1,9,3,72,6,0,7
-3,1,9,4,144,9,0,10
-3,1,9,5,288,12,0,13
-3,1,9,6,576,15,0,16
-3,1,9,7,1152,18,0,19
-3,1,11,2,44,3,0,5
-3,1,11,3,88,6,0,8
-3,1,11,4,176,9,0,11
-3,1,11,5,352,12,0,14
-3,1,11,6,704,15,0,17
-3,1,11,7,1408,18,0,20
-3,1,13,2,52,3,0,5
-3,1,13,3,104,6,0,8
-3,1,13,4,208,9,0,11
-3,1,13,5,416,12,0,14
-3,1,13,6,832,15,0,17
-3,1,13,7,1664,18,0,20
-3,1,15,2,60,3,0,6
-3,1,15,3,120,6,0,9
-3,1,15,4,240,9,0,12
-3,1,15,5,480,12,0,15
-3,1,15,6,960,15,0,18
-3,1,15,7,1920,18,0,21
-3,2,1,2,4,3,0,4
-3,2,1,3,8,6,0,8
-3,2,1,4,16,9,0,17
-3,2,1,5,32,12,0,27
-3,2,1,6,64,15,0,46
-3,2,1,7,128,18,0,81
-3,2,3,2,12,3,0,9
-3,2,3,3,24,6,0,17
-3,2,3,4,48,9,0,33
-3,2,3,5,96,12,0,61
-3,2,3,6,192,15,0,112
-3,2,3,7,384,18,0,211
-3,2,5,2,20,3,0,12
-3,2,5,3,40,6,0,24
-3,2,5,4,80,9,0,52
-3,2,5,5,160,12,0,91
-3,2,5,6,320,15,0,174
-3,2,5,7,640,18,0,337
-3,2,7,2,28,3,0,17
-3,2,7,3,56,6,0,33
-3,2,7,4,112,9,0,65
-3,2,7,5,224,12,0,126
-3,2,7,6,448,15,0,241
-3,2,7,7,896,18,0,468
-3,2,9,2,36,3,0,20
-3,2,9,3,72,6,0,40
-3,2,9,4,144,9,0,81
-3,2,9,5,288,12,0,155
-3,2,9,6,576,15,0,302
-3,2,9,7,1152,18,0,593
-3,2,11,2,44,3,0,27
-3,2,11,3,88,6,0,51
-3,2,11,4,176,9,0,99
-3,2,11,5,352,12,0,191
-3,2,11,6,704,15,0,370
-3,2,11,7,1408,18,0,725
-3,2,13,2,52,3,0,30
-3,2,13,3,104,6,0,58
-3,2,13,4,208,9,0,116
-3,2,13,5,416,12,0,221
-3,2,13,6,832,15,0,432
-3,2,13,7,1664,18,0,851
-3,2,15,2,60,3,0,33
-3,2,15,3,120,6,0,65
-3,2,15,4,240,9,0,129
-3,2,15,5,480,12,0,255
-3,2,15,6,960,15,0,498
-3,2,15,7,1920,18,0,981
-3,3,1,2,4,3,1,3
-3,3,1,3,8,6,1,6
-3,3,1,4,16,9,1,9
-3,3,1,5,32,12,1,12
-3,3,1,6,64,15,1,15
-3,3,1,7,128,18,1,18
-3,3,3,2,12,3,1,3
-3,3,3,3,24,6,1,6
-3,3,3,4,48,9,1,9
-3,3,3,5,96,12,1,12
-3,3,3,6,192,15,1,15
-3,3,3,7,384,18,1,18
-3,3,5,2,20,3,1,3
-3,3,5,3,40,6,1,6
-3,3,5,4,80,9,1,9
-3,3,5,5,160,12,1,12
-3,3,5,6,320,15,1,15
-3,3,5,7,640,18,1,18
-3,3,7,2,28,3,1,3
-3,3,7,3,56,6,1,6
-3,3,7,4,112,9,1,9
-3,3,7,5,224,12,1,12
-3,3,7,6,448,15,1,15
-3,3,7,7,896,18,1,18
-3,3,9,2,36,3,1,3
-3,3,9,3,72,6,1,6
-3,3,9,4,144,9,1,9
-3,3,9,5,288,12,1,12
-3,3,9,6,576,15,1,15
-3,3,9,7,1152,18,1,18
-3,3,11,2,44,3,1,3
-3,3,11,3,88,6,1,6
-3,3,11,4,176,9,1,9
-3,3,11,5,352,12,1,12
-3,3,11,6,704,15,1,15
-3,3,11,7,1408,18,1,18
-3,3,13,2,52,3,1,3
-3,3,13,3,104,6,1,6
-3,3,13,4,208,9,1,9
-3,3,13,5,416,12,1,12
-3,3,13,6,832,15,1,15
-3,3,13,7,1664,18,1,18
-3,3,15,2,60,3,1,3
-3,3,15,3,120,6,1,6
-3,3,15,4,240,9,1,9
-3,3,15,5,480,12,1,12
-3,3,15,6,960,15,1,15
-3,3,15,7,1920,18,1,18
-3,4,1,2,4,3,0,6
-3,4,1,3,8,6,0,8
-3,4,1,4,16,9,0,11
-3,4,1,5,32,12,0,14
-3,4,1,6,64,15,0,17
-3,4,1,7,128,18,0,20
-3,4,3,2,12,3,0,5
-3,4,3,3,24,6,0,10
-3,4,3,4,48,9,0,12
-3,4,3,5,96,12,0,15
-3,4,3,6,192,15,0,18
-3,4,3,7,384,18,0,21
-3,4,5,2,20,3,0,8
-3,4,5,3,40,6,0,9
-3,4,5,4,80,9,0,12
-3,4,5,5,160,12,0,15
-3,4,5,6,320,15,0,18
-3,4,5,7,640,18,0,21
-3,4,7,2,28,3,0,5
-3,4,7,3,56,6,0,9
-3,4,7,4,112,9,0,13
-3,4,7,5,224,12,0,16
-3,4,7,6,448,15,0,19
-3,4,7,7,896,18,0,22
-3,4,9,2,36,3,0,7
-3,4,9,3,72,6,0,9
-3,4,9,4,144,9,0,12
-3,4,9,5,288,12,0,15
-3,4,9,6,576,15,0,18
-3,4,9,7,1152,18,0,21
-3,4,11,2,44,3,0,6
-3,4,11,3,88,6,0,12
-3,4,11,4,176,9,0,13
-3,4,11,5,352,12,0,16
-3,4,11,6,704,15,0,19
-3,4,11,7,1408,18,0,22
-3,4,13,2,52,3,0,8
-3,4,13,3,104,6,0,10
-3,4,13,4,208,9,0,13
-3,4,13,5,416,12,0,16
-3,4,13,6,832,15,0,19
-3,4,13,7,1664,18,0,22
-3,4,15,2,60,3,0,5
-3,4,15,3,120,6,0,9
-3,4,15,4,240,9,0,14
-3,4,15,5,480,12,0,17
-3,4,15,6,960,15,0,20
-3,4,15,7,1920,18,0,23
-3,5,1,2,4,3,1,3
-3,5,1,3,8,6,1,6
-3,5,1,4,16,9,1,9
-3,5,1,5,32,12,1,12
-3,5,1,6,64,15,1,15
-3,5,1,7,128,18,1,18
-3,5,3,2,12,3,0,5
-3,5,3,3,24,6,0,8
-3,5,3,4,48,9,0,11
-3,5,3,5,96,12,0,14
-3,5,3,6,192,15,0,17
-3,5,3,7,384,18,0,20
-3,5,5,2,20,3,1,3
-3,5,5,3,40,6,1,6
-3,5,5,4,80,9,1,9
-3,5,5,5,160,12,1,12
-3,5,5,6,320,15,1,15
-3,5,5,7,640,18,1,18
-3,5,7,2,28,3,0,6
-3,5,7,3,56,6,0,9
-3,5,7,4,112,9,0,12
-3,5,7,5,224,12,0,15
-3,5,7,6,448,15,0,18
-3,5,7,7,896,18,0,21
-3,5,9,2,36,3,1,3
-3,5,9,3,72,6,1,6
-3,5,9,4,144,9,1,9
-3,5,9,5,288,12,1,12
-3,5,9,6,576,15,1,15
-3,5,9,7,1152,18,1,18
-3,5,11,2,44,3,0,7
-3,5,11,3,88,6,0,10
-3,5,11,4,176,9,0,13
-3,5,11,5,352,12,0,16
-3,5,11,6,704,15,0,19
-3,5,11,7,1408,18,0,22
-3,5,13,2,52,3,0,5
-3,5,13,3,104,6,0,8
-3,5,13,4,208,9,0,11
-3,5,13,5,416,12,0,14
-3,5,13,6,832,15,0,17
-3,5,13,7,1664,18,0,20
-3,5,15,2,60,3,0,7
-3,5,15,3,120,6,0,10
-3,5,15,4,240,9,0,13
-3,5,15,5,480,12,0,16
-3,5,15,6,960,15,0,19
-3,5,15,7,1920,18,0,22
-2,-5,1,2,4,3,0,4
-2,-5,1,3,8,6,0,8
-2,-5,1,4,16,9,0,12
-2,-5,1,5,32,12,0,15
-2,-5,1,6,64,15,0,18
-2,-5,1,7,128,18,0,21
-2,-5,3,2,12,3,0,4
-2,-5,3,3,24,6,0,8
-2,-5,3,4,48,9,0,13
-2,-5,3,5,96,12,0,16
-2,-5,3,6,192,15,0,19
-2,-5,3,7,384,18,0,22
-2,-5,5,2,20,3,0,7
-2,-5,5,3,40,6,0,11
-2,-5,5,4,80,9,0,15
-2,-5,5,5,160,12,0,18
-2,-5,5,6,320,15,0,21
-2,-5,5,7,640,18,0,24
-2,-5,7,2,28,3,0,4
-2,-5,7,3,56,6,0,8
-2,-5,7,4,112,9,0,15
-2,-5,7,5,224,12,0,18
-2,-5,7,6,448,15,0,21
-2,-5,7,7,896,18,0,24
-2,-5,9,2,36,3,0,4
-2,-5,9,3,72,6,0,8
-2,-5,9,4,144,9,0,12
-2,-5,9,5,288,12,0,15
-2,-5,9,6,576,15,0,18
-2,-5,9,7,1152,18,0,21
-2,-5,11,2,44,3,0,4
-2,-5,11,3,88,6,0,8
-2,-5,11,4,176,9,0,13
-2,-5,11,5,352,12,0,16
-2,-5,11,6,704,15,0,19
-2,-5,11,7,1408,18,0,22
-2,-5,13,2,52,3,0,6
-2,-5,13,3,104,6,0,10
-2,-5,13,4,208,9,0,14
-2,-5,13,5,416,12,0,17
-2,-5,13,6,832,15,0,20
-2,-5,13,7,1664,18,0,23
-2,-5,15,2,60,3,0,6
-2,-5,15,3,120,6,0,10
-2,-5,15,4,240,9,0,16
-2,-5,15,5,480,12,0,19
-2,-5,15,6,960,15,0,22
-2,-5,15,7,1920,18,0,25
-2,-4,1,2,4,3,0,7
-2,-4,1,3,8,6,0,10
-2,-4,1,4,16,9,0,13
-2,-4,1,5,32,12,0,16
-2,-4,1,6,64,15,0,19
-2,-4,1,7,128,18,0,22
-2,-4,3,2,12,3,0,9
-2,-4,3,3,24,6,0,13
-2,-4,3,4,48,9,0,16
-2,-4,3,5,96,12,0,19
-2,-4,3,6,192,15,0,22
-2,-4,3,7,384,18,0,25
-2,-4,5,2,20,3,0,7
-2,-4,5,3,40,6,0,10
-2,-4,5,4,80,9,0,13
-2,-4,5,5,160,12,0,16
-2,-4,5,6,320,15,0,19
-2,-4,5,7,640,18,0,22
-2,-4,7,2,28,3,0,10
-2,-4,7,3,56,6,0,12
-2,-4,7,4,112,9,0,15
-2,-4,7,5,224,12,0,18
-2,-4,7,6,448,15,0,21
-2,-4,7,7,896,18,0,24
-2,-4,9,2,36,3,0,8
-2,-4,9,3,72,6,0,11
-2,-4,9,4,144,9,0,14
-2,-4,9,5,288,12,0,17
-2,-4,9,6,576,15,0,20
-2,-4,9,7,1152,18,0,23
-2,-4,11,2,44,3,0,9
-2,-4,11,3,88,6,0,15
-2,-4,11,4,176,9,0,18
-2,-4,11,5,352,12,0,21
-2,-4,11,6,704,15,0,24
-2,-4,11,7,1408,18,0,27
-2,-4,13,2,52,3,0,7
-2,-4,13,3,104,6,0,10
-2,-4,13,4,208,9,0,13
-2,-4,13,5,416,12,0,16
-2,-4,13,6,832,15,0,19
-2,-4,13,7,1664,18,0,22
-2,-4,15,2,60,3,0,12
-2,-4,15,3,120,6,0,13
-2,-4,15,4,240,9,0,16
-2,-4,15,5,480,12,0,19
-2,-4,15,6,960,15,0,22
-2,-4,15,7,1920,18,0,25
-2,-3,1,2,4,3,0,4
-2,-3,1,3,8,6,0,8
-2,-3,1,4,16,9,0,14
-2,-3,1,5,32,12,0,17
-2,-3,1,6,64,15,0,20
-2,-3,1,7,128,18,0,23
-2,-3,3,2,12,3,0,5
-2,-3,3,3,24,6,0,9
-2,-3,3,4,48,9,0,14
-2,-3,3,5,96,12,0,17
-2,-3,3,6,192,15,0,20
-2,-3,3,7,384,18,0,23
-2,-3,5,2,20,3,0,4
-2,-3,5,3,40,6,0,8
-2,-3,5,4,80,9,0,15
-2,-3,5,5,160,12,0,18
-2,-3,5,6,320,15,0,21
-2,-3,5,7,640,18,0,24
-2,-3,7,2,28,3,0,12
-2,-3,7,3,56,6,0,12
-2,-3,7,4,112,9,0,17
-2,-3,7,5,224,12,0,20
-2,-3,7,6,448,15,0,23
-2,-3,7,7,896,18,0,26
-2,-3,9,2,36,3,0,4
-2,-3,9,3,72,6,0,8
-2,-3,9,4,144,9,0,14
-2,-3,9,5,288,12,0,17
-2,-3,9,6,576,15,0,20
-2,-3,9,7,1152,18,0,23
-2,-3,11,2,44,3,0,6
-2,-3,11,3,88,6,0,10
-2,-3,11,4,176,9,0,15
-2,-3,11,5,352,12,0,18
-2,-3,11,6,704,15,0,21
-2,-3,11,7,1408,18,0,24
-2,-3,13,2,52,3,0,4
-2,-3,13,3,104,6,0,8
-2,-3,13,4,208,9,0,17
-2,-3,13,5,416,12,0,21
-2,-3,13,6,832,15,0,24
-2,-3,13,7,1664,18,0,27
-2,-3,15,2,60,3,0,9
-2,-3,15,3,120,6,0,13
-2,-3,15,4,240,9,0,18
-2,-3,15,5,480,12,0,21
-2,-3,15,6,960,15,0,24
-2,-3,15,7,1920,18,0,27
-2,-2,1,2,4,3,0,5
-2,-2,1,3,8,6,0,8
-2,-2,1,4,16,9,0,11
-2,-2,1,5,32,12,0,14
-2,-2,1,6,64,15,0,17
-2,-2,1,7,128,18,0,20
-2,-2,3,2,12,3,0,5
-2,-2,3,3,24,6,0,8
-2,-2,3,4,48,9,0,11
-2,-2,3,5,96,12,0,14
-2,-2,3,6,192,15,0,17
-2,-2,3,7,384,18,0,20
-2,-2,5,2,20,3,0,7
-2,-2,5,3,40,6,0,10
-2,-2,5,4,80,9,0,13
-2,-2,5,5,160,12,0,16
-2,-2,5,6,320,15,0,19
-2,-2,5,7,640,18,0,22
-2,-2,7,2,28,3,0,6
-2,-2,7,3,56,6,0,9
-2,-2,7,4,112,9,0,12
-2,-2,7,5,224,12,0,15
-2,-2,7,6,448,15,0,18
-2,-2,7,7,896,18,0,21
-2,-2,9,2,36,3,0,7
-2,-2,9,3,72,6,0,10
-2,-2,9,4,144,9,0,13
-2,-2,9,5,288,12,0,16
-2,-2,9,6,576,15,0,19
-2,-2,9,7,1152,18,0,22
-2,-2,11,2,44,3,0,5
-2,-2,11,3,88,6,0,8
-2,-2,11,4,176,9,0,11
-2,-2,11,5,352,12,0,14
-2,-2,11,6,704,15,0,17
-2,-2,11,7,1408,18,0,20
-2,-2,13,2,52,3,0,7
-2,-2,13,3,104,6,0,10
-2,-2,13,4,208,9,0,13
-2,-2,13,5,416,12,0,16
-2,-2,13,6,832,15,0,19
-2,-2,13,7,1664,18,0,22
-2,-2,15,2,60,3,0,7
-2,-2,15,3,120,6,0,10
-2,-2,15,4,240,9,0,13
-2,-2,15,5,480,12,0,16
-2,-2,15,6,960,15,0,19
-2,-2,15,7,1920,18,0,22
-2,-1,1,2,4,3,0,4
-2,-1,1,3,8,6,0,8
-2,-1,1,4,16,9,0,12
-2,-1,1,5,32,12,0,15
-2,-1,1,6,64,15,0,18
-2,-1,1,7,128,18,0,21
-2,-1,3,2,12,3,0,4
-2,-1,3,3,24,6,0,8
-2,-1,3,4,48,9,0,14
-2,-1,3,5,96,12,0,17
-2,-1,3,6,192,15,0,20
-2,-1,3,7,384,18,0,23
-2,-1,5,2,20,3,0,4
-2,-1,5,3,40,6,0,8
-2,-1,5,4,80,9,0,12
-2,-1,5,5,160,12,0,15
-2,-1,5,6,320,15,0,18
-2,-1,5,7,640,18,0,21
-2,-1,7,2,28,3,0,6
-2,-1,7,3,56,6,0,10
-2,-1,7,4,112,9,0,15
-2,-1,7,5,224,12,0,18
-2,-1,7,6,448,15,0,21
-2,-1,7,7,896,18,0,24
-2,-1,9,2,36,3,0,4
-2,-1,9,3,72,6,0,8
-2,-1,9,4,144,9,0,12
-2,-1,9,5,288,12,0,15
-2,-1,9,6,576,15,0,18
-2,-1,9,7,1152,18,0,21
-2,-1,11,2,44,3,0,4
-2,-1,11,3,88,6,0,8
-2,-1,11,4,176,9,0,16
-2,-1,11,5,352,12,0,19
-2,-1,11,6,704,15,0,22
-2,-1,11,7,1408,18,0,25
-2,-1,13,2,52,3,0,6
-2,-1,13,3,104,6,0,10
-2,-1,13,4,208,9,0,14
-2,-1,13,5,416,12,0,17
-2,-1,13,6,832,15,0,20
-2,-1,13,7,1664,18,0,23
-2,-1,15,2,60,3,0,7
-2,-1,15,3,120,6,0,11
-2,-1,15,4,240,9,0,16
-2,-1,15,5,480,12,0,19
-2,-1,15,6,960,15,0,22
-2,-1,15,7,1920,18,0,25
-2,0,1,2,4,3,0,6
-2,0,1,3,8,6,0,9
-2,0,1,4,16,9,0,12
-2,0,1,5,32,12,0,15
-2,0,1,6,64,15,0,18
-2,0,1,7,128,18,0,21
-2,0,3,2,12,3,0,7
-2,0,3,3,24,6,0,10
-2,0,3,4,48,9,0,13
-2,0,3,5,96,12,0,16
-2,0,3,6,192,15,0,19
-2,0,3,7,384,18,0,22
-2,0,5,2,20,3,0,7
-2,0,5,3,40,6,0,10
-2,0,5,4,80,9,0,13
-2,0,5,5,160,12,0,16
-2,0,5,6,320,15,0,19
-2,0,5,7,640,18,0,22
-2,0,7,2,28,3,0,8
-2,0,7,3,56,6,0,11
-2,0,7,4,112,9,0,14
-2,0,7,5,224,12,0,17
-2,0,7,6,448,15,0,20
-2,0,7,7,896,18,0,23
-2,0,9,2,36,3,0,7
-2,0,9,3,72,6,0,10
-2,0,9,4,144,9,0,13
-2,0,9,5,288,12,0,16
-2,0,9,6,576,15,0,19
-2,0,9,7,1152,18,0,22
-2,0,11,2,44,3,0,8
-2,0,11,3,88,6,0,11
-2,0,11,4,176,9,0,14
-2,0,11,5,352,12,0,17
-2,0,11,6,704,15,0,20
-2,0,11,7,1408,18,0,23
-2,0,13,2,52,3,0,8
-2,0,13,3,104,6,0,11
-2,0,13,4,208,9,0,14
-2,0,13,5,416,12,0,17
-2,0,13,6,832,15,0,20
-2,0,13,7,1664,18,0,23
-2,0,15,2,60,3,0,9
-2,0,15,3,120,6,0,12
-2,0,15,4,240,9,0,15
-2,0,15,5,480,12,0,18
-2,0,15,6,960,15,0,21
-2,0,15,7,1920,18,0,24
-2,1,1,2,4,3,0,4
-2,1,1,3,8,6,0,8
-2,1,1,4,16,9,0,17
-2,1,1,5,32,12,0,27
-2,1,1,6,64,15,0,46
-2,1,1,7,128,18,0,81
-2,1,3,2,12,3,0,8
-2,1,3,3,24,6,0,16
-2,1,3,4,48,9,0,32
-2,1,3,5,96,12,0,60
-2,1,3,6,192,15,0,111
-2,1,3,7,384,18,0,210
-2,1,5,2,20,3,0,13
-2,1,5,3,40,6,0,25
-2,1,5,4,80,9,0,53
-2,1,5,5,160,12,0,92
-2,1,5,6,320,15,0,175
-2,1,5,7,640,18,0,338
-2,1,7,2,28,3,0,16
-2,1,7,3,56,6,0,32
-2,1,7,4,112,9,0,64
-2,1,7,5,224,12,0,125
-2,1,7,6,448,15,0,240
-2,1,7,7,896,18,0,467
-2,1,9,2,36,3,0,21
-2,1,9,3,72,6,0,41
-2,1,9,4,144,9,0,82
-2,1,9,5,288,12,0,156
-2,1,9,6,576,15,0,303
-2,1,9,7,1152,18,0,594
-2,1,11,2,44,3,0,25
-2,1,11,3,88,6,0,49
-2,1,11,4,176,9,0,97
-2,1,11,5,352,12,0,189
-2,1,11,6,704,15,0,368
-2,1,11,7,1408,18,0,723
-2,1,13,2,52,3,0,30
-2,1,13,3,104,6,0,58
-2,1,13,4,208,9,0,116
-2,1,13,5,416,12,0,221
-2,1,13,6,832,15,0,432
-2,1,13,7,1664,18,0,851
-2,1,15,2,60,3,0,32
-2,1,15,3,120,6,0,64
-2,1,15,4,240,9,0,128
-2,1,15,5,480,12,0,254
-2,1,15,6,960,15,0,497
-2,1,15,7,1920,18,0,980
-2,2,1,2,4,3,0,5
-2,2,1,3,8,6,0,8
-2,2,1,4,16,9,0,11
-2,2,1,5,32,12,0,14
-2,2,1,6,64,15,0,17
-2,2,1,7,128,18,0,20
-2,2,3,2,12,3,0,5
-2,2,3,3,24,6,0,8
-2,2,3,4,48,9,0,11
-2,2,3,5,96,12,0,14
-2,2,3,6,192,15,0,17
-2,2,3,7,384,18,0,20
-2,2,5,2,20,3,0,5
-2,2,5,3,40,6,0,8
-2,2,5,4,80,9,0,11
-2,2,5,5,160,12,0,14
-2,2,5,6,320,15,0,17
-2,2,5,7,640,18,0,20
-2,2,7,2,28,3,0,5
-2,2,7,3,56,6,0,8
-2,2,7,4,112,9,0,11
-2,2,7,5,224,12,0,14
-2,2,7,6,448,15,0,17
-2,2,7,7,896,18,0,20
-2,2,9,2,36,3,0,5
-2,2,9,3,72,6,0,8
-2,2,9,4,144,9,0,11
-2,2,9,5,288,12,0,14
-2,2,9,6,576,15,0,17
-2,2,9,7,1152,18,0,20
-2,2,11,2,44,3,0,5
-2,2,11,3,88,6,0,8
-2,2,11,4,176,9,0,11
-2,2,11,5,352,12,0,14
-2,2,11,6,704,15,0,17
-2,2,11,7,1408,18,0,20
-2,2,13,2,52,3,0,5
-2,2,13,3,104,6,0,8
-2,2,13,4,208,9,0,11
-2,2,13,5,416,12,0,14
-2,2,13,6,832,15,0,17
-2,2,13,7,1664,18,0,20
-2,2,15,2,60,3,0,5
-2,2,15,3,120,6,0,8
-2,2,15,4,240,9,0,11
-2,2,15,5,480,12,0,14
-2,2,15,6,960,15,0,17
-2,2,15,7,1920,18,0,20
-2,3,1,2,4,3,0,4
-2,3,1,3,8,6,0,8
-2,3,1,4,16,9,0,12
-2,3,1,5,32,12,0,15
-2,3,1,6,64,15,0,18
-2,3,1,7,128,18,0,21
-2,3,3,2,12,3,0,4
-2,3,3,3,24,6,0,8
-2,3,3,4,48,9,0,13
-2,3,3,5,96,12,0,16
-2,3,3,6,192,15,0,19
-2,3,3,7,384,18,0,22
-2,3,5,2,20,3,0,5
-2,3,5,3,40,6,0,9
-2,3,5,4,80,9,0,13
-2,3,5,5,160,12,0,16
-2,3,5,6,320,15,0,19
-2,3,5,7,640,18,0,22
-2,3,7,2,28,3,0,4
-2,3,7,3,56,6,0,8
-2,3,7,4,112,9,0,14
-2,3,7,5,224,12,0,17
-2,3,7,6,448,15,0,20
-2,3,7,7,896,18,0,23
-2,3,9,2,36,3,0,5
-2,3,9,3,72,6,0,9
-2,3,9,4,144,9,0,13
-2,3,9,5,288,12,0,16
-2,3,9,6,576,15,0,19
-2,3,9,7,1152,18,0,22
-2,3,11,2,44,3,0,5
-2,3,11,3,88,6,0,9
-2,3,11,4,176,9,0,14
-2,3,11,5,352,12,0,17
-2,3,11,6,704,15,0,20
-2,3,11,7,1408,18,0,23
-2,3,13,2,52,3,0,6
-2,3,13,3,104,6,0,10
-2,3,13,4,208,9,0,14
-2,3,13,5,416,12,0,17
-2,3,13,6,832,15,0,20
-2,3,13,7,1664,18,0,23
-2,3,15,2,60,3,0,4
-2,3,15,3,120,6,0,8
-2,3,15,4,240,9,0,15
-2,3,15,5,480,12,0,18
-2,3,15,6,960,15,0,21
-2,3,15,7,1920,18,0,24
-2,4,1,2,4,3,0,8
-2,4,1,3,8,6,0,12
-2,4,1,4,16,9,0,15
-2,4,1,5,32,12,0,18
-2,4,1,6,64,15,0,21
-2,4,1,7,128,18,0,24
-2,4,3,2,12,3,0,9
-2,4,3,3,24,6,0,14
-2,4,3,4,48,9,0,17
-2,4,3,5,96,12,0,20
-2,4,3,6,192,15,0,23
-2,4,3,7,384,18,0,26
-2,4,5,2,20,3,0,8
-2,4,5,3,40,6,0,12
-2,4,5,4,80,9,0,15
-2,4,5,5,160,12,0,18
-2,4,5,6,320,15,0,21
-2,4,5,7,640,18,0,24
-2,4,7,2,28,3,0,9
-2,4,7,3,56,6,0,15
-2,4,7,4,112,9,0,18
-2,4,7,5,224,12,0,21
-2,4,7,6,448,15,0,24
-2,4,7,7,896,18,0,27
-2,4,9,2,36,3,0,8
-2,4,9,3,72,6,0,12
-2,4,9,4,144,9,0,15
-2,4,9,5,288,12,0,18
-2,4,9,6,576,15,0,21
-2,4,9,7,1152,18,0,24
-2,4,11,2,44,3,0,11
-2,4,11,3,88,6,0,16
-2,4,11,4,176,9,0,19
-2,4,11,5,352,12,0,22
-2,4,11,6,704,15,0,25
-2,4,11,7,1408,18,0,28
-2,4,13,2,52,3,0,10
-2,4,13,3,104,6,0,14
-2,4,13,4,208,9,0,17
-2,4,13,5,416,12,0,20
-2,4,13,6,832,15,0,23
-2,4,13,7,1664,18,0,26
-2,4,15,2,60,3,0,9
-2,4,15,3,120,6,0,16
-2,4,15,4,240,9,0,19
-2,4,15,5,480,12,0,22
-2,4,15,6,960,15,0,25
-2,4,15,7,1920,18,0,28
-2,5,1,2,4,3,0,4
-2,5,1,3,8,6,0,8
-2,5,1,4,16,9,0,14
-2,5,1,5,32,12,0,17
-2,5,1,6,64,15,0,20
-2,5,1,7,128,18,0,23
-2,5,3,2,12,3,0,5
-2,5,3,3,24,6,0,9
-2,5,3,4,48,9,0,14
-2,5,3,5,96,12,0,17
-2,5,3,6,192,15,0,20
-2,5,3,7,384,18,0,23
-2,5,5,2,20,3,0,4
-2,5,5,3,40,6,0,8
-2,5,5,4,80,9,0,16
-2,5,5,5,160,12,0,19
-2,5,5,6,320,15,0,22
-2,5,5,7,640,18,0,25
-2,5,7,2,28,3,0,6
-2,5,7,3,56,6,0,10
-2,5,7,4,112,9,0,15
-2,5,7,5,224,12,0,18
-2,5,7,6,448,15,0,21
-2,5,7,7,896,18,0,24
-2,5,9,2,36,3,0,6
-2,5,9,3,72,6,0,10
-2,5,9,4,144,9,0,16
-2,5,9,5,288,12,0,19
-2,5,9,6,576,15,0,22
-2,5,9,7,1152,18,0,25
-2,5,11,2,44,3,0,5
-2,5,11,3,88,6,0,9
-2,5,11,4,176,9,0,14
-2,5,11,5,352,12,0,17
-2,5,11,6,704,15,0,20
-2,5,11,7,1408,18,0,23
-2,5,13,2,52,3,0,5
-2,5,13,3,104,6,0,9
-2,5,13,4,208,9,0,16
-2,5,13,5,416,12,0,19
-2,5,13,6,832,15,0,22
-2,5,13,7,1664,18,0,25
-2,5,15,2,60,3,0,7
-2,5,15,3,120,6,0,11
-2,5,15,4,240,9,0,16
-2,5,15,5,480,12,0,19
-2,5,15,6,960,15,0,22
-2,5,15,7,1920,18,0,25
-1,-5,1,2,4,3,1,3
-1,-5,1,3,8,6,1,6
-1,-5,1,4,16,9,1,9
-1,-5,1,5,32,12,1,12
-1,-5,1,6,64,15,1,15
-1,-5,1,7,128,18,1,18
-1,-5,3,2,12,3,0,6
-1,-5,3,3,24,6,0,9
-1,-5,3,4,48,9,0,12
-1,-5,3,5,96,12,0,15
-1,-5,3,6,192,15,0,18
-1,-5,3,7,384,18,0,21
-1,-5,5,2,20,3,1,3
-1,-5,5,3,40,6,1,6
-1,-5,5,4,80,9,1,9
-1,-5,5,5,160,12,1,12
-1,-5,5,6,320,15,1,15
-1,-5,5,7,640,18,1,18
-1,-5,7,2,28,3,0,5
-1,-5,7,3,56,6,0,8
-1,-5,7,4,112,9,0,11
-1,-5,7,5,224,12,0,14
-1,-5,7,6,448,15,0,17
-1,-5,7,7,896,18,0,20
-1,-5,9,2,36,3,0,4
-1,-5,9,3,72,6,0,7
-1,-5,9,4,144,9,0,10
-1,-5,9,5,288,12,0,13
-1,-5,9,6,576,15,0,16
-1,-5,9,7,1152,18,0,19
-1,-5,11,2,44,3,0,9
-1,-5,11,3,88,6,0,11
-1,-5,11,4,176,9,0,14
-1,-5,11,5,352,12,0,17
-1,-5,11,6,704,15,0,20
-1,-5,11,7,1408,18,0,23
-1,-5,13,2,52,3,1,3
-1,-5,13,3,104,6,1,6
-1,-5,13,4,208,9,1,9
-1,-5,13,5,416,12,1,12
-1,-5,13,6,832,15,1,15
-1,-5,13,7,1664,18,1,18
-1,-5,15,2,60,3,0,6
-1,-5,15,3,120,6,0,9
-1,-5,15,4,240,9,0,12
-1,-5,15,5,480,12,0,15
-1,-5,15,6,960,15,0,18
-1,-5,15,7,1920,18,0,21
-1,-4,1,2,4,3,0,5
-1,-4,1,3,8,6,0,11
-1,-4,1,4,16,9,0,12
-1,-4,1,5,32,12,0,15
-1,-4,1,6,64,15,0,18
-1,-4,1,7,128,18,0,21
-1,-4,3,2,12,3,0,7
-1,-4,3,3,24,6,0,9
-1,-4,3,4,48,9,0,12
-1,-4,3,5,96,12,0,15
-1,-4,3,6,192,15,0,18
-1,-4,3,7,384,18,0,21
-1,-4,5,2,20,3,0,5
-1,-4,5,3,40,6,0,9
-1,-4,5,4,80,9,0,13
-1,-4,5,5,160,12,0,16
-1,-4,5,6,320,15,0,19
-1,-4,5,7,640,18,0,22
-1,-4,7,2,28,3,0,8
-1,-4,7,3,56,6,0,12
-1,-4,7,4,112,9,0,15
-1,-4,7,5,224,12,0,18
-1,-4,7,6,448,15,0,21
-1,-4,7,7,896,18,0,24
-1,-4,9,2,36,3,0,5
-1,-4,9,3,72,6,0,10
-1,-4,9,4,144,9,0,12
-1,-4,9,5,288,12,0,15
-1,-4,9,6,576,15,0,18
-1,-4,9,7,1152,18,0,21
-1,-4,11,2,44,3,0,8
-1,-4,11,3,88,6,0,10
-1,-4,11,4,176,9,0,13
-1,-4,11,5,352,12,0,16
-1,-4,11,6,704,15,0,19
-1,-4,11,7,1408,18,0,22
-1,-4,13,2,52,3,0,5
-1,-4,13,3,104,6,0,9
-1,-4,13,4,208,9,0,16
-1,-4,13,5,416,12,0,19
-1,-4,13,6,832,15,0,22
-1,-4,13,7,1664,18,0,25
-1,-4,15,2,60,3,0,11
-1,-4,15,3,120,6,0,13
-1,-4,15,4,240,9,0,16
-1,-4,15,5,480,12,0,19
-1,-4,15,6,960,15,0,22
-1,-4,15,7,1920,18,0,25
-1,-3,1,2,4,3,1,3
-1,-3,1,3,8,6,1,6
-1,-3,1,4,16,9,1,9
-1,-3,1,5,32,12,1,12
-1,-3,1,6,64,15,1,15
-1,-3,1,7,128,18,1,18
-1,-3,3,2,12,3,1,3
-1,-3,3,3,24,6,1,6
-1,-3,3,4,48,9,1,9
-1,-3,3,5,96,12,1,12
-1,-3,3,6,192,15,1,15
-1,-3,3,7,384,18,1,18
-1,-3,5,2,20,3,0,5
-1,-3,5,3,40,6,0,8
-1,-3,5,4,80,9,0,11
-1,-3,5,5,160,12,0,14
-1,-3,5,6,320,15,0,17
-1,-3,5,7,640,18,0,20
-1,-3,7,2,28,3,0,4
-1,-3,7,3,56,6,0,7
-1,-3,7,4,112,9,0,10
-1,-3,7,5,224,12,0,13
-1,-3,7,6,448,15,0,16
-1,-3,7,7,896,18,0,19
-1,-3,9,2,36,3,0,5
-1,-3,9,3,72,6,0,8
-1,-3,9,4,144,9,0,11
-1,-3,9,5,288,12,0,14
-1,-3,9,6,576,15,0,17
-1,-3,9,7,1152,18,0,20
-1,-3,11,2,44,3,1,3
-1,-3,11,3,88,6,1,6
-1,-3,11,4,176,9,1,9
-1,-3,11,5,352,12,1,12
-1,-3,11,6,704,15,1,15
-1,-3,11,7,1408,18,1,18
-1,-3,13,2,52,3,0,5
-1,-3,13,3,104,6,0,8
-1,-3,13,4,208,9,0,11
-1,-3,13,5,416,12,0,14
-1,-3,13,6,832,15,0,17
-1,-3,13,7,1664,18,0,20
-1,-3,15,2,60,3,0,5
-1,-3,15,3,120,6,0,8
-1,-3,15,4,240,9,0,11
-1,-3,15,5,480,12,0,14
-1,-3,15,6,960,15,0,17
-1,-3,15,7,1920,18,0,20
-1,-2,1,2,4,3,0,4
-1,-2,1,3,8,6,0,8
-1,-2,1,4,16,9,0,12
-1,-2,1,5,32,12,0,15
-1,-2,1,6,64,15,0,18
-1,-2,1,7,128,18,0,21
-1,-2,3,2,12,3,0,4
-1,-2,3,3,24,6,0,8
-1,-2,3,4,48,9,0,14
-1,-2,3,5,96,12,0,17
-1,-2,3,6,192,15,0,20
-1,-2,3,7,384,18,0,23
-1,-2,5,2,20,3,0,4
-1,-2,5,3,40,6,0,8
-1,-2,5,4,80,9,0,12
-1,-2,5,5,160,12,0,15
-1,-2,5,6,320,15,0,18
-1,-2,5,7,640,18,0,21
-1,-2,7,2,28,3,0,6
-1,-2,7,3,56,6,0,10
-1,-2,7,4,112,9,0,15
-1,-2,7,5,224,12,0,18
-1,-2,7,6,448,15,0,21
-1,-2,7,7,896,18,0,24
-1,-2,9,2,36,3,0,4
-1,-2,9,3,72,6,0,8
-1,-2,9,4,144,9,0,12
-1,-2,9,5,288,12,0,15
-1,-2,9,6,576,15,0,18
-1,-2,9,7,1152,18,0,21
-1,-2,11,2,44,3,0,4
-1,-2,11,3,88,6,0,8
-1,-2,11,4,176,9,0,16
-1,-2,11,5,352,12,0,19
-1,-2,11,6,704,15,0,22
-1,-2,11,7,1408,18,0,25
-1,-2,13,2,52,3,0,6
-1,-2,13,3,104,6,0,10
-1,-2,13,4,208,9,0,14
-1,-2,13,5,416,12,0,17
-1,-2,13,6,832,15,0,20
-1,-2,13,7,1664,18,0,23
-1,-2,15,2,60,3,0,7
-1,-2,15,3,120,6,0,11
-1,-2,15,4,240,9,0,16
-1,-2,15,5,480,12,0,19
-1,-2,15,6,960,15,0,22
-1,-2,15,7,1920,18,0,25
-1,-1,1,2,4,3,1,3
-1,-1,1,3,8,6,1,6
-1,-1,1,4,16,9,1,9
-1,-1,1,5,32,12,1,12
-1,-1,1,6,64,15,1,15
-1,-1,1,7,128,18,1,18
-1,-1,3,2,12,3,0,4
-1,-1,3,3,24,6,0,7
-1,-1,3,4,48,9,0,10
-1,-1,3,5,96,12,0,13
-1,-1,3,6,192,15,0,16
-1,-1,3,7,384,18,0,19
-1,-1,5,2,20,3,0,4
-1,-1,5,3,40,6,0,7
-1,-1,5,4,80,9,0,10
-1,-1,5,5,160,12,0,13
-1,-1,5,6,320,15,0,16
-1,-1,5,7,640,18,0,19
-1,-1,7,2,28,3,0,5
-1,-1,7,3,56,6,0,8
-1,-1,7,4,112,9,0,11
-1,-1,7,5,224,12,0,14
-1,-1,7,6,448,15,0,17
-1,-1,7,7,896,18,0,20
-1,-1,9,2,36,3,0,4
-1,-1,9,3,72,6,0,7
-1,-1,9,4,144,9,0,10
-1,-1,9,5,288,12,0,13
-1,-1,9,6,576,15,0,16
-1,-1,9,7,1152,18,0,19
-1,-1,11,2,44,3,0,5
-1,-1,11,3,88,6,0,8
-1,-1,11,4,176,9,0,11
-1,-1,11,5,352,12,0,14
-1,-1,11,6,704,15,0,17
-1,-1,11,7,1408,18,0,20
-1,-1,13,2,52,3,0,5
-1,-1,13,3,104,6,0,8
-1,-1,13,4,208,9,0,11
-1,-1,13,5,416,12,0,14
-1,-1,13,6,832,15,0,17
-1,-1,13,7,1664,18,0,20
-1,-1,15,2,60,3,0,6
-1,-1,15,3,120,6,0,9
-1,-1,15,4,240,9,0,12
-1,-1,15,5,480,12,0,15
-1,-1,15,6,960,15,0,18
-1,-1,15,7,1920,18,0,21
-1,0,1,2,4,3,0,infinity
-1,0,1,3,8,6,0,infinity
-1,0,1,4,16,9,0,infinity
-1,0,1,5,32,12,0,infinity
-1,0,1,6,64,15,0,infinity
-1,0,1,7,128,18,0,infinity
-1,0,3,2,12,3,0,infinity
-1,0,3,3,24,6,0,infinity
-1,0,3,4,48,9,0,infinity
-1,0,3,5,96,12,0,infinity
-1,0,3,6,192,15,0,infinity
-1,0,3,7,384,18,0,infinity
-1,0,5,2,20,3,0,infinity
-1,0,5,3,40,6,0,infinity
-1,0,5,4,80,9,0,infinity
-1,0,5,5,160,12,0,infinity
-1,0,5,6,320,15,0,infinity
-1,0,5,7,640,18,0,infinity
-1,0,7,2,28,3,0,infinity
-1,0,7,3,56,6,0,infinity
-1,0,7,4,112,9,0,infinity
-1,0,7,5,224,12,0,infinity
-1,0,7,6,448,15,0,infinity
-1,0,7,7,896,18,0,infinity
-1,0,9,2,36,3,0,infinity
-1,0,9,3,72,6,0,infinity
-1,0,9,4,144,9,0,infinity
-1,0,9,5,288,12,0,infinity
-1,0,9,6,576,15,0,infinity
-1,0,9,7,1152,18,0,infinity
-1,0,11,2,44,3,0,infinity
-1,0,11,3,88,6,0,infinity
-1,0,11,4,176,9,0,infinity
-1,0,11,5,352,12,0,infinity
-1,0,11,6,704,15,0,infinity
-1,0,11,7,1408,18,0,infinity
-1,0,13,2,52,3,0,infinity
-1,0,13,3,104,6,0,infinity
-1,0,13,4,208,9,0,infinity
-1,0,13,5,416,12,0,infinity
-1,0,13,6,832,15,0,infinity
-1,0,13,7,1664,18,0,infinity
-1,0,15,2,60,3,0,infinity
-1,0,15,3,120,6,0,infinity
-1,0,15,4,240,9,0,infinity
-1,0,15,5,480,12,0,infinity
-1,0,15,6,960,15,0,infinity
-1,0,15,7,1920,18,0,infinity
-1,1,1,2,4,3,1,3
-1,1,1,3,8,6,1,6
-1,1,1,4,16,9,1,9
-1,1,1,5,32,12,1,12
-1,1,1,6,64,15,1,15
-1,1,1,7,128,18,1,18
-1,1,3,2,12,3,1,3
-1,1,3,3,24,6,1,6
-1,1,3,4,48,9,1,9
-1,1,3,5,96,12,1,12
-1,1,3,6,192,15,1,15
-1,1,3,7,384,18,1,18
-1,1,5,2,20,3,1,3
-1,1,5,3,40,6,1,6
-1,1,5,4,80,9,1,9
-1,1,5,5,160,12,1,12
-1,1,5,6,320,15,1,15
-1,1,5,7,640,18,1,18
-1,1,7,2,28,3,1,3
-1,1,7,3,56,6,1,6
-1,1,7,4,112,9,1,9
-1,1,7,5,224,12,1,12
-1,1,7,6,448,15,1,15
-1,1,7,7,896,18,1,18
-1,1,9,2,36,3,1,3
-1,1,9,3,72,6,1,6
-1,1,9,4,144,9,1,9
-1,1,9,5,288,12,1,12
-1,1,9,6,576,15,1,15
-1,1,9,7,1152,18,1,18
-1,1,11,2,44,3,1,3
-1,1,11,3,88,6,1,6
-1,1,11,4,176,9,1,9
-1,1,11,5,352,12,1,12
-1,1,11,6,704,15,1,15
-1,1,11,7,1408,18,1,18
-1,1,13,2,52,3,1,3
-1,1,13,3,104,6,1,6
-1,1,13,4,208,9,1,9
-1,1,13,5,416,12,1,12
-1,1,13,6,832,15,1,15
-1,1,13,7,1664,18,1,18
-1,1,15,2,60,3,1,3
-1,1,15,3,120,6,1,6
-1,1,15,4,240,9,1,9
-1,1,15,5,480,12,1,12
-1,1,15,6,960,15,1,15
-1,1,15,7,1920,18,1,18
-1,2,1,2,4,3,0,4
-1,2,1,3,8,6,0,8
-1,2,1,4,16,9,0,15
-1,2,1,5,32,12,0,17
-1,2,1,6,64,15,0,20
-1,2,1,7,128,18,0,23
-1,2,3,2,12,3,0,4
-1,2,3,3,24,6,0,8
-1,2,3,4,48,9,0,16
-1,2,3,5,96,12,0,18
-1,2,3,6,192,15,0,21
-1,2,3,7,384,18,0,24
-1,2,5,2,20,3,0,5
-1,2,5,3,40,6,0,9
-1,2,5,4,80,9,0,16
-1,2,5,5,160,12,0,18
-1,2,5,6,320,15,0,21
-1,2,5,7,640,18,0,24
-1,2,7,2,28,3,0,4
-1,2,7,3,56,6,0,8
-1,2,7,4,112,9,0,18
-1,2,7,5,224,12,0,19
-1,2,7,6,448,15,0,22
-1,2,7,7,896,18,0,25
-1,2,9,2,36,3,0,5
-1,2,9,3,72,6,0,9
-1,2,9,4,144,9,0,16
-1,2,9,5,288,12,0,18
-1,2,9,6,576,15,0,21
-1,2,9,7,1152,18,0,24
-1,2,11,2,44,3,0,5
-1,2,11,3,88,6,0,9
-1,2,11,4,176,9,0,17
-1,2,11,5,352,12,0,19
-1,2,11,6,704,15,0,22
-1,2,11,7,1408,18,0,25
-1,2,13,2,52,3,0,6
-1,2,13,3,104,6,0,10
-1,2,13,4,208,9,0,17
-1,2,13,5,416,12,0,19
-1,2,13,6,832,15,0,22
-1,2,13,7,1664,18,0,25
-1,2,15,2,60,3,0,4
-1,2,15,3,120,6,0,8
-1,2,15,4,240,9,0,17
-1,2,15,5,480,12,0,20
-1,2,15,6,960,15,0,23
-1,2,15,7,1920,18,0,26
-1,3,1,2,4,3,1,3
-1,3,1,3,8,6,1,6
-1,3,1,4,16,9,1,9
-1,3,1,5,32,12,1,12
-1,3,1,6,64,15,1,15
-1,3,1,7,128,18,1,18
-1,3,3,2,12,3,0,5
-1,3,3,3,24,6,0,8
-1,3,3,4,48,9,0,11
-1,3,3,5,96,12,0,14
-1,3,3,6,192,15,0,17
-1,3,3,7,384,18,0,20
-1,3,5,2,20,3,1,3
-1,3,5,3,40,6,1,6
-1,3,5,4,80,9,1,9
-1,3,5,5,160,12,1,12
-1,3,5,6,320,15,1,15
-1,3,5,7,640,18,1,18
-1,3,7,2,28,3,0,6
-1,3,7,3,56,6,0,9
-1,3,7,4,112,9,0,12
-1,3,7,5,224,12,0,15
-1,3,7,6,448,15,0,18
-1,3,7,7,896,18,0,21
-1,3,9,2,36,3,1,3
-1,3,9,3,72,6,1,6
-1,3,9,4,144,9,1,9
-1,3,9,5,288,12,1,12
-1,3,9,6,576,15,1,15
-1,3,9,7,1152,18,1,18
-1,3,11,2,44,3,0,7
-1,3,11,3,88,6,0,10
-1,3,11,4,176,9,0,13
-1,3,11,5,352,12,0,16
-1,3,11,6,704,15,0,19
-1,3,11,7,1408,18,0,22
-1,3,13,2,52,3,0,5
-1,3,13,3,104,6,0,8
-1,3,13,4,208,9,0,11
-1,3,13,5,416,12,0,14
-1,3,13,6,832,15,0,17
-1,3,13,7,1664,18,0,20
-1,3,15,2,60,3,0,7
-1,3,15,3,120,6,0,10
-1,3,15,4,240,9,0,13
-1,3,15,5,480,12,0,16
-1,3,15,6,960,15,0,19
-1,3,15,7,1920,18,0,22
-1,4,1,2,4,3,0,5
-1,4,1,3,8,6,0,13
-1,4,1,4,16,9,0,12
-1,4,1,5,32,12,0,15
-1,4,1,6,64,15,0,18
-1,4,1,7,128,18,0,21
-1,4,3,2,12,3,0,9
-1,4,3,3,24,6,0,9
-1,4,3,4,48,9,0,12
-1,4,3,5,96,12,0,15
-1,4,3,6,192,15,0,18
-1,4,3,7,384,18,0,21
-1,4,5,2,20,3,0,5
-1,4,5,3,40,6,0,9
-1,4,5,4,80,9,0,14
-1,4,5,5,160,12,0,17
-1,4,5,6,320,15,0,20
-1,4,5,7,640,18,0,23
-1,4,7,2,28,3,0,10
-1,4,7,3,56,6,0,10
-1,4,7,4,112,9,0,13
-1,4,7,5,224,12,0,16
-1,4,7,6,448,15,0,19
-1,4,7,7,896,18,0,22
-1,4,9,2,36,3,0,7
-1,4,9,3,72,6,0,12
-1,4,9,4,144,9,0,14
-1,4,9,5,288,12,0,17
-1,4,9,6,576,15,0,20
-1,4,9,7,1152,18,0,23
-1,4,11,2,44,3,0,8
-1,4,11,3,88,6,0,9
-1,4,11,4,176,9,0,12
-1,4,11,5,352,12,0,15
-1,4,11,6,704,15,0,18
-1,4,11,7,1408,18,0,21
-1,4,13,2,52,3,0,6
-1,4,13,3,104,6,0,10
-1,4,13,4,208,9,0,14
-1,4,13,5,416,12,0,17
-1,4,13,6,832,15,0,20
-1,4,13,7,1664,18,0,23
-1,4,15,2,60,3,0,8
-1,4,15,3,120,6,0,11
-1,4,15,4,240,9,0,14
-1,4,15,5,480,12,0,17
-1,4,15,6,960,15,0,20
-1,4,15,7,1920,18,0,23
-1,5,1,2,4,3,1,3
-1,5,1,3,8,6,1,6
-1,5,1,4,16,9,1,9
-1,5,1,5,32,12,1,12
-1,5,1,6,64,15,1,15
-1,5,1,7,128,18,1,18
-1,5,3,2,12,3,1,3
-1,5,3,3,24,6,1,6
-1,5,3,4,48,9,1,9
-1,5,3,5,96,12,1,12
-1,5,3,6,192,15,1,15
-1,5,3,7,384,18,1,18
-1,5,5,2,20,3,0,4
-1,5,5,3,40,6,0,7
-1,5,5,4,80,9,0,10
-1,5,5,5,160,12,0,13
-1,5,5,6,320,15,0,16
-1,5,5,7,640,18,0,19
-1,5,7,2,28,3,0,6
-1,5,7,3,56,6,0,9
-1,5,7,4,112,9,0,12
-1,5,7,5,224,12,0,15
-1,5,7,6,448,15,0,18
-1,5,7,7,896,18,0,21
-1,5,9,2,36,3,1,3
-1,5,9,3,72,6,1,6
-1,5,9,4,144,9,1,9
-1,5,9,5,288,12,1,12
-1,5,9,6,576,15,1,15
-1,5,9,7,1152,18,1,18
-1,5,11,2,44,3,0,4
-1,5,11,3,88,6,0,7
-1,5,11,4,176,9,0,10
-1,5,11,5,352,12,0,13
-1,5,11,6,704,15,0,16
-1,5,11,7,1408,18,0,19
-1,5,13,2,52,3,0,7
-1,5,13,3,104,6,0,10
-1,5,13,4,208,9,0,13
-1,5,13,5,416,12,0,16
-1,5,13,6,832,15,0,19
-1,5,13,7,1664,18,0,22
-1,5,15,2,60,3,0,7
-1,5,15,3,120,6,0,10
-1,5,15,4,240,9,0,13
-1,5,15,5,480,12,0,16
-1,5,15,6,960,15,0,19
-1,5,15,7,1920,18,0,22
0,-5,1,2,4,3,0,6
0,-5,1,3,8,6,0,9
0,-5,1,4,16,9,0,12
0,-5,1,5,32,12,0,15
0,-5,1,6,64,15,0,18
0,-5,1,7,128,18,0,21
0,-5,3,2,12,3,0,6
0,-5,3,3,24,6,0,9
0,-5,3,4,48,9,0,12
0,-5,3,5,96,12,0,15
0,-5,3,6,192,15,0,18
0,-5,3,7,384,18,0,21
0,-5,5,2,20,3,0,7
0,-5,5,3,40,6,0,10
0,-5,5,4,80,9,0,13
0,-5,5,5,160,12,0,16
0,-5,5,6,320,15,0,19
0,-5,5,7,640,18,0,22
0,-5,7,2,28,3,0,9
0,-5,7,3,56,6,0,12
0,-5,7,4,112,9,0,15
0,-5,7,5,224,12,0,18
0,-5,7,6,448,15,0,21
0,-5,7,7,896,18,0,24
0,-5,9,2,36,3,0,6
0,-5,9,3,72,6,0,9
0,-5,9,4,144,9,0,12
0,-5,9,5,288,12,0,15
0,-5,9,6,576,15,0,18
0,-5,9,7,1152,18,0,21
0,-5,11,2,44,3,0,7
0,-5,11,3,88,6,0,10
0,-5,11,4,176,9,0,13
0,-5,11,5,352,12,0,16
0,-5,11,6,704,15,0,19
0,-5,11,7,1408,18,0,22
0,-5,13,2,52,3,0,10
0,-5,13,3,104,6,0,13
0,-5,13,4,208,9,0,16
0,-5,13,5,416,12,0,19
0,-5,13,6,832,15,0,22
0,-5,13,7,1664,18,0,25
0,-5,15,2,60,3,0,10
0,-5,15,3,120,6,0,13
0,-5,15,4,240,9,0,16
0,-5,15,5,480,12,0,19
0,-5,15,6,960,15,0,22
0,-5,15,7,1920,18,0,25
0,-4,1,2,4,3,0,8
0,-4,1,3,8,6,0,11
0,-4,1,4,16,9,0,14
0,-4,1,5,32,12,0,17
0,-4,1,6,64,15,0,20
0,-4,1,7,128,18,0,23
0,-4,3,2,12,3,0,8
0,-4,3,3,24,6,0,11
0,-4,3,4,48,9,0,14
0,-4,3,5,96,12,0,17
0,-4,3,6,192,15,0,20
0,-4,3,7,384,18,0,23
0,-4,5,2,20,3,0,10
0,-4,5,3,40,6,0,13
0,-4,5,4,80,9,0,16
0,-4,5,5,160,12,0,19
0,-4,5,6,320,15,0,22
0,-4,5,7,640,18,0,25
0,-4,7,2,28,3,0,9
0,-4,7,3,56,6,0,12
0,-4,7,4,112,9,0,15
0,-4,7,5,224,12,0,18
0,-4,7,6,448,15,0,21
0,-4,7,7,896,18,0,24
0,-4,9,2,36,3,0,10
0,-4,9,3,72,6,0,13
0,-4,9,4,144,9,0,16
0,-4,9,5,288,12,0,19
0,-4,9,6,576,15,0,22
0,-4,9,7,1152,18,0,25
0,-4,11,2,44,3,0,8
0,-4,11,3,88,6,0,11
0,-4,11,4,176,9,0,14
0,-4,11,5,352,12,0,17
0,-4,11,6,704,15,0,20
0,-4,11,7,1408,18,0,23
0,-4,13,2,52,3,0,10
0,-4,13,3,104,6,0,13
0,-4,13,4,208,9,0,16
0,-4,13,5,416,12,0,19
0,-4,13,6,832,15,0,22
0,-4,13,7,1664,18,0,25
0,-4,15,2,60,3,0,10
0,-4,15,3,120,6,0,13
0,-4,15,4,240,9,0,16
0,-4,15,5,480,12,0,19
0,-4,15,6,960,15,0,22
0,-4,15,7,1920,18,0,25
0,-3,1,2,4,3,0,5
0,-3,1,3,8,6,0,8
0,-3,1,4,16,9,0,11
0,-3,1,5,32,12,0,14
0,-3,1,6,64,15,0,17
0,-3,1,7,128,18,0,20
0,-3,3,2,12,3,0,7
0,-3,3,3,24,6,0,10
0,-3,3,4,48,9,0,13
0,-3,3,5,96,12,0,16
0,-3,3,6,192,15,0,19
0,-3,3,7,384,18,0,22
0,-3,5,2,20,3,0,5
0,-3,5,3,40,6,0,8
0,-3,5,4,80,9,0,11
0,-3,5,5,160,12,0,14
0,-3,5,6,320,15,0,17
0,-3,5,7,640,18,0,20
0,-3,7,2,28,3,0,8
0,-3,7,3,56,6,0,11
0,-3,7,4,112,9,0,14
0,-3,7,5,224,12,0,17
0,-3,7,6,448,15,0,20
0,-3,7,7,896,18,0,23
0,-3,9,2,36,3,0,5
0,-3,9,3,72,6,0,8
0,-3,9,4,144,9,0,11
0,-3,9,5,288,12,0,14
0,-3,9,6,576,15,0,17
0,-3,9,7,1152,18,0,20
0,-3,11,2,44,3,0,9
0,-3,11,3,88,6,0,12
0,-3,11,4,176,9,0,15
0,-3,11,5,352,12,0,18
0,-3,11,6,704,15,0,21
0,-3,11,7,1408,18,0,24
0,-3,13,2,52,3,0,7
0,-3,13,3,104,6,0,10
0,-3,13,4,208,9,0,13
0,-3,13,5,416,12,0,16
0,-3,13,6,832,15,0,19
0,-3,13,7,1664,18,0,22
0,-3,15,2,60,3,0,9
0,-3,15,3,120,6,0,12
0,-3,15,4,240,9,0,15
0,-3,15,5,480,12,0,18
0,-3,15,6,960,15,0,21
0,-3,15,7,1920,18,0,24
0,-2,1,2,4,3,0,6
0,-2,1,3,8,6,0,9
0,-2,1,4,16,9,0,12
0,-2,1,5,32,12,0,15
0,-2,1,6,64,15,0,18
0,-2,1,7,128,18,0,21
0,-2,3,2,12,3,0,7
0,-2,3,3,24,6,0,10
0,-2,3,4,48,9,0,13
0,-2,3,5,96,12,0,16
0,-2,3,6,192,15,0,19
0,-2,3,7,384,18,0,22
0,-2,5,2,20,3,0,7
0,-2,5,3,40,6,0,10
0,-2,5,4,80,9,0,13
0,-2,5,5,160,12,0,16
0,-2,5,6,320,15,0,19
0,-2,5,7,640,18,0,22
0,-2,7,2,28,3,0,8
0,-2,7,3,56,6,0,11
0,-2,7,4,112,9,0,14
0,-2,7,5,224,12,0,17
0,-2,7,6,448,15,0,20
0,-2,7,7,896,18,0,23
0,-2,9,2,36,3,0,7
0,-2,9,3,72,6,0,10
0,-2,9,4,144,9,0,13
0,-2,9,5,288,12,0,16
0,-2,9,6,576,15,0,19
0,-2,9,7,1152,18,0,22
0,-2,11,2,44,3,0,8
0,-2,11,3,88,6,0,11
0,-2,11,4,176,9,0,14
0,-2,11,5,352,12,0,17
0,-2,11,6,704,15,0,20
0,-2,11,7,1408,18,0,23
0,-2,13,2,52,3,0,8
0,-2,13,3,104,6,0,11
0,-2,13,4,208,9,0,14
0,-2,13,5,416,12,0,17
0,-2,13,6,832,15,0,20
0,-2,13,7,1664,18,0,23
0,-2,15,2,60,3,0,9
0,-2,15,3,120,6,0,12
0,-2,15,4,240,9,0,15
0,-2,15,5,480,12,0,18
0,-2,15,6,960,15,0,21
0,-2,15,7,1920,18,0,24
0,-1,1,2,4,3,0,infinity
0,-1,1,3,8,6,0,infinity
0,-1,1,4,16,9,0,infinity
0,-1,1,5,32,12,0,infinity
0,-1,1,6,64,15,0,infinity
0,-1,1,7,128,18,0,infinity
0,-1,3,2,12,3,0,infinity
0,-1,3,3,24,6,0,infinity
0,-1,3,4,48,9,0,infinity
0,-1,3,5,96,12,0,infinity
0,-1,3,6,192,15,0,infinity
0,-1,3,7,384,18,0,infinity
0,-1,5,2,20,3,0,infinity
0,-1,5,3,40,6,0,infinity
0,-1,5,4,80,9,0,infinity
0,-1,5,5,160,12,0,infinity
0,-1,5,6,320,15,0,infinity
0,-1,5,7,640,18,0,infinity
0,-1,7,2,28,3,0,infinity
0,-1,7,3,56,6,0,infinity
0,-1,7,4,112,9,0,infinity
0,-1,7,5,224,12,0,infinity
0,-1,7,6,448,15,0,infinity
0,-1,7,7,896,18,0,infinity
0,-1,9,2,36,3,0,infinity
0,-1,9,3,72,6,0,infinity
0,-1,9,4,144,9,0,infinity
0,-1,9,5,288,12,0,infinity
0,-1,9,6,576,15,0,infinity
0,-1,9,7,1152,18,0,infinity
0,-1,11,2,44,3,0,infinity
0,-1,11,3,88,6,0,infinity
0,-1,11,4,176,9,0,infinity
0,-1,11,5,352,12,0,infinity
0,-1,11,6,704,15,0,infinity
0,-1,11,7,1408,18,0,infinity
0,-1,13,2,52,3,0,infinity
0,-1,13,3,104,6,0,infinity
0,-1,13,4,208,9,0,infinity
0,-1,13,5,416,12,0,infinity
0,-1,13,6,832,15,0,infinity
0,-1,13,7,1664,18,0,infinity
0,-1,15,2,60,3,0,infinity
0,-1,15,3,120,6,0,infinity
0,-1,15,4,240,9,0,infinity
0,-1,15,5,480,12,0,infinity
0,-1,15,6,960,15,0,infinity
0,-1,15,7,1920,18,0,infinity
0,0,1,2,4,3,0,infinity
0,0,1,3,8,6,0,infinity
0,0,1,4,16,9,0,infinity
0,0,1,5,32,12,0,infinity
0,0,1,6,64,15,0,infinity
0,0,1,7,128,18,0,infinity
0,0,3,2,12,3,0,infinity
0,0,3,3,24,6,0,infinity
0,0,3,4,48,9,0,infinity
0,0,3,5,96,12,0,infinity
0,0,3,6,192,15,0,infinity
0,0,3,7,384,18,0,infinity
0,0,5,2,20,3,0,infinity
0,0,5,3,40,6,0,infinity
0,0,5,4,80,9,0,infinity
0,0,5,5,160,12,0,infinity
0,0,5,6,320,15,0,infinity
0,0,5,7,640,18,0,infinity
0,0,7,2,28,3,0,infinity
0,0,7,3,56,6,0,infinity
0,0,7,4,112,9,0,infinity
0,0,7,5,224,12,0,infinity
0,0,7,6,448,15,0,infinity
0,0,7,7,896,18,0,infinity
0,0,9,2,36,3,0,infinity
0,0,9,3,72,6,0,infinity
0,0,9,4,144,9,0,infinity
0,0,9,5,288,12,0,infinity
0,0,9,6,576,15,0,infinity
0,0,9,7,1152,18,0,infinity
0,0,11,2,44,3,0,infinity
0,0,11,3,88,6,0,infinity
0,0,11,4,176,9,0,infinity
0,0,11,5,352,12,0,infinity
0,0,11,6,704,15,0,infinity
0,0,11,7,1408,18,0,infinity
0,0,13,2,52,3,0,infinity
0,0,13,3,104,6,0,infinity
0,0,13,4,208,9,0,infinity
0,0,13,5,416,12,0,infinity
0,0,13,6,832,15,0,infinity
0,0,13,7,1664,18,0,infinity
0,0,15,2,60,3,0,infinity
0,0,15,3,120,6,0,infinity
0,0,15,4,240,9,0,infinity
0,0,15,5,480,12,0,infinity
0,0,15,6,960,15,0,infinity
0,0,15,7,1920,18,0,infinity
0,1,1,2,4,3,0,5
0,1,1,3,8,6,0,8
0,1,1,4,16,9,0,11
0,1,1,5,32,12,0,14
0,1,1,6,64,15,0,17
0,1,1,7,128,18,0,20
0,1,3,2,12,3,0,6
0,1,3,3,24,6,0,9
0,1,3,4,48,9,0,12
0,1,3,5,96,12,0,15
0,1,3,6,192,15,0,18
0,1,3,7,384,18,0,21
0,1,5,2,20,3,0,6
0,1,5,3,40,6,0,9
0,1,5,4,80,9,0,12
0,1,5,5,160,12,0,15
0,1,5,6,320,15,0,18
0,1,5,7,640,18,0,21
0,1,7,2,28,3,0,7
0,1,7,3,56,6,0,10
0,1,7,4,112,9,0,13
0,1,7,5,224,12,0,16
0,1,7,6,448,15,0,19
0,1,7,7,896,18,0,22
0,1,9,2,36,3,0,6
0,1,9,3,72,6,0,9
0,1,9,4,144,9,0,12
0,1,9,5,288,12,0,15
0,1,9,6,576,15,0,18
0,1,9,7,1152,18,0,21
0,1,11,2,44,3,0,7
0,1,11,3,88,6,0,10
0,1,11,4,176,9,0,13
0,1,11,5,352,12,0,16
0,1,11,6,704,15,0,19
0,1,11,7,1408,18,0,22
0,1,13,2,52,3,0,7
0,1,13,3,104,6,0,10
0,1,13,4,208,9,0,13
0,1,13,5,416,12,0,16
0,1,13,6,832,15,0,19
0,1,13,7,1664,18,0,22
0,1,15,2,60,3,0,8
0,1,15,3,120,6,0,11
0,1,15,4,240,9,0,14
0,1,15,5,480,12,0,17
0,1,15,6,960,15,0,20
0,1,15,7,1920,18,0,23
0,2,1,2,4,3,0,6
0,2,1,3,8,6,0,9
0,2,1,4,16,9,0,12
0,2,1,5,32,12,0,15
0,2,1,6,64,15,0,18
0,2,1,7,128,18,0,21
0,2,3,2,12,3,0,8
0,2,3,3,24,6,0,11
0,2,3,4,48,9,0,14
0,2,3,5,96,12,0,17
0,2,3,6,192,15,0,20
0,2,3,7,384,18,0,23
0,2,5,2,20,3,0,6
0,2,5,3,40,6,0,9
0,2,5,4,80,9,0,12
0,2,5,5,160,12,0,15
0,2,5,6,320,15,0,18
0,2,5,7,640,18,0,21
0,2,7,2,28,3,0,9
0,2,7,3,56,6,0,12
0,2,7,4,112,9,0,15
0,2,7,5,224,12,0,18
0,2,7,6,448,15,0,21
0,2,7,7,896,18,0,24
0,2,9,2,36,3,0,6
0,2,9,3,72,6,0,9
0,2,9,4,144,9,0,12
0,2,9,5,288,12,0,15
0,2,9,6,576,15,0,18
0,2,9,7,1152,18,0,21
0,2,11,2,44,3,0,10
0,2,11,3,88,6,0,13
0,2,11,4,176,9,0,16
0,2,11,5,352,12,0,19
0,2,11,6,704,15,0,22
0,2,11,7,1408,18,0,25
0,2,13,2,52,3,0,8
0,2,13,3,104,6,0,11
0,2,13,4,208,9,0,14
0,2,13,5,416,12,0,17
0,2,13,6,832,15,0,20
0,2,13,7,1664,18,0,23
0,2,15,2,60,3,0,10
0,2,15,3,120,6,0,13
0,2,15,4,240,9,0,16
0,2,15,5,480,12,0,19
0,2,15,6,960,15,0,22
0,2,15,7,1920,18,0,25
0,3,1,2,4,3,0,6
0,3,1,3,8,6,0,9
0,3,1,4,16,9,0,12
0,3,1,5,32,12,0,15
0,3,1,6,64,15,0,18
0,3,1,7,128,18,0,21
0,3,3,2,12,3,0,6
0,3,3,3,24,6,0,9
0,3,3,4,48,9,0,12
0,3,3,5,96,12,0,15
0,3,3,6,192,15,0,18
0,3,3,7,384,18,0,21
0,3,5,2,20,3,0,8
0,3,5,3,40,6,0,11
0,3,5,4,80,9,0,14
0,3,5,5,160,12,0,17
0,3,5,6,320,15,0,20
0,3,5,7,640,18,0,23
0,3,7,2,28,3,0,7
0,3,7,3,56,6,0,10
0,3,7,4,112,9,0,13
0,3,7,5,224,12,0,16
0,3,7,6,448,15,0,19
0,3,7,7,896,18,0,22
0,3,9,2,36,3,0,8
0,3,9,3,72,6,0,11
0,3,9,4,144,9,0,14
0,3,9,5,288,12,0,17
0,3,9,6,576,15,0,20
0,3,9,7,1152,18,0,23
0,3,11,2,44,3,0,6
0,3,11,3,88,6,0,9
0,3,11,4,176,9,0,12
0,3,11,5,352,12,0,15
0,3,11,6,704,15,0,18
0,3,11,7,1408,18,0,21
0,3,13,2,52,3,0,8
0,3,13,3,104,6,0,11
0,3,13,4,208,9,0,14
0,3,13,5,416,12,0,17
0,3,13,6,832,15,0,20
0,3,13,7,1664,18,0,23
0,3,15,2,60,3,0,8
0,3,15,3,120,6,0,11
0,3,15,4,240,9,0,14
0,3,15,5,480,12,0,17
0,3,15,6,960,15,0,20
0,3,15,7,1920,18,0,23
0,4,1,2,4,3,0,8
0,4,1,3,8,6,0,11
0,4,1,4,16,9,0,14
0,4,1,5,32,12,0,17
0,4,1,6,64,15,0,20
0,4,1,7,128,18,0,23
0,4,3,2,12,3,0,8
0,4,3,3,24,6,0,11
0,4,3,4,48,9,0,14
0,4,3,5,96,12,0,17
0,4,3,6,192,15,0,20
0,4,3,7,384,18,0,23
0,4,5,2,20,3,0,9
0,4,5,3,40,6,0,12
0,4,5,4,80,9,0,15
0,4,5,5,160,12,0,18
0,4,5,6,320,15,0,21
0,4,5,7,640,18,0,24
0,4,7,2,28,3,0,11
0,4,7,3,56,6,0,14
0,4,7,4,112,9,0,17
0,4,7,5,224,12,0,20
0,4,7,6,448,15,0,23
0,4,7,7,896,18,0,26
0,4,9,2,36,3,0,8
0,4,9,3,72,6,0,11
0,4,9,4,144,9,0,14
0,4,9,5,288,12,0,17
0,4,9,6,576,15,0,20
0,4,9,7,1152,18,0,23
0,4,11,2,44,3,0,9
0,4,11,3,88,6,0,12
0,4,11,4,176,9,0,15
0,4,11,5,352,12,0,18
0,4,11,6,704,15,0,21
0,4,11,7,1408,18,0,24
0,4,13,2,52,3,0,12
0,4,13,3,104,6,0,15
0,4,13,4,208,9,0,18
0,4,13,5,416,12,0,21
0,4,13,6,832,15,0,24
0,4,13,7,1664,18,0,27
0,4,15,2,60,3,0,12
0,4,15,3,120,6,0,15
0,4,15,4,240,9,0,18
0,4,15,5,480,12,0,21
0,4,15,6,960,15,0,24
0,4,15,7,1920,18,0,27
0,5,1,2,4,3,0,5
0,5,1,3,8,6,0,8
0,5,1,4,16,9,0,11
0,5,1,5,32,12,0,14
0,5,1,6,64,15,0,17
0,5,1,7,128,18,0,20
0,5,3,2,12,3,0,8
0,5,3,3,24,6,0,11
0,5,3,4,48,9,0,14
0,5,3,5,96,12,0,17
0,5,3,6,192,15,0,20
0,5,3,7,384,18,0,23
0,5,5,2,20,3,0,5
0,5,5,3,40,6,0,8
0,5,5,4,80,9,0,11
0,5,5,5,160,12,0,14
0,5,5,6,320,15,0,17
0,5,5,7,640,18,0,20
0,5,7,2,28,3,0,7
0,5,7,3,56,6,0,10
0,5,7,4,112,9,0,13
0,5,7,5,224,12,0,16
0,5,7,6,448,15,0,19
0,5,7,7,896,18,0,22
0,5,9,2,36,3,0,6
0,5,9,3,72,6,0,9
0,5,9,4,144,9,0,12
0,5,9,5,288,12,0,15
0,5,9,6,576,15,0,18
0,5,9,7,1152,18,0,21
0,5,11,2,44,3,0,10
0,5,11,3,88,6,0,13
0,5,11,4,176,9,0,16
0,5,11,5,352,12,0,19
0,5,11,6,704,15,0,22
0,5,11,7,1408,18,0,25
0,5,13,2,52,3,0,5
0,5,13,3,104,6,0,8
0,5,13,4,208,9,0,11
0,5,13,5,416,12,0,14
0,5,13,6,832,15,0,17
0,5,13,7,1664,18,0,20
0,5,15,2,60,3,0,8
0,5,15,3,120,6,0,11
0,5,15,4,240,9,0,14
0,5,15,5,480,12,0,17
0,5,15,6,960,15,0,20
0,5,15,7,1920,18,0,23
1,-5,1,2,4,3,1,3
1,-5,1,3,8,6,1,6
1,-5,1,4,16,9,1,9
1,-5,1,5,32,12,1,12
1,-5,1,6,64,15,1,15
1,-5,1,7,128,18,1,18
1,-5,3,2,12,3,1,3
1,-5,3,3,24,6,1,6
1,-5,3,4,48,9,1,9
1,-5,3,5,96,12,1,12
1,-5,3,6,192,15,1,15
1,-5,3,7,384,18,1,18
1,-5,5,2,20,3,0,5
1,-5,5,3,40,6,0,8
1,-5,5,4,80,9,0,11
1,-5,5,5,160,12,0,14
1,-5,5,6,320,15,0,17
1,-5,5,7,640,18,0,20
1,-5,7,2,28,3,0,4
1,-5,7,3,56,6,0,7
1,-5,7,4,112,9,0,10
1,-5,7,5,224,12,0,13
1,-5,7,6,448,15,0,16
1,-5,7,7,896,18,0,19
1,-5,9,2,36,3,0,5
1,-5,9,3,72,6,0,8
1,-5,9,4,144,9,0,11
1,-5,9,5,288,12,0,14
1,-5,9,6,576,15,0,17
1,-5,9,7,1152,18,0,20
1,-5,11,2,44,3,1,3
1,-5,11,3,88,6,1,6
1,-5,11,4,176,9,1,9
1,-5,11,5,352,12,1,12
1,-5,11,6,704,15,1,15
1,-5,11,7,1408,18,1,18
1,-5,13,2,52,3,0,5
1,-5,13,3,104,6,0,8
1,-5,13,4,208,9,0,11
1,-5,13,5,416,12,0,14
1,-5,13,6,832,15,0,17
1,-5,13,7,1664,18,0,20
1,-5,15,2,60,3,0,5
1,-5,15,3,120,6,0,8
1,-5,15,4,240,9,0,11
1,-5,15,5,480,12,0,14
1,-5,15,6,960,15,0,17
1,-5,15,7,1920,18,0,20
1,-4,1,2,4,3,0,6
1,-4,1,3,8,6,0,8
1,-4,1,4,16,9,0,11
1,-4,1,5,32,12,0,14
1,-4,1,6,64,15,0,17
1,-4,1,7,128,18,0,20
1,-4,3,2,12,3,0,5
1,-4,3,3,24,6,0,9
1,-4,3,4,48,9,0,13
1,-4,3,5,96,12,0,16
1,-4,3,6,192,15,0,19
1,-4,3,7,384,18,0,22
1,-4,5,2,20,3,0,8
1,-4,5,3,40,6,0,8
1,-4,5,4,80,9,0,11
1,-4,5,5,160,12,0,14
1,-4,5,6,320,15,0,17
1,-4,5,7,640,18,0,20
1,-4,7,2,28,3,0,7
1,-4,7,3,56,6,0,12
1,-4,7,4,112,9,0,14
1,-4,7,5,224,12,0,17
1,-4,7,6,448,15,0,20
1,-4,7,7,896,18,0,23
1,-4,9,2,36,3,0,6
1,-4,9,3,72,6,0,8
1,-4,9,4,144,9,0,11
1,-4,9,5,288,12,0,14
1,-4,9,6,576,15,0,17
1,-4,9,7,1152,18,0,20
1,-4,11,2,44,3,0,5
1,-4,11,3,88,6,0,9
1,-4,11,4,176,9,0,15
1,-4,11,5,352,12,0,18
1,-4,11,6,704,15,0,21
1,-4,11,7,1408,18,0,24
1,-4,13,2,52,3,0,9
1,-4,13,3,104,6,0,10
1,-4,13,4,208,9,0,13
1,-4,13,5,416,12,0,16
1,-4,13,6,832,15,0,19
1,-4,13,7,1664,18,0,22
1,-4,15,2,60,3,0,8
1,-4,15,3,120,6,0,14
1,-4,15,4,240,9,0,15
1,-4,15,5,480,12,0,18
1,-4,15,6,960,15,0,21
1,-4,15,7,1920,18,0,24
1,-3,1,2,4,3,1,3
1,-3,1,3,8,6,1,6
1,-3,1,4,16,9,1,9
1,-3,1,5,32,12,1,12
1,-3,1,6,64,15,1,15
1,-3,1,7,128,18,1,18
1,-3,3,2,12,3,0,4
1,-3,3,3,24,6,0,7
1,-3,3,4,48,9,0,10
1,-3,3,5,96,12,0,13
1,-3,3,6,192,15,0,16
1,-3,3,7,384,18,0,19
1,-3,5,2,20,3,0,4
1,-3,5,3,40,6,0,7
1,-3,5,4,80,9,0,10
1,-3,5,5,160,12,0,13
1,-3,5,6,320,15,0,16
1,-3,5,7,640,18,0,19
1,-3,7,2,28,3,0,5
1,-3,7,3,56,6,0,8
1,-3,7,4,112,9,0,11
1,-3,7,5,224,12,0,14
1,-3,7,6,448,15,0,17
1,-3,7,7,896,18,0,20
1,-3,9,2,36,3,0,4
1,-3,9,3,72,6,0,7
1,-3,9,4,144,9,0,10
1,-3,9,5,288,12,0,13
1,-3,9,6,576,15,0,16
1,-3,9,7,1152,18,0,19
1,-3,11,2,44,3,0,5
1,-3,11,3,88,6,0,8
1,-3,11,4,176,9,0,11
1,-3,11,5,352,12,0,14
1,-3,11,6,704,15,0,17
1,-3,11,7,1408,18,0,20
1,-3,13,2,52,3,0,5
1,-3,13,3,104,6,0,8
1,-3,13,4,208,9,0,11
1,-3,13,5,416,12,0,14
1,-3,13,6,832,15,0,17
1,-3,13,7,1664,18,0,20
1,-3,15,2,60,3,0,6
1,-3,15,3,120,6,0,9
1,-3,15,4,240,9,0,12
1,-3,15,5,480,12,0,15
1,-3,15,6,960,15,0,18
1,-3,15,7,1920,18,0,21
1,-2,1,2,4,3,0,4
1,-2,1,3,8,6,0,8
1,-2,1,4,16,9,0,17
1,-2,1,5,32,12,0,27
1,-2,1,6,64,15,0,46
1,-2,1,7,128,18,0,81
1,-2,3,2,12,3,0,8
1,-2,3,3,24,6,0,16
1,-2,3,4,48,9,0,32
1,-2,3,5,96,12,0,60
1,-2,3,6,192,15,0,111
1,-2,3,7,384,18,0,210
1,-2,5,2,20,3,0,13
1,-2,5,3,40,6,0,25
1,-2,5,4,80,9,0,53
1,-2,5,5,160,12,0,92
1,-2,5,6,320,15,0,175
1,-2,5,7,640,18,0,338
1,-2,7,2,28,3,0,16
1,-2,7,3,56,6,0,32
1,-2,7,4,112,9,0,64
1,-2,7,5,224,12,0,125
1,-2,7,6,448,15,0,240
1,-2,7,7,896,18,0,467
1,-2,9,2,36,3,0,21
1,-2,9,3,72,6,0,41
1,-2,9,4,144,9,0,82
1,-2,9,5,288,12,0,156
1,-2,9,6,576,15,0,303
1,-2,9,7,1152,18,0,594
1,-2,11,2,44,3,0,25
1,-2,11,3,88,6,0,49
1,-2,11,4,176,9,0,97
1,-2,11,5,352,12,0,189
1,-2,11,6,704,15,0,368
1,-2,11,7,1408,18,0,723
1,-2,13,2,52,3,0,30
1,-2,13,3,104,6,0,58
1,-2,13,4,208,9,0,116
1,-2,13,5,416,12,0,221
1,-2,13,6,832,15,0,432
1,-2,13,7,1664,18,0,851
1,-2,15,2,60,3,0,32
1,-2,15,3,120,6,0,64
1,-2,15,4,240,9,0,128
1,-2,15,5,480,12,0,254
1,-2,15,6,960,15,0,497
1,-2,15,7,1920,18,0,980
1,-1,1,2,4,3,1,3
1,-1,1,3,8,6,1,6
1,-1,1,4,16,9,1,9
1,-1,1,5,32,12,1,12
1,-1,1,6,64,15,1,15
1,-1,1,7,128,18,1,18
1,-1,3,2,12,3,1,3
1,-1,3,3,24,6,1,6
1,-1,3,4,48,9,1,9
1,-1,3,5,96,12,1,12
1,-1,3,6,192,15,1,15
1,-1,3,7,384,18,1,18
1,-1,5,2,20,3,1,3
1,-1,5,3,40,6,1,6
1,-1,5,4,80,9,1,9
1,-1,5,5,160,12,1,12
1,-1,5,6,320,15,1,15
1,-1,5,7,640,18,1,18
1,-1,7,2,28,3,1,3
1,-1,7,3,56,6,1,6
1,-1,7,4,112,9,1,9
1,-1,7,5,224,12,1,12
1,-1,7,6,448,15,1,15
1,-1,7,7,896,18,1,18
1,-1,9,2,36,3,1,3
1,-1,9,3,72,6,1,6
1,-1,9,4,144,9,1,9
1,-1,9,5,288,12,1,12
1,-1,9,6,576,15,1,15
1,-1,9,7,1152,18,1,18
1,-1,11,2,44,3,1,3
1,-1,11,3,88,6,1,6
1,-1,11,4,176,9,1,9
1,-1,11,5,352,12,1,12
1,-1,11,6,704,15,1,15
1,-1,11,7,1408,18,1,18
1,-1,13,2,52,3,1,3
1,-1,13,3,104,6,1,6
1,-1,13,4,208,9,1,9
1,-1,13,5,416,12,1,12
1,-1,13,6,832,15,1,15
1,-1,13,7,1664,18,1,18
1,-1,15,2,60,3,1,3
1,-1,15,3,120,6,1,6
1,-1,15,4,240,9,1,9
1,-1,15,5,480,12,1,12
1,-1,15,6,960,15,1,15
1,-1,15,7,1920,18,1,18
1,0,1,2,4,3,0,5
1,0,1,3,8,6,0,8
1,0,1,4,16,9,0,11
1,0,1,5,32,12,0,14
1,0,1,6,64,15,0,17
1,0,1,7,128,18,0,20
1,0,3,2,12,3,0,6
1,0,3,3,24,6,0,9
1,0,3,4,48,9,0,12
1,0,3,5,96,12,0,15
1,0,3,6,192,15,0,18
1,0,3,7,384,18,0,21
1,0,5,2,20,3,0,6
1,0,5,3,40,6,0,9
1,0,5,4,80,9,0,12
1,0,5,5,160,12,0,15
1,0,5,6,320,15,0,18
1,0,5,7,640,18,0,21
1,0,7,2,28,3,0,7
1,0,7,3,56,6,0,10
1,0,7,4,112,9,0,13
1,0,7,5,224,12,0,16
1,0,7,6,448,15,0,19
1,0,7,7,896,18,0,22
1,0,9,2,36,3,0,6
1,0,9,3,72,6,0,9
1,0,9,4,144,9,0,12
1,0,9,5,288,12,0,15
1,0,9,6,576,15,0,18
1,0,9,7,1152,18,0,21
1,0,11,2,44,3,0,7
1,0,11,3,88,6,0,10
1,0,11,4,176,9,0,13
1,0,11,5,352,12,0,16
1,0,11,6,704,15,0,19
1,0,11,7,1408,18,0,22
1,0,13,2,52,3,0,7
1,0,13,3,104,6,0,10
1,0,13,4,208,9,0,13
1,0,13,5,416,12,0,16
1,0,13,6,832,15,0,19
1,0,13,7,1664,18,0,22
1,0,15,2,60,3,0,8
1,0,15,3,120,6,0,11
1,0,15,4,240,9,0,14
1,0,15,5,480,12,0,17
1,0,15,6,960,15,0,20
1,0,15,7,1920,18,0,23
1,1,1,2,4,3,1,3
1,1,1,3,8,6,1,6
1,1,1,4,16,9,1,9
1,1,1,5,32,12,1,12
1,1,1,6,64,15,1,15
1,1,1,7,128,18,1,18
1,1,3,2,12,3,0,5
1,1,3,3,24,6,0,8
1,1,3,4,48,9,0,11
1,1,3,5,96,12,0,14
1,1,3,6,192,15,0,17
1,1,3,7,384,18,0,20
1,1,5,2,20,3,1,3
1,1,5,3,40,6,1,6
1,1,5,4,80,9,1,9
1,1,5,5,160,12,1,12
1,1,5,6,320,15,1,15
1,1,5,7,640,18,1,18
1,1,7,2,28,3,0,6
1,1,7,3,56,6,0,9
1,1,7,4,112,9,0,12
1,1,7,5,224,12,0,15
1,1,7,6,448,15,0,18
1,1,7,7,896,18,0,21
1,1,9,2,36,3,1,3
1,1,9,3,72,6,1,6
1,1,9,4,144,9,1,9
1,1,9,5,288,12,1,12
1,1,9,6,576,15,1,15
1,1,9,7,1152,18,1,18
1,1,11,2,44,3,0,7
1,1,11,3,88,6,0,10
1,1,11,4,176,9,0,13
1,1,11,5,352,12,0,16
1,1,11,6,704,15,0,19
1,1,11,7,1408,18,0,22
1,1,13,2,52,3,0,5
1,1,13,3,104,6,0,8
1,1,13,4,208,9,0,11
1,1,13,5,416,12,0,14
1,1,13,6,832,15,0,17
1,1,13,7,1664,18,0,20
1,1,15,2,60,3,0,7
1,1,15,3,120,6,0,10
1,1,15,4,240,9,0,13
1,1,15,5,480,12,0,16
1,1,15,6,960,15,0,19
1,1,15,7,1920,18,0,22
1,2,1,2,4,3,0,4
1,2,1,3,8,6,0,8
1,2,1,4,16,9,0,13
1,2,1,5,32,12,0,16
1,2,1,6,64,15,0,19
1,2,1,7,128,18,0,22
1,2,3,2,12,3,0,5
1,2,3,3,24,6,0,9
1,2,3,4,48,9,0,13
1,2,3,5,96,12,0,16
1,2,3,6,192,15,0,19
1,2,3,7,384,18,0,22
1,2,5,2,20,3,0,4
1,2,5,3,40,6,0,8
1,2,5,4,80,9,0,15
1,2,5,5,160,12,0,18
1,2,5,6,320,15,0,21
1,2,5,7,640,18,0,24
1,2,7,2,28,3,0,6
1,2,7,3,56,6,0,10
1,2,7,4,112,9,0,14
1,2,7,5,224,12,0,17
1,2,7,6,448,15,0,20
1,2,7,7,896,18,0,23
1,2,9,2,36,3,0,6
1,2,9,3,72,6,0,10
1,2,9,4,144,9,0,15
1,2,9,5,288,12,0,18
1,2,9,6,576,15,0,21
1,2,9,7,1152,18,0,24
1,2,11,2,44,3,0,5
1,2,11,3,88,6,0,9
1,2,11,4,176,9,0,13
1,2,11,5,352,12,0,16
1,2,11,6,704,15,0,19
1,2,11,7,1408,18,0,22
1,2,13,2,52,3,0,5
1,2,13,3,104,6,0,9
1,2,13,4,208,9,0,15
1,2,13,5,416,12,0,18
1,2,13,6,832,15,0,21
1,2,13,7,1664,18,0,24
1,2,15,2,60,3,0,7
1,2,15,3,120,6,0,11
1,2,15,4,240,9,0,15
1,2,15,5,480,12,0,18
1,2,15,6,960,15,0,21
1,2,15,7,1920,18,0,24
1,3,1,2,4,3,1,3
1,3,1,3,8,6,1,6
1,3,1,4,16,9,1,9
1,3,1,5,32,12,1,12
1,3,1,6,64,15,1,15
1,3,1,7,128,18,1,18
1,3,3,2,12,3,1,3
1,3,3,3,24,6,1,6
1,3,3,4,48,9,1,9
1,3,3,5,96,12,1,12
1,3,3,6,192,15,1,15
1,3,3,7,384,18,1,18
1,3,5,2,20,3,0,4
1,3,5,3,40,6,0,7
1,3,5,4,80,9,0,10
1,3,5,5,160,12,0,13
1,3,5,6,320,15,0,16
1,3,5,7,640,18,0,19
1,3,7,2,28,3,0,6
1,3,7,3,56,6,0,9
1,3,7,4,112,9,0,12
1,3,7,5,224,12,0,15
1,3,7,6,448,15,0,18
1,3,7,7,896,18,0,21
1,3,9,2,36,3,1,3
1,3,9,3,72,6,1,6
1,3,9,4,144,9,1,9
1,3,9,5,288,12,1,12
1,3,9,6,576,15,1,15
1,3,9,7,1152,18,1,18
1,3,11,2,44,3,0,4
1,3,11,3,88,6,0,7
1,3,11,4,176,9,0,10
1,3,11,5,352,12,0,13
1,3,11,6,704,15,0,16
1,3,11,7,1408,18,0,19
1,3,13,2,52,3,0,7
1,3,13,3,104,6,0,10
1,3,13,4,208,9,0,13
1,3,13,5,416,12,0,16
1,3,13,6,832,15,0,19
1,3,13,7,1664,18,0,22
1,3,15,2,60,3,0,7
1,3,15,3,120,6,0,10
1,3,15,4,240,9,0,13
1,3,15,5,480,12,0,16
1,3,15,6,960,15,0,19
1,3,15,7,1920,18,0,22
1,4,1,2,4,3,0,7
1,4,1,3,8,6,0,8
1,4,1,4,16,9,0,11
1,4,1,5,32,12,0,14
1,4,1,6,64,15,0,17
1,4,1,7,128,18,0,20
1,4,3,2,12,3,0,5
1,4,3,3,24,6,0,9
1,4,3,4,48,9,0,14
1,4,3,5,96,12,0,17
1,4,3,6,192,15,0,20
1,4,3,7,384,18,0,23
1,4,5,2,20,3,0,6
1,4,5,3,40,6,0,8
1,4,5,4,80,9,0,11
1,4,5,5,160,12,0,14
1,4,5,6,320,15,0,17
1,4,5,7,640,18,0,20
1,4,7,2,28,3,0,6
1,4,7,3,56,6,0,11
1,4,7,4,112,9,0,13
1,4,7,5,224,12,0,16
1,4,7,6,448,15,0,19
1,4,7,7,896,18,0,22
1,4,9,2,36,3,0,8
1,4,9,3,72,6,0,9
1,4,9,4,144,9,0,12
1,4,9,5,288,12,0,15
1,4,9,6,576,15,0,18
1,4,9,7,1152,18,0,21
1,4,11,2,44,3,0,8
1,4,11,3,88,6,0,12
1,4,11,4,176,9,0,16
1,4,11,5,352,12,0,19
1,4,11,6,704,15,0,22
1,4,11,7,1408,18,0,25
1,4,13,2,52,3,0,6
1,4,13,3,104,6,0,8
1,4,13,4,208,9,0,11
1,4,13,5,416,12,0,14
1,4,13,6,832,15,0,17
1,4,13,7,1664,18,0,20
1,4,15,2,60,3,0,7
1,4,15,3,120,6,0,15
1,4,15,4,240,9,0,14
1,4,15,5,480,12,0,17
1,4,15,6,960,15,0,20
1,4,15,7,1920,18,0,23
1,5,1,2,4,3,1,3
1,5,1,3,8,6,1,6
1,5,1,4,16,9,1,9
1,5,1,5,32,12,1,12
1,5,1,6,64,15,1,15
1,5,1,7,128,18,1,18
1,5,3,2,12,3,0,4
1,5,3,3,24,6,0,7
1,5,3,4,48,9,0,10
1,5,3,5,96,12,0,13
1,5,3,6,192,15,0,16
1,5,3,7,384,18,0,19
1,5,5,2,20,3,0,6
1,5,5,3,40,6,0,9
1,5,5,4,80,9,0,12
1,5,5,5,160,12,0,15
1,5,5,6,320,15,0,18
1,5,5,7,640,18,0,21
1,5,7,2,28,3,0,6
1,5,7,3,56,6,0,9
1,5,7,4,112,9,0,12
1,5,7,5,224,12,0,15
1,5,7,6,448,15,0,18
1,5,7,7,896,18,0,21
1,5,9,2,36,3,1,3
1,5,9,3,72,6,1,6
1,5,9,4,144,9,1,9
1,5,9,5,288,12,1,12
1,5,9,6,576,15,1,15
1,5,9,7,1152,18,1,18
1,5,11,2,44,3,0,4
1,5,11,3,88,6,0,7
1,5,11,4,176,9,0,10
1,5,11,5,352,12,0,13
1,5,11,6,704,15,0,16
1,5,11,7,1408,18,0,19
1,5,13,2,52,3,0,5
1,5,13,3,104,6,0,8
1,5,13,4,208,9,0,11
1,5,13,5,416,12,0,14
1,5,13,6,832,15,0,17
1,5,13,7,1664,18,0,20
1,5,15,2,60,3,0,7
1,5,15,3,120,6,0,10
1,5,15,4,240,9,0,13
1,5,15,5,480,12,0,16
1,5,15,6,960,15,0,19
1,5,15,7,1920,18,0,22
2,-5,1,2,4,3,0,4
2,-5,1,3,8,6,0,8
2,-5,1,4,16,9,0,13
2,-5,1,5,32,12,0,16
2,-5,1,6,64,15,0,19
2,-5,1,7,128,18,0,22
2,-5,3,2,12,3,0,4
2,-5,3,3,24,6,0,8
2,-5,3,4,48,9,0,15
2,-5,3,5,96,12,0,18
2,-5,3,6,192,15,0,21
2,-5,3,7,384,18,0,24
2,-5,5,2,20,3,0,4
2,-5,5,3,40,6,0,8
2,-5,5,4,80,9,0,13
2,-5,5,5,160,12,0,16
2,-5,5,6,320,15,0,19
2,-5,5,7,640,18,0,22
2,-5,7,2,28,3,0,6
2,-5,7,3,56,6,0,10
2,-5,7,4,112,9,0,16
2,-5,7,5,224,12,0,19
2,-5,7,6,448,15,0,22
2,-5,7,7,896,18,0,25
2,-5,9,2,36,3,0,4
2,-5,9,3,72,6,0,8
2,-5,9,4,144,9,0,13
2,-5,9,5,288,12,0,16
2,-5,9,6,576,15,0,19
2,-5,9,7,1152,18,0,22
2,-5,11,2,44,3,0,4
2,-5,11,3,88,6,0,8
2,-5,11,4,176,9,0,18
2,-5,11,5,352,12,0,20
2,-5,11,6,704,15,0,23
2,-5,11,7,1408,18,0,26
2,-5,13,2,52,3,0,6
2,-5,13,3,104,6,0,10
2,-5,13,4,208,9,0,15
2,-5,13,5,416,12,0,18
2,-5,13,6,832,15,0,21
2,-5,13,7,1664,18,0,24
2,-5,15,2,60,3,0,7
2,-5,15,3,120,6,0,11
2,-5,15,4,240,9,0,17
2,-5,15,5,480,12,0,20
2,-5,15,6,960,15,0,23
2,-5,15,7,1920,18,0,26
2,-4,1,2,4,3,0,9
2,-4,1,3,8,6,0,12
2,-4,1,4,16,9,0,15
2,-4,1,5,32,12,0,18
2,-4,1,6,64,15,0,21
2,-4,1,7,128,18,0,24
2,-4,3,2,12,3,0,10
2,-4,3,3,24,6,0,13
2,-4,3,4,48,9,0,16
2,-4,3,5,96,12,0,19
2,-4,3,6,192,15,0,22
2,-4,3,7,384,18,0,25
2,-4,5,2,20,3,0,10
2,-4,5,3,40,6,0,13
2,-4,5,4,80,9,0,16
2,-4,5,5,160,12,0,19
2,-4,5,6,320,15,0,22
2,-4,5,7,640,18,0,25
2,-4,7,2,28,3,0,11
2,-4,7,3,56,6,0,14
2,-4,7,4,112,9,0,17
2,-4,7,5,224,12,0,20
2,-4,7,6,448,15,0,23
2,-4,7,7,896,18,0,26
2,-4,9,2,36,3,0,10
2,-4,9,3,72,6,0,13
2,-4,9,4,144,9,0,16
2,-4,9,5,288,12,0,19
2,-4,9,6,576,15,0,22
2,-4,9,7,1152,18,0,25
2,-4,11,2,44,3,0,11
2,-4,11,3,88,6,0,14
2,-4,11,4,176,9,0,17
2,-4,11,5,352,12,0,20
2,-4,11,6,704,15,0,23
2,-4,11,7,1408,18,0,26
2,-4,13,2,52,3,0,11
2,-4,13,3,104,6,0,14
2,-4,13,4,208,9,0,17
2,-4,13,5,416,12,0,20
2,-4,13,6,832,15,0,23
2,-4,13,7,1664,18,0,26
2,-4,15,2,60,3,0,12
2,-4,15,3,120,6,0,15
2,-4,15,4,240,9,0,18
2,-4,15,5,480,12,0,21
2,-4,15,6,960,15,0,24
2,-4,15,7,1920,18,0,27
2,-3,1,2,4,3,0,4
2,-3,1,3,8,6,0,8
2,-3,1,4,16,9,0,17
2,-3,1,5,32,12,0,27
2,-3,1,6,64,15,0,46
2,-3,1,7,128,18,0,81
2,-3,3,2,12,3,0,9
2,-3,3,3,24,6,0,17
2,-3,3,4,48,9,0,33
2,-3,3,5,96,12,0,61
2,-3,3,6,192,15,0,112
2,-3,3,7,384,18,0,211
2,-3,5,2,20,3,0,12
2,-3,5,3,40,6,0,24
2,-3,5,4,80,9,0,52
2,-3,5,5,160,12,0,91
2,-3,5,6,320,15,0,174
2,-3,5,7,640,18,0,337
2,-3,7,2,28,3,0,17
2,-3,7,3,56,6,0,33
2,-3,7,4,112,9,0,65
2,-3,7,5,224,12,0,126
2,-3,7,6,448,15,0,241
2,-3,7,7,896,18,0,468
2,-3,9,2,36,3,0,20
2,-3,9,3,72,6,0,40
2,-3,9,4,144,9,0,81
2,-3,9,5,288,12,0,155
2,-3,9,6,576,15,0,302
2,-3,9,7,1152,18,0,593
2,-3,11,2,44,3,0,27
2,-3,11,3,88,6,0,51
2,-3,11,4,176,9,0,99
2,-3,11,5,352,12,0,191
2,-3,11,6,704,15,0,370
2,-3,11,7,1408,18,0,725
2,-3,13,2,52,3,0,30
2,-3,13,3,104,6,0,58
2,-3,13,4,208,9,0,116
2,-3,13,5,416,12,0,221
2,-3,13,6,832,15,0,432
2,-3,13,7,1664,18,0,851
2,-3,15,2,60,3,0,33
2,-3,15,3,120,6,0,65
2,-3,15,4,240,9,0,129
2,-3,15,5,480,12,0,255
2,-3,15,6,960,15,0,498
2,-3,15,7,1920,18,0,981
2,-2,1,2,4,3,0,5
2,-2,1,3,8,6,0,8
2,-2,1,4,16,9,0,11
2,-2,1,5,32,12,0,14
2,-2,1,6,64,15,0,17
2,-2,1,7,128,18,0,20
2,-2,3,2,12,3,0,5
2,-2,3,3,24,6,0,8
2,-2,3,4,48,9,0,11
2,-2,3,5,96,12,0,14
2,-2,3,6,192,15,0,17
2,-2,3,7,384,18,0,20
2,-2,5,2,20,3,0,5
2,-2,5,3,40,6,0,8
2,-2,5,4,80,9,0,11
2,-2,5,5,160,12,0,14
2,-2,5,6,320,15,0,17
2,-2,5,7,640,18,0,20
2,-2,7,2,28,3,0,5
2,-2,7,3,56,6,0,8
2,-2,7,4,112,9,0,11
2,-2,7,5,224,12,0,14
2,-2,7,6,448,15,0,17
2,-2,7,7,896,18,0,20
2,-2,9,2,36,3,0,5
2,-2,9,3,72,6,0,8
2,-2,9,4,144,9,0,11
2,-2,9,5,288,12,0,14
2,-2,9,6,576,15,0,17
2,-2,9,7,1152,18,0,20
2,-2,11,2,44,3,0,5
2,-2,11,3,88,6,0,8
2,-2,11,4,176,9,0,11
2,-2,11,5,352,12,0,14
2,-2,11,6,704,15,0,17
2,-2,11,7,1408,18,0,20
2,-2,13,2,52,3,0,5
2,-2,13,3,104,6,0,8
2,-2,13,4,208,9,0,11
2,-2,13,5,416,12,0,14
2,-2,13,6,832,15,0,17
2,-2,13,7,1664,18,0,20
2,-2,15,2,60,3,0,5
2,-2,15,3,120,6,0,8
2,-2,15,4,240,9,0,11
2,-2,15,5,480,12,0,14
2,-2,15,6,960,15,0,17
2,-2,15,7,1920,18,0,20
2,-1,1,2,4,3,0,4
2,-1,1,3,8,6,0,8
2,-1,1,4,16,9,0,15
2,-1,1,5,32,12,0,17
2,-1,1,6,64,15,0,20
2,-1,1,7,128,18,0,23
2,-1,3,2,12,3,0,4
2,-1,3,3,24,6,0,8
2,-1,3,4,48,9,0,16
2,-1,3,5,96,12,0,18
2,-1,3,6,192,15,0,21
2,-1,3,7,384,18,0,24
2,-1,5,2,20,3,0,5
2,-1,5,3,40,6,0,9
2,-1,5,4,80,9,0,16
2,-1,5,5,160,12,0,18
2,-1,5,6,320,15,0,21
2,-1,5,7,640,18,0,24
2,-1,7,2,28,3,0,4
2,-1,7,3,56,6,0,8
2,-1,7,4,112,9,0,18
2,-1,7,5,224,12,0,19
2,-1,7,6,448,15,0,22
2,-1,7,7,896,18,0,25
2,-1,9,2,36,3,0,5
2,-1,9,3,72,6,0,9
2,-1,9,4,144,9,0,16
2,-1,9,5,288,12,0,18
2,-1,9,6,576,15,0,21
2,-1,9,7,1152,18,0,24
2,-1,11,2,44,3,0,5
2,-1,11,3,88,6,0,9
2,-1,11,4,176,9,0,17
2,-1,11,5,352,12,0,19
2,-1,11,6,704,15,0,22
2,-1,11,7,1408,18,0,25
2,-1,13,2,52,3,0,6
2,-1,13,3,104,6,0,10
2,-1,13,4,208,9,0,17
2,-1,13,5,416,12,0,19
2,-1,13,6,832,15,0,22
2,-1,13,7,1664,18,0,25
2,-1,15,2,60,3,0,4
2,-1,15,3,120,6,0,8
2,-1,15,4,240,9,0,17
2,-1,15,5,480,12,0,20
2,-1,15,6,960,15,0,23
2,-1,15,7,1920,18,0,26
2,0,1,2,4,3,0,6
2,0,1,3,8,6,0,9
2,0,1,4,16,9,0,12
2,0,1,5,32,12,0,15
2,0,1,6,64,15,0,18
2,0,1,7,128,18,0,21
2,0,3,2,12,3,0,8
2,0,3,3,24,6,0,11
2,0,3,4,48,9,0,14
2,0,3,5,96,12,0,17
2,0,3,6,192,15,0,20
2,0,3,7,384,18,0,23
2,0,5,2,20,3,0,6
2,0,5,3,40,6,0,9
2,0,5,4,80,9,0,12
2,0,5,5,160,12,0,15
2,0,5,6,320,15,0,18
2,0,5,7,640,18,0,21
2,0,7,2,28,3,0,9
2,0,7,3,56,6,0,12
2,0,7,4,112,9,0,15
2,0,7,5,224,12,0,18
2,0,7,6,448,15,0,21
2,0,7,7,896,18,0,24
2,0,9,2,36,3,0,6
2,0,9,3,72,6,0,9
2,0,9,4,144,9,0,12
2,0,9,5,288,12,0,15
2,0,9,6,576,15,0,18
2,0,9,7,1152,18,0,21
2,0,11,2,44,3,0,10
2,0,11,3,88,6,0,13
2,0,11,4,176,9,0,16
2,0,11,5,352,12,0,19
2,0,11,6,704,15,0,22
2,0,11,7,1408,18,0,25
2,0,13,2,52,3,0,8
2,0,13,3,104,6,0,11
2,0,13,4,208,9,0,14
2,0,13,5,416,12,0,17
2,0,13,6,832,15,0,20
2,0,13,7,1664,18,0,23
2,0,15,2,60,3,0,10
2,0,15,3,120,6,0,13
2,0,15,4,240,9,0,16
2,0,15,5,480,12,0,19
2,0,15,6,960,15,0,22
2,0,15,7,1920,18,0,25
2,1,1,2,4,3,0,4
2,1,1,3,8,6,0,8
2,1,1,4,16,9,0,13
2,1,1,5,32,12,0,16
2,1,1,6,64,15,0,19
2,1,1,7,128,18,0,22
2,1,3,2,12,3,0,5
2,1,3,3,24,6,0,9
2,1,3,4,48,9,0,13
2,1,3,5,96,12,0,16
2,1,3,6,192,15,0,19
2,1,3,7,384,18,0,22
2,1,5,2,20,3,0,4
2,1,5,3,40,6,0,8
2,1,5,4,80,9,0,15
2,1,5,5,160,12,0,18
2,1,5,6,320,15,0,21
2,1,5,7,640,18,0,24
2,1,7,2,28,3,0,6
2,1,7,3,56,6,0,10
2,1,7,4,112,9,0,14
2,1,7,5,224,12,0,17
2,1,7,6,448,15,0,20
2,1,7,7,896,18,0,23
2,1,9,2,36,3,0,6
2,1,9,3,72,6,0,10
2,1,9,4,144,9,0,15
2,1,9,5,288,12,0,18
2,1,9,6,576,15,0,21
2,1,9,7,1152,18,0,24
2,1,11,2,44,3,0,5
2,1,11,3,88,6,0,9
2,1,11,4,176,9,0,13
2,1,11,5,352,12,0,16
2,1,11,6,704,15,0,19
2,1,11,7,1408,18,0,22
2,1,13,2,52,3,0,5
2,1,13,3,104,6,0,9
2,1,13,4,208,9,0,15
2,1,13,5,416,12,0,18
2,1,13,6,832,15,0,21
2,1,13,7,1664,18,0,24
2,1,15,2,60,3,0,7
2,1,15,3,120,6,0,11
2,1,15,4,240,9,0,15
2,1,15,5,480,12,0,18
2,1,15,6,960,15,0,21
2,1,15,7,1920,18,0,24
2,2,1,2,4,3,0,5
2,2,1,3,8,6,0,8
2,2,1,4,16,9,0,11
2,2,1,5,32,12,0,14
2,2,1,6,64,15,0,17
2,2,1,7,128,18,0,20
2,2,3,2,12,3,0,5
2,2,3,3,24,6,0,8
2,2,3,4,48,9,0,11
2,2,3,5,96,12,0,14
2,2,3,6,192,15,0,17
2,2,3,7,384,18,0,20
2,2,5,2,20,3,0,6
2,2,5,3,40,6,0,9
2,2,5,4,80,9,0,12
2,2,5,5,160,12,0,15
2,2,5,6,320,15,0,18
2,2,5,7,640,18,0,21
2,2,7,2,28,3,0,8
2,2,7,3,56,6,0,11
2,2,7,4,112,9,0,14
2,2,7,5,224,12,0,17
2,2,7,6,448,15,0,20
2,2,7,7,896,18,0,23
2,2,9,2,36,3,0,5
2,2,9,3,72,6,0,8
2,2,9,4,144,9,0,11
2,2,9,5,288,12,0,14
2,2,9,6,576,15,0,17
2,2,9,7,1152,18,0,20
2,2,11,2,44,3,0,6
2,2,11,3,88,6,0,9
2,2,11,4,176,9,0,12
2,2,11,5,352,12,0,15
2,2,11,6,704,15,0,18
2,2,11,7,1408,18,0,21
2,2,13,2,52,3,0,9
2,2,13,3,104,6,0,12
2,2,13,4,208,9,0,15
2,2,13,5,416,12,0,18
2,2,13,6,832,15,0,21
2,2,13,7,1664,18,0,24
2,2,15,2,60,3,0,9
2,2,15,3,120,6,0,12
2,2,15,4,240,9,0,15
2,2,15,5,480,12,0,18
2,2,15,6,960,15,0,21
2,2,15,7,1920,18,0,24
2,3,1,2,4,3,0,4
2,3,1,3,8,6,0,8
2,3,1,4,16,9,0,13
2,3,1,5,32,12,0,16
2,3,1,6,64,15,0,19
2,3,1,7,128,18,0,22
2,3,3,2,12,3,0,4
2,3,3,3,24,6,0,8
2,3,3,4,48,9,0,16
2,3,3,5,96,12,0,19
2,3,3,6,192,15,0,22
2,3,3,7,384,18,0,25
2,3,5,2,20,3,0,4
2,3,5,3,40,6,0,8
2,3,5,4,80,9,0,13
2,3,5,5,160,12,0,16
2,3,5,6,320,15,0,19
2,3,5,7,640,18,0,22
2,3,7,2,28,3,0,5
2,3,7,3,56,6,0,9
2,3,7,4,112,9,0,15
2,3,7,5,224,12,0,18
2,3,7,6,448,15,0,21
2,3,7,7,896,18,0,24
2,3,9,2,36,3,0,5
2,3,9,3,72,6,0,9
2,3,9,4,144,9,0,14
2,3,9,5,288,12,0,17
2,3,9,6,576,15,0,20
2,3,9,7,1152,18,0,23
2,3,11,2,44,3,0,7
2,3,11,3,88,6,0,11
2,3,11,4,176,9,0,18
2,3,11,5,352,12,0,21
2,3,11,6,704,15,0,24
2,3,11,7,1408,18,0,27
2,3,13,2,52,3,0,4
2,3,13,3,104,6,0,8
2,3,13,4,208,9,0,13
2,3,13,5,416,12,0,16
2,3,13,6,832,15,0,19
2,3,13,7,1664,18,0,22
2,3,15,2,60,3,0,6
2,3,15,3,120,6,0,10
2,3,15,4,240,9,0,16
2,3,15,5,480,12,0,19
2,3,15,6,960,15,0,22
2,3,15,7,1920,18,0,25
2,4,1,2,4,3,0,7
2,4,1,3,8,6,0,10
2,4,1,4,16,9,0,13
2,4,1,5,32,12,0,16
2,4,1,6,64,15,0,19
2,4,1,7,128,18,0,22
2,4,3,2,12,3,0,8
2,4,3,3,24,6,0,11
2,4,3,4,48,9,0,14
2,4,3,5,96,12,0,17
2,4,3,6,192,15,0,20
2,4,3,7,384,18,0,23
2,4,5,2,20,3,0,14
2,4,5,3,40,6,0,13
2,4,5,4,80,9,0,16
2,4,5,5,160,12,0,19
2,4,5,6,320,15,0,22
2,4,5,7,640,18,0,25
2,4,7,2,28,3,0,10
2,4,7,3,56,6,0,13
2,4,7,4,112,9,0,16
2,4,7,5,224,12,0,19
2,4,7,6,448,15,0,22
2,4,7,7,896,18,0,25
2,4,9,2,36,3,0,7
2,4,9,3,72,6,0,10
2,4,9,4,144,9,0,13
2,4,9,5,288,12,0,16
2,4,9,6,576,15,0,19
2,4,9,7,1152,18,0,22
2,4,11,2,44,3,0,8
2,4,11,3,88,6,0,11
2,4,11,4,176,9,0,14
2,4,11,5,352,12,0,17
2,4,11,6,704,15,0,20
2,4,11,7,1408,18,0,23
2,4,13,2,52,3,0,9
2,4,13,3,104,6,0,12
2,4,13,4,208,9,0,15
2,4,13,5,416,12,0,18
2,4,13,6,832,15,0,21
2,4,13,7,1664,18,0,24
2,4,15,2,60,3,0,11
2,4,15,3,120,6,0,14
2,4,15,4,240,9,0,17
2,4,15,5,480,12,0,20
2,4,15,6,960,15,0,23
2,4,15,7,1920,18,0,26
2,5,1,2,4,3,0,4
2,5,1,3,8,6,0,8
2,5,1,4,16,9,0,14
2,5,1,5,32,12,0,17
2,5,1,6,64,15,0,20
2,5,1,7,128,18,0,23
2,5,3,2,12,3,0,6
2,5,3,3,24,6,0,10
2,5,3,4,48,9,0,14
2,5,3,5,96,12,0,17
2,5,3,6,192,15,0,20
2,5,3,7,384,18,0,23
2,5,5,2,20,3,0,5
2,5,5,3,40,6,0,9
2,5,5,4,80,9,0,14
2,5,5,5,160,12,0,17
2,5,5,6,320,15,0,20
2,5,5,7,640,18,0,23
2,5,7,2,28,3,0,6
2,5,7,3,56,6,0,10
2,5,7,4,112,9,0,14
2,5,7,5,224,12,0,17
2,5,7,6,448,15,0,20
2,5,7,7,896,18,0,23
2,5,9,2,36,3,0,4
2,5,9,3,72,6,0,8
2,5,9,4,144,9,0,19
2,5,9,5,288,12,0,20
2,5,9,6,576,15,0,23
2,5,9,7,1152,18,0,26
2,5,11,2,44,3,0,7
2,5,11,3,88,6,0,11
2,5,11,4,176,9,0,15
2,5,11,5,352,12,0,18
2,5,11,6,704,15,0,21
2,5,11,7,1408,18,0,24
2,5,13,2,52,3,0,7
2,5,13,3,104,6,0,11
2,5,13,4,208,9,0,16
2,5,13,5,416,12,0,19
2,5,13,6,832,15,0,22
2,5,13,7,1664,18,0,25
2,5,15,2,60,3,0,7
2,5,15,3,120,6,0,11
2,5,15,4,240,9,0,15
2,5,15,5,480,12,0,18
2,5,15,6,960,15,0,21
2,5,15,7,1920,18,0,24
3,-5,1,2,4,3,1,3
3,-5,1,3,8,6,1,6
3,-5,1,4,16,9,1,9
3,-5,1,5,32,12,1,12
3,-5,1,6,64,15,1,15
3,-5,1,7,128,18,1,18
3,-5,3,2,12,3,0,4
3,-5,3,3,24,6,0,7
3,-5,3,4,48,9,0,10
3,-5,3,5,96,12,0,13
3,-5,3,6,192,15,0,16
3,-5,3,7,384,18,0,19
3,-5,5,2,20,3,0,4
3,-5,5,3,40,6,0,7
3,-5,5,4,80,9,0,10
3,-5,5,5,160,12,0,13
3,-5,5,6,320,15,0,16
3,-5,5,7,640,18,0,19
3,-5,7,2,28,3,0,5
3,-5,7,3,56,6,0,8
3,-5,7,4,112,9,0,11
3,-5,7,5,224,12,0,14
3,-5,7,6,448,15,0,17
3,-5,7,7,896,18,0,20
3,-5,9,2,36,3,0,4
3,-5,9,3,72,6,0,7
3,-5,9,4,144,9,0,10
3,-5,9,5,288,12,0,13
3,-5,9,6,576,15,0,16
3,-5,9,7,1152,18,0,19
3,-5,11,2,44,3,0,5
3,-5,11,3,88,6,0,8
3,-5,11,4,176,9,0,11
3,-5,11,5,352,12,0,14
3,-5,11,6,704,15,0,17
3,-5,11,7,1408,18,0,20
3,-5,13,2,52,3,0,5
3,-5,13,3,104,6,0,8
3,-5,13,4,208,9,0,11
3,-5,13,5,416,12,0,14
3,-5,13,6,832,15,0,17
3,-5,13,7,1664,18,0,20
3,-5,15,2,60,3,0,6
3,-5,15,3,120,6,0,9
3,-5,15,4,240,9,0,12
3,-5,15,5,480,12,0,15
3,-5,15,6,960,15,0,18
3,-5,15,7,1920,18,0,21
3,-4,1,2,4,3,0,5
3,-4,1,3,8,6,0,9
3,-4,1,4,16,9,0,18
3,-4,1,5,32,12,0,28
3,-4,1,6,64,15,0,47
3,-4,1,7,128,18,0,82
3,-4,3,2,12,3,0,8
3,-4,3,3,24,6,0,16
3,-4,3,4,48,9,0,32
3,-4,3,5,96,12,0,60
3,-4,3,6,192,15,0,111
3,-4,3,7,384,18,0,210
3,-4,5,2,20,3,0,15
3,-4,5,3,40,6,0,27
3,-4,5,4,80,9,0,55
3,-4,5,5,160,12,0,94
3,-4,5,6,320,15,0,177
3,-4,5,7,640,18,0,340
3,-4,7,2,28,3,0,16
3,-4,7,3,56,6,0,32
3,-4,7,4,112,9,0,64
3,-4,7,5,224,12,0,125
3,-4,7,6,448,15,0,240
3,-4,7,7,896,18,0,467
3,-4,9,2,36,3,0,23
3,-4,9,3,72,6,0,43
3,-4,9,4,144,9,0,84
3,-4,9,5,288,12,0,158
3,-4,9,6,576,15,0,305
3,-4,9,7,1152,18,0,596
3,-4,11,2,44,3,0,24
3,-4,11,3,88,6,0,48
3,-4,11,4,176,9,0,96
3,-4,11,5,352,12,0,188
3,-4,11,6,704,15,0,367
3,-4,11,7,1408,18,0,722
3,-4,13,2,52,3,0,31
3,-4,13,3,104,6,0,59
3,-4,13,4,208,9,0,117
3,-4,13,5,416,12,0,222
3,-4,13,6,832,15,0,433
3,-4,13,7,1664,18,0,852
3,-4,15,2,60,3,0,32
3,-4,15,3,120,6,0,64
3,-4,15,4,240,9,0,128
3,-4,15,5,480,12,0,254
3,-4,15,6,960,15,0,497
3,-4,15,7,1920,18,0,980
3,-3,1,2,4,3,1,3
3,-3,1,3,8,6,1,6
3,-3,1,4,16,9,1,9
3,-3,1,5,32,12,1,12
3,-3,1,6,64,15,1,15
3,-3,1,7,128,18,1,18
3,-3,3,2,12,3,1,3
3,-3,3,3,24,6,1,6
3,-3,3,4,48,9,1,9
3,-3,3,5,96,12,1,12
3,-3,3,6,192,15,1,15
3,-3,3,7,384,18,1,18
3,-3,5,2,20,3,1,3
3,-3,5,3,40,6,1,6
3,-3,5,4,80,9,1,9
3,-3,5,5,160,12,1,12
3,-3,5,6,320,15,1,15
3,-3,5,7,640,18,1,18
3,-3,7,2,28,3,1,3
3,-3,7,3,56,6,1,6
3,-3,7,4,112,9,1,9
3,-3,7,5,224,12,1,12
3,-3,7,6,448,15,1,15
3,-3,7,7,896,18,1,18
3,-3,9,2,36,3,1,3
3,-3,9,3,72,6,1,6
3,-3,9,4,144,9,1,9
3,-3,9,5,288,12,1,12
3,-3,9,6,576,15,1,15
3,-3,9,7,1152,18,1,18
3,-3,11,2,44,3,1,3
3,-3,11,3,88,6,1,6
3,-3,11,4,176,9,1,9
3,-3,11,5,352,12,1,12
3,-3,11,6,704,15,1,15
3,-3,11,7,1408,18,1,18
3,-3,13,2,52,3,1,3
3,-3,13,3,104,6,1,6
3,-3,13,4,208,9,1,9
3,-3,13,5,416,12,1,12
3,-3,13,6,832,15,1,15
3,-3,13,7,1664,18,1,18
3,-3,15,2,60,3,1,3
3,-3,15,3,120,6,1,6
3,-3,15,4,240,9,1,9
3,-3,15,5,480,12,1,12
3,-3,15,6,960,15,1,15
3,-3,15,7,1920,18,1,18
3,-2,1,2,4,3,0,4
3,-2,1,3,8,6,0,8
3,-2,1,4,16,9,0,12
3,-2,1,5,32,12,0,15
3,-2,1,6,64,15,0,18
3,-2,1,7,128,18,0,21
3,-2,3,2,12,3,0,4
3,-2,3,3,24,6,0,8
3,-2,3,4,48,9,0,13
3,-2,3,5,96,12,0,16
3,-2,3,6,192,15,0,19
3,-2,3,7,384,18,0,22
3,-2,5,2,20,3,0,5
3,-2,5,3,40,6,0,9
3,-2,5,4,80,9,0,13
3,-2,5,5,160,12,0,16
3,-2,5,6,320,15,0,19
3,-2,5,7,640,18,0,22
3,-2,7,2,28,3,0,4
3,-2,7,3,56,6,0,8
3,-2,7,4,112,9,0,14
3,-2,7,5,224,12,0,17
3,-2,7,6,448,15,0,20
3,-2,7,7,896,18,0,23
3,-2,9,2,36,3,0,5
3,-2,9,3,72,6,0,9
3,-2,9,4,144,9,0,13
3,-2,9,5,288,12,0,16
3,-2,9,6,576,15,0,19
3,-2,9,7,1152,18,0,22
3,-2,11,2,44,3,0,5
3,-2,11,3,88,6,0,9
3,-2,11,4,176,9,0,14
3,-2,11,5,352,12,0,17
3,-2,11,6,704,15,0,20
3,-2,11,7,1408,18,0,23
3,-2,13,2,52,3,0,6
3,-2,13,3,104,6,0,10
3,-2,13,4,208,9,0,14
3,-2,13,5,416,12,0,17
3,-2,13,6,832,15,0,20
3,-2,13,7,1664,18,0,23
3,-2,15,2,60,3,0,4
3,-2,15,3,120,6,0,8
3,-2,15,4,240,9,0,15
3,-2,15,5,480,12,0,18
3,-2,15,6,960,15,0,21
3,-2,15,7,1920,18,0,24
3,-1,1,2,4,3,1,3
3,-1,1,3,8,6,1,6
3,-1,1,4,16,9,1,9
3,-1,1,5,32,12,1,12
3,-1,1,6,64,15,1,15
3,-1,1,7,128,18,1,18
3,-1,3,2,12,3,0,5
3,-1,3,3,24,6,0,8
3,-1,3,4,48,9,0,11
3,-1,3,5,96,12,0,14
3,-1,3,6,192,15,0,17
3,-1,3,7,384,18,0,20
3,-1,5,2,20,3,1,3
3,-1,5,3,40,6,1,6
3,-1,5,4,80,9,1,9
3,-1,5,5,160,12,1,12
3,-1,5,6,320,15,1,15
3,-1,5,7,640,18,1,18
3,-1,7,2,28,3,0,6
3,-1,7,3,56,6,0,9
3,-1,7,4,112,9,0,12
3,-1,7,5,224,12,0,15
3,-1,7,6,448,15,0,18
3,-1,7,7,896,18,0,21
3,-1,9,2,36,3,1,3
3,-1,9,3,72,6,1,6
3,-1,9,4,144,9,1,9
3,-1,9,5,288,12,1,12
3,-1,9,6,576,15,1,15
3,-1,9,7,1152,18,1,18
3,-1,11,2,44,3,0,7
3,-1,11,3,88,6,0,10
3,-1,11,4,176,9,0,13
3,-1,11,5,352,12,0,16
3,-1,11,6,704,15,0,19
3,-1,11,7,1408,18,0,22
3,-1,13,2,52,3,0,5
3,-1,13,3,104,6,0,8
3,-1,13,4,208,9,0,11
3,-1,13,5,416,12,0,14
3,-1,13,6,832,15,0,17
3,-1,13,7,1664,18,0,20
3,-1,15,2,60,3,0,7
3,-1,15,3,120,6,0,10
3,-1,15,4,240,9,0,13
3,-1,15,5,480,12,0,16
3,-1,15,6,960,15,0,19
3,-1,15,7,1920,18,0,22
3,0,1,2,4,3,0,6
3,0,1,3,8,6,0,9
3,0,1,4,16,9,0,12
3,0,1,5,32,12,0,15
3,0,1,6,64,15,0,18
3,0,1,7,128,18,0,21
3,0,3,2,12,3,0,6
3,0,3,3,24,6,0,9
3,0,3,4,48,9,0,12
3,0,3,5,96,12,0,15
3,0,3,6,192,15,0,18
3,0,3,7,384,18,0,21
3,0,5,2,20,3,0,8
3,0,5,3,40,6,0,11
3,0,5,4,80,9,0,14
3,0,5,5,160,12,0,17
3,0,5,6,320,15,0,20
3,0,5,7,640,18,0,23
3,0,7,2,28,3,0,7
3,0,7,3,56,6,0,10
3,0,7,4,112,9,0,13
3,0,7,5,224,12,0,16
3,0,7,6,448,15,0,19
3,0,7,7,896,18,0,22
3,0,9,2,36,3,0,8
3,0,9,3,72,6,0,11
3,0,9,4,144,9,0,14
3,0,9,5,288,12,0,17
3,0,9,6,576,15,0,20
3,0,9,7,1152,18,0,23
3,0,11,2,44,3,0,6
3,0,11,3,88,6,0,9
3,0,11,4,176,9,0,12
3,0,11,5,352,12,0,15
3,0,11,6,704,15,0,18
3,0,11,7,1408,18,0,21
3,0,13,2,52,3,0,8
3,0,13,3,104,6,0,11
3,0,13,4,208,9,0,14
3,0,13,5,416,12,0,17
3,0,13,6,832,15,0,20
3,0,13,7,1664,18,0,23
3,0,15,2,60,3,0,8
3,0,15,3,120,6,0,11
3,0,15,4,240,9,0,14
3,0,15,5,480,12,0,17
3,0,15,6,960,15,0,20
3,0,15,7,1920,18,0,23
3,1,1,2,4,3,1,3
3,1,1,3,8,6,1,6
3,1,1,4,16,9,1,9
3,1,1,5,32,12,1,12
3,1,1,6,64,15,1,15
3,1,1,7,128,18,1,18
3,1,3,2,12,3,1,3
3,1,3,3,24,6,1,6
3,1,3,4,48,9,1,9
3,1,3,5,96,12,1,12
3,1,3,6,192,15,1,15
3,1,3,7,384,18,1,18
3,1,5,2,20,3,0,4
3,1,5,3,40,6,0,7
3,1,5,4,80,9,0,10
3,1,5,5,160,12,0,13
3,1,5,6,320,15,0,16
3,1,5,7,640,18,0,19
3,1,7,2,28,3,0,6
3,1,7,3,56,6,0,9
3,1,7,4,112,9,0,12
3,1,7,5,224,12,0,15
3,1,7,6,448,15,0,18
3,1,7,7,896,18,0,21
3,1,9,2,36,3,1,3
3,1,9,3,72,6,1,6
3,1,9,4,144,9,1,9
3,1,9,5,288,12,1,12
3,1,9,6,576,15,1,15
3,1,9,7,1152,18,1,18
3,1,11,2,44,3,0,4
3,1,11,3,88,6,0,7
3,1,11,4,176,9,0,10
3,1,11,5,352,12,0,13
3,1,11,6,704,15,0,16
3,1,11,7,1408,18,0,19
3,1,13,2,52,3,0,7
3,1,13,3,104,6,0,10
3,1,13,4,208,9,0,13
3,1,13,5,416,12,0,16
3,1,13,6,832,15,0,19
3,1,13,7,1664,18,0,22
3,1,15,2,60,3,0,7
3,1,15,3,120,6,0,10
3,1,15,4,240,9,0,13
3,1,15,5,480,12,0,16
3,1,15,6,960,15,0,19
3,1,15,7,1920,18,0,22
3,2,1,2,4,3,0,4
3,2,1,3,8,6,0,8
3,2,1,4,16,9,0,13
3,2,1,5,32,12,0,16
3,2,1,6,64,15,0,19
3,2,1,7,128,18,0,22
3,2,3,2,12,3,0,4
3,2,3,3,24,6,0,8
3,2,3,4,48,9,0,16
3,2,3,5,96,12,0,19
3,2,3,6,192,15,0,22
3,2,3,7,384,18,0,25
3,2,5,2,20,3,0,4
3,2,5,3,40,6,0,8
3,2,5,4,80,9,0,13
3,2,5,5,160,12,0,16
3,2,5,6,320,15,0,19
3,2,5,7,640,18,0,22
3,2,7,2,28,3,0,5
3,2,7,3,56,6,0,9
3,2,7,4,112,9,0,15
3,2,7,5,224,12,0,18
3,2,7,6,448,15,0,21
3,2,7,7,896,18,0,24
3,2,9,2,36,3,0,5
3,2,9,3,72,6,0,9
3,2,9,4,144,9,0,14
3,2,9,5,288,12,0,17
3,2,9,6,576,15,0,20
3,2,9,7,1152,18,0,23
3,2,11,2,44,3,0,7
3,2,11,3,88,6,0,11
3,2,11,4,176,9,0,18
3,2,11,5,352,12,0,21
3,2,11,6,704,15,0,24
3,2,11,7,1408,18,0,27
3,2,13,2,52,3,0,4
3,2,13,3,104,6,0,8
3,2,13,4,208,9,0,13
3,2,13,5,416,12,0,16
3,2,13,6,832,15,0,19
3,2,13,7,1664,18,0,22
3,2,15,2,60,3,0,6
3,2,15,3,120,6,0,10
3,2,15,4,240,9,0,16
3,2,15,5,480,12,0,19
3,2,15,6,960,15,0,22
3,2,15,7,1920,18,0,25
3,3,1,2,4,3,1,3
3,3,1,3,8,6,1,6
3,3,1,4,16,9,1,9
3,3,1,5,32,12,1,12
3,3,1,6,64,15,1,15
3,3,1,7,128,18,1,18
3,3,3,2,12,3,0,4
3,3,3,3,24,6,0,7
3,3,3,4,48,9,0,10
3,3,3,5,96,12,0,13
3,3,3,6,192,15,0,16
3,3,3,7,384,18,0,19
3,3,5,2,20,3,0,6
3,3,5,3,40,6,0,9
3,3,5,4,80,9,0,12
3,3,5,5,160,12,0,15
3,3,5,6,320,15,0,18
3,3,5,7,640,18,0,21
3,3,7,2,28,3,0,6
3,3,7,3,56,6,0,9
3,3,7,4,112,9,0,12
3,3,7,5,224,12,0,15
3,3,7,6,448,15,0,18
3,3,7,7,896,18,0,21
3,3,9,2,36,3,1,3
3,3,9,3,72,6,1,6
3,3,9,4,144,9,1,9
3,3,9,5,288,12,1,12
3,3,9,6,576,15,1,15
3,3,9,7,1152,18,1,18
3,3,11,2,44,3,0,4
3,3,11,3,88,6,0,7
3,3,11,4,176,9,0,10
3,3,11,5,352,12,0,13
3,3,11,6,704,15,0,16
3,3,11,7,1408,18,0,19
3,3,13,2,52,3,0,5
3,3,13,3,104,6,0,8
3,3,13,4,208,9,0,11
3,3,13,5,416,12,0,14
3,3,13,6,832,15,0,17
3,3,13,7,1664,18,0,20
3,3,15,2,60,3,0,7
3,3,15,3,120,6,0,10
3,3,15,4,240,9,0,13
3,3,15,5,480,12,0,16
3,3,15,6,960,15,0,19
3,3,15,7,1920,18,0,22
3,4,1,2,4,3,0,5
3,4,1,3,8,6,0,9
3,4,1,4,16,9,0,13
3,4,1,5,32,12,0,16
3,4,1,6,64,15,0,19
3,4,1,7,128,18,0,22
3,4,3,2,12,3,0,11
3,4,3,3,24,6,0,10
3,4,3,4,48,9,0,13
3,4,3,5,96,12,0,16
3,4,3,6,192,15,0,19
3,4,3,7,384,18,0,22
3,4,5,2,20,3,0,6
3,4,5,3,40,6,0,12
3,4,5,4,80,9,0,13
3,4,5,5,160,12,0,16
3,4,5,6,320,15,0,19
3,4,5,7,640,18,0,22
3,4,7,2,28,3,0,10
3,4,7,3,56,6,0,10
3,4,7,4,112,9,0,13
3,4,7,5,224,12,0,16
3,4,7,6,448,15,0,19
3,4,7,7,896,18,0,22
3,4,9,2,36,3,0,5
3,4,9,3,72,6,0,9
3,4,9,4,144,9,0,16
3,4,9,5,288,12,0,19
3,4,9,6,576,15,0,22
3,4,9,7,1152,18,0,25
3,4,11,2,44,3,0,8
3,4,11,3,88,6,0,11
3,4,11,4,176,9,0,14
3,4,11,5,352,12,0,17
3,4,11,6,704,15,0,20
3,4,11,7,1408,18,0,23
3,4,13,2,52,3,0,8
3,4,13,3,104,6,0,13
3,4,13,4,208,9,0,15
3,4,13,5,416,12,0,18
3,4,13,6,832,15,0,21
3,4,13,7,1664,18,0,24
3,4,15,2,60,3,0,10
3,4,15,3,120,6,0,11
3,4,15,4,240,9,0,14
3,4,15,5,480,12,0,17
3,4,15,6,960,15,0,20
3,4,15,7,1920,18,0,23
3,5,1,2,4,3,1,3
3,5,1,3,8,6,1,6
3,5,1,4,16,9,1,9
3,5,1,5,32,12,1,12
3,5,1,6,64,15,1,15
3,5,1,7,128,18,1,18
3,5,3,2,12,3,1,3
3,5,3,3,24,6,1,6
3,5,3,4,48,9,1,9
3,5,3,5,96,12,1,12
3,5,3,6,192,15,1,15
3,5,3,7,384,18,1,18
3,5,5,2,20,3,1,3
3,5,5,3,40,6,1,6
3,5,5,4,80,9,1,9
3,5,5,5,160,12,1,12
3,5,5,6,320,15,1,15
3,5,5,7,640,18,1,18
3,5,7,2,28,3,1,3
3,5,7,3,56,6,1,6
3,5,7,4,112,9,1,9
3,5,7,5,224,12,1,12
3,5,7,6,448,15,1,15
3,5,7,7,896,18,1,18
3,5,9,2,36,3,0,4
3,5,9,3,72,6,0,7
3,5,9,4,144,9,0,10
3,5,9,5,288,12,0,13
3,5,9,6,576,15,0,16
3,5,9,7,1152,18,0,19
3,5,11,2,44,3,0,5
3,5,11,3,88,6,0,8
3,5,11,4,176,9,0,11
3,5,11,5,352,12,0,14
3,5,11,6,704,15,0,17
3,5,11,7,1408,18,0,20
3,5,13,2,52,3,0,4
3,5,13,3,104,6,0,7
3,5,13,4,208,9,0,10
3,5,13,5,416,12,0,13
3,5,13,6,832,15,0,16
3,5,13,7,1664,18,0,19
3,5,15,2,60,3,0,7
3,5,15,3,120,6,0,10
3,5,15,4,240,9,0,13
3,5,15,5,480,12,0,16
3,5,15,6,960,15,0,19
3,5,15,7,1920,18,0,22
4,-5,1,2,4,3,0,5
4,-5,1,3,8,6,0,9
4,-5,1,4,16,9,0,18
4,-5,1,5,32,12,0,28
4,-5,1,6,64,15,0,47
4,-5,1,7,128,18,0,82
4,-5,3,2,12,3,0,8
4,-5,3,3,24,6,0,16
4,-5,3,4,48,9,0,32
4,-5,3,5,96,12,0,60
4,-5,3,6,192,15,0,111
4,-5,3,7,384,18,0,210
4,-5,5,2,20,3,0,14
4,-5,5,3,40,6,0,26
4,-5,5,4,80,9,0,54
4,-5,5,5,160,12,0,93
4,-5,5,6,320,15,0,176
4,-5,5,7,640,18,0,339
4,-5,7,2,28,3,0,18
4,-5,7,3,56,6,0,34
4,-5,7,4,112,9,0,66
4,-5,7,5,224,12,0,127
4,-5,7,6,448,15,0,242
4,-5,7,7,896,18,0,469
4,-5,9,2,36,3,0,21
4,-5,9,3,72,6,0,41
4,-5,9,4,144,9,0,82
4,-5,9,5,288,12,0,156
4,-5,9,6,576,15,0,303
4,-5,9,7,1152,18,0,594
4,-5,11,2,44,3,0,25
4,-5,11,3,88,6,0,49
4,-5,11,4,176,9,0,97
4,-5,11,5,352,12,0,189
4,-5,11,6,704,15,0,368
4,-5,11,7,1408,18,0,723
4,-5,13,2,52,3,0,33
4,-5,13,3,104,6,0,61
4,-5,13,4,208,9,0,119
4,-5,13,5,416,12,0,224
4,-5,13,6,832,15,0,435
4,-5,13,7,1664,18,0,854
4,-5,15,2,60,3,0,34
4,-5,15,3,120,6,0,66
4,-5,15,4,240,9,0,130
4,-5,15,5,480,12,0,256
4,-5,15,6,960,15,0,499
4,-5,15,7,1920,18,0,982
4,-4,1,2,4,3,0,7
4,-4,1,3,8,6,0,10
4,-4,1,4,16,9,0,13
4,-4,1,5,32,12,0,16
4,-4,1,6,64,15,0,19
4,-4,1,7,128,18,0,22
4,-4,3,2,12,3,0,7
4,-4,3,3,24,6,0,10
4,-4,3,4,48,9,0,13
4,-4,3,5,96,12,0,16
4,-4,3,6,192,15,0,19
4,-4,3,7,384,18,0,22
4,-4,5,2,20,3,0,7
4,-4,5,3,40,6,0,10
4,-4,5,4,80,9,0,13
4,-4,5,5,160,12,0,16
4,-4,5,6,320,15,0,19
4,-4,5,7,640,18,0,22
4,-4,7,2,28,3,0,7
4,-4,7,3,56,6,0,10
4,-4,7,4,112,9,0,13
4,-4,7,5,224,12,0,16
4,-4,7,6,448,15,0,19
4,-4,7,7,896,18,0,22
4,-4,9,2,36,3,0,7
4,-4,9,3,72,6,0,10
4,-4,9,4,144,9,0,13
4,-4,9,5,288,12,0,16
4,-4,9,6,576,15,0,19
4,-4,9,7,1152,18,0,22
4,-4,11,2,44,3,0,7
4,-4,11,3,88,6,0,10
4,-4,11,4,176,9,0,13
4,-4,11,5,352,12,0,16
4,-4,11,6,704,15,0,19
4,-4,11,7,1408,18,0,22
4,-4,13,2,52,3,0,7
4,-4,13,3,104,6,0,10
4,-4,13,4,208,9,0,13
4,-4,13,5,416,12,0,16
4,-4,13,6,832,15,0,19
4,-4,13,7,1664,18,0,22
4,-4,15,2,60,3,0,7
4,-4,15,3,120,6,0,10
4,-4,15,4,240,9,0,13
4,-4,15,5,480,12,0,16
4,-4,15,6,960,15,0,19
4,-4,15,7,1920,18,0,22
4,-3,1,2,4,3,0,6
4,-3,1,3,8,6,0,8
4,-3,1,4,16,9,0,11
4,-3,1,5,32,12,0,14
4,-3,1,6,64,15,0,17
4,-3,1,7,128,18,0,20
4,-3,3,2,12,3,0,5
4,-3,3,3,24,6,0,10
4,-3,3,4,48,9,0,12
4,-3,3,5,96,12,0,15
4,-3,3,6,192,15,0,18
4,-3,3,7,384,18,0,21
4,-3,5,2,20,3,0,8
4,-3,5,3,40,6,0,9
4,-3,5,4,80,9,0,12
4,-3,5,5,160,12,0,15
4,-3,5,6,320,15,0,18
4,-3,5,7,640,18,0,21
4,-3,7,2,28,3,0,5
4,-3,7,3,56,6,0,9
4,-3,7,4,112,9,0,13
4,-3,7,5,224,12,0,16
4,-3,7,6,448,15,0,19
4,-3,7,7,896,18,0,22
4,-3,9,2,36,3,0,7
4,-3,9,3,72,6,0,9
4,-3,9,4,144,9,0,12
4,-3,9,5,288,12,0,15
4,-3,9,6,576,15,0,18
4,-3,9,7,1152,18,0,21
4,-3,11,2,44,3,0,6
4,-3,11,3,88,6,0,12
4,-3,11,4,176,9,0,13
4,-3,11,5,352,12,0,16
4,-3,11,6,704,15,0,19
4,-3,11,7,1408,18,0,22
4,-3,13,2,52,3,0,8
4,-3,13,3,104,6,0,10
4,-3,13,4,208,9,0,13
4,-3,13,5,416,12,0,16
4,-3,13,6,832,15,0,19
4,-3,13,7,1664,18,0,22
4,-3,15,2,60,3,0,5
4,-3,15,3,120,6,0,9
4,-3,15,4,240,9,0,14
4,-3,15,5,480,12,0,17
4,-3,15,6,960,15,0,20
4,-3,15,7,1920,18,0,23
4,-2,1,2,4,3,0,8
4,-2,1,3,8,6,0,12
4,-2,1,4,16,9,0,15
4,-2,1,5,32,12,0,18
4,-2,1,6,64,15,0,21
4,-2,1,7,128,18,0,24
4,-2,3,2,12,3,0,9
4,-2,3,3,24,6,0,14
4,-2,3,4,48,9,0,17
4,-2,3,5,96,12,0,20
4,-2,3,6,192,15,0,23
4,-2,3,7,384,18,0,26
4,-2,5,2,20,3,0,8
4,-2,5,3,40,6,0,12
4,-2,5,4,80,9,0,15
4,-2,5,5,160,12,0,18
4,-2,5,6,320,15,0,21
4,-2,5,7,640,18,0,24
4,-2,7,2,28,3,0,9
4,-2,7,3,56,6,0,15
4,-2,7,4,112,9,0,18
4,-2,7,5,224,12,0,21
4,-2,7,6,448,15,0,24
4,-2,7,7,896,18,0,27
4,-2,9,2,36,3,0,8
4,-2,9,3,72,6,0,12
4,-2,9,4,144,9,0,15
4,-2,9,5,288,12,0,18
4,-2,9,6,576,15,0,21
4,-2,9,7,1152,18,0,24
4,-2,11,2,44,3,0,11
4,-2,11,3,88,6,0,16
4,-2,11,4,176,9,0,19
4,-2,11,5,352,12,0,22
4,-2,11,6,704,15,0,25
4,-2,11,7,1408,18,0,28
4,-2,13,2,52,3,0,10
4,-2,13,3,104,6,0,14
4,-2,13,4,208,9,0,17
4,-2,13,5,416,12,0,20
4,-2,13,6,832,15,0,23
4,-2,13,7,1664,18,0,26
4,-2,15,2,60,3,0,9
4,-2,15,3,120,6,0,16
4,-2,15,4,240,9,0,19
4,-2,15,5,480,12,0,22
4,-2,15,6,960,15,0,25
4,-2,15,7,1920,18,0,28
4,-1,1,2,4,3,0,5
4,-1,1,3,8,6,0,13
4,-1,1,4,16,9,0,12
4,-1,1,5,32,12,0,15
4,-1,1,6,64,15,0,18
4,-1,1,7,128,18,0,21
4,-1,3,2,12,3,0,9
4,-1,3,3,24,6,0,9
4,-1,3,4,48,9,0,12
4,-1,3,5,96,12,0,15
4,-1,3,6,192,15,0,18
4,-1,3,7,384,18,0,21
4,-1,5,2,20,3,0,5
4,-1,5,3,40,6,0,9
4,-1,5,4,80,9,0,14
4,-1,5,5,160,12,0,17
4,-1,5,6,320,15,0,20
4,-1,5,7,640,18,0,23
4,-1,7,2,28,3,0,10
4,-1,7,3,56,6,0,10
4,-1,7,4,112,9,0,13
4,-1,7,5,224,12,0,16
4,-1,7,6,448,15,0,19
4,-1,7,7,896,18,0,22
4,-1,9,2,36,3,0,7
4,-1,9,3,72,6,0,12
4,-1,9,4,144,9,0,14
4,-1,9,5,288,12,0,17
4,-1,9,6,576,15,0,20
4,-1,9,7,1152,18,0,23
4,-1,11,2,44,3,0,8
4,-1,11,3,88,6,0,9
4,-1,11,4,176,9,0,12
4,-1,11,5,352,12,0,15
4,-1,11,6,704,15,0,18
4,-1,11,7,1408,18,0,21
4,-1,13,2,52,3,0,6
4,-1,13,3,104,6,0,10
4,-1,13,4,208,9,0,14
4,-1,13,5,416,12,0,17
4,-1,13,6,832,15,0,20
4,-1,13,7,1664,18,0,23
4,-1,15,2,60,3,0,8
4,-1,15,3,120,6,0,11
4,-1,15,4,240,9,0,14
4,-1,15,5,480,12,0,17
4,-1,15,6,960,15,0,20
4,-1,15,7,1920,18,0,23
4,0,1,2,4,3,0,8
4,0,1,3,8,6,0,11
4,0,1,4,16,9,0,14
4,0,1,5,32,12,0,17
4,0,1,6,64,15,0,20
4,0,1,7,128,18,0,23
4,0,3,2,12,3,0,8
4,0,3,3,24,6,0,11
4,0,3,4,48,9,0,14
4,0,3,5,96,12,0,17
4,0,3,6,192,15,0,20
4,0,3,7,384,18,0,23
4,0,5,2,20,3,0,9
4,0,5,3,40,6,0,12
4,0,5,4,80,9,0,15
4,0,5,5,160,12,0,18
4,0,5,6,320,15,0,21
4,0,5,7,640,18,0,24
4,0,7,2,28,3,0,11
4,0,7,3,56,6,0,14
4,0,7,4,112,9,0,17
4,0,7,5,224,12,0,20
4,0,7,6,448,15,0,23
4,0,7,7,896,18,0,26
4,0,9,2,36,3,0,8
4,0,9,3,72,6,0,11
4,0,9,4,144,9,0,14
4,0,9,5,288,12,0,17
4,0,9,6,576,15,0,20
4,0,9,7,1152,18,0,23
4,0,11,2,44,3,0,9
4,0,11,3,88,6,0,12
4,0,11,4,176,9,0,15
4,0,11,5,352,12,0,18
4,0,11,6,704,15,0,21
4,0,11,7,1408,18,0,24
4,0,13,2,52,3,0,12
4,0,13,3,104,6,0,15
4,0,13,4,208,9,0,18
4,0,13,5,416,12,0,21
4,0,13,6,832,15,0,24
4,0,13,7,1664,18,0,27
4,0,15,2,60,3,0,12
4,0,15,3,120,6,0,15
4,0,15,4,240,9,0,18
4,0,15,5,480,12,0,21
4,0,15,6,960,15,0,24
4,0,15,7,1920,18,0,27
4,1,1,2,4,3,0,7
4,1,1,3,8,6,0,8
4,1,1,4,16,9,0,11
4,1,1,5,32,12,0,14
4,1,1,6,64,15,0,17
4,1,1,7,128,18,0,20
4,1,3,2,12,3,0,5
4,1,3,3,24,6,0,9
4,1,3,4,48,9,0,14
4,1,3,5,96,12,0,17
4,1,3,6,192,15,0,20
4,1,3,7,384,18,0,23
4,1,5,2,20,3,0,6
4,1,5,3,40,6,0,8
4,1,5,4,80,9,0,11
4,1,5,5,160,12,0,14
4,1,5,6,320,15,0,17
4,1,5,7,640,18,0,20
4,1,7,2,28,3,0,6
4,1,7,3,56,6,0,11
4,1,7,4,112,9,0,13
4,1,7,5,224,12,0,16
4,1,7,6,448,15,0,19
4,1,7,7,896,18,0,22
4,1,9,2,36,3,0,8
4,1,9,3,72,6,0,9
4,1,9,4,144,9,0,12
4,1,9,5,288,12,0,15
4,1,9,6,576,15,0,18
4,1,9,7,1152,18,0,21
4,1,11,2,44,3,0,8
4,1,11,3,88,6,0,12
4,1,11,4,176,9,0,16
4,1,11,5,352,12,0,19
4,1,11,6,704,15,0,22
4,1,11,7,1408,18,0,25
4,1,13,2,52,3,0,6
4,1,13,3,104,6,0,8
4,1,13,4,208,9,0,11
4,1,13,5,416,12,0,14
4,1,13,6,832,15,0,17
4,1,13,7,1664,18,0,20
4,1,15,2,60,3,0,7
4,1,15,3,120,6,0,15
4,1,15,4,240,9,0,14
4,1,15,5,480,12,0,17
4,1,15,6,960,15,0,20
4,1,15,7,1920,18,0,23
4,2,1,2,4,3,0,7
4,2,1,3,8,6,0,10
4,2,1,4,16,9,0,13
4,2,1,5,32,12,0,16
4,2,1,6,64,15,0,19
4,2,1,7,128,18,0,22
4,2,3,2,12,3,0,8
4,2,3,3,24,6,0,11
4,2,3,4,48,9,0,14
4,2,3,5,96,12,0,17
4,2,3,6,192,15,0,20
4,2,3,7,384,18,0,23
4,2,5,2,20,3,0,14
4,2,5,3,40,6,0,13
4,2,5,4,80,9,0,16
4,2,5,5,160,12,0,19
4,2,5,6,320,15,0,22
4,2,5,7,640,18,0,25
4,2,7,2,28,3,0,10
4,2,7,3,56,6,0,13
4,2,7,4,112,9,0,16
4,2,7,5,224,12,0,19
4,2,7,6,448,15,0,22
4,2,7,7,896,18,0,25
4,2,9,2,36,3,0,7
4,2,9,3,72,6,0,10
4,2,9,4,144,9,0,13
4,2,9,5,288,12,0,16
4,2,9,6,576,15,0,19
4,2,9,7,1152,18,0,22
4,2,11,2,44,3,0,8
4,2,11,3,88,6,0,11
4,2,11,4,176,9,0,14
4,2,11,5,352,12,0,17
4,2,11,6,704,15,0,20
4,2,11,7,1408,18,0,23
4,2,13,2,52,3,0,9
4,2,13,3,104,6,0,12
4,2,13,4,208,9,0,15
4,2,13,5,416,12,0,18
4,2,13,6,832,15,0,21
4,2,13,7,1664,18,0,24
4,2,15,2,60,3,0,11
4,2,15,3,120,6,0,14
4,2,15,4,240,9,0,17
4,2,15,5,480,12,0,20
4,2,15,6,960,15,0,23
4,2,15,7,1920,18,0,26
4,3,1,2,4,3,0,5
4,3,1,3,8,6,0,9
4,3,1,4,16,9,0,13
4,3,1,5,32,12,0,16
4,3,1,6,64,15,0,19
4,3,1,7,128,18,0,22
4,3,3,2,12,3,0,11
4,3,3,3,24,6,0,10
4,3,3,4,48,9,0,13
4,3,3,5,96,12,0,16
4,3,3,6,192,15,0,19
4,3,3,7,384,18,0,22
4,3,5,2,20,3,0,6
4,3,5,3,40,6,0,12
4,3,5,4,80,9,0,13
4,3,5,5,160,12,0,16
4,3,5,6,320,15,0,19
4,3,5,7,640,18,0,22
4,3,7,2,28,3,0,10
4,3,7,3,56,6,0,10
4,3,7,4,112,9,0,13
4,3,7,5,224,12,0,16
4,3,7,6,448,15,0,19
4,3,7,7,896,18,0,22
4,3,9,2,36,3,0,5
4,3,9,3,72,6,0,9
4,3,9,4,144,9,0,16
4,3,9,5,288,12,0,19
4,3,9,6,576,15,0,22
4,3,9,7,1152,18,0,25
4,3,11,2,44,3,0,8
4,3,11,3,88,6,0,11
4,3,11,4,176,9,0,14
4,3,11,5,352,12,0,17
4,3,11,6,704,15,0,20
4,3,11,7,1408,18,0,23
4,3,13,2,52,3,0,8
4,3,13,3,104,6,0,13
4,3,13,4,208,9,0,15
4,3,13,5,416,12,0,18
4,3,13,6,832,15,0,21
4,3,13,7,1664,18,0,24
4,3,15,2,60,3,0,10
4,3,15,3,120,6,0,11
4,3,15,4,240,9,0,14
4,3,15,5,480,12,0,17
4,3,15,6,960,15,0,20
4,3,15,7,1920,18,0,23
4,4,1,2,4,3,0,7
4,4,1,3,8,6,0,10
4,4,1,4,16,9,0,13
4,4,1,5,32,12,0,16
4,4,1,6,64,15,0,19
4,4,1,7,128,18,0,22
4,4,3,2,12,3,0,7
4,4,3,3,24,6,0,10
4,4,3,4,48,9,0,13
4,4,3,5,96,12,0,16
4,4,3,6,192,15,0,19
4,4,3,7,384,18,0,22
4,4,5,2,20,3,0,7
4,4,5,3,40,6,0,10
4,4,5,4,80,9,0,13
4,4,5,5,160,12,0,16
4,4,5,6,320,15,0,19
4,4,5,7,640,18,0,22
4,4,7,2,28,3,0,7
4,4,7,3,56,6,0,10
4,4,7,4,112,9,0,13
4,4,7,5,224,12,0,16
4,4,7,6,448,15,0,19
4,4,7,7,896,18,0,22
4,4,9,2,36,3,0,8
4,4,9,3,72,6,0,11
4,4,9,4,144,9,0,14
4,4,9,5,288,12,0,17
4,4,9,6,576,15,0,20
4,4,9,7,1152,18,0,23
4,4,11,2,44,3,0,9
4,4,11,3,88,6,0,12
4,4,11,4,176,9,0,15
4,4,11,5,352,12,0,18
4,4,11,6,704,15,0,21
4,4,11,7,1408,18,0,24
4,4,13,2,52,3,0,8
4,4,13,3,104,6,0,11
4,4,13,4,208,9,0,14
4,4,13,5,416,12,0,17
4,4,13,6,832,15,0,20
4,4,13,7,1664,18,0,23
4,4,15,2,60,3,0,11
4,4,15,3,120,6,0,14
4,4,15,4,240,9,0,17
4,4,15,5,480,12,0,20
4,4,15,6,960,15,0,23
4,4,15,7,1920,18,0,26
4,5,1,2,4,3,0,6
4,5,1,3,8,6,0,8
4,5,1,4,16,9,0,11
4,5,1,5,32,12,0,14
4,5,1,6,64,15,0,17
4,5,1,7,128,18,0,20
4,5,3,2,12,3,0,5
4,5,3,3,24,6,0,12
4,5,3,4,48,9,0,12
4,5,3,5,96,12,0,15
4,5,3,6,192,15,0,18
4,5,3,7,384,18,0,21
4,5,5,2,20,3,0,8
4,5,5,3,40,6,0,10
4,5,5,4,80,9,0,13
4,5,5,5,160,12,0,16
4,5,5,6,320,15,0,19
4,5,5,7,640,18,0,22
4,5,7,2,28,3,0,5
4,5,7,3,56,6,0,9
4,5,7,4,112,9,0,16
4,5,7,5,224,12,0,19
4,5,7,6,448,15,0,22
4,5,7,7,896,18,0,25
4,5,9,2,36,3,0,6
4,5,9,3,72,6,0,8
4,5,9,4,144,9,0,11
4,5,9,5,288,12,0,14
4,5,9,6,576,15,0,17
4,5,9,7,1152,18,0,20
4,5,11,2,44,3,0,5
4,5,11,3,88,6,0,10
4,5,11,4,176,9,0,12
4,5,11,5,352,12,0,15
4,5,11,6,704,15,0,18
4,5,11,7,1408,18,0,21
4,5,13,2,52,3,0,12
4,5,13,3,104,6,0,13
4,5,13,4,208,9,0,16
4,5,13,5,416,12,0,19
4,5,13,6,832,15,0,22
4,5,13,7,1664,18,0,25
4,5,15,2,60,3,0,6
4,5,15,3,120,6,0,10
4,5,15,4,240,9,0,14
4,5,15,5,480,12,0,17
4,5,15,6,960,15,0,20
4,5,15,7,1920,18,0,23
5,-5,1,2,4,3,1,3
5,-5,1,3,8,6,1,6
5,-5,1,4,16,9,1,9
5,-5,1,5,32,12,1,12
5,-5,1,6,64,15,1,15
5,-5,1,7,128,18,1,18
5,-5,3,2,12,3,1,3
5,-5,3,3,24,6,1,6
5,-5,3,4,48,9,1,9
5,-5,3,5,96,12,1,12
5,-5,3,6,192,15,1,15
5,-5,3,7,384,18,1,18
5,-5,5,2,20,3,1,3
5,-5,5,3,40,6,1,6
5,-5,5,4,80,9,1,9
5,-5,5,5,160,12,1,12
5,-5,5,6,320,15,1,15
5,-5,5,7,640,18,1,18
5,-5,7,2,28,3,1,3
5,-5,7,3,56,6,1,6
5,-5,7,4,112,9,1,9
5,-5,7,5,224,12,1,12
5,-5,7,6,448,15,1,15
5,-5,7,7,896,18,1,18
5,-5,9,2,36,3,1,3
5,-5,9,3,72,6,1,6
5,-5,9,4,144,9,1,9
5,-5,9,5,288,12,1,12
5,-5,9,6,576,15,1,15
5,-5,9,7,1152,18,1,18
5,-5,11,2,44,3,1,3
5,-5,11,3,88,6,1,6
5,-5,11,4,176,9,1,9
5,-5,11,5,352,12,1,12
5,-5,11,6,704,15,1,15
5,-5,11,7,1408,18,1,18
5,-5,13,2,52,3,1,3
5,-5,13,3,104,6,1,6
5,-5,13,4,208,9,1,9
5,-5,13,5,416,12,1,12
5,-5,13,6,832,15,1,15
5,-5,13,7,1664,18,1,18
5,-5,15,2,60,3,1,3
5,-5,15,3,120,6,1,6
5,-5,15,4,240,9,1,9
5,-5,15,5,480,12,1,12
5,-5,15,6,960,15,1,15
5,-5,15,7,1920,18,1,18
5,-4,1,2,4,3,0,7
5,-4,1,3,8,6,0,8
5,-4,1,4,16,9,0,11
5,-4,1,5,32,12,0,14
5,-4,1,6,64,15,0,17
5,-4,1,7,128,18,0,20
5,-4,3,2,12,3,0,5
5,-4,3,3,24,6,0,11
5,-4,3,4,48,9,0,12
5,-4,3,5,96,12,0,15
5,-4,3,6,192,15,0,18
5,-4,3,7,384,18,0,21
5,-4,5,2,20,3,0,7
5,-4,5,3,40,6,0,9
5,-4,5,4,80,9,0,12
5,-4,5,5,160,12,0,15
5,-4,5,6,320,15,0,18
5,-4,5,7,640,18,0,21
5,-4,7,2,28,3,0,5
5,-4,7,3,56,6,0,9
5,-4,7,4,112,9,0,13
5,-4,7,5,224,12,0,16
5,-4,7,6,448,15,0,19
5,-4,7,7,896,18,0,22
5,-4,9,2,36,3,0,13
5,-4,9,3,72,6,0,9
5,-4,9,4,144,9,0,12
5,-4,9,5,288,12,0,15
5,-4,9,6,576,15,0,18
5,-4,9,7,1152,18,0,21
5,-4,11,2,44,3,0,6
5,-4,11,3,88,6,0,11
5,-4,11,4,176,9,0,13
5,-4,11,5,352,12,0,16
5,-4,11,6,704,15,0,19
5,-4,11,7,1408,18,0,22
5,-4,13,2,52,3,0,11
5,-4,13,3,104,6,0,10
5,-4,13,4,208,9,0,13
5,-4,13,5,416,12,0,16
5,-4,13,6,832,15,0,19
5,-4,13,7,1664,18,0,22
5,-4,15,2,60,3,0,5
5,-4,15,3,120,6,0,9
5,-4,15,4,240,9,0,14
5,-4,15,5,480,12,0,17
5,-4,15,6,960,15,0,20
5,-4,15,7,1920,18,0,23
5,-3,1,2,4,3,1,3
5,-3,1,3,8,6,1,6
5,-3,1,4,16,9,1,9
5,-3,1,5,32,12,1,12
5,-3,1,6,64,15,1,15
5,-3,1,7,128,18,1,18
5,-3,3,2,12,3,0,5
5,-3,3,3,24,6,0,8
5,-3,3,4,48,9,0,11
5,-3,3,5,96,12,0,14
5,-3,3,6,192,15,0,17
5,-3,3,7,384,18,0,20
5,-3,5,2,20,3,1,3
5,-3,5,3,40,6,1,6
5,-3,5,4,80,9,1,9
5,-3,5,5,160,12,1,12
5,-3,5,6,320,15,1,15
5,-3,5,7,640,18,1,18
5,-3,7,2,28,3,0,6
5,-3,7,3,56,6,0,9
5,-3,7,4,112,9,0,12
5,-3,7,5,224,12,0,15
5,-3,7,6,448,15,0,18
5,-3,7,7,896,18,0,21
5,-3,9,2,36,3,1,3
5,-3,9,3,72,6,1,6
5,-3,9,4,144,9,1,9
5,-3,9,5,288,12,1,12
5,-3,9,6,576,15,1,15
5,-3,9,7,1152,18,1,18
5,-3,11,2,44,3,0,7
5,-3,11,3,88,6,0,10
5,-3,11,4,176,9,0,13
5,-3,11,5,352,12,0,16
5,-3,11,6,704,15,0,19
5,-3,11,7,1408,18,0,22
5,-3,13,2,52,3,0,5
5,-3,13,3,104,6,0,8
5,-3,13,4,208,9,0,11
5,-3,13,5,416,12,0,14
5,-3,13,6,832,15,0,17
5,-3,13,7,1664,18,0,20
5,-3,15,2,60,3,0,7
5,-3,15,3,120,6,0,10
5,-3,15,4,240,9,0,13
5,-3,15,5,480,12,0,16
5,-3,15,6,960,15,0,19
5,-3,15,7,1920,18,0,22
5,-2,1,2,4,3,0,4
5,-2,1,3,8,6,0,8
5,-2,1,4,16,9,0,14
5,-2,1,5,32,12,0,17
5,-2,1,6,64,15,0,20
5,-2,1,7,128,18,0,23
5,-2,3,2,12,3,0,5
5,-2,3,3,24,6,0,9
5,-2,3,4,48,9,0,14
5,-2,3,5,96,12,0,17
5,-2,3,6,192,15,0,20
5,-2,3,7,384,18,0,23
5,-2,5,2,20,3,0,4
5,-2,5,3,40,6,0,8
5,-2,5,4,80,9,0,16
5,-2,5,5,160,12,0,19
5,-2,5,6,320,15,0,22
5,-2,5,7,640,18,0,25
5,-2,7,2,28,3,0,6
5,-2,7,3,56,6,0,10
5,-2,7,4,112,9,0,15
5,-2,7,5,224,12,0,18
5,-2,7,6,448,15,0,21
5,-2,7,7,896,18,0,24
5,-2,9,2,36,3,0,6
5,-2,9,3,72,6,0,10
5,-2,9,4,144,9,0,16
5,-2,9,5,288,12,0,19
5,-2,9,6,576,15,0,22
5,-2,9,7,1152,18,0,25
5,-2,11,2,44,3,0,5
5,-2,11,3,88,6,0,9
5,-2,11,4,176,9,0,14
5,-2,11,5,352,12,0,17
5,-2,11,6,704,15,0,20
5,-2,11,7,1408,18,0,23
5,-2,13,2,52,3,0,5
5,-2,13,3,104,6,0,9
5,-2,13,4,208,9,0,16
5,-2,13,5,416,12,0,19
5,-2,13,6,832,15,0,22
5,-2,13,7,1664,18,0,25
5,-2,15,2,60,3,0,7
5,-2,15,3,120,6,0,11
5,-2,15,4,240,9,0,16
5,-2,15,5,480,12,0,19
5,-2,15,6,960,15,0,22
5,-2,15,7,1920,18,0,25
5,-1,1,2,4,3,1,3
5,-1,1,3,8,6,1,6
5,-1,1,4,16,9,1,9
5,-1,1,5,32,12,1,12
5,-1,1,6,64,15,1,15
5,-1,1,7,128,18,1,18
5,-1,3,2,12,3,1,3
5,-1,3,3,24,6,1,6
5,-1,3,4,48,9,1,9
5,-1,3,5,96,12,1,12
5,-1,3,6,192,15,1,15
5,-1,3,7,384,18,1,18
5,-1,5,2,20,3,0,4
5,-1,5,3,40,6,0,7
5,-1,5,4,80,9,0,10
5,-1,5,5,160,12,0,13
5,-1,5,6,320,15,0,16
5,-1,5,7,640,18,0,19
5,-1,7,2,28,3,0,6
5,-1,7,3,56,6,0,9
5,-1,7,4,112,9,0,12
5,-1,7,5,224,12,0,15
5,-1,7,6,448,15,0,18
5,-1,7,7,896,18,0,21
5,-1,9,2,36,3,1,3
5,-1,9,3,72,6,1,6
5,-1,9,4,144,9,1,9
5,-1,9,5,288,12,1,12
5,-1,9,6,576,15,1,15
5,-1,9,7,1152,18,1,18
5,-1,11,2,44,3,0,4
5,-1,11,3,88,6,0,7
5,-1,11,4,176,9,0,10
5,-1,11,5,352,12,0,13
5,-1,11,6,704,15,0,16
5,-1,11,7,1408,18,0,19
5,-1,13,2,52,3,0,7
5,-1,13,3,104,6,0,10
5,-1,13,4,208,9,0,13
5,-1,13,5,416,12,0,16
5,-1,13,6,832,15,0,19
5,-1,13,7,1664,18,0,22
5,-1,15,2,60,3,0,7
5,-1,15,3,120,6,0,10
5,-1,15,4,240,9,0,13
5,-1,15,5,480,12,0,16
5,-1,15,6,960,15,0,19
5,-1,15,7,1920,18,0,22
5,0,1,2,4,3,0,5
5,0,1,3,8,6,0,8
5,0,1,4,16,9,0,11
5,0,1,5,32,12,0,14
5,0,1,6,64,15,0,17
5,0,1,7,128,18,0,20
5,0,3,2,12,3,0,8
5,0,3,3,24,6,0,11
5,0,3,4,48,9,0,14
5,0,3,5,96,12,0,17
5,0,3,6,192,15,0,20
5,0,3,7,384,18,0,23
5,0,5,2,20,3,0,5
5,0,5,3,40,6,0,8
5,0,5,4,80,9,0,11
5,0,5,5,160,12,0,14
5,0,5,6,320,15,0,17
5,0,5,7,640,18,0,20
5,0,7,2,28,3,0,7
5,0,7,3,56,6,0,10
5,0,7,4,112,9,0,13
5,0,7,5,224,12,0,16
5,0,7,6,448,15,0,19
5,0,7,7,896,18,0,22
5,0,9,2,36,3,0,6
5,0,9,3,72,6,0,9
5,0,9,4,144,9,0,12
5,0,9,5,288,12,0,15
5,0,9,6,576,15,0,18
5,0,9,7,1152,18,0,21
5,0,11,2,44,3,0,10
5,0,11,3,88,6,0,13
5,0,11,4,176,9,0,16
5,0,11,5,352,12,0,19
5,0,11,6,704,15,0,22
5,0,11,7,1408,18,0,25
5,0,13,2,52,3,0,5
5,0,13,3,104,6,0,8
5,0,13,4,208,9,0,11
5,0,13,5,416,12,0,14
5,0,13,6,832,15,0,17
5,0,13,7,1664,18,0,20
5,0,15,2,60,3,0,8
5,0,15,3,120,6,0,11
5,0,15,4,240,9,0,14
5,0,15,5,480,12,0,17
5,0,15,6,960,15,0,20
5,0,15,7,1920,18,0,23
5,1,1,2,4,3,1,3
5,1,1,3,8,6,1,6
5,1,1,4,16,9,1,9
5,1,1,5,32,12,1,12
5,1,1,6,64,15,1,15
5,1,1,7,128,18,1,18
5,1,3,2,12,3,0,4
5,1,3,3,24,6,0,7
5,1,3,4,48,9,0,10
5,1,3,5,96,12,0,13
5,1,3,6,192,15,0,16
5,1,3,7,384,18,0,19
5,1,5,2,20,3,0,6
5,1,5,3,40,6,0,9
5,1,5,4,80,9,0,12
5,1,5,5,160,12,0,15
5,1,5,6,320,15,0,18
5,1,5,7,640,18,0,21
5,1,7,2,28,3,0,6
5,1,7,3,56,6,0,9
5,1,7,4,112,9,0,12
5,1,7,5,224,12,0,15
5,1,7,6,448,15,0,18
5,1,7,7,896,18,0,21
5,1,9,2,36,3,1,3
5,1,9,3,72,6,1,6
5,1,9,4,144,9,1,9
5,1,9,5,288,12,1,12
5,1,9,6,576,15,1,15
5,1,9,7,1152,18,1,18
5,1,11,2,44,3,0,4
5,1,11,3,88,6,0,7
5,1,11,4,176,9,0,10
5,1,11,5,352,12,0,13
5,1,11,6,704,15,0,16
5,1,11,7,1408,18,0,19
5,1,13,2,52,3,0,5
5,1,13,3,104,6,0,8
5,1,13,4,208,9,0,11
5,1,13,5,416,12,0,14
5,1,13,6,832,15,0,17
5,1,13,7,1664,18,0,20
5,1,15,2,60,3,0,7
5,1,15,3,120,6,0,10
5,1,15,4,240,9,0,13
5,1,15,5,480,12,0,16
5,1,15,6,960,15,0,19
5,1,15,7,1920,18,0,22
5,2,1,2,4,3,0,4
5,2,1,3,8,6,0,8
5,2,1,4,16,9,0,14
5,2,1,5,32,12,0,17
5,2,1,6,64,15,0,20
5,2,1,7,128,18,0,23
5,2,3,2,12,3,0,6
5,2,3,3,24,6,0,10
5,2,3,4,48,9,0,14
5,2,3,5,96,12,0,17
5,2,3,6,192,15,0,20
5,2,3,7,384,18,0,23
5,2,5,2,20,3,0,5
5,2,5,3,40,6,0,9
5,2,5,4,80,9,0,14
5,2,5,5,160,12,0,17
5,2,5,6,320,15,0,20
5,2,5,7,640,18,0,23
5,2,7,2,28,3,0,6
5,2,7,3,56,6,0,10
5,2,7,4,112,9,0,14
5,2,7,5,224,12,0,17
5,2,7,6,448,15,0,20
5,2,7,7,896,18,0,23
5,2,9,2,36,3,0,4
5,2,9,3,72,6,0,8
5,2,9,4,144,9,0,19
5,2,9,5,288,12,0,20
5,2,9,6,576,15,0,23
5,2,9,7,1152,18,0,26
5,2,11,2,44,3,0,7
5,2,11,3,88,6,0,11
5,2,11,4,176,9,0,15
5,2,11,5,352,12,0,18
5,2,11,6,704,15,0,21
5,2,11,7,1408,18,0,24
5,2,13,2,52,3,0,7
5,2,13,3,104,6,0,11
5,2,13,4,208,9,0,16
5,2,13,5,416,12,0,19
5,2,13,6,832,15,0,22
5,2,13,7,1664,18,0,25
5,2,15,2,60,3,0,7
5,2,15,3,120,6,0,11
5,2,15,4,240,9,0,15
5,2,15,5,480,12,0,18
5,2,15,6,960,15,0,21
5,2,15,7,1920,18,0,24
5,3,1,2,4,3,1,3
5,3,1,3,8,6,1,6
5,3,1,4,16,9,1,9
5,3,1,5,32,12,1,12
5,3,1,6,64,15,1,15
5,3,1,7,128,18,1,18
5,3,3,2,12,3,1,3
5,3,3,3,24,6,1,6
5,3,3,4,48,9,1,9
5,3,3,5,96,12,1,12
5,3,3,6,192,15,1,15
5,3,3,7,384,18,1,18
5,3,5,2,20,3,1,3
5,3,5,3,40,6,1,6
5,3,5,4,80,9,1,9
5,3,5,5,160,12,1,12
5,3,5,6,320,15,1,15
5,3,5,7,640,18,1,18
5,3,7,2,28,3,1,3
5,3,7,3,56,6,1,6
5,3,7,4,112,9,1,9
5,3,7,5,224,12,1,12
5,3,7,6,448,15,1,15
5,3,7,7,896,18,1,18
5,3,9,2,36,3,0,4
5,3,9,3,72,6,0,7
5,3,9,4,144,9,0,10
5,3,9,5,288,12,0,13
5,3,9,6,576,15,0,16
5,3,9,7,1152,18,0,19
5,3,11,2,44,3,0,5
5,3,11,3,88,6,0,8
5,3,11,4,176,9,0,11
5,3,11,5,352,12,0,14
5,3,11,6,704,15,0,17
5,3,11,7,1408,18,0,20
5,3,13,2,52,3,0,4
5,3,13,3,104,6,0,7
5,3,13,4,208,9,0,10
5,3,13,5,416,12,0,13
5,3,13,6,832,15,0,16
5,3,13,7,1664,18,0,19
5,3,15,2,60,3,0,7
5,3,15,3,120,6,0,10
5,3,15,4,240,9,0,13
5,3,15,5,480,12,0,16
5,3,15,6,960,15,0,19
5,3,15,7,1920,18,0,22
5,4,1,2,4,3,0,6
5,4,1,3,8,6,0,8
5,4,1,4,16,9,0,11
5,4,1,5,32,12,0,14
5,4,1,6,64,15,0,17
5,4,1,7,128,18,0,20
5,4,3,2,12,3,0,5
5,4,3,3,24,6,0,12
5,4,3,4,48,9,0,12
5,4,3,5,96,12,0,15
5,4,3,6,192,15,0,18
5,4,3,7,384,18,0,21
5,4,5,2,20,3,0,8
5,4,5,3,40,6,0,10
5,4,5,4,80,9,0,13
5,4,5,5,160,12,0,16
5,4,5,6,320,15,0,19
5,4,5,7,640,18,0,22
5,4,7,2,28,3,0,5
5,4,7,3,56,6,0,9
5,4,7,4,112,9,0,16
5,4,7,5,224,12,0,19
5,4,7,6,448,15,0,22
5,4,7,7,896,18,0,25
5,4,9,2,36,3,0,6
5,4,9,3,72,6,0,8
5,4,9,4,144,9,0,11
5,4,9,5,288,12,0,14
5,4,9,6,576,15,0,17
5,4,9,7,1152,18,0,20
5,4,11,2,44,3,0,5
5,4,11,3,88,6,0,10
5,4,11,4,176,9,0,12
5,4,11,5,352,12,0,15
5,4,11,6,704,15,0,18
5,4,11,7,1408,18,0,21
5,4,13,2,52,3,0,12
5,4,13,3,104,6,0,13
5,4,13,4,208,9,0,16
5,4,13,5,416,12,0,19
5,4,13,6,832,15,0,22
5,4,13,7,1664,18,0,25
5,4,15,2,60,3,0,6
5,4,15,3,120,6,0,10
5,4,15,4,240,9,0,14
5,4,15,5,480,12,0,17
5,4,15,6,960,15,0,20
5,4,15,7,1920,18,0,23
5,5,1,2,4,3,1,3
5,5,1,3,8,6,1,6
5,5,1,4,16,9,1,9
5,5,1,5,32,12,1,12
5,5,1,6,64,15,1,15
5,5,1,7,128,18,1,18
5,5,3,2,12,3,0,7
5,5,3,3,24,6,0,10
5,5,3,4,48,9,0,13
5,5,3,5,96,12,0,16
5,5,3,6,192,15,0,19
5,5,3,7,384,18,0,22
5,5,5,2,20,3,1,3
5,5,5,3,40,6,1,6
5,5,5,4,80,9,1,9
5,5,5,5,160,12,1,12
5,5,5,6,320,15,1,15
5,5,5,7,640,18,1,18
5,5,7,2,28,3,0,5
5,5,7,3,56,6,0,8
5,5,7,4,112,9,0,11
5,5,7,5,224,12,0,14
5,5,7,6,448,15,0,17
5,5,7,7,896,18,0,20
5,5,9,2,36,3,0,5
5,5,9,3,72,6,0,8
5,5,9,4,144,9,0,11
5,5,9,5,288,12,0,14
5,5,9,6,576,15,0,17
5,5,9,7,1152,18,0,20
5,5,11,2,44,3,0,6
5,5,11,3,88,6,0,9
5,5,11,4,176,9,0,12
5,5,11,5,352,12,0,15
5,5,11,6,704,15,0,18
5,5,11,7,1408,18,0,21
5,5,13,2,52,3,1,3
5,5,13,3,104,6,1,6
5,5,13,4,208,9,1,9
5,5,13,5,416,12,1,12
5,5,13,6,832,15,1,15
5,5,13,7,1664,18,1,18
5,5,15,2,60,3,0,7
5,5,15,3,120,6,0,10
5,5,15,4,240,9,0,13
5,5,15,5,480,12,0,16
5,5,15,6,960,15,0,19
5,5,15,7,1920,18,0,22
