m,log_mu_2m,mean_K0_over_m,mean_K1_over_m,var_K0_over_m,var_K1_over_m,cov_K0_K1_over_m,saddle_t,t_minus_2m,frontier_n,frontier_theta,saddle_residual,saddle_omitted_tail_bound,occupied_count_mean,occupied_count_variance,occupied_count_phase_mean_prediction,occupied_count_phase_variance_prediction
1,-2.197224577336219,0.75,0.18749999999999994,0.18749999999999997,0.15234374999999994,-0.14062499999999997,4.748067695881086,2.748067695881086,1,0.24734050444395161,-1.1957101975212936e-13,1.1124013732214524e-15,1.0,0.0,0.7473539796227449,0.5571801384672853
2,-3.570273711706089,0.6907894736842105,0.22820723684210534,0.18048822714681442,0.15180508515841415,-0.13025341932132964,7.384483479865665,3.384483479865665,1,0.8844970127846226,4.440892098500626e-16,6.726791502142815e-16,1.5263157894736845,0.24930747922437674,1.3844777878017616,0.5572935166945205
3,-4.626132467534783,0.6573756432246997,0.24665657161234997,0.1714105560933128,0.14328496789038167,-0.11708638415317203,9.79155475138538,3.7915547513853802,2,0.2915379562563678,0.0,1.1826902969238559e-15,1.888507718696398,0.33919897378261726,1.791554690143957,0.5572184068779699
4,-5.5010559662781455,0.6356567514249787,0.25557251633748934,0.16478891276943086,0.13565832515558748,-0.10702690261271582,12.096523947884634,4.096523947884634,2,0.5965206296916064,0.0,1.8050485997474244e-15,2.17050802279966,0.3759823944439137,2.096523947131651,0.5574769951836206
5,-6.255800069013329,0.6201342629408669,0.26011595959543343,0.16005088408526877,0.12987809200145828,-0.09983230966354405,14.342172820529434,4.342172820529434,2,0.842191701907498,0.0,6.343626895812225e-16,2.4026852588173377,0.4013854680041627,2.3421728205194285,0.5573396979227148
6,-6.923571166173497,0.6083359231902918,0.262511467454521,0.15649021933707122,0.12554408140071482,-0.09462998832122542,16.5486311932459,4.5486311932459,3,0.048639985491782056,2.469136006766348e-13,8.445626740247219e-16,2.6000621565670063,0.4229988997918347,2.5486311932452645,0.5571495609558623
7,-7.5248426910553174,0.5989910544649301,0.2637834213451881,0.1536828474665512,0.12221402519191353,-0.09075325294844498,18.727064481103984,4.727064481103984,3,0.22705286577291695,-7.016609515630989e-14,1.0815513425577998e-15,2.7717495250180373,0.44072939123568516,2.7270644811041183,0.5571656229699569
8,-8.073291770377878,0.5913687940629756,0.26443487386864606,0.15139225459254946,0.11957940701126868,-0.08776857690796838,20.884371014769822,4.8843710147698225,3,0.3843517886616108,-2.220446049250313e-14,1.345087475607002e-15,2.9238014100152263,0.45440717783111134,2.884371014769865,0.557316241693155
9,-8.578585424808592,0.5850112097833907,0.2647279330777304,0.1494797226914334,0.11744021842995998,-0.08540121909694767,23.0251498599036,5.0251498599036,3,0.52513864106005,-8.881784197001252e-15,1.634980811450991e-15,3.0604035522020627,0.46467651536436716,3.025149859903614,0.5574469401527816
10,-9.047845950918036,0.5796131677544616,0.2648066077190887,0.147856430785729,0.11566561547518639,-0.08347492643427394,25.152634150837283,5.152634150837283,3,0.6526375914329905,-3.552713678800501e-15,1.951078202474982e-15,3.18452671017846,0.47250221553819816,3.152634150837287,0.5574767964192151
11,-9.48649115795082,0.5749621678033843,0.2647538165930236,0.1464607234370075,0.11416723574607703,-0.08187377961626094,27.26918441296758,5.269184412967579,3,0.7691996465903781,-1.7763568394002505e-15,5.73313324706647e-16,3.298335383348913,0.47875194156440404,3.2691844129675802,0.557411880803776
12,-9.89874906285912,0.5709052520270727,0.26461929392196654,0.14524734822358978,0.11288331838546369,-0.08051929643360707,29.376575035294827,5.376575035294827,3,0.8765942992354003,-1.7763568394002505e-15,6.653498437421777e-16,3.4034520972994966,0.4840387616297479,3.3765750352948265,0.5573021804507241
13,-10.287989614770037,0.5673293941634046,0.264433928137494,0.14418199323614742,0.11176936277368811,-0.07935673428141522,31.476172794130875,5.476172794130875,3,0.9761882282805745,0.0,7.638561494484675e-16,3.501128496497048,0.4887260966215723,3.476172794130875,0.5572004274313141
14,-10.656947166303569,0.5641492132793214,0.264217463849041,0.143238172017126,0.11079247985307751,-0.07834678818117256,33.56905342511147,5.56905342511147,4,0.06905995160852463,0.0,8.688122350087284e-16,3.5923559436420014,0.49299458819418573,3.569053425111468,0.5571406407521456
15,-11.007874519430123,0.5612989575111018,0.26398281210440633,0.14239521760196439,0.10992784062535789,-0.07746046377167809,35.65608004919095,5.6560800491909475,4,0.1560761998568152,1.7763568394002505e-15,9.802005229664907e-16,3.6779374506661093,0.4969147738053147,3.6560800491909404,0.5571338365576554
16,-11.342652458726715,0.5587271132066515,0.26373855660696366,0.14163687011931997,0.1091563566481392,-0.07667584320766171,37.73795705900415,5.737957059004152,4,0.23794441977010017,0.0,1.0980054851352114e-15,3.7585352452256906,0.5005035053202157,3.7379570590041533,0.5571731488139644
17,-11.662869422420844,0.5563926923754398,0.2634904638356345,0.14095023247070534,0.10846311524474496,-0.07597599802645333,39.81526782283807,5.8152678228380665,4,0.3152498570251563,3.552713678800501e-15,1.2222133427277907e-15,3.834703081529898,0.503760150501938,3.8152678228380603,0.5572418815189315
18,-11.969880617970585,0.55426262438576,0.26324242330419306,0.14032498249821893,0.10783629589298051,-0.0753476092896577,41.888501559074214,5.888501559074214,4,0.3884823717402064,0.0,1.3528118153969651e-15,3.9069089557747083,0.5066860037122869,3.8885015590742142,0.5573207604883822
19,-12.26485267178362,0.5523098905938313,0.26299705056012124,0.13975277576613507,0.1072664039494708,-0.07478003213328528,43.95807287992016,5.958072879920159,4,0.45805623487049285,0.0,1.4897899051103239e-15,3.9755516851311645,0.5092921477738248,3.958072879920155,0.5573929078435453
20,-12.548797897372463,0.5505121680974967,0.2627560840487596,0.13922679347648703,0.10674571938118363,-0.07426464528599988,46.02433631115743,6.024336311157427,4,0.5243250123885499,0.0,1.6331377090815379e-15,4.040973447799729,0.5116004646760864,4.0243363111574215,0.5574464184098616
21,-12.822600980196306,0.5488508280915245,0.26252065214100245,0.13874140120024858,0.10626789428766183,-0.07379438737510534,48.087597315264034,6.087597315264034,4,0.5875929390059627,0.0,1.7828462591695397e-15,4.103469559688,0.513641243595425,4.0875973152640315,0.5574750385973815
22,-13.087040032805108,0.5473101849485958,0.2622914561106621,0.13829189170947045,0.10582765513684332,-0.07336341856422386,50.14812083397379,6.148120833973792,4,0.6481237356191096,0.0,1.9389073858637907e-15,4.163296275476438,0.5154496062571294,4.148120833973789,0.5574776117276891
23,-13.342803407739718,0.5458769251652873,0.26206889736525246,0.13787429110042143,0.1054205797251121,-0.07296686834980473,52.20613803156746,6.206138031567463,4,0.7061475336195011,0.0,5.253284011830603e-16,4.2206771152064375,0.5170620097486401,4.206138031567458,0.5574568859749737
24,-13.590503269248822,0.5445396671795135,0.26185316692309013,0.13748521217781592,0.10504292810855931,-0.07260064403930316,54.26185170157752,6.26185170157752,4,0.7618663757378963,-3.552713678800501e-15,5.675145056987748e-16,4.27580804923331,0.5185134270480306,4.261851701577525,0.5574181277114223
25,-13.830686656848767,0.5432886177442185,0.26164430887210915,0.13712174292615364,0.10469151294956562,-0.07226128297297771,56.315440656874244,6.3154406568742445,4,0.8154586318458881,0.0,6.112835655054515e-16,4.328861774421852,0.5198353960395862,4.315440656874245,0.5573678227478966
26,-14.063844584989875,0.5421153005134631,0.2614422656413469,0.1367813609465285,0.10436359895466116,-0.07194583696279398,58.367063329565305,6.367063329565305,4,0.8670825774221651,3.552713678800501e-15,6.566340992773439e-16,4.379991253400175,0.5210549003556147,4.367063329565299,0.5573126153281879
27,-14.290419588259095,0.5410123393482704,0.26124691041487585,0.13646186710208882,0.10405682400887084,-0.0716517809156533,60.41686074523896,6.4168607452389566,4,0.9168793185934563,0.0,7.03564726214448e-16,4.429332649613203,0.5221939384889683,4.4168607452389566,0.5572585393440497
28,-14.510812023923204,0.5399732836099693,0.261058070376413,0.13616133341158107,0.1037691366612843,-0.07137693991098792,62.464958994435364,6.464958994435364,4,0.9649752020730533,0.0,7.520741556867843e-16,4.4770077643165385,0.52326960407158,4.464958994435364,0.557210535461769
29,-14.725385372016678,0.5389924660541369,0.2608755433718957,0.1358780615719531,0.10349874606354854,-0.07111943055514433,64.5114712955564,6.5114712955564045,5,0.011483815263852115,3.552713678800501e-15,8.021611786690394e-16,4.523126062279836,0.5242945071061641,4.511471295556399,0.5571722144087723
30,-14.934470720010943,0.5380648863165527,0.26069910982494265,0.13561054947906373,0.10324408149266842,-0.07087761350627299,66.55649972310523,6.556499723105233,5,0.0565076574994281,3.552713678800501e-15,8.538246605478593e-16,4.567786357986276,0.5252773919642815,4.556499723105228,0.5571458125727319
31,-15.138370579157206,0.537186114693541,0.26052854121773805,0.13535746383524688,0.10300375932776248,-0.07065005482027772,68.60013666028026,6.600136660280256,5,0.10013954532207148,0.0,9.070635349713197e-16,4.611078221999054,0.526223840283514,4.600136660280252,0.5571322843800225
32,-15.337362149245429,0.5363522121648234,0.26036360608241155,0.1351176174521778,0.10277655588364745,-0.07043549431511618,70.64246602371907,6.6424660237190665,5,0.1424638010970165,0.0,9.618767984872085e-16,4.653083157097381,0.527136978418063,4.642466023719059,0.5571314813211965
33,-15.531700125222823,0.5355596635250425,0.26020407418676367,0.13488995023050634,0.1025613848921964,-0.07023281955388523,72.68356429945888,6.6835642994588795,5,0.18355726392373395,0.0,1.018263505781548e-15,4.693875585305603,0.5280181364023021,4.683564299458875,0.5571423762380528
34,-15.7216191210437,0.534805321174797,0.2600497194109279,0.13467351306440198,0.1023572787070679,-0.07004104434973239,74.72350142223301,6.723501422233014,5,0.22349015387146842,0.0,1.0762227653810076e-15,4.733523679772394,0.5288674272629615,4.72350142223301,0.5571633011564242
35,-15.907335771985347,0.5340863576386563,0.2599003216764716,0.13446745410962038,0.1021633725179517,-0.06985929092628122,76.76234152459615,6.7623415245961525,5,0.26232681442482875,7.105427357601002e-15,1.1357537357233857e-15,4.772090069411954,0.5296842319762629,4.76234152459614,0.5571921761102278
36,-16.08905056550072,0.5334002252718517,0.2597556681914821,0.13427100698989058,0.10197889101756558,-0.06968677504523954,78.80014357776005,6.800143577760053,5,0.3001263532331473,0.0,1.1968556215307153e-15,4.809632439146748,0.5304675870305623,4.800143577760051,0.5572267143204607
37,-16.26694944180183,0.5327446219213718,0.2596155542039298,0.1340834806142534,0.10180313708292436,-0.06952279355159463,80.83696194221528,6.836961942215282,5,0.3369431974899584,0.0,1.2595276704414984e-15,4.846204044363127,0.5312164792750479,4.836961942215285,0.5572645954879296
38,-16.44120519824729,0.532117461544024,0.2594797834035915,0.13390425034881306,0.10163548212231185,-0.06936671389580984,82.87284684306185,6.872846843061851,5,0.3728275772867624,0.0,1.3237691698737662e-15,4.881854154691744,0.5319300573868275,4.87284684306185,0.5573036038274861
39,-16.61197872587128,0.5315168489701847,0.25934816807483674,0.1337327503381657,0.10147535780837894,-0.06921796527859195,84.90784478235909,6.907844782359092,5,0.40782594790905247,0.0,1.3895794441007426e-15,4.916628439348934,0.5326077716663712,4.907844782359092,0.5573417309627111
40,-16.779420101723982,0.530941058149546,0.25922052907477366,0.13356846681026677,0.10132224897126027,-0.06907603113225405,86.94199889864069,6.941998898640691,5,0.4419813601376479,0.0,1.4569578515271027e-15,4.9505693039274625,0.533249454642836,4.94199889864069,0.5573772461301976
41,-16.943669556893997,0.5303885133330504,0.259096695690916,0.1334109322275771,0.10117568746742825,-0.06894044270727996,88.97534928195194,6.975349281951935,5,0.47533378608239385,0.0,1.5259037821573034e-15,4.9837161866203274,0.533855354669669,4.975349281951931,0.5574087375457478
42,-17.104858336954244,0.5298577727400258,0.2589765054176325,0.13325972016971768,0.10103524687302812,-0.06881077357633926,91.00793325129158,7.0079332512915755,5,0.5079204068298457,0.0,1.5964166552491081e-15,5.0161058203244,0.5344261337251701,5.007933251291573,0.5574351294823026
43,-17.263109469000725,0.5293475143362583,0.2588598036797575,0.1331144408504944,0.10090053787674906,-0.06868663490300454,93.03978560012806,7.039785600128056,5,0.5397758671715334,-7.105427357601002e-15,1.6684959171458519e-15,5.0477724658365055,0.5349628393029275,5.039785600128062,0.5574556797952371
44,-17.41853844731769,0.5288565234111796,0.2587464435237721,0.13297473718631256,0.10077120426843024,-0.06856767135054859,95.07093881466557,7.070938814665567,5,0.5709325018478077,0.0,1.7421410392807191e-15,5.0787481203676945,0.5354668587957723,5.0709388146655625,0.5574699624656884
45,-17.571253847925696,0.5283836816934144,0.258636285291152,0.13284028134458767,0.10064691943671268,-0.06845355752883833,97.1014232687222,7.1014232687222005,5,0.6014205370578738,0.0,1.8173515163456724e-15,5.10906270481468,0.5359398632879229,5.101423268722197,0.557477839344598
46,-17.721357880787007,0.5279279577858799,0.25852919628424453,0.13271077171041734,0.10052738330301327,-0.06834399489560972,99.1312673984193,7.131267398419297,5,0.6312682704205717,7.105427357601002e-15,1.8941268646169505e-15,5.13874423260196,0.5363837462647574,5.131267398419285,0.5574794247666872
47,-17.868946887198945,0.5274883987362309,0.2584250504319454,0.13258593021794304,0.10041231963055718,-0.06823870904317186,101.1604978593398,7.160497859339799,5,0.6605022321003879,7.105427357601002e-15,1.9724666204283173e-15,5.16781896241144,0.536800561481285,5.160497859339785,0.5574750461361458
48,-18.014111788856344,0.5270641225870942,0.2583237279602139,0.13246549999980115,0.1003014736566704,-0.06813744731354017,103.18913966837421,7.18913966837421,5,0.6891473294209547,0.0,5.130925846956785e-16,5.196311536722103,0.5371924631247216,5.189139668374212,0.5574652030146454
49,-18.156938494185066,0.5266543117743326,0.25822511507083984,0.13234924331408213,0.10019461000439374,-0.06803997669470586,105.21721633211448,7.217216332114475,5,0.7172269769598971,0.0,5.334593980231377e-16,5.224245107769179,0.5375616504707434,5.217216332114469,0.5574505267006495
50,-18.297508266793677,0.5262582072614138,0.25812910363070685,0.13223693971343134,0.10009151083603457,-0.06794608195863823,107.24474996336482,7.244749963364825,5,0.744763213842595,-7.105427357601002e-15,5.54216992259672e-16,5.251641452282739,0.5379103184619165,5.244749963364835,0.5574317417972456
51,-18.43589806025961,0.5258751033145417,0.2580355908729571,0.1321283844254717,0.09999197421676412,-0.06785556400805684,109.2717613871021,7.271761387102103,5,0.7717768097193449,-7.105427357601002e-15,5.753652683845452e-16,5.27852107616649,0.5382406150180706,5.271761387102113,0.5574096308346136
52,-18.572180822919634,0.525504342837102,0.25794447911085866,0.13202338691769572,0.09989581266098482,-0.06776823840427403,111.29827023702326,7.29827023702326,5,0.7982873607128118,0.0,5.969041309527448e-16,5.304903310117208,0.538554605405447,5.298270237023265,0.5573850026466218
53,-18.706425775872173,0.5251453131936592,0.257855675464754,0.13192176962344576,0.09980285183808782,-0.06768393405272972,113.32429504366021,7.324295043660214,5,0.8243133764547999,7.105427357601002e-15,6.188334878840344e-16,5.3308063970557145,0.538854243626243,5.324295043660201,0.5573586648980697
54,-18.83869866700223,0.5247974424635851,0.25776909160216277,0.13182336680863274,0.09971292941751388,-0.06760249202639458,115.34985331491087,7.349853314910874,5,0.8498723591880326,0.0,6.411532502721201e-16,5.356247572134327,0.5391413505244924,5.349853314910874,0.5573314009158967
55,-18.969062003495157,0.5244601960727201,0.2576846434909055,0.13172802356149874,0.09962589403582851,-0.06752376451015762,117.37496160972798,7.3749616097279755,5,0.874980875786135,0.0,6.638633322118063e-16,5.381243135998429,0.5394175981208338,5.374961609727976,0.5573039507885179
56,-19.09757526501287,0.5241330737585128,0.25760225116497065,0.1316355948900427,0.0995416043708964,-0.06744761385174927,119.3996356056167,7.3996356056166945,5,0.8996546234396536,0.0,6.869636506421486e-16,5.405808521906858,0.5396844995718928,5.399635605616693,0.5572769965557977
57,-19.224295099450813,0.5238156068300621,0.25752183850275034,0.13154594491374938,0.0994599283102655,-0.06737391170678068,121.42389016051774,7.423890160517743,5,0.923908489665414,0.0,7.104541252037789e-16,5.429958357254148,0.5399434040858521,5.423890160517743,0.5572511512111166
58,-19.349275502971018,0.5235073556895904,0.257443333017209,0.13145894613802442,0.09938074220260162,-0.06730253826717801,123.44773936958838,7.447739369588376,5,0.9477566072181896,0.0,7.343346781087295e-16,5.453706519984961,0.540195496102241,5.447739369588375,0.5572269511699205
59,-19.47256798581825,0.5232079075862086,0.2573666656575112,0.1313744788012666,0.09930393018249117,-0.06723338156371504,125.47119661733981,7.471196617339814,5,0.9712124044159474,0.0,7.5860523402123975e-16,5.47706619034525,0.540441798050912,5.4711966173398165,0.5572048518197673
60,-19.594221725255036,0.5229168745765607,0.2572917706216139,0.1312924302858415,0.09922938356019723,-0.06716633683455196,127.49427462554311,7.494274625543113,5,0.9942886513310283,0.0,7.832657199481911e-16,5.500049898374578,0.5406831760341068,5.494274625543106,0.557185225749614
61,-19.714283706807773,0.5226338916701162,0.2572185851793206,0.13121269458537646,0.0991570002690431,-0.06710130595270913,129.5169854972749,7.516985497274902,6,0.016997502248476515,-7.105427357601002e-15,8.083160651379574e-16,5.5226695675083946,0.5409203478195916,5.516985497274917,0.5571683632559503
62,-19.832798854886207,0.5223586151396263,0.2571470495052971,0.13113517182178863,0.09908668436402938,-0.06703819690627072,131.53934075743965,7.539340757439646,6,0.03935053474799588,0.0,8.337562009866072e-16,5.5449365546272915,0.5411538925865285,5.539340757439641,0.5571544747360936
63,-19.949810153730734,0.522090720979608,0.2570771065215503,0.13105976780633546,0.09901834556609819,-0.06697692332586133,133.56135139007287,7.561351390072872,6,0.06135878572694331,0.0,8.595860609505145e-16,5.56686168686131,0.5413842619247339,5.561351390072875,0.5571436946009463
64,-20.06535875953392,0.5218299034977789,0.2570087017488896,0.1309863936397274,0.09895189884715391,-0.06691740405458133,135.58302787270384,7.583027872703838,6,0.08303278464751163,0.0,8.85805580464571e-16,5.588455295431404,0.5416117916489568,5.583027872703834,0.557136086367771
65,-20.17948410450837,0.5215758740261006,0.2569417831668966,0.13091496534695876,0.09888726405154032,-0.06685956275612312,137.60438020802943,7.604380208029426,6,0.10438258426112679,0.0,9.124146968652887e-16,5.609727246786192,0.5418367140502572,5.604380208029436,0.5571316486256688
66,-20.29222399358379,0.5213283597396597,0.2568763010819513,0.13084540354312113,0.09882436555020692,-0.06680332755729437,139.62541795313058,7.6254179531305795,6,0.1254177890366286,0.0,9.394133493181932e-16,5.630686971270249,0.5420591702647611,5.625417953130585,0.557130321600501
67,-20.40361469435728,0.5210871025729111,0.25681220800287347,0.1307776331268992,0.09876313192423358,-0.06674863072156982,141.64615024644107,7.646150246441067,6,0.14614758149537543,0.0,9.668014787489887e-16,5.651343489540135,0.5422792224947002,5.64615024644106,0.5571319940805224
68,-20.513691020853333,0.5208518582239918,0.2567494585237606,0.1307115829988914,0.09870349567477993,-0.06669540835067048,143.66658583266118,7.666585832661184,6,0.16658074663579647,0.0,9.945790277780635e-16,5.671705436925778,0.5424968658669744,5.666585832661174,0.5571365104978122
69,-20.62248641160256,0.5206223952388328,0.2566880092136191,0.13064718580224532,0.0986453929568639,-0.06664360011148451,145.6867330857917,7.686733085791701,6,0.18672569461157895,0.0,1.022745940657967e-15,5.691781085917819,0.5427120397600242,5.686733085791701,0.5571436779929341
70,-20.730033002496214,0.5203984941676637,0.25662781851240296,0.13058437768340803,0.09858876333466625,-0.06659314898592637,147.70660003044847,7.70660003044847,6,0.20659048181148698,0.0,1.0513021632135546e-15,5.711578366945795,0.5429246384703865,5.706600030448459,0.557153273320505
71,-20.836361694832032,0.5201799467873155,0.256568846633094,0.13052309807105988,0.09853354955631936,-0.06654400104158052,149.72619436160412,7.726194361604115,6,0.22618283047433163,5.684341886080802e-14,1.0802476427845459e-15,5.731104887597544,0.5431345211259561,5.726194361603995,0.5571650494811735
72,-20.941502218927063,0.5199665553833925,0.2565110554694735,0.1304632894715287,0.0984796973463609,-0.06649610522119453,151.74552346289042,7.745523462890418,6,0.24551014695981355,1.2789769243681803e-13,1.1095823281702884e-15,5.750367950416926,0.5433415207838321,5.7455234628901515,0.5571787419906646
73,-21.04548319364533,0.5197581320870026,0.25645440850925416,0.1304048972791794,0.09842715521423091,-0.06644941314928358,153.764594423584,7.764594423583986,6,0.26457953878449025,1.8474111129762605e-13,1.1393061695765598e-15,5.769374569404638,0.5435454526769434,5.764594423583627,0.5571940747189894
74,-21.148332182147186,0.5195544982612698,0.2563988707522558,0.13034786960044858,0.0983758742773646,-0.06640387895428143,155.78341405438647,7.783414054386469,6,0.28339783052188494,2.4158453015843406e-13,1.1694191185642727e-15,5.788131485335667,0.5437461215957671,5.783414054385982,0.5572107652526269
75,-21.250075744149502,0.5193554839333225,0.25634440863332725,0.1302921570903381,0.0983258080975824,-0.0663594591048272,157.80198890210028,7.801988902100277,6,0.3019715786566053,2.7000623958883807e-13,1.1999211279999562e-15,5.806645179996634,0.5439433284097134,5.801988902099726,0.55722852974957
76,-21.350739484954747,0.5191609272678844,0.25629098994973093,0.13023771280031538,0.09827691252961634,-0.06631611225891755,159.82032526329385,7.820325263293853,6,0.32030708547417586,3.268496584496461e-13,1.230812152007945e-15,5.824921889436723,0.5441368757475361,5.820325263293208,0.5572470872717271
77,-21.450348101487073,0.5189706740789528,0.2562385837927224,0.1301844920366755,0.0982291455807257,-0.06627379912477588,161.8384291970395,7.838429197039488,6,0.33841041206087485,3.694822225952521e-13,1.262092145924187e-15,5.842967616317289,0.5443265728678275,5.838429197038738,0.5572661635914199
78,-21.54892542555436,0.5187845773764023,0.25618716048307216,0.13013245222852243,0.09818246728046245,-0.06623248233240225,163.85630653680178,7.856306536801782,6,0.3562873904813131,4.263256414560601e-13,1.2937610662516189e-15,5.860788141437347,0.5445122397596381,5.856306536800939,0.5572854944788725
79,-21.646494464532243,0.5186024969446361,0.256136691510292,0.13008155280460745,0.09813683955973734,-0.0661921263148669,165.87396290154624,7.873962901546236,6,0.37394363519552254,4.405364961712621e-13,1.3258188706170625e-15,5.87838903450486,0.5446937105198645,5.873962901545356,0.5573048284857663
80,-21.743077439658563,0.5184242989506792,0.25608714947533884,0.13003175507833986,0.09809222613841961,-0.06615269719849895,167.89140370613026,7.891403706130262,6,0.391384553771962,-4.405364961712621e-13,1.3582655177295738e-15,5.895775664217226,0.5448708360586348,5.891403706131131,0.5573239292464246
81,-21.838695822099243,0.5182498555793472,0.25603850803658645,0.12998302214035065,0.09804859242077753,-0.06611416270120396,169.90863417104504,7.908634171045037,6,0.4086153569480997,-4.121147867408581e-13,1.3911009673403806e-15,5.912953207708366,0.5450434861867706,5.908634171045844,0.5573425773231292
82,-21.93337036694596,0.5180790446933371,0.255990741858863,0.12993531875804482,0.09800590539812955,-0.06607649203821384,171.92565933153438,7.925659331534376,6,0.4256410680855742,-3.694822225952521e-13,1.4243251802039498e-15,5.9299266594144076,0.5452115511408007,5.925659331535116,0.5573605716256861
83,-22.027121145283477,0.5179117495162807,0.25594382656536857,0.12988861128163115,0.09796413355813569,-0.06603965583463996,173.9424840461746,7.942484046174599,6,0.44246653206352615,-3.552713678800501e-13,1.4579381180407408e-15,5.946700839404995,0.5453749426012171,5.942484046175311,0.5573777304378128
84,-22.119967574460457,0.5177478583369732,0.25589773869229554,0.1298428675561622,0.09792324680020996,-0.06600362604425755,175.9591130049321,7.959113004932107,6,0.4590964236495445,-3.410605131648481e-13,1.4919397435011828e-15,5.963280401222834,0.5455335942588884,5.959113004932779,0.5573938920843969
85,-22.211928446680467,0.5175872642331476,0.2558524556459849,0.12979805683915707,0.09788321635658,-0.06596837587400288,177.97555073674886,7.975550736748858,6,0.47553525538479846,-3.126388037344441e-13,1.526330020131024e-15,5.979669839270056,0.5456874619830068,5.975550736749485,0.557408915274323
86,-22.303021956029482,0.5174298648133036,0.2558079556624651,0.12975414972341498,0.09784401471856351,-0.06593387971371212,179.99180161669057,7.991801616690566,6,0.4917873850168464,-2.8421709430404007e-13,1.5611089123380075e-15,5.995873495776289,0.5458365236417961,5.991801616691134,0.5574226791535211
87,-22.393265724037015,0.5172755619752306,0.25576421776922387,0.1297111180646595,0.09780561556766676,-0.0659001130706743,182.00786987269012,8.007869872690122,6,0.5078570225109704,-2.7000623958883807e-13,1.5962763853598437e-15,6.011895567380079,0.5459807786246064,6.007869872690669,0.5574350831022821
88,-22.48267682387033,0.5171242616799785,0.25572122174907963,0.12966893491368248,0.09776799371114561,-0.06586705250860912,184.02375959191656,8.023759591916559,6,0.5237482366684452,-2.5579538487363607e-13,1.6318324052334613e-15,6.0277401113523466,0.546120247111097,6.023759591917076,0.5574460463098444
89,-22.57127180324597,0.5169758737401347,0.25567894810602176,0.12962757445268216,0.09773112502169906,-0.06583467559071628,186.03947472679624,8.039474726796243,6,0.539464961377945,-2.4158453015843406e-13,1.6677769387655033e-15,6.043411051487828,0.5462549691300593,6.039474726796714,0.5574555071578313
90,-22.659066706143896,0.5168303116213563,0.2556373780328998,0.12958701193551178,0.09769498638099242,-0.0658029608264734,188.05501910071152,8.055019100711519,6,0.5550110015242575,-2.4158453015843406e-13,1.704109953504045e-15,6.058912183688129,0.5463850034471656,6.055019100711994,0.5574634224424736
91,-22.74607709339452,0.516687492256203,0.25559649338084817,0.12954722363157756,0.0976595556267335,-0.06577188762188962,190.07039641339958,8.070396413399578,6,0.5703900385766483,-2.1316282072803006e-13,1.7408314177115106e-15,6.074247181257789,0.5465104263175973,6.070396413400012,0.5574697664636669
92,-22.83231806221302,0.5165473358693832,0.25555627663034314,0.12950818677314552,0.09762481150304678,-0.06574143623294793,192.08561024607133,8.085610246071326,6,0.5856056358775215,-2.1316282072803006e-13,1.777941300338746e-15,6.089419599932831,0.5466313301362088,6.085610246071737,0.5574745300069427
93,-22.917804264741793,0.5164097658136013,0.25551671086378946,0.1294698795058301,0.09759073361391095,-0.0657115877219916,194.1006640662702,8.100664066270213,6,0.6006612436504959,-1.9895196601282805e-13,1.8154395710002293e-15,6.104432882659551,0.5467478220146127,6.100664066270614,0.5574777192423662
94,-23.00254992566681,0.5162747084152653,0.2554777797395471,0.12943228084205582,0.097557302379444,-0.06568232391683183,196.11556123248735,8.115561232487352,6,0.6155602037455754,-1.8474111129762605e-13,1.8533261999503806e-15,6.119290364139674,0.5468600223114368,6.115561232487721,0.5574793545622785
95,-23.08656885895595,0.51614209282936,0.2554394674673111,0.12939537061729964,0.09752449899483759,-0.06565362737237454,198.13030499854892,8.130304998548922,6,0.6303057541378623,-1.7053025658242404e-13,1.8916011580609353e-15,6.133995275156659,0.5469680631389717,6.130304998549269,0.5574794693777256
96,-23.169874483778987,0.5160118509028558,0.25540175878476096,0.12935912944893416,0.09749230539175781,-0.06562548133458038,200.14489851779047,8.144898517790466,6,0.6449010331949951,-1.7053025658242404e-13,1.9302644167993538e-15,6.148550746696605,0.5470720868665568,6.144898517790796,0.5574781088913724
97,-23.252479839652132,0.5158839170460726,0.2553646389354071,0.12932353869749572,0.09746070420204081,-0.06559786970658432,202.15934484703095,8.159344847030951,6,0.6593490837274754,-1.7053025658242404e-13,1.969315948208226e-15,6.162959813876138,0.5471722446383581,6.159344847031282,0.5574753288627152
98,-23.33439760085699,0.5157582281114507,0.2553280936475618,0.12928858043023442,0.09742967872353134,-0.06557077701682634,204.173646950359,8.173646950359,6,0.6736528568350044,-1.4210854715202004e-13,5.021889312214099e-16,6.177225419688586,0.5472686949206583,6.173646950359289,0.5574711943795088
99,-23.415640090170076,0.5156347232792395,0.25529210911436717,0.12925423738678604,0.09739921288791518,-0.0655441883890427,206.18780770274202,8.18780770274202,6,0.6878152155610575,-1.4210854715202004e-13,5.121459299916164e-16,6.191350418578869,0.5473616020914474,6.187807702742298,0.5574657786475193
100,-23.496219291948105,0.5155133439496414,0.25525667197482094,0.1292204929468366,0.09736929123041495,-0.0655180895139918,208.2018298934692,8.20182989346921,6,0.7018389383670591,-1.2789769243681803e-13,5.221999767761367e-16,6.205337579856683,0.5474511350829423,6.201829893469474,0.5574591618090087
101,-23.576146864602748,0.5153940336409822,0.25522176929573853,0.12918733109965327,0.09733989886122471,-0.0654924666227937,210.21571622943708,8.215716229437078,6,0.7157267224367487,-1.2789769243681803e-13,5.323510651139314e-16,6.2191895909568355,0.5475374660856996,6.215716229437337,0.5574514297987724
102,-23.655434152498184,0.515276737893517,0.2551873885546016,0.1291547364153635,0.09731102143857019,-0.06546730646177445,212.22946933828686,8.229469338286862,6,0.7294811868206068,-1.1368683772161603e-13,5.42599188665424e-16,6.232909060554931,0.5476207693211919,6.229469338287089,0.5574426732450739
103,-23.73409219730597,0.5151614041785093,0.25515351762323546,0.12912269401785836,0.09728264514328358,-0.06544259626870608,214.24309177140145,8.243091771401453,6,0.7431048754295491,-1.1368683772161603e-13,5.529443412086574e-16,6.246498521545956,0.5477012198881088,6.243091771401668,0.5574329864214633
104,-23.812131748844156,0.5150479818122421,0.25512014475227524,0.12909118955924162,0.09725475665480267,-0.06541832375036251,216.25658600676985,8.25658600676985,6,0.756600259886496,-1.1368683772161603e-13,5.633865166356379e-16,6.259960433892845,0.5477789926861978,6.256586006770073,0.5574224662542246
105,-23.889563275432046,0.5149364218746462,0.2550872585563711,0.1290602091956963,0.09722734312849332,-0.0653944770612887,218.26995445172568,8.269954451725681,6,0.7699697422438101,-9.947598300641403e-14,5.739257089488563e-16,6.2732971873515755,0.5478542614201714,6.269954451725874,0.5574112113890707
106,-23.966396973784505,0.5148266771322609,0.2550548480000932,0.12902973956471844,0.09720039217422201,-0.0653710447837243,220.28319944556625,8.283199445566254,6,0.783215657574134,-8.526512829121202e-14,5.845619122579757e-16,6.286511104078899,0.547927197685077,6.283199445566431,0.5573993213196851
107,-24.042642778469705,0.5147187019652532,0.2550229023844959,0.12899976776358762,0.09717389183608646,-0.0653480159085851,222.29632326205868,8.296323262058678,6,0.7963402764416463,-9.947598300641403e-14,5.952951207766829e-16,6.299604441128434,0.5479979701335276,6.296323262058863,0.5573868955798054
108,-24.118310370955143,0.5146124522982417,0.25499141133430614,0.12897028132903066,0.09714783057324172,-0.06532537981745272,224.30932811183823,8.309328111838227,6,0.8093458072602662,-8.526512829121202e-14,6.061253288196887e-16,6.312579392840485,0.548066743724333,6.3093281118383855,0.5573740329997269
109,-24.193409188264816,0.5145078855347032,0.2549603647857003,0.1289412682179943,0.09712219724174939,-0.06530312626550447,226.32221614470416,8.322216144704157,6,0.8222343985450031,-8.526512829121202e-14,6.170525307998732e-16,6.3254380931305905,0.5481336790513294,6.322216144704327,0.5573608310274026
110,-24.267948431262177,0.5144049604947308,0.2549297529746382,0.12891271678945018,0.09709698107738575,-0.06528124536532137,228.3349894518186,8.334989451818586,6,0.8350081410621826,-8.526512829121202e-14,6.280767212255689e-16,6.338182617681561,0.5481989317505768,6.334989451818762,0.5573473851136839
111,-24.341937072585107,0.5143036373559535,0.2548995664257246,0.12888461578717728,0.09707217167935152,-0.0652597275715258,230.34765006781225,8.347650067812253,6,0.8476690698839571,-7.105427357601002e-14,6.391978946979698e-16,6.3508149860434235,0.5482626519835672,6.347650067812401,0.5573337881607178
112,-24.4153838642458,0.5142038775974226,0.25486979594156883,0.12885695432346025,0.0970477589948286,-0.06523856366619793,232.36019997280198,8.36019997280198,6,0.8602191663521763,-7.105427357601002e-14,6.50416045908663e-16,6.363337163645513,0.5483249839936548,6.360199972802115,0.5573201300320545
113,-24.48829734491333,0.5141056439462931,0.25484043259261574,0.12882972186363745,0.09702373330432863,-0.06521774474501968,234.37264109432408,8.37264109432408,6,0.87266035995638,-7.105427357601002e-14,6.617311696372754e-16,6.375751063724646,0.5483860657325703,6.37264109432422,0.5573064971226286
114,-24.560685846897787,0.5140089003271341,0.2548114677074268,0.12880290821147383,0.09700008520779516,-0.06519726220411753,236.38497530918724,8.38497530918724,6,0.8849945301303581,-7.105427357601002e-14,6.731432607492281e-16,6.38805854917317,0.5484460285536082,6.384975309187371,0.557292971986461
115,-24.632557502845728,0.513913611813718,0.2547828928633811,0.1287765034952588,0.09697680561139888,-0.06517710772753806,238.39720444524863,8.397204445248633,6,0.8972235079715132,-7.105427357601002e-14,6.846523141935907e-16,6.400261434310433,0.548504996967869,6.397204445248775,0.5572796330196677
116,-24.703920252165148,0.5138197445831486,0.2547546998777816,0.12875049815465447,0.09695388571500535,-0.06515727327535525,240.40933028311704,8.409330283117043,6,0.9093490778869429,-5.684341886080802e-14,6.962583250010331e-16,6.412361486581066,0.5485630884598002,6.409330283117161,0.5572665541961538
117,-24.774781847191893,0.5137272658721862,0.2547268807993414,0.12872488292817263,0.0969313170002543,-0.06513775107233502,242.4213545577857,8.42135455778569,6,0.9213729791699778,-5.684341886080802e-14,7.07961288281864e-16,6.424360428183299,0.548620413358176,6.421354557785808,0.5572538048532156
118,-24.845149859110425,0.5136361439356572,0.2546994279000324,0.12869964884130647,0.09690909121923276,-0.06511853359715807,244.43327896019863,8.433278960198635,6,0.933296907510675,-5.684341886080802e-14,7.1976119922415635e-16,6.436259937630376,0.5486770747586274,6.433278960198757,0.5572414495241593
119,-24.915031683639587,0.513546348006823,0.25467233366727754,0.12867478719524134,0.09688720038369666,-0.06509961357215109,246.44510513875304,8.445105138753036,6,0.9451225164435293,-4.263256414560601e-14,7.316580530919495e-16,6.448061651247961,0.5487331684938083,6.44510513875313,0.5572295478149744
120,-24.9844345464936,0.5134578482596043,0.2546455907964694,0.1286502895561227,0.09686563675481444,-0.06508098395350531,248.45683470074033,8.45683470074033,6,0.9568514187355595,-4.263256414560601e-14,7.436518452235246e-16,6.4597671646103585,0.5487887831473397,6.456834700740425,0.5572181543220569
121,-25.053365508633362,0.5133706157725575,0.2546191921838,0.1286261477448471,0.0968443928334012,-0.06506263792195455,250.46846921372932,8.468469213729321,6,0.9684851877176435,-4.263256414560601e-14,7.557425710297513e-16,6.471378033918152,0.5488440001077088,6.468469213729406,0.5572073185879748
122,-25.121831471314202,0.5132846224945071,0.25459313091938535,0.12860235382734467,0.0968234613506167,-0.06504456887388818,252.4800102068931,8.480010206893098,6,0.9800253585619023,-4.263256414560601e-14,7.679302259924965e-16,6.482895777319834,0.5488988936584058,6.480010206893183,0.5571970850922779
123,-25.189839180938936,0.5131998412117469,0.2545674002806708,0.128578900105325,0.0968028352591004,-0.06502677041287545,254.4914591722828,8.491459172282788,6,0.9914734295077077,-4.263256414560601e-14,7.802148056630952e-16,6.494321876179827,0.5489535311006761,6.491459172282873,0.5571874932744043
124,-25.25739523372565,0.5131162455167235,0.2545419937261043,0.1285557791074598,0.09678250772451992,-0.06500923634157992,256.5028175660501,8.502817566050112,7,0.0028308630387980926,-4.263256414560601e-14,7.925963056608767e-16,6.505657776295209,0.5490079729053967,6.502817566050188,0.5571785775857874
125,-25.32450608020438,0.5130338097781262,0.2545169048890637,0.1285329835809772,0.09676247211751013,-0.06499196065404317,258.51408680962106,8.514086809621062,7,0.0140990870138058,-4.263256414560601e-14,8.050747216717446e-16,6.516904889063362,0.549062272890719,6.514086809621133,0.5571703675683489
126,-25.3911780295392,0.5129525091123062,0.25449212757202677,0.12851050648364373,0.09674272200598107,-0.06497493752831872,260.52526829082285,8.52526829082285,7,0.02527949575240651,-4.263256414560601e-14,8.176500494468045e-16,6.528064592602649,0.5491164784222728,6.525268290822944,0.5571628879566564
127,-25.457417253694008,0.5128723193559603,0.2544676557409729,0.12848834097611342,0.09672325114777552,-0.06495816131943814,262.5363633649662,8.536363364966178,7,0.03637345107916179,-4.263256414560601e-14,8.303222848010404e-16,6.539138232828167,0.5491706306328845,6.5363633649662765,0.5571561588011122
128,-25.523229791443303,0.5127932170400082,0.2544434835200047,0.12846648041462172,0.09670405348365668,-0.06494162655269226,264.5473733558845,8.547373355884474,7,0.0473822833269999,-4.263256414560601e-14,8.430914236120325e-16,6.550127124484472,0.549224764658915,6.547373355884545,0.5571501956096718
129,-25.58862155223778,0.5127151793646065,0.25441960518617973,0.12844491834400676,0.09668512313060879,-0.06492532791721149,266.5582995569322,8.558299556932184,7,0.05830729230223497,-5.684341886080802e-14,8.559574618187134e-16,6.561032552137187,0.5492789098905098,6.5582995569323,0.5571450095056809
130,-25.6535983199254,0.5126381841752403,0.2543960151645437,0.12842364849103877,0.09666645437543428,-0.06490926025983043,268.5691432319443,8.569143231944281,7,0.06914974821283248,-2.842170943040401e-14,8.689203954201686e-16,6.571855771125204,0.5493330902331969,6.56914323194436,0.5571406073995714
131,-25.718165756345766,0.5125622099398377,0.2543727080233545,0.12840266475804196,0.09664804166863183,-0.06489341857922222,270.5799056161573,8.579905616157305,7,0.07991089256162809,-5.684341886080802e-14,8.819802204744635e-16,6.582598008475254,0.5493873243784606,6.579905616157401,0.5571369921722501
132,-25.782329404787063,0.5124872357268565,0.25434967846948925,0.12838196121679146,0.09662987961854022,-0.06487779802028933,272.5905879170956,8.590587917095604,7,0.09059193900605855,0.0,8.95136933097512e-16,6.593260463780406,0.5494416260810662,6.590587917095619,0.5571341628681723
133,-25.846094693328496,0.512413241184293,0.2543269213440266,0.12836153210267245,0.09661196298573531,-0.06486239386879833,274.60119131542194,8.601191315421943,7,0.10119407418589699,-2.842170943040401e-14,9.08390529461968e-16,6.603844310044096,0.5494960044410893,6.601191315421989,0.5571321148961956
134,-25.909466938059428,0.5123402065195728,0.2543044316179957,0.12834137180908642,0.09659428667766652,-0.06484720154624647,276.61171696575656,8.611716965756557,7,0.11171845852043027,-2.842170943040401e-14,9.217410057961544e-16,6.614350694491167,0.5495504641887585,6.611716965756608,0.5571308402364482
135,-25.972451346188183,0.5122681124802725,0.25428220438828475,0.12832147488209197,0.09657684574352061,-0.06483221660494887,278.6221659974635,8.622165997463526,7,0.12216622697640123,0.0,9.35188358383014e-16,6.62478073934735,0.549605005970378,6.62216599746353,0.5571303276515776
136,-26.03505301904208,0.5121969403356403,0.2542602348737028,0.12830183601526782,0.09655963536930204,-0.06481743472333562,280.63253951540736,8.632539515407359,7,0.13253848980801308,-5.684341886080802e-14,9.48732583559085e-16,6.635135542588559,0.549659626633749,6.632539515407443,0.5571305629008498
137,-26.097276954965704,0.5121266718588704,0.25423851841118744,0.128282450044787,0.0965426508731183,-0.06480285170144875,282.64283860068144,8.642838600681443,7,0.14283633327019363,-2.842170943040401e-14,9.623736777135096e-16,6.645416178661297,0.5497143195116575,6.642838600681477,0.5571315289557159
138,-26.15912805211739,0.5120572893101002,0.25421705045215187,0.12826331194469096,0.0965258877006606,-0.06478846345662932,284.6530643113074,8.65306431130739,7,0.15306082030628243,0.0,9.761116372870516e-16,6.655623699175452,0.5497690747021315,6.653064311307387,0.557133206215559
139,-26.220611111170868,0.5119887754200907,0.2541958265589666,0.12824441682235388,0.09650934142087032,-0.06477426601938585,286.66321768290925,8.663217682909249,7,0.1632129912112239,-2.842170943040401e-14,9.899464587711489e-16,6.665759133570658,0.5498238793443131,6.6632176829092895,0.5571355727224602
140,-26.28173083792847,0.5119211133745665,0.25417484240156935,0.1282257599141279,0.09649300772178211,-0.06476025552943541,288.67329972936204,8.673299729362043,7,0.17329386427131865,-2.842170943040401e-14,1.003878138706981e-15,6.675823489757393,0.5498787178889083,6.67329972936209,0.5571386043739318
141,-26.34249184584382,0.5118542867991733,0.25415409375419695,0.1282073365811599,0.09647688240653492,-0.06474642823190918,290.6833114434156,8.683311443415619,7,0.18330443638150662,-2.842170943040401e-14,1.0179066736845537e-15,6.685817754733896,0.5499335723623109,6.683311443415671,0.5571422751326616
142,-26.402898658461552,0.5117882797450348,0.2541335764922361,0.12818914230537168,0.09646096138954344,-0.06473278047371465,292.6932537972959,8.693253797295881,7,0.19324568364114025,-2.842170943040401e-14,1.0320320603418079e-15,6.6957428951799605,0.5499884226236005,6.693253797295909,0.557146557232428
143,-26.462955711775532,0.5117230766748749,0.2541132865891861,0.12817117268559605,0.09644524069282204,-0.06471930870004775,294.7031277432834,8.703127743283403,7,0.20311856192913336,-2.842170943040401e-14,1.0462542953637396e-15,6.705599858028615,0.5500432466137299,6.70312774328348,0.5571514213794252
144,-26.522667356512017,0.5116586624496814,0.25409322011373,0.12815342343386063,0.09642971644245381,-0.06470600945104696,296.7129342142714,8.7129342142714,7,0.21292400745932927,-2.842170943040401e-14,1.060573375481546e-15,6.715389571016653,0.5500980205963142,6.712934214271429,0.5571568369483433
145,-26.58203786033329,0.5115950223158874,0.2540733732269096,0.12813589037181328,0.09641438486519854,-0.06469287935858403,298.72267412430233,8.72267412430233,7,0.22266293731690912,-2.842170943040401e-14,1.074989297471777e-15,6.7251129432149135,0.5501527193895304,6.722674124302374,0.5571627721726188
146,-26.641071409975826,0.5115321418930464,0.2540537421794003,0.12811856942728211,0.09639924228523278,-0.06467991514318401,300.73234836908625,8.732348369086253,7,0.2323362499766244,-2.842170943040401e-14,1.0895020581555117e-15,6.734770865539229,0.5502073165887251,6.732348369086283,0.5571691943283653
147,-26.69977211331607,0.5114700071619775,0.2540343233088802,0.12810145663096323,0.09638428512101578,-0.06466711361106905,302.7419578264996,8.741957826499572,7,0.24194482580355547,0.0,1.1041116543975452e-15,6.7443642112428375,0.5502617847794065,6.741957826499567,0.5571760699115621
148,-26.758144001369683,0.5114086044533632,0.25401511303749275,0.12808454811323275,0.0963695098822764,-0.06465447165132103,304.7515033570664,8.751503357066383,7,0.25148952753714315,0.0,1.1188180831055898e-15,6.753893836391088,0.550316095740376,6.751503357066364,0.5571833648081498
149,-26.81619103022911,0.5113479204367772,0.2539961078693955,0.12806784010107378,0.09635491316711436,-0.06464198623315608,306.76098580442266,8.76098580442266,7,0.2609712007591076,-2.842170943040401e-14,1.1336213412294928e-15,6.763360580319209,0.5503702206368225,6.760985804422706,0.5571910444567486
150,-26.87391708293908,0.511287942110123,0.25397730438839505,0.128051328915117,0.09634049165921169,-0.06462965440330753,308.77040599576435,8.77040599576435,7,0.27039067434595143,0.0,1.1485214257604683e-15,6.772765266073859,0.5504241302032669,6.770405995764357,0.5571990740037795
151,-26.93132597131236,0.5112286567894687,0.2539586992556617,0.1280350109667877,0.09632624212514906,-0.06461747328351164,310.7797647422789,8.779764742278928,7,0.27974876090660583,-2.842170943040401e-14,1.1635183337303366e-15,6.782108700839154,0.5504777949163011,6.779764742278965,0.5572074184508173
152,-26.988421437691223,0.5111700520992564,0.2539402892075231,0.12801888275555448,0.09631216141182226,-0.06460544006809125,312.7890628395632,8.7890628395632,7,0.28904625720583077,0.0,1.1786120622107845e-15,6.791391676347873,0.5505311851571238,6.789062839563215,0.5572160427940647
153,-27.045207156652708,0.5111121159628734,0.2539220710533322,0.1280029408662768,0.09629824644395474,-0.06459355202163385,314.7983010680256,8.79830106802558,7,0.2982839445739103,-2.842170943040401e-14,1.1938026083126328e-15,6.800614969278429,0.5505842713639153,6.798301068025627,0.5572249121558777
154,-27.101686736658404,0.5110548365935687,0.2539040416734078,0.1279871819666459,0.09628449422170186,-0.06458180647675904,316.8074801932756,8.80748019327558,7,0.3074625893031717,0.0,1.2090899691851194e-15,6.809779341638263,0.5506370241741463,6.8074801932755715,0.5572339919083216
155,-27.157863721662338,0.5109982024857004,0.2538861980170438,0.12797160280471523,0.09627090181834308,-0.06457020083197199,318.8166009664991,8.816600966499095,7,0.3165829430318512,0.0,1.224474142015191e-15,6.818885541134213,0.5506894145569465,6.816600966499119,0.5572432477887739
156,-27.213741592658593,0.510942202406299,0.2538685371005855,0.1279562002065178,0.0962574663780579,-0.06455873254959897,320.8256641248222,8.825664124822197,7,0.32564574311575445,-2.842170943040401e-14,1.239955124026812e-15,6.827934301530415,0.5507414139356985,6.825664124822245,0.5572526460076246
157,-27.269323769192276,0.5108868253869338,0.25385105600556884,0.12794097107376476,0.09624418511378244,-0.06454739915380095,322.8346703916619,8.834670391661916,7,0.33465171298821605,0.0,1.2555329124802792e-15,6.836926342994273,0.5507929943010492,6.834670391661936,0.55726215334816
158,-27.324613610819384,0.510832060715872,0.25383375187692336,0.1279259123816245,0.09623105530514327,-0.06453619822866269,324.8436204770657,8.843620477065713,7,0.34360156250876983,0.0,1.2712075046715537e-15,6.8458623724310055,0.5508441283145635,6.843620477065702,0.5572717372587453
159,-27.379614418523825,0.5107778979305146,0.2538166219212322,0.1279110211765767,0.09621807429646476,-0.06452512741635326,326.8525150780399,8.852515078039914,7,0.35249598830094886,-2.842170943040401e-14,1.286978897931598e-15,6.854743083807221,0.5508947894032593,6.852515078039948,0.557281365937442
160,-27.434329436094018,0.5107243268101003,0.25379966340505017,0.12789629457433963,0.09620523949484738,-0.06451418441535536,328.86135487886764,8.861354878867644,7,0.3613356740796565,-2.842170943040401e-14,1.302847089625733e-15,6.863569158464036,0.5509449518452938,6.861354878867713,0.5572910084092265
161,-27.488761851457905,0.5106713373686649,0.2537828736532766,0.1278817297578674,0.09619254836831387,-0.06450336697876026,330.8701405514161,8.870140551416114,7,0.37012129096844504,-2.842170943040401e-14,1.3188120771529973e-15,6.872341265420106,0.5509945908470755,6.870140551416165,0.5573006345959873
162,-27.54291479797836,0.5106189198482487,0.2537662500475812,0.12786732397541506,0.09617999844402057,-0.06449267291262578,332.87887275543426,8.878872755434259,7,0.37885349780710964,-2.842170943040401e-14,1.3348738579455215e-15,6.881060061665044,0.551043682612104,6.87887275543431,0.5573102153795064
163,-27.59679135571172,0.5105670647123368,0.25374979002488024,0.1278530745386669,0.09616758730653086,-0.06448210007439417,334.8875521388413,8.887552138841272,7,0.38753294144993067,0.0,1.351032429467916e-15,6.8897261924435895,0.5510922044018394,6.887552138841279,0.5573197226576325
164,-27.650394552629923,0.5105157626395289,0.25373349107586207,0.12783897882092857,0.09615531259614879,-0.06447164637136793,336.8961793380056,8.896179338005595,7,0.3961602570549134,0.0,1.3672877892166633e-15,6.898340291530916,0.5511401345889174,6.89617933800561,0.5573291293938768
165,-27.703727365805833,0.5104650045174234,0.2537173507435603,0.1278250342553782,0.0961431720073103,-0.064461309759241,338.9047549780159,8.904754978015887,7,0.40473606836434683,0.0,1.3836399347195283e-15,6.906902981499449,0.5511874527030354,6.904754978015857,0.5573384096606682
166,-27.756792722567397,0.5104147814367133,0.25370136662197124,0.1278112383333744,0.09613116328702909,-0.064451088240682,340.91327967294285,8.91327967294285,7,0.4132609879769946,-2.842170943040401e-14,1.4000888635349716e-15,6.915414873977527,0.5512341394698322,6.913279672942897,0.5573475386765102
167,-27.80959350161614,0.5103650846854794,0.25368553635471597,0.1277975886028212,0.0961192842333962,-0.06444097986396932,342.9217540260942,8.92175402609422,7,0.4217356176122067,-2.842170943040401e-14,1.416634573251582e-15,6.923876569900221,0.5512801768430953,6.9217540260942485,0.5573564928372957
168,-27.862132534116142,0.5103159057436796,0.2536698576337448,0.12778408266658414,0.0961075326941298,-0.06443098272167352,344.93017863026074,8.930178630260741,7,0.4301605483662563,0.0,1.4332770614875105e-15,6.93228865975267,0.551325548030623,6.930178630260734,0.557365249742032
169,-27.914412604751234,0.5102672362778196,0.25365432819808165,0.12777071818095956,0.09609590656517447,-0.06442109494938726,346.93855406795575,8.93855406795575,7,0.438536360961157,0.0,1.4500163258899194e-15,6.940651723806175,0.5513702375140765,6.938554067955769,0.5573737882132387
170,-27.966436452752966,0.5102190681358049,0.25363894583260865,0.12775749285419272,0.09608440378934735,-0.06441131472449958,348.9468809116476,8.946880911647611,7,0.44686362598623663,0.0,1.4668523641344444e-15,6.948966332347379,0.5514142310631461,6.946880911647583,0.5573820883122775
171,-28.01820677290024,0.5101713933419599,0.2536237083668868,0.12774440444504384,0.09607302235502944,-0.06440164026501298,350.9551597239846,8.955159723984593,7,0.4551429041327042,-2.842170943040401e-14,1.4837851739246584e-15,6.957233045900772,0.5514575157443596,6.955159723984635,0.5573901313498804
172,-28.069726216489872,0.5101242040922159,0.2536086136740154,0.1277314507613969,0.09606176029489957,-0.06439206982840012,352.96339105801445,8.963391058014452,7,0.4633747464214846,-2.842170943040401e-14,1.5008147529915561e-15,6.9654524154448065,0.5515000799248563,6.9633910580144995,0.5573978998921326
173,-28.12099739228434,0.510077492749453,0.25359365966952474,0.12771862965892003,0.09605061568471236,-0.0643826017105035,354.97157545739645,8.971575457396455,7,0.4715596944245046,0.0,1.5179410990930395e-15,6.973624982621858,0.5515419132714394,6.9715754573964475,0.5574053777621726
174,-28.17202286742777,0.5100312518389973,0.2535788443103036,0.1277059390397561,0.09603958664211264,-0.0643732342444666,356.97971345660795,8.979713456607954,7,0.47969828047969454,-2.842170943040401e-14,1.5351642100134157e-15,6.9817512799422445,0.5515830067452215,6.979713456607989,0.5574125500378677
175,-28.222805168342,0.5099854740442606,0.25356416559355915,0.12769337685127424,0.0960286713254941,-0.06436396579971125,358.9878055811456,8.987805581145608,7,0.4877910278999078,0.0,1.5524840835629112e-15,6.989831830982575,0.5516233525921632,6.987805581145591,0.557419403045716
176,-28.27334678159695,0.5099401522025263,0.2535496215558089,0.12768094108483777,0.09601786793288901,-0.06435479478093803,360.9958523477198,8.99585234771979,7,0.49583845117594905,0.0,1.5699007175771827e-15,6.997867150578594,0.5516629443298041,6.995852347719786,0.5574259243512276
177,-28.32365015475605,0.5098952793008651,0.253535210271902,0.12766862977462787,0.09600717470089808,-0.06434571962716888,363.0038542644449,9.003854264444897,7,0.5038410561739344,0.0,1.5874141099168532e-15,7.0058577450127455,0.551701776730474,7.003854264444887,0.5574321027460255
178,-28.37371769720233,0.5098508484721859,0.2535209298540711,0.12765644099648957,0.09599658990365148,-0.06433673881081443,365.01181183102346,9.011811831023465,7,0.5117993403271495,-2.842170943040401e-14,1.6050242584670431e-15,7.013804112196661,0.551739845801263,7.011811831023497,0.5574379282319084
179,-28.423551780937764,0.5098068529914085,0.2535067784510121,0.12764437286683483,0.09598611185180818,-0.06432785083678284,367.019725538926,9.019725538926025,7,0.5197137928226008,0.0,1.622731161136923e-15,7.021706741848732,0.551777148761024,7.019725538926009,0.5574433920021096
180,-28.473154741366347,0.5097632862717594,0.25349275424699125,0.12763242354155643,0.09597573889158141,-0.0643190542416063,369.02759587156527,9.027595871565268,7,0.5275848947824375,0.0,1.6405348158592638e-15,7.029566115666959,0.5518136840146679,7.027595871565277,0.5574484864199724
181,-28.522528878055414,0.5097201418611838,0.2534788554609792,0.12762059121499578,0.09596546940380041,-0.0643103475926065,371.0354233044666,9.035423304466576,7,0.5354131194404044,-2.842170943040401e-14,1.6584352205900087e-15,7.037382707497248,0.551849451125004,7.035423304466622,0.5574532049952706
182,-28.571676455473245,0.5096774134388696,0.25346508034580884,0.12760887411891708,0.0959553018029947,-0.06430172948707431,373.0432083054334,9.043208305433382,7,0.5431989323134934,0.0,1.6764323733078447e-15,7.045156983497301,0.5518844507823706,7.0432083054333585,0.5574575423583806
183,-28.620599703713424,0.5096350948118797,0.25345142718736124,0.1275972705215405,0.09594523453651504,-0.06429319855148988,375.0509513347079,9.050951334707918,7,0.5509427913689491,-2.842170943040401e-14,1.6945262720137852e-15,7.052889402296262,0.5519186847722861,7.05095133470796,0.5574614942325128
184,-28.6693008191954,0.5095931799118888,0.2534378943037707,0.1275857787265961,0.09593526608367864,-0.06428475344076341,377.0586528451291,9.058652845129075,7,0.5586451471867777,0.0,1.7127169147307678e-15,7.060580415150264,0.5519521559413472,7.058652845129061,0.5574650574041999
185,-28.717781965351193,0.5095516627920187,0.25342448004465856,0.12757439707238613,0.09592539495493675,-0.06427639283748958,379.0663132822844,9.066313282284398,7,0.5663064431179006,0.0,1.7310042995032499e-15,7.0682304660940325,0.551984868161584,7.066313282284395,0.557468229692232
186,-28.766045273290043,0.5095105376237747,0.25341118279038244,0.12756312393091174,0.09591561969107615,-0.0642681154512441,381.0739330846598,9.073933084659814,7,0.5739271154381056,-2.842170943040401e-14,1.7493884243968225e-15,7.075839992088633,0.5520168262934804,7.073933084659846,0.5574710099152244
187,-28.81409284245115,0.5094697986940715,0.2533980009513141,0.12755195770698932,0.09590593886243666,-0.06425992001788346,383.0815126837847,9.081512683784695,7,0.5815075934979097,0.0,1.7678692874978293e-15,7.083409423165541,0.5520480361478484,7.081512683784709,0.5574733978579864
188,-28.86192674123538,0.5094294404023497,0.2533849329671326,0.12754089683744144,0.09589635106816459,-0.06425180529889105,385.0890525043733,9.089052504373285,7,0.5890482998684732,0.0,1.7864468869129915e-15,7.09093918256714,0.5520785044467459,7.089052504373303,0.5574753942368634
189,-28.909549007624427,0.5093894572577827,0.2533719773061403,0.12752993979023688,0.09588685493546971,-0.06424377008070555,387.09655296446306,9.096552964463058,7,0.5965496504836958,0.0,1.8051212207690457e-15,7.098429686883733,0.5521082387836063,7.096552964463062,0.5574770006642102
190,-28.956961649782993,0.509349843876562,0.25335913246459707,0.12751908506373805,0.09587744911892554,-0.06423581317411116,389.1040144755492,9.104014475549207,7,0.6040120547786048,0.0,1.823892287212386e-15,7.105881346187241,0.5521372475827517,7.104014475549205,0.5574782196121453
191,-29.004166646644627,0.509310594979269,0.2533463969660745,0.12750833118593266,0.09586813229978151,-0.06422793341362741,391.1114374427161,9.111437442716124,7,0.6114359158241438,2.842170943040401e-14,1.842760084408718e-15,7.113294564161622,0.5521655400584415,7.111437442716087,0.5574790543757282
192,-29.05116594848699,0.5092717053883202,0.2533337693608271,0.1274976767136696,0.0958589031852904,-0.06422012965690806,393.11882226476536,9.118822264765356,7,0.6188216304585037,-2.842170943040401e-14,1.861724610542714e-15,7.120669738230179,0.5521931261736004,7.118822264765385,0.5574795090357029
193,-29.09796147748847,0.5092331700254917,0.25332124822518143,0.1274871202319586,0.09584976050806689,-0.06421240078417888,395.1261693343411,9.126169334341114,7,0.6261695894150554,0.0,1.8807858638176887e-15,7.1280072596798,0.5522200165983707,7.126169334341139,0.5574795884209259
194,-29.144555128273943,0.5091949839095131,0.25330883216094235,0.12747666035323363,0.09584070302545064,-0.06420474569766381,397.1334790380518,9.133479038051803,7,0.6334801774470415,0.0,1.899943842455265e-15,7.135307513782275,0.5522462226686121,7.133479038051823,0.5574792980706061
195,-29.19094876844619,0.5091571421537339,0.253296519794816,0.12746629571675175,0.09583172951891696,-0.06419716332108549,399.1407517565895,9.14075175658951,7,0.6407537734490782,0.0,1.919198544695063e-15,7.142570879912722,0.552271756344473,7.140751756589491,0.55747864419647
196,-29.23714423910509,0.5091196399638587,0.25328430977784777,0.12745602498783223,0.09582283879346017,-0.06418965259909128,401.1479878648461,9.147987864846073,7,0.6479907505756,-2.842170943040401e-14,1.9385499687943877e-15,7.149797731665269,0.552296630169139,7.147987864846099,0.5574776336449543
197,-29.28314335535439,0.5090824726357438,0.2532722007848769,0.1274458468572971,0.09581402967704027,-0.06418221249678639,403.15518773202706,9.15518773202706,7,0.6551914763563138,-2.842170943040401e-14,1.957998113027929e-15,7.156988436966014,0.5523208572278745,7.1551877320270965,0.5574762738595314
198,-29.328947906794397,0.5090456355532612,0.2532601915140052,0.12743576004080684,0.09580530102001536,-0.06417484199921995,405.1623517217624,9.162351721762377,7,0.6623563128087735,0.0,1.9775429756874643e-15,7.164143358183395,0.5523444511074423,7.16235172176235,0.5574745728432559
199,-29.374559658004348,0.5090091241862262,0.2532482806860778,0.12742576327829602,0.09579665169461025,-0.06416754011092639,407.16948019221445,9.16948019221445,7,0.6694856165481413,-2.842170943040401e-14,1.997184555081567e-15,7.171262852236001,0.5523674258559979,7.1694801922145,0.557472539121622
200,-29.419980349015702,0.5089729340883713,0.25323646704418684,0.12741585533332078,0.09578808059437607,-0.06416030585542748,409.1765734961848,9.176573496184801,7,0.6765797388942429,0.0,5.04230712383833e-16,7.178347270697952,0.5523897959435347,7.176573496184816,0.5574701817058074
201,-29.46521169576833,0.5089370608953991,0.25322474935317346,0.12740603499257164,0.09577958663369913,-0.06415313827482291,411.1836319812166,9.183631981216593,7,0.6836390259759595,0.0,5.091894643475241e-16,7.185396959901821,0.5524115762229637,7.183631981216593,0.5574675100563828
202,-29.51025539056159,0.508901500323069,0.2532131263991576,0.12739630106526392,0.09577116874729265,-0.06414603642932329,413.1906559896962,9.19065598969621,7,0.6906638188330882,0.0,5.141723942507927e-16,7.1924122610392915,0.552432781891885,7.190655989696229,0.5574645340475528
203,-29.555113102492562,0.508866248165345,0.2532015969890757,0.12738665238260946,0.09576282588971848,-0.0641389993968291,415.197645858952,9.197645858952,7,0.6976544535156926,2.842170943040401e-14,5.191795016868949e-16,7.199393510259537,0.5524534284551217,7.1976458589519705,0.5574612639319861
204,-29.599786477883388,0.5088313002926054,0.25319015995022354,0.12737708779731932,0.09575455703492408,-0.06413202627252923,417.20460192135045,9.204601921350445,7,0.7046112611810482,0.0,5.242107862529511e-16,7.206341038765349,0.5524735316880701,7.204601921350447,0.5574577103063006
205,-29.644277140701956,0.5087966526498875,0.2531788141298211,0.12736760618307996,0.09574636117578539,-0.06412511616849043,419.21152450439104,9.211524504391036,7,0.7115345681882435,0.0,5.292662475498839e-16,7.213255172907186,0.5524931076009139,7.211524504391025,0.5574538840772467
206,-29.68858669296386,0.508762301255189,0.25316755839458405,0.1273582064340626,0.09573823732366568,-0.06411826821326755,421.218413930798,9.218413930798022,7,0.7184246961905059,-2.842170943040401e-14,5.34345885182357e-16,7.220136234275088,0.5525121724037483,7.2184139307980555,0.5574497964286398
207,-29.73271671514112,0.508728242197813,0.2531563916303068,0.1273488874644475,0.09573018450798729,-0.06411148155152502,423.22527051861107,9.225270518611069,7,0.7252819622253108,0.0,5.394496987587162e-16,7.226984539788605,0.5525307424726569,7.225270518611069,0.5574454587890811
208,-29.77666876654438,0.508694471636761,0.25314531274145674,0.127339648207959,0.09572220177581471,-0.06410475534366755,425.232094581273,9.232094581272975,7,0.7321066788023503,0.0,5.445776878909311e-16,7.233800401784708,0.5525488343167686,7.232094581272966,0.557440882800506
209,-29.820444385708026,0.5086609857991677,0.2531343206507795,0.1273304876174145,0.09571428819144963,-0.06409808876548126,427.23888642771624,9.238886427716238,7,0.7388991539894114,-2.842170943040401e-14,5.497298521945386e-16,7.240584128103801,0.5525664645463308,7.238886427716269,0.5574360802875903
210,-29.864045090761245,0.5086277809787787,0.25312341429891266,0.12732140466428496,0.09570644283603677,-0.0640914810077844,429.2456463624475,9.245646362447474,7,0.7456596914962299,0.0,5.54906191288589e-16,7.247336022173836,0.5525836498418205,7.245646362447475,0.5574310632280447
211,-29.907472379793685,0.5085948535344703,0.2531125926440119,0.12731239833826924,0.09569866480718098,-0.06408493127608801,431.25237468562955,9.252374685629547,7,0.7523885907563699,0.0,5.6010670479559e-16,7.254056383092625,0.5526004069241135,7.252374685629565,0.5574258437238196
212,-29.950727731208904,0.5085621998888074,0.2531018546613844,0.1273034676468788,0.09569095321857457,-0.0640784387902652,433.2590716931627,9.259071693162696,7,0.7590861470071886,0.0,5.653313923414562e-16,7.260745505708346,0.5526167525257317,7.259071693162709,0.5574204339732419
213,-29.99381260407624,0.5085298165266413,0.2530911993431326,0.12729461161503508,0.0956833071996352,-0.06407200278422992,435.26573767676325,9.265737676763251,7,0.7657526513679453,0.0,5.705802535554574e-16,7.267403680698328,0.5526327033631789,7.265737676763228,0.5574148462441032
214,-30.036728438466728,0.5084976999937456,0.2530806256978072,0.12728582928467716,0.09567572589515322,-0.06406562250562381,437.27237292404084,9.272372924040837,7,0.7723883909160953,0.0,5.758532880701676e-16,7.274031194646125,0.5526482761103734,7.272372924040844,0.557409092847708
215,-30.07947665578926,0.5084658468954848,0.2530701327500679,0.1272771197143804,0.09566820846494874,-0.06405929721551169,439.27897771857425,9.278977718574254,7,0.778993648761829,0.0,5.811504955214182e-16,7.280628330116964,0.5526634873731879,7.278977718574265,0.557403186113896
216,-30.122058659114145,0.5084342538955225,0.25305971954035394,0.1272684819789862,0.09566075408353823,-0.06405302618808512,441.28555233998514,9.285552339985145,7,0.7855687041208901,0.0,5.86471875548249e-16,7.287195365731545,0.5526783536650953,7.285552339985144,0.5573971383670452
217,-30.16447583349263,0.5084029177145599,0.25304938512456127,0.12725991516924062,0.09565336193980942,-0.06404680871037356,443.2920970640105,9.292097064010477,7,0.7921138323857475,0.0,5.918174277928618e-16,7.2937325762383,0.5526928913839211,7.292097064010465,0.5573909619030589
218,-30.206729546268832,0.5083718351291099,0.25303912857372945,0.1272514183914442,0.0956460312367058,-0.06404064408196336,445.2986121625734,9.29861216257342,7,0.7986293051951252,2.842170943040401e-14,5.971871519005764e-16,7.300240232584096,0.5527071167897035,7.2986121625733675,0.5573846689673424
219,-30.248821147382234,0.5083410029703004,0.2530289489737349,0.12724299076711007,0.09563876119091859,-0.06403453161472386,447.30509790385247,9.30509790385247,7,0.8051153905019808,0.0,6.025810475197846e-16,7.306718601983454,0.5527210459836501,7.305097903852479,0.557378271733762
220,-30.290751969666427,0.5083104181227112,0.25301884542499226,0.12723463143263186,0.09563155103258744,-0.06402847063254066,449.3115545523498,9.311554552349776,7,0.8115723526399332,0.0,6.079991143019092e-16,7.313167947986288,0.5527346948881882,7.311554552349767,0.557371782284591
221,-30.332523329143346,0.5082800775232396,0.2530088170421631,0.1272263395389609,0.0956244000050091,-0.06402246047105599,451.31798236895696,9.317982368956962,7,0.8180004523882127,0.0,6.134413519013599e-16,7.3195885305442285,0.5527480792280968,7.317982368956965,0.5573652125914343
222,-30.3741365253055,0.5082499781599945,0.2529988629538715,0.127218114251291,0.09561730736435327,-0.06401650047741533,453.32438161102056,9.324381611020556,7,0.8243999470351522,-2.842170943040401e-14,6.189077599754935e-16,7.32598060607555,0.5527612145127095,7.324381611020588,0.5573585744971195
223,-30.415592841396077,0.5082201170712201,0.25298898230242645,0.12720995474875252,0.09561027237938625,-0.06401059001002088,455.3307525324056,9.330752532405597,7,0.8307710904402708,0.0,6.243983381845736e-16,7.332344427528724,0.5527741160191729,7.330752532405586,0.5573518796985586
224,-30.456893544683204,0.5081904913442459,0.25297917424355176,0.12720186022411453,0.09560329433120186,-0.06400472843829118,457.33709538355765,9.337095383557653,7,0.8371141330949774,0.0,6.299130861917309e-16,7.3386802444446575,0.5527867987767492,7.337095383557655,0.5573451397305547
225,-30.498039886728233,0.5081610981144636,0.2529694379461209,0.127193829883494,0.09559637251295887,-0.0639989151424267,459.34341041156426,9.343410411564264,7,0.8434293221819456,0.0,6.354520036629255e-16,7.344988303017612,0.5527992775521402,7.343410411564253,0.5573383659505532
226,-30.53903310364497,0.5081319345643303,0.25295977259189983,0.12718586294607373,0.09558950622962567,-0.06399314951318155,461.34969786021435,9.349697860214349,7,0.8497169016331734,0.0,6.410150902669094e-16,7.3512688461548645,0.5528115668358209,7.349697860214334,0.5573315695243176
227,-30.5798744163594,0.5081029979223953,0.2529501773752946,0.12717795864382692,0.09558269479773146,-0.06398743095164075,463.35595797005686,9.355957970056863,7,0.8559771121867854,0.0,6.4660234567519e-16,7.357522113535131,0.5528236808293594,7.3559579700568385,0.557324761412516
228,-30.62056503085767,0.5080742854623527,0.25294065150310613,0.12717011622124907,0.09557593754512339,-0.06398175886900312,465.362190978458,9.362190978457988,7,0.862210191442589,0.0,6.522137695619946e-16,7.363748341665756,0.5528356334337021,7.362190978457964,0.5573179523582056
229,-30.661106138434896,0.5080457945021165,0.2529311941942895,0.12716233493509713,0.09556923381073043,-0.06397613268636962,467.36839711965723,9.368397119657232,7,0.8684163739164399,-2.842170943040401e-14,6.578493616042351e-16,7.3699477639387325,0.5528474382384059,7.3683971196572635,0.5573111528751921
230,-30.701498915935684,0.5080175224029192,0.25292180467972025,0.12715461405413514,0.09556258294433286,-0.06397055183453682,469.37457662482257,9.374576624822566,7,0.8745958910934171,0.0,6.635091214814753e-16,7.376120610685554,0.5528591085117918,7.374576624822551,0.5573043732372529
231,-30.74174452598724,0.507989466568432,0.2529124822019646,0.12714695285888622,0.09555598430633767,-0.06396501575379554,471.3807297221037,9.380729722103695,7,0.8807489714798784,0.0,6.691930488758957e-16,7.382267109230942,0.5528706571919988,7.380729722103713,0.5572976234681991
232,-30.781844117234275,0.507961624443907,0.2529032260150565,0.12713935064139137,0.09554943726755963,-0.06395952389373435,473.38685663668537,9.386856636685366,7,0.8868758406543797,0.0,6.749011434722627e-16,7.388387483945451,0.5528820968789135,7.386856636685369,0.5572909133327597
233,-30.821798824562027,0.5079339935153405,0.2528940353842791,0.1271318067049741,0.09554294120900796,-0.06395407571304805,475.3929575908385,9.392957590838478,7,0.8929767213175293,0.0,6.806334049578959e-16,7.394481956296994,0.5528934398269496,7.392957590838477,0.5572842523282657
234,-30.861609769322204,0.5079065713086558,0.2528849095859511,0.1271243203640113,0.09553649552167798,-0.06394867067935064,477.3990328039709,9.399032803970897,7,0.8990518333407733,2.842170943040401e-14,6.863898330226374e-16,7.40055074490132,0.5529046979386555,7.399032803970865,0.5572776496771177
235,-30.901278059544573,0.5078793553889065,0.2528758479072184,0.12711689094370934,0.0955300996063483,-0.06394330826899275,479.40508249267674,9.40508249267674,7,0.905101393814153,0.0,6.921704273588213e-16,7.406594065571435,0.5529158827591214,7.405082492676727,0.5572711143200073
236,-30.94080479015595,0.5078523433594985,0.25286684964585004,0.1271095177798865,0.09552375287338262,-0.06393798796688369,481.4111068707851,9.41110687078509,7,0.9111256170930613,0.0,6.979751876612437e-16,7.412612131366023,0.5529270054711635,7.411106870785108,0.5572646549098802
237,-30.98019104318292,0.507825532861432,0.25285791411003994,0.12710220021876056,0.095517454742537,-0.06393270926631778,483.4171061494074,9.417106149407402,7,0.917124714844026,0.0,7.038041136271344e-16,7.418605152636868,0.5529380768912563,7.417106149407405,0.5572582798066099
238,-31.01943788796155,0.507798921572559,0.25284904061821123,0.12709493761674134,0.09551120464277109,-0.06392747166880451,485.4230805369839,9.423080536983889,7,0.9230988960895168,0.0,7.096572049561275e-16,7.424573337075314,0.5529491074661895,7.423080536983871,0.5572519970723651
239,-31.05854638133554,0.5077725072068605,0.25284022849882665,0.12708772934022886,0.09550500201206448,-0.06392227468390307,487.4290302393292,9.429030239329222,7,0.9290483672518519,0.0,7.155344613502339e-16,7.430516889757766,0.5529601072704224,7.4290302393292125,0.5572458144676462
240,-31.097517567850982,0.5077462875137406,0.25283147709020254,0.12708057476541623,0.09549884629723739,-0.06391711782906075,489.4349554596772,9.434955459677212,7,0.9349733321961695,0.0,7.214358825138142e-16,7.4364360131902725,0.5529710860041103,7.4349554596772185,0.5572397394479696
241,-31.136352479952116,0.5077202602773372,0.2528227857403272,0.12707347327809787,0.09549273695377578,-0.06391200062945519,491.4408563987245,9.44085639872452,7,0.940873992272536,0.0,7.273614681535518e-16,7.442330907352188,0.552982052991775,7.440856398724517,0.5572337791611722
242,-31.175052138168073,0.5076944233158468,0.2528141538066826,0.1270664242734812,0.09548667344566018,-0.06390692261783996,493.44673325467346,9.446733254673461,7,0.946750546357177,2.842170943040401e-14,7.333112179784264e-16,7.4482017697389615,0.5529930171815979,7.446733254673417,0.5572279404453204
243,-31.21361755129911,0.5076687744808692,0.25280558065607134,0.12705942715600452,0.09548065524519947,-0.06390188333439453,495.4525862232739,9.452586223273897,7,0.9526031908928667,0.0,7.392851316996885e-16,7.454048795404052,0.5530039871453036,7.452586223273899,0.5572222298271944
244,-31.252049716596563,0.5076433116567631,0.25279706566444593,0.1270524813391579,0.09547468183286767,-0.06389688232657688,497.45841549786473,9.458415497864735,7,0.9584321199285082,0.0,7.452832090308348e-16,7.459872176999975,0.5530149710786145,7.458415497864756,0.5572166535213284
245,-31.29034961994317,0.5076180327600198,0.2527886082167435,0.1270455862453093,0.09546875269714539,-0.06389191914898026,499.4642212694139,9.464221269413883,7,0.9642375251579001,0.0,7.513054496875831e-16,7.465672104818556,0.5530259768022474,7.4642212694139,0.5572112174295825
246,-31.328518236024017,0.5075929357386496,0.2527802077067221,0.12703874130553447,0.09546286733436453,-0.06388699336319287,501.4700037265579,9.470003726557877,7,0.9700195959577202,2.842170943040401e-14,7.573518533878475e-16,7.4714487668303295,0.5530370117634273,7.470003726557848,0.5572059271412237
247,-31.366556528502056,0.507568018571583,0.2527718635368026,0.12703194595945067,0.09545702524855688,-0.06388210453766081,503.4757630556404,9.475763055640414,7,0.9757785194247566,0.0,7.634224198517152e-16,7.477202348723168,0.553048083037896,7.475763055640431,0.5572007879334975
248,-31.40446545018304,0.5075432792680856,0.2527635751179128,0.12702519965505524,0.09545122595130624,-0.0638772522475545,505.4814994407507,9.481499440750724,7,0.9815144804123834,0.0,7.695171488014239e-16,7.48293303394012,0.5530591973323877,7.481499440750713,0.5571958047726586
249,-31.44224594318029,0.507518715867186,0.252755341869335,0.1270185018485666,0.09544546896160368,-0.06387243607463763,507.4872130637601,9.487213063760123,7,0.9872276615663163,-2.842170943040401e-14,7.756360399613376e-16,7.488641003716496,0.5530703609875511,7.487213063760152,0.5571909823154509
250,-31.479898939077742,0.5074943264371169,0.2527471632185576,0.12701185200427048,0.09543975380570685,-0.06386765560713976,509.492904104359,9.492904104359013,7,0.9929182433596502,0.0,7.8177909305792515e-16,7.49432643711619,0.5530815799812905,7.492904104359019,0.557186324911006
251,-31.51742535908724,0.5074701090747687,0.25273903860112856,0.12700524959436837,0.09543408001700163,-0.06386291043963115,511.49857274009213,9.49857274009213,7,0.9985864041272174,2.842170943040401e-14,7.879463078197379e-16,7.499989511067299,0.5530928599325063,7.498572740092087,0.5571818366031414
252,-31.554826114204978,0.5074460619051563,0.25273096746051393,0.12699869409883066,0.09542844713586786,-0.06385820017290106,513.5042191463937,9.504219146393666,8,0.004232320099252007,2.842170943040401e-14,7.941376839773877e-16,7.505630400396999,0.5531042061052109,7.504219146393603,0.5571775211330419
253,-31.592102105362052,0.5074221830808955,0.25272294924795696,0.12699218500525236,0.09542285470954742,-0.06385352441383833,515.5098434966216,9.509843496621556,8,0.009856165434406705,0.0,8.003532212635256e-16,7.511249277865742,0.5531156234129955,7.509843496621569,0.5571733819422965
254,-31.62925422357788,0.5073984707816939,0.2527149834223424,0.1269857218087124,0.09541730229201575,-0.06384888277531488,517.5154459620913,9.515445962091349,8,0.015458112252122902,0.0,8.0659291941282265e-16,7.516846314200764,0.5531271164238294,7.515445962091345,0.557169422176275
255,-31.666283350102287,0.507374923213852,0.2527070694500627,0.12697930401163646,0.0954117894438563,-0.06384427487607189,519.5210267121086,9.52102671210855,8,0.021038330664358895,0.0,8.128567781619463e-16,7.5224216781289215,0.5531386893651689,7.521026712108565,0.5571656446878261
256,-31.703190356563688,0.5073515386097744,0.2526992068048868,0.1269729311236625,0.09540631573213754,-0.06383970034060832,521.5265859140014,9.52658591400143,8,0.026596988806723232,0.0,8.191447972495428e-16,7.527975536408874,0.5531503461293545,7.5265859140014255,0.5571620520412706
257,-31.73997610510886,0.5073283152274929,0.25269139496783166,0.1269666026615092,0.09540088073029267,-0.06383515879907198,523.5321237331523,9.532123733152275,8,0.03213425286898719,0.0,8.254569764162159e-16,7.533508053862629,0.5531620902792774,7.532123733152316,0.5571586465166811
258,-31.77664144854253,0.5073052513502001,0.25268363342703776,0.12696031814884834,0.09539548401800285,-0.06383064988715338,525.5376403330288,9.537640333028776,8,0.03765028712502172,0.0,8.31793315404508e-16,7.539019393406459,0.553173925054294,7.537640333028829,0.5571554301144178
259,-31.813187230462447,0.5072823452857926,0.25267592167764513,0.1269540771161785,0.09539012518108174,-0.06382617324598118,527.5431358752141,9.543135875214148,8,0.043145253962155294,0.0,8.381538139588804e-16,7.544509716081199,0.5531858533763707,7.543135875214163,0.557152404559917
260,-31.84961428539495,0.5072595953664246,0.25266825922167374,0.12694787910070332,0.09538480381136387,-0.0638217285220209,529.5486105194369,9.54861051943692,8,0.04861931390997576,0.0,8.445384718256944e-16,7.5499791810819605,0.5531978778564406,7.5486105194369175,0.5571495713086962
261,-31.885923438924433,0.507236999948072,0.2526606455679056,0.126941723646211,0.09537951950659469,-0.06381731536697517,531.5540644236003,9.554064423600266,8,0.0540726256685744,0.0,8.509472887531927e-16,7.555427945787233,0.5532100008009508,7.554064423600309,0.55714693155158
262,-31.92211550782595,0.5072145574101024,0.25265308023176863,0.12693561030295727,0.09537427187032314,-0.0638129334376862,533.5594977438109,9.55949774381088,8,0.05950534613627667,5.684341886080802e-14,8.573802644914814e-16,7.560856165787434,0.5532222242185878,7.559497743810819,0.5571444862201079
263,-31.95819130018566,0.50719226615486,0.2526455627352246,0.12692953862755046,0.0953690605117969,-0.06380858239604083,535.5649106344063,9.56491063440626,8,0.06491763043681509,0.0,8.638373987925107e-16,7.566263994912891,0.5532345498271594,7.564910634406253,0.5571422359921311
264,-31.99415161553253,0.5071701246072546,0.25263809260665765,0.12692350818283993,0.09536388504585973,-0.0638042619088774,537.5703032479832,9.570303247983247,8,0.0703096319460279,0.0,8.703186914100584e-16,7.571651585261256,0.5532469790606194,7.570303247983296,0.5571401812975614
265,-32.02999724495463,0.5071481312143624,0.25263066938076617,0.12691751853780578,0.09535874509285101,-0.06379997164789455,539.5756757354245,9.575675735424511,8,0.07568150231803017,0.0,8.768241420997125e-16,7.577019087224412,0.5532595130762186,7.5756757354244835,0.5571383223242696
266,-32.0657289712235,0.5071262844450325,0.2526232925984562,0.12691156926745167,0.09535364027850755,-0.06379571128956212,541.5810282459247,9.5810282459247,8,0.08103339151091049,0.0,8.833537506188509e-16,7.5823666495148245,0.5532721527617668,7.58102824592468,0.5571366590241179
267,-32.1013475689077,0.5071045827895048,0.25261596180673745,0.12690565995269984,0.09534857023386734,-0.06379148051503389,543.586360927017,9.58636092701704,8,0.08636544781194644,0.0,8.899075167266281e-16,7.587694419191397,0.553284898742989,7.586360927017027,0.5571351911191063
268,-32.13685380449216,0.507083024759034,0.2526086765586215,0.12689979018028844,0.09534353459517579,-0.0637872790100626,545.5916739245984,9.591673924598354,8,0.09167781786234741,0.0,8.964854401839562e-16,7.593002541684814,0.5532977513909667,7.591673924598389,0.5571339181076258
269,-32.172248436491394,0.5070616088855224,0.2526014364130214,0.12689395954267071,0.09533853300379345,-0.06378310646491606,547.5969673829544,9.596967382954404,8,0.09697064668155342,5.684341886080802e-14,9.030875207534887e-16,7.598291160822386,0.5533107108296442,7.596967382954317,0.5571328392707998
270,-32.20753221555942,0.5070403337211593,0.25259424093465377,0.12688816763791677,0.09533356510610615,-0.06377896257429579,549.6022414447835,9.602241444783544,8,0.10224407769107202,0.0,9.097137581996027e-16,7.603560418852427,0.5533237769433919,7.6022414447835125,0.5571319536789049
271,-32.242705884598784,0.50701919783807,0.2525870896939427,0.1268824140696169,0.0953286305534366,-0.06377484703725687,551.6074962512218,9.607496251221846,8,0.10749825273788893,0.0,9.163641522883855e-16,7.608810456468143,0.553336949384611,7.607496251221832,0.5571312601978572
272,-32.2777701788733,0.5069981998279696,0.25257998226692596,0.12687669844678767,0.09532372900195837,-0.06377075955712999,553.6127319418658,9.612731941865832,8,0.11273331211744875,0.0,9.23038702787616e-16,7.614041412831063,0.553350227581369,7.612731941865832,0.5571307574957525
273,-32.312725826107595,0.5069773383018258,0.252572918235162,0.12687102038377931,0.09531886011261134,-0.06376669984144459,555.6179486547959,9.617948654795896,8,0.11794939459621467,0.0,9.297374094667508e-16,7.619253425594032,0.5533636107450542,7.617948654795844,0.5571304440494476
274,-32.3475735465963,0.5069566118895288,0.25256589718564026,0.12686537950018512,0.09531402355101894,-0.0637626676018542,557.6231465265987,9.623146526598703,8,0.12314663743382503,5.684341886080802e-14,9.364602720969059e-16,7.624446630923737,0.5533770978780362,7.62314652659864,0.5571303181511765
275,-32.38231405330421,0.5069360192395661,0.25255891871069214,0.12685977542075344,0.0953092189874074,-0.06375866255406301,559.6283256923896,9.62832569238958,8,0.12832517640483765,0.0,9.432072904508432e-16,7.629621163522819,0.5533906877813262,7.628325692389617,0.5571303779151846
276,-32.41694805196546,0.5069155590187061,0.2525519824079037,0.12685420777530018,0.09530444609652618,-0.06375468441775399,561.6334862858346,9.633486285834579,8,0.1334851458201083,0.0,9.499784643029566e-16,7.634777156651556,0.5534043790622215,7.633486285834621,0.5571306212843771
277,-32.451476241185404,0.5068952299116869,0.2525450878800311,0.1268486761986244,0.09529970455757059,-0.06375073291651868,563.6386284391713,9.63862843917127,8,0.13862667854774813,0.0,9.567737934292528e-16,7.6399147421491325,0.5534181701419301,7.638628439171291,0.5571310460369657
278,-32.48589931253485,0.5068750306209122,0.25253823473491643,0.1268431803304249,0.0952949940541057,-0.06374680777778845,565.64375228323,9.643752283230015,8,0.1437499060337455,0.0,9.635932776073399e-16,7.645034050454492,0.5534320592631607,7.643752283230048,0.5571316497931135
279,-32.52021795064796,0.5068549598661531,0.2525314225854062,0.12683771981521885,0.09529031427399197,-0.06374290873276703,567.6488579474546,9.648857947454644,8,0.1488549583221932,0.0,9.704369166164111e-16,7.650135210626818,0.5534460444976754,7.648857947454662,0.5571324300215575
280,-32.55443283331274,0.5068350163842551,0.25252465104927024,0.12683229430226156,0.09528566490931212,-0.06373903551636459,569.6539455599224,9.653945559922363,8,0.15394196407517136,-5.684341886080802e-14,9.773047102372303e-16,7.655218350365605,0.5534601237537913,7.653945559922434,0.5571333840462126
281,-32.58854463156695,0.5068151989288527,0.2525179197491237,0.12682690344546843,0.09528104565629988,-0.06373518786713311,571.659015247364,9.659015247363982,8,0.15901105059227127,0.0,9.841966582521176e-16,7.660283596030349,0.5534742947838264,7.6590152473640085,0.5571345090527401
282,-32.62255400978792,0.5067955062700887,0.2525112283123491,0.12682154690333838,0.09527645621527002,-0.0637313655272033,573.6640671351829,9.664067135182904,8,0.16406234382977836,5.684341886080802e-14,9.911127604449358e-16,7.665331072659893,0.5534885551914837,7.664067135182797,0.5571358020950786
283,-32.65646162577913,0.5067759371943388,0.25250457637102075,0.1268162243388783,0.09527189629054962,-0.06372756824222232,575.6691013474741,9.669101347474111,8,0.16909596841952101,0.0,9.98053016601074e-16,7.670360903991371,0.5535029024391616,7.669101347474054,0.5571372601019289
284,-32.69026813085886,0.5067564905039427,0.2524979635618303,0.12681093541952973,0.0952673655904111,-0.06372379576129354,577.6741180070436,9.674118007043603,8,0.1741120476873892,0.0,1.0050174265074363e-15,7.675373212478824,0.5535173338551885,7.674118007043598,0.5571388798831823
285,-32.72397416994963,0.50673716501694,0.25249138952601363,0.12680567981709662,0.09526286382700631,-0.06372004783691684,579.6791172354261,9.679117235426133,8,0.17911070367151893,0.0,1.0120059899524265e-15,7.68036811931147,0.5535318466409767,7.679117235426154,0.5571406581362958
286,-32.757580381658876,0.5067179595668111,0.2524848539092794,0.12680045720767405,0.09525839071630203,-0.06371632422493045,581.6840991529035,9.684099152903514,8,0.18409205714018562,5.684341886080802e-14,1.0190187067259357e-15,7.6853457444316025,0.5535464378780818,7.684099152903407,0.5571425914525951
287,-32.79108739836458,0.5066988730022233,0.2524783563617386,0.12679526727157933,0.09525394597801665,-0.06371262468445398,583.6890638785217,9.689063878521665,8,0.18905622760935792,0.0,1.0260555766193247e-15,7.6903062065522,0.553561104535173,7.68906387852167,0.5571446763235127
288,-32.82449584629485,0.5066799041867831,0.25247189653783575,0.12679010969328391,0.09524952933555847,-0.06370894897783269,585.6940115301093,9.694011530109265,8,0.1940033333599711,0.0,1.0331165994254165e-15,7.695249623174165,0.5535758434749021,7.694011530109259,0.5571469091467457
289,-32.85780634561118,0.506661051998792,0.25246547409628156,0.12678498416134637,0.09524514051596489,-0.0637052968705826,587.6989422242935,9.698942224293546,8,0.19893349145489658,0.0,1.0402017749384782e-15,7.700176110603289,0.5535906514606674,7.698942224293539,0.5571492862323346
290,-32.891019510488036,0.5066423153310059,0.2524590886999855,0.12677989036834703,0.09524077924984256,-0.06370166813133699,589.7038560765176,9.703856076517582,8,0.20384681775561653,-5.684341886080802e-14,1.04731110295421e-15,7.705085783966862,0.5536055251632712,7.703856076517653,0.5571518038086571
291,-32.92413594918532,0.5066236930904039,0.25245274001599216,0.12677482801082393,0.09523644527130969,-0.06369806253179396,591.7087532010569,9.70875320105688,8,0.20874342693862147,-5.684341886080802e-14,1.054444583269732e-15,7.709978757230009,0.5536204611674649,7.708753201056952,0.5571544580283316
292,-32.957156264132784,0.5066051841979553,0.25244642771541587,0.12676979678920963,0.09523213831793807,-0.06369447984666467,593.7136337110351,9.713633711035072,8,0.2136234325115236,0.0,1.061602215683571e-15,7.71485514321172,0.5536354559783774,7.713633711035124,0.5571572449740246
293,-32.99008105200052,0.5065867875883964,0.25244015147337895,0.1267647964077697,0.0952278581306976,-0.06369091985362339,595.7184977184401,9.718497718440062,8,0.21848694682889835,0.0,1.0687839999956465e-15,7.71971505360057,0.5536505060278247,7.718497718440024,0.5571601606641666
294,-33.02291090377395,0.5065685022100088,0.2524339109689498,0.12675982657454204,0.0952236044539011,-0.06368738233325776,597.7233453341391,9.72334533413914,8,0.2233340811078559,-5.684341886080802e-14,1.0759899360072594e-15,7.724558598970191,0.5536656076804983,7.723345334139227,0.5571632010585602
295,-33.055646404828664,0.5065503270244022,0.25242770588508234,0.1267548870012772,0.09521937703515015,-0.06368386706902042,599.7281766678954,9.728176667895355,8,0.22816494544335697,5.684341886080802e-14,1.0832200235210807e-15,7.729385888794412,0.5536807572400271,7.728176667895293,0.5571663620638906
296,-33.088288134999,0.5065322610063024,0.25242153590855654,0.12674997740338056,0.09521517562528253,-0.0636803738471817,601.7329918283808,9.732991828380818,8,0.23297964882326738,0.0,1.0904742623411346e-15,7.734197031462186,0.5536959509549138,7.732991828380767,0.5571696395391265
297,-33.12083666865217,0.5065143031433436,0.2524154007299209,0.12674509749985474,0.0952109999783203,-0.06367690245678298,603.7377909231928,9.737790923192847,8,0.23777829914315873,0.0,1.0977526522727912e-15,7.738992134292193,0.5537111850243404,7.737790923192896,0.5571730293008116
298,-33.15329257475542,0.5064964524358617,0.2524093000434342,0.12674024701324332,0.09520684985141868,-0.06367345268959113,605.7425740588682,9.742574058868172,8,0.2425610032208656,5.684341886080802e-14,1.1050551931227514e-15,7.74377130354722,0.5537264556038426,7.742574058868096,0.557176527128246
299,-33.18565641694624,0.5064787078966957,0.2524032335470101,0.1267354256695761,0.09520272500481643,-0.06367002434005382,607.7473413408961,9.747341340896128,8,0.24732786681080476,0.0,1.1123818846990336e-15,7.74853464444827,0.5537417588108523,7.747341340896159,0.5571801287685542
300,-33.217928753597185,0.5064610685509902,0.25239720094216184,0.126730633198315,0.09519862520178687,-0.06366661720525589,609.7520928737341,9.752092873734114,8,0.2520789946180386,-5.684341886080802e-14,1.1197327268109661e-15,7.753282261188417,0.5537570907301035,7.752092873734197,0.5571838299416376
301,-33.25011013788449,0.5064435334360018,0.2523912019339478,0.12672586933230048,0.09519455020858965,-0.06366323108487605,611.7568287608203,9.756828760820326,8,0.25681449031214143,0.0,1.127107719269171e-15,7.758014256946423,0.5537724474189045,7.756828760820365,0.5571876263450084
302,-33.282201117853404,0.5064261016009105,0.252385236230919,0.12672113380770036,0.09519049979442404,-0.06365986578114531,613.7615491045873,9.761549104587289,8,0.26153445654079555,0.0,1.1345068618855534e-15,7.762730733900111,0.5537878249122714,7.761549104587311,0.5571915136585096
303,-33.3142022364807,0.5064087721066332,0.25237930354506594,0.12671642636395716,0.09518647373138217,-0.06365652109880497,615.7662540064755,9.766254006475492,8,0.2662389949432029,5.684341886080802e-14,1.1419301544732906e-15,7.767431793239505,0.5538032192279267,7.766254006475415,0.5571954875489102
304,-33.34611403173839,0.5063915440256409,0.2523734035917681,0.1267117467437393,0.09518247179440413,-0.06365319684506685,617.7709435669458,9.770943566945789,8,0.27092820616324964,0.0,1.149377596846819e-15,7.772117535179742,0.5538186263711572,7.770943566945787,0.5571995436743847
305,-33.37793703665618,0.5063744164417814,0.25236753608974344,0.12670709469289196,0.09517849376123358,-0.06364989282957358,619.775617885493,9.775617885493034,8,0.2756021898624681,0.0,1.1568491888218252e-15,7.776788058973747,0.5538340423395351,7.775617885493037,0.5572036776888684
306,-33.4096717793837,0.5063573884501017,0.2523617007609988,0.12670246996038653,0.0951745394123734,-0.06364660886435886,621.7802770606578,9.780277060657795,8,0.2802610447327947,0.0,1.164344930215231e-15,7.7814434629247105,0.5538494631274998,7.780277060657833,0.5572078852462929
307,-33.44131878324913,0.5063404591566757,0.2523558973307811,0.1266978722982756,0.09517060853104357,-0.0636433447638103,623.7849211900392,9.7849211900392,8,0.28490486850910024,0.0,1.1718648208451858e-15,7.786083844398325,0.5538648847308016,7.784921190039227,0.5572121620046977
308,-33.4728785668182,0.5063236276784371,0.25235012552753044,0.1266933014616451,0.0951667009031389,-0.06364010034463163,625.7895503703069,9.78955037030687,8,0.28953375798154646,5.684341886080802e-14,1.1794088605310517e-15,7.790709299834835,0.5538803031508068,7.789550370306788,0.5572165036302219
309,-33.504351643956056,0.50630689314301,0.25234438508283213,0.12668875720856937,0.09516281631718779,-0.06363687542580639,627.7941646972125,9.794164697212523,8,0.29414780900772186,0.0,1.1869770490933943e-15,7.795319924760858,0.5538957143986636,7.794164697212513,0.5572209058009703
310,-33.53573852387975,0.5062902546885489,0.2523386757313716,0.12668423930006228,0.09515895456431085,-0.06363366982855988,629.7987642656025,9.798764265602472,8,0.2987471165245861,-5.684341886080802e-14,1.1945693863539724e-15,7.799915813801019,0.5539111144993313,7.7987642656025375,0.5572253642107589
311,-33.567039711219905,0.5062737114635762,0.2523329972108881,0.126679747500038,0.09515511543818239,-0.06363048337632653,631.8033491694287,9.803349169428657,8,0.3033317745602382,0.0,1.2021858721357262e-15,7.804497060689382,0.5539264994954727,7.803349169428656,0.5572298745727383
312,-33.598255706071114,0.5062572626268272,0.25232734926213196,0.12667528157526936,0.09515129873499202,-0.06362731589471607,633.8079195017596,9.807919501759557,8,0.30790187624547727,-5.684341886080802e-14,1.2098265062627646e-15,7.809063758280695,0.5539418654512098,7.807919501759633,0.5572344326228941
313,-33.629387004051914,0.5062409073470935,0.2523217316288187,0.1266708412953335,0.09514750425340289,-0.0636241672114738,635.8124753547924,9.812475354792355,8,0.31245751382519593,0.0,1.2174912885603586e-15,7.813615998561428,0.5539572084557415,7.8124753547923405,0.5572390341234268
314,-33.660434096356596,0.5062246448030735,0.25231614405758795,0.12666642643258233,0.09514373179451764,-0.0636210371564533,637.8170168198627,9.817016819862715,8,0.3169987786695856,0.0,1.2251802188549263e-15,7.818153872660643,0.5539725246268319,7.817016819862696,0.5572436748660092
315,-33.691397469809296,0.5062084741832226,0.25231058629796077,0.1266620367621008,0.09513998116184129,-0.06361792556158354,639.8215439874564,9.82154398745638,8,0.3215257612851641,0.0,1.2328932969740242e-15,7.82267747086068,0.5539878101141601,7.821543987456419,0.5572483506749273
316,-33.7222776069122,0.5061923946856072,0.2523050581022975,0.12665767206165318,0.09513625216124125,-0.06361483226083024,641.8260569472196,9.826056947219627,8,0.32603855132563453,0.0,1.2406305227463383e-15,7.827186882607657,0.5540030611025407,7.826056947219618,0.5572530574100959
317,-33.75307498590455,0.5061764055177614,0.2522995592257579,0.12665333211166202,0.09513254460091686,-0.06361175709017364,643.8305557879692,9.83055578796916,8,0.33053723760257014,0.0,1.2483918960016705e-15,7.831682196521801,0.5540182738150125,7.830555787969191,0.557257790969962
318,-33.783790080807634,0.5061605058965468,0.2522940894262609,0.126649016695151,0.09512885829135953,-0.06360869988756859,645.835040597703,9.835040597703028,8,0.33502190809593557,0.0,1.2561774165709308e-15,7.836163500407617,0.5540334445157972,7.835040597703063,0.5572625472942868
319,-33.81442336147921,0.5061446950480123,0.2522886484644452,0.12664472559772463,0.09512519304532323,-0.06360566049292331,647.8395114636103,9.839511463610279,8,0.33949264996444484,0.0,1.263987084286126e-15,7.840630881263868,0.5540485695131305,7.839511463610256,0.5572673223668118
320,-33.84497529365799,0.5061289722072602,0.25228323610363035,0.12664045860751383,0.09512154867778617,-0.06360263874806128,649.8439684720809,9.84396847208086,8,0.34394954955574875,5.684341886080802e-14,1.2718208989803492e-15,7.8450844252934235,0.554063645161968,7.843968472080781,0.5572721122178116
321,-33.87544633901619,0.5061133366183118,0.2522778521097793,0.1266362155151476,0.09511792500592026,-0.06359963449669637,651.8484117087154,9.848411708715389,8,0.34839269241647663,0.0,1.27967886048777e-15,7.849524217912917,0.5540786678665632,7.848411708715387,0.5572769129265318
322,-33.90583695520676,0.5060977875339766,0.25227249625146064,0.126631996113715,0.09511432184905785,-0.0635966475844035,653.8528412583352,9.852841258335161,8,0.35282216330212,0.0,1.287560968643626e-15,7.853950343762268,0.5540936340829254,7.852841258335142,0.557281720623513
323,-33.93614759590768,0.5060823242157232,0.2522671682998119,0.1266278001987299,0.09511073902866009,-0.06359367785859067,655.8572572049908,9.857257204990788,8,0.3572380461867617,-5.684341886080802e-14,1.29546722328421e-15,7.858362886714046,0.5541085403211545,7.857257204990866,0.5572865314928059
324,-33.96637871087471,0.5060669459335513,0.2522618680285043,0.12662362756810294,0.09510717636828743,-0.06359072516847505,657.8616596319723,9.861659631972316,8,0.36164042427265564,-5.684341886080802e-14,1.3033976242468637e-15,7.8627619298826765,0.5541233831476579,7.861659631972404,0.5572913417740769
325,-33.99653074598046,0.5060516519658721,0.25225659521370514,0.12661947802208073,0.09510363369356156,-0.06358778936504265,659.8660486218178,9.866048621817754,8,0.36602937999965945,0.0,1.3113521713699655e-15,7.867147555633506,0.5541381591872466,7.866048621817754,0.5572961477646035
326,-34.02660414326162,0.5060364415993801,0.25225134963404605,0.1266153513632534,0.09510011083214659,-0.0635848703010427,661.8704242563222,9.870424256322167,8,0.3704049950545336,5.684341886080802e-14,1.3193308644929205e-15,7.871519845591736,0.5541528651251214,7.870424256322063,0.5573009458211636
327,-34.0565993409665,0.5060213141289381,0.2522461310705855,0.12661124739647767,0.09509660761370724,-0.06358196783093954,663.8747866165464,9.87478661654643,8,0.374767350380079,0.0,1.327333703456152e-15,7.875878880651184,0.5541674977087384,7.874786616546457,0.5573057323618247
328,-34.08651677359619,0.5060062688574566,0.25224093930677693,0.12660716592887344,0.09509312386988769,-0.06357908181090187,665.8791357828268,9.87913578282678,8,0.37911652618415737,0.0,1.3353606881010942e-15,7.880224740982942,0.5541820537495692,7.879135782826751,0.5573105038676233
329,-34.11635687194637,0.5059913050957777,0.2522357741284363,0.1266031067697895,0.0950896594342823,-0.06357621209877655,667.8834718347821,9.883471834782085,8,0.38345260194856223,5.684341886080802e-14,1.3434118182701785e-15,7.884557506043874,0.5541965301247478,7.883471834782014,0.5573152568841455
330,-34.14612006315506,0.5059764221625646,0.2522306353237063,0.12659906973074897,0.09508621414240104,-0.06357335855405247,669.887794851323,9.887794851322951,8,0.3877756564377606,-5.684341886080802e-14,1.3514870938068257e-15,7.8888772545849974,0.5542109237786111,7.887794851323009,0.5573199880230127
331,-34.17580677073648,0.5059616193841843,0.2522255226830285,0.1265950546254482,0.09508278783165018,-0.06357052103785138,671.8921049106606,9.892104910660578,8,0.39208576770750625,5.684341886080802e-14,1.3595865145554409e-15,7.893184064659729,0.5542252317241358,7.892104910660487,0.5573246939632617
332,-34.20541741463081,0.5059468960946023,0.2522204359991084,0.12659106126970618,0.09507938034129926,-0.06356769941289409,673.8964020903134,9.896402090313359,8,0.39638301311331325,0.0,1.3677100803613966e-15,7.897478013631991,0.554239451044269,7.896402090313364,0.5573293714526356
333,-34.23495241124073,0.5059322516352736,0.25221537506688596,0.12658708948143113,0.0950759915124538,-0.06356489354347546,675.9006864671168,9.90068646711677,8,0.400667469318817,0.0,1.3758577910710306e-15,7.901759178184219,0.5542535788931607,7.900686467116772,0.5573340173087764
334,-34.264412173469495,0.5059176853550337,0.25221033968350487,0.1265831390806177,0.09507262118803575,-0.06356210329545488,677.90495811723,9.904958117229967,8,0.40493921230400787,0.0,1.3840296465316336e-15,7.906027634325223,0.5542676124972966,7.904958117229989,0.5573386284203293
335,-34.293797110766654,0.5059031966099985,0.25220532964828285,0.12657920988928187,0.09506926921274846,-0.06355932853621578,679.9092171161442,9.909217116144191,8,0.40919831737332757,0.0,1.3922256465914412e-15,7.910283457397954,0.5542815491565349,7.909217116144228,0.5573432017479539
336,-34.32310762916261,0.5058887847634576,0.25220034476268116,0.12657530173146125,0.09506593543305847,-0.06355656913465782,681.9134635386904,9.913463538690394,8,0.41344485916366835,0.0,1.4004457910996248e-15,7.9145267220871185,0.5542953862450478,7.913463538690345,0.5573477343252494
337,-34.35234413130493,0.5058744491857764,0.2521953848302769,0.12657141443316602,0.0950626196971654,-0.06355382496116484,683.9176974590464,9.917697459046394,8,0.4176789116522386,0.0,1.4086900799062823e-15,7.918757502426715,0.5543091212121722,7.9176974590463916,0.5573522232595921
338,-34.38150701650484,0.5058601892542953,0.25219044965673343,0.1265675478223724,0.09505932185498255,-0.06355109588759414,685.9219189507451,9.921918950745066,8,0.4219005481643183,0.0,1.4169585128624316e-15,7.922975871807433,0.5543227515831712,7.9219189507450825,0.5573566657328906
339,-34.41059668076382,0.5058460043532329,0.2521855390497728,0.12656370172896703,0.09505604175810574,-0.06354838178724113,687.9261280866812,9.92612808668116,8,0.4261098413809066,0.0,1.4252510898199997e-15,7.927181902983955,0.5543362749599052,7.9261280866811425,0.5573610590022564
340,-34.43961351681861,0.5058318938735897,0.25218065281914775,0.12655987598476123,0.09505277925979974,-0.0635456825348394,689.9303249391186,9.930324939118577,8,0.430306863346237,0.0,1.433567810631815e-15,7.9313756680821434,0.5543496890214225,7.930324939118531,0.5573654004005971
341,-34.468557914175356,0.5058178572130544,0.25217579077661506,0.12655607042341024,0.0950495342149613,-0.06354299800651318,691.9345095796975,9.934509579697533,8,0.43449168547521033,0.0,1.4419086751515986e-15,7.935557238606118,0.5543629915244619,7.9345095796975835,0.5573696873371303
342,-34.49743025914409,0.5058038937759102,0.2521709527359084,0.12655228488043077,0.09504630648010712,-0.06354032807977922,693.9386820794421,9.93868207944206,8,0.43866437856070384,0.0,1.4502736832339583e-15,7.939726685445251,0.5543761803038795,7.938682079442035,0.5573739172978205
343,-34.52623093487441,0.5057900029729451,0.2521661385127118,0.1265485191931772,0.0950430959133517,-0.06353767263352815,695.9428425087659,9.94284250876592,8,0.4428250127807729,0.0,1.4586628347343757e-15,7.943884078881027,0.5543892532729934,7.942842508765934,0.5573780878457435
344,-34.554960321390986,0.5057761842213615,0.25216134792463435,0.12654477320076685,0.0950399023743726,-0.06353503154798035,697.9469909374806,9.946990937480564,8,0.4469736577057599,5.684341886080802e-14,1.4670761295092032e-15,7.948029488593827,0.5544022084238529,7.946990937480472,0.5573821966213768
345,-34.58361879562747,0.5057624369446881,0.2521565807911846,0.12654104674411215,0.09503672572440294,-0.06353240470469554,699.9511274348007,9.951127434800696,8,0.45111038230528244,0.0,1.475513567415651e-15,7.952162983669609,0.5544150438274364,7.9511274348006955,0.5573862413428232
346,-34.61220673146244,0.5057487605726928,0.252151836933745,0.12653733966586722,0.0950335658262027,-0.06352979198653974,701.9552520693521,9.955252069352127,8,0.4552352549551504,0.0,1.4839751483117838e-15,7.956284632606495,0.5544277576337735,7.955252069352144,0.5573902198059623
347,-34.64072449974959,0.5057351545412978,0.25214711617554797,0.1265336518104094,0.0950304225440389,-0.06352719327766966,703.9593649091773,9.959364909177339,8,0.45934834344414455,0.0,1.492460872056509e-15,7.96039450332125,0.5544403480720013,7.95936490917736,0.557394129884538
348,-34.6691724683508,0.5057216182924965,0.2521424183416509,0.12652998302381102,0.09502729574366345,-0.06352460846351239,705.9634660217424,9.96346602174242,8,0.46344971498074194,5.684341886080802e-14,1.5009707385095712e-15,7.964492663155687,0.5544528134503498,7.96346602174235,0.5573979695301832
349,-34.697551002173334,0.5057081512742717,0.25213774325891214,0.1265263331538396,0.09502418529229888,-0.06352203743075961,707.9675554739429,9.967555473942866,8,0.4675394361997043,0.0,1.5095047475315421e-15,7.968579178882965,0.5544651521560664,7.967555473942902,0.5574017367723799
350,-34.725860463195694,0.5056947529405101,0.25213309075596907,0.12652270204988744,0.09502109105860623,-0.0635194800673263,709.9716333321109,9.971633332110855,8,0.47161757316860786,0.0,1.5180628989838171e-15,7.972654116713825,0.5544773626552728,7.971633332110864,0.5574054297183595
351,-34.75410121050474,0.5056814227509273,0.25212846066321337,0.1265190895629956,0.09501801291267692,-0.06351693626235697,711.9756996620202,9.975699662020247,8,0.4756841913942509,0.0,1.5266451927286018e-15,7.976717542302687,0.5544894434927634,7.975699662020291,0.5574090465529469
352,-34.78227360032067,0.5056681601709898,0.25212385281276756,0.12651549554581645,0.09501495072600902,-0.06351440590620125,713.9797545288936,9.979754528893636,8,0.4797393558290004,5.684341886080802e-14,1.5352516286289104e-15,7.980769520753724,0.5545013932917457,7.979754528893539,0.5574125855383456
353,-34.81037798603492,0.5056549646718318,0.2521192670384656,0.12651191985258245,0.09501190437148667,-0.06351188889039261,715.9837979974072,9.983797997407237,8,0.4837831308770184,0.0,1.5438822065485513e-15,7.984810116626813,0.5545132107535224,7.983797997407251,0.5574160450138704
354,-34.83841471823478,0.5056418357301857,0.25211470317582757,0.12650836233909002,0.09500887372336168,-0.0635093851076349,717.9878301316983,9.987830131698274,8,0.48781558040042583,0.0,1.5525369263521276e-15,7.9888393939434,0.5545248946571184,7.987830131698272,0.557419423395627
355,-34.866384144738646,0.5056287728283042,0.25211016106203954,0.12650482286268752,0.09500585865723771,-0.06350689445179086,719.9918509953695,9.991850995369532,8,0.49183676772537055,0.0,1.5612157879050246e-15,7.992857416192319,0.5545364438588578,7.991850995369477,0.55742271917614
356,-34.894286610616646,0.5056157754538871,0.2521056405359324,0.1265013012822411,0.09500285905004865,-0.06350441681785977,721.9958606514955,9.99586065149549,8,0.49584675564800484,0.0,1.5699187910734018e-15,7.996864246335491,0.5545478572918866,7.99586065149552,0.5574259309239327
357,-34.922122458232785,0.5056028431000094,0.2521011414379599,0.1264977974581227,0.09499987478004279,-0.06350195210196628,723.9998591626285,9.999859162628468,8,0.4998456064403918,0.0,1.5786459357241905e-15,8.000859946813573,0.5545591339656506,7.999859162628508,0.557429057283062
358,-34.9498920272617,0.5055899752650498,0.2520966636101785,0.12649431125218621,0.09499690572676416,-0.06349950020134337,726.0038465908036,10.003846590803619,8,0.5038333818563228,0.0,1.5873972217250824e-15,8.004844579551513,0.5545702729653232,8.003846590803592,0.5574320969726038
359,-34.97759565472177,0.505577171452621,0.252092206896227,0.12649084252775442,0.094993951771037,-0.06349706101432077,728.0078229975445,10.007822997544508,8,0.5078101431370516,0.0,1.5961726489445238e-15,8.008818205964046,0.5545812734511913,8.007822997544483,0.5574350487860991
360,-35.005233675007446,0.5055644311715006,0.2520877711413059,0.12648739114958785,0.0949910127949456,-0.06349463444030454,730.0117884438689,10.011788443868909,8,0.5117759510169559,0.0,1.6049722172517091e-15,8.012780886961101,0.5545921346579954,8.011788443868895,0.5574379115909561
361,-35.032806419908916,0.5055517539355628,0.2520833561921582,0.12648395698387432,0.09498808868181978,-0.06349222037976697,732.0157429902939,10.015742990293916,8,0.5157308657291182,0.0,1.6137959265165741e-15,8.01673268295315,0.5546028558942316,8.01574299029392,0.5574406843278132
362,-35.06031421864412,0.5055391392637132,0.25207896189704976,0.1264805398982102,0.09498517931621837,-0.06348981873423253,734.0196866968413,10.01968669684129,8,0.5196749470108237,0.0,1.6226437766097872e-15,8.020673653856468,0.554613436541413,8.019686696841307,0.5574433660098641
363,-35.08775739788492,0.5055265866798199,0.2520745881057499,0.12647713976156824,0.09498228458390956,-0.06348742940625697,736.0236196230427,10.023619623042691,8,0.5236082541090017,0.0,1.6315157674027462e-15,8.024603859098342,0.5546238760532929,8.02361962304272,0.5574459557221458
364,-35.11513628178244,0.5055140957126524,0.25207023466951295,0.1264737564443001,0.09497940437186005,-0.0634850522994242,738.0275418279448,10.027541827944788,8,0.5275308457855648,-5.684341886080802e-14,1.640411898767568e-15,8.0285233576222,0.5546341739550537,8.027541827944864,0.557448452620791
365,-35.14245119199647,0.5055016658958172,0.2520659014410589,0.1264703898181119,0.0949765385682176,-0.06348268731832947,740.0314533701146,10.031453370114605,8,0.531442780322708,0.0,1.6493321705770842e-15,8.03243220789267,0.5546443298424624,8.0314533701146,0.5574508559322496
366,-35.169702447717,0.5054892967676919,0.2520615882745559,0.12646703975603124,0.09497368706229188,-0.06348033436855849,742.035354307644,10.035354307643956,8,0.5353441155280994,0.0,1.658276582704833e-15,8.036330467900582,0.5546543433809914,8.035354307643942,0.5574531649524768
367,-35.196890365691615,0.5054769878713681,0.25205729502560187,0.12646370613240954,0.09497084974454403,-0.06347799335668419,744.039244698155,10.039244698155017,8,0.539234908740033,0.0,1.6672451350250541e-15,8.04021819516791,0.5546642143049125,8.039244698155034,0.5574553790460899
368,-35.224015260253786,0.5054647387545878,0.2520530215512064,0.12646038882289465,0.0949680265065691,-0.06347566419024891,746.043124598805,10.04312459880498,8,0.5431152168324918,0.0,1.6762378274126822e-15,8.04409544675262,0.5546739424163583,8.043124598805031,0.5574574976455007
369,-35.25107744333969,0.5054525489696844,0.25204876770977386,0.12645708770441552,0.0949652172410816,-0.06347334677775245,748.046994066291,10.04699406629095,8,0.5469850962201601,0.0,1.6852546597433398e-15,8.047962279253493,0.5546835275843585,8.046994066290939,0.557459520250016
370,-35.278077224525084,0.5054404180735239,0.25204453336108573,0.1264538026551666,0.09496242184190135,-0.06347104102864014,750.0508531568544,10.050853156854373,8,0.5508446028633394,0.0,1.6942956318933312e-15,8.05181874881487,0.5546929697438514,8.050853156854362,0.5574614464249171
371,-35.305014911033524,0.5054283456274475,0.2520403183662838,0.12645053355459054,0.09495964020393872,-0.06346874685329017,752.0547019262862,10.054701926286157,8,0.5546937922728343,-5.684341886080802e-14,1.7033607437396357e-15,8.055664911131316,0.5547022688946676,8.05470192628622,0.5574632758005095
372,-35.3318908077767,0.505416331197213,0.2520361225878532,0.12644728028336202,0.09495687222318061,-0.06346646416300157,754.0585404299314,10.05854042993144,8,0.5585327195147514,0.0,1.7124499951599043e-15,8.059500821452271,0.5547114251004958,8.058540429931401,0.5574650080711575
373,-35.3587052173659,0.5054043743529407,0.2520319458896065,0.12644404272337256,0.09495411779667684,-0.06346419286998264,756.0623687226933,10.06236872269335,8,0.562361439215227,0.0,1.7215633860324496e-15,8.063326534586592,0.5547204384878237,8.062368722693316,0.5574666429942898
374,-35.38545844014363,0.5053924746690561,0.25202778813666643,0.1264408207577137,0.09495137682252597,-0.06346193288733877,758.0661868590385,10.066186859038453,8,0.5661800055651227,0.0,1.730700916236242e-15,8.067142104907074,0.5547293092448611,8.066186859038464,0.5574681803893913
375,-35.412150774197976,0.5053806317242373,0.25202364919545134,0.12643761427066277,0.09494864919986232,-0.06345968412906143,760.0699948930009,10.069994893000853,8,0.5699884723246207,0.0,1.7398625856509043e-15,8.070947586354892,0.5547380376204438,8.069994893000866,0.5574696201369718
376,-35.43878251539245,0.5053688451013596,0.25201952893365787,0.12643442314766656,0.09494593482884221,-0.06345744651001642,762.0737928781865,10.07379287818651,8,0.5737868928277923,0.0,1.7490483941567043e-15,8.074743032444006,0.554746623922922,8.073792878186506,0.5574709621775212
377,-35.465353957389276,0.5053571143874445,0.2520154272202468,0.12643124727532715,0.09494323361063134,-0.06345521994593309,764.0775808677777,10.07758086777767,8,0.5775753199870852,0.0,1.75825834163455e-15,8.078528496265491,0.5547550685190297,8.077580867777673,0.557472206510445
378,-35.491865391663474,0.5053454391736063,0.2520113439254269,0.1264280865413869,0.09494054544739172,-0.0634530043533932,766.0813589145373,10.081358914537304,8,0.5813538062977521,0.0,1.7674924279659831e-15,8.082304030491832,0.5547633718327453,8.081358914537265,0.5574733531929886
379,-35.51831710752931,0.5053338190550012,0.2520072789206399,0.12642494083471353,0.09493787024226885,-0.06345079964981994,768.0851270708131,10.085127070813087,8,0.585122403842238,0.0,1.7767506530331743e-15,8.086069687381142,0.5547715343441334,8.085127070813044,0.5574744023391449
380,-35.54470939216825,0.5053222536307778,0.25200323207854625,0.12642181004528658,0.09493520789937968,-0.06344860575346775,770.0888853885418,10.088885388541826,8,0.5888811642944916,0.0,1.7860330167189163e-15,8.089825518781366,0.5547795565881787,8.088885388541833,0.557475354118552
381,-35.5710425306392,0.5053107425040256,0.25199920327300973,0.12641869406418246,0.09493255832379976,-0.06344642258341135,772.0926339192536,10.092633919253558,8,0.5926301389242248,-5.684341886080802e-14,1.79533951890662e-15,8.093571576134387,0.5547874391536078,8.092633919253647,0.5574762087553775
382,-35.597316805903645,0.5052992852817282,0.2519951923790836,0.12641559278356118,0.09492992142155166,-0.06344425005953573,774.0963727140759,10.09637271407587,8,0.5963693786011319,0.0,1.804670159480309e-15,8.097307910480119,0.5547951826817019,8.09637271407581,0.5574769665271948
383,-35.62353249885119,0.5052878815747135,0.251991199272996,0.12641250609665255,0.09492729709959266,-0.06344208810252601,776.100101823737,10.100101823736964,8,0.6000989337990283,0.0,1.8140249383246095e-15,8.101034572460533,0.5548027878651007,8.100101823736981,0.557477627763849
384,-35.649689888311634,0.5052765309976066,0.2519872238321364,0.1264094338977423,0.09492468526580337,-0.06343993663385727,778.1038212985711,10.10382129857112,8,0.6038188545999592,0.0,1.8234038553247532e-15,8.104751612323634,0.5548102554466003,8.10382129857115,0.5574781928463152
385,-35.6757892510863,0.5052652331687842,0.2519832659350413,0.12640637608215952,0.09492208582897586,-0.06343779557578486,780.1075311885215,10.107531188521534,8,0.6075291906982372,-5.684341886080802e-14,1.8328069103665644e-15,8.108459079927398,0.5548175862179441,8.10753118852159,0.5574786622055493
386,-35.70183086195408,0.5052539877103261,0.2519793254613806,0.1264033325462628,0.09491949869880237,-0.0634356648513346,782.1112315431449,10.111231543144868,8,0.6112299914044463,5.684341886080802e-14,1.8422341033364608e-15,8.11215702474365,0.5548247810186081,8.111231543144754,0.557479036321335
387,-35.72781499370469,0.5052427942479728,0.25197540229194504,0.1264003031874279,0.09491692378586422,-0.06343354438429327,784.1149224116142,10.114922411614202,8,0.6149213056493732,5.684341886080802e-14,1.851685434121441e-15,8.115845495861912,0.5548318407345848,8.11492241161412,0.5574793157211225
388,-35.753741917148325,0.505231652411078,0.2519714963086318,0.12639728790403493,0.0949143610016206,-0.06343143409919928,786.118603842724,10.118603842724042,8,0.6186031819879041,0.0,1.8611609026090867e-15,8.11952454199318,0.5548387662971601,8.118603842723996,0.5574795009788668
389,-35.77961190113969,0.5052205618325664,0.2519676073944324,0.12639428659545565,0.09491181025839776,-0.06342933392133329,788.1222758848934,10.122275884893384,8,0.6222756686028657,5.684341886080802e-14,1.870660508687556e-15,8.123194211473685,0.5548455586816916,8.122275884893282,0.5574795927138598
390,-35.80542521259638,0.5052095221488899,0.25196373543341943,0.12639129916204148,0.09490927146937833,-0.0634272437767092,790.1259385861691,10.125938586169127,8,0.6259388133088244,-5.684341886080802e-14,1.8801842522455724e-15,8.12685455226859,0.5548522189063845,8.125938586169186,0.557479591589563
391,-35.831182116519855,0.5051985329999842,0.25195988031073396,0.126388325505111,0.09490674454859069,-0.06342516359206503,792.1295919942309,10.12959199423085,8,0.6295926635558224,0.0,1.8897321331724302e-15,8.130505611975643,0.5548587480310654,8.129591994230887,0.5574794983124355
392,-35.85688287600682,0.5051875940292271,0.25195604191257304,0.1263853655269383,0.09490422941089852,-0.06342309329485418,794.1332361563932,10.133236156393195,8,0.6332372664330794,0.0,1.89930415135798e-15,8.1341474378288,0.5548651471559607,8.133236156393165,0.557479313630766
393,-35.88252775227587,0.5051767048833976,0.2519522201261775,0.12638241913074105,0.09490172597199073,-0.06342103281323674,796.13687111961,10.136871119609964,8,0.6368726686726394,0.0,1.908900306692628e-15,8.137780076701791,0.5548714174204725,8.136871119609976,0.5574790383335012
394,-35.908117004680825,0.5051658652126338,0.2519484148398199,0.1263794862206689,0.0948992341483712,-0.06341898207607075,798.1404969304781,10.140496930478093,8,0.6404989166529838,5.684341886080802e-14,1.918520599067333e-15,8.141403575111662,0.5548775600019589,8.140496930478008,0.5574786732490769
395,-35.93365089072999,0.5051550746703931,0.25194462594279193,0.12637656670179206,0.09489675385734879,-0.06341694101290382,800.1441136352402,10.14411363524016,8,0.6441160564025825,0.0,1.9281650283735976e-15,8.145017979222242,0.5548835761145163,8.144113635240164,0.557478219244251
396,-35.95912966610576,0.5051443329134134,0.25194085332539407,0.12637366048009013,0.09489428501702787,-0.06341490955396493,802.147721279789,10.147721279789039,8,0.6477241336034094,0.0,1.9378335945034676e-15,8.148623334847619,0.5548894670077668,8.147721279789026,0.5574776772229402
397,-35.98455358467443,0.5051336396016717,0.25193709687892196,0.12637076746244064,0.09489182754629806,-0.06341288763015586,804.1513199096703,10.151319909670292,8,0.6513231935944184,0.0,1.9475262973495234e-15,8.152219687455524,0.5548952339656482,8.151319909670281,0.5574770481250566
398,-36.009922898516336,0.505122994398348,0.25193335649565685,0.12636788755660866,0.09488938136482541,-0.06341087517304353,806.154909570086,10.154909570086033,8,0.654913281374963,0.0,1.9572431368048787e-15,8.155807082170721,0.5549008783052105,8.154909570086083,0.5574763329253523
399,-36.035237857932415,0.5051123969697854,0.2519296320688531,0.12636502067123553,0.09488694639304242,-0.06340887211485169,808.1584903058985,10.158490305898454,8,0.6584944416081857,0.0,1.966984112763175e-15,8.159385563778322,0.5549064013754182,8.1584903058984,0.557475532632266
400,-36.060498711463644,0.5051018469854539,0.25192592349272747,0.12636216671582853,0.0948845225521392,-0.06340687838845317,810.1620621616323,10.16206216163232,8,0.6620667186243612,0.0,1.976749225118576e-15,8.162955176727081,0.5549118045559582,8.162062161632319,0.5574746482867767
401,-36.0857057059078,0.5050913441179127,0.2519222306624481,0.1263593256007502,0.09488210976405412,-0.06340489392736219,812.1656251814793,10.1656251814793,8,0.6656301564241929,0.0,1.9865384737657636e-15,8.166515965132657,0.5549170892560558,8.165625181479296,0.5574736809612617
402,-36.11085908633981,0.5050808880427737,0.25191855347412356,0.12635649723720818,0.09487970795146493,-0.0634029186657266,814.1691794093003,10.169179409300341,8,0.6691847986820747,0.0,1.996351858599936e-15,8.17006797278082,0.5549222569132974,8.169179409300387,0.5574726317583617
403,-36.13595909612205,0.5050704784386663,0.2519148918247926,0.126353681537245,0.09487731703777996,-0.06340095253832052,816.1727248886294,10.172724888629432,8,0.672730688749315,0.0,5.015473448792001e-16,8.17361124313064,0.5549273089924626,8.172724888629437,0.5574715018098537
404,-36.16100597692455,0.505060114987201,0.25191124561241285,0.12635087841372802,0.09487493694712931,-0.06339899548053682,818.1762616626762,10.176261662676211,8,0.676267869657309,0.0,5.040127591031422e-16,8.177145819317625,0.5549322469843642,8.176261662676225,0.5574702922755295
405,-36.185999968738564,0.505049797372936,0.2519076147358511,0.12634808778033946,0.09487256760435626,-0.06339704742837972,820.1797897743296,10.179789774329606,8,0.6797963841206869,0.0,5.064842072959893e-16,8.180671744156825,0.554937072404698,8.179789774329581,0.5574690043420854
406,-36.21094130989366,0.5050395252833407,0.25190399909487265,0.12634530955156684,0.09487020893500878,-0.06339510831845775,822.1833092661604,10.18330926616045,8,0.6833162745404149,0.0,5.089616894320442e-16,8.184189060145918,0.554941786792902,8.183309266160471,0.5574676392220171
407,-36.23583023707171,0.5050292984087639,0.25190039859013164,0.12634254364269334,0.09486786086533136,-0.0633931780879766,824.186820180425,10.186820180425002,8,0.6868275830068562,0.0,5.114452054857332e-16,8.187697809468233,0.5549463917110258,8.186820180425032,0.5574661981525267
408,-36.26066698532421,0.505019116442399,0.2518968131231606,0.12633978996978834,0.09486552332225658,-0.06339125667473215,826.1903225590677,10.190322559067681,8,0.6903303513028067,5.684341886080802e-14,5.139347554316056e-16,8.191198033995773,0.5549508887426124,8.190322559067587,0.5574646823944366
409,-36.28545178808738,0.5050089790802519,0.25189324259636087,0.1263370484496979,0.09486319623339697,-0.06338934401710342,828.1938164437237,10.193816443723676,8,0.693824620906474,0.0,5.164303392443306e-16,8.194689775292158,0.5549552794915882,8.193816443723623,0.5574630932311151
410,-36.31018487719416,0.504998886021107,0.2518896869129927,0.12633431900003572,0.0948608795270371,-0.0633874400540458,830.1973018757227,10.197301875722701,8,0.6973104329944437,0.0,5.189319568986992e-16,8.19817307461559,0.554959565581167,8.197301875722728,0.5574614319674114
411,-36.33486648289106,0.5049888369664973,0.2518861459771661,0.12633160153917422,0.09485857313212585,-0.06338554472508458,832.2007788960915,10.200778896091492,8,0.7007878284445912,0.0,5.2143960836962135e-16,8.20164797292174,0.5549637486527657,8.200778896091503,0.5574596999286028
412,-36.359496833854564,0.5049788316206714,0.25188261969383097,0.1263288959862354,0.09485627697826829,-0.06338365797030805,834.2042475455564,10.204247545556427,8,0.7042568478389644,0.0,5.239532936321248e-16,8.205114510866627,0.5549678303649306,8.204247545556441,0.5574578984593503
413,-36.384076157202365,0.5049688696905626,0.25187910796876806,0.12632620226108213,0.09485399099571837,-0.06338177973036113,836.2077078645468,10.207707864546819,8,0.7077175314666384,0.0,5.264730126613558e-16,8.208572728809447,0.5549718123922784,8.207707864546771,0.5574560289226693
414,-36.408604678510336,0.5049589508857582,0.2518756107085796,0.1263235202843094,0.09485171511537104,-0.06337990994643886,838.2111598931973,10.211159893197305,8,0.7111699193265224,0.0,5.289987654325762e-16,8.212022666815397,0.5549756964244495,8.211159893197264,0.5574540926989087
415,-36.43308262182336,0.5049490749184691,0.2518721278206803,0.12632084997723564,0.09484944926875495,-0.06337804856028004,840.214603671351,10.214603671351028,8,0.7146140511301482,0.0,5.315305519211639e-16,8.215464364658446,0.5549794841650741,8.214603671351027,0.5574520911847434
416,-36.457510209672726,0.5049392415035002,0.2518686592132885,0.12631819126189475,0.09484719338802533,-0.06337619551416115,842.2180392385623,10.218039238562255,8,0.7180499663044113,0.0,5.340683721026117e-16,8.218897861824068,0.5549831773307516,8.218039238562241,0.5574500257921814
417,-36.481887663089985,0.5049294503582208,0.25186520479541724,0.12631554406102732,0.09484494740595625,-0.06337435075089,844.221466634099,10.221466634098988,8,0.7214777039942888,5.684341886080802e-14,5.366122259525259e-16,8.222323197511981,0.5549867776500469,8.22146663409889,0.5574478979475792
418,-36.506215201614594,0.5049197012025354,0.25186176447686565,0.1263129082980725,0.09484271125593396,-0.06337251421379969,846.2248858969455,10.224885896945466,8,0.724897303065525,0.0,5.391621134466255e-16,8.225740410638819,0.5549902868624957,8.224885896945453,0.557445709090674
419,-36.530493043316085,0.5049099937588549,0.2518583381682102,0.12631028389716006,0.09484048487194946,-0.06337068584674264,848.2282970658056,10.228297065805577,8,0.7283088021072714,0.0,5.417180345607419e-16,8.22914953984079,0.5549937067176289,8.228297065805554,0.5574434606736267
420,-36.55472140480265,0.5049003277520693,0.25185492578079643,0.12630767078310245,0.09483826818859195,-0.06336886559408472,850.2317001791046,10.231700179104564,8,0.7317122394347209,0.0,5.4427998927081745e-16,8.232550623476309,0.5549970389740088,8.231700179104603,0.5574411541600812
421,-36.57890050123151,0.5048907029095183,0.25185152722673054,0.1263050688813867,0.09483606114104162,-0.06336705340069933,852.2350952749924,10.235095274992432,8,0.7351076530916796,0.0,5.468479775529049e-16,8.235943699628583,0.555000285398281,8.235095274992393,0.5574387910242327
422,-36.60303054633094,0.5048811189609648,0.2518481424188709,0.1263024781181668,0.09483386366506301,-0.0633652492119616,854.2384823913457,10.238482391345656,8,0.7384950808531414,0.0,5.494219993831662e-16,8.239328806108206,0.5550034477642413,8.238482391345677,0.5574363727499148
423,-36.627111752401404,0.5048715756385675,0.2518447712708202,0.12629989842025618,0.0948316756969986,-0.06336345297374295,856.2418615657707,10.241861565770705,8,0.741874560227803,0.0,5.520020547378722e-16,8.242705980455678,0.5550065278519178,8.241861565770714,0.5574339008296973
424,-36.65114433034001,0.5048620726768539,0.25184141369691737,0.12629732971511987,0.09482949717376173,-0.06336166463240515,858.2452328356059,10.245232835605862,8,0.74524612846057,5.684341886080802e-14,5.545881435934013e-16,8.246075259943932,0.555009527446668,8.245232835605787,0.5574313767640005
425,-36.675128489643036,0.5048526098126948,0.2518380696122296,0.12629477193086744,0.0948273280328307,-0.06335988413479517,860.2485962379236,10.248596237923607,8,0.748609822535018,-5.684341886080802e-14,5.571802659262384e-16,8.249436681580814,0.5550124483382911,8.24859623792369,0.5574288020602206
426,-36.6990644384273,0.504843186785277,0.25183473893254443,0.12629222499624537,0.09482516821224193,-0.0633581114282394,862.2519518095343,10.251951809534262,8,0.7519656791758429,5.684341886080802e-14,5.597784217129759e-16,8.252790282111558,0.5550152923201568,8.2519518095342,0.5574261782318746
427,-36.722952383433,0.504833803336078,0.25183142157436206,0.1262896888406299,0.0948230176505839,-0.06335634646053845,864.2552995869864,10.255299586986439,8,0.7553137348512582,-5.684341886080802e-14,5.623826109303097e-16,8.2561360980212,0.5550180611883486,8.255299586986496,0.5574235067977538
428,-36.74679253004446,0.5048244592088419,0.2518281174548881,0.12628716339402019,0.09482087628699089,-0.06335458917996191,866.2586396065716,10.258639606571592,8,0.7586540257753978,0.0,5.649928335550418e-16,8.259474165537002,0.5550207567408245,8.258639606571599,0.5574207892810983
429,-36.770585082297806,0.504815154149552,0.25182482649202537,0.12628464858703065,0.0948187440611367,-0.06335283953524287,868.2619719043247,10.261971904324696,8,0.7619865879106538,0.0,5.676090895640769e-16,8.262804520630826,0.5550233807765913,8.261971904324726,0.5574180272087801
430,-36.794330242893636,0.504805887906408,0.25182154860436673,0.12628214435088464,0.09481662091322886,-0.06335109747557303,870.2652965160277,10.26529651602766,8,0.7653114569700143,0.0,5.702313789344233e-16,8.266127199021497,0.5550259350948968,8.265296516027668,0.5574152221105072
431,-36.81802821320841,0.5047966602298013,0.25181828371118825,0.12627965061740729,0.09481450678400247,-0.06334936295059745,872.268613477211,10.268613477211034,8,0.7686286684193657,-5.684341886080802e-14,5.728597016431911e-16,8.269442236177117,0.5550284214944375,8.268613477211114,0.557412375518037
432,-36.84167919330617,0.5047874708722903,0.2518150317324414,0.12627716731901892,0.09481240161471438,-0.06334763591040955,874.271922823157,10.271922823156956,8,0.7719382574797642,0.0,5.754940576675924e-16,8.272749667317395,0.5550308417725811,8.271922823156965,0.5574094889644099
433,-36.86528338195266,0.5047783195885772,0.2518117925887459,0.1262746943887282,0.09481030534713736,-0.06334591630554616,876.2752245889006,10.275224588900642,8,0.775240259129685,0.0,5.781344469849395e-16,8.27604952741591,0.5550331977246076,8.275224588900612,0.5574065639831942
434,-36.88884097662048,0.5047692061354853,0.2518085662013832,0.12627223176012586,0.09480821792355452,-0.06334420408698273,878.2785188092332,10.27851880923322,8,0.7785347081072551,0.0,5.807808695726447e-16,8.279341851202375,0.5550354911429638,8.278518809233207,0.5574036021077482
435,-36.91235217351024,0.5047601302719338,0.2518053524922887,0.1262697793673779,0.09480613928675335,-0.06334249920612826,880.2818055187039,10.28180551870389,8,0.7818216389124331,0.0,5.8343332540822e-16,8.28262667316487,0.5550377238165358,8.281805518703877,0.5574006048704966
436,-36.935817167550056,0.5047510917589175,0.2518021513840459,0.12626733714521957,0.09480406938002052,-0.06334080161482085,882.285084751622,10.28508475162198,8,0.7851010858092042,0.0,5.860918144692757e-16,8.285904027552046,0.555039897529937,8.285084751621955,0.5573975738022225
437,-36.95923615241352,0.5047420903594825,0.25179896279987857,0.12626490502894866,0.094802008147136,-0.0633391112653227,884.2883565420591,10.288356542059091,8,0.7883730828277091,-5.684341886080802e-14,5.887563367335196e-16,8.289173948375321,0.5550420140628121,8.288356542059157,0.5573945104313754
438,-36.98260932053243,0.5047331258387048,0.2517957866636447,0.12626248295441944,0.0947999555323679,-0.06333742811031556,886.2916209238517,10.291620923851724,8,0.7916376637663785,0.0,5.914268921787574e-16,8.292436469411028,0.5550440751891568,8.291620923851749,0.5573914162833924
439,-37.00593686310251,0.5047241979636687,0.25179262289982984,0.12626007085803698,0.09479791148046711,-0.06333575210289644,888.2948779306026,10.294877930602638,8,0.794894862194031,0.0,5.941034807828905e-16,8.295691624202563,0.5550460826766557,8.294877930602688,0.5573882928800364
440,-37.029218970093716,0.5047153065034445,0.2517894714335405,0.1262576686767503,0.0947958759366619,-0.06333408319657256,890.2981275956837,10.298127595683695,8,0.7981447114519469,0.0,5.967861025239167e-16,8.298939446062509,0.5550480382860331,8.298127595683736,0.5573851417387494
441,-37.05245583026801,0.5047064512290673,0.25178633219049745,0.12625527634804704,0.0947938488466527,-0.06333242134525734,892.3013699522376,10.301369952237565,8,0.8013872446559223,0.0,5.994747573799285e-16,8.302179968074705,0.5550499437704222,8.301369952237565,0.5573819643720205
442,-37.075647631180864,0.5046976319135159,0.25178320509702956,0.1262528938099472,0.09479183015660708,-0.06333076650326575,894.3046050331799,10.304605033179882,8,0.804622494698302,0.0,6.021694453291126e-16,8.30541322309635,0.5550518008747496,8.304605033179827,0.5573787622867681
443,-37.09879455919644,0.5046888483316928,0.25178009008006774,0.12625052100099765,0.09478981981315457,-0.06332911862531011,896.3078328712012,10.307832871201185,8,0.807850494249978,0.0,6.0487016634975e-16,8.30863924376003,0.5550536113351354,8.3078328712012,0.5573755369837401
444,-37.121896799500085,0.504680100260403,0.2517769870671385,0.12624815786026622,0.09478781776338177,-0.0633274776664957,898.3110534987694,10.311053498769411,8,0.8110712757623801,0.0,6.075769204202144e-16,8.311858062475753,0.5550553768783095,8.311053498769422,0.5573722899569256
445,-37.1449545360999,0.504671387478333,0.25177389598635763,0.12624580432733593,0.09478582395482715,-0.06332584358231653,900.3142669481313,10.314266948131262,8,0.8142848714694395,0.0,6.102897075189725e-16,8.315069711432969,0.5550570992210437,8.314266948131307,0.5573690226929847
446,-37.1679679518474,0.5046627097660327,0.2517708167664245,0.12624346034229966,0.09478383833547649,-0.06332421632865123,902.3174732513147,10.31747325131471,8,0.817491313389521,0.0,6.130085276245823e-16,8.31827422260253,0.5550587800695986,8.317473251314718,0.557365736670691
447,-37.19093722843717,0.504654066905894,0.2517677493366161,0.12624112584575461,0.09478186085375793,-0.06332259586175891,904.3206724401306,10.32067244013058,8,0.8206906333273505,0.0,6.157333807156932e-16,8.321471627738678,0.5550604211191881,8.32067244013055,0.5573624333603909
448,-37.21386254642645,0.5046454586821321,0.2517646936267805,0.12623880077879657,0.09477989145853706,-0.06332098213827493,906.3238645461746,10.323864546174605,8,0.823882862875907,-5.684341886080802e-14,6.18464266771045e-16,8.324661958380982,0.5550620240534574,8.323864546174665,0.5573591142234763
449,-37.236744085237305,0.504636884880766,0.251761649567332,0.1262364850830151,0.09477793009911255,-0.06331937511520717,908.3270496008298,10.32704960082981,8,0.827068033418298,0.0,6.212011857694681e-16,8.327845245856263,0.5550635905439767,8.327049600829815,0.557355780711872
450,-37.259582023166864,0.5046283452896,0.25175861708924463,0.1262341787004877,0.09477597672521125,-0.06331777474993178,910.3302276352675,10.330227635267534,8,0.8302461761296218,0.0,6.239441376898816e-16,8.331021521280492,0.5550651222497526,8.330227635267562,0.5573524342675379
451,-37.282376537403735,0.5046198396982039,0.2517555961240468,0.12623188157377485,0.09477403128698374,-0.06331618100018938,912.3333986804502,10.33339868045016,8,0.8334173219787928,0.0,6.266931225112936e-16,8.334190815560683,0.5550666208167503,8.333398680450149,0.5573490763219887
452,-37.305127804030526,0.5046113678978961,0.25175258660381555,0.12622959364591502,0.09477209373499984,-0.06331459382408126,914.3365627671324,10.336562767132364,8,0.8365815017303646,0.0,6.294481402128004e-16,8.337353159396757,0.5550680878774356,8.33656276713237,0.557345708295822
453,-37.32783599802985,0.5046029296817234,0.2517495884611711,0.12622731486041927,0.0947701640202441,-0.06331301318006545,916.3397199258634,10.339719925863392,8,0.8397387459463221,0.0,6.32209190773586e-16,8.34050858328338,0.5550695250503281,8.339719925863427,0.5573423315982663
454,-37.350501293306365,0.5045945248444443,0.251746601629271,0.12622504516126623,0.09476824209411133,-0.06331143902695284,918.3428701869888,10.342870186988762,8,0.8428890849878528,0.0,6.349762741729213e-16,8.343657117511794,0.5550709339395717,8.342870186988735,0.5573389476267401
455,-37.37312386268496,0.5045861531825114,0.25174362604180556,0.1262227844928977,0.09476632790840253,-0.06330987132390381,920.3460135806517,10.346013580651743,8,0.8460325490171119,0.0,6.377493903901635e-16,8.346798792171626,0.5550723161345187,8.346013580651755,0.5573355577664272
456,-37.395703877920354,0.5045778144940526,0.25174066163299164,0.12622053280021295,0.09476442141532032,-0.06330831003042421,922.3491501367959,10.349150136795856,8,0.8491691679989515,5.684341886080802e-14,6.405285394047563e-16,8.349933637152672,0.5550736732093281,8.349150136795766,0.557332163389863
457,-37.41824150971281,0.5045695085788543,0.2517377083375677,0.12621829002856452,0.09476252256746483,-0.0633067551063618,924.3522798851656,10.352279885165558,8,0.8522989717026359,-5.684341886080802e-14,6.433137211962274e-16,8.353061682146663,0.5550750067225795,8.352279885165636,0.5573287658565388
458,-37.44073692770885,0.504561235238345,0.25173476609078865,0.1262160561237533,0.09476063131782961,-0.06330520651190283,926.3554028553095,10.355402855309535,8,0.8554219897035509,0.0,6.4610493574419115e-16,8.356182956649029,0.5550763182169003,8.355402855309588,0.5573253665125164
459,-37.46319030051623,0.5045529942755772,0.25173183482842093,0.12621383103202366,0.09475874761979737,-0.06330366420756832,928.3585190765809,10.358519076580933,8,0.8585382513848767,0.0,6.489021830283449e-16,8.35929748996062,0.5550776092186078,8.35851907658092,0.557321966690057
460,-37.485601795709286,0.5045447854952111,0.2517289144867365,0.12621161470005893,0.0947568714271359,-0.0633021281542105,930.3616285781397,10.361628578139744,8,0.8616477859392528,0.0,6.517054630284696e-16,8.362405311189422,0.5550788812373642,8.36162857813973,0.5573185677072652
461,-37.50797157983666,0.5045366087034986,0.251726005002509,0.126209407074977,0.0947550026939943,-0.06330059831300973,932.3647313889546,10.364731388954624,8,0.8647506223704227,0.0,6.5451477572443e-16,8.365506449252262,0.5550801357658462,8.364731388954604,0.5573151708677452
462,-37.530299818433974,0.504528463708266,0.251723106313008,0.1262072081043254,0.0947531413748986,-0.06329907464547051,934.3678275378043,10.36782753780426,8,0.8678467894948554,0.0,6.57330121096173e-16,8.368600932876483,0.5550813742794289,8.367827537804311,0.5573117774602689
463,-37.55258667602872,0.5045203503188987,0.25172021835599423,0.12620501773607726,0.09475128742474832,-0.06329755711341868,936.3709170532794,10.370917053279413,8,0.8709363159433714,0.0,6.601514991237279e-16,8.371688790601604,0.555082598235881,8.370917053279458,0.5573083887584597
464,-37.57483231614741,0.5045122683463256,0.25171734106971505,0.1262028359186268,0.09474944079881226,-0.06329604567899773,938.3739999637842,10.373999963784172,8,0.8740192301627125,0.0,6.629789097872057e-16,8.374770050780969,0.555083809075076,8.373999963784133,0.5573050060204875
465,-37.5970369013267,0.5045042176030013,0.25171447439289907,0.12620066260078455,0.0947476014527247,-0.06329454030466555,940.3770762975375,10.377076297537542,8,0.8770955604171302,0.0,6.658123530667979e-16,8.37784474158337,0.5550850082187146,8.377076297537538,0.5573016304887765
466,-37.61920059312126,0.5044961979028937,0.25171161826475213,0.12619849773177386,0.09474576934248188,-0.06329304095319138,942.3801460825756,10.380146082575607,8,0.8801653347899432,0.0,6.686518289427773e-16,8.380912890994672,0.555086197070061,8.380146082575608,0.5572982633897259
467,-37.64132355211007,0.5044882090614659,0.2517087726249519,0.12619634126122592,0.09474394442443801,-0.06329154758765235,944.3832093467526,10.383209346752551,8,0.8832285811850813,0.0,6.714973373954963e-16,8.383974526819388,0.5550873770136919,8.3832093467526,0.5572949059334431
468,-37.66340593790492,0.5044802508956633,0.2517059374136441,0.12619419313917604,0.09474212665530182,-0.06329006017143055,946.3862661177427,10.386266117742707,8,0.8862853273285971,0.0,6.743488784053873e-16,8.387029676682275,0.5550885494152578,8.38626611774267,0.5572915593134895
469,-37.68544790915915,0.5044723232238962,0.25170311257143685,0.12619205331605934,0.09474031599213267,-0.0632885786682097,948.3893164230414,10.38931642304135,8,0.8893356007701936,-5.684341886080802e-14,6.772064519529613e-16,8.390078368029883,0.5550897156212571,8.38931642304144,0.5572882247066369
470,-37.70744962357395,0.5044644258660275,0.25170029803939714,0.12618992174270666,0.09473851239233722,-0.06328710304197212,950.3923602899675,10.392360289967542,8,0.8923794288847038,0.0,6.800700580188087e-16,8.393120628132111,0.5550908769588225,8.392360289967543,0.5572849032726378
471,-37.72941123790664,0.5044565586433563,0.2516974937590458,0.12618779837034064,0.09473671581366565,-0.06328563325699574,952.3953977456642,10.39539774566424,8,0.8954168388735759,5.684341886080802e-14,6.829396965835972e-16,8.396156484083736,0.5550920347355196,8.395397745664164,0.5572815961540064
472,-37.75133290798016,0.5044487213786046,0.25169469967235353,0.12618568315057158,0.0947349262142085,-0.06328416927785102,954.3984288171006,10.39842881710058,8,0.8984478577663282,0.0,6.858153676280727e-16,8.399185962805918,0.5550931902391566,8.39842881710054,0.557278304475811
473,-37.77321478868815,0.5044409138959024,0.2516919157217359,0.12618357603539365,0.09473314355239276,-0.06328271106939792,956.4014535310735,10.401453531073457,8,0.9014725124220053,0.0,6.886970711330579e-16,8.402209091047713,0.5550943447376071,8.401453531073473,0.5572750293454788
474,-37.79505703400203,0.5044331360207739,0.25168914185004965,0.12618147697718118,0.09473136778697895,-0.06328125859678319,958.4044719142088,10.404471914208784,8,0.904490829530598,0.0,6.91584807079453e-16,8.405225895387545,0.555095499478643,8.404471914208807,0.5572717718526105
475,-37.81685979698098,0.5044253875801236,0.2516863780005883,0.12617938592868444,0.0947295988770574,-0.0632798118254371,960.407483992963,10.407483992962966,8,0.9075028356144674,5.684341886080802e-14,6.944785754482341e-16,8.408236402234685,0.5550966556897807,8.4074839929629,0.5572685330688082
476,-37.83862322977653,0.5044176684022222,0.2516836241170776,0.12617730284302606,0.094727836782045,-0.06327837072107084,962.410489793624,10.410489793624038,8,0.9105085570297433,0.0,6.973783762204525e-16,8.411240637830696,0.5550978145781359,8.410489793624082,0.557265314047512
477,-37.86034748364102,0.5044099783166934,0.25168088014367174,0.12617522767369724,0.0947260814616819,-0.06327693524967351,964.413489342314,10.413489342314051,8,0.9135080199677148,0.0,7.002842093772363e-16,8.414238628250875,0.5550989773302917,8.413489342314088,0.5572621158238478
478,-37.88203270893779,0.5044023171545012,0.25167814602494937,0.12617316037455448,0.0947243328760286,-0.06327550537750962,966.4164826649894,10.416482664989417,8,0.9165012504561929,-5.684341886080802e-14,7.031960748997873e-16,8.417230399405675,0.5551001451121764,8.41648266498949,0.5572589394144869
479,-37.90367905514071,0.5043946847479346,0.2516754217059088,0.1261711008998151,0.09472259098546207,-0.06327408107111578,968.4194697874432,10.419469787443177,8,0.9194882743608819,5.684341886080802e-14,7.061139727693827e-16,8.420215977042126,0.5551013190689522,8.4194697874431,0.5572557858175159
480,-37.92528667084815,0.5043870809305967,0.25167270713196493,0.12616904920405436,0.09472085575067318,-0.06327266229729847,970.4224507353053,10.422450735305347,8,0.9224691173867132,0.0,7.09037902967373e-16,8.423195386745206,0.5551025003249144,8.422450735305377,0.5572526560123146
481,-37.946855703788025,0.5043795055373909,0.25167000224894476,0.12616700524220184,0.09471912713266345,-0.0632712490231311,972.4254255340459,10.425425534045871,8,0.9254438050791816,5.684341886080802e-14,7.119678654751832e-16,8.42616865393925,0.5551036899834001,8.425425534045798,0.5572495509594464
482,-37.968386300822736,0.5043719584045073,0.2516673070030833,0.12616496896953752,0.09471740509274164,-0.06326984121595136,974.4283942089742,10.428394208974169,8,0.9284123628256591,-5.684341886080802e-14,7.149038602743106e-16,8.429135803889293,0.5551048891267087,8.42839420897423,0.5572464716005572
483,-37.98987860795873,0.5043644393694119,0.25166462134102036,0.12616294034168857,0.09471568959252107,-0.06326843884335855,976.4313567852423,10.431356785242315,8,0.9313748158566924,0.0,7.178458873463267e-16,8.432096861702442,0.5551060988160305,8.431356785242285,0.5572434188582854
484,-38.01133277034959,0.5043569482708319,0.2516619452097958,0.12616091931462609,0.09471398059391639,-0.06326704187321106,978.4343132878447,10.434313287844702,8,0.9343311892473061,0.0,7.207939466728741e-16,8.435051852329202,0.5551073200913855,8.434313287844661,0.5572403936361797
485,-38.03274893230738,0.5043494849487453,0.25165927855684656,0.12615890584466138,0.09471227805914068,-0.06326565027362364,980.4372637416204,10.437263741620427,8,0.9372815079182661,0.0,7.237480382356678e-16,8.438000800564808,0.5551085539715728,8.437263741620468,0.5572373968186267
486,-38.05412723730741,0.5043420492443683,0.2516566213300027,0.12615689988844303,0.09471058195070259,-0.06326426401296507,982.4402081712545,10.44020817125454,8,0.9402257966373497,0.0,7.267081620164949e-16,8.440943731050536,0.555109801454127,8.440208171254538,0.5572344292707893
487,-38.075467827991275,0.5043346410001418,0.2516539734774833,0.12615490140295305,0.09470889223140315,-0.06326288305985538,984.4431466012787,10.443146601278727,8,0.9431640800205887,0.0,7.296743179972131e-16,8.443880668274996,0.5551110635152864,8.443146601278727,0.557231491838551
488,-38.096770846180505,0.5043272600597216,0.2516513349478932,0.12615291034550422,0.09470720886433319,-0.06326150738316354,986.4460790560732,10.446079056073245,8,0.9460963825335167,0.0,7.326465061597512e-16,8.44681163657543,0.5551123411099683,8.446079056073204,0.5572285853484727
489,-38.11803643287211,0.5043199062679654,0.2516487056902196,0.1261509266737364,0.09470553181287043,-0.06326013695200494,988.4490055598677,10.449005559867715,8,0.9490227284923893,0.0,7.356247264861081e-16,8.449736660138978,0.5551136351717536,8.449005559867727,0.5572257106077556
490,-38.13926472825842,0.5043125794709211,0.2516460856538275,0.12614895034561371,0.09470386104067649,-0.063258771735739,990.4519261367428,10.451926136742827,8,0.9519431420653923,-5.684341886080802e-14,7.386089789583532e-16,8.452655763003929,0.5551149466128797,8.451926136742893,0.5572228684042114
491,-38.16045587172498,0.5043052795158159,0.2516434747884575,0.1261469813194211,0.09470219651169434,-0.06325741170396662,992.4548408106315,10.454840810631481,8,0.954857647273851,5.684341886080802e-14,7.415992635586255e-16,8.455568969060984,0.5551162763242432,8.454840810631397,0.5572200595062455
492,-38.18161000185554,0.5042980062510448,0.25164087304422117,0.1261450195537613,0.09470053819014548,-0.06325605682652798,994.4577496053192,10.457749605319236,8,0.9577662679934082,0.0,7.445955802691323e-16,8.458476302054484,0.555117625175408,8.457749605319265,0.557217284662844
493,-38.202727256442394,0.5042907595261588,0.2516382803715983,0.12614306500755193,0.09469888604052722,-0.06325470707350009,996.460652544447,10.460652544447044,8,0.960669027955209,0.0,7.475979290721512e-16,8.461377785583627,0.5551189940146242,8.460652544447074,0.5572145446035688
494,-38.223807772492734,0.5042835391918548,0.2516356967214331,0.1261411176400224,0.09469724002760996,-0.06325336241519448,998.4635496515111,10.46354965151113,8,0.9635659507470589,0.0,7.506063099500273e-16,8.46427344310368,0.5551203836688532,8.463549651511162,0.557211840038565
495,-38.244851686232224,0.5042763450999639,0.25163312204493116,0.12613917741071076,0.09469560011643466,-0.06325202282215499,1000.4664409498648,10.466440949864818,8,0.9664570598145783,0.0,7.536207228851743e-16,8.467163297927183,0.555121794943801,8.466440949864834,0.5572091716585684
496,-38.26585913311182,0.5042691771034407,0.25163055629365555,0.12613724427946088,0.09469396627231011,-0.06325068826515536,1002.4693264627196,10.46932646271955,8,0.9693423784623487,0.0,7.566411678600733e-16,8.470047373225128,0.5551232286239596,8.469326462719543,0.5572065401349278
497,-38.286830247812674,0.5042620350563527,0.2516279994195242,0.12613531820641957,0.09469233846081046,-0.06324935871519703,1004.472206213146,10.472206213146023,8,0.9722219298550314,0.0,7.596676448572729e-16,8.472925692028138,0.5551246854726539,8.472206213146066,0.5572039461196308
498,-38.30776516425429,0.5042549188138697,0.2516254513748062,0.1261333991520336,0.09469071664777262,-0.06324803414350705,1006.4750802240757,10.475080224075668,8,0.9750957370184956,0.0,7.627001538593891e-16,8.47579827722761,0.5551261662320972,8.475080224075665,0.5572013902453352
499,-38.328664015597894,0.5042478282322533,0.25162291211211846,0.1261314870770467,0.09468910079929359,-0.06324671452153567,1008.4779485183012,10.477948518301218,8,0.9779638228409162,0.0,7.657386948491041e-16,8.478665151576902,0.5551276716234533,8.477948518301234,0.5571988731254127
500,-38.349526934256836,0.5042407631688467,0.25162038158442324,0.1261295819424972,0.09468749088172825,-0.0632453998209544,1010.4808111184785,10.480811118478528,8,0.9808262100738823,5.684341886080802e-14,7.687832678091667e-16,8.481526337692426,0.5551292023469058,8.480811118478456,0.5571963953539931
501,-38.37035405189565,0.5042337234820636,0.25161785974502376,0.12612768370971472,0.09468588686168661,-0.06324409001365361,1012.4836680471269,10.483668047126912,8,0.9836829213334717,0.0,7.718338727223914e-16,8.484381858054814,0.5551307590817325,8.483668047126914,0.5571939575060187
502,-38.39114549943895,0.5042267090313798,0.2516153465475624,0.12612579234031782,0.09468428870603168,-0.06324278507174078,1014.4865193266312,10.486519326631196,8,0.9865339791013277,0.0,7.748905095716585e-16,8.487231735010013,0.5551323424863878,8.486519326631209,0.5571915601373061
503,-38.411901407077075,0.5042197196773216,0.25161284194601663,0.12612390779621088,0.09468269638187671,-0.06324148496753794,1016.489364979242,10.489364979242055,8,0.9893794057257246,0.0,7.779531783399139e-16,8.490075990770393,0.5551339531985908,8.489364979242074,0.5571892037846099
504,-38.43262190427518,0.5042127552814563,0.25161034589469644,0.1261220300395818,0.0946811098565831,-0.06324018967358001,1018.4922050270775,10.492205027077489,8,0.9922192234226248,0.0,7.810218790101678e-16,8.49291464741584,0.555135591835419,8.49220502707747,0.5571868889656977
505,-38.45330711977186,0.5042058157063838,0.2516078583482415,0.12612015903289936,0.09467952909775804,-0.06323889916261266,1020.4950394921237,10.495039492123738,8,0.9950534542767109,5.684341886080802e-14,7.840966115654955e-16,8.495747726894844,0.5551372589934087,8.495039492123654,0.5571846161794255
506,-38.473957181586506,0.5041989008157242,0.25160537926161713,0.1261182947389099,0.09467795407325176,-0.06323761340758999,1022.4978683962363,10.4978683962363,8,0.9978821202424264,0.0,7.87177375989036e-16,8.498575251025567,0.5551389552486603,8.497868396236267,0.5571823859058245
507,-38.49457221702991,0.5041920104741108,0.25160290859011275,0.12611643712063572,0.09467638475115595,-0.06323633238167298,1024.5006917611415,10.500691761141525,9,0.0007052431450009777,5.684341886080802e-14,7.902641722639931e-16,8.5013972414969,0.5551406811569501,8.500691761141397,0.5571801986061901
508,-38.51515235270445,0.50418514454718,0.25160044628933814,0.1261145861413718,0.09467482109980083,-0.06323505605822714,1026.5035096084366,10.503509608436616,9,0.003522844681452142,0.0,7.93357000373633e-16,8.504213719869513,0.5551424372538468,8.503509608436614,0.5571780547231759
509,-38.53569771450928,0.5041783029015605,0.2515979923152204,0.12611274176468343,0.09467326308775324,-0.06323378441082086,1028.506321959592,10.506321959592015,9,0.0063349464215995965,0.0,7.964558603012865e-16,8.507024707576912,0.5551442240548331,8.506321959592034,0.5571759546808958
510,-38.55620842764879,0.504171485404866,0.2515955466240018,0.126110903954404,0.0946717106838144,-0.06323251741322324,1030.5091288359513,10.509128835951287,9,0.009141569809049344,0.0,7.995607520303464e-16,8.509830225926441,0.5551460420554337,8.509128835951334,0.5571738988850286
511,-38.57668461663597,0.504164691925685,0.2515931091722361,0.1261090726746319,0.09467016385701756,-0.06323125503940219,1032.5119302587327,10.511930258732718,9,0.011942736162181333,0.0,8.026716755442685e-16,8.512630296100326,0.5551478917313464,8.51193025873277,0.5571718877229284
512,-38.59712640529358,0.5041579223335726,0.2515906799167865,0.1261072478897288,0.09466862257662606,-0.06322999726352282,1034.5147262490302,10.514726249030218,9,0.014738466675119355,0.0,8.057886308265709e-16,8.51542493915667,0.5551497735385789,8.514726249030204,0.557169921563741
513,-38.617533916771116,0.5041511764990403,0.2515882588148225,0.1261054295643167,0.09466708681213094,-0.06322874405994523,1036.517516827814,10.517516827814006,9,0.01752878241870448,0.0,8.089116178608333e-16,8.518214176030448,0.5551516879135903,8.517516827814092,0.5571680007585236
514,-38.6379072735341,0.5041444542935479,0.251585845823817,0.12610361766327574,0.09466555653324898,-0.06322749540322284,1038.5203020159324,10.52030201593243,9,0.020313704341434757,0.0,8.120406366306979e-16,8.520998027534514,0.5551536352734381,8.520302015932474,0.5571661256403687
515,-38.6582465973819,0.5041377555894954,0.25158344090154394,0.12610181215174182,0.09466403170992063,-0.06322625126810054,1040.523081834112,10.523081834111963,9,0.023093253270422665,0.0,8.151756871198676e-16,8.52377651436057,0.555155616015926,8.52308183411196,0.5571642965245351
516,-38.67855200944687,0.5041310802602131,0.2515810440060757,0.12610001299510412,0.09466251231230774,-0.06322501162951288,1042.5258563029588,10.5258563029588,9,0.025867449912329477,0.0,8.183167693121063e-16,8.526549657080128,0.5551576305197603,8.525856302958696,0.5571625137085786
517,-38.69882363019749,0.5041244281799541,0.2515786550957799,0.12609822015900307,0.0946609983107917,-0.06322377646258225,1044.5286254429593,10.52862544295931,9,0.02863631485428897,0.0,8.214638831912386e-16,8.529317476145481,0.5551596791447067,8.528625442959335,0.5571607774724919
518,-38.719061579450084,0.5041177992238853,0.2515762741293174,0.12609643360932785,0.0946594896759714,-0.0632225457426172,1046.531389274482,10.53138927448208,9,0.03139986856482757,0.0,8.246170287411506e-16,8.532079991890651,0.555161762231754,8.531389274481972,0.5571590880788445
519,-38.739265976367214,0.5041111932680791,0.25157390106563887,0.12609465331221406,0.09465798637866103,-0.06322131944511057,1048.534147817777,10.534147817777011,9,0.03415813139477741,0.0,8.277762059457868e-16,8.534837224532328,0.5551638801032787,8.534147817777106,0.5571574457729288
520,-38.75943693946283,0.5041046101895051,0.25157153586398345,0.12609287923404158,0.09465648838988837,-0.06322009754573783,1050.5369010929785,10.536901092978496,9,0.036911123578169835,0.0,8.309414147891534e-16,8.537589194170797,0.5551660330632151,8.536901092978553,0.5571558507829072
521,-38.77957458661407,0.5040980498660226,0.25156917848387506,0.12609111134143264,0.09465499568089263,-0.06321888002035549,1052.5396491201043,10.539649120104286,9,0.039658865233137774,0.0,8.341126552553146e-16,8.540335920790875,0.5551682213972287,8.539649120104391,0.557154303319968
522,-38.799679035055206,0.5040915121763713,0.25156682888512055,0.126089349601249,0.09465350822312259,-0.06321766684499909,1054.5423919190578,10.542391919057764,9,0.04240137636278973,0.0,8.372899273283951e-16,8.543077424262814,0.5551704453728912,8.542391919057856,0.5571528035784777
523,-38.81975040139013,0.5040849970001641,0.25156448702780676,0.12608759398059022,0.09465202598823465,-0.06321645799588187,1056.5451295096282,10.545129509628168,9,0.04513867685609263,0.0,8.404732309925774e-16,8.545813724343198,0.5551727052398614,8.545129509628259,0.5571513517361433
524,-38.839788801595944,0.5040785042178797,0.2515621528722987,0.12608584444679177,0.09465054894809105,-0.06321525344939304,1058.547861911492,10.547861911491964,9,0.04787078648873688,0.0,8.436625662321037e-16,8.548544840675854,0.5551750012300666,8.547861911491884,0.5571499479541723
525,-38.85979435102421,0.5040720337108537,0.2515598263792364,0.12608410096742215,0.09464907707475781,-0.06321405318209594,1060.5505891442128,10.550589144212836,9,0.05059772492398906,0.0,8.468579330312737e-16,8.551270792792732,0.5551773335578885,8.55058914421286,0.5571485923774385
526,-38.879767164408776,0.5040655853612713,0.25155750750953293,0.1260823635102816,0.09464761034050301,-0.06321285717072667,1062.5533112272442,10.553311227244194,9,0.053319511713553425,1.1368683772161603e-13,8.500593313744461e-16,8.55399160011478,0.5551797024203515,8.553311227244064,0.557147285134652
527,-38.8997073558684,0.5040591590521597,0.25155519622437206,0.1260806320433993,0.09464614871779489,-0.06321166539219235,1064.5560281799278,10.556028179927807,9,0.056036166298408574,-1.1368683772161603e-13,8.532667612460358e-16,8.556707281952818,0.555182107997313,8.556028179927974,0.557146026338529
528,-38.9196150389115,0.5040527546673809,0.25155289248520546,0.12607890653503204,0.09464469217930008,-0.06321047782356955,1066.5587400214977,10.55874002149767,9,0.05874770800964413,1.1368683772161603e-13,8.564802226305184e-16,8.559417857508393,0.5551845504516573,8.558740021497545,0.5571448160859656
529,-38.93949032643929,0.5040463720916232,0.25155059625375104,0.12607718695366166,0.09464324069788181,-0.06320929444210295,1068.561446771077,10.561446771077044,9,0.06145415606928317,0.0,8.596997155124228e-16,8.562123345874644,0.5551870299294914,8.561446771077042,0.5571436544582139
530,-38.9593333307573,0.5040400112103949,0.2515483074919898,0.1260754732679933,0.09464179424659803,-0.06320811522520332,1070.564148447683,10.56414844768301,9,0.06415552959110471,0.0,8.629252398763379e-16,8.564823766037122,0.5551895465603417,8.564148447682907,0.5571425415210618
531,-38.97914416356716,0.5040336719100162,0.2515460261621644,0.12607376544695326,0.0946403527986999,-0.06320694015044652,1072.5668450702246,10.566845070224645,9,0.06685184758146256,0.0,8.661567957069078e-16,8.567519136874651,0.5551921004573565,8.566845070224588,0.557141477325013
532,-38.99892293598222,0.5040273540776129,0.25154375222677633,0.12607206345968716,0.09463891632762968,-0.06320576919557157,1074.5695366575055,10.569536657505523,9,0.06954312894007231,1.1368683772161603e-13,8.693943829888337e-16,8.570209477160143,0.5551946917175064,8.569536657505362,0.5571404619054702
533,-39.01866975852423,0.5040210576011076,0.25154148564858375,0.1260703672755581,0.09463748480701936,-0.06320460233847945,1076.572223228223,10.572223228223038,9,0.0722293924608266,-1.1368683772161603e-13,8.726380017068719e-16,8.572894805561416,0.5551973204217892,8.57222322822317,0.5571394952829225
534,-39.03838474113302,0.5040147823692144,0.25153922639059967,0.12606867686414444,0.09463605821068881,-0.06320343955723137,1078.5749048009716,10.57490480097158,9,0.0749106568325697,1.1368683772161603e-13,8.758876518458368e-16,8.575575140642016,0.5551999866354356,8.574904800971414,0.5571385774631294
535,-39.058067993169004,0.5040085282714309,0.2515369744160893,0.12606699219523834,0.09463463651264414,-0.06320228083004764,1080.5775813942398,10.577581394239814,9,0.07758694063988258,0.0,8.79143333390596e-16,8.578250500862003,0.5552026904081179,8.577581394239768,0.5571377084373133
536,-39.07771962341222,0.5040022951980312,0.2515347296885678,0.12606531323884332,0.09463321968707596,-0.06320112613530578,1082.580253026415,10.580253026414994,9,0.08025826236386813,0.0,8.824050463260734e-16,8.580920904578763,0.555205431774157,8.580253026414987,0.5571368881823469
537,-39.09733974007615,0.5039960830400593,0.2515324921717988,0.12606363996517284,0.09463180770835777,-0.06319997545153942,1084.5829197157816,10.5829197157816,9,0.0829246403829007,0.0,8.856727906372486e-16,8.583586370047787,0.5552082107527361,8.582919715781676,0.5571361166609492
538,-39.1169284508007,0.503989891689323,0.2515302618297917,0.12606197234464853,0.09463040055104453,-0.06319882875743686,1086.585581480523,10.585581480522933,9,0.08558609297339714,-1.1368683772161603e-13,8.889465663091551e-16,8.586246915423457,0.5552110273481106,8.585581480523084,0.5571353938218779
539,-39.13648586266894,0.5039837210383857,0.2515280386267996,0.12606031034789786,0.0946289981898707,-0.06319768603183949,1088.588238338722,10.588238338722022,9,0.08824263831057344,1.1368683772161603e-13,8.922263733268824e-16,8.588902558759813,0.5552138815498227,8.58823833872188,0.5571347196001247
540,-39.1560120821968,0.5039775709805606,0.2515258225273175,0.1260586539457529,0.09462760059974888,-0.06319654725374053,1090.590890308361,10.59089030836094,9,0.09089429446917485,0.0,8.955122116755714e-16,8.591553318011314,0.555216773332915,8.590890308360908,0.5571340939171127
541,-39.175507215349135,0.5039714414099045,0.25152361349607993,0.12605700310924828,0.09462620775576822,-0.06319541240228368,1092.593537407324,10.593537407323993,9,0.0935410794242344,0.0,8.988040813404202e-16,8.59419921103362,0.5552197026581478,8.593537407323963,0.557133516680895
542,-39.19497136753778,0.5039653322212102,0.2515214114980592,0.1260553578096193,0.09462481963319272,-0.06319428145676159,1094.5961796533966,10.596179653396575,9,0.09618301105179405,0.0,9.02101982306679e-16,8.596840255584302,0.555222669472214,8.596179653396526,0.5571329877863525
543,-39.21440464362423,0.5039592433100015,0.2515192164984632,0.12605371801830056,0.09462343620745997,-0.06319315439661485,1096.5988170642665,10.598817064266541,9,0.09882010712962952,0.0,9.054059145596523e-16,8.599476469323623,0.5552256737079577,8.598817064266518,0.5571325071153963
544,-39.23380714792877,0.5039531745725252,0.25151702846273344,0.12605208370692392,0.09462205745417929,-0.06319203120143024,1098.601449657525,10.601449657525109,9,0.10145238533797851,0.0,9.087158780846972e-16,8.602107869815255,0.5552287152845927,8.601449657525041,0.5571320745371677
545,-39.2531789842279,0.503947125905746,0.251514847356543,0.12605045484731697,0.09462068334913049,-0.0631909118509398,1100.604077450667,10.604077450667091,9,0.10407986326024421,0.0,9.120318728672242e-16,8.604734474527008,0.5552317941079201,8.604077450667099,0.5571316899082404
546,-39.27252025576539,0.5039410972073401,0.2515126731457949,0.12604883141150128,0.09461931386826225,-0.06318979632501928,1102.6067004610925,10.606700461092487,9,0.10670255838370402,1.1368683772161603e-13,9.153538988926973e-16,8.607356300831558,0.5552349100705499,8.606700461092325,0.5571313530728236
547,-39.29183106524806,0.5039350883756886,0.25151050579661977,0.12604721337169073,0.0946179489876906,-0.06318868460368696,1104.6093187061058,10.609318706105796,9,0.10932048810021122,0.0,9.186819561466312e-16,8.609973366007157,0.5552380630521195,8.6093187061057,0.5571310638629664
548,-39.311111514857856,0.503929099309871,0.25150834527537375,0.12604560070028975,0.09461658868369754,-0.06318757666710229,1106.611932202918,10.61193220291807,9,0.11193366970688778,-1.1368683772161603e-13,9.220160446145942e-16,8.612585687238344,0.5552412529195152,8.611932202918263,0.5571308220987606
549,-39.330361706244965,0.5039231299096613,0.25150619154863796,0.1260439933698922,0.09461523293272979,-0.06318647249556489,1108.6145409686478,10.614540968647816,9,0.11454212040681,0.0,9.253561642822074e-16,8.615193281616644,0.5552444795270931,8.614540968647804,0.5571306275885465
550,-39.349581740542746,0.5039171800755181,0.25150404458321407,0.12604239135327883,0.09461388171139674,-0.0631853720695128,1110.6171450203196,10.61714502031964,9,0.11714585730968885,0.0,9.28702315135142e-16,8.617796166141268,0.5552477427168996,8.617145020319576,0.5571304801291188
551,-39.36877171836361,0.5039112497085839,0.2515019043461254,0.12604079462341664,0.09461253499646985,-0.06318427536952186,1112.619744374867,10.619744374866968,9,0.11974489743254502,0.0,9.320544971591218e-16,8.620394357719785,0.5552510423188934,8.619744374866967,0.5571303795059297
552,-39.38793173980855,0.5039053387106739,0.2514997708046127,0.12603920315345665,0.09461119276488057,-0.06318318237630398,1114.6223390491323,10.622339049132279,9,0.12233925770038034,0.0,9.354127103399216e-16,8.622987873168825,0.5552543781511671,8.622339049132197,0.5571303254932983
553,-39.40706190446306,0.5038994469842739,0.2514976439261338,0.12603761691673282,0.09460985499371945,-0.0631820930707063,1116.6249290598669,10.624929059866872,9,0.12492895494683687,-1.1368683772161603e-13,9.38776954663367e-16,8.625576729214739,0.5552577500201679,8.624929059866991,0.5571303178546131
554,-39.42616231140576,0.5038935744325331,0.2514955236783608,0.12603603588675985,0.09460852166023427,-0.06318100743370968,1118.6275144237334,10.627514423733373,9,0.12751400591485407,1.1368683772161603e-13,9.421472301153358e-16,8.628160942494267,0.5552611577209198,8.627514423733238,0.5571303563425408
555,-39.44523305921611,0.5038877209592586,0.25149341002917924,0.12603446003723243,0.0946071927418292,-0.06317992544642775,1120.6300951573037,10.630095157303685,9,0.13009442725732256,0.0,9.455235366817544e-16,8.630740529555208,0.5552646010372444,8.630095157303675,0.5571304406992315
556,-39.46427424596487,0.5038818864689102,0.25149130294668565,0.1260328893420232,0.0946058682160632,-0.06317884709010578,1122.6326712770624,10.6326712770624,9,0.13267023553772184,-1.1368683772161603e-13,9.489058743486009e-16,8.633315506857077,0.5552680797419832,8.632671277062517,0.5571305706565254
557,-39.483285969230884,0.5038760708665936,0.25148920239918593,0.1260313237751812,0.09460454806064857,-0.06317777234611921,1124.6352427994061,10.635242799406115,9,0.13524144723076859,0.0,9.522942431019038e-16,8.635885890771736,0.5552715935972163,8.635242799406138,0.5571307459361587
558,-39.5022683260987,0.5038702740580571,0.2514871083551938,0.12602976331093094,0.09460323225344987,-0.0631767011959728,1126.6378097406437,10.637809740643661,9,0.13780807872304024,0.0,9.556886429277403e-16,8.638451697584054,0.555275142354485,8.637809740643686,0.5571309662499689
559,-39.52122141315896,0.5038644959496834,0.25148502078342877,0.1260282079236702,0.09460192077248251,-0.06317563362129942,1128.640372116998,10.640372116997924,9,0.14037014631361622,1.1368683772161603e-13,9.590890738122385e-16,8.641012943492546,0.555278725755011,8.640372116997748,0.5571312313001016
560,-39.54014532651958,0.5038587364484863,0.2514829396528149,0.12602665758796897,0.0946006135959114,-0.06317456960385884,1130.642929944605,10.64292994460493,9,0.1429276662146819,0.0,9.624955357415746e-16,8.64356964460999,0.5552823435299159,8.642929944604964,0.557131540779217
561,-39.55904016180147,0.5038529954621049,0.2514808649324787,0.12602511227856855,0.09459931070204995,-0.0631735091255369,1132.6454832395166,10.64548323951658,9,0.14548065455216097,0.0,9.659080287019754e-16,8.646121816964062,0.5552859954004407,8.645483239516661,0.5571318943706923
562,-39.5779060141442,0.5038472728987978,0.2514787965917479,0.12602357197037875,0.09459801206935843,-0.06317245216834393,1134.6480320176995,10.648032017699506,9,0.14802912736632123,0.0,9.693265526797165e-16,8.648669476497952,0.5552896810781645,8.648032017699478,0.5571322917488292
563,-39.59674297821425,0.5038415686674381,0.2514767346001491,0.1260220366384778,0.09459671767644293,-0.06317139871441413,1136.650576295036,10.65057629503599,9,0.15057310061237672,0.0,9.72751107661121e-16,8.65121263907098,0.5552934002652216,8.650576295035966,0.5571327325790564
564,-39.615551148201504,0.5038358826775083,0.2514746789274067,0.12602050625811026,0.09459542750205413,-0.06317034874600426,1138.653116087325,10.653116087325088,9,0.15311259016109702,-1.1368683772161603e-13,9.76181693632562e-16,8.653751320459195,0.5552971526545197,8.65311608732522,0.5571332165181342
565,-39.63433061782093,0.5038302148390953,0.2514726295434416,0.1260189808046861,0.0945941415250861,-0.06316930224549279,1140.6556514102836,10.655651410283554,9,0.15564761179938813,0.0,9.796183105804607e-16,8.656285536355993,0.5553009379299558,8.655651410283454,0.5571337432143569
566,-39.65308148032799,0.5038245650628854,0.2514705864183685,0.12601746025377786,0.09459285972457473,-0.06316825919537794,1142.6581822795447,10.65818227954469,9,0.1581781812309,0.0,9.830609584912854e-16,8.658815302372695,0.5553047557666314,8.658182279544624,0.5571343123077576
567,-39.671803828505666,0.5038189332601584,0.25146854952249537,0.1260159445811224,0.09459158207969734,-0.06316721957827856,1144.6607087106609,10.660708710660856,9,0.16070431407659314,-1.1368683772161603e-13,9.86509637351553e-16,8.66134063403914,0.5553086058310677,8.660708710661003,0.5571349234303067
568,-39.690497754680486,0.5038133193427837,0.2514665188263213,0.12601443376261662,0.09459030856977066,-0.06316618337693124,1146.663230719104,10.663230719103922,9,0.1632260258753373,1.1368683772161603e-13,9.899643471478288e-16,8.66386154680429,0.5553124877814193,8.663230719103783,0.5571355762061155
569,-39.70916335072119,0.503807723223215,0.2514644943005353,0.12601292777431655,0.0945890391742499,-0.06316515057418978,1148.6657483202637,10.665748320263674,9,0.16574333208446745,0.0,9.934250878667238e-16,8.666378056036784,0.5553164012676872,8.665748320263639,0.5571362702516361
570,-39.72780070803453,0.503802144814485,0.25146247591601434,0.12601142659243708,0.09458777387272775,-0.06316412115302449,1150.6682615294512,10.668261529451229,9,0.1682562480803682,0.0,9.968918594948979e-16,8.668890177025522,0.5553203459319298,8.668261529451312,0.5571370051758597
571,-39.746409917583684,0.5037965840302018,0.25146046364382224,0.12600993019335074,0.09458651264493328,-0.06316309509652143,1152.6707703618983,10.670770361898349,9,0.17076478915902804,1.1368683772161603e-13,1.0003646620190572e-15,8.671397924980239,0.5553243214084744,8.670770361898189,0.5571377805805164
572,-39.76499106987381,0.5037910407845423,0.25145845745520795,0.1260084385535847,0.09458525547073038,-0.06316207238788035,1154.6732748327568,10.67327483275676,9,0.17326897053660417,0.0,1.003843495425954e-15,8.673901315032063,0.555328327324127,8.67327483275685,0.5571385960602725
573,-39.783544254971986,0.5037855149922488,0.25145645732160415,0.1260069516498237,0.09458400233011768,-0.06316105301041611,1156.6757749571016,10.675774957101567,9,0.17576880734997502,0.0,1.0073283597023889e-15,8.676400362234071,0.5553323632983788,8.675774957101638,0.5571394512029256
574,-39.80206956249706,0.503780006568625,0.2514544632146257,0.12600546945890023,0.0945827532032253,-0.06316003694755304,1158.6782707499294,10.678270749929425,9,0.17826431465729442,1.1368683772161603e-13,1.0108192548352076e-15,8.67889508156184,0.5553364289436156,8.678270749929213,0.5571403455896038
575,-39.820567081628354,0.503774515429528,0.251452475106068,0.12600399195780615,0.09458150807031693,-0.06315902418283083,1160.6807622261592,10.680762226159231,9,0.18075550743852986,1.1368683772161603e-13,1.0143161808113016e-15,8.681385487914012,0.5553405238653232,8.680762226159104,0.5571412787949566
576,-39.83903690110883,0.5037690414913687,0.2514504929679063,0.1260025191236774,0.09458026691178528,-0.0631580146998962,1162.6832494006342,10.683249400634168,9,0.1832424005960096,0.0,1.0178191376176091e-15,8.68387159611281,0.5553446476622907,8.683249400634242,0.5571422503873495
577,-39.85747910924624,0.5037635846711029,0.2514485167722929,0.1260010509338021,0.09457902970815327,-0.06315700848250687,1164.6857322881215,10.685732288121471,9,0.18572500895495558,0.0,1.0213281252411145e-15,8.686353420904599,0.5553487999268154,8.685732288121516,0.5571432599290573
578,-39.875893793915026,0.5037581448862288,0.251446546491557,0.12599958736561717,0.09457779644007246,-0.06315600551452945,1166.6882109033124,10.688210903312438,9,0.18820334726400922,1.1368683772161603e-13,1.0248431436688469e-15,8.688830976960405,0.5553529802449042,8.688210903312287,0.5571443069764535
579,-39.89428104256437,0.5037527220547829,0.2514445820982029,0.1259981283967074,0.09457656708832198,-0.06315500577993863,1168.6906852608229,10.690685260822875,9,0.19067743019577144,0.0,1.02836419288788e-15,8.691304278876444,0.5553571881964732,8.690685260822937,0.5571453910802009
580,-39.91264094221522,0.5037473160953342,0.25144262356490815,0.1259966740047987,0.09457534163380621,-0.0631540092628135,1170.6931553751954,10.693155375195374,9,0.19314727234731066,0.0,1.031891272885335e-15,8.693773341174653,0.555361423355548,8.69315537519538,0.5571465117854403
581,-39.93097357946522,0.503741926926981,0.25144067086452293,0.12599522416777117,0.0945741200575573,-0.06315301594734386,1172.6956212608977,10.695621260897724,9,0.19561288824069223,1.1368683772161603e-13,1.0354243836483758e-15,8.696238178303203,0.5553656852904609,8.69562126089759,0.5571476686319776
582,-39.949279040490794,0.5037365544693462,0.2514387239700679,0.12599377886363752,0.0945729023407288,-0.06315202581781897,1174.698082932324,10.698082932324041,9,0.19807429232347928,0.0,1.038963525164211e-15,8.698698804637006,0.5553699735640469,8.698082932324109,0.5571488611544684
583,-39.96755741105355,0.5037311986425724,0.2514367828547335,0.12599233807056162,0.09457168846459993,-0.06315103885863671,1176.7005404037966,10.700540403796595,9,0.20053149896925326,0.0,1.042508697420096e-15,8.701155234478236,0.5553742877338378,8.70054040379656,0.557150088882605
584,-39.985808776496434,0.5037258593673192,0.25143484749187844,0.1259909017668447,0.09457047841057113,-0.06315005505429619,1178.7029936895642,10.70299368956421,9,0.20298452247811305,0.0,1.0460599004033277e-15,8.703607482056828,0.5553786273522558,8.702993689564158,0.5571513513412975
585,-40.00403322175336,0.503720536564757,0.2514329178550279,0.1259894699309287,0.09456927216016421,-0.0631490743893992,1180.7054428038043,10.705442803804317,9,0.20543337707717058,1.1368683772161603e-13,1.049617134101249e-15,8.706055561530967,0.5553829919668045,8.705442803804198,0.5571526480508555
586,-40.02223083134589,0.503715230156565,0.25143099391787255,0.12598804254139018,0.09456806969502027,-0.06314809684864692,1182.7078877606225,10.707887760622498,9,0.20787807692105886,0.0,1.053180398501245e-15,8.708499486987595,0.5553873811202585,8.707887760622565,0.5571539785271703
587,-40.040401689392326,0.503709940064925,0.25142907565426786,0.12598661957695464,0.09456687099690246,-0.06314712241684675,1184.710328574054,10.710328574054074,9,0.2103186360924134,-1.1368683772161603e-13,1.0567496935907465e-15,8.710939272442909,0.5553917943508517,8.71032857405422,0.5571553422818902
588,-40.05854587960308,0.5037046662125184,0.25142716303823176,0.12598520101647778,0.09456567604769069,-0.06314615107890255,1186.7127652580637,10.712765258063655,9,0.21275506860236248,0.0,1.0603250193572268e-15,8.713374931842823,0.5553962311924641,8.712765258063685,0.5571567388226013
589,-40.07666348528936,0.5036994085225227,0.25142525604394395,0.12598378683894662,0.09456448482938101,-0.06314518281981511,1188.7151978265456,10.715197826545591,9,0.21518738839101026,0.0,1.0639063757882022e-15,8.715806479063465,0.5554006911748047,8.715197826545527,0.557158167653
590,-40.094754589361585,0.5036941669186071,0.25142335464574384,0.12598237702348403,0.09456329732408619,-0.06314421762468397,1190.7176262933247,10.717626293324656,9,0.21761560932791646,-1.1368683772161603e-13,1.0674937628712315e-15,8.718233927911657,0.5554051738235968,8.717626293324837,0.5571596282730696
591,-40.11281927433392,0.5036889413249267,0.25142145881813105,0.12598097154935847,0.09456211351403773,-0.06314325547871207,1192.7200506721579,10.720050672157868,9,0.22003974521257774,1.1368683772161603e-13,1.0710871805939191e-15,8.720657292125374,0.5554096786607571,8.720050672157713,0.5571611201792505
592,-40.13085762232771,0.5036837316661207,0.2514195685357632,0.12597957039596508,0.09456093338158021,-0.06314229636719607,1194.7224709767318,10.722470976731756,9,0.22245980977488777,0.0,1.0746866289439085e-15,8.72307658537423,0.5554142052045766,8.722470976731712,0.557162642864613
593,-40.148869715072955,0.5036785378673108,0.25141768377345247,0.1259781735428095,0.09455975690916611,-0.06314134027551785,1196.7248872206662,10.724887220666233,9,0.2248758166756133,0.0,1.0782921079088881e-15,8.725491821259922,0.5554187529698971,8.724887220666334,0.5571641958190253
594,-40.166855633909904,0.5036733598540898,0.25141580450616907,0.12597678096956386,0.09455858407937036,-0.06314038718917234,1198.7272994175134,10.72729941751345,9,0.22728777950684886,0.0,1.0819036174765882e-15,8.727903013316713,0.5554233214682875,8.727299417513464,0.5571657785293215
595,-40.18481545979116,0.5036681975525265,0.2514139307090359,0.12597539265600557,0.09455741487487318,-0.06313943709373666,1200.729707580758,10.729707580758031,9,0.22969571179249293,1.1368683772161603e-13,1.0855211576347813e-15,8.730310175011866,0.5554279102082178,8.729707580757855,0.5571673904794672
596,-40.20274927328824,0.5036630508891559,0.25141206235732905,0.12597400858204622,0.09455624927846736,-0.06313848997488418,1202.7321117238175,10.732111723817525,9,0.23209962698868303,0.0,1.08914472837128e-15,8.73271331974611,0.5554325186952307,8.732111723817557,0.557169031150723
597,-40.22065715459109,0.5036579197909775,0.251410199426477,0.1259726287277332,0.09455508727305778,-0.06313754581838527,1204.7345118600442,10.734511860044222,9,0.2344995384842612,-1.1368683772161603e-13,1.0927743296739415e-15,8.735112460854086,0.5554371464321122,8.734511860044375,0.5571707000218092
598,-40.238539183507015,0.5036528041854536,0.2514083418920577,0.1259712530732101,0.09455392884165073,-0.06313660461008698,1206.7369080027242,10.736908002724249,9,0.23689545960121983,0.0,1.0964099615306631e-15,8.73750761160478,0.5554417929190596,8.736908002724324,0.5571723965690635
599,-40.25639543946948,0.5036477040005019,0.2514064897298001,0.1259698815987977,0.09455277396737416,-0.06313566633595358,1208.739300165078,10.73930016507802,9,0.23928740359514222,0.0,1.1000516239293835e-15,8.739898785201982,0.5554464576538489,8.739300165078053,0.5571741202666025
600,-40.274226001540114,0.5036426191644939,0.25140464291557996,0.12596851428488445,0.09455162263344874,-0.0631347309820112,1210.7416883602614,10.741688360261378,9,0.24167538365564845,0.0,1.1036993168580825e-15,8.742285994784698,0.5554511401319971,8.7416883602613,0.5571758705864774
601,-40.292030948405056,0.5036375496062511,0.2514028014254217,0.12596715111203036,0.09455047482321426,-0.06313379853439988,1212.7440726013651,10.744072601365133,9,0.2440594129068252,-1.1368683772161603e-13,1.1073530403047803e-15,8.74466925342761,0.5554558398469278,8.744072601365303,0.5571776469988298
602,-40.30981035838016,0.5036324952550418,0.2514009652354945,0.12596579206088301,0.094549330520107,-0.06313286897933104,1214.7464529014173,10.746452901417342,9,0.24643950440766993,0.0,1.11101279425754e-15,8.747048574141473,0.5554605562901289,8.746452901417259,0.5571794489720452
603,-40.327564309417546,0.503627456040578,0.2513991343221127,0.12596443711223299,0.09454818970767366,-0.06313194230311513,1216.7488292733808,10.748829273380807,9,0.2488156711525118,0.0,1.114678578704463e-15,8.74942396987357,0.5554652889513131,8.748829273380723,0.5571812759729052
604,-40.34529287910528,0.5036224318930083,0.25139730866173593,0.12596308624698338,0.09454705236956328,-0.06313101849214603,1218.751201730156,10.751201730156026,9,0.25118792607143803,0.0,1.1183503936336918e-15,8.751795453508116,0.5554700373185749,8.751201730156042,0.5571831274667373
605,-40.36299614466207,0.5036174227429201,0.25139548823096414,0.125961739446156,0.09454591848952733,-0.06313009753290401,1220.7535702845807,10.753570284580746,9,0.25355628203072733,0.0,1.1220282390334099e-15,8.754163037866665,0.5554748008785433,8.753570284580778,0.5571850029175625
606,-40.380674182952355,0.5036124285213319,0.2513936730065405,0.1259603966908875,0.0945447880514191,-0.06312917941195342,1222.7559349494302,10.755934949430184,9,0.2559207518332567,0.0,1.1257121148918402e-15,8.75652673570855,0.5554795791165366,8.755934949430115,0.5571869017882431
607,-40.39832707048477,0.5036074491596917,0.25139186296534805,0.12595905796244225,0.09454366103919576,-0.06312826411594907,1224.7582957374173,10.758295737417257,9,0.25828134821892057,0.0,1.1294020211972451e-15,8.75888655973127,0.5554843715167126,8.758295737417267,0.5571888235406256
608,-40.415954883405014,0.5036024845898728,0.25139005808441006,0.125957723242206,0.09454253743691661,-0.06312735163163265,1226.760652661194,10.760652661193944,9,0.2606380838650484,0.0,1.133097957937928e-15,8.761242522570909,0.5554891775622173,8.760652661193895,0.5571907676356832
609,-40.433557697510615,0.5035975347441719,0.251388258340887,0.12595639251165178,0.09454141722873353,-0.06312644194581557,1228.7630057333504,10.763005733350383,9,0.2629909713868095,-1.1368683772161603e-13,1.13679992510223e-15,8.76359463680253,0.5554939967353313,8.763005733350504,0.5571927335336591
610,-40.45113558824529,0.5035925995553038,0.25138646371207785,0.12595506575240611,0.09454030039890741,-0.06312553504541181,1230.7653549664167,10.76535496641668,9,0.2653400233376235,-1.1368683772161603e-13,1.140507922678533e-15,8.765942914940581,0.5554988285176157,8.765354966416853,0.5571947206942023
611,-40.46868863070544,0.5035876789563992,0.25138467417541704,0.12595374294618278,0.09453918693179071,-0.06312463091740454,1232.7677003728625,10.767700372862464,9,0.26768525220955297,1.1368683772161603e-13,1.1442219506552586e-15,8.768287369439282,0.5555036723900535,8.767700372862333,0.5571967285765063
612,-40.48621689964018,0.5035827728810022,0.2513828897084747,0.12595242407481444,0.09453807681183499,-0.06312372954886168,1234.7700419650964,10.770041965096425,9,0.27002667043371353,0.0,1.147942009020864e-15,8.770628012693027,0.5555085278331919,8.77004196509638,0.5571987566394442
613,-40.50372046945377,0.5035778812630657,0.25138111028895505,0.12595110912025112,0.09453697002358996,-0.06312283092693514,1236.7723797554688,10.772379755468819,9,0.27236429038066134,0.0,1.151668097763849e-15,8.772964857036769,0.5555133943272799,8.772379755468855,0.5572008043417012
614,-40.52119941420737,0.5035730040369492,0.2513793358946957,0.1259497980645521,0.09453586655170094,-0.06312193503885623,1238.7747137562703,10.77471375627033,9,0.274698124360798,0.0,1.15540021687275e-15,8.775297914746398,0.5555182713524058,8.774713756270435,0.5572028711419073
615,-40.5386538076199,0.5035681411374144,0.25137756650366627,0.12594849088988924,0.09453476638090899,-0.06312104187193726,1240.777043979733,10.77704397973298,9,0.27702818462474,0.0,1.1591383663361429e-15,8.777627198039138,0.5555231583886313,8.777043979732984,0.557204956498765
616,-40.55608372307712,0.5035632924996243,0.2513758020939677,0.12594718757852474,0.09453366949604503,-0.06312015141356028,1242.77937043803,10.7793704380299,9,0.27935448336372914,0.0,1.1628825461426404e-15,8.779952719073908,0.5555280549161247,8.779370438029957,0.5572070598711782
617,-40.57348923362603,0.5035584580591379,0.2513740426438311,0.12594588811289031,0.09453257588204898,-0.06311926365121637,1244.7816931432767,10.781693143276698,9,0.2816770327099949,0.0,1.1666327562808948e-15,8.78227448995171,0.5555329604152922,8.781693143276753,0.5572091807183779
618,-40.590870411976496,0.5035536377519079,0.2513722881316172,0.12594459247542833,0.09453148552392962,-0.06311837857242594,1246.784012107531,10.784012107530998,9,0.2839958447371487,0.0,1.1703889967395953e-15,8.784592522716004,0.5555378743669045,8.784012107531101,0.5572113185000451
619,-40.60822733050957,0.5035488315142781,0.2513705385358143,0.12594330064878523,0.09453039840681227,-0.06311749616483536,1248.7863273427936,10.786327342793584,9,0.28631093146055697,1.1368683772161603e-13,1.1741512675074702e-15,8.786906829353056,0.5555427962522261,8.786327342793427,0.5572134726764335
620,-40.62556006127294,0.5035440392829807,0.2513687938350388,0.12594201261565677,0.09452931451589977,-0.0631166164161393,1250.7886388610073,10.788638861007257,9,0.28862230483770723,0.0,1.1779195685732826e-15,8.789217421792326,0.5555477255531382,8.788638861007218,0.5572156427084897
621,-40.6428686759929,0.5035392609951321,0.2513670540080325,0.12594072835887032,0.09452823383649234,-0.06311573931412173,1252.7909466740593,10.790946674059342,9,0.2909299767685951,0.0,1.1816938999258356e-15,8.79152431190683,0.5555526617522624,8.790946674059398,0.5572178280579698
622,-40.66015324606442,0.5035344965882295,0.25136531903366394,0.1259394478613265,0.0945271563539729,-0.06311486484662639,1254.7932507937805,10.793250793780544,9,0.29323395909607974,-1.1368683772161603e-13,1.1854742615539688e-15,8.793827511513479,0.5555576043330797,8.793250793780672,0.557220028187558
623,-40.67741384255743,0.5035297460001497,0.2513635888909255,0.1259381711060524,0.09452608205381938,-0.06311399300158343,1256.7955512319459,10.795551231945865,9,0.295534263606255,0.0,1.189260653446559e-15,8.796127032373462,0.555562552780051,8.795551231945897,0.557222242560978
624,-40.6946505362259,0.5035250091691476,0.2513618635589327,0.12593689807619723,0.0945250109216033,-0.06311312376700688,1258.7978480002746,10.797848000274598,9,0.297830902028803,1.1368683772161603e-13,1.1930530755925191e-15,8.798422886192574,0.555567506578733,8.797848000274422,0.5572244706431081
625,-40.71186339749315,0.5035202860338495,0.25136014301692383,0.12593562875499084,0.09452394294297906,-0.06311225713097376,1260.8001411104306,10.800141110430559,9,0.3001238860373743,0.0,1.1968515279807987e-15,8.800715084621583,0.5555724652158924,8.800141110430467,0.557226711900091
626,-40.72905249647912,0.5035155765332492,0.25135842724426055,0.12593436312574138,0.09452287810368304,-0.06311139308162268,1262.8024305740234,10.802430574023447,9,0.3024132272499145,0.0,1.200656010600385e-15,8.803003639256588,0.5555774281796191,8.802430574023434,0.5572289657994408
627,-40.74621790297256,0.5035108806067141,0.25135671622042244,0.12593310117191012,0.09452181638955094,-0.06311053160719116,1264.8047164026082,10.804716402608165,9,0.3046989372290465,-1.1368683772161603e-13,1.204466523440301e-15,8.805288561639323,0.5555823949594365,8.80471640260829,0.5572312318101518
628,-40.763359686459296,0.5035061981939717,0.25135500992501153,0.1259318428770209,0.09452075778649591,-0.06310967269597002,1266.8069986076857,10.806998607685728,9,0.3069810274824061,-1.1368683772161603e-13,1.2082830664896057e-15,8.807569863257545,0.5555873650464098,8.806998607685887,0.5572335094028025
629,-40.780477916105866,0.5035015292351132,0.2513533083377475,0.12593058822471054,0.0945197022805197,-0.06310881633632857,1268.8092772007033,10.809277200703264,9,0.3092595094629882,0.0,1.2121056397373946e-15,8.809847555545346,0.5555923379332539,8.809277200703303,0.5572357980496585
630,-40.79757266077149,0.5034968736705897,0.2513516114384683,0.1259293371987158,0.09451864985770936,-0.06310796251670774,1270.8115521930542,10.81155219305424,9,0.31153439456950416,0.0,1.2159342431727986e-15,8.812121649883492,0.5555973131144363,8.81155219305419,0.557238097224774
631,-40.814643989007486,0.5034922314412055,0.25134991920713096,0.12592808978285724,0.09451760050423308,-0.06310711122561195,1272.8138235960791,10.813823596079146,9,0.313805694146712,0.0,1.219768876784984e-15,8.814392157599773,0.5556022900862811,8.813823596079102,0.557240406404091
632,-40.83169196905313,0.5034876024881209,0.25134823162380726,0.1259268459610719,0.09451655420634711,-0.06310626245162518,1274.8160914210657,10.816091421065721,9,0.3160734194857646,0.0,1.2236095405631535e-15,8.81665908996931,0.5556072683470701,8.816091421065822,0.5572427250655364
633,-40.848716668854536,0.5034829867528493,0.2513465486686837,0.1259256057173835,0.09451551095038803,-0.06310541618339599,1276.8183556792499,10.818355679249862,9,0.3183375818245473,1.1368683772161603e-13,1.2274562344965455e-15,8.818922458214887,0.5556122473971392,8.81835567924971,0.5572450526891175
634,-40.86571815603812,0.5034783841772514,0.25134487032206304,0.12592436903590984,0.09451447072277477,-0.06310457240964093,1278.820616381814,10.820616381814034,9,0.320598192348001,0.0,1.2313089585744314e-15,8.821182273507294,0.5556172267389787,8.820616381813993,0.5572473887570163
635,-40.88269649794583,0.5034737947035296,0.25134319656436327,0.1259231359008751,0.09451343351001122,-0.06310373111915062,1280.8228735398902,10.822873539890224,9,0.3228552621884706,0.0,1.2351677127861204e-15,8.823438546965642,0.5556222058773254,8.822873539890132,0.5572497327536812
636,-40.89965176160667,0.5034692182742376,0.2513415273761113,0.1259219062965803,0.0945123992986769,-0.06310289230077475,1282.8251271645581,10.825127164558126,9,0.32510880242602447,0.0,1.2390324971209542e-15,8.825691289657648,0.5556271843192565,8.825127164558108,0.5572520841659161
637,-40.91658401376036,0.5034646548322614,0.25133986273795067,0.12592068020743552,0.09451136807543692,-0.06310205594343797,1284.8273772668467,10.827377266846725,9,0.32735882408878325,0.0,1.2429033115683112e-15,8.827940512600023,0.5556321615742815,8.82737726684676,0.5572544424829698
638,-40.93349332084975,0.5034601043208301,0.2513382026306346,0.12591945761794304,0.09451033982703559,-0.06310122203613144,1286.8296238577343,10.829623857734305,9,0.3296053381532431,1.1368683772161603e-13,1.2467801561176042e-15,8.83018622675872,0.5556371371544306,8.829623857734092,0.5572568071966222
639,-40.95037974901773,0.503455566683509,0.2513365470350253,0.12591823851268244,0.09450931454029252,-0.06310039056790506,1288.8318669481478,10.831866948147763,9,0.33184835554460257,1.1368683772161603e-13,1.2506630307582779e-15,8.83242844304927,0.5556421105743413,8.831866948147585,0.5572591778012682
640,-40.96724336412723,0.5034510418641954,0.25133489593209635,0.12591702287633924,0.09450829220210984,-0.06309956152788172,1290.8341065489644,10.834106548964428,9,0.33408788713706983,0.0,1.2545519354798137e-15,8.834667172337095,0.5556470813513449,8.83410654896451,0.5572615537940006
641,-40.98408423173376,0.5034465298071128,0.25133324930293255,0.12591581069368937,0.09450727279946844,-0.06309873490524931,1292.8363426710123,10.83634267101229,9,0.33632394375420027,0.0,1.2584468702717274e-15,8.83690242543783,0.5556520490055497,8.836342671012245,0.5572639346746923
642,-41.000902417116436,0.5034420304568211,0.25133160712872227,0.12591460194959228,0.09450625631942383,-0.06309791068925716,1294.8385753250684,10.838575325068405,9,0.338556536169186,-1.1368683772161603e-13,1.2623478351235665e-15,8.839134213117577,0.5556570130599223,8.838575325068556,0.5572663199460739
643,-41.01769798526759,0.5034375437582025,0.2513299693907639,0.12591339662899975,0.09450524274910985,-0.06309708886922025,1296.8408045218619,10.840804521861855,9,0.3407856751051881,0.0,1.2662548300249147e-15,8.84136254609326,0.5556619730403679,8.840804521861926,0.5572687091138119
644,-41.034471000887436,0.5034330696564568,0.25132833607046445,0.12591219471695952,0.09450423207573895,-0.06309626943452092,1298.843030272072,10.843030272071928,9,0.34301137123563485,0.0,1.270167854965388e-15,8.843587435032907,0.5556669284758075,8.843030272071841,0.5572711016865848
645,-41.05122152839356,0.503428608097116,0.25132670714933186,0.12591099619859059,0.09450322428659398,-0.0630954523745962,1300.845252586329,10.845252586329025,9,0.3452336351845311,0.0,1.274086909934635e-15,8.845808890555919,0.5556718788982546,8.845252586329087,0.5572734971761562
646,-41.06794963192567,0.5034241590260204,0.2513250826089841,0.1259098010591203,0.09450221936903944,-0.0630946376789565,1302.847471475216,10.847471475216025,9,0.3474524775267671,0.0,1.2780119949223395e-15,8.848026923233412,0.5556768238428897,8.847471475216057,0.557275895097447
647,-41.084655375339494,0.5034197223893306,0.25132346243114145,0.12590860928385617,0.09450121731051231,-0.06309382533717112,1304.849686949267,10.849686949266925,9,0.34966790878841536,0.0,1.2819431099182171e-15,8.850241543588481,0.5556817628481318,8.84968694926703,0.5572782949686076
648,-41.10133882221674,0.5034152981335249,0.25132184659762663,0.12590742085817805,0.09450021809851998,-0.06309301533886412,1306.8518990189684,10.851899018968425,9,0.3518799394470342,0.0,1.2858802549120176e-15,8.852452762096476,0.5556866954557097,8.85189901896847,0.5572806963110833
649,-41.11800003585555,0.5034108862053873,0.25132023509036694,0.12590623576756907,0.09449922172064822,-0.06309220767372994,1308.8541076947595,10.854107694759477,9,0.35408857993196285,1.1368683772161603e-13,1.2898234298935228e-15,8.854660589185329,0.5556916212107315,8.854107694759314,0.5572830986496854
650,-41.13463907928118,0.503406486552015,0.25131862789139087,0.1259050539975844,0.09449822816455238,-0.0630914023315174,1310.8563129870313,10.856312987031288,9,0.35629384062462144,0.0,1.2937726348525464e-15,8.8568650352358,0.55569653966175,8.856312987031256,0.5572855015126532
651,-41.15125601524823,0.5034020991208086,0.25131702498283,0.12590387553388238,0.09449723741796541,-0.06309059930204516,1312.8585149061291,10.85851490612913,9,0.35849573185879713,0.0,1.2977278697789366e-15,8.859066110581793,0.5557014503608306,8.85851490612903,0.5572879044317193
652,-41.16785090623386,0.5033977238594751,0.2513154263469154,0.12590270036219475,0.0944962494686894,-0.06308979857518673,1314.8607134623508,10.860713462350759,9,0.3606942639209443,0.0,1.3016891346625723e-15,8.861263825510616,0.5557063528636123,8.860713462350693,0.5572903069421714
653,-41.184423814449644,0.5033933607160286,0.2513138319659763,0.12590152846831554,0.0944952643045921,-0.0630890001408647,1316.8629086659478,10.86290866594777,9,0.36288944705046156,-1.1368683772161603e-13,1.305656429493365e-15,8.863458190263248,0.555711246729371,8.862908665947906,0.5572927085829127
654,-41.20097480183367,0.5033890096387749,0.25131224182244544,0.12590035983816852,0.09449428191362517,-0.06308820398908449,1318.865100527126,10.86510052712606,9,0.36508129143999213,-1.1368683772161603e-13,1.3096297542612598e-15,8.865649215034656,0.5557161315210801,8.865100527126208,0.55729510889652
655,-41.217503930061504,0.5033846705763261,0.25131065589884993,0.12589919445771172,0.09449330228379761,-0.06308741010988621,1320.8672890560454,10.867289056045365,9,0.36726980723569724,0.0,1.313609108956232e-15,8.867836909974027,0.5557210068054679,8.867289056045292,0.5572975074293018
656,-41.23401126053729,0.5033803434775868,0.2513090741778166,0.12589803231300456,0.09449232540319374,-0.06308661849337827,1322.8694742628193,10.869474262819267,9,0.3694550045375422,0.0,1.3175944935682886e-15,8.870021285185057,0.5557258721530749,8.86947426281928,0.5572999037313525
657,-41.25049685440179,0.503376028291754,0.2513074966420707,0.1258968733902035,0.09449135125997174,-0.06308582912973501,1324.871656157517,10.871656157517009,9,0.37163689339957706,0.0,1.3215859080874694e-15,8.872202350726234,0.5557307271383094,8.871656157516988,0.5573022973566075
658,-41.266960772539676,0.5033717249683174,0.251305923274432,0.12589571767553107,0.09449037984235457,-0.06308504200918114,1326.8738347501621,10.873834750162132,9,0.3738154838302137,0.0,1.3255833525038448e-15,8.874380116611077,0.5557355713394998,8.873834750162198,0.5573046878628952
659,-41.283403075563825,0.5033674334570596,0.2513043540578163,0.12589456515527203,0.09448941113862921,-0.06308425712198959,1328.8760100507338,10.87601005073384,9,0.37599078579250644,0.0,1.3295868268075175e-15,8.876554592808422,0.5557404043389477,8.876010050733932,0.5573070748119864
660,-41.299823823835894,0.5033631537080466,0.25130278897523517,0.12589341581581495,0.09448844513715696,-0.06308347445850215,1330.8781820691665,10.878182069166542,9,0.37816280920441336,-1.1368683772161603e-13,1.3335963309886203e-15,8.878725789242676,0.5557452257229774,8.878182069166698,0.5573094577696455
661,-41.31622307745285,0.5033588856716318,0.25130122800979443,0.12589226964361924,0.09448748182636445,-0.06308269400911301,1332.8803508153508,10.880350815350766,9,0.3803315639390785,0.0,1.3376118650373182e-15,8.880893715794091,0.5557500350819844,8.880350815350763,0.5573118363056762
662,-41.33260089626155,0.5033546292984524,0.2512996711446934,0.1258911266252126,0.09448652119474274,-0.06308191576426715,1334.8825162991325,10.882516299132476,9,0.38249705982510385,0.0,1.3416334289438058e-15,8.883058382299,0.5557548320104834,8.88251629913242,0.5573142099939687
663,-41.348957339850394,0.5033503845394238,0.2512981183632253,0.1258899867472282,0.09448556323085654,-0.06308113971447901,1336.8846785303142,10.884678530314204,9,0.38465930664681025,0.0,1.345661022698309e-15,8.885219798550104,0.5557596161071523,8.884678530314236,0.5573165784125441
664,-41.36529246754582,0.5033461513457451,0.2512965696487752,0.12588884999634878,0.09448460792332947,-0.0630803658503042,1338.8868375186553,10.886837518655284,9,0.3868183141445023,0.0,1.349694646291085e-15,8.8873779742967,0.5557643869748772,8.886837518655309,0.5573189411435967
665,-41.38160633843747,0.50334192966889,0.25129502498482004,0.12588771635934237,0.09448365526085288,-0.06307959416235738,1340.8889932738714,10.888993273871392,9,0.3889740920147329,-1.1368683772161603e-13,1.3537342997124208e-15,8.889532919244946,0.5557691442207939,8.88899327387152,0.5573212977735359
666,-41.397899011353175,0.5033377194606082,0.2512934843549279,0.1258865858230528,0.09448270523218305,-0.0630788246413073,1342.8911458056357,10.891145805635688,9,0.3911266499105732,-1.1368683772161603e-13,1.3577799829526341e-15,8.891684643058115,0.5557738874563292,8.891145805635798,0.5573236478930271
667,-41.41417054487533,0.5033335206729231,0.2512919477427576,0.12588545837439927,0.09448175782614093,-0.06307805727787658,1344.8932951235784,10.893295123578355,9,0.39327599744186514,0.0,1.3618316960020726e-15,8.893833155356843,0.55577861629724,8.893295123578358,0.5573259910970291
668,-41.430420997334,0.5033293332581295,0.25129041513205785,0.125884334000376,0.09448081303161157,-0.06307729206284123,1346.895441237287,10.89544123728706,9,0.39542214417547505,0.0,1.3658894388511141e-15,8.89597846571937,0.5557833303636512,8.895441237286951,0.5573283269848314
669,-41.446650426820355,0.5033251571687907,0.25128888650666664,0.125883212688051,0.09447987083754344,-0.06307652898703008,1348.8975841563072,10.897584156307175,9,0.39756509963555686,0.0,1.3699532114901657e-15,8.898120583681798,0.5557880292800919,8.89758415630711,0.5573306551600901
670,-41.46285889116958,0.5033209923577388,0.2512873618505104,0.1258820944245662,0.09447893123294827,-0.06307576804132466,1350.8997238901425,10.899723890142468,9,0.39970487330380244,0.0,1.3740230139096653e-15,8.900259518738316,0.5557927126755294,8.8997238901424,0.5573329752308624
671,-41.479046447982306,0.5033168387780713,0.2512858411476042,0.12588097919713703,0.09447799420690065,-0.0630750092166588,1352.9018604482546,10.901860448254638,9,0.401841474619701,0.0,1.37809884610008e-15,8.90239528034146,0.5557973801834043,8.90186044825466,0.5573352868096394
672,-41.49521315461181,0.503312696383149,0.25128432438205,0.12587986699305098,0.09447705974853708,-0.06307425250401795,1354.9039938400642,10.903993840064231,9,0.40397491298077526,0.0,1.3821807080519066e-15,8.904527877902346,0.5558020314416605,8.903993840064233,0.5573375895133776
673,-41.51135906817526,0.5033085651265945,0.2512828115380366,0.12587875779966803,0.09447612784705609,-0.06307349789443913,1356.9061240749504,10.906124074950412,9,0.40610519774284093,1.1368683772161603e-13,1.3862685997556712e-15,8.906657320790902,0.555806666092777,8.906124074950217,0.5573398829635279
674,-41.52748424553976,0.5033044449622915,0.25128130259983944,0.12587765160441997,0.09447519849171755,-0.06307274537901046,1358.9082511622507,10.908251162250735,9,0.40823233822025173,0.0,1.3903625212019281e-15,8.90878361833612,0.5558112837837965,8.908251162250702,0.5573421667860664
675,-41.543588743347044,0.5033003358443806,0.25127979755181934,0.1258765483948093,0.09447427167184218,-0.06307199494887074,1360.910375111263,10.910375111262965,9,0.41035634368613927,0.0,1.3944624723812626e-15,8.910906779826268,0.5558158841663527,8.910375111262994,0.5573444406115202
676,-41.559672617994735,0.5032962377272597,0.2512782963784222,0.12587544815840948,0.09447334737681128,-0.06307124659520912,1362.912495931244,10.912495931243939,9,0.41247722337266524,0.0,1.3985684532842877e-15,8.91302681450915,0.555820466896698,8.912495931243864,0.5573467040749936
677,-41.575735925641645,0.503292150565581,0.25127679906417844,0.12587435088286403,0.09447242559606617,-0.06307050030926474,1364.9146136314098,10.914613631409793,9,0.41459498647124704,0.0,1.4026804639016454e-15,8.91514373159231,0.5558250316357262,8.914613631409763,0.5573489568161941
678,-41.59177872221887,0.5032880743142495,0.25127530559370237,0.12587325655588605,0.09447150631910779,-0.06306975608232639,1366.916728220937,10.916728220937102,9,0.41670964213281536,0.0,1.4067985042240066e-15,8.917257540243284,0.5558295780489984,8.916728220937069,0.5573511984794546
679,-41.607801063423004,0.503284008928421,0.2512738159516915,0.12587216516525776,0.09447058953549627,-0.06306901390573208,1368.9188397089622,10.918839708962196,9,0.4188211994680344,0.0,1.4109225742420703e-15,8.919368249589809,0.5558341058067637,8.918839708962297,0.5573534287137556
680,-41.62380300471516,0.5032799543635005,0.2512723301229262,0.12587107669883016,0.09446967523485059,-0.06306827377086874,1370.9209481045825,10.920948104582521,9,0.4209296675475578,1.1368683772161603e-13,1.4150526739465655e-15,8.921475868720062,0.5558386145839813,8.920948104582354,0.5573556471727471
681,-41.639784601327534,0.5032759105751409,0.2512708480922689,0.1258699911445224,0.09446876340684807,-0.06306753566917192,1372.9230534168548,10.923053416854827,9,0.42303505540223973,0.0,1.4191888033282463e-15,8.923580406682884,0.555843104060339,8.923053416854726,0.557357853514767
682,-41.65574590826857,0.503271877519241,0.25126936984466397,0.1258689084903213,0.09446785404122403,-0.06306679959212538,1374.9251556547977,10.925155654797663,9,0.425137372023384,0.0,1.4233309623778978e-15,8.92568187248799,0.5558475739202731,8.925155654797734,0.5573600474028609
683,-41.67168698031018,0.5032678551519426,0.25126789536513633,0.12586782872428093,0.09446694712777128,-0.06306606553126073,1376.9272548273907,10.927254827390698,9,0.42723662636297277,0.0,1.4274791510863327e-15,8.927780275106205,0.555852023852984,8.92725482739074,0.5573622285047979
684,-41.68760787200074,0.5032638434296313,0.2512664246387918,0.1258667518345221,0.09446604265633986,-0.06306533347815714,1378.9293509435743,10.929350943574264,9,0.4293328273338819,0.0,1.4316333694443908e-15,8.929875623469673,0.5558564535524535,8.929350943574363,0.5573643964930879
685,-41.703508637669394,0.503259842308932,0.25126495765081586,0.1258656778092318,0.09446514061683642,-0.06306460342444088,1380.9314440122507,10.931444012250722,9,0.43142598381013286,0.0,1.43579361744294e-15,8.931967926472081,0.5558608627174584,8.931444012250719,0.557366551044996
686,-41.71938933141237,0.5032558517467094,0.2512634943864738,0.12586460663666327,0.0944642409992242,-0.06306387536178533,1382.9335340422836,10.933534042283554,9,0.43351610462709367,0.0,1.4399598950728756e-15,8.934057192968867,0.5558652510515845,8.93353404228361,0.557368691842555
687,-41.73525000710881,0.5032518717000651,0.25126203483110926,0.12586353830513455,0.09446334379352209,-0.06306314928191006,1384.935621042499,10.935621042498951,9,0.4356031985817186,1.1368683772161603e-13,1.4441322023251214e-15,8.936143431777449,0.5558696182632391,8.935621042498756,0.5573708185725793
688,-41.751090718413174,0.5032479021263365,0.2512605789701446,0.12586247280302906,0.09446244898980476,-0.06306242517658119,1386.937705021684,10.937705021683996,9,0.4376872744327631,0.0,1.4483105391906265e-15,8.938226651677422,0.555873964065662,8.937705021684009,0.5573729309266764
689,-41.76691151876076,0.5032439429830957,0.25125912678908,0.1258614101187945,0.09446155657820203,-0.06306170303761045,1388.9397859885896,10.93978598858962,9,0.4397683409010096,0.0,1.4524949056603696e-15,8.940306861410777,0.5558782881769347,8.939785988589556,0.5573750286012554
690,-41.782712461369826,0.503239994228146,0.25125767827349293,0.12586035024094264,0.09446066654889848,-0.06306098285685531,1390.941863951928,10.941863951928099,9,0.4418464066694838,0.0,1.4566853017253548e-15,8.942384069682115,0.5558825903199907,8.941863951928138,0.5573771112975384
691,-41.79849359923319,0.5032360558195225,0.2512562334090372,0.12585929315804872,0.09445977889213304,-0.06306026462621835,1392.9439389203753,10.94393892037533,9,0.4439214803836755,0.0,1.460881727376615e-15,8.944458285158843,0.5558868702226214,8.943938920375254,0.5573791787215663
692,-41.81425498513728,0.5032321277154888,0.2512547921814433,0.12585823885875125,0.09445889359819871,-0.06305954833764713,1394.9460109025692,10.946010902569242,9,0.44599357065174416,-1.1368683772161603e-13,1.465084182605207e-15,8.946529516471397,0.5558911276174844,8.94601090256937,0.5573812305842071
693,-41.82999667164888,0.5032282098745363,0.2512533545765173,0.12585718733175136,0.09445801065744217,-0.06305883398313375,1396.948079907112,10.94807990711206,9,0.44806268604475186,0.0,1.469292667402218e-15,8.948597772213429,0.5558953622421076,8.948079907112126,0.5573832666011614
694,-41.845718711112966,0.503224302255383,0.2512519205801406,0.12585613856581257,0.09445713006026336,-0.06305812155471469,1398.9501459425685,10.950145942568497,9,0.4501288350968604,0.0,1.4735071817587593e-15,8.950663060942029,0.5558995738388949,8.950145942568538,0.5573852864929677
695,-41.8614211556746,0.5032204048169708,0.2512504901782691,0.12585509254976,0.09445625179711507,-0.06305741104447034,1400.9522090174673,10.95220901746734,9,0.4521920263055499,1.1368683772161603e-13,1.4777277256659699e-15,8.952725391177918,0.5559037621551283,8.952209017467206,0.5573872899850046
696,-41.877104057257355,0.5032165175184651,0.25124906335693326,0.12585404927248053,0.09445537585850279,-0.06305670244452483,1402.9542691403005,10.95426914030054,9,0.4542522681318246,0.0,1.4819542991150132e-15,8.954784771405642,0.555907926942971,8.954269140300505,0.557389276807496
697,-41.892767467574835,0.5032126403192521,0.25124764010223677,0.1258530087229217,0.09445450223498399,-0.06305599574704555,1404.9563263195248,10.956326319524806,9,0.45630956900042996,0.0,1.4861869020970818e-15,8.956841210073787,0.5559120679594682,8.956326319524802,0.5573912466955102
698,-41.90841143813881,0.5032087731789386,0.2512462204003571,0.1258519708900919,0.09445363091716813,-0.06305529094424307,1406.9583805635607,10.958380563560695,9,0.45836393730004765,0.0,1.4904255346033923e-15,8.958894715595168,0.5559161849665479,8.958380563560638,0.5573931993889633
699,-41.92403602024039,0.5032049160573492,0.251244804237544,0.1258509357630593,0.09445276189571598,-0.06305458802837063,1408.9604318807928,10.96043188079284,9,0.4604153813835108,0.0,1.4946701966251878e-15,8.960945296347028,0.5559202777310199,8.960431880792932,0.5573951346326166
700,-41.93964126496964,0.5032010689145258,0.2512433916001196,0.12584990333095228,0.09445189516133955,-0.063053886991724,1410.962480279571,10.962480279571082,9,0.46246390956800454,0.0,1.4989208881537382e-15,8.962992960671228,0.5559243460245737,8.962480279571182,0.5573970521760769
701,-41.955227223215466,0.503197231710726,0.2512419824744782,0.12584887358295824,0.0944510307048015,-0.06305318782664111,1412.9645257682096,10.964525768209569,9,0.4645095301352651,0.0,1.5031776091803384e-15,8.965037716874448,0.5559283896237764,8.964525768209649,0.5573989517737945
702,-41.970793945651295,0.5031934044064207,0.2512405768470847,0.12584784650832362,0.09445016851691497,-0.06305249052550181,1414.9665683549877,10.966568354987658,9,0.46655225133178746,0.0,1.5074403596963083e-15,8.967079573228384,0.555932408310069,8.966568354987558,0.5574008331850588
703,-41.9863414827537,0.5031895869622939,0.2512391747044752,0.1258468220963533,0.09444930858854314,-0.06305179508072747,1416.9686080481495,10.968608048149463,9,0.46859208136902275,1.1368683772161603e-13,1.5117091396929945e-15,8.969118537969914,0.555936401869761,8.96860804814929,0.5574026961739962
704,-42.00186988479585,0.5031857793392408,0.2512377760332564,0.12584580033641055,0.09444845091059895,-0.06305110148478087,1418.9706448559045,10.970644855904538,9,0.4706290284235717,0.0,1.5159839491617674e-15,8.971154619301327,0.5559403700940263,8.970644855904565,0.5574045405095633
705,-42.01737920184127,0.5031819814983656,0.2512363808201046,0.12584478121791598,0.09444759547404459,-0.06305040973016568,1420.9726787864286,10.97267878642856,9,0.4726631006373925,0.0,1.5202647880940248e-15,8.973187825390475,0.555944312778896,8.972678786428641,0.5574063659655437
706,-42.03286948376694,0.5031781934009814,0.25123498905176533,0.1258437647303478,0.09444674226989141,-0.06304971980942646,1422.9747098478624,10.974709847862414,9,0.474694306117982,0.0,1.5245516564811887e-15,8.975218164370979,0.5559482297252506,8.97470984786249,0.5574081723205381
707,-42.048340780237545,0.5031744150086077,0.2512336007150534,0.1258427508632411,0.09444589128919939,-0.06304903171514811,1424.9767380483129,10.976738048312882,9,0.4767226529385802,-1.1368683772161603e-13,1.5288445543147057e-15,8.977245644342421,0.5559521207388134,8.976738048312994,0.5574099593579598
708,-42.06379314072551,0.5031706462829698,0.2512322157968521,0.1258417396061875,0.09444504252307695,-0.06304834543995577,1426.978763395853,10.978763395853093,9,0.47874814913836694,0.0,1.5331434815860481e-15,8.979270273370505,0.5559559856301397,8.978763395853132,0.5574117268660255
709,-42.07922661450035,0.5031668871859969,0.2512308342841127,0.12584073094883494,0.09444419596268055,-0.0630476609765145,1428.980785898522,10.980785898522072,9,0.48077080272263295,0.0,1.5374484382867123e-15,8.981292059487261,0.5559598242146085,8.98078589852215,0.557413474637745
710,-42.09464125064375,0.5031631376798207,0.25122945616385406,0.12583972488088688,0.09444335159921424,-0.06304697831752895,1430.9828055643256,10.982805564325645,9,0.482790621662998,-1.1368683772161603e-13,1.5417594244082196e-15,8.983311010691219,0.5559636363124106,8.98280556432576,0.557415202470913
711,-42.11003709803395,0.5031593977267746,0.25122808142316244,0.1258387213921026,0.0944425094239297,-0.06304629745574324,1432.9848224012364,10.984822401236443,9,0.4848076138975763,1.1368683772161603e-13,1.5460764399421173e-15,8.985327134947596,0.5559674217485384,8.98482240123631,0.5574169101680978
712,-42.125414205359604,0.5031556672893918,0.2512267100491905,0.12583772047229597,0.09444166942812543,-0.06304561838394047,1434.986836417193,10.98683641719299,9,0.4868217873311753,0.0,1.5503994848799738e-15,8.98734044018846,0.5559711803527722,8.986836417192967,0.5574185975366291
713,-42.140772621113754,0.503151946330404,0.2512253420291574,0.12583672211133592,0.09444083160314688,-0.06304494109494264,1436.988847620102,10.988847620101978,9,0.48883314983548054,0.0,1.5547285592133856e-15,8.989350934312931,0.5559749119596682,8.988847620101899,0.557420264388587
714,-42.15611239359725,0.5031482348127403,0.25122397735034807,0.12583572629914533,0.09443999594038577,-0.06304426558161023,1438.9908560178364,10.99085601783645,9,0.49084170924923853,0.0,1.559063662933971e-15,8.991358625187338,0.5559786164085445,8.990856017836446,0.5574219105407875
715,-42.17143357092236,0.503144532699526,0.25122261600011303,0.12583473302570147,0.09443916243128009,-0.06304359183684222,1440.9928616182374,10.992861618237384,9,0.4928474733784416,0.0,1.563404796033374e-15,8.993363520645405,0.555982293543466,8.992861618237308,0.5574235358147708
716,-42.18673620100761,0.5031408399540807,0.2512212579658677,0.12583374228103472,0.09443833106731357,-0.06304291985357545,1442.9948644291126,10.994864429112567,9,0.49485044999650896,-1.1368683772161603e-13,1.5677519585032608e-15,8.995365628488422,0.5559859432132297,8.994864429112704,0.5574251400367846
717,-42.202020331585544,0.5031371565399175,0.2512199032350919,0.1258327540552289,0.0944375018400154,-0.0630422496247846,1444.9968644582384,10.996864458238406,9,0.49685064684447156,-1.1368683772161603e-13,1.5721051503353238e-15,8.99736495648542,0.5559895652713487,8.99686445823856,0.5574267230377701
718,-42.21728601019621,0.503133482420742,0.25121855179533,0.1258317683384207,0.09443667474096007,-0.06304158114348189,1446.9988617133586,10.998861713358565,9,0.4988480716311443,0.0,1.5764643715212776e-15,8.999361512373351,0.5559931595760346,8.998861713358673,0.5574282846533466
719,-42.232533284197274,0.5031298175604502,0.25121720363418976,0.12583078512079943,0.09443584976176701,-0.06304091440271699,1449.000856202185,11.000856202185105,9,0.5008427320333144,1.1368683772161603e-13,1.5808296220528614e-15,9.001355303857236,0.5559967259901811,9.000856202184892,0.557429824723794
720,-42.247762200757954,0.5031261619231279,0.2512158587393426,0.1258298043926061,0.09443502689409998,-0.06304024939557624,1451.0028479323973,11.002847932397344,9,0.5028346356959066,0.0,1.5852009019218358e-15,9.003346338610367,0.5560002643813458,9.002847932397273,0.5574313430940355
721,-42.26297280686241,0.5031225154730483,0.25121451709852244,0.12582882614413404,0.09443420612966727,-0.06303958611518311,1453.0048369116444,11.004836911644361,9,0.504823790232173,0.0,1.5895782111199884e-15,9.005334624274443,0.5560037746217301,9.004836911644263,0.5574328396136214
722,-42.27816514930776,0.5031188781746734,0.25121317869952614,0.12582785036572777,0.09443338746022112,-0.06303892455469745,1455.006823147543,11.006823147542946,9,0.5068102032238553,0.0,1.5939615496391272e-15,9.007320168459769,0.5560072565881617,9.00682314754286,0.557434314136708
723,-42.29333927471342,0.5031152499926494,0.2512118435302125,0.12582687704778286,0.09443257087755745,-0.06303826470731536,1457.0088066476787,11.008806647678739,9,0.5087938822213669,0.0,1.5983509174710848e-15,9.009302978745396,0.5560107101620735,9.008806647678787,0.5574357665220406
724,-42.308495229512324,0.5031116308918079,0.25121051157850194,0.1258259061807461,0.09443175637351563,-0.0630376065662692,1459.0107874196067,11.010787419606686,9,0.5107748347439607,0.0,1.6027463146077174e-15,9.011283062679299,0.5560141352294826,9.010787419606649,0.5574371966329329
725,-42.32363305996074,0.5031080208371637,0.25120918283237637,0.1258249377551139,0.09443094393997803,-0.06303695012482677,1461.0127654708501,11.012765470850127,9,0.5127530682799062,0.0,1.6071477410409025e-15,9.013260427778548,0.55601753168097,9.012765470850105,0.5574386043372461
726,-42.33875281212637,0.5031044197939136,0.2512078572798785,0.12582397176143376,0.09443013356887006,-0.0630362953762919,1463.014740808902,11.014740808901934,9,0.5147285902866514,0.0,1.6115551967625422e-15,9.015235081529454,0.5560208994116578,9.014740808902028,0.5574399895073702
727,-42.35385453190399,0.5031008277274358,0.25120653490911155,0.12582300819030198,0.09442932525215945,-0.06303564231400331,1465.0167134412245,11.01671344122451,9,0.5167014081909951,-1.1368683772161603e-13,1.6159686817645609e-15,9.017207031387748,0.5560242383211873,9.016713441224665,0.5574413520201987
728,-42.3689382650114,0.5030972446032879,0.251205215708239,0.12582204703236521,0.09442851898185645,-0.06303499093133523,1467.0186833752498,11.018683375249793,9,0.518671529389259,0.0,1.6203881960389062e-15,9.019176284778727,0.5560275483136957,9.01868337524981,0.5574426917571106
729,-42.384004056985475,0.503093670387206,0.25120389966548395,0.1258210882783183,0.09442771475001309,-0.06303434122169636,1469.020650618379,11.020650618379022,9,0.520638961247446,0.0,1.6248137395775466e-15,9.021142849097425,0.5560308292977927,9.020650618378946,0.5574440086039447
730,-42.39905195318218,0.5030901050451041,0.2512025867691291,0.12582013191890584,0.09442691254872324,-0.06303369317853046,1471.0226151779834,11.022615177983425,9,0.5226037111014161,0.0,1.629245312372475e-15,9.023106731708769,0.5560340811865363,9.022615177983424,0.5574453024509778
731,-42.414081998789534,0.5030865485430721,0.251201277007516,0.12581917794491995,0.09442611237012209,-0.0630330467953152,1473.0245770614047,11.02457706140467,9,0.5245657862570372,0.0,1.6336829144157061e-15,9.02506793994774,0.5560373038974078,9.024577061404601,0.5574465731929014
732,-42.42909423881891,0.5030830008473751,0.2511999703690446,0.12581822634720163,0.09442531420638611,-0.06303240206556289,1475.026536275954,11.026536275953958,9,0.5265251939903646,0.0,1.6381265456992758e-15,9.027026481119515,0.5560404973522871,9.026536275954022,0.5574478207287965
733,-42.444088718102115,0.5030794619244522,0.25119866684217346,0.12581727711663926,0.09442451804973262,-0.06303175898281951,1477.0284928289136,11.028492828913613,9,0.5284819415477866,0.0,1.6425762062152452e-15,9.028982362499645,0.5560436614774269,9.028492828913551,0.5574490449621095
734,-42.45906548130677,0.5030759317409157,0.25119736641541895,0.12581633024416905,0.09442372389241956,-0.06303111754066494,1479.0304467275355,11.030446727535491,9,0.5304360361462006,0.0,1.6470318959556933e-15,9.030935591334194,0.5560467962034266,9.030446727535544,0.5574502458006262
735,-42.4740245729211,0.5030724102635491,0.2511960690773548,0.12581538572077414,0.09442293172674521,-0.06303047773271248,1481.032397979043,11.032397979043026,9,0.5323874849731602,0.0,1.6514936149127252e-15,9.032886174839897,0.5560499014652054,9.032397979042992,0.5574514231564484
736,-42.488966037267986,0.5030688974593067,0.2511947748166119,0.12581444353748478,0.09442214154504795,-0.06302983955260871,1483.0343465906296,11.034346590629639,9,0.5343362951870443,0.0,1.655961363078465e-15,9.034834120204314,0.5560529772019748,9.034346590629683,0.557452576945964
737,-42.50388991849738,0.5030653932953123,0.251193483621878,0.12581350368537755,0.09442135333970596,-0.06302920299403326,1485.0362925694603,11.036292569460329,9,0.5362824739172041,0.0,1.6604351404450598e-15,9.036779434585984,0.5560560233572126,9.036292569460343,0.5574537070898248
738,-42.51879626058633,0.503061897738858,0.25119219548189714,0.12581256615557548,0.094420567103137,-0.06302856805069869,1487.038235922671,11.038235922670992,9,0.538226028264134,1.1368683772161603e-13,1.6649149470046793e-15,9.038722125114568,0.5560590398786329,9.038235922670808,0.5574548135129159
739,-42.533685107349974,0.5030584107574037,0.25119091038546976,0.12581163093924763,0.09441978282779824,-0.06302793471635018,1489.0401766573682,11.040176657368193,9,0.540166965299612,0.0,1.6694007827495119e-15,9.040662198891004,0.5560620267181591,9.040176657368141,0.5574558961443302
740,-42.548556502427445,0.503054932318575,0.25118962832145175,0.12581069802760872,0.09441900050618578,-0.06302730298476537,1491.042114780631,11.042114780630982,9,0.5421052920668661,1.1368683772161603e-13,1.6738926476717709e-15,9.042599662987662,0.5560649838318943,9.042114780630818,0.5574569549173399
741,-42.56341048930424,0.503051462390163,0.25118834927875416,0.12580976741191857,0.0944182201308345,-0.06302667284975395,1493.0440502995089,11.044050299508854,9,0.5440410155807207,0.0,1.678390541763688e-15,9.044534524448478,0.5560679111800924,9.044050299508848,0.5574579897693688
742,-42.57824711128574,0.5030480009401225,0.2511870732463436,0.12580883908348256,0.09441744169431789,-0.06302604430515787,1495.045983221024,11.045983221024017,9,0.5459741428277542,0.0,1.6828944650175194e-15,9.046466790289113,0.5560708087271283,9.045983221023937,0.5574590006419627
743,-42.59306641151828,0.5030445479365716,0.2511858002132408,0.12580791303365035,0.09441666518924777,-0.06302541734485066,1497.0479135521696,11.047913552169575,9,0.5479046807664432,0.0,1.6874044174255396e-15,9.04839646749709,0.556073676441468,9.047913552169621,0.5574599874807614
744,-42.60786843298849,0.5030411033477911,0.25118453016852116,0.1258069892538166,0.09441589060827392,-0.0630247919627376,1499.0498412999113,11.04984129991135,9,0.5498326363273236,0.0,1.6919203989800463e-15,9.050323563031952,0.556076514295638,9.049841299911426,0.5574609502354683
745,-42.622653218513875,0.5030376671422214,0.25118326310131406,0.12580606773541975,0.09441511794408393,-0.06302416815275524,1501.051766471187,11.051766471186966,9,0.5517580164131335,0.0,1.6964424096733565e-15,9.052248083825386,0.5560793222661945,9.051766471187007,0.5574618888598218
746,-42.637420810744395,0.5030342392884639,0.25118199900080224,0.1258051484699422,0.09441434718940296,-0.06302354590887127,1503.0536890729063,11.053689072906309,9,0.5536808278989565,0.0,1.7009704494978096e-15,9.054170036781384,0.5560821003336924,9.053689072906279,0.5574628033115644
747,-42.652171252184374,0.5030308197552783,0.251180737856222,0.1258042314489106,0.09441357833699356,-0.0630229252250847,1505.0556091119515,11.055609111951526,9,0.5556010776323816,0.0,1.7055045184457645e-15,9.056089428776385,0.5560848484826545,9.05560911195158,0.5574636935524121
748,-42.666904585158115,0.5030274085115822,0.25117947965686244,0.12580331666389397,0.09441281137965511,-0.06302230609542483,1507.0575265951777,11.057526595177706,9,0.5575187724336388,0.0,1.7100446165096023e-15,9.058006266659396,0.5560875667015381,9.057526595177794,0.5574645595480245
749,-42.68162085184855,0.5030240055264511,0.25117822439206583,0.1258024041065053,0.09441204631022412,-0.06302168851395197,1509.0594415294127,11.059441529412652,9,0.5594339190957545,1.1368683772161603e-13,1.7145907436817239e-15,9.059920557252163,0.5560902549827047,9.059441529412513,0.5574654012679728
750,-42.69632009426331,0.5030206107691146,0.2511769720512258,0.1258014937683997,0.09441128312157346,-0.06302107247475652,1511.0613539214562,11.061353921456202,9,0.5613465243846871,0.0,1.7191428999545502e-15,9.061832307349281,0.5560929133223862,9.061353921456158,0.557466218685709
751,-42.71100235425921,0.5030172242089593,0.25117572262378896,0.12580058564127533,0.09441052180661252,-0.06302045797195929,1513.0632637780823,11.063263778082273,9,0.563256595039471,1.1368683772161603e-13,1.7237010853205238e-15,9.063741523718356,0.5560955417206533,9.06326377808212,0.5574670117785343
752,-42.725667673535966,0.5030138458155237,0.251174476099253,0.12579967971687217,0.09440976235828663,-0.06301984499971092,1515.065171106037,11.065171106037042,9,0.5651641377723688,1.1368683772161603e-13,1.728265299772106e-15,9.065648213100127,0.556098140181382,9.065171106036912,0.5574677805275663
753,-42.74031609363564,0.5030104755585006,0.25117323246716694,0.12579877598697237,0.09440900476957723,-0.06301923355219194,1517.0670759120403,11.067075912040309,9,0.5670691592690016,0.0,1.7328355433017805e-15,9.067552382208614,0.5561007087122202,9.067075912040291,0.5574685249177082
754,-42.75494765594223,0.5030071134077343,0.2511719917171313,0.12579787444339982,0.0944082490335012,-0.06301862362361252,1519.0689782027855,11.068978202785502,9,0.5689716661884994,0.0,1.7374118159020503e-15,9.069454037731248,0.5561032473245542,9.068978202785402,0.5574692449376145
755,-42.7695624016869,0.5030037593332202,0.251170753838797,0.12579697507801985,0.09440749514311103,-0.06301801520821221,1521.070877984939,11.070877984938988,9,0.570871665163633,0.0,1.741994117565437e-15,9.071353186329004,0.5561057560334759,9.070877984938916,0.5574699405796596
756,-42.78416037194434,0.5030004133051036,0.25116951882186533,0.12579607788273886,0.09440674309149433,-0.06301740830025981,1523.0727752651412,11.072775265141217,9,0.5727691628009559,0.0,1.7465824482844845e-15,9.073249834636542,0.5561082348577473,9.072775265141154,0.5574706118399048
757,-42.79874160763661,0.5029970752936785,0.2511682866560877,0.12579518284950408,0.09440599287177362,-0.06301680289405316,1525.0746700500063,11.074670050006262,9,0.5746641656809466,0.0,1.7511768080517555e-15,9.07514398926234,0.5561106838197672,9.074670050006231,0.557471258718064
758,-42.81330614953346,0.5029937452693883,0.25116705733126543,0.12579428997030362,0.09440524447710633,-0.06301619898391897,1527.076562346122,11.076562346122046,9,0.5765566803581343,-1.1368683772161603e-13,1.7557771968598315e-15,9.077035656788821,0.5561131029455371,9.076562346122186,0.5574718812174713
759,-42.8278540382493,0.5029904232028226,0.25116583083724914,0.12579339923716576,0.09440449790068425,-0.06301559656421266,1529.078452160051,11.078452160051029,9,0.5784467133612523,0.0,1.7603836147013165e-15,9.078924843772487,0.5561154922646252,9.078452160051116,0.5574724793450468
760,-42.842385314254834,0.5029871090647174,0.2511646071639388,0.12579251064215913,0.09440375313573368,-0.06301499562931817,1531.0803394983295,11.080339498329522,9,0.5803342711933581,1.1368683772161603e-13,1.7649960615688321e-15,9.080811556744056,0.5561178518101328,9.080339498329302,0.5574730531112626
761,-42.856900017861626,0.5029838028259545,0.2511633863012832,0.125791624177392,0.09440301017551488,-0.06301439617364768,1533.0822243674675,11.082224367467461,9,0.5822193603319725,0.0,1.7696145374550187e-15,9.082695802208585,0.5561201816186586,9.082224367467344,0.557473602530109
762,-42.87139818923412,0.50298050445756,0.2511621682392797,0.12579073983501243,0.09440226901332206,-0.06301379819164164,1535.0841067739505,11.084106773950452,9,0.5841019872292179,1.1368683772161603e-13,1.7742390423525384e-15,9.084577586645601,0.5561224817302638,9.084106773950289,0.5574741276190608
763,-42.88587986838917,0.5029772139307033,0.25116095296797386,0.12578985760720762,0.09440152964248294,-0.06301320167776829,1537.0859867242377,11.085986724237728,9,0.5859821583119409,0.0,1.7788695762540705e-15,9.086456916509235,0.5561247521884364,9.085986724237758,0.557474628399041
764,-42.90034509519563,0.5029739312166971,0.25115974047745937,0.12578897748620424,0.09440079205635901,-0.06301260662652385,1539.0878642247642,11.08786422476419,9,0.587859879981858,0.0,1.783506139152316e-15,9.08833379822834,0.5561269930400554,9.087864224764084,0.5574751048943885
765,-42.91479390937066,0.5029706562869949,0.2511585307578773,0.12578809946426736,0.09440005624834455,-0.06301201303243198,1541.0897392819384,11.089739281938364,9,0.5897351586156745,0.0,1.7881487310399923e-15,9.09020823820663,0.5561292043353561,9.089739281938426,0.557475557132821
766,-42.92922635049058,0.5029673891131923,0.2511573237994167,0.12578722353370114,0.09439932221186734,-0.06301142089004391,1543.091611902145,11.091611902144905,9,0.591608000565218,0.0,1.792797351909839e-15,9.0920802428228,0.5561313861278926,9.091611902144901,0.5574759851454028
767,-42.94364245798204,0.5029641296670238,0.25115611959231304,0.12578634968684776,0.09439858994038762,-0.06301083019393809,1545.0934820917428,11.093482091742771,9,0.5934784121575714,0.0,1.7974520017546117e-15,9.093949818430643,0.556133538474503,9.093482091742718,0.5574763889665068
768,-42.95804227112238,0.5029608779203639,0.25115491812684915,0.1257854779160877,0.09439785942739848,-0.06301024093872003,1547.0953498570661,11.09534985706614,9,0.5953463996951971,-1.1368683772161603e-13,1.802112680567087e-15,9.095816971359197,0.556135661435273,9.095349857066283,0.557476768633781
769,-42.97242582905295,0.5029576338452248,0.25115371939335407,0.12578460821383933,0.09439713066642524,-0.06300965311902222,1549.0972152044253,11.09721520442531,9,0.5972119694560654,0.0,1.8067793883400602e-15,9.097681707912843,0.5561377550734994,9.097215204425348,0.5574771241881133
770,-42.98679317076711,0.5029543974137567,0.25115252338220334,0.12578374057255864,0.09439640365102558,-0.0630090667295039,1551.0990781401051,11.09907814010512,9,0.5990751276937853,0.0,1.8114521250663447e-15,9.099544034371453,0.5561398194556537,9.099078140105117,0.5574774556735946
771,-43.001144335111114,0.5029511685982458,0.2511513300838184,0.12578287498473903,0.09439567837478907,-0.06300848176485092,1553.1009386703663,11.100938670366304,9,0.6009358806377225,0.0,1.8161308907387722e-15,9.101403956990492,0.5561418546513454,9.100938670366371,0.5574777631374856
772,-43.01547936079071,0.5029479473711144,0.25115013948866616,0.12578201144291093,0.09439495483133713,-0.06300789821977543,1555.1027968014457,11.10279680144572,9,0.6027942344931301,1.1368683772161603e-13,1.820815685350194e-15,9.103261482001148,0.5561438607332857,9.102796801445594,0.5574780466301771
773,-43.029798286376,0.5029447337049193,0.25114895158725925,0.125781149939642,0.09439423301432279,-0.06300731608901601,1557.1046525395552,11.104652539555218,9,0.6046501954412733,1.1368683772161603e-13,1.82550650889348e-15,9.10511661561046,0.5561458377772514,9.104652539555097,0.557478306205159
774,-43.044101150288334,0.5029415275723519,0.2511477663701553,0.12578029046753644,0.09439351291743044,-0.06300673536733724,1559.1065058908832,11.106505890883227,9,0.6065037696395521,0.0,1.8302033613615173e-15,9.106969364001426,0.5561477858620465,9.106505890883136,0.5574785419189817
775,-43.058387990809194,0.5029383289462367,0.2511465838279569,0.12577943301923505,0.09439279453437581,-0.06300615604952971,1561.108356861594,11.108356861594075,9,0.6083549632216219,0.0,1.8349062427472128e-15,9.108819733333132,0.5561497050694667,9.108356861594022,0.5574787538312199
776,-43.072658846087414,0.5029351377995301,0.25114540395131124,0.12577857758741473,0.09439207785890544,-0.06300557813040968,1563.1102054578282,11.110205457828215,9,0.6102037822975177,0.0,1.8396151530434906e-15,9.110667729740868,0.5561515954842625,9.110205457828258,0.5574789420044377
777,-43.08691375412294,0.5029319541053208,0.25114422673090975,0.12577772416478844,0.09439136288479685,-0.06300500160481909,1565.1120516857027,11.112051685702681,9,0.6120502329537718,0.0,1.8443300922432945e-15,9.112513359336235,0.5561534571941008,9.112051685702639,0.5574791065041519
778,-43.101152752783484,0.502928777836828,0.25114305215748817,0.12577687274410515,0.0943906496058582,-0.06300442646762541,1567.1138955513104,11.113895551310407,9,0.613894321253543,0.0,1.849051060339585e-15,9.11435662820729,0.5561552902895298,9.113895551310389,0.5574792473987962
779,-43.11537587979952,0.5029256089674006,0.25114188022182565,0.12577602331814908,0.09438993801592795,-0.06300385271372122,1569.1157370607211,11.11573706072113,9,0.6157360532367218,-1.1368683772161603e-13,1.8537780573253406e-15,9.116197542418629,0.55615709486394,9.115737060721255,0.5574793647596845
780,-43.129583172761286,0.502922447470517,0.2511407109147451,0.1257751758797399,0.09438922810887486,-0.06300328033802434,1571.1175762199816,11.117576219981629,9,0.6175754349200666,0.0,1.8585110831935587e-15,9.118036108011534,0.556158871013529,9.11757621998165,0.5574794586609754
781,-43.14377466912136,0.5029192933197842,0.251139544227113,0.1257743304217328,0.09438851987859793,-0.06300270933547772,1573.1194130351148,11.119413035114803,9,0.6194124722973076,0.0,1.8632501379372546e-15,9.11987233100406,0.5561606188372629,9.119413035114745,0.5574795291796352
782,-43.15795040620291,0.5029161464889366,0.2511383801498384,0.1257734869370174,0.09438781331902585,-0.06300213970104895,1575.1212475121206,11.12124751212059,9,0.6212471713392667,0.0,1.86799522154946e-15,9.121706217391177,0.556162338436839,9.121247512120592,0.5574795763954014
783,-43.17211042118804,0.502913006951835,0.2511372186738733,0.12577264541851813,0.09438710842411693,-0.06300157142973034,1577.1230796569762,11.123079656976188,9,0.6230795379939842,0.0,1.872746334023226e-15,9.123537773144864,0.5561640299166508,9.123079656976246,0.5574796003907472
784,-43.18625475112999,0.5029098746824671,0.2511360597902122,0.1257718058591941,0.09438640518785925,-0.06300100451653882,1579.1249094756358,11.124909475635832,9,0.6249095781868199,0.0,1.877503475351621e-15,9.125367004214226,0.5561656933837476,9.124909475635867,0.5574796012508445
785,-43.20038343294002,0.5029067496549454,0.25113490348989215,0.12577096825203865,0.09438570360427005,-0.06300043895651565,1581.126736974031,11.126736974031019,9,0.6267372978205792,1.1368683772161603e-13,1.88226664552773e-15,9.127193916525616,0.5561673289477994,9.126736974030841,0.5574795790635282
786,-43.21449650340539,0.502903631843507,0.2511337497639916,0.1257701325900789,0.09438500366739572,-0.06299987474472626,1583.12856215807,11.128562158070054,9,0.6285627027756231,1.1368683772161603e-13,1.887035844544657e-15,9.129018515982736,0.5561689367210594,9.128562158069885,0.5574795339192588
787,-43.22859399917103,0.5029005212225127,0.25113259860363135,0.12576929886637622,0.09438430537131162,-0.06299931187626027,1585.1303850336392,11.130385033639186,9,0.6303857989099839,0.0,1.8918110723955206e-15,9.130840808466756,0.5561705168183266,9.130385033639167,0.5574794659110864
788,-43.242675956765154,0.5028974177664468,0.2511314499999735,0.12576846707402545,0.09438360871012198,-0.0629987503462312,1587.1322056066024,11.132205606602383,9,0.6322065920594735,0.0,1.8965923290734615e-15,9.13266079983642,0.5561720693569083,9.132205606602408,0.5574793751346147
789,-43.25674241256855,0.502894321449915,0.25113030394422114,0.1257676372061547,0.09438291367795955,-0.0629981901497763,1589.134023882801,11.134023882801102,9,0.6340250880378004,0.0,1.9013796145716334e-15,9.13447849592816,0.5561735944565835,9.134023882801,0.5574792616879649
790,-43.27079340284044,0.5028912322476456,0.251129160427619,0.12576680925592568,0.09438222026898559,-0.06299763128205664,1591.135839868054,11.135839868054063,9,0.6358412926366803,0.0,1.906172928883209e-15,9.136293902556197,0.5561750922395656,9.135839868054106,0.557479125671738
791,-43.284828963708144,0.5028881501344868,0.25112801944145197,0.12576598321653268,0.09438152847738951,-0.06299707373825648,1593.1376535681588,11.13765356815884,9,0.6376552116259457,0.0,1.9109722720013783e-15,9.138107025512667,0.5561765628304648,9.13765356815878,0.5574789671889795
792,-43.298849131169554,0.5028850750854078,0.251126880977046,0.1257651590812033,0.09438083829738904,-0.06299651751358386,1595.13946498889,11.13946498889004,9,0.6394668507536583,0.0,1.915777643919348e-15,9.139917870567704,0.5561780063562517,9.139464988890072,0.5574787863451434
793,-43.312853941094026,0.502882007075496,0.25112574502576684,0.12576433684319735,0.09438014972322956,-0.06299596260326965,1597.1412741360011,11.14127413600113,9,0.6412762157462115,0.0,1.9205890446303414e-15,9.141726443469574,0.5561794229462202,9.141274136001126,0.5574785832480552
794,-43.32684342922518,0.5028789460799588,0.25112461157902083,0.1257635164958073,0.09437946274918439,-0.06299540900256807,1599.1430810152233,11.143081015223288,9,0.6430833123084536,0.0,1.9254064741275992e-15,9.14353274994476,0.5561808127319504,9.143081015223304,0.5574783580078758
795,-43.34081763117479,0.5028758920741204,0.2511234806282537,0.12576269803235773,0.09437877736955429,-0.06299485670675609,1601.1448856322663,11.144885632266323,9,0.6448881461237761,0.0,1.9302299324043792e-15,9.145336795698078,0.5561821758472711,9.14488563226627,0.5574781107370658
796,-43.354776582429544,0.5028728450334222,0.25112235216495093,0.12576188144620523,0.09437809357866753,-0.06299430571113357,1603.146687992818,11.146687992817988,9,0.64669072285424,-1.1368683772161603e-13,1.9350594194539545e-15,9.14713858641279,0.5561835124282242,9.146687992818123,0.5574778415503489
797,-43.3687203183525,0.5028698049334237,0.25112122618063765,0.12576106673073842,0.09437741137087964,-0.06299375601102311,1605.1484881025453,11.148488102545343,9,0.64849104814067,-1.1368683772161603e-13,1.9398949352696172e-15,9.148938127750693,0.5561848226130268,9.148488102545478,0.5574775505646764
798,-43.382648874177406,0.5028667717497983,0.2511201026668778,0.12576025387937734,0.0943767307405732,-0.06299320760176971,1607.1502859670934,11.150285967093396,9,0.6502891276027629,-1.1368683772161603e-13,1.944736479844675e-15,9.150735425352234,0.5561861065420355,9.15028596709358,0.5574772378991903
799,-43.39656228501589,0.5028637454583356,0.2511189816152741,0.12575944288557356,0.09437605168215768,-0.06299266047874079,1609.1520815920865,11.15208159208646,9,0.652084966839201,0.0,1.9495840531724515e-15,9.152530484836607,0.5561873643577087,9.152081592086418,0.5574769036751881
800,-43.41046058585573,0.5028607260349393,0.2511178630174683,0.12575863374280988,0.09437537419006929,-0.06299211463732605,1611.1538749831268,11.153874983126798,9,0.6538785714277466,0.0,1.954437655246287e-15,9.154323311801871,0.5561885962045705,9.153874983126808,0.5574765480160877
801,-43.424343811555616,0.5028577134556269,0.2511167468651405,0.1257578264446001,0.09437469825877089,-0.06299157007293726,1613.1556661457967,11.155666145796658,9,0.6556699469253484,1.1368683772161603e-13,1.9592972860595394e-15,9.156113911825031,0.556189802229175,9.155666145796511,0.5574761710473894
802,-43.438211996856396,0.5028547076965292,0.25111563315000895,0.12575702098448913,0.0943740238827518,-0.06299102678100835,1615.1574550856565,11.157455085656466,9,0.6574590988682516,1.1368683772161603e-13,1.964162945605581e-15,9.157902290462154,0.5561909825800687,9.157455085656329,0.5574757728966425
803,-43.45206517637435,0.5028517087338892,0.25111452186383004,0.12575621735605225,0.09437335105652749,-0.06299048475699486,1617.1592418082462,11.159241808246179,9,0.6592460327720904,0.0,1.969034633877801e-15,9.159688453248465,0.5561921374077549,9.159241808246207,0.5574753536934086
804,-43.46590338460359,0.5028487165440614,0.2511134129983978,0.12575541555289546,0.09437267977463963,-0.06298994399637423,1619.1610263190853,11.161026319085295,9,0.6610307541319997,0.0,1.9739123508696077e-15,9.161472405698458,0.5561932668646574,9.161026319085337,0.5574749135692255
805,-43.47972665592055,0.5028457311035122,0.25111230654554384,0.12575461556865508,0.09437201003165589,-0.06298940449464548,1621.1628086236722,11.162808623672163,9,0.6628132684227097,0.0,1.978796096574421e-15,9.163254153305981,0.5561943711050847,9.162808623672253,0.5574744526575736
806,-43.493535024572154,0.5028427523888174,0.25111120249713725,0.12575381739699729,0.09437134182216961,-0.062988866247329,1623.164588727485,11.164588727484897,9,0.6645935810986501,0.0,1.9836858709856798e-15,9.165033701544342,0.5561954502851938,9.164588727484938,0.5574739710938396
807,-43.50732852469321,0.5028397803766631,0.2511101008450841,0.12575302103161862,0.09437067514079986,-0.06298832924996663,1625.166366635981,11.166366635980921,9,0.6663716975940517,0.0,1.988581674096838e-15,9.166811055866415,0.556196504562954,9.166366635980914,0.5574734690152803
808,-43.52110719029677,0.5028368150438448,0.25110900158132754,0.1257522264662451,0.09437000998219121,-0.06298779349812139,1627.1681423545974,11.168142354597421,9,0.6681476233230406,0.0,1.9934835059013662e-15,9.168586221704725,0.556197534098112,9.168142354597348,0.5574729465609889
809,-43.5348710552736,0.5028338563672662,0.25110790469784744,0.1257514336946325,0.0943693463410136,-0.06298725898737742,1629.1699158887511,11.16991588875112,9,0.6699213636797428,0.0,1.9983913663927496e-15,9.17035920447156,0.5561985390521559,9.169915888751149,0.55747240387186
810,-43.54862015339914,0.5028309043239384,0.25110681018666003,0.12575064271056574,0.09436868421196204,-0.0629867257133397,1631.171687243839,11.17168724383896,9,0.671692924038382,0.0,5.008263138911225e-16,9.172130009559059,0.5561995195882794,9.171687243839063,0.5574718410905546
811,-43.562354518329656,0.5028279588909804,0.25110571803981774,0.12574985350785928,0.09436802358975664,-0.0629861936716342,1633.1734564252376,11.173456425237646,9,0.6734623097533721,-1.1368683772161603e-13,5.020562933525262e-16,9.173898642339307,0.5562004758713472,9.173456425237768,0.5574712583614639
812,-43.57607418360397,0.5028250200456174,0.25110462824940927,0.12574906608035655,0.09436736446914247,-0.06298566285790755,1635.1752234383039,11.175223438303874,9,0.6752295261594217,0.0,5.03287779980782e-16,9.175665108164445,0.5562014080678593,9.17522343830398,0.5574706558306773
813,-43.589779182641735,0.5028220877651803,0.2511035408075592,0.1257482804219298,0.09436670684488922,-0.06298513326782693,1637.1769882883743,11.176988288374332,9,0.6769945785716285,-1.1368683772161603e-13,5.045207737742768e-16,9.177429412366749,0.5562023163459159,9.176988288374538,0.557470033645946
814,-43.603469548752706,0.5028191620271064,0.2511024557064278,0.12574749652647993,0.09436605071179127,-0.06298460489708002,1639.1787509807664,11.178750980766381,9,0.678757472285568,-1.1368683772161603e-13,5.057552747314021e-16,9.17919156025874,0.5562032008751829,9.178750980766504,0.5574693919566491
815,-43.61714531512434,0.5028162428089364,0.25110137293821055,0.1257467143879367,0.09436539606466741,-0.06298407774137495,1641.1805115207774,11.180511520777372,9,0.6805182125773985,1.1368683772161603e-13,5.069912828505527e-16,9.180951557133264,0.556204061826857,9.180511520777253,0.5574687309137596
816,-43.63080651483135,0.502813330088316,0.2511002924951385,0.1257459340002579,0.09436474289836076,-0.06298355179643993,1643.1822699136846,11.18226991368465,9,0.6822768047039567,0.0,5.08228798130127e-16,9.182709408263596,0.5562048993736305,9.182269913684586,0.5574680506698112
817,-43.64445318083266,0.5028104238429936,0.2510992143694774,0.12574515535742964,0.09436409120773848,-0.0629830270580233,1645.184026164747,11.18402616474691,9,0.6840332539028431,1.1368683772161603e-13,5.094678205685281e-16,9.184465118903534,0.556205713689658,9.184026164746792,0.5574673513788617
818,-43.658085345973966,0.502807524050821,0.25109813855352814,0.125744378453466,0.09436344098769187,-0.06298250352189347,1647.1857802792028,11.185780279202845,9,0.6857875653925216,0.0,5.107083501641623e-16,9.186218694287486,0.5562065049505209,9.18578027920277,0.5574666331964627
819,-43.67170304298855,0.5028046306897522,0.2510970650396263,0.12574360328240913,0.09436279223313604,-0.06298198118383871,1649.187532262272,11.187532262272043,9,0.6875397443724083,0.0,5.119503869154399e-16,9.18797013963057,0.5562072733331944,9.187532262272104,0.5574658962796237
820,-43.685306304491014,0.5028017437378435,0.2510959938201418,0.1257428298383287,0.09436214493900993,-0.06298146003966705,1651.1892821191552,11.189282119155223,9,0.689289796022976,0.0,5.131939308207752e-16,9.189719460128694,0.5562080190160126,9.189282119155168,0.5574651407867793
821,-43.698895162992926,0.5027988631732508,0.25109492488747875,0.12574205811532196,0.09436149910027598,-0.06298094008520616,1653.1910298550333,11.191029855033321,9,0.6910377255058275,1.1368683772161603e-13,5.144389818785858e-16,9.191466660958662,0.5562087421786347,9.1910298550332,0.5574643668777557
822,-43.712469650882234,0.5027959889742323,0.2510938582340756,0.12574128810751367,0.09436085471192011,-0.06298042131630324,1655.1927754750684,11.192775475068402,9,0.6927835379638037,0.0,5.156855400872933e-16,9.193211747278262,0.5562094430020126,9.192775475068414,0.5574635747137379
823,-43.72602980044462,0.5027931211191443,0.25109279385240413,0.1257405198090554,0.09436021176895147,-0.0629799037288248,1657.194518984404,11.194518984404112,9,0.694527238521065,0.0,5.169336054453233e-16,9.194954724226339,0.5562101216683559,9.194518984404077,0.557462764457237
824,-43.73957564385046,0.502790259586444,0.2510917317349705,0.12573975321412623,0.09435957026640254,-0.06297938731865686,1659.1962603881645,11.196260388164546,9,0.6962688322831863,0.0,5.181831779511046e-16,9.196695596922913,0.5562107783610994,9.196260388164601,0.5574619362720561
825,-43.75310721316186,0.5027874043546865,0.25109067187431405,0.12573898831693198,0.09435893019932878,-0.06297887208170448,1661.1979996914556,11.197999691455607,9,0.698008324337243,0.0,5.194342576030703e-16,9.198434370469244,0.5562114132648701,9.197999691455637,0.5574610903232595
826,-43.766624540325346,0.5027845554025254,0.2510896142630072,0.12573822511170504,0.09435829156280849,-0.06297835801389186,1663.199736899364,11.199736899364098,9,0.6997457197519044,0.0,5.206868443996567e-16,9.20017104994794,0.556212026565454,9.19973689936416,0.5574602267771386
827,-43.780127657186384,0.5027817127087117,0.2510885588936558,0.12573746359270468,0.09435765435194286,-0.06297784511116215,1665.2014720169584,11.201472016958405,9,0.701481023577518,-1.1368683772161603e-13,5.219409383393042e-16,9.201905640423032,0.5562126184497636,9.201472016958554,0.5574593458011804
828,-43.79361659547324,0.5027788762520942,0.25108750575889865,0.12573670375421636,0.09435701856185569,-0.0629773333694774,1667.2032050492887,11.203205049288727,9,0.7032142408462025,0.0,5.231965394204568e-16,9.203638146940063,0.5562131891058044,9.203205049288712,0.5574584475640363
829,-43.80709138681177,0.5027760460116169,0.2510864548514069,0.1257359455905517,0.09435638418769308,-0.06297682278481825,1669.204936001386,11.204936001385931,9,0.7049453765719313,-1.1368683772161603e-13,5.244536476415613e-16,9.205368574526187,0.5562137387226447,9.204936001386114,0.5574575322354878
830,-43.820552062716736,0.5027732219663209,0.25108540616388475,0.12573518909604878,0.09435575122462389,-0.06297631335318424,1671.2066648782638,11.206664878263837,9,0.7066744357506209,0.0,5.257122630010699e-16,9.20709692819024,0.5562142674903807,9.206664878263913,0.557456599986417
831,-43.833998654595995,0.5027704040953422,0.25108435968906856,0.12573443426507144,0.09435511966783894,-0.06297580507059324,1673.2083916849172,11.20839168491716,9,0.70840142336022,1.1368683772161603e-13,5.269723854974368e-16,9.208823212922844,0.5562147756001072,9.208391684917029,0.557455650988774
832,-43.84743119375112,0.502767592377912,0.2510833154197268,0.12573368109200925,0.09435448951255122,-0.06297529793308161,1675.2101164263224,11.210116426322429,9,0.710126344360793,1.1368683772161603e-13,5.282340151291205e-16,9.210547433696476,0.5562152632438836,9.21011642632223,0.5574546854155459
833,-43.86084971137451,0.5027647867933553,0.25108227334866,0.1257329295712776,0.09435386075399577,-0.06297479193670405,1677.2118391074382,11.211839107438209,9,0.7118492036946034,0.0,5.294971518945829e-16,9.212269595465568,0.5562157306147038,9.211839107438216,0.5574537034407255
834,-43.87425423855942,0.5027619873210916,0.25108123346870076,0.12573217969731731,0.09435323338742949,-0.0629742870775335,1679.2135597332058,11.213559733205784,9,0.7135700062862043,0.0,5.307617957922899e-16,9.213989703166575,0.5562161779064639,9.213559733205713,0.5574527052392803
835,-43.88764480628088,0.5027591939406327,0.2510801957727131,0.12573143146459462,0.09435260740813092,-0.06297378335166093,1681.2152783085476,11.215278308547568,9,0.7152887570425204,0.0,5.320279468207106e-16,9.21570776171808,0.5562166053139321,9.215278308547544,0.5574516909871216
836,-43.90102144542052,0.5027564066315836,0.2510791602535924,0.1257306848676007,0.09435198281140027,-0.0629732807551953,1683.2169948383687,11.216994838368691,9,0.7170054608529313,0.0,5.332956049783175e-16,9.217423776020867,0.5562170130327169,9.21699483836873,0.5574506608610743
837,-43.914384186751384,0.5027536253736418,0.2510781269042657,0.12572993990085218,0.09435135959255926,-0.06297277928426359,1685.2187093275566,11.218709327556553,9,0.7187201225893549,0.0,5.345647702635871e-16,9.219137750958001,0.5562174012592361,9.218709327556555,0.557449615038846
838,-43.927733060942934,0.502750850146596,0.251077095717691,0.12572919655889048,0.09435073774695096,-0.06297227893501058,1687.2204217809806,11.220421780980587,9,0.7204327471063312,0.0,5.358354426749992e-16,9.220849691394918,0.5562177701906876,9.220421780980663,0.5574485536989975
839,-43.94106809855889,0.502748080930326,0.25107606668685706,0.12572845483628162,0.09435011726993962,-0.06297177970359857,1689.2221322034932,11.222132203493175,9,0.7221433392411054,0.0,5.371076222110373e-16,9.222559602179508,0.5562181200250171,9.222132203493137,0.5574474770209125
840,-43.95438933006058,0.5027453177048029,0.2510750398047839,0.1257277147276164,0.0943494981569107,-0.06297128158620767,1691.2238405999285,11.223840599928508,9,0.7238519038137117,0.0,5.383813088701877e-16,9.224267488142194,0.5562184509608905,9.223840599928586,0.5574463851847671
841,-43.967696785812315,0.5027425604500866,0.25107401506452154,0.12572697622751006,0.09434888040327047,-0.06297078457903532,1693.2255469751042,11.22554697510418,9,0.7255584456270494,0.0,5.396565026509412e-16,9.225973354096016,0.5562187631976616,9.225546975104212,0.5574452783715016
842,-43.98099049606315,0.5027398091463277,0.25107299245915105,0.12572623933060226,0.09434826400444633,-0.06297028867829649,1695.2272513338198,11.227251333819822,9,0.727262969466965,0.0,5.409332035517913e-16,9.22767720483671,0.556219056935344,9.227251333819904,0.5574441567627902
843,-43.99427049097608,0.5027370637737658,0.25107197198178344,0.12572550403155686,0.09434764895588625,-0.06296979388022339,1697.2289536808582,11.22895368085824,9,0.7289654801023442,0.0,5.422114115712354e-16,9.229379045142789,0.5562193323745805,9.228953680858327,0.557443020541012
844,-44.00753680060099,0.5027343243127284,0.2510709536255598,0.12572477032506157,0.09434703525305883,-0.06296930018106536,1699.230654020985,11.230654020984957,9,0.7306659822851724,0.0,5.434911267077743e-16,9.231078879775627,0.5562195897166156,9.230654020984977,0.5574418698892224
845,-44.020789454889474,0.5027315907436317,0.25106993738365146,0.1257240382058283,0.09434642289145329,-0.06296880757708899,1701.2323523589482,11.23235235894822,9,0.7323644807506327,0.0,5.447723489599118e-16,9.232776713479538,0.5562198291632641,9.232352358948287,0.5574407049911244
846,-44.034028483697135,0.5027288630469791,0.25106892324925906,0.12572330766859266,0.09434581186657917,-0.06296831606457777,1703.2340486994797,11.234048699479672,9,0.7340609802171727,0.0,5.460550783261558e-16,9.234472550981856,0.5562200509168843,9.234048699479692,0.5574395260310389
847,-44.04725391677862,0.5027261412033618,0.25106791121561356,0.125722578708114,0.09434520217396639,-0.06296782563983219,1705.2357430472937,11.235743047293681,9,0.7357554853865906,0.0,5.473393148050169e-16,9.236166396993008,0.5562202551803488,9.235743047293713,0.5574383331938788
848,-44.06046578378102,0.5027234251934561,0.2510669012759745,0.12572185131917488,0.09434459380916484,-0.0629673362991694,1707.237435407088,11.237435407088014,9,0.7374480009441076,0.0,5.486250583950098e-16,9.237858256206604,0.556220442157016,9.23743540708803,0.5574371266651182
849,-44.073664114262776,0.502720714998026,0.25106589342363117,0.1257211254965814,0.09434398676774458,-0.06296684803892334,1709.2391257835434,11.239125783543386,9,0.7391385315584529,-1.1368683772161603e-13,5.49912309094652e-16,9.2395481332995,0.5562206120507016,9.239125783543578,0.5574359066307668
850,-44.08684893768001,0.5027180105979203,0.25106488765190227,0.12572040123516318,0.09434338104529569,-0.0629663608554447,1711.2408141813248,11.240814181324822,9,0.7408270818819354,1.1368683772161603e-13,5.51201066902465e-16,9.241236032931894,0.5562207650656519,9.2408141813246,0.557434673277341
851,-44.1000202833875,0.502715311974073,0.25106388395413487,0.12571967852977262,0.09434277663742789,-0.06296587474510053,1713.242500605079,11.24250060507893,9,0.7425136565505213,1.1368683772161603e-13,5.524913318169728e-16,9.24292195974739,0.5562209014065154,9.242500605078742,0.5574334267918366
852,-44.113178180647004,0.5027126191075029,0.2510628823237053,0.12571895737528527,0.0943421735397708,-0.0629653897042744,1715.2441850594373,11.244185059437314,9,0.744198260183909,1.1368683772161603e-13,5.537831038367031e-16,9.244605918373082,0.5562210212783151,9.244185059437122,0.5574321673617025
853,-44.12632265861935,0.5027099319793135,0.25106188275401853,0.12571823776659946,0.0943415717479735,-0.06296490572936622,1717.2458675490145,11.24586754901452,9,0.7458808973856161,0.0,5.550763829601874e-16,9.24628791341963,0.556221124886422,9.24586754901442,0.5574308951748127
854,-44.13945374636937,0.5027072505706908,0.25106088523850756,0.1257175196986362,0.09434097125770458,-0.0629644228167921,1719.247548078409,11.247548078408954,9,0.747561572743038,0.0,5.5637116918596e-16,9.247967949481326,0.5562212124365273,9.247548078408931,0.5574296104194403
855,-44.15257147286908,0.5027045748629049,0.2510598897706342,0.12571680316633918,0.09434037206465203,-0.06296394096298435,1721.2492266522027,11.249226652202651,9,0.7492402908275366,0.0,5.576674625125587e-16,9.249646031136189,0.5562212841346175,9.249226652202664,0.5574283132842299
856,-44.16567586698828,0.5027019048373086,0.2510588963438884,0.12571608816467453,0.09433977416452312,-0.06296346016439137,1723.2509032749615,11.250903274961502,9,0.7509170561945062,0.0,5.589652629385247e-16,9.251322162946021,0.5562213401869451,9.250903274961399,0.5574270039581731
857,-44.178766957507065,0.5026992404753369,0.25105790495178787,0.12571537468863078,0.09433917755304426,-0.06296298041747753,1725.2525779512348,11.252577951234798,9,0.7525918733834533,0.0,5.60264570462402e-16,9.2529963494565,0.5562213808000049,9.252577951234777,0.5574256826305813
858,-44.19184477310476,0.5026965817585072,0.2510569155878786,0.1257146627332186,0.09433858222596093,-0.06296250171872309,1727.2542506855564,11.254250685556372,9,0.7542647469180714,0.0,5.615653850827384e-16,9.254668595197236,0.5562214061805067,9.254250685556368,0.5574243494910593
859,-44.20490934237448,0.502693928668417,0.2510559282457338,0.12571395229347057,0.09433798817903745,-0.06296202406462402,1729.2559214824437,11.255921482443682,9,0.7559356813063047,0.0,5.628677067980846e-16,9.256338904681858,0.5562214165353498,9.25592148244374,0.5574230047294814
860,-44.21796069380498,0.5026912811867463,0.25105494291895475,0.1257132433644416,0.09433739540805716,-0.06296154745169215,1731.2575903463985,11.257590346398501,9,0.7576046810404353,0.0,5.64171535606995e-16,9.25800728240809,0.5562214120715978,9.257590346398548,0.5574216485359643
861,-44.23099885579728,0.5026886392952548,0.2510539596011699,0.1257125359412082,0.094336803908822,-0.06296107187645487,1733.2592572819067,11.259257281906685,9,0.7592717505971436,0.0,5.654768715080268e-16,9.25967373285781,0.5562213929964526,9.259257281906585,0.557420281100844
862,-44.24402385665577,0.5026860029757823,0.251052978286035,0.12571183001886868,0.0943362136771526,-0.06296059733545514,1735.260922293438,11.260922293437943,9,0.760936894437588,0.0,5.667837144997402e-16,9.261338260497139,0.5562213595172302,9.260922293437881,0.5574189026146477
863,-44.257035724595916,0.5026833722102482,0.25105199896723296,0.12571112559254283,0.094335624708888,-0.06296012382525129,1737.2625853854468,11.262585385446755,9,0.7626001170074748,0.0,5.680920645806993e-16,9.263000869776503,0.556221311841335,9.262585385446755,0.557417513268073
864,-44.27003448773563,0.5026807469806513,0.2510510216384737,0.12571042265737198,0.09433503699988578,-0.06295965134241709,1739.264246562372,11.264246562371909,9,0.7642614227371212,0.0,5.694019217494711e-16,9.26466156513071,0.5562212501762366,9.264246562371893,0.5574161132519612
865,-44.283020174108586,0.5026781272690692,0.251050046293494,0.12570972120851884,0.09433445054602178,-0.06295917988354158,1741.2659058286363,11.265905828636278,9,0.7659208160415432,-1.1368683772161603e-13,5.707132860046255e-16,9.26632035097902,0.5562211747294432,9.265905828636427,0.5574147027572726
866,-44.29599281164488,0.5026755130576576,0.2510490729260572,0.12570902124116723,0.09433386534319006,-0.06295870944522892,1743.267563188648,11.267563188647955,9,0.7675783013205137,0.0,5.720261573447361e-16,9.267977231725219,0.5562210857084802,9.267563188648005,0.5574132819750646
867,-44.30895242819,0.50267290432865,0.2510481015299534,0.12570832275052232,0.09433328138730279,-0.06295824002409857,1745.2692186467987,11.269218646798663,9,0.7692338829586305,-1.1368683772161603e-13,5.733405357683789e-16,9.269632211757683,0.5562209833208641,9.269218646798844,0.557411851096466
868,-44.32189905150022,0.5026703010643582,0.25104713209899904,0.12570762573181013,0.09433269867429027,-0.06295777161678486,1747.2708722074658,11.2708722074658,9,0.7708875653253973,0.0,5.746564212741341e-16,9.27128529544946,0.5562208677740806,9.270872207465828,0.5574104103126545
869,-44.33483270923815,0.5026677032471689,0.25104616462703633,0.1257069301802772,0.09433211720010032,-0.06295730421993698,1749.2725238750104,11.272523875010393,9,0.7725393527752811,-1.1368683772161603e-13,5.759738138605839e-16,9.272936487158333,0.5562207392755603,9.272523875010561,0.5574089598148337
870,-44.34775342897922,0.5026651108595483,0.2510451991079347,0.12570623609119153,0.09433153696069908,-0.06295683783021926,1751.2741736537794,11.274173653779371,9,0.7741892496477902,0.0,5.772927135263146e-16,9.274585791226887,0.5562205980326553,9.27417365377944,0.5574074997942093
871,-44.36066123820375,0.5026625238840368,0.2510442355355885,0.12570554345984122,0.09433095795207007,-0.06295637244431057,1753.2758215481037,11.27582154810375,9,0.7758372602675365,0.0,5.78613120269915e-16,9.27623321198259,0.5562204442526173,9.27582154810373,0.557406030441967
872,-44.37355616430547,0.5026599423032511,0.2510432739039186,0.12570485228153516,0.09433038017021451,-0.06295590805890462,1755.2774675622998,11.277467562299762,9,0.7774833889443098,1.1368683772161603e-13,5.799350340899773e-16,9.277878753737845,0.5562202781425745,9.277467562299625,0.557404551949249
873,-44.386438234591076,0.5026573660998832,0.2510423142068712,0.12570416255160244,0.09432980361115118,-0.06295544467070964,1757.2791117006684,11.279111700668409,9,0.7791276399731366,0.0,5.812584549850963e-16,9.27952242079008,0.556220099909509,9.279111700668324,0.5574030645071327
874,-44.39930747627436,0.5026547952567001,0.25104135643841813,0.1257034742653927,0.09432922827091618,-0.06295498227644845,1759.2807539674961,11.280753967496139,9,0.7807700176343566,0.0,5.825833829538708e-16,9.281164217421793,0.5562199097602348,9.280753967496096,0.5574015683066089
875,-44.41216391648685,0.5026522297565437,0.25104040059255694,0.12570278741827556,0.09432865414556302,-0.06295452087285835,1761.2823943670544,11.282394367054394,9,0.7824105261936847,0.0,5.839098179949018e-16,9.282804147900647,0.5562197079013763,9.282394367054348,0.557400063538558
876,-44.425007582266694,0.5026496695823293,0.25103944666331013,0.12570210200564072,0.09432808123116236,-0.0629540604566909,1763.2840329035998,11.284032903599837,9,0.7840491699022767,1.1368683772161603e-13,5.852377601067939e-16,9.284442216479512,0.5562194945393462,9.284032903599693,0.5573985503937309
877,-44.437838500567686,0.5026471147170465,0.25103849464472555,0.12570141802289805,0.09432750952380207,-0.06295360102471216,1765.2856695813741,11.285669581374123,9,0.7856859529967988,0.0,5.865672092881544e-16,9.286078427396543,0.5562192698803237,9.28566958137402,0.5573970290627257
878,-44.45065669825192,0.5026445651437577,0.2510375445308759,0.12570073546547697,0.09432693901958701,-0.06295314257370219,1767.2873044046046,11.287304404604583,9,0.7873208796994948,0.0,5.878981655375937e-16,9.287712784875257,0.5562190341302344,9.287304404604559,0.5573954997359676
879,-44.46346220210083,0.5026420208455995,0.25103659631585934,0.12570005432882705,0.09432636971463908,-0.06295268510045542,1769.288937377504,11.288937377503999,9,0.7889539542182415,0.0,5.892306288537256e-16,9.289345293124581,0.5562187874947291,9.288937377503945,0.5573939626036879
880,-44.47625503880806,0.5026394818057787,0.2510356499937977,0.12569937460841685,0.09432580160509671,-0.06295222860178006,1771.2905685042704,11.290568504270368,9,0.7905851807466249,0.0,5.905645992351665e-16,9.290975956338931,0.556218530179162,9.290568504270286,0.557392417855903
881,-44.48903523497792,0.5026369480075767,0.2510347055588387,0.12569869629973524,0.09432523468711555,-0.06295177307449863,1773.2921977890871,11.29219778908714,9,0.7922145634640039,0.0,5.919000766805356e-16,9.292604778698276,0.5562182623885715,9.29219778908724,0.5573908656823938
882,-44.501802817133004,0.5026344194343454,0.25103376300515384,0.12569801939828987,0.09432466895686759,-0.06295131851544733,1775.2938252361241,11.293825236124121,9,0.7938421065355659,0.0,5.93237061188456e-16,9.294231764368195,0.5562179843276598,9.293825236124057,0.5573893062726868
883,-44.51455781170735,0.5026318960695081,0.2510328223269391,0.1256973438996081,0.09432410441054151,-0.06295086492147633,1777.2954508495357,11.295450849535655,9,0.7954678141123992,0.0,5.945755527575527e-16,9.295856917499963,0.5562176962007723,9.29545084953567,0.5573877398160327
884,-44.52730024505422,0.502629377896559,0.2510318835184145,0.12569666979923622,0.09432354104434239,-0.06295041228944948,1779.2970746334627,11.297074633462671,9,0.7970916903315555,0.0,5.959155513864544e-16,9.297480242230588,0.5562173982118788,9.297074633462735,0.5573861665013864
885,-44.540030143435864,0.5026268648990637,0.25103094657382485,0.12569599709273976,0.09432297885449184,-0.0629499606162443,1781.2986965920318,11.298696592031774,9,0.7987137393161081,0.0,5.972570570737927e-16,9.299101742682897,0.5562170905645534,9.298696592031723,0.5573845865173902
886,-44.552747533042336,0.5026243570606569,0.25103001148743825,0.12569532577570325,0.09432241783722765,-0.06294950989875203,1783.300316729355,11.300316729355018,9,0.8003339651752182,0.0,5.986000698182017e-16,9.30072142296559,0.5562167734619552,9.300316729354956,0.5573830000523513
887,-44.5654524399614,0.5026218543650438,0.2510290782535471,0.12569465584373007,0.09432185798880392,-0.0629490601338774,1785.3019350495306,11.301935049530584,9,0.8019523720042017,0.0,5.999445896183186e-16,9.302339287173313,0.5562164471068101,9.301935049530696,0.5573814072942248
888,-44.57814489021578,0.5026193567959992,0.25102814686646724,0.12569398729244244,0.09432129930549082,-0.06294861131853854,1787.3035515566432,11.303551556643242,9,0.8035689638845813,0.0,6.012906164727842e-16,9.303955339386704,0.5562161117013911,9.303551556643189,0.557379808430594
889,-44.590824909736824,0.5026168643373665,0.2510272173205384,0.1256933201174811,0.09432074178357451,-0.06294816344966706,1789.3051662547628,11.305166254762753,9,0.805183744884161,0.0,6.026381503802412e-16,9.305569583672483,0.5562157674475001,9.305166254762746,0.5573782036486528
890,-44.60349252437102,0.502614376973058,0.25102628961012363,0.1256926543145057,0.09432018541935724,-0.06294771652420786,1791.3067791479457,11.30677914794569,9,0.8067967190570702,0.0,6.039871913393358e-16,9.307182024083485,0.5562154145464504,9.30677914794578,0.557376593135186
891,-44.616147759888385,0.5026118946870544,0.2510253637296093,0.12569198987919392,0.094319630209157,-0.06294727053911903,1793.3083902402348,11.308390240234758,9,0.8084078904438474,-1.1368683772161603e-13,6.053377393487173e-16,9.308792664658748,0.5562150531990476,9.308390240234905,0.5573749770765527
892,-44.628790641970966,0.5026094174634042,0.2510244396734052,0.12569132680724224,0.09431907614930758,-0.06294682549137197,1795.3099995356588,11.30999953565879,9,0.8100172630714813,-1.1368683772161603e-13,6.066897944070373e-16,9.310401509423556,0.556214683605572,9.309999535658966,0.5573733556586681
893,-44.64142119622322,0.5026069452862242,0.25102351743594437,0.12569066509436527,0.09431852323615861,-0.06294638137795111,1797.311607038233,11.311607038232978,9,0.8116248409534812,-1.1368683772161603e-13,6.080433565129505e-16,9.312008562389522,0.556214305965762,9.311607038233113,0.5573717290669847
894,-44.65403944816976,0.5026044781396972,0.2510225970116822,0.12569000473629557,0.09431797146607504,-0.06294593819585381,1799.3132127519586,11.313212751958645,9,0.8132306280899328,-1.1368683772161603e-13,6.0939842566511475e-16,9.313613827554615,0.5562139204787955,9.313212751958869,0.5573700974864765
895,-44.66664542324772,0.5026020160080743,0.2510216783950977,0.12568934572878418,0.09431742083543762,-0.06294549594209059,1801.3148166808244,11.314816680824379,9,0.8148346284675654,1.1368683772161603e-13,6.107550018621908e-16,9.315217308903263,0.5562135273432737,9.31481668082418,0.5573684611016213
896,-44.67923914682106,0.5025995588756721,0.2510207615806923,0.12568868806759984,0.09431687134064239,-0.06294505461368474,1803.3164188288035,11.316418828803535,9,0.8164368460597977,0.0,6.121130851028412e-16,9.31681901040639,0.5562131267572039,9.31641882880348,0.5573668200963833
897,-44.69182064416943,0.5025971067268741,0.25101984656299015,0.12568803174852938,0.09431632297810084,-0.06294461420767244,1805.3180191998579,11.318019199857872,9,0.8180372848268114,0.0,6.134726753857327e-16,9.318418936021471,0.5562127189179829,9.318019199857758,0.557365174654197
898,-44.70438994049171,0.502594659546129,0.2510189333365379,0.12568737676737723,0.09431577574423965,-0.06294417472110259,1807.3196177979346,11.319617797934598,9,0.8196359487156055,0.0,6.148337727095342e-16,9.320017089692616,0.5562123040223812,9.319617797934614,0.5573635249579512
899,-44.71694706091146,0.5025922173179517,0.2510180218959048,0.12568672311996573,0.09431522963550079,-0.06294373615103682,1809.3212146269684,11.321214626968413,9,0.8212328416600467,0.0,6.161963770729177e-16,9.321613475350604,0.5562118822665258,9.32121462696831,0.5573618711899714
900,-44.72949203046967,0.5025897800269212,0.25101711223568185,0.12568607080213456,0.09431468464834118,-0.0629432984945493,1811.32280969088,11.322809690879922,9,0.8228279675809347,0.0,6.175604884745576e-16,9.323208096912964,0.5562114538458857,9.322809690879838,0.5573602135320047
901,-44.742024874126734,0.5025873476576824,0.25101620435048283,0.12568541980974107,0.09431414077923293,-0.06294286174872679,1813.324402993577,11.324402993576996,9,0.8244213303860661,0.0,6.189261069131315e-16,9.324800958284014,0.5562110189552544,9.32440299357699,0.5573585521652048
902,-44.75454561676993,0.502584920194944,0.2510152982349433,0.12568477013865997,0.09431359802466302,-0.06294242591066859,1815.3259945389545,11.325994538954546,9,0.8260129339702758,1.1368683772161603e-13,6.202932323873198e-16,9.32639206335494,0.5562105777887363,9.325994538954394,0.5573568872701147
903,-44.7670542832028,0.5025824976234793,0.2510143938837209,0.12568412178478344,0.09431305638113338,-0.0629419909774864,1817.3275843308936,11.327584330893615,9,0.8276027822155125,0.0,6.216618648958051e-16,9.327981416003846,0.5562101305397307,9.327584330893593,0.5573552190266523
904,-44.779550898156444,0.5025800799281248,0.251013491291495,0.12568347474402064,0.09431251584516064,-0.06294155694630424,1819.3291723732632,11.32917237326319,9,0.8291908789908806,0.0,6.230320044372738e-16,9.329569020095809,0.5562096774009166,9.329172373263091,0.5573535476140965
905,-44.79203548628086,0.5025776670937807,0.2510125904529666,0.12568282901229796,0.09431197641327611,-0.06294112381425841,1821.3307586699184,11.330758669918396,9,0.8307772281527015,0.0,6.24403651010414e-16,9.331154879482934,0.5562092185642382,9.330758669918414,0.5573518732110699
906,-44.804508072149126,0.5025752591054106,0.25101169136285867,0.12568218458555902,0.0943114380820259,-0.06294069157849752,1823.3323432247023,11.3323432247023,9,0.8323618335445762,1.1368683772161603e-13,6.257768046139172e-16,9.33273899800443,0.5562087542208907,9.332343224702173,0.5573501959955259
907,-44.81696868025256,0.5025728559480402,0.25101079401591536,0.1256815414597641,0.09431090084797053,-0.06294026023618224,1825.333926041444,11.333926041444101,9,0.8339446989974348,0.0,6.271514652464776e-16,9.334321379486648,0.5562082845613057,9.33392604144412,0.5573485161447342
908,-44.829417335019556,0.5025704576067584,0.2510098984069023,0.12568089963089044,0.09431036470768503,-0.06293982978448535,1827.3355071239612,11.335507123961179,9,0.8355258283295885,0.0,6.285276329067919e-16,9.33590202774315,0.5562078097751371,9.335507123961193,0.5573468338352663
909,-44.84185406079091,0.5025680640667158,0.2510090045306065,0.12568025909493222,0.0943098296577589,-0.06293940022059177,1829.3370864760575,11.337086476057493,9,0.8371052253467965,0.0,6.299053075935598e-16,9.337480946574761,0.5562073300512472,9.337086476057593,0.5573451492429806
910,-44.85427888183157,0.5025656753131246,0.25100811238183585,0.12567961984790005,0.0943092956947958,-0.06293897154169822,1831.3386641015247,11.338664101524728,9,0.838682893842309,0.0,6.312844893054833e-16,9.339058139769616,0.5562068455776936,9.338664101524826,0.5573434625430108
911,-44.866691822336996,0.5025632913312587,0.2510072219554195,0.12567898188582116,0.09430876281541378,-0.0629385437450134,1833.3402400041418,11.340240004141833,9,0.8402588375969309,0.0,6.326651780412677e-16,9.340633611103245,0.5562063565417155,9.340240004141764,0.5573417739097505
912,-44.87909290642142,0.5025609121064538,0.25100633324620814,0.12567834520473975,0.0943082310162452,-0.06293811682775798,1835.3418141876746,11.341814187674572,9,0.8418330603790736,-1.1368683772161603e-13,6.340473737996204e-16,9.342207364338599,0.5562058631297202,9.341814187674704,0.5573400835168408
913,-44.891482158128,0.5025585376241045,0.2510054462490718,0.12567770980071555,0.09430770029393605,-0.06293769078716407,1837.3433866558773,11.343386655877339,9,0.8434055659447992,0.0,6.35431076579252e-16,9.343779403226117,0.5562053655272708,9.343386655877413,0.5573383915371566
914,-44.9038596014245,0.5025561678696685,0.251004560958903,0.1256770756698255,0.09430717064514686,-0.0629372656204759,1839.344957412491,11.344957412491112,9,0.8449763580378971,0.0,6.368162863788755e-16,9.345349731503786,0.5562048639190733,9.344957412491205,0.5573366981427947
915,-44.91622526020271,0.5025538028286617,0.2510036773706137,0.12567644280816237,0.09430664206655183,-0.06293684132494912,1841.3465264612448,11.346526461244821,9,0.8465454403899138,-1.1368683772161603e-13,6.382030031972066e-16,9.346918352897191,0.556204358488964,9.346526461244967,0.5573350035050603
916,-44.928579158281515,0.5025514424866604,0.2510027954791367,0.12567581121183496,0.09430611455483903,-0.06293641789785091,1843.3480938058551,11.348093805855115,9,0.8481128167202172,-1.1368683772161603e-13,6.395912270329637e-16,9.34848527111957,0.5562038494198968,9.348093805855237,0.5573333077944547
917,-44.94092131940827,0.5025490868293011,0.2510019152794256,0.12567518087696855,0.09430558810671051,-0.06293599533646024,1845.3496594500261,11.349659450026138,9,0.8496784907360517,-1.1368683772161603e-13,6.409809578848679e-16,9.35005048987187,0.5562033368939323,9.349659450026254,0.5573316111806632
918,-44.95325176725297,0.5025467358422785,0.2510010367664538,0.12567455179970397,0.09430506271888185,-0.06293557363806727,1847.35122339745,11.351223397449985,9,0.8512424661325859,0.0,6.423721957516431e-16,9.3516140128428,0.5562028210922246,9.351223397450001,0.5573299138325434
919,-44.96557052541156,0.5025443895113473,0.25100015993521524,0.1256739239761984,0.09430453838808243,-0.06293515279997379,1849.3527856518062,11.352785651806244,9,0.852804746592966,0.0,6.437649406320153e-16,9.353175843708888,0.5562023021950112,9.352785651806274,0.5573282159181134
920,-44.97787761740933,0.5025420478223204,0.2509992847807239,0.12567329740262448,0.09430401511105518,-0.06293473281949286,1851.3543462167627,11.354346216762679,9,0.8543653357883709,0.0,6.451591925247138e-16,9.354735986134532,0.5562017803816002,9.354346216762725,0.5573265176045391
921,-44.99017306670804,0.5025397107610687,0.2509984112980139,0.1256726720751708,0.09430349288455653,-0.06293431369394879,1853.3559050959748,11.355905095974776,9,0.8559242373780567,-1.1368683772161603e-13,6.465549514284698e-16,9.356294443772054,0.5562012558303597,9.35590509597492,0.5573248190581244
922,-45.00245689667852,0.5025373783135212,0.25099753948213877,0.12567204799004142,0.09430297170535624,-0.06293389542067716,1855.3574622930864,11.357462293086428,9,0.8574814550094203,0.0,6.479522173420183e-16,9.357851220261745,0.556200728718707,9.357462293086396,0.5573231204442988
923,-45.014729130637036,0.5025350504656653,0.2509966693281725,0.1256714251434562,0.09430245157023771,-0.06293347799702471,1857.3590178117288,11.35901781172879,9,0.8590369923180372,0.0,6.493509902640955e-16,9.35940631923194,0.5562001992230974,9.359017811728704,0.5573214219276069
924,-45.02698979181623,0.5025327272035454,0.2509958008312085,0.12567080353165033,0.09430193247599744,-0.06293306142034935,1859.3605716555217,11.360571655521653,9,0.8605908529277233,1.1368683772161603e-13,6.50751270193441e-16,9.36095974429905,0.5561996675190144,9.360571655521468,0.5573197236716985
925,-45.039238903383406,0.5025304085132628,0.2509949339863597,0.12567018315087441,0.0943014144194452,-0.06293264568801997,1861.3621238280725,11.362123828072527,9,0.8621430404505777,0.0,6.521530571287967e-16,9.362511499067622,0.5561991337809582,9.362123828072441,0.5573180258393166
926,-45.05147648843347,0.502528094380976,0.2509940687887587,0.1256695639973945,0.09430089739740394,-0.06293223079741651,1863.3636743329776,11.363674332977553,9,0.8636935584870429,0.0,6.535563510689074e-16,9.364061587130388,0.5561985981824371,9.36367433297755,0.5573163285922876
927,-45.06370256999463,0.5025257847929,0.2509932052335575,0.1256689460674919,0.09430038140670975,-0.06293181674592989,1865.365223173821,11.36522317382105,9,0.8652424106259371,0.0,6.549611520125204e-16,9.365610012068322,0.5561980608959559,9.365223173820945,0.5573146320915121
928,-45.075917171012335,0.5025234797353059,0.2509923433159274,0.12566832935746283,0.09429986644421166,-0.06293140353096177,1867.366770354175,11.36677035417506,9,0.8667896004445286,0.0,6.563674599583852e-16,9.367156777450685,0.5561975220930073,9.366770354175069,0.5573129364969535
929,-45.0881203143806,0.502521179194521,0.2509914830310589,0.125667713863619,0.0942993525067718,-0.06293099114992486,1869.3683158776007,11.368315877600708,9,0.8683351315085641,0.0,6.577752749052543e-16,9.368701886835087,0.5561969819440622,9.368315877600685,0.5573112419676288
930,-45.10031202290611,0.5025188831569279,0.2509906243741615,0.12566709958228675,0.09429883959126498,-0.0629305796002424,1871.369859747647,11.36985974764707,9,0.869879007372333,1.1368683772161603e-13,6.591845968518826e-16,9.370245343767522,0.55619644061856,9.369859747646947,0.5573095486615992
931,-45.11249231933417,0.5025165916089656,0.2509897673404642,0.1256664865098078,0.09429832769457915,-0.06293016887934859,1873.3714019678514,11.371401967851398,9,0.8714212315786991,0.0,6.605954257970272e-16,9.371787151782433,0.5561958982848999,9.37140196785143,0.5573078567359617
932,-45.12466122634208,0.5025143045371264,0.2509889119252142,0.12566587464253812,0.09429781681361461,-0.06292975898468804,1875.3729425417403,11.372942541740258,9,0.8729618076591734,0.0,6.620077617394483e-16,9.373327314402761,0.5561953551104324,9.372942541740207,0.5573061663468379
933,-45.13681876653611,0.5025120219279594,0.25098805812367825,0.12566526397684907,0.09429730694528476,-0.0629293499137162,1877.374481472828,11.374481472827938,9,0.874500739133941,0.0,6.634216046779084e-16,9.374865835139984,0.5561948112614489,9.374481472827878,0.5573044776493667
934,-45.14896496244863,0.502509743768067,0.2509872059311414,0.1256646545091263,0.09429679808651535,-0.0629289416638989,1879.3760187646176,11.376018764617584,9,0.8760380295119212,0.0,6.648369546111724e-16,9.376402717494173,0.5561942669031752,9.376018764617628,0.5573027907976954
935,-45.16109983655346,0.5025074700441065,0.2509863553429076,0.12566404623577043,0.09429629023424488,-0.06292853423271261,1881.3775544206012,11.3775544206012,9,0.8775736822908122,0.0,6.662538115380078e-16,9.377937964954054,0.5561937221997618,9.377554420601275,0.55730110594497
936,-45.17322341125033,0.5025052007427887,0.2509855063542991,0.12566343915319633,0.09429578338542421,-0.06292812761764414,1883.3790884442594,11.379088444259423,9,0.8791077009571371,0.0,6.676721754571849e-16,9.379471580997038,0.5561931773142772,9.379088444259322,0.5572994232433279
937,-45.18533570887132,0.5025029358508788,0.25098465896065697,0.12566283325783362,0.09429527753701675,-0.06292772181619077,1885.380620839061,11.380620839061066,9,0.8806400889862971,0.0,6.690920463674756e-16,9.38100356908928,0.5561926324086979,9.380620839061004,0.5572977428438901
938,-45.19743675167999,0.5025006753551945,0.2509838131573402,0.12566222854612596,0.0942947726859981,-0.06292731682585996,1887.3821516084643,11.382151608464255,9,0.8821708498426126,0.0,6.705134242676553e-16,9.382533932685728,0.5561920876439026,9.382151608464339,0.557296064896752
939,-45.209526561877915,0.5024984192426074,0.2509829689397265,0.12566162501453162,0.09429426882935636,-0.0629269126441696,1889.3836807559162,11.383680755916203,9,0.8836999869793729,0.0,6.719363091565016e-16,9.384062675230176,0.5561915431796639,9.383680755916172,0.5572943895509763
940,-45.221605161591285,0.5024961675000423,0.2509821263032116,0.12566102265952328,0.09429376596409186,-0.06292650926864786,1891.3852082848523,11.385208284852297,9,0.8852275038388822,0.0,6.733607010327941e-16,9.385589800155294,0.5561909991746405,9.38520828485223,0.5572927169545858
941,-45.23367257288843,0.5024939201144755,0.2509812852432092,0.12566042147758735,0.09429326408721696,-0.06292610669683286,1893.3867341986972,11.38673419869724,9,0.8867534038525076,0.0,6.747865998953154e-16,9.3871153108827,0.5561904557863713,9.38673419869716,0.5572910472545548
942,-45.24572881776292,0.5024916770729368,0.2509804457551511,0.1256598214652247,0.09429276319575625,-0.06292570492627306,1895.3882585008646,11.388258500864595,9,0.8882776904407272,0.0,6.762140057428503e-16,9.388639210822996,0.5561899131712666,9.388258500864598,0.557289380596803
943,-45.25777391814939,0.5024894383625077,0.25097960783448736,0.12565922261895024,0.09429226328674646,-0.06292530395452692,1897.3897811947572,11.389781194757234,9,0.8898003670131693,0.0,6.776429185741862e-16,9.390161503375811,0.5561893714846036,9.38978119475719,0.5572877171261885
944,-45.26980789591226,0.5024872039703212,0.2509787714766852,0.12565862493529256,0.09429176435723607,-0.06292490377916288,1899.3913022837667,11.391302283766663,9,0.8913214369686635,0.0,6.790733383881127e-16,9.391682191929863,0.5561888308805175,9.391302283766654,0.5572860569864994
945,-45.28183077284893,0.5024849738835624,0.2509779366772302,0.12565802841079451,0.09429126640428574,-0.06292450439775943,1901.3928217712737,11.392821771273702,9,0.8928409036952889,-1.1368683772161603e-13,6.805052651834221e-16,9.393201279862993,0.5561882915119968,9.392821771273832,0.557284400320449
946,-45.2938425706986,0.5024827480894674,0.25097710343162516,0.1256574330420124,0.09429076942496782,-0.06292410580790483,1903.3943396606487,11.394339660648711,9,0.8943587705704097,0.0,6.819386989589093e-16,9.394718770542212,0.556187753530876,9.394339660648725,0.5572827472696688
947,-45.30584331112385,0.5024805265753237,0.2509762717353909,0.12565683882551684,0.09429027341636669,-0.06292370800719752,1905.3958559552505,11.395855955250454,9,0.8958750409607337,0.0,6.833736397133709e-16,9.396234667323762,0.5561872170878304,9.395855955250548,0.5572810979747009
948,-45.317833015730436,0.5024783093284693,0.2509754415840653,0.12565624575789136,0.09428977837557818,-0.06292331099324536,1907.3973706584277,11.39737065842769,9,0.8973897182223407,0.0,6.848100874456065e-16,9.397748973553147,0.5561866823323696,9.39737065842777,0.557279452574994
949,-45.329811706061705,0.5024760963362926,0.25097461297320384,0.1256556538357338,0.09428928429971012,-0.06292291476366627,1909.398883773518,11.398883773518037,9,0.8989028057007449,-1.1368683772161603e-13,6.862480421544181e-16,9.399261692565183,0.5561861494128317,9.398883773518167,0.5572778112088955
950,-45.34177940358947,0.502473887586233,0.2509737858983793,0.12565506305565516,0.09428879118588177,-0.06292251931608774,1911.4003953038489,11.400395303848882,9,0.9004143067309265,0.0,6.876875038386099e-16,9.400772827684055,0.5561856184763788,9.400395303848866,0.5572761740136469
951,-45.3537361297249,0.5024716830657793,0.25097296035518163,0.12565447341428007,0.09428829903122402,-0.06292212464814703,1913.4019052527362,11.401905252736242,9,0.90192422463738,-1.1368683772161603e-13,6.891284724969884e-16,9.402282382223346,0.5561850896689907,9.401905252736388,0.5572745411253778
952,-45.36568190581313,0.5024694827624704,0.2509721363392181,0.12565388490824655,0.09428780783287934,-0.06292173075749094,1915.4034136234866,11.403413623486585,9,0.9034325627341602,0.0,6.905709481283629e-16,9.403790359486091,0.5561845631354595,9.403413623486696,0.5572729126791
953,-45.377616753142505,0.5024672866638944,0.25097131384611276,0.12565329753420587,0.09428731758800156,-0.06292133764177585,1917.4049204193952,11.40492041939524,9,0.9049393243249177,0.0,6.920149307315449e-16,9.40529676276483,0.5561840390193858,9.404920419395236,0.5572712888087034
954,-45.3895406929265,0.5024650947576892,0.25097049287150697,0.12565271128882283,0.094286828293756,-0.06292094529866776,1919.406425643747,11.40642564374707,9,0.9064445127029597,0.0,6.934604203053479e-16,9.40680159534163,0.5561835174631728,9.406425643746996,0.55726966964695
955,-45.4014537463277,0.5024629070315414,0.25096967341105864,0.12565212616877508,0.09428633994731923,-0.062920553725842,1921.4079292998167,11.407929299816715,9,0.9079481311512705,1.1368683772161603e-13,6.949074168485881e-16,9.40830486048816,0.5561829986080223,9.407929299816532,0.5572680553254687
956,-45.41335593443985,0.5024607234731866,0.2509688554604427,0.12565154217075367,0.09428585254587916,-0.06292016292098343,1923.4094313908681,11.409431390868122,9,0.909450182942571,0.0,6.963559203600839e-16,9.409806561465716,0.5561824825939298,9.409431390868024,0.5572664459747514
957,-45.42524727829006,0.5024585440704087,0.25096803901535075,0.1256509592914626,0.09428536608663492,-0.0629197728817862,1925.4109319201555,11.410931920155463,9,0.9109506713393589,1.1368683772161603e-13,6.978059308386567e-16,9.411306701525266,0.5561819695596802,9.410931920155317,0.5572648417241477
958,-45.43712779884831,0.5024563688110405,0.25096722407149125,0.12565037752761912,0.09428488056679686,-0.06291938360595396,1927.412430890922,11.412430890921996,9,0.9124495995939448,0.0,6.99257448283129e-16,9.412805283907499,0.5561814596428444,9.41243089092197,0.557263242701861
959,-45.448997517024296,0.5024541976829621,0.25096641062458874,0.12564979687595307,0.09428439598358636,-0.06291899509119944,1929.4139283064014,11.41392830640143,9,0.9139469709485013,1.1368683772161603e-13,7.00710472692327e-16,9.414302311842874,0.5561809529797739,9.413928306401292,0.5572616490349442
960,-45.4608564536607,0.5024520306741017,0.25096559867038454,0.12564921733320722,0.09428391233423582,-0.06291860733524464,1931.4154241698166,11.41542416981656,9,0.9154427886350973,1.1368683772161603e-13,7.021650040650782e-16,9.415797788551648,0.5561804497055984,9.41542416981639,0.5572600608492945
961,-45.472704629542875,0.5024498677724356,0.2509647882046365,0.12564863889613756,0.09428342961598883,-0.06291822033582094,1933.4169184843802,11.416918484380176,9,0.9169370558757546,0.0,7.036210424002126e-16,9.417291717243938,0.5561799499542213,9.416918484380217,0.5572584782696512
962,-45.484542065394024,0.5024477089659871,0.2509639792231188,0.12564806156151245,0.09428294782609982,-0.0629178340906687,1935.4184112532957,11.418411253295744,9,0.9184297758824691,1.1368683772161603e-13,7.050785876965634e-16,9.418784101119757,0.556179453858317,9.418411253295602,0.5572569014195905
963,-45.4963687818723,0.5024455542428264,0.25096317172162147,0.125647485326113,0.09428246696183404,-0.06291744859753735,1937.4199024797554,11.419902479755365,9,0.9199209518572733,0.0,7.065376399529648e-16,9.420274943369042,0.556178961549326,9.419902479755313,0.5572553304215226
964,-45.50818479957885,0.502443403591071,0.25096236569595104,0.12564691018673294,0.0942819870204677,-0.06291706385418548,1939.421392166942,11.421392166942042,9,0.9214105869922609,0.0,7.079981991682541e-16,9.421764247171726,0.5561784731574535,9.42139216694208,0.5572537653966876
965,-45.51999013905315,0.5024412569988848,0.25096156114193013,0.12564633614017873,0.09428150799928772,-0.06291667985838066,1941.4228803180288,11.422880318028774,9,0.9228986844696347,1.1368683772161603e-13,7.09460265341271e-16,9.423252015697757,0.5561779888116654,9.422880318028652,0.5572522064651529
966,-45.53178482077392,0.5024391144544785,0.25096075805539736,0.1256457631832692,0.09428102989559188,-0.06291629660789941,1943.4243669361779,11.424366936177876,9,0.9243852474617498,0.0,7.109238384708569e-16,9.424738252107154,0.5561775086396857,9.424366936177826,0.5572506537458102
967,-45.54356886516008,0.5024369759461085,0.25095995643220703,0.1256451913128355,0.0942805527066884,-0.06291591410052709,1945.4258520245426,11.425852024542564,9,0.9258702791311482,0.0,7.123889185558557e-16,9.426222959550039,0.5561770327679938,9.425852024542506,0.5572491073563706
968,-45.5553422925735,0.5024348414620774,0.2509591562682296,0.12564462052572134,0.09428007642989633,-0.06291553233405806,1947.4273355862658,11.427335586265826,9,0.9273537826306093,0.0,7.138555055951141e-16,9.42770614116668,0.5561765613218214,9.42733558626573,0.5572475674133641
969,-45.56710512330919,0.5024327109907339,0.2509583575593513,0.12564405081878283,0.09427960106254527,-0.06291515130629548,1949.4288176244806,11.428817624480644,9,0.9288357611031728,0.0,7.153235995874801e-16,9.429187800087554,0.5561760944251511,9.428817624480722,0.5572460340321356
970,-45.578857377609125,0.5024305845204717,0.2509575603014739,0.12564348218888804,0.09427912660197525,-0.06291477101505123,1951.430298142311,11.430298142310903,9,0.9303162176822006,0.0,7.16793200531805e-16,9.430667939433347,0.5561756322007134,9.430298142310924,0.5572445073268426
971,-45.59059907565249,0.5024284620397301,0.2509567644905149,0.12564291463291744,0.09427865304553679,-0.06291439145814601,1953.43177714287,11.431777142870033,9,0.9317951554913968,0.0,7.182643084269416e-16,9.432146562315037,0.5561751747699847,9.43177714287005,0.5572429874104532
972,-45.602330237565994,0.5024263435369933,0.25095597012240717,0.12564234814776357,0.09427818039059091,-0.06291401263340914,1955.4332546292621,11.433254629262137,9,0.9332725776448605,0.0,7.197369232717455e-16,9.433623671833914,0.5561747222531854,9.433254629262114,0.5572414743947421
973,-45.61405088340693,0.5024242290007909,0.2509551771930995,0.1256417827303311,0.09427770863450893,-0.06291363453867867,1957.4347306045815,11.434730604581546,9,0.9347484872471181,0.0,7.212110450650739e-16,9.435099271081619,0.5561742747692782,9.43473060458148,0.5572399683902912
974,-45.62576103318093,0.5024221184196963,0.2509543856985556,0.1256412183775367,0.09427723777467246,-0.06291325717180121,1959.4362050719128,11.43620507191281,9,0.9362228873931642,0.0,7.226866738057866e-16,9.436573363140202,0.5561738324359662,9.436205071912894,0.5572384695064855
975,-45.63746070683599,0.5024200117823275,0.2509535956347547,0.12564065508630876,0.09427676780847337,-0.06291288053063189,1961.4376780343316,11.437678034331611,9,0.9376957811685056,0.0,7.241638094927459e-16,9.438045951082131,0.5561733953696912,9.437678034331542,0.5572369778515114
976,-45.6491499242585,0.5024179090773481,0.25095280699769157,0.12564009285358815,0.09427629873331392,-0.06291250461303459,1963.439149494903,11.43914949490295,9,0.9391671716491885,-1.1368683772161603e-13,7.256424521248158e-16,9.439517037970376,0.556172963685633,9.439149494903063,0.557235493532356
977,-45.66082870527836,0.5024158102934633,0.2509520197833756,0.1256395316763269,0.09427583054660621,-0.06291212941688137,1965.4406194566836,11.440619456683635,9,0.9406370619018514,0.0,7.271226017008631e-16,9.44098662685841,0.5561725374977075,9.440619456683617,0.5572340166548051
978,-45.67249706966869,0.5024137154194239,0.2509512339878318,0.1256389715514893,0.09427536324577271,-0.06291175494005292,1967.4420879227198,11.442087922719793,9,0.94210545498375,-1.1368683772161603e-13,7.286042582197561e-16,9.442454720790268,0.5561721169185655,9.442087922719907,0.5572325473234416
979,-45.68415503714742,0.5024116244440237,0.2509504496070999,0.1256384124760511,0.09427489682824587,-0.06291138118043832,1969.4435548960491,11.443554896049136,9,0.9435723539428107,0.0,7.300874216803661e-16,9.44392132280058,0.5561717020595924,9.443554896049227,0.5572310856416436
980,-45.695802627369865,0.5024095373560996,0.2509496666372348,0.12563785444699976,0.09427443129146812,-0.06291100813593489,1971.4450203796994,11.445020379699372,9,0.9450377618176482,-1.1368683772161603e-13,7.315720920815658e-16,9.445386435914617,0.5561712930309066,9.445020379699493,0.5572296317115844
981,-45.70743985993586,0.5024074541445321,0.25094888507430607,0.12563729746133454,0.0942739666328919,-0.06291063580444842,1973.4464843766893,11.446484376689341,9,0.9465016816376242,0.0,7.330582694222307e-16,9.44685006314833,0.5561708899413592,9.446484376689298,0.557228185634231
982,-45.71906675439514,0.5024053747982444,0.2509481049143985,0.12563674151606602,0.09427350284997955,-0.0629102641838929,1975.4479468900279,11.447946890027879,9,0.9479641164228685,0.0,7.345459537012383e-16,9.448312207508378,0.5561704928985335,9.447946890027929,0.5572267475093428
983,-45.730683330232814,0.5024032993062023,0.25094732615361115,0.12563618660821638,0.09427303994020324,-0.06290989327219051,1977.4494079227154,11.449407922715409,9,0.9494250691843291,0.0,7.360351449174681e-16,9.449772871992181,0.5561701020087441,9.44940792271543,0.5572253174354711
984,-45.74228960687661,0.5024012276574144,0.2509465487880581,0.12563563273481923,0.09427257790104498,-0.06290952306727171,1979.4508674777426,11.450867477742577,9,0.950884542923804,0.0,7.375258430698021e-16,9.45123205958795,0.5561697173770368,9.450867477742623,0.557223895509959
985,-45.75388560370795,0.5023991598409314,0.25094577281386804,0.12563507989291964,0.09427211672999668,-0.06290915356707513,1981.4523255580912,11.452325558091161,9,0.952342540633973,0.0,7.390180481571243e-16,9.452689773274724,0.5561693391071885,9.45232555809115,0.5572224818289393
986,-45.765471340042005,0.5023970958458465,0.2509449982271842,0.12563452807957395,0.09427165642455976,-0.06290878476954744,1983.4537821667334,11.45378216673339,9,0.9537990652984405,-1.1368683772161603e-13,7.405117601783206e-16,9.45414601602242,0.5561689673017074,9.453782166733516,0.5572210764873362
987,-45.77704683514797,0.5023950356612938,0.2509442250241639,0.12563397729184955,0.09427119698224534,-0.06290841667264335,1985.455237306633,11.45523730663308,9,0.9552541198917783,0.0,7.420069791322798e-16,9.45560079079186,0.5561686020618322,9.455237306633132,0.5572196795788631
988,-45.78861210823286,0.5023929792764501,0.25094345320097944,0.1256334275268254,0.0942707384005743,-0.0629080492743257,1987.4566909807443,11.45669098074427,9,0.9567077073795449,0.0,7.43503705017892e-16,9.45705410053481,0.556168243487533,9.456690980744332,0.5572182911960244
989,-45.800167178449115,0.5023909266805335,0.2509426827538171,0.1256328787815915,0.09427028067707705,-0.06290768257256528,1989.4581431920124,11.458143192012358,9,0.9581598307183405,0.0,7.4500193783405e-16,9.458505948194027,0.5561678916775117,9.458143192012436,0.5572169114301132
990,-45.81171206489313,0.5023888778628027,0.2509419136788774,0.12563233105324878,0.09426982380929337,-0.0629073165653408,1991.4595939433736,11.459593943373648,9,0.9596104928558304,-1.1368683772161603e-13,7.465016775796485e-16,9.459956336703277,0.5561675467292013,9.459593943373772,0.5572155403712132
991,-45.82324678661652,0.5023868328125587,0.2509411459723755,0.12563178433890965,0.09426936779477288,-0.06290695125063907,1993.4610432377558,11.461043237755803,9,0.9610596967307856,0.0,7.480029242535847e-16,9.461405268987397,0.5561672087387681,9.461043237755716,0.5572141781081984
992,-45.83477136259931,0.5023847915191426,0.25094037963054033,0.1256312386356971,0.09426891263107431,-0.0629065866264545,1995.462491078077,11.462491078076937,9,0.9625074452731184,1.1368683772161603e-13,7.495056778547573e-16,9.462852747962316,0.5561668778011111,9.462491078076734,0.5572128247287332
993,-45.846285811781335,0.5023827539719362,0.2509396146496149,0.12563069394074522,0.09426845831576591,-0.06290622269078949,1997.4639374672465,11.463937467246524,9,0.9639537414039179,0.0,7.510099383820673e-16,9.464298776535095,0.556166554009863,9.463937467246414,0.5572114803192725
994,-45.857790153042764,0.5023807201603621,0.2509388510258564,0.1256301502511992,0.09426800484642534,-0.06290585944165433,1999.4653824081656,11.465382408165624,9,0.9653985880354838,1.1368683772161603e-13,7.525157058344183e-16,9.46574335760397,0.5561662374573919,9.465382408165503,0.5572101449650629
995,-45.869284405215595,0.5023786900738829,0.25093808875553564,0.12562960756421462,0.09426755222063939,-0.06290549687706687,2001.466825903726,11.466825903725976,9,0.9668419880713675,0.0,7.540229802107156e-16,9.467186494058375,0.5561659282348008,9.466825903725951,0.5572088187501444
996,-45.88076858706431,0.5023766637020017,0.25093732783493783,0.12562906587695838,0.09426710043600432,-0.06290513499505285,2003.4682679568111,11.468267956811133,9,0.968283944406398,1.1368683772161603e-13,7.555317615098669e-16,9.468628188778993,0.5561656264319306,9.468267956810937,0.5572075017573478
997,-45.892242717310175,0.5023746410342612,0.2509365682603616,0.12562852518660775,0.09426664949012546,-0.0629047737936456,2005.469708570295,11.469708570295097,9,0.9697244599267218,1.1368683772161603e-13,7.570420497307814e-16,9.470068444637786,0.5561653321373594,9.469708570294909,0.5572061940682999
998,-45.90370681462836,0.5023726220602441,0.2509358100281193,0.12562798549035076,0.09426619938061734,-0.06290441327088613,2007.4711477470437,11.471147747043688,9,0.9711635375098417,0.0,7.58553844872371e-16,9.471507264498033,0.5561650454384051,9.471147747043625,0.5572048957634207
999,-45.915160897621384,0.5023706067695721,0.25093505313453707,0.12562744678538618,0.0942657501051036,-0.06290405342482307,2009.4725854899143,11.472585489914309,9,0.9726011800246397,1.1368683772161603e-13,7.600671469335495e-16,9.472944651214359,0.5561647664211269,9.47258548991418,0.5572036069219273
1000,-45.92660498485459,0.5023685951519071,0.2509342975759548,0.1256269090689233,0.09426530166121705,-0.06290369425351261,2011.474021801755,11.474021801755043,9,0.9740373903314232,0.0,7.615819559132327e-16,9.474380607632781,0.556164495170326,9.474021801755052,0.5572023276218334
1001,-45.938039094836924,0.5023665871969496,0.2509335433487258,0.12562637233818197,0.09426485404659948,-0.06290333575501851,2013.4754566854062,11.475456685406243,9,0.9754721712819574,0.0,7.630982718103387e-16,9.475815136590732,0.5561642317695473,9.475456685406131,0.5572010579399521
1002,-45.949463246021914,0.5023645828944393,0.25093279044921685,0.12562583659039253,0.09426440725890163,-0.06290297792741202,2015.4768901436987,11.47689014369871,9,0.9769055257194879,0.0,7.646160946237872e-16,9.47724824091711,0.5561639763010827,9.47689014369875,0.5571997979518951
1003,-45.96087745681406,0.5023625822341545,0.25093203887380827,0.1256253018227958,0.0942639612957833,-0.06290262076877186,2017.4783221794557,11.478322179455745,9,0.9783374564787888,0.0,7.661354243525006e-16,9.478679923432306,0.5561637288459713,9.478322179455732,0.5571985477320769
1004,-45.972281745558966,0.5023605852059125,0.2509312886188937,0.12562476803264294,0.09426351615491313,-0.06290226427718419,2019.4797527954915,11.47975279549155,9,0.9797679663861931,1.1368683772161603e-13,7.676562609954031e-16,9.480110186948231,0.5561634894840015,9.479752795491422,0.5571973073537143
1005,-45.98367613056622,0.5023585917995681,0.25093053968087975,0.12562423521719526,0.0942630718339685,-0.06290190845074242,2021.4811819946117,11.481181994611688,9,0.9811970582596174,0.0,7.691786045514205e-16,9.481539034268367,0.5561632582937142,9.481181994611706,0.55719607688883
1006,-45.99506063007409,0.5023566020050159,0.250929792056187,0.12562370337372472,0.09426262833063588,-0.06290155328754757,2023.482609779614,11.482609779613995,9,0.9826247349086046,0.0,7.707024550194813e-16,9.482966468187792,0.5561630353524036,9.482609779614071,0.5571948564082523
1007,-46.006435262278046,0.5023546158121871,0.2509290457412486,0.12562317249951332,0.09426218564261035,-0.06290119878570781,2025.4840361532877,11.484036153287661,9,0.9840509991343538,0.0,7.72227812398516e-16,9.48439249149321,0.5561628207361209,9.48403615328762,0.5571936459816184
1008,-46.01780004532822,0.5023526332110515,0.250928300732511,0.12562264259185324,0.09426174376759576,-0.06290084494333864,2027.4854611184132,11.485461118413241,9,0.9854758537297545,1.1368683772161603e-13,7.737546766874566e-16,9.485817106963003,0.5561626145196754,9.485461118413115,0.5571924456773771
1009,-46.029154997312546,0.5023506541916163,0.2509275570264336,0.1256221136480467,0.09426130270330463,-0.06290049175856273,2029.486884677763,11.4868846777631,9,0.9868993014794185,0.0,7.7528304788523765e-16,9.487240317367238,0.5561624167766376,9.48688467776301,0.5571912555627891
1010,-46.040500136278006,0.5023486787439267,0.25092681461948924,0.12562158566540643,0.09426086244745822,-0.0629001392295102,2031.4883068341014,11.488306834101422,9,0.9883213451597097,0.0,7.768129259907954e-16,9.48866212546773,0.5561622275793413,9.488306834101481,0.5571900757039304
1011,-46.05183548021564,0.5023467068580649,0.25092607350816304,0.12562105864125478,0.09426042299778632,-0.0628997873543181,2033.4897275901844,11.48972759018443,9,0.9897419875387836,0.0,7.783443110030685e-16,9.490082534018052,0.5561620469988873,9.48972759018447,0.5571889061656949
1012,-46.06316104706551,0.5023447385241502,0.25092533368895364,0.1256205325729242,0.09425998435202733,-0.06289943613113073,2035.4911469487597,11.491146948759706,9,0.991161231376612,0.0,7.798772029209973e-16,9.49150154576359,0.5561618751051447,9.491146948759704,0.5571877470117952
1013,-46.0744768547182,0.5023427737323389,0.25092459515837184,0.12562000745775717,0.09425954650792816,-0.0628990855580995,2037.4925649125666,11.49256491256665,9,0.9925790794250222,0.0,7.814116017435241e-16,9.492919163441552,0.5561617119667549,9.49256491256674,0.5571865983047675
1014,-46.08578292101622,0.5023408124728248,0.250923857912942,0.12561948329310618,0.09425910946324434,-0.06289873563338298,2039.493981484337,11.493981484336928,9,0.9939955344277216,0.0,7.829475074695936e-16,9.494335389781028,0.5561615576511338,9.493981484336995,0.5571854601059717
1015,-46.097079263746444,0.5023388547358374,0.25092312194920047,0.12561896007633333,0.09425867321573964,-0.06289838635514665,2041.4953966667938,11.495396666793795,9,0.9954105991203388,0.0,7.844849200981524e-16,9.495750227502995,0.5561614122244753,9.495396666793777,0.557184332475596
1016,-46.10836590065626,0.5023369005116428,0.2509223872636964,0.12561843780481052,0.09425823776318631,-0.06289803772156298,2043.4968104626523,11.49681046265232,9,0.9968242762304431,0.0,7.860238396281485e-16,9.497163679320382,0.5561612757517542,9.496810462652318,0.5571832154726588
1017,-46.1196428494333,0.5023349497905445,0.250921653852992,0.12561791647591988,0.09425780310336515,-0.06289768973081165,2045.4982228746198,11.498222874619842,9,0.9982365684775907,0.0,7.875642660585329e-16,9.498575747938066,0.556161148296729,9.498222874619813,0.5571821091550112
1018,-46.130910127719815,0.5023330025628806,0.25092092171366126,0.12561739608705264,0.09425736923406507,-0.06289734238107901,2047.4996339053955,11.499633905395513,9,0.999647478573344,0.0,7.891061993882575e-16,9.49998643605294,0.5561610299219459,9.499633905395445,0.557181013579341
1019,-46.142167753107145,0.502331058819026,0.25092019084229117,0.12561687663561003,0.0942569361530833,-0.0628969956705584,2049.5010435576705,11.501043557670528,10,0.001057009221307581,0.0,7.906496396162773e-16,9.501395746353921,0.5561609206887417,9.501043557670421,0.5571799288011748
1020,-46.153415743141025,0.5023291185493918,0.25091946123548103,0.125616358119003,0.09425650385822551,-0.06289664959745021,2051.502451834128,11.502451834127896,10,0.0024651631171632715,0.0,7.92194586741548e-16,9.502803681521995,0.5561608206572468,9.502451834128005,0.5571788548748816
1021,-46.16465411531613,0.5023271817444238,0.25091873288984257,0.12561584053465197,0.09425607234730543,-0.06289630415996154,2053.503858737444,11.503858737443807,10,0.003871942948689977,1.1368683772161603e-13,7.937410407630289e-16,9.504210244230238,0.5561607298863901,9.503858737443545,0.557177791853676
1022,-46.17588288708151,0.5023252483946038,0.2509180058019994,0.12561532387998678,0.09425564161814493,-0.06289595935630618,2055.5052642702844,11.505264270284442,10,0.005277351395807983,0.0,7.952890016796796e-16,9.505615437143865,0.5561606484339011,9.505264270284515,0.5571767397896205
1023,-46.18710207582971,0.502323318490449,0.250917279968588,0.12561480815244683,0.0942552116685741,-0.06289561518470492,2057.5066684353105,11.50666843531053,10,0.006681391130598513,0.0,7.968384694904626e-16,9.507019262920245,0.5561605763563144,9.506668435310537,0.5571756987336307
1024,-46.19831169891146,0.5023213920225111,0.25091655538625635,0.1256142933494812,0.09425478249643118,-0.06289527164338518,2059.5080712351732,11.508071235173247,10,0.008084064817342806,-1.1368683772161603e-13,7.983894441943424e-16,9.508421724208937,0.5561605137089729,9.508071235173416,0.557174668735476
