offset_d,length_k,base_q,T_q_k
-12,14,2,1
-12,15,3,256
-12,16,4,4181
-12,17,5,26244
-12,18,6,110009
-12,19,7,367424
-12,20,8,1080106
-12,21,9,2912500
-12,22,10,7427671
-12,23,11,18166008
-12,24,12,43146726
-12,25,13,100092888
-12,26,14,228205180
-12,27,15,512712288
-12,28,16,1139094252
-12,29,17,2505920976
-12,30,18,5470456356
-12,31,19,11858711544
-12,32,20,25563395241
-12,33,21,54819540292
-12,34,22,117060887218
-12,35,23,248966500728
-12,36,24,527753397358
-12,37,25,1115149094488
-12,38,26,2350062170808
-12,39,27,4939654313048
-12,40,28,10360138135178
-12,41,29,21681937920552
-12,42,30,45293766259508
-12,43,31,94447316758496
-12,44,32,196638672113364
-12,45,33,408765425763504
-12,46,34,848598502051236
-12,47,35,1759332310633944
-12,48,36,3643278300080238
-12,49,37,7535783964634392
-12,50,38,15571312569991476
-12,51,39,32142114429903376
-12,52,40,66288069395445292
-12,53,41,136583819872563504
-12,54,42,281201369273023740
-12,55,43,578470197614490984
-12,56,44,1189144846930700024
-12,57,45,2442698597280115424
-12,58,46,5014478749366160384
-12,59,47,10287120608362508304
-12,60,48,21091569678222068592
-12,61,49,43217796279460087200
-12,62,50,88508721391477963324
-12,63,51,181163700448097388504
-12,64,52,370634460862545043017
-12,65,53,757883041657821116100
-12,66,54,1549049857246014380082
-12,67,55,3164667262352808803640
-12,68,56,6462681956557628567934
-12,69,57,13192058776819320753688
-12,70,58,26918320225088963427832
-12,71,59,54905045793078619108632
-12,72,60,111950018557453582104098
-12,73,61,228179891057499907948040
-12,74,62,464931449798571223910596
-12,75,63,947006234964285328285280
-12,76,64,1928345091467181108278660
-12,77,65,3925355426011583193872880
-12,78,66,7988218072040395428109540
-12,79,67,16251450584115249021391000
-12,80,68,33053610473671144439076290
-12,81,69,67208639558223581766901224
-12,82,70,136622738465252025905894940
-12,83,71,277656395628113776665116208
-12,84,72,564144742570038641051156676
-12,85,73,1145953387767699457667649936
-12,86,74,2327273625220555171041138348
-12,87,75,4725280949811422853633258856
-12,88,76,9592180151842675815867942160
-12,89,77,19467596808125011849095436224
-12,90,78,39502249925248937129769094864
-12,91,79,80138612468495701122870431632
-12,92,80,162547707290841133220664618624
-12,93,81,329636379289381728391373456480
-12,94,82,668363428322873913856433282876
-12,95,83,1354908196133968741860458869656
-12,96,84,2746212940018136503063220538686
-12,97,85,5565218975536671044811291172376
-12,98,86,11276155469972380336358018310756
-12,99,87,22843745977742837166187180196976
-12,100,88,46270871583327006936454988246028
-12,101,89,93708502422336679081071533346288
-12,102,90,189752501617696444739120121010476
-12,103,91,384175996781439062632194683823432
-12,104,92,777701665440640985888683832232960
-12,105,93,1574102674636807693025956961488192
-12,106,94,3185633905951612601175043045681024
-12,107,95,6446124925259219632596344742134832
-12,108,96,13042080235101883908119457764895376
-12,109,97,26383821239370657102092452536918880
-12,110,98,53367415976793120729363427164916524
-12,111,99,107934378949689854509083899001556664
-12,112,100,218269611306203543937752880339095360
-12,113,101,441340929426054757714675925886769632
-12,114,102,892292124936332699981189732410619528
-12,115,103,1803804782041111769066055226682612672
-12,116,104,3646077329371973051191366222922789832
-12,117,105,7369090189323445128501243985602266592
-12,118,106,14892155528266177431543544549706918052
-12,119,107,30092261355770929212169202257118459592
-12,120,108,60800829255014134699488361473820082364
-12,121,109,122834271596972821949276636867568803184
-12,122,110,248135353218799345119195788348569092552
-12,123,111,501204326487306092679676605924830309488
-12,124,112,1012282075201985575097573757386756369656
-12,125,113,2044310994858717929671588605848604840768
-12,126,114,4128139818364672463922885105306878282860
-12,127,115,8335315294023818137005185997834070658968
-12,128,116,16828796198487141464308991505494732811657
-12,129,117,33973923617853293309215222030643706876356
-12,130,118,68580878156634483196284401109639710743346
-12,131,119,138427818155124759548276716315985160443064
-12,132,120,279389200412534256327638133315277233074846
-12,133,121,563845529029637987117445667997169527804312
-12,134,122,1137830947149999483471965132643276313671288
-12,135,123,2295941672481445985418077858584428478906008
-12,136,124,4632464935050807964301914262317224104689938
-12,137,125,9346093050277447915535345614931183942868168
-12,138,126,18854598679830558765219451596096504548089188
-12,139,127,38034022518212443398736423924661283971327328
-12,140,128,76718032839030048750043446098052574359872868
-12,141,129,154736041283270421405228088693565163222044272
-12,142,130,312073355199069910903009060324227547407410788
-12,143,131,629349255663197957991123886522649538533755416
-12,144,132,1269108777426436834458018723733881961428322234
-12,145,133,2559038087052955505867579348844929693502301384
-12,146,134,5159737515396464395038105429442759184929691916
-12,147,135,10402797713374035556682104322391317967772976624
-12,148,136,20972320255399649723953836780031867482778093268
-12,149,137,42278090168102456669086929830562198062231224272
-12,150,138,85223391147689538883853509738412841129234071372
-12,151,139,171781203918348328859066319631402572270377788520
-12,152,140,346232472478289590279663068332680932529153100832
-12,153,141,697805074239765045682386994805113441037631936768
-12,154,142,1406295197454832184914807034275938428900992551984
-12,155,143,2833960492860268556929680157883299951456146435984
-12,156,144,5710679974764472297944067705790725177768602893664
-12,157,145,11506877927616814964057550191629700905252712458464
-12,158,146,23184865556652982196912389633507757557268659177404
-12,159,147,46711950516144668931419357767512226608066865895704
-12,160,148,94108629288047922202927326819863905693963270253554
-12,161,149,189586715087613013086031876209406716343588898967528
-12,162,150,381913479557838310868690129191048247265962569183404
-12,163,151,769307057880901191130633011926566123689498175434192
-12,164,152,1549578775582301509368253994183369011827329529816260
-12,165,153,3121086870805601272950483929027211552551329136056400
-12,166,154,6286049907478214671105754474515888078551638655926972
-12,167,155,12659852146690453592621082181954706104001242033305480
-12,168,156,25495277811290088466256018717807306770445560570574904
-12,169,157,51341702658398539494539746143410402665777278349958688
-12,170,158,103385969945884843508252938344875672749893296117772208
-12,171,159,208177069149945216054852768805861080336464075531391216
-12,172,160,419165460169944412460235294880599673822741845352359168
-12,173,161,843953564079996785621530104298954373945111084015909664
-12,174,162,1699156595720283049169913752369246971396935388278388620
-12,175,163,3420812126561145054193534592281170389807297222066955960
-12,176,164,6886638558678282685521280428792654436527590707909264440
-12,177,165,13863305728468550525310983346045936186881173948684845760
-12,178,166,27906733312421657122073182165650613147595795650107721720
-12,179,167,56173710335812426387048795278418707842858486811319735680
-12,180,168,113068162317721381060698976404513157622697851198010045080
-12,181,169,227577807927635818694600724504377799119357457552716627744
-12,182,170,458039582574258550890388921798709102528502787886040858820
-12,183,171,921847098586490928783152789177325213636581321339594512328
-12,184,172,1855233999361163095575740887368037207781823907852369124396
-12,185,173,3733547603098688667170352392762847976580970346057753786416
-12,186,174,7513269902307924778267853149906206853539817766759506692328
-12,187,175,15118889196836944444390003028573435507835389682814040788336
-12,188,176,30422538138992614004904350977232495446831179633954266095640
-12,189,177,61214595768622678242057391794636239755983159804568320832704
-12,190,178,123168470511865775025617332185391600713330926963291328401004
-12,191,179,247815498972972387134239761563021443829391068634899857475352
-12,192,180,498589058818224425862697570116389827403837403917200388812254
-12,193,181,1003094239381008154913831234213473534297785341129210377867800
-12,194,182,2018024443694339322158920220258876206822451458354745806918596
-12,195,183,4059720817253324668980355944181610690098664468902150412332336
-12,196,184,8166800152165297516861179912568784590137613755144578246384716
-12,197,185,16428317339647891391523295873548695600155797144969720494822256
-12,198,186,33046126493288445100006246031620252082929067580032203147479436
-12,199,187,66471236614562214833931800632286225931093081740249940251195656
-12,200,188,133700667993925873165051880222204291081510012682553559844947376
-11,13,2,1
-11,14,3,192
-11,15,4,2584
-11,16,5,15309
-11,17,6,61048
-11,18,7,199472
-11,19,8,574624
-11,20,9,1533125
-11,21,10,3869845
-11,22,11,9409386
-11,23,12,22215753
-11,24,13,51356018
-11,25,14,116649610
-11,26,15,261490664
-11,27,16,579495546
-11,28,17,1272920508
-11,29,18,2773888803
-11,30,19,6006772026
-11,31,20,12931797807
-11,32,21,27710108965
-11,33,22,59113607828
-11,34,23,125649775218
-11,35,24,266145157872
-11,36,25,562111737902
-11,37,26,1183866965457
-11,38,27,2487499286482
-11,39,28,5214530124037
-11,40,29,10909891566678
-11,41,30,22781446848966
-11,42,31,47492786465800
-11,43,32,98845359835014
-11,44,33,205434761277604
-11,45,34,426357607485759
-11,46,35,883782869310018
-11,47,36,1829701049426955
-11,48,37,3784015782446442
-11,49,38,7817258934698292
-11,50,39,16134262516051804
-11,51,40,33268014328610612
-11,52,41,68539869200156844
-11,53,42,141087419490054213
-11,54,43,290208568516907038
-11,55,44,596484596112061361
-11,56,45,1225173643936618116
-11,57,46,2514756191303778346
-11,58,47,5158593937426442556
-11,59,48,10575350984497243266
-11,60,49,21668030430507012800
-11,61,50,44370717784046847787
-11,62,51,90814564400669853794
-11,63,52,185775386466501140295
-11,64,53,379857832899374228805
-11,65,54,776329785731502996588
-11,66,55,1585943345393403597762
-11,67,56,3238454238647614770504
-11,68,57,6610255909147270241086
-11,69,58,13487206681998636186761
-11,70,59,27508616035447628874018
-11,71,60,56085637413795987226941
-11,72,61,114311201798888358372078
-11,73,62,232902257540369503487422
-11,74,63,474376182764310461138792
-11,75,64,965895700895763852218590
-11,76,65,1966124023330138209138900
-11,77,66,4000913289737497452300855
-11,78,67,8139333799492224005592210
-11,79,68,16553682039018906241116035
-11,80,69,33658073383478458947641406
-11,81,70,68417565377838210857733084
-11,82,71,139040590104481284166087188
-11,83,72,282492098906572293269105772
-11,84,73,573816149126955674348076612
-11,85,74,1165296200881533524356035357
-11,86,75,2365959251448223304518338526
-11,87,76,4802652202266759120694261673
-11,88,77,9746922656753348350103023260
-11,89,78,19777081817946356917685457570
-11,90,79,40121219944891627267076102108
-11,91,80,81376552507781081397618849114
-11,92,81,165023587369411893770303639632
-11,93,82,334588139446523249490801824035
-11,94,83,678266948637156956055448851570
-11,95,84,1374715236762534826258657729599
-11,96,85,2785827021275268671859795263674
-11,97,86,5644447138050935382404627316504
-11,98,87,11434611795000909011544887401924
-11,99,88,23160658627799894516561125724184
-11,100,89,46904696883441121637203097634252
-11,101,90,94976153022564908482567981906521
-11,102,91,192287802818152903542113259840102
-11,103,92,389246599182351980238181215607269
-11,104,93,787842870242466821100657162845644
-11,105,94,1594385084240459363449903903199246
-11,106,95,3226198725158915942022937223565300
-11,107,96,6527254563673826314292133406893702
-11,108,97,13204339511931097271511035418499424
-11,109,98,26708339793029083828875608183893599
-11,110,99,54016453084109974182929738814914026
-11,111,100,109232453164323561416216522674499419
-11,112,101,220865759735470957752018128075463996
-11,113,102,446533226284589585343206421768178860
-11,114,103,902676718653402355238250724600970320
-11,115,104,1824573969475251079580177211510396948
-11,116,105,3687615704240251672219610193045700168
-11,117,106,7452166939060002370557731926336415973
-11,118,107,15058309027739291915656520431685279718
-11,119,108,30424568354717158180395154021607747073
-11,120,109,61465443252906592635940265003354509896
-11,121,110,124163499592757737822180443927217606890
-11,122,111,250793809210369176865003402468471573156
-11,123,112,506521238470445756171291834165265918098
-11,124,113,1022915899168264902080804213868284879688
-11,125,114,2065578642791276583638049518812346692155
-11,126,115,4170675114229789771855806931235075270834
-11,127,116,8420385885754052752871029649691207311991
-11,128,117,16998937381947610696040678809209779147653
-11,129,118,34314205984774231772678596638074603915548
-11,130,119,69261442890476360123211150324502341534306
-11,131,120,139788947622808513402130214745711292115192
-11,132,121,282111459347901764035345130174730400943710
-11,133,122,569290046900373002532859661716076803582713
-11,134,123,1148719982891469514302793120081091841891778
-11,135,124,2317719743964386047079733833460060549766317
-11,136,125,4676021078016688087625226212068489299744222
-11,137,126,9433205336209208162181969514433715426409902
-11,138,127,19028823251694079258512699395101568649917352
-11,139,128,38382471661939484385322919522671413352279182
-11,140,129,77414931126484130723216437294072834342889908
-11,141,130,156129837858178585351574071085605684454304551
-11,142,131,314860948348886238795701025108308591184593970
-11,143,132,634924441962830613776507816090811627448573299
-11,144,133,1280259150025702146028786582870206140667580214
-11,145,134,2581338832251486129009115067117578053441021804
-11,146,135,5204339005793525641321176865988055906319361188
-11,147,136,10492000694168158049248247195481911412118039900
-11,148,137,21150726216987894709086122526213054373088944212
-11,149,138,42634902091278946639351501322924571844530185037
-11,150,139,85937014994042518824382652723137588695567352990
-11,151,140,173208451611054288740124605600852067404839412121
-11,152,141,349086967863701510041779640271579922799932740524
-11,153,142,703514065010588885206620138682911421581110605842
-11,154,143,1417713178996479863963273322031534389989933975772
-11,155,144,2856796455943563915026612733394491873636079798026
-11,156,145,5756351900931063014137932856813109022130588328496
-11,157,146,11598221779949996396445280493674468593978872037651
-11,158,147,23367553261319345061687850237597292934723238882066
-11,159,148,47077325925477394660970278975691297362978359562031
-11,160,149,94839380106713373662029169236222047203788667464302
-11,161,150,191048216724943916004235561042122999363242180835480
-11,162,151,384836482832500116705097498856480813305271699918764
-11,163,152,775153064430224802803447751257431255768119085479848
-11,164,153,1561270788680948732713883472845099275984574082118788
-11,165,154,3144470897002895719641742886350672080865821058608553
-11,166,155,6332817959872803564488272389162809135180625406853142
-11,167,156,12753388251479631379386118011248548217259218531033109
-11,168,157,25682350020868444039786090376394990996961516654177796
-11,169,158,51715847077555250641599889460585771118809193699844126
-11,170,159,104134258784198265802373224979226409655957130097055684
-11,171,160,209673646826572060643093342074562554148591746868646390
-11,172,161,422158615523198101636716441418002621446997191507118288
-11,173,162,849939874786504163974492397373760269193621779909664911
-11,174,163,1711129217133297805875838338518858761893956783756595306
-11,175,164,3444757369387174567605383764580393970801340016823039435
-11,176,165,6934529044330341712344978773391101598515676301332634420
-11,177,166,13959086699772668578958380035242830510857345139556925500
-11,178,167,28098295255029893229367975544044401795548138035994006880
-11,179,168,56556834221028898601638382035206285138763171587353912580
-11,180,169,113834410088154325489878149918088312214507220754462227736
-11,181,170,229110303468501707552959071531528108302976196670129832469
-11,182,171,461104573655990328607105615853009720895740266125503953958
-11,183,172,927977080749954484216586177285926450371056277823288118257
-11,184,173,1867493963688090206442607663585239681250773820824657414072
-11,185,174,3758067531752542888904085945197252923518870172007368087002
-11,186,175,7562309759615633221735320254775016747415617418663912688996
-11,187,176,15216968911452361331324937238311055295586988986628172932418
-11,188,177,30618697568223447778774219396707735022334378241587996421480
-11,189,178,61606914627084345789797128633586718906989557019841396591915
-11,190,179,123953108228789110121096805863292559015343721393843247331538
-11,191,180,249384774406819057325198708918823360433416657496009618340199
-11,192,181,501727609685917766244615464827993660611888581639425992477402
-11,193,182,1009371341116394835677667023636681200713887696573667829458720
-11,194,183,2030578647165112683686591799105291539654656169243667120133780
-11,195,184,4084829224194871392035699101874441355763073890679999618070944
-11,196,185,8217016966048390962971866227954445921466432598700283410002444
-11,197,186,16528750967414078283744668504320018262813434832081137750643649
-11,198,187,33246993748820818884448991293162897408244342954255044767823094
-11,199,188,66872971125626962402817291155371516581723632488695630784425229
-11,200,189,134504137016055368302822861268374872382771114179444948391574140
-10,12,2,1
-10,13,3,128
-10,14,4,1597
-10,15,5,8748
-10,16,6,33881
-10,17,7,107616
-10,18,8,305809
-10,19,9,805000
-10,20,10,2017126
-10,21,11,4867884
-10,22,12,11443768
-10,23,13,26332796
-10,24,14,59650318
-10,25,15,133312592
-10,26,16,294907708
-10,27,17,646440264
-10,28,18,1406943324
-10,29,19,3042094140
-10,30,20,6543372708
-10,31,21,14005223892
-10,32,22,29857225441
-10,33,23,63408150036
-10,34,24,134239219730
-10,35,25,283324464280
-10,36,26,596470832430
-10,37,27,1252585708220
-10,38,28,2624937406040
-10,39,29,5489407086540
-10,40,30,11459646314194
-10,41,31,23880957276176
-10,42,32,49691808373428
-10,43,33,103243404836728
-10,44,34,214230852613860
-10,45,35,443949791651532
-10,46,36,918967239310308
-10,47,37,1900069791287844
-10,48,38,3924753268237254
-10,49,39,8098733908575960
-10,50,40,16697212466349652
-10,51,41,34393914232015968
-10,52,42,70791669010066316
-10,53,43,145591019113284292
-10,54,44,299215767767115356
-10,55,45,614498994616589260
-10,56,46,1261202440950175840
-10,57,47,2586813785335815480
-10,58,48,5302709125495888960
-10,59,49,10863581360641991000
-10,60,50,22244491182802880032
-10,61,51,45523639288645506668
-10,62,52,93120407409874686268
-10,63,53,190387072484918949780
-10,64,54,389081204936218663617
-10,65,55,794776529805201396852
-10,66,56,1622836833540810689298
-10,67,57,3312241214942440052664
-10,68,58,6757829861736932762494
-10,69,59,13782354587177974096860
-10,70,60,28098911845806318526232
-10,71,61,57266229034513381385068
-10,72,62,116672385040323162623146
-10,73,63,237624624023239129067472
-10,74,64,483820915730049730584516
-10,75,65,984785166827242410670680
-10,76,66,2003902955193095346948820
-10,77,67,4076471153463411750244460
-10,78,68,8290449526944052625297060
-10,79,69,16855913493922563505916100
-10,80,70,34262536293285773504286554
-10,81,71,69626491197452839999808136
-10,82,72,141458441743710542480850108
-10,83,73,287327802185030809931164128
-10,84,74,583487555683872707706740580
-10,85,75,1184639013995367591110023812
-10,86,76,2404644877675891438065191308
-10,87,77,4880023454722095387829164204
-10,88,78,9901665161664020884416455864
-10,89,79,20086566827767701986358494200
-10,90,80,40740189964534317404471007888
-10,91,81,82614492547066461672460275512
-10,92,82,167499467447982654320041014896
-10,93,83,339539899603664770590334134156
-10,94,84,688170468951439998254574202300
-10,95,85,1394522277391100910656972470580
-10,96,86,2825441102532400840656492236790
-10,97,87,5723675300565199719998092352680
-10,98,88,11593068120029437686731892314820
-10,99,89,23477571277856951866935214297680
-10,100,90,47538522183555236337951357597516
-10,101,91,96243803622793137884064588884244
-10,102,92,194823104018609362345106565253068
-10,103,93,394317201583264897844167922473596
-10,104,94,797984075044292656312630677383368
-10,105,95,1614667493844111033873851038031592
-10,106,96,3266763544366219282870831604131328
-10,107,97,6608384202088432995987922284269704
-10,108,98,13366598788760310634902613295041824
-10,109,99,27032858346687510555658764064524860
-10,110,100,54665490191426827636496050709694572
-10,111,101,110530527378957268323349146603771588
-10,112,102,223461908164738371566283376080140056
-10,113,103,451725523143124412971736917930317152
-10,114,104,913061312370472010495311717084927656
-10,115,105,1845343156909390390094299196645133520
-10,116,106,3729154079108530293247854163489389480
-10,117,107,7535243688796559612614219867405664820
-10,118,108,15224462527212406399769496314013568260
-10,119,109,30756875353663387148621105786462309100
-10,120,110,62130057250799050572392168533270093476
-10,121,111,125492727588542653695084250987263995784
-10,122,112,253452265201939008610811016588788629768
-10,123,113,511838150453585419662907062406133669496
-10,124,114,1033549723134544229064034670350263689768
-10,125,115,2086846290723835237604510431776557606092
-10,126,116,4213210410094907079788728757163760704108
-10,127,117,8505456477484287368736873301548852428564
-10,128,118,17169078565408079927772366112925354616449
-10,129,119,34654488351695170236141971245506051423540
-10,130,120,69942007624318237050137899539365544812818
-10,131,121,141150077090492267255983713175438018992632
-10,132,122,284833718283269271743052127034184187451166
-10,133,123,574734564771108017948273655434984722165276
-10,134,124,1159609018632939545133621107518908037831320
-10,135,125,2339497815447326108741389808335693314027180
-10,136,126,4719577220982568210948538161819755214664730
-10,137,127,9520317622140968408828593413936247657085520
-10,138,128,19203047823557599751805947194106633526967140
-10,139,129,38730920805666525371909415120681543537378840
-10,140,130,78111829413938212696389428490093095159838004
-10,141,131,157523634433086749297920053477646206551155116
-10,142,132,317648541498702566688392989892389635857921828
-10,143,133,640499628262463269561891745658973717292004868
-10,144,134,1291409522624967457599554442006530320868855250
-10,145,135,2603639577450016752150650785390226414376117032
-10,146,136,5248940496190586887604248302533352628740737708
-10,147,137,10581203674962280541814390068572504857531138144
-10,148,138,21329132178576139694218408272394241264505174004
-10,149,139,42991714014455436609616072815286945627972905860
-10,150,140,86650638840395498764911795707862336263083834668
-10,151,141,174635699303760248621182891570301562540524756332
-10,152,142,351941463249113429803896212210478913071977723976
-10,153,143,709223055781412724730853282560709402125897366776
-10,154,144,1429131160538127543011739609787130351080227387120
-10,155,145,2879632419026859273123545308905683795817410213880
-10,156,146,5802023827097653730331798007835492866494017077200
-10,157,147,11689565632283177828833010795719236282706522408140
-10,158,148,23550240965985707926463310841686828312179358096700
-10,159,149,47442701334810120390521200183870368117891442722420
-10,160,150,95570130925378825121131011652580188713615705443114
-10,161,151,192509718362274818922439245874839282382897156060216
-10,162,152,387759486107161922541504868521913379344582577939468
-10,163,153,780999070979548414476262490588296387846741798104688
-10,164,154,1572962801779595956059512951506829540141820493685380
-10,165,155,3167854923200190166333001843674132609180314898526772
-10,166,156,6379586012267392457870790303809730191809614134690908
-10,167,157,12846924356268809166151153840542390330517197066688124
-10,168,158,25869422230446799613316162034982675223477474838221184
-10,169,159,52089991496711961788660032777761139571841111214207880
-10,170,160,104882547622511688096493511613577146562020966306407728
-10,171,161,211170224503198905231333915343264027960719420503140872
-10,172,162,425151770876451790813197587955405569071252540027896336
-10,173,163,855926185493011542327454690448566164442132478239856316
-10,174,164,1723101838546312562581762924668470552390978181743322060
-10,175,165,3468702612213204081017232936879617551795382814161422980
-10,176,166,6982419529982400739168677117989548760503761897413810320
-10,177,167,14054867671076786632605776724439724834833516333164072960
-10,178,168,28289857197638129336662768922438190443500480424694407960
-10,179,169,56939958106245370816227968791993862434667856366283070800
-10,180,170,114600657858587269919057323431663466806316590313892105464
-10,181,171,230642799009367596411317418558678417486594935790605325876
-10,182,172,464169564737722106323822309907310339262977744368115843108
-10,183,173,934107062913418039650019565394527687105531234310218967468
-10,184,174,1879753928015017317309474439802442154719723733800273372820
-10,185,175,3782587460406397110637819497631657870456769997960402491912
-10,186,176,7611349616923341665202787359643826641291417070571833268008
-10,187,177,15315048626067778218259871448048675083338588290445916213304
-10,188,178,30814856997454281552644087816182974597837576849225436549064
-10,189,179,61999233485546013337536865472537198057995954235118282962700
-10,190,180,124737745945712445216576279541193517317356515824399079863148
-10,191,181,250954049840665727516157656274625277037442246357123398010452
-10,192,182,504866160553611106626533359539597493819939759361655722402646
-10,193,183,1015648442851781516441502813059888867129990052018129517050696
-10,194,184,2043132850635886045214263377951706872486860880132592781413540
-10,195,185,4109937631136418115091042259567272021427483312457853286296880
-10,196,186,8267233779931484409082552543340107252795251442255993152926540
-10,197,187,16629184595180265175966041135091340925471072519192559705024180
-10,198,188,33447861004353192668891736554705542733559618328477891208450220
-10,199,189,67274705636691709971702781678456807232354183237141326262172380
-10,200,190,135307606038184863440593842314545453684032215676336342009500984
-9,11,2,1
-9,12,3,96
-9,13,4,987
-9,14,5,5103
-9,15,6,18801
-9,16,7,58424
-9,17,8,162680
-9,18,9,423750
-9,19,10,1050876
-9,20,11,2521475
-9,21,12,5892257
-9,22,13,13511799
-9,23,14,30492343
-9,24,15,67997748
-9,25,16,150041354
-9,26,17,328405482
-9,27,18,713483262
-9,28,19,1541084895
-9,29,20,3310441983
-9,30,21,7080143301
-9,31,22,15078851353
-9,32,23,32004579253
-9,33,24,67702970500
-9,34,25,142828988874
-9,35,26,300504147680
-9,36,27,630830362855
-9,37,28,1321304952925
-9,38,29,2762376101355
-9,39,30,5764284707051
-9,40,31,12009401811108
-9,41,32,24980468554054
-9,42,33,51890831243654
-9,43,34,107641450924450
-9,44,35,223026945171875
-9,45,36,461541977188059
-9,46,37,954151610844537
-9,47,38,1970438534861037
-9,48,39,4065490755934950
-9,49,40,8380208884572388
-9,50,41,17260162418996560
-9,51,42,35519814138020284
-9,52,43,73043468822845473
-9,53,44,150094618739676881
-9,54,45,308222967020802435
-9,55,46,632513393124936975
-9,56,47,1297231237967920670
-9,57,48,2658871379372434730
-9,58,49,5446824313570341750
-9,59,50,11151811736792200246
-9,60,51,22820951935104696411
-9,61,52,46676560793250636551
-9,62,53,95426250419086547589
-9,63,54,194998758503344383777
-9,64,55,398304576973071358317
-9,65,56,813223273878908734044
-9,66,57,1659730321688227438482
-9,67,58,3386028191237275758952
-9,68,59,6905403814326606522415
-9,69,60,14077502492357324109973
-9,70,61,28689207656165021198355
-9,71,62,58446820655230789534739
-9,72,63,119033568281757981894548
-9,73,64,242346990506108770756286
-9,74,65,493265648695789017289630
-9,75,66,1003674632758720987597610
-9,76,67,2041681887056052504516555
-9,77,68,4152029017189326069299155
-9,78,69,8441565254395881267539425
-9,79,70,17158144948826220794756181
-9,80,71,34866999203093088086553298
-9,81,72,70835417017067469169168524
-9,82,73,143876293382939800824647424
-9,83,74,292163505463489326624094500
-9,84,75,593158962240789741098206065
-9,85,76,1203981827109201657898838569
-9,86,77,2443330503903559571648993947
-9,87,78,4957394707177431655003242487
-9,88,79,10056407666574693418771396110
-9,89,80,20396051837589047055075480098
-9,90,81,41359159984177007541912418126
-9,91,82,83852432586351841947350879038
-9,92,83,169975347526553414869830361443
-9,93,84,344491659760806291689921335295
-9,94,85,698073989265723040453757493549
-9,95,86,1414329318019666995055348335625
-9,96,87,2865055183789533009453253655930
-9,97,88,5802903463079464057591625299720
-9,98,89,11751524445057966361918968750860
-9,99,90,23794483927914009217309378158696
-9,100,91,48172347483669351038699696769525
-9,101,92,97511454223021367285561279153637
-9,102,93,197358405219065821148099958207279
-9,103,94,399387803984177815450154721302443
-9,104,95,808125279846118491524604288481738
-9,105,96,1634949903447762704297798274204814
-9,106,97,3307328363573522623718726091005922
-9,107,98,6689513840503039677683711273114882
-9,108,99,13528858065589523998294191288412495
-9,109,100,27357376900345937282441920067547643
-9,110,101,55314527298743681090062362732639825
-9,111,102,111828601593590975230481770667197469
-9,112,103,226058056594005785380548624225180648
-9,113,104,456917820001659240600267414239258716
-9,114,105,923445906087541665752372709722361140
-9,115,106,1866112344343529700608421181940259580
-9,116,107,3770692453976808914276098134100628525
-9,117,108,7618320438533116854670707808649877105
-9,118,109,15390616026685520883882472196524494075
-9,119,110,31089182352609616116847057551507449151
-9,120,111,62794671248691508508844072063384469650
-9,121,112,126821955584327569567988058047517672682
-9,122,113,256110721193508840356618630709321757774
-9,123,114,517155062436725083154522290647226570918
-9,124,115,1044183547100823556047265126832477031123
-9,125,116,2108113938656393891570971344741012742679
-9,126,117,4255745705960024387721650583092700369157
-9,127,118,8590527069214521984602716953406762111537
-9,128,119,17339219748868549159504053416641205319645
-9,129,120,34994770718616108699605345852937785175308
-9,130,121,70622572358160113977064648754229045693986
-9,131,122,142511206558176021109837211605165055189368
-9,132,123,287555977218636779450759123893638295360703
-9,133,124,580179082641843033363687649153892974607365
-9,134,125,1170498054374409575964449094956724580471139
-9,135,126,2361275886930266170403045783211326438221155
-9,136,127,4763133363948448334271850111571021503152180
-9,137,128,9607429908072728655475217313438780275371950
-9,138,129,19377272395421120245099194993111698806090830
-9,139,130,39079369949393566358495910718691674139444026
-9,140,131,78808727701392294669562419686113356409081243
-9,141,132,158917431007994913244266035869686729096078019
-9,142,133,320436134648518894581084954676470680995556529
-9,143,134,646074814562095925347275675227135807616444965
-9,144,135,1302559895224232769170322301142854501568317690
-9,145,136,2625940322648547375292186503662874775827065884
-9,146,137,5293541986587648133887319739078649351696131712
-9,147,138,10670406655756403034380532941663098303496925812
-9,148,139,21507538140164384679350694018575428156493283825
-9,149,140,43348525937631926579880644307649319412007226713
-9,150,141,87364262686748478705440938692587083831212176651
-9,151,142,176062946996466208502241177539751057676842772423
-9,152,143,354795958634525349566012784149377903344676753358
-9,153,144,714932046552236564255086426438507382671360121490
-9,154,145,1440549142079775222060205897542726312171219325374
-9,155,146,2902468382110154631220477884416875717999462286670
-9,156,147,5847695753264244446525663158857876710858191221555
-9,157,148,11780909484616359261220741097764003971434942533615
-9,158,149,23732928670652070791238771445776363689636272058365
-9,159,150,47808076744142846120072121392049438872805346266841
-9,160,151,96300881744044276580232854068938330223443590100318
-9,161,152,193971219999605721840642930707555565402553004927624
-9,162,153,390682489381823728377912238187345945383894357249764
-9,163,154,786845077528872026149077229919161519925365440361560
-9,164,155,1584654814878243179405142430168559804299067863935005
-9,165,156,3191238949397484613024260800997593137494809726900789
-9,166,157,6426354064661981351253308218456651248438603881492367
-9,167,158,12940460461057986952916189669836232443775176652563387
-9,168,159,26056494440025155186846233693570359449993434104503730
-9,169,160,52464135915868672935720176094936508024873029843605918
-9,170,161,105630836460825110390613798247927883468084803664379426
-9,171,162,212666802179825749819574488611965501772847095320644818
-9,172,163,428144926229705479989678734492808516695507889766892463
-9,173,164,861912496199518920680416983523372059690643177824307755
-9,174,165,1735074459959327319287687510818082342887999581021198849
-9,175,166,3492647855039233594429082109178841132789425612828709485
-9,176,167,7030310015634459765992375462587995922491847494862520080
-9,177,168,14150648642380904686253173413636619158809687528178278380
-9,178,169,28481419140246365443957562300831979091452822814842299700
-9,179,170,57323081991461843030817555548781439730572541146701076556
-9,180,171,115366905629020214348236496945238621398125959874853127533
-9,181,172,232175294550233485269675765585828726670213674912655216289
-9,182,173,467234555819453884040539003961610957630215222612346353899
-9,183,174,940237045076881595083452953503128923840006190798813651215
-9,184,175,1892013892341944428176341216019644628188673646777599383730
-9,185,176,3807107389060251332371553050066062817394669823915194187994
-9,186,177,7660389474231050108670254464512636535167216722481559415422
-9,187,178,15413128340683195105194805657786294871090187594265514395062
-9,188,179,31011016426685115326513956235658214173340775456864781982435
-9,189,180,62391552344007680885276602311487677209002351450397126134023
-9,190,181,125522383662635780312055753219094475619369310254956921797461
-9,191,182,252523325274512397707116603630427193641467835218239240810753
-9,192,183,508004711421304447008451254251201327027990937083887570328418
-9,193,184,1021925544587168197205338602483096533546092407462593378674960
-9,194,185,2055687054106659406741934956798122205319065591021520673936964
-9,195,186,4135046038077964838146385417260102687091892734235709244176000
-9,196,187,8317450593814577855193238858725768584124070285811705245130205
-9,197,188,16729618222946452068187413765862663588128710206303984069546445
-9,198,189,33648728259885566453334481816248188058874893702700740121336135
-9,199,190,67676440147756457540588272201542097882984733985587024275569571
-9,200,191,136111075060314358578364823360716034985293317173227738227762818
-8,10,2,1
-8,11,3,64
-8,12,4,610
-8,13,5,2916
-8,14,6,10435
-8,15,7,31520
-8,16,8,86585
-8,17,9,222500
-8,18,10,547810
-8,19,11,1304504
-8,20,12,3035514
-8,21,13,6928600
-8,22,14,15594460
-8,23,15,34669600
-8,24,16,76366430
-8,25,17,166795416
-8,26,18,361933156
-8,27,19,780561360
-8,28,20,1675267416
-8,29,21,3578837328
-8,30,22,7616968704
-8,31,23,16152541744
-8,32,24,34152004985
-8,33,25,71997872804
-8,34,26,151418850770
-8,35,27,317683935800
-8,36,28,665190011090
-8,37,29,1390024329720
-8,38,30,2899814944300
-8,39,31,6039162492064
-8,40,32,12559157490802
-8,41,33,26079980034472
-8,42,34,54089854337740
-8,43,35,112039497258992
-8,44,36,231823038001392
-8,45,37,479134163022576
-8,46,38,989335982705136
-8,47,39,2040807278790960
-8,48,40,4206228244021806
-8,49,41,8661683860992568
-8,50,42,17823112372104068
-8,51,43,36645714044524400
-8,52,44,75295268636166080
-8,53,45,154598218366655120
-8,54,46,317230166275122016
-8,55,47,650527791633966800
-8,56,48,1333260034986400080
-8,57,49,2730928973409844000
-8,58,50,5590939501645643080
-8,59,51,11440042112943319744
-8,60,52,23397412687407488060
-8,61,53,47829482297856810144
-8,62,54,97732093428299524600
-8,63,55,199610444521771009104
-8,64,56,407527949009925323769
-8,65,57,831670017952617425316
-8,66,58,1696623809835645629106
-8,67,59,3459815167532112998200
-8,68,60,7052977766916281911106
-8,69,61,14372650397536675852088
-8,70,62,29279503466523725704268
-8,71,63,59627412275948199627680
-8,72,64,121394751523192803223530
-8,73,65,247069356988978414621960
-8,74,66,502710381661528306295996
-8,75,67,1022564098690199566955440
-8,76,68,2079460818919009664650240
-8,77,69,4227586880915240391060400
-8,78,70,8592680981847709912634640
-8,79,71,17460376403729878086601264
-8,80,72,35471462112900402671983202
-8,81,73,72044342836682098341856392
-8,82,74,146294145022169059171942860
-8,83,75,296999208741947843320700112
-8,84,76,602830368797706774493530552
-8,85,77,1223324640223035724691702896
-8,86,78,2482016130131227705237043696
-8,87,79,5034765959632767922181772560
-8,88,80,10211150171485365953131000136
-8,89,81,20705536847410392123797349248
-8,90,82,41978130003819697679358938744
-8,91,83,85090372625637222222246827904
-8,92,84,172451227605124175419625296300
-8,93,85,349443419917947812789514375904
-8,94,86,707977509580006082652946883800
-8,95,87,1434136358648233079453730567760
-8,96,88,2904669265046665178250021718990
-8,97,89,5882131625593728395185165176440
-8,98,90,11909980770086495037106052411460
-8,99,91,24111396577971066567683549548464
-8,100,92,48806172783783465739448043783984
-8,101,93,98779104823249596687057977588880
-8,102,94,199893706419522279951093359660640
-8,103,95,404458406385090733056141528973840
-8,104,96,818266484647944326736577908776360
-8,105,97,1655232313051414374721745519938496
-8,106,98,3347893182780825964566620587815896
-8,107,99,6770643478917646359379500272281280
-8,108,100,13691117342418737361685769292501356
-8,109,101,27681895454004364009225076081696928
-8,110,102,55963564406060534543628674767131448
-8,111,103,113126675808224682137614394742601360
-8,112,104,228654205023273199194813872382642880
-8,113,105,462110116860194068228797910561077760
-8,114,106,933830499804611321009433702373140376
-8,115,107,1886881531777669011122543167249212320
-8,116,108,3812230828845087535304342104726188060
-8,117,109,7701397188269674096727195749908916800
-8,118,110,15556769526158635367995448079050767560
-8,119,111,31421489351555845085073009316568470704
-8,120,112,63459285246583966445295975593515274964
-8,121,113,128151183580112485440891865107788340400
-8,122,114,258769177185078672102426244829872452560
-8,123,115,522471974419864746646137518888337629600
-8,124,116,1054817371067102883030495583314709134980
-8,125,117,2129381586588952545537432257705487262016
-8,126,118,4298281001825141695654572409021660052456
-8,127,119,8675597660944756600468560605264692463760
-8,128,120,17509360932329018391235740720357077358841
-8,129,121,35335053085537047163068720460369540945828
-8,130,122,71303137092001990903991397969092569292914
-8,131,123,143872336025859774963690710034892114819384
-8,132,124,290278236154004287158466120753092427435810
-8,133,125,585623600512578048779101642872801251964344
-8,134,126,1181387090115879606795277082394541148792460
-8,135,127,2383053958413206232064701758086959588880800
-8,136,128,4806689506914328457595162061322287818907290
-8,137,129,9694542194004488902121841212941312921746120
-8,138,130,19551496967284640738392442792116764114140700
-8,139,131,39427819093120607345082406316701804771292464
-8,140,132,79505625988846376642735410882133617688983712
-8,141,133,160311227582903077190612018261727251672555312
-8,142,134,323223727798335222473776919460551726165660240
-8,143,135,651650000861728581132659604795297897974288432
-8,144,136,1313710267823498080741090160279178682302137882
-8,145,137,2648241067847077998433722221935523137313347176
-8,146,138,5338143476984709380170391175623946074687853436
-8,147,139,10759609636550525526946675814753691749500057360
-8,148,140,21685944101752629664482979764756615048519774856
-8,149,141,43705337860808416550145215800011693196080987568
-8,150,142,88077886533101458645970081677311831399381039184
-8,151,143,177490194689172168383299463509200552813202411664
-8,152,144,357650454019937269328129356088276893617418530840
-8,153,145,720641037323060403779319570316305363216866771904
-8,154,146,1451967123621422901108672185298322273262256329880
-8,155,147,2925304345193449989317410459928067640181560619520
-8,156,148,5893367679430835162719528309880260555222412843340
-8,157,149,11872253336949540693608471399808771660163411377760
-8,158,150,23915616375318433656014232049865899067093236004120
-8,159,151,48173452153475571849623042600228509627719301085264
-8,160,152,97031632562709728039334696485296471733271527346242
-8,161,153,195432721636936624758846615540271848422208907723592
-8,162,154,393605492656485534214319607852778511423206191853900
-8,163,155,792691084078195637821891969250026652003989139303312
-8,164,156,1596346827976890402750771908830290068456315292286632
-8,165,157,3214622975594779059715519758321053665809304614820336
-8,166,158,6473122117056570244635826133103572305067593689309616
-8,167,159,13033996565847164739681225499130074557033156300951760
-8,168,160,26243566649603510760376305352158043676509393434824096
-8,169,161,52838280335025384082780319412111876477904948538594208
-8,170,162,106379125299138532684734084882278620374148641089521864
-8,171,163,214163379856452594407815061880666975584974770206928384
-8,172,164,431138081582959169166159881030211464319763239576305820
-8,173,165,867898806906026299033379276598177954939153877480843104
-8,174,166,1747047081372342075993612096967694133385020980372855640
-8,175,167,3516593097865263107840931281478064713783468411571501840
-8,176,168,7078200501286518792816073807186443084479933092388491640
-8,177,169,14246429613685022739900570102833513482785858723271532000
-8,178,170,28672981082854601551252355679225767739405165205071056840
-8,179,171,57706205876678315245407142305569017026477225927201796064
-8,180,172,116133153399453158777415670458813775989935329435898743212
-8,181,173,233707790091099374128034112612979035853832414034791612032
-8,182,174,470299546901185661757255698015911575997452700856665313960
-8,183,175,946367027240345150516886341611730160574481147287498760752
-8,184,176,1904273856668871539043207992236847101657623559755017829892
-8,185,177,3831627317714105554105286602500467764332569649870080362096
-8,186,178,7709429331538758552137721569381446429043016374391382117296
-8,187,179,15511208055298611992129739867523914658841786898085211241760
-8,188,180,31207175855915949100383824655133453748843974064504228225636
-8,189,181,62783871202469348433016339150438156360008748665676072294848
-8,190,182,126307021379559115407535226896995433921382104685514868936104
-8,191,183,254092600708359067898075550986229110245493424079355191065744
-8,192,184,511143262288997787390369148962805160236042114806119527995150
-8,193,185,1028202646322554877969174391906304199962194762907057352362744
-8,194,186,2068241257577432768269606535644537538151270301910448680883140
-8,195,187,4160154445019511561201728574952933352756302156013565318874160
-8,196,188,8367667407697671301303925174111429915452889129367417456586640
-8,197,189,16830051850712638960408786396633986250786347893415408555793040
-8,198,190,33849595515417940237777227077790833384190169076923589158456160
-8,199,191,68078174658821205109473762724627388533615284734032722415749264
-8,200,192,136914544082443853716135804406886616286554418670119134575394552
-7,9,2,1
-7,10,3,48
-7,11,4,377
-7,12,5,1701
-7,13,6,5790
-7,14,7,17112
-7,15,8,46055
-7,16,9,117125
-7,17,10,285380
-7,18,11,675746
-7,19,12,1562977
-7,20,13,3555538
-7,21,14,7972258
-7,22,15,17685976
-7,23,16,38857483
-7,24,17,84747762
-7,25,18,183564428
-7,26,19,395478380
-7,27,20,847659933
-7,28,21,1809473688
-7,29,22,3847260078
-7,30,23,8153825572
-7,31,24,17226268095
-7,32,25,36299471637
-7,33,26,76292821484
-7,34,27,160008765026
-7,35,28,334863782825
-7,36,29,699549725370
-7,37,30,1458743780330
-7,38,31,3037253869496
-7,39,32,6314040368467
-7,40,33,13108913271766
-7,41,34,27179491626820
-7,42,35,56288877555236
-7,43,36,116437543729285
-7,44,37,240619130979904
-7,45,38,496726349020278
-7,46,39,1024520354744100
-7,47,40,2111176022915463
-7,48,41,4346965732320538
-7,49,42,8943158837643048
-7,50,43,18386062325461476
-7,51,44,37771613951299241
-7,52,45,77547068449779512
-7,53,46,159101817993949610
-7,54,47,326237365529782652
-7,55,48,668542190143363915
-7,56,49,1369288832005274500
-7,57,50,2802986567447677540
-7,58,51,5735054689721399536
-7,59,52,11728272489094926877
-7,60,53,23973873439710801564
-7,61,54,48982403802463541582
-7,62,55,100037936437513097276
-7,63,56,204222130540198269807
-7,64,57,416751321046779966261
-7,65,58,850116762026326837308
-7,66,59,1733517297983064586210
-7,67,60,3533602143826951051833
-7,68,61,7200551719505958164298
-7,69,62,14667798302716028511098
-7,70,63,29869799276882431181816
-7,71,64,60808003896665610749411
-7,72,65,123755934764627625640942
-7,73,66,251791723471848059638260
-7,74,67,512155114627267596517812
-7,75,68,1041453564621678147596245
-7,76,69,2117239750781966826137200
-7,77,70,4303144744641154714248070
-7,78,71,8743796709299538559232356
-7,79,72,17762607858633535380027927
-7,80,73,36075925022707717259076846
-7,81,74,73253268656296727516293320
-7,82,75,148711996661398317521075916
-7,83,76,301834912020406360019235225
-7,84,77,612501775354623807890879824
-7,85,78,1242667453336869791486690778
-7,86,79,2520701756358895838827319340
-7,87,80,5112137212088104189362634523
-7,88,81,10365892676396038487493045788
-7,89,82,21015021857231737192521773588
-7,90,83,42597100023462387816808132032
-7,91,84,86328312664922602497145570925
-7,92,85,174927107683694935969423150892
-7,93,86,354395180075089333889110466014
-7,94,87,717881029894289124852139457596
-7,95,88,1453943399276799163852116121855
-7,96,89,2944283346303797347046793246890
-7,97,90,5961359788107992732778708665440
-7,98,91,12068437095115023712293139836436
-7,99,92,24428309228028123918057724859457
-7,100,93,49439998083897580440196394881368
-7,101,94,100046755423477826088554680273698
-7,102,95,202429007619978738754086765535276
-7,103,96,409529008786003650662128341243363
-7,104,97,828407689449770161948551533851212
-7,105,98,1675514722655066045145692770639868
-7,106,99,3388458001988129305414515089786480
-7,107,100,6851773117332253041075289276806773
-7,108,101,13853376619247950725077347302153468
-7,109,102,28006414007662790736008232101619398
-7,110,103,56612601513377387997194986807612076
-7,111,104,114424750022858389044747018824216071
-7,112,105,231250353452540613009079120546543852
-7,113,106,467302413718728895857328406889569680
-7,114,107,944215093521680976266494695030832952
-7,115,108,1907650719211808321636665152565325305
-7,116,109,3853769203713366156332586075359161300
-7,117,110,7784473938006231338783683691175630330
-7,118,111,15722923025631749852108423961584981796
-7,119,112,31753796350502074053298961081637706827
-7,120,113,64123899244476424381747879123654575688
-7,121,114,129480411575897401313795672168067791508
-7,122,115,261427633176648503848233858950432225976
-7,123,116,527788886403004410137752747129458069533
-7,124,117,1065451195033382210013726039796950930212
-7,125,118,2150649234521511199503893170669971790478
-7,126,119,4340816297690259003587494234950630070380
-7,127,120,8760668252674991216334404257122633483983
-7,128,121,17679502115789487622967428024072960407413
-7,129,122,35675335452457985626532095067801308075228
-7,130,123,71983701825843867830918147183956104608482
-7,131,124,145233465493543528817544208464619186532185
-7,132,125,293000495089371794866173117612546571968362
-7,133,126,591068118383313064194515636591709542162074
-7,134,127,1192276125857349637626105069832357730346616
-7,135,128,2404832029896146293726357732962592753174275
-7,136,129,4850245649880208580918474011073554148706270
-7,137,130,9781654479936249148768465112443845582583380
-7,138,131,19725721539148161231685690591121829437082196
-7,139,132,39776268236847648331668901914711935418470517
-7,140,133,80202524276300458615908402078153878984663376
-7,141,134,161705024157811241136958000653767774265267110
-7,142,135,326011320948151550366468884244632771352465636
-7,143,136,657225187161361236918043534363459988349310775
-7,144,137,1324860640422763392311858019415502863053624294
-7,145,138,2670541813045608621575257940208171498817792328
-7,146,139,5382744967381770626453462612169242797698247100
-7,147,140,10848812617344648019512818687844285195522379513
-7,148,141,21864350063340874649615265510937801940565985888
-7,149,142,44062149783984906520409787292374066980175008698
-7,150,143,88791510379454438586499224662036578967570713292
-7,151,144,178917442381878128264357749478650047949583424955
-7,152,145,360504949405349189090245928027175883890182256172
-7,153,146,726350028093884243303552714194103343762395955444
-7,154,147,1463385105163070580157138473053918234353316464416
-7,155,148,2948140308276745347414343035439259562363682691085
-7,156,149,5939039605597425878913393460902644399586658824460
-7,157,150,11963597189282722125996201701853539348891905213950
-7,158,151,24098304079984796520789692653955434444550225586876
-7,159,152,48538827562808297579173963808407580382633282198047
-7,160,153,97762383381375179498436538901654613243099491556446
-7,161,154,196894223274267527677050300372988131441864838166480
-7,162,155,396528495931147340050726977518211077462518054800476
-7,163,156,798537090627519249494706708580891784082612867296065
-7,164,157,1608038841075537626096401387492020332613562750411024
-7,165,158,3238007001792073506406778715644514194123799533247778
-7,166,159,6519890169451159138018344047750493361696583528383420
-7,167,160,13127532670636342526446261328423916670291135981359043
-7,168,161,26430638859181866333906377010745727903025352797939588
-7,169,162,53212424754182095229840462729287244930936867267167868
-7,170,163,107127414137451954978854371516629357280212478549054112
-7,171,164,215659957533079438996055635149368449397102445128420565
-7,172,165,434131236936212858342641027567614411944018589421761132
-7,173,166,873885117612533677386341569672983850187664577174268454
-7,174,167,1759019702785356832699536683117305923882042379762265356
-7,175,168,3540538340691292621252780453777288294777511210352925095
-7,176,169,7126090986938577819639772151784890246468018689953987300
-7,177,170,14342210584989140793547966792030407806762029918405218320
-7,178,171,28864543025462837658547149057619556387357507595341170856
-7,179,172,58089329761894787459996729062356594322381910707744812377
-7,180,173,116899401169886103206594843972388930581744698996987611556
-7,181,174,235240285631965262986392459640129345037451153156972232410
-7,182,175,473364537982917439473972392070212194364690179101029486916
-7,183,176,952497009403808705950319729720331397308956103776230087915
-7,184,177,1916533820995798649910074768454049575126573472732483515064
-7,185,178,3856147246367959775839020154934872711270469475825014813428
-7,186,179,7758469188846466995605188674250256322918816026301254151640
-7,187,180,15609287769914028879064674077261534446593386201904958493373
-7,188,181,31403335285146782874253693074608693324347172672143725963588
-7,189,182,63176190060931015980756075989388635511015145880955071057838
-7,190,183,127091659096482450503014700574896392223394899116072869802092
-7,191,184,255661876142205738089034498342031026849519012940471196191215
-7,192,185,514281813156691127772287043674408993444093292528351541693642
-7,193,186,1034479748057941558733010181329511866378297118351521383261904
-7,194,187,2080795461048206129797278114490952870983475012799376746238836
-7,195,188,4185262851961058284257071732645764018420711577791421453198705
-7,196,189,8417884221580764747414611489497091246781707972923129728905240
-7,197,190,16930485478478825852630159027405308913443985580526833104156690
-7,198,191,34050462770950314022219972339333478709505444451146438258967436
-7,199,192,68479909169885952678359253247712679184245835482478420620613907
-7,200,193,137718013104573348853906785453057197587815520167010530989024636
-6,8,2,1
-6,9,3,32
-6,10,4,233
-6,11,5,972
-6,12,6,3214
-6,13,7,9232
-6,14,8,24516
-6,15,9,61500
-6,16,10,148785
-6,17,11,349620
-6,18,12,805314
-6,19,13,1823388
-6,20,14,4077842
-6,21,15,9018576
-6,22,16,19780572
-6,23,17,43048908
-6,24,18,93133142
-6,25,19,200338040
-6,26,20,429028804
-6,27,21,914764356
-6,28,22,1943686512
-6,29,23,4115690136
-6,30,24,8690690560
-6,31,25,18300003436
-6,32,26,38446948209
-6,33,27,80587781076
-6,34,28,168598691250
-6,35,29,352043642940
-6,36,30,733909453930
-6,37,31,1527463246480
-6,38,32,3174692811564
-6,39,33,6588918263148
-6,40,34,13658669072490
-6,41,35,28279003240488
-6,42,36,58487900795692
-6,43,37,120835590224260
-6,44,38,249415223984904
-6,45,39,514318535046360
-6,46,40,1059704726813424
-6,47,41,2181544767072396
-6,48,42,4487703220653862
-6,49,43,9224633814330376
-6,50,44,18949012278858084
-6,51,45,38897513858115732
-6,52,46,79798868263437144
-6,53,47,163605417621290952
-6,54,48,335244564784492896
-6,55,49,686556588652813500
-6,56,50,1405317629024204360
-6,57,51,2875044161485569600
-6,58,52,5879169877797217704
-6,59,53,12016502865246599028
-6,60,54,24550334192014183508
-6,61,55,50135325307070345000
-6,62,56,102343779446726745592
-6,63,57,208833816558625609932
-6,64,58,425974693083634692081
-6,65,59,868563506100036336660
-6,66,60,1770410786130483634834
-6,67,61,3607389120121789201276
-6,68,62,7348125672095634517722
-6,69,63,14962946207895381274896
-6,70,64,30460095087241136768844
-6,71,65,61988595517383021985452
-6,72,66,126117118006062448177634
-6,73,67,256514089954717704778952
-6,74,68,521599847593006886869276
-6,75,69,1060343030553156728372100
-6,76,70,2155018682644923987764760
-6,77,71,4378702608367069037582040
-6,78,72,8894912436751367205982224
-6,79,73,18064839313537192673612748
-6,80,74,36680387932515031846334810
-6,81,75,74462194475911356690900888
-6,82,76,151129848300627575870386092
-6,83,77,306670615298864876717954100
-6,84,78,622173181911540841288419664
-6,85,79,1262010266450703858281876200
-6,86,80,2559387382586563972417799664
-6,87,81,5189508464543440456543708476
-6,88,82,10520635181306711021855310912
-6,89,83,21324506867053082261246425056
-6,90,84,43216070043105077954257560280
-6,91,85,87566252704207982772044556916
-6,92,86,177402987762265696519221256644
-6,93,87,359346940232230854988706815656
-6,94,88,727784550208572167051332299480
-6,95,89,1473750439905365248250501952780
-6,96,90,2983897427560929515843565060550
-6,97,91,6040587950622257070372252449320
-6,98,92,12226893420143552387480227565604
-6,99,93,24745221878085181268431900484148
-6,100,94,50073823384011695140944746302152
-6,101,95,101314406023706055490051383291816
-6,102,96,204964308820435197557080171753312
-6,103,97,414599611186916568268115153866588
-6,104,98,838548894251595997160525159290272
-6,105,99,1695797132258717715569640021716160
-6,106,100,3429022821195432646262409592142904
-6,107,101,6932902755746859722771078281729236
-6,108,102,14015635896077164088468925312213892
-6,109,103,28330932561321217462791388121961736
-6,110,104,57261638620694241450761298848524344
-6,111,105,115722824237492095951879642906274412
-6,112,106,233846501881808026823344368710900664
-6,113,107,472494710577263723485858903218529872
-6,114,108,954599687238750631523555687689006456
-6,115,109,1928419906645947632150787137881932100
-6,116,110,3895307578581644777360830045992641460
-6,117,111,7867550687742788580840171632442864120
-6,118,112,15889076525104864336221399844119729864
-6,119,113,32086103349448303021524912846707490588
-6,120,114,64788513242368882318199782653794438092
-6,121,115,130809639571682317186699479228347818576
-6,122,116,264086089168218335594041473070992589872
-6,123,117,533105798386144073629367975370579114708
-6,124,118,1076085018999661536996956496279193345692
-6,125,119,2171916882454069853470354083634456954440
-6,126,120,4383351593555376311520416060879600739304
-6,127,121,8845738844405225832200247908980575170956
-6,128,122,17849643299249956854699115327788844138737
-6,129,123,36015617819378924089995469675233075903636
-6,130,124,72664266559685744757844896398819640639570
-6,131,125,146594594961227282671397706894346258977276
-6,132,126,295722754024739302573880114472000717250234
-6,133,127,596512636254048079609929630310617833126416
-6,134,128,1203165161598819668456933057270174312684940
-6,135,129,2426610101379086355388013707838225918269740
-6,136,130,4893801792846088704241785960824820479325330
-6,137,131,9868766765868009395415089011946378244259080
-6,138,132,19899946111011681724978938390126894760880764
-6,139,133,40124717380574689318255397512722066066524548
-6,140,134,80899422563754540589081393274174140281238200
-6,141,135,163098820732719405083303983045808296858893528
-6,142,136,328798914097967878259160849028713816540205392
-6,143,137,662800373460993892703427463931622078725287500
-6,144,138,1336011013022028703882625878551827043806085394
-6,145,139,2692842558244139244716793658480819860323232760
-6,146,140,5427346457778831872736534048714539520709656924
-6,147,141,10938015598138770512078961560934878641545738996
-6,148,142,22042756024929119634747551257118988832613255712
-6,149,143,44418961707161396490674358784736440764270110376
-6,150,144,89505134225807418527028367646761326535761490000
-6,151,145,180344690074584088145416035448099543085965563196
-6,152,146,363359444790761108852362499966074874162947129104
-6,153,147,732059018864708082827785858071901324307926309536
-6,154,148,1474803086704718259205604760809514195444377792760
-6,155,149,2970976271360040705511275610950451484545805980020
-6,156,150,5984711531764016595107258611925028243950906046820
-6,157,151,12054941041615903558383932003898307037620400315560
-6,158,152,24280991784651159385565153258044969822007216459544
-6,159,153,48904202972141023308724885016586651137547264625548
-6,160,154,98493134200040630957538381318012754752927457106490
-6,161,155,198355724911598430595253985205704414461520769974648
-6,162,156,399451499205809145887134347183643643501829919138092
-6,163,157,804383097176842861167521447911756916161236596705940
-6,164,158,1619730854174184849442030866153750596770810209978944
-6,165,159,3261391027989367953098037672967974722438294453145480
-6,166,160,6566658221845748031400861962397414418325573368954544
-6,167,161,13221068775425520313211297157717758783549115663291036
-6,168,162,26617711068760221907436448669333412129541312162607512
-6,169,163,53586569173338806376900606046462613383968785997322016
-6,170,164,107875702975765377272974658150980094186276316010195240
-6,171,165,217156535209706283584296208418069923209230120051550356
-6,172,166,437124392289466547519122174105017359568273939268883124
-6,173,167,879871428319041055739303862747789745436175276869389896
-6,174,168,1770992324198371589405461269266917714379063779153400920
-6,175,169,3564483583517322134664629626076511875771554009136104300
-6,176,170,7173981472590636846463470496383337408456104287521269360
-6,177,171,14437991556293258847195363481227302130738201113540721840
-6,178,172,29056104968071073765841942436013345035309849985613133224
-6,179,173,58472453647111259674586315819144171618286595488289708548
-6,180,174,117665648940319047635774017485964085173554068558078391620
-6,181,175,236772781172831151844750806667279654221069892279154796728
-6,182,176,476429529064649217190689086124512812731927657345395636392
-6,183,177,958626991567272261383753117828932634043431060264963424540
-6,184,178,1928793785322725760776941544671252048595523385709951243004
-6,185,179,3880667175021813997572753707369277658208369301779951341200
-6,186,180,7807509046154175439072655779119066216794615678211128296464
-6,187,181,15707367484529445765999608286999154234344985505724707889876
-6,188,182,31599494714377616648123561494083932899850371279783225881212
-6,189,183,63568508919392683528495812828339114662021543096234072035656
-6,190,184,127876296813405785598494174252797350525407693546630872918440
-6,191,185,257231151576052408279993445697832943453544601801587203602956
-6,192,186,517420364024384468154204938386012826652144470250583557714694
-6,193,187,1040756849793328239496845970752719532794399473795985416520296
-6,194,188,2093349664518979491324949693337368203815679723688304813990820
-6,195,189,4210371258902605007312414890338594684085120999569277589956980
-6,196,190,8468101035463858193525297804882752578110526816478842003695400
-6,197,191,17030919106245012744851531658176631576101623267638257655030120
-6,198,192,34251330026482687806662717600876124034820719825369287362027104
-6,199,193,68881643680950700247244743770797969834876386230924118828065948
-6,200,194,138521482126702843991677766499227778889076621663901927405281520
-5,7,2,1
-5,8,3,24
-5,9,4,144
-5,10,5,567
-5,11,6,1783
-5,12,7,5012
-5,13,8,13038
-5,14,9,32375
-5,15,10,77505
-5,16,11,181125
-5,17,12,414676
-5,18,13,935851
-5,19,14,2084939
-5,20,15,4601476
-5,21,16,10066434
-5,22,17,21876939
-5,23,18,47242357
-5,24,19,101520822
-5,25,20,217114252
-5,26,21,462582153
-5,27,22,981872055
-5,28,23,2077902990
-5,29,24,4384124254
-5,30,25,9227560043
-5,31,26,19373743737
-5,32,27,40594430237
-5,33,28,84882746652
-5,34,29,177188624019
-5,35,30,369223510195
-5,36,31,768269190260
-5,37,32,1596182721066
-5,38,33,3312131762771
-5,39,34,6863796167709
-5,40,35,14208424883874
-5,41,36,29378514865636
-5,42,37,60686924048489
-5,43,38,125233636732479
-5,44,39,258211317004094
-5,45,40,531910721087622
-5,46,41,1094889098898963
-5,47,42,2251913511246625
-5,48,43,4628440709005610
-5,49,44,9506108791037304
-5,50,45,19511962232275517
-5,51,46,40023413764954323
-5,52,47,82050668077118202
-5,53,48,168109017248657098
-5,54,49,344251764039229375
-5,55,50,704570987162290805
-5,56,51,1441346426043163480
-5,57,52,2947101755523492516
-5,58,53,6023285065873068381
-5,59,54,12304733241398305399
-5,60,55,25126794944317601442
-5,61,56,51288246811677186238
-5,62,57,104649622455940433619
-5,63,58,213445502577052991721
-5,64,59,435198065120489461581
-5,65,60,887010250173745881772
-5,66,61,1807304274277902731363
-5,67,62,3681176096416627400835
-5,68,63,7495699624685310923540
-5,69,64,15258094113074734093434
-5,70,65,31050390897599842413027
-5,71,66,63169187138100433281133
-5,72,67,128478301247497270776522
-5,73,68,261236456437587349984468
-5,74,69,531044580558746177288265
-5,75,70,1079232496484635309218255
-5,76,71,2192797614507881149465470
-5,77,72,4454260472092983360992086
-5,78,73,9046028164203195852811171
-5,79,74,18367070768440849967279729
-5,80,75,37284850842322346433678094
-5,81,76,75671120295525985865597016
-5,82,77,153547699939856834219788149
-5,83,78,311506318577323393416768259
-5,84,79,631844588468457874686058274
-5,85,80,1281353079564537925077163962
-5,86,81,2598073008814232106008385983
-5,87,82,5266879716998776723724892165
-5,88,83,10675377686217383556217689600
-5,89,84,21633991876874427329971194004
-5,90,85,43835040062747768091707110013
-5,91,86,88804192743493363046943668487
-5,92,87,179878867840836457069019492162
-5,93,88,364298700389372376088303299342
-5,94,89,737688070522855209250525279779
-5,95,90,1493557480533931332648887926585
-5,96,91,3023511508818061684640337021650
-5,97,92,6119816113136521407965796385296
-5,98,93,12385349745172081062667315451621
-5,99,94,25062134528142238618806076270539
-5,100,95,50707648684125809841693097889586
-5,101,96,102582056623934284891548086481634
-5,102,97,207499610020891656360073578148199
-5,103,98,419670213587829485874101966671917
-5,104,99,848690099053421832372498784916792
-5,105,100,1716079541862369385993587272985372
-5,106,101,3469587640402735987110304094697813
-5,107,102,7014032394161466404466867286855855
-5,108,103,14177895172906377451860503322484250
-5,109,104,28655451114979644189574544142519894
-5,110,105,57910675728011094904327610889658427
-5,111,106,117020898452125802859012266988560673
-5,112,107,236442650311075440637609616875491612
-5,113,108,477687007435798551114389399547730528
-5,114,109,964984280955820286780616680347426865
-5,115,110,1949189094080086942664909123198792355
-5,116,111,3936845953449923398389074016626381750
-5,117,112,7950627437479345822896659573710364826
-5,118,113,16055230024577978820334375726654751751
-5,119,114,32418410348394531989750864611777555189
-5,120,115,65453127240261340254651686183934588476
-5,121,116,132138867567467233059603286288628140884
-5,122,117,266744545159788167339849087191553256389
-5,123,118,538422710369283737120983203611700470007
-5,124,119,1086718842965940863980186952761436078922
-5,125,120,2193184530386628507436814996598942443902
-5,126,121,4425886889420493619453337886808571741603
-5,127,122,8930809436135460448066091560838517199305
-5,128,123,18019784482710426086430802631504728219565
-5,129,124,36355900186299862553458844282664844089804
-5,130,125,73344831293527621684771645613683177036803
-5,131,126,147955724428911036525251205324073331797027
-5,132,127,298445012960106810281587111331454862915412
-5,133,128,601957154124783095025343624029526124482842
-5,134,129,1214054197340289699287761044707990895424259
-5,135,130,2448388172862026417049669682713859083775245
-5,136,131,4937357935811968827565097910576086810363610
-5,137,132,9955879051799769642061712911448910906363316
-5,138,133,20074170682875202218272186189131960085117321
-5,139,134,40473166524301730304841893110732196715026159
-5,140,135,81596320851208622562254384470194401578270334
-5,141,136,164492617307627569029649965437848819452987126
-5,142,137,331586507247784206151852813812794861728422339
-5,143,138,668375559760626548488811393499784169101751569
-5,144,139,1347161385621294015453393737688151224559044134
-5,145,140,2715143303442669867858329376753468221829181272
-5,146,141,5471947948175893119019605485259836243721585413
-5,147,142,11027218578932893004645104434025472087569627875
-5,148,143,22221161986517364619879837003300175724661065810
-5,149,144,44775773630337886460938930277098814548365763354
-5,150,145,90218758072160398467557510631486074103952829183
-5,151,146,181771937767290048026474321417549038222348275237
-5,152,147,366213940176173028614479071904973864435712587312
-5,153,148,737768009635531922352019001949699304853457260532
-5,154,149,1486221068246365938254071048565110156535439729789
-5,155,150,2993812234443336063608208186461643406727929889575
-5,156,151,6030383457930607311301123762947412088315153901890
-5,157,152,12146284893949084990771662305943074726348896062126
-5,158,153,24463679489317522250340613862134505199464207989571
-5,159,154,49269578381473749038275806224765721892461247722969
-5,160,155,99223885018706082416640223734370896262755423339174
-5,161,156,199817226548929333513457670038420697481176702478336
-5,162,157,402374502480470951723541716849076209541141784184269
-5,163,158,810229103726166472840336187242622048239860326837579
-5,164,159,1631422867272832072787660344815480860928057670281994
-5,165,160,3284775054186662399789296630291435250752789373791842
-5,166,161,6613426274240336924783379877044335474954563210288023
-5,167,162,13314604880214698099976332987011600896807095345999245
-5,168,163,26804783278338577480966520327921096356057271528065680
-5,169,164,53960713592495517523960749363637981837000704728280604
-5,170,165,108623991814078799567094944785330831092340153472155173
-5,171,166,218653112886333128172536781686771397021357794975513487
-5,172,167,440117547642720236695603320642420307192529289116853162
-5,173,168,885857739025548434092266155822595640684685976565374262
-5,174,169,1782964945611386346111385855416529504876085178545414459
-5,175,170,3588428826343351648076478798375735456765596807920176705
-5,176,171,7221871958242695873287168840981784570444189885089460020
-5,177,172,14533772527597376900842760170424196454714372308677149536
-5,178,173,29247666910679309873136735814407133683262192375886035521
-5,179,174,58855577532327731889175902575931748914191280268835560579
-5,180,175,118431896710751992064953190999539239765363438119170143654
-5,181,176,238305276713697040703109153694429963404688631401338349306
-5,182,177,479494520146380994907405780178813431099165135589762790599
-5,183,178,964756973730735816817186505937533870777906016753697782549
-5,184,179,1941053749649652871643808320888454522064473298687420009164
-5,185,180,3905187103675668219306487259803682605146269127734888924212
-5,186,181,7856548903461883882540122883987876110670415330121003513733
-5,187,182,15805447199144862652934542496736774022096584809544458376215
-5,188,183,31795654143608450421993429913559172475353569887422726906250
-5,189,184,63960827777854351076235549667289593813027940311513074138654
-5,190,185,128660934530329120693973647930698308827420487977188877177923
-5,191,186,258800427009899078470952393053634860057570190662703212175977
-5,192,187,520558914892077808536122833097616659860195647972815574915362
-5,193,188,1047033951528714920260681760175927199210501829240449450976832
-5,194,189,2105903867989752852852621272183783536647884434577232882959669
-5,195,190,4235479665844151730367758048031425349749530421347133727951035
-5,196,191,8518317849346951639635984120268413909439345660034554279740450
-5,197,192,17131352734011199637072904288947954238759260954749682207177746
-5,198,193,34452197282015061591105462862418769360135995199592136466380471
-5,199,194,69283378192015447816130234293883260485506936979369817036831389
-5,200,195,139324951148832339129448747545398360190337723160793323822871704
-4,6,2,1
-4,7,3,16
-4,8,4,89
-4,9,5,324
-4,10,6,990
-4,11,7,2704
-4,12,8,6942
-4,13,9,17000
-4,14,10,40416
-4,15,11,93720
-4,16,12,213705
-4,17,13,480004
-4,18,14,1066694
-4,19,15,2346832
-4,20,16,5125490
-4,21,17,11114712
-4,22,18,23973768
-4,23,19,51436312
-4,24,20,109909054
-4,25,21,233891064
-4,26,22,496136152
-4,27,23,1048980456
-4,28,24,2212120224
-4,29,25,4652559184
-4,30,26,9764430396
-4,31,27,20447484968
-4,32,28,42741913257
-4,33,29,89177713284
-4,34,30,185778557910
-4,35,31,386403378640
-4,36,32,802628927850
-4,37,33,1664902196984
-4,38,34,3449570715384
-4,39,35,7138674073752
-4,40,36,14758180696818
-4,41,37,30478026492424
-4,42,38,62885947303008
-4,43,39,129631683242504
-4,44,40,267007410025176
-4,45,41,549502907130864
-4,46,42,1130073470986572
-4,47,43,2322282255423016
-4,48,44,4769178197359614
-4,49,45,9787583767746584
-4,50,46,20074912185695400
-4,51,47,41149313671795464
-4,52,48,84302467890801912
-4,53,49,172612616876026000
-4,54,50,353258963293968716
-4,55,51,722585385671771080
-4,56,52,1477375223062125680
-4,57,53,3019159349561418624
-4,58,54,6167400253948922364
-4,59,55,12592963617550015192
-4,60,56,25703255696621022916
-4,61,57,52441168316284031136
-4,62,58,106955465465154125428
-4,63,59,218057188595480377416
-4,64,60,444421437157344235113
-4,65,61,905456994247455431044
-4,66,62,1844197762425321832182
-4,67,63,3754963072711465604816
-4,68,64,7643273577274987333914
-4,69,65,15553242018254086916664
-4,70,66,31640686707958548062040
-4,71,67,64349778758817844581784
-4,72,68,130839484488932093380522
-4,73,69,265958822920456995195240
-4,74,70,540489313524485467712656
-4,75,71,1098121962416113890069960
-4,76,72,2230576546370838311171880
-4,77,73,4529818335818897684407984
-4,78,74,9197143891655024499646124
-4,79,75,18669302223344507260952872
-4,80,76,37889313752129661021027698
-4,81,77,76880046115140615040299624
-4,82,78,155965551579086092569196848
-4,83,79,316342021855781910115589224
-4,84,80,641515995025374908083703856
-4,85,81,1300695892678371991872458864
-4,86,82,2636758635041900239598979612
-4,87,83,5344250969454112990906083336
-4,88,84,10830120191128056090580075944
-4,89,85,21943476886695772398695970784
-4,90,86,44454010082390458229156667756
-4,91,87,90042132782778743321842788248
-4,92,88,182354747919407217618817736052
-4,93,89,369250460546513897187899791584
-4,94,90,747591590837138251449718268820
-4,95,91,1513364521162497417047273909320
-4,96,92,3063125590075193853437108991870
-4,97,93,6199044275650785745559340330584
-4,98,94,12543806070200609737854403347144
-4,99,95,25379047178199295969180252066632
-4,100,96,51341473984239924542441449486920
-4,101,97,103849707224162514293044789681552
-4,102,98,210034911221348115163066984553388
-4,103,99,424740815988742403480088779487752
-4,104,100,858831303855247667584472410554024
-4,105,101,1736361951466021056417534524265504
-4,106,102,3510152459610039327958198597263852
-4,107,103,7095162032576073086162656291993816
-4,108,104,14340154449735590815252081332766164
-4,109,105,28979969668638070916357700163089824
-4,110,106,58559712835327948357893922930804500
-4,111,107,118318972666759509766144891070859144
-4,112,108,239038798740342854451874865040094992
-4,113,109,482879304294333378742919895876943840
-4,114,110,975368874672889942037677673005860156
-4,115,111,1969958281514226253179031108515665720
-4,116,112,3978384328318202019417317987260135380
-4,117,113,8033704187215903064953147514977879104
-4,118,114,16221383524051093304447351609189787444
-4,119,115,32750717347340760957976816376847633832
-4,120,116,66117741238153798191103589714074753140
-4,121,117,133468095563252148932507093348908477712
-4,122,118,269403001151357999085656701312113937668
-4,123,119,543739622352423400612598431852821840312
-4,124,120,1097352666932220190963417409243678827404
-4,125,121,2214452178319187161403275909563427948864
-4,126,122,4468422185285610927386259712737542759652
-4,127,123,9015880027865695063931935212696459243656
-4,128,124,18189925666170895318162489935220612316649
-4,129,125,36696182553220801016922218890096612292484
-4,130,126,74025396027369498611698394828546713450806
-4,131,127,149316853896594790379104703753800404633808
-4,132,128,301167271895474317989294108190909008597882
-4,133,129,607401671995518110440757617748434415856824
-4,134,130,1224943233081759730118589032145807478181400
-4,135,131,2470166244344966478711325657589492249298840
-4,136,132,4980914078777848950888409860327353141420250
-4,137,133,10042991337731529888708336810951443568486184
-4,138,134,20248395254738722711565433988137025409372784
-4,139,135,40821615668028771291428388708742327363546952
-4,140,136,82293219138662704535427375666214662875321928
-4,141,137,165886413882535732975995947829889342047100464
-4,142,138,334374100397600534044544778596875906916659308
-4,143,139,673950746060259204274195323067946259478235944
-4,144,140,1358311758220559327024161596824475405312023466
-4,145,141,2737444048641200490999865095026116583335150664
-4,146,142,5516549438572954365302676921805132966733535072
-4,147,143,11116421559727015497211247307116065533593538216
-4,148,144,22399567948105609605012122749481362616708897664
-4,149,145,45132585553514376431203501769461188332461438384
-4,150,146,90932381918513378408086653616210821672144190716
-4,151,147,183199185459996007907532607386998533358731009928
-4,152,148,369068435561584948376595643843872854708478068472
-4,153,149,743477000406355761876252145827497285398988234784
-4,154,150,1497639049788013617302537336320706117626501690380
-4,155,151,3016648197526631421705140761972835328910053823000
-4,156,152,6076055384097198027494988913969795932679401781140
-4,157,153,12237628746282266423159392607987842415077391833184
-4,158,154,24646367193983885115116074466224040576921199544404
-4,159,155,49634953790806474767826727432944792647375230845512
-4,160,156,99954635837371533875742066150729037772583389597298
-4,161,157,201278728186260236431661354871136980500832635007784
-4,162,158,405297505755132757559949086514508775580453649256528
-4,163,159,816075110275490084513150926573487180318484056995624
-4,164,160,1643114880371479296133289823477211125085305130611776
-4,165,161,3308159080383956846480555587614895779067284294465264
-4,166,162,6660194326634925818165897791691256531583553051648892
-4,167,163,13408140985003875886741368816305443010065075028735176
-4,168,164,26991855487916933054496591986508780582573230893551904
-4,169,165,54334858011652228671020892680813350290032623459267584
-4,170,166,109372280652392221861215231419681567998403990934143836
-4,171,167,220149690562959972760777354955472870833485469899505688
-4,172,168,443110702995973925872084467179823254816784638964852612
-4,173,169,891844049732055812445228448897401535933196676261388384
-4,174,170,1794937567024401102817310441566141295373106577937458100
-4,175,171,3612374069169381161488327970674959037759639606704279560
-4,176,172,7269762443894754900110867185580231732432275482657681480
-4,177,173,14629553498901494954490156859621090778690543503813608384
-4,178,174,29439228853287545980431529192800922331214534766158969324
-4,179,175,59238701417544204103765489332719326210095965049381444472
-4,180,176,119198144481184936494132364513114394357172807680261927908
-4,181,177,239837772254562929561467500721580272588307370523521934464
-4,182,178,482559511228112772624122474233114049466402613834129977748
-4,183,179,970886955894199372250619894046135107512380973242432173864
-4,184,180,1953313713976579982510675097105656995533423211664888808996
-4,185,181,3929707032329522441040220812238087552084168953689826541264
-4,186,182,7905588760769592326007589988856686004546214982030878765412
-4,187,183,15903526913760279539869476706474393809848184113364208897336
-4,188,184,31991813572839284195863298333034412050856768495062227966444
-4,189,185,64353146636316018623975286506240072964034337526792076277184
-4,190,186,129445572247252455789453121608599267129433282407746881473316
-4,191,187,260369702443745748661911340409436776661595779523819220785288
-4,192,188,523697465759771148918040727809220493068246825695047592152702
-4,193,189,1053311053264101601024517549599134865626604184684913485470424
-4,194,190,2118458071460526214380292851030198869480089145466160951965960
-4,195,191,4260588072785698453423101205724256015413939843124989865982920
-4,196,192,8568534663230045085746670435654075240768164503590266555823720
-4,197,193,17231786361777386529294276919719276901416898641861106759363984
-4,198,194,34653064537547435375548208123961414685451270573814985570772844
-4,199,195,69685112703080195385015724816968551136137487727815515245636232
-4,200,196,140128420170961834267219728591568941491598824657684720240501688
-3,5,2,1
-3,6,3,12
-3,7,4,55
-3,8,5,189
-3,9,6,549
-3,10,7,1468
-3,11,8,3691
-3,12,9,8950
-3,13,10,21053
-3,14,11,48562
-3,15,12,110055
-3,16,13,246421
-3,17,14,545485
-3,18,15,1197708
-3,19,16,2608915
-3,20,17,5649714
-3,21,18,12163221
-3,22,19,26070850
-3,23,20,55630543
-3,24,21,118297586
-3,25,22,250668201
-3,26,23,529690502
-3,27,24,1116089235
-3,28,25,2346337864
-3,29,26,4920994549
-3,30,27,10301301214
-3,31,28,21521226695
-3,32,29,44889396805
-3,33,30,93472680477
-3,34,31,194368492396
-3,35,32,403583247715
-3,36,33,836988666106
-3,37,34,1733621673605
-3,38,35,3587009668738
-3,39,36,7413551980575
-3,40,37,15307936510582
-3,41,38,31577538120073
-3,42,39,65084970558430
-3,43,40,134029729753475
-3,44,41,275803503047248
-3,45,42,567095093175141
-3,46,43,1165257843075262
-3,47,44,2392650999600535
-3,48,45,4909915685714794
-3,49,46,10069058744457089
-3,50,47,20637862139116558
-3,51,48,42275213578637931
-3,52,49,86554267704487000
-3,53,50,177116216503396333
-3,54,51,362266162548709542
-3,55,52,740599784181252895
-3,56,53,1513404020081089476
-3,57,54,3091216943599346385
-3,58,55,6311515442024778058
-3,59,56,12881193993701726755
-3,60,57,26279716448924446220
-3,61,58,53594089820890877925
-3,62,59,109261308474367819190
-3,63,60,222668874613907765127
-3,64,61,453644809194199010725
-3,65,62,923903738321164982461
-3,66,63,1881091250572740935212
-3,67,64,3828750049006303811075
-3,68,65,7790847529864663746634
-3,69,66,15848389923433439742309
-3,70,67,32230982518317253713538
-3,71,68,65530370379535255884991
-3,72,69,133200667730366915987150
-3,73,70,270681189403326640408713
-3,74,71,549934046490224758139822
-3,75,72,1117011428347592470924515
-3,76,73,2268355478233795472881216
-3,77,74,4605376199544812007826885
-3,78,75,9348259619106853146484158
-3,79,76,18971533678248164554629175
-3,80,77,38493776661936975608380542
-3,81,78,78088971934755244215005553
-3,82,79,158383403218315350918608950
-3,83,80,321177725134240426814413675
-3,84,81,651187401582291941481353008
-3,85,82,1320038705792206058667757421
-3,86,83,2675444261269568373189576982
-3,87,84,5421622221909449258087278335
-3,88,85,10984862696038728624942466204
-3,89,86,22252961896517117467420751569
-3,90,87,45072980102033148366606229594
-3,91,88,91280072822064123596741912195
-3,92,89,184830627997977978168615984220
-3,93,90,374202220703655418287496288197
-3,94,91,757495111151421293648911262326
-3,95,92,1533171561791063501445659896615
-3,96,93,3102739671332326022233880966746
-3,97,94,6278272438165050083152884280625
-3,98,95,12702262395229138413041491247518
-3,99,96,25695959828256353319554427867675
-3,100,97,51975299284354039243189801089304
-3,101,98,105117357824390743694541492886621
-3,102,99,212570212421804573966060390963830
-3,103,100,429811418389655321086075592308943
-3,104,101,868972508657073502796446036196716
-3,105,102,1756644361069672726841481775551201
-3,106,103,3550717278817342668806093099835562
-3,107,104,7176291670990679767858445297137555
-3,108,105,14502413726564804178643659343053964
-3,109,106,29304488222296497643140856183665749
-3,110,107,59208749942644801811460234971956678
-3,111,108,119617046881393216673277515153163831
-3,112,109,241634947169610268266140113204704700
-3,113,110,488071601152868206371450392206163593
-3,114,111,985753468389959597294738665664300002
-3,115,112,1990727468948365563693153093832545755
-3,116,113,4019922703186480640445561957893895796
-3,117,114,8116780936952460307009635456245400285
-3,118,115,16387537023524207788560327491724830158
-3,119,116,33083024346286989926202768141917719615
-3,120,117,66782355236046256127555493244214925064
-3,121,118,134797323559037064805410900409188821921
-3,122,119,272061457142927830831464315432674626450
-3,123,120,549056534335563064104213660093943218243
-3,124,121,1107986490898499517946647865725921583636
-3,125,122,2235719826251745815369736822527913461701
-3,126,123,4510957481150728235319181538666513785702
-3,127,124,9100950619595929679797778864554401296135
-3,128,125,18360066849631364549894177238936496421989
-3,129,126,37036464920141739480385593497528380503549
-3,130,127,74705960761211375538625144043410249873324
-3,131,128,150677983364278544232958202183527477479235
-3,132,129,303889530830841825697001105050363154289130
-3,133,130,612846189866253125856171611467342707239717
-3,134,131,1235832268823229760949417019583624060947586
-3,135,132,2491944315827906540372981632465125414831615
-3,136,133,5024470221743729074211721810078619472486206
-3,137,134,10130103623663290135354960710453976230618505
-3,138,135,20422619826602243204858681787142090733637838
-3,139,136,41170064811755812278014884306752458012077475
-3,140,137,82990117426116786508600366862234924172383392
-3,141,138,167280210457443896922341930221929864641223813
-3,142,139,337161693547416861937236743380956952104906430
-3,143,140,679525932359891860059579252636108349854730615
-3,144,141,1369462130819824638594929455960799586065013238
-3,145,142,2759744793839731114141400813298764944841130641
-3,146,143,5561150928970015611585748358350429689745495462
-3,147,144,11205624540521137989777390180206658979617459435
-3,148,145,22577973909693854590144408495662549508756740544
-3,149,146,45489397476690866401468073261823562116557124589
-3,150,147,91646005764866358348615796600935569240335563574
-3,151,148,184626433152701967788590893356448028495113756095
-3,152,149,371922930946996868138712215782771844981243561260
-3,153,150,749185991177179601400485289705295265944519220817
-3,154,151,1509057031329661296351003624076302078717563662906
-3,155,152,3039484160609926779802073337484027251092177768515
-3,156,153,6121727310263788743688854064992179777043649672636
-3,157,154,12328972598615447855547122910032610103805887616645
-3,158,155,24829054898650247979891535070313575954378191111798
-3,159,156,50000329200139200497377648641123863402289213980775
-3,160,157,100685386656036985334843908567087179282411355868302
-3,161,158,202740229823591139349865039703853263520488567550273
-3,162,159,408220509029794563396356456179941341619765514341990
-3,163,160,821921116824813696185965665904352312397107787167035
-3,164,161,1654806893470126519478919302138941389242552590955088
-3,165,162,3331543106581251293171814544938356307381779215152381
-3,166,163,6706962379029514711548415706338177588212542893023622
-3,167,164,13501677089793053673506404645599285123323054711485135
-3,168,165,27178927697495288628026663645096464809089190259052324
-3,169,166,54709002430808939818081035997988718743064542190268929
-3,170,167,110120569490705644155335518054032304904467828396147034
-3,171,168,221646268239586817349017928224174344645613144823512595
-3,172,169,446103858349227615048565613717226202441039988812866940
-3,173,170,897830360438563190798190741972207431181707375957417557
-3,174,171,1806910188437415859523235027715753085870127977329516966
-3,175,172,3636319311995410674900177142974182618753682405488397815
-3,176,173,7317652929546813926934565530178678894420361080225918516
-3,177,174,14725334470205613008137553548817985102666714698950082985
-3,178,175,29630790795895782087726322571194710979166877156431919058
-3,179,176,59621825302760676318355076089506903506000649829927344475
-3,180,177,119964392251617880923311538026689548948982177241353728452
-3,181,178,241370267795428818419825847748730581771926109645705536093
-3,182,179,485624502309844550340839168287414667833640092078497181550
-3,183,180,977016938057662927684053282154736344246855929731166582015
-3,184,181,1965573678303507093377541873322859469002373124642357625848
-3,185,182,3954226960983376662773954364672492499022068779644764175521
-3,186,183,7954628618077300769475057093725495898422014633940754034482
-3,187,184,16001606628375696426804410916212013597599783417183959436035
-3,188,185,32187973002070117969733166752509651626359967102701729044404
-3,189,186,64745465494777686171715023345190552115040734742071078433669
-3,190,187,130230209964175790884932595286500225431446076838304885786854
-3,191,188,261938977877592418852870287765238693265621368384935229412935
-3,192,189,526836016627464489299958622520824326276298003417279609408570
-3,193,190,1059588154999488281788353339022342532042706540129377519982737
-3,194,191,2131012274931299575907964429876614202312293856355089020991166
-3,195,192,4285696479727245176478444363417086681078349264902846004033915
-3,196,193,8618751477113138531857356751039736572096983347145978831926296
-3,197,194,17332219989543573421515649550490599564074536328972531311569725
-3,198,195,34853931793079809159990953385504060010766545948037834675184918
-3,199,196,70086847214144942953901215340053841786768038476261213454460975
-3,200,197,140931889193091329404990709637739522792859926154576116658151772
-2,4,2,1
-2,5,3,8
-2,6,4,34
-2,7,5,108
-2,8,6,305
-2,9,7,792
-2,10,8,1966
-2,11,9,4700
-2,12,10,10982
-2,13,11,25132
-2,14,12,56736
-2,15,13,126420
-2,16,14,279169
-2,17,15,611000
-2,18,16,1328758
-2,19,17,2871036
-2,20,18,6173978
-2,21,19,13211772
-2,22,20,28167976
-2,23,21,59824820
-2,24,22,126686166
-2,25,23,267445388
-2,26,24,563244904
-2,27,25,1183198068
-2,28,26,2480555560
-2,29,27,5189429972
-2,30,28,10838172092
-2,31,29,22594968484
-2,32,30,47036880417
-2,33,31,97767647736
-2,34,32,202958426950
-2,35,33,420763116860
-2,36,34,871348404434
-2,37,35,1802341150300
-2,38,36,3724448622168
-2,39,37,7688429887476
-2,40,38,15857692324426
-2,41,39,32677049747804
-2,42,40,67283993813936
-2,43,41,138427776264532
-2,44,42,284599596069408
-2,45,43,584687279219508
-2,46,44,1200442215164044
-2,47,45,2463019743778148
-2,48,46,5050653174070070
-2,49,47,10350533721167692
-2,50,48,21200812092537816
-2,51,49,43401113485480500
-2,52,50,88806067518172192
-2,53,51,181619816130766772
-2,54,52,371273361803450476
-2,55,53,758614182690734820
-2,56,54,1549432817100053384
-2,57,55,3163274537637274260
-2,58,56,6455630630100633868
-2,59,57,13169424369853438436
-2,60,58,26856177201227869644
-2,61,59,54747011325497724836
-2,62,60,111567151483581513076
-2,63,61,227280560632335152964
-2,64,62,462868181231053786465
-2,65,63,942350482394874534008
-2,66,64,1917984738720160038374
-2,67,65,3902537025301142017468
-2,68,66,7938421482454340159490
-2,69,67,16143537828612792568092
-2,70,68,32821278328675959365176
-2,71,69,66710962000252667188340
-2,72,70,135561850971801738593922
-2,73,71,275403555886196285622332
-2,74,72,559378779455964048567136
-2,75,73,1135900894279071051779220
-2,76,74,2306134410096752634590704
-2,77,75,4680934063270726331245940
-2,78,76,9499375346558681793322348
-2,79,77,19273765133151821848305636
-2,80,78,39098239571744290195733546
-2,81,79,79297897754369873389711644
-2,82,80,160801254857544609268021216
-2,83,81,326013428412698943513238292
-2,84,82,660858808139208974879002328
-2,85,83,1339381518906040125463056148
-2,86,84,2714129887497236506780174524
-2,87,85,5498993474364785525268473508
-2,88,86,11139605200949401159304856640
-2,89,87,22562446906338462536145532532
-2,90,88,45691950121675838504055791612
-2,91,89,92518012861349503871641036324
-2,92,90,187306508076548738718414232572
-2,93,91,379153980860796939387092784996
-2,94,92,767398631465704335848104256020
-2,95,93,1552978602419629585844045884100
-2,96,94,3142353752589458191030652941814
-2,97,95,6357500600679314420746428230860
-2,98,96,12860718720257667088228579148088
-2,99,97,26012872478313410669928603668916
-2,100,98,52609124584468153943938152691888
-2,101,99,106385008424618973096038196091892
-2,102,100,215105513622261032769053797374476
-2,103,101,434882020790568238692062405130340
-2,104,102,879113713458899338008419661839616
-2,105,103,1776926770673324397265429026837108
-2,106,104,3591282098024646009653987602407484
-2,107,105,7257421309405286449554234302281508
-2,108,106,14664673003394017542035237353341980
-2,109,107,29629006775954924369924012204241892
-2,110,108,59857787049961655265026547013109076
-2,111,109,120915121096026923580410139235468740
-2,112,110,244231095598877682080405361369314632
-2,113,111,493263898011403033999980888535383572
-2,114,112,996138062107029252551799658322740076
-2,115,113,2011496656382504874207275079149426020
-2,116,114,4061461078054759261473805928527656444
-2,117,115,8199857686689017549066123397512921700
-2,118,116,16553690522997322272673303374259873108
-2,119,117,33415331345233218894428719906987805636
-2,120,118,67446969233938714064007396774355097228
-2,121,119,136126551554821980678314707469469166372
-2,122,120,274719913134497662577271929553235315476
-2,123,121,554373446318702727595828888335064596420
-2,124,122,1118620314864778844929878322208164340116
-2,125,123,2256987474184304469336197735492398974788
-2,126,124,4553492777015845543252103364595484812004
-2,127,125,9186021211326164295663622516412343348868
-2,128,126,18530208033091833781625864542652380527585
-2,129,127,37376747287062677943848968104960148714872
-2,130,128,75386525495053252465551893258273786296102
-2,131,129,152039112831962298086811700613254550324924
-2,132,130,306611789766209333404708101909817299980642
-2,133,131,618290707736988141271585605186250998622876
-2,134,132,1246721304564699791780245007021440643714040
-2,135,133,2513722387310846602034637607340758580364660
-2,136,134,5068026364709609197535033759829885803552434
-2,137,135,10217215909595050382001584609956508892751100
-2,138,136,20596844398465763698151929586147156057903168
-2,139,137,41518513955482853264601379904762588660608276
-2,140,138,83687015713570868481773358058255185469445136
-2,141,139,168674007032352060868687912613970387235347444
-2,142,140,339949286697233189829928708165037997293153836
-2,143,141,685101118659524515844963182204270440231225572
-2,144,142,1380612503419089950165697315097123766818003298
-2,145,143,2782045539038261737282936531571413306347110908
-2,146,144,5605752419367076857868819794895726412757456144
-2,147,145,11294827521315260482343533053297252425641380948
-2,148,146,22756379871282099575276694241843736400804583720
-2,149,147,45846209399867356371732644754185935900652811092
-2,150,148,92359629611219338289144939585660316808526936732
-2,151,149,186053680845407927669649179325897523631496502564
-2,152,150,374777426332408787900828787721670835254009054352
-2,153,151,754894981948003440924718433583093246490050207156
-2,154,152,1520475012871308975399469911831898039808625635740
-2,155,153,3062320123693222137899005912995219173274301714340
-2,156,154,6167399236430379459882719216014563621407897564444
-2,157,155,12420316450948629287934853212077377792534383400420
-2,158,156,25011742603316610844666995674403111331835182679508
-2,159,157,50365704609471926226928569849302934157203197116356
-2,160,158,101416137474702436793945750983445320792239322139626
-2,161,159,204201731460922042268068724536569546540144500093084
-2,162,160,411143512304456369232763825845373907659077379427776
-2,163,161,827767123374137307858780405235217444475731517338772
-2,164,162,1666498906568773742824548780800671653399800051298728
-2,165,163,3354927132778545739863073502261816835696274135839828
-2,166,164,6753730431424103604930933620985098644841532734398684
-2,167,165,13595213194582231460271440474893127236581034394235428
-2,168,166,27365999907073644201556735303684149035605149624553080
-2,169,167,55083146849965650965141179315164087196096460921270612
-2,170,168,110868858329019066449455804688383041810531665858150572
-2,171,169,223142845916213661937258501492875818457740819747519844
-2,172,170,449097013702481304225046760254629150065295338660881612
-2,173,171,903816671145070569151153035047013326430218075653447076
-2,174,172,1818882809850430616229159613865364876367149376721576180
-2,175,173,3660264554821440188312026315273406199747725204272516420
-2,176,174,7365543415198872953758263874777126056408446677794155904
-2,177,175,14821115441509731061784950238014879426642885894086557940
-2,178,176,29822352738504018195021115949588499627119219546704869148
-2,179,177,60004949187977148532944662846294480801905334610473244836
-2,180,178,120730640022050825352490711540264703540791546802445529356
-2,181,179,242902763336294707278184194775880890955544848767889138084
-2,182,180,488689493391576328057555862341715286200877570322864385716
-2,183,181,983146920221126483117486670263337580981330886219900990532
-2,184,182,1977833642630434204244408649540061942471323037619826443068
-2,185,183,3978746889637230884507687917106897445959968605599701810148
-2,186,184,8003668475385009212942524198594305792297814285850629303924
-2,187,185,16099686342991113313739345125949633385351382721003709975108
-2,188,186,32384132431300951743603035171984891201863165710341230122740
-2,189,187,65137784353239353719454760184141031266047131957350080590532
-2,190,188,131014847681099125980412068964401183733458871268862890100772
-2,191,189,263508253311439089043829235121040609869646957246051238040964
-2,192,190,529974567495157829681876517232428159484349181139511626664822
-2,193,191,1065865256734874962552189128445550198458808895573841554495436
-2,194,192,2143566478402072937435636008723029535144498567244017090016760
-2,195,193,4310804886668791899533787521109917346742758686680702142085300
-2,196,194,8668968290996231977968043066425397903425802190701691108029264
-2,197,195,17432653617309760313737022181261922226732174016083955863775860
-2,198,196,35054799048612182944433698647046705336081821322260683779597388
-2,199,197,70488581725209690522786705863139132437398589224706911663286116
-2,200,198,141735358215220824542761690683910104094121027651467513075802256
-1,3,2,1
-1,4,3,6
-1,5,4,21
-1,6,5,63
-1,7,6,169
-1,8,7,430
-1,9,8,1045
-1,10,9,2475
-1,11,10,5721
-1,12,11,13027
-1,13,12,29225
-1,14,13,64925
-1,15,14,142801
-1,16,15,311934
-1,17,16,676533
-1,18,17,1459827
-1,19,18,3133177
-1,20,19,6698263
-1,21,20,14260345
-1,22,21,30265125
-1,23,22,64019121
-1,24,23,135074771
-1,25,24,284222601
-1,26,25,596799333
-1,27,26,1250306929
-1,28,27,2614773285
-1,29,28,5457865425
-1,30,29,11375043001
-1,31,30,23668710305
-1,32,31,49184364062
-1,33,32,102062615029
-1,34,33,211548361539
-1,35,34,437942986041
-1,36,35,905708142799
-1,37,36,1871060627033
-1,38,37,3861887575637
-1,39,38,7963307794417
-1,40,39,16407448138311
-1,41,40,33776561375577
-1,42,41,69483017069485
-1,43,42,142825822775633
-1,44,43,293395689091613
-1,45,44,602279465263921
-1,46,45,1235626587252873
-1,47,46,2533388487955809
-1,48,47,5191390662425395
-1,49,48,10632008697878345
-1,50,49,21763762045959125
-1,51,50,44527013392323121
-1,52,51,91057867331857437
-1,53,52,186123415758137265
-1,54,53,380280561058191465
-1,55,54,776628581200216801
-1,56,55,1585461614119017349
-1,57,56,3235332131675202193
-1,58,57,6599745818176489737
-1,59,58,13457654746005150177
-1,60,59,27432637953531293129
-1,61,60,55899932830104571809
-1,62,61,113872994492795207025
-1,63,62,231892246650762540865
-1,64,63,472091553267908562270
-1,65,64,960797226468584085621
-1,66,65,1954878226867579141603
-1,67,66,3976324001595980223929
-1,68,67,8085995435044016572415
-1,69,68,16438685733792145393945
-1,70,69,33411574139034665016885
-1,71,70,67891553620970078491761
-1,72,71,137923034213236561200767
-1,73,72,280125922369065930836025
-1,74,73,568823512421703338994525
-1,75,74,1154790360210549632634001
-1,76,75,2343913341959709796300269
-1,77,76,4756491926996640654665073
-1,78,77,9650491074010510440160617
-1,79,78,19575996588055479141982177
-1,80,79,39702702481551604783086631
-1,81,80,80506823573984502564417817
-1,82,81,163219106496773867617433565
-1,83,82,330849131691157460212062993
-1,84,83,670530214696126008276651733
-1,85,84,1358724332019874192258354961
-1,86,85,2752815513724904640370772153
-1,87,86,5576364726820121792449668769
-1,88,87,11294347705860073693667247165
-1,89,88,22871931916159807604870313585
-1,90,89,46310920141318528641505353721
-1,91,90,93755952900634884146540160545
-1,92,91,189782388155119499268212481017
-1,93,92,384105741017938460486689281889
-1,94,93,777302151779987378047297249809
-1,95,94,1572785643048195670242431871681
-1,96,95,3181967833846590359827424916979
-1,97,96,6436728763193578758339972181193
-1,98,97,13019175045286195763415667048757
-1,99,98,26329785128370468020302779470257
-1,100,99,53242949884582268644686504294573
-1,101,100,107652659024847202497534899297265
-1,102,101,217640814822717491572047203785225
-1,103,102,439952623191481156298049217951841
-1,104,103,889254918260725173220393287482621
-1,105,104,1797209180276976067689376278123121
-1,106,105,3631846917231949350501882104979513
-1,107,106,7338550947819893131250023307425569
-1,108,107,14826932280223230905426815363630105
-1,109,108,29953525329613351096707168224818145
-1,110,109,60506824157278508718592859054261585
-1,111,110,122213195310660630487542763317773761
-1,112,111,246827244028145095894670609533924677
-1,113,112,498456194869937861628511384864603665
-1,114,113,1006522655824098907808860650981180265
-1,115,114,2032265843816644184721397064466306401
-1,116,115,4102999452923037882502049899161417209
-1,117,116,8282934436425574791122611338780443233
-1,118,117,16719844022470436756786279256794916177
-1,119,118,33747638344179447862654671672057891777
-1,120,119,68111583231831172000459300304495269513
-1,121,120,137455779550606896551218514529749510945
-1,122,121,277378369126067494323079543673796004625
-1,123,122,559690358301842391087444116576185974721
-1,124,123,1129254138831058171913108778690407096721
-1,125,124,2278255122116863123302658648456884488001
-1,126,125,4596028072880962851185025190524455838433
-1,127,126,9271091803056398911529466168270285401729
-1,128,127,18700349216552303013357551846368264633310
-1,129,128,37717029653983616407312342712391916926325
-1,130,129,76067090228895129392478642473137322719011
-1,131,130,153400242299646051940665199042981623170745
-1,132,131,309334048701576841112415098769271445672287
-1,133,132,623735225607723156686999598905159290006169
-1,134,133,1257610340306169822611072994459257226480629
-1,135,134,2535500458793786663696293582216391745897841
-1,136,135,5111582507675489320858345709581152134618799
-1,137,136,10304328195526810628648208509459041554883833
-1,138,137,20771068970329284191445177385152221382168637
-1,139,138,41866963099209894251187875502772719309139217
-1,140,139,84383914001024950454946349254275446766507021
-1,141,140,170067803607260224815033895006010909829471217
-1,142,141,342736879847049517722620672949119042481401385
-1,143,142,690676304959157171630347111772432530607720673
-1,144,143,1391762876018355261736465174233447947570993503
-1,145,144,2804346284236792360424472249844061667853091321
-1,146,145,5650353909764138104151891231441023135769416973
-1,147,146,11384030502109382974909675926387845871665302609
-1,148,147,22934785832870344560408979988024923292852427045
-1,149,148,46203021323043846341997216246548309684748497745
-1,150,149,93073253457572318229674082570385064376718310041
-1,151,150,187480928538113887550707465295347018767879249185
-1,152,151,377631921717820707662945359660569825526774547597
-1,153,152,760603972718827280448951577460891227035581193649
-1,154,153,1531892994412956654447936199587494000899687608729
-1,155,154,3085156086776517495995938488506411095456425660321
-1,156,155,6213071162596970176076584367036947465772145456409
-1,157,156,12511660303281810720322583514122145481262879184353
-1,158,157,25194430307982973709442456278492646709292174247377
-1,159,158,50731080018804651956479491057482004912117180252097
-1,160,159,102146888293367888253047593399803462302067288411111
-1,161,160,205663233098252945186272409369285829559800432636057
-1,162,161,414066515579118175069171195510806473698389244513725
-1,163,162,833613129923460919531595144566082576554355247510673
-1,164,163,1678190919667420966170178259462401917557047511642533
-1,165,164,3378311158975840186554332459585277364010769056527441
-1,166,165,6800498483818692498313451535632019701470522575773913
-1,167,166,13688749299371409247036476304186969349839014076985889
-1,168,167,27553072116651999775086806962271833262121108990054005
-1,169,168,55457291269122362112201322632339455649128379652272465
-1,170,169,111617147167332488743576091322733778716595503320154281
-1,171,170,224639423592840506525499074761577292269868494671527265
-1,172,171,452090169055734993401527906792032097689550688508896457
-1,173,172,909802981851577947504115328121819221678728775349476769
-1,174,173,1830855431263445372935084200014976666864170776113635569
-1,175,174,3684209797647469701723875487572629780741768003056635201
-1,176,175,7413433900850931980581962219375573218396532275362393469
-1,177,176,14916896412813849115432346927211773750619057089223033073
-1,178,177,30013914681112254302315909327982288275071561936977819417
-1,179,178,60388073073193620747534249603082058097810019391019145377
-1,180,179,121496887792483769781669885053839858132600916363537330441
-1,181,180,244435258877160596136542541803031200139163587890072740257
-1,182,181,491754484473308105774272556396015904568115048567231590065
-1,183,182,989276902384590038550920058371938817715805842708635399233
-1,184,183,1990093606957361315111275425757264415940272950597295260473
-1,185,184,4003266818291085106241421469541302392897868431554639444961
-1,186,185,8052708332692717656409991303463115686173613937760504573553
-1,187,186,16197766057606530200674279335687253173102982024823460514369
-1,188,187,32580291860531785517472903591460130777366364317980731201265
-1,189,188,65530103211701021267194497023091510417053529172629082747585
-1,190,189,131799485398022461075891542642302142035471665699420894414881
-1,191,190,265077528745285759234788182476842526473672546107167246669185
-1,192,191,533113118362851170063794411944031992692400358861743643921267
-1,193,192,1072142358470261643316024917868757864874911251018305589008329
-1,194,193,2156120681872846298963307587569444867976703278132945159042549
-1,195,194,4335913293610338622589130678802748012407168108458558280136881
-1,196,195,8719185104879325424078729381811059234754621034257403384132429
-1,197,196,17533087245075947205958394812033244889389811703195380415982193
-1,198,197,35255666304144556728876443908589350661397096696483532884010057
-1,199,198,70890316236274438091672196386224423088029139973152609872111457
-1,200,199,142538827237350319680532671730080685395382129148358909493452941
0,2,2,1
0,3,3,4
0,4,4,13
0,5,5,36
0,6,6,94
0,7,7,232
0,8,8,557
0,9,9,1300
0,10,10,2986
0,11,11,6744
0,12,12,15074
0,13,13,33320
0,14,14,73116
0,15,15,159184
0,16,16,344701
0,17,17,742068
0,18,18,1590898
0,19,19,3395320
0,20,20,7222550
0,21,21,15308920
0,22,22,32362276
0,23,23,68213424
0,24,24,143463378
0,25,25,300999816
0,26,26,630353764
0,27,27,1317415792
0,28,28,2748991012
0,29,29,5726300880
0,30,30,11911913912
0,31,31,24742452128
0,32,32,51331847709
0,33,33,106357582324
0,34,34,220138296130
0,35,35,455122855224
0,36,36,940067881166
0,37,37,1939780103768
0,38,38,3999326529108
0,39,39,8238185701360
0,40,40,16957203952198
0,41,41,34876073003352
0,42,42,71682040325036
0,43,43,147223869286736
0,44,44,302191782113820
0,45,45,619871651308336
0,46,46,1270810959341704
0,47,47,2603757232133472
0,48,48,5332128150780722
0,49,49,10913483674589000
0,50,50,22326711999380436
0,51,51,45652913299165744
0,52,52,93309667145542684
0,53,53,190627015385507760
0,54,54,389287760312932456
0,55,55,794642979709698784
0,56,56,1621490411137981316
0,57,57,3307389725713130128
0,58,58,6743861006252345608
0,59,59,13745885122156861920
0,60,60,28009098705834716616
0,61,61,57052854334711418784
0,62,62,116178837502008900976
0,63,63,236503932669189928768
0,64,64,481314925304763338077
0,65,65,979243970542293637236
0,66,66,1991771715014998244834
0,67,67,4050110977890818430392
0,68,68,8233569387633692985342
0,69,69,16733833638971498219800
0,70,70,34001869949393370668596
0,71,71,69072145241687489795184
0,72,72,140284217454671383807614
0,73,73,284848288851935576049720
0,74,74,578268245387442629421916
0,75,75,1173679826142028213488784
0,76,76,2381692273822666958009836
0,77,77,4832049790722554978084208
0,78,78,9801606801462339086998888
0,79,79,19878228042959136435658720
0,80,80,40307165391358919370439718
0,81,81,81715749393599131739123992
0,82,82,165636958136003125966845916
0,83,83,335684834969615976910887696
0,84,84,680201621253043041674301140
0,85,85,1378067145133708259053653776
0,86,86,2791501139952572773961369784
0,87,87,5653735979275458059630864032
0,88,88,11449090210770746228029637692
0,89,89,23181416925981152673595094640
0,90,90,46929890160961218778954915832
0,91,91,94993892939920264421439284768
0,92,92,192258268233690259818010729464
0,93,93,389057501175079981586285778784
0,94,94,787205672094270420246490243600
0,95,95,1592592683676761754640817859264
0,96,96,3221581915103722528624196892146
0,97,97,6515956925707843095933516131528
0,98,98,13177631370314724438602754949428
0,99,99,26646697778427525370676955271600
0,100,100,53876775184696383345434855897260
0,101,101,108920309625075431899031602502640
0,102,102,220176116023173950375040610195976
0,103,103,445023225592394073904036030773344
0,104,104,899396123062551008432366913125628
0,105,105,1817491589880627738113323529409136
0,106,106,3672411736439252691349776607551544
0,107,107,7419680586234499812945812312569632
0,108,108,14989191557052444268818393373918232
0,109,109,30278043883271777823490324245394400
0,110,110,61155861264595362172159171095414096
0,111,111,123511269525294337394675387400078784
0,112,112,249423392457412509708935857698534724
0,113,113,503648491728472689257041881193823760
0,114,114,1016907249541168563065921643639620456
0,115,115,2053035031250783495235519049783186784
0,116,116,4144537827791316503530293869795177976
0,117,117,8366011186162132033179099280047964768
0,118,118,16885997521943551240899255139329959248
0,119,119,34079945343125676830880623437127977920
0,120,120,68776197229723629936911203834635441800
0,121,121,138785007546391812424122321590029855520
0,122,122,280036825117637326068887157794356693776
0,123,123,565007270284982054579059344817307353024
0,124,124,1139887962797337498896339235172649853328
0,125,125,2299522770049421777269119561421370001216
0,126,126,4638563368746080159117947016453426864864
0,127,127,9356162394786633527395309820128227454592
0,128,128,18870490400012772245089239150084148739037
0,129,129,38057312020904554870775717319823685137780
0,130,130,76747654962737006319405391688000859141922
0,131,131,154761371767329805794518697472708696016568
0,132,132,312056307636944348820122095628725591363934
0,133,133,629179743478458172102413592624067581389464
0,134,134,1268499376047639853441900981897073809247220
0,135,135,2557278530276726725357949557092024911431024
0,136,136,5155138650641369444181657659332418465685166
0,137,137,10391440481458570875294832408961574217016568
0,138,138,20945293542192804684738425184157286706434108
0,139,139,42215412242936935237774371100782849957670160
0,140,140,85080812288479032428119340450295708063568908
0,141,141,171461600182168388761379877398051432423594992
0,142,142,345524472996865845615312637733200087669648936
0,143,143,696251491258789827415731041340594620984215776
0,144,144,1402913248617620573307233033369772128323983710
0,145,145,2826647029435322983566007968116710029359071736
0,146,146,5694955400161199350434962667986319858781377804
0,147,147,11473233482903505467475818799478439317689224272
0,148,148,23113191794458589545541265734206110184900270372
0,149,149,46559833246220336312261787738910683468844184400
0,150,150,93786877303925298170203225555109811944909683352
0,151,151,188908176230819847431765751264796513904261995808
0,152,152,380486417103232627425061931599468815799540040844
0,153,153,766312963489651119973184721338689207581112180144
0,154,154,1543310975954604333496402487343089961990749581720
0,155,155,3107992049859812854092871064017603017638549606304
0,156,156,6258743088763560892270449518059331310136393348376
0,157,157,12603004155614992152710313816166913169991374968288
0,158,158,25377118012649336574217916882582182086749165815248
0,159,159,51096455428137377686030412265661075667031163387840
0,160,160,102877639112033339712149435816161603811895254682598
0,161,161,207124734735583848104476094202002112579456365179032
0,162,162,416989518853779980905578565176239039737701109599676
0,163,163,839459136472784531204409883896947708632978977682576
0,164,164,1689882932766068189515807738124132181714294971986340
0,165,165,3401695185173134633245591416908737892325263977215056
0,166,166,6847266536213281391695969450278940758099512417149144
0,167,167,13782285404160587033801512133480811463096993759736352
0,168,168,27740144326230355348616878620859517488637068355554932
0,169,169,55831435688279073259261465949514824102160298383274320
0,170,170,112365436005645911037696377957084515622659340782157992
0,171,171,226136001269467351113739648030278766081996169595534688
0,172,172,455083324408988682578009053329435045313806038356911304
0,173,173,915789292558085325857077621196625116927239475045506464
0,174,174,1842828052676460129641008786164588457361192175505694960
0,175,175,3708155040473499215135724659871853361735810801840753984
0,176,176,7461324386502991007405660563974020380384617872930631036
0,177,177,15012677384117967169079743616408668074595228284359508208
0,178,178,30205476623720490409610702706376076923023904327250769688
0,179,179,60771196958410092962123836359869635393714704171565045920
0,180,180,122263135562916714210849058567415012724410285924629131528
0,181,181,245967754418026484994900888830181509322782327012256342432
0,182,182,494819475555039883490989250450316522935352526811598794416
0,183,183,995406884548053593984353446480540054450280799197369807936
0,184,184,2002353571284288425978142201974466889409222863574764077880
0,185,185,4027786746944939327975155021975707339835768257509577079776
0,186,186,8101748190000426099877458408331925580049413589670379843184
0,187,187,16295845772221947087609213545424872960854581328643211053632
0,188,188,32776451289762619291342772010935370352869562925620232279792
0,189,189,65922422070162688814934233862041989568059926387908084904640
0,190,190,132584123114945796171371016320203100337484460129978898728992
0,191,191,266646804179132429425747129832644443077698134968283255297408
0,192,192,536251669230544510445712306655635825900451536583975661177714
0,193,193,1078419460205648324079860707291965531291013606462769623521224
0,194,194,2168674885343619660490979166415860200808907989021873228068340
0,195,195,4361021700551885345644473836495578678071577530236414418188464
0,196,196,8769401918762418870189415697196720566083439877813115660235596
0,197,197,17633520872842134098179767442804567552047449390306804968188528
0,198,198,35456533559676930513319189170131995986712372070706381988422728
0,199,199,71292050747339185660557686909309713738659690721598308080936800
0,200,200,143342296259479814818303652776251266696643230645250305911103628
1,1,2,1
1,2,3,3
1,3,4,8
1,4,5,21
1,5,6,52
1,6,7,126
1,7,8,296
1,8,9,685
1,9,10,1556
1,10,11,3498
1,11,12,7768
1,12,13,17122
1,13,14,37416
1,14,15,81308
1,15,16,175568
1,16,17,377469
1,17,18,807604
1,18,19,1721970
1,19,20,3657464
1,20,21,7746838
1,21,22,16357496
1,22,23,34459428
1,23,24,72407728
1,24,25,151851986
1,25,26,317777032
1,26,27,663908196
1,27,28,1384524656
1,28,29,2883208740
1,29,30,5994736336
1,30,31,12448784824
1,31,32,25816193952
1,32,33,53479331357
1,33,34,110652549620
1,34,35,228728230722
1,35,36,472302724408
1,36,37,974427619534
1,37,38,2008499580504
1,38,39,4136765482580
1,39,40,8513063608304
1,40,41,17506959766086
1,41,42,35975584631128
1,42,43,73881063580588
1,43,44,151621915797840
1,44,45,310987875136028
1,45,46,637463837352752
1,46,47,1305995331430536
1,47,48,2674125976311136
1,48,49,5472865639136050
1,49,50,11194958651299656
1,50,51,22889661952801748
1,51,52,46778813206008368
1,52,53,95561466959227932
1,53,54,195130615012878256
1,54,55,398294959567673448
1,55,56,812657378219180768
1,56,57,1657519208156945284
1,57,58,3379447319751058064
1,58,59,6887976194328201480
1,59,60,14034115498308573664
1,60,61,28585559458138140104
1,61,62,58205775839318265760
1,62,63,118484680511222594928
1,63,64,241115618687617316672
1,64,65,490538297341618113885
1,65,66,997690714616003188852
1,66,67,2028665203162417348066
1,67,68,4123897954185656636856
1,68,69,8381143340223369398270
1,69,70,17028981544150851045656
1,70,71,34592165759752076320308
1,71,72,70252736862404901098608
1,72,73,142645400696106206414462
1,73,74,289570655334805221263416
1,74,75,587712978353181919849308
1,75,76,1192569292073506794343568
1,76,77,2419471205685624119719404
1,77,78,4907607654448469301503344
1,78,79,9952722528914167733837160
1,79,80,20180459497862793729335264
1,80,81,40911628301166233957792806
1,81,82,82924675213213760913830168
1,82,83,168054809775232384316258268
1,83,84,340520538248074493609712400
1,84,85,689873027809960075071950548
1,85,86,1397409958247542325848952592
1,86,87,2830186766180240907551967416
1,87,88,5731107231730794326812059296
1,88,89,11603832715681418762392028220
1,89,90,23490901935802497742319875696
1,90,91,47548860180603908916404477944
1,91,92,96231832979205644696338408992
1,92,93,194734148312261020367808977912
1,93,94,394009261332221502685882275680
1,94,95,797109192408553462445683237392
1,95,96,1612399724305327839039203846848
1,96,97,3261195996360854697420968867314
1,97,98,6595185088222107433527060081864
1,98,99,13336087695343253113789842850100
1,99,100,26963610428484582721051131072944
1,100,101,54510600484810498046183207499948
1,101,102,110187960225303661300528305708016
1,102,103,222711417223630409178034016606728
1,103,104,450093827993306991510022843594848
1,104,105,909537327864376843644340538768636
1,105,106,1837773999484279408537270780695152
1,106,107,3712976555646556032197671110123576
1,107,108,7500810224649106494641601317713696
1,108,109,15151450833881657632209971384206360
1,109,110,30602562436930204550273480265970656
1,110,111,61804898371912215625725483136566608
1,111,112,124809343739928044301808011482383808
1,112,113,252019540886679923523201105863144772
1,113,114,508840788587007516885572377523043856
1,114,115,1027291843258238218322982636298060648
1,115,116,2073804218684922805749641035100067168
1,116,117,4186076202659595124558537840428938744
1,117,118,8449087935898689275235587221315486304
1,118,119,17052151021416665725012231021865002320
1,119,120,34412252342071905799106575202198064064
1,120,121,69440811227616087873363107364775614088
1,121,122,140114235542176728297026128650310200096
1,122,123,282695281109207157814694771914917382928
1,123,124,570324182268121718070674573058428731328
1,124,125,1150521786763616825879569691654892609936
1,125,126,2320790417981980431235580474385855514432
1,126,127,4681098664611197467050868842382397891296
1,127,128,9441232986516868143261153471986169507456
1,128,129,19040631583473241476820926453800032844765
1,129,130,38397594387825493334239091927255453349236
1,130,131,77428219696578883246332140902864395564834
1,131,132,156122501235013559648372195902435768862392
1,132,133,314778566572311856527829092488179737055582
1,133,134,634624261349193187517827586342975872772760
1,134,135,1279388411789109884272728969334890392013812
1,135,136,2579056601759666787019605531967658076964208
1,136,137,5198694793607249567504969609083684796751534
1,137,138,10478552767390331121941456308464106879149304
1,138,139,21119518114056325178031672983162352030699580
1,139,140,42563861386663976224360866698792980606201104
1,140,141,85777710575933114401292331646315969360630796
1,141,142,172855396757076552707725859790091955017718768
1,142,143,348312066146682173508004602517281132857896488
1,143,144,701826677558422483201114970908756711360710880
1,144,145,1414063621216885884878000892506096309076973918
1,145,146,2848947774633853606707543686389358390865052152
1,146,147,5739556890558260596718034104531616581793338636
1,147,148,11562436463697627960041961672569032763713145936
1,148,149,23291597756046834530673551480387297076948113700
1,149,150,46916645169396826282526359231273057252939871056
1,150,151,94500501150278278110732368539834559513101056664
1,151,152,190335423923525807312824037234246009040644742432
1,152,153,383340912488644547187178503538367806072305534092
1,153,154,772021954260474959497417865216487188126643166640
1,154,155,1554728957496252012544868775098685923081811554712
1,155,156,3130828012943108212189803639528794939820673552288
1,156,157,6304415014930151608464314669081715154500641240344
1,157,158,12694348007948173585098044118211680858719870752224
1,158,159,25559805717315699438993377486671717464206157383120
1,159,160,51461830837470103415581333473840146421945146523584
1,160,161,103608389930698791171251278232519745321723220954086
1,161,162,208586236372914751022679779034718395599112297722008
1,162,163,419912522128441786741985934841671605777012974685628
1,163,164,845305143022108142877224623227812840711602707854480
1,164,165,1701574945864715412861437216785862445871542432330148
1,165,166,3425079211370429079936850374232198420639758897902672
1,166,167,6894034588607870285078487364925861814728502258524376
1,167,168,13875821508949764820566547962774653576354973442486816
1,168,169,27927216535808710922146950279447201715153027721055860
1,169,170,56205580107435784406321609266690192555192217114276176
1,170,171,113113724843959333331816664591435252528723178244161704
1,171,172,227632578946094195701980221298980239894123844519542112
1,172,173,458076479762242371754490199866837992938061388204926152
1,173,174,921775603264592704210039914271431012175750174741536160
1,174,175,1854800674089474886346933372314200247858213574897754352
1,175,176,3732100283299528728547573832171076942729853600624872768
1,176,177,7509214872155050034229358908572467542372703470498868604
1,177,178,15108458355422085222727140305605562398571399479495983344
1,178,179,30397038566328726516905496084769865570976246717523719960
1,179,180,61154320843626565176713423116657212689619388952110946464
1,180,181,123029383333349658640028232080990167316219655485720932616
1,181,182,247500249958892373853259235857331818506401066134439944608
1,182,183,497884466636771661207705944504617141302590005055965998768
1,183,184,1001536866711517149417786834589141291184755755686104216640
1,184,185,2014613535611215536845008978191669362878172776552232895288
1,185,186,4052306675598793549708888574410112286773668083464514714592
1,186,187,8150788047308134543344925513200735473925213241580255112816
1,187,188,16393925486837363974544147755162492748606180632462961592896
1,188,189,32972610718993453065212640430410609928372761533259733358320
1,189,190,66314740928624356362673970700992468719066323603187087061696
1,190,191,133368760831869131266850489998104058639497254560536903043104
1,191,192,268216079612979099616706077188446359681723723829399263925632
1,192,193,539390220098237850827630201367239659108502714306207678434162
1,193,194,1084696561941035004843696496715173197707115961907233658034120
1,194,195,2181229088814393022018650745262275533641112699910801297094132
1,195,196,4386130107493432068699816994188409343735986952014270556240048
1,196,197,8819618732645512316300102012582381897412258721368827936338764
1,197,198,17733954500608320990401140073575890214705087077418229520394864
1,198,199,35657400815209304297761934431674641312027647444929231092835400
1,199,200,71693785258403933229443177432395004389290241470044006289762144
1,200,201,144145765281609309956074633822421847997904332142141702328754316
2,1,3,2
2,2,4,5
2,3,5,12
2,4,6,29
2,5,7,68
2,6,8,158
2,7,9,360
2,8,10,813
2,9,11,1812
2,10,12,4010
2,11,13,8792
2,12,14,19170
2,13,15,41512
2,14,16,89500
2,15,17,191952
2,16,18,410237
2,17,19,873140
2,18,20,1853042
2,19,21,3919608
2,20,22,8271126
2,21,23,17406072
2,22,24,36556580
2,23,25,76602032
2,24,26,160240594
2,25,27,334554248
2,26,28,697462628
2,27,29,1451633520
2,28,30,3017426468
2,29,31,6263171792
2,30,32,12985655736
2,31,33,26889935776
2,32,34,55626815005
2,33,35,114947516916
2,34,36,237318165314
2,35,37,489482593592
2,36,38,1008787357902
2,37,39,2077219057240
2,38,40,4274204436052
2,39,41,8787941515248
2,40,42,18056715579974
2,41,43,37075096258904
2,42,44,76080086836140
2,43,45,156019962308944
2,44,46,319783968158236
2,45,47,655056023397168
2,46,48,1341179703519368
2,47,49,2744494720488800
2,48,50,5613603127491378
2,49,51,11476433628010312
2,50,52,23452611906223060
2,51,53,47904713112850992
2,52,54,97813266772913180
2,53,55,199634214640248752
2,54,56,407302158822414440
2,55,57,830671776728662752
2,56,58,1693548005175909252
2,57,59,3451504913788986000
2,58,60,7032091382404057352
2,59,61,14322345874460285408
2,60,62,29162020210441563592
2,61,63,59358697343925112736
2,62,64,120790523520436288880
2,63,65,245727304706044704576
2,64,66,499761669378472889693
2,65,67,1016137458689712740468
2,66,68,2065558691309836451298
2,67,69,4197684930480494843320
2,68,70,8528717292813045811198
2,69,71,17324129449330203871512
2,70,72,35182461570110781972020
2,71,73,71433328483122312402032
2,72,74,145006583937541029021310
2,73,75,294293021817674866477112
2,74,76,597157711318921210276700
2,75,77,1211458758004985375198352
2,76,78,2457250137548581281428972
2,77,79,4983165518174383624922480
2,78,80,10103838256365996380675432
2,79,81,20482690952766451023011808
2,80,82,41516091210973548545145894
2,81,83,84133601032828390088536344
2,82,84,170472661414461642665670620
2,83,85,345356241526533010308537104
2,84,86,699544434366877108469599956
2,85,87,1416752771361376392644251408
2,86,88,2868872392407909041142565048
2,87,89,5808478484186130593993254560
2,88,90,11758575220592091296754418748
2,89,91,23800386945623842811044656752
2,90,92,48167830200246599053854040056
2,91,93,97469773018491024971237533216
2,92,94,197210028390831780917607226360
2,93,95,398961021489363023785478772576
2,94,96,807012712722836504644876231184
2,95,97,1632206764933893923437589834432
2,96,98,3300810077617986866217740842482
2,97,99,6674413250736371771120604032200
2,98,100,13494544020371781788976930750772
2,99,101,27280523078541640071425306874288
2,100,102,55144425784924612746931559102636
2,101,103,111455610825531890702025008913392
2,102,104,225246718424086867981027423017480
2,103,105,455164430394219909116009656416352
2,104,106,919678532666202678856314164411644
2,105,107,1858056409087931078961218031981168
2,106,108,3753541374853859373045565612695608
2,107,109,7581939863063713176337390322857760
2,108,110,15313710110710870995601549394494488
2,109,111,30927080990588631277056636286546912
2,110,112,62453935479229069079291795177719120
2,111,113,126107417954561751208940635564688832
2,112,114,254615689315947337337466354027754820
2,113,115,514033085445542344514102873852263952
2,114,116,1037676436975307873580043628956500840
2,115,117,2094573406119062116263763020416947552
2,116,118,4227614577527873745586781811062699512
2,117,119,8532164685635246517292075162583007840
2,118,120,17218304520889780209125206904400045392
2,119,121,34744559341018134767332526967268150208
2,120,122,70105425225508545809815010894915786376
2,121,123,141443463537961644169929935710590544672
2,122,124,285353737100776989560502386035478072080
2,123,125,575641094251261381562289801299550109632
2,124,126,1161155610729896152862800148137135366544
2,125,127,2342058065914539085202041387350341027648
2,126,128,4723633960476314774983790668311368917728
2,127,129,9526303578247102759126997123844111560320
2,128,130,19210772766933710708552613757515916950493
2,129,131,38737876754746431797702466534687221560692
2,130,132,78108784430420760173258890117727931987746
2,131,133,157483630702697313502225694332162841708216
2,132,134,317500825507679364235536089347633882747230
2,133,135,640068779219928202933241580061884164156056
2,134,136,1290277447530579915103556956772706974780404
2,135,137,2600834673242606848681261506843291242497392
2,136,138,5242250936573129690828281558834951127817902
2,137,139,10565665053322091368588080207966639541282040
2,138,140,21293742685919845671324920782167417354965052
2,139,141,42912310530391017210947362296803111254732048
2,140,142,86474608863387196374465322842336230657692684
2,141,143,174249193331984716654071842182132477611842544
2,142,144,351099659296498501400696567301362178046144040
2,143,145,707401863858055138986498900476918801737205984
2,144,146,1425213993816151196448768751642420489829964126
2,145,147,2871248519832384229849079404662006752371032568
2,146,148,5784158380955321843001105541076913304805299468
2,147,149,11651639444491750452608104545659626209737067600
2,148,150,23470003717635079515805837226568483968995957028
2,149,151,47273457092573316252790930723635431037035557712
2,150,152,95214124996631258051261511524559307081292429976
2,151,153,191762671616231767193882323203695504177027489056
2,152,154,386195407874056466949295075477266796345071027340
2,153,155,777730945031298799021651009094285168672174153136
2,154,156,1566146939037899691593335062854281884172873527704
2,155,157,3153663976026403570286736215039986862002797498272
2,156,158,6350086941096742324658179820104098998864889132312
2,157,159,12785691860281355017485774420256448547448366536160
2,158,160,25742493421982062303768838090761252841663148950992
2,159,161,51827206246802829145132254682019217176859129659328
2,160,162,104339140749364242630353120648877886831551187225574
2,161,163,210047738010245653940883463867434678618768230264984
2,162,164,422835525403103592578393304507104171816324839771580
2,163,165,851151149571431754550039362558677972790226438026384
2,164,166,1713266958963362636207066695447592710028789892673956
2,165,167,3448463237567723526628109331555658948954253818590288
2,166,168,6940802641002459178461005279572782871357492099899608
2,167,169,13969357613738942607331583792068495689612953125237280
2,168,170,28114288745387066495677021938034885941668987086556788
2,169,171,56579724526592495553381752583865561008224135845278032
2,170,172,113862013682272755625936951225785989434787015706165416
2,171,173,229129156622721040290220794567681713706251519443549536
2,172,174,461069635115496060930971346404240940562316738052941000
2,173,175,927761913971100082563002207346236907424260874437565856
2,174,176,1866773295502489643052857958463812038355234974289813744
2,175,177,3756045526125558241959423004470300523723896399408991552
2,176,178,7557105357807109061053057253170914704360789068067106172
2,177,179,15204239326726203276374536994802456722547570674632458480
2,178,180,30588600508936962624200289463163654218928589107796670232
2,179,181,61537444728843037391303009873444789985524073732656847008
2,180,182,123795631103782603069207405594565321908029025046812733704
2,181,183,249032745499758262711617582884482127690019805256623546784
2,182,184,500949457718503438924422638558917759669827483300333203120
2,183,185,1007666848874980704851220222697742527919230712174838625344
2,184,186,2026873499938142647711875754408871836347122689529701712696
2,185,187,4076826604252647771442622126844517233711567909419452349408
2,186,188,8199827904615842986812392618069545367801012893490130382448
2,187,189,16492005201452780861479081964900112536357779936282712132160
2,188,190,33168770148224286839082508849885849503875960140899234436848
2,189,191,66707059787086023910413707539942947870072720818466089218752
2,190,192,134153398548792466362329963676005016941510048991094907357216
2,191,193,269785355046825769807665024544248276285749312690515272553856
2,192,194,542528770965931191209548096078843492316553892028439695690610
2,193,195,1090973663676421685607532286138380864123218317351697692547016
2,194,196,2193783292285166383546322324108690866473317410799729366119924
2,195,197,4411238514434978791755160151881240009400396373792126694291632
2,196,198,8869835546528605762410788327968043228741077564924540212441932
2,197,199,17834388128374507882622512704347212877362724764529654072601200
2,198,200,35858268070741678082204679693217286637342922819152080197248072
2,199,201,72095519769468680798328667955480295039920792218489704498587488
2,200,202,144949234303738805093845614868592429299165433639033098746405004
3,1,4,3
3,2,5,7
3,3,6,16
3,4,7,37
3,5,8,84
3,6,9,190
3,7,10,424
3,8,11,941
3,9,12,2068
3,10,13,4522
3,11,14,9816
3,12,15,21218
3,13,16,45608
3,14,17,97692
3,15,18,208336
3,16,19,443005
3,17,20,938676
3,18,21,1984114
3,19,22,4181752
3,20,23,8795414
3,21,24,18454648
3,22,25,38653732
3,23,26,80796336
3,24,27,168629202
3,25,28,351331464
3,26,29,731017060
3,27,30,1518742384
3,28,31,3151644196
3,29,32,6531607248
3,30,33,13522526648
3,31,34,27963677600
3,32,35,57774298653
3,33,36,119242484212
3,34,37,245908099906
3,35,38,506662462776
3,36,39,1043147096270
3,37,40,2145938533976
3,38,41,4411643389524
3,39,42,9062819422192
3,40,43,18606471393862
3,41,44,38174607886680
3,42,45,78279110091692
3,43,46,160418008820048
3,44,47,328580061180444
3,45,48,672648209441584
3,46,49,1376364075608200
3,47,50,2814863464666464
3,48,51,5754340615846706
3,49,52,11757908604720968
3,50,53,24015561859644372
3,51,54,49030613019693616
3,52,55,100065066586598428
3,53,56,204137814267619248
3,54,57,416309358077155432
3,55,58,848686175238144736
3,56,59,1729576802194873220
3,57,60,3523562507826913936
3,58,61,7176206570479913224
3,59,62,14610576250611997152
3,60,63,29738480962744987080
3,61,64,60511618848531959712
3,62,65,123096366529649982832
3,63,66,250338990724472092480
3,64,67,508985041415327665501
3,65,68,1034584202763422292084
3,66,69,2102452179457255554530
3,67,70,4271471906775333049784
3,68,71,8676291245402722224126
3,69,72,17619277354509556697368
3,70,73,35772757380469487623732
3,71,74,72613920103839723705456
3,72,75,147367767178975851628158
3,73,76,299015388300544511690808
3,74,77,606602444284660500704092
3,75,78,1230348223936463956053136
3,76,79,2495029069411538443138540
3,77,80,5058723381900297948341616
3,78,81,10254953983817825027513704
3,79,82,20784922407670108316688352
3,80,83,42120554120780863132498982
3,81,84,85342526852443019263242520
3,82,85,172890513053690901015082972
3,83,86,350191944804991527007361808
3,84,87,709215840923794141867249364
3,85,88,1436095584475210459439550224
3,86,89,2907558018635577174733162680
3,87,90,5885849736641466861174449824
3,88,91,11913317725502763831116809276
3,89,92,24109871955445187879769437808
3,90,93,48786800219889289191303602168
3,91,94,98707713057776405246136657440
3,92,95,199685908469402541467405474808
3,93,96,403912781646504544885075269472
3,94,97,816916233037119546844069224976
3,95,98,1652013805562460007835975822016
3,96,99,3340424158875119035014512817650
3,97,100,6753641413250636108714147982536
3,98,101,13653000345400310464164018651444
3,99,102,27597435728598697421799482675632
3,100,103,55778251085038727447679910705324
3,101,104,112723261425760120103521712118768
3,102,105,227782019624543326784020829428232
3,103,106,460235032795132826721996469237856
3,104,107,929819737468028514068287790054652
3,105,108,1878338818691582749385165283267184
3,106,109,3794106194061162713893460115267640
3,107,110,7663069501478319858033179328001824
3,108,111,15475969387540084358993127404782616
3,109,112,31251599544247058003839792307123168
3,110,113,63102972586545922532858107218871632
3,111,114,127405492169195458116073259646993856
3,112,115,257211837745214751151731602192364868
3,113,116,519225382304077172142633370181484048
3,114,117,1048061030692377528837104621614941032
3,115,118,2115342593553201426777885005733827936
3,116,119,4269152952396152366615025781696460280
3,117,120,8615241435371803759348563103850529376
3,118,121,17384458020362894693238182786935088464
3,119,122,35076866339964363735558478732338236352
3,120,123,70770039223401003746266914425055958664
3,121,124,142772691533746560042833742770870889248
3,122,125,288012193092346821306310000156038761232
3,123,126,580958006234401045053905029540671487936
3,124,127,1171789434696175479846030604619378123152
3,125,128,2363325713847097739168502300314826540864
3,126,129,4766169256341432082916712494240339944160
3,127,130,9611374169977337374992840775702053613184
3,128,131,19380913950394179940284301061231801056221
3,129,132,39078159121667370261165841142118989772148
3,130,133,78789349164262637100185639332591468410658
3,131,134,158844760170381067356079192761889914554040
3,132,135,320223084443046871943243086207088028438878
3,133,136,645513297090663218348655573780792455539352
3,134,137,1301166483272049945934384944210523557546996
3,135,138,2622612744725546910342917481718924408030576
3,136,139,5285807079539009814151593508586217458884270
3,137,140,10652777339253851615234704107469172203414776
3,138,141,21467967257783366164618168581172482679230524
3,139,142,43260759674118058197533857894813241903262992
3,140,143,87171507150841278347638314038356491954754572
3,141,144,175642989906892880600417824574173000205966320
3,142,145,353887252446314829293388532085443223234391592
3,143,146,712977050157687794771882830045080892113701088
3,144,147,1436364366415416508019536610778744670582954334
3,145,148,2893549265030914852990615122934655113877012984
3,146,149,5828759871352383089284176977622210027817260300
3,147,150,11740842425285872945174247418750219655760989264
3,148,151,23648409679223324500938122972749670861043800356
3,149,152,47630269015749806223055502215997804821131244368
3,150,153,95927748842984237991790654509284054649483803288
3,151,154,193189919308937727074940609173144999313410235680
3,152,155,389049903259468386711411647416165786617836520588
3,153,156,783439935802122638545884152972083149217705139632
3,154,157,1577564920579547370641801350609877845263935500696
3,155,158,3176499939109698928383668790551178784184921444256
3,156,159,6395758867263333040852044971126482843229137024280
3,157,160,12877035712614536449873504722301216236176862320096
3,158,161,25925181126648425168544298694850788219120140518864
3,159,162,52192581656135554874683175890198287931773112795072
3,160,163,105069891568029694089454963065236028341379153497062
3,161,164,211509239647576556859087148700150961638424162807960
3,162,165,425758528677765398414800674172536737855636704857532
3,163,166,856997156120755366222854101889543104868850168198288
3,164,167,1724958972062009859552696174109322974186037353017764
3,165,168,3471847263765017973319368288879119477268748739277904
3,166,169,6987570693397048071843523194219703927986481941274840
3,167,170,14062893718528120394096619621362337802870932807987744
3,168,171,28301360954965422069207093596622570168184946452057716
3,169,172,56953868945749206700441895901040929461256054576279888
3,170,173,114610302520586177920057237860136726340850853168169128
3,171,174,230625734299347884878461367836383187518379194367556960
3,172,175,464062790468749750107452492941643888186572087900955848
3,173,176,933748224677607460915964500421042802672771574133595552
3,174,177,1878745916915504399758782544613423828852256373681873136
3,175,178,3779990768951587755371272176769524104717939198193110336
3,176,179,7604995843459168087876755597769361866348874665635343740
3,177,180,15300020298030321330021933683999351046523741869768933616
3,178,181,30780162451545198731495082841557442866880931498069620504
3,179,182,61920568614059509605892596630232367281428758513202747552
3,180,183,124561878874215547498386579108140476499838394607904534792
3,181,184,250565241040624151569975929911632436873638544378807148960
3,182,185,504014448800235216641139332613218378037064961544700407472
3,183,186,1013796831038444260284653610806343764653705668663573034048
3,184,187,2039133464265069758578742530626074309816072602507170530104
3,185,188,4101346532906501993176355679278922180649467735374389984224
3,186,189,8248867761923551430279859722938355261676812545400005652080
3,187,190,16590084916068197748414016174637732324109379240102462671424
3,188,191,33364929577455120612952377269361089079379158748538735515376
3,189,192,67099378645547691458153444378893427021079118033745091375808
3,190,193,134938036265715801457809437353905975243522843421652911671328
3,191,194,271354630480672439998623971900050192889774901551631281182080
3,192,195,545667321833624531591465990790447325524605069750671712947058
3,193,196,1097250765411808366371368075561588530539320672796161727059912
3,194,197,2206337495755939745073993902955106199305522121688657435145716
3,195,198,4436346921376525514810503309574070675064805795569982832343216
3,196,199,8920052360411699208521474643353704560069896408480252488545100
3,197,200,17934821756140694774843885335118535540020362451641078624807536
3,198,201,36059135326274051866647424954759931962658198193374929301660744
3,199,202,72497254280533428367214158478565585690551342966935402707412832
3,200,203,145752703325868300231616595914763010600426535135924495164055692
4,1,5,4
4,2,6,9
4,3,7,20
4,4,8,45
4,5,9,100
4,6,10,222
4,7,11,488
4,8,12,1069
4,9,13,2324
4,10,14,5034
4,11,15,10840
4,12,16,23266
4,13,17,49704
4,14,18,105884
4,15,19,224720
4,16,20,475773
4,17,21,1004212
4,18,22,2115186
4,19,23,4443896
4,20,24,9319702
4,21,25,19503224
4,22,26,40750884
4,23,27,84990640
4,24,28,177017810
4,25,29,368108680
4,26,30,764571492
4,27,31,1585851248
4,28,32,3285861924
4,29,33,6800042704
4,30,34,14059397560
4,31,35,29037419424
4,32,36,59921782301
4,33,37,123537451508
4,34,38,254498034498
4,35,39,523842331960
4,36,40,1077506834638
4,37,41,2214658010712
4,38,42,4549082342996
4,39,43,9337697329136
4,40,44,19156227207750
4,41,45,39274119514456
4,42,46,80478133347244
4,43,47,164816055331152
4,44,48,337376154202652
4,45,49,690240395486000
4,46,50,1411548447697032
4,47,51,2885232208844128
4,48,52,5895078104202034
4,49,53,12039383581431624
4,50,54,24578511813065684
4,51,55,50156512926536240
4,52,56,102316866400283676
4,53,57,208641413894989744
4,54,58,425316557331896424
4,55,59,866700573747626720
4,56,60,1765605599213837188
4,57,61,3595620101864841872
4,58,62,7320321758555769096
4,59,63,14898806626763708896
4,60,64,30314941715048410568
4,61,65,61664540353138806688
4,62,66,125402209538863676784
4,63,67,254950676742899480384
4,64,68,518208413452182441309
4,65,69,1053030946837131843700
4,66,70,2139345667604674657762
4,67,71,4345258883070171256248
4,68,72,8823865197992398637054
4,69,73,17914425259688909523224
4,70,74,36363053190828193275444
4,71,75,73794511724557135008880
4,72,76,149728950420410674235006
4,73,77,303737754783414156904504
4,74,78,616047177250399791131484
4,75,79,1249237689867942536907920
4,76,80,2532808001274495604848108
4,77,81,5134281245626212271760752
4,78,82,10406069711269653674351976
4,79,83,21087153862573765610364896
4,80,84,42725017030588177719852070
4,81,85,86551452672057648437948696
4,82,86,175308364692920159364495324
4,83,87,355027648083450043706186512
4,84,88,718887247480711175264898772
4,85,89,1455438397589044526234849040
4,86,90,2946243644863245308323760312
4,87,91,5963220989096803128355645088
4,88,92,12068060230413436365479199804
4,89,93,24419356965266532948494218864
4,90,94,49405770239531979328753164280
4,91,95,99945653097061785521035781664
4,92,96,202161788547973302017203723256
4,93,97,408864541803646065984671766368
4,94,98,826819753351402589043262218768
4,95,99,1671820846191026092234361809600
4,96,100,3380038240132251203811284792818
4,97,101,6832869575764900446307691932872
4,98,102,13811456670428839139351106552116
4,99,103,27914348378655754772173658476976
4,100,104,56412076385152842148428262308012
4,101,105,113990912025988349505018415324144
4,102,106,230317320824999785587014235838984
4,103,107,465305635196045744327983282059360
4,104,108,939960942269854349280261415697660
4,105,109,1898621228295234419809112534553200
4,106,110,3834671013268466054741354617839672
4,107,111,7744199139892926539728968333145888
4,108,112,15638228664369297722384705415070744
4,109,113,31576118097905484730622948327699424
4,110,114,63752009693862775986424419260024144
4,111,115,128703566383829165023205883729298880
4,112,116,259807986174482164965996850356974916
4,113,117,524417679162611999771163866510704144
4,114,118,1058445624409447184094165614273381224
4,115,119,2136111780987340737292006991050708320
4,116,120,4310691327264430987643269752330221048
4,117,121,8698318185108361001405051045118050912
4,118,122,17550611519836009177351158669470131536
4,119,123,35409173338910592703784430497408322496
4,120,124,71434653221293461682718817955196130952
4,121,125,144101919529531475915737549831151233824
4,122,126,290670649083916653052117614276599450384
4,123,127,586274918217540708545520257781792866240
4,124,128,1182423258662454806829261061101620879760
4,125,129,2384593361779656393134963213279312054080
4,126,130,4808704552206549390849634320169310970592
4,127,131,9696444761707571990858684427559995666048
4,128,132,19551055133854649172015988364947685161949
4,129,133,39418441488588308724629215749550757983604
4,130,134,79469913898104514027112388547455004833570
4,131,135,160205889638064821209932691191616987399864
4,132,136,322945343378414379650950083066542174130526
4,133,137,650957814961398233764069567499700746922648
4,134,138,1312055519013519976765212931648340140313588
4,135,139,2644390816208486972004573456594557573563760
4,136,140,5329363222504889937474905458337483789950638
4,137,141,10739889625185611861881328006971704865547512
4,138,142,21642191829646886657911416380177548003495996
4,139,143,43609208817845099184120353492823372551793936
4,140,144,87868405438295360320811305234376753251816460
4,141,145,177036786481801044546763806966213522800090096
4,142,146,356674845596131157186080496869524268422639144
4,143,147,718552236457320450557266759613242982490196192
4,144,148,1447514739014681819590304469915068851335944542
4,145,149,2915850010229445476132150841207303475382993400
4,146,150,5873361361749444335567248414167506750829221132
4,147,151,11830045406079995437740390291840813101784910928
4,148,152,23826815640811569486070408718930857753091643684
4,149,153,47987080938926296193320073708360178605226931024
4,150,154,96641372689337217932319797494008802217675176600
4,151,155,194617167001643686955998895142594494449792982304
4,152,156,391904398644880306473528219355064776890602013836
4,153,157,789148926572946478070117296849881129763236126128
4,154,158,1588982902121195049690267638365473806354997473688
4,155,159,3199335902192994286480601366062370706367045390240
4,156,160,6441430793429923757045910122148866687593384916248
4,157,161,12968379564947717882261235024345983924905358104032
4,158,162,26107868831314788033319759298940323596577132086736
4,159,163,52557957065468280604234097098377358686687095930816
4,160,164,105800642386695145548556805481594169851207119768550
4,161,165,212970741284907459777290833532867244658080095350936
4,162,166,428681531952427204251208043837969303894948569943484
4,163,167,862843162670078977895668841220408236947473898370192
4,164,168,1736650985160657082898325652771053238343284813361572
4,165,169,3495231289962312420010627246202580005583243659965520
4,166,170,7034338745791636965226041108866624984615471782650072
4,167,171,14156429823317298180861655450656179916128912490738208
4,168,172,28488433164543777642737165255210254394700905817558644
4,169,173,57328013364905917847502039218216297914287973307281744
4,170,174,115358591358899600214177524494487463246914690630172840
4,171,175,232122311975974729466701941105084661330506869291564384
4,172,176,467055945822003439283933639479046835810827437748970696
4,173,177,939734535384114839268926793495848697921282273829625248
4,174,178,1890718538328519156464707130763035619349277773073932528
4,175,179,3803936011777617268783121349068747685711981996977229120
4,176,180,7652886329111227114700453942367809028336960263203581308
4,177,181,15395801269334439383669330373196245370499913064905408752
4,178,182,30971724394153434838789876219951231514833273888342570776
4,179,183,62303692499275981820482183387019944577333443293748648096
4,180,184,125328126644648491927565752621715631091647764168996335880
4,181,185,252097736581490040428334276938782746057257283500990751136
4,182,186,507079439881966994357856026667518996404302439789067611824
4,183,187,1019926813201907815718086998914945001388180625152307442752
4,184,188,2051393428591996869445609306843276783285022515484639347512
4,185,189,4125866461560356214910089231713327127587367561329327619040
4,186,190,8297907619231259873747326827807165155552612197309880921712
4,187,191,16688164630683614635348950384375352111860978543922213210688
4,188,192,33561089006685954386822245688836328654882357356178236593904
4,189,193,67491697504009359005893181217843906172085515249024093532864
4,190,194,135722673982639136553288911031806933545535637852210915985440
4,191,195,272923905914519110189582919255852109493800490412747289810304
4,192,196,548805872701317871973383885502051158732656247472903730203506
4,193,197,1103527867147195047135203864984796196955423028240625761572808
4,194,198,2218891699226713106601665481801521532137726832577585504171508
4,195,199,4461455328318072237865846467266901340729215217347838970394800
4,196,200,8970269174294792654632160958739365891398715252035964764648268
4,197,201,18035255383906881667065257965889858202678000138752503177013872
4,198,202,36260002581806425651090170216302577287973473567597778406073416
4,199,203,72898988791598175936099649001650876341181893715381100916238176
4,200,204,146556172347997795369387576960933591901687636632815891581706380
5,1,6,5
5,2,7,11
5,3,8,24
5,4,9,53
5,5,10,116
5,6,11,254
5,7,12,552
5,8,13,1197
5,9,14,2580
5,10,15,5546
5,11,16,11864
5,12,17,25314
5,13,18,53800
5,14,19,114076
5,15,20,241104
5,16,21,508541
5,17,22,1069748
5,18,23,2246258
5,19,24,4706040
5,20,25,9843990
5,21,26,20551800
5,22,27,42848036
5,23,28,89184944
5,24,29,185406418
5,25,30,384885896
5,26,31,798125924
5,27,32,1652960112
5,28,33,3420079652
5,29,34,7068478160
5,30,35,14596268472
5,31,36,30111161248
5,32,37,62069265949
5,33,38,127832418804
5,34,39,263087969090
5,35,40,541022201144
5,36,41,1111866573006
5,37,42,2283377487448
5,38,43,4686521296468
5,39,44,9612575236080
5,40,45,19705983021638
5,41,46,40373631142232
5,42,47,82677156602796
5,43,48,169214101842256
5,44,49,346172247224860
5,45,50,707832581530416
5,46,51,1446732819785864
5,47,52,2955600953021792
5,48,53,6035815592557362
5,49,54,12320858558142280
5,50,55,25141461766486996
5,51,56,51282412833378864
5,52,57,104568666213968924
5,53,58,213145013522360240
5,54,59,434323756586637416
5,55,60,884714972257108704
5,56,61,1801634396232801156
5,57,62,3667677695902769808
5,58,63,7464436946631624968
5,59,64,15187037002915420640
5,60,65,30891402467351834056
5,61,66,62817461857745653664
5,62,67,127708052548077370736
5,63,68,259562362761326868288
5,64,69,527431785489037217117
5,65,70,1071477690910841395316
5,66,71,2176239155752093760994
5,67,72,4419045859365009462712
5,68,73,8971439150582075049982
5,69,74,18209573164868262349080
5,70,75,36953349001186898927156
5,71,76,74975103345274546312304
5,72,77,152090133661845496841854
5,73,78,308460121266283802118200
5,74,79,625491910216139081558876
5,75,80,1268127155799421117762704
5,76,81,2570586933137452766557676
5,77,82,5209839109352126595179888
5,78,83,10557185438721482321190248
5,79,84,21389385317477422904041440
5,80,85,43329479940395492307205158
5,81,86,87760378491672277612654872
5,82,87,177726216332149417713907676
5,83,88,359863351361908560405011216
5,84,89,728558654037628208662548180
5,85,90,1474781210702878593030147856
5,86,91,2984929271090913441914357944
5,87,92,6040592241552139395536840352
5,88,93,12222802735324108899841590332
5,89,94,24728841975087878017218999920
5,90,95,50024740259174669466202726392
5,91,96,101183593136347165795934905888
5,92,97,204637668626544062567001971704
5,93,98,413816301960787587084268263264
5,94,99,836723273665685631242455212560
5,95,100,1691627886819592176632747797184
5,96,101,3419652321389383372608056767986
5,97,102,6912097738279164783901235883208
5,98,103,13969912995457367814538194452788
5,99,104,28231261028712812122547834278320
5,100,105,57045901685266956849176613910700
5,101,106,115258562626216578906515118529520
5,102,107,232852622025456244390007642249736
5,103,108,470376237596958661933970094880864
5,104,109,950102147071680184492235041340668
5,105,110,1918903637898886090233059785839216
5,106,111,3875235832475769395589249120411704
5,107,112,7825328778307533221424757338289952
5,108,113,15800487941198511085776283425358872
5,109,114,31900636651563911457406104348275680
5,110,115,64401046801179629439990731301176656
5,111,116,130001640598462871930338507811603904
5,112,117,262404134603749578780262098521584964
5,113,118,529609976021146827399694362839924240
5,114,119,1068830218126516839351226606931821416
5,115,120,2156880968421480047806128976367588704
5,116,121,4352229702132709608671513722963981816
5,117,122,8781394934844918243461538986385572448
5,118,123,17716765019309123661464134552005174608
5,119,124,35741480337856821672010382262478408640
5,120,125,72099267219185919619170721485336303240
5,121,126,145431147525316391788641356891431578400
5,122,127,293329105075486484797925228397160139536
5,123,128,591591830200680372037135486022914244544
5,124,129,1193057082628734133812491517583863636368
5,125,130,2405861009712215047101424126243797567296
5,126,131,4851239848071666698782556146098281997024
5,127,132,9781515353437806606724528079417937718912
5,128,133,19721196317315118403747675668663569267677
5,129,134,39758723855509247188092590356982526195060
5,130,135,80150478631946390954039137762318541256482
5,131,136,161567019105748575063786189621344060245688
5,132,137,325667602313781887358657079925996319822174
5,133,138,656402332832133249179483561218609038305944
5,134,139,1322944554754990007596040919086156723080180
5,135,140,2666168887691427033666229431470190739096944
5,136,141,5372919365470770060798217408088750121017006
5,137,142,10827001911117372108527951906474237527680248
5,138,143,21816416401510407151204664179182613327761468
5,139,144,43957657961572140170706849090833503200324880
5,140,145,88565303725749442293984296430397014548878348
5,141,146,178430583056709208493109789358254045394213872
5,142,147,359462438745947485078772461653605313610886696
5,143,148,724127422756953106342650689181405072866691296
5,144,149,1458665111613947131161072329051393032088934750
5,145,150,2938150755427976099273686559479951836888973816
5,146,151,5917962852146505581850319850712803473841181964
5,147,152,11919248386874117930306533164931406547808832592
5,148,153,24005221602399814471202694465112044645139487012
5,149,154,48343892862102786163584645200722552389322617680
5,150,155,97354996535690197872848940478733549785866549912
5,151,156,196044414694349646837057181112043989586175728928
5,152,157,394758894030292226235644791293963767163367507084
5,153,158,794857917343770317594350440727679110308767112624
5,154,159,1600400883662842728738733926121069767446059446680
5,155,160,3222171865276289644577533941573562628549169336224
5,156,161,6487102719596514473239775273171250531957632808216
5,157,162,13059723417280899314648965326390751613633853887968
5,158,163,26290556535981150898095219903029858974034123654608
5,159,164,52923332474801006333785018306556429441601079066560
5,160,165,106531393205360597007658647897952311361035086040038
5,161,166,214432242922238362695494518365583527677736027893912
5,162,167,431604535227089010087615413503401869934260435029436
5,163,168,868689169219402589568483580551273369026097628542096
5,164,169,1748342998259304306243955131432783502500532273705380
5,165,170,3518615316159606866701886203526040533897738580653136
5,166,171,7081106798186225858608559023513546041244461624025304
5,167,172,14249965928106475967626691279950022029386892173488672
5,168,173,28675505374122133216267236913797938621216865183059572
5,169,174,57702157784062628994562182535391666367319892038283600
5,170,175,116106880197213022508297811128838200152978528092176552
5,171,176,233618889652601574054942514373786135142634544215571808
5,172,177,470049101175257128460414786016449783435082787596985544
5,173,178,945720846090622217621889086570654593169792973525654944
5,174,179,1902691159741533913170631716912647409846299172465991920
5,175,180,3827881254603646782194970521367971266706024795761347904
5,176,181,7700776814763286141524152286966256190325045860771818876
5,177,182,15491582240638557437316727062393139694476084260041883888
5,178,183,31163286336761670946084669598345020162785616278615521048
5,179,184,62686816384492454035071770143807521873238128074294548640
5,180,185,126094374415081436356744926135290785683457133730088136968
5,181,186,253630232122355929286692623965933055240876022623174353312
5,182,187,510144430963698772074572720721819614771539918033434816176
5,183,188,1026056795365371371151520387023546238122655581641041851456
5,184,189,2063653392918923980312476083060479256753972428462108164920
5,185,190,4150386390214210436643822784147732074525267387284265253856
5,186,191,8346947476538968317214793932675975049428411849219756191344
5,187,192,16786244345299031522283884594112971899612577847741963749952
5,188,193,33757248435916788160692114108311568230385555963817737672432
5,189,194,67884016362471026553632918056794385323091912464303095689920
5,190,195,136507311699562471648768384709707891847548432282768920299552
5,191,196,274493181348365780380541866611654026097826079273863298438528
5,192,197,551944423569011212355301780213654991940707425195135747459954
5,193,198,1109804968882581727899039654408003863371525383685089796085704
5,194,199,2231445902697486468129337060647936864969931543466513573197300
5,195,200,4486563735259618960921189624959732006393624639125695108446384
5,196,201,9020485988177886100742847274125027222727534095591677040751436
5,197,202,18135689011673068559286630596661180865335637825863927729220208
5,198,203,36460869837338799435532915477845222613288748941820627510486088
5,199,204,73300723302662923504985139524736166991812444463826799125063520
5,200,205,147359641370127290507158558007104173202948738129707287999357068
6,1,7,6
6,2,8,13
6,3,9,28
6,4,10,61
6,5,11,132
6,6,12,286
6,7,13,616
6,8,14,1325
6,9,15,2836
6,10,16,6058
6,11,17,12888
6,12,18,27362
6,13,19,57896
6,14,20,122268
6,15,21,257488
6,16,22,541309
6,17,23,1135284
6,18,24,2377330
6,19,25,4968184
6,20,26,10368278
6,21,27,21600376
6,22,28,44945188
6,23,29,93379248
6,24,30,193795026
6,25,31,401663112
6,26,32,831680356
6,27,33,1720068976
6,28,34,3554297380
6,29,35,7336913616
6,30,36,15133139384
6,31,37,31184903072
6,32,38,64216749597
6,33,39,132127386100
6,34,40,271677903682
6,35,41,558202070328
6,36,42,1146226311374
6,37,43,2352096964184
6,38,44,4823960249940
6,39,45,9887453143024
6,40,46,20255738835526
6,41,47,41473142770008
6,42,48,84876179858348
6,43,49,173612148353360
6,44,50,354968340247068
6,45,51,725424767574832
6,46,52,1481917191874696
6,47,53,3025969697199456
6,48,54,6176553080912690
6,49,55,12602333534852936
6,50,56,25704411719908308
6,51,57,52408312740221488
6,52,58,106820466027654172
6,53,59,217648613149730736
6,54,60,443330955841378408
6,55,61,902729370766590688
6,56,62,1837663193251765124
6,57,63,3739735289940697744
6,58,64,7608552134707480840
6,59,65,15475267379067132384
6,60,66,31467863219655257544
6,61,67,63970383362352500640
6,62,68,130013895557291064688
6,63,69,264174048779754256192
6,64,70,536655157525891992925
6,65,71,1089924434984550946932
6,66,72,2213132643899512864226
6,67,73,4492832835659847669176
6,68,74,9119013103171751462910
6,69,75,18504721070047615174936
6,70,76,37543644811545604578868
6,71,77,76155694965991957615728
6,72,78,154451316903280319448702
6,73,79,313182487749153447331896
6,74,80,634936643181878371986268
6,75,81,1287016621730899698617488
6,76,82,2608365865000409928267244
6,77,83,5285396973078040918599024
6,78,84,10708301166173310968028520
6,79,85,21691616772381080197717984
6,80,86,43933942850202806894558246
6,81,87,88969304311286906787361048
6,82,88,180144067971378676063320028
6,83,89,364699054640367077103835920
6,84,90,738230060594545242060197588
6,85,91,1494124023816712659825446672
6,86,92,3023614897318581575504955576
6,87,93,6117963494007475662718035616
6,88,94,12377545240234781434203980860
6,89,95,25038326984909223085943780976
6,90,96,50643710278817359603652288504
6,91,97,102421533175632546070834030112
6,92,98,207113548705114823116800220152
6,93,99,418768062117929108183864760160
6,94,100,846626793979968673441648206352
6,95,101,1711434927448158261031133784768
6,96,102,3459266402646515541404828743154
6,97,103,6991325900793429121494779833544
6,98,104,14128369320485896489725282353460
6,99,105,28548173678769869472922010079664
6,100,106,57679726985381071549924965513388
6,101,107,116526213226444808308011821734896
6,102,108,235387923225912703193001048660488
6,103,109,475446839997871579539956907702368
6,104,110,960243351873506019704208666983676
6,105,111,1939186047502537760657007037125232
6,106,112,3915800651683072736437143622983736
6,107,113,7906458416722139903120546343434016
6,108,114,15962747218027724449167861435647000
6,109,115,32225155205222338184189260368851936
6,110,116,65050083908496482893557043342329168
6,111,117,131299714813096578837471131893908928
6,112,118,265000283033016992594527346686195012
6,113,119,534802272879681655028224859169144336
6,114,120,1079214811843586494608287599590261608
6,115,121,2177650155855619358320250961684469088
6,116,122,4393768077000988229699757693597742584
6,117,123,8864471684581475485518026927653093984
6,118,124,17882918518782238145577110434540217680
6,119,125,36073787336803050640236334027548494784
6,120,126,72763881217078377555622625015476475528
6,121,127,146760375521101307661545163951711922976
6,122,128,295987561067056316543732842517720828688
6,123,129,596908742183820035528750714264035622848
6,124,130,1203690906595013460795721974066106392976
6,125,131,2427128657644773701067885039208283080512
6,126,132,4893775143936784006715477972027253023456
6,127,133,9866585945168041222590371731275879771776
6,128,134,19891337500775587635479362972379453373405
6,129,135,40099006222430185651555964964414294406516
6,130,136,80831043365788267880965886977182077679394
6,131,137,162928148573432328917639688051071133091512
6,132,138,328389861249149395066364076785450465513822
6,133,139,661846850702868264594897554937517329689240
6,134,140,1333833590496460038426868906523973305846772
6,135,141,2687946959174367095327885406345823904630128
6,136,142,5416475508436650184121529357840016452083374
6,137,143,10914114197049132355174575805976770189812984
6,138,144,21990640973373927644497911978187678652026940
6,139,145,44306107105299181157293344688843633848855824
6,140,146,89262202013203524267157287626417275845940236
6,141,147,179824379631617372439455771750294567988337648
6,142,148,362250031895763812971464426437686358799134248
6,143,149,729702609056585762128034618749567163243186400
6,144,150,1469815484213212442731840188187717212841924958
6,145,151,2960451500626506722415222277752600198394954232
6,146,152,5962564342543566828133391287258100196853142796
6,147,153,12008451367668240422872676038021999993832754256
6,148,154,24183627563988059456334980211293231537187330340
6,149,155,48700704785279276133849216693084926173418304336
6,150,156,98068620382043177813378083463458297354057923224
6,151,157,197471662387055606718115467081493484722558475552
6,152,158,397613389415704145997761363232862757436133000332
6,153,159,800566908114594157118583584605477090854298099120
6,154,160,1611818865204490407787200213876665728537121419672
6,155,161,3245007828359585002674466517084754550731293282208
6,156,162,6532774645763105189433640424193634376321880700184
6,157,163,13151067269614080747036695628435519302362349671904
6,158,164,26473244240647513762870680507119394351491115222480
6,159,165,53288707884133732063335939514735500196515062202304
6,160,166,107262144024026048466760490314310452870863052311526
6,161,167,215893744559569265613698203198299810697391960436888
6,162,168,434527538501750815924022783168834435973572300115388
6,163,169,874535175768726201241298319882138501104721358714000
6,164,170,1760035011357951529589584610094513766657779734049188
6,165,171,3541999342356901313393145160849501062212233501340752
6,166,172,7127874850580814751991076938160467097873451465400536
6,167,173,14343502032895653754391727109243864142644871856239136
6,168,174,28862577583700488789797308572385622847732824548560500
6,169,175,58076302203219340141622325852567034820351810769285456
6,170,176,116855169035526444802418097763188937059042365554180264
6,171,177,235115467329228418643183087642487608954762219139579232
6,172,178,473042256528510817636895932553852731059338137445000392
6,173,179,951707156797129595974851379645460488418303673221684640
6,174,180,1914663781154548669876556303062259200343320571858051312
6,175,181,3851826497429676295606819693667194847700067594545466688
6,176,182,7748667300415345168347850631564703352313131458340056444
6,177,183,15587363211942675490964123751590034018452255455178359024
6,178,184,31354848279369907053379462976738808810737958668888471320
6,179,185,63069940269708926249661356900595099169142812854840449184
6,180,186,126860622185514380785924099648865940275266503291179938056
6,181,187,255162727663221818145050970993083364424494761745357955488
6,182,188,513209422045430549791289414776120233138777396277802020528
6,183,189,1032186777528834926584953775132147474857130538129776260160
6,184,190,2075913357245851091179342859277681730222922341439576982328
6,185,191,4174906318868064658377556336582137021463167213239202888672
6,186,192,8395987333846676760682261037544784943304211501129631460976
6,187,193,16884324059914448409218818803850591687364177151561714289216
6,188,194,33953407865147621934561982527786807805888754571457238750960
6,189,195,68276335220932694101372654895744864474098309679582097846976
6,190,196,137291949416485806744247858387608850149561226713326924613664
6,191,197,276062456782212450571500813967455942701851668134979307066752
6,192,198,555082974436704552737219674925258825148758602917367764716402
6,193,199,1116082070617968408662875443831211529787627739129553830598600
6,194,200,2244000106168259829657008639494352197802136254355441642223092
6,195,201,4511672142201165683976532782652562672058034060903551246497968
6,196,202,9070702802060979546853533589510688554056352939147389316854604
6,197,203,18236122639439255451508003227432503527993275512975352281426544
6,198,204,36661737092871173219975660739387867938604024316043476614898760
6,199,205,73702457813727671073870630047821457642442995212272497333888864
6,200,206,148163110392256785644929539053274754504209839626598684417007756
7,1,8,7
7,2,9,15
7,3,10,32
7,4,11,69
7,5,12,148
7,6,13,318
7,7,14,680
7,8,15,1453
7,9,16,3092
7,10,17,6570
7,11,18,13912
7,12,19,29410
7,13,20,61992
7,14,21,130460
7,15,22,273872
7,16,23,574077
7,17,24,1200820
7,18,25,2508402
7,19,26,5230328
7,20,27,10892566
7,21,28,22648952
7,22,29,47042340
7,23,30,97573552
7,24,31,202183634
7,25,32,418440328
7,26,33,865234788
7,27,34,1787177840
7,28,35,3688515108
7,29,36,7605349072
7,30,37,15670010296
7,31,38,32258644896
7,32,39,66364233245
7,33,40,136422353396
7,34,41,280267838274
7,35,42,575381939512
7,36,43,1180586049742
7,37,44,2420816440920
7,38,45,4961399203412
7,39,46,10162331049968
7,40,47,20805494649414
7,41,48,42572654397784
7,42,49,87075203113900
7,43,50,178010194864464
7,44,51,363764433269276
7,45,52,743016953619248
7,46,53,1517101563963528
7,47,54,3096338441377120
7,48,55,6317290569268018
7,49,56,12883808511563592
7,50,57,26267361673329620
7,51,58,53534212647064112
7,52,59,109072265841339420
7,53,60,222152212777101232
7,54,61,452338155096119400
7,55,62,920743769276072672
7,56,63,1873691990270729092
7,57,64,3811792883978625680
7,58,65,7752667322783336712
7,59,66,15763497755218844128
7,60,67,32044323971958681032
7,61,68,65123304866959347616
7,62,69,132319738566504758640
7,63,70,268785734798181644096
7,64,71,545878529562746768733
7,65,72,1108371179058260498548
7,66,73,2250026132046931967458
7,67,74,4566619811954685875640
7,68,75,9266587055761427875838
7,69,76,18799868975226968000792
7,70,77,38133940621904310230580
7,71,78,77336286586709368919152
7,72,79,156812500144715142055550
7,73,80,317904854232023092545592
7,74,81,644381376147617662413660
7,75,82,1305906087662378279472272
7,76,83,2646144796863367089976812
7,77,84,5360954836803955242018160
7,78,85,10859416893625139614866792
7,79,86,21993848227284737491394528
7,80,87,44538405760010121481911334
7,81,88,90178230130901535962067224
7,82,89,182561919610607934412732380
7,83,90,369534757918825593802660624
7,84,91,747901467151462275457846996
7,85,92,1513466836930546726620745488
7,86,93,3062300523546249709095553208
7,87,94,6195334746462811929899230880
7,88,95,12532287745145453968566371388
7,89,96,25347811994730568154668562032
7,90,97,51262680298460049741101850616
7,91,98,103659473214917926345733154336
7,92,99,209589428783685583666598468600
7,93,100,423719822275070629283461257056
7,94,101,856530314294251715640841200144
7,95,102,1731241968076724345429519772352
7,96,103,3498880483903647710201600718322
7,97,104,7070554063307693459088323783880
7,98,105,14286825645514425164912370254132
7,99,106,28865086328826926823296185881008
7,100,107,58313552285495186250673317116076
7,101,108,117793863826673037709508524940272
7,102,109,237923224426369161995994455071240
7,103,110,480517442398784497145943720523872
7,104,111,970384556675331854916182292626684
7,105,112,1959468457106189431080954288411248
7,106,113,3956365470890376077285038125555768
7,107,114,7987588055136746584816335348578080
7,108,115,16125006494856937812559439445935128
7,109,116,32549673758880764910972416389428192
7,110,117,65699121015813336347123355383481680
7,111,118,132597789027730285744603755976213952
7,112,119,267596431462284406408792594850805060
7,113,120,539994569738216482656755355498364432
7,114,121,1089599405560656149865348592248701800
7,115,122,2198419343289758668834372947001349472
7,116,123,4435306451869266850728001664231503352
7,117,124,8947548434318032727574514868920615520
7,118,125,18049072018255352629690086317075260752
7,119,126,36406094335749279608462285792618580928
7,120,127,73428495214970835492074528545616647816
7,121,128,148089603516886223534448971011992267552
7,122,129,298646017058626148289540456638281517840
7,123,130,602225654166959699020365942505157001152
7,124,131,1214324730561292787778952430548349149584
7,125,132,2448396305577332355034345952172768593728
7,126,133,4936310439801901314648399797956224049888
7,127,134,9951656536898275838456215383133821824640
7,128,135,20061478684236056867211050276095337479133
7,129,136,40439288589351124115019339571846062617972
7,130,137,81511608099630144807892636192045614102306
7,131,138,164289278041116082771493186480798205937336
7,132,139,331112120184516902774071073644904611205470
7,133,140,667291368573603280010311548656425621072536
7,134,141,1344722626237930069257696893961789888613364
7,135,142,2709725030657307156989541381221457070163312
7,136,143,5460031651402530307444841307591282783149742
7,137,144,11001226482980892601821199705479302851945720
7,138,145,22164865545237448137791159777192743976292412
7,139,146,44654556249026222143879840286853764497386768
7,140,147,89959100300657606240330278822437537143002124
7,141,148,181218176206525536385801754142335090582461424
7,142,149,365037625045580140864156391221767403987381800
7,143,150,735277795356218417913418548317729253619681504
7,144,151,1480965856812477754302608047324041393594915166
7,145,152,2982752245825037345556757996025248559900934648
7,146,153,6007165832940628074416462723803396919865103628
7,147,154,12097654348462362915438818911112593439856675920
7,148,155,24362033525576304441467265957474418429235173668
7,149,156,49057516708455766104113788185447299957513990992
7,150,157,98782244228396157753907226448183044922249296536
7,151,158,198898910079761566599173753050942979858941222176
7,152,159,400467884801116065759877935171761747708898493580
7,153,160,806275898885417996642816728483275071399829085616
7,154,161,1623236846746138086835666501632261689628183392664
7,155,162,3267843791442880360771399092595946472913417228192
7,156,163,6578446571929695905627505575216018220686128592152
7,157,164,13242411121947262179424425930480286991090845455840
7,158,165,26655931945313876627646141111208929728948106790352
7,159,166,53654083293466457792886860722914570951429045338048
7,160,167,107992894842691499925862332730668594380691018583014
7,161,168,217355246196900168531901888031016093717047892979864
7,162,169,437450541776412621760430152834267002012884165201340
7,163,170,880381182318049812914113059213003633183345088885904
7,164,171,1771727024456598752935214088756244030815027194392996
7,165,172,3565383368554195760084404118172961590526728422028368
7,166,173,7174642902975403645373594852807388154502441306775768
7,167,174,14437038137684831541156762938537706255902851538989600
7,168,175,29049649793278844363327380230973307074248783914061428
7,169,176,58450446622376051288682469169742403273383729500287312
7,170,177,117603457873839867096538384397539673965106203016183976
7,171,178,236612045005855263231423660911189082766889894063586656
7,172,179,476035411881764506813377079091255678683593487293015240
7,173,180,957693467503636974327813672720266383666814372917714336
7,174,181,1926636402567563426582480889211870990840341971250110704
7,175,182,3875771740255705809018668865966418428694110393329585472
7,176,183,7796557786067404195171548976163150514301217055908294012
7,177,184,15683144183246793544611520440786928342428426650314834160
7,178,185,31546410221978143160674256355132597458690301059161421592
7,179,186,63453064154925398464250943657382676465047497635386349728
7,180,187,127626869955947325215103273162441094867075872852271739144
7,181,188,256695223204087707003409318020233673608113500867541557664
7,182,189,516274413127162327508006108830420851506014874522169224880
7,183,190,1038316759692298482018387163240748711591605494618510668864
7,184,191,2088173321572778202046209635494884203691872254417045799736
7,185,192,4199426247521918880111289889016541968401067039194140523488
7,186,193,8445027191154385204149728142413594837180011153039506730608
7,187,194,16982403774529865296153753013588211475115776455381464828480
7,188,195,34149567294378455708431850947262047381391953179096739829488
7,189,196,68668654079394361649112391734695343625104706894861100004032
7,190,197,138076587133409141839727332065509808451574021143884928927776
7,191,198,277631732216059120762459761323257859305877256996095315694976
7,192,199,558221525304397893119137569636862658356809780639599781972850
7,193,200,1122359172353355089426711233254419196203730094574017865111496
7,194,201,2256554309639033191184680218340767530634340965244369711248884
7,195,202,4536780549142712407031875940345393337722443482681407384549552
7,196,203,9120919615944072992964219904896349885385171782703101592957772
7,197,204,18336556267205442343729375858203826190650913200086776833632880
7,198,205,36862604348403547004418406000930513263919299690266325719311432
7,199,206,74104192324792418642756120570906748293073545960718195542714208
7,200,207,148966579414386280782700520099445335805470941123490080834658444
8,1,9,8
8,2,10,17
8,3,11,36
8,4,12,77
8,5,13,164
8,6,14,350
8,7,15,744
8,8,16,1581
8,9,17,3348
8,10,18,7082
8,11,19,14936
8,12,20,31458
8,13,21,66088
8,14,22,138652
8,15,23,290256
8,16,24,606845
8,17,25,1266356
8,18,26,2639474
8,19,27,5492472
8,20,28,11416854
8,21,29,23697528
8,22,30,49139492
8,23,31,101767856
8,24,32,210572242
8,25,33,435217544
8,26,34,898789220
8,27,35,1854286704
8,28,36,3822732836
8,29,37,7873784528
8,30,38,16206881208
8,31,39,33332386720
8,32,40,68511716893
8,33,41,140717320692
8,34,42,288857772866
8,35,43,592561808696
8,36,44,1214945788110
8,37,45,2489535917656
8,38,46,5098838156884
8,39,47,10437208956912
8,40,48,21355250463302
8,41,49,43672166025560
8,42,50,89274226369452
8,43,51,182408241375568
8,44,52,372560526291484
8,45,53,760609139663664
8,46,54,1552285936052360
8,47,55,3166707185554784
8,48,56,6458028057623346
8,49,57,13165283488274248
8,50,58,26830311626750932
8,51,59,54660112553906736
8,52,60,111324065655024668
8,53,61,226655812404471728
8,54,62,461345354350860392
8,55,63,938758167785554656
8,56,64,1909720787289693060
8,57,65,3883850478016553616
8,58,66,7896782510859192584
8,59,67,16051728131370555872
8,60,68,32620784724262104520
8,61,69,66276226371566194592
8,62,70,134625581575718452592
8,63,71,273397420816609032000
8,64,72,555101901599601544541
8,65,73,1126817923131970050164
8,66,74,2286919620194351070690
8,67,75,4640406788249524082104
8,68,76,9414161008351104288766
8,69,77,19095016880406320826648
8,70,78,38724236432263015882292
8,71,79,78516878207426780222576
8,72,80,159173683386149964662398
8,73,81,322627220714892737759288
8,74,82,653826109113356952841052
8,75,83,1324795553593856860327056
8,76,84,2683923728726324251686380
8,77,85,5436512700529869565437296
8,78,86,11010532621076968261705064
8,79,87,22296079682188394785071072
8,80,88,45142868669817436069264422
8,81,89,91387155950516165136773400
8,82,90,184979771249837192762144732
8,83,91,374370461197284110501485328
8,84,92,757572873708379308855496404
8,85,93,1532809650044380793416044304
8,86,94,3100986149773917842686150840
8,87,95,6272705998918148197080426144
8,88,96,12687030250056126502928761916
8,89,97,25657297004551913223393343088
8,90,98,51881650318102739878551412728
8,91,99,104897413254203306620632278560
8,92,100,212065308862256344216396717048
8,93,101,428671582432212150383057753952
8,94,102,866433834608534757840034193936
8,95,103,1751049008705290429827905759936
8,96,104,3538494565160779878998372693490
8,97,105,7149782225821957796681867734216
8,98,106,14445281970542953840099458154804
8,99,107,29181998978883984173670361682352
8,100,108,58947377585609300951421668718764
8,101,109,119061514426901267111005228145648
8,102,110,240458525626825620798987861481992
8,103,111,485588044799697414751930533345376
8,104,112,980525761477157690128155918269692
8,105,113,1979750866709841101504901539697264
8,106,114,3996930290097679418132932628127800
8,107,115,8068717693551353266512124353722144
8,108,116,16287265771686151175951017456223256
8,109,117,32874192312539191637755572410004448
8,110,118,66348158123130189800689667424634192
8,111,119,133895863242363992651736380058518976
8,112,120,270192579891551820223057843015415108
8,113,121,545186866596751310285285851827584528
8,114,122,1099983999277725805122409584907141992
8,115,123,2219188530723897979348494932318229856
8,116,124,4476844826737545471756245634865264120
8,117,125,9030625184054589969631002810188137056
8,118,126,18215225517728467113803062199610303824
8,119,127,36738401334695508576688237557688667072
8,120,128,74093109212863293428526432075756820104
8,121,129,149418831512671139407352778072272612128
8,122,130,301304473050195980035348070758842206992
8,123,131,607542566150099362511981170746278379456
8,124,132,1224958554527572114762182887030591906192
8,125,133,2469663953509891009000806865137254106944
8,126,134,4978845735667018622581321623885195076320
8,127,135,10036727128628510454322059034991763877504
8,128,136,20231619867696526098942737579811221584861
8,129,137,40779570956272062578482714179277830829428
8,130,138,82192172833472021734819385406909150525218
8,131,139,165650407508799836625346684910525278783160
8,132,140,333834379119884410481778070504358756897118
8,133,141,672735886444338295425725542375333912455832
8,134,142,1355611661979400100088524881399606471379956
8,135,143,2731503102140247218651197356097090235696496
8,136,144,5503587794368410430768153257342549114216110
8,137,145,11088338768912652848467823604981835514078456
8,138,146,22339090117100968631084407576197809300557884
8,139,147,45003005392753263130466335884863895145917712
8,140,148,90655998588111688213503270018457798440064012
8,141,149,182611972781433700332147736534375613176585200
8,142,150,367825218195396468756848356005848449175629352
8,143,151,740852981655851073698802477885891343996176608
8,144,152,1492116229411743065873375906460365574347905374
8,145,153,3005052991023567968698293714297896921406915064
8,146,154,6051767323337689320699534160348693642877064460
8,147,155,12186857329256485408004961784203186885880597584
8,148,156,24540439487164549426599551703655605321283016996
8,149,157,49414328631632256074378359677809673741609677648
8,150,158,99495868074749137694436369432907792490440669848
8,151,159,200326157772467526480232039020392474995323968800
8,152,160,403322380186527985521994507110660737981663986828
8,153,161,811984889656241836167049872361073051945360072112
8,154,162,1634654828287785765884132789387857650719245365656
8,155,163,3290679754526175718868331668107138395095541174176
8,156,164,6624118498096286621821370726238402065050376484120
8,157,165,13333754974280443611812156232525054679819341239776
8,158,166,26838619649980239492421601715298465106405098358224
8,159,167,54019458702799183522437781931093641706343028473792
8,160,168,108723645661356951384964175147026735890518984854502
8,161,169,218816747834231071450105572863732376736703825522840
8,162,170,440373545051074427596837522499699568052196030287292
8,163,171,886227188867373424586927798543868765261968819057808
8,164,172,1783419037555245976280843567417974294972274654736804
8,165,173,3588767394751490206775663075496422118841223342715984
8,166,174,7221410955369992538756112767454309211131431148151000
8,167,175,14530574242474009327921798767831548369160831221740064
8,168,176,29236722002857199936857451889560991300764743279562356
8,169,177,58824591041532762435742612486917771726415648231289168
8,170,178,118351746712153289390658671031890410871170040478187688
8,171,179,238108622682482107819664234179890556579017568987594080
8,172,180,479028567235018195989858225628658626307848837141030088
8,173,181,963679778210144352680775965795072278915325072613744032
8,174,182,1938609023980578183288405475361482781337363370642170096
8,175,183,3899716983081735322430518038265642009688153192113704256
8,176,184,7844448271719463221995247320761597676289302653476531580
8,177,185,15778925154550911598258917129983822666404597845451309296
8,178,186,31737972164586379267969049733526386106642643449434371864
8,179,187,63836188040141870678840530414170253760952182415932250272
8,180,188,128393117726380269644282446676016249458885242413363540232
8,181,189,258227718744953595861767665047383982791732239989725159840
8,182,190,519339404208894105224722802884721469873252352766536429232
8,183,191,1044446741855762037451820551349349948326080451107245077568
8,184,192,2100433285899705312913076411712086677160822167394514617144
8,185,193,4223946176175773101845023441450946915338966865149078158304
8,186,194,8494067048462093647617195247282404731055810804949382000240
8,187,195,17080483489145282183088687223325831262867375759201215367744
8,188,196,34345726723609289482301719366737286956895151786736240908016
8,189,197,69060972937856029196852128573645822776111104110140102161088
8,190,198,138861224850332476935206805743410766753586815574442933241888
8,191,199,279201007649905790953418708679059775909902845857211324323200
8,192,200,561360076172091233501055464348466491564860958361831799229298
8,193,201,1128636274088741770190547022677626862619832450018481899624392
8,194,202,2269108513109806552712351797187182863466545676133297780274676
8,195,203,4561888956084259130087219098038224003386852904459263522601136
8,196,204,9171136429827166439074906220282011216713990626258813869060940
8,197,205,18436989894971629235950748488975148853308550887198201385839216
8,198,206,37063471603935920788861151262473158589234575064489174823724104
8,199,207,74505926835857166211641611093992038943704096709163893751539552
8,200,208,149770048436515775920471501145615917106732042620381477252309132
9,1,10,9
9,2,11,19
9,3,12,40
9,4,13,85
9,5,14,180
9,6,15,382
9,7,16,808
9,8,17,1709
9,9,18,3604
9,10,19,7594
9,11,20,15960
9,12,21,33506
9,13,22,70184
9,14,23,146844
9,15,24,306640
9,16,25,639613
9,17,26,1331892
9,18,27,2770546
9,19,28,5754616
9,20,29,11941142
9,21,30,24746104
9,22,31,51236644
9,23,32,105962160
9,24,33,218960850
9,25,34,451994760
9,26,35,932343652
9,27,36,1921395568
9,28,37,3956950564
9,29,38,8142219984
9,30,39,16743752120
9,31,40,34406128544
9,32,41,70659200541
9,33,42,145012287988
9,34,43,297447707458
9,35,44,609741677880
9,36,45,1249305526478
9,37,46,2558255394392
9,38,47,5236277110356
9,39,48,10712086863856
9,40,49,21905006277190
9,41,50,44771677653336
9,42,51,91473249625004
9,43,52,186806287886672
9,44,53,381356619313692
9,45,54,778201325708080
9,46,55,1587470308141192
9,47,56,3237075929732448
9,48,57,6598765545978674
9,49,58,13446758464984904
9,50,59,27393261580172244
9,51,60,55786012460749360
9,52,61,113575865468709916
9,53,62,231159412031842224
9,54,63,470352553605601384
9,55,64,956772566295036640
9,56,65,1945749584308657028
9,57,66,3955908072054481552
9,58,67,8040897698935048456
9,59,68,16339958507522267616
9,60,69,33197245476565528008
9,61,70,67429147876173041568
9,62,71,136931424584932146544
9,63,72,278009106835036419904
9,64,73,564325273636456320349
9,65,74,1145264667205679601780
9,66,75,2323813108341770173922
9,67,76,4714193764544362288568
9,68,77,9561734960940780701694
9,69,78,19390164785585673652504
9,70,79,39314532242621721534004
9,71,80,79697469828144191526000
9,72,81,161534866627584787269246
9,73,82,327349587197762382972984
9,74,83,663270842079096243268444
9,75,84,1343685019525335441181840
9,76,85,2721702660589281413395948
9,77,86,5512070564255783888856432
9,78,87,11161648348528796908543336
9,79,88,22598311137092052078747616
9,80,89,45747331579624750656617510
9,81,90,92596081770130794311479576
9,82,91,187397622889066451111557084
9,83,92,379206164475742627200310032
9,84,93,767244280265296342253145812
9,85,94,1552152463158214860211343120
9,86,95,3139671776001585976276748472
9,87,96,6350077251373484464261621408
9,88,97,12841772754966799037291152444
9,89,98,25966782014373258292118124144
9,90,99,52500620337745430016000974840
9,91,100,106135353293488686895531402784
9,92,101,214541188940827104766194965496
9,93,102,433623342589353671482654250848
9,94,103,876337354922817800039227187728
9,95,104,1770856049333856514226291747520
9,96,105,3578108646417912047795144668658
9,97,106,7229010388336222134275411684552
9,98,107,14603738295571482515286546055476
9,99,108,29498911628941041524044537483696
9,100,109,59581202885723415652170020321452
9,101,110,120329165027129496512501931351024
9,102,111,242993826827282079601981267892744
9,103,112,490658647200610332357917346166880
9,104,113,990666966278983525340129543912700
9,105,114,2000033276313492771928848790983280
9,106,115,4037495109304982758980827130699832
9,107,116,8149847331965959948207913358866208
9,108,117,16449525048515364539342595466511384
9,109,118,33198710866197618364538728430580704
9,110,119,66997195230447043254255979465786704
9,111,120,135193937456997699558869004140824000
9,112,121,272788728320819234037323091180025156
9,113,122,550379163455286137913816348156804624
9,114,123,1110368592994795460379470577565582184
9,115,124,2239957718158037289862616917635110240
9,116,125,4518383201605824092784489605499024888
9,117,126,9113701933791147211687490751455658592
9,118,127,18381379017201581597916038082145346896
9,119,128,37070708333641737544914189322758753216
9,120,129,74757723210755751364978335605896992392
9,121,130,150748059508456055280256585132552956704
9,122,131,303962929041765811781155684879402896144
9,123,132,612859478133239026003596398987399757760
9,124,133,1235592378493851441745413343512834662800
9,125,134,2490931601442449662967267778101739620160
9,126,135,5021381031532135930514243449814166102752
9,127,136,10121797720358745070187902686849705930368
9,128,137,20401761051156995330674424883527105690589
9,129,138,41119853323193001041946088786709599040884
9,130,139,82872737567313898661746134621772686948130
9,131,140,167011536976483590479200183340252351628984
9,132,141,336556638055251918189485067363812902588766
9,133,142,678180404315073310841139536094242203839128
9,134,143,1366500697720870130919352868837423054146548
9,135,144,2753281173623187280312853330972723401229680
9,136,145,5547143937334290554091465207093815445282478
9,137,146,11175451054844413095114447504484368176211192
9,138,147,22513314688964489124377655375202874624823356
9,139,148,45351454536480304117052831482874025794448656
9,140,149,91352896875565770186676261214478059737125900
9,141,150,184005769356341864278493718926416135770708976
9,142,151,370612811345212796649540320789929494363876904
9,143,152,746428167955483729484186407454053434372671712
9,144,153,1503266602011008377444143765596689755100895582
9,145,154,3027353736222098591839829432570545282912895480
9,146,155,6096368813734750566982605596893990365889025292
9,147,156,12276060310050607900571104657293780331904519248
9,148,157,24718845448752794411731837449836792213330860324
9,149,158,49771140554808746044642931170172047525705364304
9,150,159,100209491921102117634965512417632540058632043160
9,151,160,201753405465173486361290324989841970131706715424
9,152,161,406176875571939905284111079049559728254429480076
9,153,162,817693880427065675691283016238871032490891058608
9,154,163,1646072809829433444932599077143453611810307338648
9,155,164,3313515717609471076965264243618330317277665120160
9,156,165,6669790424262877338015235877260785909414624376088
9,157,166,13425098826613625044199886534569822368547837023712
9,158,167,27021307354646602357197062319388000483862089926096
9,159,168,54384834112131909251988703139272712461257011609536
9,160,169,109454396480022402844066017563384877400346951125990
9,161,170,220278249471561974368309257696448659756359758065816
9,162,171,443296548325736233433244892165132134091507895373244
9,163,172,892073195416697036259742537874733897340592549229712
9,164,173,1795111050653893199626473046079704559129522115080612
9,165,174,3612151420948784653466922032819882647155718263403600
9,166,175,7268179007764581432138630682101230267760420989526232
9,167,176,14624110347263187114686834597125390482418810904490528
9,168,177,29423794212435555510387523548148675527280702645063284
9,169,178,59198735460689473582802755804093140179447566962291024
9,170,179,119100035550466711684778957666241147777233877940191400
9,171,180,239605200359108952407904807448592030391145243911601504
9,172,181,482021722588271885166339372166061573932104186989044936
9,173,182,969666088916651731033738258869878174163835772309773728
9,174,183,1950581645393592939994330061511094571834384770034229488
9,175,184,3923662225907764835842367210564865590682195990897823040
9,176,185,7892338757371522248818945665360044838277388251044769148
9,177,186,15874706125855029651906313819180716990380769040587784432
9,178,187,31929534107194615375263843111920174754594985839707322136
9,179,188,64219311925358342893430117170957831056856867196478150816
9,180,189,129159365496813214073461620189591404050694611974455341320
9,181,190,259760214285819484720126012074534291975350979111908762016
9,182,191,522404395290625882941439496939022088240489831010903633584
9,183,192,1050576724019225592885253939457951185060555407595979486272
9,184,193,2112693250226632423779943187929289150629772080371983434552
9,185,194,4248466104829627323578756993885351862276866691104015793120
9,186,195,8543106905769802091084662352151214624931610456859257269872
9,187,196,17178563203760699070023621433063451050618975063020965907008
9,188,197,34541886152840123256171587786212526532398350394375741986544
9,189,198,69453291796317696744591865412596301927117501325419104318144
9,190,199,139645862567255812030686279421311725055599610005000937556000
9,191,200,280770283083752461144377656034861692513928434718327332951424
9,192,201,564498627039784573882973359060070324772912136084063816485746
9,193,202,1134913375824128450954382812100834529035934805462945934137288
9,194,203,2281662716580579914240023376033598196298750387022225849300468
9,195,204,4586997363025805853142562255731054669051262326237119660652720
9,196,205,9221353243710259885185592535667672548042809469814526145164108
9,197,206,18537423522737816128172121119746471515966188574309625938045552
9,198,207,37264338859468294573303896524015803914549850438712023928136776
9,199,208,74907661346921913780527101617077329594334647457609591960364896
9,200,209,150573517458645271058242482191786498407993144117272873669959820
10,1,11,10
10,2,12,21
10,3,13,44
10,4,14,93
10,5,15,196
10,6,16,414
10,7,17,872
10,8,18,1837
10,9,19,3860
10,10,20,8106
10,11,21,16984
10,12,22,35554
10,13,23,74280
10,14,24,155036
10,15,25,323024
10,16,26,672381
10,17,27,1397428
10,18,28,2901618
10,19,29,6016760
10,20,30,12465430
10,21,31,25794680
10,22,32,53333796
10,23,33,110156464
10,24,34,227349458
10,25,35,468771976
10,26,36,965898084
10,27,37,1988504432
10,28,38,4091168292
10,29,39,8410655440
10,30,40,17280623032
10,31,41,35479870368
10,32,42,72806684189
10,33,43,149307255284
10,34,44,306037642050
10,35,45,626921547064
10,36,46,1283665264846
10,37,47,2626974871128
10,38,48,5373716063828
10,39,49,10986964770800
10,40,50,22454762091078
10,41,51,45871189281112
10,42,52,93672272880556
10,43,53,191204334397776
10,44,54,390152712335900
10,45,55,795793511752496
10,46,56,1622654680230024
10,47,57,3307444673910112
10,48,58,6739503034334002
10,49,59,13728233441695560
10,50,60,27956211533593556
10,51,61,56911912367591984
10,52,62,115827665282395164
10,53,63,235663011659212720
10,54,64,479359752860342376
10,55,65,974786964804518624
10,56,66,1981778381327620996
10,57,67,4027965666092409488
10,58,68,8185012887010904328
10,59,69,16628188883673979360
10,60,70,33773706228868951496
10,61,71,68582069380779888544
10,62,72,139237267594145840496
10,63,73,282620792853463807808
10,64,74,573548645673311096157
10,65,75,1163711411279389153396
10,66,76,2360706596489189277154
10,67,77,4787980740839200495032
10,68,78,9709308913530457114622
10,69,79,19685312690765026478360
10,70,80,39904828052980427185716
10,71,81,80878061448861602829424
10,72,82,163896049869019609876094
10,73,83,332071953680632028186680
10,74,84,672715575044835533695836
10,75,85,1362574485456814022036624
10,76,86,2759481592452238575105516
10,77,87,5587628427981698212275568
10,78,88,11312764075980625555381608
10,79,89,22900542591995709372424160
10,80,90,46351794489432065243970598
10,81,91,93805007589745423486185752
10,82,92,189815474528295709460969436
10,83,93,384041867754201143899134736
10,84,94,776915686822213375650795220
10,85,95,1571495276272048927006641936
10,86,96,3178357402229254109867346104
10,87,97,6427448503828820731442816672
10,88,98,12996515259877471571653542972
10,89,99,26276267024194603360842905200
10,90,100,53119590357388120153450536952
10,91,101,107373293332774067170430527008
10,92,102,217017069019397865315993213944
10,93,103,438575102746495192582250747744
10,94,104,886240875237100842238420181520
10,95,105,1790663089962422598624677735104
10,96,106,3617722727675044216591916643826
10,97,107,7308238550850486471868955634888
10,98,108,14762194620600011190473633956148
10,99,109,29815824278998098874418713285040
10,100,110,60215028185837530352918371924140
10,101,111,121596815627357725913998634556400
10,102,112,245529128027738538404974674303496
10,103,113,495729249601523249963904158988384
10,104,114,1000808171080809360552103169555708
10,105,115,2020315685917144442352796042269296
10,106,116,4078059928512286099828721633271864
10,107,117,8230976970380566629903702364010272
10,108,118,16611784325344577902734173476799512
10,109,119,33523229419856045091321884451156960
10,110,120,67646232337763896707822291506939216
10,111,121,136492011671631406466001628223129024
10,112,122,275384876750086647851588339344635204
10,113,123,555571460313820965542346844486024720
10,114,124,1120753186711865115636531570224022376
10,115,125,2260726905592176600376738902951990624
10,116,126,4559921576474102713812733576132785656
10,117,127,9196778683527704453743978692723180128
10,118,128,18547532516674696082029013964680389968
10,119,129,37403015332587966513140141087828839360
10,120,130,75422337208648209301430239136037164680
10,121,131,152077287504240971153160392192833301280
10,122,132,306621385033335643526963298999963585296
10,123,133,618176390116378689495211627228521136064
10,124,134,1246226202460130768728643799995077419408
10,125,135,2512199249375008316933728691066225133376
10,126,136,5063916327397253238447165275743137129184
10,127,137,10206868312088979686053746338707647983232
10,128,138,20571902234617464562406112187242989796317
10,129,139,41460135690113939505409463394141367252340
10,130,140,83553302301155775588672883836636223371042
10,131,141,168372666444167344333053681769979424474808
10,132,142,339278896990619425897192064223267048280414
10,133,143,683624922185808326256553529813150495222424
10,134,144,1377389733462340161750180856275239636913140
10,135,145,2775059245106127341974509305848356566762864
10,136,146,5590700080300170677414777156845081776348846
10,137,147,11262563340776173341761071403986900838343928
10,138,148,22687539260828009617670903174207939949088828
10,139,149,45699903680207345103639327080884156442979600
10,140,150,92049795163019852159849252410498321034187788
10,141,151,185399565931250028224839701318456658364832752
10,142,152,373400404495029124542232285574010539552124456
10,143,153,752003354255116385269570337022215524749166816
10,144,154,1514416974610273689014911624733013935853885790
10,145,155,3049654481420629214981365150843193644418875896
10,146,156,6140970304131811813265677033439287088900986124
10,147,157,12365263290844730393137247530384373777928440912
10,148,158,24897251410341039396864123196017979105378703652
10,149,159,50127952477985236014907502662534421309801050960
10,150,160,100923115767455097575494655402357287626823416472
10,151,161,203180653157879446242348610959291465268089462048
10,152,162,409031370957351825046227650988458718527194973324
10,153,163,823402871197889515215516160116669013036422045104
10,154,164,1657490791371081123981065364899049572901369311640
10,155,165,3336351680692766435062196819129522239459789066144
10,156,166,6715462350429468054209101028283169753778872268056
10,157,167,13516442678946806476587616836614590057276332807648
10,158,168,27203995059312965221972522923477535861319081493968
10,159,169,54750209521464634981539624347451783216170994745280
10,160,170,110185147298687854303167859979743018910174917397478
10,161,171,221739751108892877286512942529164942776015690608792
10,162,172,446219551600398039269652261830564700130819760459196
10,163,173,897919201966020647932557277205599029419216279401616
10,164,174,1806803063752540422972102524741434823286769575424420
10,165,175,3635535447146079100158180990143343175470213184091216
10,166,176,7314947060159170325521148596748151324389410830901464
10,167,177,14717646452052364901451870426419232595676790587240992
10,168,178,29610866422013911083917595206736359753796662010564212
10,169,179,59572879879846184729862899121268508632479485693292880
10,170,180,119848324388780133978899244300591884683297715402195112
10,171,181,241101778035735796996145380717293504203272918835608928
10,172,182,485014877941525574342820518703464521556359536837059784
10,173,183,975652399623159109386700551944684069412346472005803424
10,174,184,1962554266806607696700254647660706362331406169426288880
10,175,185,3947607468733794349254216382864089171676238789681941824
10,176,186,7940229243023581275642644009958492000265473848613006716
10,177,187,15970487097159147705553710508377611314356940235724259568
10,178,188,32121096049802851482558636490313963402547328229980272408
10,179,189,64602435810574815108019703927745408352761551977024051360
10,180,190,129925613267246158502640793703166558642503981535547142408
10,181,191,261292709826685373578484359101684601158969718234092364192
10,182,192,525469386372357660658156190993322706607727309255270837936
10,183,193,1056706706182689148318687327566552421795030364084713894976
10,184,194,2124953214553559534646809964146491624098721993349452251960
10,185,195,4272986033483481545312490546319756809214766517058953427936
10,186,196,8592146763077510534552129457020024518807410108769132539504
10,187,197,17276642918376115956958555642801070838370574366840716446272
10,188,198,34738045582070957030041456205687766107901549002015243065072
10,189,199,69845610654779364292331602251546781078123898540698106475200
10,190,200,140430500284179147126165753099212683357612404435558941870112
10,191,201,282339558517599131335336603390663609117954023579443341579648
10,192,202,567637177907477914264891253771674157980963313806295833742194
10,193,203,1141190477559515131718218601524042195452037160907409968650184
10,194,204,2294216920051353275767694954880013529130955097911153918326260
10,195,205,4612105769967352576197905413423885334715671748014975798704304
10,196,206,9271570057593353331296278851053333879371628313370238421267276
10,197,207,18637857150504003020393493750517794178623826261421050490251888
10,198,208,37465206115000668357746641785558449239865125812934873032549448
10,199,209,75309395857986661349412592140162620244965198206055290169190240
10,200,210,151376986480774766196013463237957079709254245614164270087610508
11,1,12,11
11,2,13,23
11,3,14,48
11,4,15,101
11,5,16,212
11,6,17,446
11,7,18,936
11,8,19,1965
11,9,20,4116
11,10,21,8618
11,11,22,18008
11,12,23,37602
11,13,24,78376
11,14,25,163228
11,15,26,339408
11,16,27,705149
11,17,28,1462964
11,18,29,3032690
11,19,30,6278904
11,20,31,12989718
11,21,32,26843256
11,22,33,55430948
11,23,34,114350768
11,24,35,235738066
11,25,36,485549192
11,26,37,999452516
11,27,38,2055613296
11,28,39,4225386020
11,29,40,8679090896
11,30,41,17817493944
11,31,42,36553612192
11,32,43,74954167837
11,33,44,153602222580
11,34,45,314627576642
11,35,46,644101416248
11,36,47,1318025003214
11,37,48,2695694347864
11,38,49,5511155017300
11,39,50,11261842677744
11,40,51,23004517904966
11,41,52,46970700908888
11,42,53,95871296136108
11,43,54,195602380908880
11,44,55,398948805358108
11,45,56,813385697796912
11,46,57,1657839052318856
11,47,58,3377813418087776
11,48,59,6880240522689330
11,49,60,14009708418406216
11,50,61,28519161487014868
11,51,62,58037812274434608
11,52,63,118079465096080412
11,53,64,240166611286583216
11,54,65,488366952115083368
11,55,66,992801363314000608
11,56,67,2017807178346584964
11,57,68,4100023260130337424
11,58,69,8329128075086760200
11,59,70,16916419259825691104
11,60,71,34350166981172374984
11,61,72,69734990885386735520
11,62,73,141543110603359534448
11,63,74,287232478871891195712
11,64,75,582772017710165871965
11,65,76,1182158155353098705012
11,66,77,2397600084636608380386
11,67,78,4861767717134038701496
11,68,79,9856882866120133527550
11,69,80,19980460595944379304216
11,70,81,40495123863339132837428
11,71,82,82058653069579014132848
11,72,83,166257233110454432482942
11,73,84,336794320163501673400376
11,74,85,682160308010574824123228
11,75,86,1381463951388292602891408
11,76,87,2797260524315195736815084
11,77,88,5663186291707612535694704
11,78,89,11463879803432454202219880
11,79,90,23202774046899366666100704
11,80,91,46956257399239379831323686
11,81,92,95013933409360052660891928
11,82,93,192233326167524967810381788
11,83,94,388877571032659660597959440
11,84,95,786587093379130409048444628
11,85,96,1590838089385882993801940752
11,86,97,3217043028456922243457943736
11,87,98,6504819756284156998624011936
11,88,99,13151257764788144106015933500
11,89,100,26585752034015948429567686256
11,90,101,53738560377030810290900099064
11,91,102,108611233372059447445329651232
11,92,103,219492949097968625865791462392
11,93,104,443526862903636713681847244640
11,94,105,896144395551383884437613175312
11,95,106,1810470130590988683023063722688
11,96,107,3657336808932176385388688618994
11,97,108,7387466713364750809462499585224
11,98,109,14920650945628539865660721856820
11,99,110,30132736929055156224792889086384
11,100,111,60848853485951645053666723526828
11,101,112,122864466227585955315495337761776
11,102,113,248064429228194997207968080714248
11,103,114,500799852002436167569890971809888
11,104,115,1010949375882635195764076795198716
11,105,116,2040598095520796112776743293555312
11,106,117,4118624747719589440676616135843896
11,107,118,8312106608795173311599491369154336
11,108,119,16774043602173791266125751487087640
11,109,120,33847747973514471818105040471733216
11,110,121,68295269445080750161388603548091728
11,111,122,137790085886265113373134252305434048
11,112,123,277981025179354061665853587509245252
11,113,124,560763757172355793170877340815244816
11,114,125,1131137780428934770893592562882462568
11,115,126,2281496093026315910890860888268871008
11,116,127,4601459951342381334840977546766546424
11,117,128,9279855433264261695800466633990701664
11,118,129,18713686016147810566141989847215433040
11,119,130,37735322331534195481366092852898925504
11,120,131,76086951206540667237882142666177336968
11,121,132,153406515500025887026064199253113645856
11,122,133,309279841024905475272770913120524274448
11,123,134,623493302099518352986826855469642514368
11,124,135,1256860026426410095711874256477320176016
11,125,136,2533466897307566970900189604030710646592
11,126,137,5106451623262370546380087101672108155616
11,127,138,10291938903819214301919589990565590036096
11,128,139,20742043418077933794137799490958873902045
11,129,140,41800418057034877968872838001573135463796
11,130,141,84233867034997652515599633051499759793954
11,131,142,169733795911851098186907180199706497320632
11,132,143,342001155925986933604899061082721193972062
11,133,144,689069440056543341671967523532058786605720
11,134,145,1388278769203810192581008843713056219679732
11,135,146,2796837316589067403636165280723989732296048
11,136,147,5634256223266050800738089106596348107415214
11,137,148,11349675626707933588407695303489433500476664
11,138,149,22861763832691530110964150973213005273354300
11,139,150,46048352823934386090225822678894287091510544
11,140,151,92746693450473934133022243606518582331249676
11,141,152,186793362506158192171185683710497180958956528
11,142,153,376187997644845452434924250358091584740372008
11,143,154,757578540554749041054954266590377615125661920
11,144,155,1525567347209539000585679483869338116606875998
11,145,156,3071955226619159838122900869115842005924856312
11,146,157,6185571794528873059548748469984583811912946956
11,147,158,12454466271638852885703390403474967223952362576
11,148,159,25075657371929284381996408942199165997426546980
11,149,160,50484764401161725985172074154896795093896737616
11,150,161,101636739613808077516023798387082035195014789784
11,151,162,204607900850585406123406896928740960404472208672
11,152,163,411885866342763744808344222927357708799960466572
11,153,164,829111861968713354739749303994466993581953031600
11,154,165,1668908772912728803029531652654645533992431284632
11,155,166,3359187643776061793159129394640714161641913012128
11,156,167,6761134276596058770402966179305553598143120160024
11,157,168,13607786531279987908975347138659357746004828591584
11,158,169,27386682763979328086747983527567071238776073061840
11,159,170,55115584930797360711090545555630853971084977881024
11,160,171,110915898117353305762269702396101160420002883668966
11,161,172,223201252746223780204716627361881225795671623151768
11,162,173,449142554875059845106059631495997266170131625545148
11,163,174,903765208515344259605372016536464161497840009573520
11,164,175,1818495076851187646317732003403165087444017035768228
11,165,176,3658919473343373546849439947466803703784708104778832
11,166,177,7361715112553759218903666511395072381018400672276696
11,167,178,14811182556841542688216906255713074708934770269991456
11,168,179,29797938631592266657447666865324043980312621376065140
11,169,180,59947024299002895876923042438443877085511404424294736
11,170,181,120596613227093556273019530934942621589361552864198824
11,171,182,242598355712362641584385953985994978015400593759616352
11,172,183,488008033294779263519301665240867469180614886685074632
11,173,184,981638710329666487739662845019489964660857171701833120
11,174,185,1974526888219622453406179233810318152828427568818348272
11,175,186,3971552711559823862666065555163312752670281588466060608
11,176,187,7988119728675640302466342354556939162253559446181244284
11,177,188,16066268068463265759201107197574505638333111430860734704
11,178,189,32312657992411087589853429868707752050499670620253222680
11,179,190,64985559695791287322609290684532985648666236757569951904
11,180,191,130691861037679102931819967216741713234313351096638943496
11,181,192,262825205367551262436842706128834910342588457356275966368
11,182,193,528534377454089438374872885047623324974964787499638042288
11,183,194,1062836688346152703752120715675153658529505320573448303680
11,184,195,2137213178880486645513676740363694097567671906326921069368
11,185,196,4297505962137335767046224098754161756152666343013891062752
11,186,197,8641186620385218978019596561888834412683209760679007809136
11,187,198,17374722632991532843893489852538690626122173670660466985536
11,188,199,34934205011301790803911324625163005683404747609654744143600
11,189,200,70237929513241031840071339090497260229130295755977108632256
11,190,201,141215138001102482221645226777113641659625198866116946184224
11,191,202,283908833951445801526295550746465525721979612440559350207872
11,192,203,570775728775171254646809148483277991189014491528527850998642
11,193,204,1147467579294901812482054390947249861868139516351874003163080
11,194,205,2306771123522126637295366533726428861963159808800081987352052
11,195,206,4637214176908899299253248571116716000380081169792831936755888
11,196,207,9321786871476446777406965166438995210700447156925950697370444
11,197,208,18738290778270189912614866381289116841281463948532475042458224
11,198,209,37666073370533042142189387047101094565180401187157722136962120
11,199,210,75711130369051408918298082663247910895595748954500988378015584
11,200,211,152180455502904261333784444284127661010515347111055666505261196
12,1,13,12
12,2,14,25
12,3,15,52
12,4,16,109
12,5,17,228
12,6,18,478
12,7,19,1000
12,8,20,2093
12,9,21,4372
12,10,22,9130
12,11,23,19032
12,12,24,39650
12,13,25,82472
12,14,26,171420
12,15,27,355792
12,16,28,737917
12,17,29,1528500
12,18,30,3163762
12,19,31,6541048
12,20,32,13514006
12,21,33,27891832
12,22,34,57528100
12,23,35,118545072
12,24,36,244126674
12,25,37,502326408
12,26,38,1033006948
12,27,39,2122722160
12,28,40,4359603748
12,29,41,8947526352
12,30,42,18354364856
12,31,43,37627354016
12,32,44,77101651485
12,33,45,157897189876
12,34,46,323217511234
12,35,47,661281285432
12,36,48,1352384741582
12,37,49,2764413824600
12,38,50,5648593970772
12,39,51,11536720584688
12,40,52,23554273718854
12,41,53,48070212536664
12,42,54,98070319391660
12,43,55,200000427419984
12,44,56,407744898380316
12,45,57,830977883841328
12,46,58,1693023424407688
12,47,59,3448182162265440
12,48,60,7020978011044658
12,49,61,14291183395116872
12,50,62,29082111440436180
12,51,63,59163712181277232
12,52,64,120331264909765660
12,53,65,244670210913953712
12,54,66,497374151369824360
12,55,67,1010815761823482592
12,56,68,2053835975365548932
12,57,69,4172080854168265360
12,58,70,8473243263162616072
12,59,71,17204649635977402848
12,60,72,34926627733475798472
12,61,73,70887912389993582496
12,62,74,143848953612573228400
12,63,75,291844164890318583616
12,64,76,591995389747020647773
12,65,77,1200604899426808256628
12,66,78,2434493572784027483618
12,67,79,4935554693428876907960
12,68,80,10004456818709809940478
12,69,81,20275608501123732130072
12,70,82,41085419673697838489140
12,71,83,83239244690296425436272
12,72,84,168618416351889255089790
12,73,85,341516686646371318614072
12,74,86,691605040976314114550620
12,75,87,1400353417319771183746192
12,76,88,2835039456178152898524652
12,77,89,5738744155433526859113840
12,78,90,11614995530884282849058152
12,79,91,23505005501803023959777248
12,80,92,47560720309046694418676774
12,81,93,96222859228974681835598104
12,82,94,194651177806754226159794140
12,83,95,393713274311118177296784144
12,84,96,796258499936047442446094036
12,85,97,1610180902499717060597239568
12,86,98,3255728654684590377048541368
12,87,99,6582191008739493265805207200
12,88,100,13306000269698816640378324028
12,89,101,26895237043837293498292467312
12,90,102,54357530396673500428349661176
12,91,103,109849173411344827720228775456
12,92,104,221968829176539386415589710840
12,93,105,448478623060778234781443741536
12,94,106,906047915865666926636806169104
12,95,107,1830277171219554767421449710272
12,96,108,3696950890189308554185460594162
12,97,109,7466694875879015147056043535560
12,98,110,15079107270657068540847809757492
12,99,111,30449649579112213575167064887728
12,100,112,61482678786065759754415075129516
12,101,113,124132116827814184716992040967152
12,102,114,250599730428651456010961487125000
12,103,115,505870454403349085175877784631392
12,104,116,1021090580684461030976050420841724
12,105,117,2060880505124447783200690544841328
12,106,118,4159189566926892781524510638415928
12,107,119,8393236247209779993295280374298400
12,108,120,16936302879003004629517329497375768
12,109,121,34172266527172898544888196492309472
12,110,122,68944306552397603614954915589244240
12,111,123,139088160100898820280266876387739072
12,112,124,280577173608621475480118835673855300
12,113,125,565956054030890620799407837144464912
12,114,126,1141522374146004426150653555540902760
12,115,127,2302265280460455221404982873585751392
12,116,128,4642998326210659955869221517400307192
12,117,129,9362932183000818937856954575258223200
12,118,130,18879839515620925050254965729750476112
12,119,131,38067629330480424449592044617969011648
12,120,132,76751565204433125174334046196317509256
12,121,133,154735743495810802898968006313393990432
12,122,134,311938297016475307018578527241084963600
12,123,135,628810214082658016478442083710763892672
12,124,136,1267493850392689422695104712959562932624
12,125,137,2554734545240125624866650516995196159808
12,126,138,5148986919127487854313008927601079182048
12,127,139,10377009495549448917785433642423532088960
12,128,140,20912184601538403025869486794674758007773
12,129,141,42140700423955816432336212609004903675252
12,130,142,84914431768839529442526382266363296216866
12,131,143,171094925379534852040760678629433570166456
12,132,144,344723414861354441312606057942175339663710
12,133,145,694513957927278357087381517250967077989016
12,134,146,1399167804945280223411836831150872802446324
12,135,147,2818615388072007465297821255599622897829232
12,136,148,5677812366231930924061401056347614438481582
12,137,149,11436787912639693835054319202991966162609400
12,138,150,23035988404555050604257398772218070597619772
12,139,151,46396801967661427076812318276904417740041488
12,140,152,93443591737928016106195234802538843628311564
12,141,153,188187159081066356117531666102537703553080304
12,142,154,378975590794661780327616215142172629928619560
12,143,155,763153726854381696840338196158539705502157024
12,144,156,1536717719808804312156447343005662297359866206
12,145,157,3094255971817690461264436587388490367430836728
12,146,158,6230173284925934305831819906529880534924907788
12,147,159,12543669252432975378269533276565560669976284240
12,148,160,25254063333517529367128694688380352889474390308
12,149,161,50841576324338215955436645647259168877992424272
12,150,162,102350363460161057456552941371806782763206163096
12,151,163,206035148543291366004465182898190455540854955296
12,152,164,414740361728175664570460794866256699072725959820
12,153,165,834820852739537194263982447872264974127484018096
12,154,166,1680326754454376482077997940410241495083493257624
12,155,167,3382023606859357151256061970151906083824036958112
12,156,168,6806806202762649486596831330327937442507368051992
12,157,169,13699130383613169341363077440704125434733324375520
12,158,170,27569370468645690951523444131656606616233064629712
12,159,171,55480960340130086440641466763809924725998961016768
12,160,172,111646648936018757221371544812459301929830849940454
12,161,173,224662754383554683122920312194597508815327555694744
12,162,174,452065558149721650942467001161429832209443490631100
12,163,175,909611215064667871278186755867329293576463739745424
12,164,176,1830187089949834869663361482064895351601264496112036
12,165,177,3682303499540667993540698904790264232099203025466448
12,166,178,7408483164948348112286184426041993437647390513651928
12,167,179,14904718661630720474981942085006916822192749952741920
12,168,180,29985010841170622230977738523911728206828580741566068
12,169,181,60321168718159607023983185755619245538543323155296592
12,170,182,121344902065406978567139817569293358495425390326202536
12,171,183,244094933388989486172626527254696451827528268683623776
12,172,184,491001188648032952695782811778270416804870236533089480
12,173,185,987625021036173866092625138094295859909367871397862816
12,174,186,1986499509632637210112103819959929943325448968210407664
12,175,187,3995497954385853376077914727462536333664324387250179392
12,176,188,8036010214327699329290040699155386324241645043749481852
12,177,189,16162049039767383812848503886771399962309282625997209840
12,178,190,32504219935019323697148223247101540698452013010526172952
12,179,191,65368683581007759537198877441320562944570921538115852448
12,180,192,131458108808112047360999140730316867826122720657730744584
12,181,193,264357700908417151295201053155985219526207196478459568544
12,182,194,531599368535821216091589579101923943342202265744005246640
12,183,195,1068966670509616259185554103783754895263980277062182712384
12,184,196,2149473143207413756380543516580896571036621819304389886776
12,185,197,4322025890791189988779957651188566703090566168968828697568
12,186,198,8690226477692927421487063666757644306559009412588883078768
12,187,199,17472802347606949730828424062276310413873772974480217524800
12,188,200,35130364440532624577781193044638245258907946217294245222128
12,189,201,70630248371702699387811075929447739380136692971256110789312
12,190,202,141999775718025817317124700455014599961637993296674950498336
12,191,203,285478109385292471717254498102267442326005201301675358836096
12,192,204,573914279642864595028727043194881824397065669250759868255090
12,193,205,1153744681030288493245890180370457528284241871796338037675976
12,194,206,2319325326992899998823038112572844194795364519689010056377844
12,195,207,4662322583850446022308591728809546666044490591570688074807472
12,196,208,9372003685359540223517651481824656542029266000481662973473612
12,197,209,18838724406036376804836239012060439503939101635643899594664560
12,198,210,37866940626065415926632132308643739890495676561380571241374792
12,199,211,76112864880116156487183573186333201546226299702946686586840928
12,200,212,152983924525033756471555425330298242311776448607947062922911884
