# Independently computed by verify.py; n a_alpha(n)
0 1
1 1
2 2
3 5
4 7
5 15
6 25
7 43
8 64
9 120
10 186
11 288
12 463
13 695
14 1105
15 1728
16 2525
17 3741
18 5775
19 8244
20 12447
21 18302
22 26424
23 37827
24 54729
25 78330
26 111184
27 159538
28 225624
29 315415
30 444708
31 618666
32 858165
33 1199701
34 1646076
35 2288961
36 3150951
37 4303995
38 5870539
39 8032571
40 10881794
41 14749051
42 19992626
43 26896213
44 36315559
45 48943162
46 65327618
47 87392238
48 116711133
49 155311447
50 206309050
51 273675353
52 362589979
53 478296627
54 632845471
55 833326662
56 1094997529
57 1436969946
58 1882769762
59 2461285588
60 3218163637
61 4192015143
62 5457373282
63 7101698739
64 9212335058
65 11954901704
66 15493498022
67 20011666509
68 25845500405
69 33333824965
70 42920389156
71 55197179713
72 70934143507
73 90970169787
74 116557774478
75 149298603358
76 190737730229
77 243803929101
78 311151780902
79 396318350378
80 504457682576
81 641735523203
82 814835320199
83 1034115159407
84 1310861531970
85 1660070885527
86 2099786832488
87 2654214580403
88 3351444096689
89 4227142580655
90 5330617787915
91 6713339992481
92 8443588389739
93 10615515457509
94 13330988042074
95 16728320877783
96 20973257123486
97 26271650431276
98 32880260928966
99 41125259496987
100 51383802732472
101 64151676125648
102 80055803476883
103 99780277876078
104 124329880075881
105 154791791399751
106 192512556678050
107 239274567807825
108 297228137471730
109 368865032259388
110 457524925017998
111 567042025517067
112 702276787179300
113 869144087818146
114 1075099862748565
115 1328650977226505
116 1641114601022182
117 2025947055565306
118 2498845992972765
119 3081005091054417
120 3796385860776812
121 4673633018012243
122 5751036887862848
123 7072512650728185
124 8691748865088870
125 10675648519667124
126 13105178879994744
127 16076250966135613
128 19710881038785832
129 24153393142114868
130 29579107851653452
131 36203138142298290
132 44287229813007871
133 54146972986602436
134 66160440259767057
135 80811630631789678
136 98643058455823554
137 120338175498668580
138 146736678418345731
139 178832126570072185
140 217827819908104789
141 265206011925690236
142 322703515609745084
143 392485472005676197
144 477111688560534087
145 579700474295239301
146 703976271595296895
147 854541468122035876
148 1036735496856101149
149 1257201219521541570
150 1523904307978995477
151 1846196559435227454
152 2235804885186110087
153 2706401952166206198
154 3274241111407234664
155 3959671982184985963
156 4786492989657785597
157 5783227963418044545
158 6984485419230048182
159 8431763783958900393
160 10174176958183122828
161 12271649063342915355
162 14795143381980867745
163 17829738550066410724
164 21477913885932085773
165 25862318444701525777
166 31127559924955213793
167 37450119121785294362
168 45040229324575094845
169 54143373494726645723
170 65065439497675531008
171 78158664371882070720
172 93845143328232631655
173 112639080223157437479
174 135146630694225257064
175 162084265480332878994
176 194321816870198140798
177 232881353795078772193
178 278985138172691181447
179 334091573087018535030
180 399942694511694708030
181 478579951932391783645
182 572484525255616844931
183 684561593439501900187
184 818283890757660914942
185 977771275923086248473
186 1167946006510029474891
187 1394611667448924034996
188 1664668819024793309167
189 1986403573479228274671
190 2369471670497365334483
191 2825376993972224994408
192 3367941280545038636473
193 4013298441659526041349
194 4780728048500952427499
195 5693046329578097152077
196 6777178499787031110747
197 8065085365337502812798
198 9594718592624649143508
199 11410643992031184620309
200 13565922584369054078304
201 16123169319607910196417
202 19156335470110773703617
203 22752813638006047303319
204 27016334726353312623265
205 32068440341812241535742
206 38053520705576211310670
207 45142422088926481170408
208 53534439137438578405771
209 63468938764057849288697
210 75224115110831750481637
211 89128053805384603860527
212 105571427882011785047905
213 125012587313444495657570
214 147988694897756407369381
215 175137634765565569278017
216 207206747324392340461309
217 245076767256387436919280
218 289784637636660706618897
219 342553041755336075400921
220 404810826587707572729951
221 478253453575058385659339
222 564860105160428557885373
223 666963065031970172518027
224 787303591294068231343218
225 929109373594121091918491
226 1096142662306294776726963
227 1292862347068990141931624
228 1524481493192545529465620
229 1797094344485629477896495
230 2117924078166752035855134
231 2495366705951770354564946
232 2939252290603391852349177
233 3461229723731235239790211
234 4074845525087492987469161
235 4795976531788421728458727
236 5643286357936436991227396
237 6638608683282432061788291
238 7807440411398466170011133
239 9179776411457997081244003
240 10790609005956560673559271
241 12680875773722511924654824
242 14898592079204863920178143
243 17499858501324412006095812
244 20550088250447302402153099
245 24126164294639725887667714
246 28317625186113436991322420
247 33229127887187727900773726
248 38983075956736557623768190
249 45722476623792624441594325
250 53614235950319724653632067
251 62852910961348884349205493
252 73666957212441978164963419
253 86320861283468538129083056
254 101124308637839054681281499
255 118439448170065702189490272
256 138687194645417934730251502
257 162358789959009602242217505
258 190027977533202472587870906
259 222361105537593607520096399
260 260137146832334433854491424
261 304262401365422634006432105
262 355792485758579286626112110
263 415955933587998704681745365
264 486186762060427648778448852
265 568148190223938013282324576
266 663781576935615082232952035
267 775342402799366800112831206
268 905456677302498698137065360
269 1057174565081426664137521557
270 1234053186056838905945251243
271 1440211013058277331810069580
272 1680453241105054844998378693
273 1960359062781129215849687849
274 2286395643260999893703217414
275 2666110114720727952305014415
276 3108238341354873017413522529
277 3622910262767388178183543147
278 4221943666746944528398325050
279 4919014432079364035479942245
280 5729994112076062908219468146
281 6673317074526996379060355501
282 7770370713610871462879585074
283 9045924913110861834218263269
284 10528765697256445172187652159
285 12252230009837429301544994157
286 14254946032767894050271392195
287 16581741117442940961514724035
288 19284546724400624697739882178
289 22423440890162248890323059117
290 26068187347876848867048826254
291 30299446858727514156053548836
292 35210637773522799831347823524
293 40909991392966366862427852791
294 47522788567617399812473285497
295 55193819232267307829628277708
296 64090950700025281642335979821
297 74408306581974625451805773844
298 86369947226981974090633403138
299 100236159058483354932893558103
300 116306697457625915004535907756
301 134928171563284115672540521587
302 156502403118317347852977487311
303 181492961921750228861621991574
304 210434966636989326346752161987
305 243948048540546142758611482904
306 282746759771463743486398472417
307 327656601541285518244263833722
308 379631334070286383550287739879
309 439771959138638933695430525519
310 509347855934378193710638045600
311 589827239682221211837032643537
312 682901321297868968332442179745
313 790522212961823616664205697593
314 914942696514589439862981359316
315 1058761649096876042077021028640
316 1224971039460168973000747532201
317 1417028744626937580653375971456
318 1638913986963219820268990533782
319 1895216986114853660665330123348
320 2191225196570083339769051934359
321 2533035444767188527807540088611
322 2927665974339304527358208183156
323 3383203143238192780413524547420
324 3908970632999678475773534762039
325 4515682796538647537240138471461
326 5215681735107462141408025715891
327 6023199612177306123403971655736
328 6954582969287610005047408902148
329 8028664110916164634712491861792
330 9267108070197375383918027114213
331 10694830793061254177250365823761
332 12340497583119287478689061896745
333 14237088779182759451324511791091
334 16422496359439119569213158745620
335 18940314829160227141785530247949
336 21840655878477348150546085645306
337 25181095634350899382331176127166
338 29027804011262715506257068733765
339 33456863061836715236508421963634
340 38555592911047588649366330522636
341 44424362074484270271123792585264
342 51178431457245956105240881317368
343 58950143019512928107513997387617
344 67891450910628459632857831488270
345 78176875114397126848382619385549
346 90006552709930115881674127473267
347 103610368399738537101753539052758
348 119252149028461919027918893693530
349 137234217235064428432562750629073
350 157904051886543989252739810181794
351 181659598438706661258866099745548
352 208957232290594129801724509667718
353 240320869194985430705157210065102
354 276350857570032419975196084373307
355 317735037953447905463081078105721
356 365262513445020439369901574094236
357 419837153904644776661257607831447
358 482494671242917450647107022165990
359 554421981263498043628107369355766
360 636978902097750944166405920163039
361 731721835705468320046015803017351
362 840435096268545018373967859569213
363 965160409200265991239814149077059
364 1108235655102070135099649878338364
365 1272337629711413935148061842776126
366 1460530717159607067197056223577943
367 1676319387815700245420134975917893
368 1923718000088989871156535257050197
369 2207315758286964736075098606641371
370 2532364830244289130287074713184102
371 2904872049284841371768116914338086
372 3331709680455519502447851487814000
373 3820730078546054762897865096988627
374 4380921086254990250653555293266954
375 5022552444317130731235753290909282
376 5757358544959421728797675717513191
377 6598767133689368806498910070296017
378 7562108116427001704996034331290743
379 8664892092871639323028116772229230
380 9927153413867717722934778375090140
381 11371753993442384952414170333670773
382 13024809911300277491759734588599083
383 14916158409912952805060396624126346
384 17079864534249129063849715772804526
385 19554811317747752909458307316704711
386 22385416935657074065738386240293942
387 25622359009818969570165196142054502
388 29323477814465231948630107071371810
389 33554804277288396221163975804728757
390 38391669629472672740947403501606901
391 43919990225092862055844696895995240
392 50237843176863385754655119020113987
393 57457045192271722248757585101624996
394 65705121047501521933233619369637429
395 75127534658527367666432045056048189
396 85890127444906363943079423969427171
397 98181913756913922075350361840367696
398 112218474417298122078851537813423173
399 128245425170498716735701754095333957
400 146542711911122277800187488490431732
401 167429361917266100772960248954132077
402 191268880289331295240913922344795727
403 218475340803209372920734675109667359
404 249520381457750818300512564882538520
405 284941531448648051102903223800577060
406 325350361500977497812536244293028713
407 371443566761134570523524558335266089
408 424014656971065151247958580634502468
409 483966589915463195094532834090363756
410 552327344330491247054092390202567662
411 630267145284375000473081616536113140
412 719117298304109393565768661498044444
413 820393203321340788008041712378248490
414 935818838186570232310464659213165350
415 1067355408289287739388868973229867970
416 1217233736877755626890453589082549234
417 1387991909237021523159618910785434113
418 1582515069129615626174822301336428675
419 1804085051627911087761030963841211312
420 2056433097844430768698444050668040763
421 2343800980685218217132478981799520735
422 2671009996841974537367213375709491832
423 3043541941733804973970877602924245181
424 3467624052999563957270667526525676492
425 3950335564903643649240779732850798517
426 4499718127498335826201866625910133693
427 5124909077442032645142532339496688400
428 5836286831284432880193845468530609573
429 6645643792603248352069766978097862229
430 7566366372555010334341855312247952302
431 8613662696396525997497055170393095664
432 9804799802249133628219211352452462251
433 11159377641306609990640369389649928185
434 12699656551878180437854663174613117273
435 14450896418112253692392955884050384302
436 16441760809239732044376831997047182097
437 18704799996764596478571958947622428131
438 21276934959428344980073477110300514355
439 24200057733838670497176655353484891478
440 27521701603409476650706947613473702285
441 31295788775570841869248808942995504438
442 35583468197135509094904174820331293519
443 40454112415478974265840150606708311839
444 45986378834777522721485741158703924360
445 52269456138703831651742872934148821468
446 59404478005740566659260660153251985423
447 67506095395989187923439386549508587006
448 76704246651673262922885990726984846250
449 87146255510802906199880793598343605364
450 98999054875894190448542082028838417498
451 112451808026770886233910383145276635987
452 127718882721760144455115622152734456020
453 145043148701884161875240929382657389165
454 164699698399662224657208512061594072309
455 187000217885017090777922021315632901418
456 212297663596453662453590612164847888582
457 240991786862195536811127458893170758113
458 273535291059531623392852641875158735018
459 310440767393068119628694441665369553395
460 352288448312205151481090442320181100033
461 399735371526950630906285244115009942271
462 453525214089977324066282618503478106729
463 514499473020869582119025006360337713911
464 583610993703856708672881082284569954399
465 661937517656397314557975295505288083672
466 750698518838166987634362843006149996483
467 851274209736930994364781918091105407105
468 965225593491762153964077885504948213711
469 1094318286722890260151620182033096833812
470 1240549811369639905236688255874735158725
471 1406178794247120222085264412649335774638
472 1593759443002741368974936428338827271479
473 1806180167243358650148678876279106924328
474 2046706516155555457262370950353420112601
475 2319029660373998099049841829372864055887
476 2627323288708271276196905956119804776474
477 2976303858364118584616188112809777683389
478 3371301977412363129368578140089789718596
479 3818342245390956204630707268202825492901
480 4324232082598105333563672865200667504013
481 4896661704779084032259993122045029893694
482 5544321610402810009773354654126895330673
483 6277026785806087438315361252196156442138
484 7105864646835244953719995706161150761747
485 8043357802796002755126361435076643456212
486 9103648974099488300928670925159879198639
487 10302705753393076644894637134996548296028
488 11658562427275192670044107551893079130934
489 13191575464760882445036896536609455191077
490 14924727834153434548648705696629064026809
491 16883961763977340980097614596007763759123
492 19098561549398820392225467238314885535502
493 21601572803609459534545274008588583351533
494 24430290329067399018970452233062363544666
495 27626802075337262734421728199851082824505
496 31238585315053523524928656926515967822638
497 35319205921199854373593196179323009714103
498 39929104141591042944891118673621450015993
499 45136438543226843823443839984405250296809
500 51018095922331956511545165213464593440481
501 57660784428745589348170109539670908195172
502 65162281889934895131855493953066909922551
503 73632842211432764877953580076346634480564
504 83196784651307575925965467423350388569491
505 93994245421425893038014385910501155570354
506 106183214723745136153501589234845661857938
507 119941776208052525739917215388434145804359
508 135470636536583925313129025904397835114013
509 152995989420265871889146951402622824271284
510 172772754849561175149807930130819416148104
511 195088136064199591259957691621819304235212
512 220265751285820852701206720602234024490656
513 248670185521146479682424157483304561105556
514 280712128900798772681252469832113912579445
515 316854186482519733553173599551795974070028
516 357617425473879872827096721877131831510229
517 403588608506957098830153731112729328210306
518 455428559389593376489638404522986046519510
519 513881352529708968761598053569219946085683
520 579784746774417128753800963735727149398192
521 654081894165214796991894298345146921709986
522 737834611257334801466700387760738463443249
523 832237975304670675323997126568437333565744
524 938637204078684898156261527533919788200750
525 1058546294096888637639158601588962239495467
526 1193668778214855283585050889578361363811410
527 1345921986848045027868119492444881008225900
528 1517462836171801082098901477350748651159523
529 1710717945186830468663212989880492686129710
530 1928417651670350424207851380384741201632550
531 2173632985993359632185538158320138261808408
532 2449817984336494862399830302464601971058784
533 2760857793154494649159912197453053568437956
534 3111121405375197582775681835302983687983623
535 3505521753555683214276549719672338547162599
536 3949583170756216968743042020544576759205223
537 4449516870128994508350088185895468325784233
538 5012305130591355503945541030048108877325466
539 5645797963630082475666877533207676537073160
540 6358818451812018272279417672726142241091489
541 7161283360221454729955419988033278206807398
542 8064338299145171783992575473138095802294403
543 9080508547747911012746534262475484182527663
544 10223867280769730852847095624483111612427684
545 11510229134990489219773689968135163213586042
546 12957360352168967509245666029435738763706449
547 14585220434367874038613732767296773744427515
548 16416230415033130205922138932829236380353682
549 18475575160805105752802547566445804256788712
550 20791538715897327785460330206524692236914522
551 23395889756154718564842749863717057900483678
552 26324299776419001253281014126777534887294324
553 29616825701662102328485967089044949444107626
554 33318442792732923139201002432925030136384908
555 37479647649241009762189720887585032858896775
556 42157122046199513437593250998068066227083814
557 47414502391006383173683893696071706616857206
558 53323211705485397740667985321011242516346055
559 59963409520492739063148942420654619299405063
560 67425068408718953905992722719316276092863287
561 75809142519173840996232117554375779387965788
562 85228907807595273907907748770277190890461858
563 95811484888617060344206524511566142299031688
564 107699472841734746677860250165136902976824230
565 121052849657727910036035337271951291024687043
566 136051078884757847683594314905728694659199225
567 152895457226399522442801892197082333321306941
568 171811743836836606957063343770683120768216319
569 193053153044147101424610170160503559081067206
570 216903623005608679560673551928148848241099926
571 243681544649459727308530109303600320516609156
572 273743929593548398719407680578036201476215537
573 307491036505005121015741214384790721074582773
574 345371566338149101056874283866025296314316591
575 387888563363967266551734017499620237792531989
576 435605852146085078502702771645097444949313269
577 489155387844805845258573942862286297085466212
578 549245462083846982416243852860646627992166957
579 616669817338671063945122053041557863799440474
580 692317874226876295105703406253237764521868196
581 777186299636939261834119147607276942738377330
582 872391710597982530026581164964469595032238455
583 979185110119102609517710858853268708705886567
584 1098967970035477505787954210417963778510374337
585 1233310165900225058731468593434060898418409493
586 1383970020206103736918493534730688791314655219
587 1552917026344324774836462373842116325957919719
588 1742356754824127726633299522272139121184785632
589 1954759119791674112430284839387443178068516754
590 2192889888229344048994164295371993094033980654
591 2459845861601983475789210091089898125154478386
592 2759094176565602702076755754194245168217301787
593 3094516365056589734740029036552580205798794361
594 3470457871901969549401397180554353262653814841
595 3891782339529496634990768969940626388984552309
596 4363933806994914837998129713375240540114152718
597 4893005554190713497455834893112399699663435056
598 5485816325376763790726675666045818552651260973
599 6149996799373597023390324549907288762437765832
600 6894085641193891281379858377188356886932699486
601 7727636231019469543681449725719415242122765355
602 8661337455289297470844121050416710927316578054
603 9707147220895706995530780938953608022876441779
604 10878442124629305672912063074702951156745670716
605 12190184952454473161724720492524315618360977412
606 13659112129127952674513574630385616185505450860
607 15303941057234022654223437224536629359141231156
608 17145605026644547031389353453852124754948658053
609 19207512951939884360601995495201265031796950020
610 21515840203711878051998169718466068370470153497
611 24099853526211696488226243651786332519600060473
612 26992275576219293291528274407842313030358190343
613 30229686891806064992148137642879658389530602071
614 33852982126471490888159350387313148346760343245
615 37907872734563322623419255784411748704579399694
616 42445451901530650007001562935429208989698011312
617 47522823528608777172817636751099743960057469327
618 53203808429586912530511454364709785897135973176
619 59559722422203522299278141054008523452083251357
620 66670259609363972354878302099304721863973208065
621 74624464077189434121260106607667249031921454487
622 83521824749918281370408866171391393846203236231
623 93473487754832920917793835940571037594524637850
624 104603623781443222064427956450367478995611294189
625 117050929062727922275947654830186103460399979951
626 130970333361999337589177937463523405456780885571
627 146534875383707762985152038264847104949815668065
628 163937805234743368557682031403834240453355611814
629 183394947818227013678889543160795668117950063433
630 205147302489504604792781864106601600411638155003
631 229463961881583514658872202819149975132343091610
632 256645403787496837534194502989390748213631995038
633 287027081136307986340042203452578889171436324902
634 320983493210108516069147821600579136067630099505
635 358932702654600347890814837575870660406841493653
636 401341374311856705221551125472888517894955862039
637 448730369161009406918781246608203637009121492292
638 501681044075086961609828362337435268301336950780
639 560842191724543092043781350932975899311983700952
640 626937834751364252432814577180627836593933226505
641 700775908749661799903500821744457170302479568826
642 783257919362871756861890308153464195565652240101
643 875389677962079075629142591928229790905411041054
644 978293389255347363515041461937183487531942486996
645 1093220942678379415291271035672626832750481813386
646 1221568850698125685314197378570153370765916207394
647 1364894881028776057835497784026002915543757353391
648 1524936540334615689286732537168463332061595695958
649 1703631645218981407232510804894361276182382724916
650 1903141403820896416393179569752212407901225270241
651 2125875869468733651201917916125012697311163829268
652 2374522506962633695370153755065769885083419080525
653 2652077947935678174203767097921382679483790331265
654 2961883318896454859276781807242029244588370249110
655 3307663515199284042594250297341364037885465220071
656 3693571280855122842796557550358507673038139490557
657 4124235775936362132259154143016713480882551690876
658 4604817050714133583749661931649981269637181336169
659 5141066608032379029211330214270936046906671633818
660 5739394757717946656693466615515017892227515874137
661 6406945443546739212392142181156056380456539270657
662 7151680195326436242167197520198953598581587988562
663 7982470698039084396645728768042808410322030606230
664 8909202143095968453078651588945759926231455743747
665 9942889257418814114599975781701046908135124393457
666 11095803187462388518146666791721205501481316143347
667 12381614750294854819337300398649174171641708368523
668 13815553927808354638469144786644820674851646756413
669 15414585216296244767409990309021660676926358424408
670 17197604459453483418710223755416545290657671199860
671 19185658373524775406640146754104947274492417275846
672 21402186647795776509259642871234508239342613413789
673 23873293008835912991925474160623683407457381699237
674 26628046796244087808124500491332221208836894170764
675 29698817023276565009309602328622723880788538006218
676 33121644554598362655371468439476612547222499515000
677 36936658359280294502748225333603747620809793398122
678 41188533521046091259001881336984393729324569961197
679 45927004911240992680482218928953645257985591715698
680 51207437820131182471806433977654364704295105157560
681 57091460079924015579786809272098778046914979235477
682 63647665587291243675468868375802510674567803005628
683 70952401505448315086476655123010594146323186643277
684 79090633969804957228140591016665938295333234232024
685 88156919078445951814983925414897559086215204046487
686 98256478722879533605638134799692058190028251685989
687 109506396157940949182915703787747848803740371665144
688 122036943127841806454757544159421713639746856802504
689 135993064552398768370876666319533818742127875449941
690 151536011343220747256373644768412780764032392667075
691 168845171655521707239892982129622674904619841029237
692 188120097840709686419986361200531858077262943761436
693 209582760907218852020330104171194246059298200520407
694 233480046338455447977733666244214418812439811452792
695 260086552873939989950715840382610507313595942000109
696 289707664394776869937389601637921282913915727674339
697 322682997555298367592654268310982853760884240260906
698 359390208321309671079471431528502013906204877549074
699 400249237350343013431520510440786525948391981557766
700 445727003676415475767363195562191158360282046631797
701 496342645409398963233161285761747920276689294344744
702 552673324934748775730046745890955867671127295484874
703 615360657251018816898272138183456980478715628353682
704 685117885655532014703050344947577065171917090049003
705 762737855485865695963653101518342087694819267269992
706 849101786461923457354302282751474252614096468463984
707 945189129766175393918517499034277636228746758517402
708 1052088421097054341002332676057137703097772536957611
709 1171009370566168546429346602207680590127772173411453
710 1303296275878314385497785491088323689988565334031628
711 1450442930148798253482699599504313679152351060866704
712 1614109101998959022675967250109092063696238393735621
713 1796138942675001817607248669481873139826132241018442
714 1998581308333414381927449282405680482468615112631361
715 2223712360474474264393601499933678666181693952269260
716 2474060643979174308445075838394702053619439466307341
717 2752434968982793269990328759130829820512027722025681
718 3061955184022007208586931740388912659038852937372734
719 3406086550069330056347184587050597885652804889999965
720 3788677712124385008870133721559084804626350843731105
721 4214002870001636296689558125063899456478450894811234
722 4686808584009423578945727604850703258331529088791955
723 5212365750845697347370074140575793493883103800850065
724 5796527037134600575800225019151604205554406762834079
725 6445790946899046125933459002709481129159860066018473
726 7167372559292155924116338728678777548607981313664097
727 7969282115220346588744891669884353268109704353676558
728 8860412174884075435353802233069687732131691045979963
729 9850634406944731519947817807972018133939210372606933
730 10950906494899785579365967946570023672729083147052537
731 12173391269675654960643265799849477249815902365132615
732 13531588343474651977940066882681413040107381158792387
733 15040480266549653302677134314980815929569799988074806
734 16716694487348697537452115971770418282693884751906406
735 18578683203889283369776965312444972470046369857773699
736 20646921941469546885347131371763911572684044498916619
737 22944130929602682403137966303325268623993707766774317
738 25495519459814187298165924806130404199594655009087158
739 28329056618671907015080610865084761439413264170546949
740 31475773095471946600211330908333862259466935807555567
741 34970092881391086199411786750770870421485728857741409
742 38850202933999566255221462677726500894851904993811085
743 43158463330786510747171891580859461675585400278090840
744 47941859303069214466898693474513713009679791931458250
745 53252503768588410087146636045553713908755469768698026
746 59148194909789979565890670025836478425582759107797685
747 65693031954216191858033777741390014138703151361578401
748 72958098510028595081495075254971231518091556471065720
749 81022220230537833211986335322431484645203502647258093
750 89972802943697415843909894346972607119543296016109165
751 99906760443907299428959783058104695121619991361774258
752 110931546027184517862890359873909504948289413066698996
753 123166289475220345882184519300522028522245515251454861
754 136743060062583392474235674956110941980206202908345408
755 151808265674838168620579181318624141108187021545643493
756 168524199929795720355670881193964107401526207085792657
757 187070754611067199545264732416617762584691167738656621
758 207647323146727393171254917581487671208917467161939936
759 230474897167321751143312148377612880508442572439787275
760 255798396900072221133243077083421015451652629449404132
761 283889247841091997019300488792075898822098911907048626
762 315048234051391097763285541171326915164501293490767481
763 349608652279291408406572294040109461989904774366422275
764 387939817367109678774311265733620018267888440851623992
765 430450922198107056717803774728750288037050666349352602
766 477595327614758255872971354320898441629354431498602938
767 529875303148471842561478656552960095788762874994434250
768 587847277404474129058111082711913695624596922054647743
769 652127635047461103575147390694785332485184835721173551
770 723399164828896839766177137872032668551961373944966400
771 802418150037467115788674610605823684631429499014442344
772 890022256267671508903072603828583314419927452597785198
773 987139232141559941194158626381056735098755495142746162
774 1094796554853748201722074217523096778656176368398107318
775 1214132070463345343026077523570325477692287444514159592
776 1346405827631698510108284431219733237596142930469624466
777 1493013090078288433134302639129920736207689098042919428
778 1655498784035752504407435051255314167524742076267627807
779 1835573495808636656526621106594781749847917755085532041
780 2035131090021500143335487678447161181980184176214281294
781 2256268249980147691567571799471851973397882575938649204
782 2501306165132415346349245755632749948975406350496601820
783 2772814323265020820186371391958559798771606282950558097
784 3073637001178774118841981984767520888849723766395045554
785 3406922496217059361832414687112422688366253377460609148
786 3776155433059902493074344586038424765656083978841891403
787 4185192476384440044954043249527337213818427574540496644
788 4638301943002211607909087658176956782626831435473919513
789 5140207378329065447018267592063949512922237449471012138
790 5696135933066597732608205639545816466474821556026957612
791 6311871786639742900060190861940185430467428976530793519
792 6993815150659046020047848735022819679141268903038053137
793 7749047489475158306052962618659158017833049492342760934
794 8585403844254263595893454129300497001298860141167166128
795 9511552362441971804836829770675952847955687524607744328
796 10537082554188108430598355362423395358659252989107743237
797 11672602747716006837922590284961731111650293756342631140
798 12929847686158397226337837568826568903804062350210388072
799 14321797453564860262730296295152334729569848805326219690
800 15862809209834510019636120731399418582838141697800710895
801 17568762166356650085249284646412547161054833018127772337
802 19457218343230597744817838986029917368924926406992138441
803 21547599986677893288320666727540926153231320221610364568
804 23861385474383671507649155241159787502253540498827210093
805 26422325747308237694282107653701934375268107934992398419
806 29256683988366912454384655475071618561772354598973102124
807 32393499392386720375726314561729840190014203926343952175
808 35864879374417519785083003275624366138302958830634878773
809 39706322149972700267176969450156110333824269615729986415
810 43957072833037240601511457380915874947714745378683327550
811 48660516634912301899729126906633494716918137587250918874
812 53864614174348740707085559045492359818410654917023039667
813 59622380486082601179810630469618276697923107284199429680
814 65992415622801008615080491991589631393710751134413457081
815 73039489834185210256794286506856039478527924143400379520
816 80835189915862739717074491274252269637192214722250944535
817 89458632629751378156747675503627517815028165306016121691
818 98997253016087021027130143438561340962521082551865983533
819 109547675076568227989467215676767256633235932281348649238
820 121216670352454270820173530862305416892248461895067324782
821 134122220366881564447691398577321622439319547263014325485
822 148394687703589711035775833502635269327544752860456471274
823 164178106323540967218762243552746898112941458906400748279
824 181631610115775455385630748050052842446203896437240529976
825 200931007255640287365956866736414913100324412156859101181
826 222270517289101088315149092461599567904081062620786505275
827 245864691515529239440407606923198614016687333161648110004
828 271950529057375880310225161669686890157697753871811955518
829 300789813240277061110886848121791346780987954631230627747
830 332671691242164517891112240517974127424817821263947709293
831 367915520627508833521073120931082811670243970422273375661
832 406874005982246580801616856510185963047825168695763858942
833 449936667687326945756349790592770273121240240667649256784
834 497533663561923225051971588828951229058792601902545695501
835 550140005564189616043489627487068687934329286398906830855
836 608280214042644067699191607756521606454819551010892091600
837 672533455076650195147296625414616532139989397011922887789
838 743539196733903812136175286795677764932052224454113786352
839 822003465160366523385199592911883906215809410443355216438
840 908705730780740606415625913064131449636071768432953253216
841 1004506511181985249854553261033295359488485211164405416931
842 1110355755649301736382253705426219071080262169684715591185
843 1227302098584165413629133871987540963470068010284570169836
844 1356503044798073623653556423800423453270987471365527932232
845 1499236232864722475171223911158667648739781275829928866644
846 1656911829754734594240411444719291553851247934095400444753
847 1831086213483409964656746144362458297490392895149789296070
848 2023477048873553965671512116145636904622896537686677057908
849 2235979936816220768886622775606176870167058701826924552450
850 2470686723281170548262019010561078884488468598455131627231
851 2729905748945195098224777068989124989358655761612209763043
852 3016184114771506993387977782315173468209738049454448015411
853 3332332272055181068382709926758301758868304571283140599103
854 3681451097706132794481160728636399306244162125010555381721
855 4066961789242602339379036660803639445199888651391369915178
856 4492638728099176385862018219781575389283317137312156169765
857 4962645832306857506500442260375609076096518518111809285557
858 5481576505256497118430848783003298362365678886378004061744
859 6054497719669880640534163481479286008484091183044843796854
860 6686998636489830309850008355063641764175237620619712084637
861 7385244102529968753142114033784139354098099026783148820159
862 8156033636785199300311630667304613211398373773282487990013
863 9006866572806705071458868363236096191986279942225864139627
864 9946013561269738435179691909490740324637441309880109035709
865 10982595595076383078898654316471504552741274876015507773104
866 12126670992871766520670341687879447265002239880117990132673
867 13389331269332359230630727993633639464662637058366598492692
868 14782806636022477333023745306293745352875794253293597002229
869 16320582497598649888227879986690927328821505200880517303673
870 18017527469825373916845310921679371361341173063369188014013
871 19890034638067111668760852517916124927498196063917701660278
872 21956177092643070254401261868077354456993465151914908462965
873 24235879252187083841745862252650560611043754422792966483694
874 26751105429794825735795874620109659622744115740658170891608
875 29526067958301115494531629478601184209776884587517402692685
876 32587455803579858518266440755994645193568367305166703227955
877 35964686815902113299019632392253616485779375637090327902608
878 39690185402983156002683698924147761138628670300824738806115
879 43799688277002177311143529427984017323659743951441009026390
880 48332580952232556562586168132165636379866651042405679869644
881 53332268902814337891741405258033754032965040061918023433308
882 58846585388374094238946989807355345526255684828837717548849
883 64928241190995703933299080988716778492143786940427917668849
884 71635319512661297097183627251361188251669054238456674324689
885 79031820851552160782038242073591810859624906059359074431310
886 87188262560303608523079753790354159899833676204327705367249
887 96182339950657178144369547650879789282674963766055416017371
888 106099652537634521164608650836176369558848243977924690286052
889 117034504614434793927856581534051916984952234673744848996913
890 129090786239699590701037462312094392499469990468673259178579
891 142382942776641067142619722202224668812089881836656251010141
892 157037041576384884991658599128153171333446644817968949197961
893 173191947650255874021935392857999580169226585499698414997073
894 191000615089062766939312559578650076372299812471345004291751
895 210631510527909014954871170539642576872703031812945498709214
896 232270178522401842101490238458471277089560586895293084807836
897 256120964456392419249137193045051081662923462100064563099873
898 282408909407452187468569681441111723234841023573047174750317
899 311381838161921398541520244062256361677554906961260551450556
900 343312652680226309717389701913688010864813494761065351097718
901 378501857057727813954485262050508869179794959584000011305819
902 417280339342776336596405032378248470876172910782159574443575
903 460012423652466872260227432232181302652474789905820406813483
904 507099234783578046503384045338124566997732446506744280937884
905 558982401181512889362514900449642017266551832433169092452002
906 616148118910953191131290407932924605892330944766681431373387
907 679131630099355664547599644693384801400887054148060487701722
908 748522149456927166329847797409849591408698149312664846977314
909 824968275942450704415663191345550917056368404722846840625023
910 909183950880230832467365059690403544165237084104591362323475
911 1001955011809556572360832048311421409055855157232039330091929
912 1104146393697286264226743038321274663095407657067656478843427
913 1216710052074864503437628773575510236592553254939046694143145
914 1340693683060315688096167117706307438503876299956253345773961
915 1477250296368581814327088607935973809587831656507125716786173
916 1627648754899844733301586419205671555851408778917220509183857
917 1793285364336124392820578017807830786432476753083193594180710
918 1975696604873492223743903004648272733411868876077496137666827
919 2176573134746074306917746636081819036911894735453794901293450
920 2397775201131560579725591543972335332775181023939596149568526
921 2641349551308666814412226223502547528142897589432200326213836
922 2909548052363090235682341620936863936885410807006248447167914
923 3204848151122545959930879299496113870700656302207997709367372
924 3529975357571663146601881445094952677266061076243479476451751
925 3887927960453773062632453255260346094611543161458247828763310
926 4282004220828746273360032006381854024077801944393702825147105
927 4715832208646194224508473647734284906722492639825555571591172
928 5193402645782726195394520331912160931299943289110988347632840
929 5719104983110855128323957855855293226430745534526140158487852
930 6297767046489103955611993490592491397964361962359740613627147
931 6934698590202165151896127033702232038352356292011440562439261
932 7635739226196483297005835435216457128449158209164882854696512
933 8407310986623236149912470113239371366385762448928581138729541
934 9256476180085972756374268899369325229983830046785971825186560
935 10191000910915475396048095289644851561429253502821918501385965
936 11219424890885081966579506805961103905594904827836804323849842
937 12351138098642486959924828967921201196179558345891464227558229
938 13596465124489943118511578519651743323638643054668191753163202
939 14966757644950922973376991125081011251957359305846213192269755
940 16474496203801962199744190489374696048979954888693212853421833
941 18133401890477730174899849805078689334760219395930360414200352
942 19958559118851486993897298602958494448865262378327240171513612
943 21966550361632732279777842424808646107381172679935849280728757
944 24175604326091685035482059457309539890447281729632554788371541
945 26605758579714593200484953103082259948411497544554257079735209
946 29279038130163350399704688623158543434559121417895382402604309
947 32219651692164360170198344637039189013822373436647424825785812
948 35454207289634630884137207234869334297902524812164925841730548
949 39011948652934503759314017553339892565728580442560661334428212
950 42925015376913986166639654301564576066067129924997922488419890
951 47228728133377030658744690741168035820072623613204421005317743
952 51961902146141634086878305226152105090166005647753616374316162
953 57167191276319153965182261433581708628598365751962811621349520
954 62891465984190163515660096983763151119355631321020905900452753
955 69186227944784388611019904419997357180864961974548854137897069
956 76108065867522988290352229113346613928973975385639353403566817
957 83719155372572671164197927239351280853293793755929253618530639
958 92087808075308509359283467258891758395285515222946212646711182
959 101289074254320142704359932029975725732270645364880230036359324
960 111405404789384415176388249213300744510759951324229991337865121
961 122527376963431384046127810855278227352957817927890486862500183
962 134754492279195348224678820026318240234229691650963283641167435
963 148196051274709522061878259867354043581177973841285167888178558
964 162972114147755249908355988981612787500382533837284616847348184
965 179214554991082075433323533703880996162500990558171795761864392
966 197068219212220034661351317285498823462796628271251832379471554
967 216692192716186885492187694619130005264330282105307988805987413
968 238261196439980046713002060629188711240170538206961311355522090
969 261967115209163228508575875833582619323810128185669982112484322
970 288020676199405239861332126575388630315438940924442309590607185
971 316653290479073892056301856542149580201334448172145672836591407
972 348119074590946463876767075754506537162196228586284008849735197
973 382697066728344806755524817323950394258536366175063639880729308
974 420693660890581302009405530661685813681630973344652597839033764
975 462445275620658922025569643903214108002212387397336029264786824
976 508321282765581607747942959883009867396170505676490562785053798
977 558727220356027337043379574386771393683511942397327467662734935
978 614108318426723172534116572929542973273295759717883538581158946
979 674953363847489965474352541863314991974435043157943870639988721
980 741798944441142078878067593278229909589592436454207688166841532
981 815234100361868929250955536976130563545989279031924646364192035
982 895905428549350648982844432377495552138487296853820651886239522
983 984522680466485798994089220005456348296004887549089212545216638
984 1081864903986977985295052382188243289795562564377637467409400718
985 1188787174602047353267614343791019717769357539826908890569927844
986 1306227984962525204185829439747857374678533371643678921085289110
987 1435217343407919304923844802737642400068290880286720984649058980
988 1576885655306719363633862522801735254420667527821617082669666543
989 1732473469940817101022781074159434826524080915883054766196423798
990 1903342156696440829911301592401382741215331518963023477572356177
991 2090985619946753843532684750609490040966914520271621257103862893
992 2297043150092589430993595241666513794401713804427169274588673330
993 2523313498901061404782188805826505068688631242333126832678045871
994 2771770322115284921632393252376438880576440718677572036091657990
995 3044579113853996166531256485394731085472641380365483228042714112
996 3344115763915247128649487815634990676208372451220622454760244349
997 3672986905586045234940342445822160711948885030121929324405568931
998 4034052228387490888827206009497712078539914834042687427829298519
999 4430448929531904727935847700256697934798855433025318722471903072
1000 4865618518002743688263815431576873303317320614664983559706348221
1001 5343336210579603037717519155470510424616752702817463849056881906
1002 5867743130921492908375528025076973886253511230721652282175905957
1003 6443381616457501720263153507423317715196072069056831464772935167
1004 7075233922617453790693863566742173751685550724687317501492806434
1005 7768764627217931562353851974523306827568138875294414757726423936
1006 8529967103903113753403913500576627496464576399499006019185196682
1007 9365414485703218103694997883761348656033108421349586820807398438
1008 10282315468391572288081170959430056283874077211440554817305046233
1009 11288575496821952969816589262858122489853659357592346075750947974
1010 12392863807663932740316751910148423349528275547752404425585447444
1011 13604686888079968971742485652099461910450413251068404037903045989
1012 14934468955475719948888333905063490246519174241527213109614835708
1013 16393640192497984362576578498455867650288543070989969710270106092
1014 17994733340982198035844717547358389098780048569176205371106534890
1015 19751489602992135218822513379634808013422440534637000903690075897
1016 21678974642543632313086204976149609591677443911585646595537412770
1017 23793705674267266799373999763692841680316413723302405209924650628
1018 26113790645243076920233606107675157179710329009070830874647692567
1019 28659080833185939945205758587460572609449108234765964198157166626
1020 31451337839544300839260049822256884143183439341597732956350663837
1021 34514416656804573413875729748676392090683362999263291442446582456
1022 37874466122130630647135301883628231305299458275663246151820418872
1023 41560148522605717129568829053026742174921569673100027114068292571
1024 45602880035207981124175262351918815145962105664912333609628903141
1025 50037094280708018953331658228519673388110378401727417402290481476
1026 54900530670326677238004379959394451815936065936961559857065095166
1027 60234550500619997787452354085921712582497182139073836294630794136
1028 66084482917479125387645826372457338281044307298189093936002755386
1029 72500003939710846332386869860754075840009453457534421328319116933
1030 79535551258379222492735535555283254550828784633226101603723136704
1031 87250778938210183863468066062205627698547641927854126837270684431
1032 95711054742357186577046701510360767602621089672405608369624434559
1033 104988005068270585948314200575728139214765917399258717681181707537
1034 115160111659021708806270800458295934759975595447640331146834455583
1035 126313364536594248223823536174888608621933176301866684965785454214
1036 138541977132578425625442660789261459128473355431042666686062677250
1037 151949169747174595152736254776214115051432165508272625395792451739
1038 166648026000461176871760328551276597817282673424367496524061475328
1039 182762431651207762799406615707720917233361061694110578688287392766
1040 200428101806144821605365467465877728890805335896588392960594390253
1041 219793705417890988515974105792852865740603262676808489573414345002
1042 241022095977864708585656069820879775705785578826034191240152530179
1043 264291659557723963956117578994184991930240871204804354946103699736
1044 289797788876135335740000704457547137616596323699925727572684093660
1045 317754498019135959825205746318603638817835139433149637827761357215
1046 348396189221672147972595542783799899526542035719112742639533288515
1047 381979586450579171253459409575138271119060108329354895007815088286
1048 418785851296871007814413937975178274053684583570231104432462367630
1049 459122900174526500339579660884246777634080038188281939205962417688
1050 503327937449914724644425963976209127953955286397551853470771821930
1051 551770229910479252828832022968261253210698447476688807953697491132
1052 604854141962651276296928193761766053077819178869596502855537690152
1053 663022456552258905234206815785340359942106637957551262729725932051
1054 726760008742365682367762771375519633754423898264124520513934963491
1055 796597663639717782618328831287004194311152794574393534389322136880
1056 873116665058030204920103262395391409162649916058069001874274779269
1057 956953396996626419852713304471829022624417921120498885969271574031
1058 1048804591332187426683342835419861018805022249673088156360181868112
1059 1149433025187738860046275925259113470157053144005459953802009372691
1060 1259673753228173527640114206373054337855662252941899886897209877518
1061 1380440929268320892813691180973442847900390096179940640209208197595
1062 1512735262434783898602193585621309469390592819731298812142395423455
1063 1657652178696351310453361290523722397415595466851910309195084609645
1064 1816390746775485358911305981231192679415028450024625031239627590487
1065 1990263440659346652608793332668279400311661264716057222219453197962
1066 2180706817060482431705474573916020026983323892207603261268282620553
1067 2389293199364946250843971322982259336229660999903328948384411436835
1068 2617743447270063879195357022669679445613530807224569493528513973175
1069 2867940931580000288143741127078968450459428329418658827026780491916
1070 3141946813331912110727507743844315600607358543341513383871904287085
1071 3442016753790173413629692386644040888644496471962158167330031549590
1072 3770619186182474870615699225539124966467126857817854861904858221847
1073 4130455305557411758466874468358511639356547532350282641719596471914
1074 4524480913217972260352540474642726251623113026598069480382230755750
1075 4955930316081141789688037757431331611436733192757722744105693798905
1076 5428342453405671812490012592660459716707206944383691328891441528191
1077 5945589465842518060764575248589229921482367546660991520708849363491
1078 6511907927161323620163767447850352170615543958710837304952391175256
1079 7131932999844854960913256277523556054842442255135879852806391069687
1080 7810735773864707794982444855578815582221402327076754994577558885560
1081 8553864075820995268799772516076062561598450200893690601342234973013
1082 9367387105953114075082113618134554460067284044550633996422548126572
1083 10257944225495117490273687678546328735272149308519086810344123164146
1084 11232798271848494883519573277017417518511084918144040925322688109355
1085 12299893870697680449919074764715353858459783256349590191815712290645
1086 13467921154217149090659340819418537868737766815171312339566696472675
1087 14746385411166506287040299570313914841497443376912838211885966335097
1088 16145683232188882315472968206414995593960368581552515022047049748387
1089 17677185719913717741013053057213089517607519615596891844595802301533
1090 19353329433572415210267662421579469286833191439314576060576049515366
1091 21187715802342262939487044219805674733232722962249723452258905079050
1092 23195219763888372270695861460241848582242358440875821559890760139055
1093 25392108471399851268404097091108364982466800313608162367040543231625
1094 27796171062016589178740374303948778537672187464897373546577234567150
1095 30426860435761119211014947665787444602738459712567068455716236301335
1096 33305448181745902354792566136719854210849596298561044345044141945099
1097 36455193894927674654383352477343249099818698343234052871019717520129
1098 39901530185807068533705268761719378612947540768587437971047067860161
1099 43672264781097502732392372099265503290381303532107164008040114502879
1100 47797801433762420036198802332958290213748877975165122341787617199867
1101 52311381209448003623404476177311159844704918853403268678122729882670
1102 57249346133751004298577620518531191260500385522572626181240643033718
1103 62651427242809657337733340922245981189696524003398492029868802891623
1104 68561059296591205968361107232021165716178451237095540229322860105596
1105 75025724483797460219887818243635206691211520554297183412073889928903
1106 82097328060101379044178844254806057986794807373517939707108935902118
1107 89832608555320901805339876966800204290799651595421740710748463512736
1108 98293585926698460518389186045705827223353113995199312578354309957707
1109 107548051053617473649732279317089901783806705651692028817308550535284
1110 117670100519746223689950449718455660520020812713117252000331488734711
1111 128740720492340776371228696933140220657876615080402181688362124232701
1112 140848424776467560794538842908955848441391235968056577379389814687915
1113 154089951404131271783661608354430273650482240481714262564582139063384
1114 168571023590978716812074833468429180115010421379124039685422811658038
1115 184407180696051075376460892739009698480996730651720200059462453570914
1116 201724685909382202102504344565838700358447179264341798424812719880207
1117 220661517075581485687068225056223100242495970983704857831061246105463
1118 241368449306538411100800884432661662943917440681147718549982648550291
1119 264010236602400240486151674750535583165643390146744665190614086122929
1120 288766902585224364918946088360782839087788352289651253395964055065774
1121 315835149495516221915533112732681321451400921024475491570166531747786
1122 345429897245600094415243870027783170615168550060155132604100411091476
1123 377785962956560685003147146197238659425199528456990414784191112455017
1124 413159895887725388661025659023875889714498351439765797458683777777396
1125 451831979758898842185809344729916342138132421547530599901323816825921
1126 494108419343802372579002425534937906600706150098489462585787940028642
1127 540323727834804329882145861590191653865134721079607554273567531627553
1128 590843332595627299928348532150628687087164426388444506776423256134393
1129 646066419764629362589824249378846110068766040033233270016845884227377
1130 706429040994880765973626251051230135336758037491326021687883518397623
1131 772407502280781140008000090074293723341154748071267414587774575105436
1132 844522065229861427334996815556933832914736080074079825501455314335468
1133 923340986154588837523272298176478653825544893176798497737694161868338
1134 1009484925387408882103515855743085115084895087904745539344975123490980
1135 1103631758658395882061552037059070708247902921349059480235952047808919
1136 1206521830802892814209603852522016154518180289195755024223373387105631
1137 1318963686912807765330032283278321263820118130376157367972455880967052
1138 1441840329418914375222180685142564416062883296455375294717844200425107
1139 1576116045750827485448743249977558728841283404210983993292097194379769
1140 1722843860030318252036991135108905392898328540664459546231117665403324
1141 1883173663186638218065116507762313252609906529175886539160310802283214
1142 2058361089082282833404589236313365728277230106429000328267087138381847
1143 2249777195052617770141879038489851704340101896388062569449830520925597
1144 2458919029260975990265666964371199742675344865952560319306714287177393
1145 2687421159797733076999640468012692515464724451480712774250963356351729
1146 2937068254943814696323439440300865271855048616309024891547655227151078
1147 3209808807115483568768636381842993901817386077838902642910464765735064
1148 3507770112071595177202760036520516447082205182362474941223896889403346
1149 3833274604313253990867539954950388809985306333840761056780799898408913
1150 4188857685417396563709694696410936373354786804165551549129651706095494
1151 4577287170824224652371947683469302113445722047650368258289508961634968
1152 5001584506633401491546667502650951212575424318058129607896370903340935
1153 5465047911234765783777870348985764137596825067547314657528976608156222
1154 5971277629160447995383407928773888183443943024208260386918415621877015
1155 6524203466963925101163623272446366704868924049832315120574271610764564
1156 7128114838784200938372695320389973331387202379404881003341375041122783
1157 7787693536369702770427244191910599588437013231104478238255677173274904
1158 8508049473667307346549486240062619076087697031610240784673509958989014
1159 9294759669023620973191712443943481717590550856010793922448620332193883
1160 10153910775920637913787700322040040629188187534318350545829536283409963
1161 11092145450745938186587240997701881892545846469019849694353966809167479
1162 12116712938930691701819263450175558303862801700879094938075108941318412
1163 13235524235511529784510218653545145727464657307411045539785379336636297
1164 14457212244422827807085073226285982040688729514387819491431316441116452
1165 15791197376355606151222570992385231754739290494989632123930712776023919
1166 17247759103293193713359172742554809870246994139057666928440175520274502
1167 18838113958101514004910812759716157679902406643468599103480960231022423
1168 20574500612585462849086655929574301724351477746448865862250328246917827
1169 22470272635781012599527429377936991598228700068370992835769180059673151
1170 24539999641067835847610593189593544889738686303309392775810214792026514
1171 26799577555290689530292148975077344370072626087807614975289845521433705
1172 29266348884375487562132287569213021024290221569133849890809439740813707
1173 31959233790254202678825430135862725862121969919788475029150519698562576
1174 34898873023958798763488329973402049314192449395767048593323299524105318
1175 38107783777775488602567896853401840709080881149719239453683202139233613
1176 41610529527045232994641870139169882512127820290394031585330594796451922
1177 45433905241673340479113334978817568648333566181289438860296351698203903
1178 49607139314021795215705825122736904674969406381515482991400705707359354
1179 54162113584963077628614363193283482419597693489357895469015245224820410
1180 59133603271304357225699006537269544203891214595121708989215559145877441
1181 64559538490226612141361882119484773693479028933097366071997920691789480
1182 70481289275245470202516791737804992025647567756841313540135254332805914
1183 76943976272384266474019339095410700322099502170409802180563340646496866
1184 83996809411764521261508575845941795272163992359191078794592961958243491
1185 91693456956901945935226209082863359174743395688943844412228998080356704
1186 100092447778697401952487466477364914655530437512617836541449783293698105
1187 109257609820218794663660658008147087810668134474555713281248618299193149
1188 119258547825054674876311891122718218157309573143990343010608062829682685
1189 130171164063810583043075348724567901164286305043932279264780742723008729
1190 142078225835606235712073160683322331784015310722873318599096158468351553
1191 155069983763796067447427842003031618356654300760825294077648653252583574
1192 169244845641217338334779799327641810120113304955474134543731723901603297
1193 184710110800772425695506926311146063425016754330250928859215601991304480
1194 201582770087782994723708343606196554025801772556433054712943058141215784
1195 219990377727383811402232136545599786603081162373421167501867263098973569
1196 240072001265276114308248582180951572434183798047078298688046118805867011
1197 261979256487612212154363496150978098564819063846527131249075648484068365
1198 285877435048012423604614255611813954202851461122015095977161809567037974
1199 311946733194357965165890873281090388688997963183657005035544096921844808
1200 340383590034858091747821692100132878056204957339391570831206854702270769
1201 371402145864473577601908239856050067282722876861986991871494428768625013
1202 405235830794052299870092887356240826988183406754422298980979466971165839
1203 442139095250381091732258918632626789922585405616152162152163382693369655
1204 482389295071627088798775594620491587099337205908808568476517073961732735
1205 526288745438222845401442710735585956787234481700055151049936909216105016
1206 574166957428147994101487199950199956327992781663194643472028477140370898
1207 626383074917376391104472469309180379590969093035871383983514495029920704
1208 683328528614396450566093722995676389395083832945076515929385949428315577
1209 745429926859926307400281225955590526532680356381593507334403061169809466
1210 813152204061915729437016344298594220758512097687760246561925956377342957
1211 887002050507334409240911687059634880676935935836042547639819956600660436
1212 967531646579710919619211266170366516267098453441207399802729246206838529
1213 1055342730908384132601131558395638236581973782452777043384079503592692162
1214 1151091030062045917885273860606770223270949531631868125396155075647179868
1215 1255491082968799948702616590778464442879938301323403874545739497970913887
1216 1369321493972306298906556991152495660642903296666267638819939379217713258
1217 1493430654964719703137177426656610018691925028528387708289782422568524877
1218 1628742974024730474613637665029610914083115108116051226877749271028229802
1219 1776265660107495232617584801833857275711915494672844404312259150179305904
1220 1937096109245820298682311648636970839165636761292675154371946765221330899
1221 2112429948155412838453527375492781973476262633626005107910608416831890215
1222 2303569790833701707527337117876838989960478747437199900000256602100301224
1223 2511934774827471269998563314398291199143054425796873558959838493295386143
1224 2739070942051200607348247141646941523330984543596526601407262020371853113
1225 2986662541232899273820147186464989043642909215497709291130360952983017941
1226 3256544333610204824382361384495194213464654675186285387153369601559465800
1227 3550714990916296110283135321367257191652048863469788628774138162804601159
1228 3871351676673893383404563821138452830143278106227245964968347322232929621
1229 4220825926049734226414977865276008189208127160227729334114238969057089955
1230 4601720926963080622050013239873595692599523807090103343237302634740563032
1231 5016850335259751439276247372395151576050803292388257054540088645380587170
1232 5469278753689415015657615528551065102006861748755834656346900966905070068
1233 5962344025756053101762865733771939579933023877531163635031697827923896851
1234 6499681497425374157141807829791844361492931567176172669526899720403913096
1235 7085250431938048783678624080856119605116934422744184434829856403187500982
1236 7723362752956256050773994632865482648783104789906579621181259369616684412
1237 8418714333237144450858394513521034476185430350945889023871031482830806673
1238 9176419045381633569230956301507951274953431230984361592434156567541338520
1239 10002045824892719874123780669641291234583033475421372889371933374157434366
1240 10901658996931430275989741509296373058876516976936697112212636926656045834
1241 11881862175635747674210762378677366002723621856424254392864106868158625319
1242 12949846026723985442075414850418830397490826987625301377839029989570226886
1243 14113440250010573549481214337942851289594076864264296977797733067792165989
1244 15381170142890181210423670219888531345586814989776014893602733833155216090
1245 16762318157089625176235736818112924343536329842541266869043400688429169175
1246 18266990867677354561501458651286341100498688653661364734981015514552355332
1247 19906191861765351362824522145587196069643770459518820158074724335111602279
1248 21691901029171849377270127106546949108626327366790389713724296490844350915
1249 23637160845724461476016043592209450308039195549268626895900758983838878728
1250 25756170245726848311853559785630656615520021554544383808042697255121708898
1251 28064386765803614843396953153223157468490417842206600566072173592774386185
1252 30578637652268798775190825067838637717663485699748097324205341089420866660
1253 33317240767138782708971498918655762097604451508563286287067431754343164378
1254 36300136100552120325060641032230220614083932012741635967180170157447324541
1255 39549028853607839453436912334908171473109600528359177526384039134022062491
1256 43087545083906651378900875157765692300566403955491684529902590443519203081
1257 46941401037747916383423275186099245064361772507589549326462919249473756662
1258 51138587316539991836923201565276625864560567871782489274618909904736022216
1259 55709569253388266617182580256801904880581344331983185435635925585594579866
1260 60687504830647031800192426145688477662018222322041881957374471989867551615
1261 66108481736366081206960606026004121547363469365748101246618405222456675100
1262 72011775196469303029271756912342740053957403027284368613307428564815411143
1263 78440128431489684944331841667752012656404438638433727739159081508267755626
1264 85440057641949421126502037448044043662732021699715267733119573850655411138
1265 93062183777592586444606043980710495452960531025164495660204775498128072491
1266 101361593305933724843324003845006011754754264886078350257852216609301978528
1267 110398230603563630131858282933062599288973991777826760471814031361044677624
1268 120237324662217935320863013982100517628540557759294906533710720758624244432
1269 130949853176395942734583317531547352932580320674864840994911108058127047476
1270 142613047139787810182038670199093787892913218152425103688293740922531342466
1271 155310939678372769607438783775169380944263779267248653133391749124246681887
1272 169134962763381234858879469594213514082741582451548665293059507708435132251
1273 184184596088663021333640583882523133651878658958495104391809035154965937688
1274 200568072707206623359933412591715693001611384975226052627488728648181445510
1275 218403146170064280892981691944484789261806803108777151193673217682810107884
1276 237817924702652197024652307405008629777556970721609317608359255101308287324
1277 258951778280442292090759274160270156866341643845011264527636111127907107325
1278 281956324640466839221563115924491633356995504987938101224627641069296991010
1279 306996501443243061474871361936436702839232062020856708062786998284879463042
1280 334251731917837206426835985885475349770882729556283230235348291132057267783
1281 363917192056268085303707366877053050065051594158003808574004402377991582552
1282 396205188225832647600547548341783286456628613489919227822558470052317081528
1283 431346654904385646881117778133145561252209994966737610734102065961026403279
1284 469592782702702225068397563664222147592059577916336237811260950985698448770
1285 511216788162267117517954644436131327987593948949399254861947810756656031356
1286 556515837713555712221484107068001230082581756472919529515264040551673372993
1287 605813138828610740565433993858226043335493928372816038223035890477788154729
1288 659460213131499720110941134657835516062693618092766161617397725253215952955
1289 717839367315047852205880740485574178408313673589364496280625394261474848332
1290 781366378590758489516670435495033421576719676968756458579166110419050324224
1291 850493413565930065613912627822574677350594670635071089457816076028267222038
1292 925712200950824060263674567174086097203425711230899915270586166513343573816
1293 1007557479357431456399505274730766289427727097785051132299635945988520252379
1294 1096610744717100465624142776202379819412099058948202768311354264568304995227
1295 1193504322954923937528275400239202452026892950907137936595968618318609771545
1296 1298925795863394184984833696010507982569331835901271270783898859430820902735
1297 1413622810823111424041297665673741775961729593344418048802603038633368182006
1298 1538408308040776238475087237805827120470363400822591046833106587225346503982
1299 1674166200160391014734505171590376629526369486494484945396448133337098513982
1300 1821857544602219646614917498015802923135299607449555442872810068309639969180
1301 1982527250562519561718448097218186097543487212127937145421138205268478440206
1302 2157311366713037930638234427413363880327501724031037943479597837803796733041
1303 2347444999522216774161138294260966293780170751115560033869254429966676435082
1304 2554270918055897883129931825339764771075275362035180740819951987918065210541
1305 2779248901719721235131141390359359201127854250630605743034797818818323928612
1306 3023965897815438648269674586175941084944400530614703251875749412933755696511
1307 3290147056926074975998053562947442995040908659533152364845445234721869614701
1308 3579667722372955907434807668494350416250839527202275323774753590221989145579
1309 3894566455145795985902375590146008809643800860369243229994698197427571389306
1310 4237059185844794513099724347757653674094514044345485860747184921520319251203
1311 4609554586278332322621891866997913851767966715547857145312684871045777944618
1312 5014670770615181668834196785213652714234212243441042032423259642566269676456
1313 5455253436639285432296753253240265467586541615434026938361518672706203571036
1314 5934395573310931736249400936647016280516309710521401377016438243533477162213
1315 6455458866355726487520613342938187761641316079080244656408110153944571332506
1316 7022096953608566680927282646131778281537192258266554432322099691005364801649
1317 7638280680123970584805943937746078858507005751625111606549899699046763059764
1318 8308325534364579370460986557698055619429076289328349148969998519625753487122
1319 9036921445119896990827148158573753006511813172275133828625345410406086405497
1320 9829165147168948931637510639122811117054752231400733259959644651179967752380
1321 10690595329901057417357399819603908486367467379342710568427407271274270750944
1322 11627230818489043479688378951057652647070479881250942124850591143768175160230
1323 12645612031639710148775108123163677206217517578849425747652490126734856037469
1324 13752846012546262442239548689082433860305644833068267276189176051663465689968
1325 14956655331559414638622656319965016940994490477911248639595352488540507851776
1326 16265431189168754516071287716243286423799712607621732055989931161777513968260
1327 17688291084940354385405624923919579926941370888195175870468621157065965750359
1328 19235141450094383012016589195996333155872909468055286004104528933336281872832
1329 20916745641750321827424972391930581647099370624791763042179990493577034297230
1330 22744797793117358454849848101986590354423249766973517898980803754434430024979
1331 24732002994849735788672969552876549762799943032912948127914779071340714084029
1332 26892164359977443059493130610657380386535293756497343999829414211966770953559
1333 29240277553000592256994800110527572500908422068035701939075750671634195319205
1334 31792633441217454025817209476114153848186686631043656005197715234489867839966
1335 34566929525067071598266129893823031384077049806885369340111249244727992065569
1336 37582390940598372908882792126627561553854836357873627653665700014326094775247
1337 40859901820692802897625317774436508802561795697262025827087634047863421023401
1338 44422147910505391011884845884480547044714826212865768482211660324483714597699
1339 48293771389981700020945288371912688758434814043651522813868508581795737435185
1340 52501538975534875087891210824451707536972852414741884041978402095457905769397
1341 57074524370375485866424696407000900278713641750960186227398378425732699448638
1342 62044306360899804470080615494718530299626089433466490819782551873511922167533
1343 67445183841271661550286595810147930467372800467331670798841792939293800635414
1344 73314409227474921265452281447815317651184088584671412866510379395274231166454
1345 79692441815417547408604189854077943984733592576034670233711331701903071307022
1346 86623222825269531788352028089741405830579149267250171745319828352944179294172
1347 94154473889430165125563742975223329056817055020988879566009110837596970709104
1348 102338021087200530151293245303220057866862218409907087042048963294427242658039
1349 111230146618776122899234056237883317549399338560633032421825722273828347052691
1350 120891970503862238512328941935212262899751699555123749661721643271664375011503
1351 131389864836813020526535798943304147649697214530432282700871560289602893560773
1352 142795903436962988784646068625735645647777299319872198838710809361756264484546
1353 155188349758931362911850393352148153167047190635893349283783070861502101446125
1354 168652186478740367581576798149825241016695974056305882925363627926149550606538
1355 183279690184090999828695994666077876635337039678223676322445733338824738268977
1356 199171055036519400097683831893140789554080308271446630829930811776435917368657
1357 216435069538128258888995932990431734711185322763961835103890312440974598466869
1358 235189851008266737967391340320844645180341879222270784237946102211859236373431
1359 255563642460905794424795774924173334277269148593070601777927619612227188644269
1360 277695677425640118443325482645759565861831413637582867189746752386434752326524
1361 301737118282422232953703975822578559999503598686493785808667486345190166813243
1362 327852074426615047271230413096661236382510512485662260118779574186006152188324
1363 356218706977383325084659347140179195946686769916670009891758756047237820495824
1364 387030427510378865031436434648573249925794394031293133740632541621063301813530
1365 420497198477267292367210813713398721343464966869792540378792621616483987980716
1366 456846944274171931113152999145266686439282087617274561861973623994480256382549
1367 496327082075801925532333005153636373620347600466316405765212651716897280069627
1368 539206182673248046457642655722804008050900688442359764177069927695024515413133
1369 585775772218738927681486819543397176351563948807422309393923399965609804846177
1370 636352287063047497818614474046579724481204197101152278649565027545462607641357
1371 691279194130239501935050099055530866305180136666875975453699901120601855717499
1372 750929291399341359460198297516359455135049910179520421390924663844943096310343
1373 815707203270849717869149883932854726498659388235632938730442262113342206883916
1374 886052087509118090571275778584511645790583306467287983968444909099421832773528
1375 962440571458793375654907006401894995785857883860411243052454605906010629221370
1376 1045389937173414461293461776119037402685506040790867303275604198590621624887112
1377 1135461576136775499065378171848750560846675739420816476481806030235909574216399
1378 1233264736373608288721568831888514349346656190959145324413033934381270914978490
1379 1339460586969658013423990536765151525443345071617312199521403738640917963202581
1380 1454766626432126897040071531563515514966345434090252424114981132383049116046448
1381 1579961463583415485913159547362365390949922232767623489490320208088820893725811
1382 1715890003324902317550119872771379624764592819623088922330637677616984787402506
1383 1863469070337628491926747037023323364171958687900402675211616067039218333917668
1384 2023693508226170638607679328420810725909356079661593724422669338875040464153611
1385 2197642794090589413771495254293758556156285456747700797212840785090037001506729
1386 2386488211638815998980690140664656457304971058397245887673619042629789927945439
1387 2591500629918765926806921053660352631592186840916991868259442563745129163591938
1388 2814058939098495512841247352027061665869925902467674814235432979843330387590547
1389 3055659197791885956182881083892499893487953264230327576644391125613384987784366
1390 3317924552077784490348478513102287022360914193442389352522075997269654727034416
1391 3602615991544056842759315655997144070419024857622203387641964277555992175129094
1392 3911644012004200097687492382928114592291019955909682074545823870888278529748687
1393 4247081261064565269874874489272394453933455190521942644015172063499393789497866
1394 4611176249913792188942073001876054810682013229496115680642942841893968482398118
1395 5006368220053303793015897237679920624150114328198787252788806440462749607132431
1396 5435303261644508927781442547180263764556194678881648488859146288656329097899364
1397 5900851790025326862579170022221945525355295608199034710228661724122918884140745
1398 6406127492416752902447936144552729187224994028984150554338999287394393696510584
1399 6954507869151778645657427635599990583650793627025824540896188528023126047429462
1400 7549656503462847458778659796304671289108856665156797767828624026256731340395487
1401 8195547203992277578628085667034608393639430515133096550191392457604577942235365
1402 8896490176191220487446477123196274752128692297584679396118508949271442617290458
1403 9657160395422061918045122129064419803903719827606730159382598054632537384525757
1404 10482628362746183693338736487094275170192432417939610618532494384625975835102904
1405 11378393444809685292008096807076826632259700991140027981185508724230770166471182
1406 12350420013659841149680197869319515412190767897007345642458678581094239717946349
1407 13405176621840838951755348611617935875736427884655351003892669050624837024722434
1408 14549678462938338130740257350066072886234283075348218752941961149906834984879326
1409 15791533398737257136836888849384032785944596706886562567319627172663276365942914
1410 17138991844279570533241264511736979506666155992755352168442094607196617611478021
1411 18601000837964016888798830753050210639884712452328328570851174462083314179466756
1412 20187262644394357201756315359977079688815915767709325401052994147062662861366806
1413 21908298270673930327862071703125275983296747239643672241434741841832767196241985
1414 23775516300237812762049692084401808354953178846259213849205819939686090410854823
1415 25801287499701941178602282849399568474012807612493388774109820179789763417626155
1416 27999025667236050310185655407745533670716055581370485168401916891443295862530552
1417 30383275253663186792977538260471436129054725955713251193098848096078471977887196
1418 32969806314036765849352938512734936271349461493899671595881413517587229821352453
1419 35775717409668501547259826492903141837147487664986718973546034038195292817065714
1420 38819547108473947890433490817218959078282204564843570777985035111278316805203769
1421 42121394821619964173255329925871521349083951541596867950549455290864623827727718
1422 45703051731135414155896724792267678576616665642437312700035544855464936089255773
1423 49588142669034212024012245843134988948264750515107469334454386804998950741962426
1424 53802279843896332365106629236932823524382550105160198738540517416831672650080494
1425 58373229419333506927881964142642603085342962208077363744679496128579814119986576
1426 63331091985090270547299352728695340525257505204691742259515255073280516687471919
1427 68708498118755454127083805028121199072545685682791792387453810021006213302824608
1428 74540820247581635216430738252289961639932220282013912622933582352962783260759868
1429 80866402199734437363788605001055732214374118844376850166473532934421306319505234
1430 87726807903215534497894896304191759875240771690778140818921070772738849222843861
1431 95167090819378004284212121060772986341981225575041934939315240363473258549908583
1432 103236085834198540822812384020531459240259344773845975172857164577663935902403891
1433 111986725505652464101716051378717135219084539412540512698950354726092451555782441
1434 121476382615079229076462763083435417438167768986066950686899943341139272949359300
1435 131767241293010725219744535166276103458556807730629271688408957170664425525291822
1436 142926699028721852528583924835623770517405206237255508400619920442670739950996361
1437 155027802164304344394968013860531137292777249338435152788179873972767929244013128
1438 168149717604375372367660736729351313409635795261584628612053908991082898070222464
1439 182378243823899692869803768952085476799566004753427975627716779628182428834957917
1440 197806364328101115000644353629147793510190284353835614216050274966017780999607226
1441 214534847180251650327611033557763776031492509183682323586117892082094262456247789
1442 232672894348800479860886680141619202817772829642418188576223665998909564211084356
1443 252338845042717780953164514548764684743564885554777349574122267029351554053472793
1444 273660937446420762691166893935789265468805850283511420153155437153675967440425259
1445 296778133808465900045997466589592159077895753390165098213612374388753561702430305
1446 321841013949682364547692683536916491995968296040541712152212207677029156026476675
1447 349012743032942008261451970629429556680728806862478602348838425230277709995001923
1448 378470119614462126923519488937194385159705394548014994578506109915901863420190594
1449 410404710684047919743692577094546622433773935804068246209699635950278670543680623
1450 445024080801854194134814507278255619331743290753012608970019865175879045050998474
1451 482553123276833425220143900521144736228910177100259449963542333907071943044932631
1452 523235501572182821504805484127845732000114429460069361953291964918466076178642034
1453 567335210297739620176436535322220498426200247066244843747472245610415668466972884
1454 615138265475034844869716402388881694846912936048192238209941959761839167639919527
1455 666954534871235589864182394379677325466987437297593489263764097268012233973454370
1456 723119719821305216197192608962082947617978203396897862697353776842697676224550815
1457 783997501307412632419738573497338475580952382864327093022133712578944854897887016
1458 849981863444157669876119952769021563410289936809770039551400447691809802291999550
1459 921499609404629210572042813711644936610556300061645728613556618432843528671820712
1460 999013085389659696412543961609355302126585780954074827266709077975768813352075588
1461 1083023129922672240387186199990898765891871158451586691977380876942806649115812184
1462 1174072266867860765729190522851830832651315428909946375366559663789532442700379335
1463 1272748162622278118195758863874842315982795795071539559027503586791101856513555779
1464 1379687368662165410101287047478858219629938915022102718870068317263867519488711705
1465 1495579373553885252252663084821419035869959675846453042861939466994786807510570682
1466 1621170989435813307080542845210318582717575333084987103656150931724509896442349690
1467 1757271100787303669903964532580162155591768668464956521494017746413735133772579753
1468 1904755804995741542557898010968213610083367795920825981893914497251234136807027114
1469 2064573977484477265617744963901541826326887040241442112276121663081503167742798452
1470 2237753295482735718307234380230515158993111880418010269964040545909221014347072028
1471 2425406759007248385553882715636280819088385209574323166193430005881753275734396458
1472 2628739749318973121747360769151856054191618011174091783589011786646288690472661863
1473 2849057669342810621706218750937071564383981070970983298345599287212968910311104747
1474 3087774213432945656832678022510616564227234921744562843506554473756455163562683601
1475 3346420319035158635707464321242655340360601838028124190482319152884097514857644527
1476 3626653854880201504329529840992552751028912067438100672620972825576997336740685056
1477 3930270107603574545142197565405967931465149266738855960958084782981319825360343397
1478 4259213131198307113925987030123938439895386567852892591015915904272370133988656458
1479 4615588030729798521738655141820718382167773779331162667578513443728951325365187702
1480 5001674256274505213894473182526692908362142734461292559348567483571852418387347495
1481 5419939991187976164160208793496119358195053928432943044262167796451873103577773275
1482 5873057722404629765975153063769862853468954255350941006868580326368545201800889313
1483 6363921091448934981774378126754474680367314610451191249285794206862968184016291277
1484 6895663130588767035609370893066538089012341734693007209654218084740595404220582617
1485 7471675996326444287106051515080527664292405944338095369684410866627701361620216936
1486 8095632324538747775824892859861096097183767260379353096421092581705389642850547286
1487 8771508340073475279918679845023914532841112044334440670907950016395317701466839061
1488 9503608861443505481294090781203191102716005702334542116094844233094207961294986623
1489 10296594359658365761269833409957810409644286424395853871250404117852026464517132594
1490 11155510236885915071035322867295745026811695509027419762048103936469277962168605496
1491 12085818506209963570369884927009748900622544624396801308678056291667423392548180213
1492 13093432069785229909411688588773285389459892283056402095029502522027628863053599808
1493 14184751808290941221267414843903238538401799395384860121356910739793769449643836624
1494 15366706708406733103569005049769746229721939361085704184718356985170889147542889398
1495 16646797279990921672421803474749921147232781677244148089012761173528537209179250245
1496 18033142530296023317770751185368400626194448607917918454536070559247279640642824260
1497 19534530783583914517560805449270389414890077405890053413361760887931916061139044354
1498 21160474662875288219120559294548836335761016951013796678114038087360629512660921645
1499 22921270573383463818670343595840865360204727621940952892569650036835995475301941760
1500 24828063050692899618338556360430695364889017651987058002675604299397044288106492133
1501 26892914375422621810228718204463616973220816474780058866361448138246132868644706707
1502 29128879882730064715333402500112254164131031493961677057044065973576629335423959922
1503 31550089426098527644128240962629947297544382598489673921654354461720596890820069852
1504 34171835503352596802443936366275722214755110200257235653487109023015998983446953077
1505 37010668585069217940132104707610704560705032525973038401475308618869815587932962893
1506 40084500228466846653070999782378445115695276089765116197009234086364141766553398922
1507 43412714615902785867069680564952174334486442859985525190894803232663242704804033717
1508 47016289203528569410497176485701145748473278340737811154361720667647724630487836131
1509 50917925213358579206275223226183689899883559559003740595049350978739518104177827882
1510 55142188780853708003942983581252319121779300153048912035080787227021828220119202203
1511 59715663618892946500155087276374325627884800435582345723328667633024018849671119310
1512 64667116131437620581330467893592598346235260586046650572968140480571380677228747566
1513 70027673993347054511534724441428435847240266406018031929482627524432937113951907729
1514 75831019295806407532220056550176192939960328767108809554447399763943894770595799649
1515 82113597422695025059391636698034170696333738729248774218739195502223016536296791413
1516 88914842957864862766027618643171967773693472482484665630673242020583280028302922172
1517 96277423992505881337387259320562272788281765653433716247342759653644726852109929745
1518 104247506327004795471621292331634623122138431688245169994737692986658244891054931407
1519 112875039184587991084043279443181006801612022243771629983621136511093784646738312544
1520 122214064191762384979803209376577134767737429784639565261690027225182289279326456166
1521 132323049484023809471306001890333130753901084813361037775466915301739652563824071142
1522 143265251012107838348387279493461641857976031122617442548792650806482689859965923016
1523 155109103225853177700375508557716627503168549762325516405689494675680935784601526182
1524 167928641527745817592939990351955104837609791664120728831590924079058938784489504278
1525 181803959062144122337934030394229692924682065755006698866693681771745407311459291503
1526 196821700650456212425620824902485627937410784668838473323743890992156715038258749686
1527 213075596824227615414929469175092304698076349166099962566212163913759158136689952891
1528 230667041268827371869858071381489293472099196148604202340333498260980677683699407672
1529 249705715141312793801700972869359701951926316270644079029536302853645075244162738584
1530 270310262082746933724963248388442207970586849424131605517514603621543450220275618143
1531 292609018001063650192114615596382938830816882479169912313113032639129084407597201252
1532 316740800111453867752886629790115869629424093425723369141134137052570620043188928442
1533 342855759924052176125886169977195244447927115792781529394927106708259209724736431756
1534 371116305470167942865705033895947161561172505833467762526481094501911556555250340508
1535 401698098260338001246620190439310918175127485465925734647667740662979323418048492420
1536 434791131084228317704386020200041717403805554400016783703753944732102285176776070117
1537 470600893113331686388230616426934101619686853919263658471134092986847892880812611198
1538 509349629453024042338349375029996464776521009329033705435338627354451334356591606367
1539 551277702657546180330980399171322452401195181196919806615563960602416697014074911983
1540 596645064514017196551349947107177001475718057008798495073963973491955123436022503535
1541 645732846973621885040632471511060665648070495881290287440191800582104911034146344381
1542 698845081872830118357927422525885632262396013971966942976917563769187720043395832661
1543 756310559692866527959324963142694183338885992858655516602919007818566089667784653841
1544 818484838824249335610649730702594507990934440534609401751203673391636632613546345993
1545 885752417174920287734999956742807959080580167770416057073817313683162949804762433454
1546 958529079452006805727509080166178187252762970166435401126627360779988119522263364695
1547 1037264434102924851794036617543515400335410591369692559559051323322523888773838011469
1548 1122444655318214566704016918111183575666917290565458673633446900569319535044889553466
1549 1214595446433265798011774540816802194417615369077922552506966443529447903756037638034
1550 1314285242841828737981633775977434469060336576795511539334207164156909705597447993495
1551 1422128673338619749749567127608444141266985156611933023654193040817693852020574054753
1552 1538790301002734733730938300315401195627312791279933594669562472180656206027924746294
1553 1664988665883115653079334989563290511126657223532897071569017844195804966776544987277
1554 1801500653979781082498871600715725102809503096405336059081426550120325030312887801070
1555 1949166218395213386857836086676985983951222337284853431788111810791816094295683554520
1556 2108893481498375330187131582142222350349275872720412491763396530252031846569920244683
1557 2281664248134861097140140238824123396698433152637567555244556414279429661894072142407
1558 2468539963375495250635287898946119286370990448185331931902349484040190262017400013813
1559 2670668150196638183373677620837218130772867831129018181505616810966715937489388058276
1560 2889289365920897221434836549026671607945210284851368827445988421962431682208149827514
1561 3125744718581590715055008932533955723465707973376716704363021852986854273184793760808
1562 3381483988916326851352948224393594285081495090087399394783289892691556176050671219157
1563 3658074405682174716926717989927300726655212297131761334277454823241139617604365381220
1564 3957210127455764962301186710505442903592765722662932823910916572287430448155680339340
1565 4280722487054331515873591143882945508019012630037779340300618363106426779585443757587
1566 4630591060249984469113912169824955498830126674401234254731472569184498931349874232987
1567 5008955624002092381627872010418561666234055006474610394710966883804436156152334228546
1568 5418129076671789936217336288485211150038658222345839008499181715732758352290046474630
1569 5860611396064972379933984028801816652151337275527417154612513010775881336684213072012
1570 6339104719377547105805389604435422499431788015099678283733222722849834067693597891946
1571 6856529634215991700199458158160772625216931515706149452561211005722488889431084982065
1572 7416042778365937103423367831273209011709248287508079141245050957146292137645018374243
1573 8021055851820847366282523970590353950124003738211855110909288789168247475274838309112
1574 8675256155914160938934865402042062584999967956918800602918219585176665206222450070615
1575 9382628779675637849299073342156913131509178465046533204192699540877950479575680670788
1576 10147480566767519091088107409892675045329155753820863125168674042853443709444714041411
1577 10974466004301556784526650872758383918255045110746692242439994723081996917956053305157
1578 11868615188198119609179377958172121639079503635429275967560573898880001915688361157337
1579 12835364029282078950705527520990921056506626834621680581486071034113525943827353137829
1580 13880586881662123096916829925309332831593321860348004705972827615976734021206672061396
1581 15010631784200273668576716776860870931660462496984224425043491958895735376358224558093
1582 16232358525840458520370106266700933333359545820032029235391753938712642032052855289164
1583 17553179758660316892849261507510229275352915268472183989298309084811232744039206448092
1584 18981105403650880615406649032718314737380047553056271219543703989468149765574250267043
1585 20524790609111620003705051911937847206856429486182567643189951788743049982180433564130
1586 22193587549110509831826557144528835029419034023987600100276497809420298160265467195341
1587 23997601363907420097331059055186306981843738735130051549580197721477295854071238160580
1588 25947750576015197092917232165372591478023761471459139443969197089799353869285391025572
1589 28055832336289958813343230928240993116984457373624488538048810689250847965552525737810
1590 30334592887476385599222604701264988384311543664426360503013518986711566896929131134406
1591 32797803656681024262630015555518863388839263728290982229730774620668680053769210932847
1592 35460343431263009594285956083884607189725786215899867367952525573340728847600659083654
1593 38338287096048728931414788566714727437714265994610062169339780870200629870091951475031
1594 41449001458578308149485364354326812453119635334146829396514704060571887556970012523706
1595 44811248725987220996294348453436971482261127775262248493731724921333500272349823312360
1596 48445298239675369469083619767511731003834779802957484675319890533923754203773524539688
1597 52373047127059077398715073720967745707643872928419586639599011628823518924991206791982
1598 56618150582415739746188557163346872711040990024464364261246294515450016860250989727211
1599 61206162533185418734518808778258484196222437558498323890670182166087369834033321211349
1600 66164687527528212213977803848179440637496324696264585896841581893085886168821978662843
1601 71523544729710008633940006516449203599054653269178413117915362726130189012053424481715
1602 77314944985989635711370502507011441263920978730989285767270402938816336874280255529603
1603 83573681997427832956772329062645880804388225896142375491957254789346343381880056010403
1604 90337338726390079649503628095243838189026188936289973430854155871396730235260117164020
1605 97646510236511817972491417667138590382851577771728595895831902379276976879056448095501
1606 105545044278123757218177695183684830383248001005886550822696590714854816409818745514772
1607 114080301025977762392067486696474534998990378540969483566133754674480784573730151329755
1608 123303433484424903318834986810448731912853909374093147404581119385570845492503632619861
1609 133269690202226922307434337244291498034850209332016563426878772308338273664758185508639
1610 144038742071434197506455776860365377854737595755470234624502107416069285175705673643557
1611 155675035106218360072249044030996841599178814627754535380303867451096924625386742728403
1612 168248171272083386185852059889159318488829172772044411818165798283498360137375240418172
1613 181833319588298053166607929517068907530194451630000130922922072498816021511525521391863
1614 196511659890691371981708882744450921370149389113934904648617192572151596738625067067747
1615 212370861851180423937231685268141525512771809450283992552437581272822192623492437033905
1616 229505602046897908244123435134794129661899915200576042818085048719120532797947391111628
1617 248018122079592912847743208843751495960410481043762816371519244476057176165827740332427
1618 268018831002895968195417756346875474201324703494478376061683106342836121078665625053035
1619 289626955568085477185746387053984096187296123363888365744727275111663710664309067406918
1620 312971242050081699896638091279900778355767000033572069056553332349759857534080635841878
1621 338190713754354174216352620769730577164505579866006776405650471610007353710447383868453
1622 365435488601546103101823060447675546563881066069899869597234162996291870491830406878473
1623 394867661526301262498130201904832818995155939755977562644930690872376681149854780045446
1624 426662256818200159525560530730708863477921810947094932786177036582369613318581567360869
1625 461008255952593200335574190416108919774030527364261357533142281496752641950168626852143
1626 498109706824633600046139006863492790244367113572023825512155965200822583213834569609486
1627 538186920863102855283634571007741383297860366055648015818155103389868032467791841116441
1628 581477764936812545197086279556810728574755461108888359450647353694051323926692040888742
1629 628239055535699032756005417475412572224053677257939262364841514402293930668521989359909
1630 678748063292100793789807410781249709317216926780147368532531227625097275257130959648748
1631 733304136584050402187492923702130629341499869524584708380543536043680609069234301984693
1632 792230453534792806452980462269194879338602342887185708044926066395508553913228460847289
1633 855875912619516023541603577559605972152371075266706904432905829896701508253289786678206
1634 924617172744891763532757423195824498237898565376672693549445795125287703692481258974952
1635 998860854607951235949055546283592884157531169827610846484132728906670192445385823694918
1636 1079045916003496081296065092478375876088002175326096342947460668368906459156609329776288
1637 1165646214879507651471663127976752994054019085328414909340748086042853969720028510199349
1638 1259173274766911036053730421298031273155919411298383406096988899902488478554166669046752
1639 1360179268680336413214531881030565156576095962798433352539822431823968989217640885322552
1640 1469260238569599480447634697216878247272987253909013319166293775982538617726222160859524
1641 1587059568927714959854500209669734738430341175822293872929201301503980125209121837943850
1642 1714271734464896856053906284805371806068166497398326923057269791607626037312191502011383
1643 1851646343576185303166396900744720030239558960652223083020843991438896312613977703533116
1644 1999992500586777099092425655106027275814064640255551449819553042714566342305565408317397
1645 2160183512149134119241464481126314314953180819866196293382829426949978617935938398575343
1646 2333161964579780817519417086888158187983288483787627174329746481668530669739138301324435
1647 2519945201471501067156672249381602155795341382744533623075510140205294154145395080383267
1648 2721631232813620855916573986411096460826252219098394040066487359763853545994431580957838
1649 2939405109862795468881515948896464185533751093561807485362700886603846611182979981865811
1650 3174545801839229291135131441618165558127745141197239833807717841463125011415785513776704
1651 3428433614318679691037412338472779400942976128765375770032831868878953424520822195389258
1652 3702558191574861659992178277926053061049108996351490749561767307418628836153311892777652
1653 3998527148671225593152723724565485864140801886499833181563552908342714053131369887435408
1654 4318075382777388039755000133589520143148664628333486636247248101072595826846172846628768
1655 4663075117253222340078043674210840297462235240000594836385967972897757358041622806129742
1656 5035546735121019049552914679688566833160025488000837718477783561989552169420319146166846
1657 5437670464882884663681982295422461114265687109547525157316545765674020163353629943570048
1658 5871798984667282125528789971835803064752885529389156997263659206774720750063906246469469
1659 6340471017042429534282939010200068289017127013807408698871574645749427910259174952481694
1660 6846425991792468917861165087788327014553341478666430998394299141006955599339953415384943
1661 7392619860947415471547420676724494926797299767999450821519261529339073293557487351643076
1662 7982242155141239326248519136656287789189527648023639717850173558003029737201689847389984
1663 8618734379756165359069740678463352653355952077414349006630597871487047277182542713205493
1664 9305809854715031726551823147057524496614476847597922125351151026044835022945807674634169
1665 10047475111374084053218901017114863003029691247979100034599012859692473759463747157402475
1666 10848052967857113721465115510746347964484188784338087172419127947384596573915198091042542
1667 11712207415145930637546467888414403731845912744368101056878446067562614580467022557842555
1668 12644970453558673932488670044773813590578446983697002630329090304991153764655286047343626
1669 13651771034285755040876471721212775794718473540324210140085598631730791009539669518059561
1670 14738466268852155652786565900890425959674705686294123935392707503073396519035041619477396
1671 15911375084416275274826710035569137886808698953699548122060396623564399299475084977215481
1672 17177314515361038730425008480750352751506018963935007877729208951419621668451178152043065
1673 18543638838492499867920848720822080145019979347785414598485194501711463325023773757348389
1674 20018281771141472020909193601815162353623272555024408436027354452366771058517318015675907
1675 21609801974430857513185660208013432125076217486689091094002562910348326093675633063805128
1676 23327432117037139789515675850665820751276713422020203855883110339379611237684749831158735
1677 25181131778628377215518295703913115832159341558648434039310258633523236690111008447420199
1678 27181644491320025639374270822587774339106863586784497268013884187551466992896895985549522
1679 29340559244169626795384658329233141804159861047705066103012214408525493280082214814593344
1680 31670376794398895813567323074503954602071973668196418085092037105078134756492199910300130
1681 34184581164794684012999677663720489361759662354336905951436676864535620389987538902418622
1682 36897716727884109019736636765211130403510539886881441793249279004080518776816519006991466
1683 39825471313714704341466274756466883595966563874409535087332278827952746243648471679039237
1684 42984765808991921862700823068245862019218057966359375261504174309737632675315157563048348
1685 46393850756393731482564877830598241058206397325243094243428121912274623531543302378074462
1686 50072410492814571629948553102839546983613399644886725196064827234962468344721846220216125
1687 54041675420561507812968754758757940281824886430406931039010694269963145638155716547832746
1688 58324543038469330572104038329149711630584903620240097787163481612512159262130651862481660
1689 62945708417578107484538314353032923531049713395316875212955018866468314470601918719477320
1690 67931804853503500044938655446144628204197329370902005097103813964511771003579816703081439
1691 73311555491513373739348879711287934564940581384506273395460494842385535281592341084744167
1692 79115936768642662819471864662367487170010020005554215119273512751767059799292881802755711
1693 85378354601300424579735109769421480305796168443203665238585946846810357197803081765014550
1694 92134834301012464719123622620583601761529392136847541885715520667679551526441987031691734
1695 99424225288654681696294925328488009969047259720129353484077789714038123748072334435646012
1696 107288421752824383206909207659694289302319671902931018153966318000489842257328267481711620
1697 115772600498027241078996511085329381097503384922530303316645166818281774806172878977766585
1698 124925477303729855222713655253663970688466894366540883699911693371869658537695188772395222
1699 134799583246114137818818065312983503000896560886842370361500877373874023934802762537472876
1700 145451562519381439502211676642778604457380090142378641561454830445841994641243355465684975
1701 156942493430834870082058923574590482434885246303890685741394773835416337689095127365949620
1702 169338234361635512582906302895284095541895947377635599260983735305250947833525314526986340
1703 182709796639787542811883711774419327627050038427756514821027894739372797952752940135474510
1704 197133746392051693089919248574391106952981038131761463899344291439558777673527886326271597
1705 212692637643089878357751410283786617505803608282452200271048307603542249102475009795574380
1706 229475479064815405047224463501921695481136843531806895421330820708585071304027726329171006
1707 247578236993769481757322226196987674781220295259512538731867124438032497705130302061680933
1708 267104377514904850481419164992736150450204836311479740043565121802299772027004314763419949
1709 288165450651184765575619690782920700323098145208609231679009069385963924524434068464207421
1710 310881719901232221013167586451548614175933069780148598182058691309822176050142673799243619
1711 335382840643541806330994315854581020407443537214362733201315519922816386626697832542945888
1712 361808591191114859117125967217638282430026681523556981910537171027031588068161167797110730
1713 390309660565183662868345920218289484686448517896583498355414903325408511192695808425985002
1714 421048497360685032934913352432380123882033777244980743739831853977796539259507616291873611
1715 454200224460996459939100975797656837043131348221094517004824165984458707985696587449416135
1716 489953624650717195652376444287540635948971729905454946897005430265451068304572625621943358
1717 528512202636224677194155034632101126455401272032810878081506211466438060642503805125602283
1718 570095329364264855722937229136609118157347759323243840787589547330100375525856865481753735
1719 614939474997242265244231487585996168400550960425408715050820458115258198462977229319210885
1720 663299537383729344213085815339022360109563242103956645225881722419040338175867717300903995
1721 715450273422221700937544596834667405215838993435193591732314705179667226856746236257575812
1722 771687841225865259611325167219298980007598286789745885654937716700483787091721461047188085
1723 832331461661050255394141249853132500278746329670135608798796692939933960650632010271688814
1724 897725208469654787123815897494657751044579949267812187028769269116358614353927441518588561
1725 968239936885841032913242262899925494820940408664339132380153338266184199146731651564366713
1726 1044275361415601992788334174687596124435135903072882914481774675332404976234759396216435518
1727 1126262294318947473364768282355299320712591419206207229050748087853667367843152102876872642
1728 1214665057136421376564886761683348188374177937128616111470758104927340346281562167653011460
1729 1309984078613150271159422905617381180990403953736788223920660819888881678205377305987995910
1730 1412758693401578701713166700525943846705109223515647239262995379715215983413207873033224932
1731 1523570156973471878136261457543362968829472090468425803650044103812747850874997633361750615
1732 1643044893401567292610710733901568490047066938722051534770401637378322475064976701391663439
1733 1771857993970696777256774409255220520480219409263197373497478170837012935331190929999225028
1734 1910736985881370113294697505599143064330345576592327456235147330291827642140021675378292038
1735 2060465891837466190288114424505020091595082579875387576091589013048669379915646403726246800
1736 2221889602947249885301330292103921257188239442206201213879432133989832524700323019178806327
1737 2395918588973352747808545860541388484621584801785640654812283729378791091151886987989701605
1738 2583533971898716116501059516337395478848368404431163619462330376424963607985077994227886915
1739 2785792990763886484568002531524183443649615256795633127562559391950109294612829126455248416
1740 3003834887837874063691826835576212821652806580746368157777170267857783682752114431968801936
1741 3238887248444676490543015343290393611425095132275118656701174881547660129365520001440743674
1742 3492272829436367957402016090147607536337718709091668897531748388729100084599319949782496333
1743 3765416913695083038552177130137382497074716391618296824616664075900279455327357570151221591
1744 4059855231149064682007086125333900151317443264015015455301262264800171487707404463760904394
1745 4377242489793451352446939884365752915809841265467969714933477540094077119834734432027899457
1746 4719361563540465214404694122382288991723138061720337248287191587406200956518320768833483270
1747 5088133387201246110073774925982446741864365985378817401066074802384953883855534484779867595
1748 5485627613096952874774172889749920381098230883260378231019359209666765080297203270063197513
1749 5914074087433757031694882617933746740981000724605074488000004945204159431164862794807012790
1750 6375875209521146736551501501695957100503583892478262204609826655500563980477213671736527611
1751 6873619241404664841655621544721105964756056447595859584243301352825428641859984617576432896
1752 7410094640914380947514033017183801530975287059476411818606930757724852202530527826917968208
1753 7988305496257740286323909595438791613578309853001395183029076011126041188925553239099167429
1754 8611488147026099234007962018521807318998893335251168116357467829311272911834409960873011284
1755 9283129081994595463517094668615647472126218926107769867876581912415729579924965364883075437
1756 10006984211885719471919914174893109372988255096173528914939371053888040014680269997811885644
1757 10787099622120517140196853647144088817134066834355977720643320283890045795249512419684120958
1758 11627833919152463007104738548364595089219586722175693182586078981477968948340174303076888901
1759 12533882291772294081599291498107159387399843074075951893083142906423635463218142434403453492
1760 13510302419490168260586763368916361603712672557766433946211617684647465342815579968080737656
1761 14562542368310031769073076304000260050929886194322205513229478868892881864626856126254535054
1762 15696470626732049623021412258098733046742863401566627654250760985003177936376307524475469454
1763 16918408444959498663451912058207979328045591098297287181162497198166410674009237282842405045
1764 18235164654131286047918405166184273103579488391477239539382686578317228625335314508855938647
1765 19654073154006691846582450191956766166398697364565567069851054376762178973747437693933730763
1766 21183033274557176813445907569315055402400405893230459193480192366777243777388419675081325149
1767 22830553229320743957482097756482045226103600027390244608215420997457546460406445961134967223
1768 24605796897991402732973867023906830087949234617682811278476138093496481469413435120269262487
1769 26518634191820649124946215372830311799745845706188291109674478760201091887444390007552849773
1770 28579695275466004989012475847921881061173583069859299763698886842552625652078318807444384284
1771 30800428939282488944387710153349469000058936349594815565252992874584651347667230311586131273
1772 33193165440316485588984608671849372975956892942925254578960069291252269575469768208756265862
1773 35771184150016018002634433675940006357298262737643591812634836166670885791458365572601200769
1774 38548786378448835536086113243668153533092677238459697988869450214103357173691734180171255984
1775 41541373767470436947549559483687164430815423320600204176724072956220274302159087967397717222
1776 44765532678999453112375445873211532066703437428028627305891934309200998555319614856082961026
1777 48239125033393725612073767981559084835417060238351282747236405427690905030327072729171782494
1778 51981386092550429440543117847800864892536885071415637992050656877321160451572938395589170402
1779 56013029712845533927646144288351761617556509812059734233571458988095252307444973054445071004
1780 60356361640763078486910847706053733034295047408062034263886065338341215287919428702529283202
1781 65035401460792066862891322150493562667438345716619938539792544651300361563213981237838200516
1782 70076013856493356533382613828086071005501535228118587988510671512675232708848985705205263856
1783 75506049890829723533179702288227848990125226124294469448822524842196217358527381993632148481
1784 81355499073082488701082996317778320898565541123519224331958748734637821323344219294354898729
1785 87656653026383782377427032400899456892132528914627565591119954444625925288568031796974135999
1786 94444281644872686114635736978146427437140552645448868932166134475327210507570257585778432545
1787 101755822685610702034260729469902453997373951437197613618589369493806931969137676201881180938
1788 109631585819926624913571346468844521471072652781744064305680404896851912899109421068069002470
1789 118114972239360038035339707295366706398729425291159711937716567071014066373493791436340540486
1790 127252711005172626268043412068764096563394427588659975944160979332216719747713538724388349207
1791 137095113404176662154746355722172775386608626413366466089839050892576395034384849176305981556
1792 147696346688550280731865340661245848775848261248190759385976348166378003678562134490847321615
1793 159114728664039671119390553804777514741707561275843357639241404675989471038902614892521953913
1794 171413044715220220810154184532566336859442439103915497034501949990585804476901933456133932208
1795 184658888964736212520102813076126297628002069797340835768754963658644492044832601976631578743
1796 198925031408824413421428170102231123261744617546276615746555644436401378784588739166756751998
1797 214289812985427327109428927607520303253842130997018599389285050148956923360148238587671844138
1798 230837570708695954167037610472459195605741572348215577557246288185347534313083148489044266630
1799 248659095139736274312500919148962609434012243860237835751886315541500531059713320325986009849
1800 267852122652748054132200357878340036906777231884209931461666670721953570218330892352650195175
1801 288521865125806504731447283850896192885119244322482072874451255225131824719579037269753113548
1802 310781579907978289116056026070419150285615117393691331453373590681486298006311728117440657079
1803 334753183093518220720230068564736081028352493553842102288073494500744423340315698643038573850
1804 360567909406733451120327891955935334552768567372264254869059219632390440370590243470426751581
1805 388367022210072711276810589177680194412773518468163230861454447811980428173603590771222959528
1806 418302577443941396535844138090515247371741696467936357572070600428450433798206269606241123896
1807 450538245568206225736176496533855808029045419577650353761985424795784566761428892943147279079
1808 485250195917149228259448864010576558465843172247430527948184279797254745472115079871413662731
1809 522628048160913240546005593343153764139805689271372564814039130205198337598088527241247714530
1810 562875895982201561190018697234462816810336503009216167809692465706885147450433483889695472100
1811 606213408407378988993437894500102553319178965217111434116578824566567195648358399755211279842
1812 652877014681110408248538699850631905576754004153360053069010412737633103593832757725288597638
1813 703121178981996084654898071166136720981123330923261082283671134129068648485141855936134125645
1814 757219771803310731776690313573500054295478738203235687583960841288245443132877843756190445965
1815 815467545258773501903609002186788842171565933376286744582284686966406538493154286387117843648
1816 878181720214114393260978843805960822678711378460092180108063814338695630631992032445787973898
1817 945703693654792028151703363788854318766333219414679484686896660103983179091576432218435875424
1818 1018400875396057683220682042443365699448095583938705494655791284645665947700534032063041997998
1819 1096668663876118494903261760764779981529886811858769293563349495140732341968546241919654314255
1820 1180932571576915155865301945655251036605428257093744253280054618993884853779373497415258689964
1821 1271650511300195548722576222758261584398019868094600606342927696062636497817399324794087591452
1822 1369315255508405193013513908560983063272876511796221039225354477270526719561332909564238435145
1823 1474457081730352832419682149014335827044212810874250304973853440161744658517070367952142774480
1824 1587646618106800605612205750666008103216239839338326561775634927932037152667897644533724566834
1825 1709497904124483726214189266091629716614934454160463208636670621116510767876682022074244768231
1826 1840671682834253225046852587905490869738793592040525409414103496834285231491332701126485664039
1827 1981878941903882704972889836696179392401813535047317271024308883316674789869244209258278059256
1828 2133884722350329362989808676301926005066963014493090438021947398840119863389602548409586944667
1829 2297512215077781914958636720599189794626032700286842643510990575280153789574892338707315121941
1830 2473647166878895182660897964124614146295191127997128665103777672975841684856643682744258756871
1831 2663242619246875902099483707996114074781298974687425798872821340638017419840333508712505511135
1832 2867324005087447161430129677044521367913818238845058845263893892335647578894731070015096414359
1833 3086994630130233875176036815137356222277960733634812242564645862453796075756360355021314072455
1834 3323441568180031028378335491451473479059856634704731139984192951054699861221294129742413513169
1835 3577942001226732412974250492303439564051795691084736702979038549782150464990522158969781471665
1836 3851870037907852586831061328375156623604823196266269569415772135291723845285467819106620344279
1837 4146704046300007126469538181434955246147527800041396000564044337616231828793713394857572092546
1838 4464034539779782428995462612001676752405911214338247926786141996474438061102945248593359622628
1839 4805572657384460109119787470573799482620592618863483533637525681445985603852167830238317478953
1840 5173159283528507841843627917057886076770855536491535777804303626090431222636239790360473111322
1841 5568774855031945248767269813268345213222780934543979623524007701338210855007517171157496369996
1842 5994549907072973665057032873656375583887421748294302198621524366473231083317449971653619684323
1843 6452776413625568198909514322221245040983131184526343777475693858733429180826734608607456474829
1844 6945919982106016974081785450101739903544613118953640690503412644921389902529118910785431846077
1845 7476632966141636651921038550220906045030295310909844469135038331936595834004381220959555474077
1846 8047768565644140611386883889892570349747864382687492096700431324668558455447584434545882125067
1847 8662395988173749838202411288045350899872667965664270837913631215668699199445743650496325968486
1848 9323816751130694084360977249589944381204621165028164077135233951663823542889659368809446368650
1849 10035582210512860607344110553288213061464892285133448909583763958605115088341232430466303401252
1850 10801512408223636256838825997685026702987706771012437906605943772042632321147905578638289012268
1851 11625716336597170666412308021888218787410887758500961948321311864350947538960359096259427109403
1852 12512613726663506804045635063134839120307735124587800642774920494388696431245387588159325358208
1853 13466958474255568432024895143967197632178730398975605360510470073489751537589296314395653623269
1854 14493863826516278901102741114212189815663572209211160893488776085037833119032636304603064953581
1855 15598829460982591692064144524852988790964145965116873389464011136065340126932737634494166163019
1856 16787770598931823762019392851224856177696093994776266420191058362700580641247158494894704740451
1857 18067049305079604720369791262683073004207051876268567930078919720093117917220275857691490235224
1858 19443508137631351271209753588898415367812604807215335386048324710363920327815260952206074198749
1859 20924506324665644174017909634838092782732569426734175133314304187493133292325351122783812923756
1860 22517958655425939084769257458682592012781975131006625341435900102787232067422147785178039981453
1861 24232377290280423659445567388427338150909198223132919176043731951223359201140666662627317307605
1862 26076916707384250020751520902328236534867303434665339096939890179206512275315249061911834345317
1863 28061422020476480848657993739247156975434687561704316521177878283286548004169783403525004647601
1864 30196480920190228965198665701930446989500969773191203115184885361661406439984216586881275117105
1865 32493479509865848920176591628693491324954425707036718294013887623834514629381130477747888998492
1866 34964662326200865829665912911263192711811011191138560054662769917207819918629763678599609712754
1867 37623196858517220658447344476998214518156408831060416748293625012348187816624676704131385517394
1868 40483242902023860190468211809419485692566091813395392412035911086238244154682826684798830762537
1869 43560027106237518786649718344447486854213530110306455006391247258956383894264008076030564427006
1870 46869923106563367687817909562907518328720419291480178207353238030409815573547492038435514764080
1871 50430537656542352371011084588191928537055113502731181881444611307767661355258873822862570356624
1872 54260803207112506236607968767473226206887051952571745565193368597592448639443822329755464102103
1873 58381077415897986146175136326060061097115285084828135626829330741070251169296486128301552638138
1874 62813250102329958528224978624252029558309657154264119174495885432454296796130305362993867523132
1875 67580858204473570279068487820676369130280619913215272998146160576225315376030383176651877986977
1876 72709209334072869434109440938069226431822370164110133292258295192831241941205525785748424578168
1877 78225514572193705421654076393998307783874716586725887782727736327327977856751492442384242680159
1878 84159031191666462077688289104036811019757640867586228598916342451081957599043932582015983726878
1879 90541216049597104700594580006718802781073315576627089545587455755656181555695959906417354885733
1880 97405890442375203156713021791211390891905569213112130911591820105675020862055292728573913706421
1881 104789417278657677033357744006907230498497699787472265315987534698246500518843968502707077234116
1882 112730891486517795131082808035712848184907182835816626850220681696433371153109845550760867627319
1883 121272344643151878966323222260653614954587971549196062206670661554784186191109994445211589190278
1884 130458964881263986979251048148513462263379692072157032053635107693761993471946164958714130403546
1885 140339333214921868249895391512786062572195744511074106075614345812117820944519415118690498508519
1886 150965677502166800990000958280607074939319200188915056060669494642785705292163419902458889951049
1887 162394145360129784904813293180152930388768811705078621055922534137149815292232988008699137429136
1888 174685097439156876558734162153881996945506014873650036544808695798217695685758291412658339178496
1889 187903422574934788180958454473810122649359788591509126967351278672952109100463040718776477708502
1890 202118876439622582913101201820428387871785470661329093925230084364433312980504688649352822088883
1891 217406445443784303662198101807350578494662638450604626128322394654871552737516217269865183841793
1892 233846737763704737615061473370268676804116634402261444420747641458540335272957753293882614894632
1893 251526403511975772098284651590950431011669240845009325011389127887646191207164907801064415358978
1894 270538586210398585852931018081376995943409402252545315314392883082820392388166342108124369227841
1895 290983407901793627376852816543369832556445854097383625604826600998718186060333717337073304625033
1896 312968490385430399717774576213217809948767310093759797662100970491718675595572769881293634497520
1897 336609515270129747161240749608660874486297703181628509078082587783139738987749597674701594337338
1898 362030825717895510643750329791653195231525408871308805938030368294343478793787098316634468727519
1899 389366072979475940797888762107821492600481115557615551463532167885228893518982032598254266167052
1900 418758911036256308832183659455166744229620379898142152735563805793394749240012395484117267553884
1901 450363742931448919233941747575142260275218846768467935808415962397845122284802164270669437680654
1902 484346522607013034826704831928133148862055273516971546689294928584408865851176628408270276770546
1903 520885616378550364565974166011306378320159012951293635995105710995502664920769522977959060261006
1904 560172728457643285610595481659492915566292448854983810028844073492616041789840155896160371089460
1905 602413895280270639240102263101445835851764590363033232722001735978321216062377489876702458795602
1906 647830553723976650114844082227108251836690670088539417784182630748654888123550469242070788199862
1907 696660688712840086248382448473238881265146469002086702386940317543799085085381055053422203660255
1908 749160066063513074146080727718209915369506567307419921630699501590505512866260276818298534075406
1909 805603556909248722099764054621545910978100835646732379314546049392961270937756322099474257432584
1910 866286560465197667612436868795484897285802023178112611066261103061145709829013315805195785586055
1911 931526532432251889744295440101044519439623442113881389530824485117234585096269133289963794064659
1912 1001664626834081822411169904035682487825355944301971511441630083464642765586453607670728928290299
1913 1077067459716949585885420985651315717710666554675301446696133097028756970085841979024188239544193
1914 1158129003686652592820683041700336190834811631003128146685855525279638576951691374763430177926040
1915 1245272622997533455446136943999302596211410719547811321784036976398658329161485619825827912678898
1916 1338953259560052332972768580838882383568717679240128990733349129693724961014751869855326457177056
1917 1439659781052906551185245286463717098237818687770598609224801754134758370000866239134132818117495
1918 1547917503082822958007144873402626931485170339088449521253442591875713097743670823439100387447086
1919 1664290898310528846052737139632534644013326481499708104008858113434331809569804554989550685838784
1920 1789386506299574937230090453132007844725002723495755472108441716960491650862360438726371699529013
1921 1923856058965381841122039307266419250782266392358207908515391762377069363588523073024257347301870
1922 2068399837511490459026223588065234623904998996893364924228940271123142520311297737703924067775461
1923 2223770277986711647066362408735716767215043721018142768208054027353183473288598573831414570700196
1924 2390775843760284592519855293261719974030296634643437007401560516434976566679653088449807457092616
1925 2570285184700062674171549080387058799349135064162708820574562824460277883367171761563572720976191
1926 2763231604120219545380698379033452388998048425962000976010467672790580857483200700993865982413492
1927 2970617856285839445844400478052393410189806225218504389671007040133137122623481752104453736767522
1928 3193521298800507564889426966896265305490428795678016599231098917413875320749279651618218541743881
1929 3433099426108110934761913226965072893938205540344921402797495509504146073614615574898771956944407
1930 3690595812126999057228428855854680403289392300457804598547765435265343655346864435103756418908388
1931 3967346492294886318725193152713181713506360923564286795164228384523226835276286573261410517688970
1932 4264786817289299198439944479339571371174404378631681946137096165904240626209607309038872497741602
1933 4584458813284756598380423588889135090048643388933610759402860300207431349648632022529332524363193
1934 4928019085984324060631875894346930409514316849000500674600721967542452205111157615473738110011620
1935 5297247308570816057361290857648835532863786134423076001143411082969006840006995359013586748714086
1936 5694055336450706427306741453121293195704851708550981396315716633972984163856440254300587766037977
1937 6120496995117362749548488684697021815852142923183173891800777782808116282185144747778254085423937
1938 6578778590498212757843169696974804888195555325585654031831841702889729527784627689981608938332207
1939 7071270195115364434585405992635613396495182721495864007170638955939174593363115103436660022136424
1940 7600517767033472705237244591149054635787873950359160969346627913413654481764941891023029454442319
1941 8169256162983211671837816206795311267478394036740413197157653605563273645366347722748074941849833
1942 8780423111248361300250481060986004857808583215614693189603933712198190340739563826607238537597101
1943 9437174215147888901581982345379159657944189727421328342016291891988493613235784474296185717638946
1944 10142899062618142311335025878440573769667634677695291565669250546892604372306686690899144433220004
1945 10901238523433351206986448955708187130583475984220482513480495039643041317185635007342169485962503
1946 11716103321161120928031593160089827923977608191875612459108740851525957512415882871992438992042768
1947 12591693973717578193860612825211230259131780730190077855475983500140544678938144863312775551148018
1948 13532522202786290243020314494734934920304040383910580888767207114506792928018737382616539833522991
1949 14543433920359580348672898112514454963976748563345007544960827512173251861158875799237958325132920
1950 15629633907819256308345591586472470426404600047650286971229500226781104657457474657413156435290905
1951 16796712312111211103531122502691764781726299790165033687868656044610099405795067069869124249659050
1952 18050673092287471283406913303030041021175356031698875293432496832751658614881916579632202482812602
1953 19397964559521261551340758693935084854158430328559588348283949764339681265695325030631370517415200
1954 20845512164175415299884672296139173731686149821327119406860764087376294029682811834353489091903288
1955 22400753695048817146875564293025743523385184197487150390405861151569863294407953847209295441927316
1956 24071677067145168569115415293330494891155175066601405487761035666977247453556184474914675436006913
1957 25866860888380435577126896905177916970204899010051523107452941138526433978380910473902226341575947
1958 27795518008577129453802106913187113697345947546719708613789196144489552473604471384265554299103132
1959 29867542269524695183817619757190561182931026018954526718048964136859695997505220324108368372138432
1960 32093558690456165272447161066591256169608339724006641879769999738724166411648483837099476228105145
1961 34484977341098191741491778867549537019983605616147403471967529783632831615909147519295544047532527
1962 37054051171808862930825218507505135645703164312035535889360598284528503079337891769318520681528813
1963 39813938091131949958207059688566545130241178344379868948411533728908987156184287624586148598437148
1964 42778767601535505931315435222295666826793139898295579003694027397249108347847172945872594191882238
1965 45963712327054492721747134014907683522999516102975800673104018183840367794311014105270006703921030
1966 49385064790744612670645113098593865416206170422317576698121447700882520246663744732593099141277366
1967 53060319826668503035864870375768553861845894073640906884961701156132608785944374320097502045924392
1968 57008263037764712387958345866542080159115462329277644238374484798378250715531717994249777891241005
1969 61249065742617772035760936707911963559619661728610467447811197008047099702222584745700350012308873
1970 65804386885424684783919754869286470096597192261852654120111060162188747964177015435881186105732233
1971 70697482418094113891493481601112069810899330822368635100091583872789539083784966350411999894723941
1972 75953322700845546664498188256049849758606110478338051742463266824217052029583014122795695871890768
1973 81598718507766035555683900980586626881198304615854619782647130455458510402239204591229372520545181
1974 87662456265241071142533395005687985213169418902346705459455486873879442005191493179882521497269382
1975 94175443198598320082464181700835753499575304649481861489466363074630490912075294519537333397598813
1976 101170863110515728620828937728860422803425366301539746353838569933029099578146179477259656763581010
1977 108684343567173791157292856437444573642439509426527052986155604567803608706479727520729407564503962
1978 116754135325490399914413785358881930060069076756884363903176861257001743148250418346490254831009714
1979 125421304895358067015255815378324859404067148191206249516831437880220030699932648197675513148533925
1980 134729941194506601851864693423976270478000118867309100247364107378813477897744031370003908052068353
1981 144727377325077658279699998992813567270558449640878337531940590035097199546600538937245156093300622
1982 155464428575538809124531820213105721058079623016480775326584420378007906618591383792607521361427028
1983 166995647829929233057158128026037838580028421562742615254070376912966004829427536756341964105820119
1984 179379599655272383361302842333288734308133108993492045060274612295689593647240462935369076744919754
1985 192679154428708713635211067815887706088233552377875471172049482998657087552133301224636204077422306
1986 206961803964357434025567644643497235648597078465528009347382351203437342125853646772498979614217299
1987 222300000207481215558388309054348015388041747555910465981599792935358892083832137172903758419869527
1988 238771518677572037124726506642710390693494437829550227133904175883468832453004778211977833507409545
1989 256459848460954440954960666198271566040994480276831504851288846033815852997535819879893735517699207
1990 275454610689390577434747140160019882648171588792197613553598869712969031849246281313613268330269811
1991 295852007577625341874231806454000806567618275042570084030261201108033920376270463351769963389183941
1992 317755304244888779017218594282910754703573881277477918804492571810073157167808848860785752881315360
1993 341275345706266283478702571621998902129444185724416957582576030521305428510824955535188422138241797
1994 366531111596405153009894536325606084319003460514468815194713350811100222645956996051453139451591885
1995 393650311365912163627734425290745070838106546989941747590902119528044519163957522690306813395566708
1996 422770022900005396331746326869238456954613391962953999171625528181627015392078989161398657859099002
1997 454037377714556251451445899858739262634843438607912701437882141809077391743461161394555860719830149
1998 487610296117756703922980802196093191890824750820879706995098424176984450135313154922653747307398391
1999 523658275968387611548923568135839375698109889729442752145150735404349299672090039180369173550850542
2000 562363238931856757047830096429557535995465147410551658017077733632984826469729269391615262078055470
2001 603920438403561926785687262570621637274035023765547233102838212505432086999275816673580341999137575
2002 648539433590533065930767227648908867038432561023633958940323567088850028960910186617361053901887806
2003 696445134549881239869392553103374455768706130260610733300088862472085097358586876846272498907280786
2004 747878923342472086543552980141623495091538087482698765023083526656369487277174418965961832883478909
2005 803099856823603338241178590035528613999202178532377159504739553288840492814908486246116003499614666
2006 862385957008279713393831611264178968946893432757067799995968806284481754668224068693958340594665271
2007 926035595351934469409306619916903335194345523335174067719110093430792558442300974189476881752489496
2008 994368977779884463614884377685388740695938509698639992612529921053780367202361298962220022306030647
2009 1067729737761278206509347367604349404521368359971109875634320806949355536968327648059093064732511365
2010 1146486645276678375598943400728542110867837961589466309440876466332275772599722375876029402200017246
2011 1231035440072230835405039438713902944141814651776463535369734659527341507407769096319415499601064938
2012 1321800798233780075660072192511711579461178841458395147356010020611495061475340998483830815280029113
2013 1419238441717862916311715594114600724887344436691950099209660656955867979344617192919417465611299767
2014 1523837401230855100341018481878043937519105580859988711097362296063341795779287046448201978721245484
2015 1636122443552467354189179809929100969549700668925590363055514129592517399118820975697630763274362037
2016 1756656675220908806066352996855863078491067784904134243790291687632010441281813523918528990097737865
2017 1886044335356827198104619435615529057607822608016628714019471880712045549884874205163131402884545865
2018 2024933791343274126805232672197282453199016829292221793773704526669203857737310832704169387811190174
2019 2174020752004414169280665024024861828800720337921027755228074783459084824073879876941975054839676920
2020 2334051714089081520987513863910865920111938642589641057157237584345183818637882663720229969183348482
2021 2505827658901039240810531847109776346005190934175423818319608584705843133112773731158070137265981787
2022 2690208017205680936422767171499998938795546270769642638976737035812454574494464274259671022051057496
2023 2888114921801507584029885652931038622133190892596150528179245086799267714901502200139366591032469755
2024 3100537768608448527517737066612646892416901391749150339518519218140365639732191320244697021650529252
2025 3328538108521093575368309022708537972675769384417768029804109932383769435672076174770055251466384658
2026 3573254894020469605131926785420368060634044501802728583220321591326025121046705745907283769423550371
2027 3835910106135088087400891245916385241327582616832797709750252861608529324547717807771072388026974077
2028 4117814789277858201590683270353000641277802076349706761480715182885322355457548942227998021092058332
2029 4420375523405661344023227988364122754332712805162078045579223273012161339610143237411035262859310550
2030 4745101365164948195678494929647225056362748572370167110590901064622672501008981826421398800406401065
2031 5093611291794695385485920861576102315074727015236502243509781410651135302996734388996247176405851295
2032 5467642184224618949447702978165169287117408413752181112791045788158437699450935001501561918406029684
2033 5869057388209457679715731469940601559003358283563960229395045664080566678041113660099439884968374599
2034 6299855895287909936913899022441067146935088520885972760663080593232387684762106448921689450693323915
2035 6762182188260326417981167863690167496781018898383727242709066902550715175665814710645879648960702793
2036 7258336799235036389359331042022710767222821416759403705217864647219913509771800571140598754788064517
2037 7790787631507584505106638669246683536021049018921592436212577184686966847019891421260185720893851314
2038 8362182100556541206333296851832968904399951192025385709739047190685606120898853658637314231598904724
2039 8975360153089076896705154670054260498220825895788153600023668788616881383707555321497816859642395408
2040 9633368227547924316557592788611788655306016245325440787433183545329189686867396190983591563410555535
2041 10339474223877999633679909319701942906227082381577960042805304238101008390304901202483594435036372205
2042 11097183555452737450161413308960935284859409941310930324199274911892090745030413431899282403040901353
2043 11910256360912048090144709527216812543447700465052040191083843236070976363856059481878634942706809923
2044 12782725959761552390497061035528065727949905365556797884606234174654917980592491664475315614532058315
2045 13718918641130920447358509230234639873942815298209911169733778524434700815015837607055801852706824558
2046 14723474881835859331909808158334994725642354465567447771556940531479265775297929341471046018650028075
2047 15801372096566616134597655604788554947184607691640410896176934279533346131565250593222027207058388299
2048 16957949030721619383656541838514531185366650521570532387314904349753889596972501600605277135557896985
2049 18198931913793075025619164299998538419185425585096245553799293635378301371832720743127371175733140233
2050 19530462500416896821669170608004672173109870021279139113158696233229584456553107394146303683258043610
2051 20959128134583888727595275263338629674378384159373803301578393389729553607233722093789233221708140307
2052 22491993982780226199379661859974578987206362926358942756983144607821252396597768756978730455359090496
2053 24136637591890080046889190261508521460789279756752813143163405832433967689259765080010389171771974749
2054 25901185939345913013198868246803858614993982694779156975373638698741091156751161164150481109186758279
2055 27794355154238827354066648778132030862494045679084238219574473719130319335100203066871769069754684871
2056 29825493101952406502302804106118272440102482746373962872959562087287846773088060452345344122725938864
2057 32004625037691866249674209708480797385710898591356607228500052300852557937174528716870854161253009430
2058 34342502549710521099274598728651512646417146238076051876530496386653450475469214477101101879457812590
2059 36850656028326785494693976957865151600222550670273701384353094825621493874170023263968056211596195081
2060 39541450914447782251230684977250471895957499699642203903092569717647991279440920091536128437355091786
2061 42428147998313026251618329963755698424455782014500684475245401697726319671764483703536457513037744929
2062 45524968060108198001193928205330327694546498345815413069160635684789084969452104202517655229731778422
2063 48847161163467997078566423816227308564404703623261688147100893209448777705495560710504077608982011126
2064 52411080936255228396760438624372623858576306120792842076427061115472494802594799716112091974487297260
2065 56234264196155083954937076489959568931944388739544096756199328517360229205374924901062975150685814090
2066 60335516305173738474578492093270772502349883337864686537582527393279949831224884582162109135090490793
2067 64735002662999217299762096723390457949105093951013807000842325062015704657954856589686443074251398114
2068 69454346780651995992144252801852845337153832459615916295651685208398280088468982372791750638856590935
2069 74516735405322588650898735817391751590143937135818358603269653561346765721508747060693168528318469356
2070 79947031202538387706028187148341183022169648825971721307472168418865969053908346479171353970782170454
2071 85771893536756631626619525020852086090965974002014692054154342541337959710475220077234180283839444873
2072 92019907931719518620505538822126264602093529558999863782231203982059997875176176188370043572663150740
2073 98721724830997668951397655839522734155526594360204598143740304898822846310985044457309412753323372840
2074 105910208326619788134747637424625287504707894667724437836071993680154130810063387712225635431777774062
2075 113620595568334232843776535365619649419335115946399315474329618271810027764822419192445513912129253361
2076 121890667619280298839365548611720481851867190129766793370837606752680160466435554753437921854078086431
2077 130760932576709894789619513484792641451846663560934989988660308048679927279280924539309550558611462811
2078 140274821836902559881265170357520775941461814210339124014741368771279788856062900013085031689224961490
2079 150478900443445923649840718230397949098785649391724377361882855756332656835698914216375551715358018259
2080 161423092527788891407123218721701433838370688482027314196473273513127741740927142998620585884562954180
2081 173160922921275805019151141606591400214192191213694634075120811271299953071129111696358264923309133611
2082 185749776095686477043191823937406431354981982007776935200531949556661539586585122818580220185768345148
2083 199251173670159841653805242151119514896796011984339689390991939609290101106944453737908902402881584866
2084 213731071814447245620566863351155106523315239593584397960024645551309052801621842727364441313638406293
2085 229260179967848186793100709161344265609843503500455536712956132300629073415036002027960208690354367603
2086 245914302399654158904936128652430384585881837850870691431392402478858212601676142752961088813743556134
2087 263774704241837652083293652340976383670135991696299243109595013255809833819425640728258495182673294026
2088 282928503743125085762803508880125587955501773046897090387466089442291382121814180787082838725239197255
2089 303469092616299771512468416017240083929419257849256838944616098545462446449545469382646473465391300475
2090 325496586487252828261949477564615891955427923859062735504189336998695213484110287135089696101658435697
2091 349118307592046597372936977972969358348465162990295992715878596972184828453160800009180214194710192937
2092 374449302026630736039793778305277248893395099062337043260512510409129899699289031603989385389080809337
2093 401612894014137707606677011342677363889510708656032071670791666322676843243231595349505891305649515084
2094 430741279831980699818241588350175780491605776455715490853067250563505685101245129724420895121209837272
2095 461976164226692822823141674093103897158745180125082338684901915910903204817928581836364091886514956822
2096 495469442350496885776715125904531665650591713547961973954578503283589142117416050340265690728417748972
2097 531383930462481732495820399823773282635760564561456608916717023827296448611153531556948252144559658402
2098 569894148873971717297360812823605576151736865914836359623097810084109841295801863905324027766249793294
2099 611187160862147441812812936040104742890211398995586888883356281677735099606643285657194816061356320477
2100 655463471540933146325325089618338926738813527507330438884873169319767953364068722077217922574269110889
2101 702937990960989599926817502885290543597851124916501838280895237496088702822441943766691421784356204989
2102 753841066018560545244387033868272993199325632361866114980267018210932355692719109291238205276340316620
2103 808419586070416965750035252345445047005742533231100485619945022888712562609465718679156841861875512252
2104 866938167507141503641755775324644288995760827887100133409187369635307377270251895611945570001044396783
2105 929680422907886271509301867877548271324054761929396516798192164602309968394467650006526892302347246442
2106 996950320796924778172309526758192112243893107555637686444981307782470521977670498348470929686525685088
2107 1069073642450578304288390094323987634455233135851718154000177466405905705326671627344834739003448029799
2108 1146399542664957762685780817815647572640902395891996100080925734669965914343629640054367452003215556174
2109 1229302221878440204193914406392243167413993087400893279854113692863388562837275872369295200710385231611
2110 1318182717571008506133899596509684840629774751923272096152101050504220519284188559499078419650396313808
2111 1413470823428152675221089091669590359430498545726565489304315562187074390060856342938197144793408358560
2112 1515627145350537672776516423018451709899344424027256461087172727874840637684543402339485393283968560440
2113 1625145304040908974773794798028367310971331520411535584877678726633491469529826840434863206797122648292
2114 1742554294590973651126585713153393937490450396714165262584044620471595123263737658321523619922210229972
2115 1868421014223100365746807940292978714585407163903591851294850313629878603020627574030841584723660448719
2116 2003352970134761479437023191313058542328220858814335192680107503042655592726217513907218545157651193890
2117 2148001180249907316880273477778118941170051160684241793840471203734559286645570359354799085707858691532
2118 2303063280569264421063126615046066608402224936003273737562986499371834287644317876633765030031471525233
2119 2469286853798712739042535597419775658777382870045921754211967177816215489018544310601898720605161644909
2120 2647472994966869453231154157547357303420211233747985148009234839604742038949256506438593136238204081053
2121 2838480130858297610091543738559033296553689132381346134782727411622666267748840570849951611498991507685
2122 3043228111268827349590640961204911161032873417469960320503654350743707624088634742313568138536779725967
2123 3262702591390405769379349350744989227391057731005316939651436972272724447049753985995033894160613075663
2124 3497959725962830218936183787554669691249382848467030708290082071344143205657876277089638620236625383654
2125 3750131197322242982425300683034600172175265283897630691848911185985673680544559843463408267788244424888
2126 4020429601022079563860814404357714314218362605525088193668774929708146189921786892225436407316198703325
2127 4310154214390217365745612208871390854648418142556910259185750332123212411036396647964075698385334532107
2128 4620697175152078298729858043259959900259914782459272557851483279630856389900236385898969334987281197220
2129 4953550099222379487746412081680241997756852131231409684924802105861716239447388950554536132561852355296
2130 5310311168751625289291117491929599908183023185235923588773928580172356743618888389950300278886906495051
2131 5692692723778615422655683303929730931823523138549078548426389949113858822265958536397412837736303115407
2132 6102529393147528541757324373701156717752570723398360779805707151251630403242139903438852653737924819472
2133 6541786802909697460943647054125744537062914702190763915685791160465106468708001687234248816986939038906
2134 7012570903066418938878435103047379151381701344507949570161240772056789170348618735557729102876642873826
2135 7517137956494387493939222109592452877498986385360538524386030475231028277166096657298016612808971697502
2136 8057905236864309060718793629856375394413919098939658463815795377241155259873885824900173025764293287133
2137 8637462485793232384424173583871626006246379782340789212295939118885970874778876241194532141855741567793
2138 9258584182909510943053361977993196411527472237917240989679715653085577542484292667157571966609117558630
2139 9924242686398969149166114888325659947282838967919405813295757098181993915175766498532952781108771534076
2140 10637622305529124366860390020191591496946582079145032995886864926662925595125033395679200728689960240541
2141 11402134371178330993398847670177934556738265823495198364631546969358868644981224390317184986931643755620
2142 12221433374819676819160020118291877425337942233823487727583232232950971944777212047352828651708135820425
2143 13099434251591833384321862866376480517874901756476722574211870539807356520581405435546547221052315756643
2144 14040330888279047972105320425691715000858004420883376784782132821097519271311716471959187850158070881445
2145 15048615942787421532520380300077473126909640665177516873089917734220088906668710324002407970045607077089
2146 16129102067747193854281786664407633754924630375266650462031166429907293960391612210651055986468084288519
2147 17286944637551480333428220621489765155339476894789970272711116321447288720802675812382038684465745311941
2148 18527666084823617763502861005574373425366704991117262971723205453150830075078040156853820912367276870734
2149 19857181960188792806908625514620101655772583893432188141191955404568048339459533283082055202577886158315
2150 21281828836858107345296943211398546514128772966848137961471090349371617381985583869168347260309858224086
2151 22808394190381259435478359536073548689594567689568800750993843309020241294509506803778010014143311805960
2152 24444148392821557548425763652687995449467985014828457131683256827948427363151575966823055138741265785933
2153 26196878970788102159189763383833702795982704335251666708317736383760398277268259126022233395789110594001
2154 28074927286768940607651511800094008131455206149726848046012178305519346277896153929545847643304055227001
2155 30087227814968817434854223550615271105831195809176961978319428329161046312323692735417659879221587757448
2156 32243350194431241334542418397995911758284747882535502960813525680844971166655936748655076833705787945078
2157 34553544255449647627247099859995211534986066318206761521888293093126172319608965194633910352963967407939
2158 37028788228666371489354432595817624283853664591344616023093184760537468313113531143076671263286812469727
2159 39680840361548647170004342903876170472633644707005338224886257394390574588566658859491542217788906951629
2160 42522294181910543632433969423907749263312727520023851436867074941602714957285309694080661135050591122546
2161 45566637665919373716169274150887546634613534337576183316901684046631216572423973328194522734249156093376
2162 48828316585298859119761740349927476133399440004891037946767120186933303992253623211140164873502939182465
2163 52322802328350033730907535277644427648512138885783658095179831192817260550036777119379138200449398277737
2164 56066664509530045318296743448411979070459871120563524969600024352314048445674907605321775828902558116843
2165 60077648705240926114960091358331056873854556470073901343481018004655816371748142729214140752330153413182
2166 64374759676039390740628852287056027412221135405526421330973897870202364234077876103050385084469378120530
2167 68978350462081688574480249752446547458920182440618224850190605866126947217960624788500624276533887151974
2168 73910217764548439000957651182656217958354572417976448158562915915967975201057743954297396024192810212176
2169 79193704055759162184376664460981960225837629510521564897599566396660785707895870430234024815199766357996
2170 84853806890779882773408160168658101623137198589282386960584670368050552920033528244193267871568473888880
2171 90917295927776408771429252274821255882851390799647627358218498205987661189720127957892520828111387232262
2172 97412838198158534203276549143344541624342011282385894652663092941135598740924102159255318971182361446857
2173 104371132207522664838439268531115862423064422650848453015149777355318569466817076238141404398499341712908
2174 111825051487350641848590191321156799692011177269994026163014094453308113805194250805618392037572001889441
2175 119809798262222297562016068456020500171612824691006961752422688939188951090808998545379999157450186426001
2176 128363067942620516287752934771905388887824732253310254720097067277447049584908759966969312252490905859608
2177 137525225204940540291799466697498778106420829427614819276192209528960570127850200413906199226395194498849
2178 147339492471115391331845475081168947994942430583550876862234553125765811989588002379407729318974449062968
2179 157852151660164951698065414282198410388705803712340876323407667987441168821200030290618952592750718083801
2180 169112760142257480610935893938369302306029236232270777506894171328139121544012461892231279586336600790653
2181 181174381893317383137295490487596240126774023311738775228016917665356676152786403359796074083194625623628
2182 194093834915989247059464207609258686184660087467494648434150302849465689655962931500521206112500505016746
2183 207931956069981474311089080879919448220756946076934775166995123758674626487360906765077146134661279421833
2184 222753884531208128369043588252999472905711816521108269771267866279459482916317128113521905439536237042566
2185 238629365188631746923821225896129933404679301711867100950833579440628579920190999875330138002942473335962
2186 255633073375461595030678082896214805241877330122561398342433572460531509986224535538952774831293303136545
2187 273844962432036636853302552996992036247691351447800916534857605948853879943519091597279078392118479312184
2188 293350635699585505621012591590206663630958278482188929643733057562522081085060861993775746047737651008199
2189 314241744659724845802259572320675802589294632007936293398690052050787108573501014711939624980091538820600
2190 336616415049012603745386305405102892085107730366297658796636327852907284733412491835120041514301583558707
2191 360579702911993978632920226692161831418665044977036744864743804313876088435128758272751534606342196077959
2192 386244082687558497879236641656499729995631712265121096736133611042646203572415105688194443832446708486254
2193 413729969574381665365192581117009327029579851902326917068270073989053477385558588835037440211851372658695
2194 443166278574022556742392994030614963995774019451466193220472766465996700126313607535593003018944855855254
2195 474691022782924666869004428052300367876277880103695241937527944158456806757016168914093799811076171052845
2196 508451953676781915259072665866507075956184014708418458088636842417594375215015472749407383021720283254955
2197 544607246330971098070038332556747879610554705944342102855156869859886931599609492796111245780276156337367
2198 583326232718027493795878729943776204592888178541841882657673534593423556729633070855805590275160188057137
2199 624790186448928399436463026858762057862802563333563909979532101828801265425795045881578660157940419610840
2200 669193162553777619815532855440498620067446035806785052896996489317953759026673407962006296130247992818092
2201 716742896156161319079705972920328879769576202425609943375993297541332436569097915311826281726229696543972
2202 767661764153443781623195819052712523068575241720076397163025724633028057433931407910400950117738600599762
2203 822187814314677711584128900355216389433515528421011390581609366752777166867867283769010708939172879292634
2204 880575866503479673114514631023257462781131442458609405691590279627911225931295372003655931090387518369515
2205 943098691071030143972686148919299453112196694862711545068573416585454635170374925694085081431429717392312
2206 1010048269807297652736981513225031076883521846918836748303509760602374003698869260899133898954459526906234
2207 1081737145225170232025609099829626485960153833385222486125377887103247734798905376042298547424056944755730
2208 1158499864338776954025341253570371821849255665047723898097714780867505379905491652228225243491212129394805
2209 1240694523544476810890769331073133431450911734507752541842151565688763606962428978774307489211514851525560
2210 1328704421658891722351831052256431283724680127563067865896306225136191601447287450197287780962923119390470
2211 1422939828665959222811653247281931568566152328286403187038586594017703427290083732436947558262159271133412
2212 1523839878249811768906072146841935661407549447295244913693147420939608062442198927395424643506402594690027
2213 1631874592757373523931914238677231539136815781870530669778562398070079753330441524335771019721468714594752
2214 1747547049818865940940792610303881229941946327557029343492125682601753485146256216840646358282601651512024
2215 1871395700524126681134634153551894837669766578721880024592001396884547788391677807995657755598578053265159
2216 2003996849715039127229479585771797264086276916298783573238084945950473842503362232201736747464334921813156
2217 2145967309704751246803696762622920223441479754953079107966977045964809252806165876045399298893687148457437
2218 2297967239512641361361772989822282024888971924395506930641042068042236819849679276145001834383286289596011
2219 2460703182556303219401558885248648257551336716582129569954922405933814524285592293221603094603609334054733
2220 2634931316618396054226222466832488236419636683112171701465164304926650998851731573571190302688949246602588
2221 2821460930897959139001431807741471918395432709862755984292877624612633110203426968242905130219518408937471
2222 3021158145957674461634644434583252422731404947256290103819175426710872979685634913280414505546812618459772
2223 3234949893490753058972407008377559191048407981656228946090311885140023233080912983285137366357566058835367
2224 3463828174002972901903942627001561677797398423211328067193582615000038091881257260133942909908991841229763
2225 3708854611772283274702277001623734835265661716438777517709514852947895860639134173016736092087408174712991
2226 3971165327764063691324719932781379313636591802067496034691451895124008245893220490957384830181477563855167
2227 4251976152658694933675608423241606263375443707039830965056174638105788716921126123850736918786807138634203
2228 4552588203649646456888084327389752464861181612912520499068285489974067234527700404388968222555105408960875
2229 4874393850326528910704971289262846769293743353942962814684702471326707054862328435586716603290210278236166
2230 5218883096716835771471486449914485194284376500589847568076026480844642888929740039596193403518577835588349
2231 5587650408442578946198461881178828440480391833721914660582459350022017478912537142000396074618648884080239
2232 5982402015927331115578270404686052389953018186403795392418972764838136172404587476412301697479058456788983
2233 6404963726783790594866860124429933647257380654330981363822041647814962623660901765640826134109804919866192
2234 6857289282767450317548885776053779950074847013091980170154424476126164776237597106696624041363941059333111
2235 7341469299147096420057250068269109536153576929581032264990480992362135966673668760926234270885057917323014
2236 7859740826979312404987891169459115373901888859392256251107052347052735625735636252064656980303298551630701
2237 8414497581576408728313521374326855579464383389593105405739494960854109742274265422197481051086368944488739
2238 9008300883423772422512409324941622490366164980972846930386496501602666344420925481461980652530813793238686
2239 9643891361066936036156995110633373778706572833969750986930352118010483214963937550159069727662815435874751
2240 10324201468876226604351943431599644551582406532843773521717681081882663656170827386997479947334874700199284
2241 11052368876253968988087581186867931148862108511298609954815168646600119575832660827623573105355073229254906
2242 11831750788810125440602115467540653476716642749701157624453369399312756832022419333857661958008663495445138
2243 12665939266191183034941765062804859077463622578593407217358423620495320968403666871806481327269561803034262
2244 13558777605703750231458346245435217432388349013171323243865654524553416420495598978090348977552228960405705
2245 14514377865721176212009011420307254910046029647317352932005297586783025602907678008727614738299368146467787
2246 15537139607935549067394570169020651817732152518914307751039660611111545581296930963210679678087848367015522
2247 16631769942966526715524868863711464331037410221859707844447115896945045080848191934111771744359916747019120
2248 17803304969762571784180261716536681390467629447646565472178560017784300462537670359054859082712914178055139
2249 19057132705413401036448722689315923249137347924551426069851396899022422075655300502455968094623676403403830
2250 20399017608679039216298911428372419733712060555149655575610738360168374916864919571316242847270092274662443
2251 21835126807727148631437490673689593263358908665833673759095263118603044575829304989815701532501462039011153
2252 23372058150195923621976018700605117572647440539156885145115332348920870989647614783937608143845341363633472
2253 25016870201774739914550399402980470228729863150186219915749310011166479971029123952567912226475273646570893
2254 26777114328378590134267923673276766510468579381049515182192334188212977794414355177135624778616905048816094
2255 28660869006180212252973044643125371099880132047445571715653358902623688325985248452300725920123746561908783
2256 30676776513776018786341147147108525876038021705886230972414085726143799091106664839641409333752820878707503
2257 32834082171438700260560525437553418639576585271353208638804187906000887789247917712143003467663537732962981
2258 35142676303821894283520710951933999827487346483721242496409957986815293170385269128046233289242007872867017
2259 37613139114488701565155592344350757853105790303239612698135064233100630769437232679509839540314642593909962
2260 40256788673933223166194521406702005230057239308393738792975670536457346378975807862560213485201564553697365
2261 43085732236394617716085530455526811502997516513769147720535663168144029770414216105575129097970249084503264
2262 46112921115779996548003877611613595915938000996879421015182568974137792084624029234812301997681944901293406
2263 49352209366833690912512576684421309982986189935669625788758648118465772333197938045140029368732842437714426
2264 52818416534803516444049784166599948498565346500422509614841980993183342836824381624217863564843540548219277
2265 56527394754671022966611265970515228791358741281232820086118604003028594920760999661251728063469406107579450
2266 60496100500895848289473865103762371220304583538661984292997345979708037180787955752130391125050496215850102
2267 64742671308879299864481248119690828951972389462124786794815241001440382547062065179892457892042281035212801
2268 69286507811829482102267006921665135793226287304128661237896733878668104563979918139341349029929546956293526
2269 74148361460158381927612455865641895945050284266029121992557488760777813105605949631375762829000479317871609
2270 79350428316189967375884331203992927932209967597301565525928693301205121858736060747837115807399537496166073
2271 84916449343362976713700499623380674219618204300206624263042751180744940535151149141258064017891339893404566
2272 90871817638890559001616518898072435476053350499189085819766528459070455404192679664913539500089834103405304
2273 97243693088851301625517594924725113423757865965407004937573120200773182082474828816506860993295432976170607
2274 104061124958359157044680313799534767017582448346272052855800677051351566881963940668980530097752290190211874
2275 111355182964202665595630067894883024548677753776570872001048485784019594837668564426276001034534601808264240
2276 119159097415679386312783563903147946275869676937782558044071951592304746015487455931475744232501642380215845
2277 127508409048755731237052454306859714644815880565293746007330981474754480668110588792151259240400291283325112
2278 136441129222644293750876969085165197963347605281224167112975505222575420859010238722101707381958058175682673
2279 145997911193217644011052819439643604526360960527104369570685613887999935268517277858077279981053869200894064
2280 156222233227323071681241919268245445753501257699934524837705786063476667822084513142702544759916870113834369
2281 167160594373803520184861286931328664997224207760586781433755095470055285349146742227471770832581316941342902
2282 178862723764619937625878115948189487706720461030629919937906654367146399097470740521213910916737371026878538
2283 191381804377427307869218829476922099965821288854941605994552276312102363568699941010554870796960209726077831
2284 204774712257146452421396090716567574435150907529049626467238147521689032837965628514547785843367085719436066
2285 219102272260795112042417656267566456779069383375945709786891296706953394562429700237920459031791467467086085
2286 234429531464370696162100423997513021191491353125101265978552740560293410118631860545315257699427225613165244
2287 250826051447424844502647371935920614183252912810202052701408048685506480977052178630135695188262682188323140
2288 268366220756389763952837591308304211685030045978637988937479050763328123087152843584263703602095743846377392
2289 287129588934413710447996420102782294235332954147800809067484117075474385968951990749325833575062090347234668
2290 307201223603656767591141548080242728697162857882627929620193539945341091753242924804965364327390156143130001
2291 328672092185426491975813088404600883121588962647233264891199299768451529648627261608240236101059987401937073
2292 351639469954560526270620362996012832156125972026586445497136977020634224212068943689187492532366159725336835
2293 376207376238363426851150883092176305005660758141527227869154377290233674328080486993991533951171283776527825
2294 402487040698069322817749752207055138126158368310334546035661893015653778594196764283809610413873693568774796
2295 430597401759421540330645551885178525806407239544073098331979400756777594475209200047615655328968468567762786
2296 460665639405096124482613993484940011365508292660170965874446724602305928733303158485490937738132428450626153
2297 492827744689692989195009349559697079177766296908854235872300624020954059650184198214400416879217927531405721
2298 527229128503057056116997222007760538810005212853593578015163165906013479722611482594068741325838061266586058
2299 564025272277231360335233421530905026000951379592193343338836424124595791147852154396331817413664363247067673
2300 603382423522135705418624106073019589014793212694055709398382063621073567531912912910519880466961929050505134
2301 645478339266236941293289230589180868068688954167110846749865060884220570686431680414515770915075074610722122
2302 690503080696046210068085684667791025221299765068390919153701460640765221694803300555892440939932899935664215
2303 738659862508065319279767905837382740889708025832127187014779770139365123263793434675472748549250089943480681
2304 790165960732571146500222069366203932025920616811281512492975375092156355995025244912943591871078712888056230
2305 845253683040143421765734993848621625135737506599547537475392530789643336491492018726377412793674854805137565
2306 904171405824345619090901708933099403109046265106344480350641587623503399532077843868010137104760203345669633
2307 967184682638505557930600205326221051125937013986030833082091138906099166521702542290989574691869133353912631
2308 1034577428887078202157890383821093502767882376411455643449919684785658623213897975025287241437325030828964313
2309 1106653187999498489339366321331796466041167199680807741055967684925539056325153183863503903199219073837719278
2310 1183736484679377474049891142892559078069987472408903827211830516987012655109932726355508220767026545779250215
2311 1266174271195789781247554133700366152952807912954498052053525009412465197892694524623398872002386656580525736
2312 1354337473103374696509525786521163432708369791759072004664271540616207092986921529136389153407765537908726657
2313 1448622641200195649707275264386465454513614341444653568788083985369279467323037848161807143797894790157614932
2314 1549453717012336415821970059623579861093122856830530508842220047891621001486647022615065737117384570871599462
2315 1657283919580267400064223318979904583470581071464588674075187718300065249864479027666181070512415109011117041
2316 1772597761864119785587825709385632528889537009113200950028429545451507934966043670751607021258311334121893594
2317 1895913205640885945639873213142870267403574520001387521395942501839369935818579082011386098308816803165109452
2318 2027783964389460716510634612389127167156396609635337833999458943499799015629336865531643189328602008537734945
2319 2168801964288424232748258426214535959602662938460375808883448005268268530877151067843851642127348482190669918
2320 2319599974162344431302301071696720596458048538739119878993990862835154734509173185029397152417205583105940878
2321 2480854415935408005215292770409516794053951909380011050529235142480567960214006811970509537785458078145917483
2322 2653288367956467237720408659025278713607094225170067343660100300253915901840544231303118692042430415876462171
2323 2837674774384337295397950732859815602986651909433793931847003433691986284322537613710191951746834768944307961
2324 3034839874747660289230757436644995534025155541027361093946464579772327343245812976339442458062932826153708383
2325 3245666868727268579125478753730984557591335335345735614830910752565656299652061847224464313346313500017124799
2326 3471099832264121521805499539980110320055978408047969723570243599596341004979936122101468292916538714632873478
2327 3712147902170756111107709766194425574877566013257907423317334231469977152117691143280482320050582487291764821
2328 3969889747617356164922855870586122534214138403032039250345171877134276001688866500870488429107277366435765466
2329 4245478348090038009108348161562237569874161061796494042268603021568100790406865539176968319605044467313764121
2330 4540146098790448234883295586208338527926470763126903374138994010156467629568185108017080075500603127902786431
2331 4855210265833913058378098941345268382059464750955840596793353619863366385191066277220403894692823614947635582
2332 5192078815167456768178016850639547852733057406834956549064583346483263739024609559596996504459606353058137185
2333 5552256640724322160034386034837852462114059133582831645961795173230946158821769146744164209715072356718776002
2334 5937352219102876765504594373358699437267264414086281867468803873803417901813768487363245403990224431966952476
2335 6349084719878082372915984953589082360551787020969665116036177982213967726063350992845853565607926658463267256
2336 6789291602686501256297546449931036282279658191904492651499971139417188154984466059347475747279363100224468777
2337 7259936734288045912700589772529890533485848129093570334511106576090020884043363546500896160113173107289581318
2338 7763119061125494049963511536918772902692554374674413682929613297701379235169477214125840724636155306901884459
2339 8301081875271736167580109247760163709309994133872942171157004332660246891893938168009481410470054855895896026
2340 8876222714280142574507412081252886306225874332814859367786676622830950935512321725800369358604036447330842878
2341 9491103938153851858181120632080329924290895658740906132094267762768875152131259444786081595822298015677913396
2342 10148464029665634286904981350311154603325441756729071324224899546442644309182006923227252079603363920928423757
2343 10851229667318044434907267126947890372307608129004740534716417556645808804769962575077897826668466359266480190
2344 11602528623666369471929911450702915653007255659047665810778540658098459703223954271151579109302879255337135469
2345 12405703545255834364777022513986138237449022070237952432207981591384311537696196153062806039516081092627595957
2346 13264326674280699576603160393644297125328596694920011036726206548291774357102935422021437070886003642579061568
2347 14182215576134053843526981779074382857541538148687488487449347989469407153551599073906665033119856666525871803
2348 15163449941430245402177646807954466110414786142886019154106040383972759315004076452336537297670940206095225038
2349 16212389535645276041965862211674645946264836271590484754853875349284872648014048253073897680288470436345704126
2350 17333693374615033284218711529147303143598817176772617322230876715058266978799243706136205329442018604018350991
2351 18532340209337357742167860287118069231848273288709764743867831351866632939363774246971435159936782963238786922
2352 19813650409269562871259401860305019984228829384056980926028511564143153188410016917564105322342627054344377218
2353 21183309339298785723406787579907428396481949862859424985158014272846307517700951034766800305874849094674333959
2354 22647392332124997702888956735983186357619872529577178753812503323349372468957030233334962792233596339033788909
2355 24212391364571737192344831562870263061456229428267325019151118935307761133510790103200062813261708488093276233
2356 25885243553840992693776161038221234794159881115184500094956876510511854947647862101341693735072264855489225866
2357 27673361597498291516993427271033057520980629734035696275806985584808009493827666475466310167272546182932574806
2358 29584666289438807920889483991717288160264123764761772388874439537849028066217329293565398356133081787240916450
2359 31627621252998077041961338813791581081535224242206668330344398291230076233439835847559046520476118881468143665
2360 33811270042052289195382623784330924132091885678817481142083767239635266761133228755031191147443572906868671341
2361 36145275771012532640104326081462631743861174170264566931636049070233645744124526216894690304005670888105131342
2362 38639963445721443565072683448168330983611266161822855939570172599380262445510717182248097670447921190380449147
2363 41306365178778543133867386144411607993659319427518757908480571678280125539746602934701913593774512091224399923
2364 44156268485330807190198302045418824204223974521841080047017307278452357976520920426940330088582338682857263099
2365 47202267868604182267643668965984125547731486175534269599049068842153105699316608280125251345879663388173775615
2366 50457819918735272047628878816378010729217334202515769441058493243609759303439998655316677289875752389316176521
2367 53937302163427709997190779109827959027837356575257564928276986157299197991049801485272927417020872062611678677
2368 57656075925324113370037374544232696945157755985230485033109873015778540585669980612053333112211710816979609253
2369 61630553458092981869322670857876095839086410740513874940926521409408353320632502547824381969677070778692974973
2370 65878269651714620226484100896972340187959640427981071919731809128541708853147038369835771030156715762333808263
2371 70417958617088593678283159830087811125497750219459511224847172368869625358216112971604064892506594864062258533
2372 75269635481179239924904682679116855587181817178033889774971413734506986583625117873021425312244593403808785018
2373 80454683746111224719818717817724612123484616466416015403566995414075242992285062514055648888924669392220247828
2374 85995948589802724556862289548357068320087911716721836401512658453194531273598185589345458271717687901091092556
2375 91917836511126591390385884372894460607347499945602394053617234643601217840421686180332418029446197859799729811
2376 98246421749824825119073423855879845302183936055965727512608266654812256353571290406920152195149216638442306784
2377 105009559940591688029418969695594792839815047288276937089475688536963256045913747065526670745571269565017714231
2378 112237009491825377306361113328896742426692367536515316330968136544013200031653263790471720925513895537643206675
2379 119960561212522753178607165555945904405827434402556705362869719908052532655421875719994341082059115734956098461
2380 128214176746441735011462355251604474307892023254134147597583591110457374687402674608155133652939590161283049448
2381 137034136410301046066163167012696926192656642549323770654370075297546374852709795297162419366619020655963700288
2382 146459197073048638007883396457512014126405640905112202454892934863195080943156549774761057035587178692773802192
2383 156530760756468217461307172681643572335079000003959520613678085207268852438918729046144027414954387579904346881
2384 167293054683243638396831916755499829363939016974004937631406554837935241682963585088952503197498420499939864241
2385 178793323547543858983666150210218325635586550189649874382494150335366511138913974461931679386787652404199904068
2386 191082034835713987197160446543683119092609872441330450084760445585892319285660458873193286255226907974046058848
2387 204213098080574746847500743271157416844497399003224134427777590931448701206889574720848664396603060551321531576
2388 218244098992098425622081034291144391963138507548496461028401937415875344700140545560263555877848097635900385028
2389 233236549471398762216729223411314983333628720586562974102465179448850386504374355095846906452212262714818730173
2390 249256154582581997249555789527044868397599580447566679068209417754636590262174606290087669359037711559161142593
2391 266373097629541664067911988427832422219446162695132612188564913150311351491539710410143738012164831645312029860
2392 284662344562253036596184506274445418593228163480535325055597435985201783206505644267141138872060955278105609772
2393 304203969019924291116654862058625315074485660000866597952886443105729134778112436295159803653171861584285485858
2394 325083499405825004001415207994679977434513972367915951873469071950027598433144308570815445659352158383683376136
2395 347392289483709268034725636969283141038389790369911148728193172671246942628758271831378072200442328858495691557
2396 371227914085299155069151069722042103707036663086991561970532909663420988998946502620916813351719272859910405181
2397 396694591625922544679673741222311023843841293951352202448976725022391488955808675273853791105241128573281530488
2398 423903635239468874207316425560380564689559031866075602700606315255914090075761737789319924219873276761679495407
2399 452973934466600923215509147278143920067960728693440151511108916189087906325470472510145925586162246393051216972
2400 484032469559013998706790711785693809379370502263404988051390918207005943796806517572875235780109411765955541236
2401 517214860603354565151205062852025786934953839598655026071068385036599078630298089130797468028288618870333390602
2402 552665953815184939127963440582310477783675983949456794445779429776111029469729801717260109177812392543670746132
2403 590540447512797793832456297804208028982477283961757781890055135464719296302763907951876285827195297032593259859
2404 631003560448663509246753880660334624998070635252094422134291397708873185884760426014618379746840279802170699010
2405 674231745358201918904587780222330742888132795392769407929991691538894305689823179098448825228837013470724842765
2406 720413450775320738017899674084252780226720995407167902606657267190528318115689199547587564533042611919162911974
2407 769749934372872065934085072949261410021300560011873410604421016640773085985106687673950067346820277429915421020
2408 822456131302069629561211664273436592989263728317801015812987668479857893830778889575327258718239956621092026376
2409 878761581241195519238782620434985450984420069844022511551325928031243624522093625975344636284245640427240674176
2410 938911418111227821396478616858117084822231504138442023887316189476945111699223888804350036204746889406993960895
2411 1003167426685382915756222893882144664564040819753672466145497240231036077133968784762966406312827308466924696812
2412 1071809170598951877763138738886722110519540383843283560897974501968932660027049431226592054149012881412904992907
2413 1145135196574443722057398856963801386215539967072101642644658400728247510321168634059360398397512829409026569457
2414 1223464319996049555006157427607566606288306355132571584187973452881772786653691259822404070590648709521069598880
2415 1307136997314881666820027285800346922176520798698278031336144627893483607727032912756481790776904943481661051906
2416 1396516791133798423152658650364103055018541170061026947733052865123123160682408984459521421804072164046273795593
2417 1491991934216126071068539054743286472672638142897428371459011348847713479260157889415418901038316424223680790811
2418 1593976999075171690413625960696895158759260559472494269632164714689858577683943998443901767547780742366636684951
2419 1702914680259065831126214058116978455830274603664731574138653880599880473448885167977586874801839137203646090598
2420 1819277696912860384096835644495270715676232291636132210529271508450256757843226795495432746013053558835623957266
2421 1943570823716075861304542463661094740098993766751538325619980772052989207699913558926924731774119100931294110213
2422 2076333058832417748449338996633481707429959233318581968844888113023383307844639318556839123143119769686029189754
2423 2218139938094789931241943962217360605587261250160970872775603364616153968399862805679202543985752738136869834993
2424 2369606005256700012102428521587476625219048933385669594347251437356741621561223982828322615867281972952994899156
2425 2531387448814948808886693821216556467069675784432146713534682049618251554966058134505531654301386062517009603905
2426 2704184916599642279621706382297718452544476356652021445845555608120594703459660815337802949920355573057758970695
2427 2888746520088592618020063624612390371768660014263747264659559273674188649616622836309463977356961710525795997284
2428 3085871041197215537947150303864487292450369892121093633549750953283261653078155660250323144802379165308494134791
2429 3296411355160595604051919322999822027385381273285773739857112607113860740885436169578678924201666947635778417983
2430 3521278084019771765185625617532540914017083449183334090785165438342475469322678167489162262385381973372787869490
2431 3761443496219983869559853667670349307249431882927791269128855939885526723690440799941103495850052897365632494889
2432 4017945668845994683350131679956028463827765780637947697667589652088567937530110490077284465535457487126388484687
2433 4291892930142668753055035141578272998041895150062575149752375963143417912440376340947727277146395549683746427270
2434 4584468601139602947408939458436345432867744603191617592719334733410925469141067544850597407932066333850059060311
2435 4896936056474786962940505733131890667241143711595743440699142084323239239716840721787565042360317751095199922259
2436 5230644125832697636637556031981256551821009638142165350539193681449180371198900237409902077619044724822837801213
2437 5587032858879556447158789797534365547611781459965808224881990383502980328384932959684326095806147744703620970430
2438 5967639678077669101779301560610924874741643660436771309073816588600640987263041954347261225917679772615836487168
2439 6374105945418303199089569453177319340494272956775824072639358398494095611034243518612938194345314171672026925152
2440 6808183970835596788531506289896851881533831695340358724803985479174320912376776972622189612592467167765345781888
2441 7271744491946491863230715632419414478944208374000139387139620397372719252354563997667280706863315416532000874105
2442 7766784656706419496120043505208081104977062433703695479047328021375878955741294344396350386597192599373255163565
2443 8295436542733677497799553742584430528650925182720329849273723723636469528145419230091101213006220455201536355948
2444 8859976249265291932733686138543242027495828774325973714681046071197267249509777978410529334498114391598902698393
2445 9462833600147367026572827717584631147226001407600713893566825162288258881673971358797460943614485027806151228354
2446 10106602498803440750563500898239971371586253130316345693760969308869169581534359791464420900125721056374513297274
2447 10794051978897027993593019685680918492287313900408226219418467972498405902634388637206702818629591163590129309912
2448 11528137997270387948947190826826718324081172561015121523745866353201545791999778379559554440384126463616104672859
2449 12312016018927775272876525317809176009044442962376107723012944117611896632711446779501313452019725662501842857054
2450 13149054447084424419128764554827862018448856612214031061006245356386983632878264303008071382489281091919224003546
2451 14042848954901703016943146835469472648261901994529305999727683823780116938295090040639497710626131288186644177789
2452 14997237779266686718738762272302823988380992125803750623361199814974767625100872444169161658707988877843100368143
2453 16016318041057789319617707758167792947149384253232307062929764477406749115863940102140015111411860933976641154492
2454 17104463160562030689129427904634577846977764143142590621674933914936886815989435478167012676922333481676687858588
2455 18266341441396349580581981565406214992615223045944491807200930353737564756730299791858708193877759279821298743924
2456 19506935901081884705198454276782130950624071814535886401341867137455819453162626567529637568454949784746400958758
2457 20831565431713060951686878214462141448459265888998337655917075887993179892031634841729137441942138296956969034585
2458 22245907379669410198131864128245008319126256505823381630273424779409539308900281975172335180541996361775213850612
2459 23756021639331132469770048661965392138694433074194446952774104528402077072324094977803048459697627018934134161915
2460 25368376361976007618652830976747027453294782153453976629608121499611100480148573694422496225511182922304110924681
2461 27089875387933917201235624059397630357543869126185945358041586983196838672977060879023030579734141231949940688093
2462 28927887517135366720615908421711130204302072529416200515286606284372235936506432188161141509704955995488010845180
2463 30890277740982210315068616620266049215495839386368316778634854811987710881157173255537193226627435413224791423688
2464 32985440566574608388914390408750419063581069236316036303461750500912451543502789721514925795721958281024775475595
2465 35222335573168854716585163927405488757420385284310840020662588196342466581505385067030906843488339104803182396173
2466 37610525349901264279456076081994900141716180535980294392928127778776659021592995732153530857045943571955579713859
2467 40160215973952707120073485617415823381497962908453378415448829101732580737713114128612025370977977627455119239211
2468 42882300198726715752643070301448146362853568368066927844738585657635226627931776884048173364660517289625127595990
2469 45788403533072998427797602295218311217668845549434847458190269490933517877787372529525302243937039369672777558145
2470 48890933404512282244968218259433406349421590909122652331264929815313052102492094692075207059342766637171841756228
2471 52203131612427375428089339501799509570206676454113918360909724019847936588163238491787985326081104574925799924061
2472 55739130290665981509494380754148398739233495324827233954666308033498035144497211441374123473733094786797192900615
2473 59514011613900363897901397460541279166967620783778740505956542205409618893457127924957644696387008550550945387953
2474 63543871497399617068337729789885213910853812622866467749574825041190123066579681976110748989962212746384919271030
2475 67845887556713988050459706999461110313335849278017081275622710703530757935644145132738308471231457002656786933882
2476 72438391611314794278077012740297513276194451717444268532015280955627668557431300860396605880058375477019048581776
2477 77340947035355570736230195270932432469052335926145797524696129402885756664937700523612341750800579146877882640105
2478 82574431278550800717286392783185105249751615247090090168006256620112423254244639708021620905449040298046968390861
2479 88161123902074151389609360236838770619742257033316801854891890854945744833536253011182039962482115463879418827161
2480 94124800496891873151815632491456823941310605201462444544671713864670768082310443052996235765692949255793772410277
2481 100490832876713934884405959568967482085185710168780189317226666814478689627667430005396903178048124023658494051031
2482 107286295963529704619234260523581799584662462313392817640173691585036496214320159678325800332941342730148649703124
2483 114540081811791325463371436664171463040428788137223883022530696700373247105791188697886907166105999520407305493051
2484 122283021246554860965992446134081709810634613868873532462172782922701405363660610222797165602734708907059187227029
2485 130548013622872739313823566007161723522688574236959904328375407887653613276807228256327207629674172644413114468278
2486 139370165247120210322941270342547824620441977015473770547387005036759321337468739175132626977163732861532215571471
2487 148786937037074135340997973035303851955662976246026055770707772903082145776224130787627036904489009828154577304169
2488 158838302035568854855968141287143583705975235402054333705402666838813586071232487053576465501864666954421379380529
2489 169566913433893106927584238790950224263339742788476114989671155084342894967726898907112404757051294283959335376511
2490 181018283803941483240402777342497346942475177998248036191926755879207611787797800951397199033483066016826150617784
2491 193240976285269286846644428928216684602571553055251013587580254777778521825997082202136426917724628346240813775643
2492 206286808522115800490001785633935224470578996132503642158390485483805163765685712700633587308639284928072799028300
2493 220211070198642419099799934748636398779796384046488448483081082526764654930425960870285206977966877114457452794339
2494 235072755076525908566512561551227047353762333476654047803392569608252149858079345485567770731994621370645286225730
2495 250934808499549854615662242228114053716732784117560002615411121866152456161495753225231083759334224974120138075239
2496 267864391393077358060996580583692901315411167948262531815947530476395337102168301330968689884264123026067346913974
2497 285933161855241027926917080927140008629906064758055337531676440827238809110729089357549318285772008873811896170106
2498 305217575508761213458598257623660451830719614068104892003670152948351797900858089557036837796428073396336732612892
2499 325799205860261485460611372157456988353925664714105471523615260645386185567862160968202631649810878594369201591258
2500 347765085996087282216718034318919253821731421861207908307806962400880372284598308734687375021334055639221835724136
2501 371208073032468335473444756340085763783611424832495194781330776267778524000858101252461702971366655159845150044762
2502 396227236830795812189297810443011902860683746201067590417336583096052518181324575382602626506386449339731118202717
2503 422928274589853292931744411384275808582642895891319975584263099665725581622967220318085836092174922776976779151617
2504 451423953032919880890390916489182193012105438726655738892469382900986373638803926833911841962044352024309190875541
2505 481834580021827740729825330639103365098828759086747933026695291725999487302510956410588847351646278789421079200955
2506 514288507550938305278402572579901011826904952225965949192061966345789455656932297787450223964236588185905801368158
2507 548922668204106398750163970074683476873713203249153706441343337007846824432601842630335911034367031258759408421818
2508 585883147294384597833511561775919078019535984307241120720728825420244874771829679902069075045942005996491591085041
2509 625325793054327492799319075518605976048892951435235223494419930824030257334532071840478286623815294092488756891917
2510 667416867400668406920875975674894867661510912505525839502567467872795840504593069722218544671955739723485418249731
2511 712333739964502023835127264620092818421914719211080861859334668504735129201485366961826519898217868569737560566131
2512 760265628255658303555074489008270564136104233156419650255055121218304968778078053478955406821639976055711580991452
2513 811414387020631418903538434871595064143766101176242914962729416311113756727481837424406577566995021984448076492135
2514 865995350054468730885562639742915439269629329356905701089247885941408661719447438680926737384689059013823223027654
2515 924238227943654840340925144199901445158554701779822428487126846910069165764317506047607790724080445151559756102220
2516 986388065446475909297733488840437681300749639754346218399340447485457746355676798724125456893845605709253613340209
2517 1052706262462277059553917111802493975012865708028934163245831154970878124749660365319670760187608149169933231350039
2518 1123471662802020316686513212072112951269476846797881841713014332399109167235114930300700309866156602528592116580157
2519 1198981715251818730669745063812181242392739661241610762285061615889260703362914118923421265960933375251088433678201
2520 1279553711716345050291176648244777659869336785543708924051465739082577248841954378770247387128987899735585268818441
2521 1365526107546461474886887070402513162895520788285656336242193278999163637200770085651773483266201936237764070248440
2522 1457259929492343185307176399455480510493924766638513501240655287608474445236512834319500453833182731395962208842008
2523 1555140277081988332823221689575456965299515380375007723467031421824515289619894673038307042162813882839867446530169
2524 1659577923608507352246715059309194500460711455672924174162688400096416388623857336590127210090924083717544183175571
2525 1771011023318117151027060564324908572709623735432046827368392459289945677084671634926283995937282387690598393791339
2526 1889906931824943337039293003101727189507703912457315435601618573170760098340934804741149934596593633732807152404981
2527 2016764147242742728441183979745106324197264536840278056573958331211117342411581456627932292243575104832210453580948
2528 2152114380018856225381788727412167220855844958803155379306253635629888062933853368192167638115584519063362229127561
2529 2296524759980640467926089700721698881510557783616567517198684174154839580102846262178021398551235744161167667286728
2530 2450600189667437074911323157105899911958590244589716290578578777634302625184850126554386724948833628290851508117470
2531 2614985853619337336987442886748686682605700868589612342070109650974302264814628508079200113787645317969446678042669
2532 2790369893931207415153203404801498441061560761720929908083174746358197899247007522102774236620788967164463896686549
2533 2977486263059495974393211218545715649562931932138353363302852017524395614448682453349274325890669072981105521670524
2534 3177117765596563048727931078340977574118173442842780220028430123926530472840606179552854262750740903738076508193240
2535 3390099301494815222535583879212880695773284692171786071549080327333162191075128550500797979981152165225831470802847
2536 3617321324049575827856664499441817709943529789626121010303878846438818150252779779862763683107394572180035902615754
2537 3859733526824229122534302695334335709856353309909849696719200615769297637570037951922178154536641415600993215513597
2538 4118348774636965895605293730764784682748751729772482866267713120524119809938640292648884482038482090005968111182799
2539 4394247294721408977238910776521546655152548245358548271660833613076293415685056533326243148939179679325881131274010
2540 4688581145240437822112235348175346213957266189367055122236452011408139566072009994684555702871519039570535312406074
2541 5002578979455620727302878924292218219277178224368690769295920831188306746305083941073670792799160166335624585264860
2542 5337551125067368427713767151676232152246088913355246476759976863789243462864499148035718202730939701344394301127263
2543 5694894999519721189431670725926802692986555933157144537489217110903280654116611969203421737355468121803972361965514
2544 6076100883437247779801047458113775520707798346188250223047946728823246696840266378439444037150092578813345164834363
2545 6482758075812711892242061236009497647154258575442147091333626580797408626316453495087243144941626662295160541467986
2546 6916561456130408219813934260323845179989697768377877643570711072658142813521959883989923988228699166148354896529504
2547 7379318480251244654803354899393967386811649885720455562755992797660517867036632320966731042371575314371188339333260
2548 7872956638665005483348834040801166113388725908961974007970511926130368440622269576970782371362482851577052260587389
2549 8399531407584407291996232331682960523855676105028890985486460016239265511897367456262312464593987366096668801311514
2550 8961234725370526314516227117348908220797340555012966517383308727308616396758665105105837477890510948210372131511838
2551 9560404028899939308842545560812751646638018497184265426024777207387985167520140706735472797645362983025558001937432
2552 10199531886781104089081609684708306617118147350552156047560701470400446770456088351789775090166142817160565474548892
2553 10881276268725848917887238407911571317517333073534357320296525873722701517614544854208515759309865337029100970723407
2554 11608471492990697304505420512813248702710242749454289788586913786560961221736028935933520752855252992730790021473252
2555 12384139896537829994634075538825619501460973716359610388309980561785085763363441609402252254699031595668479661452239
2556 13211504275509518909914168685107035719312846752538645791694852095765769916700821743543517474090608730085494860659685
2557 14094001146725450533968961114247112934287349174674433546442221842191716229202902690670521343369460836098663950742373
2558 15035294884263603912888289384293461889409476344079022669513462177737476521442118117540460639386410038276973921541559
2559 16039292788696708150598779149924734417000142210857691996405423792492722185891969572135251117110342925719879319088983
2560 17110161150383932124989596042248446231127869260234388023420387641109209271567846616608803380704951861627031515178849
2561 18252342372203945608764374038249509134316093029029724350012861459299372635868874930444129823814130416578921302293396
2562 19470573221441067498910372448430271990635311319383368904197694264834128968572544915477374046279774047381088704747596
2563 20769904285075798878269427404530100838646079479072637536936646229907014442069986809401676967795314605358253225521587
2564 22155720707649857642335250835397745323665680460892223243447880461348893519710997916661997047196430883793996589282940
2565 23633764296007260645861403978210349333943037816069818158032199653019805442610778368074455504860123779051344951182719
2566 25210157080808616780100023401020370693823959300191449345051276341509124791886305972974325108149072562012023885824613
2567 26891426430552376257894028861898508009802073270568088419861045980843899736589764269117194662652327557906898786809997
2568 28684531820161627294530718969219068032485483468515642784869294175583106135680288771659154923779155947988351875419665
2569 30596893362835660214968814994937346723787770382705534870724876587768603062395681946456552710928096153289089305016552
2570 32636422221060828816730898016866753895595615113270764163858059720994894972661692385284131777445386769397468060296647
2571 34811553020173294470087571352234256661581277742377251569321426348571630103920315586421891836297411288350730495944201
2572 37131278396060103309832738094426747202362371709047878017120594178065372615129188025173161730929184989575260820619431
2573 39605185817109211645420567549840135732690085890053667394458976656566007985751740118509204237327950319636720662450844
2574 42243496829775053334862113818322949984198593194416755402209715956088194535651882713302474375827738128218356423839044
2575 45057108886830974312647011448649201457207749128608201118876876431990284522698551377987528330703617825399366319042792
2576 48057639927901136400627402506539886384533055401301232708013505621298499203286223318468810130049846561652068090303186
2577 51257475892828514424534610554198162105864636053500617829350755315789485745284662932046536048196461428916673208700828
2578 54669821360412774124706501907986952781475929236115991110521435562860807440550093465302758214975208526286024300231820
2579 58308753517507389050266456612763168532351375736659698828236454086461692581839357874647046523089637077948844782786104
2580 62189279677004864077176836184554017963822886937309246927754710637989707156448218119189391635267175855231827299542230
2581 66327398577415072702368723072919308559853679920887213332072983802351120561823950954755839345838367840521633163312382
2582 70740165712126262984366143784514972698060670898718298459910708899800709488031165092371268280847907022874510199361002
2583 75445762952451380188871362156541381184664014892064846287138707238135499619670671928564263771346146995343638277021196
2584 80463572746076161453248611030410443671868509761668190116828944501086973754558182503461386081432946683158124802429414
2585 85814257190724596437105871338865364221880776000176342201369754864276079665469633845039727773220656958994676137476271
2586 91519842302635228961944069351498777474219776938673554141501680779007279013523018868151441439789723471734343438196495
2587 97603807820162082775821418611181612786963402957384892736419568340253363147691850106196856171808121522135413917122207
2588 104091182905284698252049976858559875113819570642433917119046646804591858935630680598674797555029346272074516013493647
2589 111008648129214456841219337575438313006008508648110609971844849762112479397118923898933211111345222991773566770419650
2590 118384644153868982200077657434832484545624858447454391118016391999984980963648935968173927078258001440678011608203670
2591 126249487547555069532096400410179378764702170184532625418335045793908471011767691662375761702412761631257949132590966
2592 134635494202117443757159960874633906332182988518382825383334451819851532326815763191321477370605610535762173318195496
2593 143577110849057004832220635771386253005109567479052634739359824591354817822538690325327218438091060821078651428927298
2594 153111055204943379034985998320475381306789797155806847617551938700436550464403542720427385658398443509458638425089538
2595 163276465310633816671957617700084895517128084270133234357480705353388953796892755057012511064781674300090476632883282
2596 174115058666158657776087840515012540690561053043622847435368100402098297006794984998357585350104294173792755660401422
2597 185671301801956870152547243928593989057292471838574631535586896140209073975577505628128442036455185295179040991061857
2598 197992590969341081053439290234218075197047947836265890715469167574331724632412749759688139158170720788590791023415638
2599 211129444677252312172501735191611024376473247692909755406195915337182891009005629353992481182027854065145624819018691
2600 225135708850282528304421299634314070032117810911031519643337061719567050212259967408535999688752123784509122002407280
2601 240068775432854468980509037891622366930625088169183296428315657538480267171676833917354535488650517354627364152346426
2602 255989815318976877668881988286319083124400496008626898222973511014645370815164839581098991207016951930813827229498412
2603 272964026543649894245893740722157807592880403944167950611827771297641525012194146090993815183486690391571008984781977
2604 291060898733607317908316847137657117730863782374892718258499944205765571141861984997722666993689395284155064611216030
2605 310354494879581254868075338012218358832462361531907019874148528737743680847531195020352533858663940045731601152232036
2606 330923751562170281279485897303162319963413039774534937433003071348214017659581305330027521068171963199110819134136200
2607 352852798836288585319080759107691933113411624852424968797759582129338186776321313327158719770723641586890784011912070
2608 376231301058704131917511810034824709558610609683171618405615753787457054274596891066702046892859879521906478621348562
2609 401154820025896400683204506522354011846809708246331852706652065518705093375764373469833909434268659691959063161354274
2610 427725201879343174921095974061422002725196906429863621459172371146087600254717386275631615396001268806661333171314522
2611 456050989329460319526954836226731049323298509295692462693055831515447617047376982120381742167124296406065719293384544
2612 486247860851401143972036704443679843220306711683797692644870551126594696583787730114307614716865502199998072463784270
2613 518439098612303952443291067091995887822014846398660783757643163671462496675761140915966550499981576268206218683088194
2614 552756087005553015298194116058043079157247655375108931942054432271882564724325216078225347625185574710671103755235174
2615 589338843788338334704287467810320348219444640745786420513149079636447211417448528959692045952492558822092666630442875
2616 628336585949869560395141305345318583507120318823424871136261805403813433010616961026528253300955119309643793087842634
2617 669908332574943897546146899687072354444741546099569312050694822398356835505481397732078919263317170423219389849079842
2618 714223547116229768816733698963473932619408471330885938930337888225130669218099198295642002250582625376327769814618438
2619 761462821643848987901186787853307903663084264000254490026489341373659524233639863015884124177329061141776511686125415
2620 811818605809963086580271190300922078326898588388593501648420003091381364804028182624643648912558899224235138560380131
2621 865495983442109698049506080924439854759099186071620707009306963019017847844390099033089330542314805289050778955564017
2622 922713499870182630878099357393507608835970547631974241060581099583915947536144775096179998507933958790380337845913857
2623 983704043292195617223864580089120781382939396347038770827898778358068128356606467216800583406386745589548583370229907
2624 1048715783700737910743291667593928407791944239199765463553929812054340530090301032925271109257917262422816584364583553
2625 1118013173118410736318790573233253717573649625981643126227056158366252819249588032037467055648204694489593747234122971
2626 1191878011136868370593921473788571591112039966220848230191708284004984762707353894551044978047888789599276062586030421
2627 1270610580011252624565177778098329196051506923649436369311870417360377176096289126879046014581727425353418861980395891
2628 1354530853839464937724670697184147073504738928314172870783284483827590492785377153249961359333555495907324414428368155
2629 1443979786649030586575919186640508265654395105624566065819560742980270627869766957465527708397633993956212817065280729
2630 1539320684528921631979516553701606402729341106299541884452972276412573898923206283864171700810146692104626676576848323
2631 1640940667274263749343001607355920442998542996572609414370252315134596185110830392845948013479589310435812178182978761
2632 1749252225371131559404569417288451175180413766409734789162620375309670577097153099884149439379301649251529765800963543
2633 1864694878522737422054641480674216871669363037550913150721046662650964342358235016653318340521614778698624995559854935
2634 1987736942323671961062277351601929631851671373339340539554571334639549876250421912974413686421168607183763757248013527
2635 2118877410115526814771816404441728395430256096203914346840598000845163942720511945271236246752324948991012737047020123
2636 2258647957516044128648951638232070578824110190034920896114347441400244269750378943273468111099142174184628465765003896
2637 2407615077596086070719390690564708882525848541569795366730838390615041213051683311714881338918811394766928367928434506
2638 2566382355200795588130260370433899421150476803732139777046848749198215627966537071771039981216954396491170990330664479
2639 2735592889457811555127579346239901612350897408891032219181071643117750916513598928187823565645133994908252277958271332
2640 2915931874104765918649848100674198211751701752961061693556807637096803191520278393334773679990527849381059340258368376
2641 3108129345890763531425380927159494194576797174064109530409267155314707214750404574518238973756035389252203704569629606
2642 3312963111974068972321204941466360510315635988562354066715711975823630702106281193493865813626562589877626031648651291
2643 3531261867940943597212670209280109147707562581899684348203866389450295033725919577241221658826214991800801264120862707
2644 3763908518830733515016128856178072937452972638122399499013393295350920857000141697888814350170630558144951867093138727
2645 4011843716348663405451219135559999215906094279076067928286314731021683247805474966386235654228562885762367517298379982
2646 4276069626305164913928134576231717400498386112224950321487881950069619087227288431331950460643310468660142529351879044
2647 4557653941228213130533890353744663624295925099802796558122127075810160241216607032765689777488058154924937323354142207
2648 4857734154065741416503340146686021982158052265065185383432833324123825016742555955734621337188844626279737201930149211
2649 5177522109920133003283336977194778113125682194511429324385043798286345196058726493161538929434379974872561619581993374
2650 5518308853861740776385153067702471433927871862310262713123921314048415848414489473040390262157343898106911291182583875
2651 5881469794029117473237041046829877053465577153870606357022135791129640116161345915443179965080589108848871624433615323
2652 6268470200471000316899479239448472870930585896722149479846526407121794123799332409725327575195504393576917591668735868
2653 6680871061507261223130710915068894684228825757347705195354129174896257333925156588001747108986905499489836568405664072
2654 7120335320797664564302804123186765189119726966283802260235508307004872769576923311696968734650477814262261476137295845
2655 7588634519800450836280224396005928852305725391198043914643874357752446427015206553997270548911803987320308164418345328
2656 8087655871909378234919758799668907162052116353179287712574283425268418462151196755592577127052510942195435051671786791
2657 8619409796249714904286058671807667491612918375527677286661829578719018177018353332235593579071447721486902085274880946
2658 9186037940925749574932636266914282509086485911971311567736603848624502622275976219716956826618740514190877781764251260
2659 9789821727439605495676744768888560865490309479169359675051879021544801180387179057702655537354265447582829865230241255
2660 10433191450052433056027880065516007705005864703177090690530014064837348076067119682117312739935098839413214469369352045
2661 11118735966034794213891449214110901990932424083980766548971600801302747611717462115061916655908574462614636630767945743
2662 11849213015087825765097490845520667565717874520281528182762192015583977101087910812508635446483588643962513929433549427
2663 12627560208680090497931585672000140895795532057390472083621342831868698630884855828544486017058890241465124439346662834
2664 13456906732680318452323310582643035949826416379970559380770810814535369323056621612860530702814738299701302358242607668
2665 14340585809471667433242590582133264895122728591565227273870779147806146282793644213465581377310552287369418806473300748
2666 15282147968713665106293847648742933959217598833925728103329275680142365639619057124975407529706592598349310009684552365
2667 16285375179087552250458647009119205085749507728349292787379659572321995826043958914539345444884040931506190558502513628
2668 17354295896751151425290066466645287439080282277905466114366093547756487212220499534132583612301759613375019102615402361
2669 18493201089818729150434205801551928732027414771911915842872834147857346981547596364414064081230105571507779851863863388
2670 19706661302007286119732252246600289720401237214823373522995996948401503357455776355126813970874975948324321597395557237
2671 20999544822675917492670387803018899997039878489096974040954329275060299192017311430662006149478717249795623156640153869
2672 22377037034815376494709325614863835113632661699022163370616455334558140111377043550599198233801245671510919349074760197
2673 23844661017157938749562746951493276662143345061999269804879560953196616170576833881368195017948240055939301419784105387
2674 25408299481502715222643230038358950436316405613634898585863783485285958526764611485472497690610100236071183682723792718
2675 27074218131574916023425815297496113524166526734483121509438447425663765452454937758092702586705626644325376411326873646
2676 28849090535295501118917729893104053575437697785242119543425648989218697095093031083840317551504348243318804599312419076
2677 30740024608283505851971589740341917297900501637632725894499323814305459086522610882383420956562515806527677605552884070
2678 32754590812699247123392278774360831184766560405030373251904212527898944948099413615460152358546014715741750449701802095
2679 34900852182252949908274068020682034168630058290719760023043159795919931358838952868371528053425192416605679194472980714
2680 37187396291351509263199933032464934160704668989970211168009722715407953060594864231559138363374575003242543692925501804
2681 39623369293958875018137957555630016101959905850904389677603192771602510589560057637887671475993458281236364873679063162
2682 42218512165814232597456086823195508986781785599591844546819755779643463615215581933506968132518446850809367420241684086
2683 44983199292300451234352658245437703826467009361267344748185858534322224744944512803477956371095150256185845705209983338
2684 47928479553383557844980607908331929301347051280321602154244410646603290430859394025285612216076324338381038638986242371
2685 51066120066814509001821169581624679198001225308496686007472487108798749108369556394229846686563467794449476717997216137
2686 54408652761157059826039946268708128382841765468995462026872632910536417383005677358545379836173049276098984324884750015
2687 57969423961267808512160875654927383779265582157391005347488415007278442749030329733535530473673497631272536118823253970
2688 61762647180563452252998344844340833928529369026840247822037503667552159573824333267447348798416326618085026432151315520
2689 65803459326990468925146768945032234346864514326754862735705157805022799853436239387646776822343870539014747951914911036
2690 70107980542856603888764089417152956945883733784082984624142461996853582825457893489384877103959021482163726012026935978
2691 74693377912894809307297536586083593990262958741957356696537873045149572706889415380208833517258881440048788553283151261
2692 79577933289980486145373300614027159403959413533001404304252167012790125557883523386893571052340512356678825438501534051
2693 84781115504010043328798380342379452455559397889517952922309572586987889848108552697483385838203747882826453356159950211
2694 90323657236436060861550258377646723264946280046219494832136039604253650798586557206722017745153146798144202280130794119
2695 96227636861244472688235783889730934483247857514267227973352379367058872015388811683777520392566425803672876708177396178
2696 102516565572373034169098468109105447314662684750981126278778971644947806550404198673343007248341544531176290977321481978
2697 109215480138238713730436462899045348501601608594444564813254758634220465851574694222133139231252433539623055622153799244
2698 116351041645858420690671609875138546810402283957028546767648487963179734023222054566883381812754319386495503990735455750
2699 123951640620438514332136607937192582706076600057491414918773677052886661383162828264689273069995164497382443738833155778
2700 132047508930970779397225617501920601272748508929194255435957269639990783658961465144588092276440549710525267418901451474
2701 140670838918892559033355137183726559543120743719270259274136634379249483343167184520330305374358742516016694092242535592
2702 149855910214830648430958159359098353435726900536757646987580707260285289837113672769373275048935927964094550270820017320
2703 159639224738394785319397376839351482820560438607453312073989079569147400674625141850075403628744912804457033258589554579
2704 170059650407663442984541469861429391084058060233894384622359096332987241943675411539403145168540879638910939096958011973
2705 181158574119018314618426444676252407500298500478201576022668660204782095369460768858772326924473063287296857841951950801
2706 192980064593691248642940416219837485827878195754638001705506403537919311226723877932945870980324545185394445758042871608
2707 205571045725975829704523338254637770328502558538442523742523066442767791010804254848116184085601447040061636276972141968
2708 218981481108536842906168561587500644428713588613045523846311222392133754509601398986305665657602268534660628183968058258
2709 233264570453808381963759963951464899591809387387087075443002051096048142390266241225217556380806322840187451058390443897
2710 248476958676391812043709260106005953128851864193530814367376338753456006478690973911170136639509578520779852666240736421
2711 264678958450711141573773428630599193570369669309646244188923134499817341962841932549354036633150720122427599861872322845
2712 281934787110036492956284328741025278719379222192046071798180854829565802790234168779229260297271630746562155100149947977
2713 300312818808949236861335605586078440641500164452042511732322744512383089369148852839975988836902202926472324612997055703
2714 319885852930066312291052215239874420255220111776048503502570482869630123039016670669261018771011997978262330899358391511
2715 340731399779050774886936941445126146980585591230294701967589101432172887411008229188464633730688310861439380064387595762
2716 362931984678502038921460945414147078232370438848281415259548262131861359075907213848340634713724187964405159659631801465
2717 386575471642988398951431469494370227494134431539706048800241468060008377727153974074788625160581426498317202874244147405
2718 411755407892629097740320694368786667861355144945119245010900354400516094605603219310337976323751747488828490208259611488
2719 438571390543843745198131999525031773789262102090766045932835902722709328322682766840092644397483039380015451270299275942
2720 467129456901080786149696025048395986756291872711214974170649204325422188529852893437845657373092802015802128484297887768
2721 497542499865026976700214102972029086840718344957707468493075558314811434048053779976067290268369515142386138450535074856
2722 529930710069328017297530003530291000033562292943997870303801944747716502530521532322879899522485234935091441778985641664
2723 564422046461790528429709798492047636252031517480944525354330995700070161092287541414242825055271669626638383738502344435
2724 601152737154992622511729311269777174411674304433062029286081551859257847456694063328090237560911582913018107282335578388
2725 640267812489028631435205136601717717188767560219161656393769418732638098181344395162909214617540599853794210001610223198
2726 681921672372588457646551928406604530090442533750911892866320978718392217746425385925825520195438963082823480739734739755
2727 726278690101584683809755522155642036372748589803981939645197045114392076740682333621539335419792516019019506500898895815
2728 773513854994394433641514575699552509387555511526666251558399476352966017423985351824426572272680802697696070131960620473
2729 823813456333559831661459041043531712382150495236204596763104479040895513540516672942572466960096200038811383305319321306
2730 877375811261726641387666425773428399891248786035059964894556299503643953145224320919114487284230195719793500803993877650
2731 934412039450296513558543309346099159151995029856057820988987499417742937391520025040887398188446628634175408341006439300
2732 995146887538321464517199853749734131036021146892469957292066064325203748056867394889584764998529330660546139753874809299
2733 1059819606531937728090967192363856699729600736920888530628420728769410489073382957088545348651100440564579702160147504342
2734 1128684885557325283813161526375802791091099218677568527889822213668298748191558366265776471794888368093029852246113940418
2735 1202013845578734439458727229325626415660083638702419538498508295860788508320375125468752603616697562022150380662915185519
2736 1280095096921919587341453940762382558099415612554710596806931115149831692573893205279125510031329525127533961671890193537
2737 1363235864690811694373704272784910342187805620829795953767266832949288410749864906783473682029685341400803804356673629919
2738 1451763186424606899264732475483427624849421539074363735666208125514459311711238828995046245977134291654146711978829044107
2739 1546025186621821999845338308533323300026382730226436955479811428507027240858326422885553913356739873367466702367141717696
2740 1646392433051534780214293688962566071380422641539562907058520884691482222603969706224368517771594662258746214096915121260
2741 1753259380088637723934682454368158222442861709198922189389801562726533013093518094071907252410850883525329790579253379188
2742 1867045904641549571810874100756150024147274423333766453409153872625305844891008270968632857754527064242839296461738630458
2743 1988198940599145927341611108713576407040927614946822721316174786594709441742215188633383692200463718745045419858567098509
2744 2117194218099503938944006399553220753423640952754169169246259486941788603383291071537071269872250622850554377828350387258
2745 2254538114327763634759310177122962012578157038939035814752510620467253319890070074701623148819703228743710055486553596692
2746 2400769622975646550927837817260081056428612440978596022311496869262690599337409900675820922055614310001487121774823319832
2747 2556462449953857205060484890329053115856706817682459804811470018847326379766975847276620630771618166181834685764842643295
2748 2722227243428780076834237906007000586053760952740211062045353294410636623625247574632234713541081043979284173849532414280
2749 2898713966773860833089470215507676277907696980400012041377869868152445738040500688233066866442079067689878239199592993738
2750 3086614423570381960433826729540070289335398814365435916861732012044939550081739300740343881714627547205661605415371497427
2751 3286664944378210011938525968362074363988061703546491268624103308191896892594182649913267678604372248721062220907399372857
2752 3499649245613037531861068689866473110860729611119624922908575878503380147324607088903595572097878637842755116985473530128
2753 3726401471530584273815515995215303514182828135967056279145623685091162907227933115516102979159370909515712205406854127938
2754 3967809431013690740896060935294069755611352396884096612895369527029063541344954957259467941703802534224579834716564949633
2755 4224818041609375868068540875939959010790527726402124238315153472174283706295319082738659460494851359824560068010723576951
2756 4498432994050993865726918631466993890404189757991374531158163036878682522118397038548993369404332921806002572227662106652
2757 4789724651348839470775060135203419641597067553647596446737348178931700943325805914971561035490321996190971376954573320693
2758 5099832197424105423713165755030601640628096333941896241509216078519557583356649158473650141140244922406151959742000916547
2759 5429968051221971268139435984037255698249250182143372212474675194871205392006062636240696882716218810398362975473706370705
2760 5781422563246508022907194388753271795681880792246437127106474144618508197759150314701562290621573924288974031410336578003
2761 6155569012546878144719714390219906368709910146090510802979499712564770437044137777276908700945482099556530323539576066219
2762 6553868923325224292024614326718593650584046319176843921577673009628132961710783166129380153721939299584459291290920559863
2763 6977877721563719275911852894314090204005867387102189475036064769063707170475255441915740485739586544971429046074232144025
2764 7429250753358674527856971579059193131335947099571265050885956893716194371197712951001951843459977865208117982971272961948
2765 7909749688039918000346442287526730759993774529180427325606193163144192549357816682082371111266474142620916456829856151884
2766 8421249330610649931142347157973788038383201310318051645836991628720528902684057087598718152949092183759350742412210790855
2767 8965744869615329523281278130766121529946191135523096387039498486928923288105638292116507632076821813143106135078563533408
2768 9545359588193734085848996263583466839806323782657248992055464963388720510324692094495136322195127332103930635101081661853
2769 10162353067854707042349274235344368500452492345322265705469037526860361564651271459080144856610614732558042165730194999209
2770 10819129916370042356262693396498230440244493156110381321533127724017530842820981629823277392741798884060772886299975633758
2771 11518249053199541993473221277065487656204885480958706809815568947677259842257142628436372613190537079288067005782994720622
2772 12262433587966547447246808304155263502645711050814500372160724093349506809932502677885366907495712850812771573754990362795
2773 13054581329776349971352748089802088928848748812102805924124917524388102719579053147370026715883739369342153607648137182428
2774 13897775967559834478781537508662593328664338758542430589525016870924729194208696418810558543812754335469781860407728360921
2775 14795298964187153460245272722211074556653573184678641572308882457390918596369727068282782588568977160514485084159590460221
2776 15750642209803433150052170434545543284704072770493353742059776485046819605125363633893216419776954367531235813607325963888
2777 16767521482739308941183566472097639482594296945607222213932397569797466636130665175264821278999865787138666580905234287799
2778 17849890769400780008524935393963935544122083907294579398697734315375808606683332186450950236736390714073771993037713242348
2779 19001957497830851190117639222712786413268285025848576079652467337794522170906722007240061629224719504996076102387371706492
2780 20228198743087698034120503029760310750476243658494646735676731272411624543986684492967591607224937763702831557485914719368
2781 21533378466292485360422779393731464869300113820338762981398739072027197616320287774364697119933387568920205888515425019748
2782 22922565853110661553789995772443501219807402667797544210266182797216338200535650319875289306275929630374629506639042765305
2783 24401154821625374410415659687477481927585328905274730117631080827102651815888996146820406915845210461343558663387472294617
2784 25974884773975945205227670475022669014366795858133512369333169724649735838396755001185193652788119925153845124242086873783
2785 27649862670880642030916371860649805767879203240610152568369248926271750846902458192205888188976584130612730980617996187741
2786 29432586513160222993963994497470522834984747058024995525702190181413178314216677742333771801520021766042195099874071975324
2787 31329970319732631727307765692312617719799689449894491259198875972834177316223940678185641697211578527363064568273097639651
2788 33349370697206407226351736454917462247191789796965848018329442235720877317555643265113159522185174499782716226420879590682
2789 35498615102258401546317920222418852422309451187090104663642507166276927862903011337142521428010613660492864910924671218788
2790 37786031904363785868310122342460387624569319492638183011769156390498177958758615320528150336854299639478767107321780853841
2791 40220482363302803359170697499499870305105858939608331349748934739425301375761025482903179479530083139319899236500243252409
2792 42811394643092405775401228330314282318292022136902302032826946619478068124775432384396731456404151951871961730636630272679
2793 45568799991722254245139903988867184448562947372746048262516272608838066596967853633582055867487700785145079570636806200654
2794 48503371224254878846025204806068135129315127499607919254798797605753213235989737889873754709817815746214554293450182137369
2795 51626463655594047905509225221445413753879855412384353869448198425039656539168523185664360579764166103697568986137995750425
2796 54950158638454962733317586291913810085065380151232306588815924371397457865473723730446889429739540688299928097728964290354
2797 58487309871966419241424557649320734662508193395783006158702701481014525729339570461085139740274631326486687060308706845835
2798 62251592656776513669049866784817091071055459374366908930555183857476573722922151052954239728430534059945557865411853185432
2799 66257556283695777436046272584354208181429677854218655949152730771307686971996106236800711270008399249027464842663722477000
2800 70520679754733555489198620979232306500281414588008841331811499304356390842487983666636443108170738101377393226434255987622
2801 75057431048005139089704655873623942215170572434975972610098996122489779237700403483092405061315424929719606611607954345014
2802 79885330151325027279059811690181156684137135808646640284491596322486783497263089489217258370750740282256760815486775123196
2803 85023016103584722113289488013377024300240802696554120903526547404279762926931578689179638291352880246467194705567515714373
2804 90490318298104571111822971932477807769549705872441126994889473187729273947301236708644916748864985106348428407503383705903
2805 96308332318251837740559928994914583800538943932554803811131297779602141541724036882337268859499679290185311616124964265331
2806 102499500592704316018530501574431947877070687894365764496416504143808595673350934720433906957444268160961153185769172877921
2807 109087698175946065164263908055525082093826870306782987216223103111051291031178985951828700789974599589505696293969186001012
2808 116098323978855869127051190885245879109725729975194315620785184203127141643269526970752682730124099096972731199472553921515
2809 123558397794855418127079861837378472903942118248977708099883375756558028631311221975971818260605393185860581243416459535305
2810 131496663488880261409240190502681919297698127610678007816982663571832127600981201709173453576136050451685502163475085349421
2811 139943698739674237158160789159228904161148327056030473277897946282355012489625091795557634162854711933287729243515715932710
2812 148932031750585919904546267255335614375270218653711006839529431794551022358619896056494261694870830796560496489345575526329
2813 158496265370306244908214409547773703385182329781879250495279665033575245794825099749223474114849479126839782625738167112268
2814 168673209092831812214345450438069884191123995382535252425778543018228545113138250268846792291924352763738051033156191707520
2815 179502019435650160864321481218917732444320983162061434570836021107064083525117849082255881083038176421351743171314458078484
2816 191024349226631804556412313924663561480703483972961320132599631830739996132824260432930999398936294912666522467600474278210
2817 203284506363615532208042743610928435626735165232199957958468320654596487809092479309029631368102557923469533153974575452313
2818 216329622646315289293755089852327328669778240473282242282380848498932351727812887747890889970211096998962709643375225462622
2819 230209833318045298497154700417156619326876767030931807052101784371708326285842933766050383244353127316933929166576823442979
2820 244978467994963283818940061602179810577067653560932337581620224378783664313130743047881629467563041343018692235085355063331
2821 260692253703376101156725994616045684344513006767107835112306548532392631480460591562225332206911669045100435197919512663832
2822 277411530791106863308160175073888659319667640354588145820152743361553354184438238866245605936155755418457212112157191443685
2823 295200482527228155721471477826153096006226511916909093731471320892351286767288099406618409611632301638416932698638910672123
2824 314127379255923137447075344858554454704709812514314727827263205821961095385404283106178131923684800831620531492523864859598
2825 334264838024811154360941400040383643611118545532891376009526303530327553188883685803621939930940961961663493123768750940770
2826 355690098666123911503120221228777288014104974447288738155528911074554222283228763616283793519502393111236326075570342947768
2827 378485317370861282603288775216565618121440109528200929308743110456837630996746710903897460781062668425845813397398766075865
2828 402737878861670460803530490597049461159379752405846546354940745615102182915092982022038815340261134525112199864337828177055
2829 428540728339812341714325227286478064892935545698225712816762182401793148644706230155378361914556910141574156160164825191076
2830 455992724455833994034038696922554110670639968795660911347845066824553673206019182419092334142385943928101965934061326328844
2831 485199014632221831401204233500074184488203436080755428071355933363135018853039751578102229146435161483414697569648633926058
2832 516271434150080538872215628242258717218604216855487686597850741845846689676063523444789480957871023409947882449212623048666
2833 549328930500841879937816397420707724675361034863867336632707582939000726963948738974357894255963230424739645829298396253905
2834 584498014598691811584280367452363022531203575250512313207654648638385361147901924977133359486921384937174214921160307888147
2835 621913240549707950266884057921040431576222801737311727253790610239606027926862896359577605557014666875181134467156259469360
2836 661717715780843498894739713417223983708069649872236884595882028942474824197979271053744107385959679533990041583321091121318
2837 704063643445192561566270287094723935905722671410093108439172830616631701957970712520052347013842062329725088255925591460772
2838 749112899140831011429221206977771733014212146572969002838513652081459158640502956855298427182849002792600616082984851420528
2839 797037644108677666768410005068422409757801243647757232579229186384652232522190468868924451775415613498439053581135977282908
2840 848020977211391449447496962018024900903202015555464102194519511924221555980747174877790215518359905014035503458075914271483
2841 902257628139801051172100023518914729781590601421529415482044228184380771247482605893625809386437948803247819497820853957232
2842 959954694447899083092967259189375852689876319905585400652125571961966531102313547832336022906537210130354440393365479533697
2843 1021332425180594398790885675027629400723177614318049145543624935691064775843951715069836428408123302448684685449394513017002
2844 1086625054032758256312034798033194999592463017741641435764437299341415384416401857131722484131430232655139671519675232627884
2845 1156081685162590497894899836379711457273891735896935082905925624760080945062712407081746126206536721798781749204372034762240
2846 1229967234979324726046195903269460096717278054211873108325621958670961867097032651433275667268810408094219236862114724142464
2847 1308563433433300916914835180333019291346223348061798765314411936478474995898716904076698046057413443248533805032456768961662
2848 1392169888559241664885964665457555883688565355904744398608796515780575745554643869575699048614225982082526013653143370540228
2849 1481105218258632311856708239896846565139902538640607446899564448815421401691237640038658635185123467700932426618054702187919
2850 1575708253558102793372095355719794244672071578994088429705828431020092400378582802690838558801332683498423911861380440547968
2851 1676339317846857577966547724576176294552145671862405647807978988781173247345299360553238911805750404290275420038247635091803
2852 1783381586879667607142148095881413031996663610981554285540223187049825690377336496233296313809550982490448866830439145355998
2853 1897242534631593682210320200267885309778474971670875794827318369099462277734546141758463315059847619070192059407627158713631
2854 2018355470411902328333645463736269096748523403842775622761197735836094243120480804729600907236251045782597566314649586501377
2855 2147181172982664756694085137528151674121892877479232013626496767934483588136592788427848521592683027593897670978835931712819
2856 2284209627789669759941062496994404568133478865138645801215688946520217329766975903162336525248253434886427741307252672484093
2857 2429961873795941513819528377850248135469531798988160462612880323175291396653149276977799803352717572123973705866510154501427
2858 2584991966816918684784023017904895758457174143836317330860219753799260838077695912918365109082904204404277765943064345665739
2859 2749889066687701638125479079480945751018367883310709668482527545356933584607295265026055008691408132661485010892908252947091
2860 2925279656055307615471642686407935380027256690105660883176991571843444829070367411490222641346123361271531436029323588718626
2861 3111829899075799214170079025263484438041658150753252325496268553763840903518105195351698739918026641439742471908537700553195
2862 3310248148817519345978562770703840165561377956386166632215315957557900035097851120503510428235754902254158692016001331742403
2863 3521287612722587619864200726570869222662074364061536098140069405848901821383263867483959450763706726926944866806839176190672
2864 3745749186067481249514328458473610981956879743908981719276813212185648604617086759003386009581019896639975333160756885408157
2865 3984484463984188515697449130708219320421540919523931906841101671233430021401923732365127654035606542034559847025609998290214
2866 4238398943269724439742529657567632752707069902424383222626663326182842577023221210400469718053273183992718027708446967198331
2867 4508455425912335705898408674112077275945658086051085981831180661868296807909553989159718709035008483187286831488693691304464
2868 4795677637013479597777352812052894609855201022978577491662585721932823873583959321515270803163501629057030945877826471830970
2869 5101154070577471799278457064635403907917237712224579848809226758699707625274078315844064126760077745186449122487178029342882
2870 5426042077488034775641911928737221348518752577675640227127129495903427938222535715065650271339794330646188474508988783069612
2871 5771572210884301476454980184814139745320158176167974365742573006087381868851132570540455640562382664440188413564496604821013
2872 6139052845107731041809371494980645620502027848445014506792451799528014051731211642685552365648760162369485699681290935620365
2873 6529875085399311397993194927737737298619219051812170643468024379451063548206576849837373318169788235105745522186928998537646
2874 6945517986607218089720577195381231975049159577390890001071568932327293187390173587114882329211214906178921459299280033762168
2875 7387554100305431487101862634479042853046456779435007261764868788911082749515503695905837065117904712425717713932025736924263
2876 7857655370943477165782488284118974303143768380532551956438111512812157862137991195586559312990427851326080914737773993167749
2877 8357599402932296493453738309220618565101945306238356393210250019742734617012795236539998259336566003728348838772254753929266
2878 8889276121951221709331584635906767520552070923804763324840381529234216255996154392262876747282843376403783182751486103997189
2879 9454694855211045436664633202356091302751200852395566163124140212642305287790611824767256918004648752787514942703565572783740
2880 10055991856962798811304053507110795286862720984640912332341020864811428009074684427608411032496586065451832120931102983179185
2881 10695438307182390756434042340297840283269190614936293560687777002935119070729723505142174977335267148938755966105844399599790
2882 11375448813115626231421678694084071515856642304749045470206846987364340445674029001579161825154469244073760844415781324657211
2883 12098590445216254747523683237836928335698852959653097569505464590647830903896175867764161224840123438281241888513241196831539
2884 12867592340994695124337346197415938813410238113552862171684720880047931703974046246040370834662219609816728131065165326576139
2885 13685355912379847201923353420683749347683436414449300492961946709270792793944042468260943541751372646410156903233493240134384
2886 14554965694433258444897648762659216754011712564275809184180119237334352836316858406510302748722609651184257758126716729755788
2887 15479700875613312214943856957839299905853478407377871337833805183503425904688110197155798060694946854536556218176404850996448
2888 16463047552310253718862060062426142287741320147034941850512774030011663440075401622906063108020724037464731425465323113025363
2889 17508711753030514199016865288993192010363214594494539515033009519816902220264120015111643196508658146236374880791027089241951
2890 18620633280462493476641338061694224587055404411030331776235405385708904976024536734965334425802452864156332003776686192409918
2891 19803000422654298240250903855888528023136754214153891903998398828541047373639595769481526754961583133747580002002986365676764
2892 21060265587749141798392715331756230889143502834245984692298500250784820814717532308063373895686085355551491367409470393781727
2893 22397161920114928672859706549373250589252252622284040617541737391440681828447443432271933889899239772495697424191221682222316
2894 23818720959332226295215759972762464634169798438179150385089141385368521150330028749767675439451626835193072132599243721268200
2895 25330291407324753488636278259178252672828487114263838776882834022109270310483870768581625680766062066545602335564176180307652
2896 26937559073019082807014041924449156060284500134401025114970027189798137272613262822471271538846404895985883820635163984105672
2897 28646568068229297381160691037262859523027527164332200267654323848570764029970586522409966164907429653312377643030304950796131
2898 30463743333084337400798227457696292384898244645366491181159624209338690736541404873117928771048438569773792105181436678799581
2899 32395914574189255015701893762337325060415510052464451513052043636842983156703054207188728993421596670930513452273574338744590
2900 34450341703924271010196552592972591618579322991806257996875531148460257833245641325204925334559535013293073762574162753010304
2901 36634741874776498775514077165612547994579111463805707251627667572095698209994042940780538298044823904024590452339661564542772
2902 38957318208493387320042435799933617024893507180488632260724176591471008842386615567448085863687634805431088426582547210937777
2903 41426790326040059458490148194369137674916406552005241584546790574359950642121010652230942309337178336185739119428577577655266
2904 44052426790983653634280431462605717615015099821370546913481893448416823992250555654255993234752784359928913799156385244572929
2905 46844079585929446182245582048765436340078107126462123525539879295604428332705255608476123684689181541785263404247176103025173
2906 49812220749123730649969444444586444753360805384137803440959871997065619565769927919471157578014605116802185248843541430745975
2907 52967981306227510791761803356076790648488263238468483700617532480508980812516888641288540572649356183821028087956942864158176
2908 56323192640731292924863866097454505671064818420944744135884351746706443901366118020126103150547833684635170781011927408315660
2909 59890430455379580768010807198651958866731256995377156223387163771803661094460205159249554586486773910692552830798954739514569
2910 63683061486511902914794217488378647789460721709014440228351018618567584440258585883778163755606974586043176874196916478483539
2911 67715293143286005824188749068690498851977316955349566472919758893454188492484004799641227381544365736519269411513756491436764
2912 72002226254505367581231705421308748533559865339001935342871377179861734623153320604104665939384430077257958312977926920109777
2913 76559911117105624007682224413177649725083002739855831597755899846042437712807540208704312882580775108327857591906978484242369
2914 81405407052512667072492671056698975013308594514369032505639223863813660205760102230408259426140908081016673423710111253055073
2915 86556845689865004224466286197861184682503619606765094629258566109668137078136814049293114519920017535957029691730932822754715
2916 92033498208790293285336658221841638358193729476575763410381002943724440875361840201325947196522353934361737335348768377406703
2917 97855846788869411161917744883588988949071280904302513095173990715762963338096911737951848992898804514578910383297899903359175
2918 104045660528367444763013178472719567770720733911777992366011481060376323030427063730470383597888215003663146699216748499604735
2919 110626076111084649807992486638737472851631916658090937146311943668809197458523937270340301610729700345383928733361710003384695
2920 117621683517632407077109989287057550980392245359372339842369561952387282577567143720726447807061393974313550288824273301859634
2921 125058617095791665127805089032234258941951160851101168015191047271365006117741437996771509696952807699436379629221954876705803
2922 132964652324273642513816178113927306198358422992544940129936106698442974961543489483869921378784017427660669209034247292875743
2923 141369308624937951771448704183620896507787610816024874241404935287882136743844405515649153924231991101824585485039680507936450
2924 150303958600692589607528181037258874121597846373828325014856783608433706187547085162684142538887861657604314635439811625274758
2925 159801944099672853458332462641808903192877759206878168589052183348764832477921772347724995195075882532796009034882574100392819
2926 169898699531317574671280962223260253131969774527966590950680324964860375688669983703457149296428032980143522879967279695094168
2927 180631882886344642273092383856299863802515530941533814820220607440637475266333229843531186771775251576810242821128547887992660
2928 192041514940807663304647141359370009210172100610471900891765213130420833084190989561503749161445459167461846448719160239018837
2929 204170127154191669650966100227239820372899066889481797296548386607481603824924679306993204960467105888701773612635026776907363
2930 217062918803326987381603337744171439224953478846717414063975979556025559616674742961254708593230092625386554841052557393022367
2931 230767923927426016746118672928253391886124089139299147322487789330464317584995335957060188817014013729772119175760876280222343
2932 245336188695465481023920895747645187925109230569685840265618160536711076473282087828765919207125543250870772970486985922131499
2933 260821959844977795469564435529750302779794299709622486083043389751629468954857227602012563344685395409472935669947352770831409
2934 277282884881760920339451180692158492175934962416136506127649230937685991777913088112369900193245614713890729087159653544021670
2935 294780224772745135271035517496143435270646311105051373337849554446456165785708810443850196760647607755685303377875692371672782
2936 313379079909875079864594956606014243466022782597469053568038614830758839922258405177719882985007254057536164864966774896016121
2937 333148630171003043907698734831564248592455451291298644036574728844734476550129207639102584525772562152728836143833978312142983
2938 354162389955275721222548071284340321449902028393912788033671639318083829914121387784839682326004928064384842565901908350801974
2939 376498479124815300398362468569954655304139841176201541949283595911362493209189591728682604781387452098711450182457890476868083
2940 400239910842480466638350531834550308501092896795437853406801340854048283585528787375094714400609488353791854124726804936281844
2941 425474897356795787588053438988343726698565542210213816054225169023620478925182678982471692765025552264300727672205287589499391
2942 452297174850562043624651322545417744305214514327608031367093394034272831508153569734283256995820654741571475335587948344404316
2943 480806348538714626570565324352339870329739132336824669333610762394928207687842436198179799550166752588712479959370957673833713
2944 511108259274801894327312018161156357332989071027791544357004185341881176999151421524108233548255088923287058173202304955025557
2945 543315373003390381255022151745217100202561654774884587194824978255566750461177605778871415460976626767514610512653423784046849
2946 577547194478814111303646118147208019160106675066019838845940762231307281828472127410180859899213127310078095543949112287747044
2947 613930706758631489469862710784083762361540528574461987165435563152714615978332041847378515357838588230351096243338242183658836
2948 652600838073912134887000630149628417887743285383778186093979960455165015147980943149730664018712621248214022874454633548731151
2949 693700957777532032378186017655647402144087135993468647883156248432002591930079944979939952549082085231416460348419187387286399
2950 737383403177426117265890056433538591014564703817372051076739894275200433118341769120306157533399611879506875613144207292381585
2951 783810039173525327096655950000464287877142533274754569117639832695912896080245422914810901147811316037053089844356427142687457
2952 833152852736204245610394534120458580340850552732341293402777569454226269918154302619719254074143673180285937277793967160418594
2953 885594584390169931714988335501807560895484097063087137806560543512757828462383155275526929079064925704748049023065059214736779
2954 941329399002083377430290724671014599977828273595497455743558337731936311385106886592230178194809466406487950611410671199244986
2955 1000563598312259714011737109429771908881613420869221924207724330230303187682573189784632474739737318513715408920111365549507524
2956 1063516377802288852285288734752523643011363327996411652253129094339435319380321433606780653834260563368223901703636882670446449
2957 1130420630650728171765405170480558535588346305953175075046706227942338568075778317559830535597318540190770441265134898519653457
2958 1201523801699615487230222111748460502496144807221621282614218176765816318637423139506755498211840197633292652401397600151720094
2959 1277088794535358717582772163595467056362455857821489018180574148139476568289072047605820626356450562515977922298245214761355507
2960 1357394934980014266042773652593087023464966682967440570225882766767025672742787231077179273902243861578491073650325492302643825
2961 1442738994492595462335551951412912439687902293529228967215005306819297142469559031085782031572057838571057251319689225898991947
2962 1533436277197065722679103606680600453156177442764478910177227541368915300958261167728540589532334798771783713935986604179230267
2963 1629821774483449357692568521601585653762083685795782616472460708189146703254016325577060764054651937965241574387263198388386471
2964 1732251391372807171706776255353173210348802617283691029279981388682356254884904147706178871001344559717791696199145467515347995
2965 1841103249095984016372733292383483718280320911065161316124059403650706516581721937938871566851819832935272327254575669577510587
2966 1956779068611611296959784004666541163105342592205008367995463552174576068998199375711668010809654197020607547129569961541085998
2967 2079705640080747218474413075218682478058291993250791216148310404741038126410867566585238360052988701391522760406647195356700595
2968 2210336383626176813417984502925044690666832713124347109630936437557879813845299735857701521814062327782957766549459163408606519
2969 2349153007033732117982004894148353889483700281501170281726564072294758965902282193355727975923891628246809614911002075694471904
2970 2496667266402791447950776068127339504462597541854692316398966632646905287140718899511976188083841140021944770925538334703866661
2971 2653422836124430995818562760203105696365550011901742906179610817865838456187764819264652715731556956142708816960596905270872082
2972 2819997294960243442846731553793823554330209086664766007857319986905847654509692148737677611302399541493268262898277829676417437
2973 2997004235413032052375596747224425241844655801766498470949757855166464982162040993737071646393361148235803384687971693018811369
2974 3185095504025271392215086090160587362688426182930608894533130130226739886142925790241377326024451876081721196059629722614028651
2975 3384963580713077448262194960992672273760681792235331075552910750775618603210833034722957567970075787721945111459382742236012166
2976 3597344105744032711631597912048918368310952654789153480997312850535971449479761163093085051000527107172685317174867500122902294
2977 3823018563499176383399017540033412341594326231887370708829151528322523782497038383105941538076123948406243959021468538244037930
2978 4062817132724079917869318101894130387910314065667786346244189834646690058492871983998123187079463004624468787364117239527958670
2979 4317621713573010056874515517940292455655006713526666251025371808513077601488239114650400832707746211198752567290613878774268808
2980 4588369142386466503752926400321367493335801422528914141919487715508001874464924733572891511524702273614279564590433424889283926
2981 4876054605818181833333022404401321768396197536548276010405714569978414180743872321124909417697086150797169353380711806085258091
2982 5181735266644051499329892590748667857791900795241076843734507336845445439928551995354912928862182134050953829730725117601336606
2983 5506534114347245451131701590463117971840294695124110743181146196987389100091046225201841944911272583918931451151257958703303049
2984 5851644054381551423631081112948297611500131847440270634274680674946232545317751527973811429691127839679714007655546217671209293
2985 6218332250872922200943031708790576703544828909406060347699668849322805298278844913104452123024940404304357727119243416314646854
2986 6607944738429420555468904722948203492084300239870287281885562467624835125774265214729898356820065324262509916473168104177055561
2987 7021911319697487294070792376761880588298799342226506914180125677605278110170333412198281889463533693253811204597878720512476816
2988 7461750766327135271708338823487620389131388614863969801097563542144126442446756737515700038547973946944202155844749252220637701
2989 7929076342099340048124857269296722523330505217255468557815470211268329546163397695845019612552407375867770863306075047920197652
2990 8425601668124382487552489172156921306052306597319142513309463558920674458592858769419243815141062285551093570427857925030753208
2991 8953146951248062478537621179384442141756454752527741518765838668037195422286399577132532764933564184718398231392506995942204636
2992 9513645598104488416848188662757557603038509052709724478548497239943431282719269569464746545682065263272084938439923309800899774
2993 10109151238639373647480399382539965507628857649110241208826472127853149970047770829689477861135386467031503613023304208345621761
2994 10741845184393193274713699409874755185461539357669616896596231783267641053906994933569884393034228261595785379683332757066303212
2995 11414044348394723074094654204680707930977238963608577527474732599091224936047026801318647756126694677717537207439005736889871397
2996 12128209655167484652287224334305898723966605175538075629303221705953816980906941997803613559990581761269788008416987078473608141
2997 12886954971109653587145385673393431189651261322433545126422924045125559606093085936991435091398027129530800004976978205946640801
2998 13693056587369052058839015858501085384970932186495400630714803044950947643924327816398216682074100534253894244068123145187955335
2999 14549463289317374675388199025676011419767819561825542056164174367432656175412933330415273057843449828433334633132412080902608912
3000 15459307048822732965897104134234442878066070811714367105237888595427630440936844450309885134802662274534981641137103377386429710
3001 16425914377753257568610063951500095334699600870955268229440540349004521725258067197956068024081426750896610533779501238967543910
3002 17452818383507145942994914264975227065370790334048525937535891631182289973303286667800338039220507891591048399122410465248750066
3003 18543771569877744824007510838463241887172401045660187169896421404346201109787709082594262606487132899661223017330152921764207593
3004 19702759429225551058289101578606047238793048844268270555537181600338172720385289688741761602094411474506578789780123833506815963
3005 20934014874762383064933424033280424850617640259820842660430244671169031190145709756249861164225913138953143566838709225683649527
3006 22242033564748450177471062614054742744904245855119354278667091054747118398192857203384906618301824322985383512519982004633337273
3007 23631590173599223732430827351266763045471453439703067813791461158085299256762369942983993944516913356218390742568191356885213195
3008 25107755668273533277446350038222151572828003247746336894315794608666177971799250779065816218548439072601493378749056445350145880
3009 26675915651911227896815875403270270318914845950598854503772218634573650251283333809126873478800510333517175833776894303199575018
3010 28341789840492740305270941279560169709159517461021086827565317919954863690089838674947886930086785221438166051870695536785967602
3011 30111452742346418483011098247749886145461362965928167871498452485706974267377631782907151701581011451103270766197167336754509142
3012 31991355614610393302751137818528184431081283311647252910154205530046177831573584751728728745441021606156453954974758374426102234
3013 33988349775323970504616748471645103669284552537113990960599661441588078527015292971638771804440037227070021145285363011759395632
3014 36109711354647928176184859257442955460398634983518535621773104642129240895770991607737957794694599320985514826383429682115663194
3015 38363167573854285306953858688825299210812282691960868710961287652177135621199513206774262253558343408646297049821838772827351680
3016 40756924646162307041095573909622059691596918237614782494860558280999189055717774724374149765178642343227778758821028613628079528
3017 43299697399291902293212500853392805042926399728444655520982376480182837063235058838076172343454465550747661341710840540866222839
3018 46000740725721631360383493822977628987981618796098204808985890820302049699181515598266257437232862161430167856419936220807334002
3019 48869882973169601558403558980203795783974426134137816143982436353461203147170396088091635497870115737321916123277677288751770836
3020 51917561394706844095801372395601201128795916379201542930004239838971099188523447996143792156157507283926914303547314265869209534
3021 55154859785260869020379443567935400807882134381514910978048912001651420040172325505453727292233016395377237683241372434798828989
3022 58593548439033897809163903894171457831616036225343296846971329958510371681777069633192794810190451587930418961074276334203254637
3023 62246126570639759898900916434922851367173084052123769165062887166894909319169615121849177405043198803307366684812135161845643923
3024 66125867351501276040682990599810080943708260627530139429163121875768691552625457367163235928533892448552037882888141621803726256
3025 70246865722381325852391732146222782182778499186206699486637101901452903128074853965626803214998779260983563106276286441280941195
3026 74624089152763924016629704552941757590751469079712355165375816958538071649150720315900572744821763698280135943562186093456244025
3027 79273431528301698783423664920577338037152200332985343665234165653571880133507144700417093843671779648743046013373109487372367753
3028 84211770358637682215961639398264487044451796569786249022529823760880517248378616563748120333962641539409618664371355571134318670
3029 89457027509738261881214524754451504332124664344601742649209349257058926749799826389676519992559464967751654094054431405549806173
3030 95028233677352251265342913125083069688733847607354730285674628185349970509224552344135892658961604280078073460781212535978475616
3031 100945596831541229447967759988241163219660371458522110462382412661750034124064172817592933108048630590295150070475171738223496788
3032 107230574876283170222970433788918015671578942666877234096486263775710177627078913011928564725359446564646547705029116657427450548
3033 113905952783146357712197309752317058174764836315252859897301108980386944275356987614109344343504102239766416038904539274843360758
3034 120995924473870945836181088101434085977801984262578751593868461238074720380533924121741353246127062527650404273196251001617321108
3035 128526179743587395656566189032079488572689246330154590415460886987300252169105567560517548223223080996775884527445405403756527072
3036 136523996534218184746216422370080043557512448619190833128217157758867701036843994748736970682496559545217725773307623791577486369
3037 145018338886645253845699425298642577963857446401091266113074337250215248632817921446087306859355768520208502844284908426478658386
3038 154039960920291420102124563072757877540069183741041039484697743577462846279788032658610288824765386700325063546806935944961578154
3039 163621517210179605645686628758403471644621368589325261982125252357683588028859094701861880914231975264568362086768285084110380131
3040 173797679954143707548958728259896542004636134563625939142697242713713778836243638656006589502456459770887340049864066282606755334
3041 184605263346981290113077900349081359571225351270215422795298966357726622847912513841192977991837963519784962036894234436049996151
3042 196083355603774289694030253080022633935673137081176033548714471109425395882428105043060925772992778462577731645735659271112181301
3043 208273459101775892578794020420293065012538328043026756912848881457552900806862338763519511066665799936633303656807180381333645716
3044 221219639138906607864440225490809615965596993692305794027279994839158860572503222317372628735736505422682836884073589085735859022
3045 234968681837466980478351352180440504174741883559471562973192220759650691395333687908792522114581309031699262685482336625229457862
3046 249570261753946475075423411107906940227094680701278611731926715962110965062899284371568063391826343774092980884682150500834624121
3047 265077119790230011835269274993542478463975086429725217323270903002754677985245868043465100893415749028076417455999851943104652275
3048 281545252037800611656849094246438135175017187122964754247925400385234908519085384967075210924533199256721037313512032567208085247
3049 299034110225317790245217430893834160554683905109388547818506615613212681851298066169261383656902609493302288599247201454509168566
3050 317606814480823251324801244594239320727130160742849029301688841191175817991575131570457981371170200844393573437294010705307156566
3051 337330379163444414743367184802651310736437069184839186287882816838660547230843214257928003564945914837245015707718666260359724624
3052 358275952565515276373198259195307354618357918698068556016679711159167187766773261588898989599094567472026915471208738595412858593
3053 380519071335142483617629620141809738856188780429200815651156289524331719566131637077933413414177642090788734204067377561462506995
3054 404139930521039314901800361408657616293266528336080831215989684870771114857768431500833698365560695567182951910124496246375288883
3055 429223670196774392569484951854474737263254058127805794537865892123515155740270965198161619109557898455923232506546738837214440935
3056 455860679679893905025336621273782480076803976171886123101907958977062816797207939609265094024250562949684608198346770979896609201
3057 484146920423601445934219906403724129285184269039371380057923254304731493071660889085945277127786212447952838065015722638867091306
3058 514184268724365927278904298783029141917444669955430400054455400797577454682764778609924543468151101638507279655172828482001200496
3059 546080879458881809588199644395569647479663932331037525756613410714646987356035684306025125732562997742796421498610210910988807975
3060 579951572137685791739883230218217047900304094111702720125702576120762333876609150762387135472464901628897451279265701621771393198
3061 615918240641637350029623318832028216589212755548343585718698054996013083252709925472357907271723267389989638057254513049605497755
3062 654110288090644607764942750523310973222295230554351995592971378247568821524547788478917956434752407303548892663450415101117359758
3063 694665088382756102653597332573344132966157658982565176792584632778714403873680664345773453978327248922518733462334214932679723141
3064 737728476035424073247783848594566448370298029723002489986118345406481789377051759288781523785063572433929580678730870261869240686
3065 783455266060632988203004238958147854784282091248393210639685065032087971161346165124135979101657152825571277613792866351727905088
3066 832009805710948041895786864941340731889283853896711980087312392862104887683532511046963751699950652707882147136754340985576200237
3067 883566560046047116783030394730107992302858039257845315264357755461831544921311446995500639689678339456107335884534688682812716828
3068 938310733387892368615717104881561574178608469622350483192677264581262489763587388609775921231079295704738259053349001178338796526
3069 996438928859221341963502739046652798857418927277789648439371251135829273367290631053598997960791329149488150714585235404641031437
3070 1058159848333608482775834086279152038218901774657863007492047224385361657643372231224635917092221822981678845052073421901526895144
3071 1123695035267750037831391973249170491906476271255876485002969971228829482017227541999587792159248653861907927137987267243304582809
3072 1193279663036843286832673324966778634106235045991823237971825301921847060289726844196538616147846165780791194223420442755037877073
3073 1267163371554293167504224357934372329605712539216051676909497693817448257792018563605936075969664488132897698672884206182059710622
3074 1345611155126048875976618928097293996368929402397954541229138005564918173374542637003211630619666491308171286082422769250821045183
3075 1428904304670211538320133972904666743818500037441271914077264752797989183243092597191085507264512707778763032445970720990976684477
3076 1517341407622945357016608062829102415005999431138371425745648797922652387359715639700445370021706792745587285365430626660192811920
3077 1611239409054681248513024567400677688318692586722103413596163893660363131863156266529327297409766044237863398586635206157052353375
3078 1710934737734696655576681416169198478691291270125696537622929461395805787327503829709604526136081670558323040305892087275083980390
3079 1816784501110681635472940489940224234626233805945357105373128298830660095757980406593456886395600303034035125770126913672718480116
3080 1929167753410911927527013008451408973230140658969749377340731532114653077128067054682417053275968765489359992522677240615837967055
3081 2048486841333463755968043464966897098142445404057655159134663452482238977860045758490265104406701826539950850055834600359243148345
3082 2175168832058464317894210963414211113663875056083371897474673645608547538640870308181788905575578149369338268968602714087753011875
3083 2309667028608308128963232116010201705607492802044352027713805634396943194433978548202000605446979581050792878464439306145557120177
3084 2452462577885957360139377187350947426478047512828121721751167042017945387399571649798097025859720635662158818503346103192163558956
3085 2604066177047048841247080865239888586752328673800144217742600674568863910505616350305487961714500132886779442754233487429350702162
3086 2765019884204801546523825272764029581134625667064791886391860975561826821075443140128022252140915578807933217156769660941891165825
3087 2935899039832714940235390866013250205403215386682390652061349335606162374900166071550272337190247730795437937623656623526063182271
3088 3117314305616770110200186767346600678752813233239836268544877136731716419521547353154741868124878368549554744528273416128744055238
3089 3309913827920512991969601994158231234061116144058308177481459895191096069015206093940765983159525849929105532270234002597384156155
3090 3514385533461196126475675606486162915644182353307641929682603440362046117430144717262116243295194035650904244030293062602553130643
3091 3731459565258719799397248498015004617561890205120066140384818823546739092864640024797642281562483002202303523874511918675609233297
3092 3961910867408310918410795679643736809375634744739440450092352905113754667632550476519145658857325731432213954212415372652933969134
3093 4206561927748905356585143576443349037059145463310151640456282657785408319484137437997382627332896357015125776053994572957374295376
3094 4466285688050175036350269557900934094715119717499006210037611422510763164891494117660723492177158945709865602402636154024190640960
3095 4742008631927237251068483631382328572311887044885047514228460620294075186744870804164038494289677101915269787482367540216115634626
3096 5034714061311374034241654077392659869464532290835556524546270968348607486688215580751448108125578847394392146183234544898392635811
3097 5345445572965137296482820933021211586197092594340702798407235870583902632966812575586888565244856374999394148843742945678654488163
3098 5675310747226877726523719014275566316839423530397883292398026476595099888022829606483062369871862834480803006266289393350388794851
3099 6025485061911478707061105894948593897176122278301974864865430525503062930847983879869176167297679963601012034960970252028100732724
3100 6397216045078765062276078343017971323653038653731731741196249530002486472680729206518441108630314893365476488332617699316246982607
3101 6791827681215229269540782115607761447095057356481140843784224161510180559846724768804625397222758289932174215666929913980661616467
3102 7210725086256731629117032553363325617556792448944863090046410284107976622516141961229672855370644925923965490973371972791443502776
3103 7655399467819133158644110312385146742360070487133590668679827572655602633274323689679488132108144893893722388616365508518395036773
3104 8127433387995852077453513484272904267291729399973097730293153669376256892808540070420277117924070737887070189165611207295649150156
3105 8628506347136969547778117236880856054451079085389476702424689763910479306426487025335760100473893137840536274736796402376232409197
3106 9160400708141674641842151008768353739836847144624933151812889553840833016466697323583559921549644096717967880493820774234968241640
3107 9725007981982941172374122530318312281519784261139349475254486086026762936126780025272402985995370172840839285920399645813964897223
3108 10324335496438934149887781331312949721907737264261015230315209875954592092751264380647040804306015431330280023341185991951176876150
3109 10960513471342199459278544649925336790577467288519998230421353212908634185684986713987663699513836512598693617810492340502475078775
3110 11635802525069962702465978109395893865455521024849908194158413614759246112594295472323052194062834554440428004365908196750356808506
3111 12352601638500577807120968039952755814831534943789743438337447613875974242720772996040881754442577235414733998715492951212312252005
3112 13113456604251560263895026073499738801123417859892909537635511639978828144357338434927597693653299122279058504646174985071601619866
3113 13921068990703233535657980750970940462091375795065767353240606791717113807502042789297743411249885667738497115364378877321557330070
3114 14778305652099300205686637597920457743530514884925794838470649372638498507384147319554148874758654527415458092231087745757247492961
3115 15688208817916786358990357390012037453690222142221389565669191528119475819874335873167520045561595124086999708669468584357691691781
3116 16654006796707595159913311109534617572231992039923607421054347190606391173340008514030697704919976805225806402913149841658140218334
3117 17679125331750157861710371020322230099834026520740319113506804445337656604343249829994376502771839541451733011692383943915364198882
3118 18767199648112635886886264774424824317224891996163059188843239509734105701107207745102232795046851310359769778184143825855779770864
3119 19922087233130736533652099860138268383598126489543713307722957249703997637972077604326936001327281184768021302213215366114207528324
3120 21147881394846519647297663459147921993132674979627240834480895499564771089041414336043268106133316588933739704715627323054842500659
3121 22448925645657868472091329300877516662879524205261602313633153497341245309730665710600666921995055863109341570086202026551104361702
3122 23829828961288270878325564164594155164005110534844380565287815561127839215633117851518681172791387649720788436026749612926718255573
3123 25295481968223783463392349854493633722210811403006567715559125884773899864343792663267448817517317570250853235590562707681551458726
3124 26851074115983777924317219621818918993631119327160135830424472767497677764785203141894162193081042950037895266541797940142776003843
3125 28502111894006763454471996722422149124539229511285219130019075421432886726824086996385239959709342935263011419672185100824708396281
3126 30254438156550492102907924005595544366128151450867937609103606018474296814132210005392958497491699680936781717918037701284070082414
3127 32114252622848994481697159084410448077816353527228907581569532855758964212507045351668576606058875931489152902429267655060699640562
3128 34088133623837064369862891644191937729822515384695167728396331119924888860389821321504809045075490121920352970848948157866552798659
3129 36183061171070640136447463103378171549217644144249245160735210649285925683131987839427824924861622106966573427662314741989517444584
3130 38406441428050988115861612570530012163493573983619644029769465771515398631903838764034726375268713226682934221386642473728253326918
3131 40766132669014046740836922999474722732924934020002418311064793470798942212347880947571670331077370367511377473009066749519931788983
3132 43270472815392219093592617159770374848971613231609402306360552023961998405582654310864105057865970853902156355317454955434149883269
3133 45928308645618081662201354807439722962730448703357505761061032793039535070787889972130483563727774341800212613646277522130343190090
3134 48749026779724740939402746352461829139203046955939823786046768690239433489635316034329473484596614077688722058653749824636586457733
3135 51742586546334068452086350496899901531531358881929936268468524565861172583684637158559803136495849661539244050248421019140597025732
3136 54919554846135445285242050145457419293915963852646529078178331637995275937092839685729626121920684169913525501953856177447968037002
3137 58291143132855204993960915453720509030975871685649152802602772271506419060152606906694498374133587860804846988915715276167604400400
3138 61869246640033434959720041554138858302423835857570074102657724573752082782884665904731894173300014049074210557342980450468533948553
3139 65666485989685957107686082992017544847926884392663883750282212484468757884199603445574370632677031912071523987002362775986395184402
3140 69696251327154543926214366549180352014028442437879284917026339771472066892713421179537223777766896513631035137405359227561468259790
3141 73972749135167035301260312912180777132538890678218630073652715028632962954554458291311255773684859763907947530963679142408050122457
3142 78511051889385783739958777387439922359398086812909913766035780946387843002414185197272597849383426401313116809189786643467764972612
3143 83327150727521648480848890907106311545277061073754934390212683938433049207396116628165170364596914749702294890575101751096465252665
3144 88438011314491168342417490938841080508294622934770153082032738619489516615028054886195530741106907093116822607309348603123132321589
3145 93861633097119657483284123446619081800868459276848982360037320224546266085342316603305031140890050878043809507853997979456488997794
3146 99617112153583606200138810254711784200424442330560956935231380752469508509657676367256621733917061985543867237308352082875423045339
3147 105724707855170438276043696623185255454631034555346881283151171319591824547560490103440646453594920696833771928727660422070227062814
3148 112205913571088649268659338302505137156445740064231765489306094954749233601710602592693329545316549953655779383670367202145007539563
3149 119083531660979248410421918340459445338330484345579822807008990243301265585304696894022288613130193112029681618025039453740226564670
3150 126381753014559818910007756518056189714325814640920363409564866328854951173545322244249720310023012754781335758112707356975571912185
3151 134126241413488580712250246900092322167807741637803264543379663242299102120396993589739627334816872013609705366584894280149688562536
3152 142344223007149571701905868152742061788878977666774967692869041972373684742884578465709224190176782549781034413889739767722915967666
3153 151064581211645812760615856023204062010935409964277735485926717134520258468991413015137321438426836038433035974324898557594162528554
3154 160317957359979060519539276060381479353178982331748793882777056385833736602647700051195891649454616973385718840054312176536430337517
3155 170136857451156908202785946486105850298210807823847662708714651408789374162065811255176112790194792851493499652059948731602374455209
3156 180555765366967031589645556512209554031742700637468812322847418486269194013196859130438540511251015255776483479249434093013279084182
3157 191611262947386786307181133822668243861969931614529828673233282550189123039712206789575113093948722138903710657927067487893294175640
3158 203342157339196401735168819559813357985522647992736643923721998076584246207668881978468540113234781186110671408956692848923207223343
3159 215789616057336353217594042306760939663948802470745122949496704139016695665426737617698740859285187652280748422625314379419096473114
3160 228997310225086843125124724940526633772758309485557132154828961648238800618136776185767257371739569267189012487187108577749431069852
3161 243011566487220186677574551944764011158110534228322459267697804959447316109648635560017112133150790544228758330596838025601641379393
3162 257881528120086342444053120052298640640546665171121018887827205349596419740285306926126380978216184451696935404945019198778977797700
3163 273659325894148643849588083753126315662196969914920041152112677682149858901924963674183852877448696875443117357641076129853519233591
3164 290400259278010367618455425513260593177776996429257982203118270880941476574489779046095269577516842730309168603270692031226618088203
3165 308162988608406352972344447227942823981149051845635706841492404417227016306704306922579964286205804074754413358247291890560802551235
3166 327009738888329035908264850656790838789654163970641490080928696618056955882780345661409491546381710681715563000115237668541661177781
3167 347006515915289469325227425578316451744806623570262482391589573123318385443814488938718075459725536033889804156294344106567187285270
3168 368223335484049060135096914782440844841673071139335655643161879981935834787609567255528689771278800877270628550533468344042174911981
3169 390734466452942522623600329742132881153284033912264898972833008253460571233838475351221217818253633853915355319092516870591939184151
3170 414618688510497271053516436861127327390836906898738312520176297281605672835585440379663335098953046292085448678889338805402626076055
3171 439959565529349910450925999423730417507231751043376872940881339839264907459303092853927919820826766371152173150812516874770985648936
3172 466845735447961556140056086551881738964132582600236059195293273405584291816125720584457469124486129190078477692230266880273003413439
3173 495371217677160937695915076554784597297876173511266902606742583564639899810186805238579402632209209400482840649936799637337187011909
3174 525635739088634026805977726351495477894085428241426240658073605199142343633511273422418370837043147903868204052494606825722984367883
3175 557745079706018152235708206058314064247667884855207139133037992443743862936364094272042330579459604220370216793710056016873135933226
3176 591811439286803312791256257783550822651608265552148577368384646488613610096654290011765138890777234077244734493886596246272857097950
3177 627953826054597839279878690748924992830543955725958259566486488676507161059376677343104642081406769239648027624833023315460988407213
3178 666298468917238651188827831120269319219926274164363582264409370246396727767186920062311923677562754288854943648503432609011844384003
3179 706979254586425297083554003255253034756176997567379020170178357842675973550493037342800504142090835372808105317804659684114454992881
3180 750138191099821001134018316781923331865824050690887357218976968782305056129924740370680645645471950977389528254329246728989965084811
3181 795925899336701822301127817460994711546154070535871356462560780783824328381259403130522308348876617943311085577651344096918608304378
3182 844502134214070520790295809273146815583663457795907991077385020664429820655326512580835824556359569321008858849034903255134861360777
3183 896036337351363907117518624962986758256760468358950593557109986142898311887144146659234526443506203660059329196739058452915095897159
3184 950708223099600235511477033369830571203664264802820694350222314422357469236328649144646155615334203604485080052041974340127414888553
3185 1008708399944561646128747801310286980989536619696176647181166166207284181151562825625645459315130179953161704524268469730053719679974
3186 1070239029414566429007508440065590051075900905738993871237520658337801857919782966716871474804686826568648075815043889027026478356924
3187 1135514524751213402324765802794713796593197123057757567656560689803106707904976992699726818272125310754885634725576850757785605372513
3188 1204762291737427628036102440612831847950412744061504724256478053175842833892491487636907204946210963502280066519291361813839313233984
3189 1278223514220675913882201341028056322546206623333212664441052233790420279748551190908700617333626746978852793761901919212644104745829
3190 1356153987021981756982747255104095553940560482778384762016746436549734464639555095378599669628888341960574111710807693949583140308350
3191 1438824999082682664782447969031912312111727425624950646159281096144873201607058596654141952427919343697016656162959637918428141557856
3192 1526524269872412130764923286772319127171334595613268520180883861911280982416921883003690943345069989362776004557462829458628301367818
3193 1619556942263036094289149065761561677044496478012317266297136981760404263985517638016026712262114897428913311711490938875135402242945
3194 1718246635266062464848064632728889304789516624793521892580590108669242345677491163782234236887934978448293485107679184762817664134849
3195 1822936560234537030447995842528117654847596124108264417560212561705965671753378283007017457345771725141127923183040558804652079163399
3196 1933990704347061488646753712094921739572960769138724138623910115428293938578548823103496238583189159283991786154410187353538435066333
3197 2051795085420253591559755638475834606135194383472736102408630069203387167686315880201889470185034766923726699801408825446482998158749
3198 2176759082339177462691389170536330778785834227627819483525724851292318590547031942452793385882359924543938688034452240285780716024299
3199 2309316845652208223283230510433016427976419954506365460081079951279895832002342791846656202788535070615725085803202438816544291237609
3200 2449928793150095629578478724718361344963098263556231441788671270520076159984477869821688074363543692405361262527091494730326221894510
3201 2599083195537466793577635653262576168424365688801077125802372760183921127441556151788121731218401446884675384004083933871271735584426
3202 2757297857612042533397883863723686333366235890424137353632869334172480993723254140847783330696007853328590299506915250054887508190528
3203 2925121900690986858190927113966969833145230887463319981981228237674942210481536429585444732727536710271101885655417114947015473912778
3204 3103137652368545822281816608348864480683921045362848385809860268869812987299896630806929160525797978395058806976000232478062822817634
3205 3291962650053248765817768655342168176116851712309712636362186524449348037462293288698253810594081300078820488987429335201459743880311
3206 3492251765120311444213357996850753651124275663537499589484009838555637467800336183790702505251911796374461778359288475071515647497690
3207 3704699454923668845985343827911422782765031953578103394796985329268557080667889659586442103321239924526881784404637241044497238863760
3208 3930042150347186052784159307264344251153505013429741610502829577770483484405096961181810439184328458699228617789771030907332422575012
3209 4169060787033932623355268731141057564561684187357334011409533481335897613261562235268943564527599764863012184165874951662917928819053
3210 4422583488920875834028969366608521655972252004962780212329353900785595824632121731842933038462438227867567367554324750497294698414860
3211 4691488413222288580512424977786691816900330300744180270328379259871840401328738322514350309327698058729843790963165219421218900027381
3212 4976706766554008082996226245741660977767042148480144065915640877994986071304363179411955843940938240200708780933408984416918673927791
3213 5279226002469876650958596112689885041872975331700689920924498256109234241147688351584750405880605688676313338831079406084404804399284
3214 5600093211298136513629563203987971875815107047793812100489218065831011363285541511222630556203722248141576892866310322230937172376338
3215 5940418713816278030556437058947855145715037251552105522545107034164192056338150316290671034690878814608075885878632969481311429292211
3216 6301379870994853807579663369781032684395318871914540009872855357537807606505166592712201499219166696883964181083927879767094058971856
3217 6684225122771621047145984166134012882097727837997941388992058326241422621665221294657336350738681513001522416038460166444474140503695
3218 7090278269594796959749733491881914110316821089215187908377332580129714236914229666746573805929719710946315952926230684954108515409479
3219 7520943011294647314499880969926477715008153018776914338115851606215066550782472283034243380336795451212376639654420844362660262884877
3220 7977707758715703403983352591302786702830014789854539825859288316936357895831097506988966724728112208088624017803796569772700249191193
3221 8462150734463605113835486441181472757571568881187619230270491104035062069481944161176526835499298926709241881787255508865864978083358
3222 8975945380100596403671972856178047095719197494516246847647113630975142658488263385368134393544193214945470881894439299666361619867438
3223 9520866088158746349509962498715736614306544913719710616209473717853157409721389271084672744525099735903582637661568237679928341600468
3224 10098794278440929482345649082321836256817634098436159288576258058182831780322233810060519339845749914553787132953068800952114160479559
3225 10711724839241417292368300002261800011707799262701877692196944529618236961829805922865640040675577950363287509343020403741823520031975
3226 11361772955354202181027315487604328271507701843545646237929877282869372621331686720505569942923735133403703836940247434803553564378183
3227 12051181346042295566285322676156887862130193453192082108721674266991477056529950360728821199779255561257910748251267859700567082094850
3228 12782327937528861757950594804991314881445924230416582818449091536536509742812813464866793952551825917544173954659017105955884064060234
3229 13557733996036584920791998308292391366806493172552425666496656182115311107002759189183870240351939594236119414946409574143463955691451
3230 14380072748960270570958501146005655719835647262217964143831653956072264930670254802650872578996895171079689390442759975092906805057313
3231 15252178523402636797894455541496263629784935063166014167053752275094624366903373899493253905773258496394799594982498786909141545855589
3232 16177056433053304362663311697379360670639665191625473524050542786354689788940920143272959595808350680406266138924713448946150029696349
3233 17157892646238596499911978501923063215839792301669523702902958665309830788371987904357862718072757564913755965488456544865713034772295
3234 18198065269933991633468414705224117591051368989102773580875180476069723591081981386112195950851031234788973980467246841706788042746286
3235 19301155886605490652231513835123743094086471003048181663125785222772655309505522441365258492165017729289662620428276297923219671449476
3236 20470961782952314027362626388076121387746609297927142601728615731281285652150113499144518708659671604357335857633078497857397403651549
3237 21711508911951566713310057219922878473962766480903310336011908226734115477136944280005863054734265683723934750752109832419974144053595
3238 23027065632082207880828208436798332996174404541693789735942103357596738169784335072130089174870751996811571265219040994489404808514720
3239 24422157270221032482853597032472519762174654730060550724155156146872206998883877494440608305825389634372513439345205717089582077294565
3240 25901581557481993063267802694690073525825264915609619733264207254124286161143643534754791335457821438173195459934706995419092618145485
3241 27470424990207495775320518454824397265121816794198802365650092398256821137543723943606192153478506174485503926774899923796019743120568
3242 29134080171440480918728904853335843252668526871466770861294984745733678840828988431258880158758888711901300494269925891884306746453523
3243 30898264191501399959379206095769979470501474820413930307452513699042240874059882826843932457742342521687788276331164826171378271452954
3244 32769038109798845436831319534874544080313271993864840940497389482931458920234906300951536748642188473810545224672236869853835103266345
3245 34752827603702337644980221242677416518028386727503773589020418858750821351928374770929334942528310033646894453133612468669653290239235
3246 36856444854237873263161874130505919231049886746329607239323813339741179638037205985091077444033462347887484722735380012358638394673202
3247 39087111742521661016916782969564766131275832217581402046606515632989286897511172287555845127763491095032626156790564469994162915317471
3248 41452484435262080969485987108311031622354200854269764655862141071516973594637173571806338312034057053519459916592122665359177986297180
3249 43960679442322226820474784253864669467575357931873757992503010100758533120590496796087364497393711318454523129418017721926661823606299
3250 46620301234291490351914001594597963838719216550024061952833862383450099647208380825496414780622631766818050625466840308308011143264988
3251 49440471513249818210186567594730785798107656356196755230566783204442490045445149523076331858019505387213394907766034562360214496085892
3252 52430860235468730386849394564884116853087486171125021059375938921563629712905963256035549816378991528403024564714667622981314729078287
3253 55601718490671136116375464096428498193841272685395428360419818213959605231883021347000672950614287751072605915552722353918665137195190
3254 58963913348714730465308945603148554263538643893712902147185546498051392359619142812203291657360361665681344612201077817079481681291127
3255 62528964791158338946897862005651953782232180648298919843656131217004081614808323228804623669707128307370118852519512007760626834406068
3256 66309084852179456280603087829388957387748540204854407883937016170772882930878730935756905013944886134002417982201204259142741914050977
3257 70317219100715199250262005192640429821103348813614800188797509021291745284880777744680365768023516715641741356041157584353639790511455
3258 74567090603561014974949651627141777660251576811869508050298555730080005654796750329319454401131555965972516953591633828607521417346959
3259 79073246517474853313049558360519529738286320650485177188268578785286632840374827413815649985464687447067698948535940378956315919982248
3260 83851107467159917890692678715060705348868186881263416982033664967400358117527673001690020466995843199687232088342351473854285811545889
3261 88917019875325755801409480325583915677108841103434758621470699312035326123162087858694829308439517493995471568154239218759392456701828
3262 94288311420934987564336457336125194952926556132065033534286268327830532922571141760406930623985403044976680153597288174132079545948818
3263 99983349812212622990568221555436559757185949546190558388309072667338357201838266653893964651719307985562510532653539565075525107514343
3264 106021605072109003309639525244135424963067548457479198240740367958157150295265597860933648493898930975518000233416411779135766780714332
3265 112423715545661475498104727153778289251257226615873555578138729015891390680936070366318648568128187038554625276983416373406011861618938
3266 119211557851174284353796914171928367687071678629878882233852829313807196568731874164367913457154359805016856431589341027662340513263432
3267 126408321010321908786049325112131655745792659606109412850076077721836308057809325134587537556952153633162586944685221357795103479884606
3268 134038585006283950921430397557095981346557809139590965414889694663461198470215768691745208817566461263404724493401630898069420786704756
3269 142128404033821170185940041927208975416749311190854156809967246673935154628675596494620520765310931302939806769201147400336315838390027
3270 150705394720907150676202296399346968437182227561892142869675469782719536642536673321463227615037612423132032133373380959189046472583160
3271 159798829618147062016539455485668393023582738561062221645288169383182266815114169087262791013795270535943023411754622631671034347276518
3272 169439736269840952446845403984662548556374536687662904829459195723144837855295329799360863877647575755133993205140530710744454595218363
3273 179661002199187790057161361777798011119182434233397779781014155534585533151676465901643857321824333606732177995964048047985972125240582
3274 190497486159911574223243734236567160138913178344795777118603120909779847298418058772482156430604829172717336552860435922547937117505066
3275 201986136027509382977628316488211444275733885063060495154497705450173696006728000697101367497869916738838345410278688199030299948399050
3276 214166113725511870537601104323483375839334854618860961274244319307311172198180750380060921662862637425100083207853644480422364755771734
3277 227078927605629258141194042212493851982625848733016588179384961665201035586153752523307881267211708303320010906232257639128135153953913
3278 240768572725555941925657887915433821300116363436481682935810086058780034624422016644363587512824706985717370908075126804338112942679130
3279 255281679494547174592837710050577324687762932694389711053828954376223240488200647847093176801791802244294941944252819618689113108669386
3280 270667671184827918419252954761584829818592034373466577294282734372094513546302670888248599665762691957129635572940484948288356520777038
3281 286978930836454767036991269075671217100613191808924714808356361972027203865250384048173969854399503091579986275556670644903643884295911
3282 304270978114592591356484349920365115545829275598210892976701138411722953536353206222072851941599726267267970372097514013298108516301942
3283 322602656711347804719086784430933175474916912426973684557518581679886742272056040967965068357936546104467493864734119345851205505802782
3284 342036332919468055247331398007202857376425303935094240729915410704524231164226056420250802340795102283425001316377960745613619821817655
3285 362638106042430621921624257933977542350434429066885833515144387346761089553495605025586629492587569523975161925185929607130480631121316
3286 384478031344910196878845583101473110807028588819331699742393431395782741609886453125900688178700344018330527107206492991316845267189863
3287 407630356289374450429416832874433335590100143692039426147473832046215401379599931233295139604411342934550913728649070329175051884150373
3288 432173770848814538857391349416274771065641054054814402773565924146095788037081053150061951722870862811451363869484577922509587855048330
3289 458191672732487543158777750237115310960981841832002185043609526139825429112280576886394085734741713406851464541570346419909187432948001
3290 485772448411201285221338384817712617612085473176465657289195199439688011736065826810158591870858527077587904718092181920570954533044544
3291 515009770881236469489875420554484649414564979442339983398027874746468161331782947415736336511031472458331495058944009585018153310009060
3292 546002915161723086926937679818950841068738808065135366031047399163694767643595041028055155472107473419828356894548420513342883512915912
3293 578857092579265529243736623022314311260892182858804817491538314483028604874546951405132757305073661107871686788109117136733729961799463
3294 613683804956093310445804323170437605661458882436324691780615265339674402623196544796314062056221772097068333732557451569107335992885757
3295 650601219884202828887802337077183425331703366090055332076295656685922946190884644907117136158070678209971978733310387055131308269590889
3296 689734568338051173981531787630430406287428294522053308673305194373794973638669473046763687205152999225487336703614941579249584627319054
3297 731216565952589086441816371664352375891204404712770477658156214262939180746435744574271020320438179647479983147360903494170804957058323
3298 775187859372071456855321131549620012871057526483794070186479472239369178335885836126255915288937350937309792219229505700735179712640555
3299 821797499158360833531871872953053077811174099204553829624571443149957735768928941331309976308244375890244011099197428965284789465976878
3300 871203440835626657201808540976020606333046658766792477448367974143277017251612056361886851748932277031002279452586446053742092312124082
3301 923573075741795869354548184183719330451744117405869733500370007777319724591608435166835312277198099345976041214022302376314068101921287
3302 979083793456031139083185245158307036764328057254491186113897431562975080737420963346387924053299128942260094420374554636327032186807563
3303 1037923577676304657374558588346539496752962056335569596011656656893412183425060082754256066473098348028699436488764982246645686427844401
3304 1100291637532128112399903667150334749794382426650007861073098461901733355664046396095718517989522192678077574727827656846754205735602842
3305 1166399076435053759888115026783773655734816002197183677101130772999321850427057287569193610275833008367745778160052007065109124488556407
3306 1236469600694001909102934482792574946646417888776928563726196257240358538323784850708408862623361802301177047401197121510092449179696283
3307 1310740270254378330263849567797816349710211955922299828919266822748659089597696798124797206634488156424498144910004444709917016016541117
3308 1389462294059518201082865285395318650915918368452040071474857259047876253082958359453053592184261161081849990574393809098799786226653732
3309 1472901872680901899359416502735658951350396840361400139928289897976914285824924527228522954828690258009077764894556892722589615935990332
3310 1561341091020170491735826191069251108368841831515275062451761164778973880950104469953004569690937466957304580865604744847953195737254923
3311 1655078864051880643257371447378031299264153212376284680350065062947809683496970165811561880974699605702537904647418838533918804781179230
3312 1754431938751484114309887130133006938590387488799127515356818079953771947365379876288253988881484279709753240270136608145182241010131088
3313 1859735955539168240499353988493344182188924985193177215139663832062296317943919622988605234004204366600121062430395399171848241240735781
3314 1971346572767069610812390725930533876328523290472486999903478468772609864317406996124676336466114098445104105848306394945030010766541102
3315 2089640657986084629038131998573945940012013624206621712628046500844643545831718948633419115503431422483894613479527270543509053112559161
3316 2215017549949359991801046488166850887889025717764558645667912718787238305147779026591476200829417909134875376718012298858792668274614442
3317 2347900395543638608495017278973458352598295113009413322762439475913636316596770432719205045442781792259483297971441890821194722823466586
3318 2488737566087218520488417407397550323938184229836002876270812487907985864414614282577675528333032003593855854894907436616575242108163232
3319 2638004157695905824461934659252975333670661701684340686059317526571695083669239461930890071213654965916483427923985434624963730473224275
3320 2796203580696018245531746535533885939549275174478297821979988248291344105890065890378241675087681853864529020330469764756827893675860314
3321 2963869243357859243248265211047417301766631883658323941972886484396759709503863806085327346852075923699909064767152927591778496762622225
3322 3141566335534633660554970427459469279255323266846083975691926529309676631093889410733990967008457457528562541202659977365762980823201849
3323 3329893718121878675426519735819939754280007570356142360436197037926733973335901533721442918220446983966119563033769755379187857900568668
3324 3529485924601633951960800682666862601441039354570007886753017019379954813314098509750672518651916429468509137229193455922238100054125158
3325 3741015281306027307982440708724016477792091012973824939557716497684749342634065497764839108877135200923138649657063966746931658349298480
3326 3965194153426384379496215456581002805537296851694808473763936931785704576230855544058077282005531435908248248635671120651737978574943986
3327 4202777324209204975930517763349591308403605163849027488884967914258669970442758184379261626999220378495044142183642059045748580136387163
3328 4454564515219501273062211335921938632693047056799626860627653200802671571580494384337367917830896063809491472931720976886641459107101985
3329 4721403056017577280220337110869984367175638503988258554178881663973668370180398570649443562947785277174116000650667736864841774686937637
3330 5004190712087534056599835045615779301948640697627299505957857723300590831415696499126030022671890875530457801754450643958246173020532366
3331 5303878680378087689249969327610144910218712836604979947946760327142224132777648917004537114824977819995618094714833412526144860429407257
3332 5621474762368149672890013004037311350109310143421768241864201145641459919249546438428694708874696029177389355612570580168081075248674103
3333 5958046725155023175164221830529595289052032809248514710319201310287012287872797698707804279217816270178647897794772376878771446934746997
3334 6314725861682109758617054371865594221075256339489165752694645147371862824797820262158485567216490189091039603658726849120932466437441727
3335 6692710761879386450981494120694740637178319766167936794589579134609274139473725412546153048414616237036125759786958426529977295600360881
3336 7093271307183646636232916946618354784126820198599764000706259874236426190717452347764868072210323010014813917013726985321998748190003154
3337 7517752901641823721575578962529857418654419699379179713482651663853736848482768468321957773895277590197915927311420724174532659876051733
3338 7967580953578435713744189436037396875180066332535435817465775689215497971263642876193440943901844840588266554199014190128939613324171526
3339 8444265622633375131940428770651458198537066664117184099128734702984917872350803912226992163467758082411998586057309733820836638755711559
3340 8949406847848651524923360064622271587220046072478607220269298615513829565687967263619343721049587118513314944384108607847522887352977772
3341 9484699673407789337383198947436359468804394206128590025276040054113622746841461906263832748772572111522632642457111956882891522928676812
3342 10051939889609179056593725783442389544301505719751548436448950940712490487711241245416817470094655161013974007380944221620069584811310479
3343 10653030007692361106772994110238280925261668850191420917251395499837783551235820130076118939852294384198445000722528241607403207977556764
3344 11289985588232063589505579991174379287733048977694453101518325258143199404673370638181425182885467055484307525477236173893203535604604735
3345 11964941943977701046663825096421271101967289272089670087252632602057676433938200507241455736193787501882766694966556698169206567229225125
3346 12680161239245122120043578020701770360479407106568120761289349899622365112297841056394171082464346452982213796406324362026553076076982252
3347 13438040009270954038498175443063585859429203729160557925994819945026834963727760072388246873069869230332305656806589651316955617515622088
3348 14241117124317113528353175800651457582739369962151734274848621758872796903794407633262150118397341562529966819677230053497705126154954450
3349 15092082224775144731583429381074342915996974266820269442648499792744893661951644120181460951202213726071087979523244333040509130450374861
3350 15993784655063775160945058569470362156848695073611059960371324862413174918298340645680010391842610511586082299380916097792650736933269280
3351 16949242925751338274387693059901285212342889099588892953106057762627859351340405517898735208178508900394842685348827284975558350333173992
3352 17961654735066069349008455391168806237056072984157032901974094740132496156647161729741879877853018041702870148442564171573153592879875857
3353 19034407582793589625007477649542169270853997704956823408278888576026303294641109742121432110635280254280626724170240754319573216548090404
3354 20171090011500750328513676865611132954482582620838932335396387860723546597404390725197023200773021537713193709486983623988483219608971850
3355 21375503512084487490476764024061578352730704489904329272583859486080580494376969342906621655910041721216676293886764778905377334730594144
3356 22651675132818453358210352385819315886414503083226058199849612423047245562211591347923298363782710649372723637745435273929544087737502138
3357 24003870833377796723409486731684795657450471785627245143497786190654372736996632091205686038482799280269871899350385910471453845967147811
3358 25436609627760582487697142347782267048521228826269139570944465754479565512919515824748584148299918653840683917303015806107182163308910783
3359 26954678562610547748549225449540658641362485227396436103637022940912728745270811384994981238185306458744799196339232327209327164248646119
3360 28563148580177621096846347004820556604283043647910913324723534783940368083712765755902387091432724530255228527399642317525668206721440845
3361 30267391318052781193467416674030437398708861885138334703355892208670671308022299587585521594535617929196319930526802514531005802910143387
3362 32073096900875290514452101124260447202111333403795783275845355105045249379984042054789282099499626624537444438204011488902434248807407734
3363 33986292782459559679258251991761660567564734852384667529252235799629305651378957098874967635498933000553763501202520916988730626901151865
3364 36013363700221781530217124974748331586789801267367561826710961246070486531370543239002752203868644294628440819148372813818057947285670968
3365 38161072807427908673845234903286388109098086483029064859202313884458156043481569529796698592533384089451305711074084274488189436279459728
3366 40436584052630355158918258966749544466064897399411157705773881150598574560764634096920924755379685967259618392785285362256433330380760883
3367 42847485879743955566409757700078602344695981308234926060977405882647389358875913509819133107012604442039612913942756937669900697522979374
3368 45401816326521379081027291174837443379063891898884765156992551475088103995078257531225653228970768656031667682595812647608107787645615591
3369 48108089603762506061319037406468236566939207612434683669619973434781310024512403633107086420708495543586122181234223244168772942433519244
3370 50975324242424518110746259735852374387867683417522792671265818959382538279734821442165533309920700121697796309877815456501101004729715884
3371 54013072900925167874382709558526554164054975039429541592990635181603915249609233451943702810157872296724391721382651974068577039773592893
3372 57231453930345067701660116810776181405808445973053515673487634984502513531388982575203635233952373008840461689427177488644777476141671732
3373 60641184800981789151201536686827559033444384403226926358492432850080739857208023322615830309017729378464610275373761926733211519673515622
3374 64253617499774306324872543966723449499064172683590107719781727838194275982489522841147720828766685174754363561225379172217335923176574604
3375 68080776014554201490162577279965008892282792501220581528169296360135279353480162889084488410126920824363589441424638736607427625304782460
3376 72135396027880484075168415702436109173541568966749819099389251518330758294138817218250581810252088028249560226477598040726179601242694039
3377 76430966950428487537071392908394706051857855673412044826171825300453299665942308679682107743252561945196129985274587255103891442498981984
3378 80981776431521070323370413869016753211070505175649623059221231151063841396163927357094090590180726800849082784326558698594626758739153156
3379 85802957492477185268452265956123688226669323003778614799793209642939469290802809017344975601522674986467571376230418595846884386358544177
3380 90910538436988244830405398912075499676022534258238966222258419556009263457290496467754608813311042719782119612601991338743636584167955173
3381 96321495701791168788448620452803866032809389315673743689441551952434969013831028043867721250094132482537643513506305939520505231681114808
3382 102053809820475352619377642072190470687970499253451678091041560513454797571092512476013384328933491993166143076472351744268190156966771264
3383 108126524683409738982646183332502907496708237570593945004477651664195353620602121524989738183757401665399390469686226885274033998409543822
3384 114559810287493811500531604999851321255582317805405363915945476626537987212279881491178498035575964501099861713150204657474796966741940361
3385 121375029180813125529948548539187284340293996269579844492778381079647484489768077986660912208821479739810311579064880142290799472953898180
3386 128594806819287408449515433655129043610680124415396008643693800215664323535948169742721818553173186444929693273800611179949625521994459038
3387 136243106065142063049659455304712370866177569966268282156342922959395779912194107252854140145516429429278081214527048619356606424087732479
3388 144345306070493307697025528790942719164916860190267507374517237233333457833722444340736307922547473503784335341953223456531240273937716031
3389 152928285803612942719965995528175216609474538517087125775056955658871629621377353703518736123710577312717345296480873549687216351815289300
3390 162020512490514137385688663637922663529584621965234125056708926031327012737858996387900806083517278259544977780800219967824203667906340867
3391 171652135260500221010853051864977003224985034489489163891285977034243059505392626458807690994962269996160795069116504757322779551120518959
3392 181855084301207216472379723333398926874871599540780730929176368502096706200251724468708113749261628940645845872542563751515048299534095891
3393 192663175846591742678778395184493757211878697511256041809281280223079156722366592648334795879981571254669583598914346507663485742597638802
3394 204112223340244598016851724827402540838087830139253540992797853858835388272156631905680095710609669996214193759295583979618385797557459995
3395 216240155136485943863560568273161703183975210163794898950266210789663861822878892976419784230987795315479274055542712610086634340611941177
3396 229087139122897487626028733567561262091126791694430894033424667453344923353505340318924816601964721202690532801623292498031196929055899332
3397 242695714670446704023214002795853947602118431168251863262861828704766469798416280754125805513897475631460437706616568380845637860851795436
3398 257110932341105671439483423213690680224419779630597032844301118983482192542338583654322024344798613596494578659190451677711462393138257115
3399 272380501808065010205260045556927810862523703809468819219471082693795683398859564060954687512919538505200091652307331066877477080479565855
3400 288554948470257152618101340402791392639957019668853628131063639533902344276058071533737815033733236991488986114750133115211095673355862784
3401 305687779271127495046117958534840428192349053812783404133959930033582058352210703237250846176255230539843261789421024925119466407437223150
3402 323835658261400444940738076735477424243510022947920597700305864127298903275616527954367315120205440258640126260975395340223367989180218179
3403 343058592477209453486444887423590843333579891235582451374533704188637280659243841159607196130641918049385162147470816819780025710218888266
3404 363420128738355832950877055918710581512205366917457290713613805440575503267696211592744016741088857013475504513860269059533257296322480122
3405 384987562006872375455980238822506974500363201177158489431641754449602700703913601312712571978336696870814020957525087712045265640567730603
3406 407832155983482203684268408523114866250264363103196569007153793583461637549541666919086288404055841056094800586964675685105849463164350483
3407 432029376659217956556416934157132651254983230332030748188486066527396525251832471142993645362475008678397605529890152097404724974493271163
3408 457659139581359381072700240298298505514037501481966509604918071926339944611114710057275677320323927004816821940369376405832046703886240071
3409 484806071637297109967698302248299650037675745969276703557191477676140726656270677996998823768211818614501697835938992936998369300997972262
3410 513559788206862394067194592308585614011723408195918696799324441934173631329937525329820282694267637467828921520632229558083549402509833478
3411 544015186583431392301493608480724648752981869752733852955174720845822642435903233410917203336307692783809754411706941245921149940392033277
3412 576272756616695966246964852240012940885763729195127690526063411725677027086606821151991396664795774923460423137503309735531861997925740719
3413 610438909585738226263824548567608377501547637705868364568800584439556026038444168993785125434436749888909279493171869550800195667606912318
3414 646626326369926868430913164314354875835521900373139264850342209374352327356965829686799562233865985505307225947366969395290613382537292081
3415 684954326047602218832365779133800150916594437725841383457778670945920635573875317649052806338257191316792826888727215486638252658704904904
3416 725549256118471111105326913016612665104023958749691047476537157738204784788309889200937734462060798990138693217001675163491644478555085670
3417 768544905615555126615645589075638965133979265295814270182178913542409888905274872617235174078940993996607575450493228714328797839872553984
3418 814082942446418831699480031044272491974115025800821878730433097288718948291328457142573004817777695867375591269528328697286762119827200280
3419 862313376381722550226409943775908206826067133741005983614334496057194090824613151145162082956693653231459889876231937217138678838603829176
3420 913395049191870572633783127200002151728277478390288718484488196455068281623263540965987080375612748327212337572592495120765441002934116256
3421 967496153520247810145446903061347738609405164427130792290685367549995763261831896567235845386534540415892476693624157549200028202110164526
3422 1024794782174201861088734743617112053556504067834629725122932922473918026013085619308369716587972890341579193472890362877437930678898956990
3423 1085479509613137393099753798169271614772005156761987355494303731403014511732300246935028326990625052044152061020309007374906427127942647410
3424 1149750007516884550694923237068294017275553015734486311136041686168682701182864030743325813739159528488041280318435510978298387713543800560
3425 1217817696427498649240963705521555275075142118770867471438789444562349778447699026964366658013436020236728705072229238148333956249509141240
3426 1289906435573854796466529519581352245888628113941111824589121387315599802567352790438213730690455807224253200828571628097230431688605638161
3427 1366253253111597594250571735882702681941091779720210111081941931967714391201623659405704888959499418625488681450455634023135201245552366868
3428 1447109119141160339000882572647246276999081672368553957207212507704195598012502981789365198995203642224420188525931452381309973160471654420
3429 1532739764004484662589812635255042145569765124023565602891113674631020340549752328522792372523209723585852096854341467733808260259201790066
3430 1623426544506845542871396424106653231953954015834105185942018435568608911373275895697271755432883850180775256862598234231662564268188023568
3431 1719467360864640876054831903667161314088151253877935768642063667040734558006837978373871622276860052073128312568542752773839703552682730292
3432 1821177627343208264566271205849579124819960679740549985994081630891477205889931284440385757398716935747668644763629918530095986625058620550
3433 1928891299721693865753392982515541839662323127572228295572018504624723216694682427895404341878156521220384314558208227480572854183150329730
3434 2042961962904782548896081658682044540508543175416694199253911975262701721962146488535928020086425848551935726950589992505960290187931235714
3435 2163763982194718351923926215939807291121289122730192312207992873390048555974489195588438903077119190566743353611283579055132808024296517937
3436 2291693721941737129144338323458726784763443082265648901122618355496534014342871191828259939370539071369024050705483837294298294580010484406
3437 2427170835507863785730427556987437567369383481886224999227412786199771902996071129998755294594721619130552264270982124694306397442559701061
3438 2570639630708166801093923608122659561311344632427559492498299707935167427210957370440086656213751443508865358206126580010810028897704958517
3439 2722570515136361202663366831160399630758286025279607761225540365469383221170030119994165802810405250672560563385141652365367008558692633638
3440 2883461526038268018429672394269617751522807034603010312722971283808105454021710091238279784307179042922292434638742284402328744923496409124
3441 3053839949668403346696618456705859168507251413959940722881814977543251184068197577901950320665109327772934165447529131455780219728191579467
3442 3234264035352332314877150277644515678097887327381162372218936809962865653582003551851992545640236281495700570567630505141728200511846736733
3443 3425324809781734463972097868608320565270303789844276960647458601039041928295353051792322501658356357245487393883793846213911404825081930134
3444 3627647997390799075012371690420176692785818557396141975358253154562368314883139013434137255611648727687979986112655225977884449637336441499
3445 3841896053003286602938716823715659311314102603582694824116114582470889720597129189897771814931244317002137064912652472120432161800077519266
3446 4068770313299802000917951911614918948486763504323289081643784114747008917951296718861120884397836115376307006691464686806994806211391718149
3447 4309013274036189643875561866512315420730519789527345059683559845278668135368207511277661553836335931899729027647475531193895880146055721145
3448 4563411000347267806463418093823107474494707591083152389426998959714986012527779681291860504462427081733364214630310894751350325606015313036
3449 4832795677897132846246579169790203476530497254989481347218242876566055470330724044398365233663857097902981404261407424496835925188337427643
3450 5118048313088695072650741111344303623011045696280073773382023949804724582147330855639207051375443873137205520696397963120106960877583578414
3451 5420101591023154709299187851635122692951928680894663862104470262083702331043837002624668262888220687867790884982820266626576639591148265165
3452 5739942900405625175798832780772039554962372183417319216948171462802933199126754496344413621924981913461337927105854174642495748441441292459
3453 6078617535128125487465253609204573503759178500586389651939970111768216042367302684128159504500597926645369676892914412359566738897765189229
3454 6437232082827103616317668915178986615813114791014121367836465264951353118338461314514567017153322724371557566646095211514828983122703391500
3455 6816958011311668799244411903162197935255402014586835261716010221157428915944551233640132698671000527462003571203357713398070200018153814445
3456 7219035464392128635105181190656299278718387834372921907400376510370187097167181353490656852777700065008191122788063787648935653181569035033
3457 7644777279308985142878277387863557667463822456145258585111046870053773226363642254512636637767905023758994724848358241099824914415757608916
3458 8095573238671750956542798535093480504644874825805871860133689797774456371053346809779756604444594825515165884325269680681942985827591978706
3459 8572894570567383579639180016604803640816983069974705023911697292725676692894766682152208662756728934860530626405809523073461628502916251656
3460 9078298711292074290421981435017744603409048595408321483370336997981557445900685041987387017103790898231356304105978561989063690524607158519
3461 9613434346000248679859167861648145864903949086531033335273316034784818600247042646993086564217138364681570424494228814356805405813030830393
3462 10180046743453198861294109227806437993335991484318308230344410329160746659807949673761525613999808417156026741332944598191161426516625022975
3463 10779983401990133177221186856703130431648325631608303575718333980545463468613085157520659191086417944086749738261351348599789140514481204547
3464 11415200024839242858648436059629402630164380950402311302365993656066278657593230196946578034198385398257761378587867643186723468547798105477
3465 12087766843938695881205314969385302077643649049881741417051515308757259434582424281936996315020428290148791573211184462212621687876485618771
3466 12799875312551016901794916857505102409120182262135697518616228745047026739872075678534161799253304797559738480211138095855806501974606993887
3467 13553845188132333086227974232616213153866156743012735697095377942275244276494387300039017598735015037150132330367146284023326498595127815683
3468 14352132028164124891396643868807567402493036368931495096510198625119922190742507143878321575895664407341451406002965539798198192559251758560
3469 15197335122973587662798043430555262484814034581216095561232927858858154085444651141777239370866006556925675609642600861262614748752207290701
3470 16092205890963780176434933201206909943815177882571843197900841675228399652209705397165926092868802149110215564472198065140956434233180820711
3471 17039656763150050585309835908332347537155572319963435761630749298070413662373414888076554778715295145399271175244680184065250570349058565299
3472 18042770585460711032842455280250070925387924991865151875033568529603996594291501216907296264435183033867367395681482219660514930363913353269
3473 19104810568911306282676466486680439495903961955007311685219037173806787828178326151653267899040689476386154174603398420790350890568711617492
3474 20229230819509163817911336214968191866147776537990608202647057923693779767475038414692871963231447608480042889793672739498738085602899115097
3475 21419687481593030134716340526394860487219296239031977376157871769611639964604790015480616324007956237914123016738682272794016788713806837638
3476 22680050530268557197019552180735458619711982735794428381293020582096653551263595216590035283597264955933234905434195143667774030398859497875
3477 24014416250668263255931990100830839581703012816475350377549963494248874026455390362441975529955669869281328526989388831097748305054197511706
3478 25427120443953650223507928506764126975664100092026256193471444266288352355560953636687685956374137598327091067998410029876139750011587387101
3479 26922752402291640302253387292750306987620082278004821044811810470100185704076534798310697926835795265521316925448366857794164131590678367058
3480 28506169697486954214331093459367997295554621702760369692120143136767733465500097828991067808341601095357422788062548952353487991866101517541
3481 30182513830542027043878375426605403245095679593605592200242010142484535141813747151314219134164830504743646270718534250267219132778083896944
3482 31957226792157789822790422647581944426686901025297773767279247271909966044634781500617232057871407848167642727602263363581866459608439784671
3483 33836068587086331490107403887963790212447687213512229840736767738526770338918323862128379046056285852785335058153606467066648859527158892649
3484 35825135778314659271590004321492010276894743400974543038011067663139151926833290128958719341386552721723603318206262322892233106517172665734
3485 37930881110302027529037647121130585734689718525775679437435758465361534605720579240795348859060133962809862694396073807434581299122287179800
3486 40160134273925702976669844502721238875371152565724384323830883119664229180330849644692338139202598893458550851038237969636124408415699254681
3487 42520123879419700835634987464078512605203894408232320977580437671650786214567046802858454710479068203957747453923484253692019435672213330083
3488 45018500707432448821481265101215774868042120129405346048363995486202371927496248552177671099515143113083659701342501081918067754197909564328
3489 47663362312389368941125077032290830817313646768149283505341193279496475625155898107798214585848850501938099030399785202092715680457776308260
3490 50463279056645951003649207485633316583773611587678469681356614966280172892821406326120637890595157192121738706029472246121154350509084946728
3491 53427321658459898118275735041576531552010816230595213920419919080353933458952320107937607924089432868571845201557034504682682538911489128791
3492 56565090341620869083197567812067915928860079395801648007810009619725955752129781333416775569400268276049991702749506466121645053583493308101
3493 59886745679660156301162952130188486745442493047847507962088711164472647907102657747731580046529157894925369200332993684117927359000671376983
3494 63403041232945116219684816812625898048166451245054010308589230253425332777184622173418658900253496573532523060450573796155189967023347371436
3495 67125358082650144001171736304121534674298028311552520052024085357449225252513473294457875860830918707425093300952949005676199592544032985823
3496 71065741371618893864399517722376890835995681723136271158127224130281896091965445062593311009844131600537760829755965641873144231840593466590
3497 75236938968496042138331640071030193383940594998240433397121195302993719722145804951436902704606783207018574748788479844149415720493981722277
3498 79652442378244257792903329529960144739827107532270222046314487879096633037956063357965372348085546361449958703588256700735112389982036683298
3499 84326530029282393787869725310642862368812125069760650153560673423019552624788426502471077541016339392183599046360069270917712386837365214901
3500 89274313075019927159544601933048347695783391896838393583946942920287487026415961728653882596733301424562009241459551436908001898819866014050
3501 94511783855526736420238861959747928293175015251121223415368669964334261944677386786174762635363888280519512249511818701758515535292117578279
3502 100055867173513247518984720148932745772054736953352585745597774738403371443337705762513552531984479737016863365999991322871667658863534862845
3503 105924474547706730278286369741154744196882835169572947316073083619336569501489654596457585687577473054544621683889712032798469152003968656938
3504 112136561616145158050601580885923901977843318339560621883135693390428732853857372278216258745371032587484706606898703778129839182646703567001
3505 118712188871880177923435438519074165816166788046806185165133194797322329656757204746878345697899433030148676468850952005461681413033826733437
3506 125672585924137816001269728898535698031174532884408005609064222252825969905472272742945762140870472542967663878150729827021246105623352181927
3507 133040219489136626049841725426340452711045098137826076738377012965676961556804016523388982258842787422058978204799772758843304173200402242323
3508 140838865326575036558474752918294318981396112136911731728064926329592143293723886993394080174254552684890048115506459930668674189660446597816
3509 149093684350274951451514166938285578274721016736898269964413307176464170342963288268209964128893973318321442632333897777453099495327478429694
3510 157831303154680039549191140355299214420871871864184955064559111065508035252130482886711158551647580129134697296315853663049169133793886333682
3511 167079899212864369010062014373529992136200509195546934993789873874905903104479303278761065925956495753907951767667126554754262138863282398807
3512 176869291016487421939022926526763102588144494985448659692719544777305407254166730220330281458272551481272056873653702405071604257768855596545
3513 187231033443740672453549179197181499053101271209215589418340271537463445415054269945048959078247431975672531392011855900907965007545454123211
3514 198198518657867159393197756146203585254898241051652646693131715086397606966011446475405465523853649839624761770275651365553646271167654327541
3515 209807082856297478138760619296129809746695175795565581704199887601866825710975110722955726895998608515169144266407197333379920467459909537698
3516 222094119208938479117030522696307130591067781742096731793985666225271802516728714892364821168168171216003822717298941123393792035782645832289
3517 235099197343686381317599886091186578939170944798033965128959046202660759799150102769471101632222540817630899750755417181881859597096225358257
3518 248864189757923444500509494611179195323850330550824987966831576075585370578828768022700503415575738634005172562271384801336490755336063128817
3519 263433405556603207636509327230960752790136650216132812409873573493366945578106596978793004530657558679029208080031924880831677763709231422963
3520 278853731940673090226280746878482236573017850946963495427061762507155111726442085993397978256043740014202821106700971302958748883631625342778
3521 295174783894019062251736109208574718953473906303279596540599325704436644216453885954263359650305285345160193626234944673947543407389104877241
3522 312449062542998612656247435068141519857495958729609358423017164045325842721556906444295950447074778036107795615652206765569151616794276796531
3523 330732122689963707463313026446124227197623327861295163970784311681723444172501677381649279194339487444229123783441258192355060489542684024768
3524 350082750051124825705765473758392574196250328229301833877826617822518889364179182562922206092222491597899727269822466472066638154198449152475
3525 370563148759674599002644706764498515861326442569511140766493535903735636570129061662330044475911678121821192023578592495770265564220853534205
3526 392239139727473084635634209842229904497164570165983705527767933731585408857268875578901854621424639411377811114774487093957256271852984050925
3527 415180370492786506712981499666925124887128575269488543888127002908785503017589647132083339110942454289986751725595154616362305091976040830139
3528 439460537217782065587394408189772916194734961379348534345641096211500055990304039418516737207316947758924473580918391844807093544994863502813
3529 465157619537724926030520162418380406811361062968173228312721621271808437218555041772939651817829050926633832097687624886294182195870625340825
3530 492354129004324903995937631092595475524586511163402244040839170186007527015159498600610089473691038170301832090550148947452564564574358258186
3531 521137371908441146442066350025417500254164286547556603424706598344770189150604635792851686726323836896971570446591486106495943549436097130983
3532 551599727312656249042276883686633510938804443211715454672272998325302316291282476604776487749857803310723702380703166894466734209338170010859
3533 583838941172055005645296237777740414811433500027921701751989716398161613631253917296673800950923626029314043202113150979441573644263669859933
3534 617958437472196702781808621157618927568359478316294285508374145924359488023036721051335630986861517650288308557226873580551776845824996483036
3535 654067647366761705454423469046109146476729701191156506763947434199573694231177350184819532370268355596757781010905979762047892702347599475678
3536 692282357354001454716888185451414700739157434045070367273711361391317427476952584544708162315583577375089429410847448885757378162724633777581
3537 732725077590928567592170241496431298099006552683760469876457168565942906039267118849901218681410820938593099629586247867739826794605748257947
3538 775525431507543556351558325428394383571312630058325813672371248549932203009141662019397549330749660091758322947146178455376626852884921532495
3539 820820567950277837945371370256641356287614541400994303866034381313349646503675060698050829631758334496550099063262180060773517915730826288841
3540 868755597154671559801702852177632372689030574472535964728567143094722712387049387686084331821839460963909883585918408705487099639724932517555
3541 919484051922107469634711533255437079571550142716492283774010123735704904912356179000802076060512814095059636176785431369364201050645233143198
3542 973168375454639798328935215832342840765467434351889840278453978252993138587952142114977942614004392260655863839714741722010595329256334643471
3543 1029980437385586412051322084092697128080900962268631769035211378508259002793936841442068724627892255950970882507561218371066532780303278045595
3544 1090102079632146912988069149232929232720492867033991780728123276472148529559231566759962240223065548911480292671403863324389521808258170768848
3545 1153725693789826396936942643411027610262577815216028075982969856604135641453917738343083523921559988761947597665533985275970826710909257896263
3546 1221054831887489284251257451601315800123907161764291585922345590988183694467708471765000655010868345337229989227197154215025261663448940291303
3547 1292304852426451660674780786325982806941017121520396437904390397789131222506278589140279343365202124166727333049803003970312536204615103402737
3548 1367703603737769789246665784580325023598992215127593528771173339465047104247276107444426317502599262715444152755423110978056600834445959223274
3549 1447492146808798365047060249128692746658214174466504046955259676673206617796602500114892416468557372287427927753512187473677102267855058464060
3550 1531925519853944021439023555673092144210849718058069298383386602942579543891949580515549070314190626763308378571665257384239386134501225005906
3551 1621273547035266566588464734837797237416008914503477225551999209217648510336100904552261972310539454133780001387502966750902844134628413149453
3552 1715821693877031869926027301475128845374962921928599022092594451357996510383929504382335148898595402698122158091907514656151890640072618841244
3553 1815871972064506787319814161961584046772399984605066412163530263942014568014284420581410747946739511824527589745651583461952747258168838255329
3554 1921743896472086805776506061535661984908076880606243324802957989890285934297519094115512144338809278788829073305144395758076366362529806519298
3555 2033775497429263149221233183592411711121588728299934417801498960646864863145376278935569008584540389608425047365762861353162830146681898111410
3556 2152324391406032554047121635945283812638598981407398496827242959179903963692175450289303713719614698112513406101312698809156293850578592575916
3557 2277768913482060876873574322643168673702138223309090348369925642995684717909329304460655411948604930231840774821286013727556050658758349230156
3558 2410509315157400678812122913440675917910456829757363233824999320922278388907281171880410241477110947911763731352262909981723048741515789791230
3559 2550969031266860527969901761819205604538199411223716022422472053723733360179086103582008418296231133772642371583843223310652705001940076895451
3560 2699596019976445216715172822971829411566079659150191983168359361885914658464461212992694700234508654739864280907711787814546976712216582226501
3561 2856864180068642592275172366551058483084659596715638568789279349828932559428777434150807776453600059285657585841664519703854751137181850051372
3562 3023274849965208863621556427854532135101233020071131602220957385923519214264433624081578854827473016189293740082539814360241541851728027849684
3563 3199358393191396923082857367354096577181720779404287898178788527490104083397274490580101821616249948395608864274982796895271557995962645985111
3564 3385675875255923188111362896005012242996530093976614009714185056894532336280858458347063798658298609893784887040501273854025290951578335473260
3565 3582820837206409734944933852580852745509537884948365442118232171002342980299094569014447529490219687347329980917233595650487749045899774443801
3566 3791421171422265054654541731758833535386045207748386896094466318093255802801369211744715750831058709277915267940144217101873332468140961301494
3567 4012141105526006310478958390977393310561582340954319446109247089733361891764038952269244492733261478006859099314284208045484527953721572338438
3568 4245683300631919246248831677254847350109705710154451883876549594818228317615961676229892864049534949894284879605669627066103352134388418445939
3569 4492791070507617479906103327980723944967245319015082030164398795127487427464697487327142285280552026358678133533420118179808533375046992436218
3570 4754250728601672371629949009083779971775035716993307689002986184339890729371845017463009282244035052084926124130181564541321899970300346872814
3571 5030894070289283393805473716506310597106883118120641815095995839297081460552758593115045993360423200504188910919101971274824499970289667057952
3572 5323600998110044837162564220145748739142331012072412548124947193597495033905929757060809997335973655632467676438135940116073247286236942600876
3573 5633302298217522162590258074008990284589114082548961198813895017299367805649507044569411456561204367712493312660736537582174028291887530575261
3574 5960982576732305129635783790999057715897447539135338333273760818711174484317602660539851415680397463464882768995190364083247295825929310136578
3575 6307683365188318357613927736577720552403002084762011115193474579653027748508645756379434255153583759531336543386698704616171960273892928229229
3576 6674506404789574999173329088952616504495147729223714885324352594773154507505328248331710756482761739911975112947945709340566869617340628985634
3577 7062617119751477889233372811924149391030961312300683458540290821288836545422203487316603994430260861662974290897595527736968006528957162899530
3578 7473248290590236302608316958830967740632067655165679778890521094769707546322332111233822531156750655342122617050447062186331104465235206815613
3579 7907703938846338605452868671268705566511176383009394102815523971590575454087558609531796134433052145312344577138828822501005699524047500545144
3580 8367363435386993263517126914355548313472409357679919321738090449418470236551631073688682092675522989041646476171219164814450260589945890674897
3581 8853685845128070327425741088467330370168394167951893017740018850458228622930217040614099038786764873493551904839252123051569095498594143639483
3582 9368214521752436407297848912224606975385965690421333660777880859604133883882826138710903869308032169487421189115835346416285623447471360666547
3583 9912581966779231670879474925038860430414261613101090673302819809856050567756270456238785384065014249942458331855416154599776543028918021256061
3584 10488514968161598891728672285865903027107051403578519071394433009349640851136353146732007531220933009296145959560191509425196374432170753148652
3585 11097840034459338976491486427290461017239956550247595977763687677966897989171366622957881552863827929191918612734620182985994171126674780893961
3586 11742489141552936218814226699370425704491149927406682914310835917215851265537412646249028830164595480471785107602346762203043595631104520023067
3587 12424505809836553235089268955053601650267634075865280692361848560469766125473955972213360135794878767559556614465027898927910766666329054872615
3588 13146051530855498256540268325246549516821406427607342446208200878103637242298271680495847008708473538549098719329800273909659110941609246816891
3589 13909412563439307217733621925134641307333131309943136266290484209709628748120790131202354333577112546632732230747024176147058878265893626767282
3590 14717007120530274574186437653090647841919074693673074369873633938192728894632769805357651409589382059558205636095126979798410833815878606774507
3591 15571392969120302760487448670565436487715402285906554351983601929204061988958279804324800758459063607736657042715844001211452064266688404545519
3592 16475275466992932155841415018034674449878727521087917080317216766379452961143720028969202901233294620452176374651190106698567831366858145028283
3593 17431516061322978034307960987008124343836301203981872895734809967548470320204291788438853103152052222973528956404867568301703406898926183246231
3594 18443141275620781298655930371195964643594196678564841404558818032599948491685213395982239510122434563560079910998822894207841517288209148924099
3595 19513352213023317319972494239649941262921064938085970493189765253189831228889718768315132447443350011158756424548558464273887198932042634884486
3596 20645534605537421253075599274727449729470612389527560263684754728873355730296208914481040036789593176292226198353826074201031706125705075520855
3597 21843269440533323969785079819638032363507696676818772855641234228960968549910708084026370450661124554317011465070809571988998766548334896032834
3598 23110344197578389080656306471541904826398255664063759068922732661435758372968425952973228016594208483511467592539166926749196207315486155248815
3599 24450764730592696928446794892134468409833477244177741779391472529915197637254870555680627035020279211701798978298724962012566579273596175909206
3600 25868767832309735834511352359295649154434178072985325626697538668746200845562702329208026637331142924063809279666671176332269375198282320340993
3601 27368834520139909735155555333329728742884684766807372053464268988741317444737561030804810590344134991024991927411983985233780669697691128272416
3602 28955704084771069542495485498993252331549063684919720241156522354136077147698688774173892186692839882926993735133140048330322422431768424158200
3603 30634388945202498678690053274986121691723595782512619592368305701464053800207333502317101268417121733955378737353305267034091127650612809009988
3604 32410190356408361320915268975138927162830288357641577522078823521442152539625850223396257032376355423398872680869146129035333606201826120490587
3605 34288715018466002421285000159279667586208971689200666706627234001397201371600700871680375629721606117134758807902369140245277172899067558377465
3606 36275892638776811462517839612794986470439725347597163453900047212505832211511175377332754093003862425703483601797908439543820932223258724813531
3607 38377994501957234596763797909077914607075399816135254483725385155123049530016604178546609882049168061683252206240846941313652584558563795583049
3608 40601653105097169310774974859629507259097741478336653293960923841207961670104831221075503588249572641745157870803603888927715405557227634583675
3609 42953882919378394084919826051576393520161833588743129927663698187683703754001095447882009277602114211967171859073631282684477808297746432062206
3610 45442102342531994364826923292273277593236968658454206349704249129954716402975038813402561461603390718970893741837863498547313194347383881973590
3611 48074156910295590803894586771185953377189982569317934466513128439629320308182647723304584496207139686602632178220035901928173415909939918673757
3612 50858343838925473623350693811328328848307544929039338603326963663852287242232552078597315599095041688055919023963151736636844881635975409760262
3613 53803437974933351837986432772974117446368488775610959813676699890169372518809383108782665189639416632838503267166851241997748410290396062861861
3614 56918719232568066561518774417029116868408687287844018726529093765905348740289583685531601425141434103978659540159313401850865444819435307709604
3615 60214001604158783137871838461128902948069129063052448656862711082313687309011456700491044207268249844938616628445895644571567713058243442792768
3616 63699663833297790534992784387390858055236268658013305769330316527653125801602307990488217102643822787298722417246310137849853797423361903731457
3617 67386681845975776156431482479518276379607357170808975365621314996412609311609735239215304298823655297770945193111288078979274712183709858037749
3618 71286663040212636410939708825531285486920065857080082174286478409361848751738059122714692158349947163064204866783042486359035307980343670274574
3619 75411882540464822785900309490421128251935986417504711891621954065764721021981139929875644472939960632889656399669843575049398887883907107317897
3620 79775321529156100387617200956839546188254971951022061591751665223875382100775928680843685946239037855129473714204656483930105811566102596313480
3621 84390707774087742371958259204747264747211667926506181627208302609578885837674767379768571154864383648704999274339555730469166026241936210279499
3622 89272558477262017197202280042814407204984111562553514530758110342619804782916524986275343111187961917506710916884184846381073089577159968814739
3623 94436225577812413331997611090628284685588590325132545443931739334946427650175350097629461574716783027550861719193900192031778120005664576006055
3624 99897943649304101111292328704078882738412925483386078667401370632676308223728499586288923500152074270310091684474213089587508335603520530892709
3625 105674880539668033940803904333680867099228261352218878998461241487695754204758346021659091681624036749274821756416667764471216082153869850158933
3626 111785190910487865527231538131953020577544193424548879597413825261897850755626349084666260475213329824486540924700758660009353631110879910556907
3627 118248072841294021992319579979221723998902904367868832545442150773843866979585662781725106694938102361086147013682705711401919839053266853602012
3628 125083827673966560096349568301226702256814534269760398147527935989170531188835018024678702365607323489306468066623591543126768775129033361874103
3629 132313923282329206081361451304397163732427572988356957812269761204606956016830820754220202618528972722009513699237091454886223509547293887076424
3630 139961060962567834030610384811632863787195900899635224958935078783192139425320446247146111250676207090105472049561784476851305430404713927582601
3631 148049246151257992808467552372241558907739708199317759724537148134738278551933207500322987652452759247152175563093860661614583312776398062091539
3632 156603863189570502831081939650965141183673943603792305233304581275255159709213812622681959920818513976956918772230019171687965495326463492923959
3633 165651754364678270386614289434932718736436180574921130979905528359229737996061777200000104621820833996053701261374869739956455371475182867047618
3634 175221303472552956144899806612814392441231786321970670769823123536825527404730997364891852609762174788257577152303850126269944230296500457140634
3635 185342524160250519889561827261957974666940471297724451214986331985665160647890285559139182325182696194494195566954166613012533428096765130835967
3636 196047153320487010342014868621916854949265393790994484640665699330055128912538724260531613558580657463720220774620353484126756847995375196507822
3637 207368749826846640003408137616955195736891923557237788455817599802243551766376500922265069893534106945669673557350025991117189574588015475145595
3638 219342798914384295043366112954893362281856187468237132103386880684769628106520039050116964851667366240532636925192380497037095771865875871712936
3639 232006822527739962397750476525761149051100990193167828762714285182150004132918595051448339568249533944319093732244293736039359944636566153570539
3640 245400495977225145544021127814989509164737589168644748978214423686239291132395578400403517640341475619437274835493362374386679323174177973486839
3641 259565771262724814206041721454521746198639097138420576986949969150322861883325358579501506224690208531829938766150463341652442306795899896915755
3642 274547007445741109814292684484650444387278247191381410131799052461508601683391069958650559143618426234891947724487408124663599601482059989084053
3643 290391108471558268640113529428717711371722860172664717489448070851368770194019258488166414022041241047369978308464146627041123692517869173113277
3644 307147668866382517622466596570633694256392168455539582959856934681720724487568795487318902898532537954427750404812508169418564415911685426407725
3645 324869127758490561642310047565588378863033651779838634080197957003771065861426211156877765064593337509211326469441233069268802035317125897678533
3646 343610931697970947706157538962887682245541313885463632550759893630502520188697771347812879146564717256980316522478606949621337026193199011603882
3647 363431706776646283353666958620741109335940401496573887840539703326558366039180001342922208706766058880653368661354112895551371383615175721966073
3648 384393440578293764867738474128357429180707755894277883493343023205424718848389410777784566298479793551238290784259012674506105383795859988739825
3649 406561674519445126249425035887910574781536908876566049276178155001504506386539543789669200265419773420074970721081304650451366128761997078845116
3650 430005707172905457903512625988577382889838334913254184025705280068373130287209346119337498411571959927002431474371836868247448922943392530107299
3651 454798809199811813546496178010249539686167730197932215850737457869580151449516098307146836381763585262722119868336888561409791986571739708778508
3652 481018450551635128195277522064375663092816198578377500766186348866032578812850261088435684852878792667647881031063348390653669142395881336056748
3653 508746540641140655793362951632828382042195568156731891959764709255330445864396766071733637362589729678174813057717264331515424588216522110657493
3654 538069682221053157203344807242042687865728114144041921475521844792498731782982661517153974481329082484081008783156452345726437282184723098700187
3655 569079439751178505451322021328294733262553566821553955831931714209521144392908421826840098254538522283544261044970135737459751388612200498070685
3656 601872623079101275582452421338951340156088747398648850828464460023389436119103748619065184953185558636465415616822487161542636803547639953870283
3657 636551587306478006155349355133311306613633985796298121306734689261789238384859626516376377839280375977799990851824117816721773933006555497104339
3658 673224549762492081958786465668741990907224034150880409079733651681132453449171193501506075512008945509251619123324252266229145624531947128161500
3659 712005925058413551899860780535751805858484140703177554565852653698108125860695404784034117739323841918306810764654962671064489827762127356998755
3660 753016679252519674621431348312972607186704113075437059160427727639103506056566762926712596381668255790315404910434211023843185980140087669685587
3661 796384704213125195625750873162436035568263382593206729746250434483940195939662664111132213165027238150910083181847794043262782914085677977306658
3662 842245213329235680481059370111388357111992748437812513357755536385137547637070369564876030257526110805171089077867316266249185880384691584418313
3663 890741159783640279416342380098927228420652333275425998867710922529669468155827960223836890771313926021325623038959461116947310221381523441526921
3664 942023678672232713030694918181299116769289787374990838545149868858274898874919101323552290841310233495912712870918351138217549480331527929672563
3665 996252554326266303692400508730293440342065552246428564739284593707459440982528718647181492198327534649054094468933251782286515985378402615755197
3666 1053596714271248360020697694091279822956179767987423203517213821054359947199633655395360488836352447208709601604390121540653747790310520129549601
3667 1114234751337604159083577733992535855410332694840166709311185273062258273225917480294946852436359391152527224016946175099408212660116816340271139
3668 1178355475524212992175589571439340948559815557406160233579068712337990320875947300094983094567045928940946387340454472597117114047499001943491171
3669 1246158497306820149163068748498398514860560831559960056652376509267335725147029407929405227624704201171885157014039482806114556107102568897048725
3670 1317854844179323277861475462743897611433405074605156653717830529240280352974545853658355134102955624854166584423344236626651176222671834213208552
3671 1393667612317428114028504242365908063816468734885653750833255707490367912456073079376572153803908667550696916780448609418527220713137443779871949
3672 1473832655361327356468156406640745258624027426981332705760715480721485620750979112922220949866842391940541812223601954332734404824887674102050458
3673 1558599312427383000079821201573554187249907562365368668071196574307116270518989539326524410918882714731887154968182124666671113187404072423844029
3674 1648231177578435084576491833113119691643122070975193031506704396557018821455594250183385775830285357441608798194502315626983821327872650514839531
3675 1743006913108864876686812395344298223125990110950521768127294870107491116096056566193532589592185196410057447020963252146511074468587526344052528
3676 1843221109134120545488979387498806277280120851878704482301274669944681159942650348073412390917071050099630110649649086440941071684949911983522929
3677 1949185192115653800228688982214271340504438857694607918784138492641734160763920329595591636146707238119049522005238456305379378018781193991174942
3678 2061228385101320252937453582596036743155067009279118027374852679704267641222078282260107039074209587759090620237748504955154722665347404108703749
3679 2179698722618989981538976342814894549721246833058153719619740550174841345266233545673013326655944814853711704137876187023444913274149143436635268
3680 2304964123327575675711674766551541888963148413446104696416342006477005216934679420231279248553401841985157985846880494609656140903928322221844624
3681 2437413523705705934341669457376519174009547234166223406500286039799477442351541066509916302473926568978533446641912509806382288257404985435764452
3682 2577458076244108849598719500857040293454161581017740026653060665837672614408216915235486906965665440158237703659847249251528612789882220989031845
3683 2725532415804280591692267572120822223157088154551270827622944947660230042506053390313644543612787281114630654208238394873378219392243277613586806
3684 2882095998013439901702844510429083162414242701285745949172218605993621684768563877931477216553848477401598938918002772967441816640602617333051228
3685 3047634513785144445693723726842086349788766614258174116626637638287303158396071950145617604303973145786940610441195432456544433159743760823139573
3686 3222661384286506630292629706960623083839237640501424512860339670463414176125474165594863645606998268736220377411045762922953794895316982547446800
3687 3407719340917802201310378493892432821954701517115675141939256863799393974418385961869617369477275423967037319230189722637028798939933253047433372
3688 3603382095128755979858480128540083454293515484786221829837055189165670187682580817937135129115091163747527346705704280124486472588018469193218647
3689 3810256103169132869292125161333127461924591830293799877622435120236936444569696223476863286096042029018077964377884172083193755535057688369210219
3690 4028982431159757295070284924688090951846719076050900664671111546134480898051679324980307046971709818115109620531176215471233281180800489158938273
3691 4260238726175216135612362840933463439246490726262909874665878762532532301944922826321607180192937602891244479710153931782876311923762997591106708
3692 4504741299351541816692393869396288480437481479965708788956081693254412973711001255085978506054044317616542689638230745196943582675725502584780851
3693 4763247327372714694441128680762890484971550877758742499805531714895014467785156895233314342326915448128573277575973203518741038475678557400878978
3694 5036557179049299189180458293403994682044389876509016547916408687375561406673455115282411558940402111839924695819859815672707821006331060316479643
3695 5325516874082659428812851244176844388220365796471917795198954425424167576011815690786615454959280946431893016140137558703577587528300969839950677
3696 5631020681509380830088221098121723938522848520467047572227789719289722437466479102935247855339336559848372286248435363446857243365622903210455887
3697 5954013865744822580311563645239641397243530237317951067250467540660608997468384809527173424315323577501361403817160871333896015543728974937342228
3698 6295495588592524277380854028712115818607744254743350939637581568739318723345835647277650790695324308141170401531694811414356398033466937251826252
3699 6656521976059711242968751270274447676914683591005316207302271415545053861669447417299311487691279488967388621830334645186539334279901936312650013
3700 7038209359318940035335936337123199675357816977959196770230013223202141807340306596163483371049258764294461385774839862101147816480258125389520744
3701 7441737699684462960300702947525525505887247854823577891690555996945971462582373609093857269276356835686585440020020759620091867341249239576164927
3702 7868354208029637942022614062542623494650846341958514978109890458279572460424463810811217214897091539351210520184117907517043820154006544372049124
3703 8319377169661608160796841965125390901554366406589377646992074876845371768205237977319052275323838021516894660701395654726311844319882347965683014
3704 8796199986292003919091323662319922552709107133513052028083811064471739076776900443314722097061846256828192198211526729471161376922819981210607513
3705 9300295447400689893219304266427871278004610052351791483578454483975842600645491233156396314166387651334501201515743090193360512480200730638406280
3706 9833220243984354351457399776219954076574223487637996911870014271918257074008629718620985719451898146537145050314111021805067891872264879841661173
3707 10396619738416441420362935904890055810066258863907995226776828961301759748378962531924877645165585146668443663412775991333690641222717132978864753
3708 10992233004920202157090793068859053829250033204932288911023675611961056914422575779259115564937445267072831987915287583901899691909719521191375639
3709 11621898155976582257227314015146599855591223198812178270346474711707306053585478273735427852309206640313800069797437171139645914986671430371235140
3710 12287557970853915349383942402430464310333514849614302472360863918247685643133822674635678520511100919530672556897686676193773296939119711647891519
3711 12991265843361322194320740550149365630115064758766170673035827939578504538824904294851490982045358248928379169079776894002600018889474793870085352
3712 13735192066893307409038613665319215778551821842685519477768404859210271970444936051386409207254820630522748620042219646093176532976257322394767519
3713 14521630475854125275490669520479719464506810996411275320844236150323593465767212923362538098473013570542742229920588951360392861679998709278841546
3714 15353005463627904745430717243816513540699277046329969774695376998891757563250911195413020762507900411080691880948269658572421518737263517851468565
3715 16231879398399971696389792756406369215557141879428303290293884669688158396973298928880052790672792095769158116612591578803893434227422426455823040
3716 17160960459337191102422834203322323086907094716688311664936491603279127202445040313389260866459240855918749852483724191069619031358824708336644954
3717 18143110916906512646536299704790520804756831485541319665033236984727002902476476745631089794232924061029697513655689282068489509652005596192388830
3718 19181355882452616859042969585890424018734968555062663900831480114610372481636291378380749736669582674212179342334719517281309363863242213358777460
3719 20278892553574346307361384846063361762397490171222987233378918215181392421255821438231925863597736332093298406581507453153440645319079183594001932
3720 21439099983336593085558825949921940435040174421927251509197680247674216422167014481202403661307829357156764466176177850362632286378762084868249984
3721 22665549402937449675420668732867677822009934196938738563420137049049368873402615979222327512044784018805733527682993866492026209799488845695565865
3722 23962015129120939911959750938288615593818745793194684954755531943494691867709620138048800277392525137290654131330441771534203332352090671827422799
3723 25332486089391942505310412647636362755609593711557818371014503978834954833172569253639467738126466859505005780275713743286943940868450512973732656
3724 26781177999953883362178605177424489814378928686174437220400082491824117496241786316083151914734312865687295632973024041363868514660596204859448663
3725 28312546233260713501388791220530156804807882206016911161489979473913820476995007958875030915628768101225980354065616415600386869584333463743911916
3726 29931299414154252142954690478423865762600424345003364993883864600335227824028961850067398063912794888121201247412667610273632844776775050491324805
3727 31642413785757070245427966807869691661783177804240192730358770257534773595026517322856255237721335014822347593114750501762432062944231309766773502
3728 33451148388611523472164630377752888083956280306240617599979885054160311356159103552725574171354330076673077507548313486201782735049324784772522252
3729 35363061099008916414543330064619512713942273006731111130531808240841899127859291130734470159857003481840580273664518006298154716810913138489262337
3730 37384025575041720030181490733371799737170844813781145455641769523815445992528761131455216327631141939783305206041606666146413259883711294175379741
3731 39520249161649226796570847561703200286220668707216085064985499765790706067191364583677530129578880244649391121953389439478154418997468520323464380
3732 41778291808815224117043344773186024891115617509970133641922108191204151290237485944414622572232567189211048826152021793522005110573307344675618550
3733 44165086060130373495894432719758578410512528179956178308734350852035740495389841064386149226553853646047382234882640113324066718086251173116568964
3734 46687958172154510520785560960666737691933191566024532172072380004200970279358296456837943217673515346846392970340359260550835762552643248672154164
3735 49354650428421088263365113431513597836576499417756565253420838923060084006835071307737766644206496687650715256798650168917337943047550518340598070
3736 52173344715521174005986040966760195897359276356890404793756096483851875501466273709897553394163212400778489954335018234717605376149407126268383650
3737 55152687432505636255286458941841108817331292268757600527934129467009875095517114602858770133134506212303171849284649609902693582790372320496310517
3738 58301815808854642495033566529029121699171950237928241451837430157370807083302792991147510377399879066351681615416621159677246904563045176696157913
3739 61630385710504210808947395113925547486993570813666258699174698336128549291990586571613413993756815096256208026252409068974116261849149338783540507
3740 65148601017894095029006885169551738125704828442820053800649011213040208689810874172508166294945257458670232510142844781609098482802540776288408741
3741 68867244664731280747303866531146877471741205123935516225667880599913708979878690002323293911377060762256320991774298530975313272727574747175039672
3742 72797711431155352208726015434744503470183374286721034454752555236857379150728939979490861222099365702879721493588569375202132143423142763708495047
3743 76952042590268813222760873155830160124459585690641988325544915532443149373766888331223522366391305040822589351513690519618754619170382693816043476
3744 81342962512563373764376009690983403602036808930946189117549726162075350239002178023104721099737728415515791010669302392778937587040652313476365962
3745 85983917338660186322030932291771720937890988133340510340099018657184852377052019449537001722670402510485138100218158701164241145255200613209688790
3746 90889115836993285529807934851892230957425026646357236524963920030847479694857246896171744904475177993747309903202056872048162579142868815557048784
3747 96073572569631582804404211393446780277309638486364190276558634362475416782675620282698034422646226052784656939457707187278098628067071453655263529
3748 101553153496363823545815757645189837406679174037286226416156959350948443369446860532505991807915873048329642349423188957108743820131061839668684012
3749 107344624154495450116926023314367640660206312014285202410230265349165021570764524967571794595245377898195174129382113020761560760075799037394834351
3750 113465700559534700073010654521923342885225324420498031716388335336741568332193964593322494744454579601176050123492494509377491931285567161108867321
3751 119935102980115593886345998841018894948376212015222379333441171830717529162384822099032021133013517562547429957773128007083738853060990954302063874
3752 126772612749126564970975767801738746843851225655795916665938137338664882413593825627509124570093493335942943080120470319875987735270129304547959384
3753 133999132282125720033926220893910746219398947761953460006462951402970381734524134357455133967188245914988379409558247989065308706556392743030312913
3754 141636748483740298254519455171376806808048954090076297998335464905205170103135062342369240762769445519856721992113896163983908378056815890119702721
3755 149708799732912103508980982508659251232598937683386376165132210785894380619680735504854663114717616018733619846615509005187905318017812621334594380
3756 158239946648575676364967148412991516354539870111144433096536329327845245795924397251331426670657712180976880389009939466884270765274184146166289525
3757 167256246848693345993204425679618882420014243365497699998564056319402870040683671604730818987220860879854900841770034337506966930201924374525846827
3758 176785233927534207678203152557085445809269731951163563588090876094562339247168684583031506466429893411294334313988980902391805182140837851130208057
3759 186856000888727492702531678776087909316379297995382510132157409146446805971098695083456655262628118758378743599455240202654553855165081971714449364
3760 197499288284964383172730751536176286375270987919419505420270261467587391929689990715460805738553757555569747743311126690372245419926992908633216951
3761 208747577329324171342462342587151818878065418043402909207128627045048107514413264365348929500723811697253880445639682080963900518125428854274541301
3762 220635188258081372203854061346667565707674442611120562961254523505095340798397164866308255618682142034520281498635598534299196820532869762128944240
3763 233198384240578813326948900506423690952514817758863954608834982346109611723993767983494223128590460530943621637745580017597083016571242915424023748
3764 246475481148348702294806854970588418800758352303047206598235442972948721031034969735810475371657046089868793108022609845564590975774942628615010407
3765 260506963513202987417144229368427242465650731855729599144857060375736868440215354211235185540178613948539565201427038640867653915574345523222458134
3766 275335607022525498975410563100519448520076759567678766440693368904501705688724956270811339177469717310607753782734206995390491283934985457821331573
3767 291006607919559425910816894402635359541740941686627322185250875041340721664429182770912663132041664769540221096705824089623047524998866868360058945
3768 307567719697125827254812503027458899843980503280764036268410728694625538390184414824927788901471394420455805179056633930849950607745434724685318628
3769 325069397495024771542224284144366074979788811642307848788474059739575440987168247333634814646132855912156362717272817319293901023916629245551188376
3770 343564950634392213400272955147253287431096910876576559389711758144878209527592858929603998342268356878492195252606536564291707234592694004423672967
3771 363110703746611316487798835114873773038494681716728414984295805647489105858941859161694547118879925645667224215891539839680740807693371353041075621
3772 383766166980052149148887279417378064229277062174153668843394222563763580578884846252721503772358772643006629034459392200737789916454114058422938939
3773 405594215795041370495631283446824818147268540827657850606396583979612569514726386436649073772809324376075992871006648418735447527480699217250795479
3774 428661280886092398908454154797286630108786510252842469313460799640052516243064259120629157026762960807696656923382230412495673413715226016049092307
3775 453037548800679512700315505904894009391849165480219755197108357971991202999632585089622840834011213181669819390808427967819757332252218244775102909
3776 478797173855765375113922044080753900373284935043811933155198343345767537411582624634398590904064288972062834603276092741394591327354871620849009909
3777 506018501987023013254102575199791962480737663046427606367135062976536969778713568412667218825296377866135120525623987369931384403241651585032665304
3778 534784307201297085742605679319127706322431315205317235665301202360777067247167260970241476778122681226973982914350327206310580309528849757572316767
3779 565182041340463137460471111579984238285243347019081337652196786845771538989908823685044203236832052428636801610644549416712610286398359523436149103
3780 597304097904541164016451243725002004308185181647189086884073352469709952041941117128508886681092637708588494319964502255504348787294405654523471637
3781 631248090723863744848209006126481706550448830538250280973833303325851952059723729675604114883210749429254673980330629165342604565604260825958141602
3782 667117148314365880557627152654548944724044768998536191197400678528374103764823312021191931787721195909561791720735614976615427159089979735913798487
3783 705020224796826974054232777773803820427957186440128315317996154933750012633257799412328072890524665420003524689195969485344515462057965343638159191
3784 745072428310258141085147222274934454465975360189188499620964885019364203732826284750635049661278731038489643555909128015755006150634973098983388622
3785 787395367901770677308111317931263965484873962241567807550885777184918451674916364730945877228919756276810336841887221844181305365791804013182291180
3786 832117519930295665682313905360087216926635184227002089786725591855504391335456900450778723512036162384371347130695055024197746620455397370141645982
3787 879374615079666477113930292563920827353245580636736311346949631176193905944840154832307830126604681630404874306970659902367830960974346919557965545
3788 929310047137939958194112606174061129425899221049394558734235013264271987435846918084885495227466546899411656457905382566649736244299691619211862829
3789 982075304764650089829689774451998350467518453184557432891743076773179738216995225497828758216348992752034827345887715635145881892893886607224804128
3790 1037830427536112196773170597112515168083618086084720177375495337345451134950787448954941139345781568559054672652371690799395437355321866156286493919
3791 1096744487631163574548897347173532513246118165733242893697727354802412923003010652318226765795776084813699128904963049988022690066377552058198568203
3792 1158996098596007885961017553422222446172732157784033584426375867316905427254488516345676349411381237105200661246915380854088311071833104891993092057
3793 1224773952707407648369300411534131203007806370536579377870936624642302379668311999527468365028170592610107319567483431592362837503310771838182207837
3794 1294277388538518020377735493400388054017297780479556554635166771224957930803021296006190330098158497597914324635856810550056295621068488749735222186
3795 1367716990421479011786951891568498839697237065059156167066718966283329366419862184664205661325056942767983638666973571514562086844866842619204338307
3796 1445315221595710133942515787842454562066062651242479219115809951135745212715130398536692511068679324858681200189024107443588455622764424201532509319
3797 1527307092930993019404767407799175180031614200314764092215790070352880886719946586985191168944362131310566824564757023245889673002819562641254657614
3798 1613940869220136670369535687464320145625076796280722787350093862296825155493379436939203732026587345484985375289660364200299007794708311779062476448
3799 1705478815147667136421297542086615342234501649849631006206615043031030529000834822912605659916716079152629312787100467034867882367841369433449652456
3800 1802197983158834493186663034152773834425292204336713742636669063108329365068125281069292403177272989676989000483731440569914032801020693576657968309
3801 1904391045577681364638730570652971647373041406474385967315018527438822873569312039136312558182677980203916789828679842256751023069970290263753049115
3802 2012367173454309195499193060995764933503734540998272661172937848755620184486979342066469715893495693702468821566426865177614827426328138449438605167
3803 2126452964760214519522142169082343099573634902894749624835268179814321092126389041474005336224120849914316055847714542553922073653375048151023408522
3804 2246993424697027849799655194067269210587432257588255409801729549802823092922339122853418253031113216693200195540942626927553681162428422047362232442
3805 2374353001038654854338292044341486571811527491816871823866042854512967991121605860774416614361679792693742365825928886989850271010628979692420262110
3806 2508916677590090009997208623282109336364101269252801540628988281979761546462643647421320675322556834080017607832481349835753311675943402747137528706
3807 2651091129018566734379984367705591462850206608846363617122460825935385637024183933345333881369537430869260058585847140996020586500131542510415618171
3808 2801305940494725797976524459568128375227575004800753568804691438432309209491045587338722371682872360979191689919975638876230588030554614036356055095
3809 2960014895773651553729983658103563436223037038367035017257854703260217561968171755330324253970736035297585579476175799137547359406823396901359421280
3810 3127697337548506042034873113718800249461185240993461715776219585943202055726806899648614699761091006793517551425000195961227464545566674588568013069
3811 3304859604123708333353689143610193668774031531694163131491438422925351150694806432771276311919687814861190044672143934649076677454857511447490043193
3812 3492036546680758122954337657327524151710075062700518926108795767263652026747955132115008659555247125304841620339476055994142872168920249625146453846
3813 3689793131648557181889639555011387777317028951307824419787479182680227290620822431429462902069131728195377266022760629675615312868628790439459377836
3814 3898726132942183278279083794921527523260604289684486243963494405111202498861032463911225601564090468786750415853805329842384893616668568753355300162
3815 4119465919100193777528838889731756732793283624997748214911671263898553599443380677126867643404672897579627173479717385198152869773428494697592952947
3816 4352678340631512737457289576130360692129570322605808522701610808201641213882776787037164686699021516084880579372214680781028447726910643212959702530
3817 4599066723179595260552335994279163135379514307093968648879868352173905353814936481203388152115813862159211565000874722039007639783037859118036387660
3818 4859373972424746184680264218803504863553057884333583569903300501373024139621132868709617867094403268180791454412725546046526754350414404836691305836
3819 5134384796976065479726430880354132032588163694646320985383615315794305310780739074022568616480853752492793187919468079959511802305416757751102546769
3820 5424928055853590367303404756313384606606608904099821426543015238152460757437216492382599551218150289670143238315225620886597168976075488414264220348
3821 5731879237529666807091980159754734915755190603382206351502501865196616677391293984674434329313534265547218950292871480572428437422904382260217414130
3822 6056163077887644262852668438098425726034919369180870541885714571988935514174065598128201666237092526295587397088196061693249334888034078463954423440
3823 6398756324866673348247330295533265121566762940887917148014412379157955111485379623268382011653567383227482031928662415707326067022608609430000459177
3824 6760690657995012187140903838990968546642415106191128276217180790309191820049911619895300433702377470807905201745005194936674349931887373402704774691
3825 7143055771471916782595987568935003035190308504147456553924109878180343774147790870601257391231884306605828383609829708454941775799147672997183824612
3826 7547002629941503732555566836204919598759666722286330751930195800046195431825407950747282292323719008373159850006608611425544984614218946589873232023
3827 7973746906612045831497034877792695295682047297696411211746840319778590869911529744384251175509212161980878558899532359629746174528528736618569268913
3828 8424572613912739147395922663337794082439457413585599061591260006631102232785721957073974880960123483348866440153549165940361466343831247258165004111
3829 8900835937448495302959024749929487617135481542255808484086239746412798865092148087785146826295909019669963410430948701150221169556250595898785502187
3830 9403969284613534516091173724408116416130215772162103651485075910156417811513320792257670138361878538796100486062726667596027986984207075507089949331
3831 9935485559858032903016952904319782337867487011795645911548015600395644174353612364807186981516688702065777416042407602117508058093935421039531885801
3832 10496982679271089305390592129408072862263590137168607946398595011448540771575567820679018112829645298050210376614820489798565417555447351881634706663
3833 11090148337849196488263298126491854534175752684617704133733559857816134858097072045219939194911210463246767932100510427764426151486348238729514560264
3834 11716765043564877029959705625727033221846091356544572449998296765139322915251434481690966497626883130606545858354809467643210511854994924034697888565
3835 12378715433136895074908225241278461055739314343567283175905025520275127872205304619918213154069421932469558440533954359486332143983782404484834597159
3836 13077987885234183150073632823924657655496835943888007429108722065133188560585765123503195160513648955261808597979802385954648759791092503740167219741
3837 13816682447722259431521371400842884854562599977335618801095447789864263281486772729677653106761460184031275028756562950546388838694316726234274761779
3838 14597017096486729792268440362236599478882040023357004325167179288068253208937540786311607490097515851485599972497811418616747118359428074109717498944
3839 15421334344345314506450986958677234175657580054011165448418479592983849560688715132314178469351958143515315414815695670997768774192922000299507110221
3840 16292108219591414070929182705639586001580692606367089763779293377602836142373558140418968397679503451329456761445759974734909705678437912206984053511
3841 17211951634800836391567854679242524555773496326779617706234485557716153975419670706007032406243015049687010772107732270163751688929966997644758139326
3842 18183624167682791793571349377011827885101569672057148687607253188839161139632325447913551573038903346932967990313192536432357403713122137702192096746
3843 19210040276969140707284966570965255135645757845907745594698070370196994847075674398957601505144354145205021806201146039851762522048025870052746920603
3844 20294277977616875457586680881563473838517306138863696381507790082764838944726863155841247305664819009240199598612570817933769615650665329052584973991
3845 21439588000950251448683783299361569293767178698887112634282531569267438338101769498186487118169524696742236532523418008095170094785926196881669961554
3846 22649403466796191096044091125336212623541596204662665001726521750576291706277089203951425028020638066165344220978799933784308437034092684097184526544
3847 23927350096172560668829230288126463211562202935797500947129619859194583455111903277099143973963204048472254028847938004397694646602788058462180791760
3848 25277256994679134715054691454022956781357027820070515922174117096416785389718294766688164391014144285764242989554848899012130450124901996151226471377
3849 26703168038418857792126942046514342446271918617072544737044576572485380465155255630056638350286528054569630355305636567354858231694320564840439980092
3850 28209353896049045382862408268932759684095935994947204134577058678151607103779451352848650295017660028309579271591198845243627987179587250046714673118
3851 29800324722431478021673739179897469114743090453282814860451439667557180511178278979253388591117449069378588589534904336766001283028598871786518233846
3852 31480843561324534283813578569327292186733415058455960579740192859976272499584908286604214202764874282395427851470878731811870943019383357362772443074
3853 33255940496643435775478741746382136623685337231469532563083072303845989221661445831610328117258166456493203371530356084792104369582857699416734687660
3854 35130927594014192432995117587843918632197063983780196957472043100299617423624698151290652859366795457547235550608118677467641206847662151874045063755
3855 37111414676667259720154813918101621471025103902400932084125572323451045167310951563111091223339029770723763464042142078299337491955117896754391591732
3856 39203325982167742881496141140625328120108581316718760462236317074235396185544206952003846705307796330690367047152727642892496735509142253185831311786
3857 41412917749064145910908841131327906616930196197062362037466581727450041426866524101573550215926179092313527572360216297440258659401839462696102779119
3858 43746796785267854710258608110312946249478938658352658465077133626094133431421674284783984737309035764202277801755864877633591987517934539286183990523
3859 46211940072855950403049794425642418916951808417197160673559327866703777069779389981992947171500879863131253165188196815759654349591394291117122725732
3860 48815715467031562697633730677694869071467531313205556964242342401421513195440246981775394616036356698754921859610970507176435552712364036349368526825
3861 51565903550184576871028907884970808595864915874221292217785483881323175760041378050061965611290654520842209761744992574848082058192844862818561214078
3862 54470720705384444344258317005097611879980715088978120593464535658672082272351034861533096756515316848153452994490224466607312892163896758965571030962
3863 57538843477211228924608890485274434898081953576013646273524223553584123523659069381476458463235380088446793283777840280821937696492267617028216684096
3864 60779434291606065949376285186781554081145422249494208033955415237607377265288527397149873180692681841154725666702685378160623420261045206679788133463
3865 64202168610404561285389116322383649635667482772106933252269528057505135618769378779785443994598768092664835222047309503850431325745101374608664915737
3866 67817263600421952438425138048087114288297115839289585889394874441295727782556361285353637563248250742431847884694439271243580482083908199653707137467
3867 71635508401394741544895220829872383199880847722118243285271928417374118160029994940974912403959907242368569747582059586241983344298518747046555015007
3868 75668296081768647788059828194013211385228523098804414638566231863953305646413798402372127951946575478374813586707949037573544031830042147737835246699
3869 79927657376264019106080662031489737160691190371335669870900138515451065454074825599696641469270314930154508098631631327639076696208481677343208390041
3870 84426296304368402546196677888934111530318277710004410967797179824276293898266092494898587711803716748923281860109320979034944663159624927150758248686
3871 89177627774410836738767423705080029627292366157818096034333695105976100261888201768615101429936646884944328082953418808852898657303341801722361736111
3872 94195817283685467139370208099494383224175715098875996068731834098626914097632106862660416356857232744182517864200711565711331900016240666748552792206
3873 99495822831223422660367571179295690014555727481288998751331778125090796299905185396692648773396508714951574806948658063862196361085187878880981314992
3874 105093439166287796465491706651198919812180265161160257588254171597658659873897660028870791748092322335236148049735745044890616258519079167066784161187
3875 111005344502496033731551877153721490159705351065429359408236129361468471883174323922620651201455726719604438753322298057437905933972401563495899296910
3876 117249149834686761077681778796802394138354254843997866655435105960035478383108087752390664605066571036360435775406659578162006578806437686957920045503
3877 123843451003256055863858551275511879743130825767896893049623420989516150513436976308065028572573607999618395877095912663569692176688187240750404027512
3878 130807883658721868332227666393421271808867885406213049568138438258984179685250215476922296491434428257154069954501606692169872975342880031372474447281
3879 138163181287748607994931183174602046084490700022285935354273630406457934412057992486636054641952564452509125056564708592295770242800373687935468637930
3880 145931236470813127110826915040446004159292674346203196045722258600760101284744622441835648093696685576682890086299082920743498135460192814857644363924
3881 154135165551130758354129823671872455583751193366554648624420997785189842818391748845597156096234330880422295645700088412796905775359527905656216099171
3882 162799376904426936860410604268668498053079737881023673020587424853256110918277399842080748575404328715438185664312076834070430738639641684049130298800
3883 171949643009652344552894420157966962577076759241035825258887692182568333901790085839424718714592726803361097883811662306153414208574780010336256546211
3884 181613176531840198628375821121617534737104864443533664553795473607864820094628953554611022715721970031680262318382620973852027430249133422414515161053
3885 191818710640011715072203643681894143485919883539718117626645927703210336295881879921934483971400879420409085364543227442073900113650013079500341823379
3886 202596583795400494699685918086586517017603481293916001368468823793015934054622383830308492382797569044801528098578278894343639798741498973750187517337
3887 213978829258305333897654252704115935768695310947165845701347696419569859938000860083017646317625660532122666322638499506197309319840323960135592614479
3888 225999269575650824180582945822393760582517675134858633275018558908946042057043085639860506723126731505518617501170552985854513992190406745353958912193
3889 238693616325858121601093181291805964333582025630267312898477969855505485041194263595451380906939974464976638460724050938484718518469731527599364859641
3890 252099575412963498706755381177052467820701774570424517576470316637291726544640240265859367039639716708448457281130684752667235307084738198669164921911
3891 266256958218095130353966808399244385029017984700144211265443342306634387479857525287502048423956862382602676043018637340133037866550590256462212706857
3892 281207798933499010329334231258716870537546367066049746164689471831251752074646352716376959419738135862392596157397217394466658307504336599265259877502
3893 296996478422315623388042288392266414715240467056291303739584415752416492433702965699990409762710984092846700061835694335524210890469106858340660084806
3894 313669854966329257617680325336434034278965887963378239698835225948591391246931356941737400038989072422317979157123779637134868003986781251535078742923
3895 331277402283971473914017466935100183355674978330050872676175058810061016973416042673243855144275557201335997896679390939792194471714922827838451847117
3896 349871355222041324425571127869490276573805279561927684304246258949917504499376689668528608720970486081688326846469640438444484844613382796029739223029
3897 369506863546942122460774029536448743149164041795677448846573218141584121478065180609880038852168644545081584984427831672887598999230579923632118718925
3898 390242154284824240886177352276131989789801192334416138568148509034109485839084969648969402422795635063877157895409420946770727867417344615868885286444
3899 412138703084897528333185086408660189908163145960980562881410569192554900111870688004801711141720129323461403481582643099228500188153210381356978130995
3900 435261415106444128004656250513151521715113957197140297780468574335653955222688666385987572494514535236349435947290486534083038499064111225925754086567
3901 459678815957764253863593885015653557783167913698030958993403650728346326266343823524207926508392048182923823551234746605908921051584466542142181913605
3902 485463253244536983019234224731423347109610237027255054172102083925987047024211630341463145571182563450764614232088466506215919163791760166190821973561
3903 512691109315923068266866959928808266071741350313395822183676625176578456804086638498755206500142748820323186948929829294086493258402882772887962501729
3904 541443025829310308867686973053408284083300150702261532573481453547713973117568634611538840104115904901622151339256495074228831781086014171155936624189
3905 571804140788947909928224185251224313211575940769645426216385475088950236466585104377466373324640112206424614502266271566462172386999739644595713141475
3906 603864338749984574766583525373887856532400711069410334089916176065445802286120606699393526249019128364324166538267251631824257613451410556833701706402
3907 637718514917672875259229981122618837471665157938336881562252063455831815268851025618549760338332629664039461137494010600655500530490838008771091399127
3908 673466853911885870024497088830379315243556362682637110993802329425375101571191702863167052848345385666602158197022506242215892117954373783399961791575
3909 711215124009677052899688530573769367037301093800604337598256015830220812870622876644207271341811281992529603382116231211459825777595713472747201446473
3910 751074987723584188843770946760283718606766534795846287331214008167537259564482187326776371343474970750208280861990051378296618164267575294078288489446
3911 793164329620793026118749839237289019603476564074769480339995967362942035281344633015552768014435933555221150049072308992355705907723142377019614559244
3912 837607602338344465246284898271550487016359073667221244607217651248107867044691101441033653331552513012853312772549317148579498897615462667839311637123
3913 884536191802366974853798132210951509487385845284242834698795760343762189645913577169759703545153413154709710322863061724409888365725543702365605524927
3914 934088802715060555192352689013020196109424677978812860680144000476921429171252829595396827698123785559222467535575508440483011082140117933883947630067
3915 986411865431941744396554466896767774226329975077233635901785337870899126761573021985677924680688570694419577456693422808965042328207647922060252731536
3916 1041659965413927357514588300215621025472075164689244306250304847096207735184142770196235639112476404905322567346944506334945321011869843404371173177608
3917 1099996296504284327034102522843540976849575189811100229907031412680942916144828097380210281778761632302567916838125589252797302095912910066047589531333
3918 1161593139349572307100552249983842120304272302385287421297010756356064098419481350746822304703856363124341645578776070904161447675226827813078328800046
3919 1226632366356577646431147885976060455656706060141227431169600773046036889519108390509670384475950902350078303511953137760688106801103547585094591233996
3920 1295305974654171910898910921476760755492953148043656715167603358387248637675075814816116775031869712850977727687043544602882547135163826647723959781180
3921 1367816648610151513862513009454946263394519676388707165717041987273480445743675707481865126218916632344328167136306658475718143110636373165316319026143
3922 1444378353538772338953532937045039386815714579368482187913028706200748077062695518835681666450996249058621330025464293452060966008709344586726831825312
3923 1525216962325010836986951792309254496335631581160574890808709027009134600121753489142983779842048269205747339120458824024761800074061419844327973871166
3924 1610570916786937091551583406726153793844542566427528876134304849961344310929669304664415382565485377702553197174631621177792594246468142996775668310598
3925 1700691925698141660820239637860644075323189275078246966168107839152744882443482957317655936167853971392474199525085975591730710734099256816609827336283
3926 1795845701498312495812822949348437950055242395549418791741045443416144938936968847311614501834407246957986205590037160924809411158041698612980944901064
3927 1896312737831997048127745377208744425462499373427534323556888435719378122686296423549348954478539991834075672442243552191978591586938472134421372044766
3928 2002389130173766720320152509303276195979618065151997093542838301790839075374999385016775955292895706402166607886181934732948520270870311865643413587378
3929 2114387441922617271896284277953818524162844969876011956459101902372421434519365687405207105099494768630214504112600082937389384255865241962988249324801
3930 2232637618479992582708951123346825637416968592886420389711944120929474406718714185535403255957949304310943404642016029298213004372105096117600960788414
3931 2357487951964550591765663606191095259423724331866497273414115548873336973679753442557887456887288335425123988903395945455374299031064250013215454608964
3932 2489306099363238347359523080185412086207969907982553487619599304121855354852487586483159702861630355877296962692824240082479501721567612995801460779599
3933 2628480157072668069491863895875752234167047650896936032254755021331523538900868880607169244972091188844284926419573716639464057582950147518329478814040
3934 2775419794947813808158717544117843848525310714983482453163827913835416778803294813268896379520631480387099835399245602040755012958801558784120639596014
3935 2930557453146954239992156090918468339129919199080688421004908386382814745099107177342787919044102858282846520866271898833325290700178155434732335880712
3936 3094349605243248160570213479707915681473019317606376857376491284928501212625567953411488110991850042333177479094928608601144585503684632209541560154770
3937 3267278091264694380777189174082451902127707130851459338035641439049934023049800214341851614741448282825968449147779499408596970843467017466639353464446
3938 3449851524526219875232098195088174573709144677090791157868390015375739588145514389790973867655990480642180554535939301733763992297870628162294376223081
3939 3642606776330638711014506353225620073556968600876832469403006604990274695127431790552953515193917438651008614840354078476124669167278112500257636516521
3940 3846110542840070970818385228460106249658556581101997377895894632477844476021551772072025143124587336769865614847402519937081591754574971497088896347417
3941 4060960998656505171857343500321952805538515303210673421725156972619656755156515582800827290809890624070624152676638662126329986169783257445752479416949
3942 4287789541900441973844526519211005561623245359827237555506569603780434706481505827251981963859528445662195598541391081030942826471424776217712932427003
3943 4527262635840470241244100520338396696345824249879184756436779469647793167724534533915486194991266717873794497738749183105727110865609067676121877835576
3944 4780083752405179094493062745803941414289210585235226570183376267556042376097624435686677470022509577745503944214313501689702868028814947065337164598761
3945 5046995423202542575132647476156833392471748713527275096220278720907888810507872960644730160195618432894929982215424879449683813701345611987802292633842
3946 5328781403981956063714733514310331930865928624277574591555916921676533650555504672210527447405985947909824293537063152114462726122471797610177581688979
3947 5626268958801047868104138855868860253857822772639384346423054244212482607314098602240388839787658027231250554566235980636184657502026195550756857848288
3948 5940331270504446458579853365672425181811412150770528965767800473698331538659926521019120123597278489594224321871917000651460871663236580481697357425951
3949 6271889984485583779426395554978356569994506980749956938887334134334534331385224921717304703019753558361992897427346301111225658800974769310048715892157
3950 6621917893086668254041792761411748867525989536211438396686623680018428776961908363072792913516149907587477435195497515920691978552079050350361402315455
3951 6991441768396948884344402562433998337407370546006578014457001849326617514536684841038036664459508666302055648888354555232518716483591137961565915722913
3952 7381545351636837637763907464285695035389148278363841756387859048435697647559835943413293794862676319402044976791592809446532852992341876223332061014954
3953 7793372507766207246605138465849171942809041709691672351139499560770977961756034302614276107762735346550260803301249491798659376227142286421493454926759
3954 8228130554430866047222680019712395894944032369841289801988376098471921462279559102174281576391280552323763574398725733231588864439656041836016611102745
3955 8687093774862882101757830887999393803545858613116729939990044024099827819730740999365067260022108702382311022057135539026610292045885664301661943019911
3956 9171607124879836092423179019717880286262667990926144300020987547274618859300765996595161431498252552117056016114666914649162465573551424538164674937545
3957 9683090144686366824547456813292928680446996114167082688541624127351587534774261348558152433237276744816223030460368992024029550711185680470114076419775
3958 10223041086770550531889851940783709310134344963725939368343988577119287319760394690783081563853752580309602995726451379579262019530857737309775636937102
3959 10793041271808983227402235354027924021545278524913874538276985908224829831318679081435575240349690200256531535817336268603810461209247150295674274319598
3960 11394759685150072256897476900144352354393846577723479772567738540646804302920098064920837129937253658622817189788885283615389701688987015864751600808904
3961 12029957827136506705079733209128512399050849283358523530317019539241890059721967043646601108666154147546319843816787368709109401329415698717028270187691
3962 12700494831257516508172116558053228136739667689518348824373417064496091772998819838611995909774702574979129882110820122992690927224749161517186692989279
3963 13408332864890976763268510252663290101186716933859434714159670322794209728496678907651093104653316208280093417764792669761946886114805551628590452426002
3964 14155542828207375238859346077676388120788299038703176178666259642785501625822332817887212046648207830732959851259185732973951592823045639435911102578299
3965 14944310367663950680524930607484623936684707466309199974866246900932088586513776642071866887929541570894466538290812584875587885738886738768344321575603
3966 15776942221420792909177305731128603895063429547001389368047174674064351042693721157739857137469319373237265199243712907560506913830105393408125643364448
3967 16655872914963584782078121895390569150663674897924706547237882833138008451107568141883951445778253261255886048419941541302488645332517596553723467040689
3968 17583671826223066735780997437326771305553863056411449945265009180996419426347022172086655537095648167431310386463454724313914478164744846614732181256430
3969 18563050640541593256532716652584435338182695151539887316411111097225587611534985814470608149678007765236015310755204161633644758549047276034206351713202
3970 19596871216955911478811475014938962145392374969936431525574181975778003883704135115798592260765916678555457361511122389847615877755631272278691230968449
3971 20688153888445167147592597684321829126446548434912467978901494612265375489620983524293553078315997411295833876342199425263395009455681158032834164749641
3972 21840086220037941634659786784122599627246687440902635241438114689148961726649163143004039871315842038284169499578332675984675745936711620837360376328772
3973 23056032249985013677564185542853074528426640233555981517514167747985511991254282351441805137688948828543472213047802989123195905245145557108261125701431
3974 24339542240589660627125000574668637712197558222536653789156108520476488024957846115978083937773958989013798322349694553014675455969157603002423981853243
3975 25694362966748096519975057344797500642767100566390826670017588377274540369156115353320447796061661860166262486441639010679381800879061203939592143164930
3976 27124448571793834681276134529947806867357115295563617125264809108883454932085397626378788065380906807976494041618223698651547132405158924552261480292295
3977 28633972021865205111410080141264476913825227275370445448466257988916141031670298867684846616175017223526403762464844924937659781632995094697684135057754
3978 30227337191729962467036882664442535889598603495774143219681025551384025540842361112761684009406628533014869603534331386334391197915919922378107562435156
3979 31909191616809484277055643940974552761617976084409281490553587681780095948895689169451485446907113578209815492491402973576099456225343982374388193188877
3980 33684439948052954863845116660681490344908867387750135776763116792968064216746716172860659718446231666286598366443919454881255492662181116259286205840046
3981 35558258148324090028286676413012713752830346971783227750336387964368097365275143324527912886100767055635760468422415336996765363114007223528154204048067
3982 37536108471085682816638491465818367042711658178672080080993319054094150791605998288400125564023418555140820033287675354952954631593604741418091296304526
3983 39623755264406081253867008473747631604078929103059092701279087631369149628346974861924046198398027321010707392866817688261975658407830641615201999567990
3984 41827281645673279265990577539866349448143287997872965254805348587787966011941146727439844330707534487239867006357694601664221705455789947754906969990522
3985 44153107094893204365263262951607682084549953117154853694881859668271343549987568081938113270545493442092526148648218918079855271224767865417635719509494
3986 46608006017076236828471584981844480851591799375953328716736336930088847123192252268274691471182253692226589085050068267815369904837704423552360510156639
3987 49199127326987148290441890342207531334215917511881309643902368879795902855286535373514040809292987169733485725284768302181073940247041858754982711132625
3988 51934015112456764892050253812495829935319653611455741681208158752136336361857313666246377457552295718796484778334966911936755494936005437600010305062059
3989 54820630435536781448919058050335902215156637278945694432927078101424525095575568420208932698645934635393712276616614874132322182498610656080726915826070
3990 57867374334030980977597105836730627432977031497202549483805071945033420534375769080163033750588226582880980988884419840135183204436641558058014154329628
3991 61083112089366124697685368512532424358889287620256951856001162996195355284316254104148581776176967123481258297999408039167523693938921382542797437758842
3992 64477198830383511172764346258944038574985044689437262110209261161833613353004770458689087331256907901880895416428086473851059940898391741695169546923509
3993 68059506546447884777779785095336599256427136663419010619012567990071867746906801812552636667469948164378755698868698030889353284715569921374293565713158
3994 71840452587294930071391394561360227231483339238464849906341820281532691792118637459984735094811410615481395685366442877743443823934873497599668722975494
3995 75831029731283576344241424417603359550044857770601481087587771088851665168220589013255627395805448450604963420721670713206195213613984673059086527203787
3996 80042837908196174897768403313940271143806244127651181450267731922388379296546807430546485137796079611679015464126974806369990357302434998859625808234697
3997 84488117667451932107704731837923203347988478119475518299613615486793824222628787115115519171210634761417512757473676299643626628809109715924950091583609
3998 89179785487579221541841787922867195393376426113842178989354573635512008714414612338101533037652328835968372413476395869899373777525678163586914613505430
3999 94131471028045372406837640095866312139051763202670704664804902853973203858578578488356860108561347468667986586908307804186881613355679276265584576809293
4000 99357556430082489030090196765442387928996216389372852720312943627862725692745249749832635673734608417458757237761290532975515938200117329631839378309683
4001 104873217778991451763624108519439271166138479506121740870772477752372467912878822474780277624741580416401287283611965401569051500362487782826394697206258
4002 110694468846568413838129986230340669102196145804136754040716693512747232585852255076118928132461857726724001486127359773809355102941901797566208647427439
4003 116838207238798341255089254512075226017864492530399509882201204863195012217057894934466653313981094317603189055924420005932100032448460724968044922350483
4004 123322263080814901427577225697708312994083383842941937651420411523709215956684789083523267627880151427132159304470713602171512167880875793639201211883998
4005 130165450378356039417940302374855442005792270697541947269367585261542695713242454744771744265624365938582791035108823769435015198363203828888888607312464
4006 137387621202569437582075016480960779608277976352049888965604970771450167776879599698033654116161573049977803832165101619249711156987611454361485521222343
4007 145009722853064434376601131511833425214917286935276749019176857103791188265690000637136968439103516131982126121689341111942034498835556054884651862197158
4008 153053858162587449959685788278198668821528202967393063512669646537039194206049955064715123508844808366086471662232206883363401584308421407982845556888484
4009 161543349115643927119216565169400921124388081475407051512664938001057806356292039359938463158990144416232794568927797074213464659447439636309687801828232
4010 170502803962822478930183705135028702692868168505042218131763912003975519044557645862468687139849485701568831319554664719519040450026621453495322920464129
4011 179958188022526759396773841878549689316437608683073698721818061581783278736905627367960772584924355017963517421327338953156422621453568807550193981434502
4012 189936898372312359331969383682719943050307487584700467282584643825044301302593747832362914611543096256611175450515996356017551251166411798336147389572524
4013 200467842643092980955547002106037558982152360041467914607234706203641729892616193427984796101550624046854578785418706751286843537403227445824451229699811
4014 211581522141148791885777001435327522859726404626713376587200149772309970794086457966715052112374908449182648669384337116268431769342749071668089814725859
4015 223310119535179046239736979879718108521227962919867741853916177065705421566153198719937146890226923051970363705369418656612070052613105245239754379231308
4016 235687591358619308807829877890774455517088949474820172541278254681932971896015261789375375438849495313047727367398523069660498220331032077800111679885943
4017 248749765591133269405413371538499934684138342126752250176413383088925309185878866439866237919630578676621027435518654512880646841837995980727569194845487
4018 262534444597623524516122116143300291985250878052417045954556368812008998287418773643977177347834932953657005617063620461100197639830809484938128220086419
4019 277081513718331501132819215991826882362025460675721441941559630265967002504420161677419153413819405414076061263089087987124168874746433000009782286010664
4020 292433055819649092637602617184976986973540473068331974570093303166873454173499697661370796987829593603536465698685991179569822191592468119957400857083233
4021 308633472132198519160351245509857014816798690434059940752179961240839584397572719068539178756692093646115853895742510248604847705063235769998057661997175
4022 325729609720589732198782056658865681281166349393740601962631373001002652118071845122579236649272380170991176038245242378620932718476682859317557297353637
4023 343770895948096431414538919770355706527707859307738184917771108980186760758802848281040133719995766148748624862334178759480117077186211512275475050655016
4024 362809480319346609775539431739002454562682170763309739527812164520712958967191123584822217955846193585640343003423137864559450312979709425739800878393814
4025 382900384105067011078789184551050193077607528979953823646352623183237903971730918966254631882136359901419566254823052957360478317639577446708511578596526
4026 404101658174999972007423776633791841696687237096220110605560184264810354630130777485768464092267933606421838569519970194101776544218058325158184708255629
4027 426474549488402749057759749856306373646825387422575094553116413385416227775533756120181646305904831518470975930572560974701448751551987580089828179837866
4028 450083676716093218930683527956379170932538578096414404509378662036916613078498339305464327507653509742737381810369840265249927998756128681682199203714701
4029 474997215493906365908524450123719257842677071934378183736985253053474775314611867853527613478646881370982126792930151984251108840446900511552511396750086
4030 501287093834731489383440938929474429957123596385216589789206016830755556388624589887841861514275029183187189745581257877905710654646712020236009571598301
4031 529029198255103025045286016857850912863450719128073785005506616249292517222816602284933501166507479084016831675587426753287815892542627834358958731662232
4032 558303591202680518107660468716071116497414341468655679307121996553965326432816945830145429520208229381459492558124626231912577286926496960032095812914094
4033 589194740402983605424288469268267251242657072998745949457617088212342844330245847167483616026977583969442162134196105863154413812581550281283145422193605
4034 621791760777511670016713666260470688430868880080616690918160547808970874987924707590180507128913562830990328554034430654143005588074784003314875056573187
4035 656188669620993316747376592128714639992958466582984715750705874505077658371206238002459914203668969724087892419601128213152422709968675342506141147315868
4036 692484655763056401411345308068373365404509147464753798182440807495698735650544547804719962464328644179337758306523213789821506046616312128445257413502864
4037 730784363479213529368235237294554204879173681919435751575252527385882043522000886970637185173844760140982631031034581550785378049366242793381630609169643
4038 771198191957804336120347657904117611359548417977488352026708300425296528303970146155693512714435826374410079953686454521315757718450574501070704774051168
4039 813842611173575123811383623621944915664768906791436137790267509330160091920291693529917204447229588398428259902011709384834879504233334691313688640368628
4040 858840495064995949313852062114665550194856615473856437888999659207161476433456587989324319430103060187906449593803820620118862546429141246215869924949798
4041 906321472961381153159871767413335138875919226481621251912042075084929126619505043277951164375763898015436417256529694498678150719696961832969059076157915
4042 956422300257495004000020266707820800678562474777565157506003908944663445646229917151638129286969965276973164297737531560220904410977016450931164827844513
4043 1009287249387769883864823805021896836697545656778953475319393958864709761208166549422209697579076286543588490928915555344111974578614810722121137889547688
4044 1065068522209652221018178360034342860924453763125238983534536698003118086495803777159060952938015049500050505618719312468122800939967044636466612948972411
4045 1123926684966130254164166492365052592188072378285311465452182408103063875171969263334797202073279619188641062083529476975148367788878596008598047851911374
4046 1186031127061305645617876063164814364931408386262708593380286704246602295007965553582062845317546299151174495128325392219031578597975311902379380129019424
4047 1251560544950177881496824597166977013247116680279012768176180417408033528961320829303959112104567307576111859046746174619589789912931704584364383879315682
4048 1320703452514756490193659150754152934491406524413994386880016051595408669187245828451585033528850876387903822902479398281852804136076839938224954968053884
4049 1393658719373451316508219450182539403122046859577150326624493827130453194153313908703350873142441863560071339514286757723075606837645267693751403417168352
4050 1470636138649565566540802259573495079866275203322953376796462243057519891241945669447479497874804127667448291455068026309063339010069607054505847727348911
4051 1551857025807921457614646663832853792417588278591420753422921394789115903846477802014584116270337712625174284762715227073737471252826091906664656678576345
4052 1637554850256341235123314705876519708982067411401616929310805485487743032462357927512384339476344411670659487518930475780056216409996297563894827240885460
4053 1727975901501207745963225705910533711545437914928959269263994785391327419803725826890035031338714805232738817773723141154268499800901814768016588469997790
4054 1823379991743826377058121820707991037385197040512921144534249987770237755904106733843811615695380318160605320199082193093586436912528671525138843191581665
4055 1924041196907150407921635827660561354256653569245316367397735919388118336095699675647118446304448705535618832265527774209266824019012100962097782601606823
4056 2030248638190818971859273005600050070402486820448600056083782210107443281944820261549300181369732209490984760424468355466970675184691029171209846515529163
4057 2142307306366792332427257738632358613076770344447997631690193498659386358258203545989666934768597245656224231943139819294231176569085443265804766349839206
4058 2260538931148366402972705833689186552525003084104450730397299950491460229992347602840712148146240595694977746789044765518958448087226957184953826341869702
4059 2385282898092450830792744704834632381394364299625765032035557515710691323163321199412644472848753715000134334186874931206884118119486746355698972589981800
4060 2516897215628956037376637189069453607003316869157669632821473362997822339028083970830284712971997555415343002665847367855740807170842612776767249683693348
4061 2655759534952434640406333880848627202473784768080682850198541148099664807428293236193693445744094569212382225859521916661942923124856929681498479173175026
4062 2802268225660037016950186916493690524913943749165368906094406310582678553082264537610031170743285292886761215894717179672205622796709838164668055188776935
4063 2956843510176924437825447301274896338245520372889447918604002386698465189289971972826358315698138013782012714462947221450081174923437546466388769392055841
4064 3119928660175825983237691450058197316860765190957131266435173386018746617276660414050505541945236507993595702152479328843746292647382697001384201488707898
4065 3291991258372038628675604143168721882242432807445126605705402191550498715384764542685394081945839974775350718610620438193983949423055792955506796662353469
4066 3473524529259198546137883861323188561551463611424111787301566880144795741288355279026503557837054534891443245752020345074920116156126892223730517049102959
4067 3665048742545256832021786003259258153648661258598720740716749946007370637433013443948909949317134508930192737143690105343004363060618011509936956557977579
4068 3867112693252650958203648591295637480837445598548333849047069182579316735055322822110586616648492209443906545410286740733700122565271018886411429955479442
4069 4080295262662438385641234615720726936800587453761882038643155878190421708990041722496678898006648970600543867874211436691306955185596565436578931899095871
4070 4305207064509543654111588691272362514480012170802498723044980313386148639845785420008141606933594003059642741098487400544385059642902358309354002440076426
4071 4542492181076109580873720985900621622847343639668711427733409099092006983954820616987740269835224679901439112047144526645957830356031081289625427271065166
4072 4792829994082704794885433287992846513783546182749571732537633120223171096395563322148433157532422762013559805983926020126207561199409654894381165513007692
4073 5056937115543735208955801776844551948586274097938908823856855151458258622341255978111136447795808997096999098486314323259418009204540475072763551670652398
4074 5335569424034349691478287869937445333279257564660003648732518799587563169837399532960816969913349452921021872500702086931868808059296951923648597747035347
4075 5629524212112468239894124016382481965143524755424084800808936402832939046406365843193278137938874892862510507202775228532182083769459045986983934849829294
4076 5939642450951835574784695387329940539027369814650749294633590045269658077492281531271581283922543297894382254357570455875468233488170894041313263157692785
4077 6266811178571370860037818151148759164538917159730449551951071277236730608699939346565410106467921819302533973567667265311911985821802420986771625911180850
4078 6611966018393187117463256437663460704275397843995240294373375921123772784212319218151937137462741420474346801105020921180984832672390314605883501505685268
4079 6976093835227742852624292643800096863433837501290997381731366736757017033960593835068293095113137712775846980662841669768302445410387354832849203334275702
4080 7360235536170366684226099877316779673314990316818477948598532408674421283254567675401222910470412733041549744449719165790191448995373059021512968355364330
4081 7765489024300303647291375959048903074233525435126434997047975402634082119031954263838084516301380000101940408721640508895630298014216392457660296185214380
4082 8193012313502206643285408137837854219283163807393272601201180159864257117600658665426681982167502793460974601926878358478257130111497461176797830076041290
4083 8644026813182229557368428982948078935658871442377163755477435645776409010538578775533708250341039379278842087115735340985904369212652191164688332607700473
4084 9119820792127447340448114331732268656819521368145946964252408671568044661946299211396209712737955251273030627681289000151623435091466410588323102897931659
4085 9621753031259948396328678859341228455666172057489087052547089736104982132852077015816904859369975237215479799720985944569888699012075226183341425350439544
4086 10151256675566583643983200526171877457833220152700689439006612049861545864102383085993141952398677665686585904212429541637661036147403588346059934575784822
4087 10709843296043983275818495265566552832179629023302288335211313223324584830498662242099769997242305349028471085104710640507181301488371632128641008400851056
4088 11299107173087084021927321731158426186879800968369891651128264345951630571558841218419032953150250754576289197429661814766474771061933390225558363700392393
4089 11920729813370227026176169628003550783754115571324524785297981448785551333428639954287594798828928321231311838081625398085168798857570246852503029043080147
4090 12576484712924088804935140482658812565145574593746420559360834028351189430018965318806273095924899833868036885248332198426962178301682516561792673331145908
4091 13268242379801652158953599680558476412590781084297986389889123873640103500438161980369994037486955141107399653403280456067070319765664642679875595846924853
4092 13997975630453434445073206274346238552759357633627547779808373124971956203699243422284179974359017643106222433980595690438241227242635240841364418741220570
4093 14767765174698965243758720055218129681583836202341597628956839170451837771532736123053802758973234207681338609966125375339923828192203532790486471534985090
4094 15579805504989454170321454011435306021363155124222920658395694262411376593276363546799950940693739028272055083061850898408492715912394250747720873286995520
4095 16436411106508653609660254294898781640910264256493143023018913559300628911930440506726572473916202233770794378264951358545408997082783491411095510700316583
4096 17340023005556838907380598704174434106999405721959051096000759246730469257419152599425655192697531255272655587839733913109115905015366945007152119985968065
4097 18293215674609705341772562089245987106973520853055723099156033574382509959035302265493441146809575516925571192025646285949150984176919933586375144091703391
4098 19298704313441747183904372824500330859714716202620782744587888736432751788759267608492298531422233630778174700830712080358812090997517862855822665993441243
4099 20359352526755978349299532723422677929953974329049484885873999866491107118671394104054618393205669737389780718464220224326729455204727633383211263663728063
4100 21478180419870600818055743618670460703080926000805115093236625989151955250925040441964323015162782069416595277896475134085596693675409950585356984480874653
4101 22658373135182511346211570435983446727820503418884801015375007285574673376699682486495724553669469476420114091688495451937475134875338008526091014240957532
4102 23903289853359673510013876044726432400883947616502352629929815685516867116991054257711856781772593199844081701471452764281289994969471612607875500259523177
4103 25216473284513685088408903772300335247348246421721494805701754686393615265331892628951860203166502573054067738742011371419912982129709616255130593705829255
4104 26601659675972968259725951195314737564200873619616348690732309168520987824670656194239235663583731033313401015889124547654768120388786537777924501397176623
4105 28062789364720840078528593159898927648764878182022522226660984983402559579376426838460821839970833854746373671494898117841734821718777586990353343087414724
4106 29604017904084030421586590645659780239559624425856960007189416917967592074214833250051087573018249199591999123092843062398356676974566815684521081633193449
4107 31229727795861469290483230580473164664671385129890621243610348754380405053338040995273418884667955604728923797207322525547064056485595989115743285321907999
4108 32944540860773661904502034301049638135647624602865311205888039345896376374269004958712556768440249570618580476353298374695472732313380103960848149077127379
4109 34753331281895515473771210043433541584725035978008268292631452048955427943749897372817696927623942834406881641393826628576830368881351441550796448175057330
4110 36661239357613758548017990563944707054150506114606515360816843951305217588278169820278877206094047450629503245963176606658595902074685182299933497772508902
4111 38673686002630813495600817992768600283335811090149334909629282429073659220496380399629946474803440495165059109560605116882341645471984414920513515243306237
4112 40796388037623950670812178016803586097167530533529348440188167419525469595912098524507088918684219783014686449481040841373911153757857216793779546352711664
4113 43035374310369205895957939134250256827748079099201740990348043540601846766661282601888481911408968911469714589575097200721322147287578434865317992968456302
4114 45397002693458484019584908450848637194152101326030661765505046533438573712209104950598934360359722945040067142199781322304514272966823919698286905987980842
4115 47887978006183329172323950256031554228570863821580138288308245139506737029925394026551150728529187418504841684161069055875643912254081787838809163647111149
4116 50515370910735227090856960416007284293690916385849734351017162700603466372264949705405232204634214723282601001428475594235601937136503356088634828057300536
4117 53286637835589026253383331949636383272829031293949587788923207853747688421996556106232319698086826418929102840865714872781082832142847590058172943045479771
4118 56209641981798517106576707573980483023204980261947268521632260445234757337741086890474297256834534857005870726385152917083237247252963955063704385323386921
4119 59292675470951424996689410618641650850473736317277716213085714939255045822454058844783986052320359852287618280329172017888066345427713292035192482961447377
4120 62544482696711490049527452394685716401243681248425366009203192120606631499997319539470218739720779869540575558423285453700239780953500721404481479245246165
4121 65974284945228524646183063960568824023776700873717264985310010779746058731266619830499911952644994238443789128596123982116959910907904829250899737074981965
4122 69591806353230626769934216610663182490561701415429798370785280566997161394353472674845657858381648755523249253692820801584931933545346915340288056620524610
4123 73407301276338278444689004789673460545004420812387117927190176930823773647976094700489895585947635111790978072346380406299767222321173732896515186305247890
4124 77431583144065449957906140116579276520520382011136698537829700557029454033364081352489697861872638992022315183519686927067688665304316922523946418448749183
4125 81676054882111549797330053951852891852614702507295794729607141313029578509787381378330790727604147280765813343052141819043495609414899891563759694487926279
4126 86152740986909243392454013523900990352439321265662276664737957921989127843503428079563227462355797791094722786554923053252180044220091794739449248530691371
4127 90874321341990975341979219485099095715429397908517608434510231328331174228721966931618747045673610694001518554724296660625180857345433442756329915659425342
4128 95854166870581786101173628593948867086992312108201587079842372701767464380290888115862043276225798048878003842629732324837103550803720749315762929205370480
4129 101106377123934070056258263703652671707629772959209151056034304821079673566271766378764269851410944968424152678688264110564835489010589035146838633649420379
4130 106645819910301953514847640529908352355173548749407397042024519244190190828459366972745903106142149406234401391081938993190507281671584018907145849567060764
4131 112488173075127212563974913286466263275432222555304236521755363328359489169729965514593272370811540957907781291074693848821474560216556682983790807985324922
4132 118649968548987827945482236375160671318932280138446526464483576904342262764417333040986445723557482019447806183380347553135282919657827481249844255139054706
4133 125148638786163512188060191509653736973767603112785533690192463833225572028077690545507889718643992984734316774553338464727104822382753594469924557978250026
4134 132002565723314353483586108836055198367973738061296946694999395645293472285625206181970442953889993303702351315604971580705056533591001304951648062871771324
4135 139231132394770999307990600473953873269102408499255486823530089378554529254160753389729828361004450990967572048552658003668296790308017878234917788284240016
4136 146854777348312761864118851661002775259802589812797716054036534955220233738722686919478260412866221486959987309772607852241790567943672677102283587205286898
4137 154895052013087968966508506840993466039027606500451089964084254502863339454019357566558928266265053859443272069380667195644486948442676281491316135035347249
4138 163374681179526917113697744527858231432697071438874310762476696975811260264789416557186327572646242543846627571200292032296384762229568784185324926440548087
4139 172317626759737460176927204073025826043793056776741673422828634327935108268825454960276629971885069728423148720198679368427937273296295794774659246560161896
4140 181749155005977012903661734578968351533864094970713637165644185220538038762550181316681531576646456106526426645759706977469210900833687410210019672830238704
4141 191695907374392020720931508910185192051607677285727216334917484590313697176348613639382621904605412052427195889058752378081126912236730851851761391200575717
4142 202185975231328095801197688093587675474510882545505195449217558140613397639123125362198267086382938030971328072464640232162224876617406565974098126495029274
4143 213248978610173761798608529474083483888645831367239198681501674447108847908849612338860358530825209116917166835158279593771857892779063790218148271652741869
4144 224916149237933520260623299021913975148432542417338810521569554476826961078916305494315332507109138623090293924112094125602193356604809869687336239401617182
4145 237220418062565907194626275992852771671003412091398682961955942640602413774494834115392549837603989750133420878813615096412207607382476965818613210529363177
4146 250196507524598321580162588671986003599542774246512259025072216567283514917543874303792956813515989872028480854774637321244361453112201069759084674005133382
4147 263881028829681871545915358430354079754146708676624098507891839713631930578895556436783145412965461134121055981718983501770687424542357942318205605526736028
4148 278312584492606686113959035414370419253975359941543869579091510613112832787970621277914265541094602110448758722560410413905278421431604571855949400593966882
4149 293531876437904725315594957100986880591475218263765917287533111130855432916557051795558974279290646055760851475090203389152837016428301893121960771736667422
4150 309581819957558960272324948401081406335223621346233469201002101798032013385822850935480680001784675257177514852223203502656132712199704489910078604330628746
4151 326507663842560653765064271702282112906376464284344438279976968564867165117633226620000815159499968197274193602996866580676219593964143414003304893414625178
4152 344357117022151024154541448791897636725554351371833740574013655404571115471840411415541596847706421036433257455806117143524556580594478750129915549818952149
4153 363180482062602263779894054898560868485192748507634071881462662231407194245834788040344892346262895409032108740668419180952655773235442232336886721078356497
4154 383030795896378698559179882418493881053820505387822951656947966554412414510917819976205442279733291045646383174708521448871088196813738995486569952006992987
4155 403963978172530001515367012674648279486666824555699965478938804213180393178255652765152767836302078713592946334540304414601580893691023437933751673370311909
4156 426038987640255550569766764557957484004941619909996002707262212230222289847331872396053806168975779509446463635504990199078149702299475898769683077096726581
4157 449317986999803090571141787537905640540891108606505293589588915061328903055867631269859552743931378550758465172199210775728245852478426763630118490779106488
4158 473866516678283374128705521737086740405482530248814819603100830195023722260038556640826402349965496403041112537882402795707166772926815775120657930441739725
4159 499753678012665276930081525492257199867024246926626601241234655022916687994439007082298080104653179647866104244390777302879722597982567576461516907802279002
4160 527052326348223679656463105315691206384079053939337670815720953972415185513846859403747065998494630865188889616717796814715476321663652602159237270040031645
4161 555839274588122959084780436813020170799528774523663432039528089041806711876669981414152845687472141195971551623442262369607214658563543242890866328543632162
4162 586195507758703531231320033907900168635748120546076311287816625388367744224847029213564228199350981463127148411093339080809034783870001081416420575520164337
4163 618206409185478808129871565924467705256958815053301801570652252816197453762594824789502297792330127375127555270163267336656438689059326449192117787449312397
4164 651961998906926164776692987021481843762912531842613965595388947578733490937400798622788272181796918651030166408643119563656342354189345205228910109953794379
4165 687557184986960902483395156730126194942456337903377315509019437166748263023927619747553456912466364256059629255395656452741950684753892636204721836711560320
4166 725092028422602911518486727587888669343336451690801606165193341498025469298345185882251902512515482158412545129914433395287228250850300584938888640851027047
4167 764672022380884859003104727038845729110081852450747978303363357031229485970302438143019211024074632087260648079544273615536457175617492114973538489840999557
4168 806408386538609052694832928586578195446603165756217262044163685785078474950642983841109401346263944936053747492075454952856739332775203770610729206944757084
4169 850418377340245622726300410626686286611386523899290926982229143590431179835650099403477818089082123007756030408246918507799265494413011573392588353512491034
4170 896825615033191333722204940211959727678758844499424977199515460541212304145628329949241223160440906408824726378921076658984070134913337300686270013790602016
4171 945760428385899920798771691103033359073731709681732120159663607214865518989277517309634575309099475490850528529285452433347144389197230400185514809377807110
4172 997360218043172573028179018956482698529199156836223460270995641045145212830703671912119209320564009018277586596129613311832651553040430944464995938075478911
4173 1051769839524298474335379741596144625368204908477205877480284122043082199536393419280540807663688124216189236021133733551409966479500418383985033557176302104
4174 1109142006923901874428131625235013747732895073437411905525183221689353446072561146225809777664692783998507758172725252743783243406747953751981156762489321835
4175 1169637718432427441052734143927830824674624681190599486135458994601394481050297052587588054123097203572631648930708577118002226263554864116273368177580228254
4176 1233426704853340385654434978022667335882721963397255470405563079086899107571417782289155475426972045447472181910198730675040707438769441815614026410094746346
4177 1300687902357495703048674514042446514432629298775173214730828146331732552602554677454496646378991364527604020555838845887834184334167896892214610127536355290
4178 1371609950781913726596503914575177852172613182983906081566861603047146753085927781308543058465118889188125571024296672475037683749436297721734555690843071553
4179 1446391718850568864088263383279363537806959612198406644751644607589782298971467420077607112821813213993266331189533771096337944304265483934457617866571544720
4180 1525242857768954514733761473718692543691680098555871032665606021835315067165171686508786816527274060428958525177175528250600860314831727484234720218447484680
4181 1608384384722320111918212154952595376889533954546652110807724402288894230699953127070215790476419653315512440288734401221192211019748028527445741852167182835
4182 1696049297889811947660911708017267214696997980341404040909779058197477481109460314580746076925615285241868870156304922755811168667956398234146795702861665684
4183 1788483224673504883053055045295288414032611075028180089083214972665717252805483021598840195989788923783001501639782832801049009847557543033468785480413433648
4184 1885945104932729659198183545411700559810625234875562366380297987277966262534703707216666046224471191521677264153946339455826674251029320389287611784532514932
4185 1988707911110421862914334454904577985356162185727431616625292858866155044945542188053678504712251651770468429827512319599420639739419023842105326377720275937
4186 2097059407239721383273166994275930093827654498032131763972105948921045021003042822138667838980966085643979794794334480233348914616823067812666672943178898206
4187 2211302948925994653492218169524923005344647771603145199132036620361516547415815216319901950564676536378980685906462497563688443067518044007600417656032745110
4188 2331758326512143531380063396066504357848332678515131465660650697791868523323981938017065867877994797634307203790113110661506538160785452731556340559390387870
4189 2458762653753800776762719790757195162088623373285287897376606673747744477524929107589311238507363702843700563734659489685723283195029956537942694542225796088
4190 2592671304456130066992982213677774050012794403017845276961867242888857207308269939147495307060618716630490392186886947006006654229287768186909725166834313613
4191 2733858899655766568410807721229394244644603642044214485448017550727780818329800175814655842146655292033911750318878839496571207361431084450463235401764771457
4192 2882720348070347369283419876172509522715278816225044827253923793477907110893472642418013207739585327258542978342742442547407467770887572908412842018087782819
4193 3039671942684427069494970844928323697945381336733371675975811703504218822162294150579526867502953270298990651660035981123445778092627875094539412070659557731
4194 3205152516494790281477810797510023487722209050476351076148425179161111390161257775824473157248297777051004253028853098857228815916034100926674416501996835681
4195 3379624660600648585318991235857727407151497691396312180647364632932493451622856357640129734026686698420062890876346148857881384810664343447449573697462703638
4196 3563576007995418028857306499448973227215534131398566720715896435676190457601934300063251576392942415179158098056280085277456729579077479267935746758714765999
4197 3757520586597141677327921867372156187450817523257810881699532654637200104127759174427061102910819654035672375141274350055261849667390634097759719003067174718
4198 3962000245244695728338971418127200704766647944579849556691240765546619140746223473088644769674560005610554168655792201296545184456305408527652048953466053285
4199 4177586156587152614932346137835732543217963658243330366953833556291760726493299963164812977074941236989335221481619377994057027579948516149870833146797085022
4200 4404880401004676311167394335490834305202251430003080144709964791424085905707556717192218828297183435906563084448374042773352577038504329674063470956320403113
4201 4644517635921614126564663948356061142939500074474448678060228405656705807329978219757044697191214774790712495537724006420850944624113826700113623750775277371
4202 4897166855106687875471694451732588591168567525195288371102617450425596681472964349756106828947387933796920086858720965042207816150224347132140753750676672906
4203 5163533242801941452437448616208839802875046978775781966826142329101679694480139165631977662831278567204563670808983554072802937052117305205810334552545475848
4204 5444360127782134173995957483240998502194254632776233962731520035147850504185589598962794786131650593646850617988087207775064457799505072364333236063778177043
4205 5740431042720187127745712090117606127326568500759733455897576856917313445161455114912412553722649420970491671512704692434361439121612010445602504560227006482
4206 6052571894522935139440768030690991928536658369586354808981586451349129805857787817183569015302066373930001766763558764434348023297846785018280487479845375298
4207 6381653251605506579725006738104010401485268429236727475547788346095437504749509277127192716608862436741009720377424265619842965525933164324709751360580953346
4208 6728592754393067099716149411492222064997801542223840566509928447052892405903985167675060504944572391592239756754870229219134440663212579087443275238882939690
4209 7094357655676178736297673484284777817408065386186302452698785872685565594114690269763865711110247757534447257063599713330273224538036133621538220942163525987
4210 7479967497801701957953719572819017304632765381613518287775287817389291498368482371885014420842162708352068684884113842905625644925769408174357045615319998455
4211 7886496934055816976913765926402974453311537757704414186630378614384159130090757507709549578346097167346389196387186237967321528746339182422020047544373127164
4212 8315078701990531065418538883710996914269539102589059912598240072688557642773059914653693036908176399815423221275653144927619047064715504681051223052803208463
4213 8766906756860901047353609887505749385048879669474161182701134511085680071157760759417913459369019674558853292876370787899426923574371640956488671397173160994
4214 9243239573778416589328079064133679963355101470292402295929613458349200436952852398877603781432081785631551772006342725395564187410335650061028508314695106900
4215 9745403627647569895470450615836972648690562808520651220254281251586836344920600476503091763825053794944952003189719558441091517468130512507543307361980404785
4216 10274797060439047643803190183837287975871847407155022456971151248748004619162649985870965575241188632878857171448535466199652347163512309484866281075587481079
4217 10832893545865315788532118018049422053547817685742747620698041813029934194139954420300929018289149480369617365525842445688870421660650989578891521773327235510
4218 11421246362064238933322283966496676211202592708508320860863384744219295932172245530606067451809076324091437334976010515051317645569060627599203541232828404987
4219 12041492683465035451265960687786398637902034053236350752532407367641275372229906803953924774626932944978014174665231077631929441824592025791993815831992816698
4220 12695358103610091574141637682399586318088091058155133493122464907993189041584192229192521458209103032814303688649279537975837020597992795729407451923230274070
4221 13384661401337293246816850256059082666684819632611203290004794923691385142138246290909150778250778087087864758515869769367239310696171874274157090181740470198
4222 14111319563392619571209052665109373955169367382861356600102041635077533609438674586883312834844275841853506196321658847867105438050850399738699513210657021865
4223 14877353077243236342272930253851692379082480401423618168636476025194004767233367152877057227231330923863896239944200761956768638462052689294534813159107194516
4224 15684891508599466174576538638802703088940803362528815699724008774899065905159596505092078487418322008356543450672531119254617402383491593925319461182594149578
4225 16536179378931472601732477916004653553326578750127821793008988880206730969336860064493272224489636395287816528992369134596306214192823728079499098177434431743
4226 17433582359085731656915689098619216005796179293369246645645231637994605019847698247235633319196825619243199288516441261083795043613492608785433160894716786756
4227 18379593795969195325949365018786343358003371535188802913747221703127437026217146193741686050310275146939733345437573296841103729515058329857754067434809021374
4228 19376841590178274518950118501776692557248394732682504174313461351628464868602244530107933089636466962994973403551004681252111388911443802781683556448955762691
4229 20428095443407365471812311684428823092191587052255330699955030091453420271812522129007235583629544712284798153744051215774684658957615694203760286935442507392
4230 21536274495480682950000745499379084114252280658861832784481966746891897482521571497986207157072315649607959278166509538869181240248994844196123530985305401829
4231 22704455371913906278568377006143995073858752062099207755637770918073651325295819771055282548488804139643927135874731965508394295447685234033488411275374233581
4232 23935880664031982311188652106254569018358976689179685342145591440644648295445622469315938524935038257188414393775894042927033485088978263699800414824637577946
4233 25233967864848799220680483938772499805727429036494706428207934219883035256402172257895611115803759631448078607018327753112156277160425535588029610979908716133
4234 26602318785157213592324029925651014593931560010845710476366141411589251971175871889138991650461394885995306602808578289550970069268454819773294898549619885240
4235 28044729475586743947334494947425999498303994703943645098209336457701268906859941226292735506697235423157626812355289255266785617170631500919497018772926218307
4236 29565200681765359272226800282985488840639794663724945542222977411088154891116195450051347426716677202382776400327274848737379868851277035860898220080371845461
4237 31167948861174250512717334481476753461875784089377157219544911904990595819625571377478984032664777448598043471166338540273121131919138989053993528132939010501
4238 32857417791814935813128335860252450516453518151093115751532892222786474631493293422076266294589655816203887686991575662420519072577430833497010943351184411947
4239 34638290804419812751413882429189376747572221895901844286861114811124652545073896849739105136357595772172075284572230670976358495598174495526430582125276425981
4240 36515503671635638816367262857606904250446983564618364462436824152385999176602807501297558096753797052366968932933383839951205933409081433726071946056834858466
4241 38494258189398001278021380334378775087997406318269742393045464589132791137975100774592723405667273067864564265318524965693018728576668238724824435166775896883
4242 40580036487599434469179941584378549402106685293742873782717992115529731522788328124751937006768474025414895826461951507571277904084864231895996286782250725034
4243 42778616109138580231897488644605246117392394378380554106740641898074616343424699757165873048284595231398686277050758639415336900301853777523461956620721701294
4244 45096085898529077323232990664849870018597821203042201290551574772371470099926551283789772491030405707480187589114518544994430634715367060160846622575141726040
4245 47538862743449163861127741272255716562237148686633433634348744075004183942500560612754567850957013913502487749607783270387182999907895205704304220797594740608
4246 50113709214933559134538289261037720242432667055482667216268918770162552294168203979004558744126473686876687393311086842419457319176241020095580025419699479849
4247 52827752154352954566218643418674903771680866554057809585074565366531056396342440068932217389270219022853678622648808306626125118234017412281216940591770107700
4248 55688502257901329728283909473950240641810299177550473547110655357332557823837022573026126469443763463115697380740796257356007230112121273953404634572798144614
4249 58703874712022921321706874449564421876346526856899844280970166295137688691026472915385250078069428923177898696137768589701712247200972051107157330221262329060
4250 61882210936067803404060007663560928306022365160769453607470243078056754104743538004692684076317513269943764806067371712747237290334964638304211265146208844822
4251 65232301491473712181501837794978354464205073472141495292923132310086177520280470253370667491612668226607126135578551909823831191299521211861685566741730575141
4252 68763410219941946907873228152847241530779408620763083593994153801724233421871585498153980458991129010765699411627298964364004045670437239280270755945968835434
4253 72485299676413540397734655145908525434615676972307578747980068947307827559278673598715218982173966480653329721687204858967084502239728605310641534665241714084
4254 76408257926169300048517146118339014737647670096293979809886998268085713099055345852201706680279173860614019012887570885366343596419858045833064903503292105504
4255 80543126779081372028943587365603809730130014512680264713537087025173633468525577008350598533792273825552923614669225940531302776465323922776541039417544074746
4256 84901331537946705875042822981786643992659677268114539547278795837075501929991580898362342926118149255795252574453760764671544545157701708826377738512658903310
4257 89494912341942408779088769844517341725760817946610278098906508725262959943015507391948803772836598150359247564152197443849677359532620645187259808416066421648
4258 94336557190573087482232946829632669591265250712436430991172828139057016468243114865676963641440177671111876837186245373069098012702250189150910209741005466505
4259 99439636738039947290563553843170538946830912189378516772553975470212460958498665880226762567741197893951314139062730910556415834957218334042353581135607172810
4260 104818240952765501444928211625801586412070595139205739024563508119057945242324472260852391183280183798881226776047019341401015247736004242884501944002188985635
4261 110487217741866580648247466650338935944280090080627288340567025573796965934072311213929402224121317116460611124867430355497951243839780194197776555552324590555
4262 116462213645698387426866829135009701415594163973546574525027393787585532177641147135192624378599351840023517138548632603481733523812358189206601705410640449625
4263 122759716713204753349161014700212543931180809295912444776335266620021309095790726152972462851321210116536298930576247283716594798285612712851742560468272719774
4264 129397101674723142567510367463078623183860455554185581212070936521083010522468210388954468538200953373463592134307966047108851204042201517448695324038476254310
4265 136392677535119645499798738364586697232848742387586341781010884471573931936803762309928722371717059319295035584251350895405646730345696268570303828773973932961
4266 143765737716689490642030075219785887709599070696277584172529797796729736795932093452153560864150300070632593025163527877271497046951444339252026089465417677129
4267 151536612888166573390167345042552943979025936172144949386925369958047441743472717537534770266002181006512238694578991422796290312795463625534339943865072222755
4268 159726726623463596709330202027361001771833267560832849787967432178105335127373824121254633076430664320465712188753206649040878510779314420721236959679132222184
4269 168358654041427871441195094234327247366646332457137488061885499115013822899929770796480158029204500314549993304981437991711700035904983674876346451804313058738
4270 177456183585971996194269081111487942700623195021124911111016934890753917092303229096550779008258104901845454910914897058237376134617196681239785883630128250399
4271 187044382114440357949617131840524402070810725464119323177946785169986850301522204643362014860425539719314805692244826382024111847545468114449760860428858892216
4272 197149663471029339561883264499573358403296661129844427260043710020656214701021277865029224393344915958643665705883571988099266270831575970632264578909902205380
4273 207799860731510470490261469927852155188285273233749672807607534398981778823795830447303446883528553556785748576992173712088280253391655448395310842837239701532
4274 219024302315442178833835105349951107350126807936901299660857853643264763982318319738483934544569358790127922808365301673338923056790577778100089585416296240296
4275 230853892172518022550872149048186975828086426686014733015779395601533066155970722228985605983736561631194171364491921908000706001333820643393171381903658705880
4276 243321194260721850540860113137255288427183121532896533017567430077111135112912464341881250311314422602408640586092813458603805023416347830984020276864101628273
4277 256460521545566397877031271695665266931206888679051053798644255427219201722165603201454517433097356957714225925354733213688030352348078151509945784712606762014
4278 270308029761918673042610891046671831680115574660744522625675782969442941954927384195946278827696947433388216979845312021436905007779986860495483710127426775784
4279 284901816192790053244336826257825870861523684504539665307113404163047034534214080944957157411881262104979139476590457044745971718351428128894182690208590847498
4280 300282023733032070587579347727893955538605975992969213190149347966004281497342799283727617069819040850736890620814358037993272113151752821724754276797706472168
4281 316490950520159637999367988519806938441948157575944837710498761845952409292529848245262942460232673336022116802036087464081644782339406991594683553733967855345
4282 333573165429568598593569368090959732293827149856930608651544103768222996282551478676642714300434640866694763112130407721039333450121727257537946413221203357419
4283 351575629747255388628122888879379433288906049137792817364088504143597898997000931029820007857640374148065381246504776638400171257517274319247344126365633088907
4284 370547825349834614544400355368101831796154277841600738086486377315914704514309954218820380198379610574076042154713104361791079378797015392417438584480537440322
4285 390541889739221625670532735759239999185734205492275466232701886766675878763169883943855872892346479009365434337059505506569206073405427642020819247126678816194
4286 411612758297857775093019047951023217812744256430900405767698614748215737638384721256290713543276254450467383308454370765187471952595961192950627804616714359774
4287 433818314149845666985830723587963757747421910041441221971507755957036979851779963093308623251167444927281450397458455491870187767089950286639267259873548275969
4288 457219546033893488951456724285511642963750214247679737327696426078888448498543770941527161063467374780634930010158567516898333110945443694271901147321203910840
4289 481880714615585248605473765690397862764018259714210392115899765957184603714615458444627080832132961432672659148153900440128956110825204918863830965948828313650
4290 507869527689266291334334884007621902859149825955682684641333288563603149863696696566885170834417123488200353467398764517162255386540749240512472434464966946543
4291 535257324743811112788924119630137307183648966387162853785354233995754908574392890200214921468018095975138259116690386565547418546644553477464646630339107175157
4292 564119271391798787201667382831924621022288601299862538262408942178746629453580492403037131797154640840381950439734644594122105139740864917211881164460149384286
4293 594534564188215060681602031339438038348942525507359255026560822023356156973639220638602548369704049082055202649187045328915911772441374430230543717444579912542
4294 626586646392814981714571928297195568076211514010130859428543988871010166230459533420463723731058718113289535807620524406095485337446011187792504025962005510637
4295 660363435259775790366259000472787668117056441359433754371818759583106504920228113486484472977097727839759143633410486856151898695176053003393116669780538956624
4296 695957561469340101974959912681392559090148401602380929915929657456482708986319138235599295932908687657915582090419435810973691656040618254408811797846017089588
4297 733466621348863509418793623487408179934784381821373961728002182769095284258410294023235670003073874256904941967654943611957236184846437340924137148079688585580
4298 772993442565140460921875205486847424725313319814981058212170217816147497196308721447936352201620810889216179308711149664347809200184216489150138174540000966964
4299 814646364006163632740417193988376074155937541735538280584253610033990943184516219385565219729416589293375721111305808726723126886013690654591819539274491807086
4300 858539530608690252492184071137612080519694833059707978212916227720171396546326523399254218118522789473958770132096923532459688279717541473095362041967967548222
4301 904793203928227050725217734722689828300342113170625241828572630382497378143153477087450218641514989775575136705426918702324281109501089135878859258459289243561
4302 953534089290429893083046797340901866989696587956277027678344156095203522273322127988721516997407049511328938434392142523177415574287896323763086611333430721143
4303 1004895680407540080365879558552330764541248554628967252763075914072557824786596146630863190191247688675889045123681214535965300622858895467057116813115521595502
4304 1059018622390484539906478616532138100818111117163441842615537455112394134087781557303807826670667651892575173374617149613972982824082723782061301477469929284469
4305 1116051094136756471404804818984691609952362644255013605261385797274305777169660623297620686186100853136406957198541680773197087099485833468019900962500486515325
4306 1176149211126322113750946175259485003419115472050430540915546723674325769267714730014996482455071797692222802497921851765512803250544410617061913646336269103285
4307 1239477449712683001763711608515795101772238999574034159277056237576602703637448002488691125595290214307571327435306050136859008420165384986437201823258962685731
4308 1306209094054031107552471239668886665352970691040656238336586748377734338394876748330456988540860289686067114488334573338624064947195095062865575813365393345354
4309 1376526706890299358120119355490172340226978123080725778456687276735648053859576874393318660137202793657904536840710118843654787266697840608371395782774128240216
4310 1450622625436016863688422591845962485253088261689653704477362754316817104788069715470947811262344955815591321659434421149133109955413391599729849091030905901459
4311 1528699483726372484164475811769576574631848481747592012972331601358578292661732018326263051487858573368369403942174824993571537445552764969124357994134124405203
4312 1610970762824981358417618374254333447077671521266672996968932982489766179169653278349447264735363337803472497454456783942820277106226311572082822285642520235135
4313 1697661370376695612341557223914004085772747747355059959525794828534902293228872548890971515135311113360695426025197689565179839571846420870728254688432691463921
4314 1789008251067631928462773681595715101804009102696513941462558514411875629750252788931177831232724352248655239922742051089703994991052482653035969252561046533693
4315 1885261029637587634699699066208081368563562831259895109309785039452244137889167629276710628213712354721261864773078351753036728126171489534020987574827102399212
4316 1986682688177432490656997307757119805417062001982691834770140637265873363799291681040473004914007754078582472010333041853218527271760889424647155572214366236711
4317 2093550279536097452048347687155374937823024851854220471995228759900453228865357609273378149236822712965836702618181638569318188965788264014551197167294037564734
4318 2206155678758715084662404334159928215999468213280218311266936263088226992628312244144610016377916942236506685802819918245953203043007892674242087312911481172906
4319 2324806374579520196075431270302641511506646530894868729457697605488561708718830892160847309247209380701160271764470016161430793935766389193779825606988724018688
4320 2449826303100600575923716196167978057134363629685836656162190111746787495647452214073755574358050918480184366424692844588999503767685231068068510235533651482592
4321 2581556725900750890706752523836484760261091113877896553346545100663622913911106097063640153637165065466745548890917322031138605273324353548007966976650175400926
4322 2720357154937861596281364106274318309663739915026212017531696586464335904616847260595780119312058149073811615834876296264697415928320919935789393915681569738780
4323 2866606326733749116573240032360096703326881657152397861286788523304763146469722772536574680168356428172610099910034344410603895982193696703428347661428914319538
4324 3020703228462481232954326831265642522093736959435156923538497459264522177434145517092039340901628296663752564399609584229461827183919253768661236006953608463256
4325 3183068178702378458591451804947233363579566737331471351561661250194839632839228835516571153155101027174831453172051278659822558662202187444558843635148495317387
4326 3354143965758391379885328898700278658758948575289321178690487659755074239543084630309375340729003026629963398833086692307602885986921161115766585837435482772318
4327 3534397046615817484016806940389852135093732999783602676119733577920774406479030592351589997000431015652424370931997458664130472513459874434752172776967726600668
4328 3724318809748776156219716246370470753360309259073595840523174804448440563651168406993446304692625738549880802056890132605592451288811351396766917273408821495557
4329 3924426905177897394765997268885773106445090346344113917882718867986279545434041021327009231905634230271482718627284976208910342718359649513048994513557891739005
4330 4135266645351803198506136594926436596410701821516786479884171700317527105058946689058526828988449096712705078678186456948326833031570386168341571006454131607960
4331 4357412480616596227882068845552259368861431595258983173969398811526756394402834696623970885186461470239698064988448004149654515857802480067316155191529912171703
4332 4591469553237271743742115113466311214384658852876813174412699749375951260440378872552701105904372978243910327644391830562726167736243809648035085860004613176646
4333 4838075334145224093904826035461731828733149687805362618608377659595098510518923402558233995230140286407734821208156688496993378338760439508425720813081699640634
4334 5097901346807428488396050479488421547599625549582374703092643382145361819056720260936385339190506385908560975221257456811238819821460190753268343820726780562492
4335 5371654982845982563725740389226352068586689965457540583728541666562409195930238244511993111919287651039754244121732527318136468355739084385213868257934398681265
4336 5660081414282167060667795556580472571273036760259394361556013731345238911057174982872245470620156451713250564178286610237382272899632118907890230689654771565172
4337 5963965607537622410576840763666434696566200449411578369541768204497281671741848492031400917312278250784430819263862729563766530595063236478537856263396758250283
4338 6284134444597378735564465976324782944091254066354112757633932263820581204161622787639485492669236381615235697690198359965490339419985293058608176841088021106149
4339 6621458957025998961185046577625026954255319362328543775055050184045040913932379762144432369270709086944145685205210916657277463097558591173191842078262540212918
4340 6976856678829800221773634008696159462588362151099995721732155211404561755150010115542252409222827621932321493116698727388078796374619106196810444142543881912937
4341 7351294124475759202563133800316860721224388526987428899531695272268312704813555197702012057016217409601224000145552781682889430815286050320868677251306947906469
4342 7745789398712187666685950791767384630145105310049993557069111637452184192594836938359937885581782561540259255837669818934823778235014966300791921335458277579527
4343 8161414945188405292402152907770088097637803160906339977962467054973606452315120448402368158001866358042657800021357495742805067298207847057795009987498530004324
4344 8599300441241431128071874256764060625606211655216070854831944327191133224196420055266822843132893634597511557562480152677331287722682632546113348611823201694694
4345 9060635846608101684653780190320221159821068221471694737445573166549623932934528105111431221809827664168086547972921816663050354746378352446296010377698747793092
4346 9546674614232076582876262485846582996022817067233798565092895837211148432679649501984998668302257442915474105279051377745746175978725606824901150274235124771266
4347 10058737071767954794575264090517538416885979053747140595640736596930478811800454855594859076034283530647395841474264075748177056881393462950675773525519567786341
4348 10598213982840404076635575417721516296048435608496932796247001403567466309955618439622285427851354769044461711326557292639718561226772933332195815612159562569995
4349 11166570297595945845539157768310886169123376574516851560615725339102562597025358174533246309179348608304184973874260683440750246468550881060472064414738811769328
4350 11765349102590161659095209411836776576720053418387395258036546895009965893639144734998812743664422947963762356573578164808650611286388986070499860831431165927289
4351 12396175780584900684608701794259669707954696552328390175198080355216821613070283757814470773490813809759146333384731031856911794971709478249403645847318071579028
4352 13060762391390003460123879796840953621706543072929384458354431294534913681889255999486074290352522835797371277640693059667576348771715056269276258125917834791816
4353 13760912285473563539267107537570207910177625945929996461974175849784310007402202007929929364365905965340431977739706624455998035932969780958562589270171703084823
4354 14498524962685441289881453277207720792848109663949299083967569103065903969826883109782768921455308171048046783047337677957208670724105266163484156689506999872066
4355 15275601189092205686659454862629400837105194526777425798598320645910942192577557429892932044100523298905093233342871256309936939929445810132556409920946253629070
4356 16094248385609682497602362151471877133590638789332028675324415937726180030481194985086744678003886772491667130237879040138358523800329634047236180560962768401384
4357 16956686302843639530562245721352474241714514394026734968205153537848510456857507804370000884504626902228341477106736805904182808224530911628219692029249811363045
4358 17865252997311754733882061290792514039481318257898510118538842725230444740439700592501746232570781050819649732660435604041871591135103994833891585514962646812811
4359 18822411125022902152391652280820348736747271679524477564182122474708292253592885161163796200017255168062001493316686816789072209954720940706452521804759340935844
4360 19830754569235105922678314829696992229122040082797379977795488134126680743019926092660904148383783283885367299829397274025350863276768171165617754363166630087698
4361 20893015420103455739521987145057847593577780548878315156395764454601578606693035337650808576444040665196780227122257603101068156085354791551943018381788765600550
4362 22012071324866211171338610242655615613661213761602573535919043067308453288814626458035512069893615899411371932096207971988139230163532791021631569121560025615844
4363 23190953228203754333440664484193012486979922895393097312443805243003630171192780085607520507970512306408837805276232845176985248989815021507504288312263830953383
4364 24432853523443533591038301655193657939264532330200420145389192932535903083388022771562636172695781131123593442423154155350261606343080311277747316887845819850087
4365 25741134636377465391826089560617081489668085221757027790961526674344270140060541267406106324223420601615055877123463304026885708680668833230432806271587878492673
4366 27119338064609295984858256489825300610161148675507614037707939157661577798693093709511196989943899733021609874980452891464870123167036693983989505541699664790905
4367 28571193896561227004498388767466437994572972842510287652815695947831189283657368530824817748539412380721844338341273815721428679898808988256151055854787244924712
4368 30100630835544824003737067444195447672860998440865717964661458622345063897989055745150923502324565742752168835481308147337553866441006342419055760585074392817943
4369 31711786755644337755078301629165562380412233149669959526088873259139316109311805102145808889400114735958833975786535675969003212265948659798410664359463182177959
4370 33409019817574480834646065505865916155817633710293639784587097526211036219523234222688634413143390554232560122533910801528427995271388071373644747842702484813905
4371 35196920174163256820380721471130815213928385865527866115462415003965155950739319775281217911500722338873667960718812299774231651803949771736904442837632872193337
4372 37080322296677521943596807968075089464667542018762575612301336517023519273379069252748464519196243564886307337829952871387084146904065933032797568146975426136187
4373 39064317954858721419942243216761846659221348102549944467546200214453859606924707845687509905440892388201168122060731668239243513725688777935956442775089722782295
4374 41154269885272960669132437100394385000321716651607960551498801325290456235984523928608788756191149175589703770052230234853816165735662618149705889427178128862878
4375 43355826184408028299955361068101263729388181495929680048728139272551143209631674800296215921939209295267604859454923214206455908357596092100822597448387108131589
4376 45674935464874708088649161951765867504359849790303271503790034361429528472280165220950331414344627895240845722840659102659567291497614672519243771802169759649231
4377 48117862815096073110805020692169971130573380810890426441115666748778862050122841437462412745533659964570198101637082566868434116229835696384451993619167884446649
4378 50691206605001562634553506424448542657003094203393467037632860805550704611677455999577300323807377906300594714024710878739974022353989102739864546761391744918577
4379 53401916182488316327246428331370445158452848972676973931945271603358539316729466323616691664983686053014064296018782657677100300420177666142288046623556412927062
4380 56257310507776143449687326179959048562230494684534791785727435405725207957734384689908592003604609607265377813293720238280009198966615323514441512549416029751925
4381 59265097775271249566243665830995231686781303985889246084446536015331141821825429503655538128941345904437485449036466866705933610170358542739721079622540597601557
4382 62433396075173516661623695753337563010598640374431810216807364787373868513116009271446893843680050875661166455245338878632703231822666097246572810920203043969648
4383 65770755149820088762141112447289191395104061756514681458615575756547718780130131693035403107910316748030959340213575957048878054267098587937628710661867714615647
4384 69286179302661145490006699736131219949609430434304044857219899865364262747123226890472624503328853246121831487937791455747136880834219451971788604143655866727724
4385 72989151520820040512345463397171878894873414733262467856843209411217601971455766380845815812575000681320652899203310617456754296149244448134245390307515502542464
4386 76889658875407032974822282561761735164368497316085554249551298487745269770735255754393255732901098507619240430026011433496956443931949906767911179892610560321194
4387 80998219267142772960697481071898452010494425223549485063571182267807088759541641892185990924356210957677551128890500628273734224315950838962826132002040397700775
4388 85325909588412625410880152399437218072913750428965204052087444190940312773005712065692394937393783125133358561536501845834991045950636743294472305004593497093668
4389 89884395376626003090377655882774265910793504440286728784090294623350332258883329364656869504300048211659340371996427945245182888457565289668061939418381681678524
4390 94685962037705334793500809090596199544817988800476670629273374681510822815831688462441663287687343556663635352630886158617273927618064798401758460459778625181586
4391 99743547722688123023798533312241926368580977365871953003108312027597364706575303460122268260459796933177655480587246286317583274098781764276596770596839470594157
4392 105070777944802935192553678332322464263667510657943752290451077761948677663833457125165918854728534198114061242351580552158635601110747486351951114025120892900365
4393 110682002028988652052342902774734635806999169893388938292728853627270164722331098227761806673430707293518916310782809917484707760321281309790615096976145481280653
4394 116592331490676757703339103793790383628248766753683360402092204397785669582630811287463889454796877207222131714525219136255482372853407046272435411279158659364095
4395 122817680445762878102221931848704385160901369240463842355354209618996658999149095315106052923980569442906996875755236228595608260297905430394320865614855266869469
4396 129374808159068483785251888519304431052705892377547284284806729408583697759088039054141064488572950165245275428245376201202972335226311235783240015333174891163560
4397 136281363844251829409105590253657473404424410409949010370681985753625085111847931507175071828753812803403742274702459305949584047329954803637267014113538367633236
4398 143555933834082439156312542537651794078771616824954650647471188895972727057335709066013707471563949363658549114583900247479431700631003227281342012397783035156393
4399 151218091246263016043893465780485572590242074521436616567551450203512544591668058745440998662878885353982297874430563507027456225284882411043972990815070843205882
4400 159288448276581125818474883977608992726809230780209554840095470561362914007007022674900385675354566011624175197729947431540468109051915347405492605978143401603642
4401 167788711258119584637257210972610315253710112625121898495387833749699200174323064210593842797087094356619413396601559892667114130764671379477765146025709694574394
4402 176741738632565745180390553999300033547758047243663344025583454466618553215837996068277498298513631849675080258914212242499843468090629281745407400221463973378936
4403 186171601987356585141817888848838877847924128767288698644786485638467743529698733205545605168490727928899552437689986070152995631368091555758835242723921721476758
4404 196103650320497007267746056040963777738736757166764696142004547535970114086874345572875489920382376936914814778644165531893707995808895547895612728670139994652660
4405 206564577703416703188513096617428985117677397769256513216527539812010434902742508712639344415668484317868341194390633546901832605284531707576144104526249938513117
4406 217582494521205866781086284076611110500592680801860338268534325633799418558850122894552123784183280124937273737176734460125234801038929337841142481400188445693826
4407 229187002479018372846482626298633821760672731451115022284787179163000712817312960897223710977093618906643353627695226357976654257381337486632427990539930540050692
4408 241409273573374920548405590998323571830697092759114637371387546662585937585273262699887450241932481928500545317423005245383074443701418787237999879284673551758511
4409 254282133237566641242323960479385283771468827893032881806112909688853006429700443466278397179278446123027743656495960368251541366917239402568668085945495786689398
4410 267840147881376417380416175825903750396061450283219787609852878865740051786327196249853804924770365743713668557717265922126848525401104325544790688000197343680169
4411 282119717056933018796284043800578154177514868527037670000770354870783203594355537708583973734605019090484844853957758278950541578158470885509403046085437384257465
4412 297159170494718485491360225904145968272679512580058613303617133419712094754675102779004953800777492167881340002019638299732546369237325570115297782801269985360899
4413 312998870266598025049688984798371207421739815333277985261179786740070126172032827306385335816818790211256073230396353919572236976204583809608873026237622759481107
4414 329681318346263971334875895999758369135727684815348889319301543380725536887008282043775042885955820022566937598418602672786786806195994222152540743460544076225744
4415 347251269851720103959011160997780122360112544795527583180514654450852090594911066285591893728636941660741667536825589490258157807913318266355431763590683298550976
4416 365755852269412979556218733459503336149803608261379650630479001391087992771309766382608704676257179763938284813818342518344276464123794624860326395188314133947871
4417 385244690975387243266564395735523149272148043732384839936385101474527324953282991620410900670112525001426055296973308930323398424017490737439156929347677106024755
4418 405770041385437522016185617461692838602732108890010662740651344851813681825570992365240512230375144692801946649120064744153889372361229568145334542300934723853742
4419 427386928083699891914814824715968658071738591883087278017296403957613554624366194705735946030935813786489741537995842438088537968638029718470762317409821399165016
4420 450153291297511236199496973603711611257606734592815183508015039323420808204780926183917066113342044118893493124972792212921371366569552044845805679034465926957350
4421 474130141105718464546384072186182008517536651651069554690558362573152170135582875416964152917920855668460867974627926397816463440452115973988995213469133235248923
4422 499381719787986271736813446582834634960591546929888639790959283056093690953227323610821597997492421772492365076495909034384009624835969054170237092530128577233687
4423 525975672744092341273912858756168592823250564067507734607580721206191042583901267101208386855252820918356022397940140567462189688509623509894648584716522306071355
4424 553983228434760418270439568142197116509120846832806976629289908454703114208672591717869569779143421120996944790500943468158554620537807086851963346915317558386246
4425 583479387819331924757476206081672322477320575532677533964114125579861315682362488530912185049589545189765701366393950444559626632127219497877996441450804988344143
4426 614543123790569947328174452475780330826137800705653706881357704967315794172824056850502086937960872278737612701706145844199601156778853841969626702004158812326986
4427 647257591133198489221956149597039504231129580514951536353417433228028746858900229845756629555392021142109842114987333523561555827545583717577089203266282064068368
4428 681710347560465032873245079033919105077991044637020573464411538140056778928634046478912496496527273804084767498305368112509954500825254010215003080885445229895645
4429 717993586412158304710124329801204409549359952163588787313750704976182111473276206999990649843383772256805906235496370634188495887655557024404837141821871334040849
4430 756204381628180137631804923272730280380890241740206866427115837361261747360705621329052452712546591214518242923614496261130838526972174292772898288692725602841829
4431 796444945644052421229668899847712236753960493633435933157141479811362894154819552532321658578801442914121082182495102298295133814925417596834630892529381968132340
4432 838822900888710511844552732684761946624003664348778044104737049112804271999955191136828215454135511454269834580557808518859546915171733099309455696476123882207580
4433 883451565600692577451162642848423284439449264978457959547025593024702847380597692373713550695471628022546383186101937562725329093139608612093176772657376550495471
4434 930450254716461613072860987667932233227694533407239761576999438318362563407295262204274413315435776289495168123575178157949957128586179964093971892692190170842590
4435 979944596624205760169504868921723212781517348320709578185782334420303447235882920464076702164379086489918480408280261538943099329765800127293936575672264890109857
4436 1032066866618140147012322895735204527434280491821246278342134964104338984035857378053911441458670239502702028090818499216415859669208203793975877678509461282564255
4437 1086956337932205111096138521114953146386164151608804607285578648776608723791423582351826122369281707311498868197565979588415336235210775408381530875818303403429442
4438 1144759651278220128879818338142175831850084863421250082427350563267149832138116246750011244670155839956569644186731300640412384275748332433260016220572470896340203
4439 1205631203862145671762252652024574106938382364765231428892737482588006320486429638540083122079452500251872890612614778011857542289067008598029833871860215190490680
4440 1269733558903236533017631577306778204323201301445730948213139448910779621060691351238691958020736110122108153992757962933554953416182563896378079967160437241298394
4441 1337237876734692912919315304824341425474277631403258046944007693572635455958314383887455072907459517687896230327618242790173618379198676053545572696088323905105054
4442 1408324368621047813298373329062452188069258353867473263289005595349823093792755710342336255657147919314606883338794948603332314450546383387704426708035401553238203
4443 1483182774487141283870276433073942601047078885615354662541926216818323540684934510199165881292780216972388647319021130148769268728546125124215947215745394054823899
4444 1562012865816257653413997669818539572114923288152952805655340136268119843792614754398507304686647812364674124118185956462167455110092717238712320591491178396395330
4445 1645024975041025440548810394399779360003222398693250709906819560907775228588235290810746918837855529909484205654378759862218930601210616404660335111936685113906312
4446 1732440552820150088135327517316510415139133363465027222264172906003972610543106887641421361795190547257674805247637501564505721421415328160203582182404405812553348
4447 1824492754667175127127836498924254703772040995288475707764361467680165771997779753051222063365997464862126961069640861894510336623588523171468042591355792938039027
4448 1921427058474407531602173577130002003811422323970337613471432636861800158565045918170442451410561740955426803473668800749255114586491313726692089464158936396262259
4449 2023501914556129496244888222316999318053773135138010999752815205590858433366354148845181679355435882207940667391838175051217659369688857162171094237633253221684860
4450 2130989429920432780175539598304148107600174083199685627267103152636463673389167915477349573123290874853418950694339307271889464180314010847056095682164819409578589
4451 2244176088568703748905274942531470168609258684837361440915711340144696706149259652902330133993487586884083842762589081056196311861469469454039422012074201245757984
4452 2363363509716159210431418793935859929153563522234056075251399912354905608711410176685598922629353465581955030648168270909325527728321215022961241833177350551823018
4453 2488869245926167313284348923253650086048065069066523850677894862703249874611498876160524524831561007254988050454600340855901620365797479940491808556869069472720496
4454 2621027623255601250791047438829619645569676287620084801004017230486294192699553074670536524534556287855130829392828652566502234165515377322535809982604252599241151
4455 2760190625618480393704466836001761370215599094174812658950126982546275855598211636453236981677874806870049455306079434438713300936158966653250718603510779237265861
4456 2906728825690899227525473165294894802984695600941496638780670309895360281326743953049470532739322667350518982701741581828654623534428261392941884793759047722958137
4457 3061032364802069796656707718953757675534938754342633895377265369894031034387700151860195834307332849496219670488966477643362168791301965034830099026846965858637678
4458 3223511984384481532100115492541875275986026168734715621684671655593968455308569411841422983532349370471547133033188427358787999780666591875272266511031691103553982
4459 3394600111691096848777502190026614367037900854034832208164040495308067874392265322722699890462457271819286003044218901718419588169305104321821486321617746373704445
4460 3574752002629445937676790729653403982589305179486806278158764716082998232662113716096631454712452298158635552354014912318864815986972844322264967048085291374135399
4461 3764446944711885955295737021335125289948982923637719860519986999007774787352201399234311861664958259054898051586753291903949530996228225338308429094906630057265313
4462 3964189523278481395769037501070797651636756601473932181860876627811046034818992171789688027352037667285837840777038201967261641783519892702854833405690080717788924
4463 4174510954314405912632068277585930411444387782685521343983800888292262561603729252972474760359568850563846251182019628592944300309597106465938518206158010562609817
4464 4395970487357832949178294012768398032077351999211856653333814214419031600841630418372336669395883734612623045308699238806639589074917987900446402000724218842797196
4465 4629156882177490044225585131105413251226167160100288551616609928294750113010626500233863787609373116099198364109342934810190245897122099543706720450120394253632630
4466 4874689963091805376657090754549192360520789420503209489608771076183036098718553578503480044490352023668624150851629542519380823244649486669823737600285047156710383
4467 5133222255004444492991773894104652297140593599380146020568633661655102363433350289845352136882784595603711659205717130082471956173972664492021482241347814106875950
4468 5405440705444479344733088421602360055618301780569389406833694781662140636093740496903806017504729461034382090343225593749307447978553873938389286421475443212344191
4469 5692068497124074433430766436578439135293315727362877597144232156591902035380697100875620411683863221277732524177570468490150909549123515683103995914893139793885979
4470 5993866955762918938647386829986187258012182442850692002031074871007230095142493654242800959730714207565615110921235136170029453292099613443155724034640485758457464
4471 6311637558177383587491056154544929904037660692320538612295689508725864385091222715519044429483336019118673851537765709155600779002113878794207977131198855343024011
4472 6646224045894083395194289801967072283701381380638964100491688033777766910654893130701074884161696210735553282029317844009146629265537249272061456662502510390093217
4473 6998514649822957675018165082088599609290459577392009038403443808975554984410243945475161138356274235391229504477742005804250533798178946668243593719518690760685309
4474 7369444431814758440890405262427754064082646379331669367249441034808585143548398948588593188234633600650731186936836521639160060299894591358546392408365883483272586
4475 7759997749232810794367209161685241805460711210747703685962166270994699320638822767430702474207697417631606910390431878002610012536428370886540666542542303798156558
4476 8171210848989762601307454625932819018239670121276925665960963629047140206351687023953181377567499013917497569497302438560347751894696541134785347993103563119711797
4477 8604174597837722339382460521188613704830793164048295501964627080978192761146666708967463433249032290528564717177440060330335009897553743380747257713867274100275863
4478 9060037356055443548520012283413182274440762267001167098917945307179328762371227988541040982199023688356236920296897740143403742959988927195541680329905078087225681
4479 9540008002050095734178088706040500897630790840221034558377647857688839090233944924238020981791035337692792983142365934217475789863687326006844758284371891196529919
4480 10045359115784513298066988763011180930568152321380211597841069983400150581605181463231288219458896661539140646226615969004271395934782155233247071890011012760691162
4481 10577430329354775952951628291753081274477517397594134836200363156780704925444748150104601572434903210704667335167029795810540324771461117161053364144562207699943556
4482 11137631853478482938052467387877007433590687649381996412123114526033262083007824167496882818722534313475292001073733746926640401774866406277949915435351099846079002
4483 11727448189112417450115623980762032330770808256388730801968047284844555054515611382966744015257011411118687619859104869879279472931180731646526548654358889100754308
4484 12348442033900482494525099269172422976483357109440513116976740666600708281297871272832592066016090179987077895737941954523355070017350884910516492400427132668782731
4485 13002258393660229554054608262493762201640140629475959270828265898712182814156167514660757915161396558665132310593040110264554291392981203505990570431616375334216264
4486 13690628909650158485403727733924826692591487534473294142836061900967383341715900524850159158424087695297777663605193554506065929739616641152731923048179394035449536
4487 14415376412921775654748103244326135774407640670563039960530401974518658834356801888904336060374902545626970345395433649099139344619793017510071596729153488944512533
4488 15178419717651437641507045390964176252568725581764704131748799407351313916715396072684042596961373565332527910946269327526028871571250911386741761928706731556818345
4489 15981778665969002728803676211563120567431660459191828415522479547106418856839746384351357146437997134644770862858821552011281411093629564120427136458070382821324809
4490 16827579437454662742481088229460438556107252430934735997507704490781158098760189608355812757250047161280167943284151394483923232311568475421507465655570109902399017
4491 17718060137163926391989942341475814311131002900122023441261220694352088555561463682900571559276919576383039834085252752792810795433432190819272761517146307558320002
4492 18655576676765157770087534529045302294074358216708940096768963469390413259867056188699658393909826298240258024139927322325732467102425361737984799925666684400183824
4493 19642608964136409390159935562738943005758831234511198179929525216618800228581297648531676252982417849383345430508304834680520815189016428795482610456045069343422696
4494 20681767417570277015692987986985644760781891503367780211769309449084968286533820740944484882687254080056989039658634856553420999649822971899409528607539658458058472
4495 21775799821579459317089251445866573384789780592487748407253138469928761730356337754421049652218435994621351550189396525819414357656712145243160385696071216484074591
4496 22927598542183552778278881285591198438702525305165120827666294821315261373285237693512644047197348129293868951429689429022518155923087322675085635250395287614431631
4497 24140208120491890361891244129910226639856618917803071000982159319274405318358213487860414908377310477923125300624212747396916479163826221666575144499489672724026665
4498 25416833264380114851375213185838618000885114935836779758753896175276030604431629626828430592417676370162829264142671244697728335815489805528124579821457015923442136
4499 26760847259092447358946684708938282617598251049263557792762404125142459906626866180157713072138748371620450518583128239464202510264662854706051977865282369435011192
4500 28175800818689658116128303758145990633409707520897728845449059412892206787511615883065289864242577676975497225308640615317704411006051793337031315735388114602155782
4501 29665431401407689824867195094738329526905208338630209481137413371165668798410542869639874264422008583932336624627044075048421272971057583924242638965744401306630646
4502 31233673013196351546274925717459062115230684179940251821575289019380994304863644572048100455896530010840641108892603794245466739739184277787079384659807161815906225
4503 32884666524974908839130275691575305012047247128698715690574246826200276560702418212811795383995863703357626123525297339771054993224704035873900781225853463883607685
4504 34622770530474719196039626628538083097182645934953103456674249155840682165042943806115352686279694199609676260346129163606349521790816271645092610080438039062230939
4505 36452572772942037923168779550591954779102194261797497049619855261060440527588482080675914955819007187862212601893696995155077028214985303313364256874274423321062041
4506 38378902170450026206827697869494976871301385853933478959657182756830889326193332775688093514071354927399355633484008111369934751260447955968070351631826322297868789
4507 40406841471122010334315677521998131438891662103041334982493811442200304554897266156578475691144670063405227559237542472214350509767074694603677355377830991438707372
4508 42541740571201781737517835494120953074563148465382959297467927402337688906048594051271862019167937730117822341328243062659666295928693278298873520194798476333377085
4509 44789230530625769996486131721656882607378843762583205453241436392388980639355911791658476306181582287017293987681104824706860790432827304134246248374875475483991011
4510 47155238322560339221782756170661013376143817049526620270226669178831098862123223159230451373001095588671478895484244207712549782185284900664102265255709132430840707
4511 49646002355270278213080832880169200822089278611354671209181942615965550229759176526683187477026028380747149436927508797434960226459094708125971789817408043596419934
4512 52268088806686255992445470099200311036858342865503987537955082950784130530448712792422240997469662090146827614953377712378691782425925303380403778335939154711269692
4513 55028408814145214935611246870722118564752545542500043308461639533249727947787204312196459872413032505018864270676927748563848501231147018598443900594820676807542134
4514 57934236563993323958635525883249324126592665023819581465247106142489654462676027504294588552572772332912251978784829311129817039314376236153595868436289110458156463
4515 60993228328072349526453987744150153256476418102562944955265092844190715455432939978533195998479149637897511682719841124524493616200220905912691989986071959064358809
4516 64213442496562715674596714707352060856202119332973868890310031432575802207277118074707601361681948811729974459437852630475768069638560927563525360383913676124510297
4517 67603360659236848568661157210258973901452227321655877500686348696946867803460870910270377016010669627824006354928347226325407950074001064597940056397980025301575664
4518 71171909789890782117246274154303815754615561028803231874655014142277078248342762506736806538864442482434934798054920942407852707116061706471430622503617775444256873
4519 74928485591577966780064615592424106111299478541125858036149007291763972365992664606963418257973510055486029689870977587101342568344770737560530810896813581777854877
4520 78882977063273564580944076560185194328964241775705080926875885768727395317823888322899299955443917968758878602232048627954842046003997452530282366267044916011892191
4521 83045792351758456974061870871564130141743021616230451085890040773958533347651800756330631012490993693417926287786881543326849088061419481665369172145174864330607870
4522 87427885955837396105395440131268804959092701796667834360793335006249903609046369815175691177554487674592230768987002311725062192808442198702502614899734428756218979
4523 92040787353504225292984757418628041390641718958187183842458735273017458214076205193775233710666484267184276287835272663437772165649109890361572867170304632979033273
4524 96896631126347306730484481566884322151528428046895464809170539166287106739733033174034140798963917479151091575474216904207298254601860556133798994439729579197059422
4525 102008188659360302519886915071872408355436111873774995009932323564079979261615880576890641253819037774742130871882675592475191570146032995340464526194037503774222749
4526 107388901498396586381030661393104015020538162899066017671364877288175764698384786106060022331882402658863414143775742388848872560831080766266429163450214300460548653
4527 113052916451790821051870749288755020826845358758966943381722874533206417012053338143686442480740090369649567481189756321018472588947279494922823766819683929971223223
4528 119015122527179129776471824417686338691653444005277001258441106032750188833765989203283000083529288495185166908010701112982644678676610238039017103875531190735413675
4529 125291189799291918621669363920907960596487178926410960759504452578953247542173156959766819892395425207238782179684376161931379593732495401840335631427958714654932866
4530 131897610309482308185630469959711656141221403465977286216919244798070166906833330107124977192819179619692418801824699823615817439012038632970240651759155960676978507
4531 138851741103001817343531881399968139438015999803032419068155797283979979573903544157414569708167699756522245758609686555605323191679472074324874098815354655613197429
4532 146171849515556194428846533764440668812833067986711765029015710623450961991624824219428510476415680679215032777593887366836849261436610819066204499521741484266399093
4533 153877160826482845893144304408603991751985934008030047130079036100813340750494380660131670336710238195693318143053292653771857491317489752226713318043838443311462049
4534 161987908402001575259905479338854469886348811615922129004868801609616854523480207256176361364200311638737208563416812354426184908417297673890290567519210066782890955
4535 170525386458418502914980234546451065088547634243043384277833709324672598948002312045488235798066792255676947076047589369275814278309982027957061889989432027563431016
4536 179512005581924935010705203141352204944054519583331914628836589147600745510376687215825933131985714474269766912693509597607480293212497556950238654569514610758751186
4537 188971351148746635589283674923781322761879573837469681794412307184385364287763113798560619286418975569467720000773185357391413540093567315508437650005604802947311185
4538 198928244796881993774988914992649512780797246777198242153874307181705147689483488802229661581813846187111983173035737227192029684749086770773127299825249031472794878
4539 209408809108539661855270803884093075170785015058021765809550123094653158144465521737703030667086971706713730938896023117573426115787614950834283951769289005319446390
4540 220440535670667118978798803190743755539797704948991619398800351281190354292904915216012677950002915780943576860236155680651059675964893400963110331348413899341468090
4541 232052356689672966732282853144443626075910309054274087512321043269445592092711643656168812255549807258374752888976469511843286382994524907155724592404232712844701799
4542 244274720345609281240873081981142784205172705167721181019643387826415797550167871091949432007410306712616728515337805178926675769800166462447026417079714334090179113
4543 257139670080720191308403914526677562609248194477851075396561807358457836276278189452634719417099519982791853056472087436141567596915247715560519867154465554638032407
4544 270680928027403108389107090639928206163843628347674042422675135234424978015826052735518623029702136292033739668546161520305108793441210074842051110200248785021309288
4545 284933982791296025713640876744336405215409314080521049419739787132432015138805272193039356205890843074601754779820871510645224344882991388941164528182199731651038143
4546 299936181816425121861711949469389091338596720269353094600055376721941101658118530580584760114057255375855098313425692795716610382608223006897027512472055107096911816
4547 315726828571150503910849455730188982039507385027781868613443575494828604316149840508603563288859093213902905967076092812674595067309193863029960085702987945578049174
4548 332347284806064086664810072835069882840641420175159138405412935106180073927158084699893054457285762582807646463371364618681605066757623973167206208074312402969601634
4549 349841078148054598598682375677763263830225010304601600602689203073088570368822054706031919112117039132106486783381218294229169042573835794780713286561614944909479787
4550 368254015308493565981200184706848784244783310057999660250166335880268377967926876393722573069789335483394658975448432240915806339032148163143152213352959719076436372
4551 387634301197948038122475553613981979614839603213562506880506554731112372262990174596715457050621525901067861061490861965778092430968678273451884660234010815667141001
4552 408032664255027903352380015216844817394107124805078765164635075260932292568491420231903871867488555947354744552814779424579322427013274170656303821101006837355728607
4553 429502488312966610780370947428661720585698719886044601643046126077434981074974418240449749374925867377790389547951050206815648635075824939869008262770799800232193470
4554 452099951344354795131477530753165062144451544396898799578505552267463129602698087180876379666012312752596367880038812004514578253682096918535776846882287519647274189
4555 475884171442139766403943863356043455631420964600035772287051616785749205550789622636694374194484264638690033338865661391081428368544145127613483718190004094716703581
4556 500917360413615442531882708944845428953346619502734216135780884588103976201154846075724434618957369535993118865590826393302220588994880787307132989768356981250900755
4557 527264985383703996511460405744408543939805355234782558942287407421317166375160158124831072487816041904301419374320260483163440374809119160969190251882494906485628002
4558 554995938824423172637010725289148637502150926064851825993785969456043443844635386747533847443335824235774379092457751317492110007208480531226750549013016336231450647
4559 584182717449093663454397965769608243167329935913394781128623895246401927067803970977870861201664573941338427032937748943907443721562473458532745817720481400343512866
4560 614901610432624823652542972731799033344744746554183043240728921155588040089812891106510458479127953986245245327944694752074573324498947912703196987084489785304607513
4561 647232897443182432214997398400176101513002534807385485700253433725973758225990254513430764162090157291724474137393681911636939782058647990793343389323806853991250826
4562 681261056995750572232680310813294875770941165376624279840307037581091872605591287028009976248133303875521371417015533094985179106112188376053552093491700933719661028
4563 717074985664614362299683539555363194637870256559740282825015302344007312876489757758427357883276128040815147900447709782406080765143295826509605800735316311082306086
4564 754768228719680692377823500548314249240804228800421742013171956755514321399028496722186903381226606372221550938347315777723540759085139947240869458933170469566940392
4565 794439222780889230555385600481700028073241101703299210231285246046252338704390540270312187755328649052129695638495416238852307130368044952997184969254979585522012013
4566 836191551115822569544491672671084061403490577395087665985269335291421253281564978013799260897530551081931725401066164661023467767177266594115587324257401700644279102
4567 880134212238079484363826118922119258603896414825689616048042678532005284012672799384666528270218285518665266110479677573276535288482681298006456355211789867599364002
4568 926381902498113502968915922824686944532975466598341856734773969330788132966356376598298310968558923783069258470782084437677479156884216740518266368415982093738743532
4569 975055313394144703259486267740206983690802553011894318812684572492329041659586426155104573647094033130822173477017171347040550843621927287818307014220112946551886146
4570 1026281444368520778146820586872429842137543898854648463606744795603800818266354656554927891344027621143979008354735962039917906912378629756626139610520982412720072892
4571 1080193931894626574918308005188762445992318756183530583157945915232492156793050101086133433106693169756370838609176269775300467079952235642015956962355640960618710041
4572 1136933395701223963130396290308652735359263225856925426172905355216121319454166660967565471158969481314329677789204670420519768202089013861426179798106542508954321561
4573 1196647803025049488459375031472581962966937603642771919113921082892377292098183955147679311380830803462438580260840203169586498334409578440552538983646950104877834146
4574 1259492851828721189762477211819035601929551737114662079609976638938527826263367094057006883047785616014263648611432499694974557218605143987142191048699349176220669288
4575 1325632373969621150408315989684489681346538911114591600021837189227112736497785504178732504176483349783159408712672636713166855675580244704193881671032247074000442451
4576 1395238759356556675605006438291283096131393460546664657395276168966568695196058796210195138751612065833875029703427903390616735724831267760822745888942523354634744520
4577 1468493402184784039929183319363134409607781202618590439743226354567043951596664174535913864125270058930237708574605840532316818865676005590791908328305804391731533316
4578 1545587170396547476508158512672813003005479753683200819905754911779280857141956898357208075458706951098184807912814348390541793964795661242431098502111998874395567043
4579 1626720899573780890001982796575080683475230815000201689106872155041929632418920753729116557355015670426767310904553660133590478874420749987911322886950015328462867318
4580 1712105912532198043598768521929563891812041950771524228435517018752775074671056948653429829634399920885534167974186827593764793193123425964312955389933263300823665016
4581 1801964565951810244244913237091235319480522144312368092340891326631207067279157344088883066487000453422452336485205526002674558354621903859594007522083970498167177690
4582 1896530825448135619325551097877783790536017297445595581361263587085058018103173479004740429631188366880466724494654324401184343000247953508574537866816311634954921764
4583 1996050870561166739931328815765610711839600553683602723426893817715337804090897415552022435819418203553790585320187946541807051041219191966805576982793477751659983656
4584 2100783731215738596969498912621307856763872007101804191166857274748015910001582057000236530763865619430070109581810861336615808029063766145037499881354154074568060924
4585 2211001957287471964185292752666401322765813513486124441416099894081737341853952668892198940475962883823209567918344193087084056501289539529841616110597233364984157044
4586 2326992322993172876023138788919106834512686472080089746392433386679238856452149224985553387565416196565305607285239327099177798125760712162921896351370952382372433829
4587 2449056567913650060630622533821491858707157963650208513135684732572786158755312369480672697345768613081117280605040141644886928573024673099681813682933425181171739458
4588 2577512176550610037378391203644771311361816923391190136898185515358710669382121351619568237619307321130116516006669417339269112509169298185317798007921348295624039296
4589 2712693198417826143009864064333844303001752740316762570228258817248386059956602038277781020498139963913041134001166624818342680772055334292455762016836365097270571492
4590 2854951110770418580925718417306784752633614722584229135791011185749088895307278622335647158303282166743477705781059841381986479600312047651738724047590758169800179313
4591 3004655726185076437327889182016591432061533258651867424317691710781160259479217400319848375853651625525612845517666576290559801291776919797272411098005228467172186956
4592 3162196147318691603106150555535180060332442207310855661714133379509389506481709048812636831558109612036393963279627088050073198390234001340732931539783868828591303766
4593 3327981771293431042708304376621571636649140017251034369245601404390887137968299239657180699475902313551481200872159452669137186450695739185013316263151287103982263534
4594 3502443346283076207395474529153962689765346025520465899525079712147279069318642861928114745736566573665947776468997094874930544368633161311261584564783912565122308381
4595 3686034083008803967937345470486681816985578868621584482431717263919963316916996501410910697876120635102273380409876649714114474613468159394307711647246933462789259117
4596 3879230823992834650662496587681512770740287715409441566483627409253380471057247127974769352673216298047515390338429704138826161486412376257766875928105517366608070178
4597 4082535273565862165686127972933258884272240102353691729859291030175822870658986211052668072065098863273115883804308807184096303892768507784866296793034838546678045351
4598 4296475291779307112288547005825540005878764582627443418281468286625768007804773578847236471548482860593578538120074340532886107810779170470255823041495779631534348845
4599 4521606255536561458019147117814794436979600028331767445758806906007508538087093649125682616008237643147407573795598121920309476417130464302325678672083142004642670491
4600 4758512490428969208002048286209293168624875860245084354896837483525773124582813306762660885460532467342852616103851289258979527212427101401114258518369598242211773407
4601 5007808776942711143789857905452901590056402088848113554343268179511111778899860133747396143836600322694053710222846236024823893817313750198694865851683525727510929276
4602 5270141934892525070211072371166858856100009871430580623592576689865477700427828275867249910651947272596377116660518178470508368778782980155462703342827266192631076923
4603 5546192490137743501129707315736705282160414777078745856527127296036892474425347653790471658822840127152481936463452756350395811188700415929414121898051892902615161558
4604 5836676427846009319933776115437846655058307258392064377553010755535730670249843492325032973579575519734432900262068752470403732617663720422494600791738430316203474772
4605 6142347036790726963171882522164292491027405138379510453606326656574211983517191036801416526237961025804910844958167245812393847028451559384980120459173685759407587109
4606 6463996849400429381659282604526655218524786381108216252274484462763817819626266370135752947081070180320561581635467785554029539223360804693879624424879940537653778985
4607 6802459682522325045023616587901556644884191474420218967861415345982572388183000537700860412922708166190455510342344778371902592987999445327636989918170244457439007108
4608 7158612784119004220343118377730185243272309228646899069168087698938895007617837254935764395834426805978129724211559422345733756964135714165971908201755389253289934826
4609 7533379091387229769809094446226714770656543625284777560767547339665674867890607704966195373179132291872772720356444290621097886383308129483053159853178596120090247563
4610 7927729606071649346840726964947880298407938287491517250778914096446717210501438754791533309268248881832652414399871541990563252380440259969563168925879676217520222583
4611 8342685893044803117317717628491280044810162317091798734231296424497728164718603881158426824378047059325812543378110208240332776043619301650708588919698549292027329915
4612 8779322708538787079717132274419745566067753320281373454005207545494258782504972806538653434610681187743333570361192156887617749111385957905590533363433126502632108601
4613 9238770764744087540684037452831820108408214175605108444326359146398469528191028147979109686906393259022792701437362590590076056556299185637399828203577227160627507053
4614 9722219637838335713714447962720952180234715104962812768100752723758907228313543214786556207953422604591679142455940129429198978850227775187164752326309784528103969824
4615 10230920826872849257455424374193348475682365040211353105551099284324987353077978025535631441605121867864024621548429694003430727227267208182088665506773615612216048771
4616 10766190971328827569715563287072749769499991761049360462610918398917427869948147942303256048341228215798910067393275476981853401748696797739949394480573109734083002016
4617 11329415235558836116098572360985385789011726859356008986816083654066258202344421923061832207675519467579855807083495746954202767317714392330253681772669370564495369848
4618 11922050868753869006921609945439448498261174820149548977520714693717318797510348657795621380095064121624483461163051181101218038557381105127720036663192136394526842875
4619 12545630949522787906155162908448736896687148301818238919670666963250438647469946488240892205097271399903026149936295686938580254553044214872185816701156434915024999616
4620 13201768324640530732094619457969244119801989037372095195743347106892833346181500449126700539264886317102402976116135481365028112369647631701526975191747109038629955827
4621 13892159752015251095511262466735753220455126632961384907898920168372509881026247846674834199116047317377007208143195051751721010793869944350252839874775478963530327178
4622 14618590258443840128314751952494290992751359039878910128203783161004995951654295339262651117136606782679372394794240607360156695297851273214880478471841336842295179498
4623 15382937723271290584906828812166447238653277980005676626270136581477509853389706948613486991755412480498778126533544134291038405029088475966263461467485954702228827064
4624 16187177699643601971191580939754756196784114957682416170976393174677273341305718217875013259479548112093454448987260150430897087413556394191231664233093147047351086578
4625 17033388485647698803740052937308473582359087670238178106535228801507598758697857845611762919461624656388240477715305812076392271669282668082772433651530298025147322488
4626 17923756458266812201149164304789400607786538992622184473999239119489001577534081435594069943617153515138148306460066113693344428908706798889709123753616907942984956523
4627 18860581683747417520552002180468205459904091277008492643968762344200297678812283586268553496810507930321569320713947407545810264282267265198266050453905415111168852667
4628 19846283818675959151053050721459751227724215006108573632102645157435999030020869055157530172332939687420312101358679484748626183694135259715380128661894392547671219370
4629 20883408316801835743051480656369214623045840427636875668695365720318066212963898942427729963713851875933029677667788161671887379591562678638060589717450379343821377525
4630 21974632957419512109996887996136285092481845955589878686612219958317993321254911149907206971764611306017241323551696131856330993205104232095444610423452760206693393809
4631 23122774711938926865284653940076401176405313715878838046144052304214462973288301137119017806684295063812665480552173771128434169475382526440445435698202855455886148040
4632 24330796966131835703249410999129983165897979544774392922342519577868806740759115642189103298911326511360922056668231767123389216118755438238131550806516921557816962301
4633 25601817116444337289962163443295088082756125221701398592782668289852406178698379432014038612641201823019879315651882852685713330403904090746064335849660061445089406222
4634 26939114559715049234460625944100775264657233096015545984447406560760048990947539288983196293763338502850698964753586923869456091432224336511570570164281010429828717218
4635 28346139096636402460156085035993079150756726889428510529857310217617157954671550708928514460356752042124847369559079207633217201901059076163778091930562263917240933377
4636 29826519770346074194622755059313897265207714995916050444372760633604703780565220928709710831360173562291052268741586340704720925821004690870997987415215418299386458513
4637 31384074162639050559194270956113832465486103130306307554576409525788120988405217770797210163482225510821657039918459890840812601912926751547464629088151843518320173107
4638 33022818171451256478345420803583155626330807162897813131009585879883961838206585145113508157400077413920735722912026778933073179331966196239197620143852426303013374451
4639 34746976294485764725865425452937112607595953431300966562688075385470163426443919305622605760123397329315515370710755106233542701998125108613369874841800566718314287134
4640 36560992445135646967606912198595439732704024412355920782764699368269937962014185895328556567883843984444490952696842536367993703957099075292181102067202800090613867335
4641 38469541328206481750172811718965549181798013429207794050360528655492471292298390135316629138765277238517159432217276460056861092601087105458660824719813595298280315456
4642 40477540404360128087407287100457206491320804629626623051990221706852585559251446860223663525321543024423897318275351168007576250353296624285978120486342648117771806233
4643 42590162473692806471942735943106710038910583019959506751681353929538257634066224510187199681576726014937086946482243121732377246789929018995911967507932829762796142122
4644 44812848910428931582552725516212837268602973838527627453480556364762323560609145192146768825769199689276511598392479808430186874605751377098704360127823445859142205010
4645 47151323582361087336498584883027205045475896930563191608201792496389247022658932456685150268529293200694849286283524317212308675695088539172677896582820015882846199472
4646 49611607490400553550158002383916424329990200244954758701847009619675881162388557918452196000730844597956845396567089809437049385978300874780980069254239775904251753227
4647 52200034165425826630139500908959887720900167128969356081801233061723286272612814386088202846091364221226400581168227971630613822661291209346256468382749806396646973528
4648 54923265861533680039498748119712651207444190316526067012673276324108965261097200415699800585519378397602127487259063136881556908412868498728421074479055568242981093458
4649 57788310586812795617813360506205872591056940427111743358887570119953613234941579891626598703987225012753713200028493929312513352540827893451025370317977587538119118059
4650 60802540014879442879845309478291240707588766046957038766950415919849619975011408697965769555662251344821607228745323549897175520171470695644027511166227609499675265736
4651 63973708322642914249871356719579837546771222949915467520911316569098909809171061964013528702704176146575025821422897035472898701972751048791695515420976351348661771756
4652 67309972002111553854115384788305309358398850382010340448029064336843713649915036636612310592042703472240406245981051068586005608940063046627207925080166266153595223384
4653 70819910696513566383587958123165900500818271017656137418874388064632649679180813419415354373445956524890265717333489876838678388532811893684054463187151358375070187633
4654 74512549113597184406169857763591036935124075128124575279758012802976308621439347847257605541697886016876832358924129314661170789187703734797908532714100282344497990046
4655 78397380071698034969463926962515844144739395781848727656830529320094925803312442978088292472230121987823200725347393651114253331368463418775322706185250150583470090452
4656 82484388737025186028335996196999897508041025742052908405005267542976841784271365868470768827163555442758913711078270659291368274336246972076435816917538185679554083671
4657 86784078113627931049758054624924827023732497458893946891338357589334545805204966661061726537827674034674225778407433247562878317615657258796982847775711372629760627710
4658 91307495850671065086843177134021385215648314835416546122822414326998089609096739412613048691921885049610068928627954988599917947705505057845202409441965377937083582669
4659 96066262434974470064268519865733423953555611713537187267444388209289911883380907685677287028903761218648829734117762942500174828306746482342145170143467037960292342642
4660 101072600840272433039737070875912603484821588069916362679516410974237813294340572045627681206066200626144064285334611063981815093468268626771981062943264401407095720484
4661 106339367708327128453780457503618941697973267974836817735483588338713606970506069420700939740290427014789380431214698891093698365390260798021744635152979817682183186202
4662 111880086140899265719666670061625102630823422546040102805130460978435148731880106294118947549025203934564281644433312454110888741299600192637313994741805536490790228689
4663 117708980185645852319583223185207116716334619529199172278608339139924466921998604324573951640730673468946699409700539547762939363398059012709591904298111920525220804882
4664 123841011103291424776963943500849328911577392869238246821476978800096670282004305266234228304216346302721699370053021631366527778915226142405306948404570516460144556589
4665 130291915507914723774408958832532456900408722237449164337128677506403970307814762951076939948995132587724212790978392572825447650380608279837107611027187884422896961273
4666 137078245476919990784986606848657504287941974522693356447902819814177004147579562458170287801046088621071647022507642194730931870979305210506586822305267824954876171411
4667 144217410732231508421614480835994420709018675368466451004219149005174960494385643998134335188076250262039472812632493030650783158716063823192384663181082257181809644762
4668 151727722999475332813816239398957844417511738055333512387965306736794296005466224937818635403648652135700164662159707294121928843440283705769664656671152028659476605062
4669 159628442657405340055213854976109421501976531534461900550376625245399128919998755737278791883263586978817460485736235693369241692506883637318340950962274027883837235779
4670 167939827795606604894096236997559639650921508005891084301488625290866760400375975618707380605587327691757417675531627144939018646552916381887689422187592762198492880708
4671 176683185804580991780884714286217315303878046907374384649705617590819219387706834442965423501718687541774646070573099514845145110811716074316892269866197744061679717739
4672 185880927628704288693051581188587794466648395911370738453782565235350602226368175985141895417307808143677599586465952751484452888379119492482123772486036431951552394680
4673 195556624819255679345122836555941300137804425513978365054544049526808904337000355565665860582772862795567310360493390512495763249918010964644757649301123696703099826683
4674 205735069531777188167658230283520158059580953710851332241443164002690831955328878670077609201053098394302862010958287545855266507403951884097081435235979979298622146549
4675 216442337619439147552454703274934260495020753239118458266564635047337507928792057403877383056909671620776196349342825196745267261990327196884437053378143939652721852588
4676 227705854981887721096220095140166008392903354912573858349947170279424386995125447551514711890550559398572462084026102105400801132749328054136356128423726772642308358890
4677 239554467337250025344759870790061153829314986287019775029481462116870262906964259701744490125414565866256605048236831181164662419856855320540053117761135922124101312367
4678 252018513593593745776684610791624572454012477202381413029716811564891887086006284436154300613970216151660461046195516664415056986403933650641624157971418876922971661152
4679 265129903005200911427555369633144450008724204210106359773896002794732657649850989021267968522988759304722129661161888797235277879379601737004381695720312312001361208404
4680 278922196308544342964200451958820609135297465713982354649330244106409821627024742738129734584203125401478521152855043015665008689066332534332696056477574780654387585300
4681 293430691042872168449147830687043047721073116577303160204207341619930035232911213212094400551319273192133891808543499425071502046103829701623809094413402570172982306415
4682 308692511270837576908793799865022843810699008181271129059020097291872250837004361722130269163750649797067657508712958605141644707569645895181605349088001602504727651023
4683 324746701925681984556297741872094363092122105704500233235211726402892793765907454540648737940419984021436147567050049288283215528825106690161107012367385114179319878831
4684 341634328023120013971003877365010695344898670896153260879859543017416752963218565086837897221548337110354018368135210604289655166570297650654728102541379520839750445389
4685 359398578988310653999800248356738722768494917771593518254054954681724167716691011488286745373673540726282061363027664032591858312388703637626241663951739381107570584053
4686 378084878361163784647543616321483926321208273423055219182401097101728144404006258653723677006816080038126455003431578531052123743043581102183441166298490921284154436478
4687 397740999156754721051721020714687925796699869466996749684654060839415778199721609613816661811476427655427798104871328715491456445375920949987167174499367401269385773243
4688 418417185171837568465656582251421679373502317709663544590847343926983076758195641091563339913964472845790128399009946854046483821401678910539003849405964675760969585627
4689 440166278543394028280461379604120893080941866167900271579101595708958532783484482732896652781678486607486388447429151974013469257611898237789459465773970663637003523991
4690 463043853880868069484909046802267201250688966484116142123110168257210852600446907633039738944679368002488249753850808666745627802542552947870255845207978272127978919556
4691 487108359310254565727254352543073325144662820999272150385520848913499301051446890226841566902472597717720427554201513441286107391390133418324612448712400285203682658616
4692 512421264785576060527613795299858434783264207056630957021137971074046848443602947834098246532943167261718365526184319994679246231036297626640594526357799193231029542824
4693 539047218041536617475666843180538671573951969934102013065583407393680622309673948146902445441308862758337263675949914752186877082773607601011718752527803262040013058111
4694 567054208580333602168594230453089239480085391018358828606117159690168571211439670097348541362505238768979644345523098087381911255639543754415809873869976699339134819766
4695 596513740105782053049538187741546331047541457506783698554667267384029423699581373875443264540218663865608932856953163841681726796970754249154702694794421251049283423762
4696 627501011839115934228803533314071902281975031477828382786352443039817739549097726547314381945181879047774279875629888409835126040053739785696603937791760847357472489474
4697 660095109173124916421664075615520591349548415116519250857306320932965878112583076569285511960773069076583026130773804310233977366790192685575005137303998062200198380593
4698 694379204144723931039341685839625655173084796323433774909847975443055106031337568432339549146257979569954459794610834866300072767176624799321045720346349938088188425107
4699 730440766230690459929702211609889848753126343063517671656238703535116310054534391383684255034901241859368755905415291199551622856829267977873021990744006866794040804588
4700 768371783997206124982936914203342094970583021159822626141098255934947551076685614945853368012693679358028837411277621440569053616772706282291737828579472182079329588330
4701 808268998161065467779921543844179513918646429407748999749770024031471479876339952248291996649283974427667334947441641282052501823558358195648751243067339994865836425442
4702 850234146649038138131543755449952162932721384169014386186886214217402095448506784639792822448968978717758009623107559109311088782234408754370473734367191302051344334549
4703 894374222271957360920087195857769934488988458351621072625204058164868855787680559607140077472789667728776557621683918725394606160490259911400766220283595076579399872978
4704 940801743661737372552539352020492765062222434928420320654581238616704073219729449930084680969620058406497417985808003385744801149991797475449774582460791539139319759418
4705 989635040152769927843194546026278207079685189384692631094988647333352187962324324250465554367450123448559175972346420813141092545986733367519228044294763737126361096901
4706 1040998551324101732155680636063031804081831571417553379112387714018023476851482895215618343664528542893203866366235765441778651834339572065118506576862936402157867602227
4707 1095023141955533443145434676486651415760307442992702264976879576193199705723795888725473876912391949330761908450252715326791163372146696606944358622139749522875469899780
4708 1151846433189403404547230782158942647014783785800934273377068457960403776211669023535425253821503501681965288487342196675662494392061316519238644092506249445988610484611
4709 1211613150730415678729391223411849967321227825845290026843356103960945147048708622151693802287968342381117414098963470845428153436527994439209690956332465308759595638304
4710 1274475490958549089357615599630724768319431777485717769124644127531259500252253328321233257939096427495955523295212773197447553295171603157125419982195179746767313412687
4711 1340593505874942948560423006282290867257064974146139178776013364036346345547993217675967893747141395087511665626024900369253601498671427128730261186890539736536950389507
4712 1410135507847812124635181155854723420186128093337002144011601030048804316029976340306658947936200048042909873542878324166376282463480682437325682465738028706604999111234
4713 1483278495175011315998261251960892871708164575019615615721682213162222086896904596532394891881428169626396890133323304337223995710344956934638441689871370132063264587582
4714 1560208599531975293148870991958198170332444345906499216204314964510665279876979819077632190795559299436676567789701320509360559153301908046476101743158808674618193980263
4715 1641121556428530954175867357555998202086577614848046537349324443469739555232216427406772781341964920360574207644815588007216181084904780647527102728421289219000489991382
4716 1726223199855651273672974947579005333910268648610265734400497456500404760476882192048437680243959566481774576061562643305464349970990163329938628196991032686990531442461
4717 1815729982363737932731635644668736161537832956866074060370220752168564804220955749349111060408550551467989842921361873815825763621784819618533318685985288060185944182171
4718 1909869521877633993063585357005349748750237218282660992711719043825477053018216549343672132056161031855844054699885804476384055825913745227860108163845059125393817617666
4719 2008881176620432946735255072266855607609117360853558667050680472846786424470251357255712211558068553346259445437633020064963872061826106632338977605791742744160609859443
4720 2113016649588438976130275112987609181934547957340016858117739370992298478518938306087412652369913492151866400894260243834619905991477737041946549250666799244685889172320
4721 2222540624093511666875675236816828618832518137847062024252781241257598309341989458651340194624039297952794537197976885105411727194096102670859533412167227264819059969306
4722 2337731431966688056857402653581933818038709820499389278793529731478580709934462575936240863238757278824599080248179988055245690909040615753357515469292107677968721432480
4723 2458881756098602203154357361418259942132972281362717522408147650253687931712139612922406467330236742602142823231684956215222958307426909285940142672201814203845153622904
4724 2586299369078025357418019275233169986717873666803277813722376960337607833955050406516953177556293572602816618427809255403366558153103953777064890424184276378641677057388
4725 2720307909780035460133897026817182303059796508188121159356429751052331621332065178735426484439197341732674483332596198018582509192306251486369934203628622200631576777771
4726 2861247699850124416413542172564808087599507744624425033319812143194782271776143948827193396097857854196048407102483569057701994506008926642715109550659699044731048558760
4727 3009476602130191805610001788243171874581206849204853969828362142083275355846822354828061026773030461254253720452193422439151187305440360630143887102427904708336253079427
4728 3165370923177109855791585354481870345608447307823273321919190924997521736690640625492492057791434131364776303055625944442238815477883781839876430237119205079808037477231
4729 3329326362134630072076663873637942930878130435860875697570141943298795125266409056450541794699715866274041974271120803747352649610286770366947439131281399420508072586830
4730 3501759008335114756130329077425336398842760267735979615393868222181394513620493042942377349483230660884600671398716827766280683259026378993967302673645579782220966720639
4731 3683106390129198132851575090685255350870773191308713939771962548786615828469422256798312752948210612210014847751370239755204036752896454496016349033847349372753981445299
4732 3873828577569321337882316207730876658648689584282521954766691783753648267958120862228994838830930935541004668013020518477542346076942453952807677355646840276278416134312
4733 4074409341707450363044952490466949984231493804425988486704115592961619802379574864845031383146202562245809837730551228263444943142842722197720634411891637923706150844713
4734 4285357373408517958376889145978553643030617370684153001226364881453678207707627320645535433147056001944888617576094065528075327963830388853725040489914676592889303915739
4735 4507207564729573491192513847946592547243766722596550880841859992577688467620389958267083660758023330544095626207097572659083025623769186028685111088355927068502245847224
4736 4740522356070650328676433590503819321899756231824388059017662077400716290599598797313892705125858547065363834293361585988133566967563336625704867915147425277457388342877
4737 4985893152467350648379330356623130339915261394323978941186638217694688899702075211810608076172057565292114322474754903085549996349268959908826118959798329515444193527432
4738 5243941812567515787707887705314090877071313311749694901317990097227142862934772534906886806146321572379203916813149275071251441729681727816082989429339063677563211888158
4739 5515322214015514214680118185821612089702771209861015654523753668734138418062548745146129197488166446503549168971465121313840114585976262847131835727543431814907472050474
4740 5800721899158095226235315075031370198214210463122575424139796774340502998365129359711902372124369720989375350583952244227366494727028707632069050338643686176746089085384
4741 6100863805185891821157788549309892610495581981114704616429179125437763298265175857886099664811808377318245180491860333608473434755788019819944462448552947270983209508562
4742 6416508083035007253003981237710451422763936349126652723596894247037789357545426394013732425147799341000357738886458583601311447723572899890710746528113279669517311273132
4743 6748454009594205488149283098930154993017013907076478591589719788369865213677937861757422652858729292029567690502275634092815128127123503806621825929342019363631500133723
4744 7097541997995598031649587523398660365346100917560408480610358766531653928055785280796186450132155794148843310523690002774166651490891979555355234442454433772270417726737
4745 7464655711010946081504821929846780533658614291099180261351221123515475831039816035942235131308062451129535195444763850556753182635071470511612894371420934765029217785373
4746 7850724282832386758508280540475198533734108686121106500717337023141348963181072591010758603031182553457979334744947217853111741311304354591106715608590619494235669878004
4747 8256724654786180372872176286079800640905832284080502366391260398143655226123785663197132057820383401480278344398930200833988646992191862804787034401853763068177805028677
4748 8683684030811624791340756900507325006829006550091826530796892657984263449600668152398477451256522579237310542686155405137437869817538124733118176145216741806075032729833
4749 9132682458835298056061631219343022464192756617660382396022010349392047361583346986823009596916339526061566264802409584336137742502285624473559921973954305084447301787354
4750 9604855544484007803642224323261860171015617578028176564541875123378884169199318938784199550464200480809241111810776248076685729414868716389630879029940542494760642987508
4751 10101397303909017343257578454931740460766849988051213696944508282230714411136478426224174030899255567036128247274080779497694145416115202764352750999779387459331395757279
4752 10623563162840097239798416006007598151244524141730638855149929688073894938651117787885979196034779263130101010499201435045817889433852685691573631820256962705046403510022
4753 11172673109351577432521292584502253565287860059798796500919789529609219581683215779654736293731426819711062350541404252061561886598236500685014728000150142317791453295512
4754 11750115008204738387879172263831400208705270799728472656144690898659788278410342021971276710996547116988673572918795000522456576597828854674498599758796883504738255623230
4755 12357348085032530560313051149592275598999634316600011008555070666026482653224949216755056751221526858126717728546915810299899472811988891199377245116480602274261800320722
4756 12995906589054738694155789521512418362660155179957463044523495584501635887093645487687564548126177307186694501586092824618153491243911209678307123693140178920904574704472
4757 13667403643455356747261454727359289135009137674569696752149026669977562629152139518401745264985323624367345786648495215469791028877633666892022177534693686502230539805885
4758 14373535293020194505297673601312261389806754097585615067770339650691366365751997846785017789908818687681743788282832433550347450791093119817208684772307118388921762316221
4759 15116084759122769753193283757771909027773131803204248259365551326395970494046634445057252143866762116517476659652764468062257846899684651393724184391633567057650449788114
4760 15896926912661533617470131378206827477738408009225714578855489530656079051365835542798231649636076207987385630423993645101128885414226937830700021598839826370766679042901
4761 16718032976092725018730387339323100320899031783377293324505046328676996740907602591388321246497162329880419475567752802011099150372025029720430576246555567943474440668077
4762 17581475466271971075119431224830726156533519804570607910823214079159817221795035858081239297724355945277160331186788308417501038821988572986252045994055863557124286788490
4763 18489433390415562054579331101552509233550273102629214924809149099527463015791881579916953149629429515253507805041144382626797311218362395482741214082261865210792035183621
4764 19444197708120583800654691312305894370216932990478746320239918516892641201766137523794254062126722900601930146902213862277626127786067168539759287323700441691949697645467
4765 20448177073043370629436618224276128690608396577807800166649437461976018507942252432905487485992036888699081199037845055007770494924280785267635487262894630657866851078053
4766 21503903868529633093410839635725668271431253113330320552031377490964832055023939602951540641709954032829960879820879906712275589452883725563903979051870375636058759748254
4767 22614040552218868719111243394350652648581183801044882210797713897531115193404548532915930171908002441391607361612362514284580473805145317882705510229511661547728207008669
4768 23781386325412041398632408729723389719146942618027468651283162270371471328495883898516414519030282953722900169806557779443554492112752611654769156056851295548034175600166
4769 25008884143796941006149948087860152841970311913668006028119991621826838370071373361113236224629201961170053830549416639381757514949163000396846222239872460778654519795430
4770 26299628086972045593678254263129244812763345686419075924798630501715410258155254561767525677253047599882545469091999584991922797419775755781705539373038184888633369484345
4771 27656871105099251500590119921488330314918916472394366461585143956724601462677497571134766878269093522221473731589359525834176928673440702625439632351413748142044488992515
4772 29084033161950631935550486563731642440659388070597371454315524878523732134866663233409278544744170094970882151918316489257692594767509175201532456741032934071232734180587
4773 30584709794596801029096476827388837243661654383838888266994563749237583591851975792228717562507487996717216670486046827113234322221745271683422977033086228798407155180562
4774 32162681111016855627824013706884879329176818259004704067076367507473409168796411900094604947579313408955492237421714020398270285334965543778894121297928912615850638531161
4775 33821921247994845690523025281168652559695054133034932481758307279227365896202047168890564044618370298747787536332570209087504925378058931791059933078796581165036068517192
4776 35566608312807876177843286933239702027378942340765574534474786718409937480206052855581083795320271376688357144983115317484206925833540902469650099923573578299706242795370
4777 37401134833409176075490915115559401973407663590416371123634266006276984379450631619559133159191523605037269351607313154673880170641568802746215148374439773574041232474835
4778 39330118743068617047602080838492564624315131093033556507484497919202403995040401378819647835240843959648149835379713905804811124547183343315451532867770765175214623822453
4779 41358414926756433955543778248034151988183480606692558474111174849866233531365184195538249001108228388318460928508955983463429665786290495378365912794358613044681384093540
4780 43491127357946442044726254738917565848404286214160907114310770327041983191012871143124742625557807498092874923084067956546695196325326560228664250127001733935003847131037
4781 45733621855976389582326037951488232422031463312200978712922295917585455897734926931721302615477025201653984682984316201021082138988507959174632233360303036771099366078934
4782 48091539495638691575862715002451460883341853206112867934039394836699231242892158186782453407312957874823388914732184798106472224168459053281116527384780301066416538059456
4783 50570810702288591555126333502328763035023150426410335525265735753334034126445034861206765424727178253855970358930039587766770551397735608308329771792028117206338145890844
4784 53177670067452590700789365657332423097596504585025861999257594494480522019388398928323291066376004651911477402325652340962162461145970825334063730756890609186226053320955
4785 55918671921702100079000815462300257103725820415819273353204449797779023531340303093906542621237604991868390712749569448297039833192387698490732260828346578178969846659879
4786 58800706703429929833340641859203771861174163518984894920952109747439511482507791753874094486655219458739292291129982423845649573702489403285960970962250417783766444182164
4787 61831018164135201911862090185675263030117036563095165340807024867042297850508792163087692064853332309930597955448343262294245257794140191942223388766357120512228083657234
4788 65017221452890187299614465133788649485320042223556504966745144946966253283614023805763430402567674480342865605782718318898220245625924550749350371988279154663330127372361
4789 68367322124835747002261191393666663725618444272122715879837517376564513964844415317404211478559112870730426472099952178229470556875567133784597410586918605742247514372719
4790 71889736120835571186918546382054130431618130765431480775892424690868449201567112054560833943847469348550968309530733889728402854395471889559463836012658656846349763473347
4791 75593310767819124788567112189986362527437100635321908841206069125500389527361111615434615897897860410662096025888876563101706889761116114367453774612660615987106928321210
4792 79487346851864764042890721489925565833425245145958171339344284648559854039313593426238603872708599959273219117829136661960101260367264946621381092172693778899757924525475
4793 83581621818724335725356602759035303460630311848677790796604093512414499077028883369215927374212647773095259926878737091117356631646617103060038690348081538479861677229032
4794 87886414159274906607754275962697981663189466904982376975613330330021577081018624037125177445921080175931275249327225241053122281404101700096177704956401379005716138759459
4795 92412529040309276894317742120183062050622247870836076388384410448721622277913403864999520884310098028919075014709231501840423329001169849551724273351347031542095371845097
4796 97171325244151410449966639701530873171312703908720823266630477438225716391742126247407760075371150498545097659608185679891151909343031465651519834873519865198855057086250
4797 102174743483813778116780976392970391071346150405021149121211278691874251605378204834123115266115709174191518983949527401590634911319513811686882636471390232856106528252993
4798 107435336163808410188882440637685051063966173485984179828738688888597724726406866493805548044360155918387305961726961382629888803206370886455578324574630549331849446167079
4799 112966298660290911413851781687752574536177157442174954385610779400277673491167481907041697442749338520097238961024923815459086583858990220644579706524660346132559457981433
4800 118781502197965092072717153728329050223315499128829940848855219289792651265600969834477626929343031211207136779462773298970081057458061188977862429979911930913458782100233
4801 124895528405114918186908436633503760270328025778453631734522712168895873606406600697999598665486691061229599693029350513936284559642792142562858442000919350502664987292450
4802 131323705632269289095446991311828796876203153325132207288836235341245059873986286652128195655296569987657807438269172417104198507262225443881949637376281122664349384070545
4803 138082147124354386517483395689628343133889557654770021017448161041245931486099947970918243008508294769237372200026890044132293291057637548202413294050808327135861393681374
4804 145187791140758130416722838763787770898407119465427905904863538556453924770382677663541941235015865306855447678383778678135795940668548771250679258032787937739952587540625
4805 152658443122533385412624821765377946460750772305647985265056585025045520586296357677474169864860719176923540637424493506132772842717534011770252979057384966726448880338687
4806 160512820011012090463488994600043732057117151899987788902240492485853615907060239525325465886757844200760299942719291475005206267106879840211683791905132320365923065511322
4807 168770596827404526775883824405922317210272208104429048928339324716682938659307410381589641535463249862023977439181324896129249177578524576570561683205378560239238178448889
4808 177452455628528696934237406318525385709959853313991701784062841682718752022307511784255809583872300815804728094742333420623354579454453682117547439630934578880106827457317
4809 186580136959668666702060695045855904102759995469852983300958362283676709970062943839175368495372040111406075829279436178287644795424033018385022052915223137129708102320185
4810 196176493931711274396742326843385026294861076054282145541589757434600942930610001349343702338736669763986352566721940389694220312243219303974496157508680059154533695796407
4811 206265549056173715876952007044800088384677167927305720526310760589667088694416276995146228112882179624117152447067142701647740269845669170103781306517866066729920369187396
4812 216872553978525043051174554555666668675822313528555622868725724826716521272500683763191018405823438229906363827944840364336655620612848127931694411144230755745034194141698
4813 228024052257340217077176178946290287212717871963607685338179770972989952100525792770067342452412616543276210607240957415182535718273624702393971993809232040595714379259495
4814 239747945344322402467620639323277957490201864105563128241274906660808410160144059555235224731311697844005460501007337417762729029492393750776683616887241557931388632343763
4815 252073561928107077703822584172174605436376814359254461737796762189674609665143996695339365578002186887882492575278757591903664069873292284281786663526568599385429512310429
4816 265031730813038452359010519989736179774514952732090581821109639943118500467215134354982329644527740893795288127356788775869951180112224913250524296614247695932172880786097
4817 278654857512806019498970707729971287334712409716430073687391654852574549342725659077837878411262968303312836202228555794024254476336758881114682710974964253096659627321812
4818 292977004747966764666886931754549235569683248326111844106002763123710205871671520040558616997688342507704465427406980147263470844371385588259006122161625000928239512018631
4819 308033977045980392222524373213839061491555933898136102182666031097652533645535982061786262575372185167195713554470751099376937141677752719635704833974547334989439465433433
4820 323863409652472857284216283337769905270543338232482820044069450091905596023331506235416196529518100965112114748051258855105803547035122743975278834035939249895127154578773
4821 340504861973043650376571072607382663119408098726702208360594493527969137230058955056752973845681453667391287680959875577596717985150924138815497169761404020661274536984317
4822 357999915776069048486472241088468411580745511395141990795618832977060099910680526927296125216696056962074418905688930100924287750733564235525003747842083900989491733581363
4823 376392278398655739484136241974125671794230245542978992987616641080359348549273031107218180049429634946028869835513592340155372938421696188983935093800382328491444347433415
4824 395727891210193596965785877719983660077560048819669005695367287556889881867651016783554043627365687395094830434582221156107314718465529700167919010438556947191148783456337
4825 416055043600874940334917277598234406152787706368309824424215893751613548115168103967998383317435067061060760723237390716091133181518011904601243660360348636274359275055550
4826 437424492776119817274299066997817265070079296888700297121934174496813432153755220273750900782621216868530411747300980934978073558864571596573065131032864432690420486572231
4827 459889589652107876897989308895466594186471030525325535024072656990072424618961904648692912497158778130639830556772442740368696562754825322293767515049687631321868944153204
4828 483506411162599960608097205726934942988082923536370017633905241930198508073972613775891671822444532427870818317774411103601155344796678402709232665653931185144788490048682
4829 508333899302975441361677886584512374818495997988007767694775929853473448960015891030794854902726653613155677388333978699321122596060608298456556128899104551453768294355823
4830 534434007253950447972727059967605397102911576775821174580003037217734271663725536610420795041546893246223765760680543221116100579580286188670237719169831396323282479183359
4831 561871852944820520359543320110735891138355934613218444024465946329816588444134045022942395569341023792264366374669822619620982926062146195913486482300940132847356232684780
4832 590715880434328483822974152302957203904567183280160327249385707145983009186441950027135681859731566076404095564374622169758033820632778419572067241555280232495425403950449
4833 621038029506441733693592097610051847997804713519290756669085666191489825050715226936833192978861250828085959004841287416437656581827135965978658234812436688038971644125631
4834 652913913898476585670433414249702619659861512560218357292719735122274226145018529492236023147495909374233472725089681907873905499032383901376590674312412901334860026707553
4835 686423008600183069293803073089549669054977322625278526203056674974429073825197060296990722649253754932270435447845557223692037176628842564365365888325529100271815409317336
4836 721648846684649680133009931675007380439647687522848390412939459721601741955930873146944313854579370511919834021144429235066222886514011949151735780467653096024486079712728
4837 758679226155262109504477187443349059498769617863602532740149778213835263888769787342382994434758363130501733823103209573821139987866238683805622046693692483829324912189382
4838 797606427317505903801166798431104764663112156305247250877555704045292862033264666637182243183012379097412984564987420071090899272535816681064808483140494210137673343480897
4839 838527441210204028944566891039918722080325527535549010518816829219606902778617751115261900777251703325322788358463797939827667038790954605738566525635925240590256693480254
4840 881544209657885338350939117058822869005031803058449048343453771890026781987481851553560543435661706323185863767201012242121301822872770632685645760710724552613740739882189
4841 926763877534459179557591772500166578078041357730753389696914471497744581415509071984394454441662463840140201034603543749102584174266286003834033968322400707475241310240663
4842 974299057858289460081377699131314430754527862976460103550719923661723318855543721621344758427962337500035298262464544909451153124834469358567961012566176701740662678512739
4843 1024268110370196317950169873770907131013722159191229884525956664237423875125860271472729224728941250569946040963531217003496112423276617461436226979369652922258428500445391
4844 1076795434278936392869819957283446598980813395552584954842648978955315059452063769718150099298670875136136112753461083749779507823840809162566682586286809943714186413212856
4845 1132011775893409114907078420912449515796260421675427760287775193298345668371137454683898923723560193676202651782644578557670499348185193835204379906637070997761204126396909
4846 1190054551897285510666675296755754077673497976507945718916726930000452861156348745400846213065997710301029597187420478484874895896819911405119483158468207602677134535917484
4847 1251068189060052164989265625848202742482819741343928678591217431950334202007666949867016710064803856526269933167598017111069114063110737268066840958388989767758046733202450
4848 1315204481218692930636805167648718019009758124139747175633765703246678640405056818810936064313498030440178950978541739033944052854047253357478458212617423746493007075212537
4849 1382622964406499442354076347117070506312706400585753683255542347443540201762256628026135265635856504326124975565448479254028751937735990524405033045565890192463690542918624
4850 1453491311049904239074101205241652856320977104732450503289815811434951018648863544895185438430542937735228570976009761401213427445369665567792853837992066021089646648991318
4851 1527985744200882025241740197995804485306310735898025415947766592283558609381012926786448946074240210614569100499400291371851111032364524429393256601019628629700409412886411
4852 1606291472821472058715688368266414925224562487527911150797296333423235043919225503557391466500683254712351519250966717468544292825659825277036782695370422707210256257843771
4853 1688603149188463899396418637573606976140013867778976551493152732153179338623039467981791174492415520148662998282205756655266315081918413363535221983153875767472779826347719
4854 1775125349540377011157720489589728436448391477417067589272588035438477909029928462478830743891089221047109947904404777949700689547661964733238109499068096982106679350708396
4855 1866073079145692243678264394910281396440150865970893785465631754208912682440822584637201434409885191508142535140965458472982485735630913350059206232079751166260644373585223
4856 1961672303030988605469711181762835197139467684931884666309053894651986198083021615515277847197578032471755106389994839476555902391442517528182083525243007735580384607211858
4857 2062160503670356373164118205342144093554224005348313180262495291241533493315909602279543482477888016457631059286162429440139005133887128877830085671326918417662405724784420
4858 2167787267003340369035492170826800193181959652337284492930926715431673625581262034042483427566053326755346745125485504010898271532600645134121464708672098790698753053738106
4859 2278814898217884914439531837506975305010210155999964290160814357303579231726406968154748153069319108401728663973761318971545746064356891663614452491037647297960478211415277
4860 2395519068807461750712318990240726162502836532549465681702666517505725134185916334604676148888416671975498219717779189602562548322753695159085044827254072614365678209471335
4861 2518189496487952289232401480046241594070403893352844600989118265340677168222157915400432201140052192770574997235636594962911979988492063870452316184851707257645098047166565
4862 2647130659640099151047835703900472533730989463702389973650152234555346735249214743251923541791825137115737947219796629749513835010816257510034151775212414277743791325037919
4863 2782662548027645665362568443635164942927857251949388730301571198964253044275225910391635322111213362491629202787730508928526730247956567325258853718371551260878005061313588
4864 2925121451629838477070863424282017468828767670430147931709568366793234988715583312579799971896974812411370607705569738442982173886448887274085258403772538632001371503278807
4865 3074860789520004907585984218880432870950850930505557163796596245234772622960588239554794814871589269423623337596990321076377296895717186566402698870234069516129731950419674
4866 3232251980819644893737286442270417100137644187439125377511639787504167943109442901249315687416817654059436563129602823523847725032118165948143770895281640716066399874667288
4867 3397685359860149490464886096797033692441817621714140079586036187209034307101032337523763887480031287424785478100067870269047540592814404446850949705249086995095871931499941
4868 3571571137792106933834512918619327352069492761740860465447784650263507904239391915294262539098684503417198275236252875480568912270521299513200886128031509347492940700104119
4869 3754340412995460236778741681463814691262687037309377179153724114511588760462969133997281542859168231734697068567959854320013319154590254223472410718352452367254610038997877
4870 3946446232762796348769906363109630111261778125918422278132784720504069232763518119547106057608265580839637843226356049215861376956828865040518729328425569185771947098131044
4871 4148364708853080464418283040299581346465296487366498673256902154248057537604749852720040296585211389356410191294512516365561142330121403375760227562385541265646023657287747
4872 4360596189644485237756048675050362515362739437043641856888538592914975207924678278657850499236558709935170600334195245744859189848887963218755501897663785279735410199780898
4873 4583666491752941100136873005179948522464557696920532557589365834756713446935309623383326631074418935131083921894015254280153784100980540746919545244513599931551669017106092
4874 4818128194127964301559379122156822118952511988843206435592157071172289133728396145051738465071356000652823001241300580647035674473690522903525167583359889484423158821846333
4875 5064561997789574752638240383706388359198275308408509772568172978999851497470337693957681723728518390916003441500642848833879861647986961204207839660569864302580081647394282
4876 5323578154530045000043280219458947621135503806851288286371244645778616921246619782441686224868691510442672115191605484746465437402202958323021019335155539492123253391879581
4877 5595817968072232463261871277576195011182981210373543940284800621257931732356358423277099905661616206759613033787415988993950358416469574661247838120657262930429385335755973
4878 5881955371352723090810160747435110337020207746985167087014498836109249335301762137924746098591870040738887747752802088255787221054543677561389038589870695072771489107766876
4879 6182698583783408154513502860530637776122942120352581808361365491402510239840445821051207179306283692213233621763154918077924388442184875544994707517604645648059116482941744
4880 6498791852539849221335831956569035021600030090483372171285119294390204924275520062709137890446424215394655395017225945416677513124109177156300121770940211031338254295378202
4881 6831017282129356000823344547996634934059380718456755878308544764421127730635016145297223134342590627964175213419226353485042052918618334671012906576688920414230189175953633
4882 7180196756706577836898195270733443666366403466809216088935840868548212381868486609204209667133066762888292815655150011362561070405524583886893872112502914177950212118424502
4883 7547193959830137152130843697125272997172483225434555015683010319131774279562299361241815575224302362696963080320329619343572951595486958140015552063112135190281103783076894
4884 7932916496590929519316196238578507370833005320477398383750801496722932629162423857382377504499277220091251109233275898926742429552005717498997888121932271460024302855480371
4885 8338318123291785018396579049681345724895323577685742749334464428255650643298500373134127683234002792945784912383595729340822978520963138473931102444147226009552327313790512
4886 8764401090119797802236368522816873272243180878837786704936524759184194009298435904868148610715272315980646376382714671717045524018560064822566598125732399641766115568928725
4887 9212218602527450242471035703243350810867751249654951055787966535338009009577593278229262762321548745330240386622589120084157473922088217804972103103460897634833012193849441
4888 9682877407327317000909483240296791117250678032632834236333776236691107334948777062144998468629057686208411382069454918240424995756736389884284335478813938907551471386381973
4889 10177540509808362527853518293531444146527115946586392063652677215418620139319372067858921602915596841602475409195085592249892247606588588394120394638554568072993533716109912
4890 10697430028500339643282150607682665269729213119718967696704464131199139394354147575465719338662281201359686708988725565194590929734678674176147731678622614237342380481412642
4891 11243830194547365519835728356617607593204473782874235232640509301064755826970763764335724780099271392732103527699150639574736092333633264031292256200961981206178087085785908
4892 11818090503003161322063824895709745011422201751199032606928981243726552515735000102122847614669668509656100874710098902999036703284449218013501683885849727075750061549483080
4893 12421629023729581081463782522962389304071548289593961041441735484346686847311390931207366289833789389542990836484163571665771869065798980822615513206972992571404027670365302
4894 13055935879967777107755032709035862977399843428589310994698591297468653438517024197907855737055411656237236795841538934571286343135582005138837439461927886514027443076318507
4895 13722576903058628061499561952094924580113748175077703023811773241403286656489685102056982381128006276788221317532183295270801761663517622450162532116079015979592103667866093
4896 14423197472216830807517683331566163812745376765533400584308941366680163990625091439707904697603361720604970155773566406879313088400520968426507599547463662475410703031730326
4897 15159526548712409479734657358456968481404812525025754766028502738970524562812825814740834345181081439586003834144636650142589898874205758098000311608043207127328827224202754
4898 15933380914285357151418249168027687580165425065308455938205802499382413194713588583438681174253322364608392431178230801993753855766200439748089947596862728420069782259978813
4899 16746669624114885187623038944262306377342489583804965822413096558828840075468644692437786339658421163841221117395518000017484461344048762485754699541649392292617783065478110
4900 17601398685185461432326451254088176164908902708812133946148569303402977186278136514257852825270553725925045989099277846759038505524349524520821405486244027711231340356776304
4901 18499675971438773180186764071794179489557225913194298071186308221303332715127390157643805035580768559205422736442935239306725490272968169699229947986453268151027686683907751
4902 19443716387675220946418788788310235983906960509331488455453491378994121405322748423727889793891187907871425901210765253106336558717393332765394314661173587739969735279300227
4903 20435847294771977549909221592016938158694310984003990670923464077047225822551467734166019996232292011643829841791842398525512006491868739776205335665623534624752109541707667
4904 21478514209418426398886612602724883654876256687479918849767161240268389092767912410706096336136242192371652755162947665951417097709015833951742288584533303819451603753406798
4905 22574286792235509543030815117544045931531094482925727110471013379087489889356467704184482196770698116091588470978306189091802315804229528849334641933694326503978365083101028
4906 23725865138844718263792567268806743607876992206003281781625328863128465237121575780326686674439190146501649340215364890074534617261069064834599909254220582377732083978014343
4907 24936086389186886646210819022124060782846526536399153808151944822812753863582583824721316884507520319031567860485670135358130002364246468126424070863235379154083371617496988
4908 26207931671162308125214153661667967892485499371720574016105787454611265912488049025678447634545822511116201693658965748755180594511528574711567999944507337528198351119910584
4909 27544533395473914160167397321706835426480630470177995722110934261329665687831544740977917898805407789736178807634736190813240525898463583372843746634266924475487927938320535
4910 28949182919406209804609033143158431678839803378095285083824094841984626374975995788873717346855449364850238297330229378110862955098800240899044458061356173005783184194167025
4911 30425338598166471202630475092097474222151946702718200588046218985137652565119149434715208496997320071583005928474774332831952436277745865585549015720653981706644432376743626
4912 31976634243353462388869748721887546240102667940621679056575886905890735085782739064847847255192090727846638234671136637662570350693849295622571665977109025292627804145670170
4913 33606888009104944894129146955713067754322232837168878525407508399960217829944849087525555508680698235562082920867421371107548786919171787555841350265377631132981952527675118
4914 35320111727510835335323933003963780322552429015192400332355908293577235380595085336170616508819628445477123259777586322492645934796919731364443108006938966083213280393282560
4915 37120520715966586011907359178277770166647465252458808830876844177990355650985837658088889636445638560471681559731401362696885309852711169665613458344539256136963378010450519
4916 39012544080283751087121994263736580306826280580193174533586439253441330495503565588234032091202756266818784686697875363947752127197460496711003631167275893406750095383793097
4917 41000835538574584858886186512256436831855137364301689226092740387337036041820165768461420409351149761909432969797724699361828079190690438459437926147479049845181594792694686
4918 43090284792187711260810991906455402145093799119550760128990392313669406196316172484207754589882520867191810064294823219287789050680890619449821967616617395099947173593612293
4919 45286029471295504829501761053483229035820210631567949727057570634391272215453129795408133040029535613719632545665209702507169713500294623989730786699911812206247759615214842
4920 47593467684123935476343271883381752802656924683437891806540074405809276318957484251670613262868723131745189255240051422680505740925247631700891194970693657871877252383818762
4921 50018271200275684350745193411630577262215592336044507975871669342625938752288649455885213405191815016688374105802716752115514069172600968309282976538356046898248041713735395
4922 52566399300130748279384972070903151229102848611395622090476920227021672388723584312989330467504134168965096115711949065503428054421852109469817227187206224760324893273451331
4923 55244113323919287648769312098981202336330269239103707254593777770495858639591659582555282433552566690427159066946722802284239597866343820354807849800827993633155962605293935
4924 58057991955752930069143332023074492220807388186280816585781083690066815519619587740379308422414340179213787993724017470526489452837156365951702333879145705129451305209450983
4925 61014947279677253878288846339864121966559220046138404390859478177379142090914880271003980660190188942539101101185863704795579354331158409401819972773341412205529223026815609
4926 64122241646673924461451514612252901712394671676518368842536322245920512088178048564916309379368850702938526324243777048878596368793404186098017455752056779378842889174909041
4927 67387505393500521562357912975228950964171932884423392225158366194086403508268784587495938276563548747623734530931157032937406941554650925619890360358176137202165005991124307
4928 70818755456314074924148409888551649880387759572046849321978644717001621132019606848985122855121006889587524841019444906159297752541468988297829168546945352994722962390575955
4929 74424414924185752946637368932054612562696364818154179019337806518786494708303019510233824269007813532600744584812550110041106899649588151998886822990480838594793106542020505
4930 78213333579884135364191482111549752448111515805047817742326314639365986407418914841484184873637029823196919972024874833069769969877646862646438623823391299826337149810790534
4931 82194809477688560402165937854362622276608381266019708208307314709805352733573001335060595723487335718042084278508805383639572891992142666749962625106723454374590180060317866
4932 86378611610497810032009578465337246727953625295490090966676610215185698181436731220363765830766614713479259637960773923088257680868477769959793284644193201175205057494777357
4933 90775003721128986581747978629343767539624442279580776602844947240277702903201059046764775699181006866530687800840479287760927824174275486720292362099387073808316527096676039
4934 95394769315463042051706049901790647467014793158266955053092642379845276605053909504149951468023867794168748521185758208355796535137786863463068854943329071979840728657137496
4935 100249237937993759099999797654557723902472732470958717275021136992224753218888160734925078810655777323526363113896829891739050670838317470492959385424928774504835898954692102
4936 105350312773382938359803782067945406563440288879229419189618692070121974193153122376772485595487105537199924562705360284748868052851582332638556526164734795028983918436758146
4937 110710499640823474203453432482741627768097988388990396461526768146077554433165035274890305397778149355175769406802806837978144955915157406259081506577952731349049546802912061
4938 116342937451371502046564986545995642975393655837475414342821361190797961071815543243798918331258032699331698305408379348254758631544416213965026237435984729070370053322805830
4939 122261430201937012623509986880304816258138654542503619193994747770675622859540254886311905887832402629945689039929699829583392997179693079642607657273488065149259523769069016
4940 128480480583327611373337806071974464217178981065046914180971059386125890926995905156782384932229891991266476439083116143244800430977952034974610135903422566037348442182143802
4941 135015325283631399875924969274850173474008677993620759516396492425850450532273247651012237733065018182046647803908854923980489956395854520693082116340645551460127922240385191
4942 141881972072311559087925534178345637412763225367859447523572410614360119948161929966364251877701401367516001022164597384405009113364910368303782058420778389472322628359056070
4943 149097238754676918744499952734787353843765696430543544742558335086837459187124967189196011659869962506659016355985503322655973954612701327815194893487305226274126393455257930
4944 156678794090899854937677980145833908570030288538246912804300769214990840459585971200242926036930088034455892163131304217181968110942314044566838732004207528671777719065198053
4945 164645200778486109853498947706729991927625427500996375590820100494316960088008368554737090030866171633224828532685555117270904324824897660543173611363711855337626937048618725
4946 173015960602071844492098725724074443590780687501169433384966829758579394223278447460240543104817863664197547210494104212666336243397369291336697997392729466298238876472782550
4947 181811561859643338835824947816130628924115039406206596079115138132192604911178663362885293235828614430559365177765514868342252122816299283508021624167599769472349265740316611
4948 191053529179756759055148748388904507746160407670761524045027859808636685731245084764516882954639825520139347576872178989990049770256990829317264103856829275929877814575577707
4949 200764475850092384160090855920383185797896989617860725119611677967070672123378408567988980481727270558062430148770813382351968815690572278571126766368787492547985747093955994
4950 210968158783723416394100026608915199403383296011414235932947639756978266120868425212142308297918830433118839542559862234608102320302509160878023783759876868918981263733715301
4951 221689536255828485339996754898682164375520688783406021835680901349446968604634406687377702923718698827384228365778423562075863565401807938328973701623241715848333212508570064
4952 232954828550244317820935552185142155364663492191484192342333674915754596075967314274854701759690684104306316282937617318261096904680084316843936898010069668585472620923305468
4953 244791581662256729441532996243466728514935653286866438608270410431201683032093724055830296494124354904007139239730352389975994866888247684449329179589589306318973812748775745
4954 257228734211380938612033579828929248665841858931825895579693269163477987928801775234552574841954291538988474895123312678128871456682066359245181688689045507646587790561994896
4955 270296687725603603948076509067585602198034815196466348128221502457000399433855497048960852358599610728743389827483688113831890096146545030079933075447744294200387924603569597
4956 284027380466667563368478973465412449996759632781794997778611813301630430919659808730075108422096352918012546942350005144581865431565339395952778324999050131859168571856441855
4957 298454364974495275589587620904267719779908123391782355483433315098985252275158022564362750608902792670111404017873109977500311552325882620562525756533010301051121872950726757
4958 313612889517788849174152151003587285779424431543779892395962150844371951316521557862463541115544759888802472847726694851807926242173566777376707658291617779030566176382885222
4959 329539983647234515729078540116585029175147651441740953732700635066156991984686724270658516859425199903040780595307627316895497354820237955200611800315167213696673245188421163
4960 346274548057600133075459633436935549062008021000416366137648553478400233131619010637500242606568045127055620751426666176610040933840548461274490354921418707909807044861807194
4961 363857448975369010631530490391911980417299701006136702415479500476951875493770972723694625143249596610750937910244619687581751225409061442294485894709610229368138319128411637
4962 382331617299427065691595648385809517289288597125402105073782759005311974365444846101252040660025510744808818908730234936701525432969299524888746853078521017605546920598977715
4963 401742152733738761334856491673625517914304736986238575928506628926438042798522893575328462770744388885640754542723333347941302578332142840597481537470798261376238741967692918
4964 422136433162937910219203950511109989388959151012422441366820467993079251540852004442523531010693609556739559460099971715569504075074569392685232516680660747663102334538553295
4965 443564229534350556881741958332156587637832905328900595379401136639451923585004801655586391353240002413236004203749663036469576928281007283697261132201364110205204779430764055
4966 466077826523189296685773328391394058021073285337914361534545554381415941108931303670292396202083357566797617353293005484152336174652274212866245337639363755678046544709229504
4967 489732149271542490555158915274510776522752705676776578183097692414767132466049913481299701330583292196373817776033317582694451010373417887619610951670802103276213308846731357
4968 514584896506361590423730686681105502864610434116819022891867714505802056806054653936212697816549156410272520206279306933651345624590898066112113080691344734442327937968730422
4969 540696680356959490126404665890627469413447249370861012514938870304980577044571038034453736579472168362244104318000719387684887846299793047529577174964600604086932697315523222
4970 568131173208609401871720575870104713036103029699452249203750271340063458576120271294780289934932594169136658061118706308842614565512150682572661683456019940624913904910551108
4971 596955261945714992491593470745045898323099544806011051622084781285980889479955418895918208714613728132512407006313496139068952758502553615216178453599378182450603984624484747
4972 627239209955749432344795806209650133837912749330543847215008176764780693192630365446284657501797584294848672659363729052922387628734296512292374954715649030055338406196832235
4973 659056827283774880310137239974479138540995023878377937497324869273407706343313766638086778248439317920636381242291228820360765889121921290807568660571595710353403185670980782
4974 692485649346900087880120201150960168896069752872490669185650311189318314773040276443901611531622468251399758335191441015511308111720087175197389888566893771839775105540259457
4975 727607124638557957617772853788921332179603863315502541366109452313804039689414269659691624459731996409203899606444782655979240548796877008271057809664745492921422159428258408
4976 764506811874036738241666712003216836709697271098093415385893107576498060453487035375955654146958146179458428528832091548955885026921326946546618260594666659801525531355617975
4977 803274587051328427541532906609315787631300921841638799414903683273294446326261199568701046859318335787165009872943093427540890242775544631903966336411942882527278056356588895
4978 844004860925121080404500138114743687225686957794187751919900191523611016480415381238095508663750016150077771911623762120476382613231204289047597474294837963671507005063442394
4979 886796807416713111630494412189366078191541732160536159606051849374354690256385467962750663826234895318254910745674264933478326007112434399194239107160212117204011278203433399
4980 931754603508828275946426918362023460468002568278071056099891475917935294561215493060312451413620183221371915394261277143496880464226824404039961800660450891861161921088218849
4981 978987681201820799602631402229329223135643076138029451686167550458227298991797551988403082254454497184316675430351106337398192295753978470454097398594994474054120407397758603
4982 1028610992136647900622131457637426274083789318570105604380983985343180250045234458696907080790607215887913173366779858482905419472737769964708755601861497677734904546433984009
4983 1080745285520318855224379514473527184435504679823967773503547730208502067934287230152255667385903397385800269827826150933328471379167678540650945665601712363891941978631030225
4984 1135517400021380012061596402605063625816385653388778844385393074394462806466527484195604580750472240191034774713506724071163525495242626788314428099605798105217267309046308504
4985 1193060570336437113648378779115060362263946198003691981173606111581277113153795227774223952040615102052605550245556200205164381662710159414139834220847975138938839589052475205
4986 1253514749163831895750587879281248767865381952772083417244333228675182517825179568318982965616671499808968506669740137226352525324209476809123942836330164741030678358674838030
4987 1317026945357460499644466937907141599721861375921068283236653455146042487748834846670096005594334090863747330584625336741978665712330050213449993551044420363606870246805243823
4988 1383751579072436511128891226503884721747274872696810415195457594185082948604138464669357264927588069123851860346495138620691232478755066737635902263365156951589822321805387993
4989 1453850854754951069305594936557986926771612750928048467827177365280353608982826272293893514333581374598446850577212348036948428862441811579317420064276285498950818820981039602
4990 1527495152871366066483608619642656957631767653815644038231554295449118987132073863050821464129077409704458064359518209447827188519352533770800497106804994332061451290672256156
4991 1604863441316391958876699409828693545270570656819698099558467555498368238100007215658114673706898360080380097309935704462864816246345354481448550025648015986435944555847555036
4992 1686143707487259106175481038461211410190224317111025235186610143728739675282067005726121780154536708906125202312817838956555056078567797339586365405965118458646792051517833225
4993 1771533412060199406546235613325306660477394222830214495220615280663696443240630135512194744134833565163640912641257177659177843418188731684065792601526380214078217942879406700
4994 1861239965557433810144428374977009601920679640890635521419869787568940575438167213353417237987504552360729270938658458601205482435874586729704816345971398663062484798021156393
4995 1955481228847330663162032542282406134008578570670302483202241173220602330864013664273765389071948033748584051441635114808633311390393564640286454119310226036753546569521083763
4996 2054486038777593541415636922056146273036769068902914106869102886982110780581019932125345255528414900634109546782912702469400008335423798239029146276208949287272752833746544869
4997 2158494760201385946227987542961754551947153848467175050644087465994725584290542848130668818403495692789719107652750659852239694935096904980510444839310139326273277718297387527
4998 2267759865719351685988860555085233865481558708691106517909661995727491264172588496218281429975847935043312714688526342307344708493753816660745383151979950933260310187964405325
4999 2382546544526688765418764030357354639058137372824789777344141701068541573317691251260467681439579425482203640461538998448798611372803786236137318718693672676145212455042123403
5000 2503133341823942903886768856771435247498953593052631699592249156464501132871990230349740289354499048590333312850162008304842786566595737241118944469260522996650899505378014849
