0 1
1 1
2 2
3 6
4 22
5 92
6 424
7 2106
8 11102
9 61436
10 353980
11 2110366
12 12955020
13 81569168
14 525106698
15 3447244188
16 23028080268
17 156246994264
18 1075127143948
19 7492458675666
20 52820934349420
21 376331681648402
22 2707312468516446
23 19650530699752470
24 143807774782994412
25 1060472244838174574
26 7875713244761349666
27 58876660310205135380
28 442862775457168812898
29 3350397169412102710198
30 25484077181039039607158
31 194825376018409375911256
32 1496570071429693526808618
33 11547965031318402679167474
34 89487522813028506987906410
35 696255483321771805237356146
36 5437912409449903370477128562
37 42625410231458002895206849454
38 335273626880214007099081661794
39 2645769792423595567422011127640
40 20943974805085663871841242761408
41 166286806339448442149082873382212
42 1324004970293983169542898802708036
43 10570607973802595169977429840336144
44 84613135013818073971886201818851982
45 678977312930651461092708853799981606
46 5461444990197272017035748808575020742
47 44030395901978246298036852741941511348
48 355754796374979760611191412042594031554
49 2880479744519087357701831293582940393884
50 23370050946648512752550195531872308829400
51 189977483350120562544238115876116422320958
52 1547251597101334030186414990839606877534588
53 12624276276505149023140522498949861912149296
54 103183621374070471053612791082344954102480434
55 844786997289823473224737209526900625625905216
56 6927725604292299911408544965534651157643005612
57 56900651183810920103080499255979774030811604362
58 468062867479890169464383310876258370060670193970
59 3855937090500574399285730355665891342919488836908
60 31810752048455518668355841388152019922976116329050
61 262794700180625550059568160473486450767623446123860
62 2173898567262898309932804827179840729440793640505306
63 18006286488215804277354201383321669620092720848987290
64 149332468945526658547755433964768659855224038686666154
65 1239976085934328766302741883151792935903808362506537820
66 10308270971368842758431440465273214878646284362116444920
67 85794006086461353018362754588333066301998410232532498724
68 714845947198154923975959712330057500790997957768898679128
69 5962642175986818677015874052363844993531030256102251036900
70 49787780258291607036819328687894182714772545530626150766264
71 416152008537131249933518700424534286517651896372779326317482
72 3481885082180861995145495551583709827864187602140449425464520
73 29160740682511935701384378009895517314493337446044367376882598
74 244451819185701878756014440584717304273488647333760674703119744
75 2051105305705531987637054491914475808568596651034384891810840968
76 17225521111906661494563591010499149928451705729378064338660184580
77 144789363820175969367396193020280862796610897816347111639734851878
78 1218067488284229082280828160168381647988386447660701301794464727074
79 10255747401477121826481236985245147847383698132012770889652350789884
80 86420297562081098444276244505269347027807138043818284834145964823494
81 728799722769028528928875579098386251750722970831738880709972170405970
82 6150868811864725951830736610653982906683870842277997402479254788634712
83 51950851038759323946431074038063195774465853887517354627607510319276042
84 439105818604122459427453178470079742601884786733083101041923938977720292
85 3714143593701100132179725751405837522942116737352319073776238311331151714
86 31437938494360009303350347274223146203243809438023300891763460311434632534
87 266286064717360030191494214611720315245421386538310507682923825598274304168
88 2257018896992727475430861707939888197379343016017019384401181069614294131088
89 19142907982604258469885229113559792934947322902443580121287015454743484891554
90 162465212357017137228139432263772115058734498870791095302272405498499188413948
91 1379706152686898431987201430218378844498844596399382352602302077838000571235942
92 11724133413663001900191877966822122843576412900047254784727800844967685725734060
93 99686696223413119936983436034203116517258304536162798599405048168864382708793872
94 848106708324414809066165524003331733497365680551957374277262079172030976815464404
95 7219636802611958320303753789705170273035751904480221964891311426388348193898453782
96 61493134648907808097624687123751229462305778710333148619741873015025892999194760026
97 524058021629704400445795015107359690219754942510665096053705359029781421681629171348
98 4468571906937519192807339042785612700922958938198696751143603227793215176654148045910
99 38123264862944137532669486835358207628745805123953735615278593544495961014515946843852
100 325415951542570241819460210058091577832086252544400711511875709058889000732517844244454
101 2779141089624580256348214402222633240367422155118270200445832182760162323092628864424622
102 23746580286988025914372738390034933380999425054884497722372055909669057594888137428574332
103 203004712763058325891646291971659977324393155411392177931806313870217197892292557686625310
104 1736287681447346699968476014125969020123417446448065561717239065374542768992258179356712076
105 14857434970167310409878145884504467999183829634721757794899552650767878056090499392490351082
106 127194625654396261413807308766534691247065836330414500825250614479295374747650820229220981072
107 1089413464385718228034399078437145267529613131797691473757513708967754970816756516200910565586
108 9334953407931767120046241451315136091116136452317064125913202675875644531763828583515732816476
109 80024596463630727513699645995219200924710373892574653369854956908717551950898791295109535461774
110 686314745894071562844956498348841598553338460126163165286369297633058462759959084139165082660160
111 5888549555154995914173437261756595890965613625665120518607022569599161304112359285853367974239794
112 50544657801039977932074960295757474690127617443194369772468707564735663047324204759696866609919378
113 434031199614712038881247623219273022594567556009583096082738890306471132266858073477579289467931412
114 3728570175796644832630925756661650356238660586987949963920209911444301260370879016432502032471472854
115 32043236682534646030460456703556976916393355418316730680590313310886904851362728671406256256876460868
116 275486419418615985440905688313724004148224725424239205861182525752109479047019192301732018166316513296
117 2369359287919319094098589422005311929241462643606199208980244462131479986540659969515705861606779542354
118 20385707151740174007433343296689675120095570848587648281607945074684779144095048854437185792501335267714
119 175461590753002365122115163755400308620186657533137668998192497699332055240414252205368509651931702816638
120 1510765721278166646251240143752475778645145706543981682988208070703180905615294162204803638629420165640168
121 13012728892964217232957402483995997238428618513649421524662345202224320879621614301435386539234581211308854
122 112122642404873442644665135296834718909519579787650682980926314875013731649693960572016070449211726755926588
123 966427976052382738414597857032297507974344700050340361155706298816632516107699028351447131180558724978352428
124 8332867787088866256282849660925362640941630521927930131029643359896479757439300553221893886048151161552135208
125 71873033682427375745748213261822580616339649200286580390908137516494531176757308902035522727484002335723427550
126 620128458768566918264897081941980540331253197071317708269308148122892958699643840748978453606480581018291877934
127 5352286046424125576850492867192069661996165363913498902435597102293714845263563421986797128739161488069533217734
128 46210083638042071288920701967085655275919786130914121315939693606444065634158161845062126492498038578026543454484
129 399090919904667110899533962280042004234885203968671630151340349925943458771287845576584168458746774277462206049922
130 3447803521702267370696573315936579118810405867482108164631393999402570152702381991579956771426260657588662699354594
131 29795227384419030468907481145813014177190860965092056712564480943440128228581685189055141828433344381342021563645166
132 257562386977407766566624654510530105996172630549710100421578562490004840902490178498215242306492874297277066421702622
133 2227141310110068843329660337877096393649353825524176858871931537259153447564156129962052200822681219341800154945655114
134 19263748370305095813353564683078054719139139784644468416970264432151938462964156892015220034100983889096825639138515348
135 166670849332543665743780050572469193600906324635653461719736502624351154027280452419759825570340420924422855090618526658
136 1442455775818984140978992552975954198945677405425710742245002486667429054225637545354110017513702235878788038052384391454
137 12487272511979272567291721421047936427220297700149811071195137358016396124173766667821469259505528742333208142592136221272
138 108131730041613928787682273793891727050261439165832728024999422592663246362736062941924209708929658929148630028096158556962
139 936607186044244108373513695797760459114259969825027670746323483266784348777685019818672425193700083072992614757271997172004
140 8114820548959691428834675308846419441571615467730749616216807440730696327489645289732338330105636075182955069988401343043538
141 70325984294716928588283035031867547017152790592016067906678873368321397576503139520510788379755349161792838291763160774907972
142 609630350711345525624297923671289899076778806617001746000120629633870495055828242994465811076235159955801905278054266685186672
143 5286030130622814492888123186181889467441313938136683057600291332776727085702271392872701884424400814262261005271050447948610232
144 45846210493332452923476172154999997477004644694793378918518373888250294033339254752651076968641668205303914635055180598657664370
145 397728309228316643204615741639407711434959161964692405860563801493961095474151382966505045920183029499675192463643987420780962090
146 3451257305977767384382395905122656403826588398845645052533563228292023640103145020447844360146854223387581701542565056929464380752
147 29955357264752941420767563830266590977906378721111611431500469648393478973387128022734227311032309677470594654341802925714455056366
148 260061810192996217881921370608112731673396656266644296152914636127463912691040226343327808102727783756506621341870332334438015972968
149 2258302853448315010106220791533153192566971558215935919806481204658524399362242191391659163043322219658648260640089377843288073913646
150 19615073904596647734511842260884765894191286360079010396576360474695243761481873211472001891754050602961589471426206631100615544359846
151 170411360324765434160625452187567142002873310922881631565488762178009821622976175019026593535245068264345115483331416815856625774182290
152 1480834958051979068452843908274162482364867028245654564684292025192748222983398523886304496660558797025183997852968316784456456994429350
153 12871021346755559200309095394533668925210010416456684540625133834556620681588038266018167713643698078646626232240706896361487713064478826
154 111896458593365147945480315256086419693395342254455942477573956576897776605615416349489839064535994382870599063770648906387567172801198710
155 973005773690008023859652845619457428238610957392888056821314376041106787890481665545821794224066344676033747226725606380591791404617986760
156 8462701570981027107579655393371228783423585083129290779540658170653462249195754946940796841348262840038084438947154439805589399762964323014
157 73620028304159104191597218713951332507356343504999203256553196544038408666379826399962806325925763893199296377820964619678955338160087302452
158 640582563482234734985089671186971724195619088761888940437054079356038650111985240533355484931243246776340388092560386925058570308874498710876
159 5575005252917441659817526931322457304693398763730751994482672809852518585414839191785832242592838454004338124153450570628134079009411102096114
160 48529449011611338650064442871040332561813083076665529610607778695386786310278410644269044166038216209571482737352655178230791305192619974648584
161 422526789112676720386013448716767894555896757185843707706491229606177739043056048877712496779100672632355957522531652285101401548709274928696220
162 3679517436027942840488754015559209248904687667369828676186692837471714557500819597720212111674385614511766835295156886877866774653287308432716262
163 32048975085809327816405934227250599261039287122572075117722247934769654582604583587415785704707446937103443786432911966189918387272769253388206452
164 279204906996101557205125846396946612191466501024888013217005400713647339035188963995621116896289518793312269039286494602938836635890505928750668180
165 2432856785290518942263347396444318206616647229148280569092378730285993971835988603765385349609128094527752105673912761149911030637846284222246810676
166 21202820238848336766086852880032410982510756568064207901116642098278809434254698865947702824857438712423049580328166175539146386801236212386440779826
167 184821852861120167874288465969116838094208538216744927093563262975339074077481790632015257129843957721344413377009174306283000247232604526109850287804
168 1611367642048714498710199323782551537626604544971202618237347104230349393375280131029192844069052903213151122708337200625666857590326335022164639462414
169 14051304095255861358415854707751468210439829014718910415891709390442588814874925713616045517792642201453629271275934042454908536902972891724533701337424
170 122551425068148506539922055723666236559240671270653548585170043341658579296632877240732472206001042369369107377363044237853643166958140023535996561922082
171 1069052210622666220573533190608710536355320575900765867994840169759145932852410539514175700130930491422349997274436086216122205603992752941120226724448568
172 9327330764191239107305028778198180989143609591060265927123601813776915109707597214754134250244742660758117329663380105687600794985974823813761017605984264
173 81394088098151792646201136420167837230459709547900312882036726229598239302415128050676600687856813956812814633956906662404705833900656867303876579511772566
174 710402519684876550419549142414922149502816485593802134823144422667611236240445840987015350105364407721371012174449541296902869004054567917205494964304410238
175 6201423801306825094435389213047169608004676974794882020092112717242198259513358017194617477910894694322013248069916797256675831630974419133905113354333669246
176 54144303614769378702602049030019974462919670548472165175935118967043518311090730794080769415435439247487629319205513039768218247187741834589729248199522274304
177 472811186944217579579752379809744247368912070101843011033047248546371555010970718940491854162956577251068577859577011299489436813216301949926632303104503579180
178 4129481341730399702413002590953600899948870555196141199132539410719283682877325425686075167355300443453188292903091241168165555598417677991143305693689594845414
179 36072418607059925946742334866004233401746748196859891506225745894533659452681650308783398625635791707434218265343723712487360716045653417340535171880637716088998
180 315156460943334976979694778905239534690385906359971455713111779338623004207810007175620033761829798496550822378101020248032992589880066437241521597729213151093356
181 2753896339500159904743438056443901343374593282749920514216354563221111138071745501696663474682772471276154820788033232923763251963884423293913364347337061080099100
182 24067923296110820204970543972661892224988658820116777908903288739862821260992620458255189797407140444188684133514755024107543522172698084774246999540105733758027782
183 210377142632454982466082623398335918928219521677391324390883037774404264082742705347558909643190276068744475868222486858944048272405791318124312975908161914068415108
184 1839190218859935255603923263735785117226060252810500362237560781755819620655234421807826221895074228367908375781320173959455462771871715019768388273204116880390614746
185 16081337975528648474736626393938357896738837681497111245026734074325908968499731052119718479033391302818267866008546592797339489572971514002238548068486126355219891864
186 140632088897193703239588384322886134717505198999898320854215226951728910141541974798285226560594447902663936327049074658867907083386977370134769768318303589034580848254
187 1230021457404975867163306363661259886539497705099358877787750870062069948770885996163697901200183340937431356590997863667004626079993641045711521599440915120609930756284
188 10759851188092977517904810898248549378666821010407655885874167410748810374949008200654115830635597470213206521688807380353501715723369639618370102067710787513233774641574
189 94137893493493009511874211720851905331306521281444742143922820720317723867814744944356794395598053795720087007988282865202409148784203069069622033450341738900249819247546
190 823733346939750115170666023196705222306094323717480129508289710323695916048423516861029349987130325796513238502051207780953897624397981507298075732764898527296173083384812
191 7208951735274733053377817536381555036830628611880639344603928857300441712374548968648387039008031721712346818349148494891342353447873428908266607394563137635932308433649092
192 63098674199135065489690235549793189930153433854065392937389025706928416522683511401981289413996488321551938703033580310486494977243457333031924299808453337840084628143910412
193 552370344587617170564549443697372298034717613657942569551299172660796073201351088455326066497275232955129953879298500230296383725705867557575648095417662391227292368751607536
194 4836173200220076401499975611705615607915948840872184908016144658775696211187804851854787731581290430904782101747228444459107889419360857525015704064472390248286287348581041264
195 42348115277704646049333470474544463341356749029530157300409322116868683207221305851938802265879645718988693410204859425119156920359417111597451617462397659887462961495090234928
196 370874063492910492627787112572500415385486067153048461353366283979958502587171786172007302870086354634980099569037177545599621629992439237001208672889869345899601755332884697840
197 3248466333278680938611787393733328974022366157621806826446488030949187897207140678705737638854380143598027952235175753833800131935112428416106292119020397156324635138380329495806
198 28457006562203981193106364196132446915008061542752968946209124903052705964612980292304406906254910914997905204282843998472521166801571238349801918996132754352297687442989931579658
199 249320740527919340277576508174753974546900861113535879560521501654037890664187891925293893394355809700039343404065970059392806642664836372321652858932775435732692073210971212011868
200 2184667636386312258485248678509747884955017925069536753796271001859640239869213609229152592242451040703824542749936662890676989539935168441432124865657201785025921266152551550734418
201 19145624897831258403569349501809857090537438304056992856073947137303310971376905216299180007789312434143870471299271348313145897962623708593610287810145022041580567341679846672630608
202 167807110828805764807958142620164172854109940283758198912997682375191363136045223804263429743029593558930471448921826058251174819506220084815852108510530106028261906270801830490833066
203 1470981684535620785009898144776307876566561761441029325656184369852267493561063697649554834063433711367157570921928622733542958916557467251602106773221998051649586192317015759743436872
204 12896139344890258127983494455412837478109884880236771581240280368841821938136081612542803275131831469442668447727601087823566107432125205692358718195073616661055434036876837947145423278
205 113075151728268533613840576685459297404921073972954689377336821495969497083856535387880625539798503198321843042512449141633925768234486873075772455399916207719663070249726701092905224100
206 991583114798135663849431651727682766643751209983932074184578129362809129082553177407841219219826601461544089239563475317650992026993973938059218853945500202372971827310339832408314947212
207 8696510522356647975200893574921660087807980861276663080177473872168073620838232043140821825695819183430602993731262283361084497281989402658382422838313572537601909044207050325133709396408
208 76280648670602965037297483987359067617216993092991514587865649481897569280737253869157756263699035516219965290375806990302750774047577826897052466134088645408125171433185146356186472177666
209 669170317468043776263489893191832840389473857117912186185803502773680536120141705790946048998130647618375926490671964157041150913684307317035826427536364008290517719520013537004949919908052
210 5870990814205992547555626884601289239281850973888971164900749615634253453486670320383042100539744637171969404658784886476761939032399400353007983385723340102800472487627817248755779379483058
211 51515519302341312877337923894689000127529090668294987275797854661809125735050094414141573822877443994806398353659411028209020935209878448951132251259198327461431165654191015285824994864292664
212 452080970876572929117861487879078838103600182851994871085966133822986721824227783725274953360066994535780468727269421815516172805018055527565561568996100230712567516403648605929333481769380618
213 3967759653872360766693483242800292908137077346148421645854101851361227440988422261927744570131894247512122759538658672513844887045152140411491291076595705852103446747029355851624145919898510010
214 34827716472472390081748955121669815003841896389588579316140111498898646718137407278879910457783440765683684009426476753890703183352597683045670784804659987017488326107674473938063116361174777640
215 305741710854188895599344697329788482732235502398798361777692374124633827431787732084146391431000094202365168269498532333285071982109350694715810050676682818554315145642176056261987865535897839538
216 2684318049204374216800770437473145080120961942474138082318271042822711239696270504833911909937030397956216004451761712585910597569332902489628316083829710855609082412272639198205006176293088542480
217 23570152256089113094661962944350772767929616437532483872692746394260669703225984651114147583348639689685480004677694269409190331517602097891301193026913711387224015516192343640785815608158259234756
218 206985295669866392098384616971165653700460204270654847048030904481624884350988848770605235623723229779574887634338215474981697848213705650338965402762767152752898584275464052060783077467530175453276
219 1817878484179612041472611252309151000570100060446607750230439443792402710950273261484420823227715647045675493772057495240096458712954508362860542616521366361284915853840516331886077509410620552548490
220 15967540256012359856364497056535910016588529919047309561281276424078500401969358574376960484219830848201865973823936388625033353247584987164171747173859736932252045470398775913641449095163663995889010
221 140267990773222515838973853667260941373648970390130200899612336616214547975244300981813092010664175495363118534277104543004427985867615213998467649004273023652057773438876787710340447889392125127081846
222 1232327374081865762220074868810318788144114719572967214982859549831764623295011990242813279051980496511247428669843117685955158923664496714604865340550107244471831956089438322105204583903619459142251558
223 10827798402207708735877497621719733772611794116306285284440035423239546064787956843503297663572283378911390423533765058473863613278633871658099762716259737709211851764695551975798990642004934447127943008
224 95148152718433699890246638606219123171783170088470406229228117759706153368935623407406229720700859169765997985573618938844400213983202595653552807977803501555803251022935345253383513361715567854463393640
225 836192539709993926042717536265807203779355358665891436164937432873441747759047950508445665942663040609338501627952266226294448305551896954590528730200746067719143259971272667408772536513599027280027516828
226 7349495749815519609359878786661884509821926456322816920545477777460436381554252220427578387280217856495088868085403851711844879645237892766043258758948093048507021861041793611014940196824697811491965029326
227 64603155120486354506858219236761981088349879708892944014466386233977415816462994029749678477005156490524502069999072240989937722723389121970881983530493732830146856331842053898938034244492776186244960401168
228 567929535695476090324107839122855220003396747872738466244435187342568461515049398845595964477780112787090076625344864175743743474480020347689916333967955110855531181046980620179234941324222735921621571016582
229 4993204309397765595745558637147041368232057037327427860864910562795718037855327917310058836393730759143401613332297850500299807829960024401630031306167238929782304346545159578527307295950325887679028249351864
230 43904394579105820264574086466640302506866278581403182263215714558157844501391301878229239336368701635208328905231276947921298548578584471735918850552145562867490577236104680795321292654040129965474573362761804
231 386082438881108520150945869241278801860312147934556308467641715761482248494067689262652801712692186227793404097709509460305997671298801097331886022463738798471500390643477080549792455283457741991389171391811586
232 3395432735974032507750897777632088947920718461440875960726525084115145231312157687011070206041516979018845114731878112163690579478595654462590642020148734725480082705099917264514720519308173273776801680199144936
233 29864336957998750551852306103770748551791270257060201678154066036004041203280126982309091111948098195921203944545502676427931485373998972181851528822552883152740649992699150126470867462291926807816140926549283608
234 262695675487177402119005729821146681237477899783791538434924788743596131150471457046836584880452105293907451740355280315262330010388785374645318179374878332539400219956663231673451461394742253792431629524167209372
235 2310973225109157577587591337350756430251778038624055089306791980210546895819283214764634743901411818762837929589439522886203325693327370698212387280859790522143822487048313055113520904582225252381198174288642708388
236 20331924844009483078245524707664342595042871484113460040410431604334233145866132814429558347650279934032808476583288564908572166582498712290665818682589804365158668199359956561082241596325891658723958625904251818036
237 178897108538671211698938365922851824585316441713784254795700175519368868491026640040095182183489798505530303850843180145688082141548121073360129980219142041327177088913711373967484493171346190925464383221474606907090
238 1574233126172458582666979791877049936724164705394825468895611385650065791620736968774078593143148475034783000068760566347726397215660189764499259399025929689674872257691711883253146599695717443444370370148241877965688
239 13854004786081039368648954151373049154965590060492062128161428003802769922555071194127859722005153261163144308719180667404525676524012169839960544037036794432556532835260159818541661976309421032337094574711761180454656
240 121933164605201141772506637496254746142345541679162883065462455910268480238227253943876190597646986913979121414703930616970380338789956009793747280110187994702903432961885595430166068586701101847302356493312517681403174
241 1073268176560401411863384330424794781624072934395701677674741498086806533069093004631496376772050749878479057547605124301146406997852915999959048943936748057456514643163385957893367716654113036947228855367547053347593400
242 9447876920034379986564787536266837347666689569990126019987880251215627844123290469752537249676197114758548934135577577913883184768719723534648867031186868462267719337829569023039597724312128583329721761300858884528071872
243 83176271119906121101207532585915560707162388438192254945382458967009064998279818348480403324567483331386628338794408409370485539507363179525228136865877841209206987623318444520555960627552100325181939014599083117268843166
244 732324547926779613929961118388035727049548224509729113653452177997932058087926370038413797200076403246706109890515326054510724173880725815746988433030839030221867564090813098983726321745627476944527879265621421509687285520
245 6448316545172578890935032456321945757505102153095827989134682506078369317044752243050590667402332120757918246480333422069585347089961639652769800842182085684950975212117767950916630133403775572580434678892846837253002331226
246 56784186024978581800967062862797101921626445688550162614635040903064950309510057141229399030170649979054911474728658953010300514139741222874783140230802195166615671357741920605175401350199668589282338230056971436930570634974
247 500088022459296364010784961735392956522536462176387388135637689957801188506865135309600148540067338211247138741257202392095629900755342987003069134469828913006521988027252908552991520817390885495023836400431682249527333000174
248 4404566683057043657109240715622038826538949684028574983521970058684547303997864289022088590088562419094997991761082556394766414921404473501330758553016390727936893652803412092209056842095968848997759158448346452272792929893424
249 38796925768010918485393793379029084349689754963140273586729300761209038458047431405971212833660667333596460749570639049549463694901271880062045102244017161384157064151193160241351165738409103722556459439536284454384077789934598
250 341765743665361475980070245073141995011929127633807963124901048238683089086424893699082546201925976989933516091484082374148500844427496080337391529786075337394149312360146601207953202645884286286984332969102802127877272854995412
251 3010901471623014013874052589178428773115378798384163841639250715951806420883469848675558368015478699774294515192362716712886398366861674936766313633933621899756050870370214505475521501210269146741291239096098452799137923268448604
252 26527789746192636711184092627763167800873628681265066791615750036595341642574629980075652851117173256228226670542656430873448555661987967023523885432352580802898467135508839328822225727468358328796595436748226708214755333540323442
253 233744721320243415118682399063998574022534560230094791884859065744846566543066423452466369768250233920698685273821620352804425712046986568233660647285774470808066731275154219286525242467939994886421138745479545826630553572759562282
254 2059768900288603729919989399971155590604940597828671193422870509146633013562600374177992294067368447095883667842282956746429876047431369135060151764700783464845315506570690807388909684819458672282061686789751535514724598297955131998
255 18152265755281045053210246220722219614930670002574412459428130659656268031942873163773558166705054051690161302538909864549932912031053406838429519610375363854989326659800519240532555697431181111380544062738006667216838746509783110350
256 159984743449026296811642674548219385667167401270254930805650238347070408883885709419396194886052637871601345685257146679202862852417863947635355051865095259094584352572082062403569701356741203408143377992273461668007961899981653516984
257 1410137323523900280002136660197662836169972412022085717464895456298153905818979040157707803514878948306796041361268376049291256546521181304497399927890984608292042291569563385260680793611070341156527989224111055687343383978179492746710
258 12430227764303602344816352327361327721405237904403924420704424787244688350777272082783931174941524178693672139228036068403521596217676747039909983916321388394024512352645693206920783706855151975845333762757216639293828912708989127861116
259 109580010769670894950814782754352423954259084527614974038289385217112709651809191256834725499148020547491447395139820671972691360127702972915890059974023423441901460056512519175438620139435181856192735581291543585006058333178648399927386
260 966090698447931365592295644760312154337211359934451236452350339896416721677922974760812466308079701302569898035716712249327608437770057183986401395001330336313239857612402186195909556366509419914848537476090167402648237131475739263570376
261 8518017176362264569987323550438740302435548746441524518887672344609540094420885008964347991488256580691161418032142562885372031869425402995202764102756279664149436279402084154154835718344098104016742573267499796276649434637880276189221346
262 75109161417069216410871275043617974068735767087178358936062807474853418060249351681224888487432260101517869617454680153538592226651452763087797508047135175704310390874109594564167709447170424486183659684191644623809618578351907432515075868
263 662339797343803080631390133879931446693125613624639144710748171269809607412304263906609026886552465169903752328522169275053423823055413394485546130730530573714213983132145319659234452815707881219664822783957576637120577475330728939137986826
264 5841199944681369899627926850109920682663684701092117354035307454513043655945651310816525124343334403451545647821876069287285979416225943379317064504772961343627373148304844698055007364319327692822400797698815108037766931680265656589742177816
265 51517683735384317958489526121140404705033385958309051752959847067839933648893293757023097105625789867460543824974975773226802597352893591724917292396672505963540004841470411132591748751433263794648942618663126261581033329639356176138749739038
266 454405284233141455773963085585320781832506848831584312088978210345175148999856515972018138928925666651234447957002589818671845874844937128884748799225686504220356923102415314578215957125370751599552515518086292027500873864598191852918492255326
267 4008325319340267971687994205801540803887033346865349390600563325271809426557207892900907279287530345036879110115046208445735554999674142465909363063239945716950418871915954880763394774090340205528830453651065707414175855153467650875266935645492
268 35360211536252386255296648399036725017872842115329381116188333630914149762746231351126725965159101595174727613558516227019338057153768206273787501315999037276131979679819992113581048688936536615810097067973163756955548713717332179616707070240288
269 311959928407456303181321975799742239875214353932071274358351116309330041617080268045964003802695625155449942187392441234963349220308665049026506017192522034489034780126460974234442740486944372180887129389340669008221845004507018593790914188474282
270 2752419328781096665229211272484565845473929314530463392588640552170908407029497141481060211755052391564103793361459445873672486410857021051156163058699053952035612869265442787662342479174030268000079540783827091497259936992745866186139769186220936
271 24286335058741724923025015017597782318166474164239424740042862108448278150226255105828668650898466702341436732714518798639206602957611847751303731452556510516426930840619099736994053054546562787455872495858868074136041313837414929834143822238768470
272 214309158695202570571378760654659177704202408434689419938932076956016782852621308077188688073811554198752842302589496763314957961032953604294048983492037355671750903236891100178974105779007744683559096860169278331516662871632236264826216401927528952
273 1891257303599602768514645173456496961920111877350571343568360040055046553877490178407837045640827199038242008672190442825842303510886834438458984806265468338286898485432996556995034385919654593562140411271631574127426117780597960470310063581541574046
274 16691348199230211774854234282717419137179030079196572191441110816804934210685197287627479559155675262980799777695088094297137469259937397976929848106906818928682023354698327690538749274420585357507264656456573785290109853410892259778846864102399298642
275 147320405290172501851730740657609446094151704924320695193215404185027395488836901377149498754427388178869793625323584119712047069709838506292600161820088819722861851290047954307462673507749120017244034145312850966855378414177921281872673429877440636826
276 1300363770557435031272903320710868017094236710979263558846865628577609968124402878854014474885453282869117838509959780992527081273836650840964444666135575742643934976297550359080784291880148060822385068466722345066384020197653474986001696777444138658374
277 11478815280102044688617076515784703927217146019609657254150680741825159628271900471872658541611903562811715778214248804709711293037057106486275915600294567026142293917647109964178806139242681231682717245678378969769995921024955256550069600466634177078338
278 101334961566599220657963043457566762198535500803691342952306085878741153157455783396143163665028317931528424115175393070559006964271589790147135416779734302368720500385931503866250218214457717182059307783436170807159631058108957276464576213764885221324634
279 894646294010994602348921939368545249610378372266223675977826926454850073775735905876838992210891892070647439520661972108529506393994739386854419916057837717519933061704851845026894956153984098011956575535194428392805825711611886637186962823453141695633262
280 7899016774878379984928056864724565503012946147276273087989971340812466053067000152852116898642478716379809578849560137136456725257713855591457314352303912955360988964537053880374593305938087575755988005876889940566654378730865991742224305381243693830579418
281 69746770719842500254893628408981956930243082901700241411692641175133869044860016464953945793082379365935047163795836828351165692294763899237625005060954927879918870743440973734506671216223214114534186849365321961052781679969317091319896385521104434151822144
282 615891720033332184381063519609008173608027023038346958536161643981278521126883545503519768226584521058388148610029727433158594707405978746581527649925416489991332936932152882495057818175260940014333667555509998230704115626402683769073955254097593502026942204
283 5438931814215342622175035746880375159789303361538902252641063465532448896916252525521385164069726760488547165265965481441552671630609909213371852865732827474143963730112429309879841303003743941340730552127919161443577800158567275596727066664460113317214140612
284 48034320123813986955226125957396664172082681192530303265987679278610843991637188719817274345490980804220883121987687479235105589815927494041599959737700657859358212796860442575638431432368931218913906967647056348973621201613596153561839445006971228038105756276
285 424246498388537333928244724216505096637676093773191839208913021629412243292169356337390699985481799682865301034078202503621586396141770273103831532474274950013662674836061302639445444707716476154621242894462417115357842097108672246471811059677606021644651756870
286 3747255199825624465132996483408991830729958055996164384902925988299960099971190229908712541041986331357326302400618044435937988451479420046059650659624912420704923515941585217659638148147202535392098223384106611998523711845288465984496697268762159983532090928774
287 33100645650413160015590917536330489190297744412180498966301987881634642343244400072035421111446954492920897639479436376703363014155905781423944438688730282757368321746130031060782227372306682155552887978889618151537437243999912840087987431218025028687450193558504
288 292406925568586230555218505149258835932654702923228394734812184167928059569523815798335730265901255205617431803677016966671804661462453759954310124810673626394156101391703317254904585457078205588327278566672410508276177706552993212245489298892584843262945695067698
289 2583251242667027986913133179951773472522176100496029287987178292622608023935034116438343454579100159519659441985856887887202862351000450741266150516581066709665768844948909548171600096495961719363422290594817546580844892617668496971905036603839150452618388346851042
290 22823027418151265782383375195036722674450725018419699215965252306049206210285360161414743644281380464324974079733377548738308298144472356510037701415414011758530260167214349348964776398982598924700819749808054278452873508563645290163136863429465134229644294681952114
291 201654204335901039731802501229388644157340341826162303818100674213601907119694572762968600519903009114260261887305114307911255612799052419304032597137484414536253728876149342780365941999763224151992004453181531150132159977432331513580966207179375270413725694841111672
292 1781839359400952119768138376474597719511345098070354680957944284982278735447291638726387517784855443473788034435064482801031502833813903565654366370379729888518271702877216468582762515647699991260332992246030291832593609399856772275204883161135502708133650411396599874
293 15745514916990770891817580132539578798506470509476390609843794162304552806422511888267636179890840071766429061465979839604521110977618371975087836883085801500587175616348480488665554591728575667271435018476409857526723443261908047772741397828863626865499568170765408246
294 139146426592224302063115153838784143828430738806818863108087217503993913098533016973181472690970600758632072888414471121295906681135401486197806375287668023535716401179987440624372547655015737523016610425661763763687461065948105672722535646182889956222568168526693365202
295 1229741805036004119113849290471373997117725814097968593908977499018379988788702244074497406917870026950906105018033054707272292062229675972678843479913747650106521022166951948226974051646673265715949448631543739547158671053963443040896681503765817463775484553219028669036
296 10868818257156359638287465843860521251412074145524400662208181533062757642002590430746916359952216880734017642472405654064015352365565670963282260449876734444586712805906624783882862126692836700445838222737701670542987487941613513891122233642303328666484777002258743395022
297 96067623951242166969740295000843465744433926488211048136996625237533395442383718179875336541124008568303794338292341321022505811594509948420859177974530710682173930777903799319023415553234412732344474249239868201444757338748112927827856897660606841142713611280296755905426
298 849176426546469350790134835158678884774836008090653995334536227191587699431725672310288537183938446453606050203147116440701691502870179991693045788306555508458536631673461171420421671157003850534698362057218098183586591884359332748376621408335111711681004190038096825835514
299 7506626251894840692595257904551553603856665334490169251738312334028056523830736796067649795399942960904437148850834099441717708540883394687846557237254977663886484901023990922738932942033667798010803384092618085981528267918986365988387297201567050953868757624594227916886328
300 66361694778687296817324184972778376439126950920569909335913059685221463536059924594119357045407376241170014835586417778416167210888523310049367738017635879292496738747627828089674310128996789993370832192593700510429537775557627396398244896277765777581555123808647537947264634
301 586699591050742811957528191729248761794998704453022133050786631946461938106094947377600717740671792887911680940557870122247229761881661958800059344376417956545746085141860558090270320647302751064283472401420509121656647311276201506332817872810196792740694267393905995950534552
302 5187278613004945297267078293946291672692248721703384657240765475456664037602595063834399154466124470748067272423555481426797919884907287901742858018340821601663823422463567447985475715272557810462942421475857483205981184313821765693934813325216349823477333608896733854981288150
303 45865768008521242712787987996082208703185165208617767621174744748100493220977992710465103002705884873268412433097954337298128930088380011455091480464262905035127050346345867875540498410155217051051360135162773082970008531314791324293195410807339084187790354595953056075577924762
304 405567275638233516108400106166956336823053289411265802780890689610370551566126142985138987555832583459739950723781993644630681103922177382630131582046398109505590858137997505848586866511569706697980559688365050034522199020082992324499746372389188302467040183483537701661939242144
305 3586428007450401017505364088179330479317084575527105243081832739508045386547046823016267846171669264072237221050541067122694764889305517883781111496902033898595390413491150549498191841482764879829174886059962841837665193392919396608056890430300816935897526409129162952621166293344
306 31716564852737342684256510462516548165485656185830501041632804672619825742978881288897886976803132028509513608181631612567821152907806006149418929848299648494113369469731107244715857169831240226308333698682959936191088053442653669966314768528700996674508162409510704101882722790838
307 280501264865870022678364126591006214753091624090862177725024447574871445362540554666555591956000688869219623051465850982531964797044367630715089650737374191173747642820099429302615302511290286053475558527202702381119972842350702567057062456507989751421913736851338832362039938598010
308 2480892801459420190518410618420804778773723068530713294583249417192762671520242181872183426504878796807254567953426002954809675062816018355334299512847534688736973112247784398153570069321119526158257288309152686326309314288790379551350360028521820991014647851205051689654151473813304
309 21943480410858983367096877355598466976011234125352355506711174413067771340055287635136833917343118862057580968661551818615245924271527913580778219559842544123313893480652571934982423958124299891119734395288354776016076324037000827503982445214156340651426415782781538919958891154776844
310 194100746163587685078242688571316927672684784763336572008451406147485257227267173798562478211722610698544918094606228585558327057608792893701513689425450764171153532019860971555009994975717435993289160724732373736126606844936346626065370801382829342791024382379079543400868869762191724
311 1717010398797035632232434525218113563398786263645571798579516754278584532252837766866657635935835788211158882905282014946545538215445151126043717775619264633295826312090723798928368041757636127297961281137407750783389411043519840860587662382854167788858476766902674357529014059519436790
312 15189466477147785219996511967672724533760365553338468665943360139629007676866580718710853000081284436232857147072492163238461659152222121948747096315786632426061886380596351112442037148793556883874223225759784382835815490738156325959957327627461629678184644906806283427666017971310716878
313 134380371188675022351294169475004608527217110481704545566438855773015398770988680958024417658234950753465249787198317197225524115739601025175237008100486075449634802434748413234733660509851055855356531760715325039961451998660630187713956012777215100754297006007522207907994679423386059076
314 1188920252887279395905800201835148496533892438816740679947063931598179364855230216126664980418828141614840383023315055674430718504191221963616855216007992709954512511657753934370738049656462263668150011857331616856498333084834038715478307043439264870047960076118681754367845284644577747388
315 10519450091541618333182736749029559943357336905011351101009103431684289656623597248465464027791177455200609373188563434081924944372196215268304548155539847982913893325647731017578918693617138724204377378701184283362747445458904183782745707972210298393447160127291077864755880676894113713960
316 93080053877972960213621133352044787283992174088201497062135823683968442441867612763480865445317366642350093585957038355015216129326844265637782852211414881362279202378285058746526393282496546653241400353941241403996753922067947958561509994027005867845757983394641508640938758611299289627438
317 823651217639609667264232719866693277416079895032033168309357398722751242781630739742145392286075252255330813889981294680529090713070923181530223557012061232183549365411441461103618123949123175623215275858462780628187007711387029450493793840491468116655178867897366793098753727482576651995126
318 7288749914991745155394449243818972082738266098555831003406892241080922994499696193841512921895930092325956225081522866621626879939638989723385450916128920146399300683007339135365215115775313518854760051990523824108808401557141676818580838116269543694709309410323403873926555134604883996319434
319 64503844004457527190033772160533948675668741267439036990093529202385028625060780376312182485606584221987720022908859485384005696236524129137259818733669964738072690338739643846615613880775965184270635194753376809326086271663000847291196624770172994953142073188897956941407483324976490228609714
320 570874763047366988851504299415435395653118310972564433418322219235327465107557116823788833715585415709801059359794901622710805269766703213960383235369659281721016570933625683481646829559806251593017247433966759226062824405932290842740036425641958067687323185483397497610311760607275925356081982
321 5052643449295197865647208481205289057769652115120645269942042681158708580457855296798828744919657403077231807942671720235325772870186108394419109311315039428206911235198386800003145324092204450372283167317683057090675624990263339389477755252013397345935880485918921860638032267781448000894647618
322 44721759458877868819752533254538663992480188346405837823977408425509653207355674720728513887171180486104228950490303486344530697119703933944924062874344307090954500948425195894927453418772785014112903932489903454960065832826565461728535141929600317496347685468717437665678108939520877213945393500
323 395859793124021679555427388877829296756666521678332402819396631784452092149748921207506190014000230217494480573600811328447076642082727648118624778638101718440954836753031143466338060301810235533184215862503326030253303744633954901601258309969149642504094566951505742133673411819220807674328490914
324 3504177136396724333362142542040730064864835961625053359399699473273863079499752326239966208333209994724114598066716887909326597755959087221228476819688144986684861571571649167560556734573014274767696183132417120507198355767909920071690130304236196598483205854620824320869651450811912102442953752464
325 31020780511199420000229668168495279157757375257169968650257521553307501666847937049803536365492180751482700271026422570313070244480039542895280520695176513635797060013950471176721920945359927919466120568533047899194906694617566028358268397648918613400470548082815385037004331451935191697566123534608
326 274625756812545600667934411286253281331422827571987797620479542720175485278998272491931222178030292569833640934198561218514855502301648380741999327163196803469477090818053900579674822588956188754953562168755177462190680084448197842633545292695199208074613221554652940991883033710699952145844598526864
327 2431372813964599230766911831522178367350403841616362550384497608138089969435195697217327498508283301775351340694264959217451626327060445781027401001652054883484381950625713660521954784629552760630877284414981659249157670948526193984446679525268449702277046094527099040670578321486808032787018315275328
328 21526997382005038579678939069504217000729442761382645130604004940630565754912154409547100071073123317822583115615264726979721624542016897138608437880827301478482273523521110806113848920065074097701597814632728216886494831940848701316449501903006069320303680761111692812401245249950438801807803334620172
329 190606120056970503266964157763175743041064849049549274521108268925457354307841969593063628508980214818091959919700784851149321563625642369013143362888998941956498982787770807845818387097916212743355507006008460144412169648759921675076947886415395476793630442570328812243425656579198499484260603308077792
330 1687763444020160385845809627788109589727280261857765242807016985529331099974262358913440674191151962506908523516245391368661288297986778295874487141851719399450144824225328602426249302858354166361230580886091421904466298506473072963316410238756554177253098001928697802320252382174799218642707055549923614
331 14945399722204048588115927578869963650550226040476509134264443936530029796209667405440177545167514491134542758276580785107912760765127186393649621458044392172052386471872404567942912393215376085470827357390913778478972911915899132259419215609893614378436879067427364729635874303066841899276791745939682448
332 132350196541731556139172423130131861000415955055854676812136412231403806270097897610161690964340852536329527877853544413102782191051946453341298441851331463736014845479142940169335082249363169670520597629204675484389034753555122416532625772059958470623080123578171752346071111675172535648296597682722383478
333 1172094470208419394276991092432913505717198255605499907082858956474632016593146483321458115271501049843588435627656190019439472117492934834649640101992347230156326271414386443937644330525408228902916565016818005950204360544905852139676822311151226051922790704029034633741507265896471707084567146866688027994
334 10380576884983273797926163948305513976174333298100116234672695189012756322333936103963737777489995761614105020397384541017120959851290055746980813581495083439287328151621747439727602618556584324258958681237871886909428073744451191779142023521422372361281311570986473301476177450779854787556320217779231769118
335 91939277004586636911828660054957513084172017452514307617572114249654508613064194784130923248715348763893683450848679924922538184983754147144392344608422757753324538193402941459648959749001712010193063699832359525836116496657257801764632657984960338481202868274382588007974278466022951998208661661893046865010
336 814331582828442230139979426703498774281638363797765420962113728628350305646282461460345063476988563631247364591002264269038055920539579131881478362951345948544703640309542254255910459570307656205384368269154363821357063046579517450128908760177845940339438793523784786336692839889222554010373825185991353392598
337 7213099970543558675298690476112194427556714371000711646239812903890897421957591517851519345010584240674988035759320676100824368179330024278682954948141577209616160632630029147296945610786258348187973838083969391428800685501047850183234434341050377529958776817330836120682002864339838873275639452960405994203450
338 63894427301275443346899622037285705966254362998455235105046028139125042650818626600562513701578538200985067827957565258037247203303984647281780551463965701491338047348201946383174604386028865620310649224593254478209912653327656098731745261756610880699006778515260569580807393444855348397005481946012992927312544
339 566010190920064779396884466109521223369624873199647745141127147307265618499015320917349651591622921496946063456690958924777964162407970253567852346066772617645143504201431878837404217172692064272714905667613851686155725909376205491029536744214142055310370114581868352038962003091566954113616781617130366209298520
340 5014246032551468728010887998451698697206150803377910819176602777235982407063624450106463975652775956137970813640649241725952781527000911550756845086472627246239985902260982085554852272438515007754560802954535923216183712555185535320662788683672595750512806787241598030674610844550269036594123677051379077715114168
341 44422912743770813034680333558068600085607625167643065633605121093935671049155528022885175974691195978888248254227364324559924148654049491872081523274929395370527390223500525050550303422296165062251557898208080777211403168217223514833125542920543949449425005295551811364176687483803391726461492420954503292142001116
342 393575729681714815352386462903942745801893124347794377051816610219798623420602259547614734941633301147111049641814073750592150097157728251695090707993629680286204985665913951747869170686570606270128627762914371127888420133769799838878571910133653722163288779407768806788332681328692362495563424947025754102930935202
343 3487139799642546519292953470267121743948779727760418047421709938885255678478762063073303331040911342073581243250459979762157850589660451880956225358010335254232277153792145147229196494438471229412752460678708900986441089889290395384388909662423692868244411665207120792454618424509994901119845482433567413070411077712
344 30897978374606889985460370944657440680348599392667898418165264860586677683504581314833139237920932864584735028404175307859323604348065225582183893386206176437366375092956556189423140242873020115211075111163093785559136771447751516048851680760107100817891200019215298977994225046033056383409226814694207589830985835450
345 273785418764455544253585370136675650922372336433539165060799980941024289879409735812828483916555043030883009362611865544185715446378343122927974949175658246371439317338894609124219119327278748306427812281446047132254139726459876998105158276827158264568009973914376485293266260359890208894031219525423818747269953017340
346 2426107252466630598611958672089147584178306472149365060018254368115205531787453325978195654364280722106809001516328360020700431444666840309620262213723997508222615420882141652132550283669283726417367765316080819741677204648652202380218621459341894286835657951867565064324326938427091730513012656061066487514164463375238
347 21499531557463331543535002214584810801242838898913588009271338871981247989786307565457945136983941085656601062735809345483922438487775491504687289244045320047257415482197538974031435256104082142307595449200728419851213126892951165883355033859461021766520801934557563729189395435007826233218639512950029968725660621345702
348 190531685045530605320782703376508138113717328531466610807685570369034550691965815326071729386599647513966177018372089237269186693620063002591148065714024405173549806746360125999496657727353149856362751600863014654850724306421145810749531327680957751433637660117915156845357055544967749135091282198910959127634391363737298
349 1688591191599294947079003828207804330397369851407250036652021507823538784903598622216861501218129269408766398896712677623420753948627491975056147479496272170432036274397931756426700326647403671083940687830900974690964157526561078608532922906353398475336580996990045312791364986101194090776780294378023320911825176145225434
350 14965830504519404317050917819797299251394571137612338041644957266196777450358755714841472646100541876112955141023492035721439174193609012767882221399909742323299485105226754857058224113789944642680804741304451972174851307243508726684470177181784768021580914275441573932652658358327468036503129247283415318107216846791450864
351 132646565374572134483910431228057013033036282207025551856407733321165567959582674700113805361221204751046165150255772128211544585209922419560072203040397845115006100924819803687907346908408299699665353645137900166308515477829787482226146220829415859077921593394277033822289156843324199594802072304535685767478331177954843038
352 1175736426396866150494877097130435535826477779411594507831319858122689275095111586337498701352382072382371348928654864437607713196054437315238297870147139438628182420514137067508792237397277697978087077891456078884765947865247871423076112028097359826524953470086514993829916468255786957944547554136318194286685391119532158852
353 10421797002262693629518940690996720142296270702263638862216392806013902711269421323624118120264070647374503107847819066750139230861300329111252446979688270486444071679414199241872344996015218519937459814044864067616863721778716129757047662507179974593509782408798662029364191790944593504771342821989509953320256859679107793980
354 92383372523610553969677207002203952253838621636041528309689889920374649103111677933041201216807303534962095113845939415123901907361203135201427379699824135731751721963801650857832063919036647969403449046378648275612991117023120369711357835937343433903469645924336690144112853954860785969858930980284613628194070507789677062168
355 818961485457996585083284211650645604691418074005075857735750580335801887173056281152741464105121985037718941491280097233784705425385657865913958114669987054101394251629309153642956285880446486798804210366785777463196652443720839114117849781308641621223919903348810013367542639899806805449506599742172117147618640737025102464410
356 7260248792146352884775797282001801705060097332916321972402588025060126671030199070951589897021003153965947702772410075183329415274621616563025877289898758644058101351217100942017532674557568189729233545936928242012628436804442682212947190330273254922708881877743104318132677131856782335973246969755140997376744987333811654324606
357 64366187472527110017028977611387855321399449387796755046124548288188151382091160135665362237955932457809695312113763910075304874796438299816827193573844766522939615282320840404892891244790572952704992617113100179004882063015181650492202797090648463534720774138213604054015089360301876500640409825732338308536241126117839064807664
358 570666297124199615822909299621224968838040230493261294603364824419546409661418726642065492972367099632918222097780407697780007765184969290006281680934984646954972637120323867139522812013378463401606343626910441516025491576260565894449240612808532979413779353285272580472583814983398166270641159544547902302791880267626056318514080
359 5059699428456966980739890190309506226804910962719440204687669969699971902428922374642899602247652886630977835757135654864752154081959151254416847838907330730220771912678747559112706448736644911848494875258320134995963710671054750293036112516105787359762615888659651085999458370716126350681853201411121963683551511654687614369997346
360 44862675257247759170423261815845478623505312774606556354990211299917364914586440312882091227859443043592048453002316203993358046108071346509609259903576621614014497389660286599444435858390757988809429352263149779034496429405625586972442590098679323068126522738064340853764460506576412718314792436543555756016673684014023189383430166
361 397798805089562723857516328074998578377650160556144644206959311897418253389442752406931209376458930762831599424562250639158076070881219782994548594681635391753163852402579450245538512736361502804002040599287543836381379351501277969964258059048397764017182441525044713144177811763130393727560819142144472358464709749056006577697138308
362 3527439219097298040820305259255567675740421364299800608130291927047885398499898852952655754294265515523243233756594148650020212435061529836867917423750405555617421970857218128602831082006652803961860079700327314488373549330052435399113310443950191423155719769783721373452293371903645471801278944024394240294118600325792204301804663926
363 31280469686284042528973871443576744011177352297146220992607266589016787281355030736892807900498311557673034372188326513540755328731460688918813704640449904540850605235532056432637191271239358602844266742097373270280784330742149325249142386907399453641190035128349580818284795018428864362590587367946459269696722031124752293657861365140
364 277398786342127214778535219540045707003139068912249996229143435533809590209720937842790640950393723638689343399046134412417288889533356349208935865865418380741615277462099009170036061681935572671007290931899329413910463025872794219071896088243444003956516926209403999479918346780700092115491263030660114653582954066749351706219829346890
365 2460103149052659135937146819311488224495327030919167849818287100855619784978069293549904934105944501735172731325546936180017374821615353279185141763517415579580816403218247260995758971471941017152365376471034486489793407916606166276315130592506466674314547282660578745411490246600102903432963627355466706717349901806530189662620516883700
366 21818226772748252896909041977589676598095588607156004264705338291679201164763453064078030839062184639692328961097178058320866670784946688336773645307587923312119237297517692946288857589224883177615629772239703219820430170589195474199802908698083898095757378974895799070791306877746706636424088530600724114772598923380961892348894570310924
367 193509756254820838877378486310290991600158563037027721597657188533581107547964573731713116592964291041106204255852896031847614737792369113643876629876519293533438605237540798618600821204206756347691185386470181614522895329124755337929927188693132644211181402040291943819174555569224410365998291725575919922790290899199006135466719372854302
368 1716340565347837535049951066530341351124101205062055771488422061673985820071883448432862064167498871053866201037604464625479923988899341753748930673245624653894292588186440133527433165002557281796104001754623697226632859033057916267432409195382707128319268196557426900195633208308296765321793026166201861894235079951686912569274248469282508
369 15223733130914624274106031058963271586329231105504602420500537871218953237906628903977158531571419699119726651112167929522587579584592215608274924042794308756367601734160563780289526955927880649849827606945698939097408185621024168521294504804144697132382350677161550804046685910316783935426421101753840745351265139690378293874982408477966268
370 135037957216723185302204983418861356878856917608167892070703427452858193040200730972462288241633447301522117006534434706901054199795334430550896409844663723662725825017946914352243156836884342708529233558462542640109583487491493692412813097950320513130766167315929587656952805023464490927855352281805092347941179402294594719175621810051417422
371 1197863875285289873913972201460976080126723980328542846810501922821262104081807708411251615367341209503262983720224967280487097347762326503059415361139444873628539025612830793111974427743912096166287436019134917537719486279865819180002276845867364721524192089385568598066756839347431719504667409232894329706374112062282180409138408723343301108
372 10626148886213091761288591403522746581236026936127506717906053400662877365753093926181598072906598549102298933418884204246991674487616566880110365713589268903465843478550346658665399061530420638854618955272656116405819752552005774799037930061660546549270560959300344981495507122448533875388147985209181578321330878115356195130809177275410642298
373 94267297418028395673559477642112923331665242248761873789786993520223641622552163366752463456931370790330870160630964091090982828785638403537339026231803584765705677756767746590068268074747675879410697567315975776336898027576901915708194270091829953245631553196166440269261875918369886102603436851550795981905879998934985943823055091234746604758
374 836301465563313755890043817137745738666881513059612000878862806018745652918988982023738261730968907144445787389092303091390769374728231931143147170712945164929664156217148323501476207100657901521276614412786240137285188031740671561815707865043289797929561824923071372758602740437673966083781619545927754757201607995650826307912972598870779034976
375 7419612308206081541973884640159282480673383980730720113202045653209146859041262886863292397991104402427183228816040222884955057513972529297090524709345672337792617881370782884668017257750255886777652877615047947816498046382656034624531070873062275105910986031723002704125062508541135516013862222599442947537944712449065147584839673059478641619992
376 65828814516170458942418253545774270567680602959054379088428047407473215827516735366774946260282075096329668999513111213639578750880723699417875269378006599839958092898511464551345610002874752645563919056140658111243691137810310599202743562128243250259458049281433181746789086077361674832640968196173571516504823098277788597828168332656065334994014
377 584073139712225406970131630306657172822901481095395125012915530517170694892104109127281212566367256599560943367983457708727904015274962158756410625397978271022690369687673292426752808127725610715714682091721789130977866609314199027783490937111452625424434738898428628748144389079412611014714506096240799754089592814347811867279931752869033719645602
378 5182445309122720515702534700023460552128730621040667289572298080081094465871980615629052709586123548843844988574900244406368014475336081144623968179238166837662668059689033062361431800595151115249567498672409436197996247150323861376834863677154039425779611131128437366994335212316252277561804638477805013829868732049827720910559939460342255070527110
379 45985236912527590261082460545910889979937891114550308751823021801256278615567032621068031752574815601837203807232227177962940302099765541007757217526227505841795428746753943641155421060408598643462237873280554096066266578887503276174680635586778098706303705413870094115886671434234506932400963730450410729559410789273026497788870525641643089289309502
380 408054575080859576738775447377713483433538565257158090250277615200300085786242037671335291318824890831015250338379383228131125331023943226423189626772401926868090206937699091520877915246404617484828543868543036020843501691808488024675733753446254737048599239699274455119980800989461010936450538995989098125075135369597652046072105223197272686270699858
381 3621046593644867928434038395824519277173644442937619454236070530869059515087708244053602287921372988295609373423313805316138587766491850797668894710636671537492102705752226810837925507719812479707304335637766622600400320420497095100269508387613579106415653497846474537600509144841431336234578239288603234475604920814789912604874211394120930834811286962
382 32134084369122797865190317597575685063294425276075901640485213999524142884631794723118927998497014190228757348823872076134180238023798500268608584806102475435175849580348978332100429564830834890613714009766084756744932501242981466747675082220619437436956770676219566525613513044333318937336979199875815530935305991685752385531132682366638109533584032984
383 285176423515166639207706399366188609047269548116419167602296655457913519317399717881661557091940565708107374163641176649608420634833345168529871356699836071132940251228312651802700872827860276877904970053818612713284217265913435514361830256690685140739087979196064372225099234895441113004838753704093489557678662557663354743168706706701612577282642973346
384 2530912299430459543177960640607831630180887756127380786716006361345334717226593364689629171112553078279593689637985387212028728801046495533814245034629951174766595240667572404364537250832145332836998661382626640062107514737358592926795534529155351560436540480599208979765829992694449350709524673510692267952489235884897490544366538826962457991122774742410
385 22462406521762013803916828840828552362895017234319096118090273006905562761907097855681790873373274216688464448669923894647036416114062426738639978815526400059231953849784191201864411689355702718141113263918165080878959124699877914634921941442076970766374923863025663758083002846156841280266863113079811647139756097212038248613914575451393979938801563482076
386 199366000457654811748825121351373619806072152414571982558530727840672043984930063646154172482190131247113233762226408460398126678658614750927935244267274567448682498770625044433480865156847138020121249528948611254620465412518432494356216722547722103282053102229989115512906712358518739408174617283101751821166888240210318422991363751486127702962581018047694
387 1769544371040799512882910761849107214766946878235328809098633523452356751323701585787770724213005463617674571095140422386720414580261222338768953592173438539979247564111801877168808038332787774247856131605103161357481943816624695105695457441866752033809502290738790431973282790047381513184669867214632071848235681208486292768199466046938132394125317202291662
388 15706784481683936248472569579303120494056717612313010197014776752227165024900184306145799521313173325654310395238412766764694435459110164800438347731685710023630679598781070716261959105649961264486933362256791413647254940089747736202431422971562835171094330451527446829152783290144518308528886251457888483784040749579921791177840573989052130866551345982382252
389 139421098563751538395390550348855080998583102668746663939112457248268460902760409432066354320386977859535427884186627317970681787299395282283184789757969430421741967763547039843567300303033292431376264609804115276279850379780487094936605061163015813545811944484156358701639391820741740544930893955381132999456954513728812467409733274495212930671494632338913392
390 1237613464908675541941092147632554285452829970882959491098354229982955215280597846137841802376061927091683565983794477371332832530662054036997888096803561790027320798182026671927136087710577271366293455848425043623164353958954940937184625063229290494909946773973772516795172264528280175366711513338918328716029564398887527122521944317741112258747965158569538474
391 10986434799574415657260082351408540606766594509733263883678145862481090011534256666583436063082674865461419118937733462063042920127266218973319795202866208144787398690092989927608482748645430956038146167602372795811266178814625259391047296753547871037255159880387981360145010397325045461479144494149957091688065931747181154281553847752687665108219534765730559424
392 97531228357806407050498080546496712588938324129008115578910417928941097458580689254997342273674113193958313836031116739017561704345150707195633564654509802253917497802043542279706286762979200774851531180381551166227364854869955986348041908870266439907081823318663412346655598718283776112717732004031540169106782517627261213824413607863438633898542945990431350778
393 865856024170904763978159846653102583115770678434970409042179257398623999216892559287899076207724088895324298826427686923573410644314175815919236483806889303795756352251065493125480883488521118365142118036288431483586237770980906176212061510454795630052643482044741333852095148264676448841748952691514205136737355793715858110443865086436207252647515524160963949072
394 7687102522571184940881108281990757772664907047841584221287758380240497676809404455085458077974800582602944333979337501710504669321493777931758805307689367979149752531743277212666938487029367223322444022529973114835308399603692491020717865323371085036327790254380460257892702237890311973476506958779721839396489942918232402337254801210428310523082386291204495744298
395 68248732406403150214552839630120151870210965212360535985293228370518801836923644648839228464402281299971796682155058657342476322413437562611158938771133546912364287047386996659078379760878720718161661714248327920367713057057542267579262369959908944164932648719059536726452995116955680891371089440267978526338355574718291142561452547800928276394585438996716718121460
396 605956372110667660385472489851417495971451587942018292192442039785181774339037411340004871179771465275763738297923511354648075750176065727839639789202124257891666220683650371020772891913552776539208199447867366062138412421502135648885673898050594071381412549645552751494786386259298138193966120524161170062638178917216783597715134869162995692755348473444266800844456
397 5380255504288215756334676026588615406215055417841589135298700791644811446376006666003481358240942134028593244240643548413418247151843406386912030397241026243124873195039332173688294894246571897568849890362799987124952730716907268271986840969322036649128531221576090144916274050397503601717947546166969573355780995865056298446939990227298539230804597204818526300098624
398 47772629544178385255226718166015340685171516365599629948038998645834014203420040108983772878820090099530626601202597206832015716015107333896805912867968162959504841333564924871541989319554803932517199826406270803451814167387857954848490591883637259104187055624729929590341092180684783570241129732324979295215515857630398653167758471200530624412656317848940081471370972
399 424199373086470414630520339070185693697499661739660042535242805630128798070829399210402281868750100976293832492364702299450603688387552807721134589553433114309640394031682797623714343202276226793540611361608105809865191386424966525034788741628830805220874235539190577202507457334796141693297424788668989273474214408931302586967969605978988733223514871697842737501604556
400 3766825089443078721023759297318081310423127513388774327651958178671854159251743378857022182584419841355818836710511304858542011377516440675349847585944643678455140280273105827691812763178047734212744571008883428108737314099962189769084851362203746961298771977118058303743838151897119491063863338245580549705995331853912366532713177938101903385238527634207811309467399684
401 33449942133023284820271690926699872670385826518079387031016453944577814766717478839570079867873765609059810933722710276558712766282097566932356051680512576834364278124910350808835200901961782408996880982434409419978399204895463166218494269951765586522441768905626511960265280537834701438720311445155619948120036505992452731995993993495714918613029244969606083828642202512
402 297050097821307055983906155128340757442728256317939496878303832554095641587055389593313100209352407413585407922657288048820890725733315008048919476168788849440800139348511242841390803611531282751172501981140927878974608004442398393417675562647400843809917818339307804720078919131952831377050993726152935093358149854646208429155108269551130904368002263550226121278710616904
403 2638021738909075697081696137091509380904294192671958036692927211300472201042802294571749152590744503924240746547040150991274232919298152823501975009654620105815212867220252521871717779542508616934761976942290432754534999132914892621322863213770125453147623183679710490364704528770721931282120148815306596604093217786693381486802686032817021531247950904477418533078267705452
404 23428328842040841437186608150824584477171324262257567494025524189676329746415424094129074654617350136616307244596649346544950232496793307632304568767046134518927857554842021916774411904897713446985943066798511573303916354838446354841761812890086575056650493288104640535253592169202135699380434244954950832721327325652231235535696054068293232426913411663950438090611613416150
405 208074305125957129436727490518945636139770481555769780818058282546703288458069577881557999150289321715253463781378597691592627935940007805448475684874248544862001930733670211988914244852956171973796362129151388915506930676134587304781506911666108954104519923014016804058128651843119835161200734159039690939552497741010467143197204576818239131905036422995995106631918187227926
406 1848033015742166338585409767940789619911892208332828068641732172062808741842560029726730720937194499889260235915328056517410314638069282993667897390150019942985549973809144010181727932657371665147545246877619061894819256901256544046652988566557554687746232437013101758905432606891000265115077589954077807991361802478693609611584610048427321558123055331601843057425241840949440
407 16414023865441018190954254158494574304959931250421513227272602718620800703918870086384267677894777830608548987750538876499829365288813526424190628065768374782847628869469797859273549332610720292472622779616848494448648045380521066733027722126936160658274735272652335762595458045772293809306505912898487424215878986939787871044266557159785399444708144494016105799966811427434784
408 145792233289862323880527857909886099379475583382409208828605297088529048458629062048113038594824957128086973335744444851461344983843930288832183009838546793055947552491742043623639788552028751682484604325229169113793123541019131481209702511623164588115417682067966340576218213186947081123156757961268898274310274450036151612021356589510109436071940376966115686966153420697188838
409 1294993659566928029051675497849119333893192825226050489337822871971343333708363300567395430583727651183812208594328508121520966197040602814428247497924727716172837497746560293724116242072889024913887893755684102908183188146299765786973265848134676738309988592813583303099987280620167884338453823380879887785206031976610305153942595131623206140438600050787978412618284257328864580
410 11503096235983267087278759810633904425224167277706812185871407029585856549075549515071872882531340885470459213815225422932454768431825248988885435848705819526694571183198514000245496913393816092288689374272834199865436326495354354721863227274305340635779953515261982647893608189981111615723813412411949780695304913589833128568926839599904015937530554900178023150673113443695974848
411 102182295511681874844761666807941135079235603848680842009176579253525536980540575183837632715468284253404038830353009792429408990983533873524741658759898958180603395732795060119364640763051926594321752690198433364727506577900426722954552711630418887622949167377765749426506084446812433188258611201881871192755715392478221368945110986155553335539107090844108829209799537920901574334
412 907716605679628991922408740503566032706695961643612461042847602883126943993268842839778693198563048425733354224494086706438286103068156606801894292884492863591015443653533748368675738827738099965840740148147843305162835764522470853248501501388767120258963228961608133898712200550116052675411585331306986201136558961055892979395816970426731370384361064027275643702782381047164963162
413 8063778018846341195025476582310917014050898948562222435020631148831182815131371408427332037114343404211428839627260265479984232668547849922381753880169046759325261541552098154911492566643797416508009897538866596138690457649706939987799394008904980887012169524435502938800178655462631602457353218542652267226716557696862830745839294931538255037092948687361480686855539367812721813554
414 71637502986926932648450259965478736485594525002932028593905476774047277269013767450911799128976936231824139733310598325904459687899289146642894876301024044840587856191316975743617293753612007433465216818980978720337859195054792989637369462485117902835013503855125278646481549248098083859166209438315287101747626226970709011864929445519716811017495451204112647627586397075362881287242
415 636437618847589189379759327640220369375283738014398810426627488651264270898398217914710871261446460867851450290416183421223598416572774983184354091605423969828803430059157527563117012848245536109708121938931901536331045000002056541661991513332606091397212443292957199824072065788194748568596260087663719769308342894155689632625177133157816600484505176542874138851606032107287696224398
416 5654376294981746807827255643454427566387059140662909036060765959941186413591377416688182924655957821212288281434085333257275881356004433896566275845256417407764999561806122768695754767959897047251345675165374798661883149358845479550561704875716226512252395532890621798820229049543060617602747655505890095461555461956554998780514022680841936871252351028192436789358359673583125954941728
417 50237378639566644805053815607131227282540026421962711253989816122057766959957587690962181101250991794836448462902620918269212915057227654997753284732848338040028816581306480000378322474424817811204569696345920276193175509986220616619691741804710078775058602428276761002214508638789493126004325972506747569078043029633728047351255018332115406963233138704701122324710384644960948692811844
418 446357223261817094418235783917021487971937171707858004429521494857230429692568767278477185884189525840097069333213080157949137529463544917718861444225191161575245058007568009554863316392610034392577839466338771847402088077668133990682951560862329233366677523916240809374063076391393538837071172129422517696756261443392821015954022750771738773495371226637509303715409111257618722249107628
419 3965988360311150534088986704903176781813993829340131638475665962703565962294683371147415461608848773319393188998956573758878407713977009092216054709993758898870078192098943346257397943613701767704492501926094319725711402630962798557661436169118599632085878690782597928057482135631263039016750076626254765042709881691730887681449438281412919358766509738894319052403958464993444141831445792
420 35239806196474672690450628386774102274411621398243162673685425043890397030235144741252306007478781187696716520984769391478973747200000608493402593021611100556193369519419755316143347426284838161227010300563029433927686395762057530478857478242713576338649683754990336120812320034657987756224940597433131300337091848497419932040861166398742015842927540741614837143993466164799545052867240786
421 313132923644600829620776421029514858858864392507641511230333622035682316507939265035563216943929821176922537681701516168285669460473532773800390810691155478436757601062453880968562249003916909668287454886595799925039578302832071032551805559522235195730607184089686048267112085334875898470471464302645554646647188121463891012156149682115184135129615423893554995065249952138707868811213258984
422 2782511949370351129691889819602996395996458226518936373200039645033861120924923110923845264387494389315687259842809470253351413812656850434226190766378072498816031799698362360615521327459523592928365169588931579001094591377797432447679965746968157729072678464866214458608180841270612537418239153652423001327808544816786444309927104789324706183190547606280798813806062428908013069883499511732
423 24726256220071062937990757636331873642490647104988528364153752068969734704872995247116094791577832920215955517788507923766071508232016284701269683075014235867428840032718945392101852943013639242149599029461763115034656122044956499141008085181199945617030218151801195690632119526452035480583427532255761310732895053775566180428448080243803874697670309682620282833131941622557405451384861044810
424 219731668360012506932003761363554176426240917414351618242118472104482108688262271323891454070573550646022306696864004640936952077951306230751034612465749107696493612161817625035386593401948851137485967928577660404825093792426460499565352399670812142164917659996025295472906338509547830056542506029880316366496053123754820544145394338109335805348761167150522377638161192166673830277953765425576
425 1952719401845332681365952379934900501216007699434450188992745893250531533519760756204212332864945571433773660496912921658134485430230907645036442591137854036766108837377568928682129842097792973954341963954179244629121287219532529782407552111705570187304488369040142361879732343004770474955380261699031169584901317320749500167142591671063710766614609668468202822395928459191589796042527034207366
426 17354011039104792399921715586523290463219744097191039995638456299898752399611429414819250117477793741279866525819981187908530501021256801552542954606042901135970397471088645734898561773139174302418886908252827908080561930361443954634669619821909482272812065335178019027640643364806073926719127746224393430101854434747918638058788590966018744076795114185316537442675771033699250813751206033151966
427 154231356181480825625743990446201367096226979068404810724453651349121090483365063069992988070709716898047667800732056798920796099874241061325904851688471158549835928031067395725853760173455922363673867101285733684443199601185274567311096312484915238510284071329757640051072289392679559318666935539546518859478207554180726077928471940884372145902789968990561322224231049439130498889118178011735378
428 1370749846939593940579152942777445196195625565064852484270555224420224495585398310202129247377829532868676843280676732801538446436496518444962760641139790923859943737694708854821687150500713312853949531531217469189845601812820192745820867712023623174532786639638699571928328958647420612976750524499608895557363239125129036042286589792728907858191094855183728848674398179155752644153493642345852782
429 12183060370300130294015464083868504374560326096061473145041433315416418464736188647815546142709860760126487239714282077169414751843446307305332998326884236206550553226795031447292984209810153962542309696145001582858263559615022068960036240813685800529368028808260263166982405731604997318240070997753751045449931061542644378036678181154634288101404284745527303513397753125947823665054207257069052712
430 108284722873340855736812140593681363528607565168269854126757872250410568740736783672148904157628834787425266936694699158699008455462955211494112139104404379293878305444162829973849446201569168466892922300584260479957656919791316536178467996174836334353227692938124503858360816649291167923634641738156845795975318574403912543852549582394067111190692734231927074847718268181389747543456134574135488344
431 962477370510153177483012592531796458440158396050866207532823272937186982179948223859393427030009208162487210746207659025476782113111384367898465954958914607168166981651659837708533427097035929862125706515858981808257938777263074855376739710397057044167574786452764434424087363765481965786106197636935095923772222795593974936625786707503867267937506852435472811361696252975630210647538561057663402828
432 8555124855473283049632130361011883762734114670159102163932519807063532559558526702316708902079637650349605237008019821631132499743672637732033146075026476988780319243580467034478057306270538163476841882316188448394220578581426454971701561636389788514190585613255331978073358466380722568413233526448415290051756920864946600679736721739556317409781090500172956737117194726162554494519804645093349525588
433 76045690289657150422487617806562548219369759435164830662832240045513996726964000439345067401604809940065453667948875761794930685640318251899769594052635704246677348324686660417105188977082406903087478527210723889434383638428876635750080919215342401250663069264919458202371298069545509362039566634488022905803517247605523125328385215634666924700516649099952286596434194047232167853019281236819053678936
434 675982158149591110415540843771488580984265175780651199727873225354682709127855600244594082648054201790024903434732306927502739953681630969797828274856220584095706920218792186614846248843508053303192928364913289235688844867535620521146228655713712670834216301474982481159202730566660875235203750048432911469601696662190948946532859624381304936936661630103565420512214304508829511645351350241968955427976
435 6009082631818133486565062404450088066065876853004090785064583179658759743693331805009898950458753255488933398033442237843154861729015048433676042375053396626552954594970296359423270256161173080292401678573217694025865368262140295862105878842079622086605177387876950973932858729309286609363688431480426170551007391261576852475364478799253703503460896987895174458738275053000141214222583623175968304274516
436 53418707838928140858920178757785174938779142612585079947978759485019701441519817443339138857247382833733817688046473350200758044961138165258155427973118842462326426551694064094127852964528291984243336425802151061141115847827380742175341993214154139037052546281325111916326944130671374584127925370196385756118472706722356346495052745935295085792667723208008753688602320719944369301335178016441041903537470
437 474887550906283486253992095859110816338307252737435463736745151087142108362645407868969273362037154281031734459846871957253189018159621122078215010244338299324718904901672372554455969576402227302529687960550058612289314203419161503148686361288856626648948626390404096881620923925814787211178657043988219232525117642998915254809779272623405810089766017240725350000658402361383030398490191886385977623488984
438 4221826089555740191227997804434608428598146438036568295669725508288809168909802099997372553747903291807681539057402115781253407486758359233668985643312218592231575159826818668775860676742763632326424484271263720178137315570154191914833425587181140718801077589641124981303150506137227816053952115686783182990760987167046394510711372590529227434706727564046512259178521472331591646622617624302893050238448534
439 37533752613445139382315581651042381256298023978948352081458392853787571526899199510751696328503054964935271868276817251970120822402368670813729769260082389645761933925925030119119158488276737746178707255488212472629420851661446288070205910965079766081272596978052901969522931629500125393669271305941612449347421679043186675608841932175039712129905945405548813398400386792976965674309575867541627746445072750
440 333699590419624555949927382111319868805604304222672195010668016759604298633628140796362217328859036117318619318860488527506503233122757663822450687022012772476844490783135710142064669517161731297220173520949711064374493570019480427750897091078131875798725418227084492883469186908188512815730341187975586615966394054865254431012778193239708895828731290336543151945712257191140715587151555921615218937620522846
441 2966889312842529237571014808762569855426996239551881137266387559876750177952606879443860744899300895781304168468370014192392442053368137883304284319592001458579663606295608326796566379910763341879801267861999290863773492423528190882735111465258395175722603638169674771017496822862109771553100953229185743654357767301884964748627025871132905612607590258834664771365239783380042810802938490375627462306134906548
442 26379037482995608178799495002418750765682411312513154628835947507655228117904249617940307209219533606856002697889561943552531858399760749431917651948389069048591138387291033512758312315757344385930402048786431657534572645576504530497480796673141341869453360191014181613299729997980637726889441214209880918577566045789401328975496488154676026247824093052975587929980067723296378197668601746795101056441863863670
443 234546211482710560004025869982474424506485504440154891446650989997191093095307310887844692516029865734428169538520100145570236157432966064010927028927424115680744870683736800433090546578761037099502735356832899557870272413475918427635176690039584238990835746642807465714152855924560304180880922530399016121259627052698585533374065547581826350579446374124558661948111884664543230852081843904738378035557508706800
444 2085497737951617592339556820296383509463261452936643532155930702225410228195468312204096065246936964512195848561540481776057067350169518980863572063844409397162986877137199322398127739791496111652631372862946430867403141150371376796056346119074613438640831587369835222248441823833225212569466785504715964434738726814481457257943739009365960359133563516293873996592033981228558798015973674510044573772736686084970
445 18543973342585989435699435481791817441169195807757548979399382774297737782948591484350124649345710790788904683761241623166363732922159497336099781190350993631320708783968391945006593750023799585131178494298556042277067702409912326161046072839151150366040851716939556033135010238147314865340831269429041910218397362079792826731135554488563243980657658650410998894909890853967010326956722300277148260118766315028320
446 164895036593975651813384872680804827200551819897628178494530205376468301068911303221216164633485878274934339812825519945574440338064280518030872961256874353301395396824887225489712776148769936979181931700789855967822505375242801701618533838461251461500447186680980160545786162410225887816382835135158537208296573404901269608418016290080099902629410350068809309937630937309583222790138967418845078223335614665530168
447 1466304063830831418984377309663446458058452784029735395532314588852924021721992566190128047207183731137350942943284272719311675380035020472564470361119125193746299494152743150969608827701196229103883631875505499369773648776384578568605606357410300705539478387538647522201911184073835421930091381779116445364974713170654923871247123874714350601798884425879929257985720802146824118965622799236483602447955358387805316
448 13039234831988981382214904099455872011669166015701592564370151457904569403276896619143598190685370265695386387703510936181590895402563354273767223276827830921309219470231955165922486326197440794793635438061218522944598628122935911405984172371271382855662203747954428857250002816523043133177123639957395072009739486574472814792899310980902089774484624570148307041261469252551932369326637032517274448131328214847435708
449 115955602798866638923704732683229079297413734739693395613131477388581026954250615871368339658840228887662212206726206215774197997130282447879610361042190367675647767312859562180256370585660165333570529500987884115600695269031746071102328796308688360999110045755901673875680329633807659722228194371208374011681859796910607351645745668123059293161490523430495301593708258664081466160162317439837510925655051873488577196
450 1031199942640295228200400584033326234735683552593080559644393337344103398510205258128806344683827824134628920174971473524504482712122506539177997394600679069318226068177077186907641199561555277018837736393265814859621961909104430140029990523079319676658320154062543409940843587532978652677409949897828434624717875118972366228554596928309982863416882916065179811337496037527115759393617329810087741845608015112424209874
451 9170763268549247220477558311241988255053756613153571184981835112118106093349583085105594381296523029926077520894863725598704830375701675217145873468785461100744507930868681634563852251152665638556846625804665896505496617940021627024743240375061522784763806719154353581384319789452806124934825320943449769506962593028859153202018644227524619600117162921354970854044455683918944688995038387777510974636761858448005938388
452 81560427861423263823769539708842320922770484473316918661244094351961239423436573188543494027656654607507576615427265580998945692659567125095803259801811384292548223099503326147774297355834856926433089280781063066958118740633438842450197277377162257692482875069531872542044897878264844954006227277266591987732350748952583853097969588786479762420714441170997910267158250109343487268247662067957641163216717880130904967878
453 725378815071386694657042245279837241031602692879544303367398106764871017473654303987959769622880861201528838112221109851006833161650130422777166512225891883339237286076338640556527303264719780809656063998118163369811482368153833672921195160741561833354540471510528557425240468099578909391063675536957018985639802939812026421306740991981585115741757990427931549428113796509600014769306562846358606028545187377420452361356
454 6451512602565406505203249872096426455644721240956493229416317133185560410179966163830967565174959951000902700890565939695427117477246293172239658343007301987375600567854778102961013390173219559241668425691572917040810802470754208712370556771816318614044590352069424819953220743158591318199168350960102366406603054823968853583501197420605321837315954845493014087881300078987908035096265776509821970862713808244036402362836
455 57381182344262668280385595025216331082810732360497155961975733214502545943007617380001911137212019386067966616965770547220223168545126981531382588126218063517291904881817494709778780518593693898636166279088336519922435269720059348270642005271030666345146844718024512440119744053711139947314034868301308978770874097504613806549826351040156919676520239859662556114593118181660791699660706140714718629911384631240840435174270
456 510374122995214489913238526075659390764256255029739236042831946138299270909434699065635091166424408081609981242786483211894129566133149521036904802105856337957812791525351397626765833444641588764009569352102228448301449969351700317374742216758628968296094903748329921970535046913309634680171799440646849102586612030949689708597894258225834009288472582472035850391718201180377654586741213156411677065871996436263906747498410
457 4539614380258981840664274897299779339642411774528540712436034131146413462769232004694440078585408634748908911098355371136459723951327653057544551819211522623869955202721563928608787033043716506375026838240623732667288490023216770440856837139272425617342754044755944946099649030226234438442753758604144531006159888438005511996330881555667596652605526771516124807576260302077643754045886707546067596699856439646659021523443948
458 40379449457434408701405614688855961582986669002710403912493222363191146783533054812608938362766373752754700168214610593429840435286539980333612276714208565371157007416752880996888545549990801784327794619331775067363671603878221429957661759275065118655578795124679272931360374710478768532977886897205298018064780632967692899443749200395783248660949722780991406643134073681811195651030537891300504719654760559969257265569699636
459 359180614707799452691993822670569638624356577684235691440335597495030412634864864861969347899135943716612077429693476685770179220391822951940367574356818631934122480101229395407527561998118575896526058596931065654530480285249037537485855366405409663402901497759584245118594906848998798306490867222038672304382280171606552503541285560675834979781228978284730799863957770230577793989579261982442248361189195969510531178983835522
460 3195040761572548682761911540286343995418860411447432201452498188807236572939142513200735793575446713673680271543555517033198826692218839527263068392192462909838894178626235004262012135312217363050798251402496487128584508877107891616875000237529335829082735828913532906659724103742456424946432045052740461439622670800606555788099205352558075499752932392085890757194271003051175114529442989770232298330106705991375633120914639624
461 28421754718046439628653759895726522140807940807864202450008262761056153601372228211976713077042347596350179044861423743035954558003102571948480360638636806455138055373181960674085122840551821839389204407718660563430350786367510192761920867337880031231181778245740009509980209873108526548279903828769396180446794008862928647475093886508999241892007606462744069758129871391058502062040760364278000935134031771858604070953292733206
462 252834476496652241823673098047637395165365843166175975161501893512909818219413881934727330153528418208699729466425439990900741092831059381095434832514049830366924525261767224107432295528205644068681880151025483285871164854176164199388526299658049409079863742496463854435262837484276705373512660190429159149978040549300626992863924512374413377673403449826856742982093633688423289486546149532577716913346011006438422320512121757370
463 2249223315915633077988067310291703814199748659909250023482366615211318478241022258627498865111904948775658595850921936661934161549508346174106073813202395712681551424907477637989817507156563456316078354756658645999462095085158192117569902747741552034232865063534332360530784704157189713852834371866442046578077673002635410820201743882287512754850767913809230980497687133695655180325250162566512072444375665973751413949942292073002
464 20009659063583112407789498214951893703639524304930951754527448882031941871200545143339687383841419796270462330409654497399912464922241488445332066319986534511112097268993115107217730519777145442740594109155791706840656604927563310049543786637195186705352060040156882613125723023032688920979582203847988830438325779314435169292509850855340088410978392324296048189680950369245949656567002441766056204346781413586842149775060874111350
465 178015403864163894588252021066686275364521948690337049897765811731946530346132564628525859070595819921189327475203042207923292341589003296515161653839873089270241747316272525211328049788777340086660408509973675513106340581119987806871838883333821086930441307168664503053371691410228500560246941420294229361664274613261891323271654770932336838275280590152847258033696415776836681672271572180503668193068972209783835754377222117695186
466 1583748496781868612980895708422740655517371512083184797341753891096478550175444173595848498836012877460388603016465582733753550760612535845443132075099108658033290789759988360806958579868531065608008880713949935347046203576923596757061342601961329735697743738713886050534818824905340201521112845399439083668464548903332468030184968550427654889119137638351092653676500233335743958283843602690224384505199544934052576672471158850070118
467 14090471909556115900278101553420250437026695778700646630721844215487767267808293074585682504498340560055053165331513606712889397432063940216365861156535362763471521692231310530646454826965251057750293592427715131949805338012512855850082494786398542867212661422390390402032036483772997022215685565621554255104239025433679072385791862463787575368441546938686004467910591698800857703564226783325844394244940187202521989519585686574349888
468 125364769590810730477491496605416221817839979840052581738878275758122422450189389754970093991014610511898180442038744259116178095293056591211852169824380026390628887471422320874051611399650050758644670052467676302330729667402575751246591671768384613527525899715891472989484666499892471345301158270851261324301579687936125868884632832872947940541408139888081914489416340589606738146638533302263485108807969112345641044895772764454493604
469 1115413959643637440934468211758682025223800929819473205065098525980243448911976770847216824138717260500843461835591574083015603843944479271236520908570833658546091754684278178912342324606021110121369456878725973829009273434706932234275058593373963298832476926777367661430546862185162614345216490972983609657193302522403065086877485220222694046916421994817982153797420324430706626024622584274369864248240285479256996157481816938055395666
470 9924467172904294410949636273018113454848508320023697913952880078994940209489241657491585711023419065539503196316873177379785359521400324205104881845063786202105373654765784791400260265292525764172029863603791594257209581563008930568882471953399803899228829908990346638432471500985619341607753427259714147656775170444607897656681389435437934198488770227547980074028093466277510738449552047703001958360681875583348061789041630488958297674
471 88305719700501751377976501457217118062646282340516900299441150965606116751034337497917066823680009095586986171067249148522414739686209724775182030486522740665276727068417662472386707617629831206241150878352716529614189848258118278139543591495431995718998657225392111219459251257287450971984318962957933833897692708003171692836966908641422609466151462070909522045436082827815453958127887133960009254788821627950267434331252741214422512502
472 785743750934576592798540693957996503679961919965665065615937046424481302553245127172652928532620178137879461095568347633613150861945638621842841218958788335962149738134370914284893098172332159500931810335837018390577762049713260772963517254734545695454621052003521733905809606371691627982177145351034224730460687251063497013946460778570696025294213291821698003448032081647878721727190488745892859956753999646916281237778086229000004972448
473 6991710852430720971868165502051837867761138220115778644412591684596136787058104725610454742834004881952768417921150656957452823353336432312999567284167260862101625903213748410814421620832867508076792530540722622679581856794529003288780887362542498796241801320396638906128881873435247571909367138918663898611871113028715550817421158487681834689622785293431599524594658257268434654008765907694824076704815418994536823953459134779895622856766
474 62215179960763309412630422567328463712764527758721907713211365889974272890813180118338100760906101264792352927098285725930993790139951403713789899851180230063232510759015293973401929231891666570028533467305670789245831391793781735162752639814843994009346758096355088702573154162817633053712223337804360031339246243147198235323326478856103338254997927099036168469860369161739801193250238186224084067574646353562245766036479601142335036660066
475 553629978919686337059071239895473166560012077195511977158049556617714775404885384848762243020006583204715044791912844603631567550354855665148308297663906013155560560654382889607182295338861617552077959270332935985770703167672210177772852296305552582277868814502460683413611513255493169205088890067005973830888173288955212803518007062036675078942421209230288777253842842001390275590916278615413752870549393357257024450085803964031047619864910
476 4926666086376181016024438484255045208190298321322903920214919888925825191334062370578247670916842436881149157230923969796920551258207813572902206857653277143651832857002447279916995452941242756373890258547361954971777360712562146498638030389831852268031387239186019724475851334217809418171870204168127191717000445305821609315960849119966212650921434065616976682159180379427362807473615938729899108163724421901843733928124101147429955700521266
477 43842661073930892564392834581910094675267511348012230378158428343887939366303757121940675411574950732823289163050397033199368815876693603050822731774543919052955480871747500721133176605068788663762160685425594576754899597679021954706630104487230777921429028244168492439992451825739770868589020815681942933827237982665467205222162358889850809094777600275183361071560879602615015966648807027806725042178390331239398786153611916597227938920933360
478 390167319873550629608081772072970467640150244347233014171878433680859781833087063637076346854550955005014386333012202387595733193294861146424469717032793077267923039104655908414315611542010961719806939651586691332007465442906883908634057947681052307684474006703739665130088437466617112392603217607423113982151677954883831988547201139722384811367953730602314788559665156544260453654715994212431581031257009020053803229141816056909983133245311824
479 3472282394284530187988247107983805781809483917897859813748265129936067897882117464758031228381735088635784382859493940410335505337454065073413428983765057206284086070598081985858210815480581246672324439165064896330302047773003528986169040669897730708692575546329852065047026446867635617195073019785259036305474157650531250376852456362065127698598279542796552736052112012423726429706302355026646304710297537107449873516938756989183455062632075586
480 30902193510598182549856884603689037353612801903371556389839260086300472095068411256782308368079649346491886889039574967400186067542404160766420536580047003898877897774284203135012710519141664014610366784143965869189996063672891610322707069455520539626488470064463715902214333166804416486412436623718522546075702850614974554843353252211120864845562281469714836127172859910912958311774802337734094767357621515481001248649150475396998866904007550150
481 275025939466428773767790163209622365171167667869465817809002759615700163938078507735848323293962941221305871659903813253559899929765464169824029215242427378342744831280202712385640329239123713866687100377473341684310025345605993614773464876913535999635716314352162007474056939672285400600642812384397385869338544539970276749998475518532960624166754209504058677208124077766526565518368072473241546214436692708336365015376464607649862902006860818436
482 2447755550083523016820006083640793194909160699890166041830771549489350962135762610971238662058080284027361530804114447709078305742295342147289316340524312285574265609132332974076682080903395757798784215785831335045617265794133348605850972937396219948997918578826225279694771509917887679548283819888415958573437438517876614800954349947850850050041033612646736736148089502391027139064358373590315311775181099481069536736839227364262584382791364615752
483 21785745587673501907937957707573047702138730314722230605610774080542286097049442655923806096266564770310592760531826195643854358850675797370142535244021781838890840831650305656362113048461605275266639401563182172477450530568573953339723247500762362283664706253959328009011277887079198957133190198182454848719319114337397613254710024007018505547805571599157963098951927747744097374162715084703607741884131275245970413503108572838158280462202252813320
484 193903999420928052141228691504510873722320146562544854897377291076835392181298337741931765550577596842419702586670783947074041819165292568307420986631609629323244460851336711314144663157172326320279763485833918272921448819225846050984453732193610505713140708732061553885779327957265742187589562086697727463526359871781589065831533467857003653652299792005113805496412692531090858704093285794453461293395942573938093177758426786127474555725833640303994
485 1725881687107941620084232302196674415874285311005398746197053382217505153710920473797916691868101198185323106021218139399860443639039609861656017254395339071986793515065811411863637867402610897943614933937399452925942813588631715393994429504473049218621960355792106440690159824908848202252895277531163909382390169150091350605769610375645017721557558040115121387869991929652269789339560959708907026800204532570010014270454492431037999181989178825497848
486 15361907590319453756432229749567714972853253802455625082914549890625226513892853208331814684905239669403890177221920307536834262689569990057944075688158279151942514241916976624539289231854952690841306892178789168605176786590741781002222337890156852059423046062073490547488701521327190801404725002754155952681198098293693160090932771327872196718381130046708119938307820109220134190502326556125350551656264394583780530010007899626738670388128541843184014
487 136737964154902861476297808992741520253052956937250065335642514790138783114199121395462294011958051030430434876337284642541849366867447978741140047404162316414677342979266188702454979770228066503000909376689637439397331906210472571279248940568178046470688382865663342583884611747377825887930274441070416986162515238750333187496775130687916529865993153993307725964324478060422463397452718891121827735173661127992537204239039492428763885289117444241711654
488 1217146527116766426387640811217529606000069764613420630247845201938353400009466320762846961904958462071183754647462803853880268236795547637610105240789168300797659590532864808684929013244940591372678783766535938888910277526012817746221629328192787638750858591970012341514346376259030458240305766015912805747206077109668113675872877720757997778368364726246811563054984604343807050232285809349378103576000047748775855534697208073120754258060184001305221132
489 10834437596380978673756254048308743217216592724820443098130232614703913346105726199978278711218556433493812549588892955576221492454706514666015102706112055141399414586944481700164461662844792928746482645474707319402776893217089399816971618486238944893370794738580913651317688640258721807929179932586500596327396372198973399701074765874723752584375801388456886634053142051333498934449187817034136265019921459436813478484740884863196817816800173594659516698
490 96444972732385623015873770013237153431786056513194485022334154324319034852910685802469326651112817987835652651732115322512943389727998317514093556310175857769157160341672801936153282148312143458692071771294100066519559385683560751746347485271333378418085216564454924565617415544962061547749951410355126850931144768913576388742197987500010223386766477383245646567095682956818905474887318794512350542149508570459295390905919817577416434644350189777479648824
491 858543869143347974337612212226973992669154963088350776267118407645326686790494923931774090697872893515646431565926364647132943835429697629111546704971467440384315575058236459434433657534389821475517518630377360207971105468767329274382074372370133657305116960836749057433974639563666457859867985308355866321802700136010868803524977551031041327926770019079404358561786117507706285679055714191985377615048090787020702156297688720968547990815743179263085980850
492 7642844493638517528153694863076512288730552868966866929745969563727415414355341172890886266149176684073530784040753153664911409319999063958151071614387575490473644788229613366174993195132075249133013966931440997688425082705234408062144370906011126073603223803735736447789471702204758657936577341005125040707754677849300177061980834989444286423781024224404629781037558859895626277932945605486392970471650693205518412162221495775225507940124461626058902413330
493 68038879308559790769129479759610996713251539288122846972512159824224470398318817039176911076839528437467297742948376171691535941754253773155928241907694341513891011260069103390137628224433062475564316588571552978590530472111643189711144364850722542332841281455651725592775134399565502694073623085587503141977001771567687079267522419564482867206667252657846337312921571233662581743773422798123279750822868635114064890416236128971539092946764296530901411918634
494 605715709807575980821389428607832103887556918028274457408813710854282881964100277129583965185896962325296838725900959202219172062708092080368581222027648990955369939472162209242973499719032201294397756330779890729951026168048378511786394582345537325669280644184594358820321069457986502475311425848424796408708254867171873652033153379222724970819423972613043974074457399260982586327493907493581784364145828680728645435596747794919987242568105706731014493772444
495 5392498623885710903985900930892185885714229222240670546709000767736982684427358989752757639819696042193674651922478141483368033465942960336536076515313571433010936089731181629156427591341516862366958118117354994187971072897891649188527284324617594377018087172218690835699082870618761475535063184942072030946619120326459671572654296608987559966878054065503681077243703343815560744575167475775506859681747837157046384569705702290653841943714964037253639649497130
496 48008786572097831554902313943564198879878133304141377405911240063094995068745745738674005230006764280642333033131426715159805263815270832100965128861314163978497871099319583873397284585227967939016070327200354065439105682966597800756054304349640199484968676491148689458569458429404284400275764733723822676110233449572625599752490223549956088247141953325471010435807097730823687875470758047366668711550900503474892097341665211211582269558817750163181727826018070
497 427425923388651445537844690587074187201366526103847630087201469648091267741694679170409431142332983327117990322056923054188319557967139925353209130394518529971902297021902991320054779885770649828718532014206686425557995275907102698657218499880553153497357126410321751531711434883881879003386862869127391875558154310178662467464512396623712833631301687637115868617985690563083848410747719905940022248002105393438444370543253095138157902900785587250798176681992026
498 3805488318687112900199089079723972404153285597661834119138706858966316185080425175511491107060544289459126281159860787416825203150383833018235663385224829538612110253792267635946070389423708947366611770973020193296066712449502673995593158813804607390923311313059081686588336830582298083127744816687408183160632585697599666240301639737629871920450745737180647905024402684836838368321975733609181280340554094379941900474151562232852146666450146644672027419814231956
499 33882020075791926395002335061469686656186872236025610890712906993116432391395373776620192602563331424312807275079890799964047284314876784953051307440897309326623935558534647512422458865227906977959995160752044914226699317034845627652205543538116071158464455201755349133032561752140455677509922663577792668741173719038962170262117788266280757957306762580584084066014058406203145634374545912575888527515899571866631089884056629004118581276227194999036066816254085550
500 301673754320791975782156717419782006183226972480626996043840551717271818213277371852080742370566315326554614223354035957984305837234778583342301131342758076453631425353673209810374375765374290688213391932256977129364057461037728822047574975061172447670451849377088486619503868093522743838971130644430723341714848812391634575598886878007122209510701988224986153726848648348467523151527941947541045458986286938616419440844458876464359686127432157421347572740864734498
501 2686055946035092644886190830456306437043069892608825762739800343383081950250182817083292462003322635710853464111827314485257013889310598294724277496524365196203112971671451280766165015306803303640475156280969068981701871453823646828277165607154632449572469043667518567672053161068576801683015298658506022229236310545528611210983536412307793533741652783598041801080858343127436089103924810033519151374318194946849053615420541359115949656364921360988661725583380995198
502 23916731964310363154114341881673449416581105158012247282000198342937791175878024400681743609836291302381010225999129213004520252330497435269427438308965797231753357953082601880774577367712612473510183883827610316407287535237099342844744230980934940649477988870549148790863571910889611124617086254283070494458667095331472819752396420741579703196702072075838578080393247057317672456742074997631516326691080540929793235147312965193097825138126859755932046229803142283816
503 212959902110426380009553304948614010346723341866660780426569654818089144079496320629858188059890868652004254900292432598706571831329691966493479063339234477623356109595003838961194681992129686975514008135280199553874210549576975789276526319677824735900492277349268639663770122184208257621552277934747739957102852377310010483477970102489221616830454801182295222910068817817007273453608979665628753007510993687740517614670098746758844089919893150576856772489284877234762
504 1896282442223373216030731356221599950838264469486225810473994679306474811814557659511401754201991360981446777656952018678115524157310771862202260087051521500948091258563664267012062382246156135002439297067834447079667835189959348327506760478168215725260399049231383265018551298767116279621807589409492529504513178618545871346882598709910421787889917252180187714124085624674799178258419370244045290368402228409402434945131650449531105253223744046054996602626649640419256
505 16885633408949936230638113386548098859222671783396199531225410694142740837419053602763305088238295871775613835384827836966146257658198648330678762903185586900988223418753631782118823505732617878082048187623257373213715745858445617421248200180938296640346582633784566056423967490070689094604704402849810200587049417183138272288220962446426341890224586309651968825318874824974469684254859950526877329691709513888279762898107541079058949296356189477917402703435186896985850
506 150362936960830517502625972326281963699886753719125828626114552116662307766760941927514720877754929900078964236034212665139529909621346676008605972926299120257957533779185618608007987663574921678853313757646006290439548433191958206107786314958230237119222432324371777989662610031297618076017017963482442531576294266671473242841747248649001293732242980282308749313667426715449123973313298277623518611971526032994035420809846772105492357562925170374847832044591135013223784
507 1338977621993623698029205767279092391594617849290819671118964426805009028895293903899766719766979676320304303204026404500149768803010427259153472716394408824424603330454984516132590804298403509421668862773513441897116794800485458906844986036469333421273087421890443388067814213645241703771139024224093291283319903909531271168295847753251198903416730307457357466039714581981448286193089767215694485493043038176353087822687902954728378520052280110559309891650450464591015200
508 11923805337941435236387720014052846820730734216687449494018383210793866719698868403121903605010807130990261081159622705304026120249497245690557878967646080321576044704054271096186562371910803902667879191340129903855177992759462698057365256004254663713566694518214674784814865380982786566923444236851207951457188405216563295172288368217493340496978496358962707263324366027345762334054516662381401275130991405427580278005311203871132930899762154430930425744991924006972202748
509 106185554722641349976673111795248500410085425639000086239077430473705655311157607040514311805624101378754619666290217247087520056534561917604113802002075498378314388570130434697427910350580899333377632778100333420866811792529073519533718636315580589775344628115553981550339113774334019417292182473905787357993207289469554394216427569190108219903856529333869677300317324903303664987532343708044668050665265367647030929606449168634554728833192193463953761859419096488115952960
510 945638122715312930982251792357228340319452756287159151409741122900265378329577306486254112116209118448774295962250115365979592954839064703376558998411063598292497094969850017016689585230612243238166921927070607804989489128775164622438981714804475471581052114839972774107675437951936897190098531874089037224012549343658202760358765378976376259440644090881000436393891238386037361934282745236285061559069142843043894858199160253817442290476343937201089333956067028211920595204
511 8421577280519432043759984185356332439606077602860600446728489996323935187446371148611669418220004024398125601239716519202805638339039440382576765178764410819735544885404079808278214995801209162421125366892762184035584356484541401688540157581979078218852190867388381234855195338183313327196454342206608946727696894807201328440054291175824548565832547036759089446590058202813487932756365641464890950212069313344372206540946531871349720500374058962192486323237775976171371458382
512 75001647597666901286723665460294126146672192529344616568428564185335039512080996718425740509562970034912833703242215607641462308224083455394911420471279484003728288488880858446887026980178170119409236721340804474400686819267840005139433807354782848662359975737003809346328324045627755112718236479838235168063013243659076436845059278020788032852118615181950770773782164143237515566563745826482001621926974395123764844245676943367475899433104764517611131879463328159193357850432
513 667970117602136475519284508541518128466201617333661613561037247967669419067940192235865524233035952400176424288061628465424308995796424835784701403084669057245385072579097775479620907703913611918906146355140162021350854492398920582204991169037233957840411830971515990126132753798318183656246382468266488755933798763094810771377659846619000111843053873635415515017511789780154465371967422188316395576539689501198732563531265017924565725889906823304562722846541495786404356236646
514 5949111314668948681757799423734823792956560745054574687454480087568215625470325774898304230145755938956288314665098303321850725778599076348666979947601126459570274137167224797587600450615694728297301533743226318336874638791367406919591749318290726619493747181743519750196582781190153315702498517480450106877429620923393005901303549519243794331672177391792549001506600890861774741628209785551211564723573442348969930001650491010302227854500247890387422904090925665754354233017560
515 52985367679755403499283049739125187390120901155479121128768888540548122505135047595904636707734905059654876405863793117225053275830804048906030466371213324893520425033015782031463453188604627129365722670421021232037016291338639001477095588911823377886594605568179970679694542575864616788197333289463165529857750958843392259784598241968116891675928174113840173298540228492427774399550896650935623224337588087290869871348850847886098439783152416282676499262630332123416782413464170
516 471920205154647324733596144912683240020974037070304198844662099920659273576210775803807987214168083649989342797884784575490758877090659717891518905726150598218704189972213122983627324478839548845908517711358219645430680457463611914122454577576521474173408980257171289876524315398188405543611198742238356009582677850846733562201186578630024766444487304836715283236538192307382484055932692597357487125901636800094963388043286444373370434985001164131740427446787719666315678216216058
517 4203295473986516561758424134111720727734717312691174681352146645659458700164811963728187342752274452505100299356622138335201337717774496779836610137373702722987591723860742287889742088920240635895547369567438108732460453028856593917206295537095754904599674310737225632039989338268611972702099156103574689082811866484479801260469587035908530527020070741471617932112391129401582600668896743655589822692122228319902850329708487855935848833884878977475845414766622234035030664632400508
518 37438631315267659955195008782812945065242340540693801520340598783210143728171690917249928089640163874815547863101433147410874936700591829623762236062261303987792887598908912693442555278481293869712433642832380183507954712088721634151482957762752163677951503518479768506716797276913630918003450461540846442820389841687410663708938281307187579452545435531260767893549798593189281263413049580965889946917512451960274505204454956125448688302161816811053827196161098841301196345172558214
519 333471457936917290896582082243654267519484930856950603351810927458985649793795370730913157823949421702922363237211930280253717443042700867177044262027438010741570633309956467271203610883914144768049819022144916687622847494287588260162683340917216065844939050654128466934632129672259896890343374719545492425558578601794367955067829210538333572572688185480548454160246809486602077646913567504802253875422706367995470322752382488599202112887821847127290703087513614573713478040474660368
520 2970338891557223333664816057495075851314582564925505877526275734866048946836088175721882707860875257685852067412677610405014520041873932173023664980706159600057220780325875262609113175741381720912918112001584519537927311387063589942503739710301798492185069518805655266531781410098227368145454003916478040042529250189137064987946710142288377025828182604826581783002976376302337506819137240486196346800290874763131219268941439213418154396681643135931931668690624506999635042295469160478
521 26458299635207718600892773400549362458164551402069197542431109047997989955284280739860344962679052006623294376961574889596505694063094882376151275771384372366452114142618813066369117718698257933118374802348756172850710962524664799787580334476558604552464719532988296332343316075044930281604985743224303408347124331238867245048855120134426204431167936800274059219760959304273486447198188124102531870562250311168043182016748266299064848115397441951340939619319126480269222714837772820646
522 235682003802910323415125048375041439681271919222351088284113435685361002247476002220373998167203096509797696435928048794691829199902444840974586022841476842137656532595313317697321005361038827245650489884904922800211909458663741684966459867282999757019603523165026089665266814410578983488601722066571449531251197814400871791578265871486732819041225984070499223259591543236284337305417990569660052231644512869546849411512447745045810150586946474588662239131721470236976656349140697894978
523 2099420547865358475629723481272553899238042101072905021904012737695458313483713113180041970733864244762623647265931943367952405863142777864572479793814236857917827479077316672958471041542291409800673957548401181815929426013268136999941297361961755858241149024736717298031679509064198300658506202491878834195987119435755656133069207203604022145057004958975268028655908869871117634384326527832183635118471857998210864583432270836180907361446248645430183580926566984522057247568084427228618
524 18701694686600037639469222447409659207480628032479408329363651987049187620530891902586992418658090146076081770656207796600294502638068059011661945203081586428753594675467199520098000965128428013318655790238671790444980327450656473602960666308857787624211996706851500376835271838285647389962565761254860795178832281458079679566077508949450110471818158251036426294161780253518031407105850912524005162367239199172101986647121095517871220861221862163186045137251507730235153767027075511591298
525 166598446437115522535710359380141664833641292589261601901626083832664036743028761132233899718827887910294323561338750204038112218051155009094237990858807230124441963026876786548167129286552106038290178518969330522603925712488980688613226579150543677396579547222166126414102127706192603648073438725200417907115764024844115749343460448876697712780608381216590262567919086456923073560501012602579038028011696008796521143633491564286557463568877960644924661992254549922330103085126723265274972
526 1484121187102222454253886227437270217175129957801939229820903150521580756351833433933444513241051500023527072416276334265392749676188043274645438299954752428130288680874573935800836966098186690911765222962310870557954507610420650630741935694363285661599769566081819603025254899415086862943303650184521701718831356520370641433710553526439005713251195971770336651139797694858125781411705680784426962527362624868362721948646599764354753528390421756817859112860399708466607459595511615176520216
527 13221361633932594275092545580045138618800086236540440367813396708350628044129466645373721605729234028898906635795553188095027328652924959711400072458323075063989581104205279951862873308504513566776149979929160316339426341042342345210256083913123224495989972572515321473125392327069992094848647506377869255845804806437355115027609033689430281888267320251166599889031906613382234914709423137466899371797092169437366509974416889641869005429317464694589597163748926363796603292518650655187908480
528 117785376178135172328942399877646056239076540951911920428753364677205891025366611136571557211006942003039073118303212685313807991259409711087743075350436552107015711780272311265156942362210503012466805178786531404356103432892509011171633705618306427349910423442877446635332082807036159893662673206788674569838131939358861937005323568889174916355985517770124939950278357891043180960500157899671752740494286221997337791045390981610113496968170508819756303210508635080676052321846830526632979670
529 1049336792159490114938329188238573802549731134156981275735315915921143984771177970046662445912689223378970696437257960718387196879698359084777275795379847619986920833494149382601023208454472898962856815952336181583136103765051952598108252430219245452172684624351958923236108712331204219337378009931713452856203954044935907104246836887641977228247459243873184408367195227323434276954241155125232886227753545245796415072905884665533912194991301030655876628910010366632750690589502202702877201654
530 9348603370392308185473995159341801642564691779781049415742466708460611208968171225213435618653795129591444725690305026429706740042508444233052309115111028349392822342688690203790643708522278957063447857936565569804591554626074155898474533946002832904748648360670204315107332153975259147411506707634609493943788218443731880225975424003322400618746097360960397067201974528206454451663943214320757858075684417234804228668023956198652285489104330740054370083321950111720922975749515261607317886500
531 83288845892157456482174657513757996841040347852768576946550567302205744235530622037244411888285514141739790974938045789685648753949012940745167738283887165595250736278125589512888157112467726553402985655487415413230043318651168441829902967438427552704099731673158798330087931825817451239106464100151014711874052710385164374563799384111849953575086070180337422307798937536744583901200594214555732542575651762741427762191650275696355751613853709590956356992618154256601677118391481381218553403822
532 742053467208907949190959862354274663199747859702008625313219546923221439987515733169531698651026735355108709456865336118765951180361387596544965807060028267754376203930684728901971303711508070924004394812484672936109456953126988924507727779531021039865165358240790282291057819451984628793988076188433390773607821485638873789190262877956519673170519474104555588228036785545987623746133588491655559008692198189676112943718863501568098678765771365027213863884266821176277686515305901015509532867624
533 6611374629873741138214430128119584540444302573316745652947827519819389349664355058983186925429052473320591117348895380446961388192051950877040218727856697475734929276768203076272112395910525491672457078476460101017389645043434754882506432219316539492994343754528361200884227532387357908954541077514768266707790785779328107643522544670835418361087249511464060258883374402882761891297600425678103957238908163301234538283345379524365907009866957947509167094343357696924416327388509944908948142687702
534 58905591105280067749332691847344860630460864296711257887144646597010512619994191257547985687978412745994750436888167760825563386808092522627544082246969492877693232994805200311309957505477018856177949430284478191467614143396836809922204182346282977804028771279834713277002628856491568431211416340194097033372768026038668114875706056352013950246522512008457969791898309299494855096563335740427452925001482604664050352082480379093092838721553534994222753803392538766221573406574223443432394971324388
535 524843016170355399013609344097885133251950739961715658995735847733434104053796657877861412388815949833833188853488943629298888478049422466081775331639244937417890909649874157266847895027632869600419732338141930456885041988589762256949107897271509251777847961792798265494947114797156510913940509518555757367579867693935902332760578897779838828113620121000181177901176602619237023526639831924068673026776346552004627564578458115540819570281142361038628188180205023172936673897145729657326911729617118
536 4676387051272788335511128041669962929931176894516350611740698651826390619467678039846006639426651944688940896656962832379321041710955228750316935977218388206251829470938800073593586667253348231200797255109951097943928715831661658651551715981089779853510540895130748975146325941498680563327017294864012309294742339597871923906451211841814834675766596347104911082653930129184680213318899128458880664665197485763091030754506031424770158735438194670487668786660320719804163358821206434394120304093881918
537 41667703799625848409625055572360670297292470410652231187805186779482461006407629584778176588684490383385777815673251063781455439798379742148233644680811497349218719880197886435043139346019604118746646503687980718237886362391412434303170634369862432814814736298690759503096382531063787576007247174098933535924548249275433292986196973276719245562280092894497963398606205252689681608095386843656049066603491891899764550032641774534167799784802564659724813140348707114387657828498162598179965491498148868
538 371275891473860502726942554555442434965481362564573337365085980244688523414813706452614454660748351408465952530257932331695061124104530829142664972815332650123374092586303452441235204817311389527596687193268633247833392356770696002597728277363138455594282591044443558046353164449134780367791317391525138670533547590213299265022546907740681314728966510256629005966444296747496054767365538159467425755892801204747173062537328383180707009473695835789143768264085791605516418643237237390231252291702767268
539 3308277744603589619723418674979532046203153747213632687609511940720995447253348907682597200591943510668742557323137602186588519513461588444790723369010651404824894001699201257154271986222021713917143712610230813929778523732019074312956816629128714475896347698575453314757212703045185947228650926521636783544004963868008176276298406473126842984202732970090197613000316801638664655865369400712737445404467700335021796763820295889146012628026230472269903891714375131569933456842634903842539736374660117934
540 29479165144124859282839180116278577748483428970663719485449397735164215249922355651179857855907610021864608840193678814079099589478438802882952691482637754701798457304109922956797054771091329467452226620499722929620221331735173534499534916163096485422997793024266821657359114407516986341195326481473361196301316785264183006463903466801632549296627543720536242824326802778260120181842219959399105899798135186373752519986528606367237402526778585044043825577739447175358201730172218714564577887041981968288
541 262685662927426283101821033946555428854569202446309592599447308879401703736752691847705694714384085643974903692943825870507333648716786144926699609316310448338318410208755748897321405058305305463444596415254173228695593221815926301451683100113123461715139132689626415128882726671730660003349852786548361608935690919305710367875735683859520530976888737178755468536732527341739722371149530839716914469299398536901146750580773216965450571513001141189190080667157200396833093924310071933635189885347858000878
542 2340806443978990184602567692825351564786262642284482233927209281806876015346242769452135303061502447242575108475579688792368670204677110138364531895113271338373738811796584249387638979399967722112685400824288568323714138618286135086947591208912955532779188965859274215195090841864299513055908381963427393226599937574884839255772389014053298115631301823875432619974056163925740392542072874222009653544019778680046269137767726023677425693252231196883006491588414041222848912088777327639096764392341422039022
543 20859435603261181355230436040114251963642730305490976999829620455127643908445742839026848015789955417382001195390101123824195860447087573287270615595848779478794360095127703450257252035156528425378407484540346636942910074512680759224869109341233071663129311367148155346404287576653701115165509648195995486660022188266156056078011431445520506437313155850998151730523948603294754786598924486910629260580998264873949201761828416466770844433482331028517875730788124947048621668799618674065394937231592753609252
544 185886345171846456582480577290545780268090250275573619202312427087872580095159254705203390202175714476199234337487772297475363318928460831956159363378742348355553501280044616043878536988543981940676549602444945828999932178051944994155742103507419209423507083020602496439257818159129322363149873312452427454973145539777896193888648963402880790356459313997924911673501365945024617219002125352568617924598904691563465548091132665719102591164044454623390355618338910877324563690089557802661997279369589582131378
545 1656533720244875609357260028275540235629380459695660952995759705011260797607815652111435638094638861728327113452111329580206015565613109554990289421379478325506517548980721689701662585208516583858299876165725687964566945050456229133370930794718312115463305267305772278766863692269400407159871701804223533429101458543696479409175623835112806072578306861418032969499833092859194607137618373747924475608523836745129019244105852096778563943402254389024955161516882228826923096738193974863367360235308444850949204
546 14762533678757760277707966313952654371778218039956967963457378844426255243332131775772555446621420705907215756811356743186720605102853823404944962965279996514908180921324120575057052779449474807153354432049913912940619074044039006517539476411537222890438019648924383207377056778935880140517623347256959294740854508874773655043720489279927694400081203559739210984697284554471280557578721746545067882225110522867106908658948399373889681218229517974110559712203584524087610484074998592159589883127260644818869730
547 131561653138316337057605277754753099318776175159378821234946640554528944618605057881074709866953557368224025481610318765592452575909957479309770576694455990372778556959346144531637302049752033086922604536194286705129992413689661292388689659937147181520544930535502289851289153188007758554116100735387061650320938451047263519331245726534074512160702991325338267308044746215484948511048313092161694244063272086001294645698890188813673634224568897560993307180036672127744542522399757904824786625191202962435445970
548 1172480191098039216958658593516526683913312337930271815428859796503152381124797435144390587849123806367346720043557659907540067081174601703888775825072591027907339183063101523144979179976850163928450051666279924705802365245721737564842324183748675366353697703576327179538294819831408951848973091717755217309186689260195320756476242867119887965964105975586968619523442622903980400392514181088714549008792280229239820633329862069803972610786368733005089827944159938404280927520750458884490857131309205667362153912
549 10449354174593132677063878439895844154389771347295506559224668816274903348835593035815006478940807331859099207534744282746100701413949492173672476683371001266752505991976178611903523453819017383351891802317740052241054662162078031444664764020845648679656615380013901595774124590333036734382539518185878976465100016335755645782024334613268883041589365030386632856539172537733689967141875020156645794431014312114229125391752996793835239941140519219612976393687700548466281060326929145825882173279683729908035406008
550 93128176722318931808552090369513384755609058832574356823940893749919841266180117990830432717610547611564114063833154337955923434839842991052976036976211226267311610235562053484950277309760353162618876908699454440729777872848520688025627734351204551701036687671195581043515712016030551877733576794538879227083178839974200943281118583080224532315901883029540415200818098199057209696535250735224571005174059990833959274735954228937722179364376357237407813549761108632700108085754432941285270893739172738297772975908
551 830004483844186544279409150508017725025735557571977802151488221577125118547734172152564400402890782919259384480396110767451889076315881770932584358836255171726603596743633335330133082188335346507013221761584920698511648282476098896341804433721595729516488783558725886331957910515900060853874712520261828865980879810578686879324592338631586889802215826908484914671720772168546563168765810627115372352271281002048566309749468033306730342687032870297858502909713636226969232697801074142693047950892544651945556721512
552 7397541944893863393559826426701613717243513193790325031743976166427232911265163166531001832238131729909535334136468331526748357417512491687280125978249602568945348136539646669532132636753220369383500690686169629440088163296638538176992830700529958505179926856021299844071784610246196068810204999822375830820928443693761434230886462253058008381007791543056499056410656550959150833816182041036421235104779747393904470574738388872219652601514437000329255373518432548296716832929038719252006221268331614628632174767688
553 65932882992320106289284299162752415875409343688977950841044896576488570858142375984985545513483006642746556454071390251488085822095816193307550176005261368219338474689829726531841091645168929840543983024494407428343425487320412919579714264912035432961331857501571926355969633323713670652544512329904306338050354647989251402348029883680369230514917516378140462314090518360792779158572050463181854532129852257383509829469494361385797822025656817698698022708288821287244111749760217239474283904941379429657772420181442
554 587657523560860584406095223332048549390798071893493559891824536990941355938207488351733131566723897561649855621562464681108826974493709373423638450847782388568993785144003100230556226499844441006710326976103415870996220750666156031971109661097492507819927943261875948875396204414990057342812136045260310821512363602610542467753786108019768753406243233231709585473838174725166245286805384091595322407402839112436445203405336020392041586653203716885566028040303225155472979737768254335004085938064417035304749381897948
555 5237862727440828122370704227719672279234570355690889231467758652075443845936182608282524646468381507600961095930432696768344253643613140565460663648392072410679067593948135060092559987228652883344253420322349622168035097097877493757427606046501472373792359143253051859528380811371594379537612178378450122844967472694279047185384747728269585328638079793912512792957561441307996531209953421544800009472621199188415234530874725194997614589691934601720322642944787720299438168966296469847756918764419452094059574333248246
556 46686516910607429211042837430218331583806047816844528851651859376364488853283702503084102396825429125671612718648786286974415457995903833425030371514918962582268349150921636347105093745147585113716310132175104248658076075126930049656343052438237005575895821319314791543591211335804155252048638056550082338647009633878304198057003888475952291530645523798820228864157993714268219964624075785884384816758124584055697542191199875144936357859711832759792911619670867406103296080727521518008267253467205099070986862829452174
557 416137026088983883199017272987220971027885372217679277211363771461850037937343557773072510240932299639908830987532684951627385451059448882994968365869829488834529016309687955894681462505017937688485032476945826883387108642883054100868292813555747777186774598082685479871291823172701924670439089798543358903240905675946298259666368294145757469559982720359942830082058141616137837004228251912827265891605978718661850466302581060147188453026346598247590430136305334988599761104083185321643565797128813524079642927615545444
558 3709272505433779521945466635506391583470385865566135051128026419046623981294865015191639674528451682488318616802772495421375122497333175498261471416645989020785379163955031289208358110214881813387291820015559188342788309778568143010265539024748588558108988360571221651663681147175467535734534940763772018506861319577828311053987283933058795920044634597822758672198153699298660601662145284750666676033920870420360463513852201646919647003298866645174683409876852184545993986283174037280757095470843435038695935281880412420
559 33063482213261959415873196595994982719155688967171907715799900304950359329042152456341285196033776934127791316261726414845178817146952825861166175454998493540403326205055202919101897108407160936437038787039159968255423928452953862594379784689256997904919753583113741045489566320419030706662602295738112304479029237741030676475510589914174824635049171489418533167977445649016396174521081803189882116173995598999174300702819997335530817449240432955932406182730699984677707743205922248554817898024164397275672298746563482248
560 294724259213354132534652729676588503749666588830103938816167965857799265022609099990710924795996892071221838003199241402551802853116345315607628295787324786305377428770580336147909637927249066380976243545313004845343486841607400103105857995098485296049526130112093727499507919283551473725966486346163385630158817779001621048548307599103635693879146469944118837016519278602709087278230978335988562908710910962811966334680842616404842985853224088957028732096583568059496267000748864011482401621946004335949214946074355598036
561 2627184631696227801603009418855246062522880140783328785172060641087303368490703056414867356464237872987378622568177912042174519151445145341195093477488750192392446365513460383821875566653444978213232972781961061667382765194950711418635962822908643285274975132476547323746508717577159231015371962342257672327707567265794502888041880610058717563586316674082222301973378260229981507512259846198874254481031743907965442141322022352692397553584255573055410714191233022352651100064073454999081646017827822738443985551487952879686
562 23419234502307247349546114728893995652150393325632776282839080862981818822211037561831504204015139274930358386477077485783940663654393060372515036430443968579154160804080171130312100569643816694657774149515503598277793772422881318416182057255654113560303873951550602589329245246304099643584953476565199351519782067421209790746445349711965860628784109058702303855431676349757362982696242390153506623666198318193581801893849839108176335182755023762590955466761622865682316151849394879623948569015682850623289835981378046745426
563 208767148686029966222206280270641415478357041318507963675718624545843799779594005825643522119714155871498246020947867968089729535175906010177429123036192794450504121771750075779130817959488199844584609592313898563939162676380045080501433788804153535446407407248640532261111748846372195846679890774422173051325220084555967537941626819036979744538529317626189372258925513852012228397254171876857700914329645401961997365645445528319638756416876907007886721392869372267893153088029066589912083385401609394619453235941966606744478
564 1861053946108861426053275918484686137214737776875607677683913428531426738229529656754512835209900569934668258386807369634129637151912610328449007309400709867005977638724937833084201578743334367885794186404067899788347686451336331777680472816366911932706459262244383787333785548405588543699369261117617206564384486880258511164703603885211363590504946766750064956235146149607031441530785826607720355023786670283344449905169461395349627716720726134719415670403049602181120424018130913785004586488484816624248587408705664906439698
565 16590637594556541154021896254545230794242604350560382044628984687505232969682872538364295448788059991043053795999363723814794572067895384859602188587252864968698204261862511892217229519590146494741865631532052089719372597351153374367638222657798454061396515048448296142254293397595210277656140115109903542307339062059017743345285974469843798879009332307730304932678804375683295714602365401827494975521206783266029280077522385571133878361649020226124599692577280984900047649995474746954211868970832829070080660296259641532426812
566 147902146744094744696242603147631025750920615023024491748167970527962750488373489584019594030786475859831084901179829607008037053818054957785228189636480964962226305396425619772726422955322919426222153032215619855972585720038740993735402485302112038874679012286386614328349137476652250649682460614404871835662301373160357072476396724753429456573476850484871336410220484233738745040872587570350641963640469740193938291053777241609774710234648998139647903974641390020877482434301622847436663719435296659615451127363583569625549080
567 1318539484042290354521891977906106403296611704183536128774406724497823271767773196683705041097341977485365840836133505039266623783314240513763730021127827265270748476407125254780904564225328014213837251062238540538586274366593775118585190815432845138388921298121082796980488725743465515883858048177916392357076168331351508109911492047730212089584343672035861785947846287308096908751820374839657447751370989819699402173239914483078600898392101595774785702958206890576712937963424947173142105698386363835991667419739447220021443522
568 11754902640043204024751950882067338990747102764772373846877194773159975915694324146994653920660779371856528272250434843533407021670377202411072829205452590424089445878018545034127266557103643220750873332439627796703070580220655063519340340499599646249420794755081821437213348274478580132867188680830567606089015165135400697986940266592467918105750654593137671705349140704169205545274414884256280546986563952528861807218174770832788592430433587347367035678666895379189103189908659153295167476963066877998799270019075216748101134562
569 104797794630082565797015520131675176234340214059624354139600950442320701435904701060589337657418751631645060283165343715396387051914563125478425045769815595303839377470755265722105772893205957647409971964613363681308592357986318447529287168165960999329720872102006333722638870071889631310607856376092423471608513307837341045998633942850928282598798263950472986576837120674217037505298994610498569027165907303491011580330835569161874504248993801868246297850875425724751159872351779011979125002337619180232362253557290148181819452254
570 934313093646182471792401978337462372508617187692183844005597659861117508093781532823425238449861577395398975258734166179802918914792259709899384320360261026744682478886500182650715882693982762202380982292002021579190309077300305427536175557218596734107356834275612231039047176797759919510959944525538144575262911000490723821526653035044282615348873862450039672651738495968350501307549829483453686081598697014772781943177244478288495245756101502688844337644918897068923458316283023281068825457583527206391631154476553357753911301028
571 8329901895867356472525211875142583159038440974270556529942686413394875930577801206333354373465640984774727471326793420697601791904240155253498967372161178321707471371152096031539750120128197014598519846377709086085132619456892682671296981898766612849255574036399050892481343585978236112933090360427220679904277602571564905106963420399256285403557186204501741070865828741981995785492573349441292590870059178933097588889044238125941764783536833554011284103487796582193519126232927560996626210251927422272367872486181412743194677664056
572 74266759175389855605215225853913381889535403630309060315843268641131361084958236267402859318912538834031013273872433436226219004009337673204891581336013446275799758071536084293749086505524195739355359010515436900010215793481914724960132836885969178540496449007747511000411550309651393956377749526768043160730972384334387926612115171258258574854306884330129490484541235614957091991562813431470187710409787887759335229320778651762427126195069844032530882676715716549998177516719985990939225133804761026356898661703589861332222510292958
573 662149672850599845174269084884570330553317799727442459033072392829022236305443425120821149971580175275463760782991766855004010680407573637510347446583340767739957626132739914484447780673512634828849472371527625673504108379075830400641784097134870099016052840653933279677586430843926828948199543947621536105160808432372207900139781672896424023569153566252034933267100528353179065234978261323251489964866454604495445437440140119630895698604681919574402170779861395683612173078284381824361132063939242010022138087178378917208115035011204
574 5903709103169932768818101485340352784419125399273875503940770630931859996290217543293556380884704502201234648842052649664975583117343758758160140017260562903140709018758799657454133367415340675852545822691403896752861474472203398327006412656412996451737657601555807048202796486123789885309933967635988960140684640190892648852490270997220996086937690239253946974379687381317709948195951776447410480563964164840807060717383874380407898297431136713759580136212853947815839694261342792781391891248314481467947668343514006211895937690234020
575 52638171177687674379521588413909995571183100948101889492381438378420646998301412499871777403670549432807550852044232115682578840301733285968967161278850098843998290805553945739655118795307851876088345582375549271883874801057867435330570497652299529093949700281112846007899092074529283913027278669624565210984283801805658830190722541863431679165310406924470109185795786217548464589136956384647163144158722044164740713485316141356405865661736470587516509458462226803935446539193756742372014257235433995498374397762797446894832348768955174
576 469335786656224919262371662106949067785543565609726977913424083362903188379997919477495208443607485697118661465057155461797644498106008458787011526618605220977842604380795122944194425391723306354757174883746200612724497162815332824822310298192597164663786272313571811988261492229686322717656834914535282322020888011108273700573693292760035500665789042969360210518259910435584832226116262760667491432393525875471104971979737852662712101975851359322689240215058650026599350391853606431947919978210703820946965440862450646104586938913478550
577 4184788951040069869890877364237601043857635460487607874241880369072989808136010742929374634566141174914838222200648963514820233546592480563586454805205905592978483229994773627946994520905555741202226289065593854203695311512018925096130449881017499799836791117176251894974055012827757890231433630342950386422985296171440102365822590312918484264355279983110210258438569803665434353565189675369988395783216156985235891714332472128576584311177485366341545888373916013125965851642446472331566447176172393951008842862767755032124494542192806310
578 37313882381287715158884327214376758017242685702331229364678850485540298155875593222051567145126654113181280345979806460914949929529993896702961835854925594171421883493757383282400610999199824769143716315328932549645411791472547530071571077852612515164471311441007387124198749093911523857969649314014373599769899166744686862082422309230285636491145637585957407733837556111807095300805026296860748737383834035581976753367216778265143619112894610079065724512527343112683852084009445186632815832468712712899091550317865105525277718896999847592
579 332716454782492999416451453513332009110852994929753236657745644996836200645074036825528037011723771217695716513816760151981522666010626392614379975862123356581025965708103234496965655328240258324316468859972925502914998867372588501776670160098300078779712977604565404237457171108848424843770107617470399329575655248571811965979563306885044303132659777285920537408647310055573126052477808379478518588555889878749541584393518493122575147677505646415239263680128445171297594494089697258481996493377242975050885458945863147497113790999067989712
580 2966778077128795725307795620356527890417176458355478218900962690432340517158925288480356277715951925298935891304277022249173141934827945504676419695491193369524891601930062301144083167620094898621647700537761097785656989959477184019208226230268995391422653952298009133720895116154866475222523373481763925208116575184288045673136507646411029141423844232419686957079678487742560630490219048527235449994368327352456461760585725417957879077881997588934653527350572081124436688940763609073181116518129296532860158931582483233389185696817775918730
581 26454694975681087784648475678882916583482801153891458826143837880287762285480802872654075778986098035078883034977789875128019094516907223081082455532199433748675107469522471317354428760805852780841448982472309773406524191551274014529156584600437907474882215576323840037480675542395801749692683488711397146413022133256407087359478235212377497124654394370417983337757267725753435448769352412115043932138413266816654124372067375180364226575982274362132158224416178439106778401463397836466959735086174569511822137137265236828047665947118685940042
582 235899677974349879411715758950744418175794192934496206015007439077023016392777686736005557548145542014321594209999741558364846699711523199267403044904987166147117459937343432716475670710043669105720406480642258810654253594024787348954830360890100471142294672938069374209816107621229642988489447899265151990958413189746745831725789557014994085973269730518984361862512277005473517706502979858721412154398199290727700596964367248891359962991443592632776259549747390070911812980324216545490501303017690037250861762568254106968811098152017756094858
583 2103578901759085632238491978040743207808063692478266258146906355341674068939036143035193452545222745175953499555703604560511363074541390556333626032200920830575896198992157619685974279706268046467291053264782332111918772607374605562664281266262208708249907439468464498185369067511241198889118651588767234391088847659500922984178051839406866039962804535428158886173949377042383869708618605383887444716298484652266511552740674092029203251495288699130397994312125676597727153167043268882964487655862663894723456070846857364231605941445389722664892
584 18758456905172877431486111595152555254825056784067010303989349548015402702182473895238477097500637885361767965491316212853934501950326691325146100146040281487806901946448307490575150704365965932580571695256601404552298571512169584080379978506054573897498613913868048289439095717595831283428202608552681558872047202069273712252775879765361651307881554394010190588863748958182209035892171071763374977564532815536611292787654598512985733406088419105082160049503209175580373502491986695848094686765909697417226128018255597384629648918848151810229036
585 167279312689528015032786109774024775846752048021605763277450560717716681071654776834698389052732727820020317210678962986290710245350241617835679519412875968916671424901419044009137464490944351478536291871532198092549865335818412905092355132552306086006948377491948288795834357564438199912867756315537086469883796159781539372233274897808330350978321183521927478036969395672556149034766824072133989096797658685618527579608334394440146414327331292017190614394116429946544372724774622632248647080998723148666814653678248176690339470858235875104033926
586 1491743518885857092251063254118227822040189863998611865114643143581324016919475645203207625174628023616244901470683206424438976159222059452681522327716995354124200786820534714250033912485568837983331090839190086979489348057361227834735150794029273014569064078187328770232936279951053878253951339010561103096063704836310131662225087031372016345570989521307074308796342956478318731693158284324747501619019513973515629862235592951799263056236450030045029847121866604942121040411246452420958503268473254779202735954567836960708085439441915831017954180
587 13303100118604006505427854653481759950348260039024270800110606670934846652756642278585445799526395836003496946790902220687213829229816251888260170817472974186070585667882031170941508641742751532800095011866258620367390627307281097023612537058573588663970548613346416647158986860370150654607854818675421571083664512163249454755407759762224676771405271062580741546356055175604875233122137403594577725175304803506880259800061164388435540528512627740729280708256202816172411676791409897462119187021322834356426157365677001255832896723535679924227179918
588 118636496307121116604564870635345375958980769680851164115405792289621735288868315963623090739543068109893778226138428474780119585906779835415584106633505072857577346971274063048934971685592735800854846658667171424588513493352044238813816499550194977140851323040440679789341214706585371444143104137142003229931325927430882207629981569116647530988757027315421590830267763608652689600148819921362602262208129970039385748045465822536209329049540093923864451816477341234860156398999079995829662618040634249372690852196744982824364317877804450339098204444
589 1058011759133650030028647889119017508373635622437698653920061482255866922310272601812065674131046506021236663181929936755241347700158753440275528143119002450595923980625285629840560909081857646924720852756634478453298475431252067433247879255555815341137839571974112071859310959926169829945208068475503304924684682190785529998685807570028876749206208963157393086638181736389900301615147986383504594480528755403369630350338852846355218200290834154274124148613954584435121475787154118675722385658893463976086353605912272499330807460884680312932733675352
590 9435597012090046944114992768566166998871643347380007610804739209357861989256712869708626598453331030265295118831571020261044747779855421191009923725073382211286005250876806016687305429136030578217517945829812391450824213541777294017745353134092462240868454553851631209858494084321160742292245688456841004301207838191901343498629575788502692550299256918036921555753000245520035516341232996634732222958524965278355049842096373575963108166348714271124252692383830723324108773035523253103610290848299439689737010906835128845042202595463142159843726832184
591 84150162356430222574834298893830683271443163956535775367246155965889102159431667103051244828093787888819435423182913956991593270746807648119023115720319570490929640312610288592909601813570197014460009476820743382049405728083467831980939094744271659317800187768672355468663351444438245439319313490116108260562032962655380179348570004143753004080071905659459601630714165501423082514488258106674087042441502988516528629537623939424213746746324468075519404396444751579635802109759401930107986227829064787237967937899586457369189465134932628831795131376124
592 750493947665378456581638188858286685740263396704100514680464207609565282957754288916556971975704895042097763084440698300138702020778711727534322746968165880417568098185969933791546036193795564865560126747505791934938566754331702129650989578545269493391346396849873812185176543411872962162840023424695985787556896954612103063401338554932162503088971925573165628901914665435801429138267309461279040612487539471135323661319845457860162107138754921667973175818433805595471357843448459453648866779430760311599759719775319156119431693152534322348073780345130
593 6693389064540043636026259375287279351949723868443204017787163055315739344028091030880737461616939218025680900887741720741957069437317684936702615734213384340226604874368563508679317033003014723875173927427956280127720727119892156525740593855263027308070000829364284890641867879062859719752037082002556188989528090995760337892468308969442504326770770982085342313441124029047042717181876734730263895147842173328135146546019471136953376856136800647661616624363042735036213861585789408059095543726285229130634813543393857732587954327857348059318907285311802
594 59696870240478381725853615833170071449999734574109079320800243526961055736127414337591474856741335579526878488993555916368466384503485269078267766792820424305069521841740994119486079819225865457963725534547310417405687291230219700881430006936524385540085240991105659748026500306877456218748301367755016349806994515694694324393655186223411089794610055068525820979963993121526256653956594573365591361071614745710164555243829206884145704410365505198361778152702592745504068905212800549332831235764178487937026078025327886578371766714509972483016692576725186
595 532431388741111272646840557133691657528101301501756833790878689978573661739534966094533689513155896958895728746839011524215186067620734264166193746962131983710155381992309690232282590793141514462002635231691465546315570025696537372684068802381520402459195085530890508214510542962423082069999931293044112168332870244107725552381432929908967370737297068436018423810791727361788276975526321039729167075296352127414154966742762833056949073812483984106768083678369167659570384938951482124853713280843911280239742015919783293587509754403601459628652013391400142
596 4748782861574369554253462998573988664878353154697986554787494721251507394092685508745822445129689313607009189398859432623862407105292631339269736483298843726319722314766826366646820044090632263161156733728199267499367943775579282011504912330659275563762883388199445928117792222741041333732746561685095111186989342186813473887902733047562499916977560122188655435757172687557391205697106618153447134511709668311206739204513532647402417002737169167792033370786000702167483022759339812396064289546202735706985871891559396351875559412125326952540507082975985160
597 42355276785529531880081106538017091805873461276762453855363055297496498980492810280091877381448180605573257011379862573919409604349367139564238849167094342293690838176386635704509931672022931482932703062411827734640556550367509610793818022876438713250235408010710946360906558018203600055471072277073894657343435869335079615744624427950587977686466226386747559574494558067297342824784828280464162792822867669834992153256493235982118153049662763694415123409141582254316153098505372680159510825709467891006953353363580567254800721178619220040097052827599127504
598 377780263927167925084555821505098737910533425293321194829128562766091878269093633171055677871938584135957484842732434776738682843770328299731015377517864542530985309835455496590637686672690591904082232335104608784292568984067436861699493670949034227592271550790998914179806317721321866717950729898552586515248878703154252072095268752054199446694108724958659009693864097188508741738212113343169088397095991615852511692257357636747611238439357534567782555981903167431435938603619672914147854840222392864782347917083218858886534964925397808113204143035877351346
599 3369593523594209764395087873960629477108589926370327624014888938697115040935906867511321941376439260566977346705131024469322558316632546087100196317483614579203135559226936793482528787087872238020734918259142520302095060632119472768252494141232502867870911854163669219896045283246576769812768884417687488704292658392185906367776000289557215666756300400412766213163231474668199992708027718518344152062981881263486251475029600620629010633652364866136946865839026855393175678334119546100253772383441976226917476271299312400241087663118691703123171233811279796380
600 30055381839070533171153944855910658449372897756977607362354756247858177462695670032173336501321742854175697779432687370501903889436417781450610838784221137034977052581849120229495345748001698424332022789739918246849920544581193409043374899821100727867082411945252354954449330474286896941888776823854063579039129158103159247783400176259586669612246515733566711016237889519960034745448925970244184502000234776595323095277611988184552410265625691611396986149037339096659476584636084936466754220860115215264439602214323283012999071522598244126555372443358411631136
601 268085576848964747355040039435075202246738151962383710734737319809391451996259872473915227154292166788763490275666465064024283530107416079010111934484059160755941366317991705236183878420367560418766024297727180838349350623156489005462590502988595252483407190614703134955159839993028568779659313083106776000941222961538722238224463459236549273650170584939038863055596913579551145348140531035520834843623221726828364262267547332938108278007036291027932347926340674137830891178087662625437698077256517547054034401913615543767116501377835955301491424327657362989106
602 2391283635710121066491945088224346939029004442831860424427756766867184149416203253332803130649526380886579164436203090681686761140133366128631574050656914344623211899443563364750423648323994501582339285533556291213586116771594721898303293202594711845157748642659756777145916497276421500868829227830161741773855143951195255698402012554213786477802617176217654657718816632899914208249797430946287530539057380978046263413858470506945232117461178379506761873232031431559346689725296886769427312400495419736131977261366045369131470735106395731687773322277476961409388
603 21330211223708458503353876438149729740285155555737759309566266808579548197635888055594688774541577487672373376696331738508655697848945609756410785529718771035388073627050676891035128114121263454674403089629094855425766745563807421712832572466883777444068500672815186657440188602934421281217317743081520026628371655245135024690430765101378091588511612608136671980166053086063181235131251364685716936071666447484303883027893621983955582509174287704727627867203731497084418335155622236365058490945137518675124161363635154420618825766928779004693384048957306272080784
604 190267942065659731168431944017631049726626335919184296706935468798272962881400201136637635392567419558353534330924573861339949022340877662608994460904400401134098186897945763082082063097662550354891901333631123431899046422135522488500214503999108550609708409812502155611652823675860252452303099248807487460602653364088425096220629510167847636606221026175399754165241772611137256332735345592723730834461930379693893708392654971883273555842524781360062944932102664607111379131286106114335054534691847648942322340223994824524274950831158536232773239023776752369393590
605 1697236899329294648983179206648997480139418282892671902393402215135148443561202673101615402665521696137735498310978200367511182796125052087992350308387457979741904261874796146904959194060255229254371532027671462464722751971368542677193877017994688864619435152390145378822043611919252484219397875177726589232630925186683569565479927390027970336023373654158882905071750235569722906786809257246327421296847611936902216344241582783417349952915000883119533312157951250229566406056706964360817946536421352320183201297774889640069074783615776317092895539293030675724625032
606 15139992771519161837653622591461724424660657444051752365565661308287303639895895585077563413278523565243887844539047729682150953326197530726301890768322048668178959289190793574556853290037602873082161050366957611364720741656539823438200052734994536120916368405023155001416523080377057619290319609455521274291532199125567379652136496241067650222021893846402527349874398146593068792182169376354129362857535727434374345993712182241170129955553311431297037103172679246124741748719827705387143954461569220809532224317720974414142567144769183567391152479201286995400384468
607 135056412097670369805333972146704862944477324423420996722991410686319709011779550081120084437508402737579862622299918953890447320691020628614595738866030549564347083118972900414964105848767164894856042916095386809777319233310623502471987570718124579759200549596781550749658699082886995760294196720595868525866728086143494388684780301085636088048107589336434567613786597828441663977215337269877826352488258101978095605285167107235409473802646035903555816704481984085112140493714015102090246109551882352249341174304380608886531720769665705809982312879188000871712451246
608 1204789198359956347532829880682500562197897742271238433812144153597387155940258902309025779490306128960899861610865664845849698790149080827268725264081432659600699168923681105250950554165457650887766709570905245726221108005441891121451888558454134739952145247495220294752042120959315303920629615309679767436991211712229394295478643814174633599577674218660811779235759659138537665338053422027374677828654479251936282682278423343763166968591395825989436370076130553405245183687259782174113204423220719811210106522352560596051527590214735673351613793248236804967465038376
609 10747642657342766370527398160646604163872418335540605691987674885986107827126568906575978878745199804554662299424847344265895260825701269880202291336383965138586151204708891713242750887253560657019352958843674499955796108514254591610184153409254544739776105292032828158533004822740570266181146292430308513806169821837670319492422258499561870543103663734043897308552430943324826560055875278981547733544461142542243036590272472809314870040306550412610364787045166096222830479940381435936641571737791685840500602560472938390948102967936553245675817928096473397659959703780
610 95878591876199273032119353894537410330652435792139536845985509237662091301547189009986656979032932976473245460033128500452633082960621903741480548956303791408195926185871332106253521129654370546556083945782076672712399696453097797963269904400473264269366982512859127924602081639287164943978636224430784758270577823895104119897135953937614576803097272031146173539446127514237064105973904637118528131951935515690802651513330289399528486913733085992583593745896280569203597197207751059818344218418162818626273983658063809267572766044479910940560357446570030926607600843462
611 855335172118955498214453703710965392450988959031140165249467490211271816935008408021198846613633333731352679536829735575343286295777576651823667805825501655495872968248044316583677970171722629678799715081403844418505504841498137661158613935539640462383899838827533346211569036255737830537747633478201238647527286090087133774745433882384659665672524135744865048991191668176743468505403220422853308745590739285815081989558719765276389828131860317517631126397482404552854661768814889348429659343027332000059215981868572539428731787178207345615593572641258477749587233274492
612 7630574721578570586225039005549735376199773445355577541724149448335276911238613106513856747928466444769251911980082020879801805960767656640755238041306225119625624033259680727831501802217761643184756503406246403415360721583019081781415470368287944411925763419443300397482098349245354083041396956597440648362357440828818442842995513438472134082495810118137537288975234417186445303298307411132261987060248055979260763478712537457567424634258723120999196997703352466644372664632523573927861721175855670687333071438010789850188531683570561061738139619697715356965866257331256
613 68074487815731969330351026370478311008466053244718475928519300088441475867499511827491233488700036132203577837453350478009084506597632308677408941660582661895357661461312827566423533449725460618748881044392529029816527974016959566744985454428816380235444666733519546212495007140018910771287711099494607714049789689112580042080564472359666769364834907029997587795522515377542608003042773388236589733911943530239870927411393531650500798189538038400248794542846819760838702824907828232962547312810032791762362990212797388003892415867499172121440762221069706516043606768433498
614 607320176607229406824014556657895078617934023986701551666185665351361522790440708814804606102752163545773176362339578905436356520597364333324223192000672632623099289705257282797137861987165212721142392652377033734505875889139528794390263310795994761933341492857551717218780596964473102457726269674772284396891540617190711494714165129814725860868460075282992571067305510691883707099228848456294242500794641139494856155815737332811016567981553141411264921602059826443400415574639065618160997632483402376783302204974725489028718555798204957939338281623821034018792972456441926
615 5418227185951598405483673144433310807535674775163276085333071713424467504067918063700880733201757799220902390181637021729936412418891675421529330873003106346634094550875192215254355397202225075855988484134275391388057964095848383824486545746003004311020435844457969688474625277444383045024068990569130847687600481868440487984719644418794156594220942066241177294022742301986532513851349713880527653988215983023086144021250821910669960500263369452307002734741228533005532066916815788845035785178819554883707963321828182312652632027569734738118448983592498878399026270448167242
616 48339579318445839505843795415510124155775844066891202945896384740009833829752695736910056562727607929325456818556423600619982876478222277119356281817344408978573309355348449496220451888561209978006557097496507429059379440734246932074868446019194206170430166903607006410791908852817578221690851891181598145087704204934252992811087369452094883762612530851551985301296414054093944923081452986969115279958876686839513122788719536330524074989918118990418839893821097751696030762269874631104438193405836113941229081869998973634886990083575134428522869651710204649368765797810870038
617 431275370015612281526660672738244858739240958514708871827684533141674498725954132868379335525219340522715332654809814808920836917973268784727905321103749453792008310465233828674956130816749755794564699159492225933729412501546901216044146783524617865257821208537950028214243195471624447035152415354663525727897499313506117294000299798576583189111927617766447474712921108142993745962628779559498491646902763996733075108906681122337522760345852649586427521866443593038635480927828258343466655113804771731666322961094725709318021363448248969781754340758682952631487398505158907346
618 3847800624896696152262414148598386514274142372317700941989057146220502202630859315587416224580359589166775679424060617102307005729739797622756701704582510351260418080744081294700444548815324841351390743292599770427433063208228588075514874741790762072037456391089623588179474892572984203191197822232568041793471322891091436539588556453821065805781186013853445285012615257683202161166537792281463741485280414584335565887848684640784447237087118695627515494085706571422372550061233568709708691698362119063463681432244933185381386333638934614656878294405301169866834050140606805100
619 34330217904700307398746291582797599143266949001194610106732201985866927492524166698649140084325634406761638369040093684385872175578725184340228304163398548333950903846586921180073680449841313999146085586550483483867758972162878052811266821483524557228349917989621920570734392647011142388972329374937426040690483848290365357130490508297232315455454626423649636095966991056255915980768150104681208231498345493119783010198902774009779536857196588846459698315263307594706250057220915521244325017925550968500514602436329847012186921009076053774901034059220329488397941448368655671652
620 306299744451494565294478142273259478962726494535286594996783098515094108211024065579614425648083373598746888143395530546337897812429187897326034573144024354994530802105039442322038443692143733114554045985872175971442615974184793169002159185560213289721105977805838041895805046746268533987793032385852539143737175548604702516702733700489233403820784977511462024092030809858395974304926441621076274181912017505068595699472102879779527988749529744878497165988992350964383927009805384606507668240129415839027762561928925582314346135167722732976511380670361232031878770868195529498094
621 2732893858207674204637036103475631991024507532569385390346450288070986785773243330568192557543503586391062034981889460321565670020189038043396166848606629421558837395965380487819352948380991870860635370702047692306950199535372505355868361749465337977311245598733102464673170307967405242763290036226670602562685616396284444852020404852088467437346217627145331426799063979867773299800230726833009908071493803745357519782873319883068914852098867805044841710585035385621010868582692566227093445498224649107035716749213332374657504657609746829384300581087086048487032883089177268508620
622 24383998957799232051290732114378500786173696845309525327860410275242704834812297856541690215691860563847734486774132878267010754442546982104425738740047119754424668694036572391476979942510585080547502937118862010794502948390432726259336204960425141639125852193134605058172712603338802345865632538949852553317714470867055029523690496877713857112967413038696598591645230899572487037936136914446181052773731734677058021345274198246394480333788842110232260292122838694694075666479482474849380954731651223497143426612055545215539762806887867892830545826851510941713899196898201234890284
623 217567045692035358800408975987935788951849426352450759540176898308214174744745532056458604053298499381454612045213003294354106294448788986145376283358035811365536879042472508130203199174235070751803372254146576034991688790944985007547456967736944300947694195792073958789688010059171796474924599295992427311839412247797903122116900602016024456528980793735146211183042154393466521120685031816188160228789943411107785711818434213383385400214747400355411615361548267482131381816386446978157968835146566736574157344390261000190619319708594802373936685018823183172551648926380222146051612
624 1941276046557199677383161514793736709236812127384161027693828875281794993379705230147972530839086836365599844439103736489498011615914233957277886884208985793229588134486815621378693615757533428831286665542947312395903478358563181039711700967395197492443265068363609324083081727848042832690662761419090521865889642769943342260387850945961124815199744255154896089487092155871980993201477698203094461169075579079187666127061224938684132825987952458312835004990770652987799533544406796905376753396264909902344213822425833558718378352362346096452124767299954368657203499697272983368630814
625 17321578074739438370977817335820964887220776270749158154292881985394790224763369243606934647440445051783761431047664165152978585583497843641740061205467821097000017808788123145197644764491148176879779585689383590107118069624304986420227271201952126102719191354509289587790394254213513818370081181286759186531484513490523161675508547696448739115687974890622326610521867632457294001600562854047842158764850031586031997351113799521438713319465656543099575800442361858133896832705443800208892270257499420756196245597211426031913779933449488694891776710114080252682316755744076209607331518
626 154558742336336725798499265385277182096939002915777039177518818185343769127383371594320895476828753836974615097885635254910101630326551296121562760870391899150145634694867893136941389885088590172834113016572948273870053004230532371569640776257718483568049256538594038447182666004816500207483355172551595703017320348208680773438793108458131332598307867067578831541041367750749117811472357575230302663681748005083952406080580831625364087762110927956696978261790009407147409522571241543752280084417307720805735629717479008622876247324124895517336861741083329832096348129560102570916887022
627 1379131364235780948569164086456986317590210211478683143189824227174882645780024213564595462521145068541308551214901822395171804080357260131228039379837141922581247572913585374048132121320272238997023370109393547418110004996201989009928138354497980138371757189038269558702980978109550093312078265356737861489898536464185310389666960781728396769139306261674397156811517684857130755249116059515097526856747680046695805192751844364952488846043267794662236850583315691351932667833072995711551812874746216923450263777870424178193673869385422158566425621793301437094712579352511096009931227842
628 12306190034182995514712544416405289294379573095295842837951339133292996383569368763307414168550553404902417248646625256969909853847440619112403658045058024623423282825038230141065629803589622175738680274519392628849958547518338140156938559919264938011178640746105899102745632916017306627917475514098612085405534149788395931088613888536876259780843794118634188478781872215250647098883542319426824317088557486010966926451542734157700544557774382370594877560278133641244624290173815242460441423331080077530659453590362412934479436569126584078425031703641790284369916707844965531972531138542
629 109811418647415952037304966238341300231732808101574415209790402639926294458312695029606215829937879296465925897976189331616887252792895281248949426075336490723332788460402893687074561361314263243257959249145872415273976256780723846637524092688619820313849145558566032218563285395263790464372163254273525786254799772706957372039602629484965223477730064883071834138317411577672892886101568235061896246321233182966779666881425437133024244895380723385376462900462319339493691963422612435215219456210178617610362130068201211901995143056516502037751881571453023553092858443480920231384840800828
630 979889877911960666432864721560286479044947224608081377095565046844859514889624848787828393374625814361987394507618011000395841475135529928810197275809925696585152738273042097891367781388708913169764087613988393925182089143141603915788917707688856169808048472428900021973540562051217345777246073026021460569808854949559303491378846418710311389913125368681419031557840308538490355431378797770874135184580412187029175281214192236028920006137093909943657063497684400582636714740319985345802416469461044614371652275853741673332373491024646383119473159547686684859236922872264900587851507422328
631 8744055521481734319836542353683501069657912190740833458233329007184421819903517113642728987987344416702839832026971503614556952665566546591892914535973370779751870782282308783848917906296022050149231609452744182347733474254033177777735108857676811167064219759067138497055965921209317928908460697485487998139694019168422995555969082218360112095992480869933661872517829030416564490357666715343625019511519271363981863988079310129129253342862335585511470384497201515013538440961200306641470345064633206057104199576405545775294190122965917435206673904706798599270662830703712848706905973551476
632 78028703137038913089954444759688849821991990567459837716790822716706729575652546966352332313645889531207905286052986121924414037588605967185468143869957803189032743170551840345768416529169607736633410369850169793861091985573642220181403092863070246949714340417233518788514224314528731338728309401647122450856342089487850629467431077946058476627583384863806441415459639955824317527252274450946033770648273742193497197893494858663109761495352851490760420837244918254753042170078524264361462674210499740784743001249640631038709968760384106835278404991893172375160609816186191253772969292422786
633 696308505203091174664955040655449960250183388218713164200217622321355879782562135326901585653808591074182420888892546841315692477863837251375172724737665181074765522811581978546021520089021565332709604785541612816141098425754606368807055010489976647104362838365410582181439237619514570426859926359813494519749103427149629263675807393893334030627794748011242491364543251467786722816632402577009437270773891156200817858151352313724365640227884264712868359121426524198168625344255144524847697417575412233724391306709832720500055405040328215302406161460295761374683670498547795884324025762893834
634 6213764958294826269702198499371199946059760043709755149860789724529593531451541057622540008477930050728756414829644688274678451774341261439576907500038542897999405201906216926236446018110458152342934209563409479936129761411654448452673216896062118242471653881346696581630737634718362468203771221949841260450538391687775104405366889286394124042984891108994448567962258704577116121486380267273851749306236539565809083514877444391564162027419024157389032351543997435979217026216452224269357061557494175535506281571195386679185565192025071400221618545478502621203965648437373667072603118418687440
635 55451555785289657229081266714560523171988836424567525676278604591113030923438725344198250882765865061157697658670283634579054344377875659988054417102517742672425657882774088464690415771471648879668410860669113985687066737770123029601844405347050735913582824684354247174768833517412433127593701497865870058907157223422555123723795300931307267058185429106605520475785907049294752597232239992604524928274928403785254368260852351177505353954255838323001219291987158788306978285422571762957564746214466486349294264139041408772825661823770032571509697252452109691257555157017903536364259924466577872
636 494855525028873972456187153869363427460832907523514844948264784139877370428791300877725498807300357912987689420071088272081682318226647608773760020384754695536805465899260282968027191343175739538049299615010012521962389608812867043174395842775529646525613715415142526172505918881607306215002983658816959075104298049552574012067113209479572808503997773386850789164459842118583341872690192537521580279867013978265923288554110455235338562428197413285977284889863212397564465978358225343511239910898132244952457526748058559347757960750627372167207729314019510527499626656485726043114721269017429174
637 4416201363665242601016670168472582953104591226539717697229636648123353490585861756638319784155863259198725995336003611683241916550706388928297695928550782634793024393459295727015340226935697612937526159051576293542530159535439107127635527026502614999566076911076528739193125089388201728441687244566166306477098169259162875991351356776409834130568325434318998077033194430729593796127453458666758943568234013416330935676216789643385213440878192888677502524817754805989541099262238591339990708105348584750193305074014690136485691459006743275017314022941100239889590277852373726676261258818961025428
638 39411689225478776771136924766869313026411466047285548555266457653062703364817870789611312883554578505742662606281166416553026098902276723187810384197438886900674882473522755841392446843438391845545818593750285697348802594922359753058160543762997479800515026514595372076266109708296229913042394148477934413918337337021161830597954786149232651934760386208758019232649957607360811779174266188767905193597979138670882306469047617946382581982184983155971208990269405567004627220418944800959845605249329289658744754663117546705984005335323852435519190058379763573158562504029832034958982669199071945564
639 351728007455877186109749039977548647093284763956571044537271872790296674513511917324024229902486254884157455727481028474299252053467116513219186061535495149892138586222171055225628014579335070113160715666059885048916366682284394500350104450635877817533780204268636734864121731964618283108359734976843550153372461798625762070825178372781496073236227303961323461358152037799589989616043153137697453879815265415896957381477530227164733082846812394060232208437272186203707797607177727043998833838753037577556785962765661351791901649673611654802173490577402187865430150525844152418001967583858668673092
640 3139023422385422091358521855840729948602733321017062590600049079634457595869839605970876649853879743434441444907546180378307491477803958267714578676569542951559327827584859668431544519052049414806045705439842871616890961482948346260373574777906816050998273656743906500883408407930088627338615892223854370796217634769045336890261425723572887291517809367916904936213117355769421132919706610113827306365802320054049541349997531667407677114454876959593707748917907137984672964248017754245095922628904148358534009007421181051485832425945614628148004803895129316080169553933881819636001594887080513400200
641 28014820578865092802769231110028259218284789673327782474615706455759987100512470789263300166012705638808470685081491320953603782628116773336376997674993614826031423141551695114435037743202595646927162905920198001854216002322161810872381001466235065782634901468319360898072508857728435307347942706221100728222458670036944290363052878848902261481690966058491044924319354392756849707459779461963545389577564280078769665654128181234464246649159006391239985911646490951093131442280697637679126649187117358468352621404217563313865050276360805024244954372995816022395026842370226703394456132811481264848306
642 250026937503940979892762269722055981510851497544517896831771444747974228978556730791779156265426458980143521715707872717473347230916705852855322443378777739868774035031506076749548821395064438116059774626038803658157333024699796356612977133551115380654900478815130739774621795657796051613126533038909066496293602201165455785704310326121190373417589767727158081845512965335366212934654448831741031776254283649173444168124249966037778608619495473233255740574515081435633220289574393391248212578410276954758410674614082046030805971681556770037658750298245395165901418113019405450691607013372637650218246
643 2231471820052032214849714298487715960914819335316451515726635141630917790981198620494799015792305908474720858912083215315119452100862211304162232047833320478291628480879635362311959633232265570638324737165087610049969550393631889052675388296334679146016589899850794647934859887609759900513731787769549383003707549314615257994602893045222420150699385980528644226718596485480248263917140661359827973938030453011390320083651819732624977092888396573817992461087561943684436117654584328278664154303646313822472368445097938828114391531819821144112059631964511014957265310335751134315771734806855512741905054
644 19915978281268626879055943353656346679001677691030800367423632539757459648496234630506296820219711007833870313662231655624765613534091908572433327940560448981307629732418665895361161785313303003928201907395011284419743853281447685428167797354319244244455367747324904844112372368100138207111179512797319362658550567565887048224632896012435114084295852947655744519754723444338327927591705685084360274749118342210440860353693500334062055909405470051031740175638954092353524289988489407034379745696843325963602023725553289074043537408942240606047277974629464161995254232967490241505427864429411956939655424
645 177753227764535423266046554229267834476902276616981541786004338735786117756340621737442237045544526186534908342015315932573975026773637548368893622972326326197823762886328632721303724781876370131237225356769324490721099449311304100048451026712011860649936882097282842584395260115403640126055180676623517420808437788744409522372927085566059974292493986788970343879717531940033161074438383915881691083618380411059165209830926714616278916356905224858217553606927855850557590491110924760174541830790737869698379548462422910928678751193113901054632441665821340078801369321303664027860561882593513328551592544
646 1586495865009041843385308733047878800297643040194828487862844673809380837530188782429973514228826874745283228779432682996321187798458382734986519529065920849255740764130076941408781132163820026880720727838776234098915677321549106583530819260664824722738307255714278163304831435348858444889545110968464252257314530307912500617478703787378248743837021172015438723545331501878689667049978137919397244832978824858215282696047939355152489834551402613802177616437688084139660311542409313191314741164224276211678756707543363443868208428911879543644242827575079815272200057426102530516897650876933549718692644238
647 14160088679864035552468836410828211278722189980250382408360543576988145283779675821820531619912762524192274042385690995700637157672911015593995428351889900453198540660226021749583568729292345049155636870691642010732629034670389862904719879589161632256337246003367885878745918809958749704579623833159488178068108816737202033162546095355310269094971384968029763931447116318894502113222236488033634229407107957169403708582429335440089666118701454827810522984172097398621286403853409706220908463464738558607556182378594301879509258635264166957620045764805492076942738434565216589004203610435792454790659820108
648 126385882302399634377736507064933166577067022328811590256899247662257555399382445524401791230217495346958144308820869920119564846015184694099663590239658470759762652269021292035640721199644629217068717023538114598446120414216179320276587973087478564349273119271041111042542623842693662255263100431532081087149912804203437056127284628327323555807298766143019981553738868988881938986551543501601353067564377126076570719913646692161581659604563499227434406554682065973540006227929593620109135639956469745275688226812179430155164728008929964553725049896505453549994152918137991148882054882144977715221424716224
649 1128071693346641924294538086475699182280260360251477315985140780809861144794903596874316539836540672009525208685526669056254375396772466039559345598429217496646868094884560793583187545086994664825186866189956448248557951296282197350229631051529349554524001541865472776707291321464609014200425721316601851612036496843217054403537946656110110539108094545289295413123246835344249537003711914962365281415207682371169699755928752183162462561339366139507728025439264061136004302423487741379886223237318018180874689182335349090488720402624126388667005979703475140641331780908076549688395131967953874606276282672834
650 10068861504717475905030306291656081565133828350845132710023972943214021364615756956561680037429392079365269248593503193667653860279666376453730765846119100918279930524580803391700635449824709235832452720539904380787819558048147657233532422676965366174697355767735830755090547655934573298468279728615477890920580530943490303151088411680094220576602093982601413394746079496628243677141706188118643938916171344148242457228023320245619713467031294504060540459235732004636225529817173487005531690841105233528696641436007168977688150001626286429526628120554934442871587608464644361876523235699600537243976810619036
651 89873063260098386757381308722549307927497455013908666044371255555299871908438084386395232328077161156692775508093500878528916821232233937505720276988724604771074569660626444271920145651396132132588555673260782913584405451456856886448132840692513841131570734747629445566166080647038146504256640924281729772822361442622493868527899172766025425494061347396398081894980991200626980924624242890341132576117005512686336442662045901777788436959392098533448994784117575622559151342550017002345585947578747880548626016427058541531580658444721345444364005253638842483453689072571645199588652327279411984816305211197046
652 802202879766701427369680633990239871404864518834321051434707828986956255138052623817147279856639199030658839863100223626297224933203803241025905156034623674345818763000956625814630814592994283732404085832871697785430768664758512649880162753261384815070938495401587970936334960809487747502986103533006946182171654477682006420893753983893177255391418854706268144360976597371969638169271310016850821348931310012158622462690232001214243649200485931002047705309359201890944883397006173736746542194225217406663049734661043616403398262642058770836351590476249401734109733137376195011618849128968066066547420791044956
653 7160516780804147840083447323496674126507890220066193394915506695568922985891325354540597362112107323756828766583523723606331959231679529065958198584279183699382370583887771126391596220439116037521099555587532926192617551601973056776948712180468596163550096642253814164365063599508453839880830606231199152855365004567662783295211398215890287931404126803741558932008467777645358824972540644469456099593585753932375674460703740350247449000643409529308565180775474865487272465482641991567849664498024521623451650869026014946826067756041951654612898853954328801322629243920063210424040015377524617946595193054194308
654 63916057438408521246718710278219570612567820812062601319270403945191528237305517288131150100956316453484240611226423720565200096558824322260067409519200039010787130498620599940206622051420958761393552142678903898200092489445909230067595016396552143525641803570635518642765350948615760846918966435904318097742739700226812496336945498520541646952135467920263551920444755999088729519658931521868927892643906765254768906768054834197914847747997593285252834724129506980975895518032456419338095268865648539335413382123806583262810178831041630389110910489794048328938720376676592049152582184203647616417781403646822060
655 570533348423051578783468587916021847936723311464130151995140055041780499942058899748947742732128564296347255966253575911485866688448866257711182494194572503353741573034048701694205754147819819087524931534279301632198910742416934832446359381182813167015269248370873456514993678766433331892424946501442618723264010397355670331859721603620049427284272624238953263356719167954977193861633942336933469405238303264860090204379625917941686557338445255664129976376495020320752556926719077115439542036625916773660153885303035381935178507144385322055093632719426345437242027830166756595372391132596292890124333249027052310
656 5092810526821577618533354213613839222701419586279578340496300063418640181275696363614382311723853265709467851201772695242804310703724938904533828398549703444821577134189051727283220225623682755521226044499184993146753074474573784602174136461338967023820587627598050111955907148235509525086525094146692638747433118362405964309830426413486259110125546612419533662906940645905603083227677127073307710186170363313725341535452220546009160885567572364545207345134421267612748660013855797135263670473906004949565367749935898726270033001255062241691891086316328841318812853185434531732417907247165934925280107892326953052
657 45461045055689854208652951153785664648954931617876482148609865197202503196660704582933043506112356009144063233594412430645412267289271984262596254148597935923062165829296676179917855542608714469382291602250433726797383836580701951781045882967276495055513031973725480076272118032913230559239102198852908960751874452876623919959915670831208944767692478029483593199480653859305520462382018405492351790240712685227459710763081761262466865294124786787741842269307114183378495819542665525327572809386056127047674898821621979139692419495464991795322566571122974616179235077690492749892106261093794894677447605632139706890
658 405813701839365716704794559335114337999223119068521443581771644357940436529558335130338705655819517813512884667502595788820807366215318623531092447978045854911276274599104070583544427606576164737059721349362054710257092563535362041708447486259192434485417439179434644938983238585646245512283369193063090280268758010974485447138833077722396725191072458981526925980664830946830666978218521609453196040729302501383120037979321846022049079048476096489679557422037598383730918583907117172186396960570236682523410939887191092490967620910296973156978266151139868248176864320849680765615926971121708721611446982256256646178
659 3622591608252314625266354795562940605832771125796965387370112116643311505345244341650816299808568914790768313352880200063646974886028222994390107188236329777704038277247358654582659578901092689368051252684295841054126081016702668470826026060134049163093060248423733722073803778680327957890774313357329521600372691650712715764729610755838502569997620847392332480422424731383502960952918506386096106849208171024042318503979551410842611932418503792615304133900320923246532046161055758142902423174800679213524919508922715105775315925586873917746553711035741888459960139973241793860601142454488022791730289707125552763698
660 32338316690764330632846525548450997694056024270877969877028147435027488247931882617698714110901066709251801618162906728098722289782954766388391913045980974682616100988439678789212008888714342644915597433480828028753319711487171974727226103301035111355408560966116622655307961527598213865669435527245407571672984792936400548606086507061463215118780743988637901976204733147723616165479863734167817290656898425284912094213051359671476239587331193902801117163802154921630803890227442999517660391394268542190186140932337716875122907820367900045932709957266670924265075570933145300891024541045931280237313058483519181779770
661 288682720508125930331457097294440776021426037117348815181489903345680275661809925750709670047753932733984503052658633987641565284880461591206819529419132269630240201335149665423448080077353114088358696528721396972499111849753162555583656638551618264067270174901645111924261328042464175326368253839121936904322738214107136977289849504700868593950893707488447395093274147149393548450789490665418533772409865388454182912103585700648104500643110531472925607235581232173304242052510003364840478106090114076772758142652960721750005580904890312402492986153361990151251434040885437562043934244346783984031289546779841049878868
662 2577089487740339636469103531391982602013693949219297977959153531228413361309833680341490836541480325267700679462771858007897377224646843336405085361610683535265097935294374825149320874342423750190647564580051554793177036106819003526940379876339137847782385180823049853020067628742776912720948262690879353656627305940474111270415634673102524508050119687897989950139743148562400049326536847191353946714071930940410529056817558830406068278747396938607354248307050437746015293926623049509510742038587259680209080328318730723934778475928796373209439386971164866008511121221786564228012817248208684210054662445832915553500284
663 23006127579891798736457747927125458009919023429688537548602472306516402978887029178127450654960055061989570405760190379290987569042966076533760577953455730094983420405535234122064081205044109867749687853795682455642656303865768372899703637530292403644087079164106651268198055919934992454191513216467129137889673513258696598946164058958553586310866063376630269998489103375933686931083140521316881408470476753729125993955752637620913049286645050713737118529736394113772772153473461341975775368991483257846416861118731402727214100679497461786883163194357011137708906646670848601710577492097162780538112628083571244423213892
664 205382221331999445077995288159638478899472684207610334788161485617353509911116457174949960741964229546835376161230393228767404339640516399208795093045372311326058946043392018267145612398215905317137774439089795919695670855609761118179518941932143801531379975685861946981985670920686408161855539409428908165866474541153684443557496168567748401285583074822905573115601806921262138712565101938572249855209950750218524342243219291214116722053337675360353388813756770141466804560380602323921209553544669998906224726474879500953051074753809853381877622883849205335857827611951738927424285184532731878156892607321294564840761128
665 1833527601567406618215184060090892394767845883012251407018298074633275254195293744482694980979477608470292913182639912932848383703084308202474436573957489165027194089182398879578720184130638205932603181058616281483953097118813876213550864232419910005730614398559162699648084665886169999851980220110283638345966730391741169829406890863271023272580365568171999924613597443186670775346806267678529097170495428221351669769961130682820772013409030700036542683238297229555902926593987115378469615050325552081574211859489173464198946267344339580965392000979913941048256756337173599108290554616115662483552140851997395572744011266
666 16368818164407658082515377871441469956781016349283514249425352722709114489691686125749713571441599868904591639312364858274712137239948532166405053713757191881219010363129559490619765586250184988818191667432940045901319009997603890317935760422084989384525215383982303898463611473538949446740223226431026468900175777761143974377393710822397568289411050371917005024821693004132884927574277765271277757130588396567426712169311133205254408421624566727660669421404885078195717178139038642899913731616965125775116945331285609243923078258459419714550036843518155288821859726701536704458301693968201955380625073660690413659616679210
667 146134395519391561026606097744924823246217789170312836329555226578426512285552759373525385806481522717377290649803978092320225702711298017735433559085575128543721282288201604356785511619488968430029991615618907327691510661031201304119566241025890537457197277050121490261895777032717746572766706679677612419009838589808103454932976672037490366351449017454148866481895708742023756987048724832938212043468774697781654274546943858491306241817713188435385118107118510517307539971981855674937546109386339649015094665732739464872883220217591058039268950883677201936274510804974886730784460708115183815025561151792181732192010830428
668 1304646357095055391876215309237674720918515398112675549884394922278894607627601271828211183122423246984337549681080214428922150473635024288285463164254943742753781363306221076144416336473974617794153143183744542325334477745106044379958526290698051614883873868162481896247325574591757432938718419176072279547835695963481155344733338182651803646089888710520143366365905553906220609093924414851866917515962079698239007434439885125892940651387926940576391015559554244751800834747334724621632337919763216384353425163224132944969062795474047917970180043961077226651785598252762121258037188247523036979097934440106399404589514538030
669 11647651933321859469585151436198152844600308665309100386589361809556119823398204426703781536807759608016380236116153079311712906151886820579719942197398339809429595925801895944142910677706378712092418905039081532720749472713480736810783752738280154430768006666328971325459612043398479974915584998423663521395405236576212116383361963559974018115807517391135643129850513393935457468385571334500300062011236015515448675907949036745344087727993226032270533565535797171884272693205298708275045064060834242827691284579658526868694904081983824140926363230984295672083616053787932097566212068890961801819491270613207982719094368483706
670 103989422534510097694836938557939508980127108403977566279538126127053205095174195293574261755483928457846073961083638880771036525638152528672034843056550983856032401092706575222816116923490807181476692015020546326346029058399648654015336352855732362466885198233968947486259692736765630157373776585903801477346950490581914008266163797460267573670925119762304278854239122332695699116293216422884608987705761906962899707640749412250614070559830828833188408262848522160124198438816697552559656119198708158086876628197775306899024486107972976245685256206858640784209293766903022777388769892390802974801451585240599682609851348054896
671 928421389920739491662178974040691070576255148576963221560924727985299505468250976702347222578277104266110645406859219791446309394784394757458637270151623380099049678839835640491717185717938037097701369836796154695419550968721630344187793820186688269651097800154317399022562375072351143951972049904573693116152116012353480294796199560569123723822097593966219882359409663981442255301520151536780975374505783453580561773715925175492898875169614937031674201418352311645185918584557230154778836880060216443059660215568252422906426499333045238066869403460406599153315682603742031118494474874669151540769984920672839641148245103717584
672 8289079062668840807559996474361877469511538799409783020899524903040966205529808341706965237212403002233658031016730459417717495803672595010522165607417359359999869682312885182558082946590045634798097011765656110887997969767672235577168612422062582222093798761159843020124157621915009120474440638320124163457340394650295902031800335015339578874315744357665821803251552380511473906466686901803489712970458076296130450365099824461273648157783924661798346694378667479841795222510102939633592894569757111954985963258632657670928496411844905180193518934086287233746619922381742448678802817259526967214232455008796075205963530972863410
673 74006963317292466597016343220199240482321413128521873051819049641166569010158287412319752498998000418847305075248518296570268035816981301325449448078058160650931762376681568639348516491837050724538001523679376445360604068672405130947515216700355086585048603397627370549112847537966301264251091880583913763067996787406239009376486478125462606875876718716468938236723334465338807894379031458478945603541061965885848875332365606009742994198116811547306977355388437958717912343397127545923953059612105292048440741088588865906354698961173523205040524980714898686529769640715150447398958881857750847725438720461026661573441849693186454
674 660760433706630422163867546467321243160934833353195747464571267932294674448606069611074782943345367686136488241748198599044801503076062081245211174320752384875321385407505015990134824784082572933419117060098620055386850624313083703867995530245273816328188328635552145387016124353521660953096333519795948598380632591864956273740021787253054064519852117631434962992812908303519133916673421435299892825979715744420343402480129859462250080619226100078542753375789946410215054259453808485238761115630432422967199790483885805310336850378914360812268215721735704136483530285591847087170224083919548346127410532333430248857140068398866394
675 5899573310668546131545551283075826337249107079264637364490971448922127911897718503474660189601688354875170942875762921920812241459756182418782216806479673377207915225977612149069020466906622290875462129782832626985621464007509176361054965838823195958880151131356413939305698216521165800171304560716317756084762565544128081195916723770503608901700465274286873774247581158878163649202943819604882392297922510898939232204069559849926745027058919152483953113094221562144995639394088605345259341902078032637723311606523650001066340154606639240586664266113744543794211137036357406322033666927436750990057954174947464929503967022979427854
676 52674726255651173867472910630372512163287084472070606412353108677731356502133265866136799308799761396069915732781559861776953251296055782518662127445104863333875848953054873901323832908163070208355620645173546574457283080235605830000350604784967633295272995804455082450691721025871875964177956801202346911471291741156820606526048893597301169750583052182501443338651057002756381478341487553186485947681940693395444090373650210726307992258594874930182881502081836689352477711550637422812939267857529882883213094124970017150345814936809993395183853017588473572761987402402355972256679946521129897018030797539512282945164768261930046090
677 470315259463597852029287919602945114826671099642059824537262074098544480156572230921789413313462747716148019236769510031235681079026913194724250014664259715429509276299364769227607353822960869908544172938345822434011514389092180002332052186031618431788626876425671746455508973252867400174468217110008394173825140435755544075322183926935716451082398568106877757410610883420700357436490819197139396014377395635372984865267331684084342485103065495549405479007433103548500367330328598723119420109429628897304272544582789649779650546698662498734806293814457785592147500328241481261391068511466303126808006829570619390246124024631293538614
678 4199338992129865954741732065397076387072917005918589950711942118498432417162483874186778482329505996977466110279162961924473764934287759316461831730948585857407790884200808083794285648958047458720596155725469948815538874555877943402243894935549525228410921645037540993163755663819188318888474194037620582009473577647338508556812684827184211982766726826248656496015082856898532006974982208399155875795873979349358835084186802821261911837577845530108993013101741548752950096981570192435318498025527316749506348873805427110352899170439417404019772728910156072875367008490203362064802866810295394556659671659020618891898087447962356494692
679 37495389272125072178667393600489040623987511044554929246705291980898468992762549811637814286108453120807537378598164948233760282058399131439563942794301769067206933402991769538096041681485239151285445490770689924838905392858959950604626012040038361089723666381460780742775855637291834058562579468391235409223838812783943796439020848886687924845725053782672609771181650587718907695147060920422361525801137856421031004904238253378162936583019377465269276424225322536116180395326587466935573685311917278039031584369436513703287829010539413821344641454066959604417856498812241866702080409139045429235954790922877692349985976867742662830144
680 334795684667562997488018203756666860726666174705203807105425493854534236926486382884042016811390147987380095878819491573861571558997171014487658359911366045044713136294989209127081668074130247142524795845128930938114606548903508184029384881757575639331716389632675670356856671690761783614309719107942436083769945540844914075070747345433654477559006507479379852582187322952716392174498823857275649253298132690723445615280739287812284589886414548383717287668255441698589199051222351409403930919323003198124859817594891761968715796382603317280615711217886641491166166190399306343519700157620339011792420388179946717099442723620085265682052
681 2989419575791066506703145656784445056310796828580766221634048280302475233340986292932446869730447560506918974743617895976869458395378236663803412758181388607540084216551907753378440600559347587373214551754293163508005551496374613926661955405390994373141988326545375143200296617135509610561471725844562931089281438508035949493333797568199028544450959822685642943135097730877419792407336783308417419828770034650507835514597514934962446276212380523089735956185726930092485806685204913070670412578628074471105903417217435224372516605748715139247808925957986049794673377841815096871352742397481627117689631023124745963078508956259955100381018
682 26693094239175207207757625920313405258488994868210115909841370508406113653264703449578698531996066342226070282800130065064312930625249461594758969277375692237967488916803773663251696362702705107257197085112469434086972665654181621666300994994739844760062244589683313820763768359890198574005832194005777291549159748696688670395021206299754793977322601917234236184659736792969617056648233742077507796219124211290212576351103870303087972264532143094563673485305113227348394410100996686317892351166226342511194733122469380996058004976945079341582244729381169902062879772552107956706484191651104528346528487808444143253696108594378512617690770
683 238350448639768132121684231653335689814339784289082567226527372115564503893292427288131266305939283781364767111133104823468442485861976867997714559103557177048585764384645344167459032074499292748844604943845554950528926270929573264927710195767947382526289380691380114060966686366529565739703135323217002319394831774286333542624792576788114163950148934714064691585528241269605793445797648519714309237561776540892040556996070037307870974579209529961809097123628734597109414352676548591038335861332356265846650396048156229964196057882808493827764809970150760846382665358985670175650595266893815304913135015250148793697796297234870207677294454
684 2128325367891431727728684092489556457784395697139210854657758998233323991175627898679534112367239284580614408985818577669763779832767293769554552602630635403866199931095701176978112112951584602905989358748685620288127767140363374250727473963373786279786269098386701279440825794176424186796560658979013541049938935326137851479026903762896817084155022060962495392632945689047246225607497709469441413297341087666973424499686753353060592860728240896796218590184527982866919269326538318186493655874917027756161767359443359115171669551864231100225704743840837479733318876011421768054771510498432084253886952271389717242119587021129250950778412344
685 19004876357997716836683362404303718680115793926800062171542887425860255804584561032813981970104851025782034108379893066255712338975690290973937301848685583891157659318544074674240190896969158567089739172041651832939322605200451547659968270786158010139271538221384185189159588003848754988827253959354716289880566080039903530030422155851658549960773099894936023048928473091059699416144835818754029767952515136993161949818246040341703534305729331079865133541870660348571032451947555639540276001112127054798974759731269970961661024961690330746246837874211567020711342042869485875105946490245181679488934589779002042742778454592799856914023162498
686 169705938693436822795204126822653294771379303981948684805298199537524083949558548385577888621512285280959165422925424311849231679129113872686196888472773154644012035730653497164523346833480224009286272318079675941858207123864057914762712088387925811599159023189839296149024386258053695727623452027373670090095381163237760541327381055556821998554565401081379674060713459305240510209854895863824487548530507046958907044123126424985363559594383720126605510857817574177568148782186701329890457078257384577530156682905754258498598855627099648444357450450964620180271901632470163946261694112689136700736109618296670726662265052004659011897774115338
687 1515423377052137617160864205898092534183791873661875107195812832121458489234058538794615976924048122216905525561420934788383911833985594920225557209057545461451941804072219355095208480794983817940721262326035024651381728965626144008842780420854334734776025203686144672975047911980306483028514995296130256522486873393289576088130015915474305799904871718886742602963412809791114640499668008971419382916566224276650430693668389958844065390668411189664434972496201943876901322011753850656699173166887073927173987606249182154846784752849477611977096583360012199070148533553707787268426322760395509894295257358065224192428893492200498658192245490696
688 13532432221705271898114162728724470161436788231533148352873157725598241379715758511374233240351555202442326306219910490033463939266133555311010057991531280228573334228262977588041383903882390399021129541392465957570520537146274884756539398527745691546542296454921116993817591636634325171256285536500205853563888794784273238188119866798848752021353111563863365522691121051429997487617204134486500096605215157171366190776122137868355426036994271628645133672188464188533977302600477410815962755117679406309507530782605458075578257027573970428678401905095015055423059351413131766510669107179317360577102197856329574533875296575020140203124822520528
689 120843323348105468282068621142234382410839156309026500895447443969623095729603208517347713020437564599729865708203624495581392745714900390195303344245704701526374749956182824393838901560273107941202036509281012742379108925672742230580901101203436353712086803923695445577210653601013114686606221376951207556094166506632064085059678463612639370476374083548233891637248460107015831855683603981022941659447918601977326767023809007939043861649570504781951399972682446872613815295357116038889310174829986943212384689290263327305624721942273311023288436010214378352577716394299770613695638653831097452020672989427213272679233372839532720300172977793320
690 1079131494876388752622813631474023601019104797818903813147174137962301509894413470939314030099274493593744825177523918616283163088840084225595548938838052312072277472576811035983607827205433088183498091571266456593787921890439284632985518419435987312196447847668920634344631497302462737962771154953873198826539526535636157744039856202907436354920551922386044168515499909923463771850659681837250267136791612944153324978251496285037742133963215873589560053901455572501181634376493378766827996706063055695481577383989886187248956330791546525581299461443552103391890502696490963455895531920751944752696169114274493906931546372423379120379591972660082
691 9636758342154592144562342759540085090050148551414025711611718873437534003452727705688493039292516751333636938362874356907677454828242173607290127408499465380767477375625453706591114125045961194925355367619994452680775830435364942381378608176660113690239367424347957310265125981395489400674332927020722048877037579244517337606117560280627735085790545344429961836837118241130691724029976976528699297297486759039244929150871504454555940155135031100187679323195777554683486450162446205005487426672996930656300751191523634302207418677331159338184068371919890329590823598098183884302580242247280281329329387951905551104953036967088154392406686994114878
692 86058237702089954364867038320034634345851428153883114601932067131474071449576792804877980958458425844865357105541557217451946460888033068174614965611243629096310613527828674929599011248052539500558858478067103120750328938164332849218306942535359570910877981218451652818485905125686104689311420653874051456843392935234043028246264223416582992378177236158873399914772518241088955771708316208756899278190852033973599715616779793501040110637949898962665278216716579691880304891485906822604806852113210503386448251699476414131383110790556476532629349061625126556063035978816774331548090072364986966864591118187378928439221917619930416201229342159565332
693 768526404823360711173928826007380819293217708001661953365056384075747606316145242802298432010376372983672715832869932771519239335647738167140321554630596302847882696725114994954702714531325523122235809963688141488376694797495287517808962889818181975115558993751738655331787790587023952018309350959215006744620792475205100956307953503777773011985340943457725842551551561414377354979823605635518050316973090529771994761113494868109964969802516408956036271220321884677257876334001209027778132021140141654429786998099732344083244827913013737961256384701781739104834979083373548682576902265698765063954519094170738599692336236508609432022674131746729378
694 6863252702748040725182990556298691748196021556523035062383283756484732461245883102846112507114693818197487027732677588436057568573525472154791492124918582256812332838433958471497943447662867978560755296929998483262127441464289545785479065534645290695427271285751220165490243667423862570444772153067886539162774964300504219403154134622400760637486645409808773432093902738609924708178882224945296284896327124352043428798222418025692860783256759304843370195575352403739401966025285273591446206996109497631909313969755923045320818019914846258415067491715091687067960801032847621576017110248012341434220635302965062287124704509567268922395414076652651244
695 61292314783750748424214930049120506135278415072453092227085276870936895378093062250370651202357881559126339937917747656007795962554501232163885466361809351275297623579215336541677773499620857946729617231531928420323537337505176836824356558785164397103630522505996750997064469982488039179931315919651023475176004695068934740239554753630556961849562219217957465262855441702115825025232947361219172736945754056555873584053070725181281802451755455480371015460107512868016604402222860303313383004583054020727867307098419063728386177324661859081949811858169247852152306078488778328993413370917294461259251873322480013406460143181165488578566796291647711472
696 547377422664845513019548252383703126361006884765712244213462837363167948648216174397698722180986798443244351519752720551963892488506785655175938233914390948146445016030097600288117229811530059195132160168346037695250055981818154272293732458796323432994915978094935773233817997290764725823161576284718310950351457842833980758315747496932640270580004404288144299760188999051423070141791895559321847757185652412254557143139085953166610514687448713020395248157400928730054031875626835793591197659135792668970910604941441974397075714527077579543367312681929723186827953835863983869552085304841106074930209404461280377683712842735481691407953359710493701572
697 4888465415340394059154836948809302352544279615965989600228758262668352115771809863600079288540613766991455970716663739797389870320843351927164578225365107618648159779721641520592928504517529366382662846344960170365993323036320113647897902120366845677707361294442668332293617417366671634898990843398149126779180070994635457115346750170509561408071701848330652473158884930309241382412348473895010602727605123522877241026774791342837624838130558052622964394419761449184202736679777213271055157407381585344732102960700474670760128146867926404096422228706065656348120657435807267545205531110476356984270703044871783146613139948563142861448099677303623486122
698 43657916864664529373368610133255647659571573633019478066874723511473668873325240888518264571203290513682859423069216702399113946178030056161898580432832071910645796416918207836339155002021648124832468026363919713328552273392885558536055746992563723125164054391534458546508531472419009073696848634250554138855085526121558718893785391585050663981308686075122367592114555623887464858609518484652380375244605124969168712959749937033204698960250499074873711791300430204661137345064161697306118342042383849379292282764444883023309933825303159466151632112418657952989812840833641623375784979387057109232807106227691518821684396542270126238884245884325791041340
699 389904506026329493744591951094109224713479570213290682095406585912296041141268174259754856148746653778875180735363967636240295561504996667184801385580185019705533175145753996124144307910568470258599223779907234316500870031989018561220918413896494174680972783829564274059927320336448316141072117064437439462112374068664741081294084574704133943953102265422600941099803938436677642689398090662498419756414731436197570142485223679835416909428809285584974032287956963236665104363448857021470481492487804658376418186170272929955021930403038825050935973837582039003961031163084766994304671411050750427512885747184267557971318227804081522589926931634974567360408
700 3482236533356034339286975368656131486960499024981798847455867572179189701529167821209255475025871319425992464733827899370251793156964890397964228776488511236749226361446213880780662973437905540000612784593397196247186304403146724145777874574031016437573968074412907240664276999568745869707465151530366315437824542675017852292767176241000371512339103789957633658569337399299642318058183360854080927293897383702160407519888056958706824655395014144769055777144932137981730958636234220017952084099284938994273644850533272741596912862614140548036754051703790010599581253917626062488147760361693712986325745495034381684898325441028032391085138580387438907751070
701 31100189540003680137949230434633903736969571166446024905543956251529698862604295533182844109385191679547421166454133450808942268257834264565362280980166907590365402906665850994071695567401905650817210698718874427909858491212396849714476818658857377889823702509450631246276548916850483796053376684141545674912106157144415404115311862445242169441016363921445880925253672712298488578662731697421568720740439750961840338890709777182161866973786056774204781682929220343230833488504230869714544395601041735430177962424539182608341252961886434197511140368946247762591922866115609971498448271465453287987377681224981268831482950554157954183515353613555813049319858
702 277761817745224920767878302894198638742500809623838843367670671061882617426564526677457475148263788903956829059417696268024254370730643924416894452700897216780065875004498954588726717908944089580678248513522725671222056570544545354315039794497785147176599316149308345503859870835516179137274526910427921969686865114653708858616712468324032447056844956577581611123858762028895530688665752899539967055133070601477997198036537620210814948092552074365605930189646418323598987429122396819054846046715970100146147109234182678911712084086399894534947487570733967443389258931051601904226041624435161919313099108244691482357142006998508513778579982520056480073973816
703 2480771611747424804736461235963164770432359592575318858384962590601368799698440776039798465460362152438417069934249991069303496494462542415657941852930990657580877753666834765420380526988804712766636600266110695591694843381664000077135986475125923441558223453577371602552805998460626336451261580887140742635405222794314064478054567917883221643520021294571351342565838043298109626010914679864300720348307601155581846270611101144886323303847021418069822301878952083338947161592918903075648269958014139790583957400578524538623486312659972033864595016218961136356620223647327925656101297996984280805615525081888062338340904662269269008088199005013510733634258034
704 22156733598589771742049049087680202646568654521367893224949074325574650432982758243052369260672434395905207806256124847126323026314844340201471420933429363799986415466732381615470721770714573063069638807507395786152909981550078208420004751942793663392549275817655975102797950894239928600130265876813705871035380577055713922855276845708120725281750419229191668659074236602371698073315991201373410874677474995398852840511222958130270182774945973645743316345968491739752450048651055378561446585726431568843752422742705703426591284242456075688342986278701289555076834803966689530001222148634731474848836763829929063938022229523826889096966447102389827595405301558
705 197892524958696635726024053904238067036459615764464832441497695251468873657947641506719769558422557807542054515813658580297794759758706129717098277677118333999666937101927095397374108456033732106231093941763109335285774430201448685925942938697658769245264308296292365701628641338594192904147154031866576209267577138540078983733602256056711976425592477934220893514993826506881132983151778772283930218722410515173557499873151828213539849420492910204658433686748875991288574809893015719648720872303379341253332438884119591129430744190722154820563479660996923518872232323219715770931806974614180308793639135112041692762349270971800201177543826075185915761902581190
706 1767493118730076093040561301134527813081677612489641576765158208593095872223989394954980512096802036450971943533535501103070112035625706181726955514106152000725352090904343239459576127059666344598781980554566065848481235311412027194850463054989479476289467987934388953564130578516233218612295313923105471596569966043893265429999804712119917204286191374808976886414156471887575170226802983660415895540703946853105979768621689093497628871899795145742940133234329879736621367132140897884993117889237902923471055017617639603498911735426846174814913387325851816695956278450763178744365916696284981831092736406774291466434616335196506986395258284104048776370286875876
707 15786677910848723252441113385959793695000728547520793600418824459229862113790389011014501181009192658258996268839369825511088610304011720602543761257002781861091047331312561374471144266314667051050352304052448869036064210446906946032891769068648809423250993958005381880521090914182451927410287519494051620680450965092793841042585242497338487875999985627135149720116041965041839137252878568773243862625925086001080102320749335667872728948024109778731156986112173656844064990516658198896066055072467266561896830669473444083387551927803750886567816852318633748710296234573110516179387484897904433884657100427795541324167249996222545841939221970950695459736211324054
708 141003023949717375036497285262083189901586314462194318495094454917150370378186687559173748496976597169484747803769798924494803031511460803530658935521681091680279695942790865153550363273063192830442774513761688967603355583067189949735516984404304284225386323363612414403928571846018261143530653401684143342968715388963573276157962753149923536930634889361278964209677579856535579920173162132851527616746466530078996061449494209199541881206931349773594696581331838206842189328098886898905498123281055766793675304516531483077671322024553064329765464495174724243596940721587895939691510471314484263614474550179013134359760080553829234827567463893207750213452319984594
709 1259420486340165580026836592231540660513295172077810049217537868318747979912957907112856243354933071094345263149961920753152365195619363020065000054938064760002517126059157661136149697556931212858167132740225530892399803271930693383160462160430765879979060827939439425365121379468217578259036672777705647355846960679842272847668514051328170184482251028139997612159140409352032636232942066626563383606673760962044253759559888654882607776458039499715186904477233152961541185602945026242669447263146985475774533689936128172741946709610615318411378624859812908553723019820735189642768811785944811075072500343108752218062266514327737430041731269550839851120563719172886
710 11249098401183589790273171588523819687597983429538203470354940735870786048943786877787670960765319522485465481883364442801154000130470343557855442899893879482774081297959988755678679120937947904398435661858710333778020957552098651523890894872340981136874932297658892099197722638341132425850124011364994261078374933608198872111865833872435700459749024859122197557424806109049145672821728516629408918521366053277796524493304009627676565034633161176592657170090927107994222130617211684186090049434342832376445991639823327044973305651349238600963364027331121080419210068595594633401744797305602170978068587891826324918840686139447824990115985734770120639088773625196352
711 100477611002261999581011680480774172939621119606383048835843955770201737068598546003355801829778547926452303306706999576725840329766447209819126690018876602277230761082211773230954607150388278250886644552969393874240253914029859184404637455773620705364869949313780895525275965173489297478484316900041659693399189110738634117757203537437475600614781955729938180934868074041928933715485059689531545985639751786348001170951885943910964424867508727245059031381522330127875270975890118066866831089798202704580400904359949848649424410466917241302888684394117278377289286793504954372857093077654814635912956610932772145053511817901120033510272025393101362721527950088225476
712 897481478748962162464747846749414522346761531821259817236487051796572451773935327629041733022821691027990234605582857468682672756092440464256674564573399540470810814672418259442973125174642052148013265753725383536405495974758459755865186011569510762951432570963873170419182550957904588644012430872723012832268498768009761939765728845512679576215460729729003359365133105325051201495739185476643974636133584170951096588546075118757366032116865652945085891379517059988878802993170770374867126573004135450073891324422246245400237921330167463566052589292800178778104604824928889102707928677403560825500892095836015186127948168910859651187368083166671164856244160395941590
713 8016527482419978262589911666392874799831671822216952822768080013714931478232890938464332191286543068099544912320230584058152118531706603577289734961467109938999941815736882933822045158648143335356422320142412583302584732398206129820989657576453255292770010641203145285220093285194109255334017257765782629972378187867881872662525661413248744556982087529162235350368078394345155465751137078167829249924992743597292555696762036074223823889606326514691319095825725242471937400809027468018228533278160432719753163835450195210737894452344032564915819974859244407970603139827918180520908335031644032127124022830937199191740632194689828776744106464736001811334849037460641478
714 71606370367844516175471541108246349105008270257130070291746466307118010258338056804889873143160388878916346019346152288161482771776039932090538238884335781154022090476442822082746457481634171012438767090553858169348938208269519037953421026148426492778976423112318510932409878265853310541160419903241064749689921797852997636453179702219921339719777821537390280210562106249156496819328596734690752601783699541764592184716581776898466674761892868882028446887521166192907371348735940188209243794481405686450659820269482935295863037136447678622679420730306974155676098390448619457910178077312709366935148078553846987426926540627129545686931489012426364440586487053082922660
715 639619368364454004690849531673936889258028320132980495779443311639894050935519955625019408875377496943306208337699657530247136652491630369816184987345820960325535944219043082240500329507930004041999861476351425215016732785609893596440257430098407439183370266751508019384894887995508525875484546865103373948411733917175452990921947136760236970045287380650873881916372747275802255924808765390142100562753916945685811037050977914807112144219852425656094775345244581725104571290850288586238329846742568298197482916432492482374156104950597706520154144620840764526098753397463351295494762724388171146155171574500771509556554393975133414710007308830326913579865000796343856978
716 5713419466374775565032669495289307365478418634909066696514915005115125163947590779975166549596593703499868626419584204329191355990482073766212758880151847070360730512784450086326034860006575776353760778013680686582009284510366631159792591611236137292612879115924190875526564847751117492453484176472795148316178683143673262689086330459522807644285802807500929073622873824385137566601894797190196345027672999383995774601113071506076215443381240254424840742082552444649079771520661183550201954773559157067855330710800287510579534219113682923520634874922745704265208297992039183051989042654998044091073888997364586793002636498105153184099525272715619998438840123414749228926
717 51035827365550055936325143501706145753650633712423713986998535462112183967855834857531218469220595398977420961574381426960726156251365020421679989423967954061293987559702007273649020770464975516291477597241785345554006453843293568251962581061180291373703643406759158321237160480703042935186039285665507777966473022040824870166868415176837769560152025708334155830820540021101270316127981554451173015843096083841287331630228145570183957313140922290674727396115789987634137737339519610673949946299202262865197524225029335205229967985799784350232442596649368942997129553665195288335039240826224881617478463969717189878872803795180275548278540043296010836180893239591820095204
718 455888610406068106072574705087081359517629226470161493141568733534107374863276451876664129298873188285821948104970234573060870895530570214785761509301188989478913208957192703827565502302486340889229496755818138416023139809763172340482409049229539599177316267338179137718638074448271501149318628827174074380489785447433685004379517503230225588561444280449997635409705598920308576785892341172365539627736778981718381894712300400371146285677517228149050265307349745502780571949396405483991471261565978553325615461657625800261902502602953968711612017358320053810498910893716038460566030617599287743235331028228577287111001241792608719705636263189518734134247746166789494652968
719 4072366396267569358704188635224129205072017637103749782550453067186958276346366658749679769112624520496046261014451726827470634430274805699474171914478170493466488479339293332984798188151491771108002088159620121610941732606207373966188781719995779545589771337883489749477667805759770402502128709044342382502481184163066698975940281320778711253770216705889092768610439843732770988581780798850647999021523431617491780642347358851148204329343343877162719268898132727814661710459029256525644908308823536964424893750411605271495123831748786428016324369032611600472044525417868394713978870245573528633827440099379168810251289233031546503942110892556738457592403821831157185445304
720 36378053382236942304584179162978448146219328326757413158304292716461571821589778576399659653566821110962261518918084373280649721032806051767897381133416264755260696640425685971776851631562414150443773420839192372443652328790724720208650492587273659050917439952476140216239648287828334812182113868998467256173147359775227960885710648137558333734182185598149697589708578939503084068215427577612177693017595229495855486699755175844668048276622709223945816582180227014418731392511410283467510596728733459711182676339155153343986486415193149126891428965862253774980320459472290342146648539612477183101120365226200432625947332437673341404551889016793783906339534935519165307643658
721 324964980392873415276559163704882908638046915298311583400564223108005835168540126934388005950140154352179800083034793518614125377923501344424890872633843228641398275326384914638079958939930663492207052330536356880958214888887556309642611188012282178907769931399579164806258997671775428485862704504614108719804610354753254241168931207595252441816620991884934330888660780230369932222802484716795545767466425496439443325037542206521703238727815808765558952779653944719444316720272503700616363023050238415143359393664595297144078045387739381293173805865336278354811426794958435708204807010999554210622335940919795761642009616506735149636179423645160280577091821620954084523806406
722 2902940612290193132561356549901059274983061010697522769538876025116305342499091652509827484047267756383069326846557543590093230752738359238108972159884990133802724312198265094242666326449733368054563045515675217775600440959313070241435093541887336404272281692761386311012507241230923153413133532555244328973640232828760614597176442630610083302620485792162077258292028028648686956778695838880539871100430449266901799008033832502880853201463624787846291302908573398726784684255098640708957940377163269413316893272386948508762983984762693887130764264769750327300440438337961969613933752640274483878243087551958956664057029101113264366551690228856496151860842903278533035897762064
723 25932489514942466815621088235064855001266133467130714250003983292050647865427972961488197170683536564928276139736823946975293235187740135875591448994643661060195480336736609124498040154308592657393630746906151026237892617621257805879308864297999948787667794548592780830581152816125522834192993659314595734228289684750546440358226128543540335431372582583809924165908306238036374506902918126298561920991738953416370068330739290998661944403695359978243667012264626366159056663320702276280803656782949355429480474076538716814155564744133190472630268140885695554986132621254426555077965620435838768562876432922264776315680471929832378272413062757275258776041529165337479371490617790
724 231661961386312974982555508233505896444286204910048372471076326859104862060560585075804524631669071945910482912156870364602613311613628262835784575478158655255942026827582068335230887616489819037125703727559616317943812914125510039769427039265049645688344257083205867181247754326838062568923570600633998042274657986536281320671769052293615270818497103337959882679164900097788265606829971734727705791704067435654188942396565797933211237653833539295302036296746232299691787227886314661852697742611633063546950425685938279429211451047966858670566862923133184315638650415408720946275055136206833215086292094707293540142646090978594273890201092731130583414071356606495054380665035684
725 2069520311042684724984365902480365970643483159032120552308803718812572242145341054155270764580999491184472367057236506114946761120035977281899491669347793806902911641427428243256809262167297141889584250341708004545590664056153502166251302599156406594083566550333992701992116865819457536720333711458667651653126637263798633954908044738784500749874329593119456957789498230415600489325161498668291591051133633341030337267619526784305766296770872361651220328114826416108871733371865482787735157249313209096623040489681331988439936844249497845089625635245473209253694576970785283410286509581367706596940859983375099782506213390207101049987279452046404036383672147368639194386500110620
726 18487964177087123591252889737099565736907693226104326230377558276830012446315072561232227602348172704524525851176948398744277456221999673284628460079886314861136314855638458796171753082589427050604069870124426973684056233508439612062172165209312310879453710488249923642897554473152970149952348343142982307119708527856031689923558965641367654405691115641476717990065579297977933972816109129854275392524550920618765641157438874184267462125901738252162687932750124425005271369947281465535511282083865385680951383235344909871643963225018778792882923324520544279269585132591437941922812661271998895716182009336732637018939266915545797735784580795647363868580265917688418029527181610938
727 165163056191237491314532126747834969054124031043194396040413007278350484397394820471263737464294959683214245932956710773894973078165349990222105993799662241108312775687045789757525664392001182787225490245967591262134100933899259453097794796226252782432106628392574760493370050413842501434686273904985753559457702102993424421361312593627138263410758214573505589579646560245613734767323040087168989494604515844895942891697117229338052678498168056318712023496706431454727921111610718046145868744381922403785975390560419117304503337873315736845969523731476280784972608297661632718449452850971010896663755702130953419479994538293616033270572923406658539899578951315155966895478656656772
728 1475506542607377451700370334242083668708188025226352910979354868394678436502805404399606602990625393035639378018527571938689907651299881580044809268763584581490887059039417206455527337611901477930165135699019356615764154099253528646367005492857539287670214965252241573178559107941519059214853525167780519594988878527465080631927078104627915688524872590819667990822190724089909012032937427891081237515050701972628751102829019683658694050864853050924702729416666661089798250044180469541579446048753505167790393426350437863115587543933431951928035128923544879221094041034894875141055338509576875974521792345860314822280165372887392446344676209610138653441934166707653531025800967758708
729 13181771106220086931287463091194858257633351304283392989738181416249848370963806520296377073647489686596232250090731247967283026092674057494743054658937022609993813500568344153572045251880161018322399759801574106714875802436388008679591256942707970655018462978682709735907156066394587189749423135347877660852549551592575761710687734750180895980679184155162825285021913801926709776825237186808698055083749728725243784255357173531600646814862385754274013424110425473823040481488001703096296477377251713058041565628605925535863835911364975973263406739112840827750343310451555785908925646781049734093979746943889921387066138293159228558110841056660313953747352190868650168104480198391128
730 117763519907756021062223218072612915891587840164893954344865707436347820653698845575794113244184392478884935886847350491056620056255821477204642854894081035738333464670982352716965037497950602271212469093887415662961385650965552014081363480143649763615237309967553493513150607537995024126429060047368552183691271482190562634717217984793623529817173914085187261383267842207331136459646559627636401304003475840502699944701528748170035721323324385991900943675712335377807785759536407719805136503352597373246733419942073585249045714882191364351934796923961572759761739203557156828983577725952780427456666115316904713473520859196579880551116393225973720263413956513656848342035193391746510
731 1052088233653905230453925559198722412073509143438173273431945631747179315018297312629315206282967970630872565869562260880917521964894136851775895397409771509830160479244406326475735342190895084075519873829107055819775395364308087839133752882932535935054554493193112421718272548567133745792230095900326790837001193060064127972199311869014756995417262462609921136604733256874752538994185790886880475047256765013320906986918447305589090266037413200468690168740904364379260649105130747169151626989387006019788241183587336799858233708830052273247062116733632424983743386229348253324002960869910006871019338461650363684502943864030439313582692959598729328452312088770865979380368102597993522
732 9399351927367274519690362397166083350318239783683297397025059549226729835513212524515653593001084542196152990772034463029035896556905170963627818907639199683352831694995745804277936124620682950070346100286026134836532069479460429981297769134344992956613747442861717070293466051875773739989642662324465194446511151098002894548107749562157102411540402385595731787234086931623142048965107324574477854200115590695386489432399135542707283321929821651286498972867023827551737875067873514418674266758931243352729770741956607098618412316870671178892389554418601455311383805471880747037541195442462144465552940154429717177403605058915453652968742840139523986955225648904110549076011181451452138
733 83974612286098646852920445916523185158353794050073810363958116422898459369126231053410979484072298110292640693622786138681663254854595960548666138546422574568556533242437294651470761343012558133450403288541661110548874294443603040963030765965210465577588179947738273527019058742746566758534520816141104503407017485976715663124446384536970637918498955867714367423596499771755988475255079918911689907735319883086631897013447911282514633420430156706529548870930106695485299185768884244978392340436344405565994815402691932249103438036832298023886344291059335289749932505296497076222890897929977216455054830385024920992469250431079232786987134814381635743317708546838362297176282808871123056
734 750243846448586804838053715940940532351026712666184422803782604279117637338755479041655708968816690665927196181555799364472433670369256499689446493727166316964197167070222578709896909491124354705380152146106851519847092404485908050825022574468253841180347729858120664102907239661851963006890534907877017744197178088210500060506263434644983339666530128905218227465610900116133722202623832831609408038659461829114625083518089604474416176110302034818523733028258511890061241265494358737758249689950209957471942932373555579499495293087221421125477767187156514645150890689363127845916548796966830245419495670645628536371657010516046462327650941194324688202432695501247094869705266742229795750
735 6702876270326600372665677138918160863994936349594923901325824320383822245266946521060203531478367146863554098341120556997339925275489611913381818931815985076761271653243674176704682535969569212999572530434063571630616295097862792164264795516211463973469563589872344321278450669879804210937299821992055259693764052700992111641516308858615149567953159249108791890278540038568622108447661513853142054051732187582419114207207914029319731403565466934266028700808463286877828326526312234110519544267099887325048547873337369435147520396686970217266261491261402918345241162750393441228902803979251453487408997775445518144993163545039533184301409520700659303714557391444082785039499959375586811818
736 59885858233031744525420636684715746439292742515360207904603095419000563262118711097045926828310534171681168667702536466724462086879443117523968316291394943321089865163977925804013864251987560135844879967066866064430464435942253639792797231667704961490937975767667910541413473953263710244437958189794005938323982052694683491973075771067728562192781776602442855872896483334099057428029502086253092448217936093634419484443131672439420694605197408864198105428548785786314818829245404654796649892359306003490617568484584260673471161906335207553972483025541531740624271908056453221566494866456607190362691361229207899347092392042372286989745885589740504594187749019233424664087114678614692979298
737 535046657995009578634993386862316043668432750034240997035030768197401213895101175387815205623721106032570070724967548298708747761826345833013910984641446138643257891087508524397038086633552818799965486009511164277324968980349229963553213100806512925899942350501437719534272300897757906265739962689895560751829991783501889815968614509167698501736507131828753579740194347284548188238296019908944073341093528322356210535937869253895840348557235576084828586021322411632562630611271740251274852496733408821600522005394120540915195276653681712422953613209710351134039579314298907655493696654385778820143612801463965904376798247943680580911467549341565799364502093817097835036414274856819810650718
738 4780389949386546146186103462185989417089086534902390376629963639266828279014194256154689906107161482571867896460701749266216667067692639615945869577121149113828598680762137623569918891371271964901816249267148598779651213347851647595530744440804177116068222631817570583632848993232761371871874372640045384574641709861361121380919749455092029500370860529234965427219900241864113672765071270717052799499572767522544598581283529243912480710610473687484771702292446254167913440152880461570072697513239333680317502311835295903739366308234152935558021647586655437482685023595716235084790160806270084307009034885844228371075192636581418421207584871293757909432783447946924891786579794345985517558898
739 42710954102123032494047954206127742789989474131063909179102523519206428466404878873174953669194530360247330024900673143353019364171744523933445634840885389051609884767136316943942904240500744235610406255159236613956761021397235204244929352474268525021071491490308459107499327066305300067022301966087869668862067305895748035482454063704122930812846784896314394440250635305058063610905629906942144896854553381392369166213578403674045129983552473620944110999717782074031606488118041070423796522005458756280339368236564134907920547448500727561868823545631333287028977930480845348148447495112735237805973638618454679546397063503985503705433535553111624194015277633803337900168710994340336260558968
740 381609773892521940715836283454660322468929189159826570978576480841833130355183748851003587782029172459482688684206017236524929871143597488945251335080152467317211177331887476353104747992202175181381841837856895117324264280543574214379433311300596317746447899427378865419296443214163649296259336371278350302712305705189197641217969920931928507722889142723474458323819497288756304012324031793753353894836578596006275316976161218108238741524171881706360401771805869966132047068855656962910401270875212273215782113165725837477491393884020811165253300659333274855439934734145807468891279988378526149151214654913328672537429540457726568915083690898127078118795845220180691964486887839938131536245074
741 3409604160433235334042875556493971915287514680018900998329879752732989024616614488917346928901393641305213430042456632032008721166330150977068624143543314878456720576202910188504295352318749696341460721719320052487249891739452095957465758928192829141435026311575188145777728349532260174222789965117487302876587089517040234733139694597578180707132629606913592205017889375080260309144228797698090702631223773701145967814867829805581037769701400370031636381534836248248594493274793255377974123548955562431248243038713391513424549048827493717292693303078219361593819909993984724505117375420022414017845274502635160233681726151805906057621166412350856477936622082161785655440901535247206145713979630
742 30464403586560161955001537456408960164625755867128982552689505874161102372328908474100334541627021351394744576506277706810156357815970784357440266870436743719572195337286319602534758066576724041687185568587761587109510051714550862842125149655200845826980303425572900987763890363399989143470444246010520768063683549095750876819330679731288256408923115774085866039838994303428204442039946807015010523168669387420935994017584888442056075061377556750648268386995755393710161570309435150357034531271027050241861861803199237901441430822491800664365721759592621734287024000009333407108050726655330177715723352964648286459121319989343068611669488501269668442704810270554786750096555029791853206685759094
743 272198439897180080427622132214776495187613331327042346406660890503675470405236714789585661469371605239366550215757885226481195240796816601577164563613416822210791662469069201182277293247381215685997436470177503614833538963604091207611605302097956161529926079082725073354261061899739752478448796734891650545295645867808584444356383349889882819872253921142157949033514279990633885737226433845955916728659151297577553071714395367484108773620604717960038267105501390973815035742650498040471631873782848456538043730116425875822020111728450200317394708039027724192802097200755468394229460310156762530600805817705063236418826193644750857125548140821054828893304398450551618817313696604713713755303943316
744 2432107715829891900263122237082689303151220182193080834239107821513353380342211152392812805045473797164414099646428303450044783389584349689444139950630355520810014367102436150494885874019729429742545496532714867077173156322921033675791762725730323589272996116977561221702534164113997988806652135900249403783872526621874135159809698276138021075339487329252720432863198902888272146753978269721900069660776829407271490384106091322525061536923622332652649792008650044292077916148983335880591794883871820146371169208016205601323836371582207869279600452735663530576566137012051671766451902581587429079973320365085855561257192204470937558817947654968112170676507434117055525105331964801408258320502386314
745 21731224095268928481804397413636463619434404611154333240483767357842031791517831002388379631403956727615455397425246178377759438065117361800529706988686590020336112763146257069805141252251067983648958028582790683661099696719926864350652212886523402684471831180795468196902714795785979038756568166306780785307091523867101358911078502396941616984665164120221333273379903783816984300647407683058216040211056959722727170622720767693211581124255046296251253994750616497511338676409445400521042753331574935268123419587740530795313449965989803298243987158525082155912787533847479632977353966930496818500078774521978746002449035297109085591657661115788224873711798891762487857831743705770825614094493310426
746 194173417710330987931025207584157975479890175310906263683272841774433475589983412340457424376752368160466853434369155968555560876533055380239735653746014404201623991962217922778472319948332572948554314051773051690674202776765192650092692700738427990117029124260890371813367282556470586731095723319603865111110324986910222213596924645356686719376350710790471854886888855075161718257370201464058126144435378440436023609668603560293063166106637001008477661425467802719837882861471205792271180910272438591784190168358799650615648703750342194912403044808677158875634244595234052507667320159649807883429456097514026468297725779373250230925079241611324484063259224475646542348049235288750808711568731708258
747 1735000274599075443967209515992306170242592841680372919643474206052924782976590017440384999203244997183003511707786348905452974745504160707309649698190289584011235109424699327058474111279060387012193447161354525121613340244151435351411067657356314059084313561626286626090302069191628394908341496980070882548378557301490121944496005200267795786595828477865114124015657632747923217956882827246933905954202130849366040619008692899211322968227930520932978248413520113346889552494136036339373747325427765392356907928933048396665135131402060750767924260635471122110401384881339944885049841493929020848083729934420066614606017594449076088783413140786318287717539799333192771435405512579828010784717741437040
748 15502919724425608030348587552493252903300283073182257848041349981990429012231416483443503632678389348717431195576956080136637861932209147211503634679617211033795276927058448806254559362395651118289704034974995778275187045494037080256611928697195818286151021442878836313376383784857825567246586577145976241800942274537744534234813790626604940034356980980308707250235670836181828490141782790118387110351114823757530711593236198064710064926126959016773399581414343163399344425635040953713431203036421345686625983645775470478757781702570578691821855362328835358676421008035622530327164165588064101575216959592228486857124222923575127280698515547456067115408208041694517660234632655143202169640038713971402
749 138526102336848278267313867106826451150623749659927012081122853077484388583489859864245586774910332236613883677379253145109833043569135232726590678064911012617001058463984164048595039968240448990591253867634164331868653590086533860695567844935497650089756029530399915554264778871052817072483653344673404757112696034688645843962688832421030474488004780269655317234575075256355800739757450933601354574145587687285386581622748488608791632840162321177559631290314418363003505518033718027216488924297235808355498896831231478797380005090897239446578193245158567021882631168756726939526160694344835842502780094698344570455073891563806514891984161761708874445979493037605206841224894819547704272967593202525744
750 1237809713707347325656525081370318692691521353066804114845248131039153823672669806230673781434848218067630038072650108956361344924439145102058967383048236989760089564890762348987943247747072540336793708062250025590584617267657952836403826147853413440658590438789898323147923553810985994661545004258639024305393482948219897046672188984058606998817927659551542935375099022420485751315485095191196068715744068843435379787358151449794011351802952447017982559161235508433446416492481350265415404314708588312387042072848818566562195501533747822350369835676793787611019460932184475067914244171775016798338626533295105339658909738939181474488284149957682148326370973024891907794255994155870704844573752230638158
751 11060641148246960029168033531023133283313796845996095603460235907098920810008429232730939954875260178776978996504859254955405036233001415725826023760254319073255158549753432403778201353528745531340756394544646355701598557029523042139105293448944535166928016236499148869276981223836849438851013979787606340008747580439609065765202325991508919645904606075452685315287115785327461009929047825005699448440204863021890263549659068169311114328350599914613548326641303520201067514119364074448450209574341564494614875902674960192808984533935923542538084655217432531509651141497005375248639761839577150618089666821947882921900973225568950803533229060722045711633248693969371404735739157057853552073633385426084638
752 98835019250337376420975513635679893181542564414412986103957758122934590095589490374966293111973571156843718809168573083047336861462787029889037533311883159232434631129440018577188357271383735491861955545848853886618293758369466016612854926388089774954734237607523478427218643440711682006520291332608385392416355460927868905598880151166583992620129565694497439873280003189944584696110138800480533611986776127770461763664609367254723018763275053170924438279595674696932465747271185695879059331057807537043427551859805196631954891656365115174998521841616651921505275820061262068877329132171212425540830751147851895055183009886680811636185530195180302398291324840261959143215435706354911428016928765868450726
753 883172468683847976970956319464678714395556853563790262177561662474531939299358362904715951837038933643000599339522058805611748300956927856459895980876555229272891626876833002810877280855098515769171033060840000958322381256215006323033394298836496236154966951322730125730214158488377246909772915313869282331390924789839685708092367293889002215811676377477323732339364273580590068894704949152777733159477509012621410322140289318616798963579592537758916723244515247983487227645705182223405326837920912131505582038637307920541423070480877837299092519009203283708183328074575347663907051883717551403119275620529976310755855204164321970212444593914167659184922890743806870381865950499405911278993807392555057390
754 7891949626772097777384124777910999256037571564385409936789615358295464539497996284757243590776821430727998398258838478946580067211554076044382634795141329638276107737371831979924734245684345754374996730317839811907837198543093009847719150564565126788315825139850765132810427967051623616081995700469285409736636607371798265309446651349634367295966776184997151010859745325579518418724336333832113595009017784609265509081256143935621124529951645963176347358912346774213179532586970405399696980704848658827914820353345132586009337870345876733451573574842212768680891009216958607201456167692509233375680349016952159903250827262764300602179702477280388007051654559446082650632304013324185598090251029761906330292
755 70522416816328513250727688351114441043389705928983553371349258244088528711115920611417494364741008417202893417447330039243323821826311740112729404689846090054590124927750218679225652721631775045036983179861607908774729023038624695283963488637693995593229393625561094762002154893715071241063429937356937459323279802125590468519524040152121718652438008823218924273869225562725116980414460596152957742763375733772755239060299957229188018498782149529930369293995611441746963364441678561348615838804537418846744437700753333970622076714629612001578163502170230021663346882387379088301639427449724172087386755600707745907135259804765452379200766066048317656680185658835995989378515022296739223562100040789536958096
756 630193848357582500965605201532077190427651603639047043830598358146001391228528828570557306628282238504034560931510642947869036520276465732276099679617704280170386986372313557236484322516347330861826760535635078541258434756637021357257764991740939982377159486727595582305563733832078338480981219050944332711812505476916079417636299778242978992332246001464654472408734562856306454956377512024835758272365728829649297496840951637897977350878527128796047925646995328914591706405627273740631061581016059084279682801531697814529401730764518569565944159966635815652825363224227947610517121112348242823715483731234488619861167700385418747045083036914270814759911923336638640715115393907771930866139461933490161951566
757 5631514550106577995520983457337881145537308514282022962817608839035917370668373045039782433683238620382654221562199949652141868388815929114513291904973507030953114797124178094439885329008812253246428463478037482406115207941897196424771094649616926757924057760553299293127823602292442814651022066696464179709504285100327746103972543850368299933011510894889211314557468471240211052813142635894274776624853265749653662944922332978176964778247321768385383073222039801155491460244191614927173231892305620008097839290241421377635597902710298351243354038845407393888125037964620712146688393031662362498689753502506644186860372333364651817101134306619787598433799057896272268090536547540209224033040182942338520110222
758 50324599769100170131391537923836550437312774649504980595346040208184648269406233645123044538053185769123065927130260314840696204039006920364825110040328048431085583147083710394974313684221941954678436923324476456208326678302499083842172152599561561483457144194859807971718423100097580672126321509394128989393616546323942249863164046061269692977816274292771809471879042963615565799531569825036889311211780435029462031039736699488428232961637215780520479467532911149632621302391421614087053167564570921283791173895547596735803283248587215717940281077619346792944119718169256668307435669827047788796782607839048739758815098483342050119960219245156601367948715256399719309580416468416930425287307544181387336310756
759 449717208364787798049511277286408995349579656154417778554589199256338212821444315219700505168996580447232678611979476037801862386255694624856053960566413243031306151520062313763255143976759646784385960463997697346691157086174619531656270003148416060141487217517501551390552168003934036665989576831224547809542244635781741774688995822872902921050101703554256791847387934166117516474893377922664111240142280598938701385647500133930829270315308467241511283675869722451918635527816203074444274302385699773121270314700820654798622867172083088842583458290919410476637112726864139575416094739860038033574876716504230674068329092230958303043567184986214097889010017878144546893557719891016332414378671770815802334463606
760 4018858628611666397113623494639978873999121555259972540785333083780455755225582198552408996457478663223738604230088949298468526134229271123946588883323380457352531587202688661725519132311606887033159390043926087217245866713751500558962936707658191528261388764190402545136704677727516728229887361393396322431577309543870877647029387326187403552369232219278067694274807007153568180301158510459180159112450483267015398428484129896187479235050207066960664623078485180460495401401266072455625408972009838889088439595592841653541134487577596096399871437381077554483500103046091976669930372412306329924765556776883649897745376291874143422798356490296805531946247731826205513289024228864802447911204466834586196257912306
761 35914513561309232875721530076040359938519840629650431675538872417233967173676071829447809261713451634881504196153351217037411489092051529324482850103387470210194661733956950776809729721144526825926753119944460110872975121744444283675910238875344230716536107763847000185209033265182534545239465136727530548958853179331511203216105567134363898922794920369116609185721785945640005636864079873382347330898197882017020826960189633628884537727598982508749733764551437389361968138098801237887896010419018488271939157182783298205570125363366846076374026907131515224373853460960961459580359023823736843319994205101001793176840586431671539360378304625857803254867791657994569537153884177197810781319816157482645111825787636
762 320952877280948649684078429977335913141995345230752108402270044063375582057086681420396139882174323834243088932371888260247459542211216646017327368784851092417680884191796455844190441626686431061948420623046485843589383307985448097724364066318717381437693879160694986218961638620969765185759304137785045246005457538982648387199716942157889947377128865007054557892786258651742197768712320815142728770171149758305697607605169878227127409726501115792755013816118502352411015020968275282355818040571034988841425394682720949146451913821801093945858828801622819862733889801215869921387358316071253793862424967352660719184400492186039803142914929746130118481294718721418656813936871651239080698247374671368669467759003520
763 2868247166691538078388087750452186839469346524586521145778643905139602103293284657815617035785675068226473528787782709457990907524495003504923178609222371033932650558341290260695460808340385385614669837915601312207754374945855671999925293589530787057996905545393828800154276610306601548781723356887268324848566709181848871043009949232643999881199182655208623888875438783890176672403063929476541082258769831632029298905029239265555798445833290863157392600455305256694064487833798910769266026646487331650265662258139546765956761751655463350471791057767490162828331071926761846399761076158794205913755178233797782486025847041139497876332914412299083673112398728247766518336663640991768652889211615848640009854820168206
764 25632789888593503642459423231470787100913014903780351139257920224829039063899532233377370674557391116154570531209393874562486501589734235874305654010727685226629046350253246706183893824876559755918475943586947472497131493802050071142922653699916092806491150157856984263172322850296269355827688522137116746734105591404374528168143740098467609461085101021662803827423021493399165255622337741119212692932151744441403773694337930152153571115925739596424383037797307867765439401250873643476938835236919438769713758139500199548666174375030470022419460763339131950209458502002171848396729242840682628854120885033070479810245900272041436972352195489036738459810830716702935210856279089739329314211396607007867947124606463570
765 229075781108810850460068024019570926940951266026099863535991152588263861859886124404239491265650341634255552587742809130069830907553688956333165109910513997407155761181074644555128890778812751575010253224918227333358565255293460678261852384459256827050838613187462255774146537387076084279832624751979511490611058756393068960517905299692080329364643829213374857306960134149198550951655460759025419658745386239110026231727690977234620209443616696505978102055767654214760797946237984789598675429700293667704692315962887770875065322784894320335226220192202844501209287139216315134915149592590061253297957824864502097814023479906852950736428205221508782772847586273057480557426484638841968069243700189612752242572933430440
766 2047229157237411181023305365419037351369915636397506859836572750544895022081428196105785967076371344437245969922209604000073936879818303396959380836396133034337808646881434027098066313065034499344635707124082260181284462960335183900251961283831383708206037340728894381500798399929147212490636255059871467417813323651796524723998030632939667556555601768670325728317834556791802897846436309544661456443761959637108006344210696445458999219324243496240404507658050298489539510279497734605546708171150490107009001850199800041225356132319800972835782870254508994385984684822563493409434983638553922196744679555997747712454112184279875795682490342183332685653583305728412052928868638671677564993489255678486882007464193630506
767 18296065811220661987115075512879818578902917751086354929996447667477389634953445383503206389310467218307060268514280008348821829017698764605079605667254906701376363056473679899938295325003917853853127374466439403691883426785891037368462537503617040570756179101699040446174758523302531766441242646429585828661147975129011860889863994347675634052058560422350957312439320544799893159131430419849269106987510987827854271518078586076007651789167894251680280008238277464140859505631950485917693273275135197628532215161068132649474242546048595017918420555093159737318570230358821904010488165372548772578868417067858835709402839225390226747753622186189177720481442949641239770358677541951080025572622841940387728747523457886954
768 163513243063912863226286578784745908862154970095079351475144990809380069285099745694723668945903450817588084592835622637758804880782480663183477176704990576537703315700081685909780961907373318803478938119901417790487334976998598709005665719396179726752272716361565487947076684937415458309924759286328696244823167656746966266760721409227851248601002815467154154027791356418464814986333488111811503300614421405876733757766523366370215671876735480101792518385636395486499795077999013761464107906690230590929216392488581477463916101759472241994365068685660097585517851135640855463461873738596399935459607056560230167877209808053514891199084041838340346378106920813360284215037514382846041868331943031394473829334180981291070
769 1461342797793179761451053414640006312180807347148874014828719643601604895907294396975410660175926228201941938211828119993461626356511713451480417615209837909021103054853905652174789329708212026009519066673333642271129938500784653371411595067997268341005793639477374577205393534099050908707741279703229990040322412224310170352355345598285089767391121021062695804189629715869208779083550377829413461108998770033480530413493118174607348491544208474480202107969271069736624792922315104215166496202776934777612322702721054396913027625868690570454347832524083397798188797190858659561787962940397852678985988894890951311882945447900418838254302106530542599098674026597541585491084636953143334348400117077868563910403185969241876
770 13060362077249544714472810266247051748087416570781455673545551927251433313291264494557349799598934925306356293392164455782575806551167482332513176993076145055868900392964542977104697886618722329470698736527880619382920804789843964830248764782440806166580686325679947392675579840701982257724192419169440714627945905551035145398968431796989233438683692895433523279589753305215178360156877482970851588211723136345938875748819596796438694290669312562396424122151080526468878936789046435611441354803053927298454877074901442041776608822426775631245549680249903243773766189591301996649467980918917719860948875852460929125948884851861549897635589952603338033837445310474563711577760469930958118555964804955558197283750454566832958
771 116724564759473843899055832410901221528602697454352360580691258806196608565663218329455583855234969190456092563698515273165960612460309226789095401418732010151407273209564846962473956258049772721945131189040850183807552381739478362210209561217839486539827745806100899996161439776511070203156568068132157680182002282292393185622398193127553228491066379228885338151586734119008512445557106049806579421295782701258044248449956179347538646266695567804357924756687338739349828317883825410369318200698699711743622508716686125560633436202574748300653867676947354377050391559312190088993545742653933332063195886081785338863513188333614710541619550663498937404251773992830433852379330769553072482976042096679218026635195154790843408
772 1043213578813236965419933250733273975551431396523360419395096208649611944921515367059235752137416441575489868556533292799137649865301385583732949148072997290109233152390936549848334293951951933655707166323183401652105049845959520238458700734152314689775664881557064334017473738871664161546398146440510446681239321147845874585575081225733173876632849155826476713060833092513288574635540107241246030900354124728303745999259901986551482491485942939567977235954252250765011576652199548356657214204650754490137477420404397004550135177391243121646937656909966329314637079879857942677946784571335407524291666312476992544565439203107905605331238130709869912358062092644530104573066229217942620410670068363645694423613637471481884330
773 9323696141951107272655726405422148003686110644911279270039269595629209035088673145558880736098627835913058893341020473857075370926142300475360273075156514483893528700002757975358390428312716249863956286595257492195809262624581743664917293906769087487948104084733164296142341077660676453489931136419053351308506975685030138022572207991523110930825440218656877140303201023009834692995704052641611751587772623046779906086185880915614903426172004322399323816453678285789915422735081058483624621888516773868113019255826613445513945241795046390454657534341310407721503127305568769233485216796270777074755569739116132919677813624222605329904979485951424065477575624752333896328099274819153938088358365357971560715115377295650983024
774 83331057562183136792061425999353371993612160173058040954372897182526850734978423371524937857683936711533249817942247892115303217593939006100055271276324392734905815910331209009429330778407506499229489840313592306617358772302152006744853540678021183389173655847030690254785205939262582473811074775916318900644317251062168835043341932458617459907580217746939133717257888956078206988644982632306532171312642922299689004351248423633852551374674833490522817864065740315019563372842986915478203524607416072092444370270407893115524144493248590338151259899669957763685649002884890208725459483882284999905586576906778712991303762233807046089646274180558938754971655254883097254265765431224469093383913420829792020940751150669287921616
775 744782678176457373859261394419199129175995705729981080539035655568183016723088704747362175083215097085441688544227424660994809059754666773245270749568319966938881080519357436235776932705989907266929276640369754105268084617597587711925980927969605682516652584660293468716716274032609164293235512292742551579752179515650011284386350230630249610194741898947933089098278715339645970412641795222272551657378000972918308413826741064188342437877074230826065652585572519035758796133830468046597441050634684191287324737414853110234831586766710191400017423945081215260473051854832881502786971888294366560156018202807608289507068585742161059134850499431008344347009659808028831337194067858514417114400351227280749212232723725618405353578
776 6656656138422644207275401255441193774030917252069681064614973827278346365563597178866585854934582390522793309820562902540396362526042575831066906046012933372719927428849118873921869997371559245485147010475006203834897998385910059972737213318717047326496249438366930214973717629353113957678392741686005570526590263507191890834191500826272228562195290711773869331663656557318276947462184881308712876982775340519032804178250444164974087910504234810572648035154618942094846618315136274342352125116519095390884406071508359108763344391391401447967054627573245831726225246074144839139069030390337852321497899895797630621624605555290227922636539631324607706492977730743264150377508572885497008274188057459180310904838453320108489717284
777 59495833208714770260188728488090633655317432238281208540526500871946932390345560695465547414618130654880253969313175555359047649115013886693746673238467453072372579043896181401345474867514416253299765584051799072796136362328586151676863138060556221887207235471369977081330060919583581781542499074397786794693253360554831250065966059098423713838192472894684540520936766272181632491980829468801823571937693940375341130423598488662937060364030324716356030765366790184692919364474525504371244459039253386396261716580183280205847761960891811434359202654850684249631667512219077987776579853188273427412394986277576904011070768917666313615483617487272550052504483942240625397705532753185881799102821225336248929823690736822144224354638
778 531766336296437545782922212993962206480257915598594878708193159995289464424893571459619191363428731286310683869724947213425320649640365028184042041996846931534089683408638710694831718265251265211890997691164265642468836501171593507392732192916861466269702264216667055233806769319172133540619500963104661643783396675393511036576761845923324795846835831269645875209758962435232566021718285842500259318971925053433633453528101295963456514743998935833795730538695518507136199591019827494447582153991900747298302463947094894045392791259060073427410863339017757600295613045569582282617462524228543802778012249206172267960173661032881406242074542793658557587075630306158620753042513198702595627888236782190641224995086994545740911884006
779 4752903343451344644142068327456286342693000211520954295586128961428275419331847954959179819253755833124965210165661078290735860966201682679482810516753774049887905269578468663679740430208380203044657001788181614012044656802844504951606800271357469186097193850864389297390384590880662061962879169833120934431698725227715090648594924652034326800185694976704892242100659889422102336961990855385490536129308521860426401156175076210745422585268853552699378366683340835638678933155554286690059482561825774576137060508959575455309442912862669782057073996306275310899531649770391046191167789369284280443169702795061064595727030597296667367901666673164223484273260611447704585775810705747939904374890630986785958503350545966838856430116336
780 42481609886384135324322274091996558101790498210672301152784537471218708041984870770714051161939324735368829828112013588277738034575910019899989914777341167074144194327386397808549734904402337254899836465219938170807846106536170994497219405326021971870113539047381457584865817179904120607880277182156530888582838809687593401282653844322771558858210694052061859329768867883607646959694423740486619600241091447994947434729038207507747186511909227593410089997862072172266979720993664542270969023078506369612380786606422248967231288907284073093538947376630966180118149262820283941663389346407610018689854281154611224913723744754400072258122969364665260142230845714407074515391176564897347973315979960663199224520387855771641632337304820
781 379705408171653488088910433640216922331041119449419876176254727987166878112910622702878791632211205618379370818142666477715759477778341041049427999857737410201893657381329997658688378598423583566876348548731118820739872508041837904808560956246137725838752964912692324407727342022670142644582818563065124375648286644152849632874466627930187586026332075653977449609774774152311578224476528597328649926691963698596563541626610807622656142207823004504874474160903858233507463730184463985629515404320746723085995419420787398677526326886554595113434614688197236621407084182676040456111351953659143250681667909657480582742600638461716459416131888129134354724426981124717539438733825415439009466494856574072640475699271865255239126390464446
782 3393879526211392018268070563594988558770890209390537646546111950823152799393794440693359322466079487724281278623271813234371424123982888603570702146926638691336881994515088624262765485071869416116235403601330937234245370033740682346303063570849616363875723751877468538268214251483117446615358267521473455755749920903767621429893427431184501335339805177839306523045332834191725784771255414371767952434462024273595082552874139122524309671743801914399474076852536663644101823853984620063072267162286286999494888658319077820049868578779472034651365797265188198828397114169819117355429697875431086473975964683290826647798863426011092254990709015825533601786843825243230527892125060198868098232208055810170993325308268821503016018629986604
783 30335410340138648239556135536673934635748953233965881286594173561456906186456633083312235415075778303376891704272133269488059602864341184147811840411186753040493645003962230347961029177787653652091701618254035433658803144195883478746205186077200011714982676422996104583538771769192140265921234896580963167022670298151316848715320257170320760205989083213302187142759643277514133559327562104341790626474365128699355093359705471214831828150438500376807873934239288767813318010097903806098154287994262860063807493068924370086768116416034463492004786124679793127318960953335877091566503859443594677788656180562369901202223369919916332065246133040215340279683682442971098346526082974696977386906603356642316929988380854614168052252867093876
784 271148451832146417331446995047340944545003894260146749911332909962404116157296522722420263251808948391686259125001572628773539262625367586358128881462716029080240793569197031728134521416146071999066184271121488537582284588921609558453572732164322556483413441617287323695977762042632661585914446875281624236043962214417618602354811686121101320163245907121935850458749516858364920315301712572127262549424999891518857388804758384160061312271019787592298901345174395227580660288692979941286070531558207079858526149190930667218351013545730475215847101386660969587613539350278834598961102438860965603271404893012387384560366507537596981094137017850783171899685501060103822572056698646740429263786784628162419301392026558448686955660956057398
785 2423640369957955699570536770927154477027843660775059140766741201820352610113843903864692120274092637344820743549163152745934040418213484537936923111013319597721516882303921159179215064191670296054119564982781211011663968600312912279472995612493399468582287745418064879463591321930850082373048016045143946983215572223390122388335437186060557539402837371135482332041363360426066029694925417058029116277817540948133741459188365005575502629853944458924408770850998804336288812909512234779710508120916055357792206163771005740357699399963491785374226968759241542848221164649835696781029492943019289126134918848032622046984663956288110229383720525239775140946742160781130742581623421574203597134923948168647299465025119996290886465328981121382
786 21663718831956805699379011938611836559232395455205304178074431696837431014137132139011792295624195484967132611775624814703821092835865928164258053168648379937457485310165378227291862223416701985275571560148909593723638599848242164224268118571278806727694386330431257433597081149920720764176055187777408934926788817540662000949066165628319844078502965455501508618846521101584859146546294601619439794466198777051071413865822079051506339424452953106106676461446558171858506699636736234169642239130424072130638859798525316825433380515067499240855158790936403753595372116665211872272052278485441658589995817960766781198395662689249632319355313801249740386878475237470036864484902660463610362503944792306245320493487203339260034307977827952874
787 193642917550264059469248892934380161012143946028465397742979714976870362836623848927728857556089193463577255908011662430316808666487492919626591625166470244733104047078434094741118554506439639573203247741248667198113231244895214676801710700775987185804635811411031452948948681398019261270756974220201109503509625837526453687199079499884562772068463330768939264430872699794980122614362080633833481203768998695736954531331852863130652382941296941677840864491173857833275799844554641979707966903693153321171217319013145413550505175073400369189016260949976118791705545584069763501508015234572769850165260106491112632271234960029777062358190030002172110502158569505579660065574718283898354103451312072075618267847129076993736483451142802218174
788 1730908015574378072882620551024519920875508919894197925609343604731344773440074617623014417251055833305652434119031060965967726477169214532367414939940923061266757189745938459081355436150316874441512369460932255839177079491632722025925900118089956950870128248065932909924651757272675236624428468727007563121534643752028084722467074002947830948493976989171470397370946341889853518615115206991683247761488518621433961425900061828090262993896030685136504902702286072971094515059851562960080326180098356997424333741702923017580268933481834484398346663149359093704049173472724340352014662977047987700993410660096504325336604258697346669165933987063855716575692613856819363939605908268734455029561171342906780048413357390127483867112665434007696
789 15472130364822293831495883718593137129542454830269308495315621724826085069356751203225641500277582031142942017998286083624440840837881251734723957172358795379158864066332162470145142368521051540272138673461235835734143463342079430416619942083463157792155896175436716035893782402023134767353047612144090816669411934825111168292119833304080479499749187498854004414344687887174785222945088421949525717553842809362147616966905794431954743638410471079221860710680185602501380537540727266476318688567823945174034649235549776166671421016368113151996024568386037997388014277770490018890146545930740451246677647664891032051448104380078251832524667491039130638758531474454272499366039187509315732850344864870632361637671263039354324790355992517030972
790 138302486657234412709778808631359014940815576701490915674405082079358664276604943208315192054216410735073620412695697020796299866777283105161197946477576612698586866074995154833224807862129566878908623817453747465462189679741464941865086971259768988620963130416229619152670638009325017112938185292844704426220336351400453283029214018590624765148049843351724427821690538705055380277369708314624716830572047616568116060313006935870200246589888913883337182867107282256980784504740675649284487093109161247725944459669596646430656640332986549296746421634851854657155225206054360608797757682843354109698164591094850798064439328388308535766887577648159847551689821975562167958974380798383635030413961138437605919119022378001598259508069161891015406
791 1236270760596333386579064101467031044271957404362305407910700635960593287684901306756157407147832760901345153022809195697262190996039545196936646991879440180083044359103256171236702661653727939769214149273363511892189284056089121050596470856456721581129617160170551379073034692418884565536439487516221752530367554573228235660301154145672182332715162912710817287371735229683352800017349592655195840553996748866050523913604617139852308930141545388242083003906233865170278267257963139427873771598509532761972779354450673118407800392217555988441094853223535741162050506458970803924269490393609487507276129601005150775376973353424266590002383316212758326689526343936160626566357995308153415347378350318056536542555866344059675166361032491202999708
792 11050983580807772817524627746364835110640315020365676493950302203026622977259902906306902412785095448749510473090465515529416252294621198054583477966370643519336863848552918519337485626906363833111424636793768363505975318008735553845368084292664717057100632479534476093087653809536558636956952137945985758264238807762192711425007765159951766381567919839398197508569182739603964804928062498355660610252797401032866380138132497249433381891084834261279364685377992187950670494367348666785814906543698559614257507657774916198123387642595572051812154365173984337505768395634905776828357028765242589789523779267938392472971678997733352638800822630673921006512996932571704375226146966452639495040743963241325519637403693100195828131812679935625361006
793 98785223571730854901332497656083457794522035369463356059869439153043343921248154688665107683411166943030422543239694649360400715482596638132936506309779522680004667907556882858597582038177136086298770978419220013352384974865459615752923620794805228335899382686245579917040373878822711546488613564336371685629240050186110643566777411161137350302679919778134313294326952822373356028934088263268570368109757299536230980961923372755606481427371788675631998037210306414304400014625362222818069576293250597419047310586600983353687174428809122102260726250556568123754202809377121844002077362844597635437675423604519019107775632781595216413663070361117580899852583653223615192065976908709024254752904790915582448585009782276355969510855723182845296020
794 883052956085085017406771927821586369979199872019635976911005947873131140243771815499417960711980005433886244052381222942017583390725942162168426321914399509427984927118622453450397896116354695236346852641764283466007780781827986905991717400243273277072690131127696847042212512941918182507323001854356631360427999686254434928996648081679278253521665472234557407857857405068707326715342989985361705914158213158810610089814445669598957803841288625418386887889579532416589848196995572412660494368593729308139846047529378792239085182288435561159850942309246369408568093989907010292177751468074803037128574756972977458530389449123783263301400326868665170077548484123042669146158068570956077868948351771245488508556638706914008088503362308267535707772
795 7893783467564207063550674554377420023034427135217441803944997688512881367108384198761520598418971713969126792650130537348389131611768883334046940068689844007481058350566596223345067045847429410286665267402550677358009977884195554428701570831435805723952658398601380518991880871292353231621234287192189849166868947599922436960848892168842970588507987845348294556894323828313633252796863856612967414660567435502377755606299441159574592688828191460828429883868719759559910377216078793095863780726270477552791837410779230141681219750692442001236520165534747114392842423037242794470064797772702791033897101829977910573203527717652625571491117245363144774931758282933910343410956307162898067445205585983629000671957382662829885273341351260843895657532
796 70564677218897638243236778618264845758976301114523851282432135644598697149751343506532136271692369798491469357732800595478383414057630016322093355055071044568714391720792014789030709201661568423589343797344742352876195726860246015624019235318753027690459648927726946032240434546820231716242021785462071395203782754757010785176990709938777586916680511049220074242124351187721743790783702846901696108720341458147828589778372926805825792391613765685690825409658263439169396572978827623656258298864892827811283717950751095354367037784843970767074825108020617998598072339835079905593353324000707503228543914528632572637792628008967389000164140167566150124935020116255905951714826075375805445635532278028246701660351360834508408914433881527412444827784
797 630802186135772151843027605717263225008472214702811702168183360654072729901193145724323256391547930544646958219116141834386825349035580536848783510297815641068148091650190959287643244359862642368001116159026500631573507541382498119687734492702962168594186919092521388999852108491481164630931657744766630608280537734648632788211967282534595312308961212617550617007772277582362991665221034578871396099520058159911362798041561906975327914722243416444617460469075186442443378960706590786213993764294610050252236421612441412258651850512959023186403432545116185812105277707198366912808275643016725860713438069454521759994692762491872058928267894715177059844968941521827460464260516058462388877435275068032878804921672036238465894917290485896897444235110
798 5639007749303019527989027739802105262678239680147863179818138547166147532533387273328522766916353600064869792976235680734616631439065298025004619588728072656841887390463879011084031684696085486358694125734575913938232091620846903374526894377655197767556464053519564208267195126915715772254969211046166198391686171850532089483630629399549262628830271973148875681319901707858969211654126050229540466400299298775292073222915609012801445286427619762465074431406168632583353769106974505961904636686943639532891175864600594435777232908309882656826736964668683564733236225427509144893257462173594998695685037736417373960034962118714072860564637803882762486694899595969159082007070943099440660171240638583650537585084549849553088791503147340550482539211498
799 50409902221662690002440418272486131147992907284054128922670755903968285239884822474164826253574881402583033738515561694514105427046987581365843766266650379768853857107258434331775089841718104948239810833846544839872536469929343740245017243588640303670573694629847800028344154068218286856424897517916646158586874689758540715267575068518768569481772647353099511841803770253405130995234087159489925044785258753661178128551574444953695906146753437007299613173123483272612931585383255260682185194348761608660273443063016267950982770421509882646637544708927074550511245981791609923556267031798075685615442919742082789187149722609476379219274414477458258681617557410699580270865417342538862166558029073642206832068102454636065333333405234343245960626047846
800 450643043751113630115432305718860681205255714298787290161540951283596610087190421302480454032614202210541258256469493194504138808761642786667830872407648407398988858169232462445528368058297383020727052408844002513724399377162484083599900107337332270136658351925626960659650054168137373597043372782304183343614826797933655740887649241729742076611491039981033613595602493374405583545537698397225931073201801622856130293513276272312420459454990029516396962868992781154583685967135258828851004708765235393104893928056442539566395005215102065305651967839455715946322588715772053410669760988303933639068814738739457132988346127732743861679242871988093978486542701925279219853290742875938618220601314158257345757386925427475403885658190336676302188530061072
801 4028590570335595046898183768260551127365441692308965502812892068300720054722839515739741705241386725630009112285008836202561775412032828183328840299316435818202245893665335865658591307754077638285799745783698036346363651699971860419659096452246884419514836288187370825213032070775867986370004374274787629789293458830589310436976123436032572426848485396596167012287157833821978773171306757742230329448477494897783896799733013720532428797933900555138791884980912440506891675300399497399568139703701677630892109082830597851866545187877936412230173467093781816949456413964880778251055628009787929217145478661356051144199190497297692738929634643367330789602434251264526519973918009397903744804639400434070034976249258247565232609308802295298665459273738308
802 36014486493632686035740149110962102273313291913302137990436092280699384555926339714414064454927006562320504587183974176113758912491894748968143861347080303871842340205418553601821098521616709393687689379414196723426812564787678672352273924790639327273122451172993107485831068773583446476870850561955840371998971153819571751253628076154503949028460306649892160087779903575987145580220467897738323321284122492120916700448063152434180280277448419143604127647795129450663230263514812607756321918868770327763807936273018123424461676042256905581064477980973164669497816586265540690286951987217172882669311478010530798102786042200513107140801821090246407718786495303613839677294224188825350682252544153256450851576797846732452489046183283391220813095291624952
803 321962245374362194446641152649786550605994628011835385695807293051729979755873408128713211608362968124450055281673309853273160656320696378575719425197454336722218725351179859406114774112055723470728832234401193592371652878899000847388710170108665799708135825984240857471246794484953124752237254633997138066761695975612433211103665318294515558432992527425660720436268031009438411985399830008000631582090763651765509404863872972973758785270089081827711922635836650828756970844871174612402632902763689339143275174941738936897305489460901618437838463202022781518598284414993893169470291635381889905682755251368635525884882984725608831718976212982484677946096354845605325067996481500650622667128929689592945325555630123588767775217370131184808415067538620044
804 2878301505605685422128937122746476226613558682696882220131944415729407462853142977508628114810303357246856796330797692194588963022219411169999562734933383728630323006098570503535697465896835332413030597612403860502667056347574503188693162347238080395292010811531749153239837311704401588524206830254326446312969800860030137078108886812592916774094783935266709065786431472173038180950434465092993825477066975992788980424855388185892286300234201543488368894912328404452124781770278726162149587009523385857847488268452687066171582653952949861749577712074265279355469088042011893429950358413423924945392262068195403166841983701202593213396280195181586619450537561564204108746438329655918920670969310015512647449959599803681427352633734728107278659601331767306
805 25731862966638719432570316008432831930412752428536117133447107087112987591067807320955698909330309811485738648973040212549153511016134282531500691149556653964554395144140795181819742767252804370340618187220582041184149619274286243716089025294551912971162668336929610196062094312087988290261150868814652907034497990183246212085232648625714800584360322975238093882148766006658534371526580270446424989423605355369112142815772439874366451684402656926421325362232042472144729827347213269090862567207488799891693023877557135393202484176560141494758262410989964972888270815331432723771235592593500215792083070573880085255227711934987214122001211331278213991902095951518165482519338664748699124905103245540215496660425621529203899457922641259079673937184534315516
806 230043397887447688234448532538630845554454284049293026866788382301828795009280281899448555011414297147662843798012276910782993186644803009537784461195724373789065751718089451964571464174925005882776923605245909266148541872361884243516356728702752023844633503819383558491023035914862257299924173331455042183284454068238138050825471048253234161183675766987797531419785143678670462897257598247295940202839706499296257446692660919634254826492594593743193482980087521545396338229816336191482775080891802948526707584853034089441673145747838577545333165996991394635681880762755264749160505622006296157272283714431599381504639703077660298975953864083261672031239591013738683578375304299730039427395475847452730556476066712259350440389685045387947729896941206081870
807 2056609831156154225755341002742874015786551783303336450597525785919344308310049819737700881972606325394002182146836489072828321469826154665328174099881686735424441827515367221566805351155340591128231875103761703741338304376400797574330345815945688256093258391178742746117462328699198837954265826847329104716274327660942660299488403939531505303548333721193226338772862512321302992947021213232033250529202452836552760302006522278381472192021194555213004340989547145437119128110849093367524049029003829662674664481666175488779813773309704000231459274948205824763255956553748062888374392543650402307453595012401467775093020596009607419009293252234976081507107062066829013883311871320573698302691049668762335749302002127283640801433272824544677127060472077380600
808 18386438874608260472976240789090119256150944422758504469629461654288224368761195012464650222962218446942891092986305160512864441713750126083548143271545873646974377280054852787317368901157793311064497340821595156893759225296761052713200600934504833948880266049056478528464205663165045498434296860362133897332273797722012500622473858807051750452342599025540809370631350161552311376469573185196018550022976103063805173377463306739279046454902509807404622299167082147745601360450287325459868149235883419651623190932569810322159664656048427018960824420388433780639612985825966434618280017070733584477360534462589774037247334246035363774830614664545033095130841795468698950529611544893791465680798020001473190114387620801233638586640437401574765059455339954846222
809 164379217694547093850365656309982410227567731992021023920572835156102313086569686323173153212511256932001777431194346148110310290667870482292477696749862420590660949063999406556834104269814477980290112223982091160764912056153415330080257096059912414761151053960117672470352934493506620433869605003174544080963177487408164517924740308810471704716514798197220068419053936260187266611674868075823521142057350763173155889580837799183760088367877640346675913774515619943309925766285091042835594431301079084902896313071666512382359143533714001474360284145838941462705897883000409978719287560738559921077982458620020121679949834834125896307050376563829487119998152036149753748858793100786885464751441534297364397109694360595651274051703774067619613094465690033353964
810 1469602085482900033216968622151483674177494123500335071492867822117277151486757142406530360016304571934654299420472658199541386202515766263068950313159088541431854951678811342958495103429301854990983594686139087120244085956035122261325416062840514071496550541869270854751983245948708954894496554156595919801500488779975741672452041554640028695680951602777456669650778314767855686040568231958991915110465906134195872236780576684085515084384244321572678765150206789974893761540090145230735274006324075797398244476687126116444820253235369149892016671360220345338040886370698154610068278063329951224818023685375154793085038938857228806073029090286181563562337394033116476737254818244636617300822480450216640351841899875140116671652164065188332499801841416068176892
811 13138814000049299801249462479348855156564570413200592958084763655631713161027520134873506214462755977771795612510248929628235468041040734297985567958830790902315623383029487279929866555733063366078676803965336478759586462625004265964367199837241532088072296804781396024013052754417950620311469737412681387634478266136716304328582365088866599401275432699901181684077243893404504785207975011056123122473870529038808824020026829924245926725114602550994951467419541396518287393750921580149093378170143623981527996486051875526789092007522490193595734570814838603879705498329307762517962566157397958136183281742934990943063367131798720648027730084320333608120612752758957787607811300575535076619235596116665331410902841762657634599076492438596950094083408249563622432
812 117467064385887075518367575843814836249482036958689217012189249865418549553304728659748278716087695055502766607221607135365885552183904889857986153568742553873123038076292757152556607644986971202795505499028296605040807372095365959363573849827103289472053228778248007237327770747226810157662988469588944608193039079403580879628452491037467443445656324299313153539942903000800914552330101775939799983849443412264092647887086721301785728785172947953133905504067893005868579558932727527490763309200757132784396498023391062500139582125432789872944890858292540938933892009934917897082480771521414402346518410975982109060919255426910683587156668244260033325410290756805348225718338291565556495541246641550103602914367288831828626369355977057099715802283422286317288524
813 1050218353071618263139541834304476950926103584713775531851482997633124813434168422844189874251621738556241145016174235617972064811834974805855618422919792859521357416137771659066082107934526330633004391407850429106110285625299032435439096541913953918443125500947295124833012833925511247785557453109057329237729918048952504678558594592335524738008628635257805318315799490849158096629302973331683929825797624272963187699743842192046192292052813330154431097465794248913043510962712072676403785799948206480797193707585948621941933999708131391073024117428804594489207971761129278218333407862784790839970869048081903959132691270243620257989576407355082317282176480770418953331029245977115232418186099981115277107757240624659229664074639481879360010647718026717042070984
814 9389589806851910337786262044884069731782933649461526330806393140956257993232095054332785882645184998465055624043927730662576468463032196607105228025170344298705448056187414505404673657509530714977945051527491498514223564870496929078862963916355902711362563189475525803199170050975408547504547888851299401813446385928473706825675039145911284411376386518833669607590905012282641049494892709621704846513090511260674963367096037498940764273191844989931534493025942260638486265109168862426788794476532219359845640614131505185157865768568385246370864547852672734876680005217379839916600147135865699291771626320630546205800348230014662373370093320171140254620299559845987043518547120132061095509715171128412954400282762061809853244831879700061911728212524927361699045810
815 83949314962701214202406561947524163498047566710846939943128347168226961072954025314983561562195167817392586168735882159072647190750333060345803177781834327158668713460472828440304169633458650455061681836313309342512947281432122820995877326152708781510270576466829765036169612890472115791413767078548614869028074784429794618162963504295101804047331403567954894061075066766017146373725513100312262545428067444318888010448035577006773529475266469291327309370731323661249061630721296990203124184996736487861928167227194669254851456961756940491960808458109082283142270721561734932286610213319237433047141954922381362463365845219931368280686121925260920827631632921619098885781045604468186273573737979055984814538881684665687291515662234671976504202182208123002097727528
816 750570004330808953072068177925297211050184946397215541174932933747132717274383256394386648729777936244539144609823077944136977953298713062894139481380140983021424654003902283497262170414382028667327754788321408791733194236882030572151081416068854621430709757847264665645646466836036278392903129960928935861269116595009993383868497620046803988352665641802943003413696813691642523358187208817912403276537607239919343245537394590591078601302916077957521015333472897058000706816854172973627700119755621888335862051626246330780354034155435595628228521147556789191958432750833982093762426822020161167797994364958091108575643689000713376038156253355486054943675910526654312202771136474271812620930064138882789380269637543114480861733257605314309476880142768654000127293252
817 6710714379077388367127495009210831386070623930682939934595943721402254230381966986652205724514150159054384770179535064445541732664665416369165345565154343548834828317132472194902002552120906442452086578103515212136492232239920202974533168359218016155381122365285695546721265110265165963362826376974891107945679957097962161516677834902718770791711188232792469680854701200695653913218735681480655431247999313296193661655215293266778594637369870202143606364829587487681164311967206863576708874937641358887949018424265828971413183107674732123542400332710934594974079939954335118045656193555619301913368273159475635548887058652086123222054754132036148893797148207636486896555132150328424499233835459534359171369260579619160314433277170973698240296959321085819831929872298
818 59999799541997910794960133260033437470314893411809086185679131534048868095741776630386599921335170944938098411938601295877771580478200992952891348243035303736603848395735722104036480720534830055539735277117486341413259050102917173508776543273005264038945116477708954149112683666066396853399530915517494857313550470133618169030810750527740504640436542122542109772316867411496575044571919608558649868091611428230898510289305775802609091979458458207291451390222422609986417861674821189332429756760208716834001400896372533177204927298852531921198374454842635295024226602233187530851069839494138480525287400637969490791950185953917001063463775605386950465476444886707878174726743933952765785518110221166059484501247945581048914280656640317285421234723319399436389495105408
819 536456275032254778471081080960378062803163919515302642627538534295791225561173950193792069919007049699254750510642091945521500781573377125859266504064322392786741233688291127586825501750689914655914053475838978439831706513204260116948871213915428632315634200378909668852520314917724872379309716373803496464275516309757887960259920186000708261455363240169688427880961595646670072426690844349119895099140615859207444227246203717319030210421546532599723857067517154197406277611047457551558238015610140852922594740512878794354399425705204666378490879323417755921615369177759976384268003993339153698126061989140012277700642798742356209477148856959379251922465363861100342221245826554728512742471260304953651482666915574477797286968543737719098712574224301911109553542751620
820 4796476677801533664608442536629572808537752078273168595664903790463620188382810514204973619522029121345032450529886822687896422128861524735228158469663946788059054887975081452413659754551680428079835901592639038906157862832306218434171787886840353574776634285175877975547121356835826759225687153254911067999195395733036854235242448328198060120973648481759930059096447152952056829311457994464526774584506825019585976143067976466354583768348798973142619846950510537647624071906173202742757598467188164732072808721455419070289866186346368846222200345834133618841004139311162694629412677572398556984718648764064276002604823652343251125686221493208659199639968914173904650421090020505932113864795166788366510685598361466824946888324972557455140354214894512790450326297275512
821 42885829363838534509315093219533457782352360889116909753416417647038969177535641693829649969460137947599851720802078491066503278884252852776551054883770769482038155338691275131183349517530508955441972480020272592970406093259500588088198664927638151383172241913578724211711550799602492851320391905882804020176916156292643206606321305263020948186421330036747207168012390372457219768059351774429308246401845362855958128335233440165967943423753080631727763111870199584234570661484235423879886307604423555198854825030112462721793744190315986991860980360161538215551836348470026612284017012087338773010459784683279724335298640032635884369133006389838593362008459226348544981266260606908217340111761973843615704736495245307224343148712970917929041689060667077416902229254105352
822 383450006712510389055430167411401853014071099376776672618179173761270547868352741510174149987745965478761262117172001645006348639811944656059387722397448749579651161463123687815893972007242116112403851996588870034516357260689994446441405151868175313645591306994103794292667090053756895802658165527684603425165885732524445601043575320397484028162973070776240076676555862648475843246939371916479300523659064590657822750685704590680363153385288416459992879266986472521341298238044441567139660522195231952466002415671206459716436386627039607711660496885157083389675119470136982995868839313033291730827314770039460674172290396487561541016174180943633373828542698491452010974552021909433458062959945529861463951685758130602123879825932718819857342391382807288879711742397949570
823 3428523559062467331025351749792286948702975132494296502693772955942480792124393123725353063909571127487754905238419516268059541534168641379668911873947136457602756908541183636030717869232831746499138657264737614782042317459093284736529210781397425862237964502483638249449817960342990186553896616609764199089372422853753650927733575878733161975544788533004192171626663373842359618488940626519417489245659368142048877134234901346507824895584070405713492706065607483321523189837760478491889849429897417832231764228744289504012688430382576423529143650879495421116434866368470568895228956698961806881400325244334012331340449513695230035818106468605022622622959193928413432967703553613119380681972283376752533494717881533162379945564029746869741585784181085168519416113653413432
824 30655539950500876452169317381352961465660932758803982646702690539639504738435318283416929923950726791357482089542329003292680995153711143425393796873392586791549218732486509747829807665049713216704200433829389582571021039920315585978019751656517676406098756023190151182802372573054302159217562882863621944919858100126334230637164573024155694986358175779560474970361986054263728784747694187888337605117877277204836708107709917568461377474524466518271748531900949414220688041867246903748833773297327596747211853292776430160187983944134056447094022554281275299538456465050412550426959567681732688717808691796944066455195543336669921298580696081166811787897007135452482376098650512473320288553401634303324112105091263746285460278393578491019721880751463463527948041929449773922
825 274103282918168992766183180372436367779605944963154865914333420822872620325772591158005926391596935979750178740602448068857502530882074476568562791134646366862282825309899265581002908630124002219705288572146976851001912041463978416778159814646405648250371838712394247914317834267202442826552955770471545962330166253423521488807243075033278449274882162513732420962741757531899394366732817986295478061910587750548706749236475942393773560896989873733604991025003641126421065886999971106971030908355586098583164103138524734442019463248563683752668559784417054526358602485348013274722259525350964839255397688427364412879623949037182000184341932789779409024310629088726620421225772837872341356149594832289143019286383287189687186336438705858035312958954790427144278420135315382908
826 2450884984747572066735607179730171762747278005502403870633054428000586551891110653290236647453590287189110838921853673773788818345108157394408161425450385636302406927988954920665488056017588811406516647464351310012413119051392214910819639258109658064033324262880835321441487226677269051964851060984280070738060207114730432691641782438671562361324136288299271215000343967712920403140619140965122096512188147469250875807047039749304333038659119013215709188267997754130398749742152174771829143002423756696460720517253801396857847673792331801842361423479329398838869445231645889371660405909185121021257008675271975495644456847576917419283810785212362745413215646716830951295241443166302266251097702958224474743457032926413462999526895796012239426632679557617602075893229016939180
827 21914675479232822031118056479455313885056980416949425499711604056229566232457245686395021620503609888418839062068134085834205890113105218338425315540187572962399170850262856447781341975940249853439690068196297685730256338636694352623113142867316967928054982845612968633782016051901751957193785929124093987617882078446468224997136423318998280913707608658651333841825627082662951830263367184291133811561715865206568008409851147731367722313668921142247213781811697664476566082664036530057846377478602961915883059480316912412146297030588857775125409300089259250410376124641619765732811335294477226017461306759365369929262151408108710551362408857141034495182412927601381178341084091410270283283348183768029050118002286453228962136770171379430806459640518396283939632365909986596804
828 195952390945938067665908000465566652056384809151043354039672681806066224959728899735538178780704166099204666246609026114893530364170322898654752881153639756266510994806257940941200803698598069686133951162168299952311637825067248708579389618534463867154863831201897503470886991910459640387838859466561819117589098609843026084705883962870025532104014517963074255975231727033632133992017806950010809757415657431944158829104955758258567309181914786288488780520237692332940658878405364177263881853641448677735394418671695466361693886915187879306915777930817922264469143255854964774582253634601963727823187809635161582354293041347065469463852216549699943260285953369297013974975923738201689612860585993842188810386698986421744241235200107974731495202318307963242671252133315469359012
829 1752142775512980012445238194626126340741587656589470049926422454349870929007763794962583622419216511387258614933891805116822453638590795878305890257248065864024193300524903969280841158016632618630570982873638156556299867492896118831522133809332662590035657098631555339092542952871449653654364299038452357817752167164865840125375505179292010129475304578057174312757184148906800812975173903350805927163529118885129211823658449954429189920744904772510579415520088892762649682664255779001312736026304724090169523106221850698801016696738551163377898566412066923087863190488910092450701534535812525294780230963816760530106321622231369324772782639979914044436427679303361214804183281016195882259497919364366396696996270681479841868872773685077580690629945677710842979601484469613973166
830 15667215303054361532781459904696954678052540332484417877820996782976398543163361117836841704337343278871628435392745855355170058054745751869858727314386377589996536444147422852087602523489421233782825154532097477975557512550732063076082751872212017212927170960485965708042564575798866748462465868570726053334660664114191334842518454923892975657206962285675401436313449855092048618860767130880133132239139309799742279961466883497227939228237553138841698820312650100689973240025920975063313796393986660142562048727406345283619352324021539570313688041278937891956401949627322302295096847081186178940683481953867257372332574772833562852887720666586410012491416153887755871934805582349076606963107040744973954545935891602391727757624612573715502340251253799067642579263500350586158686
831 140093348828676952049092362291311313038467715263077841237321776306631030333857282873080582770347065816894584881869771143020936263884504418899406223702320321477095307832758632281455248652394606805664707506691551555147630549442859131505235271577267672888145056974866649152621647068614343052299845776637618003832652942212351372461761067248903044179177364755530084687345285097516825140752833030038076394501757288450193797156256238661755513350071291496652291490960401604072624372125064268020215331574315796763158049510060797094001723251258762975373115952301955840228160442348757607422629214421206062650258745917285527591258220720887197559770783456228654056481842060896870900200226048693630193736769457327358451155299759599154859881911976287654371401756940138594458166132203692618292218
832 1252698622633152392238474555597102188030249172691506434858829360432346404548931812648982750756159905744261135462798064538684497182200421115396225692475906809411889935103297108404315692833521944371142818772594613136459789340834924893296039690672607897890844329406016736183183578538895549583794854563350365071644339762515285401500093345241611789556586527691010061019464752566425845098995317741641114569487303202488251128761583506341416047464718971708696911579036410484686253233168216279537903079436209565312202176768549229455467390254789943800146860631408973282652246933011640302637619504411935844704836353611006025180105758120393605870714276282309178159997728118436540916212231695921954351529561934089302476680311195164413235884898402668470595127947627294470960101040803692866142284
833 11201574008218829872287090355046962011736165490328633641167699485011285794684074213290802645357134173476880421779449843190979287072213060619013916920859990650485911873366058643613783235344754180476937607607176119410251606308575514417687785789216762502853570386174094970977370218544027367286294768047130538650664726944929571715541228299101899375327550421621442905359119372008472161795462322756644146534390602868177160594006676418094719345626297418463335560696069903950504653674268686001999428405677414288952274134133789152139810445046312733156714615781409324682587006586392224467327197290258443482930827356897469217590115993134901237721942288954899580226994234435276207332472390249746890345458576354729913730663098183223135470069399620634644907233092863054007218775834926595147942840
834 100164739727511214997059196381558136750662198132981832985535121385322268503238790145633019622274054334681996006852399134648337414681426639973370626710197629468020370801981466852623371175625342150036333190818804085955229005841977320371091178153561820929530015475379442400243232855325912099133534362415893231118267258232339583214053999057962803351882501256764838639286360174188078804402840006541456754268343820602918657962980642369973567936717307215105470830244640116110088654434065715054672928588472388975068986313162650684760288817510953164920676947693488222341647359311247527961242534170749050373338372714179123025863920340981536435196853164213827407076597722942264180347598411790352057852091916164796926405841670400806063454074282852346392484450261778466304075404139703296352652334
835 895682388136364554724086644997659507971279191304236490039195084791439012674291328790528576173338170473679979733270578440078879408234859918341917559808657636865358115637796450537696603753051411321063425109661200483122806297419469447162348338526989213709449759515275614417885841895598526079595978727892270244037109075651404116388654463263445064023464485421384348161309027024955141397710267512625936356124964115888247723706577323889402468883043188911607111026735877225407017602363997124386872692214579690348332866273351422730566375592350366593283754115298487383171738390963658916519633550302152347662926877189681951914469339424168158145282549966988001452871796256201576879028620606010681393165098862622492499446566935494605274879772332761629161671555410734307856585412870370006278999106
836 8009336645868219386315902637121470604208968421628452783056049112497921529377580845958904452654056901218122183382180615074088031399606227568183691941524391039660545075040511466591367314015202179314354499097390419877493835557866329053941498885253352702524614960940910965314789980600784226337196365342456010063893260975159848236745744933090844688560163530454776863172640563817147286103999068885051964691231264424575800208615384935978969526465161107005501699376071048618783541486148467041237708810825059043616070360099043141647796265212848934053064428844656789787629274909298839908408850881725517293851846301577835349469021955644934526509521435099632990232657407577992964115468943722536802288699543773459162747735494605421110938981124955609525824705738951631879507770104974500718071777528
837 71621332911832338295682271536413035291564064146342078417369061031900663623913244269250922534028821071267193794388279490256101298225148269441951828500681995155309150533479248231279429171666478239842376960937883838246165528023596622194559405126199702141466039042609481094773923351329018828800803644826449107931453042146428104295299121451166640649041409160055839413591414038218597899456585431326217885310356786018468212986120851675162378531918212396371819254044952718100793088250059912898402359922721984898387746920287806242185684725591394933321048063585370181287999452088089345434669069775607998638720745369792467608759572971348511291008265513552436148812079477942768124994583997884781171429504984497772287468670987604754821957681804607170677541967634601205426543842295703775745135221118
838 640459364211734007356351900299016448590043470579097181680071402488858734219496299665375667656880484365757606882294286834871170190668932364313698238868406007909303964042086036309568694629940375696650532941863665726113960962594696471345070472842402044544957470966107442454392912203517888399151744458327635451600256930072274032132190867187929374648607790566417668101948249574173476811083148248587785193212925109573179996519465641608360341503579692926079028731007428432884203640189579716923210241536814295839615459810328787392556510291970523593748063683912231949584976312126642919454644728695857876983998697603311276990607668111405488666346559363256950950792224412602899045970284830853043718996694794851423863105755712252547304944672277385441031592141755249492347038083713078258213697101234
839 5727222852396238209449815530139812362938002163151638790169978936595454171350256429433712315603196146808582551284051107525652094553536220182615413310474809253698489719472616242876629479055740288242552766951245701971639711483926692863471063114314460392811760070254236332724085210700163376080289939581279374226060545443507446281350382823057651856549225054150085001596957623757979070909501999543805996703243772625001963545802989762769817078135847568331569709853253087174172145788697267405595966172594661147472683432675453478682287840866904826007795944391601555966667449774254593834855530051357067331226351270777434524027216712589769247260191086255824811972504514862981273412505733675961677658544638300283821412992797532023183552013163552461199000022338603408492829301657617143776665964541958
840 51215320940422981500645169615417213599397928918397585484814427717620128219646921261892145720657680914075218159022316957366696072874503910604748496010195589840396866679555946361404179963120838469679981056368770773144690205836365630387550433605641817005720815387299644798399003710945786270678339022230599325838379145668830413955945150199839893580021393453310509900438377986613924083807175233683414511393094092598717905848617266858074373462604645469501392727988239116262019812062885177177809197817275873442402164410446326468151264288216529203716835754959401942805451253206976166616728935709127899923046432262503604679238882164899206712250767697717375948426733768247585147211272731707634314664799420326390597511566813656266345412146091383111770791052870654065041319543572152901376482765537140
841 457993190388449821618597800262811834691051610237920710427665755102370444346560925774671305578264129158251894769176843220635620088041885423588099287515258094693183344218057517283077830133665848895687398200382194898859711477741601241880008836844356523665006215505034207135478133511032838115540674292223195647773599145617374771655049023492829379681248356537640569026344413616840531888791145257539208538258708109549209722668162305234318097649383051145671944967268531559974764255239713639908194895085539130069894639974758815998500929738385878311504571040107347028057191446631733246800238033235466352608227638297708478789313448859590716624879056953221188335269379975338050517040348779296048273684648385379741577793193331863177015845555742810183501374217068692471450493420348427578922629934342586
842 4095636843652067983151647988090989805517512896993026207450727606683783116538779862738187723498798681658493740051401790691667805073194184393919917743087729158109303415976178619122564836901667969910678539426584301559640680746274671587023570867114128372405136017292123304760345475080819690045143857554344472572074916432781473549035436625019317676275834231176201835921359289130131044298157664232049964562400538829306893119937213457994731522865613080142230223059517408480576778290829970073883830976742264997130493536168956990321811679536423189636206220850187941694562036024358919071058409705622427730331438980544008863174919660950994027026114791487897929689832258806650194647496414196410311687720172114075566821138698678526851133082316965185917090807216350538736918256919060169120967996279100332
843 36625802728093401400145517523616745514146380661069104130410192263465331997909089092520448947934404304503991657448735363813716505662961847972526502354026121569267157944589596410241389241092130177425703914388012405036113482960960261779222222972568405389353971902725344077514382717781704728567703115065868729349015264414268606947277496366326863935016061192199705017921997302681225617179079350918687426340501132278564531710368785302068090025925900294948468239205697493149025732573957479516005392165322923463479545419596160157163964772143670587052383359578212213886285060430365205116495787739203498920183972783206572215414751613981872993078919346985282850328412639220627830585036956210969117223585904659070279773385617119004023664846010664810960389625447276428772133898880543986991454651815426952
844 327533816082671582602171665283118326087377650752588433930185976327038872527471229891314896735181780726499018959031698331805421803267162917674794373421869895955537879118383994674864672847828614469643133675954775161961513826512293437645865033042563114814288698663491790414814393509299300317688987943923236659902419869910283890102362949476181944969499586932814556167726868768703220502029242100680181731442804626600360514527282368536007407964939992130927427814224429395581746566558642863120574385768292841904512317697425209464127516224555066053394733699835381811981927141003288524727893571958094318906422650110098934438914538865380991185110309916835926709651671440889411535837534380818392973468975063673140467757228803590734791220087551523643409572599894640027315418981773969760980584359236390842
845 2929060979566288064291445959137764404138353999692307944065149997710355920322130499487722009437333095597889977563489314053081830429740191403079377552053285072241646404532565016608224564653789165578331157439245376057569608079153936576435666944161725250311736486314180488138775563246344624328634102777959006295226436280034811145467979600561238019470397984425812409139165505603839180833330860326586449221159145906504932529397801733570280066074507047135081031871789380768894267735445032072071121002206481734960499520610333705149810858806434315854490848030653294306897947299262950185020559898256714239435619193435927310646680623375271521580451847234078162849910021353300689263739073653193597597740201780534788052037830604140841438227221904537482289952053735469022680043764461943105365728021253139004
846 26194128183318601367119878849490629420502040415492763482610549820734226324013545156271382166931486955112452862402941436463623174948318835599631138729178398341078957594934771922421218705900598646257656714559145183680530247408326688849852630055769079270340010986595111646254073619858411367595260331200396774327619400785912222851967928991511667911626100632642612921542401274243755458722394137811735497991058378463388444550704203184276686263443473700600122690136055013834055116091865603984898683685987159589453659133157739844030183718431230236994393201678197850639338429393910529753862151858027605511417729543190548144187523067788680535669632764635939269953106308357530183556554703225672246746755686458650495826550484576347661655604597182887709786672394608752991481077773416586873136617511908403458
847 234251695517978279368198972677139467379203872082265112252460718672911465681167594110535213906901846074162626558460884993451893534835434985320010747577402739123325391132417023441233568030296913662607392946199590759516668284224782133377382261783104901924202668913833025777897184458998434850863296232939702347162547913676492049792034158984135085869248877322835965920257327489632531608232846915412710815077094577408558285988367513716994582583012666156603386449137976182893995071971413439910865155773540746774582783713030635964637172902443253673939390647681194101238887355642919200496098724899964857399835533035482365014815192886198450665120811771806396196342458012967521204673304316196807182644686742632890888612739579316841538550900671088595716733059012182313398663613077888621689079012701575441020
848 2094907199460120594291115561560453967739360293269062967122863440314851016150776536208427430719844551118850150473904738854422829503336744382949825840957778367051677569247517111450610653523704179613304973599532399329548840715706900752715285712840111648948329817703427506390201825891308473083760218989685487152987520350033567551355549273886369000229910798667825745888882162143774066159671488246410948235533882805421192010938730184520518491630267729589904096401584110870691157634720819450269235206463425303400506626989134019049384682091255314074038496536414845303159619872977362585149084514073457988153828636740710959547712245334460340635105049162547026966204681567943936599503499171046831320936512562989809042925856155521357700105187314615169776763608116395052133191343855169248800574258897792010370
849 18734843932856003159131437416934653383777893670926671714361344515496680988204183981112077298152089304925900320322884438443803707579923348266570090345998461591277588023074961646326091474750226651125936549509837474117245621933095307068463988602150755173949410577449339190123387943129651392565058511680916441732943039034967124778825785172501546923685994906404972431461952435509142234372316606472385402901701395979907243738762396530509587890112284627328343165305857310619659426146633225499907742210042347457426019155616948839944750765152877775185799139827503487011141355387351088474626247630045876257121639999309630912856040420669143870382785478168622547281100940871067396347977352873421883592361009425775841241111472602264445550919584260778056752145304194083421532872168152244166674392350719842963936
850 167547752462763858205734409488549720525924250363587472561352142872924459764777419411146420607689958573777229442083056840888692489673958417773615607686758774419310676572111568133255195246989424752924468982063754628927970495968602683689317864809243758656209334557193602148655221276573742840311763039852707649861380112944848906291900255592905140120775145746322422790709368474790206280717242198529511299910256619087791892599885918654004873248738197147278068530266139383206149770424950874718485262381690764081482548933599165687512151048597998952483123901112045935358819234318013114828646893771840635490583689795699439667192173228163553295243644932576293607146801438835695807398760506039362888279184696083571878458059804699528978224709865391178618330185542752586353586688615023244283169651908520264043322
851 1498408962835772686877377453937085087484254811743900724026543324085192852706328763453485389237154024592866154863176238432201702924603905199145776931634316005409624982175408375089976793284484829963157119873210189457477790969036756633967087910210388602668460863157267253954792070551870563094753458340426166699458041035145634072422857702800168653271909546311095837710953401151890092245029382917544397946070321732342946793279789628804046990983596682164471328502144036587409294580196356679294853742207104867065279938730738660923208731135435653819137902782606137382311250757179772807365078459314111571479815716662963165654394681296138920710781716606579597265227335725803188680839282588868893059324317600864132074180319833620822498206883998853340957153827246483037349820499000244531214065360160681000870176
852 13400633793029513884483574319709820422733109132559352195883377538729823028534973441675513253229765711853119195357659622296498023801269646654827043403462252067642106973380975370654161218525198818111587530348397411828709859501046379364008633242723479232538992317854133642249904333566784917631298979866129114922521513407140826561050901778812289213025282783255924062352226288396858580537033305012747105410114470430489540610168612127993942087732219583504051430652341454085867683846190748217148412890123173066287471204568271911665208562804115913356004978392827997673153580661539181914611630673817406658528699969602355996222436510494915990105174636521169991231109039313483296819880131731000645762010313447526772647277797242701761244863125515200641042040765537481757121431702320764606783982539840902209832042
853 119845996241024492982364599212706857631259920514997315746417461605579522172203310741465802113774256268143471867004476694591625734729864613536119470410438520390338496561652868649218411465929584436796242624436437677630305075733880071180199178524280897778276913748776105036050251768689183225748718050725901239317173707624698624914411286864548171124019988146470820667163237446612623721240362227541827102401087125472584642533328373266258626558008599797106710893840450866165592617403520502724659216856467718315628755990879378811133252015584958046240732416421468654056930496633157094354677348701675086461144298911493497275974482763474582964076212542597047992216914018607279798508255617300788634308728251196178090935709839202494631352609170139671537856196290996530827703151717979179799046067005271058373313228
854 1071827577366717614374836150098759899247097671075580059174428326190363123736638071322223057272002433933102043194732198137980734522887014806312608669083961690082886646267978399353027396384436383819250419616610567808241632833552032260459472194933346809202568424850294413898821259182381003799350416591513409294940232849230236552972978525342741808500353747732655242240207982454831618031511477418573936551432849119910119806252927990618850421777942252281425508075855619955934318239589593028314710897087736988934848194939402312416744903328044139597760565195047046819359967527040511237512320270417202401389337169421905446882262923631532279715702306462340293197267889609635340883952793909081797586405621009630219360827904090598921630182004670567432368213492594203813659033210514969119452038167522609991389710434
855 9585825586372549584169566027762764892253409590628618447161065211478419791564703673346840325904210326578958498136791559096395638729346156224377179930141926358379549270350832306195264068650403137512739767023913843578765332642360725543024924228370610107970529499795903729754719009400896560396809032528272575715987846057179557918358495415944114443480649220627119468706213093352603292026552348099107586969730268083202893471973543062054885441809938835580632420340886909524051730119795795426219049947901018490847479018069187395705259546688730104610582217877476977315192431243324716049364205963585052097586350529308643022558254474989722487851108524533560837250251022904407516038248743094755077794515535607406926530060161550319113391023229783529132135002148139455706531986957241591967746253367521113638607237032
856 85730885579113750168143476246001926184816043744791284501281577926798327073695406016458436354886133871660960665591231650998949423138495365018066488184443526153415566861714798911781971474246117191505952070952465638495636896487940262476573113497814144483762907205307739574994526410831946852755610865258981325560958669766900669210303699045983649413111773808937587930575182750906561289524987508381450966340918477363940954548025246244555728138611181959161730895449483941875684013829025055165721696251073217421134026471474337491526845445721529703507720456917674401678040223896650434648194853620621168000104762636620936985631482886782973028490407283567069588966606565151760886542563664600019696548824409092630953384495005503806255527431729603893120882848655749150324413303432538010636719349269234765824571047512
857 766740283225421468619024913078913544336884578223629869798525172612482962790677045356750387560098237329595217408161899195843713365489551177344797894750141216775980561246962525948061091799647950626029174110988028078654309320963813468519642552356506003088885769445063024610370278353038863239300609279039291046905174553713282226764130874871683723320510453670666968279537695672512498508001685780540137448970765526361087091478130288702547471003393130115137604809926052562942743938724546652534170829287830693934649799644909243695253186570706132074397960864050763146442989768734895172777727948004096391379986729133047060465423100373509340927904718576236640021542227202627799227953321067662318159149748137777905029315092675430584309734468047365339897774579370071600589144502374300102088585881844129560181516678360
858 6857446506935645828913624850303561942298699098613725758329257672864261407621189811350633211149291753166660865176661227089088236140665578034636254222189756399100996266617992315604266080180950210261336884343728836079893439174470448321620133982802134377796913965395670288365323775600492346649770454794592239760520677442236864905955564409767202888258966969400013495649164233855941487545178647295866165368047772208023634573338954117017448423840507703095809769892750209411729193567056235207225038080511280098287124134410802221072886250807816727040017460148301242192965694639739244935049363127838474786955746770635356689019016721867110801610937621022728399722765240072681471933382516015678555720607393154261092992182067411290525011202173322434325984027876915149886943134615415542367947350573655954889467904366214
859 61330957523532215814516849480529336838718215812356552018250694420502687023328396974945374782506253645786400060053076784914354099089839933052539207395230335628811647026392441186515524064510939529500663433968208052806329034700485509713074911077850132884753102636119671196125613161883265889203317843492387294858653849430234698135142705256683163711588277090212800461254440684245795565868053830003282924639426025016043705429066208887876356832289816565633433060723076719790191780002159191591833786422028803587315753508999827061031085897277783104141384980372444812088350550064830902243909127873128836065997665294274683225773468035533741422922043647722992167882354001234278096074932209672015921814565612887414694753841591313603594153064606532061711573019681076122758451426458559719575830211766125401368354718293640
860 548529796257317429587183377732449669646137751766934948272163453300049277627240388731224426567271212609614075932585621667413733768260810779947562147414540788795992725847712462529530935408908239584512647047753697844358941897953198509437231424301799373836858917201426673699099882069821162917663862369269945914377976636923121080107688724217200576367733239455833655963589539000218757808581652941113476366479657059948763600519608844107392200541628132128905052861078836434124257186635130212052692075765793226290241996657847956312277957107926690852363270738140898948851324599954297232341570559746397558824898536797779415576695002413900317092864648601671367611376814661276435813109931273056564482741283677663436735988633106031896323490281469365927430725301342561201561027326313781035612526232727342775198140843111272
861 4905958344217066365981706816818421049332672916433104461113032956058610295334934777813194845453794529173249089678244801075698964386754473443725086316153806428377201510381857253286268912057615341535254218333216451081986920337311605608720833046785099515309694179729141076610508992492833723072587779363199397664092979081148801699123946124654092673529197266847579373842640472338607358476782198370857808982101734927169841454642037158466931982451359780237425245501700986444214766660848059978294589840320912805138230863416686634684761527583546916846155892647821391427111793931076186092460600262897031039397909921707536773969795023875878000285483895114883251995334218591830118694288860966536584312684513397348477148511013917984504478044306936710572537690571851855725873825470165122405851563285911410803339737256015168
862 43878385190149734874591045269754596625101282412193660582801993279485924644350433963252589029870606933815142963244548124318918786958842698069687902235553433616299634247812766857996799424758340053897880961636532958363801884839571143807704922135542652810822618527610262814165026430651223713504022003905043494598128462319542162379505120550522946632099581175539959832771854987215127960562515755191325411142542664442294537852444806391250841759904065633921016876941092422579990271345165523373458338846954432534184028319961966692477688678981378750896288425769281676669681411756135148277557889365719472962103710739109617908885850544441077290768761175445631927418690516241691984837268421692898615318232834650272557819275499444687927975910571522765192503081571134328884502578302331506525629078650532294987291445053655216
863 392446586668476124123280866165852899640322547462340960140783322139562546151501065848904323413598101756606872711236914686251578809294493753450393223447897434578914708926798384106078212114959271511618017693558840515857273070853395842561295978534927092355563006572229444245382188671031975646529518674294432282019311138960829183806753629842444874246617741363331344534537359227415289822286224237089253676421173534779151761528588584319178478204629341227849943784481904264426816830072873930654273158630170449912446337931751706088177316397027612300632182001120078991375814122822835884018329494051073184806252146756795582378240144729189058769395162709933342858649968752984572330611124607038927385801685954931484437530223128458158864074797988401714811877441143097935721729947406330833367798537707830084149544901246886102
864 3510052469838468081871591501209691054087928800942097916978008698374532689735314321996277858490515868189244939137607378584122983926294364781549425039607362547405146684554657586958255431692539744084855411551472951298315958061483124496744037340165587224216064220417625626020922113818989958228468618655661172946681088108808137681252137924740977874016544009400978974986981987976873932501485776550855661857976312370403032445212484405706407418012296332930383077514386499408509063371472099687330864584307499055508653446099225148025646883974284682669769570673557160344103074267918795058925655067195306555048236632666686461830516059886084955798358105039895702422069849450030147074606739124440021331923792648083729369252305887176445664793171779173059146681834309417091810017859838073478483683506070254081101842647586811352
865 31394226433282001841654527610658398706664717605533367967527769381607237005419238473977065691708237338691371792398343401553580349634648605591662322968225640580992402597195153557889199125907113902006533250246247523862795004387233768630696821861773845479334806219493357209675161815058518535619926710405301081895489887428679906684978966504863153132310189562372250303889162556158814314289962936782107760782145204665569831568547438397059208566664155499019782339421646986281536335211391646519674478623185187385349079593176872840112760909686215105635213691436906645442091852512855760899656212680288736278154422694580140760085396832172112725856244749661261486884195920271866693089160033919986809738644663193207649292396155144949898042303240899639519601182975486644046801474632582192426691642092450328023924402899334239842
866 280794813834684669319315787481025547361618375404561627068465466025595758263529390234688210933706473456177741451141261696153297469810449751312403827716733585068864531887328295398009148767418349605880107787691607248577313578224189497812418467651848758491540331469119062198933669054325134087401852832187103430381424573047054420773263960013360958091702673353646134461034301009927235454336894456026419066822108372694089426821848266902310552599952385214541732178026803533446222093406840053537101130742716152696134279352883122263430813358095114955294788224791256845615893240699704102363823998828055976419544729195682419646171749810035414256585069266021372079107893661582426328382576834172439611789175027548662416920345588309459891538348109443401393332503942050690967950713376881770089703407591263822856225266296782922176
867 2511490208053247621385570217412230275217429718325545290403391882966706864102337614811078195125359409868298526616532155254541302121927097175794075326805754753471106901141478096546670761501643600997096755875953028970277640253273876669783178453911418572731623340619074436121943824776274383329235910771050933485166807940786145578461281247900284642734529165341347557196052643045155513711746760483972815169833852201016197801592377671386353582281869518550284842369921455189885478291954414421268279738006055398466252285767561045272412088216447890581976526510607000927124524069905016526313938255417907748662574568934075807882981248626236243255798297846883777879113334693302035259026885564615410397551020018429611139652566233856770458654132197803332308812723822660356616530644339174219110968731197846250081410157907442101560
868 22463478077126267645581962281534138438296329228104398465963321313955551327668415127737527939516725925116417657486961993876179837323388093207651439194761803302151223522265088060834634241995355356404668517052764495148394434907747982042665163149667813776372665025362802404601728910822007729448316152462873789505283455727329653505750172853571203342666422843070000839734256368050292500630829960142525461294107125157836363997459569304747474698920362330389958503524107361009318037555818836536665638592558171370921676112164122919117062581753206129156568599497182161434710268135576871064025738689726259576940276090539675722667685798163937075107490280984353522227639510278075111540882094103275853220419628173389032586876173102561593974977092553506962619460903103365197315661205065335477263908305418526832214309466161978932818
869 200921127941745859862340499206512560415170763668343491717586685549071146512731104282988046919318472187350745422940115671203863350531702403144394203730795699349407911789462146358010213552208721560106144179005131626790804448366033482731435945518515951352888769712370901220504956114241416946240716210615643618937762948519925255424382055859033463604120975076620001839271382107995535088501225506120858327796134369711731212072435756133922731174082766906233386546342389624566864147148739213366992976988716896238046983986536959641303854758993989782694739582994138636952180661440384715559096298031925476218240452657974468377592687709047366483361273762133659912367862070603067644889205273786175125955736595551072268443539498450362677345596136837518305389732441665549486970065453044364918717360605495276046943776932774845805824
870 1797120940352399975264023035076933743729253798297395123642300568629961332167562173700012493897879908890236107068593747233025736378366241738222282581751115580068725566628912337014075897633007721917726637330957815348237554255897595199857517139377683117701302184979136491449707715325755384006081422127724012036012056668702678586535838063014315148802860205191631952107396052278806934342547902650330787718896258320876213959305970806674552704217861495951348978770591820380804519711428105507230519771774819538684971760535492844775189673031541212219073586052247765979602743846259305205174302122350842914398545569579068295937124516808152210310005104555925681424979145510920053083955191203211927877900326739688789134678010982561213338527323262402837235543824304348265417676989653443848879349806849645373351820737518632505545510
871 16074300551572868999949522249484649480413335967175711761245119123700408225425655623167860069497223227991919067902123800219972671977475633330662124622715524957546773500098444788375609018067216404349902238718908899806279627369836460387374690301016039031948524609949689320385533062403904366153678692024108023118635474821694040212920421413402938541627377402306276248711519082328200932562663963557731334270731207847399541166209061424824517243914544363268264040848743859906679225366061074851420545067010942058293454247491295666446938549159297639997318930786643304094095268607458348730855124855652603873299436014993698233719762258340293143086579231190086649310123377386102086983857182235282215155793063343037537283271069912109028318122927611307410555184770810670381818768955232197824327146030876888115702717553705473292884432
872 143777172800010995579683004669194269356021561628246480150652936036183156356104445527843456025045224375217511666027912821394959100568796434981488198571849754076359399711367070694345759160021027273199881272930998940494336057169688438669042897977750268954478125386527387874873405078539414140557904197338109524412834126642446089896208394064862112840760052311240305826148404121201016502324663289832119470035554715196525351993360011285888123646303392139906452172769822192446154566369349976341644624280771664653328137342297158167881912668891601530474630105431109101184558168000596000936543275988454656472185324483084610856412426215790295587892056088981520649289870431653012219843230119034992570285141620591334220008807114584129634216502339434245397438081332919981375141088042565662507068706028761051838877640561823293586478110
873 1286029299190603819473136345002258871074058341669710321931051712576173083886727238604149034439568735101751352192412101204203800223242801647672421948750748144988897797822559375533330622258209666410661981074513510143851441389245586078607100469218017141658231349478781396152494005685189001673673923413973623292378791719399125924702844137030915945379883465626118389706661706068889445597627436368916862053611750227298387309396733291061993741051624164138904207710089725256517522358948638593293137291776880502645372101859698789963754609155604808590221490385424207499674163062647086247095769149685845348392874576234743846948214977994314574512395912593351790699935007133766139618981166177283761022338935738326833599103168282730681479626194023840818169671391159060913060039309717439360704500960632262596796380341631378155690313676
874 11503098751642633300492891516569329893219429037848172872438760786959380139777838417930848876720313669322702659259165109925937003960220318119865334714200935614411767203677273348647441078569072224957449864696209146358681182149289326269752505982760844738931762051751322270833102250437154396740733124910802942861224483243906769800085999502181002642566889890691979865717713230519662869597504712067285462467849930554355754711930047078727484964653454257906422817240472640905900072824994011005021285541920893196269099096401314105005703631925032433773240111927406308428869626087748225661023915498028732972077009239063495438627811477731416565690276003724119322851804813737825995293492431117403265065882274939388775950414726541627036590230124241395909961001998441870834370430743541139426039789057886285018199407030034944627403065150
875 102892066000008138141547498815739454776536035842234240031642194542571560695934288865119363726226688239201010771121838065912829162641887566130017344506716497741289877101778041427800573665032423896297186620199093234298363350329589827994052086535917033615857849524468815524253440910753992029531653780381277816188954812386381529375243460043019500864712595631918029137158164598574568656295304124257180592880213310203027149997133126193707005624204090417014288143559930283771961327119247143586082940343839100732222824610071126117524958949972693419913701204610723228858383569532390913631246524533006373392643156387829152439347387010999406125418562356360211758511972674325148539985178810329133543044489490202439949909574078430696425691380550935294244703569737129301849149009028211125909154080253344641824352242581491856515399060966
876 920347791798138054016637394803759074815891333185751720162041208534129787176605023353181733242927859316087717726404393823504526089677764666717902563568416345814369167219157927512832065236834713374852383505281505232769381131447536215558700598700574178239536211907020992083649822859698779587700626064218600383056926540765451102373776438848043953451938650739471996207715931030873611332482411629613221270045540839971050701661777729603277532719296121249949114935943677828958311980735831460340372921185386245204814318796602244771264456147614838881588367892391696448904691801663347341932859186204167088933216474888239059479767253003099690151516759222323540193920672951875411340936384602309142052902259055436925140658619927122802392948001565461843226322611453926656823117128014890950188169471129211396427075022166303937408496671070
877 8232374186778437467256147132248709779919707610298191989082125135991017435630182559889468241340587213025878819912161371700807781725537050386392810592792812324789715817418742858870350659700254318685874696277325185161632431541857243014186396695595776081941760840547640212773136111400564720386130832896545805577244237453028262168805411078619267173403762690781277222698086480460126887330157002661747335260189428899541413908067637067770261145458278190163467473305163039072323275193336237790256734011808752103740452074408895255715556049507703717542277579277745966442283696500158810998502740249875503986187041555959537301232444316883333606459572466901992350231164984991866676622690131351367090270778739620607326771383046763502334427971866465597453022388557467333341675192991762379319888577085119633199108765938739406820647339328166
878 73637877725966517451320773125496970727025475545984745066186761047518237428722869352045257643394999033683928799160418319168925113014967780746011507913301722972375389563455810833359088719675132694360194800550178820225350417401969438085644030163800552171868818534142426103937431649868463839026633701214128763451402669643151085076490014420065731152022878772254729892352315558560066354188437584399279255104615938895096373171962349553069189583602613843796859615205889896823893289815356522710146184117769649246777545840353188459432072564320999557802290793764423830650629606259924289100710596867424689754869474367069822523880020224289563961319344811960367953039780681012030820683084684872252316321619598734196998433491863059762409376871277938456270329089630668486620524985829284848174190648707628763734433112758441474726536971784164
879 658689061616071026680431546040555881097930399046344556719505833503341120485781035392303913195707190547817469250440219847000130794373122901832477238120530515405354931685198375530780398629547179176345263830373131729849975471937347099226753623262141806052656736169540146395857375261605597439425740326772622072378797192113344298688857859432575995493981280579788628581091988113672525501209322900164586484664857439613035208935477839612763304263111314543228011626357337511622290030191420322462869916135020508440747055566421507815190305365654260422120213826565365839453815761869450495976496554140843325483741122362111537103827122208083617983526465721975023139322701113734906489600192165695112323087691990794176348626045608459992571491947589016202970410764552576676189709135328570726022289033362616255680063295683769962452511870781384
880 5891998931372278701162505183277372709610791425424275147735845296139253063438869085524482993608438080104744020439253834815447380481728336802181402577133179221509727130094627099257381081009911281524647027166700873827397001724773161036024380548162147965053590779289957635596101624563212613749476419099720696672470206664388148019556440167032490084611230604717098565569197375865093545070764960623747042727111777568923237702135456457655405303284663918912542583965035783970444566344395829833717250488240227439565635118090593632346779529490107638846823646946330185600743405472740326845538498457901319818352651172764119611051088483773650423857821154223807093664907567723837887917114213788394171747462736438330539572237094706651528168821026937652338145250161683734091972136189733352931791327832942581685825996999788490529563421676306042
881 52704522183612103022061487447656170492498720358226221287906617165277607789618944918649459056582685284992607595361670249751278268391288653885036916873439453139284879733868972653429313564352886278681640228234912831613520371651181041225216159131339017046975834339172214384173945343519377725892128505645918187060449453963694001562846253316927542455386313073589629105427170820544991946488699503307003934770485812132167993908599248676123168534682232382355845423048205863254253965443766710513656119520445607473689731891960282787903977777511730265421640700564749999275740364090164003821090101786278687132146289323909580388387269341910864637701181034497309226781018347040890434285398970020042895907854576390244675072969390010912955906646007575367632816243745765987583746467942093099349374099009153604895163073409326931484618565654284932
882 471450507568756583355827176438858664531394687177494433340388821562097766520461120307657497041243542970028119172352023107907276228868517183321624873842028958011315558726924869909953955799216011984774802607993363639563360981091940634543297110551088752528093549161614573525740192716381289481544803928005472329327805262573530804918081374079195090741574643943415346852014968849897582532509131536562112029160914189268598787844978621853564557276198515752912952597442476575381007000664805278328144493166157562401610717343434502838396194137602117415232661359655766294666401194313346761450186701943411389589897705409658530523413724095397529227558672071932748637746018566451871195222659597730574931625228919462269709100639229179247422217928385856920232480403163211156656484013546584735916501473607077110112094056696022189736509163453600320
883 4217230456936119587656020275795524912944648894966102964377795232253887875665397311693799373062051417796149514692258314054109972095521089996981296231676120846471774300875798312342772948395092659170341852800891852813198679104837905421932427954055026095634548573001553110917380756645096714561439151968358886321675793902597368558955166815949052835651500527570086259686648951010806753806877441400245043571341891472589736721314033451738991075046862814609194959924815520555030993105350594795037845335773006510097129903136587438491182094954612943632341168734812334822761991869502582121819652181764816462222465199134700479661349434314745962352145944589659628283209041117001416451211672406018431751730088683295004586238372273631725465675493216814654214884148442373952594821433359862230778509713094075775927920160629060693569129908173122152
884 37724331604228765168075320473767698864333943575692939911287703756591796152886156037819073875621760028101328408053882032496558194242017004536081982296085311296775202719459243232048560726569038602956813028262693716514469041873757741387689132526071779772539176794157686084627360960434760406559950725930120302775024692191684842972425025095941357166641480889173260411922925871885795740009107752392930316095795247740902312778762984161443676998254547530190100188744068137001089875252424923788232106161367933983823940582005247971724716989493145434599203154419057938272856908725161236062517633060632457066605620554436428995703836019110364656474636049440449277868536456009681419988696040338096472189219331934430667581345049647426828563147098997168411705413095732260383790128304818262750523385274595658904601764390472110300843511420712286724
885 337457246900708688274075230092882259228059473181453180682242420478988404963814954608747798370522094008031735226591952797832545456185622790847740507891753267655676363885502942403337931189413850042355969081670597932627218350558097542726715945048574619896009229690876482900681714223230871260021025750942757770775789853244273927792058158293535630302951999249097691621750520417627061632745324949567232061172713456463326038559952211725000725029005574602521066953282016233011464076703817245898401711149562885178332444737133359247674678072413514394559653504168151360061601569937139513445612341268077628665691932597958376815937640508959675784959239726797692237531132496135617339662701463807586901150943858206030924152589978256082254134581882832326743252825297379819555697727628637143126415031951857459897208267045050467609346402892126078610
886 3018692971684357625537244760428555527562678870723053873189194336402363037561541095506540939631439884199933720497844567916599320253426536518405353698363602808875064927375545677084904792330528975751226293717158558448865483394212872547472236684802056182062259338863634782894036516033798061843126494314561319796132453668262027289093560855271909873953873246097101101176949128075421937937726400209416224160012064025724944744787245900684474083899842992697115067149178647252032190549576013106328791688579398671612947764941186213846114302989504683534345594998913287073220289626765852365639896864002617861543349139838865685443809237955297455637816805130309868400900322213707965669496230529582925226108235817653558583046512975241823080223333487659806763748537509743660019952254342408972438160886370837067775591998963504783168792865185587987402
887 27003627011677415197881750964585279316563083826497896874168495835824560371621167946685875201513800637716344035083331952653926111945564116601417684855646962183618744546576753147279520099607753954231035074147346986982584191960431413649309801407323324036861295080754652709811785742246210569377308739023033346033561264914127125810746246371905577908461181990431967190249968233720516778420028393542952509175675509232821895981473325345526599244891422158607141127181493235532889003450853462190349846464921723326791573734982028771203508514031111681791093126293792700726707798056518024127473944863609548893410246649792089308357295620012603836812008636679140331038378661655651052547366242719414152658915526023126826999086720937178957389841400616301089229754474107340185819531410057623129593508284107268852881379921577988386193484256406657990138
888 241561781333228618197332827154142110614550178988695889453122191655574176921275307901172966452320300297457775761472219429742168589815368379016253887128209966995903166881417421761138463091142569637184826466973256903023648749487202282359937108889242817122289556381238671062269736567943592525689637485143618745800320791793283274490583863427245912735118207644823664076176916531374354098074612514075158231363832272591526038533185467442341589138253872886856321815854462207105951299497560118607564991682402456551415981132465425741596524243228873096939567378228761033559020633122563368005898717442293805998232558087458734573340789922291781632278562636530710655947109231469839711325276233501166610935822619218571414425827380091271239193498160315640441301027324226240863997343690151928598287051991095118306314847332737443676320196740433037167062
889 2160913116355953949864407766605739513387857335818714185392829890399572340636340548157655657194271344386155502390191006118617436608121186793233093548624572496004605578905541869597715436624974626749501970888116486763230161790894343269178644850555326066657333363271037188249515459576386497022344180978179064453526557021553137579646904303411308807156873528302055399434382466043073223006648705018316268514728177361635791129185777518244430131866305501353681566778717265784835652963384588864469255693767904478863329211780010801254596521656140393301680294551684248234838555481259390476152827336024840320701846973989633617074732040852796412041882572366388254224823250590625008336526413708189667921742612558151972633114781210988469283095185860117420865795771872173685528146938793340243051004216519323146238710903956573332302115318997127999324354
890 19330778306654511365565699782337459239794702899943104582358173614488452449117473459936326820109963710241192575833998778888738844560137746071674148405655807889600125649282304001251590485450960131124725370196418168234481415940632642591890404609060814564739707223980171567458362526313063488459971223145559659063562985354549664248333342588574002252264682256034223992986084532036022623214948066413500076088379140280514237477770150474085923491851171082451037912752570065757113306985118020810230037684293968905759091930573760450292152726939449142609600073553613655605038030546355295740054620446975855688849682853120053986977960348966304288488588431840877443579387937984833218995449583198725795328068320648246076843618081745659386526858954682121625827415815340398040374167344423370004152906268525630438317556839979973798523625748596001527400012
891 172927602630952615748333170743362487513011031563754899771302506986984775024972321193483136604897697005165994269162326756303753828758987048119496147840230215685243369709968801956502837969965128314443596694025173143120678935446390819028301939397463219397331148086893668915695457901571968190336072328819986634418601396625289085866352718454841866378883168152196580359008013157143092062490720093145432236387360440623091630858689216938843027401038513972577640322440733793241575714572088033601590702463970410403906192815636600734212962953859305929660651557228871324680727501528832081150449475831767348438138283430401581445294223655470506341698478643987946893379564046463109355349981486622413619679465363321198273229861744566111403775930862316514436724698422341789084274176334106555195301814716849697494304877005839907539900815006974996087709828
892 1546971242957316060542850921866773558208466201368304480947386574507882426542979517882134829695876992804770579553245970859054781481844897721566880465355614487505909112897784320304833340935219941323383473520753820170742762417759199545002133611706357476502819175740614693046937445298482420091195598934939205858192639671584101289449180758562920137351240927643369907880991365477428955809999733301509498967216243547950970471755039540026350587276918820438508500072093814450505721911202913725262246264367568886051448923385879291411393157630206730188500731478395188000809172703172779049932668072458892601353748618058490861480376632262526225027947169253238017006348682823771884501478086493621344197551484214625722231294744110374517454984516915369834653553651852968102203744618576993187793188455623815562171341128409384891163991762299106237906712402
893 13838948500907119157272219609383862051580657679539125774737204950344054932563608368633860607766424583340181380584934899745078024418376137298729879799256469339651750566004590266663054474099284715183874953086835698308697874788176197025404825695541556923881874686553651506326122838916030949722280311406477349717240367229025109220069186651123017036139964434839347532835670678424157801069657701036239685821229009506319646941104895991045214017652815747165754895638700429903232726478767970920329456951502954500916165410436257758041203123986953853748937588370087693219431187748913027139070911155834505234645899980266991821335579828757734460892647670690054236983155482382376169835368629136418120734921665235039720091291122126393720869652385256817410262839921720589106913785177780590510039972849318390691386719199063763805392222484853567612502827534
894 123801775178486975855784993321806953486388154291409541759149569631878909819289193023724925033340947323313089387366878468296586805676234602175258692265834429335681925934203607948551899359854593572487846647088570065040178545757269598126394134970238897522291739359361896916217089097830913576132095780826861985604160889973102826433439856050755351717233274892050075832731495950928199082858079010809882804617607282689501210792884031776074078734261059079305499945620521595605819834603935457595522006309142164478554227084046150267863860471632488871822592041559721484008362676844251001021305332591035697422879564377392494571106815893359073204927652738480056616353509272792780898794779723017644940415904970975817789960015701205058422847940566786908539867529120779948990784601552244299060504760078845283603104407131763077747688530205520040553847575934
895 1107525082337605773987840278117430256986026072739609402407903396505449879557820460248872444073666891199888860973845011782288485793548438134058525083434373503077341004701891990644318250818126577457617080955424439470781856667160173219800700601049063560945885930378070755432783549550710656562544336905274380097039707286989306770658864195013502324754468008223351783523240833449850419311448576320515226398176725944755969273678101364828117851683292844324334641385936149240122106959591065350153212486410999590071223373084407852075916635761279724956744439831683930699497465961188354473428737810947154321876817732390448159388540379211645917178016960343254950164545886351958048834800561931646087934749890719046473737032714740031577335180692754760967354951416573654773572708761438991094668762508959126423439799908303247090763926696703583612279882682404
896 9907935764418637399282641399134573347737625770911465062096124818316057517156990265449196737085994864201101267377468812371000046112691886156503212702179145064934472945742124497128091751153214087809118453657431016083626141708231074682653349106452809886440691457071152154646727697544800033864852435763278629526778731283850771374302772538369287953395546781499814449862860625687768241291145083305327966588319475170461749607982972362161767521824142428577503005135140899752779956130601709299985680015702716798825332020703980865914682590359243165428483948050243189899994578055602670739053762039979024913497011094963959601145824853425025674353454717939424679018436634861029354417157699822426865143568370265720729448749792619459489547870256506584538936019726374201207353650144391144917344771753150394935528782501334505614321195982596040558567654154934
897 88637133106541222519933772254217570929966765576470844037427313536159494641235032656895515350913253294010613670622911178585631985338986714733297869026542032153732121353309572220656189262831165616444781472403861620330077640712570049489046375097144625020336899792329261916096760266232449902471011037112143650711182897034593890941035317692553370678461220791824941926789394391559032561429880789822565250670478449481108335672087797920921059543452988312071725865683008381378790738767547734025197915108026203725551848255311671751211318136745692751561576779575831919333471270777792197642370033247978693783397645726474448019325692596729994245392017117188071781300588781818428431260858826306413319405408584336972411575747209039534483607871235262973664989693996551135926329444613662212567517546925870852358846933754178914024425055089805701266759287681454
898 792959706128311096144675657395043152757172867890917317550409550570849581309952894438979413530185994240965062609609900232299050535933746771569660108996115320284444442997877466330663676885658550261632609047955772655362408954482616120710975563954274728368787611279196438623748380286955406969568056893412443504311989373502249198077893005134611701765943825043316646131628303145040129704063342331937449469749312847167629288619063635137845539519466901522288803017668717921868395527757779507625421841020974819711482106694743971809774469275925494893196524394547839343373925384594178840023036895304468767235602255950556363402320752042068236793185464245280358841760706361894155786824279610932108467775166636411162480691715666422056752417867723322674935431090874079753683643007099381913628200701586514995846824163511567295829128432441941838742425642957648
899 7093971378268648993506556206236311639242080949873570279797905140656446561800023097169843881015582294355079101260501567072898976959241019841899169308055997414049922402698909932344399855039399029990353977454503250052199795241144662736850595993635942877268739721241801958022384479963391546016958642625637533339645240898987524962381478482433393277628755818795197217298227559246543861000664250309210204200745859178787163284288547260020833498852172078053366183377510720880125401002425975520994338020267987304005727746216258131919034712543370789056751351659112841224953009289324483940853504279947255025741359022630463672293178907513463974884957267105835067322786439908983723680147697491143693396861576754876295928213739738393163162452228145052880503820053114372756990234415430037299608380548348287794661543422010538061782924574624233549016153405614558
900 63464466237834972217493558927191545722873547148253356188031149714977101820796199337814268084135850700130227798351379325854131560629938907683220807592665239231374956878352279365212554562092104228826205941325964675304482554855482020756130825697606947572064270291737243700322705092360292178278096887883782258686818049219667925336167994406889006518352681116114734633689632292067059294211556708258802040252741185203847259522941092281731903485458618121716310432217168796821007813883860672633170188399751465813156690959640535207542440330808239375646315477997292990068621651133791046242627597797128399725468820436753029332835498222810219648331286541209729451034042892082827568606515991154826317014221808954852720340707353734967102751385700487107853639010748944520087672943314979229580325322839976701675882274748470982106444412665042145205818742743438206
901 567772969353786723673705876570076548214180159730936683288180822069185797899452223036695970455932720162555377196774203810990797286487164033233723999649473023918873577310019936485736360536217967629367628726011965718746434355393671033322922744383012167950312499868305847706361625196630754672277443917467205103528078552818554160417814394727882544356501244211241929579365646915814788809067458374592668749396222274707655487941728573376757082601932141509038352418097937582853649276112877236996506026780458410207778659738495681763371611645540856855708831709446940376093764854530149877750251768734862451605989625083305134381209672584603789402544546228234247668721577451532964524357875173873686823086281586355506656599699282028166611220812003810196070207869474967345729001088215695503099165544332428363978280514648009365666048496768996322282923311632063650
902 5079508228946696549184420744238097320262675153704430917307572774122789617206632535866586255174376925735459270480167713281830709876145122893964942288058277252224522979713561930919759133058852050873449328950642142102905758015480379866203647013867271857443005366042126285461859521095357404183645789265800620302039985132548241378953277405904049171416443715463964616812335509269936064662599279326645004352836301093913900700168165317750191894997074884174622271066915048411625455654617864003134166042034445399785574458915133307908630497064686572402693257994508192881202398617168462673479297610507865040008111298708022694420652313870606202537590906835481096873319052608203283885344967524587646376297708704598908487290127639635721816050867083648594259747678752166857217098108279903999797817015021389965797343966844224768792411225480532093556963274400947972
903 45443470621364049916167848739200827705234706338890192780070249071897603998879317582344464603047701287954189791084373874051387248087308350213008371313601360272558042010399991913205700825178177729589876792412187962394544156768677519605029122629601762520956426597279216269574393509850163901909183398502419540370930027945687113676483403496383127573232899986564564730339085900202767853663742040591494394042632430259417535546578843782497945697943162528816637397707987822414761221811958184331076967394934832671521438068237175399917291437975626035972638548998491416080894419602113112697238313746353858769965956825700913088467021274748313260814671519157144423128586433217096736348947913045035427825759869444959302725776639588211426158928068019755926570889215984521611981139620446985840037670301677136736834929055604227834970306701481141327110153884256682500
904 406559560073041154951108277117524383826948715967944726073357335617685977395664677865276191448067173577537137446056924878828281633020236828741716639960549423709768307675205035352006301595730989798591461673949181987905238161722154491672792833620110230272795382696765922270986958421167580440754022133820705999587235835209466508891409792871131589677265136640696293983376123631407579675063132699799078543896047565757147432140333252464367388475117841562934307363437901383329452950083540356932415461096177377901687713021238741402285126497735385715683914552094955634363628624211776603599834245190784176913087052437626828142068757177074588005720029848325706353041274497746439595835456719909715807269367696497307307847334420462460203618601443936459146328858407923873631948775284616095369887306570361824516993877592704752129304726365599294200700083726252528310
905 3637304996107275076720546592179964711302782001052267162312926459365782463748553161308173372952277262659111231856415380609269477326830402104637070432878612283101233621037662750323662838571952751027665702680731170363732752623744847922196883867681326006708713322624028004582960388941151134883316860483296179179550629946010330418614652989466269674926974169886136186714429952562824905123416488837655569375662228314279756934073234785035951836420152863277619147138212287422460826218411216412594162824837569335176068051242522139988267935734300141683277940367590636114354458169290783955956125812488932884074559885960229815254154615823430966933882790544573312359202446628698027547673087036980593063934168158771293166868502000442353781564330640796103083465110827571735108884031995515715339695219832972768202615204118105521722565382313756198070885071041410067234
906 32541540611088467070078376714125321734870834750791193928087302056676503953864725457678791020810880042606705001982139894568305871410650997506613151706770889593504225274925581726440215996545992796189667970862439926254512486773201823140524621866420339145848278769641493556106067054822257507579518355925022099360568211470142845927302699073210672728583300880816348699459588151307868172352170398482308297579906262760387295043802215050724535939425108010065750572404591848439379775234634778297412911550842178426442276249763006057077856667224951229934296360662293273013591440169910333711474432837440839252144735164903957046067533307186738223573201675782400669379911010616108504378660300797452258983519477430705557017761395356943097285078522323687290187722750983866916033558949064839306801630717455770272758578713985144376494760030482843086749286194200579656578
907 291138301252042644788629067672921554365519139719795659057418657625457851697262337952532681804153579070657338594587251267095934362132372855208304625650449816401692760760486580392771337403887693552172972375585493954750384842871709484318358437420372813147860540358727458202292366190542217052758358746660590482626789107173098789918835609783117581868576162191645806308574740131139513878070129332566519318064079781110802603294877303505732232222733882940230924635559657031734383405184252942788528334364401359261272856705182697082167506015726847598868524063558523529791102014083841625704191027311109767520240140382520615287857588394660578857389266312986849724573710107400845842375364824237742374328817834933587841728130835059581801352021650853751044821545000887452358229563671421039945301045580794046729272118404096936704519676292277108875916574506042772877060
908 2604734211420433317841690102448939253083421846424979234085662103576152082008075234816438046660790329850354093511825429418398288209781711074431525600045493627905977197106743535491131549953509180507493036985209998868056849304728320272843546427334288418015386943931662292757639870591014489413444099123339151975603116545840135123879205957378204129761111688080647486351510100545146925765470913216793186528783804919200015344017020690123463062059376720823192603374114730355736114103331300399292453846839144616307676004580372377229834413812526122680778449016109453966543470191352514162909342563101085466873691687023260516925212604981830686841574949924800983113319272119350603213909360876371902900005249363045961397249231412153830225196297342010372516263596490494806313823504393441317122997109362990728659497513540075008101699451697691891225122413540017875816988
909 23303991619282551267465369171712504600607942932143336696155302913906122405363807494356565237264732119502166887445652374515672960542595264461281247510271827731716528310524432417708538211240808127625217152342876128784398431586654194392464491825755564982011160888145402457284967329093055923903324996091831643275678241148812452218627663799881404398798798427081233244485077674338644700682198783781680771485849670115507620271711979936170222358049532732909536824013983828262405103033040556993283977801878449302178383360796481789846455759835735897552349034952256687168381760483939254470938027396972334577322541440780681837259092930023250053187487444936994344771827036005832930501501177337347751948828133724827869278543324033875736692914165314330985567829801532782557871630588487102412690749670169555471045841322297247346965304813120873930880334408614040905129320
910 208497110706074349450421315981583919350106284735064456572017235619829549123556506262163398529243583493157087203755409932985793905728243997806867672537647230708534436623784635986477822438182852474589035136735408338184802557922526217963795626372677563990738197374305777938847430790015139820325878196531173910228460378447732852148100640635199446233921189709939315167290083321266314824298047087259089246664768041941267637768064656796787240914797740198005857662492595353208760802206943382171592533109260601155361592226474987693646197179725228027904942012664995746924087616547574663254072721250113248735288625916837454156880245749593400173496737622925716404009694890804105602823975469802875769639314068494795750938797617894490879456132063517895800785313285263010533822618115683849003757402802509167085048302254130028924615838276164938915603738433658835692241686
911 1865402630319288525309846602714671090337310307737578985167939779360041151849069810674214827011786595784049695677885177467441772280605341077476271941146432168113586233588819498874846039585437701515641798028675387123180357265712333987491440824046572540250513784411320172124822189643714661681644624525586014912141397713911360422084735130298174171561406940324640370775837285080011868152899740765537690579117161879470974641858197235816603550490642588425482319605249441957496286488034966653613559401219304667341157212833414816355457549606617516239655486041758865834381638419262193356307762766414074584161393968696719684965990619787026088595605779818165372064861860666433106637642476234767701290130849680716965343316963410854614986211821649885907842639611106833145345547055014913018971378362623080728974870907510544179396589400631164057655253546932824572613851992
912 16689677341458864726222954092085849725496016760808461570805567562330102941707643993170764031794145275087123845908237592292947538053327944127348006930705517036010961822355573883984396226511181705440861629654168304198938462247788030479924210905942677330648754467071202416239200980519585003907740289764264142634880564928702921482231010096628773759640911853398696310167546508201294514106078616676303520389985104872192616070991663564085732158540871825792437324630059687814083602937622677964515077589309873520806054421494719152568827473193042816897546535725859350151044799062783190130222769455277853618341382155896611906388423136289098888251140618490914688835579321956500682324877183880593572882868215479741606075130385329350441164785256978160517821717657225052703787307671318453531030290538516252739732207305131639702240021630366905517890627566159312510244436004
913 149322792229074499404087622936593880020560694013630493431596631224353184648778267984651347259505342800348966129240613746482004339952608156000021909650594008146481636055739712680798597125626414160194461166762438115022189094338700555888662871019883073694248268407373746796669094594607919369637702561788199552529336415051018784951856007131921097526471922171954443810972766688366517888546573431746165617701065660925034802160282187103394438854950767540177686939166037070559057308476917386809960934884891892900865285885137193795862688834808887360935413619109659186177537479600524988407090969356392993939060348521883183915591982812516737724668954051407129155997675365344828148422841617527849493209412016869419218440855048170897983395949145375459959299459753564350862472209109689393136808005599819460486359584450232067942111037159259429525449489179511303556030322918
914 1336001863125520261342609226170054707575982126968551337687782499748298887417852046065408177066180133986578700702517418388214143323854419109016735458839266244622401659121508600328918291523909934665344524078596642944961382156746498263697094653183589933357143279816630170977528501882416137500536207501780914499427603834482919169457541983396544050224781546301076548372068786389506220296764626192687369593570295612076761730919795764917882705289857049628160335635845355829405644704295122022152314035819758495715748551243155112172237884285536089555019676789993061352034649384125170102699947157528986973950538194058631888606807896179436659432204553821427351755804047706716212632423659764531723160440515245135458747971516276819018896313353413796875656843768805747777230360867833817733932468216940789383259045585723924940412172488835179528863947316554329363837518280212
915 11953382556409190691401716475561645653388327293331226456912079437071190765454750813414862250455100245573932733964646241050952285398573436982831411007402338280966656687741879118630394090340906898249921567307657497957065100976309353120131634509026014262954556232667677210157847489237546881168788983883667724451840565955719812628469541735363211554255240839838661207463171289734752865351346878493998436248437673508329819611805087480330313852637137138348061920708815305429244645095750914901162525331887650310585703575834516592416418636145740709108745402852182143225687717558046014939626961466808795896660663012101140768172004287047016691054783096102029485775917163724171516134532783357444700425603556440741891022527102536052536558145032742872442818933430459003919683035591060200994794660416646212216858659250006541695878365964784390483500989298374050710569624024664
916 106949155984455279115282771240207430792094040802684347099836412277495069395986071731926620829982951121957181062615982646867445680632686947123141389469249209448931628691491388778711338019610760755098955018361350032977486796569693399604849694458563579930431062170365325798421708541763468438627726533671474139510470936245746222196554960335293468464320706166040286093428575990394649635821326856080899525983719552395808080003134028202395931494107597394969101735703564314650359934573787515725812669199401498857872262065194285659341631040392940019530442912994064224803097926442179668879061053001804695149723526421067842121195012353236833814599010431185347041436617801707816818233126891300939213224540457994693781519746772413554824887231506952596300645333590852988031387775226916505872310882693981056010559149381362526055168348850247585145419399566926063502606557260630
917 956900289024796882632141182472120170143711708236809347215528175856942523189643333524480404225491381164903610232113552380089647563582625147574979016668225717126875369803810479836696282320181451164626359663125866333556279394138020027297156114776724702099379172022859553350665900409112945468297788927879586997067860496548029618024507370320585112534429427654319537012805898451884995749739733157454210192033371309496850092491335819651409167742522394932408484959493059431360423023442675778290437275812149037551642117189965670801986666809214463863248042683715304928903073726969357822367530185908943681091207914780586502894635614240599803486203110153386062498441869295290428971805841898359311159923689703097359566508923498574874251982890464285242999747666256492159395005125847562121198248595096568141279043436581031194187596351771033234264945292973538862020115978715830
918 8561675933162346468479432410521588542709116414341247489389225076877728986297104553898888086428659025539814497219502927500335497951895652733408785735456094495054106762208222389116315381418390045905831688309209474734897050084784780297703544148869402211213234657740244984973563617657868309432538192290590525317544451749456565167019303058858202377796764605149372804131954879600849005738858680779722409888489608782428600306690809253382988051935026757686517318405353788315227771083513346782046515579857550244945316248175708820734205600639841534323774894165149238970216061955699109680705428770892945847037300570034549584400337148361922097439122994216392750411496670290201742546595278119315028769114513209197873019138173335559027371938800165643320459263970945403697235669508159147620732132663969732723155803333620762582071927831521862274698385248997883815694920029395904
919 76604389259194792365672721378427803769528783985771968694822990915780191510832215787981557885667145364546463841269713688055961601876595186993123512662524115304999190105398820032415933885047814218051927559402147853186198177694863807148751989898774025118427455411685366790544614040578066456782610724349255953451089653166862563723200911131813911115492597651424253560324329498098435662599359153973620868080620916866201210341124147562975020255972581847056956848272936398369804240075914082185166166649442198207907933640408592196150282705037048445273046146015268705557628478703192470339792620590490594753419312979967344386238523958876462471641844478810087614560792700236799130256471136914635560861222329672503306862701700792171255120025843123163094181928349328108764486930194239199159282398535248897917188338387687624900442134128097161354879312946081447552495895807998336
920 685411342275031244053375313692567444066111253854621229908102908290351022567213809025351837681423022546365458129475133667043614099277168385606719387122558540786146794835978346894891804515504696030489685860060103028164659723487887543029085483235920438169354830756231347995947832788677430821929167521994384755699390538074384662026860997177582193588303677863353349019825577053749472567157674424357729972092390311766951448766537190688894352428507050477135757118313948719168518165113221272584829998566900508931379583409091129993834093115481986910592598704403982187776612597325933115618010499406106538603543094048272751998777930905107943785872544699113256859490743974099309165098270236066352275587926521419414267827888099136167623764616299498984698471749737031375120422661456659191792509526299208258619560150742781021812143093103058718627136351465904436459651972792584838
921 6132699385259742478341023264795847113545334792639641002637719557709121686057531153884589602094303837984321101140588954436313906399738572297681576493435765387794526300682980399724587714357691051274728783152335138769182699784039351914203560130447618696039790735259232701030174240256877540523163084291004209837182824294550671118510275140946442761111950105602587376805188551394946858838972199858548463522511424356094139376989989365836856561730367934191677559024895620276396285227364462650209714278027220886154625582775397946281657032426299597589585529662733939102242617349998699676814866015260686474356650985393743924449690622672565183185269129110815073412781994196419371296548494562100668869487526846302814033923197358466147184973058862898804235791463743177847174877916245896722068047249250039308091910691161823148941491647230016865841568602110337014486021469023649760
922 54872508970986564786467227799590229777358357448527767455211973731921510021202141246798588519122569299712108821329401562798166182307807941367423419241831883396915822958883061107974393751794417859443549821594064201538945600948486272018574242033927712418487469694658856818965747711042384292428057855499367783064937828287742713582119734627190258132678951894720148471991717452172339735355535048278015793798807182871718506427926774535514162500660382502824790865595115508171800374369537378860044935900213292726411741669021957861438501278084436353361595447698024201728122057665880501561972407356070889320731898455637689544551235615814377773338709767096178005141229000719063426482558005479485787103713650447482054556074063780269698647303669973851318086376816269340044000534174123105682251251405535837330503802099635373954134479769566593170236849766005726057763983831645276782
923 490976499333351399294216768893863963858318275881018943845904137355067991146182843375946993889949823979093007862609111860233240538866990336901451051256200162511364213491885370603587507482333225193083438505874352405272751282694490137137316789515791650243510017431574508297003483292437505707607677207245104239820524691873027625200722698170399816366973510030679359619903155797794659271342222109818397869389519773325929385648674189201896955569045045483440851927958329512129579924489054273851147828696890481593056453488408021750457211178161343751812481059457060969288303042682774857181367324193462514563281802378962442397521404540361172951456357699183943618715968718517433177488555115292076257547297388701416051564565115472047230187271519492793379120998709585077166319080828391932320758064595140085457267197488955863259884431906334577234031615542609404800418640139110774802
924 4393082219945091117403811981474893626825588720354745241991091640254636749418022812223259762319387169311436319023049580907069000308769983828158609515177997136332973829785274189213722952331959273984793877251437215718640299413829880528635669351374088304042000371827551273169395563845184485694001971604790745038931422487689579532330531266657325985930181533602181839145995389308730671624628597989796421932289027230825310356312013322817948273839680248366808575987809454926666689373220427736223188745449154938756035662780983607768724710649755716175186488069665607699121134950923521706453179110385980653897979928393558492632361252479761190531911196755730395526659718909171349604328940761898222955217703871578440786551026618313173567668890336646809977077978295874658176401931184906614877028857569419726299294353509598987028379848373481800017225889910141198017867161177556152004
925 39307976851367195349980157706246465063534438470398904238379157550843250547176312550046706639574488567345481147629845977313092885672848326985802388816245978651530774454097697626849175613741326702335392804295140837415262985366860492736521307921266666491999429286719205254255964273760284607846404680182975267055246721436390992996602183746495227493657093555374696860327570546789056510677617387232287121624383219816006742130172550008445525285821475521287405118104743568904580002903832638272906802624582172648888742855903967259967140788342534401751961100834110739477616460456539546034119791332068047613611701717402857104957625474741378477546092177604686521053000789195982655925167330074390627593683030454728101668799434292392249262753899187805833648485085431325193259098387359964818737263930105850369165762479581099880302374016758692672025654863814979796610688282633203406534
926 351718149492513684369048412572622106956545753487213221735071532193887948128809167462747431500727362717380471509822100660807880747476163472893758772975586712586884196881999373826292196254859849136401065737933358341469719050206937269209057160201856126395266023528049238099724167441807483288342720509838359569322351475243396417136360151574008979666743436946217209089590775964398388285921016161831058539200886266847936912531190827258133298707220813145976927258706681633470084411313746734622988058392133870570348685539560480335576946422821088338633599415230705382911417593012162568430145065392456207173974237346226792152209140408840547978039094602841868615933410528696810855885269425864398225519830108189971698182546222098057751582317453073832261111425895349557565610493054840506701439141458680934503750305838713051576455397836079775531232841609795566333887780129876306149714
927 3147107582458204145287078784021438685576500915841048740796434404565260598297550053048218177218802811511785172262199119267924031269961438589263452164173092668651155104171788093131766789097119859149597099125195253595376098294479777885611908361853576759341545178080733667112170917113855165949448035143150666483685380964474373473835764038935447896003644715804596591953036853618902101049739917626839143259480658145497105967439843687186667554056166620242868843702723197973945003212021719594436226708156594057581492811332747493814594329130155824995857646284537172360288833762934558964495976125527784236834168002537794692124990615904919321432381322990376794839389391402663546497393835437373274864402626515413566041698515242354577209107803074543694650112039302638127196957701629450214151249034763858661018924608252650545806260161071617646196259147817482398718317850520871235915760
928 28159900451146268076381325754452509858801498467905451244098443987866534479276952149990259460626369625619088385851712913529015199770192996392192563542436789549317482991415249509819180165998146266278305853616335550147245894271108628949523551666500952972252425267011402135825854861604818251155273047447951491105737360591572999143864208482168471664846358489202906578397621848464968865624101293458974288002270035540030333088857709543572809807558980967124133920933304611734775941051774061659799682159734930691061029371949273226467711971464322950830521418594726408597407658859977119185051641528377243482639859385012022161050092128186025760982100403851549131938446639775494878970200055917330738265246847165637533988277266961942705143646984599938505935477579483337275532762370624555020467184725385189539793320497414928582121226792296859437529659502303814415843442610372859694164748
929 251972619699822173773417094239137270461163020550168405837391688576960381802489756156617925722513960997151098415352978149602725866564330717778869874563170889241431314123413641688919644907432390521156209388828065160780931360106441428816745405085065552565809624109760406290279959574551684649117622194245422214020285291297528893758934061909917297565919839862711323796517556590810600235396915480116953057830948427501817781124697471055446770611367059665929451518049479998084902720694616469107050352138422419834368187993591536538249138905047947066279130402277199134320003926733254584116964621841039772370681523688297119507067839944067883829679873028203995419825494207531557351678063394930244853343139353238462456643372301997267774245809254175637088147053926014388675155933241490779940146864353445423744237568140260338923482876441997531033414873194987580390509638233505215635847960
930 2254645628111762669888972273093548861695545277862015373474272659931910606367834407941454150981604723119867875739926587798427180274176589513978927997308897295517883210671751002214576619197108042396065289483413570099811408315536124447243364512309015813640848361005481417028865104256847174861513112594898319098109814755075210450505134844116425224313555938211693781613485094074854008231028380108739856247280671759811535260933470232063013304280979773980079043766086451302352650592760061574198578965212991167165537665168270962001967658041980312648890439040435109318901025194806514613155697673302524055013141653074878198301087522816231694977445376625051579157453094838381907090491001545500102619727141012426566225834856753838996424150638697661406212321611842296244629946330460315103769111886277579167687372776286533773870840311981660617643188721822218839590975952333453645063414850
931 20174646363279537928366165798772561244925269689182218163908635684473525948347521199630427736352247106997325534916653625392825896190770267889986264616350866924070324689100540146002898840333640111326054543783672668194577850976299314802835437135421838999826463041661830733716207065242882354836842903141824962575467454882360327231040883669275249051653497969390973813387967807159320276139308619410059384992741669770083325466806683283995768243545246453973369241476270469235951102235380433178533892366874196584066319477824771036159086158749031725786631827922177274868009951380430108361928625992284604276469794772209133378759388900693138576350954277265973346489235049048962555592096663704115136840038668360279144694124465094695969347168045121115577788397575313023334444329991646951957426828397439009716258413612067950371816555692169659063171482925126387435079639810189235426543598676
932 180524546520205929194899492322339081980288980315638327543049493152146917007519579545152334153175411874881671755268577145192997977910848945732413667312061141721254742229466166738014866028221284202432337913357737123998229785564199059985853855984186235672879449113076638983295265524262213498041579603091631149789908156985530244978697956540272622551796243941513044797222176548368203269242767665712879168243914392306671913742861328885770682592819755369108269004743336468691945155468390863531737443891262765896136871678260953698898056000682543450103950935333653203416591422763708587074432691125081463252270759251880417340806973870687700246862832924205222269687029905300079353284452016466994243011600728934826324789589034964331414200054836720759406008436403828874055310391202181499426448698175204407134154722645544535743952666766643048130035231937686302235680257897343388021372976152
933 1615359840527753749533721197253928311933878147834783350577114644895450140091725821712680816924476970793440226613891647737679621690995789046879093116777050008064739403480611120983265933619604992544225787613915251961798473565930787027335920794236221490619897713789384368246810807822939348378384513989209059761086511971498653929464209688983223169049663929975328436085290772419700411849262601151028118239086004719520891030911720399524777782450614120183602442169686161464924478717476563261953576182608820013061529253820132839067988772596175604692130401406692245920516072373363918540337462587437984754594859323970042251441839777025184808517836904040271960049585927095879372822271588082153932205396317197037958416417105725659428876387187001305412523611724299355410339635419388663614029498659598860414268068251624584979209422921999583062466540925244570292523130614694466742453249229580
934 14454563520720890245732061197814974608805932488979920173925379980968430598646595584077108111341651262566539651624803341814826714798991279331005573714944401804442056533310722780128873212335547654689805936263491080144994935135245079534737148629085958311989015429388282737474499330497009841152746770458843449475940452481551963239764118556420725146800780851050657747704164572692578809317541162614610624539542678121793385525493948995088386122592724067491290015301323255837413667986181638666352515486045449067699782576873027613464161389480634243916361054608430366315209361507340217586315768400361089651017187089771092263665677765025312105118032880835692758044544763093186131256820694284142857408124512771713317797692177052582257477027434451341219833249966330121386715755685859818127008338198432588134052556547909684930051869202427147865944293802043608571079374589663514299965193399766
935 129343127480531233287663567919985753205563653678513751504991417726932141040963388371204799398484159759045687593441105994024424635689968469669241928800910350665681180304708267984413840294545831979677028117216627745367083470477932342119859408013543961793821491420689140529934755657265175863801740696814129387000337025214195154648034565347485552040522968237741826384226158795434534303683430359783781242083416973742174311568236405658687489719046617649798911473443407957969065380090238579975041464900385831384572115849654726616948291883669303592263481424396031007849481382556424537269405191245581146722934368602072399715094273750492589391071140515085084284151420936780907439763401578421707311878430288392348212510381320308944567854800317159669126393074331778446592736325306446864127554766903205997082987811190974708516706805630513293812692808437504382463056171564407492936305611365192
936 1157402466764175264978108940132615728038246975274769823925220531295046898138936871599801971214906936112209185978816558983403822155939722121136210335805082710426811072074362211669246272840978269572015225040078304000923603886168905094015208962374384468232960020519956055290054866454211590893487811094212180459773786956041374162741013322466367610985793273968543873458502048341728043869077436156598145065743779941190912517386639170587252970062591636769865323621356121143982984593809901730525431914948180413878370288371153724492252544093096762539732175500307816493915023790534186548719887154426009741306621696154451336517791074905487205510048971148302536647466413555078728968762381120373768555111941605658634236773095685759647180126604753478504268743837544677371512419213309299934808789611473796229210048735516221980000281211487894951424613280835036721245110119732126903938954686392448
937 10356860189877197059156486106278459895991348136526662071557011786974391700638674164663309592815687788086995502418381857479285403659774672368244465377504564054133181553084680743726743078425444725024033439325254757608389732828556936209220515887464970754850097549507241657281362820779462484046596464273881936108778370121588245804375625745754470099705833736445559433053134494112360896350209293589018504957968032673427566567503835802922901111989761041466977087435053295105311789088986986390721342788756220665457274209969477493741486781915342527339919965861932394312310091789215590154260768592020542820345709385759924392420914690357772784806563851013275706301593274916833162763192882080355707138546442939650521956705785249457279635780592118891812792367897507102838203594561163835603481536219507690651110896317811796552546517009901825327755281220040591533583303297055800224908719308960058
938 92677536722019124800895923474012057480907860896041638556784057378069356794907690889165954290877080631608450710101849361655962988138511599290842720688650150060779731264364871321635514546959729155576753823819735732632990634350600136388591106280706122023263932284330685266002550980354950616153010266437400208337473936258679008970188551918451604944259458311831827174396132835416344781356977665365725219302441622684569948350091595179580640578347863184834195301613570431966224391939473039402881555759920481486617113202796961187510732891120163695103279781762862140220764553787853795118303293221110003402582585525887585889006813274058038284680958823520483601292329981652086846040183069333779023912234629038105466274046553396413249674163449702612149665162998137681820514746774117491194279645655512929186420645979704801133141394118424326891052390195862691144822349747852310361653374070845698
939 829322605714069396078765337921303828163407633452327846223290411471798836405002596736718536361946104921357445509102644135090793327444776581551916456796280535425899051120431084423861475023795969627623444079095900788732725102912564900583099422794199227852417147697553265568667640434944028614005393748350643190858006606987750474666952578241719150327709815387788685350582980853520320190664703637807817427912852360056199856662146726780676609963817503633845411103598808985023574520930999084443448973773130146296848874504257667996553152642527018793109775712408901503873049481095665016333429430079891273749054045363642839346940975954504898929336362000547504963191608390011914054329302515218810935457054554777987833335210254524487184717172712338997813974411431933768291815776051786173732299902115206640740034411074410615153689596494498583077853829745777622003492577555804719558175779052108392
940 7421217708693948494330030327963755522189723719594871729541460358070239448606610905746542494683938220534042866881646199447907723049119850839472112351955170726878583464164475657116293758767963850960611775374255305327720570953049529131291233786171654849210904150129958620863323570940914653376135505000198344826906292905675427294052855108914127642590795255315608180327482025410173445112112713057798710843335328239536352282604097571221987336673896218697775560458859412115322256539456705321561436991843759018594781048339253642148655799640415131603247910125075234635537014744099230382848742159109561366621324303046676452723309875101894014874930715902621252534291619065912917485055990700823255468374195679389897523037528378038267215690405615290356994637124341303272252331563655379790314392369026803337558525581928068081334904419970342286462833284402403977036531679638633027753438320437721680
941 66409388695539655525388993644985034435426701647969004791160553124480067095845915654405390330020222128423172537302653808641484766531048481668509768755077104074096825571621361132745491201027147541951638350816668239991002541878949658109291713652150547106446557277218343957148815019989096139902604689550815130249228688446371597116867698418304015257309801366129044645892903962089539675551760187330967999537719943933020506739596012509303843783714424564883711318732448077634902051206167059679795669008382433496107166399829965136537201213887499419934313469863348313999006636734519369665792361368618471181069905218303324117038512840016498672641015329435746300093278494141475901686267125174014745206485837797079709881962070864682786720590214595190070600679610977246619504872135985092615570770123010618203379579252471695558973245644572669392975621840313482751581232472493201267442151895155097514
942 594273588082527914283355220643802004117530765662168364542876457511512262555156272126666005883712334172013482249084569694811829069656169046707681700460584851830891453602734957863600073835125833054249547062322226553710988068226227621893442821371087366857670441596537108302720728020204198360784645275626739207482797003996062951485019694190746559827614044737934996726706197056079677913262254948804280233335147130867514684311736705588267441918070081270570122853784036755153845639424466448958212513275946644186631861505220776799510181136435258986181334876134611645554855736190396289008220468849197283508430874674907457655303851350933376755452322326019548936799633348126889210901759731535403322537363163413355106793160227142517053087846691302994096374094895569112988599427305427632487621618113004090403387796329016500635505952114942059642597450807067267915719629903322652529349978971060103348
943 5317971502007596362974582607413852006914241984084805201691010867606920452252436471555408226786086760638362044636192572257229011440598389262264707101589929788590617836281688196248153589512577952691368047946483537750809853573460965390988179518068123678503764628727006858187538834205390173301480370256881537442072221078434727212508678338639001322936873255467017791659568453866681350452399812969621282629113828729219522546678258092573651223158866535911353995278541191841323095976518256518719233684574794121048656287361271342917065797968874038648285453659769128194516977635352737550478943597987893439383446358280845069249415510227095788661334046019420686573332003617862164137226378724089310221050057400839648236333929131276141962410920704352573724282295922821804648451841269012327764663874601581341485503529946854684592329604533157262246199999293537929621048956785508194354222204527855949638
944 47589178443780407719639668309474860607766431752697566144472643116608264140227620563305487086131204975527956142301131921039390698400486847368425544500285533478239980491374151207278757082389262184154005708238779152858791971179870791268076156498471086953857604889222748310762848595720407144799161164950182091821363637561720245198633831339927168107253963838915860405082487547007263437907863185631824736594749081720663267550544069558935079771931853226547284528809209005804145234429168639366623953538662887660415918807712591583985323191463817375843533254384545382498943051047569994038534927782411070745685551549483073338055135352993809633590468902672156252279096514060684385261388661834556314041737236783990755527961095554666089022923057122519716694486738462172750701855857860879303225118833861537193841278835895592526868991692195101025190937975352501995223015925760337112775487356415516961250
945 425866058777485719508020772331196968186093511478883781870791375420104172713100388631729639640396386156056519767371811700979701185679699965617889625943115369524173464953023164062997239914667436671095427864463317916044044681098660678160688364927811037178792900570107552530272373104516818206589622769559121353555873425393720786371314747239782193069838671859905884004503213224750428560374941159124983214967979934241811290786671851379303417887925399629209274242502213432348741227495705627722738948174717903054000164781853742157905694523577395748616921826744019396631672544427380110118481278211742555251315683289941042681285106002251627935340203193796542735192201908530276102247400384643184520034592271454765404240051348631255284508487113711937559817448415729196321093189260740201161670684635044592642782515618058691780787742755364580353565862064157310366274598202584936670195012717953762829310
946 3811013291092452050212978733091758787437676371120400257870611177089532371712317272638552848187109786282194965023082039252626873144460121016490207883612863912081914917031784034026679889983998271915141419751247610404532568298496996610882973550957857671138243833696769581069332363318096725695095748711903864430592941021204078453524686676143021272802082083063410069429443703359479120044656111072349735002278699391114599088101946703812621308637908634781842523666522791183801035482266922621189950030883862657648714821551037178219416980387310322180586265944650002565852769086261557019472306088008273793811975671508709796683494662012119825371945948154705248422340291333279624199292877795477818725912589183306322985327585524452246356003162285149551207756437781872871438887900702571153213868833543652534233177810940246285939743339677132770372769429223344295489095578012045953690496641946985203542946
947 34104407322963021912118144375115942213244574497281214610574900386824293612265548133635455823680531386952437995571576752947839319568986026273045543847963223484698978791795488037109428574384839780244588806971682703830646557383728642771847229432784303937066933953729401310063029110940106907312272615289227170436517932636747523562961599478701316092803707571601817064480431700106284351125364810771747150389192708100656282757343979372314436437525910025563143040916353580786524477040242352145934096710943152940573361656778583672781762337345362101570400427877654993780903129044860771896027183656302777215995206236080080933759824545211391665293226574954701580579108381446073866566888926495533940724356427969933841301001589472317014245473222547307444096346088786600658244408075194290951536218641524606175938640033756788537443368864744545800830875545036925792335623599436463791920695985395857746218538
948 305199032601969855420999948307954299947942605039188911837409249865318133168207511690567229248077282603363908765899725546178921094321205934116256640051975107351668291892989575758435299001159627939290016442090113964952822232594873038889171645114531915601179564691281597318725178487872620831955568256493083134416591726104582070713362490554622291938366695971895168058029627903891752528064006412379189391009017763875826553742102758940331102233853714776888857579390304607472845817054210058418966116286930208376843629312348562683218692908357145632566519981307870431186470644008425231222127782387060535819567951711353079599199064905458796045696071544394725735697873779058215042372494603299982534416055287763692363491463561237422017047582760099066685265093907036869179718266282483376994502885470515994605254094828522228466005607747467135012899491847209452521118865619644731237063557116600038579765966
949 2731230767211114290393806229559707286464908569839440233455017630029445468284959847767910778179612430238868423249639050841315518235132386121326110065135809158861994203878623587875795098120979049452568065827209934405962257917033953552838447643738226734966313101171512970097042512793869973075355364648078986486992273355425432384707910371786771393583994467645403927569574976499518195214043258089483745250498151593572707024833244725677865354472220716253692306122133557054695824297968387726435067872243826127122237244787756006444452807773236203555069362269496123451510545837736447651339114757106945440117193302029435015865940871711864264004427845593832095813072665513209763831475719863179032730479701536640747515757425832007418957974064314771538521825677439841416037418520556232019443386967059981709388432852890104552673743807665051132232662221879820608207595759839832671886006164162679668399581002
950 24441971391120552255732805411411353024466153984954563711546319108646111312427775127508399828379108081635738576754219040542880074347473935981523137435762710571632088427772456295032373757261587564918019798069689407847839524174038381515948789436105868643269471063737020307874768643787459612708256510277171601287379671811325360324356666493102679126392182850869131103861478247740465139836165614442878319256268596345827696872690602282680111311493661810378153277464971337854212241022002964956505098933307335047609147819859887727482005800897566991631930104494942348073407885838237534739755045009170151527611750991461823493839828011942199973660632892814474983280501579540869189158668306105237421577817971463621370040786668089013242916135173708606638939692409053844209830826247177185778803830777583728075055565491018941689864917314910345616515478750456845571670182778768666918155768843717613090461356340
951 218734180417927579957593400450688680425377681806456932763869439918008194675515516832668714928092657358179759572398481473537390083075483557960075553626642535927275155660038683036893787157744952896201441332237316180416781987200234250731796034254252312244045459039975522495781335009284038718012702613677820424975901875492565210488769616187746329816612758202196667495585143601428700870625823203253849714290298366064611524728567014677643824077960218381509608625429556612709706296390063588714689378570123703226617930530168556369697555314892754096126131610018543897164550384825841314249546928999199127595706147023994369324259214767521827412006983762829414343066909709793895944590933069646152261113784228053889865909376564060995830749581382011010187862719492607900388673993317787234810219632381372634768599127370510595518455659874048892244245562692432951787435482668800719882323484205790938190310917164
952 1957490468422763229971149562272882463382439738913509818826722901272398360826198525812027876426729302400030719846783736290026461377939893520089962532990940715288844113110806433159309607614756271662414144836482427478356136662830525673053226342210287643236966846966245240451323673438385162654380132882774749091670450093648986508771618812991613421272753343372591486779463956299943262300906915898986387425618379212227902657352051215854302530096870737879809220302716997197613428585060940581545707266112914989596720570249880610158036427168676943915916949033008533661902189471690815924422148800149612684679051568471871881492873156420988884568546321522234794960336412110440072024215418606490359091324649657980230772262240303512357870217946442049880486187941569641303412716069411073646263824022112023287754081089266160653726462333920855930163122821878196607875012207371782871802905324212026105597413143844
953 17518028739067583029494358916784812473419785147287538082347023356818644192609191681643285680027266943862180596453932011963981690535424406169906274534570313718877584018404546521067928946984349594728681354091997595531907343022108134356765967039393152289346284497480201228011819527718085564187255896188614486905817898887372766692401713625864986952789474243368452947410755776908505243782851887970673833372394804186784525240167881614554430550940948306727950203338250614164157651827159598934466014379299862427187542852726340539410576118674663382842501126861139402370312435061808189962034883937469916296053963344147559018643335656769910988908174773610112644721962386541265917837227857205270664870705450844470019730551097358302141698418987287683838431276660375150604320787839771393680515538393761069333669168007941955343813512557688993701394590606063028685345812643615973476420011912337170804700288647352
954 156773763165562855198756985241517039090380006492614825730272033323825666934527820757944192997666626422103251106553582729054994345155614125027776399331094766238731741213653899329846892539979962366893124333996208113248589610636640076090199275026253229871638180726458648586116247983642300016466963364068722828525853285454854507802596510937588595507009980734862207757050727103809572905827185519548075821758917950941461249349001967111841276892250750122348291314153822629031315547711734848624417626423099489011313862418518771831085957913498829672526766087359050158590538702708816422423749852680002267224457518215568096008911784308694116569263175997132262404696232282936251264445884818783797253742724516207990460994601108109143972091370261182769085802076033046265904749988340715798202580328711707938269314153928568530015998537513544848139017113851920891863278256846590721553356794048073834264659591859844
955 1403020758635446280408674584620486686234885021468230975178767405513604181444274587304513424378173661614511205177676839090393398108423590747168449017436443671899934998027387161759211998303732241319941325811803271717209925027760380431610931409378571208975324115219125030206010614131515746393955406771392581204115627317443783021021369776775345364651777758179189652801255716165116138407633831535245015285950242165761713574224519517174412828890491869061909700324323986220582269661030510519321213651529940771920646773928268216637385522458348984353580908296752438153827997559198002263083661236968853558744762150141480004438040058029189500968309967130812639182891662010677847761020462222079405659710907189137162816359438710974247912243371073107915926600487869259646066839018399949838906295825985027073394778138390158544111389537731602947326030551198015562729710866298322285350848121392060931512583360835072
956 12556175284858616497229888041239873837706708358546111045042023675240279165185023909263421562874869751223553534539462253383575254154237582246684499195058198065829193125244404224888741470522802116188441555341183155515800994477494579844517826823128456370396979006123879839666907173404822390173136393759217537387407770338950604813203370321910225086479052153957192364483966223301740227617671640681134093217347157198996852865507516883201120451653113825260770539917470885305527173575505738686209587659269134804336231372709608248491601997187240493406571445380611611037239601193565206373113153906874355912033114741914404189414628707054525611422357397725451730416346954788883311494714568002200247815512819800248268365583633464886384507785256706630850023120352337302763844092786334929850189828146981149228352958865100304180299560653665297770575127045016638700236282071317752603423541227692168078856104135261310
957 112370728682790345656754401447200113141030338061914665163701118822129995655684448609367550477009470270080700623123599199631518307607108520409049206218649230869351611525290214678737594308830388457770739175433599712921893596190172474878155123989137604993367596121763514405222922669384836318619396861833072376238334726640554777527752047522493081962107266647176664558174482452354987637095956582946249398990006950518286790403055711756933747867268296881589167859429536333910421457204910458930771319060346337926446059252081729619809211951154950324137043170944540706687032625956143094468222826154573437587553085212389431740107601682710548460569694116723691167884768581609664944361670685847872871775318086934610927483990157889617580918476252091609430082966594335705440252005794315080595059086608392720942301357742851344817016754640394351221612015382718870341640034628433990754489145998671572195223831716865776
958 1005660918783825936396606688975450923215686345703161310731721476780207598872554812288505053235799401359984500705699867775593124450558339888414347640350242476816606705852068430616984215694417368941405410255786380887573506077452534961406071692447250185610883314772202869645788565329011263347945190192923979792593272634252064961546416300438995552458210658089740660233827565875422366478129730553454362536131602769849419096686793811278002149130072637555561056449713824844991686254227650599435246785881740170774399044565994609839501721711534175902841952163448989578213763453652958007288458126322655621156631262734234863933501470208609630782676617613099127204235927209358957251015126027458032608729940344001470809875425887306926955084317002287888102799996612466838970691858102108224330854617274579982457408544200612009070347560982644913573740214548204841365708463937044092898271178886772922327013113801044542
959 9000206892731109045863764380796828981182753562013009064108750853219122626169638925841054313355004066231882276195181211234812708938495763009111649571584452986501102239763101791493344745107221775577827467856397040734090158499741802691264058219575576801343652194358967323487446204873305570909370708182950773556995377501072549881504229310124522785566627239333649603314537764486942607373466218949585517504885509045894867797027610362768832531274763633564927348018771188836478674040903435328463261403176004736326145778809463772300266987939870920672942970448335125897770032045676897482789035057258902141448884024572822982544149513598683549019672155539134791377909655500078616099900033632368699785470527791224001611564710893619166226543899739404758098919268446071783390435160220392416910096191253150941014033315333005708055227131573139282535680786237540945038243444567502354375994787522242998714150843441653328
960 80548220610392886708998577681031683041111712401437134734836484641212375862796864157660893713157077385638211119817053787598893509126208553395112291216010326229825297238565669448083684829659445720853943811640536598702122327442587637140206276224171114441562952252352457260285106586584577154901167731991402355193260109104692348181902440596709710203616087912961735896920187480069557187622953727511666922186075593839923011002950825427963975318964276477353608748659343326533748407533843152249612225931147940425120689643874700845450917774788912329361092735317873218767034873725929809288398314154969496926532048575473822039895263203867742971870690365906050559470021005330380801892429318273796462354125345054250761988409793849552857005765790416311377454756519758909835730782260889725263361210946802745617674618441203013928645144819546378627974688206892763278645833096624872463116251557275921068993045916531853772
961 720878282228203682912948309994927327132644724524498054279462146212453024818678228495475456055216439863128301096495318915853154902058584438218211169645791413802343893581445161574290353270788975889107413581527051758009852228790945060633557694195004732672909270474355955767515048971033621393702331960724669730611628194407580744243979397277733747084602652450642175265182869031725976022605644588576082014867529867890588178691264857986435565470140714668426293885682280567466585068424083559018807060388618866388952096797789197374546414484326093461191697341301139772983228049927221164508660865065671399320498660091409660583033280758371578887183205295340778387819708391533622283958859506446120932351497901260318675200253912659035843920494236016445841613855221155049044913833149338921388011244963684388246893447662284509566776468358151250725617337790878088241676515096488543684101499699501852492378235999967422198
962 6451644970986704592632319264817485568931356139876642256655693472079872486397302489412028022850608029492343349167602008123140756918724930402206414380167294429426167423606146393579396344741096134754145053254852916535340893545275597236508445737233431472374477954126093381554815371348346568915788810625706206217589842751902662884986445184696503606005414420610594505270816744120547119677820355365473572918682817674296113977531415711359063038461055035009107673984544139497082856876979259304644298235038678854857859930325882187772109420198313101248377361472529572744973603541132347594024008103924351533267321475240855242749536132567864056324707349863430503820615667405079859601502141512163149318822899633389681473243176267157430516314476724463799646652059872268243376863957516360397645999384391643853908253588121341402192553190606161988889349645628043074013321154777866885734090427714986464070919332601092841002
963 57740627815112353525054156947712147101014741237937927820951863628362070408643286537315211540052037057562549333095297818901147057398215476937072333882301249116957972826185986835325581994887555611517476539293552389468231842537532719284114104333022804776689857426477485586929020884896764292320765861499056646130667124902702704056133142362401594320463513122519911289159247538067664848565249888047568560358388637215782342808686498550784005806358609397302930699811673554469383220460153421140641194711213530174128751304637411910848630252743200088265562403617137514266714904065167116964541503419184782798513576507383000433696566469286039105042404294617664739860630893569984947482697833014040461488686434009590765580484629194325580633820496937588672698880232944492244282749230750222668256345901740520032180882183497899846275255730087092225685897833384448560564820806365411377345188463413809038525851863480479118970
964 516767342296633342622566613068077890843884378708888207478700889744216650339348432710490597788615189003455371114170897850834230656512021588877047608883820720147851331563445837732050427426661330301002179271662707006806775440101958359500347740030395333232632745961552485338088647722220298375718881424581995329937425019670241707298322667297075935002564771268076478735593797888285679618057758839703729674297808835207788931492893695297940838292737078247062758171796159967639700318942842231624104870992474114877139576871053455764663382069711662800873939217035996037045250437853721702257656990632844917437242511495274416233514576300786452953773174077100826161978843381024332846022666894488294631982796984929093068471984072578023475663225363472726559701397477950541531106297566982194506092511653630524841169983740955511043924708124231559373513554923502794173782977223796275036533538871098631821225600257842490220680
965 4624993541814032371521557408991428631106145688507796208909225101088710453276590225182000828950460618114928956102663541794518877393124054052617397628638441838023298467818168090265564324096085410343601317697797002048829502711487433764986983385055323442431903466531781340914075576209842465146791420198743841629226020251311352272091978040735662212649006558277587523418193131633043460817868909996948747279081944919361943162535047577579001192025459905474632366599487470609856220304244966452334688346966530351541630351987665759270814221069518457484658621095263876488134795895196447147357174254093977858418764625680190513280444209770959490558060648316621106313290931269412874681890744470934356655699274532126614945567811536511294611544317968265430124773618435520560146361466304947036718571555800288744465013757065209583522780797108503337466935973718812728877651075260074003066046444967353314495616609098421131608814
966 41393267306592146528054383389095394161706885553526932776035013007094190065330088877561010517502211163802595955217373090520491360291945023622162144131498452981539225618683531830789411392767218179226235842915091315503557849448869402342651866180493130362839954211896651259964459342596541151388856292670000290221408711299321600072010432220184955967584281339885000739557662559881961451044612806383565994475373573402371356527981622494379270594429203650787461740173903640077857800732998197720431946741061460058266500849250659783917012096041020888029904987050281509735713297140000292348406062545087235984366223673733720548782531031694925545887793378728251579845303799749450132704379859637777973298165179265683103929783281652692871882582547832336057235642321688217088773442822742099279287439834893052522616683135034929277397099025256825208285611090896384465583955577757619271050533992244777723176575274281507198208686
967 370468073677780457430077028737220855069688847517262520659306500705970431400745567653770459067722948167847030919168151354247997166024037018359663724144044033732879681064768063515736054477768204928293010512341315476820780550485140126128136335071614557634262422192361548908301502268600514968703347119507016097802756013736966472713725248111521412209778120157871329500154907663710309899354049251660673459443800192364298560737936410193047302601379063586099871195088005562884364070182627078900516745609819757099133698241996498094714864149203377709027945248999248635825929898116415143463543062329636276303721701662251013188341407864996765337959886085407609642108249887279547090275941102980878694896690104178798734995026014458182312133638573267441064013337802943644463358014712140314305807696831637601521703445429072775819669906109629799662590964623295030749344850947974022123229144803038013551482872968974669828950782
968 3315693384718244477850807537360351780644390839526883261352945199754043913455967054321634579871497112254274224406952200438713591918887110338350460841353910569764487425272717146626896703410155359903850675571155268888915705824909815913101214516002759390695235169572214979368983030910770096301534365317359655450597583030025667886972569085810740644538037326162702673922509477119397385220154679398269996589249541152279846022143217493758578966965778236391854130588025979372001259924963321001190422556839593560028372222034090807351679308377681340261308308536966427535731721948064647028397706696670825347576984559100483008786060802532158128370929813875975351628941898054738596288503162600276575191844897399729847031114551916317886861353218365274596465029063259311581489407825478128834963778016684061568386552625909764170861982895356984591064231060421276023211513255754366032590345783018180216462895954150079709414018254
969 29675662953727432648703509004578016591286276019642029545256139914597265150872632200783359934084884922224876929048785448019812335398042006136458719871059952661488868684731239686612548293571204944645346374811183115976772807523100703524164645356916007356241323801277704145790285837909697249407116291977474377961607856332787775418110995352951753568246454129629075637500496369301116167450005117063856850059203709871539223463691364593460975591583479269928487651152790367695007825649678222477248934721377912621583360545828791491060911329426627077773886391922363199151282207245100334752190521320347234332921387056102122511260440242966179712307491232037768953067089977419389557985550713994939673110517386303485767563810869863135125962215130571451629932690825058001968301665089871853193609287199367804413636714436775365077735768064352003874055391974737209960038500322273479579153698315369334063666341834471126514741264058
970 265600558058451417390453373262082949910530062886070616531809493665976519900888984416036264355384123702456487384694872340412554278815242326042093485061289572387474261966968231264534679929286511315253344313465189555843544009995945476007147422667196373230185144222468093070611218583129731155571268892902952408198963822166977813048123782330870131192555994997641949923886953933572650304951137181549388608221320853858028666610565762459534324267079003076337527027952334337985457319715476120434412066820725953538547943781300607512386733031238826350608344591761433177715794743017458716961497068387104275383186952319171265470056658267870887516403729531116548462280824255669903338978084610233883947992455454459806420059877194610345392937616184237348372719539362877007343505179230807761266992246377959811399568652080934546889297112433847434132596208303994691906449715475052655188896030315908378790575501511704334791278737070
971 2377168778837962375892555674183096902917287103012856943240608259724157022725374228826177462827964872555728894117617866469263618149327801364697663981475379362505853816216617046210302956465434724109048555843407852866005327488157841062362265091877165829023980170845533702336226616355482042402989178570452659242250410845120629859019592032741833602701348981345383831211710568942542076976348396802364502709382472982968777043150758817990491642941967231178603020151228487971587348904661267000745795427153591851099549532574641057683459431408257462988377468963797966212610897581219394466508741622907654401071918585688759462462100221250164173236952963735681375799393476019046053201106701644858059504985239003900440069426812333139259570420308774903272017432777779028311864670428406244129468573540192798613993175404270326718771768426667726869706044517519073867496320357110702514709395887331160640823694370109373343685644136292
972 21276173749449762918267789265691328800255355871471286992322373897850732769714149313141640599974750045025449401935193610663703058576438950478777193292808841419478146903960408753052197513629722406328917651263762569645649898805121846209812262399255902943042742225793185981254161691943282330288874062185345798140192424925855558074078403214272301877776901165637311687057632761046468709520575741615774733538450383543388323872459399088296156824179715431993382413230044586067111709295801927402704052980130092171862504886515915408581447624188329906417724431575855791638183681623271099134629963488558858012224113131337177394389225089726454005050496962322892407795659155695268014501988154336649339700025346289854698016614616962740825842394959776414120572665010209858746608487284518507485704099438988764039488147551460028013976794784181203184411247755666344178811025590747103507291730799976399216041621941586147360692243210858
973 190427431585319857897041584140087075367230380291559181347789220378798705037479756854812889241350023377532835562528800069126867577917738609838697916120175100422760050409640042105747811662006896225513922060296148522538007161881224599796494044335752289752797764780194858416959546947894555064965805867523138128089689247941319802884222730723496846145148496073298526479346555585094466695287021301021434475640247528280133576515054958829215816584515514559390596829956113266910511580632506582439649884173488624986456575947861963383995180882366621551305014713508936551854361865547005753649570682060577228686956256252123369060258909442591751553289014627698523225223548389063267894411937179541840361596574145263415274313824426447083196041440097557112550679052129165934767690073942420081816187221972394595206148445828179666802819884771932461471161893406015664055245559911750132959072673608374176660708621729209676321763205061488
974 1704385996621092611501183800312587884207926035174215640316402515163359375279076611850866302694243231876032544321326656632463260959053351492247952971113384334994956185366731743839094663349149218137159418882273617883213129572616406432213036072995955433902871658062287596953188486289799400680005085598486930215332110366783318135924927109865987390406712912033942722823793952708621121958017765026024165795514938232625588622538956073410830174404291470499892730795354002354859664986081406560860327094716715770363188053585653538258097956103147445844399158177359335665326991675493826112166151877033903518981295657851870770169230212689363101207698224320336152946672225105935169124508274834710766287134937572776957063653598942363236775175622246614859111365649207047996270958106152387598974047298691863907856378260707867444576121544597153646678810933910962248364548232693168152433701294899904282122930148794815558862309773133178
975 15254882459987788006152197735393048585385179422144672333847047806542427682692581200440146932121411198767653749967486781728299434199821472268758743185635123248433913938732638092374472736809334832960461179431379091292879129678334357076598561381247055613824652077572410073073511688007602593341865687730692089833098362824576015037696985367134415217087426285193178833017279757102182370103659581421137562366040558196218138334495785174550060711307398553635520004350437153683707465806716047219951937228300525577426650218881845823135715604376533436432034895102061159302532892252328858813026053337909745145134343913906146074735533461783026324912105050546481983209302170405161234674312235258300738165554297167905501981172065937517491262406384813032859702174495952375024382803229614957725753874156477801609150813750975359679970639112134577349770123963220290657830509554897521378229040812624600236566902187421293975788667457230054
976 136537589061087613648426932155808538423762265388737077544395019734326620002250285593662357834820702108685702213892334881309849829098611061302232675018872394012637919375670994166596270514828658484851978473879862297079297347179520990105523793969666274469737949151395987727117686722011678831664676692274468008539938091679280648016384220672207509038433847721397633580493677309683545158862132983007464919631682884590770250156895703445892949596979943615348467539675143075347665160669067573984687262237558823553039157806606223361500751411295016655090193517955614069192278604444128288348865031522982639260640111967787328912448211894690761540660216294817332641257310553176280744387381230924167259920006819812833126807828078423547531849508762216040186342622024156579518641364236639120542407168741090236093499968554511375367159192855148571937367927421095117472875592790868494202387075501068042352252516309589788792130611078030830
977 1222075521073275568664465408613289698863026710150199779730794053542491688770048798557166360949356026129585018725274776775442586679618469129908652432590420311807088017227224185689693025476680056066593699852782225372383741976704940711579885952368421743494676650910797930415812452644004183783595489129392714515500243770449706874213282366983124575405140713758078399621029090278834449862631229963794320930935962981227742494246608931755207517494795244532217205078360432037735675481223634440120747695823171719249652954233062249074221279378525003079884667182298701550543899233995700970003560205001484184306590426461693208115600090465560265933313966880366445522690081807440028847731019256034809434488218211044065413202467563800054828756972379197209845011420568100013696964984147838151374908096840571891365707318835009992724201541573865435444652726814779007870865434139331641962474246952261534719230939515121194922832214413791416
978 10938211230403215591510118889913086115110030521148998758287346119466431624679844231060961938287199096573741644549372860163726045545173204437278883843899252849660143881578343861176340160662745144845942978620023157222400467316906079401866079599862932521286538241332007091361811620931773890790649053125751470600538975283657072679916875952891490463784913083888644237918285070414165063883533972842150872713539209744840637577581403038742657172816433294229982884658003440170592641348297824659165014440758780531329022251822592946968672890479251922433762868235918227025326938390214022373537386327676539896916749208745386136919923491203193408533441373518556041297739254993704008276057717701961736562940961395871936051394260552607745513713319588954053015251929428215211058590739198810748486682479838216447049352884934419005086787828947620236894082452063780086526699166540201750753995587764515216118330326336481309868320266311444442
979 97903227166466362297655508668258035206740290832603820721085774769434763679353900966810157468020241588113969644148068480678915281256981417922866157188777946286086526787307259135428850529041230364996015988081952836337402446403315094835805638359855512615922813106950311529365022046098140816241620616725712375264799338610204686053029049503450464934221528147487493883533818630219928535893777554812591340488979033897648992589614016110269399989688903292950067526649505083346885837692176604833344500348425256609258181807237400118351421596825684620295491174073030160843798434960961340370254572443729809312889918183768931426431917553755082765937070778476374257632007759962123397439751615704584887346133591949680860154955898621611967282696164037168326844603494308308203385153983176417906627677608783487266713606821421352863514566459134516603454357784613396279478326983397259416956515430062904436270655656009093050238655483262464518
980 876294619699512549105473835269932687119469959705779613790877187593275526186898933998376993203503982010681873561036478107334491605151125072178517510599772349543178891566585529401921063577751722765009735165053971119999027244595580939240922026971242896371166063759446520942657201753701306225285245278969379719194436849457879754495409831812549652927971833403504017031179396178132695746459361635744113903291365126843540513275367676816055135297340720302670270605194922154122765059376575482781373240825358154992491334066843391153030592227118303906368148698055590665784614445741753994094972938050232356632927399599361036511260598617842953992306352255400461539404906124962477755451839219324293946132703258239012354437988485713617215796760251311874779165803786187227342346043489066884454673110078862945495084560016149369449755875897738238235830367359317677549567501257457193439674743331887330178415191858530984992575962969193354814
981 7843424378762009674874637822602552056994427459771402598302726112481729440948372220368382602094132608356572898231818549345979409524471465406193310617421260549503134692518881805672222817700536845030542253213859212113804179148098619670304288583634656337151187776574112291382649093246998921529105390273734603080356589616125679460604669259761372733309123814277802325389964831718015416388966868155780504660659168503412119250140482116757913927416299062922181595089846895131273232951982627076750072462876956583168897011516783173560547844315393576968546477772791343228668831498920467223629734079716226204025016197918780748616680639691838369611818284500489914444212900730382908621051468061885551917564925468417501378617806739343903977570396662295507655302880736130644870784404115303867380438748754608657593448294141421852492398190890126607435004223716197196718295172065960838555497145748224860415035399270355151611540966554757530152
982 70204299160126311830808503740034818888007172164410983937472309466147391281455237315250107610534303961451933628434300921192659386343195821317136685734931340491165309937971243709809264590062826430765908373489001889750011408743465386746950053978102750272584231729215155393307742521935058434646955406179304645007508328944326364269959249170260702156408154716720321123455364328810482253249613638777134103853373744167013038171016026502761787648017148653053927241702024887977191716795872892203605064570203558396722038394432943704705323508934963252546307701609156260989735113001764537458524180804048316760047831272645813896068040061487800922337410852649868621910121890935141992411508557296837311128893191492760388399083531262667724937303664465518307668384975912533627613235081428788226258315925827331690689400914121830273993994307418371280097759691400951367886769142744683161610069532565321731188412044876210442181110578343260232364
983 628382560752008725160274163054485420218685014467154673349065553977335416374214781019127849877144283539280179568724666560682585664600830409836878175386931194237218618386554095849771036308134965487503737850610865131347912918692072347464239469097620267506327821574887409468674484324353593636589412332581814484164115303701662107319222896872659323711238284984897438425791543665560191669723924889331162892633347909301858580717007004113986502398944927127101666050634580579757488988207034505586852384467190552962468530825086700528973374573066305804030552215764679997007118410871319268067928063096747488948961668888155558990757549200707849219177759476020830969713695444200222515484410130777756810562682284441531519357148506036324555901487862653292923286178090338336363117605214898459242442744542331258979807637454917324727483771870827325121098119772913118931415872592331051569238055447787458726070012517191060471547870485681763282958
984 5624539296898223850476050899297059711602451655724317723631041843367094808640614145466577241221107233897379389692432644888657527979528190866057407135652070226205213943369097112154952302297153282582560461083707792980509586678074808899040444294036239482808490264374363812176097786578299457751248858657451120370083479085048456815716326647292816130941255892313842407351018226950886834597993100078032444563218375710822605003074288056821662695260553269020075912455693124656270160784198915779809326221226984618142035465004269394883551257928498867140844953206340561770712690414417067705288362177181001090921153279724577267873338101725234219188196779731778767885698375950398876266562773659157174758585485485772841938748271974452765879050912968866587956897586699161406379412208970546898946103319079302563652182827592904544750883766723815128563698676560014772164821087466689945888170942912533129777355211663467558859246214655371898142884
985 50344519280848811953957069390631155224469329085573619386204993127139570239586528903456579950195554255705345254475200877316403714273831523448270751806566993699008060006421637913978277078950946007061066773556680318521082640891628977242645989978127580111526482950641042282149185325529481835142132292440739466189556196232613709102849627114142031759297915885922456863638054310687027755322167039014189307847164944006793048467370689696157494670233140828627401048097244417404621349368148440462070810435219733168013450799678273338894230229989749386570921023713595352002236276341503319847312473133623274130194748509568773753026390301638331440877302508703562129737119999615038937810811528346075504638377283408133848565593697874839253100403491367740944865432598749616752115309518332922525432695886156668633913405575232672213385580863986752085723326218243154090340187997621350208266590971858850182243860527685438738353239958956050713346766
986 450629737216434168258004600744431957472344329275729350721146859679144355310546583408999627445825661200591408148117431325754866530750201596903420183188928143721150764249536273475325147287767981223760907365983894029921211897879561332555278371701363887411024154799959792718871447508889833565978924405132331722369305096401000663576816648640948823270266412849970367684352573932808770348441580575954173267367773931210652425256667931023446793286545919304104122041442679147600052641377660911889919922004023405446918982647076257839160254917260079568213402877410886700389917615832656753911706795461586258084078007731155634948343940372816948756357131579466834312904498197887823324034017882759676309229839071276278185887682962637430157995961276344177353250178236723253854123658069079602657660009740980325517470843527838234021318007632641520204335115712366519772896979129401029791905142180644623874841415182219451922194921638047750128790976
987 4033572787188370401738862284152360882864336740921874015252131676578236953091635220325806604467233663087619804766015145537218746369140202359440152206973776467674182886277105702945215750229854210474346146123599568997564104396727535910814745621871643635931036108814959924858520094940138404813777426033231352170777809593936517516190096956235041266010658429949774036501275616245587618959886127396208670369814603927927675376534377492049033428264448753065183261989773224091542359879749334673357945809712686259617447798254753622675257406878657682004238856922141632547781964383142542987615712746227013285582116514048983634293257734820716223582774159616789931090662136685146850132189644739682616916635749455516191278980837112543582228997342980272069349909269512405914589433224677850277822927886783759020234324030137456211281041887638836047208140827723445844546873043887907912128975564818775555965928672665104337098664828018845944301458556
988 36104584029865288497234080059821685055176263025375693674721728835488432520341228179554349562888149460838733264440530918343025932508308017761330953347093139475614088756941593578227545310445596189646977873801133014251760424618143167430027464921607482135535866114567171807182336842855117418231901223989359762247855613831883027241331423233426076460989340767471975006150660498007340184394478315874455727324340708686536781675449117739492108523429089358015612304401464722523478283492429760381049708991250099248780614053392051877377446806011827940395747995850583729856519852221028639750230499083492784426314617444037164382665302217071082737460489317085479853634803169020186390479446086896784383584898794880742025086259127094202461633933490093073853386026672301540201340693649931380700148865291821371630178940120133354743086775128114338725200723952666838072894067611249114703850624693898938845049546008777815583535425141797363543185180906
989 323174573956455057895726193501852971090713181196867759080816475908715270579497941858096902254292853033680319850098107804517706129159652338129231698232512878877093116130759165472375935726706038177184206853047408235846506082756719119863494472322664146718138673592592576167358596106246370415919367484238218924316520124271711432437638350771413190624401194401931173088835422320728721297797742347420909692555290995397005228960090858635081165816780518631000854545830290719136577299961100761545212288111865073713334854102806211457568171704949220749080256863928196447321693847536984784353186376252252684819544063725545618260048853065794676397180587319110536945655421558610014087734654036285673965704683075879979910081254760095298962647695697337995820486613497654771371787530614830672723014838473755897579060303446202581429522251506847614032412406268846004677203888717713071542289090627373587125185518558812752500948088516425489175653380030
990 2892773372020138828178715830949159071102916898353634384426221289988644404815458237628628249514054444891783964563281114414793066468143573521578599862341754651821581104999920284716103136268925597666970775095544488394479454787238114174087465262676605339516386601427202005346749799925628936885131922067545969622100060064955316333411260877016837652189857141538558662931648730048557949434849301429200012925284681493264821924762012074182154171226209622107386933605436489726012330065544997925716658510285479854839105411083470588817721580120128754836140659815737359110946902842658174410978972841190125177267150487957379991905963006836680581993401003525465120361880390141998314809698185601930312894085138076984089061825221973707821418457461794239151183945484907050688120725429209442983712006758181838225366986123896388322138031784964950153155297383222578612291537656595609529817155732152084918910903070442739966331074462112471082994847162198
991 25893694482518655277432591760324882993511412099065711498744321998397725524590590127450906201880418747070239701091298687369635943314539299763141013789555650331774912230099882118481371933754614121852504193584849808448873881121296904232504654054594234836327659418496054223430417929900913255622766389040746563943232203040654205940400417574278406429579008832624949818376915791022590445132236215475722522242018099332008714524023628531084905078919597381984356296631417721961382575650403384352984299934423294854898778795012968548259172490594741585627707637170399213165229919052779861878947519768580887986627861425199603321955917680054306418990928597656061583137745985687811349090898235314538293772150453080972067777734170260191894195979520954781597620571618818830755006839090401375459620801340695737176739932115113947900245993103649553516609149439342463161307041695197462795331104427004681970300138546445126057184112316193949270269294520848
992 231780024925590796260217641299133112949959172116974277025135367200344854312168617486941104408052989684395126666254092289931527649485103917664538133067780769725253001104884207298164489163287773232178356986699798763247816136914017402729209789513324007219505770524940062529628480543089546109415871757725346397373772078957432157282167459286166906129003202730615310834061409756515260993981835388353544557615162050228634043312210189913389026308506855699190188752201456679858701373784922820478353968725745293109975736362689558801817000379354041067633152920270494290804227752925639215400224346797494107039198216110124160811282340104124710133741123938671689481651825794892225736049209462716874601854503590661350363369314908076597766458971498091637856642921056655368494521122851010595032702284464702828234201056376756622510388166604718084481444057303021911948811954433786852321286783700157928648035800927593283280504212113711130402672837547124
993 2074724156532218613816544770285900498467210149826700273503315225407625489404236261548287180461703053204251089841800733440572156148407731836762368487110078111876989892827437302806191033705536203574776232166828453661508158331666972546818779965962053156145103850595859733493941083304206947914835031763364768664799042507510728894767990200463639359353439113400110974868738420231634503667117693811134384273041698994261363847024979569761841808361618000184143356201364889532416636403631748194315800905003803580576176767304531684381362529818322142171321960167126898782570190186695741303565692209858706915286800061193602788566024161557479604530369829626085726821902479998500372117614526313589118963157172658469294872678527076974386084306976052973542864776774148878583615272899063871847469362723111678527737314567179784512779182387476966015944666901912687997279518110648354864739965394568273496807696554836250911637945154875944602826774796229132
994 18571504579823800392539916754591718298983780566326463816486131513249027930638699959955763104677147711992462849367923904788050638244096191438837288777513647840490419887760724962914202660722506870549128272604532711398513910399607761351439924283049403472021886049192301186667988489840590631175368527703304518468669037625958443096538529793718946724258307227774836554339072775776020605512769992284913347683279957333059557936822744590678238987138504510737713803421852377034384438384687497430931400390038093721095067564448735811813715708335838825772111891146110934961026485148088188769441591209539502658326412371623901286124918915461409057218944634315788676035541624645510664907611303989074570836497917335935669095661594854339671560139154558397628345365549485472426579214201163026873893252805177797984598149431882184668711072591438627995894606354968028357175402222457142953372001268823052802819399598454403945810187117575907478314632967325600
995 166240248350427353453216965646591635885016587328649143008205270460528837759591421821769547543763610086882067027116708305582079254088713401995949776176972059308137210862433600926488186883787427307804287766668519277197393912449208194010124896347872165743426389336129848885739273277986253164319856639296681899623634045971990730135400039143730434806181575513547855452579525835279310367228151517693347075125731117248133104215369522653168688579048712419700892682996825202876407855967457832384975197184194771682555285321720242802053319167981706088905427655621009718444948080243227907494266111501366753626808494437285677671844046506388893145944516185943602557701890325493006903956949996358048460199681372736149470643933261581778244675173447687101514566578315288694850811893840642672154034004862421596265602940423671395058110750880626193897958020717458028783963510711618374638786287987767297494775618215401075257237251544961965059247717292653136
996 1488084615014925745734724279481160433005054573746141712903957132182603202447823745851482341173932171720942202904075174069738366322362665762165484098113058541365730247585704005697201479165506769429262684516939466288743770270962040292470968028778790841754689064413364594394842430850418708131265117302393784457712916480476030366575816443972588847193323531180733974167298270989664695546776803217896689747899631097985739913851650533843900442914166376793729365989223527181719885569383133933430927733593733373336325423997674689633500088225274287083094899917153668238270277225465819321379077834067015636316855273954358269781364910627394968665591875755448086771780358821812943505176352523476826347754706490879745197455594575931393623595291136470665660459518214148986027259353081078766139415731183841449743141924966341477231012505194482188886832684895120592144091573561378521474250652574975869197995417379973762195005341715591522116295513425312498
997 13320527635255450007875562156988137512664277703726446891803059155039266092383774622016311954469975981668554427636415200360058138834687078988665612519780594263761052329125348764646188473065864815475179239605766408508124372486329965911192129892024800085340628460551475409917028314280071858107855306500367557164592012294671919277094911265308958948968702356357933715964833232795554616679258481157824938115743818447831482834330292636425017885800904417590506210680842721609680827682542863412144703442214459282589955945385612113739790384301491324117065279191259453192047198941126322558679481051200238512615048842926486728060006667932692233184067956415928927704309426239724294277425026515530899237944828538339166531875151407247338662855044938283872096303089725805639180927824935863785591871180090441820577495065460990271501612707244728564088331694036014678252068116728749827773484283065423973618192798694644454218643558344857488140679843164906306
998 119238794874501876432219073961232517832531032391326441988895540362376579163048129363562665594877402978207525005511247942401702118688021063111086527458596964117069237583053079848656217808484677791753151851953881600019421448970740618292874780217752311045671814051956060300753561751932498248910759559266149452649242881908491145715620837882364013250646315844012093718132706343994070566909870051065556626314441038898705942411813889049404912798856373958241584413915722248269737421375141376976739173507423956068178288963105797779254249445093944820576556104352251532010496627380841438703717027369097389794381201055043482429142700678097084475264101362134836793441632318909791576575911363237698429840320022506424645274507000912981990683238798569783707965300640407275314225200870050513295092785887151436825839832949906974974692785393015790762975434018807344987022570864411521136151216535627546966280916962075887786573594727406954917924517592355156540
999 1067372655030724111924824000119101779623437375962629248329062992904061154743313478052028372869990957267547166787971727035290929727039155256628870137636686978075639573154212673208415227426747972474281241385181485424996006387079725025792892055359738388487464574897639949791245571281212070695434430942743269862846665519392372541292876547433391755536590706883320928721219790609322002051548105300383659843212840514305102867945357157557393368105546690552408689082798691094704308150277060739254943102851401070477143993945919323924437330743896980375356333376252557946237582461352103484838919113403045063563792469621094209171542235375859731183944645752836577195380191437069165468933136398850686463220439834981548487685773218773243474616775916603773803958527914093399895077494404109193456635463262126773497131363159937839082456378183600549219941782513069412535788588976649261904142279040266319483791779148135480823125210038965569460908767416607719368
1000 9554696718132084708280011330019662636626548103522491419408695301540720835586908928669162232083884689858541204646863196203030257909457141173935304378683833848637366992529318060956350929347510128316401561997355461374755234145290446599154295069911212378181975227452862636791573717722229688781644297277887502499060645222533227479226235879578088762342669800541202248887154287863364101312856321347571661633946260567511044911744412531636048269592308676953298793373090738583709373495673271285965751959711131407256681753748100578365700274186216256440243057860233203044260253914368278431599479040775360497588894281459164433296802342812710436124128492893131713883734913949981477103059151717606773466885901958110587384964089421354879778939296324432705031897485354296463972602285057029834059947924938823765714943663255602551093701683618339911915868352104971728699051545271105325721898606766056764720349921902632960736824302555483579676312916965264451916
