3	104
4	1632
4	5728
4	5736
4	5760
4	26752
5	397888
5	1447424
5	1447488
5	1447552
5	1447936
5	1468416
5	1582080
5	17175104
5	17962112
5	17966144
5	18104960
5	18219584
5	18220640
5	18223680
5	18224256
5	18224640
5	18224704
5	18224736
5	18224744
5	18224768
5	18225152
5	18225280
5	18243584
5	18245632
5	18245760
5	18251776
5	18350656
5	18359296
5	18359360
5	18359424
5	18374656
5	21520384
5	23599104
5	23619584
5	38297600
5	71458816
5	101715976
5	102260736
5	106958856
5	106979328
5	106987520
5	107503616
5	270811648
5	304358464
5	306733056
5	339886592
5	339886720
5	339894272
5	339902464
5	340287488
5	342376960
5	342386688
5	369631296
5	373841920
5	375414784
5	375414792
5	375422976
5	375939072
5	375941120
5	375941248
5	375947264
5	377520128
5	1753251840
6	25770988544
6	25787633672
6	25787662336
6	25788694528
6	94490727936
6	94506205184
6	94506455040
6	94506455616
6	94506475520
6	94507242496
6	94507374592
6	94507385344
6	94507636736
6	94507639808
6	94523101184
6	94524150784
6	94524151808
6	94590996480
6	94591008768
6	94591025152
6	94592057344
6	94824972288
6	103347782656
6	1125299404800
6	1125299785728
6	1125300572160
6	1125316300800
6	1176838997056
6	1176839127616
6	1176839131144
6	1176839159808
6	1176839405568
6	1176840192000
6	1176844108800
6	1177089884160
6	1177091834880
6	1177093800960
6	1185432077344
6	1185432109056
6	1185432477696
6	1185482416128
6	1185484374528
6	1194001305600
6	1194002355200
6	1194002356224
6	1194018082816
6	1194018881536
6	1194018996800
6	1194019028992
6	1194019127296
6	1194019127872
6	1194019128928
6	1194019131392
6	1194019131968
6	1194019132416
6	1194019132480
6	1194019132544
6	1194019133440
6	1194019133568
6	1194019143680
6	1194019151872
6	1194019160064
6	1194019258368
6	1194019258944
6	1194019262464
6	1194019274752
6	1194019291136
6	1194020048896
6	1194020323328
6	1194022027264
6	1194022408192
6	1194024506368
6	1194024507392
6	1194026074112
6	1194038657024
6	1194039185408
6	1194041283584
6	1194072346624
6	1194102620160
6	1194103148544
6	1194107863040
6	1194107867136
6	1194107867144
6	1194107879424
6	1194107895808
6	1194305273856
6	1194307092480
6	1194309190656
6	1194340777984
6	1194340794368
6	1194340810752
6	1194341179392
6	1194344841216
6	1194374201344
6	1194378395648
6	1194411950080
6	1195754127360
6	1202591240192
6	1202592023552
6	1202609979392
6	1202609983488
6	1202609995776
6	1202610012160
6	1202610257920
6	1202611961856
6	1202613913600
6	1202626772992
6	1202628591616
6	1202629120000
6	1202662281216
6	1202692554752
6	1202859671552
6	1202859672128
6	1202859687936
6	1202859704320
6	1202861638656
6	1202861639680
6	1202861900800
6	1202863604736
6	1202893094912
6	1202897027072
6	1203127975936
6	1203199016960
6	1203203211264
6	1204201979904
6	1254151557120
6	1254165319680
6	1254198743040
6	1254436634624
6	1271645995072
6	1271654252544
6	1271717167104
6	1383047774208
6	1383048155136
6	1383050907648
6	1383323402240
6	1383386316800
6	1409055457280
6	1409086914560
6	1511930200064
6	1512130740224
6	1546205401088
6	1546289938432
6	1546290466816
6	1546561519616
6	1546565713920
6	2285258276864
6	2473970368512
6	2508567085056
6	2508598542336
6	2646073147392
6	4681820536832
6	7009404977152
6	7009405763584
6	7009493581824
6	7009693335552
6	7009726496768
6	7043764588544
6	7044121755648
6	17618262032384
6	17747107119104
6	17747140542464
6	19946167992320
6	22273718747136
6	22273721499648
6	22274040266752
6	24601590890496
6	24635950628864
6	24636308324352
6	281500747699200
6	281500764340800
6	281500764344328
6	281500764372992
6	281500765405184
6	281500771684352
6	281500784267264
6	281569467438592
6	281569482915840
6	281569483165696
6	281569483166272
6	281569483186176
6	281569483296768
6	281569483953152
6	281569484085248
6	281569484096000
6	281569484346368
6	281569484347392
6	281569484350464
6	281569485394944
6	281569487098880
6	281569499811840
6	281569500861440
6	281569500862464
6	281569501123584
6	281569567707136
6	281569567707144
6	281569567719424
6	281569567735808
6	281569568768000
6	281569570852864
6	281569575047168
6	281569801682944
6	281569805730304
6	281578074801152
6	281578090529792
6	281578324493312
6	282583095316608
6	282583095320640
6	282583112093760
6	282583145517120
6	282583146434568
6	282583413817472
6	282583480926272
6	282600259326976
6	282600275054656
6	282600275972104
6	282600276000768
6	282600276104192
6	282600276104256
6	282600276104320
6	282600276105280
6	282600276115456
6	282600276235296
6	282600276254720
6	282600276496384
6	282600276516864
6	282600277032960
6	282600277282816
6	282600277303296
6	282600292761600
6	282600293011456
6	282600293012512
6	282600293031936
6	282600359858176
6	282600359858240
6	282600359858304
6	282600359862336
6	282600393412608
6	282600528946176
6	282600528953856
6	282600560132160
6	282600560402496
6	282600560410656
6	282600564342784
6	282600564359168
6	282600595800064
6	282600627241056
6	282600662908928
6	282608866967552
6	282608882696192
6	282609150066752
6	282643226705928
6	282643476382848
6	282643476398088
6	282644818427912
6	282651799066624
6	282651799069696
6	282651799077376
6	282651815591944
6	282651815707712
6	282651815711808
6	282651815711816
6	282651815838272
6	282651815841800
6	282651815842944
6	282651815843840
6	282651815843968
6	282651815846912
6	282651815846976
6	282651815847040
6	282651815862272
6	282651815862280
6	282651815870464
6	282651816109120
6	282651816116224
6	282651816895552
6	282651816902656
6	282651819270144
6	282651820819456
6	282651832620032
6	282651869208576
6	282652066317376
6	282652066480128
6	282652066587712
6	282652066594816
6	282652066725888
6	282652068545536
6	282652068562944
6	282652070511616
6	282652070529024
6	282652100018176
6	282652103950344
6	282652137521152
6	282652141715456
6	282652166848576
6	282652334899200
6	282652405940224
6	282652405956608
6	282660388082240
6	282660388102144
6	282660389266432
6	282660389274112
6	282660392026624
6	282660405772928
6	282660405782656
6	282660405789216
6	282660405789224
6	282660405789312
6	282660406035008
6	282660406043648
6	282660406043712
6	282660406043776
6	282660406051328
6	282660406051456
6	282660406059008
6	282660408788000
6	282660408803840
6	282660408803968
6	282660408805408
6	282660408811520
6	282660408819712
6	282660409188352
6	282660409204736
6	282660425981952
6	282660455979008
6	282660455989760
6	282660459126784
6	282660459135520
6	282660459143168
6	282660461085184
6	282660489400328
6	282660656537600
6	282660658496000
6	282660660462080
6	282660723360320
6	282660723392512
6	282660723761152
6	282660756783232
6	282661461590016
6	282661461958656
6	282661503401984
6	282668977766400
6	282668978016256
6	282668978016832
6	282668978036736
6	282668978803712
6	282668978935808
6	282668978946560
6	282668979065856
6	282668979066368
6	282668979066432
6	282668979066496
6	282668979066880
6	282668979087360
6	282668979201024
6	282668994543616
6	282668994793472
6	282668994794048
6	282668994813952
6	282668995448840
6	282668995477504
6	282668995580928
6	282668995580992
6	282668995581056
6	282668995585088
6	282668995592192
6	282668995707456
6	282668995712128
6	282668995713024
6	282668995713152
6	282668995723776
6	282668995723904
6	282668995731456
6	282668995739648
6	282668995837952
6	282668995838528
6	282668995839584
6	282668995842048
6	282668995842624
6	282668995843072
6	282668995843136
6	282668995843200
6	282668995843584
6	282668995843648
6	282668995843680
6	282668995843688
6	282668995843712
6	282668995844096
6	282668995844224
6	282668995854336
6	282668995862528
6	282668995864576
6	282668995864704
6	282668995870720
6	282668995969024
6	282668995969600
6	282668995973120
6	282668995975168
6	282668995975296
6	282668995978240
6	282668995978304
6	282668995978368
6	282668995985408
6	282668995993600
6	282668996001792
6	282668996509696
6	282668996759552
6	282668996780032
6	282668997033984
6	282668998623232
6	282668998737920
6	282668999118848
6	282668999139328
6	282669001217024
6	282669001218048
6	282669001238528
6	282669002784768
6	282669002817536
6	282669011439616
6	282669012489216
6	282669012490240
6	282669015367680
6	282669015384064
6	282669015400448
6	282669015896064
6	282669015916544
6	282669017994240
6	282669049057280
6	282669049077760
6	282669079330816
6	282669079334912
6	282669079334920
6	282669079347200
6	282669079363584
6	282669079859200
6	282669079879680
6	282669080395776
6	282669084573696
6	282669084577792
6	282669084577800
6	282669084590080
6	282669084598272
6	282669084606464
6	282669246201856
6	282669246472192
6	282669248422912
6	282669248430592
6	282669281977408
6	282669281984512
6	282669283803136
6	282669283819520
6	282669283835904
6	282669284352000
6	282669285901312
6	282669313310720
6	282669317390336
6	282669317488640
6	282669317505024
6	282669317505536
6	282669317505664
6	282669317513216
6	282669317521408
6	282669317890048
6	282669317906432
6	282669321551872
6	282669321584640
6	282669346717696
6	282669346717760
6	282669346717824
6	282669347250240
6	282669348831232
6	282669350912000
6	282669350928384
6	282669350944768
6	282669355106304
6	282669355139072
6	282669380272128
6	282669388660736
6	282669388693504
6	282670588231680
6	282670722449408
6	282670730838016
6	282670730870784
6	282671125102592
6	282677567700992
6	282677567950848
6	282677567951424
6	282677567971328
6	282677568734208
6	282677568738304
6	282677568751616
6	282677568873472
6	282677568881152
6	282677569135616
6	282677569922048
6	282677569929728
6	282677584478208
6	282677585904192
6	282677585912832
6	282677585912896
6	282677585912960
6	282677585928192
6	282677586444288
6	282677586690048
6	282677586690624
6	282677586694144
6	282677586700352
6	282677586706432
6	282677586706944
6	282677586707072
6	282677586714624
6	282677586722816
6	282677586968576
6	282677588672512
6	282677589073920
6	282677590623232
6	282677590624256
6	282677601374208
6	282677602423808
6	282677602424832
6	282677602427904
6	282677603476544
6	282677603483648
6	282677605302272
6	282677605318656
6	282677605335040
6	282677605830656
6	282677605851136
6	282677607400448
6	282677638991872
6	282677639012352
6	282677669265408
6	282677669269504
6	282677669281792
6	282677669298176
6	282677670330368
6	282677836121088
6	282677836121152
6	282677836121216
6	282677836136448
6	282677836382208
6	282677836382784
6	282677836383840
6	282677836391424
6	282677836391488
6	282677836391552
6	282677836398592
6	282677836406784
6	282677836414976
6	282677838349312
6	282677838350336
6	282677838357504
6	282677838365184
6	282677838366720
6	282677838611456
6	282677838628864
6	282677840315392
6	282677840332800
6	282677869805568
6	282677869806624
6	282677869821952
6	282677869838336
6	282677870084096
6	282677873737728
6	282677873754112
6	282677873770496
6	282677903245312
6	282677936652288
6	282677936652352
6	282677936652416
6	282678104686592
6	282678104702976
6	282678104719360
6	282678104965120
6	282678171533312
6	282678175727616
6	282678175744000
6	282678175760384
6	282678179921920
6	282678179954688
6	282679178166272
6	282679178690560
6	282679178723328
6	282679312384000
6	282711995453448
6	282712195859520
6	282712196268032
6	282712329945152
6	282729108345856
6	282729124073536
6	282729124990984
6	282729128267776
6	282729128288256
6	282729141780480
6	282729142030336
6	282729142050816
6	282729175453696
6	282729175454272
6	282729175474176
6	282729208877056
6	282729208877120
6	282729208877184
6	282729208881216
6	282729242431488
6	282729375744000
6	282729376014336
6	282729377972736
6	282729379938816
6	282729409151040
6	282729409421376
6	282729413345280
6	282729413361664
6	282729413378048
6	282729442844736
6	282729511927808
6	282746288347136
6	282746288357888
6	282746304073856
6	282746304077888
6	282746308034560
6	282746308530176
6	282746308550656
6	282746320851008
6	282746321900544
6	282746324795392
6	282746354274368
6	282746355220480
6	282746355716096
6	282746355736576
6	282746356252672
6	282746358468608
6	282746358489088
6	282746388758528
6	282746422312960
6	282746593230848
6	282746622574720
6	282746622705728
6	282746622722048
6	282746623107136
6	282746624688128
6	282746626801664
6	282746630963200
6	282746630995968
6	282746656129088
6	282746689683520
6	282746693877760
6	282746693894144
6	282746693910528
6	282746962329600
6	282849434411016
6	282849701789736
6	282850440519680
6	282850574204960
6	282857957496832
6	282857957507584
6	282857973223552
6	282857973235744
6	282857977679872
6	282857977700352
6	282857991050240
6	282858024341512
6	282858024370176
6	282858024484864
6	282858024865792
6	282858024886272
6	282858025402368
6	282858027618304
6	282858027638784
6	282858057908224
6	282858057908352
6	282858061053984
6	282858091462656
6	282858291724416
6	282858291871744
6	282858291871872
6	282858292264992
6	282858293837824
6	282858295951360
6	282858300112896
6	282858300145664
6	282858363027456
6	282858363043840
6	282858363060224
6	282858631479296
6	282883727168512
6	282883743027232
6	282883744874496
6	282883760603136
6	282883794149376
6	282883827699712
6	282883827699840
6	282883827712032
6	282883994566656
6	282883994689536
6	282883998761472
6	282884028252192
6	282884032167936
6	282884032184320
6	282884032200704
6	282884061528096
6	282884061675552
6	282884063625216
6	282884063641600
6	282884063657984
6	282884130750464
6	282885336596480
6	282986822504448
6	282986839019520
6	282986906910720
6	282986906914816
6	282986906914824
6	282986906927104
6	282986906943488
6	282986907975680
6	282987073766400
6	282987074036736
6	282987107450880
6	282987107467264
6	282987107483648
6	282987107729408
6	282987140890624
6	282987174297600
6	282987174297728
6	282987207852032
6	282988550029312
6	283021166384640
6	283021181861888
6	283021182111744
6	283021182132224
6	283021182899200
6	283021183031296
6	283021183042048
6	283021183293440
6	283021183296512
6	283021198757888
6	283021199807488
6	283021199808512
6	283021266649088
6	283021266653184
6	283021266665472
6	283021266681856
6	283021267177472
6	283021267197952
6	283021267714048
6	283021500628992
6	283021504823808
6	283021534035968
6	283021534036096
6	283021536149504
6	283021538230272
6	283021538246656
6	283021538263040
6	283021542424576
6	283021542457344
6	283021567590400
6	283022909767680
6	283124277972992
6	283124380483584
6	283691249045504
6	283691515379744
6	283759916236800
6	283759916617728
6	283759934444544
6	283759966556160
6	283759967606784
6	283760001028104
6	283760002088960
6	283760008368128
6	283760234987520
6	283760235003904
6	283760235020288
6	283760235388928
6	283760268411008
6	283777180909568
6	283777184043008
6	283777381449728
6	283777385366528
6	283777414873088
6	283777448280128
6	283828924989440
6	283828958535680
6	283846142607360
6	283948878401536
6	283948947079168
6	283948947083264
6	283948947083272
6	283948947095552
6	283948947111936
6	283948953374720
6	283948953378816
6	283949020483584
6	283949148406784
6	283949213417600
6	283983238796288
6	283983255438368
6	283983255470080
6	283983256502272
6	283983258591232
6	283983262781440
6	283983275364352
6	283983306821632
6	283983339327488
6	283983506194432
6	283983508145152
6	283983543795712
6	283983543796768
6	283983543812096
6	283983543828480
6	283983548006400
6	283983575252992
6	283983575269376
6	283983575285760
6	283983577358336
6	283983581552640
6	283984848224256
6	284086421688320
6	284086619095040
6	284086623011840
6	284086652518400
6	284120694659072
6	284120694920192
6	284120697672704
6	284120711435264
6	284120778293248
6	284120781426688
6	284121012256768
6	284121049858048
6	284121049874432
6	284121049890816
6	284121054068736
6	284223894196224
6	285950437494784
6	285950634901504
6	285950672372224
6	285950701731904
6	285976204152832
6	286148177953280
6	286148975009792
6	286148976968192
6	286156492378624
6	286156508893192
6	286156508921856
6	286156509954048
6	286156512043008
6	286156516233216
6	286156528816128
6	286156564468224
6	286156592779264
6	286156759646208
6	286156759769088
6	286156763693568
6	286156763841024
6	286156797247488
6	286156797263872
6	286156797280256
6	286156801458176
6	286156830802464
6	286156830810112
6	286156835004416
6	286158101676032
6	286182567059456
6	286285357006848
6	286285357387776
6	286285357910016
6	286285361054208
6	286285373902848
6	286285407326208
6	286285408240128
6	286285444943872
6	286285444947968
6	286285449138176
6	286285608780288
6	286285646268416
6	286285677725696
6	286285679821312
6	286285684015616
6	286285709180928
6	286285742735360
6	286286447378432
6	286287084912640
6	286319717913088
6	286319801536512
6	286320071032832
6	286320073121792
6	288140766351360
6	288140782862400
6	288140783779848
6	288140791119872
6	288140867666048
6	288140868714560
6	288141034913792
6	288141068206208
6	288141068468288
6	288141072138248
6	288141101629504
6	288141109886976
6	288141176995840
6	288141378322432
6	288142377091072
6	288175143665664
6	288175144046592
6	288175144833024
6	288175160561664
6	288175232651264
6	288175430057984
6	288175431876608
6	288175496888384
6	288209829363712
6	288209892278272
6	288210093604864
6	288347262025728
6	288484363735040
6	288484364785664
6	288484380512256
6	288484381310976
6	288484381429768
6	288484381458432
6	288484381687808
6	288484381691904
6	288484381704192
6	288484381720576
6	288484382474240
6	288484382478336
6	288484382478344
6	288484382490624
6	288484382507008
6	288484382752768
6	288484384456704
6	288484384837632
6	288484386408448
6	288484388503552
6	288484401086464
6	288484401614848
6	288484434776064
6	288484465049600
6	288484470292480
6	288484470296576
6	288484470296584
6	288484470308864
6	288484470325248
6	288484632182784
6	288484632297472
6	288484665589760
6	288484667703296
6	288484669521920
6	288484670046208
6	288484670062592
6	288484670078976
6	288484703207424
6	288484703223808
6	288484703240192
6	288484703608832
6	288484705175552
6	288484707270656
6	288484736630784
6	288484740825088
6	288484774379520
6	288484971511808
6	288484975706112
6	288486116556800
6	288518741049344
6	288518741299200
6	288518741319680
6	288518741430272
6	288518742216704
6	288518830034944
6	288519027441664
6	288519029260288
6	288519098466304
6	288519098482688
6	288519098499072
6	288621803487232
6	288621803868160
6	288621804654592
6	288621942804480
6	288622079115264
6	288622343356416
6	288623421292544
6	290683755692032
6	290822436159488
6	299076021257280
6	299076021387840
6	299076025321472
6	299076029514752
6	299076293755904
6	299092950385216
6	299092950417408
6	299092951449600
6	299093203092480
6	299093203362816
6	299093203370496
6	299093207287296
6	299093236646976
6	299093238743040
6	299093238744096
6	299093238759424
6	299093238775808
6	299093242953728
6	299093272305664
6	299101793027072
6	299204937252872
6	299221798502400
6	299221799405568
6	299221802549760
6	299221816181760
6	299221849735680
6	299222050145280
6	299222050275840
6	299222052374016
6	299222054340096
6	299222083829760
6	299222083846144
6	299222083862528
6	299222084108288
6	299222087762944
6	299222087763968
6	299222091957248
6	299222117253120
6	299222117253696
6	299222117269504
6	299222117285888
6	299222117654528
6	299222119221248
6	299222121316864
6	299222125511168
6	299222150676480
6	299222150676544
6	299222150676608
6	299222184230912
6	299222888873984
6	299223526408192
6	299239267632128
6	299239301186048
6	299239330545728
6	299350936781824
6	299350966288384
6	299350970335744
6	299479848714240
6	299479848714248
6	299514208452608
6	301283703521280
6	301403964702728
6	301420822791232
6	301420822953984
6	301420823199744
6	301420823986176
6	301420825952256
6	301420827902976
6	301421073678336
6	301421075629056
6	301421077595136
6	301421109183552
6	301421111558144
6	301421144702976
6	301421144719360
6	301421144735744
6	301421145104384
6	301421146671104
6	301421148766208
6	301421178126336
6	301421413007360
6	301541065098240
6	301541081743368
6	301541133123584
6	301541332877312
6	301541370101768
6	301541401559040
6	301541401559048
6	301541407850496
6	301541474959360
6	301541676285952
6	301542675054592
6	301575441629184
6	301575729840128
6	301575731938304
6	301575761297408
6	301678520057856
6	301678520961024
6	301678521222144
6	301678522008576
6	301678523974656
6	301678537737216
6	301678607728640
6	301678771700736
6	301678838939648
6	301678876164096
6	301678876164104
6	301713235902464
6	301816285757440
6	301816348672000
6	301816549998592
6	303474134876224
6	303474143133696
6	303474206048256
6	303499906646016
6	303637381251072
6	303740087574528
6	303740088746496
6	303740091499008
6	303741163536896
6	303748678418944
6	303748678566400
6	303748695080960
6	303748695196160
6	303748695196288
6	303748695203840
6	303748695228416
6	303748695457792
6	303748695474176
6	303748695490560
6	303748696522752
6	303748698210304
6	303748698226688
6	303748698243072
6	303748698611712
6	303748702273536
6	303748714856448
6	303748748550144
6	303748750508544
6	303748778819584
6	303748983291904
6	303749012783104
6	303749016977408
6	303749016977920
6	303749016978048
6	303749016985600
6	303749016993792
6	303749017010176
6	303749017371168
6	303749017378816
6	303749018944000
6	303749021040640
6	303749050400768
6	303749054595072
6	303749088149504
6	303749750980608
6	303749792792576
6	303750430326784
6	303774464884736
6	303774464901120
6	303774464999968
6	303774465007616
6	303774465269760
6	303774466056192
6	303774468022272
6	303774469980672
6	303774715748352
6	303774717706752
6	303774719672832
6	303774753095680
6	303774757289984
6	303774788747776
6	303774818107392
6	303775556304896
6	303877544215040
6	303877627838464
6	303877828378624
6	303877861801984
6	303877899419648
6	303877903613952
6	303911903953408
6	303911904100864
6	303911987576832
6	303912221540352
6	303912225735168
6	303912259158016
6	303912259690496
6	303912263352320
6	304014966391296
6	304015002828800
6	304015640363008
6	304016038952960
6	304016080764928
6	304016175136768
6	305698610217024
6	305698615328768
6	305698863054848
6	305699001204736
6	305836049448960
6	305836371083264
6	305939128778752
6	305939131531264
6	305939178717184
6	305973845557248
6	306076567601152
6	306076567617536
6	306076567633920
6	306076567732224
6	306076568518656
6	306076656336896
6	306076818210816
6	306076856090624
6	306076889251840
6	306076924772352
6	306076924772360
6	306110927339520
6	306110927355904
6	306110927372288
6	306110927470592
6	306111016075264
6	306111248990208
6	306111284510720
6	306111285035008
6	306111285051392
6	306111285067776
6	306213989793792
6	306213989810176
6	306214006685696
6	306214011404288
6	306214023200768
6	306214061735936
6	306214128844800
6	306214259130368
6	306214397280256
6	308413049339904
6	308413548724224
6	308413623959552
6	308414622728192
6	321333382610944
6	396373960163328
6	563035869814784
6	563035873739264
6	563035920925184
6	564135365706240
6	564135382483456
6	564135382483520
6	564135382483584
6	564135382491136
6	564135382515712
6	564135382745664
6	564135382777856
6	564135385899008
6	564135437795840
6	564152562630656
6	564152563417088
6	564152565764096
6	564152567333888
6	564152815059968
6	564152888197120
6	564153152438272
6	564359008878592
6	564359040335872
6	564496514940928
6	565234910893056
6	565234977751040
6	565235245121600
6	565424190128256
6	565458551980032
6	565596026585088
6	567416988107264
6	567451180863488
6	567623150469632
6	567760333840384
6	567760334098432
6	567760350613504
6	567760585490944
6	567760622979072
6	567760656531968
6	567760685891584
6	567760719446016
6	567760920772608
6	567762061623296
6	567794694623744
6	567794778247168
6	567795047743488
6	567795049832448
6	567899366359040
6	569615844376640
6	569616044916800
6	569616086597632
6	569616149512192
6	569616350838784
6	569822207279104
6	569822238736384
6	569959358140424
6	569959358169088
6	569959358414848
6	569959359201280
6	569959361548288
6	569959680319488
6	569959681886208
6	569959683981312
6	569959713341440
6	569959948222464
6	569994075193344
6	580559591965184
6	580697060556800
6	580697064473600
6	580697098027520
6	580697127387200
6	583016384561152
6	583016447475712
6	583016648802304
6	584974883356672
6	585112357961728
6	585215065195008
6	585215065457152
6	585249441710624
6	585249441718272
6	585249441980416
6	585249442766848
6	585249446691328
6	585249694417408
6	585249729806336
6	585249734000640
6	585249765458432
6	585249794818048
6	585250533015552
6	585352520925696
6	585352604549120
6	585352805089280
6	585352876130304
6	585352880324608
6	585386880664064
6	585386964287488
6	585387235868672
6	585387236401152
6	585387240062976
6	585489943101952
6	585489966956544
6	585489979539456
6	585490010996736
6	585490077057024
6	585490285723648
6	585490348638208
6	585490352832512
6	585490617073664
6	585491057475584
6	585491151847424
6	587414105489408
6	587414122004480
6	587448822267904
6	587586261762048
6	587689038446592
6	1127076745839680
6	1127076746248192
6	1127076749000704
6	1127076750951424
6	1127077000643584
6	1127102518792192
6	1127102803869696
6	1127282907418624
6	1127282954604544
6	1127283192496128
6	1127283223953408
6	1127411837042688
6	1127412071006208
6	1130375364481024
6	1130581725298688
6	1130710605897728
6	1132566033727488
6	1132909311442944
6	1132909311823872
6	1132909314576384
6	1132909599653888
6	1132909633347584
6	1143768044667392
6	1143775577653248
6	1143775578556416
6	1143775595332608
6	1143775628886528
6	1143775896403968
6	1143775896420352
6	1143775896436736
6	1143775896805376
6	1143775898372096
6	1143775929827328
6	1143775929827456
6	1143775963381760
6	1143776668024832
6	1143777305559040
6	1143904778846208
6	1143939138584576
6	1144042955997184
6	1145863254720512
6	1145965995230208
6	1145966011875336
6	1145966019215360
6	1145966063255552
6	1145966263009280
6	1145966329724928
6	1145966331691008
6	1145966337982464
6	1145966405091328
6	1145966606417920
6	1145967067922432
6	1145967109734400
6	1145967204106240
6	1145967605186560
6	1146000371761152
6	1146000659972096
6	1146000691429376
6	1146000693665792
6	1146000727080992
6	1146103451354112
6	1146103454106624
6	1146103537860608
6	1146103769071616
6	1146103772874752
6	1146103806296064
6	1146138166034432
6	1146241278803968
6	1146241480130560
6	1147899066974208
6	1148173625212928
6	1148173625229312
6	1148173625597952
6	1148173628350464
6	1148173630308864
6	1148173880001024
6	1148173913423872
6	1148173917618176
6	1148173947109920
6	1148173947117568
6	1148173949075968
6	1148173978435584
6	1148174716633088
6	1148302474217472
6	1148302474609152
6	1148302477361664
6	1148302524547584
6	1148302557970432
6	1148302559019008
6	1148302758772736
6	1148302791933952
6	1148302829551616
6	1148302833745920
6	1148337187192832
6	1148441004605440
6	1150501497864192
6	1150501500616704
6	1150501586468864
6	1150501786222592
6	1150501819383808
6	1150501854904320
6	1150501854904328
6	1150536214642688
6	1150638941536256
6	1150639191228416
6	1150639327412224
6	1165758312742912
6	1196407197270016
6	1688918580790784
6	1688918596518464
6	1688918596521992
6	1688918596550656
6	1688918848178176
6	1688952957310976
6	1688952957314048
6	1688952958358528
6	1688952974087168
6	1688953241485312
6	1689262194951680
6	1689262277791744
6	1689262479115264
6	1690018092419072
6	1690018109194248
6	1690018109194816
6	1690018109194824
6	1690018109195392
6	1690018109196288
6	1690018109196416
6	1690018109198344
6	1690018109210632
6	1690018109227008
6	1690018110243968
6	1690018110244928
6	1690018110259208
6	1690018112341024
6	1690018112344072
6	1690018112372736
6	1690018116567040
6	1690018129118240
6	1690018129121288
6	1690018129149952
6	1690018359803912
6	1690018360328768
6	1690018360360960
6	1690018361902088
6	1690018364000256
6	1690018368194560
6	1690018632435712
6	1690019701981192
6	1690052468933184
6	1690052468965376
6	1690052469460992
6	1690052469461568
6	1690052469481472
6	1690052469997568
6	1690052474180608
6	1690052474181632
6	1690052474184704
6	1690052476276736
6	1690052488859648
6	1690052490957824
6	1690052552822784
6	1690052721640448
6	1690052725835264
6	1690052755194944
6	1690052757291008
6	1690052757292064
6	1690052757307392
6	1690052757323776
6	1690052761501696
6	1690052790853632
6	1690054061719552
6	1690086829720640
6	1690086831820808
6	1690086831849472
6	1690086836027392
6	1690086845449280
6	1690086848610304
6	1690086879003200
6	1690086879006728
6	1690086879035392
6	1690086880067584
6	1690086946127872
6	1690087079821312
6	1690087083476992
6	1690087087670272
6	1690087146389632
6	1690087213498432
6	1690087351911424
6	1690087414825024
6	1690121193657344
6	1690121272299584
6	1690121476784128
6	1690121508241408
6	1690121510330368
6	1690224270778368
6	1690224317964288
6	1690224522428928
6	1690224585343008
6	1690361706057728
6	1690361706579968
6	1690361707627520
6	1690361711822336
6	1690361723356160
6	1690361790464000
6	1690361790468096
6	1690361790468104
6	1690361790480384
6	1690361790496768
6	1690361791528960
6	1690361793613824
6	1690361797808128
6	1690361991282688
6	1690361994937344
6	1690361994938368
6	1690361999131648
6	1690362028491264
6	1690362057850880
6	1690362057851008
6	1690362091405312
6	1690362292731904
6	1690363433582592
6	1690396150206464
6	1690396419702784
6	1690499152875520
6	1690499165458432
6	1690499262976000
6	1690499398239232
6	1690500738318336
6	1691323799179264
6	1691323830636544
6	1691324031960064
6	1691325372039168
6	1691461305241600
6	1691461506565120
6	1695515667337224
6	1695515667365888
6	1695515668398080
6	1695515684126720
6	1695515751223296
6	1695515751223360
6	1695515751223424
6	1695515751227456
6	1695515784777728
6	1695515951497280
6	1695515955691520
6	1695515955707904
6	1695515955724288
6	1695515987165184
6	1695516018606176
6	1695516054274048
6	1695517260120064
6	1695584675184640
6	1695584706641920
6	1695859264720904
6	1695859264749568
6	1695859265245184
6	1695859265265664
6	1695859265781760
6	1695859348606976
6	1695859353849856
6	1695859553075200
6	1695859553091584
6	1695859553107968
6	1695859618103296
6	1695860857503744
6	1695996956393472
6	1697714974769152
6	1706442314744384
6	1706476676580352
6	1706579757893120
6	1706579787252800
6	1706579820806152
6	1706579820806720
6	1706579820838912
6	1706579887931392
6	1706580089257984
6	1706614151185408
6	1706614184739328
6	1706614214099008
6	1706717259767808
6	1706854380996096
6	1706854665159680
6	1706854732267520
6	1706854732267528
6	1706854732283904
6	1706854732300288
6	1706889092005888
6	1706992204775424
6	1706992406102016
6	1708641405108352
6	1708641472217152
6	1708675766960128
6	1708675769049088
6	1708778848256008
6	1708778848288768
6	1708778852466688
6	1708779116707840
6	1708813208027136
6	1708813208543232
6	1708813210109952
6	1708813241565184
6	1708915948521472
6	1708915949052928
6	1708915965296648
6	1708915965297696
6	1708915965297704
6	1708915965297792
6	1708915965298688
6	1708915965298816
6	1708915965313032
6	1708915965329408
6	1708915966361600
6	1708915966361608
6	1708915968450560
6	1708915968475136
6	1708915972636672
6	1708915972669440
6	1708915982074880
6	1708915985219584
6	1708915985235968
6	1708915985252352
6	1708916015661056
6	1708916016676864
6	1708916016693248
6	1708916016709632
6	1708916018782208
6	1708916022976512
6	1708916082753536
6	1708916216430592
6	1708916218004480
6	1708916253655040
6	1708916253655048
6	1708916253656096
6	1708916253671424
6	1708916253687808
6	1708916257865728
6	1708916283015296
6	1708916285112320
6	1708916285112328
6	1708916285114368
6	1708916285114496
6	1708916285128704
6	1708916285128712
6	1708916285145088
6	1708916287217664
6	1708916287242240
6	1708916291403776
6	1708916291411968
6	1708916291436544
6	1708916316569600
6	1708916316569728
6	1708916350124032
6	1708916354318336
6	1708916354334720
6	1708916354351104
6	1708916358512640
6	1708916358529024
6	1708916358545408
6	1708916555644928
6	1708916559839232
6	1708916622753792
6	1708916622770176
6	1708916622786560
6	1708917054767104
6	1708917558083584
6	1708917558607872
6	1708917692301312
6	1708918094954496
6	1708950325036064
6	1708950325067776
6	1708950325583872
6	1708950326099968
6	1708950328188928
6	1708950330287104
6	1708950577742848
6	1708950613393408
6	1708950613394464
6	1708950613409792
6	1708950613426176
6	1708950615491584
6	1708950617604096
6	1708950644850688
6	1708950644867072
6	1708950644883456
6	1708950646956032
6	1708950649055232
6	1708950651150336
6	1708950678421504
6	1708950680510464
6	1708950680518688
6	1708951917821952
6	1709053404775424
6	1709053488152576
6	1709053491281920
6	1709053692609536
6	1709053722492928
6	1709053759717376
6	1709053759717384
6	1709053759733760
6	1709053759750144
6	1709053763928064
6	1709087847890944
6	1709088119455744
6	1709088119472128
6	1709088119488512
6	1709088120004608
6	1709088121571328
6	1709190846382080
6	1709190863142912
6	1709190893568000
6	1709190894600192
6	1709190896689152
6	1709190960660480
6	1709191165149184
6	1709191169310720
6	1709191169343488
6	1709191232225280
6	1709191232241664
6	1709191232258048
6	1709191236435968
6	1709191433551872
6	1709191500677120
6	1710840428363808
6	1710977871512064
6	1710977900871744
6	1711114988552832
6	1711114988560392
6	1711114988584960
6	1711114989633536
6	1711114991698464
6	1711114991706112
6	1711114995900416
6	1711115008483328
6	1711115239694336
6	1711115241261056
6	1711115243356672
6	1711115247550976
6	1711115310465568
6	1711115310473216
6	1711115314667520
6	1711115339825184
6	1711115381776384
6	1711116046565888
6	1711116080152576
6	1711116086419456
6	1711149634568192
6	1711149636657152
6	1711252427507712
6	1711252428046848
6	1711252430651904
6	1711252477837824
6	1711252511391744
6	1711252511408128
6	1711252511424512
6	1711252512456704
6	1711252514545664
6	1711252712210432
6	1711252715866112
6	1711252745756672
6	1711252747323392
6	1711252749419008
6	1711252753613312
6	1711252778778624
6	1711252778778752
6	1711252782972928
6	1711252782981120
6	1711252782981128
6	1711252782989312
6	1711252783005696
6	1711252787167232
6	1711252787183616
6	1711252787200000
6	1711252812333056
6	1711253013659648
6	1711253516976128
6	1711254154510336
6	1711287140630528
6	1711287142719488
6	1711389866491904
6	1711389867524096
6	1711389869613056
6	1711389883252736
6	1711389916798976
6	1711390121263616
6	1711390192574464
6	1711390255489024
6	1711391459246080
6	1713039133900928
6	1713039134949440
6	1713039150678080
6	1713039392899072
6	1713039520825408
6	1713039657140224
6	1713040735076352
6	1713176573394944
6	1713176656740416
6	1713176898961408
6	1713176928321536
6	1713176928321664
6	1713176961875968
6	1713177163202560
6	1713211290173440
6	1713314300166144
6	1713314331623424
6	1713314367275040
6	1713451450761224
6	1713451451285504
6	1713451451301888
6	1713451451318272
6	1713451452350464
6	1713451456006144
6	1713451458101248
6	1713451470684160
6	1713451534647296
6	1713451539890176
6	1713451539906560
6	1713451539922944
6	1713451701895168
6	1713451739119616
6	1713451739119624
6	1713451739643904
6	1713451739660288
6	1713451739676672
6	1713451773206528
6	1713451774773248
6	1713451776868352
6	1713451806228480
6	1713451808325632
6	1713451808325640
6	1713451808327680
6	1713451808327808
6	1713451808342016
6	1713451808342024
6	1713451808358400
6	1713451810422784
6	1713451843977216
6	1713452041109504
6	1713452045303808
6	1713453044072448
6	1713453186154496
6	1713486098857984
6	1713486168064000
6	1713486168080384
6	1713486168096768
6	1713486168612864
6	1713588894957568
6	1713588894973952
6	1713588894990336
6	1713588911751168
6	1713589142962176
6	1713589146617856
6	1713589148712960
6	1713589178073088
6	1713589280833536
6	1713589280849920
6	1713589280866304
6	1713589412954112
6	1713590490890240
6	1715650825289728
6	1715787913003008
6	1715787914035200
6	1715789505757184
6	1724309127069696
6	1724309143830528
6	1724309378697216
6	1724309714239488
6	1724309714255872
6	1724309714272256
6	1724309781364736
6	1724310217555968
6	1724343772004352
6	1728707174629376
6	1728707175661568
6	1728707175677952
6	1728707192438784
6	1728707427305472
6	1728708266164224
6	1728708266196992
6	1728708767383552
6	1728741820612608
6	1728982052536320
6	1728982053568512
6	1728982069297152
6	1728983645290496
6	1794402977581056
6	1794437354127360
6	1794952750172160
6	1794953134997504
6	1794953336324096
6	1794954477174784
6	1803749131550720
6	2253311743885312
6	2269804685688832
6	2271866207076352
6	2271866238533632
6	2272003713138688
6	2274202464813056
6	2274202736394240
6	2274202740588544
6	2276401493311488
6	2276401761746944
6	2276538848378880
6	2287260170977280
6	2291658219585536
6	4504724927942656
6	4504854060072960
6	4504854093496320
6	4521200672049152
6	4521200738893832
6	4521200940483584
6	4521217600143360
6	4521217851786240
6	4521217852056576
6	4521217885470720
6	4521217885471776
6	4521217885487104
6	4521217885503488
6	4521217885749248
6	4521217918910464
6	4521217952317440
6	4521217952317504
6	4521217952317568
6	4521217985871872
6	4521218187198464
6	4521219328049152
6	4521226777133056
6	4521346734490624
6	4521346734491648
6	4521346767915008
6	4521346801336320
6	4521346801336328
6	4521363914359808
6	4521475583509504
6	4521501420158976
6	4523408033448000
6	4523408033579040
6	4523408041705472
6	4523408085745664
6	4523408285499392
6	4523408318791808
6	4523408319053888
6	4523408322723848
6	4523408352215040
6	4523408352215104
6	4523408352215168
6	4523408352608288
6	4523408354181120
6	4523408354181128
6	4523408360472576
6	4523408427581440
6	4523408628908032
6	4523409090412544
6	4523409132224512
6	4523409226596352
6	4523409627676672
6	4523425540341760
6	4523425603256320
6	4523425804582912
6	4523545472679936
6	4523545474630656
6	4523545476596736
6	4523545560350720
6	4523545724322816
6	4523545762202624
6	4523545791561728
6	4523545795364864
6	4523545825116224
6	4523545828786176
6	4523545828786184
6	4523666050646016
6	4523666319081472
6	4523666822397952
6	4523700376567808
6	4523700409991168
6	4523700447608832
6	4523700451803136
6	4525598785536064
6	4525598793793536
6	4525598856708096
6	4525599058034688
6	4525624557305856
6	4525762031910912
6	4525873630019584
6	4525873663442944
6	4525873667637760
6	4525873701060608
6	4525873705254912
6	4525899468767232
6	4526002546409472
6	4527789424771072
6	4527823265988608
6	4527823513714688
6	4527823651864576
6	4527926339305536
6	4527926343630848
6	4527926393569280
6	4527926930833408
6	4527961021743104
6	4528063780225024
6	4528063782191104
6	4528064029917184
6	4528098496217088
6	4528338658131968
6	4528338907824128
6	5067666289332256
6	5067666293268480
6	5067666540994560
6	5067666607833120
6	5067803730383872
6	5067803816103936
6	5067804013510656
6	5067804017427456
6	5067804050981376
6	5067804080341056
6	5067924239024640
6	5068061711533056
6	5071360313262080
6	5073421834649600
6	5073421866106880
6	5073559340711936
6	5084159215403520
6	5084296687911936
6	5084451373580288
6	5086341125636168
6	5086341327225920
6	5086357987008576
6	5086357987016736
6	5086357990965248
6	5086358007726080
6	5086358039183360
6	5086358238659616
6	5086358238691328
6	5086358238937088
6	5086358272213056
6	5086358272214112
6	5086358272229376
6	5086358272229504
6	5086358276161536
6	5086358276161544
6	5086358305505408
6	5086358306037824
6	5086358306045984
6	5086358307618816
6	5086358307618824
6	5086358309732352
6	5086358313893888
6	5086358313926656
6	5086358339059776
6	5086358372614208
6	5086358376808448
6	5086358376824832
6	5086358376841216
6	5086358507110400
6	5086358573940800
6	5086358578135040
6	5086358578151424
6	5086358578167808
6	5086358645260288
6	5086375489601536
6	5086375556694016
6	5086375758020608
6	5086495513788416
6	5086495711167552
6	5086495744999424
6	5086495782223872
6	5086495782223880
6	5086615685039136
6	5086615685070848
6	5086615685316608
6	5086615701831680
6	5086615936698368
6	5086616003543048
6	5086616004067328
6	5086616004083712
6	5086616004100096
6	5086616205132800
6	5086616272519168
6	5086616875958272
6	5086650330005504
6	5086650401030144
6	5086650401046528
6	5086650401062912
6	5086890881990656
6	5088539813617664
6	5088539830124672
6	5088540081782792
6	5088540148891776
6	5088540216000640
6	5088540350513152
6	5088540354414592
6	5088540417327232
6	5088541423960072
6	5088574191976448
6	5088574194065408
6	5088574441791488
6	5088574475075648
6	5088574510727168
6	5088574510743552
6	5088574512832512
6	5088574542184544
6	5088574577852416
6	5088574579941376
6	5088575783698432
6	5088677269340736
6	5088677269372928
6	5088677269618688
6	5088677273274368
6	5088677286133760
6	5088677323604480
6	5088677352964160
6	5088677521000448
6	5088677587845128
6	5088677592041472
6	5088677621399616
6	5088677621399624
6	5088677856821248
6	5088677860476928
6	5088711914307584
6	5088711951778304
6	5088711981137984
6	5088711985332224
6	5088711985348608
6	5088711985364992
6	5088711989542912
6	5088814708301824
6	5088814712226304
6	5088814959952384
6	5088815030993408
6	5088815035187712
6	5088815060353152
6	5088849422188544
6	5088849422204928
6	5088849424293888
6	5088952432461824
6	5088952499306496
6	5088952499306504
6	5088952499830784
6	5088952499847168
6	5088952499863552
6	5088952503502848
6	5088986859044864
6	5089089586208768
6	5089089837859328
6	5089089938259968
6	5089089971814400
6	5089090173140992
6	5089091313991680
6	5090738838978560
6	5090738853642336
6	5090738857574528
6	5090738905808960
6	5090738907906080
6	5090739105300608
6	5090739105562688
6	5090739109232648
6	5090739243450368
6	5090739243450496
6	5090739373736000
6	5090739378208768
6	5090739444776960
6	5090739444777088
6	5090739918733312
6	5090773219426304
6	5090773467152384
6	5090773533982784
6	5090773536079904
6	5090773605302272
6	5090876297068544
6	5090876611625024
6	5090876615294984
6	5090876884271104
6	5091013731549216
6	5091013733646336
6	5091013733662720
6	5091013733679104
6	5091013733924864
6	5091013736013824
6	5091013737580544
6	5091013739675648
6	5091013750439936
6	5091013752258560
6	5091013783715840
6	5091013819367456
6	5091013983469568
6	5091013985306624
6	5091014016761856
6	5091014016761984
6	5091014020694016
6	5091014020694024
6	5091014050578464
6	5091014052151296
6	5091014052151304
6	5091014058442752
6	5091014087802880
6	5091014087802912
6	5091014087802920
6	5091014087803008
6	5091014091997184
6	5091014121357312
6	5091014125551616
6	5091014251642880
6	5091014322683904
6	5091014326878208
6	5091014389792768
6	5091014830194688
6	5091014924566528
6	5091015325646848
6	5091015467728896
6	5091048378613760
6	5091048380432384
6	5091048411889664
6	5091048447541280
6	5091048449638400
6	5091048449654784
6	5091048449671168
6	5091151258320896
6	5091151489531904
6	5091151526756352
6	5091151526756360
6	5091185886494720
6	5091288611569664
6	5091288936349696
6	5091288999264256
6	5091289200590848
6	5092938262511680
6	5092938397007872
6	5092938463838272
6	5093212754812928
6	5093213140418560
6	5093213341745152
6	5093213845061632
6	5093214482595840
6	5101751736745984
6	5106132603371584
6	5106407279951872
6	5106407481278464
6	5106407984594944
6	5106408622129152
6	5629783018968064
6	5629783102722048
6	5629783337599488
6	5630607653081152
6	5630607656748064
6	5630607656779776
6	5630607660957696
6	5630607673540608
6	5630607703019584
6	5630607704997888
6	5630607971319936
6	5630608038428736
6	5630633424470016
6	5630633426558976
6	5630633443332096
6	5630633474789376
6	5630633674162176
6	5630633707569216
6	5630633741123616
6	5630770865640448
6	5630770949394432
6	5630771180224512
6	5630771184271872
6	5630771213631552
6	5630873948914176
6	5630873990995968
6	5630873992954368
6	5630874024411168
6	5630874997621248
6	5630882530607104
6	5630882530988032
6	5630882534654464
6	5630882534790144
6	5630882534791168
6	5630882534801920
6	5630882535182848
6	5630882580926464
6	5630882585121280
6	5630882616459264
6	5630882618544128
6	5630882618548224
6	5630882622738432
6	5630882849357824
6	5630882849374208
6	5630882849390592
6	5630882849759232
6	5630882853421568
6	5630882857615872
6	5630882882781184
6	5630882882781312
6	5630882916335616
6	5630883620978688
6	5630884258512896
6	5630908386250752
6	5630908587574272
6	5630908619169792
6	5630908621128192
6	5630908652584992
6	5631011731800064
6	5631046091538432
6	5631148868898816
6	5631149908951040
6	5631973502619648
6	5633906239868928
6	5633906439241728
6	5633906472648768
6	5633906506203168
6	5634035422330880
6	5634036126973952
6	5634181151330304
6	5634181384249344
6	5634181386207744
6	5634181417664544
6	5634310233260544
6	5634310266683392
6	5636234378608704
6	5636234386866176
6	5636234449780736
6	5636234651107328
6	5636371792265216
6	5636371817562144
6	5636371819528192
6	5636371886637056
6	5636372591280128
6	5636509256515584
6	5636509294133248
6	5636509298327552
6	5636646697435136
6	5638708313194496
6	5647375557197824
6	5649565957095424
6	5651489766900288
6	5651489766932480
6	5651489767301120
6	5651489800323200
6	5651490169421856
6	5651490840642048
6	5651490840642176
6	5651490840643616
6	5651490840649728
6	5651490840674304
6	5651490841042944
6	5651490874064928
6	5651490874065024
6	5651498356850688
6	5651498361045504
6	5651498373480576
6	5651498373611584
6	5651498373627904
6	5651498373628032
6	5651498374012992
6	5651498374021152
6	5651498375593984
6	5651498377707520
6	5651498381869056
6	5651498381901824
6	5651498394451968
6	5651498394468352
6	5651498394484736
6	5651498423959584
6	5651498425909248
6	5651498425925632
6	5651498425942016
6	5651498625286144
6	5651498658693184
6	5651498692247584
6	5651498692378624
6	5651498692378688
6	5651498692378752
6	5651498692379200
6	5651498692386880
6	5651498692395008
6	5651498692395040
6	5651498692411392
6	5651498692771872
6	5651498692780032
6	5651498694344704
6	5651498694361088
6	5651498694377472
6	5651498696474624
6	5651498700636160
6	5651498700668928
6	5651498725801984
6	5651498725802048
6	5651498725802080
6	5651498725802112
6	5651498759356416
6	5651498761469952
6	5651498763550720
6	5651498763583488
6	5651498767745024
6	5651498767777792
6	5651499031986176
6	5651499430576128
6	5651499430608896
6	5651499430977536
6	5651499463999488
6	5651499463999616
6	5651499472388096
6	5651499472420864
6	5651499566759936
6	5651499566792704
6	5651499967315968
6	5651500101533696
6	5651500504186880
6	5651524143423552
6	5651524143431712
6	5651524145397760
6	5651524145414144
6	5651524162174976
6	5651524195721216
6	5651524395074112
6	5651524395089920
6	5651524395106304
6	5651524395474944
6	5651524428496960
6	5651524428497024
6	5651524462051360
6	5651524464148480
6	5651524464156672
6	5651524495605792
6	5651524529160224
6	5651524531257344
6	5651525200388096
6	5651525233803296
6	5651525235900416
6	5651525235933184
6	5651525336571904
6	5651525737119744
6	5651627222646784
6	5651627574820864
6	5651627574820928
6	5651627574820992
6	5651627608375296
6	5651628313018368
6	5651628950552576
6	5651661582385152
6	5651661586579968
6	5651661668237312
6	5651661901135872
6	5651661901136448
6	5651661901152256
6	5651661901168640
6	5651661901537280
6	5651661905330688
6	5651661905347072
6	5651661934559232
6	5651661934559296
6	5651661934559360
6	5651661936672768
6	5651661938753536
6	5651661938769920
6	5651661938786304
6	5651661942947840
6	5651661942980608
6	5651661968113664
6	5651662672756736
6	5651663310290944
6	5651764661584512
6	5651764661585952
6	5651764661616640
6	5651764661985280
6	5651764678762496
6	5651764711916064
6	5651764711923712
6	5651764745338912
6	5651765013774368
6	5651765718548992
6	5651765752504320
6	5651773251534848
6	5651773251551232
6	5651773251919872
6	5651773254025728
6	5651773255713280
6	5651773255729664
6	5651773301858304
6	5651773335273504
6	5651773337370624
6	5651773337387008
6	5651773337403392
6	5651773570285568
6	5651773570286080
6	5651773570286208
6	5651773570287648
6	5651773570293760
6	5651773570301952
6	5651773570318336
6	5651773570686976
6	5651773574480384
6	5651773574496768
6	5651773603708928
6	5651773603708960
6	5651773603708968
6	5651773603709056
6	5651773604233248
6	5651773604241408
6	5651773604249632
6	5651773605806080
6	5651773605822464
6	5651773605838848
6	5651773607903232
6	5651773607919616
6	5651773607936000
6	5651773612097536
6	5651773612130304
6	5651773637263360
6	5651773905698816
6	5651774308483584
6	5651774341906432
6	5651774342438912
6	5651774979440640
6	5651799107182592
6	5651799306936320
6	5651799340089888
6	5651799340097536
6	5651799373512736
6	5651799375609856
6	5651799375618048
6	5651799375626240
6	5651799375642624
6	5651902419304960
6	5651902452727808
6	5651902453260288
6	5651936779043328
6	5651936812466176
6	5651936812998656
6	5652039539507200
6	5652039539523584
6	5652039539892224
6	5652039589830656
6	5652039891681280
6	5652040193671168
6	5652040596455936
6	5652040629878784
6	5652040630411264
6	5652041267412992
6	5653688806932544
6	5653688808898624
6	5653688810995744
6	5653688815190016
6	5653688859230208
6	5653689058590784
6	5653689066848256
6	5653689194774592
6	5653689196871712
6	5653689201065984
6	5653689863897088
6	5653689865863168
6	5653689866387456
6	5653689905709056
6	5653690000080896
6	5653690409025536
6	5653723168636992
6	5653723170734112
6	5653723170881568
6	5653723172831232
6	5653723172847616
6	5653723172864000
6	5653723189624832
6	5653723223171072
6	5653723422523392
6	5653723422539776
6	5653723422556160
6	5653723422924800
6	5653723424491520
6	5653723426586624
6	5653723455946752
6	5653723455946880
6	5653723487404032
6	5653723520958528
6	5653723523055648
6	5653723558707200
6	5653723558739968
6	5653724225601536
6	5653724768763904
6	5653826250096640
6	5653826564653120
6	5653826572910592
6	5653826602270720
6	5653826602270848
6	5653826635825152
6	5653826837151744
6	5653860609835008
6	5653860695687168
6	5653860924391488
6	5653860926898176
6	5653860928585728
6	5653860928602112
6	5653860928618496
6	5653860928987136
6	5653860932648960
6	5653860962009088
6	5653860962009216
6	5653860964122624
6	5653860995563520
6	5653963684839552
6	5653963685232672
6	5653963687329792
6	5653963687346176
6	5653963687362560
6	5653963689033728
6	5653963689035808
6	5653963689041920
6	5653963689050112
6	5653963689066496
6	5653963689435136
6	5653963693096960
6	5653963704123392
6	5653963706212352
6	5653963709874176
6	5653963735171104
6	5653963737137152
6	5653963737669632
6	5653963739373568
6	5653963770691584
6	5653963770691712
6	5653963772788768
6	5653963804246016
6	5653963978309632
6	5653964003606528
6	5653964003606560
6	5653964003606568
6	5653964003606656
6	5653964003999776
6	5653964005572608
6	5653964011864064
6	5653964041224224
6	5653964045418496
6	5653964072681472
6	5653964078972928
6	5653964347408384
6	5653964741804032
6	5653964775751712
6	5653964777324544
6	5653964777848832
6	5653964777881600
6	5653964783616000
6	5653964877987840
6	5653965421150208
6	5653998048780288
6	5653998134632448
6	5653998332297216
6	5653998333853696
6	5653998334386176
6	5653998335952896
6	5653998338048000
6	5653998363344928
6	5653998365310976
6	5653998365843456
6	5653998367547392
6	5653998398865408
6	5653998398865536
6	5653998400962592
6	5653998403059712
6	5653998403067904
6	5653998403076096
6	5653998403092480
6	5653998432419840
6	5653999137062912
6	5654101442560000
6	5654101480177664
6	5654101482276864
6	5654101484371968
6	5654135802298368
6	5654135838359552
6	5654135839916032
6	5654135840448512
6	5654135844110336
6	5654238565253120
6	5654238566940672
6	5654238566957056
6	5654238566973440
6	5654238567342080
6	5654238571003904
6	5654238583586816
6	5654238615044096
6	5654238617280512
6	5654238852022272
6	5654238881513472
6	5654238883479552
6	5654238889771008
6	5654238923325440
6	5654238952685568
6	5654238956879872
6	5654239221121024
6	5654239619710976
6	5654239661522944
6	5654239755894784
6	5654240299057152
6	5655887813427200
6	5655888887152640
6	5655888887185408
6	5655888887554048
6	5655888920576128
6	5656025269551104
6	5656025319489536
6	5656025352896576
6	5656026460192768
6	5656162708111360
6	5656162708127744
6	5656162708496384
6	5656162758434816
6	5656162791850016
6	5656163799015424
6	5656300499238912
6	5656437586018304
6	5656438173073408
6	5656438676389888
6	5656439313924096
6	5673754894155776
6	5699876885135360
6	5699876935442432
6	5699877942067712
6	5699877975621632
6	5699877975654400
6	5699878076293120
6	5699903745433600
6	5700040412627456
6	5702067318423680
6	5702067368755232
6	5702068408942720
6	5702068509605920
6	5702101682364416
6	5702101996929056
6	5702103271997440
6	5702617460113408
6	5702618164756480
6	5702618802290688
6	5708802213019648
6	5708802414346240
6	5708802917662720
6	5708803555196928
6	5743848768667648
6	5743848812707840
6	5743849817374720
6	5744398834991104
6	6192483864154688
6	6192483864174592
6	6192484115817472
6	6192621307303424
6	6192621621887488
6	6192724382324736
6	6192724382335488
6	6192724432654848
6	6192999260231680
6	6192999277007872
6	6193549016039552
6	6193549016040000
6	6193549016040544
6	6193549016041568
6	6193549016043648
6	6193549016047680
6	6193549016055936
6	6193549016072192
6	6193549032817760
6	6193549032833152
6	6193549066375296
6	6193549066379328
6	6193549066387488
6	6193549133484160
6	6193549133488192
6	6193549267698240
6	6193549267730432
6	6193550073036800
6	6193583361102848
6	6193583375782016
6	6193583375786048
6	6193583377880064
6	6193583377880128
6	6193583377880192
6	6193583377881152
6	6193583377891328
6	6193583379977248
6	6193583379996672
6	6193583384170496
6	6193583384190976
6	6193583392559168
6	6193583394657344
6	6193583396753408
6	6193583396754464
6	6193583396773888
6	6193583459668064
6	6193583627436608
6	6193583627468800
6	6193583627984896
6	6193583629534784
6	6193583629551616
6	6193583631639552
6	6193583631647232
6	6193583635833856
6	6193583660990528
6	6193583660991584
6	6193583661006848
6	6193583661006976
6	6193583694553152
6	6193583694561312
6	6193583761662016
6	6193583895887872
6	6193584969646080
6	6193686459193344
6	6193686459196416
6	6193686463386624
6	6193686475969536
6	6193686538883136
6	6193686710846976
6	6193686740206656
6	6193686773760576
6	6193686773792768
6	6193686840885248
6	6193687042211840
6	6193720818931712
6	6193720818942464
6	6193720823124992
6	6193720835707904
6	6193720869261824
6	6193720898621504
6	6193720902815744
6	6193720902836224
6	6193721133498944
6	6193721133531136
6	6193721134047232
6	6193721137693184
6	6193721137702912
6	6193721137709568
6	6193721141903872
6	6193721167052864
6	6193721167069184
6	6193721167069312
6	6193721200623616
6	6193823893947424
6	6193823893979136
6	6193823898141184
6	6193823898142240
6	6193823898145280
6	6193823898146816
6	6193823898150912
6	6193823898157568
6	6193823902341120
6	6193823902351872
6	6193823914924032
6	6193823944286208
6	6193823946381312
6	6193823946392064
6	6193823948476928
6	6193823952671232
6	6193823977836672
6	6193823977848864
6	6193824212713984
6	6193824212714112
6	6193824212715552
6	6193824212721664
6	6193824212746240
6	6193824279855104
6	6193824950911488
6	6193824984498176
6	6193825085136896
6	6193858255787008
6	6193858257883648
6	6193858259981824
6	6193858538913792
6	6193858543100928
6	6193858572460032
6	6193858574565888
6	6193858606022688
6	6193961416790016
6	6193961618113536
6	6193961685221376
6	6193961685237760
6	6193961685254144
6	6193995776528384
6	6193996044959744
6	6193996044976128
6	6193996044992512
6	6193996045508608
6	6194098771886080
6	6194098780247040
6	6194098780248064
6	6194098788646912
6	6194098792829952
6	6194098792830976
6	6194098797024256
6	6194098826383872
6	6194098855743488
6	6194098889297920
6	6194099057082368
6	6194099090653184
6	6194099157729280
6	6194099157745664
6	6194099157762048
6	6194099426181120
6	6194648578003072
6	6194648578007104
6	6194648645111872
6	6194649584664576
6	6194683143267328
6	6194683206180928
6	6194683206189088
6	6194923405575200
6	6194923405606912
6	6194923422367744
6	6194923426550784
6	6194923426551808
6	6194923430745088
6	6194923455913984
6	6194923458009088
6	6194923489464320
6	6194923489464448
6	6194923489476640
6	6194923523018752
6	6194923690803200
6	6194923724343328
6	6194923724349440
6	6194923724374016
6	6194923791450112
6	6194923791466496
6	6194923791482880
6	6194924059901952
6	6194924496093184
6	6194924496125952
6	6194924596764672
6	6194957767414784
6	6194958050541568
6	6194958054728704
6	6194958084087808
6	6194958117650464
6	6195061196865536
6	6195095556603904
6	6195198602280960
6	6195198669373440
6	6196847601258528
6	6196847802581568
6	6196847802613760
6	6196848607895552
6	6196985044406784
6	6196985073766464
6	6196985308643904
6	6196985308676096
6	6196985375768576
6	6196985577095168
6	6197122512719904
6	6197122714075136
6	6197122747597344
6	6197122747604992
6	6197122814713856
6	6197123519356928
6	6197259951673344
6	6197260186550784
6	6197260220104704
6	6197260220121088
6	6197260220137472
6	6197397591965696
6	6197397625511936
6	6199046559514624
6	6199046565793792
6	6199046574178400
6	6199046693720128
6	6199046825836672
6	6199046827950080
6	6199046859391040
6	6199046892945504
6	6199046960054368
6	6199047094272064
6	6199047098482688
6	6199047098499072
6	6199047102676992
6	6199048168013952
6	6199080936017984
6	6199081187688448
6	6199081223340064
6	6199184013660224
6	6199184017330184
6	6199184017358848
6	6199184021536768
6	6199184034119680
6	6199184065576960
6	6199184067665920
6	6199184071856128
6	6199184101216256
6	6199184101216384
6	6199184134770688
6	6199184265330688
6	6199184268986368
6	6199184302555136
6	6199184302555144
6	6199184331899008
6	6199184333998144
6	6199184334012416
6	6199184336101376
6	6199184336125952
6	6199184340287488
6	6199184340303872
6	6199184340320256
6	6199184365453376
6	6199184399007808
6	6199184403202048
6	6199184403218432
6	6199184403234816
6	6199184407412736
6	6199184600334400
6	6199184604528640
6	6199184604545024
6	6199184604561408
6	6199184608739328
6	6199184671653888
6	6199218662293504
6	6199218693750784
6	6199218695839744
6	6199321454198784
6	6199321456287744
6	6199321460477952
6	6199321473060864
6	6199321504518144
6	6199321540169760
6	6199321741492224
6	6199321741508608
6	6199321741524992
6	6199321745702912
6	6199321770852384
6	6199321772949504
6	6199321772965888
6	6199321772982272
6	6199321775054848
6	6199321779249152
6	6199321840074752
6	6199321842163712
6	6199323045920768
6	6199458891567104
6	6199458977038336
6	6199458979123200
6	6199458981222400
6	6199458983317504
6	6199459176792064
6	6199459180447744
6	6199459243360256
6	6199459243360384
6	6199459245473792
6	6199459245473800
6	6199459247554560
6	6199459247570944
6	6199459247587328
6	6199459251748864
6	6199459251765248
6	6199459251781632
6	6199459276914688
6	6199459478241280
6	6199460619091968
6	6199493605212160
6	6199596332105728
6	6199596338384896
6	6199596350967808
6	6199596623609856
6	6199596650872832
6	6199596652961792
6	6199596717981696
6	6199597923827712
6	6201246117543936
6	6201383422279680
6	6201383623606272
6	6201520794116096
6	6201657998184448
6	6201658266615808
6	6201658266632192
6	6201658266648576
6	6210041942116352
6	6210076335423488
6	6210179448178688
6	6210213841485824
6	6210316887130624
6	6210454359640064
6	6210591731483648
6	6212241032478848
6	6212241099587648
6	6212241238000640
6	6212241300914240
6	6212275362873344
6	6212275394330624
6	6212275396419584
6	6212378475628544
6	6212412868935680
6	6212515593716736
6	6212515881026560
6	6212515881027584
6	6212515885220864
6	6212515912484864
6	6212515943940096
6	6212515943940224
6	6212515977494528
6	6212516178821120
6	6212516682137600
6	6212517319671808
6	6212550305792000
6	6212550307880960
6	6212653383434240
6	6212653387089920
6	6214439724384768
6	6214439736967296
6	6214439787298848
6	6214440055734304
6	6214440055734312
6	6214440055734400
6	6214440122843264
6	6214440794464256
6	6214440802320896
6	6214440827486336
6	6214440928149536
6	6214474098819072
6	6214474100908032
6	6214474352558592
6	6214474381918272
6	6214474415472672
6	6214474417569792
6	6214474417570368
6	6214474417586176
6	6214474417602560
6	6214474419667488
6	6214474419675136
6	6214474423869440
6	6214474449027168
6	6214474484695040
6	6214474486784000
6	6214475690541056
6	6214577498882560
6	6214577528242240
6	6214611858620928
6	6214611887980608
6	6214611892174848
6	6214611892191232
6	6214611892207616
6	6214611896385536
6	6214714615406592
6	6214714619068928
6	6214714623263232
6	6214714667303424
6	6214714698760224
6	6214714937836032
6	6214714942030336
6	6214714967195680
6	6214714967195688
6	6214714967195776
6	6214715705925632
6	6214749295477248
6	6214749326934048
6	6214749329031168
6	6214749329047552
6	6214749329063936
6	6214749331136512
6	6214749335330816
6	6214852406149120
6	6214886765887488
6	6214989496975872
6	6214989819937280
6	6214989845102592
6	6214989878657024
6	6214990583300096
6	6214991220834304
6	6216638745559040
6	6216638746083328
6	6216638760222816
6	6216638760222848
6	6216638760747104
6	6216638760755264
6	6216638762319936
6	6216638762336256
6	6216638762336384
6	6216638764417152
6	6216638764433440
6	6216638764449792
6	6216638768611328
6	6216638768644096
6	6216638777000000
6	6216638781194240
6	6216638781194368
6	6216638781210624
6	6216638781210656
6	6216638781227008
6	6216638812651584
6	6216638812667904
6	6216638814748704
6	6216638844108896
6	6216638879760448
6	6216638879776768
6	6216639011881088
6	6216639012413504
6	6216639013994496
6	6216639013994504
6	6216639016108032
6	6216639020269568
6	6216639020302336
6	6216639045435456
6	6216639078989920
6	6216639078989952
6	6216639112544256
6	6216639112544320
6	6216639112544352
6	6216639112544360
6	6216639112544384
6	6216639146098688
6	6216639146098752
6	6216639146098784
6	6216639146098816
6	6216639148195904
6	6216639148212224
6	6216639148212352
6	6216639150292992
6	6216639150293120
6	6216639150309376
6	6216639150309408
6	6216639150325760
6	6216639154487296
6	6216639154520064
6	6216639280316480
6	6216639284510720
6	6216639284527104
6	6216639284543488
6	6216639414534208
6	6216639418728448
6	6216639418728576
6	6216639418744832
6	6216639418761216
6	6216639825575936
6	6216640354058240
6	6216640354058368
6	6216640362446848
6	6216640362479616
6	6216640488275968
6	6216640488276096
6	6216640890929152
6	6216673122058304
6	6216673122074624
6	6216673126252544
6	6216673126268928
6	6216673126277120
6	6216673126285312
6	6216673143046144
6	6216673373732864
6	6216673374257152
6	6216673377912832
6	6216673380007936
6	6216673405173824
6	6216673409368064
6	6216673409368192
6	6216673409384448
6	6216673409384480
6	6216673409400832
6	6216673440825408
6	6216673440841728
6	6216673442922528
6	6216673472282720
6	6216673474379840
6	6216673474396160
6	6216673474396288
6	6216673476493344
6	6216673507934272
6	6216673507950592
6	6216673512128512
6	6216673512144896
6	6216673512153088
6	6216673512161280
6	6216673644249088
6	6216674713796608
6	6216674722185216
6	6216776203403264
6	6216776203919360
6	6216776220164096
6	6216776251621376
6	6216776451375104
6	6216776488599552
6	6216776488599560
6	6216776517943424
6	6216776518475840
6	6216776520056832
6	6216776520056840
6	6216776522170368
6	6216776526331904
6	6216776526364672
6	6216776551497792
6	6216776555692032
6	6216776555692160
6	6216776555708416
6	6216776555708544
6	6216776555724800
6	6216776585052224
6	6216776589246464
6	6216776589262848
6	6216776589279232
6	6216776786378816
6	6216776790573056
6	6216776790589440
6	6216776790605824
6	6216776857698304
6	6216810563141632
6	6216810563657728
6	6216810579902464
6	6216810611359744
6	6216810649108480
6	6216810848337920
6	6216810879795200
6	6216810880319488
6	6216810881908736
6	6216810882408448
6	6216810882424832
6	6216810886070272
6	6216810886103040
6	6216810911236160
6	6216810915430400
6	6216810915430528
6	6216810915446784
6	6216810915446912
6	6216810915463168
6	6216810915979264
6	6216810915979392
6	6216810917543936
6	6216810948984832
6	6216810949017600
6	6216913638129792
6	6216913638670368
6	6216913640243200
6	6216913640767488
6	6216913642356736
6	6216913642856448
6	6216913642872832
6	6216913646518272
6	6216913646551040
6	6216913659101184
6	6216913659117568
6	6216913659133952
6	6216913659650048
6	6216913688461344
6	6216913690558464
6	6216913690574848
6	6216913690591232
6	6216913691107328
6	6216913724129280
6	6216913724129408
6	6216913726210080
6	6216913726226464
6	6216913757683712
6	6216913927536640
6	6216913927553024
6	6216913927569408
6	6216913956896800
6	6216913956896808
6	6216913956896896
6	6216913957421088
6	6216913957429248
6	6216913957429376
6	6216913957437472
6	6216913958993920
6	6216913959010304
6	6216913959026688
6	6216913961123840
6	6216913965285376
6	6216913965318144
6	6216913990451200
6	6216913990451328
6	6216913994645504
6	6216913994645536
6	6216913994645544
6	6216913994645632
6	6216913994661888
6	6216913994661920
6	6216913994661928
6	6216913994662016
6	6216913994678272
6	6216913998839808
6	6216913998872576
6	6216914024005632
6	6216914024005760
6	6216914026119168
6	6216914028199936
6	6216914028216320
6	6216914028232704
6	6216914032394240
6	6216914032427008
6	6216914296635392
6	6216914296651776
6	6216914296668160
6	6216914695626752
6	6216914728648704
6	6216914728648832
6	6216914737037312
6	6216914737070080
6	6216914829312032
6	6216914831409152
6	6216914831441920
6	6216915231965184
6	6216915366182912
6	6216915366183040
6	6216915374571520
6	6216915374604288
6	6216915768836096
6	6216947999981568
6	6216948088070144
6	6216948287275008
6	6216948287291392
6	6216948287307776
6	6216948287823872
6	6216948316635168
6	6216948318732288
6	6216948318748672
6	6216948318765056
6	6216948319281152
6	6216948352303104
6	6216948352303232
6	6216948354383904
6	6216948354400288
6	6216948356481024
6	6216948356497408
6	6216948356505600
6	6216948356513792
6	6216948385857536
6	6216949591703552
6	6217051163082752
6	6217051362836480
6	6217051429404672
6	6217051429404800
6	6217051431518208
6	6217051431518216
6	6217051433598976
6	6217051433615360
6	6217051433631744
6	6217051435698176
6	6217051437793280
6	6217051437826048
6	6217051462959104
6	6217051664285696
6	6217052805136384
6	6217085522821120
6	6217085789143040
6	6217085789143168
6	6217085791256576
6	6217085791780864
6	6217085793337344
6	6217085793353728
6	6217085793370112
6	6217085793886208
6	6217085795985408
6	6217085797531648
6	6217085797564416
6	6217085822697472
6	6217087164874752
6	6217188518150144
6	6217188518674432
6	6217188520263680
6	6217188520779776
6	6217188524425216
6	6217188524457984
6	6217188537008128
6	6217188537024512
6	6217188537040896
6	6217188537556992
6	6217188568481792
6	6217188602036224
6	6217188635590656
6	6217188805443584
6	6217188805459968
6	6217188805476352
6	6217188836917248
6	6217188839030784
6	6217188843192320
6	6217188843225088
6	6217188868358144
6	6217188876746752
6	6217188876779520
6	6217188901912576
6	6217188904026112
6	6217188906106880
6	6217188906123264
6	6217188906139648
6	6217188910301184
6	6217188910333952
6	6217189174542336
6	6217189174558720
6	6217189174575104
6	6217190109872128
6	6217190244089856
6	6217190252478464
6	6217190252511232
6	6217190646743040
6	6218837783478400
6	6218837783486528
6	6218837783511040
6	6218837800255552
6	6218837800271872
6	6218838035169280
6	6218838169354240
6	6218838169354304
6	6218838169354368
6	6218838169362496
6	6218838169370624
6	6218838169387008
6	6218838303588352
6	6218838370680832
6	6218838370680896
6	6218838370680960
6	6218838370697216
6	6218838370713600
6	6218838437789760
6	6218838437806080
6	6218839377313792
6	6218839377346560
6	6218839914184704
6	6218975222972416
6	6218975272796160
6	6218975273312256
6	6218975306317888
6	6218975306334208
6	6218975306334336
6	6218975541231616
6	6218975608324096
6	6218975809650688
6	6218975810174976
6	6218976413614080
6	6218976413646848
6	6219112661417984
6	6219112661934080
6	6219112678178816
6	6219112711725056
6	6219112745287712
6	6219112946614272
6	6219112980160512
6	6219112980185088
6	6219113047261184
6	6219113047277568
6	6219113047293952
6	6219113248587776
6	6219113248604160
6	6219113248620544
6	6219113315713024
6	6219113751904256
6	6219113751937024
6	6219113852575744
6	6219114389438464
6	6219114389471232
6	6219250184241152
6	6219250184257536
6	6219250184773632
6	6219250452660224
6	6219250452676608
6	6219250452692992
6	6219387539324928
6	6219387539841024
6	6219387556085760
6	6219387824521216
6	6219387858092032
6	6219387925168128
6	6219387925184512
6	6219387925200896
6	6219388126494720
6	6219388126511104
6	6219388126527488
6	6219388193619968
6	6219389267345408
6	6219389267378176
6	6232032174702592
6	6232032443121664
6	6232033516847104
6	6232033516879872
6	6232307086147584
6	6232307086163968
6	6232581964054528
6	6236429969539200
6	6236431026520064
6	6236704847462400
6	6236704864223232
6	6236705132658688
6	6236705166229504
6	6236705233305600
6	6236705233321984
6	6236705233338368
6	6236705501757440
6	6236705937948672
6	6236705937981440
6	6236706575482880
6	6236706575515648
6	6236980044136448
6	6236980111228928
6	6262819305554432
6	6262819305564160
6	6265018328842240
6	6265567346458624
6	6271614593302528
6	6271615398584320
6	6271615935447040
6	6271615935479808
6	6271752099364864
6	6272164416200704
6	6298002620710912
6	6298002872338432
6	6298004214515712
6	6306798713700480
6	6306798717927424
6	6306798722088960
6	6306798722121728
6	6306798734671872
6	6306798734704640
6	6306799032467584
6	6306799099576320
6	6306799099576448
6	6306800307535872
6	6306800441753600
6	6306800441753728
6	6306800844406784
6	6307348821835776
6	6307348855390208
6	6307350197567488
6	6756636412610560
6	6756636416803840
6	6756636429386752
6	6756636492300352
6	6756773851562496
6	6756911638642688
6	6757049312477184
6	6757873744871424
6	6757873946198016
6	6757874449514496
6	6760210173526016
6	6762134293708800
6	6762134356623360
6	6762134557949952
6	6762271694913536
6	6762271726370816
6	6762409200975872
6	6762409205170176
6	6762546572820480
6	6764608220037120
6	6781788324102144
6	6781789330735104
6	6782063202009088
6	6782063705325568
6	6782064342859776
6	6782200406081536
6	6782338079916032
6	6782339220766720
6	6794981876433024
6	6794982966951936
6	6794982966952064
6	6794983470268416
6	6794984007139328
6	6795256756439040
6	6795257140215808
6	6795257408651264
6	6795257844858880
6	6795257846958080
6	6795258482393088
6	6795532018122752
6	6795532722765824
6	6795533360300032
6	6799655186726912
6	6799655388053504
6	6799655891369984
6	6799656528904192
6	6825769258975744
6	6834565888868352
6	6869748675510272
6	6869748688093184
6	10205668539629568
6	11260373478932992
6	11265871322284032
6	11338165516238848
6	18599373392838656
6	18656514910715904
6	29274497106345984
6	29275046946017280
6	29295937935376384
6	29297586858885120
6	29297587244761088
6	29298136967020544
6	29299786259628032
6	29299786460954624
6	29387747189850112
6	29387748532027392
6	29388296912109568
6	72057619808916480
6	72057619842351104
6	72057619943002112
6	72057688528655872
6	72057688561029120
6	72057688562078720
6	72057688562079744
6	72057688628924416
6	72057688628924424
6	72057688628936704
6	72057688628953088
6	72057688629985280
6	72057688862900224
6	72057697150963712
6	72057697385710592
6	72059810309210144
6	72059810509750304
6	72059878960926720
6	72059878995395616
6	72059878995673088
6	72059878998806528
6	72059879028817920
6	72059879028822016
6	72059879028822024
6	72059879028834304
6	72059879028850688
6	72059879029215232
6	72059879029219328
6	72059879029735424
6	72059879030263808
6	72059879031967744
6	72059879031971840
6	72059879062241408
6	72059879063289920
6	72059879065387040
6	72059879296204800
6	72059879296204864
6	72059879296204928
6	72059879296598048
6	72059879298170880
6	72059879304462336
6	72059879371571200
6	72059880034402304
6	72059880076214272
6	72059880170586112
6	72059896209084416
6	72059896211836928
6	72059896242110528
6	72059896413160448
6	72059896442650688
6	72059896476074048
6	72059896484331520
6	72059896547246080
6	72059896748572672
6	72060068008296448
6	72060102605012992
6	72060102636470272
6	72060240111075328
6	72062069462536192
6	72062069465288704
6	72062069495562304
6	72062069662695424
6	72062069696102464
6	72062069729525824
6	72062069737783296
6	72062069800697856
6	72062070002024448
6	72062095469838336
6	72062095501295616
6	72062275858464768
6	72062275889922048
6	72062404503011328
6	72062404703551488
6	72062404736974848
6	72064259967680512
6	72064260097966080
6	72064260368760832
6	72064294188355584
6	72064294457704448
6	72064294491258944
6	72064294528745472
6	72064294595854336
6	72064363248222208
6	72064603459420160
6	72064603531509760
6	72064603693383680
6	72064603731263488
6	72064603764424704
6	72064638159683584
6	72075212299960320
6	72075341145047040
6	72075341178470400
6	72077540205920256
6	72079756409044992
6	72079867773190144
6	72079867806613504
6	72079868078194688
6	72082230346252288
6	72620629958853120
6	72622760262635648
6	72622760262639680
6	72622760262647840
6	72622760329744448
6	72622760463179840
6	72622760463188000
6	72622760467136512
6	72622760530018400
6	72622760735555584
6	72622828915267584
6	72622828947771456
6	72622828948820992
6	72622828948821056
6	72622828948821120
6	72622828948822080
6	72622828948832256
6	72622828951715840
6	72622828982112264
6	72622828982140928
6	72622828982636544
6	72622828982657024
6	72622828983173120
6	72622829015662656
6	72622829015666752
6	72622829015666760
6	72622829015678976
6	72622829015679104
6	72622829018824736
6	72622829049233408
6	72622829220151296
6	72622829249495168
6	72622829250027584
6	72622829250035744
6	72622829251608576
6	72622829253722112
6	72622829257883648
6	72622829257916416
6	72622829283049536
6	72622829316603968
6	72622829320798208
6	72622829320814592
6	72622829320830976
6	72622829589250048
6	72622846433591296
6	72622846500683776
6	72622846702010368
6	72623017960673288
6	72623017960701952
6	72623017961734144
6	72623018027794432
6	72623018228056192
6	72623052558450688
6	72623052589907968
6	72623190064513024
6	72624942306295936
6	72624976668147712
6	72624976670236672
6	72625010757607424
6	72625010825495104
6	72625010825498632
6	72625010828648448
6	72625010858000480
6	72625010895757312
6	72625011025772552
6	72625011026035200
6	72625011026035264
6	72625011026035328
6	72625011026036768
6	72625011026042880
6	72625011026067456
6	72625011026329600
6	72625011029968896
6	72625011059327048
6	72625011092881536
6	72625011159990400
6	72625011294502912
6	72625011298404352
6	72625011361316992
6	72625012367949832
6	72625045118390784
6	72625045151694848
6	72625045154828288
6	72625045218791424
6	72625045218791488
6	72625045218791552
6	72625045218795584
6	72625045218803744
6	72625045252345856
6	72625045385781248
6	72625045387887104
6	72625045419065408
6	72625045419335744
6	72625045419343904
6	72625045423259648
6	72625045423276032
6	72625045423292416
6	72625045427470336
6	72625045454716928
6	72625045454733312
6	72625045456822272
6	72625045486174304
6	72625045521842176
6	72625045523931136
6	72625046727688192
6	72625079615229952
6	72625079749445632
6	72625079812358272
6	72625079879467072
6	72625080013963264
6	72625080080793664
6	72625113938268224
6	72625114142752768
6	72625114174210048
6	72625114176299008
6	72625217188397568
6	72625217251311648
6	72625354388541440
6	72625354456432640
6	72625354456436736
6	72625354456436744
6	72625354456449024
6	72625354456465408
6	72625354457497600
6	72625354459582464
6	72625354459586560
6	72625354623418880
6	72625354656972800
6	72625354656989184
6	72625354657005568
6	72625354657251328
6	72625354660907008
6	72625354694459904
6	72625354723819520
6	72625354723819648
6	72625354757373952
6	72625354958700544
6	72625356099551232
6	72625388816175104
6	72625389085671424
6	72625389087760384
6	72625491928944640
6	72625493404286976
6	72627209781907464
6	72627209781936128
6	72627209782181888
6	72627209782968320
6	72627209785315328
6	72627209848750208
6	72627209849798720
6	72627209851895840
6	72627209882304576
6	72627209915859008
6	72627209921118208
6	72627210049290368
6	72627210049552448
6	72627210051403776
6	72627210053222408
6	72627210082844736
6	72627210116661344
6	72627210118234176
6	72627210118234184
6	72627210120331296
6	72627210120331304
6	72627210120331392
6	72627210124525568
6	72627210187440128
6	72627210187440256
6	72627210317725760
6	72627210322198528
6	72627210388766720
6	72627210388766848
6	72627210862723072
6	72627244175200320
6	72627244213735424
6	72627244411142144
6	72627244477972544
6	72627244480069664
6	72627244482166784
6	72627244482183168
6	72627244482199552
6	72627244549292032
6	72627278839808128
6	72627313201659904
6	72627415940341760
6	72627415940599808
6	72627415941386240
6	72627416007180320
6	72627416079536128
6	72627416207720480
6	72627416215846912
6	72627416245207040
6	72627416245207168
6	72627416276664320
6	72627416276664448
6	72627416278761504
6	72627416345870368
6	72627416480088064
6	72627417014861824
6	72627417558024192
6	72627450607058944
6	72627450640605184
6	72627553412857856
6	72627553446662144
6	72627553484947456
6	72627553684701184
6	72627553716158464
6	72627553718247424
6	72627553719814144
6	72627553721909248
6	72627553751269376
6	72627553751269504
6	72627553784823808
6	72627553986150400
6	72627588113121280
6	72629408942264320
6	72629409139392640
6	72629409206501440
6	72629409340997632
6	72629409407828032
6	72629615297822752
6	72629616572891136
6	72638153629893120
6	72638153692807200
6	72638291098484736
6	72638291102401536
6	72638291135955456
6	72638291165315136
6	72638548796507136
6	72640352718159936
6	72640352720257056
6	72640610422489088
6	72640610485403648
6	72640610686730240
6	72642535298170912
6	72642568584962048
6	72642568618246208
6	72642568651800608
6	72642568852340768
6	72642568860467200
6	72642568921284608
6	72642568921284672
6	72642568921284736
6	72642568923381792
6	72642568988393536
6	72642568990490656
6	72642569124708352
6	72642569659482112
6	72642570202644480
6	72642672006791168
6	72642672069705728
6	72642672271032320
6	72642706057478144
6	72642706124308544
6	72642706360778752
6	72642706362867712
6	72642706366529536
6	72642706395889664
6	72642706395889792
6	72642706429444096
6	72642809103122944
6	72642809103385088
6	72642809135628320
6	72642810178175488
6	72642810209632288
6	72642843496423424
6	72642843563261984
6	72642843732345344
6	72642843763802144
6	72642843767734272
6	72642843771928576
6	72642843799191552
6	72642843803386368
6	72642843832745984
6	72642843832746112
6	72642843834843168
6	72642843866300416
6	72642844570943488
6	72642946642477056
6	72642946843017216
6	72642946914058240
6	72642946918252544
6	72642981002215424
6	72642981272240128
6	72642981273796608
6	72642981274329088
6	72642981277990912
6	72643083981029888
6	72643084017467392
6	72643084048924672
6	72643084114984960
6	72643084323651584
6	72643084386566144
6	72643084390760448
6	72643084655001600
6	72643085095403520
6	72643085189775360
6	72644767877693504
6	72645008159932416
6	72645008159932544
6	72645008193749024
6	72645008198467584
6	72645008265576448
6	72645008395862016
6	72645008534011904
6	72645009201430528
6	72645042755600384
6	72645042826641408
6	72645042860195840
6	72645042860195968
6	72645042893750272
6	72645180299689984
6	72645283076374528
6	72646933352546304
6	72647207186071552
6	72647207217528832
6	72647207283589120
6	72647207417282560
6	72647207555170304
6	72647207559364608
6	72647207685455872
6	72647207756496896
6	72647207760691200
6	72647207823605760
6	72647208264007680
6	72647208358379520
6	72647208759459840
6	72647344692133888
6	72647344923344896
6	73187900649377824
6	73187900851765248
6	73187960979325504
6	73187960979357696
6	73187960979726336
6	73187961012748416
6	73187961113411616
6	73187961784639488
6	73187961818054688
6	73187969335312384
6	73187969368858624
6	73187969368985600
6	73187969368986176
6	73187969369006080
6	73187969402408960
6	73187969402409024
6	73187969402409088
6	73187969402413120
6	73187969402421280
6	73187969435963392
6	73187969569275904
6	73187969573470720
6	73187969602682944
6	73187969606877184
6	73187969606893568
6	73187969606909952
6	73187969636237344
6	73187969636376640
6	73187969636384800
6	73187969638334464
6	73187969638350848
6	73187969638367232
6	73187969669791840
6	73187969705459712
6	73187970911305728
6	73187995172212768
6	73187995374600192
6	73187995408146432
6	73188029565505536
6	73188029698818048
6	73188029732225088
6	73188175560839200
6	73188175763226624
6	73188175796772864
6	73188304409858048
6	73188304409862144
6	73188304643825664
6	73190091285069888
6	73190091287167008
6	73190159735209984
6	73190159735590912
6	73190159738343424
6	73190159802171424
6	73190159835725920
6	73190159874527232
6	73190160002580544
6	73190160005087232
6	73190160006774784
6	73190160006791168
6	73190160006807552
6	73190160007176192
6	73190160008742912
6	73190160010838016
6	73190160040198272
6	73190160069689440
6	73190160071655424
6	73190160071655488
6	73190160071655552
6	73190160073752608
6	73190160138764352
6	73190160140861472
6	73190160809852928
6	73190161353015296
6	73190194402050048
6	73190194435596288
6	73190228726267904
6	73190228791132224
6	73190366165213184
6	73190366198628384
6	73190503399690240
6	73190503438356480
6	73190503637581824
6	73190503669039104
6	73190503671275520
6	73192359025852416
6	73192359092813856
6	73201095056294016
6	73201095123402816
6	73201120826097696
6	73201258265198592
6	73201258298605632
6	73201362082595328
6	73201369633260544
6	73201369666814464
6	73201369934331904
6	73201369934348288
6	73201369934364672
6	73201369934733312
6	73201369936300032
6	73201369967755264
6	73201369967755392
6	73201370001309696
6	73201370705952768
6	73201371343486976
6	73201395704143872
6	73201395706102272
6	73201395737559072
6	73201498816774144
6	73201533176512512
6	73201636993925120
6	73203319851450432
6	73203319853547552
6	73203422929092672
6	73203422932762632
6	73203457292648448
6	73203560033158144
6	73203560101183488
6	73203560300937216
6	73203560338161672
6	73203560367652864
6	73203560367652992
6	73203560368046112
6	73203560369618944
6	73203560369618952
6	73203560375910400
6	73203560443019264
6	73203560644345856
6	73203561105850368
6	73203561147662336
6	73203561242034176
6	73203561643114496
6	73203594697900032
6	73203594699998208
6	73203594729357312
6	73203594731593728
6	73203594765008928
6	73203697575788544
6	73203697806999552
6	73203697810802688
6	73203697844224000
6	73203697844224008
6	73203732203962368
6	73203835253817344
6	73203835316731904
6	73203835518058496
6	73205485251199008
6	73205492768456704
6	73205492801863744
6	73205492835418144
6	73205493035827264
6	73205493044084736
6	73205493102936160
6	73205493104902144
6	73205493104902208
6	73205493104902272
6	73205493106999328
6	73205493172011072
6	73205493174108192
6	73205493308325888
6	73205493843099648
6	73205494386262016
6	73205621654028288
6	73205621751545856
6	73205621885239296
6	73205621953921032
6	73205622023127040
6	73205622027321344
6	73205622291562496
6	73205622690152448
6	73205622731964416
6	73205622826336256
6	73205623227416576
6	73205656282202112
6	73205656313659392
6	73205656315895808
6	73205656317854208
6	73205656347213888
6	73205767713464320
6	73205767746879520
6	73205767917928960
6	73205767951351808
6	73205767955546112
6	73205767980843040
6	73205767982809088
6	73205767985037856
6	73205767985045504
6	73205767987003904
6	73205768016363520
6	73205768016363648
6	73205768018460704
6	73205768049917952
6	73205768754561024
6	73205896562475520
6	73205896595898368
6	73205896596946944
6	73205896796700672
6	73205896829861888
6	73205896865382400
6	73205896865382408
6	73205896867479552
6	73205896871673856
6	73205931225120768
6	73206034337890304
6	73206035042533376
6	73207717835046912
6	73207820707823680
6	73207820712935424
6	73207820912689152
6	73207855341109248
6	73207958118334464
6	73207958146777120
6	73207958349545472
6	73207958351249408
6	73207958487433216
6	73207992746508288
6	73208095585730560
6	73208095624396800
6	73208095824150528
6	73208095855607808
6	73208095857311744
6	73208095892832256
6	73208095892832264
6	73208130252570624
6	73208233229156352
6	73208233365340160
6	73209883299676160
6	73210020069638144
6	73210020270964736
6	73210158211137536
6	73210294642409472
6	73210294876372992
6	73223352350670848
6	73254001235197952
6	73746512618718720
6	73746512886106112
6	73746547012015104
6	73746547279413248
6	73746856315719680
6	73746856517043200
6	73748711675528256
6	73748711678689280
6	73748711709085704
6	73748711709114368
6	73748711710146560
6	73748711776206848
6	73748711909900288
6	73748711913555968
6	73748711917749248
6	73748711976468608
6	73748712043577408
6	73748712181990400
6	73748712244904000
6	73748746102378560
6	73748746306863104
6	73748746338320384
6	73748746340409344
6	73748917837107200
6	73748917868564480
6	73748917934624768
6	73748918069888000
6	73748918134898720
6	73748919409967104
6	73749055340036096
6	73749055343169536
6	73749055544493056
6	73750910732345344
6	73750910936809984
6	73750910999724064
6	73751254363279360
6	73753040969011328
6	73753040969015360
6	73753041103229024
6	73753041236394080
6	73753041238491200
6	73753109688487944
6	73753109688516608
6	73753109689012224
6	73753109689032704
6	73753109689548800
6	73753109722038336
6	73753109722042432
6	73753109722042440
6	73753109722054656
6	73753109722054784
6	73753109725200416
6	73753109755596928
6	73753109755600960
6	73753109755609120
6	73753109789147232
6	73753109789151232
6	73753109789151296
6	73753109789151328
6	73753109789151336
6	73753109789151360
6	73753109789155392
6	73753109822705664
6	73753109822705728
6	73753109822705792
6	73753109822709824
6	73753109827948544
6	73753109827969024
6	73753109955870848
6	73753109956403264
6	73753109957984256
6	73753109957984264
6	73753109958508544
6	73753109960097792
6	73753109962164224
6	73753109964259328
6	73753109964292096
6	73753109989425216
6	73753109993619456
6	73753109993619584
6	73753109993635840
6	73753109993635872
6	73753109993635880
6	73753109993635968
6	73753109993652224
6	73753110022979680
6	73753110025076800
6	73753110025093120
6	73753110025093248
6	73753110027173920
6	73753110027190304
6	73753110056534112
6	73753110090088544
6	73753110092185664
6	73753110092201984
6	73753110092202112
6	73753110094299168
6	73753110224306240
6	73753110228500480
6	73753110228516864
6	73753110228533248
6	73753111298048000
6	73753111298048128
6	73753111306436608
6	73753111306469376
6	73753144081780800
6	73753144148889696
6	73753144317722624
6	73753144353374240
6	73753144355471360
6	73753144389033984
6	73753144456142848
6	73753178475073664
6	73753178475077696
6	73753178542182464
6	73753178679574528
6	73753178713112576
6	73753178713112704
6	73753178744553536
6	73753178744569856
6	73753178744569984
6	73753178947993600
6	73753213108510720
6	73753315914027040
6	73753316116414464
6	73753316152066080
6	73753453319438336
6	73753453386534912
6	73753453386535040
6	73753453391777792
6	73753453391798272
6	73753453420089344
6	73753453591003136
6	73753453591019520
6	73753453591035904
6	73753453591552000
6	73753453622476800
6	73753453656031232
6	73753453656031360
6	73753453689585664
6	73753454895431680
6	73753488019972096
6	73753590994321408
6	73755308744249408
6	73755308845961216
6	73755308845981696
6	73755308979159040
6	73755309012680768
6	73755309012697088
6	73755309012697216
6	73755309046243392
6	73755309046251552
6	73755309113352256
6	73755309247578112
6	73755310321303552
6	73755310321336320
6	73755377765720128
6	73755652610080768
6	73764036352672320
6	73764070714508288
6	73764070745964608
6	73764173795821056
6	73764173825180736
6	73764173858734088
6	73764173858734656
6	73764173858766848
6	73764173925859328
6	73764174127185920
6	73764208189113344
6	73764208222667264
6	73764208252026944
6	73764311297695744
6	73764448703087616
6	73764448703611904
6	73764448770195456
6	73764448770195464
6	73764448770211840
6	73764448770228224
6	73764483129933824
6	73764586142056448
6	73764586242703360
6	73764586444029952
6	73766235108541568
6	73766235108542528
6	73766235108556808
6	73766235111718912
6	73766235174600800
6	73766235443036256
6	73766235443036264
6	73766235443036288
6	73766235510145088
6	73766235648573440
6	73766236181233792
6	73766236189655040
6	73766269535395904
6	73766269535404064
6	73766269737763904
6	73766269739861024
6	73766269739892736
6	73766269744070656
6	73766269802774624
6	73766269804871744
6	73766269804888064
6	73766269804888192
6	73766269806968864
6	73766269806977024
6	73766269806977152
6	73766269806985248
6	73766269874094112
6	73766270008311808
6	73766372886183944
6	73766372886216704
6	73766372890394624
6	73766372953309184
6	73766373154635776
6	73766407245955072
6	73766407246471168
6	73766407248037888
6	73766407279493120
6	73766407279493248
6	73766407313047552
6	73766509986449408
6	73766509986980864
6	73766510020002816
6	73766510020002944
6	73766510020018176
6	73766510020018184
6	73766510023147520
6	73766510023163904
6	73766510023180288
6	73766510052507680
6	73766510053558304
6	73766510053564416
6	73766510053564424
6	73766510053588992
6	73766510054604800
6	73766510054621184
6	73766510054637568
6	73766510056710144
6	73766510060904448
6	73766510120665088
6	73766510120681472
6	73766510120697856
6	73766510121730048
6	73766510123819008
6	73766510254358528
6	73766510255932416
6	73766510291582976
6	73766510291582984
6	73766510291584032
6	73766510291599360
6	73766510291615744
6	73766510295793664
6	73766510320943136
6	73766510320943144
6	73766510320943232
6	73766510321483808
6	73766510323040256
6	73766510323040264
6	73766510323042304
6	73766510323042432
6	73766510323056640
6	73766510323056648
6	73766510323073024
6	73766510325145600
6	73766510325170176
6	73766510329331712
6	73766510329339904
6	73766510329364480
6	73766510354497536
6	73766510354497664
6	73766510388051968
6	73766510388052096
6	73766510390165504
6	73766510392246272
6	73766510392254464
6	73766510392262656
6	73766510392279040
6	73766510396440576
6	73766510396456960
6	73766510396473344
6	73766510593572864
6	73766510597767168
6	73766510660681728
6	73766510660698112
6	73766510660714496
6	73766511059673088
6	73766511061239808
6	73766511092695040
6	73766511092695168
6	73766511101083648
6	73766511101116416
6	73766511193358368
6	73766511195455488
6	73766511195488256
6	73766511201755136
6	73766511596011520
6	73766511596535808
6	73766511730229248
6	73766511730229376
6	73766512132882432
6	73766544379756544
6	73766544413302784
6	73766544446865440
6	73766544615670784
6	73766544651321344
6	73766544651322400
6	73766544651337728
6	73766544651354112
6	73766544653419520
6	73766544655532032
6	73766544680681504
6	73766544682778624
6	73766544682795008
6	73766544682811392
6	73766544684883968
6	73766544686983168
6	73766544689078272
6	73766544716349440
6	73766544716349568
6	73766544718430240
6	73766544718438400
6	73766544718438528
6	73766544718446624
6	73766544749903872
6	73766544751992832
6	73766545955749888
6	73766647526080512
6	73766647529209856
6	73766647730537472
6	73766647760420864
6	73766647797645312
6	73766647797645320
6	73766647797661696
6	73766647797678080
6	73766647801856000
6	73766681885818880
6	73766682157383680
6	73766682157400064
6	73766682157416448
6	73766682157932544
6	73766682159499264
6	73766784901070848
6	73766784931495936
6	73766784932528128
6	73766784934617088
6	73766784998588416
6	73766785203077120
6	73766785207238656
6	73766785207271424
6	73766785270153216
6	73766785270169600
6	73766785270185984
6	73766785274363904
6	73766785471479808
6	73766785538605056
6	73768434131796544
6	73768434131828736
6	73768434134949888
6	73768434399182976
6	73768434466291744
6	73768434466291808
6	73768434533400672
6	73768434671845376
6	73768435204489248
6	73768435206619136
6	73768435212886016
6	73768435741360256
6	73768468761034752
6	73768468763123712
6	73768468828135488
6	73768571607465984
6	73768571637858880
6	73768571637891072
6	73768571638923264
6	73768571641012224
6	73768571704983552
6	73768571838676992
6	73768571842332672
6	73768571905245312
6	73768571907344448
6	73768571907358720
6	73768571907358728
6	73768571909440000
6	73768571909440128
6	73768571909447680
6	73768571909447688
6	73768571909472256
6	73768571913633792
6	73768571913650176
6	73768571913666560
6	73768571938799680
6	73768571972354112
6	73768571976548352
6	73768571976564736
6	73768571976581120
6	73768571980759040
6	73768572173680704
6	73768572177874944
6	73768572177891328
6	73768572177907712
6	73768572182085632
6	73768572245000192
6	73768606235639808
6	73768606267097088
6	73768606269186048
6	73768606271291904
6	73768709043290112
6	73768709046411264
6	73768709076812320
6	73768709076819968
6	73768709077868544
6	73768709143928832
6	73768709277622272
6	73768709279188992
6	73768709281284608
6	73768709285478912
6	73768709310644352
6	73768709344198688
6	73768709348393504
6	73768709348401152
6	73768709352595456
6	73768709377753120
6	73768709411307552
6	73768709413437440
6	73768709415510016
6	73768709419704320
6	73768710084493824
6	73768710115950624
6	73768710118080512
6	73768710124347392
6	73768710218719232
6	73768743672496128
6	73768743674585088
6	73768743706042368
6	73768846515765760
6	73768846549319680
6	73768846549336064
6	73768846549352448
6	73768846550384640
6	73768846552473600
6	73768846750138368
6	73768846753794048
6	73768846783684608
6	73768846785251328
6	73768846787346944
6	73768846791541248
6	73768846816706560
6	73768846816706688
6	73768846818820096
6	73768846818820104
6	73768846820900864
6	73768846820909056
6	73768846820909064
6	73768846820917248
6	73768846820933632
6	73768846825095168
6	73768846825111552
6	73768846825127936
6	73768846850260992
6	73768847051587584
6	73768847554904064
6	73768848192438272
6	73768881178558464
6	73768881180647424
6	73768983921180672
6	73768983954726912
6	73768984159191552
6	73768984230502400
6	73768984291328000
6	73768984293416960
6	73768985497174016
6	73770633155584064
6	73770633160310784
6	73770633160327168
6	73770633188606016
6	73770633222160480
6	73770633289269344
6	73770633422962784
6	73770633424535616
6	73770633424535624
6	73770633426632832
6	73770633430827008
6	73770633558753344
6	73770633695068160
6	73770633695068288
6	73770634773004288
6	73770667784273984
6	73770667788468224
6	73770667788484608
6	73770667788500992
6	73770770594545664
6	73770770661113984
6	73770770661646400
6	73770770662162496
6	73770770666356736
6	73770770666373120
6	73770770666389504
6	73770770694668352
6	73770770728222784
6	73770770733481984
6	73770770861916224
6	73770770865586184
6	73770770866110464
6	73770770866126848
6	73770770866143232
6	73770770930597952
6	73770770930597960
6	73770770932695168
6	73770770936889344
6	73770770966249472
6	73770770966249600
6	73770770999803904
6	73770770999804032
6	73770771001917440
6	73770771134562304
6	73770771201130496
6	73770771201130624
6	73770771675086848
6	73770805290336320
6	73770805294530560
6	73770805294546944
6	73770805294563328
6	73770805328101376
6	73770805328101504
6	73770805361655808
6	73770908071772160
6	73770908100067360
6	73770908105318400
6	73770908302983168
6	73770908305072128
6	73770908306638848
6	73770908308733952
6	73770908338094080
6	73770908338094208
6	73770908369551360
6	73770908369551488
6	73770908371648544
6	73770908405202976
6	73770908438757408
6	73770908440854528
6	73770908440870912
6	73770908440887296
6	73770908572975104
6	73770909107748864
6	73770909650911232
6	73770942699945984
6	73770942733492224
6	73771045506007040
6	73771045508612096
6	73771045572575232
6	73771045572575360
6	73771045577818112
6	73771045577834496
6	73771045577850880
6	73771045606129664
6	73771045739823104
6	73771045777047552
6	73771045777047560
6	73771045777571840
6	73771045777588224
6	73771045777604608
6	73771045809045504
6	73771045811134464
6	73771045812701184
6	73771045814796288
6	73771045844156416
6	73771045844156544
6	73771045846253568
6	73771045846253576
6	73771045846255616
6	73771045846255744
6	73771045846269952
6	73771045846269960
6	73771045846286336
6	73771045848350720
6	73771045877710848
6	73771045881905152
6	73771046079037440
6	73771046083231744
6	73771046146146304
6	73771047082000384
6	73771047224082432
6	73771080136785920
6	73771080205991936
6	73771080206008320
6	73771080206024704
6	73771080206540800
6	73771182949679104
6	73771183180890112
6	73771183184545792
6	73771183186640896
6	73771183216001024
6	73771183318761472
6	73771183318777856
6	73771183318794240
6	73771183450882048
6	73771184528818176
6	73772832178339840
6	73772832179372032
6	73772832445694080
6	73772832579911776
6	73772832714129472
6	73772832718323712
6	73772832718340096
6	73772832718356480
6	73772832722534400
6	73772833787871360
6	73772969653977088
6	73772969684402176
6	73772969685434368
6	73772969687523328
6	73772969751494656
6	73772969885188096
6	73772969951756416
6	73772970018865216
6	73772970023059456
6	73772970023075840
6	73772970023092224
6	73772970027270144
6	73772970220191808
6	73772970224386048
6	73772970224402432
6	73772970224418816
6	73772970228596736
6	73772970291511296
6	73773107089784832
6	73773107123331072
6	73773107390709792
6	73773107462021120
6	73773108665778176
6	73773244595830784
6	73773244595847168
6	73773244595863552
6	73773244596895744
6	73773244796649472
6	73773244863217664
6	73773244863217792
6	73773244896772096
6	73773245098098688
6	73773246238949376
6	73773381967691776
6	73773383543685120
6	73781628807152704
6	73781903181758464
6	73781903416625152
6	73781903685059584
6	73781903752167424
6	73781903752183808
6	73781903752200192
6	73781903819292672
6	73781904255483904
6	73781904255516672
6	73781904758802432
6	73781937809932288
6	73782178630090752
6	73786026317873152
6	73786026318905344
6	73786026585227392
6	73786026853662784
6	73786027927404672
6	73786060947079168
6	73786301229318144
6	73786301229334528
6	73786301230366720
6	73786301465233408
6	73786301496688768
6	73786302304092160
6	73786302304124928
6	73786302805311488
6	73786335858540544
6	73786576107225088
6	73786577683218432
6	73790699275829248
6	73790700851822592
6	73851997015508992
6	73852547172925440
6	73852547374252032
6	73852548515102720
6	73860793384304640
6	73860793648545792
6	73861343169478656
6	74318260274724864
6	74327398723616768
6	74329460245004288
6	74329460276461568
6	74329597751066624
6	74331521867055104
6	74331521929969664
6	74331522131296256
6	74331796502740992
6	74331796774322176
6	74331796778516480
6	74333720619778048
6	74333858394275840
6	74333995531239424
6	74333995799674880
6	74334133272182784
6	74335782671745024
6	74335919976480768
6	74335920177807360
6	74336194549252096
6	74344854208905216
6	74349252257513472
6	76561219472855040
6	76561219703685120
6	76561348317941760
6	76561348351365120
6	76561348552688640
6	76561348552819200
6	76563547378814976
6	76563547576221696
6	76563547578172416
6	76563547580138496
6	76563547651309568
6	76563547915550720
6	76563667635666944
6	76563667835420672
6	76563702232383488
6	76563702263840768
6	76563805110272000
6	76563805274244096
6	76563805341483008
6	76563839738445824
6	76565875485835264
6	76566004330921984
6	76566004364345344
6	76568203158880256
6	76568203320754176
6	76568203358633984
6	76568203391795200
6	76568237787054080
6	76568340761673728
6	76578794441409600
6	76578794441572352
6	76578794441818112
6	76578794709845056
6	76578794709845064
6	76578794709975048
6	76578794709976192
6	76578794709977088
6	76578794709977216
6	76578794709991432
6	76578794710007808
6	76578794710253568
6	76578794776821768
6	76578794978411520
6	76578794978411584
6	76578794978411648
6	76578794978426880
6	76578794978426888
6	76578795515019272
6	76578795515576320
6	76578803299917832
6	76578804105117696
6	76578804105486336
6	76578804641824776
6	76578811621294080
6	76578811621564416
6	76578811623515136
6	76578811623522816
6	76578811658895360
6	76578811658911744
6	76578811658928128
6	76578811889582088
6	76578811889714176
6	76578811889714240
6	76578811889714304
6	76578811889729536
6	76578811889729544
6	76578811889876992
6	76578811889975296
6	76578811889975872
6	76578811889976928
6	76578811889984512
6	76578811889984576
6	76578811889984640
6	76578811889991680
6	76578811889999872
6	76578811889999880
6	76578811890008064
6	76578811890106368
6	76578811890122752
6	76578811890139136
6	76578811891942400
6	76578811891943424
6	76578811891950592
6	76578811891950600
6	76578811891958272
6	76578811891958280
6	76578811891959808
6	76578811892204544
6	76578811892221952
6	76578811893908480
6	76578811893925888
6	76578811923398656
6	76578811923399712
6	76578811923415040
6	76578811923431424
6	76578811923677184
6	76578811927330816
6	76578811927330824
6	76578811927347200
6	76578811927347208
6	76578811927363584
6	76578811956838400
6	76578811960918016
6	76578811965079552
6	76578811965112320
6	76578811990245376
6	76578811990245440
6	76578811990245504
6	76578812023799808
6	76578812032188416
6	76578812032221184
6	76578812158279680
6	76578812158296064
6	76578812158312448
6	76578812158558208
6	76578812225126400
6	76578812229320704
6	76578812229337088
6	76578812229353472
6	76578812233515008
6	76578812233547776
6	76578813231759360
6	76578813231759368
6	76578813232283648
6	76578813232316416
6	76578813365977088
6	76578813768630272
6	76578820211228672
6	76578820748214272
6	76578820748230656
6	76578820748247040
6	76578820748492800
6	76578820815060992
6	76578821821693952
6	76578923625840648
6	76578923827430408
6	76578924364564480
6	76578940470567936
6	76578940470575616
6	76578940503998464
6	76578940504014848
6	76578940504260608
6	76578940537406016
6	76578940537421824
6	76578940537438208
6	76578940537806848
6	76578940570828864
6	76578940570828928
6	76578940738733056
6	76578940738733064
6	76578940738865152
6	76578940739127296
6	76578940772417536
6	76578940772417544
6	76578940772418560
6	76578940772418624
6	76578940772418688
6	76578940772419584
6	76578940772419712
6	76578940772433920
6	76578940772433928
6	76578940772450304
6	76578940772681792
6	76578940772696064
6	76578940805709832
6	76578940805840896
6	76578940805840904
6	76578940805841472
6	76578940805841480
6	76578940805842944
6	76578940805843008
6	76578940805843072
6	76578940805857280
6	76578940805857288
6	76578940805873664
6	76578940806234112
6	76578940806242304
6	76578940806250496
6	76578940806266880
6	76578940839264256
6	76578940839264264
6	76578940839264320
6	76578940839264328
6	76578940839264384
6	76578940872818688
6	76578941007300608
6	76578941074145288
6	76578941074669568
6	76578941074685952
6	76578941074702336
6	76578941544040448
6	76578941577461760
6	76578941577461768
6	76578941577986048
6	76578941578018816
6	76578941678125056
6	76578942081304576
6	76578942214995968
6	76578957683867648
6	76578957717291008
6	76578957750698048
6	76578957918734336
6	76578957952287744
6	76578957986103296
6	76578957986119680
6	76578957986136064
6	76578958187168768
6	76578958254555136
6	76578958857994240
6	76579061333229576
6	76579061803124736
6	76579061836546056
6	76579069353017344
6	76579069386440704
6	76579069587884032
6	76579069621437440
6	76579069654728712
6	76579069654876160
6	76579069654876168
6	76579069655252992
6	76579069655269376
6	76579069655285760
6	76579069856318464
6	76579069923704832
6	76579070527143936
6	76579095357555712
6	76579095425064960
6	76579095458086912
6	76579095458087040
6	76579095692967936
6	76579096196284416
6	76579096833818624
6	76579198537302016
6	76579198537302024
6	76579198772709376
6	76579232796771840
6	76579232830194688
6	76579232830195712
6	76579232897040384
6	76579232897564672
6	76579232897581056
6	76579232897597440
6	76579336144291840
6	76581002123673600
6	76581002323427328
6	76581002356719744
6	76581002356981824
6	76581002360651784
6	76581002390142976
6	76581002390143040
6	76581002390143104
6	76581002390536224
6	76581002392109056
6	76581002392109064
6	76581002398400512
6	76581002465509376
6	76581002666835968
6	76581003128340480
6	76581003170152448
6	76581003264524288
6	76581003665604608
6	76581019578269696
6	76581019641184256
6	76581019842510848
6	76581122313946176
6	76581122318271488
6	76581122384855048
6	76581122653290504
6	76581139493830656
6	76581139495781376
6	76581139497747456
6	76581139529335872
6	76581139531710464
6	76581139564855296
6	76581139564871680
6	76581139564888064
6	76581139565256704
6	76581139566823424
6	76581139568918528
6	76581139598278656
6	76581139762118664
6	76581139762250752
6	76581139762250816
6	76581139762250880
6	76581139762266112
6	76581139762266120
6	76581139764216832
6	76581139764216840
6	76581139766182912
6	76581139766182920
6	76581139766576128
6	76581139766577152
6	76581139797771328
6	76581139797771336
6	76581139800130560
6	76581139800130688
6	76581139800145920
6	76581139829489664
6	76581139833159688
6	76581139833290752
6	76581139833290760
6	76581139833292800
6	76581139833292928
6	76581139833307136
6	76581139833307144
6	76581139833323520
6	76581139833683968
6	76581139833692160
6	76581139833700352
6	76581139833716736
6	76581139835258880
6	76581139837353984
6	76581139863044160
6	76581139866714112
6	76581139866714120
6	76581140035011584
6	76581140101595136
6	76581140101595144
6	76581140102119424
6	76581140102135808
6	76581140102152192
6	76581140567687168
6	76581140709769216
6	76581156744740864
6	76581156942120000
6	76581156946445312
6	76581157013553152
6	76581157013569536
6	76581157013585920
6	76581157282004992
6	76581259752899616
6	76581259752914944
6	76581259752931328
6	76581259754865664
6	76581259754866688
6	76581259755127808
6	76581259756831744
6	76581259756832768
6	76581259790254088
6	76581259821711360
6	76581259821711368
6	76581259828002816
6	76581259895111680
6	76581260021202952
6	76581260021465088
6	76581260088573952
6	76581260090146816
6	76581260090146824
6	76581260092243976
6	76581260096438272
6	76581260163547136
6	76581260289638408
6	76581260294095872
6	76581260294096896
6	76581260357009408
6	76581260357009536
6	76581260360679432
6	76581260364873728
6	76581260826771456
6	76581260860325888
6	76581260968853504
6	76581261363642368
6	76581294148173824
6	76581294149992448
6	76581294152090624
6	76581294181449728
6	76581294381072384
6	76581294381073440
6	76581294381088768
6	76581294381105152
6	76581294381203456
6	76581294383039488
6	76581294383040512
6	76581294383301632
6	76581294385005568
6	76581294385006592
6	76581294414495744
6	76581294418427904
6	76581294418952192
6	76581294418968576
6	76581294418984960
6	76581294447919104
6	76581294449885184
6	76581294450409472
6	76581294450425856
6	76581294450442240
6	76581294452113408
6	76581294452129792
6	76581294452146176
6	76581294452514816
6	76581294454081536
6	76581294456176640
6	76581294485536768
6	76581294485536896
6	76581294489731072
6	76581294519091200
6	76581294523285504
6	76581294649376768
6	76581294720417792
6	76581294724612096
6	76581294787526656
6	76581295723380736
6	76581295865462784
6	76581397229732864
6	76581397262895104
6	76581397296316416
6	76581397296316424
6	76581397460288512
6	76581397460288520
6	76581397527527424
6	76581397564751872
6	76581397564751880
6	76581397800159232
6	76581431656054784
6	76581431820026880
6	76581431857906688
6	76581431887265792
6	76581431891068928
6	76581431924490240
6	76581431925014528
6	76581431925030912
6	76581431925047296
6	76581534630821888
6	76581534632772608
6	76581534634738688
6	76581534705909760
6	76581534768824320
6	76581535037259776
6	76581535172002816
6	76581535238586368
6	76581535704678400
6	76581535846760448
6	76583192823464000
6	76583192831721472
6	76583192894636032
6	76583193095962624
6	76583218595233792
6	76583356069838848
6	76583458776162304
6	76583458778120704
6	76583458780086784
6	76583459044327432
6	76583459852124672
6	76583459885154312
6	76583467401625600
6	76583467403444224
6	76583467437137920
6	76583467439096320
6	76583467634524160
6	76583467634540544
6	76583467634556928
6	76583467634655232
6	76583467636492288
6	76583467638458368
6	76583467638850048
6	76583467667947520
6	76583467671879680
6	76583467671879688
6	76583467701370880
6	76583467705565184
6	76583467705565696
6	76583467705565824
6	76583467705573376
6	76583467705573384
6	76583467705581568
6	76583467705597952
6	76583467705966592
6	76583467707531776
6	76583467707531784
6	76583467707533312
6	76583467709628416
6	76583467738988544
6	76583467743182848
6	76583467776737280
6	76583467902828544
6	76583467973869568
6	76583467978063872
6	76583468439568384
6	76583468481380352
6	76583468976832512
6	76583469118914560
6	76583493404336128
6	76583493406294528
6	76583493408260608
6	76583493441683456
6	76583493445877760
6	76583493506695168
6	76583494244892672
6	76583596286149120
6	76583596319571968
6	76583596323766272
6	76583596483545088
6	76583596516966400
6	76583596516966408
6	76583596550389760
6	76583596550389768
6	76583596550782976
6	76583596584337408
6	76583596588007424
6	76583596588007432
6	76583596592201728
6	76583596819218432
6	76583597322534912
6	76583630876704768
6	76583630910128128
6	76583630914322944
6	76583630947745792
6	76583630948278272
6	76583630949844992
6	76583630951940096
6	76583733691416576
6	76583734328950784
6	76583734727540736
6	76583734769352704
6	76583734863724544
6	76583735264804864
6	76585383462699008
6	76585417551642624
6	76585417689792512
6	76585520431497216
6	76585520968761344
6	76585555059671040
6	76585658067845120
6	76585692534145024
6	76585795276242944
6	76585795309404160
6	76585795344924672
6	76585795344924680
6	76585795506798592
6	76585795506798600
6	76585795544678400
6	76585795577839616
6	76585795577839624
6	76585795578232832
6	76585795613360128
6	76585795613360136
6	76585795846668288
6	76585829704663040
6	76585829866536960
6	76585829904416768
6	76585829937577984
6	76585829973098496
6	76585829973622784
6	76585829973639168
6	76585829973655552
6	76585932750323712
6	76585932817432576
6	76585932945752064
6	76585932947718144
6	76585932950077440
6	76585933085868032
6	76585933218512896
6	76588131737927680
6	76588132237312000
6	76588132308353024
6	76588132312547328
6	76588133311315968
6	76596379111129096
6	76596395217403904
6	76596395485691912
6	76596395754668032
6	76596396291129344
6	76596396291162112
6	76596396293097472
6	76596396827869192
6	76596412938191872
6	76596653519273992
6	76596654022590472
6	76596687543600128
6	76596687677685760
6	76596687879012352
6	76596688382328832
6	76596689019863040
6	76596929001160704
6	76601051003748352
6	76601051230371848
6	76601051230765056
6	76601051499200512
6	76601051641282560
6	76601052035678208
6	76601052071198720
6	76601052071198728
6	76601052077490176
6	76601052572942336
6	76601085627727872
6	76601085631922176
6	76601086430937088
6	76601325877460992
6	76601326108672000
6	76601326514995200
6	76601326913585152
6	76601326955397120
6	76601327049768960
6	76601327450849280
6	76631598379827200
6	76666781179052032
6	76666781410263040
6	76666781678436352
6	76666782752440320
6	76676092899229696
6	77124160802787840
6	77124161067024960
6	77124161067057152
6	77124161872338944
6	77124298275296256
6	77124298308850176
6	77124298338209856
6	77124298506249216
6	77124298506256896
6	77124298510173696
6	77124298539533376
6	77124298573087296
6	77124298573119488
6	77124298640211968
6	77124298841538560
6	77124418563743744
6	77124418765064192
6	77124453158371328
6	77124453191917568
6	77124556036259840
6	77124556204279296
6	77124556271126528
6	77124590664433664
6	77126497600569344
6	77126497604747264
6	77126497868988416
6	77126617589104640
6	77126617591193600
6	77126617595383808
6	77126617658298368
6	77126617788580896
6	77126617788612608
6	77126617788858368
6	77126617792514048
6	77126617796707328
6	77126617855426688
6	77126618057031680
6	77126618060948480
6	77126652185821184
6	77126652217278464
6	77126652219367424
6	77126755063709696
6	77126755294920704
6	77126755298576384
6	77126789691883520
6	77128816811835936
6	77128816811843584
6	77128816812105728
6	77128816813672448
6	77128816815768064
6	77128816819962368
6	77128817618977280
6	77128851206979584
6	77128851209068544
6	77128954015911936
6	77128954086952960
6	77128954086957056
6	77128954091147264
6	77128954250789376
6	77128954284343296
6	77128954284359680
6	77128954284376064
6	77128954284621824
6	77128954288277504
6	77128954318168064
6	77128954319734784
6	77128954321830400
6	77128954326024704
6	77128954351190016
6	77128954351190144
6	77128954384744448
6	77128954586071040
6	77128955089387520
6	77128955726921728
6	77128988713041920
6	77128988715130880
6	77129091689750528
6	77129091693675008
6	77129093031657472
6	77131015872577536
6	77131015904034816
6	77131153112317952
6	77131153312071680
6	77131153345617920
6	77131153347184640
6	77131153349279744
6	77131153378639872
6	77131153613520896
6	77131187740491776
6	77131290715111424
6	77141736878505992
6	77141752984903680
6	77141752988828160
6	77141753253068808
6	77141753253331456
6	77141753253331520
6	77141753253331584
6	77141753253339136
6	77141753253339144
6	77141753253363712
6	77141753253593664
6	77141753253625856
6	77141753255166984
6	77141753257263616
6	77141753257263624
6	77141753257265152
6	77141753261459456
6	77141753521799168
6	77141753525700608
6	77141754058907648
6	77141754060474368
6	77141754066764288
6	77141754595246088
6	77141770433478656
6	77141770437134336
6	77141770441327616
6	77141770701651968
6	77141770705568768
6	77141890457419776
6	77141890461336576
6	77141890494890496
6	77141890524250176
6	77141890692286464
6	77141890692547584
6	77141890696742400
6	77141890725839872
6	77141890725839936
6	77141890725840000
6	77141890725855232
6	77141890725855240
6	77141890726102080
6	77141890729772032
6	77141890729772040
6	77141890759131144
6	77141890759655424
6	77141890759656000
6	77141890759671808
6	77141890759688192
6	77141890763325952
6	77141890763325960
6	77141890763327488
6	77141890767521792
6	77141890792685632
6	77141890792685640
6	77141890960720896
6	77141891028107264
6	77141891031762944
6	77141891631546368
6	77141907939540992
6	77141907943196672
6	77142011018215432
6	77142011219806208
6	77142011286650888
6	77142011756937728
6	77142011789967368
6	77142045311107584
6	77142045348594688
6	77142045348595712
6	77142045352788992
6	77142045378486272
6	77142045380052992
6	77142045382148608
6	77142045386342912
6	77142045411508224
6	77142045411508352
6	77142045445062656
6	77142045646389248
6	77142046149705728
6	77142046787239936
6	77142182783616000
6	77142182851002368
6	77142182854658048
6	77142286097712128
6	77142286768537600
6	77143935163564104
6	77143935365153856
6	77143952045654016
6	77143952077111296
6	77143952276587552
6	77143952276619264
6	77143952276865024
6	77143952310140992
6	77143952310142048
6	77143952310157312
6	77143952310157440
6	77143952314089472
6	77143952314089480
6	77143952343433344
6	77143952343965760
6	77143952343973920
6	77143952345546752
6	77143952345546760
6	77143952347660288
6	77143952351821824
6	77143952351854592
6	77143952376987712
6	77143952410542144
6	77143952414736384
6	77143952414752768
6	77143952414769152
6	77143952545038336
6	77143952611868736
6	77143952616062976
6	77143952616079360
6	77143952616095744
6	77143952683188224
6	77143969527529472
6	77143969594621952
6	77143969795948544
6	77144072338292744
6	77144072535671880
6	77144072606728200
6	77144089518178304
6	77144089518694400
6	77144089551716352
6	77144089715541120
6	77144089715556360
6	77144089719997440
6	77144089720014848
6	77144089749095488
6	77144089782927360
6	77144089786581000
6	77144089786597384
6	77144089786613760
6	77144089787105280
6	77144089787121664
6	77144089787129856
6	77144089787138048
6	77144089820151808
6	77144089820151816
6	77144089983976512
6	77144090055032832
6	77144090055032840
6	77144090055557120
6	77144106966990848
6	77144209706189856
6	77144209706221568
6	77144209706467328
6	77144209708286976
6	77144209708304384
6	77144209739759616
6	77144209739759744
6	77144209743691784
6	77144209773035648
6	77144209773576224
6	77144209775149056
6	77144209775149064
6	77144209777262592
6	77144209781424128
6	77144209781456896
6	77144209844338688
6	77144209844355072
6	77144209844371456
6	77144209974624264
6	77144209974625312
6	77144209974625320
6	77144209974625408
6	77144209974626304
6	77144209974626432
6	77144209974640648
6	77144209974657024
6	77144209974902784
6	77144210041470984
6	77144210041471104
6	77144210041995264
6	77144210042011648
6	77144210042028032
6	77144210043584512
6	77144210043584520
6	77144210045665288
6	77144210045681672
6	77144210045698048
6	77144210049859584
6	77144210049892352
6	77144210112774144
6	77144210112790528
6	77144210112806912
6	77144210243060736
6	77144210243060864
6	77144210243076096
6	77144210243076104
6	77144210247517184
6	77144210247534592
6	77144210310447104
6	77144210310447232
6	77144210314100736
6	77144210314100744
6	77144210314117120
6	77144210314117128
6	77144210314133504
6	77144210381225984
6	77144210779668488
6	77144210780192768
6	77144210780225536
6	77144210913886208
6	77144210913886336
6	77144210922274816
6	77144210922307584
6	77144244103430144
6	77144244134887424
6	77144244170539040
6	77144244334363680
6	77144244334395392
6	77144244334641152
6	77144244336460800
6	77144244336478208
6	77144244367933440
6	77144244367933568
6	77144244371865600
6	77144244372389888
6	77144244401209472
6	77144244401750048
6	77144244403322880
6	77144244403847168
6	77144244405436416
6	77144244405936128
6	77144244405952512
6	77144244407502848
6	77144244409597952
6	77144244409630720
6	77144244438958080
6	77144244438958208
6	77144244438974464
6	77144244438974592
6	77144244438990848
6	77144244472512512
6	77144244472528896
6	77144244472545280
6	77144244602814464
6	77144244673839104
6	77144244673855488
6	77144244673871872
6	77144244740964352
6	77144347212529664
6	77144347249754112
6	77144347249754120
6	77144347413578760
6	77144347480965120
6	77144347485145088
6	77144347485161472
6	77144347518189568
6	77144347518189576
6	77144347753596928
6	77144381609492480
6	77144381840703488
6	77144381877927936
6	77144381878452224
6	77144484655169536
6	77144484722262016
6	77144484919918592
6	77144484990697472
6	77144485192024064
6	77146133851545600
6	77146134119710728
6	77146134186819712
6	77146134253928576
6	77146134388441088
6	77146134392342528
6	77146134455255168
6	77146135461888008
6	77146168479719424
6	77146168513003584
6	77146168548655104
6	77146168548671488
6	77146168550760448
6	77146168580112480
6	77146168615780352
6	77146168617869312
6	77146169821626368
6	77146271324061696
6	77146271361532416
6	77146271390892096
6	77146271558928384
6	77146271625773064
6	77146271629969408
6	77146271659327552
6	77146271659327560
6	77146271894749184
6	77146271898404864
6	77146305952235520
6	77146305989706240
6	77146306019065920
6	77146306023260160
6	77146306023276544
6	77146306023292928
6	77146306027470848
6	77146408729452544
6	77146408731542016
6	77146408731558400
6	77146408733377024
6	77146408766963712
6	77146408800485920
6	77146408800493568
6	77146408804687872
6	77146408997617672
6	77146408997880320
6	77146408997880448
6	77146408997888000
6	77146408997888008
6	77146408997912576
6	77146408998174720
6	77146409001812480
6	77146409001812488
6	77146409001814016
6	77146409006008320
6	77146409068921344
6	77146409068929024
6	77146409068929032
6	77146409068953600
6	77146409073115648
6	77146409073123328
6	77146409073147904
6	77146409098281088
6	77146409140256768
6	77146409266348032
6	77146409270249472
6	77146409337389056
6	77146409341583360
6	77146409803456512
6	77146409805023232
6	77146409805545984
6	77146409811313152
6	77146409838575624
6	77146409844899840
6	77146409945538560
6	77146410339794952
6	77146410340352000
6	77146410348185600
6	77146443357626368
6	77146443359715840
6	77146443359732224
6	77146443361550848
6	77146443395104768
6	77146443395121152
6	77146443395137536
6	77146443399299072
6	77146443399315456
6	77146443428659744
6	77146443428667392
6	77146443430756864
6	77146443430766592
6	77146443430773248
6	77146443432861696
6	77146443460116480
6	77146443460132864
6	77146443462221824
6	77146444198313984
6	77146444699533312
6	77146546201968640
6	77146546201985024
6	77146546202230784
6	77146546204067840
6	77146546205886464
6	77146546239439360
6	77146546268799104
6	77146546270912512
6	77146546270912520
6	77146546272993280
6	77146546273001472
6	77146546273001480
6	77146546273009664
6	77146546273026048
6	77146546277187584
6	77146546277203968
6	77146546277220352
6	77146546436833792
6	77146546436833800
6	77146546436835328
6	77146546437097472
6	77146546470387712
6	77146546470387720
6	77146546470389760
6	77146546470389888
6	77146546470404096
6	77146546470404104
6	77146546470420480
6	77146546470666240
6	77146546474321920
6	77146546503680008
6	77146546504204288
6	77146546504220672
6	77146546504237056
6	77146546507874816
6	77146546507874824
6	77146546507876352
6	77146546512070656
6	77146546537234432
6	77146546537234440
6	77146546537234560
6	77146546537758720
6	77146546537775104
6	77146546537791488
6	77146546541428736
6	77146546541428744
6	77146546541430784
6	77146546541436928
6	77146546541436936
6	77146546541445120
6	77146546541445128
6	77146546541461504
6	77146546545623040
6	77146546545639424
6	77146546545655808
6	77146546570788864
6	77146546705270784
6	77146546772115456
6	77146546772115464
6	77146546772639744
6	77146546772656128
6	77146546772672512
6	77146546776311808
6	77146546780506112
6	77146547275956224
6	77146547376095232
6	77146547779274752
6	77146547912966144
6	77146580630650880
6	77146580632739840
6	77146580796572160
6	77146580830126080
6	77146580830142464
6	77146580830158848
6	77146580830404608
6	77146580832241664
6	77146580834060288
6	77146580867613184
6	77146580896972800
6	77146580896972928
6	77146580899086336
6	77146580901167104
6	77146580901175296
6	77146580901183488
6	77146580901199872
6	77146580901699584
6	77146580901715968
6	77146580903266304
6	77146580903282688
6	77146580905361408
6	77146580905377792
6	77146580905394176
6	77146580930527232
6	77146581131853824
6	77146582272704512
6	77146683607359488
6	77146683609465344
6	77146683644837888
6	77146683644854272
6	77146683644870656
6	77146683649048576
6	77146683676295168
6	77146683676311552
6	77146683678400512
6	77146683743420416
6	77146683745509376
6	77146683875787264
6	77146683875794944
6	77146683875819520
6	77146683876048896
6	77146683876065280
6	77146683876081664
6	77146683879720960
6	77146683951022080
6	77146683951038464
6	77146683951054848
6	77146683976187904
6	77146684009742336
6	77146684013936640
6	77146684013944832
6	77146684013953024
6	77146684013969408
6	77146684018130944
6	77146684018147328
6	77146684018163712
6	77146684144222208
6	77146684144238592
6	77146684144254976
6	77146684144500736
6	77146684148156416
6	77146684211068928
6	77146684215263232
6	77146684215279616
6	77146684215296000
6	77146684219457536
6	77146684219473920
6	77146684219490304
6	77146684282372096
6	77146684282388480
6	77146684282404864
6	77146684286582784
6	77146684722774016
6	77146684817145856
6	77146685217701888
6	77146685218226176
6	77146685218258944
6	77146685351919616
6	77146685754572800
6	77148332876906496
6	77148332943736896
6	77148332945834016
6	77148333143228544
6	77148333143490624
6	77148333147160584
6	77148333281378304
6	77148333281378432
6	77148333411663936
6	77148333416136704
6	77148333482704896
6	77148333482705024
6	77148333956661248
6	77148367505080320
6	77148367571910720
6	77148367574007840
6	77148367643230208
6	77148470649552960
6	77148470653222920
6	77148470922199040
6	77148607788367872
6	77148607790186496
6	77148607821643776
6	77148607857295392
6	77148608021397504
6	77148608023234560
6	77148608054689792
6	77148608054689920
6	77148608058621952
6	77148608058621960
6	77148608088506400
6	77148608090079232
6	77148608090079240
6	77148608096370688
6	77148608125730816
6	77148608125730848
6	77148608125730856
6	77148608125730944
6	77148608129925120
6	77148608159285248
6	77148608163479552
6	77148608289570816
6	77148608360611840
6	77148608364806144
6	77148608427720704
6	77148608868122624
6	77148608962494464
6	77148609363574784
6	77148609505656832
6	77148642416541696
6	77148642418360320
6	77148642449817600
6	77148642485469216
6	77148642487566336
6	77148642487582720
6	77148642487599104
6	77148745229680640
6	77148745263226880
6	77148745264793600
6	77148745266888704
6	77148745296248832
6	77148745298362368
6	77148745298362376
6	77148745460088840
6	77148745464547328
6	77148745498116096
6	77148745527459840
6	77148745531129864
6	77148745531654144
6	77148745531662336
6	77148745531670528
6	77148745531686912
6	77148745533229056
6	77148745535324160
6	77148745564684288
6	77148745564684296
6	77148745566797824
6	77148745566797832
6	77148745799565312
6	77148745799565320
6	77148745800089600
6	77148745800105984
6	77148745800122368
6	77148746265657344
6	77148746407739392
6	77148779658100736
6	77148779857854464
6	77148779891400704
6	77148779892967424
6	77148779895062528
6	77148779924422656
6	77148779926536192
6	77148779927060480
6	77148780159303680
6	77148882632720384
6	77148882703745024
6	77148882703761408
6	77148882703777792
6	77148882770870272
6	77148882901155840
6	77148882903498752
6	77148882903515136
6	77148882903531520
6	77148882974277632
6	77148883037192192
6	77148883039305728
6	77148883171950592
6	77148883238518784
6	77148883712475136
6	77150532300439616
6	77150532434935808
6	77150532501766208
6	77150807178346496
6	77150807379673088
6	77150807882989568
6	77150808520523776
6	77151081691365376
6	77151081724911616
6	77151081922330624
6	77151081922576384
6	77151082064658432
6	77151082190749696
6	77151082261774336
6	77151082261790720
6	77151082261807104
6	77151082265985024
6	77159345439114368
6	77159345439129608
6	77159345707549760
6	77159345707827200
6	77159345711744000
6	77159345711761408
6	77159345774673920
6	77159346244452352
6	77159602935857152
6	77159603002949632
6	77159603137152008
6	77159603472711680
6	77159603472711688
6	77159603942459392
6	77159604076675072
6	77159604076707840
6	77159637564030976
6	77159637631123456
6	77159637832450048
6	77163726641299520
6	77164000952975360
6	77164000952991744
6	77164000953008128
6	77164000957186048
6	77164001183662088
6	77164001183956992
6	77164001184186368
6	77164001184202752
6	77164001184219136
6	77164001187858432
6	77164001192052736
6	77164001317879808
6	77164001452359680
6	77164001452376064
6	77164001452392448
6	77164001452638208
6	77164001456293888
6	77164001519206400
6	77164001523400704
6	77164001523417088
6	77164001523433472
6	77164001527595008
6	77164001527611392
6	77164001527627776
6	77164001594720256
6	77164001991067648
6	77164002022522880
6	77164002030911488
6	77164002030944256
6	77164002525839360
6	77164002525839368
6	77164002526363648
6	77164002526396416
6	77164002534230016
6	77164002660057088
6	77164003062710272
6	77164035581149184
6	77164035581165568
6	77164035581181952
6	77164035585359872
6	77164036885577728
6	77164275830898688
6	77164275862355968
6	77164276061863936
6	77164276062109696
6	77164276065765376
6	77164276330283008
6	77164276405518336
6	77164276468432896
6	77194513436647432
6	77194546991104000
6	77194547796385792
6	77194548333248512
6	77194548333281280
6	77194684497166336
6	77195062185828352
6	77195062387148800
6	77195063326679040
6	77195063729326080
6	77196848896442368
6	77196883524616192
6	77197261213278208
6	77197261410697216
6	77197261414598656
6	77203858480439296
6	77203859822346240
6	77229696735281152
6	77229696739182592
6	77229697808728072
6	77229731363454976
6	77229731367356416
6	77230246759499776
6	77230247698759680
6	77239042927755264
6	77239043191996416
6	77687102162211904
6	77687102166276096
6	77687102166286848
6	77687102170469376
6	77687103235850240
6	77687127933981696
6	77687127936078336
6	77687128200315456
6	77687128468766720
6	77687129005629440
6	77687265408586752
6	77687265442140672
6	77687265471500352
6	77687265706377792
6	77687265706409984
6	77687265773502464
6	77687368517157408
6	77687377040118784
6	77687377044313600
6	77687377073553408
6	77687377077736448
6	77687377077737472
6	77687377081930752
6	77687377107099648
6	77687377107226624
6	77687377107247104
6	77687377109194752
6	77687377109205504
6	77687377111290368
6	77687377115484672
6	77687377140649984
6	77687377140650112
6	77687377140662304
6	77687377174204416
6	77687377341988864
6	77687377375527424
6	77687377375527552
6	77687377375528992
6	77687377375535104
6	77687377375559680
6	77687377442652160
6	77687377442668544
6	77687377711087616
6	77687378113724928
6	77687378147311616
6	77687378247950336
6	77687402878996992
6	77687402910453792
6	77687403111777312
6	77687403111792640
6	77687403111809024
6	77687403145331232
6	77687403145338880
6	77687403212447744
6	77687403917090816
6	77687505989668864
6	77687506190992384
6	77687506224546304
6	77687540349407232
6	77687540584284672
6	77687540584432128
6	77687540617854976
6	77687540617871360
6	77687644401697280
6	77689464733859840
6	77689464738037760
6	77689567473451008
6	77689567473831936
6	77689567511053344
6	77689567515262976
6	77689567540412448
6	77689567540547584
6	77689567542509568
6	77689567542513664
6	77689567542513672
6	77689567542525952
6	77689567542542336
6	77689567548805120
6	77689567548809216
6	77689567609634816
6	77689567615913984
6	77689567741886464
6	77689567743837184
6	77689567808847904
6	77689567808847912
6	77689567808848000
6	77689567875956864
6	77689568547176448
6	77689568547209216
6	77689568547577856
6	77689568580599936
6	77689568681263136
6	77689601870794752
6	77689601872892928
6	77689601902252032
6	77689601937903648
6	77689602101624832
6	77689602103575552
6	77689602105811968
6	77689602139226112
6	77689602139227168
6	77689602139242496
6	77689602139258880
6	77689602143436800
6	77689602168586272
6	77689602168733728
6	77689602170683392
6	77689602170699776
6	77689602170716160
6	77689602172788736
6	77689602176983040
6	77689602237808640
6	77689602239897600
6	77689603443654656
6	77689705017118720
6	77689705218442240
6	77689705247948800
6	77689739376857088
6	77689739607687168
6	77689739645288448
6	77689739645304832
6	77689739645321216
6	77689739649499136
6	77689842422521856
6	77689842426712064
6	77689842489626624
6	77691500277796864
6	77691500477169664
6	77691500510576704
6	77691500544131104
6	77691629460258816
6	77691630164901888
6	77691766773383680
6	77691767570432544
6	77691767570440192
6	77691767572398592
6	77691775090823680
6	77691775122161664
6	77691775124246528
6	77691775124250624
6	77691775128440832
6	77691775157932576
6	77691775159898624
6	77691775189258240
6	77691775355076608
6	77691775355092992
6	77691775355461632
6	77691775357028352
6	77691775359123968
6	77691775359255040
6	77691775359264768
6	77691775359271424
6	77691775363318272
6	77691775390597120
6	77691775392677888
6	77691775392679968
6	77691775392686080
6	77691775392686088
6	77691775392694272
6	77691775392710656
6	77691775396872192
6	77691775396888576
6	77691775396904960
6	77691775422177280
6	77691775424135680
6	77691775426232864
6	77691775426240512
6	77691775430434816
6	77691775455592480
6	77691775497543680
6	77691776160374784
6	77691776162333184
6	77691776195887104
6	77691776195919872
6	77691776202186752
6	77691776697106432
6	77691801162489856
6	77691801166684160
6	77691801965699072
6	77691903969595392
6	77691904002756608
6	77691904002760704
6	77691904004719104
6	77691904040374272
6	77691904040378368
6	77691904044568576
6	77691904044572672
6	77691904204081152
6	77691904204472832
6	77691904237502472
6	77691904241698816
6	77691904245893120
6	77691904271188480
6	77691904271196160
6	77691904273154560
6	77691904273154568
6	77691904273156096
6	77691904275251712
6	77691904279446016
6	77691904304611328
6	77691904338165760
6	77691904606601216
6	77691905009385984
6	77691905042808832
6	77691905043341312
6	77691905044908032
6	77691905680343040
6	77691938398015488
6	77691938630934528
6	77691938632892928
6	77691938666446848
6	77691938666463232
6	77691938666479616
6	77691938668552192
6	77691938672746496
6	77692041651290624
6	77692042448347136
6	77692042450305536
6	77693828416536640
6	77693828424794112
6	77693828487708672
6	77693828689035264
6	77693965830193152
6	77693965855490080
6	77693965857456128
6	77693965924564992
6	77693966629208064
6	77694102996516864
6	77694102997045248
6	77694103030206464
6	77694103030210560
6	77694103065722880
6	77694103065726976
6	77694103065726984
6	77694103065739264
6	77694103065755648
6	77694103227727872
6	77694103231531008
6	77694103264952320
6	77694103264952328
6	77694103265476608
6	77694103265492992
6	77694103265509376
6	77694103294443520
6	77694103298637824
6	77694103298646016
6	77694103298646024
6	77694103298654208
6	77694103298670592
6	77694103299039232
6	77694103300605952
6	77694103302701056
6	77694103332061184
6	77694103336255488
6	77694103369809920
6	77694103566942208
6	77694103571136512
6	77694104032641024
6	77694104074452992
6	77694104569905152
6	77694104711987200
6	77694137425465344
6	77694137624690688
6	77694137658384384
6	77694137693896704
6	77694137693913088
6	77694137693929472
6	77694240402051072
6	77694240538234880
6	77694240674545664
6	77694240735363072
6	77694240938786816
6	77694241473560576
6	77694242016722944
6	77696302351122432
6	77696441031589888
6	77704694616687680
6	77704694617096192
6	77704694620751872
6	77704694624945152
6	77704694889186304
6	77704720388457472
6	77704720390554112
6	77704721728536576
6	77704823532683272
6	77704857863062528
6	77704857892569088
6	77704857896616448
6	77704857925976128
6	77704961709965824
6	77704969494594560
6	77704969498789376
6	77704969532212224
6	77704969532213248
6	77704969536406528
6	77704969561702400
6	77704969561718784
6	77704969561735168
6	77704969562103808
6	77704969563670528
6	77704969565766144
6	77704969569960448
6	77704969595125760
6	77704969595125888
6	77704969628680192
6	77704969830006784
6	77704970333323264
6	77704970970857472
6	77704995299918848
6	77704995333472768
6	77704995364929568
6	77705098444144640
6	77705098444144648
6	77705132803883008
6	77705236621295616
6	77707022560133128
6	77707056920018944
6	77707159728553984
6	77707159928307712
6	77707159965532168
6	77707159995023360
6	77707159996989440
6	77707159996989448
6	77707160003280896
6	77707160070389760
6	77707160271716352
6	77707160733220864
6	77707160775032832
6	77707160869404672
6	77707161270484992
6	77707194325270528
6	77707194327368704
6	77707194356727808
6	77707194358964224
6	77707194392379424
6	77707297203159040
6	77707297434370048
6	77707297438173184
6	77707297471594496
6	77707297471594504
6	77707331831332864
6	77707434881187840
6	77707434944102400
6	77707435145428992
6	77709083804828224
6	77709083804860416
6	77709083805229056
6	77709083838251136
6	77709083938914336
6	77709084140240936
6	77709084207349792
6	77709084475785344
6	77709084878569984
6	77709084878570112
6	77709084878571552
6	77709084878577664
6	77709084878602240
6	77709084878970880
6	77709084911992864
6	77709084911992872
6	77709084911992960
6	77709085012656160
6	77709092394778624
6	77709092398973440
6	77709092428185664
6	77709092432379904
6	77709092432396288
6	77709092432412672
6	77709092461740064
6	77709092461879360
6	77709092461887520
6	77709092463837184
6	77709092463853568
6	77709092463869952
6	77709092495294560
6	77709092530962432
6	77709092663214080
6	77709092696621120
6	77709092730175520
6	77709092730175528
6	77709092730175616
6	77709092730306560
6	77709092730306624
6	77709092730306688
6	77709092730307136
6	77709092730308704
6	77709092730314816
6	77709092730322944
6	77709092730322976
6	77709092730322984
6	77709092730323072
6	77709092730339328
6	77709092730699808
6	77709092730707968
6	77709092730708032
6	77709092730708096
6	77709092730716192
6	77709092732272640
6	77709092732289024
6	77709092732305408
6	77709092734402560
6	77709092738564096
6	77709092738596864
6	77709092763729920
6	77709092763729984
6	77709092763730016
6	77709092763730024
6	77709092763730048
6	77709092797284352
6	77709092797284416
6	77709092797284480
6	77709092799397888
6	77709092801478656
6	77709092801495040
6	77709092801511424
6	77709092805672960
6	77709092805705728
6	77709093065719872
6	77709093069914112
6	77709093069930496
6	77709093069946880
6	77709093468504064
6	77709093468536832
6	77709093468905472
6	77709093501927424
6	77709093501927552
6	77709093510316032
6	77709093510348800
6	77709093602590752
6	77709093604687872
6	77709093604720640
6	77709094005243904
6	77709094139461632
6	77709094139461760
6	77709094542114816
6	77709118200102912
6	77709118233649152
6	77709118433002048
6	77709118433017856
6	77709118433034240
6	77709118433402880
6	77709118466424896
6	77709118466424960
6	77709118499979296
6	77709118502076416
6	77709118502084608
6	77709118502092800
6	77709118502109184
6	77709118533533728
6	77709118533533792
6	77709118567088160
6	77709118569185280
6	77709118569201664
6	77709118569218048
6	77709119238316032
6	77709119271731232
6	77709119273828352
6	77709119273861120
6	77709119374499840
6	77709119775047680
6	77709221612748800
6	77709221612748864
6	77709221612748928
6	77709221646303232
6	77709222350946304
6	77709222988480512
6	77709255706165248
6	77709255939063808
6	77709255939064384
6	77709255939080192
6	77709255939096576
6	77709255939465216
6	77709255941571072
6	77709255943258624
6	77709255943275008
6	77709255972487168
6	77709255972487232
6	77709255972487296
6	77709255973019712
6	77709255974600704
6	77709255976681472
6	77709255976697856
6	77709255976714240
6	77709255980875776
6	77709255980908544
6	77709256006041600
6	77709256710684672
6	77709257348218880
6	77709358682735232
6	77709358682767360
6	77709358683136000
6	77709358685225472
6	77709358685235200
6	77709358685241856
6	77709358686929408
6	77709358686945792
6	77709358716690432
6	77709358718287872
6	77709358724579328
6	77709358749844000
6	77709358749851648
6	77709358783266848
6	77709358951170688
6	77709358951178248
6	77709358951202816
6	77709358951571456
6	77709359051702304
6	77709359051702312
6	77709359051702400
6	77709359362113536
6	77709359756476928
6	77709359756476960
6	77709359756476968
6	77709359756477056
6	77709359756484608
6	77709359756509184
6	77709359756877824
6	77709359758967296
6	77709359758977024
6	77709359790432256
6	77709359792005120
6	77709359792005128
6	77709359792029696
6	77709359798321152
6	77709367272685568
6	77709367272701952
6	77709367273070592
6	77709367275176448
6	77709367276864000
6	77709367276880384
6	77709367308206080
6	77709367308730368
6	77709367310286848
6	77709367310303232
6	77709367310319616
6	77709367310819328
6	77709367310835712
6	77709367314481152
6	77709367314513920
6	77709367339786240
6	77709367343972896
6	77709367343980544
6	77709367343989280
6	77709367343996928
6	77709367345938944
6	77709367373201440
6	77709367375298560
6	77709367375314944
6	77709367375331328
6	77709367541121024
6	77709367541137408
6	77709367541506048
6	77709367543611904
6	77709367545299456
6	77709367545315840
6	77709367576641536
6	77709367576641544
6	77709367578722304
6	77709367578738688
6	77709367578755072
6	77709367582916608
6	77709367582949376
6	77709367608213504
6	77709367608214016
6	77709367608214144
6	77709367608215584
6	77709367608221696
6	77709367608229888
6	77709367608246272
6	77709367608614912
6	77709367612309504
6	77709367612407808
6	77709367612408320
6	77709367612408352
6	77709367612408360
6	77709367612408448
6	77709367612416000
6	77709367612424192
6	77709367612424704
6	77709367612424736
6	77709367612424744
6	77709367612424832
6	77709367612432384
6	77709367612440576
6	77709367612801568
6	77709367612809216
6	77709367612825600
6	77709367614374400
6	77709367616471040
6	77709367616503808
6	77709367641636864
6	77709367641636896
6	77709367641636904
6	77709367641636992
6	77709367642161184
6	77709367642169344
6	77709367642169472
6	77709367642177568
6	77709367643734016
6	77709367643750400
6	77709367643766784
6	77709367645831168
6	77709367645847552
6	77709367645863936
6	77709367650025472
6	77709367650058240
6	77709367675191296
6	77709367683579904
6	77709367683612672
6	77709367943626752
6	77709367952015360
6	77709367952048128
6	77709368346411008
6	77709368346411520
6	77709368346411648
6	77709368346419200
6	77709368346443776
6	77709368346812416
6	77709368348901888
6	77709368348911616
6	77709368379834368
6	77709368380366848
6	77709368381931520
6	77709368381964288
6	77709368382455808
6	77709368382488576
6	77709368388222976
6	77709368388255744
6	77709368883150848
6	77709369017368576
6	77709369025757184
6	77709369025789952
6	77709369420021760
6	77709393078009856
6	77709393078026240
6	77709393078542336
6	77709393145110528
6	77709393310909056
6	77709393310924800
6	77709393310941184
6	77709393311309824
6	77709393313399296
6	77709393313409024
6	77709393313415680
6	77709393315103232
6	77709393315119616
6	77709393344864256
6	77709393346445312
6	77709393346461696
6	77709393348526080
6	77709393348542464
6	77709393348558848
6	77709393352720384
6	77709393352753152
6	77709393378017824
6	77709393378025472
6	77709393384178176
6	77709393411440672
6	77709393413537792
6	77709393413545984
6	77709393413554176
6	77709393413570560
6	77709394116215328
6	77709394116222976
6	77709394151735296
6	77709394151743488
6	77709394151768064
6	77709394152267776
6	77709394652954624
6	77709496188805120
6	77709496224317440
6	77709496224333824
6	77709496224350208
6	77709496390125568
6	77709496423546888
6	77709496424071168
6	77709496424087552
6	77709496424103936
6	77709496457232384
6	77709496457232896
6	77709496457233024
6	77709496457240576
6	77709496457240584
6	77709496457248768
6	77709496457265152
6	77709496457633792
6	77709496490655744
6	77709496490655872
6	77709496491188224
6	77709496494850048
6	77709496494866432
6	77709496494882816
6	77709496499044352
6	77709496499077120
6	77709496524210176
6	77709496792645632
6	77709497195430400
6	77709497228853248
6	77709497229385728
6	77709497866387456
6	77709530548543488
6	77709530584055808
6	77709530584072192
6	77709530584088576
6	77709530584604672
6	77709530816970752
6	77709530816971264
6	77709530816971392
6	77709530816978944
6	77709530816987136
6	77709530817003520
6	77709530817372160
6	77709530819461632
6	77709530819471360
6	77709530819478016
6	77709530821165568
6	77709530821181952
6	77709530850394112
6	77709530850394240
6	77709530850926592
6	77709530850926720
6	77709530852491264
6	77709530852507648
6	77709530852524032
6	77709530854588416
6	77709530854604800
6	77709530854621184
6	77709530855120896
6	77709530855137280
6	77709530858782720
6	77709530858815488
6	77709530883948544
6	77709531152384000
6	77709531555168768
6	77709531588591616
6	77709531589124096
6	77709532226125824
6	77709633560657920
6	77709633560674304
6	77709633561042944
6	77709633563148800
6	77709633564836352
6	77709633564852736
6	77709633596178432
6	77709633598259200
6	77709633598275584
6	77709633598291968
6	77709633602453504
6	77709633602486272
6	77709633627758592
6	77709633696825344
6	77709633696841728
6	77709633696858112
6	77709633829093376
6	77709633829109760
6	77709633829478400
6	77709633929609216
6	77709634231599104
6	77709634235793408
6	77709634235809792
6	77709634235826176
6	77709634239987712
6	77709634240020480
6	77709634634383360
6	77709634634383872
6	77709634634391552
6	77709634634416128
6	77709634634784768
6	77709634636874240
6	77709634636883968
6	77709634667806720
6	77709634668339200
6	77709634669903872
6	77709634669936640
6	77709634676195328
6	77709634676228096
6	77709634770567168
6	77709634770575360
6	77709634770599936
6	77709635305340928
6	77711282830589952
6	77711282832293888
6	77711282832310272
6	77711282832678912
6	77711282865700992
6	77711282895192160
6	77711282897158144
6	77711282897158208
6	77711282897158272
6	77711282899255328
6	77711282964267072
6	77711282966364192
6	77711283096518720
6	77711283104776192
6	77711283232702528
6	77711283234799648
6	77711283234799744
6	77711283238993920
6	77711283503235200
6	77711283901825024
6	77711283901825152
6	77711283902218272
6	77711283903791104
6	77711283904315392
6	77711283904348160
6	77711283910082560
6	77711283943636992
6	77711284038008832
6	77711284038008960
6	77711284446953472
6	77711317227552768
6	77711317261099008
6	77711317456257088
6	77711317458763776
6	77711317460451328
6	77711317460467712
6	77711317460484096
6	77711317460852736
6	77711317462419456
6	77711317464514560
6	77711317493874688
6	77711317493874816
6	77711317523365984
6	77711317525331968
6	77711317525332032
6	77711317525332096
6	77711317527429152
6	77711317558886464
6	77711317560983584
6	77711317592440896
6	77711317594538016
6	77711317596635136
6	77711317596651520
6	77711317596667904
6	77711317728755712
6	77711318263529472
6	77711318806691840
6	77711420602581056
6	77711420610838528
6	77711420640198656
6	77711420640198784
6	77711420673753088
6	77711420875079680
6	77711454733615104
6	77711454962319424
6	77711454964826112
6	77711454966513664
6	77711454966530048
6	77711454966546432
6	77711454966915072
6	77711454970576896
6	77711454999937024
6	77711454999937152
6	77711455002050560
6	77711455033491456
6	77711557742051328
6	77711557744140288
6	77711557747802112
6	77711557773099040
6	77711557775065088
6	77711557775597568
6	77711557777301504
6	77711557808619520
6	77711557808619648
6	77711557810716704
6	77711557842173952
6	77711558016237568
6	77711558041534464
6	77711558041534496
6	77711558041534504
6	77711558041534592
6	77711558041927712
6	77711558043500544
6	77711558049792000
6	77711558079152160
6	77711558079152168
6	77711558079152256
6	77711558083346432
6	77711558110609408
6	77711558116900864
6	77711558385336320
6	77711558779731968
6	77711558813679648
6	77711558815252480
6	77711558815776768
6	77711558815809536
6	77711558821543936
6	77711558915915776
6	77711559459078144
6	77711592172560384
6	77711592370225152
6	77711592371781632
6	77711592372314112
6	77711592373880832
6	77711592375975936
6	77711592401272864
6	77711592403238912
6	77711592403771392
6	77711592405475328
6	77711592436793344
6	77711592436793472
6	77711592438890528
6	77711592440987648
6	77711592440995840
6	77711592441004032
6	77711592441020416
6	77711592470347776
6	77711593174990848
6	77711695182561280
6	77711695216254976
6	77711695251767296
6	77711695251783680
6	77711695251800064
6	77711695413772288
6	77711695417575424
6	77711695450996736
6	77711695450996744
6	77711695451521024
6	77711695451537408
6	77711695451553792
6	77711695480487936
6	77711695484682240
6	77711695484690432
6	77711695484690440
6	77711695484698624
6	77711695484715008
6	77711695485083648
6	77711695486650368
6	77711695488745472
6	77711695518105600
6	77711695520202752
6	77711695520202760
6	77711695520204800
6	77711695520219136
6	77711695520219144
6	77711695520235520
6	77711695522299904
6	77711695555854336
6	77711695752986624
6	77711695757180928
6	77711696218685440
6	77711696260497408
6	77711696755949568
6	77711696898031616
6	77711729542299648
6	77711729575993344
6	77711729611505664
6	77711729611522048
6	77711729611538432
6	77711729612054528
6	77711729810735104
6	77711729840226304
6	77711729844420608
6	77711729844428800
6	77711729844436992
6	77711729844453376
6	77711729844822016
6	77711729846921216
6	77711729848483840
6	77711729876287488
6	77711729877843968
6	77711729878376448
6	77711729879941120
6	77711729879957504
6	77711729879973888
6	77711729880465408
6	77711729880481792
6	77711729880489984
6	77711729880498176
6	77711729882038272
6	77711729915592704
6	77711730578423808
6	77711730620235776
6	77711731257769984
6	77711832586403840
6	77711832588107776
6	77711832588124160
6	77711832588492800
6	77711832621514752
6	77711832623628288
6	77711832652972032
6	77711832655208448
6	77711832657166336
6	77711832657174528
6	77711832657182720
6	77711832657199104
6	77711832724275200
6	77711832724291584
6	77711832724307968
6	77711832854839296
6	77711832856526848
6	77711832856543232
6	77711832856559616
6	77711832856928256
6	77711832858494976
6	77711832860590080
6	77711832889950208
6	77711832919441408
6	77711832921407488
6	77711832927698944
6	77711832961253376
6	77711832990613504
6	77711832992710656
6	77711832992727040
6	77711832992743424
6	77711832994807808
6	77711833124831232
6	77711833259048960
6	77711833657638912
6	77711833659604992
6	77711833660129280
6	77711833660162048
6	77711833665896448
6	77711833699450880
6	77711833793822720
6	77711834202767360
6	77711834336985088
6	77713481851355136
6	77713481918316576
6	77713482455187584
6	77713482925080576
6	77713482925113344
6	77713482925481984
6	77713482958504064
6	77713483059167264
6	77713619357417472
6	77713619390824512
6	77713619894681600
6	77713620498120704
6	77713756796362752
6	77713756829777952
6	77713757836943360
6	77713894537166848
6	77714031607169024
6	77714031644770304
6	77714031644786688
6	77714031644803072
6	77714031648980992
6	77714031678332928
6	77714031682527232
6	77714031875604480
6	77714032144433152
6	77714032211001344
6	77714032219389952
6	77714032219406336
6	77714032219422720
6	77714032286515200
6	77714032680894464
6	77714032680927232
6	77714032681295872
6	77714032714317824
6	77714032722706432
6	77714032722739200
6	77714032823377920
6	77714033217634304
6	77714033218158592
6	77714033218191360
6	77714033351852032
6	77722587483881472
6	77726950904315904
6	77726951137230848
6	77726951137247232
6	77726951139182592
6	77726951978041344
6	77726951978074112
6	77726985532489728
6	77727226015137792
6	77731623830831104
6	77757463390061088
6	77757463390061096
6	77757463390061184
6	77757470910448128
6	77757470910457856
6	77757470973370368
6	77757471174721536
6	77757471979995648
6	77757471979995776
6	77757471980003328
6	77757471980027904
6	77757471980126208
6	77757471980158976
6	77757471980527616
6	77757471988384256
6	77757471988393984
6	77757472013549568
6	77757472013582336
6	77757472114221056
6	77757472516866048
6	77757472516898816
6	77757473053736960
6	77757496944493184
6	77757497212960768
6	77757497749799456
6	77757497749807104
6	77757497751896576
6	77757497751906304
6	77757497783361536
6	77757498286669824
6	77757498286702592
6	77757600023709696
6	77757600829014528
6	77757600862568448
6	77757600862601216
6	77757600963239936
6	77757601365886976
6	77757634182127616
6	77757634450555392
6	77757634450555520
6	77757634450563072
6	77757634450587648
6	77757634517663744
6	77757634517696512
6	77757635188752896
6	77757635222306816
6	77757635222339584
6	77757635322978304
6	77757635859841024
6	77757635859873792
6	77758012105719808
6	77758012206358528
6	77758013145874944
6	77758013280100352
6	77759661406683168
6	77759662446870656
6	77759662547533856
6	77759696034856992
6	77759697309925376
6	77759798849839104
6	77759799051159552
6	77759833209577472
6	77759833478012928
6	77759833478037504
6	77759833482199040
6	77759833482231808
6	77760211133136896
6	77760211133169664
6	77760211164594176
6	77760211164626944
6	77760211166699520
6	77760211170893824
6	77760211233808384
6	77760211498041344
6	77760212169261056
6	77760212169293824
6	77760212169662464
6	77760212202684416
6	77760212211073024
6	77760212211105792
6	77760212305444864
6	77760212305477632
6	77760212311744512
6	77760212706000896
6	77760212840218624
6	77760213242871808
6	77766396250947584
6	77766396452274176
6	77766396955590656
6	77766397593124864
6	77766808202911744
6	77766808433754112
6	77766808434122752
6	77766809239035904
6	77766809775767552
6	77792646956843016
6	77792648299020296
6	77792682658758656
6	77793196846874624
6	77793197551517696
6	77793198189051904
6	77801442850635776
6	77801443855302656
6	77801992574992384
6	77801992843427840
6	77801992872919040
6	77801992881176576
6	77801992948285440
6	77801993611116544
6	77801993652928512
6	77801994290462720
6	78250077887403008
6	78250077887403584
6	78250078153736768
6	78250078153737824
6	78250078153745408
6	78250078153745472
6	78250078153745536
6	78250078153760768
6	78250078153768960
6	78250078422188032
6	78250180968715776
6	78250180998075456
6	78250181031629376
6	78250181031649280
6	78250181232952896
6	78250181232969728
6	78250215328454144
6	78250215357813824
6	78250215362008064
6	78250215391367744
6	78250215391387648
6	78250215395561984
6	78250215659799104
6	78250215659808832
6	78250215659815424
6	78250215659815552
6	78250215659823104
6	78250215659831296
6	78250215726923776
6	78250318407669248
6	78250318411863552
6	78250318470582784
6	78250318470582912
6	78250318470586368
6	78250318470595104
6	78250318470602752
6	78250318537711616
6	78250318671913984
6	78250318671921664
6	78250319477211648
6	78250319477221376
6	78250353031652352
6	78250353031660032
6	78250353065213952
6	78250353098760192
6	78250353098768928
6	78250353098776576
6	78250353165885440
6	78250455875982336
6	78250455943090176
6	78250455943110656
6	78250456110859776
6	78250456144413696
6	78250456144431104
6	78250456177984000
6	78250490235720704
6	78250490302828544
6	78250490302849024
6	78250490537722368
6	78250490571276288
6	78250490571284480
6	78250490571292672
6	78250593289770496
6	78250593314935808
6	78250593415598080
6	78250593415618560
6	78250593549820928
6	78252242615931008
6	78252242615935040
6	78252242683039808
6	78252243622592512
6	78252277181195264
6	78252277244108864
6	78252277244117024
6	78252380059099136
6	78252380260419584
6	78252414418837504
6	78252414687272960
6	78252414691459072
6	78252517427253248
6	78252517427254304
6	78252517427273728
6	78252517428827136
6	78252517430925312
6	78252517430929408
6	78252517435118592
6	78252517435119616
6	78252517460295680
6	78252517464473600
6	78252517464474656
6	78252517464477696
6	78252517464478720
6	78252517464478752
6	78252517464478760
6	78252517464478848
6	78252517464479744
6	78252517464479872
6	78252517464489984
6	78252517464498176
6	78252517464506368
6	78252517468673024
6	78252517468684288
6	78252517493837952
6	78252517493841920
6	78252517493850144
6	78252517495930880
6	78252517495934976
6	78252517495934984
6	78252517495937024
6	78252517495937152
6	78252517495947264
6	78252517495955456
6	78252517495963648
6	78252517498034208
6	78252517498036224
6	78252517498052608
6	78252517502226432
6	78252517502230528
6	78252517502246912
6	78252517527392256
6	78252517527392384
6	78252517527404576
6	78252517560946688
6	78252517565140992
6	78252517565161472
6	78252517569335296
6	78252517569355776
6	78252517695161376
6	78252517695193088
6	78252517695709184
6	78252517697258496
6	78252517697275904
6	78252517699363840
6	78252517699364864
6	78252517703558144
6	78252517728731136
6	78252517762269312
6	78252517762271264
6	78252517762277376
6	78252517762285600
6	78252517762285608
6	78252517762285696
6	78252517762301952
6	78252517829378048
6	78252517829394432
6	78252517829394560
6	78252517829410816
6	78252517963612160
6	78252518097829888
6	78252518097830016
6	78252518500499456
6	78252518534021120
6	78252518534053888
6	78252518634692608
6	78252519037337600
6	78252519037370368
6	78252519574208512
6	78252551788565504
6	78252551824216064
6	78252551824217120
6	78252551824236544
6	78252551826314240
6	78252551855673344
6	78252551855693824
6	78252552054899744
6	78252552054931456
6	78252552055447552
6	78252552056996864
6	78252552057014272
6	78252552059102208
6	78252552059103232
6	78252552063296512
6	78252552088469504
6	78252552092647424
6	78252552092648480
6	78252552092656640
6	78252552092656768
6	78252552092663808
6	78252552092672000
6	78252552092680192
6	78252552096858112
6	78252552122015744
6	78252552122023968
6	78252552124104704
6	78252552124121088
6	78252552124129280
6	78252552124137472
6	78252552126210048
6	78252552126226432
6	78252552130404352
6	78252552130420736
6	78252552155578400
6	78252552193335296
6	78252552197529600
6	78252552323350528
6	78252553397075968
6	78252553397108736
6	78252654903432192
6	78252654970540032
6	78252654970560512
6	78252655171863552
6	78252655171880960
6	78252655201255424
6	78252655201771520
6	78252655203338240
6	78252655205427200
6	78252655234793472
6	78252655234793600
6	78252655268347904
6	78252655469674496
6	78252689263170560
6	78252689330278400
6	78252689330298880
6	78252689560993792
6	78252689561509888
6	78252689565165568
6	78252689594531840
6	78252689594531968
6	78252689598709760
6	78252689598726144
6	78252689598734336
6	78252689598742528
6	78252689602920448
6	78252689628086272
6	78252792308832256
6	78252792313025536
6	78252792375959552
6	78252792380133376
6	78252792380153856
6	78252792443047936
6	78252792443068416
6	78252792577270784
6	78252792640208896
6	78252792707301376
6	78252793378406400
6	78254441639186464
6	78254441840509504
6	78254441840541696
6	78254442645823488
6	78254579082334720
6	78254579111694400
6	78254579346571840
6	78254579346604032
6	78254579413696512
6	78254579615023104
6	78254716452083712
6	78254716452094464
6	78254716454179328
6	78254716458373632
6	78254716521288224
6	78254716550647840
6	78254716718416512
6	78254716718424072
6	78254716718448640
6	78254716720529920
6	78254716722610688
6	78254716722620416
6	78254716722627072
6	78254716726804992
6	78254716726814720
6	78254716726821376
6	78254716752003072
6	78254716785525280
6	78254716785532928
6	78254716852641792
6	78254716986884096
6	78254717523722784
6	78254717523730432
6	78254717525819904
6	78254717525829632
6	78254717557284864
6	78254718060625920
6	78254751080268288
6	78254751115911168
6	78254751115927552
6	78254751120121856
6	78254853922504704
6	78254853926688768
6	78254853956050944
6	78254853958146048
6	78254853958156800
6	78254853960241664
6	78254853964435968
6	78254853989601280
6	78254853989601408
6	78254853993795584
6	78254853993799680
6	78254853993816064
6	78254853997989888
6	78254853998010368
6	78254854023155712
6	78254854157371392
6	78254854157910528
6	78254854190940160
6	78254854190940168
6	78254854195120128
6	78254854195136512
6	78254854199330816
6	78254854224478720
6	78254854224478848
6	78254854224486400
6	78254854224486408
6	78254854224510976
6	78254854226577408
6	78254854226592256
6	78254854226592264
6	78254854226593792
6	78254854228673024
6	78254854228682752
6	78254854228689408
6	78254854232867328
6	78254854232877056
6	78254854232883712
6	78254854258032640
6	78254854258049024
6	78254854258065408
6	78254854291587072
6	78254854291603456
6	78254854291619840
6	78254854492913664
6	78254854492930048
6	78254854492946432
6	78254854560038912
6	78254854962676224
6	78254854996230144
6	78254854996262912
6	78254855096901632
6	78254855499548672
6	78254855633764352
6	78254855633797120
6	78254888550678528
6	78254888584224768
6	78254888586330624
6	78254888619884544
6	78254888621973504
6	78254888621989888
6	78254888626184192
6	78254991332086272
6	78254991596355584
6	78254991604728320
6	78254991629893632
6	78254991663439872
6	78254991864774656
6	78254992401637376
6	78254992938500096
6	78254992938532864
6	78256640597442560
6	78256640603721728
6	78256640731648064
6	78256640863764608
6	78256640865878016
6	78256640897318976
6	78256640930873440
6	78256640997982304
6	78256641132200000
6	78256641136410624
6	78256641136427008
6	78256641140604928
6	78256642205941888
6	78256675225616384
6	78256675261268000
6	78256778072047616
6	78256778103504896
6	78256778105593856
6	78256778109784064
6	78256778139144192
6	78256778139144320
6	78256778172698624
6	78256778303258624
6	78256778306914304
6	78256778340483072
6	78256778340483080
6	78256778369826944
6	78256778371926080
6	78256778371940352
6	78256778374029312
6	78256778374053888
6	78256778378215424
6	78256778378231808
6	78256778378248192
6	78256778403381312
6	78256778436935744
6	78256778441129984
6	78256778441146368
6	78256778441162752
6	78256778445340672
6	78256778638262336
6	78256778642456576
6	78256778642472960
6	78256778642489344
6	78256778646667264
6	78256778709581824
6	78256812700221440
6	78256812731678720
6	78256812733767680
6	78256915510988800
6	78256915542446080
6	78256915578097696
6	78256915779420160
6	78256915779436544
6	78256915779452928
6	78256915783630848
6	78256915808780320
6	78256915810877440
6	78256915810893824
6	78256915810910208
6	78256915812982784
6	78256915817177088
6	78256915878002688
6	78256915880091648
6	78256917083848704
6	78257052912717824
6	78257052949938176
6	78257052949942272
6	78257052949942280
6	78257052949954560
6	78257052949970944
6	78257052950466560
6	78257052950487040
6	78257052952053760
6	78257052954148864
6	78257052983500800
6	78257052985595904
6	78257052987691008
6	78257053014966272
6	78257053017051136
6	78257053019144192
6	78257053019148288
6	78257053019148296
6	78257053019150336
6	78257053019150464
6	78257053019160576
6	78257053019168768
6	78257053019176960
6	78257053021245440
6	78257053054799872
6	78257053181149184
6	78257053181165568
6	78257053181181952
6	78257053183264768
6	78257053184821248
6	78257053189015552
6	78257053214720000
6	78257053218373632
6	78257053218375680
6	78257053218390016
6	78257053218390024
6	78257053218406400
6	78257053218897920
6	78257053218914304
6	78257053218922496
6	78257053218930688
6	78257053220489216
6	78257053222584320
6	78257053251936256
6	78257053251936264
6	78257053251960832
6	78257053252460544
6	78257053252476928
6	78257053254027264
6	78257053254043648
6	78257053256122368
6	78257053256138752
6	78257053256155136
6	78257053281288192
6	78257053281288320
6	78257053283401728
6	78257053283401736
6	78257053285482496
6	78257053285498880
6	78257053285515264
6	78257053289676800
6	78257053289693184
6	78257053289709568
6	78257053314842624
6	78257053323231232
6	78257053323247616
6	78257053323264000
6	78257053516169216
6	78257053520363520
6	78257053520379904
6	78257053520396288
6	78257053524557824
6	78257053524574208
6	78257053524590592
6	78257053591683072
6	78257054522802176
6	78257054657019904
6	78257054665408512
6	78257054665441280
6	78257055059673088
6	78257087309680640
6	78257087378886656
6	78257087378907136
6	78257087578112000
6	78257087578128384
6	78257087578144768
6	78257087578660864
6	78257087580227584
6	78257087582322688
6	78257087611674624
6	78257087643140096
6	78257087647318016
6	78257087647334400
6	78257087647342592
6	78257087647350784
6	78257088882540544
6	78257190353256448
6	78257190357440512
6	78257190359535616
6	78257190388895744
6	78257190491656192
6	78257190491676672
6	78257190621691904
6	78257190623805440
6	78257190627966976
6	78257190627983360
6	78257190627999744
6	78257190661537792
6	78257190688800768
6	78257190690889728
6	78257190755909632
6	78257190892208128
6	78257190892224512
6	78257190892240896
6	78257190896418816
6	78257191961755648
6	78257191970144256
6	78257191970177024
6	78258840155471872
6	78258977460207616
6	78258977661534208
6	78259114832044032
6	78259252036112384
6	78259252304543744
6	78259252304560128
6	78259252304576512
6	78259389642866688
6	78259389911285760
6	78259390985011200
6	78259390985043968
6	78267635980042248
6	78267635980042816
6	78267635980042824
6	78267635980043392
6	78267635980044288
6	78267635980044416
6	78267635980058632
6	78267635980075008
6	78267636248478848
6	78267636248494088
6	78267636785381376
6	78267670339781184
6	78267670339813376
6	78267670340329472
6	78267670341878784
6	78267670341879360
6	78267670341896192
6	78267670343984128
6	78267670343991808
6	78267670348178432
6	78267670373351424
6	78267670608232448
6	78267671681957888
6	78267671681990656
6	78267773154756096
6	78267773184115776
6	78267773217669696
6	78267773217701888
6	78267773284794368
6	78267773418996744
6	78267773423191552
6	78267773423191560
6	78267773452551232
6	78267773452551240
6	78267773486104584
6	78267773486105152
6	78267773486105160
6	78267773486106624
6	78267773486106688
6	78267773486106752
6	78267773486120968
6	78267773486137344
6	78267773553229824
6	78267773754542144
6	78267773754556416
6	78267773754556424
6	78267774224304128
6	78267774358552576
6	78267807782929920
6	78267807812289600
6	78267807816483840
6	78267807816501248
6	78267807845843520
6	78267807845875712
6	78267807846391808
6	78267807847958528
6	78267807850037760
6	78267807850047488
6	78267807850054144
6	78267807854248448
6	78267807879397440
6	78267807879413760
6	78267807879413888
6	78267807912968192
6	78267808114294784
6	78267910656630784
6	78267910857951232
6	78267910862145024
6	78267910866339328
6	78267910925058560
6	78267910925058688
6	78267910925066240
6	78267910925066248
6	78267910925090816
6	78267910992199680
6	78267911193526272
6	78267911663256064
6	78267911696842752
6	78267911797481472
6	78267912200128512
6	78267945251258368
6	78267945255445504
6	78267945284804608
6	78267945286910464
6	78267945318367264
6	78268048129146880
6	78268048129163264
6	78268048297428480
6	78268048330458112
6	78268048330458120
6	78268048364013568
6	78268048397565952
6	78268048397565960
6	78268048397568000
6	78268048397568128
6	78268048397582336
6	78268048397582344
6	78268048397598720
6	78268048632449024
6	78268082690196480
6	78268082757304320
6	78268082757320704
6	78268082757337088
6	78268082757853184
6	78268082759419904
6	78268185500991488
6	78268185735858176
6	78268185744246272
6	78268185769411584
6	78268185870073856
6	78268185870090240
6	78268185870106624
6	78268186004292608
6	78268186071400448
6	78268186071416832
6	78268186071433216
6	78268186138525696
6	78268187078035456
6	78269835070406784
6	78269835137515584
6	78269835275928576
6	78269835338842176
6	78269869400801280
6	78269869432258560
6	78269869434347520
6	78269972245151744
6	78269972249329664
6	78269972442776640
6	78269972446446600
6	78269972513554440
6	78269972513556480
6	78269972513556608
6	78269972513570824
6	78269972513587200
6	78269972517765120
6	78269972782006272
6	78269972782006280
6	78270006873325568
6	78270006873841664
6	78270006875408384
6	78270006877503488
6	78270006906863616
6	78270007141744640
6	78270109614867456
6	78270109650518016
6	78270109650519072
6	78270109650534400
6	78270109650550784
6	78270109654728704
6	78270109681975296
6	78270109681991680
6	78270109682008064
6	78270109684080640
6	78270109688274944
6	78270109881204744
6	78270109881729024
6	78270109881730080
6	78270109881745408
6	78270109881761792
6	78270109883302912
6	78270109883302920
6	78270109885401088
6	78270109889594368
6	78270109889595392
6	78270109918953472
6	78270109918953480
6	78270109918954496
6	78270109918954528
6	78270109918954536
6	78270109918954624
6	78270109918955520
6	78270109918955648
6	78270109918969856
6	78270109918969864
6	78270109918986240
6	78270109923148800
6	78270109923164160
6	78270109948313728
6	78270109950410752
6	78270109950410760
6	78270109950412800
6	78270109950412928
6	78270109950427136
6	78270109950427144
6	78270109950443520
6	78270109952509984
6	78270109952516096
6	78270109952516104
6	78270109952540672
6	78270109956702208
6	78270109956710400
6	78270109956718592
6	78270109956734976
6	78270109981868032
6	78270109981868160
6	78270110015422464
6	78270110019616768
6	78270110019633152
6	78270110019649536
6	78270110023811072
6	78270110023827456
6	78270110023843840
6	78270110150180864
6	78270110153835520
6	78270110153836544
6	78270110158029824
6	78270110216749056
6	78270110216749184
6	78270110220943360
6	78270110220959744
6	78270110220976128
6	78270110225137664
6	78270110225154048
6	78270110225170432
6	78270110288052224
6	78270110288068608
6	78270110288084992
6	78270110292262912
6	78270110720065536
6	78270111223382016
6	78270111223382024
6	78270111223906304
6	78270111223939072
6	78270111231772672
6	78270111357599744
6	78270111760252928
6	78270144243041280
6	78270144278691840
6	78270144278692896
6	78270144278708224
6	78270144278724608
6	78270144279240704
6	78270144280790016
6	78270144280807424
6	78270144282902528
6	78270144310149120
6	78270144310165504
6	78270144310181888
6	78270144310697984
6	78270144312254464
6	78270144314353664
6	78270144316448768
6	78270144343719936
6	78270144345808896
6	78270144345817120
6	78270145583120384
6	78270247089472512
6	78270247156580352
6	78270247156596736
6	78270247156613120
6	78270247160791040
6	78270247320683520
6	78270247357907968
6	78270247357907976
6	78270247387267080
6	78270247387791360
6	78270247387807744
6	78270247387824128
6	78270247391463424
6	78270247395657728
6	78270247421362176
6	78270247425015808
6	78270247425015816
6	78270247425017856
6	78270247425017984
6	78270247425032192
6	78270247425032200
6	78270247425048576
6	78270247429226496
6	78270247656243200
6	78270247659898880
6	78270248259682304
6	78270281717646336
6	78270281784754176
6	78270281784770560
6	78270281784786944
6	78270281785303040
6	78270281786869760
6	78270281788964864
6	78270384528441344
6	78270384559898624
6	78270384561987584
6	78270384759652352
6	78270384763308032
6	78270384767501312
6	78270384830447616
6	78270384834609152
6	78270384834625536
6	78270384834641920
6	78270384897523712
6	78270384897540096
6	78270384897556480
6	78270384901734400
6	78270385031742464
6	78270385098850304
6	78270385098866688
6	78270385098883072
6	78270385103060992
6	78270385165975552
6	78272033762312704
6	78272033825226784
6	78272034093662240
6	78272034093662248
6	78272034093662336
6	78272034160771200
6	78272034832392192
6	78272034840248832
6	78272034865414272
6	78272034966077472
6	78272068390486528
6	78272068419846208
6	78272068453400608
6	78272068455497728
6	78272068455498304
6	78272068455514112
6	78272068455530496
6	78272068457595424
6	78272068457603072
6	78272068461797376
6	78272068486955104
6	78272068522622976
6	78272068524711936
6	78272069728468992
6	78272171536810496
6	78272171566170176
6	78272205896548864
6	78272205925908544
6	78272205930102784
6	78272205930119168
6	78272205930135552
6	78272205934313472
6	78272308636557312
6	78272308638663168
6	78272308640219648
6	78272308644413952
6	78272308673775648
6	78272308673781760
6	78272308673806336
6	78272308678000640
6	78272308705231360
6	78272308707328544
6	78272308707336192
6	78272308711530496
6	78272308736688160
6	78272308778639360
6	78272308904992768
6	78272308906559488
6	78272308908655104
6	78272308912849408
6	78272308975763968
6	78272308975764000
6	78272308975764008
6	78272308975764096
6	78272308975771648
6	78272308975796224
6	78272308979958272
6	78272308979965952
6	78272308979990528
6	78272309005123616
6	78272309005123624
6	78272309005123712
6	78272309047074816
6	78272309047099392
6	78272309315534848
6	78272309710291488
6	78272309710299136
6	78272309711864320
6	78272309712388608
6	78272309712398336
6	78272309718155776
6	78272309743853568
6	78272309745451008
6	78272309751717888
6	78272309751742464
6	78272309852381184
6	78272343031431168
6	78272343033520128
6	78272343264731136
6	78272343266297856
6	78272343266836992
6	78272343268393472
6	78272343272587776
6	78272343299866624
6	78272343301947392
6	78272343301949472
6	78272343301955584
6	78272343301963776
6	78272343301980160
6	78272343306141696
6	78272343306158080
6	78272343306174464
6	78272343333405184
6	78272343335502368
6	78272343335510016
6	78272343337599488
6	78272343337609216
6	78272343337615872
6	78272343339704320
6	78272343364861984
6	78272343366959104
6	78272343366975488
6	78272343366991872
6	78272343369064448
6	78272343373258752
6	78272343406813184
6	78272344071602688
6	78272344105156608
6	78272344105189376
6	78272344111456256
6	78272344606375936
6	78272446177755136
6	78272446179844096
6	78272446377508864
6	78272446381164544
6	78272446411055104
6	78272446412621824
6	78272446414717440
6	78272446418911744
6	78272446444077056
6	78272446444077184
6	78272446448271360
6	78272446448279552
6	78272446448279560
6	78272446448287744
6	78272446448304128
6	78272446452465664
6	78272446452482048
6	78272446452498432
6	78272446477631488
6	78272446678958080
6	78272447182274560
6	78272447819808768
6	78272480537493504
6	78272480539582464
6	78272480770793472
6	78272480772899328
6	78272480774455808
6	78272480778650112
6	78272480803815424
6	78272480803815552
6	78272480805928960
6	78272480808009728
6	78272480808017920
6	78272480808026112
6	78272480808042496
6	78272480808542208
6	78272480808558592
6	78272480812204032
6	78272480812220416
6	78272480812236800
6	78272480837369856
6	78272481542012928
6	78272482179547136
6	78272583518126592
6	78272583551680512
6	78272583551696896
6	78272583551713280
6	78272583555891200
6	78272583583137792
6	78272583583154176
6	78272583583170560
6	78272583585243136
6	78272583589437440
6	78272583650263040
6	78272583652352000
6	78272583786562048
6	78272583857864704
6	78272583857865216
6	78272583857872896
6	78272583857881088
6	78272583857897472
6	78272583883030528
6	78272583916584960
6	78272583920779264
6	78272583920787456
6	78272583920795648
6	78272583920812032
6	78272583924973568
6	78272583924989952
6	78272583925006336
6	78272584189214720
6	78272584189231104
6	78272584189247488
6	78272584193425408
6	78272584588206080
6	78272584596062720
6	78272584621228032
6	78272584629616640
6	78272584629649408
6	78272584723988480
6	78272584724021248
6	78272584730288128
6	78272585124544512
6	78272585258762240
6	78272585661415424
6	78274232781905984
6	78274232783486976
6	78274232784011264
6	78274232785600512
6	78274232786116608
6	78274232789794816
6	78274232814927936
6	78274232819122176
6	78274232819122304
6	78274232819138560
6	78274232819138592
6	78274232819138600
6	78274232819138688
6	78274232819154944
6	78274232848482400
6	78274232850579520
6	78274232850595840
6	78274232850595968
6	78274232852676640
6	78274232852693024
6	78274232882036832
6	78274232915591264
6	78274232917688384
6	78274232917704704
6	78274232917704832
6	78274232919801888
6	78274233049809024
6	78274233050341440
6	78274233051922432
6	78274233051922440
6	78274233054035968
6	78274233058197504
6	78274233058230272
6	78274233083363392
6	78274233116917856
6	78274233116917864
6	78274233116917888
6	78274233150472192
6	78274233150472256
6	78274233150472288
6	78274233150472296
6	78274233150472320
6	78274233184026624
6	78274233184026688
6	78274233184026720
6	78274233184026752
6	78274233186123840
6	78274233186140160
6	78274233186140288
6	78274233188220928
6	78274233188221056
6	78274233188237312
6	78274233188237344
6	78274233188237440
6	78274233188253696
6	78274233192415232
6	78274233192448000
6	78274233318244416
6	78274233322438656
6	78274233322455040
6	78274233322471424
6	78274233452462144
6	78274233456656384
6	78274233456656512
6	78274233456672768
6	78274233456672896
6	78274233456689152
6	78274233855115392
6	78274233863503872
6	78274233863536640
6	78274234391986176
6	78274234391986304
6	78274234400374784
6	78274234400407552
6	78274234526203904
6	78274234526204032
6	78274234928857088
6	78274267143225344
6	78274267178876960
6	78274267180974080
6	78274267214536704
6	78274267281645568
6	78274267409547392
6	78274267410079808
6	78274267411660800
6	78274267412185088
6	78274267413774336
6	78274267414290432
6	78274267415840768
6	78274267417935872
6	78274267417968640
6	78274267443101760
6	78274267447296000
6	78274267447296128
6	78274267447312384
6	78274267447312416
6	78274267447312512
6	78274267447328768
6	78274267476656224
6	78274267478753344
6	78274267478769664
6	78274267478769792
6	78274267480850464
6	78274267480866848
6	78274267510210656
6	78274267512307776
6	78274267512324096
6	78274267512324224
6	78274267514421280
6	78274267543765088
6	78274267545862208
6	78274267545878528
6	78274267545878656
6	78274267547975712
6	78274267550056448
6	78274267550072832
6	78274267550081024
6	78274267550089216
6	78274267677982784
6	78274267682177024
6	78274267682193408
6	78274267682209792
6	78274268751724544
6	78274268751724672
6	78274268760113152
6	78274268760145920
6	78274370258092032
6	78274370289549312
6	78274370489303040
6	78274370526527488
6	78274370526527496
6	78274370555871360
6	78274370556403776
6	78274370557984768
6	78274370557984776
6	78274370560098304
6	78274370564259840
6	78274370564292608
6	78274370589425728
6	78274370593619968
6	78274370593620096
6	78274370593636352
6	78274370593636480
6	78274370593652736
6	78274370622980160
6	78274370627174400
6	78274370627190784
6	78274370627207168
6	78274370824306752
6	78274370828500992
6	78274370828517376
6	78274370828533760
6	78274370895626240
6	78274404617830400
6	78274404649287680
6	78274404687036416
6	78274404886265856
6	78274404915609728
6	78274404916142144
6	78274404917723136
6	78274404918247424
6	78274404919836672
6	78274404920336384
6	78274404920352768
6	78274404923998208
6	78274404924030976
6	78274404949164096
6	78274404953358336
6	78274404953358464
6	78274404953374720
6	78274404953374848
6	78274404953391104
6	78274404953907200
6	78274404953907328
6	78274404955471872
6	78274404982718528
6	78274404986912768
6	78274404986929152
6	78274404986945536
6	78274405255364608
6	78274507697029120
6	78274507697045504
6	78274507697061888
6	78274507697577984
6	78274507726389280
6	78274507728486400
6	78274507728502784
6	78274507728519168
6	78274507729035264
6	78274507762057216
6	78274507762057344
6	78274507764138016
6	78274507764154400
6	78274507795611648
6	78274507965464576
6	78274507965480960
6	78274507965497344
6	78274507994824736
6	78274507994824744
6	78274507994824832
6	78274507995349024
6	78274507995357184
6	78274507995357312
6	78274507995365408
6	78274507996921856
6	78274507996938240
6	78274507996954624
6	78274507999051776
6	78274508003213312
6	78274508003246080
6	78274508028379136
6	78274508028379264
6	78274508032573440
6	78274508032573472
6	78274508032573480
6	78274508032573568
6	78274508032589824
6	78274508032589856
6	78274508032589864
6	78274508032589952
6	78274508032606208
6	78274508036767744
6	78274508036800512
6	78274508061933568
6	78274508061933696
6	78274508064047104
6	78274508066127872
6	78274508066144256
6	78274508066160640
6	78274508070322176
6	78274508070354944
6	78274508334563328
6	78274508334579712
6	78274508334596096
6	78274508733554688
6	78274508766576640
6	78274508766576768
6	78274508774965248
6	78274508774998016
6	78274508867239968
6	78274508869337088
6	78274508869369856
6	78274509269893120
6	78274509404110848
6	78274509404110976
6	78274509412499456
6	78274509412532224
6	78274509806764032
6	78274542125998080
6	78274542325202944
6	78274542325219328
6	78274542325235712
6	78274542325751808
6	78274542354563104
6	78274542356660224
6	78274542356676608
6	78274542356692992
6	78274542357209088
6	78274542390231040
6	78274542390231168
6	78274542392311840
6	78274542392328224
6	78274542394408960
6	78274542394425344
6	78274542394433536
6	78274542394441728
6	78274542423785472
6	78274543629631488
6	78274645135982592
6	78274645135998976
6	78274645136015360
6	78274645136531456
6	78274645201010688
6	78274645205188608
6	78274645205204992
6	78274645205213184
6	78274645205213192
6	78274645205221376
6	78274645366669320
6	78274645367193600
6	78274645367209984
6	78274645367226368
6	78274645369309184
6	78274645400764416
6	78274645404418048
6	78274645404418056
6	78274645404434432
6	78274645404434440
6	78274645404450816
6	78274645404942336
6	78274645404958720
6	78274645404966912
6	78274645404975104
6	78274645438005248
6	78274645438504960
6	78274645438521344
6	78274645440071680
6	78274645442166784
6	78274645442199552
6	78274645467332608
6	78274645467332736
6	78274645469446144
6	78274645469446152
6	78274645471526912
6	78274645471543296
6	78274645471559680
6	78274645473624064
6	78274645473624072
6	78274645473626112
6	78274645473626240
6	78274645473640448
6	78274645473640456
6	78274645473648640
6	78274645473648648
6	78274645473656832
6	78274645475721216
6	78274645475753984
6	78274645500887040
6	78274645509275648
6	78274645509308416
6	78274645635645440
6	78274645702213632
6	78274645706407936
6	78274645706424320
6	78274645706440704
6	78274645710602240
6	78274645710635008
6	78274646708846592
6	78274646708846600
6	78274646709370880
6	78274646709403648
6	78274646843064320
6	78274646851452928
6	78274646851485696
6	78274647245717504
6	78274679495720960
6	78274679495737344
6	78274679495753728
6	78274679496269824
6	78274679560749056
6	78274679564926976
6	78274679564943360
6	78274679564951552
6	78274679564959744
6	78274679565475840
6	78274679764156416
6	78274679764172800
6	78274679764189184
6	78274679764705280
6	78274679797743616
6	78274679798243328
6	78274679798259712
6	78274679800358912
6	78274679801905152
6	78274679801937920
6	78274679827070976
6	78274679827071104
6	78274679829184512
6	78274679829708800
6	78274679831265280
6	78274679831281664
6	78274679831298048
6	78274679831814144
6	78274679833362432
6	78274679833378816
6	78274679833387008
6	78274679833395200
6	78274679833886720
6	78274679833903104
6	78274679833911296
6	78274679833913344
6	78274679833913472
6	78274679833919488
6	78274679835459584
6	78274679835492352
6	78274679860625408
6	78274679869014016
6	78274679869046784
6	78274681068584960
6	78274681202802688
6	78274681211191296
6	78274681211224064
6	78274681605455872
6	78274782539300864
6	78274782539825152
6	78274782541414400
6	78274782541930496
6	78274782544029696
6	78274782545608704
6	78274782574936064
6	78274782574952448
6	78274782574968832
6	78274782575484928
6	78274782577049600
6	78274782606409728
6	78274782610587648
6	78274782610604032
6	78274782610612224
6	78274782610620416
6	78274782639964160
6	78274782673518592
6	78274782677696512
6	78274782677712896
6	78274782677721088
6	78274782677729280
6	78274782807736320
6	78274782808260608
6	78274782809849856
6	78274782810365952
6	78274782811916288
6	78274782814011392
6	78274782814044160
6	78274782843371520
6	78274782843387904
6	78274782843404288
6	78274782874845184
6	78274782876958720
6	78274782881120256
6	78274782881153024
6	78274782906286080
6	78274782914674688
6	78274782914707456
6	78274782939840512
6	78274782941954048
6	78274782944034816
6	78274782944051200
6	78274782944067584
6	78274782946131968
6	78274782946148352
6	78274782946156544
6	78274782946164736
6	78274782948229120
6	78274782948261888
6	78274783078252544
6	78274783078268928
6	78274783078285312
6	78274783212470272
6	78274783212486656
6	78274783212503040
6	78274783619317760
6	78274783619350528
6	78274784147800064
6	78274784156188672
6	78274784156221440
6	78274784282017792
6	78274784290406400
6	78274784290439168
6	78274784684670976
6	78276431805177856
6	78276431838183488
6	78276431838199808
6	78276431838199936
6	78276431871746112
6	78276431871754272
6	78276431938854976
6	78276432073097216
6	78276432207282176
6	78276432207282240
6	78276432207282304
6	78276432207290432
6	78276432207298560
6	78276432207298688
6	78276432207314944
6	78276432341516288
6	78276432408608768
6	78276432408608832
6	78276432408608896
6	78276432408625152
6	78276432408625280
6	78276432408641536
6	78276432475717696
6	78276432475734016
6	78276432475734144
6	78276432878403584
6	78276433415241728
6	78276433415274496
6	78276433952112640
6	78276569310724096
6	78276569311240192
6	78276569344245824
6	78276569344262144
6	78276569344262272
6	78276569377816576
6	78276569579159552
6	78276569646252032
6	78276569847578624
6	78276569848102912
6	78276570451542016
6	78276570451574784
6	78276706716106752
6	78276706749652992
6	78276706783215648
6	78276706984542208
6	78276707018088448
6	78276707018113024
6	78276707085189120
6	78276707085205504
6	78276707085221888
6	78276707286515712
6	78276707286532096
6	78276707286548480
6	78276707353640960
6	78276707789832192
6	78276707789864960
6	78276707890503680
6	78276708427366400
6	78276708427399168
6	78276844222169088
6	78276844222185472
6	78276844222701568
6	78276844490588160
6	78276844490604544
6	78276844490620928
6	78276981560991744
6	78276981594013696
6	78276981598191616
6	78276981598208000
6	78276981598216192
6	78276981598224384
6	78276981602402304
6	78276981631754240
6	78276981631770624
6	78276981635964928
6	78276981703073792
6	78276981828911104
6	78276981829402624
6	78276981829419008
6	78276981829427200
6	78276981829435392
6	78276981862449152
6	78276981896019968
6	78276981963096064
6	78276981963112448
6	78276981963128832
6	78276981971484672
6	78276981971501056
6	78276981971509248
6	78276981971517440
6	78276982097330176
6	78276982097854464
6	78276982164422656
6	78276982164439040
6	78276982164455424
6	78276982172811264
6	78276982172827648
6	78276982172844032
6	78276982231547904
6	78276982239936512
6	78276982634217472
6	78276983171055616
6	78276983171088384
6	78276983171579904
6	78276983171612672
6	78276983305273344
6	78276983305306112
6	78276983707926528
6	78285228434523200
6	78285228971425792
6	78285502809128960
6	78285503043995648
6	78285503044012032
6	78285503312430080
6	78285503312447488
6	78285503379537920
6	78285503379554304
6	78285503379570688
6	78285503446663168
6	78285503882854400
6	78285503882887168
6	78285504386172928
6	78285537437302784
6	78285777921918976
6	78289626212630528
6	78289626481049600
6	78289627554775040
6	78289627554807808
6	78289900857737216
6	78289901090537472
6	78289901092603904
6	78289901092620288
6	78289901124075520
6	78289901124091904
6	78289901358956544
6	78289901358972928
6	78289901931462656
6	78289901931495424
6	78289902432681984
6	78289902432714752
6	78289935485911040
6	78290175968444416
6	78290175970527232
6	78290176001982464
6	78290176236863488
6	78290177310588928
6	78290177310621696
6	78294025064448000
6	78294298902151168
6	78294299170586624
6	78294299204157440
6	78294299271233536
6	78294299271249920
6	78294299271266304
6	78294299539685376
6	78294299975876608
6	78294299975909376
6	78294300613410816
6	78294300613443584
6	78294573784252416
6	78294574082064384
6	78294574149156864
6	78294574820261888
6	78320413343482368
6	78320413343482496
6	78320413343490048
6	78320413343492096
6	78320413343492224
6	78320413343514624
6	78320446897946624
6	78320447703228416
6	78320448240091136
6	78320448240123904
6	78320584404008960
6	78320962092670976
6	78320963099296256
6	78320963099305984
6	78320963233521664
6	78322612366770176
6	78322783431458816
6	78323161120120832
6	78323161384386560
6	78323162122584064
6	78329208631230464
6	78329209436512256
6	78329209973374976
6	78329209973407744
6	78329346137292800
6	78329758387044352
6	78329758454128640
6	78329759192326144
6	78329759729188864
6	78329759729221632
6	78355596910264328
6	78355596910266368
6	78355596910266496
6	78355596910297088
6	78355597715603456
6	78355598252441600
6	78355598252441608
6	78355598252443648
6	78355598252443776
6	78355598252474368
6	78355598789312512
6	78355631270035456
6	78355632612179968
6	78355632612212736
6	78356146666080256
6	78356146733219840
6	78356146800295936
6	78356146800328704
6	78356147001622528
6	78356147001655296
6	78356148008257536
6	78356148142473216
6	78356148142505984
6	78364392772599808
6	78364392772632576
6	78364393070395520
6	78364393137504256
6	78364393137504384
6	78364394345463808
6	78364394479681536
6	78364394479681664
6	78364394882334720
6	78364942528413696
6	78364942528446464
6	78364942796849152
6	78364942796881920
6	78364942830436352
6	78364942834597888
6	78364942834630656
6	78364942859763712
6	78364942893318144
6	78364942901706752
6	78364942901739520
6	78364944101277696
6	78364944235495424
6	78364944243884032
6	78364944243916800
6	78364944638148608
6	78390783161401344
6	78813130922132992
6	78813130951492672
6	78813130985046592
6	78813130985078784
6	78813131052171264
6	78813131991681024
6	78813268424007680
6	78813269430632960
6	78813405896511488
6	78813405896523776
6	78813405896540160
6	78813406097835008
6	78813406131390464
6	78813406399825920
6	78813543771669504
6	78815330012528640
6	78815330016706560
6	78815467382244352
6	78815467417894912
6	78815467417895968
6	78815467417899008
6	78815467417911296
6	78815467417927680
6	78815467422105600
6	78815467449352192
6	78815467449356288
6	78815467449368576
6	78815467449384960
6	78815467451457536
6	78815467455647744
6	78815467455651840
6	78815467518562304
6	78815467522756608
6	78815467650679808
6	78815467652777984
6	78815467656971264
6	78815467656972288
6	78815467715690624
6	78815467782799360
6	78815467921212416
6	78815467921213440
6	78815467925406720
6	78815467984125952
6	78815467984126080
6	78815468487442432
6	78815468990758912
6	78815469527629824
6	78815604856849408
6	78815604923957248
6	78815604923961344
6	78815604923973632
6	78815604923990016
6	78815604928167936
6	78815605125284864
6	78815605158840320
6	78815605163034624
6	78815605427275776
6	78815606027059200
6	78815742333554688
6	78815742396469248
6	78815742530684928
6	78815742534878208
6	78815742799119360
6	78817666673936384
6	78817666676032000
6	78817666680226304
6	78817667479241216
6	78817803947216896
6	78817803947220992
6	78817803951411200
6	78817804148541440
6	78817804179998720
6	78817804182094336
6	78817804186288640
6	78817804211453952
6	78817804211454080
6	78817804245008384
6	78817804446334976
6	78817804949651456
6	78817805587185664
6	78817941553938944
6	78817942891921408
6	78819728331636736
6	78819728394551296
6	78819728595877888
6	78819865732841472
6	78819865764298752
6	78820002903359488
6	78820002972565504
6	78820002972569600
6	78820002972581888
6	78820002972598272
6	78820003171794944
6	78820003207448576
6	78820003209543680
6	78820003238903808
6	78820003243098112
6	78820003276652544
6	78820003473784832
6	78820003477979136
6	78820004618829824
6	78820140445077504
6	78820140579293184
6	78820140581388288
6	78820140610748416
6	78820140845629440
6	78820141923565568
6	78822202257965056
6	78822340938432512
6	78830998350987264
6	78831136024821760
6	78833059603939328
6	78833059635396608
6	78833059641688064
6	78833059704602624
6	78833059708796928
6	78833059872374784
6	78833059903832064
6	78833059910123520
6	78833059973038080
6	78833059977232384
6	78833060174364672
6	78833060178558976
6	78833060241473536
6	78833060782538752
6	78833197110001664
6	78833197378437120
6	78833334519595008
6	78833334582509568
6	78833334788030464
6	78833334850945024
6	78833335052271616
6	78833335660445696
6	78835396133257216
6	78835396137451520
6	78835396401692672
6	78835396405886976
6	78835533505101824
6	78835533536559104
6	78835534075527168
6	78835534079721472
6	78835534142636032
6	78835534583037952
6	78835534677409792
6	78837595158609920
6	78837595427045376
6	78837732564008960
6	78837732631117824
6	78837732899553280
6	78839381791604800
6	78839382362030080
6	78839382362030144
6	78839382362030208
6	78839382429139008
6	78839383368663040
6	78839519297667136
6	78839520404963328
6	78839657239937024
6	78839657743253504
6	78839658380787712
6	78839794444009472
6	78839931551612928
6	78839931551629312
6	78839931551645696
6	78839932117843968
6	78839932122038272
6	78839932122054656
6	78839932122071040
6	78839932126232576
6	78839932126265344
6	78839933124476928
6	78839933258694656
6	78848178387944512
6	78848178924847104
6	78848452762550272
6	78848452997416960
6	78848453265851392
6	78848453332959232
6	78848453332975616
6	78848453332992000
6	78848453400084480
6	78848453836275712
6	78848453836308480
6	78848453936939008
6	78848454339594240
6	78848728814845952
6	78852575931138112
6	78852576568672320
6	78852577004879872
6	78852577004880000
6	78852577508196352
6	78852578045067264
6	78852850777589760
6	78852850811158528
6	78852850813239296
6	78852850813255680
6	78852850813272064
6	78852850817433600
6	78852850817466368
6	78852851046025216
6	78852851178143744
6	78852851383664640
6	78852851387858944
6	78852851446579200
6	78852851454967808
6	78852851455000576
6	78852851851331584
6	78852851882786816
6	78852851884883968
6	78852851884886016
6	78852851884886144
6	78852851884916736
6	78852851891175424
6	78852851891208192
6	78852852386103296
6	78852852520321024
6	78852852922974208
6	78853125691146240
6	78853125691162624
6	78853125691179008
6	78853125722603520
6	78853125722619904
6	78853125722636288
6	78853125789728768
6	78853126056050688
6	78853126265765888
6	78853126328680448
6	78853126328696832
6	78853126328713216
6	78853126729238528
6	78853126760693760
6	78853126769082368
6	78853126769115136
6	78853126863454208
6	78853126863486976
6	78853127264010240
6	78853127398227968
6	78853127800881152
6	78857249224654848
6	78857249425981440
6	78857249929297920
6	78857250566832128
6	78857523737673728
6	78883363296903680
6	78883363296903808
6	78883363296911360
6	78883499729256448
6	78883500735858688
6	78883500870074368
6	78883500870107136
6	78883912046092288
6	78883913052717568
6	78883913186942976
6	78883913589590016
6	78885698756706304
6	78886111073542144
6	78886111274862592
6	78892159926796288
6	78892709682610176
6	78918546599446528
6	78918546603640832
6	78918548205862912
6	78918548742733824
6	78919096388814848
6	78919096753717248
6	78919096955043840
6	78919097559023616
6	78919098095894528
6	78927342726021120
6	78927892481835008
6	78927892750270464
6	78927892788019200
6	78927892855128064
6	78927893052260352
6	78927893056454656
6	78927894197305344
6	81082695018610688
6	81100253750624256
6	81104650626924544
6	81104650858135552
6	81104651264458752
6	81104651704860672
6	81104652200312832
6	81104685255098368
6	81135198007197696
6	82193167138426880
6	82193168711286784
6	82208285653991432
6	82208320017924608
6	82208320047284288
6	82208321355907072
6	82208560565452808
6	82208835544023040
6	82208836248666112
6	82210759324467200
6	82210759555678208
6	82210759592902656
6	82210759592902664
6	82210759630651392
6	82210759693565952
6	82210759697760256
6	82210759894892544
6	82210759899086848
6	82210759962001408
6	82210760402403328
6	82210760897855488
6	82210793952641024
6	82211034508558336
6	82211034571472896
6	82211034772799488
6	82217082019643392
6	82226153556803584
6	82230550798008448
6	82234950153142272
6	82263260971147264
6	82263261235380352
6	82263262577557504
6	82263262577557632
6	82263295599321088
6	82263812333371392
6	82296246584213512
6	82296247926390792
6	82296282286129152
6	82296796474245120
6	82296797178888192
6	82296797816422400
6	82305042685624320
6	82305042949865472
6	82305592470798336
6	83316868051378176
6	83316869058003456
6	83319067045281792
6	83319067078828032
6	83319067083018240
6	83319067145932800
6	83319067343061120
6	83320991421300864
6	83321266303402496
6	83321266307596800
6	83321266332762240
6	83321542519291904
6	83323465330851840
6	83323465360211968
6	83323465360212096
6	83323465595092992
6	83323466673029120
6	83325665687896064
6	83336659537494016
6	83336659600408576
6	83336659801735168
6	83339133132472320
6	83339133438656512
6	83339133501571072
6	83339133505765376
6	83339133770006528
6	83339134210408448
6	83342982467551232
6	83343256301076480
6	83343256670175232
6	83343256674369536
6	83343256871501824
6	83343256875696128
6	83343256938610688
6	83343257379012608
6	83360848487137280
6	83386962924306432
6	83387512713641984
6	83395757947756544
6	83395758211989632
6	83395759554166784
6	83395759554166912
6	83396309309980672
6	83430943397773312
6	83431492415389696
6	83431492478304256
6	90076528301834240
6	90076529106747392
6	90076562730254336
6	90093992446263296
6	90094154916823040
6	90142369948631072
6	90142370955796480
6	90142371089481760
6	90142396758622240
6	90142397261938688
6	90142533492932608
6	90142534197575680
6	90142534835109888
6	90144594951405568
6	90144595750420480
6	90144596293582848
6	90144732457467904
6	90145110139863040
6	90145111280713728
6	90151294892769280
6	90151295092523008
6	90151295897436160
6	90151296033619968
6	90151296434700288
6	90639340815777920
6	90639341621084192
6	90639375177629696
6	90639478055518208
6	90639478061797376
6	90639478255271936
6	90639478321840256
6	90639512683692032
6	90639891913768960
6	90656933807652896
6	90656967369949184
6	90656967430766592
6	90656967430766720
6	90656968168964096
6	90656968712126464
6	90657070516273152
6	90657104870260736
6	90657104876011520
6	90657482558406656
6	90657482833133568
6	90657482900242432
6	90657483604885504
6	90657483699257344
6	90661331862028288
6	90705347215360000
6	90714107606466688
6	90714108411772960
6	90714108948643840
6	90714108948643968
6	90714245112529024
6	90714658704457728
6	90749292792250368
6	90749841809866752
6	92328327915769856
6	92328329457172480
6	92341934906933248
6	92341935410249728
6	92344133670141952
6	92345920101810176
6	92345920370245632
6	92345920376537088
6	92345920443645952
6	92345920644972544
6	92345921148289024
6	92345921242660864
6	92346332754214912
6	92346333458857984
6	92350181716000768
6	92363375855534080
6	92394299651522560
6	92403096247861248
6	92429347087974400
6	92429347624845312
6	92429895635828736
6	92429896340471808
6	92429896978006016
6	92438141847207936
6	92438142646222848
6	92438691663839232
6	99096818750586880
6	99096818951913472
6	99099017715122176
6	99184779680808960
6	99184779882135552
6	99184781022986240
6	99193541280399360
6	101331541405209600
6	101333190706204800
6	101333191712866304
6	101333740730482688
6	101333740797575168
6	101335389930815488
6	101335390736097280
6	101335939720167424
6	101335939753713664
6	101337588693995520
6	101337588954038400
6	101337589230878720
6	101337590296215680
6	101338138751811584
6	101338140052029440
6	101339788245745664
6	101348584070318080
6	101349133859685376
6	101350783160680576
6	101352982183936128
6	101352982251044992
6	101352982930522624
6	101352982955688064
6	101353531948139008
6	101353531973304320
6	101353532006858752
6	101353532711501824
6	101353533349036032
6	101355181148471296
6	101355181282689024
6	101355181953777664
6	101355182490648576
6	101355730971394048
6	101355731004948480
6	101355731038502912
6	101355732380680192
6	101357380297555968
6	101357380297556096
6	101357380498882560
6	101357380498882688
6	101357381505515520
6	101357382042386432
6	101357930053369856
6	101357930254696448
6	101357931395547136
6	101370575645048832
6	101401361433756160
6	101410158063648768
6	101445341160669312
6	101445341227778048
6	101445341227778176
6	101445342435737600
6	101445342569955328
6	101445342569955456
6	101445342972608512
6	101445890950037504
6	101445890983591936
6	101445892325769216
6	144119689539223552
6	145245554817900544
6	145245555017654272
6	145245555084230688
6	145245555151339552
6	145245589446074368
6	145245623603433472
6	145245625078775808
6	145249953130741792
6	145258714864025632
6	145259230327209984
6	145263215723413504
6	145263215789473792
6	145263215923167232
6	145263215991848960
6	145263215991848968
6	145263215998140416
6	145263216061054976
6	145263216065249280
6	145263216262381568
6	145263216266575872
6	145263216329490432
6	145263216864264192
6	145263217265344512
6	145263250351587328
6	145263628375818240
6	145267477337604096
6	145267614107566080
6	145267614308892672
6	145280671477137408
6	146389115904983040
6	146389115967897600
6	146389116169224192
6	148640812633161728
6	149749223498186752
6	149749223699513344
6	149766677843156992
6	149766677909733408
6	149766677976842272
6	149766678178168864
6	149766678178168872
6	149766678178168960
6	149766678245277728
6	149766678245277824
6	149766678513713280
6	149766678916898816
6	149766679050584096
6	149766712271577088
6	149766712471330816
6	149766712537907232
6	149766712540004352
6	149766712540012544
6	149766712540020736
6	149766712540037120
6	149766712605016096
6	149766712607113216
6	149766712607129600
6	149766712607145984
6	149766713412427776
6	149766713812975616
6	149766815684231168
6	149766815885557760
6	149766817026408448
6	149766849977393152
6	149766850043969536
6	149766851386146816
6	149767228001091584
6	149767228269527040
6	149767229343268864
6	149771075956244512
6	149771076291788928
6	149771076493115520
6	149771076963409920
6	149771077097095200
6	149771213932609536
6	149771214536048640
6	149771626047602688
6	149771626248929280
6	149771627389779968
6	149823990288875520
6	149823990490202112
6	149823991631052800
6	149859036888563712
6	150896976198631488
6	150896976399958080
6	150897251076538368
6	150897251277864960
6	150897252418715648
6	150910445216071680
6	150910446558248960
6	150949753964724224
6	153162245235277824
6	154288146144559104
6	154318657055367168
6	155396727476584448
6	155396727539499008
6	155444556962234368
6	162134122140008448
6	162134122339762176
6	162134156768182272
6	162151748954750976
6	162199991299866624
6	164385921953697792
6	164385923495100416
6	164399528743534592
6	164399528944861184
6	164403514139738112
6	164403514408173568
6	164403514414465024
6	164403514481573888
6	164403514682900480
6	164403926792142848
6	164420969893462016
6	164486941125902336
6	164486941662773248
6	164487489673756672
6	164487491015933952
6	164496285701767168
6	173392983968743424
6	173392984774025216
6	173393533791641600
6	173410576221864064
6	173410576288972928
6	173411126044786688
6	173411127386963968
6	173467752101576704
6	173502935198597248
6	288813392599187456
6	290502242358788096
6	292751603432161280
6	292753801754968064
6	292754042974109696
6	293316751708405760
6	293316993027670016
6	293323314414223424
6	293323589292130304
6	293323589996773376
6	293323590634307584
6	295012165482446848
6	295058344970813440
6	306315153069187072
6	306315153605918720
6	306315281951621120
6	306317480136540160
6	306317480941453312
6	306317480983265280
6	306317481478717440
6	306825317069094920
6	306825352771010560
6	306825866959126528
6	306825867663769600
6	306878231905042432
6	306880293992660992
6	306880843748474880
6	306913277999317000
6	306913279341494272
6	306913279341494280
6	306913279878365184
6	306913313701232640
6	306913827889348608
6	306913828593991680
6	306913829231525888
6	308602129201758208
6	315269600864370688
6	315269601569013760
6	315357561794592768
6	315357562499235840
6	315357563136770048
6	315366323394183168
6	317521366184101888
6	317530163619299328
6	317576343107665920
6	317618124549521408
6	432345667442053120
6	432354429316890624
6	432363191050174464
6	432363191314415616
6	432363328619151360
6	434606229124300800
6	434614956495732864
6	434615093938882560
6	434615094068904000
6	434615368946810880
6	434615370288988160
6	434615507593723904
6	434632824901861376
6	436866756309417992
6	436866757114724360
6	436866790669680640
6	436866790669697024
6	436866790669713408
6	436866790803374080
6	436866790803374144
6	436866790803374208
6	436866790938132480
6	436866791071809600
6	436866792011333632
6	436866792548204544
6	436866894554204160
6	436866929047633920
6	436867065681281024
6	436867067023458304
6	436867306199449600
6	436867307004755968
6	436875552671400000
6	436875553216135168
6	436875689711370240
6	436875689979805696
6	436875690647224320
6	436875690789306368
6	436875827280871424
6	436875827422953472
6	436875828221968384
6	436875828623048704
6	436876102158778368
6	436876102300860416
6	436876102565101568
6	436876103500955648
6	436884349300768776
6	436884657867325440
6	436884659209502720
6	436884899190800384
6	436893419466915840
6	436893420408012800
6	436893420809093120
6	436919568569466880
6	436954751599902720
6	436954752942080000
6	439119106013134848
6	439127351949803520
6	439127352216125568
6	439127352350343264
6	439127352484560960
6	439127352488755200
6	439127352488771584
6	439127352488787968
6	439127353558302720
6	439127353558302848
6	439127489789296704
6	439127489793490944
6	439127489793507328
6	439127489793523712
6	439127490061942784
6	439127628436209664
6	439127764667203584
6	439127766009380864
6	439127903314116608
6	439136149114486784
6	439136423187056640
6	439136423589724160
6	439136424529233920
6	439145220622254080
6	439171333486551040
6	439206518395502592
6	439206518932373504
6	439207066943356928
6	439207068285534208
6	439215313154736128
6	439215313418977280
6	441388223940263936
6	441423168196837376
6	452717317277614080
6	459367196619997184
6	459367196888416256
6	459367711881826304
6	459376509451239424
6	459384754446270472
6	459384755251576840
6	459384788806533120
6	459384788806549504
6	459384788806565888
6	459384788814399488
6	459384788940226560
6	459384790148186112
6	459384790685057024
6	459385304336302080
6	459385305141608448
6	459394100295630848
6	459394100437712896
6	459394101637808128
6	459402897327652864
6	459437566706319360
6	459472715376492552
6	459472716181798920
6	459472716718669824
6	459472716718669832
6	459472717255540736
6	459472749870448640
6	459472751078408192
6	459472751212625920
6	459473265266524160
6	459473266071830528
6	459473266608701440
6	459481511470039040
6	459482061225852928
6	459482061367934976
6	459482062710112256
6	459507901627629568
6	461636554259957760
6	461636554259957888
6	461636554259988480
6	461636555065294848
6	461637104015771648
6	461637104149987328
6	461637104150003712
6	461637104150020096
6	461637104418439168
6	461637105357948928
6	461645351695155200
6	461645901450969088
6	461654147251339264
6	461689331623403520
6	461724516532355072
6	461724517069225984
6	461725065080209408
6	461725066422386688
6	461733312625377280
6	461733862381191168
6	1152923858857099264
6	1152923978577215488
6	1152924116051820544
6	1152928514100428800
6	1153486808810536960
6	1153486928530653184
6	1153486928998580224
6	1153487066005258240
6	1153489265028505600
6	1153489265527619584
6	1153489266668470272
6	1153489403973206016
6	1153491464053866496
6	1153491464555069440
6	1153519656653292544
6	1153519915018223616
6	1153524311894523904
6	1153524312393908224
6	1153524312464949248
6	1153524312469143552
6	1153524312972460032
6	1153524313467912192
6	1154087262919589888
6	1154117911804116992
6	1154612829978886144
6	1154617363960717312
6	1154617365464350720
6	1154645539376071744
6	1154645813750677504
6	1154645814253978624
6	1154645814321086464
6	1154645814321102848
6	1154645814321119232
6	1154645814388211712
6	1154645814824402944
6	1154645814824435712
6	1154645815327721472
6	1154650211799285760
6	1154650212873011200
6	1154650212873043968
6	1154650213374230528
6	1154650488252137472
6	1154716457943171072
6	1154716459084021760
6	1155208764274507776
6	1155208764777824256
6	1155213162826432512
6	1161963906621505536
6	1161968287354454016
6	1161968321248100352
6	1161968562265915392
6	1163057078273572864
6	1163057078776889344
6	1163094186220585024
6	1163094186858119232
6	1163094187294326784
6	1163094187294326912
6	1163094187797643272
6	1163094222157381632
6	1163094461736026112
6	1163094462172233728
6	1163094462809767936
6	1163094737050140672
6	1163094737687674880
6	1163098859715428352
6	1163098860218744832
6	1163098860856279040
6	1163124973586350592
6	1163127173146476544
6	1163127173146476552
6	1163127173683347456
6	1163127207506214912
6	1163127721895657472
6	1163127723036508160
6	1163133770216243200
6	1163160191848415232
6	1163160192351731712
6	1163160192989265920
6	1163168953015468032
6	1164259670123085824
6	1171578019517562880
6	1182234485207334912
6	1182234485710651392
6	1182309251998023680
6	1182309253138874368
6	1298167129685622784
6	1298202176083984384
6	1306079094026536000
6	1306083749309448192
6	1306083749842124800
6	1306083749842124808
6	1306083750308216832
6	1306083750450298880
6	1306083784201863168
6	1306114261755363336
6	1306114811645394944
6	1307170066789310464
6	1307174741257224192
6	1307205252302241792
6	1307209374866866240
6	1307209649678204928
6	1307209649744773120
6	1307209649748967424
6	1307209649748983808
6	1307209649749000192
6	1307209649753161728
6	1307209649753194496
6	1307209650751406080
6	1307209650751406088
6	1307209650751930368
6	1307209650751963136
6	1307209650885623808
6	1307209651288276992
6	1307209685111144448
6	1307209924693999616
6	1307240161662214144
6	1307240161662214152
6	1307240161662238720
6	1307240196021952512
6	1307240196558815232
6	1307240196558848000
6	1307240710411395072
6	1307240711552245760
6	1307240711954892800
6	1307248958292099072
6	1307249508047912960
6	1307275344964749312
6	1307275346034294792
6	1307275895924326400
6	1307284691417563136
6	1308335549655810048
6	1308366061569081344
6	1315055626746855424
6	1315121495906713600
6	1315121598583275520
6	1315156678737395712
6	1315156680279326720
6	1317307428101947392
6	1317342474500308992
6	1317408445732749312
6	1317408446269620224
6	1317408994481930240
6	1317408995622780928
6	1324063238853230592
6	1324097873939791872
6	1324163879130890240
6	1324172639731712000
6	1324172640730480640
6	1326314489380872192
6	1326389256708423680
6	1441154355733594112
6	1441717304650907648
6	1441723903293521920
6	1441785750319267840
6	1443439140929536000
6	1443474187862671360
6	1452481249644904960
6	1452490046274797568
6	1459166287858122752
6	1459169029120983040
6	1459236656602316800
6	1459236656602685440
6	1459236657676025856
6	1459236657676026368
6	1459236657676026496
6	1459236657676034048
6	1459236657676058624
6	1459236657676427264
6	1459236657709449216
6	1459236658212765696
6	1459236658749636608
6	1459236683982569472
6	1459236786558468096
6	1459236820481998848
6	1459236820884783616
6	1459236820918206464
6	1459236820918738944
6	1459236821555740672
6	1459238882504605696
6	1459238985548300288
6	1459238985590112256
6	1459238986085564416
6	1459239019908038656
6	1459239019949850624
6	1459239020587384832
6	1459239396833230848
6	1459239396927602688
6	1459239397865160704
6	1459239398001344512
6	1459729264118087680
6	1459729264654950400
6	1459729780051018240
6	1459738576680910848
6	1459799633401217536
6	1459799633935990784
6	1459799736511889408
6	1459799770871627776
6	1459799771509161984
6	1459801798096191488
6	1459801798096191616
6	1459801798196854816
6	1459801798599507968
6	1459801799136378880
6	1459801832959246336
6	1459802347818983424
6	1459802347852005376
6	1459802347860393984
6	1459802347860426752
6	1459802347954765824
6	1459802347954798592
6	1459802348355321856
6	1459802348489539584
6	1459802348892192768
6	1459808395669274624
6	1459808532604911616
6	1459808533242445824
6	1459808945425088512
6	1459834783948341248
6	1459834783948341256
6	1459834784485212160
6	1459834818308079616
6	1459835333200838656
6	1459835333838372864
6	1459844129302249472
6	1459844129939783680
6	1459869968857300992
6	1461418216554250240
6	1461420829471408128
6	1461453814316924928
6	1461488586372153344
6	1461490785403797504
6	1461523632200091648
6	1461523633808605184
6	1461523634345476096
6	1461524182624894976
6	1461524183061102592
6	1461524183698636800
6	1461532979156221952
6	1468279067106082816
6	1468279067743617024
6	1470427478433497088
6	1470434074966376448
6	1470434075503239168
6	1470495648154386944
6	1470497847211196416
6	1470497847211196544
6	1470497847714512896
6	1470497848251383808
6	1470498396967010304
6	1470498397604544512
6	1470504444784279552
6	1470539628653051904
6	1470539628653052032
6	1470539629156368384
6	1470539629290586112
6	1470539629693239296
6	1470540178408865792
6	1470540179046400000
6	1585267103196266496
6	1585276003448520704
6	1585276140881182720
6	1585276277919580160
6	1585276278855434240
6	1585337473014169600
6	1587527802721157120
6	1587528078668595200
6	1587554054093930624
6	1587554328973936640
6	1587554329508708352
6	1587554330045579264
6	1587563124532183040
6	1587563125066956800
6	1587563125610119168
6	1587589238466019360
6	1587589788758704128
6	1594309728547110912
6	1594344672803684352
6	1596535140484382720
6	1596570323921158144
6	1596596437720793088
6	1596605232744243200
6	1596605234350653440
6	1596605234350653568
6	1596605784106467328
6	1596640418194259968
6	1603351872058425344
6	1603352009631596544
6	1603360770830106624
6	1603360771231186944
6	1605612571044347904
6	1605638821884461056
6	1605638822421331968
6	1605639371774492672
6	1605647617442709504
6	1612288701495263232
6	1612298014058086400
6	1612323852044468232
6	1612324401934499840
6	1612359071313166336
6	1612394219715461120
6	1612394220788645896
6	1612394221325516800
6	1612394221325516808
6	1612394221862387712
6	1612394255685255168
6	1612394255685779456
6	1612394255685812224
6	1612394255819472896
6	1612394256222126080
6	1612394770678677504
6	1612394771215548416
6	1612403567174877184
6	1612403567316959232
6	1612429406234476544
6	1614541016302379008
6	1614549263042232320
6	1614549812798046208
6	1614549813871771648
6	1614549813871804416
6	1614575651858186240
6	1614610836230250496
6	1614610836230275072
6	1614611386120282112
6	1614619632860135424
6	1614620182615949312
6	1614646021139202048
6	1614646021676072960
6	1614646571029233664
6	1614654817232224256
6	1614654817366441984
6	1614654817366442112
6	1614654817769095168
6	1614655366988038144
6	1614655367122255872
6	1614655367130644480
6	1614655367130677248
6	1614655367524909056
6	1614681206048161792
6	1621436605489217536
6	7530159316599308288
