0 1
1 1
2 1
3 1
4 1
5 2
6 4
7 8
8 16
9 34
10 82
11 226
12 678
13 2108
14 6892
15 23948
16 88532
17 344816
18 1401200
19 5925000
20 26146360
21 120743496
22 582606552
23 2926675112
24 15259183112
25 82458502624
26 461577781968
27 2674216518016
28 16013654472352
29 98968416103968
30 630595248710144
31 4139354924521472
32 27973587818584576
33 194470340835020256
34 1389544589156813664
35 10196526092554038816
36 76787011324434124384
37 593073062569807120192
38 4695176391017108248000
39 38076609488749062758080
40 316136668069440476910400
41 2685750870252960854387072
42 23335177645713322898432384
43 207253434986513938162404224
44 1880763512592576075854347904
45 17430537086806019057170379648
46 164907933424337632657366284416
47 1592008838690701838620131528832
48 15676516285015529620719096431744
49 157393722598318063107964073550336
50 1610639638581809205516136163426048
51 16792971663250645756381543239593984
52 178330581547638719363066215174856192
53 1928189556825384054406392070164436992
54 21220759795400323621523282354636364288
55 237643419081550135014660151580611971072
56 2707167347569302280115905292488869342208
57 31362015552092604014580831681477998779904
58 369378545105221427492523727580521511206400
59 4421824152428963256421609407245807458961920
60 53787377768695910049716214822343581517340160
61 664659045657914131337523008482566984955567104
62 8341632058533864437076063791420433433924451328
63 106300147532759301903107323513856966985606478848
64 1375142499091565232972504276300993749350326125568
65 18054928504941368050889037859600309617267076202496
66 240538239434825632219392806704432711739356547489792
67 3251034075740028787626844902630286565798198494603264
68 44567604808593733449934600991400669028861702881056768
69 619571269377675817285595950597951460613591449760745472
70 8732802830663347699140800225874652514787283739641174016
71 124774240195236149281638599030548142984756762920361166848
72 1806865324019710556204585161008046535424275828769899505664
73 26514227587501003567138424658639751411433372546439765663744
74 394193374216836457108756598593780387906631992436614444240896
75 5936678681466679342644978535866060854293644736644607303860224
76 90554545894487222744414743012561065863461746614820683099856896
77 1398749240617360892581447256059819641167890305564677295587483648
78 21875827835524711236776374605943277280689087236370486833846272000
79 346352203584230576634745470832762229705139826381725281968104898560
80 5550545193532782292041345245799369377842416811993708111888450519040
81 90023213822428204893162944927974843387567002118909172431872354377728
82 1477450741249802371063538885713931217379564230896751972921722471243776
83 24533020380878021162908330637866562942418311390173354753634496154935296
84 412106834198400039298824831777581915288094123134865853185320760558739456
85 7002159828520886608687277629024158932606816816708960457653626366792712192
86 120326571719781601077952823596937280666192634308407907258673299189562261504
87 2090949558424443283648254420427175115535548775177187335341023922925093961728
88 36738755333901305729417125764854726975006196005858266678708939116434883690496
89 652607024163893995541866487598340310654983328486306997962555424212301641580544
90 11718557572024972184057707758776514227621192611430142346646377320034768693788672
91 212687254715487147177877079790852873916661647005505941251607151886776266662445056
92 3901256577323743135164832237895816144258642802123950444339444603221231960248844288
93 72312800255823970536046524685018746207014159230240211472185986389086390802206916608
94 1354335732007083515135650769637772231482915768057181371300956082230219453807632351232
95 25626649344024596829807165708511735626540205698581855085459592909400103176810010411008
96 489853738001192407211438899354579688483030937954196863634053505566223716603803133181952
97 9458141870845885160558033700321285424787718322048466055657511745337934814878861280280576
98 184444873269188784198217043352716720953541803911021763763856068171752560121551973684019200
99 3632504357081393710140465612077983005222261147089499414942088787704638582677497084697640960
100 72240833202241961066831714017441575857532644196773451131388537147256466025191538348823019520
101 1450626002218469415818609130582738208250139726806000807343272799128618560370633300176301981696
102 29409261843071802631164490439435119971023788365262107016193057843485573565384921447083738529792
103 601906941614349788291722224974762420356811210201493238586858890399389943006872024055406387003392
104 12435191797182840912398059138840797902387818970484850901649025114827377208614777694126928398385152
105 259307810616851656856538303554405375300042359983925288946851353105051380613452925223681600985104384
106 5457345478406150186736444424971214412529357824205495667414523947762737441542666378419790217066446848
107 115908018496109517334483474536925905708787926923833803206197656688809267327222908101687747574873849856
108 2484138502121021393572046561053457147982003046059049358495454408646445216166535990320305086605082099712
109 53719649739575336777703989403777565631131921023323553481010173886994003106713639704439970389173109260288
110 1172063003088775807694936943691219762877228792518794451649442236347956677329534398367179669590826174644224
111 25798541164560489233878345767628851301918067486923918227630680438840547780443392766638052962501449981100032
112 572838669233960043303424419241856523428704436670943955146761591260158327507162275044987287570043879033143296
113 12830088538095521065153759797053017773323071997608886160247922420020797939245728170371046170206590357294022656
114 289837684187020439271063674858326793718410465898541055054813029939991862430142201824299794497794086080630226944
115 6603530579457630017580517990316886458434979091227414689062765464025615379002511366382247002273075687606240935936
116 151726866559038642396102460075712768694260300317298794142847348444167873067779356342460813252233277198724771610624
117 3515467348767111548407064501466918063313045368182013619178255961885529486412549591805387200327144583999747076390912
118 82131125084134823789881650090592764754805181277430639636551283544038412926244792663564149257615297207507399042662400
119 1934670170641629481941160549990820029183373807148317490024874749110011396828076673590119218148715162987534277371494400
120 45946388417319390154344152883410007441625925941408749201199430920882173333090269042685987303339461323839369565157457920
121 1100049928870910318594259757628988822174183780975615791497906996565037856388291026005951618445581161072472736371700662272
122 26549829883361946071327567606521560269557017063303480400758516142419070427900506262728285479735176393577880846127741272064
123 645909422800619316303573770928373496441343703683943429400329587177147346537626952075666020376334784451605904427227843395584
124 15838522786489918165102254546549475983926774814068251977523767017483948694440562828639257101756852053073704213956908216745984
125 391438894360034626344516524419313565466791124712895156410835868030151511567048564641483904130017152834997135438422525731667968
126 9749739660536871325158625028341084357677807073795419553442380577432439977370292097326771129569920309095339806451078568005861376
127 244723516577268934080270647338237423131731478933726140650256444659892040774011240619460595404345577447998351118917044713671360512
128 6189938494072864755304750810669211376698641471307060889906169863582655475263810788934397879188018956988227256779945875043164094464
129 157760981160557716651925000764999331461518714642621983245444424314876787994939478782768452452877745971619932911228591433914542718976
130 4051264268354455475194452228915899240141677745265118191978541000257330866105754467203594638589647619936458526096343142562296032657408
131 104817719441176735046477447295484028415128081592506991613579613711566722311391260512665265742805590545681224711033460808519084937314304
132 2732170574155678378597628337320047921297910939514980366729849322404854412146000685876265533547309208763350749574336051602662227949125632
133 71744077072753969481791840089636864059866808458138550048910216555741903144951126420825095779774538050368807909712912324873829573399150592
134 1897780394903040901252777979275637386455050485302696684092008069949887711724333667301237460861631965068221352408639830872201722553379586048
135 50566672732904126863250028662735723925149951836279812038226635341712911664083118755931676917914765570972117260863578687393955810986334093312
136 1357120824927423819645419029736827717834482056274944301584907765278317884193369130739371620967296557106082869413283768458445870902161061183488
137 36684777318643664584395572960775290484247144745512447292506424903895442259657710937389261463112745064898055394141393233161134852092200950431744
138 998721356835227795579208091124582681172795360846309841863797379081512612841444609944052869041787430358510140611930280257603719804084986839040000
139 27382432069817215424675569073919856314383937433984777526608033921059421567710259238779561907911532635702280542331913959663674315066696173732495360
140 756044562653457371001972567474517982230586062417562674120184986636954690584682767596849405276747772460549047575819124477589474854928069580921241600
141 21020799255859111296080330096459029934838494676305238285097288936176235906494032050557200884560526835367863214877198722167447460766948563615014191104
142 588513684487894423090302419305162334726383980694741938683210680455949350382244041890198820385076725711803383955485157287592008476379158651922271961088
143 16590090711856196553534527903563851329452305882228754698936289471827936840707906211399878677583928416177511434722990520226436826753790585859086030471168
144 470874784997014740095632902322633053501423598674483449574415911115943255187585568968064112302375828247606283822395842510758365540976529961650649959497728
145 13455706021474622338982779613614291322791258993548651877900718327452749618210108336791765759060583290164247243563800668652768683778777720706401060819828736
146 387107957376391446549969722536501293014809957547614776722072872250596737198503485958810135402332794247388729463009430145647374113591637391573271988364378112
147 11211473592833350645017186383600108654915478925614319150547729720371858171416825935442612083914923863883055868256917135161550102914294247922418256560598810624
148 326872952987522462631754308406081697134139117454885576810787622914436449765949509466711032823036860786608012079567678032233913811078670407030330328284248670208
149 9593165029189867938239505292234327222277080945550049488525870218758048760382956546497955976559601639691076092389947895910931607745910544522974204505826369994752
150 283395329065690556215415997644153673314015499681310807078806614368470074480953078960614712179422767899999431841860166916661259129531346437417485209449392962011136
151 8426607208572460388507894899583150171810403680113109954760639692544522274628369623634683735927314504544839842917870955329015363516121062556662564113736444189605888
152 252187636082467127509238130426922881804448535063194953670866459972932936173294073819818188852166568951667717589623484527799210123891769020445574419061025483253612544
153 7596048542595723005213709233085712689669171306443886410459667003436973811442535868135063293814438426848581664250137055990317516297437853766523431652204974175938412544
154 230264361468436119392503915720727207625993661239605667865513681261578134422150593871129814472615046251917054956185948234982908143115210077179032722629506841255205666816
155 7024625181941196271118607949769878348558410183799451297941213873703051878852313081429401059432663618878896476778620447315511648201806945460377160578003285634130540232704
156 215655045598994201576234646794533181467293533199672694004522387387694429208994952792710311605546428402942009228427892749666985567472685798193702896024705495941523550765056
157 6662219688683239129071023212942546027261647022957357832875091627599699786008213713568212720321909353569300202395192884470128265987668035341996707919496939703947382780592128
158 207101940964429389991894217616959343463764272884705694935720814066415177663760654568376502785704161148445577134886788002076095173047572761000062738835542406867123830574284800
159 6477963958545846683267558662828768307284742116151049754247443416684474541793219663036608439741561543424400394256092895268249244426729524909615309292919149560099482299835351040
160 203875704944135565144823280246234762232970240177437818558188421927807113004471176204042100385660887076633576102103956303809824331773019834226098225449033270420821300686325022720
161 6455779194076023180580066879324033610482279998397424878885021809326512898375591065129014449097732966843796421233702639047107831252423151296674572090562300736557138070604169084928
162 205670477500653343668808758677952237987328739074574857390839751550098625429504661208746735855029250298480148998778796169457000977222407080444435935119529981842929161524822824452096
163 6592033243608294397824768543638149131931736788433582035269597530715775140459272123384370279117402505202828423735837340462170559725491213201512285342842900123176908160986846788059136
164 212556898547674353917652224625253491998671049561568226040173823306146420406617590902151314824126608009658407381687824407583319402668082938435981821427110440395996183233325519419211776
165 6894834261852747045263002226016506041981409761282842412802534632884265381399763723036353709915633129198211772042989272918787421077475019216136966986320963115770910160309366524710223872
166 224983091717804901297085438715344644016241000534871201089477514601524860163054979113633283129613316273053450484927796706537083539397123844825978460539276820826738809380876278596521426944
167 7384789950439700268541513479730549513914418907830437544176374927635349027658339343371688232287456161262069739860914343090109348405584034178085094327291051436929237706824892724489851240448
168 243822400375397854828566417612261036252156972609285619842656825415662539183801926802334292659599486228992770036410840465221184197126086622590882858785580085687393723422530215879878299877376
169 8097321716000859293293143646287584877390807397616857744251311125434067755657480130212362091333411636046442576490825169930005043726475423023715840904552201567658014943858211569971553951023104
170 270474821674924668967911398716544038727138847802943205423009251746091967864616691409041750324845051096546158597211754735582694872613302661652412027151664218123415340289616690465033365552627712
171 9086893474981098420378235872071816448920643950888389791113587139876095853771828182123990372241047815454641559837562859505590015088216270984824020292014317763896795885402785056712506183763623936
172 307038496760904704942430801736362171979123620477860965164498399300687319221496828810254028511382048120723781654537369777956855035763140360066080444121996620920927120854924401156802309930822402048
173 10433856142891899620601564454883875179731036354378772469822297809308095675236885257695234222689981549769832478253889965579682621532621743780821268109942616896093268012032032155219043623582363025408
174 356580390843232462007433397089845058353930279160142513977643714698238112163594751152347059528817525754095479150413924064013072678735164331613668826024881529242930286309529736589181930526410771791872
175 12255098458960311078822117502048563660605695423494533677343075015014778682173379868820988024074314248209143989638158939604825076472277710564262371332213859414472127345125786130879857253775248319315968
176 423554384353833113122648089799012851431298493406108075761720786615522878054991121074091364462975152752783373679846509145174827387470587032554729793569378901837964009753500914127173706273055680046825472
177 14720448176594993762875200582015817673675802059638194693201818535822104950828012888030045488075383268515828045977402043200957105645584137237168803285607927743040465657116137351691022640030621015931355136
178 514445003500696682176292512384257092830577763239746482582379375658170940760158136060230027667228762721131892430693818867534969329217426852139028397978898140284282107142585528533248367294147116985745408000
179 18077971091249228941845926050035773533382149503186000864128206034667918615229610039304312597795165061876684554218132043579202807959141381828299653790889163189459490161532570727869649805476059256005454725120
180 638763546376050447494094797060369850236452481588889267432009576113179554965348096453813357937971914472970406136686343636623339122537851840417682851468662725946257000284722902444963470849064453285953908244480
181 22693281090749062416733854002848650250296516284647790442771563090264029878250022423404840145504002219920902784604292749703781164600765775766575636724645876466264551798611844189288895869008446893894806060138496
182 810603299467577975131589641679202747706762126695752272260908863617086241420702739773285218325710797270814279406713335305440736628292347774650619713613250742679641229195662080592534878145398952971769201958060032
183 29111236842519960375172168740255954818108141644770374121577302427927458047964104044823972205729558060409186659507193470463612186904520454583648866938977608264511715454187068299735663295139030042719102516143849472
184 1051094129258637099394190527909566309674456728736554127294270939547640718208957927629498153970922764247200456542472924373726201582110615379666793292389238493167772153795042135818327406009594318818930581487109537792
185 38153888479229711124641894396292134839425555445540840568656107846755716667087253610897433626453616914184983002940407117506702967160647656234980157154144574403940678282363601984295968947049406640366077994106978566144
186 1392322868817408501069447083357525405197448443220812705668004529826699559170158130237727797790786719029336074183488727162899646818835343925656322887392290079115183174336167773864906578118157449079573980290731451875328
187 51077884738847721050355884959873157374914279726247768916497421603694215042151043092714283134915500923291118550046649514506305510819144461823616560260195161766262936085211534024522457372671210462012002350981493918007296
188 1883673453682748569439555289297372335112997580203300760378232857763466839968130980491594982572724335558085884941963854967879220621686062328372053218708799302745132293229860867344036548589542740563808460409428528670441472
189 69830667348640760245456271175441327019911124041335480277430340979201900835038006439068041517494743415794782495903497963537186158968176698352146946864969049005001109384750230960312368143514605313339613756128757012032913408
190 2602213034278502334323230548804646807353027716164435660502068206455694235382887440330920203807423054323716192990468240559193846541244425820555479390093444919656242667991498368098812374765232513145589952145419820227209723904
191 97472908284265247833604082914992987063970962538961753756759803333225674044258294360804940053917728912198286041443637885024010162634534767631209128123620917972473358721173465792430108309795137666625096034154509507232784187392
192 3669930856906969447570773271256192867360110441349925841902552485814112015993438333714755994947761784968406918868513775528484865689956191107029721688961785756117703819130325323862469207509503397720641813958904180160568351522816
193 138884346558921659085728591693770393305731553903139613028713153728587131861693892316858532634852817005921013738484954965284834738513964611508861004665238993136744353535123097748437031394259306194587740337171591028656668363718656
194 5282735570555997544753876473369536961129680830187367280766597367186876266413854042012136877310093830754926247597470420997524774199932070167167207422964641052107819865158292092814693469651292165584740272090570395966384030900813824
195 201959091865196181905516150906286206842011167456399538057537493531725087854845424114341415928911420543156175272268276572997582046131836658404979064832760938706217120026674212073546426567264530324322240618987461652813866890591993856
196 7759894771823806531025781288233985799551900484135165947176552430887386438341811015150417784502429695855878876535352767464517367307891854600864326513508710098382855335649557884338331809638345199947440199673528980476418214283458904064
197 299657515339678600782922996137753668960352409396231189385312676176803550586306411782432585577764266343053612605914563839938107785901915094534856897608033856839662347340889785984430416208977454559371342537475570381901686930456530911232
198 11629487549252940210844721026079576921909463477770857472300105855353203661063462405215986363044373100459755468227398843771236308715473996254514601271502006357934344593946215526451074346718480344949792083604137691172846271106730321510400
199 453577281733171046557568656864276551228280136103582672731820871774138942600925640266376750293756537339165587742069119795622199274215517379769352056395560095454235567732370340663102538937625194580267841877490008061879960439103153105797120
200 17778154592899110546887702213122626822201793751766125674982785589140554076104902898305498655978244255795362345618040179088914724638735297384784723580843120684129976302150456055713361156558626001303977932208008026588829038393166803280855040
201 700254957710822593743005300014040866531803301486085383906583345659560062552317137265792035731295547962856901766661459204880911282683107923618888476692325231107542533641700802337531210136549795927738364888182402389108879725280226019924508672
202 27717202819512804935085774938868415856607536363171322988651504651910743539058509242993640530748071917218782784066445436800636399252573357110985267416618300275456010971572053335528219033484820736315044377177688754352575106616018893943020191744
203 1102442549074243155317514586096769132145592469144850622179111432346840642589646016660975257834484479438311347335164105325937560049678444511853807989335556819007530062367671343892137830503459034764201843341191169695959821746673949276970411884544
204 44062147352794627807620344200396652759122718508123320732379587068511021853472425687891977746304565945553121733257737629028126554147729390774459043328730362373844311374533728209892239126318234768876027457771201650947457175510129995061953784971264
205 1769572416037941691198121663928114434326083262364175151279437249741243299480077485631220411500978054920260493865989341861723754910825485040447138204358904888559077201908646712397817715875629025699543434830822192763333742036796099728054250308108288
206 71409167903770596672723326190609235847730537625851224606429450099966299212116745253527439009408331317205017171103508085888003771427405963576747533022638518297653732571614732621773178121464421932672743477136062743036378525716135207795318055067713536
207 2895426958346232874256273536694787521993348803229626439232931510127138442281456787718909167772192303955952776847397333003680509656837152929466144513553271221271583196115537099197782355159347199829172542040276470315208559122290824155435677120454459392
208 117959905342957693293331716561757324398660472641030570721800479900977131391430125304360373752071295733812419832643711938964742107106761268424202809682108619690365833017569670895524158847683167030981790759709955449932365152451717616652501275070624169984
209 4828470948540442590601821260302675011559997000074723257039673097824058263222766326644261035730122086490603942211288114714040347901143830840687420123146775998843551373109938379114118090981188762885232788316646861198531220194403985408254284437571781001216
210 198576829573370162670370027800297260889026437212787792985609857349874501398052933984796851622200836692125909105918571252893416061903906457705423851659350558134344987373987807389243814676216685928637350240759281247123833513204870679594942380165319484243968
211 8205058698812379930700509097678230968084813597314321746589566503410707997324636275331172571223088740461621222689271098302222815011561043383142338594387283190255698960542644366088415234986437556544980172234716205774831114783993621721503760851401937701044224
212 340611650401752485305617338883335660405641684357464578576658536331258965032223045149760353791076095014594850682149971361615362974694391891850103809881656199237778219572926711316528403271019972896537055504204689521233224986908573001265967919056796906707484672
213 14205371508742752719511642879825498537638887851208507326041379432527856163268200630030916373652232959774289246229277398444247727740349697069238218477934204312392043274348390847368902356829556984798137439146258234045936697382030412870123333951850599850958651392
214 595184587384557891594729665890034483795577029493323085410028280885575655638420953530459759431131678478344418912249435438899611653788345929125718013895735176387244248268807965438007770910399427629938580322345030555371209581499257088099651298366258810551961387008
215 25052294961521381947745703458039059483751855390125299288876575756414782496389860314555554970492012973103853729532175949205582000406232263115159704665851624360414384376286829860967562540170834158617232391762457714815648419356443394233808932936349917792197937201152
216 1059329282825552179394620921217766087661271027246771985997943540561943431297288318829054247815304989101918011774177992180829384839726370610922527788771420094890630360004347832165897060338696197157988647309531531944290771749827778374526394618284559261468586481287168
217 44997978589572667760931945843207379950346731920691263452532568770634458606156882940385446670221422605842209501463498396903829718534031817872646066534247642290598359973867821467583473058868411386629238952524571707426560619393103673773038786153849548447785496329846784
218 1920103435830748797840919389812000546718398302892836352285317262236851679909999256858885693394614418408763155013667262117562655929713330242171968510613344237634013586709891997081396409549893325027573514605687364827742490468618574764160763713852597770674584844815564800
219 82303242513763803067651632242242766539201966051740821474157968254581190280591387530277871045401447940395391687891198149324976803957462638033718223307988607093187588822598542530829017092014841935882269882409072817628101466564781666781823160491128116811057947236473241600
220 3543734322135463079700121538468288784611589256572536054037684871761549027666117166654330669578461190201332837828928061185653311188514630358517457852428008998742788443361855408363649776686288542400892815451950980790138271998635189399366314118217197271620118648251995914240
221 153266951569018427494130333744464682604080019740194284041680193531244370819663480798309772212899819900970217562548868621446895419162807226728067199545139244044664306925809128246675452701981046245479313276547147113193238375493554478700201241114884875824826350579009405845504
222 6658407700770894483115827971044916324268582295647847839900380497051725835910950546110286064512887793671181780855668450667017090995216203682460230700688938369263931078290243248375326622755342651670730576775648456405267741306107819876139994658625435553446865367890218186702848
223 290548186675765283354837014889367099325408728288412014360053340688139313625192751375983892738000924948584582013726734900361538383542078686086199523199760103195917226002637796935223436087495609682546274504714738321045527681108083072172407073865812065070498370169094026651762688
224 12734543251661094796002420092140499314069467353815300541879570346934899750876069923764434520949934097300335438533556633039114205035952595884574626637691627061577317989912970187042194265336206501457102545949681971543926700393012729065467876636655342506653321170561023372624396288
225 560605773420270565361271999492480733183514465784028232959414692486674463200644207046100949887311297140184104916076828116892103995388106526544634088044001557457415288931516591406091014178766615952441494682098232348372467246345642352029093584779670223829043008653556668855773822976
226 24787481017665791396584480849695689845908390211196551184423198849181263263214636677281948073443866890723278264724944090072961823867827634159579369059088717429087786993710459820205637173713655093960228279163689815223755504760997461205456950571808285701271386584941270561517398392832
227 1100777583438237108085381075903932927603883261640201964432886714028669740640837315295479512513672446611000839087894985489595226311435917602832233815310713196881239502364769433948620362150708529591979529282641464372139311582200153973966945331210189883785784566026311576745810679824384
228 49096541808789461939722040592745662986441660632092467756324681839430762860210459799246273951102422225738604130782215049356063785297151500926619863925981664606956598105702660738587046595417938716059862397376933040045976594745218465813027890393140629471068480170435849899758306614837248
229 2199268399737291148107495060057988388286862466427486452767851177982818937291008702234371905895292858571410346535908100166714599944525963062509740641176572853953658574363183764999706661375204074939602807384286007038293271467413521869898150098570779987812401255422675320556823182659551232
230 98940363436951442455495168552456276368207942506947863956021209665605002861960803914015244970366709374363722531943787012681019577335252412762094632366572108226186368796851425969047974775999446005621496497684980758351198026410116502364355234511718679505208884431866776430208155932642246656
231 4470218020064078356757953455080932611565932542999196904848441692851083126281059633858291724756761405598351330155905992568348846483471102705520238534717840888973693914144899952485020541693093156352833249308208039419632472736332845197070941090884626057956953468314882289041919279104553648128
232 202831738640616443597325627386460363137855882503363962357725365871159556895850438878836320726510423240901840569813134939788001034782052965270023675611377290657041522323179904819441288602716952167373887951958805931294691047437422557509342900936434105622182034559518197759192131108563922714624
233 9242453250041617016579105866851721013715107125052931704931526137845737505914729017520081930902722918812906772337670646995336229507749409442786086871896705482659230617942677495422500867643849159239294689195328622807694135416035939861210047225800618773884533646875012830492336548171335277215744
234 422936293260221770142978523978576465232218633182534110047407286224467563878817868595194729129832843202903991583611190363156191072281685125074197847032765934909473593760710766413592610865540265557627622243423787791716657244547272837454514693700408313504080406563776847538499456777028668160475136
235 19435300410480610046226566154624454793807890261197634802290192025744083588304027490626371329793228774462067751983022874244792399138778315011096710454882046029436949636464523845556410301736196281482050244514096942517060680847210392327866245804756739904198371024575570275150289106082058796095504384
236 896867950829038789092939841590293079334515659855816425466916816840711845412938021244792657370032296775258581544085666395188175140546949494700293253084559619242705320408726373075755081222227650943360876821859655890606584982374744232463144677297973946706745439425093029661947071960327515250953814016
237 41560340096404525569585593326702419261422712735326288801789740146479855002646026905053439333107647358066119342423062795258566607246214761900477783478441401125434086085552152775161758110899478819821473709604431425183706004383465586586665609703785177380620183172024521955226671352827415950452492075008
238 1933906537458143532386597735851405696313280140483340321208694465046102689040717277286542703584059164180540364141910092951723295108030962879325804162836040999959825466836851971139645109745180801200650118599961823695498260043914425371431783334361809288609988791466644035798833996251387595930225082368000
239 90362906949059370201375674770892243872099704198212395192102686051141742528646376648940871785971512580254317830932246317362845538035477227777114536148750192850756046294007444596159686748819214730785648073626185190813254309580066106505988756012186174180169650066483001611214890264204615189792403090309120
240 4239706698690421835220788985629121343954026605635283941330541235507358915499657050825563180477947630725697840938559664799548513475401366904752125878398256135077326008397680942438782257722090007650701910728019704813992537289272986854208213977759980769403492355978940184932449922663847607338718097886412800
241 199739972494608390131186577490369054147437810393301070095211544540486297230931553458904424498937632921720854284245498003782921333274286965234790384707431010483416621736787110225345430252103570874620666507303757182947451297930075447541001160649625033987230436229893830691118391832396802651872314210467708928
242 9448664232470503689054695009449823673057580612679928388210761214005170799867627208475193093872070984923592701716483946089193915344873311718046156689368507604897345873331627937472745075533345879543735593184093487942987653032180100369070791286708485467599869810063782725981224887567229980237066482568361148416
243 448791754694906811893646246511924960876859520857025901113758076608957672987679531300864197198544459413946220503183716894784689755396294180687441557695905647275954379318818519047217408629706214890686594807943228710166894391354855411693884131436111458413587417462716370157186288955124347718624517081949982949376
244 21403321184777570878252464287900324944078250946259844768869387666201414587443916454725165080161397576306345786572870759108252647485296528575877875144002096269951293419649956036726191853005760318928391393321659554933870025566070502746391910109767012340660970989268131654491023144563765084701153139954745549520896
245 1024878058753648127768639856277540072971109402832112633473983932056178532361361309020780014141651808465306365096554177422157756558657336083696259065093385434928906949219764944331379287957241535893901836719390376198950315011017369188083804048994095353530036036593408625737506558149291523359309989077184037416599552
246 49273213694159055807107818380233397724612090100033839722903909906988182098830875773788097252827229487027004483777817836997460911047918369440008718843615311291555468460158186785939927649401524910845343978924343409448342642821417630854504259948386670719186284921746616011972502071305469329308128623117139972596957184
247 2378429284184223812309827367142273169614389702973738118221519483771237799984791346087502208512641321046086101191850758218326578442895797068370678916484375399175436306460398807328206361904283108278204716350242773519246377120748189954977428987725015436181628518751522747027433866997333008308506746337227984056214355968
248 115266554328258566911494000311112376334092082982335337801847368468276918850842404962141931540218981006140306086174404622713407873690842486955844848325076407624237161948366136127325346463048792193127105212366731059947055273395497252465321907284829911368272821740353825439874405671659043500460991393615285952669030547456
249 5608454459527434517711868420893681386431254119581415827525949910212273125236321562262998883493816835545670190076246080461951882102210725709922794795088250450488570433724465133791966235024830150039388805941729341098213290598782421714910939250465547609544628512973250955419774996594952815228083350863953486259653196120064
250 273970034846205203278707485178530627161314848996331489184041250466418264624816089301300372013779326631069715777738190008026324529843161321981210463462976576727559204831838721793611331137826142888902046491765173408597618349302150841434078930555345540363672921954008254185336295132539729753941397415140937668916518481559552
251 13436189723569818396901978744183778107809767452922018332359263731724862698199052468344922402862001802292636861508826341644384735110121843783112466715291277500882115072714247232366563427383120043825582978735284683567365538882031247597767956323504309141064967295612442101809640964137001827041475222299252528950471609565577216
252 661539307100079843751033239118637754882162032022413928770906055870593260414101911084642453061260499080624362375663623742786723178148798885943773276737831619311253525876453577650461090048869218775576815408839977327102568245647688776428989562553951805523999439030352185121914877652171704176500659405905812647122847754992222208
253 32699037199893811559587877042707728433333995145728759281255226803752781573662843734857546674140773840263486798581275812570025330532123159114095743970256224654986412435110119240876935920201064720218999470566606635714083838658370227513926361720970621920590253747629344470815946347045630092170027991845394977763890003149489963008
254 1622584917274700515704939725404504415881902644218243121954660439154099775220438310560267175573160619128201690992919813377097984627385040627607244105912050389748152374298061246255574119278678120550886837134004742132125380214246537507559397079572834683807706610664238092664354849288022695851202006977495165229796123146521057165312
255 80828866146280980783001797815384079714821600133242024670320037823282236454136641521977342093511086534618227816250668950849800763286664947125758115875275171973048763683645050624731491786689240647932825904008982374095140643262436401878563942395790737410442122113177458900801712697731535690272553341019524660778308812100324795875328
256 4042086440289344705269953636557224193718462879974455538742081991956144736571412027245063482218388426421314402759154321682508562331401336883898055791251764883386398591234006835089414818955468266796484795823677733131086203827571709557557075790336524219292818321582497799137330390141568481669379311790181805548556192547609453466222592
257 202916933522043297291919118310049656524163752172106921251462569327786071811615218666087913350194424261415077671556361254819974626351624873687105986373761339797609934140437482491600975434978190178205117178335199505104838384212539096907979068921305393373150947212175072064931160453905551638021714666267348485521219996976963661380714496
258 10225820003832609820167863446037586875307647911703552324084974276640969024425999277335794408066661337753488867763704990337171683405993719688612826793738582195798645362722994607274088383498738283094276168538976650668260216568725571538920573956591153770854384320300279027864009588484768044594178058333656997995960924759937856594090393600
259 517295596216187179944001833729894570254053735838876956930491128857207156099459972271799560292020531769670864104267663382096683143797751195178812300975760455345093661350058191149195556666417113003959458110435349758837567822804444607081035123261163424898520257727328185304310006575457325491759396866512959797520596357094207621226278420480
260 26268415413797652892515708170490098829585573806566054349521244545416670181423970140172687939176161364234332955024712946987447352374237186170558295338659945726601897516007895269455783571269053774380337860503385359554541603659102595984840543357317086319861796879436660416681169435996174049948454296947823629921184962929565656868530149130240
261 1338989429420855774430854701004654301605297379188830393941960377437624517633937623297529503563091308262728287114732675894714569301800683603628140522293981291636782270796383156174598137275662525072144597783426624389853111573829749323578587890114929834880401879106945808028609970105505520966839596108582179009999025465952035259700653794000896
262 68511325252304480297487279585919500825273944819418304341990680303936089267130830976890314657706869395556402633587090972684711112350424810765400828153883919841345815354346567074142092019404187780977191321537276069101474578906888492398963270522536163848346456473109557872534026005356160339781787345658811420045723143255460603387284807349174272
263 3518708993103519267226292777162477164605523350719412399361311727921928535892374278264268445309378259088840594391008623129685277175903681570075291390056323347460747627915914607001009860461877775025859441181866921428575577012130577761433903100364493055555639780306764514239161275055245105075145601033542973652746148115786559750726616472304484352
264 181398611421353250929864808060700420618659303088487683387654632400584574948299470260465618708966641410690698769933091435528763958389208495700639395072579586693996064289714606105964281667835415503340637077420188023184985632491989101711065267204339356019269533053439564053503274720565611117970602217133373374087255841862500309915242367431613612032
265 9386595395944651680283530644843873656349370913539533747744723605345572714178572902102547090019603788503848540299951627607493367850462827450209891564248873302465830147520789934526445503109570471538875551056584103298447439176945646368736891834101445427863600134166207425058868076731536989480255689094234440967924146681380553393365117245624265211904
266 487528180471467727659058109007483564338477738888179498269252334001745567527017078090415400400053977480395716657753189922093116867626290736430066562395989810080852660446525663708882970208110249420165281856830352013015201612566037918788719054712322655724641521901251140654189786132261013509204160768903116512670162377605947343425779108098137189777408
267 25415744400989252690987772624310636423311449350925041727741381292636537955709418559971476375523277959687299080485254624525126393732440885479297442632096443553055738330512573462321257790218937088228794131774004712051894959558138065214116394452080871739293273415713750029324541016403693371333385666872522804437307463385758694275791172123793414040846336
268 1329876987834406520939498323989568313998750985898745067498260311376141627934348569851604697057034611723352412367648843686600564373196561495870046942457255103584051970343034968025863945541950177954819121481578346252468459602770398540475260332440606352094600475837631682179512069013172178603768481830579164701177410324460538288813332968959380393539141632
269 69842491081611895462112536462984101906063649017557404289952977551102840284238591711517630877536333130920817726244522663776577890508136571596196250504582048798371925867019647812005841240590041470108549421591654904509335442303349438938718642332316179944868742216688831411665859368363090862424752917701983758675872270476581096698652577284017486800070115328
270 3681473799121890452128484537477774433214483348941054415766825126988990943365672820548660422382730902777636308203685935680142576009538165609522193342552745082614341032957077126266068812960107454502053235636771289124141529552773127593737216847951065346681237103462107258630917605417882102626974240536547036077618475348109212401436435299058724826270541021184
271 194765317284656306533409075040546792307840852441143923644541700459106601698339359538946656215357850470964629835376570125657808998011283019755746110026612257638377720087837027686319432224358352362641711040460335033657280237523428753806923000192299275772902710850218350072047883540100730213910922130005365724357048963348382343091268093886839374489008107159552
272 10341503003930942261061638871404862562841129385190888774152744653754266553984127920695103175617069481009546574791453532657793250146184210168371961100168124576919775564114690751975477280634518110775948303217185723942545663352674183306482043227268050472783451350601864762548838772675196150998972347451461404229487128260031705127143734850664733675230288869851136
273 551102131067355840904744264387886939033789874283553003852538420455259832546667482726956996152744940034102303494292803829577461610560258605265244344404299167211756954290399834504487007291066183899397026659597510372039458556487664843828760034869582190777214826040582284949383688931356799634193072059121838600417375268003970225454991987980013032187077944468832256
274 29474822972443634705933660826147429537847096973028015577843232296232719170345903914029292600979113999057764500794108007599200488400900295694129517944834958832840385302808364034624115854207452698726767690065012655127471298793887493049855320813019649863476084388443259306455025532761040586386347661631247661428010360666351146044099962477038350651865409084985442304
275 1582105160771608172245207636990849959189800055736464552084522635413936416133902413915961337550290269657102371680196862220862743685696047332383375342685044481244452311548699757523182826205604626014154787021832264907778398990789379939035377379494429446155716791324170014379030235772615004229581036942754072715061585420268984108099983047678245653073127334145819672576
276 85227332604960410063186787559729956051285385416050771986662007490117577085993157351087106190283608206247709226760567592724937049294921683235464428257463206202428798026425007268796911504415885728132287669951104404793629106025701071367281553457286367817025368544019273997734568632672627230758282635979326055645925222737244278903674483375386190058195876124391536328704
277 4607615956456624423571148297713569798353004473491014861182148060158504378148351404743690418481027606252343405304729792640554043148556011592882623597303900857287876767742030644554496816459218389126869586587175124201523428680197631403042367189736534340986999363081503114646912397422449888301457643368370023294679035376964440860486696592263656073700866570112283183153152
278 249989598701938417613886563467274961443897549755304367801225584684133741614807644484874490049639347129491842470920202676750950299826169505229865598513604788639600484016907809626510033448037392356161436391696069773371273151603782779228931588043167360837934285374740034112884222971877303231660860205271191907026250081295993420876539217507187666347766189363885322010624000
279 13611638095064791289006358926001805697332998666698821671794322903764268598707195139216537140778348107496241447389446956907082976265649140209439915698232429425021661290713342703970485236813379520891562500600530139011793235658034012971271184786796997083554428727461821016907656707906119923621239113699735318140813066191261835123525970580923640876294563358736709471950602240
280 743765749215836935306390331602083590262914703985193859789592012363071697601756736986268103030990991750495526283815301816018071784826645734283023744958426844500617242142263073202999486105325896998620454935389165591124482648430131285741121401265600573104355072781109357463444011306950085332432818679363096561590858492782565997639497860889194426536392898366718132520495349760
281 40784379656462928463442315737708655559887070511873142090340366652220292079876355848762471201758364689728419016697009272646338176057690615682021622275016201195118981236290508263085196115764433797824658301234087611128361644909140501361469926854975976080790253044829191868129773459953105034351526059238739362232007943373897569298854061416911030459460155988745685033233019830272
282 2244285310159142795554449499351870579876164442700694639523855750655988834987648295766688354783003549404116031500256337837916599043132817148765940086735525151416939414357466275982919554570897906268152100646838196537572031396536405575855868710094449789481554331788389918607613470524223210756520147120056885741832792871287709411675092437982304095672270069860639999094271114215424
283 123931996428128045710389418782078481236545292104696878724339691612682616926921739352062301296572026244477429020305066225319693414695142724344127686024623496023351300384696099511527696527030256423824196518234574407166104151568612936079797073245352661483592041955628561971847642529847334717645562583743982869380652933099672360973135738401339671759727726062830736748473154329903104
284 6867595200403380662471225415362357493822202601484791192888247869438967002361498479663978649636014348339863793014310053387779675415744160092428014963187823185497167528949426483871858895782335253327194518257030744841581782569080911686396814050403572654027414530414869519483802676581428500075258947096183682362102468850617997051991889894126053013243950948590852697418072840936095744
285 381888448671633073181390106971609940329973006445395753056319612337907557410258445622196362486327721818533434081805891028748130417754650851421325200453375898818583172787697147399959554435390856391584379769211067383358709658345138687963068607181355350445106322838957206040794100718628247914781766353351454295077230036377794791913990086973047949498656713280559617336094619719442628608
286 21309522130460925266856922051383895867962292533310995494933443500887499372421410716754621380268097092926694143741849146233939470834853685874679106288300934947479224204799968261604268784723646477739544581209428554699543972322568018797676702005080531186918488336157222681501636458933760429689865317233447204824037008585579453855219653526630595398677952682257090080116951795009004240896
287 1193193982497329285767492164003685802697320410669679431836307029609724207958389124089182442986852055948218929213405989267608149971992692265763359632026323117155657521124871558840210011432925723652893598560947223273640631863545808871947559909856551364890322787473684540703344535461629737325804945645818635322518965961724133644508340793631631107454185106538851513294223490927123572457472
288 67041448532987392718290963176917073918596792566944342757424760076457204695108124553435917383316326874864602833311073124266369008076993830055842721223451908270784298301533492403922600168379142685667284226096700668201852547450215631200481186983359553336607110786794315113145446582098299250702855906708694025636504705579960594637802125663572870892864984932663783059728581713568695062626304
289 3779771853150354449553641218991376381532120472597793206086853542243187729304511064594543267739664474648082641902810148859144094143329684437727222534797704064773404127506493989361305640995918949893391625457858300007322382271769749530396038678096593809150413857147172780569562903667265940291628593793362066192821233351346985082095075461684089333240265349865904435879084442168315636199981056
290 213831928539481658379286849995713884966774548434414094341765206317470067047161606532313624055106340668489451663675110836439825448972925615435177191557429174491403743044075832667060509636805092059121903989533250514739736484750883222505563038206636472006152409907950568924874583227266593421470474977470775846649081604302328602646326640560263702908895392862400278578862019856282702097550409728
291 12138338072359683295860612746726877574396140905663629683585430337742803742303611722502073348963776797011484562446220009596740619707415412346249052098599017312273985974441756246538509272263455154422655729249947770437624600199012711288202758595426127394722534043272282454048178611719648398182790821106181257441437203632805502538591461336082787945992828868711749991987148739619803289680288415744
292 691386015566930647616294532991797236616529244173338126533356972108454897682840144439294070094930075822697563551113439549735194631667309892663629179585487309628479951437501313350859652243654329323239086366366148248947266047958847613709594705431130401532664431123980895008362636258231038817192023925247353808385846350640899105828388443887261802080164283636167005692480876761678210479317489549312
293 39514059355710598684021550034960074608477280305911760171838893848982615957193809900717948967538681847325362331844542591969131719930675659863975419785117570414185844564704935042674833841732176466629510583078633487713482543778923465311310512751537746434410666422179083540808475237763523787574213017602778659665110263413093962981578273609122347861515084610256865913622268067572017490394413522747392
294 2265934976046541297681199329746967026842172846965122064644953729596974870435829568905600443871272437212349666261985321174014709240544333233718936747679387759247128173185645425996671324353646789269021667835412543911474922657334123461996875254085471883528636011842099882352242000085108795729313170628942761847534633436963123893089050884068954500465359308288337657459947032105683026390215281940103168
295 130377621236460425965897837998591740964575887535062979278345455797135068935195845867376089997343257665822303261666060550511645500046652104243946399183923953223308920496686099651373888785753516802413929560808136598575527006760117294704416367285885298762019269080762529755835087420201901641081514485025958341400405263884542259070775399410058581161204529533675588916138550088162789418234469310206574592
296 7526855649270947115717037698014962211074420907661678328920514172516145546696982803241891672318469738526512044526034020999455858633632789127344166138794152127168182550298863608462596089761168398797698533708012055388952599406027255037453535275974068040143999168063728580868638562926656722923569691618514507966090003112750739692907046941500657098502828233927631806182917270860033082619447697745796661248
297 435987650346256075157931275871598222754734918055931324089830493432754469228467944218213592937275149869398957491535711289335340904487134941039149232947946066822894855567761618518112896606663071958815405637904115054711681811901731394353606327944526445297551501023453966663113082585598707486985796070367131866409627287840382372898325872214217070173213922689931402079614960546854496626624261762568131969024
298 25338449091949154106567584465550061013273314317570177911164701400806046575852913921882993345983681383062103214441426473437119806732123887855830941227850416819300150411484545003161958142542398739840011614353171440021086194465329119308219803276855332631664398570059495051363273473010189657483082995545682105162943551871645685069838752243814061429049004985781719670316158338963010566495049864331578363084800
299 1477496014323333702087865325737210821208108017841991054147983779298147072440034726048861547461113052015426254256093958463537324891302896272893100443378262941686211659801203744025315142288823746162150212849093669001334576222501824323574142554448605843309558397092089690315019192721225107089745366340718441954010877204688623376818400563136386200168116377881772183875496372676112783808320944091802343456112640
300 86438713076177190294178267086041750639606915108099699424407978400072989819985065348514984275361625603435413403844422450518576260077250470826363110023470186909120925450454389004728255292210074170205585246043538054264628299278133582192161489018203047334230724849857314506884732968717863275761956091767130597145417333843720427534518684361740062374650054740132458162485682314659332057350102841003992728815534080
301 5073658378879252735106204668804579782555841004303197568320597547569680827074405689919531200466904453701344138170684213701964290284803930126392582373848171759843120454448659177756559357020561009823789024752658570973393968481786899369847952219031243748096323336266479320904685594172086187283675805416749654961674975552388711142034824150651136011108423860845258495166648777475199111968334798152206910133637218304
302 298786112017690570078233781272635903638295736501494792538242348974607015340238270823782641107031260937551895925399022424492288845051953012167853268239253370319153377752056830479177086740174587211810103963363140801368176583062913838795185021727055745190807191959252576115368061114511381578075133267215017149168561067362967845443207857682469791471794168448649081181541180079226089092859339589384196402394964164608
303 17653108047127648721258356153377200724930243944594071450585041935748602457980321387100811354317444371864720210834001374516932248252679136746501177735318360458834383973976646782793215664085456854052366817496910415003981249610090266093244548163638871677117849016258963829421325784805207119883668939132562896096410601467629356301859608157875027986801877770076060503349232954576518947528526070836188549501025054097408
304 1046402818295699667800317315998577673618563770111770100056153686445830704719862966010974940070591540213790853017727684496071223742683412136669630566654419192589271164581138047852239844827993561808715662088942596596342059005049158122361894357687838270839092140002160273182726899278240319092900402746181649425928419857686360477470808655100909301657951350794849263425609044898885552143333582295308329726717223132725248
305 62228447049353792970260115131468826452134351381110716085411798251873371960624229620840942548101296927550075542713338299620349223762182012270094842589197502355451721434868232038235255594166729954156124907882117653372029248107736272869106143756215416509627121437108836263338750393311412274920502224156532918484351949053941941004711893164233258359334821999682602087455366675597697896293629699323355165293293835665801216
306 3712673757518273489368023923536655740880058021075102712272331221335979789216876926716322821316716280207870316757762526280747262268398267747593622452488268621908854938492909006868465125929319343491246629510365914533551982140690593416627293681334257679898088029718886175191833954211692670346583320209913753862697341497100151960157043278386683763209159281783191986948033835608412717566883851413129735066480774118692093952
307 222222397091991548251632421670531614587795026778129097432090148489921878716275213458276341252390511460216201076861482247654648936411632929611233983540788181207057503473061843616509676891623748156736913510258067466947443609934078692329885006602994520927544512598674661346790290271659299748280093682329417073373194111028937195334222713871599741368607566813670336943029319625022361847612403022312077197715099526295709548544
308 13344046996767570018925713280357194318382180099786063018620049205696949026685345665982243595611430777075561595965175638864362142128486238798200326698300597702764683695005245608794018284483313226366577948428147693258095627211023846718037436370100435008827389853066939548554012719717222844748614001191462705979195069287646568074149692957533461127088234498247497151936064602560059539217059119623835387937593760959707782053888
309 803862006379738941933224496847830628009832451570505501727030011721865036765118740030633102410087721234884375003602307964887442774453518652651744719664399389772067339621637341644460334787691621880156107714814960357067967949732879606588579382437553212773443117253980579583118173686693177025110205625993006802911012261457467888757290270667983440188332829449189861835671577119144029817995210721330273009951081861075983413542912
310 48580858601158107562933899460004894586879848971033133649358401277227931525752247031246717783216463094931902542558481406742140395046255344697348788794566414021166989872727550762586461340257132306232463020681612179168855018462768967317522590175538412717974655776937888270047397619136090985656511582040615850855794519511113979935003618691405208731149096510119137802394254009827362034227378873206830946159460273432222550590488576
311 2945331485574314536493082361614498034356596779884936814565760390205172768700422238396636871768245197924714436581024228600345508909899866397789732496972544426953107367251848554961113561605144170415212014366592738539501861108847686823604077214798980130409204397585766561143767690374771551808116511642381320553139074124897123580757173550235328107886122705442532837580834486587923747381106452816994156652221920660403979154324717568
312 179136497945101870794966776760512982844808294714465586061537035757805365411617151226297964034731023588263564605917395979044703849892496512290045204199461299651580454224084625275956753922504285741438151028119912114024373067998475831351909984567164111380279484240801189314722996287534512286580813736942106442613019284208742966848332685068426741212321971469126343678710358845899221877025123246847819890587782052370020169770183163904
313 10929757042337356422726027533793083647707284200317336098742559765848344484061999534864076675954633351957412018761743508907150214151902336637355786205685904340933946078570326571057199951235646798921832187550209984183228845769376752332032877103677077231824158383145003857700400824959290661992547171325509115377156656973067650830749084305500580681574103552628243015576037880288851788889234521313577352545087705686099348899427300409344
314 668973810770983914658613241265007313029462926368093310248977646684222229109680912159606548666996613514656015830679328132257370387001043980666532861956515702981774015451032030976152838730617193610974802615833804342226905449810703715677351812722347300430223511515153320130333386681260197666269640621970557322731178998355962340500186323989189341980093989097948530917700253885908797665435809452257538595129878868760781776952830361337856
315 41074811779769617848779991816797394881804115014929391293305079335571308497452117745189486999526740648360757571330332933538140223978057896266072057008677229683963609569045310778299987591091472670635078466382298865868404316472824673950115031426928805609161655070681322497720593065912121745928877969185912127974723451846724259512926693301032738227851458371781695909266883286755810357169364160148739388136989088094424069559157329980555264
316 2529913141146615269470172723361614159937307996833955811744532262742763981699577282841818369547127575579236380389763640754579779396915785595548475086546106961869528426437753986332614429842632203558289241096234163745346411702480071982640153297101602265725050329242706913511258086221646569378887652614129272539176585989129031333177104611752621851821672199024768906703263942079986272631103978181161221571929849714126177076729785101137739776
317 156312941266096630428570300959277471818190567062470313134914169386956838863539343674306964691771126331993181679643316873152597515109466786760989225407808486248565469089024362887438524971758943610554274666576919634010819587645600608474924240380448846539559932693075930782743184981895902153739633334249845718221558331172426572253449533022710943164188455923444566030937018692058404288750968942389814059425561817350469959056639910583403020288
318 9688115624361698592403139928450604606858748237796707515310711612072594917714826960624028164518126447166580087430898706196338697525166737421064362780270079101765328789894401693382449773012668280114084932850553405095723534659499353384354374459779613488303816065677824562094478785384915640882137668050631002536224351631118810321159385533188307146577778574091967757877748067778984005818301381162480330525716337504314086409439446845556890009600
319 602330050521708839638084721281285537346116293526813834560210848337506011595160727780665117008956838600022905680465425117135904141189958071843719098834467889393385200682790085202865560066723850395202104490562661660757748232103020806925718443671940946624195552720871714586634032573705342093182140716025275992354835354121938934225723351038580405647708053243604653089213212256620614438348380228899810859930497377701736678843358074861903465676800
320 37564395035435595267165483548539910564060727836031671098077941777153034561192642421240489440975470895396838697941684173814467326362747402598350168155389465213632356202099451199023388774030166590671098874967864095127717811664863055818603709856539950672157588767395044491536797643112264289465249482861702229968207388590116151411325319782112244604798713091445017234867252986558478598750593023229150543452149290455735550238142913068858894220001280
321 2349961542791955231617841383404408134455890745253554031577093856834917830215769445355338095561099364062149017653899871063235087683596115342063234924051134666393720621299944962127894528399288954372512227786229089832447248833143293570937455932090554712303226959802840804161526955334916349281578579962186325327633941878840743550061297298017624538302571078743596849669202457068284802819259611738180421735170186722978633617798645253516626250304585728
322 147463134774265949985720855171822970107916838479155499216218398535510506261026443510701056031589937543082667789220589948011646492578397988166928365059409834643043967876872458174266789258073341440417740673273315969964388164677399424781940168871895600712534270893813977897162317225901934571076473899127991383034773902107778041525184539243655043961403028436576886856078772247016932315476604565119047035630055996721725678164113721172343128250159988736
323 9281975287615889287033180696245073362640779921753162956414234567902180803969874354484408772408092370200624434829019741981265449480458807584960534117042202311066616493056350582151423379274476494285520492785353056358583250036043457225024819913587814699218767001845671250600382817331840365178686796276254791640459073084170824238828230540856417105785688043558082635237616634032307897444454631140942056374476460816352937646757550675489532591070842454016
324 586040332815528039077268832122709275230453108043680191435064692548172443472463156349318963565356056516355250456363477634914030261805294388692102615646485204138251477484613348560315828952442370158042724313233553308182285158217300942260551340285403386892934722524312449496014046133468214926646526819824962454718428595437012903771209477737458441811497112791719463985009537536876808747469253862241349561681530877025941607304671313284618932427001813794816
325 37114250603604424331763320098394436228348361957944549634133563779508107290311322604630629859842774059330579146147625047339017493935858470912972102695821998915007662472804090915945198035990998072947385903270089853543065063219379411644911299115207939470792224812461203692032730335920390326723638813654286594326705090514135737080106723086367036204126707043852478071928670317429789328354611913394205568533226139949817499111270003870115852260747904896991232
326 2357631577274134561949818008722486511902715677276710150252247153532383660522787342332936557214564376223407708642097608806774666584155696729940336907700242168521174725601377231629932123976854416039755714589522228983067249331996682655732898467600884114978964005904567203946055248221759260055999284833680488972096942448667110801084945136206961760019126239594735093427359289766187826383776155128480730975126111593307914775533505782843687339321695321639092224
327 150220507684490926238008694652146325737216953578311140455917794980763439843382088490255777845616655471914362822293338856849974186938556943115986132848461484341367907725398893142072680017675846804258960232112882410626235014137070614857158724707976124324669271394216247087486830704359931821565577502258874175629956502386026539814529764886660247924950549184487277454629153579086640778259463670132566783089645031854542149184392429417776915246839082125033996288
328 9600559974775969604070423145202701111231209227654325060767170185054805454727531492424377331670111079143893768630420052710847046565931158424697998570020538156209487938276262052722521611021871651591139080001366552069189766176731756629128940862953119019342125150764571649216265128557086698739683015769686886406688968741251304373002603290911615407863628656245456108426345527921850631285627827382516095403584388879330648682535350739756824833473256755929060212736
329 615423384863962606895775348831928872318487373616983048185191129003566690604922027450664132544723216435395817616456713202192720951164251814150627306962478001512721420276111119374790745437719443396484493349931947386521476760213717586980919931581744280042812493848037959744101310955592714370837080676148999246371404581174029736328759194637751330350467761995650852530988532268655140154145636964929553048159904619877857695760911702886964087833897181086782979047424
330 39569227697928060114654194367139303016021946342835525623136976868095655312028803596219372505718354771229350786684378519681494001871061072516970922142827078500209923889147317046446825694415301313220177295248491946623646578852739551035630301135858039590764378513047418752217898641233962320332352940714756476471454192884448097976911217607484813376918421347160859092235540752660533071022888712054440865839981314730601059703710337239241217424902382082679556058120192
331 2551780924238028221088079148664612822879847281373354241931032438560964245950875069181285362910404670578828413217559148059069037319694595355511763973378396176286517467696772656639201306216095609339829288824095150151151639012711339626999706828167841141604977021215621992148810131465689338088445564757517035586065742715036260061966442762668683976339354721713967618982560547296050055999279736974861374436469885772602583756351019045418063572375193266307580338840272896
332 165054564655360949034504061236668797537967141500202998767744101559526283642707287158639555072695907262487582432708198584541489551086996804239558165668007456159159608204835403427055543312481797869137621974482435363081037169246455096052378761904531833573560956508775587613034881906693082526786911270124994652729020716887541966191858203332616329319305756912663917361809323995487209365676694050607136512165677961018279595447683756263200075627083383711250713844822048768
333 10707945760507991076950865796775706480966470897865157739198220048406356060497647916580169622445591834033963727880836184298329128268273294737406697464698055149938714610096615214320657644708567840931550190337101368474798688587156786465602940998075515891712060695775387879985681605658263335335925242193597095426211513278427015850289343639452061134370003115887300438774227199807411378603571944393425323988003304197327626814041717086788108823671170980875555337475517841408
334 696747484414833614613870110569101025923923329165235827674177339910006781664894261851583700254807789353200820212194207147578778214172962684290359531189674577223059124349181894684439578659423076039367648196028338671945885798833726350063679989035281097298198483529109645443466942027782407865708729173682830486169912231420504811372295438330335052226755622020465264977910137585980554472960591412773164054969629826612757728509014593996386322665007916249883900505234763415552
335 45470680681452205582034367655703322002186183230821614240341171830786849037169699864312757443467414080896782024706864429205320404472251517042898627436406532216338416031258673835999572205834202520039514070122093803240126407036833861150682244957436485480558622881952134500444191166316228254362368278083497594696418236356282551059816851502154403235504375640046487692942254697001484649075029457442376644100337550647016145803914412751263343433568700735688431246619767721689088
336 2976257477639161560448251596743345463134465727718376358336546872945620064193889600689105560506688305065353330255972344582615154450392138427083756311864259531774909580631638016515915410681303564090779660445734531970504114497149452241772895429663441205433930477954413007686931228650494138802037708875460243920074155300528173920955676354463647432902587319619624492130034618193541532915485097440826842590057331882718984347398519110618423013885015552628241194777687553382285312
337 195383894717364434356932519693681263523979567292087454725840232331212925092252197344103128060504270009906741396715593478891034576464783908681273674134993971771127552701875860231143444044285227893942631938610468849595814339575046878204868790810787995135307996800028721580181990758676583877078063927032608258177947414662471110741675055381687601976966315264434447398007804598222500913552433164888748902365720361346566978072045637631974588798272123306674552982970879452859334656
338 12864191227126497027681515327460121039387020288388182597211438596998225240641873414136987448827565110128443953132762891427442116266601184357786527562644121626233824079395058776483030945394615426872886020000971272893617813670935970547413744107347568513781150041665533532434830998128358991904619407177877960825222701890512739725541641731246203027986557463730354195141600077572433602328312197595227178231362659372928443020071189257643702179738511082122628095068992791130406912000
339 849469791295778568389329560988807087138373612552377786484426314610378007435212347897565603498226019186492266082892742196784036169627414989351536661664758702580480388179677914050913227311111140167012634553518606289802304802677913482853811949877301613230874322011148723768496945985276579815976511515733753173879206012684174440935714043294307111175966832619208227322408859536028539889101088615959623454258842255527392686966799001380015447644177553423773608915148201117065716695040
340 56257626455320224503543696468680189230291763978422304736308373932502351962829175159856086317735486426584142677540964526496440649723142232091324141564374872478667365599315669762323626299127927022184569769948306585904368784289079518869780671938732314153387745044715811054998149848053503092980011586525235796214042610650847352695750878034021514761078950497063871172439827883654610794233685836628973292763310981491326143533566305616258528362252002102917436191564612310690494729420800
341 3736622232458282655639883584803294572279918088678670122352539943475349253686169500595001554208378960107729586331913371925863868039367397075233976138098067473542398220031461530062118199902880432297208187712235971312071937475501144872604371876012473642217146008565031403072784851437755638678412615377247609842661403061230883392005374801540345443064898444362204836955912046204715389888157150413421736898970270573597048761752259180679015112851087129329169013250688851259653858468560896
342 248907300301717067912164782465348940735264196711133721346129468390815517719000589228034756759112667580113810262811931317663579982189893001320645016733503585792121164875544551242330904188300848848884287131473109889909740382806635179846485947665801447892936590921656097846766634304095223651648042053949076699586686404642342920725564844525276912304053740998802709229553581793101470887642103286367914374349381670614684560726675547648588741843189426043053423522032619585098626529086144512
343 16628500163108668563896004074207034951160243802962537426650065117630838077725890349166179624229852175263294864379007853684070691258088891413414630691121759081959402381538413762780229014966791154404480065398001160758766453223639843320685751044057047623196916645871162886057982995992450607265992744809101587932584156006634083925982039456637794174374693835496464096968993588332260164772884180636563817148063734546018465266261061180828480580994973013272814217783988908987372603912625324032
344 1114094165051744003186571274353717604972805147248595046111879087219746018804987719332812664749614275570367637068419923529003602254192196517128557839361902656014896952177544902380629182747692887410705197430992850635832508679388299363043024950714533958474419999785114281816352109769304170809282875479026329181145044896392039326922056968425573603613832255379261247217675573554123154301143151305548568745300148105126754831660666224348798998190633999601933276506873126015986339293011873103872
345 74858391218535255886583415985919928127462525674355666588372505263510995356172727411963852716472030672920550621546908616546694877408390071034095523314844949812671315809885570889162724551318869769535323306836939023858029831346749021457605460579498201464543329376804659749280909777907058393562227176138226820844582824826004681344378379287862430558703939001105570432891815970810843478828088040108186670465075668515893750255561065928932953317929128420896671418769586551187911474630955487985664
346 5044350580571146679695573229339605334712232625045586765157628527017362775542911371607953711384544837986087377873414832512657639413540133351410913358828839977324322898083913891427535185863798843400555750292162536014130301525674643432940827143553565365944699123663118442251799034395846612457831952026719573476840402903261983322747055472048744797859332411446975852681137005119161478619436076075910985610985280409345462864754309609288665575019163864316138995909101413740540383995980041146073088
347 340888737100321703639486819341158369067583596858897354095110822156126331765746844589025955265635412377397903638344098337255591666166456043638751236904073919339619183870340622600646051214223251780380103913317207988578130642940830589151804463396454954238308650101749935267319247791129395900196984550958850778432891372298435796273171856392547116396775304215100429069668693945505318704280494143145301523028660422474498592333143789739696127322222055319147500438198967595584404454316299291224702976
348 23102507226799292069892653694202442312352063863602978462312422215936603856205170842180347064164684582419859245509069119387950381439051940258222872523220339585685887881050531151448237138241985587338689151498081226568773057300050187383558524336720186242975303233951789981838449194054446935443840628421023472618783969541956860771720268851940721609862944079575162422023366792790116556357217544438146477377567021230523467937865931107511252345473150956495906692928665147762414360062536339756461064192
349 1570149929730081148468444736271098809974734827707230086422959628114643491334438105327440153937537985417496213509386535719334281276769031551251440027248158400942414280121076315751234117234047528776626326583003954084884567777091138469371000112232913468780165794093919050530100769946741366274171963139744505285057781513012064511261096907432912729820979084095370453347086791042894969299316445211780783122637274264567711124732391036712560482761491213035156109830290582020681810386655828721634061058048
350 107017592155030756609767192046535099383451546457157781891566765893826588323778391215340594508006266262860700411845048104928559021495182445306899165266240920795918588389535769616670521831973217731964532811336986971266315532934300704380202886495226539981230707480759031262904375617246394663827993119291210069740865281218986549374185408405536094830722351384366555511739476217820915657372885327651469030758414862740250166410914898146485690799132640956157010366351184745744391827091188349213867260248064
351 7314721293025310372320368714602692297434451385506306108503259061016920030526548812824403207227051705844037299828668707989404754060142805867578010827049334611787947871095540281352223413997104945906357845238663395529456815942814609348973003037070544386439213927161546148213581780053551416720303122031062617273305912475068659531801489232442526292200225025134805452102161589426555454528181817758415558177530193816064769252995924772332727096939506564277940843867030978090875134645383058512603724761792512
352 501378240707123848266516970520817112437644337337444920791891057266491649095229822648392783441267379811185490702727606973670702475769082082451851030715294928157198792444709781708261161174735855775341641518594743421972716714019612554852895228749855582642845613655118050467667732654978087375335510849734618668651329069492918966231583555786557432439075413286446078846509838397825553618777298231615950198818054988461833188321413574842581605216925113947369869945424786688716970219034681632806808323155296256
353 34463138543123768598337974907127625389915383136699368044302412727384113652219067935499600713827760038109544051167223004223691875882466394604723009072871107969481271528459966564144849756727046132059593240046458351940100275538068176882994396835973491435922857281952018442113344468476759230442497374681510739285539151368126262181481788156653012969711625518927633324359438509936052632158773973395196730249360562141042092128734690458325861045699872199715001413305096973637188939329522552758895782796728467456
354 2375540220414848389789201742759468272099984492677784299464631628149985716597849730759942136977681185578367509990463125664537250439414903649779819150765122343460715802250762232879180553398567660604991565232343213899511333754810636777847583609471711112436165987782802320005491103097255642012467149582924906936206620120880526239990945466046278616353372228691119614160174717495864299301784257673507483635136400868093892422957515638839010107806754752618368045106094252011829832660513977294511777273880336400384
355 164204388708917649454965214181480004039625815307228092565492557329961781314534127359100707575952376432973759304557980219386924865843475542147065772717305550441517062060515932687469259951789001987883097518324558699703104667467757978879690103943627878312586022689220206033919507631412498040885687497361488924459485317666209539444382922457458630835537244783361513800229341410410382661797998328128139890673676980602581666259109575188727964317734522731891854366797352292338657177534257004898539123599609845252096
356 11381999306262133203194591499114444403783177950199047322214236141801870399103117917216161059000894006258200605703671426818894854771765155449764953263510252600171566996452501550473506403289208874224911927230808988269029960037180764929089570974679457236217345798183214053549695284098360106359385572598587199080672514648745669272225156375683152439531935767462813972953941510612513169572534201083746596133107124979270903337302414761810793611242834834035674973618794740228396579764923838529629129569456067700588544
357 791152858235642777600904773399875312008128752155712960176416828908831440744356347813601632153064121295705842094552386179668945053649415683732449545366312751096996141398019181401081062498769388997015971326851349909666679031980056832576197320095440048670906097588256185015870358024057031084586971829488834226221949340372292194771099490185991719030598398691830270982644194912937864871235677376968676470737733172908663705919989474163688970666923702520225758304698918547131392235553990902299555660912348948093468672
358 55145102611209794783025699879138799092246008448209587156563393004206185660975119101017800739239854981254078096198339558365759770241655844762665854983808630166642526299437637344563778918651240193461349162355422816449070219176835621358021242651684794756315500504145947214540804784951250190025719539143965924766769360315344275978865738142220700533098965668479239448776272096717304371720627118758402380908227339080824972132173814744642416003630043452514805538944062151817347880949113566298056472563150542450406195200
359 3854382985614087538864163142632416638318412955824819428643813301417568769017093128876771135279260559439081837659399251506672342056470762386238614942561033843462139196376481643145251272981637886643380282250408262878595327120572146981708524984582923487060040134970553573013878411886995645120356210990665668034262292265092146793566398013219528099223827693022731606932251973705464907943481559845315041638504281707499834498737121614727832353844897096476678005102817052259489975709344297947241405870809558486376786165760
360 270147427592045801308223399262891964542510145564644605655429386320473849884304635992489924470017061875724838415106906480715431668252611774199537426715591990261927558592667615882841787507537391624618413641983098145648078426408206340735696369383675437861586285563737083192988666858578282827622467535255131308042068215675706690416131650969397049266862027926845517433412283634598479386305375560546049987673758336956676636922702172607996604022291638708030104581267831182894699691862406444793602430390683684083737905070080
361 18986353646670303971681050933075436741626482267368741403718726832762877012047537233920801532261029857804827793338544872279490315147143308984541032646638277383246405124587954152099762415568340858573126276603554904472531570335558252220528138541820782637742780205213852838534594853386793142757859890340715407508865855630045134881083892319887301143786232332072049952002886023342658053069214424336738838461205275200167924203546889707390236171800657026542035006395439272636381499994940755696070344113718828480890990674051072
362 1338054417740342350743248598452236605929277295087079760462187420759960323216975130171244498215448310653299497010847334559777231246589945590124009360701703093072073207456473223312669365338171523199111680835732413343832081848910020682544555595675079382939728411091346884942396487696721924230424302513325136578126720404259248055626121767525140822639982693879535919019649973979052152551945862774771406141586746073384883699706937902583332103161980321838464185615221175275638601362979061833312153849876821969072654112841007104
363 94557113772334245516378557076153584842001092640575169261067905353218381747464768290277945410091669443453025568292341043884597458770402913641492697963874192498824498906735778785141596142039390348554378965101811743720892691707820887562906620869202282810827984510843554370870696543886777243536469288485405687548068965459926045580737103759446742031712476279221081924977783279650925186787634078442805765305843181563154390259892652984447172784982954555425259364083392502345502013740871299234984559116356943008005910308547723264
364 6700382838206722183151268482832308706698823263166849248631575122258324642501302939900424986922562690279422766540923012561703654705826308821173971805853696424978659154214313244885855018582413830148903165045769417701097267485921893435621051723092590716980763660367519328372846380092796287078611585308405930860840911811683682898440752600398288008498870374169344542136499219564683029661572627922851067372482777127824840720333260826992177182635638047694980437517410889711811114988943510421730375083059076191632816838783138791424
365 476087503494831708933414159309084461568143549146499362765473641880845985847581703687477312930951826308913763154586346026827635834485385756816453654162475704345969753261009874118911417029202449165182826413415039293373295287323033923981766883038601666678367454585216972644711798124360139164327027816606830702952668982214456043351847664611778754893210227294421180444277738334261653939689320756978345739447130220241101020473899395976833999390891657190019140890263331158641400032186749763086465571969955542192206003978779311996928
366 33919738395968512856225078403331835024417794229515879825599276676500227787611961509685776001855813730485385701016060047201187742040064141415381907469458790463044193876550460605046202476716965967547965341910585907985936995124580271582830007195876231439917788837433125679923784821484285754832470145635069498965826350603554336103885389681735352597815129914761701792411387353817476768566937832385135250331232944048483011736125083168768108533871113048768632590415606526657193398304332871654289261923632919182521470391423628220563456
367 2423224013258799974149157750173097592839264865287255387819298437925863893607772705366419265513325423140066211840575159402085076250818837473265284680679879920530521682978941201279182385791544027427880881072274336388905393129706921435247065961833221582391049472834548229801937758007280548514408838150236337916090236461264731684835848921305947465017654710056109396489227520711833215283753897094653248442524119318798106430599762474584645530463251861057487062415348928314084643713304490097003706712746264887761949401111251279782346752
368 173582851951396939208581235267746976149478879800425590218030376062232483871941853677993179438952383750053097471604669738845573247218346595572339592696377010393842937201410882706799830343159863554544916986671242638188103479840648545098495310578456497497770744106757471076545104041264375810313365517146294186937971694783329285595073112007830535445265787127146727447814917082714694339041673319777935414994042056478429535476640736255368102203258628495365768289094643675626166443669960522239944603212170098272869035585888256954858471424
369 12467779279675898716201400008791601613906224819094342722880810194705791551933366178873070153309414066169950367591625012999972183604099197929643101935912375030247407091745805009354170052030777271327835023205353933529052142801010384308239099996866325895424859949227639496913131125500517928595769327992906995592651068279872115783105114805929705267174543308301181140009110793059520569492027716925140275734884839945077033670878879373974204375576970763905242906445044569892050697528160566212748597358079674162585339510320925355455855722496
370 897919251332399870373656942709627987096014519646522779768202203971204752551046726846397318927797742694592024912438083979768185319368282865600330907861544254912398337719456769368201343492191552342654049623477102905261650841659239609126477033959880025825661592794350850841227552672501586943030768519569970196642293499338763804442323278748805931462603672373508017391976179388592070442128220020456190873814219420305283199040466885316083819277142402600952952146315704241800890398244300908555119078847163753359429470567532564236897183858688
371 64840780062735456479164785886178735680602929771753942554069887400468209749548757380331541343089076248883334310413153939526049304267947428981471276604854951365223505579902854329379274340868406604071894321515791828847325423257084741968109104365688705888786413597463264396765275858656004648905286509007812248342474779311020499341370757061808473526028574877699924709944146678735001187278097730024371584124559756870261944908424384103787506885206974747383220801999060877807936020252921330656446194990451753229330249600101965368833450509860864
372 4694818903025157767672131938016539307317254239639387212063573557359980011094084049807383794919405774987380959503622613199009051353508977714190954010309803639069725963823667950750013926840642741103874497330525203977468903613976430454052743684334946536523122968086042717111354485013919417859629606833212645251783293582867074114569443098522623858205794822854211299114724386022491379707871117978302263561050828965822334149893765612764720570485324433035566000727469230160575688128463063205349030010515183995866723474860986299682735057432215552
373 340836451632032958472387634999457077961957182912500843454075800250794208271902020716115172409729212103729935670951517873026937240121915348209617875099867820557709784327687927322205943236646767098803941517419312743675388638882134008061963520783550379996985415969692737879784398261044550410331108185155731015634085273096074294400226777082168871648491831513476602313879813610273788978060330397993282314545495082440841784173243066194488651615339840762018441751122082314673298513864322533906811449450194526659249633987303594337292243781751406592
374 24809998120927768576397947566683889086084439357989385018778925199166827515395120743399016646461107711402513507261507535444381069178976832390920225345663083464521102351707808408437809757940425112563686832517692168774451806021914454699759690634929090769056970267202735916852034792340928215614923392493001592548828789550141642274608030544128675755449400486003816622183667075285954299631079742311540901533549119894782297155428496242440810350849199511922387273791037388813120127969904022084803991467388718138471019256724299592427471883503327510528
375 1810747428301688549438591891004425063198868008748162074121158310794739456706412854002264580673545593214150682857718636136034431552098934122470168402386901091537911776843370478806073470022914731036523525339027813259930432924959751701728004550171704575031845094272991864229055741466087247001265743631786367318426725428297923357555176827991978385288944422275274534828322857171794429426685293221347783872333190066846950080289444319424092238527345455975022811442868547948723901572578774942796747960988008585452758721235501405165419192044789937733632
376 132506271209117494190365681814829253953763524731853920631905362827328130105438508249847571970846570227056631839760293434787528987142255128376711915612739551809682546629387268341900506778047441962774760922434439379394542720694351113297136919110052558964649085646840104221465387487450784421553592458887047856256740582281483255399931006441303916007848816165721663004222919885911098934057201247735723981700822011505247167151291559562127521784628171732305539445800940583196280743195367612748066988709330908246810340709240061197343084541627131366473728
377 9722084139928501373359740598008465428560448076946816377320279351979706742885174293255608111346202810375398108416424176509564380296665339424977511517910906937652123792608602220552711880172704026471980640052506477125143080105914805783170648378264293871675887514531645450191684812153097557389496651950099673483945405264704297106654753047434422716315410295893020350744677274186442014205004483231539438990511753327119262898696934641963841438073247484794551481223653919341876597239966873140324431565984015787697244603570761995842038539076107945811902464
378 715193727506011817873104686079283019316237419267290101924368614644184320162166688557389070906127325423068460730720666781844312383376198585403751257516619899790813045490459577883306768392305035303250685439981205331715829597931495824731601955969039011206988742914622487016520499807571660927051927409587498091329546810908547883272508609210900722222022527227766503007198507327475342716150036934964220023532691131991073708413588152662987556984276912854937436588510277792065653335072925309465541833947311501673521375567649949869338380111183396600807424000
379 52750478765197845146852272390667907859053070728418878740027391637069397859908904472489493855463186352609753965319721780486004225640735740720359376579197002813682723487765014224131522492969049847509106298554191371571390520064293559883555056621568338881210801340136565103109403802857022936022414247820229038652076892874164514909268808393843739069989423055906665895581963157770205060196312529758123786522891853450699794225095313446966838444913059975420615552592149155369491562223555098295168278400547313158229029855491514088796826675332515497660362260480
380 3900897379146897374954076793611069477579601063309243972972961895721026377822927919435125568860609658969631902542971547745652770934305708677228164151361958625849091848228738108111086028454188552457069615957220398414105721272990969272234026223423056332699692121435622432591702608848811842269510718905454589346961050205722669479103549872262216408414692137669818217468645256229613596631481003000165092154566058139887997013721569456573873454391609782965715203855364333497334568887529126899588499722892647292856395902647712867847210777148142578795946306437120
381 289224511155583657490077536959491391833690571800559707621296726436657751280091739176080520486476639564944136457861971516591440568514281876250293978672061031834250258971097737870687076760451421622889709408116368520466437156456862493341483156457121263847434206568888098253411111017142746918950546844213950010914094014407212372512621532969088383115307970959633575425795158417347843469888978050129227388077094336935443036658463379395963078052352141290528605451545591193902706869029118771713550684406407892175181368963489086439828825710052826994063117599637504
382 21499837184404792802793463094439025942587576914060387547815777619638778280729654094633815153955423254258573926029229655311622320783589943865267838026586491975382090069415827049983455094491684298404149763753087601609233061155512701499105469009927151772519049308954881427319264661247418185746742038398352842730726030075191405102553227944696253298071569062500453751330660269778646543920149417450771078400209931200707656705073132061855791112242746374415784543328607152909325513199475578908424592828228155247278435333351939637730381442913854108699033242192314368
383 1602366370231358292769982036427951755378690825534782801754087683948339210069418573724122650334526201884149282243810756400543391094909272038860871501896202231321640220992716707159680645832079484339826719015098170352517809693553326854786998282381059339795754525905040458492991657384927842804760462669897173790692871231269002594170115317762716951438162498097064977095831165482814008096487454199810140296509474948972173952226581606566103128260496142479911944448195159848550444204069492488394933125662240806706223956426078648463577199956465389644769476436796899328
384 119732522567826336670783836777997133013840632108280823461229446570846211858833135407922779379086181828032112114551922536919312665102788649939695177621878180563461846480687671549686199464536548932107581815973244202893716179438405797552422563382564007718475156495061787165590673223634712517174838396755402576442785422707927017393088232510931622929472817637352239633026701089886946218882310855212597753071304493454567125635559715692463825062413401193260548703046281472311779630126299797112268300402678410338888510390589105853659655700359438695102267170829115588608
385 8969809175479121654427378794261461345860430042893384818112962832424838733593782643294222275703400468863262586251425837204904579089850110359306841676877555257454574181244986517442120953492511867038169011186631416514300037102629674931045335346455224981740901724406526823907601610627254339799866406724479078591101637798066567247124438494526770312940330111608019153939216314394900500773220533711466564751866160982918269453518822091935698651424364086390556127164582066149126368484854436836206357274458595458609508759768672299795127551898572258675901524777919322259456
386 673708692885745942349800282181126999378546997358572385839018955079594521440579725352544660893669804038909729313238982952685836452154663877783120442241905926405124236953768105933726584223662956132976433938972863956063912870412118816387805404672749158192722641136155193005009338231936561105523145837631714101635062828378861552325651943510992143568982047128933474867364219790248587194203779034828315762897684986000151098957112439231757730496493834675874848232502048044148794540049829889795561265540128819583743541547433591778045555916912415067944761215591025551081472
387 50731313158164629785582899948263216217039395384548662513379538347018904960451749219438196439497834075034752867538418651098908122033821287406826110244054334849338375938468773798107988576330502438813657008180671084910821012554296473284578840680603600043619214833361448082216284457102861951647976019780067256767609472994233022785657793132305204111088233135366176323617065938961921251324852923584095830110810827527978451777546216518736203789466665093630291668652780879323837425595546494790132158660906059111006256020598716018795177769270874501788468062007353818799407104
388 3829942089119044334145187975924535291992824270638451492921284641240485479816417211598591164541305228243279614522890490468158855199604820392351250777086923509806638635665099558890063794275088167799254178057571793423268370096432359761404072611841281101003098611574461981423859483440252650590486091593871305631723936065996224370753470597074897530611819962008842804312625101615942175773636575737729367026784559648506177320453844446407045620716068821564938098043497751913828028540198863481341446253483120337103381056574479387897075549312888204707067552930970139726738096128
389 289879577805133171517117656330567714940269836925307172466898862351667296662174751773297984962779053538547791986885908362748274274686824960696288178629167039295883525128972126527993136246962074620057054518185189467886831783965749374334308420914081868488863339690662996343617410131058211665005122388609027852610744025945860509263697734302377320212300130436759735417993674218762593834490854657073027980125823670693183709391049701469078467778114027763269521642392006671614318277648445466159443864241452389802683312615466694746328264603025274926609365320639665424922199457792
390 21996294028960230607606848648384351279433160458019483854105281233034602191730663380347090643946617805232365394084974890961887717021463703679417352697470073532970853420181669557045818730931541716652105381818751113816029908441759489542294043146861413176151626504143528684207065437400438898645088144988242396251546051407128482823910824386522184726485412662320668844261868501790251786296898348911665850508758369949607055179320113102562644559719648049830980514048665719101842534614299752045829874123516934725089406064950530965593519965761398254797585498971013652074538410704896
391 1673343434406188162973177933044596184768031993810964734376723193557390191621438322713648911106339525418267829647265435770073420254770243936623611715384350496527042768258445950474672781400351532391842401993767938203582870658040382548362324876016705064625873915269375874710487183459769831895862966641345657783430224773010648801200342649820610130707028383235360779754352175700324461821318360128572038994737962961398572381279248842487969706905676258995358480624963212571836447233904361883630274360892698637887365568460450529897271996132422633281178816524393662346000601823838208
392 127620818459845008750962540601532196031592874775758364737418772285436980082726707849541076002348176723218626087660638858957576211583561309709510790235556712134157102497181343003468452865230138756730282266342263456502277206753277838286792468191179389434700189294790961780744846489922166705217468923245383185691648288508129840397614763037989207382584468237163209819465838288538758086224472222617056004246276745573388477634251927689881675486082425562671985144485249284410625809795656333164976165897536778319103235315652583185651346980374652340874508084216776760432849300576272384
393 9757893129175167356827179204102198388566242904834565110574307806948054009547385333241337731908748627507878425234258235030739653440850506076631107535240886727556349039652708406193744800177546559849259260452091598335399174634132931919742183375235204381543975688895794990114135925540589947973505758858700757008831562944907121322752999689548438128381913129580620855792282055559403364987600430784698239540023596558638675815719366577477532692696262237409141352982701233978374843558424086714142895835996501735305831189874313335501241861756663992812846632748833598711910918494139449344
394 747972980621601972119011434308103793460505149358290099057674150445959885398708114858543933120370254729186921553350906804512764307600305309921294110009084617926328010629170834826033924068723105213676515254401355240108123468940515265255136781312607741928842001819515195336326922167979893529322284487303582319826186498406341308136535266002926621523588409874565668320631830482774454101282508149030941715692597709769856760255143532363752342453992873075760316117977840399874959213091568257521718113220003118519735288363543527331089033704600839207050587484011217762740257439914683006976
395 57478884066054577655443517964532926355753236691196697649913318651252586604355926610321633565810132455517089216574763219448306065543999594152784194843821773020660716396695057076104677670783362102541898817582883564240879655247775455175295893080296527570925207082979160070315864036025369402688806663384456202767076739818458538935397198283341200808373218188481702025625825742793147772972141671009178453424417906950045416138315141148279097296531608511272981322389615551226981754575868048066812170889853874188736989070062525637053327683523267354491247677274842138104922414953550885945344
396 4428132111556680096275786854268607930357579140280090851866622162626537547005410492345487988246798384608878777271761052773349162864858287392935424328443203466580201892591273165291195700366518896151746488268814965523147492526527815444972982807306432776866891593539253550362623997548831099736010376382952311726291181428729889672970918555218896533439338949402412670748626592840236021316854278633783839882233378124929212012682090657775514164355000434997897633463090698962835516553127877320128084192118785829528686795837114467242046971756557262279737110506477313060159467787315856944398336
397 341995118053674208116395635716194900164268698010694661149361313660651474584843461396327632372809171730626216049397815999626342413304329431413592409257188524890657295126182779455531637866487352562349837494677774596621494114338535222597796699413638379727045163704006398256438823356860657847610724363795954298477546179397796618465132801728154726528125025504243586999740883329121641322804172555338826185548810109662036288902925629692635074410338258273311964534845379977445095989907634648290676026976591703328768034234619087747489610459640736869391102309857562891312435481416153705079635968
398 26479124712319642699988913318481253972722368906258944606600606165528726777765023613815815386057059156650691726394041516835364822810839273983023892098170815635271378693628302997076436339189889024829426895835125837344728290721547241994336592546962320241226283810517327324953220192681825456980864698893376376320645488509446556030003653096592680762655060586924207875200575516659107967907730912174694852823360655719351123841282505884079082647446600060533636192968000260135408123770227870214630465776227834156462340150131448303250669157375824592957814046432597883196259615541910555766397337600
399 2055270667086558672524864194131513102593019558299584443133076261296580736207113492829328581322248337109631178778416189566791201649531459861081225503789954900114390450734959406130841224054287394020791424929208333273239396196949064327757910142234891518533317481723238382488531803920938544765373184086282109578186285533256995779639693606721676830599405097158012900172971820905787006140947790229344135660487822654073603302612429651546456960714793351544365694684600731739990470862685319503384569941956093490968188377020074627757156356635964492687405054536217435903204209131948817390241925038080
400 159923916132391335055877603158678117959235782703021899615988732669430878839082333607684120506230522598583214829571035814984152912502290622801056883005407949165596705147877205255091159374099064080189042521376624529684079565074519732613517428467202634110419532049586337056812459739234658749466170187174998176362300701854871262170781859721807017826292626434757639656294270718094525153008747613615501031876007385845548220257293923133224219068789985878290344853753306364245955471137299776853924615987512706802865002840619150920828813605331841760513578224885673585040420565380807103663673872220160
401 12474815378479109706192671627575592871513788802721943432487421241423081154332799428666815945242205446674121572036617073172034074177408117018669711302185049484396732718593052248666579199911854290164779458698026389385959890182197786192383639022667973253144014035747412557390614234714883677047450555397502892830856553692730865047113231737728481498623120814491991641348063137193628619626209958949994697352206181068917562456545110227825657579538546774051440960562243745968237514345711752147387346729653291635546753992605277280876472699347535954010519849170182907741410992459243723102197324162531328
402 975502745564761897568041799603473097935541194257109565297835790332980226768990746004447576148564380646995296215255127142490522531626042387837699957830232431753987735458711532797222860853988480119439389042315236122830052257362813175068788373958175409809885749332541681797254516782373860094557400273183255194779977243871398324130109819446346847037738615412317084509463044400821935679065325295056219948664928545043658076747441999478041844063829476257206737164770929853471121151589759926015570075891852799929830040729235153707872903882446511915308798363511475721806375037823506943004946919698989056
403 76470490434964129925642233702772525495022293768709705952663084003262912553230579561895174714517534642401223160812710293766028500242345073779426247659217107715115686936377795000853262807895674569507132065376864575822413963532059520083578790261255520637578927718267308944301439847033792066352208562587346727846299007299757255625540609437652391198653699324186630729835706682095215446963118007885167008482433296307632675825626123862421660156657605306911160662017644882837601322970061597745023643674530593591989963230481176959707563215327092035774280013222793369749647155026493781862599479237915181056
404 6009351818261673249849525524457249046187502413786388410134757759845790151624623112157751907618730621945134298575351796856020292498846769843920299473609176193946599369294147949822185803480459397195073843377424197829391540858473952547086833525584863225154826156213342698041933336469323526078955140075248189200022980532062569411963071292016056103735061024728193275764021185766208329804573869359666248610377212289399261683680238999164924567062673139481157490920121576122190460067621593438609622074723921311626928572311593123200754946612629480693495090216486545485501083416257381048459990699858026561536
405 473398785627868129307174343882263119650369169776480334403459685472940983437943065190104720210310800872002429029925079189871652816735282382070033090514648333070362866979548000356742640096054130147942485477923967723385125679378178784249813830061886283591557506467743005083027405062322947280070563159319127933761358584869579536467413871552500021787422481360387145753444742982450335776917348548444272613443336985380179830489040391026766711375202383571680816134492406373399954614941435635591295736950131579447199297406990669930795874649076299916518424244984575506327747577642811970751946598370865852710912
406 37384346506153873117704781910941526414134100216157545704297794805042833191443708013786862568387591299975450294624128722669028006534039065192288865945291876885523973993581432917353483676801861458578544003134588325211917512613668498087535135474740482454577359291690797817589874354483807954913868354968580908100786668519237245113546864577657455960346325023355701626444765455136925945540617398814847282717005940802935375042433813559733097306073980534912011600367340405979821231287200718012807668148372237899114588405815588706870689956938274338054650665242983580277815990875422322450083967069226588715352064
407 2959463554059232717439951617860864249187626583182828569325431024640221255701457258257474278557051576511242509697562889352915185468366395157350777966031666390469976574022756280792459611865205854057909523423213412505284693993278003191750090030851265373389253726594130146661256626223789327321851619571480982198278133624873186581405695686289213375976164251361804422135428561399372962184359311618720174640738309623801327599229837122130888573271077781929708756261235087215728938239953772409544589725337044863931941929243761039506837548103256751299754477243745382024473379876827079447657537002875971557977489408
408 234851946319480661338302841144390103704110218406055530837033813601860767436071868854218383975690766031185468207948442088484421976851091411432297215887919335850416880341462067864287549226145105673801639212954235336588125616008635301798856373749375927210968126045943219061077516963500852891121740482329074314208118560330072566045774861372809982428113060954858155418046054229579084307035221546695429477986471363238785261943891099462903232201998466463241051942054839641336456726505331921191456423867732105080528388355261312343626726726498014366633677397297903031742944178686227712620714821321406216371454345216
409 18682316515448875879699300156451205250645758211298885154742057724118660272561141184484643846728360792948258984651948149440176886590972673713326244264660923362715030078225756691881050942274879205565901313589450798541330977052473050565464741896116265375756162879425835406073201749988375487083827897756824113984420509993845772526157991193211774412923010746035964813522663677461058082256957527940431420409683443953104340908107905534006339974910497349344394773462314654807759671047969795306911706577484877242824724339947173894226907042274911306430018448661463569634541884743578246972390892067536283203008865501184
410 1489773082630397654344491807217059793492044780177971506142246905018996910164485478027106890266618096452194636029989737289610700396588020267627751206020404878935561396827986276047000441775000566452780972005501504656647226616563321241507355869489447057421688786259707270042606664227610110268519365155751552959783189108421454579728280455959297625385564119412851876188175612573559065316192483807447662973726347084840030586369155530115520019537302800512138028876718206178388163087660040825991812093698999588105898369474173571591751575116897057075110081635280819588916687348716743754004706990093561865139672823365632
411 119085753819054408516933644134823737135592277821666186604356241498239705136049578689304937637131496374906291782148736092864258977932653662393626798058490136938731728770299261481912101429216254219540719125545317594756770695083170618208075251650936792512369056509273098782627724089869285673368086219635691794644255556871989143735258378418793510117992079596286839113915281385511413258442469376656189190520221414342191092879276194539770371354966356901247610078847205165943949196891344895150318050991454159289933577079532971803930614177974895160609243917581445110278892233484573572446880752286211231397478410250878976
412 9542172266544066196547221817917623192716473103927572784426840192220104355554886204972879874890421475830379611736441756170516685561632127790829563768715851906132333256309604541256716639885160415943283837260868394436750738324544023941719745080517742711397252126962203897602192948622307198343404583825768800938065705100219017527914440746449922797165616350397678187252038079734436844341481957352323400773608316848151568197869101884983935190124868106708945553645364327123443008334319645928419366574634395272669999345429056460650286863711634072793007421546071954682977267088860780064809008618558382421899198624566345728
413 766443118348581641907470917214433000981339743761226681905192410281759473943597560326132800303377406881157812405136706056814795335314310381165978227333636026163996124562293628498044556683192039713692403191770613016721628122878606930467194026626994249653600326570013347308006161027321237212971051550662145561192386016718944330174313012700805438447718958617957330088229201377171799891131126088780385974972497963518629129876198267830593768702781593844389764500443313803958037908907188683882708222039453566626768542500836546251924161158396907847712620681687732794543283895581267380581587031806604684536317514926268612608
414 61709969251244427794774386461239849726495109788185928838521594395026206543715574793480424497744672792904785697361179139156332497985694300782583576335208210606706958348106786299521243854418456416339399071076927937076924438212240508361780677017742437840872017285249245424699912339339734490130737693903811690340767943609367606741270280406209854493757440749905813628967892636534325212654789400973388437294570116407642914618392496612378181361068079366607118568331588739308885627914221200102000886975746410897774636535411862421819568989497669536190318937068325965006207287021888893768592717594844062970633404116862440046592
415 4980477215584415309228865357280906963216576762546001943227704944857953212517466015507016894193186352333144770366962069109740825609447591268669062935261124237290690142772525413277234261435875806008082182174799238900521678837763087155869782152145748326216372260628214829813943644353740211951014115259626385322130235615498420702802566857054110524467120012891309201022783233158450813193996680977677627369065951883746297283038795838534147730292683368412570807089944483560064295719253220680743784255952327755411328752898804434014822441094751668937660624520088466598117285925016779557160195511093326286427426411389665304117248
416 402925103814744353659782786477460382488787035591727817998550283695597951101242887606450715710718851990615050638911452368976923117260526764510088910680950687381228325474641168083101410427243929680922093035889493039743085668607126341016885766775322440169725865860124151410919625055837873605091442245068975258182564542381886058194078263450106424920714382672201262239550955443508712003682666462595700513821660082516477598050743223063531056348615071315506347532810773175384902090625266678761007107101209679574708171333049880637085056024472371256821699556609260094765147257456456493061545427310190811856297864354534702429765632
417 32674801863262714052821969261146585103346101617248626612361706598596989479999992104644644249632441071220300932947159071724220250933430627366232511505531575349052177708216795456049520322273856491277885240858857437095772709841558645476260994661808157394935288055680803497227121664747203940800722519005238494682838564734947299345052847795725878317135181818652696748634482158983868954343275379210311122921604754596166169545598067753618099891032121999585640665741490553932395268498763713640452842643608128258326622912222512276538390573638587747994863914656247965907697652134760249772921214792239202286913158463245810951170031616
418 2656038735350807547350752642094442814799825282668116344427772591888116015761652033265279437377763587357932223827711390170532106113872202580592685418580536416113949266103598186846635493311314095352497524716826012054037167677356365401771338426142190073278168855025112555267766406852376821907446836596874258533861947104639678002626795172796122885087827934373491924382672070921205372565022282917646452583054674846840347419526138134081020582841156491472981475838530570280470828750202576136768053807700491946001789867501253649786197519415483214759602586534816262364181443466534074640949088172455046297091858673956591596458947379200
419 216414423094163356357322437967549248525386526432293429264079110478016520182818938648574538959441515930982638192206313131896400970560633842153484972078242920417704791941516683231008997443861267680883394116931165574764052728223719922226473398479186818420819122941927529742389962020074309771829953069608709313738376227194264487438969945892336651419988416102017082424224378864204350725149762733469318563138144454842012384040007923646819356147947572993691762040555054597732564939344350044947899292256552848347703900004756930294083449752635212743012439948702389272981732891003015865994664372847179578009120843395104900742084611276800
420 17675264216065874815720689101598466748241746486992474802092141336390611336155484709067165078794500016445735939321351260580948087764439707812764431467512340265510285724129891349029858090794475339554202401431284318751200782920004131754020899617768498105401318280327343178597489954367612102565958595998546849061430362910841222662154151572372128639479230566469559974126286937745270428807297978233425164781192816773244358606488024744667240934095737902570843299309060147454741126536866531972102800666940348664057942941802322293108278972098318378303961439831495280985786942302717699631836281094055147481636950462340530872813174820700160
421 1447008615636750941769044719365226806901110004055354441622759086991452328411623228443794609735510630180360870813775161913767824383686460609783118021433426050214226448777660987726968938026962767515224234859902627101667522184168049897968866852281021944415147145612662001294019178850927340314169827065566720460305192089694873485287342379324902279977955574168871509295414105939094765213417492685932984796088155944557636318414103770054173866159348279682216164466951462574793635584356818533812086691738257258139682705122047930456316772646161077080066498581504887532490925185367274662414037505657554082666300455873897653733739480792170496
422 118740642043674009314747112100629419346815398385601906445086630487074559927644011101427699828916798039952624722102502013118932564495481149050609627909463058524606203713582903296414032953866428829693987525868550378862567965830192251401742316427992388383114146174667382055989419942908021444175564204729570193174835023439919956400894376928572488903940030095186259453861557524825943754816637239770637166040060839940631248074052637072585096945439214829576102053044443994930913301027510613124427976185465070144908266655727364225323531507060847579082510439572417956884527668681252997475977136781577385852276195209158668916417933726818762752
423 9766711018889355499067808845789594370495299026939513351572820199463537355369138627495707471406623161584323690973261772975729063887497741407565612945447628707683991043819304183207884811955245071123562185002930892370337033175752327681873003844571456859561914171458891693661671849923130306542735131320300695730289916744086510558292171921894846815178894984700848795875180448232782899216140917052479927878560986057694378701888655639074102441131559562782905313821534239797630155246251108587341423542368126452000064042414866888967138761930131652796435856617771129299097643991167372681877899062673787112899076484559660783369638101767015104512
424 805221864105722677524931425586825080439873237271006106919845475847206672677360168033327619938241535742121270152183521229524586881978938767167868960841787366912609623712726283761674365567653842326256471860350765774018760538322692998010977413530856484330256966473685395369097575349494233738209240264966391994270139655898106951042592140449716392998129266310477139705825462133179846291645479754722459744521448776956869424850025056491194854186692893429735521216030232273566527069685996518862993639786517070107972328540199970529198854515571567422940194964847471826051632740922130191481609606113807316441860759435355690672540811189717735309312
425 66542432634696335057533439412498872395282751817368519392150666393478270198324046918042338763439323142305324645719128850650064101490118694760102050616742389474604458802934208581050776646110830641434801433085855780303167828007042380629880552856596727851600723907359387858746302192753873456421736594443254762468044429332727837857145810808739249935720936174337814376021238384679718394747625507540184759728527151833375677549008350389738120616800315238686192745760223265957550716093036012615367292091126561003281002624334217355300732050678879080323946262334929040744248684660541842521926585992224527914439193370085591685760888841536684030951424
426 5511823621102986127584153825162488043154160306820374601278368060617940327116601274165360428422571203217639642891781227201205954426640002232912785147321539314741655424033578981258997830048891060488432914008795980830602670226349535045405522544579618887461420168109563120671494494755195913910934400748664571503784978683264067936521301192576799520498084369640867456154480708473422789675117073445998362214202552220156584636523912818636079351859557179109008891402562616529690297543848785210556882979225206126473887981888530535892873332187007669561514694559534610700188807728594587730134216449116731144711283743449329047552048364069038731315642368
427 457618015161571860060587847137211506747855600961493714318868632602225842923738099951012607604433201106665920794004823585108501150927903364561290041608723878346083577223193341267949684439862729214061316860427481594596553466953172493102103674240203164875150063056036408080968232162267984565949099685554880507685093699820339735785592669945631114046383525783584141949995931459466610669555594996362589408578661274603219602257004059090075612565012276962271005905785813477763323836493634888532933278191765865568210983564868146361876280285660873971847486034778457531128601324765493761120499409165111973006011798318523123053400767263468893153280393216
428 38081998283733407217483539745101504351128013021290643958051905902022411858809149054508521970260736694803382808921961650727983612842442751371215692850225391820716924284785616394799355884437547813047068681811830792447969636099371873519442272501594767243204445954700867187636716195406009051413607964900931375956763273092108971218412849722709237184778872806621550192147760944397556445788375055464970046838503387788682556190358739162803926691754949058553186456601768405876031805236581995892481301184549977236217903282876442826493278228365268380265621879982060808812058962291854376813413904821823233434281149290424832032330391565401524278095775793152
429 3176455838373644775617431568760339094676308026959335950173008344889559325991171358947884650902664074803473983935661463842578429337580009274707597852007326989695854399067587255206402341624738043450689347226294008057215596008488046163568039550089044165286617599621090210218619452766217027000760594647931675328607143869191734238296862451687900822316976275447303603450214591987166833160857403581177777382036350508494914886687465423648322198525968534308257754230284881306455885410256183417378219675563498122108778347259715855612028225618972254763794544811778978091252509241464187237976093700727030524180456131791633012189427987030214265642447502573568
430 265564527424907049766447548666471947683132133070377759003396500334688906377083048791565925596454777743836515996690747621225480887361846696153910566609352019309453502957382979759703037044090863950831814453783576340725943515490340295871769998136878005119109075252376116826193678076147712977699110178829201816867627437563944229049751454874844689429615680763334485569324535376861824748307928250357542376078472665457938232076614578059893624514952764108234995671411534119149701351656452790473808755614989799691606198617568524074149650227837036321930680606311354753004007333151032257051908801757674860289520282576953512730880010497603244000806742779756544
431 22253541682691501101527406554873040851705219847395592282036253493905318992014508379697787504334889201151390345690513944806907508930006313014426866541975342937738803665297677444749659497642254808889781620144501391975321440776847140925288849583455006724657095011481348663512105635953556969294237132888047753413743500305372366733970039565276342471014318548287782267609611452682249680919238770955128486047101214436700911210253504747102518649361098914647426522425705276612477069638814738805672811366991102965066933254954850752052286783194333707170089734646971360871588227574386728450566829908792050537212663578616044742450290115925548352091877518734262272
432 1869079362424165050176610317050643356809881036582378696881935937244684459717068713611743920039717427870394705787088209286561604324123710468049866264859769327553604243316922191917054371422403845146712092622862029079320944707823295117440470858418593384946085411585124821650902804760412038425060503558586449574811525851704527370594435476772176332801077668721415636791297788413083282633758869002107275128904718115160355876548407452173137517461084409054724345374456465362687754693772239137319213200377012240175697520788616604341490031910768656320767657738312640637788799510596127956168439682004922380276315292707884482132342459846402534645430472626118066176
433 157345228464046898880818382048194064871752904039437144065445998964136435050620297982132207017087975191657008539052127960766135351019489734691527163031085095899752009399239071662145827006944858124662866985247717876047115960321196442658953488354813144489434616499910623757089040075613604228696279398390013780769024973439988531533695378126921017034758892539473459925795227488462564474888489016815809467240694641869356398526989286849757209217145292210109552097968810432880149293154283298179939499659978412353423915235904324126026233472560129472625090746922667855044339275276348484289737818083203629495217360647573093673725331602896640364595664877165536608256
434 13276217545460060233776628791753006624232800634378259199401968249435708088982778305900590863032140665871930333433936767887486976246660785360448569283781602935165866118147011291899057796359692764197550379892640677817887654446507841589206829865736221594459631264162284864907836950421293816376097232234696342675908513037068381202839297983519538612703616067204590547226766260911824164545631823597819957693478762372451594052072692002328951901637945666468659817319762705461332273769258722628030420910427680984624531432688913520305518473429172607608078175064350679780859089773080115134001123549607755168695043171280378084297327335397438129396325349844369815896064
435 1122762287196482337597452025538270954297153462822077592311813851015095112543149476218300954000607443652989942071209851835523668824213905923519576107536310998391942403956343324365767722551788698213565393829493958289195846005243531531201390177320957813873146931614436168020469709130695689723194045590763358597085302446989743688642868869046185129774293886657024507508772462813260751686989689556452105319989780773276617469788810786574026230390881954884901225893839263552243295497167287758409819619300688389786177620895583479061068618704528848298558701440119275514548918821198540070962227574192760154773463050113294934059563266181123232776616986141661819270332416
436 95168162193145370898862002252507904734513224113157639258401427447888405828061920548132874715657085678477817613805303714664716711416304640691444236777551470811749960173488204102001261651217917712401162380932451614963530921554224165437692667388669374502940965131145867618357941369846158628814602069074239266050353127954384591917846612744161722142033591953660290064181329465720146567339406684034868587179765648755930804776136270292051011750339411428590251325086139714790193795860381520064104816680349614011103806655465799755549560597323031676082601692440462941607696071308872164650460067497997522825208619022503704627311877765059397387503832806280082368531267584
437 8085068523070442421048761859305046505746771473502060598174893738344266652493564029495712877492340246590805664635197996510646809828083949180421927412311527021036461828351064344156587140564023179746303270955862160582130242549235385975222626684673045040972381985369856842808717071712035906199782590263305229626349535346165055754885663844242876504013246709512257374551584064854770834673549301382501913118890890162293190338185940058294946057289728603414654199758550166728144248231622564305887548243713424526360482187773962876248210393024074871076052986211234063288065680993426168766199630074746106137434921920719924563818193529750329243254476868033894036090013089792
438 688432937089047518497991130901909713585524032981792688899587428366410540846418724126602465844137516328617475680597432438448689254916315099657460502411181404091199289957747926574185352328332105399154084996824033058597962050598039884313859746186480116255696895191821048537575764508028117998921860462438745844799879010274585322803155928128227415671768685355714438855435734000372063614685647879259030632736106316963310063568306507210570721332663210355822023198920281166247224806369045993864035545120765255606059684980490178221083372299621709429378389114606186317396327314781198691082460010083288186349589254543158173758677187279878944603755001498986198631790411776000
439 58752081220416860548159887552551403155080502041334296697503755947805842110849433136047618698371388163650956071778736219439477264206896299028645715931635746052562122440076291228956859305928277804615280174351013559304653626037840971493243478682248365080469366371184311624101832621405407176926296491479676974965740138834370449238219846144778417838993725646474733981810649164618618493607783281283945061663837222047043503936157042403394682360439781346461314948692914428588663762801589113172517515487202527594148933825826747629651937969977922816816683343166426021230943288076211077835145986222525652372406648154880734232215751034003192196798102540379661981597048693063680
440 5025350153302303695609772857344557688963292601409181762497956402132553423792960317608945087290215984824308785710348845664816047693669969973065009529790363160722610730837821050975706167076759148316678155382869445823770561544246661405921987314398363395948033966158878499993385092213719124378071202787394386238983393649373891211437899349140332546624744416162974145317932684523801336203058094991841739067568440059931078750595643365698020616593605303382737609469284450571204325003153044467219033125339514415654858220037946820089012867239556145927934951627724316313010742871279888650520081192377789933189812739137413316198374264011411595081528815166136223357619901825024000
441 430812845008450210172854577108017071348473817257595571782221711726748665743230192002621717017672383900426696096733256159179388339916583630564446661205339794627205602443014609094866778675476098601603384081298438049977576715002768336636850454407682813703675879278122942084774979333301614279208752356629646998914879955232235857299156005844757457468593243804235581091711054730703635878718664222694049982761253928233412812019158721902506617987670085000979862945469224286217200309875701368572218156088165817512107355945406805957631586767815224677453565920776441711645861915082054532060594152196605184198067287549709484229870748533827426729698504514817546176561005799850115072
442 37015873343898711916500291899894194881840410503237172315517995739116715027127137549721708282723070932656912861562806064182528580057855374384197898725887561794926767016338767676420318806797680632212436025942250415897128356316749683140157106205750317197099816343216502056948449379357964761509811486885370293520045665555334867471470944848866261656693120235194480253584298910781328435152927053392907381609615633611727276175091486114289177947788145832260895848862536723292221546517210981565998135989947751116902696304627870084810967239084707331800937405042820900613901001890739942795065920728220648765731357314409604521075540945152975810905932376073332236234064522429578870784
443 3187588160371005939535667495155747719275002552398637791874237847690242816648305715312802905816323483209891486049437353004790359702096541864754346847812315810990612044825931786436741535494754464657440210897494212344233156932634406793687461800960426118189131908723900502062185084216855686003160058560153260977869795236849899467194961888779642729575341796103882321769639404081264012569473378955293096303224006576069726794751571548115329308545646806578589203257780895521925063024675237582602880025702283385414182762751482144945300014926480034891091966717758559222117587592130938385454127808536664287331084782488141943578676003120859790912980352591067400685632347129015145857024
444 275111708565698186106844301783096524603128433017880671186843572786777919733793239267475338536018474424493154372938643547478770705548672695335539706191680042257550823893029206509948598304452799009210946294035109260206292391539036129445864889276621196079748619504593083573951015231871746361323869321312320997473681714098478397821354479343035095905193115322033144347133802251787320844241422823287974195676125708069919893425101099475191723084110899468513198976230302034018051121158189874789595971822378467387022803685096101033418852811919022413541364802244332071437889495723369799283242608952599989433247859610123231282840721147397045639878753747391885924103848955354675679330304
445 23797231416259763194071756136602352996523174759828377187966156104177321729610719865291646054852963632924271355415804218798373827634016790850038268812703784030295619992221788418583602751800374547322928625341169478531570885881595729347013763260886516762660724790538940221189952138517753077048729349679723168075135665002164089516249554078058246699617247342558257358136961533025336930024240146452497659727374747166059829968416189593998510829682170009537307036171319685051663622405747201297169286850839548391767911184545393429746738996965815234625241200994543228296600453644829340485761738371062784178585194636704557939849751191705418002250429885817743302376466967203360978656821248
446 2063061244805884697685950806189166237278608507395985906770807393014036640653208195829258163055974220620409397943420077944353350641687361506314257661236068622403364998102048781155668959888022408878272896166492377076925389204157495997819876702227105828000889283099135568866331424353651599891613839607474448991298437445244273243594093937435509086041278954289901081126678810408145832788721385599484961935074508839240017705543744993659592994255713246627773322796192112889966573754048907449439378999749484846446416889907111758933390015376992248557937315999859275142928082314379177180201589397274425940229436840563381463643274595654814236403943816246393058871010126349409016552112521216
447 179251987798068025551095721473521693374954447131400677130921705960115755357771452683216796637898420220063234174010067572918475956152082884963143278460701309518818120900862129009985185143112322236887842894558303291177452253190070293557860325728919007546589349630276143688524498736682892585479032772713629658969684167486868642026552912003009828549591616952497916737891721183381282489838674190224055119889719814060137499593155331570781377490699064444038436889288339924115753430444627365665755843667796705930673470195141231056591198982950529828554046324665222561808588173117364928516929669108740645271461985513594949288026434020078324573312920947618367027835895612386948407377088479232
448 15609172070999856087259474344302646251715143370733857099411792664701900935780408294421634739407633226740033021593852779074295404213262457804300103544396469572073322237625407099406873890705972877867162122762959673541741825911985057040639585858187658258939778786827126346639324463316016008287856380765611906065113298443517326345204183328584722463231412144303254042295818868344863631672936927035976274491246026494564048045976273203018630879804711032962519688548750712729028923890887531111382129988064092370556335565442655075317197331623759503583475144680166043551055098964550876613195949005310617453309648262483296251795144510169024927555054956063194236105637218060564597468014621753344
449 1362252610614693267562220891613523749492707944654402564647956741536051602987579967139596730052271262431470159108849609106741637182702851532877694605780984995285811184959867633812802129093179573510995295002455840320490425063145551115071005809467296945036474790555607310433841829997392511839681205067548429442907628714175782078772791443586308966702005971200130045993796513305481267921480687550036360704051168872523732184224958735110636231909551060960050754736099411121009999746871856553676524536766180484520824349177324965130739358181736142862276493031123094831228699058205953303981706359318323910211518912899849741316902137642605694224503750560790284320564975734882748816177074888769536
450 119150315521194537221695702293578683050126479891879831742874933311370283264586314906167946600965697878579659065468236477304815133833507781866102888683242926131106091344359799835677046690567632662303912409826966860843415329235463305530189810937124216589077326481392470786465649858140768116290642939195106594876735778802944163491510135757230078357238432397159151457213691298851237439306275850188693842451002926208808058824173660980280850289121678146345173069012502945462210120089633251211169686603985923568899792289143580751564274447529984565716897418508409789465299653243267294398951423289798297907008755717235678225893073695692594396573932332336060597912961220675771584564614663501774848
451 10444565924986096049541688591686812914915038906629223197588678080574853109318128484687992577748805947027537984134453398566650065112381787969309972517185381506366626383926242758647735614850357732718935863530525943585018367580769358865662399273054193428040622566699962611572940722510636692465977429771012659061454177803209944246128903117290022775555654865576072595780955065146840271765290942318739125769664835211894331182378244622604041827887326816430317931339387531618721796870879469489845961382095615512636592805605516401764421275302918134316938233193473839645774482267000440856109489586137421448073573173769292770282299163377769570980495374285852608866660096267970102323142321691724611584
452 917574082202105883616836722286837861901250548888494002263269680148647108576847936402847136333878939878279525612436612370147435944684080888056661703997843861540140865449260885050570888629727322859229549612352242957957363260991289758863796354152581292115727643101638462074187681926446131975663817256948346835421467884781753157137784839286763576792074847784037420647944614581617628657308669830000702217486602899336246164575460778982153683189240779382770519129263581375645847312957673507087196616509242807437208121895805427994947394893269675214735497694813010095529874889103035509931272892817262332831059878613474070424026402869419949269587659756751739785396230416109732347819338090752761659392
453 80787715334356465680700792135687681738751883647632646293963827521112864854917640733688918858353704368659576695322985827326482065608583564274736629416655511724059328517327399216744101832186507865731681354567690504763630636697785290290346414333108474283697747990017195261006172135825490131257811419686090322566998792632751093488406893713840471191050249604431716838134026641232751891998084807556591251760511091477141615383779789475417645533287443246029143185327835121542902216417529071500537374144606351922665242417662673270819109868547774670863252415738513686149189021712796201003633807988086138985574739816381132338954198430272303464029988746213185401735083871733092871895134875350205036756992
454 7128544621758080462744078030578819644500818984817605906319918805486378363808378685614653531205848379653920461911568228732962107854332669487157500941819762450091736993766618181583470232150863684742012860517098598649950450271442080038199606718585367112726942416117286938039778999399051677598388891084158979861670963700792738241195172454678536724966455356086783364510434192709609164822866663730102793840893526890639011903685446703932505545599277888253046020225441191010090120747998989121090511903244004981998420113850384879015644654408679906540564274997115581550546466961312869319429406908528813452266582424745917555085962628181853584771308558278216615490925023433946972262130585588801727876825088
455 630384747071629417845983667902688001951228141780077415476008258501822846688755821655097860388564429740773749793876128803489115796714190231689570986847928892747202273145192876465501571211426922821229461630459710786810184613477154612058927623833590516808404127095370540695065447565381365635103017882647024233096418862287959375000676292944536027392580499380743902100127952238722798952215003434414959805342713559059031105849879204853435449409136427351597301267570512075776728762320714986727513073353638093254060576624998351275345580733164644956624341510596667507882937875442094322153763250368460559286057780001777055087392395558427274702392948604060731678490131603083269797663119712957440150336438272
456 55867305762414674282033287425054949254938557127366315461605014139411938158679491651255028860746697983483477755217093597444586442535463174865460613304252912442919286451542902375673670041785988163256204766652540815228298328430017404516034980884959755726954796273110662359361878379362242774909759092358375057552748304197079813073241981275292494459784178173082574978249727951509383234527634322797246285503966418585059401641289723607233738437283162021937296948237660122395959389205209154058485881216252860165386253200655710748779013144739832599779790998290430415534344882721880389533828064020765559036932386709969332692638370349584098293221823905688953862313413701110822686423169399311078392582906052608
457 4961978809769163734495798149928951053821292838357388936894668623606858097109195937668155918875019796407918827171024884202856574421845497371669568850492665273196268568676948168490735722562553850678688919264215339624805317095939154633430017017540063306550391850966039054092494765777362712047045515477008463498685052639759722432181651890347584650290344727448734529828581678844644660276069349436077738418298540171927847016346680817809397932185259844127057973003575617282680957450376412343455640464234481984885570382045470889409818731109744138363382997871428853208612780875709685726628641022185931245678297509890895888561212401477281427950426518388481904770703695859622301392581434243459437577208388911104
458 441667229034477564204823462799288285658843476252288856567664817959686307099538682643041629719865594638723113488613652937469149635185917349233495047103668682115840348382343104001513384527375980512079230096523657036052330972607474397565451996783927766951955590589282606054200883178752416891459112542084979638223708617350244110372058674607878099648223829871437052993990146242900822113738148449535752452871023275145827719157784371511821286501930063166060571989428230938548292746555935796106612733895400261831493988125939805958274088043897701518624309226355392097424393366352348896995189840744313906095056148995215607496036436688342380381228713111632548124368665824554200224796689559041723727380266509926400
459 39398210654752940347078420339516176930684622337792761087290631141700681871824829535213000233528495504730826695776927141660725050145481637911916471195753515062107129111781574131520065284944168847173916022012091483554213653704226442887247162464664802002148094619961878074561230100884626014573402184575295055792222963501557578701159346484481639726167099182229739776468427810415563226805752773930707868211877968088027489293176022862006096182207451147757298377008616939010623423550850757813729580643767306942958348650390871030898418780356872960453853619235877457326835793398072601316004603051540194364538187769629870585231195609918867440085710478865552869999619074582030576582100459038807602206518042291077120
460 3522060687156876468867181068469957355928881426670841866391376571029733332824841462253731595991357059544788817481152676470436064998147772934996251429149689718514799915331657873694018653787396258933240779514225698081992522884538904001197599784487190595889558380235161397474634362878449435426764507293617950888395494517248242729940750178740329663864013207788023109961431629767322508043101259024065333419506866642634281805072431291979053454240878468400728932707381623752274580506694717453772575826894687859829302746553792522122215177535478550097187314299238958810314335262974430080065426365500617099285493602733230722468760883895499706688713004764140213031152715747723562233222240268372143012215293327295119360
461 315539811144347200969652075106709553255578130723453978604114610977956884055538857903807049236001641154259943877054063040821994183418924494168510327147989416543501017558602792000238083865953627541923689319733999818978894954511555817962736072204262226202340605613585123006160110740543018979978647429512703972719822060308272258591591279906024764338898750569226103980249341890975921495046788126573655318185181543913015622457000967649063138152206379558415854910482348551690649681332910774550659193813452100471244910027362654030637929434393302702088603732963852117641238240753885075945225907239012293146958755852783961480779078454322457216353215351500257871634491613558060010622620352109127011382233620287905071104
462 28329992531040611002942211919304067932423207912912244179190579607504562287035932375576721162983518318185251343872038316909597899129950465076732270750910321013272708799015592591640972468505839533218238464622156462504280986925789649134996377184167454091396507926028873648276025899545887682333022091437086915263046370282843107130980313784181765513585413391217085345106329964301480574764642354404863628978106412911814532416772433809385005531421792542547881815407353921164681549669810278699131575480549443114960272608551831163054192743955167682621567296587783362494793954600245131825151815819256981436457869928251128040231431236279360827156473900079148857971203801126370450168575728861028395358815540145870631600128
463 2549011076023307005181542917882508775795926690788247529871845967810872357025880173497929845253295647260494255334428448143894797565537107828579818850031837328021853826613725879659934678506579131427296897409080154338206372583669447610409683314319743283833648509170539849082365798097721236745448152741745832076997408189034467667281800739475948571206596086501314133808716440397884910766989857891094504087522324828047838399601166720626169915986898614582729686806508394175309782565534781808364093916789749245933348624795356730424104233548237299357960867733589917501681148829913815547175008758765647094804072191216064422653373007709844284617811961348960931766155848432331136879570305039545578352548451654851971879272448
464 229841236291460067676110874528609070964087557387313240221837892369613188256333447268728296578429878863467821928182404555509221754436152592652425624389204406299824371423438103933010278450302811416692772495299886875128853804601911522019897445585007809983213400013929949148262841207466808589543673814797370288784734963972194382464342428209375722017349909703550836208675572123401481228519743919428132258037025966443950020780788980675371401163214940065476880493876302734940362459984260375383937621034935246478031362823014380557493803170142956490416862536446943507642907875400600812250930874827114882207186249740486209405085872337019913115621782241308311629213854823482931986336532768576164306069170977202133726415290368
465 20768883391385521998370970468785395753844674800035635668666853144936868565800049640109556672102776580648279177810324438451119004071666012254830687820884963007465612674392643447214749114155452365439459200009726696111996254325808298574072607266640418852094689708545322804783575050846612945360674709525102898747876126882244398076131958658986010876224730422146569015708446938674758810282020441264903827493271851038687090901311183132655171638960792546086770855046889875231361863240772295136874480724338154829782352696108444311403743606334756673852295450433505181342922895025004534304196927368840131973956048408696442225502132218622511659569819685262518838913429302741110282719634445064067991244556232086731514163228573696
466 1880725168783205805842809781379724856747298140581251769784634034142389193569838372765065626644094424350536891011263541963195463647231709922001871874254372540823510195009553725733510574859906012190645173085576151662844715735989401424190914033470268186373065311683202235431555688107504438504242680818644617091349878990946031578476555108613019936847940510195564068583151192232341991592220516566829450079282248194477974895591059768176279558978747496928349970929647888669137058340116341393849812898619858345865652481167721543298376334310984495028227954851488941163581499717259700461940940628536917990184464574900717271982017434292024543312819296485631370757965721296203282879334954998232483377091598920634883505870855995392
467 170672103196533366229389511829339182924165580743988014763923067021267502025990410982977015083285404519230627284307459889820917091927776688514458548137922382618765354429858575747822831769828268315571464466100334860933877332708519870612383725897717150579061000709409077046596850600808042693663276837884627355976069088419653864397735443828733385036935627127937933718967224245915996912444088197001161735327624513989365450196365562944780639590596288034510664191945904596668882141258453566860358324587689237864698555464612016243779634187322613029000962088114539467864817742405143465291512687643984844302487272967391228908902171338031366263128259918468615090623217355665688564537771450351790113419969345634170043359449856344064
468 15521110590307120838012955181155596810124102939323930721258362653848659270514480584834399726308245558296165694588212772995031003349948643416479405753704260327273366628047129352334562928884085178421833178866976220040512954614286063295700089331900655746009604089527417021660454597632353141547857320855159840910116948683254969133722791463915842633244257034474763525801341811323452243857772595320128940114651477333621879521904706874209862978379163796249230229087796081064107857839097540082993553394824562303376935764874801539222681609294636846052897530793813429961548526666409237248206548714452420842504659007400833638366504692700708778840746970493430040415260383896052290264158644309649771584100415051592628199730283144019968
469 1414503862970679488771613984917433367876986379851505810259729834223918188223092498748437867002096330214908200244060986324461248260399532128182973897834393096704461735411134644906204668541752111687128827677895953448230110804579527597105100430695725413880660333373610531220000754835133211381332470730336591755148369924964392124120643334016440990749904202589871795666974075012430436319825749517544197004478441992335739126824812393980318439493663294924640787838559521416365051519554353816983122768990179772901511038438895301125396525478545195154970466552985174430667708059037553131638803452589537469863239714645656662558998572904209202341510141409614361731375157770883652432169176829206045140941577684360124909125992334200143872
470 129182779454686620327849146761697629816561027075784555734512918935771404719996149898548360412396070211116649805574401094461828951581905166401121922717580528714992074500782376383111733404932520966055900076476683419273701124095132724322309618806105288167211971197532291639021982278187905527070844303805329023391966972926290329985158362547863113171059803605560144355547270653061459683478238281413363218144952504870280986642746968181308631456745891678421680484999602312167090769008650913253485462715525610468916159810084774858122752561770772726940320960983038587191114634661840933702210494253839088744108767534558564633574592412269808904609298213898496774181207664697696183392558681508997479826733509392195594504953185767434223616
471 11822853604100434819706787384932698264540162185915883100235345991975866557444654652249956155071101846693285200364821497347038856342425794817817531508428085941843496443319304257646643798003904823995555217547066077981917737159903064523737258883527193650189358305013700135607761645675925036366190475808504790676750064360413478885247839627059759257492102852503769502805050910274061467545064780913174754719409884532226102732694783222555203943073659820632989063189763447737044810969445741706840992631638422732930738310622283773274090618617664032362863336005921195998587604475410178274896608321358145297509152359684837876521719943090751035338034189783941564106524284972408489373081579791719018843713922437406596091522237547908901634048
472 1084314505154628190740594736355353346101660532217122776340703308193103954966465591660202459007840528248646778331523723269775599276679226452857831092881854731938501946389026732647226797906721635593164613435244702937155190297760145379974517736855294568238584371352374078739845424046022109978810537689004978807764780822435169650693479485627745971203824435087806218923152124030143650998727227547673598492723541986063455566275262745832877463376833547765022445993990081889419472732059097608165589181164592976168805643461226082159301993562696384352100794984623123474750816854394478094896589976215288858963268682351833644019488126357878010096509055636646537775158508227989498008820207560343805050873743855930904675567844397991867988312064
473 99655567371776657778718378100861053396428010833492691792528797820335249169628274238988733791338012273978745797654365936906147284834179541790126716285369868097639517504014425483458398536878588745663962844415442766877649867938446376765131772045556691119649597364451629287792969257271440047455292568615359988819877365587197236722946164203257940646480667913659677601773246324946948809547891419732700327996602366495522042374216003733042342265564732333227090780744468626010686939272430994241557369787191229208874719125846184129702730078486506550770204116781537407463749212223079387578232765885072751296328399082205477516076126064318287335967113562545512386108029675057587488937006586295002902537803108398045421514337678859122619914911744
474 9178237489106417399438610802699375398240255134977947298013133304491182268307312082115603095685378917498023208429704999081355832805944829205419107968870589608964806123155957919141079922753063616433068569699699735864780339496961930420657120655381807416092696384009911594300508838413548567368813886097696224281346565579791178508559571397430358523043911538384686832448910508765609847049433162845721624000160739554193216808921791820744621397941532706701789106315825630165505963828970145587709968217822617339758808769591328154180910888771297019394873783646277872384109011396960922986023678238939559928614906589960455532959901698875760568767653258405672847890743335076256051940184797541227374081108473517279635392024020139651732981726314496
475 847084106762485690469586848008133068334732329464306617536730558937234517349238143741819906897258258793350229595576681669712033449493414087681221320043323166038985357531899613751225354119929685744048459244244265788805047534950102713849559117310245777593663608183216361440313553567479911232890065578057115698072901519451435884899556806806894626484194101959635102742084527739567456667949170511427843158374685597852543996553968990735603317832384006915050117961272385519809662644072687711945184908887428454827983886911873618164128621991619408772173216741086411652043002609167932575562998687917610839639685677726360986370248676091972223828573399173433184674769373684879952252262503587828880662596481488621734140396783866174103596998405914624
476 78343215515524897285596200299127122411574660368031030655280890689278322035811502387899938926420536606223711372854434607512552187182783488763233826823867758476265783741732086259634429925270634177966964799283610357704310745231198527856098311449740696145729211027005275502531784722872062839100661119172815485660608150743892228657577959150018521434603930132265661328898606344465036757591250706887688146225349693188620755677962067546389288839256910249218460905388571517941967767286819049562890654644734461776358935498479046398895518290539545659946495512767558411680496317340244445141781970670619441510332460632841362208398406971557775814942195605419801311619327789206966164860220621668062649411030513141152827519232349177702314716716068765696
477 7260758233362362010280689493663810026384780481862399012723015711446742305937267410333108853393860753712047237818617727450912507470039958462918762456533782973971795507837600101582256135399415484626621444144631631660991972749465016587418650720732132742944166951203971098099956159716178030796446646444973183300949342093580692766744421977137698764229745075188881436542474633025089079877462734371557074570756737471684684374191772982728647803363309960291606388299098981581756991974123594518220842933997476424520547465406654924310063295052272669109329546437549078232128693827326106905865561021974536259680493579580485658400475403068847345783100728463269755208734856832431735952070112961820702954360805051068577387765559348395240858323924757250048
478 674320554925806655029348541079427569016728177109232257518820102824599031035738181850084034254448238016398198708659972938576611635396636635060864301319797980566566219097406489248929649628970149815813844892018318917042949028441425781890195637603179251716762356857878060776079901787698519367181758495441919977251085532382282342851818417782598562481441384845851618328488548970052926823447052170060777998994779005486150030696459726381600275023491038720526342056398536678825956895800121322515840944626986535942398923897417835132459112623463296358349308276691006715904629035638689799323425612953617149471480824563777488673077604335421459796345662191165081100099589395243212131775780164287560052745512703678148292489802339741904993120976759685120000
479 62755642794631593555393689815018698300157619292788493317793520734226446823359812950402140148240545400372236778306163311402047426815424267580167154858887123785872080428958327213480892888729242701642754959331931983914063997423277996346674650445514231675113827664464039290588384065661019347713425281644146134659191655262008669545987198636604919717197942543623252882816902761720391395959666335384472195169454733287410577166036842074464306676114780517731202729776149360027914341759472450643605383615441683508151168115681515711564509981585057058067610682421283073604042265380041276990389887861618049414154860227398986198087051785110031931095857554083195789768973446240594704462901139937698153718900762503406277762363106110939052955222855096687656960
480 5852470846164313849308767475474352908660601621045732308744892817515771270590998932016676552794701291558742887088715961162797804379360890298466695207371039011431339680496145374774409879517365469899554318389280638215479689932362170954470006160835824930336443924078173359290768877798088533066355758325902152331524006791883984274253006072955275571982418756246204544506383199056678702709928764279666682783577615054737690892477855737941075220954929103302447599052939845259240495702936182097168222919683183297569965164959850601730712545156368292423489712937056345861221649800550731482911199986273157502633460682652272194573405773021512151927372328986105924946918279997326706232493430186254416751932947864823584946336535790211695494654565629583362621440
481 546920203179630039408099797035786358775807494360884599328334255537990258366729657410794738182246607035768311394227937264766767344712312457772634193662975032830298960978558912695539334118487478718684018332217787818771360088298318913970005422175890722791091548951524487239031405788399349253961965241919109788132961341242306740730153874000403076808865964420970994345423562715540153768575469306824633256413404686899545459293281460353362943428485563335965967704446594176857667847102173127669827299118954558579427236797430322419372779078307819789668094899919701131529114649584322239575984956279352600236779738901038497127447090483363036544456255580825504549468531731010156116091904371722676542425609721768820163593926784229359793380635499114082208841728
482 51215928551221177399688747609149817020226945426792438920057577341333091550390854959004843170213984498914028883881446780970225012519301439553175132099669488384327396189719267984069309704026165620993288494904963026950542434290280793169563061487846937670372847245355521930887275824729375489363042204355769621809749464045307622902713606043515047674756906350022048905757480552468282227449747076286094866816547565602587062692657146658560994810568754704130232009463450564589594095383116849261143298569165635935125392666043306037710319446775981296411074632321625944244464231137881328822055387279225390749065603547203342956249699148529718828009952433090908178841918940414370008810565189720692593272367011068502790078566034724606694762555218347567377207525376
483 4805965690411178387329754993519179496492675893620640622474903164471530779839766626649841317207918166712236385390537157045847190592891445727548885384557840352100113639080811772324581915156812431366405373430483670591870168493443859590528304399625615386920050606876090913095145793519319055307565969102803951677350569523558240971778284247069805719281326904397921368257379505037328171134126289135196041363064276817577740391499634135175590512426711539500416972449034041674503699951872445665350214647258511004095839837085077880656713716266048914143520208409448061235480174836482084998712687396476546923015378369871273342268574341378689330739975569883213720008914537111959183272643637259583332196259307586545392982158866079268623116496212354341382122683498496
484 451906900715444831521530689607163297967162266932877284474096679000253150488970838554926088905216639769557185773819609566203395297786260361066487825531327688409452456223417144281442772241548527375358840485244496467439443375445571414254775654197791639663183069437145842993274448838898786093177187185785856394687517036182513457639136330920662574124755084427915091704521598536485123297491561761458718066240061675908671737029740150950979183478947384371136203891180765512075256739560914602916597332017826930407269479619169966578147853832451349898709143978836773196492571579952094950710816428861449798958808002146127885235454047702831123324457356733753728947168676336144770135604430937821478405668257422668633993962824465145795527194439901702651043322376749056
485 42580243534408458998678118831888516502795346949005157634265176186841967821265531358779716083850331361243453058059470202896531909035002141282260004412838770869414400768710790012382347695312114018194180292537494589001878452045218112290193377843454889553753030821087507759042189926934427271970811223373424699368187764594537704446918585214006002002041789139277811325498698955238083684459730949750511611257101860355926552733800872794359874988167057224567750295673266161048528746830838435819548723865627485720788186585141207337190805928563454281780855998420260548485874143004156085246223490247887479665853201765393097487601704599143134724873999308867966464915240606536967285958958644289848687022728172591227814806254907491306340483520072899441532420074181230592
486 4020280413024082669360569833701321234850794920063134807834651268851099927836539007241538579931880701182011070029099638708949289382793782017702626192910417396790090855304939046422009872964996799325357458817660052826562882229673404573299538319029072327261507853690249346052132845803412397200777116846503329809694282754525797810870707977926060097615710607783419625191464721519622232774088248253413225039472948462000419867566129706502940961192984934146463476443004351131599916957334559381435413606654683699225914927393448865307936904112757560172299510003419184864247356232792166675316587374709312594330088150851804808325452690644627391486725100916198034009557146076292884862667380212810012075699464963152373355827006170026799544955651028867865360638620366536704
487 380357314059323138360090309143602324181052487079210825306217419887273764254570739873043155136074843129103036641132519234323523882060971901548043530277454967353112916328032981678677382686239736898585056894358531502780210027157601799543012533373232243498745999951470649715967998308001049532538057041531678307220532950667051299893062448946432827507516901754053738981651940086694476950015677876338373917847896732831628770907917358785689737415546848569056703997562012147739682354828845055043443015061794580726550281887871773134819542511146399913006953039248323435026980927182681175007942589416071295978422278196241821697941426583749467981906904907881126711011364495809739940649710879380205731619532707213592542683263073470234334914773818418489238727781584184803328
488 36058911271040748738223411767412985910580732269946882907023255605687787766218914155805322295340064197268005410247715734070020906076528797517511140393828370674318653402689567661727070684637418758384971429372301887920326380057582245019948571314458834138074779079425107103689897267390094578770665804732131300975838669644655825999625013936101073402302829040761514741318962882756673201547140922843941521097445353053321393850488060555244866402985114909046647233200381529001776092658992739222926404726275190542082126840711952592724366963170946077150512248046665925835028934645752994375998258379158636439424955439620956152501578644346373131396467949712363201671100129236995980293315510585186721015425716990795434924605635149159747915072388339068048244748490735559376896
489 3425445471621935644081114300244113725750658554634390499626979848006830272231697552208632205663606947288507785586324381573899235847674368847322098666295251135203961389028520199014632589370157014818308727835309329862137413431628715430312341113721658955420415751358597532879779613707723623431576770072341969356460091567178621004098865591368608234354905770280765439368872776406318246131815312218205526431455849796644118406773905176667504145174208653810986502573897985619254531726666192766755158801153720627976198569750776014644402849703285103432004076208308537190052942703421781126160404627433935711806722904847753321634270516428168237579067457681397421652780615188851659709045295363186342145498187490942165641314997280361067330435701004214789161233474437641712697344
490 326064354162517890751733652478413760474924098828422850135337114592838445338956561895714534871688112145606569308028343434265240809862415703080748349516209624504349791860728108220060427938468093629705658111727398442326708211258658781915351807931338330245958673620852553637705805609410298617283822872849875106594307906157980329566365330936279671093628868255274943440993379664304631967598083673085254778076285736880699792812281841918682360467267025948841320122007223665405306282016448822992467501156630069144384719391716159225036743639808703807004343813160759575089193629145755598333787973156072995974190093414679905882182548601663537903989152824374676417658099323564492419870069889584502825332585797418929790833888543565773638985607447484093107559149908849872833871872
491 31100660931688391175372719044912547592316213753542320360816970272945867385490156228096275938653526505879493886534121220562291497894342265641030161668240937280398811387803533794585596490797193543479110514515099184700951690665419240044629442594192606610065398439211665547421117482546852083657573019153568147069512896269266731264509084912325507166228757589745378400085863031977983839459298107107522689925177361928229973119804406604427741309175607178459004503955960278071738756499612847326059960097842865252179899682079083287569269475482322278332498539097161770373739545350851065208114847981028617407874765531361369722532517063271133085574298754516586665685991071228308809283687904123031237671209579698056676309925847338813884251310374216131506477608192300958852847763456
492 2972447298253245245130811275013902871858455508710986277321947513461202749770076193111779169716985097981157048426430867744599541427606292892650315600513135373554012077505987055614924889317045458800829880799412448816040702276459370655941507122368041844918458469106727789794655306889700768255656884605941067915645670947886678622711947835124575916459190053703044754682811165012170593669219120344400277572737754866885944845442925155924105277065814365830781801252400602632200478910206016072424736908042446046385020674256347075534426326825024784981354280700560420103113459116263192884503579584636465649882171446530606041850849993519779239280096021301737785754834598361822629201808868166094614968723570615247545800378386012634475196105942591166730184254636979448702375022297088
493 284665729130902191331024868862043925363363026595336459003558976452089067495243196542339917915862936067890525985531134390780700315269042375045822330843815860310434501001020309875629613515435291180047457872183384863816995230463364622591237987105317477528718764660787394450203855292577151835876214884205448211471393094910884747492463202585762157706360579816266486281110015897804534715988527193039895280958464318662497410689468963430493170439567974256590223282218248100768480370170398445798219209193311212731545100104430222373756468331822776063071754025871749007952915997449312563834609679741654540117248853188849237047052429961381537731155686190173971410541760839637989180324771448859117790770503577057622205561388863672516063646658553945168008328513625018261479940432068608
494 27316869016767174541225035685661161401753909779736266519312142181810570641299659259400301205004141972290826328853641486929280074477359458197788146212043348387730290023708240613367262651780757399441623073127993200817277843896922478361709026305822248323793812202234614548124196532940775839814672624437553418327891001847219635732902892749800895614696985518254055413924414905025647332265099543313529192357725085708523253279464143301458033966268248243457280702705235451064485625365709233243326608135784690387226394015805644867578622101177796941467176246105514934191489637227502042020613531438353673962185213465070865153723342418044633496608120378860180055824953767752675065118532572525469753955146990437990489661563097128397982115105525906532112012745680877152957244079375122432
495 2626634285817719686547205743066415297396845336088446692576529670961800132873078976476497585474599045237418627930636351624042467630591289949322592663892492590336382271410928083851904979906214985453777124540894886839528693058176198376636790016858830179479011259329324285888120717578164390789135933560294852421404003605170758606396533962858909593573245211794877274920844228145584454971109035893141806887533744683495366534544562898155628450856577720907526368930065052468766541202865725192613535853435580605506380240424621000236263733991907989827814046358876879421030117845562265867987244576370235709636458939567169757228686812297445288869050717786099281045795276146423209115704769922782387045819410453184181452567998017229530934896031834307722075497962080102430657776164492279808
496 253069321299441231384879577324383452089271727661320077208162684400830868218989481844630212917894000778738265209488260997293166178355098007402277946856046930860008216008975110558006727358907803240352483063655526561965648029626562614024505827457292118580110184004929495819252802275984364330774770606655840688441392329215540708788960058865585767641858046714125946846024036164797364095781572155658335907229015994289169214094396078591943247134035682193398512085536282689664939007323198335542764891544553962482029879654882730326446330417703991526158362901288611804599230473169193655767480228681913390902805050868675534669282954781102904974474021001763183453213725328890093821639321111501951261774161940134007692509953985757601340448448942733859613556920443574555270357398425071255552
497 24431427923531960536461711298035705304573456930840015749758177883879120734104650232851672424016731366771388818673171225621981119253529394496185574304195788002760727409116607193913450221468457508489924051076999358964625531011752891040147317544912168412372475285718575066664045502646110254969347288735773640126821972114323077840904323886532943676847240318602837164633878714109752126200761778412678834280263792649843668204166585890735169141936199905485239973112408570252866768924174548150235020271917776192823704696798603469619144693098955919099710136234843002751082554248091824117954177010799711492240582824740457266609951784475741073318297318969174228861388846006672501515576842821554184168262515501807336189611193902255874126871112942161528469103699610656806670635802309087461376
498 2363338458618801093298874910741033626858923953942343373646591912791610516248040862354807823167009214700397911054853535156191110700790210281153603015501381529433621998240603021895091064776477557088296607232831414311233250576397236251225518339981391165492275140245413113033035439081213088451708647972914168647648200325007487556057144726855644836531407255082697733888409411654693868178301020044234933723395896828698277194619946400821052969946852681600333531934835634164810808319894890602018755600225179429351160088731281713958783975933213910892025319165961744236878980969809259926798140140393761044355002010267879890666030642775508859465398202165721722072287723334901005586025774539350670618022657631761007337853522933410377777797596201846498221924248253073817194255928685914960691200
499 229070405870771609245784374247815897451922391791319032632754684323037039230784513714659914514179107093592114512497103301533158779940687948468763427249471154249479788944262549455332552642682219991411976399922652221547734771702580750083286953318715599902809953475247243473709648214010083826552598090172972301619345495716445721274407808942485345727768847857805937112760091935596034986153878891547204771183209874491860523864577491187158838789417936427660465858335539902200022392544118179416676191414645010758610060464181813310033585733462488030928383945469545363850272974058959573000969667645001730881189450693318240025693098204649609385082233029964904158988828520001769429741502798782653247350190529869404520384554525191303945452016617142376693025735071182628992020856457990411921653760
500 22247249031215344085458027604436169523314838803861132229725786534900047151699655020289929087508576608487798491084688958808246969754405666972554112345320918657207191208817306786271145982752252285344677398536334505563567592817483358987308483717590429096054960716371678093309200935589849931132600645154562105121750753470920820430248486189275191443589357867995655243915173461515800045747712882976819083454999041374454511751875544462181765095155827522436175955709622896054599505664751793411059522973641121349692045847305279902260782271802242976596432924040872272168000653299852112169053838191453892153702922910502303689810533445402752824534376838250109538506952888779485874699419266755376228139321817119118094384896191295335798437985197686767454083496325677497560911592319444410693918392320
