# One complete minimal period, indexed from n=1.
1 01
2 01
3 11
4 01
5 21
6 71
7 01
8 41
9 51
10 81
11 81
12 31
13 81
14 61
15 71
16 41
17 61
18 11
19 81
20 01
21 51
22 81
23 21
24 71
25 01
26 01
27 51
28 41
29 41
30 51
31 21
32 81
33 71
34 01
35 21
36 11
37 01
38 21
39 51
40 21
41 01
42 11
43 21
44 01
45 11
46 81
47 41
48 71
49 41
50 61
51 51
52 81
53 61
54 11
55 81
56 01
57 91
58 01
59 41
60 91
61 61
62 61
63 51
64 41
65 81
66 11
67 21
68 01
69 31
70 01
71 21
72 51
73 41
74 21
75 71
76 81
77 81
78 51
79 61
80 41
81 91
82 81
83 21
84 51
85 61
86 21
87 51
88 21
89 41
90 51
91 81
92 61
93 11
94 01
95 81
96 71
97 81
98 41
99 11
100 61
101 61
102 71
103 41
104 21
105 91
106 21
107 41
108 51
109 81
110 41
111 71
112 61
113 41
114 11
115 41
116 41
117 11
118 41
119 01
120 11
121 01
122 61
123 31
124 41
125 81
126 31
127 01
128 41
129 31
130 21
131 61
132 31
133 61
134 41
135 71
136 81
137 41
138 31
139 21
140 41
141 51
142 41
143 21
144 31
145 21
146 61
147 31
148 01
149 41
150 71
151 81
152 81
153 51
154 21
155 41
156 91
157 81
158 81
159 31
160 61
161 21
162 11
163 81
164 81
165 51
166 41
167 01
168 31
169 21
170 41
171 91
172 21
173 21
174 31
175 61
176 61
177 71
178 01
179 81
180 91
181 21
182 01
183 91
184 61
185 41
186 31
187 81
188 41
189 51
190 01
191 41
192 71
193 81
194 81
195 91
196 61
197 81
198 31
199 61
200 81
201 31
202 61
203 61
204 91
205 21
206 21
207 31
208 81
209 21
210 31
211 61
212 61
213 71
214 21
215 01
216 11
217 41
218 41
219 91
220 61
221 41
222 51
223 21
224 61
225 71
226 41
227 61
228 31
229 81
230 01
231 51
232 01
233 81
234 71
235 01
236 21
237 71
238 21
239 41
240 71
241 01
242 21
243 11
244 21
245 61
246 91
247 61
248 61
249 51
250 21
251 01
252 31
253 41
254 01
255 11
256 01
257 21
258 31
259 41
260 81
261 91
262 81
263 41
264 31
265 81
266 21
267 71
268 61
269 01
270 11
271 01
272 61
273 91
274 41
275 81
276 31
277 61
278 21
279 31
280 21
281 21
282 91
283 01
284 41
285 31
286 21
287 61
288 51
289 81
290 61
291 91
292 21
293 41
294 31
295 21
296 61
297 91
298 61
299 41
300 71
301 41
302 21
303 31
304 21
305 01
306 11
307 81
308 21
309 91
310 61
311 81
312 51
313 61
314 61
315 11
316 61
317 01
318 51
319 21
320 41
321 51
322 41
323 81
324 31
325 21
326 61
327 91
328 81
329 41
330 71
331 41
332 41
333 91
334 21
335 01
336 31
337 01
338 01
339 91
340 81
341 61
342 91
343 01
344 81
345 51
346 41
347 61
348 91
349 21
350 41
351 51
352 61
353 01
354 31
355 21
356 81
357 71
358 41
359 41
360 91
361 81
362 41
363 71
364 41
365 01
366 51
367 81
368 61
369 51
370 01
371 01
372 91
373 41
374 81
375 51
376 61
377 01
378 11
379 21
380 61
381 51
382 01
383 61
384 51
385 81
386 21
387 51
388 41
389 61
390 11
391 81
392 81
393 91
394 21
395 61
396 91
397 21
398 01
399 51
400 21
401 61
402 51
403 61
404 01
405 71
406 01
407 01
408 91
409 01
410 61
411 71
412 81
413 81
414 91
415 01
416 61
417 11
418 41
419 01
420 11
421 61
422 61
423 31
424 41
425 41
426 11
427 01
428 41
429 91
430 81
431 01
432 31
433 21
434 81
435 91
436 01
437 01
438 51
439 61
440 21
441 71
442 41
443 21
444 31
445 81
446 21
447 31
448 01
449 01
450 11
451 61
452 81
453 11
454 41
455 41
456 31
457 41
458 81
459 91
460 01
461 01
462 91
463 41
464 01
465 51
466 61
467 01
468 31
469 81
470 61
471 51
472 21
473 81
474 31
475 81
476 41
477 31
478 81
479 01
480 31
481 21
482 61
483 51
484 61
485 61
486 91
487 21
488 21
489 71
490 21
491 61
492 71
493 41
494 61
495 71
496 21
497 41
498 91
499 81
500 81
501 71
502 01
503 61
504 51
505 61
506 81
507 51
508 41
509 41
510 11
511 61
512 81
513 71
514 61
515 41
516 31
517 01
518 81
519 51
520 01
521 61
522 71
523 01
524 81
525 11
526 21
527 01
528 91
529 81
530 01
531 31
532 81
533 61
534 71
535 81
536 41
537 91
538 61
539 21
540 31
541 81
542 21
543 11
544 21
545 21
546 31
547 61
548 61
549 11
550 41
551 21
552 31
553 01
554 01
555 91
556 61
557 81
558 11
559 21
560 81
561 31
562 41
563 61
564 71
565 21
566 01
567 71
568 61
569 61
570 11
571 41
572 61
573 51
574 21
575 21
576 51
577 21
578 81
579 11
580 61
581 41
582 31
583 61
584 21
585 71
586 21
587 41
588 11
589 61
590 81
591 71
592 21
593 01
594 91
595 61
596 01
597 51
598 01
599 61
600 31
601 21
602 41
603 71
604 41
605 61
606 71
607 81
608 61
609 11
610 01
611 61
612 91
613 01
614 61
615 11
616 41
617 61
618 71
619 21
620 21
621 51
622 41
623 41
624 11
625 61
626 61
627 51
628 41
629 21
630 91
631 01
632 81
633 51
634 81
635 21
636 51
637 81
638 41
639 91
640 61
641 01
642 71
643 21
644 61
645 31
646 41
647 21
648 31
649 41
650 81
651 11
652 81
653 41
654 31
655 01
656 81
657 71
658 61
659 21
660 31
661 81
662 61
663 11
664 21
665 21
666 71
667 81
668 61
669 11
670 81
671 61
672 91
673 01
674 41
675 51
676 41
677 61
678 51
679 01
680 41
681 51
682 21
683 61
684 71
685 21
686 41
687 11
688 61
689 61
690 51
691 01
692 81
693 51
694 61
695 01
696 51
697 81
698 21
699 11
700 01
701 01
702 51
703 81
704 61
705 51
706 21
707 21
708 11
709 61
710 21
711 51
712 61
713 01
714 31
715 61
716 81
717 71
718 41
719 81
720 11
721 81
722 41
723 11
724 81
725 61
726 51
727 21
728 21
729 31
730 81
731 41
732 71
733 01
734 01
735 31
736 61
737 01
738 11
739 61
740 01
741 51
742 01
743 01
744 11
745 01
746 21
747 91
748 21
749 61
750 71
751 21
752 81
753 31
754 81
755 81
756 11
757 61
758 81
759 51
760 01
761 61
762 51
763 01
764 81
765 11
766 01
767 41
768 91
769 81
770 81
771 11
772 01
773 61
774 51
775 01
776 01
777 51
778 41
779 81
780 51
781 21
782 81
783 11
784 21
785 21
786 11
787 41
788 61
789 11
790 21
791 41
792 71
793 01
794 81
795 51
796 61
797 01
798 91
799 21
800 61
801 51
802 81
803 01
804 51
805 81
806 01
807 31
808 61
809 61
810 91
811 01
812 41
813 51
814 01
815 21
816 11
817 61
818 61
819 51
820 21
821 61
822 31
823 41
824 01
825 71
826 81
827 21
828 31
829 01
830 41
831 31
832 81
833 01
834 71
835 01
836 41
837 31
838 81
839 41
840 91
841 21
842 61
843 91
844 41
845 41
846 91
847 61
848 21
849 91
850 61
851 01
852 91
853 61
854 61
855 31
856 61
857 21
858 51
859 41
860 01
861 71
862 01
863 01
864 51
865 21
866 81
867 91
868 61
869 01
870 91
871 01
872 21
873 91
874 21
875 21
876 91
877 41
878 01
879 11
880 01
881 81
882 11
883 21
884 61
885 31
886 21
887 41
888 31
889 41
890 61
891 71
892 41
893 41
894 11
895 01
896 21
897 51
898 41
899 61
900 71
901 81
902 81
903 91
904 81
905 41
906 91
907 21
908 61
909 11
910 61
911 61
912 11
913 01
914 21
915 91
916 61
917 21
918 31
919 81
920 81
921 71
922 81
923 81
924 51
925 61
926 61
927 11
928 01
929 41
930 91
931 61
932 21
933 51
934 41
935 81
936 71
937 01
938 01
939 31
940 61
941 81
942 91
943 41
944 81
945 11
946 01
947 01
948 11
949 81
950 81
951 71
952 01
953 21
954 51
955 61
956 81
957 11
958 21
959 41
960 11
961 21
962 41
963 11
964 61
965 01
966 71
967 21
968 01
969 11
970 21
971 01
972 51
973 21
974 81
975 11
976 21
977 61
978 51
979 81
980 01
981 91
982 21
983 41
984 71
985 41
986 61
987 91
988 01
989 81
990 31
991 41
992 61
993 91
994 01
995 81
996 51
997 61
998 81
999 11
1000 41
1001 81
1002 51
1003 61
1004 01
1005 51
1006 61
1007 01
1008 91
1009 81
1010 61
1011 51
1012 81
1013 61
1014 31
1015 81
1016 01
1017 91
1018 21
1019 01
1020 91
1021 61
1022 81
1023 71
1024 21
1025 81
1026 31
1027 01
1028 41
1029 71
1030 21
1031 61
1032 31
1033 01
1034 61
1035 71
1036 81
1037 81
1038 71
1039 81
1040 41
1041 91
1042 01
1043 01
1044 11
1045 61
1046 41
1047 91
1048 21
1049 21
1050 71
1051 81
1052 81
1053 91
1054 61
1055 41
1056 91
1057 21
1058 41
1059 51
1060 61
1061 61
1062 91
1063 81
1064 41
1065 91
1066 41
1067 41
1068 91
1069 41
1070 61
1071 31
1072 01
1073 21
1074 11
1075 61
1076 61
1077 11
1078 81
1079 21
1080 91
1081 61
1082 01
1083 71
1084 81
1085 81
1086 51
1087 61
1088 01
1089 51
1090 41
1091 81
1092 71
1093 61
1094 21
1095 51
1096 81
1097 61
1098 11
1099 41
1100 81
1101 71
1102 81
1103 81
1104 31
1105 61
1106 61
1107 11
1108 81
1109 81
1110 91
1111 61
1112 01
1113 31
1114 61
1115 81
1116 51
1117 21
1118 61
1119 91
1120 41
1121 41
1122 11
1123 81
1124 41
1125 11
1126 01
1127 01
1128 91
1129 61
1130 81
1131 71
1132 81
1133 41
1134 91
1135 61
1136 61
1137 71
1138 21
1139 61
1140 91
1141 21
1142 21
1143 31
1144 01
1145 41
1146 51
1147 81
1148 01
1149 71
1150 21
1151 01
1152 31
1153 81
1154 61
1155 11
1156 01
1157 61
1158 11
1159 21
1160 81
1161 31
1162 81
1163 61
1164 71
1165 21
1166 41
1167 91
1168 61
1169 61
1170 51
1171 81
1172 21
1173 51
1174 61
1175 81
1176 31
1177 01
1178 21
1179 91
1180 21
1181 61
1182 11
1183 61
1184 21
1185 71
1186 61
1187 81
1188 11
1189 61
1190 21
1191 31
1192 41
1193 01
1194 31
1195 41
1196 01
1197 11
1198 41
1199 61
1200 71
1201 81
1202 61
1203 91
1204 81
1205 41
1206 71
1207 61
1208 61
1209 11
1210 41
1211 41
1212 31
1213 01
1214 01
1215 11
1216 21
1217 81
1218 11
1219 41
1220 01
1221 11
1222 41
1223 81
1224 51
1225 61
1226 41
1227 91
1228 01
1229 41
1230 71
1231 81
1232 61
1233 51
1234 21
1235 41
1236 71
1237 21
1238 81
1239 31
1240 41
1241 01
1242 31
1243 81
1244 61
1245 71
1246 01
1247 61
1248 11
1249 81
1250 61
1251 31
1252 81
1253 21
1254 31
1255 61
1256 41
1257 51
1258 01
1259 81
1260 71
1261 41
1262 41
1263 91
1264 41
1265 01
1266 31
1267 01
1268 21
1269 51
1270 81
1271 61
1272 11
1273 21
1274 61
1275 51
1276 61
1277 41
1278 31
1279 61
1280 61
1281 91
1282 41
1283 61
1284 71
1285 21
1286 81
1287 71
1288 61
1289 61
1290 91
1291 81
1292 61
1293 51
1294 01
1295 01
1296 71
1297 21
1298 61
1299 31
1300 21
1301 01
1302 11
1303 21
1304 41
1305 11
1306 81
1307 41
1308 11
1309 61
1310 61
1311 51
1312 21
1313 01
1314 71
1315 81
1316 41
1317 51
1318 81
1319 21
1320 31
1321 41
1322 21
1323 71
1324 21
1325 81
1326 11
1327 21
1328 41
1329 71
1330 01
1331 21
1332 91
1333 01
1334 41
1335 71
1336 21
1337 61
1338 51
1339 21
1340 81
1341 91
1342 21
1343 81
1344 71
1345 81
1346 61
1347 31
1348 21
1349 21
1350 51
1351 81
1352 01
1353 91
1354 41
1355 81
1356 11
1357 81
1358 21
1359 31
1360 01
1361 81
1362 51
1363 01
1364 21
1365 31
1366 61
1367 41
1368 31
1369 21
1370 01
1371 91
1372 41
1373 21
1374 91
1375 41
1376 81
1377 31
1378 61
1379 41
1380 51
1381 41
1382 41
1383 31
1384 01
1385 41
1386 31
1387 41
1388 01
1389 71
1390 01
1391 01
1392 11
1393 81
1394 41
1395 51
1396 81
1397 01
1398 91
1399 01
1400 81
1401 11
1402 81
1403 81
1404 11
1405 01
1406 81
1407 11
1408 61
1409 61
1410 31
1411 21
1412 81
1413 51
1414 41
1415 61
1416 11
1417 81
1418 01
1419 11
1420 41
1421 81
1422 31
1423 21
1424 01
1425 51
1426 41
1427 01
1428 71
1429 81
1430 41
1431 91
1432 61
1433 01
1434 11
1435 61
1436 01
1437 71
1438 21
1439 21
1440 31
1441 41
1442 21
1443 91
1444 21
1445 81
1446 11
1447 41
1448 01
1449 71
1450 01
1451 41
1452 11
1453 81
1454 41
1455 91
1456 01
1457 01
1458 91
1459 41
1460 21
1461 71
1462 81
1463 21
1464 71
1465 81
1466 61
1467 51
1468 41
1469 21
1470 51
1471 01
1472 81
1473 51
1474 41
1475 01
1476 51
1477 81
1478 01
1479 51
1480 01
1481 01
1482 31
1483 61
1484 81
1485 51
1486 01
1487 41
1488 71
1489 21
1490 01
1491 11
1492 81
1493 41
1494 91
1495 61
1496 81
1497 71
1498 21
1499 61
1500 11
1501 81
1502 21
1503 31
1504 21
1505 61
1506 31
1507 81
1508 21
1509 51
1510 61
1511 41
1512 51
1513 21
1514 41
1515 71
1516 41
1517 61
1518 11
1519 21
1520 01
1521 51
1522 81
1523 61
1524 91
1525 01
1526 01
1527 91
1528 81
1529 01
1530 51
1531 61
1532 41
1533 51
1534 81
1535 61
1536 91
1537 61
1538 41
1539 31
1540 21
1541 01
1542 11
1543 61
1544 41
1545 11
1546 81
1547 81
1548 31
1549 61
1550 61
1551 91
1552 61
1553 61
1554 71
1555 21
1556 01
1557 31
1558 61
1559 61
1560 11
1561 01
1562 41
1563 51
1564 21
1565 81
1566 11
1567 61
1568 81
1569 71
1570 01
1571 61
1572 51
1573 21
1574 41
1575 11
1576 01
1577 61
1578 11
1579 61
1580 81
1581 31
1582 81
1583 01
1584 91
1585 21
1586 41
1587 31
1588 01
1589 21
1590 51
1591 21
1592 81
1593 31
1594 41
1595 21
1596 11
1597 61
1598 41
1599 71
1600 21
1601 61
1602 11
1603 01
1604 61
1605 71
1606 61
1607 21
1608 71
1609 81
1610 21
1611 71
1612 21
1613 01
1614 91
1615 81
1616 01
1617 51
1618 01
1619 81
1620 91
1621 21
1622 41
1623 91
1624 61
1625 41
1626 71
1627 01
1628 41
1629 51
1630 41
1631 81
1632 31
1633 81
1634 21
1635 51
1636 41
1637 61
1638 71
1639 41
1640 41
1641 51
1642 41
1643 61
1644 91
1645 21
1646 61
1647 71
1648 81
1649 21
1650 71
1651 21
1652 81
1653 71
1654 61
1655 81
1656 11
1657 01
1658 81
1659 91
1660 01
1661 01
1662 71
1663 41
1664 01
1665 51
1666 41
1667 41
1668 31
1669 81
1670 41
1671 31
1672 41
1673 81
1674 11
1675 01
1676 01
1677 91
1678 61
1679 61
1680 51
1681 61
1682 21
1683 51
1684 61
1685 61
1686 71
1687 01
1688 21
1689 71
1690 01
1691 81
1692 11
1693 41
1694 41
1695 31
1696 21
1697 61
1698 71
1699 81
1700 61
1701 91
1702 41
1703 01
1704 31
1705 21
1706 81
1707 11
1708 41
1709 41
1710 91
1711 21
1712 61
1713 71
1714 41
1715 41
1716 91
1717 41
1718 61
1719 91
1720 61
1721 81
1722 71
1723 81
1724 61
1725 11
1726 81
1727 81
1728 11
1729 21
1730 61
1731 91
1732 41
1733 61
1734 51
1735 21
1736 81
1737 71
1738 41
1739 01
1740 91
1741 81
1742 41
1743 31
1744 21
1745 01
1746 51
1747 41
1748 21
1749 91
1750 01
1751 61
1752 31
1753 61
1754 01
1755 11
1756 81
1757 41
1758 91
1759 41
1760 61
1761 51
1762 01
1763 21
1764 11
1765 81
1766 21
1767 11
1768 81
1769 41
1770 11
1771 41
1772 01
1773 91
1774 61
1775 21
1776 91
1777 81
1778 41
1779 31
1780 01
1781 21
1782 71
1783 61
1784 21
1785 71
1786 01
1787 61
1788 11
1789 61
1790 61
1791 31
1792 81
1793 01
1794 71
1795 61
1796 41
1797 31
1798 81
1799 01
1800 71
1801 21
1802 61
1803 51
1804 01
1805 81
1806 91
1807 21
1808 61
1809 11
1810 81
1811 61
1812 11
1813 01
1814 41
1815 51
1816 61
1817 21
1818 51
1819 01
1820 61
1821 71
1822 01
1823 61
1824 91
1825 01
1826 81
1827 51
1828 81
1829 01
1830 31
1831 61
1832 21
1833 51
1834 61
1835 01
1836 71
1837 01
1838 21
1839 11
1840 21
1841 81
1842 11
1843 81
1844 81
1845 91
1846 21
1847 01
1848 31
1849 61
1850 41
1851 31
1852 21
1853 61
1854 51
1855 01
1856 81
1857 11
1858 41
1859 81
1860 31
1861 21
1862 61
1863 11
1864 01
1865 61
1866 91
1867 81
1868 41
1869 91
1870 21
1871 21
1872 71
1873 21
1874 21
1875 31
1876 01
1877 21
1878 91
1879 21
1880 41
1881 91
1882 41
1883 01
1884 31
1885 61
1886 81
1887 11
1888 41
1889 81
1890 11
1891 21
1892 61
1893 11
1894 81
1895 01
1896 91
1897 81
1898 21
1899 71
1900 41
1901 21
1902 51
1903 41
1904 81
1905 91
1906 81
1907 81
1908 11
1909 61
1910 01
1911 91
1912 41
1913 01
1914 11
1915 41
1916 81
1917 11
1918 21
1919 01
1920 51
1921 21
1922 41
1923 71
1924 81
1925 21
1926 71
1927 81
1928 01
1929 91
1930 81
1931 61
1932 31
1933 01
1934 81
1935 51
1936 81
1937 81
1938 91
1939 21
1940 81
1941 91
1942 21
1943 01
1944 71
1945 81
1946 61
1947 51
1948 81
1949 21
1950 51
1951 01
1952 21
1953 71
1954 41
1955 01
1956 91
1957 21
1958 61
1959 51
1960 41
1961 61
1962 11
1963 41
1964 21
1965 31
1966 61
1967 61
1968 51
1969 21
1970 01
1971 11
1972 21
1973 81
1974 91
1975 61
1976 21
1977 31
1978 41
1979 61
1980 51
1981 61
1982 21
1983 91
1984 61
1985 61
1986 71
1987 41
1988 41
1989 71
1990 01
1991 21
1992 51
1993 01
1994 41
1995 71
1996 81
1997 41
1998 51
1999 21
2000 41
2001 51
2002 61
2003 81
2004 31
2005 21
2006 81
2007 51
2008 81
2009 41
2010 91
2011 61
2012 21
2013 91
2014 41
2015 81
2016 71
2017 41
2018 21
2019 31
2020 61
2021 21
2022 31
2023 01
2024 81
2025 51
2026 61
2027 81
2028 91
2029 21
2030 61
2031 31
2032 21
2033 01
2034 51
2035 61
2036 81
2037 51
2038 61
2039 41
2040 11
2041 61
2042 01
2043 31
2044 61
2045 41
2046 51
2047 21
2048 61
2049 51
2050 21
2051 41
2052 11
2053 41
2054 01
2055 51
2056 01
2057 61
2058 31
2059 81
2060 01
2061 31
2062 01
2063 81
2064 71
2065 81
2066 61
2067 71
2068 21
2069 21
2070 51
2071 21
2072 21
2073 91
2074 41
2075 21
2076 51
2077 41
2078 21
2079 71
2080 61
2081 61
2082 31
2083 41
2084 01
2085 91
2086 81
2087 21
2088 31
2089 21
2090 01
2091 31
2092 81
2093 21
2094 91
2095 81
2096 41
2097 51
2098 61
2099 81
2100 31
2101 41
2102 01
2103 71
2104 01
2105 81
2106 91
2107 61
2108 21
2109 11
2110 81
2111 01
2112 91
2113 81
2114 41
2115 91
2116 61
2117 41
2118 91
2119 41
2120 81
2121 91
2122 01
2123 21
2124 31
2125 81
2126 41
2127 11
2128 01
2129 01
2130 31
2131 01
2132 21
2133 11
2134 61
2135 41
2136 91
2137 61
2138 01
2139 51
2140 61
2141 01
2142 71
2143 61
2144 41
2145 31
2146 41
2147 61
2148 31
2149 81
2150 81
2151 51
2152 01
2153 81
2154 51
2155 41
2156 21
2157 71
2158 01
2159 21
2160 91
2161 01
2162 01
2163 31
2164 81
2165 21
2166 71
2167 21
2168 81
2169 91
2170 81
2171 01
2172 31
2173 41
2174 81
2175 91
2176 01
2177 21
2178 11
2179 61
2180 21
2181 91
2182 61
2183 01
2184 31
2185 01
2186 01
2187 71
2188 41
2189 21
2190 51
2191 41
2192 41
2193 51
2194 41
2195 41
2196 31
2197 61
2198 01
2199 91
2200 01
2201 21
2202 71
2203 01
2204 01
2205 71
2206 01
2207 01
2208 11
2209 01
2210 61
2211 71
2212 01
2213 41
2214 91
2215 01
2216 81
2217 31
2218 21
2219 01
2220 31
2221 41
2222 01
2223 71
2224 61
2225 81
2226 91
2227 61
2228 81
2229 91
2230 81
2231 01
2232 51
2233 41
2234 81
2235 91
2236 21
2237 81
2238 11
2239 61
2240 41
2241 11
2242 41
2243 01
2244 51
2245 81
2246 41
2247 11
2248 61
2249 61
2250 31
2251 01
2252 81
2253 51
2254 41
2255 41
2256 51
2257 81
2258 01
2259 91
2260 21
2261 01
2262 31
2263 01
2264 21
2265 11
2266 01
2267 81
2268 31
2269 01
2270 81
2271 51
2272 61
2273 01
2274 11
2275 41
2276 81
2277 71
2278 21
2279 01
2280 51
2281 81
2282 21
2283 71
2284 81
2285 81
2286 31
2287 21
2288 01
2289 51
2290 21
2291 81
2292 51
2293 61
2294 01
2295 91
2296 61
2297 01
2298 91
2299 21
2300 81
2301 51
2302 81
2303 01
2304 71
2305 41
2306 01
2307 31
2308 81
2309 81
2310 71
2311 01
2312 61
2313 31
2314 41
2315 61
2316 31
2317 01
2318 41
2319 11
2320 61
2321 61
2322 31
2323 41
2324 21
2325 91
2326 81
2327 21
2328 51
2329 81
2330 01
2331 31
2332 01
2333 41
2334 71
2335 81
2336 61
2337 31
2338 01
2339 21
2340 51
2341 81
2342 81
2343 31
2344 41
2345 81
2346 91
2347 61
2348 41
2349 31
2350 81
2351 01
2352 11
2353 61
2354 01
2355 91
2356 81
2357 81
2358 91
2359 21
2360 01
2361 91
2362 21
2363 01
2364 91
2365 41
2366 61
2367 51
2368 01
2369 41
2370 31
2371 01
2372 41
2373 51
2374 81
2375 41
2376 11
2377 61
2378 41
2379 11
2380 81
2381 61
2382 11
2383 41
2384 41
2385 51
2386 61
2387 61
2388 71
2389 01
2390 61
2391 11
2392 41
2393 21
2394 91
2395 41
2396 41
2397 31
2398 61
2399 41
2400 11
2401 21
2402 41
2403 31
2404 61
2405 01
2406 71
2407 41
2408 61
2409 11
2410 21
2411 21
2412 71
2413 01
2414 81
2415 31
2416 01
2417 01
2418 91
2419 01
2420 41
2421 71
2422 81
2423 81
2424 71
2425 41
2426 61
2427 11
2428 21
2429 81
2430 31
2431 61
2432 41
2433 51
2434 01
2435 01
2436 91
2437 61
2438 61
2439 31
2440 41
2441 01
2442 31
2443 21
2444 61
2445 71
2446 01
2447 01
2448 31
2449 81
2450 61
2451 71
2452 21
2453 81
2454 31
2455 01
2456 01
2457 31
2458 81
2459 21
2460 51
2461 01
2462 61
2463 71
2464 41
2465 01
2466 31
2467 41
2468 61
2469 51
2470 81
2471 01
2472 71
2473 41
2474 61
2475 91
2476 41
2477 41
2478 91
2479 01
2480 61
2481 31
2482 01
2483 81
2484 91
2485 61
2486 61
2487 71
2488 41
2489 61
2490 91
2491 21
2492 41
2493 91
2494 01
2495 41
2496 71
2497 01
2498 81
2499 71
2500 41
2501 81
2502 71
2503 21
2504 81
2505 51
2506 81
2507 21
2508 51
2509 21
2510 81
2511 31
2512 01
2513 81
2514 71
2515 21
2516 61
2517 71
2518 21
2519 61
2520 71
2521 21
2522 21
2523 31
2524 81
2525 81
2526 51
2527 81
2528 81
2529 51
2530 41
2531 01
2532 11
2533 01
2534 21
2535 71
2536 81
2537 21
2538 31
2539 61
2540 41
2541 31
2542 81
2543 61
2544 51
2545 01
2546 41
2547 91
2548 41
2549 81
2550 91
2551 81
2552 01
2553 11
2554 61
2555 01
2556 11
2557 01
2558 01
2559 11
2560 61
2561 01
2562 91
2563 21
2564 21
2565 31
2566 61
2567 81
2568 91
2569 21
2570 01
2571 31
2572 21
2573 01
2574 91
2575 81
2576 81
2577 51
2578 01
2579 81
2580 71
2581 61
2582 41
2583 91
2584 41
2585 21
2586 91
2587 01
2588 21
2589 71
2590 01
2591 41
2592 11
2593 41
2594 41
2595 91
2596 01
2597 61
2598 71
2599 41
2600 21
2601 31
2602 41
2603 61
2604 71
2605 41
2606 01
2607 71
2608 61
2609 81
2610 71
2611 41
2612 61
2613 71
2614 41
2615 01
2616 51
2617 41
2618 61
2619 51
2620 01
2621 61
2622 71
2623 41
2624 81
2625 11
2626 21
2627 41
2628 11
2629 81
2630 01
2631 71
2632 21
2633 21
2634 71
2635 21
2636 01
2637 71
2638 41
2639 61
2640 11
2641 41
2642 41
2643 91
2644 21
2645 21
2646 31
2647 01
2648 01
2649 11
2650 41
2651 61
2652 91
2653 21
2654 01
2655 31
2656 41
2657 81
2658 71
2659 61
2660 81
2661 71
2662 01
2663 81
2664 91
2665 61
2666 81
2667 71
2668 41
2669 61
2670 11
2671 81
2672 41
2673 91
2674 21
2675 61
2676 51
2677 01
2678 01
2679 51
2680 81
2681 21
2682 91
2683 61
2684 61
2685 11
2686 21
2687 21
2688 51
2689 21
2690 01
2691 51
2692 01
2693 81
2694 91
2695 01
2696 21
2697 71
2698 41
2699 01
2700 71
2701 01
2702 41
2703 31
2704 01
2705 61
2706 11
2707 41
2708 01
2709 91
2710 41
2711 41
2712 11
2713 01
2714 41
2715 11
2716 01
2717 21
2718 51
2719 61
2720 81
2721 91
2722 01
2723 21
2724 91
2725 81
2726 41
2727 11
2728 61
2729 81
2730 31
2731 01
2732 81
2733 71
2734 01
2735 41
2736 51
2737 01
2738 21
2739 71
2740 21
2741 21
2742 11
2743 41
2744 61
2745 31
2746 41
2747 61
2748 91
2749 41
2750 81
2751 51
2752 61
2753 21
2754 31
2755 41
2756 81
2757 91
2758 01
2759 61
2760 51
2761 01
2762 61
2763 71
2764 61
2765 01
2766 31
2767 41
2768 81
2769 11
2770 81
2771 01
2772 91
2773 61
2774 41
2775 91
2776 61
2777 21
2778 31
2779 41
2780 81
2781 71
2782 81
2783 41
2784 31
2785 61
2786 61
2787 71
2788 61
2789 81
2790 91
2791 21
2792 61
2793 71
2794 61
2795 41
2796 91
2797 41
2798 81
2799 51
2800 61
2801 81
2802 91
2803 01
2804 41
2805 11
2806 01
2807 61
2808 51
2809 61
2810 81
2811 31
2812 21
2813 21
2814 91
2815 21
2816 81
2817 71
2818 61
2819 21
2820 91
2821 81
2822 61
2823 11
2824 81
2825 01
2826 71
2827 81
2828 21
2829 71
2830 21
2831 61
2832 51
2833 41
2834 61
2835 71
2836 01
2837 81
2838 91
2839 81
2840 61
2841 51
2842 21
2843 61
2844 31
2845 81
2846 41
2847 11
2848 21
2849 01
2850 31
2851 01
2852 41
2853 71
2854 61
2855 41
2856 11
2857 81
2858 81
2859 51
2860 81
2861 81
2862 11
2863 01
2864 61
2865 71
2866 21
2867 21
2868 71
2869 81
2870 81
2871 51
2872 21
2873 01
2874 51
2875 41
2876 41
2877 51
2878 61
2879 21
2880 11
2881 41
2882 01
2883 11
2884 01
2885 21
2886 91
2887 01
2888 41
2889 51
2890 01
2891 41
2892 31
2893 81
2894 81
2895 91
2896 21
2897 61
2898 31
2899 61
2900 41
2901 91
2902 01
2903 61
2904 51
2905 61
2906 41
2907 51
2908 41
2909 41
2910 71
2911 41
2912 81
2913 71
2914 21
2915 01
2916 71
2917 01
2918 41
2919 91
2920 21
2921 81
2922 31
2923 21
2924 21
2925 91
2926 41
2927 01
2928 91
2929 81
2930 61
2931 91
2932 81
2933 61
2934 31
2935 21
2936 21
2937 91
2938 21
2939 41
2940 31
2941 21
2942 81
2943 11
2944 81
2945 61
2946 11
2947 41
2948 21
2949 31
2950 41
2951 41
2952 31
2953 01
2954 61
2955 11
2956 21
2957 81
2958 71
2959 21
2960 01
2961 11
2962 01
2963 41
2964 91
2965 61
2966 01
2967 31
2968 21
2969 61
2970 31
2971 01
2972 01
2973 31
2974 41
2975 41
2976 71
2977 21
2978 41
2979 91
2980 41
2981 01
2982 91
2983 21
2984 41
2985 71
2986 61
2987 81
2988 11
2989 21
2990 21
2991 31
2992 41
2993 61
2994 11
2995 41
2996 01
2997 71
2998 01
2999 01
3000 71
3001 41
3002 01
3003 11
3004 01
3005 01
3006 91
3007 01
3008 41
3009 31
3010 41
3011 41
3012 31
3013 61
3014 61
3015 11
3016 21
3017 41
3018 51
3019 21
3020 01
3021 71
3022 61
3023 81
3024 91
3025 21
3026 41
3027 51
3028 41
3029 21
3030 51
3031 41
3032 81
3033 51
3034 41
3035 41
3036 71
3037 81
3038 01
3039 91
3040 41
3041 61
3042 31
3043 01
3044 41
3045 31
3046 81
3047 81
3048 51
3049 81
3050 21
3051 91
3052 81
3053 41
3054 91
3055 01
3056 21
3057 71
3058 21
3059 01
3060 71
3061 01
3062 21
3063 71
3064 01
3065 61
3066 91
3067 21
3068 21
3069 91
3070 21
3071 61
3072 71
3073 61
3074 21
3075 71
3076 21
3077 61
3078 11
3079 61
3080 81
3081 91
3082 81
3083 01
3084 91
3085 81
3086 21
3087 31
3088 01
3089 81
3090 11
3091 61
3092 81
3093 91
3094 81
3095 41
3096 31
3097 21
3098 61
3099 11
3100 01
3101 81
3102 11
3103 01
3104 61
3105 31
3106 21
3107 21
3108 71
3109 41
3110 61
3111 51
3112 21
3113 61
3114 11
3115 81
3116 41
3117 11
3118 01
3119 41
3120 31
3121 01
3122 21
3123 51
3124 81
3125 41
3126 91
3127 01
3128 41
3129 11
3130 61
3131 41
3132 31
3133 41
3134 21
3135 71
3136 21
3137 21
3138 51
3139 61
3140 81
3141 51
3142 01
3143 21
3144 91
3145 41
3146 21
3147 11
3148 61
3149 41
3150 91
3151 41
3152 81
3153 31
3154 41
3155 61
3156 71
3157 61
3158 41
3159 11
3160 01
3161 41
3162 11
3163 41
3164 61
3165 91
3166 01
3167 61
3168 91
3169 01
3170 21
3171 31
3172 61
3173 81
3174 51
3175 41
3176 21
3177 51
3178 01
3179 21
3180 91
3181 81
3182 41
3183 31
3184 81
3185 01
3186 51
3187 41
3188 81
3189 71
3190 01
3191 61
3192 91
3193 21
3194 41
3195 11
3196 41
3197 81
3198 11
3199 61
3200 21
3201 71
3202 41
3203 01
3204 31
3205 81
3206 21
3207 11
3208 41
3209 01
3210 11
3211 41
3212 61
3213 31
3214 41
3215 21
3216 51
3217 01
3218 41
3219 71
3220 61
3221 21
3222 31
3223 01
3224 01
3225 51
3226 61
3227 81
3228 11
3229 81
3230 61
3231 31
3232 41
3233 21
3234 31
3235 61
3236 01
3237 31
3238 01
3239 81
3240 31
3241 01
3242 81
3243 91
3244 01
3245 41
3246 51
3247 21
3248 81
3249 71
3250 21
3251 41
3252 31
3253 21
3254 61
3255 51
3256 21
3257 01
3258 31
3259 61
3260 21
3261 31
3262 21
3263 61
3264 31
3265 41
3266 81
3267 11
3268 21
3269 61
3270 51
3271 21
3272 41
3273 31
3274 61
3275 21
3276 71
3277 41
3278 61
3279 31
3280 81
3281 21
3282 71
3283 21
3284 01
3285 11
3286 01
3287 21
3288 71
3289 41
3290 81
3291 91
3292 21
3293 61
3294 31
3295 81
3296 61
3297 11
3298 21
3299 01
3300 51
3301 61
3302 41
3303 71
3304 81
3305 61
3306 91
3307 81
3308 01
3309 31
3310 21
3311 21
3312 31
3313 41
3314 41
3315 31
3316 61
3317 21
3318 71
3319 81
3320 01
3321 71
3322 21
3323 01
3324 71
3325 21
3326 01
3327 51
3328 81
3329 61
3330 11
3331 21
3332 21
3333 11
3334 21
3335 01
3336 51
3337 61
3338 61
3339 91
3340 01
3341 81
3342 31
3343 81
3344 01
3345 31
3346 41
3347 61
3348 51
3349 61
3350 81
3351 51
3352 21
3353 21
3354 91
3355 41
3356 41
3357 71
3358 61
3359 41
3360 11
3361 61
3362 61
3363 31
3364 61
3365 41
3366 11
3367 01
3368 61
3369 51
3370 81
3371 01
3372 51
3373 41
3374 61
3375 91
3376 21
3377 81
3378 91
3379 01
3380 41
3381 11
3382 21
3383 81
3384 71
3385 81
3386 21
3387 31
3388 21
3389 21
3390 11
3391 61
3392 01
3393 91
3394 01
3395 41
3396 51
3397 81
3398 81
3399 71
3400 21
3401 01
3402 11
3403 21
3404 61
3405 11
3406 81
3407 41
3408 31
3409 21
3410 61
3411 51
3412 41
3413 21
3414 51
3415 81
3416 61
3417 31
3418 21
3419 61
3420 51
3421 81
3422 01
3423 31
3424 61
3425 81
3426 11
3427 21
3428 61
3429 91
3430 01
3431 21
3432 11
3433 81
3434 01
3435 71
3436 41
3437 01
3438 51
3439 01
3440 01
3441 91
3442 41
3443 61
3444 31
3445 41
3446 81
3447 71
3448 21
3449 61
3450 51
3451 81
3452 21
3453 31
3454 61
3455 81
3456 31
3457 81
3458 61
3459 91
3460 21
3461 41
3462 91
3463 81
3464 21
3465 51
3466 81
3467 41
3468 71
3469 41
3470 81
3471 51
3472 81
3473 61
3474 31
3475 41
3476 01
3477 91
3478 21
3479 61
3480 71
3481 61
3482 81
3483 31
3484 81
3485 21
3486 31
3487 61
3488 81
3489 91
3490 41
3491 21
3492 51
3493 41
3494 41
3495 91
3496 81
3497 81
3498 71
3499 41
3500 01
3501 91
3502 01
3503 61
3504 51
3505 41
3506 41
3507 51
3508 41
3509 21
3510 11
3511 41
3512 81
3513 51
3514 01
3515 21
3516 71
3517 81
3518 61
3519 51
3520 81
3521 61
3522 91
3523 41
3524 61
3525 51
3526 41
3527 01
3528 91
3529 61
3530 41
3531 91
3532 81
3533 41
3534 51
3535 61
3536 21
3537 71
3538 81
3539 41
3540 51
3541 01
3542 81
3543 91
3544 01
3545 01
3546 51
3547 21
3548 81
3549 31
3550 01
3551 41
3552 31
3553 81
3554 21
3555 91
3556 21
3557 61
3558 71
3559 81
3560 41
3561 91
3562 41
3563 01
3564 11
3565 61
3566 81
3567 11
3568 21
3569 21
3570 11
3571 21
3572 41
3573 91
3574 01
3575 01
3576 71
3577 01
3578 81
3579 31
3580 21
3581 81
3582 71
3583 81
3584 41
3585 91
3586 81
3587 81
3588 91
3589 41
3590 01
3591 91
3592 21
3593 21
3594 51
3595 41
3596 61
3597 71
3598 21
3599 21
3600 31
3601 21
3602 21
3603 91
3604 21
3605 61
3606 51
3607 41
3608 01
3609 51
3610 81
3611 61
3612 11
3613 61
3614 61
3615 51
3616 61
3617 81
3618 51
3619 61
3620 61
3621 31
3622 81
3623 21
3624 71
3625 61
3626 41
3627 51
3628 41
3629 01
3630 71
3631 41
3632 81
3633 31
3634 01
3635 01
3636 71
3637 61
3638 01
3639 31
3640 21
3641 41
3642 71
3643 41
3644 41
3645 51
3646 61
3647 41
3648 71
3649 01
3650 61
3651 91
3652 81
3653 21
3654 91
3655 21
3656 21
3657 51
3658 61
3659 21
3660 31
3661 81
3662 01
3663 11
3664 21
3665 21
3666 11
3667 01
3668 61
3669 11
3670 21
3671 01
3672 51
3673 01
3674 81
3675 11
3676 21
3677 41
3678 91
3679 81
3680 01
3681 71
3682 01
3683 61
3684 71
3685 21
3686 81
3687 51
3688 61
3689 61
3690 91
3691 61
3692 01
3693 51
3694 01
3695 81
3696 51
3697 41
3698 61
3699 11
3700 41
3701 61
3702 71
3703 01
3704 01
3705 31
3706 21
3707 01
3708 11
3709 61
3710 61
3711 31
3712 01
3713 01
3714 71
3715 61
3716 61
3717 91
3718 81
3719 01
3720 91
3721 41
3722 41
3723 51
3724 21
3725 61
3726 31
3727 61
3728 81
3729 51
3730 61
3731 21
3732 51
3733 01
3734 41
3735 51
3736 81
3737 41
3738 51
3739 01
3740 81
3741 51
3742 61
3743 61
3744 11
3745 41
3746 81
3747 31
3748 01
3749 01
3750 51
3751 41
3752 81
3753 11
3754 81
3755 41
3756 71
3757 41
3758 21
3759 11
3760 41
3761 21
3762 31
3763 81
3764 01
3765 91
3766 61
3767 61
3768 51
3769 21
3770 81
3771 11
3772 21
3773 81
3774 71
3775 01
3776 21
3777 31
3778 21
3779 41
3780 71
3781 61
3782 01
3783 11
3784 21
3785 21
3786 51
3787 01
3788 61
3789 11
3790 61
3791 21
3792 51
3793 01
3794 21
3795 51
3796 81
3797 41
3798 31
3799 41
3800 81
3801 51
3802 41
3803 41
3804 31
3805 41
3806 61
3807 51
3808 61
3809 61
3810 31
3811 01
3812 01
3813 51
3814 41
3815 41
3816 71
3817 41
3818 01
3819 91
3820 41
3821 21
3822 11
3823 01
3824 41
3825 91
3826 41
3827 21
3828 51
3829 41
3830 61
3831 11
3832 01
3833 01
3834 11
3835 41
3836 01
3837 91
3838 21
3839 01
3840 71
3841 61
3842 81
3843 71
3844 01
3845 21
3846 31
3847 01
3848 21
3849 51
3850 41
3851 61
3852 11
3853 21
3854 21
3855 31
3856 61
3857 41
3858 91
3859 21
3860 01
3861 91
3862 01
3863 01
3864 91
3865 41
3866 41
3867 91
3868 01
3869 41
3870 11
3871 81
3872 61
3873 51
3874 61
3875 61
3876 71
3877 21
3878 21
3879 71
3880 01
3881 01
3882 71
3883 41
3884 41
3885 51
3886 41
3887 41
3888 71
3889 01
3890 41
3891 31
3892 81
3893 21
3894 71
3895 01
3896 41
3897 51
3898 41
3899 41
3900 91
3901 41
3902 81
3903 71
3904 41
3905 61
3906 71
3907 01
3908 61
3909 11
3910 01
3911 81
3912 51
3913 01
3914 61
3915 31
3916 61
3917 41
3918 71
3919 41
3920 01
3921 91
3922 81
3923 61
3924 51
3925 41
3926 21
3927 91
3928 41
3929 21
3930 91
3931 21
3932 01
3933 51
3934 81
3935 41
3936 31
3937 41
3938 41
3939 11
3940 01
3941 01
3942 51
3943 41
3944 61
3945 51
3946 21
3947 81
3948 91
3949 61
3950 21
3951 11
3952 21
3953 41
3954 31
3955 21
3956 21
3957 91
3958 61
3959 41
3960 31
3961 21
3962 21
3963 31
3964 81
3965 61
3966 51
3967 81
3968 81
3969 31
3970 81
3971 01
3972 11
3973 81
3974 01
3975 91
3976 81
3977 01
3978 51
3979 21
3980 01
3981 11
3982 41
3983 81
3984 91
3985 61
3986 41
3987 91
3988 41
3989 61
3990 71
3991 81
3992 01
3993 91
3994 81
3995 41
3996 11
3997 81
3998 61
3999 11
4000 81
4001 81
4002 91
4003 01
4004 41
4005 71
4006 01
4007 61
4008 51
4009 21
4010 61
4011 31
4012 21
4013 81
4014 51
4015 61
4016 81
4017 31
4018 01
4019 41
4020 11
4021 41
4022 81
4023 51
4024 61
4025 21
4026 71
4027 81
4028 21
4029 31
4030 81
4031 61
4032 51
4033 01
4034 01
4035 51
4036 01
4037 41
4038 11
4039 81
4040 01
4041 11
4042 21
4043 21
4044 71
4045 61
4046 21
4047 71
4048 41
4049 01
4050 51
4051 01
4052 41
4053 31
4054 81
4055 01
4056 11
4057 41
4058 81
4059 71
4060 61
4061 41
4062 91
4063 21
4064 01
4065 71
4066 81
4067 81
4068 71
4069 01
4070 41
4071 91
4072 01
4073 21
4074 71
4075 61
4076 41
4077 11
4078 41
4079 01
4080 71
4081 01
4082 61
4083 31
4084 01
4085 61
4086 31
4087 01
4088 01
4089 91
4090 61
4091 61
4092 91
4093 01
4094 61
4095 91
4096 41
4097 61
4098 71
4099 01
4100 61
4101 51
4102 41
4103 21
4104 91
4105 81
4106 61
4107 31
4108 61
4109 81
4110 51
4111 81
4112 41
4113 71
4114 21
4115 81
4116 51
4117 81
4118 41
4119 71
4120 41
4121 01
4122 71
4123 01
4124 81
4125 71
4126 41
4127 01
4128 91
4129 41
4130 01
4131 91
4132 81
4133 21
4134 51
4135 41
4136 21
4137 51
4138 21
4139 21
4140 91
4141 81
4142 61
4143 91
4144 81
4145 01
4146 71
4147 61
4148 61
4149 71
4150 21
4151 41
4152 31
4153 61
4154 61
4155 51
4156 21
4157 41
4158 51
4159 61
4160 21
4161 71
4162 61
4163 21
4164 31
4165 81
4166 41
4167 91
4168 01
4169 01
4170 31
4171 81
4172 61
4173 11
4174 61
4175 21
4176 71
4177 81
4178 01
4179 31
4180 81
4181 61
4182 31
4183 41
4184 01
4185 51
4186 81
4187 21
4188 31
4189 81
4190 81
4191 31
4192 81
4193 81
4194 51
4195 21
4196 41
4197 11
4198 01
4199 01
4200 51
4201 01
4202 21
4203 11
4204 81
4205 01
4206 91
4207 61
4208 21
4209 71
4210 41
4211 01
4212 91
4213 41
4214 81
4215 71
4216 61
4217 01
4218 11
4219 41
4220 21
4221 51
4222 01
4223 81
4224 71
4225 61
4226 21
4227 71
4228 21
4229 01
4230 51
4231 01
4232 21
4233 71
4234 81
4235 01
4236 91
4237 21
4238 01
4239 71
4240 41
4241 61
4242 51
4243 81
4244 81
4245 31
4246 01
4247 21
4248 31
4249 01
4250 41
4251 91
4252 81
4253 01
4254 71
4255 61
4256 21
4257 31
4258 81
4259 01
4260 51
4261 61
4262 61
4263 51
4264 81
4265 61
4266 11
4267 21
4268 41
4269 31
4270 41
4271 21
4272 91
4273 61
4274 61
4275 91
4276 21
4277 21
4278 51
4279 01
4280 41
4281 51
4282 01
4283 61
4284 71
4285 21
4286 21
4287 51
4288 61
4289 61
4290 31
4291 81
4292 01
4293 51
4294 41
4295 21
4296 11
4297 41
4298 01
4299 71
4300 21
4301 41
4302 11
4303 81
4304 61
4305 51
4306 01
4307 01
4308 11
4309 61
4310 01
4311 71
4312 01
4313 01
4314 11
4315 21
4316 81
4317 91
4318 21
4319 81
4320 91
4321 01
4322 81
4323 51
4324 61
4325 21
4326 51
4327 81
4328 21
4329 31
4330 61
4331 01
4332 51
4333 01
4334 81
4335 31
4336 21
4337 41
4338 91
4339 01
4340 61
4341 71
4342 01
4343 81
4344 91
4345 01
4346 81
4347 71
4348 41
4349 01
4350 31
4351 81
4352 41
4353 31
4354 61
4355 21
4356 51
4357 41
4358 61
4359 31
4360 61
4361 61
4362 71
4363 21
4364 81
4365 91
4366 21
4367 21
4368 51
4369 61
4370 41
4371 51
4372 01
4373 21
4374 51
4375 21
4376 21
4377 11
4378 21
4379 01
4380 31
4381 41
4382 41
4383 71
4384 61
4385 81
4386 31
4387 81
4388 81
4389 91
4390 21
4391 41
4392 11
4393 41
4394 21
4395 51
4396 01
4397 61
4398 51
4399 41
4400 01
4401 31
4402 21
4403 01
4404 51
4405 81
4406 81
4407 51
4408 61
4409 61
4410 71
4411 61
4412 01
4413 51
4414 81
4415 21
4416 51
4417 41
4418 41
4419 91
4420 61
4421 61
4422 51
4423 21
4424 61
4425 91
4426 01
4427 61
4428 31
4429 01
4430 21
4431 31
4432 01
4433 01
4434 51
4435 41
4436 61
4437 91
4438 61
4439 21
4440 31
4441 41
4442 21
4443 11
4444 21
4445 81
4446 11
4447 61
4448 61
4449 71
4450 01
4451 61
4452 31
4453 61
4454 41
4455 11
4456 81
4457 41
4458 31
4459 61
4460 61
4461 51
4462 41
4463 61
4464 71
4465 81
4466 61
4467 71
4468 61
4469 21
4470 51
4471 21
4472 61
4473 11
4474 41
4475 21
4476 91
4477 81
4478 81
4479 71
4480 01
4481 21
4482 11
4483 21
4484 41
4485 71
4486 41
4487 41
4488 11
4489 21
4490 01
4491 31
4492 21
4493 61
4494 91
4495 81
4496 81
4497 11
4498 81
4499 81
4500 71
4501 21
4502 01
4503 31
4504 41
4505 81
4506 31
4507 21
4508 41
4509 31
4510 21
4511 81
4512 91
4513 61
4514 41
4515 91
4516 01
4517 21
4518 31
4519 41
4520 21
4521 91
4522 81
4523 41
4524 71
4525 01
4526 21
4527 71
4528 01
4529 41
4530 71
4531 01
4532 01
4533 51
4534 21
4535 61
4536 71
4537 41
4538 81
4539 51
4540 01
4541 21
4542 91
4543 01
4544 81
4545 71
4546 21
4547 61
4548 91
4549 41
4550 81
4551 91
4552 61
4553 21
4554 31
4555 81
4556 01
4557 91
4558 01
4559 01
4560 91
4561 61
4562 61
4563 11
4564 21
4565 81
4566 11
4567 81
4568 61
4569 71
4570 01
4571 81
4572 91
4573 61
4574 41
4575 31
4576 01
4577 21
4578 31
4579 81
4580 41
4581 91
4582 81
4583 81
4584 11
4585 61
4586 21
4587 11
4588 61
4589 21
4590 51
4591 41
4592 81
4593 11
4594 41
4595 41
4596 71
4597 41
4598 81
4599 91
4600 41
4601 21
4602 91
4603 41
4604 41
4605 91
4606 21
4607 01
4608 71
4609 41
4610 41
4611 31
4612 61
4613 61
4614 91
4615 01
4616 21
4617 31
4618 81
4619 01
4620 71
4621 61
4622 61
4623 51
4624 01
4625 21
4626 11
4627 21
4628 61
4629 51
4630 21
4631 21
4632 11
4633 41
4634 01
4635 31
4636 41
4637 61
4638 31
4639 61
4640 81
4641 51
4642 01
4643 61
4644 91
4645 41
4646 21
4647 51
4648 81
4649 41
4650 91
4651 81
4652 21
4653 91
4654 41
4655 01
4656 31
4657 41
4658 21
4659 51
4660 81
4661 01
4662 31
4663 21
4664 61
4665 91
4666 01
4667 01
4668 31
4669 01
4670 21
4671 71
4672 21
4673 01
4674 51
4675 81
4676 01
4677 51
4678 61
4679 61
4680 91
4681 21
4682 01
4683 51
4684 01
4685 41
4686 31
4687 41
4688 61
4689 71
4690 01
4691 01
4692 71
4693 61
4694 41
4695 51
4696 41
4697 61
4698 31
4699 01
4700 41
4701 51
4702 01
4703 01
4704 71
4705 21
4706 21
4707 91
4708 81
4709 61
4710 31
4711 21
4712 41
4713 11
4714 41
4715 61
4716 71
4717 21
4718 81
4719 11
4720 01
4721 01
4722 31
4723 61
4724 61
4725 51
4726 01
4727 41
4728 51
4729 61
4730 01
4731 11
4732 61
4733 21
4734 11
4735 61
4736 61
4737 91
4738 81
4739 21
4740 91
4741 41
4742 41
4743 71
4744 81
4745 61
4746 31
4747 81
4748 01
4749 31
4750 61
4751 41
4752 31
4753 41
4754 81
4755 71
4756 21
4757 21
4758 11
4759 41
4760 81
4761 51
4762 61
4763 81
4764 31
4765 41
4766 81
4767 51
4768 81
4769 61
4770 51
4771 61
4772 21
4773 11
4774 61
4775 61
4776 71
4777 61
4778 01
4779 71
4780 01
4781 41
4782 71
4783 81
4784 41
4785 91
4786 61
4787 81
4788 91
4789 41
4790 81
4791 31
4792 21
4793 21
4794 31
4795 21
4796 81
4797 71
4798 01
4799 41
4800 91
4801 81
4802 01
4803 51
4804 41
4805 01
4806 11
4807 41
4808 01
4809 51
4810 61
4811 41
4812 11
4813 61
4814 41
4815 71
4816 01
4817 81
4818 31
4819 21
4820 61
4821 51
4822 61
4823 21
4824 51
4825 81
4826 81
4827 91
4828 21
4829 61
4830 71
4831 01
4832 81
4833 31
4834 81
4835 61
4836 51
4837 61
4838 81
4839 31
4840 81
4841 81
4842 51
4843 81
4844 01
4845 71
4846 61
4847 21
4848 51
4849 01
4850 21
4851 71
4852 01
4853 61
4854 51
4855 81
4856 81
4857 51
4858 41
4859 61
4860 71
4861 61
4862 81
4863 91
4864 81
4865 21
4866 31
4867 21
4868 61
4869 91
4870 41
4871 81
4872 11
4873 81
4874 41
4875 51
4876 21
4877 01
4878 91
4879 01
4880 21
4881 31
4882 81
4883 81
4884 51
4885 41
4886 41
4887 11
4888 01
4889 21
4890 11
4891 01
4892 21
4893 31
4894 01
4895 81
4896 91
4897 81
4898 01
4899 11
4900 81
4901 21
4902 31
4903 21
4904 41
4905 11
4906 61
4907 01
4908 11
4909 61
4910 41
4911 51
4912 01
4913 01
4914 51
4915 21
4916 21
4917 91
4918 61
4919 01
4920 31
4921 21
4922 21
4923 91
4924 61
4925 61
4926 51
4927 41
4928 41
4929 71
4930 81
4931 61
4932 51
4933 01
4934 21
4935 51
4936 01
4937 41
4938 31
4939 41
4940 01
4941 11
4942 41
4943 41
4944 51
4945 61
4946 41
4947 51
4948 81
4949 41
4950 71
4951 41
4952 21
4953 91
4954 21
4955 01
4956 11
4957 41
4958 01
4959 91
4960 61
4961 41
4962 11
4963 01
4964 61
4965 71
4966 01
4967 21
4968 71
4969 81
4970 61
4971 91
4972 21
4973 01
4974 31
4975 21
4976 61
4977 51
4978 41
4979 41
4980 71
4981 01
4982 81
4983 71
4984 21
4985 61
4986 51
4987 01
4988 41
4989 51
4990 81
4991 21
4992 31
4993 81
4994 61
4995 11
4996 61
4997 61
4998 11
4999 21
5000 41
5001 11
5002 81
5003 61
5004 31
5005 81
5006 81
5007 91
5008 21
5009 01
5010 71
5011 01
5012 81
5013 71
5014 01
5015 61
5016 51
5017 01
5018 21
5019 91
5020 81
5021 21
5022 11
5023 61
5024 81
5025 11
5026 41
5027 81
5028 71
5029 81
5030 21
5031 71
5032 01
5033 01
5034 91
5035 81
5036 81
5037 91
5038 01
5039 81
5040 71
5041 01
5042 61
5043 91
5044 41
5045 61
5046 31
5047 61
5048 21
5049 11
5050 61
5051 21
5052 91
5053 81
5054 21
5055 51
5056 21
5057 41
5058 71
5059 41
5060 21
5061 71
5062 81
5063 61
5064 71
5065 81
5066 61
5067 91
5068 61
5069 21
5070 51
5071 41
5072 21
5073 11
5074 41
5075 41
5076 11
5077 61
5078 81
5079 91
5080 81
5081 61
5082 51
5083 41
5084 81
5085 51
5086 01
5087 81
5088 11
5089 21
5090 01
5091 51
5092 41
5093 61
5094 91
5095 01
5096 61
5097 71
5098 81
5099 01
5100 11
5101 21
5102 81
5103 51
5104 41
5105 01
5106 11
5107 81
5108 01
5109 51
5110 61
5111 81
5112 31
5113 61
5114 41
5115 11
5116 41
5117 41
5118 31
5119 61
5120 21
5121 31
5122 41
5123 61
5124 31
5125 41
5126 01
5127 71
5128 21
5129 61
5130 71
5131 41
5132 21
5133 31
5134 81
5135 01
5136 11
5137 81
5138 81
5139 71
5140 61
5141 81
5142 11
5143 21
5144 01
5145 11
5146 21
5147 41
5148 71
5149 41
5150 01
5151 71
5152 81
5153 61
5154 51
5155 21
5156 61
5157 91
5158 41
5159 01
5160 71
5161 41
5162 01
5163 31
5164 01
5165 01
5166 91
5167 21
5168 01
5169 31
5170 41
5171 61
5172 51
5173 41
5174 61
5175 31
5176 01
5177 81
5178 91
5179 41
5180 41
5181 51
5182 21
5183 21
5184 91
5185 21
5186 41
5187 71
5188 61
5189 21
5190 51
5191 61
5192 61
5193 11
5194 41
5195 61
5196 11
5197 81
5198 81
5199 11
5200 41
5201 81
5202 11
5203 61
5204 01
5205 51
5206 21
5207 81
5208 91
5209 81
5210 21
5211 11
5212 21
5213 61
5214 91
5215 21
5216 21
5217 11
5218 81
5219 21
5220 31
5221 41
5222 01
5223 71
5224 21
5225 81
5226 91
5227 61
5228 41
5229 71
5230 81
5231 01
5232 11
5233 01
5234 21
5235 91
5236 81
5237 21
5238 31
5239 81
5240 01
5241 31
5242 81
5243 81
5244 71
5245 81
5246 41
5247 11
5248 21
5249 21
5250 31
5251 01
5252 41
5253 91
5254 21
5255 41
5256 11
5257 01
5258 01
5259 31
5260 81
5261 01
5262 91
5263 41
5264 01
5265 91
5266 61
5267 01
5268 31
5269 21
5270 81
5271 51
5272 21
5273 21
5274 71
5275 41
5276 41
5277 71
5278 41
5279 81
5280 11
5281 61
5282 41
5283 11
5284 81
5285 41
5286 91
5287 21
5288 21
5289 11
5290 61
5291 61
5292 71
5293 81
5294 21
5295 91
5296 21
5297 81
5298 71
5299 81
5300 41
5301 11
5302 01
5303 01
5304 11
5305 81
5306 01
5307 91
5308 21
5309 41
5310 91
5311 61
5312 81
5313 11
5314 41
5315 81
5316 31
5317 41
5318 81
5319 31
5320 21
5321 01
5322 91
5323 81
5324 41
5325 11
5326 61
5327 41
5328 91
5329 61
5330 41
5331 91
5332 01
5333 41
5334 51
5335 61
5336 41
5337 31
5338 81
5339 41
5340 71
5341 21
5342 61
5343 91
5344 21
5345 81
5346 91
5347 61
5348 01
5349 71
5350 81
5351 01
5352 71
5353 81
5354 21
5355 91
5356 41
5357 81
5358 71
5359 81
5360 61
5361 71
5362 01
5363 01
5364 31
5365 01
5366 81
5367 91
5368 41
5369 21
5370 31
5371 01
5372 01
5373 51
5374 21
5375 41
5376 71
5377 41
5378 81
5379 31
5380 41
5381 21
5382 91
5383 81
5384 61
5385 91
5386 21
5387 41
5388 11
5389 01
5390 41
5391 71
5392 21
5393 41
5394 71
5395 41
5396 01
5397 91
5398 01
5399 81
5400 71
5401 61
5402 61
5403 91
5404 41
5405 21
5406 11
5407 61
5408 21
5409 71
5410 21
5411 61
5412 91
5413 41
5414 61
5415 71
5416 41
5417 01
5418 91
5419 81
5420 01
5421 91
5422 81
5423 61
5424 71
5425 41
5426 21
5427 91
5428 61
5429 81
5430 91
5431 21
5432 21
5433 71
5434 61
5435 41
5436 51
5437 21
5438 81
5439 51
5440 21
5441 41
5442 31
5443 01
5444 01
5445 51
5446 21
5447 81
5448 11
5449 81
5450 21
5451 11
5452 41
5453 21
5454 91
5455 21
5456 41
5457 31
5458 61
5459 21
5460 51
5461 21
5462 41
5463 11
5464 41
5465 21
5466 71
5467 21
5468 81
5469 71
5470 81
5471 01
5472 31
5473 21
5474 21
5475 91
5476 01
5477 01
5478 91
5479 81
5480 21
5481 71
5482 81
5483 61
5484 91
5485 81
5486 61
5487 91
5488 81
5489 81
5490 51
5491 41
5492 41
5493 31
5494 21
5495 41
5496 31
5497 41
5498 21
5499 31
5500 01
5501 01
5502 31
5503 01
5504 21
5505 51
5506 01
5507 81
5508 31
5509 41
5510 01
5511 51
5512 61
5513 41
5514 51
5515 01
5516 81
5517 11
5518 81
5519 81
5520 31
5521 21
5522 01
5523 31
5524 01
5525 61
5526 31
5527 21
5528 01
5529 91
5530 61
5531 81
5532 51
5533 01
5534 61
5535 11
5536 61
5537 41
5538 71
5539 21
5540 41
5541 91
5542 81
5543 41
5544 31
5545 61
5546 21
5547 71
5548 61
5549 81
5550 51
5551 01
5552 61
5553 71
5554 21
5555 01
5556 31
5557 41
5558 41
5559 91
5560 81
5561 01
5562 51
5563 21
5564 81
5565 91
5566 21
5567 61
5568 51
5569 61
5570 41
5571 91
5572 21
5573 21
5574 51
5575 61
5576 61
5577 71
5578 21
5579 41
5580 91
5581 21
5582 21
5583 11
5584 41
5585 41
5586 51
5587 61
5588 81
5589 91
5590 21
5591 81
5592 51
5593 41
5594 21
5595 91
5596 61
5597 81
5598 51
5599 81
5600 81
5601 31
5602 81
5603 41
5604 51
5605 21
5606 41
5607 71
5608 81
5609 01
5610 51
5611 61
5612 81
5613 51
5614 81
5615 61
5616 31
5617 81
5618 41
5619 31
5620 61
5621 41
5622 71
5623 61
5624 81
5625 71
5626 61
5627 61
5628 71
5629 41
5630 21
5631 11
5632 41
5633 61
5634 71
5635 21
5636 41
5637 71
5638 61
5639 61
5640 51
5641 61
5642 61
5643 51
5644 61
5645 61
5646 11
5647 21
5648 21
5649 71
5650 41
5651 21
5652 71
5653 41
5654 81
5655 91
5656 01
5657 41
5658 11
5659 61
5660 21
5661 11
5662 21
5663 01
5664 31
5665 21
5666 21
5667 51
5668 41
5669 41
5670 31
5671 81
5672 81
5673 71
5674 81
5675 21
5676 91
5677 01
5678 01
5679 91
5680 01
5681 41
5682 91
5683 01
5684 01
5685 91
5686 81
5687 61
5688 11
5689 21
5690 01
5691 71
5692 81
5693 61
5694 91
5695 21
5696 61
5697 91
5698 81
5699 21
5700 71
5701 41
5702 41
5703 71
5704 61
5705 01
5706 31
5707 81
5708 81
5709 11
5710 81
5711 41
5712 11
5713 61
5714 41
5715 31
5716 01
5717 81
5718 31
5719 81
5720 41
5721 51
5722 61
5723 81
5724 11
5725 21
5726 81
5727 51
5728 61
5729 81
5730 91
5731 61
5732 01
5733 71
5734 61
5735 81
5736 51
5737 61
5738 81
5739 91
5740 41
5741 81
5742 51
5743 41
5744 41
5745 51
5746 61
5747 81
5748 71
5749 01
5750 61
5751 31
5752 01
5753 21
5754 91
5755 61
5756 61
5757 11
5758 61
5759 61
5760 91
5761 61
5762 81
5763 51
5764 01
5765 81
5766 31
5767 81
5768 61
5769 11
5770 21
5771 41
5772 91
5773 01
5774 81
5775 51
5776 81
5777 61
5778 91
5779 21
5780 81
5781 71
5782 61
5783 01
5784 71
5785 61
5786 41
5787 71
5788 81
5789 01
5790 71
5791 61
5792 81
5793 51
5794 01
5795 21
5796 31
5797 81
5798 61
5799 51
5800 41
5801 41
5802 91
5803 41
5804 21
5805 11
5806 81
5807 01
5808 51
5809 01
5810 61
5811 11
5812 41
5813 61
5814 91
5815 41
5816 41
5817 71
5818 81
5819 41
5820 11
5821 61
5822 81
5823 91
5824 61
5825 41
5826 31
5827 21
5828 41
5829 51
5830 01
5831 81
5832 91
5833 81
5834 81
5835 31
5836 01
5837 41
5838 31
5839 01
5840 41
5841 11
5842 41
5843 01
5844 71
5845 81
5846 41
5847 11
5848 81
5849 21
5850 31
5851 01
5852 01
5853 71
5854 21
5855 41
5856 71
5857 61
5858 41
5859 31
5860 41
5861 41
5862 11
5863 61
5864 61
5865 11
5866 01
5867 81
5868 51
5869 21
5870 81
5871 51
5872 81
5873 81
5874 71
5875 41
5876 01
5877 11
5878 21
5879 81
5880 71
5881 81
5882 41
5883 51
5884 41
5885 41
5886 51
5887 61
5888 01
5889 91
5890 21
5891 81
5892 71
5893 01
5894 21
5895 91
5896 81
5897 01
5898 31
5899 81
5900 01
5901 11
5902 21
5903 81
5904 71
5905 61
5906 21
5907 31
5908 21
5909 01
5910 51
5911 61
5912 01
5913 71
5914 81
5915 61
5916 51
5917 61
5918 01
5919 31
5920 81
5921 81
5922 71
5923 41
5924 01
5925 71
5926 81
5927 41
5928 31
5929 01
5930 41
5931 51
5932 41
5933 01
5934 71
5935 21
5936 61
5937 11
5938 81
5939 61
5940 71
5941 61
5942 01
5943 11
5944 81
5945 21
5946 51
5947 01
5948 21
5949 91
5950 61
5951 21
5952 11
5953 61
5954 61
5955 51
5956 41
5957 81
5958 51
5959 61
5960 41
5961 71
5962 81
5963 21
5964 51
5965 41
5966 61
5967 51
5968 21
5969 21
5970 31
5971 01
5972 61
5973 91
5974 21
5975 41
5976 31
5977 61
5978 01
5979 31
5980 01
5981 21
5982 71
5983 41
5984 21
5985 71
5986 01
5987 41
5988 51
5989 61
5990 61
5991 11
5992 61
5993 21
5994 71
5995 41
5996 61
5997 91
5998 41
5999 81
6000 31
6001 41
6002 01
6003 11
6004 01
6005 81
6006 91
6007 01
6008 41
6009 11
6010 81
6011 41
6012 31
6013 41
6014 41
6015 31
6016 21
6017 21
6018 71
6019 81
6020 61
6021 51
6022 21
6023 01
6024 31
6025 81
6026 41
6027 51
6028 41
6029 01
6030 31
6031 41
6032 81
6033 31
6034 61
6035 81
6036 71
6037 61
6038 61
6039 91
6040 61
6041 41
6042 31
6043 81
6044 61
6045 71
6046 21
6047 61
6048 11
6049 81
6050 81
6051 91
6052 81
6053 21
6054 51
6055 81
6056 21
6057 51
6058 21
6059 61
6060 11
6061 81
6062 61
6063 31
6064 21
6065 61
6066 71
6067 01
6068 21
6069 51
6070 01
6071 81
6072 11
6073 21
6074 81
6075 31
6076 21
6077 41
6078 51
6079 01
6080 61
6081 71
6082 61
6083 61
6084 91
6085 01
6086 41
6087 31
6088 81
6089 01
6090 91
6091 21
6092 61
6093 51
6094 21
6095 41
6096 91
6097 21
6098 81
6099 31
6100 61
6101 61
6102 31
6103 81
6104 81
6105 91
6106 81
6107 61
6108 31
6109 61
6110 01
6111 71
6112 01
6113 61
6114 11
6115 21
6116 81
6117 51
6118 01
6119 81
6120 91
6121 61
6122 41
6123 91
6124 61
6125 81
6126 91
6127 01
6128 41
6129 91
6130 81
6131 41
6132 31
6133 21
6134 81
6135 31
6136 21
6137 01
6138 51
6139 01
6140 61
6141 31
6142 41
6143 61
6144 91
6145 61
6146 01
6147 71
6148 81
6149 61
6150 31
6151 41
6152 81
6153 11
6154 41
6155 81
6156 71
6157 41
6158 81
6159 31
6160 61
6161 21
6162 91
6163 81
6164 81
6165 51
6166 21
6167 41
6168 31
6169 21
6170 21
6171 71
6172 41
6173 21
6174 11
6175 81
6176 21
6177 31
6178 81
6179 41
6180 11
6181 61
6182 61
6183 91
6184 61
6185 41
6186 11
6187 61
6188 41
6189 51
6190 81
6191 61
6192 11
6193 81
6194 61
6195 51
6196 61
6197 01
6198 11
6199 61
6200 61
6201 51
6202 01
6203 01
6204 71
6205 81
6206 21
6207 91
6208 81
6209 21
6210 11
6211 21
6212 41
6213 71
6214 01
6215 01
6216 71
6217 81
6218 21
6219 31
6220 21
6221 61
6222 51
6223 01
6224 41
6225 71
6226 01
6227 41
6228 51
6229 21
6230 61
6231 11
6232 61
6233 81
6234 51
6235 41
6236 61
6237 51
6238 01
6239 21
6240 31
6241 01
6242 41
6243 31
6244 21
6245 41
6246 11
6247 41
6248 21
6249 31
6250 81
6251 41
6252 31
6253 01
6254 01
6255 31
6256 21
6257 81
6258 11
6259 61
6260 61
6261 11
6262 41
6263 01
6264 71
6265 41
6266 41
6267 11
6268 81
6269 81
6270 11
6271 01
6272 01
6273 31
6274 81
6275 81
6276 71
6277 21
6278 81
6279 51
6280 61
6281 01
6282 31
6283 01
6284 41
6285 31
6286 01
6287 81
6288 51
6289 81
6290 41
6291 51
6292 81
6293 41
6294 11
6295 21
6296 01
6297 71
6298 41
6299 81
6300 11
6301 41
6302 41
6303 11
6304 81
6305 21
6306 31
6307 21
6308 21
6309 91
6310 41
6311 81
6312 71
6313 61
6314 41
6315 51
6316 81
6317 61
6318 31
6319 01
6320 81
6321 71
6322 01
6323 01
6324 11
6325 61
6326 81
6327 91
6328 21
6329 21
6330 11
6331 01
6332 81
6333 91
6334 01
6335 81
6336 51
6337 21
6338 81
6339 11
6340 41
6341 41
6342 31
6343 61
6344 01
6345 11
6346 21
6347 41
6348 91
6349 41
6350 01
6351 71
6352 01
6353 21
6354 51
6355 21
6356 81
6357 11
6358 21
6359 01
6360 91
6361 21
6362 41
6363 71
6364 21
6365 41
6366 71
6367 81
6368 41
6369 31
6370 41
6371 61
6372 71
6373 61
6374 61
6375 31
6376 21
6377 61
6378 51
6379 41
6380 61
6381 91
6382 21
6383 01
6384 11
6385 21
6386 61
6387 51
6388 21
6389 81
6390 71
6391 01
6392 61
6393 51
6394 41
6395 61
6396 31
6397 21
6398 01
6399 11
6400 61
6401 81
6402 51
6403 21
6404 21
6405 11
6406 61
6407 61
6408 91
6409 01
6410 41
6411 11
6412 61
6413 81
6414 71
6415 81
6416 61
6417 51
6418 21
6419 21
6420 51
6421 01
6422 61
6423 91
6424 41
6425 01
6426 31
6427 61
6428 21
6429 51
6430 81
6431 21
6432 91
6433 21
6434 61
6435 11
6436 21
6437 81
6438 31
6439 21
6440 01
6441 11
6442 61
6443 21
6444 91
6445 61
6446 61
6447 91
6448 61
6449 61
6450 91
6451 41
6452 21
6453 51
6454 01
6455 61
6456 11
6457 01
6458 61
6459 91
6460 41
6461 01
6462 51
6463 81
6464 41
6465 71
6466 21
6467 21
6468 91
6469 21
6470 81
6471 51
6472 41
6473 01
6474 71
6475 41
6476 61
6477 11
6478 81
6479 81
6480 31
6481 61
6482 01
6483 31
6484 01
6485 01
6486 51
6487 21
6488 01
6489 31
6490 01
6491 41
6492 51
6493 41
6494 21
6495 91
6496 41
6497 81
6498 51
6499 81
6500 61
6501 71
6502 81
6503 41
6504 31
6505 01
6506 61
6507 71
6508 61
6509 21
6510 11
6511 21
6512 61
6513 11
6514 01
6515 01
6516 91
6517 81
6518 41
6519 31
6520 41
6521 21
6522 71
6523 61
6524 61
6525 91
6526 01
6527 61
6528 51
6529 01
6530 21
6531 31
6532 21
6533 61
6534 51
6535 41
6536 81
6537 11
6538 41
6539 21
6540 51
6541 21
6542 61
6543 51
6544 41
6545 21
6546 91
6547 21
6548 01
6549 71
6550 01
6551 61
6552 51
6553 81
6554 41
6555 11
6556 01
6557 21
6558 91
6559 61
6560 81
6561 91
6562 41
6563 41
6564 91
6565 81
6566 81
6567 51
6568 21
6569 81
6570 71
6571 61
6572 61
6573 51
6574 41
6575 21
6576 11
6577 21
6578 01
6579 71
6580 21
6581 21
6582 51
6583 81
6584 61
6585 31
6586 81
6587 21
6588 11
6589 41
6590 21
6591 31
6592 61
6593 81
6594 71
6595 41
6596 21
6597 51
6598 21
6599 81
6600 91
6601 81
6602 61
6603 51
6604 61
6605 01
6606 71
6607 21
6608 21
6609 11
6610 21
6611 01
6612 71
6613 81
6614 81
6615 11
6616 41
6617 81
6618 31
6619 81
6620 21
6621 71
6622 61
6623 81
6624 91
6625 81
6626 41
6627 51
6628 41
6629 81
6630 31
6631 41
6632 81
6633 11
6634 01
6635 81
6636 71
6637 41
6638 41
6639 11
6640 61
6641 21
6642 51
6643 41
6644 21
6645 51
6646 81
6647 81
6648 51
6649 41
6650 81
6651 91
6652 81
6653 01
6654 31
6655 81
6656 21
6657 31
6658 41
6659 01
6660 11
6661 61
6662 21
6663 31
6664 41
6665 41
6666 71
6667 81
6668 41
6669 91
6670 41
6671 61
6672 71
6673 21
6674 41
6675 31
6676 21
6677 21
6678 11
6679 81
6680 61
6681 51
6682 61
6683 21
6684 31
6685 81
6686 81
6687 91
6688 01
6689 01
6690 71
6691 01
6692 61
6693 11
6694 01
6695 61
6696 31
6697 81
6698 41
6699 91
6700 61
6701 41
6702 71
6703 21
6704 61
6705 71
6706 61
6707 21
6708 31
6709 81
6710 21
6711 71
6712 81
6713 81
6714 91
6715 81
6716 61
6717 11
6718 41
6719 81
6720 51
6721 61
6722 61
6723 11
6724 21
6725 61
6726 11
6727 81
6728 61
6729 51
6730 41
6731 81
6732 91
6733 41
6734 21
6735 51
6736 01
6737 01
6738 51
6739 41
6740 01
6741 71
6742 41
6743 01
6744 51
6745 21
6746 21
6747 11
6748 61
6749 01
6750 31
6751 41
6752 81
6753 91
6754 61
6755 81
6756 71
6757 21
6758 41
6759 91
6760 61
6761 01
6762 91
6763 21
6764 61
6765 31
6766 61
6767 81
6768 31
6769 41
6770 01
6771 31
6772 61
6773 41
6774 51
6775 81
6776 21
6777 11
6778 81
6779 61
6780 11
6781 41
6782 01
6783 11
6784 21
6785 21
6786 91
6787 01
6788 61
6789 11
6790 01
6791 41
6792 51
6793 01
6794 61
6795 91
6796 41
6797 41
6798 71
6799 01
6800 61
6801 31
6802 81
6803 21
6804 91
6805 61
6806 41
6807 51
6808 61
6809 61
6810 71
6811 41
6812 01
6813 51
6814 81
6815 01
6816 91
6817 41
6818 41
6819 71
6820 41
6821 81
6822 51
6823 01
6824 81
6825 51
6826 61
6827 41
6828 91
6829 21
6830 61
6831 91
6832 01
6833 01
6834 51
6835 21
6836 41
6837 91
6838 61
6839 01
6840 51
6841 81
6842 21
6843 91
6844 81
6845 81
6846 31
6847 41
6848 61
6849 51
6850 21
6851 01
6852 71
6853 41
6854 01
6855 11
6856 41
6857 41
6858 31
6859 41
6860 21
6861 31
6862 41
6863 41
6864 71
6865 41
6866 01
6867 51
6868 01
6869 81
6870 71
6871 21
6872 41
6873 91
6874 41
6875 81
6876 71
6877 01
6878 21
6879 31
6880 61
6881 81
6882 11
6883 01
6884 81
6885 11
6886 21
6887 21
6888 91
6889 81
6890 01
6891 51
6892 41
6893 61
6894 71
6895 01
6896 61
6897 71
6898 61
6899 41
6900 11
6901 21
6902 61
6903 31
6904 61
6905 01
6906 91
6907 01
6908 61
6909 11
6910 41
6911 41
6912 51
6913 01
6914 01
6915 11
6916 41
6917 41
6918 11
6919 41
6920 21
6921 31
6922 21
6923 81
6924 71
6925 41
6926 81
6927 31
6928 21
6929 81
6930 51
6931 41
6932 01
6933 51
6934 21
6935 41
6936 91
6937 41
6938 81
6939 31
6940 61
6941 81
6942 91
6943 81
6944 81
6945 11
6946 01
6947 41
6948 31
6949 81
6950 81
6951 11
6952 41
6953 81
6954 51
6955 01
6956 41
6957 91
6958 01
6959 81
6960 91
6961 81
6962 61
6963 91
6964 61
6965 01
6966 71
6967 61
6968 41
6969 11
6970 21
6971 41
6972 11
6973 41
6974 81
6975 51
6976 01
6977 61
6978 11
6979 21
6980 01
6981 31
6982 81
6983 61
6984 91
6985 81
6986 41
6987 91
6988 81
6989 81
6990 31
6991 81
6992 41
6993 31
6994 01
6995 21
6996 51
6997 41
6998 01
6999 51
7000 61
7001 61
7002 11
7003 61
7004 41
7005 91
7006 61
7007 81
7008 31
7009 41
7010 81
7011 31
7012 61
7013 41
7014 31
7015 21
7016 21
7017 11
7018 61
7019 41
7020 31
7021 41
7022 81
7023 31
7024 81
7025 81
7026 71
7027 61
7028 81
7029 51
7030 61
7031 41
7032 51
7033 01
7034 41
7035 71
7036 41
7037 41
7038 51
7039 21
7040 01
7041 31
7042 61
7043 81
7044 91
7045 81
7046 21
7047 51
7048 41
7049 81
7050 11
7051 81
7052 81
7053 11
7054 81
7055 61
7056 91
7057 41
7058 21
7059 31
7060 21
7061 81
7062 31
7063 01
7064 41
7065 91
7066 41
7067 81
7068 51
7069 41
7070 61
7071 71
7072 81
7073 01
7074 11
7075 01
7076 61
7077 31
7078 21
7079 61
7080 11
7081 81
7082 01
7083 31
7084 21
7085 61
7086 11
7087 21
7088 21
7089 51
7090 41
7091 21
7092 71
7093 21
7094 21
7095 91
7096 01
7097 21
7098 91
7099 81
7100 21
7101 91
7102 41
7103 61
7104 91
7105 01
7106 81
7107 71
7108 81
7109 01
7110 31
7111 81
7112 81
7113 51
7114 61
7115 21
7116 91
7117 81
7118 21
7119 31
7120 01
7121 21
7122 51
7123 01
7124 21
7125 71
7126 81
7127 41
7128 31
7129 61
7130 41
7131 51
7132 41
7133 61
7134 51
7135 21
7136 61
7137 71
7138 41
7139 01
7140 71
7141 21
7142 41
7143 31
7144 01
7145 81
7146 71
7147 41
7148 01
7149 11
7150 61
7151 21
7152 11
7153 21
7154 21
7155 51
7156 41
7157 41
7158 91
7159 41
7160 41
7161 31
7162 01
7163 21
7164 91
7165 01
7166 61
7167 11
7168 61
7169 01
7170 11
7171 61
7172 81
7173 91
7174 41
7175 41
7176 31
7177 21
7178 21
7179 91
7180 01
7181 81
7182 71
7183 61
7184 01
7185 31
7186 81
7187 61
7188 91
7189 61
7190 21
7191 71
7192 61
7193 41
7194 31
7195 81
7196 41
7197 11
7198 61
7199 01
7200 31
7201 01
7202 81
7203 91
7204 61
7205 41
7206 51
7207 21
7208 41
7209 51
7210 21
7211 41
7212 91
7213 81
7214 01
7215 51
7216 81
7217 41
7218 51
7219 81
7220 81
7221 51
7222 61
7223 41
7224 51
7225 41
7226 81
7227 11
7228 81
7229 21
7230 51
7231 21
7232 01
7233 71
7234 41
7235 21
7236 31
7237 61
7238 61
7239 71
7240 41
7241 21
7242 31
7243 61
7244 81
7245 91
7246 61
7247 41
7248 71
7249 61
7250 81
7251 91
7252 81
7253 81
7254 91
7255 81
7256 21
7257 11
7258 41
7259 81
7260 11
7261 41
7262 61
7263 11
7264 81
7265 21
7266 51
7267 81
7268 21
7269 91
7270 61
7271 01
7272 51
7273 61
7274 61
7275 31
7276 21
7277 01
7278 51
7279 41
7280 61
7281 31
7282 41
7283 01
7284 11
7285 61
7286 01
7287 11
7288 21
7289 21
7290 31
7291 81
7292 41
7293 91
7294 21
7295 21
7296 51
7297 01
7298 01
7299 11
7300 61
7301 21
7302 91
7303 21
7304 21
7305 51
7306 21
7307 81
7308 91
7309 41
7310 21
7311 11
7312 21
7313 21
7314 71
7315 21
7316 21
7317 71
7318 41
7319 61
7320 31
7321 01
7322 41
7323 91
7324 41
7325 41
7326 11
7327 01
7328 21
7329 91
7330 81
7331 01
7332 11
7333 61
7334 81
7335 91
7336 81
7337 81
7338 71
7339 61
7340 01
7341 91
7342 01
7343 81
7344 11
7345 41
7346 41
7347 71
7348 61
7349 01
7350 11
7351 61
7352 61
7353 91
7354 41
7355 41
7356 11
7357 61
7358 21
7359 91
7360 81
7361 61
7362 91
7363 61
7364 81
7365 51
7366 41
7367 21
7368 71
7369 21
7370 41
7371 11
7372 21
7373 41
7374 31
7375 81
7376 21
7377 91
7378 61
7379 01
7380 11
7381 21
7382 21
7383 91
7384 41
7385 01
7386 51
7387 41
7388 21
7389 51
7390 01
7391 61
7392 31
7393 21
7394 81
7395 11
7396 81
7397 01
7398 51
7399 81
7400 61
7401 11
7402 41
7403 41
7404 31
7405 41
7406 41
7407 51
7408 61
7409 61
7410 11
7411 41
7412 01
7413 51
7414 21
7415 21
7416 91
7417 41
7418 81
7419 11
7420 01
7421 81
7422 91
7423 61
7424 61
7425 31
7426 01
7427 21
7428 51
7429 41
7430 41
7431 91
7432 01
7433 01
7434 91
7435 61
7436 41
7437 91
7438 01
7439 61
7440 71
7441 81
7442 61
7443 71
7444 81
7445 41
7446 71
7447 41
7448 01
7449 11
7450 41
7451 21
7452 11
7453 21
7454 01
7455 91
7456 41
7457 41
7458 71
7459 21
7460 61
7461 31
7462 81
7463 41
7464 51
7465 61
7466 41
7467 71
7468 81
7469 41
7470 71
7471 61
7472 81
7473 91
7474 21
7475 21
7476 31
7477 21
7478 01
7479 11
7480 41
7481 81
7482 51
7483 21
7484 01
7485 51
7486 61
7487 61
7488 71
7489 81
7490 61
7491 11
7492 41
7493 01
7494 31
7495 41
7496 41
7497 11
7498 41
7499 61
7500 11
7501 01
7502 61
7503 91
7504 21
7505 81
7506 31
7507 61
7508 01
7509 71
7510 21
7511 21
7512 71
7513 81
7514 61
7515 31
7516 01
7517 81
7518 11
7519 41
7520 41
7521 51
7522 41
7523 81
7524 91
7525 21
7526 61
7527 91
7528 41
7529 21
7530 71
7531 41
7532 01
7533 51
7534 61
7535 01
7536 91
7537 41
7538 21
7539 11
7540 41
7541 81
7542 31
7543 81
7544 01
7545 51
7546 41
7547 61
7548 51
7549 81
7550 41
7551 51
7552 21
7553 41
7554 11
7555 21
7556 41
7557 91
7558 41
7559 81
7560 51
7561 81
7562 01
7563 11
7564 21
7565 81
7566 11
7567 01
7568 61
7569 71
7570 01
7571 01
7572 51
7573 61
7574 41
7575 51
7576 21
7577 01
7578 31
7579 01
7580 21
7581 31
7582 21
7583 01
7584 51
7585 41
7586 81
7587 51
7588 61
7589 21
7590 51
7591 61
7592 01
7593 11
7594 41
7595 61
7596 51
7597 01
7598 81
7599 11
7600 81
7601 21
7602 71
7603 61
7604 41
7605 11
7606 01
7607 61
7608 31
7609 61
7610 81
7611 31
7612 01
7613 61
7614 91
7615 21
7616 61
7617 51
7618 81
7619 21
7620 71
7621 01
7622 21
7623 71
7624 61
7625 61
7626 91
7627 21
7628 81
7629 71
7630 21
7631 61
7632 31
7633 21
7634 61
7635 71
7636 81
7637 01
7638 31
7639 81
7640 41
7641 11
7642 21
7643 81
7644 11
7645 81
7646 21
7647 31
7648 61
7649 41
7650 11
7651 61
7652 41
7653 31
7654 61
7655 41
7656 91
7657 41
7658 61
7659 51
7660 61
7661 81
7662 71
7663 41
7664 41
7665 11
7666 81
7667 41
7668 71
7669 61
7670 61
7671 51
7672 81
7673 81
7674 71
7675 81
7676 01
7677 11
7678 21
7679 21
7680 91
7681 81
7682 41
7683 91
7684 81
7685 01
7686 51
7687 01
7688 61
7689 71
7690 01
7691 21
7692 51
7693 61
7694 41
7695 71
7696 81
7697 01
7698 31
7699 21
7700 41
7701 11
7702 21
7703 21
7704 31
7705 81
7706 21
7707 71
7708 01
7709 01
7710 11
7711 01
7712 01
7713 11
7714 41
7715 81
7716 71
7717 01
7718 81
7719 31
7720 61
7721 81
7722 71
7723 81
7724 81
7725 11
7726 81
7727 81
7728 31
7729 81
7730 61
7731 91
7732 61
7733 81
7734 31
7735 21
7736 01
7737 51
7738 81
7739 41
7740 11
7741 21
7742 21
7743 91
7744 61
7745 01
7746 51
7747 41
7748 41
7749 11
7750 01
7751 61
7752 51
7753 41
7754 61
7755 11
7756 01
7757 81
7758 91
7759 21
7760 81
7761 51
7762 21
7763 01
7764 71
7765 41
7766 41
7767 51
7768 81
7769 81
7770 11
7771 41
7772 21
7773 31
7774 81
7775 21
7776 11
7777 81
7778 81
7779 91
7780 21
7781 81
7782 11
7783 41
7784 21
7785 91
7786 21
7787 61
7788 51
7789 81
7790 41
7791 91
7792 21
7793 41
7794 11
7795 61
7796 61
7797 91
7798 41
7799 21
7800 91
7801 41
7802 01
7803 51
7804 81
7805 61
7806 91
7807 41
7808 41
7809 31
7810 21
7811 81
7812 51
7813 61
7814 41
7815 91
7816 61
7817 01
7818 31
7819 41
7820 81
7821 51
7822 21
7823 41
7824 31
7825 41
7826 41
7827 91
7828 61
7829 61
7830 11
7831 81
7832 21
7833 51
7834 21
7835 61
7836 31
7837 01
7838 81
7839 51
7840 61
7841 61
7842 71
7843 01
7844 41
7845 91
7846 21
7847 01
7848 51
7849 41
7850 41
7851 31
7852 41
7853 01
7854 91
7855 01
7856 01
7857 11
7858 01
7859 01
7860 51
7861 81
7862 21
7863 11
7864 81
7865 81
7866 31
7867 61
7868 21
7869 51
7870 21
7871 21
7872 91
7873 21
7874 01
7875 31
7876 21
7877 81
7878 71
7879 61
7880 61
7881 11
7882 01
7883 81
7884 71
7885 41
7886 01
7887 71
7888 21
7889 81
7890 71
7891 41
7892 21
7893 51
7894 41
7895 01
7896 11
7897 01
7898 01
7899 51
7900 61
7901 01
7902 91
7903 61
7904 41
7905 31
7906 61
7907 21
7908 31
7909 81
7910 01
7911 71
7912 81
7913 81
7914 71
7915 21
7916 61
7917 11
7918 21
7919 61
7920 71
7921 61
7922 41
7923 31
7924 81
7925 21
7926 91
7927 41
7928 81
7929 91
7930 01
7931 81
7932 91
7933 41
7934 01
7935 31
7936 01
7937 01
7938 31
7939 61
7940 41
7941 71
7942 21
7943 61
7944 51
7945 41
7946 01
7947 11
7948 41
7949 21
7950 71
7951 81
7952 61
7953 51
7954 61
7955 41
7956 71
7957 21
7958 21
7959 51
7960 41
7961 01
7962 71
7963 21
7964 21
7965 71
7966 41
7967 21
7968 91
7969 61
7970 01
7971 11
7972 41
7973 41
7974 11
7975 61
7976 41
7977 51
7978 41
7979 21
7980 71
7981 41
7982 81
7983 51
7984 61
7985 01
7986 71
7987 81
7988 21
7989 11
7990 21
7991 61
7992 51
7993 81
7994 81
7995 71
7996 01
7997 21
7998 31
7999 41
8000 61
8001 91
8002 81
8003 41
8004 11
8005 21
8006 21
8007 71
8008 41
8009 81
8010 31
8011 01
8012 41
8013 11
8014 01
8015 41
8016 11
8017 21
8018 41
8019 71
8020 81
8021 21
8022 91
8023 01
8024 21
8025 11
8026 21
8027 61
8028 31
8029 01
8030 01
8031 91
8032 01
8033 01
8034 31
8035 41
8036 41
8037 91
8038 41
8039 61
8040 11
8041 81
8042 01
8043 91
8044 21
8045 61
8046 11
8047 81
8048 01
8049 51
8050 41
8051 81
8052 31
8053 61
8054 21
8055 51
8056 41
8057 41
8058 11
8059 41
8060 41
8061 31
8062 21
8063 81
8064 91
8065 01
8066 81
8067 31
8068 41
8069 01
8070 31
8071 41
8072 21
8073 31
8074 61
8075 81
8076 11
8077 81
8078 61
8079 91
8080 01
8081 81
8082 91
8083 81
8084 01
8085 31
8086 01
8087 41
8088 51
8089 61
8090 41
8091 11
8092 61
8093 21
8094 51
8095 81
8096 61
8097 91
8098 21
8099 61
8100 51
8101 41
8102 81
8103 31
8104 61
8105 41
8106 71
8107 61
8108 61
8109 51
8110 41
8111 41
8112 31
8113 41
8114 21
8115 11
8116 21
8117 21
8118 51
8119 01
8120 01
8121 51
8122 01
8123 61
8124 31
8125 01
8126 21
8127 51
8128 21
8129 21
8130 71
8131 81
8132 61
8133 91
8134 61
8135 41
8136 71
8137 61
8138 41
8139 51
8140 41
8141 41
8142 11
8143 81
8144 21
8145 11
8146 01
8147 01
8148 71
8149 01
8150 81
8151 71
8152 61
8153 21
8154 11
8155 61
8156 41
8157 91
8158 81
8159 21
8160 71
8161 81
8162 41
8163 71
8164 61
8165 41
8166 51
8167 81
8168 81
8169 51
8170 21
8171 01
8172 11
8173 01
8174 01
8175 11
8176 81
8177 21
8178 11
8179 41
8180 61
8181 31
8182 61
8183 81
8184 11
8185 61
8186 21
8187 51
8188 61
8189 21
8190 51
8191 81
8192 01
8193 11
8194 41
8195 81
8196 11
8197 01
8198 81
8199 31
8200 01
8201 01
8202 71
8203 81
8204 21
8205 51
8206 41
8207 81
8208 71
8209 41
8210 41
8211 71
8212 01
8213 61
8214 91
8215 41
8216 81
8217 51
8218 81
8219 41
8220 51
8221 61
8222 21
8223 91
8224 01
8225 61
8226 71
8227 41
8228 81
8229 91
8230 01
8231 21
8232 91
8233 41
8234 01
8235 71
8236 21
8237 01
8238 31
8239 01
8240 81
8241 31
8242 21
8243 01
8244 11
8245 21
8246 81
8247 51
8248 21
8249 81
8250 91
8251 61
8252 61
8253 51
8254 61
8255 81
8256 11
8257 21
8258 21
8259 91
8260 01
8261 21
8262 71
8263 61
8264 01
8265 71
8266 01
8267 61
8268 91
8269 01
8270 61
8271 31
8272 61
8273 81
8274 91
8275 61
8276 21
8277 51
8278 41
8279 61
8280 51
8281 81
8282 81
8283 91
8284 61
8285 81
8286 91
8287 21
8288 41
8289 91
8290 81
8291 61
8292 91
8293 21
8294 81
8295 51
8296 41
8297 81
8298 51
8299 21
8300 41
8301 71
8302 81
8303 81
8304 31
8305 41
8306 61
8307 11
8308 81
8309 61
8310 31
8311 61
8312 01
8313 11
8314 41
8315 01
8316 51
8317 01
8318 81
8319 51
8320 01
8321 21
8322 71
8323 01
8324 81
8325 71
8326 01
8327 01
8328 91
8329 41
8330 61
8331 71
8332 81
8333 21
8334 11
8335 01
8336 61
8337 51
8338 81
8339 61
8340 11
8341 01
8342 21
8343 11
8344 21
8345 81
8346 91
8347 61
8348 61
8349 71
8350 81
8351 01
8352 31
8353 61
8354 21
8355 91
8356 01
8357 41
8358 11
8359 81
8360 21
8361 11
8362 21
8363 21
8364 91
8365 21
8366 21
8367 71
8368 61
8369 21
8370 31
8371 01
8372 61
8373 11
8374 21
8375 41
8376 31
8377 81
8378 61
8379 31
8380 01
8381 41
8382 91
8383 21
8384 21
8385 91
8386 81
8387 81
8388 91
8389 81
8390 01
8391 91
8392 21
8393 61
8394 71
8395 41
8396 61
8397 11
8398 61
8399 81
8400 31
8401 61
8402 81
8403 71
8404 01
8405 01
8406 31
8407 01
8408 21
8409 31
8410 81
8411 61
8412 11
8413 01
8414 01
8415 51
8416 61
8417 21
8418 11
8419 81
8420 61
8421 71
8422 61
8423 21
8424 31
8425 01
8426 41
8427 91
8428 01
8429 21
8430 91
8431 81
8432 61
8433 31
8434 81
8435 01
8436 71
8437 01
8438 81
8439 71
8440 21
8441 81
8442 71
8443 21
8444 61
8445 91
8446 81
8447 21
8448 31
8449 01
8450 01
8451 31
8452 81
8453 01
8454 31
8455 81
8456 41
8457 31
8458 41
8459 01
8460 31
8461 21
8462 21
8463 31
8464 61
8465 61
8466 51
8467 81
8468 61
8469 71
8470 81
8471 01
8472 91
8473 61
8474 21
8475 91
8476 61
8477 21
8478 11
8479 81
8480 81
8481 71
8482 61
8483 21
8484 51
8485 61
8486 41
8487 91
8488 21
8489 41
8490 71
8491 81
8492 81
8493 11
8494 21
8495 41
8496 91
8497 41
8498 61
8499 31
8500 61
8501 81
8502 71
8503 21
8504 81
8505 11
8506 81
8507 21
8508 51
8509 81
8510 61
8511 31
8512 01
8513 41
8514 31
8515 61
8516 61
8517 31
8518 61
8519 81
8520 91
8521 81
8522 41
8523 71
8524 61
8525 01
8526 51
8527 81
8528 81
8529 11
8530 01
8531 01
8532 11
8533 61
8534 61
8535 51
8536 81
8537 81
8538 51
8539 61
8540 81
8541 91
8542 81
8543 21
8544 91
8545 81
8546 21
8547 51
8548 61
8549 81
8550 11
8551 81
8552 01
8553 71
8554 81
8555 61
8556 11
8557 61
8558 01
8559 31
8560 41
8561 61
8562 71
8563 41
8564 61
8565 31
8566 21
8567 41
8568 91
8569 41
8570 61
8571 71
8572 01
8573 21
8574 11
8575 01
8576 81
8577 11
8578 81
8579 61
8580 31
8581 21
8582 01
8583 11
8584 41
8585 61
8586 31
8587 01
8588 81
8589 11
8590 61
8591 61
8592 71
8593 61
8594 21
8595 91
8596 21
8597 61
8598 11
8599 81
8600 41
8601 91
8602 81
8603 21
8604 11
8605 61
8606 21
8607 51
8608 81
8609 21
8610 51
8611 81
8612 21
8613 71
8614 41
8615 81
8616 31
8617 21
8618 61
8619 31
8620 21
8621 81
8622 11
8623 21
8624 41
8625 91
8626 21
8627 41
8628 11
8629 41
8630 41
8631 71
8632 21
8633 81
8634 91
8635 41
8636 01
8637 31
8638 41
8639 41
8640 71
8641 01
8642 21
8643 71
8644 21
8645 61
8646 91
8647 21
8648 41
8649 51
8650 21
8651 61
8652 91
8653 81
8654 01
8655 71
8656 41
8657 41
8658 51
8659 01
8660 01
8661 31
8662 61
8663 61
8664 31
8665 81
8666 21
8667 31
8668 21
8669 01
8670 11
8671 61
8672 01
8673 71
8674 41
8675 41
8676 51
8677 61
8678 61
8679 91
8680 21
8681 81
8682 31
8683 81
8684 21
8685 91
8686 41
8687 61
8688 71
8689 81
8690 61
8691 51
8692 41
8693 01
8694 31
8695 81
8696 61
8697 11
8698 41
8699 01
8700 51
8701 61
8702 61
8703 31
8704 81
8705 61
8706 11
8707 01
8708 81
8709 31
8710 41
8711 01
8712 71
8713 81
8714 61
8715 71
8716 41
8717 81
8718 11
8719 81
8720 01
8721 71
8722 41
8723 21
8724 71
8725 21
8726 21
8727 31
8728 41
8729 61
8730 31
8731 61
8732 21
8733 91
8734 41
8735 01
8736 71
8737 41
8738 21
8739 51
8740 21
8741 21
8742 31
8743 21
8744 01
8745 31
8746 61
8747 01
8748 71
8749 61
8750 01
8751 51
8752 61
8753 81
8754 11
8755 01
8756 81
8757 51
8758 61
8759 61
8760 31
8761 61
8762 01
8763 51
8764 41
8765 01
8766 51
8767 41
8768 01
8769 51
8770 01
8771 61
8772 11
8773 61
8774 81
8775 11
8776 61
8777 81
8778 71
8779 81
8780 41
8781 31
8782 01
8783 01
8784 11
8785 01
8786 61
8787 91
8788 21
8789 61
8790 11
8791 41
8792 81
8793 31
8794 21
8795 21
8796 71
8797 61
8798 21
8799 11
8800 81
8801 41
8802 91
8803 81
8804 41
8805 31
8806 81
8807 41
8808 91
8809 81
8810 21
8811 51
8812 01
8813 61
8814 91
8815 61
8816 21
8817 51
8818 81
8819 61
8820 51
8821 81
8822 21
8823 11
8824 61
8825 81
8826 31
8827 61
8828 01
8829 91
8830 21
8831 21
8832 71
8833 01
8834 21
8835 31
8836 01
8837 01
8838 31
8839 21
8840 41
8841 71
8842 21
8843 21
8844 31
8845 41
8846 01
8847 71
8848 01
8849 61
8850 71
8851 41
8852 01
8853 71
8854 81
8855 01
8856 91
8857 61
8858 01
8859 71
8860 41
8861 01
8862 71
8863 81
8864 81
8865 71
8866 41
8867 81
8868 31
8869 41
8870 01
8871 71
8872 61
8873 41
8874 51
8875 21
8876 41
8877 11
8878 81
8879 01
8880 51
8881 01
8882 01
8883 51
8884 81
8885 01
8886 71
8887 41
8888 41
8889 71
8890 21
8891 21
8892 51
8893 01
8894 61
8895 31
8896 81
8897 41
8898 71
8899 41
8900 21
8901 51
8902 81
8903 61
8904 71
8905 61
8906 01
8907 91
8908 61
8909 01
8910 31
8911 61
8912 21
8913 91
8914 61
8915 01
8916 71
8917 41
8918 41
8919 11
8920 21
8921 21
8922 51
8923 41
8924 81
8925 31
8926 81
8927 81
8928 11
8929 01
8930 21
8931 91
8932 41
8933 41
8934 51
8935 01
8936 81
8937 51
8938 81
8939 81
8940 31
8941 61
8942 21
8943 31
8944 01
8945 01
8946 71
8947 81
8948 01
8949 31
8950 21
8951 61
8952 31
8953 41
8954 41
8955 71
8956 81
8957 21
8958 71
8959 21
8960 41
8961 31
8962 21
8963 41
8964 31
8965 01
8966 81
8967 91
8968 61
8969 21
8970 31
8971 01
8972 21
8973 11
8974 21
8975 41
8976 91
8977 61
8978 61
8979 31
8980 61
8981 01
8982 31
8983 21
8984 81
8985 31
8986 01
8987 01
8988 51
8989 01
8990 41
8991 71
8992 41
8993 61
8994 71
8995 41
8996 21
8997 71
8998 61
8999 81
9000 91
9001 01
9002 61
9003 71
9004 61
9005 21
9006 31
9007 41
9008 81
9009 31
9010 41
9011 01
9012 91
9013 81
9014 61
9015 71
9016 61
9017 41
9018 11
9019 81
9020 21
9021 91
9022 21
9023 21
9024 91
9025 01
9026 61
9027 71
9028 61
9029 01
9030 11
9031 21
9032 61
9033 91
9034 41
9035 01
9036 91
9037 61
9038 21
9039 51
9040 41
9041 01
9042 91
9043 21
9044 21
9045 71
9046 61
9047 81
9048 91
9049 61
9050 21
9051 31
9052 21
9053 41
9054 31
9055 41
9056 81
9057 91
9058 61
9059 61
9060 51
9061 01
9062 21
9063 51
9064 61
9065 01
9066 91
9067 01
9068 21
9069 11
9070 41
9071 41
9072 11
9073 81
9074 01
9075 11
9076 01
9077 01
9078 51
9079 41
9080 81
9081 71
9082 41
9083 01
9084 31
9085 61
9086 21
9087 11
9088 41
9089 81
9090 51
9091 41
9092 61
9093 11
9094 21
9095 41
9096 51
9097 81
9098 61
9099 31
9100 21
9101 01
9102 91
9103 21
9104 41
9105 11
9106 61
9107 81
9108 11
9109 61
9110 41
9111 31
9112 41
9113 01
9114 51
9115 01
9116 01
9117 11
9118 61
9119 81
9120 51
9121 81
9122 81
9123 71
9124 21
9125 81
9126 91
9127 01
9128 41
9129 71
9130 81
9131 41
9132 31
9133 01
9134 21
9135 31
9136 21
9137 81
9138 31
9139 21
9140 61
9141 11
9142 61
9143 21
9144 51
9145 41
9146 61
9147 91
9148 21
9149 21
9150 31
9151 41
9152 81
9153 91
9154 21
9155 81
9156 71
9157 21
9158 01
9159 71
9160 61
9161 01
9162 51
9163 81
9164 01
9165 31
9166 21
9167 21
9168 51
9169 61
9170 61
9171 51
9172 01
9173 21
9174 71
9175 81
9176 21
9177 11
9178 41
9179 21
9180 11
9181 41
9182 61
9183 51
9184 01
9185 21
9186 51
9187 21
9188 61
9189 51
9190 61
9191 41
9192 11
9193 41
9194 41
9195 71
9196 01
9197 61
9198 71
9199 21
9200 61
9201 31
9202 41
9203 41
9204 51
9205 61
9206 01
9207 51
9208 81
9209 41
9210 31
9211 21
9212 21
9213 91
9214 81
9215 61
9216 51
9217 41
9218 61
9219 31
9220 81
9221 61
9222 71
9223 21
9224 01
9225 51
9226 21
9227 21
9228 71
9229 81
9230 21
9231 51
9232 21
9233 01
9234 91
9235 61
9236 41
9237 51
9238 01
9239 61
9240 71
9241 41
9242 41
9243 71
9244 81
9245 01
9246 31
9247 81
9248 01
9249 71
9250 81
9251 41
9252 31
9253 81
9254 21
9255 31
9256 21
9257 61
9258 71
9259 21
9260 61
9261 91
9262 41
9263 41
9264 51
9265 21
9266 81
9267 51
9268 81
9269 01
9270 91
9271 61
9272 21
9273 51
9274 21
9275 81
9276 71
9277 01
9278 81
9279 71
9280 61
9281 81
9282 71
9283 21
9284 01
9285 11
9286 81
9287 21
9288 71
9289 41
9290 61
9291 31
9292 21
9293 61
9294 11
9295 61
9296 81
9297 11
9298 01
9299 21
9300 11
9301 21
9302 21
9303 31
9304 01
9305 01
9306 51
9307 81
9308 01
9309 31
9310 01
9311 01
9312 31
9313 41
9314 21
9315 51
9316 01
9317 21
9318 51
9319 41
9320 01
9321 91
9322 01
9323 01
9324 51
9325 41
9326 41
9327 91
9328 61
9329 21
9330 11
9331 81
9332 21
9333 11
9334 01
9335 61
9336 31
9337 61
9338 41
9339 91
9340 61
9341 21
9342 11
9343 21
9344 61
9345 51
9346 41
9347 41
9348 31
9349 61
9350 41
9351 31
9352 41
9353 61
9354 51
9355 01
9356 01
9357 71
9358 41
9359 81
9360 51
9361 41
9362 41
9363 11
9364 21
9365 41
9366 31
9367 21
9368 61
9369 31
9370 01
9371 81
9372 11
9373 21
9374 21
9375 31
9376 21
9377 41
9378 91
9379 21
9380 61
9381 71
9382 01
9383 01
9384 51
9385 01
9386 81
9387 91
9388 61
9389 81
9390 31
9391 01
9392 21
9393 71
9394 01
9395 41
9396 91
9397 21
9398 21
9399 71
9400 61
9401 61
9402 71
9403 41
9404 01
9405 91
9406 21
9407 41
9408 31
9409 21
9410 41
9411 71
9412 41
9413 21
9414 31
9415 41
9416 21
9417 31
9418 01
9419 61
9420 91
9421 61
9422 81
9423 71
9424 01
9425 81
9426 31
9427 01
9428 21
9429 11
9430 21
9431 61
9432 11
9433 81
9434 81
9435 71
9436 61
9437 01
9438 31
9439 41
9440 21
9441 51
9442 21
9443 41
9444 71
9445 61
9446 41
9447 91
9448 01
9449 01
9450 71
9451 81
9452 61
9453 11
9454 01
9455 41
9456 71
9457 81
9458 41
9459 71
9460 41
9461 61
9462 71
9463 01
9464 81
9465 31
9466 21
9467 01
9468 91
9469 01
9470 61
9471 31
9472 81
9473 81
9474 91
9475 61
9476 41
9477 11
9478 41
9479 61
9480 71
9481 01
9482 61
9483 91
9484 81
9485 61
9486 31
9487 61
9488 61
9489 31
9490 61
9491 21
9492 31
9493 21
9494 81
9495 51
9496 61
9497 01
9498 51
9499 21
9500 61
9501 51
9502 41
9503 81
9504 51
9505 81
9506 61
9507 91
9508 01
9509 61
9510 51
9511 41
9512 61
9513 71
9514 61
9515 41
9516 51
9517 41
9518 81
9519 51
9520 21
9521 61
9522 91
9523 01
9524 01
9525 71
9526 41
9527 61
9528 11
9529 01
9530 01
9531 51
9532 81
9533 41
9534 31
9535 01
9536 01
9537 71
9538 61
9539 21
9540 51
9541 41
9542 61
9543 11
9544 41
9545 41
9546 51
9547 81
9548 81
9549 91
9550 21
9551 01
9552 11
9553 41
9554 21
9555 11
9556 81
9557 61
9558 51
9559 01
9560 61
9561 71
9562 21
9563 61
9564 91
9565 01
9566 01
9567 11
9568 81
9569 01
9570 51
9571 81
9572 01
9573 51
9574 81
9575 81
9576 11
9577 41
9578 41
9579 51
9580 01
9581 41
9582 51
9583 81
9584 81
9585 91
9586 41
9587 21
9588 31
9589 61
9590 61
9591 11
9592 81
9593 61
9594 71
9595 41
9596 81
9597 91
9598 61
9599 81
9600 51
9601 01
9602 21
9603 71
9604 21
9605 01
9606 91
9607 21
9608 41
9609 91
9610 41
9611 61
9612 91
9613 21
9614 41
9615 31
9616 41
9617 81
9618 11
9619 81
9620 81
9621 71
9622 41
9623 21
9624 51
9625 61
9626 21
9627 31
9628 21
9629 41
9630 51
9631 61
9632 01
9633 11
9634 01
9635 61
9636 51
9637 01
9638 41
9639 91
9640 81
9641 21
9642 31
9643 21
9644 81
9645 11
9646 61
9647 01
9648 51
9649 81
9650 41
9651 51
9652 41
9653 41
9654 11
9655 21
9656 61
9657 51
9658 41
9659 81
9660 71
9661 01
9662 81
9663 11
9664 41
9665 61
9666 51
9667 41
9668 81
9669 11
9670 81
9671 61
9672 91
9673 61
9674 41
9675 51
9676 41
9677 21
9678 31
9679 01
9680 41
9681 11
9682 81
9683 01
9684 71
9685 81
9686 81
9687 31
9688 81
9689 21
9690 71
9691 41
9692 61
9693 71
9694 61
9695 01
9696 51
9697 41
9698 81
9699 11
9700 01
9701 61
9702 91
9703 61
9704 61
9705 11
9706 41
9707 21
9708 51
9709 21
9710 21
9711 11
9712 01
9713 81
9714 11
9715 21
9716 01
9717 71
9718 61
9719 81
9720 11
9721 41
9722 61
9723 71
9724 81
9725 21
9726 51
9727 41
9728 01
9729 91
9730 61
9731 61
9732 11
9733 01
9734 61
9735 91
9736 61
9737 21
9738 71
9739 01
9740 81
9741 71
9742 21
9743 21
9744 11
9745 61
9746 01
9747 71
9748 81
9749 21
9750 31
9751 41
9752 81
9753 71
9754 21
9755 81
9756 71
9757 01
9758 41
9759 71
9760 61
9761 81
9762 31
9763 01
9764 01
9765 11
9766 41
9767 81
9768 11
9769 41
9770 21
9771 71
9772 41
9773 81
9774 71
9775 81
9776 21
9777 91
9778 21
9779 21
9780 11
9781 21
9782 81
9783 91
9784 01
9785 01
9786 11
9787 21
9788 81
9789 31
9790 61
9791 21
9792 31
9793 81
9794 81
9795 51
9796 61
9797 61
9798 31
9799 21
9800 61
9801 11
9802 01
9803 21
9804 51
9805 41
9806 01
9807 11
9808 21
9809 21
9810 71
9811 81
9812 41
9813 91
9814 61
9815 41
9816 51
9817 01
9818 41
9819 51
9820 21
9821 21
9822 31
9823 81
9824 01
9825 31
9826 61
9827 61
9828 51
9829 61
9830 01
9831 11
9832 21
9833 21
9834 11
9835 61
9836 21
9837 71
9838 81
9839 21
9840 51
9841 01
9842 81
9843 71
9844 41
9845 01
9846 51
9847 01
9848 61
9849 51
9850 01
9851 21
9852 51
9853 41
9854 81
9855 71
9856 81
9857 81
9858 11
9859 41
9860 41
9861 91
9862 41
9863 81
9864 91
9865 61
9866 81
9867 91
9868 41
9869 61
9870 11
9871 01
9872 01
9873 91
9874 21
9875 81
9876 71
9877 81
9878 01
9879 71
9880 61
9881 61
9882 31
9883 81
9884 01
9885 91
9886 81
9887 61
9888 51
9889 21
9890 01
9891 71
9892 21
9893 81
9894 91
9895 21
9896 01
9897 31
9898 41
9899 21
9900 11
9901 01
9902 21
9903 51
9904 01
9905 81
9906 91
9907 01
9908 61
9909 11
9910 81
9911 41
9912 51
9913 01
9914 41
9915 31
9916 41
9917 41
9918 51
9919 81
9920 81
9921 31
9922 61
9923 41
9924 51
9925 21
9926 21
9927 11
9928 81
9929 01
9930 31
9931 41
9932 01
9933 51
9934 61
9935 81
9936 91
9937 41
9938 21
9939 91
9940 81
9941 81
9942 31
9943 61
9944 81
9945 71
9946 41
9947 41
9948 71
9949 41
9950 01
9951 31
9952 81
9953 61
9954 51
9955 81
9956 41
9957 91
9958 41
9959 61
9960 31
9961 81
9962 01
9963 91
9964 41
9965 21
9966 11
9967 81
9968 21
9969 71
9970 21
9971 81
9972 51
9973 41
9974 61
9975 91
9976 61
9977 81
9978 91
9979 01
9980 81
9981 31
9982 21
9983 81
9984 11
9985 21
9986 81
9987 31
9988 61
9989 81
9990 91
9991 41
9992 41
9993 71
9994 61
9995 61
9996 31
9997 81
9998 81
9999 71
10000 61
10001 41
10002 11
10003 21
10004 01
10005 71
10006 01
10007 41
10008 71
10009 01
10010 61
10011 11
10012 81
10013 21
10014 91
10015 41
10016 81
10017 51
10018 61
10019 41
10020 51
10021 61
10022 01
10023 31
10024 01
10025 61
10026 51
10027 21
10028 01
10029 91
10030 81
10031 41
10032 51
10033 01
10034 81
10035 31
10036 41
10037 41
10038 91
10039 01
10040 81
10041 31
10042 01
10043 81
10044 11
10045 21
10046 61
10047 71
10048 61
10049 81
10050 71
10051 21
10052 61
10053 71
10054 41
10055 81
10056 91
10057 41
10058 61
10059 31
10060 81
10061 81
10062 71
10063 21
10064 01
10065 71
10066 81
10067 21
10068 71
10069 01
10070 41
10071 31
10072 21
10073 21
10074 71
10075 01
10076 81
10077 71
10078 41
10079 41
10080 31
10081 81
10082 41
10083 71
10084 81
10085 21
10086 51
10087 81
10088 01
10089 91
10090 61
10091 01
10092 31
10093 01
10094 61
10095 31
10096 01
10097 81
10098 71
10099 41
10100 41
10101 51
10102 01
10103 61
10104 91
10105 21
10106 21
10107 51
10108 81
10109 21
10110 31
10111 81
10112 21
10113 71
10114 21
10115 21
10116 31
10117 21
10118 41
10119 11
10120 41
10121 81
10122 91
10123 41
10124 01
10125 51
10126 01
10127 01
10128 31
10129 81
10130 01
10131 71
10132 21
10133 81
10134 71
10135 21
10136 01
10137 31
10138 21
10139 61
10140 11
10141 01
10142 01
10143 31
10144 21
10145 81
10146 71
10147 21
10148 21
10149 71
10150 61
10151 01
10152 71
10153 41
10154 01
10155 31
10156 41
10157 41
10158 31
10159 61
10160 81
10161 31
10162 41
10163 61
10164 91
10165 21
10166 01
10167 71
10168 81
10169 21
10170 11
10171 41
10172 81
10173 71
10174 01
10175 21
10176 71
10177 01
10178 21
10179 51
10180 81
10181 81
10182 11
10183 21
10184 61
10185 71
10186 21
10187 41
10188 31
10189 81
10190 81
10191 71
10192 41
10193 81
10194 51
10195 61
10196 21
10197 91
10198 01
10199 41
10200 51
10201 21
10202 61
10203 51
10204 01
10205 21
10206 91
10207 21
10208 61
10209 51
10210 01
10211 61
10212 11
10213 41
10214 81
10215 11
10216 61
10217 61
10218 11
10219 81
10220 41
10221 11
10222 81
10223 21
10224 11
10225 81
10226 81
10227 51
10228 81
10229 41
10230 71
10231 61
10232 21
10233 91
10234 21
10235 21
10236 71
10237 41
10238 01
10239 11
10240 81
10241 21
10242 11
10243 21
10244 41
10245 11
10246 41
10247 41
10248 11
10249 61
10250 21
10251 31
10252 21
10253 01
10254 31
10255 41
10256 81
10257 51
10258 41
10259 61
10260 51
10261 61
10262 81
10263 91
10264 61
10265 61
10266 31
10267 21
10268 41
10269 71
10270 61
10271 81
10272 91
10273 01
10274 01
10275 11
10276 01
10277 61
10278 11
10279 41
10280 81
10281 31
10282 81
10283 81
10284 31
10285 21
10286 41
10287 11
10288 81
10289 41
10290 51
10291 01
10292 01
10293 91
10294 01
10295 01
10296 71
10297 81
10298 81
10299 31
10300 21
10301 61
10302 11
10303 81
10304 41
10305 71
10306 61
10307 01
10308 91
10309 21
10310 21
10311 51
10312 81
10313 01
10314 11
10315 61
10316 01
10317 31
10318 21
10319 21
10320 31
10321 01
10322 01
10323 91
10324 21
10325 41
10326 71
10327 81
10328 01
10329 31
10330 41
10331 61
10332 31
10333 41
10334 61
10335 31
10336 81
10337 21
10338 91
10339 41
10340 21
10341 31
10342 41
10343 21
10344 71
10345 41
10346 01
10347 31
10348 41
10349 81
10350 71
10351 01
10352 21
10353 11
10354 41
10355 61
10356 91
10357 61
10358 81
10359 11
10360 21
10361 01
10362 51
10363 61
10364 81
10365 11
10366 21
10367 01
10368 71
10369 81
10370 01
10371 31
10372 61
10373 01
10374 71
10375 81
10376 21
10377 71
10378 81
10379 21
10380 11
10381 01
10382 81
10383 71
10384 01
10385 81
10386 51
10387 01
10388 21
10389 11
10390 41
10391 21
10392 11
10393 81
10394 01
10395 91
10396 41
10397 01
10398 51
10399 21
10400 61
10401 91
10402 41
10403 81
10404 51
10405 21
10406 81
10407 91
10408 01
10409 01
10410 91
10411 01
10412 61
10413 11
10414 21
10415 21
10416 31
10417 81
10418 61
10419 11
10420 41
10421 41
10422 91
10423 01
10424 01
10425 11
10426 81
10427 61
10428 11
10429 41
10430 61
10431 71
10432 81
10433 81
10434 11
10435 01
10436 61
10437 11
10438 61
10439 61
10440 11
10441 61
10442 81
10443 51
10444 21
10445 41
10446 31
10447 81
10448 81
10449 31
10450 01
10451 41
10452 11
10453 81
10454 21
10455 91
10456 01
10457 01
10458 71
10459 81
10460 21
10461 71
10462 61
10463 01
10464 91
10465 81
10466 41
10467 71
10468 01
10469 81
10470 31
10471 61
10472 01
10473 91
10474 01
10475 01
10476 51
10477 81
10478 81
10479 31
10480 01
10481 01
10482 11
10483 81
10484 21
10485 51
10486 81
10487 01
10488 71
10489 41
10490 81
10491 11
10492 61
10493 61
10494 31
10495 01
10496 61
10497 31
10498 21
10499 21
10500 11
10501 81
10502 01
10503 91
10504 01
10505 61
10506 11
10507 81
10508 81
10509 91
10510 41
10511 81
10512 11
10513 41
10514 41
10515 51
10516 21
10517 61
10518 71
10519 01
10520 21
10521 91
10522 41
10523 21
10524 51
10525 01
10526 81
10527 31
10528 21
10529 81
10530 31
10531 41
10532 01
10533 51
10534 01
10535 81
10536 91
10537 41
10538 61
10539 11
10540 81
10541 81
10542 71
10543 01
10544 41
10545 71
10546 81
10547 01
10548 51
10549 21
10550 41
10551 11
10552 41
10553 81
10554 31
10555 81
10556 41
10557 91
10558 81
10559 01
10560 31
10561 81
10562 41
10563 51
10564 61
10565 21
10566 51
10567 61
10568 21
10569 31
10570 61
10571 81
10572 91
10573 01
10574 81
10575 11
10576 01
10577 61
10578 91
10579 81
10580 81
10581 31
10582 61
10583 61
10584 51
10585 21
10586 21
10587 31
10588 41
10589 01
10590 31
10591 61
10592 21
10593 31
10594 61
10595 01
10596 71
10597 81
10598 61
10599 11
10600 21
10601 61
10602 91
10603 01
10604 81
10605 71
10606 41
10607 61
10608 91
10609 41
10610 01
10611 51
10612 61
10613 21
10614 51
10615 01
10616 81
10617 91
10618 21
10619 81
10620 31
10621 01
10622 81
10623 51
10624 01
10625 41
10626 51
10627 81
10628 61
10629 71
10630 21
10631 01
10632 91
10633 61
10634 61
10635 11
10636 61
10637 21
10638 51
10639 21
10640 41
10641 71
10642 01
10643 81
10644 31
10645 41
10646 81
10647 71
10648 81
10649 61
10650 51
10651 81
10652 81
10653 11
10654 61
10655 81
10656 91
10657 41
10658 01
10659 91
10660 81
10661 81
10662 11
10663 01
10664 81
10665 71
10666 21
10667 21
10668 91
10669 41
10670 81
10671 51
10672 41
10673 21
10674 31
10675 41
10676 61
10677 31
10678 01
10679 61
10680 31
10681 81
10682 81
10683 71
10684 41
10685 21
10686 91
10687 01
10688 61
10689 71
10690 01
10691 41
10692 51
10693 61
10694 41
10695 91
10696 41
10697 01
10698 31
10699 41
10700 61
10701 91
10702 21
10703 41
10704 11
10705 21
10706 61
10707 91
10708 41
10709 81
10710 71
10711 41
10712 01
10713 11
10714 41
10715 01
10716 91
10717 01
10718 81
10719 51
10720 41
10721 41
10722 71
10723 01
10724 21
10725 11
10726 61
10727 01
10728 31
10729 01
10730 41
10731 51
10732 21
10733 01
10734 71
10735 21
10736 41
10737 51
10738 81
10739 61
10740 51
10741 41
10742 21
10743 11
10744 61
10745 41
10746 11
10747 61
10748 01
10749 51
10750 81
10751 61
10752 71
10753 61
10754 61
10755 51
10756 21
10757 61
10758 51
10759 61
10760 21
10761 91
10762 21
10763 21
10764 31
10765 01
10766 61
10767 71
10768 01
10769 21
10770 11
10771 21
10772 01
10773 31
10774 01
10775 01
10776 31
10777 21
10778 01
10779 31
10780 81
10781 81
10782 51
10783 41
10784 01
10785 71
10786 61
10787 81
10788 31
10789 01
10790 21
10791 31
10792 61
10793 01
10794 51
10795 41
10796 21
10797 71
10798 61
10799 21
10800 91
10801 01
10802 61
10803 11
10804 81
10805 21
10806 31
10807 81
10808 21
10809 91
10810 41
10811 41
10812 51
10813 61
10814 41
10815 11
10816 41
10817 01
10818 31
10819 61
10820 21
10821 91
10822 21
10823 61
10824 31
10825 01
10826 61
10827 11
10828 21
10829 21
10830 11
10831 61
10832 41
10833 91
10834 01
10835 41
10836 91
10837 01
10838 81
10839 71
10840 61
10841 41
10842 71
10843 21
10844 01
10845 71
10846 61
10847 21
10848 71
10849 01
10850 21
10851 71
10852 21
10853 21
10854 51
10855 81
10856 01
10857 71
10858 21
10859 61
10860 91
10861 41
10862 21
10863 31
10864 01
10865 61
10866 11
10867 81
10868 01
10869 91
10870 41
10871 81
10872 31
10873 01
10874 41
10875 51
10876 41
10877 81
10878 51
10879 01
10880 41
10881 71
10882 81
10883 61
10884 71
10885 41
10886 61
10887 91
10888 61
10889 81
10890 31
10891 41
10892 21
10893 71
10894 01
10895 81
10896 11
10897 21
10898 21
10899 11
10900 01
10901 21
10902 71
10903 81
10904 61
10905 71
10906 01
10907 81
10908 11
10909 81
10910 61
10911 51
10912 41
10913 21
10914 31
10915 81
10916 61
10917 31
10918 01
10919 01
10920 51
10921 81
10922 81
10923 11
10924 81
10925 81
10926 91
10927 41
10928 21
10929 51
10930 81
10931 81
10932 31
10933 21
10934 61
10935 71
10936 41
10937 01
10938 31
10939 81
10940 01
10941 91
10942 21
10943 81
10944 71
10945 41
10946 61
10947 31
10948 21
10949 81
10950 31
10951 81
10952 01
10953 51
10954 01
10955 21
10956 11
10957 41
10958 61
10959 51
10960 21
10961 41
10962 71
10963 41
10964 01
10965 51
10966 61
10967 41
10968 31
10969 81
10970 61
10971 91
10972 41
10973 81
10974 31
10975 21
10976 81
10977 91
10978 81
10979 41
10980 91
10981 01
10982 41
10983 91
10984 41
10985 21
10986 11
10987 01
10988 21
10989 71
10990 21
10991 01
10992 11
10993 41
10994 61
10995 11
10996 81
10997 61
10998 91
10999 21
11000 61
11001 71
11002 61
11003 01
11004 51
11005 01
11006 41
11007 71
11008 61
11009 81
11010 91
11011 61
11012 61
11013 71
11014 61
11015 81
11016 11
11017 41
11018 81
11019 91
11020 01
11021 41
11022 91
11023 41
11024 01
11025 91
11026 81
11027 01
11028 31
11029 21
11030 01
11031 11
11032 21
11033 21
11034 91
11035 61
11036 21
11037 71
11038 61
11039 61
11040 51
11041 01
11042 61
11043 51
11044 61
11045 01
11046 31
11047 21
11048 21
11049 11
11050 81
11051 81
11052 71
11053 81
11054 41
11055 71
11056 81
11057 81
11058 91
11059 21
11060 41
11061 91
11062 21
11063 01
11064 31
11065 61
11066 61
11067 51
11068 41
11069 81
11070 91
11071 01
11072 81
11073 11
11074 61
11075 21
11076 51
11077 41
11078 01
11079 31
11080 61
11081 61
11082 11
11083 41
11084 81
11085 91
11086 61
11087 61
11088 11
11089 61
11090 81
11091 11
11092 81
11093 01
11094 91
11095 01
11096 81
11097 31
11098 01
11099 01
11100 31
11101 41
11102 81
11103 11
11104 61
11105 81
11106 71
11107 41
11108 01
11109 91
11110 61
11111 21
11112 11
11113 01
11114 61
11115 51
11116 41
11117 21
11118 71
11119 61
11120 41
11121 11
11122 21
11123 81
11124 51
11125 81
11126 21
11127 31
11128 01
11129 61
11130 11
11131 61
11132 81
11133 71
11134 21
11135 41
11136 31
11137 01
11138 41
11139 31
11140 01
11141 61
11142 31
11143 61
11144 21
11145 11
11146 81
11147 41
11148 11
11149 01
11150 61
11151 51
11152 21
11153 41
11154 91
11155 81
11156 41
11157 91
11158 21
11159 81
11160 31
11161 81
11162 81
11163 51
11164 01
11165 21
11166 91
11167 81
11168 61
11169 51
11170 01
11171 21
11172 91
11173 41
11174 81
11175 71
11176 21
11177 01
11178 11
11179 41
11180 81
11181 31
11182 01
11183 81
11184 31
11185 21
11186 61
11187 71
11188 81
11189 41
11190 71
11191 21
11192 81
11193 91
11194 21
11195 81
11196 11
11197 21
11198 01
11199 71
11200 01
11201 21
11202 51
11203 81
11204 41
11205 71
11206 81
11207 21
11208 91
11209 21
11210 41
11211 31
11212 41
11213 01
11214 31
11215 01
11216 01
11217 11
11218 41
11219 21
11220 51
11221 81
11222 61
11223 51
11224 41
11225 81
11226 71
11227 21
11228 01
11229 31
11230 61
11231 01
11232 51
11233 41
11234 81
11235 31
11236 21
11237 81
11238 11
11239 01
11240 61
11241 11
11242 41
11243 41
11244 91
11245 41
11246 41
11247 51
11248 21
11249 41
11250 11
11251 41
11252 61
11253 11
11254 61
11255 21
11256 51
11257 81
11258 01
11259 31
11260 61
11261 01
11262 31
11263 41
11264 81
11265 31
11266 01
11267 21
11268 11
11269 01
11270 41
11271 91
11272 61
11273 41
11274 71
11275 61
11276 01
11277 11
11278 01
11279 01
11280 31
11281 81
11282 21
11283 11
11284 61
11285 21
11286 31
11287 61
11288 01
11289 31
11290 41
11291 21
11292 71
11293 41
11294 61
11295 91
11296 01
11297 41
11298 91
11299 01
11300 21
11301 11
11302 01
11303 81
11304 51
11305 21
11306 01
11307 71
11308 01
11309 01
11310 11
11311 41
11312 01
11313 11
11314 41
11315 21
11316 91
11317 01
11318 81
11319 71
11320 01
11321 41
11322 71
11323 21
11324 41
11325 91
11326 61
11327 21
11328 11
11329 41
11330 81
11331 71
11332 61
11333 81
11334 31
11335 61
11336 41
11337 51
11338 81
11339 81
11340 71
11341 41
11342 21
11343 31
11344 41
11345 01
11346 11
11347 81
11348 41
11349 51
11350 61
11351 81
11352 71
11353 81
11354 41
11355 11
11356 81
11357 81
11358 91
11359 61
11360 61
11361 91
11362 21
11363 41
11364 71
11365 21
11366 61
11367 91
11368 01
11369 61
11370 71
11371 41
11372 61
11373 71
11374 81
11375 01
11376 51
11377 41
11378 01
11379 71
11380 01
11381 61
11382 11
11383 81
11384 41
11385 11
11386 61
11387 01
11388 91
11389 61
11390 41
11391 51
11392 81
11393 41
11394 51
11395 21
11396 01
11397 71
11398 81
11399 01
11400 11
11401 41
11402 81
11403 51
11404 41
11405 21
11406 71
11407 81
11408 01
11409 71
11410 81
11411 61
11412 31
11413 81
11414 21
11415 51
11416 81
11417 61
11418 71
11419 41
11420 81
11421 71
11422 41
11423 61
11424 31
11425 61
11426 21
11427 71
11428 21
11429 81
11430 51
11431 01
11432 21
11433 51
11434 21
11435 01
11436 91
11437 01
11438 81
11439 91
11440 41
11441 41
11442 71
11443 41
11444 41
11445 11
11446 61
11447 41
11448 71
11449 61
11450 41
11451 91
11452 81
11453 81
11454 51
11455 61
11456 21
11457 11
11458 01
11459 41
11460 51
11461 41
11462 21
11463 51
11464 01
11465 41
11466 11
11467 01
11468 61
11469 71
11470 81
11471 01
11472 51
11473 61
11474 21
11475 91
11476 21
11477 01
11478 11
11479 81
11480 41
11481 31
11482 01
11483 21
11484 11
11485 01
11486 61
11487 11
11488 81
11489 61
11490 11
11491 61
11492 01
11493 11
11494 21
11495 41
11496 51
11497 01
11498 61
11499 31
11500 21
11501 21
11502 51
11503 21
11504 41
11505 31
11506 81
11507 61
11508 11
11509 81
11510 21
11511 71
11512 81
11513 21
11514 91
11515 81
11516 61
11517 51
11518 61
11519 81
11520 51
11521 01
11522 01
11523 71
11524 21
11525 01
11526 71
11527 61
11528 41
11529 91
11530 21
11531 41
11532 11
11533 21
11534 21
11535 51
11536 01
11537 41
11538 91
11539 41
11540 01
11541 11
11542 01
11543 21
11544 51
11545 61
11546 01
11547 11
11548 21
11549 41
11550 31
11551 81
11552 41
11553 11
11554 81
11555 21
11556 51
11557 21
11558 21
11559 91
11560 61
11561 41
11562 71
11563 61
11564 61
11565 71
11566 61
11567 61
11568 51
11569 81
11570 21
11571 11
11572 21
11573 41
11574 91
11575 21
11576 21
11577 91
11578 21
11579 21
11580 31
11581 21
11582 81
11583 91
11584 21
11585 61
11586 11
11587 21
11588 01
11589 51
11590 41
11591 21
11592 51
11593 61
11594 21
11595 91
11596 81
11597 01
11598 11
11599 81
11600 01
11601 11
11602 01
11603 21
11604 71
11605 61
11606 01
11607 11
11608 41
11609 01
11610 31
11611 81
11612 61
11613 31
11614 61
11615 21
11616 71
11617 01
11618 61
11619 31
11620 81
11621 81
11622 51
11623 21
11624 01
11625 71
11626 61
11627 61
11628 71
11629 01
11630 21
11631 11
11632 41
11633 21
11634 51
11635 21
11636 41
11637 31
11638 21
11639 01
11640 51
11641 21
11642 01
11643 71
11644 81
11645 21
11646 31
11647 61
11648 01
11649 91
11650 41
11651 21
11652 71
11653 01
11654 41
11655 91
11656 01
11657 01
11658 51
11659 41
11660 21
11661 71
11662 41
11663 01
11664 71
11665 81
11666 21
11667 11
11668 81
11669 21
11670 11
11671 41
11672 01
11673 71
11674 01
11675 21
11676 91
11677 61
11678 21
11679 51
11680 01
11681 01
11682 91
11683 21
11684 81
11685 51
11686 61
11687 81
11688 51
11689 21
11690 61
11691 31
11692 81
11693 81
11694 51
11695 61
11696 41
11697 11
11698 01
11699 41
11700 71
11701 01
11702 21
11703 51
11704 21
11705 61
11706 91
11707 01
11708 81
11709 51
11710 21
11711 41
11712 71
11713 01
11714 01
11715 51
11716 61
11717 01
11718 11
11719 81
11720 61
11721 51
11722 01
11723 21
11724 31
11725 81
11726 21
11727 11
11728 01
11729 01
11730 11
11731 41
11732 21
11733 11
11734 41
11735 21
11736 11
11737 61
11738 81
11739 71
11740 21
11741 61
11742 51
11743 21
11744 61
11745 71
11746 01
11747 61
11748 31
11749 81
11750 61
11751 31
11752 01
11753 81
11754 31
11755 61
11756 61
11757 71
11758 81
11759 81
11760 91
11761 21
11762 81
11763 31
11764 61
11765 41
11766 11
11767 61
11768 61
11769 51
11770 81
11771 61
11772 31
11773 41
11774 61
11775 51
11776 81
11777 21
11778 91
11779 61
11780 81
11781 31
11782 41
11783 41
11784 91
11785 21
11786 01
11787 51
11788 21
11789 21
11790 11
11791 21
11792 61
11793 91
11794 01
11795 01
11796 91
11797 61
11798 81
11799 31
11800 41
11801 01
11802 51
11803 81
11804 61
11805 71
11806 21
11807 21
11808 11
11809 81
11810 81
11811 51
11812 61
11813 21
11814 51
11815 41
11816 81
11817 91
11818 21
11819 21
11820 51
11821 01
11822 81
11823 91
11824 41
11825 01
11826 51
11827 21
11828 21
11829 51
11830 01
11831 41
11832 71
11833 21
11834 81
11835 91
11836 61
11837 21
11838 51
11839 61
11840 81
11841 71
11842 01
11843 21
11844 91
11845 61
11846 81
11847 11
11848 61
11849 61
11850 11
11851 21
11852 81
11853 51
11854 21
11855 01
11856 11
11857 81
11858 81
11859 91
11860 61
11861 81
11862 11
11863 41
11864 61
11865 11
11866 21
11867 61
11868 91
11869 21
11870 01
11871 91
11872 61
11873 01
11874 91
11875 41
11876 01
11877 71
11878 01
11879 41
11880 71
11881 41
11882 01
11883 51
11884 21
11885 01
11886 91
11887 41
11888 81
11889 91
11890 41
11891 81
11892 91
11893 41
11894 41
11895 51
11896 01
11897 01
11898 71
11899 01
11900 01
11901 71
11902 61
11903 21
11904 31
11905 21
11906 41
11907 91
11908 01
11909 41
11910 51
11911 81
11912 61
11913 51
11914 01
11915 81
11916 71
11917 21
11918 61
11919 11
11920 61
11921 01
11922 11
11923 01
11924 21
11925 31
11926 81
11927 21
11928 31
11929 21
11930 21
11931 31
11932 81
11933 21
11934 11
11935 41
11936 41
11937 51
11938 81
11939 01
11940 11
11941 41
11942 21
11943 51
11944 41
11945 21
11946 11
11947 01
11948 01
11949 71
11950 21
11951 01
11952 91
11953 81
11954 61
11955 11
11956 61
11957 41
11958 11
11959 21
11960 41
11961 91
11962 21
11963 61
11964 31
11965 61
11966 61
11967 11
11968 21
11969 81
11970 91
11971 61
11972 41
11973 51
11974 61
11975 81
11976 91
11977 61
11978 21
11979 91
11980 81
11981 01
11982 91
11983 61
11984 81
11985 91
11986 61
11987 21
11988 71
11989 61
11990 81
11991 71
11992 21
11993 81
11994 91
11995 61
11996 01
11997 31
11998 41
11999 61
12000 31
12001 01
12002 21
12003 91
12004 41
12005 41
12006 91
12007 41
12008 21
12009 91
12010 61
12011 81
12012 31
12013 61
12014 61
12015 11
12016 41
12017 41
12018 51
12019 21
12020 21
12021 31
12022 61
12023 81
12024 11
12025 41
12026 21
12027 51
12028 61
12029 01
12030 91
12031 81
12032 01
12033 91
12034 21
12035 01
12036 11
12037 81
12038 01
12039 91
12040 61
12041 81
12042 31
12043 01
12044 61
12045 11
12046 41
12047 81
12048 71
12049 21
12050 21
12051 71
12052 01
12053 41
12054 11
12055 81
12056 81
12057 31
12058 41
12059 41
12060 71
12061 41
12062 21
12063 71
12064 21
12065 01
12066 11
12067 21
12068 41
12069 91
12070 61
12071 21
12072 91
12073 21
12074 61
12075 51
12076 21
12077 81
12078 31
12079 61
12080 21
12081 11
12082 61
12083 61
12084 31
12085 21
12086 61
12087 31
12088 21
12089 41
12090 71
12091 81
12092 01
12093 11
12094 21
12095 41
12096 11
12097 01
12098 61
12099 31
12100 81
12101 01
12102 51
12103 21
12104 01
12105 91
12106 21
12107 61
12108 71
12109 21
12110 41
12111 91
12112 41
12113 41
12114 31
12115 61
12116 81
12117 51
12118 61
12119 81
12120 11
12121 61
12122 01
12123 71
12124 81
12125 41
12126 51
12127 61
12128 01
12129 11
12130 21
12131 81
12132 71
12133 21
12134 81
12135 91
12136 81
12137 21
12138 51
12139 61
12140 01
12141 31
12142 01
12143 21
12144 11
12145 81
12146 61
12147 11
12148 81
12149 41
12150 51
12151 61
12152 01
12153 91
12154 01
12155 61
12156 51
12157 81
12158 81
12159 91
12160 81
12161 01
12162 11
12163 41
12164 81
12165 91
12166 81
12167 61
12168 11
12169 61
12170 01
12171 71
12172 81
12173 01
12174 11
12175 21
12176 61
12177 31
12178 21
12179 81
12180 71
12181 81
12182 01
12183 51
12184 41
12185 41
12186 11
12187 41
12188 01
12189 91
12190 81
12191 41
12192 11
12193 01
12194 81
12195 31
12196 01
12197 21
12198 91
12199 01
12200 41
12201 91
12202 41
12203 81
12204 71
12205 61
12206 81
12207 91
12208 21
12209 01
12210 11
12211 01
12212 81
12213 71
12214 41
12215 81
12216 51
12217 01
12218 61
12219 31
12220 41
12221 21
12222 51
12223 21
12224 61
12225 91
12226 81
12227 61
12228 31
12229 01
12230 01
12231 71
12232 01
12233 01
12234 31
12235 21
12236 81
12237 91
12238 41
12239 41
12240 91
12241 01
12242 01
12243 71
12244 41
12245 21
12246 71
12247 61
12248 61
12249 71
12250 81
12251 41
12252 31
12253 61
12254 21
12255 31
12256 21
12257 41
12258 11
12259 21
12260 61
12261 71
12262 21
12263 61
12264 51
12265 01
12266 01
12267 11
12268 41
12269 81
12270 51
12271 81
12272 61
12273 11
12274 21
12275 81
12276 71
12277 81
12278 61
12279 71
12280 61
12281 61
12282 91
12283 61
12284 01
12285 91
12286 41
12287 21
12288 91
12289 21
12290 61
12291 11
12292 41
12293 01
12294 51
12295 41
12296 41
12297 11
12298 61
12299 21
12300 11
12301 01
12302 81
12303 11
12304 01
12305 81
12306 51
12307 41
12308 41
12309 11
12310 41
12311 61
12312 51
12313 41
12314 01
12315 31
12316 01
12317 81
12318 31
12319 61
12320 41
12321 51
12322 61
12323 61
12324 51
12325 21
12326 81
12327 31
12328 41
12329 01
12330 91
12331 41
12332 21
12333 31
12334 21
12335 61
12336 11
12337 81
12338 21
12339 51
12340 41
12341 81
12342 51
12343 21
12344 21
12345 51
12346 61
12347 61
12348 91
12349 41
12350 61
12351 11
12352 61
12353 21
12354 11
12355 41
12356 61
12357 91
12358 81
12359 01
12360 31
12361 41
12362 41
12363 51
12364 61
12365 81
12366 31
12367 61
12368 21
12369 91
12370 21
12371 21
12372 91
12373 61
12374 21
12375 31
12376 21
12377 21
12378 11
12379 21
12380 61
12381 51
12382 61
12383 61
12384 51
12385 81
12386 81
12387 31
12388 41
12389 61
12390 71
12391 41
12392 21
12393 91
12394 81
12395 01
12396 11
12397 41
12398 61
12399 71
12400 61
12401 41
12402 71
12403 61
12404 01
12405 71
12406 61
12407 61
12408 91
12409 01
12410 21
12411 11
12412 61
12413 81
12414 51
12415 21
12416 61
12417 51
12418 01
12419 01
12420 71
12421 01
12422 41
12423 11
12424 01
12425 61
12426 11
12427 21
12428 41
12429 91
12430 41
12431 21
12432 91
12433 21
12434 41
12435 91
12436 21
12437 81
12438 11
12439 41
12440 41
12441 11
12442 41
12443 81
12444 91
12445 81
12446 41
12447 91
12448 41
12449 81
12450 31
12451 81
12452 01
12453 11
12454 01
12455 21
12456 11
12457 01
12458 41
12459 51
12460 21
12461 01
12462 31
12463 81
12464 01
12465 11
12466 01
12467 61
12468 51
12469 41
12470 81
12471 31
12472 21
12473 01
12474 31
12475 21
12476 81
12477 51
12478 41
12479 41
12480 91
12481 61
12482 81
12483 71
12484 41
12485 81
12486 31
12487 01
12488 61
12489 31
12490 21
12491 61
12492 51
12493 21
12494 41
12495 71
12496 01
12497 61
12498 11
12499 21
12500 61
12501 31
12502 81
12503 61
12504 51
12505 61
12506 41
12507 91
12508 41
12509 41
12510 71
12511 81
12512 01
12513 71
12514 21
12515 41
12516 11
12517 61
12518 41
12519 31
12520 81
12521 61
12522 11
12523 61
12524 01
12525 51
12526 61
12527 81
12528 91
12529 81
12530 61
12531 31
12532 21
12533 61
12534 31
12535 61
12536 81
12537 11
12538 21
12539 81
12540 11
12541 21
12542 41
12543 51
12544 81
12545 01
12546 71
12547 61
12548 41
12549 71
12550 21
12551 41
12552 11
12553 01
12554 61
12555 51
12556 01
12557 21
12558 71
12559 61
12560 01
12561 91
12562 21
12563 81
12564 11
12565 41
12566 61
12567 31
12568 61
12569 01
12570 31
12571 81
12572 41
12573 91
12574 61
12575 21
12576 51
12577 01
12578 41
12579 31
12580 61
12581 21
12582 31
12583 61
12584 81
12585 51
12586 61
12587 41
12588 71
12589 21
12590 61
12591 91
12592 81
12593 41
12594 51
12595 21
12596 21
12597 71
12598 81
12599 01
12600 31
12601 01
12602 81
12603 51
12604 61
12605 41
12606 51
12607 81
12608 21
12609 51
12610 21
12611 01
12612 51
12613 21
12614 01
12615 11
12616 21
12617 61
12618 71
12619 41
12620 01
12621 91
12622 41
12623 61
12624 51
12625 41
12626 81
12627 71
12628 41
12629 21
12630 51
12631 81
12632 41
12633 51
12634 41
12635 81
12636 51
12637 61
12638 01
12639 31
12640 41
12641 81
12642 71
12643 41
12644 61
12645 51
12646 81
12647 41
12648 91
12649 61
12650 81
12651 51
12652 01
12653 41
12654 91
12655 41
12656 21
12657 31
12658 21
12659 41
12660 91
12661 61
12662 01
12663 11
12664 41
12665 81
12666 51
12667 01
12668 81
12669 31
12670 41
12671 21
12672 71
12673 81
12674 61
12675 91
12676 01
12677 81
12678 11
12679 01
12680 21
12681 51
12682 41
12683 41
12684 51
12685 61
12686 61
12687 51
12688 81
12689 41
12690 91
12691 01
12692 21
12693 91
12694 41
12695 21
12696 91
12697 41
12698 21
12699 71
12700 01
12701 81
12702 31
12703 41
12704 41
12705 31
12706 41
12707 21
12708 71
12709 81
12710 81
12711 11
12712 21
12713 01
12714 51
12715 01
12716 21
12717 51
12718 61
12719 81
12720 71
12721 81
12722 01
12723 71
12724 41
12725 41
12726 11
12727 61
12728 61
12729 91
12730 81
12731 61
12732 31
12733 81
12734 81
12735 51
12736 81
12737 61
12738 31
12739 21
12740 81
12741 71
12742 01
12743 21
12744 71
12745 61
12746 81
12747 11
12748 41
12749 01
12750 11
12751 21
12752 61
12753 31
12754 41
12755 01
12756 91
12757 01
12758 41
12759 51
12760 41
12761 41
12762 31
12763 81
12764 21
12765 11
12766 21
12767 61
12768 71
12769 01
12770 01
12771 91
12772 41
12773 21
12774 31
12775 41
12776 81
12777 31
12778 01
12779 61
12780 51
12781 41
12782 81
12783 71
12784 61
12785 41
12786 71
12787 01
12788 81
12789 51
12790 41
12791 81
12792 71
12793 01
12794 21
12795 51
12796 81
12797 01
12798 31
12799 41
12800 81
12801 11
12802 21
12803 41
12804 31
12805 01
12806 21
12807 91
12808 61
12809 21
12810 71
12811 21
12812 21
12813 11
12814 61
12815 81
12816 51
12817 61
12818 01
12819 91
12820 41
12821 81
12822 71
12823 01
12824 41
12825 51
12826 81
12827 01
12828 51
12829 01
12830 81
12831 11
12832 41
12833 61
12834 11
12835 01
12836 41
12837 71
12838 01
12839 61
12840 91
12841 61
12842 01
12843 71
12844 01
12845 81
12846 51
12847 61
12848 21
12849 11
12850 41
12851 81
12852 91
12853 81
12854 01
12855 51
12856 01
12857 41
12858 51
12859 81
12860 01
12861 11
12862 61
12863 41
12864 71
12865 61
12866 61
12867 11
12868 01
12869 01
12870 91
12871 61
12872 21
12873 11
12874 21
12875 81
12876 71
12877 61
12878 61
12879 71
12880 61
12881 41
12882 31
12883 61
12884 01
12885 71
12886 21
12887 41
12888 91
12889 01
12890 81
12891 71
12892 01
12893 81
12894 11
12895 61
12896 81
12897 71
12898 61
12899 21
12900 11
12901 81
12902 61
12903 11
12904 01
12905 61
12906 71
12907 81
12908 41
12909 91
12910 01
12911 61
12912 71
12913 21
12914 01
12915 11
12916 21
12917 21
12918 71
12919 41
12920 01
12921 51
12922 21
12923 61
12924 51
12925 01
12926 41
12927 11
12928 41
12929 81
12930 91
12931 01
12932 61
12933 11
12934 61
12935 21
12936 31
12937 81
12938 01
12939 31
12940 41
12941 41
12942 31
12943 41
12944 61
12945 11
12946 21
12947 21
12948 91
12949 21
12950 01
12951 51
12952 41
12953 01
12954 91
12955 01
12956 61
12957 11
12958 01
12959 01
12960 11
12961 61
12962 21
12963 11
12964 41
12965 41
12966 71
12967 61
12968 81
12969 91
12970 41
12971 41
12972 51
12973 41
12974 41
12975 11
12976 41
12977 81
12978 71
12979 61
12980 21
12981 71
12982 01
12983 81
12984 31
12985 81
12986 81
12987 71
12988 81
12989 01
12990 71
12991 81
12992 81
12993 51
12994 01
12995 41
12996 91
12997 81
12998 61
12999 71
13000 61
13001 21
13002 91
13003 61
13004 01
13005 51
13006 21
13007 21
13008 91
13009 81
13010 21
13011 51
13012 41
13013 61
13014 91
13015 61
13016 61
13017 71
13018 81
13019 61
13020 91
13021 21
13022 81
13023 11
13024 01
13025 41
13026 11
13027 41
13028 41
13029 71
13030 81
13031 41
13032 51
13033 01
13034 21
13035 31
13036 41
13037 41
13038 31
13039 21
13040 81
13041 31
13042 41
13043 21
13044 71
13045 21
13046 01
13047 31
13048 41
13049 61
13050 11
13051 01
13052 21
13053 91
13054 21
13055 81
13056 91
13057 41
13058 01
13059 71
13060 81
13061 81
13062 11
13063 81
13064 21
13065 71
13066 21
13067 01
13068 71
13069 61
13070 81
13071 31
13072 61
13073 81
13074 91
13075 21
13076 21
13077 51
13078 41
13079 21
13080 31
13081 81
13082 81
13083 51
13084 21
13085 21
13086 91
13087 81
13088 81
13089 11
13090 01
13091 21
13092 11
13093 61
13094 61
13095 71
13096 41
13097 81
13098 51
13099 81
13100 01
13101 71
13102 81
13103 41
13104 71
13105 21
13106 61
13107 71
13108 01
13109 61
13110 71
13111 21
13112 01
13113 71
13114 81
13115 81
13116 31
13117 61
13118 01
13119 51
13120 21
13121 21
13122 71
13123 61
13124 01
13125 31
13126 01
13127 61
13128 91
13129 61
13130 41
13131 31
13132 61
13133 41
13134 51
13135 01
13136 21
13137 11
13138 81
13139 81
13140 71
13141 41
13142 01
13143 31
13144 41
13145 01
13146 91
13147 21
13148 41
13149 51
13150 41
13151 61
13152 91
13153 81
13154 21
13155 31
13156 41
13157 41
13158 71
13159 21
13160 81
13161 31
13162 81
13163 41
13164 71
13165 21
13166 41
13167 71
13168 01
13169 61
13170 51
13171 61
13172 01
13173 71
13174 61
13175 61
13176 51
13177 61
13178 81
13179 71
13180 81
13181 81
13182 51
13183 21
13184 21
13185 71
13186 61
13187 61
13188 91
13189 61
13190 21
13191 11
13192 61
13193 41
13194 31
13195 21
13196 61
13197 11
13198 61
13199 41
13200 71
13201 61
13202 81
13203 31
13204 21
13205 21
13206 31
13207 61
13208 21
13209 11
13210 41
13211 21
13212 91
13213 81
13214 01
13215 91
13216 21
13217 41
13218 51
13219 21
13220 41
13221 71
13222 61
13223 81
13224 31
13225 41
13226 41
13227 51
13228 81
13229 61
13230 11
13231 41
13232 21
13233 11
13234 21
13235 21
13236 11
13237 61
13238 61
13239 11
13240 21
13241 61
13242 31
13243 01
13244 81
13245 71
13246 81
13247 81
13248 91
13249 41
13250 41
13251 91
13252 21
13253 21
13254 91
13255 61
13256 61
13257 71
13258 61
13259 61
13260 91
13261 21
13262 61
13263 51
13264 01
13265 41
13266 91
13267 21
13268 61
13269 71
13270 61
13271 61
13272 11
13273 61
13274 01
13275 91
13276 61
13277 81
13278 91
13279 21
13280 81
13281 31
13282 21
13283 01
13284 71
13285 21
13286 81
13287 51
13288 81
13289 61
13290 91
13291 61
13292 21
13293 11
13294 01
13295 81
13296 71
13297 61
13298 41
13299 11
13300 61
13301 41
13302 11
13303 41
13304 21
13305 71
13306 01
13307 61
13308 51
13309 61
13310 61
13311 31
13312 21
13313 21
13314 71
13315 61
13316 81
13317 71
13318 41
13319 01
13320 11
13321 81
13322 41
13323 31
13324 41
13325 61
13326 51
13327 41
13328 41
13329 11
13330 81
13331 61
13332 51
13333 41
13334 41
13335 51
13336 01
13337 81
13338 71
13339 01
13340 01
13341 51
13342 01
13343 21
13344 31
13345 01
13346 21
13347 11
13348 01
13349 21
13350 71
13351 41
13352 21
13353 31
13354 61
13355 01
13356 11
13357 81
13358 61
13359 11
13360 61
13361 81
13362 91
13363 01
13364 21
13365 11
13366 01
13367 61
13368 31
13369 01
13370 81
13371 31
13372 01
13373 01
13374 11
13375 21
13376 61
13377 91
13378 21
13379 81
13380 71
13381 41
13382 81
13383 51
13384 41
13385 01
13386 71
13387 81
13388 01
13389 51
13390 21
13391 61
13392 31
13393 61
13394 01
13395 71
13396 81
13397 41
13398 91
13399 01
13400 41
13401 51
13402 01
13403 81
13404 71
13405 21
13406 21
13407 71
13408 21
13409 61
13410 31
13411 01
13412 21
13413 31
13414 41
13415 41
13416 91
13417 81
13418 41
13419 91
13420 61
13421 21
13422 71
13423 21
13424 61
13425 51
13426 01
13427 21
13428 31
13429 61
13430 01
13431 91
13432 81
13433 61
13434 11
13435 41
13436 21
13437 91
13438 01
13439 01
13440 91
13441 21
13442 61
13443 11
13444 21
13445 41
13446 91
13447 81
13448 61
13449 31
13450 61
13451 21
13452 91
13453 21
13454 81
13455 51
13456 21
13457 81
13458 51
13459 21
13460 21
13461 11
13462 81
13463 81
13464 11
13465 21
13466 81
13467 11
13468 61
13469 81
13470 91
13471 21
13472 81
13473 71
13474 61
13475 41
13476 11
13477 01
13478 81
13479 51
13480 81
13481 01
13482 71
13483 01
13484 61
13485 91
13486 41
13487 01
13488 71
13489 01
13490 61
13491 91
13492 61
13493 21
13494 91
13495 21
13496 01
13497 91
13498 61
13499 21
13500 11
13501 61
13502 21
13503 11
13504 01
13505 41
13506 71
13507 61
13508 41
13509 71
13510 41
13511 41
13512 11
13513 01
13514 81
13515 11
13516 01
13517 21
13518 91
13519 81
13520 81
13521 91
13522 41
13523 61
13524 51
13525 81
13526 81
13527 71
13528 41
13529 61
13530 71
13531 81
13532 41
13533 91
13534 81
13535 41
13536 51
13537 01
13538 61
13539 11
13540 21
13541 21
13542 51
13543 01
13544 81
13545 31
13546 81
13547 41
13548 91
13549 01
13550 21
13551 51
13552 01
13553 81
13554 51
13555 61
13556 21
13557 71
13558 01
13559 41
13560 51
13561 01
13562 01
13563 51
13564 01
13565 01
13566 71
13567 41
13568 61
13569 31
13570 21
13571 21
13572 71
13573 21
13574 41
13575 31
13576 01
13577 21
13578 11
13579 81
13580 41
13581 91
13582 61
13583 21
13584 11
13585 61
13586 01
13587 91
13588 81
13589 21
13590 31
13591 61
13592 41
13593 71
13594 21
13595 01
13596 91
13597 81
13598 41
13599 91
13600 41
13601 21
13602 71
13603 21
13604 41
13605 91
13606 01
13607 21
13608 11
13609 41
13610 21
13611 91
13612 61
13613 81
13614 71
13615 01
13616 01
13617 51
13618 21
13619 41
13620 51
13621 21
13622 61
13623 11
13624 01
13625 21
13626 91
13627 81
13628 41
13629 51
13630 01
13631 21
13632 71
13633 81
13634 81
13635 71
13636 01
13637 81
13638 31
13639 41
13640 61
13641 51
13642 61
13643 41
13644 11
13645 81
13646 81
13647 11
13648 41
13649 41
13650 71
13651 21
13652 61
13653 71
13654 21
13655 81
13656 91
13657 41
13658 41
13659 71
13660 81
13661 81
13662 51
13663 01
13664 21
13665 71
13666 61
13667 41
13668 31
13669 61
13670 21
13671 91
13672 41
13673 61
13674 31
13675 01
13676 81
13677 71
13678 21
13679 21
13680 31
13681 81
13682 21
13683 91
13684 21
13685 21
13686 31
13687 41
13688 01
13689 11
13690 41
13691 01
13692 11
13693 21
13694 01
13695 71
13696 81
13697 41
13698 71
13699 01
13700 41
13701 51
13702 81
13703 21
13704 71
13705 21
13706 01
13707 51
13708 41
13709 61
13710 11
13711 21
13712 81
13713 91
13714 21
13715 01
13716 11
13717 21
13718 01
13719 91
13720 61
13721 21
13722 51
13723 01
13724 61
13725 51
13726 81
13727 41
13728 71
13729 61
13730 81
13731 51
13732 81
13733 81
13734 91
13735 41
13736 01
13737 11
13738 41
13739 41
13740 71
13741 81
13742 61
13743 71
13744 21
13745 41
13746 71
13747 41
13748 41
13749 31
13750 41
13751 21
13752 51
13753 61
13754 61
13755 91
13756 81
13757 01
13758 51
13759 01
13760 01
13761 11
13762 41
13763 61
13764 31
13765 61
13766 41
13767 71
13768 21
13769 81
13770 71
13771 61
13772 21
13773 51
13774 41
13775 21
13776 71
13777 01
13778 01
13779 71
13780 81
13781 81
13782 91
13783 81
13784 21
13785 71
13786 01
13787 41
13788 71
13789 61
13790 61
13791 11
13792 81
13793 81
13794 71
13795 41
13796 81
13797 11
13798 21
13799 81
13800 51
13801 21
13802 41
13803 51
13804 21
13805 21
13806 71
13807 61
13808 81
13809 11
13810 81
13811 41
13812 51
13813 61
13814 41
13815 31
13816 41
13817 01
13818 31
13819 81
13820 81
13821 91
13822 21
13823 81
13824 51
13825 81
13826 61
13827 31
13828 01
13829 61
13830 51
13831 81
13832 81
13833 71
13834 61
13835 81
13836 91
13837 01
13838 81
13839 91
13840 81
13841 41
13842 71
13843 41
13844 81
13845 31
13846 61
13847 41
13848 11
13849 01
13850 01
13851 91
13852 21
13853 41
13854 31
13855 41
13856 61
13857 91
13858 61
13859 61
13860 31
13861 41
13862 21
13863 51
13864 41
13865 81
13866 11
13867 01
13868 01
13869 31
13870 01
13871 01
13872 91
13873 41
13874 21
13875 51
13876 61
13877 01
13878 51
13879 41
13880 61
13881 51
13882 41
13883 01
13884 11
13885 81
13886 61
13887 11
13888 21
13889 41
13890 51
13891 61
13892 41
13893 11
13894 01
13895 61
13896 91
13897 21
13898 41
13899 91
13900 21
13901 61
13902 91
13903 21
13904 21
13905 71
13906 41
13907 81
13908 91
13909 61
13910 01
13911 71
13912 21
13913 41
13914 11
13915 21
13916 01
13917 91
13918 41
13919 81
13920 11
13921 61
13922 01
13923 11
13924 81
13925 41
13926 51
13927 01
13928 21
13929 11
13930 21
13931 21
13932 11
13933 81
13934 81
13935 31
13936 41
13937 01
13938 31
13939 01
13940 81
13941 91
13942 21
13943 01
13944 11
13945 81
13946 61
13947 51
13948 21
13949 41
13950 51
13951 01
13952 61
13953 11
13954 01
13955 01
13956 31
13957 81
13958 41
13959 31
13960 81
13961 41
13962 71
13963 61
13964 01
13965 31
13966 61
13967 61
13968 91
13969 61
13970 01
13971 11
13972 61
13973 41
13974 11
13975 61
13976 61
13977 11
13978 41
13979 21
13980 91
13981 61
13982 61
13983 51
13984 81
13985 81
13986 11
13987 21
13988 41
13989 51
13990 01
13991 21
13992 91
13993 81
13994 81
13995 71
13996 21
13997 41
13998 31
13999 41
14000 81
14001 71
14002 41
14003 41
14004 31
14005 61
14006 21
14007 51
14008 61
14009 81
14010 51
14011 81
14012 01
14013 71
14014 21
14015 81
14016 11
14017 61
14018 41
14019 71
14020 01
14021 61
14022 11
14023 01
14024 41
14025 11
14026 61
14027 21
14028 51
14029 61
14030 41
14031 71
14032 01
14033 21
14034 51
14035 41
14036 81
14037 11
14038 21
14039 21
14040 51
14041 21
14042 41
14043 91
14044 41
14045 21
14046 71
14047 01
14048 21
14049 71
14050 81
14051 81
14052 11
14053 41
14054 21
14055 71
14056 21
14057 61
14058 51
14059 61
14060 81
14061 91
14062 21
14063 21
14064 91
14065 81
14066 61
14067 71
14068 61
14069 81
14070 51
14071 21
14072 61
14073 71
14074 21
14075 21
14076 91
14077 41
14078 41
14079 11
14080 01
14081 81
14082 51
14083 41
14084 61
14085 31
14086 61
14087 81
14088 91
14089 41
14090 01
14091 31
14092 21
14093 21
14094 51
14095 81
14096 81
14097 71
14098 21
14099 61
14100 71
14101 81
14102 21
14103 31
14104 81
14105 41
14106 31
14107 81
14108 81
14109 11
14110 01
14111 41
14112 11
14113 61
14114 61
14115 91
14116 01
14117 81
14118 51
14119 01
14120 21
14121 51
14122 81
14123 61
14124 51
14125 61
14126 01
14127 91
14128 41
14129 41
14130 31
14131 61
14132 01
14133 71
14134 81
14135 01
14136 51
14137 61
14138 01
14139 71
14140 01
14141 81
14142 71
14143 81
14144 41
14145 31
14146 81
14147 81
14148 91
14149 81
14150 21
14151 91
14152 21
14153 61
14154 91
14155 01
14156 61
14157 11
14158 81
14159 01
14160 11
14161 61
14162 01
14163 51
14164 41
14165 41
14166 51
14167 41
14168 01
14169 91
14170 21
14171 61
14172 11
14173 01
14174 21
14175 71
14176 61
14177 21
14178 31
14179 61
14180 21
14181 71
14182 81
14183 61
14184 31
14185 81
14186 61
14187 91
14188 21
14189 01
14190 51
14191 41
14192 81
14193 71
14194 81
14195 41
14196 71
14197 01
14198 01
14199 11
14200 41
14201 81
14202 91
14203 21
14204 01
14205 51
14206 01
14207 81
14208 71
14209 81
14210 01
14211 51
14212 01
14213 01
14214 71
14215 01
14216 21
14217 91
14218 81
14219 41
14220 71
14221 21
14222 41
14223 91
14224 21
14225 81
14226 71
14227 01
14228 01
14229 71
14230 61
14231 81
14232 91
14233 81
14234 01
14235 11
14236 01
14237 41
14238 51
14239 41
14240 81
14241 11
14242 61
14243 01
14244 31
14245 01
14246 61
14247 71
14248 41
14249 21
14250 11
14251 21
14252 41
14253 51
14254 01
14255 01
14256 71
14257 61
14258 61
14259 31
14260 21
14261 41
14262 31
14263 21
14264 41
14265 51
14266 21
14267 01
14268 11
14269 01
14270 21
14271 31
14272 01
14273 41
14274 51
14275 41
14276 61
14277 31
14278 81
14279 21
14280 31
14281 81
14282 61
14283 71
14284 21
14285 21
14286 71
14287 41
14288 41
14289 11
14290 81
14291 21
14292 51
14293 41
14294 41
14295 11
14296 81
14297 81
14298 71
14299 61
14300 61
14301 91
14302 01
14303 81
14304 71
14305 21
14306 41
14307 71
14308 21
14309 61
14310 51
14311 61
14312 21
14313 31
14314 61
14315 61
14316 71
14317 81
14318 61
14319 71
14320 01
14321 61
14322 91
14323 61
14324 41
14325 11
14326 41
14327 21
14328 31
14329 61
14330 21
14331 11
14332 81
14333 61
14334 31
14335 21
14336 81
14337 91
14338 21
14339 41
14340 91
14341 01
14342 81
14343 11
14344 41
14345 21
14346 51
14347 41
14348 81
14349 71
14350 61
14351 61
14352 91
14353 21
14354 01
14355 91
14356 41
14357 81
14358 71
14359 21
14360 61
14361 71
14362 01
14363 41
14364 51
14365 01
14366 81
14367 31
14368 81
14369 81
14370 31
14371 41
14372 61
14373 31
14374 01
14375 81
14376 51
14377 01
14378 01
14379 11
14380 41
14381 21
14382 91
14383 21
14384 01
14385 91
14386 21
14387 81
14388 71
14389 21
14390 41
14391 11
14392 01
14393 41
14394 31
14395 81
14396 01
14397 31
14398 61
14399 01
14400 91
14401 01
14402 41
14403 91
14404 21
14405 21
14406 11
14407 01
14408 01
14409 11
14410 21
14411 01
14412 91
14413 21
14414 81
14415 11
14416 61
14417 81
14418 51
14419 81
14420 41
14421 31
14422 81
14423 41
14424 11
14425 01
14426 41
14427 71
14428 41
14429 61
14430 91
14431 61
14432 41
14433 91
14434 01
14435 81
14436 91
14437 01
14438 81
14439 11
14440 81
14441 41
14442 71
14443 61
14444 41
14445 31
14446 61
14447 61
14448 31
14449 81
14450 01
14451 11
14452 01
14453 81
14454 71
14455 61
14456 01
14457 71
14458 21
14459 01
14460 31
14461 41
14462 21
14463 71
14464 61
14465 81
14466 11
14467 21
14468 81
14469 91
14470 01
14471 21
14472 31
14473 41
14474 01
14475 71
14476 61
14477 21
14478 31
14479 01
14480 21
14481 71
14482 81
14483 01
14484 51
14485 81
14486 61
14487 31
14488 61
14489 61
14490 51
14491 81
14492 41
14493 51
14494 61
14495 81
14496 51
14497 61
14498 21
14499 91
14500 41
14501 81
14502 91
14503 61
14504 41
14505 51
14506 01
14507 21
14508 31
14509 01
14510 01
14511 91
14512 81
14513 01
14514 31
14515 41
14516 21
14517 31
14518 41
14519 61
14520 91
14521 61
14522 21
14523 91
14524 01
14525 81
14526 71
14527 41
14528 81
14529 11
14530 61
14531 21
14532 91
14533 61
14534 21
14535 51
14536 21
14537 21
14538 11
14539 41
14540 21
14541 51
14542 61
14543 81
14544 71
14545 61
14546 81
14547 51
14548 21
14549 01
14550 11
14551 61
14552 61
14553 71
14554 41
14555 41
14556 11
14557 41
14558 61
14559 91
14560 81
14561 41
14562 71
14563 81
14564 81
14565 31
14566 61
14567 81
14568 31
14569 01
14570 01
14571 31
14572 61
14573 01
14574 31
14575 81
14576 21
14577 71
14578 41
14579 01
14580 11
14581 01
14582 41
14583 31
14584 41
14585 81
14586 11
14587 41
14588 41
14589 31
14590 01
14591 41
14592 51
14593 61
14594 21
14595 91
14596 41
14597 01
14598 11
14599 81
14600 61
14601 91
14602 01
14603 21
14604 31
14605 21
14606 41
14607 11
14608 01
14609 41
14610 51
14611 01
14612 21
14613 51
14614 01
14615 01
14616 91
14617 01
14618 61
14619 31
14620 41
14621 41
14622 51
14623 21
14624 61
14625 11
14626 41
14627 61
14628 31
14629 21
14630 21
14631 51
14632 01
14633 21
14634 11
14635 61
14636 21
14637 11
14638 81
14639 21
14640 51
14641 41
14642 01
14643 71
14644 41
14645 41
14646 91
14647 61
14648 61
14649 91
14650 61
14651 01
14652 31
14653 81
14654 61
14655 31
14656 01
14657 61
14658 11
14659 41
14660 41
14661 31
14662 81
14663 81
14664 91
14665 01
14666 41
14667 11
14668 41
14669 01
14670 91
14671 01
14672 61
14673 31
14674 21
14675 21
14676 31
14677 01
14678 21
14679 11
14680 41
14681 61
14682 11
14683 81
14684 01
14685 31
14686 61
14687 01
14688 51
14689 61
14690 01
14691 51
14692 41
14693 21
14694 11
14695 01
14696 61
14697 31
14698 81
14699 61
14700 11
14701 81
14702 61
14703 11
14704 21
14705 61
14706 71
14707 81
14708 61
14709 51
14710 01
14711 61
14712 91
14713 41
14714 81
14715 11
14716 41
14717 01
14718 11
14719 81
14720 21
14721 91
14722 01
14723 21
14724 91
14725 01
14726 41
14727 11
14728 61
14729 01
14730 91
14731 01
14732 81
14733 91
14734 21
14735 21
14736 51
14737 21
14738 01
14739 11
14740 61
14741 41
14742 51
14743 21
14744 21
14745 71
14746 41
14747 61
14748 91
14749 61
14750 01
14751 51
14752 61
14753 41
14754 11
14755 01
14756 81
14757 11
14758 41
14759 61
14760 31
14761 21
14762 61
14763 91
14764 41
14765 61
14766 91
14767 61
14768 21
14769 11
14770 21
14771 01
14772 91
14773 81
14774 81
14775 11
14776 61
14777 41
14778 31
14779 81
14780 41
14781 91
14782 41
14783 81
14784 11
14785 61
14786 81
14787 91
14788 61
14789 21
14790 11
14791 01
14792 21
14793 11
14794 01
14795 81
14796 91
14797 61
14798 41
14799 11
14800 81
14801 01
14802 11
14803 41
14804 41
14805 91
14806 81
14807 61
14808 71
14809 41
14810 01
14811 71
14812 41
14813 61
14814 51
14815 21
14816 21
14817 71
14818 41
14819 01
14820 31
14821 01
14822 41
14823 31
14824 61
14825 41
14826 11
14827 41
14828 61
14829 51
14830 81
14831 41
14832 71
14833 41
14834 61
14835 31
14836 61
14837 41
14838 91
14839 41
14840 01
14841 91
14842 01
14843 21
14844 51
14845 41
14846 41
14847 11
14848 21
14849 21
14850 11
14851 01
14852 41
14853 91
14854 01
14855 81
14856 11
14857 01
14858 81
14859 11
14860 01
14861 01
14862 71
14863 61
14864 61
14865 51
14866 41
14867 61
14868 51
14869 61
14870 41
14871 51
14872 21
14873 21
14874 51
14875 21
14876 41
14877 71
14878 21
14879 01
14880 51
14881 61
14882 21
14883 71
14884 81
14885 61
14886 71
14887 21
14888 01
14889 31
14890 01
14891 01
14892 51
14893 41
14894 21
14895 51
14896 21
14897 81
14898 51
14899 41
14900 21
14901 11
14902 81
14903 01
14904 71
14905 21
14906 81
14907 31
14908 81
14909 61
14910 91
14911 41
14912 61
14913 11
14914 01
14915 61
14916 51
14917 81
14918 41
14919 91
14920 81
14921 01
14922 71
14923 21
14924 81
14925 91
14926 41
14927 21
14928 51
14929 61
14930 61
14931 11
14932 01
14933 21
14934 71
14935 41
14936 01
14937 11
14938 41
14939 81
14940 71
14941 81
14942 61
14943 11
14944 41
14945 41
14946 71
14947 81
14948 81
14949 91
14950 41
14951 61
14952 11
14953 41
14954 41
14955 31
14956 61
14957 61
14958 71
14959 81
14960 01
14961 11
14962 41
14963 01
14964 71
14965 61
14966 41
14967 11
14968 81
14969 01
14970 71
14971 01
14972 01
14973 51
14974 01
14975 61
14976 71
14977 41
14978 61
14979 91
14980 01
14981 21
14982 71
14983 81
14984 01
14985 71
14986 01
14987 81
14988 51
14989 01
14990 61
14991 51
14992 81
14993 61
14994 91
14995 81
14996 01
14997 91
14998 81
14999 81
15000 91
15001 61
15002 41
15003 31
15004 61
15005 81
15006 91
15007 41
15008 61
15009 91
15010 81
15011 81
15012 71
15013 81
15014 81
15015 71
15016 81
15017 81
15018 31
15019 41
15020 41
15021 91
15022 61
15023 41
15024 91
15025 61
15026 01
15027 11
15028 21
15029 61
15030 31
15031 81
15032 41
15033 31
15034 41
15035 21
15036 51
15037 41
15038 41
15039 71
15040 61
15041 61
15042 51
15043 01
15044 01
15045 91
15046 01
15047 41
15048 11
15049 21
15050 21
15051 11
15052 21
15053 61
15054 11
15055 21
15056 21
15057 11
15058 01
15059 81
15060 31
15061 41
15062 21
15063 91
15064 01
15065 81
15066 11
15067 41
15068 81
15069 11
15070 01
15071 41
15072 91
15073 61
15074 61
15075 91
15076 81
15077 21
15078 51
15079 01
15080 01
15081 31
15082 01
15083 61
15084 31
15085 81
15086 61
15087 51
15088 21
15089 01
15090 51
15091 01
15092 61
15093 71
15094 81
15095 01
15096 31
15097 41
15098 01
15099 71
15100 81
15101 01
15102 11
15103 81
15104 21
15105 91
15106 81
15107 01
15108 71
15109 81
15110 01
15111 11
15112 61
15113 01
15114 71
15115 61
15116 61
15117 71
15118 81
15119 01
15120 91
15121 21
15122 81
15123 51
15124 21
15125 41
15126 11
15127 81
15128 81
15129 31
15130 81
15131 81
15132 11
15133 81
15134 01
15135 71
15136 21
15137 01
15138 51
15139 01
15140 81
15141 31
15142 41
15143 61
15144 11
15145 21
15146 01
15147 71
15148 01
15149 81
15150 11
15151 41
15152 01
15153 91
15154 81
15155 21
15156 91
15157 81
15158 61
15159 91
15160 01
15161 21
15162 91
15163 81
15164 01
15165 71
15166 21
15167 41
15168 51
15169 01
15170 81
15171 71
15172 61
15173 61
15174 11
15175 61
15176 41
15177 31
15178 01
15179 21
15180 71
15181 21
15182 81
15183 31
15184 61
15185 81
15186 11
15187 61
15188 61
15189 91
15190 01
15191 61
15192 31
15193 81
15194 01
15195 11
15196 81
15197 61
15198 51
15199 41
15200 61
15201 71
15202 21
15203 01
15204 11
15205 01
15206 01
15207 51
15208 21
15209 61
15210 51
15211 21
15212 61
15213 31
15214 61
15215 21
15216 91
15217 01
15218 61
15219 31
15220 01
15221 41
15222 51
15223 21
15224 21
15225 91
15226 41
15227 61
15228 91
15229 81
15230 61
15231 51
15232 61
15233 61
15234 31
15235 81
15236 81
15237 31
15238 21
15239 01
15240 71
15241 41
15242 01
15243 71
15244 01
15245 01
15246 91
15247 61
15248 21
15249 31
15250 41
15251 01
15252 91
15253 01
15254 61
15255 71
15256 61
15257 61
15258 71
15259 81
15260 21
15261 11
15262 41
15263 01
15264 91
15265 21
15266 41
15267 11
15268 01
15269 21
15270 51
15271 01
15272 21
15273 31
15274 41
15275 01
15276 91
15277 81
15278 41
15279 51
15280 41
15281 21
15282 71
15283 81
15284 21
15285 91
15286 01
15287 81
15288 71
15289 81
15290 21
15291 51
15292 01
15293 01
15294 91
15295 61
15296 21
15297 91
15298 01
15299 61
15300 51
15301 21
15302 61
15303 71
15304 61
15305 21
15306 91
15307 41
15308 81
15309 31
15310 01
15311 81
15312 91
15313 81
15314 21
15315 31
15316 01
15317 41
15318 71
15319 21
15320 41
15321 11
15322 81
15323 41
15324 31
15325 81
15326 81
15327 71
15328 61
15329 01
15330 71
15331 81
15332 61
15333 91
15334 01
15335 41
15336 71
15337 61
15338 81
15339 71
15340 41
15341 41
15342 51
15343 21
15344 81
15345 11
15346 41
15347 61
15348 51
15349 81
15350 21
15351 51
15352 21
15353 41
15354 91
15355 61
15356 41
15357 91
15358 21
15359 61
15360 71
15361 81
15362 81
15363 31
15364 81
15365 41
15366 91
15367 61
15368 81
15369 11
15370 61
15371 01
15372 51
15373 61
15374 21
15375 31
15376 21
15377 01
15378 11
15379 21
15380 61
15381 31
15382 01
15383 61
15384 51
15385 61
15386 61
15387 51
15388 41
15389 41
15390 91
15391 01
15392 81
15393 71
15394 41
15395 21
15396 51
15397 01
15398 61
15399 71
15400 61
15401 21
15402 51
15403 61
15404 01
15405 51
15406 81
15407 01
15408 91
15409 81
15410 81
15411 11
15412 81
15413 61
15414 51
15415 01
15416 81
15417 91
15418 41
15419 81
15420 31
15421 01
15422 01
15423 11
15424 01
15425 41
15426 71
15427 01
15428 41
15429 71
15430 41
15431 81
15432 31
15433 01
15434 81
15435 51
15436 41
15437 81
15438 91
15439 21
15440 41
15441 71
15442 21
15443 01
15444 31
15445 41
15446 01
15447 51
15448 41
15449 61
15450 71
15451 21
15452 81
15453 91
15454 81
15455 81
15456 11
15457 21
15458 61
15459 51
15460 01
15461 21
15462 11
15463 41
15464 81
15465 71
15466 41
15467 61
15468 11
15469 41
15470 01
15471 51
15472 81
15473 81
15474 51
15475 01
15476 01
15477 11
15478 01
15479 81
15480 51
15481 81
15482 21
15483 91
15484 21
15485 81
15486 31
15487 41
15488 01
15489 71
15490 21
15491 01
15492 11
15493 81
15494 61
15495 11
15496 81
15497 01
15498 11
15499 21
15500 61
15501 11
15502 01
15503 61
15504 51
15505 41
15506 01
15507 51
15508 41
15509 21
15510 71
15511 21
15512 81
15513 51
15514 61
15515 81
15516 11
15517 81
15518 21
15519 91
15520 01
15521 81
15522 51
15523 61
15524 01
15525 31
15526 61
15527 01
15528 91
15529 61
15530 01
15531 51
15532 81
15533 41
15534 11
15535 01
15536 01
15537 71
15538 41
15539 61
15540 51
15541 41
15542 41
15543 91
15544 61
15545 41
15546 31
15547 01
15548 41
15549 51
15550 01
15551 61
15552 31
15553 81
15554 81
15555 11
15556 81
15557 61
15558 31
15559 81
15560 61
15561 71
15562 01
15563 81
15564 31
15565 01
15566 81
15567 71
15568 81
15569 21
15570 31
15571 81
15572 81
15573 71
15574 21
15575 21
15576 91
15577 01
15578 41
15579 11
15580 01
15581 41
15582 31
15583 41
15584 61
15585 91
15586 21
15587 21
15588 91
15589 01
15590 41
15591 51
15592 41
15593 81
15594 71
15595 21
15596 61
15597 91
15598 21
15599 61
15600 71
15601 41
15602 81
15603 31
15604 81
15605 01
15606 71
15607 61
15608 81
15609 71
15610 21
15611 41
15612 51
15613 21
15614 61
15615 51
15616 41
15617 61
15618 31
15619 61
15620 41
15621 51
15622 01
15623 61
15624 51
15625 21
15626 21
15627 51
15628 41
15629 01
15630 31
15631 81
15632 81
15633 31
15634 61
15635 21
15636 91
15637 61
15638 61
15639 31
15640 01
15641 01
15642 31
15643 21
15644 21
15645 51
15646 01
15647 01
15648 91
15649 41
15650 01
15651 71
15652 81
15653 21
15654 51
15655 21
15656 61
15657 51
15658 21
15659 01
15660 71
15661 01
15662 61
15663 71
15664 01
15665 61
15666 31
15667 41
15668 21
15669 91
15670 61
15671 01
15672 31
15673 61
15674 61
15675 31
15676 01
15677 41
15678 51
15679 41
15680 41
15681 11
15682 61
15683 01
15684 91
15685 81
15686 61
15687 71
15688 01
15689 81
15690 51
15691 21
15692 01
15693 91
15694 21
15695 21
15696 31
15697 81
15698 01
15699 11
15700 41
15701 41
15702 31
15703 21
15704 01
15705 11
15706 21
15707 01
15708 71
15709 41
15710 01
15711 31
15712 61
15713 61
15714 51
15715 81
15716 21
15717 31
15718 41
15719 61
15720 11
15721 61
15722 21
15723 91
15724 21
15725 41
15726 71
15727 41
15728 01
15729 31
15730 41
15731 21
15732 11
15733 41
15734 61
15735 91
15736 41
15737 61
15738 91
15739 01
15740 61
15741 51
15742 61
15743 81
15744 91
15745 81
15746 81
15747 51
15748 41
15749 81
15750 71
15751 61
15752 81
15753 11
15754 41
15755 21
15756 31
15757 41
15758 81
15759 71
15760 41
15761 01
15762 91
15763 21
15764 81
15765 71
15766 61
15767 81
15768 51
15769 41
15770 21
15771 31
15772 81
15773 01
15774 71
15775 41
15776 41
15777 31
15778 81
15779 81
15780 11
15781 21
15782 61
15783 31
15784 81
15785 01
15786 91
15787 01
15788 81
15789 71
15790 41
15791 41
15792 71
15793 21
15794 81
15795 11
15796 61
15797 21
15798 51
15799 81
15800 41
15801 71
15802 01
15803 41
15804 11
15805 41
15806 81
15807 31
15808 41
15809 01
15810 51
15811 41
15812 21
15813 31
15814 81
15815 41
15816 11
15817 81
15818 81
15819 11
15820 81
15821 81
15822 11
15823 61
15824 41
15825 71
15826 21
15827 81
15828 31
15829 21
15830 81
15831 11
15832 61
15833 21
15834 71
15835 01
15836 61
15837 91
15838 41
15839 41
15840 11
15841 41
15842 01
15843 71
15844 61
15845 21
15846 91
15847 61
15848 81
15849 31
15850 01
15851 01
15852 51
15853 81
15854 21
15855 51
15856 21
15857 21
15858 71
15859 41
15860 21
15861 51
15862 21
15863 61
15864 71
15865 61
15866 41
15867 11
15868 61
15869 01
15870 71
15871 01
15872 81
15873 91
15874 01
15875 61
15876 51
15877 21
15878 81
15879 91
15880 81
15881 41
15882 31
15883 41
15884 81
15885 31
15886 21
15887 21
15888 11
15889 01
15890 61
15891 51
15892 61
15893 41
15894 91
15895 81
15896 81
15897 11
15898 21
15899 81
15900 71
15901 21
15902 41
15903 51
15904 41
15905 81
15906 71
15907 61
15908 01
15909 31
15910 61
15911 41
15912 71
15913 41
15914 81
15915 71
15916 61
15917 41
15918 11
15919 41
15920 21
15921 91
15922 21
15923 81
15924 71
15925 01
15926 61
15927 31
15928 21
15929 41
15930 11
15931 81
15932 01
15933 11
15934 61
15935 61
15936 11
15937 01
15938 01
15939 71
15940 41
15941 01
15942 91
15943 81
15944 81
15945 71
15946 61
15947 41
15948 31
15949 41
15950 21
15951 91
15952 41
15953 41
15954 71
15955 01
15956 81
15957 51
15958 01
15959 41
15960 31
15961 61
15962 41
15963 51
15964 81
15965 01
15966 91
15967 61
15968 41
15969 71
15970 41
15971 01
15972 11
15973 01
15974 81
15975 71
15976 81
15977 21
15978 91
15979 41
15980 41
15981 31
15982 41
15983 21
15984 91
15985 01
15986 01
15987 31
15988 61
15989 01
15990 51
15991 01
15992 41
15993 91
15994 81
15995 01
15996 11
15997 01
15998 61
15999 71
16000 61
16001 01
16002 51
16003 61
16004 01
16005 31
16006 21
16007 01
16008 91
16009 61
16010 61
16011 31
16012 81
16013 41
16014 71
16015 61
16016 41
16017 71
16018 01
16019 01
16020 71
16021 61
16022 01
16023 11
16024 01
16025 21
16026 51
16027 01
16028 41
16029 51
16030 61
16031 21
16032 31
16033 81
16034 41
16035 51
16036 61
16037 61
16038 91
16039 01
16040 61
16041 11
16042 61
16043 81
16044 91
16045 41
16046 61
16047 51
16048 41
16049 41
16050 31
16051 01
16052 81
16053 71
16054 81
16055 41
16056 51
16057 01
16058 01
16059 11
16060 21
16061 21
16062 91
16063 21
16064 81
16065 31
16066 21
16067 81
16068 51
16069 01
16070 61
16071 11
16072 81
16073 61
16074 91
16075 41
16076 81
16077 91
16078 81
16079 41
16080 51
16081 01
16082 41
16083 91
16084 01
16085 01
16086 11
16087 01
16088 81
16089 31
16090 61
16091 01
16092 71
16093 81
16094 81
16095 31
16096 41
16097 81
16098 31
16099 01
16100 81
16101 71
16102 61
16103 01
16104 11
16105 61
16106 41
16107 71
16108 21
16109 21
16110 71
16111 61
16112 21
16113 91
16114 61
16115 21
16116 71
16117 41
16118 41
16119 31
16120 81
16121 21
16122 51
16123 61
16124 01
16125 11
16126 81
16127 01
16128 91
16129 41
16130 61
16131 11
16132 81
16133 21
16134 11
16135 41
16136 81
16137 51
16138 81
16139 01
16140 51
16141 61
16142 21
16143 51
16144 81
16145 61
16146 71
16147 01
16148 41
16149 31
16150 01
16151 81
16152 31
16153 61
16154 21
16155 31
16156 41
16157 41
16158 11
16159 21
16160 81
16161 31
16162 21
16163 61
16164 71
16165 21
16166 81
16167 11
16168 61
16169 61
16170 91
16171 21
16172 81
16173 51
16174 01
16175 41
16176 11
16177 81
16178 61
16179 71
16180 81
16181 81
16182 91
16183 61
16184 21
16185 71
16186 01
16187 21
16188 11
16189 61
16190 61
16191 91
16192 61
16193 01
16194 71
16195 21
16196 01
16197 71
16198 81
16199 61
16200 11
16201 41
16202 81
16203 11
16204 21
16205 21
16206 71
16207 41
16208 61
16209 11
16210 81
16211 21
16212 71
16213 01
16214 41
16215 11
16216 01
16217 01
16218 51
16219 61
16220 81
16221 71
16222 41
16223 21
16224 91
16225 61
16226 21
16227 31
16228 61
16229 61
16230 51
16231 61
16232 41
16233 51
16234 61
16235 61
16236 91
16237 61
16238 21
16239 71
16240 21
16241 01
16242 91
16243 41
16244 61
16245 11
16246 61
16247 01
16248 91
16249 21
16250 41
16251 51
16252 81
16253 01
16254 31
16255 21
16256 01
16257 31
16258 41
16259 41
16260 11
16261 01
16262 21
16263 71
16264 61
16265 81
16266 91
16267 21
16268 81
16269 91
16270 81
16271 61
16272 31
16273 41
16274 81
16275 51
16276 81
16277 21
16278 11
16279 21
16280 81
16281 31
16282 61
16283 61
16284 71
16285 21
16286 21
16287 31
16288 61
16289 61
16290 31
16291 61
16292 41
16293 51
16294 41
16295 01
16296 91
16297 61
16298 01
16299 51
16300 41
16301 01
16302 71
16303 61
16304 21
16305 71
16306 41
16307 61
16308 11
16309 61
16310 01
16311 51
16312 81
16313 01
16314 11
16315 01
16316 01
16317 31
16318 21
16319 61
16320 51
16321 01
16322 01
16323 31
16324 61
16325 01
16326 71
16327 21
16328 61
16329 11
16330 21
16331 01
16332 11
16333 01
16334 81
16335 11
16336 81
16337 21
16338 91
16339 81
16340 61
16341 31
16342 41
16343 61
16344 31
16345 61
16346 01
16347 71
16348 21
16349 81
16350 31
16351 41
16352 21
16353 51
16354 01
16355 81
16356 11
16357 01
16358 61
16359 11
16360 01
16361 01
16362 51
16363 01
16364 61
16365 51
16366 21
16367 41
16368 71
16369 61
16370 21
16371 71
16372 81
16373 81
16374 31
16375 81
16376 61
16377 11
16378 81
16379 01
16380 51
16381 61
16382 01
16383 51
16384 81
16385 61
16386 51
16387 41
16388 41
16389 31
16390 81
16391 61
16392 51
16393 61
16394 01
16395 51
16396 01
16397 01
16398 91
16399 81
16400 01
16401 71
16402 81
16403 61
16404 71
16405 21
16406 61
16407 91
16408 61
16409 61
16410 71
16411 41
16412 21
16413 51
16414 81
16415 01
16416 11
16417 01
16418 41
16419 71
16420 61
16421 01
16422 31
16423 01
16424 01
16425 31
16426 01
16427 81
16428 11
16429 61
16430 41
16431 51
16432 41
16433 01
16434 51
16435 21
16436 61
16437 11
16438 61
16439 01
16440 71
16441 61
16442 81
16443 91
16444 01
16445 21
16446 31
16447 21
16448 81
16449 51
16450 41
16451 81
16452 31
16453 01
16454 21
16455 51
16456 41
16457 81
16458 31
16459 41
16460 41
16461 71
16462 61
16463 41
16464 91
16465 41
16466 41
16467 11
16468 21
16469 41
16470 11
16471 01
16472 41
16473 11
16474 61
16475 81
16476 11
16477 21
16478 01
16479 91
16480 01
16481 21
16482 51
16483 01
16484 01
16485 71
16486 81
16487 41
16488 11
16489 01
16490 41
16491 51
16492 21
16493 41
16494 71
16495 21
16496 41
16497 91
16498 01
16499 61
16500 51
16501 81
16502 61
16503 71
16504 61
16505 81
16506 71
16507 41
16508 81
16509 91
16510 61
16511 21
16512 91
16513 41
16514 61
16515 51
16516 21
16517 01
16518 91
16519 61
16520 21
16521 31
16522 81
16523 41
16524 31
16525 41
16526 41
16527 71
16528 61
16529 61
16530 11
16531 61
16532 61
16533 51
16534 21
16535 41
16536 11
16537 21
16538 81
16539 31
16540 81
16541 21
16542 31
16543 81
16544 01
16545 11
16546 61
16547 61
16548 51
16549 41
16550 41
16551 11
16552 21
16553 01
16554 91
16555 81
16556 21
16557 51
16558 01
16559 81
16560 11
16561 81
16562 41
16563 91
16564 81
16565 61
16566 51
16567 01
16568 61
16569 31
16570 81
16571 21
16572 51
16573 21
16574 01
16575 11
16576 81
16577 61
16578 71
16579 41
16580 61
16581 71
16582 41
16583 61
16584 11
16585 01
16586 21
16587 71
16588 01
16589 61
16590 71
16591 01
16592 01
16593 71
16594 81
16595 61
16596 71
16597 61
16598 01
16599 31
16600 01
16601 41
16602 71
16603 41
16604 21
16605 91
16606 61
16607 41
16608 51
16609 81
16610 81
16611 91
16612 61
16613 41
16614 51
16615 81
16616 01
16617 11
16618 81
16619 61
16620 91
16621 81
16622 01
16623 11
16624 01
16625 01
16626 11
16627 01
16628 41
16629 31
16630 61
16631 01
16632 31
16633 61
16634 81
16635 31
16636 01
16637 41
16638 71
16639 01
16640 41
16641 11
16642 81
16643 21
16644 71
16645 81
16646 81
16647 51
16648 41
16649 21
16650 71
16651 61
16652 81
16653 51
16654 61
16655 21
16656 31
16657 81
16658 21
16659 31
16660 41
16661 41
16662 51
16663 01
16664 61
16665 11
16666 41
16667 41
16668 71
16669 21
16670 21
16671 31
16672 81
16673 41
16674 11
16675 41
16676 41
16677 71
16678 41
16679 01
16680 11
16681 61
16682 41
16683 31
16684 41
16685 41
16686 91
16687 41
16688 41
16689 91
16690 61
16691 81
16692 51
16693 21
16694 61
16695 11
16696 61
16697 61
16698 31
16699 21
16700 41
16701 11
16702 01
16703 21
16704 31
16705 81
16706 01
16707 11
16708 01
16709 01
16710 91
16711 81
16712 21
16713 11
16714 21
16715 01
16716 31
16717 61
16718 61
16719 91
16720 81
16721 21
16722 31
16723 81
16724 81
16725 11
16726 61
16727 61
16728 31
16729 81
16730 41
16731 11
16732 01
16733 81
16734 11
16735 81
16736 01
16737 71
16738 61
16739 41
16740 91
16741 41
16742 61
16743 31
16744 41
16745 61
16746 51
16747 01
16748 41
16749 11
16750 81
16751 21
16752 31
16753 41
16754 41
16755 11
16756 61
16757 21
16758 71
16759 61
16760 41
16761 71
16762 21
16763 81
16764 51
16765 41
16766 01
16767 31
16768 01
16769 21
16770 71
16771 01
16772 81
16773 31
16774 61
16775 61
16776 51
16777 61
16778 61
16779 71
16780 81
16781 81
16782 31
16783 61
16784 21
16785 71
16786 41
16787 41
16788 11
16789 61
16790 01
16791 31
16792 21
16793 01
16794 11
16795 81
16796 81
16797 51
16798 21
16799 41
16800 71
16801 61
16802 61
16803 11
16804 21
16805 21
16806 11
16807 81
16808 61
16809 11
16810 21
16811 81
16812 91
16813 01
16814 81
16815 91
16816 01
16817 61
16818 91
16819 61
16820 21
16821 31
16822 61
16823 41
16824 31
16825 41
16826 21
16827 11
16828 61
16829 61
16830 91
16831 41
16832 81
16833 51
16834 01
16835 61
16836 71
16837 81
16838 61
16839 91
16840 01
16841 61
16842 91
16843 81
16844 01
16845 11
16846 41
16847 41
16848 51
16849 41
16850 21
16851 31
16852 61
16853 01
16854 71
16855 41
16856 21
16857 71
16858 81
16859 81
16860 91
16861 01
16862 81
16863 31
16864 61
16865 21
16866 51
16867 61
16868 61
16869 31
16870 61
16871 81
16872 31
16873 21
16874 81
16875 11
16876 41
16877 01
16878 51
16879 81
16880 21
16881 91
16882 41
16883 41
16884 91
16885 01
16886 81
16887 51
16888 21
16889 01
16890 31
16891 61
16892 61
16893 71
16894 61
16895 01
16896 11
16897 41
16898 81
16899 11
16900 61
16901 41
16902 91
16903 61
16904 21
16905 71
16906 81
16907 21
16908 11
16909 61
16910 41
16911 31
16912 61
16913 01
16914 51
16915 01
16916 21
16917 71
16918 61
16919 81
16920 71
16921 01
16922 61
16923 71
16924 41
16925 61
16926 31
16927 41
16928 61
16929 11
16930 61
16931 01
16932 71
16933 01
16934 21
16935 31
16936 41
16937 01
16938 31
16939 21
16940 81
16941 91
16942 21
16943 21
16944 71
16945 81
16946 61
16947 71
16948 41
16949 21
16950 51
16951 21
16952 41
16953 51
16954 41
16955 21
16956 71
16957 61
16958 01
16959 71
16960 81
16961 41
16962 71
16963 81
16964 21
16965 31
16966 61
16967 81
16968 71
16969 21
16970 01
16971 31
16972 01
16973 41
16974 91
16975 81
16976 61
16977 31
16978 21
16979 81
16980 51
16981 81
16982 01
16983 51
16984 21
16985 81
16986 11
16987 41
16988 81
16989 71
16990 01
16991 41
16992 91
16993 21
16994 41
16995 91
16996 81
16997 81
16998 11
16999 41
17000 01
17001 91
17002 41
17003 81
17004 51
17005 41
17006 81
17007 91
17008 01
17009 21
17010 51
17011 01
17012 61
17013 31
17014 41
17015 01
17016 31
17017 01
17018 41
17019 51
17020 81
17021 61
17022 31
17023 81
17024 61
17025 51
17026 81
17027 61
17028 11
17029 61
17030 81
17031 71
17032 81
17033 01
17034 91
17035 61
17036 61
17037 31
17038 01
17039 61
17040 91
17041 81
17042 81
17043 71
17044 01
17045 01
17046 91
17047 01
17048 21
17049 31
17050 41
17051 41
17052 11
17053 01
17054 61
17055 11
17056 01
17057 21
17058 71
17059 21
17060 81
17061 91
17062 21
17063 41
17064 71
17065 81
17066 61
17067 91
17068 01
17069 21
17070 51
17071 41
17072 61
17073 31
17074 41
17075 41
17076 51
17077 01
17078 41
17079 91
17080 21
17081 21
17082 31
17083 21
17084 21
17085 31
17086 61
17087 01
17088 91
17089 21
17090 01
17091 51
17092 81
17093 01
17094 91
17095 01
17096 01
17097 31
17098 01
17099 01
17100 51
17101 01
17102 81
17103 11
17104 81
17105 01
17106 51
17107 41
17108 21
17109 71
17110 01
17111 61
17112 31
17113 41
17114 41
17115 11
17116 81
17117 21
17118 71
17119 61
17120 61
17121 31
17122 21
17123 81
17124 71
17125 61
17126 81
17127 31
17128 21
17129 01
17130 11
17131 41
17132 01
17133 71
17134 41
17135 21
17136 91
17137 61
17138 61
17139 71
17140 01
17141 01
17142 31
17143 61
17144 41
17145 51
17146 01
17147 41
17148 31
17149 01
17150 01
17151 11
17152 41
17153 01
17154 31
17155 61
17156 41
17157 11
17158 41
17159 81
17160 71
17161 01
17162 61
17163 11
17164 41
17165 61
17166 31
17167 81
17168 81
17169 11
17170 61
17171 41
17172 11
17173 61
17174 21
17175 71
17176 01
17177 81
17178 11
17179 61
17180 61
17181 51
17182 41
17183 01
17184 71
17185 81
17186 61
17187 11
17188 81
17189 21
17190 51
17191 61
17192 01
17193 71
17194 41
17195 61
17196 51
17197 61
17198 61
17199 11
17200 81
17201 81
17202 31
17203 01
17204 41
17205 71
17206 41
17207 81
17208 51
17209 21
17210 01
17211 71
17212 81
17213 81
17214 91
17215 21
17216 61
17217 11
17218 41
17219 21
17220 71
17221 61
17222 61
17223 51
17224 61
17225 21
17226 11
17227 21
17228 21
17229 31
17230 21
17231 21
17232 71
17233 01
17234 41
17235 31
17236 01
17237 01
17238 51
17239 81
17240 41
17241 71
17242 41
17243 41
17244 11
17245 41
17246 21
17247 51
17248 41
17249 01
17250 91
17251 81
17252 81
17253 31
17254 21
17255 01
17256 91
17257 61
17258 21
17259 91
17260 41
17261 01
17262 91
17263 61
17264 41
17265 71
17266 61
17267 21
17268 31
17269 21
17270 21
17271 71
17272 81
17273 21
17274 11
17275 81
17276 61
17277 51
17278 81
17279 41
17280 51
17281 01
17282 21
17283 91
17284 01
17285 01
17286 91
17287 41
17288 81
17289 31
17290 41
17291 81
17292 91
17293 81
17294 61
17295 51
17296 01
17297 41
17298 11
17299 61
17300 01
17301 11
17302 21
17303 01
17304 11
17305 61
17306 21
17307 51
17308 21
17309 21
17310 51
17311 81
17312 61
17313 91
17314 41
17315 81
17316 71
17317 61
17318 21
17319 31
17320 61
17321 41
17322 91
17323 01
17324 81
17325 71
17326 81
17327 61
17328 91
17329 41
17330 41
17331 71
17332 61
17333 21
17334 91
17335 41
17336 41
17337 91
17338 61
17339 41
17340 11
17341 81
17342 21
17343 31
17344 61
17345 61
17346 31
17347 81
17348 61
17349 71
17350 61
17351 41
17352 91
17353 61
17354 01
17355 71
17356 81
17357 21
17358 91
17359 01
17360 41
17361 31
17362 41
17363 81
17364 71
17365 01
17366 01
17367 91
17368 21
17369 41
17370 51
17371 61
17372 81
17373 11
17374 01
17375 61
17376 31
17377 41
17378 41
17379 91
17380 61
17381 01
17382 51
17383 21
17384 61
17385 31
17386 21
17387 61
17388 31
17389 41
17390 61
17391 91
17392 01
17393 41
17394 11
17395 21
17396 41
17397 31
17398 41
17399 81
17400 51
17401 21
17402 21
17403 11
17404 21
17405 21
17406 51
17407 61
17408 61
17409 11
17410 61
17411 81
17412 31
17413 01
17414 21
17415 11
17416 41
17417 81
17418 31
17419 01
17420 21
17421 71
17422 61
17423 01
17424 51
17425 81
17426 41
17427 71
17428 61
17429 61
17430 31
17431 61
17432 61
17433 51
17434 41
17435 01
17436 11
17437 21
17438 01
17439 51
17440 61
17441 21
17442 51
17443 61
17444 41
17445 51
17446 81
17447 01
17448 31
17449 01
17450 81
17451 11
17452 21
17453 01
17454 11
17455 01
17456 21
17457 51
17458 21
17459 61
17460 71
17461 81
17462 61
17463 31
17464 81
17465 41
17466 71
17467 01
17468 81
17469 11
17470 41
17471 81
17472 71
17473 61
17474 01
17475 51
17476 81
17477 61
17478 91
17479 81
17480 81
17481 71
17482 61
17483 61
17484 51
17485 61
17486 41
17487 31
17488 41
17489 41
17490 71
17491 21
17492 21
17493 71
17494 21
17495 81
17496 51
17497 21
17498 41
17499 71
17500 41
17501 41
17502 91
17503 01
17504 81
17505 11
17506 81
17507 61
17508 91
17509 81
17510 61
17511 71
17512 61
17513 61
17514 31
17515 01
17516 41
17517 31
17518 21
17519 21
17520 91
17521 21
17522 01
17523 91
17524 81
17525 41
17526 31
17527 81
17528 61
17529 11
17530 01
17531 41
17532 91
17533 01
17534 61
17535 91
17536 81
17537 61
17538 71
17539 01
17540 01
17541 71
17542 41
17543 21
17544 31
17545 21
17546 21
17547 31
17548 01
17549 41
17550 31
17551 61
17552 81
17553 51
17554 81
17555 01
17556 31
17557 81
17558 41
17559 71
17560 81
17561 41
17562 71
17563 01
17564 21
17565 31
17566 61
17567 01
17568 31
17569 21
17570 01
17571 51
17572 21
17573 21
17574 91
17575 01
17576 41
17577 71
17578 61
17579 01
17580 91
17581 61
17582 61
17583 91
17584 21
17585 81
17586 11
17587 61
17588 01
17589 71
17590 01
17591 61
17592 71
17593 81
17594 41
17595 11
17596 21
17597 81
17598 91
17599 61
17600 01
17601 11
17602 21
17603 41
17604 11
17605 61
17606 21
17607 91
17608 41
17609 21
17610 51
17611 21
17612 01
17613 51
17614 41
17615 21
17616 31
17617 41
17618 01
17619 71
17620 41
17621 01
17622 11
17623 81
17624 81
17625 71
17626 81
17627 01
17628 31
17629 41
17630 41
17631 11
17632 21
17633 41
17634 91
17635 81
17636 21
17637 91
17638 21
17639 81
17640 11
17641 21
17642 81
17643 51
17644 81
17645 01
17646 11
17647 81
17648 41
17649 71
17650 61
17651 81
17652 71
17653 01
17654 01
17655 11
17656 81
17657 01
17658 11
17659 41
17660 61
17661 11
17662 01
17663 81
17664 11
17665 41
17666 01
17667 71
17668 61
17669 01
17670 71
17671 41
17672 61
17673 91
17674 01
17675 01
17676 51
17677 61
17678 81
17679 31
17680 01
17681 81
17682 51
17683 81
17684 21
17685 31
17686 61
17687 21
17688 71
17689 21
17690 01
17691 71
17692 21
17693 41
17694 91
17695 21
17696 01
17697 91
17698 21
17699 21
17700 11
17701 61
17702 81
17703 91
17704 01
17705 41
17706 31
17707 21
17708 81
17709 71
17710 01
17711 81
17712 31
17713 21
17714 41
17715 31
17716 41
17717 01
17718 11
17719 81
17720 81
17721 91
17722 01
17723 21
17724 51
17725 81
17726 41
17727 11
17728 21
17729 61
17730 31
17731 01
17732 41
17733 31
17734 41
17735 41
17736 11
17737 41
17738 41
17739 91
17740 81
17741 41
17742 51
17743 21
17744 81
17745 31
17746 41
17747 61
17748 51
17749 01
17750 81
17751 51
17752 21
17753 61
17754 11
17755 41
17756 41
17757 11
17758 01
17759 01
17760 11
17761 01
17762 21
17763 11
17764 41
17765 81
17766 91
17767 61
17768 81
17769 31
17770 81
17771 01
17772 51
17773 81
17774 01
17775 91
17776 21
17777 21
17778 51
17779 21
17780 41
17781 51
17782 01
17783 81
17784 31
17785 21
17786 21
17787 71
17788 81
17789 41
17790 31
17791 01
17792 81
17793 91
17794 81
17795 41
17796 51
17797 21
17798 61
17799 11
17800 21
17801 41
17802 11
17803 01
17804 81
17805 51
17806 01
17807 21
17808 91
17809 21
17810 01
17811 91
17812 41
17813 01
17814 91
17815 41
17816 81
17817 11
17818 01
17819 41
17820 51
17821 21
17822 21
17823 51
17824 01
17825 21
17826 51
17827 01
17828 61
17829 51
17830 61
17831 21
17832 51
17833 41
17834 41
17835 51
17836 81
17837 81
17838 71
17839 01
17840 81
17841 91
17842 01
17843 21
17844 11
17845 81
17846 41
17847 11
17848 81
17849 41
17850 31
17851 01
17852 01
17853 91
17854 81
17855 41
17856 71
17857 81
17858 61
17859 11
17860 41
17861 61
17862 91
17863 01
17864 01
17865 31
17866 41
17867 61
17868 11
17869 61
17870 81
17871 51
17872 81
17873 01
17874 91
17875 41
17876 01
17877 31
17878 01
17879 41
17880 71
17881 01
17882 81
17883 51
17884 21
17885 61
17886 51
17887 81
17888 81
17889 51
17890 81
17891 01
17892 11
17893 01
17894 61
17895 91
17896 81
17897 21
17898 71
17899 01
17900 01
17901 31
17902 21
17903 21
17904 31
17905 81
17906 81
17907 71
17908 01
17909 01
17910 71
17911 81
17912 01
17913 11
17914 01
17915 41
17916 11
17917 01
17918 41
17919 71
17920 81
17921 01
17922 31
17923 01
17924 21
17925 91
17926 01
17927 81
17928 31
17929 81
17930 21
17931 51
17932 61
17933 81
17934 91
17935 61
17936 81
17937 51
17938 41
17939 61
17940 11
17941 61
17942 81
17943 91
17944 21
17945 41
17946 31
17947 21
17948 01
17949 31
17950 01
17951 81
17952 51
17953 41
17954 21
17955 31
17956 61
17957 81
17958 51
17959 21
17960 01
17961 31
17962 81
17963 81
17964 91
17965 81
17966 41
17967 11
17968 41
17969 81
17970 31
17971 01
17972 61
17973 11
17974 01
17975 41
17976 31
17977 81
17978 41
17979 71
17980 01
17981 41
17982 71
17983 01
17984 41
17985 91
17986 61
17987 01
17988 51
17989 41
17990 81
17991 51
17992 41
17993 01
17994 31
17995 41
17996 61
17997 11
17998 41
17999 61
18000 31
18001 61
18002 61
18003 91
18004 41
18005 01
18006 11
18007 61
18008 21
18009 51
18010 61
18011 61
18012 91
18013 21
18014 41
18015 91
18016 41
18017 81
18018 11
18019 41
18020 61
18021 71
18022 41
18023 81
18024 11
18025 01
18026 21
18027 91
18028 61
18029 61
18030 71
18031 21
18032 21
18033 51
18034 81
18035 81
18036 51
18037 01
18038 41
18039 51
18040 41
18041 21
18042 31
18043 81
18044 21
18045 91
18046 61
18047 61
18048 71
18049 81
18050 81
18051 11
18052 41
18053 01
18054 51
18055 01
18056 41
18057 11
18058 61
18059 81
18060 91
18061 01
18062 81
18063 71
18064 61
18065 21
18066 51
18067 01
18068 81
18069 31
18070 61
18071 21
18072 71
18073 81
18074 81
18075 51
18076 01
18077 81
18078 31
18079 21
18080 01
18081 51
18082 61
18083 21
18084 91
18085 01
18086 81
18087 91
18088 61
18089 01
18090 31
18091 01
18092 21
18093 91
18094 61
18095 41
18096 91
18097 41
18098 41
18099 51
18100 61
18101 81
18102 51
18103 81
18104 41
18105 11
18106 61
18107 21
18108 91
18109 61
18110 41
18111 71
18112 41
18113 41
18114 51
18115 41
18116 21
18117 51
18118 81
18119 21
18120 91
18121 81
18122 21
18123 71
18124 81
18125 01
18126 31
18127 21
18128 01
18129 71
18130 81
18131 81
18132 51
18133 81
18134 21
18135 71
18136 61
18137 21
18138 71
18139 61
18140 21
18141 71
18142 21
18143 81
18144 31
18145 81
18146 01
18147 31
18148 81
18149 01
18150 91
18151 01
18152 61
18153 51
18154 21
18155 21
18156 31
18157 21
18158 81
18159 11
18160 41
18161 81
18162 31
18163 61
18164 01
18165 51
18166 41
18167 41
18168 91
18169 81
18170 41
18171 31
18172 01
18173 61
18174 11
18175 01
18176 61
18177 51
18178 01
18179 61
18180 11
18181 01
18182 41
18183 71
18184 21
18185 81
18186 11
18187 81
18188 41
18189 71
18190 01
18191 81
18192 71
18193 01
18194 41
18195 31
18196 81
18197 01
18198 51
18199 81
18200 21
18201 11
18202 41
18203 41
18204 91
18205 21
18206 41
18207 51
18208 21
18209 21
18210 51
18211 41
18212 61
18213 91
18214 41
18215 41
18216 51
18217 61
18218 21
18219 91
18220 21
18221 81
18222 91
18223 61
18224 21
18225 91
18226 01
18227 21
18228 11
18229 81
18230 21
18231 91
18232 61
18233 21
18234 91
18235 01
18236 01
18237 91
18238 61
18239 01
18240 51
18241 61
18242 21
18243 91
18244 81
18245 61
18246 71
18247 41
18248 61
18249 31
18250 01
18251 21
18252 71
18253 21
18254 21
18255 71
18256 01
18257 21
18258 91
18259 61
18260 61
18261 91
18262 41
18263 41
18264 71
18265 21
18266 81
18267 51
18268 01
18269 61
18270 91
18271 61
18272 41
18273 71
18274 01
18275 81
18276 91
18277 81
18278 21
18279 11
18280 81
18281 21
18282 51
18283 81
18284 41
18285 11
18286 81
18287 21
18288 91
18289 61
18290 61
18291 31
18292 41
18293 41
18294 71
18295 61
18296 01
18297 51
18298 01
18299 01
18300 31
18301 21
18302 41
18303 11
18304 61
18305 61
18306 71
18307 21
18308 01
18309 71
18310 01
18311 01
18312 51
18313 81
18314 41
18315 51
18316 21
18317 21
18318 91
18319 01
18320 21
18321 51
18322 41
18323 81
18324 51
18325 61
18326 61
18327 91
18328 01
18329 41
18330 91
18331 41
18332 61
18333 51
18334 41
18335 61
18336 51
18337 21
18338 01
18339 11
18340 81
18341 41
18342 51
18343 21
18344 41
18345 31
18346 41
18347 61
18348 11
18349 81
18350 81
18351 51
18352 81
18353 21
18354 51
18355 41
18356 01
18357 51
18358 21
18359 21
18360 71
18361 21
18362 61
18363 91
18364 61
18365 81
18366 91
18367 61
18368 41
18369 91
18370 81
18371 01
18372 11
18373 21
18374 81
18375 91
18376 81
18377 41
18378 51
18379 61
18380 01
18381 51
18382 61
18383 21
18384 11
18385 01
18386 81
18387 91
18388 81
18389 61
18390 31
18391 01
18392 41
18393 11
18394 41
18395 41
18396 11
18397 21
18398 81
18399 91
18400 81
18401 21
18402 31
18403 41
18404 81
18405 11
18406 61
18407 21
18408 11
18409 81
18410 41
18411 71
18412 61
18413 21
18414 11
18415 41
18416 41
18417 91
18418 81
18419 01
18420 11
18421 81
18422 41
18423 51
18424 41
18425 61
18426 51
18427 61
18428 01
18429 11
18430 81
18431 81
18432 71
18433 21
18434 41
18435 71
18436 81
18437 21
18438 11
18439 21
18440 41
18441 31
18442 61
18443 61
18444 31
18445 01
18446 21
18447 31
18448 21
18449 21
18450 71
18451 61
18452 01
18453 91
18454 61
18455 21
18456 51
18457 81
18458 41
18459 31
18460 61
18461 01
18462 71
18463 61
18464 81
18465 31
18466 41
18467 61
18468 71
18469 01
18470 81
18471 51
18472 41
18473 21
18474 11
18475 41
18476 61
18477 31
18478 81
18479 01
18480 31
18481 81
18482 61
18483 51
18484 61
18485 21
18486 71
18487 21
18488 21
18489 31
18490 81
18491 01
18492 71
18493 01
18494 01
18495 91
18496 41
18497 01
18498 11
18499 21
18500 61
18501 91
18502 01
18503 61
18504 51
18505 21
18506 41
18507 51
18508 41
18509 01
18510 51
18511 41
18512 81
18513 31
18514 81
18515 41
18516 71
18517 61
18518 81
18519 11
18520 41
18521 41
18522 51
18523 61
18524 01
18525 11
18526 41
18527 01
18528 91
18529 41
18530 21
18531 91
18532 81
18533 21
18534 71
18535 01
18536 21
18537 51
18538 41
18539 41
18540 71
18541 81
18542 81
18543 71
18544 21
18545 41
18546 91
18547 01
18548 41
18549 31
18550 61
18551 41
18552 31
18553 61
18554 81
18555 71
18556 21
18557 41
18558 71
18559 41
18560 81
18561 71
18562 81
18563 61
18564 31
18565 61
18566 61
18567 91
18568 21
18569 81
18570 91
18571 41
18572 81
18573 51
18574 61
18575 61
18576 71
18577 81
18578 21
18579 71
18580 01
18581 61
18582 51
18583 41
18584 41
18585 11
18586 01
18587 81
18588 71
18589 61
18590 81
18591 51
18592 01
18593 81
18594 91
18595 41
18596 21
18597 71
18598 41
18599 41
18600 91
18601 01
18602 41
18603 71
18604 41
18605 21
18606 11
18607 81
18608 61
18609 71
18610 21
18611 81
18612 91
18613 61
18614 61
18615 91
18616 01
18617 21
18618 51
18619 01
18620 21
18621 91
18622 01
18623 61
18624 51
18625 01
18626 41
18627 51
18628 41
18629 81
18630 91
18631 41
18632 81
18633 11
18634 61
18635 61
18636 71
18637 41
18638 01
18639 71
18640 01
18641 21
18642 11
18643 81
18644 41
18645 71
18646 41
18647 01
18648 91
18649 21
18650 01
18651 91
18652 81
18653 01
18654 91
18655 41
18656 21
18657 31
18658 01
18659 41
18660 91
18661 61
18662 81
18663 51
18664 41
18665 81
18666 31
18667 81
18668 01
18669 31
18670 21
18671 41
18672 31
18673 41
18674 41
18675 51
18676 21
18677 21
18678 71
18679 01
18680 21
18681 51
18682 21
18683 21
18684 51
18685 61
18686 41
18687 71
18688 21
18689 41
18690 71
18691 61
18692 21
18693 11
18694 21
18695 21
18696 71
18697 61
18698 61
18699 11
18700 81
18701 41
18702 31
18703 01
18704 41
18705 31
18706 21
18707 81
18708 51
18709 81
18710 61
18711 11
18712 81
18713 41
18714 31
18715 41
18716 81
18717 71
18718 61
18719 61
18720 51
18721 81
18722 61
18723 51
18724 61
18725 81
18726 71
18727 21
18728 21
18729 91
18730 61
18731 01
18732 71
18733 61
18734 61
18735 31
18736 41
18737 61
18738 51
18739 41
18740 81
18741 51
18742 21
18743 01
18744 31
18745 41
18746 41
18747 51
18748 41
18749 61
18750 11
18751 41
18752 81
18753 91
18754 21
18755 21
18756 71
18757 21
18758 01
18759 11
18760 81
18761 01
18762 51
18763 21
18764 41
18765 91
18766 21
18767 61
18768 11
18769 41
18770 41
18771 91
18772 81
18773 81
18774 91
18775 61
18776 21
18777 11
18778 41
18779 61
18780 51
18781 41
18782 61
18783 91
18784 61
18785 41
18786 51
18787 61
18788 41
18789 51
18790 21
18791 81
18792 11
18793 81
18794 01
18795 91
18796 21
18797 01
18798 51
18799 21
18800 41
18801 31
18802 41
18803 81
18804 31
18805 01
18806 01
18807 91
18808 81
18809 21
18810 51
18811 61
18812 41
18813 71
18814 41
18815 61
18816 91
18817 81
18818 61
18819 11
18820 21
18821 21
18822 91
18823 01
18824 81
18825 31
18826 21
18827 61
18828 91
18829 01
18830 61
18831 91
18832 61
18833 81
18834 91
18835 21
18836 01
18837 51
18838 41
18839 21
18840 11
18841 21
18842 81
18843 51
18844 01
18845 01
18846 11
18847 81
18848 61
18849 31
18850 61
18851 81
18852 91
18853 21
18854 81
18855 11
18856 01
18857 81
18858 51
18859 81
18860 81
18861 51
18862 81
18863 41
18864 51
18865 41
18866 01
18867 71
18868 81
18869 21
18870 71
18871 41
18872 81
18873 71
18874 61
18875 01
18876 71
18877 01
18878 81
18879 11
18880 21
18881 81
18882 71
18883 61
18884 81
18885 91
18886 81
18887 61
18888 71
18889 61
18890 01
18891 71
18892 41
18893 81
18894 11
18895 21
18896 21
18897 91
18898 61
18899 81
18900 31
18901 21
18902 21
18903 71
18904 01
18905 61
18906 51
18907 21
18908 21
18909 91
18910 81
18911 41
18912 71
18913 61
18914 81
18915 31
18916 61
18917 61
18918 71
18919 01
18920 01
18921 11
18922 41
18923 21
18924 31
18925 61
18926 41
18927 31
18928 01
18929 81
18930 71
18931 21
18932 81
18933 91
18934 41
18935 81
18936 11
18937 21
18938 21
18939 31
18940 01
18941 21
18942 71
18943 01
18944 21
18945 71
18946 01
18947 01
18948 31
18949 61
18950 61
18951 71
18952 21
18953 61
18954 71
18955 01
18956 01
18957 11
18958 61
18959 41
18960 51
18961 81
18962 81
18963 31
18964 01
18965 81
18966 91
18967 61
18968 01
18969 11
18970 81
18971 01
18972 71
18973 21
18974 41
18975 91
18976 41
18977 21
18978 11
18979 41
18980 61
18981 11
18982 61
18983 81
18984 11
18985 41
18986 61
18987 51
18988 61
18989 01
18990 31
18991 01
18992 01
18993 91
18994 61
18995 41
18996 71
18997 81
18998 41
18999 51
19000 41
19001 61
19002 71
19003 81
19004 21
19005 31
19006 21
19007 81
19008 71
19009 21
19010 61
19011 11
19012 01
19013 41
19014 51
19015 41
19016 01
19017 31
19018 81
19019 21
19020 71
19021 01
19022 61
19023 71
19024 61
19025 61
19026 31
19027 41
19028 81
19029 71
19030 61
19031 01
19032 91
19033 21
19034 01
19035 31
19036 61
19037 81
19038 71
19039 61
19040 01
19041 31
19042 01
19043 81
19044 11
19045 81
19046 61
19047 71
19048 61
19049 41
19050 51
19051 21
19052 61
19053 31
19054 01
19055 21
19056 91
19057 01
19058 01
19059 51
19060 01
19061 41
19062 91
19063 61
19064 81
19065 91
19066 81
19067 21
19068 71
19069 61
19070 01
19071 31
19072 21
19073 81
19074 11
19075 81
19076 81
19077 31
19078 61
19079 41
19080 71
19081 41
19082 41
19083 31
19084 21
19085 01
19086 31
19087 41
19088 21
19089 91
19090 81
19091 01
19092 31
19093 61
19094 81
19095 91
19096 01
19097 41
19098 71
19099 61
19100 21
19101 11
19102 81
19103 81
19104 31
19105 21
19106 81
19107 11
19108 81
19109 41
19110 91
19111 21
19112 01
19113 91
19114 41
19115 41
19116 31
19117 81
19118 21
19119 91
19120 01
19121 41
19122 51
19123 61
19124 01
19125 91
19126 41
19127 01
19128 91
19129 21
19130 61
19131 91
19132 81
19133 01
19134 51
19135 21
19136 21
19137 31
19138 61
19139 01
19140 31
19141 61
19142 41
19143 91
19144 61
19145 01
19146 91
19147 01
19148 41
19149 11
19150 41
19151 41
19152 31
19153 41
19154 01
19155 11
19156 21
19157 21
19158 31
19159 41
19160 01
19161 51
19162 81
19163 41
19164 51
19165 01
19166 01
19167 71
19168 81
19169 81
19170 51
19171 41
19172 81
19173 31
19174 21
19175 41
19176 71
19177 61
19178 21
19179 31
19180 41
19181 41
19182 91
19183 01
19184 61
19185 11
19186 81
19187 61
19188 71
19189 21
19190 61
19191 71
19192 41
19193 41
19194 51
19195 01
19196 21
19197 51
19198 81
19199 81
19200 71
19201 81
19202 21
19203 31
19204 41
19205 41
19206 31
19207 81
19208 41
19209 91
19210 01
19211 41
19212 71
19213 21
19214 01
19215 91
19216 61
19217 21
19218 71
19219 21
19220 81
19221 71
19222 21
19223 41
19224 71
19225 61
19226 01
19227 91
19228 01
19229 01
19230 31
19231 61
19232 61
19233 11
19234 61
19235 01
19236 11
19237 81
19238 01
19239 11
19240 61
19241 81
19242 31
19243 21
19244 21
19245 11
19246 41
19247 01
19248 91
19249 01
19250 21
19251 91
19252 81
19253 81
19254 51
19255 01
19256 21
19257 11
19258 01
19259 81
19260 71
19261 41
19262 21
19263 91
19264 41
19265 01
19266 11
19267 41
19268 21
19269 51
19270 61
19271 41
19272 31
19273 21
19274 41
19275 71
19276 21
19277 01
19278 11
19279 21
19280 81
19281 31
19282 01
19283 61
19284 71
19285 21
19286 61
19287 51
19288 61
19289 61
19290 71
19291 01
19292 01
19293 51
19294 81
19295 61
19296 71
19297 41
19298 41
19299 31
19300 01
19301 21
19302 51
19303 61
19304 21
19305 71
19306 81
19307 01
19308 11
19309 61
19310 41
19311 11
19312 01
19313 01
19314 51
19315 81
19316 01
19317 91
19318 61
19319 61
19320 91
19321 61
19322 21
19323 51
19324 01
19325 81
19326 71
19327 01
19328 61
19329 11
19330 61
19331 81
19332 51
19333 01
19334 21
19335 11
19336 61
19337 41
19338 31
19339 01
19340 41
19341 91
19342 41
19343 01
19344 71
19345 61
19346 81
19347 11
19348 81
19349 01
19350 11
19351 21
19352 01
19353 51
19354 41
19355 01
19356 31
19357 41
19358 01
19359 51
19360 81
19361 01
19362 11
19363 61
19364 61
19365 91
19366 81
19367 81
19368 51
19369 01
19370 01
19371 91
19372 81
19373 61
19374 31
19375 41
19376 21
19377 91
19378 21
19379 61
19380 91
19381 21
19382 81
19383 31
19384 01
19385 41
19386 11
19387 61
19388 01
19389 71
19390 81
19391 61
19392 71
19393 81
19394 21
19395 51
19396 21
19397 81
19398 71
19399 41
19400 21
19401 11
19402 01
19403 61
19404 71
19405 21
19406 01
19407 51
19408 61
19409 61
19410 11
19411 21
19412 01
19413 51
19414 21
19415 01
19416 31
19417 41
19418 81
19419 91
19420 81
19421 01
19422 91
19423 41
19424 81
19425 91
19426 61
19427 01
19428 11
19429 61
19430 81
19431 51
19432 01
19433 01
19434 91
19435 41
19436 21
19437 91
19438 01
19439 41
19440 91
19441 21
19442 61
19443 51
19444 41
19445 41
19446 91
19447 21
19448 01
19449 91
19450 61
19451 61
19452 51
19453 01
19454 61
19455 91
19456 01
19457 41
19458 71
19459 01
19460 21
19461 11
19462 81
19463 21
19464 51
19465 21
19466 81
19467 51
19468 21
19469 01
19470 91
19471 61
19472 61
19473 71
19474 21
19475 81
19476 11
19477 41
19478 41
19479 71
19480 01
19481 41
19482 51
19483 01
19484 41
19485 91
19486 41
19487 41
19488 51
19489 41
19490 61
19491 31
19492 61
19493 01
19494 11
19495 61
19496 21
19497 71
19498 21
19499 21
19500 51
19501 01
19502 21
19503 91
19504 41
19505 01
19506 91
19507 41
19508 21
19509 51
19510 41
19511 81
19512 31
19513 21
19514 21
19515 51
19516 41
19517 01
19518 91
19519 41
19520 41
19521 91
19522 81
19523 21
19524 91
19525 61
19526 21
19527 51
19528 61
19529 61
19530 51
19531 81
19532 01
19533 51
19534 61
19535 81
19536 11
19537 41
19538 21
19539 91
19540 01
19541 41
19542 31
19543 61
19544 01
19545 91
19546 21
19547 41
19548 91
19549 21
19550 41
19551 71
19552 01
19553 01
19554 31
19555 41
19556 81
19557 91
19558 41
19559 61
19560 51
19561 01
19562 01
19563 91
19564 61
19565 01
19566 71
19567 81
19568 41
19569 11
19570 21
19571 61
19572 71
19573 41
19574 81
19575 71
19576 21
19577 41
19578 11
19579 41
19580 81
19581 71
19582 21
19583 81
19584 31
19585 61
19586 01
19587 31
19588 81
19589 81
19590 31
19591 01
19592 61
19593 31
19594 01
19595 41
19596 31
19597 01
19598 01
19599 71
19600 01
19601 61
19602 91
19603 81
19604 41
19605 11
19606 41
19607 41
19608 91
19609 61
19610 21
19611 31
19612 01
19613 41
19614 31
19615 41
19616 61
19617 31
19618 61
19619 61
19620 31
19621 81
19622 41
19623 51
19624 41
19625 21
19626 51
19627 61
19628 01
19629 71
19630 61
19631 81
19632 71
19633 81
19634 01
19635 11
19636 81
19637 81
19638 51
19639 41
19640 61
19641 91
19642 81
19643 01
19644 11
19645 21
19646 21
19647 31
19648 21
19649 81
19650 31
19651 61
19652 01
19653 51
19654 01
19655 01
19656 51
19657 41
19658 61
19659 31
19660 01
19661 61
19662 71
19663 21
19664 21
19665 11
19666 21
19667 21
19668 91
19669 01
19670 01
19671 51
19672 41
19673 81
19674 31
19675 01
19676 61
19677 91
19678 81
19679 21
19680 11
19681 41
19682 41
19683 71
19684 01
19685 21
19686 31
19687 81
19688 21
19689 51
19690 41
19691 41
19692 51
19693 21
19694 21
19695 11
19696 41
19697 61
19698 91
19699 01
19700 21
19701 51
19702 61
19703 81
19704 51
19705 61
19706 81
19707 51
19708 01
19709 41
19710 11
19711 61
19712 41
19713 51
19714 61
19715 41
19716 91
19717 61
19718 21
19719 51
19720 61
19721 01
19722 91
19723 21
19724 41
19725 31
19726 61
19727 81
19728 11
19729 81
19730 01
19731 31
19732 41
19733 21
19734 71
19735 81
19736 01
19737 31
19738 41
19739 21
19740 91
19741 01
19742 21
19743 51
19744 81
19745 21
19746 91
19747 01
19748 41
19749 91
19750 01
19751 41
19752 31
19753 21
19754 01
19755 91
19756 21
19757 01
19758 71
19759 21
19760 41
19761 31
19762 61
19763 41
19764 31
19765 01
19766 21
19767 11
19768 61
19769 21
19770 71
19771 41
19772 81
19773 11
19774 61
19775 01
19776 71
19777 41
19778 01
19779 11
19780 21
19781 21
19782 11
19783 21
19784 81
19785 31
19786 41
19787 41
19788 51
19789 01
19790 81
19791 31
19792 61
19793 61
19794 11
19795 21
19796 21
19797 31
19798 01
19799 81
19800 31
19801 61
19802 81
19803 91
19804 01
19805 01
19806 31
19807 21
19808 81
19809 31
19810 81
19811 81
19812 31
19813 81
19814 01
19815 71
19816 41
19817 61
19818 51
19819 01
19820 01
19821 51
19822 21
19823 61
19824 31
19825 01
19826 41
19827 11
19828 21
19829 21
19830 91
19831 01
19832 41
19833 91
19834 81
19835 21
19836 11
19837 01
19838 61
19839 91
19840 21
19841 01
19842 51
19843 81
19844 21
19845 11
19846 21
19847 21
19848 71
19849 01
19850 01
19851 51
19852 21
19853 21
19854 31
19855 01
19856 41
19857 71
19858 01
19859 21
19860 91
19861 61
19862 01
19863 31
19864 81
19865 81
19866 51
19867 21
19868 81
19869 51
19870 41
19871 41
19872 31
19873 01
19874 21
19875 11
19876 21
19877 81
19878 31
19879 01
19880 01
19881 11
19882 61
19883 01
19884 31
19885 61
19886 61
19887 71
19888 41
19889 81
19890 91
19891 21
19892 41
19893 11
19894 61
19895 41
19896 71
19897 21
19898 01
19899 51
19900 41
19901 01
19902 51
19903 61
19904 21
19905 71
19906 21
19907 01
19908 11
19909 61
19910 81
19911 31
19912 01
19913 01
19914 91
19915 21
19916 61
19917 91
19918 01
19919 21
19920 71
19921 41
19922 61
19923 31
19924 61
19925 01
19926 51
19927 01
19928 61
19929 11
19930 01
19931 21
19932 51
19933 01
19934 61
19935 71
19936 81
19937 41
19938 71
19939 81
19940 41
19941 51
19942 81
19943 01
19944 11
19945 21
19946 01
19947 31
19948 21
19949 81
19950 11
19951 01
19952 01
19953 51
19954 81
19955 81
19956 71
19957 41
19958 41
19959 51
19960 61
19961 21
19962 51
19963 81
19964 41
19965 51
19966 81
19967 21
19968 91
19969 01
19970 81
19971 31
19972 41
19973 81
19974 11
19975 21
19976 01
19977 91
19978 61
19979 81
19980 11
19981 61
19982 21
19983 71
19984 81
19985 41
19986 71
19987 21
19988 01
19989 11
19990 41
19991 01
19992 51
19993 21
19994 01
19995 71
19996 21
19997 61
19998 71
19999 01
20000 81
20001 91
20002 41
20003 21
20004 11
20005 81
20006 81
20007 31
20008 81
20009 41
20010 71
20011 41
20012 61
20013 91
20014 21
20015 01
20016 51
20017 61
20018 01
20019 91
20020 01
20021 81
20022 71
20023 01
20024 01
20025 31
20026 81
20027 01
20028 11
20029 61
20030 21
20031 11
20032 01
20033 01
20034 31
20035 21
20036 01
20037 91
20038 41
20039 41
20040 11
20041 61
20042 01
20043 71
20044 61
20045 41
20046 51
20047 61
20048 81
20049 51
20050 21
20051 81
20052 51
20053 01
20054 01
20055 91
20056 61
20057 41
20058 11
20059 21
20060 81
20061 91
20062 21
20063 61
20064 71
20065 81
20066 61
20067 11
20068 61
20069 21
20070 51
20071 61
20072 81
20073 11
20074 41
20075 61
20076 31
20077 41
20078 81
20079 11
20080 61
20081 01
20082 91
20083 61
20084 21
20085 31
20086 61
20087 21
20088 11
20089 21
20090 01
20091 71
20092 61
20093 61
20094 91
20095 21
20096 41
20097 31
20098 81
20099 21
20100 51
20101 21
20102 61
20103 71
20104 41
20105 21
20106 91
20107 41
20108 61
20109 71
20110 01
20111 81
20112 71
20113 61
20114 41
20115 31
20116 81
20117 61
20118 31
20119 81
20120 21
20121 71
20122 01
20123 81
20124 91
20125 81
20126 81
20127 71
20128 41
20129 81
20130 71
20131 81
20132 41
20133 11
20134 41
20135 41
20136 51
20137 21
20138 81
20139 91
20140 21
20141 41
20142 31
20143 41
20144 21
20145 51
20146 21
20147 21
20148 51
20149 41
20150 21
20151 51
20152 01
20153 01
20154 71
20155 61
20156 21
20157 91
20158 81
20159 01
20160 51
20161 21
20162 41
20163 51
20164 81
20165 21
20166 71
20167 61
20168 41
20169 91
20170 81
20171 41
20172 11
20173 21
20174 81
20175 31
20176 01
20177 41
20178 51
20179 01
20180 41
20181 11
20182 61
20183 61
20184 71
20185 81
20186 61
20187 31
20188 61
20189 21
20190 51
20191 81
20192 41
20193 11
20194 41
20195 81
20196 51
20197 21
20198 81
20199 31
20200 41
20201 41
20202 31
20203 81
20204 61
20205 11
20206 21
20207 61
20208 11
20209 21
20210 01
20211 91
20212 81
20213 61
20214 91
20215 41
20216 21
20217 91
20218 81
20219 41
20220 91
20221 21
20222 41
20223 91
20224 41
20225 41
20226 71
20227 01
20228 21
20229 91
20230 41
20231 81
20232 11
20233 61
20234 41
20235 51
20236 21
20237 81
20238 31
20239 01
20240 21
20241 11
20242 61
20243 01
20244 51
20245 21
20246 61
20247 71
20248 61
20249 01
20250 71
20251 21
20252 61
20253 91
20254 01
20255 81
20256 91
20257 61
20258 81
20259 11
20260 81
20261 01
20262 51
20263 61
20264 41
20265 91
20266 21
20267 01
20268 31
20269 41
20270 41
20271 31
20272 21
20273 41
20274 91
20275 01
20276 81
20277 91
20278 21
20279 01
20280 31
20281 01
20282 81
20283 71
20284 61
20285 41
20286 51
20287 01
20288 81
20289 51
20290 21
20291 21
20292 71
20293 01
20294 01
20295 31
20296 01
20297 01
20298 11
20299 61
20300 41
20301 71
20302 01
20303 01
20304 51
20305 41
20306 81
20307 91
20308 61
20309 21
20310 51
20311 01
20312 21
20313 11
20314 41
20315 01
20316 91
20317 61
20318 81
20319 51
20320 41
20321 01
20322 51
20323 01
20324 21
20325 71
20326 21
20327 41
20328 31
20329 61
20330 81
20331 71
20332 41
20333 61
20334 91
20335 61
20336 21
20337 71
20338 81
20339 61
20340 51
20341 01
20342 81
20343 11
20344 61
20345 01
20346 51
20347 41
20348 01
20349 11
20350 01
20351 61
20352 11
20353 21
20354 61
20355 11
20356 61
20357 41
20358 31
20359 21
20360 41
20361 91
20362 41
20363 21
20364 31
20365 61
20366 81
20367 31
20368 01
20369 81
20370 11
20371 41
20372 81
20373 91
20374 81
20375 21
20376 71
20377 21
20378 61
20379 91
20380 81
20381 01
20382 11
20383 81
20384 81
20385 91
20386 81
20387 01
20388 31
20389 61
20390 01
20391 11
20392 21
20393 61
20394 11
20395 61
20396 21
20397 11
20398 01
20399 21
20400 51
20401 41
20402 21
20403 31
20404 41
20405 41
20406 11
20407 81
20408 41
20409 91
20410 81
20411 81
20412 71
20413 21
20414 81
20415 71
20416 81
20417 21
20418 51
20419 41
20420 41
20421 31
20422 01
20423 01
20424 91
20425 01
20426 61
20427 91
20428 01
20429 01
20430 11
20431 41
20432 61
20433 11
20434 41
20435 21
20436 51
20437 81
20438 81
20439 71
20440 61
20441 01
20442 11
20443 21
20444 01
20445 31
20446 81
20447 41
20448 71
20449 61
20450 21
20451 51
20452 81
20453 81
20454 31
20455 61
20456 01
20457 11
20458 81
20459 81
20460 31
20461 81
20462 01
20463 31
20464 01
20465 21
20466 11
20467 21
20468 01
20469 51
20470 21
20471 21
20472 51
20473 61
20474 01
20475 31
20476 81
20477 01
20478 91
20479 61
20480 21
20481 11
20482 81
20483 41
20484 31
20485 21
20486 81
20487 71
20488 61
20489 41
20490 91
20491 81
20492 61
20493 31
20494 41
20495 01
20496 71
20497 01
20498 41
20499 51
20500 21
20501 81
20502 31
20503 81
20504 01
20505 91
20506 41
20507 61
20508 51
20509 21
20510 61
20511 51
20512 21
20513 81
20514 51
20515 81
20516 41
20517 31
20518 01
20519 61
20520 31
20521 21
20522 81
20523 71
20524 41
20525 61
20526 11
20527 01
20528 61
20529 11
20530 41
20531 01
20532 51
20533 01
20534 01
20535 71
20536 21
20537 41
20538 11
20539 01
20540 81
20541 71
20542 21
20543 41
20544 11
20545 61
20546 01
20547 91
20548 41
20549 21
20550 31
20551 61
20552 01
20553 51
20554 21
20555 01
20556 51
20557 41
20558 81
20559 91
20560 01
20561 61
20562 91
20563 41
20564 01
20565 11
20566 41
20567 01
20568 31
20569 41
20570 21
20571 91
20572 21
20573 41
20574 71
20575 01
20576 61
20577 91
20578 01
20579 41
20580 11
20581 41
20582 61
20583 51
20584 61
20585 21
20586 51
20587 21
20588 21
20589 31
20590 61
20591 41
20592 71
20593 01
20594 81
20595 71
20596 61
20597 01
20598 91
20599 41
20600 21
20601 51
20602 81
20603 21
20604 71
20605 61
20606 01
20607 51
20608 41
20609 01
20610 31
20611 21
20612 81
20613 31
20614 61
20615 61
20616 11
20617 61
20618 61
20619 71
20620 41
20621 61
20622 31
20623 61
20624 81
20625 31
20626 81
20627 41
20628 71
20629 01
20630 21
20631 51
20632 81
20633 21
20634 51
20635 61
20636 01
20637 51
20638 21
20639 41
20640 31
20641 21
20642 61
20643 11
20644 81
20645 61
20646 91
20647 81
20648 21
20649 31
20650 21
20651 21
20652 51
20653 01
20654 41
20655 31
20656 81
20657 41
20658 51
20659 81
20660 21
20661 51
20662 61
20663 41
20664 91
20665 61
20666 81
20667 11
20668 21
20669 61
20670 11
20671 21
20672 41
20673 31
20674 21
20675 01
20676 71
20677 41
20678 21
20679 91
20680 21
20681 21
20682 31
20683 61
20684 21
20685 31
20686 61
20687 41
20688 11
20689 21
20690 01
20691 91
20692 21
20693 61
20694 91
20695 41
20696 61
20697 11
20698 81
20699 41
20700 31
20701 61
20702 01
20703 91
20704 81
20705 01
20706 51
20707 81
20708 61
20709 71
20710 01
20711 01
20712 91
20713 61
20714 41
20715 51
20716 61
20717 21
20718 31
20719 01
20720 61
20721 71
20722 81
20723 01
20724 91
20725 01
20726 61
20727 31
20728 01
20729 01
20730 11
20731 81
20732 81
20733 11
20734 41
20735 61
20736 91
20737 41
20738 81
20739 11
20740 21
20741 81
20742 91
20743 61
20744 81
20745 91
20746 01
20747 21
20748 71
20749 61
20750 21
20751 91
20752 21
20753 81
20754 31
20755 01
20756 61
20757 31
20758 81
20759 21
20760 11
20761 81
20762 61
20763 71
20764 01
20765 61
20766 71
20767 41
20768 21
20769 91
20770 01
20771 21
20772 31
20773 61
20774 01
20775 71
20776 61
20777 41
20778 91
20779 01
20780 21
20781 91
20782 01
20783 81
20784 51
20785 01
20786 41
20787 71
20788 01
20789 81
20790 91
20791 61
20792 01
20793 91
20794 61
20795 81
20796 51
20797 81
20798 41
20799 91
20800 41
20801 01
20802 71
20803 21
20804 41
20805 71
20806 41
20807 21
20808 11
20809 21
20810 01
20811 11
20812 61
20813 61
20814 91
20815 61
20816 61
20817 31
20818 81
20819 61
20820 91
20821 81
20822 61
20823 11
20824 01
20825 01
20826 71
20827 81
20828 41
20829 31
20830 21
20831 61
20832 71
20833 61
20834 41
20835 71
20836 21
20837 61
20838 31
20839 21
20840 81
20841 91
20842 01
20843 21
20844 71
20845 81
20846 41
20847 11
20848 41
20849 21
20850 31
20851 01
20852 61
20853 51
20854 21
20855 41
20856 31
20857 21
20858 81
20859 31
20860 01
20861 81
20862 31
20863 81
20864 21
20865 31
20866 41
20867 61
20868 71
20869 21
20870 81
20871 51
20872 41
20873 41
20874 71
20875 41
20876 61
20877 51
20878 01
20879 81
20880 31
20881 01
20882 41
20883 91
20884 01
20885 41
20886 11
20887 01
20888 81
20889 71
20890 81
20891 01
20892 71
20893 21
20894 21
20895 91
20896 41
20897 21
20898 91
20899 81
20900 61
20901 11
20902 41
20903 61
20904 31
20905 41
20906 41
20907 71
20908 21
20909 61
20910 11
20911 61
20912 21
20913 31
20914 21
20915 41
20916 71
20917 81
20918 21
20919 31
20920 41
20921 61
20922 51
20923 01
20924 61
20925 31
20926 01
20927 41
20928 71
20929 41
20930 41
20931 11
20932 81
20933 61
20934 91
20935 81
20936 81
20937 91
20938 81
20939 81
20940 71
20941 01
20942 41
20943 31
20944 41
20945 61
20946 11
20947 41
20948 41
20949 11
20950 41
20951 41
20952 51
20953 41
20954 01
20955 11
20956 41
20957 81
20958 31
20959 41
20960 21
20961 71
20962 61
20963 41
20964 71
20965 81
20966 41
20967 11
20968 01
20969 21
20970 31
20971 01
20972 21
20973 31
20974 21
20975 41
20976 91
20977 81
20978 21
20979 31
20980 61
20981 21
20982 51
20983 01
20984 81
20985 51
20986 81
20987 41
20988 91
20989 21
20990 81
20991 51
20992 01
20993 01
20994 71
20995 41
20996 21
20997 91
20998 81
20999 81
21000 91
21001 21
21002 41
21003 31
21004 61
21005 41
21006 71
21007 41
21008 61
21009 51
21010 41
21011 21
21012 71
21013 41
21014 21
21015 91
21016 01
21017 41
21018 51
21019 81
21020 21
21021 11
21022 61
21023 41
21024 91
21025 21
21026 61
21027 11
21028 21
21029 21
21030 71
21031 61
21032 41
21033 91
21034 61
21035 21
21036 91
21037 01
21038 41
21039 31
21040 01
21041 41
21042 31
21043 61
21044 21
21045 91
21046 21
21047 41
21048 11
21049 81
21050 41
21051 71
21052 21
21053 21
21054 11
21055 41
21056 01
21057 71
21058 81
21059 01
21060 71
21061 41
21062 81
21063 51
21064 01
21065 01
21066 71
21067 81
21068 61
21069 31
21070 21
21071 61
21072 91
21073 21
21074 41
21075 71
21076 41
21077 81
21078 11
21079 21
21080 01
21081 71
21082 41
21083 61
21084 91
21085 21
21086 21
21087 71
21088 81
21089 21
21090 31
21091 01
21092 81
21093 71
21094 21
21095 41
21096 51
21097 01
21098 41
21099 31
21100 21
21101 21
21102 31
21103 61
21104 41
21105 31
21106 61
21107 41
21108 31
21109 81
21110 01
21111 91
21112 41
21113 81
21114 71
21115 41
21116 81
21117 91
21118 21
21119 81
21120 51
21121 01
21122 81
21123 51
21124 21
21125 01
21126 51
21127 81
21128 81
21129 91
21130 01
21131 01
21132 11
21133 41
21134 01
21135 51
21136 81
21137 61
21138 31
21139 81
21140 81
21141 71
21142 01
21143 81
21144 51
21145 61
21146 81
21147 71
21148 01
21149 41
21150 11
21151 81
21152 01
21153 51
21154 61
21155 61
21156 11
21157 41
21158 21
21159 71
21160 41
21161 41
21162 31
21163 41
21164 81
21165 11
21166 21
21167 21
21168 11
21169 81
21170 01
21171 51
21172 61
21173 21
21174 71
21175 01
21176 81
21177 91
21178 41
21179 41
21180 31
21181 01
21182 01
21183 71
21184 81
21185 41
21186 71
21187 61
21188 01
21189 11
21190 41
21191 41
21192 71
21193 21
21194 01
21195 11
21196 61
21197 21
21198 71
21199 41
21200 41
21201 71
21202 21
21203 61
21204 91
21205 41
21206 01
21207 11
21208 81
21209 41
21210 71
21211 81
21212 01
21213 91
21214 21
21215 41
21216 11
21217 81
21218 01
21219 31
21220 81
21221 81
21222 31
21223 41
21224 01
21225 71
21226 41
21227 21
21228 31
21229 01
21230 01
21231 11
21232 81
21233 01
21234 31
21235 61
21236 81
21237 31
21238 41
21239 81
21240 11
21241 41
21242 21
21243 11
21244 81
21245 21
21246 11
21247 61
21248 21
21249 91
21250 21
21251 61
21252 91
21253 61
21254 21
21255 71
21256 41
21257 21
21258 11
21259 61
21260 01
21261 11
21262 61
21263 01
21264 11
21265 61
21266 61
21267 71
21268 21
21269 21
21270 91
21271 21
21272 21
21273 91
21274 81
21275 41
21276 51
21277 41
21278 61
21279 11
21280 21
21281 61
21282 71
21283 01
21284 81
21285 71
21286 21
21287 01
21288 91
21289 41
21290 81
21291 31
21292 81
21293 21
21294 31
21295 21
21296 41
21297 51
21298 01
21299 41
21300 51
21301 41
21302 41
21303 51
21304 01
21305 41
21306 31
21307 61
21308 61
21309 71
21310 01
21311 21
21312 31
21313 61
21314 41
21315 71
21316 61
21317 41
21318 31
21319 21
21320 21
21321 91
21322 41
21323 21
21324 11
21325 01
21326 81
21327 31
21328 81
21329 61
21330 31
21331 41
21332 61
21333 11
21334 41
21335 81
21336 51
21337 81
21338 81
21339 31
21340 41
21341 01
21342 11
21343 81
21344 61
21345 71
21346 81
21347 01
21348 11
21349 81
21350 41
21351 11
21352 01
21353 21
21354 11
21355 81
21356 01
21357 11
21358 81
21359 41
21360 91
21361 81
21362 01
21363 91
21364 41
21365 01
21366 11
21367 81
21368 21
21369 51
21370 61
21371 81
21372 51
21373 21
21374 41
21375 11
21376 61
21377 61
21378 11
21379 61
21380 41
21381 11
21382 81
21383 01
21384 51
21385 81
21386 81
21387 31
21388 61
21389 61
21390 71
21391 41
21392 41
21393 51
21394 81
21395 01
21396 31
21397 61
21398 41
21399 71
21400 81
21401 21
21402 11
21403 01
21404 21
21405 11
21406 41
21407 21
21408 31
21409 01
21410 21
21411 11
21412 81
21413 01
21414 51
21415 21
21416 81
21417 31
21418 61
21419 01
21420 91
21421 41
21422 41
21423 91
21424 21
21425 61
21426 31
21427 01
21428 01
21429 51
21430 61
21431 61
21432 91
21433 61
21434 41
21435 91
21436 41
21437 21
21438 31
21439 41
21440 61
21441 11
21442 81
21443 41
21444 11
21445 41
21446 81
21447 71
21448 41
21449 01
21450 51
21451 81
21452 41
21453 31
21454 81
21455 81
21456 51
21457 41
21458 81
21459 51
21460 41
21461 61
21462 91
21463 01
21464 21
21465 31
21466 41
21467 61
21468 31
21469 21
21470 81
21471 51
21472 01
21473 21
21474 71
21475 41
21476 21
21477 11
21478 41
21479 81
21480 91
21481 41
21482 61
21483 11
21484 61
21485 61
21486 51
21487 81
21488 01
21489 71
21490 81
21491 01
21492 31
21493 81
21494 21
21495 91
21496 01
21497 61
21498 71
21499 81
21500 21
21501 31
21502 41
21503 01
21504 91
21505 41
21506 01
21507 11
21508 01
21509 41
21510 71
21511 81
21512 21
21513 51
21514 21
21515 41
21516 31
21517 01
21518 81
21519 31
21520 01
21521 61
21522 71
21523 81
21524 21
21525 11
21526 21
21527 81
21528 71
21529 01
21530 01
21531 11
21532 01
21533 21
21534 31
21535 61
21536 01
21537 11
21538 01
21539 81
21540 31
21541 81
21542 21
21543 91
21544 01
21545 21
21546 31
21547 41
21548 81
21549 51
21550 41
21551 01
21552 91
21553 01
21554 21
21555 71
21556 61
21557 61
21558 31
21559 61
21560 21
21561 11
21562 01
21563 61
21564 31
21565 21
21566 01
21567 51
21568 21
21569 41
21570 11
21571 21
21572 61
21573 11
21574 61
21575 01
21576 91
21577 81
21578 01
21579 11
21580 41
21581 21
21582 31
21583 21
21584 01
21585 91
21586 61
21587 01
21588 71
21589 21
21590 81
21591 51
21592 61
21593 41
21594 71
21595 41
21596 81
21597 11
21598 01
21599 81
21600 51
21601 21
21602 21
21603 91
21604 21
21605 21
21606 51
21607 41
21608 01
21609 11
21610 61
21611 61
21612 11
21613 21
21614 21
21615 91
21616 61
21617 41
21618 91
21619 81
21620 81
21621 91
21622 01
21623 61
21624 51
21625 81
21626 41
21627 51
21628 41
21629 61
21630 31
21631 41
21632 81
21633 91
21634 41
21635 81
21636 71
21637 21
21638 21
21639 31
21640 61
21641 01
21642 71
21643 01
21644 81
21645 31
21646 41
21647 01
21648 91
21649 01
21650 81
21651 91
21652 81
21653 81
21654 11
21655 81
21656 21
21657 11
21658 61
21659 41
21660 11
21661 41
21662 81
21663 31
21664 61
21665 21
21666 71
21667 61
21668 61
21669 31
21670 81
21671 41
21672 31
21673 21
21674 01
21675 31
21676 21
21677 01
21678 71
21679 61
21680 61
21681 31
21682 61
21683 81
21684 71
21685 61
21686 21
21687 51
21688 21
21689 01
21690 51
21691 81
21692 61
21693 71
21694 81
21695 81
21696 71
21697 41
21698 01
21699 51
21700 61
21701 21
21702 11
21703 61
21704 41
21705 51
21706 41
21707 81
21708 31
21709 01
21710 41
21711 71
21712 61
21713 01
21714 71
21715 41
21716 41
21717 71
21718 81
21719 81
21720 11
21721 61
21722 81
21723 31
21724 81
21725 41
21726 31
21727 61
21728 81
21729 11
21730 01
21731 21
21732 51
21733 61
21734 61
21735 71
21736 81
21737 01
21738 51
21739 81
21740 41
21741 11
21742 41
21743 41
21744 11
21745 81
21746 41
21747 51
21748 41
21749 41
21750 31
21751 41
21752 81
21753 71
21754 81
21755 81
21756 71
21757 01
21758 01
21759 51
21760 61
21761 81
21762 91
21763 61
21764 41
21765 11
21766 01
21767 21
21768 31
21769 61
21770 81
21771 91
21772 81
21773 61
21774 91
21775 81
21776 21
21777 91
21778 81
21779 81
21780 11
21781 21
21782 41
21783 31
21784 81
21785 01
21786 71
21787 41
21788 81
21789 71
21790 21
21791 21
21792 91
21793 21
21794 61
21795 31
21796 21
21797 81
21798 31
21799 41
21800 61
21801 11
21802 61
21803 41
21804 11
21805 41
21806 61
21807 11
21808 41
21809 01
21810 31
21811 61
21812 61
21813 31
21814 61
21815 01
21816 11
21817 01
21818 61
21819 11
21820 61
21821 01
21822 51
21823 01
21824 21
21825 31
21826 21
21827 41
21828 31
21829 21
21830 61
21831 71
21832 41
21833 21
21834 51
21835 01
21836 21
21837 31
21838 21
21839 81
21840 71
21841 61
21842 01
21843 51
21844 41
21845 21
21846 51
21847 41
21848 01
21849 71
21850 61
21851 61
21852 11
21853 81
21854 01
21855 91
21856 61
21857 01
21858 51
21859 21
21860 81
21861 51
21862 41
21863 81
21864 71
21865 41
21866 61
21867 91
21868 21
21869 81
21870 31
21871 41
21872 81
21873 51
21874 01
21875 81
21876 71
21877 81
21878 61
21879 11
21880 61
21881 61
21882 91
21883 01
21884 21
21885 91
21886 41
21887 61
21888 31
21889 81
21890 61
21891 51
21892 01
21893 81
21894 31
21895 81
21896 21
21897 71
21898 81
21899 01
21900 11
21901 01
21902 81
21903 51
21904 41
21905 81
21906 51
21907 81
21908 01
21909 31
21910 41
21911 01
21912 31
21913 41
21914 61
21915 71
21916 01
21917 21
21918 91
21919 81
21920 61
21921 91
21922 41
21923 61
21924 31
21925 21
21926 81
21927 71
21928 21
21929 41
21930 91
21931 81
21932 21
21933 11
21934 41
21935 01
21936 31
21937 61
21938 81
21939 51
21940 81
21941 21
21942 51
21943 01
21944 61
21945 11
21946 81
21947 41
21948 71
21949 21
21950 61
21951 51
21952 81
21953 41
21954 51
21955 81
21956 01
21957 71
21958 81
21959 61
21960 91
21961 41
21962 81
21963 11
21964 01
21965 61
21966 71
21967 41
21968 41
21969 91
21970 01
21971 21
21972 51
21973 21
21974 01
21975 71
21976 81
21977 61
21978 71
21979 01
21980 41
21981 71
21982 41
21983 21
21984 71
21985 41
21986 21
21987 31
21988 41
21989 81
21990 91
21991 61
21992 21
21993 11
21994 61
21995 81
21996 71
21997 61
21998 01
21999 91
22000 61
22001 41
22002 71
22003 01
22004 61
22005 71
22006 61
22007 01
22008 71
22009 81
22010 21
22011 51
22012 61
22013 01
22014 91
22015 61
22016 81
22017 71
22018 01
22019 61
22020 11
22021 81
22022 01
22023 71
22024 21
22025 61
22026 11
22027 61
22028 41
22029 51
22030 41
22031 61
22032 11
22033 81
22034 21
22035 31
22036 61
22037 01
22038 71
22039 21
22040 01
22041 51
22042 61
22043 41
22044 91
22045 01
22046 81
22047 11
22048 21
22049 01
22050 31
22051 21
22052 41
22053 71
22054 61
22055 61
22056 71
22057 81
22058 81
22059 71
22060 01
22061 61
22062 11
22063 21
22064 41
22065 11
22066 61
22067 41
22068 11
22069 61
22070 41
22071 91
22072 21
22073 01
22074 51
22075 61
22076 61
22077 51
22078 61
22079 41
22080 91
22081 01
22082 01
22083 31
22084 41
22085 21
22086 71
22087 21
22088 41
22089 71
22090 81
22091 01
22092 91
22093 01
22094 21
22095 91
22096 61
22097 61
22098 31
22099 81
22100 81
22101 11
22102 01
22103 81
22104 51
22105 01
22106 01
22107 71
22108 01
22109 81
22110 51
22111 41
22112 01
22113 91
22114 21
22115 41
22116 91
22117 81
22118 01
22119 31
22120 61
22121 21
22122 31
22123 41
22124 81
22125 51
22126 61
22127 21
22128 11
22129 21
22130 61
22131 71
22132 61
22133 61
22134 51
22135 01
22136 41
22137 31
22138 41
22139 81
22140 91
22141 21
22142 21
22143 11
22144 61
22145 41
22146 51
22147 61
22148 01
22149 51
22150 21
22151 81
22152 71
22153 61
22154 01
22155 91
22156 81
22157 61
22158 91
22159 21
22160 01
22161 71
22162 61
22163 01
22164 91
22165 21
22166 41
22167 71
22168 01
22169 21
22170 51
22171 61
22172 01
22173 31
22174 41
22175 61
22176 51
22177 21
22178 41
22179 11
22180 81
22181 41
22182 91
22183 41
22184 41
22185 31
22186 81
22187 01
22188 71
22189 81
22190 21
22191 11
22192 61
22193 01
22194 91
22195 21
22196 61
22197 71
22198 01
22199 21
22200 71
22201 21
22202 01
22203 31
22204 61
22205 81
22206 31
22207 21
22208 61
22209 91
22210 21
22211 81
22212 11
22213 81
22214 21
22215 91
22216 21
22217 01
22218 71
22219 81
22220 41
22221 31
22222 61
22223 01
22224 11
22225 01
22226 21
22227 71
22228 21
22229 61
22230 71
22231 01
22232 21
22233 31
22234 81
22235 61
22236 91
22237 81
22238 81
22239 31
22240 21
22241 21
22242 11
22243 81
22244 41
22245 31
22246 41
22247 01
22248 91
22249 81
22250 81
22251 91
22252 81
22253 61
22254 51
22255 81
22256 21
22257 91
22258 41
22259 61
22260 11
22261 21
22262 01
22263 91
22264 21
22265 01
22266 31
22267 81
22268 01
22269 91
22270 81
22271 41
22272 31
22273 01
22274 81
22275 31
22276 21
22277 81
22278 91
22279 01
22280 61
22281 11
22282 21
22283 81
22284 91
22285 41
22286 21
22287 31
22288 41
22289 41
22290 91
22291 61
22292 21
22293 71
22294 41
22295 81
22296 71
22297 21
22298 61
22299 31
22300 61
22301 01
22302 11
22303 21
22304 81
22305 31
22306 81
22307 41
22308 51
22309 01
22310 21
22311 51
22312 61
22313 61
22314 51
22315 61
22316 81
22317 31
22318 41
22319 41
22320 11
22321 41
22322 21
22323 71
22324 61
22325 21
22326 11
22327 21
22328 81
22329 31
22330 21
22331 21
22332 31
22333 81
22334 41
22335 31
22336 61
22337 61
22338 91
22339 81
22340 01
22341 11
22342 61
22343 61
22344 71
22345 61
22346 61
22347 31
22348 61
22349 01
22350 91
22351 81
22352 41
22353 91
22354 21
22355 01
22356 51
22357 01
22358 01
22359 91
22360 01
22361 21
22362 91
22363 01
22364 01
22365 71
22366 21
22367 61
22368 11
22369 01
22370 81
22371 91
22372 81
22373 41
22374 11
22375 81
22376 21
22377 71
22378 41
22379 41
22380 11
22381 01
22382 41
22383 71
22384 61
22385 81
22386 11
22387 81
22388 81
22389 91
22390 01
22391 81
22392 11
22393 41
22394 01
22395 31
22396 21
22397 61
22398 31
22399 61
22400 61
22401 91
22402 01
22403 61
22404 71
22405 21
22406 41
22407 51
22408 61
22409 61
22410 51
22411 41
22412 01
22413 51
22414 61
22415 41
22416 91
22417 41
22418 21
22419 51
22420 61
22421 81
22422 31
22423 21
22424 41
22425 11
22426 41
22427 01
22428 11
22429 61
22430 21
22431 91
22432 01
22433 01
22434 31
22435 01
22436 41
22437 91
22438 41
22439 21
22440 91
22441 81
22442 01
22443 51
22444 81
22445 01
22446 11
22447 41
22448 41
22449 71
22450 61
22451 41
22452 51
22453 01
22454 01
22455 71
22456 41
22457 41
22458 11
22459 01
22460 01
22461 31
22462 21
22463 41
22464 31
22465 81
22466 81
22467 91
22468 61
22469 01
22470 71
22471 01
22472 21
22473 91
22474 01
22475 61
22476 91
22477 41
22478 81
22479 91
22480 21
22481 81
22482 91
22483 41
22484 21
22485 91
22486 01
22487 01
22488 51
22489 81
22490 21
22491 71
22492 41
22493 41
22494 91
22495 81
22496 21
22497 51
22498 21
22499 81
22500 11
22501 81
22502 61
22503 51
22504 81
22505 61
22506 71
22507 21
22508 41
22509 31
22510 01
22511 01
22512 91
22513 61
22514 21
22515 51
22516 61
22517 21
22518 11
22519 41
22520 61
22521 71
22522 61
22523 81
22524 11
22525 01
22526 41
22527 51
22528 61
22529 61
22530 91
22531 41
22532 01
22533 51
22534 01
22535 61
22536 91
22537 41
22538 61
22539 91
22540 21
22541 81
22542 71
22543 81
22544 21
22545 91
22546 81
22547 81
22548 71
22549 81
22550 01
22551 91
22552 01
22553 01
22554 71
22555 41
22556 41
22557 91
22558 81
22559 81
22560 11
22561 81
22562 41
22563 31
22564 81
22565 61
22566 51
22567 41
22568 81
22569 31
22570 81
22571 61
22572 91
22573 81
22574 01
22575 51
22576 41
22577 41
22578 51
22579 81
22580 41
22581 31
22582 61
22583 41
22584 11
22585 01
22586 21
22587 11
22588 41
22589 61
22590 71
22591 41
22592 61
22593 91
22594 81
22595 01
22596 51
22597 61
22598 61
22599 71
22600 01
22601 81
22602 31
22603 61
22604 41
22605 31
22606 41
22607 41
22608 31
22609 81
22610 81
22611 31
22612 41
22613 81
22614 51
22615 21
22616 01
22617 91
22618 01
22619 01
22620 11
22621 61
22622 61
22623 11
22624 41
22625 41
22626 11
22627 81
22628 81
22629 91
22630 81
22631 81
22632 11
22633 41
22634 81
22635 71
22636 21
22637 61
22638 11
22639 41
22640 81
22641 91
22642 81
22643 81
22644 31
22645 81
22646 21
22647 11
22648 81
22649 01
22650 11
22651 41
22652 01
22653 51
22654 41
22655 21
22656 91
22657 41
22658 01
22659 71
22660 01
22661 81
22662 11
22663 81
22664 41
22665 31
22666 21
22667 01
22668 91
22669 81
22670 61
22671 31
22672 81
22673 61
22674 31
22675 61
22676 41
22677 91
22678 21
22679 81
22680 71
22681 81
22682 81
22683 51
22684 41
22685 41
22686 91
22687 81
22688 01
22689 91
22690 61
22691 21
22692 31
22693 01
22694 61
22695 51
22696 61
22697 81
22698 71
22699 61
22700 61
22701 31
22702 01
22703 81
22704 71
22705 61
22706 61
22707 71
22708 21
22709 01
22710 91
22711 21
22712 21
22713 71
22714 21
22715 41
22716 51
22717 21
22718 41
22719 31
22720 21
22721 41
22722 91
22723 61
22724 41
22725 51
22726 81
22727 21
22728 31
22729 01
22730 81
22731 31
22732 81
22733 01
22734 11
22735 21
22736 41
22737 31
22738 21
22739 81
22740 51
22741 21
22742 01
22743 51
22744 21
22745 21
22746 31
22747 41
22748 81
22749 11
22750 41
22751 01
22752 91
22753 61
22754 01
22755 71
22756 61
22757 21
22758 91
22759 01
22760 21
22761 71
22762 41
22763 81
22764 51
22765 81
22766 21
22767 91
22768 01
22769 61
22770 11
22771 21
22772 61
22773 71
22774 21
22775 01
22776 91
22777 41
22778 41
22779 91
22780 41
22781 81
22782 51
22783 21
22784 41
22785 51
22786 61
22787 61
22788 11
22789 01
22790 61
22791 11
22792 81
22793 41
22794 91
22795 41
22796 81
22797 71
22798 21
22799 41
22800 51
22801 81
22802 21
22803 11
22804 01
22805 81
22806 31
22807 61
22808 41
22809 11
22810 21
22811 21
22812 11
22813 41
22814 81
22815 31
22816 41
22817 61
22818 11
22819 01
22820 81
22821 51
22822 81
22823 41
22824 11
22825 41
22826 01
22827 71
22828 41
22829 01
22830 71
22831 41
22832 41
22833 31
22834 01
22835 01
22836 31
22837 41
22838 01
22839 31
22840 81
22841 01
22842 11
22843 41
22844 01
22845 91
22846 81
22847 61
22848 31
22849 21
22850 01
22851 71
22852 01
22853 21
22854 91
22855 21
22856 81
22857 11
22858 61
22859 21
22860 91
22861 21
22862 81
22863 11
22864 81
22865 41
22866 11
22867 41
22868 21
22869 11
22870 81
22871 41
22872 31
22873 81
22874 41
22875 31
22876 21
22877 61
22878 91
22879 81
22880 61
22881 91
22882 61
22883 61
22884 31
22885 21
22886 01
22887 31
22888 21
22889 41
22890 11
22891 01
22892 01
22893 11
22894 61
22895 81
22896 71
22897 01
22898 01
22899 91
22900 61
22901 81
22902 91
22903 01
22904 61
22905 11
22906 01
22907 61
22908 71
22909 21
22910 81
22911 31
22912 41
22913 41
22914 71
22915 21
22916 01
22917 51
22918 01
22919 61
22920 11
22921 21
22922 41
22923 71
22924 21
22925 01
22926 71
22927 81
22928 41
22929 91
22930 21
22931 61
22932 71
22933 21
22934 21
22935 71
22936 21
22937 21
22938 91
22939 61
22940 81
22941 51
22942 41
22943 41
22944 91
22945 41
22946 61
22947 51
22948 21
22949 41
22950 31
22951 01
22952 61
22953 11
22954 81
22955 41
22956 31
22957 81
22958 21
22959 11
22960 01
22961 41
22962 51
22963 81
22964 61
22965 91
22966 41
22967 21
22968 11
22969 01
22970 61
22971 11
22972 61
22973 41
22974 91
22975 41
22976 61
22977 11
22978 21
22979 41
22980 31
22981 61
22982 41
22983 11
22984 81
22985 01
22986 91
22987 21
22988 21
22989 71
22990 41
22991 61
22992 71
22993 41
22994 81
22995 31
22996 21
22997 41
22998 11
22999 01
23000 61
23001 71
23002 21
23003 41
23004 91
23005 01
23006 01
23007 91
23008 21
23009 01
23010 51
23011 61
23012 81
23013 71
23014 81
23015 61
23016 31
23017 01
23018 01
23019 31
23020 61
23021 61
23022 91
23023 41
23024 81
23025 91
23026 41
23027 01
23028 11
23029 61
23030 61
23031 91
23032 01
23033 01
23034 71
23035 21
23036 41
23037 91
23038 81
23039 61
23040 51
23041 81
23042 41
23043 11
23044 61
23045 81
23046 51
23047 21
23048 01
23049 91
23050 41
23051 41
23052 51
23053 01
23054 41
23055 11
23056 41
23057 41
23058 51
23059 61
23060 21
23061 31
23062 61
23063 21
23064 31
23065 41
23066 21
23067 91
23068 01
23069 61
23070 91
23071 21
23072 61
23073 71
23074 01
23075 41
23076 91
23077 41
23078 21
23079 71
23080 61
23081 81
23082 31
23083 41
23084 01
23085 11
23086 41
23087 21
23088 31
23089 41
23090 21
23091 11
23092 81
23093 41
23094 71
23095 21
23096 81
23097 71
23098 01
23099 61
23100 91
23101 81
23102 01
23103 71
23104 01
23105 01
23106 11
23107 61
23108 21
23109 31
23110 61
23111 61
23112 91
23113 01
23114 81
23115 91
23116 41
23117 61
23118 91
23119 61
23120 61
23121 51
23122 61
23123 41
23124 71
23125 81
23126 81
23127 11
23128 01
23129 21
23130 71
23131 21
23132 21
23133 31
23134 61
23135 81
23136 51
23137 81
23138 61
23139 91
23140 41
23141 01
23142 91
23143 81
23144 41
23145 71
23146 61
23147 41
23148 91
23149 21
23150 21
23151 91
23152 01
23153 01
23154 11
23155 01
23156 41
23157 91
23158 21
23159 61
23160 91
23161 81
23162 81
23163 31
23164 01
23165 01
23166 91
23167 61
23168 01
23169 31
23170 41
23171 01
23172 71
23173 41
23174 61
23175 71
23176 41
23177 41
23178 91
23179 81
23180 01
23181 31
23182 01
23183 61
23184 71
23185 81
23186 61
23187 51
23188 61
23189 21
23190 51
23191 01
23192 01
23193 11
23194 41
23195 01
23196 71
23197 01
23198 81
23199 51
23200 21
23201 81
23202 71
23203 01
23204 01
23205 91
23206 81
23207 01
23208 11
23209 21
23210 01
23211 11
23212 01
23213 61
23214 91
23215 61
23216 01
23217 51
23218 81
23219 61
23220 31
23221 21
23222 21
23223 11
23224 41
23225 61
23226 51
23227 61
23228 81
23229 11
23230 81
23231 81
23232 51
23233 61
23234 41
23235 71
23236 61
23237 01
23238 31
23239 21
23240 21
23241 51
23242 21
23243 21
23244 11
23245 61
23246 41
23247 71
23248 81
23249 21
23250 71
23251 61
23252 81
23253 71
23254 61
23255 21
23256 31
23257 01
23258 81
23259 31
23260 41
23261 61
23262 71
23263 81
23264 61
23265 31
23266 21
23267 81
23268 11
23269 41
23270 61
23271 11
23272 41
23273 81
23274 11
23275 41
23276 41
23277 91
23278 61
23279 01
23280 11
23281 81
23282 21
23283 91
23284 41
23285 61
23286 31
23287 41
23288 21
23289 11
23290 61
23291 01
23292 31
23293 81
23294 21
23295 31
23296 01
23297 61
23298 71
23299 21
23300 41
23301 31
23302 41
23303 41
23304 31
23305 01
23306 01
23307 51
23308 61
23309 21
23310 51
23311 21
23312 01
23313 11
23314 41
23315 21
23316 31
23317 01
23318 81
23319 71
23320 41
23321 61
23322 71
23323 21
23324 81
23325 31
23326 21
23327 21
23328 51
23329 01
23330 61
23331 51
23332 01
23333 61
23334 91
23335 81
23336 21
23337 51
23338 81
23339 81
23340 11
23341 81
23342 21
23343 31
23344 81
23345 61
23346 31
23347 81
23348 81
23349 31
23350 61
23351 41
23352 11
23353 81
23354 81
23355 71
23356 01
23357 01
23358 31
23359 41
23360 61
23361 71
23362 21
23363 41
23364 11
23365 01
23366 01
23367 91
23368 41
23369 61
23370 51
23371 61
23372 01
23373 91
23374 61
23375 61
23376 51
23377 81
23378 41
23379 71
23380 81
23381 01
23382 71
23383 01
23384 21
23385 91
23386 41
23387 01
23388 31
23389 81
23390 61
23391 91
23392 21
23393 81
23394 31
23395 21
23396 61
23397 31
23398 81
23399 41
23400 71
23401 81
23402 61
23403 91
23404 21
23405 41
23406 71
23407 61
23408 01
23409 31
23410 41
23411 41
23412 71
23413 41
23414 61
23415 11
23416 61
23417 41
23418 91
23419 21
23420 41
23421 91
23422 01
23423 01
23424 31
23425 61
23426 41
23427 91
23428 41
23429 81
23430 71
23431 81
23432 01
23433 11
23434 41
23435 41
23436 11
23437 01
23438 81
23439 91
23440 81
23441 01
23442 71
23443 41
23444 81
23445 91
23446 41
23447 41
23448 11
23449 61
23450 61
23451 31
23452 21
23453 01
23454 71
23455 61
23456 81
23457 51
23458 81
23459 01
23460 11
23461 61
23462 21
23463 51
23464 41
23465 41
23466 71
23467 01
23468 01
23469 91
23470 41
23471 81
23472 91
23473 01
23474 41
23475 51
23476 01
23477 61
23478 51
23479 01
23480 01
23481 31
23482 21
23483 61
23484 31
23485 81
23486 81
23487 11
23488 21
23489 01
23490 71
23491 21
23492 41
23493 71
23494 01
23495 81
23496 71
23497 81
23498 21
23499 11
23500 61
23501 61
23502 51
23503 81
23504 21
23505 91
23506 01
23507 21
23508 71
23509 81
23510 21
23511 91
23512 21
23513 01
23514 91
23515 01
23516 61
23517 51
23518 01
23519 01
23520 11
23521 01
23522 41
23523 11
23524 41
23525 81
23526 11
23527 21
23528 81
23529 31
23530 01
23531 21
23532 31
23533 81
23534 21
23535 71
23536 61
23537 61
23538 71
23539 61
23540 21
23541 11
23542 41
23543 81
23544 31
23545 21
23546 41
23547 91
23548 81
23549 41
23550 51
23551 81
23552 41
23553 91
23554 01
23555 81
23556 51
23557 01
23558 81
23559 11
23560 41
23561 21
23562 71
23563 61
23564 01
23565 91
23566 01
23567 61
23568 91
23569 21
23570 21
23571 31
23572 61
23573 01
23574 11
23575 41
23576 21
23577 71
23578 21
23579 01
23580 91
23581 01
23582 21
23583 71
23584 21
23585 21
23586 91
23587 21
23588 41
23589 11
23590 01
23591 61
23592 91
23593 41
23594 61
23595 11
23596 41
23597 01
23598 91
23599 21
23600 21
23601 91
23602 81
23603 01
23604 11
23605 01
23606 21
23607 31
23608 21
23609 61
23610 71
23611 61
23612 01
23613 31
23614 81
23615 21
23616 51
23617 21
23618 81
23619 91
23620 61
23621 41
23622 31
23623 41
23624 61
23625 71
23626 21
23627 21
23628 91
23629 81
23630 81
23631 51
23632 41
23633 61
23634 51
23635 41
23636 61
23637 71
23638 41
23639 21
23640 31
23641 21
23642 41
23643 51
23644 21
23645 61
23646 71
23647 61
23648 81
23649 51
23650 01
23651 41
23652 51
23653 01
23654 81
23655 91
23656 41
23657 41
23658 91
23659 61
23660 61
23661 31
23662 01
23663 41
23664 71
23665 61
23666 61
23667 31
23668 01
23669 01
23670 91
23671 81
23672 81
23673 11
23674 21
23675 01
23676 91
23677 41
23678 61
23679 91
23680 41
23681 81
23682 71
23683 81
23684 41
23685 51
23686 81
23687 81
23688 91
23689 01
23690 81
23691 91
23692 21
23693 81
23694 11
23695 81
23696 61
23697 31
23698 61
23699 41
23700 51
23701 81
23702 41
23703 31
23704 01
23705 81
23706 51
23707 41
23708 01
23709 11
23710 41
23711 61
23712 11
23713 21
23714 01
23715 31
23716 61
23717 41
23718 71
23719 61
23720 01
23721 91
23722 81
23723 81
23724 11
23725 41
23726 21
23727 11
23728 61
23729 01
23730 91
23731 41
23732 81
23733 91
23734 21
23735 61
23736 71
23737 21
23738 01
23739 51
23740 01
23741 01
23742 51
23743 61
23744 81
23745 51
23746 21
23747 01
23748 71
23749 21
23750 21
23751 31
23752 61
23753 41
23754 11
23755 41
23756 21
23757 11
23758 41
23759 01
23760 91
23761 41
23762 61
23763 31
23764 21
23765 61
23766 51
23767 01
23768 21
23769 51
23770 81
23771 21
23772 11
23773 21
23774 61
23775 11
23776 41
23777 41
23778 31
23779 21
23780 21
23781 31
23782 41
23783 21
23784 11
23785 41
23786 01
23787 31
23788 81
23789 01
23790 71
23791 01
23792 61
23793 51
23794 01
23795 61
23796 31
23797 21
23798 61
23799 91
23800 61
23801 81
23802 11
23803 81
23804 61
23805 11
23806 21
23807 01
23808 11
23809 21
23810 01
23811 31
23812 01
23813 61
23814 91
23815 81
23816 61
23817 51
23818 81
23819 81
23820 51
23821 01
23822 21
23823 31
23824 21
23825 01
23826 91
23827 81
23828 21
23829 91
23830 41
23831 21
23832 51
23833 61
23834 41
23835 91
23836 81
23837 01
23838 31
23839 41
23840 01
23841 11
23842 21
23843 41
23844 51
23845 61
23846 21
23847 91
23848 81
23849 41
23850 51
23851 21
23852 41
23853 91
23854 01
23855 21
23856 71
23857 01
23858 81
23859 51
23860 81
23861 81
23862 71
23863 01
23864 61
23865 71
23866 81
23867 01
23868 71
23869 81
23870 41
23871 11
23872 61
23873 01
23874 11
23875 81
23876 61
23877 71
23878 21
23879 41
23880 51
23881 21
23882 21
23883 11
23884 01
23885 21
23886 51
23887 61
23888 41
23889 51
23890 61
23891 81
23892 11
23893 81
23894 41
23895 11
23896 21
23897 01
23898 91
23899 61
23900 01
23901 31
23902 81
23903 41
23904 11
23905 81
23906 41
23907 71
23908 41
23909 41
23910 31
23911 61
23912 41
23913 71
23914 81
23915 01
23916 91
23917 81
23918 01
23919 71
23920 41
23921 21
23922 31
23923 81
23924 81
23925 91
23926 61
23927 61
23928 31
23929 61
23930 81
23931 11
23932 01
23933 61
23934 91
23935 01
23936 01
23937 51
23938 81
23939 01
23940 51
23941 21
23942 21
23943 51
23944 81
23945 21
23946 51
23947 01
23948 41
23949 91
23950 61
23951 21
23952 31
23953 21
23954 61
23955 51
23956 61
23957 01
23958 31
23959 61
23960 61
23961 51
23962 21
23963 61
23964 71
23965 81
23966 41
23967 11
23968 61
23969 21
23970 31
23971 01
23972 81
23973 11
23974 21
23975 41
23976 51
23977 41
23978 61
23979 31
23980 21
23981 61
23982 71
23983 21
23984 41
23985 71
23986 21
23987 21
23988 11
23989 21
23990 81
23991 51
23992 61
23993 61
23994 71
23995 41
23996 81
23997 31
23998 61
23999 81
24000 51
24001 41
24002 41
24003 71
24004 21
24005 41
24006 31
24007 81
24008 41
24009 31
24010 01
24011 41
24012 71
24013 61
24014 21
24015 91
24016 61
24017 61
24018 11
24019 81
24020 81
24021 11
24022 81
24023 21
24024 51
24025 01
24026 81
24027 51
24028 21
24029 81
24030 31
24031 61
24032 61
24033 51
24034 01
24035 01
24036 11
24037 21
24038 61
24039 31
24040 61
24041 21
24042 11
24043 21
24044 81
24045 51
24046 41
24047 41
24048 51
24049 21
24050 41
24051 31
24052 61
24053 81
24054 31
24055 01
24056 21
24057 51
24058 81
24059 21
24060 71
24061 81
24062 21
24063 71
24064 61
24065 41
24066 31
24067 21
24068 81
24069 51
24070 01
24071 81
24072 31
24073 01
24074 81
24075 31
24076 41
24077 81
24078 91
24079 01
24080 81
24081 71
24082 21
24083 81
24084 11
24085 61
24086 01
24087 31
24088 61
24089 21
24090 31
24091 01
24092 41
24093 11
24094 21
24095 41
24096 11
24097 21
24098 61
24099 31
24100 81
24101 21
24102 11
24103 21
24104 01
24105 11
24106 41
24107 41
24108 71
24109 41
24110 21
24111 31
24112 81
24113 61
24114 71
24115 41
24116 41
24117 91
24118 61
24119 81
24120 11
24121 81
24122 21
24123 71
24124 81
24125 61
24126 31
24127 21
24128 01
24129 31
24130 61
24131 81
24132 51
24133 41
24134 81
24135 11
24136 61
24137 81
24138 11
24139 81
24140 41
24141 31
24142 41
24143 21
24144 11
24145 01
24146 01
24147 31
24148 81
24149 61
24150 51
24151 01
24152 61
24153 11
24154 61
24155 01
24156 31
24157 81
24158 01
24159 11
24160 81
24161 41
24162 31
24163 21
24164 41
24165 31
24166 21
24167 01
24168 11
24169 81
24170 61
24171 31
24172 01
24173 21
24174 31
24175 61
24176 61
24177 11
24178 01
24179 81
24180 91
24181 61
24182 21
24183 91
24184 61
24185 81
24186 71
24187 41
24188 41
24189 91
24190 61
24191 21
24192 51
24193 21
24194 61
24195 51
24196 81
24197 61
24198 31
24199 61
24200 81
24201 71
24202 01
24203 61
24204 91
24205 61
24206 81
24207 51
24208 81
24209 61
24210 11
24211 61
24212 21
24213 11
24214 21
24215 41
24216 71
24217 61
24218 61
24219 31
24220 41
24221 41
24222 31
24223 21
24224 61
24225 11
24226 21
24227 01
24228 31
24229 21
24230 01
24231 31
24232 21
24233 21
24234 91
24235 81
24236 81
24237 71
24238 61
24239 81
24240 71
24241 81
24242 61
24243 71
24244 41
24245 41
24246 71
24247 41
24248 61
24249 91
24250 41
24251 21
24252 71
24253 81
24254 41
24255 91
24256 01
24257 81
24258 91
24259 41
24260 21
24261 51
24262 21
24263 21
24264 71
24265 61
24266 41
24267 71
24268 41
24269 01
24270 71
24271 61
24272 41
24273 31
24274 01
24275 21
24276 91
24277 41
24278 01
24279 51
24280 01
24281 81
24282 11
24283 61
24284 81
24285 31
24286 21
24287 81
24288 71
24289 01
24290 61
24291 11
24292 01
24293 21
24294 91
24295 41
24296 01
24297 11
24298 61
24299 41
24300 71
24301 81
24302 81
24303 31
24304 21
24305 41
24306 91
24307 61
24308 21
24309 31
24310 61
24311 01
24312 91
24313 01
24314 81
24315 31
24316 61
24317 61
24318 91
24319 01
24320 01
24321 11
24322 61
24323 81
24324 31
24325 61
24326 61
24327 51
24328 81
24329 81
24330 91
24331 01
24332 21
24333 31
24334 61
24335 21
24336 91
24337 81
24338 61
24339 31
24340 01
24341 21
24342 91
24343 21
24344 21
24345 71
24346 21
24347 81
24348 91
24349 61
24350 81
24351 11
24352 21
24353 41
24354 91
24355 01
24356 21
24357 91
24358 21
24359 01
24360 71
24361 21
24362 81
24363 71
24364 01
24365 81
24366 11
24367 01
24368 21
24369 11
24370 01
24371 01
24372 11
24373 81
24374 61
24375 51
24376 81
24377 01
24378 11
24379 61
24380 81
24381 11
24382 01
24383 01
24384 91
24385 01
24386 01
24387 91
24388 01
24389 01
24390 51
24391 61
24392 61
24393 11
24394 81
24395 61
24396 11
24397 81
24398 21
24399 31
24400 41
24401 81
24402 51
24403 01
24404 61
24405 51
24406 61
24407 41
24408 71
24409 61
24410 61
24411 91
24412 81
24413 81
24414 71
24415 21
24416 21
24417 11
24418 21
24419 61
24420 31
24421 41
24422 41
24423 31
24424 41
24425 81
24426 31
24427 41
24428 41
24429 31
24430 21
24431 01
24432 51
24433 61
24434 41
24435 11
24436 21
24437 01
24438 31
24439 61
24440 01
24441 31
24442 21
24443 61
24444 11
24445 81
24446 81
24447 11
24448 01
24449 41
24450 71
24451 21
24452 21
24453 51
24454 21
24455 81
24456 51
24457 01
24458 81
24459 71
24460 41
24461 21
24462 71
24463 21
24464 81
24465 91
24466 01
24467 21
24468 51
24469 61
24470 21
24471 91
24472 01
24473 21
24474 31
24475 01
24476 41
24477 11
24478 01
24479 21
24480 91
24481 01
24482 21
24483 31
24484 81
24485 21
24486 91
24487 81
24488 81
24489 91
24490 01
24491 21
24492 11
24493 41
24494 01
24495 71
24496 41
24497 61
24498 31
24499 01
24500 01
24501 51
24502 01
24503 01
24504 31
24505 01
24506 21
24507 91
24508 41
24509 21
24510 71
24511 21
24512 01
24513 51
24514 61
24515 81
24516 31
24517 41
24518 21
24519 91
24520 21
24521 01
24522 31
24523 61
24524 21
24525 11
24526 01
24527 41
24528 11
24529 01
24530 81
24531 11
24532 21
24533 41
24534 11
24535 01
24536 21
24537 91
24538 41
24539 61
24540 71
24541 21
24542 01
24543 91
24544 81
24545 81
24546 31
24547 81
24548 61
24549 51
24550 21
24551 41
24552 91
24553 41
24554 01
24555 51
24556 81
24557 01
24558 31
24559 81
24560 81
24561 11
24562 21
24563 81
24564 51
24565 01
24566 21
24567 31
24568 01
24569 81
24570 71
24571 61
24572 81
24573 91
24574 41
24575 21
24576 31
24577 21
24578 21
24579 71
24580 41
24581 81
24582 71
24583 41
24584 81
24585 51
24586 81
24587 41
24588 11
24589 21
24590 81
24591 51
24592 21
24593 61
24594 71
24595 41
24596 41
24597 11
24598 61
24599 81
24600 11
24601 01
24602 81
24603 71
24604 81
24605 81
24606 51
24607 01
24608 01
24609 51
24610 41
24611 21
24612 91
24613 61
24614 21
24615 91
24616 21
24617 21
24618 11
24619 81
24620 41
24621 51
24622 61
24623 21
24624 11
24625 21
24626 81
24627 91
24628 81
24629 81
24630 91
24631 01
24632 41
24633 31
24634 61
24635 21
24636 11
24637 41
24638 61
24639 31
24640 21
24641 41
24642 71
24643 21
24644 41
24645 51
24646 61
24647 21
24648 11
24649 01
24650 61
24651 71
24652 61
24653 41
24654 91
24655 01
24656 41
24657 11
24658 21
24659 01
24660 91
24661 01
24662 41
24663 71
24664 21
24665 21
24666 11
24667 81
24668 41
24669 11
24670 21
24671 81
24672 71
24673 41
24674 81
24675 91
24676 81
24677 41
24678 11
24679 61
24680 01
24681 51
24682 21
24683 01
24684 11
24685 01
24686 41
24687 51
24688 21
24689 61
24690 91
24691 41
24692 61
24693 31
24694 01
24695 61
24696 51
24697 01
24698 01
24699 91
24700 81
24701 21
24702 91
24703 01
24704 81
24705 11
24706 21
24707 61
24708 91
24709 81
24710 01
24711 91
24712 61
24713 61
24714 71
24715 41
24716 01
24717 31
24718 61
24719 81
24720 71
24721 01
24722 41
24723 71
24724 41
24725 61
24726 11
24727 81
24728 61
24729 11
24730 41
24731 81
24732 91
24733 01
24734 01
24735 51
24736 01
24737 61
24738 11
24739 81
24740 01
24741 31
24742 81
24743 21
24744 71
24745 81
24746 41
24747 51
24748 41
24749 21
24750 31
24751 41
24752 81
24753 51
24754 21
24755 81
24756 71
24757 81
24758 81
24759 71
24760 61
24761 61
24762 11
24763 21
24764 01
24765 91
24766 61
24767 41
24768 71
24769 21
24770 81
24771 91
24772 81
24773 41
24774 71
24775 81
24776 21
24777 71
24778 01
24779 21
24780 11
24781 01
24782 01
24783 31
24784 01
24785 81
24786 71
24787 21
24788 01
24789 11
24790 61
24791 01
24792 51
24793 21
24794 21
24795 31
24796 21
24797 61
24798 91
24799 21
24800 61
24801 91
24802 61
24803 01
24804 51
24805 21
24806 01
24807 71
24808 61
24809 01
24810 11
24811 41
24812 61
24813 91
24814 41
24815 21
24816 51
24817 61
24818 21
24819 71
24820 61
24821 81
24822 91
24823 41
24824 01
24825 11
24826 01
24827 01
24828 31
24829 41
24830 81
24831 71
24832 21
24833 41
24834 31
24835 61
24836 01
24837 91
24838 61
24839 81
24840 31
24841 61
24842 21
24843 71
24844 01
24845 01
24846 71
24847 21
24848 21
24849 31
24850 21
24851 01
24852 71
24853 01
24854 41
24855 11
24856 41
24857 01
24858 51
24859 61
24860 21
24861 91
24862 41
24863 21
24864 31
24865 01
24866 81
24867 31
24868 01
24869 21
24870 31
24871 41
24872 81
24873 31
24874 21
24875 81
24876 71
24877 61
24878 21
24879 71
24880 61
24881 41
24882 91
24883 41
24884 01
24885 71
24886 81
24887 01
24888 31
24889 01
24890 41
24891 11
24892 21
24893 01
24894 71
24895 81
24896 21
24897 51
24898 81
24899 21
24900 11
24901 81
24902 21
24903 71
24904 01
24905 61
24906 31
24907 21
24908 21
24909 91
24910 61
24911 81
24912 71
24913 61
24914 61
24915 11
24916 81
24917 61
24918 51
24919 21
24920 61
24921 71
24922 21
24923 81
24924 51
24925 01
24926 01
24927 31
24928 01
24929 81
24930 51
24931 01
24932 81
24933 91
24934 21
24935 01
24936 51
24937 21
24938 01
24939 91
24940 01
24941 41
24942 51
24943 01
24944 01
24945 91
24946 41
24947 41
24948 11
24949 21
24950 61
24951 31
24952 21
24953 61
24954 51
24955 61
24956 81
24957 11
24958 41
24959 41
24960 11
24961 21
24962 61
24963 71
24964 61
24965 01
24966 91
24967 41
24968 81
24969 11
24970 41
24971 81
24972 91
24973 61
24974 01
24975 51
24976 01
24977 21
24978 91
24979 81
24980 01
24981 91
24982 41
24983 61
24984 71
24985 41
24986 81
24987 71
24988 61
24989 81
24990 51
24991 81
24992 61
24993 71
24994 21
24995 81
24996 71
24997 41
24998 41
24999 71
25000 61
25001 21
25002 51
25003 01
25004 01
25005 51
25006 81
25007 41
25008 11
25009 81
25010 81
25011 51
25012 21
25013 21
25014 51
25015 41
25016 41
25017 71
25018 21
25019 21
25020 11
25021 61
25022 21
25023 91
25024 01
25025 41
25026 71
25027 41
25028 81
25029 71
25030 41
25031 21
25032 91
25033 21
25034 81
25035 91
25036 21
25037 81
25038 51
25039 61
25040 41
25041 11
25042 81
25043 21
25044 51
25045 81
25046 81
25047 51
25048 21
25049 61
25050 71
25051 61
25052 61
25053 31
25054 81
25055 21
25056 11
25057 01
25058 81
25059 91
25060 21
25061 01
25062 71
25063 41
25064 21
25065 11
25066 41
25067 41
25068 51
25069 01
25070 21
25071 31
25072 61
25073 61
25074 51
25075 41
25076 21
25077 31
25078 41
25079 21
25080 91
25081 61
25082 21
25083 51
25084 81
25085 81
25086 71
25087 01
25088 41
25089 51
25090 61
25091 81
25092 31
25093 81
25094 41
25095 11
25096 41
25097 61
25098 91
25099 61
25100 21
25101 51
25102 61
25103 41
25104 31
25105 61
25106 81
25107 11
25108 61
25109 81
25110 11
25111 21
25112 81
25113 71
25114 81
25115 01
25116 11
25117 01
25118 01
25119 71
25120 61
25121 01
25122 91
25123 81
25124 01
25125 31
25126 61
25127 41
25128 51
25129 61
25130 01
25131 91
25132 61
25133 21
25134 11
25135 41
25136 01
25137 91
25138 81
25139 01
25140 71
25141 61
25142 41
25143 51
25144 01
25145 21
25146 91
25147 61
25148 61
25149 51
25150 01
25151 01
25152 31
25153 41
25154 81
25155 51
25156 01
25157 21
25158 11
25159 21
25160 01
25161 91
25162 61
25163 61
25164 91
25165 41
25166 01
25167 31
25168 81
25169 41
25170 71
25171 01
25172 61
25173 91
25174 21
25175 61
25176 31
25177 61
25178 01
25179 51
25180 61
25181 21
25182 71
25183 61
25184 41
25185 51
25186 01
25187 61
25188 31
25189 01
25190 01
25191 31
25192 01
25193 01
25194 31
25195 81
25196 61
25197 91
25198 41
25199 01
25200 51
25201 41
25202 01
25203 31
25204 81
25205 41
25206 91
25207 21
25208 81
25209 11
25210 61
25211 61
25212 31
25213 61
25214 21
25215 91
25216 81
25217 41
25218 11
25219 81
25220 01
25221 51
25222 21
25223 21
25224 71
25225 01
25226 41
25227 71
25228 41
25229 41
25230 91
25231 61
25232 41
25233 71
25234 41
25235 81
25236 91
25237 81
25238 61
25239 31
25240 81
25241 21
25242 91
25243 21
25244 01
25245 11
25246 21
25247 81
25248 71
25249 41
25250 01
25251 11
25252 01
25253 61
25254 51
25255 61
25256 01
25257 51
25258 41
25259 41
25260 31
25261 21
25262 81
25263 71
25264 81
25265 61
25266 11
25267 01
25268 01
25269 31
25270 41
25271 01
25272 91
25273 41
25274 61
25275 71
25276 61
25277 01
25278 91
25279 81
25280 21
25281 51
25282 81
25283 61
25284 91
25285 61
25286 01
25287 91
25288 81
25289 61
25290 31
25291 61
25292 41
25293 11
25294 41
25295 01
25296 91
25297 21
25298 81
25299 51
25300 41
25301 61
25302 31
25303 01
25304 21
25305 31
25306 81
25307 81
25308 31
25309 21
25310 21
25311 91
25312 61
25313 21
25314 11
25315 01
25316 01
25317 91
25318 81
25319 61
25320 51
25321 61
25322 41
25323 11
25324 61
25325 61
25326 91
25327 21
25328 01
25329 71
25330 21
25331 61
25332 51
25333 81
25334 61
25335 71
25336 01
25337 21
25338 11
25339 81
25340 61
25341 91
25342 61
25343 21
25344 31
25345 21
25346 01
25347 91
25348 01
25349 41
25350 11
25351 61
25352 61
25353 51
25354 61
25355 41
25356 11
25357 21
25358 21
25359 51
25360 81
25361 21
25362 71
25363 21
25364 61
25365 11
25366 01
25367 21
25368 31
25369 21
25370 81
25371 91
25372 81
25373 21
25374 71
25375 81
25376 21
25377 51
25378 41
25379 21
25380 11
25381 81
25382 81
25383 51
25384 01
25385 61
25386 91
25387 81
25388 61
25389 91
25390 21
25391 21
25392 91
25393 81
25394 21
25395 31
25396 21
25397 41
25398 71
25399 21
25400 61
25401 71
25402 81
25403 41
25404 51
25405 01
25406 61
25407 71
25408 81
25409 81
25410 11
25411 21
25412 81
25413 31
25414 81
25415 01
25416 11
25417 61
25418 81
25419 71
25420 61
25421 61
25422 51
25423 21
25424 01
25425 91
25426 01
25427 61
25428 71
25429 21
25430 21
25431 31
25432 41
25433 41
25434 11
25435 41
25436 01
25437 51
25438 41
25439 01
25440 71
25441 21
25442 81
25443 31
25444 01
25445 81
25446 11
25447 61
25448 01
25449 11
25450 01
25451 61
25452 71
25453 21
25454 61
25455 11
25456 21
25457 21
25458 31
25459 21
25460 01
25461 51
25462 81
25463 21
25464 91
25465 01
25466 01
25467 51
25468 61
25469 01
25470 51
25471 21
25472 01
25473 91
25474 81
25475 21
25476 31
25477 81
25478 61
25479 91
25480 41
25481 41
25482 91
25483 81
25484 41
25485 11
25486 81
25487 41
25488 91
25489 61
25490 61
25491 51
25492 01
25493 41
25494 71
25495 81
25496 21
25497 31
25498 01
25499 21
25500 11
25501 61
25502 81
25503 31
25504 01
25505 41
25506 31
25507 61
25508 01
25509 71
25510 01
25511 21
25512 71
25513 81
25514 41
25515 71
25516 01
25517 81
25518 91
25519 21
25520 61
25521 51
25522 21
25523 01
25524 51
25525 81
25526 41
25527 51
25528 61
25529 61
25530 31
25531 41
25532 01
25533 51
25534 41
25535 81
25536 91
25537 41
25538 01
25539 31
25540 81
25541 81
25542 11
25543 41
25544 01
25545 71
25546 21
25547 61
25548 31
25549 01
25550 81
25551 91
25552 01
25553 01
25554 11
25555 81
25556 41
25557 91
25558 21
25559 41
25560 31
25561 81
25562 81
25563 11
25564 81
25565 21
25566 91
25567 41
25568 21
25569 91
25570 01
25571 81
25572 31
25573 61
25574 01
25575 31
25576 41
25577 41
25578 91
25579 61
25580 81
25581 31
25582 01
25583 41
25584 91
25585 21
25586 61
25587 31
25588 21
25589 21
25590 71
25591 81
25592 01
25593 91
25594 61
25595 41
25596 11
25597 81
25598 41
25599 51
25600 81
25601 81
25602 71
25603 81
25604 61
25605 71
25606 81
25607 81
25608 11
25609 81
25610 41
25611 91
25612 41
25613 21
25614 11
25615 61
25616 81
25617 31
25618 81
25619 21
25620 11
25621 41
25622 61
25623 71
25624 01
25625 21
25626 51
25627 41
25628 21
25629 51
25630 61
25631 61
25632 31
25633 21
25634 41
25635 91
25636 81
25637 01
25638 11
25639 41
25640 01
25641 11
25642 01
25643 81
25644 51
25645 61
25646 01
25647 71
25648 01
25649 41
25650 31
25651 41
25652 01
25653 51
25654 81
25655 81
25656 91
25657 41
25658 41
25659 51
25660 81
25661 81
25662 51
25663 81
25664 61
25665 71
25666 61
25667 21
25668 11
25669 81
25670 21
25671 71
25672 61
25673 21
25674 91
25675 81
25676 41
25677 91
25678 61
25679 81
25680 31
25681 81
25682 21
25683 71
25684 01
25685 21
25686 31
25687 21
25688 21
25689 51
25690 41
25691 81
25692 71
25693 21
25694 21
25695 51
25696 81
25697 21
25698 91
25699 41
25700 81
25701 31
25702 41
25703 21
25704 31
25705 21
25706 01
25707 31
25708 01
25709 41
25710 11
25711 01
25712 81
25713 51
25714 61
25715 81
25716 51
25717 81
25718 21
25719 91
25720 41
25721 01
25722 51
25723 61
25724 41
25725 71
25726 21
25727 01
25728 31
25729 21
25730 81
25731 31
25732 21
25733 21
25734 71
25735 21
25736 81
25737 71
25738 41
25739 61
25740 91
25741 81
25742 41
25743 91
25744 01
25745 01
25746 51
25747 01
25748 81
25749 31
25750 01
25751 21
25752 71
25753 81
25754 21
25755 71
25756 01
25757 81
25758 71
25759 61
25760 61
25761 51
25762 01
25763 81
25764 71
25765 81
25766 21
25767 71
25768 21
25769 21
25770 11
25771 01
25772 21
25773 91
25774 01
25775 81
25776 91
25777 41
25778 81
25779 11
25780 81
25781 81
25782 91
25783 61
25784 41
25785 71
25786 01
25787 21
25788 31
25789 21
25790 61
25791 91
25792 81
25793 21
25794 51
25795 21
25796 21
25797 51
25798 21
25799 01
25800 31
25801 81
25802 61
25803 71
25804 61
25805 21
25806 71
25807 41
25808 81
25809 31
25810 81
25811 21
25812 91
25813 81
25814 01
25815 11
25816 21
25817 41
25818 51
25819 41
25820 01
25821 71
25822 61
25823 01
25824 51
25825 21
25826 41
25827 71
25828 61
25829 01
25830 51
25831 61
25832 61
25833 91
25834 81
25835 61
25836 11
25837 61
25838 61
25839 31
25840 41
25841 61
25842 31
25843 21
25844 61
25845 31
25846 81
25847 01
25848 31
25849 41
25850 21
25851 11
25852 21
25853 41
25854 71
25855 21
25856 21
25857 91
25858 01
25859 61
25860 31
25861 21
25862 61
25863 71
25864 41
25865 61
25866 91
25867 41
25868 61
25869 11
25870 21
25871 81
25872 71
25873 01
25874 81
25875 91
25876 81
25877 01
25878 91
25879 61
25880 01
25881 11
25882 81
25883 41
25884 11
25885 61
25886 81
25887 71
25888 41
25889 21
25890 11
25891 81
25892 41
25893 51
25894 01
25895 61
25896 51
25897 61
25898 61
25899 91
25900 81
25901 81
25902 31
25903 81
25904 81
25905 71
25906 41
25907 61
25908 31
25909 41
25910 01
25911 51
25912 01
25913 41
25914 51
25915 01
25916 21
25917 31
25918 81
25919 81
25920 71
25921 61
25922 61
25923 31
25924 41
25925 21
25926 11
25927 01
25928 41
25929 71
25930 21
25931 01
25932 31
25933 01
25934 61
25935 11
25936 01
25937 81
25938 71
25939 21
25940 81
25941 51
25942 01
25943 41
25944 71
25945 41
25946 21
25947 31
25948 01
25949 81
25950 91
25951 61
25952 81
25953 91
25954 61
25955 81
25956 31
25957 21
25958 41
25959 91
25960 21
25961 81
25962 91
25963 21
25964 21
25965 91
25966 01
25967 81
25968 91
25969 81
25970 21
25971 51
25972 21
25973 61
25974 91
25975 61
25976 41
25977 11
25978 81
25979 61
25980 71
25981 01
25982 01
25983 11
25984 81
25985 61
25986 71
25987 01
25988 21
25989 31
25990 01
25991 81
25992 11
25993 01
25994 21
25995 31
25996 21
25997 21
25998 31
25999 21
26000 61
26001 51
26002 81
26003 21
26004 51
26005 81
26006 01
26007 51
26008 21
26009 61
26010 91
26011 21
26012 61
26013 31
26014 01
26015 41
26016 91
26017 01
26018 01
26019 71
26020 61
26021 41
26022 91
26023 81
26024 01
26025 71
26026 81
26027 41
26028 51
26029 01
26030 41
26031 51
26032 61
26033 61
26034 71
26035 21
26036 81
26037 31
26038 61
26039 61
26040 91
26041 41
26042 41
26043 51
26044 01
26045 61
26046 31
26047 61
26048 61
26049 91
26050 61
26051 21
26052 31
26053 81
26054 61
26055 51
26056 61
26057 61
26058 11
26059 61
26060 61
26061 11
26062 81
26063 01
26064 71
26065 41
26066 81
26067 31
26068 81
26069 81
26070 51
26071 41
26072 61
26073 31
26074 21
26075 41
26076 51
26077 01
26078 21
26079 31
26080 21
26081 21
26082 11
26083 01
26084 41
26085 31
26086 41
26087 21
26088 51
26089 81
26090 81
26091 11
26092 01
26093 41
26094 51
26095 01
26096 01
26097 31
26098 81
26099 81
26100 51
26101 01
26102 61
26103 31
26104 21
26105 01
26106 31
26107 01
26108 21
26109 91
26110 81
26111 61
26112 11
26113 61
26114 81
26115 51
26116 61
26117 81
26118 71
26119 21
26120 61
26121 31
26122 01
26123 41
26124 51
26125 61
26126 61
26127 31
26128 81
26129 41
26130 91
26131 81
26132 61
26133 91
26134 41
26135 01
26136 71
26137 61
26138 21
26139 51
26140 21
26141 41
26142 91
26143 21
26144 01
26145 51
26146 81
26147 81
26148 71
26149 81
26150 81
26151 91
26152 01
26153 01
26154 51
26155 81
26156 41
26157 91
26158 61
26159 61
26160 31
26161 81
26162 21
26163 51
26164 41
26165 21
26166 31
26167 01
26168 01
26169 71
26170 41
26171 61
26172 91
26173 81
26174 81
26175 31
26176 41
26177 41
26178 31
26179 01
26180 81
26181 31
26182 41
26183 01
26184 11
26185 21
26186 01
26187 11
26188 21
26189 81
26190 11
26191 81
26192 41
26193 51
26194 81
26195 61
26196 51
26197 61
26198 41
26199 31
26200 81
26201 81
26202 11
26203 61
26204 01
26205 71
26206 21
26207 81
26208 91
26209 01
26210 81
26211 11
26212 21
26213 81
26214 11
26215 01
26216 21
26217 31
26218 61
26219 61
26220 71
26221 61
26222 41
26223 51
26224 81
26225 21
26226 91
26227 61
26228 41
26229 91
26230 01
26231 01
26232 11
26233 21
26234 01
26235 51
26236 81
26237 41
26238 71
26239 81
26240 81
26241 51
26242 81
26243 01
26244 51
26245 41
26246 01
26247 31
26248 61
26249 21
26250 71
26251 01
26252 41
26253 11
26254 61
26255 61
26256 11
26257 21
26258 01
26259 71
26260 41
26261 21
26262 51
26263 81
26264 81
26265 91
26266 81
26267 21
26268 31
26269 61
26270 01
26271 31
26272 81
26273 61
26274 11
26275 81
26276 41
26277 91
26278 01
26279 41
26280 31
26281 81
26282 61
26283 51
26284 81
26285 21
26286 71
26287 21
26288 41
26289 91
26290 81
26291 01
26292 91
26293 21
26294 81
26295 91
26296 61
26297 81
26298 51
26299 61
26300 81
26301 31
26302 81
26303 21
26304 91
26305 21
26306 41
26307 51
26308 61
26309 21
26310 51
26311 41
26312 01
26313 11
26314 41
26315 41
26316 91
26317 01
26318 81
26319 91
26320 61
26321 41
26322 71
26323 41
26324 61
26325 71
26326 61
26327 41
26328 91
26329 81
26330 21
26331 91
26332 01
26333 61
26334 91
26335 01
26336 41
26337 51
26338 81
26339 01
26340 91
26341 41
26342 21
26343 51
26344 21
26345 61
26346 11
26347 01
26348 81
26349 51
26350 41
26351 01
26352 71
26353 01
26354 21
26355 71
26356 41
26357 01
26358 31
26359 61
26360 01
26361 91
26362 21
26363 61
26364 11
26365 41
26366 61
26367 11
26368 01
26369 01
26370 31
26371 61
26372 21
26373 11
26374 61
26375 01
26376 71
26377 61
26378 01
26379 11
26380 21
26381 41
26382 71
26383 21
26384 81
26385 51
26386 61
26387 21
26388 51
26389 21
26390 61
26391 71
26392 01
26393 81
26394 51
26395 01
26396 81
26397 71
26398 01
26399 81
26400 31
26401 81
26402 01
26403 91
26404 01
26405 21
26406 11
26407 81
26408 81
26409 51
26410 21
26411 81
26412 11
26413 01
26414 01
26415 91
26416 21
26417 21
26418 11
26419 21
26420 41
26421 51
26422 61
26423 61
26424 31
26425 21
26426 81
26427 31
26428 21
26429 41
26430 91
26431 41
26432 01
26433 11
26434 41
26435 61
26436 91
26437 01
26438 81
26439 11
26440 21
26441 41
26442 71
26443 61
26444 81
26445 51
26446 61
26447 61
26448 71
26449 21
26450 61
26451 11
26452 41
26453 41
26454 51
26455 41
26456 41
26457 51
26458 81
26459 21
26460 11
26461 41
26462 21
26463 71
26464 01
26465 21
26466 11
26467 21
26468 21
26469 51
26470 21
26471 21
26472 71
26473 21
26474 01
26475 31
26476 01
26477 21
26478 71
26479 61
26480 41
26481 91
26482 21
26483 81
26484 51
26485 61
26486 61
26487 31
26488 01
26489 41
26490 91
26491 81
26492 81
26493 51
26494 41
26495 01
26496 91
26497 81
26498 01
26499 51
26500 41
26501 21
26502 31
26503 61
26504 21
26505 91
26506 61
26507 41
26508 11
26509 81
26510 81
26511 91
26512 21
26513 21
26514 51
26515 81
26516 61
26517 71
26518 21
26519 61
26520 51
26521 21
26522 21
26523 31
26524 61
26525 21
26526 51
26527 81
26528 61
26529 31
26530 61
26531 01
26532 91
26533 21
26534 81
26535 31
26536 61
26537 81
26538 51
26539 01
26540 01
26541 31
26542 81
26543 61
26544 31
26545 81
26546 41
26547 91
26548 21
26549 01
26550 31
26551 81
26552 81
26553 71
26554 61
26555 21
26556 91
26557 01
26558 81
26559 31
26560 01
26561 41
26562 71
26563 81
26564 21
26565 91
26566 61
26567 81
26568 71
26569 81
26570 81
26571 31
26572 01
26573 01
26574 51
26575 21
26576 61
26577 91
26578 61
26579 01
26580 71
26581 41
26582 21
26583 91
26584 01
26585 01
26586 11
26587 41
26588 81
26589 31
26590 61
26591 41
26592 91
26593 81
26594 81
26595 71
26596 81
26597 41
26598 31
26599 41
26600 41
26601 51
26602 41
26603 41
26604 91
26605 21
26606 61
26607 51
26608 21
26609 21
26610 71
26611 01
26612 61
26613 91
26614 61
26615 61
26616 31
26617 61
26618 41
26619 71
26620 61
26621 21
26622 11
26623 01
26624 01
26625 51
26626 41
26627 21
26628 11
26629 81
26630 41
26631 11
26632 61
26633 21
26634 11
26635 81
26636 61
26637 91
26638 81
26639 41
26640 51
26641 41
26642 41
26643 91
26644 01
26645 41
26646 31
26647 01
26648 81
26649 71
26650 01
26651 61
26652 71
26653 21
26654 41
26655 11
26656 21
26657 21
26658 11
26659 61
26660 01
26661 51
26662 61
26663 01
26664 11
26665 01
26666 81
26667 71
26668 21
26669 61
26670 31
26671 81
26672 21
26673 31
26674 41
26675 21
26676 31
26677 81
26678 41
26679 71
26680 41
26681 41
26682 71
26683 01
26684 81
26685 11
26686 61
26687 01
26688 91
26689 81
26690 41
26691 51
26692 81
26693 61
26694 11
26695 21
26696 01
26697 91
26698 01
26699 81
26700 11
26701 61
26702 61
26703 91
26704 81
26705 41
26706 11
26707 61
26708 61
26709 11
26710 81
26711 61
26712 31
26713 01
26714 41
26715 51
26716 81
26717 81
26718 51
26719 01
26720 81
26721 91
26722 81
26723 61
26724 11
26725 81
26726 21
26727 91
26728 01
26729 41
26730 11
26731 21
26732 61
26733 51
26734 61
26735 01
26736 91
26737 21
26738 21
26739 11
26740 41
26741 61
26742 71
26743 81
26744 01
26745 31
26746 21
26747 81
26748 51
26749 61
26750 61
26751 11
26752 81
26753 21
26754 71
26755 41
26756 81
26757 51
26758 41
26759 81
26760 51
26761 61
26762 81
26763 11
26764 21
26765 61
26766 31
26767 41
26768 61
26769 51
26770 61
26771 01
26772 71
26773 41
26774 41
26775 31
26776 41
26777 41
26778 71
26779 81
26780 81
26781 31
26782 81
26783 01
26784 51
26785 21
26786 41
26787 31
26788 61
26789 01
26790 51
26791 21
26792 41
26793 91
26794 81
26795 21
26796 71
26797 01
26798 61
26799 91
26800 81
26801 81
26802 51
26803 81
26804 81
26805 71
26806 61
26807 21
26808 31
26809 41
26810 21
26811 71
26812 81
26813 41
26814 71
26815 81
26816 61
26817 71
26818 01
26819 21
26820 51
26821 21
26822 01
26823 31
26824 41
26825 21
26826 31
26827 21
26828 41
26829 71
26830 41
26831 81
26832 91
26833 01
26834 81
26835 51
26836 01
26837 61
26838 91
26839 21
26840 01
26841 31
26842 61
26843 01
26844 91
26845 81
26846 21
26847 71
26848 01
26849 81
26850 11
26851 01
26852 01
26853 91
26854 81
26855 81
26856 71
26857 81
26858 61
26859 51
26860 61
26861 61
26862 91
26863 41
26864 41
26865 91
26866 41
26867 01
26868 71
26869 41
26870 61
26871 91
26872 61
26873 61
26874 11
26875 21
26876 01
26877 31
26878 01
26879 81
26880 11
26881 01
26882 81
26883 91
26884 81
26885 81
26886 51
26887 21
26888 61
26889 51
26890 41
26891 41
26892 11
26893 41
26894 21
26895 11
26896 01
26897 61
26898 51
26899 01
26900 81
26901 31
26902 21
26903 61
26904 11
26905 21
26906 81
26907 11
26908 01
26909 81
26910 91
26911 21
26912 21
26913 91
26914 61
26915 41
26916 51
26917 41
26918 41
26919 51
26920 21
26921 61
26922 51
26923 81
26924 01
26925 71
26926 01
26927 21
26928 51
26929 01
26930 61
26931 91
26932 01
26933 61
26934 91
26935 21
26936 41
26937 51
26938 81
26939 21
26940 51
26941 41
26942 21
26943 71
26944 41
26945 41
26946 11
26947 21
26948 61
26949 91
26950 81
26951 21
26952 11
26953 81
26954 81
26955 11
26956 41
26957 01
26958 31
26959 81
26960 21
26961 91
26962 21
26963 81
26964 91
26965 01
26966 61
26967 31
26968 41
26969 01
26970 11
26971 81
26972 21
26973 31
26974 41
26975 61
26976 31
26977 81
26978 41
26979 11
26980 61
26981 41
26982 71
26983 41
26984 21
26985 71
26986 61
26987 41
26988 51
26989 61
26990 21
26991 91
26992 61
26993 21
26994 31
26995 01
26996 01
26997 91
26998 01
26999 21
27000 51
27001 61
27002 61
27003 31
27004 41
27005 61
27006 11
27007 01
27008 41
27009 11
27010 41
27011 01
27012 31
27013 41
27014 01
27015 71
27016 01
27017 21
27018 31
27019 01
27020 61
27021 91
27022 81
27023 01
27024 91
27025 21
27026 21
27027 31
27028 01
27029 21
27030 31
27031 61
27032 81
27033 31
27034 21
27035 01
27036 31
27037 61
27038 21
27039 91
27040 81
27041 21
27042 91
27043 61
27044 81
27045 11
27046 21
27047 21
27048 71
27049 81
27050 01
27051 51
27052 21
27053 01
27054 71
27055 01
27056 41
27057 51
27058 81
27059 41
27060 91
27061 41
27062 21
27063 91
27064 41
27065 61
27066 11
27067 41
27068 21
27069 11
27070 41
27071 41
27072 31
27073 81
27074 01
27075 11
27076 21
27077 61
27078 51
27079 41
27080 01
27081 91
27082 21
27083 01
27084 51
27085 41
27086 61
27087 51
27088 61
27089 21
27090 31
27091 01
27092 01
27093 11
27094 21
27095 41
27096 71
27097 01
27098 61
27099 31
27100 41
27101 81
27102 51
27103 21
27104 61
27105 51
27106 61
27107 61
27108 31
27109 61
27110 61
27111 11
27112 01
27113 61
27114 71
27115 41
27116 01
27117 51
27118 61
27119 81
27120 71
27121 21
27122 01
27123 71
27124 41
27125 81
27126 31
27127 61
27128 61
27129 31
27130 21
27131 21
27132 31
27133 21
27134 41
27135 31
27136 61
27137 01
27138 11
27139 81
27140 01
27141 51
27142 01
27143 21
27144 71
27145 01
27146 21
27147 11
27148 41
27149 41
27150 71
27151 41
27152 61
27153 71
27154 21
27155 01
27156 51
27157 41
27158 41
27159 91
27160 01
27161 61
27162 51
27163 21
27164 01
27165 11
27166 01
27167 61
27168 71
27169 41
27170 81
27171 31
27172 41
27173 61
27174 31
27175 21
27176 01
27177 71
27178 21
27179 41
27180 11
27181 41
27182 21
27183 11
27184 61
27185 21
27186 11
27187 61
27188 01
27189 31
27190 21
27191 61
27192 71
27193 41
27194 41
27195 71
27196 21
27197 41
27198 71
27199 21
27200 81
27201 71
27202 81
27203 41
27204 71
27205 61
27206 61
27207 71
27208 01
27209 01
27210 91
27211 21
27212 01
27213 11
27214 21
27215 41
27216 31
27217 01
27218 61
27219 31
27220 01
27221 61
27222 51
27223 21
27224 21
27225 11
27226 01
27227 61
27228 91
27229 01
27230 81
27231 31
27232 61
27233 81
27234 11
27235 21
27236 21
27237 51
27238 61
27239 81
27240 31
27241 81
27242 01
27243 71
27244 01
27245 21
27246 11
27247 61
27248 21
27249 51
27250 21
27251 61
27252 91
27253 21
27254 01
27255 71
27256 41
27257 81
27258 71
27259 01
27260 01
27261 71
27262 01
27263 21
27264 31
27265 21
27266 81
27267 11
27268 01
27269 41
27270 91
27271 21
27272 21
27273 51
27274 41
27275 41
27276 51
27277 01
27278 01
27279 91
27280 21
27281 21
27282 91
27283 01
27284 21
27285 31
27286 21
27287 61
27288 31
27289 21
27290 61
27291 91
27292 01
27293 21
27294 51
27295 21
27296 41
27297 11
27298 21
27299 01
27300 51
27301 01
27302 41
27303 71
27304 81
27305 01
27306 11
27307 81
27308 01
27309 71
27310 61
27311 81
27312 31
27313 81
27314 01
27315 11
27316 41
27317 61
27318 51
27319 41
27320 21
27321 51
27322 21
27323 01
27324 71
27325 61
27326 41
27327 51
27328 81
27329 01
27330 71
27331 41
27332 21
27333 51
27334 01
27335 01
27336 11
27337 01
27338 61
27339 31
27340 61
27341 01
27342 51
27343 21
27344 81
27345 31
27346 21
27347 61
27348 51
27349 01
27350 61
27351 91
27352 21
27353 61
27354 91
27355 21
27356 61
27357 11
27358 81
27359 21
27360 71
27361 61
27362 01
27363 71
27364 61
27365 21
27366 51
27367 61
27368 81
27369 31
27370 61
27371 81
27372 51
27373 81
27374 81
27375 11
27376 61
27377 21
27378 31
27379 81
27380 41
27381 71
27382 81
27383 81
27384 11
27385 41
27386 61
27387 11
27388 61
27389 01
27390 31
27391 61
27392 81
27393 91
27394 61
27395 01
27396 31
27397 21
27398 41
27399 11
27400 81
27401 81
27402 91
27403 41
27404 41
27405 71
27406 01
27407 01
27408 71
27409 21
27410 61
27411 71
27412 61
27413 41
27414 51
27415 01
27416 41
27417 11
27418 81
27419 81
27420 91
27421 01
27422 01
27423 31
27424 61
27425 21
27426 71
27427 21
27428 61
27429 31
27430 81
27431 01
27432 11
27433 21
27434 01
27435 91
27436 81
27437 41
27438 71
27439 21
27440 01
27441 51
27442 81
27443 41
27444 91
27445 01
27446 01
27447 71
27448 21
27449 01
27450 51
27451 41
27452 21
27453 71
27454 81
27455 41
27456 11
27457 21
27458 01
27459 11
27460 81
27461 21
27462 51
27463 21
27464 41
27465 11
27466 81
27467 61
27468 11
27469 61
27470 61
27471 71
27472 81
27473 01
27474 71
27475 01
27476 61
27477 31
27478 81
27479 41
27480 11
27481 81
27482 61
27483 91
27484 61
27485 61
27486 71
27487 61
27488 41
27489 71
27490 01
27491 41
27492 11
27493 01
27494 41
27495 91
27496 01
27497 21
27498 51
27499 41
27500 21
27501 91
27502 01
27503 01
27504 71
27505 01
27506 41
27507 91
27508 81
27509 41
27510 91
27511 81
27512 41
27513 91
27514 41
27515 01
27516 51
27517 01
27518 21
27519 51
27520 01
27521 21
27522 11
27523 21
27524 81
27525 71
27526 41
27527 41
27528 51
27529 41
27530 01
27531 31
27532 61
27533 01
27534 51
27535 81
27536 21
27537 71
27538 61
27539 61
27540 11
27541 01
27542 61
27543 51
27544 21
27545 81
27546 31
27547 21
27548 81
27549 71
27550 21
27551 81
27552 31
27553 21
27554 61
27555 91
27556 41
27557 01
27558 31
27559 01
27560 61
27561 91
27562 21
27563 01
27564 91
27565 21
27566 61
27567 51
27568 01
27569 21
27570 71
27571 01
27572 41
27573 31
27574 61
27575 61
27576 11
27577 41
27578 61
27579 71
27580 41
27581 41
27582 71
27583 61
27584 81
27585 11
27586 61
27587 61
27588 71
27589 81
27590 41
27591 11
27592 41
27593 01
27594 11
27595 81
27596 41
27597 11
27598 21
27599 41
27600 31
27601 01
27602 41
27603 11
27604 81
27605 41
27606 11
27607 21
27608 21
27609 11
27610 81
27611 21
27612 71
27613 81
27614 41
27615 11
27616 01
27617 81
27618 91
27619 61
27620 81
27621 51
27622 21
27623 41
27624 91
27625 41
27626 41
27627 91
27628 21
27629 41
27630 11
27631 81
27632 81
27633 11
27634 61
27635 61
27636 91
27637 41
27638 01
27639 71
27640 21
27641 81
27642 11
27643 81
27644 61
27645 91
27646 21
27647 01
27648 11
27649 01
27650 41
27651 31
27652 01
27653 41
27654 71
27655 01
27656 61
27657 31
27658 01
27659 41
27660 11
27661 81
27662 81
27663 51
27664 61
27665 61
27666 91
27667 81
27668 21
27669 71
27670 21
27671 21
27672 51
27673 41
27674 61
27675 31
27676 81
27677 81
27678 91
27679 41
27680 21
27681 91
27682 21
27683 21
27684 71
27685 01
27686 61
27687 71
27688 41
27689 41
27690 11
27691 21
27692 41
27693 71
27694 61
27695 01
27696 71
27697 81
27698 81
27699 11
27700 21
27701 61
27702 11
27703 61
27704 81
27705 71
27706 61
27707 81
27708 71
27709 41
27710 21
27711 31
27712 01
27713 61
27714 71
27715 41
27716 61
27717 51
27718 61
27719 81
27720 31
27721 01
27722 01
27723 71
27724 01
27725 41
27726 71
27727 61
27728 21
27729 71
27730 41
27731 41
27732 91
27733 41
27734 81
27735 11
27736 81
27737 01
27738 11
27739 81
27740 61
27741 11
27742 01
27743 21
27744 31
27745 41
27746 01
27747 11
27748 01
27749 61
27750 71
27751 81
27752 21
27753 71
27754 81
27755 41
27756 31
27757 21
27758 01
27759 11
27760 01
27761 81
27762 51
27763 21
27764 61
27765 31
27766 61
27767 61
27768 31
27769 41
27770 01
27771 11
27772 01
27773 41
27774 51
27775 61
27776 01
27777 31
27778 81
27779 41
27780 31
27781 01
27782 61
27783 91
27784 81
27785 41
27786 31
27787 61
27788 61
27789 11
27790 01
27791 21
27792 31
27793 01
27794 61
27795 71
27796 61
27797 81
27798 71
27799 81
27800 21
27801 31
27802 01
27803 01
27804 91
27805 41
27806 61
27807 91
27808 01
27809 41
27810 31
27811 41
27812 61
27813 51
27814 81
27815 81
27816 51
27817 21
27818 41
27819 51
27820 41
27821 41
27822 91
27823 81
27824 21
27825 11
27826 81
27827 41
27828 71
27829 01
27830 61
27831 51
27832 81
27833 21
27834 91
27835 81
27836 01
27837 51
27838 61
27839 81
27840 91
27841 21
27842 01
27843 71
27844 61
27845 41
27846 31
27847 61
27848 81
27849 51
27850 01
27851 21
27852 51
27853 01
27854 81
27855 71
27856 81
27857 41
27858 91
27859 41
27860 41
27861 51
27862 01
27863 21
27864 91
27865 21
27866 21
27867 11
27868 61
27869 21
27870 31
27871 41
27872 81
27873 11
27874 21
27875 81
27876 71
27877 41
27878 61
27879 71
27880 61
27881 21
27882 71
27883 61
27884 01
27885 51
27886 01
27887 61
27888 91
27889 81
27890 01
27891 31
27892 61
27893 61
27894 71
27895 81
27896 21
27897 31
27898 61
27899 21
27900 11
27901 61
27902 41
27903 11
27904 01
27905 41
27906 91
27907 21
27908 41
27909 71
27910 61
27911 61
27912 91
27913 01
27914 01
27915 91
27916 41
27917 61
27918 11
27919 21
27920 61
27921 51
27922 81
27923 61
27924 51
27925 81
27926 01
27927 91
27928 41
27929 61
27930 91
27931 61
27932 01
27933 91
27934 01
27935 81
27936 51
27937 81
27938 81
27939 11
27940 41
27941 01
27942 11
27943 61
27944 01
27945 71
27946 81
27947 81
27948 91
27949 01
27950 41
27951 91
27952 21
27953 81
27954 71
27955 61
27956 61
27957 31
27958 21
27959 01
27960 91
27961 81
27962 01
27963 71
27964 21
27965 01
27966 11
27967 61
27968 41
27969 91
27970 61
27971 61
27972 11
27973 21
27974 61
27975 91
27976 61
27977 41
27978 31
27979 01
27980 81
27981 91
27982 41
27983 01
27984 11
27985 81
27986 81
27987 11
27988 21
27989 41
27990 71
27991 21
27992 41
27993 11
27994 21
27995 81
27996 71
27997 21
27998 61
27999 71
28000 61
28001 01
28002 11
28003 61
28004 01
28005 31
28006 81
28007 81
28008 91
28009 61
28010 21
28011 91
28012 21
28013 41
28014 31
28015 01
28016 61
28017 91
28018 61
28019 21
28020 11
28021 41
28022 21
28023 11
28024 01
28025 21
28026 11
28027 61
28028 41
28029 51
28030 21
28031 61
28032 11
28033 81
28034 01
28035 71
28036 61
28037 01
28038 51
28039 01
28040 21
28041 51
28042 41
28043 61
28044 51
28045 61
28046 61
28047 71
28048 41
28049 41
28050 91
28051 21
28052 41
28053 71
28054 41
28055 41
28056 71
28057 81
28058 61
28059 91
28060 41
28061 61
28062 91
28063 81
28064 41
28065 31
28066 41
28067 41
28068 91
28069 81
28070 81
28071 31
28072 01
28073 61
28074 51
28075 21
28076 61
28077 51
28078 41
28079 01
28080 71
28081 01
28082 81
28083 31
28084 01
28085 61
28086 51
28087 61
28088 01
28089 91
28090 81
28091 81
28092 71
28093 01
28094 81
28095 71
28096 81
28097 01
28098 91
28099 41
28100 41
28101 11
28102 81
28103 21
28104 91
28105 81
28106 81
28107 51
28108 61
28109 81
28110 71
28111 61
28112 01
28113 71
28114 41
28115 21
28116 51
28117 61
28118 61
28119 71
28120 61
28121 81
28122 31
28123 61
28124 01
28125 11
28126 41
28127 41
28128 91
28129 41
28130 21
28131 31
28132 01
28133 21
28134 71
28135 41
28136 61
28137 11
28138 41
28139 81
28140 31
28141 61
28142 61
28143 11
28144 01
28145 01
28146 11
28147 81
28148 41
28149 31
28150 61
28151 81
28152 71
28153 61
28154 81
28155 11
28156 81
28157 61
28158 71
28159 81
28160 61
28161 71
28162 41
28163 01
28164 31
28165 01
28166 21
28167 11
28168 41
28169 21
28170 71
28171 41
28172 61
28173 51
28174 61
28175 01
28176 51
28177 21
28178 21
28179 11
28180 01
28181 41
28182 71
28183 81
28184 61
28185 91
28186 61
28187 81
28188 11
28189 01
28190 81
28191 31
28192 41
28193 41
28194 11
28195 21
28196 01
28197 51
28198 41
28199 81
28200 11
28201 21
28202 81
28203 11
28204 81
28205 01
28206 11
28207 41
28208 21
28209 71
28210 61
28211 41
28212 31
28213 41
28214 01
28215 71
28216 21
28217 21
28218 31
28219 01
28220 81
28221 51
28222 81
28223 01
28224 11
28225 41
28226 01
28227 31
28228 21
28229 01
28230 71
28231 01
28232 01
28233 71
28234 01
28235 61
28236 71
28237 61
28238 21
28239 91
28240 01
28241 41
28242 91
28243 61
28244 01
28245 91
28246 81
28247 21
28248 91
28249 21
28250 01
28251 31
28252 41
28253 01
28254 91
28255 81
28256 01
28257 11
28258 01
28259 81
28260 91
28261 81
28262 21
28263 91
28264 61
28265 01
28266 31
28267 41
28268 41
28269 11
28270 81
28271 01
28272 51
28273 41
28274 41
28275 91
28276 21
28277 81
28278 71
28279 41
28280 41
28281 11
28282 01
28283 61
28284 91
28285 81
28286 01
28287 51
28288 81
28289 81
28290 91
28291 21
28292 21
28293 31
28294 61
28295 41
28296 51
28297 81
28298 61
28299 51
28300 21
28301 01
28302 91
28303 41
28304 01
28305 11
28306 61
28307 01
28308 31
28309 41
28310 41
28311 51
28312 21
28313 41
28314 91
28315 21
28316 41
28317 91
28318 21
28319 21
28320 51
28321 81
28322 81
28323 91
28324 41
28325 81
28326 91
28327 21
28328 21
28329 31
28330 81
28331 61
28332 71
28333 01
28334 01
28335 51
28336 21
28337 01
28338 11
28339 81
28340 21
28341 31
28342 01
28343 21
28344 91
28345 41
28346 61
28347 11
28348 61
28349 41
28350 31
28351 61
28352 81
28353 31
28354 81
28355 01
28356 31
28357 61
28358 81
28359 71
28360 81
28361 21
28362 51
28363 21
28364 21
28365 11
28366 81
28367 61
28368 91
28369 01
28370 61
28371 71
28372 61
28373 81
28374 91
28375 01
28376 41
28377 51
28378 41
28379 01
28380 91
28381 41
28382 81
28383 31
28384 21
28385 61
28386 71
28387 61
28388 21
28389 51
28390 01
28391 41
28392 91
28393 21
28394 81
28395 91
28396 81
28397 81
28398 51
28399 61
28400 01
28401 91
28402 81
28403 21
28404 11
28405 41
28406 21
28407 51
28408 81
28409 01
28410 91
28411 81
28412 21
28413 51
28414 21
28415 01
28416 31
28417 01
28418 81
28419 91
28420 81
28421 61
28422 71
28423 41
28424 81
28425 51
28426 21
28427 41
28428 11
28429 21
28430 21
28431 71
28432 21
28433 61
28434 11
28435 81
28436 01
28437 11
28438 01
28439 41
28440 91
28441 81
28442 21
28443 51
28444 41
28445 01
28446 31
28447 01
28448 01
28449 51
28450 81
28451 61
28452 91
28453 61
28454 61
28455 51
28456 41
28457 21
28458 51
28459 61
28460 41
28461 11
28462 01
28463 21
28464 51
28465 81
28466 01
28467 11
28468 21
28469 61
28470 91
28471 81
28472 41
28473 31
28474 01
28475 01
28476 51
28477 41
28478 01
28479 31
28480 01
28481 61
28482 11
28483 41
28484 21
28485 11
28486 61
28487 61
28488 51
28489 01
28490 41
28491 11
28492 21
28493 61
28494 71
28495 81
28496 21
28497 11
28498 61
28499 21
28500 11
28501 41
28502 81
28503 11
28504 01
28505 21
28506 71
28507 41
28508 41
28509 51
28510 81
28511 21
28512 51
28513 81
28514 61
28515 11
28516 81
28517 21
28518 11
28519 21
28520 61
28521 31
28522 61
28523 61
28524 51
28525 61
28526 21
28527 31
28528 41
28529 41
28530 51
28531 61
28532 21
28533 71
28534 01
28535 61
28536 71
28537 21
28538 21
28539 91
28540 01
28541 01
28542 71
28543 61
28544 01
28545 51
28546 41
28547 61
28548 91
28549 81
28550 41
28551 51
28552 61
28553 61
28554 11
28555 21
28556 81
28557 31
28558 01
28559 81
28560 91
28561 41
28562 81
28563 91
28564 61
28565 61
28566 71
28567 21
28568 41
28569 71
28570 01
28571 01
28572 91
28573 01
28574 41
28575 51
28576 61
28577 61
28578 51
28579 01
28580 61
28581 11
28582 21
28583 61
28584 91
28585 41
28586 21
28587 11
28588 81
28589 41
28590 91
28591 41
28592 01
28593 91
28594 41
28595 61
28596 91
28597 81
28598 21
28599 11
28600 21
28601 21
28602 51
28603 81
28604 81
28605 31
28606 81
28607 21
28608 31
28609 01
28610 21
28611 31
28612 81
28613 01
28614 51
28615 41
28616 41
28617 31
28618 61
28619 21
28620 11
28621 21
28622 41
28623 11
28624 01
28625 01
28626 71
28627 21
28628 41
28629 31
28630 21
28631 01
28632 91
28633 61
28634 41
28635 11
28636 61
28637 21
28638 31
28639 61
28640 41
28641 71
28642 81
28643 61
28644 51
28645 41
28646 61
28647 91
28648 41
28649 21
28650 31
28651 41
28652 01
28653 51
28654 21
28655 81
28656 91
28657 41
28658 81
28659 71
28660 81
28661 81
28662 91
28663 21
28664 21
28665 71
28666 01
28667 81
28668 91
28669 61
28670 61
28671 51
28672 21
28673 41
28674 71
28675 81
28676 41
28677 91
28678 01
28679 21
28680 31
28681 81
28682 61
28683 31
28684 21
28685 21
28686 71
28687 01
28688 21
28689 11
28690 81
28691 81
28692 11
28693 81
28694 41
28695 71
28696 21
28697 01
28698 91
28699 21
28700 81
28701 31
28702 81
28703 01
28704 71
28705 21
28706 41
28707 31
28708 81
28709 61
28710 51
28711 21
28712 61
28713 11
28714 61
28715 21
28716 91
28717 81
28718 01
28719 31
28720 01
28721 21
28722 31
28723 41
28724 21
28725 71
28726 61
28727 21
28728 51
28729 61
28730 21
28731 71
28732 01
28733 21
28734 31
28735 81
28736 81
28737 11
28738 01
28739 01
28740 71
28741 21
28742 21
28743 11
28744 01
28745 81
28746 51
28747 61
28748 41
28749 11
28750 41
28751 81
28752 11
28753 41
28754 01
28755 51
28756 21
28757 61
28758 31
28759 81
28760 21
28761 91
28762 01
28763 81
28764 91
28765 01
28766 41
28767 71
28768 41
28769 01
28770 91
28771 61
28772 41
28773 31
28774 21
28775 81
28776 91
28777 41
28778 21
28779 71
28780 81
28781 81
28782 31
28783 41
28784 21
28785 71
28786 41
28787 21
28788 51
28789 61
28790 01
28791 11
28792 01
28793 21
28794 11
28795 61
28796 01
28797 11
28798 81
28799 21
28800 31
28801 81
28802 01
28803 71
28804 21
28805 21
28806 11
28807 61
28808 41
28809 11
28810 21
28811 61
28812 11
28813 41
28814 81
28815 71
28816 61
28817 61
28818 11
28819 41
28820 21
28821 11
28822 81
28823 81
28824 71
28825 21
28826 81
28827 11
28828 21
28829 61
28830 91
28831 21
28832 41
28833 31
28834 01
28835 41
28836 71
28837 41
28838 01
28839 71
28840 41
28841 21
28842 11
28843 81
28844 81
28845 91
28846 41
28847 01
28848 31
28849 61
28850 61
28851 91
28852 21
28853 61
28854 71
28855 21
28856 61
28857 11
28858 61
28859 61
28860 71
28861 61
28862 81
28863 51
28864 81
28865 21
28866 31
28867 81
28868 41
28869 91
28870 41
28871 41
28872 71
28873 21
28874 41
28875 11
28876 61
28877 21
28878 11
28879 61
28880 41
28881 71
28882 61
28883 01
28884 51
28885 41
28886 41
28887 71
28888 61
28889 21
28890 11
28891 61
28892 61
28893 11
28894 01
28895 41
28896 11
28897 81
28898 41
28899 71
28900 81
28901 81
28902 71
28903 01
28904 21
28905 71
28906 81
28907 01
28908 31
28909 61
28910 41
28911 11
28912 21
28913 61
28914 51
28915 81
28916 21
28917 11
28918 41
28919 61
28920 11
28921 41
28922 61
28923 91
28924 21
28925 21
28926 51
28927 61
28928 01
28929 11
28930 61
28931 81
28932 71
28933 21
28934 21
28935 11
28936 81
28937 21
28938 91
28939 01
28940 61
28941 31
28942 41
28943 81
28944 91
28945 61
28946 01
28947 91
28948 41
28949 61
28950 31
28951 61
28952 01
28953 91
28954 41
28955 01
28956 51
28957 81
28958 21
28959 51
28960 01
28961 01
28962 51
28963 21
28964 81
28965 51
28966 21
28967 61
28968 51
28969 21
28970 21
28971 91
28972 21
28973 81
28974 11
28975 01
28976 61
28977 31
28978 61
28979 61
28980 11
28981 81
28982 41
28983 51
28984 21
28985 61
28986 51
28987 61
28988 81
28989 51
28990 81
28991 81
28992 51
28993 01
28994 61
28995 71
28996 61
28997 41
28998 71
28999 81
29000 21
29001 91
29002 81
29003 01
29004 91
29005 01
29006 21
29007 31
29008 01
29009 01
29010 71
29011 61
29012 81
29013 11
29014 01
29015 21
29016 31
29017 41
29018 41
29019 51
29020 41
29021 01
29022 51
29023 81
29024 21
29025 71
29026 21
29027 21
29028 71
29029 61
29030 81
29031 51
29032 21
29033 81
29034 91
29035 41
29036 41
29037 31
29038 41
29039 41
29040 11
29041 21
29042 21
29043 71
29044 61
29045 01
29046 51
29047 21
29048 81
29049 11
29050 01
29051 41
29052 31
29053 61
29054 61
29055 91
29056 21
29057 41
29058 51
29059 01
29060 41
29061 71
29062 61
29063 61
29064 71
29065 41
29066 41
29067 31
29068 61
29069 81
29070 11
29071 21
29072 41
29073 71
29074 81
29075 01
29076 71
29077 81
29078 01
29079 71
29080 21
29081 61
29082 31
29083 81
29084 61
29085 71
29086 81
29087 61
29088 11
29089 81
29090 41
29091 71
29092 81
29093 21
29094 11
29095 41
29096 61
29097 51
29098 81
29099 01
29100 31
29101 01
29102 21
29103 51
29104 61
29105 41
29106 91
29107 01
29108 21
29109 51
29110 61
29111 41
29112 11
29113 21
29114 41
29115 71
29116 01
29117 41
29118 11
29119 21
29120 61
29121 11
29122 21
29123 61
29124 51
29125 41
29126 21
29127 11
29128 41
29129 21
29130 91
29131 41
29132 61
29133 51
29134 81
29135 61
29136 51
29137 21
29138 41
29139 31
29140 81
29141 41
29142 91
29143 61
29144 01
29145 31
29146 81
29147 21
29148 91
29149 61
29150 21
29151 31
29152 41
29153 41
29154 31
29155 41
29156 01
29157 51
29158 61
29159 61
29160 71
29161 21
29162 01
29163 51
29164 81
29165 81
29166 31
29167 41
29168 41
29169 51
29170 21
29171 01
29172 51
29173 81
29174 01
29175 11
29176 21
29177 21
29178 51
29179 41
29180 01
29181 51
29182 01
29183 01
29184 51
29185 01
29186 21
29187 91
29188 61
29189 81
29190 71
29191 21
29192 21
29193 71
29194 41
29195 81
29196 51
29197 21
29198 61
29199 31
29200 41
29201 41
29202 11
29203 21
29204 61
29205 11
29206 01
29207 41
29208 31
29209 21
29210 81
29211 11
29212 41
29213 21
29214 71
29215 01
29216 41
29217 31
29218 41
29219 41
29220 91
29221 21
29222 21
29223 71
29224 41
29225 41
29226 51
29227 21
29228 61
29229 91
29230 21
29231 41
29232 11
29233 81
29234 21
29235 51
29236 01
29237 01
29238 71
29239 41
29240 01
29241 71
29242 61
29243 61
29244 51
29245 21
29246 41
29247 31
29248 41
29249 01
29250 51
29251 21
29252 21
29253 31
29254 81
29255 21
29256 51
29257 81
29258 81
29259 91
29260 61
29261 01
29262 11
29263 41
29264 61
29265 31
29266 81
29267 61
29268 91
29269 41
29270 21
29271 71
29272 61
29273 21
29274 71
29275 81
29276 41
29277 91
29278 41
29279 21
29280 31
29281 81
29282 01
29283 51
29284 21
29285 21
29286 11
29287 41
29288 81
29289 11
29290 21
29291 41
29292 91
29293 61
29294 81
29295 51
29296 81
29297 21
29298 71
29299 21
29300 81
29301 31
29302 21
29303 41
29304 71
29305 21
29306 81
29307 91
29308 01
29309 61
29310 91
29311 01
29312 61
29313 71
29314 01
29315 21
29316 31
29317 41
29318 21
29319 51
29320 41
29321 01
29322 31
29323 21
29324 21
29325 71
29326 01
29327 01
29328 91
29329 61
29330 61
29331 71
29332 81
29333 41
29334 71
29335 01
29336 61
29337 71
29338 01
29339 41
29340 11
29341 21
29342 01
29343 51
29344 61
29345 01
29346 31
29347 41
29348 21
29349 11
29350 81
29351 01
29352 31
29353 81
29354 41
29355 91
29356 01
29357 61
29358 91
29359 41
29360 21
29361 31
29362 61
29363 21
29364 71
29365 41
29366 21
29367 91
29368 41
29369 81
29370 91
29371 21
29372 01
29373 11
29374 61
29375 41
29376 31
29377 01
29378 01
29379 51
29380 01
29381 61
29382 91
29383 61
29384 81
29385 11
29386 41
29387 21
29388 71
29389 81
29390 21
29391 11
29392 21
29393 01
29394 91
29395 21
29396 21
29397 51
29398 01
29399 21
29400 31
29401 81
29402 41
29403 31
29404 21
29405 21
29406 51
29407 41
29408 21
29409 11
29410 61
29411 61
29412 31
29413 81
29414 21
29415 91
29416 81
29417 61
29418 71
29419 81
29420 01
29421 71
29422 41
29423 01
29424 71
29425 21
29426 21
29427 11
29428 81
29429 61
29430 31
29431 41
29432 01
29433 11
29434 41
29435 81
29436 91
29437 01
29438 81
29439 31
29440 81
29441 41
29442 71
29443 81
29444 01
29445 31
29446 61
29447 81
29448 51
29449 61
29450 01
29451 31
29452 81
29453 21
29454 11
29455 81
29456 41
29457 51
29458 81
29459 41
29460 31
29461 41
29462 21
29463 91
29464 81
29465 81
29466 11
29467 41
29468 61
29469 51
29470 01
29471 41
29472 71
29473 41
29474 81
29475 91
29476 61
29477 41
29478 11
29479 61
29480 81
29481 91
29482 21
29483 01
29484 91
29485 81
29486 61
29487 51
29488 01
29489 81
29490 51
29491 01
29492 41
29493 91
29494 21
29495 01
29496 11
29497 01
29498 01
29499 91
29500 61
29501 01
29502 91
29503 01
29504 61
29505 31
29506 61
29507 61
29508 71
29509 41
29510 01
29511 11
29512 41
29513 61
29514 51
29515 61
29516 41
29517 71
29518 41
29519 41
29520 71
29521 61
29522 41
29523 71
29524 21
29525 21
29526 91
29527 81
29528 41
29529 11
29530 01
29531 21
29532 71
29533 41
29534 61
29535 71
29536 01
29537 41
29538 91
29539 81
29540 61
29541 11
29542 01
29543 61
29544 31
29545 41
29546 01
29547 51
29548 21
29549 61
29550 71
29551 21
29552 61
29553 31
29554 81
29555 81
29556 91
29557 01
29558 81
29559 51
29560 81
29561 41
29562 71
29563 01
29564 61
29565 31
29566 61
29567 01
29568 71
29569 41
29570 01
29571 51
29572 61
29573 61
29574 51
29575 01
29576 81
29577 31
29578 41
29579 81
29580 31
29581 41
29582 21
29583 11
29584 01
29585 81
29586 11
29587 61
29588 41
29589 11
29590 01
29591 61
29592 11
29593 41
29594 61
29595 11
29596 61
29597 61
29598 91
29599 21
29600 41
29601 11
29602 61
29603 01
29604 31
29605 81
29606 61
29607 71
29608 41
29609 01
29610 51
29611 21
29612 41
29613 31
29614 81
29615 21
29616 71
29617 41
29618 81
29619 91
29620 81
29621 21
29622 91
29623 41
29624 81
29625 11
29626 21
29627 01
29628 11
29629 81
29630 01
29631 31
29632 01
29633 21
29634 71
29635 81
29636 61
29637 11
29638 41
29639 21
29640 51
29641 61
29642 61
29643 51
29644 41
29645 61
29646 11
29647 21
29648 01
29649 11
29650 41
29651 21
29652 51
29653 21
29654 01
29655 91
29656 81
29657 61
29658 71
29659 21
29660 01
29661 71
29662 41
29663 41
29664 91
29665 21
29666 21
29667 51
29668 21
29669 21
29670 31
29671 81
29672 61
29673 91
29674 21
29675 21
29676 71
29677 61
29678 01
29679 11
29680 81
29681 41
29682 71
29683 21
29684 41
29685 31
29686 61
29687 21
29688 11
29689 81
29690 01
29691 71
29692 61
29693 21
29694 71
29695 21
29696 41
29697 91
29698 41
29699 61
29700 51
29701 81
29702 01
29703 91
29704 61
29705 81
29706 11
29707 81
29708 41
29709 91
29710 01
29711 81
29712 71
29713 21
29714 01
29715 31
29716 81
29717 21
29718 71
29719 61
29720 21
29721 31
29722 21
29723 81
29724 31
29725 41
29726 81
29727 31
29728 81
29729 61
29730 51
29731 41
29732 61
29733 11
29734 61
29735 41
29736 51
29737 81
29738 01
29739 51
29740 21
29741 01
29742 31
29743 61
29744 01
29745 11
29746 01
29747 41
29748 91
29749 41
29750 81
29751 11
29752 01
29753 21
29754 31
29755 01
29756 01
29757 11
29758 01
29759 21
29760 51
29761 81
29762 21
29763 31
29764 41
29765 81
29766 31
29767 81
29768 41
29769 31
29770 21
29771 41
29772 71
29773 61
29774 41
29775 51
29776 61
29777 61
29778 31
29779 01
29780 61
29781 11
29782 01
29783 01
29784 91
29785 41
29786 01
29787 91
29788 01
29789 41
29790 71
29791 61
29792 61
29793 51
29794 21
29795 21
29796 11
29797 21
29798 81
29799 11
29800 21
29801 21
29802 31
29803 61
29804 81
29805 31
29806 61
29807 41
29808 71
29809 01
29810 01
29811 91
29812 81
29813 21
29814 31
29815 41
29816 21
29817 51
29818 01
29819 61
29820 91
29821 81
29822 41
29823 71
29824 01
29825 01
29826 51
29827 81
29828 21
29829 31
29830 01
29831 01
29832 51
29833 01
29834 21
29835 51
29836 21
29837 41
29838 31
29839 41
29840 21
29841 71
29842 41
29843 41
29844 71
29845 81
29846 21
29847 51
29848 01
29849 21
29850 11
29851 81
29852 41
29853 31
29854 01
29855 61
29856 51
29857 41
29858 01
29859 91
29860 81
29861 61
29862 11
29863 01
29864 81
29865 51
29866 61
29867 21
29868 91
29869 21
29870 61
29871 71
29872 41
29873 01
29874 51
29875 01
29876 21
29877 11
29878 61
29879 81
29880 71
29881 41
29882 81
29883 71
29884 41
29885 01
29886 71
29887 01
29888 61
29889 51
29890 21
29891 81
29892 51
29893 41
29894 01
29895 91
29896 61
29897 81
29898 31
29899 21
29900 81
29901 31
29902 61
29903 21
29904 71
29905 21
29906 21
29907 91
29908 41
29909 61
29910 31
29911 21
29912 01
29913 91
29914 41
29915 61
29916 31
29917 81
29918 21
29919 11
29920 61
29921 41
29922 51
29923 81
29924 21
29925 71
29926 41
29927 21
29928 71
29929 61
29930 01
29931 11
29932 21
29933 81
29934 11
29935 61
29936 21
29937 31
29938 61
29939 21
29940 51
29941 61
29942 41
29943 11
29944 41
29945 61
29946 91
29947 21
29948 81
29949 11
29950 21
29951 61
29952 31
29953 61
29954 81
29955 71
29956 81
29957 41
29958 71
29959 41
29960 41
29961 51
29962 81
29963 61
29964 91
29965 21
29966 01
29967 91
29968 81
29969 21
29970 11
29971 61
29972 41
29973 71
29974 01
29975 41
29976 91
29977 81
29978 21
29979 71
29980 61
29981 21
29982 51
29983 41
29984 01
29985 51
29986 81
29987 81
29988 31
29989 81
29990 81
29991 91
29992 61
29993 81
29994 51
29995 81
29996 01
29997 51
29998 01
29999 61
30000 91
30001 21
30002 41
30003 71
30004 01
30005 41
30006 71
30007 81
30008 21
30009 71
30010 41
30011 61
30012 51
30013 41
30014 81
30015 31
30016 01
30017 81
30018 11
30019 01
30020 41
30021 51
30022 41
30023 41
30024 71
30025 21
30026 61
30027 51
30028 01
30029 61
30030 71
30031 01
30032 41
30033 71
30034 81
30035 61
30036 11
30037 81
30038 01
30039 31
30040 41
30041 81
30042 31
30043 41
30044 61
30045 51
30046 41
30047 21
30048 91
30049 61
30050 41
30051 11
30052 41
30053 41
30054 51
30055 81
30056 41
30057 51
30058 81
30059 61
30060 31
30061 41
30062 21
30063 11
30064 41
30065 81
30066 11
30067 61
30068 81
30069 31
30070 01
30071 61
30072 51
30073 81
30074 21
30075 11
30076 01
30077 21
30078 71
30079 01
30080 81
30081 91
30082 21
30083 21
30084 11
30085 81
30086 61
30087 71
30088 81
30089 41
30090 51
30091 21
30092 81
30093 91
30094 01
30095 21
30096 11
30097 21
30098 81
30099 51
30100 21
30101 21
30102 31
30103 01
30104 01
30105 31
30106 61
30107 81
30108 11
30109 61
30110 01
30111 31
30112 41
30113 01
30114 11
30115 81
30116 01
30117 11
30118 21
30119 41
30120 91
30121 81
30122 41
30123 11
30124 41
30125 01
30126 51
30127 21
30128 81
30129 51
30130 01
30131 41
30132 31
30133 01
30134 81
30135 91
30136 21
30137 81
30138 91
30139 61
30140 41
30141 11
30142 21
30143 41
30144 51
30145 81
30146 21
30147 91
30148 81
30149 61
30150 11
30151 21
30152 41
30153 11
30154 21
30155 01
30156 71
30157 21
30158 61
30159 91
30160 21
30161 01
30162 11
30163 81
30164 21
30165 11
30166 81
30167 01
30168 71
30169 01
30170 61
30171 11
30172 61
30173 21
30174 91
30175 41
30176 61
30177 91
30178 61
30179 41
30180 31
30181 41
30182 21
30183 31
30184 81
30185 81
30186 11
30187 81
30188 81
30189 51
30190 01
30191 81
30192 11
30193 01
30194 81
30195 31
30196 21
30197 21
30198 91
30199 01
30200 61
30201 51
30202 41
30203 81
30204 91
30205 81
30206 61
30207 91
30208 41
30209 81
30210 51
30211 41
30212 01
30213 11
30214 21
30215 41
30216 91
30217 01
30218 61
30219 31
30220 61
30221 41
30222 51
30223 21
30224 81
30225 71
30226 41
30227 61
30228 51
30229 41
30230 01
30231 51
30232 21
30233 01
30234 51
30235 01
30236 41
30237 51
30238 61
30239 81
30240 91
30241 41
30242 01
30243 71
30244 61
30245 61
30246 91
30247 61
30248 81
30249 71
30250 21
30251 01
30252 51
30253 21
30254 61
30255 11
30256 21
30257 61
30258 31
30259 21
30260 01
30261 91
30262 01
30263 21
30264 91
30265 41
30266 41
30267 11
30268 61
30269 41
30270 11
30271 01
30272 81
30273 31
30274 61
30275 81
30276 51
30277 61
30278 61
30279 91
30280 41
30281 81
30282 31
30283 81
30284 41
30285 51
30286 41
30287 61
30288 91
30289 01
30290 41
30291 51
30292 61
30293 81
30294 71
30295 21
30296 81
30297 51
30298 21
30299 61
30300 91
30301 61
30302 61
30303 31
30304 01
30305 81
30306 11
30307 01
30308 01
30309 11
30310 01
30311 01
30312 91
30313 21
30314 61
30315 51
30316 61
30317 81
30318 31
30319 61
30320 61
30321 31
30322 61
30323 61
30324 71
30325 61
30326 21
30327 31
30328 61
30329 01
30330 51
30331 61
30332 41
30333 91
30334 81
30335 61
30336 91
30337 01
30338 61
30339 31
30340 21
30341 41
30342 51
30343 21
30344 41
30345 51
30346 41
30347 61
30348 11
30349 01
30350 41
30351 51
30352 81
30353 41
30354 71
30355 21
30356 01
30357 71
30358 01
30359 61
30360 11
30361 41
30362 01
30363 71
30364 21
30365 21
30366 91
30367 61
30368 41
30369 11
30370 01
30371 01
30372 11
30373 41
30374 61
30375 51
30376 81
30377 61
30378 91
30379 61
30380 81
30381 71
30382 61
30383 41
30384 91
30385 61
30386 41
30387 11
30388 21
30389 61
30390 71
30391 01
30392 41
30393 31
30394 81
30395 61
30396 11
30397 41
30398 81
30399 31
30400 41
30401 41
30402 91
30403 81
30404 61
30405 11
30406 81
30407 41
30408 11
30409 21
30410 61
30411 51
30412 21
30413 61
30414 51
30415 81
30416 41
30417 11
30418 41
30419 61
30420 31
30421 01
30422 61
30423 91
30424 41
30425 41
30426 31
30427 61
30428 21
30429 91
30430 01
30431 21
30432 91
30433 61
30434 01
30435 71
30436 21
30437 21
30438 91
30439 01
30440 81
30441 51
30442 41
30443 81
30444 11
30445 41
30446 61
30447 91
30448 61
30449 01
30450 31
30451 41
30452 21
30453 91
30454 61
30455 81
30456 11
30457 41
30458 41
30459 91
30460 01
30461 41
30462 51
30463 21
30464 01
30465 91
30466 41
30467 61
30468 71
30469 21
30470 61
30471 51
30472 41
30473 41
30474 51
30475 81
30476 61
30477 51
30478 81
30479 61
30480 51
30481 01
30482 21
30483 11
30484 61
30485 01
30486 91
30487 61
30488 01
30489 11
30490 41
30491 01
30492 71
30493 21
30494 01
30495 71
30496 41
30497 21
30498 71
30499 01
30500 01
30501 11
30502 21
30503 21
30504 31
30505 61
30506 21
30507 71
30508 01
30509 81
30510 51
30511 01
30512 01
30513 91
30514 21
30515 01
30516 71
30517 81
30518 01
30519 91
30520 21
30521 61
30522 31
30523 01
30524 21
30525 71
30526 81
30527 81
30528 31
30529 61
30530 41
30531 91
30532 61
30533 61
30534 51
30535 61
30536 01
30537 31
30538 41
30539 41
30540 31
30541 01
30542 21
30543 71
30544 81
30545 41
30546 91
30547 21
30548 01
30549 11
30550 61
30551 61
30552 51
30553 21
30554 21
30555 91
30556 01
30557 61
30558 91
30559 81
30560 21
30561 31
30562 61
30563 61
30564 91
30565 41
30566 21
30567 31
30568 81
30569 41
30570 91
30571 61
30572 61
30573 91
30574 41
30575 81
30576 11
30577 61
30578 21
30579 31
30580 01
30581 61
30582 91
30583 01
30584 21
30585 11
30586 41
30587 61
30588 31
30589 01
30590 21
30591 51
30592 01
30593 01
30594 51
30595 61
30596 21
30597 91
30598 61
30599 41
30600 51
30601 21
30602 21
30603 31
30604 01
30605 21
30606 51
30607 81
30608 01
30609 51
30610 61
30611 01
30612 31
30613 61
30614 41
30615 31
30616 01
30617 41
30618 31
30619 81
30620 41
30621 11
30622 41
30623 81
30624 11
30625 81
30626 41
30627 91
30628 61
30629 41
30630 31
30631 81
30632 21
30633 31
30634 81
30635 21
30636 31
30637 81
30638 81
30639 91
30640 41
30641 41
30642 11
30643 41
30644 41
30645 11
30646 01
30647 61
30648 71
30649 61
30650 81
30651 31
30652 41
30653 81
30654 91
30655 21
30656 01
30657 91
30658 41
30659 21
30660 11
30661 61
30662 01
30663 51
30664 01
30665 41
30666 51
30667 41
30668 61
30669 71
30670 21
30671 61
30672 71
30673 61
30674 61
30675 71
30676 21
30677 61
30678 51
30679 81
30680 81
30681 91
30682 21
30683 41
30684 51
30685 81
30686 61
30687 91
30688 81
30689 61
30690 51
30691 41
30692 41
30693 11
30694 61
30695 41
30696 31
30697 21
30698 01
30699 51
30700 01
30701 81
30702 51
30703 61
30704 81
30705 31
30706 61
30707 01
30708 71
30709 01
30710 01
30711 51
30712 61
30713 21
30714 31
30715 01
30716 81
30717 91
30718 01
30719 21
30720 31
30721 01
30722 61
30723 31
30724 21
30725 41
30726 31
30727 01
30728 21
30729 31
30730 01
30731 61
30732 11
30733 01
30734 21
30735 11
30736 61
30737 21
30738 31
30739 01
30740 41
30741 71
30742 81
30743 01
30744 71
30745 41
30746 61
30747 31
30748 81
30749 81
30750 31
30751 81
30752 61
30753 31
30754 01
30755 21
30756 71
30757 01
30758 01
30759 51
30760 81
30761 81
30762 91
30763 61
30764 61
30765 71
30766 01
30767 21
30768 51
30769 81
30770 61
30771 91
30772 01
30773 41
30774 31
30775 21
30776 41
30777 31
30778 61
30779 41
30780 51
30781 21
30782 41
30783 31
30784 01
30785 21
30786 71
30787 41
30788 01
30789 51
30790 81
30791 21
30792 11
30793 61
30794 61
30795 11
30796 41
30797 81
30798 51
30799 21
30800 21
30801 71
30802 81
30803 81
30804 11
30805 81
30806 61
30807 11
30808 61
30809 41
30810 51
30811 61
30812 81
30813 31
30814 01
30815 61
30816 31
30817 61
30818 01
30819 91
30820 61
30821 21
30822 71
30823 01
30824 61
30825 51
30826 01
30827 01
30828 71
30829 61
30830 01
30831 71
30832 61
30833 81
30834 11
30835 21
30836 41
30837 51
30838 61
30839 81
30840 51
30841 41
30842 01
30843 71
30844 21
30845 41
30846 91
30847 61
30848 41
30849 31
30850 61
30851 01
30852 11
30853 61
30854 81
30855 31
30856 81
30857 81
30858 71
30859 01
30860 21
30861 91
30862 01
30863 21
30864 51
30865 01
30866 41
30867 11
30868 21
30869 81
30870 91
30871 01
30872 41
30873 51
30874 61
30875 21
30876 11
30877 61
30878 21
30879 31
30880 21
30881 61
30882 91
30883 01
30884 41
30885 71
30886 41
30887 61
30888 51
30889 21
30890 01
30891 51
30892 21
30893 81
30894 91
30895 01
30896 41
30897 31
30898 41
30899 01
30900 91
30901 21
30902 21
30903 31
30904 21
30905 41
30906 51
30907 81
30908 21
30909 31
30910 21
30911 01
30912 51
30913 01
30914 41
30915 11
30916 21
30917 41
30918 51
30919 61
30920 01
30921 71
30922 61
30923 21
30924 11
30925 21
30926 41
30927 91
30928 81
30929 81
30930 51
30931 81
30932 41
30933 31
30934 21
30935 81
30936 51
30937 41
30938 21
30939 71
30940 41
30941 61
30942 31
30943 41
30944 81
30945 31
30946 81
30947 21
30948 11
30949 01
30950 21
30951 31
30952 61
30953 41
30954 51
30955 41
30956 21
30957 11
30958 81
30959 21
30960 91
30961 41
30962 01
30963 71
30964 81
30965 61
30966 91
30967 61
30968 01
30969 31
30970 21
30971 01
30972 71
30973 41
30974 41
30975 11
30976 41
30977 41
30978 71
30979 61
30980 21
30981 31
30982 81
30983 81
30984 31
30985 41
30986 41
30987 11
30988 81
30989 61
30990 11
30991 01
30992 01
30993 11
30994 21
30995 81
30996 71
30997 01
30998 61
30999 71
31000 61
31001 81
31002 51
31003 61
31004 01
31005 11
31006 61
31007 01
31008 91
31009 41
31010 41
31011 51
31012 81
31013 21
31014 91
31015 21
31016 01
31017 51
31018 61
31019 21
31020 11
31021 21
31022 01
31023 11
31024 01
31025 01
31026 31
31027 01
31028 41
31029 31
31030 81
31031 61
31032 31
31033 61
31034 01
31035 51
31036 81
31037 41
31038 91
31039 81
31040 81
31041 51
31042 01
31043 61
31044 51
31045 41
31046 21
31047 51
31048 41
31049 21
31050 91
31051 81
31052 81
31053 51
31054 81
31055 01
31056 91
31057 81
31058 41
31059 71
31060 41
31061 21
31062 71
31063 01
31064 81
31065 91
31066 01
31067 01
31068 91
31069 61
31070 21
31071 71
31072 81
31073 41
31074 31
31075 81
31076 61
31077 71
31078 61
31079 01
31080 51
31081 21
31082 61
31083 91
31084 81
31085 21
31086 91
31087 61
31088 61
31089 91
31090 01
31091 01
31092 31
31093 81
31094 01
31095 51
31096 01
31097 61
31098 51
31099 81
31100 01
31101 31
31102 21
31103 41
31104 71
31105 81
31106 81
31107 91
31108 01
31109 21
31110 71
31111 01
31112 61
31113 31
31114 61
31115 61
31116 31
31117 01
31118 61
31119 71
31120 61
31121 61
31122 51
31123 61
31124 01
31125 91
31126 01
31127 01
31128 91
31129 21
31130 21
31131 71
31132 81
31133 01
31134 11
31135 81
31136 61
31137 31
31138 21
31139 41
31140 51
31141 81
31142 01
31143 11
31144 01
31145 81
31146 11
31147 01
31148 41
31149 11
31150 01
31151 01
31152 31
31153 41
31154 61
31155 51
31156 01
31157 21
31158 91
31159 61
31160 01
31161 91
31162 41
31163 41
31164 11
31165 41
31166 81
31167 51
31168 41
31169 01
31170 51
31171 61
31172 81
31173 31
31174 81
31175 61
31176 31
31177 61
31178 81
31179 31
31180 61
31181 21
31182 51
31183 81
31184 81
31185 51
31186 81
31187 21
31188 31
31189 21
31190 81
31191 31
31192 81
31193 21
31194 71
31195 21
31196 41
31197 51
31198 41
31199 61
31200 51
31201 41
31202 81
31203 91
31204 61
31205 41
31206 71
31207 21
31208 41
31209 51
31210 41
31211 01
31212 91
31213 81
31214 21
31215 71
31216 61
31217 41
31218 71
31219 61
31220 21
31221 91
31222 81
31223 81
31224 31
31225 01
31226 21
31227 11
31228 81
31229 21
31230 71
31231 41
31232 01
31233 71
31234 61
31235 01
31236 91
31237 61
31238 81
31239 11
31240 41
31241 01
31242 51
31243 61
31244 01
31245 71
31246 21
31247 01
31248 91
31249 01
31250 81
31251 31
31252 81
31253 81
31254 11
31255 21
31256 41
31257 11
31258 61
31259 81
31260 51
31261 01
31262 81
31263 71
31264 21
31265 01
31266 51
31267 01
31268 41
31269 91
31270 01
31271 21
31272 31
31273 21
31274 01
31275 71
31276 61
31277 01
31278 71
31279 01
31280 21
31281 51
31282 61
31283 21
31284 51
31285 61
31286 81
31287 91
31288 21
31289 41
31290 11
31291 01
31292 81
31293 11
31294 61
31295 81
31296 51
31297 41
31298 01
31299 91
31300 41
31301 61
31302 11
31303 01
31304 41
31305 31
31306 61
31307 21
31308 51
31309 81
31310 01
31311 71
31312 01
31313 41
31314 71
31315 21
31316 81
31317 31
31318 01
31319 61
31320 91
31321 41
31322 81
31323 71
31324 01
31325 61
31326 71
31327 01
31328 21
31329 91
31330 01
31331 81
31332 11
31333 61
31334 01
31335 31
31336 21
31337 81
31338 91
31339 61
31340 61
31341 11
31342 21
31343 41
31344 71
31345 41
31346 21
31347 91
31348 01
31349 81
31350 91
31351 21
31352 61
31353 91
31354 61
31355 41
31356 91
31357 61
31358 41
31359 51
31360 61
31361 01
31362 11
31363 81
31364 41
31365 31
31366 81
31367 01
31368 91
31369 81
31370 21
31371 11
31372 81
31373 61
31374 91
31375 21
31376 81
31377 91
31378 81
31379 21
31380 91
31381 01
31382 41
31383 71
31384 81
31385 21
31386 11
31387 81
31388 01
31389 91
31390 21
31391 81
31392 31
31393 01
31394 21
31395 91
31396 41
31397 81
31398 31
31399 81
31400 61
31401 71
31402 61
31403 81
31404 31
31405 01
31406 41
31407 51
31408 81
31409 21
31410 91
31411 41
31412 21
31413 71
31414 81
31415 61
31416 11
31417 21
31418 01
31419 31
31420 41
31421 21
31422 51
31423 41
31424 61
31425 91
31426 81
31427 81
31428 91
31429 01
31430 01
31431 91
31432 21
31433 81
31434 31
31435 41
31436 61
31437 31
31438 81
31439 61
31440 31
31441 81
31442 61
31443 11
31444 41
31445 21
31446 71
31447 81
31448 81
31449 71
31450 81
31451 61
31452 11
31453 21
31454 21
31455 51
31456 61
31457 41
31458 91
31459 41
31460 61
31461 91
31462 01
31463 21
31464 11
31465 21
31466 41
31467 11
31468 81
31469 81
31470 51
31471 01
31472 01
31473 31
31474 21
31475 01
31476 71
31477 21
31478 21
31479 91
31480 21
31481 01
31482 71
31483 61
31484 21
31485 11
31486 41
31487 61
31488 11
31489 01
31490 21
31491 51
31492 81
31493 41
31494 51
31495 61
31496 01
31497 71
31498 81
31499 41
31500 31
31501 41
31502 81
31503 91
31504 81
31505 81
31506 71
31507 21
31508 61
31509 51
31510 61
31511 01
31512 11
31513 41
31514 41
31515 31
31516 81
31517 61
31518 71
31519 81
31520 21
31521 71
31522 41
31523 01
31524 91
31525 81
31526 21
31527 11
31528 01
31529 81
31530 11
31531 41
31532 21
31533 91
31534 81
31535 21
31536 11
31537 41
31538 61
31539 91
31540 21
31541 41
31542 71
31543 81
31544 21
31545 51
31546 61
31547 81
31548 71
31549 41
31550 61
31551 31
31552 01
31553 61
31554 11
31555 61
31556 61
31557 51
31558 01
31559 21
31560 91
31561 01
31562 41
31563 31
31564 81
31565 21
31566 11
31567 41
31568 81
31569 91
31570 21
31571 41
31572 91
31573 41
31574 21
31575 51
31576 81
31577 01
31578 51
31579 41
31580 81
31581 11
31582 41
31583 01
31584 31
31585 01
31586 41
31587 11
31588 41
31589 21
31590 91
31591 01
31592 61
31593 51
31594 81
31595 21
31596 31
31597 21
31598 41
31599 91
31600 41
31601 81
31602 91
31603 21
31604 41
31605 51
31606 01
31607 81
31608 11
31609 01
31610 01
31611 51
31612 41
31613 41
31614 31
31615 01
31616 61
31617 51
31618 61
31619 21
31620 11
31621 01
31622 01
31623 11
31624 01
31625 81
31626 71
31627 01
31628 41
31629 11
31630 61
31631 81
31632 31
31633 41
31634 21
31635 11
31636 41
31637 21
31638 51
31639 01
31640 21
31641 11
31642 01
31643 61
31644 51
31645 21
31646 01
31647 51
31648 41
31649 01
31650 11
31651 21
31652 81
31653 31
31654 41
31655 01
31656 11
31657 61
31658 41
31659 51
31660 61
31661 61
31662 11
31663 81
31664 41
31665 91
31666 61
31667 01
31668 91
31669 41
31670 81
31671 51
31672 81
31673 21
31674 31
31675 41
31676 01
31677 51
31678 01
31679 61
31680 71
31681 21
31682 41
31683 71
31684 81
31685 81
31686 71
31687 81
31688 01
31689 51
31690 61
31691 61
31692 31
31693 61
31694 41
31695 91
31696 81
31697 41
31698 31
31699 41
31700 01
31701 51
31702 41
31703 41
31704 51
31705 01
31706 61
31707 51
31708 81
31709 81
31710 11
31711 01
31712 21
31713 31
31714 81
31715 81
31716 91
31717 81
31718 81
31719 51
31720 81
31721 21
31722 11
31723 01
31724 61
31725 11
31726 41
31727 21
31728 71
31729 21
31730 21
31731 11
31732 21
31733 41
31734 11
31735 21
31736 21
31737 91
31738 41
31739 81
31740 31
31741 21
31742 01
31743 11
31744 01
31745 61
31746 31
31747 01
31748 41
31749 91
31750 61
31751 61
31752 31
31753 21
31754 61
31755 91
31756 81
31757 01
31758 31
31759 01
31760 01
31761 11
31762 21
31763 01
31764 31
31765 61
31766 21
31767 51
31768 41
31769 81
31770 51
31771 81
31772 81
31773 11
31774 21
31775 81
31776 91
31777 41
31778 61
31779 71
31780 81
31781 81
31782 71
31783 61
31784 21
31785 71
31786 81
31787 61
31788 11
31789 61
31790 41
31791 71
31792 81
31793 01
31794 51
31795 41
31796 61
31797 31
31798 61
31799 21
31800 31
31801 81
31802 41
31803 11
31804 21
31805 21
31806 51
31807 21
31808 61
31809 11
31810 61
31811 41
31812 11
31813 01
31814 21
31815 71
31816 01
31817 21
31818 31
31819 61
31820 61
31821 91
31822 81
31823 61
31824 71
31825 21
31826 21
31827 91
31828 61
31829 61
31830 31
31831 21
31832 21
31833 51
31834 41
31835 61
31836 51
31837 01
31838 01
31839 11
31840 81
31841 21
31842 91
31843 21
31844 41
31845 11
31846 21
31847 81
31848 11
31849 61
31850 01
31851 11
31852 41
31853 01
31854 11
31855 61
31856 41
31857 11
31858 21
31859 21
31860 71
31861 01
31862 41
31863 91
31864 61
31865 61
31866 11
31867 01
31868 41
31869 71
31870 41
31871 01
31872 31
31873 01
31874 81
31875 71
31876 01
31877 81
31878 91
31879 41
31880 61
31881 51
31882 21
31883 21
31884 11
31885 81
31886 41
31887 71
31888 81
31889 41
31890 31
31891 61
31892 81
31893 91
31894 81
31895 01
31896 31
31897 21
31898 61
31899 71
31900 81
31901 81
31902 11
31903 61
31904 21
31905 71
31906 21
31907 81
31908 11
31909 61
31910 81
31911 11
31912 41
31913 01
31914 91
31915 01
31916 41
31917 11
31918 01
31919 01
31920 91
31921 01
31922 21
31923 11
31924 21
31925 21
31926 91
31927 61
31928 61
31929 11
31930 01
31931 01
31932 31
31933 01
31934 61
31935 51
31936 01
31937 81
31938 71
31939 61
31940 01
31941 51
31942 01
31943 81
31944 11
31945 01
31946 21
31947 71
31948 61
31949 61
31950 71
31951 01
31952 61
31953 51
31954 81
31955 61
31956 31
31957 21
31958 41
31959 31
31960 61
31961 81
31962 91
31963 61
31964 81
31965 11
31966 01
31967 21
31968 71
31969 81
31970 81
31971 91
31972 21
31973 01
31974 51
31975 81
31976 61
31977 51
31978 61
31979 61
31980 51
31981 01
31982 01
31983 51
31984 61
31985 01
31986 71
31987 41
31988 21
31989 11
31990 21
31991 21
31992 31
31993 81
31994 81
31995 31
31996 61
31997 61
31998 31
31999 01
32000 01
32001 11
32002 01
32003 01
32004 31
32005 61
32006 01
32007 91
32008 41
32009 81
32010 31
32011 61
32012 01
32013 11
32014 01
32015 01
32016 51
32017 01
32018 41
32019 31
32020 01
32021 21
32022 31
32023 61
32024 21
32025 71
32026 61
32027 41
32028 11
32029 61
32030 21
32031 91
32032 21
32033 01
32034 31
32035 01
32036 61
32037 51
32038 41
32039 21
32040 11
32041 01
32042 81
32043 51
32044 01
32045 81
32046 51
32047 81
32048 61
32049 11
32050 41
32051 01
32052 91
32053 01
32054 01
32055 71
32056 61
32057 61
32058 11
32059 01
32060 21
32061 11
32062 81
32063 41
32064 51
32065 21
32066 81
32067 71
32068 81
32069 01
32070 91
32071 81
32072 81
32073 51
32074 21
32075 01
32076 91
32077 81
32078 81
32079 91
32080 41
32081 21
32082 11
32083 41
32084 41
32085 91
32086 41
32087 61
32088 71
32089 41
32090 61
32091 51
32092 41
32093 61
32094 11
32095 81
32096 61
32097 71
32098 01
32099 41
32100 51
32101 21
32102 01
32103 51
32104 01
32105 21
32106 31
32107 41
32108 61
32109 51
32110 41
32111 01
32112 71
32113 41
32114 21
32115 71
32116 41
32117 41
32118 51
32119 61
32120 01
32121 31
32122 61
32123 21
32124 11
32125 81
32126 21
32127 91
32128 81
32129 41
32130 11
32131 21
32132 41
32133 91
32134 61
32135 01
32136 71
32137 01
32138 41
32139 11
32140 21
32141 81
32142 31
32143 41
32144 81
32145 91
32146 41
32147 21
32148 11
32149 61
32150 61
32151 11
32152 61
32153 01
32154 71
32155 41
32156 61
32157 71
32158 81
32159 81
32160 31
32161 21
32162 81
32163 31
32164 01
32165 61
32166 11
32167 61
32168 01
32169 91
32170 41
32171 61
32172 71
32173 01
32174 41
32175 31
32176 21
32177 01
32178 51
32179 81
32180 61
32181 31
32182 41
32183 41
32184 31
32185 61
32186 01
32187 51
32188 61
32189 81
32190 31
32191 21
32192 01
32193 71
32194 01
32195 61
32196 31
32197 61
32198 21
32199 91
32200 61
32201 21
32202 91
32203 61
32204 61
32205 51
32206 21
32207 21
32208 51
32209 61
32210 21
32211 51
32212 01
32213 21
32214 31
32215 61
32216 21
32217 11
32218 01
32219 81
32220 51
32221 41
32222 21
32223 91
32224 21
32225 41
32226 11
32227 41
32228 01
32229 31
32230 81
32231 41
32232 11
32233 41
32234 01
32235 31
32236 01
32237 61
32238 31
32239 61
32240 41
32241 31
32242 01
32243 61
32244 51
32245 01
32246 61
32247 51
32248 41
32249 81
32250 11
32251 01
32252 81
32253 11
32254 81
32255 81
32256 51
32257 41
32258 21
32259 51
32260 41
32261 61
32262 31
32263 21
32264 21
32265 31
32266 81
32267 01
32268 91
32269 21
32270 21
32271 11
32272 81
32273 01
32274 11
32275 21
32276 81
32277 31
32278 21
32279 81
32280 91
32281 41
32282 01
32283 51
32284 61
32285 61
32286 91
32287 41
32288 21
32289 71
32290 21
32291 81
32292 31
32293 41
32294 61
32295 91
32296 41
32297 21
32298 91
32299 01
32300 61
32301 11
32302 41
32303 81
32304 91
32305 41
32306 41
32307 91
32308 41
32309 41
32310 11
32311 81
32312 01
32313 71
32314 61
32315 61
32316 11
32317 61
32318 81
32319 71
32320 41
32321 61
32322 51
32323 21
32324 81
32325 31
32326 01
32327 61
32328 51
32329 01
32330 41
32331 31
32332 21
32333 61
32334 71
32335 01
32336 81
32337 11
32338 61
32339 41
32340 31
32341 21
32342 81
32343 31
32344 81
32345 61
32346 11
32347 61
32348 81
32349 31
32350 41
32351 61
32352 51
32353 81
32354 61
32355 31
32356 01
32357 21
32358 11
32359 41
32360 41
32361 91
32362 61
32363 81
32364 91
32365 61
32366 01
32367 51
32368 41
32369 61
32370 31
32371 21
32372 81
32373 91
32374 41
32375 61
32376 11
32377 21
32378 21
32379 11
32380 41
32381 21
32382 71
32383 81
32384 01
32385 91
32386 01
32387 81
32388 51
32389 21
32390 21
32391 51
32392 81
32393 81
32394 11
32395 61
32396 01
32397 11
32398 61
32399 21
32400 31
32401 81
32402 81
32403 11
32404 21
32405 21
32406 91
32407 41
32408 61
32409 11
32410 01
32411 81
32412 71
32413 01
32414 61
32415 31
32416 81
32417 01
32418 71
32419 41
32420 21
32421 11
32422 61
32423 61
32424 71
32425 21
32426 61
32427 31
32428 61
32429 61
32430 71
32431 81
32432 41
32433 51
32434 81
32435 41
32436 51
32437 61
32438 41
32439 11
32440 21
32441 81
32442 11
32443 41
32444 81
32445 91
32446 21
32447 61
32448 11
32449 61
32450 41
32451 91
32452 81
32453 01
32454 51
32455 61
32456 21
32457 31
32458 61
32459 41
32460 51
32461 61
32462 41
32463 31
32464 01
32465 61
32466 91
32467 41
32468 01
32469 91
32470 21
32471 81
32472 11
32473 01
32474 21
32475 91
32476 21
32477 21
32478 31
32479 81
32480 41
32481 51
32482 81
32483 81
32484 11
32485 21
32486 01
32487 11
32488 61
32489 81
32490 11
32491 81
32492 81
32493 71
32494 81
32495 61
32496 91
32497 01
32498 01
32499 31
32500 21
32501 41
32502 91
32503 41
32504 41
32505 51
32506 81
32507 01
32508 71
32509 01
32510 81
32511 11
32512 61
32513 21
32514 11
32515 01
32516 61
32517 91
32518 81
32519 61
32520 11
32521 41
32522 41
32523 11
32524 21
32525 21
32526 31
32527 21
32528 61
32529 11
32530 41
32531 81
32532 11
32533 01
32534 01
32535 51
32536 21
32537 21
32538 11
32539 81
32540 21
32541 51
32542 61
32543 21
32544 91
32545 61
32546 81
32547 91
32548 61
32549 61
32550 11
32551 01
32552 21
32553 51
32554 21
32555 81
32556 91
32557 01
32558 81
32559 71
32560 81
32561 41
32562 71
32563 21
32564 21
32565 31
32566 61
32567 21
32568 91
32569 21
32570 01
32571 71
32572 41
32573 01
32574 91
32575 21
32576 21
32577 11
32578 01
32579 21
32580 31
32581 41
32582 21
32583 31
32584 21
32585 81
32586 11
32587 81
32588 21
32589 71
32590 01
32591 81
32592 51
32593 41
32594 41
32595 31
32596 61
32597 81
32598 71
32599 81
32600 01
32601 31
32602 01
32603 01
32604 71
32605 81
32606 61
32607 91
32608 81
32609 21
32610 51
32611 41
32612 41
32613 71
32614 41
32615 41
32616 31
32617 81
32618 61
32619 91
32620 01
32621 41
32622 91
32623 81
32624 01
32625 91
32626 81
32627 41
32628 51
32629 21
32630 01
32631 51
32632 61
32633 81
32634 91
32635 01
32636 81
32637 51
32638 41
32639 01
32640 31
32641 61
32642 81
32643 31
32644 61
32645 01
32646 31
32647 61
32648 61
32649 11
32650 81
32651 21
32652 31
32653 01
32654 41
32655 11
32656 61
32657 81
32658 51
32659 61
32660 41
32661 31
32662 81
32663 21
32664 51
32665 01
32666 41
32667 51
32668 21
32669 81
32670 91
32671 41
32672 61
32673 51
32674 61
32675 61
32676 51
32677 21
32678 21
32679 71
32680 81
32681 41
32682 71
32683 41
32684 21
32685 31
32686 61
32687 41
32688 51
32689 21
32690 01
32691 91
32692 61
32693 81
32694 91
32695 41
32696 01
32697 51
32698 41
32699 41
32700 71
32701 21
32702 81
32703 71
32704 21
32705 81
32706 11
32707 01
32708 41
32709 71
32710 01
32711 01
32712 31
32713 01
32714 41
32715 51
32716 01
32717 81
32718 51
32719 01
32720 01
32721 51
32722 81
32723 61
32724 31
32725 01
32726 01
32727 91
32728 21
32729 21
32730 51
32731 61
32732 81
32733 91
32734 41
32735 61
32736 31
32737 21
32738 21
32739 11
32740 61
32741 81
32742 71
32743 81
32744 21
32745 11
32746 81
32747 81
32748 71
32749 01
32750 61
32751 91
32752 01
32753 21
32754 91
32755 21
32756 41
32757 11
32758 61
32759 21
32760 51
32761 01
32762 81
32763 11
32764 41
32765 01
32766 51
32767 41
32768 81
32769 51
32770 01
32771 61
32772 91
32773 01
32774 81
32775 11
32776 41
32777 61
32778 91
32779 81
32780 21
32781 51
32782 61
32783 61
32784 91
32785 61
32786 81
32787 31
32788 81
32789 61
32790 11
32791 41
32792 61
32793 11
32794 21
32795 21
32796 51
32797 81
32798 61
32799 11
32800 61
32801 01
32802 91
32803 01
32804 21
32805 31
32806 61
32807 61
32808 31
32809 21
32810 01
32811 11
32812 01
32813 21
32814 91
32815 61
32816 01
32817 11
32818 61
32819 61
32820 31
32821 81
32822 81
32823 51
32824 41
32825 21
32826 91
32827 81
32828 01
32829 71
32830 01
32831 21
32832 31
32833 81
32834 41
32835 71
32836 61
32837 61
32838 91
32839 21
32840 21
32841 11
32842 61
32843 01
32844 11
32845 21
32846 61
32847 71
32848 21
32849 81
32850 71
32851 21
32852 21
32853 51
32854 41
32855 81
32856 51
32857 01
32858 01
32859 31
32860 41
32861 21
32862 91
32863 41
32864 61
32865 91
32866 21
32867 01
32868 91
32869 01
32870 41
32871 31
32872 81
32873 81
32874 71
32875 01
32876 41
32877 11
32878 21
32879 41
32880 91
32881 01
32882 41
32883 11
32884 41
32885 21
32886 11
32887 21
32888 81
32889 71
32890 21
32891 21
32892 31
32893 21
32894 61
32895 31
32896 61
32897 01
32898 31
32899 41
32900 01
32901 51
32902 21
32903 41
32904 51
32905 01
32906 41
32907 91
32908 81
32909 81
32910 91
32911 81
32912 41
32913 31
32914 61
32915 01
32916 51
32917 41
32918 61
32919 11
32920 01
32921 61
32922 71
32923 01
32924 61
32925 11
32926 21
32927 01
32928 71
32929 21
32930 01
32931 31
32932 61
32933 41
32934 91
32935 81
32936 21
32937 11
32938 21
32939 81
32940 11
32941 41
32942 41
32943 51
32944 81
32945 21
32946 31
32947 61
32948 41
32949 91
32950 41
32951 21
32952 11
32953 21
32954 41
32955 91
32956 41
32957 41
32958 11
32959 41
32960 61
32961 31
32962 21
32963 81
32964 11
32965 61
32966 81
32967 31
32968 61
32969 21
32970 11
32971 41
32972 41
32973 11
32974 01
32975 21
32976 31
32977 21
32978 41
32979 51
32980 41
32981 81
32982 91
32983 81
32984 21
32985 51
32986 01
32987 41
32988 71
32989 41
32990 01
32991 11
32992 81
32993 61
32994 51
32995 61
32996 81
32997 91
32998 41
32999 41
33000 11
33001 01
33002 01
33003 71
33004 61
33005 81
33006 71
33007 61
33008 81
33009 91
33010 61
33011 41
33012 51
33013 41
33014 61
33015 71
33016 41
33017 81
33018 91
33019 81
33020 01
33021 71
33022 21
33023 61
33024 71
33025 21
33026 01
33027 11
33028 61
33029 61
33030 11
33031 81
33032 81
33033 51
33034 21
33035 61
33036 91
33037 81
33038 81
33039 51
33040 21
33041 21
33042 11
33043 01
33044 01
33045 31
33046 41
33047 21
33048 11
33049 61
33050 81
33051 11
33052 61
33053 01
33054 91
33055 01
33056 61
33057 71
33058 01
33059 01
33060 11
33061 21
33062 01
33063 11
33064 41
33065 01
33066 31
33067 01
33068 81
33069 51
33070 81
33071 61
33072 71
33073 01
33074 61
33075 51
33076 21
33077 01
33078 71
33079 61
33080 21
33081 31
33082 61
33083 81
33084 31
33085 41
33086 21
33087 51
33088 81
33089 61
33090 91
33091 81
33092 21
33093 11
33094 01
33095 01
33096 31
33097 61
33098 41
33099 31
33100 81
33101 21
33102 11
33103 61
33104 01
33105 11
33106 41
33107 81
33108 91
33109 41
33110 21
33111 71
33112 21
33113 21
33114 71
33115 81
33116 01
33117 71
33118 41
33119 21
33120 91
33121 41
33122 41
33123 51
33124 81
33125 61
33126 31
33127 61
33128 41
33129 31
33130 61
33131 21
33132 11
33133 61
33134 81
33135 51
33136 41
33137 81
33138 71
33139 21
33140 41
33141 71
33142 01
33143 41
33144 31
33145 41
33146 81
33147 31
33148 61
33149 61
33150 51
33151 41
33152 41
33153 51
33154 61
33155 41
33156 31
33157 61
33158 21
33159 51
33160 01
33161 21
33162 91
33163 21
33164 81
33165 71
33166 21
33167 81
33168 51
33169 41
33170 81
33171 11
33172 81
33173 01
33174 31
33175 01
33176 81
33177 31
33178 41
33179 21
33180 31
33181 41
33182 21
33183 51
33184 21
33185 81
33186 11
33187 01
33188 81
33189 71
33190 01
33191 01
33192 71
33193 21
33194 41
33195 51
33196 41
33197 21
33198 11
33199 01
33200 41
33201 11
33202 61
33203 41
33204 71
33205 81
33206 61
33207 11
33208 01
33209 21
33210 51
33211 61
33212 21
33213 31
33214 41
33215 61
33216 71
33217 81
33218 41
33219 11
33220 01
33221 61
33222 71
33223 41
33224 61
33225 11
33226 21
33227 41
33228 91
33229 21
33230 01
33231 71
33232 01
33233 01
33234 91
33235 21
33236 81
33237 91
33238 01
33239 21
33240 91
33241 01
33242 61
33243 31
33244 81
33245 21
33246 31
33247 01
33248 81
33249 91
33250 41
33251 61
33252 71
33253 41
33254 41
33255 31
33256 21
33257 41
33258 71
33259 81
33260 61
33261 71
33262 81
33263 01
33264 31
33265 01
33266 61
33267 31
33268 41
33269 21
33270 11
33271 81
33272 21
33273 51
33274 01
33275 61
33276 31
33277 01
33278 61
33279 91
33280 61
33281 61
33282 51
33283 81
33284 61
33285 91
33286 01
33287 21
33288 11
33289 01
33290 21
33291 91
33292 61
33293 41
33294 51
33295 01
33296 01
33297 11
33298 81
33299 81
33300 51
33301 81
33302 01
33303 31
33304 21
33305 81
33306 11
33307 21
33308 21
33309 71
33310 01
33311 21
33312 71
33313 41
33314 41
33315 71
33316 01
33317 41
33318 71
33319 21
33320 61
33321 11
33322 81
33323 41
33324 51
33325 41
33326 81
33327 71
33328 81
33329 21
33330 51
33331 81
33332 81
33333 71
33334 41
33335 81
33336 91
33337 01
33338 61
33339 31
33340 81
33341 41
33342 51
33343 21
33344 01
33345 31
33346 41
33347 61
33348 71
33349 61
33350 81
33351 51
33352 41
33353 81
33354 91
33355 41
33356 61
33357 91
33358 41
33359 41
33360 31
33361 41
33362 01
33363 71
33364 81
33365 81
33366 91
33367 61
33368 01
33369 51
33370 81
33371 01
33372 71
33373 61
33374 61
33375 91
33376 41
33377 61
33378 51
33379 01
33380 61
33381 51
33382 21
33383 61
33384 91
33385 81
33386 41
33387 11
33388 81
33389 81
33390 31
33391 01
33392 01
33393 31
33394 01
33395 41
33396 71
33397 21
33398 01
33399 71
33400 41
33401 01
33402 51
33403 81
33404 81
33405 71
33406 21
33407 21
33408 31
33409 41
33410 81
33411 51
33412 81
33413 41
33414 31
33415 41
33416 01
33417 71
33418 61
33419 61
33420 71
33421 41
33422 61
33423 51
33424 81
33425 01
33426 51
33427 21
33428 41
33429 71
33430 01
33431 41
33432 91
33433 01
33434 41
33435 91
33436 81
33437 61
33438 51
33439 41
33440 01
33441 71
33442 21
33443 01
33444 51
33445 21
33446 01
33447 51
33448 61
33449 01
33450 11
33451 21
33452 01
33453 91
33454 41
33455 01
33456 31
33457 81
33458 21
33459 51
33460 81
33461 41
33462 51
33463 21
33464 61
33465 31
33466 41
33467 61
33468 31
33469 41
33470 81
33471 51
33472 01
33473 41
33474 31
33475 41
33476 21
33477 31
33478 61
33479 61
33480 91
33481 61
33482 41
33483 51
33484 01
33485 81
33486 91
33487 61
33488 61
33489 11
33490 81
33491 01
33492 31
33493 01
33494 41
33495 91
33496 01
33497 81
33498 51
33499 41
33500 21
33501 51
33502 81
33503 01
33504 71
33505 61
33506 01
33507 31
33508 81
33509 01
33510 31
33511 01
33512 61
33513 51
33514 61
33515 41
33516 31
33517 21
33518 21
33519 51
33520 01
33521 81
33522 71
33523 21
33524 81
33525 31
33526 81
33527 21
33528 51
33529 01
33530 21
33531 31
33532 01
33533 61
33534 51
33535 41
33536 61
33537 51
33538 41
33539 21
33540 31
33541 01
33542 81
33543 51
33544 21
33545 41
33546 51
33547 81
33548 81
33549 31
33550 21
33551 01
33552 11
33553 81
33554 41
33555 11
33556 81
33557 01
33558 91
33559 61
33560 61
33561 11
33562 81
33563 41
33564 71
33565 41
33566 81
33567 71
33568 01
33569 81
33570 51
33571 81
33572 01
33573 91
33574 21
33575 81
33576 11
33577 81
33578 01
33579 71
33580 01
33581 81
33582 31
33583 81
33584 41
33585 31
33586 41
33587 61
33588 91
33589 81
33590 81
33591 51
33592 61
33593 61
33594 51
33595 41
33596 81
33597 31
33598 41
33599 21
33600 51
33601 41
33602 21
33603 51
33604 41
33605 41
33606 11
33607 01
33608 01
33609 91
33610 81
33611 01
33612 91
33613 01
33614 81
33615 91
33616 61
33617 61
33618 91
33619 61
33620 81
33621 11
33622 61
33623 41
33624 91
33625 01
33626 61
33627 11
33628 21
33629 01
33630 11
33631 61
33632 41
33633 71
33634 41
33635 41
33636 91
33637 81
33638 61
33639 91
33640 61
33641 21
33642 91
33643 81
33644 61
33645 51
33646 21
33647 41
33648 11
33649 61
33650 21
33651 71
33652 21
33653 01
33654 31
33655 81
33656 01
33657 51
33658 41
33659 01
33660 91
33661 21
33662 81
33663 31
33664 21
33665 41
33666 11
33667 61
33668 21
33669 31
33670 81
33671 61
33672 91
33673 01
33674 01
33675 51
33676 41
33677 61
33678 11
33679 81
33680 41
33681 51
33682 81
33683 21
33684 11
33685 21
33686 01
33687 51
33688 81
33689 81
33690 11
33691 21
33692 21
33693 31
33694 81
33695 01
33696 51
33697 81
33698 81
33699 71
33700 01
33701 01
33702 11
33703 21
33704 41
33705 51
33706 81
33707 41
33708 11
33709 01
33710 81
33711 51
33712 21
33713 41
33714 11
33715 41
33716 41
33717 91
33718 41
33719 01
33720 11
33721 81
33722 01
33723 31
33724 41
33725 61
33726 11
33727 21
33728 41
33729 11
33730 41
33731 21
33732 91
33733 41
33734 01
33735 91
33736 21
33737 01
33738 31
33739 21
33740 41
33741 31
33742 21
33743 21
33744 31
33745 01
33746 81
33747 71
33748 01
33749 21
33750 31
33751 81
33752 01
33753 31
33754 21
33755 21
33756 11
33757 21
33758 21
33759 11
33760 21
33761 21
33762 71
33763 81
33764 81
33765 31
33766 01
33767 81
33768 31
33769 01
33770 41
33771 51
33772 61
33773 01
33774 71
33775 21
33776 81
33777 71
33778 81
33779 61
33780 91
33781 81
33782 81
33783 11
33784 01
33785 01
33786 91
33787 41
33788 41
33789 31
33790 41
33791 81
33792 51
33793 61
33794 61
33795 51
33796 61
33797 01
33798 51
33799 61
33800 61
33801 51
33802 41
33803 21
33804 71
33805 81
33806 61
33807 31
33808 41
33809 21
33810 51
33811 81
33812 21
33813 51
33814 41
33815 81
33816 31
33817 01
33818 01
33819 31
33820 21
33821 61
33822 91
33823 41
33824 41
33825 71
33826 41
33827 01
33828 71
33829 21
33830 01
33831 91
33832 61
33833 41
33834 91
33835 41
33836 01
33837 11
33838 21
33839 41
33840 71
33841 81
33842 41
33843 11
33844 21
33845 41
33846 51
33847 21
33848 61
33849 31
33850 21
33851 41
33852 11
33853 21
33854 41
33855 51
33856 01
33857 41
33858 11
33859 01
33860 01
33861 11
33862 21
33863 41
33864 31
33865 61
33866 21
33867 91
33868 61
33869 81
33870 51
33871 21
33872 21
33873 71
33874 21
33875 21
33876 51
33877 21
33878 41
33879 11
33880 61
33881 41
33882 91
33883 41
33884 21
33885 71
33886 81
33887 01
33888 51
33889 61
33890 41
33891 11
33892 41
33893 21
33894 51
33895 81
33896 41
33897 31
33898 21
33899 61
33900 31
33901 21
33902 01
33903 31
33904 41
33905 61
33906 31
33907 21
33908 41
33909 11
33910 61
33911 81
33912 91
33913 41
33914 21
33915 11
33916 01
33917 01
33918 51
33919 01
33920 81
33921 71
33922 41
33923 61
33924 11
33925 61
33926 21
33927 71
33928 01
33929 21
33930 51
33931 01
33932 01
33933 31
33934 41
33935 01
33936 71
33937 21
33938 41
33939 51
33940 21
33941 01
33942 91
33943 81
33944 01
33945 11
33946 61
33947 41
33948 51
33949 41
33950 41
33951 91
33952 61
33953 01
33954 91
33955 61
33956 01
33957 71
33958 01
33959 61
33960 31
33961 41
33962 01
33963 71
33964 41
33965 81
33966 91
33967 61
33968 61
33969 31
33970 81
33971 01
33972 31
33973 21
33974 01
33975 91
33976 01
33977 01
33978 71
33979 21
33980 21
33981 71
33982 61
33983 41
33984 11
33985 81
33986 41
33987 11
33988 41
33989 41
33990 31
33991 01
33992 61
33993 71
33994 81
33995 41
33996 31
33997 41
33998 01
33999 11
34000 01
34001 01
34002 11
34003 21
34004 61
34005 51
34006 81
34007 41
34008 31
34009 61
34010 81
34011 51
34012 41
34013 61
34014 91
34015 41
34016 61
34017 71
34018 81
34019 41
34020 31
34021 21
34022 81
34023 91
34024 81
34025 61
34026 11
34027 21
34028 61
34029 31
34030 41
34031 21
34032 11
34033 21
34034 61
34035 91
34036 41
34037 41
34038 31
34039 01
34040 61
34041 31
34042 41
34043 01
34044 91
34045 61
34046 01
34047 11
34048 01
34049 61
34050 31
34051 81
34052 21
34053 71
34054 41
34055 21
34056 31
34057 21
34058 61
34059 71
34060 41
34061 81
34062 11
34063 61
34064 81
34065 51
34066 21
34067 81
34068 71
34069 21
34070 21
34071 11
34072 01
34073 41
34074 11
34075 21
34076 01
34077 31
34078 41
34079 81
34080 11
34081 01
34082 21
34083 11
34084 81
34085 81
34086 91
34087 61
34088 21
34089 51
34090 81
34091 01
34092 91
34093 21
34094 61
34095 91
34096 61
34097 81
34098 31
34099 01
34100 81
34101 31
34102 61
34103 01
34104 11
34105 21
34106 21
34107 71
34108 21
34109 81
34110 31
34111 01
34112 21
34113 51
34114 01
34115 41
34116 91
34117 01
34118 61
34119 71
34120 61
34121 41
34122 51
34123 61
34124 01
34125 71
34126 41
34127 01
34128 91
34129 01
34130 01
34131 91
34132 81
34133 81
34134 31
34135 41
34136 21
34137 11
34138 81
34139 61
34140 91
34141 41
34142 01
34143 11
34144 01
34145 61
34146 91
34147 01
34148 41
34149 91
34150 21
34151 41
34152 31
34153 21
34154 21
34155 51
34156 21
34157 01
34158 91
34159 41
34160 21
34161 31
34162 81
34163 21
34164 71
34165 41
34166 41
34167 51
34168 41
34169 81
34170 11
34171 41
34172 81
34173 11
34174 81
34175 21
34176 71
34177 41
34178 21
34179 91
34180 81
34181 21
34182 31
34183 61
34184 81
34185 11
34186 61
34187 41
34188 71
34189 81
34190 41
34191 91
34192 81
34193 01
34194 11
34195 61
34196 21
34197 31
34198 21
34199 21
34200 51
34201 61
34202 01
34203 91
34204 41
34205 61
34206 51
34207 81
34208 21
34209 11
34210 81
34211 01
34212 51
34213 81
34214 41
34215 91
34216 21
34217 21
34218 91
34219 41
34220 41
34221 51
34222 41
34223 21
34224 91
34225 21
34226 61
34227 31
34228 61
34229 21
34230 71
34231 81
34232 41
34233 11
34234 61
34235 41
34236 51
34237 21
34238 01
34239 51
34240 21
34241 41
34242 51
34243 61
34244 01
34245 51
34246 41
34247 01
34248 91
34249 81
34250 41
34251 91
34252 81
34253 61
34254 11
34255 61
34256 21
34257 91
34258 01
34259 21
34260 51
34261 21
34262 61
34263 31
34264 41
34265 21
34266 91
34267 01
34268 41
34269 71
34270 01
34271 41
34272 31
34273 01
34274 41
34275 91
34276 21
34277 81
34278 51
34279 41
34280 41
34281 11
34282 81
34283 01
34284 91
34285 81
34286 81
34287 31
34288 01
34289 81
34290 71
34291 41
34292 81
34293 91
34294 41
34295 01
34296 71
34297 21
34298 21
34299 51
34300 21
34301 01
34302 71
34303 21
34304 01
34305 11
34306 41
34307 21
34308 71
34309 41
34310 21
34311 11
34312 21
34313 61
34314 71
34315 21
34316 21
34317 11
34318 61
34319 61
34320 31
34321 41
34322 81
34323 51
34324 41
34325 81
34326 71
34327 81
34328 01
34329 31
34330 61
34331 61
34332 31
34333 41
34334 81
34335 91
34336 81
34337 21
34338 11
34339 61
34340 01
34341 31
34342 61
34343 01
34344 11
34345 81
34346 21
34347 71
34348 21
34349 41
34350 11
34351 01
34352 21
34353 11
34354 61
34355 81
34356 91
34357 61
34358 01
34359 91
34360 81
34361 01
34362 71
34363 01
34364 81
34365 91
34366 41
34367 01
34368 91
34369 61
34370 61
34371 91
34372 81
34373 41
34374 71
34375 21
34376 21
34377 71
34378 01
34379 61
34380 31
34381 01
34382 01
34383 71
34384 41
34385 41
34386 71
34387 61
34388 61
34389 91
34390 41
34391 41
34392 31
34393 81
34394 41
34395 11
34396 21
34397 61
34398 91
34399 61
34400 01
34401 91
34402 61
34403 41
34404 11
34405 41
34406 01
34407 11
34408 41
34409 01
34410 71
34411 81
34412 61
34413 31
34414 01
34415 41
34416 71
34417 01
34418 01
34419 71
34420 41
34421 81
34422 91
34423 81
34424 81
34425 51
34426 01
34427 41
34428 31
34429 21
34430 01
34431 11
34432 41
34433 21
34434 91
34435 61
34436 41
34437 31
34438 61
34439 61
34440 71
34441 21
34442 41
34443 51
34444 81
34445 81
34446 71
34447 61
34448 41
34449 51
34450 61
34451 41
34452 11
34453 81
34454 41
34455 71
34456 01
34457 01
34458 91
34459 21
34460 61
34461 71
34462 81
34463 01
34464 51
34465 01
34466 61
34467 31
34468 61
34469 81
34470 11
34471 81
34472 41
34473 71
34474 81
34475 61
34476 51
34477 81
34478 01
34479 31
34480 81
34481 01
34482 31
34483 41
34484 01
34485 91
34486 01
34487 21
34488 31
34489 21
34490 21
34491 91
34492 81
34493 21
34494 11
34495 01
34496 21
34497 51
34498 81
34499 61
34500 71
34501 81
34502 21
34503 11
34504 81
34505 41
34506 31
34507 61
34508 21
34509 11
34510 01
34511 21
34512 91
34513 81
34514 61
34515 71
34516 21
34517 41
34518 11
34519 81
34520 81
34521 71
34522 21
34523 21
34524 51
34525 61
34526 01
34527 71
34528 21
34529 41
34530 31
34531 41
34532 21
34533 11
34534 81
34535 81
34536 11
34537 61
34538 21
34539 51
34540 01
34541 61
34542 91
34543 21
34544 81
34545 11
34546 41
34547 81
34548 51
34549 81
34550 21
34551 71
34552 81
34553 41
34554 91
34555 81
34556 61
34557 71
34558 21
34559 81
34560 51
34561 21
34562 21
34563 51
34564 21
34565 21
34566 51
34567 01
34568 81
34569 11
34570 61
34571 21
34572 71
34573 61
34574 21
34575 51
34576 01
34577 61
34578 11
34579 41
34580 01
34581 31
34582 81
34583 81
34584 51
34585 81
34586 41
34587 11
34588 01
34589 61
34590 31
34591 01
34592 21
34593 71
34594 41
34595 41
34596 91
34597 21
34598 61
34599 91
34600 61
34601 61
34602 11
34603 81
34604 61
34605 91
34606 61
34607 01
34608 11
34609 01
34610 81
34611 51
34612 01
34613 41
34614 11
34615 41
34616 21
34617 31
34618 41
34619 01
34620 91
34621 61
34622 21
34623 31
34624 21
34625 81
34626 71
34627 81
34628 21
34629 71
34630 61
34631 61
34632 51
34633 41
34634 01
34635 91
34636 01
34637 81
34638 31
34639 21
34640 21
34641 51
34642 61
34643 21
34644 11
34645 61
34646 81
34647 91
34648 81
34649 21
34650 11
34651 01
34652 41
34653 71
34654 01
34655 81
34656 11
34657 81
34658 21
34659 11
34660 01
34661 81
34662 51
34663 81
34664 61
34665 31
34666 61
34667 21
34668 11
34669 41
34670 01
34671 71
34672 61
34673 81
34674 51
34675 21
34676 41
34677 51
34678 01
34679 01
34680 51
34681 41
34682 41
34683 11
34684 81
34685 41
34686 31
34687 21
34688 21
34689 11
34690 01
34691 81
34692 71
34693 81
34694 61
34695 31
34696 81
34697 81
34698 11
34699 41
34700 21
34701 91
34702 41
34703 81
34704 71
34705 01
34706 81
34707 91
34708 21
34709 41
34710 31
34711 01
34712 81
34713 11
34714 81
34715 41
34716 51
34717 41
34718 21
34719 11
34720 21
34721 61
34722 31
34723 81
34724 81
34725 71
34726 81
34727 61
34728 31
34729 41
34730 41
34731 71
34732 01
34733 41
34734 91
34735 41
34736 81
34737 31
34738 21
34739 41
34740 51
34741 41
34742 01
34743 11
34744 01
34745 41
34746 91
34747 01
34748 41
34749 71
34750 61
34751 41
34752 31
34753 01
34754 01
34755 71
34756 21
34757 81
34758 11
34759 01
34760 81
34761 11
34762 41
34763 41
34764 11
34765 01
34766 41
34767 51
34768 41
34769 61
34770 91
34771 41
34772 81
34773 91
34774 01
34775 61
34776 71
34777 21
34778 81
34779 91
34780 01
34781 01
34782 31
34783 41
34784 01
34785 51
34786 01
34787 21
34788 31
34789 81
34790 01
34791 91
34792 81
34793 81
34794 71
34795 41
34796 21
34797 11
34798 21
34799 81
34800 91
34801 41
34802 41
34803 51
34804 61
34805 61
34806 31
34807 61
34808 21
34809 71
34810 61
34811 21
34812 91
34813 41
34814 01
34815 51
34816 21
34817 01
34818 31
34819 81
34820 21
34821 31
34822 21
34823 81
34824 91
34825 41
34826 81
34827 31
34828 41
34829 41
34830 51
34831 41
34832 21
34833 71
34834 01
34835 41
34836 11
34837 21
34838 21
34839 71
34840 81
34841 21
34842 71
34843 41
34844 21
34845 11
34846 01
34847 41
34848 51
34849 01
34850 81
34851 11
34852 61
34853 61
34854 11
34855 01
34856 61
34857 31
34858 01
34859 61
34860 11
34861 81
34862 81
34863 71
34864 21
34865 61
34866 91
34867 01
34868 41
34869 51
34870 21
34871 41
34872 31
34873 81
34874 01
34875 51
34876 21
34877 61
34878 51
34879 81
34880 21
34881 91
34882 21
34883 41
34884 91
34885 01
34886 61
34887 91
34888 21
34889 01
34890 11
34891 41
34892 81
34893 71
34894 41
34895 21
34896 71
34897 01
34898 61
34899 71
34900 81
34901 81
34902 51
34903 61
34904 21
34905 71
34906 61
34907 01
34908 11
34909 61
34910 21
34911 51
34912 01
34913 01
34914 31
34915 61
34916 21
34917 91
34918 41
34919 81
34920 51
34921 21
34922 01
34923 11
34924 21
34925 21
34926 31
34927 01
34928 61
34929 11
34930 41
34931 61
34932 51
34933 01
34934 01
34935 31
34936 01
34937 41
34938 11
34939 61
34940 41
34941 11
34942 21
34943 01
34944 51
34945 81
34946 21
34947 51
34948 61
34949 61
34950 11
34951 81
34952 01
34953 51
34954 21
34955 61
34956 11
34957 41
34958 81
34959 51
34960 41
34961 41
34962 91
34963 01
34964 21
34965 11
34966 81
34967 61
34968 31
34969 01
34970 61
34971 71
34972 01
34973 01
34974 91
34975 01
34976 81
34977 91
34978 01
34979 01
34980 31
34981 01
34982 61
34983 11
34984 61
34985 41
34986 31
34987 81
34988 01
34989 51
34990 01
34991 41
34992 31
34993 61
34994 81
34995 91
34996 21
34997 41
34998 71
34999 61
35000 41
35001 71
35002 81
35003 81
35004 51
35005 41
35006 61
35007 11
35008 01
35009 21
35010 31
35011 61
35012 21
35013 31
35014 21
35015 01
35016 71
35017 81
35018 21
35019 91
35020 21
35021 61
35022 51
35023 61
35024 21
35025 71
35026 01
35027 01
35028 11
35029 61
35030 61
35031 71
35032 01
35033 01
35034 71
35035 01
35036 81
35037 91
35038 81
35039 41
35040 31
35041 01
35042 41
35043 91
35044 81
35045 41
35046 11
35047 01
35048 61
35049 11
35050 81
35051 01
35052 51
35053 01
35054 41
35055 91
35056 21
35057 41
35058 51
35059 41
35060 41
35061 71
35062 61
35063 01
35064 91
35065 41
35066 41
35067 71
35068 01
35069 41
35070 11
35071 61
35072 01
35073 51
35074 61
35075 41
35076 51
35077 41
35078 21
35079 51
35080 21
35081 61
35082 31
35083 21
35084 01
35085 71
35086 81
35087 01
35088 71
35089 01
35090 41
35091 11
35092 61
35093 21
35094 71
35095 81
35096 61
35097 91
35098 41
35099 21
35100 51
35101 41
35102 01
35103 51
35104 41
35105 41
35106 91
35107 41
35108 01
35109 91
35110 61
35111 81
35112 11
35113 01
35114 61
35115 11
35116 21
35117 21
35118 71
35119 21
35120 01
35121 51
35122 21
35123 41
35124 91
35125 01
35126 41
35127 91
35128 21
35129 01
35130 91
35131 81
35132 81
35133 71
35134 21
35135 01
35136 91
35137 01
35138 41
35139 91
35140 41
35141 41
35142 31
35143 21
35144 41
35145 11
35146 21
35147 01
35148 11
35149 61
35150 01
35151 31
35152 01
35153 01
35154 11
35155 81
35156 61
35157 91
35158 21
35159 41
35160 51
35161 41
35162 81
35163 11
35164 01
35165 41
35166 71
35167 41
35168 41
35169 71
35170 41
35171 21
35172 51
35173 01
35174 81
35175 91
35176 81
35177 41
35178 91
35179 61
35180 01
35181 51
35182 01
35183 41
35184 11
35185 01
35186 21
35187 31
35188 41
35189 61
35190 71
35191 61
35192 21
35193 91
35194 81
35195 21
35196 71
35197 41
35198 61
35199 91
35200 81
35201 21
35202 71
35203 81
35204 81
35205 11
35206 01
35207 81
35208 31
35209 81
35210 81
35211 51
35212 61
35213 81
35214 51
35215 41
35216 81
35217 51
35218 01
35219 21
35220 51
35221 61
35222 41
35223 31
35224 41
35225 61
35226 91
35227 41
35228 41
35229 11
35230 21
35231 81
35232 51
35233 41
35234 81
35235 91
35236 61
35237 81
35238 11
35239 61
35240 81
35241 31
35242 41
35243 01
35244 91
35245 21
35246 01
35247 11
35248 01
35249 21
35250 11
35251 81
35252 21
35253 31
35254 01
35255 61
35256 31
35257 81
35258 01
35259 91
35260 61
35261 41
35262 31
35263 01
35264 61
35265 71
35266 21
35267 81
35268 71
35269 81
35270 81
35271 11
35272 01
35273 01
35274 51
35275 01
35276 01
35277 91
35278 61
35279 81
35280 51
35281 61
35282 21
35283 71
35284 21
35285 61
35286 71
35287 21
35288 41
35289 51
35290 01
35291 01
35292 91
35293 81
35294 81
35295 51
35296 61
35297 41
35298 31
35299 21
35300 61
35301 91
35302 41
35303 21
35304 51
35305 21
35306 81
35307 31
35308 21
35309 01
35310 91
35311 41
35312 01
35313 71
35314 21
35315 61
35316 91
35317 61
35318 41
35319 51
35320 21
35321 01
35322 11
35323 81
35324 01
35325 11
35326 81
35327 01
35328 51
35329 41
35330 61
35331 11
35332 41
35333 01
35334 11
35335 41
35336 41
35337 11
35338 21
35339 01
35340 11
35341 01
35342 41
35343 71
35344 41
35345 81
35346 11
35347 81
35348 61
35349 31
35350 01
35351 81
35352 91
35353 21
35354 21
35355 31
35356 01
35357 81
35358 91
35359 21
35360 41
35361 51
35362 21
35363 01
35364 31
35365 21
35366 41
35367 51
35368 41
35369 41
35370 51
35371 41
35372 81
35373 71
35374 01
35375 41
35376 71
35377 01
35378 21
35379 71
35380 41
35381 81
35382 11
35383 41
35384 81
35385 51
35386 21
35387 61
35388 11
35389 21
35390 21
35391 91
35392 81
35393 61
35394 11
35395 01
35396 21
35397 91
35398 01
35399 61
35400 71
35401 21
35402 61
35403 71
35404 81
35405 81
35406 91
35407 41
35408 01
35409 51
35410 81
35411 81
35412 11
35413 61
35414 61
35415 71
35416 21
35417 81
35418 51
35419 81
35420 81
35421 11
35422 81
35423 41
35424 51
35425 01
35426 81
35427 71
35428 81
35429 81
35430 31
35431 81
35432 81
35433 31
35434 01
35435 21
35436 91
35437 61
35438 01
35439 51
35440 01
35441 01
35442 71
35443 61
35444 81
35445 51
35446 41
35447 61
35448 71
35449 21
35450 41
35451 51
35452 41
35453 41
35454 31
35455 21
35456 61
35457 51
35458 61
35459 41
35460 71
35461 01
35462 01
35463 31
35464 21
35465 61
35466 71
35467 21
35468 21
35469 51
35470 01
35471 01
35472 71
35473 21
35474 81
35475 51
35476 41
35477 21
35478 51
35479 21
35480 41
35481 11
35482 01
35483 81
35484 31
35485 81
35486 01
35487 71
35488 81
35489 01
35490 91
35491 41
35492 81
35493 51
35494 21
35495 61
35496 71
35497 81
35498 81
35499 51
35500 01
35501 61
35502 11
35503 01
35504 81
35505 11
35506 61
35507 21
35508 91
35509 81
35510 41
35511 71
35512 41
35513 61
35514 11
35515 41
35516 21
35517 71
35518 01
35519 01
35520 91
35521 01
35522 01
35523 11
35524 21
35525 21
35526 71
35527 01
35528 61
35529 11
35530 81
35531 81
35532 51
35533 01
35534 41
35535 71
35536 61
35537 41
35538 51
35539 21
35540 21
35541 91
35542 61
35543 81
35544 11
35545 01
35546 01
35547 51
35548 61
35549 61
35550 51
35551 21
35552 01
35553 51
35554 61
35555 21
35556 31
35557 41
35558 21
35559 31
35560 41
35561 01
35562 31
35563 01
35564 61
35565 71
35566 01
35567 81
35568 71
35569 81
35570 61
35571 51
35572 01
35573 01
35574 31
35575 81
35576 21
35577 91
35578 41
35579 01
35580 11
35581 21
35582 01
35583 31
35584 41
35585 01
35586 31
35587 21
35588 41
35589 51
35590 81
35591 81
35592 91
35593 81
35594 61
35595 71
35596 01
35597 41
35598 11
35599 81
35600 61
35601 11
35602 21
35603 21
35604 31
35605 41
35606 21
35607 71
35608 01
35609 61
35610 91
35611 01
35612 01
35613 71
35614 01
35615 21
35616 71
35617 61
35618 21
35619 51
35620 81
35621 41
35622 91
35623 21
35624 61
35625 31
35626 81
35627 81
35628 31
35629 41
35630 21
35631 91
35632 61
35633 41
35634 71
35635 01
35636 01
35637 11
35638 01
35639 41
35640 51
35641 81
35642 21
35643 51
35644 01
35645 81
35646 31
35647 01
35648 61
35649 11
35650 21
35651 61
35652 51
35653 01
35654 81
35655 71
35656 01
35657 41
35658 91
35659 41
35660 61
35661 11
35662 01
35663 21
35664 11
35665 41
35666 01
35667 11
35668 81
35669 01
35670 71
35671 81
35672 01
35673 51
35674 01
35675 41
35676 11
35677 41
35678 61
35679 71
35680 81
35681 41
35682 71
35683 61
35684 21
35685 31
35686 61
35687 61
35688 11
35689 21
35690 01
35691 11
35692 81
35693 61
35694 91
35695 61
35696 81
35697 91
35698 81
35699 61
35700 11
35701 01
35702 41
35703 11
35704 21
35705 81
35706 11
35707 21
35708 61
35709 71
35710 01
35711 21
35712 11
35713 61
35714 41
35715 71
35716 41
35717 81
35718 31
35719 21
35720 01
35721 71
35722 61
35723 21
35724 91
35725 21
35726 41
35727 91
35728 61
35729 21
35730 51
35731 81
35732 21
35733 11
35734 41
35735 81
35736 31
35737 61
35738 81
35739 31
35740 21
35741 21
35742 51
35743 81
35744 41
35745 31
35746 81
35747 21
35748 91
35749 81
35750 21
35751 31
35752 41
35753 61
35754 91
35755 41
35756 01
35757 71
35758 81
35759 41
35760 71
35761 41
35762 81
35763 91
35764 21
35765 01
35766 71
35767 21
35768 01
35769 91
35770 21
35771 01
35772 51
35773 01
35774 21
35775 11
35776 21
35777 41
35778 31
35779 01
35780 01
35781 71
35782 41
35783 01
35784 31
35785 21
35786 21
35787 11
35788 41
35789 41
35790 31
35791 41
35792 61
35793 71
35794 81
35795 81
35796 51
35797 41
35798 01
35799 51
35800 41
35801 61
35802 11
35803 61
35804 21
35805 31
35806 61
35807 81
35808 11
35809 21
35810 01
35811 31
35812 41
35813 61
35814 91
35815 81
35816 01
35817 71
35818 81
35819 81
35820 91
35821 41
35822 81
35823 31
35824 61
35825 61
35826 71
35827 61
35828 61
35829 71
35830 01
35831 41
35832 31
35833 61
35834 41
35835 91
35836 21
35837 41
35838 31
35839 41
35840 41
35841 71
35842 41
35843 41
35844 91
35845 41
35846 21
35847 51
35848 21
35849 41
35850 91
35851 81
35852 61
35853 11
35854 41
35855 01
35856 71
35857 81
35858 81
35859 51
35860 21
35861 61
35862 11
35863 01
35864 01
35865 71
35866 61
35867 21
35868 11
35869 01
35870 21
35871 71
35872 61
35873 41
35874 51
35875 81
35876 41
35877 11
35878 81
35879 61
35880 31
35881 01
35882 01
35883 11
35884 41
35885 41
35886 71
35887 01
35888 81
35889 91
35890 41
35891 81
35892 71
35893 41
35894 41
35895 51
35896 81
35897 41
35898 71
35899 01
35900 81
35901 51
35902 81
35903 21
35904 11
35905 41
35906 01
35907 51
35908 81
35909 01
35910 71
35911 21
35912 21
35913 51
35914 01
35915 81
35916 51
35917 01
35918 61
35919 11
35920 41
35921 21
35922 51
35923 01
35924 01
35925 91
35926 81
35927 41
35928 11
35929 21
35930 01
35931 51
35932 21
35933 61
35934 91
35935 01
35936 41
35937 11
35938 81
35939 01
35940 91
35941 01
35942 01
35943 51
35944 21
35945 21
35946 71
35947 41
35948 81
35949 11
35950 81
35951 21
35952 91
35953 61
35954 41
35955 11
35956 21
35957 21
35958 31
35959 61
35960 01
35961 51
35962 81
35963 61
35964 11
35965 01
35966 01
35967 91
35968 01
35969 61
35970 51
35971 61
35972 61
35973 71
35974 61
35975 61
35976 11
35977 41
35978 81
35979 71
35980 41
35981 41
35982 91
35983 21
35984 81
35985 11
35986 81
35987 81
35988 51
35989 81
35990 61
35991 91
35992 81
35993 41
35994 31
35995 21
35996 21
35997 71
35998 61
35999 41
36000 31
36001 01
36002 61
36003 31
36004 81
36005 41
36006 31
36007 01
36008 81
36009 11
36010 01
36011 61
36012 71
36013 61
36014 61
36015 11
36016 21
36017 61
36018 51
36019 21
36020 01
36021 91
36022 21
36023 81
36024 91
36025 41
36026 61
36027 31
36028 41
36029 41
36030 31
36031 81
36032 21
36033 71
36034 81
36035 21
36036 31
36037 21
36038 01
36039 91
36040 41
36041 81
36042 51
36043 01
36044 41
36045 51
36046 61
36047 41
36048 51
36049 01
36050 61
36051 91
36052 61
36053 61
36054 91
36055 21
36056 01
36057 31
36058 81
36059 21
36060 11
36061 01
36062 61
36063 71
36064 01
36065 81
36066 31
36067 41
36068 21
36069 11
36070 21
36071 01
36072 31
36073 81
36074 81
36075 11
36076 01
36077 61
36078 31
36079 81
36080 81
36081 31
36082 01
36083 81
36084 51
36085 21
36086 61
36087 71
36088 01
36089 01
36090 71
36091 21
36092 01
36093 11
36094 01
36095 81
36096 31
36097 01
36098 41
36099 11
36100 21
36101 61
36102 31
36103 41
36104 81
36105 71
36106 81
36107 21
36108 11
36109 41
36110 41
36111 31
36112 61
36113 81
36114 91
36115 01
36116 21
36117 51
36118 41
36119 01
36120 71
36121 81
36122 81
36123 31
36124 01
36125 41
36126 91
36127 61
36128 01
36129 71
36130 61
36131 01
36132 71
36133 81
36134 01
36135 31
36136 41
36137 81
36138 51
36139 61
36140 81
36141 71
36142 81
36143 21
36144 91
36145 61
36146 61
36147 51
36148 61
36149 61
36150 91
36151 01
36152 01
36153 51
36154 01
36155 21
36156 71
36157 41
36158 61
36159 51
36160 81
36161 21
36162 71
36163 41
36164 61
36165 11
36166 01
36167 41
36168 91
36169 21
36170 81
36171 11
36172 01
36173 01
36174 71
36175 01
36176 01
36177 91
36178 81
36179 41
36180 51
36181 61
36182 41
36183 91
36184 01
36185 61
36186 91
36187 01
36188 81
36189 91
36190 21
36191 41
36192 71
36193 41
36194 21
36195 51
36196 61
36197 41
36198 51
36199 41
36200 61
36201 91
36202 61
36203 01
36204 11
36205 21
36206 01
36207 71
36208 21
36209 81
36210 11
36211 41
36212 21
36213 51
36214 81
36215 21
36216 11
36217 01
36218 41
36219 91
36220 21
36221 01
36222 31
36223 21
36224 21
36225 11
36226 01
36227 01
36228 91
36229 01
36230 81
36231 71
36232 81
36233 81
36234 11
36235 61
36236 61
36237 11
36238 61
36239 21
36240 91
36241 61
36242 81
36243 11
36244 81
36245 81
36246 31
36247 41
36248 21
36249 51
36250 21
36251 01
36252 31
36253 21
36254 01
36255 11
36256 01
36257 01
36258 71
36259 41
36260 81
36261 71
36262 61
36263 61
36264 31
36265 61
36266 41
36267 31
36268 21
36269 81
36270 71
36271 21
36272 01
36273 51
36274 41
36275 81
36276 31
36277 41
36278 01
36279 31
36280 21
36281 01
36282 11
36283 41
36284 41
36285 11
36286 81
36287 61
36288 71
36289 61
36290 61
36291 71
36292 41
36293 81
36294 71
36295 01
36296 21
36297 91
36298 21
36299 41
36300 71
36301 21
36302 81
36303 11
36304 21
36305 81
36306 11
36307 41
36308 61
36309 71
36310 01
36311 41
36312 71
36313 61
36314 41
36315 91
36316 61
36317 61
36318 31
36319 41
36320 81
36321 11
36322 01
36323 41
36324 31
36325 01
36326 01
36327 31
36328 61
36329 21
36330 51
36331 01
36332 41
36333 11
36334 41
36335 01
36336 11
36337 21
36338 81
36339 51
36340 61
36341 21
36342 31
36343 01
36344 41
36345 51
36346 61
36347 81
36348 51
36349 01
36350 61
36351 31
36352 81
36353 61
36354 91
36355 61
36356 41
36357 91
36358 81
36359 61
36360 71
36361 81
36362 41
36363 11
36364 81
36365 41
36366 51
36367 21
36368 21
36369 11
36370 21
36371 41
36372 71
36373 81
36374 81
36375 51
36376 61
36377 81
36378 31
36379 21
36380 61
36381 31
36382 61
36383 21
36384 51
36385 61
36386 21
36387 91
36388 21
36389 41
36390 51
36391 21
36392 81
36393 11
36394 01
36395 21
36396 11
36397 41
36398 41
36399 51
36400 21
36401 41
36402 51
36403 81
36404 01
36405 51
36406 41
36407 21
36408 51
36409 81
36410 41
36411 11
36412 01
36413 41
36414 11
36415 81
36416 01
36417 31
36418 41
36419 41
36420 91
36421 01
36422 21
36423 71
36424 41
36425 21
36426 91
36427 21
36428 61
36429 71
36430 01
36431 61
36432 11
36433 61
36434 41
36435 11
36436 61
36437 81
36438 31
36439 61
36440 41
36441 31
36442 61
36443 61
36444 51
36445 01
36446 21
36447 31
36448 41
36449 81
36450 71
36451 61
36452 21
36453 11
36454 41
36455 21
36456 71
36457 61
36458 81
36459 71
36460 81
36461 41
36462 51
36463 21
36464 21
36465 31
36466 41
36467 61
36468 91
36469 21
36470 81
36471 51
36472 61
36473 01
36474 71
36475 41
36476 81
36477 71
36478 81
36479 81
36480 51
36481 81
36482 81
36483 31
36484 21
36485 81
36486 91
36487 61
36488 21
36489 71
36490 81
36491 01
36492 91
36493 41
36494 21
36495 91
36496 61
36497 01
36498 51
36499 81
36500 81
36501 51
36502 41
36503 41
36504 51
36505 41
36506 61
36507 51
36508 81
36509 21
36510 31
36511 01
36512 21
36513 71
36514 21
36515 41
36516 91
36517 21
36518 41
36519 31
36520 61
36521 61
36522 91
36523 61
36524 81
36525 91
36526 41
36527 21
36528 71
36529 61
36530 61
36531 11
36532 21
36533 81
36534 71
36535 41
36536 21
36537 31
36538 21
36539 81
36540 91
36541 61
36542 01
36543 51
36544 61
36545 81
36546 51
36547 41
36548 21
36549 91
36550 41
36551 61
36552 31
36553 61
36554 41
36555 31
36556 81
36557 41
36558 31
36559 81
36560 21
36561 51
36562 41
36563 81
36564 91
36565 61
36566 61
36567 91
36568 41
36569 61
36570 91
36571 41
36572 01
36573 91
36574 01
36575 61
36576 91
36577 81
36578 81
36579 91
36580 21
36581 21
36582 11
36583 41
36584 21
36585 31
36586 41
36587 61
36588 51
36589 21
36590 81
36591 51
36592 21
36593 81
36594 71
36595 41
36596 41
36597 31
36598 21
36599 81
36600 11
36601 21
36602 01
36603 51
36604 81
36605 01
36606 31
36607 41
36608 41
36609 71
36610 81
36611 01
36612 51
36613 01
36614 21
36615 91
36616 21
36617 41
36618 31
36619 81
36620 41
36621 71
36622 41
36623 81
36624 11
36625 41
36626 21
36627 91
36628 61
36629 01
36630 91
36631 21
36632 21
36633 91
36634 21
36635 41
36636 51
36637 41
36638 01
36639 31
36640 21
36641 61
36642 11
36643 41
36644 41
36645 71
36646 61
36647 61
36648 71
36649 21
36650 21
36651 11
36652 41
36653 41
36654 11
36655 21
36656 41
36657 51
36658 41
36659 81
36660 51
36661 41
36662 81
36663 11
36664 21
36665 41
36666 71
36667 41
36668 61
36669 31
36670 41
36671 21
36672 71
36673 21
36674 61
36675 91
36676 01
36677 21
36678 31
36679 01
36680 21
36681 91
36682 81
36683 01
36684 51
36685 01
36686 21
36687 31
36688 61
36689 81
36690 71
36691 61
36692 41
36693 71
36694 41
36695 21
36696 91
36697 81
36698 61
36699 71
36700 01
36701 21
36702 91
36703 61
36704 41
36705 71
36706 21
36707 21
36708 31
36709 21
36710 81
36711 51
36712 81
36713 21
36714 71
36715 41
36716 01
36717 51
36718 41
36719 81
36720 71
36721 21
36722 81
36723 11
36724 41
36725 81
36726 11
36727 41
36728 81
36729 31
36730 01
36731 41
36732 91
36733 81
36734 21
36735 91
36736 81
36737 41
36738 71
36739 81
36740 01
36741 51
36742 81
36743 01
36744 71
36745 01
36746 01
36747 31
36748 81
36749 41
36750 51
36751 01
36752 61
36753 91
36754 01
36755 01
36756 31
36757 61
36758 81
36759 31
36760 81
36761 21
36762 51
36763 81
36764 01
36765 11
36766 81
36767 21
36768 51
36769 41
36770 61
36771 31
36772 01
36773 01
36774 11
36775 61
36776 61
36777 91
36778 21
36779 21
36780 91
36781 41
36782 81
36783 91
36784 81
36785 61
36786 71
36787 21
36788 61
36789 31
36790 01
36791 01
36792 11
36793 21
36794 21
36795 51
36796 81
36797 41
36798 91
36799 41
36800 81
36801 51
36802 01
36803 21
36804 31
36805 41
36806 21
36807 11
36808 01
36809 61
36810 91
36811 41
36812 21
36813 71
36814 01
36815 61
36816 11
36817 21
36818 21
36819 91
36820 41
36821 21
36822 71
36823 61
36824 41
36825 91
36826 01
36827 61
36828 31
36829 41
36830 21
36831 31
36832 01
36833 41
36834 71
36835 41
36836 61
36837 31
36838 01
36839 81
36840 31
36841 81
36842 81
36843 91
36844 01
36845 21
36846 91
36847 21
36848 81
36849 51
36850 01
36851 61
36852 31
36853 01
36854 81
36855 11
36856 81
36857 81
36858 91
36859 81
36860 61
36861 91
36862 21
36863 61
36864 31
36865 21
36866 61
36867 11
36868 21
36869 41
36870 71
36871 61
36872 41
36873 11
36874 21
36875 21
36876 91
36877 21
36878 61
36879 11
36880 01
36881 61
36882 11
36883 01
36884 61
36885 11
36886 61
36887 21
36888 71
36889 21
36890 41
36891 71
36892 21
36893 41
36894 31
36895 41
36896 01
36897 91
36898 61
36899 61
36900 71
36901 61
36902 21
36903 51
36904 81
36905 21
36906 71
36907 01
36908 41
36909 91
36910 81
36911 81
36912 31
36913 21
36914 81
36915 71
36916 41
36917 01
36918 51
36919 41
36920 01
36921 91
36922 41
36923 01
36924 51
36925 41
36926 81
36927 11
36928 61
36929 21
36930 51
36931 21
36932 81
36933 11
36934 41
36935 21
36936 11
36937 41
36938 81
36939 71
36940 21
36941 41
36942 91
36943 21
36944 61
36945 51
36946 81
36947 81
36948 31
36949 61
36950 81
36951 91
36952 61
36953 61
36954 91
36955 81
36956 01
36957 31
36958 81
36959 81
36960 91
36961 01
36962 61
36963 31
36964 61
36965 21
36966 31
36967 01
36968 61
36969 31
36970 41
36971 61
36972 51
36973 21
36974 61
36975 31
36976 01
36977 61
36978 31
36979 41
36980 41
36981 31
36982 01
36983 41
36984 91
36985 01
36986 61
36987 31
36988 21
36989 01
36990 11
36991 81
36992 01
36993 71
36994 41
36995 61
36996 11
36997 61
36998 61
36999 11
37000 41
37001 61
37002 31
37003 01
37004 01
37005 31
37006 81
37007 81
37008 11
37009 61
37010 21
37011 91
37012 41
37013 01
37014 31
37015 01
37016 81
37017 11
37018 41
37019 21
37020 31
37021 21
37022 61
37023 51
37024 21
37025 61
37026 91
37027 21
37028 81
37029 51
37030 21
37031 61
37032 31
37033 01
37034 01
37035 71
37036 81
37037 81
37038 11
37039 01
37040 41
37041 91
37042 41
37043 41
37044 71
37045 61
37046 81
37047 51
37048 01
37049 01
37050 11
37051 61
37052 41
37053 11
37054 41
37055 41
37056 91
37057 21
37058 81
37059 91
37060 61
37061 61
37062 31
37063 41
37064 61
37065 91
37066 81
37067 21
37068 91
37069 01
37070 01
37071 31
37072 41
37073 81
37074 31
37075 81
37076 01
37077 91
37078 81
37079 01
37080 91
37081 61
37082 41
37083 51
37084 21
37085 81
37086 91
37087 61
37088 81
37089 71
37090 81
37091 01
37092 51
37093 21
37094 21
37095 91
37096 21
37097 61
37098 91
37099 81
37100 41
37101 91
37102 61
37103 61
37104 11
37105 61
37106 01
37107 31
37108 01
37109 21
37110 31
37111 01
37112 81
37113 31
37114 21
37115 41
37116 51
37117 61
37118 21
37119 31
37120 21
37121 81
37122 91
37123 01
37124 41
37125 91
37126 01
37127 61
37128 51
37129 41
37130 21
37131 31
37132 21
37133 01
37134 71
37135 41
37136 81
37137 51
37138 81
37139 81
37140 51
37141 61
37142 21
37143 31
37144 21
37145 61
37146 71
37147 81
37148 21
37149 51
37150 01
37151 61
37152 51
37153 21
37154 81
37155 11
37156 01
37157 61
37158 51
37159 81
37160 81
37161 31
37162 21
37163 41
37164 51
37165 21
37166 81
37167 91
37168 81
37169 01
37170 91
37171 01
37172 41
37173 51
37174 21
37175 21
37176 11
37177 61
37178 81
37179 11
37180 21
37181 61
37182 51
37183 61
37184 81
37185 71
37186 01
37187 01
37188 71
37189 41
37190 61
37191 71
37192 61
37193 61
37194 11
37195 01
37196 41
37197 31
37198 01
37199 61
37200 91
37201 21
37202 81
37203 71
37204 01
37205 41
37206 11
37207 01
37208 21
37209 71
37210 81
37211 01
37212 11
37213 41
37214 21
37215 91
37216 81
37217 61
37218 51
37219 81
37220 01
37221 71
37222 21
37223 41
37224 71
37225 21
37226 01
37227 91
37228 01
37229 61
37230 11
37231 61
37232 61
37233 71
37234 21
37235 41
37236 11
37237 41
37238 41
37239 31
37240 81
37241 41
37242 51
37243 61
37244 01
37245 31
37246 41
37247 01
37248 91
37249 61
37250 81
37251 91
37252 81
37253 41
37254 91
37255 81
37256 21
37257 71
37258 21
37259 81
37260 11
37261 01
37262 21
37263 51
37264 81
37265 81
37266 91
37267 01
37268 41
37269 51
37270 81
37271 41
37272 31
37273 81
37274 61
37275 31
37276 21
37277 61
37278 11
37279 41
37280 61
37281 91
37282 81
37283 81
37284 11
37285 21
37286 21
37287 11
37288 61
37289 81
37290 31
37291 41
37292 81
37293 71
37294 01
37295 81
37296 71
37297 01
37298 21
37299 11
37300 61
37301 81
37302 11
37303 81
37304 21
37305 11
37306 21
37307 01
37308 71
37309 01
37310 01
37311 31
37312 61
37313 21
37314 31
37315 81
37316 21
37317 91
37318 01
37319 01
37320 11
37321 21
37322 61
37323 11
37324 41
37325 01
37326 91
37327 81
37328 81
37329 51
37330 41
37331 21
37332 11
37333 01
37334 21
37335 91
37336 41
37337 21
37338 31
37339 81
37340 61
37341 11
37342 81
37343 81
37344 31
37345 41
37346 81
37347 11
37348 81
37349 61
37350 51
37351 21
37352 01
37353 11
37354 61
37355 21
37356 31
37357 01
37358 01
37359 31
37360 41
37361 61
37362 91
37363 41
37364 61
37365 31
37366 41
37367 01
37368 91
37369 41
37370 81
37371 91
37372 81
37373 21
37374 31
37375 81
37376 21
37377 51
37378 01
37379 01
37380 11
37381 81
37382 41
37383 11
37384 41
37385 61
37386 51
37387 21
37388 81
37389 11
37390 81
37391 41
37392 31
37393 61
37394 41
37395 31
37396 21
37397 41
37398 31
37399 81
37400 61
37401 71
37402 41
37403 81
37404 31
37405 01
37406 21
37407 91
37408 81
37409 21
37410 71
37411 21
37412 41
37413 71
37414 61
37415 81
37416 71
37417 81
37418 81
37419 91
37420 61
37421 61
37422 11
37423 41
37424 61
37425 91
37426 61
37427 61
37428 91
37429 01
37430 81
37431 11
37432 61
37433 81
37434 11
37435 01
37436 61
37437 51
37438 61
37439 61
37440 11
37441 01
37442 01
37443 51
37444 21
37445 81
37446 71
37447 41
37448 81
37449 71
37450 61
37451 21
37452 91
37453 21
37454 01
37455 51
37456 21
37457 81
37458 71
37459 81
37460 21
37461 11
37462 01
37463 01
37464 91
37465 21
37466 01
37467 91
37468 01
37469 21
37470 11
37471 61
37472 61
37473 31
37474 01
37475 41
37476 11
37477 01
37478 01
37479 71
37480 81
37481 01
37482 91
37483 81
37484 21
37485 91
37486 61
37487 41
37488 71
37489 81
37490 81
37491 91
37492 81
37493 01
37494 51
37495 81
37496 21
37497 31
37498 61
37499 61
37500 11
37501 61
37502 41
37503 51
37504 21
37505 41
37506 91
37507 61
37508 81
37509 31
37510 61
37511 01
37512 51
37513 81
37514 81
37515 31
37516 21
37517 21
37518 31
37519 01
37520 61
37521 51
37522 81
37523 01
37524 91
37525 81
37526 01
37527 31
37528 01
37529 81
37530 91
37531 01
37532 81
37533 91
37534 61
37535 21
37536 51
37537 21
37538 41
37539 31
37540 61
37541 41
37542 91
37543 61
37544 81
37545 71
37546 81
37547 21
37548 71
37549 41
37550 41
37551 31
37552 21
37553 61
37554 91
37555 01
37556 81
37557 11
37558 81
37559 01
37560 31
37561 21
37562 01
37563 51
37564 61
37565 61
37566 31
37567 41
37568 21
37569 71
37570 61
37571 01
37572 31
37573 41
37574 01
37575 31
37576 01
37577 21
37578 31
37579 61
37580 41
37581 91
37582 81
37583 61
37584 51
37585 61
37586 21
37587 91
37588 41
37589 41
37590 51
37591 21
37592 01
37593 71
37594 01
37595 21
37596 31
37597 61
37598 21
37599 51
37600 41
37601 21
37602 91
37603 21
37604 21
37605 91
37606 21
37607 81
37608 91
37609 81
37610 41
37611 11
37612 21
37613 61
37614 11
37615 81
37616 21
37617 11
37618 01
37619 41
37620 11
37621 41
37622 21
37623 51
37624 61
37625 21
37626 11
37627 01
37628 21
37629 31
37630 21
37631 01
37632 11
37633 01
37634 41
37635 11
37636 81
37637 21
37638 51
37639 61
37640 61
37641 31
37642 01
37643 21
37644 71
37645 61
37646 61
37647 11
37648 41
37649 01
37650 91
37651 61
37652 61
37653 31
37654 21
37655 81
37656 11
37657 01
37658 21
37659 71
37660 01
37661 01
37662 11
37663 41
37664 41
37665 51
37666 81
37667 61
37668 71
37669 01
37670 81
37671 71
37672 41
37673 21
37674 11
37675 61
37676 21
37677 31
37678 81
37679 21
37680 51
37681 61
37682 61
37683 71
37684 41
37685 61
37686 11
37687 41
37688 61
37689 11
37690 41
37691 41
37692 71
37693 01
37694 01
37695 11
37696 61
37697 01
37698 11
37699 41
37700 41
37701 51
37702 01
37703 81
37704 91
37705 21
37706 21
37707 71
37708 41
37709 21
37710 31
37711 01
37712 41
37713 51
37714 21
37715 41
37716 11
37717 61
37718 81
37719 31
37720 81
37721 61
37722 51
37723 81
37724 01
37725 51
37726 01
37727 21
37728 51
37729 81
37730 01
37731 91
37732 01
37733 41
37734 71
37735 41
37736 41
37737 31
37738 01
37739 81
37740 11
37741 21
37742 81
37743 91
37744 81
37745 01
37746 11
37747 21
37748 61
37749 71
37750 61
37751 21
37752 11
37753 61
37754 01
37755 51
37756 41
37757 81
37758 91
37759 81
37760 41
37761 71
37762 21
37763 61
37764 11
37765 41
37766 01
37767 11
37768 01
37769 01
37770 71
37771 81
37772 21
37773 11
37774 01
37775 41
37776 31
37777 61
37778 41
37779 71
37780 01
37781 21
37782 11
37783 01
37784 41
37785 71
37786 41
37787 21
37788 51
37789 21
37790 01
37791 11
37792 01
37793 81
37794 91
37795 61
37796 01
37797 71
37798 41
37799 61
37800 31
37801 41
37802 41
37803 91
37804 41
37805 81
37806 31
37807 01
37808 21
37809 31
37810 21
37811 61
37812 11
37813 01
37814 41
37815 71
37816 61
37817 21
37818 51
37819 21
37820 21
37821 71
37822 01
37823 81
37824 11
37825 81
37826 81
37827 71
37828 61
37829 41
37830 71
37831 81
37832 61
37833 31
37834 21
37835 41
37836 71
37837 01
37838 21
37839 31
37840 41
37841 81
37842 11
37843 01
37844 61
37845 51
37846 21
37847 21
37848 71
37849 61
37850 21
37851 51
37852 21
37853 81
37854 31
37855 61
37856 41
37857 31
37858 81
37859 81
37860 71
37861 21
37862 61
37863 31
37864 41
37865 81
37866 91
37867 01
37868 41
37869 31
37870 81
37871 41
37872 31
37873 61
37874 01
37875 31
37876 21
37877 41
37878 91
37879 61
37880 61
37881 71
37882 01
37883 41
37884 71
37885 01
37886 81
37887 31
37888 01
37889 41
37890 31
37891 41
37892 81
37893 51
37894 81
37895 81
37896 71
37897 81
37898 41
37899 51
37900 61
37901 61
37902 71
37903 81
37904 41
37905 91
37906 21
37907 81
37908 91
37909 41
37910 41
37911 11
37912 21
37913 21
37914 91
37915 81
37916 21
37917 71
37918 61
37919 81
37920 11
37921 01
37922 61
37923 71
37924 81
37925 81
37926 31
37927 41
37928 01
37929 51
37930 21
37931 01
37932 11
37933 61
37934 01
37935 11
37936 81
37937 81
37938 91
37939 41
37940 61
37941 91
37942 21
37943 21
37944 11
37945 21
37946 61
37947 71
37948 81
37949 81
37950 71
37951 21
37952 81
37953 31
37954 41
37955 81
37956 11
37957 61
37958 41
37959 31
37960 01
37961 61
37962 11
37963 61
37964 21
37965 11
37966 61
37967 81
37968 11
37969 01
37970 41
37971 31
37972 41
37973 41
37974 71
37975 01
37976 01
37977 51
37978 01
37979 41
37980 51
37981 21
37982 41
37983 51
37984 01
37985 21
37986 71
37987 61
37988 61
37989 51
37990 81
37991 41
37992 31
37993 41
37994 61
37995 31
37996 21
37997 21
37998 91
37999 41
38000 61
38001 51
38002 41
38003 21
38004 11
38005 81
38006 61
38007 31
38008 81
38009 41
38010 51
38011 81
38012 61
38013 91
38014 01
38015 81
38016 71
38017 61
38018 81
38019 11
38020 61
38021 41
38022 51
38023 61
38024 21
38025 71
38026 41
38027 01
38028 11
38029 61
38030 01
38031 91
38032 01
38033 01
38034 11
38035 41
38036 41
38037 91
38038 21
38039 01
38040 11
38041 81
38042 81
38043 71
38044 41
38045 61
38046 91
38047 01
38048 61
38049 11
38050 21
38051 41
38052 51
38053 01
38054 81
38055 51
38056 41
38057 41
38058 91
38059 21
38060 41
38061 31
38062 01
38063 01
38064 31
38065 01
38066 61
38067 91
38068 41
38069 21
38070 11
38071 41
38072 01
38073 51
38074 01
38075 21
38076 91
38077 41
38078 61
38079 51
38080 01
38081 81
38082 71
38083 41
38084 81
38085 31
38086 81
38087 41
38088 11
38089 01
38090 21
38091 51
38092 21
38093 41
38094 51
38095 61
38096 41
38097 91
38098 81
38099 41
38100 71
38101 81
38102 41
38103 91
38104 21
38105 41
38106 51
38107 01
38108 01
38109 31
38110 21
38111 21
38112 91
38113 41
38114 41
38115 31
38116 21
38117 01
38118 71
38119 81
38120 61
38121 31
38122 61
38123 01
38124 31
38125 61
38126 21
38127 71
38128 41
38129 81
38130 51
38131 01
38132 41
38133 11
38134 21
38135 01
38136 11
38137 21
38138 61
38139 91
38140 61
38141 21
38142 11
38143 81
38144 61
38145 51
38146 41
38147 01
38148 11
38149 61
38150 41
38151 91
38152 01
38153 01
38154 51
38155 61
38156 41
38157 91
38158 61
38159 41
38160 71
38161 81
38162 21
38163 31
38164 21
38165 41
38166 31
38167 81
38168 21
38169 31
38170 01
38171 41
38172 51
38173 01
38174 21
38175 91
38176 41
38177 41
38178 31
38179 81
38180 61
38181 31
38182 41
38183 81
38184 31
38185 61
38186 01
38187 91
38188 81
38189 81
38190 31
38191 61
38192 41
38193 31
38194 01
38195 01
38196 91
38197 41
38198 01
38199 31
38200 41
38201 81
38202 11
38203 41
38204 61
38205 51
38206 21
38207 61
38208 91
38209 61
38210 21
38211 91
38212 61
38213 41
38214 31
38215 01
38216 01
38217 11
38218 61
38219 21
38220 51
38221 81
38222 81
38223 11
38224 41
38225 81
38226 91
38227 41
38228 81
38229 31
38230 81
38231 81
38232 91
38233 81
38234 01
38235 71
38236 01
38237 41
38238 51
38239 01
38240 61
38241 11
38242 61
38243 61
38244 91
38245 41
38246 61
38247 31
38248 81
38249 41
38250 31
38251 81
38252 61
38253 91
38254 81
38255 21
38256 71
38257 61
38258 61
38259 91
38260 81
38261 41
38262 31
38263 81
38264 81
38265 31
38266 21
38267 61
38268 31
38269 01
38270 61
38271 91
38272 01
38273 01
38274 91
38275 21
38276 41
38277 91
38278 01
38279 21
38280 51
38281 81
38282 61
38283 31
38284 41
38285 81
38286 71
38287 01
38288 41
38289 31
38290 61
38291 81
38292 31
38293 61
38294 81
38295 11
38296 41
38297 41
38298 71
38299 81
38300 21
38301 31
38302 81
38303 01
38304 91
38305 41
38306 41
38307 31
38308 01
38309 41
38310 11
38311 21
38312 81
38313 51
38314 61
38315 01
38316 11
38317 81
38318 21
38319 11
38320 61
38321 81
38322 51
38323 81
38324 21
38325 11
38326 61
38327 21
38328 71
38329 01
38330 41
38331 71
38332 21
38333 21
38334 71
38335 41
38336 01
38337 71
38338 41
38339 81
38340 71
38341 41
38342 41
38343 11
38344 41
38345 01
38346 31
38347 21
38348 81
38349 51
38350 81
38351 81
38352 31
38353 01
38354 61
38355 71
38356 41
38357 81
38358 71
38359 81
38360 01
38361 71
38362 01
38363 01
38364 71
38365 21
38366 81
38367 91
38368 81
38369 61
38370 91
38371 01
38372 41
38373 11
38374 01
38375 21
38376 11
38377 21
38378 41
38379 51
38380 21
38381 21
38382 91
38383 81
38384 01
38385 31
38386 21
38387 41
38388 51
38389 61
38390 61
38391 71
38392 61
38393 21
38394 71
38395 01
38396 41
38397 91
38398 41
38399 41
38400 91
38401 81
38402 01
38403 71
38404 41
38405 01
38406 11
38407 61
38408 61
38409 51
38410 61
38411 61
38412 31
38413 41
38414 41
38415 91
38416 81
38417 21
38418 71
38419 41
38420 01
38421 31
38422 21
38423 61
38424 51
38425 81
38426 81
38427 11
38428 41
38429 61
38430 71
38431 21
38432 61
38433 91
38434 81
38435 81
38436 91
38437 61
38438 61
38439 51
38440 81
38441 01
38442 31
38443 41
38444 61
38445 91
38446 01
38447 21
38448 91
38449 01
38450 21
38451 91
38452 41
38453 81
38454 51
38455 01
38456 81
38457 91
38458 01
38459 81
38460 31
38461 01
38462 61
38463 91
38464 01
38465 41
38466 31
38467 61
38468 81
38469 71
38470 01
38471 21
38472 51
38473 21
38474 41
38475 71
38476 81
38477 61
38478 11
38479 21
38480 41
38481 71
38482 81
38483 61
38484 31
38485 41
38486 61
38487 91
38488 21
38489 61
38490 31
38491 41
38492 81
38493 31
38494 41
38495 81
38496 71
38497 61
38498 41
38499 31
38500 61
38501 41
38502 11
38503 61
38504 81
38505 71
38506 01
38507 81
38508 71
38509 41
38510 61
38511 51
38512 01
38513 61
38514 11
38515 81
38516 21
38517 51
38518 01
38519 41
38520 11
38521 81
38522 41
38523 51
38524 61
38525 61
38526 51
38527 61
38528 21
38529 71
38530 81
38531 81
38532 91
38533 41
38534 21
38535 71
38536 01
38537 01
38538 51
38539 61
38540 61
38541 71
38542 41
38543 21
38544 71
38545 01
38546 21
38547 31
38548 41
38549 41
38550 71
38551 61
38552 21
38553 71
38554 21
38555 21
38556 71
38557 21
38558 41
38559 11
38560 81
38561 01
38562 91
38563 41
38564 41
38565 91
38566 61
38567 01
38568 71
38569 41
38570 81
38571 51
38572 61
38573 61
38574 31
38575 41
38576 81
38577 31
38578 21
38579 61
38580 51
38581 41
38582 01
38583 31
38584 61
38585 41
38586 91
38587 21
38588 61
38589 51
38590 61
38591 61
38592 11
38593 41
38594 41
38595 91
38596 61
38597 61
38598 71
38599 41
38600 81
38601 11
38602 41
38603 61
38604 31
38605 01
38606 41
38607 71
38608 21
38609 21
38610 91
38611 61
38612 21
38613 91
38614 81
38615 81
38616 71
38617 41
38618 61
38619 51
38620 61
38621 21
38622 71
38623 41
38624 41
38625 51
38626 01
38627 41
38628 71
38629 01
38630 01
38631 11
38632 81
38633 21
38634 31
38635 61
38636 81
38637 51
38638 01
38639 81
38640 11
38641 61
38642 41
38643 91
38644 81
38645 41
38646 91
38647 01
38648 61
38649 11
38650 61
38651 41
38652 51
38653 01
38654 21
38655 71
38656 41
38657 41
38658 31
38659 61
38660 01
38661 31
38662 41
38663 61
38664 11
38665 81
38666 01
38667 71
38668 01
38669 41
38670 91
38671 41
38672 01
38673 51
38674 41
38675 61
38676 91
38677 41
38678 01
38679 11
38680 21
38681 81
38682 11
38683 21
38684 81
38685 91
38686 21
38687 41
38688 51
38689 61
38690 41
38691 71
38692 61
38693 21
38694 51
38695 41
38696 41
38697 91
38698 21
38699 21
38700 11
38701 81
38702 81
38703 91
38704 01
38705 61
38706 91
38707 21
38708 81
38709 91
38710 21
38711 61
38712 31
38713 41
38714 21
38715 71
38716 81
38717 21
38718 51
38719 61
38720 41
38721 31
38722 01
38723 21
38724 51
38725 01
38726 61
38727 11
38728 21
38729 81
38730 11
38731 61
38732 41
38733 51
38734 81
38735 41
38736 91
38737 61
38738 41
38739 11
38740 61
38741 01
38742 11
38743 41
38744 21
38745 31
38746 81
38747 61
38748 51
38749 21
38750 21
38751 71
38752 21
38753 81
38754 11
38755 81
38756 01
38757 31
38758 61
38759 41
38760 91
38761 01
38762 41
38763 31
38764 41
38765 21
38766 11
38767 41
38768 41
38769 71
38770 21
38771 41
38772 51
38773 01
38774 61
38775 51
38776 41
38777 41
38778 71
38779 61
38780 41
38781 31
38782 81
38783 81
38784 51
38785 01
38786 41
38787 11
38788 01
38789 81
38790 91
38791 01
38792 21
38793 91
38794 61
38795 21
38796 91
38797 41
38798 41
38799 31
38800 01
38801 81
38802 51
38803 61
38804 21
38805 31
38806 61
38807 01
38808 11
38809 21
38810 01
38811 51
38812 01
38813 61
38814 91
38815 01
38816 21
38817 51
38818 81
38819 01
38820 71
38821 81
38822 21
38823 51
38824 01
38825 41
38826 31
38827 01
38828 61
38829 71
38830 01
38831 61
38832 51
38833 61
38834 41
38835 11
38836 01
38837 01
38838 31
38839 61
38840 81
38841 71
38842 21
38843 61
38844 91
38845 61
38846 01
38847 11
38848 81
38849 61
38850 31
38851 81
38852 01
38853 11
38854 41
38855 21
38856 11
38857 01
38858 81
38859 71
38860 21
38861 01
38862 71
38863 21
38864 61
38865 11
38866 41
38867 21
38868 31
38869 21
38870 21
38871 11
38872 81
38873 21
38874 11
38875 21
38876 81
38877 51
38878 81
38879 81
38880 91
38881 61
38882 21
38883 31
38884 61
38885 81
38886 71
38887 81
38888 61
38889 91
38890 61
38891 61
38892 91
38893 81
38894 61
38895 91
38896 41
38897 41
38898 11
38899 01
38900 61
38901 31
38902 21
38903 41
38904 91
38905 61
38906 81
38907 91
38908 21
38909 61
38910 11
38911 01
38912 81
38913 31
38914 21
38915 81
38916 51
38917 61
38918 21
38919 71
38920 41
38921 81
38922 91
38923 41
38924 81
38925 51
38926 01
38927 01
38928 11
38929 21
38930 01
38931 71
38932 01
38933 61
38934 91
38935 21
38936 81
38937 51
38938 81
38939 21
38940 91
38941 61
38942 21
38943 71
38944 81
38945 81
38946 71
38947 21
38948 01
38949 51
38950 61
38951 01
38952 51
38953 61
38954 41
38955 31
38956 21
38957 01
38958 31
38959 81
38960 61
38961 31
38962 21
38963 81
38964 31
38965 61
38966 81
38967 31
38968 81
38969 81
38970 11
38971 41
38972 61
38973 31
38974 81
38975 21
38976 51
38977 01
38978 81
38979 91
38980 61
38981 21
38982 71
38983 41
38984 61
38985 51
38986 01
38987 41
38988 91
38989 61
38990 01
38991 11
38992 01
38993 41
38994 11
38995 61
38996 01
38997 31
38998 41
38999 21
39000 31
39001 01
39002 21
39003 51
39004 21
39005 41
39006 91
39007 01
39008 81
39009 31
39010 61
39011 41
39012 71
39013 81
39014 81
39015 71
39016 61
39017 81
39018 31
39019 41
39020 21
39021 31
39022 61
39023 41
39024 71
39025 41
39026 21
39027 11
39028 01
39029 81
39030 91
39031 41
39032 21
39033 91
39034 61
39035 61
39036 11
39037 41
39038 41
39039 71
39040 41
39041 41
39042 51
39043 01
39044 81
39045 11
39046 41
39047 41
39048 91
39049 81
39050 21
39051 31
39052 01
39053 61
39054 91
39055 41
39056 61
39057 51
39058 81
39059 41
39060 31
39061 01
39062 21
39063 91
39064 81
39065 41
39066 91
39067 41
39068 61
39069 11
39070 61
39071 81
39072 71
39073 01
39074 21
39075 11
39076 81
39077 01
39078 31
39079 01
39080 61
39081 11
39082 21
39083 01
39084 91
39085 41
39086 21
39087 51
39088 01
39089 41
39090 91
39091 81
39092 41
39093 51
39094 41
39095 01
39096 51
39097 61
39098 01
39099 51
39100 01
39101 81
39102 71
39103 61
39104 81
39105 31
39106 81
39107 61
39108 71
39109 01
39110 21
39111 71
39112 41
39113 21
39114 51
39115 81
39116 21
39117 31
39118 21
39119 61
39120 11
39121 61
39122 01
39123 31
39124 21
39125 41
39126 51
39127 21
39128 21
39129 31
39130 21
39131 41
39132 71
39133 01
39134 41
39135 51
39136 61
39137 01
39138 51
39139 01
39140 61
39141 51
39142 41
39143 61
39144 91
39145 81
39146 61
39147 71
39148 81
39149 81
39150 51
39151 21
39152 81
39153 31
39154 21
39155 21
39156 11
39157 61
39158 21
39159 11
39160 21
39161 61
39162 91
39163 81
39164 81
39165 71
39166 41
39167 41
39168 31
39169 41
39170 01
39171 31
39172 41
39173 41
39174 51
39175 81
39176 01
39177 51
39178 81
39179 61
39180 91
39181 21
39182 21
39183 11
39184 01
39185 41
39186 51
39187 61
39188 41
39189 71
39190 21
39191 81
39192 11
39193 01
39194 61
39195 91
39196 21
39197 21
39198 71
39199 01
39200 41
39201 51
39202 21
39203 21
39204 71
39205 21
39206 41
39207 71
39208 41
39209 61
39210 51
39211 61
39212 41
39213 91
39214 61
39215 61
39216 91
39217 01
39218 41
39219 71
39220 21
39221 41
39222 31
39223 01
39224 61
39225 51
39226 21
39227 81
39228 71
39229 61
39230 21
39231 11
39232 01
39233 81
39234 31
39235 21
39236 01
39237 71
39238 81
39239 41
39240 11
39241 41
39242 81
39243 91
39244 61
39245 21
39246 71
39247 21
39248 41
39249 31
39250 81
39251 01
39252 91
39253 61
39254 01
39255 91
39256 61
39257 21
39258 91
39259 21
39260 81
39261 71
39262 41
39263 01
39264 71
39265 61
39266 21
39267 11
39268 81
39269 01
39270 51
39271 41
39272 01
39273 51
39274 81
39275 41
39276 91
39277 41
39278 41
39279 11
39280 61
39281 81
39282 51
39283 41
39284 21
39285 11
39286 61
39287 81
39288 51
39289 01
39290 41
39291 31
39292 81
39293 61
39294 71
39295 01
39296 41
39297 91
39298 61
39299 41
39300 91
39301 81
39302 21
39303 31
39304 41
39305 01
39306 31
39307 81
39308 41
39309 51
39310 81
39311 41
39312 71
39313 81
39314 61
39315 31
39316 61
39317 81
39318 11
39319 41
39320 01
39321 31
39322 41
39323 81
39324 51
39325 81
39326 01
39327 91
39328 01
39329 61
39330 91
39331 61
39332 61
39333 71
39334 01
39335 81
39336 11
39337 41
39338 21
39339 11
39340 01
39341 41
39342 31
39343 81
39344 61
39345 91
39346 21
39347 61
39348 11
39349 01
39350 41
39351 91
39352 81
39353 41
39354 71
39355 61
39356 21
39357 71
39358 01
39359 01
39360 51
39361 01
39362 01
39363 11
39364 81
39365 01
39366 71
39367 01
39368 21
39369 71
39370 21
39371 81
39372 11
39373 41
39374 61
39375 91
39376 21
39377 61
39378 91
39379 01
39380 41
39381 91
39382 61
39383 81
39384 71
39385 61
39386 01
39387 51
39388 21
39389 01
39390 31
39391 21
39392 61
39393 71
39394 61
39395 61
39396 91
39397 41
39398 81
39399 71
39400 21
39401 81
39402 91
39403 21
39404 61
39405 91
39406 01
39407 81
39408 31
39409 01
39410 21
39411 51
39412 61
39413 01
39414 51
39415 61
39416 81
39417 71
39418 61
39419 41
39420 11
39421 81
39422 61
39423 31
39424 61
39425 61
39426 71
39427 01
39428 61
39429 71
39430 01
39431 81
39432 51
39433 61
39434 41
39435 31
39436 61
39437 01
39438 31
39439 81
39440 01
39441 51
39442 21
39443 81
39444 71
39445 01
39446 41
39447 31
39448 21
39449 41
39450 91
39451 21
39452 01
39453 11
39454 41
39455 41
39456 31
39457 01
39458 81
39459 91
39460 01
39461 61
39462 71
39463 41
39464 01
39465 11
39466 21
39467 41
39468 31
39469 41
39470 01
39471 71
39472 41
39473 41
39474 51
39475 21
39476 21
39477 51
39478 81
39479 01
39480 31
39481 81
39482 21
39483 51
39484 61
39485 21
39486 31
39487 01
39488 21
39489 31
39490 41
39491 61
39492 11
39493 01
39494 61
39495 31
39496 61
39497 21
39498 71
39499 41
39500 01
39501 71
39502 21
39503 61
39504 51
39505 21
39506 01
39507 11
39508 41
39509 01
39510 11
39511 81
39512 61
39513 31
39514 41
39515 61
39516 71
39517 01
39518 41
39519 11
39520 01
39521 81
39522 31
39523 41
39524 61
39525 31
39526 41
39527 21
39528 91
39529 41
39530 81
39531 11
39532 41
39533 21
39534 31
39535 01
39536 41
39537 31
39538 01
39539 21
39540 91
39541 21
39542 81
39543 31
39544 81
39545 41
39546 11
39547 61
39548 81
39549 11
39550 81
39551 61
39552 51
39553 61
39554 41
39555 51
39556 01
39557 01
39558 31
39559 01
39560 01
39561 71
39562 21
39563 01
39564 31
39565 21
39566 01
39567 51
39568 41
39569 41
39570 11
39571 21
39572 81
39573 71
39574 61
39575 01
39576 11
39577 01
39578 81
39579 11
39580 61
39581 01
39582 71
39583 61
39584 21
39585 31
39586 41
39587 61
39588 11
39589 21
39590 81
39591 51
39592 81
39593 61
39594 71
39595 41
39596 01
39597 91
39598 61
39599 81
39600 71
39601 61
39602 21
39603 71
39604 41
39605 21
39606 71
39607 21
39608 61
39609 71
39610 81
39611 01
39612 11
39613 61
39614 21
39615 91
39616 81
39617 81
39618 11
39619 81
39620 01
39621 91
39622 41
39623 21
39624 71
39625 41
39626 81
39627 31
39628 41
39629 81
39630 51
39631 41
39632 21
39633 11
39634 21
39635 41
39636 11
39637 61
39638 61
39639 31
39640 81
39641 61
39642 31
39643 21
39644 01
39645 51
39646 81
39647 01
39648 71
39649 81
39650 81
39651 11
39652 61
39653 01
39654 51
39655 01
39656 61
39657 71
39658 61
39659 81
39660 11
39661 21
39662 61
39663 71
39664 81
39665 01
39666 91
39667 41
39668 01
39669 71
39670 41
39671 81
39672 11
39673 81
39674 81
39675 51
39676 21
39677 01
39678 31
39679 21
39680 21
39681 31
39682 21
39683 21
39684 11
39685 41
39686 81
39687 71
39688 81
39689 01
39690 51
39691 81
39692 81
39693 51
39694 81
39695 81
39696 91
39697 81
39698 41
39699 51
39700 81
39701 21
39702 71
39703 81
39704 61
39705 11
39706 01
39707 81
39708 11
39709 21
39710 81
39711 51
39712 41
39713 61
39714 71
39715 41
39716 61
39717 71
39718 61
39719 81
39720 31
39721 21
39722 61
39723 71
39724 01
39725 61
39726 91
39727 41
39728 21
39729 91
39730 21
39731 81
39732 31
39733 61
39734 21
39735 91
39736 41
39737 41
39738 11
39739 81
39740 61
39741 31
39742 21
39743 21
39744 31
39745 61
39746 81
39747 71
39748 01
39749 81
39750 11
39751 81
39752 01
39753 91
39754 81
39755 61
39756 11
39757 81
39758 61
39759 31
39760 41
39761 81
39762 91
39763 21
39764 61
39765 51
39766 01
39767 81
39768 31
39769 61
39770 01
39771 51
39772 61
39773 61
39774 11
39775 01
39776 81
39777 31
39778 01
39779 61
39780 31
39781 41
39782 81
39783 71
39784 41
39785 81
39786 71
39787 01
39788 61
39789 31
39790 61
39791 81
39792 51
39793 21
39794 81
39795 11
39796 61
39797 61
39798 51
39799 81
39800 41
39801 11
39802 21
39803 41
39804 11
39805 81
39806 21
39807 91
39808 41
39809 41
39810 11
39811 21
39812 01
39813 71
39814 61
39815 01
39816 31
39817 61
39818 81
39819 11
39820 81
39821 21
39822 51
39823 61
39824 41
39825 11
39826 81
39827 01
39828 31
39829 61
39830 61
39831 11
39832 21
39833 61
39834 71
39835 41
39836 21
39837 11
39838 61
39839 81
39840 91
39841 41
39842 81
39843 71
39844 61
39845 61
39846 71
39847 01
39848 81
39849 71
39850 01
39851 81
39852 71
39853 21
39854 41
39855 31
39856 81
39857 21
39858 11
39859 81
39860 21
39861 31
39862 61
39863 21
39864 91
39865 41
39866 21
39867 91
39868 61
39869 41
39870 91
39871 21
39872 21
39873 31
39874 41
39875 41
39876 51
39877 81
39878 41
39879 91
39880 21
39881 01
39882 71
39883 21
39884 21
39885 11
39886 41
39887 21
39888 91
39889 01
39890 21
39891 11
39892 41
39893 81
39894 51
39895 21
39896 41
39897 91
39898 01
39899 01
39900 51
39901 81
39902 61
39903 11
39904 81
39905 81
39906 71
39907 81
39908 21
39909 51
39910 61
39911 61
39912 51
39913 21
39914 41
39915 91
39916 01
39917 61
39918 11
39919 41
39920 21
39921 31
39922 81
39923 81
39924 71
39925 41
39926 41
39927 11
39928 21
39929 81
39930 11
39931 01
39932 41
39933 51
39934 81
39935 81
39936 11
39937 61
39938 41
39939 51
39940 01
39941 61
39942 11
39943 81
39944 81
39945 11
39946 61
39947 01
39948 31
39949 81
39950 41
39951 51
39952 21
39953 81
39954 11
39955 21
39956 41
39957 31
39958 61
39959 81
39960 51
39961 21
39962 41
39963 71
39964 21
39965 21
39966 71
39967 81
39968 41
39969 11
39970 81
39971 61
39972 71
39973 41
39974 41
39975 51
39976 21
39977 41
39978 71
39979 01
39980 21
39981 71
39982 81
39983 21
39984 51
39985 81
39986 61
39987 51
39988 21
39989 61
39990 51
39991 01
39992 61
39993 31
39994 61
39995 01
39996 31
39997 01
39998 61
39999 11
40000 81
40001 61
40002 51
40003 01
40004 41
40005 51
40006 01
40007 41
40008 51
40009 01
40010 01
40011 11
40012 61
40013 61
40014 31
40015 61
40016 61
40017 31
40018 21
40019 81
40020 91
40021 81
40022 01
40023 51
40024 61
40025 01
40026 11
40027 41
40028 21
40029 11
40030 61
40031 41
40032 31
40033 81
40034 21
40035 71
40036 21
40037 61
40038 71
40039 61
40040 81
40041 91
40042 41
40043 81
40044 91
40045 81
40046 81
40047 91
40048 41
40049 81
40050 71
40051 01
40052 01
40053 11
40054 41
40055 61
40056 71
40057 01
40058 81
40059 11
40060 01
40061 81
40062 71
40063 61
40064 61
40065 31
40066 81
40067 61
40068 51
40069 41
40070 21
40071 71
40072 21
40073 01
40074 71
40075 81
40076 01
40077 51
40078 81
40079 21
40080 91
40081 21
40082 21
40083 71
40084 81
40085 41
40086 51
40087 21
40088 01
40089 11
40090 21
40091 41
40092 51
40093 21
40094 81
40095 51
40096 41
40097 61
40098 51
40099 21
40100 41
40101 51
40102 21
40103 81
40104 31
40105 21
40106 41
40107 31
40108 81
40109 41
40110 51
40111 21
40112 61
40113 91
40114 01
40115 21
40116 91
40117 61
40118 81
40119 51
40120 01
40121 01
40122 51
40123 01
40124 81
40125 51
40126 21
40127 41
40128 91
40129 21
40130 21
40131 71
40132 01
40133 01
40134 11
40135 81
40136 81
40137 91
40138 21
40139 41
40140 71
40141 01
40142 81
40143 11
40144 21
40145 61
40146 51
40147 41
40148 61
40149 51
40150 81
40151 61
40152 71
40153 41
40154 61
40155 51
40156 21
40157 41
40158 91
40159 61
40160 21
40161 71
40162 01
40163 41
40164 31
40165 81
40166 81
40167 31
40168 61
40169 01
40170 71
40171 41
40172 41
40173 91
40174 01
40175 01
40176 31
40177 01
40178 81
40179 31
40180 81
40181 61
40182 71
40183 81
40184 01
40185 51
40186 21
40187 81
40188 51
40189 81
40190 21
40191 11
40192 81
40193 41
40194 91
40195 21
40196 81
40197 71
40198 21
40199 21
40200 91
40201 81
40202 21
40203 91
40204 81
40205 01
40206 31
40207 41
40208 61
40209 71
40210 81
40211 01
40212 71
40213 61
40214 21
40215 91
40216 41
40217 61
40218 11
40219 81
40220 61
40221 51
40222 81
40223 21
40224 31
40225 81
40226 01
40227 51
40228 01
40229 01
40230 91
40231 21
40232 41
40233 11
40234 21
40235 41
40236 71
40237 21
40238 61
40239 31
40240 41
40241 01
40242 11
40243 21
40244 61
40245 71
40246 81
40247 41
40248 31
40249 81
40250 41
40251 51
40252 41
40253 81
40254 11
40255 21
40256 61
40257 91
40258 61
40259 81
40260 71
40261 41
40262 21
40263 71
40264 41
40265 01
40266 11
40267 21
40268 61
40269 51
40270 61
40271 21
40272 11
40273 41
40274 41
40275 51
40276 41
40277 61
40278 71
40279 01
40280 41
40281 51
40282 41
40283 21
40284 71
40285 21
40286 61
40287 31
40288 41
40289 61
40290 71
40291 81
40292 21
40293 91
40294 81
40295 41
40296 31
40297 41
40298 61
40299 11
40300 01
40301 01
40302 71
40303 01
40304 61
40305 51
40306 41
40307 01
40308 71
40309 61
40310 41
40311 91
40312 61
40313 81
40314 51
40315 61
40316 01
40317 51
40318 01
40319 41
40320 31
40321 21
40322 41
40323 51
40324 81
40325 61
40326 71
40327 61
40328 41
40329 31
40330 01
40331 41
40332 11
40333 61
40334 21
40335 91
40336 01
40337 81
40338 11
40339 81
40340 21
40341 51
40342 41
40343 21
40344 91
40345 61
40346 61
40347 31
40348 61
40349 61
40350 91
40351 81
40352 41
40353 51
40354 01
40355 01
40356 51
40357 61
40358 61
40359 31
40360 01
40361 81
40362 31
40363 21
40364 21
40365 31
40366 41
40367 01
40368 91
40369 21
40370 81
40371 91
40372 81
40373 01
40374 71
40375 81
40376 21
40377 31
40378 81
40379 21
40380 11
40381 61
40382 61
40383 71
40384 01
40385 41
40386 11
40387 41
40388 21
40389 71
40390 81
40391 41
40392 31
40393 41
40394 21
40395 31
40396 21
40397 21
40398 51
40399 21
40400 61
40401 51
40402 01
40403 81
40404 51
40405 81
40406 21
40407 71
40408 01
40409 61
40410 11
40411 01
40412 01
40413 71
40414 21
40415 81
40416 71
40417 61
40418 41
40419 71
40420 61
40421 41
40422 11
40423 01
40424 01
40425 71
40426 01
40427 21
40428 11
40429 01
40430 61
40431 91
40432 61
40433 41
40434 91
40435 21
40436 01
40437 11
40438 21
40439 21
40440 11
40441 81
40442 41
40443 91
40444 01
40445 61
40446 51
40447 01
40448 81
40449 91
40450 81
40451 21
40452 71
40453 41
40454 81
40455 11
40456 01
40457 41
40458 11
40459 81
40460 81
40461 11
40462 21
40463 21
40464 51
40465 01
40466 21
40467 71
40468 21
40469 81
40470 71
40471 01
40472 21
40473 51
40474 41
40475 61
40476 91
40477 01
40478 01
40479 11
40480 21
40481 41
40482 91
40483 21
40484 81
40485 51
40486 81
40487 81
40488 51
40489 21
40490 81
40491 91
40492 81
40493 81
40494 71
40495 81
40496 21
40497 11
40498 21
40499 21
40500 11
40501 41
40502 41
40503 91
40504 01
40505 21
40506 31
40507 01
40508 81
40509 51
40510 41
40511 61
40512 71
40513 01
40514 21
40515 31
40516 21
40517 01
40518 31
40519 21
40520 61
40521 31
40522 21
40523 21
40524 51
40525 61
40526 81
40527 71
40528 21
40529 41
40530 11
40531 81
40532 21
40533 11
40534 61
40535 61
40536 31
40537 61
40538 01
40539 71
40540 61
40541 21
40542 71
40543 81
40544 01
40545 51
40546 01
40547 81
40548 51
40549 81
40550 01
40551 51
40552 81
40553 41
40554 71
40555 01
40556 01
40557 71
40558 01
40559 41
40560 51
40561 41
40562 01
40563 51
40564 01
40565 41
40566 91
40567 41
40568 61
40569 71
40570 61
40571 81
40572 71
40573 61
40574 01
40575 11
40576 81
40577 61
40578 91
40579 41
40580 61
40581 71
40582 61
40583 21
40584 11
40585 01
40586 41
40587 91
40588 81
40589 61
40590 91
40591 81
40592 41
40593 11
40594 01
40595 01
40596 51
40597 21
40598 41
40599 31
40600 01
40601 41
40602 91
40603 61
40604 21
40605 91
40606 81
40607 21
40608 11
40609 81
40610 01
40611 31
40612 61
40613 21
40614 71
40615 81
40616 21
40617 91
40618 41
40619 21
40620 11
40621 21
40622 01
40623 51
40624 01
40625 01
40626 31
40627 41
40628 61
40629 31
40630 81
40631 01
40632 71
40633 21
40634 01
40635 91
40636 41
40637 21
40638 71
40639 21
40640 61
40641 11
40642 21
40643 41
40644 51
40645 41
40646 21
40647 91
40648 81
40649 21
40650 91
40651 21
40652 41
40653 71
40654 81
40655 41
40656 71
40657 81
40658 01
40659 11
40660 41
40661 61
40662 31
40663 21
40664 01
40665 31
40666 81
40667 01
40668 71
40669 61
40670 21
40671 11
40672 61
40673 81
40674 31
40675 21
40676 61
40677 51
40678 81
40679 41
40680 71
40681 01
40682 21
40683 91
40684 21
40685 61
40686 91
40687 41
40688 01
40689 51
40690 21
40691 81
40692 11
40693 61
40694 01
40695 91
40696 21
40697 81
40698 91
40699 21
40700 41
40701 11
40702 21
40703 01
40704 31
40705 81
40706 21
40707 51
40708 41
40709 01
40710 11
40711 81
40712 81
40713 31
40714 41
40715 61
40716 91
40717 61
40718 41
40719 11
40720 21
40721 01
40722 11
40723 41
40724 81
40725 11
40726 81
40727 61
40728 11
40729 81
40730 61
40731 71
40732 81
40733 21
40734 31
40735 01
40736 61
40737 51
40738 01
40739 21
40740 11
40741 01
40742 41
40743 31
40744 01
40745 81
40746 11
40747 41
40748 01
40749 11
40750 01
40751 41
40752 11
40753 21
40754 61
40755 91
40756 01
40757 41
40758 31
40759 01
40760 21
40761 11
40762 41
40763 01
40764 51
40765 21
40766 41
40767 11
40768 61
40769 01
40770 51
40771 01
40772 81
40773 91
40774 81
40775 01
40776 51
40777 21
40778 61
40779 71
40780 01
40781 41
40782 11
40783 61
40784 41
40785 91
40786 01
40787 81
40788 31
40789 41
40790 21
40791 51
40792 61
40793 41
40794 71
40795 61
40796 81
40797 11
40798 01
40799 01
40800 11
40801 21
40802 21
40803 11
40804 41
40805 01
40806 51
40807 61
40808 81
40809 51
40810 01
40811 81
40812 51
40813 01
40814 81
40815 31
40816 61
40817 41
40818 91
40819 01
40820 01
40821 91
40822 01
40823 81
40824 31
40825 41
40826 41
40827 71
40828 81
40829 61
40830 11
40831 61
40832 81
40833 11
40834 21
40835 41
40836 31
40837 41
40838 61
40839 31
40840 01
40841 01
40842 71
40843 21
40844 21
40845 51
40846 41
40847 21
40848 91
40849 41
40850 41
40851 11
40852 41
40853 21
40854 91
40855 81
40856 41
40857 31
40858 61
40859 81
40860 31
40861 21
40862 41
40863 71
40864 01
40865 61
40866 71
40867 81
40868 21
40869 91
40870 01
40871 61
40872 51
40873 61
40874 01
40875 11
40876 01
40877 01
40878 91
40879 41
40880 81
40881 71
40882 81
40883 21
40884 31
40885 61
40886 61
40887 51
40888 01
40889 81
40890 91
40891 01
40892 41
40893 91
40894 61
40895 21
40896 11
40897 01
40898 41
40899 31
40900 21
40901 01
40902 31
40903 61
40904 41
40905 11
40906 01
40907 41
40908 31
40909 61
40910 81
40911 11
40912 41
40913 61
40914 91
40915 01
40916 41
40917 71
40918 81
40919 01
40920 91
40921 61
40922 81
40923 51
40924 21
40925 81
40926 31
40927 81
40928 81
40929 71
40930 21
40931 41
40932 11
40933 21
40934 61
40935 51
40936 01
40937 41
40938 31
40939 61
40940 01
40941 11
40942 41
40943 61
40944 11
40945 61
40946 41
40947 71
40948 01
40949 21
40950 71
40951 61
40952 01
40953 31
40954 61
40955 21
40956 51
40957 21
40958 61
40959 31
40960 61
40961 41
40962 11
40963 21
40964 81
40965 71
40966 01
40967 41
40968 51
40969 41
40970 61
40971 11
40972 61
40973 01
40974 11
40975 41
40976 61
40977 71
40978 21
40979 01
40980 31
40981 21
40982 21
40983 71
40984 61
40985 61
40986 51
40987 21
40988 81
40989 71
40990 81
40991 41
40992 31
40993 21
40994 21
40995 31
40996 21
40997 01
40998 91
40999 21
41000 61
41001 31
41002 81
41003 01
41004 51
41005 61
41006 41
41007 31
41008 61
41009 41
41010 71
41011 21
41012 41
41013 31
41014 21
41015 81
41016 71
41017 41
41018 21
41019 71
41020 61
41021 21
41022 31
41023 41
41024 01
41025 51
41026 61
41027 21
41028 31
41029 81
41030 61
41031 71
41032 81
41033 81
41034 31
41035 01
41036 61
41037 11
41038 81
41039 21
41040 11
41041 61
41042 01
41043 71
41044 01
41045 41
41046 51
41047 61
41048 21
41049 71
41050 21
41051 81
41052 91
41053 41
41054 61
41055 91
41056 01
41057 01
41058 91
41059 01
41060 21
41061 71
41062 81
41063 81
41064 51
41065 81
41066 61
41067 11
41068 01
41069 61
41070 51
41071 61
41072 21
41073 71
41074 61
41075 61
41076 71
41077 21
41078 81
41079 71
41080 01
41081 01
41082 31
41083 21
41084 41
41085 51
41086 01
41087 01
41088 11
41089 01
41090 01
41091 71
41092 01
41093 41
41094 31
41095 21
41096 81
41097 31
41098 61
41099 41
41100 91
41101 41
41102 41
41103 31
41104 41
41105 61
41106 31
41107 41
41108 41
41109 11
41110 61
41111 01
41112 51
41113 41
41114 21
41115 31
41116 21
41117 81
41118 51
41119 21
41120 61
41121 11
41122 81
41123 81
41124 51
41125 41
41126 81
41127 11
41128 01
41129 21
41130 51
41131 21
41132 21
41133 31
41134 41
41135 21
41136 51
41137 81
41138 41
41139 71
41140 61
41141 01
41142 71
41143 01
41144 01
41145 31
41146 41
41147 01
41148 11
41149 61
41150 81
41151 91
41152 01
41153 01
41154 91
41155 81
41156 41
41157 91
41158 01
41159 81
41160 31
41161 81
41162 61
41163 91
41164 01
41165 21
41166 71
41167 61
41168 81
41169 51
41170 81
41171 41
41172 51
41173 01
41174 61
41175 31
41176 41
41177 41
41178 71
41179 41
41180 81
41181 31
41182 81
41183 61
41184 31
41185 21
41186 41
41187 91
41188 21
41189 41
41190 51
41191 81
41192 81
41193 11
41194 01
41195 81
41196 91
41197 41
41198 41
41199 11
41200 81
41201 81
41202 51
41203 41
41204 41
41205 71
41206 61
41207 81
41208 71
41209 21
41210 21
41211 31
41212 01
41213 41
41214 11
41215 41
41216 61
41217 31
41218 41
41219 01
41220 31
41221 81
41222 21
41223 31
41224 61
41225 21
41226 31
41227 81
41228 61
41229 31
41230 41
41231 41
41232 91
41233 21
41234 61
41235 11
41236 81
41237 81
41238 31
41239 21
41240 61
41241 91
41242 61
41243 21
41244 51
41245 21
41246 01
41247 91
41248 21
41249 01
41250 11
41251 61
41252 81
41253 71
41254 41
41255 41
41256 31
41257 01
41258 61
41259 91
41260 01
41261 61
41262 51
41263 81
41264 01
41265 11
41266 01
41267 21
41268 51
41269 41
41270 81
41271 91
41272 01
41273 01
41274 31
41275 81
41276 41
41277 91
41278 41
41279 01
41280 31
41281 81
41282 01
41283 31
41284 61
41285 21
41286 11
41287 21
41288 61
41289 31
41290 21
41291 21
41292 11
41293 21
41294 41
41295 31
41296 41
41297 41
41298 11
41299 81
41300 81
41301 31
41302 21
41303 21
41304 51
41305 21
41306 81
41307 71
41308 21
41309 01
41310 91
41311 81
41312 21
41313 71
41314 21
41315 01
41316 31
41317 21
41318 41
41319 91
41320 81
41321 81
41322 91
41323 21
41324 81
41325 71
41326 01
41327 81
41328 51
41329 41
41330 61
41331 51
41332 81
41333 01
41334 11
41335 81
41336 01
41337 31
41338 21
41339 41
41340 91
41341 01
41342 01
41343 11
41344 41
41345 21
41346 71
41347 01
41348 81
41349 71
41350 81
41351 81
41352 71
41353 21
41354 21
41355 71
41356 81
41357 21
41358 91
41359 61
41360 41
41361 31
41362 41
41363 41
41364 51
41365 01
41366 01
41367 51
41368 81
41369 81
41370 51
41371 21
41372 21
41373 31
41374 21
41375 21
41376 51
41377 81
41378 21
41379 11
41380 61
41381 01
41382 51
41383 81
41384 21
41385 31
41386 21
41387 21
41388 71
41389 21
41390 61
41391 51
41392 21
41393 41
41394 51
41395 81
41396 41
41397 91
41398 81
41399 61
41400 31
41401 81
41402 41
41403 11
41404 41
41405 21
41406 51
41407 21
41408 81
41409 71
41410 61
41411 41
41412 31
41413 21
41414 01
41415 71
41416 21
41417 01
41418 71
41419 01
41420 81
41421 31
41422 61
41423 21
41424 11
41425 21
41426 21
41427 91
41428 81
41429 81
41430 31
41431 21
41432 41
41433 31
41434 01
41435 61
41436 71
41437 41
41438 01
41439 91
41440 01
41441 21
41442 11
41443 01
41444 01
41445 71
41446 41
41447 21
41448 11
41449 01
41450 01
41451 11
41452 61
41453 41
41454 31
41455 61
41456 61
41457 11
41458 61
41459 81
41460 91
41461 61
41462 81
41463 71
41464 61
41465 81
41466 31
41467 01
41468 81
41469 91
41470 21
41471 61
41472 71
41473 41
41474 21
41475 71
41476 21
41477 41
41478 51
41479 61
41480 81
41481 71
41482 61
41483 21
41484 91
41485 61
41486 41
41487 91
41488 61
41489 61
41490 71
41491 81
41492 21
41493 51
41494 81
41495 41
41496 31
41497 01
41498 41
41499 11
41500 01
41501 61
41502 31
41503 41
41504 61
41505 11
41506 81
41507 21
41508 91
41509 21
41510 61
41511 31
41512 41
41513 01
41514 51
41515 61
41516 01
41517 11
41518 61
41519 41
41520 31
41521 81
41522 81
41523 31
41524 81
41525 21
41526 91
41527 61
41528 81
41529 91
41530 01
41531 01
41532 51
41533 41
41534 01
41535 51
41536 21
41537 81
41538 31
41539 81
41540 21
41541 11
41542 61
41543 81
41544 91
41545 21
41546 61
41547 51
41548 41
41549 21
41550 71
41551 01
41552 81
41553 51
41554 61
41555 61
41556 51
41557 81
41558 21
41559 71
41560 81
41561 01
41562 51
41563 41
41564 21
41565 91
41566 21
41567 81
41568 51
41569 81
41570 41
41571 11
41572 81
41573 41
41574 11
41575 81
41576 81
41577 71
41578 41
41579 41
41580 71
41581 81
41582 41
41583 71
41584 21
41585 41
41586 51
41587 81
41588 41
41589 31
41590 21
41591 01
41592 71
41593 61
41594 41
41595 11
41596 41
41597 61
41598 31
41599 61
41600 21
41601 51
41602 01
41603 61
41604 31
41605 61
41606 21
41607 51
41608 21
41609 81
41610 51
41611 81
41612 61
41613 51
41614 21
41615 81
41616 71
41617 21
41618 81
41619 71
41620 61
41621 01
41622 31
41623 21
41624 01
41625 31
41626 01
41627 01
41628 71
41629 61
41630 41
41631 71
41632 61
41633 81
41634 51
41635 41
41636 41
41637 51
41638 01
41639 21
41640 11
41641 41
41642 41
41643 31
41644 01
41645 21
41646 31
41647 41
41648 01
41649 51
41650 41
41651 01
41652 11
41653 61
41654 21
41655 71
41656 81
41657 81
41658 11
41659 61
41660 41
41661 91
41662 41
41663 01
41664 51
41665 61
41666 81
41667 11
41668 61
41669 41
41670 11
41671 21
41672 81
41673 31
41674 61
41675 01
41676 11
41677 61
41678 61
41679 11
41680 61
41681 61
41682 31
41683 01
41684 21
41685 91
41686 81
41687 81
41688 31
41689 81
41690 01
41691 91
41692 61
41693 81
41694 71
41695 41
41696 01
41697 51
41698 21
41699 81
41700 71
41701 21
41702 61
41703 51
41704 41
41705 81
41706 91
41707 21
41708 01
41709 31
41710 81
41711 61
41712 51
41713 41
41714 01
41715 51
41716 01
41717 81
41718 31
41719 81
41720 01
41721 51
41722 61
41723 81
41724 71
41725 01
41726 81
41727 51
41728 21
41729 41
41730 31
41731 61
41732 61
41733 11
41734 81
41735 01
41736 11
41737 81
41738 21
41739 71
41740 61
41741 81
41742 51
41743 41
41744 01
41745 11
41746 61
41747 81
41748 31
41749 41
41750 41
41751 31
41752 61
41753 41
41754 91
41755 01
41756 21
41757 11
41758 21
41759 01
41760 71
41761 41
41762 41
41763 71
41764 01
41765 01
41766 31
41767 81
41768 21
41769 31
41770 81
41771 41
41772 51
41773 01
41774 01
41775 31
41776 41
41777 41
41778 11
41779 61
41780 81
41781 31
41782 21
41783 01
41784 91
41785 21
41786 81
41787 51
41788 01
41789 21
41790 91
41791 61
41792 41
41793 31
41794 81
41795 81
41796 91
41797 41
41798 81
41799 51
41800 81
41801 81
41802 91
41803 01
41804 61
41805 71
41806 01
41807 61
41808 71
41809 81
41810 61
41811 31
41812 41
41813 01
41814 31
41815 61
41816 01
41817 11
41818 41
41819 81
41820 31
41821 81
41822 61
41823 11
41824 01
41825 21
41826 71
41827 81
41828 41
41829 51
41830 81
41831 61
41832 71
41833 81
41834 61
41835 51
41836 21
41837 81
41838 11
41839 61
41840 21
41841 11
41842 41
41843 01
41844 31
41845 21
41846 41
41847 11
41848 41
41849 41
41850 51
41851 01
41852 61
41853 71
41854 01
41855 01
41856 31
41857 41
41858 21
41859 31
41860 81
41861 01
41862 31
41863 01
41864 01
41865 91
41866 01
41867 81
41868 11
41869 21
41870 21
41871 51
41872 41
41873 61
41874 11
41875 61
41876 61
41877 71
41878 01
41879 21
41880 91
41881 21
41882 01
41883 31
41884 81
41885 41
41886 31
41887 21
41888 81
41889 11
41890 01
41891 81
41892 31
41893 61
41894 61
41895 31
41896 41
41897 41
41898 51
41899 41
41900 81
41901 31
41902 61
41903 01
41904 31
41905 21
41906 21
41907 71
41908 41
41909 41
41910 31
41911 01
41912 41
41913 71
41914 81
41915 41
41916 11
41917 81
41918 01
41919 11
41920 81
41921 81
41922 31
41923 21
41924 41
41925 71
41926 41
41927 01
41928 11
41929 21
41930 01
41931 91
41932 01
41933 61
41934 91
41935 41
41936 41
41937 51
41938 81
41939 41
41940 11
41941 41
41942 21
41943 91
41944 61
41945 21
41946 11
41947 41
41948 41
41949 31
41950 21
41951 41
41952 51
41953 61
41954 41
41955 51
41956 41
41957 01
41958 31
41959 01
41960 41
41961 91
41962 21
41963 01
41964 71
41965 61
41966 61
41967 51
41968 81
41969 01
41970 91
41971 01
41972 21
41973 51
41974 21
41975 21
41976 91
41977 01
41978 81
41979 11
41980 01
41981 41
41982 71
41983 61
41984 61
41985 91
41986 61
41987 61
41988 51
41989 01
41990 81
41991 11
41992 21
41993 61
41994 11
41995 01
41996 21
41997 11
41998 01
41999 61
42000 71
42001 41
42002 21
42003 71
42004 81
42005 01
42006 11
42007 21
42008 01
42009 71
42010 61
42011 21
42012 51
42013 81
42014 01
42015 51
42016 81
42017 21
42018 51
42019 81
42020 81
42021 31
42022 01
42023 41
42024 51
42025 21
42026 61
42027 31
42028 81
42029 01
42030 71
42031 81
42032 61
42033 51
42034 01
42035 41
42036 71
42037 21
42038 61
42039 71
42040 41
42041 01
42042 11
42043 61
42044 81
42045 71
42046 81
42047 81
42048 71
42049 41
42050 41
42051 91
42052 01
42053 61
42054 91
42055 61
42056 41
42057 51
42058 81
42059 61
42060 71
42061 41
42062 21
42063 11
42064 81
42065 01
42066 11
42067 61
42068 21
42069 71
42070 61
42071 61
42072 91
42073 41
42074 01
42075 91
42076 41
42077 01
42078 31
42079 21
42080 61
42081 91
42082 21
42083 21
42084 51
42085 21
42086 61
42087 71
42088 21
42089 01
42090 71
42091 21
42092 21
42093 71
42094 01
42095 81
42096 51
42097 21
42098 21
42099 11
42100 41
42101 41
42102 71
42103 81
42104 01
42105 11
42106 61
42107 81
42108 51
42109 41
42110 41
42111 31
42112 81
42113 01
42114 91
42115 01
42116 41
42117 31
42118 01
42119 01
42120 91
42121 21
42122 81
42123 11
42124 21
42125 41
42126 11
42127 41
42128 61
42129 31
42130 81
42131 41
42132 71
42133 21
42134 01
42135 31
42136 61
42137 21
42138 71
42139 61
42140 01
42141 71
42142 21
42143 81
42144 11
42145 21
42146 01
42147 31
42148 61
42149 81
42150 11
42151 01
42152 41
42153 71
42154 81
42155 81
42156 11
42157 81
42158 01
42159 51
42160 01
42161 81
42162 31
42163 61
42164 81
42165 31
42166 41
42167 41
42168 71
42169 01
42170 81
42171 31
42172 81
42173 21
42174 11
42175 21
42176 41
42177 51
42178 81
42179 81
42180 51
42181 41
42182 21
42183 31
42184 21
42185 41
42186 11
42187 81
42188 21
42189 31
42190 81
42191 81
42192 51
42193 01
42194 01
42195 71
42196 61
42197 41
42198 11
42199 01
42200 21
42201 91
42202 21
42203 41
42204 51
42205 01
42206 61
42207 91
42208 81
42209 81
42210 11
42211 41
42212 41
42213 31
42214 81
42215 21
42216 31
42217 41
42218 81
42219 91
42220 41
42221 01
42222 91
42223 41
42224 41
42225 71
42226 61
42227 01
42228 71
42229 21
42230 21
42231 51
42232 61
42233 41
42234 11
42235 61
42236 81
42237 11
42238 41
42239 21
42240 11
42241 21
42242 61
42243 51
42244 01
42245 01
42246 91
42247 21
42248 61
42249 31
42250 41
42251 61
42252 11
42253 21
42254 61
42255 31
42256 61
42257 41
42258 31
42259 41
42260 01
42261 91
42262 41
42263 41
42264 51
42265 41
42266 81
42267 51
42268 81
42269 21
42270 51
42271 61
42272 21
42273 71
42274 41
42275 61
42276 71
42277 21
42278 61
42279 11
42280 01
42281 01
42282 11
42283 01
42284 61
42285 51
42286 81
42287 21
42288 71
42289 61
42290 81
42291 31
42292 21
42293 81
42294 91
42295 21
42296 81
42297 31
42298 41
42299 21
42300 91
42301 41
42302 21
42303 51
42304 81
42305 61
42306 11
42307 01
42308 41
42309 31
42310 41
42311 01
42312 31
42313 61
42314 61
42315 71
42316 01
42317 41
42318 51
42319 81
42320 61
42321 11
42322 61
42323 41
42324 31
42325 41
42326 61
42327 11
42328 61
42329 61
42330 31
42331 61
42332 81
42333 51
42334 41
42335 01
42336 31
42337 81
42338 01
42339 51
42340 81
42341 41
42342 31
42343 61
42344 61
42345 31
42346 21
42347 41
42348 51
42349 41
42350 61
42351 71
42352 61
42353 01
42354 11
42355 01
42356 41
42357 71
42358 21
42359 61
42360 91
42361 61
42362 21
42363 31
42364 01
42365 81
42366 71
42367 81
42368 01
42369 11
42370 61
42371 61
42372 31
42373 21
42374 21
42375 91
42376 81
42377 01
42378 91
42379 81
42380 01
42381 11
42382 81
42383 61
42384 71
42385 61
42386 81
42387 91
42388 61
42389 01
42390 11
42391 01
42392 21
42393 91
42394 41
42395 81
42396 91
42397 41
42398 21
42399 31
42400 81
42401 81
42402 31
42403 01
42404 01
42405 71
42406 41
42407 81
42408 11
42409 01
42410 01
42411 71
42412 41
42413 41
42414 31
42415 21
42416 21
42417 51
42418 61
42419 41
42420 31
42421 81
42422 01
42423 31
42424 81
42425 21
42426 11
42427 21
42428 81
42429 91
42430 21
42431 21
42432 31
42433 41
42434 21
42435 31
42436 61
42437 21
42438 51
42439 21
42440 01
42441 71
42442 01
42443 81
42444 91
42445 21
42446 81
42447 71
42448 41
42449 21
42450 91
42451 81
42452 41
42453 51
42454 81
42455 01
42456 51
42457 61
42458 41
42459 71
42460 01
42461 81
42462 11
42463 01
42464 41
42465 31
42466 21
42467 21
42468 51
42469 81
42470 61
42471 51
42472 01
42473 41
42474 31
42475 81
42476 21
42477 31
42478 61
42479 01
42480 11
42481 61
42482 41
42483 91
42484 41
42485 41
42486 91
42487 01
42488 21
42489 91
42490 61
42491 41
42492 11
42493 61
42494 61
42495 71
42496 01
42497 81
42498 51
42499 81
42500 61
42501 51
42502 81
42503 41
42504 31
42505 81
42506 01
42507 71
42508 61
42509 01
42510 91
42511 41
42512 61
42513 91
42514 21
42515 61
42516 51
42517 61
42518 01
42519 51
42520 81
42521 81
42522 71
42523 61
42524 61
42525 71
42526 81
42527 61
42528 51
42529 81
42530 41
42531 71
42532 21
42533 41
42534 11
42535 41
42536 01
42537 91
42538 41
42539 01
42540 71
42541 61
42542 01
42543 31
42544 01
42545 21
42546 51
42547 21
42548 01
42549 51
42550 61
42551 41
42552 51
42553 61
42554 41
42555 71
42556 41
42557 01
42558 31
42559 21
42560 01
42561 91
42562 21
42563 21
42564 91
42565 41
42566 61
42567 71
42568 61
42569 41
42570 31
42571 21
42572 61
42573 31
42574 81
42575 61
42576 91
42577 01
42578 81
42579 31
42580 21
42581 41
42582 71
42583 81
42584 41
42585 51
42586 61
42587 81
42588 91
42589 01
42590 61
42591 31
42592 21
42593 81
42594 91
42595 61
42596 81
42597 31
42598 41
42599 61
42600 11
42601 41
42602 21
42603 91
42604 21
42605 21
42606 11
42607 41
42608 01
42609 11
42610 21
42611 41
42612 11
42613 21
42614 81
42615 51
42616 01
42617 41
42618 51
42619 21
42620 01
42621 11
42622 61
42623 81
42624 91
42625 61
42626 61
42627 51
42628 41
42629 61
42630 91
42631 01
42632 81
42633 91
42634 01
42635 21
42636 51
42637 21
42638 81
42639 51
42640 61
42641 41
42642 31
42643 01
42644 41
42645 71
42646 21
42647 81
42648 51
42649 21
42650 81
42651 11
42652 81
42653 81
42654 71
42655 01
42656 81
42657 11
42658 21
42659 41
42660 31
42661 21
42662 41
42663 11
42664 81
42665 61
42666 71
42667 21
42668 21
42669 31
42670 01
42671 01
42672 71
42673 01
42674 21
42675 51
42676 41
42677 01
42678 31
42679 41
42680 41
42681 91
42682 21
42683 41
42684 91
42685 61
42686 61
42687 91
42688 21
42689 61
42690 91
42691 41
42692 81
42693 31
42694 01
42695 61
42696 71
42697 61
42698 01
42699 91
42700 01
42701 41
42702 71
42703 01
42704 01
42705 91
42706 61
42707 01
42708 11
42709 21
42710 81
42711 51
42712 01
42713 61
42714 71
42715 41
42716 21
42717 51
42718 61
42719 81
42720 91
42721 81
42722 01
42723 71
42724 61
42725 01
42726 11
42727 61
42728 81
42729 11
42730 61
42731 61
42732 51
42733 61
42734 21
42735 91
42736 01
42737 01
42738 11
42739 81
42740 21
42741 71
42742 01
42743 21
42744 91
42745 81
42746 81
42747 11
42748 61
42749 81
42750 71
42751 21
42752 81
42753 71
42754 41
42755 81
42756 11
42757 01
42758 61
42759 31
42760 01
42761 01
42762 51
42763 21
42764 21
42765 51
42766 21
42767 61
42768 91
42769 41
42770 21
42771 91
42772 61
42773 21
42774 71
42775 01
42776 01
42777 91
42778 41
42779 41
42780 51
42781 61
42782 01
42783 71
42784 01
42785 61
42786 51
42787 61
42788 21
42789 91
42790 81
42791 81
42792 91
42793 61
42794 81
42795 71
42796 01
42797 21
42798 71
42799 41
42800 61
42801 91
42802 21
42803 61
42804 11
42805 21
42806 61
42807 11
42808 01
42809 81
42810 71
42811 61
42812 21
42813 91
42814 41
42815 21
42816 71
42817 41
42818 21
42819 71
42820 81
42821 21
42822 31
42823 41
42824 21
42825 11
42826 61
42827 21
42828 51
42829 01
42830 41
42831 71
42832 01
42833 61
42834 71
42835 41
42836 81
42837 51
42838 61
42839 81
42840 51
42841 61
42842 01
42843 71
42844 21
42845 61
42846 51
42847 61
42848 41
42849 51
42850 81
42851 81
42852 11
42853 81
42854 61
42855 71
42856 21
42857 01
42858 11
42859 81
42860 81
42861 31
42862 01
42863 21
42864 51
42865 21
42866 61
42867 11
42868 21
42869 01
42870 71
42871 61
42872 41
42873 71
42874 01
42875 21
42876 91
42877 81
42878 21
42879 51
42880 01
42881 21
42882 51
42883 21
42884 81
42885 71
42886 81
42887 61
42888 51
42889 41
42890 41
42891 71
42892 21
42893 01
42894 91
42895 41
42896 01
42897 51
42898 01
42899 41
42900 71
42901 21
42902 41
42903 51
42904 21
42905 81
42906 71
42907 61
42908 81
42909 71
42910 61
42911 41
42912 51
42913 21
42914 01
42915 71
42916 41
42917 61
42918 71
42919 01
42920 01
42921 51
42922 41
42923 21
42924 31
42925 01
42926 61
42927 31
42928 01
42929 21
42930 11
42931 81
42932 81
42933 31
42934 01
42935 61
42936 91
42937 61
42938 01
42939 91
42940 21
42941 01
42942 71
42943 01
42944 21
42945 11
42946 41
42947 01
42948 31
42949 01
42950 21
42951 91
42952 21
42953 01
42954 51
42955 01
42956 61
42957 51
42958 61
42959 81
42960 11
42961 01
42962 01
42963 71
42964 81
42965 81
42966 71
42967 61
42968 01
42969 51
42970 61
42971 41
42972 71
42973 61
42974 41
42975 71
42976 61
42977 61
42978 31
42979 21
42980 21
42981 11
42982 01
42983 21
42984 11
42985 21
42986 01
42987 11
42988 81
42989 81
42990 11
42991 81
42992 01
42993 31
42994 81
42995 61
42996 11
42997 21
42998 81
42999 31
43000 41
43001 21
43002 31
43003 81
43004 61
43005 91
43006 61
43007 61
43008 11
43009 01
43010 81
43011 11
43012 81
43013 41
43014 11
43015 01
43016 81
43017 71
43018 41
43019 61
43020 31
43021 81
43022 41
43023 91
43024 41
43025 21
43026 51
43027 01
43028 21
43029 71
43030 61
43031 21
43032 11
43033 41
43034 01
43035 51
43036 41
43037 61
43038 31
43039 81
43040 41
43041 51
43042 01
43043 81
43044 11
43045 21
43046 21
43047 71
43048 61
43049 81
43050 31
43051 01
43052 61
43053 71
43054 01
43055 41
43056 31
43057 41
43058 21
43059 71
43060 01
43061 01
43062 31
43063 41
43064 41
43065 51
43066 01
43067 21
43068 71
43069 01
43070 01
43071 91
43072 21
43073 21
43074 31
43075 41
43076 61
43077 71
43078 01
43079 61
43080 31
43081 21
43082 01
43083 71
43084 41
43085 61
43086 31
43087 61
43088 61
43089 11
43090 61
43091 21
43092 31
43093 01
43094 21
43095 51
43096 61
43097 81
43098 31
43099 41
43100 61
43101 31
43102 61
43103 41
43104 11
43105 61
43106 21
43107 11
43108 41
43109 21
43110 51
43111 41
43112 61
43113 51
43114 41
43115 41
43116 51
43117 21
43118 01
43119 91
43120 21
43121 41
43122 51
43123 01
43124 21
43125 51
43126 41
43127 41
43128 31
43129 41
43130 41
43131 31
43132 41
43133 41
43134 91
43135 01
43136 01
43137 51
43138 21
43139 01
43140 51
43141 21
43142 61
43143 71
43144 81
43145 21
43146 91
43147 41
43148 01
43149 91
43150 01
43151 81
43152 11
43153 01
43154 01
43155 31
43156 21
43157 21
43158 11
43159 61
43160 61
43161 51
43162 61
43163 01
43164 71
43165 81
43166 81
43167 71
43168 81
43169 21
43170 71
43171 81
43172 81
43173 71
43174 61
43175 41
43176 91
43177 01
43178 81
43179 51
43180 61
43181 41
43182 71
43183 01
43184 41
43185 71
43186 61
43187 01
43188 51
43189 21
43190 21
43191 51
43192 41
43193 81
43194 11
43195 61
43196 61
43197 91
43198 61
43199 21
43200 91
43201 41
43202 21
43203 11
43204 81
43205 61
43206 11
43207 61
43208 21
43209 31
43210 41
43211 61
43212 91
43213 01
43214 61
43215 31
43216 41
43217 61
43218 71
43219 41
43220 81
43221 51
43222 41
43223 61
43224 31
43225 41
43226 61
43227 71
43228 21
43229 61
43230 31
43231 21
43232 21
43233 31
43234 41
43235 61
43236 51
43237 81
43238 41
43239 11
43240 81
43241 01
43242 71
43243 41
43244 41
43245 91
43246 41
43247 41
43248 71
43249 41
43250 61
43251 31
43252 81
43253 61
43254 11
43255 61
43256 41
43257 91
43258 01
43259 21
43260 71
43261 81
43262 61
43263 31
43264 61
43265 41
43266 71
43267 01
43268 61
43269 51
43270 41
43271 81
43272 51
43273 41
43274 21
43275 51
43276 61
43277 81
43278 51
43279 41
43280 61
43281 31
43282 81
43283 01
43284 11
43285 61
43286 41
43287 31
43288 21
43289 21
43290 71
43291 21
43292 01
43293 91
43294 61
43295 81
43296 31
43297 81
43298 41
43299 91
43300 21
43301 41
43302 71
43303 21
43304 21
43305 51
43306 61
43307 21
43308 91
43309 41
43310 61
43311 71
43312 41
43313 21
43314 11
43315 01
43316 21
43317 31
43318 81
43319 61
43320 71
43321 61
43322 61
43323 11
43324 81
43325 21
43326 11
43327 81
43328 21
43329 91
43330 21
43331 81
43332 51
43333 61
43334 21
43335 91
43336 61
43337 01
43338 11
43339 81
43340 81
43341 51
43342 01
43343 21
43344 51
43345 41
43346 21
43347 11
43348 21
43349 21
43350 91
43351 41
43352 41
43353 91
43354 81
43355 61
43356 31
43357 01
43358 61
43359 31
43360 61
43361 61
43362 51
43363 21
43364 81
43365 91
43366 01
43367 61
43368 51
43369 61
43370 21
43371 31
43372 21
43373 21
43374 31
43375 41
43376 81
43377 71
43378 01
43379 61
43380 51
43381 81
43382 01
43383 71
43384 61
43385 81
43386 11
43387 61
43388 81
43389 91
43390 01
43391 61
43392 51
43393 41
43394 01
43395 11
43396 01
43397 81
43398 31
43399 41
43400 81
43401 51
43402 61
43403 41
43404 31
43405 41
43406 81
43407 11
43408 61
43409 61
43410 51
43411 21
43412 81
43413 51
43414 61
43415 21
43416 11
43417 81
43418 21
43419 31
43420 21
43421 81
43422 51
43423 01
43424 41
43425 91
43426 61
43427 41
43428 51
43429 41
43430 81
43431 91
43432 61
43433 01
43434 31
43435 81
43436 01
43437 71
43438 41
43439 01
43440 91
43441 41
43442 41
43443 31
43444 21
43445 61
43446 31
43447 41
43448 21
43449 51
43450 61
43451 01
43452 31
43453 21
43454 41
43455 31
43456 01
43457 01
43458 11
43459 81
43460 41
43461 71
43462 01
43463 21
43464 11
43465 41
43466 81
43467 11
43468 81
43469 01
43470 51
43471 21
43472 01
43473 51
43474 81
43475 21
43476 31
43477 41
43478 41
43479 91
43480 41
43481 01
43482 51
43483 21
43484 41
43485 71
43486 21
43487 61
43488 11
43489 21
43490 81
43491 91
43492 81
43493 61
43494 71
43495 81
43496 21
43497 91
43498 61
43499 21
43500 11
43501 21
43502 21
43503 11
43504 01
43505 01
43506 51
43507 61
43508 41
43509 31
43510 01
43511 81
43512 11
43513 61
43514 21
43515 31
43516 21
43517 81
43518 11
43519 21
43520 61
43521 11
43522 41
43523 61
43524 51
43525 41
43526 41
43527 71
43528 41
43529 21
43530 11
43531 61
43532 41
43533 51
43534 01
43535 41
43536 91
43537 61
43538 61
43539 71
43540 61
43541 01
43542 31
43543 61
43544 01
43545 31
43546 01
43547 41
43548 91
43549 61
43550 41
43551 11
43552 01
43553 41
43554 51
43555 81
43556 01
43557 31
43558 81
43559 61
43560 91
43561 01
43562 61
43563 11
43564 01
43565 21
43566 31
43567 81
43568 41
43569 51
43570 41
43571 41
43572 71
43573 81
43574 21
43575 11
43576 61
43577 81
43578 71
43579 01
43580 41
43581 31
43582 01
43583 21
43584 71
43585 01
43586 61
43587 11
43588 41
43589 41
43590 11
43591 61
43592 61
43593 71
43594 61
43595 41
43596 11
43597 41
43598 81
43599 51
43600 81
43601 41
43602 91
43603 01
43604 61
43605 31
43606 81
43607 61
43608 71
43609 41
43610 21
43611 71
43612 41
43613 61
43614 71
43615 81
43616 21
43617 71
43618 61
43619 21
43620 11
43621 01
43622 61
43623 11
43624 01
43625 81
43626 31
43627 81
43628 41
43629 11
43630 21
43631 41
43632 71
43633 41
43634 81
43635 51
43636 61
43637 41
43638 11
43639 21
43640 61
43641 91
43642 21
43643 61
43644 51
43645 21
43646 61
43647 11
43648 41
43649 01
43650 71
43651 61
43652 61
43653 31
43654 01
43655 21
43656 11
43657 01
43658 01
43659 51
43660 21
43661 01
43662 91
43663 61
43664 01
43665 11
43666 61
43667 21
43668 91
43669 41
43670 41
43671 71
43672 41
43673 21
43674 91
43675 41
43676 21
43677 31
43678 61
43679 41
43680 91
43681 61
43682 41
43683 31
43684 41
43685 81
43686 91
43687 41
43688 41
43689 31
43690 81
43691 81
43692 51
43693 61
43694 01
43695 71
43696 61
43697 01
43698 91
43699 01
43700 21
43701 51
43702 81
43703 81
43704 51
43705 61
43706 01
43707 11
43708 01
43709 41
43710 31
43711 81
43712 21
43713 51
43714 81
43715 21
43716 31
43717 01
43718 41
43719 91
43720 41
43721 61
43722 31
43723 21
43724 41
43725 31
43726 81
43727 01
43728 11
43729 81
43730 21
43731 11
43732 01
43733 21
43734 91
43735 21
43736 01
43737 11
43738 61
43739 21
43740 11
43741 81
43742 81
43743 11
43744 01
43745 61
43746 91
43747 41
43748 41
43749 91
43750 21
43751 81
43752 51
43753 21
43754 21
43755 91
43756 61
43757 61
43758 91
43759 81
43760 81
43761 11
43762 61
43763 61
43764 51
43765 01
43766 61
43767 31
43768 41
43769 81
43770 11
43771 81
43772 21
43773 11
43774 81
43775 61
43776 31
43777 61
43778 21
43779 31
43780 61
43781 21
43782 91
43783 01
43784 81
43785 51
43786 21
43787 61
43788 91
43789 21
43790 21
43791 91
43792 61
43793 01
43794 11
43795 01
43796 01
43797 71
43798 21
43799 61
43800 51
43801 41
43802 21
43803 31
43804 61
43805 41
43806 11
43807 81
43808 61
43809 51
43810 81
43811 81
43812 91
43813 41
43814 61
43815 71
43816 01
43817 01
43818 91
43819 81
43820 61
43821 71
43822 81
43823 61
43824 31
43825 01
43826 61
43827 91
43828 21
43829 21
43830 11
43831 41
43832 81
43833 91
43834 01
43835 21
43836 71
43837 21
43838 81
43839 51
43840 81
43841 01
43842 31
43843 01
43844 61
43845 91
43846 01
43847 81
43848 71
43849 01
43850 21
43851 51
43852 01
43853 21
43854 51
43855 61
43856 21
43857 11
43858 21
43859 41
43860 51
43861 41
43862 41
43863 11
43864 01
43865 41
43866 31
43867 21
43868 41
43869 71
43870 01
43871 81
43872 91
43873 01
43874 41
43875 31
43876 01
43877 61
43878 51
43879 81
43880 41
43881 31
43882 21
43883 41
43884 11
43885 01
43886 81
43887 91
43888 41
43889 61
43890 31
43891 01
43892 01
43893 91
43894 41
43895 41
43896 71
43897 81
43898 21
43899 91
43900 41
43901 61
43902 51
43903 61
43904 41
43905 31
43906 01
43907 01
43908 31
43909 81
43910 41
43911 71
43912 21
43913 81
43914 11
43915 41
43916 01
43917 31
43918 61
43919 01
43920 71
43921 01
43922 41
43923 91
43924 01
43925 61
43926 11
43927 01
43928 81
43929 91
43930 41
43931 01
43932 71
43933 41
43934 41
43935 71
43936 41
43937 41
43938 71
43939 21
43940 01
43941 31
43942 81
43943 41
43944 91
43945 81
43946 41
43947 71
43948 21
43949 81
43950 31
43951 61
43952 21
43953 51
43954 01
43955 01
43956 71
43957 01
43958 61
43959 31
43960 21
43961 81
43962 51
43963 21
43964 41
43965 91
43966 61
43967 61
43968 11
43969 41
43970 81
43971 11
43972 81
43973 81
43974 31
43975 01
43976 81
43977 11
43978 81
43979 21
43980 31
43981 21
43982 01
43983 71
43984 21
43985 61
43986 31
43987 61
43988 41
43989 51
43990 61
43991 21
43992 11
43993 81
43994 41
43995 51
43996 41
43997 01
43998 91
43999 01
44000 41
44001 91
44002 81
44003 81
44004 71
44005 61
44006 21
44007 11
44008 21
44009 01
44010 51
44011 41
44012 41
44013 71
44014 81
44015 41
44016 31
44017 81
44018 01
44019 11
44020 01
44021 41
44022 31
44023 21
44024 61
44025 91
44026 21
44027 01
44028 31
44029 01
44030 41
44031 31
44032 21
44033 01
44034 71
44035 01
44036 81
44037 51
44038 81
44039 41
44040 31
44041 61
44042 21
44043 91
44044 81
44045 01
44046 71
44047 41
44048 61
44049 71
44050 21
44051 21
44052 71
44053 61
44054 61
44055 31
44056 01
44057 61
44058 51
44059 41
44060 41
44061 31
44062 21
44063 01
44064 91
44065 01
44066 81
44067 51
44068 01
44069 01
44070 31
44071 61
44072 41
44073 11
44074 61
44075 01
44076 91
44077 21
44078 01
44079 11
44080 41
44081 61
44082 51
44083 21
44084 01
44085 31
44086 01
44087 61
44088 71
44089 61
44090 41
44091 31
44092 41
44093 81
44094 51
44095 01
44096 01
44097 91
44098 01
44099 81
44100 51
44101 61
44102 61
44103 91
44104 21
44105 61
44106 11
44107 61
44108 01
44109 51
44110 41
44111 61
44112 71
44113 61
44114 21
44115 31
44116 21
44117 61
44118 11
44119 21
44120 61
44121 91
44122 81
44123 61
44124 51
44125 21
44126 21
44127 91
44128 41
44129 01
44130 31
44131 21
44132 01
44133 31
44134 61
44135 61
44136 31
44137 21
44138 61
44139 71
44140 61
44141 81
44142 11
44143 61
44144 01
44145 11
44146 21
44147 81
44148 91
44149 41
44150 01
44151 11
44152 21
44153 21
44154 51
44155 61
44156 21
44157 71
44158 21
44159 41
44160 51
44161 01
44162 21
44163 11
44164 01
44165 01
44166 91
44167 61
44168 41
44169 31
44170 41
44171 01
44172 11
44173 61
44174 61
44175 71
44176 81
44177 81
44178 51
44179 81
44180 41
44181 91
44182 81
44183 41
44184 11
44185 61
44186 21
44187 71
44188 41
44189 21
44190 51
44191 01
44192 41
44193 51
44194 41
44195 01
44196 11
44197 61
44198 01
44199 51
44200 61
44201 61
44202 71
44203 61
44204 41
44205 91
44206 21
44207 61
44208 31
44209 41
44210 41
44211 91
44212 01
44213 41
44214 91
44215 61
44216 41
44217 31
44218 21
44219 61
44220 71
44221 21
44222 01
44223 31
44224 81
44225 81
44226 31
44227 21
44228 81
44229 51
44230 21
44231 81
44232 31
44233 01
44234 01
44235 91
44236 41
44237 81
44238 11
44239 21
44240 61
44241 71
44242 41
44243 61
44244 51
44245 01
44246 21
44247 71
44248 41
44249 81
44250 71
44251 01
44252 41
44253 11
44254 41
44255 61
44256 11
44257 21
44258 81
44259 11
44260 41
44261 21
44262 31
44263 61
44264 01
44265 91
44266 61
44267 41
44268 91
44269 21
44270 81
44271 91
44272 01
44273 01
44274 71
44275 81
44276 41
44277 91
44278 81
44279 21
44280 31
44281 81
44282 41
44283 71
44284 21
44285 21
44286 51
44287 81
44288 41
44289 11
44290 61
44291 01
44292 71
44293 41
44294 21
44295 31
44296 41
44297 41
44298 51
44299 21
44300 81
44301 31
44302 61
44303 81
44304 71
44305 21
44306 21
44307 51
44308 21
44309 61
44310 31
44311 81
44312 61
44313 31
44314 41
44315 21
44316 71
44317 01
44318 41
44319 71
44320 81
44321 81
44322 31
44323 01
44324 21
44325 71
44326 41
44327 81
44328 31
44329 61
44330 01
44331 71
44332 61
44333 61
44334 11
44335 21
44336 41
44337 31
44338 01
44339 81
44340 51
44341 21
44342 81
44343 91
44344 21
44345 21
44346 11
44347 21
44348 01
44349 11
44350 21
44351 21
44352 51
44353 21
44354 81
44355 31
44356 81
44357 61
44358 51
44359 01
44360 21
44361 71
44362 21
44363 61
44364 51
44365 81
44366 01
44367 11
44368 41
44369 61
44370 91
44371 81
44372 61
44373 91
44374 01
44375 01
44376 71
44377 61
44378 81
44379 31
44380 21
44381 41
44382 51
44383 81
44384 41
44385 51
44386 41
44387 21
44388 91
44389 01
44390 41
44391 11
44392 41
44393 81
44394 71
44395 81
44396 41
44397 91
44398 21
44399 21
44400 31
44401 81
44402 81
44403 91
44404 21
44405 21
44406 91
44407 21
44408 01
44409 11
44410 01
44411 61
44412 51
44413 21
44414 61
44415 11
44416 01
44417 61
44418 31
44419 21
44420 81
44421 31
44422 01
44423 21
44424 71
44425 21
44426 61
44427 11
44428 41
44429 61
44430 71
44431 61
44432 61
44433 91
44434 81
44435 21
44436 11
44437 61
44438 61
44439 91
44440 21
44441 61
44442 31
44443 81
44444 21
44445 71
44446 81
44447 61
44448 71
44449 61
44450 41
44451 71
44452 41
44453 81
44454 51
44455 41
44456 21
44457 91
44458 01
44459 21
44460 91
44461 21
44462 61
44463 31
44464 81
44465 41
44466 91
44467 01
44468 81
44469 11
44470 61
44471 41
44472 71
44473 61
44474 21
44475 71
44476 61
44477 61
44478 11
44479 61
44480 21
44481 11
44482 81
44483 01
44484 31
44485 21
44486 81
44487 31
44488 41
44489 41
44490 91
44491 41
44492 21
44493 71
44494 41
44495 61
44496 11
44497 21
44498 61
44499 11
44500 41
44501 21
44502 11
44503 01
44504 01
44505 91
44506 41
44507 21
44508 11
44509 21
44510 61
44511 11
44512 61
44513 61
44514 51
44515 41
44516 61
44517 31
44518 41
44519 21
44520 31
44521 81
44522 21
44523 51
44524 21
44525 21
44526 31
44527 01
44528 81
44529 11
44530 41
44531 61
44532 71
44533 61
44534 01
44535 31
44536 21
44537 61
44538 91
44539 61
44540 61
44541 91
44542 61
44543 41
44544 71
44545 21
44546 01
44547 11
44548 01
44549 61
44550 11
44551 81
44552 21
44553 71
44554 21
44555 61
44556 31
44557 21
44558 41
44559 51
44560 61
44561 81
44562 91
44563 81
44564 41
44565 11
44566 01
44567 41
44568 91
44569 61
44570 81
44571 11
44572 01
44573 41
44574 91
44575 01
44576 01
44577 31
44578 21
44579 01
44580 51
44581 01
44582 01
44583 71
44584 81
44585 01
44586 71
44587 61
44588 01
44589 71
44590 21
44591 41
44592 71
44593 81
44594 61
44595 51
44596 61
44597 81
44598 11
44599 61
44600 61
44601 31
44602 41
44603 01
44604 71
44605 61
44606 01
44607 11
44608 81
44609 01
44610 31
44611 81
44612 01
44613 51
44614 61
44615 21
44616 11
44617 41
44618 21
44619 31
44620 21
44621 41
44622 31
44623 01
44624 41
44625 51
44626 21
44627 81
44628 51
44629 01
44630 21
44631 11
44632 81
44633 61
44634 51
44635 21
44636 81
44637 91
44638 41
44639 01
44640 91
44641 01
44642 01
44643 31
44644 21
44645 21
44646 71
44647 21
44648 21
44649 11
44650 81
44651 01
44652 71
44653 81
44654 41
44655 91
44656 41
44657 81
44658 91
44659 41
44660 61
44661 71
44662 21
44663 21
44664 11
44665 01
44666 01
44667 71
44668 81
44669 61
44670 51
44671 41
44672 81
44673 11
44674 61
44675 41
44676 71
44677 41
44678 01
44679 51
44680 41
44681 21
44682 11
44683 61
44684 21
44685 91
44686 41
44687 81
44688 11
44689 81
44690 61
44691 71
44692 41
44693 21
44694 31
44695 01
44696 21
44697 31
44698 01
44699 21
44700 71
44701 61
44702 81
44703 31
44704 61
44705 21
44706 31
44707 61
44708 61
44709 31
44710 41
44711 21
44712 31
44713 21
44714 61
44715 91
44716 61
44717 01
44718 31
44719 01
44720 81
44721 51
44722 21
44723 01
44724 11
44725 41
44726 41
44727 51
44728 21
44729 01
44730 11
44731 41
44732 61
44733 71
44734 41
44735 21
44736 51
44737 41
44738 61
44739 71
44740 61
44741 61
44742 71
44743 61
44744 01
44745 91
44746 21
44747 61
44748 91
44749 21
44750 41
44751 91
44752 61
44753 01
44754 31
44755 61
44756 01
44757 71
44758 41
44759 81
44760 31
44761 41
44762 41
44763 11
44764 01
44765 81
44766 31
44767 21
44768 41
44769 11
44770 21
44771 81
44772 91
44773 41
44774 81
44775 91
44776 01
44777 01
44778 11
44779 61
44780 21
44781 71
44782 01
44783 01
44784 31
44785 81
44786 81
44787 91
44788 41
44789 01
44790 71
44791 01
44792 01
44793 31
44794 01
44795 61
44796 71
44797 21
44798 01
44799 91
44800 01
44801 01
44802 51
44803 01
44804 01
44805 51
44806 21
44807 41
44808 11
44809 81
44810 21
44811 71
44812 21
44813 21
44814 91
44815 81
44816 01
44817 71
44818 61
44819 81
44820 91
44821 41
44822 61
44823 71
44824 61
44825 61
44826 51
44827 41
44828 81
44829 71
44830 81
44831 61
44832 91
44833 21
44834 21
44835 51
44836 41
44837 81
44838 91
44839 41
44840 41
44841 71
44842 21
44843 21
44844 91
44845 41
44846 01
44847 71
44848 61
44849 41
44850 71
44851 41
44852 61
44853 31
44854 21
44855 01
44856 51
44857 01
44858 21
44859 91
44860 01
44861 21
44862 11
44863 61
44864 01
44865 71
44866 41
44867 81
44868 91
44869 01
44870 01
44871 71
44872 21
44873 81
44874 31
44875 21
44876 01
44877 31
44878 81
44879 41
44880 11
44881 01
44882 61
44883 91
44884 61
44885 81
44886 31
44887 61
44888 41
44889 91
44890 21
44891 21
44892 11
44893 21
44894 21
44895 31
44896 41
44897 41
44898 91
44899 21
44900 81
44901 31
44902 01
44903 01
44904 71
44905 21
44906 61
44907 91
44908 81
44909 61
44910 71
44911 41
44912 41
44913 11
44914 81
44915 01
44916 31
44917 21
44918 21
44919 71
44920 81
44921 81
44922 71
44923 41
44924 21
44925 71
44926 81
44927 41
44928 51
44929 61
44930 41
44931 51
44932 61
44933 21
44934 51
44935 21
44936 81
44937 91
44938 21
44939 01
44940 91
44941 01
44942 81
44943 71
44944 21
44945 21
44946 51
44947 01
44948 41
44949 11
44950 61
44951 21
44952 31
44953 41
44954 21
44955 51
44956 61
44957 21
44958 51
44959 41
44960 61
44961 71
44962 01
44963 01
44964 11
44965 01
44966 81
44967 91
44968 21
44969 61
44970 31
44971 01
44972 81
44973 31
44974 41
44975 41
44976 51
44977 61
44978 41
44979 91
44980 21
44981 81
44982 11
44983 21
44984 21
44985 91
44986 21
44987 41
44988 91
44989 81
44990 41
44991 71
44992 01
44993 61
44994 11
44995 41
44996 81
44997 51
44998 01
44999 01
45000 51
45001 61
45002 41
45003 11
45004 81
45005 61
45006 91
45007 21
45008 21
45009 31
45010 21
45011 61
45012 71
45013 01
45014 41
45015 71
45016 21
45017 01
45018 51
45019 21
45020 81
45021 31
45022 41
45023 81
45024 71
45025 21
45026 01
45027 91
45028 21
45029 61
45030 11
45031 61
45032 81
45033 31
45034 21
45035 41
45036 31
45037 61
45038 21
45039 31
45040 01
45041 21
45042 91
45043 01
45044 21
45045 71
45046 21
45047 61
45048 31
45049 61
45050 81
45051 91
45052 01
45053 61
45054 91
45055 81
45056 41
45057 51
45058 81
45059 81
45060 31
45061 41
45062 21
45063 31
45064 01
45065 81
45066 11
45067 81
45068 01
45069 11
45070 01
45071 81
45072 31
45073 21
45074 61
45075 31
45076 41
45077 01
45078 31
45079 41
45080 81
45081 91
45082 21
45083 41
45084 31
45085 81
45086 61
45087 91
45088 61
45089 01
45090 51
45091 41
45092 21
45093 91
45094 81
45095 41
45096 11
45097 41
45098 61
45099 11
45100 81
45101 41
45102 71
45103 01
45104 41
45105 31
45106 61
45107 01
45108 51
45109 81
45110 01
45111 51
45112 41
45113 41
45114 71
45115 01
45116 61
45117 51
45118 01
45119 41
45120 11
45121 01
45122 41
45123 51
45124 61
45125 81
45126 11
45127 61
45128 21
45129 91
45130 01
45131 61
45132 91
45133 61
45134 01
45135 11
45136 41
45137 21
45138 91
45139 41
45140 21
45141 11
45142 41
45143 21
45144 71
45145 21
45146 41
45147 31
45148 41
45149 61
45150 51
45151 21
45152 21
45153 91
45154 61
45155 21
45156 51
45157 41
45158 41
45159 31
45160 61
45161 61
45162 51
45163 61
45164 81
45165 91
45166 01
45167 01
45168 71
45169 61
45170 21
45171 71
45172 61
45173 81
45174 31
45175 81
45176 41
45177 51
45178 81
45179 01
45180 31
45181 41
45182 21
45183 51
45184 61
45185 81
45186 11
45187 01
45188 21
45189 91
45190 01
45191 01
45192 11
45193 61
45194 01
45195 51
45196 81
45197 81
45198 91
45199 81
45200 81
45201 91
45202 21
45203 61
45204 51
45205 81
45206 61
45207 11
45208 41
45209 61
45210 51
45211 61
45212 61
45213 91
45214 61
45215 61
45216 11
45217 61
45218 41
45219 71
45220 41
45221 61
45222 11
45223 01
45224 81
45225 31
45226 61
45227 21
45228 91
45229 01
45230 01
45231 71
45232 41
45233 81
45234 31
45235 21
45236 21
45237 91
45238 81
45239 41
45240 31
45241 21
45242 41
45243 91
45244 81
45245 61
45246 71
45247 01
45248 61
45249 31
45250 01
45251 81
45252 51
45253 21
45254 21
45255 31
45256 61
45257 61
45258 91
45259 21
45260 01
45261 11
45262 61
45263 01
45264 91
45265 61
45266 61
45267 71
45268 01
45269 61
45270 91
45271 21
45272 01
45273 71
45274 01
45275 41
45276 31
45277 61
45278 21
45279 71
45280 01
45281 21
45282 91
45283 41
45284 41
45285 71
45286 21
45287 01
45288 71
45289 21
45290 81
45291 31
45292 61
45293 41
45294 71
45295 21
45296 21
45297 11
45298 01
45299 61
45300 31
45301 41
45302 21
45303 71
45304 41
45305 81
45306 11
45307 21
45308 61
45309 31
45310 01
45311 21
45312 11
45313 21
45314 21
45315 71
45316 41
45317 41
45318 91
45319 61
45320 01
45321 31
45322 01
45323 41
45324 11
45325 81
45326 61
45327 31
45328 41
45329 41
45330 51
45331 81
45332 21
45333 71
45334 01
45335 81
45336 31
45337 21
45338 21
45339 11
45340 21
45341 81
45342 71
45343 81
45344 81
45345 91
45346 81
45347 81
45348 31
45349 61
45350 01
45351 91
45352 61
45353 61
45354 11
45355 41
45356 01
45357 31
45358 01
45359 01
45360 71
45361 01
45362 81
45363 11
45364 01
45365 61
45366 51
45367 41
45368 41
45369 91
45370 81
45371 61
45372 51
45373 21
45374 81
45375 51
45376 01
45377 61
45378 51
45379 21
45380 01
45381 31
45382 21
45383 81
45384 91
45385 81
45386 81
45387 31
45388 41
45389 81
45390 71
45391 41
45392 21
45393 11
45394 41
45395 01
45396 11
45397 61
45398 81
45399 51
45400 61
45401 61
45402 51
45403 01
45404 41
45405 91
45406 01
45407 41
45408 51
45409 41
45410 21
45411 11
45412 61
45413 01
45414 71
45415 21
45416 61
45417 71
45418 81
45419 61
45420 71
45421 21
45422 81
45423 11
45424 81
45425 81
45426 11
45427 41
45428 21
45429 51
45430 01
45431 41
45432 31
45433 21
45434 81
45435 91
45436 21
45437 01
45438 51
45439 61
45440 41
45441 31
45442 41
45443 21
45444 51
45445 01
45446 01
45447 31
45448 21
45449 81
45450 51
45451 01
45452 01
45453 51
45454 21
45455 01
45456 71
45457 41
45458 81
45459 91
45460 21
45461 21
45462 91
45463 41
45464 21
45465 31
45466 21
45467 01
45468 51
45469 21
45470 61
45471 31
45472 41
45473 81
45474 51
45475 61
45476 01
45477 91
45478 01
45479 41
45480 31
45481 61
45482 61
45483 51
45484 81
45485 01
45486 11
45487 21
45488 41
45489 71
45490 61
45491 21
45492 91
45493 01
45494 01
45495 51
45496 21
45497 61
45498 11
45499 81
45500 21
45501 91
45502 81
45503 21
45504 91
45505 01
45506 21
45507 51
45508 61
45509 01
45510 71
45511 81
45512 01
45513 91
45514 01
45515 41
45516 11
45517 81
45518 81
45519 71
45520 81
45521 81
45522 11
45523 21
45524 21
45525 71
45526 21
45527 41
45528 91
45529 61
45530 81
45531 71
45532 01
45533 41
45534 91
45535 61
45536 81
45537 31
45538 21
45539 61
45540 11
45541 41
45542 01
45543 31
45544 21
45545 21
45546 91
45547 21
45548 21
45549 11
45550 01
45551 61
45552 71
45553 81
45554 61
45555 11
45556 21
45557 81
45558 11
45559 21
45560 01
45561 11
45562 41
45563 61
45564 91
45565 61
45566 41
45567 71
45568 81
45569 61
45570 71
45571 61
45572 81
45573 11
45574 81
45575 21
45576 31
45577 41
45578 21
45579 91
45580 41
45581 01
45582 31
45583 61
45584 41
45585 71
45586 01
45587 41
45588 31
45589 21
45590 61
45591 11
45592 41
45593 21
45594 51
45595 41
45596 41
45597 31
45598 21
45599 21
45600 11
45601 21
45602 01
45603 91
45604 01
45605 01
45606 31
45607 81
45608 81
45609 31
45610 81
45611 41
45612 11
45613 81
45614 01
45615 31
45616 01
45617 01
45618 51
45619 61
45620 41
45621 71
45622 41
45623 21
45624 51
45625 41
45626 21
45627 31
45628 21
45629 21
45630 91
45631 61
45632 01
45633 91
45634 81
45635 81
45636 51
45637 81
45638 61
45639 51
45640 41
45641 01
45642 91
45643 41
45644 21
45645 71
45646 61
45647 01
45648 51
45649 61
45650 21
45651 51
45652 41
45653 21
45654 31
45655 61
45656 61
45657 31
45658 01
45659 81
45660 91
45661 81
45662 81
45663 91
45664 61
45665 01
45666 91
45667 21
45668 41
45669 11
45670 41
45671 61
45672 91
45673 41
45674 01
45675 31
45676 41
45677 01
45678 31
45679 61
45680 81
45681 91
45682 21
45683 61
45684 91
45685 81
45686 61
45687 11
45688 81
45689 81
45690 51
45691 61
45692 01
45693 31
45694 21
45695 61
45696 51
45697 21
45698 21
45699 51
45700 81
45701 41
45702 71
45703 21
45704 61
45705 31
45706 61
45707 21
45708 31
45709 41
45710 01
45711 71
45712 81
45713 41
45714 51
45715 21
45716 61
45717 71
45718 81
45719 01
45720 71
45721 21
45722 81
45723 51
45724 01
45725 81
45726 11
45727 81
45728 61
45729 11
45730 01
45731 81
45732 91
45733 01
45734 61
45735 31
45736 01
45737 61
45738 71
45739 41
45740 41
45741 31
45742 41
45743 61
45744 91
45745 01
45746 01
45747 71
45748 81
45749 01
45750 51
45751 41
45752 81
45753 51
45754 81
45755 41
45756 71
45757 81
45758 41
45759 11
45760 41
45761 61
45762 71
45763 41
45764 01
45765 31
45766 21
45767 41
45768 31
45769 61
45770 61
45771 71
45772 41
45773 61
45774 71
45775 01
45776 21
45777 71
45778 61
45779 41
45780 71
45781 01
45782 61
45783 31
45784 21
45785 61
45786 31
45787 01
45788 21
45789 51
45790 61
45791 61
45792 11
45793 21
45794 41
45795 91
45796 61
45797 41
45798 11
45799 41
45800 81
45801 91
45802 21
45803 81
45804 31
45805 81
45806 61
45807 31
45808 81
45809 01
45810 51
45811 81
45812 61
45813 51
45814 81
45815 81
45816 71
45817 21
45818 41
45819 51
45820 61
45821 01
45822 91
45823 81
45824 41
45825 31
45826 61
45827 41
45828 91
45829 81
45830 01
45831 91
45832 01
45833 61
45834 71
45835 41
45836 41
45837 51
45838 61
45839 81
45840 11
45841 41
45842 01
45843 71
45844 81
45845 21
45846 91
45847 61
45848 01
45849 91
45850 01
45851 01
45852 71
45853 01
45854 01
45855 51
45856 41
45857 01
45858 11
45859 81
45860 41
45861 91
45862 01
45863 21
45864 11
45865 61
45866 41
45867 11
45868 81
45869 21
45870 71
45871 01
45872 01
45873 71
45874 61
45875 61
45876 71
45877 61
45878 81
45879 71
45880 01
45881 41
45882 51
45883 21
45884 41
45885 91
45886 41
45887 61
45888 11
45889 41
45890 61
45891 51
45892 81
45893 81
45894 11
45895 81
45896 01
45897 11
45898 61
45899 41
45900 91
45901 81
45902 81
45903 31
45904 41
45905 01
45906 91
45907 61
45908 41
45909 51
45910 41
45911 01
45912 11
45913 81
45914 21
45915 71
45916 81
45917 01
45918 71
45919 61
45920 41
45921 11
45922 61
45923 81
45924 51
45925 81
45926 61
45927 51
45928 01
45929 61
45930 51
45931 01
45932 41
45933 71
45934 61
45935 01
45936 11
45937 81
45938 81
45939 11
45940 61
45941 81
45942 11
45943 61
45944 21
45945 11
45946 21
45947 81
45948 11
45949 01
45950 01
45951 11
45952 41
45953 41
45954 31
45955 61
45956 41
45957 51
45958 61
45959 81
45960 71
45961 41
45962 01
45963 71
45964 41
45965 01
45966 91
45967 61
45968 61
45969 51
45970 41
45971 01
45972 31
45973 41
45974 21
45975 71
45976 01
45977 21
45978 51
45979 61
45980 61
45981 91
45982 01
45983 21
45984 71
45985 21
45986 41
45987 11
45988 41
45989 61
45990 51
45991 01
45992 61
45993 91
45994 61
45995 01
45996 31
45997 61
45998 41
45999 11
46000 81
46001 21
46002 11
46003 41
46004 41
46005 11
46006 41
46007 61
46008 71
46009 61
46010 21
46011 51
46012 41
46013 81
46014 31
46015 61
46016 61
46017 91
46018 81
46019 81
46020 91
46021 41
46022 41
46023 31
46024 61
46025 61
46026 31
46027 41
46028 61
46029 71
46030 61
46031 01
46032 71
46033 61
46034 01
46035 31
46036 41
46037 61
46038 91
46039 61
46040 81
46041 51
46042 61
46043 41
46044 91
46045 41
46046 81
46047 11
46048 21
46049 41
46050 51
46051 21
46052 41
46053 11
46054 01
46055 21
46056 71
46057 21
46058 41
46059 51
46060 81
46061 01
46062 91
46063 81
46064 61
46065 91
46066 61
46067 41
46068 11
46069 01
46070 81
46071 91
46072 21
46073 41
46074 11
46075 81
46076 61
46077 91
46078 41
46079 41
46080 51
46081 41
46082 01
46083 71
46084 01
46085 41
46086 91
46087 61
46088 21
46089 71
46090 61
46091 01
46092 91
46093 41
46094 01
46095 31
46096 61
46097 01
46098 31
46099 61
46100 01
46101 51
46102 21
46103 61
46104 11
46105 01
46106 41
46107 11
46108 01
46109 61
46110 91
46111 01
46112 21
46113 71
46114 01
46115 21
46116 91
46117 21
46118 21
46119 51
46120 01
46121 61
46122 71
46123 21
46124 81
46125 11
46126 21
46127 21
46128 51
46129 81
46130 01
46131 51
46132 01
46133 41
46134 71
46135 01
46136 21
46137 31
46138 01
46139 41
46140 71
46141 61
46142 81
46143 51
46144 21
46145 21
46146 31
46147 81
46148 81
46149 11
46150 41
46151 41
46152 11
46153 61
46154 01
46155 11
46156 01
46157 81
46158 91
46159 41
46160 81
46161 51
46162 21
46163 21
46164 31
46165 41
46166 41
46167 71
46168 01
46169 61
46170 11
46171 61
46172 01
46173 71
46174 21
46175 41
46176 51
46177 61
46178 41
46179 31
46180 21
46181 81
46182 11
46183 61
46184 41
46185 91
46186 21
46187 81
46188 31
46189 41
46190 41
46191 11
46192 61
46193 41
46194 91
46195 81
46196 61
46197 11
46198 21
46199 81
46200 51
46201 61
46202 41
46203 51
46204 21
46205 61
46206 91
46207 61
46208 81
46209 51
46210 21
46211 01
46212 51
46213 01
46214 01
46215 11
46216 21
46217 41
46218 11
46219 41
46220 01
46221 71
46222 21
46223 81
46224 51
46225 21
46226 01
46227 31
46228 01
46229 01
46230 11
46231 01
46232 81
46233 11
46234 41
46235 81
46236 51
46237 41
46238 81
46239 31
46240 41
46241 61
46242 91
46243 81
46244 61
46245 31
46246 41
46247 41
46248 11
46249 41
46250 81
46251 31
46252 21
46253 81
46254 31
46255 21
46256 81
46257 31
46258 81
46259 41
46260 91
46261 41
46262 61
46263 91
46264 41
46265 61
46266 51
46267 61
46268 21
46269 11
46270 81
46271 81
46272 91
46273 81
46274 41
46275 71
46276 01
46277 41
46278 91
46279 21
46280 61
46281 11
46282 01
46283 01
46284 51
46285 41
46286 01
46287 91
46288 61
46289 21
46290 71
46291 61
46292 21
46293 11
46294 61
46295 21
46296 71
46297 61
46298 01
46299 31
46300 81
46301 41
46302 71
46303 41
46304 01
46305 31
46306 61
46307 41
46308 31
46309 61
46310 01
46311 91
46312 41
46313 61
46314 11
46315 41
46316 81
46317 71
46318 01
46319 01
46320 51
46321 81
46322 01
46323 11
46324 81
46325 81
46326 11
46327 01
46328 21
46329 51
46330 01
46331 01
46332 11
46333 21
46334 81
46335 51
46336 81
46337 41
46338 51
46339 21
46340 81
46341 51
46342 61
46343 81
46344 71
46345 41
46346 81
46347 51
46348 21
46349 81
46350 51
46351 61
46352 61
46353 51
46354 21
46355 61
46356 11
46357 21
46358 81
46359 51
46360 41
46361 21
46362 31
46363 01
46364 21
46365 91
46366 61
46367 81
46368 31
46369 81
46370 81
46371 31
46372 61
46373 81
46374 51
46375 21
46376 21
46377 51
46378 01
46379 01
46380 31
46381 81
46382 41
46383 11
46384 61
46385 21
46386 51
46387 21
46388 01
46389 31
46390 61
46391 41
46392 51
46393 41
46394 81
46395 71
46396 41
46397 81
46398 11
46399 41
46400 01
46401 71
46402 41
46403 81
46404 51
46405 21
46406 21
46407 91
46408 01
46409 01
46410 31
46411 21
46412 61
46413 11
46414 61
46415 61
46416 91
46417 81
46418 01
46419 71
46420 21
46421 21
46422 31
46423 81
46424 61
46425 31
46426 61
46427 61
46428 11
46429 41
46430 01
46431 11
46432 81
46433 81
46434 51
46435 61
46436 81
46437 11
46438 01
46439 41
46440 11
46441 21
46442 21
46443 51
46444 61
46445 01
46446 51
46447 01
46448 21
46449 11
46450 01
46451 21
46452 11
46453 81
46454 61
46455 71
46456 41
46457 01
46458 11
46459 81
46460 01
46461 91
46462 01
46463 21
46464 71
46465 41
46466 41
46467 11
46468 41
46469 81
46470 11
46471 01
46472 61
46473 11
46474 81
46475 81
46476 31
46477 81
46478 21
46479 51
46480 21
46481 41
46482 51
46483 21
46484 01
46485 51
46486 41
46487 61
46488 71
46489 81
46490 41
46491 51
46492 41
46493 01
46494 11
46495 21
46496 61
46497 11
46498 21
46499 81
46500 71
46501 61
46502 41
46503 51
46504 41
46505 21
46506 91
46507 61
46508 01
46509 71
46510 01
46511 01
46512 71
46513 81
46514 41
46515 51
46516 41
46517 81
46518 91
46519 01
46520 41
46521 71
46522 21
46523 81
46524 71
46525 41
46526 01
46527 31
46528 21
46529 81
46530 71
46531 01
46532 01
46533 51
46534 41
46535 61
46536 71
46537 41
46538 01
46539 11
46540 01
46541 21
46542 11
46543 21
46544 61
46545 71
46546 41
46547 41
46548 31
46549 81
46550 01
46551 31
46552 41
46553 81
46554 71
46555 81
46556 01
46557 91
46558 21
46559 21
46560 91
46561 61
46562 81
46563 91
46564 81
46565 81
46566 31
46567 21
46568 61
46569 51
46570 21
46571 81
46572 11
46573 41
46574 01
46575 91
46576 21
46577 61
46578 31
46579 21
46580 41
46581 91
46582 01
46583 21
46584 31
46585 61
46586 41
46587 11
46588 01
46589 81
46590 71
46591 01
46592 21
46593 91
46594 41
46595 61
46596 91
46597 41
46598 21
46599 11
46600 21
46601 81
46602 31
46603 81
46604 81
46605 91
46606 41
46607 61
46608 31
46609 61
46610 61
46611 51
46612 01
46613 61
46614 71
46615 81
46616 21
46617 51
46618 61
46619 21
46620 11
46621 81
46622 01
46623 11
46624 01
46625 61
46626 11
46627 01
46628 41
46629 91
46630 41
46631 01
46632 31
46633 21
46634 41
46635 71
46636 01
46637 01
46638 11
46639 21
46640 61
46641 71
46642 01
46643 61
46644 51
46645 01
46646 81
46647 51
46648 41
46649 81
46650 31
46651 61
46652 81
46653 11
46654 01
46655 01
46656 31
46657 41
46658 41
46659 31
46660 81
46661 01
46662 51
46663 61
46664 01
46665 91
46666 21
46667 01
46668 91
46669 21
46670 41
46671 31
46672 81
46673 01
46674 31
46675 01
46676 41
46677 31
46678 41
46679 21
46680 91
46681 21
46682 21
46683 51
46684 81
46685 41
46686 51
46687 01
46688 41
46689 11
46690 21
46691 21
46692 31
46693 41
46694 81
46695 31
46696 61
46697 21
46698 11
46699 01
46700 01
46701 71
46702 61
46703 41
46704 31
46705 21
46706 41
46707 11
46708 61
46709 41
46710 51
46711 01
46712 81
46713 31
46714 01
46715 01
46716 51
46717 61
46718 01
46719 31
46720 01
46721 81
46722 71
46723 41
46724 21
46725 31
46726 81
46727 41
46728 51
46729 21
46730 21
46731 51
46732 61
46733 81
46734 11
46735 61
46736 81
46737 51
46738 61
46739 21
46740 11
46741 61
46742 01
46743 11
46744 01
46745 41
46746 51
46747 01
46748 41
46749 71
46750 21
46751 21
46752 31
46753 01
46754 61
46755 31
46756 61
46757 81
46758 71
46759 41
46760 01
46761 31
46762 01
46763 61
46764 51
46765 81
46766 61
46767 51
46768 41
46769 61
46770 51
46771 01
46772 81
46773 91
46774 61
46775 01
46776 51
46777 21
46778 41
46779 11
46780 01
46781 41
46782 91
46783 41
46784 61
46785 91
46786 81
46787 01
46788 91
46789 01
46790 01
46791 11
46792 81
46793 81
46794 31
46795 61
46796 81
46797 11
46798 81
46799 81
46800 11
46801 21
46802 01
46803 31
46804 81
46805 01
46806 31
46807 21
46808 81
46809 71
46810 81
46811 81
46812 31
46813 21
46814 21
46815 71
46816 41
46817 01
46818 91
46819 61
46820 01
46821 91
46822 81
46823 41
46824 11
46825 41
46826 21
46827 71
46828 41
46829 01
46830 91
46831 01
46832 41
46833 31
46834 21
46835 21
46836 11
46837 41
46838 21
46839 11
46840 21
46841 41
46842 31
46843 81
46844 81
46845 51
46846 21
46847 61
46848 31
46849 21
46850 21
46851 91
46852 01
46853 21
46854 11
46855 01
46856 41
46857 11
46858 81
46859 61
46860 91
