0 1
1 1
2 2
3 4
4 10
5 27
6 83
7 277
8 1015
9 4007
10 17047
11 77451
12 374889
13 1923168
14 10427250
15 59544957
16 357236992
17 2245822801
18 14762969601
19 101264286082
20 723499803180
21 5375063821727
22 41459660565329
23 331546282841906
24 2745163969235517
25 23505333233440927
26 207895424692608432
27 1897328490649080946
28 17849585827752947160
29 172940784376914294320
30 1724132613983301643291
31 17672190415016699530247
32 186088490323582236875122
33 2011590766111824055515089
34 22307426977561155799776315
35 253608354340191071213243214
36 2954002989117295739297409761
37 35231743179106990019388496013
38 430019513596154450755721386486
39 5368335014608782595226279211365
40 68511870975862607223607422536112
41 893416988690788548898616303638085
42 11898754508288316662398334414877902
43 161775680097307003105556103940588051
44 2244414707658146052445068134256725384
45 31760879084479989695732726367674532080
46 458258015216393748142969821211947967892
47 6738933417956336522333689590678499403585
48 100966564725141820881083865620059097004883
49 1540696550524119340543248665362294426014941
50 23936642338673155499714037655009336920762702
51 378507753477421198411481736287027240955363944
52 6089977250959221283583076919521083910904201163
53 99667740927821204192985645421590562740334267862
54 1658688665803069928669116211592150641346800259705
55 28062350050351257677890337072883584989801894907765
56 482518284192670489850633827658184248636523325363202
57 8429846383952876745314245383607906410142873876282619
58 149599785569512985408759693274851474221286027129609457
59 2696128005956013995175704400613796534943080254245150226
60 49333784314295207737437488511773499483398527274478762469
61 916309317931270523338988619128349529013145617080642427698
62 17271734052033241289696675347927949762478550153400391493585
63 330317272692583771325574402108736164361488182672129608402876
64 6408202868278721496733305037210980451877614101038544359703773
65 126084480985523250771691664442953228330145805952806539773735263
66 2515479445071831570229608990348096041844699306010659563146639618
67 50877931632209210312877163376018372372773767533718518970856341575
68 1043051567672568331758160574089143657471762220383165370762879443621
69 21670560072923279344337137697847534353655632383820307956682092191884
70 456189232533516527144319948332225647573695546520485749830151916108466
71 9728705237162517149979168438111340812011721585242561446958799805014309
72 210148717824295679511915234721345626069776387770827981719814640513429863
73 4597149192781529535947405179097808596279322087764340798831632227673359428
74 101828866131143679343261544463110843289251564931064304440834731447280732319
75 2283524823842909322806224037274484190175123526597328958000762817575822774722
76 51835446666559766585770556126302358178276200898378223702815955661804957338093
77 1190884448951521527713466571592972787553224637770200942258758337072249990224954
78 27686690022954852099415598862951097096277396544013999868660816356565633410074388
79 651282739375115340330331682328527808081132717749712932049505119030234610931266660
80 15499052729377570923547523359141706739414592416777430138074486251341838321509958288
81 373094761898655309851807594938270502069632320367715722688738415503034611518817671183
82 9083521908590425524788251950311313673493213463208984042796381193966072979684867085757
83 223642598394764944752677504826666925864160870573763999907276217589555919234532756432848
84 5567564148362824369467020292030070713150636627330139596953585110755498325561247229988850
85 140130569622249234824625436565666766345816381393814874929597031864066303850844345521995524
86 3565374931631816802485318423168903939526505858015020945025893538973031184350832704340239128
87 91691913607444822763915773476950270659101731808689608900543942426398555710895764002696850924
88 2383199146327473322683320446279774422614691237033267483240180969557221598010912375465800308665
89 62595646713930029736212030539372166384418375346310868528852205073327773851144137092164084546787
90 1661248083066886632333949429167824220459250906116703662854660877784030356027637698084758488119177
91 44543515937351182225456372947432413700820080833448320075276256182486928502356180557735312795307872
92 1206557938974288533136862414287676814243196713502519023136787018166109795057163525022538449813260328
93 33012662061846051265935873099506201938393689816830874071598050230691182410713011050672482366043360340
94 912299619106364728067332026466255133453964998528432168658089297714282766298575591738197388626327843100
95 25461021070561005911174744036062113396127883351473615100351367248210412796311340280341059430413807285000
96 717551650382225699746703737882027655933516965264520095994688122528015151673964331346315921049517305029951
97 20418697524801554614594270081220700158772837618268413978406223870003168716175671577834647133695777142780593
98 586623854066359737952406963994895031100973733753135130913538752352538475737639980367742546550042055597638840
99 17014073409720496056147539782089153142961516284117010563113742924858499588445892640552321986113844880109638390
100 498120752253239518021567266084073381501148855389023221093779057363088591138541016619707957082002249118171284741
101 14719745773608284355050983792853527509831467287886726264777636741720143059265036856945288447263872307740733620116
102 439003150661261643523035008156319944246076662221722765560289600657369035050952555927780910848836344148989038980779
103 13212945160544880654035052840475797779219250885689890913388361803229132257671575075535125356657585139964850737516775
104 401291527709989712192404427581024764357242182683065534994834835570339542974394035968005651052516263599039474945295336
105 12297393501926207730492847385967233337312790940390356421730805700215041871343218922159747812994953757554790470580647316
106 380210296338201913254084947224640167329434190404999056858301238850905461458466741616589948599510201358519658365699325779
107 11859272043833144332810895556384220347586732694692715934177383321969436127868808621232282312936377340646976322467180179907
108 373148572830233854957072267603227284895443849693078217267204867047959859438854112000410481818493887489514359278976524942306
109 11843006535945675121204019751681885059966030935587904090885418137314169336946112457197265992720436493269588309085513481373910
110 379110661331176653396509828797416788851927375621016880804781179404787514286695929605866286494705860300179018559707664070773805
111 12239448499715219438346295714127543965420483840293889004866275846454307128127553694559838094342693304338730865480986289366323743
112 398490571574827356275836995475593648705508429573505525846645145949498070576155390684048340462640408512441160422592027566011809133
113 13082889187265677904332389593127359271576803145466678518859895502340927207815824980598174465368767042350452703452234866065276411284
114 433100086683798013214337169693152408125724214297588184903547150354370202617671390873156346474790302804848953093826703391115978662316
115 14455794488507568773848671095981304648579484579330166737856882334085612445120018807213723278646496513544521797273668100889240173042047
116 486446782115793064618601759691633262630840485201047719484837418363231662559974929250132273303194271377218026881536646395498775985576101
117 16502108944498607808057101191925552348307230397295600446094363856622303816122603392746831078829112085027135769698776327891167215616274163
118 564320534020487179200135379175439755957529078703530239999255096037156735347459734390608885850556369283507486747485097917287157680721524111
119 19452102422194586468835359407009755251343298946091997153161460917306024263682452903895728230167555539471551886543404936543285342550961549248
120 675824582123779121278468995030751086046034014605299833459135491441750962329953907986989658022505530063159005707524247751988096389471575772892
121 23664702765081591348736684846582907274124644689215655725115144857251600692364991275765368470634605839136743604898711789740092469650825035774697
122 835104980194627444798949215210178181386890072818611814003021223967959754335686246416002240768953909523946706287911855595479865215099381425776001
123 29698039389227021307051873622515922591985621320097162353073088509428437291664080050058520204787763627230624475227009388133456899979241184825113390
124 1064229549170557923057533463555498233173971495893384116546358601623314381007570966522518042011110048252384937170434219455311853779744246551375060476
125 38427153802150526913101610749052552710720935630179439156566473175022350868051899279749435282400217249652882352405974577880900365023716082078387626483
126 1398013696127199585239354346391927084421692885674389940887129881275456422539695130166284180893220710887010184167267307784962334375102877917328809677636
127 51242492659824468525362377836312528523441114417464014222208714864700554284299532596005339828745987500090854440182143080973559282840126756742353430007854
128 1892214501057123427632660828272264909989183546297342079078131976508632516086373990917340640858489881347729405657556579939010035476767688667810341686754013
129 70389491776221404627550049412064265683551820466148094283407884982771003335297261315033479836022032575063073195934039233371209254932483541712752746721715336
130 2637661372335530586992764741978612720334229235744315429789576337216087016594117351986711828270274670263722911854375444658975402903018320404434872287087188398
131 99559050345616595169297047808282483636441909665062074056425343665492865390034128520646607939516885513804755216578286117662207977947757206873753806333392954817
132 3785036199710966470923152253349606545659551589503284377824584779590694624926438759316316041183927998580224245776943242718378805245959748608927894257467118685641
133 144932017339451784985118243754667271986921117286769175942437658497975879871899819130324525701923974422489192614841819452516333463653972876095088204953308159360623
134 5589093721251972682346657608747754073228559013887390110166363907519686544376705696748857793671437791151949612714665283139898791748057052421419406245120202933958463
135 217059734497889691372292189211285613524913377158969763068451861025776765763912022795675429789774019123376571200483509368601285235654660811721878904490965821757454894
136 8488996213112656404310662461941923561353471336334997416990202162510409949838884970452310150330433211371022442012518837366273047234411137628429436937575553551674288506
137 334311480546558935433263174079024174630751012261975296121651525911788369336287255429675527522535261327182319109970742876240183577961951878286071795731032856318219420478
138 13256934195083278140088116642318888117914379540334866700883992719830354995380468844697369207225363438729535897074748881716225470315751827541207662698830808147072399397951
139 529311147865803521532726495514834979698731396720408332290206194725957897849494766825457387986038389927700020660079663287925255560619302236874455016670951659735947309569502
140 21278189377493578190845351995531018036535050402987366082188741497011539564644963438258864889113434336994534607021334680200871914022978903561703774734795425166797680527171822
141 861179783195318002933950856703747744702897949085112842112027618027018346600025095550259805785375061850803168872194635206689421902360783163710207636260066743359784167369401307
142 35088808539672760666176150752844878799946931484566757513811191879607207507908547287902462495408606637322805686094423882272899872740844587496569843933536253381237029680068147755
143 1439260607552554781349405287794174111236289875981726885252837958304502221303414090943701676079512753182544566396796583329346315981403610229294347848231405740811103970805264997605
144 59427426351374370951568685730188456645114707410319256108083537874337989176052272648058029641328048096552451237960462130038600758748732784816021332068078247173423939774328747038164
145 2469971689725941558358018274385478075013480468934982836954234134376899900811106639370181487301521250280944060447595289929238730670828110452331958832382536796889285135283525325980770
146 103332218614057062129613475722874001143340910154080749934914265186904115687894596756563737051182147031116343861461943461321798382072227950664512884857678844597679085989941390024076608
147 4351105988183069761062743482029506473967985107807989375197823476211941446578039666533396424014428541549827738323167259971781056938022858183130872772445907127117477786339802570437901363
148 184401881306245162645961385798160146909743900889907207625603108287525142423380928831150063617433647094379467600469480031183559604683054898598432656376293366179552558279503648121821520143
149 7865289185094342896643345350464739137857455330701575199689784926320231107321867842451535565207105462498323529119173174558944846731807591688783480944019248565511116614882892374788035235351
150 337621289549767736694134013102236641520729616283082129813058244453596400145758191938050226411080997477651401267726916305040099299324852148865904302271693576036824884627055321181267871428713
151 14584551682528695933732342001148415847029920030692783922215930078769818869984578061696122440011294395651135055920307967131789530447155702772173491706882263003405648085804163347112688699491113
152 633996772152430422916196743491906547412263715257751137948481672247151614471399478128990401779919520360968316689053388985997320790282637407376517496120638198766688507338848324852158349322123395
153 27732850285757476101151054348058826601810690872204073037909664461074145141688856948824494313892328690293195548845090488231779856904928760660803623822807437181776431853244798344241871158491729199
154 1220670573251422107784624310675982839169875595712876859835009554119813099933556050992186968393530008721069574985510625564740267360575724249546753062102219386642814962722519715526081558153395145742
155 54060763299204445920430598068258326574001396333998708702149089363399981483187332730757007838913067623944025974043075837538350568972400717616214517504958594239983597057592995700878150413066875605649
156 2408956915178927664247198401319875537765073861878996201323062658122800326181225550376065817031478036029847622796459088389256456976727525158537179687271738719891835259377155653401687812043042339609637
157 107999734616189290889977991841622498318235022873913869174877424129976454863253162224735416907982291858155937666627221968586862263569700474228373712527215254908902744263658446419083055558793501094258173
158 4871323555306700852563398843205582625416486225897508210587698646685171517099246483198312496203032741289209511116933626858341982785760514902006140656021290530453480592930360782614558278554265441069047999
159 221047664353016949623780784743880802174132846100375784371385720258551727892221426199637787648599733274419967831389657065888090879607736568022992979516315807761257932517201334798147314009314485234007238105
160 10090757662911256173929702705260761810589570839892730552796179224649823937886793225493539470216579379383733553906625855117674141500885065018464232104371833947570497117414096908599548616564339219989572131421
161 463388157889201344622160188477429634930933726216357442775399619859820727231383730789803862678464329777579467720686438392322920642223997379395002298997539751918060287259930000656365983418795517031678442334586
162 21405924886608307762513522032398747251170842323621882569142734046219355076706031620811065168718440453644871441007726166964068123801703204397212169731305696598236153279106540135761753390104369369793018198887026
163 994662537143665894075789569717848569057838900402387752574292630502410267886700098626410529391788087644097913067318997703363834896960262572114166959968167124426890880191258799312455832384753232329383310247849315
164 46489533543945876089910015025628124771292840048868538768574418977576927824543831586924953504306868853476031137630128830580452234496770388685822214333016077609374433633286357184838574889297376980611227619123268223
165 2185533274150867860051978609935611891383798040764961368735623709297027920694877381558792112957188494925766477343790688696583620969876224420724848733990733626923854144610724609589627619689018277789008633592350836883
166 103339838879439265957704903676838445804631863476377025329128705094205478563633895976129184864232181410684051407545968659441513838176292952315807023231668045412345610844431248670819204230158826474867304995792070980210
167 4914414087902260586081866180560417504118373191110183602330425903727932727859310430887390939456257636889499416109124861122481806483692065312518029187589724801738581189161030118109086581588556891224784414172510502499209
168 235047144311845161977474464049949869285096019092622932897044269662615211711676652424169394688081032289282918162542327040431427677390313191491172308854646440678055238567134708000245867482885276256537906904812982007217483
169 11305851974016258816494063247244513913614393742331829260861726372384415410131137902297984735623741628847646370300692922427653271810198925590254038587268414770537965137730960125859542137262199766608681714435876741767810679
170 546893392359961064445070916475601962506829915577756261880248264326784213519203783249226740476884005154203065994124137019558016827197902352683021985383413462290342389663311641261189191278176340905642819830365221121400552808
171 26603529787778406121283509080758863215245587241936890132071373883998709903019403065226947301802744708922549204016739406469376860467861289912883318358299484586212529667535396440761084597139739170926681143435923386826405852364
172 1301365690629311865698131837258248542486617839759640502261100500812173780811940466811566276407009536460071373711053862025546411482717719894657532209301049488359368295838271032064121472353034677324781064154883899131452000449143
173 64013179022598824932224501487668881298703100135292302445552798364746162033583766644249562669093149649535930430124319872044269504572656564191509102052945391021457381149136573973183645062404228098074118461023970674499465538270309
174 3166182861897459473792601292974604962751268316807811570284443515391741309739917817243936065908809145769936910907179909406526018055690790511614510554988003646928769477571037725215305261059093453088362894531164650608507055932794996
175 157465674472816525773858882730199009583862495434533948993671104056871294534374660976516201012293151933590813633062892813022130307478544659894739818865998937254239926818186854801245311590395833141350362168978576365265665151820911118
176 7874192074922875648849761595356262235277893508782203607847747954036283363870332857875623318364624118983741111098328890965107659735766409101710632381697258294932384515611507784233533820613105243935764465087539714451771190251439848618
177 395898042291107984315155281699891434839538887548054898786317685634392715738589845025849935685860639424720542869956244754116081633221323513185291944931043834337393158532434001981350482356840369828327712517633268504477354468869479851227
178 20012674392094730323627411024392523812015919633261797424786641118588619874773562890480720283555611963823271096606108176492621456306203513533061060122022225820957071794624514795822784791332429337013808369156658483634293459814271733567929
179 1017088283186361570982174618945440974313557870750922589792525926994874247785587905512130763923929636767712771320033264546148439129632876948695183791420584160238096598358330794659231895611165391004299151137357920825428320132500036013117628
180 51967446533809879771737880598876768892083207664794940319110985020161378845060558963779828459462270305770491646880877502253316179720726959016931901288014180773448528372559191886800102315614885246781814376141658107554910440369397759080994173
181 2669383072250320538023034885689895254646802365061099819289087400810787496907062570807214724780130425349782234718815416721932016945945683716343783485447477580911719396087692206954996478173054134199523134349409344136835822631567343134060194495
182 137843073847416618019125934170757238438338331666750091260504364433999077660879537003257855887195483304535259636027253162976949885942210700428207501830846667905940094470205421249176343735905589441264437960497548916468439576164416469882227468965
183 7155522881390495651439608033867209921394520221557705091114358532995952979489110530172941503368302663915752575677090588803020471527392501724995536368680661044645055853762429011713967184453612465775428456273304611657277835535866452835690468694697
184 373394711937991374444279813754054619164694034678319106000063907359089903215638373022122472441426378207149130683307868722856563262800088187051935912705707251640371551967309867469776043730215399591446228104306983196842624128790728338218934154439217
185 19586346100054813242397440593112382056366914648024033134914859709006964960967018659888302864557955599433601190700630049608540244689658798435972480172997156739538094751134687573727057676379138751949603330073471274154698768951609874820155711202607415
186 1032726671491945243616328218893932719053827936963911535425099444774038783216186364180553554287417135083219562564335384569807190677877063856498630853941459798020656234985686533105649591470576487585352708353152734548235514395825961145438350475741030102
187 54733399994159828529171188850363284036770538125471578016769810425409819320513675087536129167301367208425143858822656747022214429316560447460856361336463781338493237346903476265449050964610794602151025907464618205617544541422278540789986062602420338135
188 2915701114032753942075329119483931603770704298868269367302040197291430326488529979714672992167405278358354872958132596964398779093166391405126415686263015772982147146073690183627017669975538038440551414751802905911921467290576372287002524653339245910622
189 156115389455747572290677540727905287667361944683693264337375507240930881809620735096542270488334947789721651993739336239506238481468419597851300213478778163395079893432759160384050357194000810029347798983313028064653195932022988597582252255285303532213042
190 8401353949752974821569187543442483219217916610244361492952245409010934570457026545429490454242818888905449399308826702708189186241538759496628534114806698105220275886675096563906434313125461803454527902109644264923386290005372664233732997009841846761063006
191 454404397980114337006135299107515754626398577595524379160582228272899900398125659029164097676557051841662164055635339263099965720272909515564810201660524237272112305481859212653988895186404984142997411788108558815760657267368791840728325123373698752219963071
192 24700991727565593383458324202396570309244404264804331907283935672964699398590504588054559439648303601716500530956798729028746228439834189454002122972505402634575810972460400762292100441305629175510512691740406817130563183520223729418865372322644460029499797660
193 1349441080403403879401276258138490590921479913008253583728822605177937370986295263006198241181288722552097446991728758015689843554025399233643904307920045733811706980403215543435291994524904029590372986032746328267710674178092592509394451375707512039639405846844
194 74088414161553061522963402249114580075523231491059611435246541764210067565433224416594334113931037700959876023633953146419597586650740567945202469609362623333795694220512236253641587688244851139034052065012854682743742935993118099494220861274879755186326623079492
195 4087829529473896720681090021535805013430054932562709079427044806773968298123511346031482691184678144691145427310143084933925861530838782992583266167478309633066665730221944135429679356150258424181475659687275582108693854302867957635704986243892954318440860219872450
196 226657835503978486987541622136094117507697464008079399846429883807738652012581651337417448605631721392242003388833150988989165998469316440155019219789253299878314544365639009125847785718136645764963722701561929958971470487132607081461903310627180962435692957269013992
197 12629136658728839403050461289340392640843598791927056358854426111167648033492321207284949050358044072352017450117173297112071697867837378814168853496195769811368037812218533615548354450152017223370487328914385529764812621592902039872466976970584312182399740506846365811
198 707116773221739019086654998725671782700642991493005647218648966320548829917833492758266243485928781952939090092725834108543097830673450805843417527400533052877777395194859563346063474661113743172617746113332662960489172827242546015117198869034937212729008667287164797735
199 39784403752196710126465156247615088091584126132932112574374874330086997261383384804203701050480758211025512637599904049359976206401630888640937061076002585774443505551811469829305409842827072636650591580739476955577477594486071752235923962710752305715445278456026813182373
200 2249202691311063802426334177200300067718957808121343834168220051609049889627183935992675334041026299634379407741447690271782494143596269120875621536904092259284171935007257062575661112243706037990880731568113806502333596809672814342795492403346631927849802184795363667767988
201 127769809841352368184707828240751004584080120129154708470887488359573232112305564914047315700223667523501507951154081996746051632887813195601844445385039200866338562721824823038441623735190990550835190398444684764368928174669729505186964040208551859665801058415737508820198564
202 7292925883591391046419555141922979511127128769395199973805679532490774124326903444163439359110869309238388928708870202395947258705212493039920389850831490011283000003610843694820307627690663317454049064373005364187530760116420997706275483618450747161493836567783686778620728077
203 418253255093115617523196714554185242470988044819673358131735273157594211833060577945375684828018283533469007138511048435169641395059315500654473464116679131828806108723246878661526764366268817757803190115734970748947089853081650280283590744785279974093454457465752786940189025799
204 24100775243913341128619288692651403396416391424437489502350639939465036179861732441261030082368247788875333334306441368498717991693870046721901005128616112000577985862786766187436466986350239969215623060514838585356035739715964143299793566376071822026958359541800349327680028980674
205 1395298469388852400048224216722214867382935992651330060505978715200720418390617171623739447193390243124211044607846026731777921798232219417354988528428739614826933450264244277562951426257579841548545991557700333215949163411811234195004733231826711602051655611794571031747526357292446
206 81159246414973564761966733578527002976033118127141972211811710766530209542159241836696652016735420028854058077492936098077757807866883284077360316128503490678391344063736977867902420802274991321893805247481642651644817137062367052106696119258438456363896728109245431826485759564620578
207 4742792541253222573275328084346044404509165717276687650591242595149002089305495626444601595446840507192279787040900576024138613956970145628850801796103456874878498495911176639402214555473286104515666557648500583794928151952124617901892721770156413011244037411830541657948432223232878256
208 278449232953093146346877205043978266586929360692128739492672433516160869728185170581781369344658694330238746805929235587720076531766657757134104032918568813008186541074291707484546953293117239809905347344376769946761854907254116036420811881186317662750896216115027281843368762767192406837
209 16423447556700119343630500525981360450301204102027926091897000066738399003555683643912608541628961461253878467161482819869728979319811974554464403189489243351009893050715840110069981188214792232934732190217590201626262631174886636275147921612312182541664125704664658961062880590004761430169
210 973149919108619327375866722985563383677979293932720051774591139415205637060298931071179630391279092292285089936157211940632022964150096979301152280617442031490974072645328374917296458663149114379845856218971952167589637559807578380198961830712828915834904010306236675705151267954038145812283
211 57927274646513375061827395450191650611709374302482089844030375989549533564474306931309076941949187733735903119431148015273100291697996024269659458849180412696083929512805662728730634835680721725394121805274177502483165314241480436187358075605943479339115724927185137448877635309297998748052560
212 3463899244176541592820013762237334123881031519838898114387079661442283805608785879884759800482827351174554744775336046224736959206119677876483724462343276812747323391859457671784778309597853001409836441720772184090891675921160817298975716934269565850083781668694580760992277718174281022151127740
213 208073697580673792193071140734667111007070993871046848775194566854250364750507836759787732060896757228708728843047696623304158175077820550750556537332176780983115597916487361529645238834714013377051560051918246624629088429041539325959077651067650953234889953828810725999871717716295685986346531169
214 12555382562307504307528851116128750718018757801184243799563293691382840486629154207588534978987534296190262673012969033828858253351541941644332094315414948555531618419002453155032008114206605694059842818744017599792974704384737068431995740185935492073351605091198929344109712461009227894064461652010
215 761017564300553463459012830131042200173664684464892472562116627916865074867574632547491010313360752567287105586008546470883514621415099873809838971426032419828124015513146722389746312972738225930690266810359368996553696919227960023952163680721102175039878788378698669543416625543993466312433076609617
216 46334298162785626211737660214415854935474419925205373670583249412064156352947483318598469666781149985578582796746384281081416646739755265739370655401466695499885724763655236023093662285550349660589398338206774376525674918979869714798030548718590322045796101802022417183759413201214567190801803994333590
217 2833641919127109469180936152769813366097905803762428536967201011307994686399913706956853995956105984914942623968790129019688565888202513818047955474717425026093641355429118025814296406428909512600630013971771830861176596443293869845020778938148669753072361635911170939061570720499984409602845005120755271
218 174065695388210342992478011043592997598265351061218645325339555625202068184097868670878174585533332034639676775317183027813262158684836972641002982509659325607904655262692487239959211038888034657819156075696939702850317874950902968070181126277593743106714720717274608180603150357101120908649895817065657006
219 10739861947932966391841041032972768736649134800329432791029360116557644954499293971176481094064505846620300083877006395107718215780157326742504114846265114474774404266234598368033009912076891803089848827274068355512454930637229514477808430186295328214760663157813346479923115993575309596598781824823325552393
220 665568899433374434821164811988976402387250392586535048538277498939982286189510335039298007218727287247283706303353035495255970930157717168662153817324312247372833711563030689801734151963784422860888477183858292823493181411277344992056422301098083151542352007627215074960177179476184722100171875920890475600912
221 41427407007172799442302010227212551100006969682902613826425184987335228116770846475680557660161832467072227429770380211870783928853392788190302862302292643895192418706901858492414663450099013805773326684694318839726515742639285448096141361526472572377226641684636718037258997444771980437104441591547826635642365
222 2589849717001470678851012332374655991531897032002602622605422257822592545881655098681660099364450530377794522457511073234341597511761271217605032799064141542727778823209139340947823106556744517739522296609920244846381417545457891110706600261589554886592400114071236225266504976755006720920439168309545981600687231
223 162609233489931745279156564266872447133183909473577801573380213418212324815609288319262453519396207757273029770130876696739741867486225988629118872371308939619210981166696821587610362651773479129864336598384423982912873556776468030483203602614737870702441477430395949485388855990292485972101831210317085620369133399
224 10253956827140786615115066945296212870957548083698957699166265282699280230558490573162670498668386140802584131728492377776393689485069335717937750424134753145924818500096160615446370016864366604027811227434516654204387512798635023395180573928537330514269821293036963305135037773247765452708409766762835990924136652080
225 649389552265942698373406941884258432759085558817238613018755113888942272011128560527789979886901368841747386068678928640870158681138459279919132097952672527445338324991511611400496843911072360124919508704714307218281333310862188103069581483745241525368171021126256599772809696090636606075736581251720626976275870776359
226 41302714772362528995964539070016592855490180004702867051551910096497049392058458603233610730674767336187414251409343444017603544958807864712811520608384542272220477605379176673829728287928257557477678535025154488568096270658162097391056804906651396246143726639964883418054371388498458699488633919966351203848704792874584
227 2638173869934997099872432903874816447798541189144957511242562775191141758093962768813529281166918085477511868768029822666509520997519623914808808347136590568421045629333698376642465668443041055053517709857942993972893875692036270652655681731579805215883834033314388323045028195706404655963116519116967089839888947628167423
228 169227851730468305929094615263244579610790595904925748040280736675949596087457738589435293842337562040827551507494555510045911504984439001762537231979725197972773018805448019363337117681632104828359951779539244713204989210413100770546540666894688191457676196175729521581435137678878251632779799322393556934035838856686076217
229 10901243515830771425552179986551825493946458779818430407755347867699414117783997170767274191880277276612850066140989837661393430440854567649436233367624724498851043599745254056783394608531071656690998449103726838498285946545542135726157288901438945412056867788446390867501263906573964385085640033694102000424089060739302908842
230 705193406812279562032848013194857444889155576497841895055516474663382717658463947377926007138683281764574383462572707455783315674778875333077478333280197805380139395560250554161416413053543424939705318689500294684884551629238850681415956001850629283027289898989651839036880182343321414104965344685362695414008828019079903351270
231 45810047518218041560572438736703654215410685840616130339950812827725616871057478382864748088299001797481211048576591576541187529092460645865901205133453376538031846604289994104509433862887304831758350695522326984978869829395137740657137094832264507119740410383862498869080052705930191497851517279094994168328125147822533844692964
232 2988311719216210920401851882198355810331549185384573485263507215540440101147265772421986301884438189544504970638918554964246529466906991784883443836743533499572860728341536719875112739838576168681034659314121179051542814408413463666879480051785786068828529760090910033320089044555249862842633550124857399512980393297801588268216111
233 195747459420499477803266931112115929731575001716466335526688686263810860153581453739263353452335733059195373510565485292220169078611364246774953077976833713375855270263448956424827537559351394824232043151927295761152751987355514152089862958940659597061248481560090136687331164318995948203568036304507072132019266400953680319963875658
234 12875495091587812516609845733736255299941321238130796711186586771622480269912793638913393092740997063343144085621968482420795665288954336050295979324108175485055973026239203826351350168126581152202021035466153153410577421382421855709212930780832563955628715172582339971864184760866885138970756445129618107634322010321636004912512727682
235 850397271232159555884697305942082800049042655767468485168921341799398810334237756482291204891660541159752509799235778636452324163196985798511783913143132724750743036398012971671966079897474340445618194700628603806967878626000899584544763019418718053629253529545848487228162281944321714950844225343617795167950963615677475102324318297406
236 56397844553684677532470632370072395443792215751520892432052142831115328789153782345633352433529566461304936998542654638712418165523769474678899347864526721690686287623418796550450337146050581413807857623945743738237890589928803009448243104450383197812024432959691230055130636584607647059294237958281865424115934225210322367415022565695518
237 3755593289014341402388697669491869521551843098923843042546228165263962454416323950175149207800253312453574424550279237644786323945167984590180607659122206023561655141674784471967473556731906877435454603872282586833781607584863993001354727649284890021822157858452727236622923995939504431029595394459875318513090791911864740373475903770036769
238 251109263690955935572123569667522798998194520047985321034395080216867552781120892550850961754070791269195679081973993741913620499992446792600317724773792376466807219225716841211227856400098000990369011255992913480200271674285939171552267939689152467583024984374056542740654330694065796282333226992284261693698108170223865031851086089510644456
239 16858069446513517164685005547673727952019303521808639115600006858607595316502947457791672645420565891788391689379268660433223624372547772916260559494441398977492858081696406180389129526984510952597750535266426826666771169096433675158083560021689999215015845951811825184168102561219851545624464043637340813773286719335836270763660632043997902843
240 1136335871453996166015293702819250169232422771884327514157668727466079508984307629371024523584115747139875069027777771661913743828295836684966891705233629750817252035436604194848343231578956255547458039140026713245132006224553979307534294621127064007582401541228477424369253973652636368380848073890193580923861451639509499380119499547749683308196
241 76904592771926476850439653598390061849110008208316174094813729587295086860952459642823328586984140953965360783754089884181084069448583719304554185030065086665734209219155919482085838985091195234809071756376821204320024295435179178525309464970305808204702642526973687771292176333501553427855697712745549083133727941333943277288432476707538513365464
242 5225615904985975794034581353324685899288675674346901057626022762503909814623449644174336370442046734336870297498697958199702690388805112871090258002171131610581570205720535202216436882945320754001109633616455920665897787503956851082522525617071611178363167355986543560046820167574305213488326917395107548527511874574039703570378738706275710692679960
243 356496575978035524380155338080605799356201647962420885401556718552989649323745644674765550976252926727125323769798510906400754046508914886446314028834878732750494251723407884039612614984713923817972963916689547639585088606400793798347706534089855443626812175824674822341410651623568923746063996788746558663501752876846596703371487496847209840694267729
244 24417375895437517971500839387464139551591951163151111050649364872915630550049492212400814673743909930950303720585502880034174168530128322181974103442511174098101293522570703853097160691466326938500887335680543267594416515877143014076607784844555675875751380287995290233635941023607488893054217339442955851057269180812121243909157210898360509083665657529
245 1679041754729693842421243113423426015154084313174186868533493197534824376012329071504412230532191502510323594943280429373141495428840044899651272704013640327338552882937129223564874753746463319574895601722546668593961002151663790570838437519062349430384079308298472008993650733341112440424400442362361337061302768962782278035822614859503523179408248838034
246 115914048041872405512683932378177478581397997952286595815549858863656077132737869761995230532764116921157110752506469046029593931275601969548991545743987599136992774227187849696456067790487420765562940841979778248846697873810821993929775284933021369562103632851018773136818427522377402900694574214583944125455834482086717565220044594681812531468911797047157
247 8033706479390254472736376281996604527982057013608884898981127313728987406586485240807884784523251041522024381685541668919722839626348654481149183349876177067924385330765560610157723804254476956739226540591198896039805922592717797707527305430390558274471055502954579224543763129949846750366458648125448371963847523332055683301970657717442445280283863655556249
248 558977662914394840190109909819440740990467886580206726026424771698900473504763998670920641057555662535418376298851253874966717336280749011652560362801813920451835941807853455461996568341985399148603888111715662830735791412484409659232129748451032493520990151472826539219587896678456633361845149479299167021688756887080427040349398732797879792474193881594617509
249 39044952654125416469717660960632724172767168963569259234741157017290259430455468893832835189188495092031818748687603009624811678728330812025588904870351713660539568180784438134650030572394070303016798065953235385945371208855944575469689002029103528803554690047193629650340145814369415598026618346214268883091350576235566068552853616048945415155398722209443805362
250 2737919663987362372439895608658247466824825669054185122493901283562764604557738120145450985402755472888850463596457265994687192899432075699832497312338820607665626904072491894702103575776932714967294380080993522044485157891852578567219398965940102130497172013306790693260040887589022373128488693766589487033634771129627607737005234064398243072848063081132216638704
251 192732655791649214739262118875149928509831105983483027530675093785626348270091677602427741216451627273075696283577583957859494415342522252830889135021860863458182540185578157484196696412214394224671016503012185615778847807021706755891257013424066227784883694927634519846958070139999855070065758211128079884185062550171511331659176314056823475471149903244422360969221
252 13619533034527966659226898087591184056142608364067389054652385803404390048291534741608985964806042137812161814131116659527968889482923116573554603490420152672653304251688694708663517415518285979032403116278610655748877196384233841495012896657719342856357618907153119542537359222216557748470643033131795077013551022878778345867570691979908863719726113325903894490318191
253 966128709425888410980449009720733497778964161988610629988443793293437440557717285071177145905659412355633075378402749942247939007778422520464679384210002016053662257802176469198461407796154892076044866373225447586305713629505980242095096200687355005796218875668212546434869511833947379189412382540375905197443368279952881643165216137089683681194648604700132893582484351
254 68796638551595788872891584314892938038408667741824429851694468847496488753716880286472986074546764741083547417300620982178856933585216852223988780112949580122195607098012164766663455292195924091786595359947817977257055645516625383695224459875423317297403919332179121925808226691485539538357030072797052051931024346130124093850159923150822000518728847705328056414269652411
255 4917592770134096333732210395639079564150441929342338573880195833518549451536077046589612250382218378863847971362947284083488760496736580449095649780923523734961119983622776193328561821436986988183250756930781515848032623798123881578075649645196883708410825405159455654490225422938313250317255657334365634642029040763468516827682046856274382790183593605681031661928603841403
256 352845607671936967627918552176723097964270713548086496992754030576142495982425698540549610350596199794071516711382773963840009568622825030187400336211764863303979455675419660154667938810294426961059374113019359733916337501056621861122876689503330513442769174249458664258094921395457702483889446344994888159285630881185673473159188353047232497170794811737581422655758996751499
257 25413087290230558667284853852299803581440996259680451439585242836873708116484474951929054161927173793837510145300475295925666614036186479038043845603363213699995181557598132207649246934378335474119757915076475010246900801682379977210391576866492429540300673310138809216679101648359069748963025911127092361773900015680287684049372628662923254982694318430265555700900533521366400
258 1837234086569922884121268760782490854401229111170810050605259722161202050255520892437171594070841518664018748062113662334014599717615994229726268412957465376895736165680719580582549151346768067502968877989026439741850576294061444898605272932282640983968138934540947983015318904172898879896484881726620249874069515072130750475626253839624506887214164558868254132721459361741915934
259 133321366336646728692166922941564120981705345707917080135592982783091018541223002952481954216315806395583934764436334504512536232153003359257721928573479993485296985774633469181181314834386997258656294344859969934011748144618512485372624365887170161119317705898011552206730108236344944228648939367405062375514324104090457384994817791728998995795955183408524821239169617251151922705
260 9710846757281249545956882998821359116094091410314944898377962543554740204018985280602762297749495710574075222994791459154358260602420305099194159868537184799993211972903418151856705023304552927757592977821332470723336910269658894219303852296420548996944774964089769907521649997410172540218905883159305787585534707550363572796202190971415901931799579461119001820506833683598065787857
261 709954412959892485566983146041344491312939432734607345420525902210643884612356898528323180757887554540415053733477250466214657427853094781463401070491619930398573582557156946437194662226241609035698068121341315696479663720535915778401914784401349842617003616573055380112617150671708621109839483244101900304578793117441871283602330624027307324015252154703877038068504506460808240934428
262 52097132759090300220377462378407037525127560936538217061132546886209388480504995606453534016616997648482747027817663600672746040727991636166538554268803923146687595245618901931801857060448885059084874321243019730225051095313627326665530037836965207181916490154493972736523968994224664793957036555499539095738343705109493647437796695827185725899085097152703954663839440203277734466087077
263 3837083070582182733134877692336850665111434739246040547318171697853267794057846781406772736759681741647955382445930206692652348228962402689408565151487149019753526203456524602125745703738490246590015367815812588507375498641544373587216404481324324414768530551269709065466345586533469413559217098647704034978176464700627104452232601350575688484986050292117718948902626508389492216225034409
264 283652535626656761063837957285046932195751026330000789337209001813710370272442280529162304988212367835646084540296805754008550182144091996921860384635382659701074337678923732918252050613476655668119927143675196561536587086826838244621745676410541534510974507994128361979460740767994031821364553268841465977559092378663255750930443580885392377547650223116810356775832960201083783032137588207
265 21045746748020866386132366435924518103338331047501126180608709790838040436166330390982090593160362286566896456644409685781926684220983073495028179269316594401099402967705530455917393037266093332644905692542317366951807195065876707153987509104867246053164029189808108358979022309203239227551660062992105508574200410133470342307110956307123386399762906069322930639132411781520820527779447788665
266 1567214231416668142197060463511609384747588832324549755894364207328822079369910631949096957498852342528858488855082403249000021380364726036936055670678575852051603044151947436392415650703835928217606119647386918488814623163211955388675712761254398622072376807570434781115915824684879299225988211965004503667582130102502027986086608782431458261966684019116060306396441686954248921399249994925699
267 117131295981271084428529777000161660228189688150385385616764002676365371527281718492866679824228941315015804750426407959422520964635836564280270119547197670769930452434812172903510275112419684826069304779042292810074307143883545630765738652890177077803952231774741102766051535908711425190080194437266341897852674616623329332379118297272977855219063108384638154702824763668417606159843128193116051
268 8786022804920404950112040728295510694586171241805822197344670316702013100752851739181766146842131775496197427745443926631817490323470389118774393227780228237501974724757748330183514618832297413269828560760158694381434874212873081167882669396019336533760327279734257326227251904637160904104491374550317565876583197485772197704313649251077149563970108413723734661108865729410434791578531343068698567
269 661425268718397055918580127337281386562774547155618864085167248826000804369561039092054884801006371589845046891858155663592145147338629675053829799143576669037680442887026655099400513009964495500856395541927271692318668314076794671143909982986543682571536494652398944872791088998719713006995190791182924139944612317671115267609265647771698259679135577445911069652674526020869300466063551428771073973
270 49972680048852862662854685129933313229327267548554372637501897656501090703292413628657407406308348340990115340443583472873520228089668046091601186324675787450626832786214158797901240378840122023947297184048624568302387647334669811821714017528260939152577206533162743396759539906338591226815288122182966572938615154852251244474459830702167940296405775270582618364022544943633269014687720002942213849895
271 3789154103516389761986460845381743915306181491390193335369171221423765815891578281655712982999557091125396483436594464285610694692128062843964895745977425657929908712366763382491282980483196543517520688855707713249955482681736648781948549730305377621786357720084802107475120084473873973502130221255904711318796750189456431456298804005929609609271030177794993638667834395287620747531087729033845461259175
272 288339451949039748108496825070945746549732403863486978647588799310564942446177694465291911757074093714923621209280630566750987533677592049998502186721660261344275696341713980254659777172253621408921869122863523968820069156105329557709097564061663818626888035303494272483003543595661420653869131445340327234165534077248407397100348722217501342910186622845420045032330378250178641403111757394655709947668089
273 22019755302854052437894454728480237524253470489656135814732599762656126537831333715829389278427963268362307835093704457005854680734774313154020080999825962870318318041010794198087433775195650639682695060390174214509400307725778770501339471040986751451569161253633144152550820370255881272380074004937029334694266303085269665386635389780525352600905836921271644784792043676908192182708753405744591165814486313
274 1687570843483639365674495686254737279474879947711195135527728772493951792515107615865907631385654389726408890393827618648245031582286564403096408199209534510377192644472991060144849543156614700832184292750948257250891474115688427830234855734897775105261945513282137036824024772176961755809764638122549479843998283167256471850725022947438477324864294300743593519812954762946949207138651966868714902605707555428
275 129791773894420109225081928751718837289381450142457893581733077374134418769634364945354658147868665334285107980107512690247752132529930943524490132819146693810643317429306050310130193211872114477459033129640708033094824941173580748718773997591182240406735930786596273524997445779749463555758507825429896562409536687871826658388326709553776364746749040815234482115696030714014233392998111755999486109132040072178
276 10017573009211053144294236658067637520850031936969591762362045100794998568800763735015817029353185746663015755727388374393506163879906081756284327961418037607320061122317702142710630730666838607630691883372858280544810323907475280938142598869769967697602219203436105404771168969862526562447942646726668872750708018482496527496853977617825992357677127147971351359114507943126019194753996036237167235433773716382591
277 775894476510921939538373039203109817149774584758250754774917651974442272629061914663989612369022267626339242697036231179372364310903140076476710355000739992081896443739980467400484221518398810839795432416806533254544707841310559946437911246338473233497391115054715108839313562821154111283565270390718020725149010868502297749973216505313344673398508546961586150957666559621587253250362164875128991602774537593000252
278 60306238360473860895172001895494089812570030155368496623336368446465327613161929209864512582018201588983981342545538830625121805861901031242437248238107389683413920900458129426196488386620981850308438639181992555864402081243242909156198236184518660058652594033304101852727779439035088276247909913745038091093918399904693778412119449866890803179293970430025736678121128254885166000753820628122848200061127289243218999
279 4703660126754406049097273612192355456768016737869271716554708455172434175659572274219430067811179941403330235837736214172662106060779116080864509664382903932641783930721758246708900112868031077730599193777571949141555150271881302089494148189219315610402503560961268693052877077883812836525813303584874361082811375090222663868364803071321638650820432944737453098556955156772476149848327544002348513470847232486645960346
280 368144617652403815909256033573702849969790038312489585924109620798518928751449310400804411457740413881237553231494882030082832920221612349835393467030280587455146870668338613842410510382013944170818983383327743875030451452771775642008623854381228919742073156704502102159627504422235863696697839909935192360903584163242254641678538720947881894568503977963513695379843175193513686814351409101070594315636371592144426937357
281 28913759085099628175402115011578196406971827891694423083899314231761901836287794029262808611158786489967057730726528861014989962490593397985976450625722913950328282993635367524399427619562861695873225256240451110542660195208789876806718729971335982341366258500783994962643515829140446979511567735295127322855322472335431596698074509608337109381943292992259500447819398164917460409673726571646048978927715150865161841087442
282 2278709850597660665515115991715817622303277188458631715781543603302316537975935406007814176524178007373756448780795409207094294413205331598295939632689723422617158275266078950848568410051738154920282411240258678541835936582884325900405957188509360033873333066875390574407047373483429794030723906097291095927878867228473775838495341913786746104807793350421805194992654078121486592970564813347830524659162507539291593098005387
283 180204941085328749500007320837084979849544108767760816215973862424067264435509941867827403766412386139511815393627188766824460312899333630584758532250233989695370775603349017714318256771632591987866989335166535003404913052323528713159000642232663901435354783831615241547087069484916522810028700647231691456359030501244455453436231462228858359086706292893165081209979499211223121234415846582657781486909383699813262096763667687
284 14299880675498257248302141354043105947968348757580924554052647050785588464272526784923715626365452424753261234676304126558508890059725112628640410121695259578507009029816115817910375827852869487758173768364812606114596043868501940273790792061171579756518886772098781269074930658911514628080934015048756675591984797484637229035477837343095941457742596868307204297689513515255134769712133357824168324745556281117828162846377231624
285 1138625960267240346239388936635763059798569959969608531209429966812814793707594892660064071408918810211195547118677228759842158433306255062019391700975495449725734713877904463812021745680918308335783328149509440514677037817150273641835846949125554328435891251989185460553402313437028132351300080751287899735751460856810234167423515885361031954758436074786419319197297103225911883941734680038940672617008603042227600908175724836542
286 90971976137294067647941345813650136878596405823120853780763522896956941879170529745856659546892933779975122564544507363549854262024104543421132398049543253580684398705890080738916694463850710548548849921679003858374656356191654284012272644087334243053669421260156635797370040811239291014571548927706622716384143085804139202170022564853019191476250742628649549010408199309640088681429340784195022031325271198950917542742744520010738
287 7293013557585170289699543462291158018919127779350693807057124399974752937305596731290404629691772176904766886258800920236206523269014658434204720403601941273619239102155524136102141076792240639854939913764266807200190927174943155230349731761698416044302736547470702905527563546303371284677671592587864879275974902768184128640867748970621489440025443711475989454808548352329201083760356104124220813710280975527786596041705205629738173
288 586643492023390596706055338438558391401310652283323649950438753805843274530334566762472585336682862911887710307467147588950087369351529000129135250673200125725631984790835395962536293949099488698997081497627446050749079815534425300032982398625691280234226275173914489554395533939067165201975810049026435810837780744549087709060040736399921670285679792099693631021126845163375930141789234627570374483046046658578832887475115021575198819
289 47348297835977736186397794255284848183277002889301952451825330021367253419856797316985519374263958196541438869959569876640099209546655464609704125234098937177513854308788141717495149974557144377219522244108804128169906898778454107434926563658905882148878310093208807324955886171940424725293680024404149765235597433800157105538586609682681937112860760126421234420648786813265784382041424424690709520728060539404309997596371180911391747168
290 3834355967549427902835871093155645279826844433311025315197580821346732003993588423243296508452518429427799062099480870856087153535817305751732915415792658241423106405068130932902882663738745256704263614463729033443340485623697968661190405566462934871345174435430320206272165262893796143084520207595898466548297349426077479662955765441782074787854715364542671742439204867146721909396505319189990406791148889151962417174710213050752471534426
291 311554143151606618542178574359440127764307357209805774545501902192399394617778365316549339447077537787360156923385177369576823906428933142222932948822323369079677548037703656022466503358149710030663616983202376369754165826806176219846918954253314175622959043562237651411783550269336844360945446513845443251191805774620546695206782729278098663234928914283353250815202527174431063280303500040174755342586478528172964067175168342364655330017410
292 25399362168714573310970471619177031103929571687182521460577224969086385489530209998440640504191396424565738728387729038115817561866464583761587137137665574520378795831417745619286677844844524696790230398242608003841359270160500416488019475690696557938880093496291710008295910720311086700943841980653454405526440491746328921094479821999149352397745215238000487502119002260157766639091703392758471044640049684329245111437216436034824549255888320
293 2077568889591192607339820069746314217677297424170952157911808736524277308082072227558989489231774594912921095704129513072180606583537065400201890165064242390973628890822234392598232017435412115333794184973610934575982360954888333304205734429059949155549986404775669744322888235420704485036507766869339309754056192213713734755702588445320438555470004956347446413345897199353286052499948222971274543915690105868682266841555648992680503774327066610
294 170500868981902670435807005065137588695257736450304378780947053194953686159577784379437003946468279914391036445773401424413284366269377826408458892052119674474088419566821393769652204492915177887994675243540202031211707192653005399250147333671870705854666413791306225473211646464862399409173347640682209234968597476704715292874211302155169299917432064775361068406462137234073023461262168457578576235809146934513996021514999062631308620915764888051
295 14038849900478352095055259625397276440862073939890370825687900234514802186679737022471546146575090675744663083723680743860383750155369396723216543816272261260577639186652518987991909523741458887903509325655659117792493017940107665415348053761982675899470715912499644819848925432824526980094991626140130350714953718867239024671446903513510222752271908270007530469549504085945486091429545047727464675107229610999720121054214027202730795689543235671999
296 1159752978281300570089145664685512752017555232307289920083378290066132150076077099963620580847485695734928033944399341152575703673096512996008230824377579466903675840078830255976037907656324908871729740045931877909430016830505789044825214227603389611423724995558935187309737725864596379614706495455407343938797908576136760256143125506877353061447556528479365998565839058575936112583291501821295497777236129806972975007423920462174797193496925921910515
297 96122218710165456443722713261526758883967397835012378702474206888195318100050012054348946628662486435515411482155584020834279843803723690737776625618162803829293701338578536084149725454736325189257050064200968384350034925727975676338546105190035334573561654827868871669504344179256797000795325259377956822393147037679351671269125308043510068969803118700254928028758631560731389345242047743269750646477580124484542913671228657727546758472022718083083122
298 7992851146145140395616862255256043588954918649133780470842401863151846879237550867215839338491896822770103413064004001590480707212206543905859539939792015614105754463106014524502931180754596737056680971956985752208177115192589101328359114079138518226182120300851718834760243031074740515591524278459134952882170703117597394894800147777772743289057393871682243794156583658926142417089855845673711443897914608102446410135412021150042784139503013438872060137
299 666798579045252627097008192119032434053999697396014393069368218310835669228787125755260358208729660265109484708885342425673886997099673795031193132713506151670762806815141559535278288297807614331249664986824802921462424160858326994024274267875712848181957685683744517718785410500672297895831853105719937620365498187833410118383210493071473836011832888832123192705242203535902360654666923457707965854732646922683030807638574143690041313293509074731079796110
300 55808197175626368160499680120825168215737596664716354579243057187306558030920708458755941266129276294864655662365769858025364680415296263100525105747230450977615613284499919625305239952635273622764167854114792234436586540973512622145510888501136452984265366812248902437766490811524113480309892502456968037394290731550061582701218082414839217099779579311762364808947747765211501710354057715317810817128933671067768607742672603869701637064165740740479765020182
301 4686052206598504657719588442478934376961176642248682452347981452293770937468996217729651776719461505149264138841454276377752998026493238881993986303500696704485641065834867395118568841162742052705046523814396540366216426412184835706176946572189651600370665497010027382420571590347713018976048598555734290122353420878062994256486484085553197027076786542007441000885010705933658106063981735826956514381480791275727315237719300393948133371374526691866329899866251
302 394745782171128370816337579375272125079791167720398447052270659633504571869229438070926123953088900553337309776620527469237765068698696951201959132869108213217808366095978083795614014702689777033531331491657116479192348077176835012777495859359977729516223596705674657034763112412055155711359644235329140736729683612898901043034703848221894875385819881898486406146574864951764479720272241046107930465906682629356527518969153042576306597270271324252357771046491484
303 33359888786181131991558363473921512154271574527876048414465320800098966097031044806186846921079920431758261583095764573678057054683593060536577305559978356130536220586888592872054687933939197929673041714169401888325046881741832427526172846928119944984236152172347922882150825523520372869467505704768827549529781687356456603769376009389643562652038186016148755216676061768388208100747725827073777243640074939354944195514118124390507175663630810363921171634281065495
304 2828289839886664646433115577144852782302836610630468943958554298758775147660897264078156406925458900589358926468955330779990917182791454270303729896234141347072663870561641602612445283425016313399837780489016404995884187747873316150749371631667260567248466503199549076855529575509758511490490694487508525875738124590960505835781959062916072967004282599166888698725465664604249947177093424768589136966162882868962870849441804569892985562180199033633356606107784194568
305 240553116741136460333960838819975808621343468856635130382990359887731016033832179416380967232066765684780045386860118026122156292177899936925121483280985524987637702522672691999668514791404773178026534582507241086773975875071286971043393764805037818981369864105158811392286145967833767227898845188573036636814665852653280007554673370581202097313825471679762832643369333913806693200878070466202326194394172726812468831754350217219801319011523343001545236301030853990095
306 20524915574913661912510344891846808080256705528179110605923093632252515712051733522942604191084355611555914420829015642523491221001255065524712653473549034397059107818549926362312479486765667749949165933630587623930175190982874327879065397969075496028469543269147956557376804297976323017674072111333561887147996193430045496972076973644843520362674475267633940657780374711974642725350971781114061873204186263276472623906994543119923995402970620308872332305005833187342131
307 1756833790956881870043483880851110952540671541659126081120815911916695765665810603893289463000262435419062573921109211389714070243007897835310267155048549614670379423534941455283848003273790904808626441371301661041836971040380233954487441049165338502273445729042047488498437709029324813099785701312450006099376859466495140893539098344703523765593674779328811919914268134267750836877322563513467038410699468078611295998229642069009293320910191082035767061770532276984608767
308 150853188992889982506538818544669137705820323321381319617084661777925485234390505293126924294473309981637773732194583130215594601033694467570006183928366655044155901383093518874426131001220908394554938386560601117557507797421486146377210553572849744381227102748196945690938085610399395013097919638406090984613362752460493047257125141440403143491279334390864096539822766247737779576885127125336979212229610766381849231167713179033628272434714267847710999463676884500307175104
309 12994168157526944052143683489553295846283047075788516967299732732578832805307117450597733884507360224033666369547277769015183682556941482646254745149623909619944959803656064640907380653524868413130892216881619946360071787001192084206043945151311450406948004218558000710417793880053763657049314858322983448138133162667015893629552900327721121617889953336189723717072461272667225997732922093390599257065710056791255547682892521196942332390995012107776245635720372047417450796392
310 1122815270072729087141331229657090794572457986001583748749322453342070364012731910280640848392303701088492032464964230010976731652868955343385981461094408710756801025031738291940930595198335270638984250857384276646914033425188907162016641155850628294952192695513919446478575244292761763091421963642844730712565938439373554971092863308319711245050491969891414370675203899915141994624685314201758808964470987411748285426114677468105036240845554013960101203092405901641813623743066
311 97326180110199692483747842334631434156775443435723465535967874525432491867805226139029925038873229206768634778479766603487806140691298908105936078515380731998847808739123886870927761253114012101734348778576428207218949086628978768108095592306129205628450635269845064101711420027686868303529104004353157544246580471149068202324204627123298289537156204302286956596776656548783265199589820286976679416122026717039850711038506980163623351352383426249309512085752350517112030336057376
312 8462687690220315430986945027708993612412421244770256359477599128887639233841591503469857086760491630148460853363028715821195925257245209340137866927209066703254204497510475779692698063930425577337705104009595145995828988742452835857451254418546612343996872409114488959910344719522970153721343086564518778806035583028913159416623283876981852569161187015322890768853378147576913453214919216527945080713238352741413971341250296251430806333771623964263879460809527164556195074222054939
313 738142090479739709650030284157933701284742947569348269561915888899402211460514190920092394784662019098149579242717832763959408680792271789144686256625070659965136798673485503824891573891005874688928619833684822699271684127721595438921969637700682834766024198452363821335432534271434865824313468389941142155780281283888628110562360632219997007866039979847930648992891325489756666537698222388325061855265986212465985689359871862804246598776485546067939938327522795681635675244530221698
314 64583329190217824297053424472472921104133076380653128009105994291952202500203201456536435254231565479360287032942981136287329155907695637666209027143238890885201257834758872372404508667916805503586219656764084802552233133725083400625717876261533100758132261209366920858269907892014513772478603115726994009793892034269052717771744331000983793835579809310207462440044404636173462094130362794943399480080489265650777309606542442044727942314053043404247596309079862833851575227876559634908
315 5668204295670374388684842181541424523751340913707480020955279626550418467567904877912830557879239020688977813373466159517840702895684572676715099502642562426005113560909455688402374926348355409655316714986059243898230300055650296291205991245156978442417618217880198265377294898355683134810404263880612293132442506145659697082009527145337030018948052651323407377827446531418609520931874159967950067720803065604999179537574894458050882357860468178773954530563659015763287976288544799163645
316 499012014353994360553413152122146680418001403686068833645161092938434983725236055951473737920879932729677838356978300668872186185726437263744456311715551463918276872805071407347203052535458977579537774202555677684875666499779389893106597062643559333819302831807674812693105144079025403505315495345275205443457711383424458510349582491275374372110607797047499990110820886352670137491253624455640667495681683262455287746111889848372271106171638282992013809319823764611737972062184649494232439
317 44066931280167040671748497989190880640662223093587960794914436990800501761281686070529586146565408300840935582830269835080419432795515006346153068535444020155625911808269269378564607938685379783474615210825845875863023192238166648359170212672198804787910992404173062587541368707555421811663501708356877243360467462931362125316248263104112403468711898626903565636855792722503571821894704159254553864681906354572848189620765111691175830433263929597459646135684425262856549894225387036534508042
318 3903433616422135186403213676366700305975825551816976361819032611302024667531530207431135364401704252450311922784347820963639107715583949107815534073108385075779893193974721301645891710965308155012136605037363253724550030989332936453337495921298171172103548319989484391530356143100386288140178562672171289073669072528319241521616501555773120711989835847754675600389456452438039075591640127096068328262004929969595566093632579474448979758819944030083943787629904125099675509637299433012139911466
319 346823790407440070486207470212301113771012394048360851837671733546155812180869267843611054061486069131352079746746447686661226352748529281214451746375911121872328107056117764979200929368982975970234577952009145928489923465758448647128590991732171115483682217478379214857511706559305900469456281253654749487117918969553910992039443259979642750780167629986524729044187342736974929084089382147419639655453118970486020284334773743533005768597613138976564277273547548709845209350427566421672686871237
320 30909714221754678454673877239373904034181202350300008987818257949908615601398217039368132897567341650302717753936584395494863578394612283106447240162054477646234915724503869265968845987393066563649595401768754459754814261037576078412162697458678402409536903838033263813374887684153861424914291568342712759948965467515391377366203536286164947700360628995256289566735089992592884783045471331108729928753674638981093106690696822129201591906733744288484528688056479693090113822334236701007212256828968
321 2763128521460100161436211749591028292254916201341163955702175098896452433007540189549332309571498124773016745809902886261351709208954171394243974925565735867770901171966701746542402153039613586386068549343234959343690753499859881484979542492869086348658243212065040872819044187973272853722003188844538860377222544570264494210729630176358732996532268307603593676337228997331702357367852020098967091315544716801506818328844198550874649449287505751326484138626131423349575647846343145011339262014832906
322 247755413192721179752208497928896556553250345611732316757326452810933196015332886578281453607391087072568612014462467381574092011508291197772217881057932465106092222048656116369306384827014402529492620557491353080230622581921555035828374482618051587026615648230546291984521961071049262840230727931518074206573815844270720414040765740220597296047775869738248633027337267043580083087335084769653382433094016761501292672220412426840875615946653817366496093912047156226471894777163469926351350884587506086
323 22282155327981294199303765909434117511769540930485711236478536327299260898321435347917654082965997998450472306703744640454857119726136796201108727392339539907130961398383040675340043608830954490939350771061054757516561101757851061877954199266800883729818824664650055988170402784728164071821076084150841082332758330438912058662658789478498452264334607318879284148894529798456394088870272096894530494336427000055886681027950097405015890180810278801698920900082609836672639040571441377521792905299209719780
324 2010014794279346711978782486051964387941912217677435373831726238634959437016825075508933187970721397933844459725182723509361152575473516105458131672259619258491359049648713767197973669696835785261716496843842222078945125678151363365572388052903018133686309659297692501601556795622107437751980392866297994216070486745470320226772402061510607056602622329218327401377892170379704838834046396132546347493051860144459203137934099866978315677705626302781914621289874832627163043177700487177659834822922265292054
325 181863430313343777244343034940260166301977342298872799257805772404786472768790166509540884093712607976653258875391317919747577062397992558778267321055068248538218868492122990901726439582275200097520376306787514374103411416756811351156298630626680396934092813185839459516964680466863399941737325289189539602562991440914361839288369753150092098343882336082086019164100335159945363749609667308090942690637126156365522530617153310805670799962098854834444559015536589325675496648805697300348753322732845814311949
326 16504092584424665814611930610582304351512778311737702367077656711699032136588835345328977925935062543776522607887898797280756876272255924226708094369809664800033374543747193201484271690497303908288246944364252463526752516596517836812026378251126409282723605581848087053647527454618665329636939997940662947444772797973551951500161298402817732424796729273483868173353460739947170764451010371359634289977503448258045354061039551649959739837716431389203159307613330348987943115938435895625193707211781540395728997
327 1502222201236476619176347122578532656506477102506415498885254624521675811421362283708121420290230921786972982980813580330301595462326265356316414711905711213001192424662053271895038158274370908111146748051549459637205215043401823548428281276649479875400717693262919933234453952157704012935504284546576916581956976561758126331430827861071064295728681021605626615565559793628718592490109294071950865966301227074956025767029928571981011496928842303783083786739462790254080869523531321350291041675148089021328011434
328 137141558372984211198895773022825437579437644163848003762263963894538098004891210941815014368822962963295048335361878119305030458425459385627938762384834876740788402373746237846929605062863130585232108381452890844722502310648286523829886823625771159850041202093532503258991143153629324344321587331298661910134588421604650740217754045367170140577830596623649431959130870926464401261735844828025338582191699107524305943835131493737827294647219089271367006098983421406553049328693579048532460850983125272071711613749
329 12557191393535679311117215159284548151011161970926641968278681254126310877048085524319560284978843919934852678932239619213560658235741427458431983078059278685017720955718527684763624988148187279547724027760529333899552583169224099445594310369559101659974311000682763784954039765306174624572877070362349687220330666286570541928190777558859506075038143223514302497902799744957238940387050566307833993704360811534494912230677964028989283387889542836966408692861283449371688685845345618398848109256888047828254771714769
330 1153189421835205844538989786162022791388361935491443548410031897853260446686565012642835434016714170153902200565533844921690229208383921169158596154296344080272580594326644923820822803676416612089444432476935586850242971012572389939529258247923068277436931942745311982884563083578836147829932740474583117279140091936815787702022223998802406923720467827647086004733742918005661295981645606711828396181473813110458202196798134649885531909152105800951421473435200751093193793850195522540497446493196750006243386561476747
331 106215937042047223882449019543210628165480584427933163408354768456111529997361158446345481513252714357572899440097395681564751139029447988241055084142874890081643838547041080658940048434207051169836573016084224170633422169455121691796564076609047288198255663082383099458681090480976433036580691565336207559192083626929333573322074770871424498980792596829379922907054820577565712286628693179911385426509793235095827043495524392468685516501097812717077884078287141269965646482683183667357068045424657120709406082283242199
332 9811961527874087898014706595065172937111075255713868307850641218376783763599427122262287920957546049219275009265117538075377795914357563754424998217333259398146847812356087593982031672354061690252232937091021250162648030401144006887797403765952814894261161983557294661934355507315317209191102671858409018729417955330308365483870322997973645397251311027444818097142381551236388267882802780586199560107796271143324180114374197963169227159546752790028604556810701906415312585830969740928483080508764355296006928893085058028
333 909065856150633646211731810087979213892629713795133670639683057713605381038280145106767067117632340518341860631448750985993458747443280896303760112793210919281295717400148223220227861921132097131485587029650562585714843930017060667433540280330689788660301949150781072948490741728285971598870324721852653494541805990339627477280257010620230292951582620807157607744782206416855443999058918424262719091927590892104081798143587265094714606727554987703526968989871180066723890736966664421021983018452733382782930751606994117732
334 84470385546817285217949493812947277602486849253665268952010543723428030434087233034949192854282396544886643866199252283421727289694028930269593059808869967914520995054394770076088523301640966685748924943182982857469829381325478075631317950631022305701903925406158671658942604150339170926057595048818418720067567638141806705909466230275055792034247377694973812044821339141670346347137694407580792028375973697444741579807574713005582086070215314026953129126277754523226905621298607038280178715114006294363825891443415283367634
335 7871898974562265177302622807905681382683838416391489563271546839397727393393777430933629195554376887960784949513507960712293220889605682738528967196921610166924084542176409371311072516314494207527408927804479376353164284759631548935132465862252963993350898471475215819282974200603626172232845906853176243003890659843403967569334453327711524707874115662577055507801813462437806119423940677955323973511875898781434486572922924212977511659844280232840193431903500935224849078470319573830947679901297287435962286415485786806230321
336 735727109776748860650593080436319282744069592828020995080211655513053891266058714784299450593621354277082843994060296653240648187746559440414563038752625162390364847584773787426794183739244680615374395415434731430046576072543116411631684415247896619679350276459254822790084243035462346741047549405119619952146268679148551973130848192765920322481038461598405196983000107183354022267760489946162214629068040568401910750108300447953352009929179803195441105385716332271594931774004938985360670950523051652826791304116577545903046919
337 68962428386384848416894633452958664734971902318533916448567901140991751852541561598170195666512095848466646975688570517946509640712079402504814626887327218115043256012823970747137959788296970928566284323489074736149484776825906133259209449010920220314327687900629053297610697825942405020439582033679758917466477564586057933620897643937466109280053334718232120330213568249022639781180657218347753078840071385984816074109224982854599963167706543613810794166294601049546057829590649823924565574861355375733411115082493910623763428304
338 6482808934568202650389475897613057819491269898350037496164918525450439699193985056390884479294058882672892948528144733179779130679677272554270410259342657868158628919134466509824095379931868283233855449484420149940719730953779979879982079269463451239858330702262490018429397701852462625915071937970622444392328700140242757895671035013719561216863171906054919203954699206505129783999255996991876634832080005167454148658561333563590041673700858241162494720560877656747927325459334008838440528937152516900447021876179171600961792401167
339 611174403866149831557910667388043499576054035419679159275973648549956189749503682662084655898026546554032171307036441763062081683780358994414365447727061580235208630146272780239284500252414852822970347330755288859044548730468110819651706261562327985718049664703370029962635758375304591799809728829280342193485040102447151179186435466619872077545107684696129489085271910453047674282488203430052077120153089526869306296553141904145027718575813227492413705880371720910581734564232853049128154854093433057766688343449505065625153560452772
340 57784950321353151185945730616476222833901683514416556825506169447387257380360681158759173131437801393861441454607505283716831652640449654329098797122176022566272236004927132636260003540697895923373334302452671363984023808422463893554962964278437827030241984214762022820781769713705780172885271085643615714279936420837719678251731903730286370808148196897134852062815350599605913308674790805364752541808478187770675705962194885680141323544604402171789245228253612041991356493587010183067369907097800797509748212578855311838197362964005191
341 5479089494951459646776149701502126358395703847524375042509051670321986541104750636462391305132430515921755154974962921133800711441831449082165990043105474157106834985703803106762715364555289115426026948953688186253851179275149940914267922213590348695483320348574827748893643885854835798419718657072442842919827668274122635364613869349271127822376057567145862287949968567951414058804145999636365228473497028545813182446420366177261713703011933205412012869837733213068040881582325806401465403990947888427118230351700646478870105062896045634
342 521005778848175011567703132656852422876027311456722479907348792197389269186700221849037564327184168367260696802676811090491960417580595869719920042091605061779352459184951867478137694201895884369251113355966419675868999048887189260170596065422194877549595074009212266189293233794005321251945446622184586012320576527085984087993187118389926744155961799788178675142875349885209681147162198456269614704265591843628046119348848174278538733299292181099989242766272894540227645367313625251048501861433420419378932251980812153722730336963504976224
343 49683666289634353088755704005699825399992167059802431915576231499320118836741440490460880926716078313658676639891669118148062127050845340202292433322452504720394365257132325419539758691259029306022183553921613891791936324933068742223832042220677035949565754873510130054584770199701659202188703469504028994114979474799714094843650197791477447693161369703434428511906449534123331584141726488465156538678903375198906119171985319224859021095396910778773152998755764458872546941186487903922423249500184618282392735003809892036953776605674334844465
344 4751362381639833333420216477172771957810466680228285588096001239817314719697306245417565876143595776946267634686449089179404640114703945180553363915069108853778760117617093055325783862725396434556544663420692612173421631734858600543117881350849701852463960300088299840702485194449087237371589071220809331885387616905924283409887633766844451696438759763860690451810557942917268459141090364860948657491131637151472934517917370020616528967612040368770316795712604803830843567182308646326438444435856872607190686410877125814911353931841090152460191
345 455672259619702145292493244802733878386769458516488923354672752764485382706588344434428670785782202681797757702337697463472108275530120127035911016464892869826450003145833765240984180560427930712050869825191456937706632913758462211140051852228218412739775106833770523120899391717843506457124416348374773134148050829415293658425647718807914983208727963581308407597157891536931792527917559158287629067479885172135520920886813558968788023166326182094874559006347226053335625548674138629516939627846994076523939576282927640917126435016014806496541994
346 43824145452867230104700172508098412711820862784159980853166821576775468388448756998332411454742608626575443611393821730169401657039532094510357319187090999885406964438135259358638115341989046908096702785417045569544283801616796808833063935287009505137396546767466286632216718283482739729417744590550804061688852213560015477499806971721184732536088452051792049981233595972994573559108514633479043461880184149910275407946251229234074839673062684816238109771593692986678106181292198654876791202609160678881550224826233274625140569514213181662181224615
347 4226659728426866546031957092558649832384183631093374209926662278595167205278190265994684298599282325986405371503626735558224431115818104894716942360043201735942637297874972008093987556888211157242820094750638890337085890764884396473980276067062988462150962472624475315619457065906378430036023655561520617371221632561797547944946907526457707273721336260329137990423321405932983110951479852503502245607831672725999154973767053339631366230573932614302929978178008657098096341462332797087808897235030042449977840296507225853070455824634866518341612836438
348 408790347061853078324735333774500158601862342492721098210879404061450855345158470810588916469857533859381629636685480833863004372518185318648153644200812542372473836751849055339546141488282153757554156837980373858430778267890395065960825811439850221134168313819613106269321046528231173012265455459363194570761233968838848974743669001043735085629534832917947308898367286199941301648145112293829979969435377187763671759676165030659717732190214108346453942816150102896338119624750497205382632005989660642942405501810633710768336953903019391172644326096478
349 39647888845139349596691435919584598069951254292414717186748222165596320971358061592574550108866484647301434605010772873569761619802410477661543074880238181886940568445539199409396006621202821613810442665618657980470128645150149515101872227665360871382843595217427531918479630493099665176376166062788247540298927182656827771404240351175770635554614009044201516078711893305781968892267134544126875624092935301249902750725413368050377672460051270481594989624841640784032960403789822033402278910723376288548644651024154603401887773168524702443936311042031277
350 3856134581748265013972770229226372632956560843291768542245847399913352993843268023311013942953241439159609147231943267639644746953544468416160928381878336077836987282253755533097091484317258650649327974615131893404557197603175872321079221361095075705818965431666736009622018604005726537982687187668545777017044161205932750847806777702649108225568090223147454790652259165074416958298650005292537256895249045742934025178560480209502647210078783363236211902367106072832868341613885344163897351826160123099258182889983367500775523687901191327354435135531630965
351 376091561707515294816058548759520062331197080871930685465158543052228906485657337123179010483824929729830928681947855194802446906581092652141043952403614741033212719781062191423007022196032164368873811362946987506785935290603500796355204936172642989614340398362328181461913237348085101556063612486906680318983645631471307518055232502776109312775134499294214899821058133468855596389534485180635098512170531385184817158576308901111753171823748145938249450674691817785356686860970470157567720927701566384495053928873093937461819045076687047690475948827842498954
352 36782472314847809052606071239291347759377946438501232446490438114073135491825046578792393070619009016385101184466393126245920482285318627207028698301130139135029511555577157509301034209264155010188394440606266008912732404996793503645521597834063807017704602472812463744090058107317513660397448635329012406884855745717557143872840282164548183564237261980498281367958069771164286793277480749667315697084363056415252041170067745186066808198106004579386408861438602115258207183115236212601999251011571398193503381324049123863725809023721054057594159136611678926523
353 3607371030226541031198929691972366374810328388238232689273612258780244851887632569640539588085722499976513439116657294902399538242756025248757344467896000627998061822238027493297908025406239972329351726808512531905710397284423618296817127654504424449216188937162599692909958818038119425853992586341733276206278550912389308874598702097926538579088018205566518431168940062141841411622715791675875842538224652143773966819756162464530973135646220109295529033111171067813299399013856091485051931303728768432829773477843206109690574816100059589708600938019332126919392
354 354764329083191080849424632392961232174044801990181694136479816823470929111004170433416445642482831602805305695473820607180522683236601587825984584179152931026528083462057984986754265731731738854819383351489351211519274288635170838346113584554342691574963568590290724244760479321636782645303189776536729522532888903247250900156486283788512303280292380479890515828633386493910963045924961931857369452835606847978960802612231031356131633042645229552325623405612283357699546341162175915393707659106562382799286045027452304062617127925602317976409422279205132410546859
355 34985251466867050832193567837919674074314726488220756842966245382461959476782827513805335968227403116763472946973096942058540357570175096906582225036712187827319109819568388799664185855311359968954164960756095852650744996850616935151605309007371319098365515889984484906631730590988622189235826367481904511116656569760138420632132944808496532574777084353200088249115453653284459632466068869527848216096001355281897909645915317147631976468770709205541591891903517910156809698263867703311408569678943900357355814575126361045552522838833483707309236556952704336861877572
356 3459574434976844442691740230808746560248696975045923736797360934843522189383543375486430599439705429986580574437928292730772808851332899143837119903459625666938368774816324863136990821565559222334968881270372528877403451060899419668835704526740524200699815435182327577801195195229898860449099613317817750697596231164614742832762175651124467433702581811881126833744156367606785153427722411231560163091958376322342461503264208134427366371972770875564872104556507363879330441411260019781312306778040673063407137277330719920283183098817285043543619385368364374557968993217
357 343043903522040023303711172328383538839620106370443907490998366106934906004008011938695098398490278689159324668461844401235288930537404008214890359708094941382191215722074934855540889277511372675509566471999471377809689206483792372937958440194774711566676408010485873805558377601734987366553749450856974613494587656310650049936764837239691951622798942108580247998201659024856881546048893830538484243878977364629552243638619848505397629085986302527362181675835232278403315969201778330251062283377902134054634392421790400186896556403632428886006623643233637270417023090745
358 34108515571909936366470878855728113910128979973855118932066992568669477649978360127765863461134392030421037093069904319379723607038202648274827746247836205279974984288906766744930866737322510252569733916515012836793491825744387528797054234077906729615667219788681983311873275201254568613488157194717151451612951911526968048726754711799626989812166200486733128487612276422573209849266049433347951743297317256950558410456023820758907499821530035387310513716841280746377763367433762890779538767243743011729173231957795277886045500237666069520238758299150987551477091965379654
359 3400625265760745390308538982874594771993166623093661687549711045528831932488351856676872808116449643920217579747315823879014919033846175880586227511159012579184720209491274760831206513182022266045078395753657260955301453048681765192771829063379885866578835841627901185113387898584610091781903093930164380254892105497803388307306874206067247491815241054646142931521811293535272022219882290951274600014560430136192275400381288873872528224409976598630841117514691392007448245511839100257063720733984056994037989415711922053733428426343085086418885742782563512869234298517027173
360 339965115584162230348432387396592118062736213640925762098602124015762874439614716913032728549780343358592156743328973399762679263537257586021027641993125087982312769723276591964932602510735286099044421741870815831511130663275744852167470114407972109981341489904815459768157708151682013143407516763369912641467935568574846314599157880515288281091381955200547132852924424003396101733467871412327048616655912463053099722662927183257151764554376130495100356795447048097004334284662093320750642406685317095575850952549675402136924561561985390229860472444217165393771366542567904634
361 34078961138759040651034457811322117766243145889825232382109120882449669812414282393230753353872262930127257510439956694510233516119273676225037463216739643596077280107830671115883025699735594576242748026867592071799565027374081839942938550590998688873096476762006292252439859609245134638107849685888373410348108676864386314151477435862100494358590971702304948562807183981244397329348082695497518244978650445604872725346935588848468050234809922052456183536437322064535688972008105941912994082965907800604144073844819083336915812286556168138659687715746517173016275631393906055741
362 3425402123833507474071111872437511360254698916364961894963367332243525283972693799146822702390353502321809424116627830158577303984812306786116123871639585457545545317498284931433537352321597962979260072670139170186755225931823648630049307501854687921319772753225330401538300954010537794717927446786605013697588939924292105359922720599091363054910821044294195372326804335570118506012729658839495663082681787639042988160201823100581916753907689596133873604585777726172371948200800598360268516955381544668192400457392198912558275457095956814882577475788851756288889315946231316392359
363 345228649597024557991201649685141429305770739512476968156733565230381836582180824659664891203130998775629555337600763882539677037961306911277015644586196719903632107272034257258907183166782839847375235303640715876552379455561473604935941023279618638668545179535489209182251639782764517191610174498235903283322646607152236380793889113585282102894708589736254566261857530288479996576977177440522617928319375518686768571923372526759507897591123667776061062865489070901709351288895032747314980690573964449056406840346766783175283168844726910095159032583201257417401963157522086967082464
364 34887431161989234211299946715410299057914867248118689798062391496767940252426508363356250156596630398650819353335905654429485959547480236603218934004986184859441724085394572356239631754300007389437970358102502570767295476772549679006990028001417773911707155997206731317301700521376697477179315862206948683986148882991829687699714737278815663578665840902680977583883736899913829480052669092360260885426352700624621390970814215686423255732683672903245482650696456857924782437490116631784307743674690558980172001372710374367005097082503176895168918028023607685848077132935113358781725366
365 3535044733310579335068730079486780647171462457700961698182119801093220733752170211586018866937538505398387532194654612859470422679273346646955235518937597263813296341934543618183408954274576710642639547520331919262197330750837087685473655094132131125098102444423289371898398613345002567661680852741506727948010575804059033156069745882654326332489292844103889270436182542108012880710185118618698114209467437428243005622582032359396003921235767574214581996671561000911422159218698715287909404952716727613446882397131695745295287645986357803434154283968447936657608473629200208082089831772
366 359154632093107444988267549983943060625062924383608300794463702999055063271948260628511022456165312550401672571966765644241977981840506485164922366255862582197508565470602114518465843258944485601375525581573537886424501190762611890526037562946971933394081262802321094115405113794103743447119618678587944834075814112832799158761254434175898695520829009805156472787409078708447058863185453064360670122096835896829773813437971681137700636597146983178363823373399015708774304303733936520020512407593278990485635273493480839205301559672413740951114607884772782019620291543350718033058299934850
367 36586895714866112275767139981675534203130599472193924621526368820853946095257162960623588132091331247332534117257268773216803683380834907889268298734359624266630888668409197148540988423757055042434254507686531718521483081464574920382662390191710418161498190851316260595745748894884887725636872301972638639831507864662637894391804674601238876018204757721316067500535128495518443097982420373511689963626001277598983868300623616611357096213030743915572852698433662861210091120262455759611846127595484673090765284725354772886987518033844595526486616043233720550860808043336692723317294390088958
368 3737008601075949820071162015412285620282002651693198656943383186058989842169426888313572064487375629737521683497862118324434948279011208661110852016105610065190012352820441468090931937874435647919779502976227709035674052951708208620688088436041160486342219259675547642673752216066596149584838622861146273080742487807796674642381534032282764105767941722996925493612444214847747423839110437730398116192977431850318264522328108243623973071383787298844177309031066717523675199101630456358770483885261155734295547812740662600916401525229126994058866102117406604023054040214189468493176048710988712
369 382713696753441514160003575299310068616862028147141699826454924283264234593942839590642686550318909093840849320309571829942744710298886249031273557320460266899301899314463326920682579474018151510212499801549569548241856849704558364126668566416039079406385760458473766898503430907239573675389273041120868244271933971301648758754570223522035592269433466313463921922208868305763398274409570593084951794296051004724317526313186857533594226755856487154281000655201742104879938182695065443414046025866654463497362795965258726944028810315945931950854405847324201016707695999643702914613275811383270320
370 39298161297002076988211890246881393607557719641575756480027368058326291857749041429931841875297571805064439958317469329877256179216578532609859823643939377288371247682500621643613325012337935091163130974620958783155216032749071841856711756917135113680782182191978014914240150248639134892951787867666770950829946927372220887419306992370718146826825283279760320491405096405995293873314319967061795782416447578661919046824734893311334076681306471605120201993256024033682195787082902783630650691868333768949191140458536517784266769623596562638439299190833908567013985594461200012709256126379470618167
371 4045905504596773960303851182026370643026440159502755874031021219458412814668252910969177678763384689432519207908558112718162268966904230327887827638354122330118389969095953545579048822316995413253657014896611812436261947965011308314666951005564826393128449697580384090962523079007805814376607260003773248657789022274255399869840011766719889852496193925027280112265679138159876588826507123689046250538957389572530829632338210657341653101454069835878396446240780841910485962157982245608288866637575815017583700389544428393902235962489419468154113218977493937727687095288298204083922565692493068651200
372 417639431164978615131874210361309148370238180409952436959147790517413747235662165557692136848079323976612654628926421008180785177971615155177506619300595258132132290692430250096228840480944896717351802663139685930379872605987968966174240620761958742182745547598033900479405787062198741602415231497986816063854145638633417247528815752833306229338319234334302338511760178372283980013276433406155599681543666127867455903937436245006095823707262483292469185563785879587186941909359603206533385734488668408520597463071210261952521703449017846617817756526336859210103094338603168425829762923645798898237018
373 43224154299933719541618296415415396329073546880222271718350311514223090125953160281321654653094519983185567824512655530840578367695830081096664458625436350567793358651308722047238655866002195826780023200559985927570273135952416380922488189410543999381736532672405173404433558895719549948136272432585609554623806267226053510208077268174079909830087563852927186383959245480887054784703266098194340588841222417519670577152867696049475790886422386000429096464141331286280783669386765311525123804765616139454760458507686103759577667680049121483850989496472332630993356339422415314030386081273327274373506132
374 4485261537348958873022325993279740275513818336204399830181806246233904180242896659519180948335650366334539894319237079486953468992443541069641032645862967553548730900071997884186245723934032870674726664806273718229576677680218646095678550083580379069445044316501059251267441218741045213254958427207792227662832949453961011118763029687761420993417462437842349049574940240372335470140663915595448176873147602110714515905382444272372333127461939350441368588541634160400280616729378152016958404900266224387408635018742894033618848075596045065815385510843815597342886851219024257336095553050817832144470437031
375 466640384800444208365323833584288830674571862493036462060657462558093298361907730308266300816811157346846783586366718011301316255169671038263465851291440628841555420758099452052636253967073806881937840981562229223924754331554971692927670659281410912166151660610757693185640962667153292246745126852384524789344435596705570657097078025183582306626201593063212388613321944381529217262641807293084437435502508886547960753779382228465962286673407926314511426465575608906047034063175532590680120665537058922147984063729299078406383525266793015448321998000656204309971769983676063739124470551515725295446984833451
376 48675138244016158108442815709167005381021949919136079569118029593148769173518499883953925762041222648222482215607475035382324259494579733839368136358740350467090722904250102989066465092688679807869876229352347181621223489116548446564448677586626703935941928927219238368165356207705759372073592868079024745548977416222450079763855156542778453989369450505376470114962322201509722023882576708089728728077492611454171233771125639598439267014510185899637994764058837457170646553495510869793462182074261798140065775383311359531270670963754294079730807002002157576225486671424104424141024574495384068385565022839828
377 5090488303315997826714427881460154116016861438769045806766203701586835404412589029235325108229138651811478423533823903407139365385233872193855807268913478205321978255093707019486432059193512461130959992460337850785433404688576748960000586360823189902020332213843175340624667046645038642540148789862544053817134108700039275503590413050072212353638108949333158501272530848433115924219207838133536576882901888719138023989567116497432094005538447498464970708243785438773909527727033815304711381798893649281423690591221407633434549310030280023500596524067991380423498030303330577932270117959110309359966262963055441
378 533747855543620206873599884895377810328568876171263812421985525613373130063255716713069640644649944763488500629062893564057670783164763118711640131926152948526656806178455644889450272643631826588579217911345573523855514248670015002905148174360618901527754468869279464840119749710844187427985029216086859641670310909596028974220613842506990982032688473360011832729404822575910107538085700062528816952381085524438190978986564152045054951111468162042045626837290153194098928126498738094688810214362423205382071048247687146412454167500407068251611105046105679067802854460910744189072070197061302636832906367624452462
379 56109238885229750304522983332089559255798466445416812622197296596015784819504523287874980172585536142240872362179413287916161090945217659771315286908095712644049780132081756889922348833617134803331452148838471245114908739898966647334549195904815242914512243145286621974917575461480974380192333605964060471190202008283018194815227191405441250949444348742859622558056196851584415556381135123455461617939731081148145558537857143067040752715218052842224778461078434346579684357401564598664628892359200600174566408932212335784267619855341409390718179796556273000129769922541267025075996853544663754640434196818819100414
380 5913590511880416070253122635561328871177723428569382267289432035916538588269987654956298447946319518722632045839542548347571165316101871753294824210015196691487357433206039569775491520085298279099693445955138654220452170780366865273317565444641351357991616390656712435442185374222665706091779835153146386366187629124042677902379267609707981387190947557014376528379403672344302829796188330380486307791505053752220664914443513013227552037543220011793037061075584665228159227226272088580287436367852973048592072910623023827651253590860409482155571377654213207876556428746584476813780897934983392178939564837364002252231
381 624861650674951475579790698924961022949830993726793629641804694887318405899940441320834309061552180041341871559634828671520454564667212020745013780300402709190051198997927460222836746309757018863141232191295077995466020978839117344091452514597250276626116841635486913626315068728114646869696016603941501695336378080706075573070229492238420209229591104896228042930941005199232930932711613947484868338428805580016294703352237418434240585235281572116007157153457607585204045711621298169347933463688586728130664243950997589385289904089800283738673657790711216676979060548203907419961758705025005584277990358234378076271920
382 66195638972080306395144899604736411326806054249291751422823478908862006588553697293236387467501816819802317085061425107267484167257862234982310615351887577653222483598867749788020448079043217874448667025179973478470241703805343372488230804318886633630164443001879712964291538320259648495490451807936633595035752436239321051197246779134811621620744096074838902148011849134991512734912577034905869817148143258372798204931905863196303316080889147440058611506489014003963044937502611817243669611184702038375787884393130528280181872326364484247353483743882536770883081870422018705798931363565681208204241975641345576914100868
383 7030478993759900833388484860987393392489906517539107223007770280270428297469961974223345645893487033358811260177743363520641132053645423598988665208029798392360576985105757757647729118153820532789715367851125837503204860678287028988826109179356861070557199667590098058963387327782153662317740730928082461567812242550959173586822379492613745913906184720258219072896482899393499470783585039809314800804117789175792320815910707250071031593981060792650246145934687849001862035986103699887742550820145785925201883781354173473797399848447441956461237812809281116213640300326068092375208792855539548631554636940280107741257447548
384 748596239247023599722308667840073111487319650945974932699985434244094374260869164163923407237306863522182277187205935389382809466595295730868450681180150067680579875606789571403233598590226854847259229809710818041240409082639663280877005009645638718379371364657441706873987183068980482022309892164450631786432861228353512187934918862223500772563464642771022736443419475025601153728760535252538745800967039229895470503603998619086729439964600278039904030705034354835208973668119320651811555298735563652489379214702641360988948300869954958405079795511537065571011885811816214593170059229076843151449548788325326510224016836574
385 79912502628135599676989553613266440506651014484565680446035220725362457522593384656257580085341030115733896523048826666135837398522775934421948051529957702771688492436334222725582640495679728641139314146103942965577880627010934427993882982928358734848018687401980924112262390732310247787198199684597882561244015435247448194242254529780649773273341108132724901224982320313533754930484531404876279260522326834847447338854469407467329189690143513169034712930036858997613338782071839665309721886449598578629384888295537209366242013593323091192507974746597719904316287523986953698578302354943004163792537442287443399108504944792630
386 8552308855275664282398387660943885475908467896660502254256619470874956954209738128911786922643500265532499956118731424437546319727980955067012481367703168255327827411173747269962145963429331323134290772577872968243166706236497394205126718214756373016110568423164573663796951883033038084455534271378709887297411273042199680361338220986453836917924317471065962975937381106381927784463032993400175582490132454378917496214048860964827257366108902354479416799470998440523634777797244711966514304057563774787693757102110135642070378449864313810138942183234597050774457780926756884517262061470794856944930235425797409730508236585798668
387 917594451475780653458034636564825598442179622763253256700628416650252613270958364823505727980037850024952199577230691783002158476447580723959177686873585179855222001926727457755687030142286268044694445297996012704091770620913587596607598789245233142429815742058521532328551291922498692039030591395929179793276480069580100952892290761457367420627450156624521991966680652283209273783778598617263319248968093048124526869481990883655548549960408541851219757532841283550967388785604287421791658924331560134288378398355934791520247431817840655858211659642320660882866412007117078256099200213614085777378943373074658703345439636089458693
388 98699319095637794016938027100564522217702105823441157396483611070084595744450341637767602826627280853945766832510161931271140127638762330584839324001651368639925577080752337822706544476609953418420514657217557818681577269343440712021062940594408053777140144023164961188397172449356845959662901845671565416647102923731143152227283585256384086086896026627721246351333750147242378764979879198230954891948447270290064471719135716626884727358554462032827785598868401995914051115306361792053094812668934753730831744031022943493195568436724549628476410487034887079654307188749305765669599968621020937114572479171750270680694039933721418672
389 10643163692249881850038659764461948127599322809583937184170626078112076526556379066053542106545872536590302314366491178771664526903521058633239711118355719812895133018445044347413598341547412933273530711892184025582433923817531686021656274402805126806865164668053619675537759702056460997187597336052083408736240090372975001619853118079223721529331402218681798617745129097179072521017590268820537956628101136058346036335505388312636539184008698812667425149974850489684706006858486587935561937269137574835380513047773210979245951670268098629346560205204383955646616994774990325325872511786514633965092475870610445516076709451110994805779
390 1150582541493036328073222156428392915736437466057172733779217051589146778059599988415736887311585465645591724271660755164738901194691442846671467255204041207035500247765841970599310363915292887308540843112281597318314724336628884929195774886209958566008895407914949956720946706730387494947750989867105269930527493016115388477048394816765122005068699033181691101794828155861957858752173695633789863580230259771873803581827774271514412255275916150890947905357566056110386652315343911470619708260499279924857333825468792442846549925952557772653432693858284462206632489556290327295884105067357003471557233217251540103063091304265916013732900
391 124696002484729812505895556378461217726513277003082723744330090268249095211957735285106996339954524316085377210076351505098415251527151991044012948643879697612935783012262761412718744807177476911488925381113328301709013929758594412253355456906832843800475537286376826533806990956975797882683216231876767288426914891264463644273166872046148066775641713952211604219490276610714429623671764446820176934083786628626176792053506261049776004426310972268988314438452857648509782727945591895220500372988431879880028382645267976108887025988660829765998706531232960317532315353335347098678932947727740712919306477919132717863132993539405764121986412
392 13547908927604240646769958248236526996797242362443912259090907032519756590633263853555923049356947904621444707094211212228706176383042593700070754130725021889930740612310057764821962591255418976832070615672540874841897722614480148407572988806031796042631476962302480826902468898423172966253322320237072598173693333407047762525545154650910628485962374045991261981184361005550498548163679019677157737346541937976626281829931009055229149714806104974965988610023616187357502981136407373984447215971051209402944623944866748398665245777287481351928379567013876286327700522316823168178693857947591032301241858064221929210570494214380565813942801525
393 1475619139300052698471241633699131897208212638871326742752071507459962312044064785316336450612826494800838381147163239981304345398592342067446908270427008591178604689380879019567922219675778481084864446906661467926720169025654135090511013959558345277727564375085823333620481302182025722074962421964549583809985132093936970912253643734136708289942339736472270419295109786042679684434650455037878943604983687537719138043426878678964782644923569064362193377952815066987748605607537026901317716493301450447643404274670454187792915121317831749997323039696899453846522733031204537859620253384524151060017420260998647367075391593027908782838249757178
394 161122378644726763814943902600259923810762989188096789484030634384011318774180097824521844975510476702330311197617384759647123242785698481792454630551874716806977834754966796450406674042399040667108983055622395261608213983825522575238608190515015817024532979328866653063487599311723139885188037441979872770978415511896318065838129435089500986130305294564212294839994472685046491262555029023219124945070017472615108159195637678885355642824952448075481815151133940693140627047426215813445645820936621993193669455413154513416697607178269878811583939590858887977666402965755840528626601924657038124221982532427645960994136211857860351152997804313438
395 17636578602191646636245970022145324607329042264221889577275120835947153172748672356744878951668786926888348864910695987837153808480281326682578406952599927830885866547670583438383493218308302610507952689121287134241115609615143173289951206479203828924307085144662977390816943367767013927719807376398755919350945188535194844477429552369812966417289587443251097570319328561413381742760054527076615575786652727153675833363404398152292382829152417512288918030633255434575912782107938745353444252963368737243455086900046995467064580858825654131775887868139264959579156008821327333939902079518086174420335204411588248143400516302679038365239582718339108
396 1935294345164599380183414995416135307620026737110491614488084995581503158642612554663588051094110535787324933417259216152548868809923644163228161511562098105134601689846321294071533665299090177030319221786308404103600248701210303089123679590730761852275365587228023654925734905806069898314591955467052801550667278785638897788487251739368034383338308340075617912610415316040544965019885855302790344576380135918696034645528101081560939333639190545485211757541728439044998332672448282061484087882418582219172029275994060445760050350105441369660026553990828402885544319226336151642922463992521274722299554647182707966331980804823721620410225828053233828
397 212888044914147450662686343171755628328732629733448024103977234917396801870329295037874434464854383027706024928111502468581146679785980549989338772963116775559346307307419538280626769906680008871742883942275294236012117607343346595924756659464242541682674055567933220447656095970969689550939039106314070633317122194519103445029605645770857150214441041060111010443090376657891658834058333268866387658393505761062892406551209741105978442945577746885939833893135008009869458468541257240347926660682612872834135639298210111114293810612279098633488992724707133628663320975997332723445854975669734481183472722179140203019753082182329168933536684951993790043
398 23476017795254031374031349605098258080475958945512372373054006267906944561974478884837997318399025388128706924582871116397536822321216755491986654136876881738871390454284236848429162268637751808087273081956967451684106597556586611376235375434306319654193565831915097185761420597121151902711878013041841459488287792719023018924689333724563478530333879153725078176798896375342787390537368275781144545839096734671470635117623600639621309377052405896661907203510990119621316177775707488192149432627650954660899328956368219535035745115160709022331896350391751683760266613705643817649033230073094150718023231889805643110261121426456645630206843232575163123008
399 2595158358512690459614665298148211003446327324041298129173462968818354306639643164493189000894858180158319414624081249376443357658486901892529376298532020943288808654763751948405658621459074429674050050512779275638000791959989225001449475403144005965579553791403940482945396501238212101016520180765830462530168983457671125211575357353698861924184745305273996416993940354786356243769185709518826939308423296262658014431024838643704118862411006971569724663695416186289187950072335704681399766838570925590464002209554604539378214865789936077624615316045328890850916176207123593048909599093368659869829014676866675610275278935998937255479951114900296429241354
400 287585480172752081923437665022754205792945778976186624995084169809719060715281264408880712863952276935011711802789330666973475744108178214955556759125015659030959836310319366133549910114988235704238369486728058978743463231413849115130817643137076151293780938241114685024632694894089323630593656072743913912718441170715492378251243251673466055026839018739403134918177162431011393241107885428614038418551066541161705036991842092192101235529600818435243293046185418126044512156023543562915064171571067211369529499821410521533932590722867150756139311878609331882225301307500537894634686569975132384032208778988547458404152830985548017940419110671848602553550980
