1 0 1 1 1
2 0.69314718055994530943 1 1 1
3 1.3862943611198906189 0.66666666666666666668 1.5 1
4 2.302585092994045684 0.625 1.6 1.1
5 3.2958368660043290742 0.54000000000000000002 1.888888888888888889 1.1851851851851851851
6 4.4188406077965979232 0.51234567901234567887 2.0240963855421686753 1.3132530120481927713
7 5.6240175061873384998 0.47676419965576592088 2.2346570397111913363 1.4296028880866425997
8 6.9226438914758877067 0.45803249097472924182 2.3862068965517241386 1.5615763546798029563
9 8.2957981106361445549 0.43864258347016967708 2.5672572997254804101 1.6870476665834789122
10 9.7437295141509248806 0.42543049663089593202 2.725288907139086058 1.8180911597348507073
11 11.257400757317503749 0.41303455153399425162 2.8943848368645982596 1.9459529250752088412
12 12.834385261135901168 0.4033614801616505917 3.0542907367247371896 2.0756757333504050533
13 14.469484384249488725 0.39461280539039555725 3.2180891112996888473 2.2038241068902976747
14 16.159933129699899444 0.38727951558499903697 3.3780734134119734357 2.3324405763744036079
15 17.902242165041055373 0.38070093265242513621 3.5392528539402589496 2.4601971414640537914
16 19.693909962634779954 0.37496562471276954649 3.6987344692455589826 2.5879123542726504672
17 21.532337794780713363 0.36980275432460055579 3.858437822049701418 2.7150859637211422208
18 23.415387828361919693 0.36519576587615797968 4.0172950480086814639 2.8420488928703037572
19 25.340999630085972073 0.36101810215152553812 4.1760473694503125789 2.9686216068770092161
20 27.307366110979211946 0.35723344881636608965 4.3343111381273230222 3.0949428825399559675
21 29.312791563681456003 0.35377400098415614249 4.492378424213512396 3.2209552105875108193
22 31.35574203586284623 0.35060607430913741896 4.6501186871307929839 3.3467215744888221219
23 33.434788532225006706 0.34768870702693978764 4.8076520241891263761 3.472229583002701506
24 35.548617201871618415 0.3449950669663261612 4.964939703273429612 3.5975117556777730834
25 37.696003736416296329 0.34249805835804810757 5.1220351059128560226 3.7225714617930886663
26 39.875811582281928715 0.34017717568099787234 5.2789316418859104944 3.8474283703868321967
27 42.086978513085611314 0.33801333378787935975 5.4356560715661410327 3.9720906184372110068
28 44.32851197892227256 0.33599095321440543036 5.5922122248034827631 4.0965719321948258157
29 46.599480922958444698 0.33409600541373477833 5.748615663354199698 4.22088123811500929
30 48.899011044422191149 0.3323165633823069665 5.9048729394667940134 4.3450291108100972952
31 51.22627919389040161 0.33064200162183520306 6.06099447444835884 4.4690239303701018532
32 53.580509267880765928 0.32906307515057689676 6.2169869575194618813 4.592874321993016094
33 55.960968066842002873 0.32757155392462054456 6.3728581450838812242 4.716587756817365115
34 58.36696190319601641 0.32616017358533077396 6.5286141003593059378 4.8401714881934877308
35 60.797833396859385154 0.32482244538722267551 6.6842609962688633641 4.9636320583691811142
36 63.252958706835958225 0.32355258485105679102 6.8398041300229233128 5.0869756697615072872
37 65.73174498193158477 0.32234539999417380024 6.9952486124942550934 5.2102080238711910021
38 68.233628098953352965 0.32119622727277489697 7.1505990289505629506 5.3333344784259501658
39 70.758070597120251474 0.32010085916350033682 7.3058597122408860222 5.4563600056832214933
40 73.304559818992729624 0.31905549294810268827 7.4610346357740017866 5.5792892667150715213
41 75.872606214330685061 0.31805668054851398292 7.6161275291571819859 5.7021266107430761036
42 78.461741800274370576 0.31710128904524424072 7.7711418525664740548 5.8248761159208076064
43 81.071518753708373135 0.31618646438342515499 7.9260808511945099442 5.9475416012541240415
44 83.701508125705612454 0.3153096011920144085 8.0809475565917500842 6.0701266526927447195
45 86.351298662763891073 0.31446831576187766214 8.235744816175891052 6.1926346376006999577
46 89.020495725277521852 0.31366042290818676118 8.3904753022881385666 6.3150687235466277506
47 91.708720292575668646 0.31288391544329290081 8.5451415306756461536 6.4374318920131269072
48 94.415608046477106176 0.31213694630601610493 8.6997458707193322334 6.5597269529655208194
49 97.140808525451284201 0.31141781272826230738 8.854290558429466231 6.6819565568965905876
50 99.883984342855091858 0.3107249423065211371 9.0087777058251839613 6.8041232065925289535
51 102.64481046316641365 0.31005688063564142961 9.1632093107959599956 6.9262292674351765994
52 105.42297353097220823 0.30941228035059878003 9.3175872651726865835 7.0482769771153644953
53 108.21817124793655656 0.30878989136392549281 9.4719133625572720587 7.1702684543686535791
54 111.0301117935399444 0.30818855216529491889 9.6261893051264309897 7.292205707095228695
55 113.85851328578506268 0.30760718204039381408 9.7804167100146733463 7.4140906397584360574
56 116.70310327847508267 0.30704477410309123907 9.9345971150249746864 7.5359250602276063764
57 119.56361829199991866 0.30650038903951896496 10.088731983918311469 7.6577106860563560302
58 122.43980337487680908 0.3059731494823218541 10.242822711217159637 7.7794491502838187358
59 125.33141169355540133 0.30546223494069454894 10.396870626638229063 7.9011420067797645803
60 128.23820414823867295 0.30496687722363322704 10.550876999151736794 8.022790735187388042
61 131.15994901268149463 0.3044863563006413898 10.704843040727829757 8.1443967454911069381
62 134.09642159611869472 0.30401999655191833433 10.85876990978571024 8.2659613822468102212
63 137.04740392564278796 0.3035671633655955619 11.012658714382280458 8.3874859285006268875
64 140.01268444750298249 0.30312726004504542707 11.166510515159133965 8.5089716094244522851
65 142.99205774593232436 0.30269972499359363416 11.320326328073079363 8.6304195956909524994
66 145.98532427823157831 0.30228402914793987605 11.474107126927611181 8.7518310066103274236
67 148.99229012494775401 0.3018796736348946066 11.627853845723986684 8.8732069130480021799
68 152.01276675408376574 0.30148618762899983482 11.781567380846787218 8.994548340141264307
69 155.04657079836459106 0.30110312639113118153 11.935248593098452413 9.1158562698308363559
70 158.0935238446656432 0.30073006947041840917 12.088898309595160019 9.237131643222156286
71 161.15345223478176048 0.30036661905376501599 12.242517325535611865 9.358375362789668632
72 164.22618687678110223 0.30001239844896223068 12.396106405852929697 9.4795882944363368738
73 167.31156306624802374 0.29966705068889406191 12.549666286759040819 9.6007712694194618369
74 170.40942031677333394 0.29933023724565544272 12.703197677189967206 9.7219250861529556895
75 173.51960219909977219 0.29900163684457230462 12.8567012601597116 9.8430505118953339492
76 176.64195618837557987 0.2986809443691453364 13.010177694029701409 9.9641482843319040454
77 179.77633351901012566 0.29836786984885202024 13.163627613700149947 10.085219113058913158
78 182.92258904666306622 0.29806213752255209209 13.31705163172912301 10.206263680976769737
79 186.08058111693283315 0.29776348497096066862 13.47045033938459787 10.327282645598866049
80 189.25017144034164537 0.29747166231229329862 13.623824307634352813 10.448276640281996639
81 192.43122497324303036 0.29718643145575740182 13.777174088078112585 10.569246275383880853
82 195.62360980430424545 0.29690756540807309005 13.930500213826005017 10.690192139352856335
83 198.82719704624024473 0.29663484762866098107 14.083803200327055755 10.811114799754410955
84 202.04186073249813528 0.29636807142954126905 14.237083546151140689 10.932014804238853356
85 205.26747771861158884 0.29610703941635287183 14.390341733727543911 11.052892681454083195
86 208.50392758796357938 0.29585156296722822224 14.543578230043018703 11.173748941907129166
87 211.75109256171325021 0.29560146174655342353 14.696793487302023882 11.294584078777828591
88 215.00885741265880359 0.29535656325090741276 14.84998794355160204 11.415398568687781202
89 218.27710938282317048 0.29511670238471217131 15.003162023273174412 11.536192872427465826
90 221.55573810456296216 0.29488172106334044806 15.156316137943362544 11.656967435644202503
91 224.84463552501392559 0.2946514678416215934 15.309450686565781943 11.77772268949343897
92 228.14369583369790638 0.29442579756586109648 15.462566056175616642 11.898459051255667228
93 231.45281539312724586 0.29420457104764821332 15.615662622318648016 12.019176924921105806
94 234.77189267225267283 0.29398765475786972227 15.768740749506292805 12.139876701744131646
95 238.10082818261016022 0.29377492053947815349 15.921800791648092385 12.260558760769308993
96 241.4395244170309618 0.29356624533768126533 16.074843092462997949 12.381223469330727391
97 244.78788579078717624 0.29336151094632706565 16.227867985870698437 12.501871183526249615
98 248.14581858505275458 0.29316060376935661471 16.380875796364155809 12.622502248668154516
99 251.51323089256691698 0.29296341459628596414 16.533866839364429748 12.74311699971156204
100 254.89003256539351501 0.2927698383907599182 16.686841421558804654 12.863715761661932634
101 258.27613516467600424 0.29257977409129442919 16.839799841223161106 12.984298849962849396
102 261.67145191229341242 0.29239312442339226086 16.992742388529473087 13.104866570865206144
103 265.07589764432803062 0.29220979572227843762 17.145669345839255197 13.225419221778858885
104 268.4893887662605492 0.29202969776555879074 17.298580987983730201 13.345957091607720871
105 271.91184320981302938 0.29185274361515667688 17.4514775825314383 13.466480461069224172
106 275.34318039136447268 0.29167884946793077797 17.604359390043962419 13.586989602999009722
107 278.78332117186784236 0.29150793451442030173 17.757226664320404754 13.707484782641652851
108 282.23218781820122669 0.29133992080520423759 17.910079652631206156 13.827966257928180635
109 285.68970396588942848 0.29117473312439804409 18.062918595941866341 13.948434279741091562
110 289.15579458313563901 0.2910122988698450719 18.215743729127089596 14.068889092167542462
111 292.63038593610602059 0.29085254793959127806 18.368555281175843984 14.189330932741328009
112 296.11340555541299532 0.29069541262426046519 18.521353475387800773 14.30976003267423984
113 299.60478220374583327 0.29054082750497381334 18.674138529561585436 14.430176617077355791
114 303.10444584459975964 0.29038872935648193761 18.826910656175250102 14.550580905172781126
115 306.61232761205727415 0.29023905705520026919 18.979670062559351448 14.670973110496323132
116 310.12835978157770106 0.29009175149185925985 19.132416951063005696 14.791353441091568612
117 313.65247574175318176 0.28994675548850063472 19.285151519213245681 14.911722099695784363
118 317.18460996699138454 0.28980401371956805256 19.437873959868023436 15.032079283918058967
119 320.7246979910871551 0.28966347263685783477 19.590584461363145749 15.152425186410063276
120 324.27267638164716573 0.28952508039811007345 19.743283207653439082 15.272759995029792723
121 327.82848271533335474 0.28938878679903497085 19.895970378448418084 15.393083892998636163
122 331.39205555389258351 0.28925454320858241111 20.048646149342704519 15.513397059052091288
123 334.9633344209414835 0.2891223025072747622 20.201310691941449012 15.633699667584430333
124 338.54225977947692602 0.28899201902843451133 20.353964173980981922 15.75399188878760514
125 342.1287730100839283 0.2888636485021486914 20.506606759444908159 15.874273888784665782
126 345.72281638981411478 0.28873714800182201625 20.659238608675857358 15.994545829757943557
127 349.32433307170908873 0.28861247589317953177 20.811859878483080586 16.114807870072249685
128 352.93326706494423931 0.28848959178558851511 20.9644707222460771 16.235060164393312556
129 356.54956321556961626 0.28836845648557666444 21.117071290014433289 16.355302863801676637
130 360.17316718782555557 0.28824903195243161444 21.269661728604031791 16.475536115902266989
131 363.80402544601173345 0.28813128125577327333 21.422242181689793043 16.595760064929816088
132 367.44208523688927043 0.28801516853499703857 21.574812789895100132 16.715974851850335962
133 371.08729457259640208 0.287900658960492 21.727373690878044425 16.83618061445881804
134 374.73960221405908302 0.28778771869654374551 21.879925019414633686 16.956377487473317432
135 378.39895765487869722 0.287676314865836673 22.032466907479082804 17.076565602625588831
136 382.06531110567981355 0.28756641551547552579 22.184999484321319132 17.196745088748421454
137 385.73861347890165446 0.28745798958445066394 22.337522876541809239 17.316916071859813513
138 389.41881637401763633 0.28735100687247552265 22.490037208163825002 17.437078675244124368
139 393.10587206316799916 0.28724543801012912572 22.642542600703245407 17.557233019530331868
140 396.799733477191168 0.28714125443023983436 22.795039173236009814 17.677379222767520923
141 400.50035419204008533 0.28703842834045057594 22.947527042463297406 17.797517400497713845
142 404.20768841557031908 0.28693693269690853 23.100006322774542415 17.917647665826159732
143 407.92169097468729203 0.28683674117902588672 23.252477126308357171 18.037770129489180102
144 411.64231730284049124 0.28673782816526067452 23.404939563011459707 18.157884899919683611
145 415.36952342785300729 0.28664016870986995124 23.55739374069567214 18.27799208331043382
146 419.10326596007521924 0.28654373852058976548 23.709839765093070178 18.398091783675166183
147 422.84350208085188663 0.28644851393719888429 23.862277739909361161 18.518184102907643345
148 426.59018953129233506 0.28635447191092570622 24.014707766875545378 18.638269140838726068
149 430.34328660133382624 0.28626158998465954023 24.167129945797942795 18.758346995291543863
150 434.10275211908859092 0.2861698462739299081 24.319544374606632858 18.878417762134839032
151 437.86854544046537183 0.286079219448619024 24.471951149402379068 18.998481535334551704
152 441.64062643905667641 0.28598968871537454407 24.624350364502084611 19.118538407003725345
153 445.41895549628327641 0.28590123380069156904 24.776742112482843312 19.238588467450784849
154 449.20349349178781242 0.28581383493463394867 24.929126484224635259 19.358631805226260453
155 452.9942017940696701 0.28572747283516706674 25.081503568951708738 19.478668507168010125
156 456.79104225135358802 0.28564212869307512317 25.233873454272712731 19.598698658445004054
157 460.5939771826847394 0.2855577841574376855 25.386236226219609459 19.718722342599721011
158 464.40296936924329829 0.2854744213216413344 25.538591969285422998 19.838739641589207713
159 468.21798204587175879 0.28539202270990333932 25.690940766460856129 19.958750635824857872
160 472.0389788928085224 0.28531057126428571372 25.843282699269825143 20.078755404210951958
161 475.86592402762150456 0.28523005033217873835 25.995617847803944024 20.198754024182007638
162 479.69878199733573776 0.28515044365423427273 26.147946290755999547 20.318746571738979058
163 483.53751777074916482 0.28507173535272993157 26.300268105452446688 20.438733121484358543
164 487.38209673093102375 0.28499390992034637576 26.452583367884968059 20.55871374665620493
165 491.23248466789742472 0.28491695220934044739 26.60489215274112167 20.67868851916115033
166 495.08864777145890987 0.28484084742109802552 26.757194533434110096 20.798657509606415251
167 498.95055262423497014 0.28476558109605105184 26.909490582131705201 20.918620787330869906
168 502.81816619483066849 0.28469113910394390425 27.06178036978435089 21.038578420435174824
169 506.69145583117068707 0.28461750763443506004 27.214063966152477112 21.158530475811033127
170 510.57038925398627793 0.28454467318802064687 27.366341439833052297 21.278477019169585765
171 514.4549345504507516 0.28447262256726689176 27.51861285828538871 21.398418115068978935
172 518.34506016795928635 0.28440134286833934971 27.670878287856245755 21.518353826941137859
173 522.24073490804898545 0.28433082147281725076 27.823137793804232496 21.638284217117759503
174 526.1419279204552451 0.28426104603978156736 27.97539144032354546 21.758209346855573257
175 530.04860869730062906 0.28419200449816639021 28.127639290567066232 21.878129276360871583
176 533.96074706741257287 0.28412368503936329188 28.279881406668825895 21.998044064813354599
177 537.87831319076636144 0.28405607611006881722 28.432117849765874076 22.117953770389299838
178 541.80127755304994253 0.28398916640536614746 28.584348680019548639 22.237858450284075672
179 545.7296109603472497 0.2839229448620314248 28.736573956636200074 22.357758160734047358
180 549.66328453393681858 0.28385740065205693081 28.888793737887346282 22.477652957037853241
181 553.60226970520258294 0.28379252317638232046 29.04100808112931148 22.597542893577111968
182 557.54653821065383879 0.2837283020588265006 29.193217042822343463 22.717428023836555047
183 561.49606208705146088 0.28366472714021256107 29.345420678549233886 22.837308400423610216
184 565.4508136666375484 0.28360178847267850606 29.497619043033461182 22.957184075087459823
185 569.41076557246576778 0.28353947631416714212 29.649812190156857235 23.077055098737578915
186 573.37589071382974526 0.28347778112308836708 29.802000172976827817 23.196921521461778494
187 577.34616228178694608 0.28341669355314762834 29.954183043743130552 23.316783392543770526
188 581.32155374477555643 0.28335620444833458287 30.106360853914230629 23.436640760480264133
189 585.30203884432196249 0.28329630483806611085 30.258533654173237107 23.556493672997608
190 589.28759159083649416 0.28323698593247813161 30.41070149444344513 23.676342177068002082
191 593.27818625949517373 0.28317823911786098152 30.562864423903487055 23.796186318925280441
192 597.27379738620527833 0.28312005595223316889 30.715022491002107487 23.916026144080288145
193 601.27439976365259217 0.28306242816104868306 30.867175743472573819 24.035861697335856112
194 605.27996843742828847 0.28300534763303314593 31.019324228346725498 24.155693022801391984
195 609.2904787022334433 0.28294880641614419411 31.171467991968692486 24.275520163907104803
196 613.30590609815924363 0.28289279671365203072 31.323607080008264632 24.395343163417853761
197 617.32622640704100947 0.28283731088033562653 31.475741537473948111 24.515162063446659813
198 621.35141564888420562 0.28278234141879094642 31.627871408725695707 24.634976905467865935
199 625.38145007836067296 0.28272788097584704517 31.779996737487347016 24.754787730329975804
200 629.41630618137336084 0.28267392233908661593 31.93211756685875561 24.874594578268166403
201 633.45596067168789262 0.282620458433467273 32.0842339393276351 24.994397488916492425
202 637.50039048762934479 0.28256748231804023507 32.236345896781125137 25.114196501319785546
203 641.54957278884266714 0.28251498718276310437 32.388453480517084997 25.233991653945267723
204 645.60348495311521666 0.28246296634540368851 32.540556731255117474 25.353782984693874971
205 649.66210457325992184 0.28241141324853166658 32.692655689147343399 25.473570530911304289
206 653.72540945405763629 0.28236032145659537571 32.844750393788919203 25.593354329398799637
207 657.79337760925728157 0.2823096846530807691 32.99684088422831308 25.71313441642366889
208 661.86598725863241865 0.28225949663774991822 33.148927198977350673 25.832910827729555542
209 665.94321682509292581 0.28220975132395649028 33.301009376021019494 25.952683598546461756
210 670.02504493185049783 0.28216044273603562551 33.453087452827057615 26.072452763600531623
211 674.11145039963671705 0.28211156500676582543 33.605161466355326725 26.192218357123604867
212 678.20241224397248159 0.28206311237490062333 33.757231453066964537 26.311980412862550575
213 682.29790967248760986 0.28201507918276767886 33.909297448933341676 26.431738964088366465
214 686.39792208228947257 0.28196745987393321734 34.061359489444807798 26.551494043605085818
215 690.50242905737953475 0.28192024899092974895 34.213417609619257553 26.671245683758462304
216 694.61141036611672162 0.28187344117304499903 34.365471844010481675 26.790993916444458885
217 698.72484595872655055 0.28182703115417023892 34.517522226716365222 26.910738773117547452
218 702.84271596485500061 0.2817810137607060273 34.66956879138688041 27.030480284798803424
219 706.96500069116611853 0.28173538390952367224 34.821611571231917172 27.150218482083831944
220 711.09168061898238694 0.28169013660598068367 34.973650599028934412 27.269953395150504365
221 715.22273640196690619 0.28164526694198841844 35.125685907130460215 27.389685053766522181
222 719.35814886384646705 0.28160077009413055391 35.277717527471411089 27.509413487296811152
223 723.49789899617461514 0.28155664132183060017 35.429745491576264939 27.629138724710747546
224 727.64196795613383179 0.28151287596556702649 35.581769830566082814 27.748860794589229026
225 731.79033706437597973 0.28146946944513471782 35.733790575165369555 27.868579725131581567
226 735.94298780290018258 0.28142641725795111847 35.885807755708805964 27.988295544162314851
227 740.09990181296733036 0.28138371497740581487 36.037821402147815833 28.108008279137735679
228 744.2610608930504229 0.2813413582512524176 36.189831544057018745 28.227717957152408435
229 748.42644699681998421 0.28129934280004116606 36.341838210640528717 28.347424604945475257
230 752.59604223116379951 0.28125766441559132297 36.493841430738135731 28.467128248906846229
231 756.76982885424024677 0.28121631895950208603 36.64584123283134361 28.586828915083247044
232 760.94778927356451215 0.28117530236170081237 36.797837645049302623 28.706526629184140054
233 765.12990604412699774 0.2811346106190276493 36.94983069517459133 28.826221416587517484
234 769.31616186654324563 0.28109423979385516997 37.101820410648922468 28.94591330234557615
235 773.50653958523472215 0.28105418601274254588 37.253806818578681419 29.065602311190260314
236 777.7010221866398193 0.28101444546512263084 37.405789945740393211 29.18528846753869781
237 781.89959279745444859 0.28097501440202147114 37.557769818586054664 29.30497179549851474
238 786.10223468290161736 0.28093588913480911032 37.709746463248370842 29.424652318873043676
239 790.30893124502939207 0.28089706603398081425 37.861719905545885279 29.544330061166419642
240 794.51966602103666881 0.28085854152796792482 38.013690170987996866 29.664005045588568432
241 798.73442268162618479 0.28082031210197744823 38.165657284779888656 29.78367729506009521
242 802.95318502938421762 0.28078237429685943516 38.317621271827358859 29.903346832217072964
243 807.17593699718643463 0.280744724708001771 38.469582156741540465 30.02301367941572395
244 811.40266264662936541 0.28070735998425108283 38.621539963843552232 30.142677858737020524
245 815.63334616648698455 0.28067027682685947263 38.773494717169037529 30.262339391991171891
246 819.86797187119190367 0.28063347198845613024 38.925446440472619942 30.381998300722038756
247 824.1065241993406833 0.2805969422720431582 39.077395157232283518 30.50165460621144351
248 828.34898771222278768 0.28056068453001502854 39.229340890653658321 30.621308329483413815
249 832.59534709237271632 0.28052469566320109012 39.381283663674206911 30.740959491308308385
250 836.84558714214485675 0.28048897261993006687 39.533223498967371722 30.860608112206893584
251 841.09969278231061418 0.28045351239511658771 39.68516041894660273 30.980254212454322874
252 845.35764905067738495 0.28041831202936875355 39.837094445769326574 31.099897812084031616
253 849.61944110072894804 0.28038336860811603749 39.989025601340840377 31.2195389308915691
254 853.88505420028686244 0.28034867926075751789 40.140953907318126358 31.339177588438350308
255 858.15447373019246474 0.28031424115982931942 40.292879385113599715 31.458813804055321645
256 862.42768518300907205 0.28028005152019109766 40.444802055898778234 31.57844759684657924
257 866.70467416174400427 0.28024610759823095354 40.596721940607894307 31.698078985692892709
258 870.98542637859004861 0.28021240669108830854 40.748639059941426061 31.817707989255173186
259 875.26992765368599686 0.28017894613589420811 40.900553434369576057 31.937334625977875705
260 879.55816391389589598 0.28014572330902866938 41.052465084135681725 32.056958914092330708
261 883.85012119160665967 0.28011273562539468418 41.204374029259553513 32.176580871620016813
262 888.1457856235436964 0.28007998053770828288 41.356280289540756329 32.296200516375756073
263 892.44514344960421709 0.28004745553580423026 41.508183884561849469 32.415817865970876246
264 896.74818101170789447 0.28001515814595729251 41.660084833691529701 32.535432937816288375
265 901.05488475266455134 0.27998308593021817934 41.811983156087760474 32.655045749125515726
266 905.36524121505856394 0.279951236485764191 41.963878870700803206 32.774656316917666253
267 909.67923704014967246 0.27991960744426393253 42.115771996276224084 32.894264658020348439
268 913.99685896678989777 0.27988819647125586727 42.267662551357840197 33.013870789072533283
269 918.31809383035627098 0.27985700126554042261 42.419550554290594398 33.133474726527362458
270 922.64292856169908663 0.27982601955858501857 42.571436023223405389 33.253076486654899291
271 926.97135018610539936 0.27979524911394207187 42.723318976111947842 33.372676085544842335
272 931.30334582227748791 0.27976468772667936714 42.875199430721395496 33.49227353910917343
273 935.63890268132601702 0.27973433322282259804 43.027077404629104872 33.611868863084769128
274 939.97800806577763388 0.27970418345880975695 43.178952915227265287 33.731462073035960152
275 944.32064936859674115 0.27967423632095718498 43.330825979725481417 33.851053184357039097
276 948.66681407222119343 0.27964448972493666497 43.482696615153342057 33.970642212274732113
277 953.0164897476116711 0.27961494161526380145 43.634564838362904286 34.090229171850616872
278 957.36966405331448871 0.27958558996479683425 43.786430666031173706 34.209814077983511451
279 961.72632473453760199 0.27955643277424617577 43.938294114662515926 34.329396945411793776
280 966.0864596222395812 0.27952746807169395992 44.090155200591034455 34.448977788715715257
281 970.45005663223132414 0.27949869391212366827 44.24201393998291177 34.56855662231963781
282 974.81710376429028675 0.27947010837695939676 44.393870348838702516 34.688133460494261853
283 979.18758910128701389 0.2794417095736147084 44.545724442995593226 34.807708317358787314
284 983.56150080832375704 0.27941349563505062551 44.697576238129620427 34.927281206883060316
285 987.93882713188497074 0.27938546471934274065 44.849425749757854572 35.046852142889665497
286 992.31955639899948302 0.27935761500925706012 45.001272993240547103 35.166421139055992245
287 996.70367701641414065 0.27932994471183462089 45.153117983783231999 35.285988208916258355
288 1001.0911774697787324 0.27930245205798434301 45.304960736438803091 35.405553365863500607
289 1005.4820463228419983 0.27927513530208409142 45.456801266109563311 35.52511662315153395
290 1009.8762722166585387 0.27924799272158998744 45.608639587549208157 35.644677993896872196
291 1014.2738438688064355 0.27922102261665319122 45.76047571536481573 35.764237491080613174
292 1018.6747500726154089 0.27919422330974461149 45.91230966401877962 35.883795127550305509
293 1023.0789796964053302 0.27916759314528697615 46.064141447830711875 36.003350916021766501
294 1027.4865216827349179 0.27914113048929415091 46.215971080979327785 36.122904869080877693
295 1031.8973650476604481 0.27911483372901764167 46.367798577504284508 36.242456999185356206
296 1036.3114988800043124 0.27908870127260013456 46.519623951307989967 36.362007318666474703
297 1040.728912340633259 0.27906273154873556248 46.671447216157405838 36.481555839730777931
298 1045.1495946617461599 0.27903692300633618209 46.823268385685784632 36.601102574461757293
299 1049.5735351461711432 0.27901127411420582842 46.975087473394408256 36.720647534821492568
300 1054.0007231666719419 0.27898578336071965303 47.126904492654294689 36.840190732652283941
301 1058.4311481652633049 0.27896044925351022137 47.278719456707843375 36.959732179678230709
302 1062.8647996525353229 0.27893527031915918492 47.43053237867051836 37.079271887506814166
303 1067.3016672069865269 0.27891024510289548263 47.582343271532438964 37.198809867630430449
304 1071.7417404743656146 0.27888537216829890512 47.734152148159987455 37.318346131427907006
305 1076.1850091670216661 0.27886065009700947495 47.885959021297374409 37.437880690165994561
306 1080.6314630632627137 0.278836077488442373 48.037763903568175567 37.557413555000835528
307 1085.0810920067225305 0.27881165295950818296 48.189566807476870075 37.676944736979406148
308 1089.5338859057355062 0.27878737514433855565 48.341367745410316472 37.796474247040938155
309 1093.9898347327194839 0.27876324269401700579 48.493166729639233511 37.916002096018306376
310 1098.4489285235664268 0.27873925427631463851 48.64496377231964884 38.035528294639418569
311 1102.9111573770407962 0.27871540857543107802 48.796758885494320321 38.155052853528547561
312 1107.3765114541855152 0.27869170429173996422 48.948552081094149114 38.274575783207680193
313 1111.8449809777354003 0.27866814014153939243 49.100343370939566599 38.394097094097817326
314 1116.316556231537944 0.27864471485680696237 49.252132766741874553 38.513616796520254996
315 1120.7912275599813331 0.27862142718495914304 49.40392028010460276 38.633134900697867969
316 1125.2689853674295901 0.27859827588861542109 49.555705922524826906 38.75265141675634533
317 1129.749820117664727 0.2785752597453664783 49.707489705394467393 38.872166354725422373
318 1134.2337223333358026 0.27855237754754682384 49.859271640001565716 38.991679724540085523
319 1138.7206825954147781 0.27852962810201145017 50.011051737531548103 39.111191536041769835
320 1143.2106915426590644 0.27850701022991662719 50.162830009068466921 39.230701798979520829
321 1147.7037398710806601 0.27848452276650463271 50.31460646559622639 39.350210523011153883
322 1152.1998183334217782 0.2784621645608924889 50.466381117999776194 39.469717717704383246
323 1156.698917738636864 0.27843993447586426137 50.618153977066312921 39.589223392537946113
324 1161.2010289513809054 0.2784178313876674679 50.769925053486430384 39.708727556902694594
325 1165.7061428915039412 0.2783958541858126985 50.921694357855297935 39.828230220102686824
326 1170.2142505335516742 0.27837400177287725548 51.073461900673762386 39.947731391356246452
327 1174.7253429062720963 0.27835227306431195341 51.225227692349486319 40.06723107979701809
328 1179.2394110921280347 0.27833066698825153452 51.376991743198044574 40.186729294474994614
329 1183.7564462268155331 0.27830918248532838394 51.528754063443999282 40.306226044357542995
330 1188.2764394987879777 0.2782878185084895268 51.680514663221986733 40.425721338330403612
331 1192.7993821487858851 0.27826657402281688921 51.832273552577755597 40.545215185198676185
332 1197.3252654693722661 0.27824544800535069933 51.984030741469201643 40.66470759368779498
333 1201.8540808044734841 0.27822443944491591266 52.135786239767410759 40.784198572444487235
334 1206.3858195489255274 0.27820354734195179032 52.287540057257637205 40.903688130037716971
335 1210.9204731480256138 0.27818277070834434612 52.439292203640325764 41.023176274959609795
336 1215.4580330970890516 0.27816210856726170391 52.591042688532067539 41.142663015626375744
337 1219.9984909410112796 0.27814155995299241872 52.742791521466571521 41.262148360379207156
338 1224.5418382738350085 0.27812112391078633154 52.894538711895633665 41.381632317485172096
339 1229.0880667383223934 0.27810079949669853723 53.046284269190034182 41.501114895138083476
340 1233.6371680255321608 0.27808058577743564511 53.198028202640508244 41.620596101459366674
341 1238.1891338744016207 0.27806048183020490227 53.349770521458611507 41.740075944498906367
342 1242.7439560713334927 0.27804048674256584222 53.50151123477765349 41.859554432235891758
343 1247.3016264497874773 0.27802059961228438835 53.65325035165356202 41.979031572579628893
344 1251.8621368898765034 0.27800081954718950828 53.804987881065767352 42.09850737337037031
345 1256.4254793179675868 0.27798114566503228257 53.95672383191805219 42.21798184238010444
346 1260.9916457062872327 0.27796157709334727071 54.108458213039407239 42.337454987313345903
347 1265.5606280725313185 0.27794211296931627833 54.260191033184856795 42.456926815807926986
348 1270.1324184794793927 0.27792275243963443843 54.41192230103630505 42.576397335435744385
349 1274.7070090346133278 0.27790349466037835905 54.563652025203327824 42.695866553703542844
350 1279.2843918897402671 0.27788433879687678312 54.71538021422397715 42.815334478053632773
351 1283.8645592406198026 0.27786528402358293924 54.867106876565591284 42.934801115864640472
352 1288.4475033265953273 0.27784632952394953652 55.018832020625542088 43.054266474452238173
353 1293.0332164302295018 0.27782747449030534149 55.170555654732041678 43.173730561069840968
354 1297.621690876943779 0.27780871812373414279 55.322277787144868315 43.293193382909331571
355 1302.2129190346619301 0.27779005963395550177 55.473998426056122864 43.412654947101727343
356 1306.8068933134575159 0.27777149823920746383 55.62571757959098992 43.532115260717895194
357 1311.4036061652052511 0.27775303316613133542 55.777435255808438329 43.651574330769210026
358 1316.0030500832362045 0.27773466364965824249 55.929151462701942335 43.771032164208219864
359 1320.6052176019967861 0.27771638893289738584 56.080866208200204747 43.890488767929306251
360 1325.2101012967114665 0.27769820826702642472 56.232579500167838297 44.009944148769327758
361 1329.8176937830491788 0.27768012091118330072 56.384291346406078607 44.129398313508263672
362 1334.4279877167933532 0.27766212613236006991 56.536001754653439352 44.248851268869845432
363 1339.040975793515534 0.27764422320529831033 56.687710732586388075 44.368303021522160469
364 1343.6566507482525307 0.2776264114123861185 56.839418287820026806 44.487753578078276549
365 1348.2750053551870563 0.27760869004355699557 56.991124427908720112 44.607202945096859757
366 1352.8960324273318051 0.27759105839619011458 57.142829160346760405 44.726651129082735388
367 1357.5197248162169232 0.27757351577501225757 57.294532492568991 44.846098136487512507
368 1362.1460754115808279 0.27755606149200137692 57.446234431951436753 44.9655439737101301
369 1366.7750771410643295 0.27753869486629153133 57.597934985811928926 45.084988647097451353
370 1371.4067229699080124 0.2775214152240794186 57.749634161410712787 45.204432162944827467
371 1376.0410059006528328 0.27750422189853246984 57.901331965951042407 45.32387452749663035
372 1380.6779189728438886 0.27748711422969804893 58.053028406579794157 45.443315746946830368
373 1385.3174552627373206 0.2774700915644145463 58.204723490388026782 45.562755827439515958
374 1389.9596078830103045 0.27745315325622338414 58.356417224411603898 45.682194775069443985
375 1394.6043699824740915 0.27743629866528279787 58.508109615631715823 45.801632595882551025
376 1399.2517347457900579 0.27741952715828264081 58.659800670975489882 45.921069295876490564
377 1403.9016953931887259 0.27740283810836069414 58.811490397316514702 46.040504881001129055
378 1408.5542451801917143 0.27738623089502022591 58.963178801475406857 46.159939357159064457
379 1413.2093773973365826 0.27736970490404873983 59.11486589022035628 46.279372730206112932
380 1417.8670853699045308 0.27735325952743808303 59.26655167026765287 46.398805005951824533
381 1422.5273624576509179 0.27733689416330570968 59.418236148282221481 46.518236190159939915
382 1427.1902020545385619 0.27732060821581717733 59.569919330878149572 46.637666288548896308
383 1431.855597588473786 0.27730440109510978483 59.721601224619189192 46.757095306792285757
384 1436.5235425210451768 0.27728827221721740089 59.873281836019285711 46.876523250519323307
385 1441.1940303472650177 0.27727222100399638935 60.024961171543074492 46.995950125315331263
386 1445.8670545953133649 0.27725624688305287229 60.176639237606356511 47.115375936722150737
387 1450.5426088262847315 0.27724034928767056444 60.32831604057662676 47.234800690238632079
388 1455.2206866339373468 0.27722452765674036453 60.479991586773525263 47.3542243913210654
389 1459.9012816444449584 0.27720878143469047665 60.631665882469343149 47.473647045383607058
390 1464.5843875161511444 0.27719311007141782274 60.783338933889468576 47.59306865779873625
391 1469.2699979393261043 0.2771775130222204807 60.935010747212872972 47.7124892338976508
392 1473.9581066359258975 0.27716198974773094063 61.086681328572570136 47.831908778970716575
393 1478.6487073593540985 0.27714653971385060937 61.238350684056058266 47.951327298267875581
394 1483.3417938942258385 0.27713116239168511854 61.390018819705783486 48.070744796999048683
395 1488.0373600561342039 0.27711585725748057781 61.541685741519571006 48.190161280334543371
396 1492.7353996914189618 0.27710062379256088832 61.693351455451071994 48.309576753405465699
397 1497.435906676937584 0.27708546148326585219 61.845015967410207444 48.428991221304100005
398 1502.1388749198385409 0.27707036982089022743 61.996679283263574252 48.548404689084321006
399 1506.8442983573368374 0.27705534830162380322 62.148341408834875871 48.667817161761951016
400 1511.5521709564917624 0.27704039642649207052 62.300002349905346005 48.787228644315163602
401 1516.2624867139868258 0.27702551370129804002 62.451662112214149758 48.906639141684846404
402 1520.9752396559118547 0.27701069963656467518 62.603320701458813138 49.026048658774980697
403 1525.6904238375472246 0.27699595374747839886 62.754978123295594831 49.145457200453014041
404 1530.4080333431501966 0.27698127555383318725 62.906634383339897154 49.264864771550192366
405 1535.128062285743337 0.27696666457997552995 63.058289487166680306 49.384271376861956809
406 1539.850504806904994 0.27695212035475034334 63.209943440310808523 49.503677021148275141
407 1544.5753550765618048 0.27693764241144739274 63.361596248267470884 49.623081709133989765
408 1549.302607292783211 0.27692323028774868052 63.513247916492548119 49.742485445509178912
409 1554.0322556815779558 0.27690888352567659346 63.664898450402957756 49.861888234929471413
410 1558.7642944966925402 0.27689460167154251454 63.816547855377086483 49.981290082016402897
411 1563.4987180194116156 0.27688038427589656799 63.968196136755094864 50.100690991357751024
412 1568.2355205583602868 0.27686623089347778685 64.119843299839317463 50.220090967507840997
413 1572.9746964493083061 0.27685214108316503576 64.271489349894592856 50.339490014987895838
414 1577.7162400549761329 0.27683811440792871876 64.423134292148641067 50.458888138286336754
415 1582.4601457648428385 0.27682415043478308483 64.574778131792392302 50.578285341859107911
416 1587.2064079949558341 0.27681024873473919081 64.726420873980349414 50.697681630130000275
417 1591.9550211877423981 0.27679640888275863794 64.87806252383090657 50.817077007490932674
418 1596.7059798118229856 0.27678263045770774552 65.029703086426706431 50.9364714783022824
419 1601.4592783618262952 0.27676891304231262118 65.181342566814953511 51.055865046893178418
420 1606.214911358206074 0.27675525622311460448 65.332980970007773533 51.175257717561791454
421 1610.9728733470596413 0.27674165959042652148 65.484618300982497724 51.294649494575644176
422 1615.7331588999481096 0.27672812273828944495 65.636254564682017021 51.414040382171889508
423 1620.4957626137182827 0.27671464526443003787 65.787889766015085938 51.533430384557599349
424 1625.2606791103262135 0.27670122677021860303 65.939523909856623006 51.652819505910056101
425 1630.0279030366624 0.27668786686062748299 66.091157001048062292 51.7722077503770216
426 1634.7974290643786015 0.27667456514419034338 66.242789044397612362 51.891595122077034834
427 1639.5692518897162563 0.27666132123296170345 66.394420044680585211 52.010981625099656344
428 1644.343366233336482 0.27664813474247720805 66.546050006639701671 52.130367263505766384
429 1649.1197668401516407 0.27663500529171437467 66.697678934985358747 52.249752041327819443
430 1653.8984484791584513 0.27662193250305390607 66.849306834395961691 52.369135962570106255
431 1658.679405943272629 0.27660891600224145838 67.000933709518177096 52.488519031209035656
432 1663.4626340491650389 0.27659595541835002453 67.152559564967246 52.607901251193358163
433 1668.2481276370993413 0.27658305038374273222 67.30418440532724516 52.727282626444451692
434 1673.0358815707711159 0.27657020053403616998 67.455808235151392002 52.846663160856569057
435 1677.8258907371484457 0.27655740550806427931 67.607431058962305266 52.966042858297076319
436 1682.6181500463139454 0.27654466494784261298 67.759052881252265124 53.085421722606703734
437 1687.4126544313082161 0.27653197849853310443 67.910673706483511397 53.204799757599796441
438 1692.209398847974713 0.27651934580840939701 68.062293539088515031 53.324176967064548713
439 1697.0083782748060077 0.27650676652882247899 68.213912383470200355 53.443553354763253825
440 1701.8095877127914315 0.2764942403141669712 68.365530244002255325 53.562928924432515392
441 1706.6130221852660811 0.2764817668218475563 68.517147125029348502 53.682303679783513292
442 1711.4186767377611764 0.27646934571224632268 68.668763030867429803 53.801677624502198982
443 1716.2265464378557498 0.27645697664868992867 68.820377965803941157 53.921050762249558303
444 1721.0366263750296564 0.2764446592974178014 68.97199193409808652 54.040423096661812583
445 1725.8489116605178886 0.27643239332755036074 69.123604939981084967 54.159794631350648256
446 1730.6633974271661804 0.27642017841105770304 69.275216987656408431 54.279165369903437283
447 1735.4800788292878889 0.27640801422272898383 69.426828081300024149 54.398535315883456708
448 1740.2989510425221358 0.27639590044014170992 69.57843822506062146 54.517904472830100288
449 1745.1200092636931986 0.27638383674363191373 69.730047423059884501 54.637272844259105131
450 1749.9432487106711359 0.27637182281626442812 69.881655679392685278 54.756640433662732859
451 1754.7686646222336322 0.2763598583438036007 70.033262998127343693 54.876007244510007322
452 1759.5962522579290519 0.27634794301468443165 70.184869383305847311 54.995373280246907844
453 1764.4260068979406861 0.27633607651998403148 70.336474838944072256 55.114738544296572008
454 1769.2579238429521817 0.27632425855339349995 70.4880793690320177 55.234103040059508872
455 1774.0919984140141387 0.27631248881119018822 70.639682977534026184 55.353466770913768269
456 1778.9282259524118626 0.27630076699221008877 70.791285668389001787 55.472829740215178946
457 1783.7666018195342612 0.27628909279782097827 70.942887445510616623 55.592191951297511808
458 1788.6071213967438717 0.27627746593189550048 71.094488312787551987 55.711553407472682663
459 1793.4497800852480064 0.27626588610078483055 71.246088274083676339 55.830914112030957698
460 1798.2945733059710059 0.27625435301329270195 71.397687333238301507 55.950274068241108317
461 1803.1414964994275867 0.27624286638064950367 71.549285494066339926 56.069633279350626586
462 1807.9905451255972715 0.27623142591648694946 71.700882760358537679 56.188991748585909398
463 1812.8417146637998923 0.27622003133681309164 71.852479135881692864 56.308349479152414938
464 1817.6950006125721528 0.2762086823599872797 72.004074624378829168 56.427706474234884605
465 1822.5503984895452405 0.27619737870669616091 72.155669229569390936 56.547062736997460376
466 1827.4079038313234752 0.27618612009992884632 72.307262955149484998 56.666418270583932926
467 1832.267512193363986 0.27617490626495375529 72.458855804792026818 56.785773078117872132
468 1837.1292191498574038 0.27616373692929463871 72.610447782146960445 56.905127162702802426
469 1841.993020293609558 0.27615261182270736976 72.762038890841439887 57.024480527422380768
470 1846.8589112359241694 0.27614153067715705521 72.913629134480046852 57.143833175340589665
471 1851.7268876064865267 0.27613049322679537463 73.065218516644917859 57.26318510950184628
472 1856.5969450532481371 0.27611949920793804635 73.216807040895968549 57.382536332931229642
473 1861.46907924231234 0.27610854835904269768 73.368394710771122742 57.501886848634610239
474 1866.3432858578208758 0.27609764042068719232 73.519981529786374165 57.621236659598814314
475 1871.2195606018413974 0.27608677513554777757 73.671567501436101083 57.740585768791801782
476 1876.0978991942559156 0.27607595224837792907 73.823152629193150284 57.859934179162808936
477 1880.9782973726501707 0.27606517150598731822 73.97473691650903433 57.979281893642500154
478 1885.8607508922039159 0.27605443265722075976 74.126320366814137254 58.098628915143145705
479 1890.7452555255821085 0.27604373545293794246 74.277902983517855383 58.217975246558752906
480 1895.6318070628269959 0.27603307964599292925 74.429484770008783309 58.337320890765243436
481 1900.5204013112510888 0.27602246499121416094 74.581065729654876184 58.456665850620575072
482 1905.4110340953310121 0.27601189124538473243 74.732645865803611691 58.576010128964914565
483 1910.3037012566022242 0.27600135816722261452 74.8842251817821737 58.695353728620762408
484 1915.1983986535545967 0.27599086551736141118 75.035803680897601019 58.81469665239312973
485 1920.0951221615288447 0.27598041305833139063 75.187381366436944613 58.934038903069652596
486 1924.9938676726137993 0.2759700005545402872 75.338958241667466381 59.053380483420755211
487 1929.8946310955445154 0.27595962777225505378 75.490534309836718106 59.172721396199770293
488 1934.7974083556012027 0.27594929447958295741 75.642109574172811191 59.292061644143108826
489 1939.7021953945089756 0.27593900044645379619 75.793684037884473045 59.411401229970378524
490 1944.6089881703384113 0.27592874544460172645 75.945257704161245778 59.530740156384517166
491 1949.5177826574069083 0.27591852924754733907 76.096830576173654634 59.650078426071950582
492 1954.4285748461808381 0.27590835163058044873 76.248402657073297131 59.769416041702693794
493 1959.3413607431784811 0.27589821237074236974 76.399973949993057881 59.888753005930514799
494 1964.2561363708737392 0.2758881112468088227 76.551544458047272368 60.008089321393065188
495 1969.1728977676006191 0.27587804803927339347 76.70311418433175351 60.127424990711971373
496 1974.091640987458474 0.27586802253033007191 76.854683131924087278 60.246760016493031465
497 1979.0123621002180024 0.27585803450385738299 77.00625130388365195 60.366094401326270354
498 1983.9350571912279905 0.27584808374540145779 77.157818703251878106 60.485428147786116367
499 1988.8597223613227953 0.27583817004216030626 77.309385333052275883 60.604761258431516669
500 1993.7863537267305593 0.2758282931829675887 77.460951196290641213 60.724093735806030099
501 1998.7149474189821476 0.27581845295827676486 77.612516295955201143 60.843425582437997035
502 2003.6454995848208059 0.27580864916014581731 77.764080635016683093 60.96275680084063511
503 2008.5780063861125248 0.27579888158222131021 77.915644216428558304 61.082087393512152461
504 2013.5124639997571099 0.27578915001972361483 78.067207043127063291 61.201417362935896713
505 2018.4488686175999479 0.27577945426943160055 78.218769118031403281 61.32074671158043086
506 2023.3872164463444614 0.27576979412966763248 78.370330444043881518 61.440075441899687607
507 2028.3275037074652475 0.2757601694002831726 78.521891024049973659 61.559403556333064576
508 2033.2697266371218916 0.27575057988264378651 78.67345086091854587 61.678731057305548474
509 2038.2138814860734519 0.27574102537961510777 78.825009957501905172 61.798057947227832375
510 2043.1599645195936067 0.27573150569554850006 78.976568316635943498 61.917384228496400524
511 2048.1079720173864576 0.27572202063626681493 79.1281259411403129 62.036709903493667519
512 2053.0579002735029839 0.27571257000905074658 79.279682833818474405 62.156034974588094174
513 2058.0097455962581412 0.27570315362262489331 79.431238997457885638 62.275359444134252652
514 2062.9635043081485972 0.27569377128714422811 79.582794434830092106 62.394683314473007762
515 2067.9191727457711003 0.27568442281418077357 79.734349148690819242 62.514006587931528508
516 2072.8767472597414723 0.27567510801670996821 79.885903141780186691 62.633329266823483044
517 2077.8362242146142227 0.27566582670909800683 80.037456416822703023 62.752651353449097619
518 2082.7975999888027752 0.2756565787070884149 80.189008976527488312 62.871972850095262819
519 2087.7608709745003035 0.27564736382778948893 80.3405608235883303 62.991293759035647166
520 2092.7260335776011686 0.27563818188966147544 80.492111960683816796 63.110614082530793419
521 2097.6930842176229519 0.27562903271250404334 80.643662390477446979 63.229933822828209233
522 2102.6620193276290802 0.27561991611744378295 80.795212115617771234 63.349252982162498754
523 2107.6328353541520362 0.27561083192692211903 80.946761138738444523 63.468571562755437869
524 2112.6055287571171466 0.27560177996468296984 81.098309462458402982 63.587889566816054771
525 2117.5800960097669474 0.27559276005576086515 81.249857089381919008 63.707206996540767428
526 2122.5565335985861155 0.27558377202646898321 81.401404022098756613 63.826523854113445231
527 2127.5348380232269647 0.27557481570438747338 81.552950263184252028 63.945840141705542706
528 2132.5150057964355006 0.27556589091835188542 81.704495815199404608 64.065155861476141372
529 2137.4970334439780273 0.2755569974984414557 81.856040680691045157 64.184471015572091293
530 2142.480917504568303 0.27554813527596816193 82.007584862191841166 64.303785606128067549
531 2147.4666545297952369 0.27553930408346498685 82.15912836222053478 64.423099635266690172
532 2152.454241084051126 0.27553050375467521299 82.310671183281915488 64.542413105098609398
533 2157.443673744460422 0.2755217341245413163 82.462213327866981487 64.661726017722576033
534 2162.4349491008090278 0.27551299502919390232 82.613754798453070516 64.781038375225533744
535 2167.4280637554741165 0.27550428630594129854 82.765295597503894046 64.900350179682757837
536 2172.4230143233544676 0.27549560779325868207 82.916835727469670562 65.019661433157844563
537 2177.4197974318013173 0.27548695933077750156 83.068375190787265054 65.138972137702925796
538 2182.4184097205497177 0.27547834075927545079 83.219913989880170607 65.258282295358610553
539 2187.418847841650398 0.27546975192066561929 83.371452127158759693 65.377591908154207727
540 2192.4211084594021279 0.27546119265798696629 83.522989605020218414 65.496900978107693257
541 2197.4251882502845725 0.27545266281539354961 83.674526425848797871 65.61620950722588072
542 2202.4310839028916398 0.27544416223814514581 83.826062592015778752 65.735517497504478104
543 2207.4387921178653131 0.2754356907725971472 83.977598105879621281 65.854824950928118166
544 2212.4483096078299638 0.27542724826619067205 84.129132969786108644 65.97413186947052436
545 2217.459633097327143 0.27541883456744335602 84.280667186068296701 66.093438255094539256
546 2222.472759322750844 0.27541044952593927007 84.432200757046768053 66.212744109752196028
547 2227.4876850322832336 0.27540209299231984549 84.583733685029628156 66.332049435384861799
548 2232.5044069858308482 0.2753937648182746029 84.735265972312561987 66.451354233923212604
549 2237.5229219549612489 0.27538546485653143359 84.886797621179050574 66.57065850728741678
550 2242.5432267228401331 0.27537719296084811331 85.038328633900303652 66.689962257387124828
551 2247.5653180841688965 0.27536894898600259326 85.189859012735491356 66.809265486121628845
552 2252.5891928451226447 0.27536073278778461346 85.341388759931727896 66.928568195379857089
553 2257.614847823288647 0.2753525442229865821 85.49291787772417129 67.047870387040501942
554 2262.6422798476052294 0.27534438314939467863 85.644446368336188916 67.167172062972077776
555 2267.671485758301106 0.27533624942578064311 85.795974233979299541 67.286473225032974704
556 2272.7024624068351386 0.27532814291189257428 85.947501476853401969 67.405773875071582343
557 2277.7352066558365264 0.27532006346844698069 86.099028099146771 67.525074014926315724
558 2282.7697153790454212 0.27531201095712022424 86.25055410303613606 67.644373646425686883
559 2287.8059854612539592 0.27530398524053992677 86.402079490686832283 67.763672771388413066
560 2292.8440137982477138 0.27529598618227721005 86.553604264252796872 67.882971391623454893
561 2297.8837972967475587 0.27528801364683823808 86.705128425876679364 68.002269508930086053
562 2302.9253328743519407 0.27528006749965613508 86.85665197768998249 68.121567125097997435
563 2307.9686174594795607 0.27527214760708342903 87.008174921812997636 68.240864241907296023
564 2313.013647991312453 0.27526425383638347891 87.159697260355052682 68.360160861128658798
565 2318.0604214197394675 0.27525638605572336985 87.311218995414448162 68.479456984523332901
566 2323.1089347053001435 0.27524854413416567143 87.462740129078622414 68.598752613843237906
567 2328.1591848191289784 0.27524072794166110488 87.614260663424172189 68.718047750831006949
568 2333.2111687429000828 0.27523293734904078078 87.765780600516957524 68.837342397220076085
569 2338.2648834687722212 0.27522517222800883509 87.917299942412176134 68.956636554734724781
570 2343.3203259993342344 0.27521743245113490051 88.068818691154422483 69.075930225090184308
571 2348.3774933475508404 0.27520971789184694564 88.220336848777751219 69.195223409992627689
572 2353.4363825367088101 0.27520202842442371142 88.371854417305806664 69.314516111139315359
573 2358.4969906003635154 0.27519436392398798392 88.523371398751784782 69.433808330218579105
574 2363.559314582285845 0.27518672426649888648 88.674887795118637453 69.553100068909957512
575 2368.6233515364094866 0.27517910932874537692 88.826403608399051033 69.672391328884203388
576 2373.689098526778571 0.27517151898833897355 88.977918840575527519 69.79168211180337867
577 2378.7565526274956753 0.27516395312370692071 89.129433493620486853 69.910972419320874652
578 2383.8257109226701826 0.27515641161408538123 89.280947569496312256 70.030262253081528051
579 2388.8965705063669946 0.27514889433951266032 89.43246107015542111 70.149551614721617598
580 2393.9691284825555939 0.27514140118082248043 89.583973997540332808 70.268840505868993204
581 2399.0433819650594545 0.27513393201963739498 89.735486353583734993 70.38812892814306113
582 2404.1193280775057948 0.27512648673836216065 89.886998140208575536 70.507416883154907676
583 2409.196963953275674 0.27511906522017747986 90.03850935932804754 70.626704372507284863
584 2414.2762867354544243 0.27511166734903309407 90.19002001284577083 70.7459913977947377
585 2419.3572935767824206 0.27510429300964189223 90.341530102655774583 70.865277960603645917
586 2424.4399816396061818 0.27509694208747340294 90.493039630642557923 70.984564062512226869
587 2429.5243480958298024 0.2750896144687474951 90.644548598681241681 71.103849705090646109
588 2434.6103901268667109 0.27508231004042835448 90.79605700863748536 71.223134889901066724
589 2439.6981049235917525 0.27507502869021824795 90.947564862367706491 71.342419618497658458
590 2444.7874896862935934 0.27506777030655145503 91.099072161719038959 71.461703892426736873
591 2449.8785416246274442 0.27506053477858844145 91.250578908529404253 71.580987713226716052
592 2454.9712579575680991 0.27505332199620963733 91.402085104627637455 71.700271082428233743
593 2460.0656359133632889 0.27504613185000987622 91.55359075183346796 71.819554001554183183
594 2465.1616727294873457 0.27503896423129233382 91.705095851957628257 71.938836472119749195
595 2470.259365652595174 0.2750318190320628065 91.856600406801899229 72.058118495632501585
596 2475.3587119384765296 0.275024696145024152 92.008104418159157023 72.177400073592386812
597 2480.4597088520106012 0.27501759546357039659 92.159607887813480717 72.296681207491825187
598 2485.5623536671208924 0.27501051688178143389 92.311110817540108484 72.415961898815758478
599 2490.6666436667304017 0.27500346029441714862 92.462613209105621627 72.535242149041662688
600 2495.7725761427170992 0.27499642559691212255 92.614115064267927613 72.654521959639664953
601 2500.880148395869697 0.27498941268537035706 92.765616384776281918 72.77380133207249796
602 2505.989357735843708 0.27498242145655941315 92.917117172371462216 72.893080267795638094
603 2511.1002014811177971 0.27497545180790561431 93.068617428785701547 73.012358768257326035
604 2516.2126769589504152 0.27496850363748843909 93.220117155742806755 73.131636834898564599
605 2521.3267815053367189 0.27496157684403531405 93.371616354958214816 73.250914469153254063
606 2526.4425124649657715 0.27495467132691659042 93.523115028139018778 73.370191672448165733
607 2531.5598671911780229 0.27494778698614030828 93.674613176984057573 73.489468446203031697
608 2536.6788430459230668 0.27494092372234717103 93.826110803183912987 73.608744791830566748
609 2541.7994373997176722 0.27493408143680536757 93.977607908421029653 73.728020710736526716
610 2546.9216476316040878 0.2749272600314058039 94.129104494369727388 73.847296204319756829
611 2552.0454711291086165 0.27492045940865707801 94.280600562696241111 73.966571273972226877
612 2557.170905288200458 0.27491367947168047624 94.432096115058843731 74.085845921079077264
613 2562.2979475132508174 0.27490692012420538728 94.583591153107793144 74.205120147018689677
614 2567.4265952169922775 0.27490018127056428245 94.735085678485458291 74.324393953162661897
615 2572.5568458204784328 0.27489346281568797581 94.886579692826363328 74.443667340875951541
616 2577.6886967530437829 0.27488676466510113993 95.03807319775719481 74.562940311516834276
617 2582.8221454522638834 0.27488008672491734825 95.189566194896916153 74.682212866436999944
618 2587.9571893639157532 0.27487342890183479006 95.341058685856734697 74.801485006981542354
619 2593.0938259419385332 0.27486679110313128678 95.492550672240223662 74.920756734489070278
620 2598.2320526483943979 0.27486017323666012114 95.644042155643360155 75.040028050291701242
621 2603.3718669534297157 0.27485357521084549174 95.795533137654510641 75.159298955715099728
622 2608.5132663352364568 0.2748469969346777972 95.947023619854560066 75.278569452078555692
623 2613.6562482800138467 0.27484043831770964804 96.098513603816919461 75.397839540695001936
624 2618.800810281930262 0.27483389927005117377 96.25000309110756639 75.517109222871036028
625 2623.9469498430853693 0.27482737970236575874 96.40149208328509621 75.636378499907007074
626 2629.0946644734725024 0.27482087952586600296 96.552980581900812354 75.755647373097022332
627 2634.2439516909412778 0.27481439865230914514 96.704468588498697201 75.874915843728992219
628 2639.3948090211604465 0.27480793699399312525 96.855956104615480558 75.994183913084670086
629 2644.5472339975809781 0.27480149446375223509 97.007443131780754848 76.113451582439703845
630 2649.7012241613993793 0.27479507097495309739 97.158929671516913007 76.232718853063657083
631 2654.8567770615212404 0.27478866644149060574 97.310415725339260491 76.3519857262200543
632 2660.0138902545250126 0.2747822807777837199 97.461901294756083998 76.471252203166433951
633 2665.1725613046260097 0.27477591389877174206 97.613386381268565893 76.590518285154365011
634 2670.3327877836406368 0.27476956571991000374 97.764870986370990255 76.709783973429483218
635 2675.4945672709508404 0.27476323615716608949 97.91635511155068361 76.82904926923155229
636 2680.657897353468782 0.27475692512701612409 98.067838758288114705 76.94831417379447823
637 2685.8227756256017287 0.27475063254644048043 98.219321928056874421 77.067578688346361306
638 2690.9891996892171646 0.27474435833292042426 98.370804622323724589 77.18684281410951032
639 2696.1571671536081167 0.27473810240443387684 98.522286842548761274 77.306106552300517365
640 2701.3266756354586962 0.27473186467945196813 98.673768590185263215 77.425369904130249006
641 2706.4977227588098527 0.27472564507693527915 98.825249866679890261 77.544632870803908473
642 2711.6703061550253393 0.27471944351632991683 98.976730673472657226 77.663895453521068636
643 2716.8444234627578879 0.27471325991756411508 99.128211011996960909 77.783157653475721097
644 2722.020072327915593 0.27470709420104454663 99.279690883679667088 77.902419471856260785
645 2727.1972504036285008 0.27470094628765259943 99.431170289941110341 78.021680909845572832
646 2732.3759553502154043 0.27469481609874101246 99.582649232195146187 78.140941968621050205
647 2737.5561848351508414 0.2746887035561301332 99.734127711849232693 78.260202649354620612
648 2742.7379365330322947 0.27468260858210470193 99.885605730304356291 78.379462953212781597
649 2747.9212081255475917 0.27467653109941009534 100.03708328895521396 78.498722881356638933
650 2753.1059973014425033 0.27467047103124899135 100.18856038919013942 78.617982434941943062
651 2758.2923017564885406 0.27466442830127817357 100.34003703239122181 78.737241615119113722
652 2763.4801191934509463 0.27465840283360481717 100.49151321993427038 78.856500423033264763
653 2768.6694473220568804 0.27465239455278336558 100.64298895318889253 78.975758859824275467
654 2773.8602838589637998 0.2746464033838122089 100.79446423351854654 79.09501692662677351
655 2779.0526265277280276 0.27464042925213024625 100.94593906228054244 79.214274624570192002
656 2784.246473058773514 0.27463447208361393647 101.09741344082608826 79.333531954778796297
657 2789.4418211893607837 0.27462853180457364737 101.24888737050036978 79.452788918371723685
658 2794.6386686635560721 0.27462260834175090992 101.40036085264247626 79.572045516463005707
659 2799.8370132322006458 0.27461670162231486623 101.55183388858559275 79.691301750161602294
660 2805.0368526528803084 0.27461081157385937448 101.70330647965689225 79.810557620571429466
661 2810.2381846898950879 0.27460493812439989989 101.85477862717767342 79.929813128791386945
662 2815.4410071142291068 0.27459908120237018549 102.00625033246332548 80.049068275915396746
663 2820.6453177035206312 0.27459324073661949843 102.15772159682337989 80.168323063032439296
664 2825.8511142420322995 0.2745874166564093833 102.30919242156161974 80.2875774912265706
665 2831.0583945206215284 0.27458160889141080421 102.46066280797596937 80.40683156157692954
666 2836.2671563367110943 0.2745758173717010483 102.61213275735865846 80.526085275157841738
667 2841.4773974942598902 0.27457004202776087953 102.76360227099621173 80.645338633038748964
668 2846.6891158037338563 0.2745642827904715 102.91507135016943884 80.764591636284323618
669 2851.902309082077082 0.27455853959111178194 103.06653999615354925 80.883844285954452386
670 2857.1169751526830793 0.27455281236135520843 103.21800821021813175 81.003096583104282638
671 2862.3331118453662263 0.27454710103326738517 103.36947599362716443 81.122348528784220388
672 2867.5507169963333776 0.27454140553930265825 103.52094334763914438 81.24160012404000069
673 2872.7697884481556443 0.27453572581230183507 103.67241027350699072 81.36085136991269786
674 2877.9903240497403381 0.27453006178548916617 103.8238767724781812 81.480102267438735297
675 2883.2123216563030799 0.27452441339246950371 103.97534284579475879 81.599352817649950576
676 2888.4357791293400741 0.27451878056722591755 104.12680849469331749 81.71860302157358636
677 2893.6606943366005429 0.27451316324411655084 104.27827372040508978 81.837852880232337116
678 2898.8870651520593227 0.27450756135787231289 104.42973852415592808 81.957102394644368415
679 2904.1148894558896207 0.27450197484359397908 104.58120290716640597 82.076351565823347553
680 2909.34416513443593 0.2744964036367496297 104.73266687065177113 82.195600394778474004
681 2914.5748900801871026 0.27449084767317218225 104.88413041582201238 82.314848882514493993
682 2919.8070621917495784 0.27448530688905646007 105.03559354388191256 82.434097030031740126
683 2925.0406793738207698 0.27447978122095701838 105.18705625603101032 82.553344838326142438
684 2930.275739537162601 0.27447427060578531949 105.33851855346374221 82.672592308389269436
685 2935.5122405985751999 0.27446877498080729871 105.48998043736932945 82.791839441208336929
686 2940.750180480870742 0.27446329428364091857 105.64144190893192982 82.911086237766249557
687 2945.9895571128474452 0.2744578284522535404 105.79290296933060837 83.030332699041624424
688 2951.2303684292637154 0.27445237742495963266 105.94436361973937041 83.149578826008803713
689 2956.4726123708124395 0.2744469411404182664 106.09582386132720039 83.268824619637878126
690 2961.7162868840954264 0.27444151953763053949 106.24728369525810578 83.38807008089473953
691 2966.9613899215979957 0.27443611255593755355 106.39874312269107744 83.50731521074106662
692 2972.2079194416637105 0.27443072013501753877 106.550202144780233 83.62656001013439299
693 2977.4558734084692557 0.27442534221488402364 106.70166076267469987 83.745804480028064765
694 2982.7052497919994591 0.27441997873588297235 106.85311897751883405 83.865048621371358052
695 2987.9560465680224561 0.27441462963869089721 107.00457679045203951 83.984292435109417115
696 2993.208261718064995 0.27440929486431243014 107.15603420260889715 84.103535922183303611
697 2998.4618932293878824 0.27440397435407777035 107.30749121511924998 84.222779083530058417
698 3003.7169390949615686 0.27439866804964083561 107.4589478291081235 84.342021920082683957
699 3008.9733973134418725 0.27439337589297684334 107.61040404569579846 84.461264432770164504
700 3014.2312658891458415 0.27438809782637992686 107.76185986599786455 84.580506622517514018
701 3019.4905428320277505 0.27438283379246132087 107.91331529112515385 84.699748490245782395
702 3024.7512261576552346 0.2743775837341466198 108.0647703221839219 84.818990036872098655
703 3030.0133138871855578 0.27437234759467427308 108.21622496027567326 84.938231263309641364
704 3035.2768040473420141 0.27436712531759278825 108.36767920649743662 85.057472170467711102
705 3040.5416946703904622 0.27436191684675912054 108.51913306194152017 85.176712759251806448
706 3045.8079837941159911 0.27435672212633619162 108.6705865276957249 85.295953030563468847
707 3051.075669461799718 0.27435154110079096164 108.82203960484333038 85.415192985300491833
708 3056.344749722195715 0.27434637371489242587 108.97349229446306577 85.534432624356807849
709 3061.6152226295080645 0.274341219913709293 109.12494459762920065 85.653671948622606885
710 3066.887086243368044 0.2743360796426081941 109.27639651541152972 85.772910958984324978
711 3072.1603386288114372 0.27433095284725156812 109.42784804887538622 85.892149656324603052
712 3077.4349778562559719 0.274325839473595517 109.57929919908174238 86.011388041522417319
713 3082.7110020014788827 0.27432073946788804704 109.73074996708711792 86.130626115453023599
714 3087.9884091455945994 0.27431565277666691523 109.88220035394374892 86.249863878987984574
715 3093.2671973750325578 0.27431057934675771656 110.0336503606994481 86.369101332995266956
716 3098.547364781515135 0.27430551912527198477 110.18509998839774143 86.488338478339106319
717 3103.8289094620357054 0.27430047205960512887 110.33654923807788575 86.607575315880191681
718 3109.1118295188368177 0.27429543809743468129 110.48799811077481541 86.726811846475599578
719 3114.3961230593884941 0.27429041718671827031 110.63944660751926988 86.846048070978814723
720 3119.6817881963666468 0.27428540927569180238 110.79089472933775332 86.96528399023979114
721 3124.9688230476316146 0.27428041431286762574 110.94234247725251994 87.084519605104909079
722 3130.2572257362068169 0.27427543224703247 111.09378985228170783 87.203754916417067659
723 3135.5469943902575247 0.27427046302724590097 111.24523685543926752 87.322989925015651609
724 3140.8381271430697486 0.27426550660283833939 111.3966834877350613 87.442224631736554241
725 3146.1306221330292405 0.27426056292340916893 111.54812975017476447 87.561459037412260664
726 3151.424477503600613 0.27425563193882513232 111.69957564376003105 87.680693142871759131
727 3156.7196914033065693 0.27425071359921844198 111.85102116948841383 87.799926948940624105
728 3162.0162619857072488 0.27424580785498496333 112.00246632835343262 87.919160456441063707
729 3167.3141874093796833 0.27424091465678260911 112.15391112134459149 88.038393666191857564
730 3172.6134658378973661 0.27423603395552939585 112.30535554944741177 88.157626579008477957
731 3177.9140954398099319 0.27423116570240205838 112.45679961364335652 88.276859195702972828
732 3183.2160743886229453 0.27422630984883379878 112.60824331491004122 88.396091517084125773
733 3188.5194008627778002 0.27422146634651318765 112.75968665422106814 88.515323543957381024
734 3193.824073045631728 0.27421663514738213867 112.91112963254616181 88.63455527712488112
735 3199.1300891254379115 0.27421181620363411588 113.06257225085113746 88.753786717385564783
736 3204.4374472953257085 0.27420700946771294119 113.21401451009794665 88.8730178655350046
737 3209.7461457532809803 0.27420221489231068226 113.36545641124466299 88.992248722365606219
738 3215.0561827021265269 0.2741974324303662405 113.51689795524556866 89.11147928866655421
739 3220.3675563495026257 0.27419266203506380112 113.6683391430511007 89.230709565223774227
740 3225.6802649078476763 0.27418790365983092305 113.81977997560794258 89.349939552820092502
741 3230.994306594378948 0.27418315725833745445 113.97122045385893625 89.469169252235066302
742 3236.3096796310734293 0.27417842278449328777 114.12266057874326578 89.58839866424518783
743 3241.6263822446487821 0.27417370019244745029 114.27410035119630842 89.70762778962376139
744 3246.9444126665443948 0.27416898943658615329 114.42553977214977065 89.826856629140974915
745 3252.2637691329025378 0.27416429047153122861 114.57697884253166901 89.946085183563969201
746 3257.5844498845496187 0.27415960325213896426 114.72841756326630579 90.065313453656721754
747 3262.9064531669775371 0.27415492773349805727 114.87985593527437771 90.184541440180186152
748 3268.2297772303251384 0.27415026387092859697 115.03129395947293259 90.303769143892291628
749 3273.554420329359766 0.27414561161998030048 115.1827316367753922 90.422996565547829967
750 3278.8803807234589096 0.27414097093643099133 115.33416896809159941 90.542223705898712792
751 3284.2076566765919532 0.2741363417762853973 115.48560595432778926 90.661450565693721626
752 3289.5362464573020163 0.27413172409577331187 115.63704259638670399 90.780677145678727161
753 3294.8661483386878932 0.27412711785134852459 115.7884788951674628 90.899903446596606427
754 3300.1973605983860862 0.27412252299968714017 115.93991485156572298 91.019129469187266761
755 3305.5298815185529326 0.27411793949768609705 116.09135046647364044 91.138355214187718401
756 3310.8637093858468272 0.27411336730246213821 116.24278574077982667 91.257580682331978325
757 3316.1988424914105358 0.27410880637134983273 116.39422067536950662 91.376805874351212634
758 3321.5352791308536036 0.27410425666190070076 116.54565527112440161 91.496030790973687456
759 3326.8730176042348539 0.27409971813188158688 116.69708952892282913 91.615255432924732927
760 3332.2120562160449779 0.27409519073927313465 116.84852344963968672 91.734479800926922291
761 3337.5523932751892173 0.27409067444226889172 116.9999570341464615 91.853703895699870166
762 3342.8940270949701346 0.27408616919927342612 117.15139028331129686 91.972927717960416577
763 3348.2369559930704741 0.27408167496890134256 117.3028231979989311 92.092151268422582325
764 3353.581178291536113 0.27407719170997584576 117.45425577907081674 92.211374547797553401
765 3358.9266923167590981 0.27407271938152729946 117.60568802738505167 92.330597556793783651
766 3364.2734963994607735 0.27406825794279223108 117.75711994379638288 92.449820296116879965
767 3369.6215888746749931 0.27406380735321156405 117.90855152915635763 92.569042766469735839
768 3374.9709680817314217 0.27405936757242981523 118.05998278431317058 92.68826496855250352
769 3380.3216323642389205 0.27405493856029349413 118.2114137101117973 92.807486903062544226
770 3385.6735800700690191 0.27405052027684981283 118.36284430739396755 92.926708570694618698
771 3391.0268095513394735 0.27404611268234577414 118.51427457699817061 93.04592997214064902
772 3396.3813191643979066 0.27404171573722647929 118.6657045197597061 93.165151108089946708
773 3401.7371072698055336 0.27403732940213409051 118.81713413651067663 93.284371979229169534
774 3407.0941722323209722 0.27403295363790682582 118.96856342808000103 93.403592586242212101
775 3412.452512420884132 0.27402858840557705924 119.11999239529347327 93.522812929810456212
776 3417.8121262086001912 0.27402423366637106874 119.2714210389736615 93.642033010612536016
777 3423.1730119727236505 0.27401988938170682156 119.42284935994012377 93.761252829324516933
778 3428.5351680946424715 0.2740155555131936414 119.57427735900921557 93.880472386619865058
779 3433.8985929598622946 0.27401123202263042659 119.72570503699422925 93.999691683169394218
780 3439.2632849579907361 0.27400691887200465203 119.87713239470539048 94.118910719641449829
781 3444.6292424827217686 0.27400261602349147965 120.02855943294982044 94.238129496701676567
782 3449.9964639318201762 0.27399832343945207435 120.17998615253163095 94.357348015013269009
783 3455.3649477071060914 0.27399404108243282215 120.33141255425188438 94.476566275236845312
784 3460.7346922144396095 0.27398976891516423185 120.48283863890862336 94.595784278030453855
785 3466.1056958637054806 0.27398550690055935341 120.63426440729689786 94.715002024049714691
786 3471.4779570687978789 0.27398125500171327897 120.78568986020874056 94.834219513947678737
787 3476.851474247605249 0.27397701318190142701 120.9371149984332756 94.953436748374916369
788 3482.2262458219952286 0.27397278140457894082 121.08853982275656617 95.072653727979549318
789 3487.602270217799646 0.27396855963337913653 121.23996433396183342 95.191870453407187003
790 3492.9795458647995943 0.27396434783211270642 121.39138853282932349 95.311086925301070412
791 3498.3580711967105803 0.27396014596476661438 121.54281242013636107 95.43030314430190033
792 3503.7378446511677468 0.27395595399550286535 121.69423599665738516 95.54951911104801187
793 3509.1188646697111695 0.27395177188865751198 121.84565926316393182 95.668734826175321255
794 3514.5011296977712274 0.27394759960873966135 121.99708222042470877 95.787950290317309975
795 3519.8846381846540459 0.27394343712043022846 122.14850486920553514 95.907165504105138493
796 3525.2693885835270138 0.273939284388581284 122.29992721026935577 96.026380468167503675
797 3530.6553793514043698 0.27393514137821438117 122.45134924437638668 96.14559518313076858
798 3536.0426089491328634 0.27393100805452026374 122.60277097228388476 96.264809649618977801
799 3541.4310758413774849 0.27392688438285717702 122.75419239474645609 96.384023868253767491
800 3546.8207784966072678 0.27392277032875029711 122.90561351251581275 96.503237839654511604
801 3552.2117153870811603 0.27391866585789056263 123.05703432634093307 96.622451564438206678
802 3557.6038849888339675 0.27391457093613359126 123.20845483696806001 96.74166504321957772
803 3562.9972857816623628 0.27391048552949892437 123.35987504514061924 96.860878276611042194
804 3568.3919162491109685 0.27390640960416877273 123.51129495159937424 96.98009126522269046
805 3573.7877748784585037 0.27390234312648705856 123.66271455708236337 97.099304009662447332
806 3579.1848601607040037 0.27389828606295885935 123.81413386232485221 97.218516510535863691
807 3584.5831705905531028 0.2738942383802487154 123.96555286805952949 97.337728768446284126
808 3589.9827046664043886 0.2738902000451804924 124.11697157501624889 97.456940783994837584
809 3595.3834608903358192 0.27388617102473559873 124.26838998392235459 97.576152557780355019
810 3600.785437768091211 0.27388215128605274416 124.41980809550244117 97.695364090399541487
811 3606.1886338090667901 0.27387814079642663166 124.5712259104784627 97.81457538244681043
812 3611.593047526297809 0.27387413952330698255 124.7226434295698447 97.933786434514431961
813 3616.9986774364452315 0.27387014743429800018 124.87406065349323676 98.052997247192479287
814 3622.4055220597824791 0.27386616449715691873 125.02547758296281091 98.172207821068807443
815 3627.8135799201822438 0.27386219067979341226 125.17689421869014039 98.291418156729201315
816 3633.2228495451033656 0.2738582259502688277 125.32831056138412515 98.410628254757192036
817 3638.6333294655777717 0.27385427027679477266 125.47972661175127071 98.52983811573423855
818 3644.045018216197481 0.27385032362773292514 125.63114237049531164 98.649047740239650457
819 3649.4579143351016706 0.2738463859715933784 125.78255783831764156 98.768257128850558836
820 3654.8720163639638048 0.27384245727703440565 125.93397301591700386 98.887466282142082216
821 3660.2873228479788272 0.27383853751286127079 126.08538790398965262 99.006675200687162132
822 3665.7038323358504137 0.27383462664802531481 126.23680250322942356 99.125883885056688564
823 3671.1215433797782877 0.27383072465162346083 126.38821681432747815 99.245092335819440739
824 3676.5404545354455952 0.27382683149289677204 126.53963083797267246 99.364300553542131228
825 3681.9605643620063422 0.27382294714123006199 126.69104457485134321 99.483508538789462594
826 3687.381871422072892 0.2738190715661511203 126.84245802564729617 99.602716292124006146
827 3692.8043742817035211 0.27381520473732927205 126.99387119104204003 99.721923814106362492
828 3698.2280715103900373 0.27381134662457538194 127.14528407171446531 99.841131105295065781
829 3703.6529616810454542 0.27380749719784022719 127.29669666834121379 99.960338166246607373
830 3709.0790433699917272 0.27380365642721425241 127.4481089815964085 100.07954499751554905
831 3714.5063151569475468 0.27379982428292655607 127.59952101215180247 100.19875159965434927
832 3719.9347756250161896 0.27379600073534393013 127.75093276067682295 100.31795797321354524
833 3725.3644233606734291 0.27379218575497043671 127.90234422783838419 100.43716411874166845
834 3730.7952569537555016 0.27378837931244611652 128.05375541430116969 100.55637003678525178
835 3736.2272749974471313 0.27378458137854660767 128.20516632072746471 100.67557572788894729
836 3741.6604760882696115 0.27378079192418232305 128.35657694777715251 100.79478119259532853
837 3747.0948588260689416 0.27377701092039722768 128.50798729610792522 100.91398643144514114
838 3752.5304218140040222 0.27377323833836882537 128.65939736637497387 101.03319144497713031
839 3757.9671636585349035 0.2737694741494065667 128.81080715923134418 101.15239623372810805
840 3763.4050829694110916 0.27376571832495174533 128.96221667532767058 101.27160079823302915
841 3768.8441783596599086 0.27376197083657635047 129.11362591531236955 101.39080513902488027
842 3774.2844484455749079 0.27375823165598248685 129.26503487983156118 101.51000925663478007
843 3779.7258918467043445 0.27375450075500161015 129.41644356952904034 101.6292131515919504
844 3785.168507185839698 0.27375077810559360336 129.56785198504645823 101.74841682442371588
845 3790.6122930890042522 0.27374706367984637576 129.71926012702312711 101.86762027565557198
846 3796.0572481854417255 0.27374335744997484578 129.87066799609614949 101.98682350581108803
847 3801.5033711076049563 0.27373965938832022591 130.02207559290047777 102.10602651541205971
848 3806.9506604911446415 0.27373596946734970323 130.1734829180686787 102.2252293049783384
849 3812.3991149748981253 0.27373228765965492253 130.32488997223130686 102.34443187502802074
850 3817.8487332008782436 0.27372861393795215184 130.4762967560165923 102.46363422607735711
851 3823.2995138142622185 0.27372494827508103915 130.6277032700506484 102.58283635864072438
852 3828.7514554633806048 0.27372129064400397034 130.77910951495740365 102.70203827323078055
853 3834.2045567997062883 0.27371764101780562587 130.93051549135857278 102.82123997035830716
854 3839.6588164778435346 0.27371399936969191682 131.08192119987380173 102.94044145053230311
855 3845.1142331555170899 0.27371036567298958665 131.23332664112053221 103.05964271426002926
856 3850.5708054935613314 0.27370673990114554813 131.38473181571406023 103.17884376204687778
857 3856.0285321559094671 0.27370312202772573187 131.5361367242676689 103.29804459439659518
858 3861.4874118095827888 0.27369951202641524334 131.68754136739235938 103.41724521181105278
859 3866.9474431246799708 0.27369590987101678805 131.83894574569717674 103.53644561479042834
860 3872.4086247743664206 0.27369231553545069583 131.99034985978896656 103.65564580383315063
861 3877.8709554348636779 0.27368872899375393178 132.14175371027255848 103.77484577943586844
862 3883.3344337854388617 0.27368515022007940181 132.29315729775070355 103.8940455420935858
863 3888.7990585083941681 0.27368157918869559541 132.44456062282402725 104.01324509229951318
864 3894.2648282890564142 0.27367801587398559319 132.59596368609115902 104.13244443054516822
865 3899.73174181576663 0.27367446025044661034 132.74736648814864912 104.25164355732040306
866 3905.1997977798697002 0.27367091229268946648 132.89876902959101031 104.37084247311326364
867 3910.6689948757040505 0.273667371975437467 133.05017131101079976 104.49004117841028472
868 3916.1393318005913844 0.27366383927352660955 133.20157333299840105 104.60923967369613935
869 3921.6108072548264629 0.27366031416190398981 133.35297509614235331 104.72843795945393143
870 3927.0834199416669348 0.27365679661562791343 133.50437660102908768 104.84763603616509085
871 3932.5571685673232105 0.27365328660986706463 133.65577784824309486 104.96683390430932263
872 3938.032051840948383 0.27364978411989958386 133.80717883836685685 105.08603156436480527
873 3943.5080684746281956 0.27364628912111303241 133.95857957198088738 105.20522901680794526
874 3948.9852171833710528 0.27364280158900324593 134.10998004966374371 105.32442626211357603
875 3954.4634966850980795 0.2736393214991740857 134.26138027199200621 105.44362330075491589
876 3959.9429057006332227 0.27363584882733671451 134.4127802395403474 105.5628201332035044
877 3965.4234429536933988 0.27363238354930884892 134.56417995288148741 105.68201675992937867
878 3970.9051071708786873 0.27362892564101467795 134.71557941258615231 105.80121318140082604
879 3976.3878970816625653 0.27362547507848348826 134.86697861922325782 105.9204093980846427
880 3981.8718114183821892 0.27362203183784987529 135.018377573359732 106.03960541044600144
881 3987.3568489162287189 0.27361859589535271643 135.16977627556060514 106.15880121894845054
882 3992.8430083132376847 0.27361516722733455158 135.3211747263890366 106.27799682405405345
883 3998.3302883502793987 0.27361174581024133351 135.47257292640628154 106.39719222622322466
884 4003.8186877710494103 0.27360833162062160766 135.62397087617167699 106.5163874259148382
885 4009.3082053220590015 0.27360492463512607297 135.77536857624284414 106.63558242358623025
886 4014.7988397526257276 0.27360152483050692931 135.92676602717537122 106.75477721969314424
887 4020.2905898148639985 0.27359813218361731974 136.07816322952303241 106.8739718146898702
888 4025.7834542636757034 0.27359474667141101814 136.22956018383781183 106.99316620902906197
889 4031.2774318567408756 0.27359136827094141404 136.38095689066982281 107.11236040316190181
890 4036.772521354508402 0.27358799695936158449 136.53235335056734878 107.23155439753805292
891 4042.2687215201867703 0.2735846327139230779 136.68374956407687115 107.35074819260561693
892 4047.7660311197348602 0.27358127551197593627 136.83514553174297361 107.46994178881127466
893 4053.2644489218527739 0.27357792533096785781 136.98654125410859679 107.5891351866001249
894 4058.7639736979727085 0.27357458214844378427 137.13793673171468285 107.70832838641578602
895 4064.2646042222498679 0.27357124594204528428 137.28933196510060195 107.82752138870045788
896 4069.7663392715534159 0.27356791668951016853 137.44072695480376542 107.94671419389474695
897 4075.2691776254574683 0.27356459436867176032 137.59212170135988063 108.06590680243791442
898 4080.7731180662321262 0.27356127895745866921 137.74351620530293874 108.18509921476765712
899 4086.2781593788345473 0.2735579704338939139 137.89491046716508543 108.30429143132024702
900 4091.7843003509000581 0.27355466877609490317 138.04630448747676802 108.42348345253049591
901 4097.2915397727333038 0.27355137396227227964 138.19769826676667156 108.54267527883175725
902 4102.7998764372994387 0.27354808597073003426 138.34909180556174507 108.66186691065597537
903 4108.3093091402153543 0.27354480477986466171 138.50048510438727588 108.78105834843365218
904 4113.8198366797409462 0.2735415303681647596 138.65187816376668804 108.90024959259381529
905 4119.3314578567704194 0.27353826271421056722 138.80327098422183531 109.0194406435641236
906 4124.8441714748236313 0.27353500179667330176 138.95466356627279075 109.13863150177078339
907 4130.3579763400374736 0.27353174759431492084 139.10605591043793412 109.25782216763865711
908 4135.8728712611572909 0.27352850008598754287 139.25744801723404948 109.37701264159112181
909 4141.3888550495283365 0.27352525925063278023 139.40883988717608179 109.49620292405019276
910 4146.9059265190872678 0.27352202506728171553 139.56023152077740004 109.61539301543649638
911 4152.4240844863536757 0.2735187975150537534 139.7116229185497201 109.7345829161692651
912 4157.9433277704216518 0.27351557657315683797 139.86301408100301949 109.8537726266663824
913 4163.4636551929513941 0.27351236222088661193 140.01440500864571123 109.97296214734430522
914 4168.9850655781608477 0.27350915443762588395 140.16579570198447131 110.09215147861815787
915 4174.5075577528173811 0.27350595320284447456 140.31718616152443467 110.21134062090172778
916 4180.0311305462295004 0.27350275849609848204 140.46857638776896998 110.33052957460736274
917 4185.5557827902385966 0.27349957029702985829 140.61996638121997077 110.44971834014619694
918 4191.0815133192107327 0.27349638858536628208 140.77135614237763622 110.56890691792786409
919 4196.608320970028462 0.27349321334092006338 140.92274567174055185 110.68809530836079288
920 4202.1362045820826854 0.27349004454358850582 141.07413496980568947 110.80728351185200319
921 4207.6651629972645408 0.2734868821733526227 141.22552403706847535 110.9264715288072081
922 4213.1951950599573293 0.2734837262102773958 141.3769128740227012 111.04565935963083122
923 4218.7262996170284755 0.27348057663451096804 141.52830148116061007 111.16484700472593531
924 4224.2584755178215223 0.27347743342628418628 141.67968985897280805 111.28403446449429202
925 4229.7917216141481607 0.27347429656591044998 141.83107800794838771 111.40322173933640235
926 4235.3260367602802923 0.27347116603378492948 141.98246592857483263 111.52240882965139135
927 4240.861419812942128 0.27346804181038433554 142.13385362133812725 111.64159573583719819
928 4246.3978696313023184 0.27346492387626659471 142.2852410867226665 111.76078245829037065
929 4251.9353850769661194 0.27346181221207004563 142.43662832521131635 111.87996899740626806
930 4257.4739650139675908 0.27345870679851360857 142.58801533728535155 111.99915535357890748
931 4263.0136083087618264 0.27345560761639562666 142.73940212342460812 112.11834152720106041
932 4268.5543138302172208 0.27345251464659413375 142.89078868410737082 112.23752751866426466
933 4274.0960804496077658 0.2734494278700661443 143.04217501981033747 112.35671332835872805
934 4279.6389070406053818 0.27344634726784703254 143.19356113100877999 112.47589895667347473
935 4285.1827924792722802 0.27344327282105061386 143.34494701817643186 112.59508440399625286
936 4290.7277356440533596 0.27344020451086831306 143.49633268178547865 112.71426967071354203
937 4296.2737354157686318 0.27343714231856884177 143.64771812230678147 112.83345475721069096
938 4301.8207906776056841 0.27343408622549832921 143.79910334020949493 112.95263966387162483
939 4307.3689003151121697 0.2734310362130788715 143.95048833596135926 113.07182439107920626
940 4312.9180632161883295 0.27342799226280902378 144.10187311002878877 113.19100893921505516
941 4318.4682782710795506 0.2734249543562632967 144.25325766287650806 113.31019330865946708
942 4324.0195443723689497 0.27342192247509125068 144.40464199496795364 113.42937749979165411
943 4329.5718604149699913 0.27341889660101754541 144.55602610676511272 113.5485615129895872
944 4335.1252252961191376 0.27341587671584180575 144.70740999872829373 113.66774534862996726
945 4340.6796379153685264 0.27341286280143727478 144.85879367131668659 113.78692900708841398
946 4346.2350971745786823 0.27340985483975162456 145.01017712498776868 113.90611248873925257
947 4351.7916019779112573 0.27340685281280572856 145.16156036019775567 114.02529579395566034
948 4357.3491512318218022 0.27340385670269343172 145.31294337740141677 114.1444789231096754
949 4362.9077438450525679 0.27340086649158170827 145.46432617705195547 114.26366187657210979
950 4368.4673787286253375 0.27339788216170946741 145.61570875960142284 114.38284465471263471
951 4374.0280547958342869 0.27339490369538794781 145.7670911255001618 114.50202725789967697
952 4379.5897709622388776 0.27339193107499982756 145.91847327519734755 114.62120968650059621
953 4385.1525261456567755 0.27338896428299881678 146.06985520914073069 114.7403919408816002
954 4390.7163192661568041 0.27338600330191016539 146.22123692777650521 114.85957402140765548
955 4396.2811492460519216 0.27338304811432887341 146.37261843154971649 114.97875592844271286
956 4401.8470150098922327 0.27338009870292090636 146.52399972090376938 115.09793766234938268
957 4407.4139154844580233 0.27337715505042126313 146.67538079628099243 115.21711922348937589
958 4412.9818495987528291 0.27337421713963496467 146.82676165812212095 115.33630061222309711
959 4418.5508162839965323 0.27337128495343608205 146.97814230686653893 115.45548182890988912
960 4424.1208144736184833 0.27336835847476706718 147.12952274295250428 115.57466287390802141
961 4429.6918431032506547 0.27336543768663938134 147.28090296681657656 115.69384374757449859
962 4435.263901110720822 0.27336252257213207301 147.43228297889424579 115.81302445026535333
963 4440.8369874360457721 0.2733596131143919886 147.58366277961962208 115.93220498233547161
964 4446.4111010214245407 0.27335670929663387192 147.73504236942524007 116.05138534413855811
965 4451.9862408112316761 0.27335381110213857728 147.88642174874273189 116.17056553602738219
966 4457.5624057520105339 0.2733509185142547198 148.03780091800195805 116.28974555835340061
967 4463.1395947924665939 0.27334803151639639807 148.18917987763185286 116.40892541146720907
968 4468.7178068834608098 0.27334515009204436736 148.34055862805976897 116.52810509571814244
969 4474.2970409780029839 0.27334227422474495487 148.49193716971177429 116.64728461145450403
970 4479.8772960312451672 0.2733394038981095037 148.64331550301289213 116.76646395902360385
971 4485.4585710004750903 0.27333653909581505018 148.79469362838648115 116.88564313877152653
972 4491.0408648451096179 0.27333367980160283908 148.94607154625489601 117.00482215104342585
973 4496.6241765266882306 0.27333082599927872674 149.09744925703909572 117.12400099618333223
974 4502.2085050088665366 0.27332797767271290202 149.24882676115864114 117.24317967453417424
975 4507.7938492574098031 0.27332513480583872702 149.40020405903212589 117.36235818643794748
976 4513.3802082401865223 0.27332229738265369456 149.55158115107654489 117.48153653223543971
977 4518.967580927161996 0.27331946538721794935 149.70295803770786629 117.60071471226655249
978 4524.5559662903919516 0.27331663880365475577 149.85433471934065322 117.71989272687000382
979 4530.1453633040161808 0.27331381761614974144 150.00571119638825701 117.83907057638357729
980 4535.7357709442522058 0.27331100180895078386 150.15708746926284428 117.95824826114397132
981 4541.3271881893889717 0.27330819136636771993 150.30846353837520403 118.0774257814868397
982 4546.9196140197805605 0.27330538627277189316 150.45983940413501712 118.19660313774689341
983 4552.5130474178399367 0.27330258651259593182 150.61121506695068778 118.31578033025772116
984 4558.1074873680327126 0.27329979207033370367 150.76259052722929185 118.43495735935193573
985 4563.7029328568709414 0.27329700293053922107 150.91396578537690495 118.55413422536119183
986 4569.2993828729069361 0.27329421907782759323 151.06534084179808713 118.67331092861600209
987 4574.8968364067271097 0.27329144049687335223 151.21671569689646702 118.79248746944605657
988 4580.4952924509458452 0.27328866717241139054 151.36809035107425199 118.91166384817984301
989 4586.0947500001993848 0.27328589908923564992 151.51946480473259742 119.0308400651450235
990 4591.6952080511397489 0.27328313623219953506 151.67083905827139476 119.15001612066819907
991 4597.2966656024286758 0.27328037858621547518 151.82221311208922945 119.2691920150749257
992 4602.8991216547315863 0.27327762613625412974 151.97358696658375558 119.3883677486899175
993 4608.5025752107115742 0.27327487886734499036 152.12496062215118807 119.50754332183674573
994 4614.1070252750234184 0.27327213676457535115 152.27633407918663126 119.62671873483810152
995 4619.7124708543076204 0.27326939981309012479 152.42770733808419158 119.74589398801571895
996 4625.3189109571844662 0.27326666799809218203 152.57908039923649077 119.86506908169028086
997 4630.9263445942481101 0.27326394130484120859 152.73045326303525709 119.9842440161815964
998 4636.5347707780606834 0.27326121971865405871 152.88182592987087843 120.10341879180842381
999 4642.1441885231464255 0.27325850322490415569 153.03319840013267393 120.22259340888854655
1000 4647.7545968459858381 0.27325579180902122178 153.18457067420883322 120.34176786773903914
1001 4653.3659947650098658 0.27325308545649139468 153.33594275248624371 120.46094216867573527
1002 4658.9783813005940951 0.27325038415285621195 153.48731463535093823 120.58011631201364382
1003 4664.5917554750529801 0.27324768788371343412 153.63868632318740758 120.69929029806683944
1004 4670.2061163126340881 0.27324499663471540109 153.79005781637936109 120.81846412714836882
1005 4675.8214628395123702 0.27324231039156986764 153.94142911530929459 120.937637799570552
1006 4681.4377940837844543 0.27323962914003959023 154.092800220358339 121.05681131564450456
1007 4687.0551090754629588 0.27323695286594118392 154.24417113190690104 121.17598467568064308
1008 4692.673406846470832 0.27323428155514634894 154.39554185033386659 121.29515787998828417
1009 4698.2926864306357091 0.27323161519357992726 154.54691237601733964 121.4143309288759718
1010 4703.9129468636842959 0.2732289537672210712 154.69828270933415784 121.53350382265130542
1011 4709.5341871832367726 0.27322629726210233611 154.84965285065997159 121.65267656162085338
1012 4715.1564064288012186 0.27322364566430905219 155.00102280036960835 121.77184914609041591
1013 4720.7796036417680621 0.27322099895998027774 155.15239255883640963 121.89102157636483282
1014 4726.4037778654045479 0.27321835713530696731 155.30376212643298726 122.01019385274797398
1015 4732.0289281448492296 0.27321572017653291886 155.45513150353076269 122.12936597554303988
1016 4737.6550535271064826 0.27321308806995449767 155.60650069049982736 122.24853794505198288
1017 4743.2821530610410368 0.27321046080191917124 155.75786968770958887 122.36770976157615454
1018 4748.9102257973725334 0.27320783835882682196 155.90923849552808342 122.48688142541597371
1019 4754.5392707886701014 0.27320522072712857386 156.06060711432242691 122.60605293687080233
1020 4760.1692870893469558 0.27320260789332663953 156.21197554445860112 122.7252242962393449
1021 4765.8002737556550157 0.27319999984397446482 156.36334378630149189 122.8443955038192676
1022 4771.4322298456795441 0.27319739656567586906 156.51471184021509625 122.96356655990740974
1023 4777.0651544193338096 0.27319479804508553129 156.66607970656214494 123.08273746479983187
1024 4782.699046538353767 0.27319220426890816663 156.81744738570449212 123.20190821879156513
1025 4788.3339052662927591 0.27318961522389856815 156.96881487800281171 123.32107882217692325
1026 4793.9697296685162398 0.27318703089686134422 157.12018218381673404 123.44024927524924148
1027 4799.6065188121965166 0.27318445127465039893 157.27154930350510374 123.55941957830111019
1028 4805.2442717663075142 0.27318187634416943866 157.42291623742533599 123.67858973162418691
1029 4810.8829876016195572 0.27317930609237072847 157.57428298593410873 123.7977597355092608
1030 4816.5226653906941747 0.27317674050625562296 157.7256495493870153 123.91692959024639594
1031 4822.163304207878924 0.27317417957287428983 157.8770159281384669 124.03609929612461815
1032 4827.804903129302232 0.27317162327932466902 158.02838212254212764 124.15526885343234347
1033 4833.4474612328682617 0.27316907161275358885 158.17974813295041621 124.27443826245698572
1034 4839.0909775982517931 0.27316652456035526975 158.33111395971488414 124.39360752348514155
1035 4844.7354513068931268 0.27316398210937197947 158.48247960318595086 124.51277663680267929
1036 4850.3808814419930067 0.27316144424709328737 158.6338450637131177 124.63194560269448122
1037 4856.0272670885075605 0.27315891096085590734 158.78521034164498076 124.75111442144478653
1038 4861.6746073331432632 0.27315638223804408126 158.93657543732885908 124.87028309333687932
1039 4867.322901264351914 0.27315385806608824141 159.08794035111139575 124.9894516186532618
1040 4872.9721479723256401 0.27315133843246596374 159.23930508333802648 125.10861999767564113
1041 4878.6223465489919118 0.27314882332470089756 159.39066963435324831 125.22778823068483964
1042 4884.2734960880085819 0.27314631273036284019 159.54203400450072771 125.34695631796102078
1043 4889.9255956847589424 0.27314380663706782233 159.69339819412291794 125.46612425978341064
1044 4895.5786444363467993 0.27314130503247729945 159.84476220356151668 125.58529205643045504
1045 4901.232641441591567 0.27313880790429850642 159.996126033157071 125.70445970817987457
1046 4906.8875858010233819 0.27313631524028391155 160.1474896832492526 125.82362721530843053
1047 4912.5434766168782317 0.27313382702823082299 160.29885315417689158 125.94279457809235369
1048 4918.200312993093108 0.27313134325598209558 160.45021644627753997 126.06196179680682315
1049 4923.8580940353011712 0.27312886391142449663 160.60157955988816006 126.1811288717263637
1050 4929.5168188508269407 0.27312638898248997507 160.75294249534446164 126.30029580312470059
1051 4935.1764865486814964 0.27312391845715426784 160.90430525298137905 126.41946259127472873
1052 4940.8370962395577024 0.27312145232343728655 161.05566783313294618 126.53862923644869534
1053 4946.4986470358254498 0.27311899056940324161 161.20703023613199033 126.65779573891788046
1054 4952.1611380515269114 0.27311653318315921255 161.35839246231077121 126.77696209895292365
1055 4957.8245684023718232 0.27311408015285654631 161.50975451200030411 126.89612831682371014
1056 4963.4889372057327743 0.27311163146668936136 161.6611163855308673 127.01529439279923624
1057 4969.1542435806405225 0.27310918711289504379 161.81247808323171467 127.13446032714790363
1058 4974.8204866477793216 0.2731067470797538368 161.96383960543116523 127.25362612013719683
1059 4980.4876655294822703 0.27310431135558859708 162.11520095245675341 127.37279177203389468
1060 4986.1557793497266755 0.2731018799287647056 162.26656212463491315 127.49195728310412145
1061 4991.8248272341294358 0.27309945278768989852 162.41792312229131635 127.61112265361303952
1062 4997.4948083099424392 0.27309702992081384286 162.56928394575065404 127.73028788382529773
1063 5003.165721706047981 0.27309461131662834192 162.72064459533665469 127.84945297400461298
1064 5008.8375665529541965 0.27309219696366655061 162.87200507137235726 127.96861792441405466
1065 5014.5103419827905125 0.27308978685050366053 163.02336537417959694 128.0877827353159264
1066 5020.1840471293031145 0.27308738096575564902 163.17472550407961948 128.20694740697180036
1067 5025.8586811278504309 0.27308497929808000081 163.32608546139256225 128.32611193964250897
1068 5031.534243115398636 0.27308258183617513317 163.47744524643767867 128.44527633358814343
1069 5037.2107322305171651 0.27308018856877995842 163.62880485953356277 128.56444058906805539
1070 5042.8881476133742523 0.27307779948467438913 163.78016430099759418 128.68360470634093214
1071 5048.5664884057324797 0.27307541457267833432 163.93152357114658023 128.80276868566464839
1072 5054.2457537509443459 0.27307303382165221147 164.08288267029627824 128.9219325272964632
1073 5059.9259427939478515 0.2730706572204964836 164.2342415987614741 129.04109623149273645
1074 5065.6070546812620958 0.27306828475815100524 164.3856003568564899 129.1602597985093725
1075 5071.2890885609828993 0.27306591642359612991 164.53695894489427953 129.27942322860133706
1076 5076.9720435827784311 0.27306355220585090476 164.68831736318729214 129.39858652202295784
1077 5082.6559188978848614 0.27306119209397419425 164.83967561204696767 129.51774967902790338
1078 5088.3407136591020263 0.27305883607706387189 164.99103369178383456 129.6369126998690512
1079 5094.0264270207891073 0.27305648414425660197 165.14239160270779934 129.75607558479867884
1080 5099.7130581388603305 0.27305413628472821814 165.29374934512760358 129.87523833406828637
1081 5105.4006061707806778 0.27305179248769272348 165.44510691935143977 129.99440094792866859
1082 5111.0890702755616162 0.27304945274240303976 165.59646432568640217 130.11356342663000188
1083 5116.7784496137568424 0.27304711703814996571 165.74782156443893009 130.23272577042164706
1084 5122.4687433474580409 0.2730447853642624608 165.8991786359146257 130.35188797955244031
1085 5128.1599506402906625 0.27304245771010788354 166.05053554041798197 130.47105005427035021
1086 5133.8520706574097123 0.27304013406509051326 166.20189227825307264 130.59021199482279665
1087 5139.5451025654955575 0.27303781441865300616 166.35324884972283301 130.70937380145646957
1088 5145.2390455327497487 0.27303549876027509422 166.50460525512942023 130.82853547441733641
1089 5150.9338987288908558 0.2730331870794735436 166.65596149477443315 130.94769701395080953
1090 5156.6296613251503222 0.2730308793658029075 166.80731756895817505 131.06685842030147233
1091 5162.3263324942683301 0.27302857560885387703 166.95867347798057641 131.18601969371330566
1092 5168.0239114104896827 0.27302627579825443049 167.11002922214045957 131.30518083442968851
1093 5173.7223972495597022 0.27302397992366888779 167.26138480173602009 131.424341842693188
1094 5179.4217891887201417 0.2730216879747981122 167.41274021706462546 131.54350271874587253
1095 5185.1220864067051122 0.27301939994137940418 167.56409546842260726 131.66266346282896997
1096 5190.8232880837370229 0.27301711581318568924 167.71545055610587363 131.78182407518318967
1097 5196.5253934015225399 0.2730148355800264645 167.86680548040919589 131.90098455604852892
1098 5202.2284015432485553 0.27301255923174652342 168.01816024162676068 132.02014490566431429
1099 5207.9323116935781739 0.27301028675822658852 168.16951484005189904 132.13930512426927748
1100 5213.6371230386467133 0.27300801814938286167 168.32086927597702079 132.25846521210140795
1101 5219.3428347660577171 0.27300575339516654357 168.47222354969405686 132.37762516939812597
1102 5225.0494460648789858 0.27300349248556454883 168.62357766149376474 132.4967849963961779
1103 5230.7569561256386184 0.27300123541059826928 168.77493161166644856 132.61594469333162979
1104 5236.4653641403210709 0.27299898216032429386 168.92628540050147903 132.73510426044002553
1105 5242.174669302363228 0.27299673272483391393 169.07763902828735962 132.8542636979560919
1106 5247.8848708066504871 0.27299448709425261895 169.22899249531213295 132.97342300611404695
1107 5253.5959678495128609 0.27299224525874089128 169.38034580186269325 133.09258218514749514
1108 5259.3079596287210893 0.27299000720849290829 169.53169894822545583 133.21174123528926363
1109 5265.020845343482768 0.27298777293373729794 169.68305193468593828 133.33090015677172539
1110 5270.7346241944384904 0.27298554242473663115 169.83440476152877378 133.45005894982646456
1111 5276.4492953836580007 0.27298331567178686269 169.98575742903821936 133.56921761468459001
1112 5282.1648581146363672 0.27298109266521833552 170.13710993749733191 133.68837615157648978
1113 5287.8813115922901615 0.2729788733953942258 170.28846228718869783 133.80753456073190318
1114 5293.5986550229536571 0.27297665785271144935 170.43981447839407319 133.92669284238010025
1115 5299.3168876143750383 0.27297444602760012017 170.59116651139438593 134.04585099674953647
1116 5305.0360085757126245 0.27297223791052317076 170.74251838646999493 134.16500902406821748
1117 5310.7560171175311066 0.27297003349197689371 170.89387010390027072 134.28416692456345427
1118 5316.4769124517977978 0.27296783276248986263 171.04522166396411399 134.40332469846197519
1119 5322.1986937918788976 0.27296563571262380527 171.19657306693950238 134.52248234598990193
1120 5327.9213603525357676 0.27296344233297267415 171.34792431310360911 134.64163986737267356
1121 5333.6449113499212227 0.2729612526141625854 171.4992754027332488 134.76079726283530295
1122 5339.3693460015758343 0.27295906654685252944 171.65062633610400679 134.87995453260205492
1123 5345.0946635264242466 0.27295688412173286038 171.80197711349111549 134.99911167689657789
1124 5350.8208631447715056 0.27295470532952635843 171.95332773516888444 135.11826869594206374
1125 5356.5479440782994023 0.27295253016098747263 172.10467820141093785 135.23742558996091521
1126 5362.2759055500628267 0.27295035860690209541 172.25602851249033867 135.35658235917518256
1127 5368.0047467844861382 0.27294819065808824385 172.40737866867907359 135.47573900380609131
1128 5373.7344670073595432 0.27294602630539454462 172.55872867024885234 135.59489552407444245
1129 5379.465065445835493 0.27294386553970172027 172.71007851747028919 135.7140519202003435
1130 5385.196541328425087 0.27294170835192088973 172.86142821061349685 135.83320819240337193
1131 5390.9288938849944919 0.27293955473299452423 173.01277774994796947 135.95236434090260011
1132 5396.6621223467613757 0.27293740467389624065 173.16412713574213937 136.07152036591633375
1133 5402.3962259462913491 0.27293525816562963211 173.31547636826415928 136.19067626766244131
1134 5408.1312039174944246 0.27293311519922976654 173.4668254477811173 136.30983204635818931
1135 5413.8670554956214827 0.27293097576576142037 173.61817437455963252 136.42898770222022337
1136 5419.6037799172607552 0.27292883985632016439 173.76952314886563014 136.54814323546469688
1137 5425.3413764203343197 0.27292670746203188321 173.92087177096404596 136.66729864630707052
1138 5431.0798442440946023 0.27292457857405185003 174.07222024111962087 136.78645393496238461
1139 5436.8191826291208999 0.27292245318356624868 174.22356855959593488 136.9056091016450234
1140 5442.5593908173159061 0.27292033128179025045 174.37491672665617666 137.02476414656881029
1141 5448.3004680519022571 0.27291821285996926505 174.52626474256277819 137.14391906994704662
1142 5454.0424135774190844 0.2729160979093781091 174.67761260757733874 137.26307387199244289
1143 5459.785226639718581 0.27291398642132083874 174.82896032196108062 137.38222855291714421
1144 5465.5289064859625809 0.27291187838713129138 174.98030788597422613 137.50138311293278195
1145 5471.2734523646191485 0.27290977379817201514 175.13165529987655158 137.62053755225037366
1146 5477.0188635254591802 0.27290767264583493595 175.28300256392709616 137.73969187108045996
1147 5482.7651392195530198 0.27290557492154099092 175.43434967838408518 137.85884606963292125
1148 5488.5122786992670814 0.27290348061673943056 175.58569664350539564 137.97800014811719946
1149 5494.2602812182604906 0.27290138972290910803 175.73704345954783577 138.09715410674213264
1150 5500.0091460314817278 0.27289930223155642558 175.88839012676793125 138.21630794571601406
1151 5505.7588723951652945 0.27289721813421713683 176.03973664542132103 138.33546166524665633
1152 5511.5094595668283808 0.27289513742245481503 176.19108301576300275 138.45461526554121931
1153 5517.2609068052675512 0.27289306008786138894 176.34242923804745666 138.57376874680643385
1154 5523.0132133705554387 0.27289098612205709389 176.49377531252828143 138.69292210924844819
1155 5528.7663785240374508 0.27288891551668975825 176.64512123945869246 138.81207535307283472
1156 5534.5204015283284873 0.27288684826343551575 176.79646701909102977 138.93122847848471774
1157 5540.27528164730967 0.2728847843539980039 176.94781265167700793 139.050381485688585
1158 5546.0310181461250805 0.27288272378010836009 177.0991581374679438 139.16953437488850864
1159 5551.7876102911785141 0.27288066653352577174 177.250503476714119 139.28868714628797132
1160 5557.5450573501302403 0.27287861260603621342 177.40184866966552429 139.40783980008985452
1161 5563.3033585918937765 0.2728765619894533298 177.55319371657129869 139.5269923364967173
1162 5569.0625132866326741 0.27287451467561787995 177.7045386176800352 139.64614475571039634
1163 5574.8225207057573121 0.27287247065639755686 177.85588337323977351 139.76529705793233128
1164 5580.5833801219217047 0.27287042992368735664 178.00722798349760909 139.88444924336336843
1165 5586.3450908090203173 0.27286839246940847747 178.15857244870044794 140.00360131220387971
1166 5592.1076520421848972 0.27286635828550966784 178.30991676909415815 140.12275326465370391
1167 5597.8710630977813096 0.27286432736396551427 178.46126094492425813 140.24190510091219575
1168 5603.6353232534063897 0.27286229969677766594 178.61260497643558379 140.36105682117814546
1169 5609.4004317878848025 0.2728602752759740467 178.76394886387212185 140.48020842564983868
1170 5615.1663879812659128 0.2728582540936084174 178.91529260747767635 140.59935991452512062
1171 5620.9331911148206693 0.27285623614176151997 179.06663620749499827 140.71851128800127788
1172 5626.7008404710384948 0.27285422141253941555 179.21797966416653135 140.83766254627508357
1173 5632.4693353336241901 0.2728522098980746113 179.36932297773399671 140.95681368954284431
1174 5638.2386749874948477 0.27285020159052537572 179.52066614843835606 141.07596471800032029
1175 5644.0088587187767746 0.27284819648207541746 179.67200917652028279 141.19511563184277658
1176 5649.7798858148024275 0.27284619456493454495 179.82335206221954733 141.31426643126508988
1177 5655.5517555641073568 0.27284419583133777521 179.97469480577545448 141.43341711646148125
1178 5661.3244672564271625 0.27284220027354570465 180.1260374074267709 141.55256768762574711
1179 5667.0980201826944578 0.27284020788384431556 180.2773798674113598 141.67171814495119911
1180 5672.8724136350358451 0.27283821865454443387 180.42872218596696567 141.79086848863065365
1181 5678.6476469067689035 0.27283623257798269915 180.58006436333023137 141.91001871885641578
1182 5684.423719292399181 0.27283424964651995201 180.73140639973760387 142.0291688358203319
1183 5690.2006300876172031 0.27283226985254256327 180.88274829542476106 142.14831883971378804
1184 5695.9783785892954877 0.27283029318846156744 181.03409005062669877 142.26746873072755949
1185 5701.756964095485571 0.2728283196467123689 181.18543166557808528 142.3866185090520973
1186 5707.5363859054150439 0.27282634921975560546 181.33677314051271616 142.50576817487728352
1187 5713.316643319484597 0.27282438190007576758 181.48811447566398829 142.62491772839251947
1188 5719.0977356392650766 0.27282241768018218467 181.63945567126472934 142.74406716978679394
1189 5724.8796621674945508 0.27282045655260844791 181.79079672754693932 142.86321649924850312
1190 5730.6624222080753839 0.27281849850991206965 181.94213764474242653 142.98236571696568661
1191 5736.4460150660713227 0.27281654354467510941 182.09347842308204422 143.10151482312585264
1192 5742.2304400477045898 0.27281459164950319938 182.24481906279636846 143.2206638179160189
1193 5748.0156964603529892 0.2728126428170262064 182.39615956411519489 143.33981270152280203
1194 5753.801783612547021 0.27281069703989777392 182.54749992726777064 143.4589614741322139
1195 5759.5887008139670029 0.27280875431079488081 182.69884015248303717 143.5781101359300177
1196 5765.3764473754402071 0.27280681462241890576 182.85018023998891032 143.69725868710131349
1197 5771.1650226089379991 0.27280487796749383088 183.00152019001319469 143.8164071278308238
1198 5776.9544258275729933 0.27280294433876789388 183.15286000278278986 143.93555545830281019
1199 5782.7446563455962134 0.27280101372901209344 183.30419967852418608 144.05470367870102136
1200 5788.5357134783942632 0.27279908613102090946 183.45553921746342747 144.17385178920883798
