k,probability_numerator,probability_denominator,probability_decimal,tail_gt_k_decimal
1,7,48,0.1458333333333333,0.8541666666666666
2,223,2304,0.09678819444444445,0.7573784722222222
3,7657,110592,0.06923647280092593,0.6881419994212963
4,139913,2654208,0.0527136531876929,0.6354283462336034
5,10681477,254803968,0.04192037150693038,0.593507974726673
6,210411575,6115295232,0.03440742711798481,0.5591005476086882
7,8490137957,293534171136,0.02892384870947906,0.5301766988992092
8,174519422905,7044820107264,0.02477272950164489,0.5054039693975643
9,29132709095725,1352605460594688,0.02153821638640767,0.4838657530111566
10,615431767060907,32462531054272512,0.01895821881639472,0.4649075341947619
11,26271391681066607,1558201490605080576,0.01686007351389768,0.4480474606808642
12,565656992497626367,37396835774521933824,0.01512579823352334,0.4329216624473409
13,49084755458792538833,3590096234354105647104,0.01367226733063421,0.4192493951167066
14,1071804748026066290419,86162309624498535530496,0.01243936882259851,0.4068100262941081
15,47076252003238724298445,4135790861975929705463808,0.01138264810149211,0.395427378192616
16,1039100871007812710922905,99258980687422312931131392,0.01046858293135266,0.3849587952612634
17,368632000644667589372381053,38115448583970168165554454528,0.009671459062919162,0.3752873361983442
18,8206638150643703987109159347,914770766015284035973306908672,0.008971251001375559,0.3663160851969686
19,366734610414302595965528353451,43908996768733633726718731616256,0.00835215189146485,0.3579639333055038
20,8221379807976024708376086591139,1053815922449607209441249558790144,0.007801533107286264,0.3501624001982175
21,739444387571204479904332262165867,101166328555162292106359957643853824,0.007309194651341059,0.3428532055468765
22,16672574260149625843520496817738729,2427991885323895010552638983452491776,0.006866816302364,0.3359863892445125
23,753751609735647745223426393746434067,116543610495546960506526671205719605248,0.006467549842764207,0.3295188394017483
24,17077961456473456867807273237148653679,2797046651893127052156640108937270525952,0.006105712053431275,0.323413127348317
25,3102198133723273739924933112488085741161,537032957163480394014074900915955940982784,0.005776550754181965,0.317636576594135
26,70579850888959693500094459955561666225407,12888790971923529456337797621982942583586816,0.005476064515493211,0.3121605120786418
27,3217575698112791286978757187205853192131931,618661966652329413904214285855181244012167168,0.005200862298879573,0.3069596497797623
28,73468134942870017246509713195588109849550075,14847887199655905933701142860524349856292012032,0.0049480531441923,0.3020115966355699
29,6720973884538951397340962611277811312678935401,1425397171166966969635309714610337586204033155072,0.004715158708387584,0.2972964379271824
30,153944377639162311930517696583479111966166581163,34209532108007207271247433150648102068896795721728,0.004500043354966832,0.2927963945722155
31,7062256060581041604672938427778562288030437703837,1642057541184345949019876791231108899307046194642944,0.004300857846605874,0.2884955367256096
32,162208762748236300541362908981659356280395252482649,39409380988424302776477042989546613583369108671430656,0.004115993671554542,0.2843795430540551
33,119372084397598351707731239259079369950213254247579677,30266404599109864532334369015971799232027475459658743808,0.003944045749031885,0.2804354973050232
34,2748515291070112769968785341372555641967112573578924099,726393710378636748776024856383323181568659411031809851392,0.00378378178637785,0.2766517155186454
35,126710385507923344880628640952281110831738332328347684099,34866898098174563941249193106399512715295651729526872866816,0.003634116953884039,0.2730175985647613
36,2923876295015477402172491112113107444177558993358834928907,836805554356189534589980634553588305167095641508644948803584,0.003494092838885386,0.269523505725876
37,270149742094471310586418531680562600288332186321966199316807,80333333218194195320638140917144477296041181584829915085144064,0.00336285986491703,0.2661606458609589
38,6246069354950753906690437514033583956994969903135353366210989,1927999997236660687695315382011467455104988358035917962043457536,0.003239662533144731,0.2629209833278142
39,289091443187077709442236635799486208471641513786027059760009911,92543999867359713009375138336550437845039441185724062178085961728,0.003123826975292002,0.2597971563525222
40,6695929476343937985929694462753261425373998563643614410250947827,2221055996816633112225003320077210508280946588457377492274063081472,0.003014750409688452,0.2567824059428337
41,1241755309587818768664518671973509943858518756379941914203478026147,426442751388793557547200637454824417589941744983816478516620111642624,0.002911892172029661,0.2538705137708041
42,28808077947142964722430470448020315564668157846110164075869591926949,10234626033331045381132815298915786022158601879611595484398882679422976,0.002814766055283688,0.2510557477155204
43,1337674011446093836071363204546833702207172478986748117890332523714961,491262049599890178294375134347957729063612890221356583251146368612302848,0.002722933742868122,0.2483328139726522
44,31079192387129132780233445027335648579364584402796797925761414543162337,11790289190397364279065003224350985497526709365312557998027512846695268352,0.002635999158734942,0.2456968148139173
45,2890341580699766337919829530327260422234298852429942140064287538385960231,1131867762278146970790240309537694607762564099070005567810641233282745761792,0.002553603589594497,0.2431432112243228
46,67244393964399803610335971926201441065225490448727076098875070482266258197,27164826294675527298965767428904670586301538377680133627455389598785898283008,0.002475421459903836,0.240667789764419
47,3130896172596805890602413172937282005670837392799010636432151928523323449243,1303911662144425310350356836587424188142473842128646414117858700741723117584384,0.002401156660756991,0.238266633103662
48,72931618515719810867329075247599373181166149399106083298239178582000883419855,31293879891466207448408564078098180515419372211087513938828608817801354822025216,0.002330539350462841,0.2359360937531992
49,27198014617855023908319708532830410896404636389085735203372323832777358250668185,12016849878323023660188888605989701317921038929057605352510185786035720251657682944,0.002263323158169515,0.2336727705950296
50,634282810621338428112693768991398968576289292807784694096423684207955169909725111,288404397079752567844533326543752831630104934297382528460244458864857286039784390656,0.002199282733008887,0.2314734878620208
51,29600141978436343962974003529244445055558736824379583265529541935410987023874918175,13843411059828123256537599674100135918245036846274361366091734025513149729909650751488,0.002138211590374017,0.2293352762716467
52,691036572019127553056859556076441489353025584699038169757766739416604217471434183511,332241865435874958156902392178403262037880884310584672786201616612315593517831618035712,0.002079920214487547,0.2272553560571592
53,64563399108322994705626041807526815859243794069333269063315212636538132321014660522087,31895219081843995983062629649126713155636564893816128587475355194782296977711835331428352,0.002024234382671947,0.2252311216744873
54,1508766607060958845560696212338686738555206819540384999497531969554546089444833508762909,765485257964255903593503111579041115735277557451587086099408524674775127465084047954280448,0.001970993681933729,0.2232601279925535
55,70548965623275429778588882525799006759034352418241556702055508493743779312239568166169343,36743292382284283372488149355793973555293322757676180132771609184389206118324034301805461504,0.001920050192815342,0.2213400777997382
56,1650156533550977086560063452858551530779201555290564832773607645051639077865875474486127467,881839017174822800939715584539055365327039746184228323186518620425340946839776823243331076096,0.001871267319105066,0.2194688104806331
57,308914908854955754881632798142149229308001473788590126024429192607123640841227076049730420065,169313091297565977780425392231498630142791631267371838051811575121665461793237150062719566610432,0.00182451874505109,0.217644291735582
58,7231785429529261166461437951041932761133934172192570067557312807071958501477116198465065874087,4063514191141583466730209413555967123426999150416924113243477802919971083037691601505269598650368,0.001779687504302181,0.2158646042312798
59,338734246559833550670397080184988223235826143006160059554818829519788673645102353633990680951283,195048681174796006403050051850686421924495959220012357435686934540158611985809196872252940735217664,0.001736665146975649,0.2141279390843042
60,7936223407984070610352684485279912831140517016736035459537701346440687466009798392533234097700147,4681168348195104153673201244416474126187903021280296578456486428963806687659420724934070577645223936,0.001695350993100687,0.2124325880912035
61,744036789192679537263788172908089011473559015918127794212779385131025891547413803407558491525860505,449392161426729998752627319463981516114038690042908471531822697180525442015304389593670775453941497856,0.001655651462256288,0.2107769366289472
62,17445182288149861404473761196756944758925806052398290938224848871712472584848358684249178978227058203,10785411874241519970063055667135556386736928561029803316763744732332610608367305350248098610894595948544,0.001617479470562796,0.2091594571583844
63,818355923840728636528171959378988154018345062458955040622140614345567733316428349740588355346986995773,517699769963592958563026672022506706563372570929430559204659747151965309201630656811908733322940605530112,0.001580753887331801,0.2075787032710526
64,19201265518154186220974292140861477497043330655681404598374680710515389530540765664731551768511779838425,12424794479126231005512640128540160957520941702306333420911833931647167420839135763485809599750574532722688,0.001545399044661261,0.2060333042263914
65,28843226482906788758435485715084599885251236103667993196497444350722859954914616264547746976771273441567069,19084484319937890824467415237437687230752166454742528134520576919010049158408912532714203545216882482262048768,0.001511344294106693,0.2045219599322847
66,677204653481923337976935823148930388701331610357834130660059737201794911916881938431727441798461587556054883,458027623678509379787217965698504493538051994913820675228493846056241179801813900785140885085205179574289170432,0.001478523605286424,0.2030434363269982
67,31810022903456044616072698512406029152554158489363911404525332794704919549841330428402443779485097228227155763,21985325936568450229786462353528215689826495755863392410967704610699576630487067237686762484089848619565880180736,0.001446875201906653,0.2015965611250916
68,747329366546660286459787896092605031530343135163446324668117976554523658568429770140372310186593085881313257563,527647822477642805514875096484677176555835898140721417863224910656789839131689613704482299618156366869581124337664,0.001416341231235396,0.2001802198938562
69,70250649330659448587042808829650713040585555779316976319195327874728354489678833659969346196584332492021960752351,50654190957853709329428009262529008949360246221509256114869591423051824556642202915630300763343011219479787936415744,0.00138686746352559,0.1987933524303306
70,1651411341277156334799077456444367179634497449323608040769354065327344501799574874678655242520164850981462944183125,1215700582988489023906272222300696214784645909316222146756870194153243789359412869975127218320232269267514910473977856,0.00135840301829714,0.1974349494120335
71,77662850178922465006521864035214419949628524808245071690900907668423854614672757470926390093557352153419819272309535,58353627983447473147501066670433418309663003647178663044329769319355701889251817758806106479371148924840715702750937088,0.001330900114744403,0.1961040492972891
72,1826674675619954933866106429121273634751812477934405095087138053027907886843422982989044445612731435450929917485229595,1400487071602739355540025600090402039431912087532287913063914463664536845342043626211346555504907574196177176866022490112,0.001304313843846827,0.1947997354534422
73,343807778832308262631108360724885872541150850483199587643367921110374180290495420250000997507242029876688436940594490815,268893517747725956263684915217357191570927120806199279308271577023591074305672376232578538656942254245666017958276318101504,0.001278601960032619,0.1935211334934096
74,8090842615472391674611606007928079253098496064826055163094582399967000500517539095197454813911635175175231229549331534665,6453444425945422950328437965216572597702250899348782703398517848566185783336137029581884927766614101895984430998631634436096,0.001253724690483732,0.1922674088029259
75,380901256035655634092482167368846158537320063765888166773760958344364926897935387821982931364360694821676217694056815915605,309765332445380301615765022330395484689708043168741569763128856731176917600134577419930476532797476891007252687934318452932608,0.00122964456037965,0.1910377642425462
76,8968273115207393276716923349884039209310033895422583036429792967877839555545210714493087242436964025454932122442646285101637,7434367978689127238778360535929491632552993036049797674315092561548246022403229858078331436787139445384174064510423642870382592,0.001206326232561431,0.1898314380099848
77,844831842424597002623239302491806961331165245147653636839876091982561307931142064887225453101694858229329314209212107587256987,713699325954156214922722611449231196725087331460780576734248885908631618150710066375519817931565386756880710193000669715556728832,0.001183736360259452,0.1886477016497253
78,19900965319727730550488693744397501702438839665041887262224041524659520630345056012695783642693163823161358532489804516307596945,17128783822899749158145342674781548721402095955058733841621973261807158835617041593012475630357569282165137044632016073173361491968,0.001161843451671204,0.1874858581980541
79,937794949624212569574512497138220768843035172953038574109087032849326980571175824892201392223624410125109226645446124012408329743,822181623499187959590976448389514338627300605842819224397854716566743624109617996464598830257163325543926578142336771512321351614464,0.001140617745301794,0.1863452404527523
80,22100855619166832269522640810051033760673224164929280222192063666584566059016337072440154231564611010354729284425165118731822018323,19732358963980511030183434761348344127055214540227661385548513197601846978630831915150371926171919813054237875416082516295712438747136,0.001120031095091559,0.1852252093576608
81,8335379301197891637044013513683164022601464371223678320838270527651526058129677499826740146057794203032129455192223852754982792025363,7577225842168516235590438948357764144789202383447421972050629067879109239794239455417742819650017208212827344159775686257553576478900224,0.001100056864454287,0.1841251524932065
82,196523504421321691681027590371160329856828358308287885122608646677034693362002670522530276449958442750783234036763138669321541371104253,181853420212044389654170534760586339474940857202738127329215097629098621755061746930025827671600412997107856259834616470181285835493605376,0.001080669828437495,0.183044482664769
83,9268816415320902864421016413131957185384648025074573167884642834606518926719378002626815966632299451514433003481336198910290217840659557,8728964170178130703400185668508144294797161145731430111802324686196733844242963852641239728236819823861177100472061590568701720103693058048,0.001061846083294412,0.1819826365814746
84,218621369084193960864958384251811875949984384014314638802212897884003254305770325619850884558862149565944153925705221696522289078768689069,209495140084275136881604456044195463075131867497554322683255792468721612261831132463389753477683675772668250411329478173648841282488633393152,0.001043562962826954,0.1809390736186476
85,20630390113580457658606647243046967643363864883535949223002906787315297215301084928237795412466693373107511747330520039565312036829989594837,20111533448090413140634027780242764455212659279765214977592556076997274777135788716485416333857632874176152039487629904670288763118908805742592,0.001025798960921068,0.1799132746577266
86,486795802358691703722386165591921300415314087896399920237214719909764875347677715266877396095166352988663940782033252900882543959852779683735,482676802754169915375216666725826346925103822714365159462221345847934594651258929195649992012583188980227648947703117712086930314853811337822208,0.001008533659751243,0.1789047409979753
87,22977292377739837036590976145307914373450715409283250364876602917944541233641231625165390166649522443707620338273295825779938227674311075676941,23168486532200155938010400002839664652404983490289527654186624600700860543260428601391199616603993071050927149489749650180172655112982944215465984,0.0009917476631805624,0.1779129933347948
88,542377532727885188620033849190317904609720930190832255880873258687879521352351737367636536515668525456970100301118673464877191528764368098065905,556043676772803742512249600068151951657719603766948663700478990416820653038250286433388790798495833705222251587753991604324143722711590661171183616,0.0009754225349270495,0.1769375707998677
89,102440939846078940590064590302743832752041647012691520707224453463162688308786480332771790440633412849346854611410615964333536164354183341492948111,106760385940378318562351923213085174718282163923254143430491966160029565383344054995210647833311200071402672304848766388030235594760625406944867254272,0.0009595407411068031,0.1759780300587609
90,2418982624203286391706255909019238535582690883630616466869689082743833995903376046275021973962644717924590766393223637656512939505444722754249412361,2562249262569079645496446157114044193238771934158099442331807187840709569200257319885055547999468801713664135316370393312725654274255009766676814102528,0.0009440855968001549,0.1750339444619607
91,114260888227678837686070289135597358935106382572859436721312438064871780330577015539128001366854572240583199442696936678471941876959090113796314923309,122987964603315822983829415541474121275461052839588773231926745016354059321612351354482666303974502482255878495185778879010831405164240468800487076921344,0.0009290412163191316,0.1741049032456416
92,2699022440414201723343329869082304909230511773426327543508394418169654491059294250522297870979225830527017662157093028765037033392218978711684816687949,2951711150479579751611905972995378910611065268150130557566241880392497423718696432507583991295388059574141083884458693096259953723941771251211689846112256,0.0009143924668833797,0.1731905107787582
93,255063242806949888582331146652904168948762897275172040047613379624256029359820472976963144699279226024904607905942326738915245832065731955364458265391775,283364270446039656154742973407556375418662265742412533526359220517679752676994857520728063164357253719117544052908034537240955557498410040116322225226776576,0.0009001249254377006,0.1722903858533205
94,6026986914605958152698915207891673465517199225657293073329525284054885575095139491848363009756346388931345960440204687786681515988513186141981485435492397,6800742490704951747713831361781353010047894377817900804632621292424314064247876580497473515944574089258821057269792828893782933379961840962791733405442637824,0.0008862248383677901,0.1714041610149528
95,284873554875521497530167863572441006539959341834112184534095841100571323914332327066004593259519270344789511156903596683984414020743424513794497696010102699,326435639553837683890263905365504944482298930135259238622365822036367075083898075863878728765339556284423410748950055786901580802238168366214003203461246615552,0.0008726790838919366,0.1705314819310608
96,6733519584070043220803406147336437542633574130556824065333210412220418687525773836763841781885270192612479200287470887259700815168905534762942284009421651343,7834455349292104413366333728772118667575174323246221726936779728872809802013553820733089490368149350826161857974801338885637939253716040789136076883069918773248,0.0008594751369255633,0.1696720067941352
97,5093881357079271408002678225020638190461238619720817732376937261585563682520564299166607056586677881028283461347659224887090359635537261399587806529877534507257,6016861708256336189465344303696987136697733880253098286287446831774317927946409334323012728602738701434492306924647428264169937346853919326056507046197697617854464,0.0008466010362328004,0.1688254057579024
98,120440053238310107305212650855659976769113113232399936581953144595362710133586178773138790089610461397111164077705430470966492389429769371152440136424294701229479,144404680998152068547168263288727691280745613126074358870898723962583630270713824023752305486465728834427815366191538278340078496324494063825356169108744742828507136,0.0008340453536949496,0.1679913604042075
99,5696225161678871816660747664081394122521211632354552390846670955810476854003927693724601910983520974746135466350553275707551975359771476986234036781579205956308231,6931424687911299290264076637858929181475789430051569225803138750204014252994263553140110663350354984052535137577193837360323767823575715063617096117219747655768342528,0.0008217971655399115,0.1671695632386676
100,134721281611005740329114150825805867743735812099396592536687922449270486584803659898380149891148457829870039547905394402046719803401277559223072735229492326317317807,166354192509871182966337839308614300355418946321237661419275330004896342071862325275362655920408519617260843301852652096647770427765817161526810306813273943738440220672,0.0008098460253895411,0.1663597172132781
101,12746967545975576330567654517642274618373809840102110670763560651739775337065942805638358947242086879334221341740078626469252568364927712743474689983610464117440342411,15970002480947633564768432573626972834120218846838815496250431680470048838898783226434814968359217883257040956977854601278185961065518447506573789454074298598890261184512,0.0007981819389936121,0.1655615352742844
102,301562964966185586134910025690889792238943908648786343761967222189260922437861096764558295954601951903706403721470043944914441787244857828689684019002333877914883449177,383280059542743205554442381767047348018885252324131571910010360331281172133570797434435559240621229198168982967468510430676463065572442740157770946897783166373366268428288,0.0007867953405297242,0.1647747399337547
103,14270474578215547509098445375620466087079088591857054861987416215800692932342970373684910389709631148380223788818514354995727375417020074472311439587438055093354391335003,18397442858051673866613234324818272704906492111558315451680497295901496262411398276852906843549819001512111182438488500672470227147477251527573005451093591985921580884557824,0.0007756770703581801,0.1639990628633965
104,337696847205363909859939769677081144749065982326344784107665149829952928743718027308098188985969233063448022993549939271962104241747941921593055357341145133620190181017831,441538628593240172798717623795638544917755810677399570840331935101635910297873558644469764245195656036290668378523724016139285451539454036661752130826246207662117941229387776,0.0007648183541296934,0.1632342445092669
105,63938533413714675275286553909700601380534575216349304279365697306169167352980219614832205165614018484531682789757219789960200503001331877399543769909596165252549952653833151,84775416689902113177353783768762600624209115650060717601343731539514094777191723259738194735077565958967808328676555011098742806695575175039056409118639271871126644716042452992,0.0007542107831518404,0.162480033726115
106,1513437112571906472429645568512763056430817463087876922494323248657778367775454785471703655813650290634259333291540903050693626026167578310044877680172807410269278961285132137,2034610000557650716256490810450302414981018775601457222432249556948338274652601358233716673641861583015227399888237320266369827360693804200937353818847342524907039473185018871808,0.0007438462959275242,0.1617361874301875
107,71655757099910013923846312592955169164257429152466077228822240657958549946745366353948888708084264898431650585092767046108873993420448238920414046873382241662720826827965234853,97661280026767234380311558901614515919088901228869946676747978733520237183324865195218400334809355984730915194635391372785751713313302601644992983304672441195537894712880905846784,0.0007337171607854253,0.1610024702694021
108,1696531034672683674880304502705597522564648997467792142139674031116958569999315129889633295265455184294992404908382563744742819475731602102967157340522753376680064919735687923701,2343870720642413625127477413638748382058133629492878720241951489604485692399796764685241608035424543633541964671249392946858041119519262439479831599312138588692909473109141740322816,0.000723815959528559,0.1602786543098735
109,160688779954234009233547100344240124197708122933679015689970289124033406818301673398154621464069973794101946570797610298382754835481569935838705305683666234538273269543154619204003,225011589181671708012237831709319844677580828431316357143227343002030626470380489409783194371400756188820028608439941722898371947473849194190063833533965304514519309418477607070990336,0.0007141355720326733,0.1595645187378408
110,3805409470283768857474722052650057341711841092072575598890400354536767338471609051993916478315294749400627650161288521705022575689080788032736406627390842510574745248164543367190601,5400278140360120992293707961023676272261939882351592571437456232048735035289131745834796664913618148531680686602558601349560926739372380660561532004815167308348463426043462569703768064,0.0007046691617313627,0.1588598495761095
111,180259598210502009370413239688558141829219952931023946974545106519795157289529134938687350041528627655202244465430868548678070604632221515256079064864710721474166347087278816950535559,259213350737285807630097982129136461068573114352876443428997899138339281693878323800070239915853671129520672956922812864778924483489874271706953536231128030800726244450086203345780867072,0.0006954101619294916,0.15816443941418
112,4269880076401277069484674629761078790160444914343422395463654186668173095768620099447949227203192204534543341798127385903713992779986101427407685679206828380075204833745619931242261963,6221120417694859383122351571099275065645754744469034642295949579320142760653079771201685757980488107108496150966147508754694187603756982520966884869547072739217429866802068880298740809728,0.0006863522628908404,0.1574780871512891
113,1618461364582496306739935187928595374450515858233298666911687351497216271889512586089573681908041253016008917015992375608990347541794081226479061904198391238137226417388376391311258434641,2388910240394826003118983003302121625207969821876109302641644638458934820090782632141447331064507433129662521971000643361802568039842681288051283789906075931859493068851994450034716470935552,0.0006774893996498613,0.1568005977516393
114,38345778514086138170002910837738413053225314905058210973045735520113085596681061375599512075723200678590655627459690622338605137711564848539084492866854600948684096405288656316368682206527,57333845769475824074855592079250919004991275725026623263399471323014435682178783171394735945548178395111900527304015440683261632956224350913230810957745822364627833652447866800833195302453248,0.0006688157405010704,0.1561317820111382
115,1817232502678025674028242151573277971294663104171256721438872950307369415595509196223164916885231943241382270395648990299393968698525601513013395346734464914135490396790771227338184362735623,2752024596934839555593068419804044112239581234801277916643174623504692912744581592226947325386312562965371225310592741152796558381898768843835078925971799473502136015317497606439993374517755904,0.0006603256761229641,0.1554714563350152
116,43064592977398364161825906830248382255621847010887421373907135580516218512639685331775164155413056206940403056776645140541186827832169155911267983174939079861660181341814225322666150586072511,66048590326436149334233642075297058693749949635230669999436190964112629905869958213446735809271501511168909407454225787667117401165570452252041894223323187364051264367619942554559840988426141696,0.0006520138092964208,0.1548194425257188
117,4082595117664968295079271666192480146514132197748043733160011303909827236546307498169972526226578437470570746189964500331381389165740817575030237367327832544755117413692090660511198714350893343,6340664671337870336086429639228517634599995164982144319945874332554812470963515988490886637690064145072215303115605675616043270511894763416196021845439025986948921379291514485237744734888909602816,0.0006438749451803997,0.1541755675805384
118,96769309147119998170166713248766363084056759644404705577672338083459105886883074099592917703941776795566345762921871301356573771923307226170177251902535559935709557114110238673749179719594804421,152175952112108888066074311341484423230399883959571463678700983981315499303124383723781279304561539481733167274774536214785038492285474321988704524290536623686774113102996347645705873637333830467584,0.0006359040821103554,0.153539663498428
119,4587896070122457913823544108575964232556658342572752730164155800339483432278786865264963456900823454311255045430411088856718733210610805803199937605785965768724576210176849974979846047371571801879,7304445701381226627171566944391252315059194430059430256577647231103143966549970418741501406618953895123192029189177738309681847629702767455457817165945757936965157428943824686993881934592023862444032,0.0006280964028872053,0.1529115670955409
120,108768560853989187154078485742433496361355089102385729684820492501502947367958787431532453705733694325115655625170614123408570164952174886818851091191641100747554154446397595972979059665263503348643,175306696833149439052117606665390055561420666321426326157863533546475455197199290049796033758854893482956608700540265719432364343112866418930987611982698190487163778294651792487853166430208572698656768,0.0006204472665269095,0.1522911198290139
121,20631288110636909072746733320325529635989722367492355597560107560752794596430265622573746809945626550230508551506046873502585215262397163292659558404197809100295078215775012265111937878360779614033233,33658885791964692298006580479754890667792767933713854622309798440923287397862263689560838481700139548727668870503731018131013953877670352434749621500678052573535445432573144157667807954600045958142099456,0.0006129522004427779,0.1516781676285712
122,489217277939411035383832861482644328204763657069258058561899739647581962857419348281795306764525947625067139540319925928804521130845261519099245592465870476475123086486280823446891750343377886305559031,807813259007152615152157931514117376027026430409132510935435162582158897548694328549460123560803349169464052892089544435144334893064088458433990916016273261764850690381755459784027390910401102995410386944,0.0006056068930345192,0.1510725607355367
123,23203260464109824012119683331360360392607674657784347282066679096024842840688332613306445197848729342482616085509411826517359804564474877169217914767370222395150418601903120489730429102296347452964597283,38775036432343325527303580712677634049297268659638360524900887803943627082337327770374085930918560760134274538820298132886928074867076246004831563968781116564712833138324262069633314763699252943779698573312,0.0005984071866598002,0.1504741535488768
124,550309962502263370867064767587196238999811954897945703406499099535353984579511897615052827421295676347149170934245494582997236074132651256019557440775408982095016422038993536220131580661516975849115360931,930600874376239812655285937104263217183134447831320652597621307294647049976095866488978062342045458243222588931687155189286273796809829904115957535250746797553107995319782289671199554328782070650712765759488,0.0005913490709657063,0.1498828044779111
125,52211504391970101027312993379576367243637668435676982719545425931452787737120826216578091367816819459823507403086898690123395396621934471723000973369486571959336396952624175220355287161265544716169611079417,89337683940119022014907449962009268849580906991806782649371645500286116797705203182941893984836363991349368537441966898171482284493743670795131923384071692565098367550699099808435157215563078782468425512910848,0.0005844286765590012,0.1492983758013521
126,1238525338991293615385660103288718838578806511327619774917825213859121134193435717737973686309805529257618257443203706441510458811365424638411729677620051320383626882808085253646443577959214299794137272678139,2144104414562856528357778799088222452389941767803362783584919492006866803144924876390605455636072735792384844898607205556115574827849848099083166161217720621562360821216778395402443773173513890779242212309860352,0.0005776422689954706,0.1487207335323567
127,58764197972202906583114253418372997182870006940295275321429838166725365039518913337127309793800646189613093226206580232514356192523125374937096743665406565645505182069074020215059989419282503025235599270616957,102917011899017113361173382356234677714717204854561413612076135616329606550956394066749061870531491318034472555133145866693547591736792708755991975738450589834993319418405362979317301112328666757403626190873296896,0.0005709862430699284,0.1481497472892867
128,1394213756805038782842318709867546865894117172169456725102156691374739047815628720556279835351510438979337237773372082429824891858613935569073472901705314056338361327519058001320423600740233480322871668279994585,2470008285576410720668161176549632265153212916509473926689827254791910557222953457601977484892755791632827341323195500800645142201683025010143807417722814156039839666041728711503615226695888002177687028580959125504,0.0005644571173896608,0.1475852901718971
129,4234419919688002992954316596099054870480164440475303161586055930641924178132184460276984438316579075711753245691624613481554955116448252940428384516246019080169286670083693541760186556919004885662760974410536182749,7587865453290733733892591134360470318550670079517103902791149326720749231788913021753274833590545791896045592544856578459581876843570252831161776387244485087354387454080190601739105976409767942689854551800706433548288,0.0005580515292151897,0.1470272386426819
130,100481469876474777117661449517602589756336010657430971976571697103344904283976431880349459900815053054699506420363547423854547300928978160134276278581152852587814138734478090654523503903214770309793339054447011048867,182108770878977609613422187224651287645216081908410493666987583841297981562933912522078596006173099005505094221076557883029965044245686067947882633293867642096505298897924574441738543433834430624556509243216954405158912,0.0005517662295532753,0.1464754724131286
131,4769193382434543298010415774644920486618976675243988760033952329073599414630669064316694531081678050626165947651208464913189856499897850565863870549638881028634729523991860032403331526132451643575086923718483021394323,8741221002190925261444264986783261806970371931603703696015404024382303115020827801059772608296308752264244522611674778385438322123792931261498366398105646820632254347100379573203450084824052669978712443674413811447627776,0.0005455980784880258,0.1459298743346406
132,113190568811908534618833119040569253809132474496242878070062884981225454315968803950213104944983764196096921783460258111783470447691289742756289914290223885572968663105308062714992806439738601297955047796635927279872251,209789304052582206274662359682798283367288926358488888704369696585175274760499867225434542599111410054341868542680194681250519730971030350275960793554535523695174104330409109756882802035777264079489098648185931474743066624,0.0005395440407368819,0.1453903302939037
133,10746606767187996124874229496732331120096826067877824408823986888971810684150250764572408344138377049283028262093861297597167690606218740669610760060770191780567206872558842955108563418385588010504312956478900474051961231,20139773189047891802367586529548635203259736930414933315619490872176826377007987253641716089514695365216819380097298689400049894173218913626492236181235410274736714015719274536660748995434617351630953470225849421575334395904,0.0005336011814190665,0.1448567291124846
134,255098420878117151547713102438113736487018657814347144437749520744473033013011311128011553633321848741623055895416096182767577289831351151417538684960106404752916299439032059967765414510888541565226860528348685050056925477,483354556537149403256822076709167244878233686329958399574867780932243833048191694087401186148352688765203665122335168545601197460157253927035813668349649846593681136377262588879857975890430816439142883285420386117808025501696,0.0005277666620248586,0.1443289624504598
135,12111807295572383256821853279703090972326337439484622922492277419522071862243126074576502184805528172359105468351009556017612040068836825646491286856238077639159505566955324688750657020130596569296409005012741134837955611247,23201018713783171356327459682040027754155216943838003179593653484747703986313201316195256935120929060729775925872088090188857478087548188497719056080783192636496694546108604266233182842740679189078858397700178533654785224081408,0.0005220377365747758,0.143806924713885
136,287550687081612603241305255885254103008679159691148668358867770837826145564131784348104930348023328992417240314096589632138077691128254828264743417925395787670253834347744271479022769690001649563192588874838685595453670935275,556824449130796112551859032368960666099725206652112076310247683633944895671516831588686166442902297457514622220930114164532579474101156523945257345938796623275920669106606502389596388225776300537892601544804284807714845377953792,0.000516411747958409,0.1432905129659266
137,54618985883845978236296238749990238823740669916500002885918978281760508856617087238934940700891960197500418815553773295421281832006709771693193753040054001793667591316299559488828786569387806501579538099342391706811612658160087,106910294233112853609956934214840447891147239677205518651567555257717419968931231665027743957037241111842807466418581919590255259027422052597489410420248951668976768468468448458802506539349049703275379496602422683081250312567128064,0.000510886124443282,0.1427796268414833
138,1296928889702447257122370767825369069503828565893667423270447249608404930591116400665542239788828594604903192063072453724757666289468804455548009722374665845747877884328374917588125557284789291771861818495835124895584357959040177,2565847061594708486638966421156170749387533752252932447637621326185218079254349559960665854968893786684227379194045966070166126216658129262339745850085974840055442443243242763011260156944377192878609107918458144393950007501611073536,0.0005054583763446869,0.1422741684651386
139,61595859156521167640826369876493373884529603764097513705099714286388643272352541527287426230959263041877621318460964903159021831882186302178031051893744642104720445718102404281100355806400757356595005743356068059335853145889689597,123160658956546007358670388215496195970601620108140757486605823656890467804208778878111961038506901760842914201314206371367974058399590204592307800804126792322661237275675652624540487533330105258173237180085990930909600360077331529728,0.0005001260928479901,0.1417740423722906
140,1462814436316774578703313911648478603049929981719482313942873643417216067945880491546876003638281869529700165429586967676816658078353666673560969326602758055468261707520831983693811494910613553855551728015028453378983004271347412525,2955855814957104176608089317171908703294438882595378179678539767765371227301010693074687064924165642260229940831540952912831377401590164910215387219299043015743869694616215662988971700799922526196157692322063782341830408641855956713472,0.0004948869389754057,0.1412791554333152
141,138969297058765926462198848723470382850135833980102639754307688707895541091793339519527855030091258446635591749148070335957785655487665380871130123512173823830750590345836298733359886965467541373456423585637928214107505391107598001955,283762158235882000954376574448503235516266132729156305249139817705475637820897026535169958232719901656982074319827931479631812230552655831380677173052708129511411490683156703646941283276792562514831138462918123104815719229618171844493312,0.0004897386526897127,0.1407894167806255
142,3300805705101403713124036868028654797873267068764456446856659794642163322419508016196471043920375885431868878558873122450199212091438113040134148345654120906249279029379368829761255176028523701171159274300187437894487397887315141428073,6810291797661168022905037786764077652390387185499751325979355624931415307701528636844078997585277639767569783675870355511163493533263739953136252153264995108273875776395760887526590798643021500355947323110034954515577261510836124267839488,0.0004846790421278258,0.1403047377384977
143,156813010609189538176231044393652060639606184431638948272239507987476560886335744387771172134775964614728865780170691640714495319140393841399477577214933891852264515795789570938734035343126056780379984017561631431854679748149805592247959,326894006287736065099441813764675727314738584903988063647009069996707934769673374568515791884093326708843349616441777064535847689596659517750540103356719765197146037266996522601276358334865032017085471509281677816747708552520133964856295424,0.0004797059829575487,0.1398250317555401
144,3725159215747106661538365026480006324684380250705198432988972328651720026631946468002176580390887422181627328016435191809508614857190337898109933177856500412948229398295837529308610697945160989250205054360326126840293954619426814944826811,7845456150905665562386603530352217455553726037695713527528217679920990434472160989644379005218239841012240390794602649548860344550319828426012962480561274364731504894407916542430632600036760768410051316222760267601945005260483215156551090176,0.0004748174158512225,0.1393502143396889
145,1415982101887527518179915984335590890529477110393421621925975249336040021402742027276090449044617301415795510894335848062201506094224128538325420010606750369951052930785373649667454364609480054233405633571030909060000750944231894023375252399,3012655161947775575956455755655251502932630798475153994570835589089660326837309820023441538003804098948700310065127417426762372307322814115588977592535529356056897879452639952293362918414116135069459705429539942759146882020025554620115618627584,0.0004700113440703419,0.1388802029956186
146,33641898264286527268685974995352003278728776164790281557881546993117981387118418769198544187522620997890391052463949387469953601818768170196066866999177033202657013160691674207138127869759845395732429591472122539531800793446507623917621275873,72303723886746613822954938135726036070383139163403695869700054138151847844095435680562596912091298374768807441563058018242296935375747538774135462220852704545365549106863358855040710041938787241667032930308958626219525168480613310882774847062016,0.0004652858311555533,0.138414917164463
147,1598683918784841626308114593324381017331745195331518176378103652355816077374341404061969827755376830908463740495674401037676341391084931114855494705911074063189540237622489836698365261332853839311981502322165520576344544321649091869649950510537,3470578746563837463501837030514849731378390679843377401745602598631288696516580912667004651780382321988902757195026784875630252898035881861158502186600929818177546357129441225041954082013061787600017580654830014058537208087069438922373192658976768,0.0004606389987167622,0.1379542781657463
148,37987763106371215164030806335482279303806298247469846955397633076930414450351283660138298112016698605553164634786336798084042063732189900926060314020453931467790966731410175545355323998862340824695593391804810125733382405638968934049321561855601,83293889917532099124044088732356393553081376316241057641894462367150928716397941904008111642729175727733666172680642837015126069552861164667804052478422315636261112571106589401006897968313482902400421935715920337404892994089666534136956623815442432,0.0004560690243183776,0.1374982091414279
149,3610883199491399210651726130372372506017767892977205489275130936745463596548431001606255761884615093971957723124240083336007871524113135239162827597011639703198042205087580956652147015400896316837983854757507029887845241453501634771276791465358313,7996213432083081515908232518306213781095812126359141533621868387246489156774202422784778717702000869862431952577341712353452102677074671808109189037928542301081066806826232582496662204958094358630440505828728352390869727432607987277147835886282473472,0.0004515741394549962,0.1370466350019729
150,85812668330665295979019424357450012255676385229457145659608178637578768188887155163145661773604700125288005420555091730182588166702332025312070069938812393279811521739112053000195830976649839514968458145133106879329977846019363635732951390752850163,191909122369993956381797580439349130746299491032619396806924841293915739762580858146834689224848020876698366861856201096482850464249792123394620536910285015225945603363829581979919892918994264607130572139889480457380873458382591694651548061270779363328,0.0004471526276130924,0.1365994823743598
151,4078939249561332552049681642082003458554618844556155159668995743810209425150655705184343146838603885419160186688123630313175239524483994317296104354282891788644139240111330189746315078482025598135490463930982503817787579754589585831590222175053748065,9211637873759709906326283861088758275822375569565731046732392382107955508603881191048065082792705002081521609369097652631176822283990021922941785771693680730845388961463819935036154860111724701142267462714695061954281926002364401343274306940997409439744,0.0004428028224145249,0.1361566795519453
152,96948385206122928463109335944996961263550844692129385217775767943625088596185188195193633201517642011100834479017945958082172374495953194445969802280610704786591329337609504859138534658627970206310074092274394710692612195329854286143884873910576939029,221079308970233037751830812666130198619737013669577545121577417170590932206493148585153561987024920049956518624858343663148243734815760526150602858520648337540289335075131678440867716642681392827414419105152681486902766224056745632238583366583937826553856,0.0004385231058378984,0.1357181564461074
153,18435336224576247950853060082281322581221210049138273949422475664313356153188794711811906597306726113930669337485978690208071745728056793218475140936790705023284352217937524030589915036140724818398726049832011310644755872210225033738525294640549125728931,42447227322284743248351516031896998134989506624558888663342864096753458983646684528349483901508784649591651575972801983324462797084626021020915748835964480807735552334425282260646601595394827422863568468189314845485331115018895161389808006384116062698340352,0.0004343119065140379,0.1352838445395933
154,438226225622796760139495572533537609855267435627142171335595567074526807423234814087047074138096706853170300892077474366177490630572816920817555852393976527154072892008488543199286189702151115165236408202638702230041487411118971596560416118565502662964821,1018733455734833837960436384765527955239748158989413327920228738322083015607520428680387613636210831590199637823347247599787107130031024504501977972063147539385653256026206774255518438289475858148725643236543556291647946760453483873355392153218785504760168448,0.0004301676980920343,0.1348536768415013
155,20835413618376290468440731577675382347525436182158447900093478396787198110581184544895885377915477771869691461480345446691494989506054415925760530456159282557966682828702711273188639804067360398331502985082051979775343001773192630554136710774229333561622409,48899205875272024222100946468745341851507911631491839740170979439459984749160980576658605454538119916329582615520667884789781142241489176216094942659031081890511356289257925164264885037894841191138830875354090701999101444501767225921058823354501704228488085504,0.0004260889976725084,0.1344275878438288
156,495338429635706886271444996537844334213770044301892248219549223607563577736412044366106565245010233205104071537942977219523783253870455469318940279245612977486502084389596170793485980925016547312658037841484556189812527574411798114462477769715452396945942249,1173580941006528581330422715249888204436189879155804153764103506547039633979863533839806530908914877991909982772496029234954747413795740229186278623816745965372272550942190203942357240909476188587331941008498176847978434668042413422105411760508040901483714052096,0.0004220743643049256,0.1340055134795239
157,47107245769717180862298409241006941665030550797023486618701415081386044481836819495073920090843002365614653946094031072066718854875404654113844916718322896579070706831643182304060921521626159951107683309281691184360177133609670446653119435650735020808250449731,112663770336626743807720580663989267625874228398957198761353936628515804862066899248621426967255828287223358346159618806555655751724391062001882747886407612675738164890450259578466295127309714104383866336815824977405929728132071688522119529008771926542436549001216,0.0004181223975459546,0.1335873910819779
158,1120053820305886645385444458008792979805384569657875643122972758843455592182541890540529244531930010297925951741704194064963405854638804108941700520686163382882192578099710560258679113679516326057855065811747470176238221471247568544365058385915182923509771350041,2703930488079041851385293935935742423020981481574972770272494479084379316689605581966914247214139878893360600307830851357335738041385385488045185949273782704217715957370806229883191083055433138505212792083579799457742313475169720524530868696210526237018477176029184,0.0004142317360760293,0.1331731593459019
159,53265404575800691489152373594142583720461045223479764789518497206768220870959232671985153869318199835282811750747229998161833242676092708239218150623054190137858706146624458495280744103470567729302409308979434428934685433123998691857109129466675990211570416812479,129788663427794008866494108924915636305007111115598692973079734996050207201101067934411883866278714186881308814775880865152115425986498503426168925565141569802450365953798699034393171986660790648250214020011830373971631046808146585177481697418105259376886904449400832,0.0004104010563714149,0.1327627582895305
160,1266620248600430098466610544113633535478026074450053975329501070706655769178247994324342582673846361714850976535851371262722857306974678224387398646800181919496589021967622750984851740170718090303547630503462908115541569528444478213046956335597307883923796230220115,3114927922267056212795858614197975271320170666774368631353913639905204972826425630425885212790689140485151411554621140763650770223675964082228054213563397675258808782891168776825436127679858975558005136480283928975319145123395518044259560738034526225045285706785619968,0.0004066290714292288,0.1323561292181012
161,963878183700903131175159961137257427709929097517610522601767891073292732041829155804872280115452569466401014414209912883403306128748161270577497344907184067386346694040223222644002405030374341295072629774722028283667758828576030166476650226524882933317373202297820147,2392264644301099171427219415704045008373891072082715108879805675447197419130694884167079843423249259892596284073949036106483791531783140415151145636016689414598765145260417620601934946058131693228547944816858057453045103454767757857991342646810516140834779422811356135424,0.0004029145295429889,0.1319532146885583
162,22923036544315767597592905675962912327637335651075265283032586797681218595173273321069964951582196637462022504824220892344175734476535888022230817124046232394619084426660989543477467364658603664994452757363440917455444564076867822908153483974442283870263150995188760621,57414351463226380114253265976897080200973385729985162613115336210732738059136677220009916242157982237422310817774776866555610996762795369963627495264400545950370363486250022894446438705395160637485150675604593378873082482914426188591792223523452387380034706147472547250176,0.0003992562131263969,0.1315539584754319
163,1090375527161198142370475579015917710582955809950122138883077031182263058351850461142938882941439565030127844212306218520212597571320909356594767408402096173364104479964111465003102060134720679574122884847598385288538264936698397671081720827139090405667171138847663672109,2755888870234866245484156766891059849646722515039287805429536138115171426838560506560475979623583147396270919253189289594669327844614177758254119772691226205617777447340001098933429057858967710599287232429020482185907959179892457052406026729125714594241665895078682268008448,0.0003956529375831735,0.1311583055378487
164,25934251440799221259319667857173882065323183772789840188843552069655557207883586732097859913845390141361605448157256740168370394838140176127020049927381632252376654268533862700077470070948253111696582079947083269643446731792204260564205330768177325230129885464646721874213,66141332885636789891619762405385436391521340360942907330308867314764114244125452157451423510965995537510502062076542950272063868270740266198098874544589428934826658736160026374402297388615225054382893578296491572461791020317418969257744641499017150261799981481888374432202752,0.0003921035502208799,0.1307662019876278
165,2467486105567616272855260734466629894896443869567650475521676737769996185945542181296247079114852204562593841819779960087911896094814853696348439456293310921796376092079160323913281370926558166240225090539480592418726301221256771385848534593519725017007310383599103786172809,6349567957021131829595497190917001893586048674650519103709651262217354967436043407115336657052735571601008197959348123226118131353991065555017491956280585177743359238671362531942620549307061605220757783516463190956331937950472221048743485583905646425132798222261283945491464192,0.000388606929206759,0.130377595058421
166,58694692385985941125407737989586803103765171374081959713104708913537633170049943433548156005678734565808434288401884203681856488139578477151904857864672456333209917616146651778666069856409944502367584500878819611793070896229947792466967503301102484416266015122665878450211523,152389630968507163910291932582008045446065168191612458489031630293216519218465041770768079769265653718424196751024354957426835152495785573320419806950734044265840621728112700766622893183369478525298186804395116582951966510811333305169843654013735514203187157334270814691795140608,0.0003851619825637335,0.1299924330758573
167,2792516681916139722453729445644230900661632448036257800176617748545751896340163543002671144203807833337943007576858572481950904934758868995560253707002529451913403462367753903304872440469830358687346756715196338707067139428006513097347585970531018796940117183136993657145197017,7314702286488343867694012763936386181411128073197398007473518254074392922486322004996867828924751378484361444049169037956488087319797707519380150733635234124760349842949409636797898872801734969214312966610965595981694392518943998648152495392659304681752983552044999105206166749184,0.0003817676472047882,0.1296106654286525
168,66433218339426365379729235129205242721336486877091663988083711637736733107586594380624965033875162169041251554381381444662474588776977561939441711013549136620005366494716749800563816612494131884819974874023902482379553045950125250579435546783580501742100594295523360192474324829,175552854875720252824656306334473268353867073756737552179364438097785430139671728119924827894194033083624674657180056910955714095675144980465123617607245618994248396230785831283149572947241639261143511198663174303560665420454655967555659889423823312362071605249079978524948001980416,0.0003784228880040525,0.1292322425406485
169,12644076015632206567926991071829541561213771444215714682455488443900228058731916519144608294333745703659457121987796986809508700975013081399887952543975263589395641640371882776987506349148747069587578033326898204671391802817210187252247763048617006190528094424592296081231865150749,33706148136138288542334010816218867523942478161293610018437972114774802586816971799025566955685254352055937534178570926903497106369627836249303734580591158846895692076310879606364718005870394738139554150143329466283647760727293945770686698769374075973517748207823355876790016380239872,0.0003751266969029834,0.1288571158437455
170,300829873421425170476801312776065822047465328128644187269082293847735139835501647877654022591080270866015460612642068098655178904006775081400649658157725003990199103070698670394803602265715598537290698733561409891071152143698732253329168220648768534480791610237953308215437207195163,808947555267318925016016259589252820574619475871046640442511330754595262083607323176613606936446104449342500820285702245683930552871068069983289629934187812325496609831461110552753232140889473715349299603439907190807546257455054698496480770464977823364425956987760541042960393125756928,0.0003718780920501269,0.1284852377516953
171,14315502888516711088449361610692539250460072285250685171885677528025048642942871951736488001757860312151354592973168947285590661765109015772691867654848845707607637671746002718084755929058319039861821284556094706516882178451238369867446942955236532309048777463133735144184072034428527,38829482652831308400768780460284135387581734841810238741240543876220572580013151512477453132949413013568440039373713707792828666537811267359197902236841014991623837271910133306532155142762694738336766380965115545158762220357842625527831076982318935521492445935412505970062098870036332544,0.0003686761169730103,0.1281165616347223
172,340630710672811128589510496430439641149930624352215089830277961108653622615204067417370878936050888053385763766425738869029931705003335888958533428282102188322290757775562686327708242906472355361585647361535514629413069174706706320900628491319846986465107802961346845746826155213926559,931907583667951401618450731046819249301961636203445729789773053029293741920315636299458875190785912325642560944969128987027887996907470416620749653684184359798972094525843199356771723426304673720082393143162773083810293288588223012667945847575654452515818702449900143281490372880871981056,0.0003655198397807883,0.1277510417949416
173,32422184830343941485559063540944346088932919087687001595397108886938027751571761442711026985854848069439405689480693523893725432918155089351939501068575917673568666862148576447784656932848337412138130586934143983064631304451214990785440090169871095475362099578555394434215677587536086009,89463128032123334555371270180494647932988317075530790059818213090812199224350301084748052018315447583261685850717036382754677247703117159995591966753681698540701321074480947138250085448925248677127909741743626216045788155704469409216122801367262827441518595435190413755023075796563710181376,0.0003624083523963322,0.1273886334425452
174,771545983134160898855024793698207533828906064420907704890015931741038223325240143716734131465878893157631343580740428373674938987547198985325964527535752191722884164541989006631201944298427242017017122135152274441708354349523872598790097811198300489191192515036733616692836806591391497163,2147115072770960029328910484331871550391719609812738961435637114179492781384407226033953248439570741998280460417208873186112253944874811839894207202088360764976831705787542731318002050774205968251069833801847029185098915736907265821186947232814307858596446290444569930120553819117529044353024,0.0003593407698165157,0.1270292926727287
175,36722493447196615452469873621445618231430371700952771412544024273128592904316412238216107210469748897874027015022183758593617901424279954976240202467217257361127372597765605065122524783184186945346058587814561066991382219481092386151774184668835733374927515585156721571527214774122715397573,103061523493006081407787703247929834418802541271011470148910581480615653506451546849629755925099395615917462100026025912933388189353990968314921945700241316718887921877802051103264098437161886476051352022488657400884747955371548759416973467175086777212629421941339356645786583317641394128945152,0.0003563162293995068,0.1266729764433292
176,873963096562768638067583659646482501260432743549008599407687696968822911265999012767718201788120982524061871337690998273740554121748873470983701216492135202917906333376500861052057322807693611015554759403661553769070124624405808203382401513206730270188506074854376287866794834459080386809489,2473476563832145953786904877950316026051260990504275283573853955534775684154837124391114142202385494782019090400624621910401316544495783239558126696805791601253310125067249226478338362491885275425232448539727777621233950928917170226007363212202082653103106126592144559498877999623393459094683648,0.0003533338901779371,0.1263196425531513
177,332808463073809527799784754555937606162968159192473517576820592452001897716509535489247769181778597232529386425717279712488483594864347336202898195518452746287107533693140089321664643889355331274003438640802269180539049364209486639879178728275808847135315190039406967521432008173352509080938591,949815000511544046254171473132921354003684220353641708892359918925353862715457455766187830605716029996295330713839854813594105553086380763990320651573423974881271088025823702967681931196883945763289260239255466606553837156704193366786827473485599738791592752611383510847569151855383088292358520832,0.0003503929321968679,0.1259692496209544
178,7921287411280125648302761420107014570899314796590591738114561829050863546999526840779647424823396108155312849589942774978864227636994347195552723422641626464508912033080542280820721082660888427250422563398203295921178158442867950867323864225826083946588617073408433047289872367833188744029985105,22795560012277057110100115355190112496088421288487401013416638054208492705170978938388507934537184719911087937132156515526258533274073138335767695637762175397150506112619768871224366348725214698318942245742131198557292091760900640802883859363654393730998226062673204260341659644529194119016604499968,0.0003474925558755275,0.1256217570650789
179,377091792670444794295491178540218516528454899831149923388249112699192847568784534347814718879065313663473295293383895578743745384184266899674852998035956990608357424130782078086209664841865173199216723113402281410616359777036129716829215583533747643235445933945584995082039126819295869394167141225,1094186880589298741284805537049125399812244221847395248643998626602007649848206989042648380857784866555732220982343512745260409597155510640116849390612584419063224293405748905818769584738810305519309227795622297530750020404523230758538425249455410899087914851008313804496399662937401317712797015998464,0.0003446319813918383,0.125277125083687
180,8976108190730786365993753358482067640727196750327237813242782870460120881378573798768948847167075252187827440977905667212622300044029339106319776907229226785208994110469039775650980286421059114489974439563281783335133685171465862054268649189127381360937107384183654881198099301512836733919354994929,26260485134143169790835332889179009595493861324337485967455967038448183596356967737023561140586836797337573303576244305886249830331732255362804385374702026057517383041737973739650470033731447332463421467094935140738000489708557538204922205986929861578109956424199531307913591910497631625107128383963136,0.0003418104480888015,0.1249353146355982
181,854689834630985279551760838179540384453244568571547748395453004210521177451994263379204911506539509533518000141685833958731412956163042058231863946834913010934788825466898505307937825479514132447690979924539787649262672019383673536235464189690813098237613004948820262731547034918438707196987504209345,2521006572877744299920191957361184921167410687136398652875772835691025625250268902754261869496336332544407037143319453365079983711846296514829220995971394501521668772006845479006445123238218943916488460841113773510848047012021523667672531774745266711498555816723155005559704823407772636010284324860461056,0.000339027213901847,0.1245962874216964
182,20346432240101509833336027233552881414298270069947958818910868929365950441851470558582300489155841236244027088196765031296814715982374488602216216749679038161287533786851885025933923306936725473615510766919140665252638106290653614416156769440142381653456626159060392834220376477245651369387540097776283,60504157749065863198084606976668438108017856491273567669018548056584615006006453666102284867912071981065768891439666880761919609084311116355901303903313468036520050528164291496154682957717254653995723060186730564260353128288516568024140762593886401075965339601355720133432915761786543264246823796651065344,0.0003362815548062999,0.1242600058668901
183,968761879249931957342950844282596793531078237082039455547567735533531874412879606956314304567190712678049740754898676655496709844134994220637961534076241469465950229840514941444226930547269979307786181126417943887573007287319164880901683553191702053816766354655535432902426342277745279246065832111759401,2904199571955161433508061134880085029184857111581131248112890306716061520288309775972909673659779455091156906789104010276572141236046933585083262587359046465752962425351885991815424781970428223391794706888963067084496950157848795265158756604506547251646336300865074566404779956565754076683847542239251136512,0.0003335727642841512,0.1239264331026059
184,23064001971572132740083727321595013757019851598252999408505309251333999477361144271073616838202204134857087532811400006661884781213222494425166765918653077138579873242187979713954555393267700050871881867960944273503294466042007048345878143027074127528073657836617760368666583771507276191393485862257135197,69700789726923874404193467237122040700436570677947149954709367361185476486919434623349832167834706922187765762938496246637731389665126406041998302096617115178071098208445263803570194767290277361403072965335113610027926803788371086363810158508157134039512071220761789593714718957578097840412341013742027276288,0.0003309001528093593,0.1235955329497966
185,4392997178597251207683285977235499972613937695189026243399465614190060261201996576795027959020373069717906692224278422587158818796017099398242076032033350277446800001413394372698580728639803354909411671932421100755975729916954326252618098437271711037435521740809174600194129810699379882897186484257610984935,13382551627569383885605145709527431814483821570165852791304198533347611485488531447683167776224263729060051026484191279354444426815704269960063674002550486114189650856021490650285477395319733253389390009344341813125361946327367248581851550433566169735586317674386263601993226039854994785359169474638469237047296,0.0003282630473509432,0.1232672699024456
186,104596136332867283686987029826754210075542493813344111490789390941965876711618995159553195020119831175112404105549248490615083969844289104745995155851110189179503234849440453229144160433673651777228909612984303813107871404255427187847186154567220897784298997372750048072835833407011739512790149632173628651729,321181239061665213254523497028658363547611717683980466991300764800342675651724754744396026629382329497441224635620590704506666243576902479041528176061211666740551620544515775606851457487673598081345360224264203515008686711856813965964437210405588073654071624185270326447837424956519874848620067391323261689135104,0.0003256607908931609,0.1229416091115525
187,4981023705524619295205839895242813256184962858417893445836334379096812676119322926553388403495158976050278680108285183780731286473177263096344111413338372287206836177765696176452122553704214985165844574929107432632226227983648258237318039800064053977993563639477295364674231511419824910086872962136314049415589,15416699474959930236217127857375601450285362448831062415582436710416448431282788227731009278210351815877178782509788353816319979691691318993993352450938160003546477786136757229128869959408332707904577290764681768720416962169127070366292986099468227535395437960892975669496196397912953992733763234783516561078484992,0.0003230927419720988,0.1226185163695804
188,118606813871647155821870381267440878045881744976003519292085219615150873487755101949599610508752722794218161640667635297816030944043976715173688347756334889888101148846536339475746999551290235277353670742031571059139322323022724179816397772955597681296018854446648188250353465973859874754579775546869013052705253,370000787399038325669211068577014434806848698771945497973978481049994762350786917465544222677048443581052290780234920491591679512600591655855840458822515840085115466867282173499092879025799984989709854978352362449290007092059049688791031666387237460849490511061431416067908713549910895825610317634804397465883639808,0.0003205582742280278,0.1222979580953523
189,11297400724567351907840508022767024085282223652148672991039633359782200719560082233238051333910930724910456245407342167951379842248262522404427335531548640962593104339993100261440493363209866133109628344014701066875218467688545430875914210494575171468831312996311644564838009098386283785596868744563953137601510799,35520075590307679264244262583393385741457475082106767805501934180799497185675544076692245376996650583781019914902552367192801233209656798962160684046961520648171084819259088655912916386476798559012146077921826795131840680837668770123939039973174796241551089061897415942519236500791445999258590492941222156724829421568,0.0003180567759729109,0.1219799013193794
190,269032732206857904260055726410975152869851308716711094059993006937564198843272336710735208754671784557625275899848919453291328002039644585866880582368296672272874826280762904753448127505458852867925242087211538400251784708579058228746479558569063971159553044781256879291421470962045765610168151628780841894424751453,852481814167384302341862302001441257794979401970562427332046420339187932456213057840613889047919614010744477957661256812627229597031763175091856417127076495556106035662218127741909993275443165416291505870123843083164176340104050482974536959356195109797226137485537982620461676018994703982206171830589331761395906117632,0.0003155876497724719,0.121664313669607
191,12813837413609833242807002253346747289080708052123889478798938721876012001820337687503549524537971632291570396492778528416849508224458562891130694100949309187885766221003887194486955006985880225591870007605897886306159680579376346830171893274339740509685920530339511504546736203623786801508066835237124333918864645067,40919127080034446512409390496069180374159011294586996511938228176281020757898226776349466674300141472515734941967740327006107020657524632404409108022099671786693089711786470131611679677221271939981992281765944467991880464324994423182777774049097365270266854599305823165782160448911745791145896247868287924547003493646336,0.0003131503120422638,0.1213511633575647
192,305169146609343012157716333240136857708940268448534459489160879323852871681791924702789176705449457176003401490458763909508533198277620109826125421573757548911064702698183160611969312641372571128256097931463097550420358554646964250080036647175984488267098002630309145356861302526310105833268306626676863453981144242959,982059049920826716297825371905660328979816271070087916286517476230744498189557442632387200183203395340377638607225767848146568495780591177705818592530392122880634153082875283158680312253310526559567814762382667231805131143799866156386666577178336766486404510383339755978771850773881898987501509948838910189128083847512064,0.0003107441926571988,0.1210404191649075
193,465156566785616811650048621738784315568448794776312568641672856671117244928842928821727940375242784739739123502440377937720209949873080218719779886170597083104093071574914451504180772495208131618395758847174410725678737768596899731097878140751642181722423433658533840854417156937705107800756647241966655912915392840257977,1508442700678389836233459771247094265312997792363655039416090843490423549219160231883346739481400415242820052900698779414753129209518988048956137358126682300744654059135296434931732959621084968795496163475019776868052681436876594416209919862545925273323117327948809865183393562788682596844802319281416566050500736789778530304,0.000308368734574023,0.1207320504303335
194,11078850098663700276716639943191428423804758430451868217305715574538186426504141185631428595266475159157223249787738586967526048879126538848768257190194256627424663738817159748835244388467576070493253253714560619064935170043069647963433874324187883911660830246103906281362588584525990042693823781162100013385638184131875719,36202624816281356069603034509930262367511947016727720945986180243770165181259845565200321747553609965827681269616770705954075101028455713174947296595040375217871697419247114438361591030906039251091907923400474644833264354485038265989038076701102206559754815870771436764401445506928382324275255662753997585212017682954684727296,0.0003060233934662446,0.1204260270368672
195,527760655179990105022939873663219812990837229818427572768815485758760791464281390369771737262005571374219300929069195043309866598474301438639583585237518353805087900807517315283902628548588946415409080463867304469786911346294589435986175001917879517142314830191553285296664203369063670156194943459189656613862938337328927831,1737725991181505091340945656476652593640573456802930605407336651700967928700472587129615443882573278359728700941604993885795604849365874232397470236561938010457841476123861493041356369483489884052411580323222782951996689015281836767473827681652905914868231161797028964691269384332562351565212271812191884090176848781824866910208,0.0003037076373710438,0.1201223193994962
196,12570888306118679106044180089812122360302214429317194020222042660564792850850619627762222189356163681507659805607454895300895919215862373761604814989003081310124319215892956478453187861516153768952214775040168509987862779793706147559727930762161518365449331770846572543967296254816236562487506003032327023931502401807962815967,41705423788356122192182695755439662247373762963270334529776079640823230288811342091110770653181758680633488822598519853259094516384780981577539285677486512250988195426972675832992552867603757217257877927757346790847920536366764082419371864359669741956837547883128695152590465223981496437565094523492605218164244370763796805844992,0.0003014209463477119,0.1198208984531485
197,1197764338782229488097240418866933353089896220122741047195006942913140176078189983606699676805926428309310086229215465052715051439620733216034702311975884994264865140565770357690670634920189111278510626881822828837739861591228867305069805938194695447779335877568413234686208825092781342172680795002069479119336591812641753088051,4003720683682187730449538792522207575747881244473952114858503645519030107725888840746633982705448833340814926969457905912873073572938974231443771425038705176094866760989376879967285075289960692856756281064705291921400371491209351912259698978528295227856404596780354734648684661502223658006249074255290100943767459593324493361119232,0.000299162812147189,0.1195217356410013
198,28532057864681253183012996496056014872682290006043402933188642109102034579714180232252994376503714013600607951932342485469904805687218977260067529878688151976892634899666499143608196254188807516502097199909365384405230910682586905556375034244086860876123278892782198262411780285771690295161540704443372330896613144257912594902897,96089296408372505530788931020532981817949149867374850756604087492456722585421332177919215584930772000179558247266989741908953765750535381554650514200928924226276802263745045119214841806959056628562150745552927006113608915789024445894232775484679085468553710322728513631568431876053367792149977782126962422650419030239787840666861568,0.0002969327378922839,0.119224802903109
199,1359380216516014132174221459718665988063337886865471097524515100877071361316166565496851035202230427101686964463874327817224438950165589977761686610682500951104694779622464039634276357895224139094654321365938399702379770735011044717520420154879962913015200254279804975394198067793107267384152800801466014735117052845858644683573683,4612286227601880265477868688985583127261559193633992836316996199637922684100223944540122348076677056008618795868815507611629780756025698314623224681644588362861286508659762165722312406734034718170983235786540496293453227957873173402923173223264596102490578095490968654315284730050561654023198933542094196287220113451509816352009355264,0.0002947302377681821,0.1189300726653408
200,32384319461643959910960012505269278843139960733839642676750483360599366627635884222847495158158802395013700941282648726464537296839282093490014090927642785090681882607920077299687167577805318429538521894947066918500269822094968826726765375152380687324594365515404079238267921319778188740987100869682422117868366817786844122681850751,110694869462445126371468848535653995054277420647215828071607908791310144418405374668962936353840249344206851100851572182679114738144616759550957392359470120708670876207834291977335497761616833236103597658876971911042877470988956161670156157358350306459773874291783247703566833521213479696556774405010260710893282722836235592448224526336,0.0002925548367228602,0.1186375178286179
201,6172120709635092543581227866581059329557032133827930787813173481535221546681589241850044946093907191296253408430000897336815994857639191421598410770132462441948767227914029526837272441515064917460180313596235553516653860627244391796501713999492023587542353837226160437398250156672091199990865837508284072828624523971052035889351917731,21253414936789464263322018918845567050421264764265438989748718487931547728333831936440883779937327874087715411363501859074390029723766417833783819333018263176064808231904184059648415570230431981331890750504378606920232474429879583040669982212803258840276583864022383559084832036072988101738900685761970056491510282784557233750059109056512,0.0002904060701770429,0.1183471117584409
202,147048203986096915675837553832068934531864517506943503130630932909619268672231130364438963334698966338452921928822070282369722776132948244901460646951501860911139004582439517421576269495061237332334222055926729282873163563664153534720669996999183791397401828601755007744684418548207496510519059191621182989098208227334760765500993770437,510081958482947142319728454052293609210110354342370535753969243710357145480011966474581210718495868978105169872724044617785360713370394028010811663992438316225555397565700417431561973685530367551965378012105086566085579386317109992976079573107278212166638012736537205418035968865751714441733616458287281355796246786829373610001418617356288,0.0002882834837433541,0.1180588282746976
203,7006974634991205247973663710215876353077202323684558088417685602362287257790100661787964591900384927775798142549546960142027946273566577039346194728398771395010396837002165026037094213968692539316722072811025987490769694932894543298467004312493948251549352457934868860158412369790909998529765580570814716783860022332983568923853570046433,24483934007181462831346965794510093242085297008433785716190523698097142983040574390779898114487801710949048153890754141653697314241778913344518959871637039178826659083153620036714974736905457642494338144581044155172107810543221279662851819509149354183998624611353785860065726505556082293203213589997789505078219845767809933280068093633101824,0.000286186632954327,0.1177726416417432
204,166950118622189228881038423136685222964228597935938877586473321515822634817901598861158559399607090923291249504860350458100415468169554966506455442330074835275946615650154199443070580104168535615271271661129872216570551603676816302539252948915548082622701351934016736623307271576364714338369064936446805057828700441531988523683163828160401,587614416172355107952327179068242237810047128202410857188572568754331431592973785378717554747707241062777155693378099399688735541802693920268455036919288940291839817995686880881159393685730983419864115469945059724130587453037310711908443668219584500415966990672490860641577436133345975036877126159946948121877276298427438398721634247194443776,0.0002841150829989517,0.1174885265587443
205,15911756463577767069429794725463809014578000262528185979203390313182593730039678219588644892465323451805701080316668656423324635275055111577479503593364894558134803323278069437738275241196712528685175602012707697795366075072734365471823578263111291113430465154550700695716894743911298801692660574543069813482489850704245283273381953155675183,56410983952546090363423409190551254829764524307431442290102966600415817432925483396356885255779895142026606946564297542370118612013058616345771683544251738268016622527585940564591301793830174408306955085114725733516536395491581828343210592149080112039932831104559122621591433868801213603540204111354907019700218524649034086277276887730666602496,0.000282068408467454,0.1172064581502768
206,379144351323884368422941725715123304125468928873803587433533467384737758948850847628909077204395561850777226029862567992667763684854087976613611620473245126027861309518879835920902949112436627986886952228672436259914222895757050364938296734934586660167870917051661556760655623857219218812024890995047976109302624563427550016375842443250226381,1353863614861106168722161820573230115914348583378354614962471198409979618390211601512565246138717483408638566717543141016882846688313406792298520405062041718432398940662062573550191243051924185799366922042753417604396873491797963880237054211577922688958387946509418942918194412851229126484964898672517768472805244591576818070654645305535998459904,0.0002800461931040085,0.1169264119571728
207,18069077299906863721138144846687536714297581841322419522147107314498399205669076729898791704923572048534060444713698652660589453571386077276671342892266186555146165310997782355465015596157180572078548610915181698348664165092105750270893772913189557604339687097961341388496806641991537899817109528202738132783170986343717514202174944367358250259,64985453513333096098663767387515045563888732002161021518198617523679021682730156872603131814658439203614651202442070768810376641039043526030328979442978002484755149151779003530409179666492360918369612258052164045011049927606302266251378602155740289070002621432452109260073331816858998071278315136280852886694651740395687267391422974665727926075392,0.0002780480295671034,0.1166483639276057
208,430578308353379114224927667236059437172573466349494936894268841909361862928260525290296800186574410048014222703469726607512714936441411334463429699633374021450154025989325256449682407271770196068147858482768680656592521915718201041618684848737944471026069473737411211870966902544164291466561327942509590963651883212327613242343651192292613581703,1559650884319994306367930417300361093533329568051864516436766820568296520385523764942475163551802540886751628858609698451449039384937044624727895506631472059634123579642696084729820311995816662040870694193251937080265198262551254390033086451737766937680062914378850622241759963604615953710679563270740469280671641769496494417394151391977470225809408,0.0002760735191972854,0.1163722904084084
209,164173456747098167195986785410303334315324145253222598751485302680943889477980738328925280430200054515394530364348117202283012127802902747391594578761627308763265122214655292508715500323330856861293726607226473994955321476841512074463957415025992626742786354651683672605605540555724375974604548908132908009599655630847059793390706082397469826348911,598905939578877813645285280243338659916798554131915974311718459098225863828041125737910462803892175700512625481706124205356431123815825135895511874546485270899503454582795296536250999806393598223694346570208743838821836132819681685772705197467302504069144159121478638940835826024172526224900952295964340203777910439486653856279354134519348566710812672,0.0002741222717920232,0.1160981681366164
210,3912445119688995856966026909710051287548437208022555075846130313229233166973530184256653825741719332128531504826856917223815650741724809848686550025908094181033726625561244141730129147080612486522150149389000576042466959456407371106416676837330153178988447512400086266242818662579747488089752708071702417051174072204331137425162295757245866290909537,14373742549893067527486846725840127838003165299165983383481243018357420731872987017709851107293412216812303011560946980928554346971579803261492284989115646501588082909987087116870023995353446357368664317685009852131724067187672360458544924739215260097659459818915487334580059824580140629397622855103144164890669850547679692550704499228464365601059504128,0.0002721939053874387,0.115825974231229
211,186482437833044313256072352716716205466253116523960870424836111401570731918909190403387630952118918864210310925644389961220489529779538741473763316470712116718466739322380751308569743575685854178938498102953941697663791628152622548380692056748604037323600035109958584823982191015931828028341609987885879445039586805819382349510584312631033020422315433,689939642394867241319368642840326136224151934359967202407099664881156195129903376850072853150083786406990544554925455084570608654635830556551629679477551032076227979679380181609761151776965425153695887248880472902322755225008273302010156387482332484687654071307943392059842871579846750211085897044950919914752152826288625242433815962966289548850856198144,0.0002702880460466662,0.1155556861851823
212,4444386860142111768550755825077672286597084984192703694345006345813131785821273982879466665736794494714745062669106869859296713386978588073073419186320446195440113995895514403940905114368709433835425239405990146408446394728879590421709571777837557163957853692205012110902755796070601307101877256580584810891075028785985228620481529959376664195552401681,16558551417476813791664847428167827269379646424639212857770391957147748683117681044401748475602010873767773069318210922029694607711259933357239112307461224769829471512305124358634267642647170203688701293973131349655746125400198559248243753299575979632503697711390641409436228917916322005066061529078822077954051667830927005818411583111190949172420548755456,0.0002684043276546075,0.1152872818575277
213,423701366228544794285471861427158725195450072535123522781953853102077600751809110571752211038452355680129396110432997865493504486048060196275901125510207110892119385051542559958067721748120623756817886344241557236978099775155873585299817359546044699513275072255110393090301877820947857440447151642063369618178151256635160676141670883774971840281106226873,1589620936077774123999825353104111417860446056765364434345957627886183873579297380262567853657793043881706214654548248514850682340280953602294954781516277577903629265181291938428889693694128339554115324221420609566951628038419061687831400316759294044720354980293501575305877976119966912486341906791566919483588960111768992558567511978674331120552372680523776,0.0002665423917188612,0.1150207394658088
214,10098615880205791344725508928894185554665110973216640524569922417810759292631161206858231680017670826840638826253479213755047269179930220381769349608026058264338401618676817890805398696065958423830823650712485029736234422433636949654721200749730172769961046162897929764244372795754112533133109468383575142780951861008227890475427054412427036699971213101731,38150902465866578975995808474498674028650705362368746424302983069268412965903137126301628487787033053160949151709157964356416376166742886455078914756390661869687102364351006522293352648659080149298767781314094629606839072922057480507953607602223057073288519527044037807341071426879205899672205762997606067606135042682455821405620287488183946893256944332570624,0.0002647018871766133,0.1147560375786322
215,481401767081478918494522118809581916149950073958883885374994578067402540247307773916976147105388845343152322190222962274906838494779224071669758095781065632038829945686346416948136836787122720227700315511370034723154715511687017854159366285066994075221834942176141079834842883265731843835955371747522656934916004851369450061318286486198620692502036866775569,1831243318361595790847798806775936353375233857393699828366543187324883822363350582062478167413777586551725559282039582289107986056003658549843787908306751769744980913488848313070080927135635847166340853503076542221128275500258759064381773164906706739517848937298113814752371428490201883184265876623885091245094482048757879427469773799432829450876333327963389952,0.0002628824702072834,0.1144931551084249
216,11474591320807840189984699485494968102233582141822155406606291450149009120059867741889308817410635298471954859935414149447740475786340525050003922148783901262804488768035724385687808427932114228006599650045619067561600996274526393470098349437272488753070598923103592014057609120219348432045080656536721180788600477996076907316097876501019798671969051881752133,43949839640678298980347171362622472481005612577448795880797036495797211736720413969499476017930662077241413422768949974938591665344087805196250909799362042473879541923732359513681942251255260331992180484073837013307078612006210217545162555957760961748428374495154731554056914283764845196422381038973242189882267569170189106259274571186387906821031999871121358848,0.0002610838040507296,0.1142320713043742
217,2188116043881818695439417635108783787965763552608086483249355010092194010070754567663298841948768349250586447424400439625977987697110452120215241414349705033195241695128442136123714791188365129950310382807810573193517435484258553239002659505515600001567993288228884176900949689316225414100715849613998597074781395682340351046370132223502047981046859314826512683,8438369211010233404226656901623514716353077614870168809113031007193064653450319482143899395442687118830351377171638395188209599746064858597680174681477512154984872049356613026626932912241009983742498652942176706554959093505192361768671210743890104655698247903069708458378927542482850277713097159482862500457395373280676308401780717667786478109638143975255300898816,0.0002593055588308229,0.1139727657455434
218,52158723518397436044674756642424491589469374057089399649761236061963470691243925293519238744679545126421329394457364948954300702169193058639356530359087279329168912456488680828675620767355474829514539605182812936470783722967895856487747280646866287753952379836827682143100501337409923311754566108358294039400938495996078296286055910049019527023345922717885274701,202520861064245601701439765638964353192473862756884051418712744172633551682807667571453585490624490851928433052119321484517030393905556606344324192355460291719636929184558712639046389893784239609819967670612240957319018244124616682448109057853362511736757949673673003001094261019588406665114331827588700010977488958736231401642737224026875474631315455406127221571584,0.0002575474113842087,0.1137152183341592
219,2486720067862826213124454438738515908796415003526093520442072363601572855408140993136963515714593589907203562564774949539272999309358580029670550398343109973117751823620105517591561754101876260335244767923831701539130630093696164512145543039371601498034001235125625030048748189447472535827047409928918142107214718258039892981022265871337747690600028698753156003649,9721001331083788881669108750670288953238745412330434468098211720286410480774768043429772103549975560892564786501727431256817458907466717104527561233062094002542572600858818206674226714901643501271358448189387565951312875717981600757509234776961400563364381584336304144052524528940243519925487927724257600526919470019339107278851386753290022782303141859494106635436032,0.0002558090450940802,0.1134594092890651
220,59280256409493523921419235136767978321259441787305658330067769729630766202051036835552366594773420252883897094330639934638871907450863548111628637107438348900451420794703013970050822505891858401126920955894504532522511654154603819179007591941127264910666087315850124485410040704497140301467919005893824858408283505040969717900895828477659237328996827796510868552033,233304031946010933160058610016086934877729889895930427234357081286873851538594433042314530485199413461421554876041458350163619013779201210508661469593490256061021742420611636960181441157639444030512602756545301582831509017231558418180221634647073613520745158024071299457260588694565844478211710265382182412646067280464138574692433282078960546775275404627858559250464768,0.0002540901497287951,0.1132053191393363
221,5652835479396813710107059867917114804385652649801871363328217481003101712400526698596255150664367623162818256683745411553055245990374448431531643259172858506700241507288020120654241201920706893562435526090101991744354130925189861631240584948639481003323285494542989924647834570894081596911658953520370367319578660662858335977767202230457220654638988881056006504847899,22397187066817049583365626561544345748262069430009321014498279803539889747705065572062194926579143692296469268099980001615707425322803316208831501080975064581858087272378717148177418351133386626929209864628348951951824865654229608145301276926119066897991535170310844747897016514678321069908324185476689511614022458924557303170473595079580212490426438844274421688044617728,0.0002523904212851743,0.1129529287180511
222,134764534941309670209948748002417507679941702542455420076322558739889466496129752604994607107612366090797700559791418189114143073754123602356749434586441670964204522123761404695410979909327374544183701185954257290162478673807158511183057477208713240489283773648519990090175277643614397833570962605253497838709538932024577433260426275840105873309053378389569447354052193,537532489603609190000775037477064297958289666320223704347958715284957353944921573729492678237899448615115262434399520038776978207747279589011956025943401549964594094537089211556258040427201279046301036751080374846843796775701510595487230646226857605551796844087460273949528396352279705677799780451440548278736539014189375276091366281909925099770234532262586120513070825472,0.0002507095618363248,0.1127022191562148
223,6425808197577611048779050644387288804624357573915555856095860376742637694774998773268106381800383426830589016773448113480204426919295578723483607982304493579751065906800027000777136695159362773792559139158380679100679216713628309923597818524713491228629396646542368950614160649958738025534864402542833911804770220899780635679710345051934020724486437059987483458186903447,25801559500973241120037201798899086301997903983370737808702018333677952989356235539015648555419173533525532596851176961861294953971869420272573889245283274398300516537780282154700385940505661394222449764051857992648502245233672508583387071018889165066486248516198093149577363024909425872534389461669146317379353872681090013252385581531676404788971257548604133784627399622656,0.0002490472793838383,0.112453171876831
224,153201375568677005010659700678593641380525007034042961803307659087199432554407429771305469200012238900300705856943722177752146664744201144023104384648976055017001694894252092808199424817183918490251122204446462498338282358111585840553023756322538869463997802962121635628701166364457244455196036633798164211032084914257500957837200098743996751047910939550549490496638167179,619237428023357786880892843173578071247949695600897707408848440008270871744549652936375565330060164804612782324428247084671078895324866086541773341886798585559212396906726771712809262572135873461338794337244591823564053885608140206001289704453339961595669964388754235589856712597826220940825347080059511617104492944346160318057253956760233714935310181166499210831057590943744,0.000247403287714221,0.1122057685891167
225,116885381371843935758119726417447733926427672909097931959362956082576446375052998444362570587872113788329362299230363831247003742798590890969403852585787818498353416755457604235938477376690383128681548111675347173623354932991555929512660273598111056137134698276831926857599571632754236895516598105138905218044883194058861667677761768778651488380555120506661784854225410565681,475574344721938780324525703557307958718425366221489439289995601926352029499814133455136434173486206569942616825160893761027388591609497154464081926569061313709475120824366160675437513655400350818308194051003846520497193384147051678208990493020165090505474532650563252933009955275130537682553866557485704921936250581257851124267971038791859493070318219135871393918252229844795392,0.0002457773062594137,0.1119599912828573
226,2786892976618871978484336905102959953079890884306952933236731628412808016709734639795334490248821844581310995226342220923958117318721817819643178009873138548136634743468430594394796163485922895339774736148054601503574959857524433545889158815840718898677325437714289108907458060511612468737327138241547012090596633280019526753074266573280430660946151899975366582708129963012847,11413784273326530727788616885375391009242208789315746542959894446232448707995539202923274420163668957678622803803861450264657326198627931707137966237657471529027402899784787856210500327729608419639396657224092316491932641219529240277015771832483962172131388783613518070392238926603132904381292797379656918126470013950188426982431304931004627833687637259260913454038053516275089408,0.0002441690599612705,0.1117158222228961
227,132899335079866039119168825842008393792749603430460702597949746871926145957752566650146341966692014471452223864232424440060983869778656132480480124634724786653268299962921452296798216772804835421325636247778878159471102574674485600866705776254075747191271528875584906128682800582765837912623041032178367554101944223594737086882756897784101778376556477744265669796514309081088143,547861645119673474933853610498018768443626021887155834062074933419157537983785881740317172167856109968573894582585349612703551657534140721942622379407558633393315339189669817098104015731021204142691039546756431191612766778537403533296757047959230184262306661613448867378827468476950379410302054274223532070070560669609044495156702636688222136017006588444523845793826568781204291584,0.0002425782791398654,0.1114732439437562
228,3168893545822969521755407519250472911495697377679947230400015564592390139783277741035188026278373777387982742066079948981075989757275593095771534934537875921115016956825870710552993088636077801976133481644496695557830490720849218732524055026597942501262263243716828109522670060954604937808941223340602686787439605206218108221985861182076457960285891987456097806819198396068123511,13148679482872163398412486651952450442647024525291740017489798402059780911610861161767612132028546639245773469982048390704885239780819377326622937105781407201439568140552075610354496377544508899424584949122154348598706402684897684799122169151021524422295359878722772817091859243446809105847249302581364769681693456070617067883760863280517331264408158122668572299051837650748902998016,0.0002410046993655035,0.1112322392443907
229,302248877882883877443470877721569134205464983377125426670482257352398589478215878199887634072307449256080833581988057140216669495891279420702425434254107113662998918576907435429297252078396707223324371654769799528690870154605059096228789416774291868193302209487125748264357106965957472672312173058190658531667486529930731388513620668208143178745307713039160843777192922673881636883,1262273230355727686247598718587435242494114354428007041679020646597738967514642671529690764674740477367594253118276645507668983018958660223355801962155015091338198541492999258594031652244272854344760155115726817465475814657750177740715728238498066344540354548357386190440818487370893674161335933047811017889442571782779238516841042874929663801383183179776182940708976414471894687809536,0.0002394480613343163,0.1109927911830564
230,7207320947540557876518480180632641136862764783631026763446052702809751735895512859705075041429613191748513917797409137955359246317847421319206984117818935119030465836563825908141367577033002373666385014569522375795007337560264972040458302542410662741017875642900818902306081565168163718410807315011937388241334059006935359087741825042144140190771674120051390921975368480124809739441,30294557528537464469942369246098445819858744506272169000296495518345735220351424116712578352193771456822262074838639492184055592455007845360539247091720362192116764995831982206256759653862548504274243722777443619171419551786004265777177477723953592268968509160577268570579643696901448179872062393147464429346621722786701724404185028998311931233196396314628390577015433947325472507428864,0.0002379081107473269,0.110754883072309
231,343736006823080992141756413149932516723711501516599453535872352893507726100977970911180029040131549634133561635934798727734099395585283563800182856304626106738413086447249274160779762662559901419993407106152202016566433952006892911519864931676407807059611486152820491634418779845345795604194648289224867979266126109506411328333447290527983985746561553983536390483860510054893761604259,1454138761369798294557233723812725399353219736301064112014231784880595290576868357602203760905301029927468579592254695624834668437840376577305883860402577385221604719799935145900324463385402328205163698693317293720228138485728204757304518930749772428910488439707708891387822897451269512633858994871078292608637842693761682771400881391918972699193427023102162747696740829471622680356585472,0.0002363845981928725,0.1105184984741162
232,8197059734541718644468033900769799755686652187095499517686716486058816398982574945398619120738388367379086675124390093067641957334910481567921054203274010926504979661206633857764890213409723063196802080465429060650303740878724137940353990114692235002970839666008883467579536212814000886520784618995752179402269476351320126274934178851373981300659016035570802932569474310786804483139023,34899330272875159069373609371505409584477273671225538688341562837134286973844840582452890261727224718259245910214112694996032042508169037855341212649661857245318513275198443501607787121249655876923928768639615049285475323657476914175308454337994538293851722552985013393307749538830468303212615876905879022607308224650280386513621153406055344780642248554451905944721779907318944328558051328,0.0002348772790322778,0.1102836211950839
233,1563842317228443509601431850681998710885668405019329731927112649864235152880689809692093957999834089164823077883053516614392219259000889976489830203912334837623408132650854153634429348129430389744861435724841463044096929056131547945288401800052449707434138549360213226165761965755779602011409120370514698820239922869986966313911895105161441002922463052473283261281073871294181678965696183,6700671412392030541319732999329038640219636544875303428161580064729783098978209391830954930251627145905775214761109637439238152161568455268225512828735076591101154548838101152308695127279933928369394323578806089462811262142235567521659223232894951352419530730173122571515087911455449914216822248365928772340603179132853834210615261453962626197883311722454765941386581742205237311083145854976,0.000233385913288677,0.1100502352817952
234,37294907676879228774065817286193808815381268985291497248014522337108923750177182949409181298936663422010354317971723634519830364115227891622610563435756958639008389022631496223191534697920871602367184019377539395614779803510619010076058381664011449616858229959560820693840720806702019961232389281422520535905319915488099169499809494683760086001103506139920169194517010168189671152650373681,160816113897408732991673591983896927365271277077007282275877921553514794375477025403942918326039051501738605154266631298541715651877642926437412307889641838186427709172114427655408683054718414280865463765891346147107470291413653620519821357589478832458068737524154941716362109874930797941203733960782290536174476299188492021054766274895103028749199481338914382593277961812925695465995500519424,0.0002319102655388825,0.1098183250162563
235,1778884334520300183904220018287076816226469077809803614642248407716067345944586728984776019477729237660382589340845946216978202168847598720958005846916965229544384214088811411691542738302986935353692118076939044572885603542646578326173098017422378806853601815362685865185141215082162226606498734722699976051583680437367653195267203176957891992050263854410228185986121708712420484879432710669,7719173467075619183600332415227052513533021299696349549242140234568710130022897219389260079649874472083453047404798302330002351290126860468995790778702808232948530040261492527459616786626483885481542260762784615061158573987855373784951425164294983957987299401159437202385381273996678301177779230117549945736374862361047617010628781194964945379961575104267890364477342167020433382367784024932352,0.0002304501048082061,0.1095878749114481
236,42425541555664663721090897439698706461689714179247809293311377754452237713702053491972010628954186642081892797317349653678004595499110945123518259481547231334132649021278233781547697863293731016183869032348976452746567140523844900357131714361684011400104931972844915801829119043074066140102748067115476691829769520884562966559108384343744221051333481574175669826534198003417451455327537125213,185260163209814860406407977965449260324792511192712389181811365629649043120549533265342241911596987330002873137715159255920056430963044651255898978688867397590764720966275820659030802879035613251557014258306830761467805775708528970838834203943079614991695185627826492857249150575920279228266701522821198697672996696665142808255090748679158689119077802502429368747456212008490401176826816598376448,0.0002290052044681401,0.10935886970698
237,4047421922572267309133705656969728065457854717896414976065419750194324849465269752216346856790366725328087420617605500497452961979735515427209477040718055742289227456612868861020299888446672126056578803634612918046436756219619982322587180971269111933253463336647092922909369078733799179191991467160783358947044609129566075386559071591189291635734341227506774810716228669329410101804433230096859,17784975668142226599015165884683128991180081074500389361453891100446308139572755193472855223513310783680275821220655288568325417372452286520566301954131270168713413212762478783266957076387418872149473368797455753100909354468018781200528083578535643039202737820271343314295918455288346805913603346190835074976607682879853709592488711873199234155431469040233219399755796352815078512975374393444139008,0.0002275753421368077,0.1091312943648432
238,96534130204016652846894080431112553339664471733831916486833637610763241123546142099305424355296273006523300948621022261310890905164083971476382409498342946254209507630803964343322187999284146032342073835609815436299958252081531596745720738203479915897881553896229709781360676518567629313972017249870654043854784839776039778900338840676733734526103177545163499082484435753123456551980056305036913,426839416035413438376363981232395095788321945788009344674893386410711395349746124643348525364319458808326619709295726925639810016938854876493591246899150484049121917106299490798406969833298052931587360851138938074421824507232450748812674005884855432940865707686512239543102042926920323341926480308580041799438584389116489030219729084956781619730355256965597265594139112467561884311408985442659336192,0.0002261602995820975,0.1089051340652611
239,4604945688579779358036011486621794694754137100934687203148667893331297044945924905721941020004296600774701505995249260337223642633933892752224870554905681124267482837520053140277560408419810811190139459577975903520512235965460337152577435493821904074145848071527736356966190398527755633665157534138462934334302616406867596627516761816742277022475223010203314084151668527946383034704241220712847007,20488291969699845042065471099154964597839453397824448544394882547714146976787813982880729217487334022799677746046194892430710880813065034071692379851159223234357852021102375558323534551998306540716193320854669027572247576347157635943008352282473060781161553968952587498068898060492175520412471054811842006373052050677591473450546996077925517747057052334348668748518677398442970446947631301247648137216,0.000224759862627399,0.1086803742026337
240,109837153542284748371522520367360363805584694219491502942140888623308937463643993248472314881684251354284324721543524385935527628269186853628711794640396089609916771162941547673411213721065981402767353111152572652479991339235434857962415522768327970084531277901000045828617084657836578067504175025025308777037387338901921408982582511199772290493636258100504081432823161388254054543594155097088887299,491719007272796281009571306379719150348146881547786765065477181145139527442907535589137501219696016547192265905108677418337061139513560817720617116427821357624588448506457013399764829247959356977188639700512056661733941832331783262632200454779353458747877295254862099953653553451812212489899305315484208152953249216262195362813127905870212425929369256024368049964448257562631290726743151229943555293184,0.0002233738210598583,0.1084570003815738
241,41918433632111920744768771594176933161752959806519516171224598230363366235618045491561339305353019486017546931740878310778725676655715665751719954865841266749365226976400534310372802885543823947599758875984496542190391699196913364816925715971230059970702234054808213109752649444143238696850919741335352203346464421163747004283108145095019933818851568063357656705054990633710219099729368367603632062913,188820098792753771907675381649812153733688402514350117785143237559733578538076493666228800468363270354121830107561732128641431477573207354004716972708283401327841964226479493145509694431216393079240437644996629758105833663615404772850764974635271728159184881377867046382202964525495889596121333241145935930734047699044683019320241115854161571556877794313357331186348130904050415639069370072298325232582656,0.0002220019685410767,0.1082349984130327
242,999888989661564528968903632560552182333836546006630762879850371209011525480776428544331575171839300874221157963735100411550238785029342647340326106264286431814965240867786358892514882782273294204929456933670549187297408436820001821261808424934772707449059023191665759164429825617914701153143660073515455579738904436500876144199607246453502269412593008658741192168305866329346940190957932141430009421391,4531682371026090525784209159595491689608521660344402826843437701433605884913835847989491211240718488498923922581481571087394355461756976496113207344998801631868207141435507835492232666349193433901770503479919114194540007926769714548418359391246521475820437153068809113172871148611901350306911997787502462337617144777072392463685786780499877717365067063520575948472355141697209975337664881735159805581983744,0.0002206441025201781,0.1080143543105126
243,47702306563315082250931287065483160840812282539927900891910582497620335985277806611942576053144693540799767657851206712039205857167033374702269958632902684791039298682489036285914325834340378822292956408851541842024373242760705881079834906850545821723440179510267875170984564365837813089174087478897572761691830384361730561158112688955669507227461907250484134645592892324129259979301891265301230210838999,217520753809252345237642039660583601101209039696531335688485009668813082475864120703495578139554487447948348283911115412194929062164334871813433952559942478329673942788904376103627167984761284827284984167036117481337920380484946298324081250779833030839380983347302837432297815133371264814731775893800118192205622949299474838256917765463994130433523219048987645526673046801466078816207914323287670667935219712,0.0002193000241491717,0.1077950542863634
244,1137909558164076182527569096395049208424632922084885125505445853758301160069415354362589941533329347874183571783409448644855294705391501087851695582848334749965541761171659385924154274879395848451733228533194386438511656208915767327607220188949592902289568218322719733990221340787397604526862881395790410750026967897130055693441101219925992317770720073730879549302964844644451765362222364497648329027980943,5220498091422056285703408951854006426429016952716752056523640232051513979420738896883893875349307698750760358813866769892678297491944036923522414861438619479912174626933705026487052031634270835854839620008866819552110089131638711159777950018715992740145143600335268098375147563200910355553562621451202836612934950783187396118166026371135859130404557257175703492640153123235185891588989943758904096030445273088,0.0002179695382005419,0.1075770847481629
245,108579236862770134281212295715312528228659184445662113325570780405645344085325073975635243717588693526679783888969862026183524248044493454853967900947585254353763313191284886413905177252320841765099440135033377158511337303816306584658778347137807097626946131373504036120241880941741481287597522255331638668674779129840888644302522428905227857562038373426665262542327617247030028517623258359300567451520148879,501167816776517403427527259377984616937185627460808197426269462276945342024390934100853812033533539080072994446131209909697116559226627544658151826698107470071568764185635682542756995036890000242064603520851214677002568556637316271338683201796735303053933785632185737444014166067287394133142011659315472314841755275185990027343938531629042476518837496688867535293454699830577845592543034600854793218922746216448,0.0002166524529869965,0.1073604322951759
246,2590218667836212741390792652967804150344126977592988832512874273252972412774690449462671643295243364556669116813679188746632092309053827409398133061950384479487604407932135571910834029800440586999821076588843564263624845913519629588781382049162332176322307258920026993122613406064536369289352067741384665579576744712660072032258328523395137969613334181501711157889425566067497014336524907311187560003964184853,12028027602636417682260654225071630806492455059059396738230467094646688208585382418420491488804804937921751866707149037832730797421439061071795643840754579281717650340455256381026167880885360005809550484500429152248061645359295590512128396843121647273294410855172457698656339985614897459195408279823571335556202126604463760656254524759097019436452099920532820847042912795933868294221032830420515037254145909194752,0.0002153485802833096,0.1071450837148926
247,123585232711065002552101050281134228965848617637650383079231156533083091984832690903986724378345149916380947923985114705060971577708512460956908996934432106420223499396127077024053637217927814327526697386536294931015362467101156418930013719524990521622796591681655760920483597683411922632255013004121417109682284186259325911094567721445331196336018036653392041544756390723896363662976626293830578411099945988167,577345324926548048748511402803438278711637842834851043435062420543041034012098356084183591462630637020244089601943153815971078276229074931446190904356219805522447216341852306289256058282497280278858423256020599307906958977246188344582163048469839069118131721048277969535504319309515078041379597431531424106697702077014260511500217188436656932949700796185575400658059814204825678122609575860184721788199003641348096,0.0002140577352501953,0.1069310259796424
248,2948337264639295674694449744891069380911596391937573606828698848014250314115639124347194052378042819368224913890711319611249051632232608223463664227279300603431095215460287244609504751144949569976954157839128399944132201805265412682086534341501791161054304019767122454967569719972417465286186224199992306047738632896674165568046121118728217253036219001594829005373632410210666508501592269376910565285120164613395,13856287798237153169964273667282518689079308228036425042441498093032984816290360546020406195103135288485858150446635691583305878629497798354708581704549275332538733192204455350942145398779934726692602158144494383389767015453908520269971913163276137658835161305158671268852103663428361872993110338356754178560744849848342252276005212522479766390792819108453809615793435540915816274942629820644433322916776087392354304,0.0002127797363601522,0.1067182462432822
249,562714458942572826663424712865416389258596852354200745092762795483583312047846025020053396161775682480776014418502516989924349981605599688980575331289307134712067491604041960391078818940028331329134382525777374354388262871976202099412580748256820840548019759045225063211744443348507946079958134239017000390237810087077719068287538664733197311120120005207933704032872835676671074665111647167519826383522652417879345,2660407257261533408633140544118243588303227179782993608148767633862333084727749224835917989459801975389284764885754052783994728696863577284104047687273460863847436772903255427380891916565747467524979614363742921610835266967150435891834607327349018430496350970590464883619603903378245479614677184964496802283663011170881712436993000804316115147032221268823131446232339623855836724788984925563731198000021008779332026368,0.00021151440532522,0.106506731837957
250,13425153572177390146468216194869108948097360549271883094756452216651404045326333921387433740443669519528666157332219830128457744538176459235284550470973815123839596537679372980554653620575336847888639133095558518326146197223723308319093078403270324956562876508865623767678592593147590265271506902966674214367214894357878381773415053779776617155815026213964212586152617507134361371535081566968411968454710533634134167,63849774174276801807195373058837846119277452314791846595570423212695994033465981396062031747035247409342834357258097266815873488724725854818497144494563060732338482549678130257141405997577939220599510744729830118660046407211610461404030575856376442331912423294171157206870493681077891510752252439147923254807912268101161098487832019303586763528773310451755154709576150972540081394935638213529548752000504210703968632832,0.0002102615670265908,0.1062964702709304
251,640605446630344129010707000344073892555777716006024168541123871411711325218563774762055427070066122852398892377913797424892350332398438402144260437167230716758777770376627893514906468230453676478436070891902851508448062209309790605847139340520847297450488307346533234809717727416574925490560654820125862641366310011547895988856495406240320606841009197142621896306323218298226137188136439439167153828214609834660627075,3064789160365286486745377906824216613725317711110008636587380314209407713606367107010977523857691875648456049148388668807161927458786841031287862935739026915152247162384550252342787487883741082588776515747031845695682227546157302147393467641106069231931796318120215545929783696691738792516108117079100316230779788868855732727415936926572164649381118901684247426059655246681923906956910634249418340096024202113790494375936,0.0002090210494460218,0.1060874492214844
252,15284178343137892664767300755771675213216390227937681647716618188802774605185535414788646369723181646348160464628122323213968045887636767750482768529065254197743359346581381616343205723556455922906970287007996518214553361695582633732197997504256863689663455094109100028104450557800443990096781040154716131637271175432892553833567336080314739061219116464358572288687052478244477631294413627454569735120264483197663995267,73554939848766875681889069763781198729407625066640207278097127541025785126552810568263460572584605015562945179561328051371886259010884184750908710457736645963653931897229206056226899709209785982130636377928764296696373461107775251537443223386545661566363111634885173102314808720601731020386594809898407589538714932852537585457982486237731951585146853640421938225431725920366173766965855221986040162304580850730971865022464,0.0002077926835989946,0.1058796565378854
253,1458691927284956434888464102610331802635654819880597462815385848880387170953594738866983404566442623354497842532029484345217786699483617783722675398799871891433454632255196495373345385641917100586293009169332822300997608326974332380782963683257040499513622179304521592240309873796543627690794522648514136215015180621254351657780354776797512489019349325783582645783993801327391567163732876451736364057793596753071256417209,7061274225481620065461350697322995078023132006397459898697324243938475372149069814553292214968122081494042737237887492931701080865044881736087236203942718012510777462134003781397782372084139454284541092281161372482851852266346424147594549445108383510370858716948976617822221637177766177957113101750247128595716633553843608203966318678822267352174097949480506069641445688355152681628722101310659855581239761670173299042156544,0.0002065763034695718,0.1056730802344158
254,34804469191128089762322734561411463190759423622685960651595741449949166500296795387620038485938880363328210701172145351974053970470620384573609999043232178355469461428997102537161035660571507512881042112839528002461525045284582248835145744582433240679530116544054180829148717467959916201762494824830084045443429400144300212972639914289372288741843580411084771496724139563231967028607248833646658506879502392595037588965563,169470581411558881571072416735751881872555168153539037568735781854523408931577675549279013159234929955857025693709299830360825940761077161666093668894625232300258659091216090753546776930019346902828986214747872939588444454392314179542269186682601204248900609206775438827733319292266388270970714442005931086297199205292246596895191648291734416452178350787532145671394696520523664359089330431455836533949754280084159177011757056,0.0002053717459468999,0.1054677084884689
255,1660910810438512896038084648934499456234017357231801570847138598895939585670607618537672171401947767118197464168728402163313103180740422566435026338816211115730765072230929447883924372366592240471621524240663329848450572279606039040667686725667131214776357238277213432413523795755691183377000006389038870175598384230061493589295414198442814289222003906733285567886384928271342199079643118156046317176297386209253193005202941,8134587907754826315411476003316090329882648071369873803299317529017123628715728426365392631643276637881137233298046391857319645156531703759972496106942011150412415636378372356170245292640928651335791338307897901100245333810831080618028920960764857803947229241925221063731199326028786637006594293216284692142265561854027836650969199118003251989704560837801542992226945432985135889236287860709880153629588205444039640496564338688,0.0002041788507633117,0.1052635296377056
256,39631216486828814091281379595967551343355486373431302487867004921276637872531483442259582129170418414744935701170685493747949058968102711589894753326617427726898098059830056843939835320082713739892391531359559824899852804116063806891181647085034280066752720809860902887754041453568829665630333359545392332440879112458244507133422763252614619771052794195991155012670920128436893148440412116003170649357696744642008102502794969,195230109786115831569875424079586167917183553712876971279183620696410967089177482232769423159438639309147293599153113404575671483756760890239339906566608267609897975273080936548085887023382287632058992119389549626405888011459945934832694103058356587294733501806205305529548783824690879288158263037190832611414373484496668079623260778832078047752909460107237031813446690391643261341670908657037123687110116930656951371917544128512,0.000202997460433981,0.1050605321772716
