source_key,source_package,source_file,source_line,source_label,source_kind,source_title,source_chapter,source_section_path,source_proof_present,canonical_label,canonical_status,lean_module,lean_declaration,disposition_notes
inverse_q_analog_functions_report:unlabelled-definition-001,inverse_q_analog_functions_report,inverse_q_analog_functions_report/inverse_q_analog_functions.tex,188,,definition,Branchwise compositional inverse,"Orientation, source map, and the inverse viewpoint","Orientation, source map, and the inverse viewpoint / Four kinds of inverse problem",no,def:uq-partial-inverse,not applicable,,,"Merged into the canonical partial-inverse definition, which makes the recovered variable, passive parameters, base point, and branch part of the data."
inverse_q_analog_functions_report:unlabelled-definition-002,inverse_q_analog_functions_report,inverse_q_analog_functions_report/inverse_q_analog_functions.tex,194,,definition,Parameter inverse,"Orientation, source map, and the inverse viewpoint","Orientation, source map, and the inverse viewpoint / Four kinds of inverse problem",no,def:uq-partial-inverse,not applicable,,,Absorbed into the same definition: a parameter inverse is a partial inverse with that parameter designated as the recovered variable.
inverse_q_analog_functions_report:thm:analytic-inverse,inverse_q_analog_functions_report,inverse_q_analog_functions_report/inverse_q_analog_functions.tex,233,thm:analytic-inverse,theorem,Analytic local inverse,Universal branchwise inversion calculus,"Universal branchwise inversion calculus / Lagrange--B\""urmann reversion",yes,thm:uq-analytic-lagrange,human-proved frontier result,,,"Split and strengthened: existence and uniqueness are in the regular analytic partial-inverse theorem, while the displayed coefficient formula is the analytic Lagrange--Buermann theorem."
inverse_q_analog_functions_report:prop:sensitivity,inverse_q_analog_functions_report,inverse_q_analog_functions_report/inverse_q_analog_functions.tex,271,prop:sensitivity,proposition,Sensitivity of an inverse branch,Universal branchwise inversion calculus,Universal branchwise inversion calculus / Implicit differentiation in passive parameters,yes,thm:uq-inverse-sensitivities,human-proved frontier result,,,Retained and strengthened to all first and second target/parameter sensitivities with explicit evaluation conventions.
inverse_q_analog_functions_report:thm:puiseux-normal,inverse_q_analog_functions_report,inverse_q_analog_functions_report/inverse_q_analog_functions.tex,302,thm:puiseux-normal,theorem,Local critical-point normal form,Universal branchwise inversion calculus,Universal branchwise inversion calculus / Critical values and Puiseux inverses,yes,thm:uq-finite-ramification,human-proved frontier result,,,"Retained in a stronger finite-ramification theorem with a convergent normal form, explicit ramified-cover language, and the local monodromy cycle."
inverse_q_analog_functions_report:pr:endpoint-saturation,inverse_q_analog_functions_report,inverse_q_analog_functions_report/inverse_q_analog_functions.tex,356,pr:endpoint-saturation,principle,Endpoint saturation,Universal branchwise inversion calculus,Universal branchwise inversion calculus / The discriminant and the branch atlas,no,,not applicable,,,Retired as an informal asymptotic principle: the exponential endpoint and quadratic-log regimes are proved separately with hypotheses in the reciprocal-log and log-periodic results.
inverse_q_analog_functions_report:thm:finite-a-zero-inverse,inverse_q_analog_functions_report,inverse_q_analog_functions_report/inverse_q_analog_functions.tex,401,thm:finite-a-zero-inverse,theorem,Fifth-order inverse at \(a=0\),Finite \texorpdfstring{$q$,Finite \texorpdfstring{$q$ / The principal branch at \texorpdfstring{$a=0$,yes,fp-unit-inverse,human-proved frontier result,,,Deduplicated into the all-order argument inverse; the five printed coefficients are instances of the universal reversion coefficients.
inverse_q_analog_functions_report:prop:finite-root-derivative,inverse_q_analog_functions_report,inverse_q_analog_functions_report/inverse_q_analog_functions.tex,433,prop:finite-root-derivative,proposition,Derivative at a zero,Finite \texorpdfstring{$q$,Finite \texorpdfstring{$q$ / Inverse branches at the simple zeros,yes,fp-zero-normalization,human-proved frontier result,,,The exact zero derivative and leading inverse normalization are retained; the source quadratic term is absorbed by the universal inverse-sensitivity formula rather than repeated.
inverse_q_analog_functions_report:thm:real-a-atlas,inverse_q_analog_functions_report,inverse_q_analog_functions_report/inverse_q_analog_functions.tex,464,thm:real-a-atlas,theorem,Real branch atlas,Finite \texorpdfstring{$q$,Finite \texorpdfstring{$q$ / Complete real branch geometry,yes,fp-real-atlas,human-proved frontier result,,,"Retained as the complete real argument atlas, with the ordering of the zero lattice and the simple-fold proof made explicit."
inverse_q_analog_functions_report:thm:root-unity-factorization,inverse_q_analog_functions_report,inverse_q_analog_functions_report/inverse_q_analog_functions.tex,505,thm:root-unity-factorization,theorem,Root-of-unity factorization,Finite \texorpdfstring{$q$,Finite \texorpdfstring{$q$ / Roots of unity and exact ramification,yes,fp-cyclotomic-argument,human-proved frontier result,,,"Strengthened to all residue classes, exact zero multiplicities, and both zero-target and unit-target ramification."
inverse_q_analog_functions_report:eq:a-infinity-inverse,inverse_q_analog_functions_report,inverse_q_analog_functions_report/inverse_q_analog_functions.tex,551,eq:a-infinity-inverse,proposition,Laurent--Puiseux inverse at infinity,Finite \texorpdfstring{$q$,Finite \texorpdfstring{$q$ / Inverse at \texorpdfstring{$a=\infty$,yes,fp-finite-covering,human-proved frontier result,,,Retained in the argument-at-infinity paragraph of the finite-product chapter; only the useful invariant leading terms are kept and proved by direct coefficient comparison.
inverse_q_analog_functions_report:thm:finite-qzero-inverse,inverse_q_analog_functions_report,inverse_q_analog_functions_report/inverse_q_analog_functions.tex,642,thm:finite-qzero-inverse,theorem,Fifth-order inverse at \(q=0\),Finite \texorpdfstring{$q$,Finite \texorpdfstring{$q$ / Expansion and inversion at \texorpdfstring{$q=0$,yes,fp-small-base-engine,human-proved frontier result,,,"Replaced by an all-order coefficient engine in the canonical normalized coordinate, with the stable fifth-order jet and every low-order exception stated explicitly."
inverse_q_analog_functions_report:thm:finite-qone-inverse,inverse_q_analog_functions_report,inverse_q_analog_functions_report/inverse_q_analog_functions.tex,687,thm:finite-qone-inverse,theorem,Logarithmic \(q=1\) inverse,Finite \texorpdfstring{$q$,Finite \texorpdfstring{$q$ / All-order logarithmic expansion and inverse at \texorpdfstring{$q=1$,yes,fp-unit-base-inverse,human-proved frontier result,,,Retained and generalized to the complete logarithmic jet with triangular generation of every inverse coefficient.
inverse_q_analog_functions_report:prop:scaled-critical-locus,inverse_q_analog_functions_report,inverse_q_analog_functions_report/inverse_q_analog_functions.tex,744,prop:scaled-critical-locus,proposition,Square-root inverse on the critical locus,Finite \texorpdfstring{$q$,Finite \texorpdfstring{$q$ / A critical scaled classical limit,yes,,not applicable,,,"Not retained as a separate assertion: the special scaled slice requires its own forward expansion, while its square-root conclusion follows from the universal finite-ramification theorem once that coefficient is established."
inverse_q_analog_functions_report:prop:finite-q-infinity,inverse_q_analog_functions_report,inverse_q_analog_functions_report/inverse_q_analog_functions.tex,789,prop:finite-q-infinity,proposition,Inverse at either infinite end,Finite \texorpdfstring{$q$,Finite \texorpdfstring{$q$ / Laurent--Puiseux inversion at \texorpdfstring{$q=\pm\infty$,yes,fp-base-infinity,human-proved frontier result,,,Strengthened to a convergent all-order Lagrange formula for every reciprocal-base sheet; the first displayed terms are recovered after consistent normalization.
inverse_q_analog_functions_report:thm:infinite-a-real-atlas,inverse_q_analog_functions_report,inverse_q_analog_functions_report/inverse_q_analog_functions.tex,883,thm:infinite-a-real-atlas,theorem,Real branch atlas for the entire product,The infinite \texorpdfstring{$q$,The infinite \texorpdfstring{$q$ / Inverse in \texorpdfstring{$a$,yes,thm:ip-real-atlas,human-proved frontier result,,,"Retained and strengthened to the principal branch, every real gap, exact zero normalization, branch counts, and convexity."
inverse_q_analog_functions_report:thm:log-periodic-growth,inverse_q_analog_functions_report,inverse_q_analog_functions_report/inverse_q_analog_functions.tex,922,thm:log-periodic-growth,theorem,Theta-modulated growth,The infinite \texorpdfstring{$q$,The infinite \texorpdfstring{$q$ / Large negative \texorpdfstring{$a$,yes,thm:ip-log-periodic,human-proved frontier result,,,Retained with the periodic theta factor defined exactly and the inverse error justified uniformly on the stated real regime.
inverse_q_analog_functions_report:thm:radial-root-unity,inverse_q_analog_functions_report,inverse_q_analog_functions_report/inverse_q_analog_functions.tex,986,thm:radial-root-unity,theorem,Radial root-of-unity expansion,The infinite \texorpdfstring{$q$,The infinite \texorpdfstring{$q$ / Radial approach to a root of unity,yes,thm:ip-radial-cyclotomic,human-proved frontier result,,,"Strengthened to an all-order radial expansion and inverse recurrence with explicit branch, sector, and uniformity hypotheses."
inverse_q_analog_functions_report:thm:order-local-inverse,inverse_q_analog_functions_report,inverse_q_analog_functions_report/inverse_q_analog_functions.tex,1123,thm:order-local-inverse,theorem,Local inverse in the order,Inverse with respect to continuous order and geometric step,Inverse with respect to continuous order and geometric step / Complex order,yes,,not applicable,,,"The complex-order Pochhammer interpolation was not retained as a canonical family; its valid local-germ content is covered by the universal inverse theorems, but no product-specific canonical assertion survives."
inverse_q_analog_functions_report:prop:order-endpoint,inverse_q_analog_functions_report,inverse_q_analog_functions_report/inverse_q_analog_functions.tex,1190,prop:order-endpoint,proposition,Logarithmic endpoint inverse,Inverse with respect to continuous order and geometric step,Inverse with respect to continuous order and geometric step / The endpoint \texorpdfstring{$\alpha\to+\infty$,yes,,not applicable,,,Retired with the omitted complex-order family; the logarithmic endpoint formula is not asserted canonically without a complete branch and interpolation specification.
inverse_q_analog_functions_report:thm:qbin-positive-global,inverse_q_analog_functions_report,inverse_q_analog_functions_report/inverse_q_analog_functions.tex,1294,thm:qbin-positive-global,theorem,Unique positive-real Gaussian inverse,Gaussian coefficients: inverse in the base,Gaussian coefficients: inverse in the base / The positive real inverse is global,yes,thm:gq-positive-inverse,human-proved frontier result,,,"Deduplicated into the global positive-base Gaussian inverse, proved from coefficient positivity."
inverse_q_analog_functions_report:thm:qbin-qzero,inverse_q_analog_functions_report,inverse_q_analog_functions_report/inverse_q_analog_functions.tex,1323,thm:qbin-qzero,theorem,Fifth-order Gaussian inverse at zero,Gaussian coefficients: inverse in the base,Gaussian coefficients: inverse in the base / The partition reversion at \texorpdfstring{$q=0$,yes,thm:gq-zero-inverse,human-proved frontier result,,,Strengthened to an all-order Lagrange formula with exact rectangle-partition coefficients and no unnecessary stable-range hypothesis.
inverse_q_analog_functions_report:thm:qbin-qone,inverse_q_analog_functions_report,inverse_q_analog_functions_report/inverse_q_analog_functions.tex,1370,thm:qbin-qone,theorem,Gaussian inverse at one,Gaussian coefficients: inverse in the base,Gaussian coefficients: inverse in the base / Expansion at \texorpdfstring{$q=1$,yes,cor:gq-one-inverse,human-proved frontier result,,,"Retained as the ordinary Gaussian inverse at one, derived from the complete Bernoulli logarithmic expansion."
inverse_q_analog_functions_report:thm:qbin-minus-one-inverse,inverse_q_analog_functions_report,inverse_q_analog_functions_report/inverse_q_analog_functions.tex,1428,thm:qbin-minus-one-inverse,theorem,Inverse branches at \(q=-1\),Gaussian coefficients: inverse in the base,Gaussian coefficients: inverse in the base / The point \texorpdfstring{$q=-1$,yes,prop:gq-minus-one,Lean-proved,GaussianBinomialAtNegOne;QBinomialReciprocity;GaussianBinomialAtNegOneDerivative,gaussianBinomial_neg_one_even_even;gaussianBinomial_neg_one_odd_even;gaussianBinomial_neg_one_odd_odd;gaussianBinomial_neg_one_even_odd_eq_zero;gaussianBinomial_derivative_eval_neg_one_even_odd,Retained in the complete value-and-derivative parity atlas at minus one.
inverse_q_analog_functions_report:cor:cyclotomic-atlas,inverse_q_analog_functions_report,inverse_q_analog_functions_report/inverse_q_analog_functions.tex,1475,cor:cyclotomic-atlas,corollary,Cyclotomic inverse atlas,Gaussian coefficients: inverse in the base,Gaussian coefficients: inverse in the base / General roots of unity,no,thm:gq-square-free,human-proved frontier result,,,Strengthened to square-freeness at every cyclotomic zero; the displayed inverse slope is the corresponding simple-zero specialization.
inverse_q_analog_functions_report:prop:continuous-qbin-qone,inverse_q_analog_functions_report,inverse_q_analog_functions_report/inverse_q_analog_functions.tex,1537,prop:continuous-qbin-qone,proposition,Continuous Gaussian expansion at one,Continuous Gaussian coefficients and inversion in both parameters,Continuous Gaussian coefficients and inversion in both parameters / The \texorpdfstring{$q\to1$,yes,,not applicable,,,"Not stated separately in the canonical volume: it is a direct finite combination of the all-order q-gamma expansion, but the canonical Gaussian theorem is intentionally restricted to integral rectangles."
inverse_q_analog_functions_report:thm:continuous-upper-inverse,inverse_q_analog_functions_report,inverse_q_analog_functions_report/inverse_q_analog_functions.tex,1574,thm:continuous-upper-inverse,theorem,Saturating upper-parameter inverse,Continuous Gaussian coefficients and inversion in both parameters,Continuous Gaussian coefficients and inversion in both parameters / Inverse in the upper parameter,yes,,not applicable,,,The continuous upper-parameter Gaussian theorem was not retained as a canonical assertion; the consolidated volume keeps the precisely normalized base-monotonicity conjecture instead.
inverse_q_analog_functions_report:thm:continuous-lower-branches,inverse_q_analog_functions_report,inverse_q_analog_functions_report/inverse_q_analog_functions.tex,1641,thm:continuous-lower-branches,theorem,Two lower-parameter branches,Continuous Gaussian coefficients and inversion in both parameters,Continuous Gaussian coefficients and inversion in both parameters / Inverse in the lower parameter,yes,,not applicable,,,The continuous lower-parameter branch theorem was not retained; its target-range and interpolation conventions varied across sources and no canonical standalone statement survives.
inverse_q_analog_functions_report:conj:continuous-qbin-monotone,inverse_q_analog_functions_report,inverse_q_analog_functions_report/inverse_q_analog_functions.tex,1708,conj:continuous-qbin-monotone,conjecture,Continuous positive-base monotonicity,Continuous Gaussian coefficients and inversion in both parameters,Continuous Gaussian coefficients and inversion in both parameters / Small and large base,no,conj:continuous-gaussian-monotonicity,conjecture,,,Retained with an explicit q-gamma normalization on 0<q<1 and a specified reciprocal continuation for q>1.
inverse_q_analog_functions_report:thm:qgamma-two-branches,inverse_q_analog_functions_report,inverse_q_analog_functions_report/inverse_q_analog_functions.tex,1726,thm:qgamma-two-branches,theorem,Two real branches of \(\Gamma_q^{-1}\),Inverse \texorpdfstring{$q$,Inverse \texorpdfstring{$q$ / The inverse \texorpdfstring{$q$,yes,thm:qs-qgamma-minimum,human-proved frontier result,,,Retained as the unique q-gamma minimum and complete two-branch real inverse count.
inverse_q_analog_functions_report:prop:qgamma-min-puiseux,inverse_q_analog_functions_report,inverse_q_analog_functions_report/inverse_q_analog_functions.tex,1753,prop:qgamma-min-puiseux,proposition,Puiseux expansion at the minimum,Inverse \texorpdfstring{$q$,Inverse \texorpdfstring{$q$ / The inverse \texorpdfstring{$q$,yes,thm:qs-qgamma-minimum,human-proved frontier result,,,The square-root merger is retained in the q-gamma theorem; higher local coefficients are deduplicated into the universal fold jet.
inverse_q_analog_functions_report:thm:qbeta-one-param,inverse_q_analog_functions_report,inverse_q_analog_functions_report/inverse_q_analog_functions.tex,1878,thm:qbeta-one-param,theorem,One-parameter \(q\)-beta inverse,Inverse \texorpdfstring{$q$,Inverse \texorpdfstring{$q$ / Inverse \texorpdfstring{$q$,yes,thm:qs-qbeta,human-proved frontier result,,,Retained after separating strict shape-coordinate monotonicity from base inversion and fixing the exceptional constant case.
inverse_q_analog_functions_report:thm:q-number-x-inverse,inverse_q_analog_functions_report,inverse_q_analog_functions_report/inverse_q_analog_functions.tex,1941,thm:q-number-x-inverse,theorem,Exact exponent inverse of the \(q\)-number,Elementary \texorpdfstring{$q$,Elementary \texorpdfstring{$q$ / The \texorpdfstring{$q$,yes,prop:qs-qnumber-x,human-proved frontier result,,,Retained with the logarithm-sheet condition and the complete 2 pi i lattice of exponent solutions.
inverse_q_analog_functions_report:prop:qpolylog-z-inverse,inverse_q_analog_functions_report,inverse_q_analog_functions_report/inverse_q_analog_functions.tex,2148,prop:qpolylog-z-inverse,proposition,Local inverse in \(z\),Elementary \texorpdfstring{$q$,Elementary \texorpdfstring{$q$ / A normalized \texorpdfstring{$q$,yes,,not applicable,,,The q-polylogarithm family was removed from the consolidated scope; this local coefficient list is only an instance of universal reversion and has no canonical family-specific assertion.
inverse_q_analog_functions_report:thm:qpolylog-parameter-inverses,inverse_q_analog_functions_report,inverse_q_analog_functions_report/inverse_q_analog_functions.tex,2187,thm:qpolylog-parameter-inverses,theorem,Inverse in \(q\) and in \(s\),Elementary \texorpdfstring{$q$,Elementary \texorpdfstring{$q$ / A normalized \texorpdfstring{$q$,yes,,not applicable,,,The q-polylogarithm parameter inverses were not retained; their domains and endpoint claims would require a separate normalized treatment.
inverse_q_analog_functions_report:thm:rphis-z-inverse,inverse_q_analog_functions_report,inverse_q_analog_functions_report/inverse_q_analog_functions.tex,2254,thm:rphis-z-inverse,theorem,Universal local inverse of a basic hypergeometric series,Basic hypergeometric functions and parameterwise inversion,Basic hypergeometric functions and parameterwise inversion / The inverse in the series variable,yes,thm:qs-hypergeometric-inverse,human-proved frontier result,,,"Retained and strengthened to an all-order local series-variable inverse, including the first-nonzero-coefficient Puiseux case."
inverse_q_analog_functions_report:cor:rphis-sensitivity,inverse_q_analog_functions_report,inverse_q_analog_functions_report/inverse_q_analog_functions.tex,2309,cor:rphis-sensitivity,corollary,Parameter sensitivity of the inverse,Basic hypergeometric functions and parameterwise inversion,Basic hypergeometric functions and parameterwise inversion / Derivatives with respect to every continuous parameter,no,thm:uq-inverse-sensitivities,human-proved frontier result,,,Deduplicated into the universal target/parameter sensitivity theorem.
inverse_q_analog_functions_report:prop:inverse-perturbation-qone,inverse_q_analog_functions_report,inverse_q_analog_functions_report/inverse_q_analog_functions.tex,2362,prop:inverse-perturbation-qone,proposition,Inverse perturbation about the classical limit,Basic hypergeometric functions and parameterwise inversion,Basic hypergeometric functions and parameterwise inversion / Perturbative inversion near \texorpdfstring{$q=1$,yes,thm:uq-inverse-sensitivities,human-proved frontier result,,,Absorbed as the second-order specialization of the universal passive-parameter sensitivity formulas.
inverse_q_analog_functions_report:eq:polynomial-inverse-discriminant,inverse_q_analog_functions_report,inverse_q_analog_functions_report/inverse_q_analog_functions.tex,2416,eq:polynomial-inverse-discriminant,proposition,Fixed-degree inverse atlas,Basic hypergeometric functions and parameterwise inversion,Basic hypergeometric functions and parameterwise inversion / Orthogonal-polynomial and \texorpdfstring{$q$,no,thm:uq-finite-ramification,human-proved frontier result,,,The local analytic and Puiseux conclusions are retained; the source's global covering language is narrowed to the precise finite-ramification normal form.
inverse_q_analog_functions_report:alg:branch-aware-solver,inverse_q_analog_functions_report,inverse_q_analog_functions_report/inverse_q_analog_functions.tex,2560,alg:branch-aware-solver,algorithm,Branch-aware inverse solver,Branch-aware numerical inversion and experiments,"Branch-aware numerical inversion and experiments / Newton, Halley, and continuation equations",no,thm:monotone-branch-certificate,not applicable,,,"The descriptive workflow is absorbed into the certification chapter; correctness obligations are separated into proved monotone, interval-Newton, and complex disk certificates."
inverse_q_analog_functions_report:conj:generic-simple-qcritical,inverse_q_analog_functions_report,inverse_q_analog_functions_report/inverse_q_analog_functions.tex,2642,conj:generic-simple-qcritical,conjecture,Generic simplicity in the base,Conjectures and frontier problems,Conjectures and frontier problems / Generic critical geometry of finite Pochhammer maps,no,,not applicable,,,"Retired rather than conflated with the canonical conjecture: this concerns inversion in the base q for generic a, whereas the retained monodromy conjecture concerns inversion in a for generic q."
inverse_q_analog_functions_report:unlabelled-problem-001,inverse_q_analog_functions_report,inverse_q_analog_functions_report/inverse_q_analog_functions.tex,2657,,problem,Monodromy groups,Conjectures and frontier problems,Conjectures and frontier problems / Generic critical geometry of finite Pochhammer maps,no,conj:generic-pochhammer-monodromy,conjecture,,,Narrowed to the argument-variable polynomial and replaced by a falsifiable algebraic exceptional-set conjecture; the base-variable part of the source problem is not retained.
inverse_q_analog_functions_report:unlabelled-conjecture-003,inverse_q_analog_functions_report,inverse_q_analog_functions_report/inverse_q_analog_functions.tex,2669,,conjecture,Complex thickening of real inverse sheets,Conjectures and frontier problems,Conjectures and frontier problems / Real and sectorial univalence,no,,not applicable,,,Retired as under-specified: maximal domains assembled from critical trajectories and their Caratheodory convergence were not defined sharply enough for a canonical conjecture.
inverse_q_analog_functions_report:eq:rootunity-inverse-conjectural,inverse_q_analog_functions_report,inverse_q_analog_functions_report/inverse_q_analog_functions.tex,2687,eq:rootunity-inverse-conjectural,conjecture,All-order radial inverse at a root of unity,Conjectures and frontier problems,Conjectures and frontier problems / Root-of-unity transseries and monodromy,no,conj:cyclotomic-resurgent-inverse,conjecture,,,Replaced by a precise fixed-normalization Gevrey/resurgence conjecture; the algebraic radial coefficients are proved separately in the radial cyclotomic theorem.
inverse_q_analog_functions_report:eq:logperiodic-full-conjecture,inverse_q_analog_functions_report,inverse_q_analog_functions_report/inverse_q_analog_functions.tex,2709,eq:logperiodic-full-conjecture,conjecture,Full log-periodic inverse expansion,Conjectures and frontier problems,Conjectures and frontier problems / Large-argument log-periodic inversion,no,,not applicable,,,Only the rigorously derived leading theta-modulated inverse survives; the proposed full periodic transseries and matching-phase language were not sufficiently specified to retain as a conjecture.
inverse_q_analog_functions_report:prob:inverse-partition-coefficients,inverse_q_analog_functions_report,inverse_q_analog_functions_report/inverse_q_analog_functions.tex,2735,prob:inverse-partition-coefficients,problem,Asymptotics of inverse partition coefficients,Conjectures and frontier problems,Conjectures and frontier problems / Inverse Gaussian coefficients and partition coefficients,no,,not applicable,,,The open-ended coefficient-combinatorics problem is not a canonical mathematical assertion; the exact finite inverse coefficients remain available through the Gaussian zero-base theorem.
inverse_q_analog_functions_report:unlabelled-problem-003,inverse_q_analog_functions_report,inverse_q_analog_functions_report/inverse_q_analog_functions.tex,2751,,problem,Global proof of continuous Gaussian monotonicity,Conjectures and frontier problems,Conjectures and frontier problems / Inverse Gaussian coefficients and partition coefficients,no,conj:continuous-gaussian-monotonicity,conjecture,,,Converted from a problem request into the explicitly normalized continuous Gaussian monotonicity conjecture.
inverse_q_analog_functions_report:unlabelled-conjecture-006,inverse_q_analog_functions_report,inverse_q_analog_functions_report/inverse_q_analog_functions.tex,2760,,conjecture,Generic nonholonomicity of compositional inverses,Conjectures and frontier problems,Conjectures and frontier problems / Differential and \texorpdfstring{$q$,no,,not applicable,,,"Retired as too generic to be falsifiable: the exceptional class, differential field, and q-holonomic convention were not specified."
inverse_q_analog_functions_report:unlabelled-problem-004,inverse_q_analog_functions_report,inverse_q_analog_functions_report/inverse_q_analog_functions.tex,2785,,problem,Canonical inverse double scalings,Conjectures and frontier problems,Conjectures and frontier problems / Uniform double scaling at coalescing branches,no,,not applicable,,,"Retired as an open-ended classification program; the canonical volume proves specific regular, finite-ramification, Lambert, and fixed-target double-scaling normal forms instead."
inverse_q_analog_jet_atlas:unlabelled-definition-001,inverse_q_analog_jet_atlas,inverse_q_analog_jet_atlas/inverse_q_analog_jet_atlas.tex,277,,definition,Partial inverse branch,Parameter-wise inverses and their geometry,Universal inversion machinery / Parameter-wise inverses and their geometry / One equation does not recover every parameter,no,def:uq-partial-inverse,not applicable,,,Merged verbatim in substance into the canonical partial-inverse definition with stricter branch data.
inverse_q_analog_jet_atlas:unlabelled-theorem-001,inverse_q_analog_jet_atlas,inverse_q_analog_jet_atlas/inverse_q_analog_jet_atlas.tex,289,,theorem,\statusproved\ Local partial inverse and first sensitivities,Parameter-wise inverses and their geometry,Universal inversion machinery / Parameter-wise inverses and their geometry / One equation does not recover every parameter,yes,thm:uq-regular-analytic-inverse,human-proved frontier result,,,Split across the regular analytic partial-inverse theorem and the universal inverse-sensitivity theorem; the former is the primary destination.
inverse_q_analog_jet_atlas:unlabelled-proposition-001,inverse_q_analog_jet_atlas,inverse_q_analog_jet_atlas/inverse_q_analog_jet_atlas.tex,359,,proposition,\statusproved\ Triangular reversion recurrence,Ordinary inverse jets to arbitrary order,Universal inversion machinery / Ordinary inverse jets to arbitrary order / Lagrange--Bürmann in coefficient form,yes,thm:uq-triangular-inverse,human-proved frontier result,,,"Retained and strengthened to existence, uniqueness, two-sidedness, and a commutative-ring recurrence."
inverse_q_analog_jet_atlas:eq:a-inverse-near-zero,inverse_q_analog_jet_atlas,inverse_q_analog_jet_atlas/inverse_q_analog_jet_atlas.tex,574,eq:a-inverse-near-zero,theorem,\statusproved\ Argument inverse at the unit target,Inversion in the argument,Finite \(q\)-Pochhammer products / Inversion in the argument / The branch issuing from \(a=0\),yes,fp-unit-inverse,human-proved frontier result,,,Retained and strengthened from a cubic display to the all-order Lagrange coefficient formula.
inverse_q_analog_jet_atlas:eq:derivative-geometric-zero,inverse_q_analog_jet_atlas,inverse_q_analog_jet_atlas/inverse_q_analog_jet_atlas.tex,606,eq:derivative-geometric-zero,theorem,\statusproved\ Exact derivative at a geometric zero,Inversion in the argument,Finite \(q\)-Pochhammer products / Inversion in the argument / Inverse jets at the exact zeros,yes,fp-zero-normalization,human-proved frontier result,,,Retained as the exact normalization at every simple finite-product zero.
inverse_q_analog_jet_atlas:unlabelled-proposition-002,inverse_q_analog_jet_atlas,inverse_q_analog_jet_atlas/inverse_q_analog_jet_atlas.tex,693,,proposition,\statusproved\ Small-base inverse through cubic order,Base inversion near \(q=0\) and \(q=1\),Finite \(q\)-Pochhammer products / Base inversion near \(q=0\) and \(q=1\) / The small-base combinatorial jet,yes,fp-small-base-engine,human-proved frontier result,,,"Retained inside the all-order small-base engine, including the distinct n=2, n=3, and n>=4 cubic cases."
inverse_q_analog_jet_atlas:eq:finite-q1-logjet,inverse_q_analog_jet_atlas,inverse_q_analog_jet_atlas/inverse_q_analog_jet_atlas.tex,720,eq:finite-q1-logjet,theorem,\statusproved\ Complete finite-product jet at \(q=1\),Base inversion near \(q=0\) and \(q=1\),Finite \(q\)-Pochhammer products / Base inversion near \(q=0\) and \(q=1\) / The logarithmic jet at \(q=1\),yes,fp-unit-base-inverse,human-proved frontier result,,,Retained as the complete logarithmic forward jet and all-order regular inverse at q=1.
inverse_q_analog_jet_atlas:eq:finite-a-q1-mixed,inverse_q_analog_jet_atlas,inverse_q_analog_jet_atlas/inverse_q_analog_jet_atlas.tex,770,eq:finite-a-q1-mixed,theorem,\statusproved\ Fixed-target argument inverse near \(q=1\),Base inversion near \(q=0\) and \(q=1\),Finite \(q\)-Pochhammer products / Base inversion near \(q=0\) and \(q=1\) / Inverting the argument while \(q\to1\),yes,fp-unit-base-inverse,human-proved frontier result,,,Retained in the same subsection as the fixed-target mixed argument inverse; its coefficients are generated from the complete logarithmic jet.
inverse_q_analog_jet_atlas:eq:a-star-minus-one,inverse_q_analog_jet_atlas,inverse_q_analog_jet_atlas/inverse_q_analog_jet_atlas.tex,816,eq:a-star-minus-one,theorem,\statusproved\ Complete finite-product criticality at \(q=-1\),The inverse atlas at \(q=-1\) and at roots of unity,Finite \(q\)-Pochhammer products / The inverse atlas at \(q=-1\) and at roots of unity / The unique nontrivial critical parameter,yes,fp-minus-one-criticality,human-proved frontier result,,,"Retained with all critical values, second derivatives, exclusions, and the exceptional cubic proved explicitly."
inverse_q_analog_jet_atlas:eq:minus-one-fold-inverse,inverse_q_analog_jet_atlas,inverse_q_analog_jet_atlas/inverse_q_analog_jet_atlas.tex,862,eq:minus-one-fold-inverse,corollary,\statusproved\ Explicit local inverse types,The inverse atlas at \(q=-1\) and at roots of unity,Finite \(q\)-Pochhammer products / The inverse atlas at \(q=-1\) and at roots of unity / The unique nontrivial critical parameter,no,fp-minus-one-criticality,human-proved frontier result,,,"Deduplicated into the complete minus-one theorem, which states both the quadratic-fold branches and exact cubic sheets."
inverse_q_analog_jet_atlas:eq:minus-one-a-minus-one,inverse_q_analog_jet_atlas,inverse_q_analog_jet_atlas/inverse_q_analog_jet_atlas.tex,884,eq:minus-one-a-minus-one,theorem,\statusproved\ Higher ramification of \((-1;q)_n\),The inverse atlas at \(q=-1\) and at roots of unity,Finite \(q\)-Pochhammer products / The inverse atlas at \(q=-1\) and at roots of unity / The singular endpoint parameters \(a=\pm1\),yes,fp-minus-one-criticality,human-proved frontier result,,,"Retained in the structural a=-1 exception, with the leading coefficient written as the product of odd indices and the full Puiseux family."
inverse_q_analog_jet_atlas:eq:p-large-q-inverse,inverse_q_analog_jet_atlas,inverse_q_analog_jet_atlas/inverse_q_analog_jet_atlas.tex,935,eq:p-large-q-inverse,theorem,\statusproved\ First large-base inverse terms,Base inversion at \(q=\pm\infty\),Finite \(q\)-Pochhammer products / Base inversion at \(q=\pm\infty\) / Reciprocal factorization,yes,fp-base-infinity,human-proved frontier result,,,Strengthened from two terms to a convergent all-order Lagrange expansion on every reciprocal-base sheet.
inverse_q_analog_jet_atlas:eq:alpha-derivatives,inverse_q_analog_jet_atlas,inverse_q_analog_jet_atlas/inverse_q_analog_jet_atlas.tex,983,eq:alpha-derivatives,theorem,\statusproved\ All order derivatives,"Order inversion, multiple arguments, and mixed recovery","Finite \(q\)-Pochhammer products / Order inversion, multiple arguments, and mixed recovery / Complex order",yes,,not applicable,,,The complex-order interpolation and its derivative hierarchy were omitted from the canonical family list; no exact canonical order-inversion assertion survives.
inverse_q_analog_jet_atlas:eq:infinite-zero-derivative,inverse_q_analog_jet_atlas,inverse_q_analog_jet_atlas/inverse_q_analog_jet_atlas.tex,1110,eq:infinite-zero-derivative,theorem,\statusproved\ Exact derivative at every infinite-product zero,Argument inversion for \((a;q)_\infty\),The infinite product and complex-order limits / Argument inversion for \((a;q)_\infty\) / All zero branches,yes,thm:ip-real-atlas,human-proved frontier result,,,"Retained exactly as the infinite-product zero derivative and leading inverse germ, inside the complete real sheet atlas."
inverse_q_analog_jet_atlas:eq:infinite-q1-forward,inverse_q_analog_jet_atlas,inverse_q_analog_jet_atlas/inverse_q_analog_jet_atlas.tex,1190,eq:infinite-q1-forward,theorem,\statusproved\ McIntosh-type logarithmic expansion,Base inversion for the infinite product,The infinite product and complex-order limits / Base inversion for the infinite product / Fixed argument and the essential singularity at \(q=1\),yes,thm:ip-fixed-a-expansion,human-proved frontier result,,,Retained with closed-sector and compact-parameter uniformity plus a complete head-tail remainder argument.
inverse_q_analog_jet_atlas:eq:double-scaling-five,inverse_q_analog_jet_atlas,inverse_q_analog_jet_atlas/inverse_q_analog_jet_atlas.tex,1264,eq:double-scaling-five,theorem,\statusproved\ Five-term fixed-target inverse,The fixed-target double-scaling inverse at \(q=1\),The infinite product and complex-order limits / The fixed-target double-scaling inverse at \(q=1\) / Explicit expansion,yes,thm:ip-double-scaling,human-proved frontier result,,,Strengthened to an all-order fixed-target inverse with a proved recurrence; the archived finite list is treated as a specialization and cross-check.
inverse_q_analog_jet_atlas:unlabelled-algorithm-001,inverse_q_analog_jet_atlas,inverse_q_analog_jet_atlas/inverse_q_analog_jet_atlas.tex,1296,,algorithm,Arbitrary-order double-scaling coefficients,The fixed-target double-scaling inverse at \(q=1\),The infinite product and complex-order limits / The fixed-target double-scaling inverse at \(q=1\) / Explicit expansion,no,thm:ip-double-scaling,not applicable,,,The finite symbolic procedure is absorbed into the proof and recurrence of the all-order double-scaling theorem; an algorithm is not assigned a proof status.
inverse_q_analog_jet_atlas:eq:gaussian-q0-inverse,inverse_q_analog_jet_atlas,inverse_q_analog_jet_atlas/inverse_q_analog_jet_atlas.tex,1396,eq:gaussian-q0-inverse,theorem,\statusproved\ Gaussian inverse at \(q=0\),Gaussian base inversion near \(q=0\) and \(q=1\),Gaussian coefficients and palindromic \(q\)-polynomials / Gaussian base inversion near \(q=0\) and \(q=1\) / Restricted partitions at zero base,yes,thm:gq-zero-inverse,human-proved frontier result,,,Retained and strengthened to arbitrary order with exact rectangle-partition input.
inverse_q_analog_jet_atlas:eq:gaussian-q1-forward,inverse_q_analog_jet_atlas,inverse_q_analog_jet_atlas/inverse_q_analog_jet_atlas.tex,1434,eq:gaussian-q1-forward,theorem,\statusproved\ Complete Gaussian logarithmic jet,Gaussian base inversion near \(q=0\) and \(q=1\),Gaussian coefficients and palindromic \(q\)-polynomials / Gaussian base inversion near \(q=0\) and \(q=1\) / Bernoulli cumulants at unit base,yes,thm:gq-one-log,human-proved frontier result,,,Retained as the complete Bernoulli logarithmic expansion at q=1.
inverse_q_analog_jet_atlas:eq:gaussian-q1-inverse,inverse_q_analog_jet_atlas,inverse_q_analog_jet_atlas/inverse_q_analog_jet_atlas.tex,1452,eq:gaussian-q1-inverse,corollary,\statusproved\ Gaussian base inverse at \(q=1\),Gaussian base inversion near \(q=0\) and \(q=1\),Gaussian coefficients and palindromic \(q\)-polynomials / Gaussian base inversion near \(q=0\) and \(q=1\) / Bernoulli cumulants at unit base,yes,cor:gq-one-inverse,human-proved frontier result,,,Retained as the ordinary base inverse derived from the complete logarithmic expansion.
inverse_q_analog_jet_atlas:unlabelled-theorem-015,inverse_q_analog_jet_atlas,inverse_q_analog_jet_atlas/inverse_q_analog_jet_atlas.tex,1494,,theorem,\statusproved\ Global two-branch inverse,The centered-palindromic inverse theorem,Gaussian coefficients and palindromic \(q\)-polynomials / The centered-palindromic inverse theorem / A universal probabilistic normalization,yes,thm:gq-centered-palindromic,human-proved frontier result,,,Retained with corrected hypotheses: nonzero equal endpoint coefficients and positivity are made explicit before the global two-branch conclusion.
inverse_q_analog_jet_atlas:eq:centered-puiseux,inverse_q_analog_jet_atlas,inverse_q_analog_jet_atlas/inverse_q_analog_jet_atlas.tex,1531,eq:centered-puiseux,theorem,\statusproved\ Centered inverse through order \(u^{5/2}\),The centered-palindromic inverse theorem,Gaussian coefficients and palindromic \(q\)-polynomials / The centered-palindromic inverse theorem / Cumulant Puiseux series,yes,prop:gq-centered-puiseux,human-proved frontier result,,,"Retained as the centered cumulant inverse through u^(5/2), with coefficient normalization fixed."
inverse_q_analog_jet_atlas:unlabelled-theorem-017,inverse_q_analog_jet_atlas,inverse_q_analog_jet_atlas/inverse_q_analog_jet_atlas.tex,1579,,theorem,\statusproved\ Gaussian polynomials are square-free,Roots of unity and the square-free Gaussian covering,Gaussian coefficients and palindromic \(q\)-polynomials / Roots of unity and the square-free Gaussian covering / Cyclotomic factorization,yes,thm:gq-square-free,human-proved frontier result,,,Retained with a complete carry proof that every Gaussian cyclotomic exponent is zero or one.
inverse_q_analog_jet_atlas:eq:gaussian-minus-one-derivative,inverse_q_analog_jet_atlas,inverse_q_analog_jet_atlas/inverse_q_analog_jet_atlas.tex,1623,eq:gaussian-minus-one-derivative,theorem,\statusproved\ Exact derivative of the alternating zero,Roots of unity and the square-free Gaussian covering,Gaussian coefficients and palindromic \(q\)-polynomials / Roots of unity and the square-free Gaussian covering / The alternating base,yes,prop:gq-minus-one,Lean-proved,GaussianBinomialAtNegOne;QBinomialReciprocity;GaussianBinomialAtNegOneDerivative,gaussianBinomial_neg_one_even_even;gaussianBinomial_neg_one_odd_even;gaussianBinomial_neg_one_odd_odd;gaussianBinomial_neg_one_even_odd_eq_zero;gaussianBinomial_derivative_eval_neg_one_even_odd,Retained in the complete minus-one value and derivative proposition.
inverse_q_analog_jet_atlas:eq:gaussian-large-q,inverse_q_analog_jet_atlas,inverse_q_analog_jet_atlas/inverse_q_analog_jet_atlas.tex,1676,eq:gaussian-large-q,theorem,\statusproved\ Large-target Gaussian inverse,Large base and reciprocal Gaussian branches,Gaussian coefficients and palindromic \(q\)-polynomials / Large base and reciprocal Gaussian branches / Reciprocity,yes,thm:gq-large-inverse,human-proved frontier result,,,Retained after correcting the archived Y^(-2) coefficient by direct reciprocal reversion; the canonical theorem gives the checked expansion.
inverse_q_analog_jet_atlas:unlabelled-theorem-020,inverse_q_analog_jet_atlas,inverse_q_analog_jet_atlas/inverse_q_analog_jet_atlas.tex,1720,,theorem,\statusproved\ Parameter branch geometry,Continuous upper and lower parameters; q-multinomials,Gaussian coefficients and palindromic \(q\)-polynomials / Continuous upper and lower parameters; q-multinomials / q-gamma interpolation of the Gaussian coefficient,yes,,not applicable,,,The continuously interpolated Gaussian parameter geometry was not retained as a standalone theorem; the source used an interpolation outside the canonical Gaussian chapter.
inverse_q_analog_jet_atlas:eq:carry-count,inverse_q_analog_jet_atlas,inverse_q_analog_jet_atlas/inverse_q_analog_jet_atlas.tex,1768,eq:carry-count,theorem,\statusproved\ Residue-carry ramification,Continuous upper and lower parameters; q-multinomials,Gaussian coefficients and palindromic \(q\)-polynomials / Continuous upper and lower parameters; q-multinomials / q-multinomial cyclotomic carry theorem,yes,thm:qm-carry,human-proved frontier result,,,Retained and generalized as the multinomial cyclotomic carry theorem with exact ramification.
inverse_q_analog_jet_atlas:eq:qfactorial-minus-one,inverse_q_analog_jet_atlas,inverse_q_analog_jet_atlas/inverse_q_analog_jet_atlas.tex,1880,eq:qfactorial-minus-one,theorem,\statusproved\ Exact alternating ramification of q-factorials,q-numbers and q-factorials,Other principal \(q\)-analogs / q-numbers and q-factorials / q-factorials at the distinguished bases,yes,thm:qs-qfactorial-root,human-proved frontier result,,,"Strengthened from q=-1 to every primitive root of unity, with exact vanishing order."
inverse_q_analog_jet_atlas:eq:qgamma-expansion,inverse_q_analog_jet_atlas,inverse_q_analog_jet_atlas/inverse_q_analog_jet_atlas.tex,1961,eq:qgamma-expansion,theorem,\statusproved\ q-gamma expansion and odd-power cancellation,q-gamma and q-digamma inverse jets,Other principal \(q\)-analogs / q-gamma and q-digamma inverse jets / All-order algebraic expansion at \(q=1\),yes,thm:qs-qgamma-one,human-proved frontier result,,,Retained as the all-order q-to-one expansion with the odd-power cancellation proved uniformly.
inverse_q_analog_jet_atlas:eq:qbeta-critical-b2,inverse_q_analog_jet_atlas,inverse_q_analog_jet_atlas/inverse_q_analog_jet_atlas.tex,2098,eq:qbeta-critical-b2,theorem,\statusproved\ Type change of the q-beta base inverse,q-beta: coordinate inverses and a critical base curve,Other principal \(q\)-analogs / q-beta: coordinate inverses and a critical base curve / Base expansion and the curve \(xy=1\),yes,thm:qs-qbeta,human-proved frontier result,,,Retained with the full ordinary-versus-fold base classification and the constant unidentifiable point.
inverse_q_analog_jet_atlas:unlabelled-theorem-025,inverse_q_analog_jet_atlas,inverse_q_analog_jet_atlas/inverse_q_analog_jet_atlas.tex,2262,,theorem,\statusproved\ Every even cumulant identifies the geometric base,An effective geometric base for the Rvachev infinite sinc product,"Fabius--Rvachev synthesis, algorithms, and frontiers / An effective geometric base for the Rvachev infinite sinc product / Cumulants and a globally identifiable base",yes,thm:fr-cumulant-recovery,human-proved frontier result,,,"Retained and strengthened to the exact formula for every cumulant, strict monotonicity, unique recovery, and both endpoint inverses."
inverse_q_analog_jet_atlas:unlabelled-conjecture-001,inverse_q_analog_jet_atlas,inverse_q_analog_jet_atlas/inverse_q_analog_jet_atlas.tex,2422,,conjecture,Generic symmetric monodromy,Conjectures and research directions,"Fabius--Rvachev synthesis, algorithms, and frontiers / Conjectures and research directions / Algebraic monodromy of finite base inverses",no,,not applicable,,,Retired rather than merged with the canonical finite-product conjecture: this is a base-variable monodromy claim with an unspecified degree and exceptional locus.
inverse_q_analog_jet_atlas:unlabelled-conjecture-002,inverse_q_analog_jet_atlas,inverse_q_analog_jet_atlas/inverse_q_analog_jet_atlas.tex,2441,,conjecture,Generic normal crossings of critical-value collisions,Conjectures and research directions,"Fabius--Rvachev synthesis, algorithms, and frontiers / Conjectures and research directions / Secondary discriminants and collision normal forms",no,,not applicable,,,"The normal-crossing claim was not retained because the secondary discriminant, parameter space, and transversality conditions were not specified sufficiently for a falsifiable assertion."
inverse_q_analog_jet_atlas:unlabelled-conjecture-003,inverse_q_analog_jet_atlas,inverse_q_analog_jet_atlas/inverse_q_analog_jet_atlas.tex,2457,,conjecture,Sectorial Borel summability,Conjectures and research directions,"Fabius--Rvachev synthesis, algorithms, and frontiers / Conjectures and research directions / Resurgence of \(q\to1\) inverse jets",no,conj:cyclotomic-resurgent-inverse,conjecture,,,Narrowed to a precise fixed-argument cyclotomic Pochhammer resurgence conjecture; the broader q-gamma and q-beta Borel claims are not retained.
inverse_q_analog_jet_atlas:unlabelled-researchproblem-001,inverse_q_analog_jet_atlas,inverse_q_analog_jet_atlas/inverse_q_analog_jet_atlas.tex,2476,,researchproblem,,Conjectures and research directions,"Fabius--Rvachev synthesis, algorithms, and frontiers / Conjectures and research directions / Global q-beta critical surfaces",no,,not applicable,,,The global q-beta critical-surface program is not a single canonical assertion; the volume retains only the proved local q=1 type change.
inverse_q_analog_jet_atlas:unlabelled-conjecture-004,inverse_q_analog_jet_atlas,inverse_q_analog_jet_atlas/inverse_q_analog_jet_atlas.tex,2496,,conjecture,Generic \(A_{m-1}\) unfolding,Conjectures and research directions,"Fabius--Rvachev synthesis, algorithms, and frontiers / Conjectures and research directions / Root-of-unity universality for multinomial inverses",no,,not applicable,,,Retired as under-specified: the deformation parameters and versality map needed for an A_(m-1) assertion were not fixed.
inverse_q_analog_jet_atlas:unlabelled-researchproblem-002,inverse_q_analog_jet_atlas,inverse_q_analog_jet_atlas/inverse_q_analog_jet_atlas.tex,2511,,researchproblem,,Conjectures and research directions,"Fabius--Rvachev synthesis, algorithms, and frontiers / Conjectures and research directions / Coefficient arithmetic of the double-scaling inverse",no,,not applicable,,,"The coefficient-arithmetic request is an exploratory program, not a retained assertion; the coefficients remain generated by the proved recurrence."
inverse_q_analog_jet_atlas:unlabelled-researchproblem-003,inverse_q_analog_jet_atlas,inverse_q_analog_jet_atlas/inverse_q_analog_jet_atlas.tex,2524,,researchproblem,,Conjectures and research directions,"Fabius--Rvachev synthesis, algorithms, and frontiers / Conjectures and research directions / Fabius--Rvachev inverse consistency",no,,not applicable,,,"No canonical assertion survives because the perturbed digit law, deformation class, observation model, and conditioning metric were left unspecified."
inverse_q_analogs_extended_report:unlabelled-definition-001,inverse_q_analogs_extended_report,inverse_q_analogs_extended_report/inverse_q_analogs_extended_report.tex,285,,definition,Partial inverse branch,"Inverse problems, sheets, and identifiability","A general calculus of parameter-wise inversion / Inverse problems, sheets, and identifiability / One scalar equation does not recover every parameter",no,def:uq-partial-inverse,not applicable,,,Merged into the canonical partial-inverse definition.
inverse_q_analogs_extended_report:unlabelled-principle-001,inverse_q_analogs_extended_report,inverse_q_analogs_extended_report/inverse_q_analogs_extended_report.tex,309,,principle,Branch data are part of the answer,"Inverse problems, sheets, and identifiability","A general calculus of parameter-wise inversion / Inverse problems, sheets, and identifiability / Real branches and complex coverings",no,def:uq-partial-inverse,not applicable,,,The editorial principle is enforced by the canonical definition and notation rules; it is not itself assigned a theorem status.
inverse_q_analogs_extended_report:unlabelled-theorem-001,inverse_q_analogs_extended_report,inverse_q_analogs_extended_report/inverse_q_analogs_extended_report.tex,324,,theorem,\statusproved\ Local identifiability,"Inverse problems, sheets, and identifiability","A general calculus of parameter-wise inversion / Inverse problems, sheets, and identifiability / Jacobian identifiability",yes,thm:uq-multivariate-triangular-inverse,human-proved frontier result,,,"Retained and strengthened: the canonical theorem gives the total-degree formal inverse, analytic convergence under a nonsingular Jacobian, and the inverse-Jacobian formula."
inverse_q_analogs_extended_report:unlabelled-theorem-002,inverse_q_analogs_extended_report,inverse_q_analogs_extended_report/inverse_q_analogs_extended_report.tex,377,,theorem,\statusproved\ Bell-polynomial recursion,Regular analytic reversion,A general calculus of parameter-wise inversion / Regular analytic reversion / The scalar inverse jet,yes,thm:uq-bell-inverse-recursion,human-proved frontier result,,,Retained with corrected factorial conventions and a triangular proof over a commutative Q-algebra.
inverse_q_analogs_extended_report:unlabelled-proposition-001,inverse_q_analogs_extended_report,inverse_q_analogs_extended_report/inverse_q_analogs_extended_report.tex,448,,proposition,\statusproved\ First and second inverse sensitivities,Regular analytic reversion,A general calculus of parameter-wise inversion / Regular analytic reversion / Auxiliary-parameter derivatives,yes,thm:uq-inverse-sensitivities,human-proved frontier result,,,Retained exactly in scope and notation as all first and second inverse sensitivities.
inverse_q_analogs_extended_report:unlabelled-theorem-003,inverse_q_analogs_extended_report,inverse_q_analogs_extended_report/inverse_q_analogs_extended_report.tex,498,,theorem,\statusproved\ Fold normal form,Singular inversion and asymptotic reversion,A general calculus of parameter-wise inversion / Singular inversion and asymptotic reversion / Simple folds and Puiseux coefficients,yes,cor:uq-fold-jet,human-proved frontier result,,,Retained as the universal fold jet; the canonical normalization makes the sheet signs and coefficient convention explicit.
inverse_q_analogs_extended_report:unlabelled-theorem-004,inverse_q_analogs_extended_report,inverse_q_analogs_extended_report/inverse_q_analogs_extended_report.tex,599,,theorem,\statusproved\ Global positive inverse,A universal theory for positive and palindromic \texorpdfstring{\(q\),A general calculus of parameter-wise inversion / A universal theory for positive and palindromic \texorpdfstring{\(q\) / Positive-base inversion,yes,thm:gq-positive-inverse,human-proved frontier result,,,The useful Gaussian specialization is retained and proved; the broader positive-polynomial statement is absorbed into that proof rather than repeated as a separate theorem.
inverse_q_analogs_extended_report:unlabelled-theorem-005,inverse_q_analogs_extended_report,inverse_q_analogs_extended_report/inverse_q_analogs_extended_report.tex,637,,theorem,\statusproved\ Palindromic reduction,A universal theory for positive and palindromic \texorpdfstring{\(q\),A general calculus of parameter-wise inversion / A universal theory for positive and palindromic \texorpdfstring{\(q\) / Cumulant coordinates at \texorpdfstring{\(q=1\),yes,thm:gq-centered-palindromic,human-proved frontier result,,,"Corrected and strengthened: palindromy alone is insufficient, so the canonical theorem includes positivity and nonzero equal endpoint coefficients before asserting two real branches."
inverse_q_analogs_extended_report:thm:argument-all-order,inverse_q_analogs_extended_report,inverse_q_analogs_extended_report/inverse_q_analogs_extended_report.tex,738,thm:argument-all-order,theorem,\statusproved\ All-order argument inverse at one,Finite \texorpdfstring{\(q\),Finite and infinite \texorpdfstring{\(q\) / Finite \texorpdfstring{\(q\) / The inverse jet at \texorpdfstring{\(a=0\),yes,fp-unit-inverse,human-proved frontier result,,,Retained as the all-order finite-product argument inverse at the unit target.
inverse_q_analogs_extended_report:unlabelled-proposition-002,inverse_q_analogs_extended_report,inverse_q_analogs_extended_report/inverse_q_analogs_extended_report.tex,768,,proposition,\statusproved\ Zero-sheet expansion,Finite \texorpdfstring{\(q\),Finite and infinite \texorpdfstring{\(q\) / Finite \texorpdfstring{\(q\) / Local inverse at a simple zero,yes,fp-zero-normalization,human-proved frontier result,,,Retained with an exact closed form for the derivative at every simple zero.
inverse_q_analogs_extended_report:unlabelled-theorem-007,inverse_q_analogs_extended_report,inverse_q_analogs_extended_report/inverse_q_analogs_extended_report.tex,795,,theorem,\statusproved\ Cyclotomic argument ramification,Finite \texorpdfstring{\(q\),Finite and infinite \texorpdfstring{\(q\) / Finite \texorpdfstring{\(q\) / Colliding zeros at roots of unity,yes,fp-cyclotomic-argument,human-proved frontier result,,,Retained and strengthened to exact residue-class multiplicities and all Puiseux sheets.
inverse_q_analogs_extended_report:eq:even-critical-value,inverse_q_analogs_extended_report,inverse_q_analogs_extended_report/inverse_q_analogs_extended_report.tex,973,eq:even-critical-value,theorem,\statusproved\ Exact nonconstant critical parameter at \(q=-1\),Finite \texorpdfstring{\(q\),Finite and infinite \texorpdfstring{\(q\) / Finite \texorpdfstring{\(q\) / The complete \texorpdfstring{\(q=-1\),yes,fp-minus-one-criticality,human-proved frontier result,,,"Retained with exact values, second derivatives, folds, and the cubic exception."
inverse_q_analogs_extended_report:unlabelled-corollary-001,inverse_q_analogs_extended_report,inverse_q_analogs_extended_report/inverse_q_analogs_extended_report.tex,1051,,corollary,\statusproved\ Morse interpretation,Finite \texorpdfstring{\(q\),Finite and infinite \texorpdfstring{\(q\) / Finite \texorpdfstring{\(q\) / The exceptional cubic is a Morse saddle in two parameters,no,fp-minus-one-morse,human-proved frontier result,,,Retained with a complete Hessian computation proving the full two-variable point is a Morse saddle.
inverse_q_analogs_extended_report:unlabelled-researchproblem-001,inverse_q_analogs_extended_report,inverse_q_analogs_extended_report/inverse_q_analogs_extended_report.tex,1095,,researchproblem,,Finite \texorpdfstring{\(q\),Finite and infinite \texorpdfstring{\(q\) / Finite \texorpdfstring{\(q\) / Other roots of unity,no,,not applicable,,,The all-roots critical-parameter classification remains an open research program and was not converted into a canonical assertion.
inverse_q_analogs_extended_report:eq:order-inverse-exact,inverse_q_analogs_extended_report,inverse_q_analogs_extended_report/inverse_q_analogs_extended_report.tex,1145,eq:order-inverse-exact,theorem,\statusproved\ Exact order inverse,Order inversion and simultaneous recovery for finite products,Finite and infinite \texorpdfstring{\(q\) / Order inversion and simultaneous recovery for finite products / Complex order and exact reduction to argument inversion,yes,,not applicable,,,The complex-order inverse was omitted from the canonical family list; no exact order-inverse assertion survives.
inverse_q_analogs_extended_report:eq:exact-aq-recovery,inverse_q_analogs_extended_report,inverse_q_analogs_extended_report/inverse_q_analogs_extended_report.tex,1177,eq:exact-aq-recovery,theorem,\statusproved\ Two-parameter reconstruction,Order inversion and simultaneous recovery for finite products,Finite and infinite \texorpdfstring{\(q\) / Order inversion and simultaneous recovery for finite products / Exact recovery from consecutive products,no,,not applicable,,,The adjacent-order reconstruction identity was not retained; it concerns a multi-observation identification model outside the canonical theorem set.
inverse_q_analogs_extended_report:eq:qminus1-infinite-inverse,inverse_q_analogs_extended_report,inverse_q_analogs_extended_report/inverse_q_analogs_extended_report.tex,1416,eq:qminus1-infinite-inverse,theorem,\statusproved\ Real radial inverse at \(-1\),The infinite product inverted in the base,Finite and infinite \texorpdfstring{\(q\) / The infinite product inverted in the base / Radial inversion at \texorpdfstring{\(q=-1\),yes,cor:ip-plus-minus-one,human-proved frontier result,,,Retained as the exact q=-1 specialization of the all-order radial cyclotomic inverse.
inverse_q_analogs_extended_report:eq:cyclotomic-forward,inverse_q_analogs_extended_report,inverse_q_analogs_extended_report/inverse_q_analogs_extended_report.tex,1458,eq:cyclotomic-forward,theorem,\statusproved\ Radial cyclotomic inversion,The infinite product inverted in the base,Finite and infinite \texorpdfstring{\(q\) / The infinite product inverted in the base / A primitive-root inverse normal form,yes,thm:ip-radial-cyclotomic,human-proved frontier result,,,Retained and strengthened to every algebraic order with explicit uniformity and a recurrence for the inverse coefficients.
inverse_q_analogs_extended_report:unlabelled-conjecture-001,inverse_q_analogs_extended_report,inverse_q_analogs_extended_report/inverse_q_analogs_extended_report.tex,1531,,conjecture,\statusconjectural\ Cyclotomic resurgent inverse,The infinite product inverted in the base,Finite and infinite \texorpdfstring{\(q\) / The infinite product inverted in the base / Stokes data and continuation paths,no,conj:cyclotomic-resurgent-inverse,conjecture,,,"Retained only after fixing the logarithm, compact parameter set, sector, Gevrey statement, Borel continuation, and inverse nondegeneracy clause."
inverse_q_analogs_extended_report:unlabelled-theorem-013,inverse_q_analogs_extended_report,inverse_q_analogs_extended_report/inverse_q_analogs_extended_report.tex,1560,,theorem,\statusproved\ Unique positive Gaussian base,Gaussian coefficients inverted in the base,"Gaussian, multinomial, and parameter inverses / Gaussian coefficients inverted in the base / The global positive branch",no,thm:gq-positive-inverse,human-proved frontier result,,,Deduplicated into the global positive-base Gaussian inverse.
inverse_q_analogs_extended_report:eq:gaussian-minus-one-nonzero,inverse_q_analogs_extended_report,inverse_q_analogs_extended_report/inverse_q_analogs_extended_report.tex,1659,eq:gaussian-minus-one-nonzero,theorem,\statusproved\ Gaussian inverse at \(-1\),Gaussian coefficients inverted in the base,"Gaussian, multinomial, and parameter inverses / Gaussian coefficients inverted in the base / The exact first inverse jets at \texorpdfstring{\(q=-1\)",yes,prop:gq-minus-one,Lean-proved,GaussianBinomialAtNegOne;QBinomialReciprocity;GaussianBinomialAtNegOneDerivative,gaussianBinomial_neg_one_even_even;gaussianBinomial_neg_one_odd_even;gaussianBinomial_neg_one_odd_odd;gaussianBinomial_neg_one_even_odd_eq_zero;gaussianBinomial_derivative_eval_neg_one_even_odd,"Retained as the complete parity-dependent value, derivative, and regular inverse at q=-1."
inverse_q_analogs_extended_report:unlabelled-corollary-002,inverse_q_analogs_extended_report,inverse_q_analogs_extended_report/inverse_q_analogs_extended_report.tex,1710,,corollary,\statusproved\ Every forced cyclotomic zero is simple,Gaussian coefficients inverted in the base,"Gaussian, multinomial, and parameter inverses / Gaussian coefficients inverted in the base / Primitive roots of unity and carry geometry",yes,thm:gq-square-free,human-proved frontier result,,,Retained and strengthened to square-freeness of every Gaussian cyclotomic zero.
inverse_q_analogs_extended_report:unlabelled-conjecture-002,inverse_q_analogs_extended_report,inverse_q_analogs_extended_report/inverse_q_analogs_extended_report.tex,1757,,conjecture,\statusconjectural\ Generic Gaussian monodromy,Gaussian coefficients inverted in the base,"Gaussian, multinomial, and parameter inverses / Gaussian coefficients inverted in the base / Complex critical values and monodromy",no,,not applicable,,,Retired as the source did not define the parameter space or the 'permitted' group; the canonical monodromy conjecture concerns finite Pochhammer argument inversion instead.
inverse_q_analogs_extended_report:unlabelled-theorem-015,inverse_q_analogs_extended_report,inverse_q_analogs_extended_report/inverse_q_analogs_extended_report.tex,1801,,theorem,\statusproved\ Upper inverse for \(0<q<1\),Continuous upper and lower parameter inverses,"Gaussian, multinomial, and parameter inverses / Continuous upper and lower parameter inverses / Upper-parameter inversion",yes,,not applicable,,,The continuously interpolated upper-parameter Gaussian inverse was not retained as a standalone assertion.
inverse_q_analogs_extended_report:eq:lower-center-fold,inverse_q_analogs_extended_report,inverse_q_analogs_extended_report/inverse_q_analogs_extended_report.tex,1853,eq:lower-center-fold,theorem,\statusproved\ Two lower-parameter sheets,Continuous upper and lower parameter inverses,"Gaussian, multinomial, and parameter inverses / Continuous upper and lower parameter inverses / Lower-parameter inversion and the central fold",yes,,not applicable,,,The continuously interpolated lower-parameter Gaussian sheets were not retained as a standalone assertion.
inverse_q_analogs_extended_report:unlabelled-researchproblem-002,inverse_q_analogs_extended_report,inverse_q_analogs_extended_report/inverse_q_analogs_extended_report.tex,1923,,researchproblem,,Continuous upper and lower parameter inverses,"Gaussian, multinomial, and parameter inverses / Continuous upper and lower parameter inverses / A dilogarithmic double-scaling inverse",no,,not applicable,,,This three-limit uniform asymptotic request is a research program rather than a definite retained assertion.
inverse_q_analogs_extended_report:unlabelled-conjecture-003,inverse_q_analogs_extended_report,inverse_q_analogs_extended_report/inverse_q_analogs_extended_report.tex,1992,,conjecture,\statusconjectural\ Inverse cumulant universality,Multinomials and broader positive \texorpdfstring{\(q\),"Gaussian, multinomial, and parameter inverses / Multinomials and broader positive \texorpdfstring{\(q\) / Coefficient distributions and asymptotic inverse universality",no,,not applicable,,,"Retired as under-specified: the family class, scaling, target window, limiting saddle, and uniformity topology were not fixed."
inverse_q_analogs_extended_report:eq:qgamma-minimum-inverse,inverse_q_analogs_extended_report,inverse_q_analogs_extended_report/inverse_q_analogs_extended_report.tex,2209,eq:qgamma-minimum-inverse,theorem,\statusproved\ Real branch count for inverse \(q\)-gamma,Inverse \texorpdfstring{\(q\),Other \texorpdfstring{\(q\) / Inverse \texorpdfstring{\(q\) / Inverting \texorpdfstring{\(\Gamma_q\),yes,thm:qs-qgamma-minimum,human-proved frontier result,,,Retained as the complete real inverse branch count and square-root merger at the unique minimum.
inverse_q_analogs_extended_report:eq:qbeta-critical-forward,inverse_q_analogs_extended_report,inverse_q_analogs_extended_report/inverse_q_analogs_extended_report.tex,2418,eq:qbeta-critical-forward,theorem,\statusproved\ Critical curve for inverse \(q\)-beta,Inverse \texorpdfstring{\(q\),Other \texorpdfstring{\(q\) / Inverse \texorpdfstring{\(q\) / Base inversion near \texorpdfstring{\(q=1\),yes,thm:qs-qbeta,human-proved frontier result,,,Retained with the coefficient simplified on xy=1 and the unique constant exception isolated.
inverse_q_analogs_extended_report:eq:atomic-variance-inverse,inverse_q_analogs_extended_report,inverse_q_analogs_extended_report/inverse_q_analogs_extended_report.tex,2704,eq:atomic-variance-inverse,theorem,\statusproved\ Exact variance inverse,A geometrically weighted atomic-function family,The Fabius--Rvachev deformation and inverse parameter recovery / A geometrically weighted atomic-function family / Exact cumulants,yes,cor:fr-variance-inverse,human-proved frontier result,,,"Retained exactly as the variance formula, inverse Möbius transformation, and q=1/2 characterization."
inverse_q_analogs_extended_report:eq:cumulant-polynomial-inverse,inverse_q_analogs_extended_report,inverse_q_analogs_extended_report/inverse_q_analogs_extended_report.tex,2738,eq:cumulant-polynomial-inverse,theorem,\statusproved\ Monotone cumulant recovery,A geometrically weighted atomic-function family,The Fabius--Rvachev deformation and inverse parameter recovery / A geometrically weighted atomic-function family / Every even cumulant is an inverse observable,yes,thm:fr-cumulant-recovery,human-proved frontier result,,,"Retained and strengthened to the full cumulant formula, strict recovery theorem, and justified endpoint reversion."
inverse_q_analogs_extended_report:unlabelled-conjecture-004,inverse_q_analogs_extended_report,inverse_q_analogs_extended_report/inverse_q_analogs_extended_report.tex,2919,,conjecture,\statusconjectural\ Finite-fold CDF inverse,Inverse Fabius and Rvachev observables,The Fabius--Rvachev deformation and inverse parameter recovery / Inverse Fabius and Rvachev observables / Rigorous and conjectural geometry of CDF branches,no,,not applicable,,,"Retired as explained in the frontier chapter: it mixed a generic fold fact with an unproved, unnamed analyticity claim for a CDF family."
inverse_q_analogs_extended_report:unlabelled-conjecture-005,inverse_q_analogs_extended_report,inverse_q_analogs_extended_report/inverse_q_analogs_extended_report.tex,2928,,conjecture,\statusconjectural\ Total cumulant identifiability,Inverse Fabius and Rvachev observables,The Fabius--Rvachev deformation and inverse parameter recovery / Inverse Fabius and Rvachev observables / Rigorous and conjectural geometry of CDF branches,no,thm:fr-total-identifiability,human-proved frontier result,,,"Upgraded from conjecture to theorem after fixing the location-scale normalization; mean, variance, and excess kurtosis give an explicit global inverse."
inverse_q_analogs_extended_report:thm:residual-root,inverse_q_analogs_extended_report,inverse_q_analogs_extended_report/inverse_q_analogs_extended_report.tex,3105,thm:residual-root,theorem,\statusproved\ Residual-to-root enclosure,Stable numerical inversion,"Branch-aware computation, certification, and reproducibility / Stable numerical inversion / Certified real inverses",yes,prop:uq-real-residual-certificate,human-proved frontier result,,,Deduplicated into the universal real residual certificate with uniqueness on the derivative-separated interval.
inverse_q_analogs_extended_report:thm:one-zero-disk,inverse_q_analogs_extended_report,inverse_q_analogs_extended_report/inverse_q_analogs_extended_report.tex,3139,thm:one-zero-disk,theorem,\statusproved\ One-zero disk,Stable numerical inversion,"Branch-aware computation, certification, and reproducibility / Stable numerical inversion / A complex disk certificate",yes,thm:uq-rouche-disk-certificate,human-proved frontier result,,,"Deduplicated into the universal Rouche disk certificate, with the holomorphy and boundary estimates made explicit."
inverse_q_analogs_extended_report:eq:qpoch-zero-discriminant,inverse_q_analogs_extended_report,inverse_q_analogs_extended_report/inverse_q_analogs_extended_report.tex,3177,eq:qpoch-zero-discriminant,theorem,\statusproved\ Zero-fiber argument discriminant,Stable numerical inversion,"Branch-aware computation, certification, and reproducibility / Stable numerical inversion / Discriminants, resultants, and a zero-fiber factorization",yes,fp-cyclotomic-argument,human-proved frontier result,,,The exact zero discriminant is absorbed as the product of the geometric-root differences; the canonical primary result instead records the stronger root-of-unity multiplicity and ramification data.
inverse_q_analogs_extended_report:unlabelled-conjecture-006,inverse_q_analogs_extended_report,inverse_q_analogs_extended_report/inverse_q_analogs_extended_report.tex,3541,,conjecture,\statusconjectural\ Generic full monodromy,Algebraic and analytic frontiers,Open structure and a concrete research program / Algebraic and analytic frontiers / Generic monodromy of finite Pochhammer inverses,no,conj:generic-pochhammer-monodromy,conjecture,,,Retained in a sharper form with an explicit nonzero exceptional polynomial and a separate theorem proving that simple distinct critical values force S_n.
inverse_q_analogs_extended_report:unlabelled-researchproblem-003,inverse_q_analogs_extended_report,inverse_q_analogs_extended_report/inverse_q_analogs_extended_report.tex,3567,,researchproblem,,Algebraic and analytic frontiers,Open structure and a concrete research program / Algebraic and analytic frontiers / Secondary discriminants and Maxwell loci,no,,not applicable,,,The secondary-discriminant factorization request remains an open computational program; no canonical assertion is made from unsupported large symbolic factors.
inverse_q_analogs_extended_report:unlabelled-conjecture-007,inverse_q_analogs_extended_report,inverse_q_analogs_extended_report/inverse_q_analogs_extended_report.tex,3593,,conjecture,\statusconjectural\ Cyclotomic gamma transition,Algebraic and analytic frontiers,Open structure and a concrete research program / Algebraic and analytic frontiers / A double-scaling theory at colliding zeros,no,,not applicable,,,The coalescing cyclotomic gamma transition is not the fixed-argument resurgence conjecture and was not retained without a precise scaled domain and uniform remainder statement.
inverse_q_analogs_extended_report:unlabelled-researchproblem-004,inverse_q_analogs_extended_report,inverse_q_analogs_extended_report/inverse_q_analogs_extended_report.tex,3611,,researchproblem,,Algebraic and analytic frontiers,Open structure and a concrete research program / Algebraic and analytic frontiers / Resurgence of radial inverse series,no,conj:cyclotomic-resurgent-inverse,conjecture,,,Converted into the precise fixed-normalization resurgence conjecture; the source research tasks become its explicitly listed proof obligations.
inverse_q_analogs_extended_report:unlabelled-researchproblem-005,inverse_q_analogs_extended_report,inverse_q_analogs_extended_report/inverse_q_analogs_extended_report.tex,3635,,researchproblem,,Algebraic and analytic frontiers,Open structure and a concrete research program / Algebraic and analytic frontiers / Global phase diagrams for \texorpdfstring{\(q\),no,,not applicable,,,The global base-phase diagram for Gamma_q(x) was not retained; the canonical q-gamma theorem concerns inversion in the argument.
inverse_q_analogs_extended_report:unlabelled-researchproblem-006,inverse_q_analogs_extended_report,inverse_q_analogs_extended_report/inverse_q_analogs_extended_report.tex,3653,,researchproblem,,Algebraic and analytic frontiers,Open structure and a concrete research program / Algebraic and analytic frontiers / The critical curve of the \texorpdfstring{\(q\),no,thm:qs-qbeta,human-proved frontier result,,,"Resolved at q=1: the canonical theorem proves a quadratic fold everywhere on xy=1 except the identically constant point (1,1), so no higher positive degeneracy remains there."
inverse_q_analogs_extended_report:unlabelled-conjecture-008,inverse_q_analogs_extended_report,inverse_q_analogs_extended_report/inverse_q_analogs_extended_report.tex,3674,,conjecture,\statusconjectural\ Generic discrete uniqueness,Combinatorial and probabilistic frontiers,Open structure and a concrete research program / Combinatorial and probabilistic frontiers / Discrete inverse Gaussian problems,no,thm:transcendental-gaussian-uniqueness,human-proved frontier result,,,Upgraded from conjecture to theorem by injectivity of transcendental evaluation and recovery of the rectangle from its first partition deficit and degree.
inverse_q_analogs_extended_report:unlabelled-researchproblem-007,inverse_q_analogs_extended_report,inverse_q_analogs_extended_report/inverse_q_analogs_extended_report.tex,3700,,researchproblem,,Combinatorial and probabilistic frontiers,Open structure and a concrete research program / Combinatorial and probabilistic frontiers / Inverse universality from coefficient distributions,no,,not applicable,,,The growing-rectangle inverse limit program was not stated precisely enough to retain as a theorem or conjecture.
inverse_q_analogs_extended_report:unlabelled-researchproblem-008,inverse_q_analogs_extended_report,inverse_q_analogs_extended_report/inverse_q_analogs_extended_report.tex,3715,,researchproblem,,Combinatorial and probabilistic frontiers,Open structure and a concrete research program / Combinatorial and probabilistic frontiers / Statistical recovery of the Fabius--Rvachev contraction,no,,not applicable,,,"No assertion survives because the semiparametric digit-law class, sampling model, loss, and information geometry were not specified."
inverse_q_analogs_extended_report:unlabelled-conjecture-009,inverse_q_analogs_extended_report,inverse_q_analogs_extended_report/inverse_q_analogs_extended_report.tex,3733,,conjecture,\statusconjectural\ Tame tangent zero set,Combinatorial and probabilistic frontiers,Open structure and a concrete research program / Combinatorial and probabilistic frontiers / Global geometry of CDF inverse branches,no,,not applicable,,,Retired with the finite-CDF conjecture: analyticity in q and the alleged resonance set were not established or precisely defined.
inverse_q_analogs_extended_report:unlabelled-researchproblem-009,inverse_q_analogs_extended_report,inverse_q_analogs_extended_report/inverse_q_analogs_extended_report.tex,3767,,researchproblem,,Higher-codimension inversion and formalization,Open structure and a concrete research program / Higher-codimension inversion and formalization / Cusp and caustic classification,no,,not applicable,,,"The Thom--Boardman classification request is a research program, not a retained assertion with fixed observables and parameter domains."
inverse_q_analogs_extended_report:unlabelled-conjecture-010,inverse_q_analogs_extended_report,inverse_q_analogs_extended_report/inverse_q_analogs_extended_report.tex,3781,,conjecture,\statusconjectural\ Positivity after natural normalization,Higher-codimension inversion and formalization,Open structure and a concrete research program / Higher-codimension inversion and formalization / Multivariate Lagrange--Good coefficients as combinatorial objects,no,,not applicable,,,"Retired as nonsensically broad without a canonical normalization, a specified inverse system, or a defined decorated-forest class."
inverse_q_analogs_report:unlabelled-definition-001,inverse_q_analogs_report,inverse_q_analogs_report/inverse_q_analogs_report.tex,188,,definition,Partial inverse branch,What it means to invert a \texorpdfstring{\(q\),"Foundations of parameter-wise inversion / What it means to invert a \texorpdfstring{\(q\) / Partial inverses, not one universal inverse",no,def:uq-partial-inverse,not applicable,,,Merged into the canonical partial-inverse definition.
inverse_q_analogs_report:unlabelled-theorem-001,inverse_q_analogs_report,inverse_q_analogs_report/inverse_q_analogs_report.tex,257,,theorem,\statusproved\ Local partial inverse,Local analytic inversion and singularity theory,Foundations of parameter-wise inversion / Local analytic inversion and singularity theory / The inverse function theorem and sensitivities,yes,thm:uq-regular-analytic-inverse,human-proved frontier result,,,"Retained and split cleanly: existence/uniqueness are here, while parameter derivatives are in the sensitivity theorem."
inverse_q_analogs_report:unlabelled-corollary-001,inverse_q_analogs_report,inverse_q_analogs_report/inverse_q_analogs_report.tex,276,,corollary,\statusproved\ First inverse derivatives,Local analytic inversion and singularity theory,Foundations of parameter-wise inversion / Local analytic inversion and singularity theory / The inverse function theorem and sensitivities,no,thm:uq-inverse-sensitivities,human-proved frontier result,,,The first two derivatives are explicit in the sensitivity theorem and all higher derivatives are generated by the Bell inverse recurrence.
inverse_q_analogs_report:unlabelled-theorem-002,inverse_q_analogs_report,inverse_q_analogs_report/inverse_q_analogs_report.tex,296,,theorem,\statusproved\ Lagrange--Buerhmann inversion,Local analytic inversion and singularity theory,Foundations of parameter-wise inversion / Local analytic inversion and singularity theory / Lagrange--Buerhmann coefficients,yes,thm:uq-analytic-lagrange,human-proved frontier result,,,"Retained with the removable quotient value, branchwise convergence interpretation, and a formal proof separated from analytic convergence."
inverse_q_analogs_report:unlabelled-theorem-003,inverse_q_analogs_report,inverse_q_analogs_report/inverse_q_analogs_report.tex,335,,theorem,\statusproved\ Universal square-root law,Local analytic inversion and singularity theory,Foundations of parameter-wise inversion / Local analytic inversion and singularity theory / Simple branch points and Puiseux inversion,yes,cor:uq-fold-jet,human-proved frontier result,,,Retained and strengthened to the canonical universal fold jet with coherent sheet signs and higher displayed order.
inverse_q_analogs_report:unlabelled-definition-002,inverse_q_analogs_report,inverse_q_analogs_report/inverse_q_analogs_report.tex,371,,definition,Caustic and Maxwell locus,Local analytic inversion and singularity theory,"Foundations of parameter-wise inversion / Local analytic inversion and singularity theory / Discriminants, caustics, and Maxwell sets",no,,not applicable,,,The caustic/Maxwell terminology is retained only descriptively; the source definition and its single secondary-discriminant formula were not promoted to a canonical assertion.
inverse_q_analogs_report:unlabelled-proposition-001,inverse_q_analogs_report,inverse_q_analogs_report/inverse_q_analogs_report.tex,410,,proposition,\statusproved\ Logarithmic derivative hierarchy,Derivative kernels for \texorpdfstring{\(q\),Foundations of parameter-wise inversion / Derivative kernels for \texorpdfstring{\(q\) / Finite and infinite argument derivatives,yes,fp-finite-covering,human-proved frontier result,,,Absorbed into the finite and infinite product derivative kernels used throughout; the canonical chapters state the exact differentiated identities at their natural domains.
inverse_q_analogs_report:unlabelled-proposition-002,inverse_q_analogs_report,inverse_q_analogs_report/inverse_q_analogs_report.tex,442,,proposition,\statusproved\ Derivative with respect to the base,Derivative kernels for \texorpdfstring{\(q\),Foundations of parameter-wise inversion / Derivative kernels for \texorpdfstring{\(q\) / Base derivatives,yes,fp-finite-covering,human-proved frontier result,,,"Absorbed into the canonical finite base-derivative identity, with infinite differentiation justified by normal convergence in the infinite-product chapter."
inverse_q_analogs_report:thm:product-tail,inverse_q_analogs_report,inverse_q_analogs_report/inverse_q_analogs_report.tex,479,thm:product-tail,lemma,\statusproved\ Infinite-product tail bound,Derivative kernels for \texorpdfstring{\(q\),Foundations of parameter-wise inversion / Derivative kernels for \texorpdfstring{\(q\) / Truncation bounds for certified evaluation,yes,thm:qpoch-tail-certificate,human-proved frontier result,,,Strengthened to the canonical complex q-Pochhammer logarithmic and product tail certificate with explicit denominator separation.
inverse_q_analogs_report:unlabelled-theorem-004,inverse_q_analogs_report,inverse_q_analogs_report/inverse_q_analogs_report.tex,520,,theorem,\statusproved\ Complete real critical-point structure,Finite products: inversion in the argument,Inverse \texorpdfstring{\(q\) / Finite products: inversion in the argument / The real branch decomposition,yes,fp-real-atlas,human-proved frontier result,,,"Retained as the complete real argument atlas, with the zero order corrected and the critical-point simplicity proof written out."
inverse_q_analogs_report:unlabelled-corollary-002,inverse_q_analogs_report,inverse_q_analogs_report/inverse_q_analogs_report.tex,565,,corollary,\statusproved\ Real root count at a regular target,Finite products: inversion in the argument,Inverse \texorpdfstring{\(q\) / Finite products: inversion in the argument / The real branch decomposition,no,fp-real-atlas,human-proved frontier result,,,Absorbed into the complete atlas: each gap's target range and the two/one/zero branch count follow from its unique nondegenerate extremum.
inverse_q_analogs_report:eq:finite-principal-series,inverse_q_analogs_report,inverse_q_analogs_report/inverse_q_analogs_report.tex,611,eq:finite-principal-series,proposition,\statusproved\ Local inverse at the origin,Finite products: inversion in the argument,Inverse \texorpdfstring{\(q\) / Finite products: inversion in the argument / The principal series at \(y=1\),yes,fp-unit-inverse,human-proved frontier result,,,Retained and strengthened to the all-order Lagrange coefficient formula.
inverse_q_analogs_report:eq:finite-poch-disc,inverse_q_analogs_report,inverse_q_analogs_report/inverse_q_analogs_report.tex,635,eq:finite-poch-disc,theorem,\statusproved\ Exact zero-level discriminant,Finite products: inversion in the argument,Inverse \texorpdfstring{\(q\) / Finite products: inversion in the argument / The discriminant of the product,yes,fp-cyclotomic-argument,human-proved frontier result,,,The discriminant identity is absorbed as a consequence of the exact geometric zero factorization; the canonical theorem records the more informative collision multiplicities.
inverse_q_analogs_report:eq:critical-value-factorization,inverse_q_analogs_report,inverse_q_analogs_report/inverse_q_analogs_report.tex,667,eq:critical-value-factorization,proposition,\statusproved\ Critical-value factorization,Finite products: inversion in the argument,Inverse \texorpdfstring{\(q\) / Finite products: inversion in the argument / The discriminant of the product,yes,,not applicable,,,The critical-value discriminant factorization was not needed for a retained theorem and is not restated as a standalone canonical assertion.
inverse_q_analogs_report:unlabelled-theorem-006,inverse_q_analogs_report,inverse_q_analogs_report/inverse_q_analogs_report.tex,724,,theorem,\statusproved\ First positive-base Maxwell parameter,Finite products: inversion in the argument,Inverse \texorpdfstring{\(q\) / Finite products: inversion in the argument / Secondary discriminants and the first Maxwell collision,yes,,not applicable,,,Explicitly not promoted: the claimed n=5 Maxwell factorization lacks an independent exact resultant/Sturm certificate in the canonical package.
inverse_q_analogs_report:unlabelled-computationalresult-001,inverse_q_analogs_report,inverse_q_analogs_report/inverse_q_analogs_report.tex,762,,computationalresult,\statusnumerical\ Identification of the colliding sheets,Finite products: inversion in the argument,Inverse \texorpdfstring{\(q\) / Finite products: inversion in the argument / Secondary discriminants and the first Maxwell collision,no,,not applicable,,,Retired as numerical evidence only; the colliding-sheet identification still needs outward-rounded interval or exact isolation certification.
inverse_q_analogs_report:unlabelled-proposition-005,inverse_q_analogs_report,inverse_q_analogs_report/inverse_q_analogs_report.tex,799,,proposition,\statusproved\ Generic symmetric monodromy,Finite products: inversion in the argument,Inverse \texorpdfstring{\(q\) / Finite products: inversion in the argument / Monodromy away from the Maxwell set,yes,thm:simple-critical-values-monodromy,human-proved frontier result,,,Retained and generalized from the finite Pochhammer specialization to every degree-n complex polynomial with simple critical points and distinct critical values.
inverse_q_analogs_report:unlabelled-definition-003,inverse_q_analogs_report,inverse_q_analogs_report/inverse_q_analogs_report.tex,831,,definition,Principal inverse product,The infinite product: inversion in the argument,Inverse \texorpdfstring{\(q\) / The infinite product: inversion in the argument / The principal inverse,no,thm:ip-real-atlas,not applicable,,,The principal inverse notation is absorbed into the complete infinite-product real atlas; a definition is not assigned a proof status.
inverse_q_analogs_report:eq:Aq-prime,inverse_q_analogs_report,inverse_q_analogs_report/inverse_q_analogs_report.tex,838,eq:Aq-prime,theorem,\statusproved\ Global principal branch,The infinite product: inversion in the argument,Inverse \texorpdfstring{\(q\) / The infinite product: inversion in the argument / The principal inverse,yes,thm:ip-real-atlas,human-proved frontier result,,,Retained and strengthened to every real gap and exact zero normalization in addition to the principal decreasing convex branch.
inverse_q_analogs_report:eq:Aq-series-one,inverse_q_analogs_report,inverse_q_analogs_report/inverse_q_analogs_report.tex,876,eq:Aq-series-one,proposition,\statusproved\ Central principal series,The infinite product: inversion in the argument,Inverse \texorpdfstring{\(q\) / The infinite product: inversion in the argument / Three distinguished target regimes / Near \(y=1\),yes,thm:ip-real-atlas,human-proved frontier result,,,Retained in the principal endpoint-jet paragraph; the canonical atlas supplies the global branch on which that local series lives.
inverse_q_analogs_report:eq:logperiodic-product,inverse_q_analogs_report,inverse_q_analogs_report/inverse_q_analogs_report.tex,926,eq:logperiodic-product,theorem,\statusproved\ Theta-modulated large-target law,The infinite product: inversion in the argument,Inverse \texorpdfstring{\(q\) / The infinite product: inversion in the argument / Three distinguished target regimes / Large targets and log-periodic correction,yes,thm:ip-log-periodic,human-proved frontier result,,,Retained with a precise periodic theta factor and a proved inverse correction.
inverse_q_analogs_report:eq:ck-asymptotic,inverse_q_analogs_report,inverse_q_analogs_report/inverse_q_analogs_report.tex,984,eq:ck-asymptotic,theorem,\statusproved\ Asymptotics of remote branch points,The infinite product: inversion in the argument,Inverse \texorpdfstring{\(q\) / The infinite product: inversion in the argument / All nonprincipal real branches,yes,thm:ip-remote-gaps,human-proved frontier result,,,"Retained with the same leading location and height, plus explicit local uniformity in q."
inverse_q_analogs_report:unlabelled-conjecture-001,inverse_q_analogs_report,inverse_q_analogs_report/inverse_q_analogs_report.tex,1071,,conjecture,\statusconjectural\ Complete Bernstein principal inverse,The infinite product: inversion in the argument,Inverse \texorpdfstring{\(q\) / The infinite product: inversion in the argument / A Bernstein-function conjecture,no,conj:complete-bernstein-principal-inverse,conjecture,,,"Retained after spelling out the exact integral representation, positivity measure condition, and principal inverse normalization."
inverse_q_analogs_report:unlabelled-theorem-010,inverse_q_analogs_report,inverse_q_analogs_report/inverse_q_analogs_report.tex,1097,,theorem,\statusproved\ Global finite-base inverses,Inversion with respect to the base \texorpdfstring{\(q\),Inverse \texorpdfstring{\(q\) / Inversion with respect to the base \texorpdfstring{\(q\) / Finite products on the principal sign domains,yes,fp-global-base,human-proved frontier result,,,Retained with the constant degenerate cases added and the admissible endpoint ranges stated exactly.
inverse_q_analogs_report:unlabelled-theorem-011,inverse_q_analogs_report,inverse_q_analogs_report/inverse_q_analogs_report.tex,1147,,theorem,\statusproved\ Global infinite-base inverse,Inversion with respect to the base \texorpdfstring{\(q\),Inverse \texorpdfstring{\(q\) / Inversion with respect to the base \texorpdfstring{\(q\) / The infinite product as a function of the base,yes,thm:ip-real-base,human-proved frontier result,,,Retained as the complete real base atlas for positive and negative fixed argument.
inverse_q_analogs_report:eq:qbase-inverse-near1,inverse_q_analogs_report,inverse_q_analogs_report/inverse_q_analogs_report.tex,1185,eq:qbase-inverse-near1,theorem,\statusproved\ Base inverse as \(y\to0^+\),Inversion with respect to the base \texorpdfstring{\(q\),Inverse \texorpdfstring{\(q\) / Inversion with respect to the base \texorpdfstring{\(q\) / Polylogarithmic inversion near \(q=1\),yes,thm:ip-fixed-a-inverse,human-proved frontier result,,,Retained and strengthened to a rigorous large-log inverse derived from the uniform fixed-argument expansion.
inverse_q_analogs_report:eq:order-inverse-exact,inverse_q_analogs_report,inverse_q_analogs_report/inverse_q_analogs_report.tex,1252,eq:order-inverse-exact,theorem,\statusproved\ Real order inverse,Inversion with respect to order,Inverse \texorpdfstring{\(q\) / Inversion with respect to order / Exact reduction to the principal argument inverse,yes,,not applicable,,,Retired with the complex-order family; the source's branch endpoint and interpolation domain are not part of the canonical theorem set.
inverse_q_analogs_report:unlabelled-theorem-014,inverse_q_analogs_report,inverse_q_analogs_report/inverse_q_analogs_report.tex,1342,,theorem,\statusproved\ Unique positive-base inverse,Inverting a Gaussian coefficient with respect to \texorpdfstring{\(q\),Gaussian coefficients and combinatorial \texorpdfstring{\(q\) / Inverting a Gaussian coefficient with respect to \texorpdfstring{\(q\) / A global positive-base theorem,yes,thm:gq-positive-inverse,human-proved frontier result,,,Deduplicated into the global positive-base Gaussian inverse.
inverse_q_analogs_report:eq:qbinom-inverse-one,inverse_q_analogs_report,inverse_q_analogs_report/inverse_q_analogs_report.tex,1406,eq:qbinom-inverse-one,theorem,\statusproved\ First inverse terms at \(q=1\),Inverting a Gaussian coefficient with respect to \texorpdfstring{\(q\),Gaussian coefficients and combinatorial \texorpdfstring{\(q\) / Inverting a Gaussian coefficient with respect to \texorpdfstring{\(q\) / Complete Bernoulli reversion near \(q=1\),yes,cor:gq-one-inverse,human-proved frontier result,,,Retained after standardizing the sign and logarithmic coordinate against the complete Gaussian expansion.
inverse_q_analogs_report:eq:qbinom-large-y,inverse_q_analogs_report,inverse_q_analogs_report/inverse_q_analogs_report.tex,1477,eq:qbinom-large-y,proposition,\statusproved\ Large-target expansion,Inverting a Gaussian coefficient with respect to \texorpdfstring{\(q\),Gaussian coefficients and combinatorial \texorpdfstring{\(q\) / Inverting a Gaussian coefficient with respect to \texorpdfstring{\(q\) / The large-target inverse,yes,thm:gq-large-inverse,human-proved frontier result,,,Strengthened to a checked multi-term large-target inverse; the canonical calculation corrects the archived higher coefficient.
inverse_q_analogs_report:unlabelled-theorem-016,inverse_q_analogs_report,inverse_q_analogs_report/inverse_q_analogs_report.tex,1528,,theorem,\statusproved\ Discrete inverse structure,Inverting the upper and lower Gaussian parameters,Gaussian coefficients and combinatorial \texorpdfstring{\(q\) / Inverting the upper and lower Gaussian parameters / Discrete parameters \(n\) and \(k\),yes,,not applicable,,,The discrete inversion in n and k was omitted from the canonical theorem set; it is a separate arithmetic problem rather than a series inverse.
inverse_q_analogs_report:eq:upper-limit,inverse_q_analogs_report,inverse_q_analogs_report/inverse_q_analogs_report.tex,1558,eq:upper-limit,theorem,\statusproved\ Upper-parameter inverse,Inverting the upper and lower Gaussian parameters,Gaussian coefficients and combinatorial \texorpdfstring{\(q\) / Inverting the upper and lower Gaussian parameters / A two-parameter analytic interpolation / Recovering the upper parameter,yes,,not applicable,,,The continuously interpolated upper-parameter Gaussian theorem was not retained as a canonical assertion.
inverse_q_analogs_report:unlabelled-theorem-018,inverse_q_analogs_report,inverse_q_analogs_report/inverse_q_analogs_report.tex,1610,,theorem,\statusproved\ Two lower-parameter branches,Inverting the upper and lower Gaussian parameters,Gaussian coefficients and combinatorial \texorpdfstring{\(q\) / Inverting the upper and lower Gaussian parameters / A two-parameter analytic interpolation / Recovering the lower parameter,yes,,not applicable,,,The continuously interpolated lower-parameter Gaussian theorem was not retained as a canonical assertion.
inverse_q_analogs_report:unlabelled-researchproblem-001,inverse_q_analogs_report,inverse_q_analogs_report/inverse_q_analogs_report.tex,1668,,researchproblem,,Inverting the upper and lower Gaussian parameters,Gaussian coefficients and combinatorial \texorpdfstring{\(q\) / Inverting the upper and lower Gaussian parameters / Inverting the base in the generalized coefficient,no,conj:continuous-gaussian-monotonicity,conjecture,,,Converted into the explicit continuous Gaussian monotonicity conjecture with a fixed reciprocal-base normalization.
inverse_q_analogs_report:unlabelled-theorem-019,inverse_q_analogs_report,inverse_q_analogs_report/inverse_q_analogs_report.tex,1678,,theorem,\statusproved\ Positive-polynomial inverse principle,A positive-coefficient inversion principle,Gaussian coefficients and combinatorial \texorpdfstring{\(q\) / A positive-coefficient inversion principle / The general theorem,yes,thm:gq-positive-inverse,human-proved frontier result,,,"The Gaussian specialization is retained, and its proof is exactly the nonnegative-coefficient inverse principle; the broader generic polynomial theorem is not duplicated."
inverse_q_analogs_report:unlabelled-principle-001,inverse_q_analogs_report,inverse_q_analogs_report/inverse_q_analogs_report.tex,1754,,principle,Cumulant-to-inverse pipeline,A positive-coefficient inversion principle,Gaussian coefficients and combinatorial \texorpdfstring{\(q\) / A positive-coefficient inversion principle / Probabilistic inversion,no,thm:gq-one-log,not applicable,,,The editorial pipeline is implemented by the canonical Gaussian and multinomial cumulant proofs; a principle is not assigned a proof status.
inverse_q_analogs_report:eq:qnumber-inverse-x,inverse_q_analogs_report,inverse_q_analogs_report/inverse_q_analogs_report.tex,1770,eq:qnumber-inverse-x,theorem,\statusproved\ Exact inverse in \(x\),Inverse \texorpdfstring{\(q\),Gaussian coefficients and combinatorial \texorpdfstring{\(q\) / Inverse \texorpdfstring{\(q\) / The \(q\)-number,yes,prop:qs-qnumber-x,human-proved frontier result,,,Retained with all complex logarithm sheets and the exact real specialization.
inverse_q_analogs_report:unlabelled-theorem-021,inverse_q_analogs_report,inverse_q_analogs_report/inverse_q_analogs_report.tex,1790,,theorem,\statusproved\ Real base monotonicity,Inverse \texorpdfstring{\(q\),Gaussian coefficients and combinatorial \texorpdfstring{\(q\) / Inverse \texorpdfstring{\(q\) / Recovering the base of a \(q\)-number,yes,,not applicable,,,The global base-monotonicity theorem for nonintegral q-numbers was not retained; the canonical q-number section keeps exact local jets and algebraic integer branches.
inverse_q_analogs_report:unlabelled-theorem-022,inverse_q_analogs_report,inverse_q_analogs_report/inverse_q_analogs_report.tex,1843,,theorem,\statusproved\ Unique minimum and two inverse branches,The inverse \texorpdfstring{\(q\),Inverse \texorpdfstring{\(q\) / The inverse \texorpdfstring{\(q\) / Two real argument branches of \(\Gamma_q\),yes,thm:qs-qgamma-minimum,human-proved frontier result,,,Retained as the unique minimum and exact two/one/zero real branch count.
inverse_q_analogs_report:unlabelled-theorem-023,inverse_q_analogs_report,inverse_q_analogs_report/inverse_q_analogs_report.tex,1941,,theorem,Known monotonicity; \statusproved,The inverse \texorpdfstring{\(q\),Inverse \texorpdfstring{\(q\) / The inverse \texorpdfstring{\(q\) / Recovering the base of \(\Gamma_q(x)\),no,,not applicable,,,The cited global monotonicity in the base was not re-proved and was not retained; the canonical volume states only the rigorously derived q=0 and q=1 expansions.
inverse_q_analogs_report:unlabelled-conjecture-002,inverse_q_analogs_report,inverse_q_analogs_report/inverse_q_analogs_report.tex,1999,,conjecture,\statusconjectural\ Monotone minimizer,The inverse \texorpdfstring{\(q\),Inverse \texorpdfstring{\(q\) / The inverse \texorpdfstring{\(q\) / The minimizer as a function of the base,no,conj:qgamma-monotone-minimizer,conjecture,,,Retained as the precisely normalized conjecture that the minimizer increases and its minimum value decreases on 0<q<1.
inverse_q_analogs_report:unlabelled-theorem-024,inverse_q_analogs_report,inverse_q_analogs_report/inverse_q_analogs_report.tex,2026,,theorem,\statusproved\ Global inverse polygamma branches,The inverse \texorpdfstring{\(q\),Inverse \texorpdfstring{\(q\) / The inverse \texorpdfstring{\(q\) / Inverse \(q\)-digamma and \(q\)-polygamma functions,yes,prop:qs-qdigamma-inverse,human-proved frontier result,,,The q-digamma bijection is retained together with its exceptional base fold; the higher-polygamma extension is not restated.
inverse_q_analogs_report:eq:qbeta-floor,inverse_q_analogs_report,inverse_q_analogs_report/inverse_q_analogs_report.tex,2058,eq:qbeta-floor,theorem,\statusproved\ Global inverse in either shape parameter,The inverse \texorpdfstring{\(q\),Inverse \texorpdfstring{\(q\) / The inverse \texorpdfstring{\(q\) / Coordinate inverses,yes,thm:qs-qbeta,human-proved frontier result,,,"Retained as strict monotonicity and uniqueness in either shape coordinate, with the base type change treated separately."
inverse_q_analogs_report:eq:qbeta-integer-reciprocal,inverse_q_analogs_report,inverse_q_analogs_report/inverse_q_analogs_report.tex,2154,eq:qbeta-integer-reciprocal,theorem,\statusproved\ Integer-parameter base inverse,The inverse \texorpdfstring{\(q\),Inverse \texorpdfstring{\(q\) / The inverse \texorpdfstring{\(q\) / Inversion with respect to \(q\),yes,,not applicable,,,The special integer-parameter base inverse is not a canonical assertion; it is compatible with positivity but does not follow from the retained shape-coordinate theorem.
inverse_q_analogs_report:unlabelled-conjecture-003,inverse_q_analogs_report,inverse_q_analogs_report/inverse_q_analogs_report.tex,2171,,conjecture,\statusconjectural\ Real-parameter beta sign regions,The inverse \texorpdfstring{\(q\),Inverse \texorpdfstring{\(q\) / The inverse \texorpdfstring{\(q\) / Inversion with respect to \(q\),no,,not applicable,,,"Retired as too vague and potentially misleading: no finite separating-curve theorem was established, and the canonical chapter gives only the exact local q=1 classification."
inverse_q_analogs_report:eq:eq-inverse,inverse_q_analogs_report,inverse_q_analogs_report/inverse_q_analogs_report.tex,2192,eq:eq-inverse,theorem,\statusproved\ Exact real inverses,Euler \texorpdfstring{\(q\),Inverse \texorpdfstring{\(q\) / Euler \texorpdfstring{\(q\) / Exact inverse reductions,yes,prop:qs-qexponential,human-proved frontier result,,,Retained with both unscaled inverse reductions and the scaled q-to-one coefficient generator.
inverse_q_analogs_report:unlabelled-researchproblem-002,inverse_q_analogs_report,inverse_q_analogs_report/inverse_q_analogs_report.tex,2244,,researchproblem,,Euler \texorpdfstring{\(q\),Inverse \texorpdfstring{\(q\) / Euler \texorpdfstring{\(q\) / Inverse semigroup questions,no,,not applicable,,,The proposed deformed semigroup classification lies outside the consolidated inverse-series scope and is not a definite assertion.
inverse_q_analogs_report:unlabelled-principle-002,inverse_q_analogs_report,inverse_q_analogs_report/inverse_q_analogs_report.tex,2327,,principle,Recurrence-assisted inverse continuation,"Basic hypergeometric, theta, and orthogonal-polynomial inverses","Inverse \texorpdfstring{\(q\) / Basic hypergeometric, theta, and orthogonal-polynomial inverses / \(q\)-orthogonal polynomials",no,,not applicable,,,"The recurrence continuation advice is editorial algorithmics, not a theorem; it is absorbed into the branch-aware certification discussion."
inverse_q_analogs_report:unlabelled-researchproblem-003,inverse_q_analogs_report,inverse_q_analogs_report/inverse_q_analogs_report.tex,2346,,researchproblem,,"Basic hypergeometric, theta, and orthogonal-polynomial inverses","Inverse \texorpdfstring{\(q\) / Basic hypergeometric, theta, and orthogonal-polynomial inverses / \(q\)-Bessel and \(q\)-Airy functions",no,,not applicable,,,The Jackson q-Bessel and q-Airy atlas request is outside the retained family set and remains an open program.
inverse_q_analogs_report:unlabelled-algorithm-001,inverse_q_analogs_report,inverse_q_analogs_report/inverse_q_analogs_report.tex,2369,,algorithm,\statusproved\ Safeguarded branch inversion,Branch-aware numerical inversion,"Computation, certification, and research frontiers / Branch-aware numerical inversion / Bracketed Newton on a real branch",no,thm:monotone-branch-certificate,not applicable,,,The safeguarded algorithm is absorbed into the real certification framework; its mathematical safety is supplied by the proved monotone-branch and interval-Newton certificates.
inverse_q_analogs_report:unlabelled-algorithm-002,inverse_q_analogs_report,inverse_q_analogs_report/inverse_q_analogs_report.tex,2423,,algorithm,Complex inverse continuation,Branch-aware numerical inversion,"Computation, certification, and research frontiers / Branch-aware numerical inversion / Complex predictor--corrector continuation",no,,not applicable,,,"The descriptive complex continuation procedure is not assigned proof status; the canonical chapter instead proves Krawczyk, Rouche, and argument-principle certificates."
inverse_q_analogs_report:unlabelled-conjecture-004,inverse_q_analogs_report,inverse_q_analogs_report/inverse_q_analogs_report.tex,2593,,conjecture,\statusconjectural\ Structured critical-value crossings,Research program and conjectures,"Computation, certification, and research frontiers / Research program and conjectures / Finite-product Maxwell geometry",no,,not applicable,,,Retired pending exact secondary-discriminant certification; the source's simplicity and same-sign assertions were neither proved nor uniformly specified.
inverse_q_analogs_report:unlabelled-conjecture-005,inverse_q_analogs_report,inverse_q_analogs_report/inverse_q_analogs_report.tex,2615,,conjecture,\statusconjectural\ Complete \(1/k\) expansion,Research program and conjectures,"Computation, certification, and research frontiers / Research program and conjectures / A full expansion of remote infinite-product extrema",no,,not applicable,,,Only the first remote-gap asymptotics are retained in thm:ip-remote-gaps; the proposed complete series lacks proved uniform recurrences and was not kept as a canonical conjecture.
inverse_q_analogs_report:unlabelled-researchproblem-004,inverse_q_analogs_report,inverse_q_analogs_report/inverse_q_analogs_report.tex,2648,,researchproblem,,Research program and conjectures,"Computation, certification, and research frontiers / Research program and conjectures / Double scaling and Lambert \(W\)",no,,not applicable,,,The full three-parameter transition classification is an open program; the canonical volume proves only sharply specified Lambert and fixed-target subregimes.
inverse_q_analogs_report:unlabelled-researchproblem-005,inverse_q_analogs_report,inverse_q_analogs_report/inverse_q_analogs_report.tex,2665,,researchproblem,,Research program and conjectures,"Computation, certification, and research frontiers / Research program and conjectures / Complete Bernstein and Pick geometry",no,conj:complete-bernstein-principal-inverse,conjecture,,,Converted into the precise positive-measure/Pick-function conjecture for the normalized principal inverse.
inverse_q_analogs_report:unlabelled-conjecture-006,inverse_q_analogs_report,inverse_q_analogs_report/inverse_q_analogs_report.tex,2681,,conjecture,\statusconjectural\ Generic Galois group,Research program and conjectures,"Computation, certification, and research frontiers / Research program and conjectures / Galois and monodromy theory",no,,not applicable,,,"The rational-function-field Galois claim is stronger than, and not equivalent to, the retained analytic monodromy conjecture; it was not carried forward."
inverse_q_analogs_report:unlabelled-researchproblem-006,inverse_q_analogs_report,inverse_q_analogs_report/inverse_q_analogs_report.tex,2697,,researchproblem,,Research program and conjectures,"Computation, certification, and research frontiers / Research program and conjectures / Inverse-coefficient positivity",no,,not applicable,,,"The coefficient-combinatorics request is an open program, not a canonical assertion."
inverse_q_analogs_report:unlabelled-conjecture-007,inverse_q_analogs_report,inverse_q_analogs_report/inverse_q_analogs_report.tex,2709,,conjecture,\statusconjectural,Research program and conjectures,"Computation, certification, and research frontiers / Research program and conjectures / Inverse generalized Gaussian monotonicity",no,conj:continuous-gaussian-monotonicity,conjecture,,,Retained with the domain extended by an explicit reciprocal normalization and without the unfalsifiable fallback clause.
inverse_q_analogs_report:unlabelled-researchproblem-007,inverse_q_analogs_report,inverse_q_analogs_report/inverse_q_analogs_report.tex,2744,,researchproblem,,Research program and conjectures,"Computation, certification, and research frontiers / Research program and conjectures / Multivariate inverse systems",no,,not applicable,,,The broad multi-observable design program was not retained; one concrete location-scale-cumulant identification problem is solved separately.
inverse_q_analogs_report-2:thm:regular-inverse,inverse_q_analogs_report-2,inverse_q_analogs_report-2/inverse_q_analogs_report.tex,247,thm:regular-inverse,theorem,Holomorphic inverse and coefficient reversion,A reusable calculus of reversion and ramification,General architecture of inverse $q$-theory / A reusable calculus of reversion and ramification / Regular local inversion,yes,cor:uq-first-inverse-coefficients,human-proved frontier result,,,"Split into the regular analytic inverse theorem, the first five ordinary coefficients, and the all-order Lagrange formula; the coefficient corollary is the primary destination."
inverse_q_analogs_report-2:thm:puiseux,inverse_q_analogs_report-2,inverse_q_analogs_report-2/inverse_q_analogs_report.tex,282,thm:puiseux,theorem,Local Puiseux law,A reusable calculus of reversion and ramification,General architecture of inverse $q$-theory / A reusable calculus of reversion and ramification / Critical points and Puiseux inversion,yes,thm:uq-finite-ramification,human-proved frontier result,,,Retained and strengthened to an explicit analytic normal form on the ramified cover.
inverse_q_analogs_report-2:thm:global-a-finite,inverse_q_analogs_report-2,inverse_q_analogs_report-2/inverse_q_analogs_report.tex,363,thm:global-a-finite,theorem,Global $a$-inverse for $0<q<1$,Inversion in the Pochhammer parameter $a$,Finite $q$-Pochhammer symbols / Inversion in the Pochhammer parameter $a$ / A global real inverse,yes,fp-real-atlas,human-proved frontier result,,,Retained as the principal interval of the complete real argument atlas.
inverse_q_analogs_report-2:prop:a-inverse-zero,inverse_q_analogs_report-2,inverse_q_analogs_report-2/inverse_q_analogs_report.tex,393,prop:a-inverse-zero,proposition,Inverse at the unit level,Inversion in the Pochhammer parameter $a$,Finite $q$-Pochhammer symbols / Inversion in the Pochhammer parameter $a$ / Reversion at $a=0$,yes,fp-unit-inverse,human-proved frontier result,,,Retained and strengthened to the all-order coefficient formula.
inverse_q_analogs_report-2:thm:a-zero-root-unity,inverse_q_analogs_report-2,inverse_q_analogs_report-2/inverse_q_analogs_report.tex,414,thm:a-zero-root-unity,theorem,Root-of-unity ramification at $a=0$,Inversion in the Pochhammer parameter $a$,Finite $q$-Pochhammer symbols / Inversion in the Pochhammer parameter $a$ / Reversion at $a=0$,yes,fp-cyclotomic-argument,human-proved frontier result,,,Retained with exact factorization and all residue-class multiplicities.
inverse_q_analogs_report-2:unlabelled-proposition-002,inverse_q_analogs_report-2,inverse_q_analogs_report-2/inverse_q_analogs_report.tex,451,,proposition,Local inverse at a simple zero,Inversion in the Pochhammer parameter $a$,Finite $q$-Pochhammer symbols / Inversion in the Pochhammer parameter $a$ / Inversion at the Pochhammer zeros,no,fp-zero-normalization,human-proved frontier result,,,Retained with the exact derivative at every simple geometric zero.
inverse_q_analogs_report-2:prop:root-unity-a-mult,inverse_q_analogs_report-2,inverse_q_analogs_report-2/inverse_q_analogs_report.tex,461,prop:root-unity-a-mult,proposition,Multiplicity at a root of unity,Inversion in the Pochhammer parameter $a$,Finite $q$-Pochhammer symbols / Inversion in the Pochhammer parameter $a$ / Inversion at the Pochhammer zeros,yes,fp-cyclotomic-argument,human-proved frontier result,,,Retained exactly in content and strengthened to include the unit-target branch classification.
inverse_q_analogs_report-2:thm:a-branches-infty,inverse_q_analogs_report-2,inverse_q_analogs_report-2/inverse_q_analogs_report.tex,527,thm:a-branches-infty,theorem,$a$-branch atlas at large base,Inversion in the Pochhammer parameter $a$,Finite $q$-Pochhammer symbols / Inversion in the Pochhammer parameter $a$ / All $a$-branches as $q\to\infty$,yes,,not applicable,,,The mixed q-to-infinity atlas of moving argument roots was not retained; it is distinct from both fixed-q argument infinity and fixed-a base infinity.
inverse_q_analogs_report-2:thm:global-q-finite,inverse_q_analogs_report-2,inverse_q_analogs_report-2/inverse_q_analogs_report.tex,571,thm:global-q-finite,theorem,Global finite base inverse,Inversion in the base $q$,Finite $q$-Pochhammer symbols / Inversion in the base $q$ / A canonical real branch on $0\le q\le1$,yes,fp-global-base,human-proved frontier result,,,Retained with the constant degenerate cases and open target ranges made explicit.
inverse_q_analogs_report-2:thm:stable-qzero,inverse_q_analogs_report-2,inverse_q_analogs_report-2/inverse_q_analogs_report.tex,601,thm:stable-qzero,theorem,Stable small-base reversion,Inversion in the base $q$,Finite $q$-Pochhammer symbols / Inversion in the base $q$ / The stable inverse series at $q=0$,yes,fp-small-base-engine,human-proved frontier result,,,Retained and strengthened to an all-order divisor/Lagrange coefficient engine with every finite-n exception.
inverse_q_analogs_report-2:thm:critical-minus-one,inverse_q_analogs_report-2,inverse_q_analogs_report-2/inverse_q_analogs_report.tex,713,thm:critical-minus-one,theorem,Critical Pochhammer parameters at $q=-1$,Inversion in the base $q$,Finite $q$-Pochhammer symbols / Inversion in the base $q$ / The exceptional geometry at $q=-1$,yes,fp-minus-one-criticality,human-proved frontier result,,,"Retained with exact critical values, every zero-free fold, the cubic exception, and the structural a=-1 zero case."
inverse_q_analogs_report-2:thm:global-infinite,inverse_q_analogs_report-2,inverse_q_analogs_report-2/inverse_q_analogs_report.tex,790,thm:global-infinite,theorem,Global real sheets for the infinite product,The infinite $q$-Pochhammer inverse,Infinite products and complex order / The infinite $q$-Pochhammer inverse / Global real inverses in $a$ and $q$,yes,thm:ip-real-atlas,human-proved frontier result,,,Split between the complete argument atlas and thm:ip-real-base for base inversion; the argument atlas is the primary destination.
inverse_q_analogs_report-2:thm:root-unity-dilog,inverse_q_analogs_report-2,inverse_q_analogs_report-2/inverse_q_analogs_report.tex,962,thm:root-unity-dilog,theorem,Root-of-unity dilogarithm law,The infinite $q$-Pochhammer inverse,Infinite products and complex order / The infinite $q$-Pochhammer inverse / Radial asymptotics at every root of unity,yes,thm:ip-radial-cyclotomic,human-proved frontier result,,,Retained and strengthened from leading order to an all-order uniform radial expansion.
inverse_q_analogs_report-2:cor:q-root-unity-inverse,inverse_q_analogs_report-2,inverse_q_analogs_report-2/inverse_q_analogs_report.tex,990,cor:q-root-unity-inverse,corollary,Base inverse near a root of unity,The infinite $q$-Pochhammer inverse,Infinite products and complex order / The infinite $q$-Pochhammer inverse / Radial asymptotics at every root of unity,no,thm:ip-radial-cyclotomic,human-proved frontier result,,,Retained as the leading specialization of the all-order radial inverse recurrence.
inverse_q_analogs_report-2:cor:a-root-unity-scale,inverse_q_analogs_report-2,inverse_q_analogs_report-2/inverse_q_analogs_report.tex,1003,cor:a-root-unity-scale,corollary,Universal fixed-level Puiseux scale,The infinite $q$-Pochhammer inverse,Infinite products and complex order / The infinite $q$-Pochhammer inverse / Radial asymptotics at every root of unity,yes,prop:ip-cyclotomic-fixed-level,human-proved frontier result,,,Retained as the fixed-level cyclotomic coalescence law with the branch and scaling hypotheses made explicit.
inverse_q_analogs_report-2:thm:alpha-global,inverse_q_analogs_report-2,inverse_q_analogs_report-2/inverse_q_analogs_report.tex,1077,thm:alpha-global,theorem,Monotone order branch,Inversion in the complex order and truncation index,Infinite products and complex order / Inversion in the complex order and truncation index / Global real order inverse,yes,,not applicable,,,The complex-order branch was omitted from the canonical family list; no exact canonical assertion survives.
inverse_q_analogs_report-2:thm:qbinom-positive-inverse,inverse_q_analogs_report-2,inverse_q_analogs_report-2/inverse_q_analogs_report.tex,1191,thm:qbinom-positive-inverse,theorem,Global positive Gaussian inverse,The base inverse of a Gaussian polynomial,Gaussian coefficients and $q$-gamma inverses / The base inverse of a Gaussian polynomial / The unique positive inverse,yes,thm:gq-positive-inverse,human-proved frontier result,,,Retained; the extra bounds are elementary consequences and are not repeated in the canonical statement.
inverse_q_analogs_report-2:thm:qbinom-minus-one,inverse_q_analogs_report-2,inverse_q_analogs_report-2/inverse_q_analogs_report.tex,1305,thm:qbinom-minus-one,theorem,Value and derivative at $-1$,The base inverse of a Gaussian polynomial,Gaussian coefficients and $q$-gamma inverses / The base inverse of a Gaussian polynomial / Exact local data at $q=-1$,yes,prop:gq-minus-one,Lean-proved,GaussianBinomialAtNegOne;QBinomialReciprocity;GaussianBinomialAtNegOneDerivative,gaussianBinomial_neg_one_even_even;gaussianBinomial_neg_one_odd_even;gaussianBinomial_neg_one_odd_odd;gaussianBinomial_neg_one_even_odd_eq_zero;gaussianBinomial_derivative_eval_neg_one_even_odd,"Retained as the complete q=-1 value, derivative, and regular inverse parity atlas."
inverse_q_analogs_report-2:eq:continuous-upper-limit,inverse_q_analogs_report-2,inverse_q_analogs_report-2/inverse_q_analogs_report.tex,1387,eq:continuous-upper-limit,theorem,Global continuous upper-parameter inverse,Continuous Gaussian parameters,Gaussian coefficients and $q$-gamma inverses / Continuous Gaussian parameters / Inversion in the upper parameter,yes,,not applicable,,,The continuous upper-parameter interpolation was not retained; its domain and normalization conflict with other source conventions.
inverse_q_analogs_report-2:thm:qgamma-minimum,inverse_q_analogs_report-2,inverse_q_analogs_report-2/inverse_q_analogs_report.tex,1486,thm:qgamma-minimum,theorem,Unique minimum of $\Gamma_q$,Inverse theory for Jackson's $q$-gamma function,Gaussian coefficients and $q$-gamma inverses / Inverse theory for Jackson's $q$-gamma function / The two real $x$-inverse branches,yes,thm:qs-qgamma-minimum,human-proved frontier result,,,Retained as the unique minimum and complete positive real branch count.
inverse_q_analogs_report-2:alg:workflow,inverse_q_analogs_report-2,inverse_q_analogs_report-2/inverse_q_analogs_report.tex,1835,alg:workflow,algorithm,Local and global inversion workflow,"Series algorithms, continuation, and certified computation","Other $q$-analogs and transferable inverse schemes / Series algorithms, continuation, and certified computation / A branch-aware workflow",no,thm:monotone-branch-certificate,not applicable,,,The workflow is absorbed into the certification chapter and decomposed into precise proved obligations; the algorithm itself has no assertion status.
inverse_q_analogs_report-2:conj:poch-monodromy,inverse_q_analogs_report-2,inverse_q_analogs_report-2/inverse_q_analogs_report.tex,1922,conj:poch-monodromy,conjecture,Generic Pochhammer monodromy,Conjectures and research programs,Frontier questions and synthesis / Conjectures and research programs / Monodromy and generic Galois groups,no,,not applicable,,,"Not merged with the canonical conjecture: this concerns the base-variable polynomial of degree n(n-1)/2, whereas the retained conjecture concerns the argument-variable degree-n map."
inverse_q_analogs_report-2:conj:qbinom-monodromy,inverse_q_analogs_report-2,inverse_q_analogs_report-2/inverse_q_analogs_report.tex,1938,conj:qbinom-monodromy,conjecture,Generic Gaussian monodromy,Conjectures and research programs,Frontier questions and synthesis / Conjectures and research programs / Monodromy and generic Galois groups,no,,not applicable,,,Retired because 'outside a decomposable family' and the effect of reciprocity did not define a precise exceptional set; no Gaussian monodromy conjecture survives.
inverse_q_analogs_report-2:conj:cyclotomic-closure,inverse_q_analogs_report-2,inverse_q_analogs_report-2/inverse_q_analogs_report.tex,1954,conj:cyclotomic-closure,conjecture,Cyclotomic polylogarithm closure,Conjectures and research programs,Frontier questions and synthesis / Conjectures and research programs / All-orders root-of-unity inversion,no,conj:cyclotomic-resurgent-inverse,conjecture,,,"Retained only after strengthening the analytic content and fixing sectors, normalization, Gevrey growth, Borel continuation, and Stokes transport."
inverse_q_analogs_report-2:unlabelled-problem-001,inverse_q_analogs_report-2,inverse_q_analogs_report-2/inverse_q_analogs_report.tex,1971,,problem,Uniform $a\asymp t^{1/d}$ expansion,Conjectures and research programs,Frontier questions and synthesis / Conjectures and research programs / All-orders root-of-unity inversion,no,,not applicable,,,The coalescing a~t^(1/d) uniform expansion remains a research program and is not the proved fixed-level leading proposition.
inverse_q_analogs_report-2:unlabelled-problem-002,inverse_q_analogs_report-2,inverse_q_analogs_report-2/inverse_q_analogs_report.tex,1986,,problem,Resurgent inverse $q$-Pochhammer,Conjectures and research programs,Frontier questions and synthesis / Conjectures and research programs / Resurgence and exponentially small inverse corrections,no,conj:cyclotomic-resurgent-inverse,conjecture,,,"Converted from an open problem into the precise cyclotomic resurgence conjecture, whose text lists the required Borel and Stokes obligations."
inverse_q_analogs_report-2:unlabelled-problem-003,inverse_q_analogs_report-2,inverse_q_analogs_report-2/inverse_q_analogs_report.tex,2001,,problem,Limit distribution of Gaussian critical values,Conjectures and research programs,"Frontier questions and synthesis / Conjectures and research programs / Critical values, zero attractors, and inverse conditioning",no,,not applicable,,,The large-rectangle critical-value limit problem is outside the retained canonical assertions.
inverse_q_analogs_report-2:unlabelled-problem-004,inverse_q_analogs_report-2,inverse_q_analogs_report-2/inverse_q_analogs_report.tex,2017,,problem,Combinatorics of reversion coefficients,Conjectures and research programs,Frontier questions and synthesis / Conjectures and research programs / Coefficient structure of inverse series,no,,not applicable,,,"The signed combinatorics of reversion coefficients remains an exploratory program, not a retained assertion."
inverse_q_analogs_report-2:unlabelled-problem-005,inverse_q_analogs_report-2,inverse_q_analogs_report-2/inverse_q_analogs_report.tex,2038,,problem,Inverse basic hypergeometric varieties,Conjectures and research programs,Frontier questions and synthesis / Conjectures and research programs / Multivariate and elliptic extensions,no,,not applicable,,,The multivariate and elliptic branch-atlas request is outside the retained family set and lacks a fixed finite-dimensional theorem statement.
q_pochhammer_q_binomial_expansions_report:unlabelled-definition-001,q_pochhammer_q_binomial_expansions_report,q_pochhammer_q_binomial_expansions_report/q_analog_expansions_report.tex,231,,definition,Complete exponential Bell polynomials,What kind of expansion is meant?,What kind of expansion is meant? / Bell polynomials and conversion of coordinates,no,sec:uq-bell-packaging,not applicable,,,The Bell-polynomial definition is retained as canonical notation in the Bell-packaging section; a definition is not assigned proof status.
q_pochhammer_q_binomial_expansions_report:lem:bell-exp,q_pochhammer_q_binomial_expansions_report,q_pochhammer_q_binomial_expansions_report/q_analog_expansions_report.tex,242,lem:bell-exp,lemma,Exponentiation of a logarithmic expansion,What kind of expansion is meant?,What kind of expansion is meant? / Bell polynomials and conversion of coordinates,yes,lem:uq-bell-exponentiation,human-proved frontier result,,,Retained with formal Q-algebra hypotheses and a one-line proof from the defining exponential generating function.
q_pochhammer_q_binomial_expansions_report:thm:regular-bell,q_pochhammer_q_binomial_expansions_report,q_pochhammer_q_binomial_expansions_report/q_analog_expansions_report.tex,284,thm:regular-bell,theorem,Taylor expansion from logarithmic derivatives,Finite products at an arbitrary center,Finite products at an arbitrary center / The universal regular-point formula,yes,lem:uq-bell-exponentiation,human-proved frontier result,,,Absorbed as the analytic specialization of Bell exponentiation; the polynomial termination observation is retained as an immediate consequence.
q_pochhammer_q_binomial_expansions_report:thm:poc-resonance,q_pochhammer_q_binomial_expansions_report,q_pochhammer_q_binomial_expansions_report/q_analog_expansions_report.tex,327,thm:poc-resonance,theorem,Local leading term at a resonant point,Finite products at an arbitrary center,Finite products at an arbitrary center / Resonant zeros of a finite shifted factorial,yes,thm:uq-finite-ramification,human-proved frontier result,,,The factor-extraction mechanism is absorbed into the universal finite-ramification theorem; the source's explicit resonant leading coefficient remains the finite-product specialization.
q_pochhammer_q_binomial_expansions_report:prop:gaussian-regular-jet,q_pochhammer_q_binomial_expansions_report,q_pochhammer_q_binomial_expansions_report/q_analog_expansions_report.tex,378,prop:gaussian-regular-jet,proposition,Regular Taylor jets of a Gaussian polynomial,Finite products at an arbitrary center,Finite products at an arbitrary center / Gaussian coefficients through cyclotomic factors,yes,lem:uq-bell-exponentiation,human-proved frontier result,,,Split between Gaussian square-free cyclotomic factorization and universal Bell exponentiation; the latter is the primary jet-construction destination.
q_pochhammer_q_binomial_expansions_report:thm:fixed-a-finite,q_pochhammer_q_binomial_expansions_report,q_pochhammer_q_binomial_expansions_report/q_analog_expansions_report.tex,406,thm:fixed-a-finite,theorem,Fixed-$a$ finite shifted factorial,Finite products as $q\to1$,Finite products as $q\to1$ / A fixed first parameter,yes,fp-unit-base-inverse,human-proved frontier result,,,Retained as the complete finite-product logarithmic jet and its all-order regular base inverse.
q_pochhammer_q_binomial_expansions_report:thm:scaled-finite,q_pochhammer_q_binomial_expansions_report,q_pochhammer_q_binomial_expansions_report/q_analog_expansions_report.tex,458,thm:scaled-finite,theorem,Finite scaled shifted factorial,Finite products as $q\to1$,Finite products as $q\to1$ / The classical scaling $a=q^\alpha$,yes,,not applicable,,,The scaled finite shifted-factorial forward theorem was not retained as a standalone canonical assertion; only product-specific inverse regimes needed by later chapters were kept.
q_pochhammer_q_binomial_expansions_report:eq:qfactorial-qone,q_pochhammer_q_binomial_expansions_report,q_pochhammer_q_binomial_expansions_report/q_analog_expansions_report.tex,494,eq:qfactorial-qone,example,The ordinary $q$-factorial,Finite products as $q\to1$,Finite products as $q\to1$ / The classical scaling $a=q^\alpha$,no,prop:qs-qnumber-jets,not applicable,,,The example is absorbed into the q-number jets and q-factorial discussion; examples are not assigned proof status.
q_pochhammer_q_binomial_expansions_report:thm:gaussian-complete,q_pochhammer_q_binomial_expansions_report,q_pochhammer_q_binomial_expansions_report/q_analog_expansions_report.tex,524,thm:gaussian-complete,theorem,Complete Gaussian expansion,Gaussian and multinomial coefficients near $q=1$,Gaussian and multinomial coefficients near $q=1$ / All logarithmic coefficients,yes,thm:gq-one-log,human-proved frontier result,,,"Retained with convergence radius, Bernoulli coefficients, and complete logarithmic proof."
q_pochhammer_q_binomial_expansions_report:cor:qminusone-coordinate,q_pochhammer_q_binomial_expansions_report,q_pochhammer_q_binomial_expansions_report/q_analog_expansions_report.tex,605,cor:qminusone-coordinate,corollary,Literal Taylor series in $h=q-1$,Gaussian and multinomial coefficients near $q=1$,"Gaussian and multinomial coefficients near $q=1$ / Centering, explicit coefficients, and symmetry",yes,cor:gq-one-h,human-proved frontier result,,,Retained as the literal h=q-1 Taylor coordinate conversion.
q_pochhammer_q_binomial_expansions_report:cor:inversion-cumulants,q_pochhammer_q_binomial_expansions_report,q_pochhammer_q_binomial_expansions_report/q_analog_expansions_report.tex,636,cor:inversion-cumulants,corollary,Exact inversion cumulants,Gaussian and multinomial coefficients near $q=1$,Gaussian and multinomial coefficients near $q=1$ / Cumulants of inversions,no,thm:gq-one-log,human-proved frontier result,,,"Retained as the cumulant interpretation of the complete Gaussian logarithmic expansion, with the centered inverse developed separately."
q_pochhammer_q_binomial_expansions_report:thm:qzero-poc,q_pochhammer_q_binomial_expansions_report,q_pochhammer_q_binomial_expansions_report/q_analog_expansions_report.tex,692,thm:qzero-poc,theorem,Weighted distinct-partition expansion,Expansions at $q=0$,Expansions at $q=0$ / Finite and infinite shifted factorials,yes,fp-small-base-engine,human-proved frontier result,,,The weighted distinct-partition expansion is replaced by the equivalent divisor-log coefficient engine; the infinite stable counterpart appears in the real-base theorem.
q_pochhammer_q_binomial_expansions_report:eq:qzero-reciprocal-poc,q_pochhammer_q_binomial_expansions_report,q_pochhammer_q_binomial_expansions_report/q_analog_expansions_report.tex,733,eq:qzero-reciprocal-poc,corollary,Reciprocal product and unrestricted partitions,Expansions at $q=0$,Expansions at $q=0$ / Finite and infinite shifted factorials,yes,,not applicable,,,The unrestricted-partition reciprocal expansion was not needed for a retained canonical assertion; it remains an elementary forward identity rather than an inverse result.
q_pochhammer_q_binomial_expansions_report:thm:qzero-gaussian,q_pochhammer_q_binomial_expansions_report,q_pochhammer_q_binomial_expansions_report/q_analog_expansions_report.tex,768,thm:qzero-gaussian,theorem,Complete $q=0$ expansion of a Gaussian coefficient,Expansions at $q=0$,Expansions at $q=0$ / Gaussian polynomials and rectangular partitions,yes,thm:gq-zero-inverse,human-proved frontier result,,,The complete rectangle-partition forward expansion is retained as the input to the all-order Gaussian zero-base inverse.
q_pochhammer_q_binomial_expansions_report:prop:qgamma-zero,q_pochhammer_q_binomial_expansions_report,q_pochhammer_q_binomial_expansions_report/q_analog_expansions_report.tex,809,prop:qgamma-zero,proposition,Exact logarithmic expansion at $q=0$,Expansions at $q=0$,Expansions at $q=0$ / The small-$q$ expansion of $\Gamma_q$,yes,prop:qs-qgamma-zero,human-proved frontier result,,,"Retained exactly with absolute convergence, generalized exponent support, and collision caveats."
q_pochhammer_q_binomial_expansions_report:thm:poc-infinity,q_pochhammer_q_binomial_expansions_report,q_pochhammer_q_binomial_expansions_report/q_analog_expansions_report.tex,850,thm:poc-infinity,theorem,Exact base reversal,The reciprocal point $q=\infty$ and the two real rays,The reciprocal point $q=\infty$ and the two real rays / Finite shifted factorials,yes,fp-base-infinity,human-proved frontier result,,,The exact base-reversal identity is retained as the algebraic input to the all-order reciprocal-base inverse; the canonical status remains human because the full destination is stronger than the available formal identity.
q_pochhammer_q_binomial_expansions_report:eq:outside-renormalization,q_pochhammer_q_binomial_expansions_report,q_pochhammer_q_binomial_expansions_report/q_analog_expansions_report.tex,883,eq:outside-renormalization,corollary,Renormalized product outside the unit disk,The reciprocal point $q=\infty$ and the two real rays,The reciprocal point $q=\infty$ and the two real rays / Finite shifted factorials,yes,,not applicable,,,The renormalized |q|>1 infinite-order limit was not retained; the canonical infinite product is used outside the unit disk only after a separately specified normalization.
q_pochhammer_q_binomial_expansions_report:thm:gaussian-infinity,q_pochhammer_q_binomial_expansions_report,q_pochhammer_q_binomial_expansions_report/q_analog_expansions_report.tex,899,thm:gaussian-infinity,theorem,Complete Laurent expansion of a Gaussian coefficient,The reciprocal point $q=\infty$ and the two real rays,The reciprocal point $q=\infty$ and the two real rays / Gaussian and multinomial reciprocity,yes,thm:gq-large-inverse,human-proved frontier result,,,The reciprocal Laurent expansion is retained as the input to the checked large-target inverse.
q_pochhammer_q_binomial_expansions_report:thm:gaussian-minus-one-jet,q_pochhammer_q_binomial_expansions_report,q_pochhammer_q_binomial_expansions_report/q_analog_expansions_report.tex,1002,thm:gaussian-minus-one-jet,theorem,Value and derivative at $q=-1$,The point $q=-1$,The point $q=-1$ / The complete first jet of a Gaussian coefficient,yes,prop:gq-minus-one,Lean-proved,GaussianBinomialAtNegOne;QBinomialReciprocity;GaussianBinomialAtNegOneDerivative,gaussianBinomial_neg_one_even_even;gaussianBinomial_neg_one_odd_even;gaussianBinomial_neg_one_odd_odd;gaussianBinomial_neg_one_even_odd_eq_zero;gaussianBinomial_derivative_eval_neg_one_even_odd,Retained as the complete q=-1 value-and-derivative theorem.
q_pochhammer_q_binomial_expansions_report:thm:cyclotomic-jets,q_pochhammer_q_binomial_expansions_report,q_pochhammer_q_binomial_expansions_report/q_analog_expansions_report.tex,1150,thm:cyclotomic-jets,theorem,Cyclotomic jet algorithm,General roots of unity,General roots of unity / All local Taylor coefficients,yes,thm:gq-square-free,human-proved frontier result,,,Retained through square-free cyclotomic factorization and the explicit simple-zero derivative mechanism.
q_pochhammer_q_binomial_expansions_report:thm:infinite-fixed-a,q_pochhammer_q_binomial_expansions_report,q_pochhammer_q_binomial_expansions_report/q_analog_expansions_report.tex,1202,thm:infinite-fixed-a,theorem,Fixed-parameter all-order expansion,Infinite shifted factorials as $q\to1$,Infinite shifted factorials as $q\to1$ / Fixed $a$: the polylogarithmic expansion,yes,thm:ip-fixed-a-expansion,human-proved frontier result,,,Retained with a complete uniform head-tail proof in closed sectors and compact a-disks.
q_pochhammer_q_binomial_expansions_report:thm:qx-infinite,q_pochhammer_q_binomial_expansions_report,q_pochhammer_q_binomial_expansions_report/q_analog_expansions_report.tex,1267,thm:qx-infinite,theorem,Mellin expansion of $(q^x;q)_\infty$,Infinite shifted factorials as $q\to1$,Infinite shifted factorials as $q\to1$ / The coalescing parameter $a=q^x$,yes,thm:ip-qx-expansion,human-proved frontier result,,,"Retained as the all-order coalescing expansion, with the Bernoulli-polynomial normalization and remainder uniformity checked."
q_pochhammer_q_binomial_expansions_report:eq:eta-algebraic,q_pochhammer_q_binomial_expansions_report,q_pochhammer_q_binomial_expansions_report/q_analog_expansions_report.tex,1319,eq:eta-algebraic,example,The eta specialization,Infinite shifted factorials as $q\to1$,Infinite shifted factorials as $q\to1$ / The coalescing parameter $a=q^x$,no,thm:ip-eta-completions,not applicable,,,The example's algebraic truncation is absorbed into the stronger exact eta completion; an example is not assigned proof status.
q_pochhammer_q_binomial_expansions_report:unlabelled-example-003,q_pochhammer_q_binomial_expansions_report,q_pochhammer_q_binomial_expansions_report/q_analog_expansions_report.tex,1329,,example,An integral shift,Infinite shifted factorials as $q\to1$,Infinite shifted factorials as $q\to1$ / The coalescing parameter $a=q^x$,no,thm:ip-qx-expansion,not applicable,,,The integral-shift example is an immediate specialization and consistency check of the coalescing theorem; examples have no proof status.
q_pochhammer_q_binomial_expansions_report:thm:qgamma-all,q_pochhammer_q_binomial_expansions_report,q_pochhammer_q_binomial_expansions_report/q_analog_expansions_report.tex,1357,thm:qgamma-all,theorem,All-order $q\to1$ expansion of $\Gamma_q$,"The $q$-gamma, $q$-beta, and $q$-polygamma functions","The $q$-gamma, $q$-beta, and $q$-polygamma functions / All-order expansion of $\Gamma_q$",yes,thm:qs-qgamma-one,human-proved frontier result,,,Retained exactly in scope as the all-order q-to-one expansion of Gamma_q.
q_pochhammer_q_binomial_expansions_report:eq:qdigamma-all,q_pochhammer_q_binomial_expansions_report,q_pochhammer_q_binomial_expansions_report/q_analog_expansions_report.tex,1405,eq:qdigamma-all,corollary,Expansion of the $q$-digamma function,"The $q$-gamma, $q$-beta, and $q$-polygamma functions","The $q$-gamma, $q$-beta, and $q$-polygamma functions / $q$-digamma and higher logarithmic derivatives",no,prop:qs-qdigamma-inverse,human-proved frontier result,,,The forward q-digamma expansion is retained and strengthened by the global argument inverse and exceptional q=1 fold classification.
q_pochhammer_q_binomial_expansions_report:thm:eta-exact,q_pochhammer_q_binomial_expansions_report,q_pochhammer_q_binomial_expansions_report/q_analog_expansions_report.tex,1449,thm:eta-exact,theorem,Exact modular completion,Modular and exponentially improved expansions,Modular and exponentially improved expansions / The eta product at $q=1$,yes,thm:ip-eta-completions,human-proved frontier result,,,Retained as the exact q=1 eta completion with its exponentially small relative remainder.
q_pochhammer_q_binomial_expansions_report:thm:negative-eta,q_pochhammer_q_binomial_expansions_report,q_pochhammer_q_binomial_expansions_report/q_analog_expansions_report.tex,1481,thm:negative-eta,theorem,Exact completion at $q=-1$,Modular and exponentially improved expansions,Modular and exponentially improved expansions / The eta product on the negative real ray,yes,thm:ip-eta-completions,human-proved frontier result,,,Retained as the exact q=-1 eta completion with its exponentially small relative remainder.
q_pochhammer_q_binomial_expansions_report:eq:cyclic-dilog,q_pochhammer_q_binomial_expansions_report,q_pochhammer_q_binomial_expansions_report/q_analog_expansions_report.tex,1587,eq:cyclic-dilog,definition,Cyclic quantum dilogarithm,Radial asymptotics at arbitrary roots of unity,Radial asymptotics at arbitrary roots of unity / A fixed nonresonant parameter,no,thm:ip-radial-cyclotomic,not applicable,,,The cyclic quantum dilogarithm definition is absorbed into the radial cyclotomic normalization; definitions have no proof status.
q_pochhammer_q_binomial_expansions_report:thm:root-fixed-a,q_pochhammer_q_binomial_expansions_report,q_pochhammer_q_binomial_expansions_report/q_analog_expansions_report.tex,1611,thm:root-fixed-a,theorem,All-order fixed-$a$ root-of-unity expansion,Radial asymptotics at arbitrary roots of unity,Radial asymptotics at arbitrary roots of unity / A fixed nonresonant parameter,yes,thm:ip-radial-cyclotomic,human-proved frontier result,,,Retained and strengthened to a uniformly justified all-order radial expansion and inverse recurrence.
q_pochhammer_q_binomial_expansions_report:thm:hypergeom-operator,q_pochhammer_q_binomial_expansions_report,q_pochhammer_q_binomial_expansions_report/q_analog_expansions_report.tex,1866,thm:hypergeom-operator,theorem,Formal differential-operator expansion,Basic hypergeometric series as differential-operator deformations,Basic hypergeometric series as differential-operator deformations / A coefficientwise all-order operator,yes,,not applicable,,,The forward hypergeometric differential-operator asymptotic is not the canonical local argument-inverse theorem and was not retained.
q_pochhammer_q_binomial_expansions_report:unlabelled-example-004,q_pochhammer_q_binomial_expansions_report,q_pochhammer_q_binomial_expansions_report/q_analog_expansions_report.tex,1917,,example,$q$-binomial theorem,Basic hypergeometric series as differential-operator deformations,Basic hypergeometric series as differential-operator deformations / The first two perturbative orders,no,,not applicable,,,"The q-binomial-theorem example is a calculation, not a retained assertion."
q_pochhammer_q_binomial_expansions_report:thm:moving-qfactorial,q_pochhammer_q_binomial_expansions_report,q_pochhammer_q_binomial_expansions_report/q_analog_expansions_report.tex,1973,thm:moving-qfactorial,theorem,All-order moving-endpoint expansion,A double-scaling expansion for Gaussian coefficients,A double-scaling expansion for Gaussian coefficients / A finite $q$-factorial with a moving endpoint,yes,,not applicable,,,The moving-endpoint large-N q-factorial expansion was outside the final inverse-focused theorem set and was not retained.
q_pochhammer_q_binomial_expansions_report:cor:double-gaussian,q_pochhammer_q_binomial_expansions_report,q_pochhammer_q_binomial_expansions_report/q_analog_expansions_report.tex,2051,cor:double-gaussian,corollary,All-order double scaling of $\GaussianBinomial{N}{k}{q}$,A double-scaling expansion for Gaussian coefficients,A double-scaling expansion for Gaussian coefficients / Gaussian coefficients,yes,,not applicable,,,The large-N Gaussian double-scaling expansion was outside the final inverse-focused theorem set and was not retained.
q_pochhammer_q_binomial_expansions_report:conj:uniform-root,q_pochhammer_q_binomial_expansions_report,q_pochhammer_q_binomial_expansions_report/q_analog_expansions_report.tex,2280,conj:uniform-root,conjecture,Uniform cyclic-gamma normal form,Conjectures and research directions,Conjectures and research directions / A uniform coalescing root-of-unity normal form,no,,not applicable,,,The coalescing cyclic-gamma normal form is distinct from the fixed-argument resurgence conjecture and was not retained without a precise cut domain and uniform remainder.
q_pochhammer_q_binomial_expansions_report:conj:polynomial-jets,q_pochhammer_q_binomial_expansions_report,q_pochhammer_q_binomial_expansions_report/q_analog_expansions_report.tex,2313,conj:polynomial-jets,conjecture,Polynomial cyclotomic jets,Conjectures and research directions,Conjectures and research directions / Higher $q$-Lucas jets,no,,not applicable,,,The proposed differential q-Lucas jet polynomiality was not retained as a canonical conjecture; only exact square-freeness and fixed-order cyclotomic facts are proved.
q_pochhammer_q_binomial_expansions_report:prop:log-product-recurrence,q_pochhammer_q_binomial_expansions_report,q_pochhammer_q_binomial_expansions_report/q_analog_expansions_report.tex,2445,prop:log-product-recurrence,proposition,Logarithm-to-product recurrence,Coefficient extraction and conversion tables,Coefficient extraction and conversion tables / From a logarithmic expansion to an ordinary expansion,yes,lem:uq-bell-exponentiation,human-proved frontier result,,,Absorbed into the Bell-exponentiation machinery; the displayed coefficient recurrence is the ordinary-coefficient form of differentiating exp L.
